gene_a	chrom_a	gene_b	chrom_b	core_cov	core_ident	aln_ident	jaccard
ADH5	NC_073227.2	LOC101125574	NC_073229.2	1.0	0.962	0.962	0.1993
ADH5	NC_073227.2	LOC129534225	NC_073229.2	1.0	0.962	0.962	0.1818
AK6	NC_073243.2	LOC115934278	NC_073227.2	1.0	0.996	0.996	0.7273
ATP5MF	NC_073230.2	LOC101136485	NC_073228.2	1.0	0.918	0.918	0.0515
ATP5PD	NC_073228.2	LOC101141427	NC_073237.2	1.0	0.896	0.896	0.0691
ATP6V1F	NC_073230.2	LOC109029005	NC_073234.2	1.0	0.947	0.947	0.1705
C17H18orf32	NC_073241.2	LOC115934570	NC_073228.2	1.0	0.993	0.993	0.3919
CCDC196	NC_073239.2	LOC129526440	NC_073238.2	1.0	0.997	0.997	0.895
CNN2	NC_073244.2	LOC129524764	NC_073237.2	1.0	0.994	0.994	0.3851
EEF1A1	NC_073229.2	LOC101136757	NC_073247.2	1.0	0.915	0.915	0.0683
EEF1A1	NC_073229.2	LOC109023808	NC_073243.2	1.0	0.982	0.982	0.4431
ELF2	NC_073227.2	LOC115933780	NC_073235.2	1.0	0.98	0.98	0.2176
GGTLC1	NC_073245.2	LOC101149759	NC_086018.1	1.0	0.967	0.967	0.3806
GNG5	NC_073224.2	LOC115936218	NC_073233.2	1.0	0.932	0.932	0.125
GNG5B	NC_073247.2	LOC115936218	NC_073233.2	1.0	0.918	0.918	0.0885
GPS2	NC_073243.2	LOC101141051	NC_073237.2	1.0	0.935	0.935	0.1611
HMGN1	NC_073246.2	LOC129531710	NC_073236.2	1.0	0.97	0.97	0.1367
HMGN2	NC_073224.2	LOC101130226	NC_073240.2	1.0	0.927	0.927	0.0377
HMGN2	NC_073224.2	LOC101137804	NC_086017.1	1.0	0.958	0.958	0.0661
HSP90AA1	NC_073239.2	LOC115936257	NC_073233.2	1.0	0.968	0.968	0.4245
KMT5A	NC_073234.2	LOC101134637	NC_073224.2	1.0	0.987	0.987	0.2581
LOC101123774	NC_073224.2	LOC101152273	NC_073244.2	1.0	0.937	0.937	0.1318
LOC101123774	NC_073224.2	LOC109026425	NC_086017.1	1.0	0.951	0.951	0.2979
LOC101123774	NC_073224.2	LOC129525277	NC_073233.2	1.0	0.922	0.922	0.0375
LOC101123774	NC_073224.2	RPL23A	NC_073228.2	1.0	0.956	0.956	0.1265
LOC101123911	NC_073224.2	LOC101136257	NC_073229.2	1.0	0.847	0.847	0.0311
LOC101123958	NC_073239.2	LOC101138859	NC_073247.2	1.0	0.964	0.964	0.3096
LOC101123958	NC_073239.2	LOC101145104	NC_073247.2	1.0	0.963	0.963	0.359
LOC101123968	NC_073227.2	LOC129523578	NC_086017.1	1.0	0.974	0.974	0.4778
LOC101123968	NC_073227.2	LOC129532360	NC_086017.1	1.0	0.974	0.974	0.4778
LOC101123968	NC_073227.2	LOC129532377	NC_086017.1	1.0	0.974	0.974	0.4778
LOC101123968	NC_073227.2	LOC129532378	NC_086017.1	1.0	0.974	0.974	0.4778
LOC101123968	NC_073227.2	LOC129532381	NC_086017.1	1.0	0.974	0.974	0.4778
LOC101123968	NC_073227.2	LOC129532382	NC_086017.1	1.0	0.974	0.974	0.4778
LOC101123968	NC_073227.2	LOC129532414	NC_086017.1	1.0	0.974	0.974	0.4778
LOC101123968	NC_073227.2	LOC129532417	NC_086017.1	1.0	0.974	0.974	0.4778
LOC101123968	NC_073227.2	LOC129532419	NC_086017.1	1.0	0.974	0.974	0.4778
LOC101123968	NC_073227.2	LOC129532421	NC_086017.1	1.0	0.974	0.974	0.4778
LOC101123968	NC_073227.2	LOC129532423	NC_086017.1	1.0	0.974	0.974	0.4778
LOC101123968	NC_073227.2	LOC129532425	NC_086017.1	1.0	0.974	0.974	0.4778
LOC101123968	NC_073227.2	LOC134757997	NC_086017.1	1.0	0.974	0.974	0.4778
LOC101123968	NC_073227.2	LOC134757998	NC_086017.1	1.0	0.974	0.974	0.4778
LOC101123968	NC_073227.2	LOC134757999	NC_086017.1	1.0	0.974	0.974	0.4778
LOC101123968	NC_073227.2	LOC134758000	NC_086017.1	1.0	0.974	0.974	0.4778
LOC101123968	NC_073227.2	LOC134758001	NC_086017.1	1.0	0.974	0.974	0.4778
LOC101123968	NC_073227.2	LOC134758002	NC_086017.1	1.0	0.974	0.974	0.4778
LOC101123968	NC_073227.2	LOC134758003	NC_086017.1	1.0	0.974	0.974	0.4778
LOC101124540	NC_073235.2	LOC101136829	NC_073228.2	1.0	0.921	0.921	0.1478
LOC101124540	NC_073235.2	LOC101147142	NC_073247.2	1.0	0.903	0.903	0.1964
LOC101124540	NC_073235.2	RPL31	NC_073236.2	1.0	0.945	0.945	0.0428
LOC101124995	NC_073229.2	LOC101132577	NC_073231.2	1.0	0.99	0.99	0.699
LOC101125084	NC_073244.2	LOC109028868	NC_073233.2	1.0	0.967	0.967	0.3875
LOC101125304	NC_073242.2	LOC109024112	NC_073224.2	1.0	0.939	0.939	0.155
LOC101125671	NC_073242.2	LOC134758274	NC_073227.2	1.0	1.0	1.0	0.5495
LOC101125723	NC_086018.1	LOC109024803	NC_073235.2	1.0	0.895	0.895	0.0619
LOC101125723	NC_086018.1	LOC129526554	NC_073239.2	1.0	0.978	0.978	0.2427
LOC101126027	NC_073240.2	LOC109028868	NC_073233.2	1.0	0.912	0.912	0.1087
LOC101126219	NC_073224.2	PTP4A1	NC_073229.2	1.0	0.932	0.932	0.0408
LOC101126499	NC_073239.2	LOC115930419	NC_073238.2	1.0	0.982	0.982	0.231
LOC101126499	NC_073239.2	RPL26	NC_073243.2	1.0	0.978	0.978	0.4148
LOC101126607	NC_073239.2	LOC101137804	NC_086017.1	1.0	0.926	0.926	0.1707
LOC101126684	NC_073232.2	LOC101141290	NC_073229.2	1.0	0.966	0.966	0.2778
LOC101126684	NC_073232.2	LOC101152491	NC_086017.1	1.0	0.951	0.951	0.2075
LOC101126684	NC_073232.2	LOC129534659	NC_073224.2	1.0	0.94	0.94	0.1627
LOC101126783	NC_073231.2	LOC129533223	NC_073227.2	1.0	0.979	0.979	0.3244
LOC101126792	NC_073240.2	LOC129526469	NC_073236.2	1.0	0.999	0.999	0.971
LOC101126792	NC_073240.2	LOC129526569	NC_073239.2	1.0	0.978	0.978	0.5255
LOC101126792	NC_073240.2	LOC129527191	NC_073238.2	1.0	0.992	0.992	0.7992
LOC101126792	NC_073240.2	LOC129529652	NC_086018.1	1.0	0.98	0.98	0.5449
LOC101127181	NC_073224.2	LOC101151349	NC_073247.2	1.0	0.963	0.963	0.3357
LOC101127528	NC_073231.2	LOC101150857	NC_073247.2	1.0	0.959	0.959	0.3008
LOC101127689	NC_086017.1	LOC101148869	NC_073240.2	1.0	0.951	0.951	0.084
LOC101127721	NC_073242.2	MT1HL1	NC_073224.2	1.0	0.943	0.943	0.2381
LOC101127811	NC_073235.2	LOC101140340	NC_086017.1	1.0	0.89	0.89	0.0693
LOC101127811	NC_073235.2	LOC101154368	NC_073224.2	1.0	0.893	0.893	0.0914
LOC101127811	NC_073235.2	PPIA	NC_073230.2	1.0	0.935	0.935	0.1307
LOC101128508	NC_086017.1	LOC134758245	NC_073227.2	1.0	0.938	0.938	0.0818
LOC101128980	NC_073233.2	LOC101152182	NC_073231.2	1.0	0.9	0.9	0.065
LOC101128987	NC_073224.2	PRELID1	NC_073228.2	1.0	0.97	0.97	0.3734
LOC101129892	NC_073244.2	LOC101133796	NC_073231.2	1.0	0.984	0.984	0.6353
LOC101129892	NC_073244.2	LOC101143299	NC_073234.2	1.0	0.982	0.982	0.5521
LOC101129892	NC_073244.2	LOC101144988	NC_073247.2	1.0	0.968	0.968	0.0626
LOC101129892	NC_073244.2	LOC101145780	NC_073240.2	1.0	0.966	0.966	0.3832
LOC101129892	NC_073244.2	LOC109023669	NC_073242.2	1.0	0.966	0.966	0.3238
LOC101129892	NC_073244.2	LOC134756773	NC_073236.2	1.0	0.9	0.9	0.0792
LOC101129892	NC_073244.2	RPS26	NC_073234.2	1.0	0.984	0.984	0.3521
LOC101130226	NC_073240.2	LOC101141058	NC_073233.2	1.0	0.894	0.894	0.075
LOC101130226	NC_073240.2	LOC101153591	NC_073228.2	1.0	0.906	0.906	0.1261
LOC101130286	NC_073237.2	LOC109023669	NC_073242.2	1.0	0.937	0.937	0.25
LOC101130686	NC_073224.2	LOC101142220	NC_073238.2	1.0	0.969	0.969	0.3913
LOC101130686	NC_073224.2	LOC101148649	NC_073240.2	1.0	0.934	0.934	0.1643
LOC101130686	NC_073224.2	LOC115930187	NC_073234.2	1.0	0.962	0.962	0.3011
LOC101130686	NC_073224.2	LOC129528351	NC_073241.2	1.0	0.967	0.967	0.3629
LOC101130686	NC_073224.2	RPSA	NC_086017.1	1.0	0.97	0.97	0.3852
LOC101130785	NC_073231.2	LOC115934340	NC_073227.2	1.0	0.959	0.959	0.296
LOC101131169	NC_073224.2	LOC134759022	NC_073231.2	1.0	0.879	0.879	0.0645
LOC101131398	NC_073233.2	SSU72L6	NC_073230.2	1.0	0.959	0.959	0.1927
LOC101131725	NC_073237.2	LOC115931637	NC_073244.2	1.0	0.935	0.935	0.307
LOC101132402	NC_073228.2	LOC115935322	NC_073230.2	1.0	0.917	0.917	0.0901
LOC101132438	NC_086018.1	LOC109024713	NC_073247.2	1.0	0.895	0.895	0.0708
LOC101132815	NC_073238.2	LOC134758882	NC_073230.2	1.0	0.994	0.994	0.6362
LOC101133796	NC_073231.2	LOC101141346	NC_073235.2	1.0	0.97	0.97	0.4222
LOC101133796	NC_073231.2	LOC101144988	NC_073247.2	1.0	0.968	0.968	0.0763
LOC101133796	NC_073231.2	LOC134756773	NC_073236.2	1.0	0.9	0.9	0.0741
LOC101135431	NC_073230.2	LOC115932158	NC_073247.2	1.0	0.959	0.959	0.037
LOC101135885	NC_073243.2	LOC101142361	NC_086017.1	1.0	0.919	0.919	0.1316
LOC101135885	NC_073243.2	RPL29	NC_086017.1	1.0	0.948	0.948	0.1441
LOC101136534	NC_073247.2	MRPS17	NC_073230.2	1.0	0.932	0.932	0.0414
LOC101136583	NC_073240.2	LOC129526434	NC_073238.2	1.0	0.993	0.993	0.7948
LOC101136593	NC_086017.1	PSAT1	NC_073237.2	1.0	0.95	0.95	0.0844
LOC101136757	NC_073247.2	LOC101142679	NC_073241.2	1.0	0.913	0.913	0.0841
LOC101136757	NC_073247.2	LOC109023808	NC_073243.2	1.0	0.912	0.912	0.0731
LOC101136757	NC_073247.2	LOC109028379	NC_073224.2	1.0	0.904	0.904	0.0719
LOC101136829	NC_073228.2	LOC101147142	NC_073247.2	1.0	0.899	0.899	0.1597
LOC101137471	NC_073230.2	LOC109028868	NC_073233.2	1.0	0.958	0.958	0.2874
LOC101137478	NC_086018.1	RPS2	NC_073242.2	1.0	0.985	0.985	0.4872
LOC101137537	NC_086017.1	LOC101141290	NC_073229.2	1.0	0.969	0.969	0.3739
LOC101137537	NC_086017.1	LOC129530113	NC_073247.2	1.0	0.969	0.969	0.371
LOC101137537	NC_086017.1	LOC129534659	NC_073224.2	1.0	0.951	0.951	0.2101
LOC101137804	NC_086017.1	LOC101140615	NC_073240.2	1.0	0.85	0.85	0.1
LOC101137804	NC_086017.1	LOC101141058	NC_073233.2	1.0	0.933	0.933	0.1856
LOC101137804	NC_086017.1	LOC101148869	NC_073240.2	1.0	0.951	0.951	0.0871
LOC101137804	NC_086017.1	LOC101153591	NC_073228.2	1.0	0.919	0.919	0.0714
LOC101137804	NC_086017.1	LOC129532770	NC_073224.2	1.0	0.919	0.919	0.0376
LOC101138028	NC_073236.2	UBTFL1	NC_073233.2	1.0	0.944	0.944	0.2211
LOC101138765	NC_073234.2	LOC101139383	NC_073238.2	1.0	0.962	0.962	0.3509
LOC101138765	NC_073234.2	RPL13A	NC_073244.2	1.0	0.971	0.971	0.1796
LOC101138859	NC_073247.2	RPSA	NC_086017.1	1.0	0.978	0.978	0.4498
LOC101139472	NC_073224.2	LOC101144070	NC_073240.2	1.0	0.929	0.929	0.1187
LOC101140002	NC_073240.2	LOC129531710	NC_073236.2	1.0	0.961	0.961	0.2655
LOC101140340	NC_086017.1	LOC101154144	NC_073235.2	1.0	0.896	0.896	0.1139
LOC101140345	NC_086017.1	LOC101148869	NC_073240.2	1.0	0.978	0.978	0.1224
LOC101140345	NC_086017.1	LOC109023133	NC_073239.2	1.0	0.96	0.96	0.2061
LOC101140345	NC_086017.1	LOC115934990	NC_073229.2	1.0	0.946	0.946	0.2874
LOC101141038	NC_073230.2	LOC101151223	NC_073231.2	1.0	0.907	0.907	0.0974
LOC101141290	NC_073229.2	LOC115933486	NC_073233.2	1.0	0.957	0.957	0.2444
LOC101141290	NC_073229.2	RPL21	NC_073238.2	1.0	0.973	0.973	0.3
LOC101141346	NC_073235.2	LOC101143299	NC_073234.2	1.0	0.958	0.958	0.3269
LOC101141346	NC_073235.2	LOC101144988	NC_073247.2	1.0	0.948	0.948	0.0422
LOC101141346	NC_073235.2	LOC101145780	NC_073240.2	1.0	0.948	0.948	0.3048
LOC101141346	NC_073235.2	LOC101152650	NC_073230.2	1.0	0.958	0.958	0.2621
LOC101141346	NC_073235.2	LOC134756773	NC_073236.2	1.0	0.91	0.91	0.1011
LOC101141346	NC_073235.2	RPS26	NC_073234.2	1.0	0.961	0.961	0.2313
LOC101142199	NC_073236.2	RPS12	NC_073229.2	1.0	0.955	0.955	0.1986
LOC101142361	NC_086017.1	LOC109023896	NC_073243.2	1.0	0.923	0.923	0.1337
LOC101142515	NC_073235.2	LOC129525442	NC_073241.2	1.0	0.998	0.998	0.9059
LOC101142515	NC_073235.2	LOC129527457	NC_073242.2	1.0	0.998	0.998	0.9059
LOC101142515	NC_073235.2	LOC129528989	NC_073245.2	1.0	0.994	0.994	0.7978
LOC101142515	NC_073235.2	LOC129529378	NC_073233.2	1.0	0.996	0.996	0.8276
LOC101142515	NC_073235.2	LOC129529932	NC_073247.2	1.0	0.998	0.998	0.9634
LOC101142515	NC_073235.2	LOC129532991	NC_073227.2	1.0	1.0	1.0	1.0
LOC101142515	NC_073235.2	LOC129533139	NC_073236.2	1.0	0.998	0.998	0.9059
LOC101142515	NC_073235.2	LOC134757770	NC_073245.2	1.0	0.994	0.994	0.7978
LOC101142515	NC_073235.2	LOC134758469	NC_073228.2	1.0	0.994	0.994	0.7978
LOC101142515	NC_073235.2	LOC134758556	NC_073224.2	1.0	0.998	0.998	0.9059
LOC101142515	NC_073235.2	LOC134759048	NC_073231.2	1.0	0.998	0.998	0.9634
LOC101142679	NC_073241.2	LOC109023808	NC_073243.2	1.0	0.98	0.98	0.5392
LOC101142904	NC_073246.2	LOC129529434	NC_086018.1	1.0	0.987	0.987	0.3251
LOC101142993	NC_073229.2	LOC101146216	NC_073224.2	1.0	0.958	0.958	0.166
LOC101143299	NC_073234.2	LOC109023669	NC_073242.2	1.0	0.963	0.963	0.3929
LOC101144070	NC_073240.2	RPS13	NC_073233.2	1.0	0.927	0.927	0.1011
LOC101144146	NC_073224.2	TPI1	NC_073234.2	1.0	0.987	0.987	0.6835
LOC101144253	NC_073236.2	LOC129523482	NC_073237.2	1.0	0.981	0.981	0.5752
LOC101144515	NC_073233.2	PPIAL4H	NC_073224.2	1.0	0.904	0.904	0.1124
LOC101144966	NC_073245.2	LOC101148834	NC_073224.2	1.0	0.986	0.986	0.5821
LOC101144966	NC_073245.2	LOC134758341	NC_073227.2	1.0	0.985	0.985	0.558
LOC101144966	NC_073245.2	LOC134759211	NC_073232.2	1.0	0.985	0.985	0.0428
LOC101144966	NC_073245.2	RPL12	NC_073237.2	1.0	0.985	0.985	0.554
LOC101144988	NC_073247.2	LOC109023669	NC_073242.2	1.0	0.956	0.956	0.0726
LOC101145780	NC_073240.2	LOC109023669	NC_073242.2	1.0	0.951	0.951	0.3596
LOC101146120	NC_073236.2	LOC129534058	NC_073229.2	1.0	0.957	0.957	0.3108
LOC101146120	NC_073236.2	RPS2	NC_073242.2	1.0	0.961	0.961	0.2242
LOC101146216	NC_073224.2	LOC109025589	NC_073236.2	1.0	0.953	0.953	0.2512
LOC101146216	NC_073224.2	LOC109028392	NC_073237.2	1.0	0.954	0.954	0.1794
LOC101146216	NC_073224.2	LOC115931078	NC_073242.2	1.0	0.945	0.945	0.1928
LOC101146216	NC_073224.2	LOC115931082	NC_073242.2	1.0	0.947	0.947	0.1968
LOC101146216	NC_073224.2	LOC115931087	NC_073242.2	1.0	0.947	0.947	0.1972
LOC101146216	NC_073224.2	LOC115935839	NC_073237.2	1.0	0.958	0.958	0.2268
LOC101146216	NC_073224.2	NPAP1L	NC_073242.2	1.0	0.949	0.949	0.204
LOC101146625	NC_073228.2	NDUFS5	NC_073224.2	1.0	0.945	0.945	0.1273
LOC101146806	NC_073236.2	LOC109024622	NC_073247.2	1.0	0.943	0.943	0.1768
LOC101147142	NC_073247.2	RPL31	NC_073236.2	1.0	0.915	0.915	0.0348
LOC101147225	NC_073237.2	LOC115931637	NC_073244.2	1.0	0.973	0.973	0.4196
LOC101147225	NC_073237.2	LOC129530591	NC_073241.2	1.0	1.0	1.0	1.0
LOC101147225	NC_073237.2	LOC134757034	NC_073238.2	1.0	0.998	0.998	0.9467
LOC101147790	NC_073234.2	SUCLG2	NC_086017.1	1.0	0.967	0.967	0.2827
LOC101147843	NC_073230.2	PFDN4	NC_073245.2	1.0	0.92	0.92	0.067
LOC101148649	NC_073240.2	RPSA	NC_086017.1	1.0	0.936	0.936	0.1561
LOC101148834	NC_073224.2	LOC109024418	NC_073245.2	1.0	0.974	0.974	0.0599
LOC101148834	NC_073224.2	LOC115936029	NC_073232.2	1.0	0.968	0.968	0.4189
LOC101148834	NC_073224.2	LOC134758341	NC_073227.2	1.0	0.998	0.998	0.9052
LOC101148834	NC_073224.2	LOC134759211	NC_073232.2	1.0	0.998	0.998	0.0609
LOC101148834	NC_073224.2	RPL12	NC_073237.2	1.0	0.998	0.998	0.8974
LOC101149594	NC_073227.2	MANBAL	NC_073245.2	1.0	0.958	0.958	0.0714
LOC101150350	NC_073229.2	RPL3	NC_086018.1	1.0	0.963	0.963	0.2626
LOC101151223	NC_073231.2	RPL32	NC_086017.1	1.0	0.909	0.909	0.0828
LOC101151284	NC_073235.2	POLR3K	NC_073242.2	1.0	0.999	0.999	0.92
LOC101152462	NC_073233.2	LOC109025909	NC_073224.2	1.0	0.89	0.89	0.0561
LOC101152462	NC_073233.2	LOC115932158	NC_073247.2	1.0	0.877	0.877	0.05
LOC101152491	NC_086017.1	LOC115933486	NC_073233.2	1.0	0.953	0.953	0.2394
LOC101152491	NC_086017.1	LOC129534659	NC_073224.2	1.0	0.944	0.944	0.2385
LOC101152491	NC_086017.1	RPL21	NC_073238.2	1.0	0.967	0.967	0.2781
LOC101152940	NC_073224.2	LOC109025864	NC_073235.2	1.0	0.901	0.901	0.046
LOC101153289	NC_073232.2	LOC101154144	NC_073235.2	1.0	0.904	0.904	0.0516
LOC101153430	NC_073228.2	LOC129523454	NC_073224.2	1.0	0.982	0.982	0.6259
LOC101153492	NC_073229.2	LOC109026392	NC_086017.1	1.0	0.904	0.904	0.1181
LOC101153761	NC_073232.2	TMEM14B	NC_073229.2	1.0	0.975	0.975	0.4833
LOC101153956	NC_073244.2	YME1L1	NC_073232.2	1.0	0.926	0.926	0.0371
LOC101154144	NC_073235.2	LOC101154368	NC_073224.2	1.0	0.89	0.89	0.0769
LOC101154501	NC_073224.2	LOC129531710	NC_073236.2	1.0	0.97	0.97	0.1554
LOC109023480	NC_073240.2	RPL11	NC_073224.2	1.0	0.998	0.998	0.6335
LOC109023669	NC_073242.2	LOC134756773	NC_073236.2	1.0	0.887	0.887	0.0841
LOC109023669	NC_073242.2	RPS26	NC_073234.2	1.0	0.965	0.965	0.3092
LOC109024622	NC_073247.2	LOC109026990	NC_073228.2	1.0	0.934	0.934	0.1405
LOC109024622	NC_073247.2	RPL18A	NC_073244.2	1.0	0.934	0.934	0.135
LOC109024803	NC_073235.2	LOC129526400	NC_073238.2	1.0	0.907	0.907	0.0757
LOC109024803	NC_073235.2	LOC129526551	NC_073239.2	1.0	0.892	0.892	0.0623
LOC109024803	NC_073235.2	LOC129526554	NC_073239.2	1.0	0.896	0.896	0.0847
LOC109024803	NC_073235.2	LOC134757039	NC_073238.2	1.0	0.907	0.907	0.0884
LOC109025131	NC_073230.2	LOC129530307	NC_073248.2	1.0	0.959	0.959	0.1199
LOC109025290	NC_073228.2	LOC109029139	NC_073224.2	1.0	0.933	0.933	0.2388
LOC109025290	NC_073228.2	LOC129532266	NC_086017.1	1.0	0.942	0.942	0.0976
LOC109025290	NC_073228.2	RPL39	NC_073247.2	1.0	0.952	0.952	0.2245
LOC109025290	NC_073228.2	RPL39L	NC_086017.1	1.0	0.918	0.918	0.0855
LOC109025909	NC_073224.2	LOC115932158	NC_073247.2	1.0	0.909	0.909	0.1062
LOC109026990	NC_073228.2	RPL18A	NC_073244.2	1.0	0.987	0.987	0.6642
LOC109027182	NC_073229.2	PRAC2	NC_073228.2	1.0	0.94	0.94	0.164
LOC109027288	NC_073229.2	OSTC	NC_073227.2	1.0	0.941	0.941	0.1411
LOC109027862	NC_073230.2	LOC115936218	NC_073233.2	1.0	0.932	0.932	0.1171
LOC109028351	NC_073237.2	LOC115932907	NC_073236.2	1.0	0.985	0.985	0.1086
LOC109028351	NC_073237.2	LOC115932939	NC_073236.2	1.0	0.976	0.976	0.4528
LOC109028351	NC_073237.2	LOC129526375	NC_073236.2	1.0	0.982	0.982	0.45
LOC109028351	NC_073237.2	LOC129526401	NC_073238.2	1.0	0.987	0.987	0.5075
LOC109028351	NC_073237.2	LOC129526552	NC_073239.2	1.0	0.973	0.973	0.3455
LOC109028351	NC_073237.2	LOC129527275	NC_073240.2	1.0	0.987	0.987	0.1977
LOC109028351	NC_073237.2	LOC129529639	NC_086018.1	1.0	0.957	0.957	0.246
LOC109028351	NC_073237.2	LOC129531947	NC_073235.2	1.0	0.967	0.967	0.1264
LOC109028351	NC_073237.2	LOC134757038	NC_073238.2	1.0	0.987	0.987	0.5659
LOC109028725	NC_086017.1	LOC134757181	NC_073239.2	1.0	0.935	0.935	0.1599
LOC109028868	NC_073233.2	LOC115930093	NC_073227.2	1.0	0.958	0.958	0.1905
LOC109028905	NC_073236.2	LOC115933037	NC_073238.2	1.0	0.977	0.977	0.5055
LOC109029045	NC_073234.2	NOP10	NC_073240.2	1.0	0.949	0.949	0.1217
LOC109029139	NC_073224.2	LOC129532266	NC_086017.1	1.0	0.91	0.91	0.084
LOC109029139	NC_073224.2	RPL39	NC_073247.2	1.0	0.961	0.961	0.233
LOC115930119	NC_073229.2	LOC115933194	NC_086017.1	1.0	0.997	0.997	0.5147
LOC115930119	NC_073229.2	LOC129525174	NC_073232.2	1.0	0.991	0.991	0.6553
LOC115930119	NC_073229.2	LOC129526565	NC_073241.2	1.0	0.989	0.989	0.4594
LOC115930119	NC_073229.2	LOC134756358	NC_073242.2	1.0	0.99	0.99	0.1445
LOC115930162	NC_073230.2	LOC115935863	NC_073237.2	1.0	0.938	0.938	0.1522
LOC115930187	NC_073234.2	RPSA	NC_086017.1	1.0	0.982	0.982	0.5897
LOC115931421	NC_073241.2	LOC129530133	NC_073247.2	1.0	0.995	0.995	0.6255
LOC115931637	NC_073244.2	LOC129530591	NC_073241.2	1.0	0.973	0.973	0.4196
LOC115931637	NC_073244.2	LOC134757034	NC_073238.2	1.0	0.975	0.975	0.4455
LOC115932622	NC_073233.2	SSU72L6	NC_073230.2	1.0	0.962	0.962	0.2313
LOC115932623	NC_073233.2	SSU72L6	NC_073230.2	1.0	0.968	0.968	0.2466
LOC115932812	NC_073236.2	LOC115933037	NC_073238.2	1.0	0.977	0.977	0.4821
LOC115932819	NC_073236.2	LOC115933013	NC_073238.2	1.0	0.992	0.992	0.7322
LOC115932837	NC_073246.2	LOC129530558	NC_086018.1	1.0	1.0	1.0	1.0
LOC115932853	NC_073227.2	LOC129523578	NC_086017.1	1.0	0.976	0.976	0.4711
LOC115932853	NC_073227.2	LOC129532360	NC_086017.1	1.0	0.976	0.976	0.4711
LOC115932853	NC_073227.2	LOC129532377	NC_086017.1	1.0	0.976	0.976	0.4711
LOC115932853	NC_073227.2	LOC129532378	NC_086017.1	1.0	0.976	0.976	0.4711
LOC115932853	NC_073227.2	LOC129532381	NC_086017.1	1.0	0.976	0.976	0.4711
LOC115932853	NC_073227.2	LOC129532382	NC_086017.1	1.0	0.976	0.976	0.4711
LOC115932853	NC_073227.2	LOC129532414	NC_086017.1	1.0	0.976	0.976	0.4711
LOC115932853	NC_073227.2	LOC129532417	NC_086017.1	1.0	0.976	0.976	0.4711
LOC115932853	NC_073227.2	LOC129532419	NC_086017.1	1.0	0.976	0.976	0.4711
LOC115932853	NC_073227.2	LOC129532421	NC_086017.1	1.0	0.976	0.976	0.4711
LOC115932853	NC_073227.2	LOC129532423	NC_086017.1	1.0	0.976	0.976	0.4711
LOC115932853	NC_073227.2	LOC129532425	NC_086017.1	1.0	0.976	0.976	0.4711
LOC115932853	NC_073227.2	LOC134757997	NC_086017.1	1.0	0.976	0.976	0.4711
LOC115932853	NC_073227.2	LOC134757998	NC_086017.1	1.0	0.976	0.976	0.4711
LOC115932853	NC_073227.2	LOC134757999	NC_086017.1	1.0	0.976	0.976	0.4711
LOC115932853	NC_073227.2	LOC134758000	NC_086017.1	1.0	0.976	0.976	0.4711
LOC115932853	NC_073227.2	LOC134758001	NC_086017.1	1.0	0.976	0.976	0.4711
LOC115932853	NC_073227.2	LOC134758002	NC_086017.1	1.0	0.976	0.976	0.4711
LOC115932853	NC_073227.2	LOC134758003	NC_086017.1	1.0	0.976	0.976	0.4711
LOC115932855	NC_073227.2	LOC129523578	NC_086017.1	1.0	0.976	0.976	0.4711
LOC115932855	NC_073227.2	LOC129532360	NC_086017.1	1.0	0.976	0.976	0.4711
LOC115932855	NC_073227.2	LOC129532377	NC_086017.1	1.0	0.976	0.976	0.4711
LOC115932855	NC_073227.2	LOC129532378	NC_086017.1	1.0	0.976	0.976	0.4711
LOC115932855	NC_073227.2	LOC129532381	NC_086017.1	1.0	0.976	0.976	0.4711
LOC115932855	NC_073227.2	LOC129532382	NC_086017.1	1.0	0.976	0.976	0.4711
LOC115932855	NC_073227.2	LOC129532414	NC_086017.1	1.0	0.976	0.976	0.4711
LOC115932855	NC_073227.2	LOC129532417	NC_086017.1	1.0	0.976	0.976	0.4711
LOC115932855	NC_073227.2	LOC129532419	NC_086017.1	1.0	0.976	0.976	0.4711
LOC115932855	NC_073227.2	LOC129532421	NC_086017.1	1.0	0.976	0.976	0.4711
LOC115932855	NC_073227.2	LOC129532423	NC_086017.1	1.0	0.976	0.976	0.4711
LOC115932855	NC_073227.2	LOC129532425	NC_086017.1	1.0	0.976	0.976	0.4711
LOC115932855	NC_073227.2	LOC134757997	NC_086017.1	1.0	0.976	0.976	0.4711
LOC115932855	NC_073227.2	LOC134757998	NC_086017.1	1.0	0.976	0.976	0.4711
LOC115932855	NC_073227.2	LOC134757999	NC_086017.1	1.0	0.976	0.976	0.4711
LOC115932855	NC_073227.2	LOC134758000	NC_086017.1	1.0	0.976	0.976	0.4711
LOC115932855	NC_073227.2	LOC134758001	NC_086017.1	1.0	0.976	0.976	0.4711
LOC115932855	NC_073227.2	LOC134758002	NC_086017.1	1.0	0.976	0.976	0.4711
LOC115932855	NC_073227.2	LOC134758003	NC_086017.1	1.0	0.976	0.976	0.4711
LOC115932907	NC_073236.2	LOC129526401	NC_073238.2	1.0	0.992	0.992	0.1653
LOC115932907	NC_073236.2	LOC129526976	NC_073240.2	1.0	0.984	0.984	0.1354
LOC115932907	NC_073236.2	LOC129529548	NC_086018.1	1.0	0.986	0.986	0.1195
LOC115932907	NC_073236.2	LOC129529639	NC_086018.1	1.0	0.97	0.97	0.0655
LOC115932907	NC_073236.2	LOC134757038	NC_073238.2	1.0	0.989	0.989	0.1615
LOC115932939	NC_073236.2	LOC129526401	NC_073238.2	1.0	0.981	0.981	0.3893
LOC115932939	NC_073236.2	LOC129526552	NC_073239.2	1.0	0.979	0.979	0.5802
LOC115932939	NC_073236.2	LOC129526976	NC_073240.2	1.0	0.978	0.978	0.4435
LOC115932939	NC_073236.2	LOC129529639	NC_086018.1	1.0	0.97	0.97	0.398
LOC115932939	NC_073236.2	LOC129531947	NC_073235.2	1.0	0.976	0.976	0.1192
LOC115932939	NC_073236.2	LOC134757038	NC_073238.2	1.0	0.986	0.986	0.4331
LOC115932954	NC_073238.2	LOC134756368	NC_073236.2	1.0	0.998	0.998	0.9295
LOC115933037	NC_073238.2	LOC129531439	NC_073240.2	1.0	0.977	0.977	0.4856
LOC115933182	NC_073230.2	LOC129525684	NC_073234.2	1.0	0.993	0.993	0.6778
LOC115933182	NC_073230.2	LOC129526565	NC_073241.2	1.0	0.988	0.988	0.3455
LOC115933182	NC_073230.2	LOC134756358	NC_073242.2	1.0	0.991	0.991	0.1945
LOC115933194	NC_086017.1	LOC134756358	NC_073242.2	1.0	0.987	0.987	0.0802
LOC115933202	NC_073236.2	LOC129530721	NC_073240.2	1.0	0.997	0.997	0.9164
LOC115933227	NC_073227.2	LOC129526565	NC_073241.2	1.0	0.985	0.985	0.1805
LOC115933342	NC_073236.2	UBTFL1	NC_073233.2	1.0	0.948	0.948	0.2605
LOC115933428	NC_073240.2	LOC129526136	NC_073238.2	1.0	1.0	1.0	1.0
LOC115933428	NC_073240.2	LOC129526436	NC_073238.2	1.0	0.994	0.994	0.7143
LOC115933428	NC_073240.2	LOC129527250	NC_073238.2	1.0	0.994	0.994	0.7143
LOC115933486	NC_073233.2	LOC129534659	NC_073224.2	1.0	0.944	0.944	0.1645
LOC115933540	NC_073236.2	UBTFL1	NC_073233.2	1.0	0.945	0.945	0.2515
LOC115934340	NC_073227.2	LOC129524355	NC_073231.2	1.0	0.962	0.962	0.2375
LOC115934340	NC_073227.2	LOC129524356	NC_073231.2	1.0	0.962	0.962	0.242
LOC115934340	NC_073227.2	LOC129524357	NC_073231.2	1.0	0.961	0.961	0.2016
LOC115934340	NC_073227.2	LOC129524358	NC_073231.2	1.0	0.96	0.96	0.2242
LOC115934340	NC_073227.2	LOC129524359	NC_073231.2	1.0	0.961	0.961	0.2282
LOC115934340	NC_073227.2	LOC129524360	NC_073231.2	1.0	0.959	0.959	0.2273
LOC115934340	NC_073227.2	LOC129524361	NC_073231.2	1.0	0.96	0.96	0.2222
LOC115934340	NC_073227.2	LOC129524362	NC_073231.2	1.0	0.959	0.959	0.2202
LOC115934340	NC_073227.2	LOC129524363	NC_073231.2	1.0	0.958	0.958	0.2165
LOC115934340	NC_073227.2	LOC129524364	NC_073231.2	1.0	0.96	0.96	0.2222
LOC115934340	NC_073227.2	LOC129524365	NC_073231.2	1.0	0.959	0.959	0.2178
LOC115934340	NC_073227.2	LOC129524366	NC_073231.2	1.0	0.958	0.958	0.2154
LOC115934340	NC_073227.2	LOC129524367	NC_073231.2	1.0	0.958	0.958	0.2146
LOC115934340	NC_073227.2	LOC129524368	NC_073231.2	1.0	0.958	0.958	0.2146
LOC115934340	NC_073227.2	LOC129524369	NC_073231.2	1.0	0.96	0.96	0.2202
LOC115934340	NC_073227.2	LOC129524370	NC_073231.2	1.0	0.96	0.96	0.2242
LOC115934340	NC_073227.2	LOC129524371	NC_073231.2	1.0	0.961	0.961	0.2329
LOC115934340	NC_073227.2	LOC129524372	NC_073231.2	1.0	0.959	0.959	0.215
LOC115934340	NC_073227.2	LOC129524373	NC_073231.2	1.0	0.962	0.962	0.2326
LOC115934340	NC_073227.2	LOC129524376	NC_073231.2	1.0	0.96	0.96	0.2222
LOC115934340	NC_073227.2	LOC134758998	NC_073231.2	1.0	0.961	0.961	0.239
LOC115934340	NC_073227.2	LOC134758999	NC_073231.2	1.0	0.961	0.961	0.2346
LOC115934340	NC_073227.2	LOC134759000	NC_073231.2	1.0	0.96	0.96	0.239
LOC115934340	NC_073227.2	LOC134759001	NC_073231.2	1.0	0.962	0.962	0.2078
LOC115934340	NC_073227.2	LOC134759002	NC_073231.2	1.0	0.96	0.96	0.2265
LOC115934340	NC_073227.2	LOC134759003	NC_073231.2	1.0	0.961	0.961	0.23
LOC115934340	NC_073227.2	LOC134759004	NC_073231.2	1.0	0.959	0.959	0.2178
LOC115934340	NC_073227.2	LOC134759005	NC_073231.2	1.0	0.959	0.959	0.2178
LOC115934340	NC_073227.2	LOC134759006	NC_073231.2	1.0	0.961	0.961	0.2435
LOC115934340	NC_073227.2	LOC134759007	NC_073231.2	1.0	0.963	0.963	0.2399
LOC115935322	NC_073230.2	LOC129528333	NC_073224.2	1.0	0.982	0.982	0.2784
LOC115935322	NC_073230.2	SUMO2	NC_073228.2	1.0	0.984	0.984	0.2593
LOC115935863	NC_073237.2	PRSS2	NC_073230.2	1.0	0.934	0.934	0.1262
LOC115936029	NC_073232.2	LOC134758341	NC_073227.2	1.0	0.966	0.966	0.4106
LOC115936299	NC_073227.2	LOC129523685	NC_073230.2	1.0	0.962	0.962	0.037
LOC129523471	NC_073237.2	LOC129530594	NC_073238.2	1.0	0.996	0.996	0.8435
LOC129523471	NC_073237.2	LOC134757411	NC_073241.2	1.0	0.998	0.998	0.925
LOC129523553	NC_073227.2	LOC129530307	NC_073248.2	1.0	0.963	0.963	0.0416
LOC129523578	NC_086017.1	LOC129532416	NC_073227.2	1.0	0.976	0.976	0.4711
LOC129523578	NC_086017.1	LOC129532809	NC_073227.2	1.0	0.976	0.976	0.4711
LOC129523578	NC_086017.1	LOC129532810	NC_073227.2	1.0	0.976	0.976	0.4711
LOC129523578	NC_086017.1	LOC129532811	NC_073227.2	1.0	0.976	0.976	0.4711
LOC129523578	NC_086017.1	LOC129532813	NC_073227.2	1.0	0.976	0.976	0.4711
LOC129523578	NC_086017.1	LOC129532815	NC_073227.2	1.0	0.976	0.976	0.4711
LOC129523578	NC_086017.1	LOC129532817	NC_073227.2	1.0	0.976	0.976	0.4711
LOC129523578	NC_086017.1	LOC129532818	NC_073227.2	1.0	0.976	0.976	0.4711
LOC129523578	NC_086017.1	LOC129532820	NC_073227.2	1.0	0.975	0.975	0.4841
LOC129523578	NC_086017.1	LOC129532826	NC_073227.2	1.0	0.976	0.976	0.4294
LOC129523578	NC_086017.1	LOC129532828	NC_073227.2	1.0	0.976	0.976	0.4711
LOC129523578	NC_086017.1	LOC129532829	NC_073227.2	1.0	0.973	0.973	0.4656
LOC129523578	NC_086017.1	LOC129532831	NC_073227.2	1.0	0.972	0.972	0.4431
LOC129523578	NC_086017.1	LOC134758245	NC_073227.2	1.0	0.941	0.941	0.0731
LOC129523578	NC_086017.1	LOC134758385	NC_073227.2	1.0	0.976	0.976	0.4711
LOC129523739	NC_073230.2	LOC129523993	NC_073224.2	1.0	0.993	0.993	0.7363
LOC129523739	NC_073230.2	LOC129525576	NC_073233.2	1.0	0.989	0.989	0.5053
LOC129523739	NC_073230.2	LOC129526566	NC_073239.2	1.0	0.99	0.99	0.6559
LOC129523739	NC_073230.2	LOC129528382	NC_073241.2	1.0	0.993	0.993	0.7363
LOC129523739	NC_073230.2	LOC129532626	NC_086017.1	1.0	0.996	0.996	0.85
LOC129523739	NC_073230.2	LOC134756370	NC_086017.1	1.0	0.995	0.995	0.7829
LOC129523819	NC_073230.2	LOC129525554	NC_073233.2	1.0	0.996	0.996	0.6689
LOC129523819	NC_073230.2	LOC129526565	NC_073241.2	1.0	0.986	0.986	0.5048
LOC129523819	NC_073230.2	LOC134756358	NC_073242.2	1.0	0.992	0.992	0.126
LOC129523855	NC_073230.2	LOC129530307	NC_073248.2	1.0	0.957	0.957	0.0635
LOC129523959	NC_073224.2	LOC129524833	NC_073239.2	1.0	0.995	0.995	0.8437
LOC129523993	NC_073224.2	LOC129525576	NC_073233.2	1.0	0.995	0.995	0.5602
LOC129523993	NC_073224.2	LOC129526566	NC_073239.2	1.0	0.995	0.995	0.6736
LOC129523993	NC_073224.2	LOC129528382	NC_073241.2	1.0	1.0	1.0	1.0
LOC129523993	NC_073224.2	LOC129532626	NC_086017.1	1.0	0.998	0.998	0.861
LOC129523993	NC_073224.2	LOC129534555	NC_073229.2	1.0	0.999	0.999	0.8595
LOC129523993	NC_073224.2	LOC134756370	NC_086017.1	1.0	0.99	0.99	0.6029
LOC129524028	NC_073231.2	LOC129530133	NC_073247.2	1.0	0.994	0.994	0.4971
LOC129524028	NC_073231.2	LOC129532895	NC_073227.2	1.0	0.997	0.997	0.4797
LOC129524260	NC_073236.2	LOC129528259	NC_073241.2	1.0	0.987	0.987	0.3544
LOC129524260	NC_073236.2	LOC129528733	NC_073233.2	1.0	0.987	0.987	0.3544
LOC129524344	NC_073231.2	LOC129533223	NC_073227.2	1.0	0.979	0.979	0.3028
LOC129524344	NC_073231.2	LOC134758236	NC_073227.2	1.0	0.979	0.979	0.4289
LOC129524346	NC_073231.2	LOC129533206	NC_073227.2	1.0	0.979	0.979	0.4096
LOC129524346	NC_073231.2	LOC129533209	NC_073227.2	1.0	0.979	0.979	0.5212
LOC129524346	NC_073231.2	LOC129533212	NC_073227.2	1.0	0.979	0.979	0.4045
LOC129524346	NC_073231.2	LOC129533214	NC_073227.2	1.0	0.979	0.979	0.4037
LOC129524346	NC_073231.2	LOC129533215	NC_073227.2	1.0	0.979	0.979	0.4053
LOC129524346	NC_073231.2	LOC129533217	NC_073227.2	1.0	0.979	0.979	0.4864
LOC129524346	NC_073231.2	LOC129533221	NC_073227.2	1.0	0.979	0.979	0.4045
LOC129524346	NC_073231.2	LOC129533222	NC_073227.2	1.0	0.979	0.979	0.402
LOC129524346	NC_073231.2	LOC129533223	NC_073227.2	1.0	0.979	0.979	0.2927
LOC129524346	NC_073231.2	LOC134758236	NC_073227.2	1.0	0.979	0.979	0.413
LOC129524347	NC_073231.2	LOC129533223	NC_073227.2	1.0	0.979	0.979	0.3191
LOC129524347	NC_073231.2	LOC134758236	NC_073227.2	1.0	0.979	0.979	0.4491
LOC129524348	NC_073231.2	LOC129533223	NC_073227.2	1.0	0.981	0.981	0.3147
LOC129524348	NC_073231.2	LOC134758236	NC_073227.2	1.0	0.981	0.981	0.4473
LOC129524349	NC_073231.2	LOC129533223	NC_073227.2	1.0	0.98	0.98	0.3122
LOC129524349	NC_073231.2	LOC134758236	NC_073227.2	1.0	0.98	0.98	0.4433
LOC129524350	NC_073231.2	LOC129533206	NC_073227.2	1.0	0.979	0.979	0.4268
LOC129524350	NC_073231.2	LOC129533209	NC_073227.2	1.0	0.979	0.979	0.5462
LOC129524350	NC_073231.2	LOC129533212	NC_073227.2	1.0	0.979	0.979	0.4214
LOC129524350	NC_073231.2	LOC129533214	NC_073227.2	1.0	0.979	0.979	0.4205
LOC129524350	NC_073231.2	LOC129533215	NC_073227.2	1.0	0.979	0.979	0.4223
LOC129524350	NC_073231.2	LOC129533217	NC_073227.2	1.0	0.979	0.979	0.5089
LOC129524350	NC_073231.2	LOC129533221	NC_073227.2	1.0	0.979	0.979	0.4214
LOC129524350	NC_073231.2	LOC129533222	NC_073227.2	1.0	0.979	0.979	0.4188
LOC129524350	NC_073231.2	LOC129533223	NC_073227.2	1.0	0.979	0.979	0.3032
LOC129524350	NC_073231.2	LOC134758236	NC_073227.2	1.0	0.979	0.979	0.4304
LOC129524351	NC_073231.2	LOC129533206	NC_073227.2	1.0	0.979	0.979	0.4165
LOC129524351	NC_073231.2	LOC129533209	NC_073227.2	1.0	0.979	0.979	0.5324
LOC129524351	NC_073231.2	LOC129533212	NC_073227.2	1.0	0.979	0.979	0.4113
LOC129524351	NC_073231.2	LOC129533214	NC_073227.2	1.0	0.979	0.979	0.4104
LOC129524351	NC_073231.2	LOC129533215	NC_073227.2	1.0	0.979	0.979	0.4121
LOC129524351	NC_073231.2	LOC129533217	NC_073227.2	1.0	0.979	0.979	0.4962
LOC129524351	NC_073231.2	LOC129533221	NC_073227.2	1.0	0.979	0.979	0.4113
LOC129524351	NC_073231.2	LOC129533222	NC_073227.2	1.0	0.979	0.979	0.4087
LOC129524351	NC_073231.2	LOC129533223	NC_073227.2	1.0	0.979	0.979	0.2962
LOC129524351	NC_073231.2	LOC134758236	NC_073227.2	1.0	0.979	0.979	0.42
LOC129524352	NC_073231.2	LOC129533223	NC_073227.2	1.0	0.981	0.981	0.3147
LOC129524352	NC_073231.2	LOC134758236	NC_073227.2	1.0	0.981	0.981	0.4473
LOC129524353	NC_073231.2	LOC129533223	NC_073227.2	1.0	0.98	0.98	0.3102
LOC129524353	NC_073231.2	LOC134758236	NC_073227.2	1.0	0.98	0.98	0.4402
LOC129524470	NC_073237.2	LOC129528163	NC_073241.2	1.0	0.999	0.999	0.6476
LOC129524470	NC_073237.2	LOC129528196	NC_073241.2	1.0	0.997	0.997	0.4295
LOC129524472	NC_073237.2	LOC129528228	NC_073241.2	1.0	0.992	0.992	0.6463
LOC129524472	NC_073237.2	LOC129530304	NC_073248.2	1.0	0.989	0.989	0.5581
LOC129524653	NC_073237.2	LOC129528455	NC_073241.2	1.0	0.995	0.995	0.814
LOC129524656	NC_073237.2	LOC129530495	NC_073246.2	1.0	0.99	0.99	0.6146
LOC129524661	NC_073237.2	LOC129528453	NC_073241.2	1.0	1.0	1.0	1.0
LOC129524662	NC_073237.2	LOC129528448	NC_073241.2	1.0	1.0	1.0	1.0
LOC129524663	NC_073237.2	LOC129528459	NC_073241.2	1.0	0.998	0.998	0.9446
LOC129524667	NC_073237.2	LOC129530495	NC_073246.2	1.0	0.994	0.994	0.427
LOC129525003	NC_073232.2	RHEB	NC_073230.2	1.0	0.989	0.989	0.3032
LOC129525065	NC_073232.2	LOC129534177	NC_073229.2	1.0	0.985	0.985	0.0772
LOC129525066	NC_086017.1	LOC129526565	NC_073241.2	1.0	0.987	0.987	0.694
LOC129525174	NC_073232.2	LOC129526565	NC_073241.2	1.0	0.992	0.992	0.4057
LOC129525174	NC_073232.2	LOC134756358	NC_073242.2	1.0	0.989	0.989	0.1673
LOC129525416	NC_073233.2	LOC129525765	NC_073234.2	1.0	0.995	0.995	0.8045
LOC129525416	NC_073233.2	LOC129527430	NC_073242.2	1.0	0.996	0.996	0.8466
LOC129525416	NC_073233.2	LOC129527885	NC_073243.2	1.0	0.995	0.995	0.8045
LOC129525416	NC_073233.2	LOC129528750	NC_073244.2	1.0	0.992	0.992	0.7553
LOC129525416	NC_073233.2	LOC129531752	NC_073236.2	1.0	0.999	0.999	0.9651
LOC129525416	NC_073233.2	LOC129532807	NC_073227.2	1.0	1.0	1.0	1.0
LOC129525416	NC_073233.2	LOC129532980	NC_073240.2	1.0	0.999	0.999	0.936
LOC129525416	NC_073233.2	LOC134756371	NC_073227.2	1.0	0.998	0.998	0.9429
LOC129525442	NC_073241.2	LOC129527457	NC_073242.2	1.0	1.0	1.0	1.0
LOC129525442	NC_073241.2	LOC129528989	NC_073245.2	1.0	0.996	0.996	0.8409
LOC129525442	NC_073241.2	LOC129529378	NC_073233.2	1.0	0.998	0.998	0.9167
LOC129525442	NC_073241.2	LOC129529932	NC_073247.2	1.0	0.996	0.996	0.8736
LOC129525442	NC_073241.2	LOC129532991	NC_073227.2	1.0	0.998	0.998	0.9059
LOC129525442	NC_073241.2	LOC129533139	NC_073236.2	1.0	1.0	1.0	1.0
LOC129525442	NC_073241.2	LOC134757770	NC_073245.2	1.0	0.996	0.996	0.8837
LOC129525442	NC_073241.2	LOC134758469	NC_073228.2	1.0	0.996	0.996	0.8837
LOC129525442	NC_073241.2	LOC134758556	NC_073224.2	1.0	1.0	1.0	1.0
LOC129525442	NC_073241.2	LOC134759048	NC_073231.2	1.0	0.996	0.996	0.8736
LOC129525576	NC_073233.2	LOC129525765	NC_073234.2	1.0	0.991	0.991	0.6012
LOC129525576	NC_073233.2	LOC129526566	NC_073239.2	1.0	0.992	0.992	0.6688
LOC129525576	NC_073233.2	LOC129527430	NC_073242.2	1.0	0.992	0.992	0.6131
LOC129525576	NC_073233.2	LOC129527885	NC_073243.2	1.0	0.991	0.991	0.6012
LOC129525576	NC_073233.2	LOC129528382	NC_073241.2	1.0	0.995	0.995	0.5602
LOC129525576	NC_073233.2	LOC129528750	NC_073244.2	1.0	0.988	0.988	0.5
LOC129525576	NC_073233.2	LOC129531752	NC_073236.2	1.0	0.995	0.995	0.6136
LOC129525576	NC_073233.2	LOC129532626	NC_086017.1	1.0	0.992	0.992	0.5495
LOC129525576	NC_073233.2	LOC129532807	NC_073227.2	1.0	0.997	0.997	0.6437
LOC129525576	NC_073233.2	LOC129532980	NC_073240.2	1.0	0.995	0.995	0.6316
LOC129525576	NC_073233.2	LOC134756370	NC_086017.1	1.0	0.989	0.989	0.5818
LOC129525576	NC_073233.2	LOC134756371	NC_073227.2	1.0	0.994	0.994	0.5978
LOC129525641	NC_073234.2	LOC129530133	NC_073247.2	1.0	0.997	0.997	0.2526
LOC129525684	NC_073234.2	LOC129532712	NC_073232.2	1.0	0.987	0.987	0.26
LOC129525765	NC_073234.2	LOC129527430	NC_073242.2	1.0	0.991	0.991	0.75
LOC129525765	NC_073234.2	LOC129527885	NC_073243.2	1.0	1.0	1.0	1.0
LOC129525765	NC_073234.2	LOC129528750	NC_073244.2	1.0	0.998	0.998	0.8521
LOC129525765	NC_073234.2	LOC129531752	NC_073236.2	1.0	0.994	0.994	0.7735
LOC129525765	NC_073234.2	LOC129532807	NC_073227.2	1.0	0.995	0.995	0.8045
LOC129525765	NC_073234.2	LOC129532980	NC_073240.2	1.0	0.994	0.994	0.7955
LOC129525765	NC_073234.2	LOC134756371	NC_073227.2	1.0	0.993	0.993	0.7747
LOC129526003	NC_073234.2	LOC129527948	NC_073243.2	1.0	1.0	1.0	0.9883
LOC129526105	NC_073238.2	LOC134756755	NC_073236.2	1.0	1.0	1.0	1.0
LOC129526106	NC_073236.2	LOC129526873	NC_073240.2	1.0	0.999	0.999	0.9557
LOC129526106	NC_073236.2	LOC134756953	NC_073238.2	1.0	1.0	1.0	0.9969
LOC129526375	NC_073236.2	LOC129526401	NC_073238.2	1.0	0.985	0.985	0.373
LOC129526375	NC_073236.2	LOC129526552	NC_073239.2	1.0	0.985	0.985	0.5867
LOC129526375	NC_073236.2	LOC129526976	NC_073240.2	1.0	0.985	0.985	0.4537
LOC129526375	NC_073236.2	LOC129527275	NC_073240.2	1.0	0.997	0.997	0.1618
LOC129526375	NC_073236.2	LOC129529333	NC_073246.2	1.0	0.973	0.973	0.325
LOC129526375	NC_073236.2	LOC129529548	NC_086018.1	1.0	0.985	0.985	0.3628
LOC129526375	NC_073236.2	LOC134757038	NC_073238.2	1.0	0.982	0.982	0.384
LOC129526378	NC_073238.2	LOC129528161	NC_073241.2	1.0	0.98	0.98	0.3061
LOC129526400	NC_073238.2	LOC129526554	NC_073239.2	1.0	0.968	0.968	0.2912
LOC129526401	NC_073238.2	LOC129526552	NC_073239.2	1.0	0.976	0.976	0.2941
LOC129526401	NC_073238.2	LOC129527275	NC_073240.2	1.0	0.994	0.994	0.3026
LOC129526401	NC_073238.2	LOC129529333	NC_073246.2	1.0	0.988	0.988	0.5766
LOC129526401	NC_073238.2	LOC129531947	NC_073235.2	1.0	0.976	0.976	0.1923
LOC129526469	NC_073236.2	LOC129526569	NC_073239.2	1.0	0.979	0.979	0.5434
LOC129526469	NC_073236.2	LOC129527191	NC_073238.2	1.0	0.993	0.993	0.8238
LOC129526469	NC_073236.2	LOC129527198	NC_073240.2	1.0	0.981	0.981	0.6162
LOC129526469	NC_073236.2	LOC129529652	NC_086018.1	1.0	0.98	0.98	0.5631
LOC129526552	NC_073239.2	LOC129526976	NC_073240.2	1.0	0.976	0.976	0.3675
LOC129526552	NC_073239.2	LOC129527275	NC_073240.2	1.0	0.988	0.988	0.1371
LOC129526552	NC_073239.2	LOC129529333	NC_073246.2	1.0	0.982	0.982	0.4464
LOC129526552	NC_073239.2	LOC129529548	NC_086018.1	1.0	0.982	0.982	0.3894
LOC129526552	NC_073239.2	LOC134757038	NC_073238.2	1.0	0.973	0.973	0.3037
LOC129526554	NC_073239.2	LOC134757039	NC_073238.2	1.0	0.968	0.968	0.3834
LOC129526565	NC_073241.2	LOC129526909	NC_073239.2	1.0	0.988	0.988	0.405
LOC129526565	NC_073241.2	LOC134756358	NC_073242.2	1.0	0.986	0.986	0.0783
LOC129526566	NC_073239.2	LOC129528382	NC_073241.2	1.0	0.995	0.995	0.6736
LOC129526566	NC_073239.2	LOC129532626	NC_086017.1	1.0	0.993	0.993	0.6685
LOC129526566	NC_073239.2	LOC134756370	NC_086017.1	1.0	0.987	0.987	0.7126
LOC129526569	NC_073239.2	LOC129527191	NC_073238.2	1.0	0.975	0.975	0.5094
LOC129526569	NC_073239.2	LOC129527198	NC_073240.2	1.0	0.975	0.975	0.4847
LOC129526569	NC_073239.2	LOC129529652	NC_086018.1	1.0	0.986	0.986	0.6735
LOC129526873	NC_073240.2	LOC134756953	NC_073238.2	1.0	0.999	0.999	0.9588
LOC129526957	NC_073236.2	LOC129528452	NC_073241.2	1.0	0.992	0.992	0.1939
LOC129526976	NC_073240.2	LOC129529639	NC_086018.1	1.0	0.96	0.96	0.2519
LOC129527191	NC_073238.2	LOC129527198	NC_073240.2	1.0	0.979	0.979	0.5584
LOC129527191	NC_073238.2	LOC129529652	NC_086018.1	1.0	0.977	0.977	0.5141
LOC129527198	NC_073240.2	LOC129529652	NC_086018.1	1.0	0.978	0.978	0.5124
LOC129527246	NC_073238.2	LOC129530296	NC_073248.2	1.0	0.936	0.936	0.2513
LOC129527275	NC_073240.2	LOC129529333	NC_073246.2	1.0	0.984	0.984	0.2167
LOC129527275	NC_073240.2	LOC129529639	NC_086018.1	1.0	0.973	0.973	0.112
LOC129527275	NC_073240.2	LOC134757038	NC_073238.2	1.0	0.99	0.99	0.2951
LOC129527430	NC_073242.2	LOC129527885	NC_073243.2	1.0	0.991	0.991	0.75
LOC129527430	NC_073242.2	LOC129528750	NC_073244.2	1.0	0.99	0.99	0.7797
LOC129527430	NC_073242.2	LOC129531752	NC_073236.2	1.0	0.995	0.995	0.8457
LOC129527430	NC_073242.2	LOC129532807	NC_073227.2	1.0	0.996	0.996	0.8466
LOC129527430	NC_073242.2	LOC129532980	NC_073240.2	1.0	0.995	0.995	0.8706
LOC129527430	NC_073242.2	LOC134756371	NC_073227.2	1.0	0.994	0.994	0.7956
LOC129527457	NC_073242.2	LOC129528989	NC_073245.2	1.0	0.996	0.996	0.8409
LOC129527457	NC_073242.2	LOC129529378	NC_073233.2	1.0	0.998	0.998	0.9167
LOC129527457	NC_073242.2	LOC129529932	NC_073247.2	1.0	0.996	0.996	0.8736
LOC129527457	NC_073242.2	LOC129532991	NC_073227.2	1.0	0.998	0.998	0.9059
LOC129527457	NC_073242.2	LOC129533139	NC_073236.2	1.0	1.0	1.0	1.0
LOC129527457	NC_073242.2	LOC134757770	NC_073245.2	1.0	0.996	0.996	0.8837
LOC129527457	NC_073242.2	LOC134758469	NC_073228.2	1.0	0.996	0.996	0.8837
LOC129527457	NC_073242.2	LOC134758556	NC_073224.2	1.0	1.0	1.0	1.0
LOC129527457	NC_073242.2	LOC134759048	NC_073231.2	1.0	0.996	0.996	0.8736
LOC129527885	NC_073243.2	LOC129528750	NC_073244.2	1.0	0.998	0.998	0.8521
LOC129527885	NC_073243.2	LOC129531752	NC_073236.2	1.0	0.994	0.994	0.7735
LOC129527885	NC_073243.2	LOC129532807	NC_073227.2	1.0	0.995	0.995	0.8045
LOC129527885	NC_073243.2	LOC129532980	NC_073240.2	1.0	0.994	0.994	0.7955
LOC129527885	NC_073243.2	LOC134756371	NC_073227.2	1.0	0.993	0.993	0.7747
LOC129528141	NC_073231.2	LOC129532627	NC_086017.1	1.0	0.995	0.995	0.2624
LOC129528161	NC_073241.2	LOC129529284	NC_073246.2	1.0	0.982	0.982	0.521
LOC129528161	NC_073241.2	LOC129529426	NC_086018.1	1.0	0.98	0.98	0.4197
LOC129528161	NC_073241.2	LOC129530468	NC_073238.2	1.0	0.988	0.988	0.6508
LOC129528161	NC_073241.2	LOC129530502	NC_073246.2	1.0	0.983	0.983	0.5151
LOC129528161	NC_073241.2	LOC134756700	NC_073236.2	1.0	0.981	0.981	0.4896
LOC129528187	NC_073238.2	LOC129528194	NC_073241.2	1.0	0.992	0.992	0.6217
LOC129528187	NC_073238.2	LOC129530391	NC_073248.2	1.0	0.994	0.994	0.7903
LOC129528194	NC_073241.2	LOC129530391	NC_073248.2	1.0	0.991	0.991	0.6497
LOC129528194	NC_073241.2	LOC134757319	NC_073240.2	1.0	0.992	0.992	0.6414
LOC129528196	NC_073241.2	LOC134756947	NC_073238.2	1.0	0.995	0.995	0.5556
LOC129528228	NC_073241.2	LOC129530304	NC_073248.2	1.0	0.989	0.989	0.6556
LOC129528259	NC_073241.2	LOC129528733	NC_073233.2	1.0	1.0	1.0	1.0
LOC129528259	NC_073241.2	LOC129533142	NC_073227.2	1.0	0.994	0.994	0.4198
LOC129528280	NC_073241.2	LOC129534573	NC_073229.2	1.0	0.993	0.993	0.8056
LOC129528382	NC_073241.2	LOC129532626	NC_086017.1	1.0	0.998	0.998	0.861
LOC129528382	NC_073241.2	LOC129534555	NC_073229.2	1.0	0.999	0.999	0.8595
LOC129528382	NC_073241.2	LOC134756370	NC_086017.1	1.0	0.99	0.99	0.6029
LOC129528452	NC_073241.2	LOC134757216	NC_073240.2	1.0	0.992	0.992	0.1966
LOC129528460	NC_073241.2	LOC129530485	NC_073246.2	1.0	0.988	0.988	0.4028
LOC129528733	NC_073233.2	LOC129533142	NC_073227.2	1.0	0.994	0.994	0.4198
LOC129528750	NC_073244.2	LOC129531752	NC_073236.2	1.0	0.991	0.991	0.754
LOC129528750	NC_073244.2	LOC129532807	NC_073227.2	1.0	0.992	0.992	0.7553
LOC129528750	NC_073244.2	LOC129532980	NC_073240.2	1.0	0.991	0.991	0.7747
LOC129528750	NC_073244.2	LOC134756371	NC_073227.2	1.0	0.989	0.989	0.7277
LOC129528989	NC_073245.2	LOC129529378	NC_073233.2	1.0	0.998	0.998	0.9157
LOC129528989	NC_073245.2	LOC129529932	NC_073247.2	1.0	0.992	0.992	0.7692
LOC129528989	NC_073245.2	LOC129532991	NC_073227.2	1.0	0.994	0.994	0.7978
LOC129528989	NC_073245.2	LOC129533139	NC_073236.2	1.0	0.996	0.996	0.8409
LOC129528989	NC_073245.2	LOC134758469	NC_073228.2	1.0	0.996	0.996	0.8824
LOC129528989	NC_073245.2	LOC134758556	NC_073224.2	1.0	0.996	0.996	0.8409
LOC129528989	NC_073245.2	LOC134759048	NC_073231.2	1.0	0.992	0.992	0.7692
LOC129529333	NC_073246.2	LOC134757038	NC_073238.2	1.0	0.986	0.986	0.5319
LOC129529378	NC_073233.2	LOC129529932	NC_073247.2	1.0	0.994	0.994	0.7978
LOC129529378	NC_073233.2	LOC129532991	NC_073227.2	1.0	0.996	0.996	0.8276
LOC129529378	NC_073233.2	LOC129533139	NC_073236.2	1.0	0.998	0.998	0.9167
LOC129529378	NC_073233.2	LOC134757770	NC_073245.2	1.0	0.994	0.994	0.8068
LOC129529378	NC_073233.2	LOC134758469	NC_073228.2	1.0	0.998	0.998	0.963
LOC129529378	NC_073233.2	LOC134758556	NC_073224.2	1.0	0.998	0.998	0.9167
LOC129529378	NC_073233.2	LOC134759048	NC_073231.2	1.0	0.994	0.994	0.7978
LOC129529383	NC_073246.2	LOC129529649	NC_086018.1	1.0	0.984	0.984	0.5305
LOC129529426	NC_086018.1	LOC134756700	NC_073236.2	1.0	0.984	0.984	0.4918
LOC129529548	NC_086018.1	LOC129531947	NC_073235.2	1.0	0.973	0.973	0.1651
LOC129529639	NC_086018.1	LOC129531947	NC_073235.2	1.0	0.968	0.968	0.0955
LOC129529639	NC_086018.1	LOC134757038	NC_073238.2	1.0	0.957	0.957	0.2013
LOC129529649	NC_086018.1	LOC129530380	NC_073248.2	1.0	0.977	0.977	0.3957
LOC129529649	NC_086018.1	LOC129530488	NC_073246.2	1.0	0.982	0.982	0.5305
LOC129529649	NC_086018.1	LOC134756925	NC_073237.2	1.0	0.984	0.984	0.5628
LOC129529649	NC_086018.1	LOC134757073	NC_073238.2	1.0	0.982	0.982	0.3773
LOC129529649	NC_086018.1	LOC134757414	NC_073241.2	1.0	0.986	0.986	0.5283
LOC129529649	NC_086018.1	LOC134757415	NC_073241.2	1.0	0.984	0.984	0.5381
LOC129529932	NC_073247.2	LOC129532991	NC_073227.2	1.0	0.998	0.998	0.9634
LOC129529932	NC_073247.2	LOC129533139	NC_073236.2	1.0	0.996	0.996	0.8736
LOC129529932	NC_073247.2	LOC134757770	NC_073245.2	1.0	0.992	0.992	0.7692
LOC129529932	NC_073247.2	LOC134758469	NC_073228.2	1.0	0.992	0.992	0.7692
LOC129529932	NC_073247.2	LOC134758556	NC_073224.2	1.0	0.996	0.996	0.8736
LOC129529932	NC_073247.2	LOC134759048	NC_073231.2	1.0	1.0	1.0	1.0
LOC129530133	NC_073247.2	LOC129534553	NC_073229.2	1.0	0.995	0.995	0.4873
LOC129530307	NC_073248.2	LOC129533402	NC_073228.2	1.0	0.965	0.965	0.1967
LOC129530380	NC_073248.2	LOC129531742	NC_073236.2	1.0	0.981	0.981	0.5408
LOC129530391	NC_073248.2	LOC134757319	NC_073240.2	1.0	0.994	0.994	0.7717
LOC129530405	NC_073248.2	PSMA6	NC_073239.2	1.0	0.977	0.977	0.3867
LOC129530537	NC_073237.2	LOC129530592	NC_073241.2	1.0	1.0	1.0	1.0
LOC129530537	NC_073237.2	LOC134757033	NC_073238.2	1.0	1.0	1.0	1.0
LOC129530543	NC_073236.2	LOC134757055	NC_073238.2	1.0	0.988	0.988	0.6424
LOC129530591	NC_073241.2	LOC134757034	NC_073238.2	1.0	0.998	0.998	0.9467
LOC129530592	NC_073241.2	LOC134757033	NC_073238.2	1.0	1.0	1.0	1.0
LOC129530594	NC_073238.2	LOC134757411	NC_073241.2	1.0	0.998	0.998	0.9118
LOC129531752	NC_073236.2	LOC129532807	NC_073227.2	1.0	0.999	0.999	0.9651
LOC129531752	NC_073236.2	LOC129532980	NC_073240.2	1.0	0.999	0.999	0.9471
LOC129531752	NC_073236.2	LOC134756371	NC_073227.2	1.0	0.997	0.997	0.9096
LOC129531947	NC_073235.2	LOC134757038	NC_073238.2	1.0	0.969	0.969	0.1737
LOC129532360	NC_086017.1	LOC129532416	NC_073227.2	1.0	0.976	0.976	0.4711
LOC129532360	NC_086017.1	LOC129532809	NC_073227.2	1.0	0.976	0.976	0.4711
LOC129532360	NC_086017.1	LOC129532810	NC_073227.2	1.0	0.976	0.976	0.4711
LOC129532360	NC_086017.1	LOC129532811	NC_073227.2	1.0	0.976	0.976	0.4711
LOC129532360	NC_086017.1	LOC129532813	NC_073227.2	1.0	0.976	0.976	0.4711
LOC129532360	NC_086017.1	LOC129532815	NC_073227.2	1.0	0.976	0.976	0.4711
LOC129532360	NC_086017.1	LOC129532817	NC_073227.2	1.0	0.976	0.976	0.4711
LOC129532360	NC_086017.1	LOC129532818	NC_073227.2	1.0	0.976	0.976	0.4711
LOC129532360	NC_086017.1	LOC129532820	NC_073227.2	1.0	0.975	0.975	0.4841
LOC129532360	NC_086017.1	LOC129532826	NC_073227.2	1.0	0.976	0.976	0.4294
LOC129532360	NC_086017.1	LOC129532828	NC_073227.2	1.0	0.976	0.976	0.4711
LOC129532360	NC_086017.1	LOC129532829	NC_073227.2	1.0	0.973	0.973	0.4656
LOC129532360	NC_086017.1	LOC129532831	NC_073227.2	1.0	0.972	0.972	0.4431
LOC129532360	NC_086017.1	LOC134758245	NC_073227.2	1.0	0.941	0.941	0.0731
LOC129532360	NC_086017.1	LOC134758385	NC_073227.2	1.0	0.976	0.976	0.4711
LOC129532377	NC_086017.1	LOC129532416	NC_073227.2	1.0	0.976	0.976	0.4711
LOC129532377	NC_086017.1	LOC129532809	NC_073227.2	1.0	0.976	0.976	0.4711
LOC129532377	NC_086017.1	LOC129532810	NC_073227.2	1.0	0.976	0.976	0.4711
LOC129532377	NC_086017.1	LOC129532811	NC_073227.2	1.0	0.976	0.976	0.4711
LOC129532377	NC_086017.1	LOC129532813	NC_073227.2	1.0	0.976	0.976	0.4711
LOC129532377	NC_086017.1	LOC129532815	NC_073227.2	1.0	0.976	0.976	0.4711
LOC129532377	NC_086017.1	LOC129532817	NC_073227.2	1.0	0.976	0.976	0.4711
LOC129532377	NC_086017.1	LOC129532818	NC_073227.2	1.0	0.976	0.976	0.4711
LOC129532377	NC_086017.1	LOC129532820	NC_073227.2	1.0	0.975	0.975	0.4841
LOC129532377	NC_086017.1	LOC129532826	NC_073227.2	1.0	0.976	0.976	0.4294
LOC129532377	NC_086017.1	LOC129532828	NC_073227.2	1.0	0.976	0.976	0.4711
LOC129532377	NC_086017.1	LOC129532829	NC_073227.2	1.0	0.973	0.973	0.4656
LOC129532377	NC_086017.1	LOC129532831	NC_073227.2	1.0	0.972	0.972	0.4431
LOC129532377	NC_086017.1	LOC134758245	NC_073227.2	1.0	0.941	0.941	0.0731
LOC129532377	NC_086017.1	LOC134758385	NC_073227.2	1.0	0.976	0.976	0.4711
LOC129532378	NC_086017.1	LOC129532416	NC_073227.2	1.0	0.976	0.976	0.4711
LOC129532378	NC_086017.1	LOC129532809	NC_073227.2	1.0	0.976	0.976	0.4711
LOC129532378	NC_086017.1	LOC129532810	NC_073227.2	1.0	0.976	0.976	0.4711
LOC129532378	NC_086017.1	LOC129532811	NC_073227.2	1.0	0.976	0.976	0.4711
LOC129532378	NC_086017.1	LOC129532813	NC_073227.2	1.0	0.976	0.976	0.4711
LOC129532378	NC_086017.1	LOC129532815	NC_073227.2	1.0	0.976	0.976	0.4711
LOC129532378	NC_086017.1	LOC129532817	NC_073227.2	1.0	0.976	0.976	0.4711
LOC129532378	NC_086017.1	LOC129532818	NC_073227.2	1.0	0.976	0.976	0.4711
LOC129532378	NC_086017.1	LOC129532820	NC_073227.2	1.0	0.975	0.975	0.4841
LOC129532378	NC_086017.1	LOC129532826	NC_073227.2	1.0	0.976	0.976	0.4294
LOC129532378	NC_086017.1	LOC129532828	NC_073227.2	1.0	0.976	0.976	0.4711
LOC129532378	NC_086017.1	LOC129532829	NC_073227.2	1.0	0.973	0.973	0.4656
LOC129532378	NC_086017.1	LOC129532831	NC_073227.2	1.0	0.972	0.972	0.4431
LOC129532378	NC_086017.1	LOC134758245	NC_073227.2	1.0	0.941	0.941	0.0731
LOC129532378	NC_086017.1	LOC134758385	NC_073227.2	1.0	0.976	0.976	0.4711
LOC129532381	NC_086017.1	LOC129532416	NC_073227.2	1.0	0.976	0.976	0.4711
LOC129532381	NC_086017.1	LOC129532809	NC_073227.2	1.0	0.976	0.976	0.4711
LOC129532381	NC_086017.1	LOC129532810	NC_073227.2	1.0	0.976	0.976	0.4711
LOC129532381	NC_086017.1	LOC129532811	NC_073227.2	1.0	0.976	0.976	0.4711
LOC129532381	NC_086017.1	LOC129532813	NC_073227.2	1.0	0.976	0.976	0.4711
LOC129532381	NC_086017.1	LOC129532815	NC_073227.2	1.0	0.976	0.976	0.4711
LOC129532381	NC_086017.1	LOC129532817	NC_073227.2	1.0	0.976	0.976	0.4711
LOC129532381	NC_086017.1	LOC129532818	NC_073227.2	1.0	0.976	0.976	0.4711
LOC129532381	NC_086017.1	LOC129532820	NC_073227.2	1.0	0.975	0.975	0.4841
LOC129532381	NC_086017.1	LOC129532826	NC_073227.2	1.0	0.976	0.976	0.4294
LOC129532381	NC_086017.1	LOC129532828	NC_073227.2	1.0	0.976	0.976	0.4711
LOC129532381	NC_086017.1	LOC129532829	NC_073227.2	1.0	0.973	0.973	0.4656
LOC129532381	NC_086017.1	LOC129532831	NC_073227.2	1.0	0.972	0.972	0.4431
LOC129532381	NC_086017.1	LOC134758245	NC_073227.2	1.0	0.941	0.941	0.0731
LOC129532381	NC_086017.1	LOC134758385	NC_073227.2	1.0	0.976	0.976	0.4711
LOC129532382	NC_086017.1	LOC129532416	NC_073227.2	1.0	0.976	0.976	0.4711
LOC129532382	NC_086017.1	LOC129532809	NC_073227.2	1.0	0.976	0.976	0.4711
LOC129532382	NC_086017.1	LOC129532810	NC_073227.2	1.0	0.976	0.976	0.4711
LOC129532382	NC_086017.1	LOC129532811	NC_073227.2	1.0	0.976	0.976	0.4711
LOC129532382	NC_086017.1	LOC129532813	NC_073227.2	1.0	0.976	0.976	0.4711
LOC129532382	NC_086017.1	LOC129532815	NC_073227.2	1.0	0.976	0.976	0.4711
LOC129532382	NC_086017.1	LOC129532817	NC_073227.2	1.0	0.976	0.976	0.4711
LOC129532382	NC_086017.1	LOC129532818	NC_073227.2	1.0	0.976	0.976	0.4711
LOC129532382	NC_086017.1	LOC129532820	NC_073227.2	1.0	0.975	0.975	0.4841
LOC129532382	NC_086017.1	LOC129532826	NC_073227.2	1.0	0.976	0.976	0.4294
LOC129532382	NC_086017.1	LOC129532828	NC_073227.2	1.0	0.976	0.976	0.4711
LOC129532382	NC_086017.1	LOC129532829	NC_073227.2	1.0	0.973	0.973	0.4656
LOC129532382	NC_086017.1	LOC129532831	NC_073227.2	1.0	0.972	0.972	0.4431
LOC129532382	NC_086017.1	LOC134758245	NC_073227.2	1.0	0.941	0.941	0.0731
LOC129532382	NC_086017.1	LOC134758385	NC_073227.2	1.0	0.976	0.976	0.4711
LOC129532414	NC_086017.1	LOC129532416	NC_073227.2	1.0	0.976	0.976	0.4711
LOC129532414	NC_086017.1	LOC129532809	NC_073227.2	1.0	0.976	0.976	0.4711
LOC129532414	NC_086017.1	LOC129532810	NC_073227.2	1.0	0.976	0.976	0.4711
LOC129532414	NC_086017.1	LOC129532811	NC_073227.2	1.0	0.976	0.976	0.4711
LOC129532414	NC_086017.1	LOC129532813	NC_073227.2	1.0	0.976	0.976	0.4711
LOC129532414	NC_086017.1	LOC129532815	NC_073227.2	1.0	0.976	0.976	0.4711
LOC129532414	NC_086017.1	LOC129532817	NC_073227.2	1.0	0.976	0.976	0.4711
LOC129532414	NC_086017.1	LOC129532818	NC_073227.2	1.0	0.976	0.976	0.4711
LOC129532414	NC_086017.1	LOC129532820	NC_073227.2	1.0	0.975	0.975	0.4841
LOC129532414	NC_086017.1	LOC129532826	NC_073227.2	1.0	0.976	0.976	0.4294
LOC129532414	NC_086017.1	LOC129532828	NC_073227.2	1.0	0.976	0.976	0.4711
LOC129532414	NC_086017.1	LOC129532829	NC_073227.2	1.0	0.973	0.973	0.4656
LOC129532414	NC_086017.1	LOC129532831	NC_073227.2	1.0	0.972	0.972	0.4431
LOC129532414	NC_086017.1	LOC134758245	NC_073227.2	1.0	0.941	0.941	0.0731
LOC129532414	NC_086017.1	LOC134758385	NC_073227.2	1.0	0.976	0.976	0.4711
LOC129532416	NC_073227.2	LOC129532417	NC_086017.1	1.0	0.976	0.976	0.4711
LOC129532416	NC_073227.2	LOC129532419	NC_086017.1	1.0	0.976	0.976	0.4711
LOC129532416	NC_073227.2	LOC129532421	NC_086017.1	1.0	0.976	0.976	0.4711
LOC129532416	NC_073227.2	LOC129532423	NC_086017.1	1.0	0.976	0.976	0.4711
LOC129532416	NC_073227.2	LOC129532425	NC_086017.1	1.0	0.976	0.976	0.4711
LOC129532416	NC_073227.2	LOC134757997	NC_086017.1	1.0	0.976	0.976	0.4711
LOC129532416	NC_073227.2	LOC134757998	NC_086017.1	1.0	0.976	0.976	0.4711
LOC129532416	NC_073227.2	LOC134757999	NC_086017.1	1.0	0.976	0.976	0.4711
LOC129532416	NC_073227.2	LOC134758000	NC_086017.1	1.0	0.976	0.976	0.4711
LOC129532416	NC_073227.2	LOC134758001	NC_086017.1	1.0	0.976	0.976	0.4711
LOC129532416	NC_073227.2	LOC134758002	NC_086017.1	1.0	0.976	0.976	0.4711
LOC129532416	NC_073227.2	LOC134758003	NC_086017.1	1.0	0.976	0.976	0.4711
LOC129532417	NC_086017.1	LOC129532809	NC_073227.2	1.0	0.976	0.976	0.4711
LOC129532417	NC_086017.1	LOC129532810	NC_073227.2	1.0	0.976	0.976	0.4711
LOC129532417	NC_086017.1	LOC129532811	NC_073227.2	1.0	0.976	0.976	0.4711
LOC129532417	NC_086017.1	LOC129532813	NC_073227.2	1.0	0.976	0.976	0.4711
LOC129532417	NC_086017.1	LOC129532815	NC_073227.2	1.0	0.976	0.976	0.4711
LOC129532417	NC_086017.1	LOC129532817	NC_073227.2	1.0	0.976	0.976	0.4711
LOC129532417	NC_086017.1	LOC129532818	NC_073227.2	1.0	0.976	0.976	0.4711
LOC129532417	NC_086017.1	LOC129532820	NC_073227.2	1.0	0.975	0.975	0.4841
LOC129532417	NC_086017.1	LOC129532826	NC_073227.2	1.0	0.976	0.976	0.4294
LOC129532417	NC_086017.1	LOC129532828	NC_073227.2	1.0	0.976	0.976	0.4711
LOC129532417	NC_086017.1	LOC129532829	NC_073227.2	1.0	0.973	0.973	0.4656
LOC129532417	NC_086017.1	LOC129532831	NC_073227.2	1.0	0.972	0.972	0.4431
LOC129532417	NC_086017.1	LOC134758245	NC_073227.2	1.0	0.941	0.941	0.0731
LOC129532417	NC_086017.1	LOC134758385	NC_073227.2	1.0	0.976	0.976	0.4711
LOC129532418	NC_086017.1	LOC134758245	NC_073227.2	1.0	0.941	0.941	0.0512
LOC129532419	NC_086017.1	LOC129532809	NC_073227.2	1.0	0.976	0.976	0.4711
LOC129532419	NC_086017.1	LOC129532810	NC_073227.2	1.0	0.976	0.976	0.4711
LOC129532419	NC_086017.1	LOC129532811	NC_073227.2	1.0	0.976	0.976	0.4711
LOC129532419	NC_086017.1	LOC129532813	NC_073227.2	1.0	0.976	0.976	0.4711
LOC129532419	NC_086017.1	LOC129532815	NC_073227.2	1.0	0.976	0.976	0.4711
LOC129532419	NC_086017.1	LOC129532817	NC_073227.2	1.0	0.976	0.976	0.4711
LOC129532419	NC_086017.1	LOC129532818	NC_073227.2	1.0	0.976	0.976	0.4711
LOC129532419	NC_086017.1	LOC129532820	NC_073227.2	1.0	0.975	0.975	0.4841
LOC129532419	NC_086017.1	LOC129532826	NC_073227.2	1.0	0.976	0.976	0.4294
LOC129532419	NC_086017.1	LOC129532828	NC_073227.2	1.0	0.976	0.976	0.4711
LOC129532419	NC_086017.1	LOC129532829	NC_073227.2	1.0	0.973	0.973	0.4656
LOC129532419	NC_086017.1	LOC129532831	NC_073227.2	1.0	0.972	0.972	0.4431
LOC129532419	NC_086017.1	LOC134758245	NC_073227.2	1.0	0.941	0.941	0.0731
LOC129532419	NC_086017.1	LOC134758385	NC_073227.2	1.0	0.976	0.976	0.4711
LOC129532420	NC_086017.1	LOC134758245	NC_073227.2	1.0	0.941	0.941	0.0688
LOC129532421	NC_086017.1	LOC129532809	NC_073227.2	1.0	0.976	0.976	0.4711
LOC129532421	NC_086017.1	LOC129532810	NC_073227.2	1.0	0.976	0.976	0.4711
LOC129532421	NC_086017.1	LOC129532811	NC_073227.2	1.0	0.976	0.976	0.4711
LOC129532421	NC_086017.1	LOC129532813	NC_073227.2	1.0	0.976	0.976	0.4711
LOC129532421	NC_086017.1	LOC129532815	NC_073227.2	1.0	0.976	0.976	0.4711
LOC129532421	NC_086017.1	LOC129532817	NC_073227.2	1.0	0.976	0.976	0.4711
LOC129532421	NC_086017.1	LOC129532818	NC_073227.2	1.0	0.976	0.976	0.4711
LOC129532421	NC_086017.1	LOC129532820	NC_073227.2	1.0	0.975	0.975	0.4841
LOC129532421	NC_086017.1	LOC129532826	NC_073227.2	1.0	0.976	0.976	0.4294
LOC129532421	NC_086017.1	LOC129532828	NC_073227.2	1.0	0.976	0.976	0.4711
LOC129532421	NC_086017.1	LOC129532829	NC_073227.2	1.0	0.973	0.973	0.4656
LOC129532421	NC_086017.1	LOC129532831	NC_073227.2	1.0	0.972	0.972	0.4431
LOC129532421	NC_086017.1	LOC134758245	NC_073227.2	1.0	0.941	0.941	0.0731
LOC129532421	NC_086017.1	LOC134758385	NC_073227.2	1.0	0.976	0.976	0.4711
LOC129532423	NC_086017.1	LOC129532809	NC_073227.2	1.0	0.976	0.976	0.4711
LOC129532423	NC_086017.1	LOC129532810	NC_073227.2	1.0	0.976	0.976	0.4711
LOC129532423	NC_086017.1	LOC129532811	NC_073227.2	1.0	0.976	0.976	0.4711
LOC129532423	NC_086017.1	LOC129532813	NC_073227.2	1.0	0.976	0.976	0.4711
LOC129532423	NC_086017.1	LOC129532815	NC_073227.2	1.0	0.976	0.976	0.4711
LOC129532423	NC_086017.1	LOC129532817	NC_073227.2	1.0	0.976	0.976	0.4711
LOC129532423	NC_086017.1	LOC129532818	NC_073227.2	1.0	0.976	0.976	0.4711
LOC129532423	NC_086017.1	LOC129532820	NC_073227.2	1.0	0.975	0.975	0.4841
LOC129532423	NC_086017.1	LOC129532826	NC_073227.2	1.0	0.976	0.976	0.4294
LOC129532423	NC_086017.1	LOC129532828	NC_073227.2	1.0	0.976	0.976	0.4711
LOC129532423	NC_086017.1	LOC129532829	NC_073227.2	1.0	0.973	0.973	0.4656
LOC129532423	NC_086017.1	LOC129532831	NC_073227.2	1.0	0.972	0.972	0.4431
LOC129532423	NC_086017.1	LOC134758245	NC_073227.2	1.0	0.941	0.941	0.0731
LOC129532423	NC_086017.1	LOC134758385	NC_073227.2	1.0	0.976	0.976	0.4711
LOC129532425	NC_086017.1	LOC129532809	NC_073227.2	1.0	0.976	0.976	0.4711
LOC129532425	NC_086017.1	LOC129532810	NC_073227.2	1.0	0.976	0.976	0.4711
LOC129532425	NC_086017.1	LOC129532811	NC_073227.2	1.0	0.976	0.976	0.4711
LOC129532425	NC_086017.1	LOC129532813	NC_073227.2	1.0	0.976	0.976	0.4711
LOC129532425	NC_086017.1	LOC129532815	NC_073227.2	1.0	0.976	0.976	0.4711
LOC129532425	NC_086017.1	LOC129532817	NC_073227.2	1.0	0.976	0.976	0.4711
LOC129532425	NC_086017.1	LOC129532818	NC_073227.2	1.0	0.976	0.976	0.4711
LOC129532425	NC_086017.1	LOC129532820	NC_073227.2	1.0	0.975	0.975	0.4841
LOC129532425	NC_086017.1	LOC129532826	NC_073227.2	1.0	0.976	0.976	0.4294
LOC129532425	NC_086017.1	LOC129532828	NC_073227.2	1.0	0.976	0.976	0.4711
LOC129532425	NC_086017.1	LOC129532829	NC_073227.2	1.0	0.973	0.973	0.4656
LOC129532425	NC_086017.1	LOC129532831	NC_073227.2	1.0	0.972	0.972	0.4431
LOC129532425	NC_086017.1	LOC134758245	NC_073227.2	1.0	0.941	0.941	0.0731
LOC129532425	NC_086017.1	LOC134758385	NC_073227.2	1.0	0.976	0.976	0.4711
LOC129532807	NC_073227.2	LOC129532980	NC_073240.2	1.0	0.999	0.999	0.936
LOC129532809	NC_073227.2	LOC134757997	NC_086017.1	1.0	0.976	0.976	0.4711
LOC129532809	NC_073227.2	LOC134757998	NC_086017.1	1.0	0.976	0.976	0.4711
LOC129532809	NC_073227.2	LOC134757999	NC_086017.1	1.0	0.976	0.976	0.4711
LOC129532809	NC_073227.2	LOC134758000	NC_086017.1	1.0	0.976	0.976	0.4711
LOC129532809	NC_073227.2	LOC134758001	NC_086017.1	1.0	0.976	0.976	0.4711
LOC129532809	NC_073227.2	LOC134758002	NC_086017.1	1.0	0.976	0.976	0.4711
LOC129532809	NC_073227.2	LOC134758003	NC_086017.1	1.0	0.976	0.976	0.4711
LOC129532810	NC_073227.2	LOC134757997	NC_086017.1	1.0	0.976	0.976	0.4711
LOC129532810	NC_073227.2	LOC134757998	NC_086017.1	1.0	0.976	0.976	0.4711
LOC129532810	NC_073227.2	LOC134757999	NC_086017.1	1.0	0.976	0.976	0.4711
LOC129532810	NC_073227.2	LOC134758000	NC_086017.1	1.0	0.976	0.976	0.4711
LOC129532810	NC_073227.2	LOC134758001	NC_086017.1	1.0	0.976	0.976	0.4711
LOC129532810	NC_073227.2	LOC134758002	NC_086017.1	1.0	0.976	0.976	0.4711
LOC129532810	NC_073227.2	LOC134758003	NC_086017.1	1.0	0.976	0.976	0.4711
LOC129532811	NC_073227.2	LOC134757997	NC_086017.1	1.0	0.976	0.976	0.4711
LOC129532811	NC_073227.2	LOC134757998	NC_086017.1	1.0	0.976	0.976	0.4711
LOC129532811	NC_073227.2	LOC134757999	NC_086017.1	1.0	0.976	0.976	0.4711
LOC129532811	NC_073227.2	LOC134758000	NC_086017.1	1.0	0.976	0.976	0.4711
LOC129532811	NC_073227.2	LOC134758001	NC_086017.1	1.0	0.976	0.976	0.4711
LOC129532811	NC_073227.2	LOC134758002	NC_086017.1	1.0	0.976	0.976	0.4711
LOC129532811	NC_073227.2	LOC134758003	NC_086017.1	1.0	0.976	0.976	0.4711
LOC129532813	NC_073227.2	LOC134757997	NC_086017.1	1.0	0.976	0.976	0.4711
LOC129532813	NC_073227.2	LOC134757998	NC_086017.1	1.0	0.976	0.976	0.4711
LOC129532813	NC_073227.2	LOC134757999	NC_086017.1	1.0	0.976	0.976	0.4711
LOC129532813	NC_073227.2	LOC134758000	NC_086017.1	1.0	0.976	0.976	0.4711
LOC129532813	NC_073227.2	LOC134758001	NC_086017.1	1.0	0.976	0.976	0.4711
LOC129532813	NC_073227.2	LOC134758002	NC_086017.1	1.0	0.976	0.976	0.4711
LOC129532813	NC_073227.2	LOC134758003	NC_086017.1	1.0	0.976	0.976	0.4711
LOC129532815	NC_073227.2	LOC134757997	NC_086017.1	1.0	0.976	0.976	0.4711
LOC129532815	NC_073227.2	LOC134757998	NC_086017.1	1.0	0.976	0.976	0.4711
LOC129532815	NC_073227.2	LOC134757999	NC_086017.1	1.0	0.976	0.976	0.4711
LOC129532815	NC_073227.2	LOC134758000	NC_086017.1	1.0	0.976	0.976	0.4711
LOC129532815	NC_073227.2	LOC134758001	NC_086017.1	1.0	0.976	0.976	0.4711
LOC129532815	NC_073227.2	LOC134758002	NC_086017.1	1.0	0.976	0.976	0.4711
LOC129532815	NC_073227.2	LOC134758003	NC_086017.1	1.0	0.976	0.976	0.4711
LOC129532817	NC_073227.2	LOC134757997	NC_086017.1	1.0	0.976	0.976	0.4711
LOC129532817	NC_073227.2	LOC134757998	NC_086017.1	1.0	0.976	0.976	0.4711
LOC129532817	NC_073227.2	LOC134757999	NC_086017.1	1.0	0.976	0.976	0.4711
LOC129532817	NC_073227.2	LOC134758000	NC_086017.1	1.0	0.976	0.976	0.4711
LOC129532817	NC_073227.2	LOC134758001	NC_086017.1	1.0	0.976	0.976	0.4711
LOC129532817	NC_073227.2	LOC134758002	NC_086017.1	1.0	0.976	0.976	0.4711
LOC129532817	NC_073227.2	LOC134758003	NC_086017.1	1.0	0.976	0.976	0.4711
LOC129532818	NC_073227.2	LOC134757997	NC_086017.1	1.0	0.976	0.976	0.4711
LOC129532818	NC_073227.2	LOC134757998	NC_086017.1	1.0	0.976	0.976	0.4711
LOC129532818	NC_073227.2	LOC134757999	NC_086017.1	1.0	0.976	0.976	0.4711
LOC129532818	NC_073227.2	LOC134758000	NC_086017.1	1.0	0.976	0.976	0.4711
LOC129532818	NC_073227.2	LOC134758001	NC_086017.1	1.0	0.976	0.976	0.4711
LOC129532818	NC_073227.2	LOC134758002	NC_086017.1	1.0	0.976	0.976	0.4711
LOC129532818	NC_073227.2	LOC134758003	NC_086017.1	1.0	0.976	0.976	0.4711
LOC129532820	NC_073227.2	LOC134757997	NC_086017.1	1.0	0.975	0.975	0.4841
LOC129532820	NC_073227.2	LOC134757998	NC_086017.1	1.0	0.975	0.975	0.4841
LOC129532820	NC_073227.2	LOC134757999	NC_086017.1	1.0	0.975	0.975	0.4841
LOC129532820	NC_073227.2	LOC134758000	NC_086017.1	1.0	0.975	0.975	0.4841
LOC129532820	NC_073227.2	LOC134758001	NC_086017.1	1.0	0.975	0.975	0.4841
LOC129532820	NC_073227.2	LOC134758002	NC_086017.1	1.0	0.975	0.975	0.4841
LOC129532820	NC_073227.2	LOC134758003	NC_086017.1	1.0	0.975	0.975	0.4841
LOC129532826	NC_073227.2	LOC134757997	NC_086017.1	1.0	0.976	0.976	0.4294
LOC129532826	NC_073227.2	LOC134757998	NC_086017.1	1.0	0.976	0.976	0.4294
LOC129532826	NC_073227.2	LOC134757999	NC_086017.1	1.0	0.976	0.976	0.4294
LOC129532826	NC_073227.2	LOC134758000	NC_086017.1	1.0	0.976	0.976	0.4294
LOC129532826	NC_073227.2	LOC134758001	NC_086017.1	1.0	0.976	0.976	0.4294
LOC129532826	NC_073227.2	LOC134758002	NC_086017.1	1.0	0.976	0.976	0.4294
LOC129532826	NC_073227.2	LOC134758003	NC_086017.1	1.0	0.976	0.976	0.4294
LOC129532828	NC_073227.2	LOC134757997	NC_086017.1	1.0	0.976	0.976	0.4711
LOC129532828	NC_073227.2	LOC134757998	NC_086017.1	1.0	0.976	0.976	0.4711
LOC129532828	NC_073227.2	LOC134757999	NC_086017.1	1.0	0.976	0.976	0.4711
LOC129532828	NC_073227.2	LOC134758000	NC_086017.1	1.0	0.976	0.976	0.4711
LOC129532828	NC_073227.2	LOC134758001	NC_086017.1	1.0	0.976	0.976	0.4711
LOC129532828	NC_073227.2	LOC134758002	NC_086017.1	1.0	0.976	0.976	0.4711
LOC129532828	NC_073227.2	LOC134758003	NC_086017.1	1.0	0.976	0.976	0.4711
LOC129532829	NC_073227.2	LOC134757997	NC_086017.1	1.0	0.973	0.973	0.4656
LOC129532829	NC_073227.2	LOC134757998	NC_086017.1	1.0	0.973	0.973	0.4656
LOC129532829	NC_073227.2	LOC134757999	NC_086017.1	1.0	0.973	0.973	0.4656
LOC129532829	NC_073227.2	LOC134758000	NC_086017.1	1.0	0.973	0.973	0.4656
LOC129532829	NC_073227.2	LOC134758001	NC_086017.1	1.0	0.973	0.973	0.4656
LOC129532829	NC_073227.2	LOC134758002	NC_086017.1	1.0	0.973	0.973	0.4656
LOC129532829	NC_073227.2	LOC134758003	NC_086017.1	1.0	0.973	0.973	0.4656
LOC129532831	NC_073227.2	LOC134757997	NC_086017.1	1.0	0.972	0.972	0.4431
LOC129532831	NC_073227.2	LOC134757998	NC_086017.1	1.0	0.972	0.972	0.4431
LOC129532831	NC_073227.2	LOC134757999	NC_086017.1	1.0	0.972	0.972	0.4431
LOC129532831	NC_073227.2	LOC134758000	NC_086017.1	1.0	0.972	0.972	0.4431
LOC129532831	NC_073227.2	LOC134758001	NC_086017.1	1.0	0.972	0.972	0.4431
LOC129532831	NC_073227.2	LOC134758002	NC_086017.1	1.0	0.972	0.972	0.4431
LOC129532831	NC_073227.2	LOC134758003	NC_086017.1	1.0	0.972	0.972	0.4431
LOC129532980	NC_073240.2	LOC134756371	NC_073227.2	1.0	0.997	0.997	0.8814
LOC129532991	NC_073227.2	LOC129533139	NC_073236.2	1.0	0.998	0.998	0.9059
LOC129532991	NC_073227.2	LOC134757770	NC_073245.2	1.0	0.994	0.994	0.7978
LOC129532991	NC_073227.2	LOC134758469	NC_073228.2	1.0	0.994	0.994	0.7978
LOC129532991	NC_073227.2	LOC134758556	NC_073224.2	1.0	0.998	0.998	0.9059
LOC129532991	NC_073227.2	LOC134759048	NC_073231.2	1.0	0.998	0.998	0.9634
LOC129533139	NC_073236.2	LOC134757770	NC_073245.2	1.0	0.996	0.996	0.8837
LOC129533139	NC_073236.2	LOC134758469	NC_073228.2	1.0	0.996	0.996	0.8837
LOC129533139	NC_073236.2	LOC134758556	NC_073224.2	1.0	1.0	1.0	1.0
LOC129533139	NC_073236.2	LOC134759048	NC_073231.2	1.0	0.996	0.996	0.8736
LOC129533206	NC_073227.2	LOC134758993	NC_073231.2	1.0	0.978	0.978	0.4037
LOC129533206	NC_073227.2	LOC134759008	NC_073231.2	1.0	0.979	0.979	0.4268
LOC129533206	NC_073227.2	LOC134759009	NC_073231.2	1.0	0.978	0.978	0.4033
LOC129533206	NC_073227.2	LOC134759010	NC_073231.2	1.0	0.98	0.98	0.4277
LOC129533209	NC_073227.2	LOC134758989	NC_073231.2	1.0	0.977	0.977	0.3698
LOC129533209	NC_073227.2	LOC134758990	NC_073231.2	1.0	0.977	0.977	0.3821
LOC129533209	NC_073227.2	LOC134758993	NC_073231.2	1.0	0.978	0.978	0.5132
LOC129533209	NC_073227.2	LOC134758995	NC_073231.2	1.0	0.976	0.976	0.4079
LOC129533209	NC_073227.2	LOC134759008	NC_073231.2	1.0	0.979	0.979	0.5462
LOC129533209	NC_073227.2	LOC134759009	NC_073231.2	1.0	0.978	0.978	0.5132
LOC129533209	NC_073227.2	LOC134759010	NC_073231.2	1.0	0.98	0.98	0.5477
LOC129533212	NC_073227.2	LOC134758993	NC_073231.2	1.0	0.978	0.978	0.3988
LOC129533212	NC_073227.2	LOC134759008	NC_073231.2	1.0	0.979	0.979	0.4214
LOC129533212	NC_073227.2	LOC134759009	NC_073231.2	1.0	0.978	0.978	0.3984
LOC129533212	NC_073227.2	LOC134759010	NC_073231.2	1.0	0.98	0.98	0.4223
LOC129533214	NC_073227.2	LOC134758993	NC_073231.2	1.0	0.978	0.978	0.398
LOC129533214	NC_073227.2	LOC134759008	NC_073231.2	1.0	0.979	0.979	0.4205
LOC129533214	NC_073227.2	LOC134759009	NC_073231.2	1.0	0.978	0.978	0.3975
LOC129533214	NC_073227.2	LOC134759010	NC_073231.2	1.0	0.98	0.98	0.4214
LOC129533215	NC_073227.2	LOC134758993	NC_073231.2	1.0	0.978	0.978	0.3996
LOC129533215	NC_073227.2	LOC134759008	NC_073231.2	1.0	0.979	0.979	0.4223
LOC129533215	NC_073227.2	LOC134759009	NC_073231.2	1.0	0.978	0.978	0.3992
LOC129533215	NC_073227.2	LOC134759010	NC_073231.2	1.0	0.98	0.98	0.4232
LOC129533217	NC_073227.2	LOC134758993	NC_073231.2	1.0	0.978	0.978	0.4791
LOC129533217	NC_073227.2	LOC134759008	NC_073231.2	1.0	0.979	0.979	0.5089
LOC129533217	NC_073227.2	LOC134759009	NC_073231.2	1.0	0.978	0.978	0.479
LOC129533217	NC_073227.2	LOC134759010	NC_073231.2	1.0	0.98	0.98	0.5102
LOC129533221	NC_073227.2	LOC134758993	NC_073231.2	1.0	0.978	0.978	0.3988
LOC129533221	NC_073227.2	LOC134759008	NC_073231.2	1.0	0.979	0.979	0.4214
LOC129533221	NC_073227.2	LOC134759009	NC_073231.2	1.0	0.978	0.978	0.3984
LOC129533221	NC_073227.2	LOC134759010	NC_073231.2	1.0	0.98	0.98	0.4223
LOC129533222	NC_073227.2	LOC134758993	NC_073231.2	1.0	0.978	0.978	0.3963
LOC129533222	NC_073227.2	LOC134759008	NC_073231.2	1.0	0.979	0.979	0.4188
LOC129533222	NC_073227.2	LOC134759009	NC_073231.2	1.0	0.978	0.978	0.3959
LOC129533222	NC_073227.2	LOC134759010	NC_073231.2	1.0	0.98	0.98	0.4196
LOC129533223	NC_073227.2	LOC134758993	NC_073231.2	1.0	0.978	0.978	0.2889
LOC129533223	NC_073227.2	LOC134759008	NC_073231.2	1.0	0.979	0.979	0.3032
LOC129533223	NC_073227.2	LOC134759009	NC_073231.2	1.0	0.978	0.978	0.2883
LOC129533223	NC_073227.2	LOC134759010	NC_073231.2	1.0	0.98	0.98	0.3036
LOC129534659	NC_073224.2	RPL21	NC_073238.2	1.0	0.957	0.957	0.1858
LOC134756432	NC_073236.2	LOC134757222	NC_073240.2	1.0	1.0	1.0	1.0
LOC134756703	NC_073236.2	LOC134757216	NC_073240.2	1.0	0.989	0.989	0.4113
LOC134756832	NC_073236.2	LOC134757059	NC_073238.2	1.0	0.99	0.99	0.7375
LOC134756925	NC_073237.2	LOC134757413	NC_073241.2	1.0	1.0	1.0	0.8969
LOC134756925	NC_073237.2	LOC134757414	NC_073241.2	1.0	0.999	0.999	0.9101
LOC134757770	NC_073245.2	LOC134758469	NC_073228.2	1.0	0.992	0.992	0.7778
LOC134757770	NC_073245.2	LOC134758556	NC_073224.2	1.0	0.996	0.996	0.8837
LOC134757770	NC_073245.2	LOC134759048	NC_073231.2	1.0	0.992	0.992	0.7692
LOC134757997	NC_086017.1	LOC134758245	NC_073227.2	1.0	0.941	0.941	0.0731
LOC134757997	NC_086017.1	LOC134758385	NC_073227.2	1.0	0.976	0.976	0.4711
LOC134757998	NC_086017.1	LOC134758245	NC_073227.2	1.0	0.941	0.941	0.0731
LOC134757998	NC_086017.1	LOC134758385	NC_073227.2	1.0	0.976	0.976	0.4711
LOC134757999	NC_086017.1	LOC134758245	NC_073227.2	1.0	0.941	0.941	0.0731
LOC134757999	NC_086017.1	LOC134758385	NC_073227.2	1.0	0.976	0.976	0.4711
LOC134758000	NC_086017.1	LOC134758245	NC_073227.2	1.0	0.941	0.941	0.0731
LOC134758000	NC_086017.1	LOC134758385	NC_073227.2	1.0	0.976	0.976	0.4711
LOC134758001	NC_086017.1	LOC134758245	NC_073227.2	1.0	0.941	0.941	0.0731
LOC134758001	NC_086017.1	LOC134758385	NC_073227.2	1.0	0.976	0.976	0.4711
LOC134758002	NC_086017.1	LOC134758245	NC_073227.2	1.0	0.941	0.941	0.0731
LOC134758002	NC_086017.1	LOC134758385	NC_073227.2	1.0	0.976	0.976	0.4711
LOC134758003	NC_086017.1	LOC134758245	NC_073227.2	1.0	0.941	0.941	0.0731
LOC134758003	NC_086017.1	LOC134758385	NC_073227.2	1.0	0.976	0.976	0.4711
LOC134758004	NC_086017.1	LOC134758245	NC_073227.2	1.0	0.941	0.941	0.0688
LOC134758005	NC_086017.1	LOC134758245	NC_073227.2	1.0	0.941	0.941	0.0688
LOC134758006	NC_086017.1	LOC134758245	NC_073227.2	1.0	0.941	0.941	0.0688
LOC134758007	NC_086017.1	LOC134758245	NC_073227.2	1.0	0.941	0.941	0.0688
LOC134758008	NC_086017.1	LOC134758245	NC_073227.2	1.0	0.941	0.941	0.0688
LOC134758236	NC_073227.2	LOC134758993	NC_073231.2	1.0	0.978	0.978	0.4071
LOC134758236	NC_073227.2	LOC134759008	NC_073231.2	1.0	0.979	0.979	0.4304
LOC134758236	NC_073227.2	LOC134759009	NC_073231.2	1.0	0.978	0.978	0.4067
LOC134758236	NC_073227.2	LOC134759010	NC_073231.2	1.0	0.98	0.98	0.4313
LOC134758469	NC_073228.2	LOC134758556	NC_073224.2	1.0	0.996	0.996	0.8837
LOC134758469	NC_073228.2	LOC134759048	NC_073231.2	1.0	0.992	0.992	0.7692
LOC134758556	NC_073224.2	LOC134759048	NC_073231.2	1.0	0.996	0.996	0.8736
LOC134759022	NC_073231.2	RPS15A	NC_073242.2	1.0	0.881	0.881	0.0493
SLC35G3	NC_073228.2	SLC35G5	NC_073231.2	1.0	0.965	0.965	0.1231
ZNF705A	NC_073234.2	ZNF705EP	NC_073233.2	1.0	0.964	0.964	0.1408
ADH5	NC_073227.2	LOC129534179	NC_073229.2	0.999	0.963	0.963	0.1915
CKS1B	NC_073224.2	LOC109027898	NC_073231.2	0.999	0.981	0.981	0.1767
EEF1A1	NC_073229.2	LOC109028379	NC_073224.2	0.999	0.975	0.975	0.3644
EIF3L	NC_086018.1	LOC101139966	NC_073232.2	0.999	0.951	0.951	0.1356
LOC101126783	NC_073231.2	LOC134758236	NC_073227.2	0.999	0.98	0.979	0.4572
LOC101128796	NC_073224.2	MAPKBP1	NC_073240.2	0.999	0.987	0.987	0.372
LOC101129329	NC_073240.2	LOC129526105	NC_073238.2	0.999	1.0	1.0	0.9106
LOC101132580	NC_073247.2	UBE2E3	NC_073235.2	0.999	0.979	0.979	0.4158
LOC101142362	NC_073238.2	LOC115932819	NC_073236.2	0.999	0.989	0.99	0.7121
LOC101142679	NC_073241.2	LOC109028379	NC_073224.2	0.999	0.972	0.972	0.4234
LOC101144197	NC_073227.2	LOC129534774	NC_073230.2	0.999	0.983	0.982	0.4762
LOC101145104	NC_073247.2	RPSA	NC_086017.1	0.999	0.973	0.972	0.4297
LOC101145937	NC_073228.2	LOC109029187	NC_073224.2	0.999	0.942	0.94	0.1448
LOC101146216	NC_073224.2	LOC115935789	NC_073237.2	0.999	0.954	0.954	0.2099
LOC101151037	NC_073234.2	RPS2	NC_073242.2	0.999	0.979	0.978	0.4473
LOC109024694	NC_073247.2	LOC115935285	NC_073230.2	0.999	0.964	0.964	0.2772
LOC109028113	NC_073231.2	LOC129525329	NC_073224.2	0.999	0.994	0.994	0.633
LOC115930119	NC_073229.2	LOC115933182	NC_073230.2	0.999	0.992	0.992	0.6033
LOC115930210	NC_073234.2	RPL7	NC_073231.2	0.999	0.993	0.993	0.7112
LOC115931286	NC_073224.2	RPL7	NC_073231.2	0.999	0.988	0.988	0.6263
LOC115933182	NC_073230.2	LOC115933194	NC_086017.1	0.999	0.993	0.993	0.3589
LOC115933194	NC_086017.1	LOC129523819	NC_073230.2	0.999	0.992	0.992	0.5608
LOC115933194	NC_086017.1	LOC129525174	NC_073232.2	0.999	0.988	0.988	0.359
LOC115933227	NC_073227.2	LOC129525684	NC_073234.2	0.999	0.99	0.99	0.3402
LOC115933227	NC_073227.2	LOC129526909	NC_073239.2	0.999	0.993	0.993	0.3892
LOC129524346	NC_073231.2	LOC129524400	NC_073227.2	0.999	0.978	0.978	0.5065
LOC129524346	NC_073231.2	LOC129533219	NC_073227.2	0.999	0.978	0.978	0.4514
LOC129524346	NC_073231.2	LOC129533220	NC_073227.2	0.999	0.979	0.979	0.5144
LOC129524346	NC_073231.2	LOC129533224	NC_073227.2	0.999	0.979	0.979	0.513
LOC129524346	NC_073231.2	LOC129533225	NC_073227.2	0.999	0.979	0.979	0.513
LOC129524350	NC_073231.2	LOC129524400	NC_073227.2	0.999	0.979	0.979	0.5307
LOC129524350	NC_073231.2	LOC129533219	NC_073227.2	0.999	0.979	0.979	0.4716
LOC129524350	NC_073231.2	LOC129533220	NC_073227.2	0.999	0.979	0.979	0.5389
LOC129524350	NC_073231.2	LOC129533224	NC_073227.2	0.999	0.979	0.979	0.5374
LOC129524350	NC_073231.2	LOC129533225	NC_073227.2	0.999	0.979	0.979	0.5374
LOC129524351	NC_073231.2	LOC129524400	NC_073227.2	0.999	0.979	0.979	0.5172
LOC129524351	NC_073231.2	LOC129533219	NC_073227.2	0.999	0.979	0.979	0.4599
LOC129524351	NC_073231.2	LOC129533220	NC_073227.2	0.999	0.979	0.979	0.5253
LOC129524351	NC_073231.2	LOC129533224	NC_073227.2	0.999	0.979	0.979	0.5239
LOC129524351	NC_073231.2	LOC129533225	NC_073227.2	0.999	0.979	0.979	0.5239
LOC129524400	NC_073227.2	LOC134758993	NC_073231.2	0.999	0.977	0.977	0.4987
LOC129524400	NC_073227.2	LOC134758995	NC_073231.2	0.999	0.975	0.975	0.4037
LOC129524400	NC_073227.2	LOC134759008	NC_073231.2	0.999	0.979	0.979	0.5307
LOC129524400	NC_073227.2	LOC134759009	NC_073231.2	0.999	0.977	0.977	0.4987
LOC129524400	NC_073227.2	LOC134759010	NC_073231.2	0.999	0.979	0.979	0.5321
LOC129524668	NC_073237.2	LOC129529649	NC_086018.1	0.999	0.978	0.978	0.4449
LOC129525684	NC_073234.2	LOC134756358	NC_073242.2	0.999	0.989	0.989	0.1532
LOC129526471	NC_073236.2	LOC129528196	NC_073241.2	0.999	0.994	0.993	0.2945
LOC129528163	NC_073241.2	LOC134756947	NC_073238.2	0.999	0.997	0.997	0.8223
LOC129528187	NC_073238.2	LOC134757319	NC_073240.2	0.999	1.0	1.0	0.9741
LOC129528467	NC_073241.2	LOC129530485	NC_073246.2	0.999	0.984	0.984	0.3344
LOC129529649	NC_086018.1	LOC134757413	NC_073241.2	0.999	0.984	0.984	0.5114
LOC129531205	NC_073240.2	LOC134756831	NC_073236.2	0.999	0.986	0.986	0.5806
LOC129532776	NC_086017.1	LOC134756942	NC_073237.2	0.999	0.957	0.957	0.2524
LOC129533219	NC_073227.2	LOC134758993	NC_073231.2	0.999	0.977	0.977	0.4447
LOC129533219	NC_073227.2	LOC134759008	NC_073231.2	0.999	0.979	0.979	0.4716
LOC129533219	NC_073227.2	LOC134759009	NC_073231.2	0.999	0.977	0.977	0.4512
LOC129533219	NC_073227.2	LOC134759010	NC_073231.2	0.999	0.979	0.979	0.4727
LOC129533220	NC_073227.2	LOC134758993	NC_073231.2	0.999	0.978	0.978	0.5065
LOC129533220	NC_073227.2	LOC134758995	NC_073231.2	0.999	0.976	0.976	0.4096
LOC129533220	NC_073227.2	LOC134759008	NC_073231.2	0.999	0.979	0.979	0.5389
LOC129533220	NC_073227.2	LOC134759009	NC_073231.2	0.999	0.978	0.978	0.5065
LOC129533220	NC_073227.2	LOC134759010	NC_073231.2	0.999	0.98	0.98	0.5403
LOC129533224	NC_073227.2	LOC134758993	NC_073231.2	0.999	0.978	0.978	0.5052
LOC129533224	NC_073227.2	LOC134758995	NC_073231.2	0.999	0.976	0.976	0.4087
LOC129533224	NC_073227.2	LOC134759008	NC_073231.2	0.999	0.979	0.979	0.5374
LOC129533224	NC_073227.2	LOC134759009	NC_073231.2	0.999	0.978	0.978	0.5052
LOC129533224	NC_073227.2	LOC134759010	NC_073231.2	0.999	0.98	0.98	0.5389
LOC129533225	NC_073227.2	LOC134758993	NC_073231.2	0.999	0.978	0.978	0.5052
LOC129533225	NC_073227.2	LOC134758995	NC_073231.2	0.999	0.976	0.976	0.4087
LOC129533225	NC_073227.2	LOC134759008	NC_073231.2	0.999	0.979	0.979	0.5374
LOC129533225	NC_073227.2	LOC134759009	NC_073231.2	0.999	0.978	0.978	0.5052
LOC129533225	NC_073227.2	LOC134759010	NC_073231.2	0.999	0.98	0.98	0.5389
SLC35G3	NC_073228.2	SLC35G6	NC_073243.2	0.999	0.971	0.971	0.3223
ZNF705D	NC_073231.2	ZNF705EP	NC_073233.2	0.999	0.966	0.966	0.1403
FAM136A	NC_073236.2	LOC101153492	NC_073229.2	0.998	0.921	0.921	0.047
HMGN1	NC_073246.2	LOC101140002	NC_073240.2	0.998	0.979	0.979	0.2077
ID2	NC_073236.2	LOC101142351	NC_086017.1	0.998	0.94	0.941	0.0376
LOC101127528	NC_073231.2	LOC109027080	NC_073228.2	0.998	0.954	0.954	0.2748
LOC101129329	NC_073240.2	LOC134756755	NC_073236.2	0.998	1.0	1.0	0.9106
LOC101132116	NC_073224.2	LOC115934295	NC_073227.2	0.998	0.98	0.979	0.3448
LOC101134687	NC_073243.2	RPS27A	NC_073236.2	0.998	0.935	0.935	0.1542
LOC101135431	NC_073230.2	LOC129524120	NC_073231.2	0.998	0.962	0.962	0.0359
LOC101135486	NC_073236.2	RPL27	NC_073228.2	0.998	0.939	0.939	0.1475
LOC101135508	NC_073227.2	LOC101153622	NC_073230.2	0.998	0.909	0.909	0.0726
LOC101136534	NC_073247.2	LOC129531768	NC_073224.2	0.998	0.922	0.922	0.0922
LOC101136771	NC_073236.2	LOC134757041	NC_073238.2	0.998	0.989	0.989	0.1899
LOC101137478	NC_086018.1	LOC101146120	NC_073236.2	0.998	0.956	0.956	0.2548
LOC101137478	NC_086018.1	LOC115931577	NC_073244.2	0.998	0.989	0.989	0.7071
LOC101137478	NC_086018.1	LOC129534058	NC_073229.2	0.998	0.962	0.962	0.3566
LOC101138607	NC_086018.1	LOC134756682	NC_073235.2	0.998	0.96	0.96	0.3607
LOC101138859	NC_073247.2	LOC115930187	NC_073234.2	0.998	0.972	0.972	0.3976
LOC101138859	NC_073247.2	LOC129528351	NC_073241.2	0.998	0.976	0.976	0.4435
LOC101140002	NC_073240.2	LOC101154501	NC_073224.2	0.998	0.973	0.973	0.2146
LOC101140340	NC_086017.1	LOC101144515	NC_073233.2	0.998	0.896	0.896	0.0563
LOC101142220	NC_073238.2	LOC101148649	NC_073240.2	0.998	0.939	0.939	0.1741
LOC101142220	NC_073238.2	LOC115930187	NC_073234.2	0.998	0.98	0.98	0.5397
LOC101144515	NC_073233.2	LOC101153289	NC_073232.2	0.998	0.922	0.922	0.0677
LOC101145104	NC_073247.2	LOC101148649	NC_073240.2	0.998	0.929	0.929	0.1546
LOC101145104	NC_073247.2	LOC129528351	NC_073241.2	0.998	0.969	0.969	0.407
LOC101147574	NC_073227.2	LOC101148666	NC_073243.2	0.998	0.914	0.912	0.1985
LOC101147805	NC_073227.2	SRSF3	NC_073229.2	0.998	0.994	0.994	0.383
LOC101148649	NC_073240.2	LOC129528351	NC_073241.2	0.998	0.933	0.933	0.1462
LOC101150857	NC_073247.2	LOC109027080	NC_073228.2	0.998	0.943	0.943	0.2807
LOC101151538	NC_073243.2	LOC129530113	NC_073247.2	0.998	0.959	0.959	0.2632
LOC101151846	NC_073224.2	RPS7	NC_073236.2	0.998	0.971	0.971	0.3297
LOC115930187	NC_073234.2	LOC129528351	NC_073241.2	0.998	0.98	0.98	0.5837
LOC115930422	NC_073238.2	RPS7	NC_073236.2	0.998	0.977	0.977	0.4128
LOC115932907	NC_073236.2	LOC129529333	NC_073246.2	0.998	0.982	0.982	0.1186
LOC115933182	NC_073230.2	LOC129526909	NC_073239.2	0.998	0.998	0.998	0.8221
LOC115933239	NC_073236.2	LOC129525066	NC_086017.1	0.998	0.991	0.991	0.6281
LOC115933239	NC_073236.2	LOC129526565	NC_073241.2	0.998	0.986	0.986	0.534
LOC115933486	NC_073233.2	LOC129530113	NC_073247.2	0.998	0.965	0.965	0.2676
LOC115933486	NC_073233.2	LOC134757331	NC_073240.2	0.998	0.945	0.943	0.1921
LOC115936029	NC_073232.2	RPL12	NC_073237.2	0.998	0.968	0.968	0.4079
LOC115936205	NC_073233.2	SSU72L6	NC_073230.2	0.998	0.964	0.964	0.1913
LOC115936287	NC_073233.2	SSU72L6	NC_073230.2	0.998	0.966	0.966	0.215
LOC115936299	NC_073227.2	LOC129534781	NC_073230.2	0.998	0.961	0.961	0.0444
LOC129524346	NC_073231.2	LOC129524399	NC_073227.2	0.998	0.979	0.979	0.4624
LOC129524350	NC_073231.2	LOC129524399	NC_073227.2	0.998	0.979	0.979	0.4832
LOC129524351	NC_073231.2	LOC129524399	NC_073227.2	0.998	0.979	0.979	0.4713
LOC129524399	NC_073227.2	LOC134758993	NC_073231.2	0.998	0.978	0.978	0.4556
LOC129524399	NC_073227.2	LOC134759008	NC_073231.2	0.998	0.979	0.979	0.4832
LOC129524399	NC_073227.2	LOC134759009	NC_073231.2	0.998	0.978	0.978	0.4554
LOC129524399	NC_073227.2	LOC134759010	NC_073231.2	0.998	0.98	0.98	0.4843
LOC129525554	NC_073233.2	LOC134756358	NC_073242.2	0.998	0.992	0.992	0.0925
LOC129525778	NC_073234.2	LOC134757173	NC_073239.2	0.998	1.0	1.0	0.8085
LOC129525779	NC_073234.2	LOC134757173	NC_073239.2	0.998	1.0	1.0	0.8085
LOC129526385	NC_073238.2	LOC129528452	NC_073241.2	0.998	0.993	0.993	0.2458
LOC129526385	NC_073238.2	LOC134756703	NC_073236.2	0.998	0.989	0.989	0.4991
LOC129526391	NC_073236.2	LOC134757041	NC_073238.2	0.998	0.989	0.989	0.1855
LOC129527275	NC_073240.2	LOC129529548	NC_086018.1	0.998	0.987	0.987	0.2197
LOC129527576	NC_073242.2	RPL7	NC_073231.2	0.998	0.973	0.973	0.3239
LOC129528260	NC_073241.2	LOC134757173	NC_073239.2	0.998	1.0	1.0	0.9895
LOC129528452	NC_073241.2	LOC134756703	NC_073236.2	0.998	0.994	0.994	0.374
ELOC	NC_073231.2	LOC101139242	NC_073232.2	0.997	0.915	0.915	0.1133
HINT1	NC_073228.2	LOC101124007	NC_073230.2	0.997	0.942	0.942	0.0888
HMGB3	NC_073247.2	LOC115935782	NC_073237.2	0.997	0.947	0.945	0.0682
HMGN2	NC_073224.2	LOC101127689	NC_086017.1	0.997	0.96	0.96	0.0674
LOC101125376	NC_073224.2	LOC101133427	NC_073230.2	0.997	0.9	0.9	0.0741
LOC101125376	NC_073224.2	RPL36A	NC_073247.2	0.997	0.916	0.916	0.125
LOC101129892	NC_073244.2	LOC101152650	NC_073230.2	0.997	0.976	0.974	0.4688
LOC101130226	NC_073240.2	LOC109023133	NC_073239.2	0.997	0.899	0.9	0.0633
LOC101130286	NC_073237.2	LOC101145780	NC_073240.2	0.997	0.937	0.937	0.2031
LOC101130806	NC_073233.2	LOC134757904	NC_073247.2	0.997	0.874	0.875	0.1273
LOC101131169	NC_073224.2	LOC134758199	NC_086018.1	0.997	0.928	0.929	0.0889
LOC101132402	NC_073228.2	LOC101136779	NC_073247.2	0.997	0.916	0.917	0.069
LOC101132402	NC_073228.2	LOC129528333	NC_073224.2	0.997	0.93	0.931	0.0602
LOC101133011	NC_073239.2	RPL36	NC_073244.2	0.997	0.931	0.931	0.1212
LOC101133864	NC_073242.2	LOC101152267	NC_073228.2	0.997	0.97	0.97	0.3317
LOC101133864	NC_073242.2	RPL7	NC_073231.2	0.997	0.976	0.974	0.3445
LOC101138859	NC_073247.2	LOC101142220	NC_073238.2	0.997	0.977	0.977	0.4453
LOC101139383	NC_073238.2	LOC101151385	NC_073234.2	0.997	0.957	0.956	0.3045
LOC101140422	NC_073224.2	TMA7	NC_086017.1	0.997	0.974	0.974	0.3147
LOC101141346	NC_073235.2	LOC109023669	NC_073242.2	0.997	0.945	0.945	0.2549
LOC101142199	NC_073236.2	LOC101149210	NC_073233.2	0.997	0.955	0.955	0.2439
LOC101143299	NC_073234.2	LOC134756773	NC_073236.2	0.997	0.9	0.9	0.0769
LOC101144966	NC_073245.2	LOC115936029	NC_073232.2	0.997	0.962	0.962	0.3784
LOC101145780	NC_073240.2	LOC134756773	NC_073236.2	0.997	0.893	0.893	0.0776
LOC101148362	NC_073224.2	RPL35A	NC_086017.1	0.997	0.918	0.918	0.0606
LOC101148649	NC_073240.2	LOC115930187	NC_073234.2	0.997	0.928	0.928	0.1477
LOC101151078	NC_073241.2	LOC134756773	NC_073236.2	0.997	0.873	0.873	0.0439
LOC101151846	NC_073224.2	LOC115930422	NC_073238.2	0.997	0.962	0.962	0.3353
LOC101152267	NC_073228.2	LOC129527576	NC_073242.2	0.997	0.966	0.966	0.2919
LOC101152462	NC_073233.2	LOC129524120	NC_073231.2	0.997	0.858	0.858	0.032
LOC101152650	NC_073230.2	LOC134756773	NC_073236.2	0.997	0.896	0.897	0.0442
LOC101152675	NC_073237.2	LOC129531862	NC_073236.2	0.997	0.988	0.988	0.6367
LOC109024294	NC_073245.2	TMSB4X	NC_073247.2	0.997	0.961	0.961	0.3037
LOC109025909	NC_073224.2	LOC129524120	NC_073231.2	0.997	0.883	0.884	0.0847
LOC115932761	NC_073246.2	LOC129529649	NC_086018.1	0.997	0.978	0.978	0.4587
LOC115932907	NC_073236.2	LOC129526552	NC_073239.2	0.997	0.985	0.985	0.0717
LOC115932939	NC_073236.2	LOC129527275	NC_073240.2	0.997	0.986	0.986	0.1609
LOC115934282	NC_073236.2	LOC134757059	NC_073238.2	0.997	0.987	0.987	0.5211
LOC129526375	NC_073236.2	LOC129531947	NC_073235.2	0.997	0.973	0.973	0.093
LOC129526401	NC_073238.2	LOC129529639	NC_086018.1	0.997	0.962	0.962	0.2333
LOC129526552	NC_073239.2	LOC129531947	NC_073235.2	0.997	0.976	0.976	0.1103
LOC129526909	NC_073239.2	LOC134756358	NC_073242.2	0.997	0.991	0.991	0.1649
LOC129527979	NC_073243.2	LOC129530307	NC_073248.2	0.997	0.963	0.963	0.154
LOC129528445	NC_073241.2	LOC129530485	NC_073246.2	0.997	0.984	0.984	0.3212
LOC129529649	NC_086018.1	LOC129530568	NC_073246.2	0.997	0.977	0.977	0.4409
LOC134756925	NC_073237.2	LOC134757415	NC_073241.2	0.997	0.995	0.995	0.791
LOC134759079	NC_073231.2	PCBP2	NC_073234.2	0.997	0.966	0.966	0.0921
BTF3	NC_073243.2	LOC101133056	NC_073229.2	0.996	0.946	0.946	0.0974
LOC101123836	NC_073227.2	LOC101144095	NC_073228.2	0.996	0.875	0.876	0.0504
LOC101123958	NC_073239.2	LOC101130686	NC_073224.2	0.996	0.951	0.95	0.2623
LOC101123958	NC_073239.2	LOC101148649	NC_073240.2	0.996	0.929	0.928	0.1321
LOC101123958	NC_073239.2	LOC115930187	NC_073234.2	0.996	0.962	0.96	0.2908
LOC101123958	NC_073239.2	LOC129528351	NC_073241.2	0.996	0.964	0.964	0.3028
LOC101123958	NC_073239.2	RPSA	NC_086017.1	0.996	0.967	0.967	0.3147
LOC101125084	NC_073244.2	LOC115930093	NC_073227.2	0.996	0.958	0.958	0.3478
LOC101125671	NC_073242.2	LOC109024112	NC_073224.2	0.996	0.923	0.92	0.1667
LOC101126027	NC_073240.2	LOC101131421	NC_073235.2	0.996	0.877	0.877	0.0357
LOC101126027	NC_073240.2	LOC101132832	NC_073224.2	0.996	0.915	0.916	0.141
LOC101126607	NC_073239.2	LOC101140345	NC_086017.1	0.996	0.946	0.946	0.2048
LOC101126607	NC_073239.2	LOC101140615	NC_073240.2	0.996	0.831	0.832	0.0549
LOC101130226	NC_073240.2	LOC101137804	NC_086017.1	0.996	0.898	0.898	0.1209
LOC101132158	NC_073224.2	LOC115930093	NC_073227.2	0.996	0.973	0.974	0.3889
LOC101133056	NC_073229.2	LOC101144663	NC_086017.1	0.996	0.927	0.925	0.0783
LOC101134687	NC_073243.2	LOC109027020	NC_073224.2	0.996	0.929	0.929	0.135
LOC101137471	NC_073230.2	LOC115930093	NC_073227.2	0.996	0.951	0.951	0.2877
LOC101137833	NC_073241.2	LOC101152491	NC_086017.1	0.996	0.961	0.961	0.3256
LOC101137833	NC_073241.2	LOC129534659	NC_073224.2	0.996	0.95	0.951	0.2199
LOC101137833	NC_073241.2	LOC134757331	NC_073240.2	0.996	0.953	0.953	0.2238
LOC101139475	NC_073224.2	NDUFA4	NC_073230.2	0.996	0.953	0.951	0.0501
LOC101139924	NC_073229.2	LOC134756682	NC_073235.2	0.996	0.915	0.913	0.1241
LOC101140345	NC_086017.1	LOC101140615	NC_073240.2	0.996	0.857	0.857	0.0455
LOC101143037	NC_073232.2	RPL7A	NC_073237.2	0.996	0.94	0.938	0.1424
LOC101145399	NC_073239.2	LOC129534774	NC_073230.2	0.996	0.979	0.978	0.4976
LOC101146120	NC_073236.2	LOC115931577	NC_073244.2	0.996	0.96	0.96	0.2727
LOC101146492	NC_086017.1	RPS3	NC_073233.2	0.996	0.96	0.959	0.2695
LOC101146866	NC_073229.2	SH3BGRL3	NC_073224.2	0.996	0.886	0.887	0.0345
LOC101151037	NC_073234.2	LOC115931577	NC_073244.2	0.996	0.98	0.981	0.564
LOC101151037	NC_073234.2	LOC129534058	NC_073229.2	0.996	0.962	0.962	0.3983
LOC101151538	NC_073243.2	LOC101152491	NC_086017.1	0.996	0.955	0.955	0.2877
LOC101151538	NC_073243.2	LOC129534659	NC_073224.2	0.996	0.938	0.938	0.1887
LOC101151538	NC_073243.2	LOC134757331	NC_073240.2	0.996	0.935	0.935	0.1636
LOC101152491	NC_086017.1	LOC109024489	NC_073246.2	0.996	0.967	0.967	0.4
LOC101152491	NC_086017.1	LOC129530113	NC_073247.2	0.996	0.961	0.961	0.3443
LOC101152491	NC_086017.1	LOC129533959	NC_073228.2	0.996	0.967	0.967	0.373
LOC101153588	NC_073228.2	LOC101154144	NC_073235.2	0.996	0.911	0.91	0.0728
LOC101153866	NC_073231.2	SEC11A	NC_073240.2	0.996	0.948	0.948	0.1433
LOC101154144	NC_073235.2	LOC115933479	NC_073233.2	0.996	0.934	0.935	0.1307
LOC101154144	NC_073235.2	PPIA	NC_073230.2	0.996	0.932	0.933	0.1359
LOC109023808	NC_073243.2	LOC109028379	NC_073224.2	0.996	0.967	0.967	0.3647
LOC109024112	NC_073224.2	LOC134758274	NC_073227.2	0.996	0.923	0.924	0.2603
LOC109024489	NC_073246.2	LOC129534659	NC_073224.2	0.996	0.959	0.959	0.2662
LOC109024489	NC_073246.2	LOC134757331	NC_073240.2	0.996	0.959	0.96	0.2786
LOC115930093	NC_073227.2	RPS27	NC_073224.2	0.996	0.977	0.977	0.3836
LOC115930210	NC_073234.2	LOC115931286	NC_073224.2	0.996	0.982	0.982	0.5408
LOC115930210	NC_073234.2	ZNF589	NC_086017.1	0.996	0.991	0.992	0.0528
LOC129523572	NC_073240.2	TPTE2	NC_073238.2	0.996	0.997	0.996	0.6013
LOC129525778	NC_073234.2	LOC129528260	NC_073241.2	0.996	1.0	1.0	0.8
LOC129525779	NC_073234.2	LOC129528260	NC_073241.2	0.996	1.0	1.0	0.8
LOC129526379	NC_073238.2	LOC129530543	NC_073236.2	0.996	0.984	0.984	0.6198
LOC129529333	NC_073246.2	LOC129531947	NC_073235.2	0.996	0.976	0.976	0.1739
LOC129529649	NC_086018.1	LOC129531742	NC_073236.2	0.996	0.979	0.978	0.5072
LOC129530113	NC_073247.2	LOC129534659	NC_073224.2	0.996	0.944	0.944	0.2132
LOC129530113	NC_073247.2	RPL21	NC_073238.2	0.996	0.977	0.977	0.3095
LOC129530307	NC_073248.2	LOC129534780	NC_073230.2	0.996	0.956	0.956	0.2375
LOC129533959	NC_073228.2	LOC129534659	NC_073224.2	0.996	0.957	0.957	0.2429
LOC129533959	NC_073228.2	LOC134757331	NC_073240.2	0.996	0.959	0.96	0.2465
ATP5MC1	NC_073228.2	LOC101144419	NC_073238.2	0.995	0.92	0.918	0.1084
DEFB108B	NC_073233.2	LOC115935600	NC_073231.2	0.995	0.964	0.964	0.2931
LOC101123958	NC_073239.2	LOC101142220	NC_073238.2	0.995	0.968	0.968	0.3252
LOC101124540	NC_073235.2	LOC101152433	NC_073232.2	0.995	0.937	0.937	0.1947
LOC101129892	NC_073244.2	LOC101130286	NC_073237.2	0.995	0.95	0.947	0.2432
LOC101130286	NC_073237.2	RPS26	NC_073234.2	0.995	0.954	0.954	0.1716
LOC101130686	NC_073224.2	LOC101145104	NC_073247.2	0.995	0.959	0.959	0.308
LOC101133796	NC_073231.2	LOC101143299	NC_073234.2	0.995	0.978	0.978	0.6421
LOC101133796	NC_073231.2	RPS26	NC_073234.2	0.995	0.985	0.985	0.442
LOC101136829	NC_073228.2	LOC101152433	NC_073232.2	0.995	0.919	0.919	0.1301
LOC101142220	NC_073238.2	LOC101145104	NC_073247.2	0.995	0.97	0.969	0.387
LOC101144419	NC_073238.2	LOC101144921	NC_073239.2	0.995	0.899	0.897	0.0531
LOC101145104	NC_073247.2	LOC115930187	NC_073234.2	0.995	0.966	0.966	0.3846
LOC101145780	NC_073240.2	LOC101152650	NC_073230.2	0.995	0.961	0.961	0.4018
LOC101146806	NC_073236.2	LOC109026990	NC_073228.2	0.995	0.975	0.975	0.4558
LOC101147142	NC_073247.2	LOC101152433	NC_073232.2	0.995	0.904	0.905	0.1849
LOC101149912	NC_073224.2	RPL35	NC_073237.2	0.995	0.96	0.96	0.2276
LOC101152063	NC_073231.2	UBE2H	NC_073230.2	0.995	0.948	0.948	0.0387
LOC101152650	NC_073230.2	LOC109023669	NC_073242.2	0.995	0.961	0.959	0.3214
LOC101152650	NC_073230.2	RPS26	NC_073234.2	0.995	0.973	0.974	0.349
LOC115930192	NC_073224.2	LOC115935032	NC_073229.2	0.995	0.967	0.967	0.355
LOC115932837	NC_073246.2	LOC115932854	NC_073227.2	0.995	0.966	0.966	0.3305
LOC115932837	NC_073246.2	LOC134758387	NC_073227.2	0.995	0.964	0.965	0.1695
LOC115932854	NC_073227.2	LOC129530558	NC_086018.1	0.995	0.966	0.966	0.3305
LOC129526471	NC_073236.2	LOC134757041	NC_073238.2	0.995	0.989	0.989	0.132
LOC129527283	NC_073240.2	LOC134757041	NC_073238.2	0.995	0.989	0.989	0.233
LOC129528196	NC_073241.2	LOC129529385	NC_073246.2	0.995	0.998	0.998	0.5502
LOC129530558	NC_086018.1	LOC134758387	NC_073227.2	0.995	0.964	0.965	0.1695
LOC129531453	NC_073240.2	LOC134757041	NC_073238.2	0.995	0.977	0.977	0.1389
LOC129533220	NC_073227.2	LOC134758989	NC_073231.2	0.995	0.977	0.977	0.3715
LOC129533220	NC_073227.2	LOC134758990	NC_073231.2	0.995	0.977	0.977	0.3837
LOC134758199	NC_086018.1	LOC134759022	NC_073231.2	0.995	0.875	0.873	0.0469
LOC134758199	NC_086018.1	RPS15A	NC_073242.2	0.995	0.931	0.931	0.0603
LOC101131259	NC_073231.2	LOC109024295	NC_073224.2	0.994	0.977	0.977	0.384
LOC101133864	NC_073242.2	LOC109026322	NC_086017.1	0.994	0.971	0.971	0.3724
LOC101137537	NC_086017.1	LOC134757331	NC_073240.2	0.994	0.953	0.951	0.2143
LOC101137833	NC_073241.2	LOC129530113	NC_073247.2	0.994	0.969	0.969	0.3566
LOC101139366	NC_073236.2	LOC101144515	NC_073233.2	0.994	0.89	0.89	0.0785
LOC101144515	NC_073233.2	LOC115932777	NC_073224.2	0.994	0.902	0.902	0.1056
LOC101144515	NC_073233.2	LOC129529189	NC_073245.2	0.994	0.91	0.908	0.0492
LOC101144515	NC_073233.2	PPIA	NC_073230.2	0.994	0.946	0.944	0.2
LOC101145965	NC_073231.2	PSMC6	NC_073239.2	0.994	0.986	0.985	0.5352
LOC101146120	NC_073236.2	LOC101151037	NC_073234.2	0.994	0.956	0.956	0.288
LOC101146227	NC_073234.2	LOC109025290	NC_073228.2	0.994	0.958	0.952	0.3265
LOC101146227	NC_073234.2	LOC109029139	NC_073224.2	0.994	0.958	0.952	0.3091
LOC101146227	NC_073234.2	LOC129525323	NC_073224.2	0.994	0.97	0.964	0.3016
LOC101146227	NC_073234.2	RPL39	NC_073247.2	0.994	0.976	0.97	0.2386
LOC101146227	NC_073234.2	RPL39L	NC_086017.1	0.994	0.94	0.934	0.0548
LOC101146492	NC_086017.1	LOC129526335	NC_073238.2	0.994	0.959	0.959	0.2005
LOC101152626	NC_073243.2	LOC109024079	NC_073244.2	0.994	0.903	0.903	0.1307
LOC109023584	NC_073242.2	LOC109027020	NC_073224.2	0.994	0.972	0.97	0.4496
LOC109024295	NC_073224.2	TMSB4X	NC_073247.2	0.994	0.98	0.98	0.3846
LOC109025310	NC_073234.2	NACA2	NC_073228.2	0.994	0.954	0.95	0.2135
LOC115932837	NC_073246.2	LOC129532824	NC_073227.2	0.994	0.966	0.966	0.2678
LOC129527811	NC_073242.2	LOC129530113	NC_073247.2	0.994	0.973	0.973	0.3721
LOC129527811	NC_073242.2	LOC134757331	NC_073240.2	0.994	0.947	0.947	0.2123
LOC129530113	NC_073247.2	LOC129533959	NC_073228.2	0.994	0.975	0.975	0.416
LOC129530558	NC_086018.1	LOC129532824	NC_073227.2	0.994	0.966	0.966	0.2678
GGTLC1	NC_073245.2	LOC109024567	NC_086018.1	0.993	0.949	0.946	0.2391
LOC101126442	NC_073231.2	LOC115935032	NC_073229.2	0.993	0.977	0.977	0.4768
LOC101127811	NC_073235.2	LOC101144515	NC_073233.2	0.993	0.913	0.911	0.1538
LOC101127811	NC_073235.2	LOC101151494	NC_073233.2	0.993	0.923	0.921	0.1342
LOC101127811	NC_073235.2	PPIAL4H	NC_073224.2	0.993	0.894	0.895	0.125
LOC101132879	NC_073229.2	RPL7A	NC_073237.2	0.993	0.984	0.984	0.4772
LOC101133075	NC_073247.2	LOC101151223	NC_073231.2	0.993	0.867	0.868	0.0479
LOC101137306	NC_073234.2	LOC115930192	NC_073224.2	0.993	0.97	0.97	0.4074
LOC101138607	NC_086018.1	LOC101139924	NC_073229.2	0.993	0.91	0.909	0.1567
LOC101138859	NC_073247.2	LOC101148649	NC_073240.2	0.993	0.936	0.936	0.2036
LOC101140345	NC_086017.1	LOC129532770	NC_073224.2	0.993	0.949	0.949	0.0728
LOC101140615	NC_073240.2	LOC109023133	NC_073239.2	0.993	0.849	0.846	0.0336
LOC101140615	NC_073240.2	LOC115934990	NC_073229.2	0.993	0.834	0.835	0.08
LOC101141290	NC_073229.2	LOC101151538	NC_073243.2	0.993	0.955	0.953	0.2857
LOC101141290	NC_073229.2	LOC101152491	NC_086017.1	0.993	0.957	0.957	0.4074
LOC101141290	NC_073229.2	LOC109024489	NC_073246.2	0.993	0.973	0.971	0.4034
LOC101141290	NC_073229.2	LOC129527811	NC_073242.2	0.993	0.964	0.964	0.3306
LOC101141290	NC_073229.2	LOC129530113	NC_073247.2	0.993	0.966	0.964	0.3684
LOC101141290	NC_073229.2	LOC129533959	NC_073228.2	0.993	0.975	0.973	0.4103
LOC101141290	NC_073229.2	LOC129534659	NC_073224.2	0.993	0.944	0.944	0.2339
LOC101142220	NC_073238.2	LOC129528351	NC_073241.2	0.993	0.99	0.99	0.7336
LOC101143299	NC_073234.2	LOC101152650	NC_073230.2	0.993	0.971	0.971	0.4906
LOC101144988	NC_073247.2	LOC101152650	NC_073230.2	0.993	0.969	0.969	0.0706
LOC101152267	NC_073228.2	LOC115930210	NC_073234.2	0.993	0.987	0.987	0.6923
LOC129524654	NC_073237.2	LOC129528441	NC_073241.2	0.993	0.998	0.998	0.9122
LOC129527811	NC_073242.2	LOC129533959	NC_073228.2	0.993	0.983	0.981	0.5372
KAT7	NC_073228.2	LOC101151345	NC_073247.2	0.992	0.981	0.98	0.4155
LOC101126027	NC_073240.2	LOC101132158	NC_073224.2	0.992	0.931	0.931	0.186
LOC101126027	NC_073240.2	LOC101137471	NC_073230.2	0.992	0.919	0.92	0.1429
LOC101126027	NC_073240.2	LOC115930093	NC_073227.2	0.992	0.911	0.912	0.2
LOC101126684	NC_073232.2	LOC129530113	NC_073247.2	0.992	0.963	0.961	0.2025
LOC101128093	NC_073228.2	LOC101137229	NC_073229.2	0.992	0.947	0.947	0.291
LOC101128800	NC_073227.2	NDUFB4	NC_086017.1	0.992	0.966	0.967	0.3514
LOC101130013	NC_073244.2	LOC101149912	NC_073224.2	0.992	0.892	0.89	0.0451
LOC101130286	NC_073237.2	LOC101152650	NC_073230.2	0.992	0.954	0.954	0.225
LOC101131885	NC_073224.2	LOC101136257	NC_073229.2	0.992	0.874	0.875	0.0347
LOC101132879	NC_073229.2	LOC101143037	NC_073232.2	0.992	0.932	0.931	0.126
LOC101140029	NC_073244.2	LOC109029139	NC_073224.2	0.992	0.874	0.871	0.1304
LOC101144515	NC_073233.2	LOC101153588	NC_073228.2	0.992	0.93	0.928	0.1106
LOC101144515	NC_073233.2	LOC101154368	NC_073224.2	0.992	0.905	0.904	0.1256
LOC101152267	NC_073228.2	LOC115931286	NC_073224.2	0.992	0.981	0.979	0.5122
LOC101152491	NC_086017.1	LOC129527811	NC_073242.2	0.992	0.957	0.957	0.3008
LOC101154144	NC_073235.2	PPIAL4H	NC_073224.2	0.992	0.886	0.886	0.1
LOC109027152	NC_073229.2	LOC115930093	NC_073227.2	0.992	0.905	0.906	0.099
LOC115931286	NC_073224.2	LOC129527576	NC_073242.2	0.992	0.961	0.961	0.2336
LOC115932939	NC_073236.2	LOC129529548	NC_086018.1	0.992	0.981	0.981	0.4298
LOC115933091	NC_073233.2	LOC129532712	NC_073232.2	0.992	0.994	0.994	0.2911
LOC129524400	NC_073227.2	LOC134758989	NC_073231.2	0.992	0.976	0.976	0.3664
LOC129524400	NC_073227.2	LOC134758990	NC_073231.2	0.992	0.976	0.976	0.3784
LOC129524661	NC_073237.2	LOC129528447	NC_073241.2	0.992	1.0	0.998	0.8384
LOC129526431	NC_073238.2	LOC129530398	NC_073248.2	0.992	0.966	0.967	0.1613
LOC129527811	NC_073242.2	LOC129534659	NC_073224.2	0.992	0.946	0.947	0.2168
LOC129532087	NC_073235.2	LOC134757302	NC_073240.2	0.992	0.921	0.92	0.0795
LOC101123958	NC_073239.2	LOC101154352	NC_073237.2	0.991	0.929	0.928	0.148
LOC101125376	NC_073224.2	LOC101130806	NC_073233.2	0.991	0.874	0.872	0.0431
LOC101126783	NC_073231.2	LOC129533209	NC_073227.2	0.991	0.979	0.979	0.5126
LOC101136779	NC_073247.2	LOC115935322	NC_073230.2	0.991	0.968	0.968	0.2424
LOC101137249	NC_073245.2	LOC101144033	NC_073233.2	0.991	0.89	0.889	0.0542
LOC101143299	NC_073234.2	LOC101145780	NC_073240.2	0.991	0.964	0.962	0.5138
LOC101143299	NC_073234.2	LOC101151078	NC_073241.2	0.991	0.924	0.925	0.1691
LOC101147388	NC_073238.2	SPCS2	NC_073233.2	0.991	0.996	0.995	0.6744
LOC101151578	NC_073231.2	TUBB	NC_073229.2	0.991	0.972	0.972	0.4154
LOC101153588	NC_073228.2	PPIA	NC_073230.2	0.991	0.975	0.968	0.4192
LOC101154090	NC_073229.2	MAP2K4	NC_073243.2	0.991	0.999	0.999	0.4887
LOC109024060	NC_073244.2	LOC129524489	NC_073237.2	0.991	0.831	0.83	0.0352
LOC129524400	NC_073227.2	LOC134758981	NC_073231.2	0.991	0.977	0.977	0.4771
LOC129526375	NC_073236.2	LOC129529639	NC_086018.1	0.991	0.969	0.967	0.3913
LOC129526552	NC_073239.2	LOC129529639	NC_086018.1	0.991	0.972	0.97	0.4556
LOC129526976	NC_073240.2	LOC129529548	NC_086018.1	0.991	0.98	0.98	0.5984
LOC129533209	NC_073227.2	LOC134758981	NC_073231.2	0.991	0.978	0.978	0.4829
LOC129533220	NC_073227.2	LOC134758981	NC_073231.2	0.991	0.977	0.977	0.4843
LOC129533224	NC_073227.2	LOC134758981	NC_073231.2	0.991	0.977	0.977	0.4831
LOC129533225	NC_073227.2	LOC134758981	NC_073231.2	0.991	0.977	0.977	0.4831
LOC101126442	NC_073231.2	LOC115930192	NC_073224.2	0.99	0.959	0.959	0.3136
LOC101130286	NC_073237.2	LOC101144988	NC_073247.2	0.99	0.944	0.944	0.0411
LOC101130286	NC_073237.2	LOC101151078	NC_073241.2	0.99	0.9	0.901	0.0963
LOC101133864	NC_073242.2	LOC115931286	NC_073224.2	0.99	0.965	0.965	0.2464
LOC101144947	NC_073228.2	LOC109027584	NC_073230.2	0.99	0.912	0.908	0.1505
LOC109025290	NC_073228.2	LOC129525323	NC_073224.2	0.99	0.937	0.938	0.2078
LOC109027584	NC_073230.2	TMA7	NC_086017.1	0.99	0.922	0.923	0.1079
LOC109028262	NC_073236.2	LOC115931858	NC_073246.2	0.99	0.953	0.954	0.0458
LOC115931286	NC_073224.2	ZNF589	NC_086017.1	0.99	0.985	0.983	0.0465
LOC115932853	NC_073227.2	LOC129532420	NC_086017.1	0.99	0.974	0.974	0.462
LOC115932853	NC_073227.2	LOC134758004	NC_086017.1	0.99	0.974	0.974	0.462
LOC115932853	NC_073227.2	LOC134758005	NC_086017.1	0.99	0.974	0.974	0.462
LOC115932853	NC_073227.2	LOC134758006	NC_086017.1	0.99	0.974	0.974	0.462
LOC115932853	NC_073227.2	LOC134758007	NC_086017.1	0.99	0.974	0.974	0.462
LOC115932853	NC_073227.2	LOC134758008	NC_086017.1	0.99	0.974	0.974	0.462
LOC115932855	NC_073227.2	LOC129532420	NC_086017.1	0.99	0.974	0.974	0.462
LOC115932855	NC_073227.2	LOC134758004	NC_086017.1	0.99	0.974	0.974	0.462
LOC115932855	NC_073227.2	LOC134758005	NC_086017.1	0.99	0.974	0.974	0.462
LOC115932855	NC_073227.2	LOC134758006	NC_086017.1	0.99	0.974	0.974	0.462
LOC115932855	NC_073227.2	LOC134758007	NC_086017.1	0.99	0.974	0.974	0.462
LOC115932855	NC_073227.2	LOC134758008	NC_086017.1	0.99	0.974	0.974	0.462
LOC129524664	NC_073237.2	LOC134757055	NC_073238.2	0.99	0.987	0.986	0.4943
LOC129524670	NC_073237.2	LOC129529384	NC_073246.2	0.99	0.986	0.986	0.5061
LOC129525323	NC_073224.2	RPL39	NC_073247.2	0.99	0.949	0.949	0.2455
LOC129532416	NC_073227.2	LOC129532420	NC_086017.1	0.99	0.974	0.974	0.462
LOC129532416	NC_073227.2	LOC134758004	NC_086017.1	0.99	0.974	0.974	0.462
LOC129532416	NC_073227.2	LOC134758005	NC_086017.1	0.99	0.974	0.974	0.462
LOC129532416	NC_073227.2	LOC134758006	NC_086017.1	0.99	0.974	0.974	0.462
LOC129532416	NC_073227.2	LOC134758007	NC_086017.1	0.99	0.974	0.974	0.462
LOC129532416	NC_073227.2	LOC134758008	NC_086017.1	0.99	0.974	0.974	0.462
LOC129532420	NC_086017.1	LOC129532809	NC_073227.2	0.99	0.974	0.974	0.462
LOC129532420	NC_086017.1	LOC129532810	NC_073227.2	0.99	0.974	0.974	0.462
LOC129532420	NC_086017.1	LOC129532811	NC_073227.2	0.99	0.974	0.974	0.462
LOC129532420	NC_086017.1	LOC129532813	NC_073227.2	0.99	0.974	0.974	0.462
LOC129532420	NC_086017.1	LOC129532815	NC_073227.2	0.99	0.974	0.974	0.462
LOC129532420	NC_086017.1	LOC129532817	NC_073227.2	0.99	0.974	0.974	0.462
LOC129532420	NC_086017.1	LOC129532818	NC_073227.2	0.99	0.974	0.974	0.462
LOC129532420	NC_086017.1	LOC129532826	NC_073227.2	0.99	0.974	0.974	0.4225
LOC129532420	NC_086017.1	LOC129532828	NC_073227.2	0.99	0.974	0.974	0.462
LOC129532420	NC_086017.1	LOC129532831	NC_073227.2	0.99	0.971	0.971	0.4352
LOC129532420	NC_086017.1	LOC134758385	NC_073227.2	0.99	0.974	0.974	0.462
LOC129532809	NC_073227.2	LOC134758004	NC_086017.1	0.99	0.974	0.974	0.462
LOC129532809	NC_073227.2	LOC134758005	NC_086017.1	0.99	0.974	0.974	0.462
LOC129532809	NC_073227.2	LOC134758006	NC_086017.1	0.99	0.974	0.974	0.462
LOC129532809	NC_073227.2	LOC134758007	NC_086017.1	0.99	0.974	0.974	0.462
LOC129532809	NC_073227.2	LOC134758008	NC_086017.1	0.99	0.974	0.974	0.462
LOC129532810	NC_073227.2	LOC134758004	NC_086017.1	0.99	0.974	0.974	0.462
LOC129532810	NC_073227.2	LOC134758005	NC_086017.1	0.99	0.974	0.974	0.462
LOC129532810	NC_073227.2	LOC134758006	NC_086017.1	0.99	0.974	0.974	0.462
LOC129532810	NC_073227.2	LOC134758007	NC_086017.1	0.99	0.974	0.974	0.462
LOC129532810	NC_073227.2	LOC134758008	NC_086017.1	0.99	0.974	0.974	0.462
LOC129532811	NC_073227.2	LOC134758004	NC_086017.1	0.99	0.974	0.974	0.462
LOC129532811	NC_073227.2	LOC134758005	NC_086017.1	0.99	0.974	0.974	0.462
LOC129532811	NC_073227.2	LOC134758006	NC_086017.1	0.99	0.974	0.974	0.462
LOC129532811	NC_073227.2	LOC134758007	NC_086017.1	0.99	0.974	0.974	0.462
LOC129532811	NC_073227.2	LOC134758008	NC_086017.1	0.99	0.974	0.974	0.462
LOC129532813	NC_073227.2	LOC134758004	NC_086017.1	0.99	0.974	0.974	0.462
LOC129532813	NC_073227.2	LOC134758005	NC_086017.1	0.99	0.974	0.974	0.462
LOC129532813	NC_073227.2	LOC134758006	NC_086017.1	0.99	0.974	0.974	0.462
LOC129532813	NC_073227.2	LOC134758007	NC_086017.1	0.99	0.974	0.974	0.462
LOC129532813	NC_073227.2	LOC134758008	NC_086017.1	0.99	0.974	0.974	0.462
LOC129532815	NC_073227.2	LOC134758004	NC_086017.1	0.99	0.974	0.974	0.462
LOC129532815	NC_073227.2	LOC134758005	NC_086017.1	0.99	0.974	0.974	0.462
LOC129532815	NC_073227.2	LOC134758006	NC_086017.1	0.99	0.974	0.974	0.462
LOC129532815	NC_073227.2	LOC134758007	NC_086017.1	0.99	0.974	0.974	0.462
LOC129532815	NC_073227.2	LOC134758008	NC_086017.1	0.99	0.974	0.974	0.462
LOC129532817	NC_073227.2	LOC134758004	NC_086017.1	0.99	0.974	0.974	0.462
LOC129532817	NC_073227.2	LOC134758005	NC_086017.1	0.99	0.974	0.974	0.462
LOC129532817	NC_073227.2	LOC134758006	NC_086017.1	0.99	0.974	0.974	0.462
LOC129532817	NC_073227.2	LOC134758007	NC_086017.1	0.99	0.974	0.974	0.462
LOC129532817	NC_073227.2	LOC134758008	NC_086017.1	0.99	0.974	0.974	0.462
LOC129532818	NC_073227.2	LOC134758004	NC_086017.1	0.99	0.974	0.974	0.462
LOC129532818	NC_073227.2	LOC134758005	NC_086017.1	0.99	0.974	0.974	0.462
LOC129532818	NC_073227.2	LOC134758006	NC_086017.1	0.99	0.974	0.974	0.462
LOC129532818	NC_073227.2	LOC134758007	NC_086017.1	0.99	0.974	0.974	0.462
LOC129532818	NC_073227.2	LOC134758008	NC_086017.1	0.99	0.974	0.974	0.462
LOC129532826	NC_073227.2	LOC134758004	NC_086017.1	0.99	0.974	0.974	0.4225
LOC129532826	NC_073227.2	LOC134758005	NC_086017.1	0.99	0.974	0.974	0.4225
LOC129532826	NC_073227.2	LOC134758006	NC_086017.1	0.99	0.974	0.974	0.4225
LOC129532826	NC_073227.2	LOC134758007	NC_086017.1	0.99	0.974	0.974	0.4225
LOC129532826	NC_073227.2	LOC134758008	NC_086017.1	0.99	0.974	0.974	0.4225
LOC129532828	NC_073227.2	LOC134758004	NC_086017.1	0.99	0.974	0.974	0.462
LOC129532828	NC_073227.2	LOC134758005	NC_086017.1	0.99	0.974	0.974	0.462
LOC129532828	NC_073227.2	LOC134758006	NC_086017.1	0.99	0.974	0.974	0.462
LOC129532828	NC_073227.2	LOC134758007	NC_086017.1	0.99	0.974	0.974	0.462
LOC129532828	NC_073227.2	LOC134758008	NC_086017.1	0.99	0.974	0.974	0.462
LOC129532831	NC_073227.2	LOC134758004	NC_086017.1	0.99	0.971	0.971	0.4352
LOC129532831	NC_073227.2	LOC134758005	NC_086017.1	0.99	0.971	0.971	0.4352
LOC129532831	NC_073227.2	LOC134758006	NC_086017.1	0.99	0.971	0.971	0.4352
LOC129532831	NC_073227.2	LOC134758007	NC_086017.1	0.99	0.971	0.971	0.4352
LOC129532831	NC_073227.2	LOC134758008	NC_086017.1	0.99	0.971	0.971	0.4352
LOC129533224	NC_073227.2	LOC134758989	NC_073231.2	0.99	0.977	0.977	0.3708
LOC129533224	NC_073227.2	LOC134758990	NC_073231.2	0.99	0.977	0.977	0.383
LOC129533225	NC_073227.2	LOC134758989	NC_073231.2	0.99	0.977	0.977	0.3708
LOC129533225	NC_073227.2	LOC134758990	NC_073231.2	0.99	0.977	0.977	0.383
LOC134756773	NC_073236.2	RPS26	NC_073234.2	0.99	0.906	0.903	0.0563
LOC134758004	NC_086017.1	LOC134758385	NC_073227.2	0.99	0.974	0.974	0.462
LOC134758005	NC_086017.1	LOC134758385	NC_073227.2	0.99	0.974	0.974	0.462
LOC134758006	NC_086017.1	LOC134758385	NC_073227.2	0.99	0.974	0.974	0.462
LOC134758007	NC_086017.1	LOC134758385	NC_073227.2	0.99	0.974	0.974	0.462
LOC134758008	NC_086017.1	LOC134758385	NC_073227.2	0.99	0.974	0.974	0.462
HMGN2	NC_073224.2	LOC101140345	NC_086017.1	0.989	0.985	0.986	0.1029
LOC101126027	NC_073240.2	RPS27	NC_073224.2	0.989	0.934	0.935	0.1839
LOC101126442	NC_073231.2	LOC101137306	NC_073234.2	0.989	0.982	0.982	0.5417
LOC101126442	NC_073231.2	RPL17	NC_073241.2	0.989	0.98	0.98	0.4031
LOC101129892	NC_073244.2	LOC101151078	NC_073241.2	0.989	0.92	0.915	0.136
LOC101130226	NC_073240.2	LOC101140345	NC_086017.1	0.989	0.923	0.923	0.1398
LOC101137804	NC_086017.1	LOC115934990	NC_073229.2	0.989	0.933	0.933	0.2135
LOC101137833	NC_073241.2	LOC101141290	NC_073229.2	0.989	0.968	0.966	0.3697
LOC101137833	NC_073241.2	LOC109024489	NC_073246.2	0.989	0.983	0.982	0.563
LOC101137833	NC_073241.2	LOC129527811	NC_073242.2	0.989	0.978	0.976	0.4839
LOC101140345	NC_086017.1	LOC101153591	NC_073228.2	0.989	0.945	0.945	0.1481
LOC101140615	NC_073240.2	LOC101141058	NC_073233.2	0.989	0.841	0.842	0.055
LOC101142376	NC_073244.2	LOC129523819	NC_073230.2	0.989	0.992	0.991	0.5966
LOC101152267	NC_073228.2	ZNF589	NC_086017.1	0.989	0.987	0.985	0.0535
LOC109024489	NC_073246.2	LOC129527811	NC_073242.2	0.989	0.985	0.983	0.5798
LOC115933486	NC_073233.2	LOC129527811	NC_073242.2	0.989	0.966	0.967	0.4104
LOC129526398	NC_073238.2	LOC129528452	NC_073241.2	0.989	0.994	0.994	0.2122
LOC101127555	NC_073233.2	LOC101127811	NC_073235.2	0.988	0.934	0.932	0.1793
LOC101127811	NC_073235.2	LOC115932777	NC_073224.2	0.988	0.892	0.89	0.131
LOC101127811	NC_073235.2	LOC115933479	NC_073233.2	0.988	0.936	0.937	0.1192
LOC101144515	NC_073233.2	LOC101154144	NC_073235.2	0.988	0.903	0.903	0.1154
LOC101145780	NC_073240.2	LOC101151078	NC_073241.2	0.988	0.915	0.913	0.1449
LOC101152675	NC_073237.2	LOC115931858	NC_073246.2	0.988	0.949	0.95	0.0696
LOC101153588	NC_073228.2	LOC115933479	NC_073233.2	0.988	0.969	0.968	0.4021
LOC109024489	NC_073246.2	LOC129530113	NC_073247.2	0.988	0.974	0.975	0.432
LOC109025285	NC_073232.2	LOC109025864	NC_073235.2	0.988	0.923	0.924	0.0625
LOC115931858	NC_073246.2	LOC129531862	NC_073236.2	0.988	0.947	0.948	0.0784
LOC129524344	NC_073231.2	LOC129533209	NC_073227.2	0.988	0.979	0.979	0.5266
LOC129524347	NC_073231.2	LOC129533209	NC_073227.2	0.988	0.979	0.979	0.5025
LOC129524348	NC_073231.2	LOC129533209	NC_073227.2	0.988	0.981	0.981	0.5514
LOC129524349	NC_073231.2	LOC129533209	NC_073227.2	0.988	0.98	0.98	0.5457
LOC129524352	NC_073231.2	LOC129533209	NC_073227.2	0.988	0.981	0.981	0.5514
LOC129524353	NC_073231.2	LOC129533209	NC_073227.2	0.988	0.979	0.979	0.5416
LOC129533209	NC_073227.2	LOC134758982	NC_073231.2	0.988	0.976	0.976	0.3654
LOC129533209	NC_073227.2	LOC134758983	NC_073231.2	0.988	0.978	0.978	0.4449
LOC129533209	NC_073227.2	LOC134758991	NC_073231.2	0.988	0.976	0.976	0.4491
LOC129533209	NC_073227.2	LOC134758996	NC_073231.2	0.988	0.978	0.978	0.3867
LOC101126577	NC_073233.2	LOC101146120	NC_073236.2	0.987	0.947	0.948	0.2055
LOC101126577	NC_073233.2	LOC101151037	NC_073234.2	0.987	0.954	0.953	0.2364
LOC101136134	NC_073229.2	RPL12	NC_073237.2	0.987	0.951	0.946	0.2326
LOC101141290	NC_073229.2	LOC134757331	NC_073240.2	0.987	0.941	0.941	0.2188
LOC101142376	NC_073244.2	LOC134756358	NC_073242.2	0.987	0.99	0.989	0.0877
LOC101146101	NC_073232.2	MRPS21	NC_073224.2	0.987	0.928	0.925	0.0702
LOC109026927	NC_073230.2	LOC129525865	NC_073234.2	0.987	0.964	0.965	0.4
LOC129524664	NC_073237.2	LOC129526379	NC_073238.2	0.987	0.989	0.988	0.5496
LOC129524664	NC_073237.2	LOC129530543	NC_073236.2	0.987	0.984	0.984	0.4896
LOC134759211	NC_073232.2	RPL12	NC_073237.2	0.987	0.995	0.995	0.059
CDC27	NC_073228.2	LOC129529219	NC_073245.2	0.986	0.952	0.952	0.114
LOC101136134	NC_073229.2	LOC101148834	NC_073224.2	0.986	0.951	0.951	0.2308
LOC101136134	NC_073229.2	LOC115936029	NC_073232.2	0.986	0.933	0.933	0.1834
LOC101136134	NC_073229.2	LOC134758341	NC_073227.2	0.986	0.951	0.951	0.2267
LOC101140029	NC_073244.2	LOC109025290	NC_073228.2	0.986	0.898	0.899	0.1081
LOC101140345	NC_086017.1	LOC101141058	NC_073233.2	0.986	0.941	0.942	0.1667
LOC101146806	NC_073236.2	RPL18A	NC_073244.2	0.986	0.972	0.969	0.3939
LOC109023795	NC_073243.2	LOC109025290	NC_073228.2	0.986	0.912	0.913	0.1429
LOC109024294	NC_073245.2	LOC109024295	NC_073224.2	0.986	0.957	0.957	0.4419
LOC109026322	NC_086017.1	LOC129527576	NC_073242.2	0.986	0.972	0.97	0.33
LOC129524260	NC_073236.2	LOC134758032	NC_073224.2	0.986	0.991	0.991	0.6226
LOC129527796	NC_073242.2	LOC134758032	NC_073224.2	0.986	0.999	0.999	0.7316
LOC129531768	NC_073224.2	MRPS17	NC_073230.2	0.986	0.944	0.945	0.0797
LOC129532896	NC_073247.2	LOC134758032	NC_073224.2	0.986	0.999	0.998	0.7618
LOC101125084	NC_073244.2	LOC101132158	NC_073224.2	0.985	0.967	0.967	0.4051
LOC101127689	NC_086017.1	LOC101140615	NC_073240.2	0.985	0.844	0.846	0.043
LOC101130286	NC_073237.2	LOC101143299	NC_073234.2	0.985	0.951	0.952	0.25
LOC101132158	NC_073224.2	LOC101137471	NC_073230.2	0.985	0.97	0.97	0.4545
LOC101134637	NC_073224.2	LOC129530289	NC_073248.2	0.985	0.981	0.978	0.5417
LOC101140422	NC_073224.2	LOC109027584	NC_073230.2	0.985	0.901	0.903	0.1158
LOC101151538	NC_073243.2	LOC129527811	NC_073242.2	0.985	0.964	0.964	0.3958
LOC109025241	NC_073235.2	PHEX	NC_073247.2	0.985	0.994	0.993	0.5703
LOC115932141	NC_073247.2	TXNDC9	NC_073236.2	0.985	0.996	0.993	0.3429
LOC129524344	NC_073231.2	LOC129533206	NC_073227.2	0.985	0.979	0.979	0.4134
LOC129524344	NC_073231.2	LOC129533212	NC_073227.2	0.985	0.979	0.979	0.4082
LOC129524344	NC_073231.2	LOC129533214	NC_073227.2	0.985	0.979	0.979	0.4074
LOC129524344	NC_073231.2	LOC129533215	NC_073227.2	0.985	0.979	0.979	0.4091
LOC129524344	NC_073231.2	LOC129533217	NC_073227.2	0.985	0.979	0.979	0.4913
LOC129524344	NC_073231.2	LOC129533221	NC_073227.2	0.985	0.979	0.979	0.4082
LOC129524344	NC_073231.2	LOC129533222	NC_073227.2	0.985	0.979	0.979	0.4057
LOC129524348	NC_073231.2	LOC129524400	NC_073227.2	0.985	0.98	0.98	0.5358
LOC129524348	NC_073231.2	LOC129533206	NC_073227.2	0.985	0.981	0.981	0.4313
LOC129524348	NC_073231.2	LOC129533212	NC_073227.2	0.985	0.981	0.981	0.4259
LOC129524348	NC_073231.2	LOC129533214	NC_073227.2	0.985	0.981	0.981	0.425
LOC129524348	NC_073231.2	LOC129533215	NC_073227.2	0.985	0.981	0.981	0.4268
LOC129524348	NC_073231.2	LOC129533217	NC_073227.2	0.985	0.981	0.981	0.5139
LOC129524348	NC_073231.2	LOC129533219	NC_073227.2	0.985	0.98	0.98	0.4764
LOC129524348	NC_073231.2	LOC129533220	NC_073227.2	0.985	0.981	0.981	0.544
LOC129524348	NC_073231.2	LOC129533221	NC_073227.2	0.985	0.981	0.981	0.4259
LOC129524348	NC_073231.2	LOC129533222	NC_073227.2	0.985	0.981	0.981	0.4232
LOC129524348	NC_073231.2	LOC129533224	NC_073227.2	0.985	0.981	0.981	0.5426
LOC129524348	NC_073231.2	LOC129533225	NC_073227.2	0.985	0.981	0.981	0.5426
LOC129524349	NC_073231.2	LOC129524400	NC_073227.2	0.985	0.979	0.979	0.5303
LOC129524349	NC_073231.2	LOC129533206	NC_073227.2	0.985	0.98	0.98	0.4274
LOC129524349	NC_073231.2	LOC129533212	NC_073227.2	0.985	0.98	0.98	0.422
LOC129524349	NC_073231.2	LOC129533214	NC_073227.2	0.985	0.98	0.98	0.4212
LOC129524349	NC_073231.2	LOC129533215	NC_073227.2	0.985	0.98	0.98	0.4229
LOC129524349	NC_073231.2	LOC129533217	NC_073227.2	0.985	0.98	0.98	0.5088
LOC129524349	NC_073231.2	LOC129533219	NC_073227.2	0.985	0.979	0.979	0.4718
LOC129524349	NC_073231.2	LOC129533220	NC_073227.2	0.985	0.98	0.98	0.5385
LOC129524349	NC_073231.2	LOC129533221	NC_073227.2	0.985	0.98	0.98	0.422
LOC129524349	NC_073231.2	LOC129533222	NC_073227.2	0.985	0.98	0.98	0.4194
LOC129524349	NC_073231.2	LOC129533224	NC_073227.2	0.985	0.98	0.98	0.537
LOC129524349	NC_073231.2	LOC129533225	NC_073227.2	0.985	0.98	0.98	0.537
LOC129524352	NC_073231.2	LOC129533206	NC_073227.2	0.985	0.981	0.981	0.4313
LOC129524352	NC_073231.2	LOC129533212	NC_073227.2	0.985	0.981	0.981	0.4259
LOC129524352	NC_073231.2	LOC129533214	NC_073227.2	0.985	0.981	0.981	0.425
LOC129524352	NC_073231.2	LOC129533215	NC_073227.2	0.985	0.981	0.981	0.4268
LOC129524352	NC_073231.2	LOC129533217	NC_073227.2	0.985	0.981	0.981	0.5139
LOC129524352	NC_073231.2	LOC129533221	NC_073227.2	0.985	0.981	0.981	0.4259
LOC129524352	NC_073231.2	LOC129533222	NC_073227.2	0.985	0.981	0.981	0.4232
LOC129524353	NC_073231.2	LOC129533206	NC_073227.2	0.985	0.979	0.979	0.4244
LOC129524353	NC_073231.2	LOC129533212	NC_073227.2	0.985	0.979	0.979	0.4191
LOC129524353	NC_073231.2	LOC129533214	NC_073227.2	0.985	0.979	0.979	0.4182
LOC129524353	NC_073231.2	LOC129533215	NC_073227.2	0.985	0.979	0.979	0.42
LOC129524353	NC_073231.2	LOC129533217	NC_073227.2	0.985	0.979	0.979	0.505
LOC129524353	NC_073231.2	LOC129533221	NC_073227.2	0.985	0.979	0.979	0.4191
LOC129524353	NC_073231.2	LOC129533222	NC_073227.2	0.985	0.979	0.979	0.4165
LOC129528161	NC_073241.2	LOC129529286	NC_073246.2	0.985	0.981	0.981	0.5961
LOC134759078	NC_073231.2	MICU2	NC_073238.2	0.985	0.998	0.998	0.8614
AARSD1	NC_073228.2	LOC134757996	NC_073224.2	0.984	0.934	0.935	0.0752
LOC101126792	NC_073240.2	LOC129526568	NC_073239.2	0.984	0.983	0.98	0.6125
LOC101127811	NC_073235.2	LOC101153289	NC_073232.2	0.984	0.917	0.918	0.0503
LOC101132703	NC_073237.2	LOC129532097	NC_073235.2	0.984	0.9	0.902	0.0698
LOC101136918	NC_073233.2	SEC61B	NC_073237.2	0.984	0.95	0.95	0.1975
LOC101137478	NC_086018.1	LOC101151037	NC_073234.2	0.984	0.977	0.977	0.5355
LOC101146216	NC_073224.2	LOC115931086	NC_073242.2	0.984	0.95	0.949	0.2673
LOC101153458	NC_073240.2	OXR1	NC_073231.2	0.984	0.982	0.98	0.0848
LOC109025589	NC_073236.2	LOC115931086	NC_073242.2	0.984	0.963	0.962	0.2665
LOC109027258	NC_073229.2	LOC115931086	NC_073242.2	0.984	0.948	0.946	0.2462
LOC115930192	NC_073224.2	RPL17	NC_073241.2	0.984	0.972	0.971	0.3009
LOC115930210	NC_073234.2	LOC129527576	NC_073242.2	0.984	0.967	0.968	0.2906
LOC115931086	NC_073242.2	LOC115935612	NC_073231.2	0.984	0.962	0.962	0.3375
LOC115931086	NC_073242.2	LOC115935789	NC_073237.2	0.984	0.962	0.961	0.2435
LOC115931086	NC_073242.2	LOC129524434	NC_073237.2	0.984	0.962	0.961	0.2679
LOC129524344	NC_073231.2	LOC129524400	NC_073227.2	0.984	0.978	0.978	0.5117
LOC129524344	NC_073231.2	LOC129533219	NC_073227.2	0.984	0.978	0.978	0.4558
LOC129524344	NC_073231.2	LOC129533220	NC_073227.2	0.984	0.979	0.979	0.5197
LOC129524344	NC_073231.2	LOC129533224	NC_073227.2	0.984	0.979	0.979	0.5183
LOC129524344	NC_073231.2	LOC129533225	NC_073227.2	0.984	0.979	0.979	0.5183
LOC129524352	NC_073231.2	LOC129524400	NC_073227.2	0.984	0.98	0.98	0.5358
LOC129524352	NC_073231.2	LOC129533219	NC_073227.2	0.984	0.98	0.98	0.4764
LOC129524352	NC_073231.2	LOC129533220	NC_073227.2	0.984	0.981	0.981	0.544
LOC129524352	NC_073231.2	LOC129533224	NC_073227.2	0.984	0.981	0.981	0.5426
LOC129524352	NC_073231.2	LOC129533225	NC_073227.2	0.984	0.981	0.981	0.5426
LOC129524353	NC_073231.2	LOC129524400	NC_073227.2	0.984	0.979	0.979	0.5263
LOC129524353	NC_073231.2	LOC129533219	NC_073227.2	0.984	0.979	0.979	0.4684
LOC129524353	NC_073231.2	LOC129533220	NC_073227.2	0.984	0.979	0.979	0.5344
LOC129524353	NC_073231.2	LOC129533224	NC_073227.2	0.984	0.979	0.979	0.533
LOC129524353	NC_073231.2	LOC129533225	NC_073227.2	0.984	0.979	0.979	0.533
LOC129524668	NC_073237.2	LOC134757414	NC_073241.2	0.984	0.989	0.984	0.68
LOC129526469	NC_073236.2	LOC129526568	NC_073239.2	0.984	0.984	0.981	0.6329
LOC129526568	NC_073239.2	LOC129527191	NC_073238.2	0.984	0.98	0.977	0.6215
LOC129526568	NC_073239.2	LOC129527198	NC_073240.2	0.984	0.975	0.972	0.5443
LOC129526568	NC_073239.2	LOC129529652	NC_086018.1	0.984	0.976	0.973	0.4813
LOC129528445	NC_073241.2	LOC134757054	NC_073238.2	0.984	0.987	0.987	0.164
LOC129528460	NC_073241.2	LOC134757054	NC_073238.2	0.984	0.984	0.984	0.1788
LOC129528467	NC_073241.2	LOC134757054	NC_073238.2	0.984	0.984	0.984	0.1608
LOC129530485	NC_073246.2	LOC134757054	NC_073238.2	0.984	0.987	0.984	0.3514
LOC129530564	NC_073246.2	LOC134757054	NC_073238.2	0.984	0.987	0.987	0.1688
LOC134758341	NC_073227.2	RPL12	NC_073237.2	0.984	1.0	0.994	0.9397
LAPTM4B	NC_073231.2	LOC101135945	NC_073224.2	0.983	0.926	0.925	0.097
LOC101142993	NC_073229.2	LOC115931086	NC_073242.2	0.983	0.957	0.956	0.1582
LOC101150855	NC_073231.2	RPS15A	NC_073242.2	0.983	0.957	0.958	0.1257
LOC109024418	NC_073245.2	RPL12	NC_073237.2	0.983	0.971	0.97	0.0597
LOC109028392	NC_073237.2	LOC115931086	NC_073242.2	0.983	0.961	0.961	0.2051
LOC109028905	NC_073236.2	LOC129531439	NC_073240.2	0.983	0.999	0.999	0.9587
LOC115931086	NC_073242.2	LOC115935839	NC_073237.2	0.983	0.963	0.963	0.2095
LOC129524344	NC_073231.2	LOC129524399	NC_073227.2	0.983	0.979	0.979	0.467
LOC129524348	NC_073231.2	LOC129524399	NC_073227.2	0.983	0.981	0.981	0.488
LOC129524349	NC_073231.2	LOC129524399	NC_073227.2	0.983	0.98	0.98	0.4833
LOC129524352	NC_073231.2	LOC129524399	NC_073227.2	0.983	0.981	0.981	0.488
LOC129524353	NC_073231.2	LOC129524399	NC_073227.2	0.983	0.979	0.979	0.4798
LOC129524668	NC_073237.2	LOC134757413	NC_073241.2	0.983	0.988	0.983	0.6453
LOC129528161	NC_073241.2	LOC129530289	NC_073248.2	0.983	0.989	0.988	0.6372
LOC129529284	NC_073246.2	LOC129530289	NC_073248.2	0.983	0.985	0.984	0.4618
LOC129529286	NC_073246.2	LOC129530289	NC_073248.2	0.983	0.988	0.988	0.6173
LOC129530289	NC_073248.2	LOC129530502	NC_073246.2	0.983	0.99	0.99	0.5296
LOC129530289	NC_073248.2	LOC134756700	NC_073236.2	0.983	0.984	0.984	0.4613
LOC129530380	NC_073248.2	LOC134756925	NC_073237.2	0.983	0.974	0.972	0.5042
CDK2AP2	NC_073233.2	LOC129526375	NC_073236.2	0.982	0.883	0.885	0.0452
CDK2AP2	NC_073233.2	LOC129526552	NC_073239.2	0.982	0.88	0.882	0.0315
KRT8	NC_073234.2	LOC129532097	NC_073235.2	0.982	0.934	0.935	0.0718
LOC101133864	NC_073242.2	LOC115930210	NC_073234.2	0.982	0.971	0.971	0.3316
LOC101137667	NC_073235.2	RPLP1	NC_073240.2	0.982	0.968	0.966	0.2703
LOC101139242	NC_073232.2	LOC109025605	NC_073236.2	0.982	0.821	0.822	0.0652
LOC101140029	NC_073244.2	LOC101146227	NC_073234.2	0.982	0.915	0.916	0.098
LOC101141038	NC_073230.2	RPL32	NC_086017.1	0.982	0.972	0.97	0.36
LOC101142679	NC_073241.2	LOC109027324	NC_073229.2	0.982	0.976	0.977	0.2599
LOC101151356	NC_073232.2	SNRPG	NC_073236.2	0.982	0.96	0.961	0.1625
LOC101152267	NC_073228.2	LOC109026322	NC_086017.1	0.982	0.987	0.984	0.7174
LOC109023808	NC_073243.2	LOC109027324	NC_073229.2	0.982	0.971	0.97	0.2171
LOC129526378	NC_073238.2	LOC129530289	NC_073248.2	0.982	0.985	0.984	0.3009
LOC129530289	NC_073248.2	LOC129530468	NC_073238.2	0.982	0.986	0.985	0.5227
LOC134756766	NC_073236.2	SMC3	NC_073232.2	0.982	0.987	0.986	0.1547
LOC134758032	NC_073224.2	SH3KBP1	NC_073247.2	0.982	0.995	0.995	0.3577
EEF1A1	NC_073229.2	LOC101142679	NC_073241.2	0.981	0.995	0.995	0.6636
KMT5A	NC_073234.2	LOC129530289	NC_073248.2	0.981	0.991	0.989	0.26
LOC101123774	NC_073224.2	LOC101129567	NC_073246.2	0.981	0.927	0.928	0.1677
LOC101126027	NC_073240.2	LOC109027152	NC_073229.2	0.981	0.891	0.889	0.066
LOC101127811	NC_073235.2	LOC101153588	NC_073228.2	0.981	0.919	0.921	0.0872
LOC101133218	NC_073236.2	RPLP0	NC_073234.2	0.981	0.988	0.988	0.6721
LOC101136757	NC_073247.2	LOC109027324	NC_073229.2	0.981	0.899	0.894	0.0621
LOC101141881	NC_073244.2	TMEM167A	NC_073228.2	0.981	0.978	0.976	0.0562
LOC101142088	NC_073234.2	LOC134756436	NC_073236.2	0.981	0.927	0.926	0.1284
LOC109027324	NC_073229.2	LOC109028379	NC_073224.2	0.981	0.97	0.968	0.2324
LOC109028113	NC_073231.2	LOC129532613	NC_073224.2	0.981	0.989	0.989	0.5396
LOC129529426	NC_086018.1	LOC129530289	NC_073248.2	0.981	0.985	0.984	0.4121
LOC129534554	NC_073229.2	LOC134758128	NC_086017.1	0.981	0.994	0.992	0.7078
DNAJC19	NC_086017.1	LOC101124312	NC_073239.2	0.98	0.974	0.974	0.4088
EEF1B2	NC_073235.2	LOC101144131	NC_073247.2	0.98	0.987	0.982	0.2417
LOC101127159	NC_073235.2	LOC129529391	NC_073246.2	0.98	0.951	0.944	0.3226
LOC101142220	NC_073238.2	RPSA	NC_086017.1	0.98	0.992	0.988	0.7559
LOC115932761	NC_073246.2	LOC134756925	NC_073237.2	0.98	0.983	0.984	0.6136
LOC115932812	NC_073236.2	LOC129531439	NC_073240.2	0.98	0.999	0.999	0.9727
LOC115933961	NC_086017.1	LOC134756942	NC_073237.2	0.98	0.956	0.956	0.1748
LOC129524668	NC_073237.2	LOC134757415	NC_073241.2	0.98	0.987	0.981	0.6391
LOC129529383	NC_073246.2	LOC134756925	NC_073237.2	0.98	0.988	0.989	0.6575
LOC129530568	NC_073246.2	LOC134756925	NC_073237.2	0.98	0.984	0.985	0.6091
LOC129533223	NC_073227.2	LOC134758991	NC_073231.2	0.98	0.976	0.976	0.3214
LOC129534554	NC_073229.2	LOC134758127	NC_086017.1	0.98	0.993	0.991	0.7838
LOC134758236	NC_073227.2	LOC134758991	NC_073231.2	0.98	0.976	0.976	0.4471
LOC101127811	NC_073235.2	LOC101139294	NC_073228.2	0.979	0.91	0.911	0.0802
LOC115932853	NC_073227.2	LOC129532418	NC_086017.1	0.979	0.974	0.974	0.3616
LOC115932855	NC_073227.2	LOC129532418	NC_086017.1	0.979	0.974	0.974	0.3616
LOC129523934	NC_073230.2	LOC129526580	NC_073242.2	0.979	0.999	0.999	0.7495
LOC129530488	NC_073246.2	LOC134756925	NC_073237.2	0.979	0.986	0.987	0.6351
LOC129532416	NC_073227.2	LOC129532418	NC_086017.1	0.979	0.974	0.974	0.3616
LOC129532418	NC_086017.1	LOC129532809	NC_073227.2	0.979	0.974	0.974	0.3616
LOC129532418	NC_086017.1	LOC129532810	NC_073227.2	0.979	0.974	0.974	0.3616
LOC129532418	NC_086017.1	LOC129532811	NC_073227.2	0.979	0.974	0.974	0.3616
LOC129532418	NC_086017.1	LOC129532813	NC_073227.2	0.979	0.974	0.974	0.3616
LOC129532418	NC_086017.1	LOC129532815	NC_073227.2	0.979	0.974	0.974	0.3616
LOC129532418	NC_086017.1	LOC129532817	NC_073227.2	0.979	0.974	0.974	0.3616
LOC129532418	NC_086017.1	LOC129532818	NC_073227.2	0.979	0.974	0.974	0.3616
LOC129532418	NC_086017.1	LOC129532828	NC_073227.2	0.979	0.974	0.974	0.3616
LOC129532418	NC_086017.1	LOC129532831	NC_073227.2	0.979	0.971	0.971	0.3416
LOC129532418	NC_086017.1	LOC134758385	NC_073227.2	0.979	0.974	0.974	0.3616
LOC134756925	NC_073237.2	LOC134757073	NC_073238.2	0.979	0.995	0.994	0.626
LOC134757904	NC_073247.2	RPL36AL	NC_073239.2	0.979	0.85	0.853	0.0685
C4H5orf15	NC_073228.2	LOC101151118	NC_073224.2	0.978	0.935	0.934	0.1096
LOC101123968	NC_073227.2	LOC129532418	NC_086017.1	0.978	0.974	0.974	0.3536
LOC101123968	NC_073227.2	LOC129532420	NC_086017.1	0.978	0.974	0.974	0.4548
LOC101123968	NC_073227.2	LOC134758004	NC_086017.1	0.978	0.974	0.974	0.4548
LOC101123968	NC_073227.2	LOC134758005	NC_086017.1	0.978	0.974	0.974	0.4548
LOC101123968	NC_073227.2	LOC134758006	NC_086017.1	0.978	0.974	0.974	0.4548
LOC101123968	NC_073227.2	LOC134758007	NC_086017.1	0.978	0.974	0.974	0.4548
LOC101123968	NC_073227.2	LOC134758008	NC_086017.1	0.978	0.974	0.974	0.4548
LOC101124099	NC_073229.2	LOC101136485	NC_073228.2	0.978	0.908	0.91	0.0667
LOC101126783	NC_073231.2	LOC129533220	NC_073227.2	0.978	0.979	0.979	0.5062
LOC101127689	NC_086017.1	LOC129532770	NC_073224.2	0.978	0.925	0.926	0.0517
LOC115936058	NC_073229.2	LOC129528280	NC_073241.2	0.978	0.996	0.996	0.8564
LOC129532418	NC_086017.1	LOC129532820	NC_073227.2	0.978	0.975	0.975	0.3576
LOC129532418	NC_086017.1	LOC129532829	NC_073227.2	0.978	0.973	0.973	0.3457
LOC129532420	NC_086017.1	LOC129532820	NC_073227.2	0.978	0.975	0.975	0.4606
LOC129532420	NC_086017.1	LOC129532829	NC_073227.2	0.978	0.973	0.973	0.4435
LOC129532820	NC_073227.2	LOC134758004	NC_086017.1	0.978	0.975	0.975	0.4606
LOC129532820	NC_073227.2	LOC134758005	NC_086017.1	0.978	0.975	0.975	0.4606
LOC129532820	NC_073227.2	LOC134758006	NC_086017.1	0.978	0.975	0.975	0.4606
LOC129532820	NC_073227.2	LOC134758007	NC_086017.1	0.978	0.975	0.975	0.4606
LOC129532820	NC_073227.2	LOC134758008	NC_086017.1	0.978	0.975	0.975	0.4606
LOC129532829	NC_073227.2	LOC134758004	NC_086017.1	0.978	0.973	0.973	0.4435
LOC129532829	NC_073227.2	LOC134758005	NC_086017.1	0.978	0.973	0.973	0.4435
LOC129532829	NC_073227.2	LOC134758006	NC_086017.1	0.978	0.973	0.973	0.4435
LOC129532829	NC_073227.2	LOC134758007	NC_086017.1	0.978	0.973	0.973	0.4435
LOC129532829	NC_073227.2	LOC134758008	NC_086017.1	0.978	0.973	0.973	0.4435
LOC101125084	NC_073244.2	LOC101126027	NC_073240.2	0.977	0.918	0.92	0.1875
LOC101131421	NC_073235.2	LOC115930093	NC_073227.2	0.977	0.911	0.912	0.0654
LOC101132832	NC_073224.2	LOC115930093	NC_073227.2	0.977	0.958	0.958	0.2985
LOC101136134	NC_073229.2	LOC101144966	NC_073245.2	0.977	0.945	0.945	0.2704
LOC129526976	NC_073240.2	LOC129531947	NC_073235.2	0.977	0.97	0.969	0.1561
LOC101125084	NC_073244.2	LOC101137471	NC_073230.2	0.976	0.948	0.949	0.3291
LOC101140733	NC_073227.2	LOC129524322	NC_073231.2	0.976	0.95	0.95	0.2063
LOC101146227	NC_073234.2	LOC109023795	NC_073243.2	0.976	0.933	0.928	0.1897
LOC101146227	NC_073234.2	LOC129532266	NC_086017.1	0.976	0.963	0.964	0.1376
LOC101150855	NC_073231.2	LOC134758199	NC_086018.1	0.976	0.932	0.933	0.1545
LOC129526568	NC_073239.2	LOC129529391	NC_073246.2	0.976	0.984	0.975	0.5625
LLPH	NC_073234.2	LOC101151758	NC_073235.2	0.975	0.979	0.98	0.2906
LOC101126783	NC_073231.2	LOC129524400	NC_073227.2	0.975	0.978	0.978	0.4988
LOC101127159	NC_073235.2	LOC129526568	NC_073239.2	0.975	0.961	0.956	0.338
LOC101152547	NC_073231.2	RPL10A	NC_073229.2	0.975	0.964	0.965	0.2939
LOC109024418	NC_073245.2	LOC134758341	NC_073227.2	0.975	0.97	0.969	0.0588
LOC109028351	NC_073237.2	LOC129526976	NC_073240.2	0.975	0.985	0.985	0.55
LOC115933773	NC_073235.2	YWHAE	NC_073243.2	0.975	0.967	0.968	0.2168
LOC129524394	NC_073231.2	LOC129533223	NC_073227.2	0.975	0.978	0.978	0.2701
LOC129524394	NC_073231.2	LOC134758236	NC_073227.2	0.975	0.978	0.978	0.3819
LOC129524659	NC_073237.2	LOC129528448	NC_073241.2	0.975	0.996	0.994	0.6937
LOC129526385	NC_073238.2	LOC129528462	NC_073241.2	0.975	0.992	0.991	0.2299
LOC129526398	NC_073238.2	LOC129528462	NC_073241.2	0.975	0.992	0.993	0.1968
LOC129526957	NC_073236.2	LOC129528462	NC_073241.2	0.975	0.99	0.99	0.1775
LOC129528462	NC_073241.2	LOC134756703	NC_073236.2	0.975	0.992	0.993	0.3425
LOC129528462	NC_073241.2	LOC134757216	NC_073240.2	0.975	0.99	0.99	0.18
LOC101132977	NC_073224.2	LOC129532097	NC_073235.2	0.974	0.899	0.9	0.0668
LOC101133718	NC_073231.2	LOC134756942	NC_073237.2	0.974	0.942	0.937	0.1937
LOC109024418	NC_073245.2	LOC115936029	NC_073232.2	0.974	0.953	0.954	0.0371
LOC115932761	NC_073246.2	LOC129530380	NC_073248.2	0.974	0.969	0.957	0.4093
LOC129524347	NC_073231.2	LOC129533220	NC_073227.2	0.974	0.979	0.979	0.4963
LOC129529357	NC_073246.2	RIMKLB	NC_073234.2	0.974	0.961	0.962	0.0623
LOC129529383	NC_073246.2	LOC129530380	NC_073248.2	0.974	0.977	0.964	0.5101
LOC129530113	NC_073247.2	LOC134757331	NC_073240.2	0.974	0.946	0.946	0.2353
LOC129530380	NC_073248.2	LOC129530568	NC_073246.2	0.974	0.97	0.958	0.4109
LOC129533220	NC_073227.2	LOC134758982	NC_073231.2	0.974	0.976	0.976	0.3619
LOC129533220	NC_073227.2	LOC134758983	NC_073231.2	0.974	0.978	0.978	0.4401
LOC129533220	NC_073227.2	LOC134758991	NC_073231.2	0.974	0.976	0.976	0.4439
LOC129533220	NC_073227.2	LOC134758996	NC_073231.2	0.974	0.978	0.978	0.383
LOC134758341	NC_073227.2	LOC134759211	NC_073232.2	0.974	0.997	0.995	0.0596
LOC101125084	NC_073244.2	RPS27	NC_073224.2	0.973	0.966	0.966	0.4359
LOC101126577	NC_073233.2	LOC101137478	NC_086018.1	0.973	0.952	0.954	0.2461
LOC101126783	NC_073231.2	LOC129533224	NC_073227.2	0.973	0.979	0.979	0.505
LOC101126783	NC_073231.2	LOC129533225	NC_073227.2	0.973	0.979	0.979	0.505
LOC101131776	NC_073234.2	LOC101133285	NC_073229.2	0.973	0.987	0.987	0.4825
LOC101133796	NC_073231.2	LOC101145780	NC_073240.2	0.973	0.972	0.972	0.4762
LOC101133796	NC_073231.2	LOC101152650	NC_073230.2	0.973	0.98	0.977	0.5745
LOC101133796	NC_073231.2	LOC109023669	NC_073242.2	0.973	0.972	0.972	0.4038
LOC101145780	NC_073240.2	RPS26	NC_073234.2	0.973	0.968	0.968	0.3775
LOC101151758	NC_073235.2	LOC129529526	NC_086018.1	0.973	0.979	0.98	0.0809
LOC109026322	NC_086017.1	LOC115930210	NC_073234.2	0.973	0.991	0.991	0.7303
LOC115933202	NC_073236.2	LOC134757964	NC_073248.2	0.973	0.999	0.997	0.5164
LOC129525174	NC_073232.2	LOC129525554	NC_073233.2	0.973	0.988	0.988	0.377
LOC129528351	NC_073241.2	RPSA	NC_086017.1	0.973	0.996	0.991	0.8473
LOC129529426	NC_086018.1	LOC129530502	NC_073246.2	0.973	0.989	0.989	0.6232
LOC129530721	NC_073240.2	LOC134757964	NC_073248.2	0.973	0.998	0.996	0.4976
FAM90A1	NC_073234.2	LOC129524355	NC_073231.2	0.972	0.964	0.965	0.2956
FAM90A1	NC_073234.2	LOC129524356	NC_073231.2	0.972	0.964	0.965	0.3002
FAM90A1	NC_073234.2	LOC129524358	NC_073231.2	0.972	0.962	0.963	0.2846
FAM90A1	NC_073234.2	LOC129524359	NC_073231.2	0.972	0.963	0.964	0.2911
FAM90A1	NC_073234.2	LOC129524360	NC_073231.2	0.972	0.961	0.962	0.2724
FAM90A1	NC_073234.2	LOC129524361	NC_073231.2	0.972	0.962	0.963	0.2826
FAM90A1	NC_073234.2	LOC129524362	NC_073231.2	0.972	0.961	0.962	0.2706
FAM90A1	NC_073234.2	LOC129524363	NC_073231.2	0.972	0.96	0.961	0.2765
FAM90A1	NC_073234.2	LOC129524364	NC_073231.2	0.972	0.962	0.963	0.2826
FAM90A1	NC_073234.2	LOC129524365	NC_073231.2	0.972	0.961	0.962	0.2781
FAM90A1	NC_073234.2	LOC129524366	NC_073231.2	0.972	0.962	0.963	0.2806
FAM90A1	NC_073234.2	LOC129524367	NC_073231.2	0.972	0.96	0.961	0.2745
FAM90A1	NC_073234.2	LOC129524368	NC_073231.2	0.972	0.96	0.961	0.2745
FAM90A1	NC_073234.2	LOC129524369	NC_073231.2	0.972	0.962	0.963	0.2781
FAM90A1	NC_073234.2	LOC129524370	NC_073231.2	0.972	0.962	0.963	0.2846
FAM90A1	NC_073234.2	LOC129524371	NC_073231.2	0.972	0.962	0.963	0.294
FAM90A1	NC_073234.2	LOC129524372	NC_073231.2	0.972	0.961	0.962	0.275
FAM90A1	NC_073234.2	LOC129524373	NC_073231.2	0.972	0.964	0.965	0.2956
FAM90A1	NC_073234.2	LOC129524376	NC_073231.2	0.972	0.962	0.963	0.2826
FAM90A1	NC_073234.2	LOC134758998	NC_073231.2	0.972	0.962	0.963	0.2897
FAM90A1	NC_073234.2	LOC134758999	NC_073231.2	0.972	0.963	0.964	0.2824
FAM90A1	NC_073234.2	LOC134759000	NC_073231.2	0.972	0.962	0.963	0.3
FAM90A1	NC_073234.2	LOC134759002	NC_073231.2	0.972	0.962	0.963	0.2772
FAM90A1	NC_073234.2	LOC134759003	NC_073231.2	0.972	0.962	0.963	0.2883
FAM90A1	NC_073234.2	LOC134759004	NC_073231.2	0.972	0.961	0.962	0.2781
FAM90A1	NC_073234.2	LOC134759005	NC_073231.2	0.972	0.961	0.962	0.2781
FAM90A1	NC_073234.2	LOC134759006	NC_073231.2	0.972	0.964	0.965	0.302
FAM90A1	NC_073234.2	LOC134759007	NC_073231.2	0.972	0.965	0.966	0.3065
LOC101125723	NC_086018.1	LOC134757039	NC_073238.2	0.972	0.968	0.968	0.1989
LOC101126577	NC_073233.2	LOC129534058	NC_073229.2	0.972	0.948	0.948	0.2876
LOC101127689	NC_086017.1	LOC109023133	NC_073239.2	0.972	0.937	0.937	0.1241
LOC101135508	NC_073227.2	RPL15	NC_086017.1	0.972	0.973	0.974	0.1855
LOC101144947	NC_073228.2	TMA7	NC_086017.1	0.972	0.981	0.977	0.4651
LOC101151078	NC_073241.2	RPS26	NC_073234.2	0.972	0.925	0.926	0.1285
LOC101152267	NC_073228.2	RPL7	NC_073231.2	0.972	0.992	0.974	0.6907
LOC109023584	NC_073242.2	RPS27A	NC_073236.2	0.972	0.981	0.979	0.3757
LOC129528193	NC_073241.2	LOC129530486	NC_073246.2	0.972	0.986	0.983	0.5589
LOC129528193	NC_073241.2	LOC129530565	NC_073246.2	0.972	0.987	0.983	0.5655
LOC134757331	NC_073240.2	RPL21	NC_073238.2	0.972	0.958	0.953	0.1765
LOC101126442	NC_073231.2	LOC101141368	NC_086017.1	0.971	0.965	0.966	0.1187
LOC101126577	NC_073233.2	LOC109028360	NC_073237.2	0.971	0.934	0.936	0.179
LOC101129892	NC_073244.2	LOC101138009	NC_073232.2	0.971	0.954	0.953	0.2308
LOC101137478	NC_086018.1	LOC109028360	NC_073237.2	0.971	0.935	0.937	0.2038
LOC101137833	NC_073241.2	LOC101151538	NC_073243.2	0.971	0.964	0.964	0.3916
LOC101139294	NC_073228.2	LOC101154144	NC_073235.2	0.971	0.897	0.9	0.0952
LOC101140029	NC_073244.2	LOC129525323	NC_073224.2	0.971	0.885	0.885	0.129
LOC101142804	NC_073224.2	LOC109028360	NC_073237.2	0.971	0.918	0.921	0.1103
LOC101144988	NC_073247.2	LOC101145780	NC_073240.2	0.971	0.956	0.953	0.0769
LOC101146120	NC_073236.2	LOC109028360	NC_073237.2	0.971	0.94	0.941	0.2008
LOC101147533	NC_073233.2	SLC25A33	NC_073224.2	0.971	0.989	0.986	0.547
LOC101151037	NC_073234.2	LOC109028360	NC_073237.2	0.971	0.94	0.941	0.2054
LOC109024093	NC_073244.2	LOC109025290	NC_073228.2	0.971	0.931	0.928	0.2317
LOC109028360	NC_073237.2	LOC115931577	NC_073244.2	0.971	0.94	0.941	0.2172
LOC109028360	NC_073237.2	LOC129534058	NC_073229.2	0.971	0.944	0.946	0.2231
LOC109028360	NC_073237.2	RPS2	NC_073242.2	0.971	0.941	0.942	0.1802
LOC115933182	NC_073230.2	LOC115933227	NC_073227.2	0.971	0.992	0.992	0.4161
LOC129524658	NC_073237.2	LOC129528444	NC_073241.2	0.971	0.998	0.997	0.585
ELOC	NC_073231.2	LOC101125987	NC_073224.2	0.97	0.864	0.865	0.0348
LOC101131169	NC_073224.2	LOC101150855	NC_073231.2	0.97	0.954	0.954	0.1506
LOC101134687	NC_073243.2	LOC109023584	NC_073242.2	0.97	0.937	0.937	0.2349
LOC101138009	NC_073232.2	LOC134756773	NC_073236.2	0.97	0.887	0.89	0.0458
LOC101139383	NC_073238.2	RPL13A	NC_073244.2	0.97	0.985	0.982	0.2653
LOC101140422	NC_073224.2	LOC115933990	NC_086017.1	0.97	0.972	0.956	0.4082
LOC101151078	NC_073241.2	LOC109023669	NC_073242.2	0.97	0.903	0.903	0.1037
LOC129524347	NC_073231.2	LOC129524400	NC_073227.2	0.97	0.978	0.978	0.4889
LOC129524400	NC_073227.2	LOC134758982	NC_073231.2	0.97	0.975	0.975	0.3567
LOC129524400	NC_073227.2	LOC134758983	NC_073231.2	0.97	0.978	0.978	0.4338
LOC129524400	NC_073227.2	LOC134758991	NC_073231.2	0.97	0.976	0.976	0.4374
LOC129524400	NC_073227.2	LOC134758996	NC_073231.2	0.97	0.978	0.978	0.3776
LOC129528463	NC_073241.2	LOC129530304	NC_073248.2	0.97	0.988	0.986	0.531
LOC129529383	NC_073246.2	LOC129531742	NC_073236.2	0.97	0.983	0.97	0.6697
LOC129529384	NC_073246.2	LOC129529647	NC_086018.1	0.97	0.989	0.98	0.6439
LOC129529647	NC_086018.1	LOC134757055	NC_073238.2	0.97	0.984	0.976	0.5668
LOC129530380	NC_073248.2	LOC129530488	NC_073246.2	0.97	0.975	0.962	0.4802
LOC129530380	NC_073248.2	LOC134757413	NC_073241.2	0.97	0.975	0.973	0.4766
LOC129530380	NC_073248.2	LOC134757414	NC_073241.2	0.97	0.976	0.974	0.49
LOC129530488	NC_073246.2	LOC129531742	NC_073236.2	0.97	0.981	0.968	0.6471
LOC101127689	NC_086017.1	LOC115934990	NC_073229.2	0.969	0.921	0.918	0.1359
LOC101131259	NC_073231.2	LOC109024294	NC_073245.2	0.969	0.957	0.957	0.2803
LOC101133427	NC_073230.2	LOC134757904	NC_073247.2	0.969	0.905	0.905	0.1128
LOC101137306	NC_073234.2	LOC115935032	NC_073229.2	0.969	0.992	0.992	0.6963
LOC101146163	NC_073229.2	RSL24D1	NC_073240.2	0.969	0.926	0.924	0.0744
LOC101146216	NC_073224.2	LOC129524434	NC_073237.2	0.969	0.952	0.952	0.2106
LOC115932761	NC_073246.2	LOC129531742	NC_073236.2	0.969	0.976	0.963	0.5614
LOC115932761	NC_073246.2	LOC134757414	NC_073241.2	0.969	0.984	0.985	0.6
LOC115932761	NC_073246.2	LOC134757415	NC_073241.2	0.969	0.982	0.983	0.5887
LOC129524347	NC_073231.2	LOC129533224	NC_073227.2	0.969	0.979	0.979	0.495
LOC129524347	NC_073231.2	LOC129533225	NC_073227.2	0.969	0.979	0.979	0.495
LOC129524668	NC_073237.2	LOC129529383	NC_073246.2	0.969	0.992	0.986	0.7352
LOC129524668	NC_073237.2	LOC129530488	NC_073246.2	0.969	0.99	0.984	0.7117
LOC129526379	NC_073238.2	LOC129529647	NC_086018.1	0.969	0.984	0.984	0.5719
LOC129529383	NC_073246.2	LOC134757413	NC_073241.2	0.969	0.989	0.989	0.6298
LOC129529383	NC_073246.2	LOC134757415	NC_073241.2	0.969	0.988	0.988	0.6447
LOC129529647	NC_086018.1	LOC129530543	NC_073236.2	0.969	0.986	0.986	0.6102
LOC129530488	NC_073246.2	LOC134757413	NC_073241.2	0.969	0.987	0.987	0.6229
LOC129530488	NC_073246.2	LOC134757414	NC_073241.2	0.969	0.988	0.988	0.6564
LOC129530568	NC_073246.2	LOC129531742	NC_073236.2	0.969	0.977	0.964	0.5778
LOC129530568	NC_073246.2	LOC134757414	NC_073241.2	0.969	0.985	0.986	0.5957
LOC129530568	NC_073246.2	LOC134757415	NC_073241.2	0.969	0.983	0.984	0.5844
LOC129533224	NC_073227.2	LOC134758982	NC_073231.2	0.969	0.976	0.976	0.3612
LOC129533224	NC_073227.2	LOC134758983	NC_073231.2	0.969	0.978	0.978	0.4391
LOC129533224	NC_073227.2	LOC134758991	NC_073231.2	0.969	0.976	0.976	0.4429
LOC129533224	NC_073227.2	LOC134758996	NC_073231.2	0.969	0.978	0.978	0.3822
LOC129533225	NC_073227.2	LOC134758982	NC_073231.2	0.969	0.976	0.976	0.3612
LOC129533225	NC_073227.2	LOC134758983	NC_073231.2	0.969	0.978	0.978	0.4391
LOC129533225	NC_073227.2	LOC134758991	NC_073231.2	0.969	0.976	0.976	0.4429
LOC129533225	NC_073227.2	LOC134758996	NC_073231.2	0.969	0.978	0.978	0.3822
FAM90A1	NC_073234.2	LOC129524357	NC_073231.2	0.968	0.962	0.963	0.249
FAM90A1	NC_073234.2	LOC134759001	NC_073231.2	0.968	0.963	0.964	0.2525
LOC101125960	NC_073231.2	LOC109024249	NC_073244.2	0.968	0.925	0.927	0.1524
LOC101125960	NC_073231.2	RPL37	NC_073243.2	0.968	0.958	0.959	0.2913
LOC101126684	NC_073232.2	LOC134757331	NC_073240.2	0.968	0.937	0.933	0.12
LOC101126792	NC_073240.2	LOC101127159	NC_073235.2	0.968	0.957	0.947	0.3567
LOC101127159	NC_073235.2	LOC129526469	NC_073236.2	0.968	0.958	0.948	0.3711
LOC101127159	NC_073235.2	LOC129526569	NC_073239.2	0.968	0.961	0.951	0.4023
LOC101127159	NC_073235.2	LOC129527191	NC_073238.2	0.968	0.96	0.949	0.3868
LOC101127159	NC_073235.2	LOC129527198	NC_073240.2	0.968	0.956	0.946	0.3189
LOC101127159	NC_073235.2	LOC129529652	NC_086018.1	0.968	0.964	0.954	0.4109
LOC109026322	NC_086017.1	LOC115931286	NC_073224.2	0.968	0.985	0.983	0.5897
LOC115932761	NC_073246.2	LOC129524668	NC_073237.2	0.968	0.986	0.981	0.6245
LOC115932761	NC_073246.2	LOC134757073	NC_073238.2	0.968	0.983	0.976	0.4583
LOC115932761	NC_073246.2	LOC134757413	NC_073241.2	0.968	0.983	0.984	0.569
LOC129524667	NC_073237.2	LOC129528228	NC_073241.2	0.968	0.993	0.993	0.3568
LOC129524667	NC_073237.2	LOC129530304	NC_073248.2	0.968	0.991	0.991	0.3228
LOC129524668	NC_073237.2	LOC129530568	NC_073246.2	0.968	0.988	0.982	0.6272
LOC129528228	NC_073241.2	LOC129529382	NC_073246.2	0.968	0.981	0.982	0.3711
LOC129528228	NC_073241.2	LOC129530495	NC_073246.2	0.968	0.986	0.986	0.598
LOC129528228	NC_073241.2	LOC129530569	NC_073246.2	0.968	0.981	0.982	0.3718
LOC129529382	NC_073246.2	LOC129530304	NC_073248.2	0.968	0.979	0.979	0.3313
LOC129529383	NC_073246.2	LOC134757073	NC_073238.2	0.968	0.989	0.981	0.507
LOC129529383	NC_073246.2	LOC134757414	NC_073241.2	0.968	0.99	0.99	0.6637
LOC129530304	NC_073248.2	LOC129530495	NC_073246.2	0.968	0.984	0.984	0.5429
LOC129530304	NC_073248.2	LOC129530569	NC_073246.2	0.968	0.979	0.979	0.3396
LOC129530380	NC_073248.2	LOC134757415	NC_073241.2	0.968	0.974	0.972	0.4741
LOC129530488	NC_073246.2	LOC134757415	NC_073241.2	0.968	0.986	0.986	0.6593
LOC129530568	NC_073246.2	LOC134757073	NC_073238.2	0.968	0.984	0.977	0.4549
LOC129530568	NC_073246.2	LOC134757413	NC_073241.2	0.968	0.984	0.985	0.5649
LOC129531742	NC_073236.2	LOC134756925	NC_073237.2	0.968	0.98	0.976	0.6233
LOC129531742	NC_073236.2	LOC134757414	NC_073241.2	0.968	0.981	0.977	0.6018
LOC129531742	NC_073236.2	LOC134757415	NC_073241.2	0.968	0.979	0.975	0.5833
CSDE1	NC_073224.2	LOC134757346	NC_073240.2	0.967	0.991	0.989	0.2304
LOC101127655	NC_073247.2	MRRF	NC_073237.2	0.967	0.961	0.962	0.0557
LOC101137471	NC_073230.2	RPS27	NC_073224.2	0.967	0.969	0.97	0.4487
LOC101137537	NC_086017.1	LOC129527811	NC_073242.2	0.967	0.979	0.979	0.4672
LOC101151538	NC_073243.2	LOC115933486	NC_073233.2	0.967	0.959	0.959	0.3333
LOC115931421	NC_073241.2	LOC129524036	NC_073243.2	0.967	0.993	0.992	0.3639
LOC115931577	NC_073244.2	LOC129534058	NC_073229.2	0.967	0.967	0.961	0.4042
LOC115933479	NC_073233.2	PPIA	NC_073230.2	0.967	0.976	0.974	0.657
LOC115934309	NC_073248.2	LOC134757060	NC_073238.2	0.967	0.981	0.977	0.5109
LOC129523959	NC_073224.2	LOC129524036	NC_073243.2	0.967	0.993	0.991	0.4776
LOC129524036	NC_073243.2	LOC129524833	NC_073239.2	0.967	0.991	0.987	0.4507
LOC129524036	NC_073243.2	LOC129525641	NC_073234.2	0.967	0.994	0.991	0.1444
LOC129524036	NC_073243.2	LOC129534553	NC_073229.2	0.967	0.991	0.991	0.2761
LOC129524036	NC_073243.2	LOC134759270	NC_073232.2	0.967	0.989	0.989	0.3219
LOC129524036	NC_073243.2	SLC35F5	NC_073235.2	0.967	0.989	0.987	0.2117
LOC129526379	NC_073238.2	LOC129529381	NC_073246.2	0.967	0.982	0.979	0.4292
LOC129526379	NC_073238.2	LOC129529387	NC_073246.2	0.967	0.981	0.977	0.3833
LOC129529381	NC_073246.2	LOC129529647	NC_086018.1	0.967	0.982	0.979	0.4699
LOC129529381	NC_073246.2	LOC129530543	NC_073236.2	0.967	0.982	0.979	0.4346
LOC129529381	NC_073246.2	LOC134757055	NC_073238.2	0.967	0.981	0.977	0.4337
LOC129529387	NC_073246.2	LOC129529647	NC_086018.1	0.967	0.98	0.974	0.4623
LOC129529387	NC_073246.2	LOC129530543	NC_073236.2	0.967	0.981	0.979	0.412
LOC129529387	NC_073246.2	LOC134757055	NC_073238.2	0.967	0.979	0.975	0.4058
LOC129530380	NC_073248.2	LOC134757073	NC_073238.2	0.967	0.978	0.974	0.3869
LOC129534058	NC_073229.2	RPS2	NC_073242.2	0.967	0.965	0.961	0.3107
LOC101126792	NC_073240.2	LOC129529391	NC_073246.2	0.966	0.984	0.984	0.5682
LOC101127721	NC_073242.2	LOC109024112	NC_073224.2	0.966	0.846	0.847	0.0748
LOC101130706	NC_073235.2	LOC109027830	NC_073224.2	0.966	0.979	0.977	0.2713
LOC101139294	NC_073228.2	LOC115933479	NC_073233.2	0.966	0.927	0.929	0.1298
LOC101139294	NC_073228.2	PPIA	NC_073230.2	0.966	0.934	0.933	0.1455
LOC101141368	NC_086017.1	LOC115930192	NC_073224.2	0.966	0.953	0.954	0.0921
LOC101152722	NC_086017.1	LOC115930434	NC_073238.2	0.966	0.985	0.98	0.5625
LOC109027020	NC_073224.2	RPS27A	NC_073236.2	0.966	0.979	0.978	0.3587
LOC129524028	NC_073231.2	LOC129524036	NC_073243.2	0.966	0.991	0.989	0.2826
LOC129524036	NC_073243.2	LOC129528719	NC_073244.2	0.966	0.991	0.989	0.2518
LOC129524036	NC_073243.2	LOC129530133	NC_073247.2	0.966	0.994	0.99	0.4931
LOC129524036	NC_073243.2	LOC129532895	NC_073227.2	0.966	0.991	0.99	0.5126
LOC129524472	NC_073237.2	LOC129528463	NC_073241.2	0.966	0.992	0.989	0.5
LOC129524668	NC_073237.2	LOC129530380	NC_073248.2	0.966	0.978	0.975	0.4648
LOC129526469	NC_073236.2	LOC129529391	NC_073246.2	0.966	0.985	0.985	0.5869
LOC129526569	NC_073239.2	LOC129529391	NC_073246.2	0.966	0.976	0.976	0.4611
LOC129527191	NC_073238.2	LOC129529391	NC_073246.2	0.966	0.981	0.981	0.5563
LOC129527198	NC_073240.2	LOC129529391	NC_073246.2	0.966	0.976	0.977	0.4833
LOC129529391	NC_073246.2	LOC129529652	NC_086018.1	0.966	0.977	0.977	0.4745
LOC129531742	NC_073236.2	LOC134757073	NC_073238.2	0.966	0.982	0.974	0.4577
LOC129531742	NC_073236.2	LOC134757413	NC_073241.2	0.966	0.98	0.976	0.5702
LOC101139294	NC_073228.2	LOC101140340	NC_086017.1	0.965	0.888	0.887	0.0633
LOC101140340	NC_086017.1	LOC101153588	NC_073228.2	0.965	0.919	0.918	0.1381
LOC109023678	NC_073242.2	LOC134758274	NC_073227.2	0.965	0.843	0.846	0.0769
LOC115931260	NC_073243.2	UBE2S	NC_073244.2	0.965	0.985	0.985	0.484
LOC101151356	NC_073232.2	LOC115935319	NC_073230.2	0.964	0.962	0.964	0.2812
LOC115930419	NC_073238.2	RPL26	NC_073243.2	0.964	0.983	0.979	0.3224
LOC115933194	NC_086017.1	LOC129525554	NC_073233.2	0.964	0.992	0.992	0.6809
LOC115933486	NC_073233.2	LOC129533959	NC_073228.2	0.964	0.976	0.975	0.4318
LOC129524654	NC_073237.2	LOC129528460	NC_073241.2	0.964	0.996	0.989	0.625
LOC129524668	NC_073237.2	LOC129531742	NC_073236.2	0.964	0.984	0.981	0.6195
LOC129526957	NC_073236.2	LOC134757216	NC_073240.2	0.964	0.999	0.985	0.9162
LOC129530473	NC_073246.2	LOC129530554	NC_086018.1	0.964	1.0	1.0	0.4117
LOC129530488	NC_073246.2	LOC134757073	NC_073238.2	0.964	0.987	0.979	0.4965
LOC101124072	NC_073227.2	SAR1A	NC_073232.2	0.963	0.92	0.923	0.0356
LOC101132018	NC_073240.2	LOC101138942	NC_073228.2	0.963	0.949	0.949	0.1036
LOC101132879	NC_073229.2	LOC101150321	NC_073227.2	0.963	0.932	0.933	0.1186
LOC101137833	NC_073241.2	LOC115933486	NC_073233.2	0.963	0.975	0.972	0.4167
LOC101137833	NC_073241.2	LOC129533959	NC_073228.2	0.963	0.994	0.993	0.8039
LOC101139294	NC_073228.2	LOC101153289	NC_073232.2	0.963	0.903	0.903	0.0439
LOC101143037	NC_073232.2	LOC101150321	NC_073227.2	0.963	0.922	0.921	0.1244
LOC101147134	NC_073230.2	PRSS3	NC_073237.2	0.963	0.905	0.903	0.0909
LOC101150321	NC_073227.2	RPL7A	NC_073237.2	0.963	0.942	0.942	0.1587
LOC101152491	NC_086017.1	LOC134757331	NC_073240.2	0.963	0.939	0.939	0.2148
LOC101154270	NC_073235.2	RPL6	NC_073234.2	0.963	0.985	0.982	0.314
LOC109026425	NC_086017.1	RPL23A	NC_073228.2	0.963	0.987	0.983	0.2664
LOC129524472	NC_073237.2	LOC129529382	NC_073246.2	0.963	0.981	0.981	0.3097
LOC129524472	NC_073237.2	LOC129530495	NC_073246.2	0.963	0.986	0.987	0.5258
LOC129524472	NC_073237.2	LOC129530569	NC_073246.2	0.963	0.981	0.981	0.3179
LOC129526395	NC_073238.2	LOC129529294	NC_073246.2	0.963	0.989	0.99	0.1204
LOC129526550	NC_073239.2	LOC129529294	NC_073246.2	0.963	0.991	0.99	0.2038
LOC129534659	NC_073224.2	LOC134757331	NC_073240.2	0.963	0.938	0.938	0.162
COPS8	NC_073235.2	LOC101129256	NC_086017.1	0.962	0.967	0.966	0.1126
GGTLC1	NC_073245.2	LOC129523490	NC_086018.1	0.962	0.965	0.959	0.3672
LOC101132402	NC_073228.2	SUMO4	NC_073229.2	0.962	0.866	0.872	0.0321
LOC101152940	NC_073224.2	LOC101154053	NC_086017.1	0.962	0.937	0.933	0.2
LOC109024489	NC_073246.2	LOC115933486	NC_073233.2	0.962	0.974	0.973	0.4254
LOC129524663	NC_073237.2	LOC129528469	NC_073241.2	0.962	0.987	0.986	0.6456
LOC129525684	NC_073234.2	LOC129526909	NC_073239.2	0.962	0.993	0.993	0.7583
C15H14orf119	NC_073239.2	LOC101135331	NC_073237.2	0.961	0.894	0.898	0.0496
LOC101142049	NC_073237.2	LOC101146664	NC_073247.2	0.961	0.88	0.885	0.0326
LOC101147134	NC_073230.2	LOC115935863	NC_073237.2	0.961	0.909	0.909	0.0957
C3H4orf46	NC_073227.2	LOC129527464	NC_073242.2	0.96	0.965	0.96	0.0531
FAM136A	NC_073236.2	LOC109026392	NC_086017.1	0.96	0.953	0.955	0.0642
LOC101126684	NC_073232.2	LOC101137833	NC_073241.2	0.96	0.964	0.958	0.2609
LOC101127811	NC_073235.2	LOC101152412	NC_073246.2	0.96	0.934	0.932	0.1538
LOC101130214	NC_086017.1	LOC101144033	NC_073233.2	0.96	0.929	0.93	0.0763
LOC101153713	NC_073228.2	LOC115931260	NC_073243.2	0.96	0.98	0.979	0.3395
LOC115930119	NC_073229.2	LOC115933227	NC_073227.2	0.96	0.99	0.99	0.3078
LOC129524654	NC_073237.2	LOC129530485	NC_073246.2	0.96	0.982	0.975	0.2813
LOC129524670	NC_073237.2	LOC129529647	NC_086018.1	0.96	0.984	0.977	0.4167
LOC129530502	NC_073246.2	LOC134756700	NC_073236.2	0.96	0.986	0.986	0.6382
LOC129531450	NC_073240.2	LOC134756387	NC_073236.2	0.96	0.994	0.995	0.837
LOC134757073	NC_073238.2	LOC134757415	NC_073241.2	0.96	0.992	0.991	0.5625
ABCD1	NC_073247.2	LOC134757041	NC_073238.2	0.959	0.959	0.961	0.0467
FTH1	NC_073233.2	LOC109027830	NC_073224.2	0.959	0.981	0.98	0.1903
HNRNPA1L2	NC_073238.2	LOC101144033	NC_073233.2	0.959	0.922	0.921	0.0579
LOC101129414	NC_073243.2	TOMM7	NC_073230.2	0.959	0.965	0.965	0.3661
LOC109027830	NC_073224.2	LOC115931247	NC_073243.2	0.959	0.979	0.975	0.2289
LOC129524653	NC_073237.2	LOC129530464	NC_073238.2	0.959	0.989	0.989	0.7018
LOC129524664	NC_073237.2	LOC129529647	NC_086018.1	0.959	0.985	0.984	0.4597
LOC129526909	NC_073239.2	LOC129532712	NC_073232.2	0.959	0.989	0.985	0.2652
LOC129528455	NC_073241.2	LOC129530464	NC_073238.2	0.959	0.992	0.992	0.7411
LOC101127555	NC_073233.2	LOC101154144	NC_073235.2	0.958	0.912	0.912	0.1538
LOC101129892	NC_073244.2	LOC101141346	NC_073235.2	0.958	0.962	0.962	0.3011
LOC101133989	NC_073232.2	NHP2	NC_073228.2	0.958	0.974	0.974	0.336
LOC101134211	NC_073242.2	LOC134758274	NC_073227.2	0.958	0.849	0.855	0.0427
LOC101139366	NC_073236.2	LOC101154144	NC_073235.2	0.958	0.886	0.887	0.0653
LOC101146227	NC_073234.2	LOC109024093	NC_073244.2	0.958	0.944	0.934	0.2
LOC101154144	NC_073235.2	LOC115932777	NC_073224.2	0.958	0.888	0.888	0.0934
LOC129524472	NC_073237.2	LOC129530398	NC_073248.2	0.958	0.965	0.958	0.1642
LOC129529284	NC_073246.2	LOC129529426	NC_086018.1	0.958	0.99	0.99	0.5722
LOC134758274	NC_073227.2	MT1HL1	NC_073224.2	0.958	0.832	0.832	0.1146
LOC101134038	NC_073224.2	RPL10	NC_073247.2	0.957	0.993	0.989	0.463
LOC101141893	NC_073230.2	LOC101147067	NC_073235.2	0.957	0.915	0.918	0.0526
LOC101142804	NC_073224.2	LOC101151037	NC_073234.2	0.957	0.938	0.938	0.1327
LOC101153622	NC_073230.2	RPL15	NC_086017.1	0.957	0.929	0.928	0.0641
LOC109026322	NC_086017.1	RPL7	NC_073231.2	0.957	0.996	0.976	0.773
LOC109029139	NC_073224.2	RPL39L	NC_086017.1	0.957	0.886	0.887	0.0552
LOC115931577	NC_073244.2	RPS2	NC_073242.2	0.957	0.994	0.986	0.5907
LOC129524470	NC_073237.2	LOC129530485	NC_073246.2	0.957	0.988	0.977	0.3606
LOC129527811	NC_073242.2	RPL21	NC_073238.2	0.957	0.983	0.98	0.3795
IGSF3	NC_073224.2	LOC129529381	NC_073246.2	0.956	0.968	0.968	0.1523
IGSF3	NC_073224.2	LOC129529387	NC_073246.2	0.956	0.966	0.968	0.1491
LOC101125960	NC_073231.2	LOC109024637	NC_073247.2	0.956	0.822	0.812	0.0455
LOC101137537	NC_086017.1	LOC101137833	NC_073241.2	0.956	0.988	0.985	0.6239
LOC101138040	NC_073235.2	LOC115935319	NC_073230.2	0.956	0.913	0.912	0.0606
LOC101139294	NC_073228.2	LOC101144515	NC_073233.2	0.956	0.91	0.908	0.1018
LOC101142804	NC_073224.2	LOC101146120	NC_073236.2	0.956	0.934	0.934	0.1101
LOC101149210	NC_073233.2	RPS12	NC_073229.2	0.956	0.976	0.97	0.4419
LOC101152815	NC_073233.2	LOC129526900	NC_073240.2	0.956	0.964	0.965	0.2767
CCNQ	NC_073247.2	LOC109029187	NC_073224.2	0.955	0.953	0.954	0.1643
LOC101126442	NC_073231.2	LOC101127166	NC_073224.2	0.955	0.936	0.939	0.2012
LOC101126623	NC_073242.2	LOC134758274	NC_073227.2	0.955	0.848	0.852	0.0893
LOC101127166	NC_073224.2	LOC101137306	NC_073234.2	0.955	0.946	0.948	0.2229
LOC101127166	NC_073224.2	LOC101141368	NC_086017.1	0.955	0.928	0.931	0.0491
LOC101127166	NC_073224.2	LOC115935032	NC_073229.2	0.955	0.942	0.944	0.1792
LOC101127166	NC_073224.2	RPL17	NC_073241.2	0.955	0.948	0.95	0.1689
LOC101130286	NC_073237.2	LOC101141346	NC_073235.2	0.955	0.94	0.94	0.1869
LOC101141346	NC_073235.2	LOC101151078	NC_073241.2	0.955	0.908	0.908	0.0917
LOC101147604	NC_073229.2	RPL27A	NC_073233.2	0.955	0.986	0.98	0.562
LOC115930119	NC_073229.2	LOC115933239	NC_073236.2	0.955	0.989	0.975	0.5579
LOC115931241	NC_073243.2	SEPTIN7	NC_073230.2	0.955	0.995	0.995	0.5628
LOC115932624	NC_073233.2	SSU72L6	NC_073230.2	0.955	0.959	0.959	0.3226
LOC115933182	NC_073230.2	LOC115933239	NC_073236.2	0.955	0.996	0.981	0.4915
LOC115933227	NC_073227.2	LOC115933239	NC_073236.2	0.955	0.989	0.975	0.2338
LOC115933239	NC_073236.2	LOC129525174	NC_073232.2	0.955	0.985	0.973	0.4505
LOC115933239	NC_073236.2	LOC129526909	NC_073239.2	0.955	0.997	0.996	0.5985
LOC115933239	NC_073236.2	LOC134756358	NC_073242.2	0.955	0.989	0.99	0.1126
LOC129524664	NC_073237.2	LOC129529381	NC_073246.2	0.955	0.984	0.98	0.3436
LOC129524664	NC_073237.2	LOC129529387	NC_073246.2	0.955	0.982	0.978	0.3183
LOC129524670	NC_073237.2	LOC129529381	NC_073246.2	0.955	0.98	0.978	0.3225
LOC129524670	NC_073237.2	LOC129529387	NC_073246.2	0.955	0.978	0.975	0.2921
GTSF1	NC_073234.2	LOC109027668	NC_073230.2	0.954	0.996	0.994	0.5494
LOC101126684	NC_073232.2	LOC129527811	NC_073242.2	0.954	0.965	0.956	0.2812
LOC101127689	NC_086017.1	LOC101130226	NC_073240.2	0.954	0.9	0.9	0.0777
LOC101127689	NC_086017.1	LOC101153591	NC_073228.2	0.954	0.932	0.932	0.0932
LOC101130286	NC_073237.2	LOC101133796	NC_073231.2	0.954	0.955	0.952	0.2832
LOC101132158	NC_073224.2	LOC109028868	NC_073233.2	0.954	0.977	0.962	0.4217
LOC101137804	NC_086017.1	LOC109023133	NC_073239.2	0.954	0.941	0.944	0.1493
LOC101151078	NC_073241.2	LOC101152650	NC_073230.2	0.954	0.917	0.918	0.1103
LOC101130686	NC_073224.2	LOC101138859	NC_073247.2	0.953	0.965	0.965	0.3346
LOC101135657	NC_086018.1	VWF	NC_073234.2	0.953	0.971	0.97	0.1649
LOC129529380	NC_073238.2	LOC129530485	NC_073246.2	0.953	0.989	0.981	0.2907
IFITM2	NC_073233.2	LOC101143671	NC_073234.2	0.952	0.926	0.921	0.1472
LOC101140067	NC_073224.2	NRBF2	NC_073232.2	0.952	0.982	0.982	0.2977
LOC101145937	NC_073228.2	LOC129527246	NC_073238.2	0.952	0.943	0.945	0.1467
LOC101145937	NC_073228.2	LOC129530296	NC_073248.2	0.952	0.908	0.91	0.0679
LOC101152433	NC_073232.2	RPL31	NC_073236.2	0.952	0.979	0.98	0.0689
LOC109026425	NC_086017.1	LOC129525277	NC_073233.2	0.952	0.931	0.93	0.0544
LOC129528441	NC_073241.2	LOC129530485	NC_073246.2	0.952	0.99	0.984	0.2913
LOC129531594	NC_073236.2	UFM1	NC_073238.2	0.952	0.992	0.973	0.1173
LOC101125738	NC_073224.2	LOC101129166	NC_073229.2	0.951	0.819	0.826	0.038
LOC101134637	NC_073224.2	LOC129526378	NC_073238.2	0.951	0.977	0.968	0.2687
LOC101134637	NC_073224.2	LOC129529284	NC_073246.2	0.951	0.977	0.968	0.3987
LOC101134637	NC_073224.2	LOC129529426	NC_086018.1	0.951	0.977	0.967	0.3548
LOC101134637	NC_073224.2	LOC129530468	NC_073238.2	0.951	0.98	0.96	0.4857
LOC101134637	NC_073224.2	LOC129530502	NC_073246.2	0.951	0.982	0.974	0.466
LOC101134637	NC_073224.2	LOC134756700	NC_073236.2	0.951	0.976	0.969	0.4158
LOC101148362	NC_073224.2	LOC115934594	NC_073228.2	0.951	0.9	0.899	0.1017
LOC129524664	NC_073237.2	LOC129528449	NC_073241.2	0.951	0.987	0.985	0.2832
LOC129526379	NC_073238.2	LOC129528449	NC_073241.2	0.951	0.988	0.983	0.3696
LOC129528449	NC_073241.2	LOC129530543	NC_073236.2	0.951	0.987	0.981	0.3475
LOC129528449	NC_073241.2	LOC134757055	NC_073238.2	0.951	0.993	0.989	0.4476
LOC101138287	NC_073234.2	LOC101146767	NC_073247.2	0.95	0.955	0.952	0.2108
LOC109024826	NC_073235.2	SAP18	NC_073238.2	0.95	0.911	0.911	0.0604
LOC115932953	NC_073224.2	RPS23	NC_073228.2	0.95	0.984	0.985	0.0943
LOC129523684	NC_073230.2	LOC129530307	NC_073248.2	0.95	0.951	0.951	0.1339
LOC129524653	NC_073237.2	LOC129528449	NC_073241.2	0.95	0.992	0.989	0.3358
LOC129524663	NC_073237.2	LOC129528449	NC_073241.2	0.95	0.999	0.995	0.5257
LOC129528228	NC_073241.2	LOC129530398	NC_073248.2	0.95	0.947	0.95	0.0941
ATF4	NC_086018.1	LOC101153927	NC_073228.2	0.949	0.964	0.958	0.2942
ENTR1	NC_073237.2	LOC101126524	NC_073241.2	0.949	0.955	0.954	0.1867
LOC101125185	NC_073240.2	LOC101142361	NC_086017.1	0.949	0.899	0.902	0.0932
LOC101131725	NC_073237.2	LOC129530591	NC_073241.2	0.949	0.941	0.941	0.2035
LOC101131725	NC_073237.2	LOC134757034	NC_073238.2	0.949	0.943	0.943	0.2035
LOC109028725	NC_086017.1	LOC109028727	NC_073233.2	0.948	0.93	0.93	0.1381
LOC109028727	NC_073233.2	LOC134757181	NC_073239.2	0.948	0.942	0.938	0.1861
LOC129524668	NC_073237.2	LOC134757073	NC_073238.2	0.948	0.987	0.987	0.5035
KMT2C	NC_073230.2	LOC129530485	NC_073246.2	0.947	0.993	0.99	0.0366
LOC101127634	NC_073230.2	LOC101138853	NC_073231.2	0.947	0.951	0.945	0.0624
LOC101129830	NC_073224.2	LOC101146806	NC_073236.2	0.947	0.892	0.894	0.0824
LOC101129830	NC_073224.2	LOC109024622	NC_073247.2	0.947	0.872	0.871	0.0374
LOC101129830	NC_073224.2	LOC109026990	NC_073228.2	0.947	0.88	0.883	0.0541
LOC101129830	NC_073224.2	RPL18A	NC_073244.2	0.947	0.88	0.883	0.055
LOC101133825	NC_073224.2	LOC101140090	NC_073234.2	0.947	0.913	0.912	0.0318
LOC101137537	NC_086017.1	LOC101151538	NC_073243.2	0.947	0.964	0.964	0.3857
LOC101137537	NC_086017.1	LOC129533959	NC_073228.2	0.947	0.994	0.993	0.7048
LOC101137833	NC_073241.2	RPL21	NC_073238.2	0.947	0.994	0.983	0.5338
LOC101152105	NC_073234.2	LOC109025874	NC_073235.2	0.947	0.899	0.901	0.1071
LOC101125084	NC_073244.2	LOC109027152	NC_073229.2	0.946	0.911	0.91	0.1402
LOC101127555	NC_073233.2	LOC101154368	NC_073224.2	0.946	0.89	0.89	0.15
LOC101144253	NC_073236.2	LOC115930095	NC_073237.2	0.946	0.981	0.981	0.5551
LOC129523703	NC_073230.2	LOC129525023	NC_073232.2	0.946	0.996	0.981	0.6765
LOC129528187	NC_073238.2	LOC129529646	NC_086018.1	0.946	0.994	0.976	0.6834
LOC129528194	NC_073241.2	LOC129529646	NC_086018.1	0.946	0.99	0.972	0.5191
LOC129529646	NC_086018.1	LOC129530391	NC_073248.2	0.946	0.992	0.973	0.6784
LOC129529646	NC_086018.1	LOC134757319	NC_073240.2	0.946	0.994	0.98	0.6679
CHMP5	NC_073237.2	LOC129529733	NC_073247.2	0.945	0.95	0.934	0.1626
FAU	NC_073233.2	LOC101136911	NC_073232.2	0.945	0.992	0.992	0.5935
LOC101127689	NC_086017.1	LOC101141058	NC_073233.2	0.945	0.925	0.926	0.1376
LOC115933961	NC_086017.1	LOC129524489	NC_073237.2	0.945	0.959	0.955	0.1853
LOC129529384	NC_073246.2	LOC134757055	NC_073238.2	0.945	0.985	0.984	0.5832
LOC101125738	NC_073224.2	LOC101136257	NC_073229.2	0.944	0.842	0.841	0.048
LOC101126577	NC_073233.2	LOC115931577	NC_073244.2	0.944	0.954	0.949	0.2492
LOC101127555	NC_073233.2	LOC101153289	NC_073232.2	0.944	0.909	0.91	0.0714
LOC101127811	NC_073235.2	LOC134758505	NC_073224.2	0.944	0.881	0.88	0.0818
LOC101141974	NC_086017.1	RPS20	NC_073231.2	0.944	0.983	0.983	0.4194
LOC115932736	NC_073224.2	PCMTD1	NC_073231.2	0.944	0.991	0.992	0.2423
LOC115933182	NC_073230.2	LOC129525174	NC_073232.2	0.944	0.989	0.989	0.6046
LOC129523819	NC_073230.2	LOC129525066	NC_086017.1	0.944	0.991	0.982	0.5566
LOC101137306	NC_073234.2	RPL17	NC_073241.2	0.943	0.995	0.986	0.544
LOC101137478	NC_086018.1	LOC101142804	NC_073224.2	0.943	0.936	0.936	0.125
LOC115930119	NC_073229.2	LOC129525066	NC_086017.1	0.943	0.991	0.973	0.4916
LOC115933182	NC_073230.2	LOC129525066	NC_086017.1	0.943	0.992	0.973	0.3617
LOC115933227	NC_073227.2	LOC129525066	NC_086017.1	0.943	0.993	0.976	0.1964
LOC129524426	NC_073237.2	LOC129529427	NC_086018.1	0.943	0.982	0.982	0.2357
LOC129525066	NC_086017.1	LOC129525174	NC_073232.2	0.943	0.986	0.97	0.362
LOC129525066	NC_086017.1	LOC129526909	NC_073239.2	0.943	0.993	0.992	0.4447
LOC129525066	NC_086017.1	LOC134756358	NC_073242.2	0.943	0.992	0.991	0.0878
LOC129529284	NC_073246.2	LOC134756700	NC_073236.2	0.943	0.987	0.986	0.6382
LOC101134637	NC_073224.2	LOC129528161	NC_073241.2	0.942	0.982	0.96	0.5178
LOC101137537	NC_086017.1	LOC109024489	NC_073246.2	0.942	0.985	0.983	0.521
LOC101137537	NC_086017.1	LOC115933486	NC_073233.2	0.942	0.971	0.972	0.4219
LOC101142730	NC_073227.2	LOC115932141	NC_073247.2	0.942	0.961	0.958	0.3018
LOC101142730	NC_073227.2	TXNDC9	NC_073236.2	0.942	0.963	0.961	0.1406
LOC109023382	NC_073240.2	LOC129534056	NC_073229.2	0.942	0.898	0.904	0.0355
LOC129534056	NC_073229.2	RPL34	NC_073227.2	0.942	0.913	0.918	0.0417
LOC101123893	NC_073247.2	RPL36	NC_073244.2	0.941	0.872	0.87	0.0571
LOC101131083	NC_073240.2	LOC134757993	NC_086017.1	0.941	0.977	0.977	0.3636
LOC129525174	NC_073232.2	LOC129526909	NC_073239.2	0.941	0.989	0.989	0.6439
CCDC3	NC_073232.2	LOC115935825	NC_073224.2	0.94	0.99	0.989	0.1938
KMT5A	NC_073234.2	LOC129528161	NC_073241.2	0.94	0.99	0.981	0.256
LOC101130550	NC_073232.2	YWHAZ	NC_073231.2	0.94	0.974	0.968	0.1545
LOC101138287	NC_073234.2	LOC115930419	NC_073238.2	0.94	0.959	0.956	0.1094
LOC101139472	NC_073224.2	RPS13	NC_073233.2	0.94	0.983	0.983	0.4177
LOC101130286	NC_073237.2	LOC101138009	NC_073232.2	0.939	0.93	0.932	0.169
LOC101146163	NC_073229.2	LOC129528891	NC_073244.2	0.939	0.902	0.901	0.051
LOC129528464	NC_073241.2	LOC129530486	NC_073246.2	0.939	0.984	0.979	0.5063
LOC129528464	NC_073241.2	LOC129530565	NC_073246.2	0.939	0.985	0.98	0.5169
LOC129533217	NC_073227.2	LOC134758995	NC_073231.2	0.939	0.976	0.974	0.4141
GGTLC1	NC_073245.2	GGTLC2	NC_086018.1	0.938	0.964	0.957	0.2932
LOC101134211	NC_073242.2	MT1HL1	NC_073224.2	0.938	0.863	0.86	0.0595
LOC101138287	NC_073234.2	RPL26	NC_073243.2	0.938	0.963	0.964	0.196
LOC101146216	NC_073224.2	LOC115935612	NC_073231.2	0.938	0.952	0.95	0.2298
LOC101151538	NC_073243.2	LOC109024489	NC_073246.2	0.938	0.972	0.972	0.4196
LOC115930119	NC_073229.2	LOC129526909	NC_073239.2	0.938	0.992	0.992	0.6425
LOC129526565	NC_073241.2	LOC129532712	NC_073232.2	0.938	0.981	0.975	0.1248
LOC101128125	NC_073245.2	RPF2	NC_073229.2	0.937	0.955	0.956	0.0843
LOC101135421	NC_073244.2	LOC101138942	NC_073228.2	0.937	0.954	0.952	0.1478
LOC101143299	NC_073234.2	LOC101144988	NC_073247.2	0.937	0.969	0.97	0.0877
LOC129528464	NC_073241.2	LOC129530464	NC_073238.2	0.937	0.997	0.985	0.6237
LOC101127312	NC_073236.2	LOC101147253	NC_073247.2	0.936	0.981	0.98	0.4912
LOC101142996	NC_073244.2	LOC129524489	NC_073237.2	0.936	0.86	0.855	0.0427
LOC101144197	NC_073227.2	LOC101145399	NC_073239.2	0.936	0.995	0.995	0.7024
LOC129524670	NC_073237.2	LOC134757055	NC_073238.2	0.936	0.988	0.987	0.4907
LOC134757073	NC_073238.2	LOC134757414	NC_073241.2	0.936	0.996	0.995	0.6385
LOC101123893	NC_073247.2	LOC101133011	NC_073239.2	0.935	0.855	0.855	0.0811
LOC101126607	NC_073239.2	LOC101127689	NC_086017.1	0.935	0.921	0.924	0.129
LOC101127555	NC_073233.2	LOC101153588	NC_073228.2	0.935	0.91	0.911	0.1823
LOC101139366	NC_073236.2	LOC101151494	NC_073233.2	0.935	0.881	0.884	0.06
LOC101140340	NC_086017.1	LOC101151494	NC_073233.2	0.935	0.895	0.895	0.0602
LOC101151494	NC_073233.2	LOC101153588	NC_073228.2	0.935	0.916	0.917	0.1084
LOC101151494	NC_073233.2	LOC101154368	NC_073224.2	0.935	0.906	0.907	0.1014
LOC101151494	NC_073233.2	LOC115932777	NC_073224.2	0.935	0.901	0.903	0.1278
LOC101151494	NC_073233.2	PPIA	NC_073230.2	0.935	0.937	0.937	0.1841
LOC101151494	NC_073233.2	PPIAL4H	NC_073224.2	0.935	0.901	0.903	0.1285
LOC115935032	NC_073229.2	RPL17	NC_073241.2	0.935	0.992	0.984	0.5326
LOC129525975	NC_073234.2	TBX20	NC_073230.2	0.935	0.978	0.978	0.0473
LOC129528193	NC_073241.2	LOC129530464	NC_073238.2	0.935	0.985	0.985	0.4719
LOC101131055	NC_073234.2	LOC109025874	NC_073235.2	0.934	0.867	0.868	0.0549
LOC101138942	NC_073228.2	RPL9	NC_073227.2	0.934	0.999	0.982	0.6207
LOC101140955	NC_073224.2	RBMX	NC_073247.2	0.934	0.998	0.997	0.4168
LOC115933194	NC_086017.1	LOC115933227	NC_073227.2	0.934	0.989	0.989	0.1659
IGSF3	NC_073224.2	LOC129529647	NC_086018.1	0.933	0.973	0.971	0.1933
LOC101140422	NC_073224.2	LOC101144947	NC_073228.2	0.933	0.961	0.958	0.3302
LOC101151494	NC_073233.2	LOC101153289	NC_073232.2	0.933	0.908	0.909	0.0445
LOC101152462	NC_073233.2	LOC109023149	NC_073239.2	0.933	0.884	0.883	0.0707
LOC109023149	NC_073239.2	LOC109025909	NC_073224.2	0.933	0.918	0.917	0.0938
LOC109023149	NC_073239.2	LOC115932158	NC_073247.2	0.933	0.898	0.898	0.0536
LOC109027584	NC_073230.2	LOC115933990	NC_086017.1	0.933	0.934	0.918	0.1685
LOC129523819	NC_073230.2	LOC129525174	NC_073232.2	0.933	0.988	0.988	0.4654
LOC101123985	NC_073244.2	LOC101134038	NC_073224.2	0.932	0.983	0.983	0.5127
LOC101130013	NC_073244.2	RPL35	NC_073237.2	0.932	0.9	0.89	0.1007
LOC101142996	NC_073244.2	LOC134756942	NC_073237.2	0.932	0.851	0.853	0.0383
CLIC1	NC_073229.2	LOC109029052	NC_073234.2	0.931	0.926	0.924	0.1629
LOC101130806	NC_073233.2	RPL36A	NC_073247.2	0.931	0.935	0.935	0.1357
LOC101138564	NC_073238.2	LOC115933558	NC_073236.2	0.931	0.989	0.97	0.6267
LOC101144552	NC_073235.2	RHBDF1	NC_073242.2	0.931	0.997	0.991	0.406
LOC101144947	NC_073228.2	LOC115933990	NC_086017.1	0.931	0.985	0.967	0.6353
LOC101151540	NC_073243.2	LOC129532449	NC_086017.1	0.931	0.95	0.95	0.2745
LOC109023337	NC_073240.2	RPL35A	NC_086017.1	0.931	0.896	0.897	0.0659
LOC115931421	NC_073241.2	LOC129532895	NC_073227.2	0.931	0.99	0.989	0.4876
LOC129532449	NC_086017.1	RPS18	NC_073229.2	0.931	0.974	0.976	0.4741
LOC101135754	NC_073242.2	LOC109025964	NC_073235.2	0.93	0.958	0.956	0.108
LOC101142376	NC_073244.2	LOC129525554	NC_073233.2	0.93	0.991	0.99	0.6975
LOC101143671	NC_073234.2	LOC101152182	NC_073231.2	0.93	0.881	0.886	0.0552
LOC115932124	NC_073247.2	TRPC6	NC_073233.2	0.93	0.933	0.937	0.0459
LOC129524260	NC_073236.2	LOC129532896	NC_073247.2	0.93	0.987	0.962	0.7015
LOC129525323	NC_073224.2	RPL39L	NC_086017.1	0.93	0.901	0.904	0.0706
LOC129525577	NC_073233.2	NDUFA8	NC_073237.2	0.93	0.981	0.981	0.1039
LOC129532895	NC_073227.2	LOC129534553	NC_073229.2	0.93	0.989	0.988	0.3838
EIF4E	NC_073227.2	LOC101146847	NC_073228.2	0.929	0.989	0.99	0.1319
FDPS	NC_073224.2	LOC129534743	NC_073230.2	0.929	0.918	0.901	0.1045
GGTLC1	NC_073245.2	LOC129529588	NC_086018.1	0.929	0.964	0.946	0.2889
LOC129526400	NC_073238.2	LOC129526551	NC_073239.2	0.929	0.972	0.972	0.278
LOC129526551	NC_073239.2	LOC134757039	NC_073238.2	0.929	0.972	0.972	0.3524
LOC101126783	NC_073231.2	LOC129524399	NC_073227.2	0.928	0.979	0.979	0.4572
LOC101126783	NC_073231.2	LOC129533206	NC_073227.2	0.928	0.979	0.979	0.4068
LOC101126783	NC_073231.2	LOC129533212	NC_073227.2	0.928	0.979	0.979	0.402
LOC101126783	NC_073231.2	LOC129533215	NC_073227.2	0.928	0.979	0.979	0.4028
LOC101126783	NC_073231.2	LOC129533217	NC_073227.2	0.928	0.979	0.979	0.4799
LOC101126783	NC_073231.2	LOC129533221	NC_073227.2	0.928	0.979	0.979	0.402
LOC101126783	NC_073231.2	LOC129533222	NC_073227.2	0.928	0.979	0.979	0.3996
LOC101133796	NC_073231.2	LOC101151078	NC_073241.2	0.928	0.925	0.921	0.155
LOC101144515	NC_073233.2	LOC134758505	NC_073224.2	0.928	0.89	0.894	0.0904
LOC101146227	NC_073234.2	LOC129529164	NC_073224.2	0.928	0.923	0.923	0.1636
LOC109024489	NC_073246.2	LOC129533959	NC_073228.2	0.928	0.99	0.991	0.6937
LOC129533217	NC_073227.2	LOC134758981	NC_073231.2	0.928	0.978	0.975	0.4871
GSTO1	NC_073232.2	LOC101143444	NC_086017.1	0.927	0.925	0.925	0.1384
LOC101137537	NC_086017.1	RPL21	NC_073238.2	0.927	0.994	0.989	0.48
LOC129524347	NC_073231.2	LOC129533206	NC_073227.2	0.927	0.979	0.979	0.3992
LOC129524347	NC_073231.2	LOC129533212	NC_073227.2	0.927	0.979	0.979	0.3945
LOC129524347	NC_073231.2	LOC129533214	NC_073227.2	0.927	0.979	0.979	0.3937
LOC129524347	NC_073231.2	LOC129533215	NC_073227.2	0.927	0.979	0.979	0.3953
LOC129524347	NC_073231.2	LOC129533217	NC_073227.2	0.927	0.979	0.979	0.4706
LOC129524347	NC_073231.2	LOC129533219	NC_073227.2	0.927	0.978	0.978	0.4381
LOC129524347	NC_073231.2	LOC129533221	NC_073227.2	0.927	0.979	0.979	0.3945
LOC129524347	NC_073231.2	LOC129533222	NC_073227.2	0.927	0.979	0.979	0.3922
LOC101126684	NC_073232.2	LOC101137537	NC_086017.1	0.926	0.969	0.967	0.3026
LOC101126684	NC_073232.2	LOC115933486	NC_073233.2	0.926	0.963	0.953	0.253
LOC101126783	NC_073231.2	LOC129533214	NC_073227.2	0.926	0.98	0.979	0.4012
LOC101126783	NC_073231.2	LOC129533219	NC_073227.2	0.926	0.979	0.978	0.4467
LOC101146664	NC_073247.2	PHB1	NC_073228.2	0.926	0.922	0.924	0.0738
LOC129524347	NC_073231.2	LOC129524399	NC_073227.2	0.926	0.979	0.979	0.4484
LOC101124387	NC_073224.2	LOC101127811	NC_073235.2	0.925	0.917	0.918	0.0873
LOC101127555	NC_073233.2	LOC129529189	NC_073245.2	0.925	0.909	0.914	0.0469
LOC101138009	NC_073232.2	LOC101141346	NC_073235.2	0.924	0.941	0.927	0.2016
LOC101140090	NC_073234.2	RPS15	NC_073244.2	0.924	0.929	0.925	0.1534
LOC101151494	NC_073233.2	LOC101154144	NC_073235.2	0.924	0.907	0.904	0.1056
LOC115933486	NC_073233.2	RPL21	NC_073238.2	0.924	0.977	0.966	0.3034
LOC129525684	NC_073234.2	LOC129526565	NC_073241.2	0.924	0.993	0.993	0.407
LOC129533959	NC_073228.2	RPL21	NC_073238.2	0.924	1.0	0.988	0.6357
CNOT6L	NC_073227.2	LOC101129393	NC_073240.2	0.923	0.986	0.987	0.1689
LOC101127811	NC_073235.2	TMEM42	NC_086017.1	0.923	0.917	0.911	0.0822
LOC101137306	NC_073234.2	LOC101141368	NC_086017.1	0.923	0.976	0.972	0.137
LOC101137471	NC_073230.2	LOC109027152	NC_073229.2	0.923	0.923	0.917	0.0982
LOC101152273	NC_073244.2	LOC109026425	NC_086017.1	0.923	0.964	0.964	0.2207
LOC101152675	NC_073237.2	LOC109028262	NC_073236.2	0.923	0.988	0.987	0.4393
LOC109028351	NC_073237.2	LOC129529548	NC_086018.1	0.923	0.977	0.977	0.4077
LOC109028868	NC_073233.2	RPS27	NC_073224.2	0.923	0.974	0.974	0.4512
LOC115932158	NC_073247.2	LOC129524120	NC_073231.2	0.923	0.942	0.942	0.1849
LOC129524470	NC_073237.2	LOC134756947	NC_073238.2	0.923	0.997	0.997	0.569
LOC129533221	NC_073227.2	LOC134758981	NC_073231.2	0.923	0.977	0.975	0.4086
ATP5MK	NC_073232.2	LOC101130654	NC_073247.2	0.922	0.964	0.963	0.1311
LOC101132815	NC_073238.2	LOC129534664	NC_073240.2	0.922	0.996	0.997	0.8766
LOC109023337	NC_073240.2	LOC115934594	NC_073228.2	0.922	0.899	0.897	0.1368
LOC129527796	NC_073242.2	LOC129532896	NC_073247.2	0.922	0.998	0.969	0.7937
LOC129533217	NC_073227.2	LOC134758989	NC_073231.2	0.922	0.977	0.977	0.3617
LOC129533217	NC_073227.2	LOC134758990	NC_073231.2	0.922	0.977	0.977	0.3731
LOC129534664	NC_073240.2	LOC134758882	NC_073230.2	0.922	0.995	0.995	0.6628
LOC101126499	NC_073239.2	LOC101138287	NC_073234.2	0.921	0.958	0.957	0.2323
LOC101140340	NC_086017.1	LOC115933479	NC_073233.2	0.921	0.929	0.921	0.1897
LOC115933182	NC_073230.2	LOC129532712	NC_073232.2	0.921	0.987	0.978	0.2787
LOC129524399	NC_073227.2	LOC134758981	NC_073231.2	0.921	0.978	0.975	0.4643
LOC129533206	NC_073227.2	LOC134758981	NC_073231.2	0.921	0.978	0.975	0.4135
LOC129533212	NC_073227.2	LOC134758981	NC_073231.2	0.921	0.978	0.975	0.4086
LOC129533222	NC_073227.2	LOC134758981	NC_073231.2	0.921	0.978	0.975	0.4062
LOC129533223	NC_073227.2	LOC134758981	NC_073231.2	0.921	0.978	0.976	0.2993
LOC101125304	NC_073242.2	LOC134758274	NC_073227.2	0.92	0.962	0.955	0.246
LOC101141368	NC_086017.1	LOC115935032	NC_073229.2	0.92	0.975	0.975	0.1525
LOC101153492	NC_073229.2	LOC129533491	NC_073228.2	0.92	0.903	0.908	0.1481
LOC115931040	NC_073240.2	LOC115933152	NC_073236.2	0.92	0.99	0.99	0.5208
LOC115935612	NC_073231.2	LOC115935839	NC_073237.2	0.92	0.96	0.959	0.2519
LOC129524472	NC_073237.2	LOC129528443	NC_073241.2	0.92	0.991	0.989	0.4519
LOC129533219	NC_073227.2	LOC134758981	NC_073231.2	0.92	0.977	0.975	0.4537
LOC134758236	NC_073227.2	LOC134758981	NC_073231.2	0.92	0.978	0.976	0.4168
EEF1D	NC_073231.2	LOC101131825	NC_073244.2	0.919	0.965	0.967	0.1062
LOC101127555	NC_073233.2	LOC115932777	NC_073224.2	0.919	0.903	0.898	0.1648
LOC101127555	NC_073233.2	PPIAL4H	NC_073224.2	0.919	0.899	0.897	0.1792
LOC101132158	NC_073224.2	LOC109027152	NC_073229.2	0.919	0.894	0.865	0.1316
LOC101139294	NC_073228.2	LOC101154368	NC_073224.2	0.919	0.9	0.903	0.0833
LOC109023795	NC_073243.2	LOC129525323	NC_073224.2	0.919	0.907	0.882	0.1279
LOC115935612	NC_073231.2	LOC129524434	NC_073237.2	0.919	0.965	0.95	0.2751
HMGN2	NC_073224.2	LOC115934990	NC_073229.2	0.918	0.928	0.923	0.0831
LOC101142993	NC_073229.2	LOC115935612	NC_073231.2	0.918	0.964	0.959	0.2074
LOC109024060	NC_073244.2	LOC134756942	NC_073237.2	0.918	0.831	0.83	0.0382
LOC109025589	NC_073236.2	LOC115935612	NC_073231.2	0.918	0.967	0.96	0.3468
LOC115934990	NC_073229.2	LOC129532770	NC_073224.2	0.918	0.911	0.889	0.0571
CISD1	NC_073232.2	LOC101123796	NC_073236.2	0.917	0.92	0.917	0.0611
LOC101129231	NC_073233.2	LOC101143702	NC_073240.2	0.917	0.903	0.906	0.0324
LOC101143702	NC_073240.2	RPL36AL	NC_073239.2	0.917	0.955	0.956	0.2319
LOC101151540	NC_073243.2	RPS18	NC_073229.2	0.917	0.961	0.938	0.3006
LOC109023678	NC_073242.2	MT1HL1	NC_073224.2	0.917	0.886	0.881	0.0938
LOC109028392	NC_073237.2	LOC115935612	NC_073231.2	0.917	0.965	0.966	0.2368
LOC115931078	NC_073242.2	LOC115935612	NC_073231.2	0.917	0.954	0.953	0.2631
LOC115931082	NC_073242.2	LOC115935612	NC_073231.2	0.917	0.956	0.954	0.2722
LOC115931087	NC_073242.2	LOC115935612	NC_073231.2	0.917	0.956	0.954	0.2727
LOC115933429	NC_073240.2	MPHOSPH8	NC_073238.2	0.917	0.999	0.99	0.2218
LOC115933784	NC_073235.2	PIGY	NC_073227.2	0.917	0.949	0.949	0.1415
LOC115935612	NC_073231.2	LOC115935789	NC_073237.2	0.917	0.965	0.953	0.2524
LOC115935612	NC_073231.2	NPAP1L	NC_073242.2	0.917	0.958	0.956	0.2773
LOC129525579	NC_073233.2	LOC129526003	NC_073234.2	0.916	0.997	0.997	0.864
LOC129525579	NC_073233.2	LOC129527948	NC_073243.2	0.916	0.996	0.996	0.8537
LOC109023795	NC_073243.2	RPL39	NC_073247.2	0.915	0.92	0.902	0.1071
LOC129524470	NC_073237.2	LOC129530498	NC_073246.2	0.915	0.989	0.978	0.1934
LOC129528445	NC_073241.2	LOC129530498	NC_073246.2	0.915	0.987	0.978	0.1975
LOC129528460	NC_073241.2	LOC129530498	NC_073246.2	0.915	0.989	0.98	0.2473
LOC129528467	NC_073241.2	LOC129530498	NC_073246.2	0.915	0.985	0.976	0.2057
PRPS1	NC_073247.2	PRPS1L1	NC_073230.2	0.915	0.918	0.909	0.0893
LOC101127555	NC_073233.2	PPIA	NC_073230.2	0.914	0.937	0.932	0.2245
LOC101127811	NC_073235.2	LOC101135138	NC_073234.2	0.914	0.895	0.897	0.0595
LOC129524036	NC_073243.2	LOC129532627	NC_086017.1	0.914	0.994	0.988	0.2807
LOC129524260	NC_073236.2	LOC129527796	NC_073242.2	0.914	0.991	0.96	0.665
LOC129525323	NC_073224.2	LOC129532266	NC_086017.1	0.914	0.927	0.927	0.1429
LOC129525684	NC_073234.2	LOC134757295	NC_073240.2	0.914	0.992	0.992	0.5503
FAM136A	NC_073236.2	LOC129533491	NC_073228.2	0.913	0.929	0.93	0.0368
LOC101141118	NC_073228.2	LOC101147142	NC_073247.2	0.913	0.852	0.849	0.0703
LOC101141118	NC_073228.2	LOC101152433	NC_073232.2	0.913	0.866	0.865	0.0455
LOC129524105	NC_073231.2	LOC134756825	NC_073236.2	0.913	0.998	0.988	0.4931
LOC101127555	NC_073233.2	LOC101139366	NC_073236.2	0.912	0.906	0.904	0.1079
LOC101129959	NC_073235.2	LOC101148543	NC_073243.2	0.912	0.972	0.972	0.4403
LOC101133011	NC_073239.2	LOC109024144	NC_073244.2	0.912	0.878	0.879	0.0481
LOC101151538	NC_073243.2	LOC129533959	NC_073228.2	0.912	0.97	0.97	0.4255
LOC101153588	NC_073228.2	LOC129529189	NC_073245.2	0.912	0.916	0.917	0.0523
LOC115933227	NC_073227.2	LOC129525174	NC_073232.2	0.912	0.988	0.988	0.3105
IGSF3	NC_073224.2	LOC134757055	NC_073238.2	0.911	0.973	0.969	0.1971
LOC101124540	NC_073235.2	LOC101127632	NC_073229.2	0.911	0.899	0.903	0.0447
LOC101129492	NC_073234.2	LOC129526900	NC_073240.2	0.911	0.886	0.892	0.0444
LOC101133796	NC_073231.2	LOC101138009	NC_073232.2	0.911	0.965	0.936	0.2946
LOC101142804	NC_073224.2	LOC129534058	NC_073229.2	0.911	0.94	0.939	0.1385
LOC101154053	NC_086017.1	LOC109025285	NC_073232.2	0.911	0.961	0.953	0.2809
LOC109023795	NC_073243.2	LOC129532266	NC_086017.1	0.911	0.897	0.894	0.0451
LOC109023795	NC_073243.2	RPL39L	NC_086017.1	0.911	0.884	0.878	0.0368
LOC129524653	NC_073237.2	LOC129528464	NC_073241.2	0.911	0.989	0.978	0.523
LOC129529286	NC_073246.2	LOC129529426	NC_086018.1	0.911	0.985	0.985	0.4518
LOC101135138	NC_073234.2	LOC101139294	NC_073228.2	0.91	0.905	0.908	0.0804
LOC101135138	NC_073234.2	LOC101154144	NC_073235.2	0.91	0.905	0.906	0.1264
LOC101140340	NC_086017.1	PPIA	NC_073230.2	0.91	0.935	0.93	0.1925
LOC101143671	NC_073234.2	LOC109026657	NC_073227.2	0.91	0.945	0.935	0.0553
LOC101148869	NC_073240.2	LOC115934990	NC_073229.2	0.91	0.924	0.905	0.093
LOC115932915	NC_073238.2	LOC134756833	NC_073236.2	0.91	0.982	0.951	0.4043
LOC129524726	NC_073238.2	LOC134757253	NC_073240.2	0.91	0.996	0.996	0.8775
LOC101126607	NC_073239.2	LOC101130226	NC_073240.2	0.909	0.88	0.884	0.1111
LOC101129492	NC_073234.2	LOC101152815	NC_073233.2	0.909	0.893	0.894	0.0823
LOC101130226	NC_073240.2	LOC115934990	NC_073229.2	0.909	0.9	0.898	0.1193
LOC101146005	NC_073236.2	ZNF532	NC_073241.2	0.909	0.935	0.934	0.0522
LOC129526568	NC_073239.2	MYO5B	NC_073241.2	0.909	0.94	0.942	0.0639
CES4A	NC_073242.2	LOC134756833	NC_073236.2	0.908	0.981	0.956	0.1811
LOC101125185	NC_073240.2	LOC101135885	NC_073243.2	0.908	0.936	0.935	0.1918
LOC101131421	NC_073235.2	LOC101132832	NC_073224.2	0.908	0.899	0.888	0.0625
LOC101148362	NC_073224.2	LOC109023337	NC_073240.2	0.908	0.86	0.861	0.1354
LOC129524260	NC_073236.2	SH3KBP1	NC_073247.2	0.908	0.993	0.985	0.3966
LOC129528410	NC_073241.2	LOC134757035	NC_073238.2	0.908	0.97	0.969	0.2779
LOC129528411	NC_073241.2	LOC134757035	NC_073238.2	0.908	0.969	0.968	0.2867
LOC129528412	NC_073241.2	LOC134757035	NC_073238.2	0.908	0.971	0.969	0.1556
LOC129528414	NC_073241.2	LOC134757035	NC_073238.2	0.908	0.971	0.97	0.3431
LOC129528415	NC_073241.2	LOC134757035	NC_073238.2	0.908	0.969	0.969	0.2701
LOC129528416	NC_073241.2	LOC134757035	NC_073238.2	0.908	0.97	0.969	0.3677
LOC129528417	NC_073241.2	LOC134757035	NC_073238.2	0.908	0.97	0.969	0.2779
LOC129528418	NC_073241.2	LOC134757035	NC_073238.2	0.908	0.97	0.969	0.2779
LOC129528419	NC_073241.2	LOC134757035	NC_073238.2	0.908	0.97	0.969	0.282
LOC129528420	NC_073241.2	LOC134757035	NC_073238.2	0.908	0.97	0.969	0.2779
LOC129528421	NC_073241.2	LOC134757035	NC_073238.2	0.908	0.971	0.97	0.2841
LOC129528422	NC_073241.2	LOC134757035	NC_073238.2	0.908	0.97	0.969	0.2836
LOC129528423	NC_073241.2	LOC134757035	NC_073238.2	0.908	0.97	0.969	0.2901
LOC129528424	NC_073241.2	LOC134757035	NC_073238.2	0.908	0.97	0.969	0.3431
LOC129528426	NC_073241.2	LOC134757035	NC_073238.2	0.908	0.97	0.969	0.3359
LOC129528427	NC_073241.2	LOC134757035	NC_073238.2	0.908	0.969	0.968	0.3745
LOC129528428	NC_073241.2	LOC134757035	NC_073238.2	0.908	0.969	0.968	0.291
LOC129528429	NC_073241.2	LOC134757035	NC_073238.2	0.908	0.969	0.969	0.3438
LOC129528430	NC_073241.2	LOC134757035	NC_073238.2	0.908	0.967	0.967	0.321
LOC129528431	NC_073241.2	LOC134757035	NC_073238.2	0.908	0.969	0.968	0.2733
LOC129533214	NC_073227.2	LOC134758981	NC_073231.2	0.908	0.978	0.974	0.4078
LOC129533215	NC_073227.2	LOC134758981	NC_073231.2	0.908	0.978	0.974	0.4094
LOC134756367	NC_073241.2	LOC134757035	NC_073238.2	0.908	0.969	0.969	0.3648
LOC134757073	NC_073238.2	LOC134757413	NC_073241.2	0.908	0.995	0.994	0.6097
LOC101127721	NC_073242.2	LOC134758274	NC_073227.2	0.907	0.855	0.849	0.0789
LOC101140029	NC_073244.2	LOC109023795	NC_073243.2	0.907	0.892	0.898	0.041
LOC101142804	NC_073224.2	LOC115931577	NC_073244.2	0.907	0.938	0.938	0.1389
LOC129524654	NC_073237.2	LOC129530498	NC_073246.2	0.907	0.987	0.976	0.1763
LOC129524657	NC_073237.2	LOC129528175	NC_073241.2	0.907	0.997	0.996	0.5941
LOC129528441	NC_073241.2	LOC129530498	NC_073246.2	0.907	0.989	0.976	0.1838
LOC129529380	NC_073238.2	LOC129530498	NC_073246.2	0.907	0.993	0.988	0.179
LOC101128980	NC_073233.2	LOC101143671	NC_073234.2	0.906	0.947	0.942	0.1414
LOC101154144	NC_073235.2	LOC134758505	NC_073224.2	0.906	0.9	0.902	0.1384
HMGN2	NC_073224.2	LOC109027238	NC_073229.2	0.904	0.96	0.964	0.0395
LOC101126607	NC_073239.2	LOC109027238	NC_073229.2	0.904	0.916	0.916	0.1071
LOC101127689	NC_086017.1	LOC109027238	NC_073229.2	0.904	0.938	0.94	0.0682
LOC101131514	NC_073224.2	LOC101146371	NC_073227.2	0.904	0.945	0.947	0.1302
LOC101140345	NC_086017.1	LOC109027238	NC_073229.2	0.904	0.956	0.96	0.2361
LOC101146371	NC_073227.2	PTGES3	NC_073234.2	0.904	0.955	0.959	0.0734
LOC101148869	NC_073240.2	LOC109027238	NC_073229.2	0.904	0.952	0.956	0.0528
LOC109023133	NC_073239.2	LOC109027238	NC_073229.2	0.904	0.934	0.94	0.0709
LOC115933239	NC_073236.2	LOC129532712	NC_073232.2	0.904	0.987	0.975	0.1724
LOC129524397	NC_073231.2	LOC129533223	NC_073227.2	0.904	0.978	0.977	0.2786
LOC129524397	NC_073231.2	LOC134758236	NC_073227.2	0.904	0.978	0.977	0.3909
LOC129525174	NC_073232.2	LOC129525684	NC_073234.2	0.904	0.995	0.995	0.6717
LOC129525778	NC_073234.2	LOC129526731	NC_073239.2	0.904	0.998	0.98	0.2776
LOC129525779	NC_073234.2	LOC129526731	NC_073239.2	0.904	0.998	0.98	0.2776
LAMTOR5	NC_073224.2	LOC129525086	NC_073232.2	0.903	0.969	0.972	0.1453
LOC101124540	NC_073235.2	LOC101141118	NC_073228.2	0.903	0.89	0.883	0.0826
LOC101127555	NC_073233.2	LOC101140340	NC_086017.1	0.903	0.905	0.908	0.0694
LOC101128093	NC_073228.2	LOC109025084	NC_073229.2	0.903	0.983	0.963	0.4079
LOC109026304	NC_086017.1	MYL6	NC_073234.2	0.903	0.997	0.994	0.573
LOC129524600	NC_073237.2	LOC129528441	NC_073241.2	0.903	0.999	0.999	0.8544
LOC129533217	NC_073227.2	LOC134758982	NC_073231.2	0.903	0.976	0.976	0.3523
LOC129533217	NC_073227.2	LOC134758983	NC_073231.2	0.903	0.978	0.978	0.4259
LOC129533217	NC_073227.2	LOC134758991	NC_073231.2	0.903	0.976	0.976	0.4227
LOC129533217	NC_073227.2	LOC134758996	NC_073231.2	0.903	0.978	0.978	0.3724
LOC129533223	NC_073227.2	LOC134758983	NC_073231.2	0.903	0.977	0.975	0.3413
LOC134758236	NC_073227.2	LOC134758983	NC_073231.2	0.903	0.977	0.976	0.4689
RPL7	NC_073231.2	ZNF589	NC_086017.1	0.903	0.996	0.977	0.0582
LOC101124387	NC_073224.2	LOC101144515	NC_073233.2	0.902	0.909	0.904	0.075
LOC101128488	NC_073230.2	LOC115933796	NC_073235.2	0.902	0.992	0.988	0.1422
LOC101138851	NC_073231.2	LOC101151538	NC_073243.2	0.902	0.971	0.962	0.406
LOC101138851	NC_073231.2	LOC109024489	NC_073246.2	0.902	0.989	0.982	0.5818
LOC101138851	NC_073231.2	LOC115933486	NC_073233.2	0.902	0.971	0.966	0.4
LOC101138851	NC_073231.2	LOC129527811	NC_073242.2	0.902	0.98	0.976	0.5088
LOC101138851	NC_073231.2	LOC129533959	NC_073228.2	0.902	0.993	0.986	0.6381
LOC101142376	NC_073244.2	LOC129525174	NC_073232.2	0.902	0.992	0.991	0.3547
LOC109023795	NC_073243.2	LOC109024093	NC_073244.2	0.902	0.932	0.894	0.1667
PRSS2	NC_073230.2	PRSS3	NC_073237.2	0.902	0.931	0.906	0.0997
DCK	NC_073227.2	LOC109028486	NC_073232.2	0.901	0.972	0.974	0.1596
LOC101133718	NC_073231.2	LOC129532776	NC_086017.1	0.901	0.934	0.917	0.1448
LOC101135135	NC_073234.2	RALA	NC_073230.2	0.901	0.926	0.931	0.036
LOC129523739	NC_073230.2	LOC129534555	NC_073229.2	0.901	0.992	0.992	0.6368
LOC129529391	NC_073246.2	MYO5B	NC_073241.2	0.901	0.937	0.939	0.0589
LOC129532626	NC_086017.1	LOC129534555	NC_073229.2	0.901	0.997	0.997	0.754
LOC134759324	NC_073233.2	SSU72L6	NC_073230.2	0.901	0.959	0.959	0.2369
LOC101124387	NC_073224.2	LOC101154144	NC_073235.2	0.9	0.897	0.9	0.0705
LOC101125723	NC_086018.1	LOC129526551	NC_073239.2	0.9	0.963	0.963	0.2011
LOC129523959	NC_073224.2	LOC129530133	NC_073247.2	0.9	0.994	0.958	0.6872
LOC129524658	NC_073237.2	LOC129528449	NC_073241.2	0.9	0.997	0.992	0.309
LOC129524833	NC_073239.2	LOC129530133	NC_073247.2	0.9	0.994	0.956	0.6881
LOC101132345	NC_073232.2	LOC101144197	NC_073227.2	0.899	0.986	0.975	0.3458
LOC101132345	NC_073232.2	LOC101145399	NC_073239.2	0.899	0.984	0.971	0.4121
LOC101132345	NC_073232.2	LOC129534774	NC_073230.2	0.899	0.978	0.958	0.3245
LOC101134038	NC_073224.2	RPL10L	NC_073239.2	0.899	0.886	0.885	0.041
LOC129528719	NC_073244.2	LOC129530133	NC_073247.2	0.899	0.993	0.984	0.3813
HMGN2	NC_073224.2	LOC101141058	NC_073233.2	0.898	0.955	0.95	0.0815
LOC101132832	NC_073224.2	LOC109028868	NC_073233.2	0.898	0.962	0.952	0.2651
LOC101137833	NC_073241.2	LOC101138851	NC_073231.2	0.898	0.989	0.982	0.6038
LOC101139924	NC_073229.2	LOC101143909	NC_073234.2	0.898	0.849	0.85	0.0351
LOC109027898	NC_073231.2	LOC129526772	NC_073239.2	0.898	0.959	0.959	0.2682
LOC129530133	NC_073247.2	LOC134759270	NC_073232.2	0.898	0.994	0.979	0.488
LOC129533223	NC_073227.2	LOC134759084	NC_073231.2	0.898	0.977	0.974	0.1928
LOC134758236	NC_073227.2	LOC134759084	NC_073231.2	0.898	0.977	0.97	0.2727
IFITM2	NC_073233.2	LOC101152182	NC_073231.2	0.897	0.888	0.884	0.0643
LOC101135508	NC_073227.2	LOC109028893	NC_073233.2	0.897	0.912	0.911	0.1222
LOC115930162	NC_073230.2	PRSS3	NC_073237.2	0.897	0.934	0.909	0.1324
LOC115932939	NC_073236.2	LOC129529333	NC_073246.2	0.897	0.979	0.979	0.3884
LOC101126684	NC_073232.2	LOC109024489	NC_073246.2	0.896	0.974	0.964	0.3019
LOC101130226	NC_073240.2	LOC109027238	NC_073229.2	0.896	0.902	0.904	0.125
LOC101137804	NC_086017.1	LOC109027238	NC_073229.2	0.896	0.924	0.932	0.1184
LOC101141058	NC_073233.2	LOC109027238	NC_073229.2	0.896	0.924	0.928	0.0874
LOC101152972	NC_073240.2	RHPN2	NC_073244.2	0.896	0.961	0.962	0.257
LOC101153591	NC_073228.2	LOC109027238	NC_073229.2	0.896	0.933	0.936	0.0935
LOC109026392	NC_086017.1	LOC129533491	NC_073228.2	0.896	0.946	0.944	0.2617
LOC129524489	NC_073237.2	LOC129532776	NC_086017.1	0.896	0.958	0.924	0.262
LOC101127159	NC_073235.2	MYO5B	NC_073241.2	0.895	0.936	0.938	0.0589
LOC101129567	NC_073246.2	LOC109026425	NC_086017.1	0.895	0.936	0.936	0.1381
LOC101138851	NC_073231.2	LOC134757331	NC_073240.2	0.895	0.957	0.953	0.2164
LOC101153622	NC_073230.2	LOC109028893	NC_073233.2	0.895	0.881	0.882	0.0472
LOC109028893	NC_073233.2	RPL15	NC_086017.1	0.895	0.93	0.931	0.0619
LOC115931250	NC_073243.2	MRPL14	NC_073229.2	0.895	0.988	0.978	0.2164
LOC101134010	NC_073230.2	LOC101144033	NC_073233.2	0.894	0.925	0.924	0.0909
LOC101139294	NC_073228.2	LOC101151494	NC_073233.2	0.894	0.899	0.899	0.093
LOC129524726	NC_073238.2	LOC134757796	NC_073245.2	0.894	0.995	0.976	0.7504
LOC101126792	NC_073240.2	MYO5B	NC_073241.2	0.893	0.939	0.941	0.0703
LOC101139117	NC_073233.2	LOC109024060	NC_073244.2	0.893	0.821	0.829	0.0417
LOC101139541	NC_073228.2	LOC109026304	NC_086017.1	0.893	0.89	0.869	0.1297
LOC101139541	NC_073228.2	MYL6	NC_073234.2	0.893	0.892	0.867	0.1074
LOC109024249	NC_073244.2	RPL37	NC_073243.2	0.893	0.956	0.956	0.1935
LOC115930119	NC_073229.2	LOC129532712	NC_073232.2	0.893	0.986	0.974	0.2081
LOC115933239	NC_073236.2	LOC129525684	NC_073234.2	0.893	0.99	0.99	0.464
LOC129524661	NC_073237.2	LOC129528187	NC_073238.2	0.893	0.99	0.963	0.4911
LOC129524661	NC_073237.2	LOC129528194	NC_073241.2	0.893	0.996	0.969	0.5436
LOC129524661	NC_073237.2	LOC129530391	NC_073248.2	0.893	0.99	0.961	0.5279
LOC129524661	NC_073237.2	LOC134757319	NC_073240.2	0.893	0.99	0.964	0.4808
LOC129526469	NC_073236.2	MYO5B	NC_073241.2	0.893	0.94	0.941	0.0711
LOC129526569	NC_073239.2	MYO5B	NC_073241.2	0.893	0.943	0.944	0.0735
LOC129527191	NC_073238.2	MYO5B	NC_073241.2	0.893	0.94	0.942	0.0669
LOC129527198	NC_073240.2	MYO5B	NC_073241.2	0.893	0.939	0.94	0.0675
LOC129528187	NC_073238.2	LOC129528453	NC_073241.2	0.893	0.99	0.963	0.4911
LOC129528453	NC_073241.2	LOC129530391	NC_073248.2	0.893	0.99	0.961	0.5279
LOC129528453	NC_073241.2	LOC134757319	NC_073240.2	0.893	0.99	0.964	0.4808
LOC129529286	NC_073246.2	LOC134756700	NC_073236.2	0.893	0.979	0.979	0.4581
LOC129529652	NC_086018.1	MYO5B	NC_073241.2	0.893	0.944	0.944	0.0767
IFITM2	NC_073233.2	LOC101151759	NC_073234.2	0.892	0.894	0.892	0.0877
LOC101128182	NC_073231.2	ZNF705EP	NC_073233.2	0.892	0.961	0.919	0.246
LOC101138009	NC_073232.2	LOC101152650	NC_073230.2	0.892	0.957	0.944	0.2336
LOC115933194	NC_086017.1	LOC129526909	NC_073239.2	0.892	0.994	0.993	0.3695
LOC129524661	NC_073237.2	LOC129529646	NC_086018.1	0.892	0.989	0.96	0.515
LOC129528453	NC_073241.2	LOC129529646	NC_086018.1	0.892	0.989	0.96	0.515
LOC101134412	NC_073236.2	LOC109029167	NC_073234.2	0.891	0.958	0.957	0.1328
LOC115933194	NC_086017.1	LOC115933239	NC_073236.2	0.89	0.992	0.971	0.4735
LOC129525641	NC_073234.2	LOC129532895	NC_073227.2	0.89	0.993	0.993	0.1865
GGTLC1	NC_073245.2	LOC129529621	NC_086018.1	0.889	0.965	0.956	0.2275
GGTLC1	NC_073245.2	LOC129529623	NC_086018.1	0.889	0.967	0.959	0.2568
GGTLC1	NC_073245.2	LOC129529624	NC_086018.1	0.889	0.966	0.957	0.2424
GGTLC1	NC_073245.2	LOC134756364	NC_086018.1	0.889	0.967	0.959	0.241
GGTLC1	NC_073245.2	LOC134756365	NC_086018.1	0.889	0.967	0.959	0.2296
LOC109024489	NC_073246.2	RPL21	NC_073238.2	0.889	0.992	0.984	0.4808
LOC129531977	NC_073224.2	MAPKBP1	NC_073240.2	0.889	0.987	0.977	0.3508
LOC101132832	NC_073224.2	LOC101137471	NC_073230.2	0.888	0.962	0.949	0.3378
LOC101135138	NC_073234.2	LOC101144515	NC_073233.2	0.888	0.906	0.91	0.0904
LOC129528441	NC_073241.2	LOC134757054	NC_073238.2	0.888	0.988	0.978	0.1297
LOC129530544	NC_073236.2	LOC134757054	NC_073238.2	0.888	0.988	0.987	0.1412
LOC129528280	NC_073241.2	LOC134757253	NC_073240.2	0.887	0.997	0.947	0.7545
LOC129534573	NC_073229.2	LOC134757253	NC_073240.2	0.887	0.993	0.945	0.675
LOC101127811	NC_073235.2	LOC101139366	NC_073236.2	0.886	0.911	0.911	0.0815
LOC101130806	NC_073233.2	LOC101133427	NC_073230.2	0.886	0.914	0.917	0.0884
LOC101128980	NC_073233.2	LOC101151759	NC_073234.2	0.885	0.903	0.898	0.069
LOC101139294	NC_073228.2	PPIAL4H	NC_073224.2	0.885	0.898	0.898	0.089
LOC109023678	NC_073242.2	LOC109024112	NC_073224.2	0.885	0.879	0.874	0.0811
LOC115930119	NC_073229.2	LOC129525684	NC_073234.2	0.885	0.992	0.992	0.5824
LOC129524654	NC_073237.2	LOC134757054	NC_073238.2	0.885	0.985	0.961	0.1237
LOC129526379	NC_073238.2	LOC129529384	NC_073246.2	0.885	0.985	0.985	0.557
LOC129529284	NC_073246.2	LOC129530468	NC_073238.2	0.885	0.985	0.986	0.6215
LOC129529426	NC_086018.1	LOC129530468	NC_073238.2	0.885	0.985	0.986	0.5141
LOC129530468	NC_073238.2	LOC129530502	NC_073246.2	0.885	0.986	0.987	0.6385
LOC129530468	NC_073238.2	LOC134756700	NC_073236.2	0.885	0.986	0.987	0.6348
LOC101126269	NC_073242.2	MT1HL1	NC_073224.2	0.884	0.855	0.863	0.1096
LOC101133718	NC_073231.2	LOC109028727	NC_073233.2	0.884	0.945	0.908	0.1538
LOC101145975	NC_073237.2	LOC115935969	NC_073232.2	0.884	0.88	0.885	0.0581
LOC129524653	NC_073237.2	LOC129528193	NC_073241.2	0.884	0.991	0.991	0.5507
LOC101134637	NC_073224.2	LOC129529286	NC_073246.2	0.883	0.981	0.978	0.4693
LOC129524470	NC_073237.2	LOC129528460	NC_073241.2	0.883	0.987	0.98	0.5889
LOC129524470	NC_073237.2	LOC134757054	NC_073238.2	0.883	0.994	0.964	0.1574
LOC129524833	NC_073239.2	LOC129525641	NC_073234.2	0.883	0.994	0.944	0.2142
LOC129529384	NC_073246.2	LOC129530543	NC_073236.2	0.883	0.984	0.983	0.5623
LOC109026515	NC_073227.2	LOC109027584	NC_073230.2	0.882	0.901	0.897	0.0734
LOC115931421	NC_073241.2	LOC129524833	NC_073239.2	0.882	0.995	0.973	0.5207
LOC115933194	NC_086017.1	LOC129526565	NC_073241.2	0.882	0.989	0.989	0.5519
LOC129524028	NC_073231.2	LOC129524833	NC_073239.2	0.882	0.993	0.976	0.415
LOC129524833	NC_073239.2	LOC129528719	NC_073244.2	0.882	0.994	0.984	0.3892
LOC129524833	NC_073239.2	LOC129534553	NC_073229.2	0.882	0.992	0.975	0.3907
KCTD1	NC_073241.2	LOC101153641	NC_073237.2	0.881	0.945	0.946	0.0663
LOC101125084	NC_073244.2	LOC101132832	NC_073224.2	0.881	0.954	0.955	0.2895
LOC101126623	NC_073242.2	MT1HL1	NC_073224.2	0.881	0.824	0.833	0.084
LOC101133298	NC_073230.2	LOC101137804	NC_086017.1	0.881	0.912	0.912	0.1124
LOC101143702	NC_073240.2	LOC134757904	NC_073247.2	0.881	0.823	0.836	0.0413
LOC115931107	NC_073242.2	LOC134758274	NC_073227.2	0.881	0.912	0.904	0.0875
LOC129524833	NC_073239.2	LOC134759270	NC_073232.2	0.881	0.993	0.971	0.4801
LOC129527796	NC_073242.2	SH3KBP1	NC_073247.2	0.881	0.994	0.98	0.3904
LOC129528460	NC_073241.2	LOC129529380	NC_073238.2	0.881	0.989	0.983	0.4734
CDK2AP2	NC_073233.2	LOC115932939	NC_073236.2	0.88	0.886	0.894	0.0439
LOC101137537	NC_086017.1	LOC101138851	NC_073231.2	0.88	0.989	0.981	0.5566
LOC101126607	NC_073239.2	LOC115934990	NC_073229.2	0.879	0.918	0.916	0.1154
LOC101136583	NC_073240.2	LOC115933728	NC_073235.2	0.879	0.964	0.951	0.2624
LOC115933728	NC_073235.2	LOC129526434	NC_073238.2	0.879	0.965	0.953	0.2553
LOC129524399	NC_073227.2	LOC134758995	NC_073231.2	0.879	0.976	0.972	0.4165
LOC129524470	NC_073237.2	LOC129530491	NC_073246.2	0.879	0.994	0.994	0.378
LOC129526471	NC_073236.2	LOC129530491	NC_073246.2	0.879	0.993	0.993	0.2717
LOC129528445	NC_073241.2	LOC129530491	NC_073246.2	0.879	0.992	0.992	0.3849
LOC129529333	NC_073246.2	LOC129529639	NC_086018.1	0.879	0.96	0.958	0.2574
LOC129530491	NC_073246.2	LOC134756947	NC_073238.2	0.879	0.993	0.993	0.4724
LOC134756753	NC_073236.2	LRPAP1	NC_073227.2	0.879	0.99	0.99	0.7054
LOC101125185	NC_073240.2	LOC109023896	NC_073243.2	0.878	0.921	0.913	0.152
LOC101125185	NC_073240.2	RPL29	NC_086017.1	0.878	0.93	0.924	0.1271
LOC101126269	NC_073242.2	LOC109024112	NC_073224.2	0.878	0.9	0.893	0.0809
LOC101136779	NC_073247.2	SUMO2	NC_073228.2	0.878	0.963	0.963	0.2912
LOC109024753	NC_073247.2	PPP2R5C	NC_073239.2	0.878	0.998	0.987	0.2294
LOC129525066	NC_086017.1	LOC129532712	NC_073232.2	0.878	0.994	0.978	0.1502
LOC129528463	NC_073241.2	LOC129530495	NC_073246.2	0.878	0.988	0.955	0.5081
METTL2A	NC_073228.2	METTL2B	NC_073230.2	0.878	0.975	0.97	0.1804
CALM2	NC_073236.2	LOC101140627	NC_073228.2	0.877	0.913	0.92	0.0464
KMT2C	NC_073230.2	LOC129528460	NC_073241.2	0.877	0.979	0.978	0.0543
LOC101138851	NC_073231.2	LOC101141290	NC_073229.2	0.877	0.967	0.963	0.3853
LOC129528196	NC_073241.2	LOC129530491	NC_073246.2	0.877	0.996	0.995	0.7862
HMGN2	NC_073224.2	LOC101126607	NC_073239.2	0.876	0.951	0.954	0.0587
LOC101126607	NC_073239.2	LOC101148869	NC_073240.2	0.876	0.944	0.945	0.0843
LOC101126607	NC_073239.2	LOC129532770	NC_073224.2	0.876	0.924	0.922	0.0441
LOC101127632	NC_073229.2	LOC101136829	NC_073228.2	0.876	0.893	0.891	0.0437
LOC101151121	NC_073232.2	LOC109028360	NC_073237.2	0.876	0.932	0.939	0.203
LOC115933227	NC_073227.2	LOC134756358	NC_073242.2	0.876	0.993	0.993	0.3865
LOC129524670	NC_073237.2	LOC129526379	NC_073238.2	0.876	0.988	0.977	0.4964
LOC129528163	NC_073241.2	LOC129530491	NC_073246.2	0.876	0.994	0.994	0.5561
LOC129532418	NC_086017.1	LOC129532826	NC_073227.2	0.876	0.974	0.974	0.3369
LOC101130806	NC_073233.2	LOC134759033	NC_073231.2	0.875	0.87	0.872	0.049
LOC115932124	NC_073247.2	LOC129533630	NC_073228.2	0.875	0.958	0.953	0.0971
LOC129525765	NC_073234.2	LOC134756370	NC_086017.1	0.875	0.947	0.891	0.5521
LOC129527885	NC_073243.2	LOC134756370	NC_086017.1	0.875	0.947	0.891	0.5521
LOC129533219	NC_073227.2	LOC134758995	NC_073231.2	0.875	0.975	0.972	0.4133
LOC134759033	NC_073231.2	RPL36A	NC_073247.2	0.875	0.904	0.908	0.04
ELOB	NC_073242.2	LOC101124898	NC_073233.2	0.874	0.934	0.934	0.0973
GGTLC1	NC_073245.2	LOC109024570	NC_086018.1	0.874	0.967	0.968	0.3535
LOC101126684	NC_073232.2	LOC129533959	NC_073228.2	0.874	0.974	0.964	0.2975
LOC101132832	NC_073224.2	LOC109027152	NC_073229.2	0.874	0.911	0.874	0.0642
LOC129524670	NC_073237.2	LOC129530543	NC_073236.2	0.874	0.983	0.97	0.4359
LOC101140340	NC_086017.1	LOC134758505	NC_073224.2	0.873	0.884	0.879	0.0841
LOC129526378	NC_073238.2	LOC134756700	NC_073236.2	0.873	0.976	0.977	0.3298
LOC101130079	NC_073236.2	LOC101130686	NC_073224.2	0.872	0.963	0.964	0.0322
LOC101132615	NC_073233.2	LOC101134412	NC_073236.2	0.872	0.922	0.884	0.1385
LOC101133427	NC_073230.2	LOC134759033	NC_073231.2	0.872	0.899	0.901	0.0397
LOC101136583	NC_073240.2	TUBA3E	NC_073235.2	0.872	0.965	0.948	0.2633
LOC129524659	NC_073237.2	LOC129528460	NC_073241.2	0.872	0.995	0.964	0.2374
LOC129524659	NC_073237.2	LOC129528467	NC_073241.2	0.872	0.995	0.981	0.2089
LOC129526434	NC_073238.2	TUBA3E	NC_073235.2	0.872	0.966	0.951	0.2561
LOC134756446	NC_073246.2	LOC134757054	NC_073238.2	0.872	0.982	0.977	0.0891
CDK2AP2	NC_073233.2	LOC129529639	NC_086018.1	0.871	0.877	0.882	0.0307
LOC101126269	NC_073242.2	LOC134758274	NC_073227.2	0.871	0.886	0.887	0.0993
LOC101139117	NC_073233.2	LOC129524489	NC_073237.2	0.871	0.891	0.896	0.0699
LOC101151494	NC_073233.2	LOC134758505	NC_073224.2	0.871	0.89	0.893	0.0947
LOC129524664	NC_073237.2	LOC129529384	NC_073246.2	0.871	0.985	0.984	0.4577
LOC101127632	NC_073229.2	LOC101147142	NC_073247.2	0.87	0.882	0.877	0.0546
LOC101130836	NC_086017.1	LOC101133075	NC_073247.2	0.87	0.881	0.88	0.0657
LOC101130836	NC_086017.1	LOC101141038	NC_073230.2	0.87	0.929	0.931	0.1172
LOC101130836	NC_086017.1	LOC101151223	NC_073231.2	0.87	0.901	0.901	0.0522
LOC101133298	NC_073230.2	LOC101140345	NC_086017.1	0.87	0.938	0.935	0.1705
LOC129525765	NC_073234.2	LOC129526566	NC_073239.2	0.87	0.947	0.881	0.5638
LOC129526566	NC_073239.2	LOC129527885	NC_073243.2	0.87	0.947	0.881	0.5638
RAB40A	NC_073247.2	RAB40B	NC_073228.2	0.87	0.881	0.869	0.0695
LOC101127555	NC_073233.2	LOC134758505	NC_073224.2	0.869	0.904	0.896	0.1333
LOC101138009	NC_073232.2	LOC101151078	NC_073241.2	0.869	0.916	0.918	0.1409
LOC101139366	NC_073236.2	LOC134758505	NC_073224.2	0.869	0.881	0.879	0.0593
LOC101153588	NC_073228.2	LOC134758505	NC_073224.2	0.869	0.896	0.883	0.0857
LOC115930119	NC_073229.2	LOC129525554	NC_073233.2	0.869	0.99	0.99	0.4041
LOC115933479	NC_073233.2	LOC134758505	NC_073224.2	0.869	0.917	0.898	0.1262
LOC134758505	NC_073224.2	PPIA	NC_073230.2	0.869	0.919	0.904	0.1315
GOLGA7	NC_073231.2	LOC101146184	NC_073230.2	0.868	0.927	0.927	0.0547
LOC101133718	NC_073231.2	LOC115933961	NC_086017.1	0.868	0.936	0.936	0.1346
LOC129524659	NC_073237.2	LOC129528441	NC_073241.2	0.868	0.995	0.971	0.1769
LOC129524659	NC_073237.2	LOC129530470	NC_073246.2	0.868	0.99	0.962	0.2564
ZNF723	NC_073244.2	ZNF735	NC_073230.2	0.868	0.827	0.84	0.0466
HIGD1A	NC_086017.1	LOC101132615	NC_073233.2	0.867	0.936	0.913	0.071
LOC101133649	NC_073228.2	LOC101137162	NC_073224.2	0.867	0.965	0.945	0.2901
LOC101139294	NC_073228.2	LOC134758505	NC_073224.2	0.867	0.889	0.892	0.0914
LOC101153289	NC_073232.2	LOC134758505	NC_073224.2	0.867	0.898	0.887	0.042
LOC115933182	NC_073230.2	LOC129525554	NC_073233.2	0.867	0.994	0.994	0.3361
EEF1G	NC_073233.2	LOC101137860	NC_073230.2	0.866	0.986	0.963	0.3212
LOC101127524	NC_073233.2	LOC129524394	NC_073231.2	0.866	0.963	0.951	0.295
LOC101127524	NC_073233.2	LOC129524397	NC_073231.2	0.866	0.964	0.952	0.2833
LOC101127524	NC_073233.2	LOC129533223	NC_073227.2	0.866	0.955	0.943	0.147
LOC101127524	NC_073233.2	LOC134758236	NC_073227.2	0.866	0.955	0.943	0.2019
LOC101127524	NC_073233.2	LOC134758982	NC_073231.2	0.866	0.965	0.952	0.2218
LOC101127524	NC_073233.2	LOC134758983	NC_073231.2	0.866	0.964	0.952	0.246
LOC101127524	NC_073233.2	LOC134758989	NC_073231.2	0.866	0.965	0.952	0.207
LOC101127524	NC_073233.2	LOC134758990	NC_073231.2	0.866	0.965	0.952	0.2134
LOC101127524	NC_073233.2	LOC134758991	NC_073231.2	0.866	0.965	0.953	0.2618
LOC101127524	NC_073233.2	LOC134758996	NC_073231.2	0.866	0.964	0.952	0.2152
LOC101127555	NC_073233.2	LOC101139294	NC_073228.2	0.866	0.923	0.923	0.0983
LOC101134211	NC_073242.2	LOC109024112	NC_073224.2	0.866	0.877	0.885	0.0516
LOC101140340	NC_086017.1	LOC129529189	NC_073245.2	0.866	0.893	0.876	0.0351
LOC101144260	NC_073224.2	UBL5	NC_073244.2	0.866	0.991	0.99	0.2076
LOC129524659	NC_073237.2	LOC129526471	NC_073236.2	0.866	0.995	0.981	0.1425
LOC129524659	NC_073237.2	LOC129529380	NC_073238.2	0.866	0.995	0.968	0.1608
LOC129524659	NC_073237.2	LOC129530544	NC_073236.2	0.866	0.993	0.966	0.1787
LOC129526909	NC_073239.2	LOC134757295	NC_073240.2	0.866	0.999	0.993	0.6286
LOC129528194	NC_073241.2	LOC129530571	NC_073246.2	0.866	0.985	0.954	0.4596
CHCHD2	NC_073230.2	LOC101142162	NC_073231.2	0.865	0.893	0.891	0.036
ELOC	NC_073231.2	LOC101152199	NC_073224.2	0.865	0.922	0.926	0.0583
LOC101126783	NC_073231.2	LOC101127524	NC_073233.2	0.865	0.965	0.953	0.2779
LOC101127524	NC_073233.2	LOC129524347	NC_073231.2	0.865	0.965	0.953	0.2785
LOC101127524	NC_073233.2	LOC134758995	NC_073231.2	0.865	0.964	0.951	0.2259
LOC101132615	NC_073233.2	LOC101152317	NC_073224.2	0.865	0.908	0.908	0.0455
LOC101132615	NC_073233.2	LOC109029167	NC_073234.2	0.865	0.93	0.901	0.0847
LOC129523959	NC_073224.2	LOC129525641	NC_073234.2	0.865	0.994	0.938	0.216
LOC129525066	NC_086017.1	LOC129525684	NC_073234.2	0.865	0.992	0.992	0.3741
LOC101152940	NC_073224.2	LOC109025285	NC_073232.2	0.864	0.95	0.94	0.1845
LOC115936058	NC_073229.2	LOC134757253	NC_073240.2	0.864	0.995	0.988	0.7613
LOC129524399	NC_073227.2	LOC134758989	NC_073231.2	0.864	0.977	0.977	0.3484
LOC129524399	NC_073227.2	LOC134758990	NC_073231.2	0.864	0.977	0.977	0.3591
LOC129526471	NC_073236.2	LOC129528163	NC_073241.2	0.864	0.994	0.989	0.3416
LOC129528163	NC_073241.2	LOC129529385	NC_073246.2	0.864	0.993	0.957	0.5754
LOC134757612	NC_073243.2	LOC134758421	NC_073228.2	0.864	0.939	0.944	0.0865
LOC101126623	NC_073242.2	LOC109024112	NC_073224.2	0.863	0.876	0.859	0.1068
LOC115931421	NC_073241.2	LOC129523959	NC_073224.2	0.863	1.0	0.971	0.5781
LOC129523959	NC_073224.2	LOC129524028	NC_073231.2	0.863	0.994	0.973	0.4153
LOC129523959	NC_073224.2	LOC129528719	NC_073244.2	0.863	0.994	0.982	0.3842
LOC129523959	NC_073224.2	LOC129534553	NC_073229.2	0.863	0.994	0.972	0.4015
LOC129524600	NC_073237.2	LOC129528448	NC_073241.2	0.863	0.994	0.962	0.2326
LOC129524654	NC_073237.2	LOC129528448	NC_073241.2	0.863	0.996	0.959	0.2093
LOC129524662	NC_073237.2	LOC129528441	NC_073241.2	0.863	0.996	0.96	0.2143
LOC129526378	NC_073238.2	LOC129529286	NC_073246.2	0.863	0.982	0.981	0.3022
LOC129526566	NC_073239.2	LOC129534555	NC_073229.2	0.863	0.994	0.994	0.5699
LOC129530571	NC_073246.2	LOC134757319	NC_073240.2	0.863	0.988	0.946	0.5157
LOC101126607	NC_073239.2	LOC101141058	NC_073233.2	0.862	0.91	0.915	0.1284
LOC101126607	NC_073239.2	LOC101153591	NC_073228.2	0.862	0.916	0.921	0.1034
LOC101138851	NC_073231.2	LOC101152491	NC_086017.1	0.862	0.965	0.964	0.3475
LOC101138851	NC_073231.2	LOC129530113	NC_073247.2	0.862	0.972	0.968	0.3814
LOC109023795	NC_073243.2	LOC109029139	NC_073224.2	0.862	0.892	0.861	0.1154
LOC129523959	NC_073224.2	LOC134759270	NC_073232.2	0.862	0.994	0.972	0.4834
LOC129524656	NC_073237.2	LOC129528443	NC_073241.2	0.862	0.997	0.958	0.549
LOC129534555	NC_073229.2	LOC134756370	NC_086017.1	0.862	0.988	0.988	0.5049
SLC35G3	NC_073228.2	SLC35G4	NC_073241.2	0.862	0.965	0.949	0.2367
SLC35G4	NC_073241.2	SLC35G6	NC_073243.2	0.862	0.965	0.952	0.1507
LOC101126985	NC_073242.2	LOC101131917	NC_073227.2	0.861	0.852	0.853	0.0707
LOC101133718	NC_073231.2	LOC129524489	NC_073237.2	0.861	0.942	0.942	0.1961
LOC115932779	NC_073242.2	LOC129528916	NC_073244.2	0.861	0.979	0.961	0.0364
LOC129524470	NC_073237.2	LOC129528448	NC_073241.2	0.861	0.994	0.959	0.2381
LOC129524659	NC_073237.2	LOC129528196	NC_073241.2	0.861	0.99	0.973	0.3653
LOC129524662	NC_073237.2	LOC129528163	NC_073241.2	0.861	0.994	0.957	0.3463
LOC129524662	NC_073237.2	LOC129528196	NC_073241.2	0.861	0.992	0.955	0.4419
LOC129524662	NC_073237.2	LOC129528445	NC_073241.2	0.861	0.994	0.96	0.2477
LOC129524662	NC_073237.2	LOC129528460	NC_073241.2	0.861	0.996	0.929	0.2862
LOC129524662	NC_073237.2	LOC129528467	NC_073241.2	0.861	0.996	0.962	0.2523
LOC129524662	NC_073237.2	LOC129529385	NC_073246.2	0.861	0.992	0.955	0.291
LOC129528448	NC_073241.2	LOC129529385	NC_073246.2	0.861	0.992	0.955	0.291
LOC129533219	NC_073227.2	LOC134758989	NC_073231.2	0.861	0.976	0.976	0.3414
LOC129533219	NC_073227.2	LOC134758990	NC_073231.2	0.861	0.976	0.976	0.3517
SLC35G4	NC_073241.2	SLC35G5	NC_073231.2	0.861	0.961	0.956	0.052
DOK7	NC_073227.2	LOC115934290	NC_073246.2	0.86	0.975	0.969	0.2782
KMT2C	NC_073230.2	LOC129528452	NC_073241.2	0.86	0.978	0.975	0.0303
LOC101126442	NC_073231.2	LOC101146784	NC_073224.2	0.86	0.97	0.974	0.4025
LOC101133075	NC_073247.2	RPL32	NC_086017.1	0.86	0.894	0.858	0.0503
LOC101138851	NC_073231.2	LOC129534659	NC_073224.2	0.86	0.957	0.959	0.2698
LOC101139242	NC_073232.2	LOC101152199	NC_073224.2	0.86	0.874	0.882	0.1017
LOC101152199	NC_073224.2	LOC109025605	NC_073236.2	0.86	0.83	0.841	0.053
LOC115933479	NC_073233.2	LOC129529189	NC_073245.2	0.86	0.926	0.921	0.0746
LOC129524656	NC_073237.2	LOC129529382	NC_073246.2	0.86	0.983	0.961	0.2727
LOC129524656	NC_073237.2	LOC129530569	NC_073246.2	0.86	0.983	0.961	0.2795
LOC129528452	NC_073241.2	LOC134756446	NC_073246.2	0.86	0.994	0.931	0.2308
FRMD8	NC_073233.2	LOC101135088	NC_073247.2	0.859	0.955	0.947	0.1757
LOC101131259	NC_073231.2	TMSB4X	NC_073247.2	0.859	0.991	0.99	0.7308
LOC101141269	NC_073228.2	PSME2	NC_073239.2	0.859	0.965	0.966	0.2048
LOC101148649	NC_073240.2	LOC101154352	NC_073237.2	0.859	0.925	0.926	0.1351
LOC101151037	NC_073234.2	LOC101151121	NC_073232.2	0.859	0.977	0.978	0.5187
LOC129524659	NC_073237.2	LOC129528163	NC_073241.2	0.859	0.995	0.973	0.2876
LOC129524659	NC_073237.2	LOC129528445	NC_073241.2	0.859	1.0	0.979	0.2315
LOC129524659	NC_073237.2	LOC129529385	NC_073246.2	0.859	0.995	0.977	0.2443
LOC129524659	NC_073237.2	LOC134756947	NC_073238.2	0.859	0.995	0.973	0.252
LOC129527200	NC_073240.2	LOC129527211	NC_073238.2	0.859	0.99	0.985	0.5255
LOC134758959	NC_073230.2	PRSS3	NC_073237.2	0.859	0.923	0.88	0.1036
ATP5MF	NC_073230.2	LOC101124099	NC_073229.2	0.858	0.962	0.943	0.1731
LOC101127811	NC_073235.2	LOC129526222	NC_073238.2	0.858	0.883	0.858	0.0592
LOC101135885	NC_073243.2	LOC101137457	NC_073229.2	0.858	0.902	0.901	0.1138
LOC101138009	NC_073232.2	LOC109023669	NC_073242.2	0.858	0.94	0.929	0.2463
LOC101138851	NC_073231.2	RPL21	NC_073238.2	0.858	0.993	0.98	0.4238
LOC101147225	NC_073237.2	SNRPE	NC_073224.2	0.858	0.971	0.938	0.2671
LOC129524662	NC_073237.2	LOC129526471	NC_073236.2	0.858	0.994	0.977	0.1656
LOC129524662	NC_073237.2	LOC129529380	NC_073238.2	0.858	0.996	0.957	0.196
LOC129524662	NC_073237.2	LOC129530470	NC_073246.2	0.858	0.994	0.958	0.3138
LOC129526471	NC_073236.2	LOC129528448	NC_073241.2	0.858	0.994	0.977	0.1656
LOC129528448	NC_073241.2	LOC129529380	NC_073238.2	0.858	0.996	0.957	0.196
LOC129528448	NC_073241.2	LOC129530470	NC_073246.2	0.858	0.994	0.958	0.3138
LOC129530591	NC_073241.2	SNRPE	NC_073224.2	0.858	0.971	0.938	0.2671
LOC134757034	NC_073238.2	SNRPE	NC_073224.2	0.858	0.973	0.941	0.2847
FRG1	NC_073227.2	LOC129529294	NC_073246.2	0.857	0.97	0.968	0.2532
LOC101139294	NC_073228.2	LOC101139366	NC_073236.2	0.857	0.899	0.897	0.0463
LOC101139294	NC_073228.2	LOC115932777	NC_073224.2	0.857	0.903	0.903	0.0885
LOC115934925	NC_073229.2	TCP10L	NC_073246.2	0.857	0.883	0.88	0.0455
LOC129533206	NC_073227.2	LOC134758991	NC_073231.2	0.857	0.976	0.976	0.3626
LOC129533212	NC_073227.2	LOC134758991	NC_073231.2	0.857	0.976	0.976	0.3586
LOC129533214	NC_073227.2	LOC134758991	NC_073231.2	0.857	0.976	0.976	0.3579
LOC129533215	NC_073227.2	LOC134758991	NC_073231.2	0.857	0.976	0.976	0.3593
LOC129533219	NC_073227.2	LOC134758991	NC_073231.2	0.857	0.976	0.976	0.3951
LOC129533221	NC_073227.2	LOC134758991	NC_073231.2	0.857	0.976	0.976	0.3586
LOC129533222	NC_073227.2	LOC134758991	NC_073231.2	0.857	0.976	0.976	0.3566
LOC101130553	NC_073232.2	LOC101144197	NC_073227.2	0.856	0.945	0.95	0.1714
LOC101130553	NC_073232.2	LOC101145399	NC_073239.2	0.856	0.943	0.948	0.2019
LOC101130553	NC_073232.2	LOC129534774	NC_073230.2	0.856	0.935	0.936	0.1222
LOC101137306	NC_073234.2	LOC101146784	NC_073224.2	0.856	0.985	0.987	0.5685
LOC109027258	NC_073229.2	LOC115931087	NC_073242.2	0.856	0.945	0.942	0.1893
LOC115935863	NC_073237.2	LOC134758959	NC_073230.2	0.856	0.924	0.885	0.1186
LOC129524399	NC_073227.2	LOC134758991	NC_073231.2	0.856	0.976	0.976	0.4042
LOC129524726	NC_073238.2	LOC129528280	NC_073241.2	0.856	0.995	0.954	0.7228
LOC129524726	NC_073238.2	LOC129534573	NC_073229.2	0.856	0.993	0.952	0.6714
PPIA	NC_073230.2	PPIAL4H	NC_073224.2	0.856	0.893	0.828	0.1674
LOC101133718	NC_073231.2	LOC109028725	NC_086017.1	0.855	0.932	0.915	0.1192
LOC101146120	NC_073236.2	LOC101151121	NC_073232.2	0.855	0.957	0.958	0.2682
LOC101150435	NC_073228.2	LOC109026322	NC_086017.1	0.855	0.936	0.943	0.2419
LOC101150435	NC_073228.2	LOC115930210	NC_073234.2	0.855	0.93	0.938	0.2245
LOC101150435	NC_073228.2	LOC115931286	NC_073224.2	0.855	0.933	0.938	0.2327
LOC101150435	NC_073228.2	RPL7	NC_073231.2	0.855	0.937	0.944	0.2261
LOC109027802	NC_073232.2	LOC129530307	NC_073248.2	0.855	0.969	0.969	0.2831
LOC115930119	NC_073229.2	LOC129523819	NC_073230.2	0.855	0.99	0.99	0.5149
LOC129524656	NC_073237.2	LOC129528228	NC_073241.2	0.855	0.989	0.989	0.4792
LOC129524656	NC_073237.2	LOC129528463	NC_073241.2	0.855	0.991	0.951	0.4068
LOC129524656	NC_073237.2	LOC129530304	NC_073248.2	0.855	0.986	0.986	0.41
LOC134758050	NC_086017.1	NDUFB1	NC_073239.2	0.855	0.951	0.935	0.0556
LOC101126684	NC_073232.2	LOC101138851	NC_073231.2	0.854	0.967	0.956	0.2733
LOC101128917	NC_086017.1	RPL4	NC_073240.2	0.854	0.979	0.978	0.461
LOC101136771	NC_073236.2	LOC129527283	NC_073240.2	0.854	0.994	0.962	0.5623
LOC101146216	NC_073224.2	LOC109027258	NC_073229.2	0.854	0.95	0.947	0.2402
LOC109025589	NC_073236.2	LOC109027258	NC_073229.2	0.854	0.954	0.95	0.2135
LOC109027258	NC_073229.2	LOC115935612	NC_073231.2	0.854	0.958	0.952	0.2647
LOC109027258	NC_073229.2	LOC115935789	NC_073237.2	0.854	0.951	0.949	0.2043
LOC109027258	NC_073229.2	LOC129524434	NC_073237.2	0.854	0.951	0.949	0.2149
LOC129524670	NC_073237.2	LOC129528449	NC_073241.2	0.854	0.982	0.98	0.243
LOC129526391	NC_073236.2	LOC129527283	NC_073240.2	0.854	0.993	0.961	0.5387
LOC109027258	NC_073229.2	LOC109028392	NC_073237.2	0.853	0.951	0.949	0.1748
LOC109027258	NC_073229.2	LOC115935839	NC_073237.2	0.853	0.957	0.954	0.1931
LOC129524662	NC_073237.2	LOC129530544	NC_073236.2	0.853	0.994	0.959	0.2188
LOC129524662	NC_073237.2	LOC134756947	NC_073238.2	0.853	0.996	0.97	0.305
LOC129528448	NC_073241.2	LOC129530544	NC_073236.2	0.853	0.994	0.959	0.2188
LOC129528448	NC_073241.2	LOC134756947	NC_073238.2	0.853	0.996	0.97	0.305
LOC129528449	NC_073241.2	LOC129529384	NC_073246.2	0.853	0.986	0.981	0.3434
LOC129528449	NC_073241.2	LOC129530497	NC_073246.2	0.853	0.988	0.984	0.3616
LOC129530498	NC_073246.2	LOC129530544	NC_073236.2	0.853	0.995	0.982	0.2107
HSPD1	NC_073235.2	LOC115931220	NC_073243.2	0.852	0.974	0.974	0.3966
IGSF3	NC_073224.2	LOC129526379	NC_073238.2	0.852	0.973	0.962	0.1877
LOC101126499	NC_073239.2	LOC101146767	NC_073247.2	0.852	0.974	0.976	0.493
LOC101133757	NC_073243.2	RBMX2	NC_073247.2	0.852	0.915	0.908	0.1584
LOC101144515	NC_073233.2	LOC101152412	NC_073246.2	0.852	0.939	0.944	0.2518
LOC129528449	NC_073241.2	LOC129530464	NC_073238.2	0.852	0.981	0.981	0.2555
LOC129528449	NC_073241.2	LOC129530486	NC_073246.2	0.852	0.987	0.984	0.3272
LOC129528449	NC_073241.2	LOC129530565	NC_073246.2	0.852	0.988	0.984	0.3333
IGSF3	NC_073224.2	LOC129530543	NC_073236.2	0.851	0.974	0.961	0.1942
LOC101133075	NC_073247.2	LOC101141038	NC_073230.2	0.851	0.89	0.851	0.061
LOC129528449	NC_073241.2	LOC129529647	NC_086018.1	0.851	0.983	0.965	0.2983
KRT8	NC_073234.2	LOC101132977	NC_073224.2	0.85	0.953	0.914	0.2431
LOC101153430	NC_073228.2	LOC115935411	NC_086017.1	0.85	0.926	0.927	0.0562
LOC115933227	NC_073227.2	LOC129532712	NC_073232.2	0.85	0.991	0.988	0.6088
LOC115935411	NC_086017.1	LOC129523454	NC_073224.2	0.85	0.925	0.924	0.064
LOC129524667	NC_073237.2	LOC129530398	NC_073248.2	0.85	0.98	0.958	0.0718
LOC129526378	NC_073238.2	LOC129529284	NC_073246.2	0.85	0.981	0.973	0.3933
LOC129530492	NC_073246.2	LOC134757319	NC_073240.2	0.85	0.991	0.94	0.585
ACTA1	NC_073224.2	ACTG2	NC_073236.2	0.849	0.852	0.812	0.0357
LOC101146784	NC_073224.2	LOC115935032	NC_073229.2	0.849	0.983	0.984	0.5646
LOC101152412	NC_073246.2	LOC101154368	NC_073224.2	0.849	0.905	0.906	0.1606
LOC101152412	NC_073246.2	LOC115933479	NC_073233.2	0.849	0.989	0.989	0.4151
LOC101152412	NC_073246.2	PPIA	NC_073230.2	0.849	0.996	0.994	0.4625
LOC101153430	NC_073228.2	LOC109025051	NC_073242.2	0.849	0.918	0.922	0.0648
LOC109023896	NC_073243.2	RPL29	NC_086017.1	0.849	0.965	0.966	0.2955
LOC109025051	NC_073242.2	LOC129523454	NC_073224.2	0.849	0.914	0.915	0.0695
LOC129530133	NC_073247.2	LOC129532895	NC_073227.2	0.849	0.993	0.993	0.5524
LOC134758236	NC_073227.2	LOC134758989	NC_073231.2	0.849	0.976	0.975	0.4031
LOC134758236	NC_073227.2	LOC134758990	NC_073231.2	0.849	0.976	0.975	0.4151
IGSF3	NC_073224.2	LOC129529384	NC_073246.2	0.848	0.973	0.959	0.1878
LOC101135203	NC_073240.2	LOC115933423	NC_073238.2	0.848	0.99	0.955	0.52
LOC101137457	NC_073229.2	LOC101142361	NC_086017.1	0.848	0.902	0.899	0.0867
LOC101140864	NC_073238.2	LOC134757302	NC_073240.2	0.848	0.982	0.934	0.5708
LOC115933423	NC_073238.2	LOC129527244	NC_073240.2	0.848	0.992	0.994	0.397
LOC129524570	NC_073237.2	LOC129526551	NC_073239.2	0.848	0.975	0.971	0.115
LOC101135138	NC_073234.2	LOC134758505	NC_073224.2	0.847	0.885	0.887	0.0928
LOC101143675	NC_073235.2	LOC129523984	NC_073231.2	0.847	0.92	0.869	0.1441
LOC101126577	NC_073233.2	LOC101151121	NC_073232.2	0.846	0.954	0.955	0.2414
LOC101137478	NC_086018.1	LOC101151121	NC_073232.2	0.846	0.978	0.982	0.6324
LOC101142804	NC_073224.2	LOC101151121	NC_073232.2	0.846	0.943	0.939	0.1273
LOC101152412	NC_073246.2	LOC115932777	NC_073224.2	0.846	0.898	0.9	0.1916
LOC101152412	NC_073246.2	PPIAL4H	NC_073224.2	0.846	0.895	0.898	0.1928
LOC101153278	NC_073224.2	OSTC	NC_073227.2	0.846	0.945	0.941	0.1469
LOC109027258	NC_073229.2	LOC115931078	NC_073242.2	0.846	0.947	0.942	0.1827
LOC109027258	NC_073229.2	LOC115931082	NC_073242.2	0.846	0.948	0.944	0.189
LOC109027258	NC_073229.2	NPAP1L	NC_073242.2	0.846	0.951	0.946	0.1913
LOC115933558	NC_073236.2	LOC129527345	NC_073242.2	0.846	0.944	0.921	0.2119
LOC129528187	NC_073238.2	LOC129530492	NC_073246.2	0.846	0.991	0.938	0.5646
LOC101124387	NC_073224.2	LOC101151494	NC_073233.2	0.845	0.903	0.897	0.065
LOC115933479	NC_073233.2	PPIAL4H	NC_073224.2	0.845	0.901	0.902	0.137
LOC129523984	NC_073231.2	UBE2V1	NC_073245.2	0.845	0.961	0.962	0.037
LOC101149650	NC_073228.2	LOC134758032	NC_073224.2	0.844	0.994	0.994	0.2584
LOC129524399	NC_073227.2	LOC134758982	NC_073231.2	0.844	0.976	0.976	0.3392
LOC129524399	NC_073227.2	LOC134758983	NC_073231.2	0.844	0.978	0.978	0.408
LOC129524399	NC_073227.2	LOC134758996	NC_073231.2	0.844	0.978	0.978	0.3584
LOC129527454	NC_073242.2	SLC9B1	NC_073227.2	0.844	0.961	0.938	0.159
LOC129529294	NC_073246.2	LOC129530552	NC_086018.1	0.844	0.956	0.952	0.0406
LOC129530391	NC_073248.2	LOC129530492	NC_073246.2	0.844	0.991	0.936	0.5479
CDK2AP2	NC_073233.2	LOC129529333	NC_073246.2	0.843	0.892	0.875	0.0456
LOC115932777	NC_073224.2	PPIA	NC_073230.2	0.843	0.9	0.835	0.1614
LOC129528196	NC_073241.2	LOC129530564	NC_073246.2	0.843	0.997	0.995	0.4226
LOC129533219	NC_073227.2	LOC134758982	NC_073231.2	0.843	0.975	0.975	0.3322
LOC129533219	NC_073227.2	LOC134758983	NC_073231.2	0.843	0.978	0.978	0.3992
LOC129533219	NC_073227.2	LOC134758996	NC_073231.2	0.843	0.978	0.978	0.3511
LOC101142515	NC_073235.2	LOC129524138	NC_073227.2	0.842	0.982	0.985	0.5644
LOC101144435	NC_073227.2	LOC129524776	NC_073237.2	0.842	0.972	0.967	0.1903
LOC101151121	NC_073232.2	LOC115931577	NC_073244.2	0.842	0.985	0.987	0.6782
LOC115932907	NC_073236.2	LOC129527275	NC_073240.2	0.842	0.999	0.999	0.4303
LOC115933182	NC_073230.2	LOC134757295	NC_073240.2	0.842	0.999	0.982	0.6644
LOC129524138	NC_073227.2	LOC129525442	NC_073241.2	0.842	0.985	0.987	0.6
LOC129524138	NC_073227.2	LOC129527457	NC_073242.2	0.842	0.985	0.987	0.6
LOC129524138	NC_073227.2	LOC129528989	NC_073245.2	0.842	0.99	0.992	0.7174
LOC129524138	NC_073227.2	LOC129529378	NC_073233.2	0.842	0.987	0.989	0.6526
LOC129524138	NC_073227.2	LOC129529932	NC_073247.2	0.842	0.98	0.983	0.5437
LOC129524138	NC_073227.2	LOC129533139	NC_073236.2	0.842	0.985	0.987	0.6
LOC129524138	NC_073227.2	LOC134757770	NC_073245.2	0.842	0.982	0.983	0.5192
LOC129524138	NC_073227.2	LOC134758469	NC_073228.2	0.842	0.985	0.987	0.6289
LOC129524138	NC_073227.2	LOC134758556	NC_073224.2	0.842	0.985	0.987	0.6
LOC129524138	NC_073227.2	LOC134759048	NC_073231.2	0.842	0.98	0.983	0.5437
AP1S2	NC_073247.2	LOC115931299	NC_073243.2	0.841	0.991	0.983	0.0683
HMGA1	NC_073229.2	LOC134756436	NC_073236.2	0.841	0.953	0.958	0.0884
LOC109024698	NC_073247.2	LOC134756436	NC_073236.2	0.841	0.918	0.921	0.0741
LOC129528462	NC_073241.2	LOC134756446	NC_073246.2	0.841	0.993	0.927	0.2118
ANXA2	NC_073240.2	LOC101145465	NC_073237.2	0.84	0.981	0.98	0.2837
LOC109029187	NC_073224.2	LOC129527246	NC_073238.2	0.84	0.95	0.949	0.2332
LOC109029187	NC_073224.2	LOC129530296	NC_073248.2	0.84	0.92	0.92	0.1374
LOC129531718	NC_073236.2	UBE2D1	NC_073232.2	0.84	0.998	0.997	0.5102
BMS1	NC_073232.2	LOC109028162	NC_073224.2	0.839	0.96	0.948	0.0473
LOC101123934	NC_073234.2	LOC109024736	NC_073224.2	0.839	0.897	0.9	0.0619
LOC101130226	NC_073240.2	LOC129531477	NC_073236.2	0.839	0.888	0.89	0.069
LOC109024736	NC_073224.2	SLC2A14	NC_073234.2	0.839	0.898	0.902	0.06
LOC115931107	NC_073242.2	MT1HL1	NC_073224.2	0.839	0.837	0.824	0.0585
LOC129528187	NC_073238.2	LOC129530571	NC_073246.2	0.839	0.988	0.945	0.4948
KMT5A	NC_073234.2	LOC129530468	NC_073238.2	0.838	0.985	0.977	0.2779
LOC115931286	NC_073224.2	LOC129525654	NC_073234.2	0.838	0.908	0.905	0.0372
LOC129529380	NC_073238.2	LOC129530470	NC_073246.2	0.838	0.996	0.996	0.4848
FAM114A2	NC_073228.2	LOC101126949	NC_073234.2	0.837	0.994	0.993	0.4608
LOC101138009	NC_073232.2	LOC101145780	NC_073240.2	0.837	0.938	0.927	0.2138
LOC101151121	NC_073232.2	LOC129534058	NC_073229.2	0.837	0.961	0.963	0.3663
LOC101151121	NC_073232.2	RPS2	NC_073242.2	0.837	0.986	0.98	0.4963
LOC115932777	NC_073224.2	LOC115933479	NC_073233.2	0.837	0.903	0.903	0.1312
LOC101125671	NC_073242.2	MT1HL1	NC_073224.2	0.836	0.851	0.845	0.0803
LOC129524654	NC_073237.2	LOC129528467	NC_073241.2	0.836	0.996	0.93	0.5687
LOC129524667	NC_073237.2	LOC129526957	NC_073236.2	0.836	0.988	0.92	0.1793
LOC129525067	NC_073232.2	LOC129534555	NC_073229.2	0.836	0.978	0.963	0.1859
ARHGAP23	NC_073228.2	LOC101138564	NC_073238.2	0.835	0.972	0.965	0.1307
ARHGAP23	NC_073228.2	LOC115933558	NC_073236.2	0.835	0.97	0.961	0.1383
LOC101135138	NC_073234.2	LOC101153289	NC_073232.2	0.835	0.918	0.912	0.0463
LOC101138564	NC_073238.2	LOC129527345	NC_073242.2	0.835	0.95	0.932	0.2101
LOC109027152	NC_073229.2	RPS27	NC_073224.2	0.835	0.924	0.856	0.1111
HGFAC	NC_073227.2	LOC134756832	NC_073236.2	0.834	0.98	0.98	0.3045
LOC129524667	NC_073237.2	LOC129526398	NC_073238.2	0.834	0.99	0.977	0.2015
LOC129524667	NC_073237.2	LOC134757216	NC_073240.2	0.834	0.989	0.922	0.1765
LOC134758236	NC_073227.2	LOC134758982	NC_073231.2	0.834	0.975	0.974	0.3948
LOC134758236	NC_073227.2	LOC134758996	NC_073231.2	0.834	0.977	0.976	0.4143
LOC101153289	NC_073232.2	LOC115932777	NC_073224.2	0.833	0.874	0.868	0.0426
LOC109024803	NC_073235.2	LOC115932905	NC_073240.2	0.833	0.9	0.899	0.0803
LOC115932905	NC_073240.2	LOC129526554	NC_073239.2	0.833	0.958	0.962	0.359
LOC129524570	NC_073237.2	LOC129526554	NC_073239.2	0.833	0.965	0.964	0.0922
LOC129524667	NC_073237.2	LOC129526385	NC_073238.2	0.833	0.993	0.964	0.2274
LOC129524667	NC_073237.2	LOC134756703	NC_073236.2	0.833	0.991	0.947	0.3274
LOC129528463	NC_073241.2	LOC129530398	NC_073248.2	0.833	0.96	0.967	0.0833
LOC129530398	NC_073248.2	LOC129530495	NC_073246.2	0.833	0.98	0.958	0.1398
HGFAC	NC_073227.2	LOC134757059	NC_073238.2	0.832	0.984	0.984	0.3313
LOC101124572	NC_073242.2	LOC109024112	NC_073224.2	0.832	0.881	0.844	0.0796
LOC101129996	NC_073227.2	MORF4L1	NC_073240.2	0.832	0.976	0.976	0.284
LOC101131917	NC_073227.2	LOC109024112	NC_073224.2	0.832	0.867	0.862	0.0722
LOC101134412	NC_073236.2	LOC101152317	NC_073224.2	0.832	0.948	0.945	0.0769
LOC101152412	NC_073246.2	LOC101153588	NC_073228.2	0.832	0.975	0.975	0.3313
LOC129524260	NC_073236.2	LOC129533142	NC_073227.2	0.832	0.991	0.99	0.7566
LOC129529286	NC_073246.2	LOC129530468	NC_073238.2	0.832	0.987	0.987	0.5512
LOC101135138	NC_073234.2	LOC101151494	NC_073233.2	0.831	0.908	0.911	0.1117
LOC101142376	NC_073244.2	LOC115933194	NC_086017.1	0.831	0.993	0.992	0.6043
LOC101151494	NC_073233.2	LOC101152412	NC_073246.2	0.831	0.936	0.935	0.2276
LOC129524600	NC_073237.2	LOC129528460	NC_073241.2	0.831	0.996	0.994	0.5633
LOC129533223	NC_073227.2	LOC134759057	NC_073231.2	0.831	0.957	0.934	0.1793
LOC134758236	NC_073227.2	LOC134759057	NC_073231.2	0.831	0.957	0.916	0.2457
HMGB1	NC_073238.2	LOC101125882	NC_073235.2	0.83	0.932	0.93	0.0642
LOC101123748	NC_073244.2	LOC129526101	NC_073238.2	0.83	0.983	0.952	0.3021
LOC101123748	NC_073244.2	LOC129526102	NC_073238.2	0.83	0.983	0.952	0.3005
LOC101123748	NC_073244.2	LOC129526103	NC_073238.2	0.83	0.983	0.952	0.3021
LOC101123748	NC_073244.2	LOC129526104	NC_073238.2	0.83	0.983	0.952	0.3021
LOC101123748	NC_073244.2	LOC129526109	NC_073238.2	0.83	0.983	0.952	0.3021
LOC101123748	NC_073244.2	LOC129526113	NC_073238.2	0.83	0.983	0.952	0.3021
LOC101123748	NC_073244.2	LOC129526120	NC_073238.2	0.83	0.983	0.957	0.3005
LOC101123748	NC_073244.2	LOC129526121	NC_073238.2	0.83	0.983	0.949	0.3333
LOC101123748	NC_073244.2	LOC129526127	NC_073238.2	0.83	0.983	0.954	0.3277
LOC101123748	NC_073244.2	LOC129526131	NC_073238.2	0.83	0.983	0.952	0.3021
LOC101123748	NC_073244.2	LOC129526152	NC_073238.2	0.83	0.983	0.949	0.3333
LOC101123748	NC_073244.2	LOC129526155	NC_073238.2	0.83	0.983	0.952	0.3021
LOC101123748	NC_073244.2	LOC129526156	NC_073238.2	0.83	0.983	0.957	0.299
LOC101123748	NC_073244.2	LOC129526157	NC_073238.2	0.83	0.983	0.957	0.299
LOC101123748	NC_073244.2	LOC129526203	NC_073238.2	0.83	0.983	0.949	0.3333
LOC101123748	NC_073244.2	LOC129526207	NC_073238.2	0.83	0.983	0.957	0.299
LOC101123748	NC_073244.2	LOC129526208	NC_073238.2	0.83	0.983	0.949	0.3333
LOC101123748	NC_073244.2	LOC129526209	NC_073238.2	0.83	0.983	0.952	0.3277
LOC101123748	NC_073244.2	LOC129526210	NC_073238.2	0.83	0.983	0.949	0.3333
LOC101123748	NC_073244.2	LOC134756380	NC_073238.2	0.83	0.983	0.952	0.3021
LOC101123748	NC_073244.2	LOC134757023	NC_073238.2	0.83	0.983	0.949	0.3333
LOC101123748	NC_073244.2	LOC134757024	NC_073238.2	0.83	0.983	0.949	0.3333
LOC109027152	NC_073229.2	LOC109028868	NC_073233.2	0.83	0.898	0.847	0.1026
LOC115933187	NC_073245.2	LOC129528259	NC_073241.2	0.83	0.981	0.919	0.1705
LOC115933187	NC_073245.2	LOC129528733	NC_073233.2	0.83	0.981	0.919	0.1705
LOC101139634	NC_073235.2	LOC134757302	NC_073240.2	0.829	0.923	0.917	0.0542
LOC101146767	NC_073247.2	LOC115930419	NC_073238.2	0.829	0.981	0.978	0.2147
LOC101146767	NC_073247.2	RPL26	NC_073243.2	0.829	0.985	0.98	0.3925
LOC109026322	NC_086017.1	LOC129525654	NC_073234.2	0.829	0.915	0.915	0.0455
LOC115933202	NC_073236.2	LOC134757056	NC_073238.2	0.829	0.994	0.994	0.8307
LOC129524138	NC_073227.2	LOC129529096	NC_073245.2	0.829	0.986	0.989	0.6042
LOC129529189	NC_073245.2	PPIAL4H	NC_073224.2	0.829	0.892	0.904	0.0316
LOC129530721	NC_073240.2	LOC134757056	NC_073238.2	0.829	0.993	0.993	0.8168
LOC109024093	NC_073244.2	LOC129525323	NC_073224.2	0.828	0.912	0.887	0.2421
LOC129525576	NC_073233.2	LOC129534555	NC_073229.2	0.828	0.994	0.994	0.4555
LOC129527796	NC_073242.2	LOC129528259	NC_073241.2	0.828	0.989	0.928	0.3057
LOC129527796	NC_073242.2	LOC129528733	NC_073233.2	0.828	0.989	0.928	0.3057
LOC101129469	NC_073237.2	LOC115935586	NC_073231.2	0.827	0.946	0.93	0.0833
LOC101130706	NC_073235.2	LOC115931247	NC_073243.2	0.827	0.978	0.974	0.4585
LOC101151759	NC_073234.2	LOC101152182	NC_073231.2	0.827	0.906	0.911	0.1014
LOC129530391	NC_073248.2	LOC129530571	NC_073246.2	0.827	0.987	0.943	0.4876
LOC129533223	NC_073227.2	LOC134758995	NC_073231.2	0.827	0.977	0.972	0.326
FCF1	NC_073239.2	LOC129532227	NC_073224.2	0.826	0.955	0.934	0.0425
LOC101129567	NC_073246.2	RPL23A	NC_073228.2	0.826	0.932	0.9	0.0672
LOC101138622	NC_073240.2	LOC109028162	NC_073224.2	0.826	0.986	0.985	0.4012
LOC109028162	NC_073224.2	LOC129527662	NC_073242.2	0.826	0.977	0.978	0.3415
LOC115930148	NC_073230.2	LOC134758407	NC_073227.2	0.826	0.954	0.955	0.0818
LOC134758236	NC_073227.2	LOC134758995	NC_073231.2	0.826	0.977	0.974	0.4088
LOC101143448	NC_073240.2	LOC109023174	NC_073239.2	0.825	0.977	0.95	0.2389
LOC129524656	NC_073237.2	LOC129530398	NC_073248.2	0.825	0.98	0.958	0.1806
LOC129528443	NC_073241.2	LOC129530398	NC_073248.2	0.825	0.98	0.975	0.1354
LOC129529382	NC_073246.2	LOC129530398	NC_073248.2	0.825	0.97	0.967	0.0733
LOC129530398	NC_073248.2	LOC129530569	NC_073246.2	0.825	0.98	0.975	0.0903
LOC101130079	NC_073236.2	LOC101138859	NC_073247.2	0.824	0.972	0.974	0.0346
LOC101133718	NC_073231.2	LOC134757181	NC_073239.2	0.824	0.952	0.935	0.2274
LOC109028727	NC_073233.2	LOC115933961	NC_086017.1	0.824	0.946	0.941	0.1045
LOC109028727	NC_073233.2	LOC129524489	NC_073237.2	0.824	0.944	0.918	0.1494
LOC109028727	NC_073233.2	LOC129532776	NC_086017.1	0.824	0.942	0.931	0.135
LOC109028727	NC_073233.2	LOC134756942	NC_073237.2	0.824	0.939	0.932	0.1717
LOC101139117	NC_073233.2	LOC134756942	NC_073237.2	0.823	0.885	0.892	0.0518
LOC101146784	NC_073224.2	RPL17	NC_073241.2	0.823	0.989	0.981	0.4536
LOC129524670	NC_073237.2	LOC129528440	NC_073241.2	0.823	0.986	0.968	0.2717
LOC129528440	NC_073241.2	LOC129529384	NC_073246.2	0.823	0.989	0.98	0.3734
LOC129528440	NC_073241.2	LOC129530497	NC_073246.2	0.823	0.991	0.982	0.3934
LOC101130079	NC_073236.2	LOC115930187	NC_073234.2	0.822	0.976	0.974	0.0384
LOC101127689	NC_086017.1	LOC101133298	NC_073230.2	0.821	0.918	0.896	0.0693
LOC101134027	NC_073227.2	LOC129525219	NC_073224.2	0.821	0.991	0.992	0.4037
LOC101124648	NC_073224.2	LOC129530307	NC_073248.2	0.82	0.959	0.96	0.0504
LOC101152267	NC_073228.2	LOC129525654	NC_073234.2	0.82	0.908	0.907	0.0403
LOC101153289	NC_073232.2	PPIAL4H	NC_073224.2	0.82	0.89	0.867	0.0469
LOC109023382	NC_073240.2	RPL34	NC_073227.2	0.82	0.988	0.99	0.4591
LOC109025132	NC_073229.2	LOC129523505	NC_086017.1	0.82	0.991	0.989	0.3685
LOC129524399	NC_073227.2	LOC134759057	NC_073231.2	0.82	0.956	0.918	0.264
LOC129524400	NC_073227.2	LOC134759057	NC_073231.2	0.82	0.955	0.9	0.2841
LOC129528259	NC_073241.2	SH3KBP1	NC_073247.2	0.82	0.987	0.967	0.1556
LOC129528509	NC_073244.2	LYRM2	NC_073229.2	0.82	0.964	0.967	0.0816
LOC129528733	NC_073233.2	SH3KBP1	NC_073247.2	0.82	0.987	0.967	0.1556
LOC129533206	NC_073227.2	LOC134759057	NC_073231.2	0.82	0.956	0.925	0.2369
LOC129533209	NC_073227.2	LOC134759057	NC_073231.2	0.82	0.956	0.901	0.2933
LOC129533212	NC_073227.2	LOC134759057	NC_073231.2	0.82	0.956	0.926	0.2343
LOC129533214	NC_073227.2	LOC134759057	NC_073231.2	0.82	0.956	0.927	0.2339
LOC129533215	NC_073227.2	LOC134759057	NC_073231.2	0.82	0.956	0.927	0.2348
LOC129533217	NC_073227.2	LOC134759057	NC_073231.2	0.82	0.956	0.909	0.2761
LOC129533219	NC_073227.2	LOC134759057	NC_073231.2	0.82	0.955	0.916	0.2567
LOC129533220	NC_073227.2	LOC134759057	NC_073231.2	0.82	0.956	0.901	0.29
LOC129533221	NC_073227.2	LOC134759057	NC_073231.2	0.82	0.956	0.926	0.2343
LOC129533222	NC_073227.2	LOC134759057	NC_073231.2	0.82	0.956	0.927	0.233
LOC129533224	NC_073227.2	LOC134759057	NC_073231.2	0.82	0.956	0.901	0.2893
LOC129533225	NC_073227.2	LOC134759057	NC_073231.2	0.82	0.956	0.901	0.2893
LOC101130079	NC_073236.2	LOC101145104	NC_073247.2	0.819	0.965	0.967	0.0349
LOC101132614	NC_073224.2	LOC101140761	NC_073229.2	0.819	0.865	0.851	0.0387
LOC101143702	NC_073240.2	RPL36A	NC_073247.2	0.819	0.847	0.844	0.0321
IFITM2	NC_073233.2	LOC109026657	NC_073227.2	0.818	0.948	0.944	0.0785
LOC101133218	NC_073236.2	LOC129525227	NC_073233.2	0.818	0.932	0.94	0.1252
LOC101153591	NC_073228.2	LOC109023133	NC_073239.2	0.818	0.93	0.894	0.069
LOC129524394	NC_073231.2	LOC129524399	NC_073227.2	0.818	0.979	0.979	0.3333
LOC129524394	NC_073231.2	LOC129524400	NC_073227.2	0.818	0.978	0.978	0.3617
LOC129524394	NC_073231.2	LOC129533206	NC_073227.2	0.818	0.979	0.979	0.2972
LOC129524394	NC_073231.2	LOC129533209	NC_073227.2	0.818	0.979	0.979	0.3728
LOC129524394	NC_073231.2	LOC129533212	NC_073227.2	0.818	0.979	0.979	0.2938
LOC129524394	NC_073231.2	LOC129533214	NC_073227.2	0.818	0.979	0.979	0.2932
LOC129524394	NC_073231.2	LOC129533215	NC_073227.2	0.818	0.979	0.979	0.2943
LOC129524394	NC_073231.2	LOC129533217	NC_073227.2	0.818	0.979	0.979	0.3495
LOC129524394	NC_073231.2	LOC129533219	NC_073227.2	0.818	0.978	0.978	0.3246
LOC129524394	NC_073231.2	LOC129533220	NC_073227.2	0.818	0.979	0.979	0.3683
LOC129524394	NC_073231.2	LOC129533221	NC_073227.2	0.818	0.979	0.979	0.2938
LOC129524394	NC_073231.2	LOC129533222	NC_073227.2	0.818	0.979	0.979	0.2921
LOC129524394	NC_073231.2	LOC129533224	NC_073227.2	0.818	0.979	0.979	0.3674
LOC129524394	NC_073231.2	LOC129533225	NC_073227.2	0.818	0.979	0.979	0.3674
LOC129528259	NC_073241.2	LOC129532896	NC_073247.2	0.818	0.994	0.936	0.3425
LOC129528733	NC_073233.2	LOC129532896	NC_073247.2	0.818	0.994	0.936	0.3425
LOC101126985	NC_073242.2	MT1HL1	NC_073224.2	0.817	0.844	0.839	0.0745
LOC101133298	NC_073230.2	LOC101153591	NC_073228.2	0.817	0.902	0.888	0.0565
LOC115933194	NC_086017.1	LOC129532712	NC_073232.2	0.817	0.986	0.964	0.1122
LOC129526401	NC_073238.2	LOC129526976	NC_073240.2	0.817	0.989	0.989	0.4861
LOC129528194	NC_073241.2	LOC129530492	NC_073246.2	0.817	0.991	0.92	0.5136
CES4A	NC_073242.2	LOC115932915	NC_073238.2	0.816	0.98	0.982	0.2558
CRIPTO	NC_086017.1	CRIPTO3	NC_073247.2	0.816	0.984	0.984	0.2463
LOC101138040	NC_073235.2	SNRPG	NC_073236.2	0.816	0.935	0.912	0.0769
LOC101144515	NC_073233.2	TMEM42	NC_086017.1	0.816	0.912	0.917	0.1131
LOC115932799	NC_073236.2	LOC115932915	NC_073238.2	0.816	0.986	0.987	0.6048
LOC115932915	NC_073238.2	LOC129531429	NC_073236.2	0.816	0.979	0.981	0.3694
LOC115933239	NC_073236.2	LOC129523819	NC_073230.2	0.816	0.996	0.988	0.576
LOC129528259	NC_073241.2	LOC129530539	NC_073235.2	0.816	0.993	0.994	0.4074
LOC129528733	NC_073233.2	LOC129530539	NC_073235.2	0.816	0.993	0.994	0.4074
ATP1B3	NC_086017.1	LOC101143506	NC_073237.2	0.815	0.995	0.991	0.5381
FTH1	NC_073233.2	LOC101130706	NC_073235.2	0.815	0.981	0.976	0.3857
HIGD1A	NC_086017.1	LOC101134412	NC_073236.2	0.815	0.989	0.969	0.1818
LOC101127555	NC_073233.2	LOC101135138	NC_073234.2	0.815	0.916	0.917	0.0876
LOC101130806	NC_073233.2	RPL36AL	NC_073239.2	0.815	0.875	0.83	0.0701
LOC101134010	NC_073230.2	LOC101137249	NC_073245.2	0.815	0.901	0.902	0.031
LOC115933091	NC_073233.2	LOC115933194	NC_086017.1	0.815	0.99	0.968	0.3202
LOC129528163	NC_073241.2	LOC129529380	NC_073238.2	0.815	0.99	0.922	0.3326
LOC101124387	NC_073224.2	LOC101139294	NC_073228.2	0.814	0.911	0.912	0.0593
LOC101134027	NC_073227.2	SEC22B	NC_073224.2	0.814	0.993	0.992	0.3238
LOC101137804	NC_086017.1	LOC129531477	NC_073236.2	0.814	0.901	0.904	0.0602
LOC101151538	NC_073243.2	RPL21	NC_073238.2	0.814	0.971	0.92	0.3118
LOC109025589	NC_073236.2	LOC115935839	NC_073237.2	0.814	0.966	0.926	0.2776
LOC129524470	NC_073237.2	LOC129529380	NC_073238.2	0.814	0.988	0.922	0.4619
GNG5B	NC_073247.2	LOC109027862	NC_073230.2	0.813	0.953	0.938	0.2786
LOC101138859	NC_073247.2	LOC101154352	NC_073237.2	0.813	0.94	0.937	0.1791
LOC101140761	NC_073229.2	LOC101150640	NC_073224.2	0.813	0.898	0.883	0.0387
LOC129525416	NC_073233.2	LOC134756370	NC_086017.1	0.813	0.992	0.992	0.6406
LOC129527430	NC_073242.2	LOC134756370	NC_086017.1	0.813	0.988	0.988	0.5707
LOC129528750	NC_073244.2	LOC134756370	NC_086017.1	0.813	0.989	0.991	0.631
LOC129531752	NC_073236.2	LOC134756370	NC_086017.1	0.813	0.991	0.991	0.6474
LOC129532807	NC_073227.2	LOC134756370	NC_086017.1	0.813	0.992	0.992	0.6406
LOC129532980	NC_073240.2	LOC134756370	NC_086017.1	0.813	0.991	0.991	0.6211
LOC134756370	NC_086017.1	LOC134756371	NC_073227.2	0.813	0.989	0.99	0.599
EIF5A	NC_073243.2	LOC109026716	NC_073228.2	0.812	0.921	0.925	0.0528
LOC101127583	NC_073238.2	LOC101151578	NC_073231.2	0.812	0.933	0.94	0.1161
LOC101127583	NC_073238.2	TUBB	NC_073229.2	0.812	0.951	0.954	0.1203
LOC101130686	NC_073224.2	LOC101154352	NC_073237.2	0.812	0.937	0.938	0.1661
LOC101132464	NC_073232.2	LOC109026716	NC_073228.2	0.812	0.905	0.921	0.0582
LOC109023133	NC_073239.2	LOC115934990	NC_073229.2	0.812	0.922	0.922	0.1226
LOC109024093	NC_073244.2	LOC109029139	NC_073224.2	0.812	0.899	0.885	0.1739
LOC109025589	NC_073236.2	LOC109028392	NC_073237.2	0.812	0.968	0.967	0.3107
CKS1B	NC_073224.2	LOC109028877	NC_073233.2	0.811	0.945	0.93	0.0407
KMT2C	NC_073230.2	LOC129524470	NC_073237.2	0.811	0.983	0.978	0.0596
LOC101125134	NC_073224.2	LOC101140761	NC_073229.2	0.811	0.911	0.914	0.0422
LOC101126312	NC_073231.2	LOC115934340	NC_073227.2	0.811	0.958	0.961	0.2689
LOC101126684	NC_073232.2	LOC101151538	NC_073243.2	0.811	0.957	0.884	0.2222
LOC101138040	NC_073235.2	LOC101139259	NC_073236.2	0.811	0.892	0.898	0.0649
LOC101146129	NC_086017.1	LOC109025909	NC_073224.2	0.811	0.907	0.911	0.0642
LOC101153588	NC_073228.2	PPIAL4H	NC_073224.2	0.811	0.902	0.902	0.0987
LOC109024093	NC_073244.2	RPL39L	NC_086017.1	0.811	0.9	0.88	0.0857
ELOC	NC_073231.2	LOC109025605	NC_073236.2	0.81	0.885	0.85	0.0491
KMT2C	NC_073230.2	LOC129528163	NC_073241.2	0.81	0.985	0.982	0.041
LOC101127524	NC_073233.2	LOC134759084	NC_073231.2	0.81	0.96	0.95	0.2334
LOC101127555	NC_073233.2	LOC101152412	NC_073246.2	0.81	0.933	0.924	0.2587
LOC101152412	NC_073246.2	LOC101153289	NC_073232.2	0.81	0.93	0.927	0.0724
LOC129523465	NC_073242.2	LOC134758274	NC_073227.2	0.81	0.944	0.949	0.0623
LOC129523855	NC_073230.2	LOC129533127	NC_073227.2	0.81	0.965	0.965	0.094
LOC129525554	NC_073233.2	LOC129526565	NC_073241.2	0.81	0.988	0.988	0.4689
LOC129526976	NC_073240.2	LOC134757038	NC_073238.2	0.81	0.985	0.985	0.4861
LOC101124938	NC_073242.2	LOC109024112	NC_073224.2	0.809	0.929	0.908	0.1231
LOC101130079	NC_073236.2	LOC101142220	NC_073238.2	0.809	0.978	0.977	0.0445
LOC101140340	NC_086017.1	PPIAL4H	NC_073224.2	0.809	0.872	0.872	0.0462
LOC101150435	NC_073228.2	LOC129525654	NC_073234.2	0.809	0.883	0.887	0.0303
LOC115934041	NC_086017.1	LOC134758964	NC_073230.2	0.809	0.983	0.983	0.033
LOC115936058	NC_073229.2	LOC134758964	NC_073230.2	0.809	0.993	0.994	0.2419
LOC129524559	NC_073237.2	LOC134758964	NC_073230.2	0.809	0.991	0.992	0.3121
LOC129524659	NC_073237.2	LOC129530491	NC_073246.2	0.809	0.992	0.973	0.3576
LOC129524659	NC_073237.2	LOC129530564	NC_073246.2	0.809	0.995	0.979	0.1944
LOC129524659	NC_073237.2	LOC134756446	NC_073246.2	0.809	0.987	0.96	0.1158
LOC129524726	NC_073238.2	LOC134758964	NC_073230.2	0.809	0.994	0.993	0.2597
LOC129525416	NC_073233.2	LOC129526566	NC_073239.2	0.809	0.995	0.996	0.7182
LOC129526566	NC_073239.2	LOC129527430	NC_073242.2	0.809	0.997	0.997	0.7011
LOC129526566	NC_073239.2	LOC129528750	NC_073244.2	0.809	0.989	0.989	0.5926
LOC129526566	NC_073239.2	LOC129531752	NC_073236.2	0.809	0.994	0.995	0.7167
LOC129526566	NC_073239.2	LOC129532807	NC_073227.2	0.809	0.995	0.996	0.7182
LOC129526566	NC_073239.2	LOC129532980	NC_073240.2	0.809	0.994	0.995	0.6889
LOC129526566	NC_073239.2	LOC134756371	NC_073227.2	0.809	0.992	0.994	0.672
LOC129527151	NC_073224.2	LOC134758964	NC_073230.2	0.809	0.97	0.972	0.1684
LOC129528280	NC_073241.2	LOC134758964	NC_073230.2	0.809	0.999	0.999	0.2786
LOC129534573	NC_073229.2	LOC134758964	NC_073230.2	0.809	0.99	0.992	0.2373
LOC134757253	NC_073240.2	LOC134758964	NC_073230.2	0.809	0.994	0.994	0.2672
LOC134757796	NC_073245.2	LOC134758964	NC_073230.2	0.809	0.989	0.991	0.2346
LOC134758964	NC_073230.2	ZNF585A	NC_073244.2	0.809	0.943	0.94	0.0346
LOC129524726	NC_073238.2	LOC129528948	NC_073244.2	0.808	0.949	0.947	0.0926
LOC129527151	NC_073224.2	LOC129528948	NC_073244.2	0.808	0.933	0.934	0.0734
LOC129528236	NC_073241.2	LOC129529294	NC_073246.2	0.808	0.994	0.912	0.5221
LOC129528948	NC_073244.2	LOC134757253	NC_073240.2	0.808	0.949	0.948	0.0938
LOC129528948	NC_073244.2	LOC134757796	NC_073245.2	0.808	0.945	0.948	0.0877
TUBB2A	NC_073229.2	TUBB4B	NC_073237.2	0.808	0.867	0.841	0.0681
IGSF3	NC_073224.2	LOC129528449	NC_073241.2	0.807	0.972	0.96	0.0987
LOC101134771	NC_073235.2	RPL27	NC_073228.2	0.807	0.867	0.864	0.0312
LOC101138040	NC_073235.2	LOC101151356	NC_073232.2	0.807	0.929	0.932	0.0602
LOC115933227	NC_073227.2	LOC129523819	NC_073230.2	0.807	0.989	0.989	0.2011
LOC101124387	NC_073224.2	LOC101127555	NC_073233.2	0.806	0.924	0.909	0.1429
LOC101143887	NC_073232.2	LOC101145975	NC_073237.2	0.806	0.879	0.881	0.0613
LOC109025589	NC_073236.2	LOC115931078	NC_073242.2	0.806	0.958	0.903	0.2747
LOC109025589	NC_073236.2	LOC115931082	NC_073242.2	0.806	0.959	0.904	0.2761
LOC109025589	NC_073236.2	LOC115931087	NC_073242.2	0.806	0.959	0.904	0.2766
LOC109025589	NC_073236.2	NPAP1L	NC_073242.2	0.806	0.961	0.906	0.2878
LOC129533223	NC_073227.2	LOC134758990	NC_073231.2	0.806	0.976	0.972	0.3422
FRG2C	NC_086017.1	LOC129532824	NC_073227.2	0.805	0.95	0.956	0.2004
LOC115931637	NC_073244.2	SNRPE	NC_073224.2	0.805	0.959	0.912	0.3655
LOC101130226	NC_073240.2	LOC101133298	NC_073230.2	0.804	0.876	0.851	0.0865
LOC101133298	NC_073230.2	LOC101141058	NC_073233.2	0.804	0.904	0.891	0.05
LOC109028725	NC_086017.1	LOC129524489	NC_073237.2	0.804	0.934	0.873	0.0974
LOC115933227	NC_073227.2	LOC129525554	NC_073233.2	0.804	0.992	0.992	0.1573
LOC129526409	NC_073238.2	LOC129529294	NC_073246.2	0.804	0.992	0.981	0.1009
LOC129527231	NC_073238.2	LOC134757302	NC_073240.2	0.804	0.989	0.987	0.6414
LOC129527278	NC_073236.2	LOC129529294	NC_073246.2	0.804	0.989	0.978	0.0992
LOC129528447	NC_073241.2	LOC129529646	NC_086018.1	0.804	0.989	0.972	0.5423
CES4A	NC_073242.2	LOC115932799	NC_073236.2	0.803	0.98	0.98	0.2523
LOC101130079	NC_073236.2	LOC129528351	NC_073241.2	0.803	0.978	0.978	0.0448
LOC101140340	NC_086017.1	LOC115932777	NC_073224.2	0.803	0.866	0.866	0.046
LOC101141058	NC_073233.2	LOC101153591	NC_073228.2	0.803	0.931	0.845	0.1053
LOC101141368	NC_086017.1	LOC101146784	NC_073224.2	0.803	0.969	0.972	0.1257
LOC101143280	NC_073232.2	LOC129523464	NC_073237.2	0.803	0.861	0.872	0.0308
LOC101148869	NC_073240.2	LOC101153591	NC_073228.2	0.803	0.949	0.928	0.0652
LOC101153591	NC_073228.2	LOC129532770	NC_073224.2	0.803	0.925	0.899	0.0405
LOC101151494	NC_073233.2	TMEM42	NC_086017.1	0.802	0.905	0.908	0.0776
LOC115933194	NC_086017.1	LOC129525684	NC_073234.2	0.802	0.988	0.988	0.2765
LOC134757056	NC_073238.2	LOC134757964	NC_073248.2	0.802	0.995	0.993	0.4515
LOC101133298	NC_073230.2	LOC115934990	NC_073229.2	0.801	0.912	0.89	0.1226
LOC109028725	NC_086017.1	LOC134756942	NC_073237.2	0.801	0.933	0.926	0.1028
LOC129526401	NC_073238.2	LOC129529548	NC_086018.1	0.801	0.982	0.982	0.3701
LOC129530133	NC_073247.2	LOC129532627	NC_086017.1	0.801	0.994	0.96	0.372
FTL	NC_073244.2	LOC101130393	NC_073245.2	0.8	0.96	0.964	0.2185
LOC101130806	NC_073233.2	LOC101143702	NC_073240.2	0.8	0.833	0.849	0.0376
LOC101152412	NC_073246.2	LOC101154144	NC_073235.2	0.8	0.925	0.926	0.1299
LOC109026668	NC_073227.2	TPT1	NC_073238.2	0.8	0.998	0.999	0.2607
LOC129523739	NC_073230.2	LOC129525765	NC_073234.2	0.8	0.989	0.916	0.5023
LOC129523739	NC_073230.2	LOC129527885	NC_073243.2	0.8	0.989	0.916	0.5023
LOC129523993	NC_073224.2	LOC129525765	NC_073234.2	0.8	0.992	0.926	0.5158
LOC129523993	NC_073224.2	LOC129527885	NC_073243.2	0.8	0.992	0.926	0.5158
LOC129525765	NC_073234.2	LOC129528382	NC_073241.2	0.8	0.992	0.926	0.5158
LOC129525765	NC_073234.2	LOC129532626	NC_086017.1	0.8	0.989	0.916	0.5047
LOC129527885	NC_073243.2	LOC129528382	NC_073241.2	0.8	0.992	0.926	0.5158
LOC129527885	NC_073243.2	LOC129532626	NC_086017.1	0.8	0.989	0.916	0.5047
LOC129529611	NC_086018.1	LOC129533108	NC_073224.2	0.8	0.838	0.847	0.0467
LOC101130407	NC_073230.2	MIA2	NC_073239.2	0.799	0.921	0.92	0.0918
LOC101142515	NC_073235.2	LOC129529096	NC_073245.2	0.799	0.989	0.991	0.6421
LOC129525442	NC_073241.2	LOC129529096	NC_073245.2	0.799	0.991	0.993	0.6809
LOC129527457	NC_073242.2	LOC129529096	NC_073245.2	0.799	0.991	0.993	0.6809
LOC129529096	NC_073245.2	LOC129529378	NC_073233.2	0.799	0.994	0.995	0.7416
LOC129529096	NC_073245.2	LOC129529932	NC_073247.2	0.799	0.986	0.989	0.6186
LOC129529096	NC_073245.2	LOC129532991	NC_073227.2	0.799	0.989	0.991	0.6421
LOC129529096	NC_073245.2	LOC129533139	NC_073236.2	0.799	0.991	0.993	0.6809
LOC129529096	NC_073245.2	LOC134758469	NC_073228.2	0.799	0.991	0.993	0.7143
LOC129529096	NC_073245.2	LOC134758556	NC_073224.2	0.799	0.991	0.993	0.6809
LOC129529096	NC_073245.2	LOC134759048	NC_073231.2	0.799	0.986	0.989	0.6186
HMGN2	NC_073224.2	LOC101133298	NC_073230.2	0.798	0.948	0.949	0.0466
LOC101132614	NC_073224.2	LOC109024886	NC_073229.2	0.798	0.864	0.838	0.0551
LOC101133298	NC_073230.2	LOC101148869	NC_073240.2	0.798	0.94	0.949	0.0581
LOC101133298	NC_073230.2	LOC109023133	NC_073239.2	0.798	0.924	0.916	0.0927
LOC101139366	NC_073236.2	LOC101152412	NC_073246.2	0.798	0.896	0.903	0.1154
LOC101139366	NC_073236.2	LOC115932777	NC_073224.2	0.798	0.879	0.88	0.0875
LOC101140340	NC_086017.1	LOC101152412	NC_073246.2	0.798	0.913	0.915	0.0766
LOC101141058	NC_073233.2	LOC109023133	NC_073239.2	0.798	0.925	0.936	0.1603
LOC101142993	NC_073229.2	LOC109025589	NC_073236.2	0.798	0.962	0.961	0.2361
LOC129523984	NC_073231.2	LOC134758146	NC_086017.1	0.798	0.956	0.951	0.2297
EIF2S2	NC_073245.2	LOC101138541	NC_073235.2	0.797	0.99	0.987	0.5689
LOC101124572	NC_073242.2	LOC134758274	NC_073227.2	0.797	0.875	0.859	0.0484
LOC101150435	NC_073228.2	LOC129527576	NC_073242.2	0.797	0.914	0.923	0.1197
LOC101153588	NC_073228.2	LOC115932777	NC_073224.2	0.797	0.904	0.905	0.0933
LOC129530539	NC_073235.2	LOC134758397	NC_073227.2	0.797	0.994	0.994	0.605
LOC129533223	NC_073227.2	LOC134758982	NC_073231.2	0.797	0.975	0.969	0.3276
LOC129533223	NC_073227.2	LOC134758996	NC_073231.2	0.797	0.977	0.971	0.3418
CCNQ	NC_073247.2	LOC129527246	NC_073238.2	0.796	0.954	0.94	0.1525
EEF1B2	NC_073235.2	LOC101136280	NC_073230.2	0.796	0.966	0.971	0.4197
LOC101125924	NC_073241.2	LOC109024327	NC_073245.2	0.796	0.963	0.867	0.3421
LOC101133864	NC_073242.2	LOC101150435	NC_073228.2	0.796	0.914	0.923	0.1397
LOC101136280	NC_073230.2	LOC101144131	NC_073247.2	0.796	0.967	0.97	0.1475
LOC101153591	NC_073228.2	LOC115934990	NC_073229.2	0.796	0.924	0.924	0.129
LOC109025589	NC_073236.2	LOC115935789	NC_073237.2	0.796	0.969	0.915	0.302
LOC115935771	NC_073237.2	ZNF598	NC_073242.2	0.796	0.972	0.968	0.131
LOC129529548	NC_086018.1	LOC134757038	NC_073238.2	0.796	0.977	0.977	0.3439
LOC129532956	NC_073227.2	LOC134757295	NC_073240.2	0.796	0.991	0.914	0.4397
LOC115932756	NC_073240.2	LOC115932954	NC_073238.2	0.795	0.991	0.993	0.8098
LOC115932756	NC_073240.2	LOC134756368	NC_073236.2	0.795	0.992	0.994	0.8021
LOC129528948	NC_073244.2	LOC134758964	NC_073230.2	0.795	0.957	0.956	0.25
LOC129530464	NC_073238.2	LOC129530486	NC_073246.2	0.795	0.983	0.982	0.4093
LOC129530464	NC_073238.2	LOC129530565	NC_073246.2	0.795	0.984	0.983	0.4173
KMT5A	NC_073234.2	LOC134756700	NC_073236.2	0.794	0.984	0.963	0.2556
LOC101124572	NC_073242.2	LOC101131917	NC_073227.2	0.794	0.963	0.967	0.2909
LOC109024112	NC_073224.2	LOC115931107	NC_073242.2	0.794	0.938	0.924	0.1141
LOC109024112	NC_073224.2	LOC129523465	NC_073242.2	0.794	0.938	0.924	0.0562
LOC115930101	NC_073244.2	LOC115931047	NC_073242.2	0.794	0.963	0.966	0.1493
LOC115931421	NC_073241.2	LOC129528141	NC_073231.2	0.794	0.992	0.963	0.2202
LOC115936058	NC_073229.2	LOC129528948	NC_073244.2	0.794	0.949	0.951	0.082
LOC129523959	NC_073224.2	LOC129528141	NC_073231.2	0.794	0.993	0.933	0.2875
LOC129524036	NC_073243.2	LOC129528141	NC_073231.2	0.794	0.994	0.959	0.4513
LOC129524833	NC_073239.2	LOC129528141	NC_073231.2	0.794	0.991	0.928	0.278
LOC129528141	NC_073231.2	LOC129530133	NC_073247.2	0.794	0.994	0.934	0.3049
LOC129528141	NC_073231.2	LOC129532895	NC_073227.2	0.794	0.991	0.941	0.3111
LOC129528141	NC_073231.2	LOC129534553	NC_073229.2	0.794	0.991	0.964	0.165
LOC129528141	NC_073231.2	SLC35F5	NC_073235.2	0.794	0.987	0.955	0.1274
LOC129528280	NC_073241.2	LOC129528948	NC_073244.2	0.794	0.957	0.954	0.0924
LOC129528948	NC_073244.2	LOC129534573	NC_073229.2	0.794	0.946	0.946	0.0761
COMMD5	NC_073231.2	LOC109026471	NC_073227.2	0.793	0.945	0.926	0.0841
LOC101141573	NC_073234.2	RPL19	NC_073228.2	0.793	0.95	0.948	0.2228
LOC101152815	NC_073233.2	RPL23A	NC_073228.2	0.793	0.974	0.972	0.1687
LOC129525641	NC_073234.2	LOC129528141	NC_073231.2	0.793	0.993	0.941	0.0902
LOC129528141	NC_073231.2	LOC129528719	NC_073244.2	0.793	0.99	0.964	0.1566
LOC129528141	NC_073231.2	LOC134759270	NC_073232.2	0.793	0.989	0.954	0.1987
LOC129528443	NC_073241.2	LOC129530304	NC_073248.2	0.793	0.986	0.983	0.3306
CKS1B	NC_073224.2	LOC129526772	NC_073239.2	0.792	0.96	0.95	0.1133
FRG2C	NC_086017.1	LOC115932854	NC_073227.2	0.792	0.956	0.962	0.183
LOC101133427	NC_073230.2	LOC101143702	NC_073240.2	0.792	0.828	0.844	0.0318
LOC101142376	NC_073244.2	LOC115930119	NC_073229.2	0.792	0.991	0.99	0.3646
HMGN2	NC_073224.2	LOC101153591	NC_073228.2	0.791	0.958	0.933	0.0577
LOC101140345	NC_086017.1	LOC129531477	NC_073236.2	0.791	0.922	0.92	0.1417
LOC101141058	NC_073233.2	LOC115934990	NC_073229.2	0.791	0.916	0.914	0.125
LOC101141762	NC_073245.2	TAF9	NC_073243.2	0.791	0.994	0.993	0.7753
LOC101142644	NC_073229.2	RPL3	NC_086018.1	0.791	0.949	0.954	0.2505
LOC101152412	NC_073246.2	LOC129529189	NC_073245.2	0.791	0.921	0.928	0.0474
LOC129524559	NC_073237.2	LOC129528948	NC_073244.2	0.791	0.953	0.951	0.1098
LOC129526395	NC_073238.2	LOC129529434	NC_086018.1	0.791	0.967	0.962	0.0585
LOC134759130	NC_073224.2	SELENOW	NC_073244.2	0.791	0.927	0.897	0.055
LOC101127524	NC_073233.2	LOC129524344	NC_073231.2	0.79	0.961	0.948	0.2494
LOC101127524	NC_073233.2	LOC129524352	NC_073231.2	0.79	0.963	0.951	0.2553
LOC101127524	NC_073233.2	LOC129524353	NC_073231.2	0.79	0.962	0.949	0.2517
LOC101130079	NC_073236.2	RPSA	NC_086017.1	0.79	0.98	0.981	0.0451
LOC101142376	NC_073244.2	LOC115933182	NC_073230.2	0.79	0.988	0.987	0.2651
LOC129533206	NC_073227.2	LOC134758983	NC_073231.2	0.79	0.978	0.978	0.3676
LOC129533212	NC_073227.2	LOC134758983	NC_073231.2	0.79	0.978	0.978	0.3636
LOC129533214	NC_073227.2	LOC134758983	NC_073231.2	0.79	0.978	0.978	0.363
LOC129533215	NC_073227.2	LOC134758983	NC_073231.2	0.79	0.978	0.978	0.3643
LOC129533221	NC_073227.2	LOC134758983	NC_073231.2	0.79	0.978	0.978	0.3636
LOC129533222	NC_073227.2	LOC134758983	NC_073231.2	0.79	0.978	0.978	0.3617
CCNQ	NC_073247.2	LOC129530296	NC_073248.2	0.789	0.935	0.918	0.0933
LOC101127524	NC_073233.2	LOC129524348	NC_073231.2	0.789	0.963	0.951	0.2553
LOC101127524	NC_073233.2	LOC129524349	NC_073231.2	0.789	0.963	0.951	0.2547
LOC101129231	NC_073233.2	RPL36AL	NC_073239.2	0.789	0.916	0.907	0.044
LOC115933091	NC_073233.2	LOC129526565	NC_073241.2	0.789	0.983	0.978	0.2783
LOC129526550	NC_073239.2	LOC129529434	NC_086018.1	0.789	0.95	0.953	0.0783
EEF1B2	NC_073235.2	LOC101130619	NC_073243.2	0.788	0.959	0.965	0.4175
LOC101127689	NC_086017.1	LOC129531477	NC_073236.2	0.788	0.918	0.91	0.1111
LOC101129567	NC_073246.2	LOC101152273	NC_073244.2	0.788	0.926	0.927	0.0837
LOC101131725	NC_073237.2	SNRPE	NC_073224.2	0.788	0.962	0.917	0.1905
LOC101133443	NC_073247.2	TBCA	NC_073243.2	0.788	0.976	0.974	0.443
LOC129524832	NC_073232.2	LOC129525576	NC_073233.2	0.788	0.99	0.964	0.4341
LOC129529385	NC_073246.2	LOC134756947	NC_073238.2	0.788	0.992	0.958	0.5063
KMT5A	NC_073234.2	LOC129529284	NC_073246.2	0.787	0.987	0.972	0.2881
LOC109027573	NC_073230.2	LOC129532227	NC_073224.2	0.787	0.908	0.907	0.1145
LOC129526378	NC_073238.2	LOC129530502	NC_073246.2	0.787	0.981	0.982	0.4333
LOC129526471	NC_073236.2	LOC134756947	NC_073238.2	0.787	0.993	0.975	0.3133
LOC101129444	NC_073246.2	MEMO1	NC_073236.2	0.786	0.986	0.958	0.4335
LOC101141058	NC_073233.2	LOC101148869	NC_073240.2	0.786	0.942	0.943	0.0989
LOC101141058	NC_073233.2	LOC129532770	NC_073224.2	0.786	0.915	0.933	0.0783
LOC101142220	NC_073238.2	LOC101154352	NC_073237.2	0.786	0.945	0.941	0.2067
LOC101145104	NC_073247.2	LOC101154352	NC_073237.2	0.786	0.932	0.93	0.1419
LOC101154352	NC_073237.2	LOC115930187	NC_073234.2	0.786	0.94	0.933	0.1688
LOC101154352	NC_073237.2	LOC129528351	NC_073241.2	0.786	0.941	0.935	0.202
LOC101154352	NC_073237.2	RPSA	NC_086017.1	0.786	0.943	0.938	0.2119
LOC115930119	NC_073229.2	LOC134757295	NC_073240.2	0.786	0.991	0.969	0.4163
LOC115932905	NC_073240.2	LOC129524570	NC_073237.2	0.786	0.973	0.975	0.117
LOC129523572	NC_073240.2	LOC129529646	NC_086018.1	0.786	0.963	0.959	0.2273
LOC129524833	NC_073239.2	LOC129532627	NC_086017.1	0.786	0.993	0.954	0.3557
LOC101125185	NC_073240.2	LOC101137457	NC_073229.2	0.785	0.887	0.882	0.0857
LOC101125723	NC_086018.1	LOC115932905	NC_073240.2	0.785	0.96	0.963	0.1967
LOC115932905	NC_073240.2	LOC129526400	NC_073238.2	0.785	0.97	0.977	0.3566
LOC115932905	NC_073240.2	LOC129526551	NC_073239.2	0.785	0.967	0.968	0.3493
LOC115932905	NC_073240.2	LOC134757039	NC_073238.2	0.785	0.97	0.977	0.466
LOC115933152	NC_073236.2	TEX14	NC_073228.2	0.785	0.981	0.96	0.2266
LOC115935319	NC_073230.2	SNRPG	NC_073236.2	0.785	0.988	0.921	0.2767
ATP5F1E	NC_073245.2	LOC109029312	NC_073238.2	0.784	0.966	0.954	0.35
FRG2C	NC_086017.1	LOC115932837	NC_073246.2	0.784	0.968	0.967	0.1868
FRG2C	NC_086017.1	LOC129530558	NC_086018.1	0.784	0.968	0.967	0.1868
KMT5A	NC_073234.2	LOC129529286	NC_073246.2	0.784	0.989	0.919	0.2587
LOC101127524	NC_073233.2	LOC134759057	NC_073231.2	0.784	0.956	0.945	0.2282
LOC101137457	NC_073229.2	RPL29	NC_086017.1	0.784	0.923	0.896	0.112
LOC101148853	NC_073235.2	TUBA8	NC_086018.1	0.784	0.833	0.806	0.0336
LOC109027176	NC_073229.2	LOC115934314	NC_073227.2	0.784	0.932	0.909	0.1029
LOC129529189	NC_073245.2	PPIA	NC_073230.2	0.784	0.932	0.924	0.0788
LOC129529646	NC_086018.1	TPTE2	NC_073238.2	0.784	0.965	0.94	0.1722
HPS1	NC_073232.2	LOC101149521	NC_086018.1	0.783	0.944	0.929	0.0504
LOC101124818	NC_073227.2	TXN	NC_073237.2	0.783	0.966	0.949	0.1353
LOC101125134	NC_073224.2	LOC109024886	NC_073229.2	0.783	0.89	0.893	0.034
LOC115935618	NC_073231.2	SOCS6	NC_073241.2	0.783	0.996	0.993	0.7604
LOC129529646	NC_086018.1	LOC129530492	NC_073246.2	0.783	0.989	0.916	0.4849
LOC101152412	NC_073246.2	TMEM42	NC_086017.1	0.782	0.918	0.918	0.1336
LOC109027176	NC_073229.2	MYL12B	NC_073241.2	0.782	0.94	0.903	0.0865
LOC109028113	NC_073231.2	LOC129525664	NC_073224.2	0.782	0.995	0.995	0.1465
LOC115930181	NC_073234.2	LOC115935586	NC_073231.2	0.782	0.972	0.974	0.188
AP3S1	NC_073228.2	LOC115931023	NC_073242.2	0.781	0.989	0.982	0.4561
LOC101127555	NC_073233.2	LOC129526222	NC_073238.2	0.781	0.867	0.862	0.0667
LOC101139366	NC_073236.2	PPIAL4H	NC_073224.2	0.781	0.881	0.879	0.0837
LOC101140340	NC_086017.1	LOC129526222	NC_073238.2	0.781	0.88	0.877	0.0376
LOC101144515	NC_073233.2	LOC129526222	NC_073238.2	0.781	0.88	0.88	0.0494
LOC101151494	NC_073233.2	LOC129526222	NC_073238.2	0.781	0.886	0.879	0.0545
LOC101152412	NC_073246.2	LOC129526222	NC_073238.2	0.781	0.897	0.889	0.0828
LOC101153588	NC_073228.2	LOC129526222	NC_073238.2	0.781	0.886	0.877	0.0534
LOC101154144	NC_073235.2	LOC129526222	NC_073238.2	0.781	0.861	0.86	0.0692
LOC101154368	NC_073224.2	LOC129526222	NC_073238.2	0.781	0.864	0.86	0.0377
LOC115933479	NC_073233.2	LOC129526222	NC_073238.2	0.781	0.891	0.887	0.0574
LOC129523819	NC_073230.2	LOC129526909	NC_073239.2	0.781	0.997	0.997	0.4673
LOC129526222	NC_073238.2	PPIA	NC_073230.2	0.781	0.899	0.894	0.0599
LOC129526222	NC_073238.2	TMEM42	NC_086017.1	0.781	0.883	0.873	0.0342
LOC101138009	NC_073232.2	LOC101143299	NC_073234.2	0.78	0.952	0.919	0.2643
LOC109028877	NC_073233.2	LOC129526772	NC_073239.2	0.78	0.917	0.864	0.0727
CCND1	NC_073233.2	LOC101144860	NC_073231.2	0.779	0.995	0.995	0.4
LOC101136504	NC_073244.2	ZNF722	NC_073230.2	0.779	0.82	0.798	0.0518
LOC101124938	NC_073242.2	LOC134758274	NC_073227.2	0.778	0.938	0.91	0.1159
LOC109024093	NC_073244.2	RPL39	NC_073247.2	0.778	0.923	0.913	0.2393
LOC101125304	NC_073242.2	MT1HL1	NC_073224.2	0.777	0.862	0.848	0.0861
LOC101131421	NC_073235.2	LOC101137471	NC_073230.2	0.777	0.908	0.912	0.0769
LOC101135203	NC_073240.2	LOC129526137	NC_073238.2	0.777	0.99	0.963	0.2056
LOC129526222	NC_073238.2	PPIAL4H	NC_073224.2	0.777	0.869	0.862	0.0486
LOC101123774	NC_073224.2	LOC101152815	NC_073233.2	0.776	0.954	0.949	0.3066
LOC101127555	NC_073233.2	TMEM42	NC_086017.1	0.776	0.896	0.904	0.1053
LOC101133427	NC_073230.2	RPL36A	NC_073247.2	0.776	0.962	0.877	0.2708
LOC129528440	NC_073241.2	LOC129530464	NC_073238.2	0.776	0.985	0.981	0.2707
LOC129528440	NC_073241.2	LOC129530486	NC_073246.2	0.776	0.988	0.98	0.3511
LOC129528440	NC_073241.2	LOC129530565	NC_073246.2	0.776	0.989	0.979	0.3571
LOC101125084	NC_073244.2	LOC101131421	NC_073235.2	0.775	0.9	0.9	0.087
LOC101129492	NC_073234.2	LOC101152273	NC_073244.2	0.775	0.872	0.883	0.0388
LOC101129492	NC_073234.2	LOC109026425	NC_086017.1	0.775	0.874	0.885	0.0606
LOC115930119	NC_073229.2	LOC129532956	NC_073227.2	0.775	0.988	0.989	0.6458
LOC115933187	NC_073245.2	LOC129532896	NC_073247.2	0.775	0.977	0.963	0.3805
HMGA1	NC_073229.2	LOC109024698	NC_073247.2	0.774	0.952	0.951	0.0754
LOC101124938	NC_073242.2	MT1HL1	NC_073224.2	0.774	0.877	0.875	0.0805
LOC115933728	NC_073235.2	TUBA8	NC_086018.1	0.774	0.828	0.796	0.0335
LOC129524570	NC_073237.2	LOC134757039	NC_073238.2	0.774	0.979	0.98	0.134
TUBA3E	NC_073235.2	TUBA8	NC_086018.1	0.774	0.828	0.795	0.0333
ACTA1	NC_073224.2	LOC101150071	NC_073240.2	0.773	0.854	0.806	0.0441
GNG5	NC_073224.2	LOC109027862	NC_073230.2	0.773	0.997	0.99	0.8021
LOC101123774	NC_073224.2	LOC101129492	NC_073234.2	0.773	0.874	0.879	0.0581
LOC101128182	NC_073231.2	ZNF705A	NC_073234.2	0.773	0.967	0.927	0.1574
LOC101129492	NC_073234.2	LOC101129567	NC_073246.2	0.773	0.891	0.9	0.0686
LOC101133298	NC_073230.2	LOC109027238	NC_073229.2	0.773	0.902	0.916	0.0787
LOC101154144	NC_073235.2	TMEM42	NC_086017.1	0.773	0.898	0.899	0.0885
LOC115933187	NC_073245.2	LOC134758032	NC_073224.2	0.773	0.993	0.989	0.3421
LOC129523739	NC_073230.2	LOC129527430	NC_073242.2	0.773	0.988	0.896	0.5261
LOC129523993	NC_073224.2	LOC129527430	NC_073242.2	0.773	0.994	0.914	0.5249
LOC129524489	NC_073237.2	LOC134757181	NC_073239.2	0.773	0.949	0.901	0.1847
LOC129527430	NC_073242.2	LOC129528382	NC_073241.2	0.773	0.994	0.914	0.5249
LOC129527430	NC_073242.2	LOC129532626	NC_086017.1	0.773	0.991	0.898	0.5359
LOC129530539	NC_073235.2	LOC134758032	NC_073224.2	0.773	0.996	0.995	0.6844
LOC129533142	NC_073227.2	LOC134758032	NC_073224.2	0.773	0.997	0.996	0.7077
FTH1	NC_073233.2	LOC115931247	NC_073243.2	0.772	0.991	0.987	0.5
LOC101123774	NC_073224.2	LOC129526900	NC_073240.2	0.772	0.956	0.945	0.2025
LOC101135138	NC_073234.2	LOC129529189	NC_073245.2	0.772	0.913	0.913	0.0502
LOC101136779	NC_073247.2	LOC129528333	NC_073224.2	0.772	0.97	0.967	0.2988
LOC129525554	NC_073233.2	LOC129526909	NC_073239.2	0.772	0.995	0.995	0.3558
LOC129533214	NC_073227.2	LOC134758995	NC_073231.2	0.772	0.976	0.97	0.3957
LOC129533215	NC_073227.2	LOC134758995	NC_073231.2	0.772	0.976	0.97	0.3971
LOC129533223	NC_073227.2	LOC134758989	NC_073231.2	0.772	0.976	0.97	0.3346
TUBB2A	NC_073229.2	TUBB4A	NC_073244.2	0.772	0.906	0.863	0.1197
GGT1	NC_086018.1	GGTLC1	NC_073245.2	0.771	0.97	0.945	0.1313
LOC101127524	NC_073233.2	LOC129524399	NC_073227.2	0.771	0.953	0.94	0.1934
LOC101127524	NC_073233.2	LOC129524400	NC_073227.2	0.771	0.952	0.939	0.2067
LOC101127524	NC_073233.2	LOC129533206	NC_073227.2	0.771	0.953	0.94	0.1738
LOC101127524	NC_073233.2	LOC129533209	NC_073227.2	0.771	0.953	0.94	0.2146
LOC101127524	NC_073233.2	LOC129533212	NC_073227.2	0.771	0.953	0.94	0.1718
LOC101127524	NC_073233.2	LOC129533214	NC_073227.2	0.771	0.953	0.94	0.1715
LOC101127524	NC_073233.2	LOC129533215	NC_073227.2	0.771	0.953	0.94	0.1722
LOC101127524	NC_073233.2	LOC129533217	NC_073227.2	0.771	0.953	0.94	0.2022
LOC101127524	NC_073233.2	LOC129533219	NC_073227.2	0.771	0.952	0.939	0.187
LOC101127524	NC_073233.2	LOC129533220	NC_073227.2	0.771	0.953	0.94	0.2122
LOC101127524	NC_073233.2	LOC129533221	NC_073227.2	0.771	0.953	0.94	0.1718
LOC101127524	NC_073233.2	LOC129533222	NC_073227.2	0.771	0.953	0.94	0.1709
LOC101127524	NC_073233.2	LOC129533224	NC_073227.2	0.771	0.953	0.94	0.2117
LOC101127524	NC_073233.2	LOC129533225	NC_073227.2	0.771	0.953	0.94	0.2117
LOC101139366	NC_073236.2	LOC129526222	NC_073238.2	0.771	0.862	0.858	0.0363
LOC109026315	NC_073224.2	POU5F1	NC_073229.2	0.771	0.965	0.966	0.342
LOC115933239	NC_073236.2	LOC129532956	NC_073227.2	0.771	0.995	0.988	0.5483
LOC115933239	NC_073236.2	LOC134757295	NC_073240.2	0.771	0.998	0.981	0.393
FRG1	NC_073227.2	LOC101142904	NC_073246.2	0.77	0.94	0.86	0.1776
LOC101130619	NC_073243.2	LOC101136280	NC_073230.2	0.77	0.941	0.951	0.2817
LOC129523959	NC_073224.2	LOC129532627	NC_086017.1	0.77	0.999	0.952	0.3978
LOC129533221	NC_073227.2	LOC134758995	NC_073231.2	0.77	0.976	0.971	0.3964
LOC134756942	NC_073237.2	LOC134757181	NC_073239.2	0.77	0.949	0.942	0.2132
PGK1	NC_073247.2	PGK2	NC_073229.2	0.77	0.848	0.811	0.0348
DOC2B	NC_073243.2	LOC115930119	NC_073229.2	0.769	0.981	0.961	0.1778
LOC101125723	NC_086018.1	LOC129526400	NC_073238.2	0.769	0.969	0.969	0.2977
LOC115933961	NC_086017.1	LOC134757181	NC_073239.2	0.769	0.947	0.92	0.1247
LOC129525174	NC_073232.2	LOC134757295	NC_073240.2	0.769	0.989	0.951	0.4358
LOC129533206	NC_073227.2	LOC134758995	NC_073231.2	0.769	0.976	0.971	0.4007
LOC129533212	NC_073227.2	LOC134758995	NC_073231.2	0.769	0.976	0.971	0.3964
LOC129533222	NC_073227.2	LOC134758995	NC_073231.2	0.769	0.976	0.971	0.3943
KRT8	NC_073234.2	LOC101132703	NC_073237.2	0.768	0.927	0.916	0.1377
LOC101124919	NC_073239.2	RPS19	NC_073244.2	0.768	0.948	0.921	0.117
LOC101130706	NC_073235.2	LOC129525611	NC_073233.2	0.768	0.949	0.95	0.2348
LOC101135138	NC_073234.2	LOC101140340	NC_086017.1	0.768	0.915	0.915	0.094
LOC101135138	NC_073234.2	LOC101153588	NC_073228.2	0.768	0.918	0.922	0.12
LOC101135138	NC_073234.2	LOC115933479	NC_073233.2	0.768	0.93	0.931	0.1636
LOC101135138	NC_073234.2	PPIA	NC_073230.2	0.768	0.934	0.934	0.1572
LOC101153289	NC_073232.2	LOC101153588	NC_073228.2	0.768	0.924	0.928	0.0677
LOC109028351	NC_073237.2	LOC129529333	NC_073246.2	0.768	0.975	0.975	0.2966
LOC115931421	NC_073241.2	LOC129524028	NC_073231.2	0.768	0.991	0.99	0.607
LOC115931421	NC_073241.2	LOC129534553	NC_073229.2	0.768	0.994	0.995	0.6814
LOC129532776	NC_086017.1	LOC134757181	NC_073239.2	0.768	0.945	0.94	0.1731
GNG5	NC_073224.2	GNG5B	NC_073247.2	0.767	0.961	0.95	0.303
LOC101153430	NC_073228.2	TUBB8	NC_073232.2	0.767	0.923	0.911	0.0635
LOC129523454	NC_073224.2	TUBB8	NC_073232.2	0.767	0.919	0.903	0.0723
LOC129528447	NC_073241.2	LOC129530391	NC_073248.2	0.767	0.99	0.979	0.5649
LOC101130619	NC_073243.2	LOC101144131	NC_073247.2	0.766	0.962	0.963	0.1472
LOC115933239	NC_073236.2	LOC129525554	NC_073233.2	0.766	0.995	0.982	0.4568
LOC129525066	NC_086017.1	LOC129525554	NC_073233.2	0.766	0.993	0.978	0.5109
LOC129528440	NC_073241.2	LOC129529647	NC_086018.1	0.766	0.985	0.971	0.3218
LOC101138009	NC_073232.2	LOC101144988	NC_073247.2	0.765	0.946	0.936	0.0463
LOC101138009	NC_073232.2	RPS26	NC_073234.2	0.765	0.957	0.907	0.2222
LOC101139117	NC_073233.2	LOC134757181	NC_073239.2	0.765	0.87	0.868	0.032
LOC101153278	NC_073224.2	LOC109027288	NC_073229.2	0.765	0.934	0.928	0.1189
LOC129525065	NC_073232.2	LOC134758127	NC_086017.1	0.765	0.98	0.981	0.0624
FAM133B	NC_073230.2	LOC115935794	NC_073237.2	0.764	0.99	0.958	0.2236
HNRNPA1	NC_073234.2	LOC101144033	NC_073233.2	0.764	0.939	0.934	0.0589
LOC101127500	NC_073241.2	LOC109027176	NC_073229.2	0.764	0.92	0.849	0.0866
LOC101140029	NC_073244.2	LOC129529164	NC_073224.2	0.764	0.851	0.809	0.0339
LOC129524664	NC_073237.2	LOC129528440	NC_073241.2	0.764	0.989	0.972	0.2937
LOC129526379	NC_073238.2	LOC129528440	NC_073241.2	0.764	0.991	0.97	0.3947
LOC129528440	NC_073241.2	LOC129530543	NC_073236.2	0.764	0.991	0.972	0.3934
LOC129528440	NC_073241.2	LOC134757055	NC_073238.2	0.764	0.996	0.993	0.4352
LOC129528467	NC_073241.2	LOC129529380	NC_073238.2	0.764	0.989	0.928	0.4414
KIAA2013	NC_073224.2	LOC101126513	NC_073242.2	0.763	0.984	0.971	0.3102
LOC129524470	NC_073237.2	LOC129528467	NC_073241.2	0.763	0.99	0.984	0.6992
DOC2B	NC_073243.2	LOC115933239	NC_073236.2	0.762	0.983	0.964	0.1432
LOC101148457	NC_086018.1	LOC109028162	NC_073224.2	0.762	0.966	0.949	0.0603
LOC129534177	NC_073229.2	LOC134758127	NC_086017.1	0.762	0.996	0.993	0.6815
LOC134757481	NC_073242.2	LOC134758127	NC_086017.1	0.762	0.988	0.986	0.1873
KMT2C	NC_073230.2	LOC129528467	NC_073241.2	0.761	0.979	0.975	0.053
LOC101124778	NC_073224.2	ZNF722	NC_073230.2	0.76	0.78	0.757	0.0369
LOC101127524	NC_073233.2	LOC129524346	NC_073231.2	0.76	0.964	0.951	0.2606
LOC101127524	NC_073233.2	LOC129524350	NC_073231.2	0.76	0.961	0.948	0.2465
LOC101127524	NC_073233.2	LOC129524351	NC_073231.2	0.76	0.961	0.948	0.2476
LOC101127524	NC_073233.2	LOC134758981	NC_073231.2	0.76	0.965	0.952	0.2473
LOC101127524	NC_073233.2	LOC134758993	NC_073231.2	0.76	0.963	0.95	0.2517
LOC101127524	NC_073233.2	LOC134759008	NC_073231.2	0.76	0.961	0.948	0.2465
LOC101127524	NC_073233.2	LOC134759009	NC_073231.2	0.76	0.959	0.947	0.2333
LOC101127524	NC_073233.2	LOC134759010	NC_073231.2	0.76	0.962	0.949	0.25
LOC101142904	NC_073246.2	LOC129524675	NC_073237.2	0.76	0.906	0.871	0.1292
LOC115930181	NC_073234.2	LOC115933483	NC_073233.2	0.76	0.966	0.967	0.1696
LOC129525227	NC_073233.2	RPLP0	NC_073234.2	0.76	0.941	0.94	0.1376
LOC129525416	NC_073233.2	MORN5	NC_073237.2	0.76	0.989	0.89	0.4612
LOC129531752	NC_073236.2	MORN5	NC_073237.2	0.76	0.987	0.888	0.4587
LOC129532807	NC_073227.2	MORN5	NC_073237.2	0.76	0.989	0.89	0.4612
LOC134756371	NC_073227.2	MORN5	NC_073237.2	0.76	0.987	0.888	0.4612
LOC101124572	NC_073242.2	MT1HL1	NC_073224.2	0.759	0.839	0.821	0.0538
LOC101132703	NC_073237.2	LOC101132977	NC_073224.2	0.759	0.904	0.897	0.1248
LOC101139294	NC_073228.2	LOC101152412	NC_073246.2	0.759	0.921	0.924	0.122
LOC101146129	NC_086017.1	LOC115932158	NC_073247.2	0.759	0.903	0.912	0.084
LOC101146129	NC_086017.1	LOC129524120	NC_073231.2	0.759	0.884	0.9	0.0476
LOC129529164	NC_073224.2	LOC129532266	NC_086017.1	0.759	0.883	0.865	0.0806
ACTA1	NC_073224.2	ACTB	NC_073230.2	0.758	0.853	0.809	0.032
DOC2B	NC_073243.2	LOC129526565	NC_073241.2	0.758	0.98	0.972	0.1092
LOC101129469	NC_073237.2	LOC115933483	NC_073233.2	0.758	0.951	0.939	0.0616
LOC129523739	NC_073230.2	LOC129528750	NC_073244.2	0.758	0.989	0.887	0.5498
LOC129523993	NC_073224.2	LOC129528750	NC_073244.2	0.758	0.989	0.895	0.487
LOC129524397	NC_073231.2	LOC129524399	NC_073227.2	0.758	0.98	0.98	0.3242
LOC129524397	NC_073231.2	LOC129524400	NC_073227.2	0.758	0.979	0.979	0.3503
LOC129524397	NC_073231.2	LOC129533206	NC_073227.2	0.758	0.98	0.98	0.2903
LOC129524397	NC_073231.2	LOC129533209	NC_073227.2	0.758	0.98	0.98	0.3608
LOC129524397	NC_073231.2	LOC129533212	NC_073227.2	0.758	0.98	0.98	0.2871
LOC129524397	NC_073231.2	LOC129533214	NC_073227.2	0.758	0.98	0.98	0.2865
LOC129524397	NC_073231.2	LOC129533215	NC_073227.2	0.758	0.98	0.98	0.2876
LOC129524397	NC_073231.2	LOC129533217	NC_073227.2	0.758	0.98	0.98	0.3392
LOC129524397	NC_073231.2	LOC129533219	NC_073227.2	0.758	0.979	0.979	0.3159
LOC129524397	NC_073231.2	LOC129533220	NC_073227.2	0.758	0.98	0.98	0.3566
LOC129524397	NC_073231.2	LOC129533221	NC_073227.2	0.758	0.98	0.98	0.2871
LOC129524397	NC_073231.2	LOC129533222	NC_073227.2	0.758	0.98	0.98	0.2854
LOC129524397	NC_073231.2	LOC129533224	NC_073227.2	0.758	0.98	0.98	0.3558
LOC129524397	NC_073231.2	LOC129533225	NC_073227.2	0.758	0.98	0.98	0.3558
LOC129526565	NC_073241.2	LOC129532956	NC_073227.2	0.758	0.98	0.984	0.3869
LOC129526565	NC_073241.2	LOC134757295	NC_073240.2	0.758	0.985	0.978	0.2586
LOC129528382	NC_073241.2	LOC129528750	NC_073244.2	0.758	0.989	0.895	0.487
LOC129528750	NC_073244.2	LOC129532626	NC_086017.1	0.758	0.989	0.887	0.5234
TMA7	NC_086017.1	TMA7B	NC_086018.1	0.758	0.961	0.957	0.1847
LOC101154368	NC_073224.2	LOC115933479	NC_073233.2	0.757	0.903	0.912	0.1752
LOC129528187	NC_073238.2	LOC129528447	NC_073241.2	0.757	0.99	0.98	0.5235
LOC129534503	NC_073229.2	RPS5	NC_073244.2	0.757	0.952	0.938	0.1433
LOC101124778	NC_073224.2	LOC101136504	NC_073244.2	0.756	0.774	0.748	0.0368
LOC101133011	NC_073239.2	LOC101147806	NC_073227.2	0.756	0.836	0.851	0.0571
LOC101138541	NC_073235.2	LOC101143155	NC_073232.2	0.756	0.955	0.952	0.2258
LOC101139294	NC_073228.2	LOC129526222	NC_073238.2	0.756	0.876	0.877	0.0465
LOC109025589	NC_073236.2	LOC129524434	NC_073237.2	0.756	0.968	0.912	0.2988
CDK2AP2	NC_073233.2	LOC109028351	NC_073237.2	0.755	0.881	0.887	0.0506
LOC115933339	NC_073228.2	LOC115933773	NC_073235.2	0.755	0.879	0.861	0.0609
LOC129525654	NC_073234.2	RPL7	NC_073231.2	0.755	0.918	0.9	0.0464
LOC129530539	NC_073235.2	LOC129532896	NC_073247.2	0.755	0.995	0.968	0.7672
GGT1	NC_086018.1	LOC129528175	NC_073241.2	0.754	0.961	0.964	0.1014
LOC115933423	NC_073238.2	LOC129527066	NC_073240.2	0.754	0.99	0.983	0.2846
CCDC59	NC_073234.2	LOC101127867	NC_073229.2	0.753	0.951	0.952	0.1633
LOC101123985	NC_073244.2	RPL10	NC_073247.2	0.753	0.987	0.959	0.3512
LOC101127632	NC_073229.2	LOC101152433	NC_073232.2	0.753	0.91	0.912	0.0601
LOC101131725	NC_073237.2	LOC109025001	NC_073242.2	0.753	0.929	0.911	0.1293
LOC101147225	NC_073237.2	LOC109025001	NC_073242.2	0.753	0.9	0.899	0.093
LOC101154368	NC_073224.2	PPIA	NC_073230.2	0.753	0.909	0.919	0.2189
LOC109025001	NC_073242.2	LOC115931637	NC_073244.2	0.753	0.921	0.894	0.0922
LOC109025001	NC_073242.2	LOC129530591	NC_073241.2	0.753	0.9	0.899	0.093
LOC109025001	NC_073242.2	LOC134757034	NC_073238.2	0.753	0.904	0.902	0.1016
LOC129527796	NC_073242.2	LOC129530539	NC_073235.2	0.752	0.986	0.958	0.7222
LOC129528447	NC_073241.2	LOC134757319	NC_073240.2	0.752	0.99	0.98	0.5132
LOC129532896	NC_073247.2	LOC129533142	NC_073227.2	0.752	0.996	0.969	0.7962
LOC101137457	NC_073229.2	LOC109023896	NC_073243.2	0.751	0.92	0.915	0.1484
LOC101146685	NC_073224.2	LOC115931023	NC_073242.2	0.751	0.962	0.957	0.1706
LOC129524653	NC_073237.2	LOC129530486	NC_073246.2	0.751	0.985	0.986	0.4444
LOC129524653	NC_073237.2	LOC129530565	NC_073246.2	0.751	0.986	0.986	0.4529
LOC129528455	NC_073241.2	LOC129530486	NC_073246.2	0.751	0.986	0.983	0.4682
LOC129528455	NC_073241.2	LOC129530565	NC_073246.2	0.751	0.987	0.984	0.4767
LOC129532980	NC_073240.2	MORN5	NC_073237.2	0.751	0.987	0.887	0.4558
LOC101124387	NC_073224.2	LOC101135138	NC_073234.2	0.75	0.887	0.887	0.0509
LOC101129839	NC_073233.2	LOC101140424	NC_073232.2	0.75	0.929	0.928	0.0751
LOC101152273	NC_073244.2	LOC101152815	NC_073233.2	0.75	0.954	0.958	0.1797
LOC129530391	NC_073248.2	TPTE2	NC_073238.2	0.75	0.964	0.935	0.1658
LOC134758573	NC_073224.2	MINDY2	NC_073240.2	0.75	0.998	0.989	0.0381
ACER2	NC_073237.2	LOC101139980	NC_073235.2	0.749	0.972	0.972	0.0862
IFITM1	NC_073233.2	LOC101152182	NC_073231.2	0.749	0.843	0.832	0.0361
LOC101129940	NC_073224.2	LOC101134027	NC_073227.2	0.749	0.991	0.978	0.3333
LOC109024909	NC_073224.2	SENP1	NC_073234.2	0.749	0.993	0.973	0.4412
LOC115932777	NC_073224.2	LOC129526222	NC_073238.2	0.749	0.87	0.862	0.0484
LOC115933187	NC_073245.2	LOC129533142	NC_073227.2	0.749	0.985	0.955	0.3561
LOC129523572	NC_073240.2	LOC129530391	NC_073248.2	0.749	0.965	0.955	0.2145
DOC2B	NC_073243.2	LOC129532956	NC_073227.2	0.748	0.98	0.925	0.1708
FUNDC2	NC_073247.2	LOC101132182	NC_073243.2	0.748	0.974	0.973	0.395
LOC101153588	NC_073228.2	LOC101154368	NC_073224.2	0.748	0.892	0.906	0.1292
LOC109023582	NC_073242.2	LOC109024112	NC_073224.2	0.748	0.888	0.844	0.0323
LOC129524667	NC_073237.2	LOC129528463	NC_073241.2	0.748	0.995	0.961	0.3285
LOC129527796	NC_073242.2	LOC129533142	NC_073227.2	0.748	0.993	0.964	0.7352
LOC129528463	NC_073241.2	LOC129530569	NC_073246.2	0.748	0.984	0.91	0.3371
LOC101138853	NC_073231.2	NREP	NC_073228.2	0.747	0.974	0.897	0.0874
LOC115933187	NC_073245.2	LOC129524260	NC_073236.2	0.747	0.986	0.955	0.3688
LOC129529164	NC_073224.2	RPL39	NC_073247.2	0.747	0.904	0.865	0.0917
LOC129529164	NC_073224.2	RPL39L	NC_086017.1	0.747	0.904	0.869	0.0446
KIF4A	NC_073247.2	KIF4B	NC_073228.2	0.746	0.957	0.946	0.3049
LOC101131674	NC_073242.2	TUBB2A	NC_073229.2	0.746	0.887	0.856	0.0575
LOC101146129	NC_086017.1	LOC109023149	NC_073239.2	0.746	0.889	0.901	0.0583
LOC115933339	NC_073228.2	YWHAE	NC_073243.2	0.746	0.905	0.896	0.0312
LOC129528196	NC_073241.2	LOC129529380	NC_073238.2	0.746	0.992	0.9	0.234
LOC129528463	NC_073241.2	LOC129529382	NC_073246.2	0.746	0.986	0.91	0.3297
LOC101126985	NC_073242.2	LOC134758274	NC_073227.2	0.745	0.893	0.898	0.1325
LOC101153405	NC_073224.2	LOC109028360	NC_073237.2	0.745	0.918	0.881	0.1126
LOC109025290	NC_073228.2	LOC129529164	NC_073224.2	0.745	0.916	0.917	0.1029
LOC115935789	NC_073237.2	NPAP1L	NC_073242.2	0.745	0.947	0.921	0.3293
LOC129523739	NC_073230.2	LOC129532980	NC_073240.2	0.745	0.991	0.878	0.5714
LOC129523993	NC_073224.2	LOC129532980	NC_073240.2	0.745	0.997	0.896	0.5899
LOC129526471	NC_073236.2	LOC129529385	NC_073246.2	0.745	0.991	0.99	0.2938
LOC129528196	NC_073241.2	LOC129530470	NC_073246.2	0.745	0.992	0.905	0.3882
LOC129528382	NC_073241.2	LOC129532980	NC_073240.2	0.745	0.997	0.896	0.5899
LOC129532626	NC_086017.1	LOC129532980	NC_073240.2	0.745	0.994	0.88	0.5817
LOC129533792	NC_073228.2	USP6	NC_073243.2	0.745	0.872	0.873	0.0332
LOC101131917	NC_073227.2	MT1HL1	NC_073224.2	0.744	0.828	0.83	0.0625
LOC101137311	NC_073240.2	LOC129527240	NC_073238.2	0.744	0.999	0.981	0.4939
LOC115931078	NC_073242.2	LOC115935789	NC_073237.2	0.744	0.943	0.919	0.3101
LOC115931082	NC_073242.2	LOC115935789	NC_073237.2	0.744	0.944	0.919	0.3157
LOC115931087	NC_073242.2	LOC115935789	NC_073237.2	0.744	0.944	0.919	0.3162
LOC129524470	NC_073237.2	LOC129528441	NC_073241.2	0.744	0.992	0.933	0.4855
LOC129533142	NC_073227.2	SH3KBP1	NC_073247.2	0.744	0.992	0.982	0.3841
HIGD1A	NC_086017.1	LOC101152317	NC_073224.2	0.743	0.964	0.964	0.2474
LOC101123985	NC_073244.2	RPL10L	NC_073239.2	0.743	0.882	0.85	0.0407
LOC101125081	NC_073229.2	TUBB4B	NC_073237.2	0.743	0.865	0.84	0.0614
LOC101126684	NC_073232.2	RPL21	NC_073238.2	0.743	0.974	0.903	0.2338
LOC129523934	NC_073230.2	LOC129528141	NC_073231.2	0.743	0.995	0.941	0.3634
LOC129526580	NC_073242.2	LOC129528141	NC_073231.2	0.743	0.996	0.941	0.3007
LOC129533206	NC_073227.2	LOC134758989	NC_073231.2	0.743	0.977	0.977	0.318
LOC129533206	NC_073227.2	LOC134758990	NC_073231.2	0.743	0.977	0.977	0.3268
LOC129523993	NC_073224.2	LOC129525067	NC_073232.2	0.742	0.98	0.933	0.1856
LOC129524260	NC_073236.2	LOC129530539	NC_073235.2	0.742	0.993	0.99	0.7474
LOC129524470	NC_073237.2	LOC129529385	NC_073246.2	0.742	0.995	0.991	0.5874
LOC129525067	NC_073232.2	LOC129528382	NC_073241.2	0.742	0.98	0.933	0.1856
LOC129530539	NC_073235.2	LOC129533142	NC_073227.2	0.742	0.996	0.997	0.8732
HIKESHI	NC_073233.2	LOC115932917	NC_073244.2	0.741	0.983	0.977	0.3041
LOC101137478	NC_086018.1	LOC101153405	NC_073224.2	0.741	0.922	0.881	0.063
LOC101146120	NC_073236.2	LOC101153405	NC_073224.2	0.741	0.927	0.884	0.0763
LOC101151037	NC_073234.2	LOC101153405	NC_073224.2	0.741	0.917	0.874	0.065
LOC101151121	NC_073232.2	LOC101153405	NC_073224.2	0.741	0.92	0.876	0.0754
LOC101153405	NC_073224.2	LOC115931577	NC_073244.2	0.741	0.922	0.878	0.0698
LOC101153405	NC_073224.2	LOC129534058	NC_073229.2	0.741	0.931	0.884	0.1025
LOC115931421	NC_073241.2	LOC129525641	NC_073234.2	0.741	0.995	0.995	0.2378
LOC115933187	NC_073245.2	LOC129530539	NC_073235.2	0.741	0.989	0.952	0.3603
LOC129530539	NC_073235.2	SH3KBP1	NC_073247.2	0.741	0.994	0.983	0.3822
LOC101123893	NC_073247.2	LOC101147806	NC_073227.2	0.74	0.828	0.835	0.0374
LOC101126577	NC_073233.2	LOC101153405	NC_073224.2	0.74	0.926	0.9	0.0882
LOC109027802	NC_073232.2	LOC129534780	NC_073230.2	0.74	0.971	0.882	0.2153
LOC129523572	NC_073240.2	LOC129528187	NC_073238.2	0.74	0.965	0.953	0.2078
LOC129523959	NC_073224.2	LOC129532895	NC_073227.2	0.74	0.991	0.932	0.4308
LOC129524833	NC_073239.2	LOC129532895	NC_073227.2	0.74	0.99	0.939	0.4239
LOC129528196	NC_073241.2	LOC129530544	NC_073236.2	0.74	0.997	0.912	0.2745
ACOT7	NC_073224.2	LOC101140727	NC_073227.2	0.739	0.92	0.91	0.0563
LOC115933091	NC_073233.2	LOC129525066	NC_086017.1	0.739	0.99	0.976	0.3121
LOC129525065	NC_073232.2	LOC134758128	NC_086017.1	0.739	0.986	0.983	0.0588
LOC129528719	NC_073244.2	LOC129532895	NC_073227.2	0.739	0.99	0.946	0.2603
LOC134757481	NC_073242.2	LOC134758128	NC_086017.1	0.739	0.989	0.987	0.1651
LOC109027802	NC_073232.2	LOC129523684	NC_073230.2	0.738	0.964	0.924	0.1421
LOC109027802	NC_073232.2	LOC129523855	NC_073230.2	0.738	0.973	0.952	0.0694
LOC109027802	NC_073232.2	LOC129527979	NC_073243.2	0.738	0.976	0.914	0.1526
LOC109027802	NC_073232.2	LOC129533402	NC_073228.2	0.738	0.982	0.976	0.275
LOC109028113	NC_073231.2	PSMA5	NC_073224.2	0.738	0.997	0.979	0.0797
LOC129526957	NC_073236.2	LOC129528228	NC_073241.2	0.738	0.991	0.886	0.076
LOC129526957	NC_073236.2	LOC129530304	NC_073248.2	0.738	0.985	0.882	0.0712
LOC129528228	NC_073241.2	LOC134757216	NC_073240.2	0.738	0.988	0.842	0.0721
LOC129530304	NC_073248.2	LOC134757216	NC_073240.2	0.738	0.981	0.836	0.0673
LOC129532895	NC_073227.2	LOC134759270	NC_073232.2	0.738	0.99	0.927	0.3279
KMT2C	NC_073230.2	LOC134756947	NC_073238.2	0.737	0.985	0.982	0.0404
LOC109027802	NC_073232.2	LOC129523553	NC_073227.2	0.737	0.973	0.938	0.0461
LOC115934594	NC_073228.2	RPL35A	NC_086017.1	0.737	0.931	0.913	0.0815
LOC129524600	NC_073237.2	LOC129530498	NC_073246.2	0.737	0.992	0.989	0.1614
LOC129524675	NC_073237.2	LOC129529294	NC_073246.2	0.737	0.992	0.977	0.4504
LOC129526222	NC_073238.2	LOC134758505	NC_073224.2	0.737	0.882	0.882	0.0663
LOC129534177	NC_073229.2	LOC134758128	NC_086017.1	0.737	0.997	0.994	0.6122
LOC101152412	NC_073246.2	LOC134758505	NC_073224.2	0.736	0.91	0.896	0.1313
LOC101152815	NC_073233.2	LOC109026425	NC_086017.1	0.736	0.966	0.966	0.3287
LOC129524653	NC_073237.2	LOC129528440	NC_073241.2	0.736	0.991	0.985	0.3191
LOC129524663	NC_073237.2	LOC129528440	NC_073241.2	0.736	0.991	0.983	0.405
LOC129526385	NC_073238.2	LOC129528228	NC_073241.2	0.736	0.991	0.95	0.0866
LOC129526385	NC_073238.2	LOC129530304	NC_073248.2	0.736	0.985	0.945	0.0807
LOC129526398	NC_073238.2	LOC129528228	NC_073241.2	0.736	0.985	0.973	0.0742
LOC129526398	NC_073238.2	LOC129530304	NC_073248.2	0.736	0.978	0.97	0.0659
LOC129528228	NC_073241.2	LOC134756703	NC_073236.2	0.736	0.988	0.88	0.1223
LOC129530304	NC_073248.2	LOC134756703	NC_073236.2	0.736	0.981	0.871	0.1108
LOC115931078	NC_073242.2	LOC129524434	NC_073237.2	0.735	0.941	0.916	0.3029
LOC115931082	NC_073242.2	LOC129524434	NC_073237.2	0.735	0.942	0.916	0.3088
LOC115931087	NC_073242.2	LOC129524434	NC_073237.2	0.735	0.942	0.916	0.3094
LOC129523739	NC_073230.2	LOC129525416	NC_073233.2	0.735	0.992	0.994	0.5896
LOC129523739	NC_073230.2	LOC129531752	NC_073236.2	0.735	0.991	0.992	0.5952
LOC129523739	NC_073230.2	LOC129532807	NC_073227.2	0.735	0.992	0.994	0.5896
LOC129523739	NC_073230.2	LOC134756371	NC_073227.2	0.735	0.989	0.991	0.5602
LOC129523993	NC_073224.2	LOC129525416	NC_073233.2	0.735	0.998	0.897	0.6372
LOC129523993	NC_073224.2	LOC129531752	NC_073236.2	0.735	0.997	0.895	0.6129
LOC129523993	NC_073224.2	LOC129532807	NC_073227.2	0.735	0.998	0.897	0.6372
LOC129523993	NC_073224.2	LOC134756371	NC_073227.2	0.735	0.995	0.894	0.6
LOC129524434	NC_073237.2	NPAP1L	NC_073242.2	0.735	0.944	0.918	0.3207
LOC129525416	NC_073233.2	LOC129528382	NC_073241.2	0.735	0.998	0.897	0.6372
LOC129525416	NC_073233.2	LOC129532626	NC_086017.1	0.735	0.995	0.996	0.6311
LOC129528382	NC_073241.2	LOC129531752	NC_073236.2	0.735	0.997	0.895	0.6129
LOC129528382	NC_073241.2	LOC129532807	NC_073227.2	0.735	0.998	0.897	0.6372
LOC129528382	NC_073241.2	LOC134756371	NC_073227.2	0.735	0.995	0.894	0.6
LOC129531752	NC_073236.2	LOC129532626	NC_086017.1	0.735	0.994	0.995	0.6058
LOC129532626	NC_086017.1	LOC129532807	NC_073227.2	0.735	0.995	0.996	0.6311
LOC129532626	NC_086017.1	LOC134756371	NC_073227.2	0.735	0.992	0.994	0.5924
HSP90B1	NC_073234.2	LOC101143886	NC_073224.2	0.734	0.943	0.926	0.085
LOC101133298	NC_073230.2	LOC129531477	NC_073236.2	0.734	0.891	0.845	0.0411
LOC115933784	NC_073235.2	PYURF	NC_073227.2	0.734	0.957	0.959	0.0882
CDH18	NC_073243.2	LOC101140640	NC_073229.2	0.733	0.969	0.965	0.1332
LOC115930101	NC_073244.2	LOC115931046	NC_073242.2	0.733	0.966	0.948	0.137
LOC115931421	NC_073241.2	LOC129523934	NC_073230.2	0.733	0.994	0.994	0.5
LOC115936058	NC_073229.2	LOC129524726	NC_073238.2	0.733	0.994	0.994	0.7352
LOC129523934	NC_073230.2	LOC129524028	NC_073231.2	0.733	0.992	0.992	0.3879
LOC129523934	NC_073230.2	LOC129525641	NC_073234.2	0.733	0.996	0.996	0.202
LOC129523934	NC_073230.2	LOC129532895	NC_073227.2	0.733	0.992	0.992	0.7049
LOC129523934	NC_073230.2	LOC129534553	NC_073229.2	0.733	0.992	0.993	0.3846
LOC129528750	NC_073244.2	MORN5	NC_073237.2	0.733	0.993	0.89	0.5196
LOC129533215	NC_073227.2	LOC134758989	NC_073231.2	0.733	0.977	0.977	0.3155
LOC129533215	NC_073227.2	LOC134758990	NC_073231.2	0.733	0.977	0.977	0.3241
LOC101153713	NC_073228.2	UBE2S	NC_073244.2	0.732	0.982	0.885	0.3302
LOC115931247	NC_073243.2	LOC129525611	NC_073233.2	0.732	0.959	0.945	0.2269
LOC115931299	NC_073243.2	LOC129533460	NC_073228.2	0.732	0.987	0.985	0.1158
LOC129524658	NC_073237.2	LOC129528440	NC_073241.2	0.732	0.994	0.984	0.3149
LOC129533212	NC_073227.2	LOC134758989	NC_073231.2	0.732	0.977	0.977	0.315
LOC129533212	NC_073227.2	LOC134758990	NC_073231.2	0.732	0.977	0.977	0.3236
LOC129533221	NC_073227.2	LOC134758989	NC_073231.2	0.732	0.977	0.977	0.315
LOC129533221	NC_073227.2	LOC134758990	NC_073231.2	0.732	0.977	0.977	0.3236
LOC101140340	NC_086017.1	LOC101153289	NC_073232.2	0.731	0.9	0.906	0.0651
LOC101153405	NC_073224.2	RPS2	NC_073242.2	0.731	0.926	0.896	0.0552
LOC129530133	NC_073247.2	SLC35F5	NC_073235.2	0.731	0.992	0.959	0.2819
LOC101125643	NC_073234.2	SET	NC_073237.2	0.73	0.943	0.938	0.0331
LOC101130214	NC_086017.1	LOC101134010	NC_073230.2	0.73	0.969	0.97	0.3696
LOC101147463	NC_073228.2	LOC115931267	NC_073243.2	0.73	0.979	0.982	0.5062
LOC101152913	NC_073231.2	NDUFA5	NC_073230.2	0.73	0.951	0.929	0.0344
LOC101153289	NC_073232.2	LOC115933479	NC_073233.2	0.73	0.932	0.932	0.0931
LOC134756833	NC_073236.2	LOC134757223	NC_073240.2	0.73	0.987	0.988	0.3877
LOC101146844	NC_073242.2	SRM	NC_073224.2	0.729	0.994	0.993	0.6852
LOC101154368	NC_073224.2	LOC129529189	NC_073245.2	0.729	0.897	0.903	0.0537
LOC129530571	NC_073246.2	TPTE2	NC_073238.2	0.729	0.962	0.928	0.1441
LOC101130686	NC_073224.2	LOC109024647	NC_073247.2	0.728	0.934	0.93	0.1373
LOC101131169	NC_073224.2	LOC101148650	NC_073227.2	0.728	0.947	0.932	0.0691
LOC129523819	NC_073230.2	LOC129532712	NC_073232.2	0.728	0.985	0.936	0.1346
LOC129533222	NC_073227.2	LOC134758989	NC_073231.2	0.728	0.977	0.977	0.3135
LOC129533222	NC_073227.2	LOC134758990	NC_073231.2	0.728	0.977	0.977	0.3221
LOC134756931	NC_073237.2	PTEN	NC_073232.2	0.728	0.983	0.984	0.1471
LOC109023582	NC_073242.2	LOC134758274	NC_073227.2	0.727	0.876	0.842	0.0382
LOC129533206	NC_073227.2	LOC134758982	NC_073231.2	0.727	0.976	0.976	0.3092
LOC129533206	NC_073227.2	LOC134758996	NC_073231.2	0.727	0.978	0.978	0.3263
LOC129533214	NC_073227.2	LOC134758989	NC_073231.2	0.727	0.977	0.977	0.3145
LOC129533214	NC_073227.2	LOC134758990	NC_073231.2	0.727	0.977	0.977	0.3231
LOC101151385	NC_073234.2	RPL13A	NC_073244.2	0.726	0.934	0.851	0.1527
LOC115936297	NC_073233.2	SINHCAF	NC_073234.2	0.726	0.99	0.936	0.1684
LOC134757319	NC_073240.2	TPTE2	NC_073238.2	0.726	0.964	0.93	0.1639
IGSF3	NC_073224.2	LOC129528440	NC_073241.2	0.725	0.976	0.953	0.1132
LOC109023382	NC_073240.2	LOC129528949	NC_073244.2	0.725	0.928	0.907	0.0662
LOC129523572	NC_073240.2	LOC129530571	NC_073246.2	0.725	0.964	0.9	0.1991
LOC129528443	NC_073241.2	LOC129530495	NC_073246.2	0.725	0.986	0.948	0.3664
ZNF722	NC_073230.2	ZNF723	NC_073244.2	0.725	0.839	0.832	0.0381
LOC101135138	NC_073234.2	LOC101154368	NC_073224.2	0.724	0.907	0.91	0.1135
LOC101143400	NC_073224.2	LOC101144665	NC_073239.2	0.724	0.909	0.887	0.0387
LOC101146186	NC_073230.2	LOC115933796	NC_073235.2	0.724	0.963	0.961	0.1122
LOC101142376	NC_073244.2	LOC115933227	NC_073227.2	0.723	0.986	0.985	0.1246
LOC101144947	NC_073228.2	TMA7B	NC_086018.1	0.723	0.955	0.946	0.2301
LOC115930101	NC_073244.2	SULT1A2	NC_073242.2	0.723	0.969	0.959	0.2175
LOC129524600	NC_073237.2	LOC129528467	NC_073241.2	0.723	0.994	0.93	0.5036
LOC129526550	NC_073239.2	LOC129528236	NC_073241.2	0.723	0.987	0.953	0.1521
LOC101127907	NC_073233.2	LOC129531710	NC_073236.2	0.722	0.95	0.941	0.1978
LOC101133718	NC_073231.2	LOC101139117	NC_073233.2	0.722	0.874	0.878	0.0325
LOC101135138	NC_073234.2	PPIAL4H	NC_073224.2	0.722	0.908	0.902	0.0701
LOC109024667	NC_073247.2	SHISA5	NC_086017.1	0.722	0.895	0.891	0.0498
LOC115933990	NC_086017.1	TMA7B	NC_086018.1	0.722	0.962	0.942	0.2593
LOC129529646	NC_086018.1	LOC129530571	NC_073246.2	0.722	0.984	0.923	0.3953
KNOP1	NC_073242.2	LOC101127340	NC_073239.2	0.721	0.985	0.983	0.5331
LOC101153289	NC_073232.2	LOC101154368	NC_073224.2	0.721	0.891	0.897	0.0569
LOC115933187	NC_073245.2	LOC129527796	NC_073242.2	0.721	0.989	0.937	0.3669
LOC115935618	NC_073231.2	LOC129523560	NC_073241.2	0.721	0.996	0.994	0.5672
CBX3	NC_073230.2	LOC101140430	NC_073233.2	0.72	0.957	0.95	0.0905
LOC101123958	NC_073239.2	LOC109024647	NC_073247.2	0.72	0.913	0.915	0.1168
LOC101142220	NC_073238.2	LOC109024647	NC_073247.2	0.72	0.936	0.933	0.1457
LOC101148649	NC_073240.2	LOC109024647	NC_073247.2	0.72	0.905	0.906	0.089
LOC101148650	NC_073227.2	LOC134758199	NC_086018.1	0.72	0.926	0.912	0.1048
LOC101154352	NC_073237.2	LOC109024647	NC_073247.2	0.72	0.925	0.922	0.0956
LOC109024647	NC_073247.2	LOC115930187	NC_073234.2	0.72	0.931	0.922	0.1195
LOC109024647	NC_073247.2	LOC129528351	NC_073241.2	0.72	0.931	0.928	0.136
LOC109024647	NC_073247.2	RPSA	NC_086017.1	0.72	0.933	0.93	0.1344
LOC129526395	NC_073238.2	LOC129528236	NC_073241.2	0.72	0.987	0.955	0.0871
HMGN1	NC_073246.2	LOC101127907	NC_073233.2	0.719	0.959	0.957	0.1036
KMT5A	NC_073234.2	LOC129530502	NC_073246.2	0.719	0.99	0.97	0.3417
LOC101127907	NC_073233.2	LOC101140002	NC_073240.2	0.719	0.95	0.947	0.2252
LOC129526409	NC_073238.2	LOC129528236	NC_073241.2	0.719	0.989	0.965	0.0934
LOC129523819	NC_073230.2	LOC129525684	NC_073234.2	0.718	0.99	0.99	0.35
LOC129526731	NC_073239.2	LOC129528260	NC_073241.2	0.718	0.995	0.888	0.2576
LOC129533215	NC_073227.2	LOC134758982	NC_073231.2	0.718	0.976	0.976	0.3067
LOC129533215	NC_073227.2	LOC134758996	NC_073231.2	0.718	0.978	0.978	0.3236
LOC129523739	NC_073230.2	LOC129525067	NC_073232.2	0.717	0.978	0.927	0.1705
LOC129524036	NC_073243.2	LOC129525579	NC_073233.2	0.717	0.994	0.986	0.5373
LOC129524036	NC_073243.2	LOC129526003	NC_073234.2	0.717	0.992	0.984	0.5021
LOC129524833	NC_073239.2	SLC35F5	NC_073235.2	0.717	0.99	0.952	0.2742
LOC129525067	NC_073232.2	LOC129532626	NC_086017.1	0.717	0.978	0.927	0.1641
LOC129527278	NC_073236.2	LOC129528236	NC_073241.2	0.717	0.987	0.956	0.0931
LOC129533212	NC_073227.2	LOC134758982	NC_073231.2	0.717	0.976	0.976	0.3062
LOC129533212	NC_073227.2	LOC134758996	NC_073231.2	0.717	0.978	0.978	0.3231
LOC129533221	NC_073227.2	LOC134758982	NC_073231.2	0.717	0.976	0.976	0.3062
LOC129533221	NC_073227.2	LOC134758996	NC_073231.2	0.717	0.978	0.978	0.3231
LOC109023877	NC_073243.2	LOC134758421	NC_073228.2	0.716	0.938	0.946	0.1981
LOC115935247	NC_073230.2	NPM1	NC_073228.2	0.716	0.999	0.88	0.4776
ACTA1	NC_073224.2	LOC115933751	NC_073235.2	0.715	0.829	0.81	0.0392
LOC101125081	NC_073229.2	TUBB4A	NC_073244.2	0.715	0.9	0.854	0.1123
FAM90A1	NC_073234.2	LOC101126312	NC_073231.2	0.714	0.96	0.959	0.2855
FAM90A1	NC_073234.2	LOC101130785	NC_073231.2	0.714	0.961	0.957	0.3172
LOC101135829	NC_073233.2	ST13	NC_086018.1	0.714	0.977	0.976	0.2173
LOC101136188	NC_073228.2	LOC115936299	NC_073227.2	0.714	0.975	0.972	0.0853
EIF2S3	NC_073247.2	EIF2S3B	NC_073234.2	0.713	0.98	0.919	0.2559
LOC101135138	NC_073234.2	LOC115932777	NC_073224.2	0.713	0.906	0.901	0.0648
LOC101142993	NC_073229.2	LOC129524434	NC_073237.2	0.713	0.961	0.934	0.246
LOC101147931	NC_073228.2	LOC134757904	NC_073247.2	0.713	0.828	0.827	0.0328
LOC109024093	NC_073244.2	LOC129532266	NC_086017.1	0.713	0.916	0.893	0.0959
LOC115931720	NC_073245.2	UBE2D3	NC_073227.2	0.713	0.969	0.969	0.2222
LOC129526395	NC_073238.2	LOC129527278	NC_073236.2	0.713	0.996	0.997	0.8304
LOC129527430	NC_073242.2	MORN5	NC_073237.2	0.713	0.986	0.883	0.4455
CBX1	NC_073228.2	LOC101127285	NC_073247.2	0.712	0.957	0.873	0.1935
LOC101140340	NC_086017.1	LOC101154368	NC_073224.2	0.712	0.874	0.888	0.0742
LOC101140422	NC_073224.2	TMA7B	NC_086018.1	0.712	0.947	0.948	0.1311
LOC101141058	NC_073233.2	LOC129531477	NC_073236.2	0.712	0.913	0.914	0.1351
LOC101148650	NC_073227.2	RPS15A	NC_073242.2	0.712	0.949	0.922	0.1309
LOC109027830	NC_073224.2	LOC129525611	NC_073233.2	0.712	0.975	0.868	0.2548
LOC115935008	NC_073229.2	LOC115935586	NC_073231.2	0.712	0.949	0.95	0.1477
LOC129523572	NC_073240.2	LOC129524661	NC_073237.2	0.712	0.967	0.953	0.1981
LOC129523572	NC_073240.2	LOC129528453	NC_073241.2	0.712	0.967	0.953	0.1981
LOC129524661	NC_073237.2	LOC129530492	NC_073246.2	0.712	0.989	0.9	0.3556
LOC129524661	NC_073237.2	TPTE2	NC_073238.2	0.712	0.968	0.931	0.1567
LOC129528453	NC_073241.2	LOC129530492	NC_073246.2	0.712	0.989	0.9	0.3556
LOC129528453	NC_073241.2	TPTE2	NC_073238.2	0.712	0.968	0.931	0.1567
LOC129533214	NC_073227.2	LOC134758982	NC_073231.2	0.712	0.976	0.976	0.3057
LOC129533214	NC_073227.2	LOC134758996	NC_073231.2	0.712	0.978	0.978	0.3226
LOC129533222	NC_073227.2	LOC134758982	NC_073231.2	0.712	0.976	0.976	0.3048
LOC129533222	NC_073227.2	LOC134758996	NC_073231.2	0.712	0.978	0.978	0.3215
POU5F1	NC_073229.2	POU5F1B	NC_073231.2	0.712	0.975	0.977	0.4502
LOC101134365	NC_073247.2	LOC101137437	NC_073240.2	0.711	0.917	0.913	0.1031
LOC115930603	NC_073239.2	RAB6D	NC_073235.2	0.711	0.959	0.958	0.1397
ANAPC15	NC_073233.2	LOC101137381	NC_073247.2	0.71	0.924	0.933	0.0675
DOC2B	NC_073243.2	LOC129525066	NC_086017.1	0.71	0.988	0.961	0.1254
LOC115930151	NC_073240.2	LOC134758127	NC_086017.1	0.71	0.96	0.935	0.2483
LOC129524600	NC_073237.2	LOC129528163	NC_073241.2	0.71	0.992	0.925	0.3688
LOC129524654	NC_073237.2	LOC129528163	NC_073241.2	0.71	0.993	0.918	0.3341
LOC129525066	NC_086017.1	LOC129532956	NC_073227.2	0.71	0.988	0.981	0.4082
LOC129525066	NC_086017.1	LOC134757295	NC_073240.2	0.71	0.993	0.973	0.281
LOC129528464	NC_073241.2	LOC129530382	NC_073248.2	0.71	0.985	0.981	0.5647
IFITM1	NC_073233.2	LOC101151759	NC_073234.2	0.709	0.844	0.824	0.0567
LOC101124387	NC_073224.2	LOC129526222	NC_073238.2	0.709	0.88	0.877	0.0539
LOC101125875	NC_073235.2	LOC101145215	NC_073244.2	0.709	0.935	0.929	0.1704
LOC101126607	NC_073239.2	LOC129531477	NC_073236.2	0.709	0.898	0.909	0.1203
LOC101142908	NC_073237.2	SKA2	NC_073228.2	0.709	0.962	0.965	0.1145
LOC101131421	NC_073235.2	LOC101132158	NC_073224.2	0.708	0.916	0.906	0.0909
LOC101142088	NC_073234.2	LOC109024698	NC_073247.2	0.708	0.922	0.93	0.0988
LOC115931040	NC_073240.2	LOC129531435	NC_073236.2	0.708	0.992	0.944	0.4267
LOC129525556	NC_073233.2	LOC134758127	NC_086017.1	0.708	0.967	0.971	0.1987
LOC129532624	NC_073230.2	LOC134758127	NC_086017.1	0.708	0.988	0.985	0.1462
LOC134756357	NC_073224.2	LOC134758127	NC_086017.1	0.708	0.97	0.969	0.0871
LOC134756800	NC_073236.2	LOC134758127	NC_086017.1	0.708	0.968	0.952	0.1916
KRT18	NC_073234.2	LOC101126813	NC_073224.2	0.707	0.926	0.918	0.1206
LOC101125558	NC_073228.2	LOC101133404	NC_073243.2	0.707	0.87	0.877	0.0319
LOC115930163	NC_073242.2	LOC115933253	NC_073248.2	0.707	0.979	0.959	0.4063
LOC115932637	NC_073240.2	LOC134758127	NC_086017.1	0.707	0.983	0.982	0.1049
LOC115932828	NC_073242.2	LOC115933253	NC_073248.2	0.707	0.98	0.958	0.4062
LOC129528237	NC_073241.2	TIA1	NC_073236.2	0.707	1.0	0.963	0.1956
LOC129532017	NC_073235.2	LOC134758127	NC_086017.1	0.707	0.987	0.988	0.1309
LOC129533806	NC_073228.2	USP6	NC_073243.2	0.707	0.869	0.87	0.0302
LOC129533813	NC_073228.2	USP6	NC_073243.2	0.707	0.871	0.87	0.0309
LOC101125875	NC_073235.2	ZNF285	NC_073244.2	0.706	0.946	0.938	0.0748
LOC101127907	NC_073233.2	LOC101154501	NC_073224.2	0.706	0.963	0.957	0.1142
LOC101133404	NC_073243.2	LOC115934662	NC_073228.2	0.706	0.87	0.878	0.0319
LOC101139259	NC_073236.2	LOC115935319	NC_073230.2	0.706	0.959	0.964	0.3295
LOC101139396	NC_073227.2	UBE2C	NC_073245.2	0.706	0.915	0.865	0.045
LOC101144552	NC_073235.2	LOC134758127	NC_086017.1	0.706	0.988	0.893	0.0968
LOC109026425	NC_086017.1	LOC129526900	NC_073240.2	0.706	0.977	0.966	0.38
LOC129526976	NC_073240.2	LOC129529333	NC_073246.2	0.706	0.978	0.978	0.2987
FAM90A1	NC_073234.2	LOC115934340	NC_073227.2	0.705	0.962	0.966	0.3909
LOC101125558	NC_073228.2	USP6	NC_073243.2	0.705	0.871	0.871	0.0328
LOC101133456	NC_073237.2	RPL36	NC_073244.2	0.705	0.951	0.951	0.1196
LOC101133825	NC_073224.2	RPS15	NC_073244.2	0.705	0.968	0.944	0.0729
LOC101148271	NC_073230.2	LOC134758127	NC_086017.1	0.705	0.973	0.973	0.336
LOC129526101	NC_073238.2	LOC129528621	NC_073244.2	0.705	0.978	0.878	0.3429
LOC129526101	NC_073238.2	LOC129528622	NC_073244.2	0.705	0.978	0.878	0.3429
LOC129526102	NC_073238.2	LOC129528621	NC_073244.2	0.705	0.978	0.878	0.3412
LOC129526102	NC_073238.2	LOC129528622	NC_073244.2	0.705	0.978	0.878	0.3412
LOC129526103	NC_073238.2	LOC129528621	NC_073244.2	0.705	0.978	0.878	0.3429
LOC129526103	NC_073238.2	LOC129528622	NC_073244.2	0.705	0.978	0.878	0.3429
LOC129526104	NC_073238.2	LOC129528621	NC_073244.2	0.705	0.978	0.878	0.3429
LOC129526104	NC_073238.2	LOC129528622	NC_073244.2	0.705	0.978	0.878	0.3429
LOC129526109	NC_073238.2	LOC129528621	NC_073244.2	0.705	0.978	0.878	0.3429
LOC129526109	NC_073238.2	LOC129528622	NC_073244.2	0.705	0.978	0.878	0.3429
LOC129526113	NC_073238.2	LOC129528621	NC_073244.2	0.705	0.978	0.878	0.3429
LOC129526113	NC_073238.2	LOC129528622	NC_073244.2	0.705	0.978	0.878	0.3429
LOC129526131	NC_073238.2	LOC129528621	NC_073244.2	0.705	0.978	0.878	0.3429
LOC129526131	NC_073238.2	LOC129528622	NC_073244.2	0.705	0.978	0.878	0.3429
LOC129526155	NC_073238.2	LOC129528621	NC_073244.2	0.705	0.978	0.878	0.3429
LOC129526155	NC_073238.2	LOC129528622	NC_073244.2	0.705	0.978	0.878	0.3429
LOC129527819	NC_073242.2	SLC9B1	NC_073227.2	0.705	0.959	0.934	0.1601
LOC129528621	NC_073244.2	LOC134756380	NC_073238.2	0.705	0.978	0.878	0.3429
LOC129528622	NC_073244.2	LOC134756380	NC_073238.2	0.705	0.978	0.878	0.3429
LOC129533808	NC_073228.2	USP6	NC_073243.2	0.705	0.869	0.869	0.0302
LOC101124387	NC_073224.2	LOC101152412	NC_073246.2	0.704	0.922	0.911	0.1316
LOC101129567	NC_073246.2	LOC101152815	NC_073233.2	0.704	0.935	0.939	0.1543
LOC129530485	NC_073246.2	LOC129530544	NC_073236.2	0.704	0.994	0.948	0.2486
PRDM7	NC_073242.2	PRDM9	NC_073243.2	0.704	0.952	0.959	0.2553
LOC115932799	NC_073236.2	LOC134757223	NC_073240.2	0.703	0.987	0.96	0.4289
LOC115934662	NC_073228.2	USP6	NC_073243.2	0.703	0.871	0.871	0.0309
BRCC3	NC_073247.2	LOC101140265	NC_073228.2	0.702	0.974	0.946	0.2354
FOXD4L1	NC_073235.2	LOC129524612	NC_073237.2	0.702	0.97	0.973	0.1639
FRG1	NC_073227.2	LOC129524675	NC_073237.2	0.702	0.957	0.893	0.1344
HNRNPA1L2	NC_073238.2	LOC101130214	NC_086017.1	0.702	0.979	0.979	0.4509
LOC101129624	NC_073234.2	NME2	NC_073228.2	0.702	0.969	0.848	0.2714
LOC129523959	NC_073224.2	SLC35F5	NC_073235.2	0.702	0.99	0.945	0.2712
LOC129524105	NC_073231.2	LOC129524612	NC_073237.2	0.702	0.976	0.977	0.1704
LOC129524612	NC_073237.2	LOC134756825	NC_073236.2	0.702	0.976	0.977	0.2648
LOC129526385	NC_073238.2	LOC134757216	NC_073240.2	0.702	0.997	0.997	0.4291
TAF1	NC_073247.2	TAF1L	NC_073237.2	0.702	0.969	0.964	0.307
LOC101131917	NC_073227.2	LOC101134211	NC_073242.2	0.701	0.855	0.85	0.0398
LOC129524399	NC_073227.2	LOC134759084	NC_073231.2	0.701	0.979	0.969	0.219
LOC129524400	NC_073227.2	LOC134759084	NC_073231.2	0.701	0.978	0.968	0.236
LOC129530381	NC_073248.2	LOC129531501	NC_073238.2	0.701	0.999	0.994	0.8634
LOC129533206	NC_073227.2	LOC134759084	NC_073231.2	0.701	0.979	0.971	0.1953
LOC129533209	NC_073227.2	LOC134759084	NC_073231.2	0.701	0.979	0.966	0.245
LOC129533212	NC_073227.2	LOC134759084	NC_073231.2	0.701	0.979	0.971	0.193
LOC129533214	NC_073227.2	LOC134759084	NC_073231.2	0.701	0.979	0.971	0.1926
LOC129533215	NC_073227.2	LOC134759084	NC_073231.2	0.701	0.979	0.971	0.1934
LOC129533217	NC_073227.2	LOC134759084	NC_073231.2	0.701	0.979	0.969	0.2297
LOC129533219	NC_073227.2	LOC134759084	NC_073231.2	0.701	0.978	0.968	0.2118
LOC129533220	NC_073227.2	LOC134759084	NC_073231.2	0.701	0.979	0.969	0.2421
LOC129533221	NC_073227.2	LOC134759084	NC_073231.2	0.701	0.979	0.971	0.193
LOC129533222	NC_073227.2	LOC134759084	NC_073231.2	0.701	0.979	0.971	0.1919
LOC129533224	NC_073227.2	LOC134759084	NC_073231.2	0.701	0.979	0.969	0.2415
LOC129533225	NC_073227.2	LOC134759084	NC_073231.2	0.701	0.979	0.969	0.2415
ARHGAP21	NC_073232.2	LOC101131829	NC_073229.2	0.7	0.984	0.983	0.5088
LOC129529247	NC_073224.2	MAPKBP1	NC_073240.2	0.7	0.985	0.984	0.488
AQP7	NC_073237.2	LOC129526160	NC_073238.2	0.699	0.957	0.944	0.123
C9H11orf58	NC_073233.2	LOC101148636	NC_073239.2	0.699	0.972	0.968	0.3551
LOC101126577	NC_073233.2	RPS2	NC_073242.2	0.699	0.958	0.852	0.2057
LOC101133567	NC_073237.2	RAB1B	NC_073233.2	0.699	0.96	0.96	0.1381
LOC101135138	NC_073234.2	LOC101152412	NC_073246.2	0.699	0.922	0.929	0.1517
LOC101139634	NC_073235.2	LOC129527231	NC_073238.2	0.699	0.932	0.921	0.0574
LOC101148834	NC_073224.2	LOC129529125	NC_073245.2	0.699	0.91	0.904	0.0343
LOC115933483	NC_073233.2	LOC115935008	NC_073229.2	0.699	0.953	0.942	0.1373
LOC115933483	NC_073233.2	LOC115935586	NC_073231.2	0.699	0.977	0.979	0.4194
LOC129523553	NC_073227.2	LOC129523704	NC_073230.2	0.699	0.981	0.896	0.168
LOC129525554	NC_073233.2	LOC129532712	NC_073232.2	0.699	0.99	0.938	0.1076
LOC101125611	NC_073232.2	LOC101138942	NC_073228.2	0.698	0.946	0.938	0.1942
LOC101125611	NC_073232.2	RPL9	NC_073227.2	0.698	0.946	0.938	0.1533
LOC101140244	NC_073239.2	MAGOHB	NC_073234.2	0.698	0.969	0.936	0.1622
LOC115932781	NC_073242.2	LOC129528916	NC_073244.2	0.698	0.986	0.972	0.0829
LOC115933079	NC_073242.2	LOC129528916	NC_073244.2	0.698	0.984	0.958	0.0843
LOC115933227	NC_073227.2	LOC134757295	NC_073240.2	0.698	0.993	0.987	0.3946
LOC115933283	NC_073230.2	LOC115933796	NC_073235.2	0.698	0.936	0.913	0.0568
LOC129526120	NC_073238.2	LOC129528621	NC_073244.2	0.698	0.984	0.973	0.408
LOC129526120	NC_073238.2	LOC129528622	NC_073244.2	0.698	0.984	0.973	0.408
LOC129526121	NC_073238.2	LOC129528621	NC_073244.2	0.698	0.984	0.88	0.3608
LOC129526121	NC_073238.2	LOC129528622	NC_073244.2	0.698	0.984	0.88	0.3608
LOC129526127	NC_073238.2	LOC129528621	NC_073244.2	0.698	0.984	0.976	0.4278
LOC129526127	NC_073238.2	LOC129528622	NC_073244.2	0.698	0.984	0.976	0.4278
LOC129526152	NC_073238.2	LOC129528621	NC_073244.2	0.698	0.984	0.88	0.3608
LOC129526152	NC_073238.2	LOC129528622	NC_073244.2	0.698	0.984	0.88	0.3608
LOC129526156	NC_073238.2	LOC129528621	NC_073244.2	0.698	0.984	0.973	0.4059
LOC129526156	NC_073238.2	LOC129528622	NC_073244.2	0.698	0.984	0.973	0.4059
LOC129526157	NC_073238.2	LOC129528621	NC_073244.2	0.698	0.984	0.973	0.4059
LOC129526157	NC_073238.2	LOC129528622	NC_073244.2	0.698	0.984	0.973	0.4059
LOC129526203	NC_073238.2	LOC129528621	NC_073244.2	0.698	0.984	0.88	0.3608
LOC129526203	NC_073238.2	LOC129528622	NC_073244.2	0.698	0.984	0.88	0.3608
LOC129526207	NC_073238.2	LOC129528621	NC_073244.2	0.698	0.984	0.973	0.4059
LOC129526207	NC_073238.2	LOC129528622	NC_073244.2	0.698	0.984	0.973	0.4059
LOC129526208	NC_073238.2	LOC129528621	NC_073244.2	0.698	0.984	0.88	0.3608
LOC129526208	NC_073238.2	LOC129528622	NC_073244.2	0.698	0.984	0.88	0.3608
LOC129526209	NC_073238.2	LOC129528621	NC_073244.2	0.698	0.984	0.976	0.4278
LOC129526209	NC_073238.2	LOC129528622	NC_073244.2	0.698	0.984	0.976	0.4278
LOC129526210	NC_073238.2	LOC129528621	NC_073244.2	0.698	0.984	0.88	0.3608
LOC129526210	NC_073238.2	LOC129528622	NC_073244.2	0.698	0.984	0.88	0.3608
LOC129528621	NC_073244.2	LOC134757023	NC_073238.2	0.698	0.984	0.88	0.3608
LOC129528621	NC_073244.2	LOC134757024	NC_073238.2	0.698	0.984	0.88	0.3608
LOC129528622	NC_073244.2	LOC134757023	NC_073238.2	0.698	0.984	0.88	0.3608
LOC129528622	NC_073244.2	LOC134757024	NC_073238.2	0.698	0.984	0.88	0.3608
LOC129528916	NC_073244.2	NPIPB11	NC_073242.2	0.698	0.982	0.964	0.0766
LOC101133649	NC_073228.2	LOC109029292	NC_073238.2	0.697	0.952	0.955	0.2523
LOC101149305	NC_073227.2	LOC129524612	NC_073237.2	0.697	0.979	0.98	0.2489
LOC129532712	NC_073232.2	LOC134757295	NC_073240.2	0.697	0.988	0.99	0.3904
LOC134756358	NC_073242.2	LOC134757295	NC_073240.2	0.697	0.99	0.974	0.1808
LOC101134365	NC_073247.2	LOC101152176	NC_073230.2	0.696	0.919	0.927	0.1099
LOC115930131	NC_073230.2	LOC115933796	NC_073235.2	0.696	0.939	0.916	0.0587
LOC115933071	NC_073242.2	LOC129528916	NC_073244.2	0.696	0.984	0.965	0.0814
LOC129523704	NC_073230.2	LOC129526178	NC_073238.2	0.696	0.976	0.91	0.1968
LOC129524675	NC_073237.2	LOC129526550	NC_073239.2	0.696	0.981	0.955	0.1067
LOC129529231	NC_073224.2	LOC129533127	NC_073227.2	0.696	0.96	0.921	0.1806
LOC129530492	NC_073246.2	TPTE2	NC_073238.2	0.696	0.964	0.91	0.1537
LOC101125611	NC_073232.2	LOC101132018	NC_073240.2	0.695	0.909	0.903	0.0419
LOC101125611	NC_073232.2	LOC101135421	NC_073244.2	0.695	0.919	0.909	0.0657
LOC101129231	NC_073233.2	LOC101147931	NC_073228.2	0.695	0.919	0.909	0.0386
LOC101147931	NC_073228.2	RPL36AL	NC_073239.2	0.695	0.947	0.953	0.1888
LOC101149853	NC_073229.2	SMIM11	NC_073246.2	0.695	0.944	0.927	0.0676
LOC101153289	NC_073232.2	PPIA	NC_073230.2	0.695	0.922	0.907	0.1024
LOC129524472	NC_073237.2	LOC129526957	NC_073236.2	0.695	0.985	0.862	0.0564
LOC129524472	NC_073237.2	LOC134757216	NC_073240.2	0.695	0.981	0.811	0.0523
EIF3I	NC_073224.2	LOC101138601	NC_073230.2	0.694	0.887	0.882	0.0813
LOC101137162	NC_073224.2	LOC109029292	NC_073238.2	0.694	0.948	0.945	0.128
LOC101137457	NC_073229.2	LOC101143804	NC_073234.2	0.694	0.813	0.821	0.0345
LOC101140640	NC_073229.2	LOC134757554	NC_073243.2	0.694	0.97	0.967	0.3263
LOC101142361	NC_086017.1	LOC101143804	NC_073234.2	0.694	0.852	0.853	0.0506
LOC101142904	NC_073246.2	LOC129530552	NC_086018.1	0.694	0.996	0.997	0.145
LOC129523572	NC_073240.2	LOC129530492	NC_073246.2	0.694	0.965	0.939	0.2095
LOC129526101	NC_073238.2	LOC129528620	NC_073244.2	0.694	0.976	0.873	0.319
LOC129526102	NC_073238.2	LOC129528620	NC_073244.2	0.694	0.976	0.873	0.3175
LOC129526103	NC_073238.2	LOC129528620	NC_073244.2	0.694	0.976	0.873	0.319
LOC129526104	NC_073238.2	LOC129528620	NC_073244.2	0.694	0.976	0.873	0.319
LOC129526109	NC_073238.2	LOC129528620	NC_073244.2	0.694	0.976	0.873	0.319
LOC129526113	NC_073238.2	LOC129528620	NC_073244.2	0.694	0.976	0.873	0.319
LOC129526131	NC_073238.2	LOC129528620	NC_073244.2	0.694	0.976	0.873	0.319
LOC129526155	NC_073238.2	LOC129528620	NC_073244.2	0.694	0.976	0.873	0.319
LOC129528620	NC_073244.2	LOC134756380	NC_073238.2	0.694	0.976	0.873	0.319
LOC134758505	NC_073224.2	TMEM42	NC_086017.1	0.694	0.891	0.89	0.0586
LOC115935857	NC_073237.2	OBI1	NC_073238.2	0.693	0.993	0.951	0.6994
LOC129523934	NC_073230.2	LOC129530133	NC_073247.2	0.692	0.996	0.996	0.6562
LOC129524472	NC_073237.2	LOC129526385	NC_073238.2	0.692	0.985	0.942	0.0628
LOC129524472	NC_073237.2	LOC129526398	NC_073238.2	0.692	0.981	0.973	0.0623
LOC129524472	NC_073237.2	LOC134756703	NC_073236.2	0.692	0.985	0.852	0.097
LOC101131421	NC_073235.2	RPS27	NC_073224.2	0.691	0.919	0.897	0.0902
LOC129524600	NC_073237.2	LOC129530485	NC_073246.2	0.691	0.989	0.989	0.2058
LOC129526101	NC_073238.2	LOC129528600	NC_073244.2	0.691	0.976	0.87	0.3163
LOC129526101	NC_073238.2	LOC129528604	NC_073244.2	0.691	0.976	0.87	0.3163
LOC129526101	NC_073238.2	LOC129528613	NC_073244.2	0.691	0.976	0.87	0.3163
LOC129526102	NC_073238.2	LOC129528600	NC_073244.2	0.691	0.976	0.87	0.3148
LOC129526102	NC_073238.2	LOC129528604	NC_073244.2	0.691	0.976	0.87	0.3148
LOC129526102	NC_073238.2	LOC129528613	NC_073244.2	0.691	0.976	0.87	0.3148
LOC129526103	NC_073238.2	LOC129528600	NC_073244.2	0.691	0.976	0.87	0.3163
LOC129526103	NC_073238.2	LOC129528604	NC_073244.2	0.691	0.976	0.87	0.3163
LOC129526103	NC_073238.2	LOC129528613	NC_073244.2	0.691	0.976	0.87	0.3163
LOC129526104	NC_073238.2	LOC129528600	NC_073244.2	0.691	0.976	0.87	0.3163
LOC129526104	NC_073238.2	LOC129528604	NC_073244.2	0.691	0.976	0.87	0.3163
LOC129526104	NC_073238.2	LOC129528613	NC_073244.2	0.691	0.976	0.87	0.3163
LOC129526109	NC_073238.2	LOC129528600	NC_073244.2	0.691	0.976	0.872	0.3163
LOC129526109	NC_073238.2	LOC129528604	NC_073244.2	0.691	0.976	0.872	0.3163
LOC129526109	NC_073238.2	LOC129528613	NC_073244.2	0.691	0.976	0.872	0.3163
LOC129526113	NC_073238.2	LOC129528600	NC_073244.2	0.691	0.976	0.873	0.3163
LOC129526113	NC_073238.2	LOC129528604	NC_073244.2	0.691	0.976	0.873	0.3163
LOC129526113	NC_073238.2	LOC129528613	NC_073244.2	0.691	0.976	0.873	0.3163
LOC129526131	NC_073238.2	LOC129528600	NC_073244.2	0.691	0.976	0.87	0.3163
LOC129526131	NC_073238.2	LOC129528604	NC_073244.2	0.691	0.976	0.87	0.3163
LOC129526131	NC_073238.2	LOC129528613	NC_073244.2	0.691	0.976	0.87	0.3163
LOC129526155	NC_073238.2	LOC129528600	NC_073244.2	0.691	0.976	0.873	0.3163
LOC129526155	NC_073238.2	LOC129528604	NC_073244.2	0.691	0.976	0.873	0.3163
LOC129526155	NC_073238.2	LOC129528613	NC_073244.2	0.691	0.976	0.873	0.3163
LOC129528600	NC_073244.2	LOC134756380	NC_073238.2	0.691	0.976	0.872	0.3163
LOC129528604	NC_073244.2	LOC134756380	NC_073238.2	0.691	0.976	0.872	0.3163
LOC129528613	NC_073244.2	LOC134756380	NC_073238.2	0.691	0.976	0.872	0.3163
GK	NC_073247.2	GK2	NC_073227.2	0.69	0.88	0.874	0.0313
LOC101126445	NC_073247.2	XRCC6	NC_086018.1	0.69	0.96	0.966	0.217
LOC101143804	NC_073234.2	LOC109023896	NC_073243.2	0.69	0.855	0.855	0.0447
LOC101143804	NC_073234.2	RPL29	NC_086017.1	0.69	0.877	0.872	0.0535
LOC115932777	NC_073224.2	TMEM42	NC_086017.1	0.69	0.885	0.843	0.0797
LOC115934576	NC_073228.2	UPF3A	NC_073238.2	0.69	0.988	0.94	0.5728
LOC129524675	NC_073237.2	LOC129526395	NC_073238.2	0.69	0.984	0.964	0.0644
LOC134756831	NC_073236.2	SAFB2	NC_073244.2	0.69	0.98	0.982	0.296
ARL4A	NC_073230.2	LOC115934320	NC_073227.2	0.689	0.988	0.989	0.2593
LOC101125081	NC_073229.2	LOC101131674	NC_073242.2	0.689	0.886	0.84	0.0573
LOC101127646	NC_073247.2	LOC109028877	NC_073233.2	0.689	0.932	0.933	0.0721
LOC101142376	NC_073244.2	LOC129526909	NC_073239.2	0.689	0.988	0.987	0.2668
LOC109026515	NC_073227.2	LOC115933990	NC_086017.1	0.689	0.952	0.946	0.1203
LOC129526101	NC_073238.2	LOC129528601	NC_073244.2	0.689	0.976	0.871	0.3163
LOC129526101	NC_073238.2	LOC129528608	NC_073244.2	0.689	0.976	0.871	0.3163
LOC129526101	NC_073238.2	LOC129528614	NC_073244.2	0.689	0.976	0.871	0.3163
LOC129526102	NC_073238.2	LOC129528601	NC_073244.2	0.689	0.976	0.871	0.3148
LOC129526102	NC_073238.2	LOC129528608	NC_073244.2	0.689	0.976	0.871	0.3148
LOC129526102	NC_073238.2	LOC129528614	NC_073244.2	0.689	0.976	0.871	0.3148
LOC129526103	NC_073238.2	LOC129528601	NC_073244.2	0.689	0.976	0.871	0.3163
LOC129526103	NC_073238.2	LOC129528608	NC_073244.2	0.689	0.976	0.871	0.3163
LOC129526103	NC_073238.2	LOC129528614	NC_073244.2	0.689	0.976	0.871	0.3163
LOC129526104	NC_073238.2	LOC129528601	NC_073244.2	0.689	0.976	0.871	0.3163
LOC129526104	NC_073238.2	LOC129528608	NC_073244.2	0.689	0.976	0.871	0.3163
LOC129526104	NC_073238.2	LOC129528614	NC_073244.2	0.689	0.976	0.871	0.3163
LOC129526109	NC_073238.2	LOC129528601	NC_073244.2	0.689	0.976	0.871	0.3163
LOC129526109	NC_073238.2	LOC129528608	NC_073244.2	0.689	0.976	0.871	0.3163
LOC129526109	NC_073238.2	LOC129528614	NC_073244.2	0.689	0.976	0.871	0.3163
LOC129526113	NC_073238.2	LOC129528601	NC_073244.2	0.689	0.976	0.871	0.3163
LOC129526113	NC_073238.2	LOC129528608	NC_073244.2	0.689	0.976	0.871	0.3163
LOC129526113	NC_073238.2	LOC129528614	NC_073244.2	0.689	0.976	0.871	0.3163
LOC129526131	NC_073238.2	LOC129528601	NC_073244.2	0.689	0.976	0.871	0.3163
LOC129526131	NC_073238.2	LOC129528608	NC_073244.2	0.689	0.976	0.871	0.3163
LOC129526131	NC_073238.2	LOC129528614	NC_073244.2	0.689	0.976	0.871	0.3163
LOC129526155	NC_073238.2	LOC129528601	NC_073244.2	0.689	0.976	0.871	0.3163
LOC129526155	NC_073238.2	LOC129528608	NC_073244.2	0.689	0.976	0.871	0.3163
LOC129526155	NC_073238.2	LOC129528614	NC_073244.2	0.689	0.976	0.871	0.3163
LOC129528601	NC_073244.2	LOC134756380	NC_073238.2	0.689	0.976	0.872	0.3163
LOC129528608	NC_073244.2	LOC134756380	NC_073238.2	0.689	0.976	0.872	0.3163
LOC129528614	NC_073244.2	LOC134756380	NC_073238.2	0.689	0.976	0.872	0.3163
LOC101139256	NC_073233.2	TOMM20	NC_073224.2	0.688	0.948	0.909	0.0485
LOC101137437	NC_073240.2	LOC101152176	NC_073230.2	0.687	0.918	0.911	0.1818
LOC101139294	NC_073228.2	TMEM42	NC_086017.1	0.687	0.907	0.911	0.0802
LOC101148650	NC_073227.2	LOC134759022	NC_073231.2	0.687	0.912	0.882	0.0692
LOC129524034	NC_073224.2	LOC129526565	NC_073241.2	0.687	0.982	0.978	0.2655
LOC129524675	NC_073237.2	LOC129529430	NC_086018.1	0.687	0.984	0.972	0.0905
LOC129526120	NC_073238.2	LOC129528620	NC_073244.2	0.687	0.983	0.972	0.3831
LOC129526121	NC_073238.2	LOC129528620	NC_073244.2	0.687	0.983	0.875	0.3351
LOC129526127	NC_073238.2	LOC129528620	NC_073244.2	0.687	0.983	0.975	0.4011
LOC129526152	NC_073238.2	LOC129528620	NC_073244.2	0.687	0.983	0.875	0.3351
LOC129526156	NC_073238.2	LOC129528620	NC_073244.2	0.687	0.983	0.972	0.3812
LOC129526157	NC_073238.2	LOC129528620	NC_073244.2	0.687	0.983	0.972	0.3812
LOC129526203	NC_073238.2	LOC129528620	NC_073244.2	0.687	0.983	0.875	0.3351
LOC129526207	NC_073238.2	LOC129528620	NC_073244.2	0.687	0.983	0.972	0.3812
LOC129526208	NC_073238.2	LOC129528620	NC_073244.2	0.687	0.983	0.875	0.3351
LOC129526209	NC_073238.2	LOC129528620	NC_073244.2	0.687	0.983	0.975	0.4011
LOC129526210	NC_073238.2	LOC129528620	NC_073244.2	0.687	0.983	0.875	0.3351
LOC129528193	NC_073241.2	LOC129530382	NC_073248.2	0.687	0.989	0.987	0.615
LOC129528620	NC_073244.2	LOC134757023	NC_073238.2	0.687	0.983	0.875	0.3351
LOC129528620	NC_073244.2	LOC134757024	NC_073238.2	0.687	0.983	0.875	0.3351
LOC101152626	NC_073243.2	RPL29	NC_086017.1	0.686	0.944	0.932	0.1074
LOC129525765	NC_073234.2	MORN5	NC_073237.2	0.686	0.991	0.882	0.4429
LOC129527885	NC_073243.2	MORN5	NC_073237.2	0.686	0.991	0.882	0.4429
LOC129528445	NC_073241.2	LOC134756947	NC_073238.2	0.686	0.994	0.992	0.4888
LOC101126577	NC_073233.2	LOC101142804	NC_073224.2	0.685	0.93	0.93	0.1113
LOC109027238	NC_073229.2	LOC129531477	NC_073236.2	0.685	0.93	0.915	0.0534
LOC129525554	NC_073233.2	LOC129525684	NC_073234.2	0.685	0.992	0.992	0.2686
LOC129530382	NC_073248.2	LOC129530486	NC_073246.2	0.685	0.985	0.961	0.5406
LOC129530382	NC_073248.2	LOC129530565	NC_073246.2	0.685	0.985	0.961	0.5449
CDK2AP2	NC_073233.2	LOC134757038	NC_073238.2	0.684	0.889	0.877	0.0583
LOC101135138	NC_073234.2	LOC129526222	NC_073238.2	0.684	0.876	0.874	0.0524
LOC101142361	NC_086017.1	LOC101152626	NC_073243.2	0.684	0.9	0.89	0.0788
LOC101142361	NC_086017.1	LOC109024079	NC_073244.2	0.684	0.919	0.918	0.1192
LOC109028157	NC_073237.2	LOC134756791	NC_073236.2	0.684	0.914	0.916	0.0367
LOC115934993	NC_073229.2	RPL30	NC_073231.2	0.684	0.919	0.896	0.0357
LOC129524653	NC_073237.2	LOC129528444	NC_073241.2	0.684	0.995	0.993	0.6353
LOC129526120	NC_073238.2	LOC129528600	NC_073244.2	0.684	0.981	0.969	0.3854
LOC129526120	NC_073238.2	LOC129528604	NC_073244.2	0.684	0.981	0.969	0.3854
LOC129526120	NC_073238.2	LOC129528613	NC_073244.2	0.684	0.981	0.969	0.3854
LOC129526121	NC_073238.2	LOC129528600	NC_073244.2	0.684	0.981	0.876	0.3317
LOC129526121	NC_073238.2	LOC129528604	NC_073244.2	0.684	0.981	0.876	0.3317
LOC129526121	NC_073238.2	LOC129528613	NC_073244.2	0.684	0.981	0.876	0.3317
LOC129526127	NC_073238.2	LOC129528600	NC_073244.2	0.684	0.981	0.972	0.4031
LOC129526127	NC_073238.2	LOC129528604	NC_073244.2	0.684	0.981	0.972	0.4031
LOC129526127	NC_073238.2	LOC129528613	NC_073244.2	0.684	0.981	0.972	0.4031
LOC129526152	NC_073238.2	LOC129528600	NC_073244.2	0.684	0.981	0.876	0.3317
LOC129526152	NC_073238.2	LOC129528604	NC_073244.2	0.684	0.981	0.876	0.3317
LOC129526152	NC_073238.2	LOC129528613	NC_073244.2	0.684	0.981	0.876	0.3317
LOC129526156	NC_073238.2	LOC129528600	NC_073244.2	0.684	0.981	0.969	0.3835
LOC129526156	NC_073238.2	LOC129528604	NC_073244.2	0.684	0.981	0.969	0.3835
LOC129526156	NC_073238.2	LOC129528613	NC_073244.2	0.684	0.981	0.969	0.3835
LOC129526157	NC_073238.2	LOC129528600	NC_073244.2	0.684	0.981	0.969	0.3835
LOC129526157	NC_073238.2	LOC129528604	NC_073244.2	0.684	0.981	0.969	0.3835
LOC129526157	NC_073238.2	LOC129528613	NC_073244.2	0.684	0.981	0.969	0.3835
LOC129526203	NC_073238.2	LOC129528600	NC_073244.2	0.684	0.981	0.876	0.3317
LOC129526203	NC_073238.2	LOC129528604	NC_073244.2	0.684	0.981	0.876	0.3317
LOC129526203	NC_073238.2	LOC129528613	NC_073244.2	0.684	0.981	0.876	0.3317
LOC129526207	NC_073238.2	LOC129528600	NC_073244.2	0.684	0.981	0.969	0.3835
LOC129526207	NC_073238.2	LOC129528604	NC_073244.2	0.684	0.981	0.969	0.3835
LOC129526207	NC_073238.2	LOC129528613	NC_073244.2	0.684	0.981	0.969	0.3835
LOC129526208	NC_073238.2	LOC129528600	NC_073244.2	0.684	0.981	0.876	0.3317
LOC129526208	NC_073238.2	LOC129528604	NC_073244.2	0.684	0.981	0.876	0.3317
LOC129526208	NC_073238.2	LOC129528613	NC_073244.2	0.684	0.981	0.876	0.3317
LOC129526209	NC_073238.2	LOC129528600	NC_073244.2	0.684	0.981	0.972	0.4031
LOC129526209	NC_073238.2	LOC129528604	NC_073244.2	0.684	0.981	0.972	0.4031
LOC129526209	NC_073238.2	LOC129528613	NC_073244.2	0.684	0.981	0.972	0.4031
LOC129526210	NC_073238.2	LOC129528600	NC_073244.2	0.684	0.981	0.876	0.3317
LOC129526210	NC_073238.2	LOC129528604	NC_073244.2	0.684	0.981	0.876	0.3317
LOC129526210	NC_073238.2	LOC129528613	NC_073244.2	0.684	0.981	0.876	0.3317
LOC129528600	NC_073244.2	LOC134757023	NC_073238.2	0.684	0.981	0.876	0.3317
LOC129528600	NC_073244.2	LOC134757024	NC_073238.2	0.684	0.981	0.876	0.3317
LOC129528604	NC_073244.2	LOC134757023	NC_073238.2	0.684	0.981	0.876	0.3317
LOC129528604	NC_073244.2	LOC134757024	NC_073238.2	0.684	0.981	0.876	0.3317
LOC129528613	NC_073244.2	LOC134757023	NC_073238.2	0.684	0.981	0.876	0.3317
LOC129528613	NC_073244.2	LOC134757024	NC_073238.2	0.684	0.981	0.876	0.3317
GNA11	NC_073244.2	LOC129531713	NC_073236.2	0.683	0.99	0.984	0.313
KMT2C	NC_073230.2	LOC129529380	NC_073238.2	0.683	0.98	0.955	0.0546
LOC101139117	NC_073233.2	LOC101142996	NC_073244.2	0.683	0.853	0.825	0.0552
LOC101142376	NC_073244.2	LOC115933239	NC_073236.2	0.683	0.989	0.973	0.3472
LOC101142376	NC_073244.2	LOC129525066	NC_086017.1	0.683	0.986	0.969	0.4143
LOC101142376	NC_073244.2	LOC129526565	NC_073241.2	0.683	0.986	0.985	0.363
LOC129525684	NC_073234.2	LOC129532956	NC_073227.2	0.683	0.988	0.989	0.462
CSNK1G2	NC_073244.2	LOC109025037	NC_073233.2	0.682	0.987	0.984	0.512
LOC101124938	NC_073242.2	LOC101131917	NC_073227.2	0.682	0.875	0.887	0.071
LOC129526120	NC_073238.2	LOC129528601	NC_073244.2	0.682	0.981	0.969	0.3854
LOC129526120	NC_073238.2	LOC129528608	NC_073244.2	0.682	0.981	0.969	0.3854
LOC129526120	NC_073238.2	LOC129528614	NC_073244.2	0.682	0.981	0.969	0.3854
LOC129526121	NC_073238.2	LOC129528601	NC_073244.2	0.682	0.981	0.88	0.3317
LOC129526121	NC_073238.2	LOC129528608	NC_073244.2	0.682	0.981	0.88	0.3317
LOC129526121	NC_073238.2	LOC129528614	NC_073244.2	0.682	0.981	0.88	0.3317
LOC129526127	NC_073238.2	LOC129528601	NC_073244.2	0.682	0.981	0.972	0.4031
LOC129526127	NC_073238.2	LOC129528608	NC_073244.2	0.682	0.981	0.972	0.4031
LOC129526127	NC_073238.2	LOC129528614	NC_073244.2	0.682	0.981	0.972	0.4031
LOC129526152	NC_073238.2	LOC129528601	NC_073244.2	0.682	0.981	0.88	0.3317
LOC129526152	NC_073238.2	LOC129528608	NC_073244.2	0.682	0.981	0.88	0.3317
LOC129526152	NC_073238.2	LOC129528614	NC_073244.2	0.682	0.981	0.88	0.3317
LOC129526156	NC_073238.2	LOC129528601	NC_073244.2	0.682	0.981	0.969	0.3835
LOC129526156	NC_073238.2	LOC129528608	NC_073244.2	0.682	0.981	0.969	0.3835
LOC129526156	NC_073238.2	LOC129528614	NC_073244.2	0.682	0.981	0.969	0.3835
LOC129526157	NC_073238.2	LOC129528601	NC_073244.2	0.682	0.981	0.969	0.3835
LOC129526157	NC_073238.2	LOC129528608	NC_073244.2	0.682	0.981	0.969	0.3835
LOC129526157	NC_073238.2	LOC129528614	NC_073244.2	0.682	0.981	0.969	0.3835
LOC129526203	NC_073238.2	LOC129528601	NC_073244.2	0.682	0.981	0.88	0.3317
LOC129526203	NC_073238.2	LOC129528608	NC_073244.2	0.682	0.981	0.88	0.3317
LOC129526203	NC_073238.2	LOC129528614	NC_073244.2	0.682	0.981	0.88	0.3317
LOC129526207	NC_073238.2	LOC129528601	NC_073244.2	0.682	0.981	0.969	0.3835
LOC129526207	NC_073238.2	LOC129528608	NC_073244.2	0.682	0.981	0.969	0.3835
LOC129526207	NC_073238.2	LOC129528614	NC_073244.2	0.682	0.981	0.969	0.3835
LOC129526208	NC_073238.2	LOC129528601	NC_073244.2	0.682	0.981	0.88	0.3317
LOC129526208	NC_073238.2	LOC129528608	NC_073244.2	0.682	0.981	0.88	0.3317
LOC129526208	NC_073238.2	LOC129528614	NC_073244.2	0.682	0.981	0.88	0.3317
LOC129526209	NC_073238.2	LOC129528601	NC_073244.2	0.682	0.981	0.972	0.4031
LOC129526209	NC_073238.2	LOC129528608	NC_073244.2	0.682	0.981	0.972	0.4031
LOC129526209	NC_073238.2	LOC129528614	NC_073244.2	0.682	0.981	0.972	0.4031
LOC129526210	NC_073238.2	LOC129528601	NC_073244.2	0.682	0.981	0.88	0.3317
LOC129526210	NC_073238.2	LOC129528608	NC_073244.2	0.682	0.981	0.88	0.3317
LOC129526210	NC_073238.2	LOC129528614	NC_073244.2	0.682	0.981	0.88	0.3317
LOC129528601	NC_073244.2	LOC134757023	NC_073238.2	0.682	0.981	0.88	0.3317
LOC129528601	NC_073244.2	LOC134757024	NC_073238.2	0.682	0.981	0.88	0.3317
LOC129528608	NC_073244.2	LOC134757023	NC_073238.2	0.682	0.981	0.88	0.3317
LOC129528608	NC_073244.2	LOC134757024	NC_073238.2	0.682	0.981	0.88	0.3317
LOC129528614	NC_073244.2	LOC134757023	NC_073238.2	0.682	0.981	0.88	0.3317
LOC129528614	NC_073244.2	LOC134757024	NC_073238.2	0.682	0.981	0.88	0.3317
CDK2AP2	NC_073233.2	LOC129526401	NC_073238.2	0.681	0.889	0.88	0.0613
LOC101141522	NC_073245.2	SUMO1	NC_073235.2	0.681	0.893	0.885	0.0471
LOC129523468	NC_073236.2	LOC134756389	NC_073231.2	0.681	0.998	0.999	0.9326
LOC129525067	NC_073232.2	LOC129526566	NC_073239.2	0.681	0.987	0.926	0.1516
LOC129530498	NC_073246.2	LOC134756432	NC_073236.2	0.681	0.994	0.934	0.3566
LOC129530498	NC_073246.2	LOC134757222	NC_073240.2	0.681	0.994	0.934	0.3566
LOC101131421	NC_073235.2	LOC109028868	NC_073233.2	0.68	0.898	0.884	0.082
LOC101139366	NC_073236.2	LOC101153588	NC_073228.2	0.68	0.895	0.834	0.0732
LOC129529125	NC_073245.2	RPL12	NC_073237.2	0.68	0.91	0.903	0.0322
DOC2B	NC_073243.2	LOC129525684	NC_073234.2	0.679	0.981	0.982	0.2226
EIF5A	NC_073243.2	LOC101132464	NC_073232.2	0.679	0.972	0.976	0.4322
LOC101129170	NC_073229.2	LOC101152462	NC_073233.2	0.679	0.856	0.87	0.0368
LOC101129170	NC_073229.2	LOC109025909	NC_073224.2	0.679	0.866	0.883	0.1024
LOC109027898	NC_073231.2	LOC109028877	NC_073233.2	0.679	0.937	0.938	0.0704
LOC115934923	NC_086017.1	PRIM2	NC_073229.2	0.679	0.987	0.981	0.2821
LOC129525067	NC_073232.2	LOC134756370	NC_086017.1	0.679	0.983	0.924	0.1549
LOC129525556	NC_073233.2	LOC134758128	NC_086017.1	0.679	0.963	0.969	0.1763
LOC134756357	NC_073224.2	LOC134758128	NC_086017.1	0.679	0.969	0.969	0.0784
LOC134756800	NC_073236.2	LOC134758128	NC_086017.1	0.679	0.968	0.951	0.1824
LOC101143341	NC_073236.2	LOC115931021	NC_073242.2	0.678	0.969	0.943	0.1243
LOC101151524	NC_073240.2	NSA2	NC_073243.2	0.678	0.94	0.939	0.1722
LOC115930151	NC_073240.2	LOC134758128	NC_086017.1	0.678	0.961	0.934	0.2322
LOC115933091	NC_073233.2	LOC129524034	NC_073224.2	0.678	0.999	0.994	0.7859
LOC101124778	NC_073224.2	ZNF430	NC_073244.2	0.677	0.788	0.755	0.0358
LOC101129569	NC_086018.1	LOC134758421	NC_073228.2	0.677	0.924	0.925	0.0715
LOC101149491	NC_086018.1	LOC134758421	NC_073228.2	0.677	0.923	0.927	0.0663
LOC115931970	NC_086018.1	LOC134758421	NC_073228.2	0.677	0.923	0.925	0.0715
LOC115931980	NC_086018.1	LOC134758421	NC_073228.2	0.677	0.923	0.925	0.0716
LOC129526909	NC_073239.2	LOC129532956	NC_073227.2	0.677	0.996	0.995	0.5966
LOC129529598	NC_086018.1	LOC134758421	NC_073228.2	0.677	0.925	0.913	0.1496
LOC129529612	NC_086018.1	LOC134758421	NC_073228.2	0.677	0.921	0.925	0.0736
LOC129529613	NC_086018.1	LOC134758421	NC_073228.2	0.677	0.919	0.923	0.07
LOC129529614	NC_086018.1	LOC134758421	NC_073228.2	0.677	0.922	0.91	0.1328
LOC129532017	NC_073235.2	LOC134758128	NC_086017.1	0.677	0.988	0.987	0.1164
LOC101131514	NC_073224.2	PTGES3	NC_073234.2	0.676	0.98	0.976	0.1596
LOC101134272	NC_073224.2	PTPN2	NC_073241.2	0.676	0.993	0.98	0.1031
LOC101144552	NC_073235.2	LOC134758128	NC_086017.1	0.676	0.991	0.884	0.0862
LOC101148271	NC_073230.2	LOC134758128	NC_086017.1	0.676	0.971	0.972	0.3021
LOC109024327	NC_073245.2	MIX23	NC_086017.1	0.676	0.996	0.892	0.2893
LOC115932637	NC_073240.2	LOC134758128	NC_086017.1	0.676	0.986	0.983	0.0978
LOC115933182	NC_073230.2	LOC129532956	NC_073227.2	0.676	0.994	0.995	0.5651
LOC129524653	NC_073237.2	LOC129530382	NC_073248.2	0.676	0.991	0.987	0.4974
LOC129525174	NC_073232.2	LOC129532956	NC_073227.2	0.676	0.984	0.988	0.593
LOC129528455	NC_073241.2	LOC129530382	NC_073248.2	0.676	0.99	0.987	0.4943
LOC129530382	NC_073248.2	LOC129530464	NC_073238.2	0.676	0.983	0.98	0.4137
LOC129532624	NC_073230.2	LOC134758128	NC_086017.1	0.676	0.989	0.984	0.1261
LOC129532712	NC_073232.2	LOC129532956	NC_073227.2	0.676	0.983	0.943	0.1845
LOC134756438	NC_073228.2	PEPD	NC_073244.2	0.676	0.918	0.879	0.0531
IFITM1	NC_073233.2	LOC101143671	NC_073234.2	0.675	0.867	0.826	0.0674
LOC115933183	NC_073224.2	SLC9A3	NC_073243.2	0.675	0.986	0.961	0.2466
LOC115934990	NC_073229.2	LOC129531477	NC_073236.2	0.675	0.894	0.877	0.1181
LOC129532712	NC_073232.2	LOC134756358	NC_073242.2	0.675	0.99	0.958	0.3149
LOC129532956	NC_073227.2	LOC134756358	NC_073242.2	0.675	0.986	0.991	0.1618
LOC101135126	NC_073236.2	PRELID1	NC_073228.2	0.674	0.989	0.981	0.4723
LOC101138893	NC_073236.2	RBM7	NC_073233.2	0.674	0.976	0.978	0.1827
LOC101149650	NC_073228.2	LOC129532896	NC_073247.2	0.674	0.995	0.974	0.2633
LOC115933023	NC_073231.2	LOC129530307	NC_073248.2	0.674	0.948	0.919	0.0561
ARHGAP23	NC_073228.2	LOC129527345	NC_073242.2	0.673	0.966	0.903	0.1271
LOC109024528	NC_073246.2	LOC129529663	NC_086018.1	0.673	0.945	0.933	0.139
LOC109025131	NC_073230.2	LOC109027802	NC_073232.2	0.673	0.973	0.947	0.1049
LOC109028392	NC_073237.2	NPAP1L	NC_073242.2	0.673	0.962	0.955	0.3185
LOC115931078	NC_073242.2	LOC115935839	NC_073237.2	0.673	0.957	0.948	0.2935
LOC115931082	NC_073242.2	LOC115935839	NC_073237.2	0.673	0.959	0.948	0.2926
LOC115931087	NC_073242.2	LOC115935839	NC_073237.2	0.673	0.959	0.948	0.293
LOC129529663	NC_086018.1	LOC129530496	NC_073246.2	0.673	0.943	0.931	0.123
LOC129529663	NC_086018.1	LOC129530567	NC_073246.2	0.673	0.943	0.931	0.1235
LOC101139242	NC_073232.2	LOC101141508	NC_073244.2	0.672	0.881	0.879	0.0606
LOC101140864	NC_073238.2	LOC129532087	NC_073235.2	0.672	0.943	0.867	0.0639
LOC109028392	NC_073237.2	LOC115931078	NC_073242.2	0.672	0.959	0.953	0.3014
LOC109028392	NC_073237.2	LOC115931082	NC_073242.2	0.672	0.96	0.953	0.3064
LOC109028392	NC_073237.2	LOC115931087	NC_073242.2	0.672	0.96	0.953	0.3069
LOC129524034	NC_073224.2	LOC134757295	NC_073240.2	0.672	0.994	0.994	0.3519
LOC129527231	NC_073238.2	LOC129532087	NC_073235.2	0.672	0.943	0.834	0.0728
LOC129529125	NC_073245.2	LOC134758341	NC_073227.2	0.672	0.91	0.905	0.0323
DOC2B	NC_073243.2	LOC129526909	NC_073239.2	0.671	0.98	0.976	0.2161
KMT2C	NC_073230.2	LOC129528441	NC_073241.2	0.671	0.981	0.961	0.0537
LOC101135138	NC_073234.2	LOC101139366	NC_073236.2	0.671	0.893	0.845	0.0391
LOC101137229	NC_073229.2	LOC101139046	NC_073228.2	0.671	0.954	0.952	0.1729
LOC115931040	NC_073240.2	TEX14	NC_073228.2	0.671	0.975	0.896	0.2075
LOC129526957	NC_073236.2	LOC129530495	NC_073246.2	0.671	0.991	0.853	0.0842
PPIAL4H	NC_073224.2	TMEM42	NC_086017.1	0.671	0.889	0.847	0.08
LOC101126259	NC_073240.2	THEM4	NC_073224.2	0.67	0.959	0.924	0.2212
LOC115935839	NC_073237.2	NPAP1L	NC_073242.2	0.67	0.961	0.95	0.2968
LOC129527979	NC_073243.2	LOC129534781	NC_073230.2	0.67	0.958	0.965	0.123
LOC129528441	NC_073241.2	LOC129529380	NC_073238.2	0.67	0.99	0.986	0.6289
LOC101129469	NC_073237.2	LOC115935008	NC_073229.2	0.669	1.0	0.995	0.2977
LOC115930181	NC_073234.2	LOC115935008	NC_073229.2	0.669	0.944	0.934	0.1132
RPL36A	NC_073247.2	RPL36AL	NC_073239.2	0.669	0.885	0.81	0.073
LOC101127721	NC_073242.2	LOC101131917	NC_073227.2	0.668	0.844	0.858	0.0714
LOC129532895	NC_073227.2	SLC35F5	NC_073235.2	0.668	0.989	0.894	0.1915
LOC101125185	NC_073240.2	LOC101143804	NC_073234.2	0.667	0.834	0.827	0.05
LOC101127312	NC_073236.2	LOC109024287	NC_073245.2	0.667	0.888	0.899	0.1282
LOC101128980	NC_073233.2	LOC109026657	NC_073227.2	0.667	0.991	0.969	0.1602
LOC101142993	NC_073229.2	LOC115931078	NC_073242.2	0.667	0.953	0.946	0.2411
LOC101142993	NC_073229.2	LOC115931082	NC_073242.2	0.667	0.954	0.946	0.2484
LOC101142993	NC_073229.2	LOC115931087	NC_073242.2	0.667	0.954	0.947	0.2487
LOC101147253	NC_073247.2	LOC109024287	NC_073245.2	0.667	0.897	0.911	0.1452
LOC129526385	NC_073238.2	LOC129530495	NC_073246.2	0.667	0.994	0.936	0.0964
LOC129526398	NC_073238.2	LOC129530495	NC_073246.2	0.667	0.988	0.963	0.0862
LOC129530495	NC_073246.2	LOC134756703	NC_073236.2	0.667	0.985	0.891	0.1097
LOC129530495	NC_073246.2	LOC134757216	NC_073240.2	0.667	0.994	0.854	0.0804
LOC101128508	NC_086017.1	LOC115932853	NC_073227.2	0.666	0.978	0.977	0.3844
LOC101128508	NC_086017.1	LOC115932855	NC_073227.2	0.666	0.978	0.977	0.3844
LOC101128508	NC_086017.1	LOC129532416	NC_073227.2	0.666	0.978	0.977	0.3844
LOC101128508	NC_086017.1	LOC129532809	NC_073227.2	0.666	0.978	0.977	0.3844
LOC101128508	NC_086017.1	LOC129532810	NC_073227.2	0.666	0.978	0.977	0.3844
LOC101128508	NC_086017.1	LOC129532811	NC_073227.2	0.666	0.978	0.977	0.3844
LOC101128508	NC_086017.1	LOC129532813	NC_073227.2	0.666	0.978	0.977	0.3844
LOC101128508	NC_086017.1	LOC129532815	NC_073227.2	0.666	0.978	0.977	0.3844
LOC101128508	NC_086017.1	LOC129532817	NC_073227.2	0.666	0.978	0.977	0.3844
LOC101128508	NC_086017.1	LOC129532818	NC_073227.2	0.666	0.978	0.977	0.3844
LOC101128508	NC_086017.1	LOC129532826	NC_073227.2	0.666	0.978	0.977	0.3494
LOC101128508	NC_086017.1	LOC129532828	NC_073227.2	0.666	0.978	0.977	0.3844
LOC101128508	NC_086017.1	LOC134758385	NC_073227.2	0.666	0.978	0.977	0.3844
LOC101130789	NC_073247.2	NICN1	NC_086017.1	0.666	0.953	0.944	0.0714
LOC101149650	NC_073228.2	LOC129524260	NC_073236.2	0.666	0.994	0.966	0.2598
LOC129529663	NC_086018.1	LOC129530487	NC_073246.2	0.666	0.942	0.935	0.112
LOC101128508	NC_086017.1	LOC129532831	NC_073227.2	0.665	0.975	0.974	0.3653
LOC129523820	NC_073230.2	LOC134756370	NC_086017.1	0.665	0.979	0.888	0.2276
LOC129525757	NC_073234.2	RPL14	NC_086017.1	0.665	0.93	0.929	0.2047
LOC129525765	NC_073234.2	LOC129534555	NC_073229.2	0.665	0.991	0.914	0.4253
LOC129527885	NC_073243.2	LOC129534555	NC_073229.2	0.665	0.991	0.914	0.4253
FAU	NC_073233.2	LOC101128102	NC_073241.2	0.664	0.973	0.966	0.2971
LOC101128102	NC_073241.2	LOC101136911	NC_073232.2	0.664	0.963	0.957	0.315
LOC101139366	NC_073236.2	LOC101154368	NC_073224.2	0.664	0.879	0.819	0.0761
LOC101142817	NC_073234.2	LOC115935586	NC_073231.2	0.664	0.984	0.978	0.249
LOC101142993	NC_073229.2	NPAP1L	NC_073242.2	0.664	0.956	0.947	0.2548
LOC101144253	NC_073236.2	LOC115935779	NC_073237.2	0.664	0.931	0.935	0.1558
LOC101150651	NC_073224.2	ZNF706	NC_073231.2	0.664	0.988	0.984	0.1798
LOC101153591	NC_073228.2	LOC129531477	NC_073236.2	0.664	0.917	0.905	0.1307
ELOC	NC_073231.2	LOC101141508	NC_073244.2	0.663	0.936	0.942	0.1014
LOC101126623	NC_073242.2	LOC101131917	NC_073227.2	0.663	0.867	0.858	0.072
LOC101131917	NC_073227.2	LOC109023678	NC_073242.2	0.663	0.867	0.884	0.0843
EEF1B2	NC_073235.2	LOC101146256	NC_073240.2	0.662	0.952	0.961	0.3081
LOC101130619	NC_073243.2	LOC101146256	NC_073240.2	0.662	0.925	0.942	0.2009
LOC101136280	NC_073230.2	LOC101146256	NC_073240.2	0.662	0.937	0.952	0.2455
LOC101144131	NC_073247.2	LOC101146256	NC_073240.2	0.662	0.958	0.965	0.134
LOC101147979	NC_073224.2	LOC115930071	NC_073239.2	0.662	0.932	0.927	0.069
LOC115935322	NC_073230.2	SUMO4	NC_073229.2	0.662	0.897	0.916	0.1465
LOC129523820	NC_073230.2	LOC129526566	NC_073239.2	0.662	0.992	0.897	0.3134
LOC129524667	NC_073237.2	LOC129528443	NC_073241.2	0.662	0.994	0.956	0.2477
LOC129526900	NC_073240.2	RPL23A	NC_073228.2	0.662	0.985	0.959	0.2061
LOC115931052	NC_073242.2	LOC115934954	NC_073229.2	0.661	0.906	0.91	0.0364
LOC101126269	NC_073242.2	LOC101131917	NC_073227.2	0.66	0.858	0.865	0.057
LOC101130581	NC_073238.2	LOC109027830	NC_073224.2	0.66	0.955	0.949	0.1771
LOC101142993	NC_073229.2	LOC115935789	NC_073237.2	0.66	0.963	0.936	0.2487
LOC129523553	NC_073227.2	LOC129534780	NC_073230.2	0.66	0.958	0.95	0.0424
LOC129526385	NC_073238.2	LOC129526957	NC_073236.2	0.66	0.995	0.982	0.3848
LOC129528443	NC_073241.2	LOC129529382	NC_073246.2	0.66	0.98	0.87	0.2381
LOC129528443	NC_073241.2	LOC129530569	NC_073246.2	0.66	0.98	0.872	0.2432
LOC129534177	NC_073229.2	LOC134757481	NC_073242.2	0.66	0.989	0.985	0.212
BOLA2B	NC_073242.2	LOC101148781	NC_073241.2	0.659	0.908	0.901	0.1
C4H5orf63	NC_073228.2	LOC129525260	NC_073233.2	0.659	0.901	0.806	0.0749
LOC101148650	NC_073227.2	LOC101150855	NC_073231.2	0.659	0.943	0.943	0.1379
LOC109026315	NC_073224.2	POU5F1B	NC_073231.2	0.659	0.95	0.951	0.2348
LOC129533402	NC_073228.2	LOC129534780	NC_073230.2	0.659	0.959	0.903	0.2072
LOC129534637	NC_073230.2	RPL27	NC_073228.2	0.659	0.928	0.899	0.0399
SLC35G5	NC_073231.2	SLC35G6	NC_073243.2	0.659	0.961	0.913	0.1059
DEFB108B	NC_073233.2	LOC101143900	NC_073227.2	0.658	0.979	0.977	0.3509
LHB	NC_073244.2	LOC129526121	NC_073238.2	0.658	0.93	0.911	0.133
LHB	NC_073244.2	LOC129526127	NC_073238.2	0.658	0.93	0.915	0.1311
LHB	NC_073244.2	LOC129526152	NC_073238.2	0.658	0.93	0.911	0.133
LHB	NC_073244.2	LOC129526203	NC_073238.2	0.658	0.93	0.911	0.133
LHB	NC_073244.2	LOC129526208	NC_073238.2	0.658	0.93	0.911	0.133
LHB	NC_073244.2	LOC129526209	NC_073238.2	0.658	0.93	0.917	0.1311
LHB	NC_073244.2	LOC129526210	NC_073238.2	0.658	0.93	0.911	0.133
LHB	NC_073244.2	LOC134757023	NC_073238.2	0.658	0.93	0.911	0.133
LHB	NC_073244.2	LOC134757024	NC_073238.2	0.658	0.93	0.911	0.133
LOC101142362	NC_073238.2	LOC134757320	NC_073240.2	0.658	0.986	0.987	0.6575
LOC115932819	NC_073236.2	LOC134757320	NC_073240.2	0.658	0.989	0.988	0.6985
LOC115933013	NC_073238.2	LOC134757320	NC_073240.2	0.658	0.991	0.991	0.7097
LHB	NC_073244.2	LOC129526101	NC_073238.2	0.657	0.933	0.906	0.1222
LHB	NC_073244.2	LOC129526102	NC_073238.2	0.657	0.933	0.906	0.1216
LHB	NC_073244.2	LOC129526103	NC_073238.2	0.657	0.933	0.906	0.1222
LHB	NC_073244.2	LOC129526104	NC_073238.2	0.657	0.933	0.906	0.1222
LHB	NC_073244.2	LOC129526109	NC_073238.2	0.657	0.933	0.91	0.1222
LHB	NC_073244.2	LOC129526113	NC_073238.2	0.657	0.933	0.908	0.1222
LHB	NC_073244.2	LOC129526120	NC_073238.2	0.657	0.933	0.913	0.1216
LHB	NC_073244.2	LOC129526131	NC_073238.2	0.657	0.933	0.906	0.1222
LHB	NC_073244.2	LOC129526155	NC_073238.2	0.657	0.933	0.908	0.1222
LHB	NC_073244.2	LOC129526156	NC_073238.2	0.657	0.933	0.913	0.1211
LHB	NC_073244.2	LOC129526157	NC_073238.2	0.657	0.933	0.913	0.1211
LHB	NC_073244.2	LOC129526207	NC_073238.2	0.657	0.933	0.913	0.1211
LHB	NC_073244.2	LOC134756380	NC_073238.2	0.657	0.933	0.908	0.1222
LOC101131474	NC_073244.2	NDUFV2	NC_073241.2	0.657	0.99	0.95	0.4841
LOC129526121	NC_073238.2	LOC129528623	NC_073244.2	0.657	0.974	0.883	0.3578
LOC129526121	NC_073238.2	LOC129528624	NC_073244.2	0.657	0.974	0.883	0.3578
LOC129526121	NC_073238.2	LOC129528625	NC_073244.2	0.657	0.974	0.883	0.3578
LOC129526152	NC_073238.2	LOC129528623	NC_073244.2	0.657	0.974	0.883	0.3578
LOC129526152	NC_073238.2	LOC129528624	NC_073244.2	0.657	0.974	0.883	0.3578
LOC129526152	NC_073238.2	LOC129528625	NC_073244.2	0.657	0.974	0.883	0.3578
LOC129526203	NC_073238.2	LOC129528623	NC_073244.2	0.657	0.974	0.883	0.3578
LOC129526203	NC_073238.2	LOC129528624	NC_073244.2	0.657	0.974	0.883	0.3578
LOC129526203	NC_073238.2	LOC129528625	NC_073244.2	0.657	0.974	0.883	0.3578
LOC129526208	NC_073238.2	LOC129528623	NC_073244.2	0.657	0.974	0.883	0.3578
LOC129526208	NC_073238.2	LOC129528624	NC_073244.2	0.657	0.974	0.883	0.3578
LOC129526208	NC_073238.2	LOC129528625	NC_073244.2	0.657	0.974	0.883	0.3578
LOC129526210	NC_073238.2	LOC129528623	NC_073244.2	0.657	0.974	0.883	0.3578
LOC129526210	NC_073238.2	LOC129528624	NC_073244.2	0.657	0.974	0.883	0.3578
LOC129526210	NC_073238.2	LOC129528625	NC_073244.2	0.657	0.974	0.883	0.3578
LOC129528623	NC_073244.2	LOC134757023	NC_073238.2	0.657	0.974	0.883	0.3578
LOC129528623	NC_073244.2	LOC134757024	NC_073238.2	0.657	0.974	0.883	0.3578
LOC129528624	NC_073244.2	LOC134757023	NC_073238.2	0.657	0.974	0.883	0.3578
LOC129528624	NC_073244.2	LOC134757024	NC_073238.2	0.657	0.974	0.883	0.3578
LOC129528625	NC_073244.2	LOC134757023	NC_073238.2	0.657	0.974	0.883	0.3578
LOC129528625	NC_073244.2	LOC134757024	NC_073238.2	0.657	0.974	0.883	0.3578
ATP5MC1	NC_073228.2	LOC101144921	NC_073239.2	0.656	0.936	0.908	0.1136
FYTTD1	NC_086017.1	LOC115932385	NC_073247.2	0.656	0.995	0.996	0.8488
HNRNPA1L2	NC_073238.2	LOC101134010	NC_073230.2	0.656	0.961	0.934	0.2575
LOC101135338	NC_073232.2	LOC115934320	NC_073227.2	0.656	0.939	0.937	0.1731
LOC129523685	NC_073230.2	LOC129527979	NC_073243.2	0.656	0.964	0.966	0.1119
LOC129523713	NC_073230.2	RPL23	NC_073228.2	0.656	0.924	0.88	0.1495
LOC129533127	NC_073227.2	LOC129533569	NC_073228.2	0.656	0.957	0.953	0.1667
CFAP144	NC_073224.2	LOC101143746	NC_073230.2	0.655	0.893	0.863	0.0545
LOC101123774	NC_073224.2	LOC101141087	NC_073236.2	0.655	0.923	0.928	0.1465
LOC129529333	NC_073246.2	LOC129529548	NC_086018.1	0.655	0.97	0.97	0.2468
LOC101123985	NC_073244.2	LOC134756791	NC_073236.2	0.654	0.926	0.903	0.088
LOC101134038	NC_073224.2	LOC134756791	NC_073236.2	0.654	0.926	0.929	0.0895
LOC101136134	NC_073229.2	LOC101144284	NC_073236.2	0.654	0.92	0.895	0.0483
LOC101144284	NC_073236.2	LOC101144966	NC_073245.2	0.654	0.929	0.904	0.04
LOC101144284	NC_073236.2	LOC101148834	NC_073224.2	0.654	0.934	0.91	0.0385
LOC101144284	NC_073236.2	LOC134758341	NC_073227.2	0.654	0.934	0.91	0.0377
LOC101144284	NC_073236.2	RPL12	NC_073237.2	0.654	0.934	0.907	0.0375
LOC129531748	NC_073236.2	LOC129533288	NC_073227.2	0.654	0.995	0.921	0.3014
LOC129533569	NC_073228.2	LOC134758128	NC_086017.1	0.654	0.934	0.865	0.1036
LOC134756791	NC_073236.2	RPL10	NC_073247.2	0.654	0.934	0.936	0.0719
LOC109024996	NC_073237.2	RTCA	NC_073224.2	0.653	0.991	0.854	0.3069
LOC129527390	NC_073242.2	SLC6A8	NC_073247.2	0.653	0.968	0.965	0.2397
BMPR1A	NC_073232.2	LOC101139693	NC_073229.2	0.652	0.987	0.93	0.3553
IGSF3	NC_073224.2	LOC129524664	NC_073237.2	0.652	0.965	0.864	0.1671
LOC101146213	NC_073224.2	NAA50	NC_086017.1	0.652	0.994	0.994	0.1985
LOC109023896	NC_073243.2	LOC109024079	NC_073244.2	0.652	0.925	0.929	0.1377
LOC109024079	NC_073244.2	RPL29	NC_086017.1	0.652	0.95	0.949	0.1614
ACTA1	NC_073224.2	ACTG1	NC_073228.2	0.651	0.85	0.819	0.0443
LOC101124269	NC_073224.2	PDIA3	NC_073240.2	0.651	0.976	0.929	0.3673
LOC109025982	NC_073235.2	LOC134756791	NC_073236.2	0.651	0.91	0.908	0.0389
LOC129527542	NC_073242.2	LOC134759064	NC_073231.2	0.651	0.931	0.821	0.142
KCTD10	NC_073234.2	LOC115936053	NC_073232.2	0.65	0.985	0.983	0.4177
LOC101123774	NC_073224.2	LOC109028007	NC_073231.2	0.65	0.896	0.898	0.0694
LOC101135885	NC_073243.2	LOC109024079	NC_073244.2	0.65	0.915	0.914	0.0705
LOC101152998	NC_073229.2	LYPLA2	NC_073224.2	0.65	0.97	0.974	0.3634
LOC129530537	NC_073237.2	TINCR	NC_073244.2	0.65	0.984	0.949	0.0786
LOC129530592	NC_073241.2	TINCR	NC_073244.2	0.65	0.984	0.949	0.0786
LOC134757033	NC_073238.2	TINCR	NC_073244.2	0.65	0.984	0.949	0.0786
LOC101129567	NC_073246.2	LOC101141087	NC_073236.2	0.649	0.927	0.923	0.16
LOC101130608	NC_073242.2	UBE2M	NC_073244.2	0.649	0.981	0.975	0.3735
LOC101138622	NC_073240.2	LOC129527662	NC_073242.2	0.649	0.978	0.933	0.4021
LOC101140029	NC_073244.2	RPL39L	NC_086017.1	0.649	0.866	0.82	0.0443
LOC101141087	NC_073236.2	LOC109026425	NC_086017.1	0.649	0.937	0.94	0.2013
LOC101141087	NC_073236.2	LOC129525277	NC_073233.2	0.649	0.911	0.921	0.037
LOC101141087	NC_073236.2	RPL23A	NC_073228.2	0.649	0.943	0.944	0.0977
LOC129526378	NC_073238.2	LOC129529426	NC_086018.1	0.649	0.983	0.985	0.513
LOC129532017	NC_073235.2	LOC134758129	NC_086017.1	0.649	0.987	0.983	0.055
KCTD9	NC_073231.2	LOC101147376	NC_073247.2	0.648	0.977	0.977	0.2172
LOC129524034	NC_073224.2	LOC129532712	NC_073232.2	0.648	0.996	0.993	0.2973
LOC129527231	NC_073238.2	POTEA	NC_073231.2	0.648	0.884	0.867	0.04
LOC129528445	NC_073241.2	LOC129529385	NC_073246.2	0.648	0.993	0.985	0.5727
CCNQ	NC_073247.2	LOC101145937	NC_073228.2	0.647	0.953	0.925	0.167
LOC101135203	NC_073240.2	LOC129527232	NC_073238.2	0.647	0.991	0.99	0.413
LOC101152815	NC_073233.2	LOC109028007	NC_073231.2	0.647	0.899	0.902	0.0592
LOC109026425	NC_086017.1	LOC109028007	NC_073231.2	0.647	0.903	0.91	0.0577
LOC115930071	NC_073239.2	LOC129533082	NC_073224.2	0.647	0.937	0.93	0.0716
LOC129524653	NC_073237.2	LOC129528459	NC_073241.2	0.647	0.99	0.99	0.5726
LOC129524663	NC_073237.2	LOC129528444	NC_073241.2	0.647	0.995	0.992	0.8154
LOC129524663	NC_073237.2	LOC129528455	NC_073241.2	0.647	0.991	0.991	0.5485
KMT2C	NC_073230.2	LOC129524654	NC_073237.2	0.646	0.98	0.961	0.0533
LOC101124600	NC_073244.2	LOC129526121	NC_073238.2	0.646	0.986	0.836	0.2907
LOC101124600	NC_073244.2	LOC129526152	NC_073238.2	0.646	0.986	0.836	0.2907
LOC101124600	NC_073244.2	LOC129526203	NC_073238.2	0.646	0.986	0.836	0.2907
LOC101124600	NC_073244.2	LOC129526208	NC_073238.2	0.646	0.986	0.836	0.2907
LOC101124600	NC_073244.2	LOC129526210	NC_073238.2	0.646	0.986	0.836	0.2907
LOC101124600	NC_073244.2	LOC134757023	NC_073238.2	0.646	0.986	0.836	0.2907
LOC101124600	NC_073244.2	LOC134757024	NC_073238.2	0.646	0.986	0.836	0.2907
LOC101135797	NC_086018.1	LOC101151540	NC_073243.2	0.646	0.885	0.872	0.0641
LOC101149650	NC_073228.2	LOC129527796	NC_073242.2	0.646	0.995	0.964	0.2594
LOC101152972	NC_073240.2	LOC115931074	NC_073242.2	0.646	0.965	0.908	0.1259
LOC101154318	NC_073244.2	LOC129526121	NC_073238.2	0.646	0.984	0.891	0.2281
LOC101154318	NC_073244.2	LOC129526152	NC_073238.2	0.646	0.984	0.891	0.2281
LOC101154318	NC_073244.2	LOC129526203	NC_073238.2	0.646	0.984	0.891	0.2281
LOC101154318	NC_073244.2	LOC129526208	NC_073238.2	0.646	0.984	0.891	0.2281
LOC101154318	NC_073244.2	LOC129526210	NC_073238.2	0.646	0.984	0.891	0.2281
LOC101154318	NC_073244.2	LOC134757023	NC_073238.2	0.646	0.984	0.891	0.2281
LOC101154318	NC_073244.2	LOC134757024	NC_073238.2	0.646	0.984	0.891	0.2281
LOC109024093	NC_073244.2	LOC129529164	NC_073224.2	0.646	0.895	0.845	0.0753
LOC129524600	NC_073237.2	LOC134756947	NC_073238.2	0.646	0.989	0.872	0.3285
LOC129524654	NC_073237.2	LOC129529380	NC_073238.2	0.646	0.989	0.97	0.5855
LOC129524654	NC_073237.2	LOC134756947	NC_073238.2	0.646	0.99	0.867	0.3
LOC129524662	NC_073237.2	LOC129530491	NC_073246.2	0.646	0.992	0.949	0.3556
LOC129524662	NC_073237.2	LOC129530564	NC_073246.2	0.646	0.995	0.952	0.2115
LOC129526121	NC_073238.2	LOC129528606	NC_073244.2	0.646	0.984	0.892	0.3649
LOC129526121	NC_073238.2	LOC129528610	NC_073244.2	0.646	0.984	0.892	0.3649
LOC129526121	NC_073238.2	LOC129528611	NC_073244.2	0.646	0.984	0.892	0.3649
LOC129526121	NC_073238.2	LOC129528615	NC_073244.2	0.646	0.984	0.892	0.3649
LOC129526121	NC_073238.2	LOC129528616	NC_073244.2	0.646	0.984	0.892	0.3649
LOC129526121	NC_073238.2	LOC129528617	NC_073244.2	0.646	0.984	0.892	0.3649
LOC129526121	NC_073238.2	LOC129528618	NC_073244.2	0.646	0.984	0.892	0.3649
LOC129526121	NC_073238.2	LOC129528619	NC_073244.2	0.646	0.984	0.89	0.3699
LOC129526152	NC_073238.2	LOC129528606	NC_073244.2	0.646	0.984	0.892	0.3649
LOC129526152	NC_073238.2	LOC129528610	NC_073244.2	0.646	0.984	0.892	0.3649
LOC129526152	NC_073238.2	LOC129528611	NC_073244.2	0.646	0.984	0.892	0.3649
LOC129526152	NC_073238.2	LOC129528615	NC_073244.2	0.646	0.984	0.892	0.3649
LOC129526152	NC_073238.2	LOC129528616	NC_073244.2	0.646	0.984	0.892	0.3649
LOC129526152	NC_073238.2	LOC129528617	NC_073244.2	0.646	0.984	0.892	0.3649
LOC129526152	NC_073238.2	LOC129528618	NC_073244.2	0.646	0.984	0.892	0.3649
LOC129526152	NC_073238.2	LOC129528619	NC_073244.2	0.646	0.984	0.89	0.3699
LOC129526203	NC_073238.2	LOC129528606	NC_073244.2	0.646	0.984	0.892	0.3649
LOC129526203	NC_073238.2	LOC129528610	NC_073244.2	0.646	0.984	0.892	0.3649
LOC129526203	NC_073238.2	LOC129528611	NC_073244.2	0.646	0.984	0.892	0.3649
LOC129526203	NC_073238.2	LOC129528615	NC_073244.2	0.646	0.984	0.892	0.3649
LOC129526203	NC_073238.2	LOC129528616	NC_073244.2	0.646	0.984	0.892	0.3649
LOC129526203	NC_073238.2	LOC129528617	NC_073244.2	0.646	0.984	0.892	0.3649
LOC129526203	NC_073238.2	LOC129528618	NC_073244.2	0.646	0.984	0.892	0.3649
LOC129526203	NC_073238.2	LOC129528619	NC_073244.2	0.646	0.984	0.89	0.3699
LOC129526208	NC_073238.2	LOC129528606	NC_073244.2	0.646	0.984	0.892	0.3649
LOC129526208	NC_073238.2	LOC129528610	NC_073244.2	0.646	0.984	0.892	0.3649
LOC129526208	NC_073238.2	LOC129528611	NC_073244.2	0.646	0.984	0.892	0.3649
LOC129526208	NC_073238.2	LOC129528615	NC_073244.2	0.646	0.984	0.892	0.3649
LOC129526208	NC_073238.2	LOC129528616	NC_073244.2	0.646	0.984	0.892	0.3649
LOC129526208	NC_073238.2	LOC129528617	NC_073244.2	0.646	0.984	0.892	0.3649
LOC129526208	NC_073238.2	LOC129528618	NC_073244.2	0.646	0.984	0.892	0.3649
LOC129526208	NC_073238.2	LOC129528619	NC_073244.2	0.646	0.984	0.89	0.3699
LOC129526210	NC_073238.2	LOC129528606	NC_073244.2	0.646	0.984	0.892	0.3649
LOC129526210	NC_073238.2	LOC129528610	NC_073244.2	0.646	0.984	0.892	0.3649
LOC129526210	NC_073238.2	LOC129528611	NC_073244.2	0.646	0.984	0.892	0.3649
LOC129526210	NC_073238.2	LOC129528615	NC_073244.2	0.646	0.984	0.892	0.3649
LOC129526210	NC_073238.2	LOC129528616	NC_073244.2	0.646	0.984	0.892	0.3649
LOC129526210	NC_073238.2	LOC129528617	NC_073244.2	0.646	0.984	0.892	0.3649
LOC129526210	NC_073238.2	LOC129528618	NC_073244.2	0.646	0.984	0.892	0.3649
LOC129526210	NC_073238.2	LOC129528619	NC_073244.2	0.646	0.984	0.89	0.3699
LOC129528441	NC_073241.2	LOC134756947	NC_073238.2	0.646	0.99	0.869	0.306
LOC129528448	NC_073241.2	LOC129530491	NC_073246.2	0.646	0.992	0.949	0.3556
LOC129528448	NC_073241.2	LOC129530564	NC_073246.2	0.646	0.995	0.952	0.2115
LOC129528460	NC_073241.2	LOC134756947	NC_073238.2	0.646	0.989	0.987	0.3722
LOC129528467	NC_073241.2	LOC134756947	NC_073238.2	0.646	0.989	0.99	0.4778
LOC129528606	NC_073244.2	LOC134757023	NC_073238.2	0.646	0.984	0.892	0.3649
LOC129528606	NC_073244.2	LOC134757024	NC_073238.2	0.646	0.984	0.892	0.3649
LOC129528610	NC_073244.2	LOC134757023	NC_073238.2	0.646	0.984	0.892	0.3649
LOC129528610	NC_073244.2	LOC134757024	NC_073238.2	0.646	0.984	0.892	0.3649
LOC129528611	NC_073244.2	LOC134757023	NC_073238.2	0.646	0.984	0.892	0.3649
LOC129528611	NC_073244.2	LOC134757024	NC_073238.2	0.646	0.984	0.892	0.3649
LOC129528615	NC_073244.2	LOC134757023	NC_073238.2	0.646	0.984	0.892	0.3649
LOC129528615	NC_073244.2	LOC134757024	NC_073238.2	0.646	0.984	0.892	0.3649
LOC129528616	NC_073244.2	LOC134757023	NC_073238.2	0.646	0.984	0.892	0.3649
LOC129528616	NC_073244.2	LOC134757024	NC_073238.2	0.646	0.984	0.892	0.3649
LOC129528617	NC_073244.2	LOC134757023	NC_073238.2	0.646	0.984	0.892	0.3649
LOC129528617	NC_073244.2	LOC134757024	NC_073238.2	0.646	0.984	0.892	0.3649
LOC129528618	NC_073244.2	LOC134757023	NC_073238.2	0.646	0.984	0.892	0.3649
LOC129528618	NC_073244.2	LOC134757024	NC_073238.2	0.646	0.984	0.892	0.3649
LOC129528619	NC_073244.2	LOC134757023	NC_073238.2	0.646	0.984	0.89	0.3699
LOC129528619	NC_073244.2	LOC134757024	NC_073238.2	0.646	0.984	0.89	0.3699
LOC134757253	NC_073240.2	LOC134757970	NC_086017.1	0.646	0.997	0.94	0.3893
LOC101133404	NC_073243.2	LOC101151653	NC_073228.2	0.645	0.886	0.883	0.0373
LOC101135462	NC_073224.2	LOC101152176	NC_073230.2	0.645	0.917	0.918	0.1236
LOC101152462	NC_073233.2	LOC115933428	NC_073240.2	0.645	0.873	0.874	0.0762
LOC101152462	NC_073233.2	LOC129526136	NC_073238.2	0.645	0.873	0.874	0.0762
LOC101152462	NC_073233.2	LOC129526436	NC_073238.2	0.645	0.878	0.874	0.0686
LOC101152462	NC_073233.2	LOC129527250	NC_073238.2	0.645	0.878	0.877	0.0792
LOC109024055	NC_073244.2	LOC129526121	NC_073238.2	0.645	0.969	0.872	0.3318
LOC109024055	NC_073244.2	LOC129526152	NC_073238.2	0.645	0.969	0.872	0.3318
LOC109024055	NC_073244.2	LOC129526203	NC_073238.2	0.645	0.969	0.872	0.3318
LOC109024055	NC_073244.2	LOC129526208	NC_073238.2	0.645	0.969	0.872	0.3318
LOC109024055	NC_073244.2	LOC129526210	NC_073238.2	0.645	0.969	0.872	0.3318
LOC109024055	NC_073244.2	LOC134757023	NC_073238.2	0.645	0.969	0.872	0.3318
LOC109024055	NC_073244.2	LOC134757024	NC_073238.2	0.645	0.969	0.872	0.3318
LOC109025909	NC_073224.2	LOC115933428	NC_073240.2	0.645	0.907	0.896	0.0566
LOC109025909	NC_073224.2	LOC129526136	NC_073238.2	0.645	0.907	0.896	0.0566
LOC109025909	NC_073224.2	LOC129526436	NC_073238.2	0.645	0.912	0.903	0.08
LOC109025909	NC_073224.2	LOC129527250	NC_073238.2	0.645	0.912	0.899	0.08
LOC101127912	NC_073224.2	LOC101152105	NC_073234.2	0.644	0.948	0.927	0.1386
LOC101145974	NC_086017.1	PYGL	NC_073239.2	0.644	0.988	0.988	0.6153
LOC129524034	NC_073224.2	LOC129525066	NC_086017.1	0.644	0.99	0.974	0.3058
ACTB	NC_073230.2	LOC129524584	NC_073237.2	0.643	0.901	0.907	0.0705
HGFAC	NC_073227.2	LOC115934282	NC_073236.2	0.643	0.984	0.984	0.4185
LOC101129206	NC_073247.2	RPS24	NC_073232.2	0.643	0.963	0.955	0.242
LOC101129567	NC_073246.2	LOC109028007	NC_073231.2	0.643	0.895	0.893	0.0536
LOC101140029	NC_073244.2	RPL39	NC_073247.2	0.643	0.887	0.823	0.1438
LOC101144947	NC_073228.2	LOC109026515	NC_073227.2	0.643	0.948	0.945	0.1259
LOC115932641	NC_073244.2	XPO6	NC_073242.2	0.643	0.998	0.918	0.2052
LOC129524675	NC_073237.2	LOC129529434	NC_086018.1	0.643	0.891	0.852	0.1484
SLC25A51	NC_073237.2	SLC25A52	NC_073241.2	0.643	0.977	0.968	0.2778
ACTB	NC_073230.2	LOC101139634	NC_073235.2	0.642	0.931	0.921	0.046
LOC101135421	NC_073244.2	LOC101144800	NC_073240.2	0.642	0.934	0.922	0.0578
LOC101138942	NC_073228.2	LOC101144800	NC_073240.2	0.642	0.949	0.943	0.1337
LOC101144800	NC_073240.2	RPL9	NC_073227.2	0.642	0.949	0.945	0.1051
LOC115931421	NC_073241.2	LOC129528719	NC_073244.2	0.642	0.994	0.9	0.3347
LOC129525577	NC_073233.2	LOC134759133	NC_073231.2	0.642	0.997	0.99	0.0587
LOC129527430	NC_073242.2	LOC129534555	NC_073229.2	0.642	0.993	0.901	0.4344
LOC129528460	NC_073241.2	LOC129530564	NC_073246.2	0.642	0.986	0.987	0.6006
LOC115931421	NC_073241.2	LOC134759270	NC_073232.2	0.641	0.993	0.865	0.4126
LOC101139366	NC_073236.2	LOC115933479	NC_073233.2	0.64	0.903	0.812	0.0759
LOC101152662	NC_086018.1	RPS9	NC_073244.2	0.64	0.94	0.829	0.2017
LOC134758744	NC_073224.2	PLA2G4B	NC_073240.2	0.64	0.987	0.986	0.6116
LOC101125671	NC_073242.2	LOC101131917	NC_073227.2	0.639	0.87	0.865	0.0699
LOC101129170	NC_073229.2	LOC129526436	NC_073238.2	0.639	0.863	0.87	0.0382
LOC101129170	NC_073229.2	LOC129527250	NC_073238.2	0.639	0.863	0.873	0.0382
LOC101134166	NC_073232.2	RPL7A	NC_073237.2	0.639	0.938	0.942	0.1684
LOC101140422	NC_073224.2	LOC109026515	NC_073227.2	0.639	0.944	0.921	0.1269
LOC101141087	NC_073236.2	LOC101152273	NC_073244.2	0.639	0.926	0.931	0.1126
LOC101146129	NC_086017.1	LOC129526436	NC_073238.2	0.639	0.917	0.908	0.0667
LOC101146129	NC_086017.1	LOC129527250	NC_073238.2	0.639	0.917	0.911	0.0667
LOC101151653	NC_073228.2	USP6	NC_073243.2	0.639	0.89	0.88	0.0418
LOC115932158	NC_073247.2	LOC129526436	NC_073238.2	0.639	0.898	0.887	0.0708
LOC115932158	NC_073247.2	LOC129527250	NC_073238.2	0.639	0.898	0.89	0.0708
LOC129524120	NC_073231.2	LOC129526436	NC_073238.2	0.639	0.868	0.877	0.042
LOC129524120	NC_073231.2	LOC129527250	NC_073238.2	0.639	0.868	0.881	0.042
DOC2B	NC_073243.2	LOC129525174	NC_073232.2	0.638	0.977	0.947	0.1794
LOC101132018	NC_073240.2	RPL9	NC_073227.2	0.638	0.949	0.913	0.0913
LOC101132879	NC_073229.2	LOC101134166	NC_073232.2	0.638	0.938	0.939	0.1739
LOC101142804	NC_073224.2	RPS2	NC_073242.2	0.638	0.941	0.941	0.1245
LOC115930148	NC_073230.2	LOC134758127	NC_086017.1	0.638	0.896	0.88	0.0312
LOC129528194	NC_073241.2	TPTE2	NC_073238.2	0.638	0.967	0.899	0.1715
LOC129529663	NC_086018.1	LOC129530379	NC_073248.2	0.638	0.953	0.928	0.0969
LOC101137069	NC_086017.1	TAF13	NC_073224.2	0.637	0.998	0.987	0.3117
LOC101139046	NC_073228.2	LOC109025084	NC_073229.2	0.637	0.967	0.957	0.2628
LOC109023795	NC_073243.2	LOC129529164	NC_073224.2	0.637	0.921	0.902	0.0972
LOC129523572	NC_073240.2	LOC129528194	NC_073241.2	0.637	0.968	0.946	0.2179
LOC129524662	NC_073237.2	LOC134756446	NC_073246.2	0.637	0.99	0.95	0.1375
LOC129528448	NC_073241.2	LOC134756446	NC_073246.2	0.637	0.99	0.95	0.1375
LOC134758759	NC_073224.2	MAPKBP1	NC_073240.2	0.637	0.988	0.987	0.4262
HIGD2A	NC_073228.2	LOC101136214	NC_086017.1	0.636	0.965	0.964	0.1221
LOC101125304	NC_073242.2	LOC101131917	NC_073227.2	0.636	0.874	0.862	0.0629
LOC101131917	NC_073227.2	LOC115931107	NC_073242.2	0.636	0.849	0.844	0.0449
LDHAL6A	NC_073233.2	LDHAL6B	NC_073240.2	0.635	0.844	0.776	0.0414
LOC101128987	NC_073224.2	LOC101135126	NC_073236.2	0.635	0.965	0.965	0.2826
LOC101129170	NC_073229.2	LOC101146129	NC_086017.1	0.635	0.875	0.896	0.0746
LOC101149837	NC_073242.2	LSM3	NC_086017.1	0.635	0.923	0.926	0.1217
LOC101152176	NC_073230.2	NPM1	NC_073228.2	0.635	0.937	0.942	0.1768
LOC109028007	NC_073231.2	LOC129526900	NC_073240.2	0.635	0.894	0.899	0.0409
HNRNPA1	NC_073234.2	LOC101134010	NC_073230.2	0.634	0.968	0.942	0.2685
IGSF3	NC_073224.2	LOC129524670	NC_073237.2	0.634	0.963	0.862	0.1594
KMT2C	NC_073230.2	LOC129524600	NC_073237.2	0.634	0.977	0.956	0.0437
LOC101134365	NC_073247.2	LOC101135462	NC_073224.2	0.634	0.91	0.919	0.1474
LOC101135462	NC_073224.2	LOC101137437	NC_073240.2	0.634	0.937	0.917	0.1496
LOC101135462	NC_073224.2	LOC115935247	NC_073230.2	0.634	0.962	0.953	0.3098
LOC101135462	NC_073224.2	NPM1	NC_073228.2	0.634	0.964	0.961	0.277
LOC101152273	NC_073244.2	LOC129526900	NC_073240.2	0.634	0.962	0.961	0.1921
LOC129527979	NC_073243.2	LOC129534780	NC_073230.2	0.634	0.97	0.866	0.1491
BMS1	NC_073232.2	LOC101138622	NC_073240.2	0.633	0.966	0.941	0.0639
FAM32A	NC_073244.2	LOC129529551	NC_086018.1	0.633	0.899	0.907	0.0392
LOC101124648	NC_073224.2	LOC109027802	NC_073232.2	0.633	0.97	0.956	0.0562
LOC101129492	NC_073234.2	LOC109028007	NC_073231.2	0.633	0.866	0.863	0.0504
LOC101130354	NC_073227.2	LOC115934341	NC_086017.1	0.633	0.932	0.923	0.1101
LOC101133404	NC_073243.2	LOC129533458	NC_073228.2	0.633	0.886	0.882	0.0367
LOC101148271	NC_073230.2	LOC115932637	NC_073240.2	0.633	0.975	0.977	0.1376
LOC101148271	NC_073230.2	LOC129532017	NC_073235.2	0.633	0.976	0.976	0.1445
LOC129524600	NC_073237.2	LOC134756432	NC_073236.2	0.633	0.985	0.905	0.1524
LOC129524600	NC_073237.2	LOC134757222	NC_073240.2	0.633	0.985	0.905	0.1524
LOC129526731	NC_073239.2	MALRD1	NC_073232.2	0.633	0.972	0.973	0.1168
LOC134757302	NC_073240.2	POTEA	NC_073231.2	0.633	0.886	0.862	0.0369
CDC27	NC_073228.2	LOC129526253	NC_073238.2	0.632	0.967	0.964	0.1097
EEF2KMT	NC_073242.2	LOC101130354	NC_073227.2	0.632	0.946	0.871	0.1241
FDPS	NC_073224.2	LOC109027640	NC_073230.2	0.632	0.919	0.91	0.0383
KMT2C	NC_073230.2	LOC134756446	NC_073246.2	0.632	0.979	0.966	0.0819
LOC101130354	NC_073227.2	LOC101133440	NC_073231.2	0.632	0.94	0.934	0.1252
LOC101130354	NC_073227.2	LOC101139163	NC_086017.1	0.632	0.94	0.925	0.1437
LOC101130354	NC_073227.2	LOC101152938	NC_073233.2	0.632	0.92	0.915	0.0831
LOC101140424	NC_073232.2	SDHC	NC_073224.2	0.632	0.947	0.937	0.1117
LOC129524600	NC_073237.2	LOC129529380	NC_073238.2	0.632	0.989	0.987	0.5615
LOC129524832	NC_073232.2	LOC134756370	NC_086017.1	0.632	0.992	0.98	0.381
LOC129532627	NC_086017.1	LOC129532895	NC_073227.2	0.632	0.991	0.897	0.2287
LOC129533458	NC_073228.2	USP6	NC_073243.2	0.632	0.89	0.881	0.0411
LOC101126634	NC_073241.2	RHBDD3	NC_086018.1	0.631	0.989	0.926	0.3719
LOC101129444	NC_073246.2	LOC101134822	NC_073229.2	0.631	0.953	0.948	0.094
LOC101134822	NC_073229.2	MEMO1	NC_073236.2	0.631	0.962	0.954	0.0913
LOC101135450	NC_073247.2	MRPL32	NC_073230.2	0.631	0.928	0.929	0.0845
LOC129524470	NC_073237.2	LOC134756432	NC_073236.2	0.631	0.99	0.926	0.1621
LOC129524470	NC_073237.2	LOC134757222	NC_073240.2	0.631	0.99	0.926	0.1621
LOC129524654	NC_073237.2	LOC134756432	NC_073236.2	0.631	0.987	0.921	0.1364
LOC129524654	NC_073237.2	LOC134757222	NC_073240.2	0.631	0.987	0.921	0.1364
LOC129525277	NC_073233.2	LOC129526900	NC_073240.2	0.631	0.923	0.924	0.0498
LOC129526580	NC_073242.2	LOC129532895	NC_073227.2	0.631	0.993	0.993	0.5749
LOC129528441	NC_073241.2	LOC134756432	NC_073236.2	0.631	0.987	0.921	0.1394
LOC129528441	NC_073241.2	LOC134757222	NC_073240.2	0.631	0.987	0.921	0.1394
LOC129528445	NC_073241.2	LOC134756432	NC_073236.2	0.631	0.982	0.921	0.1326
LOC129528445	NC_073241.2	LOC134757222	NC_073240.2	0.631	0.982	0.921	0.1326
LOC129528460	NC_073241.2	LOC134756432	NC_073236.2	0.631	0.987	0.918	0.1815
LOC129528460	NC_073241.2	LOC134757222	NC_073240.2	0.631	0.987	0.918	0.1815
LOC129528467	NC_073241.2	LOC134756432	NC_073236.2	0.631	0.985	0.924	0.1489
LOC129528467	NC_073241.2	LOC134757222	NC_073240.2	0.631	0.985	0.924	0.1489
LOC129529380	NC_073238.2	LOC134756432	NC_073236.2	0.631	0.99	0.929	0.1399
LOC129529380	NC_073238.2	LOC134757222	NC_073240.2	0.631	0.99	0.929	0.1399
LOC129530485	NC_073246.2	LOC134756432	NC_073236.2	0.631	0.997	0.895	0.3702
LOC129530485	NC_073246.2	LOC134757222	NC_073240.2	0.631	0.997	0.895	0.3702
LOC129530564	NC_073246.2	LOC134756432	NC_073236.2	0.631	0.997	0.936	0.1965
LOC129530564	NC_073246.2	LOC134757222	NC_073240.2	0.631	0.997	0.936	0.1965
LOC129531638	NC_073236.2	MRPL36	NC_073243.2	0.631	0.974	0.942	0.1613
LOC134756432	NC_073236.2	LOC134756446	NC_073246.2	0.631	0.99	0.939	0.1205
LOC134756446	NC_073246.2	LOC134757222	NC_073240.2	0.631	0.99	0.939	0.1205
LOC101124387	NC_073224.2	LOC101153588	NC_073228.2	0.63	0.912	0.901	0.0932
LOC101125185	NC_073240.2	LOC101152626	NC_073243.2	0.63	0.919	0.889	0.1043
LOC101125924	NC_073241.2	MIX23	NC_086017.1	0.63	0.967	0.864	0.2044
LOC101127181	NC_073224.2	LOC129531710	NC_073236.2	0.63	0.934	0.955	0.2476
LOC101151349	NC_073247.2	LOC129531710	NC_073236.2	0.63	0.948	0.958	0.1781
LOC129528750	NC_073244.2	LOC129534555	NC_073229.2	0.63	0.987	0.881	0.4
DOC2B	NC_073243.2	LOC115933194	NC_086017.1	0.629	0.984	0.949	0.0906
EEF2KMT	NC_073242.2	LOC134756549	NC_073234.2	0.629	0.955	0.957	0.1577
HNRNPCL1	NC_073224.2	LOC115930071	NC_073239.2	0.629	0.941	0.936	0.078
LOC101128260	NC_073231.2	LOC134756549	NC_073234.2	0.629	0.943	0.959	0.1489
LOC101148340	NC_073224.2	LOC115930071	NC_073239.2	0.629	0.94	0.935	0.0835
LOC115933194	NC_086017.1	LOC129532956	NC_073227.2	0.629	0.986	0.99	0.403
LOC115933194	NC_086017.1	LOC134757295	NC_073240.2	0.629	0.992	0.962	0.225
ARHGAP23	NC_073228.2	LOC129527211	NC_073238.2	0.628	0.971	0.972	0.1278
EI24	NC_073233.2	LOC115931433	NC_073241.2	0.628	0.996	0.995	0.7239
LOC101139117	NC_073233.2	LOC129532776	NC_086017.1	0.628	0.873	0.881	0.0425
LOC115933194	NC_086017.1	LOC129524034	NC_073224.2	0.628	0.987	0.966	0.2719
LOC115933558	NC_073236.2	LOC129527211	NC_073238.2	0.628	0.987	0.952	0.4659
LOC129523739	NC_073230.2	LOC129524832	NC_073232.2	0.628	0.99	0.971	0.3333
LOC129523993	NC_073224.2	LOC129524832	NC_073232.2	0.628	0.988	0.976	0.2976
LOC129524832	NC_073232.2	LOC129526566	NC_073239.2	0.628	0.988	0.969	0.3619
LOC129524832	NC_073232.2	LOC129528382	NC_073241.2	0.628	0.988	0.976	0.2976
LOC129524832	NC_073232.2	LOC129532626	NC_086017.1	0.628	0.988	0.969	0.3013
LOC129528444	NC_073241.2	LOC129530464	NC_073238.2	0.628	0.984	0.985	0.4834
LOC129528444	NC_073241.2	LOC129530486	NC_073246.2	0.628	0.984	0.985	0.557
LOC129528444	NC_073241.2	LOC129530565	NC_073246.2	0.628	0.984	0.986	0.5639
LOC101141368	NC_086017.1	RPL17	NC_073241.2	0.627	0.98	0.814	0.1362
LOC101144988	NC_073247.2	RPS26	NC_073234.2	0.627	0.968	0.932	0.0818
LOC101152176	NC_073230.2	LOC129533589	NC_073228.2	0.627	0.932	0.939	0.0493
LOC129527211	NC_073238.2	LOC129527345	NC_073242.2	0.627	0.956	0.957	0.2116
HNRNPA1	NC_073234.2	LOC101130214	NC_086017.1	0.626	0.99	0.992	0.5422
LOC115932915	NC_073238.2	LOC134757223	NC_073240.2	0.626	0.989	0.972	0.4218
LOC129524661	NC_073237.2	LOC129530571	NC_073246.2	0.626	0.981	0.9	0.3113
LOC129526750	NC_073239.2	SCOC	NC_073227.2	0.626	0.895	0.895	0.0335
LOC129528453	NC_073241.2	LOC129530571	NC_073246.2	0.626	0.981	0.9	0.3113
LOC129523503	NC_073236.2	LRPAP1	NC_073227.2	0.625	0.99	0.969	0.0756
LOC129523934	NC_073230.2	LOC129524036	NC_073243.2	0.625	0.995	0.99	0.6033
LOC129524036	NC_073243.2	LOC129526580	NC_073242.2	0.625	0.996	0.99	0.4923
DEFB130B	NC_073231.2	LOC115934310	NC_073227.2	0.624	0.98	0.97	0.2692
LOC101128093	NC_073228.2	LOC115931945	NC_086018.1	0.624	0.936	0.91	0.0817
LOC101132325	NC_073247.2	MKRN1	NC_073230.2	0.624	0.92	0.845	0.1158
LOC101137437	NC_073240.2	LOC115935247	NC_073230.2	0.624	0.956	0.928	0.216
LOC101137437	NC_073240.2	LOC129533589	NC_073228.2	0.624	0.949	0.941	0.0556
LOC101137437	NC_073240.2	NPM1	NC_073228.2	0.624	0.958	0.945	0.2061
LOC101138362	NC_073230.2	PRR13	NC_073234.2	0.624	0.847	0.869	0.0436
LOC101152675	NC_073237.2	LOC129531486	NC_073236.2	0.624	0.991	0.966	0.2134
LOC129524832	NC_073232.2	LOC129525416	NC_073233.2	0.624	0.992	0.985	0.3347
LOC129524832	NC_073232.2	LOC129525765	NC_073234.2	0.624	0.988	0.974	0.3363
LOC129524832	NC_073232.2	LOC129527430	NC_073242.2	0.624	0.99	0.98	0.3575
LOC129524832	NC_073232.2	LOC129527885	NC_073243.2	0.624	0.988	0.974	0.3363
LOC129524832	NC_073232.2	LOC129528750	NC_073244.2	0.624	0.99	0.982	0.3261
LOC129524832	NC_073232.2	LOC129531752	NC_073236.2	0.624	0.992	0.985	0.3376
LOC129524832	NC_073232.2	LOC129532807	NC_073227.2	0.624	0.992	0.985	0.3347
LOC129524832	NC_073232.2	LOC129532980	NC_073240.2	0.624	0.992	0.985	0.345
LOC129524832	NC_073232.2	LOC134756371	NC_073227.2	0.624	0.988	0.982	0.3071
LOC129528280	NC_073241.2	LOC134757970	NC_086017.1	0.624	0.995	0.918	0.3623
LOC129534573	NC_073229.2	LOC134757970	NC_086017.1	0.624	0.994	0.919	0.3559
FRG1	NC_073227.2	LOC129528236	NC_073241.2	0.623	0.964	0.896	0.1648
GLUD1	NC_073232.2	GLUD2	NC_073247.2	0.623	0.968	0.966	0.337
LOC101152273	NC_073244.2	LOC109028007	NC_073231.2	0.623	0.907	0.912	0.0452
LOC129523881	NC_073230.2	LOC134758407	NC_073227.2	0.623	0.966	0.948	0.1296
LOC101137570	NC_073243.2	OFD1	NC_073247.2	0.622	0.953	0.943	0.2434
LOC101142904	NC_073246.2	LOC129528236	NC_073241.2	0.622	0.949	0.874	0.1613
LOC129528093	NC_073243.2	OFD1	NC_073247.2	0.622	0.954	0.94	0.2153
LOC129532266	NC_086017.1	RPL39	NC_073247.2	0.622	0.92	0.859	0.1258
RAB6A	NC_073233.2	RAB6D	NC_073235.2	0.621	0.96	0.958	0.191
LOC101125987	NC_073224.2	LOC101141508	NC_073244.2	0.619	0.825	0.838	0.0517
LOC101133427	NC_073230.2	RPL36AL	NC_073239.2	0.619	0.836	0.726	0.0435
LOC101153588	NC_073228.2	LOC129525115	NC_073232.2	0.619	0.917	0.916	0.0344
LOC129525778	NC_073234.2	MALRD1	NC_073232.2	0.619	0.986	0.972	0.0397
LOC129525779	NC_073234.2	MALRD1	NC_073232.2	0.619	0.986	0.972	0.0397
LOC129527275	NC_073240.2	LOC129531947	NC_073235.2	0.619	0.978	0.98	0.4802
LOC129532980	NC_073240.2	LOC129534555	NC_073229.2	0.619	0.996	0.879	0.4977
LOC101127312	NC_073236.2	LOC129533515	NC_073224.2	0.618	0.861	0.859	0.039
LOC101131021	NC_073224.2	LOC101133011	NC_073239.2	0.618	0.856	0.856	0.0413
LOC101135797	NC_086018.1	LOC129532449	NC_086017.1	0.618	0.907	0.891	0.0752
LOC115931699	NC_073236.2	LOC115933013	NC_073238.2	0.618	0.987	0.987	0.6288
LOC129524028	NC_073231.2	LOC129534553	NC_073229.2	0.618	0.991	0.988	0.68
LOC129524658	NC_073237.2	LOC129528459	NC_073241.2	0.618	0.993	0.991	0.5049
LOC129528460	NC_073241.2	LOC134756446	NC_073246.2	0.618	0.982	0.979	0.3561
LOC129529380	NC_073238.2	LOC129530491	NC_073246.2	0.618	0.99	0.897	0.2019
LOC134758715	NC_073224.2	MAPKBP1	NC_073240.2	0.618	0.988	0.985	0.4735
AURKA	NC_073245.2	LOC109028275	NC_073224.2	0.617	0.953	0.925	0.1164
LOC101139707	NC_073247.2	WASF2	NC_073224.2	0.617	0.964	0.97	0.1671
LOC101142362	NC_073238.2	LOC115931699	NC_073236.2	0.617	0.994	0.993	0.7838
LOC129528236	NC_073241.2	LOC129530552	NC_086018.1	0.617	0.951	0.876	0.0323
LOC129529231	NC_073224.2	LOC134758128	NC_086017.1	0.617	0.951	0.952	0.218
LOC101132116	NC_073224.2	LOC101140048	NC_073247.2	0.616	0.956	0.927	0.0919
LOC101140048	NC_073247.2	LOC115934295	NC_073227.2	0.616	0.948	0.865	0.1456
RPL39	NC_073247.2	RPL39L	NC_086017.1	0.616	0.906	0.839	0.0942
ARL4A	NC_073230.2	LOC101135338	NC_073232.2	0.615	0.937	0.933	0.0906
LOC101124600	NC_073244.2	LOC129526209	NC_073238.2	0.614	0.976	0.829	0.287
LOC101126985	NC_073242.2	LOC109024112	NC_073224.2	0.614	0.922	0.918	0.1944
LOC129525556	NC_073233.2	LOC129534177	NC_073229.2	0.614	0.968	0.972	0.2282
LOC129526209	NC_073238.2	LOC129528623	NC_073244.2	0.614	0.974	0.971	0.4171
LOC129526209	NC_073238.2	LOC129528624	NC_073244.2	0.614	0.974	0.971	0.4171
LOC129526209	NC_073238.2	LOC129528625	NC_073244.2	0.614	0.974	0.971	0.4171
LOC129534177	NC_073229.2	LOC134756357	NC_073224.2	0.614	0.971	0.972	0.1048
LOC129534177	NC_073229.2	LOC134756800	NC_073236.2	0.614	0.97	0.938	0.1902
LOC101142376	NC_073244.2	LOC115933091	NC_073233.2	0.613	0.986	0.908	0.2247
LOC109024060	NC_073244.2	LOC129525464	NC_073233.2	0.613	0.836	0.843	0.0801
LOC129524658	NC_073237.2	LOC129528469	NC_073241.2	0.613	0.989	0.987	0.4994
LOC101124600	NC_073244.2	LOC129526127	NC_073238.2	0.612	0.976	0.827	0.287
LOC101129567	NC_073246.2	LOC129526900	NC_073240.2	0.612	0.93	0.872	0.0683
LOC101142376	NC_073244.2	LOC129532712	NC_073232.2	0.612	0.983	0.915	0.0869
LOC129524658	NC_073237.2	LOC129528464	NC_073241.2	0.612	0.983	0.984	0.4468
LOC129526127	NC_073238.2	LOC129528623	NC_073244.2	0.612	0.974	0.971	0.4171
LOC129526127	NC_073238.2	LOC129528624	NC_073244.2	0.612	0.974	0.971	0.4171
LOC129526127	NC_073238.2	LOC129528625	NC_073244.2	0.612	0.974	0.971	0.4171
LOC129526389	NC_073238.2	LRPAP1	NC_073227.2	0.612	0.991	0.966	0.1175
LOC129530491	NC_073246.2	LOC129530544	NC_073236.2	0.612	0.996	0.9	0.2367
LOC129532017	NC_073235.2	LOC129534177	NC_073229.2	0.612	0.988	0.986	0.1536
EIF2S2	NC_073245.2	LOC101143155	NC_073232.2	0.611	0.964	0.937	0.2623
LOC101144552	NC_073235.2	LOC129534177	NC_073229.2	0.611	0.989	0.923	0.0968
LOC115932637	NC_073240.2	LOC129534177	NC_073229.2	0.611	0.985	0.985	0.1238
LOC129529226	NC_073224.2	PLA2G4B	NC_073240.2	0.611	0.988	0.987	0.5816
LOC129531982	NC_073224.2	PLA2G4B	NC_073240.2	0.611	0.987	0.986	0.6495
LOC129532624	NC_073230.2	LOC129534177	NC_073229.2	0.611	0.991	0.991	0.1773
LOC101129170	NC_073229.2	LOC109023149	NC_073239.2	0.61	0.854	0.875	0.0472
LOC101148271	NC_073230.2	LOC129534177	NC_073229.2	0.61	0.976	0.978	0.389
LOC109025285	NC_073232.2	RPS29	NC_073239.2	0.61	0.98	0.977	0.1262
LOC115931052	NC_073242.2	SMIM30	NC_073230.2	0.61	0.997	0.996	0.3623
LOC129525416	NC_073233.2	LOC129534555	NC_073229.2	0.61	0.998	0.882	0.5442
LOC129528466	NC_073241.2	LOC129529647	NC_086018.1	0.61	0.984	0.987	0.5846
LOC129531752	NC_073236.2	LOC129534555	NC_073229.2	0.61	0.996	0.881	0.5207
LOC129532807	NC_073227.2	LOC129534555	NC_073229.2	0.61	0.998	0.882	0.5442
LOC129534555	NC_073229.2	LOC134756371	NC_073227.2	0.61	0.994	0.879	0.5091
LOC101139634	NC_073235.2	LOC101140864	NC_073238.2	0.609	0.932	0.863	0.0557
LOC115933037	NC_073238.2	LOC129530229	NC_073248.2	0.609	0.98	0.983	0.482
LOC129524656	NC_073237.2	LOC129526957	NC_073236.2	0.609	0.98	0.82	0.0448
LOC129525065	NC_073232.2	LOC129534554	NC_073229.2	0.609	0.983	0.983	0.0666
LOC129534111	NC_073229.2	RBBP4	NC_073224.2	0.609	0.942	0.945	0.1513
EIF5A	NC_073243.2	LOC129524935	NC_073232.2	0.608	0.974	0.971	0.1745
LOC101142993	NC_073229.2	LOC109028392	NC_073237.2	0.608	0.936	0.867	0.2723
LOC129528163	NC_073241.2	LOC129530564	NC_073246.2	0.608	0.996	0.994	0.5899
LOC129532055	NC_073224.2	MAPKBP1	NC_073240.2	0.608	0.986	0.985	0.4995
LOC129534554	NC_073229.2	LOC134757481	NC_073242.2	0.608	0.989	0.961	0.1983
LOC101136779	NC_073247.2	SUMO4	NC_073229.2	0.607	0.889	0.9	0.0987
LOC101148899	NC_073229.2	LOC115934363	NC_073227.2	0.607	0.94	0.942	0.1036
LOC115932641	NC_073244.2	LOC134757470	NC_073242.2	0.607	0.999	0.976	0.3625
LOC129528333	NC_073224.2	SUMO4	NC_073229.2	0.607	0.899	0.895	0.0868
SUMO2	NC_073228.2	SUMO4	NC_073229.2	0.607	0.902	0.913	0.0871
LOC101123968	NC_073227.2	LOC101128508	NC_086017.1	0.606	0.977	0.977	0.3742
LOC101143315	NC_073238.2	LOC115931086	NC_073242.2	0.606	0.96	0.958	0.1383
LOC109026103	NC_086017.1	SS18	NC_073241.2	0.606	0.993	0.987	0.277
LOC115935567	NC_073231.2	SRRM1	NC_073224.2	0.606	0.969	0.928	0.1676
LOC129523934	NC_073230.2	LOC129525411	NC_073233.2	0.606	0.991	0.919	0.2591
LOC101128508	NC_086017.1	LOC129532820	NC_073227.2	0.605	0.981	0.978	0.3889
LOC109025001	NC_073242.2	SNRPE	NC_073224.2	0.605	0.951	0.825	0.0843
LOC101140029	NC_073244.2	LOC129532266	NC_086017.1	0.604	0.859	0.848	0.052
LOC101154318	NC_073244.2	LOC129526209	NC_073238.2	0.604	0.984	0.874	0.2257
LOC129524656	NC_073237.2	LOC129526385	NC_073238.2	0.604	0.984	0.919	0.0486
LOC129524656	NC_073237.2	LOC129526398	NC_073238.2	0.604	0.98	0.953	0.0533
LOC129524656	NC_073237.2	LOC134756703	NC_073236.2	0.604	0.984	0.87	0.0753
LOC129524656	NC_073237.2	LOC134757216	NC_073240.2	0.604	0.984	0.818	0.0407
LOC129526209	NC_073238.2	LOC129528606	NC_073244.2	0.604	0.984	0.976	0.4299
LOC129526209	NC_073238.2	LOC129528610	NC_073244.2	0.604	0.984	0.976	0.4299
LOC129526209	NC_073238.2	LOC129528611	NC_073244.2	0.604	0.984	0.976	0.4299
LOC129526209	NC_073238.2	LOC129528615	NC_073244.2	0.604	0.984	0.976	0.4299
LOC129526209	NC_073238.2	LOC129528616	NC_073244.2	0.604	0.984	0.976	0.4299
LOC129526209	NC_073238.2	LOC129528617	NC_073244.2	0.604	0.984	0.976	0.4299
LOC129526209	NC_073238.2	LOC129528618	NC_073244.2	0.604	0.984	0.976	0.4299
LOC129526209	NC_073238.2	LOC129528619	NC_073244.2	0.604	0.984	0.978	0.4292
GABARAPL1	NC_073234.2	LOC101126737	NC_073240.2	0.603	0.958	0.945	0.032
LOC101127811	NC_073235.2	LOC101147117	NC_073229.2	0.603	0.889	0.76	0.0916
LOC101128508	NC_086017.1	LOC129532829	NC_073227.2	0.603	0.979	0.978	0.3718
LOC101143675	NC_073235.2	LOC134758146	NC_086017.1	0.603	0.925	0.891	0.1145
LOC101146129	NC_086017.1	LOC115933428	NC_073240.2	0.603	0.912	0.909	0.0545
LOC101146129	NC_086017.1	LOC129526136	NC_073238.2	0.603	0.912	0.909	0.0545
LOC101147117	NC_073229.2	LOC129526222	NC_073238.2	0.603	0.889	0.859	0.0571
LOC101153373	NC_073245.2	LOC109024112	NC_073224.2	0.603	0.956	0.93	0.1167
LOC109024055	NC_073244.2	LOC129526209	NC_073238.2	0.603	0.969	0.966	0.3774
LIN28A	NC_073224.2	LOC101145031	NC_073235.2	0.602	0.915	0.908	0.0404
LOC101133404	NC_073243.2	LOC129533797	NC_073228.2	0.602	0.87	0.866	0.034
LOC101154318	NC_073244.2	LOC129526127	NC_073238.2	0.602	0.984	0.862	0.2257
LOC115932829	NC_073236.2	NLK	NC_073228.2	0.602	0.997	0.997	0.8095
LOC129523820	NC_073230.2	LOC129525576	NC_073233.2	0.602	0.987	0.872	0.2111
LOC129525576	NC_073233.2	MORN5	NC_073237.2	0.602	0.977	0.841	0.2091
LOC129526127	NC_073238.2	LOC129528606	NC_073244.2	0.602	0.984	0.976	0.4299
LOC129526127	NC_073238.2	LOC129528610	NC_073244.2	0.602	0.984	0.976	0.4299
LOC129526127	NC_073238.2	LOC129528611	NC_073244.2	0.602	0.984	0.976	0.4299
LOC129526127	NC_073238.2	LOC129528615	NC_073244.2	0.602	0.984	0.976	0.4299
LOC129526127	NC_073238.2	LOC129528616	NC_073244.2	0.602	0.984	0.976	0.4299
LOC129526127	NC_073238.2	LOC129528617	NC_073244.2	0.602	0.984	0.976	0.4299
LOC129526127	NC_073238.2	LOC129528618	NC_073244.2	0.602	0.984	0.976	0.4299
LOC129526127	NC_073238.2	LOC129528619	NC_073244.2	0.602	0.984	0.978	0.4292
ALDH1B1	NC_073237.2	LOC115935842	NC_073236.2	0.601	0.98	0.977	0.46
DOC2B	NC_073243.2	LOC129523819	NC_073230.2	0.601	0.986	0.913	0.1232
LOC101125185	NC_073240.2	LOC109024079	NC_073244.2	0.601	0.919	0.901	0.0688
LOC101127139	NC_073230.2	LOC115933796	NC_073235.2	0.601	0.947	0.915	0.2231
LOC101136485	NC_073228.2	LOC101148588	NC_073237.2	0.601	0.942	0.907	0.1918
LOC109024055	NC_073244.2	LOC129526127	NC_073238.2	0.601	0.969	0.966	0.3774
LOC115933217	NC_073230.2	LOC115933796	NC_073235.2	0.601	0.949	0.941	0.1955
LOC129523819	NC_073230.2	LOC129532956	NC_073227.2	0.601	0.992	0.995	0.6328
LOC129523819	NC_073230.2	LOC134757295	NC_073240.2	0.601	0.997	0.907	0.2964
LOC129523820	NC_073230.2	LOC129534555	NC_073229.2	0.601	0.989	0.938	0.2475
LOC129524600	NC_073237.2	LOC129528196	NC_073241.2	0.601	0.992	0.899	0.2541
LOC129524654	NC_073237.2	LOC129528196	NC_073241.2	0.601	0.994	0.893	0.23
LOC129526335	NC_073238.2	RPS3	NC_073233.2	0.601	0.991	0.873	0.2739
LOC101150533	NC_073235.2	MSL3	NC_073247.2	0.6	0.927	0.907	0.1302
LOC109027802	NC_073232.2	LOC115933023	NC_073231.2	0.6	0.959	0.854	0.0727
LOC129523572	NC_073240.2	LOC129528447	NC_073241.2	0.6	0.967	0.902	0.2292
LOC129525067	NC_073232.2	LOC129525576	NC_073233.2	0.6	0.982	0.908	0.0916
LOC129528447	NC_073241.2	LOC129530492	NC_073246.2	0.6	0.989	0.923	0.4172
LOC129529611	NC_086018.1	LOC134756663	NC_073235.2	0.6	0.913	0.915	0.0361
LIMK2	NC_086018.1	LOC115930203	NC_073234.2	0.599	0.955	0.946	0.0463
LOC101142993	NC_073229.2	LOC115935839	NC_073237.2	0.599	0.958	0.886	0.2437
LOC109024584	NC_086018.1	SLC25A5	NC_073247.2	0.599	0.929	0.946	0.0644
LOC129524661	NC_073237.2	LOC129528465	NC_073241.2	0.599	0.986	0.957	0.5543
LOC129524661	NC_073237.2	LOC134757391	NC_073241.2	0.599	0.985	0.965	0.4238
LOC129524664	NC_073237.2	LOC129530464	NC_073238.2	0.599	0.99	0.986	0.6193
LOC129524670	NC_073237.2	LOC129530464	NC_073238.2	0.599	0.99	0.984	0.5823
LOC129528447	NC_073241.2	TPTE2	NC_073238.2	0.599	0.968	0.892	0.1769
LOC129533569	NC_073228.2	LOC134758127	NC_086017.1	0.599	0.934	0.874	0.1104
ANP32A	NC_073240.2	ANP32D	NC_073234.2	0.598	0.935	0.933	0.0891
LOC115930151	NC_073240.2	LOC129534177	NC_073229.2	0.598	0.972	0.877	0.2468
LOC115932779	NC_073242.2	LOC115933039	NC_073244.2	0.598	0.997	0.996	0.8019
LOC115936058	NC_073229.2	LOC129529611	NC_086018.1	0.598	0.996	0.988	0.0785
LOC129526398	NC_073238.2	LOC134756703	NC_073236.2	0.598	0.991	0.89	0.2284
LOC129528280	NC_073241.2	LOC129529611	NC_086018.1	0.598	0.992	0.983	0.0709
LOC129529611	NC_086018.1	LOC129534573	NC_073229.2	0.598	0.996	0.99	0.087
LOC134758137	NC_086017.1	LOC134759136	NC_073231.2	0.598	0.975	0.813	0.2996
LOC101154053	NC_086017.1	RPS29	NC_073239.2	0.597	0.979	0.955	0.0559
LOC129524028	NC_073231.2	LOC134759270	NC_073232.2	0.597	0.989	0.854	0.3409
LOC129528466	NC_073241.2	LOC134757055	NC_073238.2	0.597	0.993	0.993	0.6923
LOC129533797	NC_073228.2	USP6	NC_073243.2	0.597	0.872	0.834	0.0464
LOC129534553	NC_073229.2	LOC134759270	NC_073232.2	0.597	0.988	0.856	0.3204
LOC134758137	NC_086017.1	LOC134759135	NC_073231.2	0.597	0.977	0.961	0.2826
LOC101130806	NC_073233.2	LOC101147931	NC_073228.2	0.596	0.847	0.811	0.0376
LOC109027583	NC_073230.2	ZNF723	NC_073244.2	0.596	0.816	0.808	0.0335
LOC115933796	NC_073235.2	PMS2	NC_073230.2	0.596	0.963	0.946	0.0489
LOC129524658	NC_073237.2	LOC129528193	NC_073241.2	0.596	0.984	0.986	0.4725
LOC129534710	NC_073230.2	ZNF723	NC_073244.2	0.596	0.817	0.808	0.034
FBXW10	NC_073228.2	LOC101143828	NC_073243.2	0.595	0.987	0.989	0.689
LOC101126173	NC_073241.2	NFE2L3	NC_073230.2	0.595	0.969	0.96	0.239
LOC129527105	NC_073240.2	LOC134756437	NC_073224.2	0.595	0.984	0.826	0.2789
LOC129528719	NC_073244.2	LOC134759270	NC_073232.2	0.595	0.997	0.965	0.5414
ZNF675	NC_073244.2	ZNF92	NC_073230.2	0.595	0.829	0.843	0.0498
ACTN1	NC_073239.2	ACTN4	NC_073244.2	0.594	0.831	0.769	0.03
GABPA	NC_073246.2	LOC109027585	NC_073230.2	0.594	0.985	0.983	0.182
LOC101124387	NC_073224.2	LOC115933479	NC_073233.2	0.594	0.921	0.919	0.1075
LOC101127912	NC_073224.2	LOC109025874	NC_073235.2	0.594	0.906	0.88	0.0455
LOC101130728	NC_073224.2	LOC129527105	NC_073240.2	0.594	0.988	0.925	0.124
LOC101147502	NC_073242.2	LOC115933253	NC_073248.2	0.594	0.984	0.96	0.4125
LOC129523703	NC_073230.2	LOC129526580	NC_073242.2	0.594	0.998	0.986	0.6907
LOC129527105	NC_073240.2	LOC134758754	NC_073224.2	0.594	0.988	0.921	0.1246
CDK2AP2	NC_073233.2	LOC129526976	NC_073240.2	0.593	0.897	0.909	0.0641
LOC101145089	NC_073230.2	LOC109025964	NC_073235.2	0.593	0.932	0.91	0.034
LOC101152383	NC_073240.2	LOC115933399	NC_073238.2	0.593	0.994	0.95	0.1215
LOC115933152	NC_073236.2	LOC134757820	NC_073245.2	0.593	0.933	0.914	0.0343
LOC129528196	NC_073241.2	LOC134756446	NC_073246.2	0.593	0.982	0.883	0.1679
LOC129531435	NC_073236.2	LOC134757820	NC_073245.2	0.593	0.945	0.925	0.0325
LOC101147117	NC_073229.2	TMEM42	NC_086017.1	0.592	0.887	0.896	0.0874
HMGB1	NC_073238.2	LOC109025566	NC_073233.2	0.591	0.934	0.912	0.0563
KMT5A	NC_073234.2	LOC129529426	NC_086018.1	0.591	0.987	0.963	0.3674
LOC101126856	NC_073240.2	U2AF1	NC_073246.2	0.591	0.956	0.951	0.0976
LOC101147253	NC_073247.2	LOC129533515	NC_073224.2	0.591	0.869	0.831	0.0494
LOC129524663	NC_073237.2	LOC129528193	NC_073241.2	0.591	0.987	0.988	0.6492
LOC129524663	NC_073237.2	LOC129528464	NC_073241.2	0.591	0.984	0.976	0.6037
LOC129524663	NC_073237.2	LOC129530464	NC_073238.2	0.591	0.983	0.985	0.4783
LOC129524663	NC_073237.2	LOC129530486	NC_073246.2	0.591	0.987	0.986	0.5599
LOC129524663	NC_073237.2	LOC129530565	NC_073246.2	0.591	0.987	0.987	0.5645
LOC129528459	NC_073241.2	LOC129530464	NC_073238.2	0.591	0.981	0.984	0.468
LOC129528459	NC_073241.2	LOC129530486	NC_073246.2	0.591	0.985	0.985	0.5478
LOC129528459	NC_073241.2	LOC129530565	NC_073246.2	0.591	0.985	0.986	0.5523
CES4A	NC_073242.2	LOC129531429	NC_073236.2	0.59	0.974	0.978	0.3845
HMGN2	NC_073224.2	LOC101148869	NC_073240.2	0.59	0.981	0.984	0.4083
LOC101127555	NC_073233.2	LOC101147117	NC_073229.2	0.59	0.909	0.91	0.1127
LOC101127636	NC_073230.2	LOC115930424	NC_073238.2	0.59	0.977	0.916	0.2944
LOC101135754	NC_073242.2	LOC101145089	NC_073230.2	0.59	0.932	0.916	0.065
LOC101135797	NC_086018.1	RPS18	NC_073229.2	0.59	0.917	0.877	0.0821
LOC101139366	NC_073236.2	LOC101147117	NC_073229.2	0.59	0.887	0.897	0.0575
LOC101140340	NC_086017.1	LOC101147117	NC_073229.2	0.59	0.896	0.885	0.0357
LOC101144515	NC_073233.2	LOC101147117	NC_073229.2	0.59	0.896	0.9	0.0857
LOC101147117	NC_073229.2	LOC101152412	NC_073246.2	0.59	0.917	0.917	0.1515
LOC101147117	NC_073229.2	LOC101153588	NC_073228.2	0.59	0.904	0.9	0.0585
LOC101147117	NC_073229.2	LOC101154144	NC_073235.2	0.59	0.887	0.895	0.1343
LOC101147117	NC_073229.2	LOC101154368	NC_073224.2	0.59	0.878	0.882	0.0802
LOC101147117	NC_073229.2	LOC115933479	NC_073233.2	0.59	0.909	0.913	0.1033
LOC101147117	NC_073229.2	PPIA	NC_073230.2	0.59	0.917	0.918	0.1158
FRG1	NC_073227.2	LOC129529434	NC_086018.1	0.589	0.958	0.802	0.1133
LOC101125611	NC_073232.2	LOC101144800	NC_073240.2	0.589	0.914	0.899	0.1044
LOC101131421	NC_073235.2	LOC109027152	NC_073229.2	0.589	0.883	0.86	0.0752
LOC101137976	NC_073233.2	LOC115930074	NC_073230.2	0.589	0.964	0.968	0.4397
LOC101142904	NC_073246.2	LOC129526395	NC_073238.2	0.589	0.966	0.961	0.1104
LOC115933177	NC_073240.2	LOC115933399	NC_073238.2	0.589	0.994	0.909	0.2011
LOC101142904	NC_073246.2	LOC129526550	NC_073239.2	0.588	0.949	0.952	0.1176
LOC115930437	NC_073238.2	LOC134756942	NC_073237.2	0.588	0.955	0.95	0.2731
ACTB	NC_073230.2	LOC115933751	NC_073235.2	0.587	0.929	0.913	0.0849
LOC101135462	NC_073224.2	LOC134756550	NC_073234.2	0.587	0.938	0.943	0.1163
LOC129523855	NC_073230.2	LOC129533126	NC_073227.2	0.587	0.952	0.949	0.0799
ATP5MC1	NC_073228.2	LOC101138209	NC_073241.2	0.586	0.941	0.931	0.1053
LOC101129170	NC_073229.2	LOC115932158	NC_073247.2	0.586	0.939	0.939	0.1679
LOC101137229	NC_073229.2	LOC115931945	NC_086018.1	0.586	0.921	0.894	0.0467
LOC115933091	NC_073233.2	LOC115933239	NC_073236.2	0.586	0.994	0.982	0.2932
LOC129523820	NC_073230.2	LOC129532626	NC_086017.1	0.586	0.985	0.892	0.2161
LOC129529380	NC_073238.2	LOC129529385	NC_073246.2	0.586	0.991	0.929	0.3778
CDK2AP2	NC_073233.2	LOC129529548	NC_086018.1	0.585	0.873	0.896	0.0554
LOC101139366	NC_073236.2	PPIA	NC_073230.2	0.585	0.905	0.84	0.0918
LOC101147097	NC_073227.2	LOC101148582	NC_073237.2	0.585	0.95	0.952	0.2965
LOC101147117	NC_073229.2	LOC101151494	NC_073233.2	0.585	0.899	0.902	0.1223
LOC101147117	NC_073229.2	LOC115932777	NC_073224.2	0.585	0.868	0.879	0.0926
LOC101147117	NC_073229.2	PPIAL4H	NC_073224.2	0.585	0.886	0.879	0.0932
LOC109027584	NC_073230.2	TMA7B	NC_086018.1	0.585	0.912	0.906	0.0833
LOC129531435	NC_073236.2	TEX14	NC_073228.2	0.585	0.978	0.938	0.2019
LOC101138622	NC_073240.2	LOC101148457	NC_086018.1	0.584	0.967	0.931	0.0934
LOC101145945	NC_073244.2	ZNF735	NC_073230.2	0.584	0.813	0.839	0.0331
LOC115933479	NC_073233.2	LOC129525115	NC_073232.2	0.584	0.928	0.919	0.0343
LOC129530379	NC_073248.2	LOC129530487	NC_073246.2	0.584	0.944	0.896	0.1687
KMT2C	NC_073230.2	LOC129529385	NC_073246.2	0.583	0.981	0.979	0.0422
LOC101125643	NC_073234.2	LOC109023026	NC_073228.2	0.583	0.884	0.893	0.0653
LOC101144812	NC_073241.2	LOC115933574	NC_073236.2	0.583	0.98	0.977	0.3148
LOC129526101	NC_073238.2	LOC129528623	NC_073244.2	0.583	0.974	0.884	0.3833
LOC129526101	NC_073238.2	LOC129528624	NC_073244.2	0.583	0.974	0.884	0.3833
LOC129526101	NC_073238.2	LOC129528625	NC_073244.2	0.583	0.974	0.884	0.3833
LOC129526102	NC_073238.2	LOC129528623	NC_073244.2	0.583	0.974	0.883	0.3816
LOC129526102	NC_073238.2	LOC129528624	NC_073244.2	0.583	0.974	0.883	0.3816
LOC129526102	NC_073238.2	LOC129528625	NC_073244.2	0.583	0.974	0.883	0.3816
LOC129526103	NC_073238.2	LOC129528623	NC_073244.2	0.583	0.974	0.884	0.3833
LOC129526103	NC_073238.2	LOC129528624	NC_073244.2	0.583	0.974	0.884	0.3833
LOC129526103	NC_073238.2	LOC129528625	NC_073244.2	0.583	0.974	0.884	0.3833
LOC129526104	NC_073238.2	LOC129528623	NC_073244.2	0.583	0.974	0.884	0.3833
LOC129526104	NC_073238.2	LOC129528624	NC_073244.2	0.583	0.974	0.884	0.3833
LOC129526104	NC_073238.2	LOC129528625	NC_073244.2	0.583	0.974	0.884	0.3833
LOC129526109	NC_073238.2	LOC129528623	NC_073244.2	0.583	0.974	0.885	0.3833
LOC129526109	NC_073238.2	LOC129528624	NC_073244.2	0.583	0.974	0.885	0.3833
LOC129526109	NC_073238.2	LOC129528625	NC_073244.2	0.583	0.974	0.885	0.3833
LOC129526113	NC_073238.2	LOC129528623	NC_073244.2	0.583	0.974	0.886	0.3833
LOC129526113	NC_073238.2	LOC129528624	NC_073244.2	0.583	0.974	0.886	0.3833
LOC129526113	NC_073238.2	LOC129528625	NC_073244.2	0.583	0.974	0.886	0.3833
LOC129526120	NC_073238.2	LOC129528623	NC_073244.2	0.583	0.974	0.969	0.445
LOC129526120	NC_073238.2	LOC129528624	NC_073244.2	0.583	0.974	0.969	0.445
LOC129526120	NC_073238.2	LOC129528625	NC_073244.2	0.583	0.974	0.969	0.445
LOC129526131	NC_073238.2	LOC129528623	NC_073244.2	0.583	0.974	0.884	0.3833
LOC129526131	NC_073238.2	LOC129528624	NC_073244.2	0.583	0.974	0.884	0.3833
LOC129526131	NC_073238.2	LOC129528625	NC_073244.2	0.583	0.974	0.884	0.3833
LOC129526155	NC_073238.2	LOC129528623	NC_073244.2	0.583	0.974	0.886	0.3833
LOC129526155	NC_073238.2	LOC129528624	NC_073244.2	0.583	0.974	0.886	0.3833
LOC129526155	NC_073238.2	LOC129528625	NC_073244.2	0.583	0.974	0.886	0.3833
LOC129526156	NC_073238.2	LOC129528623	NC_073244.2	0.583	0.974	0.969	0.4429
LOC129526156	NC_073238.2	LOC129528624	NC_073244.2	0.583	0.974	0.969	0.4429
LOC129526156	NC_073238.2	LOC129528625	NC_073244.2	0.583	0.974	0.969	0.4429
LOC129526157	NC_073238.2	LOC129528623	NC_073244.2	0.583	0.974	0.969	0.4429
LOC129526157	NC_073238.2	LOC129528624	NC_073244.2	0.583	0.974	0.969	0.4429
LOC129526157	NC_073238.2	LOC129528625	NC_073244.2	0.583	0.974	0.969	0.4429
LOC129526207	NC_073238.2	LOC129528623	NC_073244.2	0.583	0.974	0.969	0.4429
LOC129526207	NC_073238.2	LOC129528624	NC_073244.2	0.583	0.974	0.969	0.4429
LOC129526207	NC_073238.2	LOC129528625	NC_073244.2	0.583	0.974	0.969	0.4429
LOC129528623	NC_073244.2	LOC134756380	NC_073238.2	0.583	0.974	0.885	0.3833
LOC129528624	NC_073244.2	LOC134756380	NC_073238.2	0.583	0.974	0.885	0.3833
LOC129528625	NC_073244.2	LOC134756380	NC_073238.2	0.583	0.974	0.885	0.3833
LOC101143900	NC_073227.2	LOC115935600	NC_073231.2	0.582	0.966	0.972	0.3667
LOC109024055	NC_073244.2	LOC129526101	NC_073238.2	0.582	0.969	0.881	0.3406
LOC109024055	NC_073244.2	LOC129526102	NC_073238.2	0.582	0.969	0.881	0.3391
LOC109024055	NC_073244.2	LOC129526103	NC_073238.2	0.582	0.969	0.881	0.3406
LOC109024055	NC_073244.2	LOC129526104	NC_073238.2	0.582	0.969	0.881	0.3406
LOC109024055	NC_073244.2	LOC129526109	NC_073238.2	0.582	0.969	0.882	0.3406
LOC109024055	NC_073244.2	LOC129526113	NC_073238.2	0.582	0.969	0.878	0.3406
LOC109024055	NC_073244.2	LOC129526120	NC_073238.2	0.582	0.969	0.965	0.3874
LOC109024055	NC_073244.2	LOC129526131	NC_073238.2	0.582	0.969	0.881	0.3406
LOC109024055	NC_073244.2	LOC129526155	NC_073238.2	0.582	0.969	0.878	0.3406
LOC109024055	NC_073244.2	LOC129526156	NC_073238.2	0.582	0.969	0.965	0.3857
LOC109024055	NC_073244.2	LOC129526157	NC_073238.2	0.582	0.969	0.965	0.3857
LOC109024055	NC_073244.2	LOC129526207	NC_073238.2	0.582	0.969	0.965	0.3857
LOC109024055	NC_073244.2	LOC134756380	NC_073238.2	0.582	0.969	0.878	0.3406
LOC115936058	NC_073229.2	LOC129524559	NC_073237.2	0.582	0.991	0.99	0.5463
LOC129524559	NC_073237.2	LOC129528280	NC_073241.2	0.582	0.993	0.99	0.5779
LOC129524559	NC_073237.2	LOC129534573	NC_073229.2	0.582	0.99	0.987	0.5317
LOC129525411	NC_073233.2	LOC129532895	NC_073227.2	0.582	0.986	0.925	0.2741
LOC129526253	NC_073238.2	LOC129529219	NC_073245.2	0.582	0.978	0.963	0.2812
LOC129524670	NC_073237.2	LOC129530497	NC_073246.2	0.581	0.987	0.988	0.524
LOC101124600	NC_073244.2	LOC134756380	NC_073238.2	0.58	0.976	0.802	0.2851
LOC101144665	NC_073239.2	RPL22	NC_073224.2	0.58	0.954	0.82	0.1784
LOC101147931	NC_073228.2	RPL36A	NC_073247.2	0.58	0.869	0.815	0.0321
LOC109028905	NC_073236.2	LOC129530229	NC_073248.2	0.58	0.973	0.968	0.3276
LOC115930071	NC_073239.2	LOC134758529	NC_073224.2	0.58	0.934	0.931	0.0676
LOC115931858	NC_073246.2	LOC129531486	NC_073236.2	0.58	0.962	0.875	0.1236
LOC129528466	NC_073241.2	LOC129529384	NC_073246.2	0.58	0.989	0.955	0.5696
DLST	NC_073239.2	LOC101140310	NC_073224.2	0.579	0.966	0.968	0.3375
LOC101124600	NC_073244.2	LOC129526113	NC_073238.2	0.579	0.976	0.8	0.2851
LOC101124600	NC_073244.2	LOC129526155	NC_073238.2	0.579	0.976	0.8	0.2851
LOC129528447	NC_073241.2	LOC129530571	NC_073246.2	0.579	0.981	0.927	0.3683
LOC129529294	NC_073246.2	LOC129529434	NC_086018.1	0.579	0.954	0.945	0.1605
ANKRD36C	NC_073236.2	LOC129530340	NC_073248.2	0.578	0.881	0.895	0.0365
DNAJC9	NC_073232.2	LOC129529204	NC_073245.2	0.578	0.969	0.873	0.1528
LOC101125154	NC_073236.2	LOC129530340	NC_073248.2	0.578	0.885	0.894	0.0408
LOC101134578	NC_073244.2	LOC109024358	NC_073224.2	0.578	0.944	0.939	0.1962
LOC101143820	NC_073235.2	SNRNP25	NC_073242.2	0.578	1.0	0.963	0.3108
LOC109024677	NC_073247.2	LOC129523984	NC_073231.2	0.578	0.868	0.846	0.0526
LOC101152176	NC_073230.2	LOC134756550	NC_073234.2	0.577	0.933	0.931	0.0645
LOC129525761	NC_073234.2	OOSP4B	NC_073233.2	0.577	0.904	0.859	0.054
BMS1	NC_073232.2	LOC129527662	NC_073242.2	0.576	0.953	0.949	0.0615
C1QTNF3	NC_073243.2	LOC129523471	NC_073237.2	0.576	0.991	0.991	0.7041
C1QTNF3	NC_073243.2	LOC129530594	NC_073238.2	0.576	0.993	0.992	0.7188
C1QTNF3	NC_073243.2	LOC134757411	NC_073241.2	0.576	0.993	0.992	0.7098
HMGA1	NC_073229.2	LOC101142088	NC_073234.2	0.576	0.963	0.875	0.0816
LOC101124600	NC_073244.2	LOC129526101	NC_073238.2	0.576	0.976	0.803	0.2851
LOC101124600	NC_073244.2	LOC129526103	NC_073238.2	0.576	0.976	0.803	0.2851
LOC101124600	NC_073244.2	LOC129526104	NC_073238.2	0.576	0.976	0.803	0.2851
LOC101124600	NC_073244.2	LOC129526109	NC_073238.2	0.576	0.976	0.799	0.2851
LOC101124600	NC_073244.2	LOC129526131	NC_073238.2	0.576	0.976	0.803	0.2851
LOC101137437	NC_073240.2	LOC134756550	NC_073234.2	0.576	0.94	0.93	0.0826
LOC109023133	NC_073239.2	LOC129532770	NC_073224.2	0.576	0.924	0.935	0.1104
LOC129529231	NC_073224.2	LOC134758127	NC_086017.1	0.576	0.948	0.951	0.1964
ARHGAP23	NC_073228.2	LOC129527200	NC_073240.2	0.575	0.97	0.963	0.1423
LOC101124600	NC_073244.2	LOC129526102	NC_073238.2	0.575	0.976	0.802	0.284
LOC101143702	NC_073240.2	LOC101147931	NC_073228.2	0.575	0.918	0.927	0.1475
LOC101144552	NC_073235.2	LOC129523876	NC_073230.2	0.575	0.9	0.905	0.0474
LOC101144552	NC_073235.2	LOC134758922	NC_073230.2	0.575	0.9	0.906	0.0472
LOC129523876	NC_073230.2	LOC129525556	NC_073233.2	0.575	0.912	0.916	0.1038
LOC129523876	NC_073230.2	LOC134756357	NC_073224.2	0.575	0.903	0.923	0.0484
LOC129523876	NC_073230.2	LOC134756800	NC_073236.2	0.575	0.904	0.911	0.0978
LOC129523876	NC_073230.2	LOC134757481	NC_073242.2	0.575	0.9	0.912	0.0624
LOC129525556	NC_073233.2	LOC134758922	NC_073230.2	0.575	0.914	0.916	0.106
LOC129527200	NC_073240.2	LOC129527345	NC_073242.2	0.575	0.958	0.941	0.2197
LOC134756357	NC_073224.2	LOC134758922	NC_073230.2	0.575	0.904	0.923	0.0497
LOC134756800	NC_073236.2	LOC134758922	NC_073230.2	0.575	0.906	0.911	0.0985
LOC134757481	NC_073242.2	LOC134758922	NC_073230.2	0.575	0.9	0.91	0.062
LOC101129069	NC_073246.2	LOC129524661	NC_073237.2	0.574	0.976	0.94	0.3634
LOC101129069	NC_073246.2	LOC129528453	NC_073241.2	0.574	0.976	0.94	0.3634
LOC101134109	NC_073236.2	UAP1	NC_073224.2	0.574	0.992	0.992	0.5545
LOC101137229	NC_073229.2	LOC101152403	NC_073245.2	0.574	0.949	0.928	0.0975
LOC101139294	NC_073228.2	LOC101147117	NC_073229.2	0.574	0.888	0.892	0.0519
LOC109024695	NC_073247.2	MCRIP2	NC_073242.2	0.574	0.916	0.842	0.0861
LOC115934320	NC_073227.2	LOC129534288	NC_073229.2	0.574	0.976	0.977	0.1611
LOC134756925	NC_073237.2	LOC134757392	NC_073241.2	0.574	0.998	0.997	0.8426
DOC2B	NC_073243.2	LOC115933182	NC_073230.2	0.573	0.979	0.966	0.2293
LETM1	NC_073227.2	LOC115933202	NC_073236.2	0.573	0.988	0.988	0.4201
LETM1	NC_073227.2	LOC129530721	NC_073240.2	0.573	0.989	0.988	0.4253
LOC129528748	NC_073244.2	LOC134758137	NC_086017.1	0.573	0.98	0.965	0.0956
LOC129530498	NC_073246.2	LOC134757054	NC_073238.2	0.573	0.982	0.963	0.2269
HSPB1	NC_073230.2	LOC101133686	NC_073237.2	0.572	0.971	0.964	0.1067
LETM1	NC_073227.2	LOC134757056	NC_073238.2	0.572	0.988	0.987	0.4094
LOC101131021	NC_073224.2	RPL36	NC_073244.2	0.572	0.896	0.87	0.0548
LOC115931421	NC_073241.2	LOC129532627	NC_086017.1	0.572	0.998	0.844	0.3364
LOC129530229	NC_073248.2	LOC129531439	NC_073240.2	0.572	0.973	0.967	0.3156
LOC129532042	NC_073224.2	PLA2G4B	NC_073240.2	0.572	0.989	0.988	0.6138
FTH1	NC_073233.2	LOC101130581	NC_073238.2	0.571	0.961	0.962	0.227
LOC101130581	NC_073238.2	LOC101130706	NC_073235.2	0.571	0.968	0.958	0.2907
LOC101130581	NC_073238.2	LOC115931247	NC_073243.2	0.571	0.963	0.962	0.2974
LOC101148666	NC_073243.2	RPS12	NC_073229.2	0.571	0.952	0.952	0.2887
LOC109028042	NC_073231.2	MYL12B	NC_073241.2	0.571	0.966	0.807	0.2036
LOC129528333	NC_073224.2	SUMO2	NC_073228.2	0.571	0.998	0.987	0.6522
LOC129529598	NC_086018.1	LOC134757612	NC_073243.2	0.571	0.911	0.919	0.065
LOC101147463	NC_073228.2	LOC115931282	NC_073243.2	0.57	0.975	0.974	0.3717
LOC101149650	NC_073228.2	LOC134758397	NC_073227.2	0.57	0.995	0.992	0.2352
LOC101154318	NC_073244.2	LOC129526113	NC_073238.2	0.57	0.984	0.846	0.2267
LOC101154318	NC_073244.2	LOC129526155	NC_073238.2	0.57	0.984	0.846	0.2267
LOC101154318	NC_073244.2	LOC134756380	NC_073238.2	0.57	0.984	0.849	0.2267
LOC101154368	NC_073224.2	TMEM42	NC_086017.1	0.57	0.896	0.905	0.1385
LOC109023877	NC_073243.2	LOC129529598	NC_086018.1	0.57	0.91	0.908	0.1298
LOC115931421	NC_073241.2	LOC129526580	NC_073242.2	0.57	0.995	0.995	0.6488
LOC115933187	NC_073245.2	LOC134758397	NC_073227.2	0.57	0.995	0.992	0.3286
LOC129524028	NC_073231.2	LOC129526580	NC_073242.2	0.57	0.993	0.994	0.5105
LOC129524260	NC_073236.2	LOC134758397	NC_073227.2	0.57	0.997	0.991	0.5761
LOC129524664	NC_073237.2	LOC129528455	NC_073241.2	0.57	0.993	0.985	0.7465
LOC129524670	NC_073237.2	LOC129528455	NC_073241.2	0.57	0.994	0.99	0.6969
LOC129525641	NC_073234.2	LOC129526580	NC_073242.2	0.57	0.997	0.997	0.2617
LOC129526113	NC_073238.2	LOC129528606	NC_073244.2	0.57	0.984	0.894	0.3896
LOC129526113	NC_073238.2	LOC129528610	NC_073244.2	0.57	0.984	0.894	0.3896
LOC129526113	NC_073238.2	LOC129528611	NC_073244.2	0.57	0.984	0.894	0.3896
LOC129526113	NC_073238.2	LOC129528615	NC_073244.2	0.57	0.984	0.894	0.3896
LOC129526113	NC_073238.2	LOC129528616	NC_073244.2	0.57	0.984	0.894	0.3896
LOC129526113	NC_073238.2	LOC129528617	NC_073244.2	0.57	0.984	0.894	0.3896
LOC129526113	NC_073238.2	LOC129528618	NC_073244.2	0.57	0.984	0.894	0.3896
LOC129526113	NC_073238.2	LOC129528619	NC_073244.2	0.57	0.984	0.892	0.3947
LOC129526155	NC_073238.2	LOC129528606	NC_073244.2	0.57	0.984	0.894	0.3896
LOC129526155	NC_073238.2	LOC129528610	NC_073244.2	0.57	0.984	0.894	0.3896
LOC129526155	NC_073238.2	LOC129528611	NC_073244.2	0.57	0.984	0.894	0.3896
LOC129526155	NC_073238.2	LOC129528615	NC_073244.2	0.57	0.984	0.894	0.3896
LOC129526155	NC_073238.2	LOC129528616	NC_073244.2	0.57	0.984	0.894	0.3896
LOC129526155	NC_073238.2	LOC129528617	NC_073244.2	0.57	0.984	0.894	0.3896
LOC129526155	NC_073238.2	LOC129528618	NC_073244.2	0.57	0.984	0.894	0.3896
LOC129526155	NC_073238.2	LOC129528619	NC_073244.2	0.57	0.984	0.892	0.3947
LOC129526580	NC_073242.2	LOC129534553	NC_073229.2	0.57	0.994	0.994	0.4954
LOC129527796	NC_073242.2	LOC134758397	NC_073227.2	0.57	0.996	0.997	0.6462
LOC129528606	NC_073244.2	LOC134756380	NC_073238.2	0.57	0.984	0.895	0.3896
LOC129528610	NC_073244.2	LOC134756380	NC_073238.2	0.57	0.984	0.895	0.3896
LOC129528611	NC_073244.2	LOC134756380	NC_073238.2	0.57	0.984	0.895	0.3896
LOC129528615	NC_073244.2	LOC134756380	NC_073238.2	0.57	0.984	0.895	0.3896
LOC129528616	NC_073244.2	LOC134756380	NC_073238.2	0.57	0.984	0.895	0.3896
LOC129528617	NC_073244.2	LOC134756380	NC_073238.2	0.57	0.984	0.895	0.3896
LOC129528618	NC_073244.2	LOC134756380	NC_073238.2	0.57	0.984	0.895	0.3896
LOC129528619	NC_073244.2	LOC134756380	NC_073238.2	0.57	0.984	0.891	0.3947
LOC129532896	NC_073247.2	LOC134758397	NC_073227.2	0.57	0.996	0.997	0.6725
LOC134758032	NC_073224.2	LOC134758397	NC_073227.2	0.57	0.996	0.996	0.8092
LOC134758397	NC_073227.2	SH3KBP1	NC_073247.2	0.57	0.997	0.995	0.3308
ARL5A	NC_073235.2	LOC134757235	NC_073240.2	0.569	0.993	0.994	0.1911
HIGD2A	NC_073228.2	HIGD2B	NC_073240.2	0.569	0.885	0.904	0.0679
LOC101153131	NC_073244.2	ZNF860	NC_086017.1	0.569	0.764	0.74	0.0736
LOC109024598	NC_086018.1	YES1	NC_073241.2	0.569	0.951	0.944	0.0962
LOC129523703	NC_073230.2	LOC129528141	NC_073231.2	0.569	0.989	0.926	0.298
LOC129523934	NC_073230.2	LOC129523959	NC_073224.2	0.569	0.992	0.917	0.4856
LOC129523934	NC_073230.2	LOC129524833	NC_073239.2	0.569	0.99	0.927	0.4786
LOC129524667	NC_073237.2	LOC129529382	NC_073246.2	0.569	0.988	0.969	0.2559
LOC129524667	NC_073237.2	LOC129530569	NC_073246.2	0.569	0.988	0.969	0.26
LOC129525023	NC_073232.2	LOC129528141	NC_073231.2	0.569	0.988	0.918	0.2627
LOC129526385	NC_073238.2	LOC129528463	NC_073241.2	0.569	0.991	0.896	0.0829
LOC129526398	NC_073238.2	LOC129528463	NC_073241.2	0.569	0.985	0.912	0.0715
LOC129526957	NC_073236.2	LOC129528463	NC_073241.2	0.569	0.994	0.848	0.0733
HMGN2	NC_073224.2	LOC109023133	NC_073239.2	0.568	0.973	0.973	0.1684
LOC101148869	NC_073240.2	LOC109023133	NC_073239.2	0.568	0.964	0.956	0.1971
LOC101150009	NC_073247.2	LOC115935782	NC_073237.2	0.568	0.884	0.876	0.0841
LOC115933023	NC_073231.2	LOC129523876	NC_073230.2	0.568	0.894	0.908	0.0745
LOC129523934	NC_073230.2	LOC129528719	NC_073244.2	0.568	0.99	0.971	0.2779
LOC129528467	NC_073241.2	LOC129530564	NC_073246.2	0.568	0.984	0.988	0.7049
LOC101132384	NC_086017.1	UBQLN4	NC_073224.2	0.567	0.989	0.987	0.52
LOC101141346	NC_073235.2	LOC101146854	NC_073243.2	0.567	0.957	0.945	0.2087
LOC101146854	NC_073243.2	LOC134756773	NC_073236.2	0.567	0.918	0.892	0.0583
LOC101154318	NC_073244.2	LOC129526109	NC_073238.2	0.567	0.984	0.847	0.2267
LOC129523934	NC_073230.2	LOC134759270	NC_073232.2	0.567	0.99	0.957	0.3545
LOC129526109	NC_073238.2	LOC129528606	NC_073244.2	0.567	0.984	0.894	0.3896
LOC129526109	NC_073238.2	LOC129528610	NC_073244.2	0.567	0.984	0.894	0.3896
LOC129526109	NC_073238.2	LOC129528611	NC_073244.2	0.567	0.984	0.894	0.3896
LOC129526109	NC_073238.2	LOC129528615	NC_073244.2	0.567	0.984	0.894	0.3896
LOC129526109	NC_073238.2	LOC129528616	NC_073244.2	0.567	0.984	0.894	0.3896
LOC129526109	NC_073238.2	LOC129528617	NC_073244.2	0.567	0.984	0.894	0.3896
LOC129526109	NC_073238.2	LOC129528618	NC_073244.2	0.567	0.984	0.894	0.3896
LOC129526109	NC_073238.2	LOC129528619	NC_073244.2	0.567	0.984	0.891	0.3947
LOC101140864	NC_073238.2	POTEA	NC_073231.2	0.566	0.885	0.837	0.0411
LOC101147656	NC_073235.2	RHOQ	NC_073236.2	0.566	0.983	0.979	0.2939
LOC101149305	NC_073227.2	LOC129524105	NC_073231.2	0.566	0.993	0.99	0.5297
LOC101154318	NC_073244.2	LOC129526101	NC_073238.2	0.566	0.984	0.846	0.2267
LOC101154318	NC_073244.2	LOC129526102	NC_073238.2	0.566	0.984	0.845	0.2259
LOC101154318	NC_073244.2	LOC129526103	NC_073238.2	0.566	0.984	0.846	0.2267
LOC101154318	NC_073244.2	LOC129526104	NC_073238.2	0.566	0.984	0.846	0.2267
LOC101154318	NC_073244.2	LOC129526131	NC_073238.2	0.566	0.984	0.846	0.2267
LOC109028674	NC_073224.2	RPLP1	NC_073240.2	0.566	0.836	0.841	0.0519
LOC115932812	NC_073236.2	LOC129530229	NC_073248.2	0.566	0.971	0.966	0.3139
LOC115933023	NC_073231.2	LOC134758922	NC_073230.2	0.566	0.895	0.908	0.0768
LOC129526101	NC_073238.2	LOC129528606	NC_073244.2	0.566	0.984	0.894	0.3896
LOC129526101	NC_073238.2	LOC129528610	NC_073244.2	0.566	0.984	0.894	0.3896
LOC129526101	NC_073238.2	LOC129528611	NC_073244.2	0.566	0.984	0.894	0.3896
LOC129526101	NC_073238.2	LOC129528615	NC_073244.2	0.566	0.984	0.894	0.3896
LOC129526101	NC_073238.2	LOC129528616	NC_073244.2	0.566	0.984	0.894	0.3896
LOC129526101	NC_073238.2	LOC129528617	NC_073244.2	0.566	0.984	0.894	0.3896
LOC129526101	NC_073238.2	LOC129528618	NC_073244.2	0.566	0.984	0.894	0.3896
LOC129526101	NC_073238.2	LOC129528619	NC_073244.2	0.566	0.984	0.89	0.3947
LOC129526102	NC_073238.2	LOC129528606	NC_073244.2	0.566	0.984	0.894	0.3879
LOC129526102	NC_073238.2	LOC129528610	NC_073244.2	0.566	0.984	0.894	0.3879
LOC129526102	NC_073238.2	LOC129528611	NC_073244.2	0.566	0.984	0.894	0.3879
LOC129526102	NC_073238.2	LOC129528615	NC_073244.2	0.566	0.984	0.894	0.3879
LOC129526102	NC_073238.2	LOC129528616	NC_073244.2	0.566	0.984	0.894	0.3879
LOC129526102	NC_073238.2	LOC129528617	NC_073244.2	0.566	0.984	0.894	0.3879
LOC129526102	NC_073238.2	LOC129528618	NC_073244.2	0.566	0.984	0.894	0.3879
LOC129526102	NC_073238.2	LOC129528619	NC_073244.2	0.566	0.984	0.889	0.393
LOC129526103	NC_073238.2	LOC129528606	NC_073244.2	0.566	0.984	0.894	0.3896
LOC129526103	NC_073238.2	LOC129528610	NC_073244.2	0.566	0.984	0.894	0.3896
LOC129526103	NC_073238.2	LOC129528611	NC_073244.2	0.566	0.984	0.894	0.3896
LOC129526103	NC_073238.2	LOC129528615	NC_073244.2	0.566	0.984	0.894	0.3896
LOC129526103	NC_073238.2	LOC129528616	NC_073244.2	0.566	0.984	0.894	0.3896
LOC129526103	NC_073238.2	LOC129528617	NC_073244.2	0.566	0.984	0.894	0.3896
LOC129526103	NC_073238.2	LOC129528618	NC_073244.2	0.566	0.984	0.894	0.3896
LOC129526103	NC_073238.2	LOC129528619	NC_073244.2	0.566	0.984	0.89	0.3947
LOC129526104	NC_073238.2	LOC129528606	NC_073244.2	0.566	0.984	0.894	0.3896
LOC129526104	NC_073238.2	LOC129528610	NC_073244.2	0.566	0.984	0.894	0.3896
LOC129526104	NC_073238.2	LOC129528611	NC_073244.2	0.566	0.984	0.894	0.3896
LOC129526104	NC_073238.2	LOC129528615	NC_073244.2	0.566	0.984	0.894	0.3896
LOC129526104	NC_073238.2	LOC129528616	NC_073244.2	0.566	0.984	0.894	0.3896
LOC129526104	NC_073238.2	LOC129528617	NC_073244.2	0.566	0.984	0.894	0.3896
LOC129526104	NC_073238.2	LOC129528618	NC_073244.2	0.566	0.984	0.894	0.3896
LOC129526104	NC_073238.2	LOC129528619	NC_073244.2	0.566	0.984	0.89	0.3947
LOC129526131	NC_073238.2	LOC129528606	NC_073244.2	0.566	0.984	0.894	0.3896
LOC129526131	NC_073238.2	LOC129528610	NC_073244.2	0.566	0.984	0.894	0.3896
LOC129526131	NC_073238.2	LOC129528611	NC_073244.2	0.566	0.984	0.894	0.3896
LOC129526131	NC_073238.2	LOC129528615	NC_073244.2	0.566	0.984	0.894	0.3896
LOC129526131	NC_073238.2	LOC129528616	NC_073244.2	0.566	0.984	0.894	0.3896
LOC129526131	NC_073238.2	LOC129528617	NC_073244.2	0.566	0.984	0.894	0.3896
LOC129526131	NC_073238.2	LOC129528618	NC_073244.2	0.566	0.984	0.894	0.3896
LOC129526131	NC_073238.2	LOC129528619	NC_073244.2	0.566	0.984	0.89	0.3947
LOC134758137	NC_086017.1	LOC134759133	NC_073231.2	0.566	0.977	0.974	0.112
GMCL1	NC_073236.2	GMCL2	NC_073228.2	0.565	0.942	0.943	0.1707
LOC101136021	NC_073230.2	LOC115931567	NC_073244.2	0.565	0.829	0.86	0.0319
LOC101147574	NC_073227.2	RPS12	NC_073229.2	0.565	0.955	0.944	0.1974
LOC109023149	NC_073239.2	LOC115933428	NC_073240.2	0.565	0.882	0.886	0.0938
LOC109023149	NC_073239.2	LOC129526136	NC_073238.2	0.565	0.882	0.886	0.0938
LOC109023149	NC_073239.2	LOC129526436	NC_073238.2	0.565	0.882	0.879	0.086
LOC109023149	NC_073239.2	LOC129527250	NC_073238.2	0.565	0.882	0.883	0.086
LOC115930151	NC_073240.2	LOC129534554	NC_073229.2	0.565	0.964	0.915	0.2613
LOC129525556	NC_073233.2	LOC129534554	NC_073229.2	0.565	0.968	0.976	0.2178
LOC129534554	NC_073229.2	LOC134756357	NC_073224.2	0.565	0.971	0.971	0.0953
LOC129534554	NC_073229.2	LOC134756800	NC_073236.2	0.565	0.97	0.885	0.199
ZNF695	NC_073224.2	ZNF723	NC_073244.2	0.565	0.768	0.723	0.0325
ACP1	NC_073236.2	LOC101146543	NC_073231.2	0.564	0.995	0.991	0.3591
LOC101125151	NC_073236.2	LOC101147117	NC_073229.2	0.564	0.873	0.886	0.0411
LOC101136743	NC_073236.2	LOC129534570	NC_073229.2	0.564	0.994	0.918	0.1236
LOC115931421	NC_073241.2	LOC129534570	NC_073229.2	0.564	0.994	0.936	0.135
LOC115932637	NC_073240.2	LOC129534554	NC_073229.2	0.564	0.984	0.984	0.1103
LOC129523934	NC_073230.2	LOC129534570	NC_073229.2	0.564	0.994	0.921	0.2326
LOC129524028	NC_073231.2	LOC129534570	NC_073229.2	0.564	0.985	0.932	0.1014
LOC129525411	NC_073233.2	LOC129534570	NC_073229.2	0.564	0.989	0.892	0.1334
LOC129525641	NC_073234.2	LOC129534570	NC_073229.2	0.564	0.994	0.956	0.0555
LOC129526120	NC_073238.2	LOC129528619	NC_073244.2	0.564	0.984	0.975	0.4566
LOC129526156	NC_073238.2	LOC129528619	NC_073244.2	0.564	0.984	0.975	0.4545
LOC129526157	NC_073238.2	LOC129528619	NC_073244.2	0.564	0.984	0.975	0.4545
LOC129526207	NC_073238.2	LOC129528619	NC_073244.2	0.564	0.984	0.975	0.4545
LOC129526580	NC_073242.2	LOC129534570	NC_073229.2	0.564	0.996	0.937	0.1928
LOC129532017	NC_073235.2	LOC129534554	NC_073229.2	0.564	0.988	0.99	0.14
LOC129532895	NC_073227.2	LOC129534570	NC_073229.2	0.564	0.985	0.915	0.1807
LOC101123746	NC_073229.2	ZC3H11B	NC_073224.2	0.563	0.975	0.979	0.538
LOC129524653	NC_073237.2	LOC129528469	NC_073241.2	0.563	0.991	0.99	0.5593
LOC129532624	NC_073230.2	LOC129534554	NC_073229.2	0.563	0.991	0.922	0.157
LOC101147574	NC_073227.2	LOC101149210	NC_073233.2	0.562	0.959	0.949	0.2214
LOC101148271	NC_073230.2	LOC129534554	NC_073229.2	0.562	0.976	0.976	0.3627
LOC101148666	NC_073243.2	LOC101149210	NC_073233.2	0.562	0.959	0.947	0.288
LOC115933483	NC_073233.2	PTMA	NC_073235.2	0.562	0.992	0.956	0.1067
LOC129526580	NC_073242.2	LOC129530133	NC_073247.2	0.562	0.997	0.997	0.888
LOC129529387	NC_073246.2	LOC129530382	NC_073248.2	0.562	0.978	0.976	0.3785
LOC101142199	NC_073236.2	LOC101148666	NC_073243.2	0.561	0.946	0.94	0.1628
LOC101143675	NC_073235.2	LOC109024677	NC_073247.2	0.561	0.854	0.842	0.0362
LOC109024112	NC_073224.2	MT3	NC_073242.2	0.561	0.83	0.813	0.0321
LOC109025072	NC_073234.2	RBMS1	NC_073235.2	0.561	0.988	0.98	0.2022
LOC115933091	NC_073233.2	LOC129523819	NC_073230.2	0.561	0.993	0.923	0.2805
LOC115933219	NC_073245.2	LOC129529294	NC_073246.2	0.561	0.964	0.946	0.0439
LOC129524559	NC_073237.2	LOC129529611	NC_086018.1	0.561	0.991	0.987	0.0986
LOC129524658	NC_073237.2	LOC129529381	NC_073246.2	0.561	0.977	0.976	0.2902
LOC129528444	NC_073241.2	LOC129529381	NC_073246.2	0.561	0.978	0.974	0.426
LOC129529381	NC_073246.2	LOC129530382	NC_073248.2	0.561	0.979	0.977	0.3898
LOC129534075	NC_073229.2	ZC3H11B	NC_073224.2	0.561	0.977	0.979	0.5361
LOC101138028	NC_073236.2	LOC115936243	NC_073233.2	0.56	0.951	0.947	0.2365
LOC115933342	NC_073236.2	LOC115936243	NC_073233.2	0.56	0.954	0.95	0.2671
LOC115933540	NC_073236.2	LOC115936243	NC_073233.2	0.56	0.951	0.947	0.2544
LOC115936299	NC_073227.2	LOC129530307	NC_073248.2	0.56	0.932	0.947	0.0488
LOC129523684	NC_073230.2	LOC129533402	NC_073228.2	0.56	0.957	0.855	0.1719
LOC129524489	NC_073237.2	LOC129525464	NC_073233.2	0.56	0.813	0.817	0.0332
LOC129526389	NC_073238.2	LOC134756753	NC_073236.2	0.56	0.992	0.967	0.1192
AMELX	NC_073247.2	AMELY	NC_073248.2	0.559	0.927	0.919	0.1402
FRAT2	NC_073232.2	LOC101145989	NC_073237.2	0.559	0.986	0.974	0.4807
LOC101129170	NC_073229.2	LOC115933428	NC_073240.2	0.559	0.859	0.876	0.037
LOC101129170	NC_073229.2	LOC129526136	NC_073238.2	0.559	0.859	0.876	0.037
LOC115930148	NC_073230.2	LOC129534177	NC_073229.2	0.559	0.894	0.864	0.034
LOC115932158	NC_073247.2	LOC115933428	NC_073240.2	0.559	0.893	0.892	0.0593
LOC115932158	NC_073247.2	LOC129526136	NC_073238.2	0.559	0.893	0.892	0.0593
LOC115933428	NC_073240.2	LOC129524120	NC_073231.2	0.559	0.863	0.886	0.0579
LOC129523553	NC_073227.2	LOC129523684	NC_073230.2	0.559	0.958	0.936	0.0625
LOC129524120	NC_073231.2	LOC129526136	NC_073238.2	0.559	0.863	0.886	0.0579
LOC129531742	NC_073236.2	LOC134757392	NC_073241.2	0.559	0.974	0.977	0.625
LOC134757253	NC_073240.2	LOC134757796	NC_073245.2	0.559	0.988	0.965	0.7035
C1D	NC_073236.2	LOC101144382	NC_073232.2	0.558	0.962	0.96	0.0583
LOC101124600	NC_073244.2	LOC129526120	NC_073238.2	0.558	0.976	0.798	0.284
LOC101130977	NC_073243.2	MED27	NC_073237.2	0.558	0.984	0.972	0.2126
LOC101140932	NC_073247.2	TTC3	NC_073246.2	0.558	0.966	0.961	0.218
LOC115933174	NC_073237.2	LOC129530383	NC_073248.2	0.558	0.786	0.773	0.0903
LOC129526379	NC_073238.2	LOC129528466	NC_073241.2	0.558	0.992	0.99	0.6754
LOC129529614	NC_086018.1	LOC134757612	NC_073243.2	0.558	0.909	0.907	0.0558
TUBB4A	NC_073244.2	TUBB4B	NC_073237.2	0.558	0.868	0.86	0.0494
LOC101124600	NC_073244.2	LOC129526156	NC_073238.2	0.557	0.976	0.802	0.2828
LOC101124600	NC_073244.2	LOC129526157	NC_073238.2	0.557	0.976	0.802	0.2828
LOC101124600	NC_073244.2	LOC129526207	NC_073238.2	0.557	0.976	0.804	0.2828
LOC101144253	NC_073236.2	LOC115935781	NC_073237.2	0.557	0.932	0.934	0.1697
LOC109023877	NC_073243.2	LOC129529614	NC_086018.1	0.557	0.908	0.876	0.1199
LOC129528466	NC_073241.2	LOC129530543	NC_073236.2	0.557	0.988	0.988	0.6259
LOC129530571	NC_073246.2	LOC134757391	NC_073241.2	0.557	0.989	0.958	0.3947
LOC129534177	NC_073229.2	LOC134758136	NC_086017.1	0.557	0.996	0.868	0.3526
BMP2K	NC_073227.2	LOC101139456	NC_073247.2	0.556	0.946	0.944	0.0539
LOC101126086	NC_073247.2	NOL11	NC_073228.2	0.556	0.966	0.959	0.2534
LOC101144253	NC_073236.2	LOC101150259	NC_073237.2	0.556	0.932	0.934	0.173
LOC101144253	NC_073236.2	LOC109025440	NC_073237.2	0.556	0.929	0.932	0.1624
LOC109027960	NC_073231.2	RPL10A	NC_073229.2	0.556	0.906	0.906	0.0753
GK	NC_073247.2	GK3	NC_073227.2	0.555	0.982	0.967	0.2892
LOC101139163	NC_086017.1	LOC101152938	NC_073233.2	0.555	0.935	0.937	0.2212
LOC115934587	NC_073228.2	MAPK8IP1	NC_073233.2	0.555	0.965	0.968	0.2548
LOC129529663	NC_086018.1	LOC129530466	NC_073238.2	0.555	0.958	0.923	0.0895
LOC129530564	NC_073246.2	LOC134756947	NC_073238.2	0.555	0.994	0.993	0.5215
IGBP1	NC_073247.2	IGBP1C	NC_073228.2	0.554	0.912	0.843	0.0621
LOC101142199	NC_073236.2	LOC101147574	NC_073227.2	0.554	0.946	0.935	0.155
LOC101148869	NC_073240.2	LOC129532770	NC_073224.2	0.554	0.962	0.95	0.2676
LOC129526082	NC_073238.2	LOC129527880	NC_073243.2	0.554	0.899	0.916	0.0659
LOC129531205	NC_073240.2	SAFB2	NC_073244.2	0.554	0.978	0.971	0.3224
LOC134757993	NC_086017.1	PIN4	NC_073247.2	0.554	0.996	0.925	0.1149
TFDP1	NC_073238.2	TFDP3	NC_073247.2	0.554	0.884	0.883	0.0654
BTF3	NC_073243.2	LOC101144663	NC_086017.1	0.553	0.928	0.87	0.1183
GLTP	NC_073234.2	LOC129525466	NC_073233.2	0.553	0.97	0.967	0.1802
LOC101124648	NC_073224.2	LOC129523876	NC_073230.2	0.553	0.912	0.919	0.0502
LOC101124648	NC_073224.2	LOC134758922	NC_073230.2	0.553	0.913	0.921	0.0507
LOC101142376	NC_073244.2	LOC129532956	NC_073227.2	0.553	0.998	0.989	0.4361
LOC101153588	NC_073228.2	TMEM42	NC_086017.1	0.553	0.905	0.923	0.1673
LOC115936298	NC_086018.1	LOC129523876	NC_073230.2	0.553	0.897	0.907	0.0671
LOC115936298	NC_086018.1	LOC134758922	NC_073230.2	0.553	0.899	0.906	0.0695
LOC129526120	NC_073238.2	LOC129528606	NC_073244.2	0.553	0.984	0.973	0.457
LOC129526120	NC_073238.2	LOC129528610	NC_073244.2	0.553	0.984	0.973	0.457
LOC129526120	NC_073238.2	LOC129528611	NC_073244.2	0.553	0.984	0.973	0.457
LOC129526120	NC_073238.2	LOC129528615	NC_073244.2	0.553	0.984	0.973	0.457
LOC129526120	NC_073238.2	LOC129528616	NC_073244.2	0.553	0.984	0.973	0.457
LOC129526120	NC_073238.2	LOC129528617	NC_073244.2	0.553	0.984	0.973	0.457
LOC129526120	NC_073238.2	LOC129528618	NC_073244.2	0.553	0.984	0.973	0.457
LOC129526156	NC_073238.2	LOC129528606	NC_073244.2	0.553	0.984	0.973	0.455
LOC129526156	NC_073238.2	LOC129528610	NC_073244.2	0.553	0.984	0.973	0.455
LOC129526156	NC_073238.2	LOC129528611	NC_073244.2	0.553	0.984	0.973	0.455
LOC129526156	NC_073238.2	LOC129528615	NC_073244.2	0.553	0.984	0.973	0.455
LOC129526156	NC_073238.2	LOC129528616	NC_073244.2	0.553	0.984	0.973	0.455
LOC129526156	NC_073238.2	LOC129528617	NC_073244.2	0.553	0.984	0.973	0.455
LOC129526156	NC_073238.2	LOC129528618	NC_073244.2	0.553	0.984	0.973	0.455
LOC129526157	NC_073238.2	LOC129528606	NC_073244.2	0.553	0.984	0.973	0.455
LOC129526157	NC_073238.2	LOC129528610	NC_073244.2	0.553	0.984	0.973	0.455
LOC129526157	NC_073238.2	LOC129528611	NC_073244.2	0.553	0.984	0.973	0.455
LOC129526157	NC_073238.2	LOC129528615	NC_073244.2	0.553	0.984	0.973	0.455
LOC129526157	NC_073238.2	LOC129528616	NC_073244.2	0.553	0.984	0.973	0.455
LOC129526157	NC_073238.2	LOC129528617	NC_073244.2	0.553	0.984	0.973	0.455
LOC129526157	NC_073238.2	LOC129528618	NC_073244.2	0.553	0.984	0.973	0.455
LOC129526207	NC_073238.2	LOC129528606	NC_073244.2	0.553	0.984	0.973	0.455
LOC129526207	NC_073238.2	LOC129528610	NC_073244.2	0.553	0.984	0.973	0.455
LOC129526207	NC_073238.2	LOC129528611	NC_073244.2	0.553	0.984	0.973	0.455
LOC129526207	NC_073238.2	LOC129528615	NC_073244.2	0.553	0.984	0.973	0.455
LOC129526207	NC_073238.2	LOC129528616	NC_073244.2	0.553	0.984	0.973	0.455
LOC129526207	NC_073238.2	LOC129528617	NC_073244.2	0.553	0.984	0.973	0.455
LOC129526207	NC_073238.2	LOC129528618	NC_073244.2	0.553	0.984	0.973	0.455
ZNF681	NC_073244.2	ZNF92	NC_073230.2	0.553	0.834	0.824	0.055
LOC115930437	NC_073238.2	LOC115933961	NC_086017.1	0.552	0.944	0.942	0.1272
LOC129528464	NC_073241.2	LOC129529387	NC_073246.2	0.552	0.981	0.976	0.4314
LOC109028727	NC_073233.2	LOC115930437	NC_073238.2	0.551	0.919	0.908	0.1145
LOC129524653	NC_073237.2	LOC129529387	NC_073246.2	0.551	0.982	0.976	0.3235
LOC129528455	NC_073241.2	LOC129529387	NC_073246.2	0.551	0.982	0.979	0.3275
LOC129528464	NC_073241.2	LOC129529381	NC_073246.2	0.551	0.983	0.977	0.4603
LOC129530379	NC_073248.2	LOC129530496	NC_073246.2	0.551	0.933	0.877	0.1763
LOC129530379	NC_073248.2	LOC129530567	NC_073246.2	0.551	0.931	0.878	0.1768
LOC101141290	NC_073229.2	LOC101144435	NC_073227.2	0.55	0.98	0.971	0.4035
LOC101145597	NC_073247.2	LOC109026668	NC_073227.2	0.55	0.919	0.93	0.1545
LOC101145597	NC_073247.2	TPT1	NC_073238.2	0.55	0.919	0.937	0.0691
LOC129524653	NC_073237.2	LOC129529381	NC_073246.2	0.55	0.984	0.977	0.3468
LOC129524654	NC_073237.2	LOC129530564	NC_073246.2	0.55	0.983	0.934	0.4656
LOC129528455	NC_073241.2	LOC129529381	NC_073246.2	0.55	0.984	0.981	0.345
LOC129529387	NC_073246.2	LOC129530464	NC_073238.2	0.55	0.98	0.976	0.3219
LOC129532203	NC_073235.2	TMSB10	NC_073236.2	0.55	0.91	0.777	0.088
LOC101133082	NC_073247.2	LOC101139475	NC_073224.2	0.549	0.807	0.853	0.0336
LOC101154318	NC_073244.2	LOC129526120	NC_073238.2	0.549	0.984	0.834	0.2259
LOC129524470	NC_073237.2	LOC129530564	NC_073246.2	0.549	0.986	0.985	0.74
LOC129529381	NC_073246.2	LOC129530464	NC_073238.2	0.549	0.981	0.976	0.3363
PTTG1	NC_073228.2	PTTG2	NC_073227.2	0.549	0.918	0.848	0.1417
ARF4	NC_086017.1	LOC129524725	NC_073237.2	0.548	0.958	0.954	0.0908
LOC101125415	NC_073227.2	LOC101128260	NC_073231.2	0.548	0.953	0.902	0.2197
LOC101141290	NC_073229.2	LOC129524776	NC_073237.2	0.548	0.971	0.971	0.1673
LOC115930437	NC_073238.2	LOC129532776	NC_086017.1	0.548	0.951	0.931	0.2124
LOC115936058	NC_073229.2	LOC134757970	NC_086017.1	0.548	0.995	0.847	0.3541
LOC129524669	NC_073237.2	LOC129530384	NC_073248.2	0.548	0.966	0.927	0.2222
LOC129528141	NC_073231.2	LOC129531748	NC_073236.2	0.548	0.983	0.858	0.2074
LOC129528187	NC_073238.2	LOC129528465	NC_073241.2	0.548	0.994	0.985	0.6439
LOC129528465	NC_073241.2	LOC129529646	NC_086018.1	0.548	0.992	0.977	0.672
LOC129528465	NC_073241.2	LOC134757319	NC_073240.2	0.548	0.994	0.985	0.6296
LOC134758144	NC_086017.1	LOC134759135	NC_073231.2	0.548	0.98	0.916	0.1972
LOC134758144	NC_086017.1	LOC134759136	NC_073231.2	0.548	0.98	0.801	0.2017
GNG10	NC_073237.2	LOC109023336	NC_073240.2	0.547	0.973	0.947	0.3344
LOC101124778	NC_073224.2	ZNF679	NC_073230.2	0.547	0.764	0.741	0.0348
LOC101133718	NC_073231.2	LOC115930437	NC_073238.2	0.547	0.929	0.933	0.1623
LOC129524669	NC_073237.2	LOC129529663	NC_086018.1	0.547	0.966	0.947	0.14
LOC129528465	NC_073241.2	LOC129530391	NC_073248.2	0.547	0.991	0.983	0.6576
LOC129528748	NC_073244.2	LOC134758144	NC_086017.1	0.547	0.982	0.923	0.0696
LOC129529380	NC_073238.2	LOC129530564	NC_073246.2	0.547	0.987	0.939	0.4738
DPY19L2	NC_073234.2	LOC115935380	NC_073230.2	0.546	0.967	0.806	0.151
LOC129523820	NC_073230.2	LOC129525765	NC_073234.2	0.546	0.914	0.798	0.1895
LOC129523820	NC_073230.2	LOC129527885	NC_073243.2	0.546	0.914	0.798	0.1895
LOC129528193	NC_073241.2	LOC129529387	NC_073246.2	0.546	0.982	0.979	0.405
LOC129528441	NC_073241.2	LOC129530564	NC_073246.2	0.546	0.989	0.939	0.4785
KMT2C	NC_073230.2	LOC129530564	NC_073246.2	0.545	0.988	0.981	0.0602
LOC101128093	NC_073228.2	LOC101152403	NC_073245.2	0.545	0.942	0.934	0.0958
LOC101132095	NC_073224.2	LOC101142327	NC_073236.2	0.545	0.971	0.895	0.1071
LOC101132458	NC_073224.2	LOC101142327	NC_073236.2	0.545	0.947	0.867	0.0822
LOC101141121	NC_073228.2	MAPK8IP1	NC_073233.2	0.545	0.969	0.965	0.2177
LOC115930071	NC_073239.2	LOC115932964	NC_073224.2	0.545	0.945	0.923	0.0838
LOC129528193	NC_073241.2	LOC129529381	NC_073246.2	0.545	0.985	0.981	0.4556
LOC101154318	NC_073244.2	LOC129526156	NC_073238.2	0.544	0.984	0.832	0.2252
LOC101154318	NC_073244.2	LOC129526157	NC_073238.2	0.544	0.984	0.832	0.2252
LOC101154318	NC_073244.2	LOC129526207	NC_073238.2	0.544	0.984	0.833	0.2252
LOC115930148	NC_073230.2	LOC129533127	NC_073227.2	0.544	0.914	0.89	0.0699
LOC115932761	NC_073246.2	LOC134757392	NC_073241.2	0.544	0.976	0.985	0.6087
LOC129524663	NC_073237.2	LOC129526379	NC_073238.2	0.544	0.989	0.989	0.6409
LOC129524663	NC_073237.2	LOC129530543	NC_073236.2	0.544	0.987	0.987	0.5942
LOC129524663	NC_073237.2	LOC134757055	NC_073238.2	0.544	0.992	0.991	0.7477
LOC129524664	NC_073237.2	LOC129528459	NC_073241.2	0.544	0.987	0.987	0.4949
LOC129526379	NC_073238.2	LOC129528459	NC_073241.2	0.544	0.987	0.988	0.6291
LOC129528459	NC_073241.2	LOC129530543	NC_073236.2	0.544	0.986	0.986	0.5807
LOC129528459	NC_073241.2	LOC134757055	NC_073238.2	0.544	0.992	0.991	0.7401
LOC129530568	NC_073246.2	LOC134757392	NC_073241.2	0.544	0.978	0.986	0.6043
LOC101127524	NC_073233.2	LOC129524393	NC_073231.2	0.543	0.95	0.948	0.1575
LOC101127524	NC_073233.2	LOC134759085	NC_073231.2	0.543	0.95	0.948	0.1575
LOC129524393	NC_073231.2	LOC129524399	NC_073227.2	0.543	0.976	0.969	0.153
LOC129524393	NC_073231.2	LOC129524400	NC_073227.2	0.543	0.976	0.969	0.1696
LOC129524393	NC_073231.2	LOC129533209	NC_073227.2	0.543	0.976	0.965	0.1718
LOC129524393	NC_073231.2	LOC129533217	NC_073227.2	0.543	0.976	0.969	0.1607
LOC129524393	NC_073231.2	LOC129533219	NC_073227.2	0.543	0.976	0.969	0.1516
LOC129524393	NC_073231.2	LOC129533220	NC_073227.2	0.543	0.976	0.969	0.1696
LOC129524393	NC_073231.2	LOC129533223	NC_073227.2	0.543	0.976	0.974	0.1481
LOC129524393	NC_073231.2	LOC129533224	NC_073227.2	0.543	0.976	0.969	0.1692
LOC129524393	NC_073231.2	LOC129533225	NC_073227.2	0.543	0.976	0.969	0.1692
LOC129524393	NC_073231.2	LOC134758236	NC_073227.2	0.543	0.976	0.97	0.2113
LOC129524399	NC_073227.2	LOC134759085	NC_073231.2	0.543	0.976	0.969	0.153
LOC129524400	NC_073227.2	LOC134759085	NC_073231.2	0.543	0.976	0.969	0.1696
LOC129524664	NC_073237.2	LOC129528444	NC_073241.2	0.543	0.987	0.986	0.4891
LOC129526379	NC_073238.2	LOC129528444	NC_073241.2	0.543	0.987	0.987	0.6215
LOC129528444	NC_073241.2	LOC129530543	NC_073236.2	0.543	0.989	0.987	0.6301
LOC129528444	NC_073241.2	LOC134757055	NC_073238.2	0.543	0.995	0.992	0.8064
LOC129533209	NC_073227.2	LOC134759085	NC_073231.2	0.543	0.976	0.965	0.1718
LOC129533217	NC_073227.2	LOC134759085	NC_073231.2	0.543	0.976	0.969	0.1607
LOC129533219	NC_073227.2	LOC134759085	NC_073231.2	0.543	0.976	0.969	0.1516
LOC129533220	NC_073227.2	LOC134759085	NC_073231.2	0.543	0.976	0.969	0.1696
LOC129533223	NC_073227.2	LOC134759085	NC_073231.2	0.543	0.976	0.974	0.1481
LOC129533224	NC_073227.2	LOC134759085	NC_073231.2	0.543	0.976	0.969	0.1692
LOC129533225	NC_073227.2	LOC134759085	NC_073231.2	0.543	0.976	0.969	0.1692
LOC134758236	NC_073227.2	LOC134759085	NC_073231.2	0.543	0.976	0.97	0.2113
LOC101130286	NC_073237.2	LOC101146854	NC_073243.2	0.542	0.939	0.94	0.1143
LOC129524670	NC_073237.2	LOC129528466	NC_073241.2	0.542	0.988	0.988	0.5173
COPS3	NC_073228.2	LOC109024660	NC_073247.2	0.541	0.996	0.996	0.5096
LOC101144397	NC_073233.2	ZNF75D	NC_073247.2	0.541	0.907	0.916	0.0706
LOC109026515	NC_073227.2	TMA7	NC_086017.1	0.541	0.956	0.87	0.118
ISCA1	NC_073237.2	LOC101148543	NC_073243.2	0.54	0.971	0.941	0.0396
LOC101138209	NC_073241.2	LOC101144419	NC_073238.2	0.54	0.912	0.907	0.1083
LOC129526106	NC_073236.2	TBC1D1	NC_073227.2	0.54	0.999	0.992	0.6133
LOC129531501	NC_073238.2	SAFB2	NC_073244.2	0.54	0.98	0.984	0.3318
LOC129532032	NC_073224.2	MAPKBP1	NC_073240.2	0.54	0.986	0.986	0.4117
DYNLL1	NC_073234.2	LOC101135579	NC_073224.2	0.539	0.903	0.929	0.0654
LOC101125882	NC_073235.2	LOC109025566	NC_073233.2	0.539	0.88	0.798	0.0502
LOC101131674	NC_073242.2	TUBB4B	NC_073237.2	0.539	0.851	0.821	0.0302
LOC129529646	NC_086018.1	LOC134757391	NC_073241.2	0.539	0.991	0.973	0.5031
ABCD1	NC_073247.2	LOC129527283	NC_073240.2	0.538	0.957	0.944	0.118
LOC101128742	NC_073247.2	LOC101148972	NC_073234.2	0.538	0.866	0.872	0.0364
LOC101128742	NC_073247.2	LOC101150168	NC_073234.2	0.538	0.881	0.883	0.0526
LOC101128742	NC_073247.2	TUBA1C	NC_073234.2	0.538	0.864	0.862	0.0484
LOC101136188	NC_073228.2	LOC129530307	NC_073248.2	0.538	0.967	0.96	0.237
LOC101149662	NC_073232.2	PSMD4	NC_073224.2	0.538	0.967	0.956	0.1818
LOC129525579	NC_073233.2	LOC129528141	NC_073231.2	0.538	0.991	0.927	0.3105
LOC129526003	NC_073234.2	LOC129528141	NC_073231.2	0.538	0.99	0.926	0.2846
LOC129526873	NC_073240.2	TBC1D1	NC_073227.2	0.538	0.999	0.99	0.6135
LOC129527948	NC_073243.2	LOC129528141	NC_073231.2	0.538	0.99	0.926	0.2851
LOC129528163	NC_073241.2	LOC129530470	NC_073246.2	0.538	0.991	0.906	0.3072
LOC129528464	NC_073241.2	LOC129530497	NC_073246.2	0.538	0.984	0.984	0.5759
LOC129528469	NC_073241.2	LOC129530464	NC_073238.2	0.538	0.987	0.987	0.4803
LOC129528469	NC_073241.2	LOC129530486	NC_073246.2	0.538	0.985	0.961	0.5102
LOC129528469	NC_073241.2	LOC129530565	NC_073246.2	0.538	0.985	0.962	0.5205
LOC134756953	NC_073238.2	TBC1D1	NC_073227.2	0.538	0.999	0.991	0.612
LOC101124648	NC_073224.2	LOC129524261	NC_073231.2	0.537	0.956	0.962	0.1191
LOC101135462	NC_073224.2	LOC129533589	NC_073228.2	0.537	0.965	0.949	0.0681
LOC101138209	NC_073241.2	LOC101144921	NC_073239.2	0.537	0.895	0.911	0.0658
LOC129524670	NC_073237.2	LOC129528464	NC_073241.2	0.537	0.975	0.98	0.4356
LOC129528163	NC_073241.2	LOC129530544	NC_073236.2	0.537	0.995	0.851	0.2547
LOC129528464	NC_073241.2	LOC129529384	NC_073246.2	0.537	0.983	0.983	0.5576
LOC129528467	NC_073241.2	LOC134756446	NC_073246.2	0.537	0.979	0.918	0.3374
LOC129529663	NC_086018.1	LOC129530384	NC_073248.2	0.537	0.947	0.916	0.1116
LOC101124387	NC_073224.2	PPIA	NC_073230.2	0.536	0.929	0.893	0.1042
LOC101127166	NC_073224.2	LOC101129521	NC_073240.2	0.536	0.934	0.94	0.2037
LOC101127907	NC_073233.2	LOC101127980	NC_073241.2	0.536	0.848	0.83	0.0545
LOC101148643	NC_073224.2	LOC129523855	NC_073230.2	0.536	0.96	0.952	0.1025
LOC129524570	NC_073237.2	LOC129526400	NC_073238.2	0.536	0.979	0.98	0.1772
LOC129530380	NC_073248.2	LOC134757392	NC_073241.2	0.536	0.969	0.974	0.5101
ACTB	NC_073230.2	ACTG1	NC_073228.2	0.535	0.911	0.787	0.081
LOC101135147	NC_073239.2	PDLIM1	NC_073232.2	0.535	0.941	0.939	0.1497
LOC115932992	NC_073242.2	LOC129528916	NC_073244.2	0.535	0.982	0.968	0.1875
LOC115935247	NC_073230.2	LOC129533589	NC_073228.2	0.535	0.986	0.873	0.1133
LOC129523820	NC_073230.2	LOC129523993	NC_073224.2	0.535	0.989	0.894	0.232
LOC129523820	NC_073230.2	LOC129528382	NC_073241.2	0.535	0.989	0.894	0.232
LOC129524470	NC_073237.2	LOC129530470	NC_073246.2	0.535	0.991	0.886	0.2311
LOC129528445	NC_073241.2	LOC129530470	NC_073246.2	0.535	0.989	0.904	0.2295
LOC129529383	NC_073246.2	LOC134757392	NC_073241.2	0.535	0.987	0.99	0.6726
LOC129529615	NC_086018.1	LOC129530496	NC_073246.2	0.535	0.802	0.858	0.0826
LOC129529615	NC_086018.1	LOC129530567	NC_073246.2	0.535	0.806	0.859	0.0828
LOC129530470	NC_073246.2	LOC134756947	NC_073238.2	0.535	0.991	0.845	0.2795
LOC129534585	NC_073224.2	SPTBN5	NC_073240.2	0.535	0.987	0.984	0.4605
CDC42	NC_073224.2	LOC101128843	NC_073230.2	0.534	0.936	0.946	0.0803
GSPT1	NC_073242.2	GSPT2	NC_073247.2	0.534	0.902	0.857	0.0499
GSTM1	NC_073224.2	LOC101138588	NC_073229.2	0.534	0.868	0.872	0.0641
GSTM2	NC_073224.2	LOC101138588	NC_073229.2	0.534	0.886	0.889	0.1067
GSTM4	NC_073224.2	LOC101138588	NC_073229.2	0.534	0.857	0.872	0.0767
LOC101139259	NC_073236.2	LOC101151356	NC_073232.2	0.534	0.946	0.947	0.1364
LOC101144435	NC_073227.2	LOC129530113	NC_073247.2	0.534	0.971	0.975	0.4098
GGT1	NC_086018.1	LOC129524657	NC_073237.2	0.533	0.961	0.964	0.1402
LOC101139703	NC_073237.2	LOC129526951	NC_073238.2	0.533	0.995	0.995	0.3636
LOC101139703	NC_073237.2	LOC129530378	NC_073248.2	0.533	0.996	0.877	0.2374
LOC101142457	NC_073247.2	LOC129523468	NC_073236.2	0.533	0.995	0.996	0.8198
LOC101144435	NC_073227.2	LOC129534659	NC_073224.2	0.533	0.946	0.954	0.2158
LOC129526471	NC_073236.2	LOC129530470	NC_073246.2	0.533	0.992	0.888	0.1717
LOC129529649	NC_086018.1	LOC134757392	NC_073241.2	0.533	0.988	0.986	0.5377
LOC129530488	NC_073246.2	LOC134757392	NC_073241.2	0.533	0.987	0.988	0.6652
RPE	NC_073235.2	RPEL1	NC_073232.2	0.533	0.974	0.978	0.1594
DUSP7	NC_086017.1	LOC115933338	NC_073228.2	0.532	0.988	0.988	0.6373
LOC101139095	NC_073237.2	ZNF722	NC_073230.2	0.532	0.794	0.79	0.0384
LOC129524034	NC_073224.2	LOC129525554	NC_073233.2	0.532	0.99	0.942	0.2511
LOC129525115	NC_073232.2	PPIA	NC_073230.2	0.532	0.932	0.918	0.0375
LOC129525411	NC_073233.2	LOC129528141	NC_073231.2	0.532	0.988	0.836	0.1384
LOC129525554	NC_073233.2	LOC134757295	NC_073240.2	0.532	0.998	0.915	0.2251
LOC129526379	NC_073238.2	LOC129528455	NC_073241.2	0.532	0.989	0.979	0.5177
DOC2B	NC_073243.2	LOC129525554	NC_073233.2	0.531	0.988	0.916	0.0876
DUSP7	NC_086017.1	LOC134758532	NC_073228.2	0.531	0.989	0.989	0.6423
LOC101136771	NC_073236.2	LOC129531453	NC_073240.2	0.531	0.99	0.987	0.6294
LOC101147117	NC_073229.2	LOC134758505	NC_073224.2	0.531	0.899	0.904	0.053
LOC101148271	NC_073230.2	LOC134758136	NC_086017.1	0.531	0.966	0.8	0.1826
LOC129524470	NC_073237.2	LOC129528445	NC_073241.2	0.531	0.996	0.983	0.6878
LOC129524653	NC_073237.2	LOC134757055	NC_073238.2	0.531	0.995	0.994	0.6157
LOC129524776	NC_073237.2	LOC129534659	NC_073224.2	0.531	0.93	0.946	0.1086
LOC129528455	NC_073241.2	LOC129530543	NC_073236.2	0.531	0.988	0.977	0.5088
LOC129528455	NC_073241.2	LOC134757055	NC_073238.2	0.531	0.994	0.993	0.5672
LOC129530470	NC_073246.2	LOC129530544	NC_073236.2	0.531	0.997	0.991	0.5028
LOC129532627	NC_086017.1	LOC134759270	NC_073232.2	0.531	0.992	0.799	0.2909
LOC101124683	NC_073239.2	LOC101148714	NC_073224.2	0.53	0.932	0.936	0.0394
LOC101126392	NC_073227.2	PSME3IP1	NC_073242.2	0.53	0.959	0.963	0.1027
LOC101129892	NC_073244.2	LOC101146854	NC_073243.2	0.53	0.96	0.968	0.2821
LOC101135427	NC_073244.2	OSTC	NC_073227.2	0.53	0.927	0.944	0.1216
LOC101148714	NC_073224.2	LOC115930071	NC_073239.2	0.53	0.932	0.898	0.1288
LOC115930437	NC_073238.2	LOC129524489	NC_073237.2	0.53	0.957	0.952	0.2878
LOC129524776	NC_073237.2	LOC129530113	NC_073247.2	0.53	0.963	0.969	0.1724
LOC129525067	NC_073232.2	MORN5	NC_073237.2	0.53	0.929	0.85	0.1647
LOC129525554	NC_073233.2	LOC129532956	NC_073227.2	0.53	0.992	0.994	0.4665
LOC129525865	NC_073234.2	S100A11	NC_073224.2	0.53	0.924	0.92	0.1699
LOC101152383	NC_073240.2	LOC115936021	NC_073232.2	0.529	0.96	0.925	0.0629
LOC129524675	NC_073237.2	LOC129528236	NC_073241.2	0.529	0.982	0.822	0.216
LOC134757060	NC_073238.2	RGS12	NC_073227.2	0.529	0.978	0.884	0.0583
PABPC1	NC_073231.2	PABPC3	NC_073238.2	0.529	0.954	0.947	0.2072
LOC101130854	NC_073242.2	LOC129528916	NC_073244.2	0.528	0.992	0.971	0.062
LOC101135138	NC_073234.2	TMEM42	NC_086017.1	0.528	0.907	0.922	0.108
LOC101135427	NC_073244.2	LOC109027288	NC_073229.2	0.528	0.915	0.924	0.1538
LOC115933479	NC_073233.2	TMEM42	NC_086017.1	0.528	0.92	0.931	0.2024
LOC129526391	NC_073236.2	LOC129531453	NC_073240.2	0.528	0.99	0.987	0.629
LOC129528466	NC_073241.2	LOC129529381	NC_073246.2	0.528	0.987	0.98	0.4252
LOC129528466	NC_073241.2	LOC129529387	NC_073246.2	0.528	0.983	0.979	0.4018
LOC134757970	NC_086017.1	LOC134758964	NC_073230.2	0.528	0.991	0.955	0.1487
FAM151A	NC_073224.2	LOC101142104	NC_086017.1	0.527	0.929	0.916	0.1693
LOC101152938	NC_073233.2	LOC115934341	NC_086017.1	0.527	0.922	0.928	0.1786
LOC109025051	NC_073242.2	TUBB4B	NC_073237.2	0.527	0.888	0.759	0.0545
LOC115931421	NC_073241.2	LOC129525579	NC_073233.2	0.527	0.994	0.99	0.491
LOC115931421	NC_073241.2	LOC129526003	NC_073234.2	0.527	0.993	0.989	0.4788
LOC115931421	NC_073241.2	LOC129527948	NC_073243.2	0.527	0.992	0.989	0.4795
LOC115933107	NC_073238.2	LOC115933177	NC_073240.2	0.527	0.994	0.93	0.4047
LOC129523959	NC_073224.2	LOC129525579	NC_073233.2	0.527	0.994	0.986	0.6359
LOC129523959	NC_073224.2	LOC129526003	NC_073234.2	0.527	0.993	0.985	0.6186
LOC129523959	NC_073224.2	LOC129527948	NC_073243.2	0.527	0.992	0.985	0.6197
LOC129524028	NC_073231.2	LOC129525579	NC_073233.2	0.527	0.992	0.989	0.3774
LOC129524028	NC_073231.2	LOC129526003	NC_073234.2	0.527	0.99	0.988	0.3682
LOC129524028	NC_073231.2	LOC129527948	NC_073243.2	0.527	0.989	0.987	0.3641
LOC129524726	NC_073238.2	LOC134757970	NC_086017.1	0.527	0.994	0.832	0.3589
LOC129524833	NC_073239.2	LOC129525579	NC_073233.2	0.527	0.993	0.982	0.6157
LOC129524833	NC_073239.2	LOC129526003	NC_073234.2	0.527	0.991	0.981	0.6014
LOC129524833	NC_073239.2	LOC129527948	NC_073243.2	0.527	0.99	0.981	0.594
LOC129525579	NC_073233.2	LOC129525641	NC_073234.2	0.527	0.993	0.987	0.1936
LOC129525579	NC_073233.2	LOC129528719	NC_073244.2	0.527	0.991	0.989	0.3413
LOC129525579	NC_073233.2	LOC129530133	NC_073247.2	0.527	0.993	0.986	0.6372
LOC129525579	NC_073233.2	LOC129532627	NC_086017.1	0.527	0.993	0.983	0.376
LOC129525579	NC_073233.2	LOC129534553	NC_073229.2	0.527	0.994	0.989	0.3638
LOC129525579	NC_073233.2	LOC134759270	NC_073232.2	0.527	0.991	0.987	0.4313
LOC129525579	NC_073233.2	SLC35F5	NC_073235.2	0.527	0.989	0.987	0.2837
LOC129525641	NC_073234.2	LOC129527948	NC_073243.2	0.527	0.991	0.985	0.1897
LOC129526003	NC_073234.2	LOC129528719	NC_073244.2	0.527	0.989	0.989	0.3413
LOC129526003	NC_073234.2	LOC129530133	NC_073247.2	0.527	0.992	0.985	0.6282
LOC129526003	NC_073234.2	LOC129532627	NC_086017.1	0.527	0.992	0.982	0.3667
LOC129526003	NC_073234.2	LOC129534553	NC_073229.2	0.527	0.993	0.988	0.355
LOC129526003	NC_073234.2	LOC134759270	NC_073232.2	0.527	0.989	0.987	0.4295
LOC129526003	NC_073234.2	SLC35F5	NC_073235.2	0.527	0.987	0.987	0.2837
LOC129527948	NC_073243.2	LOC129528719	NC_073244.2	0.527	0.989	0.989	0.3376
LOC129527948	NC_073243.2	LOC129530133	NC_073247.2	0.527	0.991	0.984	0.6204
LOC129527948	NC_073243.2	LOC129532627	NC_086017.1	0.527	0.991	0.981	0.3671
LOC129527948	NC_073243.2	LOC129534553	NC_073229.2	0.527	0.992	0.987	0.351
LOC129527948	NC_073243.2	LOC134759270	NC_073232.2	0.527	0.989	0.986	0.4246
LOC129527948	NC_073243.2	SLC35F5	NC_073235.2	0.527	0.986	0.987	0.2806
LOC129528141	NC_073231.2	LOC129533288	NC_073227.2	0.527	0.99	0.926	0.1568
LOC129529231	NC_073224.2	LOC134758129	NC_086017.1	0.527	0.972	0.907	0.1838
DYNLL1	NC_073234.2	LOC101135308	NC_073230.2	0.526	0.945	0.939	0.1208
IFITM2	NC_073233.2	LOC101150658	NC_073236.2	0.526	0.862	0.836	0.0444
LOC101123746	NC_073229.2	ZC3H11A	NC_073224.2	0.526	0.965	0.973	0.3937
LOC101124418	NC_073235.2	LOC101143553	NC_073238.2	0.526	0.895	0.893	0.0566
LOC101128806	NC_073242.2	LOC109028893	NC_073233.2	0.526	0.881	0.874	0.0413
LOC101131083	NC_073240.2	PIN4	NC_073247.2	0.526	0.981	0.875	0.084
LOC101136188	NC_073228.2	LOC134758129	NC_086017.1	0.526	0.963	0.962	0.1887
LOC101144435	NC_073227.2	LOC101152491	NC_086017.1	0.526	0.961	0.965	0.344
LOC101148643	NC_073224.2	LOC129533126	NC_073227.2	0.526	0.963	0.918	0.3429
LOC101148918	NC_073224.2	LOC134758129	NC_086017.1	0.526	0.977	0.969	0.0337
LOC109026927	NC_073230.2	S100A11	NC_073224.2	0.526	0.938	0.935	0.2067
LOC115936299	NC_073227.2	LOC134758129	NC_086017.1	0.526	0.969	0.971	0.0379
LOC101136134	NC_073229.2	LOC115934567	NC_073228.2	0.525	0.945	0.88	0.0576
LOC115936058	NC_073229.2	LOC134757796	NC_073245.2	0.525	0.989	0.967	0.6405
LOC129528280	NC_073241.2	LOC134757796	NC_073245.2	0.525	0.988	0.913	0.6094
LOC129532017	NC_073235.2	LOC134758136	NC_086017.1	0.525	0.985	0.954	0.1079
LOC129534573	NC_073229.2	LOC134757796	NC_073245.2	0.525	0.988	0.913	0.5535
LOC101152491	NC_086017.1	LOC129524776	NC_073237.2	0.524	0.961	0.965	0.1748
LOC109023503	NC_073240.2	RPS24	NC_073232.2	0.524	0.915	0.908	0.0506
LOC109024802	NC_086018.1	VCF2	NC_073247.2	0.524	0.965	0.98	0.0903
LOC115931040	NC_073240.2	LOC134756757	NC_073236.2	0.524	0.99	0.826	0.376
LOC115933023	NC_073231.2	LOC134758127	NC_086017.1	0.524	0.962	0.967	0.1767
LOC129527970	NC_073243.2	LOC129529614	NC_086018.1	0.524	0.907	0.891	0.0674
LOC101148271	NC_073230.2	LOC129533127	NC_073227.2	0.523	0.913	0.848	0.1134
LOC115932637	NC_073240.2	LOC134758136	NC_086017.1	0.523	0.984	0.985	0.1514
LOC129532624	NC_073230.2	LOC134758136	NC_086017.1	0.523	0.988	0.803	0.0999
CES4A	NC_073242.2	LOC134757223	NC_073240.2	0.522	0.984	0.963	0.25
LOC101129170	NC_073229.2	LOC101135431	NC_073230.2	0.522	0.956	0.963	0.0384
LOC101129170	NC_073229.2	LOC129524120	NC_073231.2	0.522	0.926	0.941	0.2188
LOC101148457	NC_086018.1	LOC129527662	NC_073242.2	0.522	0.956	0.926	0.0793
LOC101152273	NC_073244.2	RPL23A	NC_073228.2	0.522	0.972	0.973	0.2997
LOC109026515	NC_073227.2	TMA7B	NC_086018.1	0.522	0.938	0.925	0.0797
LOC115931421	NC_073241.2	SLC35F5	NC_073235.2	0.522	0.989	0.799	0.2421
LOC115933107	NC_073238.2	LOC115936021	NC_073232.2	0.522	0.96	0.909	0.0634
LOC115933177	NC_073240.2	LOC115936021	NC_073232.2	0.522	0.964	0.908	0.1033
LOC129524675	NC_073237.2	LOC129526409	NC_073238.2	0.522	0.986	0.927	0.0487
LOC129524675	NC_073237.2	LOC129527278	NC_073236.2	0.522	0.982	0.932	0.0448
LOC129529294	NC_073246.2	LOC129529430	NC_086018.1	0.522	0.99	0.991	0.136
LOC129531429	NC_073236.2	LOC134757223	NC_073240.2	0.522	0.981	0.914	0.2546
LOC115930148	NC_073230.2	LOC129534554	NC_073229.2	0.521	0.89	0.861	0.0348
LOC115936298	NC_086018.1	LOC129524261	NC_073231.2	0.521	0.981	0.843	0.1784
LOC129524470	NC_073237.2	LOC134756446	NC_073246.2	0.521	0.987	0.921	0.3735
LOC129524668	NC_073237.2	LOC134757392	NC_073241.2	0.521	0.981	0.984	0.6964
LOC129534219	NC_073229.2	ZC3H11B	NC_073224.2	0.521	0.967	0.958	0.4686
CS	NC_073234.2	LOC101124592	NC_073244.2	0.52	0.978	0.977	0.459
LOC109024451	NC_073246.2	LOC115930426	NC_073238.2	0.52	0.955	0.948	0.0997
LOC115931568	NC_073244.2	ZNF735	NC_073230.2	0.52	0.785	0.838	0.0318
LOC115932907	NC_073236.2	LOC129531947	NC_073235.2	0.52	0.976	0.975	0.2565
ZC3H11B	NC_073224.2	ZC3H11C	NC_073229.2	0.52	0.967	0.96	0.477
LOC129524664	NC_073237.2	LOC129528466	NC_073241.2	0.519	0.988	0.988	0.5156
LOC129533569	NC_073228.2	LOC129534177	NC_073229.2	0.519	0.936	0.84	0.1116
LOC129534075	NC_073229.2	ZC3H11A	NC_073224.2	0.519	0.966	0.973	0.3899
PPIA	NC_073230.2	TMEM42	NC_086017.1	0.519	0.89	0.889	0.2191
ZNF595	NC_073227.2	ZNF675	NC_073244.2	0.519	0.786	0.772	0.0312
KCTD5	NC_073242.2	LOC129532010	NC_073235.2	0.518	0.904	0.842	0.0316
LOC101139095	NC_073237.2	ZNF735	NC_073230.2	0.518	0.793	0.81	0.0347
LOC101152273	NC_073244.2	LOC129525277	NC_073233.2	0.518	0.913	0.914	0.0619
LOC115936187	NC_073229.2	ZC3H11B	NC_073224.2	0.518	0.971	0.96	0.4898
LOC129533127	NC_073227.2	LOC134758128	NC_086017.1	0.518	0.917	0.844	0.1274
LOC129534073	NC_073229.2	ZC3H11B	NC_073224.2	0.518	0.971	0.961	0.5054
LOC129534074	NC_073229.2	ZC3H11B	NC_073224.2	0.518	0.971	0.965	0.4938
LOC134757073	NC_073238.2	LOC134757392	NC_073241.2	0.518	0.993	0.993	0.597
LOC101127370	NC_073228.2	UPF3A	NC_073238.2	0.517	0.987	0.913	0.3301
LOC101129069	NC_073246.2	LOC129529646	NC_086018.1	0.517	0.981	0.952	0.4316
LOC101137833	NC_073241.2	LOC101144435	NC_073227.2	0.517	0.982	0.983	0.4917
LOC101145794	NC_073241.2	UFD1	NC_086018.1	0.517	0.956	0.951	0.1512
LOC101149305	NC_073227.2	LOC134756825	NC_073236.2	0.517	0.991	0.972	0.5119
LOC129524028	NC_073231.2	LOC129528719	NC_073244.2	0.517	0.991	0.81	0.2807
LOC115930071	NC_073239.2	LOC129529411	NC_073224.2	0.516	0.933	0.904	0.0717
LOC115934314	NC_073227.2	MYL12B	NC_073241.2	0.516	0.925	0.838	0.156
ANP32E	NC_073224.2	LOC109029066	NC_073234.2	0.515	0.991	0.973	0.6543
LOC101128806	NC_073242.2	RPL15	NC_086017.1	0.515	0.913	0.918	0.0479
LOC101139366	NC_073236.2	LOC101153289	NC_073232.2	0.515	0.886	0.824	0.0304
LOC101143804	NC_073234.2	LOC101152626	NC_073243.2	0.515	0.822	0.826	0.0429
LOC115930170	NC_073240.2	NF1	NC_073228.2	0.515	0.953	0.925	0.0334
LOC129530133	NC_073247.2	LOC129534570	NC_073229.2	0.515	0.998	0.935	0.1782
LOC129530381	NC_073248.2	SAFB2	NC_073244.2	0.515	0.979	0.971	0.3108
LOC101128806	NC_073242.2	LOC101135508	NC_073227.2	0.514	0.903	0.868	0.0972
LOC101146854	NC_073243.2	LOC101152650	NC_073230.2	0.514	0.958	0.958	0.2619
LOC115933558	NC_073236.2	LOC129527200	NC_073240.2	0.514	0.98	0.958	0.6811
LOC129528719	NC_073244.2	LOC129534553	NC_073229.2	0.514	0.99	0.807	0.2673
DOC2B	NC_073243.2	LOC134757295	NC_073240.2	0.513	0.981	0.929	0.2481
LOC101137457	NC_073229.2	LOC101152626	NC_073243.2	0.513	0.888	0.881	0.0787
LOC115930151	NC_073240.2	LOC129533127	NC_073227.2	0.513	0.929	0.849	0.1157
LOC129525023	NC_073232.2	LOC129526580	NC_073242.2	0.513	0.997	0.94	0.6627
LOC129530391	NC_073248.2	LOC134757391	NC_073241.2	0.513	0.989	0.989	0.5769
LOC129533127	NC_073227.2	LOC129534177	NC_073229.2	0.513	0.917	0.775	0.1145
LOC129533127	NC_073227.2	LOC129534554	NC_073229.2	0.513	0.917	0.807	0.1217
LOC129533127	NC_073227.2	LOC134758127	NC_086017.1	0.513	0.915	0.84	0.1124
LOC129533127	NC_073227.2	LOC134758136	NC_086017.1	0.513	0.919	0.791	0.0976
LOC129534554	NC_073229.2	LOC134758136	NC_086017.1	0.513	0.996	0.821	0.3743
LOC101137461	NC_073229.2	PPP1R2	NC_086017.1	0.512	0.928	0.887	0.1048
LOC101141508	NC_073244.2	LOC101152199	NC_073224.2	0.512	0.874	0.888	0.056
LOC101150945	NC_073228.2	LOC115931267	NC_073243.2	0.512	0.897	0.793	0.0779
LOC109024060	NC_073244.2	LOC115930437	NC_073238.2	0.512	0.806	0.822	0.0329
LOC129524455	NC_073237.2	LOC129526400	NC_073238.2	0.512	0.938	0.898	0.0383
LOC129525579	NC_073233.2	LOC129532895	NC_073227.2	0.512	0.991	0.979	0.3941
LOC129526003	NC_073234.2	LOC129532895	NC_073227.2	0.512	0.989	0.977	0.365
LOC129527948	NC_073243.2	LOC129532895	NC_073227.2	0.512	0.988	0.977	0.359
LOC129529647	NC_086018.1	LOC129530497	NC_073246.2	0.512	0.986	0.983	0.6477
LOC129533127	NC_073227.2	LOC134756800	NC_073236.2	0.512	0.925	0.824	0.0986
LOC134758144	NC_086017.1	LOC134759133	NC_073231.2	0.512	0.981	0.952	0.0842
ARL16	NC_073228.2	LOC109028384	NC_073224.2	0.511	0.967	0.969	0.0985
ERVW-1	NC_073230.2	LOC129533119	NC_073227.2	0.511	0.919	0.912	0.0662
LOC101154053	NC_086017.1	LOC109026691	NC_073227.2	0.511	0.925	0.931	0.146
LOC115932637	NC_073240.2	LOC129523876	NC_073230.2	0.511	0.899	0.92	0.0428
LOC115932637	NC_073240.2	LOC134758922	NC_073230.2	0.511	0.899	0.918	0.0426
LOC129523876	NC_073230.2	LOC129532017	NC_073235.2	0.511	0.901	0.915	0.0426
LOC129532017	NC_073235.2	LOC134758922	NC_073230.2	0.511	0.901	0.913	0.0423
CKS1B	NC_073224.2	LOC101127646	NC_073247.2	0.51	0.982	0.976	0.1733
HMGN2	NC_073224.2	LOC129531477	NC_073236.2	0.51	0.953	0.887	0.0816
LOC101125151	NC_073236.2	LOC101127811	NC_073235.2	0.51	0.9	0.912	0.0395
LOC101138661	NC_073234.2	NOP56	NC_073245.2	0.51	0.918	0.933	0.0359
LOC101138851	NC_073231.2	LOC129524776	NC_073237.2	0.51	0.988	0.97	0.1922
LOC115933751	NC_073235.2	LOC134757302	NC_073240.2	0.51	0.924	0.825	0.0767
LOC115933765	NC_073235.2	LOC129527231	NC_073238.2	0.51	0.938	0.923	0.082
LOC129533127	NC_073227.2	LOC134757481	NC_073242.2	0.51	0.921	0.859	0.0647
LOC101124648	NC_073224.2	LOC134758127	NC_086017.1	0.509	0.958	0.963	0.0766
LOC101148271	NC_073230.2	LOC134756357	NC_073224.2	0.509	0.975	0.967	0.1465
LOC101148271	NC_073230.2	LOC134756800	NC_073236.2	0.509	0.974	0.909	0.2262
LOC101148271	NC_073230.2	LOC134757481	NC_073242.2	0.509	0.976	0.932	0.2132
LOC115933239	NC_073236.2	LOC129524034	NC_073224.2	0.509	0.986	0.973	0.2583
LOC115936298	NC_086018.1	LOC134758127	NC_086017.1	0.509	0.96	0.888	0.1246
LOC101127912	NC_073224.2	LOC101131055	NC_073234.2	0.508	0.878	0.89	0.0484
LOC101128806	NC_073242.2	LOC101153622	NC_073230.2	0.508	0.885	0.88	0.0381
LOC101129521	NC_073240.2	LOC101137306	NC_073234.2	0.508	0.993	0.99	0.6418
LOC101129521	NC_073240.2	LOC101146784	NC_073224.2	0.508	0.99	0.985	0.5455
LOC101129521	NC_073240.2	LOC115930192	NC_073224.2	0.508	0.974	0.967	0.4013
LOC101129521	NC_073240.2	LOC115935032	NC_073229.2	0.508	0.987	0.988	0.6493
LOC129524261	NC_073231.2	LOC134758127	NC_086017.1	0.508	0.958	0.94	0.2889
LOC129528187	NC_073238.2	LOC134757391	NC_073241.2	0.508	0.992	0.991	0.5576
AURKAIP1	NC_073224.2	LOC101150093	NC_073243.2	0.507	0.858	0.791	0.0341
LOC101125960	NC_073231.2	LOC129529182	NC_073245.2	0.507	0.855	0.874	0.0792
LOC101126442	NC_073231.2	LOC101129521	NC_073240.2	0.507	0.971	0.975	0.4362
LOC101144435	NC_073227.2	LOC129527811	NC_073242.2	0.507	0.985	0.983	0.5083
LOC109025084	NC_073229.2	LOC115931945	NC_086018.1	0.507	0.937	0.911	0.0693
LOC129529182	NC_073245.2	RPL37	NC_073243.2	0.507	0.883	0.913	0.0709
ZNF430	NC_073244.2	ZNF92	NC_073230.2	0.507	0.857	0.841	0.0447
BDH2	NC_073227.2	LOC101129796	NC_073229.2	0.506	0.97	0.969	0.2573
LOC101126684	NC_073232.2	LOC101144435	NC_073227.2	0.506	0.982	0.973	0.2903
LOC101132823	NC_073247.2	MRPS18C	NC_073227.2	0.506	0.974	0.94	0.1154
LOC101142783	NC_073237.2	LOC115933254	NC_073236.2	0.506	0.987	0.978	0.3934
LOC115930203	NC_073234.2	PPP1R14B	NC_073233.2	0.506	0.997	0.998	0.2825
LOC101153373	NC_073245.2	LOC134758274	NC_073227.2	0.505	0.962	0.94	0.1181
LOC129524658	NC_073237.2	LOC129530486	NC_073246.2	0.505	0.983	0.984	0.5249
LOC129524658	NC_073237.2	LOC129530565	NC_073246.2	0.505	0.983	0.985	0.5301
LOC129525067	NC_073232.2	LOC129532980	NC_073240.2	0.505	0.92	0.83	0.1325
GGT1	NC_086018.1	LOC129524426	NC_073237.2	0.504	0.962	0.963	0.1163
GGTLC1	NC_073245.2	LOC129524426	NC_073237.2	0.504	0.951	0.944	0.1974
LOC101144966	NC_073245.2	LOC115934567	NC_073228.2	0.504	0.99	0.913	0.135
LOC109024112	NC_073224.2	LOC129527364	NC_073242.2	0.504	0.932	0.796	0.0811
LOC129524426	NC_073237.2	LOC129529588	NC_086018.1	0.504	0.96	0.958	0.3053
ELOA2	NC_073241.2	LOC134757035	NC_073238.2	0.503	0.869	0.906	0.1209
LOC101137537	NC_086017.1	LOC101144435	NC_073227.2	0.503	0.982	0.985	0.4622
LOC101143804	NC_073234.2	LOC109024079	NC_073244.2	0.503	0.857	0.85	0.0321
LOC101144435	NC_073227.2	LOC101151538	NC_073243.2	0.503	0.956	0.971	0.3425
LOC101144435	NC_073227.2	LOC115933486	NC_073233.2	0.503	0.974	0.975	0.363
LOC109023937	NC_073241.2	RPL7L1	NC_073229.2	0.503	0.994	0.995	0.5089
LOC109024249	NC_073244.2	LOC129529182	NC_073245.2	0.503	0.84	0.881	0.069
LOC129524658	NC_073237.2	LOC134757055	NC_073238.2	0.503	0.994	0.991	0.5006
LOC129528469	NC_073241.2	LOC134757055	NC_073238.2	0.503	0.992	0.989	0.6492
LOC134756614	NC_073235.2	PLAC9	NC_073232.2	0.503	0.932	0.915	0.0488
AP3S1	NC_073228.2	LOC101146685	NC_073224.2	0.502	0.967	0.883	0.195
LOC101133796	NC_073231.2	LOC101146854	NC_073243.2	0.502	0.961	0.968	0.2869
LOC129524776	NC_073237.2	LOC134757331	NC_073240.2	0.502	0.972	0.951	0.1333
RPL10	NC_073247.2	RPL10L	NC_073239.2	0.502	0.887	0.764	0.0386
LOC101133440	NC_073231.2	LOC115934341	NC_086017.1	0.501	0.94	0.949	0.2388
LOC101136021	NC_073230.2	ZNF723	NC_073244.2	0.501	0.854	0.867	0.0513
LOC101137457	NC_073229.2	LOC109024079	NC_073244.2	0.501	0.882	0.899	0.0828
LOC101139095	NC_073237.2	LOC115931576	NC_073244.2	0.501	0.96	0.961	0.2526
LOC101139095	NC_073237.2	ZNF506	NC_073244.2	0.501	0.833	0.829	0.0429
LOC101146854	NC_073243.2	LOC101151078	NC_073241.2	0.501	0.897	0.909	0.1111
LOC109028279	NC_073224.2	PFDN5	NC_073234.2	0.501	0.911	0.799	0.0698
HMGN1	NC_073246.2	LOC101154501	NC_073224.2	0.5	0.992	0.993	0.7193
LOC101127646	NC_073247.2	LOC109027898	NC_073231.2	0.5	0.986	0.97	0.4457
LOC115934567	NC_073228.2	LOC115936029	NC_073232.2	0.5	0.973	0.901	0.1073
LOC129526137	NC_073238.2	LOC129527244	NC_073240.2	0.5	0.99	0.978	0.3621
LOC134757319	NC_073240.2	LOC134757391	NC_073241.2	0.5	0.989	0.991	0.5763
CCDC188	NC_086018.1	LOC129531870	NC_073236.2	0.499	0.937	0.93	0.0388
LOC101139095	NC_073237.2	ZNF681	NC_073244.2	0.499	0.865	0.86	0.0861
LOC101139095	NC_073237.2	ZNF723	NC_073244.2	0.499	0.839	0.839	0.0809
LOC101146140	NC_073239.2	RAB42	NC_073224.2	0.499	0.962	0.966	0.3016
LOC101146854	NC_073243.2	LOC109023669	NC_073242.2	0.499	0.958	0.958	0.1716
LOC101149650	NC_073228.2	LOC129533142	NC_073227.2	0.499	0.997	0.964	0.2534
LOC115933219	NC_073245.2	LOC129528236	NC_073241.2	0.499	0.961	0.924	0.0308
LOC115933765	NC_073235.2	LOC134757302	NC_073240.2	0.499	0.939	0.919	0.0833
LOC129525067	NC_073232.2	LOC134756371	NC_073227.2	0.499	0.921	0.831	0.1434
PGAM1	NC_073232.2	PGAM4	NC_073247.2	0.499	0.979	0.974	0.4567
DNAI1	NC_073237.2	LOC129530372	NC_073248.2	0.498	0.999	0.955	0.3932
LOC101133440	NC_073231.2	LOC101139163	NC_086017.1	0.498	0.938	0.948	0.2566
LOC101136021	NC_073230.2	LOC101145945	NC_073244.2	0.498	0.836	0.86	0.0503
LOC101149650	NC_073228.2	LOC129530539	NC_073235.2	0.498	0.996	0.963	0.2582
LOC115930134	NC_073236.2	SNX3	NC_073229.2	0.498	0.997	0.995	0.7101
LOC129525067	NC_073232.2	LOC129525416	NC_073233.2	0.498	0.923	0.829	0.1434
LOC129525067	NC_073232.2	LOC129531752	NC_073236.2	0.498	0.92	0.828	0.1418
LOC129525067	NC_073232.2	LOC129532807	NC_073227.2	0.498	0.923	0.829	0.1434
LOC129530497	NC_073246.2	LOC134757055	NC_073238.2	0.498	0.987	0.987	0.6171
DSTN	NC_073245.2	LOC101126376	NC_086017.1	0.497	0.887	0.858	0.0342
LOC101127500	NC_073241.2	LOC115934314	NC_073227.2	0.497	0.931	0.777	0.0831
LOC101141792	NC_073224.2	SDHD	NC_073233.2	0.497	0.976	0.965	0.3904
LOC101152940	NC_073224.2	RPS29	NC_073239.2	0.497	0.973	0.926	0.0383
LOC115931421	NC_073241.2	LOC129523703	NC_073230.2	0.497	0.995	0.987	0.4697
LOC129523703	NC_073230.2	LOC129523959	NC_073224.2	0.497	0.995	0.982	0.6082
LOC129523703	NC_073230.2	LOC129524028	NC_073231.2	0.497	0.995	0.989	0.3833
LOC129523703	NC_073230.2	LOC129524833	NC_073239.2	0.497	0.996	0.98	0.6225
LOC129523703	NC_073230.2	LOC129525641	NC_073234.2	0.497	0.997	0.985	0.1951
LOC129523703	NC_073230.2	LOC129528719	NC_073244.2	0.497	0.996	0.989	0.3502
LOC129523703	NC_073230.2	LOC129530133	NC_073247.2	0.497	0.997	0.984	0.6509
LOC129523703	NC_073230.2	LOC129532627	NC_086017.1	0.497	0.993	0.982	0.3632
LOC129523703	NC_073230.2	LOC129534553	NC_073229.2	0.497	0.994	0.987	0.3545
LOC129523703	NC_073230.2	LOC134759270	NC_073232.2	0.497	0.997	0.987	0.439
LOC129524653	NC_073237.2	LOC129526379	NC_073238.2	0.497	0.987	0.987	0.5019
LOC129529231	NC_073224.2	LOC129534177	NC_073229.2	0.497	0.951	0.956	0.2583
LOC129532017	NC_073235.2	LOC129532621	NC_086017.1	0.497	0.988	0.918	0.0717
HNRNPA3	NC_073235.2	LOC109029309	NC_073238.2	0.496	0.969	0.956	0.1739
IGSF3	NC_073224.2	LOC129528466	NC_073241.2	0.496	0.974	0.952	0.1967
IMPDH1	NC_073230.2	LOC109024945	NC_073237.2	0.496	0.937	0.934	0.1671
LOC101128980	NC_073233.2	LOC101150658	NC_073236.2	0.496	0.868	0.842	0.0433
LOC129523511	NC_073227.2	RABL2B	NC_086018.1	0.496	0.99	0.975	0.405
LOC129524600	NC_073237.2	LOC129529385	NC_073246.2	0.496	0.991	0.93	0.3877
LOC129524653	NC_073237.2	LOC129530543	NC_073236.2	0.496	0.989	0.989	0.5123
LOC129524654	NC_073237.2	LOC129529385	NC_073246.2	0.496	0.993	0.924	0.3773
LOC129524776	NC_073237.2	LOC129527811	NC_073242.2	0.496	0.963	0.966	0.1831
LOC129528441	NC_073241.2	LOC129529385	NC_073246.2	0.496	0.993	0.925	0.3884
LOC129528460	NC_073241.2	LOC129529385	NC_073246.2	0.496	0.991	0.982	0.4765
LOC129528466	NC_073241.2	LOC129530486	NC_073246.2	0.496	0.985	0.958	0.5446
LOC129528466	NC_073241.2	LOC129530565	NC_073246.2	0.496	0.986	0.959	0.5508
LOC129528467	NC_073241.2	LOC129529385	NC_073246.2	0.496	0.993	0.987	0.6024
LOC101124387	NC_073224.2	LOC101147117	NC_073229.2	0.495	0.922	0.897	0.0442
LOC101129521	NC_073240.2	RPL17	NC_073241.2	0.495	0.997	0.993	0.5
LOC101142266	NC_073244.2	LOC129524489	NC_073237.2	0.495	0.755	0.719	0.0392
LOC109025285	NC_073232.2	LOC109026691	NC_073227.2	0.495	0.944	0.939	0.0966
LOC101144435	NC_073227.2	LOC109024489	NC_073246.2	0.494	0.989	0.993	0.6486
LOC101144435	NC_073227.2	LOC129533959	NC_073228.2	0.494	0.989	0.991	0.6161
LOC101144435	NC_073227.2	LOC134757331	NC_073240.2	0.494	0.951	0.956	0.2374
LOC101144435	NC_073227.2	RPL21	NC_073238.2	0.494	0.989	0.987	0.4452
LOC134756370	NC_086017.1	MORN5	NC_073237.2	0.494	0.98	0.871	0.3229
LOC101129069	NC_073246.2	LOC129530391	NC_073248.2	0.493	0.978	0.97	0.5063
LOC101137833	NC_073241.2	LOC129524776	NC_073237.2	0.493	0.966	0.974	0.2175
LOC101140666	NC_073247.2	TFDP1	NC_073238.2	0.493	0.957	0.958	0.2662
LOC101143315	NC_073238.2	LOC109027258	NC_073229.2	0.493	0.962	0.955	0.1499
LOC129526471	NC_073236.2	LOC129527283	NC_073240.2	0.493	0.992	0.976	0.4024
LOC129528455	NC_073241.2	LOC129529647	NC_086018.1	0.493	0.979	0.978	0.4451
LOC129530383	NC_073248.2	LOC129530496	NC_073246.2	0.493	0.798	0.677	0.0925
LOC129530383	NC_073248.2	LOC129530567	NC_073246.2	0.493	0.804	0.679	0.0928
LOC129530544	NC_073236.2	LOC134757222	NC_073240.2	0.493	0.993	0.889	0.1295
IGF2BP2	NC_086017.1	LOC101133227	NC_073234.2	0.492	0.956	0.914	0.1531
LOC101136504	NC_073244.2	ZNF735	NC_073230.2	0.492	0.82	0.834	0.0474
LOC115933486	NC_073233.2	LOC129524776	NC_073237.2	0.492	0.96	0.964	0.1656
LOC115931568	NC_073244.2	ZNF695	NC_073224.2	0.491	0.764	0.738	0.0305
LOC115933574	NC_073236.2	LOC129526437	NC_073238.2	0.491	0.982	0.982	0.3422
LOC129524036	NC_073243.2	LOC129525023	NC_073232.2	0.491	0.987	0.985	0.4322
LOC129526566	NC_073239.2	MORN5	NC_073237.2	0.491	0.98	0.873	0.3227
LOC134757173	NC_073239.2	MALRD1	NC_073232.2	0.491	0.986	0.955	0.0391
LOC101128506	NC_073247.2	SRD5A1	NC_073243.2	0.49	0.975	0.957	0.0984
LOC101139095	NC_073237.2	LOC101145945	NC_073244.2	0.49	0.852	0.861	0.0616
LOC101139095	NC_073237.2	ZNF679	NC_073230.2	0.49	0.784	0.691	0.0501
LOC129523703	NC_073230.2	LOC129524036	NC_073243.2	0.49	0.99	0.983	0.5107
LOC129528449	NC_073241.2	LOC129530382	NC_073248.2	0.49	0.995	0.985	0.3783
LOC129528464	NC_073241.2	LOC129529647	NC_086018.1	0.49	0.987	0.977	0.615
LOC129528469	NC_073241.2	LOC129529647	NC_086018.1	0.49	0.982	0.976	0.5512
LOC129529615	NC_086018.1	LOC129530466	NC_073238.2	0.49	0.769	0.769	0.0718
LOC129529647	NC_086018.1	LOC129530464	NC_073238.2	0.49	0.986	0.976	0.4588
ZNF723	NC_073244.2	ZNF92	NC_073230.2	0.49	0.848	0.808	0.0373
LOC129524653	NC_073237.2	LOC129529647	NC_086018.1	0.489	0.981	0.977	0.4693
LOC129524663	NC_073237.2	LOC129529647	NC_086018.1	0.489	0.982	0.976	0.5672
LOC129528193	NC_073241.2	LOC129529647	NC_086018.1	0.489	0.983	0.987	0.5961
LOC129528193	NC_073241.2	LOC129530497	NC_073246.2	0.489	0.986	0.987	0.5832
LOC129528444	NC_073241.2	LOC129529647	NC_086018.1	0.489	0.981	0.975	0.5691
LOC129528459	NC_073241.2	LOC129529647	NC_086018.1	0.489	0.981	0.975	0.5511
LOC129529647	NC_086018.1	LOC129530486	NC_073246.2	0.489	0.984	0.981	0.5042
LOC129529647	NC_086018.1	LOC129530565	NC_073246.2	0.489	0.985	0.982	0.5105
LOC129530544	NC_073236.2	LOC134756947	NC_073238.2	0.489	0.995	0.807	0.234
LOC134756368	NC_073236.2	LRPAP1	NC_073227.2	0.489	0.99	0.866	0.2063
ALG1	NC_073242.2	LOC109023085	NC_073227.2	0.488	0.966	0.964	0.1561
ALG1L1P	NC_086017.1	LOC109023085	NC_073227.2	0.488	0.959	0.959	0.0595
DHFR	NC_073228.2	DHFR2	NC_086017.1	0.488	0.944	0.89	0.0528
LOC101135732	NC_073238.2	LOC129530571	NC_073246.2	0.488	0.887	0.888	0.0396
LOC129523934	NC_073230.2	SLC35F5	NC_073235.2	0.488	0.989	0.935	0.2112
LOC129524663	NC_073237.2	LOC129528466	NC_073241.2	0.488	0.994	0.991	0.6545
LOC129524663	NC_073237.2	LOC129529384	NC_073246.2	0.488	0.987	0.985	0.5764
LOC129524663	NC_073237.2	LOC129530497	NC_073246.2	0.488	0.988	0.987	0.6029
LOC129524670	NC_073237.2	LOC129528193	NC_073241.2	0.488	0.984	0.976	0.4709
LOC129524670	NC_073237.2	LOC129528459	NC_073241.2	0.488	0.982	0.984	0.4473
LOC129528193	NC_073241.2	LOC129529384	NC_073246.2	0.488	0.985	0.986	0.5844
LOC129528444	NC_073241.2	LOC129530497	NC_073246.2	0.488	0.987	0.986	0.6022
LOC129528459	NC_073241.2	LOC129529384	NC_073246.2	0.488	0.985	0.984	0.5607
LOC129528459	NC_073241.2	LOC129530497	NC_073246.2	0.488	0.987	0.986	0.5868
LOC129534074	NC_073229.2	ZC3H11A	NC_073224.2	0.488	0.965	0.969	0.358
HMGN1	NC_073246.2	LOC101127181	NC_073224.2	0.487	0.957	0.97	0.1533
LOC101127181	NC_073224.2	LOC101140002	NC_073240.2	0.487	0.943	0.956	0.1791
LOC101129069	NC_073246.2	LOC129528187	NC_073238.2	0.487	0.983	0.972	0.5266
LOC101133347	NC_073233.2	PGAM1	NC_073232.2	0.487	0.968	0.963	0.2474
LOC101134166	NC_073232.2	LOC101150321	NC_073227.2	0.487	0.901	0.917	0.1039
LOC129524658	NC_073237.2	LOC129529647	NC_086018.1	0.487	0.98	0.983	0.4007
LOC129524670	NC_073237.2	LOC129528444	NC_073241.2	0.487	0.982	0.984	0.4634
LOC129528444	NC_073241.2	LOC129529384	NC_073246.2	0.487	0.985	0.984	0.5782
ATP6V0E1	NC_073228.2	LOC109026064	NC_086017.1	0.486	0.891	0.869	0.0463
FOXD4L1	NC_073235.2	LOC134756825	NC_073236.2	0.486	0.986	0.982	0.3971
LOC101137537	NC_086017.1	LOC129524776	NC_073237.2	0.486	0.959	0.971	0.1753
LOC101143299	NC_073234.2	LOC101146854	NC_073243.2	0.486	0.953	0.937	0.2652
LOC101143315	NC_073238.2	LOC101146216	NC_073224.2	0.486	0.956	0.952	0.147
LOC101143315	NC_073238.2	LOC115935612	NC_073231.2	0.486	0.973	0.959	0.1871
LOC101144988	NC_073247.2	LOC101146854	NC_073243.2	0.486	0.953	0.948	0.0504
LOC101145780	NC_073240.2	LOC101146854	NC_073243.2	0.486	0.939	0.955	0.2672
LOC101146854	NC_073243.2	RPS26	NC_073234.2	0.486	0.958	0.957	0.1864
LOC101153289	NC_073232.2	TMEM42	NC_086017.1	0.486	0.901	0.879	0.0788
LOC115933154	NC_073229.2	SLC25A51	NC_073237.2	0.486	0.946	0.836	0.0976
LOC129528466	NC_073241.2	LOC129530497	NC_073246.2	0.486	0.991	0.957	0.589
COIL	NC_073228.2	LOC101131861	NC_073224.2	0.485	0.961	0.959	0.2958
LOC101124387	NC_073224.2	LOC101153289	NC_073232.2	0.485	0.912	0.762	0.038
LOC101129329	NC_073240.2	TPM4	NC_073244.2	0.485	0.975	0.967	0.3079
LOC101129521	NC_073240.2	LOC101141368	NC_086017.1	0.485	0.969	0.972	0.1324
LOC101135138	NC_073234.2	LOC101147117	NC_073229.2	0.485	0.889	0.897	0.0893
LOC101135732	NC_073238.2	LOC129523572	NC_073240.2	0.485	0.893	0.87	0.0485
LOC101149662	NC_073232.2	PIP5K1A	NC_073224.2	0.485	0.975	0.82	0.1841
LOC129525067	NC_073232.2	LOC129525765	NC_073234.2	0.485	0.987	0.858	0.1222
LOC129525067	NC_073232.2	LOC129527885	NC_073243.2	0.485	0.987	0.858	0.1222
LOC129528260	NC_073241.2	MALRD1	NC_073232.2	0.485	0.986	0.956	0.0391
LOC129531477	NC_073236.2	LOC129532770	NC_073224.2	0.485	0.926	0.851	0.0545
LOC134759270	NC_073232.2	SLC35F5	NC_073235.2	0.485	0.988	0.81	0.2328
KMT5A	NC_073234.2	LOC129526378	NC_073238.2	0.484	0.987	0.975	0.4039
LOC101129069	NC_073246.2	LOC129528447	NC_073241.2	0.484	0.976	0.959	0.4092
LOC101135338	NC_073232.2	LOC129534288	NC_073229.2	0.484	0.943	0.933	0.0752
LOC101144812	NC_073241.2	LOC129526437	NC_073238.2	0.484	0.98	0.975	0.5067
LOC101145089	NC_073230.2	TPM3	NC_073224.2	0.484	0.939	0.886	0.0368
LOC109024677	NC_073247.2	LOC134758146	NC_086017.1	0.484	0.891	0.796	0.0497
LOC115936187	NC_073229.2	ZC3H11A	NC_073224.2	0.484	0.965	0.965	0.3527
LOC101136504	NC_073244.2	LOC101139095	NC_073237.2	0.483	0.832	0.842	0.0926
LOC109026643	NC_073227.2	ZBTB8OS	NC_073224.2	0.483	0.906	0.913	0.0519
LOC109026809	NC_073228.2	PPA1	NC_073232.2	0.483	0.968	0.964	0.2128
LOC129523819	NC_073230.2	LOC129524034	NC_073224.2	0.483	0.985	0.93	0.2524
LOC129525065	NC_073232.2	LOC134758136	NC_086017.1	0.483	0.981	0.951	0.052
LOC129525556	NC_073233.2	LOC134758136	NC_086017.1	0.483	0.964	0.819	0.105
LOC129530492	NC_073246.2	LOC134757391	NC_073241.2	0.483	0.991	0.921	0.4432
LOC129534073	NC_073229.2	ZC3H11A	NC_073224.2	0.483	0.965	0.965	0.3625
LOC134756357	NC_073224.2	LOC134758136	NC_086017.1	0.483	0.968	0.978	0.1388
LOC134756800	NC_073236.2	LOC134758136	NC_086017.1	0.483	0.968	0.761	0.1704
LOC134757481	NC_073242.2	LOC134758136	NC_086017.1	0.483	0.988	0.899	0.1357
LOC115935842	NC_073236.2	LOC129524687	NC_073237.2	0.482	0.978	0.982	0.5664
LOC134758424	NC_073228.2	MRPL50	NC_073237.2	0.482	0.918	0.912	0.0592
FRG2C	NC_086017.1	LOC134758387	NC_073227.2	0.481	0.952	0.951	0.2623
LOC101124648	NC_073224.2	LOC129533127	NC_073227.2	0.481	0.952	0.958	0.0769
LOC101124778	NC_073224.2	ZNF735	NC_073230.2	0.481	0.777	0.778	0.0314
LOC109023224	NC_073239.2	LOC115933013	NC_073238.2	0.481	0.947	0.953	0.1725
LOC129524559	NC_073237.2	ZNF585A	NC_073244.2	0.481	0.934	0.901	0.0468
LOC101124648	NC_073224.2	LOC129534780	NC_073230.2	0.48	0.955	0.927	0.0518
LOC101125723	NC_086018.1	LOC115935870	NC_073237.2	0.48	0.899	0.872	0.0404
LOC101149650	NC_073228.2	LOC115933187	NC_073245.2	0.48	0.987	0.971	0.4376
LOC109024489	NC_073246.2	LOC129524776	NC_073237.2	0.48	0.967	0.97	0.223
LOC129523739	NC_073230.2	MORN5	NC_073237.2	0.48	0.98	0.873	0.3099
LOC129523820	NC_073230.2	MORN5	NC_073237.2	0.48	0.98	0.915	0.2114
LOC129523993	NC_073224.2	MORN5	NC_073237.2	0.48	0.98	0.783	0.2672
LOC129528382	NC_073241.2	MORN5	NC_073237.2	0.48	0.98	0.783	0.2672
LOC129532626	NC_086017.1	MORN5	NC_073237.2	0.48	0.98	0.873	0.2846
LOC101129069	NC_073246.2	LOC129528465	NC_073241.2	0.479	0.981	0.963	0.4656
LOC101147941	NC_073228.2	SNRNP27	NC_073236.2	0.479	0.957	0.938	0.0838
BANF1	NC_073233.2	LOC101148624	NC_073235.2	0.478	0.986	0.969	0.3982
LOC129526398	NC_073238.2	TMEM128	NC_073227.2	0.478	0.964	0.89	0.1063
LOC129534555	NC_073229.2	MORN5	NC_073237.2	0.478	0.982	0.785	0.2893
ANKRD18B	NC_073237.2	LOC115933254	NC_073236.2	0.477	0.987	0.953	0.3188
LOC101127580	NC_073234.2	PABPC4	NC_073224.2	0.477	0.932	0.947	0.0612
LOC101129069	NC_073246.2	LOC134757319	NC_073240.2	0.477	0.983	0.973	0.5311
LLPH	NC_073234.2	LOC129529526	NC_086018.1	0.476	0.994	0.892	0.0996
LOC101142996	NC_073244.2	LOC115930437	NC_073238.2	0.476	0.835	0.853	0.0323
LOC115935870	NC_073237.2	LOC129526400	NC_073238.2	0.476	0.908	0.844	0.0417
LOC129528193	NC_073241.2	LOC134757055	NC_073238.2	0.476	0.986	0.988	0.6365
LOC129528464	NC_073241.2	LOC134757055	NC_073238.2	0.476	0.985	0.978	0.6267
LOC129530486	NC_073246.2	LOC134757055	NC_073238.2	0.476	0.986	0.985	0.5289
LOC129530565	NC_073246.2	LOC134757055	NC_073238.2	0.476	0.987	0.986	0.5332
ACTG1	NC_073228.2	LOC115933751	NC_073235.2	0.475	0.881	0.793	0.0333
EBPL	NC_073238.2	LOC134757478	NC_073242.2	0.475	0.991	0.964	0.3694
LOC101126813	NC_073224.2	LOC101130209	NC_073238.2	0.475	0.883	0.891	0.0733
LOC101148918	NC_073224.2	LOC134758136	NC_086017.1	0.475	0.984	0.949	0.0635
LOC115935586	NC_073231.2	PTMA	NC_073235.2	0.475	0.992	0.912	0.1232
LOC129524664	NC_073237.2	LOC129528464	NC_073241.2	0.475	0.98	0.974	0.442
LOC129526379	NC_073238.2	LOC129528464	NC_073241.2	0.475	0.979	0.972	0.5311
LOC129528464	NC_073241.2	LOC129530543	NC_073236.2	0.475	0.991	0.979	0.6099
EIF1AX	NC_073247.2	LOC129530234	NC_073248.2	0.474	0.909	0.832	0.0461
LOC101134365	NC_073247.2	LOC115935247	NC_073230.2	0.474	0.929	0.84	0.16
LOC101138564	NC_073238.2	LOC129527200	NC_073240.2	0.474	0.988	0.973	0.612
LOC101148834	NC_073224.2	LOC115934567	NC_073228.2	0.474	1.0	0.922	0.1581
LOC101148869	NC_073240.2	LOC129531477	NC_073236.2	0.474	0.939	0.909	0.0825
LOC109023133	NC_073239.2	LOC129531477	NC_073236.2	0.474	0.921	0.921	0.0895
LOC115933023	NC_073231.2	LOC134758128	NC_086017.1	0.474	0.96	0.966	0.1625
LOC129529648	NC_086018.1	LOC129530384	NC_073248.2	0.474	0.977	0.915	0.2426
KRT18	NC_073234.2	LOC101130209	NC_073238.2	0.473	0.914	0.915	0.0925
LOC101136021	NC_073230.2	LOC101139095	NC_073237.2	0.473	0.814	0.847	0.0443
LOC101142266	NC_073244.2	LOC129525464	NC_073233.2	0.473	0.664	0.738	0.0351
LOC129529189	NC_073245.2	TMEM42	NC_086017.1	0.473	0.892	0.905	0.0519
LOC101140640	NC_073229.2	NUP50	NC_086018.1	0.472	0.987	0.985	0.2431
LOC101142996	NC_073244.2	LOC129525464	NC_073233.2	0.472	0.857	0.819	0.0605
LOC115933154	NC_073229.2	SLC25A52	NC_073241.2	0.472	0.935	0.919	0.0727
LOC115936299	NC_073227.2	LOC134758128	NC_086017.1	0.472	0.918	0.937	0.0462
GGTLC2	NC_086018.1	LOC129524426	NC_073237.2	0.471	0.945	0.949	0.2472
LOC101149759	NC_086018.1	LOC129524426	NC_073237.2	0.471	0.955	0.955	0.2786
LOC109024570	NC_086018.1	LOC129524426	NC_073237.2	0.471	0.952	0.955	0.2659
LOC129523490	NC_086018.1	LOC129524426	NC_073237.2	0.471	0.955	0.951	0.243
LOC129524426	NC_073237.2	LOC129529621	NC_086018.1	0.471	0.952	0.951	0.1505
LOC129524426	NC_073237.2	LOC129529623	NC_086018.1	0.471	0.952	0.953	0.1651
LOC129524426	NC_073237.2	LOC129529624	NC_086018.1	0.471	0.955	0.957	0.1744
LOC129524426	NC_073237.2	LOC134756364	NC_086018.1	0.471	0.955	0.955	0.1622
LOC129524426	NC_073237.2	LOC134756365	NC_086018.1	0.471	0.95	0.952	0.1438
LOC129524658	NC_073237.2	LOC129526379	NC_073238.2	0.471	0.987	0.985	0.4461
LOC129524664	NC_073237.2	LOC129528469	NC_073241.2	0.471	0.987	0.986	0.4951
LOC129526379	NC_073238.2	LOC129528469	NC_073241.2	0.471	0.986	0.982	0.5814
LOC129528469	NC_073241.2	LOC129530543	NC_073236.2	0.471	0.988	0.986	0.5917
LOC101127646	NC_073247.2	LOC129526772	NC_073239.2	0.47	0.941	0.954	0.235
LOC101133440	NC_073231.2	LOC101152938	NC_073233.2	0.47	0.924	0.925	0.1585
LOC101138009	NC_073232.2	LOC101146854	NC_073243.2	0.47	0.937	0.891	0.1484
LOC101153373	NC_073245.2	MT1HL1	NC_073224.2	0.47	0.924	0.865	0.0643
LOC109027802	NC_073232.2	LOC134757481	NC_073242.2	0.47	0.96	0.915	0.0665
LOC115930151	NC_073240.2	LOC134758136	NC_086017.1	0.47	0.97	0.978	0.4044
LOC129524028	NC_073231.2	LOC129532627	NC_086017.1	0.47	0.992	0.759	0.2586
LOC129524034	NC_073224.2	LOC129532956	NC_073227.2	0.47	0.985	0.925	0.229
LOC129524658	NC_073237.2	LOC129530543	NC_073236.2	0.47	0.987	0.987	0.47
LOC129528441	NC_073241.2	LOC134756446	NC_073246.2	0.47	0.986	0.981	0.446
LOC129528719	NC_073244.2	LOC129532627	NC_086017.1	0.47	0.992	0.776	0.2442
LOC129532627	NC_086017.1	LOC129534553	NC_073229.2	0.47	0.991	0.758	0.2477
ACTG1	NC_073228.2	LOC101152821	NC_073224.2	0.469	0.909	0.904	0.0327
LOC101142266	NC_073244.2	LOC134756942	NC_073237.2	0.469	0.68	0.721	0.0358
LOC115932756	NC_073240.2	LRPAP1	NC_073227.2	0.469	0.988	0.859	0.1912
LOC115935792	NC_073224.2	NDUFAF8	NC_073228.2	0.469	0.95	0.956	0.2276
LOC129523820	NC_073230.2	LOC129527430	NC_073242.2	0.469	0.99	0.888	0.2241
LOC129528445	NC_073241.2	LOC129530564	NC_073246.2	0.469	0.985	0.988	0.6789
PPP1R2	NC_086017.1	PPP1R2B	NC_073228.2	0.469	0.968	0.967	0.1964
LOC101131885	NC_073224.2	LOC101138472	NC_073229.2	0.468	0.85	0.744	0.0329
LOC101139046	NC_073228.2	LOC101152403	NC_073245.2	0.468	0.955	0.94	0.0738
LOC101153622	NC_073230.2	LOC115933000	NC_073242.2	0.468	0.868	0.878	0.0319
LOC115932954	NC_073238.2	LRPAP1	NC_073227.2	0.468	0.987	0.861	0.1797
LOC115935969	NC_073232.2	LOC129523464	NC_073237.2	0.468	0.859	0.885	0.0778
LOC129525067	NC_073232.2	LOC129527430	NC_073242.2	0.468	0.985	0.849	0.1259
LOC129529384	NC_073246.2	LOC129530464	NC_073238.2	0.468	0.982	0.981	0.4164
ARL5A	NC_073235.2	LOC101135389	NC_073240.2	0.467	0.994	0.993	0.2271
FOXM1	NC_073234.2	LOC115931697	NC_073245.2	0.467	0.984	0.985	0.3968
LOC101125376	NC_073224.2	LOC101152497	NC_073240.2	0.467	0.92	0.905	0.1111
LOC101129206	NC_073247.2	LOC109023503	NC_073240.2	0.467	0.918	0.908	0.0625
LOC129524600	NC_073237.2	LOC129530491	NC_073246.2	0.467	0.99	0.894	0.2169
LOC129524654	NC_073237.2	LOC129530491	NC_073246.2	0.467	0.992	0.89	0.1971
LOC129528441	NC_073241.2	LOC129530491	NC_073246.2	0.467	0.992	0.892	0.2015
LOC129528460	NC_073241.2	LOC129530491	NC_073246.2	0.467	0.992	0.986	0.25
LOC129528467	NC_073241.2	LOC129530491	NC_073246.2	0.467	0.992	0.992	0.3774
LOC129528949	NC_073244.2	RPL34	NC_073227.2	0.467	0.942	0.862	0.0745
LOC129530464	NC_073238.2	LOC129530497	NC_073246.2	0.467	0.983	0.983	0.4333
LOC101133404	NC_073243.2	LOC101144080	NC_073228.2	0.466	0.892	0.846	0.0331
LOC101141667	NC_073237.2	RMND1	NC_073229.2	0.466	0.947	0.928	0.065
LOC109024528	NC_073246.2	LOC129530379	NC_073248.2	0.466	0.971	0.904	0.1725
LOC129524776	NC_073237.2	LOC129533959	NC_073228.2	0.466	0.967	0.969	0.216
LOC129525556	NC_073233.2	LOC129533127	NC_073227.2	0.466	0.962	0.87	0.1046
LOC129526379	NC_073238.2	LOC129530497	NC_073246.2	0.466	0.989	0.987	0.5723
LOC129528236	NC_073241.2	LOC129529430	NC_086018.1	0.466	0.99	0.964	0.0898
LOC101125151	NC_073236.2	LOC129526222	NC_073238.2	0.465	0.849	0.866	0.0327
LOC101136743	NC_073236.2	LOC129534569	NC_073229.2	0.465	0.997	0.929	0.1164
LOC101143621	NC_073231.2	STEEP1	NC_073247.2	0.465	0.975	0.956	0.2142
LOC129526485	NC_073238.2	LOC134757977	NC_086017.1	0.465	0.849	0.831	0.11
LOC129530497	NC_073246.2	LOC129530543	NC_073236.2	0.465	0.987	0.985	0.5682
LOC109027802	NC_073232.2	LOC129529231	NC_073224.2	0.464	0.971	0.926	0.1576
LOC129524658	NC_073237.2	LOC129530464	NC_073238.2	0.464	0.982	0.984	0.3423
LOC129526385	NC_073238.2	LOC129528443	NC_073241.2	0.464	0.984	0.843	0.0466
LOC129526398	NC_073238.2	LOC129528443	NC_073241.2	0.464	0.98	0.868	0.0514
C6H7orf50	NC_073230.2	LOC101123674	NC_073237.2	0.463	0.981	0.974	0.1528
LOC101144080	NC_073228.2	USP6	NC_073243.2	0.463	0.894	0.808	0.0371
LOC115931421	NC_073241.2	LOC129531748	NC_073236.2	0.463	0.995	0.961	0.4016
LOC129523703	NC_073230.2	LOC129531748	NC_073236.2	0.463	0.993	0.916	0.5121
LOC129523959	NC_073224.2	LOC129531748	NC_073236.2	0.463	0.995	0.944	0.5101
LOC129524028	NC_073231.2	LOC129531748	NC_073236.2	0.463	0.995	0.965	0.3139
LOC129524833	NC_073239.2	LOC129531748	NC_073236.2	0.463	0.994	0.939	0.4782
LOC129525641	NC_073234.2	LOC129531748	NC_073236.2	0.463	0.996	0.943	0.1563
LOC129526580	NC_073242.2	LOC129531748	NC_073236.2	0.463	0.994	0.943	0.4831
LOC129528719	NC_073244.2	LOC129531748	NC_073236.2	0.463	0.992	0.962	0.2679
LOC129530133	NC_073247.2	LOC129531748	NC_073236.2	0.463	0.995	0.941	0.4888
LOC129531748	NC_073236.2	LOC129532627	NC_086017.1	0.463	0.993	0.972	0.3259
LOC129531748	NC_073236.2	LOC129534553	NC_073229.2	0.463	0.993	0.96	0.3004
LOC129531748	NC_073236.2	LOC134759270	NC_073232.2	0.463	0.993	0.952	0.3414
IGSF3	NC_073224.2	LOC129524663	NC_073237.2	0.462	0.973	0.97	0.1884
IGSF3	NC_073224.2	LOC129528459	NC_073241.2	0.462	0.971	0.969	0.189
LOC101135385	NC_073239.2	LOC101151536	NC_073242.2	0.462	0.89	0.864	0.0714
LOC101148271	NC_073230.2	LOC129525556	NC_073233.2	0.462	0.976	0.946	0.2992
LOC109026093	NC_086017.1	LOC115933483	NC_073233.2	0.462	0.934	0.876	0.0658
LOC115933023	NC_073231.2	LOC129534780	NC_073230.2	0.462	0.955	0.818	0.0552
LOC115934041	NC_086017.1	LOC129527151	NC_073224.2	0.462	0.967	0.964	0.0784
LOC129524261	NC_073231.2	LOC129525556	NC_073233.2	0.462	0.964	0.964	0.24
LOC129524261	NC_073231.2	LOC129528719	NC_073244.2	0.462	0.978	0.938	0.1222
LOC129524664	NC_073237.2	LOC129528193	NC_073241.2	0.462	0.996	0.997	0.6736
LOC129524664	NC_073237.2	LOC129530497	NC_073246.2	0.462	0.985	0.985	0.4538
LOC129525035	NC_073232.2	ZNF585A	NC_073244.2	0.462	0.941	0.909	0.088
LOC129526379	NC_073238.2	LOC129528193	NC_073241.2	0.462	0.988	0.989	0.677
LOC129528193	NC_073241.2	LOC129530543	NC_073236.2	0.462	0.981	0.985	0.6144
LOC129529385	NC_073246.2	LOC129530544	NC_073236.2	0.462	0.997	0.905	0.363
IGSF3	NC_073224.2	LOC129528444	NC_073241.2	0.461	0.971	0.968	0.1871
LOC101143516	NC_073232.2	LOC115935007	NC_073229.2	0.461	0.89	0.91	0.1263
LOC115934567	NC_073228.2	RPL12	NC_073237.2	0.461	1.0	0.92	0.1561
LOC129524658	NC_073237.2	LOC129528455	NC_073241.2	0.461	0.99	0.989	0.4327
LOC129525023	NC_073232.2	LOC129531748	NC_073236.2	0.461	0.993	0.929	0.435
LOC129528466	NC_073241.2	LOC129530464	NC_073238.2	0.461	0.984	0.987	0.4656
LOC101142457	NC_073247.2	RABL2B	NC_086018.1	0.46	0.99	0.976	0.4715
LOC109027176	NC_073229.2	LOC109028042	NC_073231.2	0.46	0.929	0.713	0.0684
LOC129523820	NC_073230.2	LOC129528750	NC_073244.2	0.46	0.982	0.885	0.1968
LOC101128035	NC_073224.2	TOP1	NC_073245.2	0.459	0.978	0.937	0.2379
LOC101130581	NC_073238.2	LOC129525611	NC_073233.2	0.459	0.931	0.948	0.2426
LOC101130806	NC_073233.2	LOC101152497	NC_073240.2	0.459	0.926	0.913	0.1157
LOC101152497	NC_073240.2	LOC134757904	NC_073247.2	0.459	0.873	0.9	0.0982
LOC101152497	NC_073240.2	RPL36A	NC_073247.2	0.459	0.983	0.978	0.3504
LOC129525067	NC_073232.2	LOC129528750	NC_073244.2	0.459	0.992	0.842	0.1483
LOC101126985	NC_073242.2	LOC101153373	NC_073245.2	0.458	0.948	0.88	0.1148
LOC101135829	NC_073233.2	LOC101146826	NC_073238.2	0.458	0.975	0.965	0.3734
LOC101146826	NC_073238.2	ST13	NC_086018.1	0.458	0.994	0.979	0.233
LOC109027802	NC_073232.2	LOC115932637	NC_073240.2	0.458	0.971	0.933	0.0418
LOC109027802	NC_073232.2	LOC134759134	NC_073231.2	0.458	0.973	0.915	0.1035
LOC109027802	NC_073232.2	LOC134759136	NC_073231.2	0.458	0.973	0.895	0.1043
LOC129524036	NC_073243.2	LOC129533288	NC_073227.2	0.458	0.993	0.98	0.2505
LOC129529231	NC_073224.2	LOC129534554	NC_073229.2	0.458	0.951	0.959	0.2202
LOC129529647	NC_086018.1	LOC129530382	NC_073248.2	0.458	0.983	0.974	0.5453
CCT6A	NC_073230.2	LOC129526993	NC_073240.2	0.457	0.994	0.928	0.1818
INTS4	NC_073233.2	LOC109027741	NC_073230.2	0.457	0.984	0.869	0.2077
LOC101124648	NC_073224.2	LOC134758128	NC_086017.1	0.457	0.959	0.965	0.0744
LOC101125151	NC_073236.2	LOC101151494	NC_073233.2	0.457	0.918	0.905	0.0441
LOC101127721	NC_073242.2	LOC101133914	NC_073237.2	0.457	0.76	0.867	0.0714
LOC101133699	NC_073224.2	NUTF2	NC_073242.2	0.457	0.92	0.927	0.0514
LOC101133914	NC_073237.2	LOC109023678	NC_073242.2	0.457	0.74	0.862	0.0638
LOC101133914	NC_073237.2	LOC109024112	NC_073224.2	0.457	0.781	0.862	0.0571
LOC101133914	NC_073237.2	MT1HL1	NC_073224.2	0.457	0.76	0.857	0.0723
LOC101139714	NC_073247.2	UBE2N	NC_073234.2	0.457	0.962	0.952	0.0769
LOC101148271	NC_073230.2	LOC129524261	NC_073231.2	0.457	0.969	0.915	0.3852
LOC109027802	NC_073232.2	LOC129532621	NC_086017.1	0.457	0.971	0.914	0.1476
LOC115932637	NC_073240.2	LOC129524261	NC_073231.2	0.457	0.962	0.952	0.0984
LOC115936298	NC_086018.1	LOC134758128	NC_086017.1	0.457	0.959	0.879	0.1116
LOC129524261	NC_073231.2	LOC129525065	NC_073232.2	0.457	0.959	0.958	0.0601
LOC129524261	NC_073231.2	LOC129532017	NC_073235.2	0.457	0.963	0.959	0.1082
LOC129524261	NC_073231.2	LOC129532624	NC_073230.2	0.457	0.956	0.914	0.1198
LOC129524261	NC_073231.2	LOC134756357	NC_073224.2	0.457	0.968	0.966	0.1194
LOC129524261	NC_073231.2	LOC134756800	NC_073236.2	0.457	0.963	0.921	0.1875
LOC129524261	NC_073231.2	LOC134758128	NC_086017.1	0.457	0.956	0.939	0.2629
ANKRD18A	NC_073237.2	LOC115933254	NC_073236.2	0.456	0.988	0.957	0.3554
LOC101129642	NC_073240.2	REXO4	NC_073237.2	0.456	0.956	0.929	0.0937
LOC115934567	NC_073228.2	LOC134758341	NC_073227.2	0.456	1.0	0.922	0.1565
LOC129523820	NC_073230.2	LOC129525067	NC_073232.2	0.456	0.985	0.833	0.1177
LOC129524261	NC_073231.2	LOC134757481	NC_073242.2	0.456	0.962	0.921	0.1486
LOC129534219	NC_073229.2	ZC3H11A	NC_073224.2	0.456	0.963	0.956	0.3654
MCTS1	NC_073247.2	MCTS2	NC_073245.2	0.456	0.928	0.84	0.055
LOC101148271	NC_073230.2	LOC129525065	NC_073232.2	0.455	0.97	0.971	0.081
LOC109024528	NC_073246.2	LOC129529615	NC_086018.1	0.455	0.939	0.884	0.1023
LOC115930151	NC_073240.2	LOC129530307	NC_073248.2	0.455	0.932	0.821	0.0773
LOC115933023	NC_073231.2	LOC129534177	NC_073229.2	0.455	0.966	0.904	0.1689
LOC115933194	NC_086017.1	LOC129527884	NC_073243.2	0.455	0.996	0.874	0.2178
LOC129523959	NC_073224.2	LOC129526580	NC_073242.2	0.455	0.993	0.95	0.677
LOC129524833	NC_073239.2	LOC129526580	NC_073242.2	0.455	0.992	0.944	0.6777
LOC129533127	NC_073227.2	LOC134756357	NC_073224.2	0.455	0.97	0.895	0.0489
ZNF679	NC_073230.2	ZNF723	NC_073244.2	0.455	0.817	0.825	0.043
LOC101125151	NC_073236.2	LOC101154144	NC_073235.2	0.454	0.924	0.902	0.0354
LOC129526580	NC_073242.2	LOC129528719	NC_073244.2	0.454	0.992	0.981	0.3794
GAPDH	NC_073234.2	LOC115932114	NC_073247.2	0.453	0.855	0.857	0.0302
LOC101125106	NC_073228.2	LOC129530229	NC_073248.2	0.453	0.965	0.966	0.3286
LOC115931576	NC_073244.2	ZNF92	NC_073230.2	0.453	0.843	0.848	0.0449
LOC115932637	NC_073240.2	LOC129533127	NC_073227.2	0.453	0.956	0.93	0.0425
LOC129524654	NC_073237.2	LOC134756446	NC_073246.2	0.453	0.985	0.977	0.4172
LOC129526580	NC_073242.2	LOC134759270	NC_073232.2	0.453	0.992	0.973	0.4856
LOC129532017	NC_073235.2	LOC129533127	NC_073227.2	0.453	0.961	0.934	0.0479
ZC3H11A	NC_073224.2	ZC3H11C	NC_073229.2	0.453	0.965	0.957	0.3579
ABCD1	NC_073247.2	LOC101136771	NC_073236.2	0.452	0.959	0.929	0.1251
LOC109028725	NC_086017.1	LOC115930437	NC_073238.2	0.452	0.928	0.913	0.0855
LOC115933023	NC_073231.2	LOC129533126	NC_073227.2	0.452	0.945	0.844	0.1364
LOC129523820	NC_073230.2	LOC129532980	NC_073240.2	0.452	0.99	0.892	0.2303
FRG1	NC_073227.2	LOC129530552	NC_086018.1	0.451	0.96	0.864	0.0483
LOC129523703	NC_073230.2	LOC129533288	NC_073227.2	0.451	0.991	0.989	0.3625
LOC129523934	NC_073230.2	LOC129525023	NC_073232.2	0.451	0.986	0.909	0.4831
TUBB4B	NC_073237.2	TUBB8	NC_073232.2	0.451	0.864	0.734	0.0341
FRG1	NC_073227.2	LOC129526395	NC_073238.2	0.45	0.978	0.929	0.091
FRG1	NC_073227.2	LOC129526550	NC_073239.2	0.45	0.964	0.893	0.1081
IGSF3	NC_073224.2	LOC129528464	NC_073241.2	0.45	0.971	0.966	0.1984
LOC101139366	NC_073236.2	TMEM42	NC_086017.1	0.45	0.889	0.839	0.0538
LOC129524559	NC_073237.2	LOC134757253	NC_073240.2	0.45	0.978	0.92	0.4858
LOC101137179	NC_073238.2	LOC101147117	NC_073229.2	0.449	0.88	0.904	0.1241
EIF4B	NC_073234.2	LOC101136303	NC_073237.2	0.448	0.984	0.982	0.2823
LOC101135064	NC_073230.2	LOC101154437	NC_073228.2	0.448	0.934	0.927	0.1304
LOC129523934	NC_073230.2	LOC129532627	NC_086017.1	0.448	0.994	0.939	0.2543
LOC129524036	NC_073243.2	LOC129531748	NC_073236.2	0.448	0.984	0.878	0.3635
LOC129528445	NC_073241.2	LOC129529380	NC_073238.2	0.448	0.985	0.936	0.4343
LOC129528445	NC_073241.2	LOC134756446	NC_073246.2	0.448	0.978	0.93	0.3322
LOC129528948	NC_073244.2	LOC134757970	NC_086017.1	0.448	0.939	0.914	0.0441
ABCD1	NC_073247.2	LOC129526391	NC_073236.2	0.447	0.959	0.925	0.1265
LOC101129832	NC_073224.2	LOC101141974	NC_086017.1	0.447	0.932	0.919	0.087
LOC101135064	NC_073230.2	TUBG2	NC_073228.2	0.447	0.908	0.865	0.0847
LOC115933023	NC_073231.2	LOC129523687	NC_073230.2	0.447	0.894	0.919	0.0397
LOC115936298	NC_086018.1	LOC129523687	NC_073230.2	0.447	0.894	0.907	0.0391
LOC129523687	NC_073230.2	LOC129525556	NC_073233.2	0.447	0.909	0.929	0.05
LOC129523687	NC_073230.2	LOC134756800	NC_073236.2	0.447	0.902	0.928	0.0541
LOC129523687	NC_073230.2	LOC134757481	NC_073242.2	0.447	0.894	0.922	0.0343
LOC129528469	NC_073241.2	LOC129530497	NC_073246.2	0.447	0.986	0.983	0.5783
LOC129530382	NC_073248.2	LOC134757055	NC_073238.2	0.447	0.986	0.987	0.609
LOC101135308	NC_073230.2	LOC101135579	NC_073224.2	0.446	0.925	0.902	0.1429
LOC101142362	NC_073238.2	LOC109023224	NC_073239.2	0.446	0.945	0.949	0.155
LOC101143578	NC_073242.2	LOC115930101	NC_073244.2	0.446	0.942	0.857	0.0907
LOC115936299	NC_073227.2	LOC134758802	NC_073230.2	0.446	0.914	0.92	0.0407
LOC129523820	NC_073230.2	LOC129525416	NC_073233.2	0.446	0.992	0.895	0.2492
LOC129523820	NC_073230.2	LOC129531752	NC_073236.2	0.446	0.99	0.894	0.2467
LOC129523820	NC_073230.2	LOC129532807	NC_073227.2	0.446	0.992	0.895	0.2492
LOC129523820	NC_073230.2	LOC134756371	NC_073227.2	0.446	0.99	0.899	0.241
LOC129524654	NC_073237.2	LOC129528445	NC_073241.2	0.446	0.987	0.932	0.4733
LOC129524670	NC_073237.2	LOC129528469	NC_073241.2	0.446	0.982	0.981	0.4542
LOC129526379	NC_073238.2	LOC129530486	NC_073246.2	0.446	0.988	0.984	0.5471
LOC129526379	NC_073238.2	LOC129530565	NC_073246.2	0.446	0.988	0.984	0.5535
LOC129526471	NC_073236.2	LOC129531453	NC_073240.2	0.446	0.982	0.961	0.4076
LOC129528469	NC_073241.2	LOC129529384	NC_073246.2	0.446	0.984	0.982	0.5676
KMT2C	NC_073230.2	LOC129528445	NC_073241.2	0.445	0.979	0.977	0.0537
LOC101127844	NC_073227.2	LOC109024698	NC_073247.2	0.445	0.928	0.913	0.1324
LOC101130248	NC_073244.2	LOC101139095	NC_073237.2	0.445	0.835	0.792	0.0475
LOC101140864	NC_073238.2	LOC115933765	NC_073235.2	0.445	0.939	0.922	0.0842
LOC109023382	NC_073240.2	LOC109028997	NC_073234.2	0.445	0.882	0.829	0.0368
LOC129530464	NC_073238.2	LOC129530543	NC_073236.2	0.445	0.99	0.989	0.4898
LOC129530486	NC_073246.2	LOC129530543	NC_073236.2	0.445	0.985	0.979	0.5266
LOC129530543	NC_073236.2	LOC129530565	NC_073246.2	0.445	0.986	0.98	0.5287
DPY19L2	NC_073234.2	LOC101148570	NC_073230.2	0.444	0.978	0.969	0.4198
LOC101133427	NC_073230.2	LOC101152497	NC_073240.2	0.444	0.959	0.952	0.1955
LOC101148643	NC_073224.2	LOC115933023	NC_073231.2	0.444	0.953	0.949	0.162
LOC115935247	NC_073230.2	LOC134756550	NC_073234.2	0.444	0.965	0.914	0.1457
LOC129525464	NC_073233.2	OR7D1	NC_073244.2	0.444	0.673	0.744	0.0316
LOC129526105	NC_073238.2	TPM4	NC_073244.2	0.444	0.976	0.967	0.3122
LOC134756755	NC_073236.2	TPM4	NC_073244.2	0.444	0.976	0.967	0.3122
LOC134757796	NC_073245.2	LOC134757970	NC_086017.1	0.444	0.989	0.779	0.296
GAPDH	NC_073234.2	LOC101130026	NC_073229.2	0.443	0.92	0.818	0.0887
LOC101138975	NC_073231.2	THAP12	NC_073233.2	0.443	0.986	0.985	0.5099
LOC109023224	NC_073239.2	LOC115931699	NC_073236.2	0.443	0.946	0.951	0.1661
LOC109023224	NC_073239.2	LOC115932819	NC_073236.2	0.443	0.942	0.949	0.1571
LOC129524653	NC_073237.2	LOC129529384	NC_073246.2	0.443	0.984	0.985	0.4704
LOC129524658	NC_073237.2	LOC129529384	NC_073246.2	0.443	0.984	0.982	0.4259
LOC129528455	NC_073241.2	LOC129529384	NC_073246.2	0.443	0.985	0.985	0.4612
LOC101124648	NC_073224.2	LOC129534177	NC_073229.2	0.442	0.961	0.968	0.0945
LOC101135754	NC_073242.2	TPM3	NC_073224.2	0.442	0.97	0.909	0.0533
LOC101137667	NC_073235.2	LOC101146853	NC_073228.2	0.442	0.881	0.908	0.0584
LOC115936298	NC_086018.1	LOC129534177	NC_073229.2	0.442	0.963	0.825	0.1156
LOC129523684	NC_073230.2	LOC129527979	NC_073243.2	0.442	0.964	0.795	0.1305
LOC129524261	NC_073231.2	LOC129534177	NC_073229.2	0.442	0.961	0.931	0.3306
LOC129524653	NC_073237.2	LOC129530497	NC_073246.2	0.442	0.986	0.987	0.4867
LOC129524658	NC_073237.2	LOC129530497	NC_073246.2	0.442	0.986	0.983	0.4319
LOC129526565	NC_073241.2	LOC129527884	NC_073243.2	0.442	0.987	0.805	0.2006
LOC129528455	NC_073241.2	LOC129530497	NC_073246.2	0.442	0.987	0.987	0.4768
ZNF675	NC_073244.2	ZNF679	NC_073230.2	0.442	0.794	0.825	0.048
HNRNPA1	NC_073234.2	HNRNPA1L2	NC_073238.2	0.441	0.98	0.962	0.3505
LOC129524559	NC_073237.2	LOC129524726	NC_073238.2	0.441	0.989	0.955	0.4701
LOC129524559	NC_073237.2	LOC134757796	NC_073245.2	0.441	0.987	0.796	0.4121
IFITM1	NC_073233.2	LOC109026657	NC_073227.2	0.44	0.873	0.823	0.0449
IGSF3	NC_073224.2	LOC129530497	NC_073246.2	0.439	0.975	0.96	0.1926
LOC101125415	NC_073227.2	LOC101139163	NC_086017.1	0.439	0.942	0.936	0.299
LOC101146853	NC_073228.2	RPLP1	NC_073240.2	0.439	0.887	0.917	0.069
LOC109027802	NC_073232.2	LOC129524261	NC_073231.2	0.439	0.903	0.85	0.105
LOC134757970	NC_086017.1	XK	NC_073247.2	0.439	0.976	0.794	0.1234
LOC101127844	NC_073227.2	LOC101142088	NC_073234.2	0.438	0.911	0.853	0.1282
LOC129529380	NC_073238.2	LOC134756446	NC_073246.2	0.438	0.985	0.967	0.4433
MT1HL1	NC_073224.2	MT3	NC_073242.2	0.438	0.803	0.741	0.0353
IGSF3	NC_073224.2	LOC129528193	NC_073241.2	0.437	0.97	0.964	0.1868
LOC101127844	NC_073227.2	LOC134756436	NC_073236.2	0.437	0.927	0.923	0.1349
LOC109027802	NC_073232.2	LOC115930151	NC_073240.2	0.437	0.938	0.849	0.0911
LOC115930437	NC_073238.2	LOC134757181	NC_073239.2	0.437	0.939	0.928	0.1568
LOC115935842	NC_073236.2	LOC129524766	NC_073237.2	0.437	0.992	0.984	0.4306
LOC129525550	NC_073233.2	LOC129527151	NC_073224.2	0.437	0.966	0.963	0.2245
BTF3L4	NC_073224.2	LOC109024441	NC_073246.2	0.436	0.965	0.959	0.1375
LOC101142376	NC_073244.2	LOC129524034	NC_073224.2	0.436	0.983	0.918	0.2004
LOC101142376	NC_073244.2	LOC134757295	NC_073240.2	0.436	0.987	0.863	0.1635
LOC101147312	NC_086017.1	MTHFD2	NC_073236.2	0.436	0.968	0.896	0.1568
LOC129523817	NC_073230.2	LOC134756488	NC_073233.2	0.436	0.988	0.76	0.3768
LOC129525023	NC_073232.2	LOC129530133	NC_073247.2	0.436	0.996	0.946	0.6271
EIF4B	NC_073234.2	LOC101146246	NC_073230.2	0.435	0.979	0.988	0.2302
LOC101133056	NC_073229.2	PPP3CC	NC_073231.2	0.435	0.925	0.915	0.0432
LOC129532621	NC_086017.1	LOC129534554	NC_073229.2	0.435	0.993	0.813	0.1368
SET	NC_073237.2	SETSIP	NC_073224.2	0.435	0.96	0.96	0.1701
DOC2B	NC_073243.2	LOC101142376	NC_073244.2	0.434	0.983	0.882	0.0697
LOC101142817	NC_073234.2	LOC115933483	NC_073233.2	0.434	0.962	0.969	0.1566
LOC115934976	NC_073229.2	LOC129525035	NC_073232.2	0.434	0.966	0.881	0.1684
LOC115936299	NC_073227.2	LOC129529231	NC_073224.2	0.434	0.98	0.955	0.0892
LOC129524663	NC_073237.2	LOC129529381	NC_073246.2	0.434	0.981	0.976	0.4176
LOC129524663	NC_073237.2	LOC129529387	NC_073246.2	0.434	0.981	0.976	0.4033
LOC129528459	NC_073241.2	LOC129529381	NC_073246.2	0.434	0.981	0.975	0.401
LOC129528459	NC_073241.2	LOC129529387	NC_073246.2	0.434	0.981	0.974	0.3868
LOC101136188	NC_073228.2	LOC129529231	NC_073224.2	0.433	0.973	0.842	0.1542
LOC101139095	NC_073237.2	ZNF675	NC_073244.2	0.433	0.853	0.845	0.0915
LOC101151538	NC_073243.2	LOC129524776	NC_073237.2	0.433	0.949	0.942	0.1629
LOC109024528	NC_073246.2	LOC129529620	NC_086018.1	0.433	0.951	0.886	0.0962
LOC115932637	NC_073240.2	LOC134758129	NC_086017.1	0.433	0.979	0.958	0.0417
LOC115934309	NC_073248.2	RGS12	NC_073227.2	0.433	0.973	0.885	0.0588
LOC115934976	NC_073229.2	ZNF585A	NC_073244.2	0.433	0.942	0.897	0.0556
LOC129529231	NC_073224.2	LOC134758136	NC_086017.1	0.433	0.951	0.809	0.1037
LOC101151324	NC_073244.2	ZNF860	NC_086017.1	0.432	0.859	0.846	0.0484
LOC109024567	NC_086018.1	LOC129524426	NC_073237.2	0.432	0.937	0.935	0.1922
LOC129523817	NC_073230.2	LOC129525421	NC_073233.2	0.432	0.995	0.888	0.1078
KRT8	NC_073234.2	LOC101149792	NC_073233.2	0.431	0.896	0.904	0.0882
LOC101124418	NC_073235.2	LOC101130407	NC_073230.2	0.431	0.947	0.94	0.1157
LOC101127181	NC_073224.2	LOC101127907	NC_073233.2	0.431	0.962	0.933	0.1481
LOC101127907	NC_073233.2	LOC101151349	NC_073247.2	0.431	0.97	0.96	0.1786
LOC101129069	NC_073246.2	LOC129528194	NC_073241.2	0.431	0.979	0.908	0.4958
LOC101132703	NC_073237.2	LOC101149792	NC_073233.2	0.431	0.873	0.88	0.0668
LOC101132977	NC_073224.2	LOC101149792	NC_073233.2	0.431	0.876	0.886	0.0603
LOC101136188	NC_073228.2	LOC101148918	NC_073224.2	0.431	0.973	0.939	0.0346
LOC101150945	NC_073228.2	LOC115931282	NC_073243.2	0.431	0.905	0.875	0.1384
LOC129524600	NC_073237.2	LOC129530470	NC_073246.2	0.431	0.992	0.989	0.4972
LOC129524654	NC_073237.2	LOC129530470	NC_073246.2	0.431	0.994	0.987	0.4
LOC129528441	NC_073241.2	LOC129530470	NC_073246.2	0.431	0.994	0.989	0.4377
LOC129528467	NC_073241.2	LOC129530470	NC_073246.2	0.431	0.994	0.885	0.2271
ZNF595	NC_073227.2	ZNF681	NC_073244.2	0.431	0.809	0.794	0.0383
CBFB	NC_073242.2	LOC129531432	NC_073236.2	0.43	0.989	0.866	0.0908
LOC101143399	NC_073237.2	LOC101153053	NC_073224.2	0.43	0.937	0.944	0.0957
LOC101148010	NC_073234.2	SKP1	NC_073228.2	0.43	0.923	0.814	0.0786
LOC109024528	NC_073246.2	LOC129529657	NC_086018.1	0.43	0.948	0.894	0.0759
LOC109024528	NC_073246.2	LOC129529660	NC_086018.1	0.43	0.953	0.921	0.0526
LOC109024528	NC_073246.2	LOC129529664	NC_086018.1	0.43	0.953	0.908	0.0529
LOC115931076	NC_073238.2	LOC129531432	NC_073236.2	0.43	0.987	0.906	0.0685
LOC115931076	NC_073238.2	LOC129531450	NC_073240.2	0.43	0.979	0.976	0.3316
LOC115932756	NC_073240.2	LOC134756753	NC_073236.2	0.43	0.995	0.86	0.2057
LOC129526385	NC_073238.2	LOC129529382	NC_073246.2	0.43	0.994	0.813	0.0876
LOC129526385	NC_073238.2	LOC129530569	NC_073246.2	0.43	0.991	0.813	0.0882
LOC129526398	NC_073238.2	LOC129529382	NC_073246.2	0.43	0.988	0.817	0.0747
LOC129526398	NC_073238.2	LOC129530569	NC_073246.2	0.43	0.985	0.817	0.0751
LOC129526580	NC_073242.2	LOC129532627	NC_086017.1	0.43	0.994	0.953	0.3641
LOC129531432	NC_073236.2	LOC129531450	NC_073240.2	0.43	0.984	0.881	0.0949
LOC134756956	NC_073238.2	TERF1	NC_073231.2	0.43	0.972	0.921	0.2179
AP3B1	NC_073243.2	LOC115932769	NC_073230.2	0.429	0.99	0.789	0.2233
ATP2A3	NC_073243.2	LOC115932652	NC_073228.2	0.429	0.976	0.978	0.341
LOC115932954	NC_073238.2	LOC134756753	NC_073236.2	0.429	0.991	0.863	0.187
LOC129528163	NC_073241.2	LOC134756446	NC_073246.2	0.429	0.984	0.912	0.2724
HIGD1A	NC_086017.1	LOC109029167	NC_073234.2	0.428	0.976	0.974	0.3296
LOC101126684	NC_073232.2	LOC129524776	NC_073237.2	0.428	0.945	0.913	0.122
LOC101146750	NC_073230.2	LOC134757578	NC_073243.2	0.428	0.828	0.726	0.0499
LOC101146750	NC_073230.2	LOC134757579	NC_073243.2	0.428	0.829	0.739	0.0415
LOC101146750	NC_073230.2	LOC134757582	NC_073243.2	0.428	0.826	0.737	0.0414
LOC101146750	NC_073230.2	LOC134757583	NC_073243.2	0.428	0.826	0.74	0.0416
LOC115931076	NC_073238.2	LOC134756387	NC_073236.2	0.428	0.982	0.98	0.3594
LOC129524833	NC_073239.2	LOC129525023	NC_073232.2	0.428	0.995	0.934	0.6129
LOC129527821	NC_073242.2	MTMR2	NC_073233.2	0.428	0.924	0.932	0.1208
LOC129529615	NC_086018.1	LOC129530487	NC_073246.2	0.428	0.936	0.875	0.0978
LOC129529620	NC_086018.1	LOC129530496	NC_073246.2	0.428	0.797	0.853	0.0774
LOC129529620	NC_086018.1	LOC129530567	NC_073246.2	0.428	0.801	0.854	0.0776
LOC129528469	NC_073241.2	LOC129529381	NC_073246.2	0.427	0.98	0.976	0.4184
LOC129528469	NC_073241.2	LOC129529387	NC_073246.2	0.427	0.98	0.973	0.3917
LOC101129727	NC_073224.2	LOC109023875	NC_073236.2	0.426	0.901	0.848	0.1488
LOC101152940	NC_073224.2	LOC109026691	NC_073227.2	0.426	0.919	0.887	0.0645
LOC129523855	NC_073230.2	LOC134758129	NC_086017.1	0.426	0.956	0.941	0.0459
LOC129524600	NC_073237.2	LOC129530564	NC_073246.2	0.426	0.987	0.935	0.4023
LOC109029260	NC_073234.2	LOC115933429	NC_073240.2	0.425	0.974	0.893	0.2607
LOC115935007	NC_073229.2	NUTM2F	NC_073237.2	0.425	0.985	0.916	0.1944
LOC129526379	NC_073238.2	LOC129530382	NC_073248.2	0.425	0.985	0.991	0.6543
LOC129528440	NC_073241.2	LOC129530382	NC_073248.2	0.425	0.992	0.978	0.4014
LOC129529384	NC_073246.2	LOC129530382	NC_073248.2	0.425	0.98	0.983	0.5957
LOC129530382	NC_073248.2	LOC129530543	NC_073236.2	0.425	0.984	0.983	0.5527
LOC101126269	NC_073242.2	LOC101133914	NC_073237.2	0.424	0.944	0.9	0.0538
LOC101126985	NC_073242.2	LOC101133914	NC_073237.2	0.424	0.899	0.861	0.0556
LOC115934976	NC_073229.2	LOC129524559	NC_073237.2	0.424	0.981	0.792	0.1703
CLK2	NC_073224.2	LOC101128723	NC_073230.2	0.423	0.967	0.889	0.1813
LOC101132452	NC_086017.1	LOC134756540	NC_073234.2	0.423	0.945	0.759	0.1776
LOC101143340	NC_073228.2	POLRMT	NC_073244.2	0.423	0.977	0.956	0.4441
LOC101152317	NC_073224.2	LOC109029167	NC_073234.2	0.423	0.967	0.961	0.261
LOC129523876	NC_073230.2	LOC129533569	NC_073228.2	0.423	0.904	0.907	0.0969
LOC129533569	NC_073228.2	LOC134758922	NC_073230.2	0.423	0.904	0.908	0.0958
HMGA1	NC_073229.2	LOC101127844	NC_073227.2	0.422	0.968	0.945	0.0732
IGSF3	NC_073224.2	LOC129528469	NC_073241.2	0.422	0.971	0.956	0.1862
LOC101125415	NC_073227.2	LOC101152938	NC_073233.2	0.422	0.912	0.907	0.145
LOC101129492	NC_073234.2	LOC101141087	NC_073236.2	0.422	0.892	0.896	0.0488
LOC101134437	NC_086017.1	LOC101150009	NC_073247.2	0.422	0.895	0.87	0.0529
LOC115934041	NC_086017.1	LOC115934976	NC_073229.2	0.422	0.979	0.936	0.0758
LOC129523468	NC_073236.2	LOC129523511	NC_073227.2	0.422	0.992	0.983	0.6574
LOC101127980	NC_073241.2	LOC129531710	NC_073236.2	0.421	0.851	0.835	0.0336
LOC109023026	NC_073228.2	SETSIP	NC_073224.2	0.421	0.931	0.935	0.1152
LOC115936299	NC_073227.2	LOC134758127	NC_086017.1	0.421	0.916	0.917	0.0462
LOC129524028	NC_073231.2	SLC35F5	NC_073235.2	0.421	0.989	0.839	0.2158
LOC109024358	NC_073224.2	RPS16	NC_073244.2	0.42	0.942	0.953	0.1824
LOC109027802	NC_073232.2	LOC115936299	NC_073227.2	0.42	0.981	0.949	0.0486
LOC129528444	NC_073241.2	LOC129530382	NC_073248.2	0.42	0.993	0.986	0.6122
LOC134756757	NC_073236.2	TEX14	NC_073228.2	0.42	0.975	0.812	0.1828
LOC134758146	NC_086017.1	UBE2V1	NC_073245.2	0.42	0.984	0.96	0.0529
LOC101125304	NC_073242.2	LOC101133914	NC_073237.2	0.419	0.92	0.881	0.0373
LOC101126623	NC_073242.2	LOC101133914	NC_073237.2	0.419	0.943	0.89	0.0947
LOC101131917	NC_073227.2	LOC101133914	NC_073237.2	0.419	0.909	0.823	0.0682
LOC101141087	NC_073236.2	LOC101152815	NC_073233.2	0.419	0.936	0.941	0.1835
LOC115930148	NC_073230.2	LOC129524261	NC_073231.2	0.419	0.897	0.868	0.0414
LOC115933023	NC_073231.2	LOC129534554	NC_073229.2	0.419	0.966	0.957	0.187
LOC129523959	NC_073224.2	LOC129525023	NC_073232.2	0.419	0.994	0.94	0.6078
LOC101125151	NC_073236.2	LOC101127555	NC_073233.2	0.418	0.927	0.91	0.0562
LOC115935026	NC_073229.2	PIP5K1A	NC_073224.2	0.418	0.941	0.933	0.1651
LOC129534553	NC_073229.2	SLC35F5	NC_073235.2	0.418	0.989	0.844	0.2025
LOC101125415	NC_073227.2	LOC115934341	NC_086017.1	0.417	0.931	0.927	0.2407
LOC115931421	NC_073241.2	LOC129525023	NC_073232.2	0.417	0.994	0.954	0.4788
LOC129524028	NC_073231.2	LOC129525023	NC_073232.2	0.417	0.994	0.962	0.384
LOC129525023	NC_073232.2	LOC129525641	NC_073234.2	0.417	0.996	0.939	0.2023
LOC129525023	NC_073232.2	LOC129528719	NC_073244.2	0.417	0.995	0.969	0.3591
LOC129525023	NC_073232.2	LOC129532627	NC_086017.1	0.417	0.992	0.936	0.341
LOC129525023	NC_073232.2	LOC129534553	NC_073229.2	0.417	0.993	0.961	0.3569
LOC129528465	NC_073241.2	LOC129530571	NC_073246.2	0.417	0.992	0.93	0.4027
ZNF595	NC_073227.2	ZNF723	NC_073244.2	0.417	0.806	0.774	0.0341
IGSF3	NC_073224.2	LOC129530382	NC_073248.2	0.416	0.973	0.958	0.1798
LOC101141087	NC_073236.2	LOC129526900	NC_073240.2	0.416	0.926	0.933	0.1271
LOC129524664	NC_073237.2	LOC129530382	NC_073248.2	0.416	0.984	0.986	0.4682
LOC129524670	NC_073237.2	LOC129530382	NC_073248.2	0.416	0.986	0.985	0.4793
BCAP31	NC_073247.2	LOC115933460	NC_073242.2	0.415	0.969	0.917	0.1785
LOC101143315	NC_073238.2	LOC109025589	NC_073236.2	0.415	0.97	0.964	0.2337
LOC129523572	NC_073240.2	LOC129528465	NC_073241.2	0.415	0.97	0.964	0.2343
LOC129527053	NC_073240.2	RHPN2	NC_073244.2	0.415	0.957	0.965	0.3329
LOC129528465	NC_073241.2	TPTE2	NC_073238.2	0.415	0.968	0.945	0.1789
LOC129531989	NC_073235.2	PGM5	NC_073237.2	0.415	0.977	0.87	0.0573
LOC101136021	NC_073230.2	LOC101136504	NC_073244.2	0.414	0.823	0.843	0.0407
LOC109025051	NC_073242.2	TUBB8	NC_073232.2	0.414	0.972	0.967	0.3696
LOC129524653	NC_073237.2	LOC129528466	NC_073241.2	0.414	0.992	0.992	0.5376
LOC129524658	NC_073237.2	LOC129528466	NC_073241.2	0.414	0.991	0.99	0.5386
LOC129525066	NC_086017.1	LOC129527884	NC_073243.2	0.414	0.979	0.81	0.1903
LOC101125455	NC_073244.2	LOC129526381	NC_073239.2	0.413	0.954	0.893	0.0519
LOC101146259	NC_073227.2	SETSIP	NC_073224.2	0.413	0.933	0.911	0.0729
LOC101148271	NC_073230.2	LOC115933023	NC_073231.2	0.413	0.969	0.934	0.1873
LOC129524670	NC_073237.2	LOC129530486	NC_073246.2	0.413	0.984	0.949	0.408
LOC129524670	NC_073237.2	LOC129530565	NC_073246.2	0.413	0.985	0.95	0.4234
LOC129526381	NC_073239.2	TOR3A	NC_073224.2	0.413	0.947	0.885	0.0458
LOC129528465	NC_073241.2	LOC129530492	NC_073246.2	0.413	0.994	0.925	0.4882
LOC129533706	NC_073228.2	SRP14	NC_073240.2	0.413	0.911	0.918	0.0758
LOC101125151	NC_073236.2	LOC101139294	NC_073228.2	0.412	0.914	0.908	0.0403
LOC101125151	NC_073236.2	LOC101152412	NC_073246.2	0.412	0.918	0.921	0.0669
CHCHD3	NC_073230.2	LOC101135100	NC_073224.2	0.411	0.978	0.977	0.3253
LOC115933091	NC_073233.2	LOC134756358	NC_073242.2	0.411	0.987	0.898	0.0567
LOC129525065	NC_073232.2	LOC129532624	NC_073230.2	0.411	0.986	0.976	0.2934
LOC101124572	NC_073242.2	LOC101133914	NC_073237.2	0.41	0.93	0.852	0.0769
LOC101124938	NC_073242.2	LOC101133914	NC_073237.2	0.41	0.907	0.895	0.0382
LOC101139095	NC_073237.2	LOC101152033	NC_073244.2	0.41	0.886	0.888	0.0634
LOC101143887	NC_073232.2	LOC129523464	NC_073237.2	0.41	0.858	0.865	0.078
LOC129532627	NC_086017.1	SLC35F5	NC_073235.2	0.41	0.988	0.815	0.1995
CDC14B	NC_073237.2	LOC101139443	NC_073230.2	0.409	0.96	0.858	0.1345
LDHA	NC_073233.2	LOC101148215	NC_073237.2	0.409	0.959	0.776	0.0998
LOC101126289	NC_073244.2	ZNF92	NC_073230.2	0.409	0.825	0.736	0.0363
LOC101131917	NC_073227.2	LOC101153373	NC_073245.2	0.409	0.895	0.863	0.0548
LOC129524600	NC_073237.2	LOC134756446	NC_073246.2	0.409	0.983	0.985	0.4021
LOC129530307	NC_073248.2	LOC134756800	NC_073236.2	0.409	0.975	0.944	0.0758
ZNF506	NC_073244.2	ZNF695	NC_073224.2	0.409	0.75	0.728	0.0331
LOC101127811	NC_073235.2	LOC101137179	NC_073238.2	0.408	0.886	0.909	0.1133
LOC101137461	NC_073229.2	PPP1R2B	NC_073228.2	0.408	0.909	0.881	0.1349
LOC129525554	NC_073233.2	LOC129527884	NC_073243.2	0.408	0.991	0.891	0.1895
LOC129527364	NC_073242.2	LOC134758274	NC_073227.2	0.408	0.921	0.799	0.0492
LOC134758137	NC_086017.1	LOC134759134	NC_073231.2	0.408	0.972	0.929	0.305
USP9X	NC_073247.2	USP9Y	NC_073248.2	0.408	0.901	0.877	0.0732
LOC101124648	NC_073224.2	LOC129534554	NC_073229.2	0.407	0.961	0.955	0.0809
LOC101140002	NC_073240.2	LOC101151349	NC_073247.2	0.407	0.962	0.966	0.1916
LOC101144812	NC_073241.2	SLC6A8	NC_073247.2	0.407	0.967	0.966	0.2409
LOC115935008	NC_073229.2	PTMA	NC_073235.2	0.407	0.963	0.934	0.0703
LOC115936298	NC_086018.1	LOC129534554	NC_073229.2	0.407	0.963	0.829	0.1192
LOC129524261	NC_073231.2	LOC129534554	NC_073229.2	0.407	0.961	0.896	0.2873
LOC101124387	NC_073224.2	TMEM42	NC_086017.1	0.406	0.899	0.856	0.0543
LOC101136303	NC_073237.2	LOC101146246	NC_073230.2	0.406	0.979	0.974	0.2939
LOC101137804	NC_086017.1	LOC115935862	NC_073237.2	0.406	0.896	0.893	0.0706
LOC101139095	NC_073237.2	ZNF695	NC_073224.2	0.406	0.813	0.784	0.032
LOC115934990	NC_073229.2	LOC115935862	NC_073237.2	0.406	0.868	0.901	0.0472
LOC129529657	NC_086018.1	LOC129530487	NC_073246.2	0.406	0.946	0.88	0.0687
LOC101124778	NC_073224.2	LOC101130248	NC_073244.2	0.405	0.772	0.749	0.0315
LOC129524261	NC_073231.2	LOC129530307	NC_073248.2	0.405	0.967	0.9	0.0914
LOC129528719	NC_073244.2	LOC129530307	NC_073248.2	0.405	0.964	0.915	0.0394
AHCTF1	NC_073224.2	LOC101139146	NC_073235.2	0.404	0.992	0.987	0.6703
KHDC1	NC_073229.2	LOC134757970	NC_086017.1	0.404	0.941	0.813	0.0797
LOC101142457	NC_073247.2	LOC134756389	NC_073231.2	0.404	0.997	0.997	0.8203
LOC109024444	NC_073246.2	MTRES1	NC_073229.2	0.404	0.932	0.885	0.0716
ALG1	NC_073242.2	ALG1L1P	NC_086017.1	0.403	0.96	0.853	0.0652
LOC101124778	NC_073224.2	LOC101139095	NC_073237.2	0.403	0.782	0.751	0.0395
LOC101128844	NC_073230.2	ZNF429	NC_073244.2	0.403	0.821	0.752	0.0311
LOC101129069	NC_073246.2	LOC134757391	NC_073241.2	0.403	0.988	0.92	0.4005
LOC101134437	NC_086017.1	LOC115935782	NC_073237.2	0.403	0.884	0.859	0.0381
LOC101139117	NC_073233.2	LOC115930437	NC_073238.2	0.403	0.884	0.884	0.0519
LOC101148457	NC_086018.1	LOC129526381	NC_073239.2	0.403	0.94	0.87	0.0613
LOC101152383	NC_073240.2	LOC129526428	NC_073238.2	0.403	0.995	0.941	0.328
LOC109023224	NC_073239.2	LOC134757320	NC_073240.2	0.403	0.943	0.95	0.1495
LOC109024670	NC_073247.2	PSMA2	NC_073230.2	0.403	0.988	0.863	0.1744
LOC129525556	NC_073233.2	LOC129530307	NC_073248.2	0.403	0.975	0.934	0.0725
LOC101126607	NC_073239.2	LOC115935862	NC_073237.2	0.402	0.876	0.881	0.0421
LOC101140345	NC_086017.1	LOC115935862	NC_073237.2	0.402	0.895	0.913	0.0674
LOC101146259	NC_073227.2	LOC109023026	NC_073228.2	0.402	0.916	0.901	0.0311
LOC101149650	NC_073228.2	LOC129531989	NC_073235.2	0.402	0.973	0.876	0.0419
LOC134756550	NC_073234.2	NPM1	NC_073228.2	0.402	0.972	0.919	0.2299
LOC134757204	NC_073239.2	LOC134759213	NC_073224.2	0.402	0.901	0.901	0.1221
LOC101144977	NC_086018.1	LOC134757831	NC_073245.2	0.401	0.932	0.88	0.0338
LOC109027802	NC_073232.2	LOC129525556	NC_073233.2	0.401	0.969	0.909	0.0845
PLG	NC_073229.2	PLGLB2	NC_073236.2	0.401	0.966	0.828	0.0581
CXADR	NC_073246.2	LOC115933423	NC_073238.2	0.4	0.947	0.89	0.1035
DOC2B	NC_073243.2	LOC129524034	NC_073224.2	0.4	0.98	0.743	0.0886
LOC101128844	NC_073230.2	ZNF430	NC_073244.2	0.4	0.837	0.832	0.0308
LOC109027802	NC_073232.2	LOC129528719	NC_073244.2	0.4	0.969	0.93	0.0485
LOC109027802	NC_073232.2	LOC134756800	NC_073236.2	0.4	0.98	0.855	0.0918
LOC129529620	NC_086018.1	LOC129530487	NC_073246.2	0.4	0.947	0.871	0.092
LOC129529664	NC_086018.1	LOC129530487	NC_073246.2	0.4	0.955	0.902	0.0551
ABHD17A	NC_073244.2	LOC115933037	NC_073238.2	0.399	0.987	0.983	0.1621
LOC101127980	NC_073241.2	LOC101140002	NC_073240.2	0.399	0.829	0.809	0.0345
LOC109024528	NC_073246.2	LOC134756411	NC_086018.1	0.399	0.958	0.895	0.0481
LOC129525023	NC_073232.2	LOC129532895	NC_073227.2	0.399	0.987	0.918	0.3918
LOC129525411	NC_073233.2	LOC129534553	NC_073229.2	0.399	0.994	0.969	0.5173
LOC109023133	NC_073239.2	LOC115935862	NC_073237.2	0.398	0.894	0.893	0.0467
LOC115931074	NC_073242.2	RHPN2	NC_073244.2	0.398	0.959	0.81	0.1003
LOC115931421	NC_073241.2	LOC129525411	NC_073233.2	0.398	0.997	0.963	0.4153
LOC115931567	NC_073244.2	ZNF595	NC_073227.2	0.398	0.808	0.746	0.0308
LOC129524028	NC_073231.2	LOC129525411	NC_073233.2	0.398	0.984	0.959	0.4098
LOC129530133	NC_073247.2	LOC129533288	NC_073227.2	0.397	0.993	0.981	0.3337
KCTD9	NC_073231.2	LOC101135809	NC_073237.2	0.396	0.944	0.925	0.0982
LOC101128260	NC_073231.2	LOC101130354	NC_073227.2	0.396	0.921	0.844	0.0946
LOC101143315	NC_073238.2	LOC129524434	NC_073237.2	0.396	0.964	0.937	0.2097
LOC109023026	NC_073228.2	LOC134757598	NC_073243.2	0.396	0.929	0.916	0.038
LOC129526951	NC_073238.2	LOC129530378	NC_073248.2	0.396	0.994	0.93	0.5203
LOC129528175	NC_073241.2	LOC129529427	NC_086018.1	0.396	0.971	0.912	0.1366
ZNF430	NC_073244.2	ZNF722	NC_073230.2	0.396	0.812	0.827	0.0311
LOC101136743	NC_073236.2	LOC129532895	NC_073227.2	0.395	0.985	0.782	0.1541
LOC101136868	NC_073230.2	LOC134757578	NC_073243.2	0.395	0.831	0.707	0.0539
LOC101136868	NC_073230.2	LOC134757579	NC_073243.2	0.395	0.833	0.722	0.0457
LOC101136868	NC_073230.2	LOC134757582	NC_073243.2	0.395	0.829	0.727	0.0453
LOC101136868	NC_073230.2	LOC134757583	NC_073243.2	0.395	0.829	0.729	0.0455
LOC101141058	NC_073233.2	LOC115935862	NC_073237.2	0.395	0.854	0.889	0.0442
LOC101142817	NC_073234.2	LOC115935008	NC_073229.2	0.395	0.957	0.937	0.1056
LOC101145945	NC_073244.2	LOC109027583	NC_073230.2	0.395	0.799	0.791	0.0325
LOC101145945	NC_073244.2	LOC129534710	NC_073230.2	0.395	0.8	0.791	0.034
LOC101148918	NC_073224.2	LOC129523876	NC_073230.2	0.395	0.89	0.919	0.0304
LOC101148918	NC_073224.2	LOC134758922	NC_073230.2	0.395	0.892	0.918	0.0303
LOC129525550	NC_073233.2	LOC129528948	NC_073244.2	0.395	0.942	0.937	0.0376
LOC101136504	NC_073244.2	ZNF92	NC_073230.2	0.394	0.854	0.856	0.0367
LOC101136743	NC_073236.2	LOC129523934	NC_073230.2	0.394	0.993	0.761	0.1398
LOC101152497	NC_073240.2	RPL36AL	NC_073239.2	0.394	0.887	0.853	0.0503
LOC129525556	NC_073233.2	LOC134756800	NC_073236.2	0.394	0.977	0.97	0.5973
HERC2	NC_073240.2	LOC101149126	NC_073242.2	0.393	0.961	0.94	0.1049
LOC101126289	NC_073244.2	LOC101139095	NC_073237.2	0.393	0.861	0.844	0.047
LOC101129569	NC_086018.1	LOC109023877	NC_073243.2	0.393	0.91	0.848	0.071
LOC101149491	NC_086018.1	LOC109023877	NC_073243.2	0.393	0.909	0.884	0.0715
LOC109023877	NC_073243.2	LOC115931970	NC_086018.1	0.393	0.909	0.848	0.071
LOC109023877	NC_073243.2	LOC115931980	NC_086018.1	0.393	0.909	0.846	0.0711
LOC109023877	NC_073243.2	LOC129529612	NC_086018.1	0.393	0.907	0.879	0.0753
LOC109023877	NC_073243.2	LOC129529613	NC_086018.1	0.393	0.906	0.844	0.0679
LOC115932756	NC_073240.2	XRCC2	NC_073230.2	0.393	0.995	0.909	0.3414
LOC115932954	NC_073238.2	XRCC2	NC_073230.2	0.393	0.994	0.908	0.3409
LOC115934567	NC_073228.2	LOC129527692	NC_073242.2	0.393	0.967	0.944	0.0387
LOC129523703	NC_073230.2	SLC35F5	NC_073235.2	0.393	0.99	0.99	0.313
LOC129523817	NC_073230.2	LOC129526002	NC_073234.2	0.393	0.954	0.771	0.2112
LOC129527364	NC_073242.2	MT1HL1	NC_073224.2	0.393	0.894	0.774	0.0305
LOC134756357	NC_073224.2	LOC134756800	NC_073236.2	0.393	0.973	0.96	0.2426
LOC134756368	NC_073236.2	XRCC2	NC_073230.2	0.393	0.994	0.911	0.3352
ABHD17A	NC_073244.2	LOC109028905	NC_073236.2	0.392	0.994	0.983	0.1634
LOC101142904	NC_073246.2	LOC129526409	NC_073238.2	0.392	0.963	0.929	0.0786
LOC101142904	NC_073246.2	LOC129527278	NC_073236.2	0.392	0.966	0.934	0.0837
LOC129524664	NC_073237.2	LOC129530486	NC_073246.2	0.392	0.985	0.983	0.429
LOC129524664	NC_073237.2	LOC129530565	NC_073246.2	0.392	0.986	0.983	0.437
LOC129533402	NC_073228.2	LOC134758137	NC_086017.1	0.392	0.967	0.809	0.0822
LOC101129811	NC_073230.2	LOC115931292	NC_073243.2	0.391	0.829	0.748	0.0353
LOC101129811	NC_073230.2	LOC134757578	NC_073243.2	0.391	0.831	0.707	0.0538
LOC101129811	NC_073230.2	LOC134757579	NC_073243.2	0.391	0.833	0.719	0.0456
LOC101129811	NC_073230.2	LOC134757582	NC_073243.2	0.391	0.829	0.725	0.0452
LOC101129811	NC_073230.2	LOC134757583	NC_073243.2	0.391	0.829	0.727	0.0454
LOC101139095	NC_073237.2	ZNF254	NC_073244.2	0.391	0.863	0.874	0.0411
LOC101151315	NC_073244.2	ZNF92	NC_073230.2	0.391	0.806	0.701	0.0358
LOC115934041	NC_086017.1	LOC134757253	NC_073240.2	0.391	0.975	0.958	0.0933
LOC129524658	NC_073237.2	LOC129530382	NC_073248.2	0.391	0.992	0.986	0.4685
LOC101135508	NC_073227.2	LOC115933000	NC_073242.2	0.39	0.894	0.898	0.0795
LOC101142457	NC_073247.2	LOC129523511	NC_073227.2	0.39	0.986	0.983	0.6934
LOC101145945	NC_073244.2	ZNF722	NC_073230.2	0.39	0.815	0.813	0.0314
LOC101146937	NC_073235.2	NOC2L	NC_073224.2	0.39	0.967	0.951	0.2041
LOC109023026	NC_073228.2	SET	NC_073237.2	0.39	0.952	0.951	0.0971
LOC129523855	NC_073230.2	LOC134758127	NC_086017.1	0.39	0.952	0.957	0.0888
LOC129524600	NC_073237.2	LOC129526471	NC_073236.2	0.39	0.987	0.9	0.1715
LOC129526580	NC_073242.2	LOC129533288	NC_073227.2	0.39	0.992	0.88	0.331
LOC129526580	NC_073242.2	SLC35F5	NC_073235.2	0.39	0.99	0.954	0.2868
EEF2KMT	NC_073242.2	LOC101139163	NC_086017.1	0.389	0.959	0.955	0.2902
LOC101141087	NC_073236.2	LOC109028007	NC_073231.2	0.389	0.888	0.895	0.0519
LOC115933219	NC_073245.2	LOC129529434	NC_086018.1	0.389	0.966	0.883	0.0314
LOC129524833	NC_073239.2	LOC129533288	NC_073227.2	0.389	0.992	0.871	0.3145
LOC101138851	NC_073231.2	LOC101144435	NC_073227.2	0.388	0.979	0.983	0.4779
LOC101153488	NC_073235.2	RABL6	NC_073237.2	0.388	0.959	0.93	0.1047
LOC129529660	NC_086018.1	LOC129530487	NC_073246.2	0.388	0.954	0.92	0.0447
LOC134756446	NC_073246.2	LOC134756947	NC_073238.2	0.388	0.988	0.854	0.2549
LOC101125151	NC_073236.2	LOC101137179	NC_073238.2	0.387	0.931	0.907	0.0475
LOC115936007	NC_073224.2	STK39	NC_073235.2	0.387	0.982	0.987	0.5798
ABHD17A	NC_073244.2	LOC129531439	NC_073240.2	0.386	0.994	0.982	0.1625
LOC101124778	NC_073224.2	LOC101142646	NC_073244.2	0.386	0.762	0.718	0.0306
LOC101128260	NC_073231.2	LOC101139163	NC_086017.1	0.386	0.965	0.952	0.2735
LOC101136188	NC_073228.2	LOC129534177	NC_073229.2	0.386	0.964	0.853	0.1635
LOC101148918	NC_073224.2	LOC129534177	NC_073229.2	0.386	0.983	0.947	0.0485
LOC115936299	NC_073227.2	LOC129534177	NC_073229.2	0.386	0.971	0.924	0.0563
LOC129523855	NC_073230.2	LOC129534177	NC_073229.2	0.386	0.958	0.958	0.1075
LOC129529294	NC_073246.2	LOC129530429	NC_073248.2	0.386	0.96	0.956	0.047
LOC129534177	NC_073229.2	LOC134758129	NC_086017.1	0.386	0.987	0.765	0.2519
LOC101124648	NC_073224.2	LOC129523684	NC_073230.2	0.385	0.948	0.927	0.0779
EIF1AX	NC_073247.2	LOC101137900	NC_073238.2	0.384	0.965	0.835	0.0832
LOC115936312	NC_086017.1	LOC134759064	NC_073231.2	0.384	0.942	0.841	0.1035
LOC129523468	NC_073236.2	RABL2B	NC_086018.1	0.384	0.989	0.959	0.4262
LOC129526550	NC_073239.2	LOC129529430	NC_086018.1	0.384	0.991	0.985	0.4412
LOC129529620	NC_086018.1	LOC129530466	NC_073238.2	0.384	0.757	0.786	0.0704
LOC129530383	NC_073248.2	LOC129530466	NC_073238.2	0.384	0.828	0.812	0.1025
LOC134756389	NC_073231.2	RABL2B	NC_086018.1	0.384	0.99	0.964	0.4329
ABHD17A	NC_073244.2	LOC115932812	NC_073236.2	0.383	0.994	0.983	0.1598
LOC101124778	NC_073224.2	ZNF675	NC_073244.2	0.383	0.785	0.761	0.0343
LOC129524663	NC_073237.2	LOC129530382	NC_073248.2	0.383	0.991	0.987	0.6182
LOC129528459	NC_073241.2	LOC129530382	NC_073248.2	0.383	0.99	0.986	0.6039
GJA1	NC_073229.2	LOC101126521	NC_073228.2	0.382	0.977	0.956	0.317
LOC101124016	NC_073231.2	LOC109025310	NC_073234.2	0.382	0.946	0.95	0.1361
LOC101124016	NC_073231.2	NACA2	NC_073228.2	0.382	0.93	0.926	0.146
LOC101141440	NC_073232.2	LOC115935007	NC_073229.2	0.382	0.883	0.911	0.1528
LOC101142918	NC_073232.2	LOC115935007	NC_073229.2	0.382	0.884	0.91	0.0827
LOC129524018	NC_073231.2	LOC134759213	NC_073224.2	0.382	0.854	0.785	0.0532
HSPA9	NC_073228.2	LOC101152106	NC_073235.2	0.381	0.962	0.955	0.2217
LOC115930181	NC_073234.2	PTMA	NC_073235.2	0.381	0.995	0.972	0.3279
LOC129523959	NC_073224.2	LOC129533288	NC_073227.2	0.381	0.995	0.871	0.3455
LOC129524658	NC_073237.2	LOC129529387	NC_073246.2	0.381	0.985	0.976	0.272
LOC129528444	NC_073241.2	LOC129529387	NC_073246.2	0.381	0.985	0.974	0.4
PAPOLA	NC_073239.2	PAPOLB	NC_073230.2	0.381	0.868	0.831	0.0315
HPCA	NC_073224.2	HPCAL1	NC_073236.2	0.38	0.882	0.702	0.0397
FDPS	NC_073224.2	LOC129529224	NC_073246.2	0.379	0.902	0.877	0.0405
LOC101134365	NC_073247.2	NPM1	NC_073228.2	0.379	0.93	0.882	0.2125
LOC101144027	NC_073224.2	RNF4	NC_073227.2	0.379	0.956	0.968	0.2604
LOC115931699	NC_073236.2	LOC134757320	NC_073240.2	0.379	0.988	0.984	0.6132
LOC115936058	NC_073229.2	LOC129527151	NC_073224.2	0.379	0.963	0.959	0.3169
LOC129524726	NC_073238.2	LOC129527151	NC_073224.2	0.379	0.963	0.957	0.343
LOC129527151	NC_073224.2	LOC129528280	NC_073241.2	0.379	0.965	0.953	0.3405
LOC129527151	NC_073224.2	LOC129534573	NC_073229.2	0.379	0.964	0.949	0.3149
LOC129527151	NC_073224.2	LOC134757253	NC_073240.2	0.379	0.967	0.96	0.3718
LOC129527151	NC_073224.2	LOC134757970	NC_086017.1	0.379	0.966	0.934	0.188
EEF2KMT	NC_073242.2	LOC101152938	NC_073233.2	0.378	0.947	0.947	0.2216
LOC101125106	NC_073228.2	LOC115933037	NC_073238.2	0.378	0.977	0.972	0.3228
LOC101148271	NC_073230.2	LOC115930151	NC_073240.2	0.378	0.972	0.88	0.2371
LOC129523855	NC_073230.2	LOC129527979	NC_073243.2	0.378	0.968	0.874	0.0896
LOC129525023	NC_073232.2	LOC129533288	NC_073227.2	0.378	0.991	0.865	0.3018
LOC129528445	NC_073241.2	LOC129530544	NC_073236.2	0.378	0.994	0.939	0.396
LOC101125723	NC_086018.1	LOC129524570	NC_073237.2	0.377	0.97	0.971	0.1432
LOC101134308	NC_073227.2	RNPS1	NC_073242.2	0.377	0.987	0.985	0.5214
LOC115930151	NC_073240.2	LOC134757481	NC_073242.2	0.377	0.966	0.872	0.1304
LOC115934041	NC_086017.1	LOC129528280	NC_073241.2	0.377	0.973	0.96	0.0889
LOC115934041	NC_086017.1	LOC129534573	NC_073229.2	0.377	0.972	0.956	0.0828
LOC129523704	NC_073230.2	LOC129526002	NC_073234.2	0.377	0.981	0.924	0.1307
ISCA1	NC_073237.2	LOC101129959	NC_073235.2	0.376	0.981	0.927	0.0398
LOC101132018	NC_073240.2	LOC101135421	NC_073244.2	0.376	0.929	0.796	0.0618
ZNF716	NC_073230.2	ZNF723	NC_073244.2	0.376	0.827	0.827	0.0324
EEF2KMT	NC_073242.2	LOC101125415	NC_073227.2	0.375	0.95	0.913	0.2409
GABARAPL2	NC_073242.2	LOC101136984	NC_073243.2	0.375	0.847	0.892	0.0432
LOC101133681	NC_073237.2	LOC109023730	NC_073242.2	0.375	0.952	0.943	0.1
LOC101152403	NC_073245.2	LOC109025084	NC_073229.2	0.375	0.922	0.913	0.0986
LOC129531501	NC_073238.2	LOC134756831	NC_073236.2	0.375	0.992	0.99	0.5886
LOC101125723	NC_086018.1	LOC129524455	NC_073237.2	0.374	0.933	0.9	0.0357
LOC115930151	NC_073240.2	LOC129525065	NC_073232.2	0.374	0.961	0.917	0.0514
LOC129528719	NC_073244.2	SLC35F5	NC_073235.2	0.374	0.989	0.847	0.2055
ABHD17A	NC_073244.2	LOC129530229	NC_073248.2	0.373	0.97	0.972	0.1562
LOC109025190	NC_086018.1	SNRPA1	NC_073240.2	0.373	0.982	0.73	0.1357
LOC115933174	NC_073237.2	LOC129529620	NC_086018.1	0.373	0.753	0.676	0.0536
LOC115934041	NC_086017.1	LOC129525035	NC_073232.2	0.373	0.956	0.93	0.0763
LOC101139095	NC_073237.2	ZNF430	NC_073244.2	0.372	0.882	0.862	0.0732
LOC101148643	NC_073224.2	LOC115932637	NC_073240.2	0.372	0.955	0.953	0.0784
LOC101148643	NC_073224.2	LOC129532017	NC_073235.2	0.372	0.949	0.949	0.0792
LOC115930151	NC_073240.2	LOC129532017	NC_073235.2	0.372	0.972	0.935	0.1073
LOC129523855	NC_073230.2	LOC129524261	NC_073231.2	0.372	0.966	0.966	0.1398
LOC129523855	NC_073230.2	LOC129533402	NC_073228.2	0.372	0.973	0.918	0.1336
LOC129523876	NC_073230.2	LOC129533126	NC_073227.2	0.372	0.898	0.735	0.047
LOC129530382	NC_073248.2	LOC129530497	NC_073246.2	0.372	0.979	0.984	0.6019
LOC129533126	NC_073227.2	LOC134758922	NC_073230.2	0.372	0.898	0.73	0.0462
IGSF3	NC_073224.2	LOC129530486	NC_073246.2	0.371	0.974	0.938	0.1767
IGSF3	NC_073224.2	LOC129530565	NC_073246.2	0.371	0.975	0.939	0.181
LOC101125415	NC_073227.2	LOC101133440	NC_073231.2	0.371	0.933	0.924	0.2173
LOC101139163	NC_086017.1	LOC134756549	NC_073234.2	0.371	0.959	0.946	0.15
LOC109023253	NC_073239.2	LOC115930181	NC_073234.2	0.371	0.979	0.967	0.2891
LOC115930151	NC_073240.2	LOC134756357	NC_073224.2	0.371	0.973	0.978	0.1887
LOC129530487	NC_073246.2	LOC134756411	NC_086018.1	0.371	0.96	0.884	0.0472
LOC101136188	NC_073228.2	LOC109027802	NC_073232.2	0.37	0.936	0.927	0.2448
LOC109024528	NC_073246.2	LOC129530466	NC_073238.2	0.37	0.979	0.944	0.203
LOC115930151	NC_073240.2	LOC129524261	NC_073231.2	0.37	0.966	0.937	0.2077
LOC115930151	NC_073240.2	LOC129525556	NC_073233.2	0.37	0.978	0.773	0.1921
LOC115931567	NC_073244.2	ZNF92	NC_073230.2	0.37	0.837	0.778	0.0448
LOC115932637	NC_073240.2	LOC129532621	NC_086017.1	0.37	0.979	0.891	0.076
LOC115934567	NC_073228.2	LOC129523555	NC_073242.2	0.37	0.944	0.909	0.1895
LOC129528280	NC_073241.2	ZNF585A	NC_073244.2	0.37	0.938	0.91	0.0677
LOC129534573	NC_073229.2	ZNF585A	NC_073244.2	0.37	0.932	0.907	0.0642
LOC101130248	NC_073244.2	LOC101136021	NC_073230.2	0.369	0.793	0.761	0.0418
LOC101130354	NC_073227.2	LOC134756549	NC_073234.2	0.369	0.953	0.929	0.1608
LOC101133440	NC_073231.2	LOC134756549	NC_073234.2	0.369	0.977	0.953	0.1421
LOC101144812	NC_073241.2	LOC129527242	NC_073240.2	0.369	0.982	0.923	0.2877
LOC101152938	NC_073233.2	LOC134756549	NC_073234.2	0.369	0.924	0.926	0.0815
LOC115933751	NC_073235.2	LOC129527231	NC_073238.2	0.369	0.938	0.831	0.0699
LOC115934341	NC_086017.1	LOC134756549	NC_073234.2	0.369	0.959	0.946	0.1472
LOC129525421	NC_073233.2	LOC129526002	NC_073234.2	0.369	0.988	0.814	0.0642
KMT2C	NC_073230.2	LOC134756703	NC_073236.2	0.368	0.982	0.954	0.0431
LOC101125151	NC_073236.2	LOC115932777	NC_073224.2	0.368	0.905	0.884	0.0474
LOC101125415	NC_073227.2	LOC134756549	NC_073234.2	0.368	0.962	0.921	0.1363
LOC115931109	NC_073242.2	LOC115934567	NC_073228.2	0.368	0.947	0.928	0.1183
LOC115934567	NC_073228.2	LOC129527613	NC_073242.2	0.368	0.946	0.928	0.1206
LOC134756446	NC_073246.2	LOC134756703	NC_073236.2	0.368	0.99	0.857	0.1529
LOC101124778	NC_073224.2	LOC101145945	NC_073244.2	0.367	0.775	0.795	0.0404
LOC101128844	NC_073230.2	LOC115931567	NC_073244.2	0.367	0.831	0.733	0.0397
LOC101143859	NC_073245.2	XPOT	NC_073234.2	0.367	0.962	0.965	0.1631
LOC101143887	NC_073232.2	LOC101148827	NC_073237.2	0.367	0.909	0.837	0.0463
LOC109025842	NC_073236.2	XIAP	NC_073247.2	0.367	0.931	0.92	0.0328
LOC129532017	NC_073235.2	LOC129533126	NC_073227.2	0.367	0.947	0.943	0.0671
EEF2KMT	NC_073242.2	LOC115934341	NC_086017.1	0.366	0.953	0.951	0.2363
FRG1	NC_073227.2	LOC129526409	NC_073238.2	0.366	0.973	0.905	0.0661
FRG1	NC_073227.2	LOC129527278	NC_073236.2	0.366	0.975	0.908	0.0718
LOC101151315	NC_073244.2	ZNF679	NC_073230.2	0.366	0.805	0.799	0.0341
LOC115931062	NC_073242.2	LOC115934567	NC_073228.2	0.366	0.935	0.933	0.0769
LOC101148918	NC_073224.2	LOC129533126	NC_073227.2	0.365	0.96	0.953	0.0573
LOC109024528	NC_073246.2	LOC129524669	NC_073237.2	0.365	0.988	0.942	0.2524
LOC109024528	NC_073246.2	LOC129529648	NC_086018.1	0.365	0.991	0.927	0.2385
LOC115932637	NC_073240.2	LOC129533126	NC_073227.2	0.365	0.951	0.946	0.0662
LOC129525787	NC_073224.2	ZNF586	NC_073244.2	0.365	0.996	0.992	0.1182
LOC129527232	NC_073238.2	LOC129527244	NC_073240.2	0.365	0.994	0.959	0.4698
LOC115930151	NC_073240.2	LOC129534780	NC_073230.2	0.364	0.941	0.895	0.1826
LOC129529664	NC_086018.1	LOC129530567	NC_073246.2	0.364	0.953	0.891	0.0547
LOC101136188	NC_073228.2	LOC129534780	NC_073230.2	0.363	0.936	0.897	0.2102
LOC115933000	NC_073242.2	RPL15	NC_086017.1	0.363	0.902	0.869	0.0551
LOC129528460	NC_073241.2	LOC129530544	NC_073236.2	0.363	0.991	0.99	0.4516
LOC129529657	NC_086018.1	LOC129530496	NC_073246.2	0.363	0.943	0.864	0.0586
LOC129529657	NC_086018.1	LOC129530567	NC_073246.2	0.363	0.943	0.864	0.0587
LOC101127721	NC_073242.2	LOC101153373	NC_073245.2	0.362	0.905	0.84	0.051
LOC101148271	NC_073230.2	LOC129532621	NC_086017.1	0.362	0.967	0.714	0.1585
LOC115932779	NC_073242.2	SORL1	NC_073233.2	0.362	0.995	0.981	0.6132
LOC115933039	NC_073244.2	SORL1	NC_073233.2	0.362	0.996	0.977	0.6589
LOC129523553	NC_073227.2	LOC129533402	NC_073228.2	0.362	0.983	0.88	0.0868
LOC115933174	NC_073237.2	LOC129530466	NC_073238.2	0.361	0.799	0.839	0.1701
LOC129524470	NC_073237.2	LOC129530544	NC_073236.2	0.361	0.995	0.911	0.3969
LOC129528439	NC_073241.2	LOC129529657	NC_086018.1	0.361	0.744	0.74	0.0491
LOC101125106	NC_073228.2	LOC109028905	NC_073236.2	0.36	0.982	0.973	0.3282
LOC101125151	NC_073236.2	PPIAL4H	NC_073224.2	0.36	0.897	0.885	0.0475
LOC101130248	NC_073244.2	ZNF735	NC_073230.2	0.36	0.808	0.763	0.0313
LOC101146765	NC_073231.2	NASP	NC_073224.2	0.36	0.955	0.959	0.3033
LOC101128863	NC_073237.2	PSMC3	NC_073233.2	0.359	0.931	0.93	0.1104
LOC101148643	NC_073224.2	LOC129523876	NC_073230.2	0.359	0.916	0.756	0.0681
LOC101148643	NC_073224.2	LOC134758922	NC_073230.2	0.359	0.916	0.757	0.0668
LOC109023085	NC_073227.2	LOC109027697	NC_073233.2	0.359	0.957	0.86	0.0932
LOC115933350	NC_073242.2	LOC115934567	NC_073228.2	0.359	0.957	0.937	0.113
LOC129526381	NC_073239.2	TMEM220	NC_073243.2	0.359	0.968	0.762	0.0952
LOC129529664	NC_086018.1	LOC129530496	NC_073246.2	0.359	0.955	0.895	0.0546
LOC101134115	NC_073229.2	LOC101153761	NC_073232.2	0.358	0.905	0.902	0.0426
LOC101138607	NC_086018.1	RPS17	NC_073240.2	0.358	0.964	0.962	0.0614
LOC109024060	NC_073244.2	LOC134759322	NC_073233.2	0.358	0.842	0.822	0.0537
LOC109024528	NC_073246.2	LOC129530384	NC_073248.2	0.358	0.975	0.856	0.1859
LOC129524559	NC_073237.2	LOC129527151	NC_073224.2	0.358	0.965	0.943	0.2691
LOC129525421	NC_073233.2	LOC134758144	NC_086017.1	0.358	0.995	0.92	0.089
LOC134756488	NC_073233.2	LOC134758144	NC_086017.1	0.358	0.995	0.775	0.2732
LOC101124648	NC_073224.2	LOC134758129	NC_086017.1	0.357	0.975	0.935	0.0503
LOC115933091	NC_073233.2	LOC134757295	NC_073240.2	0.357	0.999	0.998	0.3556
LOC115934567	NC_073228.2	LOC129527600	NC_073242.2	0.357	0.94	0.895	0.2195
LOC129525556	NC_073233.2	LOC134758129	NC_086017.1	0.357	0.973	0.89	0.1117
LOC129528719	NC_073244.2	LOC134758129	NC_086017.1	0.357	0.969	0.856	0.0518
CD9	NC_073234.2	LOC101134712	NC_073230.2	0.356	0.987	0.719	0.1728
EFCAB3	NC_073228.2	HILPDA	NC_073230.2	0.356	0.972	0.914	0.0389
LOC101134365	NC_073247.2	LOC134756550	NC_073234.2	0.356	0.906	0.905	0.1183
LOC109027880	NC_073231.2	SBDS	NC_073230.2	0.356	0.987	0.818	0.2804
LOC129530381	NC_073248.2	LOC134756831	NC_073236.2	0.356	0.99	0.974	0.5172
EIF3F	NC_073233.2	LOC101141213	NC_073234.2	0.355	0.942	0.906	0.0829
LOC101125106	NC_073228.2	LOC129531439	NC_073240.2	0.354	0.982	0.971	0.3207
LOC101125311	NC_073228.2	USP6	NC_073243.2	0.354	0.949	0.959	0.1527
LOC101129785	NC_073244.2	LOC101140090	NC_073234.2	0.354	0.906	0.842	0.0567
LOC101131374	NC_073237.2	LOC129530050	NC_073247.2	0.354	0.922	0.804	0.0915
LOC115930148	NC_073230.2	LOC115930151	NC_073240.2	0.354	0.9	0.782	0.0354
LOC129528469	NC_073241.2	LOC129530382	NC_073248.2	0.354	0.99	0.983	0.6094
LOC101139358	NC_073224.2	SUMO1	NC_073235.2	0.353	0.986	0.978	0.1748
LOC101143315	NC_073238.2	LOC115935789	NC_073237.2	0.353	0.964	0.937	0.1988
LOC129523703	NC_073230.2	LOC129532895	NC_073227.2	0.353	0.989	0.979	0.3894
LOC129527234	NC_073238.2	TERF1	NC_073231.2	0.353	0.968	0.94	0.1891
LOC129529615	NC_086018.1	LOC129530384	NC_073248.2	0.353	0.944	0.85	0.0738
DDX3X	NC_073247.2	DDX3Y	NC_073248.2	0.352	0.889	0.863	0.0819
INTS4	NC_073233.2	LOC129523663	NC_073230.2	0.352	0.984	0.89	0.1178
LOC101126623	NC_073242.2	LOC101153373	NC_073245.2	0.352	0.899	0.86	0.0581
LOC101141213	NC_073234.2	LOC129524668	NC_073237.2	0.352	0.92	0.875	0.0772
LOC101141213	NC_073234.2	LOC129529383	NC_073246.2	0.352	0.92	0.874	0.0778
LOC101141213	NC_073234.2	LOC129530380	NC_073248.2	0.352	0.92	0.874	0.0593
LOC101141213	NC_073234.2	LOC129530488	NC_073246.2	0.352	0.915	0.875	0.0659
LOC101141213	NC_073234.2	LOC134757073	NC_073238.2	0.352	0.92	0.894	0.0656
LOC101141213	NC_073234.2	LOC134757413	NC_073241.2	0.352	0.92	0.875	0.0764
LOC101141213	NC_073234.2	LOC134757415	NC_073241.2	0.352	0.92	0.877	0.0787
LOC115933751	NC_073235.2	LOC129524584	NC_073237.2	0.352	0.876	0.725	0.0337
LOC129529660	NC_086018.1	LOC129530384	NC_073248.2	0.352	0.947	0.922	0.0529
CDC20	NC_073224.2	LOC129524502	NC_073237.2	0.351	0.958	0.898	0.1681
LOC101125106	NC_073228.2	LOC115932812	NC_073236.2	0.351	0.982	0.969	0.3125
LOC101139095	NC_073237.2	LOC115931568	NC_073244.2	0.351	0.848	0.849	0.0675
LOC129524669	NC_073237.2	LOC129529648	NC_086018.1	0.351	0.948	0.829	0.3147
LOC129528719	NC_073244.2	LOC134758128	NC_086017.1	0.351	0.943	0.942	0.0933
LOC129530384	NC_073248.2	LOC129530466	NC_073238.2	0.351	0.972	0.907	0.1808
LOC101128844	NC_073230.2	LOC101145945	NC_073244.2	0.35	0.841	0.837	0.0302
LOC101141213	NC_073234.2	LOC134757392	NC_073241.2	0.35	0.919	0.878	0.0778
LOC101141213	NC_073234.2	LOC134757414	NC_073241.2	0.35	0.919	0.875	0.0784
LOC101153429	NC_073234.2	NIFK	NC_073235.2	0.35	0.919	0.821	0.0789
LOC129524261	NC_073231.2	LOC134758129	NC_086017.1	0.35	0.962	0.796	0.1433
LOC129529620	NC_086018.1	LOC129530384	NC_073248.2	0.35	0.944	0.864	0.0721
LOC129529657	NC_086018.1	LOC129530384	NC_073248.2	0.35	0.941	0.895	0.0952
LOC129529664	NC_086018.1	LOC129530384	NC_073248.2	0.35	0.95	0.897	0.0567
LOC129530384	NC_073248.2	LOC129530487	NC_073246.2	0.35	0.975	0.851	0.1809
LOC129530384	NC_073248.2	LOC129530496	NC_073246.2	0.35	0.975	0.864	0.161
LOC129530384	NC_073248.2	LOC129530567	NC_073246.2	0.35	0.975	0.864	0.1615
LOC129532220	NC_073235.2	TOMM40	NC_073244.2	0.35	0.975	0.895	0.0852
LOC101129069	NC_073246.2	LOC129523572	NC_073240.2	0.349	0.959	0.947	0.2026
LOC101129069	NC_073246.2	TPTE2	NC_073238.2	0.349	0.961	0.94	0.1712
LOC101137179	NC_073238.2	LOC101144515	NC_073233.2	0.349	0.863	0.912	0.1069
EEF2KMT	NC_073242.2	LOC101128260	NC_073231.2	0.348	0.945	0.941	0.2432
KMT2C	NC_073230.2	LOC129530544	NC_073236.2	0.348	0.98	0.954	0.0475
LOC129529660	NC_086018.1	LOC129530496	NC_073246.2	0.348	0.954	0.911	0.0491
LOC129529660	NC_086018.1	LOC129530567	NC_073246.2	0.348	0.954	0.912	0.0503
LOC129530466	NC_073238.2	LOC129530487	NC_073246.2	0.348	0.973	0.927	0.1519
LOC115933023	NC_073231.2	LOC134758136	NC_086017.1	0.347	0.963	0.756	0.0966
LOC129526409	NC_073238.2	LOC129527278	NC_073236.2	0.347	0.998	0.998	0.8926
LOC129527277	NC_073238.2	TMEM212	NC_086017.1	0.347	0.899	0.858	0.0341
LOC129528280	NC_073241.2	LOC134756435	NC_073227.2	0.347	0.841	0.834	0.0324
LOC129529380	NC_073238.2	LOC129530544	NC_073236.2	0.347	0.997	0.975	0.5692
LOC129529615	NC_086018.1	LOC129530379	NC_073248.2	0.347	0.748	0.784	0.073
LOC101124572	NC_073242.2	LOC101153373	NC_073245.2	0.346	0.911	0.859	0.0488
LOC101141990	NC_073241.2	LOC115931102	NC_073242.2	0.346	0.927	0.913	0.0637
LOC101141990	NC_073241.2	LOC129527592	NC_073242.2	0.346	0.927	0.903	0.0975
LOC101141990	NC_073241.2	LOC129527720	NC_073242.2	0.346	0.91	0.888	0.0385
LOC101142266	NC_073244.2	LOC115930437	NC_073238.2	0.346	0.785	0.718	0.0306
LOC101148643	NC_073224.2	LOC115936299	NC_073227.2	0.346	0.935	0.925	0.0535
LOC101148918	NC_073224.2	LOC134758127	NC_086017.1	0.346	0.943	0.939	0.0357
LOC109028893	NC_073233.2	LOC115933000	NC_073242.2	0.346	0.868	0.88	0.0478
LOC129526398	NC_073238.2	LOC129526957	NC_073236.2	0.346	0.994	0.77	0.1927
LOC129526398	NC_073238.2	LOC134757216	NC_073240.2	0.346	0.993	0.766	0.1783
LOC129529648	NC_086018.1	LOC129530466	NC_073238.2	0.346	0.75	0.831	0.2383
LOC129530307	NC_073248.2	LOC129534177	NC_073229.2	0.346	0.932	0.858	0.0981
LOC134756389	NC_073231.2	RABL2A	NC_073235.2	0.346	0.977	0.908	0.5302
LOC134756682	NC_073235.2	RPS17	NC_073240.2	0.346	0.994	0.994	0.098
LOC101129832	NC_073224.2	RPS20	NC_073231.2	0.345	0.92	0.793	0.0677
LOC101152383	NC_073240.2	LOC115933107	NC_073238.2	0.345	0.986	0.892	0.269
LOC115931074	NC_073242.2	LOC129527053	NC_073240.2	0.345	0.97	0.867	0.1185
ZNF705A	NC_073234.2	ZNF705D	NC_073231.2	0.345	0.974	0.97	0.431
CXADR	NC_073246.2	LOC101135203	NC_073240.2	0.344	0.95	0.901	0.1062
FOXD4L1	NC_073235.2	LOC101149305	NC_073227.2	0.344	0.988	0.988	0.5529
LOC101125151	NC_073236.2	LOC101135138	NC_073234.2	0.344	0.918	0.912	0.067
LOC101133347	NC_073233.2	PGAM4	NC_073247.2	0.344	0.972	0.965	0.2921
LOC101144932	NC_073228.2	LOC129528719	NC_073244.2	0.344	0.991	0.931	0.1596
LOC129523684	NC_073230.2	LOC129525556	NC_073233.2	0.344	0.957	0.794	0.0796
LOC129530466	NC_073238.2	LOC134756411	NC_086018.1	0.344	0.756	0.788	0.0386
LOC101137179	NC_073238.2	LOC101151494	NC_073233.2	0.343	0.851	0.902	0.0909
LOC129524669	NC_073237.2	LOC129530487	NC_073246.2	0.343	0.982	0.934	0.2266
LOC129529648	NC_086018.1	LOC129530487	NC_073246.2	0.343	0.985	0.92	0.2145
LOC129531748	NC_073236.2	SLC35F5	NC_073235.2	0.343	0.99	0.952	0.2201
LOC129534588	NC_073224.2	PLA2G4B	NC_073240.2	0.343	0.992	0.987	0.5836
LOC101128844	NC_073230.2	ZNF723	NC_073244.2	0.342	0.861	0.861	0.0406
LOC101144838	NC_073244.2	ZNF92	NC_073230.2	0.342	0.844	0.824	0.0335
LOC109026093	NC_086017.1	LOC115935586	NC_073231.2	0.342	0.942	0.897	0.0913
IGSF3	NC_073224.2	LOC129524653	NC_073237.2	0.341	0.971	0.864	0.1773
IGSF3	NC_073224.2	LOC129530464	NC_073238.2	0.341	0.97	0.863	0.1675
LOC101136504	NC_073244.2	ZNF679	NC_073230.2	0.341	0.804	0.817	0.0452
LOC109028586	NC_073232.2	LOC129527600	NC_073242.2	0.341	0.937	0.91	0.1579
LOC115930119	NC_073229.2	LOC129527884	NC_073243.2	0.341	0.985	0.709	0.1463
LOC115931567	NC_073244.2	ZNF679	NC_073230.2	0.341	0.83	0.841	0.0434
LOC115933239	NC_073236.2	LOC129527884	NC_073243.2	0.341	0.983	0.706	0.1674
LOC115936058	NC_073229.2	LOC134756435	NC_073227.2	0.341	0.845	0.834	0.034
LOC129523819	NC_073230.2	LOC129527884	NC_073243.2	0.341	0.981	0.767	0.1533
LOC129527204	NC_073238.2	SLX9	NC_073246.2	0.341	0.978	0.906	0.3142
LOC129534573	NC_073229.2	LOC134756435	NC_073227.2	0.341	0.842	0.832	0.0327
SLC52A1	NC_073243.2	SLC52A2	NC_073231.2	0.341	0.878	0.83	0.0359
HAUS6	NC_073237.2	LOC101152900	NC_073230.2	0.34	0.987	0.985	0.3442
HMGN1	NC_073246.2	LOC101151349	NC_073247.2	0.34	0.976	0.981	0.274
LOC101124648	NC_073224.2	LOC129533402	NC_073228.2	0.34	0.967	0.866	0.1026
LOC101151349	NC_073247.2	LOC101154501	NC_073224.2	0.34	0.976	0.982	0.3057
LOC129523468	NC_073236.2	RABL2A	NC_073235.2	0.34	0.988	0.915	0.5201
LOC129524669	NC_073237.2	LOC129530383	NC_073248.2	0.34	0.82	0.805	0.0932
LOC129533402	NC_073228.2	LOC129534177	NC_073229.2	0.34	0.967	0.84	0.1146
LOC129534177	NC_073229.2	LOC134758137	NC_086017.1	0.34	0.988	0.788	0.1584
LOC129534780	NC_073230.2	LOC134756800	NC_073236.2	0.34	0.97	0.949	0.1045
NLGN4X	NC_073247.2	NLGN4Y	NC_073248.2	0.34	0.97	0.914	0.1418
LOC101148918	NC_073224.2	LOC129524261	NC_073231.2	0.339	0.954	0.95	0.0518
LOC101149650	NC_073228.2	SH3KBP1	NC_073247.2	0.339	0.997	0.729	0.1949
LOC115931242	NC_073224.2	SPTBN5	NC_073240.2	0.339	0.988	0.986	0.5016
LOC115936299	NC_073227.2	LOC129534780	NC_073230.2	0.339	0.967	0.955	0.0541
LOC129523511	NC_073227.2	LOC134756389	NC_073231.2	0.339	0.987	0.984	0.6741
ZNF626	NC_073244.2	ZNF92	NC_073230.2	0.339	0.824	0.807	0.0311
EIF3F	NC_073233.2	LOC129529649	NC_086018.1	0.338	0.958	0.955	0.1609
FGF7	NC_073240.2	LOC129526430	NC_073238.2	0.338	0.969	0.97	0.2402
LOC129524472	NC_073237.2	LOC129526431	NC_073238.2	0.338	0.966	0.742	0.1068
LOC129524559	NC_073237.2	LOC134757970	NC_086017.1	0.338	0.991	0.756	0.2293
LOC129526431	NC_073238.2	LOC129528228	NC_073241.2	0.338	0.948	0.724	0.084
LOC129526431	NC_073238.2	LOC129530304	NC_073248.2	0.338	0.957	0.724	0.0492
LOC129531693	NC_073236.2	ZNF20	NC_073244.2	0.338	0.981	0.872	0.0723
UTP14A	NC_073247.2	UTP14C	NC_073238.2	0.338	0.94	0.938	0.1552
LOC101137179	NC_073238.2	LOC101154144	NC_073235.2	0.337	0.891	0.919	0.2055
LOC101140783	NC_073230.2	SARNP	NC_073234.2	0.337	0.986	0.965	0.2757
LOC115936299	NC_073227.2	LOC129534554	NC_073229.2	0.337	0.918	0.932	0.0509
LOC129523553	NC_073227.2	LOC129526178	NC_073238.2	0.337	0.973	0.844	0.1845
LOC129525174	NC_073232.2	LOC129527884	NC_073243.2	0.337	0.994	0.727	0.1307
LOC129525641	NC_073234.2	SLC35F5	NC_073235.2	0.337	0.992	0.962	0.2771
LOC129525684	NC_073234.2	LOC129527884	NC_073243.2	0.337	0.996	0.757	0.1442
LOC129528458	NC_073241.2	LOC129529648	NC_086018.1	0.337	0.733	0.75	0.1542
GPAT4	NC_073231.2	LOC134758102	NC_086017.1	0.336	0.979	0.913	0.179
LOC101124648	NC_073224.2	LOC101148271	NC_073230.2	0.336	0.969	0.936	0.1298
LOC101124648	NC_073224.2	LOC134758136	NC_086017.1	0.336	0.958	0.888	0.0481
LOC115933182	NC_073230.2	LOC129527884	NC_073243.2	0.336	0.991	0.771	0.117
LOC115933227	NC_073227.2	LOC129527884	NC_073243.2	0.336	0.98	0.857	0.0615
LOC129523520	NC_073224.2	LOC129527105	NC_073240.2	0.336	0.987	0.765	0.1541
LOC129523684	NC_073230.2	LOC129528719	NC_073244.2	0.336	0.958	0.866	0.0501
LOC129525035	NC_073232.2	LOC129527151	NC_073224.2	0.336	0.95	0.865	0.0962
LOC129526437	NC_073238.2	SLC6A8	NC_073247.2	0.336	0.965	0.971	0.2698
LOC129526909	NC_073239.2	LOC129527884	NC_073243.2	0.336	0.991	0.743	0.1331
LOC129527884	NC_073243.2	LOC129532712	NC_073232.2	0.336	0.985	0.856	0.0576
LOC129527884	NC_073243.2	LOC134756358	NC_073242.2	0.336	0.985	0.855	0.0323
LOC129528236	NC_073241.2	LOC129530429	NC_073248.2	0.336	0.959	0.955	0.0492
LOC134758144	NC_086017.1	LOC134759134	NC_073231.2	0.336	0.975	0.89	0.2024
LOC101124648	NC_073224.2	LOC129527979	NC_073243.2	0.335	0.966	0.885	0.0768
LOC101127555	NC_073233.2	LOC101137179	NC_073238.2	0.335	0.903	0.919	0.1375
LOC101136188	NC_073228.2	LOC129523684	NC_073230.2	0.335	0.962	0.848	0.1957
LOC101137179	NC_073238.2	LOC101139366	NC_073236.2	0.335	0.851	0.894	0.0648
LOC101137179	NC_073238.2	LOC101140340	NC_086017.1	0.335	0.903	0.911	0.081
LOC101137179	NC_073238.2	LOC101152412	NC_073246.2	0.335	0.903	0.928	0.1282
LOC101137179	NC_073238.2	LOC101153588	NC_073228.2	0.335	0.897	0.919	0.0773
LOC101137179	NC_073238.2	LOC101154368	NC_073224.2	0.335	0.829	0.884	0.0813
LOC101137179	NC_073238.2	LOC115933479	NC_073233.2	0.335	0.897	0.927	0.1182
LOC101137179	NC_073238.2	PPIA	NC_073230.2	0.335	0.903	0.933	0.1238
LOC101137179	NC_073238.2	TMEM42	NC_086017.1	0.335	0.84	0.897	0.0783
LOC129527151	NC_073224.2	LOC129529606	NC_086018.1	0.335	0.952	0.809	0.0559
LOC129529385	NC_073246.2	LOC134756432	NC_073236.2	0.335	0.995	0.832	0.1066
LOC129529385	NC_073246.2	LOC134757222	NC_073240.2	0.335	0.995	0.832	0.1066
LGMN	NC_073239.2	LOC101150415	NC_073238.2	0.334	0.935	0.896	0.1407
LOC101130144	NC_073245.2	LOC101144977	NC_086018.1	0.334	0.95	0.76	0.0822
LOC115931857	NC_073246.2	ZNF519	NC_073241.2	0.334	0.989	0.823	0.1718
LOC115934976	NC_073229.2	LOC134757253	NC_073240.2	0.334	0.994	0.717	0.1929
LOC129525579	NC_073233.2	LOC129531748	NC_073236.2	0.334	0.991	0.922	0.5213
LOC129526003	NC_073234.2	LOC129531748	NC_073236.2	0.334	0.989	0.921	0.5185
LOC129527948	NC_073243.2	LOC129531748	NC_073236.2	0.334	0.989	0.921	0.5194
GGTLC1	NC_073245.2	LOC129529427	NC_086018.1	0.333	0.957	0.913	0.1165
LOC101139095	NC_073237.2	LOC115931567	NC_073244.2	0.333	0.845	0.869	0.0623
LOC101142817	NC_073234.2	PTMA	NC_073235.2	0.333	0.995	0.948	0.3198
LOC115933023	NC_073231.2	LOC129533127	NC_073227.2	0.333	0.944	0.838	0.0794
LOC115936298	NC_086018.1	LOC134758136	NC_086017.1	0.333	0.962	0.925	0.1062
LOC129524261	NC_073231.2	LOC134758136	NC_086017.1	0.333	0.958	0.784	0.1398
LOC129530496	NC_073246.2	LOC134756411	NC_086018.1	0.333	0.963	0.871	0.0482
LOC129530567	NC_073246.2	LOC134756411	NC_086018.1	0.333	0.963	0.873	0.0483
LOC129531557	NC_073224.2	LOC134757204	NC_073239.2	0.333	0.898	0.857	0.0419
DCAF4L1	NC_073227.2	DCAF4L2	NC_073231.2	0.332	0.841	0.851	0.0459
LOC101126445	NC_073247.2	LOC101144883	NC_073232.2	0.332	0.917	0.915	0.1056
LOC101144883	NC_073232.2	XRCC6	NC_086018.1	0.332	0.934	0.935	0.095
LOC115934041	NC_086017.1	LOC115936058	NC_073229.2	0.332	0.971	0.935	0.0875
LOC129525550	NC_073233.2	LOC134757253	NC_073240.2	0.332	0.973	0.952	0.231
LOC129527370	NC_073240.2	LOC129528141	NC_073231.2	0.332	0.993	0.847	0.0982
LOC134757815	NC_073224.2	SPTBN5	NC_073240.2	0.332	0.983	0.983	0.4441
LOC101127500	NC_073241.2	LOC109028042	NC_073231.2	0.331	0.919	0.697	0.0673
LOC101137179	NC_073238.2	LOC115932777	NC_073224.2	0.331	0.827	0.882	0.1044
LOC101137179	NC_073238.2	PPIAL4H	NC_073224.2	0.331	0.844	0.886	0.1111
LOC101143315	NC_073238.2	LOC115931078	NC_073242.2	0.331	0.963	0.944	0.1955
LOC101143315	NC_073238.2	LOC115931082	NC_073242.2	0.331	0.964	0.946	0.1965
LOC101143315	NC_073238.2	LOC115931087	NC_073242.2	0.331	0.964	0.946	0.1967
LOC115936299	NC_073227.2	LOC129533402	NC_073228.2	0.331	0.977	0.952	0.1127
LOC129524776	NC_073237.2	RPL21	NC_073238.2	0.331	0.967	0.869	0.1737
LOC129528466	NC_073241.2	LOC129530382	NC_073248.2	0.331	0.986	0.956	0.6
LOC101135138	NC_073234.2	LOC101137179	NC_073238.2	0.33	0.919	0.915	0.1011
LOC101137179	NC_073238.2	LOC101153289	NC_073232.2	0.33	0.872	0.919	0.0381
LOC101143315	NC_073238.2	NPAP1L	NC_073242.2	0.33	0.963	0.947	0.2025
LOC129526169	NC_073238.2	LOC129529709	NC_073247.2	0.33	0.914	0.925	0.0599
LOC129529620	NC_086018.1	LOC129530379	NC_073248.2	0.33	0.906	0.785	0.0686
LOC129531205	NC_073240.2	LOC129531501	NC_073238.2	0.33	0.991	0.989	0.6296
KRT19	NC_073228.2	LOC101154396	NC_073234.2	0.329	0.912	0.881	0.0592
LOC101150049	NC_073234.2	LOC115931220	NC_073243.2	0.329	0.963	0.957	0.3096
LOC129523703	NC_073230.2	LOC129534569	NC_073229.2	0.329	0.975	0.841	0.0787
LOC129524036	NC_073243.2	LOC129534569	NC_073229.2	0.329	0.982	0.825	0.1175
LOC129524600	NC_073237.2	LOC129528445	NC_073241.2	0.329	0.993	0.936	0.4165
LOC129525023	NC_073232.2	LOC129534569	NC_073229.2	0.329	0.978	0.86	0.0748
LOC129527151	NC_073224.2	LOC134757796	NC_073245.2	0.329	0.963	0.93	0.2827
LOC129527370	NC_073240.2	LOC129534569	NC_073229.2	0.329	0.982	0.867	0.0582
LOC129533288	NC_073227.2	LOC129534569	NC_073229.2	0.329	0.975	0.873	0.0441
BCO2	NC_073233.2	TMEM212	NC_086017.1	0.328	0.94	0.879	0.0485
LOC101144812	NC_073241.2	LOC129527390	NC_073242.2	0.328	0.965	0.928	0.2274
LOC101148643	NC_073224.2	LOC134758802	NC_073230.2	0.328	0.919	0.81	0.1026
LOC115930101	NC_073244.2	LOC115931110	NC_073242.2	0.328	0.991	0.988	0.459
LOC115930786	NC_073240.2	YBX1	NC_073224.2	0.328	0.965	0.827	0.1049
LOC115933763	NC_073235.2	NOC2L	NC_073224.2	0.328	0.967	0.954	0.3419
LOC115936299	NC_073227.2	LOC129527979	NC_073243.2	0.328	0.949	0.921	0.111
LOC129525277	NC_073233.2	RPL23A	NC_073228.2	0.328	0.93	0.856	0.0685
LOC129528951	NC_073244.2	TEX264	NC_086017.1	0.328	0.859	0.813	0.0336
LOC129530381	NC_073248.2	LOC129531205	NC_073240.2	0.328	0.99	0.955	0.5605
LOC129532216	NC_073235.2	RHOQ	NC_073236.2	0.328	0.979	0.978	0.4268
LOC134757221	NC_073240.2	ZCCHC14	NC_073242.2	0.328	0.973	0.93	0.0325
LOC101125311	NC_073228.2	LOC101133404	NC_073243.2	0.327	0.964	0.97	0.1552
LOC101135427	NC_073244.2	LOC101153278	NC_073224.2	0.327	0.902	0.929	0.129
LOC109027802	NC_073232.2	LOC129532017	NC_073235.2	0.327	0.979	0.944	0.031
LOC109027802	NC_073232.2	LOC129534554	NC_073229.2	0.327	0.966	0.763	0.1314
LOC129524034	NC_073224.2	LOC134756358	NC_073242.2	0.327	0.985	0.9	0.0584
LOC129530384	NC_073248.2	LOC134756411	NC_086018.1	0.327	0.96	0.896	0.0443
LOC101137179	NC_073238.2	LOC134758505	NC_073224.2	0.326	0.924	0.892	0.0958
LOC101148827	NC_073237.2	LOC115935969	NC_073232.2	0.326	0.901	0.819	0.0426
LOC109027802	NC_073232.2	LOC134758144	NC_086017.1	0.326	0.969	0.798	0.0613
LOC109029260	NC_073234.2	MPHOSPH8	NC_073238.2	0.326	0.975	0.899	0.106
LOC115930101	NC_073244.2	SULT1A3	NC_073242.2	0.326	0.939	0.802	0.0855
LOC115931903	NC_073224.2	TACC1	NC_073231.2	0.326	0.993	0.955	0.2208
LOC129526805	NC_073239.2	LOC129527394	NC_073242.2	0.326	0.961	0.67	0.0424
LOC101136188	NC_073228.2	LOC129523855	NC_073230.2	0.325	0.966	0.835	0.1135
LOC101141213	NC_073234.2	LOC115932761	NC_073246.2	0.325	0.928	0.88	0.0927
LOC101141213	NC_073234.2	LOC129530568	NC_073246.2	0.325	0.928	0.88	0.093
LOC101148271	NC_073230.2	LOC109027802	NC_073232.2	0.325	0.972	0.837	0.1338
LOC109027802	NC_073232.2	LOC134758129	NC_086017.1	0.325	0.969	0.789	0.1149
LOC109027802	NC_073232.2	LOC134758137	NC_086017.1	0.325	0.969	0.809	0.072
LOC115936058	NC_073229.2	ZNF585A	NC_073244.2	0.325	0.934	0.902	0.0641
LOC129531748	NC_073236.2	LOC129532895	NC_073227.2	0.325	0.985	0.922	0.2666
IGSF3	NC_073224.2	LOC129528455	NC_073241.2	0.324	0.972	0.863	0.1751
LOC101124387	NC_073224.2	LOC101137179	NC_073238.2	0.324	0.911	0.915	0.0656
LOC101130407	NC_073230.2	LOC101143553	NC_073238.2	0.324	0.903	0.895	0.1152
LOC101137179	NC_073238.2	LOC101139294	NC_073228.2	0.324	0.935	0.914	0.0508
LOC101139095	NC_073237.2	LOC101144838	NC_073244.2	0.324	0.882	0.866	0.046
LOC101142646	NC_073244.2	ZNF735	NC_073230.2	0.324	0.783	0.839	0.0336
LOC101143315	NC_073238.2	LOC115935839	NC_073237.2	0.324	0.963	0.928	0.237
LOC115930151	NC_073240.2	LOC129529231	NC_073224.2	0.324	0.941	0.777	0.1722
LOC129523855	NC_073230.2	LOC134758128	NC_086017.1	0.324	0.951	0.958	0.083
LOC129526381	NC_073239.2	PRSS41	NC_073242.2	0.324	0.944	0.786	0.0543
LOC129526381	NC_073239.2	RGS20	NC_073231.2	0.324	0.944	0.801	0.0465
LOC129530307	NC_073248.2	LOC134757481	NC_073242.2	0.324	0.955	0.883	0.0384
ZNF600	NC_073244.2	ZNF860	NC_086017.1	0.324	0.836	0.749	0.0574
ZNF675	NC_073244.2	ZNF735	NC_073230.2	0.324	0.799	0.832	0.0367
LOC101127117	NC_073242.2	LOC101127516	NC_073230.2	0.323	0.845	0.835	0.0332
LOC115934976	NC_073229.2	LOC129524726	NC_073238.2	0.323	0.997	0.736	0.1845
LOC115934976	NC_073229.2	LOC129528280	NC_073241.2	0.323	0.996	0.7	0.1748
LOC129525579	NC_073233.2	LOC129534569	NC_073229.2	0.323	0.981	0.837	0.0868
ABHD17A	NC_073244.2	LOC101125106	NC_073228.2	0.322	0.979	0.977	0.1673
EIF1	NC_073228.2	LOC101129727	NC_073224.2	0.322	0.955	0.841	0.117
GNA11	NC_073244.2	LOC101149632	NC_073236.2	0.322	0.99	0.98	0.5122
KMT2C	NC_073230.2	LOC129526471	NC_073236.2	0.322	0.983	0.899	0.0319
LOC101124778	NC_073224.2	LOC115931576	NC_073244.2	0.322	0.785	0.798	0.0316
LOC101128844	NC_073230.2	LOC101137843	NC_073244.2	0.322	0.842	0.78	0.0492
LOC101136743	NC_073236.2	LOC129525411	NC_073233.2	0.322	0.999	0.916	0.5238
LOC101140864	NC_073238.2	LOC115933751	NC_073235.2	0.322	0.938	0.799	0.0683
LOC101141213	NC_073234.2	LOC129529649	NC_086018.1	0.322	0.907	0.854	0.0717
LOC101141213	NC_073234.2	LOC129531742	NC_073236.2	0.322	0.907	0.872	0.0736
LOC101141213	NC_073234.2	LOC134756925	NC_073237.2	0.322	0.902	0.876	0.0781
LOC101153373	NC_073245.2	LOC115931107	NC_073242.2	0.322	0.949	0.938	0.1077
LOC109023253	NC_073239.2	LOC115933483	NC_073233.2	0.322	0.957	0.961	0.1026
LOC129523934	NC_073230.2	LOC129527370	NC_073240.2	0.322	0.993	0.839	0.1389
LOC129526003	NC_073234.2	LOC129534569	NC_073229.2	0.322	0.978	0.84	0.0766
LOC129527948	NC_073243.2	LOC129534569	NC_073229.2	0.322	0.978	0.84	0.0768
ABCD1	NC_073247.2	LOC129531453	NC_073240.2	0.321	0.948	0.923	0.1087
HSPD1	NC_073235.2	LOC101150049	NC_073234.2	0.321	0.972	0.969	0.3449
LOC101132327	NC_073231.2	TMEM69	NC_073224.2	0.321	0.976	0.968	0.2507
LOC101136009	NC_073244.2	LOC101139095	NC_073237.2	0.321	0.851	0.858	0.0383
LOC115931421	NC_073241.2	LOC129534569	NC_073229.2	0.321	0.996	0.88	0.0591
LOC129523934	NC_073230.2	LOC129534569	NC_073229.2	0.321	1.0	0.855	0.0973
LOC129523959	NC_073224.2	LOC129534569	NC_073229.2	0.321	1.0	0.868	0.0783
LOC129524028	NC_073231.2	LOC129534569	NC_073229.2	0.321	0.996	0.898	0.0465
LOC129524833	NC_073239.2	LOC129534569	NC_073229.2	0.321	0.993	0.873	0.0673
LOC129525023	NC_073232.2	SLC35F5	NC_073235.2	0.321	0.993	0.939	0.267
LOC129525411	NC_073233.2	LOC129534569	NC_073229.2	0.321	0.993	0.824	0.0575
LOC129526580	NC_073242.2	LOC129534569	NC_073229.2	0.321	1.0	0.87	0.0805
LOC129528141	NC_073231.2	LOC129534569	NC_073229.2	0.321	0.996	0.783	0.1325
LOC129528719	NC_073244.2	LOC129534569	NC_073229.2	0.321	0.996	0.904	0.0426
LOC129529231	NC_073224.2	LOC129530307	NC_073248.2	0.321	0.959	0.881	0.064
LOC129530133	NC_073247.2	LOC129534569	NC_073229.2	0.321	1.0	0.871	0.0827
LOC129530307	NC_073248.2	LOC134758129	NC_086017.1	0.321	0.95	0.849	0.0981
LOC129530307	NC_073248.2	LOC134758137	NC_086017.1	0.321	0.954	0.845	0.0534
LOC129530544	NC_073236.2	LOC129530564	NC_073246.2	0.321	0.996	0.941	0.4332
LOC129532627	NC_086017.1	LOC129534569	NC_073229.2	0.321	1.0	0.909	0.0526
LOC129532895	NC_073227.2	LOC129534569	NC_073229.2	0.321	1.0	0.874	0.089
LOC129534569	NC_073229.2	LOC134759270	NC_073232.2	0.321	0.993	0.886	0.0526
LOC129534569	NC_073229.2	SLC35F5	NC_073235.2	0.321	0.993	0.919	0.0359
ATP6V0C	NC_073242.2	LOC101141284	NC_073229.2	0.32	0.919	0.92	0.0767
LETM1	NC_073227.2	LOC134757964	NC_073248.2	0.32	0.99	0.925	0.2952
LOC101125304	NC_073242.2	LOC101153373	NC_073245.2	0.32	0.968	0.927	0.1243
LOC101125429	NC_073227.2	RTN3	NC_073233.2	0.32	0.982	0.97	0.1871
LOC101125671	NC_073242.2	LOC101153373	NC_073245.2	0.32	0.962	0.941	0.1024
LOC101136188	NC_073228.2	LOC129524261	NC_073231.2	0.32	0.962	0.837	0.185
LOC101139095	NC_073237.2	ZNF626	NC_073244.2	0.32	0.863	0.849	0.0505
LOC101139095	NC_073237.2	ZNF738	NC_073244.2	0.32	0.859	0.868	0.0445
LOC101142049	NC_073237.2	PHB1	NC_073228.2	0.32	0.923	0.735	0.0467
LOC101148643	NC_073224.2	LOC129533569	NC_073228.2	0.32	0.969	0.962	0.2101
LOC129524261	NC_073231.2	LOC129529231	NC_073224.2	0.32	0.964	0.935	0.2362
LOC129525550	NC_073233.2	LOC129528280	NC_073241.2	0.32	0.973	0.935	0.2241
LOC129525550	NC_073233.2	LOC129534573	NC_073229.2	0.32	0.97	0.931	0.2047
LOC129525550	NC_073233.2	LOC134758964	NC_073230.2	0.32	0.971	0.979	0.0949
LOC129527796	NC_073242.2	LOC129530307	NC_073248.2	0.32	0.959	0.839	0.0558
DOC2B	NC_073243.2	LOC115933091	NC_073233.2	0.319	0.985	0.735	0.0791
LOC129532017	NC_073235.2	LOC134758137	NC_086017.1	0.319	0.988	0.883	0.0509
LOC109027802	NC_073232.2	LOC134756357	NC_073224.2	0.318	0.975	0.946	0.0387
LOC115932637	NC_073240.2	LOC134758137	NC_086017.1	0.318	0.983	0.883	0.0399
LOC115932756	NC_073240.2	LOC129523503	NC_073236.2	0.318	0.994	0.882	0.0579
LOC115936298	NC_086018.1	LOC129533127	NC_073227.2	0.318	0.954	0.739	0.064
LOC129524261	NC_073231.2	LOC129533127	NC_073227.2	0.318	0.951	0.812	0.104
LOC129528719	NC_073244.2	LOC129533127	NC_073227.2	0.318	0.951	0.867	0.0405
LOC134757598	NC_073243.2	SETSIP	NC_073224.2	0.318	0.922	0.916	0.0824
LOC115932954	NC_073238.2	LOC129523503	NC_073236.2	0.317	0.995	0.874	0.0591
LOC115936014	NC_073232.2	TMEM80	NC_073233.2	0.317	0.998	0.784	0.119
LOC115936299	NC_073227.2	LOC134758136	NC_086017.1	0.317	0.918	0.905	0.0387
LOC129523855	NC_073230.2	LOC134758137	NC_086017.1	0.317	0.957	0.884	0.0392
LOC129526444	NC_073238.2	SLX9	NC_073246.2	0.317	0.974	0.91	0.3136
LOC129534780	NC_073230.2	LOC134756357	NC_073224.2	0.317	0.981	0.952	0.0722
LOC115933219	NC_073245.2	LOC129526550	NC_073239.2	0.316	0.971	0.942	0.1547
LOC129524261	NC_073231.2	LOC129534780	NC_073230.2	0.316	0.94	0.879	0.0946
LOC134756976	NC_073238.2	SLX9	NC_073246.2	0.316	0.97	0.907	0.3064
ACTR3B	NC_073230.2	LOC129526381	NC_073239.2	0.315	0.954	0.893	0.1026
LOC101134365	NC_073247.2	LOC129533589	NC_073228.2	0.315	0.935	0.934	0.0702
LOC101142999	NC_073244.2	LOC134759322	NC_073233.2	0.315	0.809	0.729	0.0304
LOC101148918	NC_073224.2	LOC129534780	NC_073230.2	0.315	0.975	0.942	0.0343
LOC115932637	NC_073240.2	LOC129534780	NC_073230.2	0.315	0.978	0.953	0.06
LOC115934041	NC_086017.1	LOC129524559	NC_073237.2	0.315	0.976	0.953	0.0627
LOC115936312	NC_086017.1	LOC129527542	NC_073242.2	0.315	0.937	0.82	0.1221
LOC129525035	NC_073232.2	LOC134757253	NC_073240.2	0.315	0.948	0.841	0.0898
LOC129528467	NC_073241.2	LOC129530544	NC_073236.2	0.315	0.985	0.927	0.4
LOC129528719	NC_073244.2	LOC129534780	NC_073230.2	0.315	0.951	0.9	0.0466
LOC129532621	NC_086017.1	LOC134759134	NC_073231.2	0.315	0.985	0.834	0.1946
LOC129532621	NC_086017.1	LOC134759136	NC_073231.2	0.315	0.985	0.811	0.196
LOC129534780	NC_073230.2	LOC134758136	NC_086017.1	0.315	0.981	0.761	0.1446
LOC134757391	NC_073241.2	TPTE2	NC_073238.2	0.315	0.97	0.881	0.1495
LOC101125151	NC_073236.2	LOC101153588	NC_073228.2	0.314	0.927	0.922	0.0815
LOC101144552	NC_073235.2	LOC115932637	NC_073240.2	0.314	0.983	0.869	0.2531
LOC129523881	NC_073230.2	LOC129533127	NC_073227.2	0.314	0.921	0.892	0.0941
LOC129528719	NC_073244.2	LOC134758127	NC_086017.1	0.314	0.94	0.924	0.0923
LOC129530307	NC_073248.2	LOC129534554	NC_073229.2	0.314	0.958	0.865	0.1051
LOC129530307	NC_073248.2	LOC134758127	NC_086017.1	0.314	0.963	0.786	0.0946
LOC129530307	NC_073248.2	LOC134758128	NC_086017.1	0.314	0.963	0.782	0.1022
LOC129532621	NC_086017.1	LOC134757481	NC_073242.2	0.314	0.968	0.812	0.0995
EEF2KMT	NC_073242.2	LOC101133440	NC_073231.2	0.313	0.954	0.939	0.1869
IL9R	NC_073247.2	LOC101126682	NC_073232.2	0.313	0.91	0.919	0.0662
LOC101140122	NC_073228.2	LOC115930237	NC_073234.2	0.313	0.969	0.939	0.2917
LOC101149650	NC_073228.2	LOC129528259	NC_073241.2	0.313	1.0	0.937	0.1031
LOC101149650	NC_073228.2	LOC129528733	NC_073233.2	0.313	1.0	0.937	0.1031
LOC109023253	NC_073239.2	PTMA	NC_073235.2	0.313	0.982	0.943	0.1656
LOC129525551	NC_073233.2	LOC134759140	NC_073224.2	0.313	0.85	0.793	0.1456
LOC129526137	NC_073238.2	LOC129527066	NC_073240.2	0.313	0.989	0.722	0.1478
LOC129530466	NC_073238.2	LOC129530496	NC_073246.2	0.313	0.973	0.911	0.1783
LOC129530466	NC_073238.2	LOC129530567	NC_073246.2	0.313	0.973	0.912	0.1788
LOC101129569	NC_086018.1	LOC115931276	NC_073229.2	0.312	0.92	0.768	0.0633
LOC101149491	NC_086018.1	LOC115931276	NC_073229.2	0.312	0.919	0.801	0.0649
LOC115931276	NC_073229.2	LOC115931970	NC_086018.1	0.312	0.919	0.768	0.0633
LOC115931276	NC_073229.2	LOC115931980	NC_086018.1	0.312	0.919	0.769	0.0634
LOC115931276	NC_073229.2	LOC129529612	NC_086018.1	0.312	0.917	0.801	0.0722
LOC115931276	NC_073229.2	LOC129529613	NC_086018.1	0.312	0.916	0.77	0.0593
LOC115931276	NC_073229.2	LOC134757612	NC_073243.2	0.312	0.945	0.952	0.1311
LOC115931568	NC_073244.2	ZNF92	NC_073230.2	0.312	0.818	0.735	0.0338
LOC129523572	NC_073240.2	LOC134757391	NC_073241.2	0.312	0.974	0.944	0.1872
LOC129523855	NC_073230.2	LOC129534554	NC_073229.2	0.312	0.954	0.958	0.0943
LOC115931276	NC_073229.2	LOC129527970	NC_073243.2	0.311	0.947	0.814	0.1941
LOC129526437	NC_073238.2	LOC129527390	NC_073242.2	0.311	0.967	0.924	0.2357
LOC129533402	NC_073228.2	LOC134758129	NC_086017.1	0.311	0.959	0.963	0.1284
LOC134757481	NC_073242.2	LOC134758129	NC_086017.1	0.311	0.969	0.869	0.0702
LOC101128844	NC_073230.2	LOC101139095	NC_073237.2	0.31	0.838	0.875	0.0374
LOC115932756	NC_073240.2	LOC129526389	NC_073238.2	0.31	0.989	0.839	0.0758
LOC115934041	NC_086017.1	LOC129524726	NC_073238.2	0.31	0.97	0.925	0.089
LOC129523820	NC_073230.2	LOC129524832	NC_073232.2	0.31	0.98	0.723	0.1022
ANKRD30A	NC_073232.2	LOC115933107	NC_073238.2	0.309	0.873	0.794	0.0558
LOC101136353	NC_073224.2	SPTBN5	NC_073240.2	0.309	0.984	0.985	0.4874
LOC101142266	NC_073244.2	LOC134759322	NC_073233.2	0.309	0.831	0.738	0.0341
LOC109026093	NC_086017.1	LOC115935008	NC_073229.2	0.309	0.923	0.851	0.0517
LOC129525556	NC_073233.2	LOC134756357	NC_073224.2	0.309	0.973	0.958	0.2512
LOC129529231	NC_073224.2	LOC129533402	NC_073228.2	0.309	0.975	0.885	0.1752
LOC129529231	NC_073224.2	LOC134757481	NC_073242.2	0.309	0.974	0.839	0.1478
LOC129534707	NC_073224.2	SPTBN5	NC_073240.2	0.309	0.986	0.986	0.5035
ZNF681	NC_073244.2	ZNF735	NC_073230.2	0.309	0.818	0.839	0.0387
LOC101129569	NC_086018.1	LOC115932887	NC_073243.2	0.308	0.911	0.761	0.054
LOC101148271	NC_073230.2	LOC129530307	NC_073248.2	0.308	0.976	0.884	0.0786
LOC101149491	NC_086018.1	LOC115932887	NC_073243.2	0.308	0.91	0.791	0.0555
LOC115931970	NC_086018.1	LOC115932887	NC_073243.2	0.308	0.91	0.761	0.054
LOC115931980	NC_086018.1	LOC115932887	NC_073243.2	0.308	0.91	0.762	0.0541
LOC115932097	NC_073247.2	TERF1	NC_073231.2	0.308	0.974	0.952	0.263
LOC115932887	NC_073243.2	LOC129529612	NC_086018.1	0.308	0.909	0.789	0.0623
LOC115932887	NC_073243.2	LOC129529613	NC_086018.1	0.308	0.907	0.75	0.0518
LOC129524036	NC_073243.2	LOC129527370	NC_073240.2	0.308	0.992	0.847	0.1075
LOC129524669	NC_073237.2	LOC129530496	NC_073246.2	0.308	0.988	0.908	0.2372
LOC129524669	NC_073237.2	LOC129530567	NC_073246.2	0.308	0.988	0.91	0.2342
LOC129525556	NC_073233.2	LOC129534780	NC_073230.2	0.308	0.955	0.858	0.0714
LOC129525983	NC_073234.2	LOC129526381	NC_073239.2	0.308	0.956	0.927	0.0439
LOC129529648	NC_086018.1	LOC129530496	NC_073246.2	0.308	0.985	0.893	0.2213
LOC129529648	NC_086018.1	LOC129530567	NC_073246.2	0.308	0.985	0.892	0.2114
LOC129530307	NC_073248.2	LOC129532621	NC_086017.1	0.308	0.971	0.863	0.0606
LOC129530307	NC_073248.2	LOC134758144	NC_086017.1	0.308	0.967	0.692	0.0444
LOC129530307	NC_073248.2	LOC134759134	NC_073231.2	0.308	0.976	0.878	0.0467
LOC129530307	NC_073248.2	LOC134759135	NC_073231.2	0.308	0.957	0.911	0.0438
LOC129530307	NC_073248.2	LOC134759136	NC_073231.2	0.308	0.976	0.872	0.0471
LOC101142646	NC_073244.2	ZNF679	NC_073230.2	0.307	0.798	0.764	0.0439
LOC134757554	NC_073243.2	NUP50	NC_086018.1	0.307	0.93	0.915	0.1604
LOC101139046	NC_073228.2	LOC115931945	NC_086018.1	0.306	0.944	0.897	0.0537
LOC101148271	NC_073230.2	LOC129529231	NC_073224.2	0.306	0.953	0.964	0.3303
LOC109023156	NC_073240.2	LOC115930559	NC_073239.2	0.306	0.92	0.768	0.1064
LOC115933574	NC_073236.2	LOC129527242	NC_073240.2	0.306	0.99	0.986	0.4748
LOC129526431	NC_073238.2	LOC129530495	NC_073246.2	0.306	0.971	0.735	0.1094
EIF1	NC_073228.2	LOC109023875	NC_073236.2	0.305	0.934	0.88	0.1489
FUT5	NC_073244.2	LOC129524559	NC_073237.2	0.305	0.963	0.723	0.1008
LOC101125151	NC_073236.2	LOC101154368	NC_073224.2	0.305	0.901	0.898	0.0608
LOC129524559	NC_073237.2	LOC129529606	NC_086018.1	0.305	0.976	0.849	0.0556
USP32	NC_073228.2	USP6	NC_073243.2	0.305	0.964	0.831	0.2094
ZNF254	NC_073244.2	ZNF92	NC_073230.2	0.305	0.845	0.837	0.0339
FOXD4L1	NC_073235.2	LOC129524105	NC_073231.2	0.304	0.986	0.973	0.5719
LOC101125151	NC_073236.2	LOC101140340	NC_086017.1	0.304	0.911	0.889	0.0469
LOC101136188	NC_073228.2	LOC129532621	NC_086017.1	0.304	0.971	0.819	0.1232
LOC129523855	NC_073230.2	LOC129529231	NC_073224.2	0.304	0.972	0.928	0.1335
LOC129524261	NC_073231.2	LOC129533569	NC_073228.2	0.304	0.956	0.847	0.101
LOC129525035	NC_073232.2	LOC129528280	NC_073241.2	0.304	0.948	0.831	0.0998
LOC129525035	NC_073232.2	LOC129534573	NC_073229.2	0.304	0.948	0.831	0.0985
LOC129526389	NC_073238.2	LOC134756368	NC_073236.2	0.304	0.989	0.837	0.0771
LOC129526951	NC_073238.2	LOC129529663	NC_086018.1	0.304	0.923	0.801	0.0398
LOC129527151	NC_073224.2	ZNF585A	NC_073244.2	0.304	0.928	0.904	0.0512
LOC129532621	NC_086017.1	LOC129533402	NC_073228.2	0.304	0.969	0.896	0.1803
LOC134756800	NC_073236.2	LOC134757481	NC_073242.2	0.304	0.967	0.951	0.2722
ANKRD30A	NC_073232.2	LOC129526428	NC_073238.2	0.303	0.926	0.856	0.0585
LOC101144552	NC_073235.2	LOC134756800	NC_073236.2	0.303	0.965	0.957	0.1924
LOC115934326	NC_073227.2	VTI1B	NC_073239.2	0.303	0.946	0.827	0.0404
LOC129524656	NC_073237.2	LOC129526431	NC_073238.2	0.303	0.971	0.699	0.1308
LOC129526788	NC_073239.2	SF3B4	NC_073224.2	0.303	0.959	0.833	0.1328
LOC109028042	NC_073231.2	LOC115934314	NC_073227.2	0.302	0.942	0.76	0.1191
LOC115933574	NC_073236.2	LOC129527390	NC_073242.2	0.302	0.969	0.928	0.1709
LOC129526381	NC_073239.2	LOC129529663	NC_086018.1	0.302	0.922	0.785	0.059
LOC101137900	NC_073238.2	LOC129531862	NC_073236.2	0.301	0.937	0.786	0.0641
LOC101142646	NC_073244.2	ZNF92	NC_073230.2	0.301	0.806	0.763	0.0594
LOC115931276	NC_073229.2	LOC115932887	NC_073243.2	0.301	0.947	0.953	0.3194
LOC129526395	NC_073238.2	LOC129526550	NC_073239.2	0.301	0.981	0.84	0.125
LOC129530428	NC_073248.2	MXRA5	NC_073247.2	0.301	0.947	0.943	0.252
LOC101148918	NC_073224.2	LOC115930151	NC_073240.2	0.3	0.982	0.95	0.0902
LOC129524667	NC_073237.2	LOC129526431	NC_073238.2	0.3	0.971	0.856	0.0648
LOC129526431	NC_073238.2	LOC129528463	NC_073241.2	0.3	0.961	0.729	0.0699
LOC129528439	NC_073241.2	LOC129529648	NC_086018.1	0.3	0.752	0.739	0.1549
LOC101149650	NC_073228.2	PGM5	NC_073237.2	0.299	0.984	0.735	0.1247
LOC129523934	NC_073230.2	LOC129531748	NC_073236.2	0.299	0.981	0.923	0.3015
DPY19L2	NC_073234.2	LOC115935244	NC_073230.2	0.298	0.978	0.942	0.184
FUT5	NC_073244.2	LOC129529606	NC_086018.1	0.298	0.987	0.807	0.0648
LOC115931293	NC_073243.2	LOC115933216	NC_073230.2	0.298	0.822	0.783	0.0308
LOC115931293	NC_073243.2	LOC115935261	NC_073230.2	0.298	0.85	0.821	0.0391
LOC129534593	NC_073224.2	SPTBN5	NC_073240.2	0.298	0.986	0.966	0.46
BOD1	NC_073228.2	BOD1L2	NC_073241.2	0.297	0.902	0.893	0.0429
DOC2B	NC_073243.2	LOC115933227	NC_073227.2	0.297	0.978	0.976	0.4371
FKBP1A	NC_073245.2	FKBP1C	NC_073229.2	0.297	0.951	0.967	0.1807
LOC101143668	NC_073236.2	ZBTB45	NC_073244.2	0.297	0.91	0.91	0.1087
LOC101145945	NC_073244.2	ZNF679	NC_073230.2	0.297	0.804	0.841	0.0328
LOC115931576	NC_073244.2	ZNF679	NC_073230.2	0.297	0.806	0.823	0.0358
LOC129526431	NC_073238.2	LOC129529382	NC_073246.2	0.297	0.971	0.735	0.0649
LOC129526431	NC_073238.2	LOC129530569	NC_073246.2	0.297	0.98	0.738	0.0782
ODF2L	NC_073224.2	TMEM212	NC_086017.1	0.297	0.928	0.864	0.0417
LOC115932637	NC_073240.2	LOC134756800	NC_073236.2	0.296	0.967	0.962	0.2095
LOC129524600	NC_073237.2	LOC129530544	NC_073236.2	0.296	0.992	0.99	0.5468
LOC129533126	NC_073227.2	LOC129533569	NC_073228.2	0.296	0.96	0.907	0.1612
HIGD2B	NC_073240.2	LOC101136214	NC_086017.1	0.295	0.865	0.703	0.0502
LOC101125151	NC_073236.2	LOC115933479	NC_073233.2	0.295	0.94	0.914	0.0894
LOC101133914	NC_073237.2	LOC101153373	NC_073245.2	0.295	0.903	0.893	0.0333
LOC101135429	NC_073245.2	LOC101144977	NC_086018.1	0.295	0.956	0.914	0.1653
LOC109024451	NC_073246.2	LOC109029387	NC_073238.2	0.295	0.899	0.822	0.1304
LOC129525551	NC_073233.2	LOC129531557	NC_073224.2	0.295	0.879	0.864	0.063
LOC129526612	NC_073239.2	QRSL1	NC_073229.2	0.295	0.926	0.894	0.1107
LOC129528441	NC_073241.2	LOC129530544	NC_073236.2	0.295	0.993	0.99	0.6152
LOC129533126	NC_073227.2	LOC134756800	NC_073236.2	0.295	0.865	0.764	0.147
LOC134757253	NC_073240.2	ZNF585A	NC_073244.2	0.295	0.94	0.912	0.0672
ZNF430	NC_073244.2	ZNF679	NC_073230.2	0.295	0.825	0.792	0.0393
LOC129524654	NC_073237.2	LOC129530544	NC_073236.2	0.294	0.993	0.968	0.5695
LOC129526431	NC_073238.2	LOC129528443	NC_073241.2	0.294	0.99	0.706	0.1069
LOC129527242	NC_073240.2	SLC6A8	NC_073247.2	0.294	0.966	0.968	0.2843
LOC129530544	NC_073236.2	LOC134756446	NC_073246.2	0.294	0.989	0.981	0.3889
GOLGA6L7	NC_073240.2	LOC101137218	NC_073243.2	0.293	0.957	0.945	0.2755
LOC101128212	NC_073238.2	OTOP1	NC_073227.2	0.293	0.95	0.94	0.2179
LOC101134557	NC_073242.2	LOC115934567	NC_073228.2	0.293	0.98	0.9	0.1048
LOC101139095	NC_073237.2	LOC101147715	NC_073244.2	0.293	0.84	0.891	0.0319
LOC101148918	NC_073224.2	LOC129523684	NC_073230.2	0.293	0.965	0.88	0.031
LOC115931710	NC_073238.2	OTOP1	NC_073227.2	0.293	0.95	0.938	0.204
LOC129523934	NC_073230.2	LOC129525579	NC_073233.2	0.293	0.992	0.983	0.4592
LOC129523934	NC_073230.2	LOC129526003	NC_073234.2	0.293	0.989	0.981	0.423
LOC129523934	NC_073230.2	LOC129527948	NC_073243.2	0.293	0.989	0.981	0.4162
GOLGA6L7	NC_073240.2	LOC115931294	NC_073243.2	0.292	0.958	0.945	0.2682
GOLGA6L7	NC_073240.2	LOC134757625	NC_073243.2	0.292	0.958	0.946	0.2744
LOC101142904	NC_073246.2	LOC115933219	NC_073245.2	0.292	0.947	0.897	0.0673
LOC101149662	NC_073232.2	LOC115935026	NC_073229.2	0.292	0.945	0.804	0.1004
LOC115932097	NC_073247.2	LOC134756956	NC_073238.2	0.292	0.948	0.916	0.2352
ALG1	NC_073242.2	LOC101130727	NC_073233.2	0.291	0.974	0.914	0.1402
LOC101131139	NC_073231.2	PCBP2	NC_073234.2	0.291	0.978	0.938	0.0734
LOC101136048	NC_073232.2	RAMAC	NC_073240.2	0.291	0.946	0.819	0.0672
LOC101136772	NC_073232.2	RAMAC	NC_073240.2	0.291	0.936	0.889	0.0553
LOC101144369	NC_073238.2	LOC129527278	NC_073236.2	0.291	0.984	0.949	0.1579
LOC109023253	NC_073239.2	LOC115935586	NC_073231.2	0.291	0.963	0.974	0.1818
LOC129525065	NC_073232.2	LOC129529231	NC_073224.2	0.291	0.929	0.908	0.0538
EIF3F	NC_073233.2	LOC134757413	NC_073241.2	0.29	0.942	0.949	0.1833
LOC101133679	NC_073231.2	LOC109025874	NC_073235.2	0.29	0.852	0.859	0.0404
LOC101133914	NC_073237.2	LOC129527364	NC_073242.2	0.29	0.885	0.809	0.0377
LOC101137661	NC_073235.2	LOC115930170	NC_073240.2	0.29	0.937	0.841	0.0676
LOC129523704	NC_073230.2	LOC134756488	NC_073233.2	0.29	0.991	0.773	0.1405
LOC129526381	NC_073239.2	ZNF20	NC_073244.2	0.29	0.966	0.934	0.0508
LOC134757796	NC_073245.2	ZNF585A	NC_073244.2	0.29	0.932	0.876	0.0476
LOC134759322	NC_073233.2	OR7D1	NC_073244.2	0.29	0.828	0.729	0.0334
AP2B1	NC_073228.2	LOC101146197	NC_073247.2	0.289	0.958	0.953	0.1771
LOC101124084	NC_073228.2	ZNF286A	NC_073243.2	0.288	0.984	0.972	0.5831
LOC101124778	NC_073224.2	ZNF595	NC_073227.2	0.288	0.807	0.752	0.0314
LOC101142993	NC_073229.2	LOC101143315	NC_073238.2	0.287	0.945	0.93	0.2449
LOC109023253	NC_073239.2	LOC115935008	NC_073229.2	0.287	0.888	0.922	0.0519
LOC115930148	NC_073230.2	LOC129529231	NC_073224.2	0.287	0.919	0.775	0.0435
LOC129525065	NC_073232.2	LOC129533126	NC_073227.2	0.287	0.967	0.924	0.0352
LOC129532624	NC_073230.2	LOC129533126	NC_073227.2	0.287	0.964	0.872	0.0676
LOC129533126	NC_073227.2	LOC134757481	NC_073242.2	0.287	0.97	0.909	0.0991
IGSF3	NC_073224.2	LOC129524658	NC_073237.2	0.286	0.97	0.863	0.1575
LOC101126771	NC_073230.2	LOC134757578	NC_073243.2	0.286	0.851	0.75	0.0504
LOC101132319	NC_073230.2	LOC134757578	NC_073243.2	0.286	0.851	0.748	0.0488
LOC101144552	NC_073235.2	LOC129533126	NC_073227.2	0.286	0.86	0.851	0.0689
LOC109023850	NC_073243.2	LOC109027415	NC_073229.2	0.286	0.974	0.887	0.1948
LOC115933216	NC_073230.2	LOC134757578	NC_073243.2	0.286	0.846	0.746	0.0442
LOC115935262	NC_073230.2	LOC134757578	NC_073243.2	0.286	0.844	0.743	0.0428
LOC115935297	NC_073230.2	LOC134757578	NC_073243.2	0.286	0.844	0.745	0.0493
LOC115935416	NC_073230.2	LOC134757578	NC_073243.2	0.286	0.851	0.753	0.053
LOC115935416	NC_073230.2	LOC134757579	NC_073243.2	0.286	0.853	0.762	0.0453
LOC129525556	NC_073233.2	LOC129533126	NC_073227.2	0.286	0.875	0.793	0.1357
LOC129533126	NC_073227.2	LOC134756357	NC_073224.2	0.286	0.863	0.814	0.0645
CDK2AP2	NC_073233.2	LOC115932907	NC_073236.2	0.285	0.887	0.851	0.041
LOC101124243	NC_073224.2	NOM1	NC_073230.2	0.285	0.987	0.981	0.4382
LOC101124778	NC_073224.2	LOC115931568	NC_073244.2	0.285	0.776	0.788	0.036
LOC101126771	NC_073230.2	LOC134757579	NC_073243.2	0.285	0.853	0.759	0.0429
LOC115933174	NC_073237.2	LOC129529648	NC_086018.1	0.285	0.759	0.8	0.2128
LOC101136743	NC_073236.2	LOC129534553	NC_073229.2	0.284	0.992	0.878	0.3818
LOC109024617	NC_086018.1	LOC129531870	NC_073236.2	0.284	0.921	0.839	0.0393
LOC115935297	NC_073230.2	LOC134757579	NC_073243.2	0.284	0.846	0.754	0.0417
LOC129524657	NC_073237.2	LOC129529427	NC_086018.1	0.284	0.962	0.774	0.1395
LOC129525065	NC_073232.2	LOC134756800	NC_073236.2	0.284	0.959	0.951	0.1072
LOC129526381	NC_073239.2	LOC129531693	NC_073236.2	0.284	0.965	0.863	0.136
LOC101144823	NC_073228.2	LOC134757612	NC_073243.2	0.283	0.925	0.867	0.0586
LOC101148271	NC_073230.2	LOC101148643	NC_073224.2	0.283	0.868	0.745	0.0314
LOC115931421	NC_073241.2	LOC129533288	NC_073227.2	0.283	0.995	0.774	0.3006
LOC101142646	NC_073244.2	ZNF722	NC_073230.2	0.282	0.854	0.82	0.035
LOC101143553	NC_073238.2	MIA2	NC_073239.2	0.282	0.932	0.93	0.112
LOC101148271	NC_073230.2	LOC101148918	NC_073224.2	0.282	0.959	0.955	0.0791
LOC115936058	NC_073229.2	LOC129525550	NC_073233.2	0.282	0.971	0.87	0.2098
LOC101147034	NC_073237.2	LOC101153071	NC_073234.2	0.281	0.94	0.763	0.031
EIF3F	NC_073233.2	LOC134757392	NC_073241.2	0.28	0.942	0.949	0.1855
EIF3F	NC_073233.2	LOC134757414	NC_073241.2	0.28	0.942	0.949	0.1893
LOC101128488	NC_073230.2	LOC129526381	NC_073239.2	0.28	0.965	0.878	0.043
LOC101136021	NC_073230.2	ZNF681	NC_073244.2	0.28	0.818	0.869	0.0368
LOC101143315	NC_073238.2	LOC109028392	NC_073237.2	0.279	0.964	0.936	0.2394
LOC109024451	NC_073246.2	LOC129526141	NC_073238.2	0.279	0.953	0.925	0.1163
LOC109024451	NC_073246.2	LOC134756400	NC_073238.2	0.279	0.953	0.925	0.1163
LOC129530379	NC_073248.2	LOC129530466	NC_073238.2	0.279	0.736	0.824	0.1563
LOC101132319	NC_073230.2	LOC134757579	NC_073243.2	0.278	0.853	0.76	0.0413
LOC115934567	NC_073228.2	LOC129527720	NC_073242.2	0.278	0.977	0.942	0.0346
LOC115934567	NC_073228.2	LOC129527721	NC_073242.2	0.278	0.977	0.912	0.0927
LOC129529657	NC_086018.1	LOC129530379	NC_073248.2	0.278	0.942	0.841	0.0793
FUT5	NC_073244.2	LOC129527151	NC_073224.2	0.277	0.963	0.668	0.0941
LOC101134946	NC_086018.1	LOC129523572	NC_073240.2	0.277	0.942	0.785	0.0345
LOC101137843	NC_073244.2	ZNF595	NC_073227.2	0.277	0.812	0.703	0.0305
LOC109028586	NC_073232.2	LOC115931062	NC_073242.2	0.277	0.949	0.914	0.0595
LOC115933174	NC_073237.2	LOC129529615	NC_086018.1	0.277	0.779	0.713	0.0577
LOC115934041	NC_086017.1	LOC134757796	NC_073245.2	0.277	0.972	0.916	0.0798
LOC115934564	NC_073228.2	ZRSR2	NC_073247.2	0.277	0.974	0.701	0.1101
LOC101124648	NC_073224.2	LOC115930151	NC_073240.2	0.276	0.971	0.888	0.0871
LOC101139703	NC_073237.2	LOC129526381	NC_073239.2	0.276	0.994	0.832	0.0551
LOC101144932	NC_073228.2	LOC129525065	NC_073232.2	0.276	0.993	0.953	0.0879
LOC101148643	NC_073224.2	LOC129525556	NC_073233.2	0.276	0.877	0.896	0.1732
LOC101148643	NC_073224.2	LOC134756800	NC_073236.2	0.276	0.871	0.877	0.1827
LOC101148918	NC_073224.2	LOC129534554	NC_073229.2	0.276	0.946	0.953	0.0401
LOC109025982	NC_073235.2	LOC109028157	NC_073237.2	0.276	0.905	0.652	0.0365
EIF3F	NC_073233.2	LOC129524668	NC_073237.2	0.275	0.94	0.946	0.1762
LOC115935290	NC_073230.2	LOC134757578	NC_073243.2	0.275	0.89	0.841	0.0618
LOC115935290	NC_073230.2	LOC134757579	NC_073243.2	0.275	0.893	0.841	0.0535
LOC115936299	NC_073227.2	LOC129523881	NC_073230.2	0.275	0.954	0.925	0.0786
LOC129528458	NC_073241.2	LOC129530466	NC_073238.2	0.275	0.803	0.758	0.172
RBMX	NC_073247.2	RBMXL1	NC_073224.2	0.275	0.972	0.761	0.2378
ZNF506	NC_073244.2	ZNF92	NC_073230.2	0.275	0.815	0.804	0.0369
LOC101124778	NC_073224.2	ZNF681	NC_073244.2	0.274	0.803	0.782	0.039
LOC101135809	NC_073237.2	LOC101147376	NC_073247.2	0.274	0.966	0.863	0.1504
LOC101148918	NC_073224.2	LOC134758128	NC_086017.1	0.274	0.939	0.939	0.0302
LOC109023796	NC_073243.2	TOMM5	NC_073237.2	0.274	0.942	0.896	0.1034
LOC115932637	NC_073240.2	LOC129529231	NC_073224.2	0.274	0.951	0.922	0.1018
LOC129526381	NC_073239.2	LOC129526951	NC_073238.2	0.274	0.992	0.783	0.0911
LOC129529231	NC_073224.2	LOC129532017	NC_073235.2	0.274	0.956	0.921	0.0895
FRG1	NC_073227.2	LOC115933219	NC_073245.2	0.273	0.961	0.892	0.0429
LOC101142646	NC_073244.2	ZNF595	NC_073227.2	0.273	0.768	0.677	0.0395
LOC101148643	NC_073224.2	LOC129532624	NC_073230.2	0.273	0.854	0.876	0.0893
LOC115931276	NC_073229.2	LOC134758421	NC_073228.2	0.273	0.952	0.798	0.1037
LOC129526398	NC_073238.2	LOC134756446	NC_073246.2	0.273	0.99	0.683	0.11
LOC129526957	NC_073236.2	LOC134756446	NC_073246.2	0.273	0.988	0.667	0.1003
LOC129529664	NC_086018.1	LOC129530379	NC_073248.2	0.273	0.951	0.84	0.0432
LOC134756446	NC_073246.2	LOC134757216	NC_073240.2	0.273	0.988	0.666	0.1012
LOC101144932	NC_073228.2	LOC115931432	NC_073242.2	0.272	0.976	0.964	0.0405
LOC115933216	NC_073230.2	LOC134757579	NC_073243.2	0.272	0.848	0.75	0.0375
LOC115935262	NC_073230.2	LOC134757579	NC_073243.2	0.272	0.846	0.754	0.036
LOC129528719	NC_073244.2	LOC129534177	NC_073229.2	0.272	0.946	0.922	0.0976
BLNK	NC_073232.2	LOC101152176	NC_073230.2	0.271	0.939	0.917	0.0379
LOC101137843	NC_073244.2	LOC101139095	NC_073237.2	0.271	0.867	0.865	0.0457
LOC101144932	NC_073228.2	LOC134756357	NC_073224.2	0.271	0.987	0.896	0.1075
LOC129525550	NC_073233.2	LOC134757970	NC_086017.1	0.271	0.972	0.793	0.1391
LOC129532624	NC_073230.2	LOC134756800	NC_073236.2	0.271	0.958	0.939	0.2095
LOC101124778	NC_073224.2	ZNF682	NC_073244.2	0.27	0.857	0.82	0.036
LOC101144932	NC_073228.2	LOC134759270	NC_073232.2	0.27	0.985	0.84	0.1594
LOC129532155	NC_073235.2	SNAI1	NC_073245.2	0.27	0.89	0.849	0.0381
LOC101125151	NC_073236.2	PPIA	NC_073230.2	0.269	0.944	0.901	0.0931
LOC101145945	NC_073244.2	ZNF695	NC_073224.2	0.269	0.722	0.703	0.0325
LOC109023877	NC_073243.2	LOC115931276	NC_073229.2	0.269	0.96	0.872	0.2726
LOC115936058	NC_073229.2	LOC129525035	NC_073232.2	0.269	0.944	0.776	0.097
LOC129529606	NC_086018.1	LOC134757796	NC_073245.2	0.269	0.975	0.739	0.0619
LOC134756439	NC_073224.2	TMEM212	NC_086017.1	0.269	0.919	0.828	0.0317
LOC134757776	NC_073224.2	SPTBN5	NC_073240.2	0.269	0.983	0.984	0.4552
ANKRD18A	NC_073237.2	LOC115935851	NC_073248.2	0.268	0.955	0.949	0.1409
ANKRD18B	NC_073237.2	LOC115935851	NC_073248.2	0.268	0.962	0.953	0.138
LOC101142783	NC_073237.2	LOC115935851	NC_073248.2	0.268	0.958	0.951	0.1665
LOC101148918	NC_073224.2	LOC129532621	NC_086017.1	0.268	0.982	0.916	0.0554
LOC101149535	NC_073237.2	LOC115935851	NC_073248.2	0.268	0.935	0.716	0.0456
LOC115932887	NC_073243.2	LOC134758421	NC_073228.2	0.268	0.953	0.788	0.1152
LOC115933023	NC_073231.2	LOC129525065	NC_073232.2	0.268	0.947	0.93	0.1069
LOC115933254	NC_073236.2	LOC115935851	NC_073248.2	0.268	0.954	0.948	0.1831
LOC129525411	NC_073233.2	LOC134759270	NC_073232.2	0.268	0.983	0.773	0.1336
LOC129525579	NC_073233.2	LOC129526580	NC_073242.2	0.268	0.994	0.986	0.6306
LOC129526003	NC_073234.2	LOC129526580	NC_073242.2	0.268	0.99	0.985	0.6103
LOC129526580	NC_073242.2	LOC129527948	NC_073243.2	0.268	0.99	0.984	0.6028
ZNF695	NC_073224.2	ZNF735	NC_073230.2	0.268	0.697	0.791	0.036
EIF3F	NC_073233.2	LOC129531742	NC_073236.2	0.267	0.969	0.949	0.1802
EIF3F	NC_073233.2	LOC134756925	NC_073237.2	0.267	0.969	0.952	0.1807
LOC101130727	NC_073233.2	LOC109023085	NC_073227.2	0.267	0.959	0.816	0.1238
LOC129525411	NC_073233.2	LOC129528719	NC_073244.2	0.267	0.99	0.723	0.1128
LOC129526002	NC_073234.2	LOC134758144	NC_086017.1	0.267	0.981	0.822	0.1236
LOC129529660	NC_086018.1	LOC129530379	NC_073248.2	0.267	0.956	0.896	0.0479
LOC101141855	NC_073242.2	LOC115934567	NC_073228.2	0.266	0.976	0.905	0.1987
LOC115931102	NC_073242.2	LOC115934567	NC_073228.2	0.266	0.93	0.933	0.0753
LOC115934567	NC_073228.2	LOC129527592	NC_073242.2	0.266	0.932	0.931	0.0923
LOC129527979	NC_073243.2	LOC134758137	NC_086017.1	0.266	0.963	0.69	0.0635
LOC129533402	NC_073228.2	LOC134757481	NC_073242.2	0.266	0.965	0.781	0.084
LOC134757481	NC_073242.2	LOC134758137	NC_086017.1	0.266	0.971	0.785	0.0678
CGNL1	NC_073240.2	LOC115935858	NC_073236.2	0.265	0.989	0.957	0.4242
LOC101129069	NC_073246.2	LOC101134946	NC_086018.1	0.265	0.962	0.711	0.0355
LOC101129613	NC_073238.2	LSP1	NC_073233.2	0.265	0.972	0.73	0.0684
LOC101134946	NC_086018.1	LOC129524661	NC_073237.2	0.265	0.972	0.667	0.0625
LOC101134946	NC_086018.1	LOC129528187	NC_073238.2	0.265	0.977	0.718	0.0657
LOC101134946	NC_086018.1	LOC129528194	NC_073241.2	0.265	0.972	0.713	0.0508
LOC101134946	NC_086018.1	LOC129528447	NC_073241.2	0.265	0.972	0.728	0.0563
LOC101134946	NC_086018.1	LOC129528453	NC_073241.2	0.265	0.972	0.667	0.0625
LOC101134946	NC_086018.1	LOC129528465	NC_073241.2	0.265	0.977	0.678	0.0629
LOC101134946	NC_086018.1	LOC129530391	NC_073248.2	0.265	0.972	0.708	0.0673
LOC101134946	NC_086018.1	LOC129530492	NC_073246.2	0.265	0.962	0.712	0.0381
LOC101134946	NC_086018.1	LOC129530571	NC_073246.2	0.265	0.962	0.704	0.0417
LOC101134946	NC_086018.1	LOC134757319	NC_073240.2	0.265	0.977	0.718	0.0646
LOC101134946	NC_086018.1	LOC134757391	NC_073241.2	0.265	0.977	0.717	0.0525
LOC129525065	NC_073232.2	LOC129525556	NC_073233.2	0.265	0.957	0.944	0.1136
LOC129530383	NC_073248.2	LOC129530487	NC_073246.2	0.265	0.817	0.714	0.083
LOC134756357	NC_073224.2	LOC134758137	NC_086017.1	0.265	0.967	0.871	0.0406
FRG1	NC_073227.2	LOC129529430	NC_086018.1	0.264	0.915	0.943	0.114
LOC129526437	NC_073238.2	LOC129527242	NC_073240.2	0.264	0.986	0.926	0.3227
LOC129527440	NC_073242.2	MTMR2	NC_073233.2	0.264	0.929	0.933	0.1747
LOC129529231	NC_073224.2	LOC129534780	NC_073230.2	0.264	0.948	0.797	0.0636
EIF3F	NC_073233.2	LOC134757415	NC_073241.2	0.263	0.944	0.949	0.1812
LOC129524726	NC_073238.2	LOC129525550	NC_073233.2	0.263	0.971	0.852	0.221
LOC129527370	NC_073240.2	LOC129530133	NC_073247.2	0.263	0.991	0.774	0.1243
LOC129528748	NC_073244.2	LOC134759136	NC_073231.2	0.263	0.991	0.907	0.1546
LOC129533288	NC_073227.2	LOC134759270	NC_073232.2	0.263	0.993	0.738	0.2626
LOC129534554	NC_073229.2	LOC134758129	NC_086017.1	0.263	0.986	0.814	0.1899
EIF3F	NC_073233.2	LOC115932761	NC_073246.2	0.262	0.965	0.947	0.198
EIF3F	NC_073233.2	LOC129530568	NC_073246.2	0.262	0.962	0.948	0.1926
LOC115931212	NC_073224.2	SPTBN5	NC_073240.2	0.262	0.988	0.982	0.381
LOC115932097	NC_073247.2	LOC129527234	NC_073238.2	0.262	0.944	0.902	0.1966
LOC115933574	NC_073236.2	SLC6A8	NC_073247.2	0.262	0.969	0.967	0.3463
LOC129523855	NC_073230.2	LOC129532621	NC_086017.1	0.262	0.953	0.867	0.0421
LOC129527970	NC_073243.2	LOC134758421	NC_073228.2	0.262	0.952	0.8	0.0787
LOC129529648	NC_086018.1	LOC129530383	NC_073248.2	0.262	0.832	0.78	0.108
CSNK1A1	NC_073228.2	CSNK1A1L	NC_073238.2	0.261	0.929	0.882	0.0459
LOC109027802	NC_073232.2	LOC134759133	NC_073231.2	0.261	0.979	0.938	0.0356
LOC109027802	NC_073232.2	LOC134759135	NC_073231.2	0.261	0.961	0.939	0.093
LOC115935261	NC_073230.2	LOC134757578	NC_073243.2	0.261	0.887	0.836	0.0566
LOC129523703	NC_073230.2	LOC129525579	NC_073233.2	0.261	0.995	0.992	0.7202
LOC129523703	NC_073230.2	LOC129526003	NC_073234.2	0.261	0.995	0.992	0.7166
LOC129523703	NC_073230.2	LOC129527948	NC_073243.2	0.261	0.993	0.991	0.7076
LOC129534780	NC_073230.2	LOC134757481	NC_073242.2	0.261	0.95	0.884	0.0422
LOC129534780	NC_073230.2	LOC134758129	NC_086017.1	0.261	0.94	0.68	0.0704
LOC134758128	NC_086017.1	LOC134759135	NC_073231.2	0.261	0.964	0.903	0.068
LOC101134318	NC_073227.2	TAF4B	NC_073241.2	0.26	0.931	0.79	0.0457
LOC115930184	NC_073234.2	LOC115936312	NC_086017.1	0.26	0.901	0.742	0.0751
LOC129534554	NC_073229.2	LOC134758137	NC_086017.1	0.26	0.991	0.767	0.1288
LOC101126289	NC_073244.2	LOC101128844	NC_073230.2	0.259	0.826	0.813	0.0323
LOC101136743	NC_073236.2	LOC115931421	NC_073241.2	0.259	0.999	0.849	0.2831
LOC101139095	NC_073237.2	ZNF92	NC_073230.2	0.259	0.857	0.85	0.0472
LOC115933174	NC_073237.2	LOC129529657	NC_086018.1	0.259	0.805	0.81	0.0745
LOC115934976	NC_073229.2	LOC129527151	NC_073224.2	0.259	0.954	0.721	0.1062
LOC129523881	NC_073230.2	LOC134758127	NC_086017.1	0.259	0.866	0.848	0.0404
EIF3F	NC_073233.2	LOC129529383	NC_073246.2	0.258	0.973	0.951	0.1884
LOC101124648	NC_073224.2	LOC101136188	NC_073228.2	0.258	0.979	0.824	0.091
LOC101134651	NC_073236.2	LOC101137900	NC_073238.2	0.258	0.922	0.839	0.1134
LOC129523704	NC_073230.2	LOC134758144	NC_086017.1	0.258	0.988	0.796	0.0968
LOC129525023	NC_073232.2	LOC129525579	NC_073233.2	0.258	0.993	0.978	0.5717
LOC129525023	NC_073232.2	LOC129526003	NC_073234.2	0.258	0.993	0.978	0.5663
LOC129525023	NC_073232.2	LOC129527948	NC_073243.2	0.258	0.992	0.978	0.5593
LOC129525035	NC_073232.2	LOC134757970	NC_086017.1	0.258	0.943	0.698	0.056
LOC129530379	NC_073248.2	LOC134756411	NC_086018.1	0.258	0.957	0.817	0.0338
LOC129523503	NC_073236.2	LOC129526389	NC_073238.2	0.257	0.985	0.988	0.4534
LOC129525065	NC_073232.2	LOC129532621	NC_086017.1	0.257	0.979	0.924	0.0379
LOC129526580	NC_073242.2	LOC129527370	NC_073240.2	0.257	0.996	0.782	0.1299
LOC129527242	NC_073240.2	LOC129527390	NC_073242.2	0.257	0.967	0.873	0.1792
LOC129528439	NC_073241.2	LOC129530383	NC_073248.2	0.257	0.914	0.901	0.1287
EIF3F	NC_073233.2	LOC129530380	NC_073248.2	0.256	0.958	0.947	0.1352
EIF3F	NC_073233.2	LOC129530488	NC_073246.2	0.256	0.977	0.951	0.1913
LOC101130248	NC_073244.2	ZNF595	NC_073227.2	0.256	0.818	0.82	0.0365
LOC101141990	NC_073241.2	LOC129527568	NC_073242.2	0.256	0.889	0.814	0.0724
LOC115932781	NC_073242.2	LOC115934567	NC_073228.2	0.256	0.937	0.933	0.0988
LOC115933071	NC_073242.2	LOC115934567	NC_073228.2	0.256	0.937	0.938	0.1058
LOC115933079	NC_073242.2	LOC115934567	NC_073228.2	0.256	0.937	0.937	0.1053
LOC115934567	NC_073228.2	LOC129527568	NC_073242.2	0.256	0.94	0.873	0.18
LOC115934567	NC_073228.2	NPIPB11	NC_073242.2	0.256	0.937	0.932	0.1048
LOC115936283	NC_073233.2	LOC115936312	NC_086017.1	0.256	0.96	0.877	0.1076
ANKRD30A	NC_073232.2	LOC115933177	NC_073240.2	0.255	0.855	0.839	0.0696
LOC101124648	NC_073224.2	LOC129532621	NC_086017.1	0.255	0.977	0.841	0.0446
LOC115933023	NC_073231.2	LOC134758802	NC_073230.2	0.255	0.896	0.903	0.0305
LOC115933269	NC_073227.2	LOC129532709	NC_086017.1	0.255	0.988	0.815	0.2246
LOC115934041	NC_086017.1	LOC129529606	NC_086018.1	0.255	0.981	0.905	0.1342
LOC129533569	NC_073228.2	LOC129534554	NC_073229.2	0.255	0.865	0.815	0.1153
C2CD4B	NC_073240.2	TMEM212	NC_086017.1	0.254	0.923	0.815	0.0321
LOC101127181	NC_073224.2	LOC101127980	NC_073241.2	0.254	0.831	0.82	0.0455
LOC101144552	NC_073235.2	LOC115934622	NC_073228.2	0.254	0.976	0.936	0.0787
LOC101148918	NC_073224.2	LOC115934622	NC_073228.2	0.254	0.97	0.96	0.0633
LOC115930603	NC_073239.2	RAB6A	NC_073233.2	0.254	0.963	0.949	0.2677
LOC115932637	NC_073240.2	LOC115934622	NC_073228.2	0.254	0.983	0.959	0.0741
LOC115934622	NC_073228.2	LOC115936299	NC_073227.2	0.254	0.936	0.933	0.0512
LOC115934622	NC_073228.2	LOC129523855	NC_073230.2	0.254	0.94	0.95	0.0952
LOC115934622	NC_073228.2	LOC129525065	NC_073232.2	0.254	0.983	0.935	0.0391
LOC115934622	NC_073228.2	LOC129532017	NC_073235.2	0.254	0.973	0.955	0.0735
LOC115934622	NC_073228.2	LOC129532624	NC_073230.2	0.254	0.973	0.868	0.0866
LOC115934622	NC_073228.2	LOC134757481	NC_073242.2	0.254	0.98	0.915	0.106
LOC129524833	NC_073239.2	LOC129527370	NC_073240.2	0.254	0.994	0.777	0.1168
FUT5	NC_073244.2	LOC115934976	NC_073229.2	0.253	0.963	0.659	0.0888
FUT5	NC_073244.2	LOC129524726	NC_073238.2	0.253	0.966	0.727	0.1063
FUT5	NC_073244.2	LOC129528280	NC_073241.2	0.253	0.966	0.682	0.0942
FUT5	NC_073244.2	LOC129534573	NC_073229.2	0.253	0.959	0.678	0.0802
FUT5	NC_073244.2	LOC134757253	NC_073240.2	0.253	0.966	0.671	0.1082
LOC101141990	NC_073241.2	LOC115932781	NC_073242.2	0.253	0.898	0.877	0.0434
LOC101141990	NC_073241.2	LOC115933071	NC_073242.2	0.253	0.893	0.891	0.042
LOC101141990	NC_073241.2	LOC115933079	NC_073242.2	0.253	0.895	0.882	0.0423
LOC101141990	NC_073241.2	NPIPB11	NC_073242.2	0.253	0.895	0.884	0.0421
LOC101143341	NC_073236.2	LOC115931038	NC_073242.2	0.253	0.977	0.908	0.1634
LOC129523511	NC_073227.2	RABL2A	NC_073235.2	0.253	0.987	0.98	0.5503
LOC101132707	NC_073224.2	PPP1R11	NC_073229.2	0.252	0.948	0.897	0.136
LOC101141990	NC_073241.2	LOC129527721	NC_073242.2	0.252	0.879	0.849	0.0431
LOC115930813	NC_073240.2	SYNGR2	NC_073228.2	0.252	0.944	0.945	0.2656
LOC129532017	NC_073235.2	LOC129534780	NC_073230.2	0.252	0.969	0.931	0.037
LOC129532621	NC_086017.1	LOC129534780	NC_073230.2	0.252	0.952	0.767	0.0682
LOC129534780	NC_073230.2	LOC134758137	NC_086017.1	0.252	0.952	0.732	0.0447
LOC129534780	NC_073230.2	LOC134759134	NC_073231.2	0.252	0.966	0.836	0.0538
LOC129534780	NC_073230.2	LOC134759136	NC_073231.2	0.252	0.966	0.833	0.0542
ACTR3B	NC_073230.2	LOC129531693	NC_073236.2	0.251	0.955	0.725	0.0911
LOC101124648	NC_073224.2	LOC115933023	NC_073231.2	0.251	0.952	0.957	0.1564
LOC101127980	NC_073241.2	LOC101151349	NC_073247.2	0.251	0.83	0.837	0.0347
LOC101144932	NC_073228.2	LOC134758144	NC_086017.1	0.251	0.978	0.738	0.08
LOC101152033	NC_073244.2	ZNF92	NC_073230.2	0.251	0.833	0.814	0.0395
LOC129523687	NC_073230.2	LOC129533569	NC_073228.2	0.251	0.901	0.916	0.0509
LOC129524726	NC_073238.2	LOC129525035	NC_073232.2	0.251	0.942	0.757	0.0847
LOC129525023	NC_073232.2	LOC134758144	NC_086017.1	0.251	0.99	0.783	0.0954
LOC129528719	NC_073244.2	LOC129534554	NC_073229.2	0.251	0.946	0.924	0.0921
LOC129534780	NC_073230.2	LOC134758144	NC_086017.1	0.251	0.959	0.69	0.0446
SRP19	NC_073228.2	ZRSR2	NC_073247.2	0.251	0.974	0.683	0.1048
LOC101134557	NC_073242.2	LOC101141990	NC_073241.2	0.25	0.88	0.869	0.0489
LOC101144552	NC_073235.2	LOC101148643	NC_073224.2	0.25	0.871	0.847	0.0794
LOC101148643	NC_073224.2	LOC129525065	NC_073232.2	0.25	0.868	0.934	0.0417
LOC101148643	NC_073224.2	LOC134757481	NC_073242.2	0.25	0.868	0.911	0.1142
LOC101136154	NC_086018.1	LRP5	NC_073233.2	0.249	0.897	0.902	0.0562
LOC101139095	NC_073237.2	LOC101151315	NC_073244.2	0.249	0.819	0.813	0.0486
LOC129523881	NC_073230.2	LOC134758128	NC_086017.1	0.249	0.882	0.86	0.0422
LOC129523959	NC_073224.2	LOC129527370	NC_073240.2	0.249	0.996	0.777	0.1206
LOC115934622	NC_073228.2	LOC134756800	NC_073236.2	0.248	0.969	0.965	0.2013
LOC115935261	NC_073230.2	LOC134757579	NC_073243.2	0.248	0.89	0.836	0.0491
LOC115934544	NC_073240.2	ZCCHC14	NC_073242.2	0.247	0.98	0.909	0.0348
LOC129525065	NC_073232.2	LOC134757481	NC_073242.2	0.247	0.975	0.898	0.1522
LOC129527278	NC_073236.2	LOC129529220	NC_073245.2	0.247	0.974	0.941	0.1303
LOC129528483	NC_073224.2	LOC129529733	NC_073247.2	0.247	0.893	0.9	0.0364
LOC134757324	NC_073240.2	ZCCHC14	NC_073242.2	0.247	0.98	0.905	0.0348
LOC101125151	NC_073236.2	TMEM42	NC_086017.1	0.246	0.869	0.89	0.0444
LOC101142904	NC_073246.2	LOC129529430	NC_086018.1	0.246	0.945	0.955	0.0943
LOC109025131	NC_073230.2	LOC129523553	NC_073227.2	0.246	0.96	0.899	0.0946
LOC109025131	NC_073230.2	LOC129533402	NC_073228.2	0.246	0.967	0.73	0.1308
LOC129523855	NC_073230.2	LOC134758136	NC_086017.1	0.246	0.946	0.883	0.0514
LOC129532017	NC_073235.2	LOC134756800	NC_073236.2	0.246	0.969	0.958	0.2151
LOC134756800	NC_073236.2	LOC134758802	NC_073230.2	0.246	0.884	0.874	0.041
LOC134758128	NC_086017.1	LOC134759134	NC_073231.2	0.246	0.983	0.851	0.0752
LOC134758128	NC_086017.1	LOC134759136	NC_073231.2	0.246	0.983	0.851	0.0758
KCNH2	NC_073230.2	KCNH6	NC_073228.2	0.245	0.856	0.77	0.0391
LOC101129569	NC_086018.1	LOC129527970	NC_073243.2	0.245	0.909	0.642	0.0453
LOC101146296	NC_073230.2	LOC129533127	NC_073227.2	0.245	0.654	0.743	0.0401
LOC101149491	NC_086018.1	LOC129527970	NC_073243.2	0.245	0.908	0.687	0.0499
LOC115931970	NC_086018.1	LOC129527970	NC_073243.2	0.245	0.908	0.641	0.0453
LOC115931980	NC_086018.1	LOC129527970	NC_073243.2	0.245	0.908	0.642	0.0454
LOC129527970	NC_073243.2	LOC129529612	NC_086018.1	0.245	0.906	0.686	0.0541
LOC129527970	NC_073243.2	LOC129529613	NC_086018.1	0.245	0.905	0.639	0.0429
ZNF681	NC_073244.2	ZNF722	NC_073230.2	0.245	0.826	0.825	0.0432
KMT2C	NC_073230.2	LOC129526385	NC_073238.2	0.244	0.978	0.801	0.0398
LOC101136188	NC_073228.2	LOC134758128	NC_086017.1	0.244	0.966	0.828	0.1202
LOC109028586	NC_073232.2	LOC129523555	NC_073242.2	0.244	0.88	0.865	0.0865
LOC115930151	NC_073240.2	LOC129523684	NC_073230.2	0.244	0.93	0.698	0.0622
LOC115933174	NC_073237.2	LOC129528439	NC_073241.2	0.244	0.988	0.894	0.3194
LOC129525035	NC_073232.2	LOC129525550	NC_073233.2	0.244	0.972	0.943	0.1519
LOC129527979	NC_073243.2	LOC134758128	NC_086017.1	0.244	0.953	0.793	0.0623
LOC129533402	NC_073228.2	LOC134758128	NC_086017.1	0.244	0.97	0.841	0.0909
ADGRA3	NC_073227.2	LOC129528335	NC_073241.2	0.243	0.979	0.719	0.0933
LOC101142996	NC_073244.2	LOC134759322	NC_073233.2	0.243	0.886	0.822	0.05
LOC101143345	NC_073243.2	TMEM212	NC_086017.1	0.243	0.873	0.863	0.0322
LOC129523684	NC_073230.2	LOC129532621	NC_086017.1	0.243	0.955	0.727	0.0769
LOC129529606	NC_086018.1	LOC134757253	NC_073240.2	0.243	0.976	0.815	0.0652
LOC101129569	NC_086018.1	LOC134757612	NC_073243.2	0.242	0.911	0.751	0.0419
LOC115931970	NC_086018.1	LOC134757612	NC_073243.2	0.242	0.91	0.751	0.0419
LOC115931980	NC_086018.1	LOC134757612	NC_073243.2	0.242	0.91	0.75	0.042
LOC129529613	NC_086018.1	LOC134757612	NC_073243.2	0.242	0.909	0.754	0.0415
LOC129533569	NC_073228.2	LOC134758136	NC_086017.1	0.242	0.858	0.796	0.0927
LOC129534744	NC_073230.2	RANBP1	NC_086018.1	0.242	0.986	0.755	0.068
ZFX	NC_073247.2	ZFY	NC_073248.2	0.242	0.935	0.758	0.0615
LOC101136021	NC_073230.2	ZNF675	NC_073244.2	0.241	0.841	0.866	0.0388
LOC101145464	NC_073247.2	SPC25	NC_073235.2	0.241	0.948	0.796	0.053
LOC109028586	NC_073232.2	LOC115931109	NC_073242.2	0.241	0.887	0.899	0.0566
LOC109028586	NC_073232.2	LOC115933350	NC_073242.2	0.241	0.892	0.907	0.0502
LOC109028586	NC_073232.2	LOC129527613	NC_073242.2	0.241	0.887	0.894	0.0557
LOC129524669	NC_073237.2	LOC129530466	NC_073238.2	0.241	0.951	0.929	0.3831
LOC129527019	NC_073240.2	SPC25	NC_073235.2	0.241	0.957	0.753	0.0588
PARP15	NC_086017.1	SPC25	NC_073235.2	0.241	0.96	0.869	0.0363
LOC101130521	NC_073230.2	LOC134757578	NC_073243.2	0.24	0.892	0.836	0.0332
LOC115930184	NC_073234.2	LOC115936283	NC_073233.2	0.24	0.924	0.872	0.0821
LOC129524018	NC_073231.2	LOC129531557	NC_073224.2	0.24	0.851	0.801	0.035
ABCD1	NC_073247.2	LOC129526471	NC_073236.2	0.239	0.953	0.837	0.1055
LOC101128844	NC_073230.2	LOC115931568	NC_073244.2	0.239	0.822	0.822	0.032
LOC129525023	NC_073232.2	LOC129527370	NC_073240.2	0.239	0.992	0.775	0.1133
LOC129527277	NC_073238.2	MAB21L3	NC_073224.2	0.239	0.932	0.777	0.0729
UBE2L3	NC_086018.1	UBE2L5	NC_073238.2	0.239	0.965	0.679	0.0754
LOC101140074	NC_073233.2	SPC25	NC_073235.2	0.238	0.954	0.825	0.0359
LOC101144552	NC_073235.2	LOC129532624	NC_073230.2	0.238	0.99	0.853	0.2282
LOC115932637	NC_073240.2	LOC129532624	NC_073230.2	0.238	0.988	0.909	0.2301
LOC129524261	NC_073231.2	LOC129527979	NC_073243.2	0.238	0.955	0.823	0.1089
LOC129524669	NC_073237.2	LOC129529657	NC_086018.1	0.238	0.784	0.836	0.101
LOC129524669	NC_073237.2	LOC129530379	NC_073248.2	0.238	0.985	0.846	0.2198
LOC129529648	NC_086018.1	LOC129530379	NC_073248.2	0.238	0.988	0.808	0.1939
LOC129532017	NC_073235.2	LOC129532624	NC_073230.2	0.238	0.989	0.913	0.2599
LOC134759152	NC_073232.2	SPC25	NC_073235.2	0.238	0.898	0.756	0.0307
LOC101141990	NC_073241.2	LOC115934567	NC_073228.2	0.237	0.858	0.756	0.1116
LOC101142904	NC_073246.2	LOC129530429	NC_073248.2	0.237	0.943	0.923	0.0634
LOC101148643	NC_073224.2	LOC115934622	NC_073228.2	0.237	0.971	0.964	0.3514
LOC129526409	NC_073238.2	LOC129529220	NC_073245.2	0.237	0.976	0.937	0.1438
DOC2B	NC_073243.2	LOC129532712	NC_073232.2	0.236	0.977	0.89	0.3727
LOC129528719	NC_073244.2	LOC134758136	NC_086017.1	0.236	0.943	0.88	0.0621
TRAPPC2	NC_073247.2	TRAPPC2B	NC_073244.2	0.236	0.936	0.918	0.2288
ALG1	NC_073242.2	ALG1L2	NC_086017.1	0.235	0.933	0.885	0.0707
CES5A	NC_073242.2	LOC101136153	NC_086018.1	0.235	0.947	0.8	0.0751
DOC2B	NC_073243.2	LOC134756358	NC_073242.2	0.235	0.977	0.945	0.2357
LOC101144552	NC_073235.2	LOC129525556	NC_073233.2	0.235	0.965	0.947	0.1677
LOC115932637	NC_073240.2	LOC129525556	NC_073233.2	0.235	0.965	0.95	0.1967
LOC129525556	NC_073233.2	LOC129532017	NC_073235.2	0.235	0.964	0.948	0.2136
LOC129525556	NC_073233.2	LOC134757481	NC_073242.2	0.235	0.966	0.896	0.2872
LOC129528280	NC_073241.2	LOC129529606	NC_086018.1	0.235	0.976	0.785	0.0564
LOC129528748	NC_073244.2	LOC134759134	NC_073231.2	0.235	0.991	0.893	0.1569
LOC129529606	NC_086018.1	LOC129534573	NC_073229.2	0.235	0.969	0.782	0.0485
LOC134758127	NC_086017.1	LOC134759135	NC_073231.2	0.235	0.964	0.879	0.0656
ANKRD30A	NC_073232.2	LOC101152383	NC_073240.2	0.234	0.863	0.807	0.1011
LOC101136743	NC_073236.2	LOC129524028	NC_073231.2	0.234	0.984	0.871	0.2979
LOC109028586	NC_073232.2	LOC115934567	NC_073228.2	0.234	0.909	0.806	0.1734
LOC115930148	NC_073230.2	LOC115936299	NC_073227.2	0.234	0.963	0.914	0.148
LOC115933023	NC_073231.2	LOC134756800	NC_073236.2	0.234	0.974	0.949	0.3806
LOC129524726	NC_073238.2	ZNF585A	NC_073244.2	0.234	0.936	0.88	0.0592
LOC129526003	NC_073234.2	LOC129533288	NC_073227.2	0.234	0.994	0.989	0.3543
LOC129527948	NC_073243.2	LOC129533288	NC_073227.2	0.234	0.994	0.988	0.3547
LOC101124648	NC_073224.2	LOC109025131	NC_073230.2	0.233	0.958	0.88	0.1454
LOC101149535	NC_073237.2	LOC115933254	NC_073236.2	0.233	0.929	0.654	0.0333
LOC129526395	NC_073238.2	LOC129529220	NC_073245.2	0.233	0.975	0.932	0.1264
LOC129532627	NC_086017.1	LOC129533288	NC_073227.2	0.233	0.993	0.716	0.2459
LOC101136188	NC_073228.2	LOC134758137	NC_086017.1	0.232	0.96	0.833	0.1125
LOC101148918	NC_073224.2	LOC134758137	NC_086017.1	0.232	0.976	0.926	0.0301
LOC115933023	NC_073231.2	LOC129525556	NC_073233.2	0.232	0.965	0.962	0.3479
LOC115936299	NC_073227.2	LOC134758137	NC_086017.1	0.232	0.965	0.909	0.0312
LOC129524018	NC_073231.2	LOC134757204	NC_073239.2	0.232	0.849	0.854	0.0583
LOC129529231	NC_073224.2	LOC134758137	NC_086017.1	0.232	0.972	0.778	0.1231
LOC134757204	NC_073239.2	LOC134759140	NC_073224.2	0.232	0.873	0.802	0.1216
LOC101126289	NC_073244.2	ZNF679	NC_073230.2	0.231	0.826	0.838	0.0336
LOC101144823	NC_073228.2	LOC115931276	NC_073229.2	0.231	0.935	0.916	0.1693
LOC115934622	NC_073228.2	LOC129523876	NC_073230.2	0.231	0.912	0.759	0.0411
LOC115934622	NC_073228.2	LOC134758922	NC_073230.2	0.231	0.912	0.755	0.0404
LOC101141990	NC_073241.2	LOC129527692	NC_073242.2	0.23	0.923	0.893	0.0332
LOC129525579	NC_073233.2	LOC129533288	NC_073227.2	0.23	0.991	0.99	0.3586
LOC129526002	NC_073234.2	LOC134756488	NC_073233.2	0.23	0.988	0.788	0.2426
ZNF679	NC_073230.2	ZNF681	NC_073244.2	0.23	0.794	0.828	0.0412
FUT5	NC_073244.2	LOC115936058	NC_073229.2	0.229	0.967	0.723	0.0997
LOC101152033	NC_073244.2	ZNF595	NC_073227.2	0.229	0.798	0.709	0.0302
PRSS41	NC_073242.2	RGS20	NC_073231.2	0.229	0.938	0.747	0.0373
LOC101130521	NC_073230.2	LOC134757579	NC_073243.2	0.228	0.892	0.829	0.0304
LOC101144823	NC_073228.2	LOC109023877	NC_073243.2	0.228	0.929	0.852	0.1213
LOC101152383	NC_073240.2	LOC115933525	NC_073238.2	0.228	0.992	0.746	0.0717
LOC115930151	NC_073240.2	LOC115936299	NC_073227.2	0.228	0.925	0.894	0.0602
LOC115935870	NC_073237.2	LOC129526554	NC_073239.2	0.228	0.818	0.702	0.0311
LOC115936299	NC_073227.2	LOC129523684	NC_073230.2	0.228	0.965	0.916	0.0717
LOC129524028	NC_073231.2	LOC129533288	NC_073227.2	0.228	0.991	0.691	0.2412
LOC129528439	NC_073241.2	LOC129530487	NC_073246.2	0.228	0.903	0.823	0.0887
ZNF679	NC_073230.2	ZNF695	NC_073224.2	0.228	0.824	0.778	0.0311
LOC101128844	NC_073230.2	LOC101152033	NC_073244.2	0.227	0.816	0.783	0.0435
LOC101144932	NC_073228.2	LOC134758137	NC_086017.1	0.227	0.976	0.746	0.085
LOC101148271	NC_073230.2	LOC115936299	NC_073227.2	0.227	0.925	0.89	0.066
LOC129524669	NC_073237.2	LOC129529620	NC_086018.1	0.227	0.963	0.818	0.0997
LOC129526550	NC_073239.2	LOC129527278	NC_073236.2	0.227	0.945	0.797	0.0983
LOC129533288	NC_073227.2	LOC129534553	NC_073229.2	0.227	0.991	0.696	0.2329
LOC101145839	NC_073237.2	PTEN	NC_073232.2	0.226	0.985	0.976	0.2539
ASB9	NC_073247.2	LOC101141853	NC_073240.2	0.225	0.943	0.938	0.091
LOC101127634	NC_073230.2	NREP	NC_073228.2	0.225	0.982	0.902	0.3453
LOC101127712	NC_073227.2	LOC129529069	NC_073245.2	0.225	0.893	0.826	0.0607
LOC101148457	NC_086018.1	TOR3A	NC_073224.2	0.225	0.938	0.744	0.0965
LOC129523881	NC_073230.2	LOC129534177	NC_073229.2	0.225	0.87	0.812	0.0425
FEM1A	NC_073244.2	LOC134756975	NC_073238.2	0.224	0.951	0.932	0.2186
LGALS8	NC_073224.2	LOC129527105	NC_073240.2	0.224	0.996	0.786	0.0823
LOC101128260	NC_073231.2	LOC115934341	NC_086017.1	0.224	0.945	0.953	0.2709
LOC101144823	NC_073228.2	LOC129529598	NC_086018.1	0.224	0.897	0.796	0.0489
LOC129525556	NC_073233.2	LOC129532624	NC_073230.2	0.224	0.961	0.954	0.2351
LOC129529231	NC_073224.2	LOC129532621	NC_086017.1	0.224	0.982	0.84	0.1964
LOC129529231	NC_073224.2	LOC134759134	NC_073231.2	0.224	0.984	0.741	0.1088
LOC129529231	NC_073224.2	LOC134759136	NC_073231.2	0.224	0.984	0.729	0.1095
SCP2	NC_073224.2	TUBB	NC_073229.2	0.224	0.89	0.893	0.0331
LOC101139095	NC_073237.2	LOC101142646	NC_073244.2	0.223	0.851	0.848	0.0584
LOC101141666	NC_073237.2	SMIM10L3	NC_073230.2	0.223	0.918	0.937	0.1607
LOC115930148	NC_073230.2	LOC134756357	NC_073224.2	0.223	0.887	0.763	0.0302
LOC115930151	NC_073240.2	LOC134758129	NC_086017.1	0.223	0.95	0.729	0.0708
LOC115933023	NC_073231.2	LOC115934622	NC_073228.2	0.223	0.969	0.951	0.1592
FEM1A	NC_073244.2	LOC101142994	NC_073238.2	0.222	0.952	0.943	0.2329
FEM1A	NC_073244.2	LOC129527203	NC_073238.2	0.222	0.953	0.926	0.2233
KHDC1	NC_073229.2	SMIM10L1	NC_073234.2	0.222	0.942	0.695	0.0479
LOC101142457	NC_073247.2	RABL2A	NC_073235.2	0.222	0.993	0.932	0.6076
LOC129523703	NC_073230.2	LOC129527370	NC_073240.2	0.222	0.992	0.763	0.09
LOC129528439	NC_073241.2	LOC129530496	NC_073246.2	0.222	0.872	0.81	0.0989
DAZ1	NC_073248.2	DAZL	NC_086017.1	0.221	0.901	0.913	0.0914
LOC101124648	NC_073224.2	LOC129525556	NC_073233.2	0.221	0.953	0.94	0.1921
LOC101128844	NC_073230.2	LOC101144838	NC_073244.2	0.221	0.839	0.737	0.0308
LOC101137462	NC_073244.2	SMIM10L1	NC_073234.2	0.221	0.94	0.909	0.0503
LOC115933023	NC_073231.2	LOC134757481	NC_073242.2	0.221	0.96	0.938	0.2463
LOC115934622	NC_073228.2	LOC129525556	NC_073233.2	0.221	0.977	0.899	0.1889
LOC115934622	NC_073228.2	LOC129533126	NC_073227.2	0.221	0.961	0.913	0.28
LOC115934622	NC_073228.2	LOC134756357	NC_073224.2	0.221	0.973	0.924	0.0796
LOC129525556	NC_073233.2	LOC129529231	NC_073224.2	0.221	0.963	0.849	0.1944
LOC129527796	NC_073242.2	LOC134758128	NC_086017.1	0.221	0.981	0.762	0.0525
LOC101137843	NC_073244.2	ZNF92	NC_073230.2	0.22	0.848	0.849	0.0468
LOC101144552	NC_073235.2	LOC115933023	NC_073231.2	0.22	0.961	0.913	0.1535
LOC101148918	NC_073224.2	LOC129532624	NC_073230.2	0.22	0.975	0.902	0.1239
LOC115933023	NC_073231.2	LOC129532017	NC_073235.2	0.22	0.956	0.931	0.1797
LOC115933023	NC_073231.2	LOC134756357	NC_073224.2	0.22	0.964	0.957	0.1792
LOC115936299	NC_073227.2	LOC129524261	NC_073231.2	0.22	0.966	0.895	0.0567
LOC129525550	NC_073233.2	LOC134757796	NC_073245.2	0.22	0.962	0.806	0.1772
LOC134758127	NC_086017.1	LOC134759134	NC_073231.2	0.22	0.983	0.848	0.0723
LOC134758127	NC_086017.1	LOC134759136	NC_073231.2	0.22	0.983	0.82	0.0728
LOC101144823	NC_073228.2	LOC129529614	NC_086018.1	0.219	0.897	0.8	0.0518
LOC129532026	NC_073224.2	SPTBN5	NC_073240.2	0.219	0.995	0.881	0.0439
LOC101124648	NC_073224.2	LOC115936298	NC_086018.1	0.218	0.963	0.807	0.0969
LOC101125455	NC_073244.2	LOC101148457	NC_086018.1	0.218	0.946	0.708	0.0369
LOC101136188	NC_073228.2	LOC129534554	NC_073229.2	0.218	0.976	0.847	0.1341
LOC101136188	NC_073228.2	LOC134758127	NC_086017.1	0.218	0.966	0.831	0.116
LOC101147259	NC_073237.2	LOC115935851	NC_073248.2	0.218	0.935	0.937	0.1085
LOC101148918	NC_073224.2	LOC134757481	NC_073242.2	0.218	0.973	0.916	0.1443
LOC115931947	NC_086018.1	LOC129526951	NC_073238.2	0.218	0.931	0.909	0.2009
LOC129527979	NC_073243.2	LOC134758127	NC_086017.1	0.218	0.953	0.767	0.0617
LOC129533402	NC_073228.2	LOC129534554	NC_073229.2	0.218	0.973	0.843	0.0957
LOC129533402	NC_073228.2	LOC134758127	NC_086017.1	0.218	0.97	0.826	0.0889
LOC129534554	NC_073229.2	LOC134759134	NC_073231.2	0.218	0.99	0.841	0.0816
LOC129534554	NC_073229.2	LOC134759136	NC_073231.2	0.218	0.99	0.815	0.0821
ZNF595	NC_073227.2	ZNF679	NC_073230.2	0.218	0.792	0.79	0.0328
LOC101124778	NC_073224.2	ZNF92	NC_073230.2	0.217	0.773	0.784	0.0325
LOC129525035	NC_073232.2	LOC134757796	NC_073245.2	0.217	0.937	0.693	0.0703
LOC129527979	NC_073243.2	LOC129534554	NC_073229.2	0.217	0.966	0.777	0.069
LOC129528748	NC_073244.2	LOC134758129	NC_086017.1	0.217	0.976	0.941	0.0375
LOC129529612	NC_086018.1	LOC134757612	NC_073243.2	0.217	0.908	0.732	0.0512
LOC134758129	NC_086017.1	LOC134759134	NC_073231.2	0.217	0.986	0.853	0.1113
LOC134758129	NC_086017.1	LOC134759136	NC_073231.2	0.217	0.986	0.853	0.1123
LOC101124648	NC_073224.2	LOC134756800	NC_073236.2	0.216	0.964	0.943	0.1787
LOC101137843	NC_073244.2	ZNF732	NC_073227.2	0.216	0.796	0.715	0.0305
LOC115930101	NC_073244.2	LOC134757470	NC_073242.2	0.216	0.931	0.742	0.0302
LOC129523684	NC_073230.2	LOC134758129	NC_086017.1	0.216	0.962	0.698	0.1031
LOC129523934	NC_073230.2	LOC129533288	NC_073227.2	0.216	0.989	0.839	0.2288
LOC129528439	NC_073241.2	LOC129530466	NC_073238.2	0.216	0.717	0.749	0.1751
LOC134756357	NC_073224.2	LOC134758129	NC_086017.1	0.216	0.969	0.948	0.0467
LOC134758129	NC_086017.1	LOC134759135	NC_073231.2	0.216	0.983	0.956	0.1033
LOC129524669	NC_073237.2	LOC129528458	NC_073241.2	0.215	0.829	0.786	0.2167
LOC129525410	NC_073233.2	LOC134757204	NC_073239.2	0.215	0.845	0.868	0.0885
LOC129527979	NC_073243.2	LOC134758129	NC_086017.1	0.215	0.959	0.8	0.0777
LOC134758129	NC_086017.1	LOC134759133	NC_073231.2	0.215	0.969	0.974	0.0376
LOC109024803	NC_073235.2	LOC115935870	NC_073237.2	0.214	0.806	0.693	0.0508
LOC115934041	NC_086017.1	LOC129525550	NC_073233.2	0.214	0.976	0.936	0.1182
LOC115936299	NC_073227.2	LOC129532621	NC_086017.1	0.214	0.969	0.91	0.0442
LOC129527884	NC_073243.2	LOC129532956	NC_073227.2	0.214	0.962	0.685	0.1129
LOC129532017	NC_073235.2	LOC134757481	NC_073242.2	0.214	0.985	0.945	0.3533
AKR1C3	NC_073232.2	LOC134758974	NC_073231.2	0.213	0.921	0.732	0.0317
KMT2C	NC_073230.2	LOC129526398	NC_073238.2	0.213	0.979	0.882	0.0373
LOC129528458	NC_073241.2	LOC129530496	NC_073246.2	0.213	0.854	0.785	0.1339
LOC129532621	NC_086017.1	LOC134756357	NC_073224.2	0.213	0.967	0.874	0.0544
LOC101124648	NC_073224.2	LOC101144932	NC_073228.2	0.212	0.967	0.877	0.0758
LOC101144552	NC_073235.2	LOC129525065	NC_073232.2	0.212	0.983	0.865	0.1333
LOC101144823	NC_073228.2	LOC115932887	NC_073243.2	0.212	0.934	0.916	0.1396
LOC115930151	NC_073240.2	LOC129523855	NC_073230.2	0.212	0.972	0.87	0.1018
LOC129527019	NC_073240.2	SLC9A4	NC_073236.2	0.212	0.961	0.738	0.0345
LOC129529657	NC_086018.1	LOC129530466	NC_073238.2	0.212	0.951	0.815	0.0698
LOC129529660	NC_086018.1	LOC129530466	NC_073238.2	0.212	0.957	0.887	0.0548
LOC129529664	NC_086018.1	LOC129530466	NC_073238.2	0.212	0.954	0.845	0.0514
LOC101145945	NC_073244.2	ZNF595	NC_073227.2	0.211	0.808	0.802	0.03
LOC101147259	NC_073237.2	LOC115933254	NC_073236.2	0.211	0.929	0.92	0.1356
LOC129524669	NC_073237.2	LOC129529660	NC_086018.1	0.211	0.967	0.904	0.0655
LOC129525023	NC_073232.2	LOC134756488	NC_073233.2	0.211	0.988	0.703	0.1051
LOC129526409	NC_073238.2	LOC129526550	NC_073239.2	0.211	0.983	0.806	0.0926
LOC129532621	NC_086017.1	LOC134759133	NC_073231.2	0.211	0.981	0.941	0.0744
LOC129532621	NC_086017.1	LOC134759135	NC_073231.2	0.211	0.981	0.921	0.1802
KMT2C	NC_073230.2	LOC134757216	NC_073240.2	0.21	0.976	0.893	0.0371
LOC101148271	NC_073230.2	LOC134759134	NC_073231.2	0.21	0.988	0.754	0.0905
LOC101148271	NC_073230.2	LOC134759136	NC_073231.2	0.21	0.988	0.73	0.091
LOC115932637	NC_073240.2	LOC134757481	NC_073242.2	0.21	0.983	0.932	0.2689
LOC115933174	NC_073237.2	LOC129529663	NC_086018.1	0.21	0.744	0.73	0.059
LOC101128260	NC_073231.2	LOC101152938	NC_073233.2	0.209	0.92	0.928	0.1396
LOC101134557	NC_073242.2	LOC109028586	NC_073232.2	0.209	0.939	0.896	0.0672
LOC101148271	NC_073230.2	LOC129533402	NC_073228.2	0.209	0.976	0.835	0.1686
LOC109028586	NC_073232.2	LOC129527721	NC_073242.2	0.209	0.936	0.889	0.0665
LOC115933023	NC_073231.2	LOC129532624	NC_073230.2	0.209	0.956	0.892	0.193
LOC129524669	NC_073237.2	LOC129529615	NC_086018.1	0.209	0.963	0.794	0.1047
LOC129524669	NC_073237.2	LOC129529664	NC_086018.1	0.209	0.963	0.86	0.0677
LOC129527884	NC_073243.2	LOC134757295	NC_073240.2	0.209	0.99	0.791	0.0969
LOC101126259	NC_073240.2	LOC101147034	NC_073237.2	0.208	0.962	0.777	0.031
LOC101128844	NC_073230.2	ZNF681	NC_073244.2	0.208	0.809	0.854	0.0349
LOC109024528	NC_073246.2	LOC129530383	NC_073248.2	0.208	0.801	0.699	0.0717
LOC129524018	NC_073231.2	LOC134759140	NC_073224.2	0.208	0.862	0.856	0.0803
LOC129528719	NC_073244.2	LOC129533288	NC_073227.2	0.208	0.992	0.681	0.2229
CBFB	NC_073242.2	LOC134756387	NC_073236.2	0.207	0.97	0.631	0.0703
EPPK1	NC_073231.2	FUT5	NC_073244.2	0.207	0.969	0.925	0.0307
KMT2C	NC_073230.2	LOC129526957	NC_073236.2	0.207	0.976	0.892	0.0379
LOC101129069	NC_073246.2	LOC129526471	NC_073236.2	0.207	0.997	0.629	0.0779
LOC115932905	NC_073240.2	LOC115935870	NC_073237.2	0.207	0.811	0.694	0.0335
LOC129523881	NC_073230.2	LOC129534554	NC_073229.2	0.207	0.87	0.8	0.0442
LOC129528439	NC_073241.2	LOC129530567	NC_073246.2	0.207	0.886	0.799	0.0933
LOC129534570	NC_073229.2	LOC134759270	NC_073232.2	0.207	0.983	0.871	0.0564
LOC134756357	NC_073224.2	LOC134757481	NC_073242.2	0.207	0.969	0.854	0.2005
LOC101144932	NC_073228.2	LOC129526178	NC_073238.2	0.206	0.983	0.828	0.0471
LOC101144932	NC_073228.2	LOC134759133	NC_073231.2	0.206	0.981	0.885	0.0403
LOC129523959	NC_073224.2	LOC129534570	NC_073229.2	0.206	0.983	0.787	0.0748
LOC129524833	NC_073239.2	LOC129534570	NC_073229.2	0.206	0.983	0.773	0.0764
LOC101144932	NC_073228.2	LOC129528748	NC_073244.2	0.205	0.986	0.824	0.0316
LOC101148457	NC_086018.1	PRSS41	NC_073242.2	0.205	0.937	0.754	0.0402
FRG1	NC_073227.2	LOC129530429	NC_073248.2	0.204	0.894	0.91	0.0573
KDM6A	NC_073247.2	UTY	NC_073248.2	0.203	0.912	0.741	0.051
LOC129524559	NC_073237.2	LOC129525550	NC_073233.2	0.203	0.968	0.937	0.1617
LOC129528719	NC_073244.2	LOC129534570	NC_073229.2	0.203	0.994	0.896	0.0436
GOLGA2	NC_073237.2	LOC101140842	NC_073234.2	0.202	0.888	0.875	0.0348
LOC101145945	NC_073244.2	ZNF92	NC_073230.2	0.202	0.851	0.81	0.0519
LOC109024528	NC_073246.2	LOC129528458	NC_073241.2	0.201	0.894	0.818	0.115
LOC129523684	NC_073230.2	LOC129534177	NC_073229.2	0.201	0.956	0.761	0.0996
LOC129534780	NC_073230.2	LOC134759135	NC_073231.2	0.201	0.948	0.904	0.0489
LOC109024528	NC_073246.2	LOC129526381	NC_073239.2	0.2	0.95	0.681	0.0688
LOC109024528	NC_073246.2	LOC129526951	NC_073238.2	0.2	0.95	0.762	0.0444
LOC129525410	NC_073233.2	LOC134759213	NC_073224.2	0.2	0.822	0.794	0.046
LOC134759322	NC_073233.2	SMIM41	NC_073234.2	0.2	0.953	0.756	0.1086
CNTNAP3C	NC_073236.2	LOC101143875	NC_073237.2	0.199	0.982	0.685	0.302
COTL1	NC_073242.2	LOC115934679	NC_073228.2	0.199	0.89	0.889	0.0485
LOC101137311	NC_073240.2	PSPC1	NC_073238.2	0.199	0.981	0.842	0.0352
LOC129532624	NC_073230.2	LOC134757481	NC_073242.2	0.199	0.989	0.974	0.3053
ALG1L2	NC_086017.1	LOC101130727	NC_073233.2	0.198	0.97	0.775	0.0783
LOC115935870	NC_073237.2	LOC134757039	NC_073238.2	0.198	0.824	0.709	0.0448
LOC129524261	NC_073231.2	LOC129533402	NC_073228.2	0.198	0.956	0.792	0.144
LOC129527796	NC_073242.2	LOC134758127	NC_086017.1	0.198	0.981	0.731	0.0503
LOC129528458	NC_073241.2	LOC129530383	NC_073248.2	0.198	0.826	0.835	0.1201
PRSS41	NC_073242.2	TOR3A	NC_073224.2	0.198	0.944	0.707	0.0346
BLNK	NC_073232.2	LOC101135462	NC_073224.2	0.197	0.95	0.927	0.0461
DNM1	NC_073237.2	LOC109023457	NC_073240.2	0.197	0.89	0.819	0.0324
EIF3F	NC_073233.2	LOC134757073	NC_073238.2	0.197	0.965	0.877	0.1459
LOC101130521	NC_073230.2	LOC134757583	NC_073243.2	0.197	0.889	0.825	0.0365
LOC101133404	NC_073243.2	USP32	NC_073228.2	0.197	0.965	0.861	0.1834
LOC101144552	NC_073235.2	LOC101148918	NC_073224.2	0.197	0.975	0.884	0.1284
LOC115932637	NC_073240.2	LOC115933023	NC_073231.2	0.197	0.962	0.956	0.1689
LOC129524261	NC_073231.2	LOC129532621	NC_086017.1	0.197	0.956	0.728	0.096
HNRNPK	NC_073237.2	LOC101153715	NC_073228.2	0.196	0.953	0.951	0.2158
LOC101128844	NC_073230.2	LOC115931576	NC_073244.2	0.196	0.828	0.846	0.0318
LOC101130521	NC_073230.2	LOC134757582	NC_073243.2	0.196	0.889	0.827	0.0364
LOC129524018	NC_073231.2	LOC129525551	NC_073233.2	0.196	0.843	0.847	0.0543
LOC129525556	NC_073233.2	LOC134758802	NC_073230.2	0.196	0.879	0.884	0.0363
LOC129526381	NC_073239.2	LOC129530384	NC_073248.2	0.196	0.955	0.676	0.0601
LOC129526951	NC_073238.2	LOC129530384	NC_073248.2	0.196	0.955	0.78	0.0409
ZNF578	NC_073244.2	ZNF860	NC_086017.1	0.196	0.903	0.835	0.0486
LOC101144932	NC_073228.2	LOC109025131	NC_073230.2	0.195	0.962	0.877	0.1438
LOC129523881	NC_073230.2	LOC134758136	NC_086017.1	0.195	0.866	0.739	0.0354
LOC129524261	NC_073231.2	LOC134758137	NC_086017.1	0.195	0.959	0.694	0.0888
LOC129526395	NC_073238.2	LOC129529430	NC_086018.1	0.195	0.989	0.689	0.1243
LOC129526409	NC_073238.2	LOC129529430	NC_086018.1	0.195	0.989	0.681	0.0936
LOC129527278	NC_073236.2	LOC129529430	NC_086018.1	0.195	0.991	0.698	0.0984
BCO2	NC_073233.2	MAB21L3	NC_073224.2	0.194	0.899	0.783	0.0337
CXADR	NC_073246.2	LOC129527244	NC_073240.2	0.194	0.951	0.925	0.1871
LOC101128844	NC_073230.2	LOC101142646	NC_073244.2	0.194	0.842	0.828	0.0366
LOC129525411	NC_073233.2	LOC129532627	NC_086017.1	0.194	0.994	0.652	0.0887
LOC101136944	NC_073235.2	TARDBP	NC_073224.2	0.193	0.972	0.864	0.1361
LOC101140074	NC_073233.2	LOC101145464	NC_073247.2	0.193	0.945	0.656	0.0305
LOC101144552	NC_073235.2	LOC129533127	NC_073227.2	0.193	0.909	0.885	0.0472
LOC101148918	NC_073224.2	LOC129533402	NC_073228.2	0.193	0.977	0.907	0.0562
LOC129524726	NC_073238.2	LOC129529606	NC_086018.1	0.193	0.976	0.733	0.0631
LOC129532624	NC_073230.2	LOC129533127	NC_073227.2	0.193	0.909	0.891	0.0492
LOC134756435	NC_073227.2	LOC134757253	NC_073240.2	0.193	0.839	0.827	0.0304
LOC134757481	NC_073242.2	LOC134759136	NC_073231.2	0.193	0.973	0.675	0.1061
AMACR	NC_073243.2	LOC129530595	NC_073241.2	0.192	0.968	0.68	0.0928
FRAT1	NC_073232.2	LOC101145989	NC_073237.2	0.192	0.915	0.71	0.0327
LOC101128844	NC_073230.2	ZNF675	NC_073244.2	0.192	0.878	0.858	0.0437
LOC101141440	NC_073232.2	NUTM2F	NC_073237.2	0.192	0.924	0.859	0.0889
LOC101148918	NC_073224.2	LOC115936299	NC_073227.2	0.192	0.958	0.805	0.0717
LOC129524669	NC_073237.2	LOC134756411	NC_086018.1	0.192	0.977	0.829	0.0532
LOC129525411	NC_073233.2	LOC129532017	NC_073235.2	0.192	0.978	0.793	0.0702
CCDC62	NC_073234.2	TMEM212	NC_086017.1	0.191	0.936	0.805	0.032
LOC101144823	NC_073228.2	LOC129527970	NC_073243.2	0.191	0.938	0.716	0.0879
LOC115933174	NC_073237.2	LOC129530379	NC_073248.2	0.191	0.747	0.682	0.1206
LOC115934622	NC_073228.2	LOC134758802	NC_073230.2	0.191	0.933	0.793	0.0667
LOC129533569	NC_073228.2	LOC134758802	NC_073230.2	0.191	0.938	0.879	0.0591
INO80C	NC_073241.2	MYORG	NC_073237.2	0.19	0.905	0.876	0.0312
LOC101148271	NC_073230.2	LOC134758129	NC_086017.1	0.19	0.965	0.755	0.1831
LOC101148918	NC_073224.2	LOC129525411	NC_073233.2	0.19	0.976	0.866	0.0537
LOC115931567	NC_073244.2	ZNF716	NC_073230.2	0.19	0.803	0.684	0.0319
LOC115932637	NC_073240.2	LOC129525411	NC_073233.2	0.19	0.977	0.772	0.0657
LOC115932637	NC_073240.2	LOC129532017	NC_073235.2	0.19	0.991	0.937	0.4538
LOC129532017	NC_073235.2	LOC129533402	NC_073228.2	0.19	0.951	0.846	0.0556
LOC129523704	NC_073230.2	LOC129525421	NC_073233.2	0.189	0.991	0.779	0.0644
LOC101149491	NC_086018.1	LOC134757612	NC_073243.2	0.188	0.91	0.734	0.0623
LOC115932637	NC_073240.2	LOC129533402	NC_073228.2	0.188	0.965	0.874	0.073
LOC129525551	NC_073233.2	LOC134757204	NC_073239.2	0.188	0.881	0.873	0.1705
LOC129526951	NC_073238.2	LOC129530487	NC_073246.2	0.188	0.95	0.758	0.041
LMBR1	NC_073230.2	LOC101148918	NC_073224.2	0.187	0.992	0.857	0.0665
LOC101136188	NC_073228.2	LOC129532017	NC_073235.2	0.187	0.95	0.875	0.0477
LOC115934041	NC_086017.1	ZNF585A	NC_073244.2	0.187	0.941	0.775	0.0474
LOC115936058	NC_073229.2	LOC129529606	NC_086018.1	0.187	0.974	0.738	0.0609
LOC129523684	NC_073230.2	LOC134758137	NC_086017.1	0.187	0.931	0.706	0.0677
LOC129527796	NC_073242.2	LOC129534177	NC_073229.2	0.187	0.943	0.674	0.054
CXADR	NC_073246.2	LOC129527232	NC_073238.2	0.186	0.95	0.934	0.1893
LOC129525065	NC_073232.2	LOC129533402	NC_073228.2	0.186	0.967	0.887	0.0333
LOC129525556	NC_073233.2	LOC134758144	NC_086017.1	0.186	0.935	0.72	0.0543
LOC129532621	NC_086017.1	LOC129534177	NC_073229.2	0.186	0.991	0.741	0.1687
ZNF860	NC_086017.1	ZNF888	NC_073244.2	0.186	0.889	0.865	0.0625
LOC101136188	NC_073228.2	LOC129523553	NC_073227.2	0.185	0.978	0.856	0.0853
LOC129526381	NC_073239.2	LOC129530487	NC_073246.2	0.185	0.949	0.743	0.0603
LOC129534177	NC_073229.2	LOC134759134	NC_073231.2	0.185	0.987	0.804	0.0695
LOC129534177	NC_073229.2	LOC134759135	NC_073231.2	0.185	0.978	0.875	0.0666
LOC129534177	NC_073229.2	LOC134759136	NC_073231.2	0.185	0.987	0.783	0.07
LOC134758974	NC_073231.2	TMED9	NC_073228.2	0.185	0.916	0.679	0.0372
LOC101147007	NC_073230.2	LOC129533569	NC_073228.2	0.184	0.854	0.841	0.0328
LOC115936058	NC_073229.2	LOC134756663	NC_073235.2	0.184	0.906	0.834	0.0452
LOC129527970	NC_073243.2	LOC129529598	NC_086018.1	0.184	0.928	0.778	0.0666
LOC101125455	NC_073244.2	TOR3A	NC_073224.2	0.183	0.952	0.702	0.0338
LOC101136188	NC_073228.2	LOC115932637	NC_073240.2	0.183	0.971	0.872	0.0459
LOC101139703	NC_073237.2	LOC115931947	NC_086018.1	0.183	0.938	0.783	0.1386
LOC101129839	NC_073233.2	SDHC	NC_073224.2	0.182	0.94	0.876	0.1604
LOC101136188	NC_073228.2	LOC129525065	NC_073232.2	0.182	0.967	0.873	0.0308
LOC101144552	NC_073235.2	LOC115936298	NC_086018.1	0.182	0.962	0.865	0.0701
LOC101144932	NC_073228.2	LOC134759135	NC_073231.2	0.182	0.978	0.847	0.0788
LOC101144932	NC_073228.2	LOC134759136	NC_073231.2	0.182	0.978	0.766	0.0858
LOC115932637	NC_073240.2	LOC115936298	NC_086018.1	0.182	0.962	0.882	0.0677
LOC115933023	NC_073231.2	LOC115936298	NC_086018.1	0.182	0.957	0.752	0.1012
LOC115933174	NC_073237.2	LOC129528458	NC_073241.2	0.182	0.751	0.793	0.316
LOC115936298	NC_086018.1	LOC129525556	NC_073233.2	0.182	0.971	0.768	0.1388
LOC115936298	NC_086018.1	LOC129532017	NC_073235.2	0.182	0.963	0.878	0.0679
LOC115936298	NC_086018.1	LOC134756357	NC_073224.2	0.182	0.968	0.792	0.11
LOC115936298	NC_086018.1	LOC134756800	NC_073236.2	0.182	0.965	0.749	0.1307
LOC115936298	NC_086018.1	LOC134757481	NC_073242.2	0.182	0.962	0.798	0.0954
ERVW-1	NC_073230.2	LOC134759083	NC_073224.2	0.181	0.945	0.872	0.084
LOC101144932	NC_073228.2	LOC134759134	NC_073231.2	0.181	0.981	0.767	0.0853
LOC115936298	NC_086018.1	LOC129532624	NC_073230.2	0.181	0.96	0.824	0.0796
LOC134757201	NC_073239.2	LOC134759213	NC_073224.2	0.181	0.876	0.791	0.0535
LOC101136743	NC_073236.2	LOC129528141	NC_073231.2	0.18	0.978	0.764	0.0327
LOC101148643	NC_073224.2	LOC129523896	NC_073230.2	0.18	0.75	0.765	0.0336
LOC115936298	NC_086018.1	LOC129525065	NC_073232.2	0.18	0.959	0.875	0.0698
LOC129523896	NC_073230.2	LOC129533126	NC_073227.2	0.18	0.742	0.746	0.0312
LOC129525023	NC_073232.2	LOC129534570	NC_073229.2	0.18	0.961	0.758	0.0624
LOC129527979	NC_073243.2	LOC134758144	NC_086017.1	0.18	0.94	0.671	0.0355
LOC129529643	NC_086018.1	LOC134757204	NC_073239.2	0.18	0.874	0.74	0.05
ACTR3B	NC_073230.2	TMEM220	NC_073243.2	0.179	0.938	0.851	0.1463
CSNK1A1	NC_073228.2	LOC101130599	NC_073240.2	0.179	0.944	0.935	0.1041
DPY19L2	NC_073234.2	LOC115935345	NC_073230.2	0.179	0.974	0.911	0.1324
LOC101132325	NC_073247.2	LOC129524559	NC_073237.2	0.179	0.957	0.693	0.0377
LOC101141990	NC_073241.2	LOC115932744	NC_073242.2	0.179	0.941	0.867	0.0312
LOC101141990	NC_073241.2	LOC129527636	NC_073242.2	0.179	0.941	0.869	0.031
LOC129523684	NC_073230.2	LOC134758144	NC_086017.1	0.179	0.956	0.658	0.0466
LOC129527278	NC_073236.2	LOC129532222	NC_073235.2	0.179	0.974	0.97	0.117
LOC129528439	NC_073241.2	LOC129530379	NC_073248.2	0.179	0.757	0.735	0.1238
LOC129528458	NC_073241.2	LOC129530379	NC_073248.2	0.179	0.77	0.741	0.1193
ZNF701	NC_073244.2	ZNF860	NC_086017.1	0.179	0.866	0.774	0.0525
LOC101143516	NC_073232.2	NUTM2F	NC_073237.2	0.178	0.945	0.862	0.068
LOC129523684	NC_073230.2	LOC129532017	NC_073235.2	0.178	0.973	0.888	0.0339
LOC129523684	NC_073230.2	LOC134759135	NC_073231.2	0.178	0.969	0.844	0.0384
LOC129524018	NC_073231.2	LOC129525410	NC_073233.2	0.178	0.779	0.758	0.0327
LOC129525551	NC_073233.2	LOC134759213	NC_073224.2	0.178	0.898	0.896	0.125
LOC129525579	NC_073233.2	LOC129527370	NC_073240.2	0.178	0.995	0.755	0.0899
LOC129525641	NC_073234.2	LOC129527370	NC_073240.2	0.178	0.996	0.81	0.0605
LOC129526003	NC_073234.2	LOC129527370	NC_073240.2	0.178	0.993	0.756	0.0805
LOC129527370	NC_073240.2	LOC129527948	NC_073243.2	0.178	0.993	0.756	0.0805
LOC129533402	NC_073228.2	LOC134759134	NC_073231.2	0.178	0.981	0.724	0.1223
LOC129533402	NC_073228.2	LOC134759136	NC_073231.2	0.178	0.981	0.686	0.123
BLNK	NC_073232.2	NPM1	NC_073228.2	0.177	0.963	0.934	0.0618
FOXA1	NC_073239.2	FOXA2	NC_073245.2	0.177	0.913	0.765	0.039
LOC115930151	NC_073240.2	LOC134758144	NC_086017.1	0.177	0.956	0.616	0.0478
LOC115933023	NC_073231.2	LOC129523855	NC_073230.2	0.177	0.959	0.943	0.1815
LOC129528719	NC_073244.2	LOC134758144	NC_086017.1	0.177	0.966	0.808	0.0338
LOC134756800	NC_073236.2	LOC134758129	NC_086017.1	0.177	0.945	0.803	0.0616
LOC134757481	NC_073242.2	LOC134758144	NC_086017.1	0.177	0.986	0.801	0.0362
CBFB	NC_073242.2	LOC129531450	NC_073240.2	0.176	0.975	0.639	0.0649
LOC109026093	NC_086017.1	LOC115930181	NC_073234.2	0.176	0.937	0.808	0.1176
LOC115932637	NC_073240.2	LOC129523684	NC_073230.2	0.176	0.976	0.855	0.0323
LOC129534554	NC_073229.2	LOC134759135	NC_073231.2	0.176	0.979	0.888	0.0774
LOC101136021	NC_073230.2	LOC101151315	NC_073244.2	0.175	0.891	0.863	0.0306
LOC101143345	NC_073243.2	LOC129527277	NC_073238.2	0.175	0.871	0.686	0.0312
LOC129523684	NC_073230.2	LOC134756357	NC_073224.2	0.175	0.958	0.912	0.0548
LOC129528458	NC_073241.2	LOC129529657	NC_086018.1	0.175	0.709	0.742	0.0363
LOC129533402	NC_073228.2	LOC134758144	NC_086017.1	0.175	0.962	0.715	0.0507
LOC129534554	NC_073229.2	LOC134759133	NC_073231.2	0.175	0.979	0.909	0.0309
DAZL	NC_086017.1	LOC129530216	NC_073248.2	0.174	0.901	0.907	0.0938
LOC101137218	NC_073243.2	LOC101153208	NC_073240.2	0.174	0.924	0.798	0.0908
LOC129525464	NC_073233.2	SMIM41	NC_073234.2	0.174	0.913	0.849	0.0845
LOC129525556	NC_073233.2	LOC129528719	NC_073244.2	0.174	0.973	0.662	0.1006
RABL2A	NC_073235.2	RABL2B	NC_086018.1	0.174	0.99	0.652	0.3221
INIP	NC_073237.2	LOC129533141	NC_073227.2	0.173	0.951	0.82	0.0518
LOC101153208	NC_073240.2	LOC134757625	NC_073243.2	0.173	0.924	0.798	0.0905
LOC109028586	NC_073232.2	LOC115931102	NC_073242.2	0.173	0.938	0.91	0.0583
LOC109028586	NC_073232.2	LOC129527592	NC_073242.2	0.173	0.938	0.916	0.0682
LOC109028586	NC_073232.2	LOC129527636	NC_073242.2	0.173	0.934	0.874	0.0375
LOC129526409	NC_073238.2	LOC129532222	NC_073235.2	0.173	0.971	0.971	0.1227
LOC129528719	NC_073244.2	LOC129533402	NC_073228.2	0.173	0.956	0.718	0.0779
LOC134757058	NC_073238.2	LSP1	NC_073233.2	0.173	0.869	0.656	0.0496
LOC134757970	NC_086017.1	ZNF585A	NC_073244.2	0.173	0.934	0.863	0.0456
LOC101124648	NC_073224.2	LOC115930148	NC_073230.2	0.172	0.914	0.793	0.0681
LOC101136188	NC_073228.2	LOC134758144	NC_086017.1	0.172	0.972	0.727	0.0634
LOC109025131	NC_073230.2	LOC134758129	NC_086017.1	0.172	0.957	0.773	0.052
LOC115930151	NC_073240.2	LOC129533569	NC_073228.2	0.172	0.869	0.75	0.0987
LOC134757481	NC_073242.2	LOC134759134	NC_073231.2	0.172	0.973	0.632	0.1057
LOC101147007	NC_073230.2	LOC129533127	NC_073227.2	0.171	0.654	0.672	0.0405
LOC115930151	NC_073240.2	LOC129528719	NC_073244.2	0.171	0.959	0.882	0.0934
LOC115931432	NC_073242.2	LOC134759136	NC_073231.2	0.171	0.985	0.948	0.0525
CCDC62	NC_073234.2	LOC101128712	NC_073244.2	0.17	0.953	0.721	0.0463
CNTNAP3C	NC_073236.2	LOC115933307	NC_073237.2	0.17	0.987	0.985	0.4197
LOC101124683	NC_073239.2	LOC129531693	NC_073236.2	0.17	0.953	0.897	0.0316
LOC101143345	NC_073243.2	ODF2L	NC_073224.2	0.17	0.885	0.702	0.0462
LOC101148271	NC_073230.2	LOC129533569	NC_073228.2	0.17	0.868	0.736	0.1407
LOC115933023	NC_073231.2	LOC134758129	NC_086017.1	0.17	0.969	0.812	0.0695
LOC115934976	NC_073229.2	LOC134757970	NC_086017.1	0.17	0.996	0.709	0.0721
LOC129523547	NC_073229.2	SOCS5	NC_073236.2	0.17	0.912	0.816	0.0605
LOC129524669	NC_073237.2	LOC129528439	NC_073241.2	0.17	0.891	0.799	0.174
LOC129533127	NC_073227.2	LOC134756440	NC_073230.2	0.17	0.669	0.723	0.0375
BCL2L12	NC_073244.2	LOC101152959	NC_086017.1	0.169	0.984	0.912	0.153
LOC101128844	NC_073230.2	ZNF254	NC_073244.2	0.169	0.792	0.755	0.0433
LOC101136188	NC_073228.2	LOC129525556	NC_073233.2	0.169	0.946	0.761	0.1252
LOC101136188	NC_073228.2	LOC129528719	NC_073244.2	0.169	0.956	0.71	0.0821
LOC101148271	NC_073230.2	LOC129528719	NC_073244.2	0.169	0.953	0.827	0.1092
LOC129532624	NC_073230.2	LOC134758129	NC_086017.1	0.169	0.974	0.891	0.0575
LOC134756357	NC_073224.2	LOC134759270	NC_073232.2	0.169	0.978	0.801	0.1007
LOC101141990	NC_073241.2	LOC109028586	NC_073232.2	0.168	0.894	0.79	0.1011
LOC115931432	NC_073242.2	LOC134759270	NC_073232.2	0.168	0.98	0.918	0.03
LOC129523882	NC_073230.2	RNASET2	NC_073229.2	0.168	0.922	0.887	0.065
LOC129529231	NC_073224.2	LOC129532624	NC_073230.2	0.168	0.979	0.875	0.1008
LOC101148457	NC_086018.1	LOC129525983	NC_073234.2	0.167	0.956	0.854	0.0774
LOC101153208	NC_073240.2	LOC115931294	NC_073243.2	0.167	0.924	0.804	0.0899
LOC129526395	NC_073238.2	LOC129532222	NC_073235.2	0.167	0.974	0.97	0.1271
LOC129526405	NC_073238.2	LOC134756663	NC_073235.2	0.167	0.932	0.823	0.0394
LOC129528458	NC_073241.2	LOC129530567	NC_073246.2	0.167	0.898	0.792	0.1311
LOC101136743	NC_073236.2	LOC129532017	NC_073235.2	0.166	0.979	0.746	0.0663
LOC115930151	NC_073240.2	LOC134758137	NC_086017.1	0.166	0.925	0.609	0.05
LOC115932744	NC_073242.2	LOC115934567	NC_073228.2	0.166	0.981	0.895	0.079
LOC115934567	NC_073228.2	LOC129527636	NC_073242.2	0.166	0.981	0.893	0.0784
LOC129533402	NC_073228.2	LOC134756357	NC_073224.2	0.166	0.959	0.872	0.0675
C3H4orf36	NC_073227.2	SPC25	NC_073235.2	0.165	0.916	0.742	0.0432
LOC101124648	NC_073224.2	LOC115934622	NC_073228.2	0.165	0.86	0.898	0.0741
LOC129523881	NC_073230.2	LOC129529231	NC_073224.2	0.165	0.917	0.772	0.053
LOC129533630	NC_073228.2	TRPC6	NC_073233.2	0.165	0.935	0.696	0.0336
BCO2	NC_073233.2	MCF2L2	NC_086017.1	0.164	0.928	0.792	0.0323
LOC101136743	NC_073236.2	LOC101148918	NC_073224.2	0.164	0.977	0.837	0.0516
LOC101136743	NC_073236.2	LOC115932637	NC_073240.2	0.164	0.979	0.728	0.0623
LOC101141762	NC_073245.2	LOC115934278	NC_073227.2	0.164	0.992	0.725	0.048
LOC101142817	NC_073234.2	LOC109023253	NC_073239.2	0.164	0.965	0.969	0.2756
LOC115930151	NC_073240.2	LOC129527979	NC_073243.2	0.164	0.96	0.692	0.0698
LOC129532017	NC_073235.2	LOC129534553	NC_073229.2	0.164	0.969	0.711	0.0654
LOC129533569	NC_073228.2	LOC134756800	NC_073236.2	0.164	0.933	0.919	0.2722
TMEM220	NC_073243.2	ZNF20	NC_073244.2	0.164	0.951	0.849	0.065
BCO2	NC_073233.2	LOC129527277	NC_073238.2	0.163	0.891	0.716	0.0338
EMB	NC_073243.2	LOC101152936	NC_073224.2	0.163	0.965	0.966	0.3402
LOC101129171	NC_073244.2	LOC101139095	NC_073237.2	0.163	0.903	0.883	0.0344
LOC101136188	NC_073228.2	LOC134757481	NC_073242.2	0.163	0.963	0.757	0.0628
LOC101148271	NC_073230.2	LOC134758137	NC_086017.1	0.163	0.95	0.637	0.1178
LOC109024528	NC_073246.2	LOC129528439	NC_073241.2	0.163	0.932	0.813	0.0891
LOC115930151	NC_073240.2	LOC129532621	NC_086017.1	0.163	0.902	0.619	0.0709
LOC101127525	NC_073247.2	LOC129530427	NC_073248.2	0.162	0.968	0.905	0.2583
LOC101136188	NC_073228.2	LOC134756357	NC_073224.2	0.162	0.959	0.883	0.0549
AK6	NC_073243.2	LOC101141762	NC_073245.2	0.161	0.993	0.731	0.0563
ANKRD18B	NC_073237.2	LOC101137900	NC_073238.2	0.161	0.92	0.804	0.037
LOC101136188	NC_073228.2	LOC115930151	NC_073240.2	0.161	0.919	0.706	0.0944
LOC115930151	NC_073240.2	LOC129533402	NC_073228.2	0.161	0.923	0.716	0.1288
LOC129528719	NC_073244.2	LOC134756800	NC_073236.2	0.161	0.978	0.642	0.0844
ALG1L2	NC_086017.1	LOC109023085	NC_073227.2	0.16	0.959	0.833	0.1475
LOC129523881	NC_073230.2	LOC129524261	NC_073231.2	0.16	0.9	0.808	0.0409
LOC129525556	NC_073233.2	LOC129527979	NC_073243.2	0.16	0.961	0.784	0.0913
LOC129526951	NC_073238.2	LOC129530496	NC_073246.2	0.16	0.988	0.751	0.049
LOC129526951	NC_073238.2	LOC129530567	NC_073246.2	0.16	0.988	0.752	0.0491
LOC129527796	NC_073242.2	LOC134758129	NC_086017.1	0.16	0.977	0.668	0.0682
LOC129527979	NC_073243.2	LOC129528719	NC_073244.2	0.16	0.963	0.812	0.0622
IGFL3	NC_073244.2	USP12	NC_073238.2	0.159	0.981	0.797	0.0336
LOC101129469	NC_073237.2	PTMA	NC_073235.2	0.159	0.964	0.634	0.0543
LOC101144552	NC_073235.2	LOC129533569	NC_073228.2	0.159	0.936	0.91	0.1443
LOC129532624	NC_073230.2	LOC129533569	NC_073228.2	0.159	0.931	0.91	0.1545
FH	NC_073224.2	LOC129530595	NC_073241.2	0.158	0.906	0.76	0.0327
LOC101124648	NC_073224.2	LOC134758137	NC_086017.1	0.158	0.976	0.887	0.0418
LOC101125151	NC_073236.2	LOC129529189	NC_073245.2	0.158	0.927	0.808	0.0348
LOC101148271	NC_073230.2	LOC129528748	NC_073244.2	0.158	0.965	0.888	0.0378
LOC115931654	NC_073244.2	ZNF860	NC_086017.1	0.158	0.74	0.679	0.0789
LOC129525556	NC_073233.2	LOC134758137	NC_086017.1	0.158	0.972	0.832	0.09
LOC129527796	NC_073242.2	LOC129534554	NC_073229.2	0.158	0.981	0.642	0.0583
LOC129528719	NC_073244.2	LOC134758137	NC_086017.1	0.158	0.976	0.825	0.0407
CBFB	NC_073242.2	LOC115931076	NC_073238.2	0.157	0.974	0.677	0.0511
LOC101129069	NC_073246.2	LOC129526391	NC_073236.2	0.157	0.961	0.603	0.0609
LOC129526381	NC_073239.2	LOC129530496	NC_073246.2	0.157	0.988	0.695	0.0679
LOC129526381	NC_073239.2	LOC129530567	NC_073246.2	0.157	0.988	0.704	0.0681
LOC129527979	NC_073243.2	LOC129534177	NC_073229.2	0.157	0.959	0.775	0.0851
CCDC62	NC_073234.2	LOC129529125	NC_073245.2	0.156	0.947	0.804	0.038
KLHL33	NC_073239.2	SPC25	NC_073235.2	0.156	0.953	0.854	0.0315
LOC101129469	NC_073237.2	LOC109023253	NC_073239.2	0.156	0.895	0.923	0.0374
LOC101137462	NC_073244.2	LOC129527277	NC_073238.2	0.156	0.926	0.819	0.038
LOC101142817	NC_073234.2	LOC109026093	NC_086017.1	0.156	0.934	0.823	0.1083
LOC101148457	NC_086018.1	TRAF5	NC_073224.2	0.156	0.963	0.83	0.0442
LOC129525551	NC_073233.2	LOC134757201	NC_073239.2	0.156	0.849	0.839	0.0627
LOC129527277	NC_073238.2	LOC129529125	NC_073245.2	0.156	0.947	0.76	0.0444
LOC129528458	NC_073241.2	LOC129530487	NC_073246.2	0.156	0.858	0.811	0.12
LOC129529125	NC_073245.2	MAB21L3	NC_073224.2	0.156	0.954	0.834	0.0417
BLNK	NC_073232.2	LOC115935247	NC_073230.2	0.155	0.952	0.92	0.0535
LOC101148457	NC_086018.1	TMEM220	NC_073243.2	0.155	0.966	0.678	0.0852
LOC129532017	NC_073235.2	LOC134756357	NC_073224.2	0.155	0.966	0.813	0.1681
ADSS2	NC_073224.2	LOC134758419	NC_073228.2	0.154	0.945	0.878	0.1038
LOC109024528	NC_073246.2	LOC115933174	NC_073237.2	0.154	0.833	0.774	0.1452
LOC129529830	NC_073247.2	YWHAQ	NC_073236.2	0.154	0.936	0.819	0.0778
CCDC62	NC_073234.2	MAB21L3	NC_073224.2	0.153	0.951	0.679	0.0502
LOC101124648	NC_073224.2	LOC129523855	NC_073230.2	0.153	0.969	0.926	0.2619
LOC115931432	NC_073242.2	LOC134759134	NC_073231.2	0.153	0.985	0.951	0.0532
LOC129525641	NC_073234.2	LOC129533288	NC_073227.2	0.153	0.995	0.753	0.1535
LOC129529231	NC_073224.2	LOC129533569	NC_073228.2	0.153	0.877	0.739	0.1209
LOC134758136	NC_086017.1	LOC134759135	NC_073231.2	0.153	0.954	0.87	0.0423
LOC101128712	NC_073244.2	LOC134756439	NC_073224.2	0.152	0.951	0.774	0.0619
LOC115936298	NC_086018.1	LOC129528719	NC_073244.2	0.152	0.967	0.682	0.1095
LOC129525983	NC_073234.2	TMEM220	NC_073243.2	0.152	0.956	0.766	0.0595
LOC129526251	NC_073238.2	LOC134757391	NC_073241.2	0.152	0.905	0.718	0.0357
LOC134756508	NC_073233.2	LOC134758974	NC_073231.2	0.152	0.934	0.746	0.0382
PMM2	NC_073242.2	SYN3	NC_086018.1	0.152	0.917	0.739	0.0331
ARHGAP42	NC_073233.2	LOC101145879	NC_073239.2	0.151	0.934	0.94	0.1326
LOC101132325	NC_073247.2	UGGT2	NC_073238.2	0.151	0.957	0.797	0.0312
LOC101148457	NC_086018.1	TRIM56	NC_073230.2	0.151	0.945	0.854	0.0336
LOC129523881	NC_073230.2	LOC134757481	NC_073242.2	0.151	0.877	0.78	0.0374
LOC129525023	NC_073232.2	LOC129525421	NC_073233.2	0.151	0.995	0.782	0.0471
LOC129528719	NC_073244.2	LOC129529231	NC_073224.2	0.151	0.955	0.802	0.0792
ZNF625	NC_073244.2	ZNF669	NC_073224.2	0.151	0.711	0.658	0.0339
LOC101124648	NC_073224.2	LOC129523881	NC_073230.2	0.15	0.905	0.888	0.0546
LOC101132325	NC_073247.2	LOC129524726	NC_073238.2	0.15	0.955	0.639	0.0337
LOC109024216	NC_073244.2	ZNF860	NC_086017.1	0.15	0.719	0.729	0.0576
LOC115930151	NC_073240.2	LOC129523881	NC_073230.2	0.15	0.898	0.717	0.0398
LOC115931276	NC_073229.2	LOC129529598	NC_086018.1	0.15	0.938	0.797	0.1067
LOC115932637	NC_073240.2	LOC129533569	NC_073228.2	0.15	0.95	0.93	0.1255
LOC129523881	NC_073230.2	LOC129525556	NC_073233.2	0.15	0.891	0.759	0.0499
LOC129525065	NC_073232.2	LOC129533569	NC_073228.2	0.15	0.947	0.931	0.0748
LOC129532017	NC_073235.2	LOC129533569	NC_073228.2	0.15	0.955	0.923	0.1355
LOC129533569	NC_073228.2	LOC134757481	NC_073242.2	0.15	0.953	0.919	0.1885
LOC101129069	NC_073246.2	LOC101136771	NC_073236.2	0.149	0.991	0.592	0.0523
LOC101129069	NC_073246.2	LOC129531453	NC_073240.2	0.149	1.0	0.606	0.0646
LOC101142918	NC_073232.2	LOC115930150	NC_073235.2	0.149	0.985	0.806	0.0767
LOC115932887	NC_073243.2	LOC129529598	NC_086018.1	0.149	0.839	0.779	0.0895
LOC129523855	NC_073230.2	LOC134756800	NC_073236.2	0.149	0.959	0.947	0.2091
LOC129527277	NC_073238.2	MCF2L2	NC_086017.1	0.149	0.913	0.779	0.0531
LOC129529231	NC_073224.2	LOC134758144	NC_086017.1	0.149	0.96	0.646	0.0597
LOC129529790	NC_073247.2	LOC129530333	NC_073248.2	0.149	0.506	0.522	0.3377
LOC134758136	NC_086017.1	LOC134759136	NC_073231.2	0.149	0.976	0.737	0.0463
LOC101125919	NC_073243.2	LOC101130521	NC_073230.2	0.148	0.892	0.828	0.0365
LOC101128488	NC_073230.2	TMEM220	NC_073243.2	0.148	0.973	0.881	0.1047
LOC101128844	NC_073230.2	ZNF626	NC_073244.2	0.148	0.856	0.797	0.0309
LOC101130521	NC_073230.2	LOC115931292	NC_073243.2	0.148	0.889	0.827	0.0332
LOC101130521	NC_073230.2	LOC134757580	NC_073243.2	0.148	0.892	0.828	0.0365
LOC101130521	NC_073230.2	LOC134757581	NC_073243.2	0.148	0.892	0.827	0.0365
LOC101141990	NC_073241.2	LOC115931109	NC_073242.2	0.148	0.964	0.829	0.045
LOC101141990	NC_073241.2	LOC129527613	NC_073242.2	0.148	0.96	0.826	0.0448
LOC101148918	NC_073224.2	LOC134756800	NC_073236.2	0.148	0.971	0.945	0.1449
LOC129523684	NC_073230.2	LOC129529231	NC_073224.2	0.148	0.967	0.756	0.1067
LOC129525556	NC_073233.2	LOC129533569	NC_073228.2	0.148	0.953	0.934	0.2557
LOC134758136	NC_086017.1	LOC134759134	NC_073231.2	0.148	0.981	0.774	0.046
LOC101130521	NC_073230.2	LOC115931291	NC_073243.2	0.147	0.892	0.829	0.0363
LOC115931276	NC_073229.2	LOC129529614	NC_086018.1	0.147	0.935	0.805	0.1092
LOC115932637	NC_073240.2	LOC129524028	NC_073231.2	0.147	0.978	0.688	0.0641
LOC115936298	NC_086018.1	LOC129523855	NC_073230.2	0.147	0.966	0.794	0.094
LOC115936299	NC_073227.2	LOC129528719	NC_073244.2	0.147	0.963	0.765	0.0916
LOC101136398	NC_073247.2	LOC129530333	NC_073248.2	0.146	0.433	0.559	0.3519
LOC115931947	NC_086018.1	LOC129530378	NC_073248.2	0.146	0.933	0.875	0.1726
LOC129525065	NC_073232.2	LOC129528719	NC_073244.2	0.146	0.989	0.829	0.1083
ZNF611	NC_073244.2	ZNF860	NC_086017.1	0.146	0.719	0.706	0.0411
LOC101136188	NC_073228.2	LOC101148271	NC_073230.2	0.145	0.969	0.82	0.1849
LOC101148918	NC_073224.2	LOC129534553	NC_073229.2	0.145	0.971	0.806	0.0523
LOC109028586	NC_073232.2	LOC115932781	NC_073242.2	0.145	0.947	0.924	0.0647
LOC109028586	NC_073232.2	LOC115933071	NC_073242.2	0.145	0.943	0.926	0.0713
LOC109028586	NC_073232.2	LOC115933079	NC_073242.2	0.145	0.947	0.921	0.0675
LOC109028586	NC_073232.2	LOC129527568	NC_073242.2	0.145	0.938	0.86	0.1109
LOC109028586	NC_073232.2	NPIPB11	NC_073242.2	0.145	0.947	0.925	0.0672
LOC115932637	NC_073240.2	LOC129534553	NC_073229.2	0.145	0.973	0.693	0.0633
LOC115932887	NC_073243.2	LOC129529614	NC_086018.1	0.145	0.836	0.799	0.092
LOC129533569	NC_073228.2	LOC134756357	NC_073224.2	0.145	0.956	0.928	0.1428
FOXC1	NC_073229.2	FOXC2	NC_073242.2	0.144	0.929	0.699	0.0374
LOC101141990	NC_073241.2	LOC109023568	NC_073242.2	0.144	0.943	0.833	0.0305
LOC101148918	NC_073224.2	LOC129524028	NC_073231.2	0.144	0.979	0.805	0.0537
LOC115930151	NC_073240.2	LOC129528748	NC_073244.2	0.144	0.965	0.867	0.0303
LOC129524028	NC_073231.2	LOC129532017	NC_073235.2	0.144	0.985	0.714	0.0738
LOC129524559	NC_073237.2	LOC129525035	NC_073232.2	0.144	0.958	0.813	0.0639
BCO2	NC_073233.2	ODF2L	NC_073224.2	0.143	0.887	0.715	0.0322
LOC101124648	NC_073224.2	LOC134757481	NC_073242.2	0.143	0.95	0.798	0.1317
LOC115932637	NC_073240.2	LOC134756357	NC_073224.2	0.143	0.968	0.805	0.295
CXCL5	NC_073227.2	GLYR1	NC_073242.2	0.142	0.933	0.761	0.0397
LOC101137462	NC_073244.2	LOC109025190	NC_086018.1	0.142	0.946	0.902	0.0324
LOC101148918	NC_073224.2	LOC115936298	NC_086018.1	0.142	0.899	0.898	0.0548
LOC109027802	NC_073232.2	LOC134758128	NC_086017.1	0.142	0.622	0.603	0.1077
LOC129523684	NC_073230.2	LOC134759134	NC_073231.2	0.142	0.974	0.775	0.0417
LOC129523684	NC_073230.2	LOC134759136	NC_073231.2	0.142	0.974	0.742	0.042
LOC129525983	NC_073234.2	TOR3A	NC_073224.2	0.142	0.942	0.819	0.0576
LOC101125455	NC_073244.2	LOC129531693	NC_073236.2	0.141	0.934	0.765	0.0428
LOC101141990	NC_073241.2	LOC115931062	NC_073242.2	0.141	0.987	0.901	0.0694
LOC115933174	NC_073237.2	LOC129530384	NC_073248.2	0.141	0.798	0.717	0.1746
LOC129529430	NC_086018.1	LOC129532222	NC_073235.2	0.141	0.972	0.86	0.0332
LOC129531693	NC_073236.2	TOR3A	NC_073224.2	0.141	0.931	0.715	0.0402
LOC101146259	NC_073227.2	LOC134757598	NC_073243.2	0.14	0.872	0.727	0.035
LOC109023949	NC_073241.2	PPTC7	NC_073234.2	0.14	0.988	0.99	0.7027
LOC129523704	NC_073230.2	LOC129525023	NC_073232.2	0.14	0.984	0.611	0.061
LOC129527979	NC_073243.2	LOC129533402	NC_073228.2	0.14	0.945	0.729	0.2284
ACTR3B	NC_073230.2	LOC101132325	NC_073247.2	0.139	0.91	0.731	0.0313
LIMK2	NC_086018.1	PPP1R14B	NC_073233.2	0.139	0.934	0.707	0.0383
LOC101124648	NC_073224.2	LOC129525065	NC_073232.2	0.139	0.936	0.812	0.1249
LOC101129773	NC_073228.2	LOC134757796	NC_073245.2	0.139	0.979	0.629	0.055
LOC101148918	NC_073224.2	LOC115933023	NC_073231.2	0.139	0.962	0.948	0.1273
LOC101141990	NC_073241.2	LOC115933350	NC_073242.2	0.138	0.996	0.913	0.096
LOC101148643	NC_073224.2	LOC129523881	NC_073230.2	0.138	0.928	0.712	0.049
LOC115933023	NC_073231.2	LOC134758137	NC_086017.1	0.138	0.972	0.753	0.0638
LOC129523881	NC_073230.2	LOC129533569	NC_073228.2	0.138	0.83	0.821	0.0868
LOC129525065	NC_073232.2	LOC134756357	NC_073224.2	0.138	0.97	0.809	0.1687
LOC129528439	NC_073241.2	LOC129530384	NC_073248.2	0.138	0.754	0.774	0.1215
LOC129529657	NC_086018.1	LOC129530383	NC_073248.2	0.138	0.745	0.793	0.0312
LOC129532624	NC_073230.2	LOC134758137	NC_086017.1	0.138	0.984	0.831	0.0525
BCO2	NC_073233.2	LOC101128712	NC_073244.2	0.137	0.94	0.816	0.0325
LOC109027802	NC_073232.2	LOC129532624	NC_073230.2	0.137	0.762	0.818	0.0445
ZNF813	NC_073244.2	ZNF860	NC_086017.1	0.137	0.705	0.702	0.0646
LOC101124418	NC_073235.2	MIA2	NC_073239.2	0.136	0.935	0.814	0.06
LOC101132325	NC_073247.2	LOC101148457	NC_086018.1	0.136	0.937	0.684	0.0389
LOC101132593	NC_073232.2	LOC101151050	NC_073240.2	0.136	0.908	0.767	0.0329
LOC101132593	NC_073232.2	LOC101153918	NC_073240.2	0.136	0.906	0.749	0.0379
LOC101132593	NC_073232.2	LOC115930779	NC_073240.2	0.136	0.896	0.757	0.0347
LOC101132593	NC_073232.2	LOC115930818	NC_073240.2	0.136	0.928	0.839	0.0374
LOC101132593	NC_073232.2	LOC129527057	NC_073240.2	0.136	0.903	0.74	0.0316
LOC101132593	NC_073232.2	LOC129527071	NC_073240.2	0.136	0.906	0.764	0.0314
LOC101132593	NC_073232.2	LOC129527170	NC_073240.2	0.136	0.906	0.747	0.036
LOC101132593	NC_073232.2	LOC129527175	NC_073240.2	0.136	0.901	0.763	0.0336
LOC101132593	NC_073232.2	LOC134757232	NC_073240.2	0.136	0.903	0.74	0.0385
LOC115933039	NC_073244.2	LOC115933079	NC_073242.2	0.136	0.988	0.636	0.1135
LOC129527979	NC_073243.2	LOC134757481	NC_073242.2	0.136	0.947	0.786	0.0418
LOC129529231	NC_073224.2	LOC134756800	NC_073236.2	0.136	0.964	0.751	0.1429
ZNF468	NC_073244.2	ZNF860	NC_086017.1	0.136	0.829	0.704	0.0571
BCO2	NC_073233.2	CCDC62	NC_073234.2	0.135	0.928	0.758	0.046
BCO2	NC_073233.2	LOC101143345	NC_073243.2	0.135	0.898	0.713	0.0324
FUT5	NC_073244.2	LOC129525550	NC_073233.2	0.135	0.966	0.732	0.0552
LOC101125919	NC_073243.2	LOC101136868	NC_073230.2	0.135	0.778	0.696	0.0407
LOC101136868	NC_073230.2	LOC115931291	NC_073243.2	0.135	0.784	0.696	0.0405
LOC101136868	NC_073230.2	LOC115931292	NC_073243.2	0.135	0.784	0.693	0.0354
LOC101136868	NC_073230.2	LOC134757580	NC_073243.2	0.135	0.778	0.696	0.0407
LOC101136868	NC_073230.2	LOC134757581	NC_073243.2	0.135	0.778	0.697	0.0408
LOC101148457	NC_086018.1	LOC129531693	NC_073236.2	0.135	0.909	0.707	0.0516
LOC115933039	NC_073244.2	LOC115933071	NC_073242.2	0.135	0.99	0.648	0.1184
LOC115933039	NC_073244.2	NPIPB11	NC_073242.2	0.135	0.989	0.617	0.1149
LOC129526381	NC_073239.2	LOC129529615	NC_086018.1	0.135	0.927	0.656	0.044
LOC129526381	NC_073239.2	LOC129529620	NC_086018.1	0.135	0.921	0.649	0.0431
IQSEC3	NC_073234.2	LOC129534322	NC_073229.2	0.134	0.991	0.798	0.0807
LOC109023568	NC_073242.2	LOC115934567	NC_073228.2	0.134	0.995	0.886	0.0812
LOC109025131	NC_073230.2	LOC134756357	NC_073224.2	0.134	0.911	0.895	0.1016
LOC115933174	NC_073237.2	LOC129530487	NC_073246.2	0.134	0.874	0.75	0.1604
LOC129524669	NC_073237.2	LOC129526381	NC_073239.2	0.134	0.96	0.714	0.0525
LOC129526381	NC_073239.2	LOC129529648	NC_086018.1	0.134	0.96	0.715	0.051
LOC129526381	NC_073239.2	LOC129530379	NC_073248.2	0.134	0.96	0.684	0.0531
LOC129526381	NC_073239.2	LOC129530466	NC_073238.2	0.134	0.949	0.705	0.0374
LOC129528748	NC_073244.2	LOC129532621	NC_086017.1	0.134	0.984	0.892	0.0536
AP1S2	NC_073247.2	LOC129533460	NC_073228.2	0.133	0.987	0.78	0.0373
LOC101125919	NC_073243.2	LOC101129811	NC_073230.2	0.133	0.778	0.691	0.0407
LOC101129811	NC_073230.2	LOC115931291	NC_073243.2	0.133	0.784	0.691	0.0404
LOC101129811	NC_073230.2	LOC134757580	NC_073243.2	0.133	0.778	0.691	0.0407
LOC101129811	NC_073230.2	LOC134757581	NC_073243.2	0.133	0.778	0.692	0.0407
LOC101136188	NC_073228.2	LOC129527979	NC_073243.2	0.133	0.963	0.736	0.2671
LOC101144932	NC_073228.2	LOC115936299	NC_073227.2	0.133	0.948	0.879	0.0701
LOC109023253	NC_073239.2	LOC109026093	NC_086017.1	0.133	0.899	0.833	0.0665
LOC109023568	NC_073242.2	LOC109028586	NC_073232.2	0.133	0.957	0.853	0.0383
LOC129526381	NC_073239.2	TNP1	NC_073235.2	0.133	0.907	0.59	0.0344
LOC129527370	NC_073240.2	LOC129533288	NC_073227.2	0.133	0.994	0.684	0.0659
LOC129527370	NC_073240.2	SLC35F5	NC_073235.2	0.133	0.994	0.652	0.0579
LOC129527971	NC_073243.2	LOC129533460	NC_073228.2	0.133	0.987	0.743	0.1995
LOC129527979	NC_073243.2	LOC129529231	NC_073224.2	0.133	0.963	0.719	0.0849
LOC129527979	NC_073243.2	LOC129532621	NC_086017.1	0.133	0.952	0.657	0.0642
LOC134756800	NC_073236.2	LOC134758137	NC_086017.1	0.133	0.951	0.715	0.0468
LOC101128488	NC_073230.2	LOC101148457	NC_086018.1	0.132	0.97	0.781	0.0616
LOC101141855	NC_073242.2	LOC109028586	NC_073232.2	0.132	0.899	0.859	0.0833
LOC115933023	NC_073231.2	LOC129529231	NC_073224.2	0.132	0.966	0.776	0.1319
LOC129526951	NC_073238.2	LOC129530379	NC_073248.2	0.132	0.961	0.709	0.0431
ZNF28	NC_073244.2	ZNF860	NC_086017.1	0.132	0.867	0.732	0.0561
CHMP5	NC_073237.2	LOC129528483	NC_073224.2	0.131	0.904	0.845	0.061
LOC101128712	NC_073244.2	LOC129527277	NC_073238.2	0.131	0.926	0.8	0.0418
LOC101128712	NC_073244.2	SMIM10L1	NC_073234.2	0.131	0.935	0.903	0.0533
LOC101137462	NC_073244.2	MAB21L3	NC_073224.2	0.131	0.935	0.799	0.0787
LOC115932637	NC_073240.2	LOC129527979	NC_073243.2	0.131	0.969	0.845	0.0337
LOC115932637	NC_073240.2	LOC134759136	NC_073231.2	0.131	0.976	0.838	0.0704
LOC129523876	NC_073230.2	LOC134758128	NC_086017.1	0.131	0.592	0.643	0.0632
LOC129528748	NC_073244.2	LOC129529231	NC_073224.2	0.131	0.979	0.873	0.0404
LOC134758128	NC_086017.1	LOC134758922	NC_073230.2	0.131	0.592	0.641	0.062
LOC101128712	NC_073244.2	MAB21L3	NC_073224.2	0.13	0.952	0.771	0.0745
LOC101132593	NC_073232.2	LOC101150678	NC_073240.2	0.13	0.91	0.741	0.0329
LOC129527979	NC_073243.2	LOC129532017	NC_073235.2	0.13	0.969	0.842	0.032
