family_id	n_copies	n_chroms	dominant_gene_root	name_concordance	density	avg_core_recip	n_articulation	class	members
DSFAM0	178	18	ZNF	0.8456375838926175	0.166	0.216	5	family	DN_NC_073224.2_199406700_5,DN_NC_073224.2_199458269_6,DN_NC_073224.2_199494304_6,DN_NC_073224.2_206460331_8,DN_NC_073224.2_216467757_3,DN_NC_073228.2_154747841_5,DN_NC_073228.2_154780892_3,DN_NC_073228.2_182334642_5,DN_NC_073228.2_182827930_5,DN_NC_073228.2_182864372_4,DN_NC_073228.2_182909765_5,DN_NC_073228.2_182994030_5,DN_NC_073228.2_184836165_2,DN_NC_073228.2_184836166_2,DN_NC_073228.2_184836166_3,DN_NC_073228.2_83513581_6,DN_NC_073228.2_83600319_6,DN_NC_073229.2_44967262_5,DN_NC_073229.2_45005781_3,DN_NC_073229.2_45067329_6,DN_NC_073229.2_45706582_4,DN_NC_073229.2_45747170_4,DN_NC_073229.2_45764485_6,DN_NC_073229.2_45784439_7,DN_NC_073229.2_45857463_4,DN_NC_073229.2_45959984_4,DN_NC_073229.2_46022147_4,DN_NC_073229.2_46656086_7,DN_NC_073230.2_88683937_6,DN_NC_073230.2_88700652_4,DN_NC_073230.2_88726357_6,DN_NC_073230.2_89296262_6,DN_NC_073231.2_149487100_2,DN_NC_073231.2_149487156_2,DN_NC_073231.2_150549342_2,DN_NC_073231.2_150568091_5,DN_NC_073231.2_150618111_5,DN_NC_073231.2_150671293_2,DN_NC_073231.2_150671310_5,DN_NC_073231.2_150726059_5,DN_NC_073231.2_150777699_3,DN_NC_073231.2_150817007_4,DN_NC_073231.2_4596743_6,DN_NC_073232.2_71834982_5,DN_NC_073232.2_71973207_3,DN_NC_073232.2_72820474_5,DN_NC_073232.2_80964961_8,DN_NC_073232.2_81033881_5,DN_NC_073232.2_81134357_6,DN_NC_073232.2_81253567_6,DN_NC_073234.2_148420424_5,DN_NC_073234.2_148486259_4,DN_NC_073234.2_148537990_5,DN_NC_073234.2_148580749_5,DN_NC_073234.2_148620174_2,DN_NC_073234.2_148630977_5,DN_NC_073234.2_148682020_7,DN_NC_073236.2_32240619_3,DN_NC_073236.2_32278873_5,DN_NC_073236.2_32302189_6,DN_NC_073237.2_109230975_4,DN_NC_073237.2_109279481_4,DN_NC_073237.2_123801018_5,DN_NC_073237.2_23553596_5,DN_NC_073237.2_30220066_5,DN_NC_073237.2_89310571_5,DN_NC_073237.2_93211680_6,DN_NC_073237.2_93275727_4,DN_NC_073237.2_97733433_3,DN_NC_073239.2_123379390_2,DN_NC_073240.2_85898394_3,DN_NC_073241.2_64468689_4,DN_NC_073241.2_64479147_4,DN_NC_073241.2_64520240_3,DN_NC_073241.2_64520244_2,DN_NC_073242.2_100900995_5,DN_NC_073242.2_100926924_5,DN_NC_073242.2_119807836_6,DN_NC_073242.2_97765438_2,DN_NC_073242.2_97765438_4,DN_NC_073243.2_20204464_2,DN_NC_073243.2_20232546_4,DN_NC_073243.2_20322881_2,DN_NC_073243.2_20324218_2,DN_NC_073243.2_20331571_2,DN_NC_073244.2_12909180_8,DN_NC_073244.2_14850343_10,DN_NC_073244.2_15324693_6,DN_NC_073244.2_15357025_8,DN_NC_073244.2_15453865_9,DN_NC_073244.2_15508499_10,DN_NC_073244.2_15569240_8,DN_NC_073244.2_15605841_4,DN_NC_073244.2_15648295_6,DN_NC_073244.2_20723155_12,DN_NC_073244.2_45737704_5,DN_NC_073244.2_45796040_6,DN_NC_073244.2_45985550_6,DN_NC_073244.2_47250467_5,DN_NC_073244.2_47288294_4,DN_NC_073244.2_47586219_5,DN_NC_073244.2_47642985_5,DN_NC_073244.2_47706460_3,DN_NC_073244.2_47706466_2,DN_NC_073244.2_47739503_5,DN_NC_073244.2_47798559_5,DN_NC_073244.2_47831779_6,DN_NC_073244.2_47878793_6,DN_NC_073244.2_47997304_5,DN_NC_073244.2_48030384_3,DN_NC_073244.2_48030811_4,DN_NC_073244.2_48066692_6,DN_NC_073244.2_48093173_7,DN_NC_073244.2_48242798_5,DN_NC_073244.2_48319142_5,DN_NC_073244.2_48352926_4,DN_NC_073244.2_48384768_7,DN_NC_073244.2_48620420_5,DN_NC_073244.2_48660338_4,DN_NC_073244.2_48919547_6,DN_NC_073244.2_48980018_5,DN_NC_073244.2_49072464_4,DN_NC_073244.2_49101177_5,DN_NC_073244.2_49176797_4,DN_NC_073244.2_49205215_5,DN_NC_073244.2_49246931_6,DN_NC_073244.2_51749194_6,DN_NC_073244.2_51783968_5,DN_NC_073244.2_51825388_5,DN_NC_073244.2_55341363_7,DN_NC_073244.2_55989141_5,DN_NC_073244.2_59724372_5,DN_NC_073244.2_59726455_2,DN_NC_073244.2_63542066_5,DN_NC_073244.2_63840101_6,DN_NC_073244.2_63855100_5,DN_NC_073244.2_63882905_5,DN_NC_073244.2_63895938_6,DN_NC_073244.2_63934684_6,DN_NC_073244.2_63961971_6,DN_NC_073244.2_63983979_5,DN_NC_073244.2_64004232_5,DN_NC_073244.2_65470296_6,DN_NC_073244.2_68477557_5,DN_NC_073244.2_68491976_5,DN_NC_073244.2_68513423_5,DN_NC_073244.2_68548768_5,DN_NC_073244.2_68611978_5,DN_NC_073244.2_69294668_4,DN_NC_073244.2_69343714_4,DN_NC_073244.2_69382679_3,DN_NC_073244.2_69422908_4,DN_NC_073244.2_69643403_5,DN_NC_073244.2_70077616_7,DN_NC_073244.2_70159242_5,DN_NC_073244.2_70224599_4,DN_NC_073244.2_70277256_8,DN_NC_073244.2_70323040_7,DN_NC_073244.2_70422477_3,DN_NC_073244.2_8594978_5,DN_NC_073245.2_58728682_5,DN_NC_073247.2_56848572_6,DN_NC_073247.2_56899135_7,DN_NC_073247.2_57761829_5,DN_NC_073247.2_57840463_5,DN_NC_073247.2_58228088_5,DN_NC_073247.2_58372296_6,DN_NC_086017.1_50382141_5,DN_NC_086017.1_50412575_3,DN_NC_086017.1_50431420_5,DN_NC_086017.1_54457640_6,DN_NC_086017.1_54487757_3,DN_NC_086017.1_54527845_6,DN_NC_086017.1_54551513_4,DN_NC_086017.1_54583506_2,DN_NC_086017.1_54612772_3,DN_NC_086017.1_54629198_3,DN_NC_086017.1_85766278_5
DSFAM1	140	25	TCP	0.04054054054054054	0.053	0.228	32	web	DN_NC_073224.2_115215234_17,DN_NC_073224.2_117217199_13,DN_NC_073224.2_119539361_2,DN_NC_073224.2_123525276_5,DN_NC_073224.2_130013703_13,DN_NC_073224.2_130406472_2,DN_NC_073224.2_130406472_4,DN_NC_073224.2_137030332_2,DN_NC_073224.2_13812644_2,DN_NC_073224.2_200263910_4,DN_NC_073224.2_219630924_4,DN_NC_073224.2_5565564_3,DN_NC_073224.2_5715398_2,DN_NC_073224.2_9521619_7,DN_NC_073227.2_107202270_4,DN_NC_073227.2_107737271_8,DN_NC_073227.2_138626266_4,DN_NC_073227.2_210308791_3,DN_NC_073227.2_211418821_2,DN_NC_073227.2_26000468_4,DN_NC_073227.2_49278079_9,DN_NC_073227.2_55859426_23,DN_NC_073227.2_59134185_2,DN_NC_073227.2_94499432_2,DN_NC_073228.2_141706476_5,DN_NC_073228.2_161454333_5,DN_NC_073228.2_22763468_38,DN_NC_073228.2_22930246_39,DN_NC_073228.2_23038330_39,DN_NC_073229.2_109663823_28,DN_NC_073229.2_110027725_2,DN_NC_073229.2_136502891_3,DN_NC_073229.2_136550623_3,DN_NC_073229.2_140139419_8,DN_NC_073229.2_164331546_2,DN_NC_073229.2_52857877_2,DN_NC_073229.2_52857903_3,DN_NC_073229.2_52876398_7,DN_NC_073230.2_116851282_14,DN_NC_073230.2_132467242_13,DN_NC_073230.2_138684446_2,DN_NC_073230.2_152836468_8,DN_NC_073230.2_152880918_9,DN_NC_073230.2_159385621_3,DN_NC_073230.2_29909396_5,DN_NC_073230.2_92132360_3,DN_NC_073230.2_98628332_5,DN_NC_073231.2_107519754_4,DN_NC_073231.2_148826481_3,DN_NC_073231.2_95446522_6,DN_NC_073232.2_101543079_10,DN_NC_073232.2_103494970_2,DN_NC_073232.2_139190015_27,DN_NC_073232.2_34013134_3,DN_NC_073232.2_50172230_4,DN_NC_073232.2_99830035_5,DN_NC_073233.2_116263271_8,DN_NC_073233.2_132097253_2,DN_NC_073233.2_14005356_9,DN_NC_073233.2_23732821_4,DN_NC_073234.2_126026608_4,DN_NC_073234.2_126370406_2,DN_NC_073234.2_148455184_2,DN_NC_073234.2_17584207_9,DN_NC_073234.2_50306180_17,DN_NC_073234.2_86426177_10,DN_NC_073235.2_112807340_11,DN_NC_073235.2_127361540_3,DN_NC_073235.2_133031264_19,DN_NC_073235.2_133124679_15,DN_NC_073235.2_137582288_5,DN_NC_073235.2_142785844_3,DN_NC_073235.2_50441116_14,DN_NC_073235.2_71287360_16,DN_NC_073235.2_71373985_7,DN_NC_073235.2_74414844_11,DN_NC_073236.2_115828789_3,DN_NC_073236.2_129488631_5,DN_NC_073236.2_30490104_2,DN_NC_073236.2_45727385_4,DN_NC_073237.2_101948554_6,DN_NC_073237.2_129609538_2,DN_NC_073237.2_58341083_8,DN_NC_073237.2_89465596_2,DN_NC_073237.2_90033004_3,DN_NC_073238.2_30171533_2,DN_NC_073238.2_33197456_2,DN_NC_073239.2_123333518_3,DN_NC_073239.2_123333523_2,DN_NC_073239.2_123336059_3,DN_NC_073239.2_123449122_2,DN_NC_073239.2_123454428_3,DN_NC_073239.2_123454429_2,DN_NC_073239.2_14838701_6,DN_NC_073239.2_34910171_2,DN_NC_073239.2_36370724_4,DN_NC_073239.2_67194404_11,DN_NC_073239.2_70164897_2,DN_NC_073239.2_77917590_16,DN_NC_073240.2_20543122_2,DN_NC_073240.2_21986088_4,DN_NC_073240.2_22861517_2,DN_NC_073240.2_23725358_9,DN_NC_073240.2_24224495_2,DN_NC_073240.2_29803770_8,DN_NC_073240.2_44461085_2,DN_NC_073240.2_44461095_2,DN_NC_073240.2_95564610_15,DN_NC_073241.2_63472392_2,DN_NC_073241.2_63472404_2,DN_NC_073241.2_80636266_2,DN_NC_073242.2_120248671_3,DN_NC_073242.2_14569289_2,DN_NC_073242.2_14569289_3,DN_NC_073242.2_7013229_2,DN_NC_073242.2_95678785_4,DN_NC_073243.2_21894066_7,DN_NC_073243.2_49045190_4,DN_NC_073243.2_69046517_5,DN_NC_073243.2_69056468_9,DN_NC_073243.2_70014918_17,DN_NC_073244.2_27139185_2,DN_NC_073244.2_43610901_6,DN_NC_073245.2_35160176_6,DN_NC_073245.2_47429376_4,DN_NC_073245.2_57775599_4,DN_NC_073246.2_32689693_4,DN_NC_073246.2_48588228_2,DN_NC_073247.2_105439613_2,DN_NC_073247.2_114234875_11,DN_NC_073247.2_115708949_2,DN_NC_073247.2_147586730_5,DN_NC_073247.2_36790580_2,DN_NC_073247.2_65342412_4,DN_NC_073247.2_66706466_2,DN_NC_073248.2_10670113_2,DN_NC_086017.1_165200217_5,DN_NC_086017.1_35538439_12,DN_NC_086017.1_43678546_18,DN_NC_086018.1_24877691_3
DSFAM2	69	24	ZNF	0.375	0.048	0.222	12	web	DN_NC_073224.2_132947918_3,DN_NC_073224.2_150835184_3,DN_NC_073224.2_152452447_2,DN_NC_073224.2_162394374_3,DN_NC_073227.2_135583997_3,DN_NC_073227.2_144460538_3,DN_NC_073227.2_144461700_2,DN_NC_073227.2_184181664_3,DN_NC_073227.2_208386894_3,DN_NC_073227.2_36265860_3,DN_NC_073227.2_93560991_18,DN_NC_073228.2_23833256_2,DN_NC_073229.2_20524922_2,DN_NC_073229.2_20525677_2,DN_NC_073229.2_24556315_2,DN_NC_073229.2_91949623_2,DN_NC_073229.2_97606864_8,DN_NC_073230.2_127821031_3,DN_NC_073230.2_28044538_2,DN_NC_073230.2_47037104_3,DN_NC_073230.2_47037167_3,DN_NC_073230.2_51605178_3,DN_NC_073230.2_56036026_15,DN_NC_073230.2_59739987_2,DN_NC_073230.2_78579198_2,DN_NC_073230.2_80200944_2,DN_NC_073231.2_142605858_2,DN_NC_073232.2_13991147_3,DN_NC_073232.2_27927613_2,DN_NC_073233.2_11450665_3,DN_NC_073233.2_119088050_4,DN_NC_073233.2_132992860_18,DN_NC_073234.2_106852963_2,DN_NC_073234.2_121621201_3,DN_NC_073234.2_139370404_3,DN_NC_073234.2_21810248_3,DN_NC_073235.2_38606855_2,DN_NC_073235.2_87399371_2,DN_NC_073235.2_87399372_3,DN_NC_073236.2_126573356_2,DN_NC_073236.2_126573360_7,DN_NC_073236.2_31151610_2,DN_NC_073237.2_70478915_2,DN_NC_073237.2_90719098_5,DN_NC_073238.2_38844253_6,DN_NC_073238.2_75992194_3,DN_NC_073238.2_92168909_33,DN_NC_073239.2_71365900_5,DN_NC_073239.2_98531685_2,DN_NC_073239.2_98531712_2,DN_NC_073239.2_98531712_3,DN_NC_073240.2_34703303_6,DN_NC_073240.2_69754085_2,DN_NC_073241.2_59430535_4,DN_NC_073242.2_96100598_13,DN_NC_073243.2_97368865_2,DN_NC_073243.2_97368870_3,DN_NC_073244.2_48583045_5,DN_NC_073245.2_12403861_6,DN_NC_073245.2_28291357_5,DN_NC_073245.2_35678256_5,DN_NC_073245.2_35678363_2,DN_NC_073246.2_35769268_8,DN_NC_073247.2_163244071_16,DN_NC_086017.1_148168205_5,DN_NC_086017.1_198455801_2,DN_NC_086017.1_58115065_4,DN_NC_086017.1_93233442_3,DN_NC_086018.1_40100382_3
DSFAM3	68	19	GBP	0.20833333333333334	0.060	0.231	13	web	DN_NC_073224.2_150567709_6,DN_NC_073224.2_150600792_11,DN_NC_073224.2_150712594_12,DN_NC_073224.2_150787798_12,DN_NC_073224.2_150859518_11,DN_NC_073224.2_150903711_11,DN_NC_073224.2_150948916_11,DN_NC_073227.2_109806788_5,DN_NC_073227.2_205610166_3,DN_NC_073227.2_22580407_2,DN_NC_073228.2_179980536_5,DN_NC_073228.2_181539844_2,DN_NC_073228.2_182670660_2,DN_NC_073228.2_82312011_2,DN_NC_073228.2_82312065_3,DN_NC_073229.2_172859564_2,DN_NC_073229.2_21212091_2,DN_NC_073229.2_21250610_2,DN_NC_073229.2_21260621_3,DN_NC_073229.2_21267403_2,DN_NC_073229.2_21328949_3,DN_NC_073229.2_21332828_2,DN_NC_073229.2_25792528_2,DN_NC_073229.2_29619457_3,DN_NC_073229.2_37505661_2,DN_NC_073229.2_37506801_2,DN_NC_073230.2_113873404_2,DN_NC_073230.2_124939640_5,DN_NC_073230.2_37931018_4,DN_NC_073231.2_27219653_9,DN_NC_073231.2_27335163_6,DN_NC_073231.2_27367940_9,DN_NC_073231.2_27420263_10,DN_NC_073232.2_54688339_2,DN_NC_073232.2_89716083_2,DN_NC_073234.2_79607745_2,DN_NC_073234.2_87500533_19,DN_NC_073235.2_41950647_3,DN_NC_073235.2_83159862_3,DN_NC_073235.2_91038771_5,DN_NC_073235.2_93196915_2,DN_NC_073235.2_94365284_2,DN_NC_073236.2_112799498_6,DN_NC_073236.2_52215748_2,DN_NC_073236.2_52215749_3,DN_NC_073237.2_91001440_7,DN_NC_073238.2_124443812_2,DN_NC_073238.2_125561692_4,DN_NC_073239.2_28798849_2,DN_NC_073239.2_87154592_2,DN_NC_073239.2_98525434_2,DN_NC_073240.2_71261298_2,DN_NC_073240.2_71289923_2,DN_NC_073240.2_71415152_2,DN_NC_073240.2_99777435_2,DN_NC_073241.2_105951612_2,DN_NC_073243.2_53724919_2,DN_NC_073243.2_84505022_2,DN_NC_073243.2_94988262_4,DN_NC_073243.2_97413463_8,DN_NC_073246.2_23987934_2,DN_NC_086017.1_125108432_2,DN_NC_086017.1_156500672_2,DN_NC_086017.1_156500672_3,DN_NC_086017.1_185299820_2,DN_NC_086017.1_20925773_3,DN_NC_086017.1_20985161_2,DN_NC_086018.1_45497764_2
DSFAM4	64	9	ZNF	0.9705882352941176	0.783	0.303	3	family	DN_NC_073224.2_40627195_4,DN_NC_073224.2_8222533_5,DN_NC_073224.2_8422960_4,DN_NC_073227.2_8633416_4,DN_NC_073227.2_8633418_2,DN_NC_073227.2_8705656_4,DN_NC_073227.2_8792448_3,DN_NC_073227.2_8907801_4,DN_NC_073227.2_9009655_3,DN_NC_073227.2_9009888_2,DN_NC_073227.2_9010062_2,DN_NC_073228.2_49477319_5,DN_NC_073228.2_61034643_7,DN_NC_073230.2_64900495_2,DN_NC_073230.2_73508332_4,DN_NC_073230.2_73776646_4,DN_NC_073230.2_73977205_4,DN_NC_073230.2_74126483_4,DN_NC_073230.2_74190289_5,DN_NC_073230.2_74299233_4,DN_NC_073230.2_74637722_4,DN_NC_073230.2_74637814_2,DN_NC_073233.2_9788172_5,DN_NC_073241.2_36126183_3,DN_NC_073241.2_36126198_2,DN_NC_073242.2_66613619_4,DN_NC_073244.2_26240035_4,DN_NC_073244.2_26240039_2,DN_NC_073244.2_26314241_4,DN_NC_073244.2_26470366_4,DN_NC_073244.2_26666712_5,DN_NC_073244.2_26901109_4,DN_NC_073244.2_27051998_4,DN_NC_073244.2_27131194_2,DN_NC_073244.2_27285351_4,DN_NC_073244.2_27408454_4,DN_NC_073244.2_27504818_5,DN_NC_073244.2_27566430_5,DN_NC_073244.2_27626411_5,DN_NC_073244.2_27765726_4,DN_NC_073244.2_27869273_3,DN_NC_073244.2_27956158_2,DN_NC_073244.2_27956158_4,DN_NC_073244.2_28072858_4,DN_NC_073244.2_28256975_5,DN_NC_073244.2_28333451_4,DN_NC_073244.2_28588105_4,DN_NC_073244.2_28711447_2,DN_NC_073244.2_28711447_4,DN_NC_073244.2_28820229_4,DN_NC_073244.2_29046961_4,DN_NC_073244.2_29232445_4,DN_NC_073244.2_29297022_4,DN_NC_073244.2_29557605_4,DN_NC_073244.2_29680825_2,DN_NC_073244.2_29680825_4,DN_NC_073244.2_29970261_4,DN_NC_073244.2_30067652_4,DN_NC_073244.2_30090650_6,DN_NC_073244.2_30438340_4,DN_NC_073244.2_30438386_2,DN_NC_073244.2_70399351_4,DN_NC_073246.2_15789285_3,DN_NC_073246.2_15789320_2
DSFAM5	44	10	ZNF	0.75	0.508	0.247	7	family	DN_NC_073224.2_136262916_11,DN_NC_073230.2_89256114_4,DN_NC_073231.2_53708239_3,DN_NC_073232.2_145623155_3,DN_NC_073233.2_130995027_7,DN_NC_073236.2_113129170_6,DN_NC_073242.2_37302670_5,DN_NC_073242.2_37386128_4,DN_NC_073244.2_64034715_7,DN_NC_073244.2_64081943_4,DN_NC_073244.2_64125568_5,DN_NC_073244.2_64231369_4,DN_NC_073244.2_64265252_5,DN_NC_073244.2_64306022_6,DN_NC_073244.2_64340366_4,DN_NC_073244.2_64368633_7,DN_NC_073244.2_64400145_5,DN_NC_073244.2_64426370_6,DN_NC_073244.2_64500861_5,DN_NC_073244.2_64543447_4,DN_NC_073244.2_64585864_4,DN_NC_073244.2_64618758_7,DN_NC_073244.2_64672255_4,DN_NC_073244.2_64724127_4,DN_NC_073244.2_64759228_5,DN_NC_073244.2_64797239_5,DN_NC_073244.2_64836827_4,DN_NC_073244.2_64860608_4,DN_NC_073244.2_64908457_4,DN_NC_073244.2_65003440_7,DN_NC_073244.2_65046428_2,DN_NC_073244.2_65046428_4,DN_NC_073244.2_65073171_5,DN_NC_073244.2_65102393_4,DN_NC_073244.2_65266359_4,DN_NC_073244.2_65293743_4,DN_NC_073244.2_65326089_4,DN_NC_073244.2_65362909_5,DN_NC_073244.2_65398487_4,DN_NC_073244.2_68643423_8,DN_NC_073247.2_34199522_16,DN_NC_086017.1_161710205_3,DN_NC_086017.1_41849470_3,DN_NC_086017.1_41849524_2
DSFAM6	37	5	ZNF	0.9	0.584	0.242	3	family	DN_NC_073224.2_8261601_4,DN_NC_073224.2_8329397_4,DN_NC_073224.2_8356715_4,DN_NC_073228.2_174193084_4,DN_NC_073242.2_74755277_3,DN_NC_073244.2_17635782_4,DN_NC_073244.2_17678736_4,DN_NC_073244.2_17700597_4,DN_NC_073244.2_17751582_4,DN_NC_073244.2_17751584_2,DN_NC_073244.2_17797611_4,DN_NC_073244.2_17831067_3,DN_NC_073244.2_17846610_4,DN_NC_073244.2_17876785_4,DN_NC_073244.2_17922158_4,DN_NC_073244.2_17960497_4,DN_NC_073244.2_17994654_4,DN_NC_073244.2_18045307_2,DN_NC_073244.2_18047026_4,DN_NC_073244.2_18096775_3,DN_NC_073244.2_18124175_2,DN_NC_073244.2_18124193_3,DN_NC_073244.2_18201516_4,DN_NC_073244.2_18232282_4,DN_NC_073244.2_18307855_4,DN_NC_073244.2_18356684_4,DN_NC_073244.2_18385030_4,DN_NC_073244.2_18426035_4,DN_NC_073244.2_18470484_4,DN_NC_073244.2_18564507_4,DN_NC_073244.2_18614963_5,DN_NC_073244.2_18649721_4,DN_NC_073244.2_26156853_4,DN_NC_073244.2_8619131_4,DN_NC_073244.2_8680135_4,DN_NC_073244.2_8711681_4,DN_NC_086017.1_50362387_6
DSFAM7	34	1	ZNF	0.875	0.520	0.235	1	family	DN_NC_073244.2_46013405_4,DN_NC_073244.2_69454247_3,DN_NC_073244.2_69454318_2,DN_NC_073244.2_69466443_4,DN_NC_073244.2_69492904_4,DN_NC_073244.2_69514207_2,DN_NC_073244.2_69538312_3,DN_NC_073244.2_69572632_2,DN_NC_073244.2_69572632_3,DN_NC_073244.2_69601170_4,DN_NC_073244.2_69628878_4,DN_NC_073244.2_69672458_4,DN_NC_073244.2_69685698_2,DN_NC_073244.2_69685713_2,DN_NC_073244.2_69685721_4,DN_NC_073244.2_69715659_3,DN_NC_073244.2_69715828_2,DN_NC_073244.2_69783488_3,DN_NC_073244.2_69799604_5,DN_NC_073244.2_69821764_4,DN_NC_073244.2_69848672_3,DN_NC_073244.2_69848694_2,DN_NC_073244.2_69873255_2,DN_NC_073244.2_69910623_3,DN_NC_073244.2_69923242_3,DN_NC_073244.2_69923243_2,DN_NC_073244.2_69974453_2,DN_NC_073244.2_69975553_3,DN_NC_073244.2_70009554_3,DN_NC_073244.2_70024584_5,DN_NC_073244.2_70042341_3,DN_NC_073244.2_70043245_2,DN_NC_073244.2_70501781_3,DN_NC_073244.2_70525717_3
DSFAM8	22	6	ZNF	0.95	0.190	0.231	4	family	DN_NC_073224.2_124008865_3,DN_NC_073224.2_5641112_4,DN_NC_073231.2_130802378_3,DN_NC_073231.2_149140314_3,DN_NC_073240.2_91564233_4,DN_NC_073242.2_36121013_3,DN_NC_073242.2_36238906_2,DN_NC_073242.2_36498381_3,DN_NC_073242.2_6758889_7,DN_NC_073244.2_15172509_7,DN_NC_073244.2_68699723_3,DN_NC_073244.2_68766684_2,DN_NC_073244.2_70205143_2,DN_NC_073244.2_70451371_2,DN_NC_073244.2_70544393_4,DN_NC_073244.2_70556426_4,DN_NC_073244.2_70558480_2,DN_NC_073244.2_70659480_6,DN_NC_086018.1_17871480_5,DN_NC_086018.1_17871581_2,DN_NC_086018.1_18821463_5,DN_NC_086018.1_21231592_2
DSFAM9	21	3	ZNF	1.0	0.581	0.277	0	family	DN_NC_073232.2_71881610_2,DN_NC_073232.2_71881634_2,DN_NC_073232.2_71892021_2,DN_NC_073233.2_13339812_3,DN_NC_073244.2_55426973_9,DN_NC_073244.2_55464824_5,DN_NC_073244.2_55497464_5,DN_NC_073244.2_55516115_5,DN_NC_073244.2_55538420_4,DN_NC_073244.2_55565140_5,DN_NC_073244.2_55585242_5,DN_NC_073244.2_55607411_6,DN_NC_073244.2_55618657_2,DN_NC_073244.2_55626504_5,DN_NC_073244.2_55654796_6,DN_NC_073244.2_55678004_6,DN_NC_073244.2_55771764_5,DN_NC_073244.2_55797441_5,DN_NC_073244.2_55835875_4,DN_NC_073244.2_55899006_4,DN_NC_073244.2_55940471_6
DSFAM10	15	1	MAGEA	1.0	0.905	0.527	0	family	DN_NC_073247.2_161251228_4,DN_NC_073247.2_161458538_3,DN_NC_073247.2_161556098_3,DN_NC_073247.2_163590486_3,DN_NC_073247.2_163809311_4,DN_NC_073247.2_164381222_3,DN_NC_073247.2_164381237_2,DN_NC_073247.2_164397061_3,DN_NC_073247.2_164405406_2,DN_NC_073247.2_164407411_3,DN_NC_073247.2_164407414_2,DN_NC_073247.2_164426194_3,DN_NC_073247.2_164442447_2,DN_NC_073247.2_164442447_3,DN_NC_073247.2_164861277_3
DSFAM11	13	1	MAGEB	1.0	0.526	0.442	0	family	DN_NC_073247.2_36669088_2,DN_NC_073247.2_36702175_2,DN_NC_073247.2_38333222_3,DN_NC_073247.2_38356091_2,DN_NC_073247.2_38356425_2,DN_NC_073247.2_40731967_2,DN_NC_073247.2_40732356_2,DN_NC_073247.2_40732536_2,DN_NC_073247.2_40747465_5,DN_NC_073247.2_40760693_3,DN_NC_073247.2_40763707_2,DN_NC_073247.2_40763799_2,DN_NC_073247.2_40764337_2
DSFAM12	11	5	ZNF	0.5454545454545454	0.273	0.265	3	family	DN_NC_073229.2_45875453_5,DN_NC_073229.2_45985816_6,DN_NC_073230.2_89330236_3,DN_NC_073230.2_89330255_2,DN_NC_073240.2_44169503_5,DN_NC_073240.2_44172340_2,DN_NC_073242.2_24889827_7,DN_NC_073242.2_6930599_2,DN_NC_073242.2_6930862_6,DN_NC_073242.2_6953229_7,DN_NC_073247.2_147064204_6
DSFAM13	11	6	TUBA	0.75	0.855	0.725	0	family	DN_NC_073232.2_14351656_4,DN_NC_073234.2_52064465_4,DN_NC_073234.2_52151326_4,DN_NC_073234.2_52202911_4,DN_NC_073235.2_121946440_4,DN_NC_073235.2_31723374_5,DN_NC_073235.2_32697745_5,DN_NC_073238.2_31467876_5,DN_NC_073240.2_22595737_5,DN_NC_086018.1_16134008_5,DN_NC_086018.1_18552717_3
DSFAM14	11	9	FBXO	0.3333333333333333	0.545	0.286	0	family	DN_NC_073224.2_197128142_3,DN_NC_073227.2_204398881_3,DN_NC_073229.2_194862622_5,DN_NC_073230.2_53547116_11,DN_NC_073232.2_72957232_4,DN_NC_073238.2_33904146_3,DN_NC_073240.2_20728188_4,DN_NC_073240.2_23674889_10,DN_NC_073240.2_29752710_11,DN_NC_073243.2_111186227_2,DN_NC_073244.2_50702615_6
DSFAM15	10	6	APOL	0.6666666666666666	0.244	0.274	4	family	DN_NC_073227.2_148229831_8,DN_NC_073238.2_39529658_9,DN_NC_073240.2_41396094_2,DN_NC_073244.2_15689625_6,DN_NC_086017.1_29787177_6,DN_NC_086017.1_29831691_3,DN_NC_086018.1_34137538_4,DN_NC_086018.1_34186611_4,DN_NC_086018.1_34223461_5,DN_NC_086018.1_34250359_7
DSFAM16	10	3	RPL	0.6666666666666666	0.489	0.464	3	family	DN_NC_073236.2_46653509_10,DN_NC_073236.2_46676942_15,DN_NC_073236.2_47712811_9,DN_NC_073236.2_47732210_12,DN_NC_073236.2_49989275_2,DN_NC_073236.2_51202468_4,DN_NC_073236.2_51437835_4,DN_NC_073236.2_52824428_4,DN_NC_073247.2_131468464_3,DN_NC_086017.1_198207851_3
DSFAM17	10	1	GSTM	1.0	0.844	0.389	0	family	DN_NC_073224.2_115073393_19,DN_NC_073224.2_116807774_25,DN_NC_073224.2_117494263_25,DN_NC_073224.2_124234032_12,DN_NC_073224.2_124254598_20,DN_NC_073224.2_125055626_35,DN_NC_073224.2_125594338_29,DN_NC_073224.2_129970070_21,DN_NC_073224.2_130224824_25,DN_NC_073224.2_130335848_23
DSFAM18	9	8	RHOT	0.5	0.528	0.285	1	family	DN_NC_073228.2_60766049_19,DN_NC_073229.2_43677378_4,DN_NC_073229.2_67950085_3,DN_NC_073236.2_139901266_3,DN_NC_073237.2_58966871_3,DN_NC_073238.2_32617313_2,DN_NC_073241.2_83874271_3,DN_NC_073244.2_6165323_3,DN_NC_086017.1_112545872_3
DSFAM19	9	8	TMEM	0.3333333333333333	0.278	0.216	1	family	DN_NC_073227.2_47550779_2,DN_NC_073230.2_133049988_3,DN_NC_073232.2_108139494_4,DN_NC_073234.2_90680832_2,DN_NC_073235.2_106111443_2,DN_NC_073237.2_28611397_2,DN_NC_073237.2_32419572_2,DN_NC_073238.2_99947098_2,DN_NC_073246.2_25308035_5
DSFAM20	9	5	(novel)	NA	0.500	0.549	1	family	DN_NC_073227.2_45042258_2,DN_NC_073229.2_107305414_13,DN_NC_073237.2_79911856_2,DN_NC_073237.2_79911899_2,DN_NC_073237.2_79911901_2,DN_NC_073237.2_79912635_2,DN_NC_073237.2_79912648_2,DN_NC_073238.2_38269853_5,DN_NC_073239.2_75240589_2
DSFAM21	8	7	(novel)	NA	1.000	0.623	0	family	DN_NC_073227.2_211080863_4,DN_NC_073227.2_8155721_4,DN_NC_073230.2_168783006_4,DN_NC_073231.2_150902261_3,DN_NC_073232.2_8583099_4,DN_NC_073239.2_124648897_4,DN_NC_073240.2_103747497_4,DN_NC_073242.2_121237165_4
DSFAM22	8	7	(novel)	NA	1.000	0.472	0	family	DN_NC_073229.2_195378107_3,DN_NC_073232.2_146269317_5,DN_NC_073236.2_140400059_5,DN_NC_073237.2_118498911_4,DN_NC_073241.2_110003031_5,DN_NC_073244.2_70818649_5,DN_NC_086017.1_211655827_5,DN_NC_086017.1_9337960_4
DSFAM23	8	3	NUPR	0.3333333333333333	0.464	0.194	0	family	DN_NC_073227.2_139561252_10,DN_NC_073227.2_148253939_6,DN_NC_073227.2_166164041_5,DN_NC_073230.2_63938060_3,DN_NC_073230.2_64191496_8,DN_NC_073230.2_64295055_2,DN_NC_073230.2_64705365_4,DN_NC_073233.2_55845432_8
DSFAM24	8	5	TRAF	0.25	0.393	0.216	1	family	DN_NC_073224.2_125859316_3,DN_NC_073224.2_45389129_11,DN_NC_073224.2_77707994_7,DN_NC_073232.2_65905862_9,DN_NC_073232.2_69473322_8,DN_NC_073237.2_96675699_5,DN_NC_073244.2_56720868_3,DN_NC_086018.1_19844955_6
DSFAM25	7	5	RPAP	0.5	0.524	0.258	1	family	DN_NC_073224.2_147572773_13,DN_NC_073229.2_48204411_2,DN_NC_073229.2_48206781_2,DN_NC_073238.2_36940799_2,DN_NC_073239.2_32630520_8,DN_NC_073239.2_32663808_8,DN_NC_073244.2_28431147_7
DSFAM26	7	1	(novel)	NA	0.952	0.511	0	family	DN_NC_073229.2_47377766_7,DN_NC_073229.2_47549272_8,DN_NC_073229.2_47588366_4,DN_NC_073229.2_47663527_8,DN_NC_073229.2_48177425_8,DN_NC_073229.2_48967498_8,DN_NC_073229.2_49051174_8
DSFAM27	7	5	(novel)	NA	1.000	0.488	0	family	DN_NC_073227.2_12088225_8,DN_NC_073236.2_22549336_8,DN_NC_073236.2_24785599_8,DN_NC_073236.2_30205531_7,DN_NC_073238.2_23392840_7,DN_NC_073246.2_11287585_8,DN_NC_073248.2_45277558_8
DSFAM28	7	1	(novel)	NA	0.905	0.665	0	family	DN_NC_073224.2_129429039_7,DN_NC_073224.2_218361248_19,DN_NC_073224.2_218434129_23,DN_NC_073224.2_223156764_8,DN_NC_073224.2_223291569_8,DN_NC_073224.2_223478295_8,DN_NC_073224.2_223613827_8
DSFAM29	7	6	(novel)	NA	0.476	0.303	1	family	DN_NC_073227.2_210893336_9,DN_NC_073236.2_26203134_8,DN_NC_073239.2_44147073_8,DN_NC_073239.2_44758266_8,DN_NC_073246.2_2235416_3,DN_NC_073248.2_10847471_7,DN_NC_086018.1_1774757_3
DSFAM30	7	1	(novel)	NA	1.000	0.770	0	family	DN_NC_073224.2_15670210_25,DN_NC_073224.2_15783681_8,DN_NC_073224.2_19027212_8,DN_NC_073224.2_19135994_8,DN_NC_073224.2_19235747_8,DN_NC_073224.2_19344252_8,DN_NC_073224.2_29070818_24
DSFAM31	6	2	(novel)	NA	1.000	0.647	0	family	DN_NC_073236.2_32985892_2,DN_NC_073236.2_32986425_2,DN_NC_073236.2_32986917_2,DN_NC_073236.2_32986956_2,DN_NC_073237.2_24384479_2,DN_NC_073237.2_24384787_2
DSFAM32	6	3	ANKRD	1.0	0.733	0.291	0	family	DN_NC_073236.2_32866582_11,DN_NC_073237.2_24387014_11,DN_NC_073237.2_29418618_13,DN_NC_073237.2_31481917_11,DN_NC_073237.2_93516915_6,DN_NC_073238.2_24813037_2
DSFAM33	6	4	MCFD	0.5	0.400	0.283	1	family	DN_NC_073227.2_16860393_3,DN_NC_073227.2_21866694_4,DN_NC_073227.2_22207916_2,DN_NC_073236.2_92822528_4,DN_NC_073243.2_101845354_5,DN_NC_073245.2_28784637_3
DSFAM34	6	4	(novel)	NA	1.000	0.347	0	family	DN_NC_073227.2_17445647_6,DN_NC_073231.2_11581641_7,DN_NC_073242.2_8737492_8,DN_NC_086017.1_136773097_2,DN_NC_086017.1_141278779_5,DN_NC_086017.1_85330170_7
DSFAM35	6	4	(novel)	NA	0.600	0.247	1	family	DN_NC_073232.2_42022900_16,DN_NC_073232.2_72618921_23,DN_NC_073236.2_30994185_5,DN_NC_073237.2_22957046_5,DN_NC_073238.2_29552503_8,DN_NC_073238.2_31858801_4
DSFAM36	6	5	(novel)	NA	0.867	0.330	0	family	DN_NC_073235.2_33703802_2,DN_NC_073235.2_34402342_7,DN_NC_073236.2_21829724_2,DN_NC_073238.2_24693721_8,DN_NC_073240.2_14911190_8,DN_NC_073245.2_42779121_5
DSFAM37	6	5	TUBB	1.0	1.000	0.681	0	family	DN_NC_073229.2_20766733_4,DN_NC_073229.2_48413863_4,DN_NC_073232.2_8975313_3,DN_NC_073237.2_133664160_4,DN_NC_073242.2_120516047_4,DN_NC_073244.2_12296250_4
DSFAM38	6	1	(novel)	NA	0.733	0.535	1	family	DN_NC_073242.2_85715932_3,DN_NC_073242.2_85735381_3,DN_NC_073242.2_85744192_2,DN_NC_073242.2_85759116_3,DN_NC_073242.2_85790824_3,DN_NC_073242.2_85815514_3
DSFAM39	5	5	PPP1R	0.3333333333333333	0.400	0.203	1	family	DN_NC_073231.2_150893284_5,DN_NC_073237.2_129707941_5,DN_NC_073239.2_123469457_3,DN_NC_073242.2_6296327_3,DN_NC_073244.2_61016337_3
DSFAM40	5	1	(novel)	NA	1.000	0.270	0	family	DN_NC_073242.2_18210354_26,DN_NC_073242.2_21122105_21,DN_NC_073242.2_21673693_21,DN_NC_073242.2_22021271_21,DN_NC_073242.2_35991615_14
DSFAM41	5	4	XRCC	1.0	1.000	0.557	0	family	DN_NC_073230.2_161461453_3,DN_NC_073230.2_161461454_2,DN_NC_073236.2_23070420_5,DN_NC_073238.2_25250945_5,DN_NC_073240.2_17174470_5
DSFAM42	5	5	SERPINA	0.5	0.600	0.223	1	family	DN_NC_073227.2_8788064_2,DN_NC_073230.2_150857421_7,DN_NC_073232.2_89660303_4,DN_NC_073239.2_111557119_5,DN_NC_086018.1_15053567_4
DSFAM43	5	1	(novel)	NA	1.000	0.973	0	family	DN_NC_073247.2_59696701_5,DN_NC_073247.2_59706220_5,DN_NC_073247.2_59715729_5,DN_NC_073247.2_59725264_5,DN_NC_073247.2_59772963_5
DSFAM44	5	1	(novel)	NA	0.900	0.673	0	family	DN_NC_073247.2_59744368_5,DN_NC_073247.2_59753367_5,DN_NC_073247.2_59782481_5,DN_NC_073247.2_59792068_6,DN_NC_073247.2_59878462_6
DSFAM45	5	1	KRT	1.0	0.900	0.379	0	family	DN_NC_073234.2_48448103_8,DN_NC_073234.2_48529294_9,DN_NC_073234.2_49024482_9,DN_NC_073234.2_49087212_9,DN_NC_073234.2_49097599_9
DSFAM46	5	2	IFITM	1.0	0.900	0.429	0	family	DN_NC_073227.2_97044821_2,DN_NC_073233.2_6765591_2,DN_NC_073233.2_6765652_2,DN_NC_073233.2_6771931_2,DN_NC_073233.2_6771945_2
DSFAM47	5	2	HNRNPH	1.0	1.000	0.814	0	family	DN_NC_073228.2_183595646_14,DN_NC_073247.2_113184288_2,DN_NC_073247.2_113184310_2,DN_NC_073247.2_113184407_2,DN_NC_073247.2_113184615_2
DSFAM48	5	2	(novel)	NA	1.000	0.478	0	family	DN_NC_073247.2_17003459_2,DN_NC_073247.2_18318973_2,DN_NC_073247.2_18638732_2,DN_NC_073247.2_18934892_2,DN_NC_073248.2_30080680_2
DSFAM49	5	1	PCDHB	1.0	1.000	0.700	0	family	DN_NC_073228.2_144930560_2,DN_NC_073228.2_144930567_2,DN_NC_073228.2_144930638_2,DN_NC_073228.2_145079893_2,DN_NC_073228.2_145079904_2
DSFAM50	5	2	(novel)	NA	1.000	0.437	0	family	DN_NC_073228.2_78946144_3,DN_NC_073228.2_78970101_2,DN_NC_073228.2_78970117_3,DN_NC_073242.2_66481481_2,DN_NC_073242.2_68108553_2
DSFAM51	5	3	SERINC	0.4	0.400	0.251	3	family	DN_NC_073228.2_34970492_2,DN_NC_073240.2_44603034_3,DN_NC_073240.2_44604956_12,DN_NC_073240.2_44606131_4,DN_NC_073245.2_56707704_5
DSFAM52	5	1	(novel)	NA	1.000	1.000	0	family	DN_NC_073248.2_19625716_11,DN_NC_073248.2_19648671_11,DN_NC_073248.2_19671639_11,DN_NC_073248.2_19694607_11,DN_NC_073248.2_25725363_11
DSFAM53	5	2	DHRSX	1.0	1.000	0.963	0	family	DN_NC_073247.2_11741565_2,DN_NC_073247.2_11741821_2,DN_NC_073248.2_9064540_2,DN_NC_073248.2_9064541_2,DN_NC_073248.2_9064807_2
DSFAM54	5	1	TRIM	1.0	0.500	0.260	2	family	DN_NC_073233.2_10737351_7,DN_NC_073233.2_11930987_8,DN_NC_073233.2_11960151_8,DN_NC_073233.2_11997286_8,DN_NC_073233.2_12022944_8
DSFAM55	5	4	MYH	1.0	0.700	0.622	1	family	DN_NC_073239.2_33219684_14,DN_NC_073243.2_25668904_14,DN_NC_073243.2_25770609_26,DN_NC_073245.2_47207807_14,DN_NC_086017.1_119256163_19
DSFAM56	5	1	(novel)	NA	0.900	0.571	0	family	DN_NC_073242.2_66060664_2,DN_NC_073242.2_66060865_2,DN_NC_073242.2_66831403_2,DN_NC_073242.2_66832276_2,DN_NC_073242.2_74668051_2
DSFAM57	5	1	(novel)	NA	0.700	0.314	1	family	DN_NC_073230.2_112158616_4,DN_NC_073230.2_51812102_9,DN_NC_073230.2_86050165_15,DN_NC_073230.2_86128587_5,DN_NC_073230.2_86213678_7
DSFAM58	5	3	RHBDF	0.6666666666666666	0.500	0.567	2	family	DN_NC_073228.2_15481792_19,DN_NC_073235.2_144819821_8,DN_NC_073235.2_144823500_4,DN_NC_073242.2_3673676_5,DN_NC_073242.2_3677891_18
DSFAM59	5	1	(novel)	NA	0.700	0.392	1	family	DN_NC_073229.2_50085643_6,DN_NC_073229.2_50165852_6,DN_NC_073229.2_50300098_6,DN_NC_073229.2_50380193_5,DN_NC_073229.2_50795834_6
DSFAM60	5	1	(novel)	NA	1.000	0.709	0	family	DN_NC_073239.2_122615409_4,DN_NC_073239.2_122634080_4,DN_NC_073239.2_122741455_4,DN_NC_073239.2_122769394_7,DN_NC_073239.2_122796928_6
DSFAM61	5	1	ASTN	1.0	1.000	0.959	0	family	DN_NC_073237.2_113053047_2,DN_NC_073237.2_113053473_2,DN_NC_073237.2_113053473_3,DN_NC_073237.2_113053668_2,DN_NC_073237.2_113053700_2
DSFAM62	5	3	ALDH1B	0.6666666666666666	0.900	0.535	0	family	DN_NC_073234.2_127179897_13,DN_NC_073236.2_32676987_2,DN_NC_073237.2_24562360_2,DN_NC_073237.2_24562366_2,DN_NC_073237.2_31692944_2
DSFAM63	5	1	(novel)	NA	0.700	0.657	1	family	DN_NC_073229.2_70515777_4,DN_NC_073229.2_70527768_7,DN_NC_073229.2_70567152_7,DN_NC_073229.2_70609285_7,DN_NC_073229.2_70674504_7
DSFAM64	5	2	RFPL	1.0	0.600	0.558	1	family	DN_NC_073244.2_67776054_3,DN_NC_073244.2_67840893_3,DN_NC_086018.1_27470342_2,DN_NC_086018.1_30368542_3,DN_NC_086018.1_30374795_4
DSFAM65	5	5	RABL	1.0	1.000	0.482	0	family	DN_NC_073227.2_212285016_9,DN_NC_073231.2_151170137_9,DN_NC_073235.2_15131698_9,DN_NC_073247.2_167707352_7,DN_NC_086018.1_48818439_9
DSFAM66	5	4	CLN	0.5	0.600	0.279	1	family	DN_NC_073228.2_29619142_9,DN_NC_073230.2_137552467_7,DN_NC_073231.2_6126395_2,DN_NC_073231.2_6126397_2,DN_NC_086017.1_152815584_2
DSFAM67	5	1	TCEAL	1.0	0.600	0.322	1	family	DN_NC_073247.2_113908222_3,DN_NC_073247.2_113922705_3,DN_NC_073247.2_115050911_3,DN_NC_073247.2_115371773_3,DN_NC_073247.2_115394224_3
DSFAM68	5	4	(novel)	NA	1.000	0.293	0	family	DN_NC_073224.2_204820137_2,DN_NC_073228.2_64851588_2,DN_NC_073228.2_64854515_2,DN_NC_073235.2_134120506_2,DN_NC_073247.2_105164639_2
DSFAM69	5	1	PRNP	1.0	1.000	0.898	0	family	DN_NC_073245.2_14599986_2,DN_NC_073245.2_14600009_2,DN_NC_073245.2_14600009_3,DN_NC_073245.2_14600049_2,DN_NC_073245.2_14600539_2
DSFAM70	5	2	MORC	0.6	0.500	0.641	2	family	DN_NC_073233.2_67344582_15,DN_NC_086018.1_28714522_15,DN_NC_086018.1_28941798_2,DN_NC_086018.1_28941800_2,DN_NC_086018.1_28944611_26
DSFAM71	5	2	PJA	1.0	0.900	0.515	0	family	DN_NC_073228.2_113136254_10,DN_NC_073247.2_80934712_2,DN_NC_073247.2_80936302_2,DN_NC_073247.2_80936309_2,DN_NC_073247.2_80936309_3
DSFAM72	5	1	(novel)	NA	0.700	0.428	1	family	DN_NC_073242.2_84833963_14,DN_NC_073242.2_84922514_14,DN_NC_073242.2_96060106_12,DN_NC_073242.2_96073882_12,DN_NC_073242.2_96161607_12
DSFAM73	5	4	DPYSL	0.6	0.400	0.391	2	family	DN_NC_073227.2_15519199_14,DN_NC_073227.2_15589297_3,DN_NC_073228.2_151255605_14,DN_NC_073231.2_30794526_14,DN_NC_073232.2_144546965_14
DSFAM74	5	4	SAFB	1.0	0.700	0.391	0	family	DN_NC_073238.2_8052138_7,DN_NC_073240.2_4575875_4,DN_NC_073241.2_195924_6,DN_NC_073244.2_11377962_21,DN_NC_073244.2_11413820_21
DSFAM75	5	4	COL1A	0.4	0.700	0.427	1	family	DN_NC_073228.2_41871026_51,DN_NC_073230.2_94413807_52,DN_NC_073234.2_53272916_54,DN_NC_073235.2_91416644_51,DN_NC_073235.2_91471014_54
DSFAM76	5	4	ENO	0.6	0.600	0.522	1	family	DN_NC_073224.2_231736369_12,DN_NC_073224.2_25093112_7,DN_NC_073234.2_22572777_12,DN_NC_073235.2_104226160_12,DN_NC_073243.2_20078090_12
DSFAM77	4	1	SDHAF	1.0	1.000	0.631	0	family	DN_NC_073230.2_91654449_3,DN_NC_073230.2_91659196_2,DN_NC_073230.2_91659196_3,DN_NC_073230.2_91659199_4
DSFAM78	4	4	(novel)	NA	1.000	0.526	0	family	DN_NC_073230.2_161022909_27,DN_NC_073236.2_21263952_7,DN_NC_073238.2_22875925_6,DN_NC_073240.2_14396114_6
DSFAM79	4	1	(novel)	NA	1.000	0.942	0	family	DN_NC_073232.2_116585934_2,DN_NC_073232.2_116588372_2,DN_NC_073232.2_116588372_3,DN_NC_073232.2_116588373_3
DSFAM80	4	1	(novel)	NA	1.000	0.176	0	family	DN_NC_073236.2_44341131_2,DN_NC_073236.2_44341132_3,DN_NC_073236.2_44341142_4,DN_NC_073236.2_44341152_2
DSFAM81	4	4	EHD	1.0	0.833	0.322	0	family	DN_NC_073233.2_72751588_5,DN_NC_073236.2_108637713_6,DN_NC_073240.2_42709516_6,DN_NC_073244.2_59252668_6
DSFAM82	4	2	(novel)	NA	1.000	0.475	0	family	DN_NC_073240.2_43610228_10,DN_NC_086017.1_171687466_2,DN_NC_086017.1_171687484_2,DN_NC_086017.1_171687563_2
DSFAM83	4	3	(novel)	NA	1.000	0.387	0	family	DN_NC_073224.2_27333739_3,DN_NC_073228.2_64771915_4,DN_NC_073228.2_64771950_2,DN_NC_073234.2_48400691_7
DSFAM84	4	1	GALNT	0.5	0.667	0.238	1	family	DN_NC_073230.2_14161449_15,DN_NC_073230.2_76425037_7,DN_NC_073230.2_80576116_9,DN_NC_073230.2_81087606_7
DSFAM85	4	4	ACTN	1.0	1.000	0.544	0	family	DN_NC_073224.2_25533741_19,DN_NC_073233.2_74467231_21,DN_NC_073239.2_85769342_21,DN_NC_073244.2_50412691_21
DSFAM86	4	3	(novel)	NA	1.000	0.449	0	family	DN_NC_073236.2_22701854_7,DN_NC_073236.2_25270756_7,DN_NC_073240.2_15970659_7,DN_NC_073247.2_165410205_10
DSFAM87	4	2	HSPA	1.0	1.000	0.734	0	family	DN_NC_073229.2_49412440_2,DN_NC_073229.2_49412454_2,DN_NC_073229.2_49412455_2,DN_NC_073233.2_130982674_9
DSFAM88	4	1	(novel)	NA	1.000	0.392	0	family	DN_NC_073248.2_15918163_7,DN_NC_073248.2_16416010_5,DN_NC_073248.2_19602755_10,DN_NC_073248.2_25704431_6
DSFAM89	4	1	(novel)	NA	0.667	0.151	1	family	DN_NC_073241.2_38821696_2,DN_NC_073241.2_38821696_3,DN_NC_073241.2_38821698_2,DN_NC_073241.2_38821699_3
DSFAM90	4	2	(novel)	NA	0.500	0.393	2	family	DN_NC_073233.2_76802359_2,DN_NC_073244.2_27906374_2,DN_NC_073244.2_28133142_2,DN_NC_073244.2_28133171_2
DSFAM91	4	3	(novel)	NA	0.667	0.440	1	family	DN_NC_073242.2_36567597_2,DN_NC_086017.1_14101435_2,DN_NC_086017.1_14101436_3,DN_NC_086018.1_25932455_2
DSFAM92	4	4	KLC	1.0	0.500	0.329	2	family	DN_NC_073229.2_60853569_16,DN_NC_073233.2_74176850_16,DN_NC_073239.2_120602021_15,DN_NC_073244.2_56850091_13
DSFAM93	4	1	RRN	0.5	0.667	0.285	1	family	DN_NC_073242.2_21170576_8,DN_NC_073242.2_21650759_11,DN_NC_073242.2_29556580_18,DN_NC_073242.2_31545375_14
DSFAM94	4	3	PRKAR	0.75	0.500	0.220	2	family	DN_NC_073230.2_115994887_11,DN_NC_073233.2_78071205_2,DN_NC_086017.1_58612310_12,DN_NC_086017.1_58705155_2
DSFAM95	4	1	(novel)	NA	1.000	0.509	0	family	DN_NC_086018.1_18646417_6,DN_NC_086018.1_20765108_15,DN_NC_086018.1_22166696_9,DN_NC_086018.1_22406144_7
DSFAM96	4	3	EPHB	1.0	1.000	0.297	0	family	DN_NC_073224.2_216927976_16,DN_NC_073230.2_87974016_14,DN_NC_086017.1_145972418_16,DN_NC_086017.1_195677389_14
DSFAM97	4	2	(novel)	NA	1.000	0.634	0	family	DN_NC_073237.2_30974188_2,DN_NC_073237.2_30974494_2,DN_NC_073237.2_30974592_2,DN_NC_073247.2_166096407_3
DSFAM98	4	4	(novel)	NA	1.000	0.547	0	family	DN_NC_073227.2_211100517_2,DN_NC_073236.2_140396809_2,DN_NC_073237.2_118518303_5,DN_NC_073239.2_124645701_2
DSFAM99	4	1	ARL	0.6666666666666666	0.833	0.449	0	family	DN_NC_073228.2_27148471_4,DN_NC_073228.2_45686814_4,DN_NC_073228.2_45710800_6,DN_NC_073228.2_45948292_6
DSFAM100	4	3	ATP1A	0.75	0.833	0.533	0	family	DN_NC_073224.2_120787661_19,DN_NC_073224.2_96681549_23,DN_NC_073238.2_38964005_23,DN_NC_073244.2_53573424_23
DSFAM101	4	2	(novel)	NA	0.500	0.193	2	family	DN_NC_073229.2_44501801_6,DN_NC_073243.2_40356335_7,DN_NC_073243.2_74160733_18,DN_NC_073243.2_79717303_18
DSFAM102	4	1	(novel)	NA	1.000	1.000	0	family	DN_NC_073248.2_34736504_6,DN_NC_073248.2_34798633_6,DN_NC_073248.2_34819290_6,DN_NC_073248.2_34839953_6
DSFAM103	4	1	BEX	0.75	0.667	0.301	1	family	DN_NC_073247.2_113936318_3,DN_NC_073247.2_114994295_3,DN_NC_073247.2_115161722_3,DN_NC_073247.2_115162367_2
DSFAM104	4	2	(novel)	NA	0.667	0.231	1	family	DN_NC_073243.2_112081564_15,DN_NC_086017.1_207228653_16,DN_NC_086017.1_207540432_15,DN_NC_086017.1_209174437_6
DSFAM105	4	1	MB21D	1.0	1.000	0.916	0	family	DN_NC_086017.1_203857146_2,DN_NC_086017.1_203857147_2,DN_NC_086017.1_203857147_3,DN_NC_086017.1_203857148_2
DSFAM106	4	1	ZBTB	1.0	1.000	0.979	0	family	DN_NC_086017.1_152589059_3,DN_NC_086017.1_152612872_2,DN_NC_086017.1_152618662_2,DN_NC_086017.1_152627210_2
DSFAM107	4	1	CDC42EP	1.0	1.000	0.894	0	family	DN_NC_073228.2_18661468_2,DN_NC_073228.2_18662817_2,DN_NC_073228.2_18665630_2,DN_NC_073228.2_18685553_2
DSFAM108	4	1	FAM	1.0	1.000	0.887	0	family	DN_NC_073230.2_89274443_3,DN_NC_073230.2_89274445_2,DN_NC_073230.2_89274458_2,DN_NC_073230.2_89279862_2
DSFAM109	4	1	PDP	1.0	1.000	0.954	0	family	DN_NC_073242.2_96006556_2,DN_NC_073242.2_96006568_2,DN_NC_073242.2_96006582_2,DN_NC_073242.2_96006641_2
DSFAM110	4	2	(novel)	NA	0.667	0.252	1	family	DN_NC_073236.2_33289090_9,DN_NC_073237.2_23692487_10,DN_NC_073237.2_23917005_2,DN_NC_073237.2_30061699_3
DSFAM111	4	1	DMTF	0.5	0.500	0.475	2	family	DN_NC_073230.2_101581724_4,DN_NC_073230.2_101602035_18,DN_NC_073230.2_101646218_2,DN_NC_073230.2_101646316_2
DSFAM112	4	3	(novel)	NA	1.000	0.323	0	family	DN_NC_073240.2_21601841_7,DN_NC_073240.2_23210840_6,DN_NC_073242.2_37476471_6,DN_NC_086018.1_26719433_15
DSFAM113	4	1	LRATD	1.0	1.000	0.631	0	family	DN_NC_073236.2_125241687_3,DN_NC_073236.2_125269048_2,DN_NC_073236.2_125270757_2,DN_NC_073236.2_125270768_2
DSFAM114	4	2	PLXNB	0.5	0.500	0.322	2	family	DN_NC_086017.1_140746758_18,DN_NC_086017.1_140746758_2,DN_NC_086017.1_58271357_16,DN_NC_086018.1_48324966_37
DSFAM115	4	1	GSTM	1.0	1.000	0.528	0	family	DN_NC_073224.2_129169623_8,DN_NC_073224.2_129191737_8,DN_NC_073224.2_129211328_8,DN_NC_073224.2_130416112_8
DSFAM116	4	2	(novel)	NA	1.000	0.798	0	family	DN_NC_073246.2_2410732_2,DN_NC_073246.2_2410733_2,DN_NC_086018.1_1957958_2,DN_NC_086018.1_6578545_2
DSFAM117	4	1	FBXO	1.0	1.000	0.923	0	family	DN_NC_073239.2_72139772_4,DN_NC_073239.2_72218237_2,DN_NC_073239.2_72218290_3,DN_NC_073239.2_72218657_2
DSFAM118	4	2	UBC	0.75	1.000	0.602	0	family	DN_NC_073234.2_140369418_2,DN_NC_073234.2_140369418_3,DN_NC_073234.2_140369419_2,DN_NC_073236.2_84556071_6
DSFAM119	4	1	TRIM	1.0	1.000	0.958	0	family	DN_NC_086017.1_171562173_2,DN_NC_086017.1_171562529_3,DN_NC_086017.1_171562539_2,DN_NC_086017.1_171562540_2
DSFAM120	4	1	(novel)	NA	1.000	0.636	0	family	DN_NC_073242.2_104350782_12,DN_NC_073242.2_104912717_12,DN_NC_073242.2_99181437_12,DN_NC_073242.2_99604879_12
DSFAM121	4	1	NUP	1.0	1.000	0.933	0	family	DN_NC_073244.2_59841578_3,DN_NC_073244.2_59841595_2,DN_NC_073244.2_59841798_2,DN_NC_073244.2_59841812_2
DSFAM122	4	1	CCDC	1.0	1.000	0.848	0	family	DN_NC_073236.2_112287893_2,DN_NC_073236.2_112287976_2,DN_NC_073236.2_112287977_2,DN_NC_073236.2_112287995_2
DSFAM123	4	3	RTCA	0.5	0.500	0.221	1	family	DN_NC_073224.2_129200469_3,DN_NC_073224.2_139648450_2,DN_NC_073247.2_101028925_2,DN_NC_073248.2_27104145_4
DSFAM124	4	1	LRRC	1.0	1.000	0.948	0	family	DN_NC_073224.2_150050706_3,DN_NC_073224.2_150050707_2,DN_NC_073224.2_150050734_2,DN_NC_073224.2_150050754_4
DSFAM125	4	2	ACOT	0.75	0.667	0.244	1	family	DN_NC_073228.2_138307166_3,DN_NC_073239.2_90428904_3,DN_NC_073239.2_90471291_2,DN_NC_073239.2_90472276_3
DSFAM126	4	1	(novel)	NA	0.500	0.420	2	family	DN_NC_073228.2_145157314_2,DN_NC_073228.2_145157318_2,DN_NC_073228.2_145157358_2,DN_NC_073228.2_145186024_2
DSFAM127	4	1	RDH	0.75	0.667	0.790	1	family	DN_NC_073236.2_121320001_9,DN_NC_073236.2_121348824_2,DN_NC_073236.2_121348828_2,DN_NC_073236.2_121349000_3
DSFAM128	4	2	(novel)	NA	0.667	0.336	1	family	DN_NC_073238.2_32460857_5,DN_NC_073238.2_33291944_6,DN_NC_073238.2_34005367_9,DN_NC_073240.2_22623333_4
DSFAM129	4	1	ING	1.0	1.000	0.916	0	family	DN_NC_073238.2_125450785_2,DN_NC_073238.2_125452223_2,DN_NC_073238.2_125453242_2,DN_NC_073238.2_125453992_2
DSFAM130	4	1	PPP1R	1.0	0.500	0.337	2	family	DN_NC_073232.2_103966561_2,DN_NC_073232.2_103968753_7,DN_NC_073232.2_104121075_2,DN_NC_073232.2_104126081_2
DSFAM131	4	3	(novel)	NA	1.000	0.388	0	family	DN_NC_073240.2_21546861_14,DN_NC_073240.2_23219746_14,DN_NC_073242.2_37435648_13,DN_NC_073244.2_44006563_15
DSFAM132	4	1	(novel)	NA	0.667	0.400	1	family	DN_NC_073247.2_62249491_13,DN_NC_073247.2_62361057_13,DN_NC_073247.2_64921939_13,DN_NC_073247.2_64998786_13
DSFAM133	4	1	PDPR	0.6666666666666666	0.500	0.437	2	family	DN_NC_073242.2_103765562_7,DN_NC_073242.2_103773356_15,DN_NC_073242.2_99543624_18,DN_NC_073242.2_99582133_7
DSFAM134	3	1	NKAPD	1.0	1.000	0.843	0	family	DN_NC_073233.2_119980246_6,DN_NC_073233.2_119988734_2,DN_NC_073233.2_119988736_3
DSFAM135	3	1	LDHAL	0.3333333333333333	0.667	0.386	1	family	DN_NC_073233.2_24785501_8,DN_NC_073233.2_24803514_8,DN_NC_073233.2_24846978_8
DSFAM136	3	3	EZR	0.3333333333333333	1.000	0.379	0	family	DN_NC_073229.2_182999268_13,DN_NC_073233.2_118106361_14,DN_NC_073247.2_77369372_13
DSFAM137	3	1	(novel)	NA	1.000	0.925	0	family	DN_NC_073230.2_91838829_2,DN_NC_073230.2_91841008_2,DN_NC_073230.2_91841140_2
DSFAM138	3	1	(novel)	NA	1.000	0.890	0	family	DN_NC_073228.2_145306375_4,DN_NC_073228.2_145338559_2,DN_NC_073228.2_145339446_2
DSFAM139	3	2	GSPT	0.6666666666666666	0.667	0.349	1	family	DN_NC_073242.2_35192809_3,DN_NC_073242.2_35908052_15,DN_NC_073247.2_61926443_2
DSFAM140	3	2	(novel)	NA	1.000	0.432	0	family	DN_NC_073229.2_42464475_7,DN_NC_073242.2_31473281_2,DN_NC_073242.2_31473413_2
DSFAM141	3	2	TMEM	1.0	1.000	0.500	0	family	DN_NC_073227.2_17184793_5,DN_NC_073227.2_17184840_5,DN_NC_073238.2_24580375_8
DSFAM142	3	2	(novel)	NA	1.000	0.504	0	family	DN_NC_073236.2_32935295_3,DN_NC_073236.2_32935299_2,DN_NC_073238.2_54832744_2
DSFAM143	3	1	(novel)	NA	1.000	0.548	0	family	DN_NC_073242.2_15726062_24,DN_NC_073242.2_28606635_19,DN_NC_073242.2_30717385_31
DSFAM144	3	1	(novel)	NA	0.667	0.314	1	family	DN_NC_073242.2_15607160_18,DN_NC_073242.2_28689005_18,DN_NC_073242.2_31497679_8
DSFAM145	3	1	APOBEC	1.0	1.000	0.318	0	family	DN_NC_086018.1_36987543_6,DN_NC_086018.1_37016890_4,DN_NC_086018.1_37043543_7
DSFAM146	3	1	CHST	1.0	1.000	0.971	0	family	DN_NC_073230.2_9870516_2,DN_NC_073230.2_9870582_2,DN_NC_073230.2_9870856_2
DSFAM147	3	1	(novel)	NA	1.000	0.657	0	family	DN_NC_073244.2_68258639_5,DN_NC_073244.2_68293337_5,DN_NC_073244.2_68333010_5
DSFAM148	3	1	(novel)	NA	1.000	0.972	0	family	DN_NC_073241.2_99621344_3,DN_NC_073241.2_99621399_2,DN_NC_073241.2_99622143_2
DSFAM149	3	2	SMIM	0.6666666666666666	1.000	0.355	0	family	DN_NC_073242.2_106138908_3,DN_NC_073245.2_28570767_2,DN_NC_073245.2_28570800_2
DSFAM150	3	1	RBM	1.0	1.000	0.957	0	family	DN_NC_073231.2_99586672_3,DN_NC_073231.2_99586901_2,DN_NC_073231.2_99586903_2
DSFAM151	3	2	IFITM	0.6666666666666666	0.667	0.508	1	family	DN_NC_073233.2_6759783_2,DN_NC_073233.2_6761147_2,DN_NC_073247.2_65202088_3
DSFAM152	3	1	(novel)	NA	1.000	0.834	0	family	DN_NC_073240.2_24900197_18,DN_NC_073240.2_33035459_18,DN_NC_073240.2_33337179_18
DSFAM153	3	2	(novel)	NA	1.000	0.414	0	family	DN_NC_073234.2_45136934_7,DN_NC_073246.2_34687084_3,DN_NC_073246.2_34687085_2
DSFAM154	3	2	TRIP	0.5	1.000	0.259	0	family	DN_NC_073224.2_117447152_14,DN_NC_073224.2_130305133_13,DN_NC_073243.2_111262956_13
DSFAM155	3	1	INSL	1.0	0.667	0.470	1	family	DN_NC_073237.2_59443508_2,DN_NC_073237.2_59443509_2,DN_NC_073237.2_59443509_3
DSFAM156	3	2	RPS	0.5	1.000	0.683	0	family	DN_NC_073247.2_84011480_7,DN_NC_073248.2_26366947_7,DN_NC_073248.2_9423438_7
DSFAM157	3	2	(novel)	NA	0.667	0.723	1	family	DN_NC_073235.2_136576413_2,DN_NC_073235.2_136577761_2,DN_NC_073247.2_22225560_12
DSFAM158	3	1	PCDHB	1.0	1.000	0.452	0	family	DN_NC_073228.2_144957130_2,DN_NC_073228.2_144970572_2,DN_NC_073228.2_145022553_2
DSFAM159	3	1	MSL	1.0	1.000	0.923	0	family	DN_NC_086017.1_147337119_2,DN_NC_086017.1_147337125_2,DN_NC_086017.1_147337644_2
DSFAM160	3	3	(novel)	NA	1.000	0.168	0	family	DN_NC_073228.2_64369461_5,DN_NC_073231.2_4571400_3,DN_NC_073244.2_6036407_2
DSFAM161	3	1	TMEM	1.0	1.000	0.911	0	family	DN_NC_073229.2_154565197_3,DN_NC_073229.2_154565380_2,DN_NC_073229.2_154594282_2
DSFAM162	3	2	(novel)	NA	1.000	0.644	0	family	DN_NC_073229.2_49424718_2,DN_NC_073229.2_49429142_2,DN_NC_073239.2_81444992_2
DSFAM163	3	2	INTS	0.6666666666666666	0.667	0.197	1	family	DN_NC_073238.2_65876995_17,DN_NC_073247.2_147316506_18,DN_NC_073247.2_147600611_20
DSFAM164	3	3	(novel)	NA	0.667	0.156	1	family	DN_NC_073229.2_86209092_3,DN_NC_073234.2_71885470_2,DN_NC_073243.2_86703688_5
DSFAM165	3	3	DVL	1.0	1.000	0.206	0	family	DN_NC_073224.2_239847758_15,DN_NC_073243.2_22365408_15,DN_NC_086017.1_195260184_15
DSFAM166	3	3	RAB	1.0	1.000	0.287	0	family	DN_NC_073228.2_9291784_6,DN_NC_073242.2_4214750_6,DN_NC_073247.2_115190067_8
DSFAM167	3	3	RARG	0.3333333333333333	0.667	0.357	1	family	DN_NC_073228.2_52119080_9,DN_NC_073234.2_48129944_8,DN_NC_086017.1_35250847_8
DSFAM168	3	1	ACSM	1.0	1.000	0.910	0	family	DN_NC_073242.2_20304734_2,DN_NC_073242.2_20304889_2,DN_NC_073242.2_20305262_2
DSFAM169	3	1	(novel)	NA	1.000	0.944	0	family	DN_NC_086017.1_24755690_2,DN_NC_086017.1_24755691_2,DN_NC_086017.1_24755694_2
DSFAM170	3	1	CHAMP	1.0	1.000	0.920	0	family	DN_NC_073238.2_129150070_3,DN_NC_073238.2_129150097_2,DN_NC_073238.2_129150106_2
DSFAM171	3	2	(novel)	NA	1.000	0.630	0	family	DN_NC_073235.2_144879602_2,DN_NC_073242.2_3614392_2,DN_NC_073242.2_3614426_2
DSFAM172	3	1	BTN2A	0.6666666666666666	0.667	0.193	1	family	DN_NC_073229.2_44058305_8,DN_NC_073229.2_44135507_8,DN_NC_073229.2_44179535_6
DSFAM173	3	2	(novel)	NA	1.000	0.590	0	family	DN_NC_073237.2_84822135_6,DN_NC_073247.2_67278734_2,DN_NC_073247.2_67278736_2
DSFAM174	3	1	SPIN	1.0	1.000	0.779	0	family	DN_NC_073247.2_67140263_2,DN_NC_073247.2_67140268_2,DN_NC_073247.2_67140268_4
DSFAM175	3	3	IGSF	0.5	0.667	0.300	1	family	DN_NC_073224.2_120975632_11,DN_NC_073238.2_24435116_16,DN_NC_086018.1_22138206_15
DSFAM176	3	1	(novel)	NA	1.000	0.219	0	family	DN_NC_073228.2_46729356_10,DN_NC_073228.2_60914130_12,DN_NC_073228.2_62340772_5
DSFAM177	3	1	BLCAP	1.0	1.000	0.925	0	family	DN_NC_073245.2_49715353_2,DN_NC_073245.2_49716462_3,DN_NC_073245.2_49716463_2
DSFAM178	3	3	LRP	1.0	0.667	0.192	1	family	DN_NC_073233.2_76234750_23,DN_NC_073234.2_27515614_23,DN_NC_086018.1_23267560_8
DSFAM179	3	1	CAVIN	1.0	1.000	0.802	0	family	DN_NC_073235.2_94276254_2,DN_NC_073235.2_94276804_2,DN_NC_073235.2_94276824_2
DSFAM180	3	1	IFIT	1.0	1.000	0.886	0	family	DN_NC_073232.2_101749810_2,DN_NC_073232.2_101751532_2,DN_NC_073232.2_101752031_3
DSFAM181	3	2	(novel)	NA	0.667	0.213	1	family	DN_NC_073230.2_90977223_13,DN_NC_073236.2_31364804_7,DN_NC_073236.2_31570340_7
DSFAM182	3	1	(novel)	NA	1.000	0.421	0	family	DN_NC_073242.2_15911262_31,DN_NC_073242.2_16378095_15,DN_NC_073242.2_29051840_13
DSFAM183	3	1	(novel)	NA	1.000	0.485	0	family	DN_NC_073232.2_99334478_2,DN_NC_073232.2_99334550_2,DN_NC_073232.2_99334551_2
DSFAM184	3	2	(novel)	NA	0.667	0.265	1	family	DN_NC_073228.2_79926211_12,DN_NC_073228.2_83434996_12,DN_NC_073238.2_29962908_11
DSFAM185	3	1	MRFAP1L	0.6666666666666666	1.000	0.353	0	family	DN_NC_073227.2_14699766_2,DN_NC_073227.2_14699796_2,DN_NC_073227.2_14766891_2
DSFAM186	3	1	PTGR	1.0	1.000	0.881	0	family	DN_NC_073241.2_104559499_2,DN_NC_073241.2_104559790_2,DN_NC_073241.2_104560095_2
DSFAM187	3	1	PRSS	1.0	1.000	0.942	0	family	DN_NC_073233.2_94691683_2,DN_NC_073233.2_94701214_2,DN_NC_073233.2_94701273_2
DSFAM188	3	1	LIPT2-AS	1.0	1.000	0.415	0	family	DN_NC_073233.2_82381481_2,DN_NC_073233.2_82381548_3,DN_NC_073233.2_82381616_2
DSFAM189	3	1	(novel)	NA	1.000	0.452	0	family	DN_NC_086017.1_57040965_3,DN_NC_086017.1_57040984_2,DN_NC_086017.1_57040987_2
DSFAM190	3	2	SHLD	0.5	0.667	0.451	1	family	DN_NC_073230.2_160290576_8,DN_NC_073232.2_68914292_6,DN_NC_073232.2_99479042_10
DSFAM191	3	2	OPA	0.6666666666666666	0.667	0.217	1	family	DN_NC_073232.2_42152672_3,DN_NC_073244.2_57039200_2,DN_NC_073244.2_57062895_2
DSFAM192	3	1	(novel)	NA	1.000	0.976	0	family	DN_NC_073228.2_92401874_2,DN_NC_073228.2_92401965_2,DN_NC_073228.2_92401976_2
DSFAM193	3	1	FSD	1.0	1.000	0.895	0	family	DN_NC_073240.2_84288944_2,DN_NC_073240.2_84288973_2,DN_NC_073240.2_84288974_4
DSFAM194	3	1	(novel)	NA	0.667	0.448	1	family	DN_NC_073229.2_43808975_3,DN_NC_073229.2_43809901_2,DN_NC_073229.2_43841872_2
DSFAM195	3	3	RPSA	0.3333333333333333	0.667	0.222	1	family	DN_NC_073229.2_97353754_3,DN_NC_073231.2_114003443_13,DN_NC_086017.1_49305793_6
DSFAM196	3	2	(novel)	NA	1.000	0.626	0	family	DN_NC_073247.2_10802440_4,DN_NC_073247.2_131152949_4,DN_NC_073248.2_8111002_4
DSFAM197	3	3	(novel)	NA	0.667	0.153	1	family	DN_NC_073241.2_103649905_2,DN_NC_086017.1_47078826_3,DN_NC_086018.1_22567705_3
DSFAM198	3	3	(novel)	NA	1.000	0.289	0	family	DN_NC_073238.2_32661686_2,DN_NC_073247.2_30604924_7,DN_NC_073248.2_26554434_7
DSFAM199	3	2	FGD	0.6666666666666666	0.667	0.277	1	family	DN_NC_073237.2_89473261_14,DN_NC_073247.2_64556424_5,DN_NC_073247.2_64561534_19
DSFAM200	3	1	TCEAL	1.0	1.000	0.856	0	family	DN_NC_073247.2_115415031_3,DN_NC_073247.2_115415559_2,DN_NC_073247.2_115416041_2
DSFAM201	3	1	(novel)	NA	1.000	0.579	0	family	DN_NC_073247.2_114041704_23,DN_NC_073247.2_114140052_23,DN_NC_073247.2_114854872_20
DSFAM202	3	1	RCBTB	1.0	0.667	0.594	1	family	DN_NC_073238.2_62894676_12,DN_NC_073238.2_62894676_2,DN_NC_073238.2_64027356_13
DSFAM203	3	1	COMMD	1.0	1.000	0.774	0	family	DN_NC_073231.2_150691912_2,DN_NC_073231.2_150693608_2,DN_NC_073231.2_150693612_2
DSFAM204	3	3	SMIM	0.5	0.667	0.194	1	family	DN_NC_073228.2_185199640_2,DN_NC_073242.2_106088342_11,DN_NC_073243.2_49037226_3
DSFAM205	3	1	(novel)	NA	1.000	0.342	0	family	DN_NC_073232.2_64911725_5,DN_NC_073232.2_65009281_5,DN_NC_073232.2_65534545_21
DSFAM206	3	2	KYAT	0.6666666666666666	1.000	0.540	0	family	DN_NC_073224.2_150982091_3,DN_NC_073224.2_150982352_2,DN_NC_073247.2_148580448_11
DSFAM207	3	2	SLC7A	0.6666666666666666	0.667	0.596	1	family	DN_NC_073239.2_33826105_11,DN_NC_073242.2_97493790_12,DN_NC_073242.2_97528976_5
DSFAM208	3	3	PFKM	0.3333333333333333	1.000	0.353	0	family	DN_NC_073232.2_12004654_22,DN_NC_073234.2_53131451_25,DN_NC_073246.2_46134650_22
DSFAM209	3	1	(novel)	NA	1.000	0.248	0	family	DN_NC_073240.2_23447377_5,DN_NC_073240.2_29509629_20,DN_NC_073240.2_31271054_17
DSFAM210	3	1	RNASE	1.0	1.000	0.844	0	family	DN_NC_073239.2_36009247_2,DN_NC_073239.2_36009644_2,DN_NC_073239.2_36009665_3
DSFAM211	3	1	ULBP	1.0	1.000	0.261	0	family	DN_NC_073229.2_174132332_5,DN_NC_073229.2_174168227_4,DN_NC_073229.2_174230881_5
DSFAM212	3	1	UBB	1.0	1.000	0.639	0	family	DN_NC_073228.2_70438436_2,DN_NC_073228.2_83793803_2,DN_NC_073228.2_83796015_2
DSFAM213	3	1	(novel)	NA	1.000	0.431	0	family	DN_NC_073230.2_72857214_2,DN_NC_073230.2_72907176_2,DN_NC_073230.2_73388327_2
DSFAM214	3	1	TMEM	1.0	1.000	0.950	0	family	DN_NC_073235.2_21185111_2,DN_NC_073235.2_21185127_2,DN_NC_073235.2_21185139_2
DSFAM215	3	3	PYGL	0.3333333333333333	1.000	0.637	0	family	DN_NC_073233.2_72649199_20,DN_NC_073239.2_67861789_20,DN_NC_073245.2_35236141_20
DSFAM216	3	2	DCAF12L	0.6666666666666666	0.667	0.310	1	family	DN_NC_073237.2_28860054_9,DN_NC_073247.2_137840069_2,DN_NC_073247.2_138224742_2
DSFAM217	3	3	CHRNA	0.5	0.667	0.156	1	family	DN_NC_073237.2_84711301_3,DN_NC_073238.2_114796219_2,DN_NC_073240.2_79492690_6
DSFAM218	3	3	UBQLN	1.0	0.667	0.142	1	family	DN_NC_073224.2_100772522_11,DN_NC_073237.2_79864647_11,DN_NC_073247.2_66651439_2
DSFAM219	3	2	LRRC	1.0	0.667	0.488	1	family	DN_NC_073237.2_125291669_2,DN_NC_073244.2_13768230_3,DN_NC_073244.2_13778576_2
DSFAM220	3	1	SLITRK	1.0	1.000	0.908	0	family	DN_NC_073247.2_155322406_2,DN_NC_073247.2_155322425_2,DN_NC_073247.2_155322613_2
DSFAM221	3	1	(novel)	NA	1.000	0.960	0	family	DN_NC_073237.2_25870692_2,DN_NC_073237.2_25870692_3,DN_NC_073237.2_25870693_2
DSFAM222	3	3	RYR	1.0	0.667	0.391	1	family	DN_NC_073224.2_26635584_9,DN_NC_073240.2_34675462_15,DN_NC_073244.2_50330993_16
DSFAM223	3	1	PPP1R	1.0	1.000	0.971	0	family	DN_NC_073231.2_14785801_2,DN_NC_073231.2_14785817_2,DN_NC_073231.2_14785855_2
DSFAM224	3	1	(novel)	NA	1.000	0.464	0	family	DN_NC_073228.2_27169290_8,DN_NC_073228.2_45974488_9,DN_NC_073228.2_46778774_7
DSFAM225	3	1	SSTR	1.0	1.000	0.953	0	family	DN_NC_086018.1_35204490_2,DN_NC_086018.1_35204495_2,DN_NC_086018.1_35204497_2
DSFAM226	3	1	GREM	1.0	1.000	0.925	0	family	DN_NC_073240.2_33547005_2,DN_NC_073240.2_33547293_2,DN_NC_073240.2_33547627_2
DSFAM227	3	1	SIAH	1.0	1.000	0.977	0	family	DN_NC_073242.2_77427667_2,DN_NC_073242.2_77427668_2,DN_NC_073242.2_77427669_2
DSFAM228	3	3	KDM	1.0	0.667	0.206	1	family	DN_NC_073224.2_53955814_27,DN_NC_073247.2_63315044_26,DN_NC_073248.2_27118037_27
DSFAM229	3	1	(novel)	NA	1.000	0.838	0	family	DN_NC_073244.2_68585799_2,DN_NC_073244.2_68585807_2,DN_NC_073244.2_68586499_2
DSFAM230	3	1	PDP	1.0	1.000	0.944	0	family	DN_NC_073231.2_99772823_2,DN_NC_073231.2_99772853_2,DN_NC_073231.2_99772864_3
DSFAM231	3	1	(novel)	NA	1.000	0.690	0	family	DN_NC_073233.2_54778450_7,DN_NC_073233.2_54817717_7,DN_NC_073233.2_97922937_7
DSFAM232	3	1	OBI	1.0	1.000	0.634	0	family	DN_NC_073238.2_93299021_2,DN_NC_073238.2_93303886_2,DN_NC_073238.2_93303887_3
DSFAM233	3	1	AMIGO	1.0	1.000	0.893	0	family	DN_NC_073234.2_54196096_2,DN_NC_073234.2_54196194_3,DN_NC_073234.2_54196487_2
DSFAM234	3	1	ZNF	0.6666666666666666	1.000	0.900	0	family	DN_NC_073232.2_108399400_7,DN_NC_073232.2_108425417_2,DN_NC_073232.2_108425608_2
DSFAM235	3	1	PNMA	1.0	1.000	0.467	0	family	DN_NC_073247.2_165002679_2,DN_NC_073247.2_165081266_2,DN_NC_073247.2_165081268_2
DSFAM236	3	1	(novel)	NA	1.000	0.951	0	family	DN_NC_073232.2_90289563_2,DN_NC_073232.2_90289689_3,DN_NC_073232.2_90289743_2
DSFAM237	3	1	(novel)	NA	1.000	0.525	0	family	DN_NC_073247.2_84517974_3,DN_NC_073247.2_84653260_2,DN_NC_073247.2_84678651_3
DSFAM238	3	1	(novel)	NA	1.000	0.506	0	family	DN_NC_073247.2_58634411_8,DN_NC_073247.2_62823555_8,DN_NC_073247.2_62876862_8
DSFAM239	3	1	(novel)	NA	1.000	0.965	0	family	DN_NC_073228.2_54243403_14,DN_NC_073228.2_56462402_14,DN_NC_073228.2_56531257_20
DSFAM240	3	1	S1PR	1.0	1.000	0.926	0	family	DN_NC_073224.2_138661942_2,DN_NC_073224.2_138662728_2,DN_NC_073224.2_138662735_2
DSFAM241	3	3	RPLP	0.5	0.667	0.208	1	family	DN_NC_073228.2_155613898_3,DN_NC_073240.2_70293854_4,DN_NC_073242.2_101553722_4
DSFAM242	3	1	RNASE	0.6666666666666666	0.667	0.663	1	family	DN_NC_073239.2_36114425_2,DN_NC_073239.2_36114427_2,DN_NC_073239.2_36120848_2
DSFAM243	3	1	(novel)	NA	1.000	0.358	0	family	DN_NC_086018.1_19935965_4,DN_NC_086018.1_21140998_4,DN_NC_086018.1_23370474_4
DSFAM244	3	1	DEFB	1.0	1.000	0.527	0	family	DN_NC_073245.2_43616148_2,DN_NC_073245.2_43617550_2,DN_NC_073245.2_43617550_3
DSFAM245	3	3	ACTA	0.3333333333333333	1.000	0.604	0	family	DN_NC_073228.2_10434405_6,DN_NC_073230.2_12962256_6,DN_NC_073232.2_101260375_9
DSFAM246	3	1	(novel)	NA	1.000	0.388	0	family	DN_NC_073237.2_83935038_8,DN_NC_073237.2_84341528_8,DN_NC_073237.2_93365361_8
DSFAM247	3	1	SEC	0.5	1.000	0.462	0	family	DN_NC_073224.2_117114419_5,DN_NC_073224.2_124983304_5,DN_NC_073224.2_130157457_4
DSFAM248	3	3	(novel)	NA	1.000	0.835	0	family	DN_NC_073233.2_129388517_48,DN_NC_073242.2_28854512_28,DN_NC_073244.2_20936541_9
DSFAM249	3	3	MYH	1.0	0.667	0.351	1	family	DN_NC_073242.2_30207983_41,DN_NC_073244.2_62231648_10,DN_NC_086018.1_34278584_41
DSFAM250	3	1	(novel)	NA	1.000	0.302	0	family	DN_NC_073234.2_30137050_2,DN_NC_073234.2_30167357_2,DN_NC_073234.2_30167360_2
DSFAM251	3	1	FLRT	1.0	1.000	0.828	0	family	DN_NC_073239.2_102436563_2,DN_NC_073239.2_102436666_2,DN_NC_073239.2_102439705_2
DSFAM252	3	3	RAC	1.0	0.667	0.418	1	family	DN_NC_073228.2_9959442_6,DN_NC_073230.2_13762772_6,DN_NC_086018.1_35225663_7
DSFAM253	3	1	(novel)	NA	1.000	0.440	0	family	DN_NC_073247.2_153600158_4,DN_NC_073247.2_153901396_3,DN_NC_073247.2_153901405_4
DSFAM254	3	1	VCF	0.6666666666666666	1.000	0.614	0	family	DN_NC_073228.2_18739186_3,DN_NC_073228.2_18740149_2,DN_NC_073228.2_18761647_14
DSFAM255	3	2	(novel)	NA	0.667	0.474	1	family	DN_NC_073228.2_182473921_9,DN_NC_073228.2_182638384_11,DN_NC_073241.2_37141428_27
DSFAM256	3	2	SLC9A	1.0	0.667	0.369	1	family	DN_NC_073247.2_147692428_16,DN_NC_073247.2_57005939_17,DN_NC_086017.1_154449519_16
DSFAM257	3	2	RHOBTB	1.0	0.667	0.345	1	family	DN_NC_073231.2_27205781_2,DN_NC_073231.2_27206312_6,DN_NC_073232.2_54856348_6
DSFAM258	3	1	FOXK	1.0	1.000	0.972	0	family	DN_NC_073228.2_9390213_2,DN_NC_073228.2_9390214_2,DN_NC_073228.2_9390218_2
DSFAM259	3	2	ANKRD	1.0	0.667	0.362	1	family	DN_NC_073236.2_33791336_41,DN_NC_073236.2_35320202_37,DN_NC_073241.2_38130293_13
DSFAM260	3	1	(novel)	NA	1.000	0.409	0	family	DN_NC_073232.2_101631560_2,DN_NC_073232.2_101657634_2,DN_NC_073232.2_101662108_2
DSFAM261	3	1	(novel)	NA	1.000	0.467	0	family	DN_NC_073228.2_70530128_4,DN_NC_073228.2_78905136_2,DN_NC_073228.2_78905136_3
DSFAM262	3	1	TIGD	1.0	1.000	0.775	0	family	DN_NC_073242.2_6945891_2,DN_NC_073242.2_6946462_2,DN_NC_073242.2_6946907_2
DSFAM263	3	1	FADS	1.0	0.667	0.216	1	family	DN_NC_073233.2_69582499_12,DN_NC_073233.2_69678029_12,DN_NC_073233.2_69723982_12
DSFAM264	3	1	C11H2orf	1.0	1.000	0.965	0	family	DN_NC_073235.2_92529727_2,DN_NC_073235.2_92598860_2,DN_NC_073235.2_92629178_2
DSFAM265	3	1	METTL	1.0	1.000	0.872	0	family	DN_NC_073224.2_86966830_2,DN_NC_073224.2_86967182_2,DN_NC_073224.2_86967214_2
DSFAM266	3	1	TNFAIP	1.0	1.000	0.880	0	family	DN_NC_073228.2_123138556_2,DN_NC_073228.2_123227430_2,DN_NC_073228.2_123228116_2
DSFAM267	3	1	MBLAC	1.0	1.000	0.831	0	family	DN_NC_073228.2_94585570_2,DN_NC_073228.2_94585807_2,DN_NC_073228.2_94585811_2
DSFAM268	3	1	GEMIN	1.0	1.000	0.896	0	family	DN_NC_073243.2_15877383_2,DN_NC_073243.2_15877386_2,DN_NC_073243.2_15879444_2
DSFAM269	3	3	CPEB	1.0	0.667	0.370	1	family	DN_NC_073227.2_23212119_11,DN_NC_073228.2_177718215_8,DN_NC_073232.2_104390833_9
DSFAM270	3	2	CANX	0.6666666666666666	0.667	0.616	1	family	DN_NC_073228.2_183658467_2,DN_NC_073228.2_183658482_2,DN_NC_073247.2_162650382_5
DSFAM271	3	3	(novel)	NA	1.000	0.759	0	family	DN_NC_073229.2_17702988_11,DN_NC_073234.2_15631092_11,DN_NC_086017.1_9790451_11
DSFAM272	3	1	FBXO	1.0	1.000	0.843	0	family	DN_NC_073234.2_132545283_12,DN_NC_073234.2_132546809_2,DN_NC_073234.2_132547091_2
DSFAM273	3	2	(novel)	NA	1.000	0.197	0	family	DN_NC_073228.2_78872851_5,DN_NC_073245.2_35742393_2,DN_NC_073245.2_35910982_4
DSFAM274	3	3	BLOC1S	0.5	0.667	0.163	1	family	DN_NC_073224.2_213462039_6,DN_NC_073228.2_49710333_4,DN_NC_073240.2_46341896_2
DSFAM275	3	1	ZBTB	1.0	1.000	0.913	0	family	DN_NC_073239.2_81408289_3,DN_NC_073239.2_81408630_2,DN_NC_073239.2_81408747_2
DSFAM276	3	1	UBIAD	1.0	1.000	0.713	0	family	DN_NC_073224.2_229316767_3,DN_NC_073224.2_229317235_2,DN_NC_073224.2_229317239_3
DSFAM277	3	1	SAYSD	1.0	1.000	0.568	0	family	DN_NC_073229.2_56880800_2,DN_NC_073229.2_56880803_3,DN_NC_073229.2_56887365_2
DSFAM278	3	3	(novel)	NA	0.667	0.467	1	family	DN_NC_073224.2_98617594_3,DN_NC_073229.2_52163606_6,DN_NC_073244.2_54257531_4
DSFAM279	3	1	(novel)	NA	0.667	0.501	1	family	DN_NC_073236.2_32048256_8,DN_NC_073236.2_33897833_6,DN_NC_073236.2_34983788_9
DSFAM280	3	1	WDR	0.6666666666666666	0.667	0.586	1	family	DN_NC_073228.2_144514226_7,DN_NC_073228.2_144514232_2,DN_NC_073228.2_144520267_4
DSFAM281	3	3	LAMTOR	0.3333333333333333	0.667	0.134	1	family	DN_NC_073227.2_120192697_7,DN_NC_073234.2_45319542_4,DN_NC_073235.2_29394327_4
DSFAM282	3	1	INHA	1.0	1.000	0.784	0	family	DN_NC_073235.2_122265108_2,DN_NC_073235.2_122265596_2,DN_NC_073235.2_122266503_2
DSFAM283	3	2	YWHAH	0.6666666666666666	0.667	0.638	1	family	DN_NC_073230.2_84474222_2,DN_NC_086018.1_29956541_2,DN_NC_086018.1_29957125_2
DSFAM284	3	2	HK	0.6666666666666666	1.000	0.440	0	family	DN_NC_073232.2_46350686_18,DN_NC_073232.2_46484201_18,DN_NC_073236.2_64893638_18
DSFAM285	3	1	MTHFS	1.0	1.000	0.902	0	family	DN_NC_073240.2_81243667_3,DN_NC_073240.2_81243912_4,DN_NC_073240.2_81244954_2
DSFAM286	3	2	ALG	0.6666666666666666	1.000	0.562	0	family	DN_NC_073238.2_66525851_4,DN_NC_073238.2_66526261_2,DN_NC_073247.2_141634200_15
DSFAM287	3	1	PLD	1.0	1.000	0.695	0	family	DN_NC_073228.2_82042071_2,DN_NC_073228.2_82042073_2,DN_NC_073228.2_82042078_2
DSFAM288	3	1	CHTF	1.0	1.000	0.964	0	family	DN_NC_073242.2_98342038_4,DN_NC_073242.2_98342370_2,DN_NC_073242.2_98342371_2
DSFAM289	3	1	ARHGAP	1.0	1.000	0.935	0	family	DN_NC_073239.2_24542568_2,DN_NC_073239.2_24542989_2,DN_NC_073239.2_24542989_3
DSFAM290	3	2	RANBP	0.6666666666666666	1.000	0.710	0	family	DN_NC_073237.2_58583645_2,DN_NC_073237.2_58583657_2,DN_NC_073238.2_112687980_26
DSFAM291	3	1	ISLR	1.0	1.000	0.894	0	family	DN_NC_073240.2_75075800_2,DN_NC_073240.2_75075811_2,DN_NC_073240.2_75076564_2
DSFAM292	3	1	(novel)	NA	0.667	0.410	1	family	DN_NC_073229.2_50358119_5,DN_NC_073229.2_50716510_5,DN_NC_073229.2_50784857_5
DSFAM293	3	1	TRAPPC	1.0	1.000	0.876	0	family	DN_NC_073244.2_13545029_2,DN_NC_073244.2_13545041_2,DN_NC_073244.2_13545054_2
DSFAM294	3	1	CDC42EP	1.0	1.000	0.929	0	family	DN_NC_073236.2_102147900_2,DN_NC_073236.2_102148109_2,DN_NC_073236.2_102148771_2
DSFAM295	3	3	SEPTIN	1.0	0.667	0.222	1	family	DN_NC_073230.2_63974160_10,DN_NC_073236.2_47432803_11,DN_NC_073245.2_35625538_4
DSFAM296	3	2	(novel)	NA	1.000	0.851	0	family	DN_NC_073246.2_2464898_3,DN_NC_086018.1_2012052_3,DN_NC_086018.1_6525382_3
DSFAM297	3	2	ECSIT	0.3333333333333333	0.667	0.481	1	family	DN_NC_073244.2_17541226_2,DN_NC_073244.2_24302535_5,DN_NC_086017.1_48397256_6
DSFAM298	3	1	SPRY	1.0	1.000	0.937	0	family	DN_NC_073227.2_143516585_2,DN_NC_073227.2_143518156_2,DN_NC_073227.2_143518912_2
DSFAM299	3	3	CYTH	1.0	0.667	0.297	1	family	DN_NC_073228.2_13195036_13,DN_NC_073244.2_61417620_12,DN_NC_086018.1_35282535_13
DSFAM300	3	3	CAMK	1.0	0.667	0.380	1	family	DN_NC_073227.2_133828574_18,DN_NC_073230.2_52044244_19,DN_NC_073232.2_41878762_20
DSFAM301	3	1	BAG	1.0	1.000	0.929	0	family	DN_NC_073239.2_120536470_2,DN_NC_073239.2_120536488_2,DN_NC_073239.2_120536491_2
DSFAM302	3	3	HCK	0.3333333333333333	0.667	0.282	1	family	DN_NC_073224.2_207670698_13,DN_NC_073231.2_12364354_11,DN_NC_073245.2_44289870_13
DSFAM303	3	3	ACAD	0.5	0.667	0.235	1	family	DN_NC_073234.2_127098102_13,DN_NC_073240.2_46246235_3,DN_NC_073244.2_67551008_4
DSFAM304	3	1	(novel)	NA	1.000	0.204	0	family	DN_NC_073228.2_31824273_3,DN_NC_073228.2_79859997_3,DN_NC_073228.2_83368453_5
DSFAM305	3	3	PRXL	0.3333333333333333	0.667	0.177	1	family	DN_NC_073232.2_92781991_6,DN_NC_073240.2_56108341_2,DN_NC_073244.2_17124484_18
DSFAM306	3	1	(novel)	NA	1.000	0.977	0	family	DN_NC_073242.2_15387796_13,DN_NC_073242.2_28528734_13,DN_NC_073242.2_35785087_23
DSFAM307	3	3	EPB	0.3333333333333333	0.667	0.153	1	family	DN_NC_073224.2_210837399_19,DN_NC_073229.2_94673034_3,DN_NC_086017.1_52688084_4
DSFAM308	3	1	C6H7orf	1.0	1.000	0.914	0	family	DN_NC_073230.2_8501928_2,DN_NC_073230.2_8512370_2,DN_NC_073230.2_8512725_3
DSFAM309	3	2	MEX	1.0	1.000	0.404	0	family	DN_NC_073240.2_83447932_2,DN_NC_073241.2_80464018_2,DN_NC_073241.2_80464602_2
DSFAM310	3	1	TSPYL	1.0	1.000	0.311	0	family	DN_NC_073229.2_140449427_2,DN_NC_073229.2_140476081_2,DN_NC_073229.2_140476156_2
DSFAM311	3	1	MCF2L	1.0	1.000	0.936	0	family	DN_NC_086017.1_194359478_2,DN_NC_086017.1_194360119_2,DN_NC_086017.1_194360410_3
DSFAM312	3	1	CCDC	1.0	1.000	0.946	0	family	DN_NC_073230.2_111536331_2,DN_NC_073230.2_111581927_2,DN_NC_073230.2_111582002_2
DSFAM313	3	1	UBE2L	0.6666666666666666	0.667	0.449	1	family	DN_NC_086018.1_19145867_4,DN_NC_086018.1_19196747_2,DN_NC_086018.1_19202967_5
DSFAM314	3	1	(novel)	NA	0.667	0.295	1	family	DN_NC_073234.2_24956987_7,DN_NC_073234.2_24978856_8,DN_NC_073234.2_70140848_27
DSFAM315	3	2	(novel)	NA	0.667	0.502	1	family	DN_NC_073238.2_24957655_5,DN_NC_086018.1_27803010_2,DN_NC_086018.1_27803016_2
DSFAM316	3	1	SUPT	0.6666666666666666	0.667	0.297	1	family	DN_NC_073239.2_35280580_26,DN_NC_073239.2_35280761_2,DN_NC_073239.2_35311777_12
DSFAM317	2	1	(novel)	NA	1.000	0.856	0	family	DN_NC_073224.2_8222521_2,DN_NC_073224.2_8222533_2
DSFAM318	2	1	ZFP	1.0	1.000	0.946	0	family	DN_NC_073242.2_105636398_4,DN_NC_073242.2_105636401_2
DSFAM319	2	1	(novel)	NA	1.000	0.980	0	family	DN_NC_073237.2_109453117_3,DN_NC_073237.2_109461576_3
DSFAM320	2	2	(novel)	NA	1.000	0.510	0	family	DN_NC_073224.2_6827773_11,DN_NC_073230.2_165840202_11
DSFAM321	2	1	(novel)	NA	1.000	0.299	0	family	DN_NC_073232.2_26196651_3,DN_NC_073232.2_26211167_9
DSFAM322	2	1	DHH	1.0	1.000	0.645	0	family	DN_NC_073234.2_52239096_3,DN_NC_073234.2_52239132_2
DSFAM323	2	1	CTU	0.5	1.000	0.193	0	family	DN_NC_073242.2_119293235_15,DN_NC_073242.2_119301617_14
DSFAM324	2	1	DDX	1.0	1.000	0.487	0	family	DN_NC_073232.2_46766506_15,DN_NC_073232.2_46804261_15
DSFAM325	2	1	(novel)	NA	1.000	0.963	0	family	DN_NC_073242.2_15582646_2,DN_NC_073242.2_15582850_2
DSFAM326	2	1	(novel)	NA	1.000	0.986	0	family	DN_NC_073242.2_30609225_2,DN_NC_073242.2_30609335_2
DSFAM327	2	1	LIMD	1.0	1.000	0.677	0	family	DN_NC_086017.1_55487080_8,DN_NC_086017.1_55569143_2
DSFAM328	2	1	(novel)	NA	1.000	0.924	0	family	DN_NC_073238.2_24493081_2,DN_NC_073238.2_24493686_3
DSFAM329	2	2	AMPD	1.0	1.000	0.165	0	family	DN_NC_073224.2_130449319_18,DN_NC_073233.2_16844162_15
DSFAM330	2	1	CBR	1.0	1.000	0.845	0	family	DN_NC_073246.2_37979530_3,DN_NC_073246.2_38044178_3
DSFAM331	2	1	SP	1.0	1.000	0.280	0	family	DN_NC_073235.2_76383763_5,DN_NC_073235.2_76429632_2
DSFAM332	2	1	CAB	1.0	1.000	0.973	0	family	DN_NC_073238.2_63924957_2,DN_NC_073238.2_63928303_2
DSFAM333	2	1	(novel)	NA	1.000	0.227	0	family	DN_NC_073247.2_111144748_2,DN_NC_073247.2_111144771_2
DSFAM334	2	1	NLRP	1.0	1.000	0.394	0	family	DN_NC_073244.2_66923641_8,DN_NC_073244.2_66965840_13
DSFAM335	2	1	ACO	0.5	1.000	0.213	0	family	DN_NC_086018.1_39469630_18,DN_NC_086018.1_39525778_6
DSFAM336	2	1	LIG	1.0	1.000	0.959	0	family	DN_NC_073238.2_122935066_2,DN_NC_073238.2_122935066_3
DSFAM337	2	1	LRRN	1.0	1.000	0.977	0	family	DN_NC_073224.2_52075783_3,DN_NC_073224.2_52075812_2
DSFAM338	2	1	CPN	1.0	1.000	0.861	0	family	DN_NC_086017.1_205396306_2,DN_NC_086017.1_205396414_2
DSFAM339	2	1	ARB	1.0	1.000	0.945	0	family	DN_NC_073228.2_97735756_11,DN_NC_073228.2_97735756_2
DSFAM340	2	1	(novel)	NA	1.000	0.636	0	family	DN_NC_073242.2_32258496_8,DN_NC_073242.2_32495201_8
DSFAM341	2	2	GRK	1.0	1.000	0.635	0	family	DN_NC_073233.2_75193065_21,DN_NC_086018.1_23590926_21
DSFAM342	2	1	SYNM	1.0	1.000	0.573	0	family	DN_NC_073240.2_100356163_2,DN_NC_073240.2_100356352_2
DSFAM343	2	1	(novel)	NA	1.000	0.165	0	family	DN_NC_073228.2_23742950_7,DN_NC_073228.2_27022347_6
DSFAM344	2	1	HNRNPF	1.0	1.000	0.956	0	family	DN_NC_073232.2_72046207_4,DN_NC_073232.2_72046295_2
DSFAM345	2	2	(novel)	NA	1.000	0.172	0	family	DN_NC_073233.2_75718276_6,DN_NC_073242.2_8725127_13
DSFAM346	2	1	VCPIP	1.0	1.000	0.571	0	family	DN_NC_073231.2_53719014_3,DN_NC_073231.2_53719315_2
DSFAM347	2	2	(novel)	NA	1.000	0.149	0	family	DN_NC_073234.2_44474713_2,DN_NC_073236.2_130303191_6
DSFAM348	2	2	(novel)	NA	1.000	0.721	0	family	DN_NC_073227.2_211898132_4,DN_NC_073240.2_103158559_3
DSFAM349	2	2	TMEM	1.0	1.000	0.433	0	family	DN_NC_073230.2_84854491_12,DN_NC_073234.2_137155900_12
DSFAM350	2	2	LIMK	1.0	1.000	0.155	0	family	DN_NC_073230.2_83196711_9,DN_NC_086018.1_29227554_16
DSFAM351	2	1	(novel)	NA	1.000	0.785	0	family	DN_NC_073228.2_49804904_11,DN_NC_073228.2_49856055_11
DSFAM352	2	2	DNM	1.0	1.000	0.533	0	family	DN_NC_073224.2_84334480_20,DN_NC_073244.2_16753009_21
DSFAM353	2	2	(novel)	NA	1.000	0.321	0	family	DN_NC_073240.2_24402639_2,DN_NC_086017.1_208307881_15
DSFAM354	2	1	C	1.0	1.000	1.000	0	family	DN_NC_073229.2_49583451_41,DN_NC_073229.2_49609902_41
DSFAM355	2	1	(novel)	NA	1.000	0.939	0	family	DN_NC_073228.2_79646162_2,DN_NC_073228.2_79646181_2
DSFAM356	2	2	(novel)	NA	1.000	0.449	0	family	DN_NC_073230.2_149564614_8,DN_NC_073247.2_51197700_2
DSFAM357	2	1	SOCS	1.0	1.000	0.949	0	family	DN_NC_073239.2_71973168_3,DN_NC_073239.2_71973219_2
DSFAM358	2	1	AMN	0.5	1.000	0.647	0	family	DN_NC_073234.2_69501458_7,DN_NC_073234.2_69557459_4
DSFAM359	2	1	SERP	1.0	1.000	0.842	0	family	DN_NC_086017.1_161686424_3,DN_NC_086017.1_161687867_2
DSFAM360	2	1	(novel)	NA	1.000	1.000	0	family	DN_NC_073230.2_13331389_15,DN_NC_073230.2_14245227_15
DSFAM361	2	1	PARS	1.0	1.000	0.928	0	family	DN_NC_073224.2_185208154_2,DN_NC_073224.2_185208272_2
DSFAM362	2	1	TSR	0.5	1.000	0.288	0	family	DN_NC_073243.2_17433799_8,DN_NC_073243.2_17450998_15
DSFAM363	2	1	(novel)	NA	1.000	0.953	0	family	DN_NC_073232.2_101386779_2,DN_NC_073232.2_101386780_2
DSFAM364	2	1	(novel)	NA	1.000	0.144	0	family	DN_NC_073233.2_112912081_9,DN_NC_073233.2_112925764_3
DSFAM365	2	1	(novel)	NA	1.000	0.599	0	family	DN_NC_073243.2_23849950_3,DN_NC_073243.2_23853504_2
DSFAM366	2	1	(novel)	NA	1.000	0.603	0	family	DN_NC_073235.2_79097501_2,DN_NC_073235.2_79097501_3
DSFAM367	2	2	ARID	1.0	1.000	0.272	0	family	DN_NC_073224.2_213161178_3,DN_NC_073229.2_181371301_3
DSFAM368	2	1	UNC5CL	1.0	1.000	0.821	0	family	DN_NC_073229.2_58814186_2,DN_NC_073229.2_58814205_3
DSFAM369	2	1	NDUFB	1.0	1.000	0.336	0	family	DN_NC_073230.2_149808488_4,DN_NC_073230.2_149808502_2
DSFAM370	2	1	(novel)	NA	1.000	0.353	0	family	DN_NC_073232.2_65721054_29,DN_NC_073232.2_69588940_31
DSFAM371	2	2	SLC27A	1.0	1.000	0.306	0	family	DN_NC_073237.2_124724631_14,DN_NC_073244.2_23914271_12
DSFAM372	2	1	FGF	0.5	1.000	0.421	0	family	DN_NC_073227.2_142943898_3,DN_NC_073227.2_143010447_5
DSFAM373	2	2	HTRA	1.0	1.000	0.211	0	family	DN_NC_073227.2_13097386_9,DN_NC_073232.2_134750324_9
DSFAM374	2	1	DFFB	1.0	1.000	0.758	0	family	DN_NC_073224.2_236757318_7,DN_NC_073224.2_236757333_2
DSFAM375	2	2	MTHFD	1.0	1.000	0.380	0	family	DN_NC_073227.2_94411155_8,DN_NC_073236.2_65566893_8
DSFAM376	2	1	(novel)	NA	1.000	0.278	0	family	DN_NC_073236.2_31528778_7,DN_NC_073236.2_32340171_12
DSFAM377	2	2	HSP90AB	0.5	1.000	0.410	0	family	DN_NC_073229.2_62050928_12,DN_NC_073239.2_119046659_11
DSFAM378	2	1	C20H19orf	1.0	1.000	0.978	0	family	DN_NC_073244.2_40462480_3,DN_NC_073244.2_40462555_2
DSFAM379	2	1	CCNH	0.5	1.000	0.612	0	family	DN_NC_073228.2_91400267_25,DN_NC_073228.2_91522397_9
DSFAM380	2	1	(novel)	NA	1.000	0.229	0	family	DN_NC_086017.1_19795280_8,DN_NC_086017.1_19858571_3
DSFAM381	2	1	(novel)	NA	1.000	0.934	0	family	DN_NC_073243.2_29313340_3,DN_NC_073243.2_29315062_2
DSFAM382	2	2	NAA	1.0	1.000	0.316	0	family	DN_NC_073227.2_99578163_2,DN_NC_073247.2_165620510_8
DSFAM383	2	1	(novel)	NA	1.000	0.280	0	family	DN_NC_073224.2_114480077_3,DN_NC_073224.2_115073534_2
DSFAM384	2	1	CENPP	0.5	1.000	0.886	0	family	DN_NC_073237.2_89073528_3,DN_NC_073237.2_89075402_13
DSFAM385	2	2	CLTC	0.5	1.000	0.886	0	family	DN_NC_073228.2_32366054_32,DN_NC_086018.1_16610610_33
DSFAM386	2	1	(novel)	NA	1.000	0.974	0	family	DN_NC_073245.2_47859363_3,DN_NC_073245.2_47859397_2
DSFAM387	2	2	(novel)	NA	1.000	0.169	0	family	DN_NC_073224.2_14727985_2,DN_NC_073233.2_84240332_5
DSFAM388	2	1	TRIB	1.0	1.000	0.625	0	family	DN_NC_073236.2_127174556_4,DN_NC_073236.2_127174557_2
DSFAM389	2	1	SDHAF	1.0	1.000	0.937	0	family	DN_NC_073233.2_69213119_4,DN_NC_073233.2_69213733_2
DSFAM390	2	1	STUB	0.5	1.000	0.315	0	family	DN_NC_073242.2_4304426_7,DN_NC_073242.2_4305661_8
DSFAM391	2	1	LAMP	0.5	1.000	0.615	0	family	DN_NC_073238.2_128177434_9,DN_NC_073238.2_128201955_8
DSFAM392	2	1	FCGR	1.0	1.000	0.262	0	family	DN_NC_073224.2_95093869_7,DN_NC_073224.2_95171181_7
DSFAM393	2	1	TDP	1.0	1.000	0.175	0	family	DN_NC_073239.2_106898080_16,DN_NC_073239.2_106898156_2
DSFAM394	2	1	GNG	0.5	1.000	0.631	0	family	DN_NC_073224.2_155484145_3,DN_NC_073224.2_155489872_9
DSFAM395	2	1	DDX	1.0	1.000	0.503	0	family	DN_NC_073242.2_99745328_12,DN_NC_073242.2_99793055_12
DSFAM396	2	2	(novel)	NA	1.000	0.180	0	family	DN_NC_073224.2_126139506_3,DN_NC_073242.2_97073460_5
DSFAM397	2	1	(novel)	NA	1.000	0.619	0	family	DN_NC_073240.2_23337808_11,DN_NC_073240.2_29369420_15
DSFAM398	2	1	(novel)	NA	1.000	0.292	0	family	DN_NC_073230.2_47098444_23,DN_NC_073230.2_86257459_21
DSFAM399	2	1	(novel)	NA	1.000	0.918	0	family	DN_NC_073231.2_141285400_2,DN_NC_073231.2_141285656_2
DSFAM400	2	1	(novel)	NA	1.000	0.717	0	family	DN_NC_073228.2_11547313_2,DN_NC_073228.2_11547327_3
DSFAM401	2	1	(novel)	NA	1.000	0.945	0	family	DN_NC_073234.2_26904174_2,DN_NC_073234.2_26904174_3
DSFAM402	2	2	PTPRS	0.5	1.000	0.450	0	family	DN_NC_073224.2_196323176_17,DN_NC_073244.2_10996541_7
DSFAM403	2	1	NOP	0.5	1.000	0.263	0	family	DN_NC_073239.2_32339840_6,DN_NC_073239.2_32342111_10
DSFAM404	2	2	(novel)	NA	1.000	0.154	0	family	DN_NC_073232.2_100192352_9,DN_NC_073237.2_29305062_2
DSFAM405	2	1	TMEM	1.0	1.000	0.622	0	family	DN_NC_073233.2_70706693_5,DN_NC_073233.2_70709650_2
DSFAM406	2	1	ZCCHC	1.0	1.000	0.969	0	family	DN_NC_073228.2_136902306_2,DN_NC_073228.2_136902306_4
DSFAM407	2	2	RPL	0.5	1.000	0.153	0	family	DN_NC_073232.2_42645510_15,DN_NC_073241.2_78772517_7
DSFAM408	2	2	PPP1CA	0.5	1.000	0.627	0	family	DN_NC_073233.2_75326481_7,DN_NC_073234.2_126131834_7
DSFAM409	2	2	CILP	1.0	1.000	0.173	0	family	DN_NC_073240.2_65970509_9,DN_NC_073244.2_25986503_8
DSFAM410	2	2	RPS6KA	1.0	1.000	0.329	0	family	DN_NC_073224.2_213368965_21,DN_NC_073229.2_190755772_21
DSFAM411	2	1	AKIRIN	1.0	1.000	0.383	0	family	DN_NC_073229.2_111826313_5,DN_NC_073229.2_111849240_2
DSFAM412	2	1	(novel)	NA	1.000	0.918	0	family	DN_NC_073227.2_9827381_2,DN_NC_073227.2_9827395_2
DSFAM413	2	1	(novel)	NA	1.000	0.742	0	family	DN_NC_086017.1_19222556_2,DN_NC_086017.1_19223013_2
DSFAM414	2	1	MBNL	1.0	1.000	0.927	0	family	DN_NC_086017.1_163436918_2,DN_NC_086017.1_163437377_2
DSFAM415	2	1	(novel)	NA	1.000	0.964	0	family	DN_NC_073239.2_15137286_3,DN_NC_073239.2_15145670_3
DSFAM416	2	1	RPL	0.5	1.000	0.442	0	family	DN_NC_086017.1_22612673_15,DN_NC_086017.1_22648299_4
DSFAM417	2	2	MTA	1.0	1.000	0.218	0	family	DN_NC_073233.2_70511026_18,DN_NC_073236.2_97058333_14
DSFAM418	2	1	(novel)	NA	1.000	0.737	0	family	DN_NC_073224.2_220588830_7,DN_NC_073224.2_220611411_7
DSFAM419	2	1	(novel)	NA	1.000	0.741	0	family	DN_NC_073243.2_82594889_12,DN_NC_073243.2_82739824_8
DSFAM420	2	1	TIMM	1.0	1.000	0.966	0	family	DN_NC_073233.2_12816971_3,DN_NC_073233.2_12817077_2
DSFAM421	2	1	ITGA	1.0	1.000	0.368	0	family	DN_NC_073243.2_57271335_29,DN_NC_073243.2_57401653_2
DSFAM422	2	1	(novel)	NA	1.000	0.175	0	family	DN_NC_073234.2_135608372_3,DN_NC_073234.2_135617419_11
DSFAM423	2	1	MOV	0.5	1.000	0.536	0	family	DN_NC_073224.2_126184593_6,DN_NC_073224.2_126189262_21
DSFAM424	2	2	(novel)	NA	1.000	0.293	0	family	DN_NC_073230.2_74190280_2,DN_NC_073231.2_79866967_2
DSFAM425	2	1	MFSD	1.0	1.000	0.907	0	family	DN_NC_073234.2_48095528_2,DN_NC_073234.2_48095531_3
DSFAM426	2	1	PSMG	1.0	1.000	0.672	0	family	DN_NC_073229.2_20874296_3,DN_NC_073229.2_20874325_2
DSFAM427	2	1	TXNDC	0.5	1.000	0.786	0	family	DN_NC_073243.2_21779153_4,DN_NC_073243.2_21780781_4
DSFAM428	2	1	RNF	1.0	1.000	0.869	0	family	DN_NC_073231.2_130302412_2,DN_NC_073231.2_130302784_3
DSFAM429	2	1	(novel)	NA	1.000	0.694	0	family	DN_NC_073227.2_23893945_4,DN_NC_073227.2_23893974_2
DSFAM430	2	2	MEIS	1.0	1.000	0.221	0	family	DN_NC_073236.2_73173266_13,DN_NC_073240.2_37591091_13
DSFAM431	2	1	MDM	1.0	1.000	0.616	0	family	DN_NC_073234.2_84110676_11,DN_NC_073234.2_84143178_2
DSFAM432	2	1	ZBTB	1.0	1.000	0.984	0	family	DN_NC_073239.2_121804510_2,DN_NC_073239.2_121804570_2
DSFAM433	2	1	TSPYL	1.0	1.000	0.716	0	family	DN_NC_073231.2_103118245_2,DN_NC_073231.2_103118257_2
DSFAM434	2	2	(novel)	NA	1.000	0.278	0	family	DN_NC_073236.2_52719848_2,DN_NC_073237.2_30299641_3
DSFAM435	2	1	DUSP	1.0	1.000	0.654	0	family	DN_NC_086018.1_28682745_2,DN_NC_086018.1_28683338_2
DSFAM436	2	1	DAP	0.5	1.000	0.599	0	family	DN_NC_073224.2_100975273_21,DN_NC_073224.2_101136214_11
DSFAM437	2	1	MACIR	1.0	1.000	0.935	0	family	DN_NC_073228.2_107064588_3,DN_NC_073228.2_107064626_2
DSFAM438	2	2	CHD	1.0	1.000	0.321	0	family	DN_NC_073228.2_103031498_31,DN_NC_073240.2_94115085_33
DSFAM439	2	2	SLC6A	1.0	1.000	0.334	0	family	DN_NC_073242.2_84722201_14,DN_NC_073243.2_110732778_15
DSFAM440	2	1	MTREX	0.5	1.000	0.292	0	family	DN_NC_073243.2_54697918_6,DN_NC_073243.2_54805899_27
DSFAM441	2	1	(novel)	NA	1.000	0.653	0	family	DN_NC_073242.2_85219903_4,DN_NC_073242.2_85260734_2
DSFAM442	2	1	(novel)	NA	1.000	0.175	0	family	DN_NC_086017.1_117701253_4,DN_NC_086017.1_117728965_2
DSFAM443	2	1	SNX	1.0	1.000	0.739	0	family	DN_NC_073240.2_76515198_2,DN_NC_073240.2_76523319_2
DSFAM444	2	2	NUAK	1.0	1.000	0.217	0	family	DN_NC_073224.2_51430719_7,DN_NC_073234.2_121481999_7
DSFAM445	2	2	TPM	1.0	1.000	0.521	0	family	DN_NC_073237.2_27282743_9,DN_NC_073240.2_63815908_8
DSFAM446	2	2	(novel)	NA	1.000	0.221	0	family	DN_NC_073229.2_64639535_22,DN_NC_073238.2_32078126_7
DSFAM447	2	1	AKAP	1.0	1.000	0.801	0	family	DN_NC_073229.2_155339698_8,DN_NC_073229.2_155458435_2
DSFAM448	2	1	P2RY	1.0	1.000	0.962	0	family	DN_NC_073247.2_90643391_2,DN_NC_073247.2_90643400_3
DSFAM449	2	2	CSNK	1.0	1.000	0.246	0	family	DN_NC_073228.2_9720205_10,DN_NC_086018.1_36304756_7
DSFAM450	2	2	WFIKKN	1.0	1.000	0.163	0	family	DN_NC_073228.2_41229799_2,DN_NC_073242.2_4252822_2
DSFAM451	2	1	(novel)	NA	1.000	0.686	0	family	DN_NC_073243.2_68855949_2,DN_NC_073243.2_68861513_2
DSFAM452	2	1	(novel)	NA	1.000	0.203	0	family	DN_NC_086017.1_155936782_2,DN_NC_086017.1_155936791_2
DSFAM453	2	1	ZBTB	1.0	1.000	0.986	0	family	DN_NC_073237.2_119275968_2,DN_NC_073237.2_119275970_2
DSFAM454	2	1	BICD	1.0	1.000	0.325	0	family	DN_NC_073234.2_68834312_9,DN_NC_073234.2_69095541_2
DSFAM455	2	1	(novel)	NA	1.000	0.468	0	family	DN_NC_073238.2_23273370_7,DN_NC_073238.2_24372581_9
DSFAM456	2	2	EIF4A	1.0	1.000	0.325	0	family	DN_NC_073228.2_11820810_12,DN_NC_073243.2_22718660_11
DSFAM457	2	1	RHNO	1.0	1.000	0.961	0	family	DN_NC_073234.2_18515307_3,DN_NC_073234.2_18515360_2
DSFAM458	2	1	TMEM	1.0	1.000	0.974	0	family	DN_NC_073228.2_87135938_4,DN_NC_073228.2_87135948_2
DSFAM459	2	1	CRYBG	1.0	1.000	0.644	0	family	DN_NC_086017.1_108627629_4,DN_NC_086017.1_108681024_19
DSFAM460	2	1	(novel)	NA	1.000	0.999	0	family	DN_NC_073239.2_35396913_9,DN_NC_073239.2_35520561_9
DSFAM461	2	1	PTPN	1.0	1.000	0.137	0	family	DN_NC_073234.2_127819985_16,DN_NC_073234.2_22604826_16
DSFAM462	2	2	TVP	0.5	1.000	0.241	0	family	DN_NC_073228.2_81446275_7,DN_NC_073243.2_30823221_7
DSFAM463	2	2	DDX	1.0	1.000	0.301	0	family	DN_NC_073247.2_51699012_17,DN_NC_073248.2_31199793_17
DSFAM464	2	1	(novel)	NA	1.000	0.998	0	family	DN_NC_073247.2_62664010_4,DN_NC_073247.2_62680287_4
DSFAM465	2	1	THTPA	1.0	1.000	0.864	0	family	DN_NC_073239.2_33081359_2,DN_NC_073239.2_33081360_2
DSFAM466	2	1	(novel)	NA	1.000	0.436	0	family	DN_NC_086018.1_40516247_7,DN_NC_086018.1_40570429_6
DSFAM467	2	1	AVL	1.0	1.000	0.274	0	family	DN_NC_073230.2_39935031_2,DN_NC_073230.2_39935045_16
DSFAM468	2	1	LRRC	1.0	1.000	0.523	0	family	DN_NC_073233.2_46486095_2,DN_NC_073233.2_46486625_3
DSFAM469	2	1	SNAPC	1.0	1.000	0.952	0	family	DN_NC_073240.2_67277314_2,DN_NC_073240.2_67277314_3
DSFAM470	2	1	F2RL	1.0	1.000	0.933	0	family	DN_NC_073244.2_23329406_2,DN_NC_073244.2_23329427_2
DSFAM471	2	1	HELQ	1.0	1.000	0.275	0	family	DN_NC_073227.2_103697557_18,DN_NC_073227.2_103742235_2
DSFAM472	2	1	OXR	1.0	1.000	0.809	0	family	DN_NC_073231.2_112107185_2,DN_NC_073231.2_112107225_2
DSFAM473	2	1	(novel)	NA	1.000	0.321	0	family	DN_NC_073240.2_23459848_11,DN_NC_073240.2_24764672_4
DSFAM474	2	2	(novel)	NA	1.000	0.147	0	family	DN_NC_073239.2_37244148_2,DN_NC_073240.2_24965661_3
DSFAM475	2	2	RRM	0.5	1.000	0.160	0	family	DN_NC_073236.2_129795378_10,DN_NC_073247.2_54705383_3
DSFAM476	2	2	(novel)	NA	1.000	0.430	0	family	DN_NC_073238.2_128463727_12,DN_NC_073247.2_47501169_3
DSFAM477	2	1	ZCCHC	1.0	1.000	0.775	0	family	DN_NC_073242.2_117986135_2,DN_NC_073242.2_117987704_2
DSFAM478	2	1	NFATC	1.0	1.000	0.620	0	family	DN_NC_073241.2_108714725_10,DN_NC_073241.2_108809171_2
DSFAM479	2	1	DGCR	1.0	1.000	0.652	0	family	DN_NC_086018.1_16346801_5,DN_NC_086018.1_17748702_5
DSFAM480	2	2	(novel)	NA	1.000	0.340	0	family	DN_NC_073230.2_98668717_3,DN_NC_073234.2_37699488_22
DSFAM481	2	1	PWWP	1.0	1.000	0.503	0	family	DN_NC_073232.2_144769527_2,DN_NC_073232.2_144769543_2
DSFAM482	2	1	MTERF	1.0	1.000	0.982	0	family	DN_NC_073230.2_96939211_3,DN_NC_073230.2_96939224_2
DSFAM483	2	2	(novel)	NA	1.000	0.407	0	family	DN_NC_073245.2_9841009_7,DN_NC_073247.2_30010111_18
DSFAM484	2	1	KRR	0.5	1.000	0.433	0	family	DN_NC_073234.2_90802099_6,DN_NC_073234.2_90815331_10
DSFAM485	2	1	MEIG	1.0	1.000	0.780	0	family	DN_NC_073232.2_23981209_3,DN_NC_073232.2_23981901_2
DSFAM486	2	1	SRSF	0.5	1.000	0.441	0	family	DN_NC_073234.2_135871466_4,DN_NC_073234.2_135886660_4
DSFAM487	2	1	FBXO	1.0	1.000	0.353	0	family	DN_NC_073224.2_228923130_6,DN_NC_073224.2_228936705_6
DSFAM488	2	2	(novel)	NA	1.000	0.886	0	family	DN_NC_073228.2_61354966_3,DN_NC_073234.2_45248479_4
DSFAM489	2	1	ETFDH	0.5	1.000	0.391	0	family	DN_NC_073227.2_179688123_13,DN_NC_073227.2_179727029_10
DSFAM490	2	1	PABPC	1.0	1.000	0.981	0	family	DN_NC_073227.2_154494633_2,DN_NC_073227.2_154494634_2
DSFAM491	2	1	(novel)	NA	1.000	0.999	0	family	DN_NC_073239.2_32645673_2,DN_NC_073239.2_32681049_2
DSFAM492	2	2	SLC4A	1.0	1.000	0.192	0	family	DN_NC_073230.2_159879400_23,DN_NC_073235.2_122326496_17
DSFAM493	2	2	SLC43A	1.0	1.000	0.166	0	family	DN_NC_073233.2_65156508_13,DN_NC_073243.2_16710332_14
DSFAM494	2	2	ZMAT	0.5	1.000	0.237	0	family	DN_NC_073236.2_52686516_4,DN_NC_073247.2_113660362_2
DSFAM495	2	1	(novel)	NA	1.000	0.177	0	family	DN_NC_073238.2_30202631_2,DN_NC_073238.2_33511810_2
DSFAM496	2	1	MLH	1.0	1.000	0.985	0	family	DN_NC_073239.2_91908376_2,DN_NC_073239.2_91908476_2
DSFAM497	2	2	CLK	1.0	1.000	0.561	0	family	DN_NC_073228.2_182227322_13,DN_NC_073235.2_103471173_13
DSFAM498	2	2	KAT	1.0	1.000	0.262	0	family	DN_NC_073231.2_79409495_17,DN_NC_073232.2_40728717_16
DSFAM499	2	2	SNRPB	0.5	1.000	0.787	0	family	DN_NC_073240.2_26182490_10,DN_NC_073245.2_12383621_7
DSFAM500	2	1	TRNT	0.5	1.000	0.599	0	family	DN_NC_086017.1_12917334_8,DN_NC_086017.1_12936527_11
DSFAM501	2	1	(novel)	NA	1.000	0.248	0	family	DN_NC_073238.2_66682517_7,DN_NC_073238.2_66830454_5
DSFAM502	2	1	GPR	1.0	1.000	0.521	0	family	DN_NC_073230.2_133771638_2,DN_NC_073230.2_133785696_2
DSFAM503	2	2	SH3GL	1.0	1.000	0.326	0	family	DN_NC_073237.2_46657799_9,DN_NC_073244.2_10146023_10
DSFAM504	2	1	(novel)	NA	1.000	0.875	0	family	DN_NC_073229.2_169955497_4,DN_NC_073229.2_169955517_2
DSFAM505	2	2	(novel)	NA	1.000	0.232	0	family	DN_NC_073227.2_123234622_13,DN_NC_073242.2_37667715_4
DSFAM506	2	1	MTERF	0.5	1.000	0.422	0	family	DN_NC_073235.2_143720615_16,DN_NC_073235.2_143747819_4
DSFAM507	2	1	BDKRB	1.0	1.000	0.774	0	family	DN_NC_073239.2_113209919_2,DN_NC_073239.2_113209931_3
DSFAM508	2	1	BEX	1.0	1.000	0.342	0	family	DN_NC_073247.2_114842677_3,DN_NC_073247.2_115094764_3
DSFAM509	2	1	TSC22D	1.0	1.000	0.606	0	family	DN_NC_086017.1_161554109_3,DN_NC_086017.1_161554163_2
DSFAM510	2	1	(novel)	NA	1.000	0.938	0	family	DN_NC_073237.2_90625379_2,DN_NC_073237.2_90625631_3
DSFAM511	2	1	ANTXR	1.0	1.000	0.873	0	family	DN_NC_073227.2_100164790_17,DN_NC_073227.2_100166351_2
DSFAM512	2	2	YES	0.5	1.000	0.277	0	family	DN_NC_073229.2_135821332_11,DN_NC_073241.2_49527271_12
DSFAM513	2	1	BRCA	1.0	1.000	0.639	0	family	DN_NC_073238.2_46636595_11,DN_NC_073238.2_46658592_12
DSFAM514	2	2	PFKFB	1.0	1.000	0.204	0	family	DN_NC_073232.2_15175774_15,DN_NC_086017.1_58383797_14
DSFAM515	2	1	(novel)	NA	1.000	0.916	0	family	DN_NC_073229.2_46514381_2,DN_NC_073229.2_46518353_2
DSFAM516	2	1	(novel)	NA	1.000	0.352	0	family	DN_NC_073227.2_119617950_9,DN_NC_073227.2_119647764_9
DSFAM517	2	1	CPSF	0.5	1.000	0.481	0	family	DN_NC_073239.2_109052370_3,DN_NC_073239.2_109057706_16
DSFAM518	2	2	TPTE	0.5	1.000	0.235	0	family	DN_NC_073233.2_72203709_7,DN_NC_073238.2_33853352_3
DSFAM519	2	1	COPB	0.5	1.000	0.351	0	family	DN_NC_086017.1_150515222_8,DN_NC_086017.1_150527432_22
DSFAM520	2	1	NHP	0.5	1.000	0.434	0	family	DN_NC_073228.2_181756447_11,DN_NC_073228.2_181772207_4
DSFAM521	2	1	TSPAN	0.5	1.000	0.544	0	family	DN_NC_073234.2_43619064_8,DN_NC_073234.2_43623304_5
DSFAM522	2	1	(novel)	NA	1.000	0.421	0	family	DN_NC_073230.2_143596666_10,DN_NC_073230.2_143617302_10
DSFAM523	2	1	RASSF	1.0	1.000	0.986	0	family	DN_NC_073234.2_101170928_2,DN_NC_073234.2_101170936_2
DSFAM524	2	1	(novel)	NA	1.000	0.645	0	family	DN_NC_073231.2_105681903_7,DN_NC_073231.2_105703620_4
DSFAM525	2	1	(novel)	NA	1.000	0.504	0	family	DN_NC_073224.2_116008764_12,DN_NC_073224.2_124490902_14
DSFAM526	2	1	LYRM	1.0	1.000	0.909	0	family	DN_NC_073242.2_20532690_4,DN_NC_073242.2_20533208_4
DSFAM527	2	1	B3GAT	0.5	1.000	0.462	0	family	DN_NC_073229.2_94771458_11,DN_NC_073229.2_94961202_4
DSFAM528	2	1	BCL	1.0	1.000	0.952	0	family	DN_NC_073241.2_92450517_2,DN_NC_073241.2_92451097_2
DSFAM529	2	1	(novel)	NA	1.000	0.550	0	family	DN_NC_086017.1_148000613_2,DN_NC_086017.1_148000614_2
DSFAM530	2	1	MCMDC	1.0	1.000	0.835	0	family	DN_NC_073231.2_53456699_4,DN_NC_073231.2_53460237_15
DSFAM531	2	2	DCAF	0.5	1.000	0.459	0	family	DN_NC_073227.2_50003246_2,DN_NC_073239.2_89803404_14
DSFAM532	2	1	SMCP	1.0	1.000	0.662	0	family	DN_NC_073224.2_103920824_2,DN_NC_073224.2_103921050_3
DSFAM533	2	1	ZBTB	1.0	1.000	0.948	0	family	DN_NC_073237.2_25495339_2,DN_NC_073237.2_25495347_2
DSFAM534	2	1	(novel)	NA	1.000	0.924	0	family	DN_NC_073229.2_45717186_2,DN_NC_073229.2_45717206_2
DSFAM535	2	1	ITFG	1.0	1.000	0.418	0	family	DN_NC_073234.2_18450483_12,DN_NC_073234.2_18459578_6
DSFAM536	2	1	TSN	1.0	1.000	0.930	0	family	DN_NC_073235.2_23274273_6,DN_NC_073235.2_23274370_2
DSFAM537	2	2	BTRC	0.5	1.000	0.212	0	family	DN_NC_073228.2_175667319_12,DN_NC_073232.2_113619502_15
DSFAM538	2	1	EPM2AIP	1.0	1.000	0.638	0	family	DN_NC_086017.1_46885228_4,DN_NC_086017.1_46889059_2
DSFAM539	2	1	GPRASP	1.0	1.000	0.200	0	family	DN_NC_073247.2_114441496_5,DN_NC_073247.2_114501773_5
DSFAM540	2	1	ADA	0.5	1.000	0.214	0	family	DN_NC_073245.2_56763975_4,DN_NC_073245.2_56852545_12
DSFAM541	2	1	KHNYN	0.5	1.000	0.596	0	family	DN_NC_073239.2_32209364_6,DN_NC_073239.2_32210799_7
DSFAM542	2	2	TNKS	1.0	1.000	0.385	0	family	DN_NC_073231.2_14164248_27,DN_NC_073232.2_104141687_27
DSFAM543	2	1	EPC	1.0	1.000	0.460	0	family	DN_NC_073232.2_86751922_14,DN_NC_073232.2_86751945_2
DSFAM544	2	1	C1H1orf	1.0	1.000	0.849	0	family	DN_NC_073224.2_204252520_2,DN_NC_073224.2_204252947_3
DSFAM545	2	1	(novel)	NA	1.000	0.219	0	family	DN_NC_073247.2_61509959_2,DN_NC_073247.2_61690478_2
DSFAM546	2	1	DEDD	0.5	1.000	0.694	0	family	DN_NC_073224.2_95638704_6,DN_NC_073224.2_95648579_7
DSFAM547	2	1	SMKR	1.0	1.000	0.686	0	family	DN_NC_073230.2_138581696_2,DN_NC_073230.2_138581727_3
DSFAM548	2	1	(novel)	NA	1.000	0.709	0	family	DN_NC_073239.2_122577448_3,DN_NC_073239.2_122707562_3
DSFAM549	2	1	DPY19L	1.0	1.000	0.680	0	family	DN_NC_073231.2_100565734_19,DN_NC_073231.2_100636160_2
DSFAM550	2	2	(novel)	NA	1.000	0.407	0	family	DN_NC_073237.2_75784390_20,DN_NC_073244.2_8775501_20
DSFAM551	2	1	SRSF	1.0	1.000	0.557	0	family	DN_NC_073233.2_102979814_2,DN_NC_073233.2_102979816_2
DSFAM552	2	1	(novel)	NA	1.000	0.956	0	family	DN_NC_073243.2_103633530_2,DN_NC_073243.2_103634253_3
DSFAM553	2	2	JAG	1.0	1.000	0.173	0	family	DN_NC_073239.2_122136493_25,DN_NC_073245.2_20582467_26
DSFAM554	2	1	ETFRF	0.5	1.000	0.724	0	family	DN_NC_073234.2_76035232_5,DN_NC_073234.2_76077727_3
DSFAM555	2	1	LIPT	1.0	1.000	0.785	0	family	DN_NC_073233.2_82378688_2,DN_NC_073233.2_82378749_2
DSFAM556	2	1	ZNF	1.0	1.000	0.947	0	family	DN_NC_073227.2_18664119_3,DN_NC_073227.2_18664132_2
DSFAM557	2	1	PIGW	1.0	1.000	0.873	0	family	DN_NC_073228.2_56373903_2,DN_NC_073228.2_56374017_2
DSFAM558	2	1	PTCD	0.5	1.000	0.212	0	family	DN_NC_073230.2_89389986_8,DN_NC_073230.2_89408091_6
DSFAM559	2	2	LHX	1.0	1.000	0.153	0	family	DN_NC_073224.2_58834163_5,DN_NC_073237.2_120375635_3
DSFAM560	2	1	ZBTB	1.0	1.000	0.923	0	family	DN_NC_073237.2_123176640_2,DN_NC_073237.2_123176677_3
DSFAM561	2	1	KIF	0.5	1.000	0.731	0	family	DN_NC_073243.2_47785917_12,DN_NC_073243.2_47800408_20
DSFAM562	2	1	IFI27L	1.0	1.000	0.431	0	family	DN_NC_073239.2_111016616_5,DN_NC_073239.2_111016768_2
DSFAM563	2	1	RNF	1.0	1.000	0.882	0	family	DN_NC_086017.1_152926398_3,DN_NC_086017.1_152926408_2
DSFAM564	2	1	C4H5orf	1.0	1.000	0.945	0	family	DN_NC_073228.2_138752359_2,DN_NC_073228.2_138752780_2
DSFAM565	2	1	(novel)	NA	1.000	0.561	0	family	DN_NC_073228.2_182513643_26,DN_NC_073228.2_182587557_24
DSFAM566	2	1	C4H17orf	1.0	1.000	0.714	0	family	DN_NC_073228.2_24012135_3,DN_NC_073228.2_24012172_2
DSFAM567	2	1	ATP5ME	0.5	1.000	0.202	0	family	DN_NC_073227.2_9231816_7,DN_NC_073227.2_9238554_4
DSFAM568	2	1	SQSTM	0.5	1.000	0.485	0	family	DN_NC_073228.2_183798210_8,DN_NC_073228.2_183812935_7
DSFAM569	2	1	TIMM	1.0	1.000	0.809	0	family	DN_NC_073247.2_113121948_2,DN_NC_073247.2_113121962_2
DSFAM570	2	1	LIPK	0.5	1.000	0.858	0	family	DN_NC_073232.2_100896386_2,DN_NC_073232.2_100896386_3
DSFAM571	2	2	CPNE	1.0	1.000	0.239	0	family	DN_NC_073239.2_32570025_17,DN_NC_073242.2_120163344_15
DSFAM572	2	1	(novel)	NA	1.000	0.754	0	family	DN_NC_073247.2_166164942_10,DN_NC_073247.2_166250782_8
DSFAM573	2	1	(novel)	NA	1.000	0.495	0	family	DN_NC_073233.2_103065421_4,DN_NC_073233.2_103150044_4
DSFAM574	2	1	MRPL	1.0	1.000	0.895	0	family	DN_NC_073243.2_110379923_2,DN_NC_073243.2_110381900_2
DSFAM575	2	1	CHPF	1.0	1.000	0.533	0	family	DN_NC_073230.2_160056313_4,DN_NC_073230.2_160056345_3
DSFAM576	2	1	ZNF	1.0	1.000	0.591	0	family	DN_NC_073241.2_103950659_2,DN_NC_073241.2_103951386_2
DSFAM577	2	2	KIF	1.0	1.000	0.133	0	family	DN_NC_073236.2_113941675_8,DN_NC_073245.2_44511531_9
DSFAM578	2	1	B3GNTL	0.5	1.000	0.538	0	family	DN_NC_073228.2_8941710_13,DN_NC_073228.2_9043620_39
DSFAM579	2	2	(novel)	NA	1.000	0.425	0	family	DN_NC_073228.2_28439701_5,DN_NC_073236.2_69434930_3
DSFAM580	2	1	ACOT	1.0	1.000	0.712	0	family	DN_NC_073239.2_90450601_3,DN_NC_073239.2_90451908_2
DSFAM581	2	1	ZBTB	1.0	1.000	0.945	0	family	DN_NC_073229.2_175532657_3,DN_NC_073229.2_175532663_2
DSFAM582	2	1	EIF2AK	0.5	1.000	0.260	0	family	DN_NC_073240.2_40710955_17,DN_NC_073240.2_40740697_5
DSFAM583	2	1	(novel)	NA	1.000	0.439	0	family	DN_NC_073230.2_74930869_10,DN_NC_073230.2_74941165_2
DSFAM584	2	1	(novel)	NA	1.000	0.367	0	family	DN_NC_073233.2_74557606_4,DN_NC_073233.2_74583920_4
DSFAM585	2	1	SMIM	1.0	1.000	0.932	0	family	DN_NC_073229.2_111474468_3,DN_NC_073229.2_111474600_2
DSFAM586	2	1	CMKLR	1.0	1.000	0.913	0	family	DN_NC_073235.2_108790881_2,DN_NC_073235.2_108790882_3
DSFAM587	2	1	FZD	1.0	1.000	0.135	0	family	DN_NC_073233.2_94816092_2,DN_NC_073233.2_94843386_2
DSFAM588	2	2	CLCN	1.0	1.000	0.252	0	family	DN_NC_073227.2_190603026_12,DN_NC_073247.2_60113711_15
DSFAM589	2	1	(novel)	NA	1.000	1.000	0	family	DN_NC_073247.2_131774354_4,DN_NC_073247.2_131863961_4
DSFAM590	2	1	TUBB	0.5	1.000	0.239	0	family	DN_NC_073241.2_37890028_17,DN_NC_073241.2_37935842_4
DSFAM591	2	2	IL	0.5	1.000	0.142	0	family	DN_NC_073236.2_50448087_2,DN_NC_073247.2_135520853_7
DSFAM592	2	1	TICAM	1.0	1.000	0.849	0	family	DN_NC_073228.2_119429190_2,DN_NC_073228.2_119429222_2
DSFAM593	2	1	(novel)	NA	1.000	0.836	0	family	DN_NC_073240.2_51882219_2,DN_NC_073240.2_51883239_2
DSFAM594	2	1	PRPS	1.0	1.000	0.381	0	family	DN_NC_073247.2_119410020_7,DN_NC_073247.2_23260131_7
DSFAM595	2	2	UCK	1.0	1.000	0.215	0	family	DN_NC_073224.2_90855831_7,DN_NC_073237.2_127902837_7
DSFAM596	2	1	GLT8D	0.5	1.000	0.624	0	family	DN_NC_073234.2_119380821_10,DN_NC_073234.2_119401970_11
DSFAM597	2	1	MRPS	1.0	1.000	0.729	0	family	DN_NC_073246.2_35974319_3,DN_NC_073246.2_35974340_2
DSFAM598	2	1	(novel)	NA	1.000	0.911	0	family	DN_NC_086017.1_54409290_2,DN_NC_086017.1_54409290_3
DSFAM599	2	2	USP	1.0	1.000	0.351	0	family	DN_NC_073247.2_51578190_11,DN_NC_073248.2_31260866_11
DSFAM600	2	1	(novel)	NA	1.000	0.166	0	family	DN_NC_073228.2_81689164_6,DN_NC_073228.2_83259868_7
DSFAM601	2	1	XKR	1.0	1.000	0.882	0	family	DN_NC_073231.2_12728583_2,DN_NC_073231.2_12728918_2
DSFAM602	2	1	(novel)	NA	1.000	0.339	0	family	DN_NC_073229.2_44079934_10,DN_NC_073229.2_44118209_11
DSFAM603	2	2	CKB	0.5	1.000	0.626	0	family	DN_NC_073239.2_120499478_8,DN_NC_073244.2_56814281_4
DSFAM604	2	1	(novel)	NA	1.000	0.972	0	family	DN_NC_073233.2_10992266_3,DN_NC_073233.2_10999053_2
DSFAM605	2	2	IGBP	1.0	1.000	0.570	0	family	DN_NC_073228.2_33351168_2,DN_NC_073247.2_81944671_6
DSFAM606	2	1	HBP	0.5	1.000	0.400	0	family	DN_NC_073230.2_116119215_11,DN_NC_073230.2_116150343_22
DSFAM607	2	1	DPEP	1.0	1.000	0.430	0	family	DN_NC_073242.2_97202362_10,DN_NC_073242.2_97214082_10
DSFAM608	2	1	(novel)	NA	1.000	1.000	0	family	DN_NC_073245.2_68791722_2,DN_NC_073245.2_68800206_2
DSFAM609	2	1	TOPORS	1.0	1.000	0.953	0	family	DN_NC_073237.2_30499648_3,DN_NC_073237.2_30499916_2
DSFAM610	2	1	LGALS	0.5	1.000	0.470	0	family	DN_NC_073239.2_72077053_6,DN_NC_073239.2_72093949_19
DSFAM611	2	1	ACAT	0.5	1.000	0.157	0	family	DN_NC_073229.2_183992530_9,DN_NC_073229.2_184008587_12
DSFAM612	2	1	(novel)	NA	1.000	0.879	0	family	DN_NC_073238.2_34435620_2,DN_NC_073238.2_34438168_2
DSFAM613	2	1	(novel)	NA	1.000	0.725	0	family	DN_NC_073246.2_46782162_4,DN_NC_073246.2_46785229_2
DSFAM614	2	1	ATP8A	1.0	1.000	0.982	0	family	DN_NC_073238.2_40338449_2,DN_NC_073238.2_40339475_2
DSFAM615	2	1	(novel)	NA	1.000	0.941	0	family	DN_NC_073228.2_94538894_2,DN_NC_073228.2_94538918_2
DSFAM616	2	1	SLC46A	0.5	1.000	0.725	0	family	DN_NC_073228.2_64684384_5,DN_NC_073228.2_64691860_6
DSFAM617	2	2	(novel)	NA	1.000	0.207	0	family	DN_NC_073238.2_51309642_26,DN_NC_073247.2_34808557_3
DSFAM618	2	2	ZNF	0.5	1.000	0.226	0	family	DN_NC_073244.2_69466469_2,DN_NC_073247.2_24180353_4
DSFAM619	2	1	ABITRAM	0.5	1.000	0.759	0	family	DN_NC_073237.2_105179643_6,DN_NC_073237.2_105184979_19
DSFAM620	2	1	(novel)	NA	1.000	0.432	0	family	DN_NC_073233.2_73331591_2,DN_NC_073233.2_73331592_3
DSFAM621	2	1	(novel)	NA	1.000	0.384	0	family	DN_NC_073228.2_62433488_6,DN_NC_073228.2_9345525_10
DSFAM622	2	1	TOLLIP	1.0	1.000	0.936	0	family	DN_NC_073233.2_7736779_6,DN_NC_073233.2_7736787_7
DSFAM623	2	2	(novel)	NA	1.000	0.357	0	family	DN_NC_073230.2_137926513_11,DN_NC_086017.1_68009077_13
DSFAM624	2	2	TARS	1.0	1.000	0.543	0	family	DN_NC_073240.2_102922989_19,DN_NC_073243.2_79064876_19
DSFAM625	2	1	CHIT	0.5	1.000	0.471	0	family	DN_NC_073224.2_53524414_11,DN_NC_073224.2_53535059_3
DSFAM626	2	1	(novel)	NA	1.000	0.499	0	family	DN_NC_073230.2_76190196_16,DN_NC_073230.2_82009167_15
DSFAM627	2	1	EXO	1.0	1.000	0.832	0	family	DN_NC_073224.2_199438392_2,DN_NC_073224.2_199438673_4
DSFAM628	2	1	LYSMD	0.5	1.000	0.583	0	family	DN_NC_073224.2_105669663_7,DN_NC_073224.2_105672200_3
DSFAM629	2	2	SPTBN	1.0	1.000	0.360	0	family	DN_NC_073233.2_74603920_22,DN_NC_073236.2_85139103_21
DSFAM630	2	1	POMGNT	1.0	1.000	0.899	0	family	DN_NC_086017.1_52975845_2,DN_NC_086017.1_52975847_3
DSFAM631	2	1	NID	0.5	1.000	0.206	0	family	DN_NC_073239.2_68942364_8,DN_NC_073239.2_68957209_21
DSFAM632	2	2	CYFIP	1.0	1.000	0.274	0	family	DN_NC_073228.2_161096696_31,DN_NC_073240.2_23877041_31
DSFAM633	2	2	IRF	1.0	1.000	0.147	0	family	DN_NC_073224.2_46970626_9,DN_NC_073230.2_138011361_9
DSFAM634	2	1	GLMN	0.5	1.000	0.523	0	family	DN_NC_073224.2_147663563_19,DN_NC_073224.2_147715668_5
DSFAM635	2	2	(novel)	NA	1.000	0.214	0	family	DN_NC_073224.2_16928217_2,DN_NC_073232.2_122771445_4
DSFAM636	2	2	(novel)	NA	1.000	0.261	0	family	DN_NC_073228.2_33351152_31,DN_NC_073236.2_29195344_14
DSFAM637	2	1	(novel)	NA	1.000	0.896	0	family	DN_NC_073228.2_161537388_3,DN_NC_073228.2_161538611_2
DSFAM638	2	2	PPP2R	1.0	1.000	0.264	0	family	DN_NC_073227.2_14847068_10,DN_NC_073232.2_144274206_9
DSFAM639	2	1	(novel)	NA	1.000	0.697	0	family	DN_NC_073237.2_83892884_7,DN_NC_073237.2_84363825_25
DSFAM640	2	1	ZNF	1.0	1.000	0.959	0	family	DN_NC_073242.2_100978406_2,DN_NC_073242.2_100978412_2
DSFAM641	2	1	SAMD	1.0	1.000	0.185	0	family	DN_NC_073230.2_95688791_4,DN_NC_073230.2_95718597_3
DSFAM642	2	2	MAGOHB	0.5	1.000	0.730	0	family	DN_NC_073224.2_186733859_5,DN_NC_073234.2_26006928_5
DSFAM643	2	1	RAB	1.0	1.000	0.798	0	family	DN_NC_086017.1_145000409_2,DN_NC_086017.1_145000409_8
DSFAM644	2	1	HNRNPA	1.0	1.000	0.608	0	family	DN_NC_073235.2_79684637_11,DN_NC_073235.2_79692771_2
DSFAM645	2	1	(novel)	NA	1.000	0.225	0	family	DN_NC_073238.2_55186881_2,DN_NC_073238.2_67074273_14
DSFAM646	2	1	SLC22A	1.0	1.000	0.315	0	family	DN_NC_073228.2_136205303_10,DN_NC_073228.2_136280772_10
DSFAM647	2	2	(novel)	NA	1.000	0.301	0	family	DN_NC_073231.2_151095996_10,DN_NC_073235.2_15191747_16
DSFAM648	2	1	MRPL	0.5	1.000	0.428	0	family	DN_NC_086017.1_190656695_14,DN_NC_086017.1_190680196_7
DSFAM649	2	1	CTSZ	0.5	1.000	0.382	0	family	DN_NC_073245.2_71261640_15,DN_NC_073245.2_71275662_6
DSFAM650	2	1	FBXO	1.0	1.000	0.647	0	family	DN_NC_073231.2_105976995_2,DN_NC_073231.2_105977001_2
DSFAM651	2	1	COG	1.0	1.000	0.781	0	family	DN_NC_073242.2_98553829_2,DN_NC_073242.2_98553829_6
DSFAM652	2	2	ACSL	1.0	1.000	0.179	0	family	DN_NC_073235.2_125539339_16,DN_NC_073247.2_121395319_16
DSFAM653	2	2	DAAM	1.0	1.000	0.170	0	family	DN_NC_073229.2_57565568_13,DN_NC_073239.2_76142345_25
DSFAM654	2	2	PWWP	1.0	1.000	0.229	0	family	DN_NC_073244.2_7138158_14,DN_NC_073247.2_117958904_5
DSFAM655	2	1	RPL	1.0	1.000	0.846	0	family	DN_NC_073247.2_131473642_2,DN_NC_073247.2_131473659_3
DSFAM656	2	1	FBXL	1.0	1.000	0.798	0	family	DN_NC_073244.2_15847494_3,DN_NC_073244.2_15847496_2
DSFAM657	2	1	FAM	1.0	1.000	0.883	0	family	DN_NC_073241.2_36539151_4,DN_NC_073241.2_36539961_2
DSFAM658	2	1	FMO	1.0	1.000	0.342	0	family	DN_NC_073224.2_85416146_10,DN_NC_073224.2_85471368_7
DSFAM659	2	1	PLEKHF	1.0	1.000	0.930	0	family	DN_NC_073231.2_100979139_2,DN_NC_073231.2_100979539_2
DSFAM660	2	2	DAND	0.5	1.000	0.152	0	family	DN_NC_073229.2_147682056_8,DN_NC_073244.2_19011585_2
DSFAM661	2	1	NFAT	1.0	1.000	0.863	0	family	DN_NC_073242.2_98795336_2,DN_NC_073242.2_98795349_3
DSFAM662	2	1	TLR	1.0	1.000	0.929	0	family	DN_NC_073237.2_114063758_3,DN_NC_073237.2_114063772_2
DSFAM663	2	2	(novel)	NA	1.000	0.250	0	family	DN_NC_073237.2_68560894_6,DN_NC_073244.2_54031930_2
DSFAM664	2	1	PDCD	0.5	1.000	0.672	0	family	DN_NC_073232.2_123144734_12,DN_NC_073232.2_123171879_4
DSFAM665	2	1	(novel)	NA	1.000	0.472	0	family	DN_NC_073228.2_66328056_2,DN_NC_073228.2_70719297_2
DSFAM666	2	2	TMEM	1.0	1.000	0.179	0	family	DN_NC_073224.2_38911600_25,DN_NC_073229.2_61929003_23
DSFAM667	2	2	CTBP	1.0	1.000	0.427	0	family	DN_NC_073227.2_9789563_10,DN_NC_073232.2_137259733_11
DSFAM668	2	1	(novel)	NA	1.000	1.000	0	family	DN_NC_073228.2_179795915_6,DN_NC_073228.2_182778476_6
DSFAM669	2	2	(novel)	NA	1.000	0.149	0	family	DN_NC_073230.2_47332274_8,DN_NC_073244.2_63917963_3
DSFAM670	2	2	COMP	0.5	1.000	0.316	0	family	DN_NC_073243.2_31614985_22,DN_NC_073244.2_25226014_19
DSFAM671	2	1	EML	0.5	1.000	0.620	0	family	DN_NC_073239.2_105498614_17,DN_NC_073239.2_105549018_9
DSFAM672	2	2	(novel)	NA	1.000	0.416	0	family	DN_NC_073232.2_8894424_4,DN_NC_073242.2_120770730_3
DSFAM673	2	2	AP2A	1.0	1.000	0.269	0	family	DN_NC_073233.2_7370930_22,DN_NC_073244.2_59973129_7
DSFAM674	2	2	UBE2Q	1.0	1.000	0.253	0	family	DN_NC_073224.2_102253297_12,DN_NC_073240.2_76716889_13
DSFAM675	2	1	(novel)	NA	1.000	0.648	0	family	DN_NC_073232.2_68371563_10,DN_NC_073232.2_68618263_8
DSFAM676	2	1	PEX	1.0	1.000	0.932	0	family	DN_NC_073240.2_90891406_3,DN_NC_073240.2_90891413_2
DSFAM677	2	1	MPDU1-AS	0.5	1.000	0.606	0	family	DN_NC_073243.2_22727924_2,DN_NC_073243.2_22729136_7
DSFAM678	2	2	TAF	0.5	1.000	0.318	0	family	DN_NC_073243.2_40875168_3,DN_NC_073247.2_89808941_7
DSFAM679	2	1	(novel)	NA	1.000	0.335	0	family	DN_NC_073234.2_147445272_9,DN_NC_073234.2_147580679_4
DSFAM680	2	1	TMED	1.0	1.000	0.312	0	family	DN_NC_073224.2_146740219_4,DN_NC_073224.2_146740533_2
DSFAM681	2	2	PNPLA	1.0	1.000	0.336	0	family	DN_NC_073237.2_133885482_35,DN_NC_073244.2_13399581_32
DSFAM682	2	1	LRMDA	1.0	1.000	0.943	0	family	DN_NC_073232.2_39186248_2,DN_NC_073232.2_39186275_2
DSFAM683	2	1	CCDC	1.0	1.000	0.965	0	family	DN_NC_073244.2_57930048_2,DN_NC_073244.2_57930050_2
DSFAM684	2	2	(novel)	NA	1.000	0.215	0	family	DN_NC_073244.2_19147321_17,DN_NC_073247.2_157117185_2
DSFAM685	2	2	(novel)	NA	1.000	0.511	0	family	DN_NC_073234.2_47062440_10,DN_NC_073238.2_67037804_5
DSFAM686	2	2	NBEAL	0.5	1.000	0.160	0	family	DN_NC_073235.2_105819742_3,DN_NC_086018.1_26773900_6
DSFAM687	2	1	COTL	1.0	1.000	0.796	0	family	DN_NC_073242.2_115072204_2,DN_NC_073242.2_115072204_4
DSFAM688	2	1	MLST	0.5	1.000	0.225	0	family	DN_NC_073242.2_5822452_9,DN_NC_073242.2_5827060_6
DSFAM689	2	1	(novel)	NA	1.000	0.454	0	family	DN_NC_073240.2_86403557_2,DN_NC_073240.2_86403557_3
DSFAM690	2	2	EYA	1.0	1.000	0.202	0	family	DN_NC_073229.2_157439925_18,DN_NC_073231.2_49018603_18
DSFAM691	2	2	SMARCC	1.0	1.000	0.203	0	family	DN_NC_073234.2_45177188_28,DN_NC_086017.1_57502847_23
DSFAM692	2	1	(novel)	NA	1.000	1.000	0	family	DN_NC_073242.2_26889052_8,DN_NC_073242.2_27178722_8
DSFAM693	2	1	(novel)	NA	1.000	0.455	0	family	DN_NC_073228.2_37084614_4,DN_NC_073228.2_37089052_16
DSFAM694	2	2	SLC4A	1.0	1.000	0.201	0	family	DN_NC_073234.2_49830161_25,DN_NC_086017.1_37226306_22
DSFAM695	2	1	ALG	1.0	1.000	0.570	0	family	DN_NC_073234.2_62953363_3,DN_NC_073234.2_67151860_3
DSFAM696	2	2	PACSIN	1.0	1.000	0.278	0	family	DN_NC_073229.2_52271806_8,DN_NC_086018.1_40865904_11
DSFAM697	2	1	(novel)	NA	1.000	0.256	0	family	DN_NC_073235.2_68674135_11,DN_NC_073235.2_68877817_25
DSFAM698	2	1	NEU	1.0	1.000	0.961	0	family	DN_NC_073233.2_82871073_3,DN_NC_073233.2_82871134_3
DSFAM699	2	1	(novel)	NA	1.000	1.000	0	family	DN_NC_073242.2_26867490_8,DN_NC_073242.2_27157172_8
DSFAM700	2	1	IFIT	1.0	1.000	0.903	0	family	DN_NC_073232.2_101729760_2,DN_NC_073232.2_101729881_3
DSFAM701	2	2	(novel)	NA	1.000	0.323	0	family	DN_NC_073240.2_23569255_3,DN_NC_073242.2_32534238_24
DSFAM702	2	1	(novel)	NA	1.000	0.938	0	family	DN_NC_073234.2_123998478_3,DN_NC_073234.2_123998479_2
DSFAM703	2	1	PLEKHF	1.0	1.000	0.918	0	family	DN_NC_073231.2_100979596_3,DN_NC_073231.2_100979659_2
DSFAM704	2	2	(novel)	NA	1.000	0.191	0	family	DN_NC_073227.2_96191422_22,DN_NC_073231.2_30601556_2
DSFAM705	2	1	THOC	0.5	1.000	0.469	0	family	DN_NC_073242.2_6668831_3,DN_NC_073242.2_6668959_13
DSFAM706	2	1	SEC	1.0	1.000	0.934	0	family	DN_NC_086017.1_181049848_8,DN_NC_086017.1_181076983_2
DSFAM707	2	2	KDM	0.5	1.000	0.161	0	family	DN_NC_073230.2_149202220_20,DN_NC_073247.2_64062359_23
DSFAM708	2	1	(novel)	NA	1.000	0.231	0	family	DN_NC_073224.2_5868780_3,DN_NC_073224.2_5875208_2
DSFAM709	2	1	C1H1orf	0.5	1.000	0.576	0	family	DN_NC_073224.2_105776266_5,DN_NC_073224.2_105784199_2
DSFAM710	2	1	DPP	0.5	1.000	0.241	0	family	DN_NC_073235.2_64458923_26,DN_NC_073235.2_64637479_26
DSFAM711	2	1	(novel)	NA	1.000	0.897	0	family	DN_NC_073242.2_65850805_2,DN_NC_073242.2_68751082_2
DSFAM712	2	1	NANP	1.0	1.000	0.964	0	family	DN_NC_073245.2_35614959_2,DN_NC_073245.2_35614998_2
DSFAM713	2	1	POLR	1.0	1.000	0.210	0	family	DN_NC_073238.2_41947368_3,DN_NC_073238.2_41947441_2
DSFAM714	2	2	(novel)	NA	1.000	0.153	0	family	DN_NC_073234.2_45066531_11,DN_NC_086017.1_118126676_3
DSFAM715	2	1	(novel)	NA	1.000	0.280	0	family	DN_NC_073240.2_85708603_4,DN_NC_073240.2_86386259_3
DSFAM716	2	2	PLS	0.5	1.000	0.232	0	family	DN_NC_073238.2_59946195_16,DN_NC_086017.1_153776814_16
DSFAM717	2	1	GINS	1.0	1.000	0.770	0	family	DN_NC_073242.2_87532365_2,DN_NC_073242.2_87532444_3
DSFAM718	2	1	EPB41L	1.0	1.000	0.698	0	family	DN_NC_073228.2_115981752_3,DN_NC_073228.2_115983493_23
DSFAM719	2	2	NAA	1.0	1.000	0.329	0	family	DN_NC_073227.2_160095836_15,DN_NC_073238.2_55588931_20
DSFAM720	2	1	(novel)	NA	1.000	0.789	0	family	DN_NC_073230.2_159230781_2,DN_NC_073230.2_159231211_3
DSFAM721	2	1	CCDC	0.5	1.000	0.469	0	family	DN_NC_073237.2_27307884_9,DN_NC_073237.2_27311993_5
DSFAM722	2	1	(novel)	NA	1.000	0.977	0	family	DN_NC_073235.2_31713963_3,DN_NC_073235.2_32705529_3
DSFAM723	2	1	PTTG1IP	1.0	1.000	0.873	0	family	DN_NC_073246.2_46697499_3,DN_NC_073246.2_46697510_2
DSFAM724	2	2	ATP6V0A	0.5	1.000	0.147	0	family	DN_NC_073233.2_75965332_20,DN_NC_073234.2_139148650_20
DSFAM725	2	1	RNF	1.0	1.000	0.960	0	family	DN_NC_073229.2_31614660_3,DN_NC_073229.2_31615222_2
DSFAM726	2	1	DNAJC	1.0	1.000	0.731	0	family	DN_NC_073232.2_42489973_5,DN_NC_073232.2_42497391_2
DSFAM727	2	1	KNOP	1.0	1.000	0.727	0	family	DN_NC_073242.2_19342904_5,DN_NC_073242.2_19351473_2
DSFAM728	2	2	XPO	0.5	1.000	0.356	0	family	DN_NC_073228.2_174681363_28,DN_NC_073231.2_26115616_28
DSFAM729	2	1	(novel)	NA	1.000	0.545	0	family	DN_NC_073237.2_101005198_6,DN_NC_073237.2_101021921_6
DSFAM730	2	1	(novel)	NA	1.000	0.470	0	family	DN_NC_073237.2_84005209_4,DN_NC_073237.2_84204480_4
DSFAM731	2	1	GJB	1.0	1.000	0.814	0	family	DN_NC_073238.2_34485149_2,DN_NC_073238.2_34485156_2
DSFAM732	2	1	LRRC	1.0	1.000	0.298	0	family	DN_NC_073230.2_159145004_4,DN_NC_073230.2_159145015_4
DSFAM733	2	1	(novel)	NA	1.000	0.163	0	family	DN_NC_073232.2_14850424_21,DN_NC_073232.2_14895260_2
DSFAM734	2	1	EGR	1.0	1.000	0.881	0	family	DN_NC_073232.2_52946139_2,DN_NC_073232.2_52947649_2
DSFAM735	2	1	(novel)	NA	1.000	1.000	0	family	DN_NC_073247.2_161266095_3,DN_NC_073247.2_161413981_7
DSFAM736	2	1	AMHR	1.0	1.000	0.173	0	family	DN_NC_073234.2_47918258_11,DN_NC_073234.2_47918403_2
DSFAM737	2	1	DNAAF	1.0	1.000	0.515	0	family	DN_NC_073230.2_8182895_13,DN_NC_073230.2_8238129_2
DSFAM738	2	2	PRKCZ	0.5	1.000	0.165	0	family	DN_NC_073224.2_239070568_18,DN_NC_086017.1_181307962_18
DSFAM739	2	1	HILPDA	1.0	1.000	0.948	0	family	DN_NC_073230.2_137531381_2,DN_NC_073230.2_137531388_2
DSFAM740	2	1	AP1M	1.0	1.000	0.387	0	family	DN_NC_073244.2_16606086_12,DN_NC_073244.2_22635247_12
DSFAM741	2	1	(novel)	NA	1.000	0.549	0	family	DN_NC_073228.2_115483850_5,DN_NC_073228.2_115545008_4
DSFAM742	2	1	GPX	1.0	1.000	0.611	0	family	DN_NC_086017.1_59221746_2,DN_NC_086017.1_59221756_2
DSFAM743	2	1	SZRD	1.0	1.000	0.898	0	family	DN_NC_073224.2_223787100_3,DN_NC_073224.2_223787102_3
DSFAM744	2	1	(novel)	NA	1.000	0.581	0	family	DN_NC_073236.2_51549738_4,DN_NC_073236.2_51862546_3
DSFAM745	2	1	WDFY	1.0	1.000	0.147	0	family	DN_NC_073238.2_66096138_12,DN_NC_073238.2_66096243_2
DSFAM746	2	2	CCT	1.0	1.000	0.460	0	family	DN_NC_073228.2_58045766_15,DN_NC_073230.2_64231587_14
DSFAM747	2	1	SQLE	0.5	1.000	0.365	0	family	DN_NC_073231.2_130827518_11,DN_NC_073231.2_130851528_29
DSFAM748	2	1	(novel)	NA	1.000	0.231	0	family	DN_NC_073243.2_30120917_2,DN_NC_073243.2_30120917_5
DSFAM749	2	2	DAPK	1.0	1.000	0.274	0	family	DN_NC_073240.2_64676115_12,DN_NC_073244.2_9737989_9
DSFAM750	2	1	(novel)	NA	1.000	0.494	0	family	DN_NC_073232.2_36391573_6,DN_NC_073232.2_91788490_6
DSFAM751	2	1	NDUFA	0.5	1.000	0.430	0	family	DN_NC_073228.2_144488767_12,DN_NC_073228.2_144494736_3
DSFAM752	2	1	SH3RF	1.0	1.000	0.931	0	family	DN_NC_073236.2_47380216_2,DN_NC_073236.2_47386283_2
DSFAM753	2	2	PCBP	1.0	1.000	0.266	0	family	DN_NC_073234.2_47868349_14,DN_NC_073246.2_47506574_18
DSFAM754	2	1	POM	1.0	1.000	0.382	0	family	DN_NC_073230.2_82390460_3,DN_NC_073230.2_84208466_3
DSFAM755	2	1	TIFA	1.0	1.000	0.932	0	family	DN_NC_073227.2_132649535_2,DN_NC_073227.2_132649535_3
DSFAM756	2	1	SOX	1.0	1.000	0.903	0	family	DN_NC_086017.1_192652140_6,DN_NC_086017.1_192789306_2
DSFAM757	2	2	CAMK	1.0	1.000	0.298	0	family	DN_NC_073224.2_47163026_13,DN_NC_086017.1_19588191_12
DSFAM758	2	1	(novel)	NA	1.000	0.956	0	family	DN_NC_073244.2_26920460_3,DN_NC_073244.2_26921257_2
DSFAM759	2	1	LIPT	1.0	1.000	0.918	0	family	DN_NC_073236.2_36982651_2,DN_NC_073236.2_36982802_2
DSFAM760	2	2	ARRB	1.0	1.000	0.526	0	family	DN_NC_073233.2_83154693_15,DN_NC_073243.2_19834097_15
DSFAM761	2	2	PBX	1.0	1.000	0.183	0	family	DN_NC_073224.2_91906991_7,DN_NC_073229.2_49774005_9
DSFAM762	2	1	LPCAT	0.5	1.000	0.274	0	family	DN_NC_073234.2_22631499_6,DN_NC_073234.2_22636891_13
DSFAM763	2	1	MYO	1.0	1.000	0.584	0	family	DN_NC_073228.2_63911224_41,DN_NC_073228.2_64010645_2
DSFAM764	2	2	SDHD	0.5	1.000	0.452	0	family	DN_NC_073224.2_214517378_2,DN_NC_073233.2_119992784_4
DSFAM765	2	1	WDR	1.0	1.000	0.762	0	family	DN_NC_086017.1_208118181_3,DN_NC_086017.1_208120122_2
DSFAM766	2	2	AP1S	0.5	1.000	0.227	0	family	DN_NC_073243.2_40339828_3,DN_NC_073247.2_26298821_5
DSFAM767	2	1	MKRN	0.5	1.000	0.475	0	family	DN_NC_086017.1_22368298_8,DN_NC_086017.1_22395793_17
DSFAM768	2	1	(novel)	NA	1.000	0.166	0	family	DN_NC_073242.2_103894328_5,DN_NC_073242.2_29484610_23
DSFAM769	2	1	RBMS	1.0	1.000	0.233	0	family	DN_NC_086017.1_39119183_14,DN_NC_086017.1_39119300_2
DSFAM770	2	1	FANCL	0.5	1.000	0.270	0	family	DN_NC_073236.2_81530457_14,DN_NC_073236.2_81606261_13
DSFAM771	2	1	PGAP	1.0	1.000	0.809	0	family	DN_NC_073233.2_10163848_7,DN_NC_073233.2_10174714_7
DSFAM772	2	1	(novel)	NA	1.000	0.724	0	family	DN_NC_073224.2_85382771_4,DN_NC_073224.2_85382776_2
DSFAM773	2	1	BMPR	1.0	1.000	0.868	0	family	DN_NC_073235.2_105166441_2,DN_NC_073235.2_105167061_2
DSFAM774	2	2	DAZL	0.5	1.000	0.142	0	family	DN_NC_073248.2_42783128_31,DN_NC_086017.1_26423028_11
DSFAM775	2	1	FAM	1.0	1.000	0.788	0	family	DN_NC_073236.2_139864586_2,DN_NC_073236.2_139865866_2
DSFAM776	2	1	TASOR	1.0	1.000	0.249	0	family	DN_NC_086017.1_66512328_14,DN_NC_086017.1_66541567_2
DSFAM777	2	1	(novel)	NA	1.000	0.656	0	family	DN_NC_086017.1_134833806_5,DN_NC_086017.1_136815000_6
DSFAM778	2	2	MAPKAPK	1.0	1.000	0.191	0	family	DN_NC_073224.2_50024137_10,DN_NC_086017.1_60479047_11
DSFAM779	2	1	(novel)	NA	1.000	0.825	0	family	DN_NC_086018.1_48564680_20,DN_NC_086018.1_48579325_2
DSFAM780	2	1	(novel)	NA	1.000	0.967	0	family	DN_NC_073224.2_76929661_3,DN_NC_073224.2_76929679_2
DSFAM781	2	2	APBA	1.0	1.000	0.163	0	family	DN_NC_073240.2_29886021_14,DN_NC_073244.2_9529410_11
DSFAM782	2	1	(novel)	NA	1.000	0.822	0	family	DN_NC_073234.2_31270567_2,DN_NC_073234.2_31271530_2
DSFAM783	2	1	PYROXD	0.5	1.000	0.451	0	family	DN_NC_073234.2_79789135_15,DN_NC_073234.2_79820285_12
DSFAM784	2	2	CD	1.0	1.000	0.990	0	family	DN_NC_073247.2_11949199_10,DN_NC_073248.2_9270633_10
DSFAM785	2	1	(novel)	NA	1.000	0.722	0	family	DN_NC_073248.2_9973930_2,DN_NC_073248.2_9973956_3
DSFAM786	2	1	PDZD	1.0	1.000	0.201	0	family	DN_NC_073243.2_77460937_2,DN_NC_073243.2_77461119_14
DSFAM787	2	2	DNAH	1.0	1.000	0.588	0	family	DN_NC_073228.2_13540554_8,DN_NC_073243.2_27192824_11
DSFAM788	2	1	NDUFB	0.5	1.000	0.687	0	family	DN_NC_073237.2_30511420_2,DN_NC_073237.2_30512124_4
DSFAM789	2	2	ASMTL	1.0	1.000	0.144	0	family	DN_NC_073247.2_10819597_13,DN_NC_073248.2_8163494_2
DSFAM790	2	1	ZNF	1.0	1.000	0.960	0	family	DN_NC_073232.2_68216121_3,DN_NC_073232.2_68216125_2
DSFAM791	2	1	(novel)	NA	1.000	0.829	0	family	DN_NC_073224.2_214041940_2,DN_NC_073224.2_214042038_3
DSFAM792	2	2	PRKAB	0.5	1.000	0.424	0	family	DN_NC_073224.2_114825986_4,DN_NC_073240.2_44556092_13
DSFAM793	2	1	FZD	1.0	1.000	0.202	0	family	DN_NC_073231.2_109134791_7,DN_NC_073231.2_32715505_7
DSFAM794	2	1	PPP1R	1.0	1.000	0.672	0	family	DN_NC_073239.2_33339342_2,DN_NC_073239.2_33340076_3
DSFAM795	2	2	NR2F	1.0	1.000	0.473	0	family	DN_NC_073228.2_97705476_2,DN_NC_073240.2_97547891_3
DSFAM796	2	2	PRKD	1.0	1.000	0.287	0	family	DN_NC_073236.2_102496314_19,DN_NC_073239.2_26918461_17
DSFAM797	2	1	(novel)	NA	1.000	0.221	0	family	DN_NC_073229.2_28348360_6,DN_NC_073229.2_28419493_6
DSFAM798	2	2	ELMO	1.0	1.000	0.253	0	family	DN_NC_073230.2_44313875_22,DN_NC_073245.2_58594952_21
DSFAM799	2	1	(novel)	NA	1.000	0.928	0	family	DN_NC_073227.2_8705659_2,DN_NC_073227.2_8705692_2
DSFAM800	2	1	BTBD	0.5	1.000	0.517	0	family	DN_NC_073233.2_19708960_19,DN_NC_073233.2_19815473_9
DSFAM801	2	1	CALHM	1.0	1.000	0.857	0	family	DN_NC_073232.2_115723533_2,DN_NC_073232.2_115723533_3
DSFAM802	2	1	(novel)	NA	1.000	0.871	0	family	DN_NC_073242.2_6760404_2,DN_NC_073242.2_6761247_2
DSFAM803	2	2	(novel)	NA	1.000	0.141	0	family	DN_NC_073239.2_120173605_3,DN_NC_073244.2_27956142_2
DSFAM804	2	1	(novel)	NA	1.000	0.803	0	family	DN_NC_073224.2_63992094_2,DN_NC_073224.2_63992752_3
DSFAM805	2	1	CCDC	1.0	1.000	0.982	0	family	DN_NC_086017.1_134778224_13,DN_NC_086017.1_134778224_2
DSFAM806	2	1	ERC	1.0	1.000	0.815	0	family	DN_NC_073234.2_16590931_2,DN_NC_073234.2_16590931_4
DSFAM807	2	1	C16H15orf	1.0	1.000	0.561	0	family	DN_NC_073240.2_76114231_2,DN_NC_073240.2_76114887_2
DSFAM808	2	1	(novel)	NA	1.000	0.477	0	family	DN_NC_073242.2_104701006_6,DN_NC_073242.2_99381861_11
DSFAM809	2	1	PIK3IP	1.0	1.000	0.620	0	family	DN_NC_086018.1_29294424_6,DN_NC_086018.1_29298451_3
DSFAM810	2	2	SMARCA	1.0	1.000	0.323	0	family	DN_NC_073227.2_164298818_24,DN_NC_073247.2_141177039_25
DSFAM811	2	1	LNX	0.5	1.000	0.440	0	family	DN_NC_073227.2_72845455_9,DN_NC_073227.2_72905683_18
DSFAM812	2	1	PIN	1.0	1.000	0.951	0	family	DN_NC_073247.2_83941827_3,DN_NC_073247.2_83941926_2
DSFAM813	2	1	COG	0.5	1.000	0.592	0	family	DN_NC_073228.2_18779384_3,DN_NC_073228.2_18798859_2
DSFAM814	2	1	FKBP	0.5	1.000	0.409	0	family	DN_NC_073237.2_109499325_4,DN_NC_073237.2_109511989_28
DSFAM815	2	1	NAV	1.0	1.000	0.306	0	family	DN_NC_073234.2_93292406_2,DN_NC_073234.2_93292594_20
DSFAM816	2	1	(novel)	NA	1.000	0.855	0	family	DN_NC_073229.2_44402483_3,DN_NC_073229.2_44451307_4
DSFAM817	2	1	(novel)	NA	1.000	0.907	0	family	DN_NC_073236.2_139483102_2,DN_NC_073236.2_139485726_3
DSFAM818	2	1	(novel)	NA	1.000	0.494	0	family	DN_NC_073236.2_123828789_4,DN_NC_073236.2_123829062_4
DSFAM819	2	1	ABHD	1.0	1.000	0.956	0	family	DN_NC_073238.2_122945870_2,DN_NC_073238.2_122945987_2
DSFAM820	2	2	TBX	1.0	1.000	0.231	0	family	DN_NC_073228.2_30586164_7,DN_NC_073234.2_130067111_7
DSFAM821	2	1	TOB	1.0	1.000	0.825	0	family	DN_NC_086018.1_39434391_2,DN_NC_086018.1_39434392_2
DSFAM822	2	2	MED	0.5	1.000	0.332	0	family	DN_NC_073237.2_129717495_4,DN_NC_073238.2_41579503_4
DSFAM823	2	1	CRNKL	0.5	1.000	0.848	0	family	DN_NC_073245.2_30021133_6,DN_NC_073245.2_30036345_14
DSFAM824	2	1	ENDOD	1.0	1.000	0.840	0	family	DN_NC_073233.2_103002104_2,DN_NC_073233.2_103002501_2
DSFAM825	2	2	PGAM	1.0	1.000	0.859	0	family	DN_NC_073230.2_51889040_3,DN_NC_073232.2_109704136_4
DSFAM826	2	2	SLC1A	1.0	1.000	0.299	0	family	DN_NC_073243.2_81969227_10,DN_NC_073244.2_21366814_9
DSFAM827	2	1	(novel)	NA	1.000	0.593	0	family	DN_NC_073234.2_47215928_2,DN_NC_073234.2_47215928_3
DSFAM828	2	1	TM6SF	0.5	1.000	0.601	0	family	DN_NC_073240.2_84645975_10,DN_NC_073240.2_84673981_6
DSFAM829	2	2	(novel)	NA	1.000	0.439	0	family	DN_NC_073247.2_23442611_3,DN_NC_073248.2_30409029_3
DSFAM830	2	1	(novel)	NA	1.000	0.945	0	family	DN_NC_073237.2_29274689_3,DN_NC_073237.2_29275665_2
DSFAM831	2	1	(novel)	NA	1.000	0.224	0	family	DN_NC_073238.2_34124992_8,DN_NC_073238.2_34259091_25
DSFAM832	2	1	HYAL	1.0	1.000	0.146	0	family	DN_NC_086017.1_60157910_4,DN_NC_086017.1_60161487_2
DSFAM833	2	1	GAS2L	1.0	1.000	0.611	0	family	DN_NC_073234.2_115989113_9,DN_NC_073234.2_116040058_2
DSFAM834	2	1	(novel)	NA	1.000	0.876	0	family	DN_NC_073238.2_78519244_2,DN_NC_073238.2_78522176_2
DSFAM835	2	1	(novel)	NA	1.000	0.679	0	family	DN_NC_073234.2_24962455_3,DN_NC_073234.2_24962552_2
DSFAM836	2	1	RPRD	1.0	1.000	0.911	0	family	DN_NC_073241.2_65217755_7,DN_NC_073241.2_65217758_2
DSFAM837	2	1	ING	1.0	1.000	0.903	0	family	DN_NC_073227.2_204526898_2,DN_NC_073227.2_204528228_2
DSFAM838	2	1	TSKU	1.0	1.000	0.950	0	family	DN_NC_073233.2_84674058_2,DN_NC_073233.2_84674937_2
DSFAM839	2	1	ALKAL	0.5	1.000	0.862	0	family	DN_NC_073236.2_139618373_5,DN_NC_073236.2_139624268_6
DSFAM840	2	1	NAIF	1.0	1.000	0.841	0	family	DN_NC_073237.2_124444588_2,DN_NC_073237.2_124444719_2
DSFAM841	2	1	PTRH	1.0	1.000	0.816	0	family	DN_NC_073228.2_32353583_2,DN_NC_073228.2_32353596_3
DSFAM842	2	1	(novel)	NA	1.000	0.841	0	family	DN_NC_073238.2_78219344_2,DN_NC_073238.2_78219348_2
DSFAM843	2	1	PFKFB	1.0	1.000	0.896	0	family	DN_NC_073224.2_49705460_2,DN_NC_073224.2_49705478_2
DSFAM844	2	1	CHRAC	1.0	1.000	0.899	0	family	DN_NC_073231.2_146359048_3,DN_NC_073231.2_146359459_2
DSFAM845	2	2	FAM	1.0	1.000	0.395	0	family	DN_NC_073229.2_21470970_2,DN_NC_073247.2_166062772_13
DSFAM846	2	1	EXOSC	0.5	1.000	0.663	0	family	DN_NC_073237.2_25172073_4,DN_NC_073237.2_25176692_9
DSFAM847	2	1	MYL	1.0	1.000	0.343	0	family	DN_NC_073234.2_45204849_7,DN_NC_073234.2_45208389_7
DSFAM848	2	1	(novel)	NA	1.000	0.200	0	family	DN_NC_086018.1_44045392_3,DN_NC_086018.1_44049622_3
DSFAM849	2	2	GRIA	1.0	1.000	0.145	0	family	DN_NC_073228.2_157310163_16,DN_NC_073233.2_113496230_16
DSFAM850	2	2	(novel)	NA	1.000	0.607	0	family	DN_NC_073246.2_2173988_2,DN_NC_086018.1_1713296_2
DSFAM851	2	1	(novel)	NA	1.000	0.878	0	family	DN_NC_073242.2_6233163_3,DN_NC_073242.2_6233195_2
DSFAM852	2	1	DPH	1.0	1.000	0.937	0	family	DN_NC_086017.1_26083611_2,DN_NC_086017.1_26083611_3
DSFAM853	2	1	DNAJC	1.0	1.000	0.738	0	family	DN_NC_073246.2_35385743_2,DN_NC_073246.2_35387869_2
DSFAM854	2	2	ATP2A	1.0	1.000	0.438	0	family	DN_NC_073234.2_125738330_13,DN_NC_073242.2_29733807_20
DSFAM855	2	1	(novel)	NA	1.000	0.796	0	family	DN_NC_073233.2_23658380_14,DN_NC_073233.2_23713060_3
DSFAM856	2	1	AUNIP	0.5	1.000	0.725	0	family	DN_NC_073224.2_214075309_3,DN_NC_073224.2_214095871_7
DSFAM857	2	1	PNMA	1.0	1.000	0.571	0	family	DN_NC_073244.2_57986392_2,DN_NC_073244.2_57986416_3
DSFAM858	2	1	PDIA	0.5	1.000	0.383	0	family	DN_NC_073236.2_129103377_13,DN_NC_073236.2_129129305_10
DSFAM859	2	2	TPPP	1.0	1.000	0.264	0	family	DN_NC_073242.2_96607850_4,DN_NC_073243.2_111657543_4
DSFAM860	2	1	(novel)	NA	1.000	0.998	0	family	DN_NC_073240.2_21430216_23,DN_NC_073240.2_24008961_23
DSFAM861	2	1	(novel)	NA	1.000	0.651	0	family	DN_NC_073235.2_78597294_2,DN_NC_073235.2_78597313_2
DSFAM862	2	1	FLVCR	1.0	1.000	0.629	0	family	DN_NC_073239.2_92439460_10,DN_NC_073239.2_92439477_2
DSFAM863	2	1	(novel)	NA	1.000	0.277	0	family	DN_NC_073239.2_33872730_10,DN_NC_073239.2_33878048_2
DSFAM864	2	1	(novel)	NA	1.000	0.231	0	family	DN_NC_073228.2_57567147_5,DN_NC_073228.2_57642308_6
DSFAM865	2	1	TMEM	1.0	1.000	0.881	0	family	DN_NC_073243.2_23322934_2,DN_NC_073243.2_23322934_5
DSFAM866	2	2	(novel)	NA	1.000	0.132	0	family	DN_NC_073230.2_87356040_5,DN_NC_073235.2_21834574_3
DSFAM867	2	1	TRPV	1.0	1.000	0.848	0	family	DN_NC_073243.2_18635045_12,DN_NC_073243.2_18635046_2
DSFAM868	2	2	IPO	1.0	1.000	0.234	0	family	DN_NC_073233.2_15764817_25,DN_NC_073234.2_70557569_25
DSFAM869	2	1	MACROD	1.0	1.000	0.944	0	family	DN_NC_073245.2_24321532_3,DN_NC_073245.2_24321534_2
DSFAM870	2	2	(novel)	NA	1.000	0.294	0	family	DN_NC_073231.2_47085106_7,DN_NC_073234.2_95346893_3
DSFAM871	2	1	CEP	0.5	1.000	0.544	0	family	DN_NC_073233.2_103702122_11,DN_NC_073233.2_103744968_15
DSFAM872	2	1	WWOX	0.5	1.000	0.141	0	family	DN_NC_073242.2_108616637_5,DN_NC_073242.2_18137074_5
DSFAM873	2	1	NEK	1.0	1.000	0.877	0	family	DN_NC_073224.2_58444513_10,DN_NC_073224.2_58444554_2
DSFAM874	2	2	(novel)	NA	1.000	0.411	0	family	DN_NC_073237.2_131478659_6,DN_NC_073244.2_15891037_6
DSFAM875	2	2	(novel)	NA	1.000	0.994	0	family	DN_NC_073235.2_144827388_3,DN_NC_073242.2_3666815_3
DSFAM876	2	1	TCEAL	1.0	1.000	0.862	0	family	DN_NC_073247.2_115141904_3,DN_NC_073247.2_115141928_2
DSFAM877	2	2	TBC1D	1.0	1.000	0.396	0	family	DN_NC_073242.2_36070435_9,DN_NC_086018.1_28313237_9
DSFAM878	2	1	ERP	1.0	1.000	0.904	0	family	DN_NC_073234.2_127419086_3,DN_NC_073234.2_127419118_2
DSFAM879	2	2	ZNF	1.0	1.000	0.137	0	family	DN_NC_073240.2_57401181_22,DN_NC_073247.2_141930386_19
DSFAM880	2	1	NTMT	0.5	1.000	0.708	0	family	DN_NC_073237.2_126021216_4,DN_NC_073237.2_126029688_6
DSFAM881	2	1	(novel)	NA	1.000	1.000	0	family	DN_NC_073242.2_3790652_3,DN_NC_073242.2_3794469_3
DSFAM882	2	1	CACNA2D	1.0	1.000	0.870	0	family	DN_NC_073234.2_17432255_2,DN_NC_073234.2_17432263_3
DSFAM883	2	2	JADE	1.0	1.000	0.213	0	family	DN_NC_073227.2_149041423_9,DN_NC_073228.2_138430444_12
DSFAM884	2	2	GPAT	1.0	1.000	0.360	0	family	DN_NC_073227.2_103831874_13,DN_NC_073231.2_79838229_13
DSFAM885	2	1	ORMDL	0.5	1.000	0.589	0	family	DN_NC_073234.2_45531723_7,DN_NC_073234.2_45539357_4
DSFAM886	2	1	(novel)	NA	1.000	0.856	0	family	DN_NC_073244.2_11699249_2,DN_NC_073244.2_11699258_2
DSFAM887	2	1	(novel)	NA	1.000	0.251	0	family	DN_NC_073240.2_70140109_8,DN_NC_073240.2_70243341_2
DSFAM888	2	1	(novel)	NA	1.000	0.193	0	family	DN_NC_073235.2_31662902_3,DN_NC_073235.2_31973952_17
DSFAM889	2	1	ORAI	1.0	1.000	0.932	0	family	DN_NC_073242.2_36666193_2,DN_NC_073242.2_36666817_2
DSFAM890	2	1	(novel)	NA	1.000	0.833	0	family	DN_NC_073233.2_78321934_2,DN_NC_073233.2_78322565_3
DSFAM891	2	1	ZNF	1.0	1.000	0.792	0	family	DN_NC_073244.2_67656252_2,DN_NC_073244.2_67656589_2
DSFAM892	2	1	GCC	1.0	1.000	0.648	0	family	DN_NC_073230.2_136657628_2,DN_NC_073230.2_136659209_2
DSFAM893	2	1	PSMG	0.5	1.000	0.300	0	family	DN_NC_073241.2_37538314_7,DN_NC_073241.2_37560383_12
DSFAM894	2	2	(novel)	NA	1.000	0.279	0	family	DN_NC_073228.2_47938018_2,DN_NC_073240.2_43072375_7
DSFAM895	2	2	KAT	1.0	1.000	0.402	0	family	DN_NC_073228.2_50347799_18,DN_NC_086017.1_29881584_18
DSFAM896	2	1	TESK	0.5	1.000	0.623	0	family	DN_NC_073224.2_194445089_11,DN_NC_073224.2_194593658_8
DSFAM897	2	1	(novel)	NA	1.000	0.513	0	family	DN_NC_073233.2_97509393_19,DN_NC_073233.2_97983776_19
DSFAM898	2	1	RAB	1.0	1.000	0.953	0	family	DN_NC_073247.2_24157163_3,DN_NC_073247.2_24157191_2
DSFAM899	2	1	B3GNT	1.0	1.000	0.898	0	family	DN_NC_073236.2_77559851_2,DN_NC_073236.2_77559863_2
DSFAM900	2	2	FGFR	1.0	1.000	0.284	0	family	DN_NC_073228.2_180865938_18,DN_NC_073231.2_83007056_9
DSFAM901	2	1	RNASEH	0.5	1.000	0.249	0	family	DN_NC_073233.2_73623857_14,DN_NC_073233.2_73629498_4
DSFAM902	2	1	LYSMD	1.0	1.000	0.855	0	family	DN_NC_073240.2_100949794_3,DN_NC_073240.2_100949795_4
DSFAM903	2	1	(novel)	NA	1.000	0.325	0	family	DN_NC_073244.2_63732072_2,DN_NC_073244.2_63765159_2
DSFAM904	2	1	PUS	1.0	1.000	0.151	0	family	DN_NC_073236.2_78772907_3,DN_NC_073236.2_78772947_18
DSFAM905	2	1	JMJD	1.0	1.000	0.455	0	family	DN_NC_073232.2_52554395_17,DN_NC_073232.2_52554621_2
DSFAM906	2	1	(novel)	NA	1.000	0.289	0	family	DN_NC_073233.2_137548997_4,DN_NC_073233.2_137723951_2
DSFAM907	2	1	(novel)	NA	1.000	0.905	0	family	DN_NC_073227.2_30824454_6,DN_NC_073227.2_30966566_2
DSFAM908	2	1	BNC	1.0	1.000	0.770	0	family	DN_NC_073237.2_48015283_2,DN_NC_073237.2_48016316_3
DSFAM909	2	1	ZBTB	1.0	1.000	0.938	0	family	DN_NC_073247.2_131955568_3,DN_NC_073247.2_131956040_2
DSFAM910	2	1	BBS	1.0	1.000	0.944	0	family	DN_NC_073227.2_142818656_2,DN_NC_073227.2_142850836_2
DSFAM911	2	1	(novel)	NA	1.000	0.225	0	family	DN_NC_073230.2_84149572_5,DN_NC_073230.2_88425670_12
DSFAM912	2	2	ANO	1.0	1.000	0.213	0	family	DN_NC_073233.2_78027084_24,DN_NC_073234.2_21213540_25
DSFAM913	2	1	TP53RK	1.0	1.000	0.695	0	family	DN_NC_073245.2_58910437_2,DN_NC_073245.2_58914759_2
DSFAM914	2	2	RFX	0.5	1.000	0.742	0	family	DN_NC_073229.2_141117205_4,DN_NC_073237.2_129726988_8
DSFAM915	2	2	NDST	1.0	1.000	0.307	0	family	DN_NC_073228.2_154339565_7,DN_NC_073232.2_41941662_15
DSFAM916	2	1	INTS	1.0	1.000	0.953	0	family	DN_NC_073233.2_70564649_2,DN_NC_073233.2_70564655_2
DSFAM917	2	1	SVEP	1.0	1.000	0.315	0	family	DN_NC_073237.2_106566135_6,DN_NC_073237.2_106610295_11
DSFAM918	2	2	MTHFS	0.5	1.000	0.138	0	family	DN_NC_073227.2_56356744_8,DN_NC_073240.2_81300329_3
DSFAM919	2	1	TRIM	1.0	1.000	0.479	0	family	DN_NC_073230.2_82405962_7,DN_NC_073230.2_84189831_5
DSFAM920	2	1	(novel)	NA	1.000	0.259	0	family	DN_NC_073228.2_78724694_4,DN_NC_073228.2_79204251_5
DSFAM921	2	2	CORO	1.0	1.000	0.265	0	family	DN_NC_073237.2_94439193_12,DN_NC_073240.2_69411455_12
DSFAM922	2	1	TMEM	1.0	1.000	0.860	0	family	DN_NC_073231.2_96492518_3,DN_NC_073231.2_96492524_2
DSFAM923	2	1	(novel)	NA	1.000	0.898	0	family	DN_NC_073230.2_7606300_4,DN_NC_073230.2_7609536_2
DSFAM924	2	1	(novel)	NA	1.000	0.953	0	family	DN_NC_073228.2_104240819_2,DN_NC_073228.2_104240819_3
DSFAM925	2	1	(novel)	NA	1.000	0.328	0	family	DN_NC_073236.2_46553268_10,DN_NC_073236.2_47822803_9
DSFAM926	2	1	(novel)	NA	1.000	0.252	0	family	DN_NC_073224.2_34022391_2,DN_NC_073224.2_34033747_2
DSFAM927	2	2	SPATA	0.5	1.000	0.242	0	family	DN_NC_073235.2_32368514_11,DN_NC_073238.2_38585508_10
DSFAM928	2	2	RPL36AL	0.5	1.000	0.751	0	family	DN_NC_073239.2_66562547_2,DN_NC_073247.2_113167390_5
DSFAM929	2	1	GSK	1.0	1.000	0.431	0	family	DN_NC_086017.1_130685211_11,DN_NC_086017.1_130899629_2
DSFAM930	2	1	PTRHD	1.0	1.000	0.765	0	family	DN_NC_073236.2_115132080_2,DN_NC_073236.2_115132366_2
DSFAM931	2	2	(novel)	NA	1.000	0.142	0	family	DN_NC_073230.2_131348053_28,DN_NC_073240.2_28046329_2
DSFAM932	2	1	PNRC	1.0	1.000	0.829	0	family	DN_NC_073229.2_113246856_2,DN_NC_073229.2_113247934_2
DSFAM933	2	1	MCL	1.0	1.000	0.780	0	family	DN_NC_073224.2_106255850_3,DN_NC_073224.2_106256050_2
DSFAM934	2	1	(novel)	NA	1.000	0.175	0	family	DN_NC_073229.2_21709541_6,DN_NC_073229.2_21735101_10
DSFAM935	2	2	SLC12A	1.0	1.000	0.410	0	family	DN_NC_073240.2_35071983_25,DN_NC_073242.2_97170214_24
DSFAM936	2	1	(novel)	NA	1.000	0.375	0	family	DN_NC_073245.2_11562885_6,DN_NC_073245.2_11814428_9
DSFAM937	2	2	CNPY	1.0	1.000	0.255	0	family	DN_NC_073229.2_60720496_6,DN_NC_073230.2_88640144_6
DSFAM938	2	1	ZCCHC	1.0	1.000	0.324	0	family	DN_NC_073247.2_115884983_3,DN_NC_073247.2_130545427_4
DSFAM939	2	1	FAM	1.0	1.000	0.744	0	family	DN_NC_073235.2_127078821_2,DN_NC_073235.2_127079281_3
DSFAM940	2	1	(novel)	NA	1.000	0.608	0	family	DN_NC_073241.2_76561222_2,DN_NC_073241.2_76561246_3
DSFAM941	2	1	HYLS	1.0	1.000	0.919	0	family	DN_NC_073233.2_133813081_3,DN_NC_073233.2_133813852_2
DSFAM942	2	1	MRPS	0.5	1.000	0.553	0	family	DN_NC_073228.2_16703728_6,DN_NC_073228.2_16706128_5
DSFAM943	2	2	ATP2B	1.0	1.000	0.320	0	family	DN_NC_073224.2_53012398_21,DN_NC_073247.2_165220768_21
DSFAM944	2	2	OGDH	0.5	1.000	0.551	0	family	DN_NC_073230.2_52428682_23,DN_NC_073232.2_66124270_23
DSFAM945	2	1	EID	1.0	1.000	0.578	0	family	DN_NC_073244.2_51264173_3,DN_NC_073244.2_51264524_3
DSFAM946	2	2	REEP	1.0	1.000	0.224	0	family	DN_NC_073228.2_142333279_8,DN_NC_073236.2_53486662_7
DSFAM947	2	2	ATP	1.0	1.000	0.371	0	family	DN_NC_073241.2_108384307_29,DN_NC_073245.2_63862966_28
DSFAM948	2	1	(novel)	NA	1.000	0.928	0	family	DN_NC_073233.2_17245554_3,DN_NC_073233.2_17245873_2
DSFAM949	2	2	HSPA	1.0	1.000	0.221	0	family	DN_NC_073232.2_128963971_12,DN_NC_073245.2_13635871_13
DSFAM950	2	1	TRIM	1.0	1.000	0.537	0	family	DN_NC_073227.2_185890924_3,DN_NC_073227.2_185943028_3
DSFAM951	2	1	GPR	1.0	1.000	0.748	0	family	DN_NC_073240.2_40508198_2,DN_NC_073240.2_40508198_3
DSFAM952	2	1	(novel)	NA	1.000	0.786	0	family	DN_NC_073241.2_99836638_3,DN_NC_073241.2_99836921_2
DSFAM953	2	1	TSC22D	1.0	1.000	0.961	0	family	DN_NC_073238.2_58705504_3,DN_NC_073238.2_58706831_2
DSFAM954	2	1	CAB	1.0	1.000	0.900	0	family	DN_NC_073238.2_63721987_9,DN_NC_073238.2_63721992_2
DSFAM955	2	1	EIF4EBP	1.0	1.000	0.685	0	family	DN_NC_073231.2_83365474_3,DN_NC_073231.2_83365483_2
DSFAM956	2	1	BBLN	1.0	1.000	0.626	0	family	DN_NC_073237.2_124545363_2,DN_NC_073237.2_124545383_3
DSFAM957	2	1	(novel)	NA	1.000	0.556	0	family	DN_NC_073234.2_23452056_11,DN_NC_073234.2_23565467_10
DSFAM958	2	1	DMAC	1.0	1.000	0.891	0	family	DN_NC_073237.2_56789837_2,DN_NC_073237.2_56789886_2
DSFAM959	2	1	SLC35G	1.0	1.000	0.904	0	family	DN_NC_073232.2_106169761_3,DN_NC_073232.2_106169780_2
DSFAM960	2	2	(novel)	NA	1.000	0.466	0	family	DN_NC_073227.2_12039502_7,DN_NC_073236.2_24822888_6
DSFAM961	2	1	EGR	1.0	1.000	0.763	0	family	DN_NC_073236.2_66471271_2,DN_NC_073236.2_66471348_2
DSFAM962	2	1	NGRN	1.0	1.000	0.723	0	family	DN_NC_073240.2_91480117_2,DN_NC_073240.2_91480399_2
DSFAM963	2	1	(novel)	NA	1.000	0.892	0	family	DN_NC_073232.2_102035329_3,DN_NC_073232.2_102035330_2
DSFAM964	2	1	LRRN	1.0	1.000	0.810	0	family	DN_NC_086017.1_13587542_2,DN_NC_086017.1_13588373_2
DSFAM965	2	2	BRD	1.0	1.000	0.222	0	family	DN_NC_073237.2_130396115_12,DN_NC_073244.2_21687258_9
DSFAM966	2	1	PHF	1.0	1.000	0.196	0	family	DN_NC_073245.2_47982129_11,DN_NC_073245.2_47982132_2
DSFAM967	2	1	IER	1.0	1.000	0.934	0	family	DN_NC_073244.2_19195766_2,DN_NC_073244.2_19195780_2
DSFAM968	2	1	IDH	0.5	1.000	0.514	0	family	DN_NC_073240.2_79048326_11,DN_NC_073240.2_79068535_14
DSFAM969	2	2	AKT	1.0	1.000	0.202	0	family	DN_NC_073239.2_121772610_13,DN_NC_073244.2_51984253_14
DSFAM970	2	1	(novel)	NA	1.000	0.938	0	family	DN_NC_073231.2_84107800_2,DN_NC_073231.2_84107801_2
DSFAM971	2	1	CXCL	1.0	1.000	0.402	0	family	DN_NC_073243.2_19854793_3,DN_NC_073243.2_19856930_6
DSFAM972	2	1	BLACAT	1.0	1.000	0.961	0	family	DN_NC_073224.2_51302100_2,DN_NC_073224.2_51302108_2
DSFAM973	2	1	LCORL	1.0	1.000	0.763	0	family	DN_NC_073227.2_26048754_6,DN_NC_073227.2_26049202_2
DSFAM974	2	1	(novel)	NA	1.000	0.150	0	family	DN_NC_086017.1_56236992_2,DN_NC_086017.1_56254132_2
DSFAM975	2	1	AKAP	1.0	1.000	0.723	0	family	DN_NC_073238.2_56563024_7,DN_NC_073238.2_56586789_5
DSFAM976	2	2	PIP4K	1.0	1.000	0.140	0	family	DN_NC_073228.2_53674812_10,DN_NC_073234.2_43758373_10
DSFAM977	2	1	KLHL	1.0	1.000	0.932	0	family	DN_NC_073234.2_73481686_3,DN_NC_073234.2_73484018_2
DSFAM978	2	2	MAP2K	1.0	1.000	0.494	0	family	DN_NC_073240.2_67174761_11,DN_NC_073244.2_9875870_11
DSFAM979	2	1	VKORC	1.0	1.000	0.478	0	family	DN_NC_073242.2_36807913_2,DN_NC_073242.2_36808660_3
DSFAM980	2	1	(novel)	NA	1.000	0.142	0	family	DN_NC_073244.2_46592534_11,DN_NC_073244.2_46599941_3
DSFAM981	2	1	ARHGEF	1.0	1.000	0.874	0	family	DN_NC_073235.2_32311069_2,DN_NC_073235.2_32311822_2
DSFAM982	2	1	THSD	1.0	1.000	0.891	0	family	DN_NC_073240.2_72171557_2,DN_NC_073240.2_72171618_2
DSFAM983	2	1	TMEM	1.0	1.000	0.919	0	family	DN_NC_073224.2_194242428_3,DN_NC_073224.2_194242431_2
DSFAM984	2	2	U2AF1L	0.5	1.000	0.144	0	family	DN_NC_073241.2_85926559_8,DN_NC_073244.2_46809556_3
DSFAM985	2	1	GJA	1.0	1.000	0.918	0	family	DN_NC_073229.2_145623336_2,DN_NC_073229.2_145625176_2
DSFAM986	2	1	S1PR	1.0	1.000	0.928	0	family	DN_NC_073237.2_85425339_2,DN_NC_073237.2_85425407_3
DSFAM987	2	1	(novel)	NA	1.000	0.935	0	family	DN_NC_073243.2_18392433_3,DN_NC_073243.2_18392434_2
DSFAM988	2	1	TMEM	1.0	1.000	0.803	0	family	DN_NC_073224.2_130985723_3,DN_NC_073224.2_130986136_2
DSFAM989	2	2	(novel)	NA	1.000	0.252	0	family	DN_NC_073237.2_106488614_5,DN_NC_073243.2_19688237_2
DSFAM990	2	1	ZDHHC	1.0	1.000	0.761	0	family	DN_NC_073238.2_35667659_13,DN_NC_073238.2_35667666_2
DSFAM991	2	1	(novel)	NA	1.000	0.193	0	family	DN_NC_073236.2_33699714_3,DN_NC_073236.2_35163364_4
DSFAM992	2	1	TBC1D	0.5	1.000	0.721	0	family	DN_NC_073236.2_38854516_5,DN_NC_073236.2_38858247_18
DSFAM993	2	1	NKX3-	1.0	1.000	0.898	0	family	DN_NC_073231.2_27903500_2,DN_NC_073231.2_27903504_2
DSFAM994	2	2	ZFY	0.5	1.000	0.342	0	family	DN_NC_073247.2_34649963_8,DN_NC_073248.2_9517725_8
DSFAM995	2	2	PUM	1.0	1.000	0.419	0	family	DN_NC_073224.2_208886621_22,DN_NC_073236.2_119568063_21
DSFAM996	2	2	GNAI	1.0	1.000	0.316	0	family	DN_NC_073224.2_130486250_9,DN_NC_073230.2_108545376_8
DSFAM997	2	1	PTPRD	1.0	1.000	0.878	0	family	DN_NC_073237.2_55707740_3,DN_NC_073237.2_55707947_2
DSFAM998	2	1	ICE	1.0	1.000	0.208	0	family	DN_NC_073243.2_106676345_7,DN_NC_073243.2_106676359_2
DSFAM999	2	1	HEY	1.0	1.000	0.697	0	family	DN_NC_073231.2_40595906_5,DN_NC_073231.2_40597320_2
DSFAM1000	2	1	GPN	0.5	1.000	0.620	0	family	DN_NC_073236.2_112253211_6,DN_NC_073236.2_112264496_14
DSFAM1001	2	1	TET	1.0	1.000	0.828	0	family	DN_NC_073227.2_125531091_3,DN_NC_073227.2_125531092_2
DSFAM1002	2	1	(novel)	NA	1.000	0.637	0	family	DN_NC_073224.2_95894630_7,DN_NC_073224.2_95939283_8
DSFAM1003	2	1	(novel)	NA	1.000	0.345	0	family	DN_NC_073237.2_80081336_11,DN_NC_073237.2_82042769_5
DSFAM1004	2	1	LYRM	0.5	1.000	0.619	0	family	DN_NC_073229.2_113642543_16,DN_NC_073229.2_113787300_3
DSFAM1005	2	2	OPN	0.5	1.000	0.270	0	family	DN_NC_073224.2_13850922_2,DN_NC_073247.2_97674612_15
DSFAM1006	2	2	GLUD	1.0	1.000	0.733	0	family	DN_NC_073232.2_99433455_13,DN_NC_073247.2_132688708_2
DSFAM1007	2	1	(novel)	NA	1.000	0.584	0	family	DN_NC_073228.2_144523376_13,DN_NC_073228.2_144540580_13
DSFAM1008	2	1	(novel)	NA	1.000	0.541	0	family	DN_NC_073236.2_139051093_3,DN_NC_073236.2_139171108_2
DSFAM1009	2	1	IFT	0.5	1.000	0.466	0	family	DN_NC_073228.2_64755384_5,DN_NC_073228.2_64760968_3
DSFAM1010	2	1	ARHGAP	1.0	1.000	0.364	0	family	DN_NC_086017.1_130144954_2,DN_NC_086017.1_130145214_12
DSFAM1011	2	2	HSPA	0.5	1.000	0.229	0	family	DN_NC_073227.2_147946045_19,DN_NC_073238.2_45470660_18
DSFAM1012	2	1	GTF	0.5	1.000	0.198	0	family	DN_NC_073238.2_41750994_9,DN_NC_073238.2_41760020_5
DSFAM1013	2	1	TCEAL	1.0	1.000	0.961	0	family	DN_NC_073247.2_115030700_3,DN_NC_073247.2_115030703_2
DSFAM1014	2	1	CENPU	0.5	1.000	0.216	0	family	DN_NC_073227.2_205644909_14,DN_NC_073227.2_205687695_12
DSFAM1015	2	1	SIX	1.0	1.000	0.628	0	family	DN_NC_073239.2_77579171_2,DN_NC_073239.2_77580409_2
DSFAM1016	2	1	(novel)	NA	1.000	0.655	0	family	DN_NC_073240.2_62937661_2,DN_NC_073240.2_62941017_3
DSFAM1017	2	2	(novel)	NA	1.000	0.230	0	family	DN_NC_073224.2_211985035_3,DN_NC_073230.2_12413521_6
DSFAM1018	2	2	EHMT	1.0	1.000	0.204	0	family	DN_NC_073229.2_49484905_28,DN_NC_073237.2_134047852_27
DSFAM1019	2	1	(novel)	NA	1.000	0.956	0	family	DN_NC_073243.2_16843627_3,DN_NC_073243.2_16843632_2
DSFAM1020	2	1	NFS	0.5	1.000	0.262	0	family	DN_NC_073245.2_47878766_13,DN_NC_073245.2_47908723_3
DSFAM1021	2	1	C12H2orf	1.0	1.000	0.941	0	family	DN_NC_073236.2_65360991_2,DN_NC_073236.2_65360995_2
DSFAM1022	2	2	GNAL	0.5	1.000	0.563	0	family	DN_NC_073241.2_38359785_12,DN_NC_073245.2_71171979_13
DSFAM1023	2	1	RAB	1.0	1.000	0.935	0	family	DN_NC_073241.2_40387685_7,DN_NC_073241.2_40387689_2
DSFAM1024	2	1	(novel)	NA	1.000	0.891	0	family	DN_NC_073230.2_13358875_21,DN_NC_073230.2_14200490_21
DSFAM1025	2	1	IRF2BP	1.0	1.000	0.771	0	family	DN_NC_073224.2_23338202_2,DN_NC_073224.2_23338209_2
DSFAM1026	2	1	TYW	1.0	1.000	0.918	0	family	DN_NC_073224.2_165198219_2,DN_NC_073224.2_165198219_6
DSFAM1027	2	1	TRIM	1.0	1.000	0.354	0	family	DN_NC_073239.2_67951775_7,DN_NC_073239.2_68020796_2
DSFAM1028	2	1	SPRY	1.0	1.000	0.800	0	family	DN_NC_073238.2_95049649_2,DN_NC_073238.2_95049670_2
DSFAM1029	2	1	MIS	1.0	1.000	0.843	0	family	DN_NC_073243.2_20634975_2,DN_NC_073243.2_20635031_3
DSFAM1030	2	1	ATXN	1.0	1.000	0.739	0	family	DN_NC_086017.1_73842153_2,DN_NC_086017.1_73842244_3
DSFAM1031	2	1	(novel)	NA	1.000	0.668	0	family	DN_NC_073232.2_92575458_2,DN_NC_073232.2_92575460_2
DSFAM1032	2	2	VAV	1.0	1.000	0.158	0	family	DN_NC_073237.2_130138569_27,DN_NC_073244.2_12577232_27
DSFAM1033	2	1	(novel)	NA	1.000	0.271	0	family	DN_NC_073241.2_47004815_4,DN_NC_073241.2_47028473_4
DSFAM1034	2	1	TSC22D	1.0	1.000	0.747	0	family	DN_NC_073247.2_119495343_3,DN_NC_073247.2_119495344_2
DSFAM1035	2	1	(novel)	NA	1.000	0.136	0	family	DN_NC_073232.2_135159346_4,DN_NC_073232.2_135204586_6
DSFAM1036	2	1	IKZF	0.5	1.000	0.891	0	family	DN_NC_073232.2_135254310_6,DN_NC_073232.2_135264721_4
DSFAM1037	2	1	POLR	0.5	1.000	0.672	0	family	DN_NC_073244.2_56915266_3,DN_NC_073244.2_56916454_10
DSFAM1038	2	2	MICAL	1.0	1.000	0.279	0	family	DN_NC_073233.2_18540673_22,DN_NC_086018.1_15884108_19
DSFAM1039	2	1	CDH	1.0	1.000	0.481	0	family	DN_NC_073242.2_97869680_2,DN_NC_073242.2_97870017_16
DSFAM1040	2	2	(novel)	NA	1.000	0.546	0	family	DN_NC_073238.2_33938258_14,DN_NC_073240.2_20710887_3
DSFAM1041	2	1	(novel)	NA	1.000	0.141	0	family	DN_NC_073230.2_75755711_3,DN_NC_073230.2_75935335_9
DSFAM1042	2	2	AP2B	0.5	1.000	0.429	0	family	DN_NC_073228.2_57285795_22,DN_NC_086018.1_27357888_21
DSFAM1043	2	2	(novel)	NA	1.000	0.325	0	family	DN_NC_073227.2_195911333_4,DN_NC_073239.2_87316371_2
DSFAM1044	2	1	(novel)	NA	1.000	0.466	0	family	DN_NC_073230.2_86077849_4,DN_NC_073230.2_86186055_4
DSFAM1045	2	1	ZSWIM	1.0	1.000	0.845	0	family	DN_NC_073245.2_58086186_2,DN_NC_073245.2_58086186_3
DSFAM1046	2	1	DNAAF	1.0	1.000	0.543	0	family	DN_NC_073239.2_66569020_2,DN_NC_073239.2_66569034_3
DSFAM1047	2	1	AKTIP	0.5	1.000	0.312	0	family	DN_NC_073242.2_82507839_22,DN_NC_073242.2_82560306_10
DSFAM1048	2	2	(novel)	NA	1.000	0.282	0	family	DN_NC_073234.2_52040112_9,DN_NC_073235.2_122111621_9
DSFAM1049	2	1	(novel)	NA	1.000	0.611	0	family	DN_NC_073242.2_35270505_17,DN_NC_073242.2_35624699_9
DSFAM1050	2	1	(novel)	NA	1.000	0.419	0	family	DN_NC_073228.2_58687413_3,DN_NC_073228.2_58745873_3
DSFAM1051	2	1	ZNF	1.0	1.000	0.906	0	family	DN_NC_073224.2_56348658_2,DN_NC_073224.2_56348779_2
DSFAM1052	2	2	(novel)	NA	1.000	0.407	0	family	DN_NC_073236.2_30501599_2,DN_NC_073238.2_22111250_2
DSFAM1053	2	1	BCL2L	1.0	1.000	0.982	0	family	DN_NC_086018.1_15656293_7,DN_NC_086018.1_15730205_2
DSFAM1054	2	2	OOEP	0.5	1.000	0.182	0	family	DN_NC_073229.2_97456874_3,DN_NC_073234.2_36991193_12
DSFAM1055	2	2	(novel)	NA	1.000	0.324	0	family	DN_NC_073232.2_65161149_4,DN_NC_086017.1_82640717_11
DSFAM1056	2	1	TGIF	1.0	1.000	0.524	0	family	DN_NC_073241.2_46830315_3,DN_NC_073241.2_46831889_3
DSFAM1057	2	1	NMNAT	1.0	1.000	0.495	0	family	DN_NC_073224.2_73341370_11,DN_NC_073224.2_73504451_2
DSFAM1058	2	1	CX3CR	1.0	1.000	0.948	0	family	DN_NC_086017.1_49168670_2,DN_NC_086017.1_49168671_2
DSFAM1059	2	2	(novel)	NA	1.000	0.135	0	family	DN_NC_073245.2_15006691_4,DN_NC_073247.2_119718095_2
DSFAM1060	2	2	RGS	1.0	1.000	0.284	0	family	DN_NC_073224.2_14366670_16,DN_NC_073239.2_89227263_15
DSFAM1061	2	1	PTPRN	1.0	1.000	0.864	0	family	DN_NC_073230.2_166433836_11,DN_NC_073230.2_166433840_2
DSFAM1062	2	2	(novel)	NA	1.000	0.162	0	family	DN_NC_073229.2_20497552_7,DN_NC_073241.2_93292541_7
DSFAM1063	2	1	(novel)	NA	1.000	0.560	0	family	DN_NC_073229.2_48138115_2,DN_NC_073229.2_48138556_2
DSFAM1064	2	2	DHFR	1.0	1.000	0.137	0	family	DN_NC_073228.2_84714357_6,DN_NC_086017.1_104876268_2
DSFAM1065	2	2	TLN	1.0	1.000	0.621	0	family	DN_NC_073237.2_27266553_20,DN_NC_073240.2_63549614_16
DSFAM1066	2	1	EOLA	1.0	1.000	0.424	0	family	DN_NC_073247.2_161158664_6,DN_NC_073247.2_161607555_5
DSFAM1067	2	2	GALNT	1.0	1.000	0.392	0	family	DN_NC_073235.2_56615771_10,DN_NC_073241.2_64883296_11
DSFAM1068	2	1	SRRD	0.5	1.000	0.233	0	family	DN_NC_086018.1_24502908_7,DN_NC_086018.1_24509591_14
DSFAM1069	2	1	THAP	1.0	1.000	0.931	0	family	DN_NC_073230.2_117525615_2,DN_NC_073230.2_117525615_3
DSFAM1070	2	1	OSBPL	1.0	1.000	0.348	0	family	DN_NC_086017.1_136401128_13,DN_NC_086017.1_136467658_2
DSFAM1071	2	1	MX	1.0	1.000	0.373	0	family	DN_NC_073246.2_43257837_14,DN_NC_073246.2_43317314_17
DSFAM1072	2	1	TMEM	1.0	1.000	0.638	0	family	DN_NC_073228.2_79305342_3,DN_NC_073228.2_79305349_2
DSFAM1073	2	2	GGA	1.0	1.000	0.154	0	family	DN_NC_073228.2_16713346_17,DN_NC_086018.1_35611817_17
DSFAM1074	2	1	(novel)	NA	1.000	0.378	0	family	DN_NC_073232.2_13920774_9,DN_NC_073232.2_13945467_9
DSFAM1075	2	2	RPL	0.5	1.000	0.606	0	family	DN_NC_073227.2_47476685_7,DN_NC_073240.2_67167028_2
DSFAM1076	2	1	GCHFR	0.5	1.000	0.324	0	family	DN_NC_073240.2_41471977_3,DN_NC_073240.2_41473848_11
DSFAM1077	2	1	(novel)	NA	1.000	0.908	0	family	DN_NC_073234.2_119260747_2,DN_NC_073234.2_119260759_2
DSFAM1078	2	1	GLYCTK	1.0	1.000	0.156	0	family	DN_NC_086017.1_62167332_4,DN_NC_086017.1_62168110_2
DSFAM1079	2	1	(novel)	NA	1.000	0.145	0	family	DN_NC_073229.2_43791490_2,DN_NC_073229.2_43798240_2
DSFAM1080	2	2	SULF	1.0	1.000	0.302	0	family	DN_NC_073231.2_50727873_22,DN_NC_073245.2_59890561_21
DSFAM1081	2	1	FSTL	1.0	1.000	0.943	0	family	DN_NC_073244.2_6454410_5,DN_NC_073244.2_6458781_2
DSFAM1082	2	1	CHST	0.5	1.000	0.517	0	family	DN_NC_073242.2_105982851_4,DN_NC_073242.2_106027382_7
DSFAM1083	2	1	CNR	1.0	1.000	0.873	0	family	DN_NC_073229.2_112309786_2,DN_NC_073229.2_112312592_3
DSFAM1084	2	1	KCNS	1.0	1.000	0.926	0	family	DN_NC_073236.2_121980335_3,DN_NC_073236.2_121981311_2
DSFAM1085	2	1	(novel)	NA	1.000	0.466	0	family	DN_NC_073230.2_40386475_10,DN_NC_073230.2_63523034_4
DSFAM1086	2	1	RPP	1.0	1.000	0.764	0	family	DN_NC_073232.2_24074678_3,DN_NC_073232.2_24074961_2
DSFAM1087	2	1	SURF	1.0	1.000	0.738	0	family	DN_NC_073237.2_129735503_6,DN_NC_073237.2_129740502_6
DSFAM1088	2	2	PPP2CA	0.5	1.000	0.579	0	family	DN_NC_073228.2_138094944_7,DN_NC_073231.2_35021307_7
DSFAM1089	2	2	STK	1.0	1.000	0.459	0	family	DN_NC_073231.2_104280615_11,DN_NC_073245.2_57199021_10
DSFAM1090	2	1	SLC27A	1.0	1.000	0.630	0	family	DN_NC_073244.2_70593529_2,DN_NC_073244.2_70593625_2
DSFAM1091	2	1	PHYHIPL	0.5	1.000	0.479	0	family	DN_NC_073232.2_56389207_14,DN_NC_073232.2_56509561_5
DSFAM1092	2	1	ARL	1.0	1.000	0.882	0	family	DN_NC_073230.2_20146015_2,DN_NC_073230.2_20146247_2
DSFAM1093	2	2	(novel)	NA	1.000	0.418	0	family	DN_NC_073228.2_47616570_2,DN_NC_073233.2_101397499_3
DSFAM1094	2	1	DDX	0.5	1.000	0.599	0	family	DN_NC_073228.2_28222257_21,DN_NC_073228.2_28230327_9
DSFAM1095	2	2	PYCR	1.0	1.000	0.498	0	family	DN_NC_073224.2_38985857_7,DN_NC_073228.2_10057969_7
DSFAM1096	2	1	FLCN	1.0	1.000	0.145	0	family	DN_NC_073228.2_82051194_15,DN_NC_073228.2_82073377_2
DSFAM1097	2	1	BOLA	1.0	1.000	0.904	0	family	DN_NC_073224.2_106929757_2,DN_NC_073224.2_106930124_2
DSFAM1098	2	1	IMMP	1.0	1.000	0.856	0	family	DN_NC_073230.2_120056730_3,DN_NC_073230.2_120056818_2
DSFAM1099	2	1	GEMIN	1.0	1.000	0.849	0	family	DN_NC_073244.2_56585350_3,DN_NC_073244.2_56585366_2
DSFAM1100	2	2	ARFGEF	1.0	1.000	0.236	0	family	DN_NC_073231.2_53153474_12,DN_NC_073245.2_61178675_39
DSFAM1101	2	1	(novel)	NA	1.000	0.418	0	family	DN_NC_073230.2_76179541_5,DN_NC_073230.2_82279960_5
DSFAM1102	2	1	MAGEB	1.0	1.000	0.887	0	family	DN_NC_073247.2_46342753_2,DN_NC_073247.2_46342824_2
DSFAM1103	2	2	DUSP	1.0	1.000	0.216	0	family	DN_NC_073228.2_176576489_4,DN_NC_073231.2_33560018_4
DSFAM1104	2	1	CTSA	0.5	1.000	0.808	0	family	DN_NC_073245.2_58117175_2,DN_NC_073245.2_58118781_15
DSFAM1105	2	1	ANKRD	0.5	1.000	0.217	0	family	DN_NC_073227.2_206378182_5,DN_NC_073227.2_206379213_12
DSFAM1106	2	1	CMSS	1.0	1.000	0.950	0	family	DN_NC_086017.1_110676054_2,DN_NC_086017.1_110676615_3
DSFAM1107	2	1	NAA	1.0	1.000	0.452	0	family	DN_NC_073243.2_23006862_3,DN_NC_073243.2_23006869_2
DSFAM1108	2	1	HERC	1.0	1.000	0.268	0	family	DN_NC_073227.2_108696648_23,DN_NC_073227.2_108774177_23
DSFAM1109	2	1	SLC6A	1.0	1.000	0.858	0	family	DN_NC_073234.2_15814002_2,DN_NC_073234.2_15814003_16
DSFAM1110	2	1	ALG	1.0	1.000	0.791	0	family	DN_NC_073237.2_95532752_2,DN_NC_073237.2_95534690_3
DSFAM1111	2	1	ZNF	1.0	1.000	0.954	0	family	DN_NC_073224.2_197091532_4,DN_NC_073224.2_197093054_2
DSFAM1112	2	2	BRD	0.5	1.000	0.186	0	family	DN_NC_086017.1_19569853_12,DN_NC_086018.1_47820238_12
DSFAM1113	2	1	(novel)	NA	1.000	0.148	0	family	DN_NC_073232.2_88373590_10,DN_NC_073232.2_89563823_24
DSFAM1114	2	1	(novel)	NA	1.000	0.576	0	family	DN_NC_086018.1_18253436_31,DN_NC_086018.1_19032395_10
DSFAM1115	2	1	GDF	1.0	1.000	0.541	0	family	DN_NC_073228.2_136768643_2,DN_NC_073228.2_136768643_3
DSFAM1116	2	1	UBOX	1.0	1.000	0.956	0	family	DN_NC_073245.2_13052093_2,DN_NC_073245.2_13052103_3
DSFAM1117	2	1	(novel)	NA	1.000	0.683	0	family	DN_NC_073232.2_92223921_5,DN_NC_073232.2_99723280_5
DSFAM1118	2	1	(novel)	NA	1.000	0.590	0	family	DN_NC_073234.2_45519337_9,DN_NC_073234.2_45523055_3
DSFAM1119	2	1	PARD	1.0	1.000	0.896	0	family	DN_NC_073245.2_62996843_3,DN_NC_073245.2_62997069_2
DSFAM1120	2	1	TMEM	0.5	1.000	0.367	0	family	DN_NC_073224.2_100532147_6,DN_NC_073224.2_100535401_4
DSFAM1121	2	1	NR0B	1.0	1.000	0.692	0	family	DN_NC_073247.2_40821690_2,DN_NC_073247.2_40821695_2
DSFAM1122	2	1	PENK	1.0	1.000	0.819	0	family	DN_NC_073231.2_64283470_4,DN_NC_073231.2_64284406_2
DSFAM1123	2	1	(novel)	NA	1.000	0.871	0	family	DN_NC_073233.2_130017597_2,DN_NC_073233.2_130017597_4
DSFAM1124	2	2	ITPR	1.0	1.000	0.186	0	family	DN_NC_073234.2_74802518_16,DN_NC_086017.1_14572523_16
DSFAM1125	2	2	GNB	1.0	1.000	0.526	0	family	DN_NC_073224.2_239365488_12,DN_NC_073230.2_88115984_10
DSFAM1126	2	2	NR4A	1.0	1.000	0.160	0	family	DN_NC_073234.2_49287598_7,DN_NC_073235.2_58805487_6
DSFAM1127	2	2	GALNT	1.0	1.000	0.396	0	family	DN_NC_073236.2_108768428_15,DN_NC_073239.2_86159949_15
DSFAM1128	2	1	(novel)	NA	1.000	0.751	0	family	DN_NC_073227.2_58702970_2,DN_NC_073227.2_58703714_2
DSFAM1129	2	2	GLB	1.0	1.000	0.176	0	family	DN_NC_073235.2_121932800_16,DN_NC_086017.1_42871160_16
DSFAM1130	2	1	ZBTB	1.0	1.000	0.815	0	family	DN_NC_073229.2_51192144_2,DN_NC_073229.2_51192417_2
DSFAM1131	2	2	THBS	1.0	1.000	0.408	0	family	DN_NC_073229.2_193493894_22,DN_NC_073240.2_40283792_22
DSFAM1132	2	1	AGTR	1.0	1.000	0.868	0	family	DN_NC_086017.1_159860342_3,DN_NC_086017.1_159860561_2
DSFAM1133	2	2	PDZRN	0.5	1.000	0.132	0	family	DN_NC_073247.2_165490291_8,DN_NC_086017.1_83275067_10
DSFAM1134	2	1	PEX	1.0	1.000	0.925	0	family	DN_NC_073231.2_43379783_4,DN_NC_073231.2_43380414_2
DSFAM1135	2	1	BIRC	1.0	1.000	0.278	0	family	DN_NC_073233.2_110213303_8,DN_NC_073233.2_110238282_9
DSFAM1136	2	1	(novel)	NA	1.000	0.513	0	family	DN_NC_073224.2_115044966_4,DN_NC_073224.2_115725463_3
DSFAM1137	2	2	PTPRA	0.5	1.000	0.259	0	family	DN_NC_073232.2_140203810_21,DN_NC_073245.2_12872093_19
DSFAM1138	2	1	MSC	1.0	1.000	0.742	0	family	DN_NC_073231.2_48539152_2,DN_NC_073231.2_48540295_2
DSFAM1139	2	2	PDE	1.0	1.000	0.356	0	family	DN_NC_073243.2_51178324_11,DN_NC_073244.2_16453836_16
DSFAM1140	2	1	(novel)	NA	1.000	0.741	0	family	DN_NC_073231.2_150846377_3,DN_NC_073231.2_150846417_2
DSFAM1141	2	2	CORO	1.0	1.000	0.414	0	family	DN_NC_073233.2_75363756_11,DN_NC_073242.2_32113450_11
DSFAM1142	2	1	UBR	1.0	1.000	0.550	0	family	DN_NC_073231.2_108074856_3,DN_NC_073231.2_108087768_21
DSFAM1143	2	1	(novel)	NA	1.000	0.921	0	family	DN_NC_073234.2_85526052_2,DN_NC_073234.2_85526056_2
DSFAM1144	2	2	NMUR	1.0	1.000	0.243	0	family	DN_NC_073228.2_156235200_4,DN_NC_073235.2_134247998_3
DSFAM1145	2	2	VAMP	0.5	1.000	0.258	0	family	DN_NC_073234.2_22113821_5,DN_NC_073236.2_66023783_5
DSFAM1146	2	1	SPDYA	0.5	1.000	0.175	0	family	DN_NC_073236.2_111042998_7,DN_NC_073236.2_111062321_8
DSFAM1147	2	1	(novel)	NA	1.000	0.421	0	family	DN_NC_073230.2_82396764_10,DN_NC_073230.2_84201987_11
DSFAM1148	2	1	(novel)	NA	1.000	0.359	0	family	DN_NC_073224.2_101578782_11,DN_NC_073224.2_101602135_9
DSFAM1149	2	1	(novel)	NA	1.000	0.209	0	family	DN_NC_073238.2_59732356_14,DN_NC_073238.2_60756272_9
DSFAM1150	2	1	GNG	1.0	1.000	0.779	0	family	DN_NC_073237.2_107904414_3,DN_NC_073237.2_107908302_2
DSFAM1151	2	1	FAR	1.0	1.000	0.226	0	family	DN_NC_073234.2_71944253_12,DN_NC_073234.2_72106299_2
DSFAM1152	2	1	TIGD	1.0	1.000	0.840	0	family	DN_NC_073227.2_109428327_2,DN_NC_073227.2_109428434_2
DSFAM1153	2	1	(novel)	NA	1.000	0.261	0	family	DN_NC_073242.2_98958086_2,DN_NC_073242.2_98974496_9
DSFAM1154	2	1	SOCS	1.0	1.000	0.772	0	family	DN_NC_073234.2_108980585_3,DN_NC_073234.2_108982858_2
DSFAM1155	2	1	RPS6KA	1.0	1.000	0.209	0	family	DN_NC_073247.2_30634906_22,DN_NC_073247.2_95843403_22
DSFAM1156	2	1	TRIM	1.0	1.000	0.641	0	family	DN_NC_073228.2_185193573_2,DN_NC_073228.2_185193580_2
DSFAM1157	2	1	AMER	1.0	1.000	0.954	0	family	DN_NC_073235.2_32092566_2,DN_NC_073235.2_32092585_3
DSFAM1158	2	1	ILF	0.5	1.000	0.407	0	family	DN_NC_073224.2_103138337_14,DN_NC_073224.2_103145991_4
DSFAM1159	2	1	TENT	1.0	1.000	0.964	0	family	DN_NC_073224.2_122004282_2,DN_NC_073224.2_122004599_2
DSFAM1160	2	1	CUL	1.0	1.000	0.230	0	family	DN_NC_073229.2_60831709_26,DN_NC_073229.2_60975828_26
DSFAM1161	2	1	SPSB	0.5	1.000	0.467	0	family	DN_NC_073234.2_22528772_7,DN_NC_073234.2_22529951_2
DSFAM1162	2	1	NKIRAS	0.5	1.000	0.690	0	family	DN_NC_086017.1_33635296_6,DN_NC_086017.1_33716761_5
DSFAM1163	2	1	SYNC	0.5	1.000	0.607	0	family	DN_NC_073224.2_207257149_3,DN_NC_073224.2_207270226_12
DSFAM1164	2	2	(novel)	NA	1.000	0.448	0	family	DN_NC_073237.2_17678391_14,DN_NC_073238.2_22049850_15
DSFAM1165	2	1	VPS	1.0	1.000	0.926	0	family	DN_NC_073246.2_39115533_2,DN_NC_073246.2_39153720_2
DSFAM1166	2	1	RNF	1.0	1.000	0.516	0	family	DN_NC_086017.1_208034768_6,DN_NC_086017.1_208064025_2
DSFAM1167	2	1	(novel)	NA	1.000	0.309	0	family	DN_NC_073224.2_116693847_11,DN_NC_073224.2_130686217_20
DSFAM1168	2	1	TENM	1.0	1.000	0.297	0	family	DN_NC_073227.2_203805008_3,DN_NC_073227.2_203805307_3
DSFAM1169	2	1	(novel)	NA	1.000	0.771	0	family	DN_NC_073235.2_31672555_8,DN_NC_073235.2_32750477_8
DSFAM1170	2	2	MYO	1.0	1.000	0.545	0	family	DN_NC_073240.2_59906966_28,DN_NC_073244.2_14389457_28
DSFAM1171	2	1	PHETA	1.0	1.000	0.952	0	family	DN_NC_086018.1_40080320_2,DN_NC_086018.1_40080338_3
DSFAM1172	2	2	ALDH1L	1.0	1.000	0.524	0	family	DN_NC_073234.2_120456173_23,DN_NC_086017.1_136950625_23
DSFAM1173	2	1	(novel)	NA	1.000	0.277	0	family	DN_NC_086018.1_19995243_3,DN_NC_086018.1_20024455_2
DSFAM1174	2	1	(novel)	NA	1.000	0.489	0	family	DN_NC_073230.2_88833653_3,DN_NC_073230.2_88842643_2
DSFAM1175	2	2	PPP2R	1.0	1.000	0.267	0	family	DN_NC_073229.2_60778300_16,DN_NC_073233.2_72823864_14
DSFAM1176	2	2	RPL	1.0	1.000	0.773	0	family	DN_NC_073239.2_63601483_4,DN_NC_073247.2_166018918_6
DSFAM1177	2	1	ZNF	1.0	1.000	0.897	0	family	DN_NC_073242.2_36794081_2,DN_NC_073242.2_36794386_2
DSFAM1178	2	2	CACNB	1.0	1.000	0.227	0	family	DN_NC_073228.2_53278878_13,DN_NC_073234.2_52495433_13
DSFAM1179	2	1	CAVIN	1.0	1.000	0.219	0	family	DN_NC_073228.2_50045768_2,DN_NC_073228.2_50045920_2
DSFAM1180	2	2	SEPTIN	1.0	1.000	0.377	0	family	DN_NC_073228.2_33518400_11,DN_NC_086018.1_17151658_12
DSFAM1181	2	1	(novel)	NA	1.000	0.867	0	family	DN_NC_073240.2_59633028_2,DN_NC_073240.2_59633373_2
DSFAM1182	2	1	SETD	1.0	1.000	0.879	0	family	DN_NC_086017.1_56891439_19,DN_NC_086017.1_56995024_2
DSFAM1183	2	1	(novel)	NA	1.000	0.997	0	family	DN_NC_073238.2_32266743_7,DN_NC_073238.2_33425477_7
DSFAM1184	2	1	MAOB	0.5	1.000	0.538	0	family	DN_NC_073247.2_54047427_15,DN_NC_073247.2_54163080_15
DSFAM1185	2	2	TEAD	1.0	1.000	0.376	0	family	DN_NC_073229.2_53231942_12,DN_NC_073234.2_18597435_13
DSFAM1186	2	1	RNLS	1.0	1.000	0.965	0	family	DN_NC_073232.2_100608493_2,DN_NC_073232.2_100608493_3
DSFAM1187	2	1	MMD	1.0	1.000	0.235	0	family	DN_NC_073228.2_36629496_7,DN_NC_073228.2_36629512_2
DSFAM1188	2	2	KDM	1.0	1.000	0.217	0	family	DN_NC_073224.2_196241058_22,DN_NC_073237.2_57425988_22
DSFAM1189	2	1	(novel)	NA	1.000	0.890	0	family	DN_NC_073231.2_148569032_3,DN_NC_073231.2_148570102_4
DSFAM1190	2	1	SOCS	1.0	1.000	0.946	0	family	DN_NC_073236.2_92976898_2,DN_NC_073236.2_92977019_2
DSFAM1191	2	1	(novel)	NA	1.000	0.146	0	family	DN_NC_073241.2_105983132_2,DN_NC_073241.2_105983194_3
DSFAM1192	2	1	(novel)	NA	1.000	0.261	0	family	DN_NC_073228.2_57477870_3,DN_NC_073228.2_57583458_4
