dn_a	dn_b	contain_ab	contain_ba	n_exon_a	n_exon_b	n_cov_a	n_cov_b
DN_NC_073224.2_100532147_6	DN_NC_073224.2_100535401_4	0.000000	0.250000	6	4	0	1
DN_NC_073224.2_100772522_11	DN_NC_073247.2_66651439_2	0.000000	0.000000	11	2	0	0
DN_NC_073224.2_100975273_21	DN_NC_073224.2_101136214_11	0.428571	0.900000	21	10	9	9
DN_NC_073224.2_101578782_11	DN_NC_073224.2_101602135_9	0.636364	0.666667	11	9	7	6
DN_NC_073224.2_102253297_12	DN_NC_073240.2_76716889_13	0.000000	0.000000	12	13	0	0
DN_NC_073224.2_103138337_14	DN_NC_073224.2_103145991_4	0.071429	0.000000	14	4	1	0
DN_NC_073224.2_105669663_7	DN_NC_073224.2_105672200_3	0.142857	0.333333	7	3	1	1
DN_NC_073224.2_105776266_5	DN_NC_073224.2_105784199_2	0.000000	0.500000	5	2	0	1
DN_NC_073224.2_114480077_3	DN_NC_073224.2_115073534_2	0.333333	0.500000	3	2	1	1
DN_NC_073224.2_114825986_4	DN_NC_073240.2_44556092_13	0.250000	0.846154	4	13	1	11
DN_NC_073224.2_115073393_19	DN_NC_073224.2_116807774_25	0.736842	1.000000	19	25	14	25
DN_NC_073224.2_115073393_19	DN_NC_073224.2_117494263_25	0.736842	1.000000	19	25	14	25
DN_NC_073224.2_115073393_19	DN_NC_073224.2_124254598_20	0.105263	0.150000	19	20	2	3
DN_NC_073224.2_115073393_19	DN_NC_073224.2_129429039_7	0.368421	1.000000	19	7	7	7
DN_NC_073224.2_115073393_19	DN_NC_073224.2_129970070_21	0.789474	0.952381	19	21	15	20
DN_NC_073224.2_115073393_19	DN_NC_073224.2_218361248_19	0.789474	0.947368	19	19	15	18
DN_NC_073224.2_115073393_19	DN_NC_073224.2_218434129_23	0.789474	0.956522	19	23	15	22
DN_NC_073224.2_115073393_19	DN_NC_073224.2_223156764_8	0.263158	0.625000	19	8	5	5
DN_NC_073224.2_115215234_17	DN_NC_073224.2_117217199_13	0.823529	0.846154	17	13	14	11
DN_NC_073224.2_115215234_17	DN_NC_073224.2_130013703_13	0.823529	0.923077	17	13	14	12
DN_NC_073224.2_116008764_12	DN_NC_073224.2_124490902_14	1.000000	0.928571	12	14	12	13
DN_NC_073224.2_116693847_11	DN_NC_073224.2_130686217_20	0.727273	0.400000	11	20	8	8
DN_NC_073224.2_116807774_25	DN_NC_073224.2_117494263_25	1.000000	1.000000	25	25	25	25
DN_NC_073224.2_116807774_25	DN_NC_073224.2_124234032_12	0.400000	0.416667	25	12	10	5
DN_NC_073224.2_116807774_25	DN_NC_073224.2_124254598_20	0.320000	0.200000	25	20	8	4
DN_NC_073224.2_116807774_25	DN_NC_073224.2_125055626_35	1.000000	1.000000	25	35	25	35
DN_NC_073224.2_116807774_25	DN_NC_073224.2_125594338_29	0.960000	1.000000	25	29	24	29
DN_NC_073224.2_116807774_25	DN_NC_073224.2_129970070_21	1.000000	0.904762	25	21	25	19
DN_NC_073224.2_116807774_25	DN_NC_073224.2_130224824_25	1.000000	0.960000	25	25	25	24
DN_NC_073224.2_116807774_25	DN_NC_073224.2_130335848_23	0.960000	0.826087	25	23	24	19
DN_NC_073224.2_116807774_25	DN_NC_073224.2_218361248_19	0.720000	0.842105	25	19	18	16
DN_NC_073224.2_116807774_25	DN_NC_073224.2_218434129_23	0.720000	0.869565	25	23	18	20
DN_NC_073224.2_117114419_5	DN_NC_073224.2_124983304_5	1.000000	1.000000	5	5	5	5
DN_NC_073224.2_117114419_5	DN_NC_073224.2_130157457_4	0.800000	1.000000	5	4	4	4
DN_NC_073224.2_117217199_13	DN_NC_073224.2_130013703_13	0.923077	1.000000	13	13	12	13
DN_NC_073224.2_117217199_13	DN_NC_073243.2_49045190_4	0.000000	0.000000	13	4	0	0
DN_NC_073224.2_117447152_14	DN_NC_073224.2_130305133_13	1.000000	1.000000	14	13	14	13
DN_NC_073224.2_117447152_14	DN_NC_073243.2_111262956_13	0.928571	0.846154	14	13	13	11
DN_NC_073224.2_117494263_25	DN_NC_073224.2_124234032_12	0.400000	0.416667	25	12	10	5
DN_NC_073224.2_117494263_25	DN_NC_073224.2_124254598_20	0.320000	0.200000	25	20	8	4
DN_NC_073224.2_117494263_25	DN_NC_073224.2_125055626_35	1.000000	1.000000	25	35	25	35
DN_NC_073224.2_117494263_25	DN_NC_073224.2_125594338_29	0.720000	1.000000	25	29	18	29
DN_NC_073224.2_117494263_25	DN_NC_073224.2_129970070_21	0.760000	0.904762	25	21	19	19
DN_NC_073224.2_117494263_25	DN_NC_073224.2_130224824_25	0.760000	0.960000	25	25	19	24
DN_NC_073224.2_117494263_25	DN_NC_073224.2_130335848_23	0.720000	0.826087	25	23	18	19
DN_NC_073224.2_117494263_25	DN_NC_073224.2_218361248_19	0.680000	0.894737	25	19	17	17
DN_NC_073224.2_117494263_25	DN_NC_073224.2_218434129_23	0.680000	0.913043	25	23	17	21
DN_NC_073224.2_120787661_19	DN_NC_073224.2_96681549_23	0.000000	0.000000	19	23	0	0
DN_NC_073224.2_120787661_19	DN_NC_073244.2_53573424_23	0.000000	0.000000	19	23	0	0
DN_NC_073224.2_120975632_11	DN_NC_073238.2_24435116_16	0.363636	0.250000	11	16	4	4
DN_NC_073224.2_123525276_5	DN_NC_073224.2_9521619_7	0.000000	0.000000	5	7	0	0
DN_NC_073224.2_123525276_5	DN_NC_073227.2_107202270_4	0.200000	0.000000	5	4	1	0
DN_NC_073224.2_123525276_5	DN_NC_073227.2_26000468_4	0.200000	0.000000	5	4	1	0
DN_NC_073224.2_123525276_5	DN_NC_073227.2_49278079_9	0.200000	0.000000	5	9	1	0
DN_NC_073224.2_123525276_5	DN_NC_073227.2_55859426_23	0.200000	0.000000	5	23	1	0
DN_NC_073224.2_123525276_5	DN_NC_073230.2_159385621_3	0.200000	0.000000	5	3	1	0
DN_NC_073224.2_123525276_5	DN_NC_073230.2_92132360_3	0.200000	0.000000	5	3	1	0
DN_NC_073224.2_123525276_5	DN_NC_073231.2_107519754_4	0.200000	0.000000	5	4	1	0
DN_NC_073224.2_123525276_5	DN_NC_073232.2_101543079_10	0.200000	0.000000	5	10	1	0
DN_NC_073224.2_123525276_5	DN_NC_073232.2_34013134_3	0.200000	0.000000	5	3	1	0
DN_NC_073224.2_123525276_5	DN_NC_073232.2_50172230_4	0.000000	0.000000	5	4	0	0
DN_NC_073224.2_123525276_5	DN_NC_073232.2_99830035_5	0.200000	0.000000	5	5	1	0
DN_NC_073224.2_123525276_5	DN_NC_073233.2_116263271_8	0.200000	0.000000	5	8	1	0
DN_NC_073224.2_123525276_5	DN_NC_073233.2_23732821_4	0.200000	0.000000	5	4	1	0
DN_NC_073224.2_123525276_5	DN_NC_073234.2_126370406_2	0.200000	0.000000	5	2	1	0
DN_NC_073224.2_123525276_5	DN_NC_073234.2_86426177_10	0.200000	0.000000	5	10	1	0
DN_NC_073224.2_123525276_5	DN_NC_073235.2_142785844_3	0.200000	0.000000	5	3	1	0
DN_NC_073224.2_123525276_5	DN_NC_073235.2_71373985_7	0.200000	0.142857	5	7	1	1
DN_NC_073224.2_123525276_5	DN_NC_073237.2_101948554_6	0.200000	0.000000	5	6	1	0
DN_NC_073224.2_123525276_5	DN_NC_073239.2_123333523_2	0.200000	0.000000	5	2	1	0
DN_NC_073224.2_123525276_5	DN_NC_073239.2_123449122_2	0.200000	0.000000	5	2	1	0
DN_NC_073224.2_123525276_5	DN_NC_073239.2_14838701_6	0.200000	0.000000	5	6	1	0
DN_NC_073224.2_123525276_5	DN_NC_073239.2_36370724_4	0.200000	0.000000	5	4	1	0
DN_NC_073224.2_123525276_5	DN_NC_073240.2_21986088_4	0.200000	0.000000	5	4	1	0
DN_NC_073224.2_123525276_5	DN_NC_073242.2_120248671_3	0.200000	0.000000	5	3	1	0
DN_NC_073224.2_123525276_5	DN_NC_073243.2_69046517_5	0.200000	0.000000	5	5	1	0
DN_NC_073224.2_123525276_5	DN_NC_073243.2_70014918_17	0.200000	0.000000	5	17	1	0
DN_NC_073224.2_123525276_5	DN_NC_073244.2_43610901_6	0.200000	0.166667	5	6	1	1
DN_NC_073224.2_123525276_5	DN_NC_073245.2_47429376_4	0.200000	0.000000	5	4	1	0
DN_NC_073224.2_123525276_5	DN_NC_073247.2_114234875_11	0.200000	0.000000	5	11	1	0
DN_NC_073224.2_123525276_5	DN_NC_073247.2_115708949_2	0.200000	0.000000	5	2	1	0
DN_NC_073224.2_123525276_5	DN_NC_073247.2_147586730_5	0.200000	0.000000	5	5	1	0
DN_NC_073224.2_123525276_5	DN_NC_086018.1_24877691_3	0.200000	0.000000	5	3	1	0
DN_NC_073224.2_124008865_3	DN_NC_073242.2_36121013_3	0.000000	0.000000	3	3	0	0
DN_NC_073224.2_124008865_3	DN_NC_073242.2_36498381_3	0.000000	0.000000	3	3	0	0
DN_NC_073224.2_124008865_3	DN_NC_073242.2_6758889_7	0.000000	0.000000	3	7	0	0
DN_NC_073224.2_124008865_3	DN_NC_073244.2_68766684_2	0.000000	0.000000	3	2	0	0
DN_NC_073224.2_124234032_12	DN_NC_073224.2_124254598_20	0.500000	0.300000	12	20	6	6
DN_NC_073224.2_124234032_12	DN_NC_073224.2_125594338_29	0.416667	0.689655	12	29	5	20
DN_NC_073224.2_124234032_12	DN_NC_073224.2_130224824_25	0.416667	0.600000	12	25	5	15
DN_NC_073224.2_124234032_12	DN_NC_073224.2_130335848_23	0.416667	0.434783	12	23	5	10
DN_NC_073224.2_124234032_12	DN_NC_073224.2_218361248_19	0.416667	0.526316	12	19	5	10
DN_NC_073224.2_124234032_12	DN_NC_073224.2_218434129_23	0.416667	0.608696	12	23	5	14
DN_NC_073224.2_124234032_12	DN_NC_073224.2_223156764_8	0.000000	0.000000	12	8	0	0
DN_NC_073224.2_124254598_20	DN_NC_073224.2_125055626_35	0.200000	0.457143	20	35	4	16
DN_NC_073224.2_124254598_20	DN_NC_073224.2_125594338_29	0.200000	0.551724	20	29	4	16
DN_NC_073224.2_124254598_20	DN_NC_073224.2_129970070_21	0.200000	0.380952	20	21	4	8
DN_NC_073224.2_124254598_20	DN_NC_073224.2_130224824_25	0.200000	0.480000	20	25	4	12
DN_NC_073224.2_124254598_20	DN_NC_073224.2_130335848_23	0.350000	0.304348	20	23	7	7
DN_NC_073224.2_124254598_20	DN_NC_073224.2_218361248_19	0.200000	0.421053	20	19	4	8
DN_NC_073224.2_124254598_20	DN_NC_073224.2_218434129_23	0.200000	0.521739	20	23	4	12
DN_NC_073224.2_124983304_5	DN_NC_073224.2_130157457_4	0.800000	1.000000	5	4	4	4
DN_NC_073224.2_125055626_35	DN_NC_073224.2_125594338_29	0.971429	1.000000	35	29	34	29
DN_NC_073224.2_125055626_35	DN_NC_073224.2_129970070_21	1.000000	0.904762	35	21	35	19
DN_NC_073224.2_125055626_35	DN_NC_073224.2_130224824_25	1.000000	0.960000	35	25	35	24
DN_NC_073224.2_125055626_35	DN_NC_073224.2_130335848_23	0.971429	0.826087	35	23	34	19
DN_NC_073224.2_125055626_35	DN_NC_073224.2_218361248_19	0.885714	0.842105	35	19	31	16
DN_NC_073224.2_125055626_35	DN_NC_073224.2_218434129_23	0.885714	0.869565	35	23	31	20
DN_NC_073224.2_125594338_29	DN_NC_073224.2_129970070_21	1.000000	0.857143	29	21	29	18
DN_NC_073224.2_125594338_29	DN_NC_073224.2_130224824_25	1.000000	0.960000	29	25	29	24
DN_NC_073224.2_125594338_29	DN_NC_073224.2_130335848_23	1.000000	0.826087	29	23	29	19
DN_NC_073224.2_125594338_29	DN_NC_073224.2_218361248_19	0.931034	0.894737	29	19	27	17
DN_NC_073224.2_125594338_29	DN_NC_073224.2_218434129_23	0.931034	0.913043	29	23	27	21
DN_NC_073224.2_125859316_3	DN_NC_073224.2_45389129_11	0.333333	0.000000	3	11	1	0
DN_NC_073224.2_125859316_3	DN_NC_073224.2_77707994_7	0.333333	0.142857	3	7	1	1
DN_NC_073224.2_125859316_3	DN_NC_073232.2_65905862_9	0.000000	0.111111	3	9	0	1
DN_NC_073224.2_125859316_3	DN_NC_073237.2_96675699_5	0.333333	0.000000	3	5	1	0
DN_NC_073224.2_125859316_3	DN_NC_086018.1_19844955_6	0.333333	0.000000	3	9	1	0
DN_NC_073224.2_126139506_3	DN_NC_073242.2_97073460_5	0.000000	0.600000	3	5	0	3
DN_NC_073224.2_126184593_6	DN_NC_073224.2_126189262_21	0.166667	0.000000	6	21	1	0
DN_NC_073224.2_129169623_8	DN_NC_073224.2_129191737_8	0.000000	0.000000	8	8	0	0
DN_NC_073224.2_129169623_8	DN_NC_073224.2_129211328_8	0.000000	0.000000	8	8	0	0
DN_NC_073224.2_129169623_8	DN_NC_073224.2_130416112_8	0.000000	0.000000	8	8	0	0
DN_NC_073224.2_129191737_8	DN_NC_073224.2_129211328_8	0.875000	0.875000	8	8	7	7
DN_NC_073224.2_129191737_8	DN_NC_073224.2_130416112_8	0.750000	0.750000	8	8	6	6
DN_NC_073224.2_129200469_3	DN_NC_073248.2_27104145_4	0.333333	0.000000	3	4	1	0
DN_NC_073224.2_129211328_8	DN_NC_073224.2_130416112_8	0.750000	0.875000	8	8	6	7
DN_NC_073224.2_129429039_7	DN_NC_073224.2_129970070_21	1.000000	0.333333	7	21	7	7
DN_NC_073224.2_129429039_7	DN_NC_073224.2_218361248_19	0.714286	0.263158	7	19	5	5
DN_NC_073224.2_129429039_7	DN_NC_073224.2_218434129_23	0.714286	0.217391	7	23	5	5
DN_NC_073224.2_129429039_7	DN_NC_073224.2_223478295_8	0.714286	0.500000	7	8	5	4
DN_NC_073224.2_129970070_21	DN_NC_073224.2_130224824_25	0.904762	0.960000	21	25	19	24
DN_NC_073224.2_129970070_21	DN_NC_073224.2_130335848_23	0.857143	0.826087	21	23	18	19
DN_NC_073224.2_129970070_21	DN_NC_073224.2_218361248_19	0.952381	0.947368	21	19	20	18
DN_NC_073224.2_129970070_21	DN_NC_073224.2_218434129_23	0.952381	0.956522	21	23	20	22
DN_NC_073224.2_129970070_21	DN_NC_073224.2_223156764_8	0.238095	0.625000	21	8	5	5
DN_NC_073224.2_130224824_25	DN_NC_073224.2_130335848_23	0.760000	0.826087	25	23	19	19
DN_NC_073224.2_130224824_25	DN_NC_073224.2_218361248_19	0.880000	0.894737	25	19	22	17
DN_NC_073224.2_130224824_25	DN_NC_073224.2_218434129_23	0.880000	0.913043	25	23	22	21
DN_NC_073224.2_130305133_13	DN_NC_073243.2_111262956_13	0.923077	0.846154	13	13	12	11
DN_NC_073224.2_130335848_23	DN_NC_073224.2_218361248_19	0.739130	0.894737	23	19	17	17
DN_NC_073224.2_130335848_23	DN_NC_073224.2_218434129_23	0.739130	0.913043	23	23	17	21
DN_NC_073224.2_130406472_2	DN_NC_073224.2_13812644_2	0.000000	0.000000	2	2	0	0
DN_NC_073224.2_130406472_2	DN_NC_073229.2_109663823_28	0.000000	0.035714	2	28	0	1
DN_NC_073224.2_130406472_2	DN_NC_073235.2_137582288_5	0.000000	0.000000	2	5	0	0
DN_NC_073224.2_130406472_2	DN_NC_073241.2_80636266_2	0.000000	0.000000	2	2	0	0
DN_NC_073224.2_130406472_2	DN_NC_086017.1_165200217_5	0.000000	0.000000	2	5	0	0
DN_NC_073224.2_130406472_4	DN_NC_073229.2_136550623_3	0.000000	0.000000	4	3	0	0
DN_NC_073224.2_130406472_4	DN_NC_073233.2_132097253_2	0.000000	0.000000	4	2	0	0
DN_NC_073224.2_130406472_4	DN_NC_073242.2_95678785_4	0.000000	0.000000	4	4	0	0
DN_NC_073224.2_130406472_4	DN_NC_073243.2_21894066_7	0.000000	0.000000	4	7	0	0
DN_NC_073224.2_130449319_18	DN_NC_073233.2_16844162_15	0.000000	0.000000	18	15	0	0
DN_NC_073224.2_130486250_9	DN_NC_073230.2_108545376_8	0.000000	0.000000	9	8	0	0
DN_NC_073224.2_136262916_11	DN_NC_073244.2_64860608_4	0.000000	0.000000	11	4	0	0
DN_NC_073224.2_13812644_2	DN_NC_073229.2_109663823_28	0.000000	0.000000	2	28	0	0
DN_NC_073224.2_13812644_2	DN_NC_073235.2_137582288_5	0.000000	0.000000	2	5	0	0
DN_NC_073224.2_13812644_2	DN_NC_073235.2_74414844_11	0.000000	0.000000	2	11	0	0
DN_NC_073224.2_13812644_2	DN_NC_073240.2_95564610_15	0.000000	0.000000	2	15	0	0
DN_NC_073224.2_13812644_2	DN_NC_073241.2_80636266_2	0.000000	0.000000	2	2	0	0
DN_NC_073224.2_13812644_2	DN_NC_086017.1_165200217_5	0.000000	0.000000	2	5	0	0
DN_NC_073224.2_13850922_2	DN_NC_073247.2_97674612_15	0.000000	0.000000	2	15	0	0
DN_NC_073224.2_14366670_16	DN_NC_073239.2_89227263_15	0.000000	0.000000	16	15	0	0
DN_NC_073224.2_14727985_2	DN_NC_073233.2_84240332_5	0.500000	0.600000	2	5	1	3
DN_NC_073224.2_147572773_13	DN_NC_073239.2_32663808_8	0.000000	0.000000	13	8	0	0
DN_NC_073224.2_147663563_19	DN_NC_073224.2_147715668_5	0.052632	0.200000	19	5	1	1
DN_NC_073224.2_150567709_6	DN_NC_073224.2_150859518_11	0.000000	0.000000	6	12	0	0
DN_NC_073224.2_150567709_6	DN_NC_073224.2_150903711_11	0.333333	0.181818	6	11	2	2
DN_NC_073224.2_150567709_6	DN_NC_073224.2_150948916_11	0.500000	0.272727	6	11	3	3
DN_NC_073224.2_150600792_11	DN_NC_073224.2_150787798_12	0.454545	0.500000	11	12	5	6
DN_NC_073224.2_150600792_11	DN_NC_073224.2_150859518_11	0.000000	0.000000	11	12	0	0
DN_NC_073224.2_150600792_11	DN_NC_073224.2_150903711_11	0.000000	0.000000	11	11	0	0
DN_NC_073224.2_150600792_11	DN_NC_073224.2_150948916_11	0.000000	0.000000	11	11	0	0
DN_NC_073224.2_150712594_12	DN_NC_073224.2_150859518_11	0.000000	0.000000	12	12	0	0
DN_NC_073224.2_150712594_12	DN_NC_073224.2_150903711_11	0.000000	0.000000	12	11	0	0
DN_NC_073224.2_150712594_12	DN_NC_073224.2_150948916_11	0.000000	0.000000	12	11	0	0
DN_NC_073224.2_150787798_12	DN_NC_073224.2_150948916_11	0.000000	0.000000	12	11	0	0
DN_NC_073224.2_150835184_3	DN_NC_073233.2_132992860_18	0.333333	0.000000	3	18	1	0
DN_NC_073224.2_150835184_3	DN_NC_086017.1_148168205_5	0.333333	0.200000	3	5	1	1
DN_NC_073224.2_150859518_11	DN_NC_073224.2_150903711_11	0.750000	0.818182	12	11	9	9
DN_NC_073224.2_150859518_11	DN_NC_073224.2_150948916_11	0.750000	0.818182	12	11	9	9
DN_NC_073224.2_150903711_11	DN_NC_073224.2_150948916_11	0.818182	0.909091	11	11	9	10
DN_NC_073224.2_150982352_2	DN_NC_073247.2_148580448_11	0.500000	1.000000	2	11	1	11
DN_NC_073224.2_155484145_3	DN_NC_073224.2_155489872_9	0.333333	0.000000	3	9	1	0
DN_NC_073224.2_15670210_25	DN_NC_073224.2_15783681_8	0.240000	0.750000	25	8	6	6
DN_NC_073224.2_15670210_25	DN_NC_073224.2_19027212_8	0.240000	0.750000	25	8	6	6
DN_NC_073224.2_15670210_25	DN_NC_073224.2_19135994_8	0.240000	0.750000	25	8	6	6
DN_NC_073224.2_15670210_25	DN_NC_073224.2_19235747_8	0.240000	0.750000	25	8	6	6
DN_NC_073224.2_15670210_25	DN_NC_073224.2_19344252_8	0.240000	0.750000	25	8	6	6
DN_NC_073224.2_15670210_25	DN_NC_073224.2_29070818_24	1.000000	1.000000	25	24	25	24
DN_NC_073224.2_15783681_8	DN_NC_073224.2_19027212_8	1.000000	1.000000	8	8	8	8
DN_NC_073224.2_15783681_8	DN_NC_073224.2_19135994_8	1.000000	1.000000	8	8	8	8
DN_NC_073224.2_15783681_8	DN_NC_073224.2_19235747_8	1.000000	1.000000	8	8	8	8
DN_NC_073224.2_15783681_8	DN_NC_073224.2_19344252_8	1.000000	1.000000	8	8	8	8
DN_NC_073224.2_15783681_8	DN_NC_073224.2_29070818_24	0.875000	0.291667	8	24	7	7
DN_NC_073224.2_16928217_2	DN_NC_073232.2_122771445_4	0.000000	0.500000	2	4	0	2
DN_NC_073224.2_186733859_5	DN_NC_073234.2_26006928_5	0.000000	0.000000	5	5	0	0
DN_NC_073224.2_19027212_8	DN_NC_073224.2_19135994_8	1.000000	1.000000	8	8	8	8
DN_NC_073224.2_19027212_8	DN_NC_073224.2_19235747_8	1.000000	1.000000	8	8	8	8
DN_NC_073224.2_19027212_8	DN_NC_073224.2_19344252_8	1.000000	1.000000	8	8	8	8
DN_NC_073224.2_19027212_8	DN_NC_073224.2_29070818_24	0.875000	0.291667	8	24	7	7
DN_NC_073224.2_19135994_8	DN_NC_073224.2_19235747_8	1.000000	1.000000	8	8	8	8
DN_NC_073224.2_19135994_8	DN_NC_073224.2_19344252_8	1.000000	1.000000	8	8	8	8
DN_NC_073224.2_19135994_8	DN_NC_073224.2_29070818_24	0.875000	0.291667	8	24	7	7
DN_NC_073224.2_19235747_8	DN_NC_073224.2_19344252_8	1.000000	1.000000	8	8	8	8
DN_NC_073224.2_19235747_8	DN_NC_073224.2_29070818_24	0.875000	0.291667	8	24	7	7
DN_NC_073224.2_19344252_8	DN_NC_073224.2_29070818_24	0.875000	0.291667	8	24	7	7
DN_NC_073224.2_194445089_11	DN_NC_073224.2_194593658_8	0.090909	0.125000	11	8	1	1
DN_NC_073224.2_196241058_22	DN_NC_073237.2_57425988_22	0.000000	0.000000	22	22	0	0
DN_NC_073224.2_196323176_17	DN_NC_073244.2_10996541_7	0.352941	0.857143	17	7	6	6
DN_NC_073224.2_197128142_3	DN_NC_073229.2_194862622_5	0.000000	0.000000	3	5	0	0
DN_NC_073224.2_197128142_3	DN_NC_073238.2_33904146_3	0.000000	0.333333	3	3	0	1
DN_NC_073224.2_197128142_3	DN_NC_073244.2_50702615_6	0.000000	0.000000	3	6	0	0
DN_NC_073224.2_199406700_5	DN_NC_073244.2_45985550_6	0.000000	0.000000	5	6	0	0
DN_NC_073224.2_199406700_5	DN_NC_073244.2_47586219_5	0.000000	0.000000	5	5	0	0
DN_NC_073224.2_199406700_5	DN_NC_073244.2_49072464_4	0.000000	0.000000	5	4	0	0
DN_NC_073224.2_199406700_5	DN_NC_073244.2_49246931_6	0.000000	0.000000	5	6	0	0
DN_NC_073224.2_199406700_5	DN_NC_073244.2_68611978_5	0.000000	0.000000	5	5	0	0
DN_NC_073224.2_199458269_6	DN_NC_073229.2_45067329_6	0.000000	0.000000	6	6	0	0
DN_NC_073224.2_199458269_6	DN_NC_073237.2_30220066_5	0.000000	0.000000	6	5	0	0
DN_NC_073224.2_199458269_6	DN_NC_073244.2_49072464_4	0.000000	0.000000	6	4	0	0
DN_NC_073224.2_199458269_6	DN_NC_073244.2_49101177_5	0.000000	0.000000	6	5	0	0
DN_NC_073224.2_199458269_6	DN_NC_073244.2_65102393_4	0.000000	0.000000	6	4	0	0
DN_NC_073224.2_199494304_6	DN_NC_073228.2_182864372_4	0.000000	0.000000	6	4	0	0
DN_NC_073224.2_199494304_6	DN_NC_073229.2_44967262_5	0.000000	0.000000	6	5	0	0
DN_NC_073224.2_199494304_6	DN_NC_073232.2_81253567_6	0.000000	0.000000	6	6	0	0
DN_NC_073224.2_199494304_6	DN_NC_073236.2_32302189_6	0.000000	0.000000	6	6	0	0
DN_NC_073224.2_199494304_6	DN_NC_073242.2_97765438_4	0.000000	0.000000	6	4	0	0
DN_NC_073224.2_200263910_4	DN_NC_073236.2_129488631_5	0.000000	0.000000	4	5	0	0
DN_NC_073224.2_206460331_8	DN_NC_073244.2_59726455_2	0.000000	0.000000	8	2	0	0
DN_NC_073224.2_207257149_3	DN_NC_073224.2_207270226_12	0.333333	0.083333	3	12	1	1
DN_NC_073224.2_207670698_13	DN_NC_073245.2_44289870_13	0.000000	0.000000	12	13	0	0
DN_NC_073224.2_208886621_22	DN_NC_073236.2_119568063_21	0.000000	0.000000	22	21	0	0
DN_NC_073224.2_210837399_19	DN_NC_073229.2_94673034_3	0.000000	0.000000	19	3	0	0
DN_NC_073224.2_211985035_3	DN_NC_073230.2_12413521_6	0.333333	0.000000	3	6	1	0
DN_NC_073224.2_213161178_3	DN_NC_073229.2_181371301_3	0.000000	0.000000	3	3	0	0
DN_NC_073224.2_213368965_21	DN_NC_073229.2_190755772_21	0.000000	0.000000	21	21	0	0
DN_NC_073224.2_213462039_6	DN_NC_073228.2_49710333_4	0.666667	0.000000	6	4	4	0
DN_NC_073224.2_213462039_6	DN_NC_073240.2_46341896_2	0.666667	0.500000	6	2	4	1
DN_NC_073224.2_214075309_3	DN_NC_073224.2_214095871_7	0.333333	0.142857	3	7	1	1
DN_NC_073224.2_214517378_2	DN_NC_073233.2_119992784_4	0.500000	0.750000	2	4	1	3
DN_NC_073224.2_216467757_3	DN_NC_073231.2_150671310_5	0.000000	0.000000	3	5	0	0
DN_NC_073224.2_216467757_3	DN_NC_073241.2_64520240_3	0.000000	0.000000	3	3	0	0
DN_NC_073224.2_216927976_16	DN_NC_073230.2_87974016_14	0.000000	0.000000	16	14	0	0
DN_NC_073224.2_216927976_16	DN_NC_086017.1_145972418_16	0.000000	0.000000	16	16	0	0
DN_NC_073224.2_216927976_16	DN_NC_086017.1_195677389_14	0.000000	0.000000	16	14	0	0
DN_NC_073224.2_218361248_19	DN_NC_073224.2_218434129_23	0.947368	0.782609	19	23	18	18
DN_NC_073224.2_218361248_19	DN_NC_073224.2_223156764_8	0.368421	0.875000	19	8	7	7
DN_NC_073224.2_218434129_23	DN_NC_073224.2_223156764_8	0.304348	0.875000	23	8	7	7
DN_NC_073224.2_219630924_4	DN_NC_073227.2_107202270_4	0.000000	0.000000	4	4	0	0
DN_NC_073224.2_219630924_4	DN_NC_073235.2_71373985_7	0.000000	0.000000	4	7	0	0
DN_NC_073224.2_220588830_7	DN_NC_073224.2_220611411_7	0.857143	0.714286	7	7	6	5
DN_NC_073224.2_228923130_6	DN_NC_073224.2_228936705_6	0.166667	0.166667	6	6	1	1
DN_NC_073224.2_231736369_12	DN_NC_073224.2_25093112_7	0.916667	0.142857	12	7	11	1
DN_NC_073224.2_231736369_12	DN_NC_073234.2_22572777_12	0.000000	0.000000	12	12	0	0
DN_NC_073224.2_231736369_12	DN_NC_073235.2_104226160_12	0.000000	0.000000	12	12	0	0
DN_NC_073224.2_231736369_12	DN_NC_073243.2_20078090_12	0.000000	0.000000	12	12	0	0
DN_NC_073224.2_236757333_2	DN_NC_086017.1_58705155_2	0.000000	0.000000	2	2	0	0
DN_NC_073224.2_239070568_18	DN_NC_086017.1_181307962_18	0.000000	0.000000	18	18	0	0
DN_NC_073224.2_239365488_12	DN_NC_073230.2_88115984_10	0.000000	0.000000	12	10	0	0
DN_NC_073224.2_239847758_15	DN_NC_073243.2_22365408_15	0.000000	0.000000	15	15	0	0
DN_NC_073224.2_239847758_15	DN_NC_086017.1_195260184_15	0.000000	0.000000	15	15	0	0
DN_NC_073224.2_25093112_7	DN_NC_073243.2_20078090_12	0.000000	0.000000	7	12	0	0
DN_NC_073224.2_26635584_9	DN_NC_073240.2_34675462_15	0.000000	0.000000	9	15	0	0
DN_NC_073224.2_27333739_3	DN_NC_073228.2_64771915_4	0.000000	0.000000	3	4	0	0
DN_NC_073224.2_27333739_3	DN_NC_073234.2_48400691_7	0.333333	1.000000	3	7	1	7
DN_NC_073224.2_38911600_25	DN_NC_073229.2_61929003_23	0.000000	0.000000	25	23	0	0
DN_NC_073224.2_38985857_7	DN_NC_073228.2_10057969_7	0.000000	0.000000	7	7	0	0
DN_NC_073224.2_40627195_4	DN_NC_073224.2_8222533_5	0.000000	0.000000	4	5	0	0
DN_NC_073224.2_40627195_4	DN_NC_073224.2_8422960_4	0.000000	0.000000	4	4	0	0
DN_NC_073224.2_40627195_4	DN_NC_073227.2_8633418_2	0.000000	0.000000	4	2	0	0
DN_NC_073224.2_40627195_4	DN_NC_073227.2_8705656_4	0.000000	0.000000	4	4	0	0
DN_NC_073224.2_40627195_4	DN_NC_073227.2_8907801_4	0.000000	0.000000	4	4	0	0
DN_NC_073224.2_40627195_4	DN_NC_073227.2_9010062_2	0.000000	0.000000	4	2	0	0
DN_NC_073224.2_40627195_4	DN_NC_073230.2_64900495_2	0.000000	0.000000	4	2	0	0
DN_NC_073224.2_40627195_4	DN_NC_073230.2_73508332_4	0.000000	0.000000	4	4	0	0
DN_NC_073224.2_40627195_4	DN_NC_073230.2_73776646_4	0.000000	0.000000	4	4	0	0
DN_NC_073224.2_40627195_4	DN_NC_073230.2_73977205_4	0.000000	0.000000	4	4	0	0
DN_NC_073224.2_40627195_4	DN_NC_073230.2_74126483_4	0.000000	0.000000	4	4	0	0
DN_NC_073224.2_40627195_4	DN_NC_073230.2_74190289_5	0.000000	0.000000	4	5	0	0
DN_NC_073224.2_40627195_4	DN_NC_073230.2_74299233_4	0.000000	0.000000	4	4	0	0
DN_NC_073224.2_40627195_4	DN_NC_073230.2_74637814_2	0.000000	0.000000	4	2	0	0
DN_NC_073224.2_40627195_4	DN_NC_073233.2_9788172_5	0.000000	0.000000	4	5	0	0
DN_NC_073224.2_40627195_4	DN_NC_073241.2_36126183_3	0.000000	0.000000	4	3	0	0
DN_NC_073224.2_40627195_4	DN_NC_073242.2_37386128_4	0.000000	0.000000	4	4	0	0
DN_NC_073224.2_40627195_4	DN_NC_073242.2_66613619_4	0.000000	0.000000	4	4	0	0
DN_NC_073224.2_40627195_4	DN_NC_073244.2_26240039_2	0.000000	0.000000	4	2	0	0
DN_NC_073224.2_40627195_4	DN_NC_073244.2_26470366_4	0.000000	0.000000	4	4	0	0
DN_NC_073224.2_40627195_4	DN_NC_073244.2_26666712_5	0.000000	0.000000	4	5	0	0
DN_NC_073224.2_40627195_4	DN_NC_073244.2_26901109_4	0.000000	0.000000	4	4	0	0
DN_NC_073224.2_40627195_4	DN_NC_073244.2_27051998_4	0.000000	0.000000	4	4	0	0
DN_NC_073224.2_40627195_4	DN_NC_073244.2_27131194_2	0.000000	0.000000	4	2	0	0
DN_NC_073224.2_40627195_4	DN_NC_073244.2_27285351_4	0.000000	0.000000	4	4	0	0
DN_NC_073224.2_40627195_4	DN_NC_073244.2_27408454_4	0.000000	0.000000	4	4	0	0
DN_NC_073224.2_40627195_4	DN_NC_073244.2_27504818_5	0.000000	0.000000	4	5	0	0
DN_NC_073224.2_40627195_4	DN_NC_073244.2_27566430_5	0.000000	0.000000	4	5	0	0
DN_NC_073224.2_40627195_4	DN_NC_073244.2_27765726_4	0.000000	0.000000	4	4	0	0
DN_NC_073224.2_40627195_4	DN_NC_073244.2_27869273_3	0.000000	0.000000	4	3	0	0
DN_NC_073224.2_40627195_4	DN_NC_073244.2_27956158_2	0.000000	0.000000	4	2	0	0
DN_NC_073224.2_40627195_4	DN_NC_073244.2_28072858_4	0.000000	0.000000	4	4	0	0
DN_NC_073224.2_40627195_4	DN_NC_073244.2_28256975_5	0.000000	0.000000	4	5	0	0
DN_NC_073224.2_40627195_4	DN_NC_073244.2_28333451_4	0.000000	0.000000	4	4	0	0
DN_NC_073224.2_40627195_4	DN_NC_073244.2_28711447_2	0.000000	0.000000	4	2	0	0
DN_NC_073224.2_40627195_4	DN_NC_073244.2_28820229_4	0.000000	0.000000	4	4	0	0
DN_NC_073224.2_40627195_4	DN_NC_073244.2_29046961_4	0.000000	0.000000	4	4	0	0
DN_NC_073224.2_40627195_4	DN_NC_073244.2_29232445_4	0.000000	0.000000	4	4	0	0
DN_NC_073224.2_40627195_4	DN_NC_073244.2_29297022_4	0.000000	0.000000	4	4	0	0
DN_NC_073224.2_40627195_4	DN_NC_073244.2_29557605_4	0.000000	0.000000	4	4	0	0
DN_NC_073224.2_40627195_4	DN_NC_073244.2_29680825_2	0.000000	0.000000	4	2	0	0
DN_NC_073224.2_40627195_4	DN_NC_073244.2_29970261_4	0.000000	0.000000	4	4	0	0
DN_NC_073224.2_40627195_4	DN_NC_073244.2_30067652_4	0.000000	0.000000	4	4	0	0
DN_NC_073224.2_40627195_4	DN_NC_073244.2_30090650_6	0.000000	0.000000	4	6	0	0
DN_NC_073224.2_40627195_4	DN_NC_073244.2_30438386_2	0.000000	0.000000	4	2	0	0
DN_NC_073224.2_40627195_4	DN_NC_073244.2_64034715_7	0.000000	0.000000	4	7	0	0
DN_NC_073224.2_40627195_4	DN_NC_073244.2_64081943_4	0.000000	0.000000	4	4	0	0
DN_NC_073224.2_40627195_4	DN_NC_073244.2_64125568_5	0.000000	0.000000	4	5	0	0
DN_NC_073224.2_40627195_4	DN_NC_073244.2_64265252_5	0.000000	0.000000	4	5	0	0
DN_NC_073224.2_40627195_4	DN_NC_073244.2_64306022_6	0.000000	0.000000	4	6	0	0
DN_NC_073224.2_40627195_4	DN_NC_073244.2_64368633_7	0.000000	0.000000	4	7	0	0
DN_NC_073224.2_40627195_4	DN_NC_073244.2_64500861_5	0.000000	0.000000	4	5	0	0
DN_NC_073224.2_40627195_4	DN_NC_073244.2_64585864_4	0.000000	0.000000	4	4	0	0
DN_NC_073224.2_40627195_4	DN_NC_073244.2_64797239_5	0.000000	0.000000	4	5	0	0
DN_NC_073224.2_40627195_4	DN_NC_073244.2_65046428_2	0.000000	0.000000	4	4	0	0
DN_NC_073224.2_40627195_4	DN_NC_073244.2_65073171_5	0.000000	0.000000	4	5	0	0
DN_NC_073224.2_40627195_4	DN_NC_073246.2_15789285_3	0.000000	0.000000	4	3	0	0
DN_NC_073224.2_45389129_11	DN_NC_073224.2_77707994_7	0.000000	0.000000	11	7	0	0
DN_NC_073224.2_45389129_11	DN_NC_086018.1_19844955_6	0.000000	0.111111	11	9	0	1
DN_NC_073224.2_46970626_9	DN_NC_073230.2_138011361_9	0.000000	0.000000	9	9	0	0
DN_NC_073224.2_47163026_13	DN_NC_086017.1_19588191_12	0.000000	0.000000	13	12	0	0
DN_NC_073224.2_50024137_10	DN_NC_086017.1_60479047_11	0.000000	0.000000	10	11	0	0
DN_NC_073224.2_51430719_7	DN_NC_073234.2_121481999_7	0.000000	0.000000	7	7	0	0
DN_NC_073224.2_53012398_21	DN_NC_073247.2_165220768_21	0.000000	0.000000	21	21	0	0
DN_NC_073224.2_53524414_11	DN_NC_073224.2_53535059_3	0.090909	0.000000	11	3	1	0
DN_NC_073224.2_53955814_27	DN_NC_073248.2_27118037_27	0.000000	0.000000	27	27	0	0
DN_NC_073224.2_5565564_3	DN_NC_073224.2_5715398_2	0.666667	1.000000	3	2	2	2
DN_NC_073224.2_5641112_4	DN_NC_073242.2_36121013_3	0.000000	0.000000	4	3	0	0
DN_NC_073224.2_5641112_4	DN_NC_073242.2_6758889_7	0.000000	0.000000	4	7	0	0
DN_NC_073224.2_58834163_5	DN_NC_073237.2_120375635_3	0.000000	0.000000	5	3	0	0
DN_NC_073224.2_6827773_11	DN_NC_073230.2_165840202_11	1.000000	1.000000	11	11	11	11
DN_NC_073224.2_8222533_5	DN_NC_073224.2_8422960_4	0.000000	0.000000	5	4	0	0
DN_NC_073224.2_8222533_5	DN_NC_073227.2_8633418_2	0.000000	0.000000	5	2	0	0
DN_NC_073224.2_8222533_5	DN_NC_073227.2_8705656_4	0.000000	0.000000	5	4	0	0
DN_NC_073224.2_8222533_5	DN_NC_073227.2_8907801_4	0.000000	0.000000	5	4	0	0
DN_NC_073224.2_8222533_5	DN_NC_073227.2_9010062_2	0.000000	0.000000	5	2	0	0
DN_NC_073224.2_8222533_5	DN_NC_073230.2_73508332_4	0.000000	0.000000	5	4	0	0
DN_NC_073224.2_8222533_5	DN_NC_073230.2_73776646_4	0.000000	0.000000	5	4	0	0
DN_NC_073224.2_8222533_5	DN_NC_073230.2_73977205_4	0.000000	0.000000	5	4	0	0
DN_NC_073224.2_8222533_5	DN_NC_073230.2_74126483_4	0.000000	0.000000	5	4	0	0
DN_NC_073224.2_8222533_5	DN_NC_073230.2_74190289_5	0.000000	0.000000	5	5	0	0
DN_NC_073224.2_8222533_5	DN_NC_073230.2_74299233_4	0.000000	0.000000	5	4	0	0
DN_NC_073224.2_8222533_5	DN_NC_073230.2_74637814_2	0.000000	0.000000	5	2	0	0
DN_NC_073224.2_8222533_5	DN_NC_073233.2_9788172_5	0.000000	0.000000	5	5	0	0
DN_NC_073224.2_8222533_5	DN_NC_073241.2_36126183_3	0.000000	0.000000	5	3	0	0
DN_NC_073224.2_8222533_5	DN_NC_073242.2_66613619_4	0.000000	0.000000	5	4	0	0
DN_NC_073224.2_8222533_5	DN_NC_073244.2_26240035_4	0.000000	0.000000	5	4	0	0
DN_NC_073224.2_8222533_5	DN_NC_073244.2_26314241_4	0.000000	0.000000	5	4	0	0
DN_NC_073224.2_8222533_5	DN_NC_073244.2_26470366_4	0.000000	0.000000	5	4	0	0
DN_NC_073224.2_8222533_5	DN_NC_073244.2_26666712_5	0.000000	0.000000	5	5	0	0
DN_NC_073224.2_8222533_5	DN_NC_073244.2_26901109_4	0.000000	0.000000	5	4	0	0
DN_NC_073224.2_8222533_5	DN_NC_073244.2_27051998_4	0.000000	0.000000	5	4	0	0
DN_NC_073224.2_8222533_5	DN_NC_073244.2_27131194_2	0.000000	0.000000	5	2	0	0
DN_NC_073224.2_8222533_5	DN_NC_073244.2_27285351_4	0.000000	0.000000	5	4	0	0
DN_NC_073224.2_8222533_5	DN_NC_073244.2_27408454_4	0.000000	0.000000	5	4	0	0
DN_NC_073224.2_8222533_5	DN_NC_073244.2_27504818_5	0.000000	0.000000	5	5	0	0
DN_NC_073224.2_8222533_5	DN_NC_073244.2_27566430_5	0.000000	0.000000	5	5	0	0
DN_NC_073224.2_8222533_5	DN_NC_073244.2_27765726_4	0.000000	0.000000	5	4	0	0
DN_NC_073224.2_8222533_5	DN_NC_073244.2_27869273_3	0.000000	0.000000	5	3	0	0
DN_NC_073224.2_8222533_5	DN_NC_073244.2_27956158_2	0.000000	0.000000	5	2	0	0
DN_NC_073224.2_8222533_5	DN_NC_073244.2_28072858_4	0.000000	0.000000	5	4	0	0
DN_NC_073224.2_8222533_5	DN_NC_073244.2_28256975_5	0.000000	0.000000	5	5	0	0
DN_NC_073224.2_8222533_5	DN_NC_073244.2_28333451_4	0.000000	0.000000	5	4	0	0
DN_NC_073224.2_8222533_5	DN_NC_073244.2_28588105_4	0.000000	0.000000	5	4	0	0
DN_NC_073224.2_8222533_5	DN_NC_073244.2_28711447_4	0.000000	0.000000	5	5	0	0
DN_NC_073224.2_8222533_5	DN_NC_073244.2_28820229_4	0.000000	0.000000	5	4	0	0
DN_NC_073224.2_8222533_5	DN_NC_073244.2_29046961_4	0.000000	0.000000	5	4	0	0
DN_NC_073224.2_8222533_5	DN_NC_073244.2_29232445_4	0.000000	0.000000	5	4	0	0
DN_NC_073224.2_8222533_5	DN_NC_073244.2_29297022_4	0.000000	0.000000	5	4	0	0
DN_NC_073224.2_8222533_5	DN_NC_073244.2_29557605_4	0.000000	0.000000	5	4	0	0
DN_NC_073224.2_8222533_5	DN_NC_073244.2_29680825_4	0.000000	0.000000	5	4	0	0
DN_NC_073224.2_8222533_5	DN_NC_073244.2_29970261_4	0.000000	0.000000	5	4	0	0
DN_NC_073224.2_8222533_5	DN_NC_073244.2_30438340_4	0.000000	0.000000	5	4	0	0
DN_NC_073224.2_8222533_5	DN_NC_073244.2_64340366_4	0.000000	0.000000	5	4	0	0
DN_NC_073224.2_8222533_5	DN_NC_073244.2_64585864_4	0.000000	0.000000	5	4	0	0
DN_NC_073224.2_8222533_5	DN_NC_073244.2_64836827_4	0.000000	0.000000	5	4	0	0
DN_NC_073224.2_8222533_5	DN_NC_073244.2_65266359_4	0.000000	0.000000	5	4	0	0
DN_NC_073224.2_8222533_5	DN_NC_073246.2_15789285_3	0.000000	0.000000	5	3	0	0
DN_NC_073224.2_8261601_4	DN_NC_073224.2_8329397_4	0.000000	0.000000	4	4	0	0
DN_NC_073224.2_8261601_4	DN_NC_073224.2_8356715_4	0.000000	0.000000	4	4	0	0
DN_NC_073224.2_8261601_4	DN_NC_073244.2_15569240_8	0.000000	0.000000	4	8	0	0
DN_NC_073224.2_8261601_4	DN_NC_073244.2_17635782_4	0.000000	0.000000	4	4	0	0
DN_NC_073224.2_8261601_4	DN_NC_073244.2_17678736_4	0.000000	0.000000	4	4	0	0
DN_NC_073224.2_8261601_4	DN_NC_073244.2_17751582_4	0.000000	0.000000	4	4	0	0
DN_NC_073224.2_8261601_4	DN_NC_073244.2_17797611_4	0.000000	0.000000	4	4	0	0
DN_NC_073224.2_8261601_4	DN_NC_073244.2_17831067_3	0.000000	0.000000	4	3	0	0
DN_NC_073224.2_8261601_4	DN_NC_073244.2_17876785_4	0.000000	0.000000	4	4	0	0
DN_NC_073224.2_8261601_4	DN_NC_073244.2_17922158_4	0.000000	0.000000	4	4	0	0
DN_NC_073224.2_8261601_4	DN_NC_073244.2_17960497_4	0.000000	0.000000	4	4	0	0
DN_NC_073224.2_8261601_4	DN_NC_073244.2_18045307_2	0.000000	0.000000	4	2	0	0
DN_NC_073224.2_8261601_4	DN_NC_073244.2_18047026_4	0.000000	0.000000	4	4	0	0
DN_NC_073224.2_8261601_4	DN_NC_073244.2_18096775_3	0.000000	0.000000	4	3	0	0
DN_NC_073224.2_8261601_4	DN_NC_073244.2_18124193_3	0.000000	0.000000	4	3	0	0
DN_NC_073224.2_8261601_4	DN_NC_073244.2_18232282_4	0.000000	0.000000	4	4	0	0
DN_NC_073224.2_8261601_4	DN_NC_073244.2_18307855_4	0.000000	0.000000	4	4	0	0
DN_NC_073224.2_8261601_4	DN_NC_073244.2_18356684_4	0.000000	0.000000	4	4	0	0
DN_NC_073224.2_8261601_4	DN_NC_073244.2_18564507_4	0.000000	0.000000	4	4	0	0
DN_NC_073224.2_8261601_4	DN_NC_073244.2_18614963_5	0.000000	0.000000	4	5	0	0
DN_NC_073224.2_8261601_4	DN_NC_073244.2_18649721_4	0.000000	0.000000	4	4	0	0
DN_NC_073224.2_8261601_4	DN_NC_073244.2_26156853_4	0.000000	0.000000	4	4	0	0
DN_NC_073224.2_8261601_4	DN_NC_073244.2_8619131_4	0.000000	0.000000	4	4	0	0
DN_NC_073224.2_8329397_4	DN_NC_073224.2_8356715_4	0.000000	0.000000	4	4	0	0
DN_NC_073224.2_8329397_4	DN_NC_073242.2_74755277_3	0.000000	0.000000	4	3	0	0
DN_NC_073224.2_8329397_4	DN_NC_073244.2_17635782_4	0.000000	0.000000	4	4	0	0
DN_NC_073224.2_8329397_4	DN_NC_073244.2_17678736_4	0.000000	0.000000	4	4	0	0
DN_NC_073224.2_8329397_4	DN_NC_073244.2_17751582_4	0.000000	0.000000	4	4	0	0
DN_NC_073224.2_8329397_4	DN_NC_073244.2_17831067_3	0.000000	0.000000	4	3	0	0
DN_NC_073224.2_8329397_4	DN_NC_073244.2_17846610_4	0.000000	0.000000	4	4	0	0
DN_NC_073224.2_8329397_4	DN_NC_073244.2_17876785_4	0.000000	0.000000	4	4	0	0
DN_NC_073224.2_8329397_4	DN_NC_073244.2_17922158_4	0.000000	0.000000	4	4	0	0
DN_NC_073224.2_8329397_4	DN_NC_073244.2_17960497_4	0.000000	0.000000	4	4	0	0
DN_NC_073224.2_8329397_4	DN_NC_073244.2_18045307_2	0.000000	0.000000	4	2	0	0
DN_NC_073224.2_8329397_4	DN_NC_073244.2_18047026_4	0.000000	0.000000	4	4	0	0
DN_NC_073224.2_8329397_4	DN_NC_073244.2_18096775_3	0.000000	0.000000	4	3	0	0
DN_NC_073224.2_8329397_4	DN_NC_073244.2_18124175_2	0.000000	0.000000	4	2	0	0
DN_NC_073224.2_8329397_4	DN_NC_073244.2_18201516_4	0.000000	0.000000	4	4	0	0
DN_NC_073224.2_8329397_4	DN_NC_073244.2_18232282_4	0.000000	0.000000	4	4	0	0
DN_NC_073224.2_8329397_4	DN_NC_073244.2_18307855_4	0.000000	0.000000	4	4	0	0
DN_NC_073224.2_8329397_4	DN_NC_073244.2_18356684_4	0.000000	0.000000	4	4	0	0
DN_NC_073224.2_8329397_4	DN_NC_073244.2_18385030_4	0.000000	0.000000	4	4	0	0
DN_NC_073224.2_8329397_4	DN_NC_073244.2_18426035_4	0.000000	0.000000	4	4	0	0
DN_NC_073224.2_8329397_4	DN_NC_073244.2_18470484_4	0.000000	0.000000	4	4	0	0
DN_NC_073224.2_8329397_4	DN_NC_073244.2_18564507_4	0.000000	0.000000	4	4	0	0
DN_NC_073224.2_8329397_4	DN_NC_073244.2_18614963_5	0.000000	0.000000	4	5	0	0
DN_NC_073224.2_8329397_4	DN_NC_073244.2_18649721_4	0.000000	0.000000	4	4	0	0
DN_NC_073224.2_8329397_4	DN_NC_073244.2_26156853_4	0.000000	0.000000	4	4	0	0
DN_NC_073224.2_8356715_4	DN_NC_073244.2_17751584_2	0.000000	0.000000	4	2	0	0
DN_NC_073224.2_8356715_4	DN_NC_073244.2_18047026_4	0.000000	0.000000	4	4	0	0
DN_NC_073224.2_8356715_4	DN_NC_073244.2_18124193_3	0.000000	0.000000	4	3	0	0
DN_NC_073224.2_8356715_4	DN_NC_073244.2_18201516_4	0.000000	0.000000	4	4	0	0
DN_NC_073224.2_8356715_4	DN_NC_073244.2_18470484_4	0.000000	0.000000	4	4	0	0
DN_NC_073224.2_8356715_4	DN_NC_073244.2_18564507_4	0.000000	0.000000	4	4	0	0
DN_NC_073224.2_8422960_4	DN_NC_073227.2_8633418_2	0.000000	0.000000	4	2	0	0
DN_NC_073224.2_8422960_4	DN_NC_073227.2_8705656_4	0.000000	0.000000	4	4	0	0
DN_NC_073224.2_8422960_4	DN_NC_073227.2_8907801_4	0.000000	0.000000	4	4	0	0
DN_NC_073224.2_8422960_4	DN_NC_073227.2_9009888_2	0.000000	0.000000	4	2	0	0
DN_NC_073224.2_8422960_4	DN_NC_073230.2_73508332_4	0.000000	0.000000	4	4	0	0
DN_NC_073224.2_8422960_4	DN_NC_073230.2_73776646_4	0.000000	0.000000	4	4	0	0
DN_NC_073224.2_8422960_4	DN_NC_073230.2_73977205_4	0.000000	0.000000	4	4	0	0
DN_NC_073224.2_8422960_4	DN_NC_073230.2_74126483_4	0.000000	0.000000	4	4	0	0
DN_NC_073224.2_8422960_4	DN_NC_073230.2_74190289_5	0.000000	0.000000	4	5	0	0
DN_NC_073224.2_8422960_4	DN_NC_073230.2_74299233_4	0.000000	0.000000	4	4	0	0
DN_NC_073224.2_8422960_4	DN_NC_073230.2_74637814_2	0.000000	0.000000	4	2	0	0
DN_NC_073224.2_8422960_4	DN_NC_073233.2_9788172_5	0.000000	0.000000	4	5	0	0
DN_NC_073224.2_8422960_4	DN_NC_073241.2_36126198_2	0.000000	0.000000	4	2	0	0
DN_NC_073224.2_8422960_4	DN_NC_073242.2_37386128_4	0.000000	0.000000	4	4	0	0
DN_NC_073224.2_8422960_4	DN_NC_073242.2_66613619_4	0.000000	0.000000	4	4	0	0
DN_NC_073224.2_8422960_4	DN_NC_073244.2_26240039_2	0.000000	0.000000	4	2	0	0
DN_NC_073224.2_8422960_4	DN_NC_073244.2_26314241_4	0.000000	0.000000	4	4	0	0
DN_NC_073224.2_8422960_4	DN_NC_073244.2_26470366_4	0.000000	0.000000	4	4	0	0
DN_NC_073224.2_8422960_4	DN_NC_073244.2_26666712_5	0.000000	0.000000	4	5	0	0
DN_NC_073224.2_8422960_4	DN_NC_073244.2_26901109_4	0.000000	0.000000	4	4	0	0
DN_NC_073224.2_8422960_4	DN_NC_073244.2_27051998_4	0.000000	0.000000	4	4	0	0
DN_NC_073224.2_8422960_4	DN_NC_073244.2_27131194_2	0.000000	0.000000	4	2	0	0
DN_NC_073224.2_8422960_4	DN_NC_073244.2_27285351_4	0.000000	0.000000	4	4	0	0
DN_NC_073224.2_8422960_4	DN_NC_073244.2_27408454_4	0.000000	0.000000	4	4	0	0
DN_NC_073224.2_8422960_4	DN_NC_073244.2_27504818_5	0.000000	0.000000	4	5	0	0
DN_NC_073224.2_8422960_4	DN_NC_073244.2_27626411_5	0.000000	0.000000	4	5	0	0
DN_NC_073224.2_8422960_4	DN_NC_073244.2_27765726_4	0.000000	0.000000	4	4	0	0
DN_NC_073224.2_8422960_4	DN_NC_073244.2_27869273_3	0.000000	0.000000	4	3	0	0
DN_NC_073224.2_8422960_4	DN_NC_073244.2_27956158_2	0.000000	0.000000	4	2	0	0
DN_NC_073224.2_8422960_4	DN_NC_073244.2_28072858_4	0.000000	0.000000	4	4	0	0
DN_NC_073224.2_8422960_4	DN_NC_073244.2_28256975_5	0.000000	0.000000	4	5	0	0
DN_NC_073224.2_8422960_4	DN_NC_073244.2_28333451_4	0.000000	0.000000	4	4	0	0
DN_NC_073224.2_8422960_4	DN_NC_073244.2_28588105_4	0.000000	0.000000	4	4	0	0
DN_NC_073224.2_8422960_4	DN_NC_073244.2_28711447_2	0.000000	0.000000	4	2	0	0
DN_NC_073224.2_8422960_4	DN_NC_073244.2_29046961_4	0.000000	0.000000	4	4	0	0
DN_NC_073224.2_8422960_4	DN_NC_073244.2_29232445_4	0.000000	0.000000	4	4	0	0
DN_NC_073224.2_8422960_4	DN_NC_073244.2_29557605_4	0.000000	0.000000	4	4	0	0
DN_NC_073224.2_8422960_4	DN_NC_073244.2_29680825_4	0.000000	0.000000	4	4	0	0
DN_NC_073224.2_8422960_4	DN_NC_073244.2_29970261_4	0.000000	0.000000	4	4	0	0
DN_NC_073224.2_8422960_4	DN_NC_073244.2_30067652_4	0.000000	0.000000	4	4	0	0
DN_NC_073224.2_8422960_4	DN_NC_073244.2_30090650_6	0.000000	0.000000	4	6	0	0
DN_NC_073224.2_8422960_4	DN_NC_073244.2_30438386_2	0.000000	0.000000	4	2	0	0
DN_NC_073224.2_8422960_4	DN_NC_073244.2_64125568_5	0.000000	0.000000	4	5	0	0
DN_NC_073224.2_8422960_4	DN_NC_073244.2_64618758_7	0.000000	0.000000	4	7	0	0
DN_NC_073224.2_8422960_4	DN_NC_073244.2_64759228_5	0.000000	0.000000	4	5	0	0
DN_NC_073224.2_8422960_4	DN_NC_073244.2_65046428_2	0.000000	0.000000	4	4	0	0
DN_NC_073224.2_8422960_4	DN_NC_073244.2_65326089_4	0.000000	0.000000	4	4	0	0
DN_NC_073224.2_8422960_4	DN_NC_073244.2_65362909_5	0.000000	0.000000	4	5	0	0
DN_NC_073224.2_8422960_4	DN_NC_073244.2_65398487_4	0.000000	0.000000	4	4	0	0
DN_NC_073224.2_8422960_4	DN_NC_073246.2_15789285_3	0.000000	0.000000	4	3	0	0
DN_NC_073224.2_84334480_20	DN_NC_073244.2_16753009_21	0.000000	0.000000	20	21	0	0
DN_NC_073224.2_85416146_10	DN_NC_073224.2_85471368_7	0.000000	0.000000	10	7	0	0
DN_NC_073224.2_90855831_7	DN_NC_073237.2_127902837_7	0.000000	0.000000	7	7	0	0
DN_NC_073224.2_91906991_7	DN_NC_073229.2_49774005_9	0.000000	0.000000	6	9	0	0
DN_NC_073224.2_95093869_7	DN_NC_073224.2_95171181_7	0.571429	0.428571	7	7	4	3
DN_NC_073224.2_9521619_7	DN_NC_073235.2_71373985_7	0.000000	0.000000	7	7	0	0
DN_NC_073224.2_95638704_6	DN_NC_073224.2_95648579_7	0.166667	0.142857	6	7	1	1
DN_NC_073224.2_95894630_7	DN_NC_073224.2_95939283_8	1.000000	1.000000	7	8	7	8
DN_NC_073224.2_96681549_23	DN_NC_073238.2_38964005_23	0.000000	0.000000	23	23	0	0
DN_NC_073224.2_96681549_23	DN_NC_073244.2_53573424_23	0.826087	0.826087	23	23	19	19
DN_NC_073224.2_98617594_3	DN_NC_073229.2_52163606_6	0.000000	0.833333	3	6	0	5
DN_NC_073227.2_103831874_13	DN_NC_073231.2_79838229_13	0.000000	0.000000	13	13	0	0
DN_NC_073227.2_107202270_4	DN_NC_073230.2_92132360_3	0.000000	0.000000	4	3	0	0
DN_NC_073227.2_107202270_4	DN_NC_073232.2_99830035_5	0.000000	0.000000	4	5	0	0
DN_NC_073227.2_107202270_4	DN_NC_073235.2_112807340_11	0.000000	0.000000	4	11	0	0
DN_NC_073227.2_107202270_4	DN_NC_073235.2_71373985_7	0.000000	0.142857	4	7	0	1
DN_NC_073227.2_107202270_4	DN_NC_073240.2_21986088_4	0.000000	0.000000	4	4	0	0
DN_NC_073227.2_107202270_4	DN_NC_073244.2_43610901_6	0.000000	0.166667	4	6	0	1
DN_NC_073227.2_107737271_8	DN_NC_073232.2_103494970_2	0.000000	0.000000	8	2	0	0
DN_NC_073227.2_108696648_23	DN_NC_073227.2_108774177_23	0.000000	0.000000	23	23	0	0
DN_NC_073227.2_109806788_5	DN_NC_073235.2_83159862_3	0.200000	0.333333	5	3	1	1
DN_NC_073227.2_109806788_5	DN_NC_073238.2_124443812_2	0.000000	0.000000	5	2	0	0
DN_NC_073227.2_109806788_5	DN_NC_073238.2_125561692_4	0.000000	0.000000	5	4	0	0
DN_NC_073227.2_109806788_5	DN_NC_073239.2_87154592_2	0.000000	0.000000	5	2	0	0
DN_NC_073227.2_109806788_5	DN_NC_073243.2_94988262_4	0.000000	0.000000	5	3	0	0
DN_NC_073227.2_109806788_5	DN_NC_086017.1_185299820_2	0.200000	0.500000	5	2	1	1
DN_NC_073227.2_119617950_9	DN_NC_073227.2_119647764_9	0.888889	0.888889	9	9	8	8
DN_NC_073227.2_120192697_7	DN_NC_073234.2_45319542_4	0.000000	0.000000	6	4	0	0
DN_NC_073227.2_12039502_7	DN_NC_073236.2_24822888_6	1.000000	1.000000	7	6	7	6
DN_NC_073227.2_12088225_8	DN_NC_073236.2_22549336_8	1.000000	1.000000	8	8	8	8
DN_NC_073227.2_12088225_8	DN_NC_073236.2_23070420_5	0.625000	0.800000	8	5	5	4
DN_NC_073227.2_12088225_8	DN_NC_073236.2_24785599_8	0.875000	1.000000	8	8	7	8
DN_NC_073227.2_12088225_8	DN_NC_073236.2_30205531_7	0.125000	0.142857	8	7	1	1
DN_NC_073227.2_12088225_8	DN_NC_073238.2_23392840_7	0.125000	0.142857	8	7	1	1
DN_NC_073227.2_12088225_8	DN_NC_073238.2_25250945_5	0.625000	0.800000	8	5	5	4
DN_NC_073227.2_12088225_8	DN_NC_073246.2_11287585_8	0.875000	0.875000	8	8	7	7
DN_NC_073227.2_12088225_8	DN_NC_073248.2_45277558_8	0.875000	1.000000	8	8	7	8
DN_NC_073227.2_123234622_13	DN_NC_073242.2_37667715_4	0.230769	0.500000	13	4	3	2
DN_NC_073227.2_13097386_9	DN_NC_073232.2_134750324_9	0.000000	0.000000	9	9	0	0
DN_NC_073227.2_133828574_18	DN_NC_073232.2_41878762_20	0.000000	0.000000	18	20	0	0
DN_NC_073227.2_138626266_4	DN_NC_073242.2_7013229_2	0.000000	0.000000	4	2	0	0
DN_NC_073227.2_139561252_10	DN_NC_073230.2_64295055_2	0.000000	0.000000	10	2	0	0
DN_NC_073227.2_139561252_10	DN_NC_073230.2_64705365_4	0.000000	0.000000	10	4	0	0
DN_NC_073227.2_139561252_10	DN_NC_073233.2_55845432_8	0.000000	0.000000	10	8	0	0
DN_NC_073227.2_142943898_3	DN_NC_073227.2_143010447_5	0.000000	0.200000	3	5	0	1
DN_NC_073227.2_14699796_2	DN_NC_073227.2_14766891_2	0.000000	0.000000	2	2	0	0
DN_NC_073227.2_147946045_19	DN_NC_073238.2_45470660_18	0.000000	0.000000	19	18	0	0
DN_NC_073227.2_148229831_8	DN_NC_073238.2_39529658_9	0.500000	0.444444	8	9	4	4
DN_NC_073227.2_148229831_8	DN_NC_073240.2_41396094_2	0.000000	0.500000	8	2	0	1
DN_NC_073227.2_148253939_6	DN_NC_073227.2_166164041_5	0.666667	0.800000	6	5	4	4
DN_NC_073227.2_148253939_6	DN_NC_073230.2_53547116_11	0.833333	0.363636	6	11	5	4
DN_NC_073227.2_148253939_6	DN_NC_073230.2_64295055_2	0.000000	0.000000	6	2	0	0
DN_NC_073227.2_148253939_6	DN_NC_073230.2_64705365_4	0.000000	0.000000	6	4	0	0
DN_NC_073227.2_148253939_6	DN_NC_073233.2_55845432_8	0.000000	0.000000	6	8	0	0
DN_NC_073227.2_14847068_10	DN_NC_073232.2_144274206_9	0.000000	0.000000	10	9	0	0
DN_NC_073227.2_149041423_9	DN_NC_073228.2_138430444_12	0.000000	0.000000	9	12	0	0
DN_NC_073227.2_15519199_14	DN_NC_073227.2_15589297_3	0.071429	0.000000	14	3	1	0
DN_NC_073227.2_15519199_14	DN_NC_073228.2_151255605_14	0.000000	0.000000	14	14	0	0
DN_NC_073227.2_15519199_14	DN_NC_073232.2_144546965_14	0.000000	0.000000	14	14	0	0
DN_NC_073227.2_160095836_15	DN_NC_073238.2_55588931_20	0.000000	0.000000	15	20	0	0
DN_NC_073227.2_164298818_24	DN_NC_073247.2_141177039_25	0.000000	0.000000	24	25	0	0
DN_NC_073227.2_166164041_5	DN_NC_073230.2_64705365_4	0.000000	0.000000	5	4	0	0
DN_NC_073227.2_166164041_5	DN_NC_073233.2_55845432_8	0.000000	0.000000	5	8	0	0
DN_NC_073227.2_16860393_3	DN_NC_073227.2_21866694_4	0.000000	0.000000	3	4	0	0
DN_NC_073227.2_16860393_3	DN_NC_073236.2_92822528_4	0.333333	0.000000	3	4	1	0
DN_NC_073227.2_16860393_3	DN_NC_073238.2_63928303_2	0.000000	0.000000	3	3	0	0
DN_NC_073227.2_16860393_3	DN_NC_073243.2_101845354_5	0.333333	0.000000	3	5	1	0
DN_NC_073227.2_16860393_3	DN_NC_073245.2_28784637_3	0.333333	0.333333	3	3	1	1
DN_NC_073227.2_17184793_5	DN_NC_073238.2_24580375_8	0.400000	0.250000	5	8	2	2
DN_NC_073227.2_17445647_6	DN_NC_073231.2_11581641_7	0.666667	0.571429	6	7	4	4
DN_NC_073227.2_17445647_6	DN_NC_073233.2_75718276_6	0.500000	0.500000	6	6	3	3
DN_NC_073227.2_17445647_6	DN_NC_073242.2_8737492_8	0.666667	0.500000	6	8	4	4
DN_NC_073227.2_17445647_6	DN_NC_086017.1_136773097_2	0.333333	0.500000	6	2	2	1
DN_NC_073227.2_17445647_6	DN_NC_086017.1_141278779_5	0.333333	0.400000	6	5	2	2
DN_NC_073227.2_17445647_6	DN_NC_086017.1_85330170_7	0.666667	0.571429	6	7	4	4
DN_NC_073227.2_179688123_13	DN_NC_073227.2_179727029_10	0.076923	0.100000	13	10	1	1
DN_NC_073227.2_185890924_3	DN_NC_073227.2_185943028_3	0.000000	0.000000	3	3	0	0
DN_NC_073227.2_190603026_12	DN_NC_073247.2_60113711_15	0.000000	0.000000	12	15	0	0
DN_NC_073227.2_195911333_4	DN_NC_073239.2_87316371_2	0.000000	0.000000	4	2	0	0
DN_NC_073227.2_204398881_3	DN_NC_073229.2_194862622_5	0.000000	0.200000	3	5	0	1
DN_NC_073227.2_204398881_3	DN_NC_073238.2_33904146_3	0.000000	0.000000	3	3	0	0
DN_NC_073227.2_205610166_3	DN_NC_073236.2_112799498_6	0.000000	0.000000	3	6	0	0
DN_NC_073227.2_205644909_14	DN_NC_073227.2_205687695_12	0.071429	0.000000	14	12	1	0
DN_NC_073227.2_206378182_5	DN_NC_073227.2_206379213_12	0.200000	0.000000	5	12	1	0
DN_NC_073227.2_208386894_3	DN_NC_086017.1_148168205_5	0.333333	0.200000	3	5	1	1
DN_NC_073227.2_210893336_9	DN_NC_073235.2_33703802_2	0.000000	0.000000	9	2	0	0
DN_NC_073227.2_210893336_9	DN_NC_073235.2_34402342_7	0.000000	0.000000	9	7	0	0
DN_NC_073227.2_210893336_9	DN_NC_073236.2_26203134_8	0.555556	0.625000	9	8	5	5
DN_NC_073227.2_210893336_9	DN_NC_073238.2_24693721_8	0.666667	0.625000	9	8	6	5
DN_NC_073227.2_210893336_9	DN_NC_073239.2_44147073_8	0.555556	0.625000	9	8	5	5
DN_NC_073227.2_210893336_9	DN_NC_073239.2_44758266_8	0.888889	0.875000	9	8	8	7
DN_NC_073227.2_210893336_9	DN_NC_073245.2_42779121_5	0.666667	0.600000	9	5	6	3
DN_NC_073227.2_210893336_9	DN_NC_073246.2_2235416_3	0.000000	0.000000	9	3	0	0
DN_NC_073227.2_210893336_9	DN_NC_073248.2_10847471_7	0.666667	0.857143	9	7	6	6
DN_NC_073227.2_210893336_9	DN_NC_086018.1_1774757_3	0.000000	0.000000	9	3	0	0
DN_NC_073227.2_211080863_4	DN_NC_073227.2_8155721_4	1.000000	1.000000	4	4	4	4
DN_NC_073227.2_211080863_4	DN_NC_073230.2_168783006_4	0.750000	1.000000	4	4	3	4
DN_NC_073227.2_211080863_4	DN_NC_073231.2_150902261_3	0.750000	0.666667	4	3	3	2
DN_NC_073227.2_211080863_4	DN_NC_073232.2_146269317_5	0.750000	0.600000	4	5	3	3
DN_NC_073227.2_211080863_4	DN_NC_073232.2_8583099_4	1.000000	1.000000	4	4	4	4
DN_NC_073227.2_211080863_4	DN_NC_073236.2_140400059_5	0.750000	0.600000	4	5	3	3
DN_NC_073227.2_211080863_4	DN_NC_073237.2_118498911_4	1.000000	1.000000	4	4	4	4
DN_NC_073227.2_211080863_4	DN_NC_073239.2_124648897_4	1.000000	1.000000	4	4	4	4
DN_NC_073227.2_211080863_4	DN_NC_073240.2_103747497_4	1.000000	1.000000	4	4	4	4
DN_NC_073227.2_211080863_4	DN_NC_073241.2_110003031_5	0.750000	0.600000	4	5	3	3
DN_NC_073227.2_211080863_4	DN_NC_073242.2_121237165_4	1.000000	1.000000	4	4	4	4
DN_NC_073227.2_211080863_4	DN_NC_073244.2_70818649_5	0.750000	0.600000	4	5	3	3
DN_NC_073227.2_211080863_4	DN_NC_086017.1_211655827_5	0.750000	0.600000	4	5	3	3
DN_NC_073227.2_211080863_4	DN_NC_086017.1_9337960_4	0.750000	1.000000	4	4	3	4
DN_NC_073227.2_211100517_2	DN_NC_073236.2_140396809_2	1.000000	1.000000	2	2	2	2
DN_NC_073227.2_211100517_2	DN_NC_073237.2_118518303_5	0.000000	0.000000	2	5	0	0
DN_NC_073227.2_211100517_2	DN_NC_073239.2_124645701_2	1.000000	1.000000	2	2	2	2
DN_NC_073227.2_211418821_2	DN_NC_073228.2_161454333_5	0.000000	0.000000	2	5	0	0
DN_NC_073227.2_211418821_2	DN_NC_073232.2_139190015_27	0.000000	0.000000	2	27	0	0
DN_NC_073227.2_211418821_2	DN_NC_073243.2_49045190_4	0.000000	0.000000	2	4	0	0
DN_NC_073227.2_211418821_2	DN_NC_073245.2_35160176_6	0.000000	0.000000	2	6	0	0
DN_NC_073227.2_211418821_2	DN_NC_073247.2_105439613_2	0.000000	0.000000	2	2	0	0
DN_NC_073227.2_211418821_2	DN_NC_073248.2_10670113_2	0.000000	0.000000	2	2	0	0
DN_NC_073227.2_211418821_2	DN_NC_086017.1_35538439_12	0.000000	0.000000	2	12	0	0
DN_NC_073227.2_211898132_4	DN_NC_073240.2_103158559_3	0.500000	0.666667	4	3	2	2
DN_NC_073227.2_212285016_9	DN_NC_073231.2_151170137_9	1.000000	1.000000	9	9	9	9
DN_NC_073227.2_212285016_9	DN_NC_073235.2_15131698_9	0.888889	0.777778	9	9	8	7
DN_NC_073227.2_212285016_9	DN_NC_073247.2_167707352_7	0.888889	0.857143	9	7	8	6
DN_NC_073227.2_212285016_9	DN_NC_086018.1_48818439_9	0.777778	0.888889	9	9	7	8
DN_NC_073227.2_22580407_2	DN_NC_073230.2_124939640_5	0.000000	0.000000	2	5	0	0
DN_NC_073227.2_23212119_11	DN_NC_073228.2_177718215_8	0.000000	0.000000	11	8	0	0
DN_NC_073227.2_23893974_2	DN_NC_073230.2_89274458_2	0.000000	0.500000	2	2	0	1
DN_NC_073227.2_26000468_4	DN_NC_073227.2_49278079_9	0.000000	0.000000	4	9	0	0
DN_NC_073227.2_26000468_4	DN_NC_073230.2_159385621_3	0.000000	0.000000	4	3	0	0
DN_NC_073227.2_26000468_4	DN_NC_073230.2_92132360_3	0.000000	0.000000	4	3	0	0
DN_NC_073227.2_26000468_4	DN_NC_073231.2_107519754_4	0.000000	0.000000	4	4	0	0
DN_NC_073227.2_26000468_4	DN_NC_073233.2_23732821_4	0.000000	0.000000	4	4	0	0
DN_NC_073227.2_26000468_4	DN_NC_073234.2_126370406_2	0.000000	0.000000	4	2	0	0
DN_NC_073227.2_26000468_4	DN_NC_073235.2_71373985_7	0.000000	0.142857	4	7	0	1
DN_NC_073227.2_26000468_4	DN_NC_073239.2_123333523_2	0.000000	0.000000	4	2	0	0
DN_NC_073227.2_26000468_4	DN_NC_073244.2_43610901_6	0.000000	0.166667	4	6	0	1
DN_NC_073227.2_26000468_4	DN_NC_073247.2_115708949_2	0.000000	0.000000	4	2	0	0
DN_NC_073227.2_26000468_4	DN_NC_073247.2_147586730_5	0.000000	0.000000	4	5	0	0
DN_NC_073227.2_36265860_3	DN_NC_073230.2_56036026_15	0.000000	0.000000	3	15	0	0
DN_NC_073227.2_47476685_7	DN_NC_073240.2_67167028_2	0.857143	0.000000	7	2	6	0
DN_NC_073227.2_49278079_9	DN_NC_073230.2_92132360_3	0.000000	0.000000	9	3	0	0
DN_NC_073227.2_49278079_9	DN_NC_073234.2_126370406_2	0.000000	0.000000	9	2	0	0
DN_NC_073227.2_49278079_9	DN_NC_073235.2_71373985_7	0.000000	0.142857	9	7	0	1
DN_NC_073227.2_49278079_9	DN_NC_073239.2_123333523_2	0.000000	0.000000	9	2	0	0
DN_NC_073227.2_49278079_9	DN_NC_073244.2_43610901_6	0.000000	0.166667	9	6	0	1
DN_NC_073227.2_49278079_9	DN_NC_073247.2_115708949_2	0.000000	0.000000	9	2	0	0
DN_NC_073227.2_49278079_9	DN_NC_073247.2_147586730_5	0.000000	0.000000	9	5	0	0
DN_NC_073227.2_50003246_2	DN_NC_073239.2_89803404_14	0.500000	0.714286	2	14	1	10
DN_NC_073227.2_55859426_23	DN_NC_073230.2_92132360_3	0.000000	0.000000	23	3	0	0
DN_NC_073227.2_55859426_23	DN_NC_073235.2_71373985_7	0.000000	0.142857	23	7	0	1
DN_NC_073227.2_55859426_23	DN_NC_073244.2_43610901_6	0.000000	0.166667	23	6	0	1
DN_NC_073227.2_56356744_8	DN_NC_073240.2_81300329_3	0.000000	0.000000	8	3	0	0
DN_NC_073227.2_72845455_9	DN_NC_073227.2_72905683_18	0.111111	0.000000	9	18	1	0
DN_NC_073227.2_8155721_4	DN_NC_073230.2_168783006_4	0.750000	1.000000	4	4	3	4
DN_NC_073227.2_8155721_4	DN_NC_073231.2_150902261_3	0.750000	0.666667	4	3	3	2
DN_NC_073227.2_8155721_4	DN_NC_073232.2_146269317_5	0.750000	0.600000	4	5	3	3
DN_NC_073227.2_8155721_4	DN_NC_073232.2_8583099_4	1.000000	1.000000	4	4	4	4
DN_NC_073227.2_8155721_4	DN_NC_073236.2_140400059_5	0.750000	0.600000	4	5	3	3
DN_NC_073227.2_8155721_4	DN_NC_073237.2_118498911_4	1.000000	1.000000	4	4	4	4
DN_NC_073227.2_8155721_4	DN_NC_073239.2_124648897_4	1.000000	1.000000	4	4	4	4
DN_NC_073227.2_8155721_4	DN_NC_073240.2_103747497_4	1.000000	1.000000	4	4	4	4
DN_NC_073227.2_8155721_4	DN_NC_073241.2_110003031_5	0.750000	0.600000	4	5	3	3
DN_NC_073227.2_8155721_4	DN_NC_073242.2_121237165_4	1.000000	1.000000	4	4	4	4
DN_NC_073227.2_8155721_4	DN_NC_073244.2_70818649_5	0.750000	0.600000	4	5	3	3
DN_NC_073227.2_8155721_4	DN_NC_086017.1_211655827_5	0.750000	0.600000	4	5	3	3
DN_NC_073227.2_8155721_4	DN_NC_086017.1_9337960_4	0.750000	1.000000	4	4	3	4
DN_NC_073227.2_8633416_4	DN_NC_073227.2_8705656_4	0.750000	0.500000	4	4	3	2
DN_NC_073227.2_8633416_4	DN_NC_073230.2_73508332_4	0.000000	0.000000	4	4	0	0
DN_NC_073227.2_8633416_4	DN_NC_073230.2_74126483_4	0.000000	0.000000	4	4	0	0
DN_NC_073227.2_8633416_4	DN_NC_073241.2_36126198_2	0.000000	0.000000	4	2	0	0
DN_NC_073227.2_8633416_4	DN_NC_073244.2_27765726_4	0.000000	0.000000	4	4	0	0
DN_NC_073227.2_8633416_4	DN_NC_073244.2_27956158_2	0.000000	0.000000	4	2	0	0
DN_NC_073227.2_8633416_4	DN_NC_073244.2_28588105_4	0.000000	0.000000	4	4	0	0
DN_NC_073227.2_8633416_4	DN_NC_073244.2_29680825_2	0.000000	0.000000	4	2	0	0
DN_NC_073227.2_8633416_4	DN_NC_073244.2_29970261_4	0.000000	0.000000	4	4	0	0
DN_NC_073227.2_8633416_4	DN_NC_073244.2_64125568_5	0.000000	0.000000	4	5	0	0
DN_NC_073227.2_8633416_4	DN_NC_073244.2_64340366_4	0.000000	0.000000	4	4	0	0
DN_NC_073227.2_8633416_4	DN_NC_073244.2_64400145_5	0.000000	0.000000	4	5	0	0
DN_NC_073227.2_8633416_4	DN_NC_073244.2_64618758_7	0.000000	0.000000	4	7	0	0
DN_NC_073227.2_8633416_4	DN_NC_073244.2_64672255_4	0.000000	0.000000	4	4	0	0
DN_NC_073227.2_8633416_4	DN_NC_073244.2_64908457_4	0.000000	0.000000	4	4	0	0
DN_NC_073227.2_8633416_4	DN_NC_073244.2_65046428_4	0.000000	0.000000	4	3	0	0
DN_NC_073227.2_8633416_4	DN_NC_073244.2_65398487_4	0.000000	0.000000	4	4	0	0
DN_NC_073227.2_8633416_4	DN_NC_086017.1_41849470_3	0.000000	0.000000	4	3	0	0
DN_NC_073227.2_8633418_2	DN_NC_073227.2_8792448_3	1.000000	0.666667	2	3	2	2
DN_NC_073227.2_8633418_2	DN_NC_073227.2_8907801_4	0.000000	0.000000	2	4	0	0
DN_NC_073227.2_8633418_2	DN_NC_073227.2_9010062_2	0.000000	0.000000	2	2	0	0
DN_NC_073227.2_8633418_2	DN_NC_073230.2_64900495_2	0.000000	0.000000	2	2	0	0
DN_NC_073227.2_8633418_2	DN_NC_073230.2_73776646_4	0.000000	0.000000	2	4	0	0
DN_NC_073227.2_8633418_2	DN_NC_073230.2_73977205_4	0.000000	0.000000	2	4	0	0
DN_NC_073227.2_8633418_2	DN_NC_073230.2_74190289_5	0.000000	0.000000	2	5	0	0
DN_NC_073227.2_8633418_2	DN_NC_073230.2_74299233_4	0.000000	0.000000	2	4	0	0
DN_NC_073227.2_8633418_2	DN_NC_073230.2_74637722_4	0.000000	0.000000	2	4	0	0
DN_NC_073227.2_8633418_2	DN_NC_073233.2_9788172_5	0.000000	0.000000	2	5	0	0
DN_NC_073227.2_8633418_2	DN_NC_073242.2_37386128_4	0.000000	0.000000	2	4	0	0
DN_NC_073227.2_8633418_2	DN_NC_073242.2_66613619_4	0.000000	0.000000	2	4	0	0
DN_NC_073227.2_8633418_2	DN_NC_073244.2_26240035_4	0.000000	0.000000	2	4	0	0
DN_NC_073227.2_8633418_2	DN_NC_073244.2_26314241_4	0.000000	0.000000	2	4	0	0
DN_NC_073227.2_8633418_2	DN_NC_073244.2_26470366_4	0.000000	0.000000	2	4	0	0
DN_NC_073227.2_8633418_2	DN_NC_073244.2_26666712_5	0.000000	0.000000	2	5	0	0
DN_NC_073227.2_8633418_2	DN_NC_073244.2_26901109_4	0.000000	0.000000	2	4	0	0
DN_NC_073227.2_8633418_2	DN_NC_073244.2_27051998_4	0.000000	0.000000	2	4	0	0
DN_NC_073227.2_8633418_2	DN_NC_073244.2_27131194_2	0.000000	0.000000	2	2	0	0
DN_NC_073227.2_8633418_2	DN_NC_073244.2_27285351_4	0.000000	0.000000	2	4	0	0
DN_NC_073227.2_8633418_2	DN_NC_073244.2_27408454_4	0.000000	0.000000	2	4	0	0
DN_NC_073227.2_8633418_2	DN_NC_073244.2_27504818_5	0.000000	0.000000	2	5	0	0
DN_NC_073227.2_8633418_2	DN_NC_073244.2_27566430_5	0.000000	0.000000	2	5	0	0
DN_NC_073227.2_8633418_2	DN_NC_073244.2_27869273_3	0.000000	0.000000	2	3	0	0
DN_NC_073227.2_8633418_2	DN_NC_073244.2_28072858_4	0.000000	0.000000	2	4	0	0
DN_NC_073227.2_8633418_2	DN_NC_073244.2_28256975_5	0.000000	0.000000	2	5	0	0
DN_NC_073227.2_8633418_2	DN_NC_073244.2_28333451_4	0.000000	0.000000	2	4	0	0
DN_NC_073227.2_8633418_2	DN_NC_073244.2_28711447_2	0.000000	0.000000	2	2	0	0
DN_NC_073227.2_8633418_2	DN_NC_073244.2_28820229_4	0.000000	0.000000	2	4	0	0
DN_NC_073227.2_8633418_2	DN_NC_073244.2_29046961_4	0.000000	0.000000	2	4	0	0
DN_NC_073227.2_8633418_2	DN_NC_073244.2_29232445_4	0.000000	0.000000	2	4	0	0
DN_NC_073227.2_8633418_2	DN_NC_073244.2_29297022_4	0.000000	0.000000	2	4	0	0
DN_NC_073227.2_8633418_2	DN_NC_073244.2_29557605_4	0.000000	0.000000	2	4	0	0
DN_NC_073227.2_8633418_2	DN_NC_073244.2_30067652_4	0.000000	0.000000	2	4	0	0
DN_NC_073227.2_8633418_2	DN_NC_073244.2_30090650_6	0.000000	0.000000	2	6	0	0
DN_NC_073227.2_8633418_2	DN_NC_073244.2_30438340_4	0.000000	0.000000	2	4	0	0
DN_NC_073227.2_8633418_2	DN_NC_073244.2_64081943_4	0.000000	0.000000	2	4	0	0
DN_NC_073227.2_8633418_2	DN_NC_073244.2_65003440_7	0.000000	0.000000	2	7	0	0
DN_NC_073227.2_8633418_2	DN_NC_073246.2_15789285_3	0.000000	0.000000	2	3	0	0
DN_NC_073227.2_8705656_4	DN_NC_073227.2_9010062_2	0.000000	0.000000	4	2	0	0
DN_NC_073227.2_8705656_4	DN_NC_073230.2_64900495_2	0.000000	0.000000	4	2	0	0
DN_NC_073227.2_8705656_4	DN_NC_073230.2_73508332_4	0.000000	0.000000	4	4	0	0
DN_NC_073227.2_8705656_4	DN_NC_073230.2_73776646_4	0.000000	0.000000	4	4	0	0
DN_NC_073227.2_8705656_4	DN_NC_073230.2_73977205_4	0.000000	0.000000	4	4	0	0
DN_NC_073227.2_8705656_4	DN_NC_073230.2_74126483_4	0.000000	0.000000	4	4	0	0
DN_NC_073227.2_8705656_4	DN_NC_073230.2_74190289_5	0.000000	0.000000	4	5	0	0
DN_NC_073227.2_8705656_4	DN_NC_073230.2_74299233_4	0.000000	0.000000	4	4	0	0
DN_NC_073227.2_8705656_4	DN_NC_073230.2_74637814_2	0.000000	0.000000	4	2	0	0
DN_NC_073227.2_8705656_4	DN_NC_073233.2_9788172_5	0.000000	0.000000	4	5	0	0
DN_NC_073227.2_8705656_4	DN_NC_073241.2_36126198_2	0.000000	0.000000	4	2	0	0
DN_NC_073227.2_8705656_4	DN_NC_073242.2_66613619_4	0.000000	0.000000	4	4	0	0
DN_NC_073227.2_8705656_4	DN_NC_073244.2_26240039_2	0.000000	0.000000	4	2	0	0
DN_NC_073227.2_8705656_4	DN_NC_073244.2_26314241_4	0.000000	0.000000	4	4	0	0
DN_NC_073227.2_8705656_4	DN_NC_073244.2_26470366_4	0.000000	0.000000	4	4	0	0
DN_NC_073227.2_8705656_4	DN_NC_073244.2_26666712_5	0.000000	0.000000	4	5	0	0
DN_NC_073227.2_8705656_4	DN_NC_073244.2_26901109_4	0.000000	0.000000	4	4	0	0
DN_NC_073227.2_8705656_4	DN_NC_073244.2_27051998_4	0.000000	0.000000	4	4	0	0
DN_NC_073227.2_8705656_4	DN_NC_073244.2_27131194_2	0.000000	0.000000	4	2	0	0
DN_NC_073227.2_8705656_4	DN_NC_073244.2_27285351_4	0.000000	0.000000	4	4	0	0
DN_NC_073227.2_8705656_4	DN_NC_073244.2_27408454_4	0.000000	0.000000	4	4	0	0
DN_NC_073227.2_8705656_4	DN_NC_073244.2_27504818_5	0.000000	0.000000	4	5	0	0
DN_NC_073227.2_8705656_4	DN_NC_073244.2_27566430_5	0.000000	0.000000	4	5	0	0
DN_NC_073227.2_8705656_4	DN_NC_073244.2_27765726_4	0.000000	0.000000	4	4	0	0
DN_NC_073227.2_8705656_4	DN_NC_073244.2_27869273_3	0.000000	0.000000	4	3	0	0
DN_NC_073227.2_8705656_4	DN_NC_073244.2_27956158_2	0.000000	0.000000	4	2	0	0
DN_NC_073227.2_8705656_4	DN_NC_073244.2_28072858_4	0.000000	0.000000	4	4	0	0
DN_NC_073227.2_8705656_4	DN_NC_073244.2_28256975_5	0.000000	0.000000	4	5	0	0
DN_NC_073227.2_8705656_4	DN_NC_073244.2_28333451_4	0.000000	0.000000	4	4	0	0
DN_NC_073227.2_8705656_4	DN_NC_073244.2_28588105_4	0.000000	0.000000	4	4	0	0
DN_NC_073227.2_8705656_4	DN_NC_073244.2_28711447_2	0.000000	0.000000	4	2	0	0
DN_NC_073227.2_8705656_4	DN_NC_073244.2_29046961_4	0.000000	0.000000	4	4	0	0
DN_NC_073227.2_8705656_4	DN_NC_073244.2_29232445_4	0.000000	0.000000	4	4	0	0
DN_NC_073227.2_8705656_4	DN_NC_073244.2_29557605_4	0.000000	0.000000	4	4	0	0
DN_NC_073227.2_8705656_4	DN_NC_073244.2_29680825_2	0.000000	0.000000	4	2	0	0
DN_NC_073227.2_8705656_4	DN_NC_073244.2_29970261_4	0.000000	0.000000	4	4	0	0
DN_NC_073227.2_8705656_4	DN_NC_073244.2_30438340_4	0.000000	0.000000	4	4	0	0
DN_NC_073227.2_8705656_4	DN_NC_073244.2_64125568_5	0.000000	0.000000	4	5	0	0
DN_NC_073227.2_8705656_4	DN_NC_073244.2_64265252_5	0.000000	0.000000	4	5	0	0
DN_NC_073227.2_8705656_4	DN_NC_073244.2_64340366_4	0.000000	0.000000	4	4	0	0
DN_NC_073227.2_8705656_4	DN_NC_073244.2_64724127_4	0.000000	0.000000	4	4	0	0
DN_NC_073227.2_8705656_4	DN_NC_073244.2_65293743_4	0.000000	0.000000	4	4	0	0
DN_NC_073227.2_8705656_4	DN_NC_073246.2_15789320_2	0.000000	0.000000	4	2	0	0
DN_NC_073227.2_8792448_3	DN_NC_073230.2_74637814_2	0.000000	0.000000	3	2	0	0
DN_NC_073227.2_8792448_3	DN_NC_073244.2_27566430_5	0.000000	0.000000	3	5	0	0
DN_NC_073227.2_8792448_3	DN_NC_073244.2_27765726_4	0.000000	0.000000	3	4	0	0
DN_NC_073227.2_8792448_3	DN_NC_073244.2_27869273_3	0.000000	0.000000	3	3	0	0
DN_NC_073227.2_8792448_3	DN_NC_073244.2_27956158_2	0.000000	0.000000	3	2	0	0
DN_NC_073227.2_8792448_3	DN_NC_073244.2_29232445_4	0.000000	0.000000	3	4	0	0
DN_NC_073227.2_8792448_3	DN_NC_073244.2_29557605_4	0.000000	0.000000	3	4	0	0
DN_NC_073227.2_8792448_3	DN_NC_073244.2_29970261_4	0.000000	0.000000	3	4	0	0
DN_NC_073227.2_8907801_4	DN_NC_073227.2_9010062_2	0.000000	0.000000	4	2	0	0
DN_NC_073227.2_8907801_4	DN_NC_073230.2_73508332_4	0.000000	0.000000	4	4	0	0
DN_NC_073227.2_8907801_4	DN_NC_073230.2_73776646_4	0.000000	0.000000	4	4	0	0
DN_NC_073227.2_8907801_4	DN_NC_073230.2_73977205_4	0.000000	0.000000	4	4	0	0
DN_NC_073227.2_8907801_4	DN_NC_073230.2_74126483_4	0.000000	0.000000	4	4	0	0
DN_NC_073227.2_8907801_4	DN_NC_073230.2_74190289_5	0.000000	0.000000	4	5	0	0
DN_NC_073227.2_8907801_4	DN_NC_073230.2_74299233_4	0.000000	0.000000	4	4	0	0
DN_NC_073227.2_8907801_4	DN_NC_073230.2_74637722_4	0.000000	0.000000	4	4	0	0
DN_NC_073227.2_8907801_4	DN_NC_073242.2_66613619_4	0.000000	0.000000	4	4	0	0
DN_NC_073227.2_8907801_4	DN_NC_073244.2_26240039_2	0.000000	0.000000	4	2	0	0
DN_NC_073227.2_8907801_4	DN_NC_073244.2_26314241_4	0.000000	0.000000	4	4	0	0
DN_NC_073227.2_8907801_4	DN_NC_073244.2_26470366_4	0.000000	0.000000	4	4	0	0
DN_NC_073227.2_8907801_4	DN_NC_073244.2_26666712_5	0.000000	0.000000	4	5	0	0
DN_NC_073227.2_8907801_4	DN_NC_073244.2_26901109_4	0.000000	0.000000	4	4	0	0
DN_NC_073227.2_8907801_4	DN_NC_073244.2_27051998_4	0.000000	0.000000	4	4	0	0
DN_NC_073227.2_8907801_4	DN_NC_073244.2_27131194_2	0.000000	0.000000	4	2	0	0
DN_NC_073227.2_8907801_4	DN_NC_073244.2_27285351_4	0.000000	0.000000	4	4	0	0
DN_NC_073227.2_8907801_4	DN_NC_073244.2_27408454_4	0.000000	0.000000	4	4	0	0
DN_NC_073227.2_8907801_4	DN_NC_073244.2_27504818_5	0.000000	0.000000	4	5	0	0
DN_NC_073227.2_8907801_4	DN_NC_073244.2_27626411_5	0.000000	0.000000	4	5	0	0
DN_NC_073227.2_8907801_4	DN_NC_073244.2_27765726_4	0.000000	0.000000	4	4	0	0
DN_NC_073227.2_8907801_4	DN_NC_073244.2_27869273_3	0.000000	0.000000	4	3	0	0
DN_NC_073227.2_8907801_4	DN_NC_073244.2_27956158_2	0.000000	0.000000	4	2	0	0
DN_NC_073227.2_8907801_4	DN_NC_073244.2_28072858_4	0.000000	0.000000	4	4	0	0
DN_NC_073227.2_8907801_4	DN_NC_073244.2_28256975_5	0.000000	0.000000	4	5	0	0
DN_NC_073227.2_8907801_4	DN_NC_073244.2_28333451_4	0.000000	0.000000	4	4	0	0
DN_NC_073227.2_8907801_4	DN_NC_073244.2_28588105_4	0.000000	0.000000	4	4	0	0
DN_NC_073227.2_8907801_4	DN_NC_073244.2_28711447_2	0.000000	0.000000	4	2	0	0
DN_NC_073227.2_8907801_4	DN_NC_073244.2_28820229_4	0.000000	0.000000	4	4	0	0
DN_NC_073227.2_8907801_4	DN_NC_073244.2_29046961_4	0.000000	0.000000	4	4	0	0
DN_NC_073227.2_8907801_4	DN_NC_073244.2_29232445_4	0.000000	0.000000	4	4	0	0
DN_NC_073227.2_8907801_4	DN_NC_073244.2_29557605_4	0.000000	0.000000	4	4	0	0
DN_NC_073227.2_8907801_4	DN_NC_073244.2_29680825_2	0.000000	0.000000	4	2	0	0
DN_NC_073227.2_8907801_4	DN_NC_073244.2_29970261_4	0.000000	0.000000	4	4	0	0
DN_NC_073227.2_8907801_4	DN_NC_073244.2_30067652_4	0.000000	0.000000	4	4	0	0
DN_NC_073227.2_8907801_4	DN_NC_073244.2_30090650_6	0.000000	0.000000	4	6	0	0
DN_NC_073227.2_8907801_4	DN_NC_073244.2_30438340_4	0.000000	0.000000	4	4	0	0
DN_NC_073227.2_8907801_4	DN_NC_073244.2_64340366_4	0.000000	0.000000	4	4	0	0
DN_NC_073227.2_8907801_4	DN_NC_073244.2_64400145_5	0.000000	0.000000	4	5	0	0
DN_NC_073227.2_8907801_4	DN_NC_073244.2_64426370_6	0.000000	0.000000	4	6	0	0
DN_NC_073227.2_8907801_4	DN_NC_073244.2_64585864_4	0.000000	0.000000	4	4	0	0
DN_NC_073227.2_8907801_4	DN_NC_073244.2_65046428_2	0.000000	0.000000	4	4	0	0
DN_NC_073227.2_8907801_4	DN_NC_073244.2_65266359_4	0.000000	0.000000	4	4	0	0
DN_NC_073227.2_9009655_3	DN_NC_073244.2_26666712_5	0.000000	0.000000	3	5	0	0
DN_NC_073227.2_9009655_3	DN_NC_073244.2_29297022_4	0.000000	0.000000	3	4	0	0
DN_NC_073227.2_9009655_3	DN_NC_073244.2_29557605_4	0.000000	0.000000	3	4	0	0
DN_NC_073227.2_9009655_3	DN_NC_073244.2_64125568_5	0.000000	0.000000	3	5	0	0
DN_NC_073227.2_9009655_3	DN_NC_073244.2_64368633_7	0.000000	0.000000	3	7	0	0
DN_NC_073227.2_9009655_3	DN_NC_073244.2_64500861_5	0.000000	0.000000	3	5	0	0
DN_NC_073227.2_9009655_3	DN_NC_073244.2_64836827_4	0.000000	0.000000	3	4	0	0
DN_NC_073227.2_9009655_3	DN_NC_073244.2_65003440_7	0.000000	0.000000	3	7	0	0
DN_NC_073227.2_9009655_3	DN_NC_073244.2_65046428_4	0.000000	0.000000	3	3	0	0
DN_NC_073227.2_9009655_3	DN_NC_073244.2_65293743_4	0.000000	0.000000	3	4	0	0
DN_NC_073227.2_9009655_3	DN_NC_073246.2_15789285_3	0.000000	0.000000	3	3	0	0
DN_NC_073227.2_9009888_2	DN_NC_073230.2_73977205_4	0.000000	0.000000	2	4	0	0
DN_NC_073227.2_9009888_2	DN_NC_073230.2_74190289_5	0.000000	0.000000	2	5	0	0
DN_NC_073227.2_9009888_2	DN_NC_073242.2_37386128_4	0.000000	0.000000	2	4	0	0
DN_NC_073227.2_9009888_2	DN_NC_073242.2_66613619_4	0.000000	0.000000	2	4	0	0
DN_NC_073227.2_9009888_2	DN_NC_073244.2_26470366_4	0.000000	0.000000	2	4	0	0
DN_NC_073227.2_9009888_2	DN_NC_073244.2_27131194_2	0.000000	0.000000	2	2	0	0
DN_NC_073227.2_9009888_2	DN_NC_073244.2_27408454_4	0.000000	0.000000	2	4	0	0
DN_NC_073227.2_9009888_2	DN_NC_073244.2_28711447_2	0.000000	0.000000	2	2	0	0
DN_NC_073227.2_9009888_2	DN_NC_073244.2_29970261_4	0.000000	0.000000	2	4	0	0
DN_NC_073227.2_9009888_2	DN_NC_073244.2_30438340_4	0.000000	0.000000	2	4	0	0
DN_NC_073227.2_9010062_2	DN_NC_073230.2_73508332_4	0.000000	0.000000	2	4	0	0
DN_NC_073227.2_9010062_2	DN_NC_073230.2_73776646_4	0.000000	0.000000	2	4	0	0
DN_NC_073227.2_9010062_2	DN_NC_073230.2_74126483_4	0.000000	0.000000	2	4	0	0
DN_NC_073227.2_9010062_2	DN_NC_073230.2_74299233_4	0.000000	0.000000	2	4	0	0
DN_NC_073227.2_9010062_2	DN_NC_073230.2_74637814_2	0.000000	0.000000	2	2	0	0
DN_NC_073227.2_9010062_2	DN_NC_073233.2_9788172_5	0.000000	0.000000	2	5	0	0
DN_NC_073227.2_9010062_2	DN_NC_073241.2_36126183_3	0.000000	0.000000	2	3	0	0
DN_NC_073227.2_9010062_2	DN_NC_073244.2_26240035_4	0.000000	0.000000	2	4	0	0
DN_NC_073227.2_9010062_2	DN_NC_073244.2_26314241_4	0.000000	0.000000	2	4	0	0
DN_NC_073227.2_9010062_2	DN_NC_073244.2_26901109_4	0.000000	0.000000	2	4	0	0
DN_NC_073227.2_9010062_2	DN_NC_073244.2_27051998_4	0.000000	0.000000	2	4	0	0
DN_NC_073227.2_9010062_2	DN_NC_073244.2_27285351_4	0.000000	0.000000	2	4	0	0
DN_NC_073227.2_9010062_2	DN_NC_073244.2_27504818_5	0.000000	0.000000	2	5	0	0
DN_NC_073227.2_9010062_2	DN_NC_073244.2_27566430_5	0.000000	0.000000	2	5	0	0
DN_NC_073227.2_9010062_2	DN_NC_073244.2_27765726_4	0.000000	0.000000	2	4	0	0
DN_NC_073227.2_9010062_2	DN_NC_073244.2_27869273_3	0.000000	0.000000	2	3	0	0
DN_NC_073227.2_9010062_2	DN_NC_073244.2_27956158_4	0.000000	0.000000	2	4	0	0
DN_NC_073227.2_9010062_2	DN_NC_073244.2_28072858_4	0.000000	0.000000	2	4	0	0
DN_NC_073227.2_9010062_2	DN_NC_073244.2_28256975_5	0.000000	0.000000	2	5	0	0
DN_NC_073227.2_9010062_2	DN_NC_073244.2_28333451_4	0.000000	0.000000	2	4	0	0
DN_NC_073227.2_9010062_2	DN_NC_073244.2_28820229_4	0.000000	0.000000	2	4	0	0
DN_NC_073227.2_9010062_2	DN_NC_073244.2_29046961_4	0.000000	0.000000	2	4	0	0
DN_NC_073227.2_9010062_2	DN_NC_073244.2_29232445_4	0.000000	0.000000	2	4	0	0
DN_NC_073227.2_9010062_2	DN_NC_073244.2_29680825_2	0.000000	0.000000	2	2	0	0
DN_NC_073227.2_9010062_2	DN_NC_073244.2_30067652_4	0.000000	0.000000	2	4	0	0
DN_NC_073227.2_9010062_2	DN_NC_073244.2_30090650_6	0.000000	0.000000	2	6	0	0
DN_NC_073227.2_9010062_2	DN_NC_073244.2_64759228_5	0.000000	0.000000	2	5	0	0
DN_NC_073227.2_9010062_2	DN_NC_073244.2_64797239_5	0.000000	0.000000	2	5	0	0
DN_NC_073227.2_9010062_2	DN_NC_073244.2_65266359_4	0.000000	0.000000	2	4	0	0
DN_NC_073227.2_9010062_2	DN_NC_073244.2_65398487_4	0.000000	0.000000	2	4	0	0
DN_NC_073227.2_9231816_7	DN_NC_073227.2_9238554_4	0.142857	0.000000	7	4	1	0
DN_NC_073227.2_93560991_18	DN_NC_073240.2_34703303_6	0.000000	0.000000	18	6	0	0
DN_NC_073227.2_94411155_8	DN_NC_073236.2_65566893_8	0.000000	0.000000	8	8	0	0
DN_NC_073227.2_94499432_2	DN_NC_073236.2_115828789_3	0.500000	0.333333	2	3	1	1
DN_NC_073227.2_94499432_2	DN_NC_073237.2_89465596_2	0.500000	0.500000	2	2	1	1
DN_NC_073227.2_94499432_2	DN_NC_073240.2_44461085_2	0.500000	0.500000	2	2	1	1
DN_NC_073227.2_96191422_22	DN_NC_073231.2_30601556_2	0.954545	0.500000	22	2	21	1
DN_NC_073227.2_97044821_2	DN_NC_073233.2_6765652_2	0.000000	0.000000	2	2	0	0
DN_NC_073227.2_97044821_2	DN_NC_073233.2_6771931_2	0.000000	0.500000	2	2	0	1
DN_NC_073227.2_9789563_10	DN_NC_073232.2_137259733_11	0.000000	0.000000	10	11	0	0
DN_NC_073227.2_99578163_2	DN_NC_073247.2_165620510_8	0.000000	0.000000	2	8	0	0
DN_NC_073228.2_103031498_31	DN_NC_073240.2_94115085_33	0.000000	0.000000	31	33	0	0
DN_NC_073228.2_10434405_6	DN_NC_073230.2_12962256_6	0.666667	0.666667	6	6	4	4
DN_NC_073228.2_10434405_6	DN_NC_073232.2_101260375_9	0.000000	0.000000	6	9	0	0
DN_NC_073228.2_113136254_10	DN_NC_073247.2_80936309_3	0.000000	0.000000	10	3	0	0
DN_NC_073228.2_115483850_5	DN_NC_073228.2_115545008_4	0.200000	0.250000	5	4	1	1
DN_NC_073228.2_11820810_12	DN_NC_073243.2_22718660_11	0.000000	0.000000	12	11	0	0
DN_NC_073228.2_13195036_13	DN_NC_086018.1_35282535_13	0.000000	0.000000	13	13	0	0
DN_NC_073228.2_13540554_8	DN_NC_073243.2_27192824_11	0.000000	0.000000	8	11	0	0
DN_NC_073228.2_136205303_10	DN_NC_073228.2_136280772_10	0.300000	0.300000	10	10	3	3
DN_NC_073228.2_138094944_7	DN_NC_073231.2_35021307_7	0.000000	0.000000	7	7	0	0
DN_NC_073228.2_138307166_3	DN_NC_073239.2_90471291_2	0.000000	0.000000	3	2	0	0
DN_NC_073228.2_141706476_5	DN_NC_073235.2_50441116_14	0.000000	0.000000	5	14	0	0
DN_NC_073228.2_141706476_5	DN_NC_073238.2_33197456_2	0.000000	0.000000	5	2	0	0
DN_NC_073228.2_141706476_5	DN_NC_073242.2_7013229_2	0.000000	0.000000	5	2	0	0
DN_NC_073228.2_142333279_8	DN_NC_073236.2_53486662_7	0.000000	0.000000	8	7	0	0
DN_NC_073228.2_144488767_12	DN_NC_073228.2_144494736_3	0.000000	0.333333	12	3	0	1
DN_NC_073228.2_144514226_7	DN_NC_073228.2_144520267_4	0.000000	0.250000	7	4	0	1
DN_NC_073228.2_144514226_7	DN_NC_073234.2_45319542_4	0.000000	0.000000	7	4	0	0
DN_NC_073228.2_144523376_13	DN_NC_073228.2_144540580_13	0.076923	0.076923	13	13	1	1
DN_NC_073228.2_144930567_2	DN_NC_073228.2_144957130_2	0.000000	0.000000	2	2	0	0
DN_NC_073228.2_144930567_2	DN_NC_073228.2_144970572_2	0.000000	0.000000	2	2	0	0
DN_NC_073228.2_144930567_2	DN_NC_073228.2_145022553_2	0.000000	0.000000	2	2	0	0
DN_NC_073228.2_144930638_2	DN_NC_073228.2_145079893_2	0.000000	0.000000	2	2	0	0
DN_NC_073228.2_144957130_2	DN_NC_073228.2_144970572_2	0.000000	0.000000	2	2	0	0
DN_NC_073228.2_144957130_2	DN_NC_073228.2_145022553_2	0.000000	0.000000	2	2	0	0
DN_NC_073228.2_144957130_2	DN_NC_073228.2_145079904_2	0.000000	0.000000	2	2	0	0
DN_NC_073228.2_144970572_2	DN_NC_073228.2_145022553_2	0.000000	0.000000	2	2	0	0
DN_NC_073228.2_144970572_2	DN_NC_073228.2_145079904_2	0.000000	0.000000	2	2	0	0
DN_NC_073228.2_145022553_2	DN_NC_073228.2_145079904_2	0.000000	0.000000	2	2	0	0
DN_NC_073228.2_145157318_2	DN_NC_073228.2_145186024_2	0.000000	0.000000	2	2	0	0
DN_NC_073228.2_151255605_14	DN_NC_073231.2_30794526_14	0.000000	0.000000	14	14	0	0
DN_NC_073228.2_154339565_7	DN_NC_073232.2_41941662_15	0.000000	0.000000	7	15	0	0
DN_NC_073228.2_154747841_5	DN_NC_073228.2_182334642_5	0.000000	0.000000	5	5	0	0
DN_NC_073228.2_154747841_5	DN_NC_073232.2_71973207_3	0.000000	0.000000	5	3	0	0
DN_NC_073228.2_154747841_5	DN_NC_073234.2_148420424_5	0.000000	0.000000	5	5	0	0
DN_NC_073228.2_154747841_5	DN_NC_073234.2_148682020_7	0.000000	0.000000	5	7	0	0
DN_NC_073228.2_154747841_5	DN_NC_073237.2_109230975_4	0.000000	0.000000	5	4	0	0
DN_NC_073228.2_154747841_5	DN_NC_073237.2_23553596_5	0.000000	0.000000	5	5	0	0
DN_NC_073228.2_154747841_5	DN_NC_073237.2_93275727_4	0.000000	0.000000	5	4	0	0
DN_NC_073228.2_154747841_5	DN_NC_073244.2_47878793_6	0.000000	0.000000	5	6	0	0
DN_NC_073228.2_154747841_5	DN_NC_073244.2_48319142_5	0.000000	0.000000	5	5	0	0
DN_NC_073228.2_154747841_5	DN_NC_073244.2_48352926_4	0.000000	0.000000	5	4	0	0
DN_NC_073228.2_154747841_5	DN_NC_073244.2_48620420_5	0.000000	0.000000	5	5	0	0
DN_NC_073228.2_154747841_5	DN_NC_073244.2_48919547_6	0.000000	0.000000	5	6	0	0
DN_NC_073228.2_154747841_5	DN_NC_073244.2_63542066_5	0.000000	0.000000	5	5	0	0
DN_NC_073228.2_154747841_5	DN_NC_073244.2_63882905_5	0.000000	0.000000	5	5	0	0
DN_NC_073228.2_154747841_5	DN_NC_073244.2_63934684_6	0.000000	0.000000	5	6	0	0
DN_NC_073228.2_154747841_5	DN_NC_073244.2_63961971_6	0.000000	0.000000	5	6	0	0
DN_NC_073228.2_154747841_5	DN_NC_073244.2_70077616_7	0.000000	0.000000	5	7	0	0
DN_NC_073228.2_154747841_5	DN_NC_073247.2_56848572_6	0.000000	0.000000	5	6	0	0
DN_NC_073228.2_154747841_5	DN_NC_073247.2_56899135_7	0.000000	0.000000	5	7	0	0
DN_NC_073228.2_154747841_5	DN_NC_073247.2_57761829_5	0.000000	0.000000	5	5	0	0
DN_NC_073228.2_154747841_5	DN_NC_073247.2_58372296_6	0.000000	0.000000	5	5	0	0
DN_NC_073228.2_154747841_5	DN_NC_086017.1_85766278_5	0.000000	0.000000	5	5	0	0
DN_NC_073228.2_154780892_3	DN_NC_073244.2_48030811_4	0.000000	0.000000	3	4	0	0
DN_NC_073228.2_15481792_19	DN_NC_073235.2_144819821_8	0.000000	0.000000	19	8	0	0
DN_NC_073228.2_15481792_19	DN_NC_073242.2_3677891_18	0.000000	0.000000	19	17	0	0
DN_NC_073228.2_155613898_3	DN_NC_073240.2_70293854_4	0.000000	0.750000	3	4	0	3
DN_NC_073228.2_156235200_4	DN_NC_073235.2_134247998_3	0.000000	0.000000	4	3	0	0
DN_NC_073228.2_157310163_16	DN_NC_073233.2_113496230_16	0.000000	0.000000	16	16	0	0
DN_NC_073228.2_161096696_31	DN_NC_073240.2_23877041_31	0.000000	0.000000	31	31	0	0
DN_NC_073228.2_161454333_5	DN_NC_073234.2_17584207_9	0.000000	0.111111	5	9	0	1
DN_NC_073228.2_161454333_5	DN_NC_073247.2_105439613_2	0.000000	0.000000	5	2	0	0
DN_NC_073228.2_16703728_6	DN_NC_073228.2_16706128_5	0.166667	0.000000	6	5	1	0
DN_NC_073228.2_16713346_17	DN_NC_086018.1_35611817_17	0.000000	0.000000	17	17	0	0
DN_NC_073228.2_174193084_4	DN_NC_086017.1_50362387_6	0.000000	0.000000	4	6	0	0
DN_NC_073228.2_174681363_28	DN_NC_073231.2_26115616_28	0.000000	0.000000	28	28	0	0
DN_NC_073228.2_175667319_12	DN_NC_073232.2_113619502_15	0.000000	0.000000	12	15	0	0
DN_NC_073228.2_176576489_4	DN_NC_073231.2_33560018_4	0.000000	0.000000	4	4	0	0
DN_NC_073228.2_177718215_8	DN_NC_073232.2_104390833_9	0.000000	0.000000	8	9	0	0
DN_NC_073228.2_179795915_6	DN_NC_073228.2_182778476_6	1.000000	0.833333	6	6	6	5
DN_NC_073228.2_179980536_5	DN_NC_073230.2_113873404_2	0.000000	0.000000	5	2	0	0
DN_NC_073228.2_179980536_5	DN_NC_073234.2_87500533_19	0.000000	0.000000	5	19	0	0
DN_NC_073228.2_179980536_5	DN_NC_073235.2_41950647_3	0.000000	0.000000	5	3	0	0
DN_NC_073228.2_179980536_5	DN_NC_073237.2_91001440_7	0.000000	0.000000	5	7	0	0
DN_NC_073228.2_179980536_5	DN_NC_073239.2_28798849_2	0.000000	0.000000	5	2	0	0
DN_NC_073228.2_179980536_5	DN_NC_086017.1_125108432_2	0.200000	0.000000	5	2	1	0
DN_NC_073228.2_180865938_18	DN_NC_073231.2_83007056_9	0.000000	0.000000	18	9	0	0
DN_NC_073228.2_181756447_11	DN_NC_073228.2_181772207_4	0.181818	0.250000	11	4	2	1
DN_NC_073228.2_182227322_13	DN_NC_073235.2_103471173_13	0.000000	0.000000	13	13	0	0
DN_NC_073228.2_182334642_5	DN_NC_073228.2_182827930_5	0.800000	0.600000	5	5	4	3
DN_NC_073228.2_182334642_5	DN_NC_073228.2_83513581_6	0.000000	0.000000	5	6	0	0
DN_NC_073228.2_182334642_5	DN_NC_073228.2_83600319_6	0.000000	0.000000	5	6	0	0
DN_NC_073228.2_182334642_5	DN_NC_073232.2_72820474_5	0.000000	0.000000	5	5	0	0
DN_NC_073228.2_182334642_5	DN_NC_073232.2_80964961_8	0.000000	0.000000	5	8	0	0
DN_NC_073228.2_182334642_5	DN_NC_073232.2_81033881_5	0.000000	0.000000	5	5	0	0
DN_NC_073228.2_182334642_5	DN_NC_073234.2_148537990_5	0.000000	0.000000	5	5	0	0
DN_NC_073228.2_182334642_5	DN_NC_073237.2_109279481_4	0.000000	0.000000	5	4	0	0
DN_NC_073228.2_182334642_5	DN_NC_073237.2_23553596_5	0.000000	0.000000	5	5	0	0
DN_NC_073228.2_182334642_5	DN_NC_073244.2_47706460_3	0.000000	0.000000	5	3	0	0
DN_NC_073228.2_182334642_5	DN_NC_073244.2_48093173_7	0.000000	0.000000	5	7	0	0
DN_NC_073228.2_182334642_5	DN_NC_073244.2_48319142_5	0.000000	0.000000	5	5	0	0
DN_NC_073228.2_182334642_5	DN_NC_073244.2_48352926_4	0.000000	0.000000	5	4	0	0
DN_NC_073228.2_182334642_5	DN_NC_073244.2_48660338_4	0.000000	0.000000	5	4	0	0
DN_NC_073228.2_182334642_5	DN_NC_073244.2_48919547_6	0.000000	0.000000	5	6	0	0
DN_NC_073228.2_182334642_5	DN_NC_073244.2_63542066_5	0.000000	0.000000	5	5	0	0
DN_NC_073228.2_182334642_5	DN_NC_073244.2_70077616_7	0.000000	0.000000	5	7	0	0
DN_NC_073228.2_182334642_5	DN_NC_073247.2_57840463_5	0.000000	0.000000	5	5	0	0
DN_NC_073228.2_182334642_5	DN_NC_086017.1_54629198_3	0.000000	0.000000	5	3	0	0
DN_NC_073228.2_182473921_9	DN_NC_073228.2_182638384_11	0.777778	0.636364	9	11	7	7
DN_NC_073228.2_182473921_9	DN_NC_073241.2_37141428_27	0.000000	0.000000	9	27	0	0
DN_NC_073228.2_182513643_26	DN_NC_073228.2_182587557_24	0.923077	1.000000	26	25	24	25
DN_NC_073228.2_182827930_5	DN_NC_073228.2_83513581_6	0.000000	0.000000	5	6	0	0
DN_NC_073228.2_182827930_5	DN_NC_073232.2_72820474_5	0.000000	0.000000	5	5	0	0
DN_NC_073228.2_182827930_5	DN_NC_073232.2_81033881_5	0.000000	0.000000	5	5	0	0
DN_NC_073228.2_182827930_5	DN_NC_073237.2_109230975_4	0.000000	0.000000	5	4	0	0
DN_NC_073228.2_182827930_5	DN_NC_073237.2_109279481_4	0.000000	0.000000	5	4	0	0
DN_NC_073228.2_182827930_5	DN_NC_073244.2_47706466_2	0.000000	0.000000	5	2	0	0
DN_NC_073228.2_182827930_5	DN_NC_073244.2_48093173_7	0.000000	0.000000	5	7	0	0
DN_NC_073228.2_182827930_5	DN_NC_073244.2_48319142_5	0.000000	0.000000	5	5	0	0
DN_NC_073228.2_182827930_5	DN_NC_073244.2_48352926_4	0.000000	0.000000	5	4	0	0
DN_NC_073228.2_182827930_5	DN_NC_073244.2_48620420_5	0.000000	0.000000	5	5	0	0
DN_NC_073228.2_182827930_5	DN_NC_086017.1_85766278_5	0.000000	0.000000	5	5	0	0
DN_NC_073228.2_182864372_4	DN_NC_073228.2_182994030_5	0.000000	0.000000	4	5	0	0
DN_NC_073228.2_182864372_4	DN_NC_073229.2_44967262_5	0.000000	0.000000	4	5	0	0
DN_NC_073228.2_182864372_4	DN_NC_073229.2_45005781_3	0.000000	0.000000	4	3	0	0
DN_NC_073228.2_182864372_4	DN_NC_073232.2_71834982_5	0.000000	0.000000	4	5	0	0
DN_NC_073228.2_182864372_4	DN_NC_073236.2_32302189_6	0.000000	0.000000	4	6	0	0
DN_NC_073228.2_182864372_4	DN_NC_073242.2_97765438_4	0.000000	0.000000	4	4	0	0
DN_NC_073228.2_182864372_4	DN_NC_073244.2_8594978_5	0.000000	0.000000	4	5	0	0
DN_NC_073228.2_182864372_4	DN_NC_086017.1_50431420_5	0.000000	0.000000	4	5	0	0
DN_NC_073228.2_182864372_4	DN_NC_086017.1_54583506_2	0.000000	0.000000	4	2	0	0
DN_NC_073228.2_182909765_5	DN_NC_073229.2_45067329_6	0.000000	0.000000	5	6	0	0
DN_NC_073228.2_182909765_5	DN_NC_073237.2_30220066_5	0.000000	0.000000	5	5	0	0
DN_NC_073228.2_182909765_5	DN_NC_073243.2_20204464_2	0.000000	0.000000	5	2	0	0
DN_NC_073228.2_182909765_5	DN_NC_073244.2_15453865_9	0.000000	0.000000	5	9	0	0
DN_NC_073228.2_182909765_5	DN_NC_073244.2_15508499_10	0.000000	0.000000	5	10	0	0
DN_NC_073228.2_182909765_5	DN_NC_073244.2_45985550_6	0.000000	0.000000	5	6	0	0
DN_NC_073228.2_182909765_5	DN_NC_073244.2_47997304_5	0.000000	0.000000	5	5	0	0
DN_NC_073228.2_182909765_5	DN_NC_073244.2_48066692_6	0.000000	0.000000	5	6	0	0
DN_NC_073228.2_182909765_5	DN_NC_073244.2_48384768_7	0.000000	0.000000	5	7	0	0
DN_NC_073228.2_182909765_5	DN_NC_073244.2_48980018_5	0.000000	0.000000	5	5	0	0
DN_NC_073228.2_182909765_5	DN_NC_073244.2_49176797_4	0.000000	0.000000	5	4	0	0
DN_NC_073228.2_182909765_5	DN_NC_073244.2_49246931_6	0.000000	0.000000	5	6	0	0
DN_NC_073228.2_182909765_5	DN_NC_073244.2_51749194_6	0.000000	0.000000	5	6	0	0
DN_NC_073228.2_182909765_5	DN_NC_073244.2_51825388_5	0.000000	0.000000	5	5	0	0
DN_NC_073228.2_182909765_5	DN_NC_073244.2_65102393_4	0.000000	0.000000	5	4	0	0
DN_NC_073228.2_182909765_5	DN_NC_073244.2_65470296_6	0.000000	0.000000	5	6	0	0
DN_NC_073228.2_182909765_5	DN_NC_073244.2_68491976_5	0.000000	0.000000	5	5	0	0
DN_NC_073228.2_182994030_5	DN_NC_073229.2_44967262_5	0.000000	0.000000	5	5	0	0
DN_NC_073228.2_182994030_5	DN_NC_073232.2_71834982_5	0.000000	0.000000	5	5	0	0
DN_NC_073228.2_182994030_5	DN_NC_073236.2_32278873_5	0.000000	0.000000	5	5	0	0
DN_NC_073228.2_182994030_5	DN_NC_073236.2_32302189_6	0.000000	0.000000	5	6	0	0
DN_NC_073228.2_182994030_5	DN_NC_073244.2_20723155_12	0.000000	0.000000	5	12	0	0
DN_NC_073228.2_182994030_5	DN_NC_073244.2_45796040_6	0.000000	0.000000	5	6	0	0
DN_NC_073228.2_182994030_5	DN_NC_073244.2_8594978_5	0.000000	0.000000	5	5	0	0
DN_NC_073228.2_183595646_14	DN_NC_073232.2_72046295_2	0.000000	0.000000	14	2	0	0
DN_NC_073228.2_183595646_14	DN_NC_073247.2_113184615_2	0.785714	0.500000	14	2	11	1
DN_NC_073228.2_183658467_2	DN_NC_073247.2_162650382_5	0.500000	0.400000	2	5	1	2
DN_NC_073228.2_183798210_8	DN_NC_073228.2_183812935_7	0.000000	0.142857	8	7	0	1
DN_NC_073228.2_184836165_2	DN_NC_086017.1_54487757_3	0.000000	0.000000	2	3	0	0
DN_NC_073228.2_184836166_2	DN_NC_073240.2_85898394_3	0.000000	0.000000	2	3	0	0
DN_NC_073228.2_184836166_2	DN_NC_073242.2_119807836_6	0.000000	0.000000	2	6	0	0
DN_NC_073228.2_184836166_2	DN_NC_073243.2_20324218_2	0.000000	0.000000	2	2	0	0
DN_NC_073228.2_184836166_2	DN_NC_073244.2_15324693_6	0.000000	0.000000	2	6	0	0
DN_NC_073228.2_184836166_2	DN_NC_086017.1_54457640_6	0.000000	0.000000	2	6	0	0
DN_NC_073228.2_184836166_2	DN_NC_086017.1_54527845_6	0.000000	0.000000	2	6	0	0
DN_NC_073228.2_185199640_2	DN_NC_073242.2_106088342_11	0.000000	0.000000	2	11	0	0
DN_NC_073228.2_185199640_2	DN_NC_073243.2_49037226_3	0.000000	0.000000	2	3	0	0
DN_NC_073228.2_18740149_2	DN_NC_073228.2_18761647_14	0.500000	0.071429	2	14	1	1
DN_NC_073228.2_18779384_3	DN_NC_073228.2_18798859_2	0.666667	0.000000	3	2	2	0
DN_NC_073228.2_22763468_38	DN_NC_073228.2_22930246_39	0.000000	0.000000	38	39	0	0
DN_NC_073228.2_22763468_38	DN_NC_073228.2_23038330_39	0.000000	0.000000	38	39	0	0
DN_NC_073228.2_22930246_39	DN_NC_073228.2_23038330_39	0.230769	0.230769	39	39	9	9
DN_NC_073228.2_23742950_7	DN_NC_073228.2_27022347_6	0.142857	0.166667	7	6	1	1
DN_NC_073228.2_27148471_4	DN_NC_073228.2_45710800_6	0.750000	0.500000	4	6	3	3
DN_NC_073228.2_27148471_4	DN_NC_073228.2_45948292_6	1.000000	1.000000	4	6	4	6
DN_NC_073228.2_27169290_8	DN_NC_073228.2_45974488_9	0.875000	0.777778	8	9	7	7
DN_NC_073228.2_27169290_8	DN_NC_073228.2_46778774_7	0.750000	1.000000	8	7	6	7
DN_NC_073228.2_28222257_21	DN_NC_073228.2_28230327_9	0.047619	0.111111	21	9	1	1
DN_NC_073228.2_28439701_5	DN_NC_073236.2_69434930_3	0.000000	1.000000	5	3	0	3
DN_NC_073228.2_29619142_9	DN_NC_073230.2_137552467_7	0.888889	0.857143	9	7	8	6
DN_NC_073228.2_30586164_7	DN_NC_073234.2_130067111_7	0.000000	0.000000	7	7	0	0
DN_NC_073228.2_31824273_3	DN_NC_073228.2_79859997_3	1.000000	1.000000	3	3	3	3
DN_NC_073228.2_31824273_3	DN_NC_073228.2_83368453_5	1.000000	0.600000	3	5	3	3
DN_NC_073228.2_32366054_32	DN_NC_086018.1_16610610_33	0.000000	0.000000	32	33	0	0
DN_NC_073228.2_33351152_31	DN_NC_073236.2_29195344_14	0.161290	0.428571	31	14	5	6
DN_NC_073228.2_33351168_2	DN_NC_073247.2_81944671_6	0.500000	0.833333	2	6	1	5
DN_NC_073228.2_33518400_11	DN_NC_086018.1_17151658_12	0.000000	0.000000	11	12	0	0
DN_NC_073228.2_37084614_4	DN_NC_073228.2_37089052_16	0.250000	0.000000	4	16	1	0
DN_NC_073228.2_41229799_2	DN_NC_073242.2_4252822_2	0.000000	0.000000	2	2	0	0
DN_NC_073228.2_41871026_51	DN_NC_073230.2_94413807_52	0.000000	0.000000	51	52	0	0
DN_NC_073228.2_41871026_51	DN_NC_073234.2_53272916_54	0.000000	0.000000	51	54	0	0
DN_NC_073228.2_41871026_51	DN_NC_073235.2_91416644_51	0.000000	0.000000	51	51	0	0
DN_NC_073228.2_45686814_4	DN_NC_073228.2_45710800_6	0.250000	0.166667	4	6	1	1
DN_NC_073228.2_45686814_4	DN_NC_073228.2_45948292_6	0.250000	0.166667	4	6	1	1
DN_NC_073228.2_45710800_6	DN_NC_073228.2_45948292_6	0.833333	0.666667	6	6	5	4
DN_NC_073228.2_45710800_6	DN_NC_073228.2_46729356_10	0.166667	0.100000	6	10	1	1
DN_NC_073228.2_45974488_9	DN_NC_073228.2_46778774_7	0.777778	1.000000	9	7	7	7
DN_NC_073228.2_46729356_10	DN_NC_073228.2_60914130_12	0.700000	0.666667	10	12	7	8
DN_NC_073228.2_46729356_10	DN_NC_073228.2_62340772_5	0.400000	0.600000	10	5	4	3
DN_NC_073228.2_47938018_2	DN_NC_073240.2_43072375_7	0.000000	0.000000	2	7	0	0
DN_NC_073228.2_49477319_5	DN_NC_073228.2_61034643_7	0.000000	0.000000	5	7	0	0
DN_NC_073228.2_49804904_11	DN_NC_073228.2_49856055_11	0.818182	0.818182	11	11	9	9
DN_NC_073228.2_50347799_18	DN_NC_086017.1_29881584_18	0.000000	0.000000	18	18	0	0
DN_NC_073228.2_52119080_9	DN_NC_073234.2_48129944_8	0.000000	0.000000	9	8	0	0
DN_NC_073228.2_52119080_9	DN_NC_086017.1_35250847_8	0.000000	0.000000	9	8	0	0
DN_NC_073228.2_53278878_13	DN_NC_073234.2_52495433_13	0.000000	0.000000	13	13	0	0
DN_NC_073228.2_53674812_10	DN_NC_073234.2_43758373_10	0.000000	0.000000	10	10	0	0
DN_NC_073228.2_54243403_14	DN_NC_073228.2_56462402_14	1.000000	1.000000	14	14	14	14
DN_NC_073228.2_54243403_14	DN_NC_073228.2_56531257_20	0.928571	0.650000	14	20	13	13
DN_NC_073228.2_56462402_14	DN_NC_073228.2_56531257_20	0.928571	0.650000	14	20	13	13
DN_NC_073228.2_57285795_22	DN_NC_086018.1_27357888_21	0.000000	0.000000	22	21	0	0
DN_NC_073228.2_57477870_3	DN_NC_073228.2_57583458_4	0.000000	0.250000	3	4	0	1
DN_NC_073228.2_57567147_5	DN_NC_073228.2_57642308_6	0.800000	0.666667	5	6	4	4
DN_NC_073228.2_58045766_15	DN_NC_073230.2_64231587_14	0.000000	0.000000	15	14	0	0
DN_NC_073228.2_58687413_3	DN_NC_073228.2_58745873_3	0.000000	0.000000	3	3	0	0
DN_NC_073228.2_60766049_19	DN_NC_073238.2_32617313_2	0.263158	0.000000	19	2	5	0
DN_NC_073228.2_60914130_12	DN_NC_073228.2_62340772_5	0.333333	0.600000	12	5	4	3
DN_NC_073228.2_62433488_6	DN_NC_073228.2_9345525_10	0.166667	0.900000	6	10	1	9
DN_NC_073228.2_64369461_5	DN_NC_073231.2_4571400_3	0.600000	0.000000	5	3	3	0
DN_NC_073228.2_64369461_5	DN_NC_073244.2_6036407_2	0.600000	0.000000	5	2	3	0
DN_NC_073228.2_64684384_5	DN_NC_073228.2_64691860_6	0.200000	0.166667	5	6	1	1
DN_NC_073228.2_64755384_5	DN_NC_073228.2_64760968_3	0.200000	0.000000	5	3	1	0
DN_NC_073228.2_64771950_2	DN_NC_073234.2_48400691_7	0.000000	1.000000	2	7	0	7
DN_NC_073228.2_66328056_2	DN_NC_073228.2_70719297_2	1.000000	0.500000	2	2	2	1
DN_NC_073228.2_70438436_2	DN_NC_073228.2_83796015_2	0.500000	0.500000	2	2	1	1
DN_NC_073228.2_70438436_2	DN_NC_073234.2_140369418_2	0.000000	0.000000	2	2	0	0
DN_NC_073228.2_78724694_4	DN_NC_073228.2_79204251_5	0.750000	0.600000	4	5	3	3
DN_NC_073228.2_78872851_5	DN_NC_073245.2_35742393_2	0.200000	0.500000	5	2	1	1
DN_NC_073228.2_78872851_5	DN_NC_073245.2_35910982_4	0.400000	0.500000	5	4	2	2
DN_NC_073228.2_78970101_2	DN_NC_073242.2_68108553_2	1.000000	1.000000	2	2	2	2
DN_NC_073228.2_78970117_3	DN_NC_073242.2_66481481_2	1.000000	1.000000	3	2	3	2
DN_NC_073228.2_79859997_3	DN_NC_073228.2_83368453_5	1.000000	0.600000	3	5	3	3
DN_NC_073228.2_79926211_12	DN_NC_073228.2_83434996_12	1.000000	0.916667	12	12	12	11
DN_NC_073228.2_79926211_12	DN_NC_073238.2_29962908_11	0.000000	0.000000	12	11	0	0
DN_NC_073228.2_81446275_7	DN_NC_073243.2_30823221_7	0.142857	0.142857	7	7	1	1
DN_NC_073228.2_81689164_6	DN_NC_073228.2_83259868_7	0.750000	0.666667	8	6	6	4
DN_NC_073228.2_83513581_6	DN_NC_073228.2_83600319_6	0.000000	0.000000	6	6	0	0
DN_NC_073228.2_83513581_6	DN_NC_073232.2_71973207_3	0.000000	0.000000	6	3	0	0
DN_NC_073228.2_83513581_6	DN_NC_073232.2_72820474_5	0.000000	0.000000	6	5	0	0
DN_NC_073228.2_83513581_6	DN_NC_073232.2_80964961_8	0.000000	0.000000	6	8	0	0
DN_NC_073228.2_83513581_6	DN_NC_073232.2_81033881_5	0.000000	0.000000	6	5	0	0
DN_NC_073228.2_83513581_6	DN_NC_073234.2_148420424_5	0.000000	0.000000	6	5	0	0
DN_NC_073228.2_83513581_6	DN_NC_073234.2_148682020_7	0.000000	0.000000	6	7	0	0
DN_NC_073228.2_83513581_6	DN_NC_073237.2_109230975_4	0.000000	0.000000	6	4	0	0
DN_NC_073228.2_83513581_6	DN_NC_073237.2_109279481_4	0.000000	0.000000	6	4	0	0
DN_NC_073228.2_83513581_6	DN_NC_073237.2_23553596_5	0.000000	0.000000	6	5	0	0
DN_NC_073228.2_83513581_6	DN_NC_073237.2_89310571_5	0.000000	0.000000	6	5	0	0
DN_NC_073228.2_83513581_6	DN_NC_073244.2_47706460_3	0.000000	0.000000	6	3	0	0
DN_NC_073228.2_83513581_6	DN_NC_073244.2_48093173_7	0.000000	0.000000	6	7	0	0
DN_NC_073228.2_83513581_6	DN_NC_073244.2_48319142_5	0.000000	0.000000	6	5	0	0
DN_NC_073228.2_83513581_6	DN_NC_073244.2_48352926_4	0.000000	0.000000	6	4	0	0
DN_NC_073228.2_83513581_6	DN_NC_073244.2_48620420_5	0.000000	0.000000	6	5	0	0
DN_NC_073228.2_83513581_6	DN_NC_073244.2_48660338_4	0.000000	0.000000	6	4	0	0
DN_NC_073228.2_83513581_6	DN_NC_073244.2_48919547_6	0.000000	0.000000	6	6	0	0
DN_NC_073228.2_83513581_6	DN_NC_073244.2_63542066_5	0.000000	0.000000	6	5	0	0
DN_NC_073228.2_83513581_6	DN_NC_073244.2_63961971_6	0.000000	0.000000	6	6	0	0
DN_NC_073228.2_83513581_6	DN_NC_073244.2_70077616_7	0.000000	0.000000	6	7	0	0
DN_NC_073228.2_83513581_6	DN_NC_073245.2_58728682_5	0.000000	0.000000	6	5	0	0
DN_NC_073228.2_83513581_6	DN_NC_073247.2_57761829_5	0.000000	0.000000	6	5	0	0
DN_NC_073228.2_83513581_6	DN_NC_073247.2_57840463_5	0.000000	0.000000	6	5	0	0
DN_NC_073228.2_83513581_6	DN_NC_073247.2_58372296_6	0.000000	0.000000	6	5	0	0
DN_NC_073228.2_83513581_6	DN_NC_086017.1_85766278_5	0.000000	0.000000	6	5	0	0
DN_NC_073228.2_83600319_6	DN_NC_073232.2_81033881_5	0.000000	0.000000	6	5	0	0
DN_NC_073228.2_83600319_6	DN_NC_073234.2_148420424_5	0.000000	0.000000	6	5	0	0
DN_NC_073228.2_83600319_6	DN_NC_073237.2_109230975_4	0.000000	0.000000	6	4	0	0
DN_NC_073228.2_83600319_6	DN_NC_073237.2_109279481_4	0.000000	0.000000	6	4	0	0
DN_NC_073228.2_83600319_6	DN_NC_073244.2_45737704_5	0.000000	0.000000	6	5	0	0
DN_NC_073228.2_83600319_6	DN_NC_073244.2_47878793_6	0.000000	0.000000	6	6	0	0
DN_NC_073228.2_83600319_6	DN_NC_073244.2_48093173_7	0.000000	0.000000	6	7	0	0
DN_NC_073228.2_83600319_6	DN_NC_073244.2_48319142_5	0.000000	0.000000	6	5	0	0
DN_NC_073228.2_83600319_6	DN_NC_073244.2_48352926_4	0.000000	0.000000	6	4	0	0
DN_NC_073228.2_83600319_6	DN_NC_073244.2_48660338_4	0.000000	0.000000	6	4	0	0
DN_NC_073228.2_83600319_6	DN_NC_073244.2_48919547_6	0.000000	0.000000	6	6	0	0
DN_NC_073228.2_83600319_6	DN_NC_073244.2_55989141_5	0.000000	0.000000	6	5	0	0
DN_NC_073228.2_83600319_6	DN_NC_073244.2_63895938_6	0.000000	0.000000	6	6	0	0
DN_NC_073228.2_83600319_6	DN_NC_073244.2_70077616_7	0.000000	0.000000	6	7	0	0
DN_NC_073228.2_83600319_6	DN_NC_073245.2_58728682_5	0.000000	0.000000	6	5	0	0
DN_NC_073228.2_83600319_6	DN_NC_073247.2_57840463_5	0.000000	0.000000	6	5	0	0
DN_NC_073228.2_83600319_6	DN_NC_073247.2_58372296_6	0.000000	0.000000	6	5	0	0
DN_NC_073228.2_83600319_6	DN_NC_086017.1_54629198_3	0.000000	0.000000	6	3	0	0
DN_NC_073228.2_83600319_6	DN_NC_086017.1_85766278_5	0.000000	0.000000	6	5	0	0
DN_NC_073228.2_83796015_2	DN_NC_073234.2_140369418_3	0.500000	0.666667	2	3	1	2
DN_NC_073228.2_84714357_6	DN_NC_086017.1_104876268_2	0.833333	0.500000	6	2	5	1
DN_NC_073228.2_8941710_13	DN_NC_073228.2_9043620_39	0.076923	0.025641	13	39	1	1
DN_NC_073228.2_91400267_25	DN_NC_073228.2_91522397_9	0.040000	0.111111	25	9	1	1
DN_NC_073228.2_9291784_6	DN_NC_073242.2_4214750_6	0.000000	0.000000	6	6	0	0
DN_NC_073228.2_9291784_6	DN_NC_073247.2_115190067_8	0.833333	0.000000	6	8	5	0
DN_NC_073228.2_9720205_10	DN_NC_086018.1_36304756_7	0.000000	0.000000	10	7	0	0
DN_NC_073228.2_97705476_2	DN_NC_073240.2_97547891_3	0.500000	0.333333	2	3	1	1
DN_NC_073228.2_9959442_6	DN_NC_086018.1_35225663_7	0.000000	0.000000	6	7	0	0
DN_NC_073229.2_107305414_13	DN_NC_073237.2_79912635_2	0.000000	0.500000	13	2	0	1
DN_NC_073229.2_107305414_13	DN_NC_073242.2_36567597_2	0.000000	0.000000	13	2	0	0
DN_NC_073229.2_113642543_16	DN_NC_073229.2_113787300_3	0.062500	0.000000	16	3	1	0
DN_NC_073229.2_135821332_11	DN_NC_073241.2_49527271_12	0.000000	0.000000	11	12	0	0
DN_NC_073229.2_136502891_3	DN_NC_073229.2_136550623_3	1.000000	1.000000	3	3	3	3
DN_NC_073229.2_140139419_8	DN_NC_073234.2_17584207_9	0.000000	0.000000	8	9	0	0
DN_NC_073229.2_140449427_2	DN_NC_073229.2_140476081_2	0.000000	0.000000	2	2	0	0
DN_NC_073229.2_141117205_4	DN_NC_073237.2_129726988_8	0.000000	0.875000	4	8	0	7
DN_NC_073229.2_147682056_8	DN_NC_073244.2_19011585_2	0.000000	0.000000	8	2	0	0
DN_NC_073229.2_157439925_18	DN_NC_073231.2_49018603_18	0.000000	0.000000	18	18	0	0
DN_NC_073229.2_174132332_5	DN_NC_073229.2_174168227_4	0.600000	0.800000	5	5	3	4
DN_NC_073229.2_174132332_5	DN_NC_073229.2_174230881_5	0.600000	0.600000	5	5	3	3
DN_NC_073229.2_174168227_4	DN_NC_073229.2_174230881_5	0.400000	0.200000	5	5	2	1
DN_NC_073229.2_17702988_11	DN_NC_073234.2_15631092_11	0.909091	1.000000	11	11	10	11
DN_NC_073229.2_17702988_11	DN_NC_086017.1_9790451_11	0.818182	0.818182	11	11	9	9
DN_NC_073229.2_182999268_13	DN_NC_073233.2_118106361_14	0.000000	0.000000	13	14	0	0
DN_NC_073229.2_182999268_13	DN_NC_073247.2_77369372_13	0.000000	0.000000	13	13	0	0
DN_NC_073229.2_183992530_9	DN_NC_073229.2_184008587_12	0.000000	0.083333	9	12	0	1
DN_NC_073229.2_193493894_22	DN_NC_073240.2_40283792_22	0.000000	0.000000	22	22	0	0
DN_NC_073229.2_194862622_5	DN_NC_073232.2_72957232_4	0.000000	0.000000	5	4	0	0
DN_NC_073229.2_194862622_5	DN_NC_073238.2_33904146_3	0.400000	0.666667	5	3	2	2
DN_NC_073229.2_194862622_5	DN_NC_073240.2_23674889_10	0.000000	0.000000	5	10	0	0
DN_NC_073229.2_194862622_5	DN_NC_073240.2_29752710_11	0.000000	0.000000	5	11	0	0
DN_NC_073229.2_194862622_5	DN_NC_073243.2_111186227_2	0.000000	0.000000	5	2	0	0
DN_NC_073229.2_194862622_5	DN_NC_073244.2_50702615_6	0.200000	0.000000	5	6	1	0
DN_NC_073229.2_195378107_3	DN_NC_073230.2_168783006_4	0.666667	0.750000	3	4	2	3
DN_NC_073229.2_195378107_3	DN_NC_073231.2_150902261_3	1.000000	1.000000	3	3	3	3
DN_NC_073229.2_195378107_3	DN_NC_073232.2_146269317_5	0.666667	0.600000	3	5	2	3
DN_NC_073229.2_195378107_3	DN_NC_073236.2_140400059_5	0.666667	0.600000	3	5	2	3
DN_NC_073229.2_195378107_3	DN_NC_073237.2_118498911_4	0.666667	0.750000	3	4	2	3
DN_NC_073229.2_195378107_3	DN_NC_073241.2_110003031_5	0.666667	0.600000	3	5	2	3
DN_NC_073229.2_195378107_3	DN_NC_073244.2_70818649_5	0.666667	0.600000	3	5	2	3
DN_NC_073229.2_195378107_3	DN_NC_086017.1_211655827_5	0.666667	0.600000	3	5	2	3
DN_NC_073229.2_195378107_3	DN_NC_086017.1_9337960_4	0.666667	0.750000	3	4	2	3
DN_NC_073229.2_20497552_7	DN_NC_073241.2_93292541_7	0.000000	0.000000	7	7	0	0
DN_NC_073229.2_20766733_4	DN_NC_073229.2_48413863_4	0.750000	0.500000	4	4	3	2
DN_NC_073229.2_20766733_4	DN_NC_073232.2_8975313_3	0.000000	0.000000	4	3	0	0
DN_NC_073229.2_20766733_4	DN_NC_073237.2_133664160_4	0.750000	0.750000	4	4	3	3
DN_NC_073229.2_20766733_4	DN_NC_073242.2_120516047_4	0.750000	0.750000	4	4	3	3
DN_NC_073229.2_20766733_4	DN_NC_073244.2_12296250_4	0.750000	0.750000	4	4	3	3
DN_NC_073229.2_21470970_2	DN_NC_073247.2_166062772_13	0.000000	0.000000	2	13	0	0
DN_NC_073229.2_21709541_6	DN_NC_073229.2_21735101_10	0.166667	0.000000	6	10	1	0
DN_NC_073229.2_28348360_6	DN_NC_073229.2_28419493_6	0.833333	0.833333	6	6	5	5
DN_NC_073229.2_29619457_3	DN_NC_073231.2_27219653_9	0.000000	0.000000	3	9	0	0
DN_NC_073229.2_29619457_3	DN_NC_086017.1_156500672_2	0.000000	0.000000	3	2	0	0
DN_NC_073229.2_29619457_3	DN_NC_086017.1_156500672_3	0.000000	0.000000	3	3	0	0
DN_NC_073229.2_42464475_7	DN_NC_073242.2_15582646_2	0.000000	0.000000	7	2	0	0
DN_NC_073229.2_42464475_7	DN_NC_073242.2_30609225_2	0.000000	0.000000	7	2	0	0
DN_NC_073229.2_42464475_7	DN_NC_073242.2_31473413_2	0.000000	0.000000	7	2	0	0
DN_NC_073229.2_43677378_4	DN_NC_073229.2_67950085_3	0.000000	0.333333	4	3	0	1
DN_NC_073229.2_43677378_4	DN_NC_073230.2_150857421_7	0.000000	0.000000	4	7	0	0
DN_NC_073229.2_43677378_4	DN_NC_073241.2_83874271_3	0.000000	0.333333	4	3	0	1
DN_NC_073229.2_43677378_4	DN_NC_073244.2_6165323_3	0.000000	0.333333	4	3	0	1
DN_NC_073229.2_43808975_3	DN_NC_073229.2_43841872_2	0.000000	0.000000	3	2	0	0
DN_NC_073229.2_44058305_8	DN_NC_073229.2_44135507_8	0.875000	0.875000	8	8	7	7
DN_NC_073229.2_44058305_8	DN_NC_073229.2_44179535_6	0.000000	0.000000	8	6	0	0
DN_NC_073229.2_44079934_10	DN_NC_073229.2_44118209_11	0.100000	0.100000	10	10	1	1
DN_NC_073229.2_44501801_6	DN_NC_073243.2_40356335_7	0.833333	0.714286	6	7	5	5
DN_NC_073229.2_44501801_6	DN_NC_073243.2_79717303_18	0.500000	0.166667	6	18	3	3
DN_NC_073229.2_44967262_5	DN_NC_073229.2_45005781_3	0.000000	0.000000	5	3	0	0
DN_NC_073229.2_44967262_5	DN_NC_073232.2_71834982_5	0.000000	0.000000	5	5	0	0
DN_NC_073229.2_44967262_5	DN_NC_073232.2_81253567_6	0.000000	0.000000	5	6	0	0
DN_NC_073229.2_44967262_5	DN_NC_073242.2_97765438_4	0.000000	0.000000	5	4	0	0
DN_NC_073229.2_44967262_5	DN_NC_073244.2_45796040_6	0.000000	0.000000	5	6	0	0
DN_NC_073229.2_45005781_3	DN_NC_073232.2_71834982_5	0.000000	0.000000	3	5	0	0
DN_NC_073229.2_45067329_6	DN_NC_073237.2_30220066_5	0.000000	0.000000	6	5	0	0
DN_NC_073229.2_45067329_6	DN_NC_073244.2_45985550_6	0.000000	0.000000	6	6	0	0
DN_NC_073229.2_45067329_6	DN_NC_073244.2_47250467_5	0.000000	0.000000	6	5	0	0
DN_NC_073229.2_45067329_6	DN_NC_073244.2_48030811_4	0.000000	0.000000	6	4	0	0
DN_NC_073229.2_45067329_6	DN_NC_073244.2_48242798_5	0.000000	0.000000	6	5	0	0
DN_NC_073229.2_45067329_6	DN_NC_073244.2_48384768_7	0.000000	0.000000	6	7	0	0
DN_NC_073229.2_45067329_6	DN_NC_073244.2_48980018_5	0.000000	0.000000	6	5	0	0
DN_NC_073229.2_45067329_6	DN_NC_073244.2_49072464_4	0.000000	0.000000	6	4	0	0
DN_NC_073229.2_45067329_6	DN_NC_073244.2_49101177_5	0.000000	0.000000	6	5	0	0
DN_NC_073229.2_45067329_6	DN_NC_073244.2_49176797_4	0.000000	0.000000	6	4	0	0
DN_NC_073229.2_45067329_6	DN_NC_073244.2_49246931_6	0.000000	0.000000	6	6	0	0
DN_NC_073229.2_45067329_6	DN_NC_073244.2_51783968_5	0.000000	0.000000	6	5	0	0
DN_NC_073229.2_45067329_6	DN_NC_073244.2_51825388_5	0.000000	0.000000	6	5	0	0
DN_NC_073229.2_45067329_6	DN_NC_073244.2_55341363_7	0.000000	0.000000	6	7	0	0
DN_NC_073229.2_45067329_6	DN_NC_073244.2_65102393_4	0.000000	0.000000	6	4	0	0
DN_NC_073229.2_45067329_6	DN_NC_073244.2_68513423_5	0.000000	0.000000	6	5	0	0
DN_NC_073229.2_45067329_6	DN_NC_073244.2_68611978_5	0.000000	0.000000	6	5	0	0
DN_NC_073229.2_45067329_6	DN_NC_073244.2_68643423_8	0.000000	0.000000	6	8	0	0
DN_NC_073229.2_45067329_6	DN_NC_073244.2_70224599_4	0.000000	0.000000	6	4	0	0
DN_NC_073229.2_45706582_4	DN_NC_086017.1_54457640_6	0.000000	0.000000	4	6	0	0
DN_NC_073229.2_45706582_4	DN_NC_086017.1_54527845_6	0.000000	0.000000	4	6	0	0
DN_NC_073229.2_45747170_4	DN_NC_073229.2_45764485_6	0.000000	0.000000	4	6	0	0
DN_NC_073229.2_45747170_4	DN_NC_073229.2_45857463_4	0.000000	0.000000	4	4	0	0
DN_NC_073229.2_45747170_4	DN_NC_073229.2_46022147_4	0.000000	0.000000	4	4	0	0
DN_NC_073229.2_45747170_4	DN_NC_073241.2_64520240_3	0.000000	0.000000	4	3	0	0
DN_NC_073229.2_45747170_4	DN_NC_086017.1_54612772_3	0.000000	0.000000	4	3	0	0
DN_NC_073229.2_45764485_6	DN_NC_073231.2_150671310_5	0.000000	0.000000	6	5	0	0
DN_NC_073229.2_45764485_6	DN_NC_073241.2_64520240_3	0.000000	0.000000	6	3	0	0
DN_NC_073229.2_45764485_6	DN_NC_086017.1_54612772_3	0.000000	0.000000	6	3	0	0
DN_NC_073229.2_45784439_7	DN_NC_073242.2_100900995_5	0.000000	0.000000	7	5	0	0
DN_NC_073229.2_45784439_7	DN_NC_086017.1_50382141_5	0.000000	0.000000	7	5	0	0
DN_NC_073229.2_45857463_4	DN_NC_073241.2_64468689_4	0.000000	0.000000	4	4	0	0
DN_NC_073229.2_45875453_5	DN_NC_073229.2_45959984_4	0.000000	0.000000	5	4	0	0
DN_NC_073229.2_45875453_5	DN_NC_073229.2_45985816_6	0.600000	0.666667	5	6	3	4
DN_NC_073229.2_45875453_5	DN_NC_073230.2_88700652_4	0.000000	0.000000	5	4	0	0
DN_NC_073229.2_45875453_5	DN_NC_073230.2_89330255_2	0.000000	0.000000	5	2	0	0
DN_NC_073229.2_45959984_4	DN_NC_073229.2_45985816_6	0.000000	0.000000	4	6	0	0
DN_NC_073229.2_45959984_4	DN_NC_073230.2_88700652_4	0.000000	0.000000	4	4	0	0
DN_NC_073229.2_45985816_6	DN_NC_073230.2_88700652_4	0.000000	0.000000	6	4	0	0
DN_NC_073229.2_45985816_6	DN_NC_073230.2_89330255_2	0.000000	0.000000	6	2	0	0
DN_NC_073229.2_46022147_4	DN_NC_073231.2_150671310_5	0.000000	0.000000	4	5	0	0
DN_NC_073229.2_46022147_4	DN_NC_073241.2_64520244_2	0.000000	0.000000	4	2	0	0
DN_NC_073229.2_46022147_4	DN_NC_073243.2_20232546_4	0.000000	0.000000	4	4	0	0
DN_NC_073229.2_46514381_2	DN_NC_073229.2_46518353_2	0.500000	0.500000	2	2	1	1
DN_NC_073229.2_46656086_7	DN_NC_073231.2_150671293_2	0.000000	0.000000	7	2	0	0
DN_NC_073229.2_46656086_7	DN_NC_086017.1_54551513_4	0.000000	0.000000	7	4	0	0
DN_NC_073229.2_47377766_7	DN_NC_073229.2_47549272_8	0.857143	0.625000	7	8	6	5
DN_NC_073229.2_47377766_7	DN_NC_073229.2_47663527_8	0.714286	0.625000	7	8	5	5
DN_NC_073229.2_47377766_7	DN_NC_073229.2_48177425_8	0.571429	0.500000	7	8	4	4
DN_NC_073229.2_47377766_7	DN_NC_073229.2_48967498_8	0.428571	0.375000	7	8	3	3
DN_NC_073229.2_47377766_7	DN_NC_073229.2_49051174_8	0.714286	0.625000	7	8	5	5
DN_NC_073229.2_47549272_8	DN_NC_073229.2_47663527_8	1.000000	1.000000	8	8	8	8
DN_NC_073229.2_47549272_8	DN_NC_073229.2_48177425_8	0.750000	0.750000	8	8	6	6
DN_NC_073229.2_47549272_8	DN_NC_073229.2_48967498_8	0.875000	0.875000	8	8	7	7
DN_NC_073229.2_47549272_8	DN_NC_073229.2_49051174_8	0.875000	0.875000	8	8	7	7
DN_NC_073229.2_47663527_8	DN_NC_073229.2_48177425_8	0.750000	0.750000	8	8	6	6
DN_NC_073229.2_47663527_8	DN_NC_073229.2_48967498_8	0.875000	0.875000	8	8	7	7
DN_NC_073229.2_47663527_8	DN_NC_073229.2_49051174_8	1.000000	1.000000	8	8	8	8
DN_NC_073229.2_48177425_8	DN_NC_073229.2_48967498_8	0.750000	0.750000	8	8	6	6
DN_NC_073229.2_48177425_8	DN_NC_073229.2_49051174_8	0.750000	0.750000	8	8	6	6
DN_NC_073229.2_48413863_4	DN_NC_073232.2_8975313_3	0.000000	0.000000	4	3	0	0
DN_NC_073229.2_48413863_4	DN_NC_073237.2_133664160_4	0.500000	0.750000	4	4	2	3
DN_NC_073229.2_48413863_4	DN_NC_073242.2_120516047_4	0.000000	0.000000	4	4	0	0
DN_NC_073229.2_48413863_4	DN_NC_073244.2_12296250_4	0.000000	0.000000	4	4	0	0
DN_NC_073229.2_48967498_8	DN_NC_073229.2_49051174_8	0.875000	0.875000	8	8	7	7
DN_NC_073229.2_49412440_2	DN_NC_073239.2_81444992_2	0.000000	0.000000	2	2	0	0
DN_NC_073229.2_49412455_2	DN_NC_073229.2_49429142_2	1.000000	0.500000	2	2	2	1
DN_NC_073229.2_49412455_2	DN_NC_073233.2_130982674_9	0.000000	0.000000	2	9	0	0
DN_NC_073229.2_49424718_2	DN_NC_073239.2_81444992_2	0.000000	0.500000	2	2	0	1
DN_NC_073229.2_49484905_28	DN_NC_073237.2_134047852_27	0.000000	0.000000	28	27	0	0
DN_NC_073229.2_49583451_41	DN_NC_073229.2_49609902_41	1.000000	1.000000	41	41	41	41
DN_NC_073229.2_50085643_6	DN_NC_073229.2_50300098_6	0.833333	0.833333	6	6	5	5
DN_NC_073229.2_50300098_6	DN_NC_073229.2_50380193_5	0.000000	0.000000	6	5	0	0
DN_NC_073229.2_50300098_6	DN_NC_073229.2_50795834_6	0.000000	0.000000	6	6	0	0
DN_NC_073229.2_50358119_5	DN_NC_073229.2_50716510_5	0.000000	0.000000	5	5	0	0
DN_NC_073229.2_50380193_5	DN_NC_073229.2_50795834_6	0.000000	0.000000	5	6	0	0
DN_NC_073229.2_50716510_5	DN_NC_073229.2_50784857_5	0.000000	0.000000	5	5	0	0
DN_NC_073229.2_52163606_6	DN_NC_073244.2_54257531_4	0.833333	0.000000	6	4	5	0
DN_NC_073229.2_52271806_8	DN_NC_086018.1_40865904_11	0.000000	0.000000	8	11	0	0
DN_NC_073229.2_53231942_12	DN_NC_073234.2_18597435_13	0.000000	0.000000	12	13	0	0
DN_NC_073229.2_57565568_13	DN_NC_073239.2_76142345_25	0.000000	0.000000	13	25	0	0
DN_NC_073229.2_60720496_6	DN_NC_073230.2_88640144_6	0.000000	0.000000	6	6	0	0
DN_NC_073229.2_60778300_16	DN_NC_073233.2_72823864_14	0.000000	0.000000	16	14	0	0
DN_NC_073229.2_60831709_26	DN_NC_073229.2_60975828_26	0.230769	0.230769	26	26	6	6
DN_NC_073229.2_60853569_16	DN_NC_073233.2_74176850_16	0.000000	0.000000	16	16	0	0
DN_NC_073229.2_60853569_16	DN_NC_073244.2_56850091_13	0.000000	0.000000	16	13	0	0
DN_NC_073229.2_62050928_12	DN_NC_073239.2_119046659_11	0.000000	0.000000	12	11	0	0
DN_NC_073229.2_64639535_22	DN_NC_073238.2_32078126_7	0.227273	0.714286	22	7	5	5
DN_NC_073229.2_67950085_3	DN_NC_073230.2_150857421_7	0.333333	0.000000	3	7	1	0
DN_NC_073229.2_67950085_3	DN_NC_073237.2_58966871_3	0.000000	0.000000	3	3	0	0
DN_NC_073229.2_67950085_3	DN_NC_073238.2_32617313_2	0.000000	0.000000	3	2	0	0
DN_NC_073229.2_67950085_3	DN_NC_073241.2_83874271_3	1.000000	1.000000	3	3	3	3
DN_NC_073229.2_67950085_3	DN_NC_073244.2_6165323_3	0.333333	0.333333	3	3	1	1
DN_NC_073229.2_67950085_3	DN_NC_086017.1_112545872_3	0.333333	0.333333	3	3	1	1
DN_NC_073229.2_70515777_4	DN_NC_073229.2_70567152_7	0.000000	0.000000	4	7	0	0
DN_NC_073229.2_70527768_7	DN_NC_073229.2_70567152_7	1.000000	0.714286	7	7	7	5
DN_NC_073229.2_70527768_7	DN_NC_073229.2_70609285_7	1.000000	1.000000	7	7	7	7
DN_NC_073229.2_70527768_7	DN_NC_073229.2_70674504_7	0.857143	0.857143	7	7	6	6
DN_NC_073229.2_70567152_7	DN_NC_073229.2_70609285_7	0.714286	1.000000	7	7	5	7
DN_NC_073229.2_70567152_7	DN_NC_073229.2_70674504_7	0.714286	0.857143	7	7	5	6
DN_NC_073229.2_70609285_7	DN_NC_073229.2_70674504_7	0.857143	0.857143	7	7	6	6
DN_NC_073229.2_86209092_3	DN_NC_073234.2_71885470_2	0.333333	0.000000	3	2	1	0
DN_NC_073229.2_86209092_3	DN_NC_073243.2_86703688_5	0.000000	0.000000	3	5	0	0
DN_NC_073229.2_94673034_3	DN_NC_086017.1_52688084_4	0.000000	0.000000	3	4	0	0
DN_NC_073229.2_94771458_11	DN_NC_073229.2_94961202_4	0.181818	0.250000	11	4	2	1
DN_NC_073229.2_97353754_3	DN_NC_073231.2_114003443_13	0.000000	0.923077	3	13	0	12
DN_NC_073229.2_97353754_3	DN_NC_086017.1_49305793_6	0.000000	0.000000	3	6	0	0
DN_NC_073229.2_97456874_3	DN_NC_073234.2_36991193_12	0.000000	0.000000	3	12	0	0
DN_NC_073229.2_97606864_8	DN_NC_073230.2_28044538_2	0.250000	0.000000	8	2	2	0
DN_NC_073229.2_97606864_8	DN_NC_073239.2_98531685_2	0.750000	0.500000	8	2	6	1
DN_NC_073229.2_97606864_8	DN_NC_073243.2_97368870_3	0.750000	0.333333	8	3	6	1
DN_NC_073230.2_101581724_4	DN_NC_073230.2_101602035_18	0.250000	0.111111	4	18	1	2
DN_NC_073230.2_101602035_18	DN_NC_073230.2_101646316_2	0.055556	0.500000	18	2	1	1
DN_NC_073230.2_112158616_4	DN_NC_073230.2_51812102_9	0.500000	0.333333	4	9	2	3
DN_NC_073230.2_112158616_4	DN_NC_073230.2_86050165_15	0.000000	0.200000	4	15	0	3
DN_NC_073230.2_112158616_4	DN_NC_073230.2_86128587_5	0.500000	0.600000	4	5	2	3
DN_NC_073230.2_112158616_4	DN_NC_073230.2_86213678_7	0.750000	0.428571	4	7	3	3
DN_NC_073230.2_115994887_11	DN_NC_086017.1_58612310_12	0.000000	0.000000	11	12	0	0
DN_NC_073230.2_116119215_11	DN_NC_073230.2_116150343_22	0.090909	0.000000	11	22	1	0
DN_NC_073230.2_116851282_14	DN_NC_073245.2_57775599_4	0.000000	0.000000	14	4	0	0
DN_NC_073230.2_12962256_6	DN_NC_073232.2_101260375_9	0.000000	0.000000	6	9	0	0
DN_NC_073230.2_132467242_13	DN_NC_073233.2_14005356_9	0.000000	0.000000	13	9	0	0
DN_NC_073230.2_132467242_13	DN_NC_073239.2_70164897_2	0.000000	0.500000	13	2	0	1
DN_NC_073230.2_13331389_15	DN_NC_073230.2_14245227_15	1.000000	1.000000	15	15	15	15
DN_NC_073230.2_13358875_21	DN_NC_073230.2_14200490_21	0.952381	0.904762	21	21	20	19
DN_NC_073230.2_137552467_7	DN_NC_073231.2_6126395_2	0.000000	0.000000	7	2	0	0
DN_NC_073230.2_13762772_6	DN_NC_086018.1_35225663_7	0.000000	0.000000	6	7	0	0
DN_NC_073230.2_137926513_11	DN_NC_086017.1_68009077_13	0.000000	0.000000	11	13	0	0
DN_NC_073230.2_14161449_15	DN_NC_073230.2_76425037_7	0.200000	0.571429	15	7	3	4
DN_NC_073230.2_14161449_15	DN_NC_073230.2_81087606_7	0.333333	0.571429	15	7	5	4
DN_NC_073230.2_143596666_10	DN_NC_073230.2_143617302_10	0.800000	0.900000	10	10	8	9
DN_NC_073230.2_149202220_20	DN_NC_073247.2_64062359_23	0.000000	0.000000	20	23	0	0
DN_NC_073230.2_149564614_8	DN_NC_073247.2_51197700_2	0.750000	0.500000	8	2	6	1
DN_NC_073230.2_150857421_7	DN_NC_073241.2_83874271_3	0.000000	0.333333	7	3	0	1
DN_NC_073230.2_150857421_7	DN_NC_073244.2_6165323_3	0.000000	0.333333	7	3	0	1
DN_NC_073230.2_152836468_8	DN_NC_073230.2_152880918_9	0.000000	0.000000	8	9	0	0
DN_NC_073230.2_159385621_3	DN_NC_073230.2_92132360_3	0.000000	0.000000	3	3	0	0
DN_NC_073230.2_159385621_3	DN_NC_073234.2_126370406_2	0.000000	0.000000	3	2	0	0
DN_NC_073230.2_159385621_3	DN_NC_073235.2_71373985_7	0.000000	0.142857	3	7	0	1
DN_NC_073230.2_159385621_3	DN_NC_073239.2_123333523_2	0.000000	0.000000	3	2	0	0
DN_NC_073230.2_159385621_3	DN_NC_073244.2_43610901_6	0.000000	0.166667	3	6	0	1
DN_NC_073230.2_159385621_3	DN_NC_073247.2_115708949_2	0.000000	0.000000	3	2	0	0
DN_NC_073230.2_159385621_3	DN_NC_073247.2_147586730_5	0.000000	0.000000	3	5	0	0
DN_NC_073230.2_159879400_23	DN_NC_073235.2_122326496_17	0.000000	0.000000	23	17	0	0
DN_NC_073230.2_160290576_8	DN_NC_073232.2_68914292_6	0.875000	0.166667	8	6	7	1
DN_NC_073230.2_161022909_27	DN_NC_073236.2_21263952_7	0.037037	0.000000	27	7	1	0
DN_NC_073230.2_161022909_27	DN_NC_073238.2_22875925_6	0.037037	0.166667	27	6	1	1
DN_NC_073230.2_161022909_27	DN_NC_073238.2_24580375_8	0.037037	0.125000	27	8	1	1
DN_NC_073230.2_161022909_27	DN_NC_073240.2_14396114_6	0.037037	0.000000	27	6	1	0
DN_NC_073230.2_161461454_2	DN_NC_073233.2_24803514_8	0.000000	0.000000	2	8	0	0
DN_NC_073230.2_161461454_2	DN_NC_073236.2_23070420_5	0.500000	0.200000	2	5	1	1
DN_NC_073230.2_161461454_2	DN_NC_073238.2_25250945_5	0.500000	0.200000	2	5	1	1
DN_NC_073230.2_161461454_2	DN_NC_073240.2_17174470_5	0.500000	0.000000	2	5	1	0
DN_NC_073230.2_168783006_4	DN_NC_073231.2_150902261_3	0.750000	0.666667	4	3	3	2
DN_NC_073230.2_168783006_4	DN_NC_073232.2_146269317_5	0.750000	0.600000	4	5	3	3
DN_NC_073230.2_168783006_4	DN_NC_073232.2_8583099_4	1.000000	0.750000	4	4	4	3
DN_NC_073230.2_168783006_4	DN_NC_073236.2_140400059_5	0.750000	0.600000	4	5	3	3
DN_NC_073230.2_168783006_4	DN_NC_073237.2_118498911_4	1.000000	0.750000	4	4	4	3
DN_NC_073230.2_168783006_4	DN_NC_073239.2_124648897_4	1.000000	0.750000	4	4	4	3
DN_NC_073230.2_168783006_4	DN_NC_073240.2_103747497_4	1.000000	0.750000	4	4	4	3
DN_NC_073230.2_168783006_4	DN_NC_073241.2_110003031_5	0.750000	0.600000	4	5	3	3
DN_NC_073230.2_168783006_4	DN_NC_073242.2_121237165_4	1.000000	0.750000	4	4	4	3
DN_NC_073230.2_168783006_4	DN_NC_073244.2_70818649_5	0.750000	0.600000	4	5	3	3
DN_NC_073230.2_168783006_4	DN_NC_086017.1_211655827_5	0.750000	0.600000	4	5	3	3
DN_NC_073230.2_168783006_4	DN_NC_086017.1_9337960_4	1.000000	1.000000	4	4	4	4
DN_NC_073230.2_28044538_2	DN_NC_073239.2_98531685_2	0.000000	0.000000	2	2	0	0
DN_NC_073230.2_28044538_2	DN_NC_073243.2_97368870_3	0.000000	0.000000	2	3	0	0
DN_NC_073230.2_29909396_5	DN_NC_073230.2_98628332_5	0.600000	0.800000	5	5	3	4
DN_NC_073230.2_37931018_4	DN_NC_073236.2_112799498_6	0.000000	0.000000	4	6	0	0
DN_NC_073230.2_40386475_10	DN_NC_073230.2_63523034_4	0.300000	0.750000	10	4	3	3
DN_NC_073230.2_44313875_22	DN_NC_073245.2_58594952_21	0.000000	0.000000	22	21	0	0
DN_NC_073230.2_47037104_3	DN_NC_073230.2_51605178_3	0.666667	0.666667	3	3	2	2
DN_NC_073230.2_47037167_3	DN_NC_073230.2_51605178_3	0.666667	0.666667	3	3	2	2
DN_NC_073230.2_47037167_3	DN_NC_073233.2_132992860_18	0.000000	0.000000	3	18	0	0
DN_NC_073230.2_47037167_3	DN_NC_086018.1_40100382_3	0.000000	0.000000	3	3	0	0
DN_NC_073230.2_47098444_23	DN_NC_073230.2_51812102_9	0.130435	0.333333	23	9	3	3
DN_NC_073230.2_47098444_23	DN_NC_073230.2_86128587_5	0.130435	0.600000	23	5	3	3
DN_NC_073230.2_47098444_23	DN_NC_073230.2_86257459_21	0.565217	0.666667	23	21	13	14
DN_NC_073230.2_47332274_8	DN_NC_073244.2_63917963_3	0.000000	0.000000	8	3	0	0
DN_NC_073230.2_51812102_9	DN_NC_073230.2_86128587_5	0.444444	0.800000	9	5	4	4
DN_NC_073230.2_51812102_9	DN_NC_073230.2_86213678_7	0.777778	0.857143	9	7	7	6
DN_NC_073230.2_51889040_3	DN_NC_073232.2_109704136_4	0.000000	0.000000	3	4	0	0
DN_NC_073230.2_52044244_19	DN_NC_073232.2_41878762_20	0.000000	0.000000	19	20	0	0
DN_NC_073230.2_52428682_23	DN_NC_073232.2_66124270_23	0.000000	0.000000	23	23	0	0
DN_NC_073230.2_53547116_11	DN_NC_073230.2_64295055_2	0.000000	0.000000	11	2	0	0
DN_NC_073230.2_53547116_11	DN_NC_073230.2_64705365_4	0.000000	0.000000	11	4	0	0
DN_NC_073230.2_53547116_11	DN_NC_073233.2_55845432_8	0.000000	0.000000	11	8	0	0
DN_NC_073230.2_56036026_15	DN_NC_073233.2_11450665_3	0.000000	0.000000	15	3	0	0
DN_NC_073230.2_56036026_15	DN_NC_073246.2_35769268_8	0.066667	0.125000	15	8	1	1
DN_NC_073230.2_63938060_3	DN_NC_073230.2_64191496_8	0.333333	0.000000	3	8	1	0
DN_NC_073230.2_63938060_3	DN_NC_073230.2_64295055_2	0.000000	0.000000	3	2	0	0
DN_NC_073230.2_63938060_3	DN_NC_073230.2_64705365_4	0.666667	0.750000	3	4	2	3
DN_NC_073230.2_63974160_10	DN_NC_073236.2_47432803_11	0.000000	0.000000	10	11	0	0
DN_NC_073230.2_63974160_10	DN_NC_073245.2_35625538_4	0.000000	0.000000	10	4	0	0
DN_NC_073230.2_64191496_8	DN_NC_073230.2_64705365_4	0.000000	0.000000	8	4	0	0
DN_NC_073230.2_64900495_2	DN_NC_073230.2_73977205_4	0.000000	0.000000	2	4	0	0
DN_NC_073230.2_64900495_2	DN_NC_073230.2_74126483_4	0.000000	0.000000	2	4	0	0
DN_NC_073230.2_64900495_2	DN_NC_073230.2_74190289_5	0.000000	0.000000	2	5	0	0
DN_NC_073230.2_64900495_2	DN_NC_073230.2_74299233_4	0.000000	0.000000	2	4	0	0
DN_NC_073230.2_64900495_2	DN_NC_073242.2_66613619_4	0.000000	0.000000	2	4	0	0
DN_NC_073230.2_64900495_2	DN_NC_073244.2_26240039_2	0.000000	0.000000	2	2	0	0
DN_NC_073230.2_64900495_2	DN_NC_073244.2_26470366_4	0.000000	0.000000	2	4	0	0
DN_NC_073230.2_64900495_2	DN_NC_073244.2_26666712_5	0.000000	0.000000	2	5	0	0
DN_NC_073230.2_64900495_2	DN_NC_073244.2_27131194_2	0.000000	0.000000	2	2	0	0
DN_NC_073230.2_64900495_2	DN_NC_073244.2_27285351_4	0.000000	0.000000	2	4	0	0
DN_NC_073230.2_64900495_2	DN_NC_073244.2_27504818_5	0.000000	0.000000	2	5	0	0
DN_NC_073230.2_64900495_2	DN_NC_073244.2_27765726_4	0.000000	0.000000	2	4	0	0
DN_NC_073230.2_64900495_2	DN_NC_073244.2_27956158_2	0.000000	0.000000	2	2	0	0
DN_NC_073230.2_64900495_2	DN_NC_073244.2_28072858_4	0.000000	0.000000	2	4	0	0
DN_NC_073230.2_64900495_2	DN_NC_073244.2_28711447_2	0.000000	0.000000	2	2	0	0
DN_NC_073230.2_64900495_2	DN_NC_073244.2_29232445_4	0.000000	0.000000	2	4	0	0
DN_NC_073230.2_64900495_2	DN_NC_073244.2_29557605_4	0.000000	0.000000	2	4	0	0
DN_NC_073230.2_64900495_2	DN_NC_073244.2_29680825_2	0.000000	0.000000	2	2	0	0
DN_NC_073230.2_64900495_2	DN_NC_073244.2_29970261_4	0.000000	0.000000	2	4	0	0
DN_NC_073230.2_64900495_2	DN_NC_073244.2_30438386_2	0.000000	0.000000	2	2	0	0
DN_NC_073230.2_72857214_2	DN_NC_073230.2_72907176_2	1.000000	1.000000	2	2	2	2
DN_NC_073230.2_72857214_2	DN_NC_073230.2_73388327_2	1.000000	1.000000	2	2	2	2
DN_NC_073230.2_72907176_2	DN_NC_073230.2_73388327_2	1.000000	1.000000	2	2	2	2
DN_NC_073230.2_73508332_4	DN_NC_073230.2_73977205_4	0.000000	0.000000	4	4	0	0
DN_NC_073230.2_73508332_4	DN_NC_073230.2_74126483_4	0.000000	0.000000	4	4	0	0
DN_NC_073230.2_73508332_4	DN_NC_073230.2_74190289_5	0.000000	0.000000	4	5	0	0
DN_NC_073230.2_73508332_4	DN_NC_073230.2_74299233_4	0.000000	0.000000	4	4	0	0
DN_NC_073230.2_73508332_4	DN_NC_073230.2_74637814_2	0.000000	0.000000	4	2	0	0
DN_NC_073230.2_73508332_4	DN_NC_073242.2_37386128_4	0.000000	0.000000	4	4	0	0
DN_NC_073230.2_73508332_4	DN_NC_073242.2_66613619_4	0.000000	0.000000	4	4	0	0
DN_NC_073230.2_73508332_4	DN_NC_073244.2_26240035_4	0.000000	0.000000	4	4	0	0
DN_NC_073230.2_73508332_4	DN_NC_073244.2_26314241_4	0.000000	0.000000	4	4	0	0
DN_NC_073230.2_73508332_4	DN_NC_073244.2_26470366_4	0.000000	0.000000	4	4	0	0
DN_NC_073230.2_73508332_4	DN_NC_073244.2_26666712_5	0.000000	0.000000	4	5	0	0
DN_NC_073230.2_73508332_4	DN_NC_073244.2_26901109_4	0.000000	0.000000	4	4	0	0
DN_NC_073230.2_73508332_4	DN_NC_073244.2_27051998_4	0.000000	0.000000	4	4	0	0
DN_NC_073230.2_73508332_4	DN_NC_073244.2_27131194_2	0.000000	0.000000	4	2	0	0
DN_NC_073230.2_73508332_4	DN_NC_073244.2_27285351_4	0.000000	0.000000	4	4	0	0
DN_NC_073230.2_73508332_4	DN_NC_073244.2_27408454_4	0.000000	0.000000	4	4	0	0
DN_NC_073230.2_73508332_4	DN_NC_073244.2_27504818_5	0.000000	0.000000	4	5	0	0
DN_NC_073230.2_73508332_4	DN_NC_073244.2_27626411_5	0.000000	0.000000	4	5	0	0
DN_NC_073230.2_73508332_4	DN_NC_073244.2_27765726_4	0.000000	0.000000	4	4	0	0
DN_NC_073230.2_73508332_4	DN_NC_073244.2_27869273_3	0.000000	0.000000	4	3	0	0
DN_NC_073230.2_73508332_4	DN_NC_073244.2_27956158_2	0.000000	0.000000	4	2	0	0
DN_NC_073230.2_73508332_4	DN_NC_073244.2_28072858_4	0.000000	0.000000	4	4	0	0
DN_NC_073230.2_73508332_4	DN_NC_073244.2_28256975_5	0.000000	0.000000	4	5	0	0
DN_NC_073230.2_73508332_4	DN_NC_073244.2_28333451_4	0.000000	0.000000	4	4	0	0
DN_NC_073230.2_73508332_4	DN_NC_073244.2_28711447_2	0.000000	0.000000	4	2	0	0
DN_NC_073230.2_73508332_4	DN_NC_073244.2_28820229_4	0.000000	0.000000	4	4	0	0
DN_NC_073230.2_73508332_4	DN_NC_073244.2_29046961_4	0.000000	0.000000	4	4	0	0
DN_NC_073230.2_73508332_4	DN_NC_073244.2_29232445_4	0.000000	0.000000	4	4	0	0
DN_NC_073230.2_73508332_4	DN_NC_073244.2_29297022_4	0.000000	0.000000	4	4	0	0
DN_NC_073230.2_73508332_4	DN_NC_073244.2_29557605_4	0.000000	0.000000	4	4	0	0
DN_NC_073230.2_73508332_4	DN_NC_073244.2_29680825_2	0.000000	0.000000	4	2	0	0
DN_NC_073230.2_73508332_4	DN_NC_073244.2_29970261_4	0.000000	0.000000	4	4	0	0
DN_NC_073230.2_73508332_4	DN_NC_073244.2_30067652_4	0.000000	0.000000	4	4	0	0
DN_NC_073230.2_73508332_4	DN_NC_073244.2_30090650_6	0.000000	0.000000	4	6	0	0
DN_NC_073230.2_73508332_4	DN_NC_073244.2_30438386_2	0.000000	0.000000	4	2	0	0
DN_NC_073230.2_73508332_4	DN_NC_073244.2_65046428_2	0.000000	0.000000	4	4	0	0
DN_NC_073230.2_73508332_4	DN_NC_073244.2_65266359_4	0.000000	0.000000	4	4	0	0
DN_NC_073230.2_73776646_4	DN_NC_073230.2_73977205_4	0.000000	0.000000	4	4	0	0
DN_NC_073230.2_73776646_4	DN_NC_073230.2_74126483_4	0.000000	0.000000	4	4	0	0
DN_NC_073230.2_73776646_4	DN_NC_073230.2_74190289_5	0.000000	0.000000	4	5	0	0
DN_NC_073230.2_73776646_4	DN_NC_073230.2_74299233_4	0.000000	0.000000	4	4	0	0
DN_NC_073230.2_73776646_4	DN_NC_073230.2_74637814_2	0.000000	0.000000	4	2	0	0
DN_NC_073230.2_73776646_4	DN_NC_073242.2_66613619_4	0.000000	0.000000	4	4	0	0
DN_NC_073230.2_73776646_4	DN_NC_073244.2_26240035_4	0.000000	0.000000	4	4	0	0
DN_NC_073230.2_73776646_4	DN_NC_073244.2_26314241_4	0.000000	0.000000	4	4	0	0
DN_NC_073230.2_73776646_4	DN_NC_073244.2_26470366_4	0.000000	0.000000	4	4	0	0
DN_NC_073230.2_73776646_4	DN_NC_073244.2_26666712_5	0.000000	0.000000	4	5	0	0
DN_NC_073230.2_73776646_4	DN_NC_073244.2_27051998_4	0.000000	0.000000	4	4	0	0
DN_NC_073230.2_73776646_4	DN_NC_073244.2_27285351_4	0.000000	0.000000	4	4	0	0
DN_NC_073230.2_73776646_4	DN_NC_073244.2_27408454_4	0.000000	0.000000	4	4	0	0
DN_NC_073230.2_73776646_4	DN_NC_073244.2_27504818_5	0.000000	0.000000	4	5	0	0
DN_NC_073230.2_73776646_4	DN_NC_073244.2_27626411_5	0.000000	0.000000	4	5	0	0
DN_NC_073230.2_73776646_4	DN_NC_073244.2_27765726_4	0.000000	0.000000	4	4	0	0
DN_NC_073230.2_73776646_4	DN_NC_073244.2_27869273_3	0.000000	0.000000	4	3	0	0
DN_NC_073230.2_73776646_4	DN_NC_073244.2_27956158_2	0.000000	0.000000	4	2	0	0
DN_NC_073230.2_73776646_4	DN_NC_073244.2_28072858_4	0.000000	0.000000	4	4	0	0
DN_NC_073230.2_73776646_4	DN_NC_073244.2_28333451_4	0.000000	0.000000	4	4	0	0
DN_NC_073230.2_73776646_4	DN_NC_073244.2_28588105_4	0.000000	0.000000	4	4	0	0
DN_NC_073230.2_73776646_4	DN_NC_073244.2_28711447_2	0.000000	0.000000	4	2	0	0
DN_NC_073230.2_73776646_4	DN_NC_073244.2_29046961_4	0.000000	0.000000	4	4	0	0
DN_NC_073230.2_73776646_4	DN_NC_073244.2_29232445_4	0.000000	0.000000	4	4	0	0
DN_NC_073230.2_73776646_4	DN_NC_073244.2_29297022_4	0.000000	0.000000	4	4	0	0
DN_NC_073230.2_73776646_4	DN_NC_073244.2_29557605_4	0.000000	0.000000	4	4	0	0
DN_NC_073230.2_73776646_4	DN_NC_073244.2_29680825_2	0.000000	0.000000	4	2	0	0
DN_NC_073230.2_73776646_4	DN_NC_073244.2_30067652_4	0.000000	0.000000	4	4	0	0
DN_NC_073230.2_73776646_4	DN_NC_073244.2_30438386_2	0.000000	0.000000	4	2	0	0
DN_NC_073230.2_73776646_4	DN_NC_073244.2_64265252_5	0.000000	0.000000	4	5	0	0
DN_NC_073230.2_73776646_4	DN_NC_073244.2_64585864_4	0.000000	0.000000	4	4	0	0
DN_NC_073230.2_73776646_4	DN_NC_073244.2_64836827_4	0.000000	0.000000	4	4	0	0
DN_NC_073230.2_73977205_4	DN_NC_073230.2_74126483_4	0.750000	0.750000	4	4	3	3
DN_NC_073230.2_73977205_4	DN_NC_073230.2_74190289_5	0.000000	0.000000	4	5	0	0
DN_NC_073230.2_73977205_4	DN_NC_073230.2_74299233_4	1.000000	0.750000	4	4	4	3
DN_NC_073230.2_73977205_4	DN_NC_073230.2_74637814_2	0.250000	0.500000	4	2	1	1
DN_NC_073230.2_73977205_4	DN_NC_073233.2_9788172_5	0.000000	0.000000	4	5	0	0
DN_NC_073230.2_73977205_4	DN_NC_073241.2_36126198_2	0.000000	0.000000	4	2	0	0
DN_NC_073230.2_73977205_4	DN_NC_073242.2_37386128_4	0.000000	0.000000	4	4	0	0
DN_NC_073230.2_73977205_4	DN_NC_073242.2_66613619_4	0.000000	0.000000	4	4	0	0
DN_NC_073230.2_73977205_4	DN_NC_073244.2_26240035_4	0.000000	0.000000	4	4	0	0
DN_NC_073230.2_73977205_4	DN_NC_073244.2_26314241_4	0.500000	0.500000	4	4	2	2
DN_NC_073230.2_73977205_4	DN_NC_073244.2_26470366_4	0.000000	0.000000	4	4	0	0
DN_NC_073230.2_73977205_4	DN_NC_073244.2_26666712_5	0.000000	0.000000	4	5	0	0
DN_NC_073230.2_73977205_4	DN_NC_073244.2_26901109_4	0.000000	0.000000	4	4	0	0
DN_NC_073230.2_73977205_4	DN_NC_073244.2_27051998_4	0.750000	0.750000	4	4	3	3
DN_NC_073230.2_73977205_4	DN_NC_073244.2_27131194_2	0.000000	0.000000	4	2	0	0
DN_NC_073230.2_73977205_4	DN_NC_073244.2_27285351_4	0.750000	0.750000	4	4	3	3
DN_NC_073230.2_73977205_4	DN_NC_073244.2_27408454_4	0.500000	0.500000	4	4	2	2
DN_NC_073230.2_73977205_4	DN_NC_073244.2_27504818_5	0.500000	0.400000	4	5	2	2
DN_NC_073230.2_73977205_4	DN_NC_073244.2_27566430_5	0.500000	0.600000	4	5	2	3
DN_NC_073230.2_73977205_4	DN_NC_073244.2_27765726_4	0.750000	1.000000	4	4	3	4
DN_NC_073230.2_73977205_4	DN_NC_073244.2_27869273_3	0.000000	0.000000	4	3	0	0
DN_NC_073230.2_73977205_4	DN_NC_073244.2_27956158_2	0.000000	0.000000	4	2	0	0
DN_NC_073230.2_73977205_4	DN_NC_073244.2_28072858_4	0.500000	0.500000	4	4	2	2
DN_NC_073230.2_73977205_4	DN_NC_073244.2_28256975_5	0.500000	0.400000	4	5	2	2
DN_NC_073230.2_73977205_4	DN_NC_073244.2_28588105_4	0.750000	0.750000	4	4	3	3
DN_NC_073230.2_73977205_4	DN_NC_073244.2_28711447_4	0.000000	0.000000	4	5	0	0
DN_NC_073230.2_73977205_4	DN_NC_073244.2_28820229_4	0.000000	0.000000	4	4	0	0
DN_NC_073230.2_73977205_4	DN_NC_073244.2_29046961_4	0.500000	0.750000	4	4	2	3
DN_NC_073230.2_73977205_4	DN_NC_073244.2_29232445_4	0.500000	1.000000	4	4	2	4
DN_NC_073230.2_73977205_4	DN_NC_073244.2_29297022_4	0.750000	0.750000	4	4	3	3
DN_NC_073230.2_73977205_4	DN_NC_073244.2_29557605_4	0.500000	1.000000	4	4	2	4
DN_NC_073230.2_73977205_4	DN_NC_073244.2_29680825_4	0.750000	0.750000	4	4	3	3
DN_NC_073230.2_73977205_4	DN_NC_073244.2_29970261_4	0.750000	1.000000	4	4	3	4
DN_NC_073230.2_73977205_4	DN_NC_073244.2_30067652_4	1.000000	0.750000	4	4	4	3
DN_NC_073230.2_73977205_4	DN_NC_073244.2_30438386_2	0.000000	0.000000	4	2	0	0
DN_NC_073230.2_73977205_4	DN_NC_073244.2_64125568_5	0.000000	0.000000	4	5	0	0
DN_NC_073230.2_73977205_4	DN_NC_073244.2_64585864_4	0.000000	0.000000	4	4	0	0
DN_NC_073230.2_73977205_4	DN_NC_073244.2_65003440_7	0.000000	0.000000	4	7	0	0
DN_NC_073230.2_73977205_4	DN_NC_073244.2_65266359_4	0.000000	0.000000	4	4	0	0
DN_NC_073230.2_73977205_4	DN_NC_073246.2_15789285_3	0.000000	0.000000	4	3	0	0
DN_NC_073230.2_74126483_4	DN_NC_073230.2_74190289_5	0.000000	0.000000	4	5	0	0
DN_NC_073230.2_74126483_4	DN_NC_073230.2_74299233_4	0.000000	0.000000	4	4	0	0
DN_NC_073230.2_74126483_4	DN_NC_073230.2_74637814_2	0.000000	0.000000	4	2	0	0
DN_NC_073230.2_74126483_4	DN_NC_073233.2_9788172_5	0.000000	0.000000	4	5	0	0
DN_NC_073230.2_74126483_4	DN_NC_073241.2_36126198_2	0.000000	0.000000	4	2	0	0
DN_NC_073230.2_74126483_4	DN_NC_073242.2_37386128_4	0.000000	0.000000	4	4	0	0
DN_NC_073230.2_74126483_4	DN_NC_073242.2_66613619_4	1.000000	1.000000	4	4	4	4
DN_NC_073230.2_74126483_4	DN_NC_073244.2_26240035_4	0.000000	0.000000	4	4	0	0
DN_NC_073230.2_74126483_4	DN_NC_073244.2_26470366_4	0.000000	0.000000	4	4	0	0
DN_NC_073230.2_74126483_4	DN_NC_073244.2_26666712_5	0.000000	0.000000	4	5	0	0
DN_NC_073230.2_74126483_4	DN_NC_073244.2_26901109_4	0.000000	0.000000	4	4	0	0
DN_NC_073230.2_74126483_4	DN_NC_073244.2_27051998_4	0.750000	0.750000	4	4	3	3
DN_NC_073230.2_74126483_4	DN_NC_073244.2_27285351_4	0.000000	0.000000	4	4	0	0
DN_NC_073230.2_74126483_4	DN_NC_073244.2_27408454_4	0.250000	0.000000	4	4	1	0
DN_NC_073230.2_74126483_4	DN_NC_073244.2_27504818_5	0.000000	0.000000	4	5	0	0
DN_NC_073230.2_74126483_4	DN_NC_073244.2_27566430_5	0.750000	0.600000	4	5	3	3
DN_NC_073230.2_74126483_4	DN_NC_073244.2_27765726_4	0.750000	0.750000	4	4	3	3
DN_NC_073230.2_74126483_4	DN_NC_073244.2_27869273_3	0.000000	0.000000	4	3	0	0
DN_NC_073230.2_74126483_4	DN_NC_073244.2_27956158_4	0.000000	0.000000	4	4	0	0
DN_NC_073230.2_74126483_4	DN_NC_073244.2_28072858_4	0.000000	0.000000	4	4	0	0
DN_NC_073230.2_74126483_4	DN_NC_073244.2_28256975_5	0.500000	0.400000	4	5	2	2
DN_NC_073230.2_74126483_4	DN_NC_073244.2_28588105_4	0.750000	0.750000	4	4	3	3
DN_NC_073230.2_74126483_4	DN_NC_073244.2_28711447_4	0.000000	0.000000	4	5	0	0
DN_NC_073230.2_74126483_4	DN_NC_073244.2_28820229_4	0.000000	0.000000	4	4	0	0
DN_NC_073230.2_74126483_4	DN_NC_073244.2_29046961_4	0.000000	0.000000	4	4	0	0
DN_NC_073230.2_74126483_4	DN_NC_073244.2_29232445_4	0.500000	1.000000	4	4	2	4
DN_NC_073230.2_74126483_4	DN_NC_073244.2_29297022_4	0.750000	0.750000	4	4	3	3
DN_NC_073230.2_74126483_4	DN_NC_073244.2_29557605_4	0.000000	0.000000	4	4	0	0
DN_NC_073230.2_74126483_4	DN_NC_073244.2_29680825_4	0.000000	0.250000	4	4	0	1
DN_NC_073230.2_74126483_4	DN_NC_073244.2_29970261_4	1.000000	1.000000	4	4	4	4
DN_NC_073230.2_74126483_4	DN_NC_073244.2_30067652_4	0.750000	0.750000	4	4	3	3
DN_NC_073230.2_74126483_4	DN_NC_073244.2_30090650_6	0.000000	0.000000	4	6	0	0
DN_NC_073230.2_74126483_4	DN_NC_073244.2_30438386_2	0.000000	0.000000	4	2	0	0
DN_NC_073230.2_74126483_4	DN_NC_073244.2_64034715_7	0.000000	0.000000	4	7	0	0
DN_NC_073230.2_74126483_4	DN_NC_073244.2_64125568_5	0.000000	0.000000	4	5	0	0
DN_NC_073230.2_74126483_4	DN_NC_073244.2_64400145_5	0.000000	0.000000	4	5	0	0
DN_NC_073230.2_74126483_4	DN_NC_073244.2_64426370_6	0.000000	0.000000	4	6	0	0
DN_NC_073230.2_74126483_4	DN_NC_073244.2_64500861_5	0.000000	0.000000	4	5	0	0
DN_NC_073230.2_74126483_4	DN_NC_073244.2_64585864_4	0.000000	0.000000	4	4	0	0
DN_NC_073230.2_74126483_4	DN_NC_073244.2_64672255_4	0.000000	0.000000	4	4	0	0
DN_NC_073230.2_74126483_4	DN_NC_073244.2_64759228_5	0.000000	0.000000	4	5	0	0
DN_NC_073230.2_74126483_4	DN_NC_073244.2_64797239_5	0.000000	0.000000	4	5	0	0
DN_NC_073230.2_74126483_4	DN_NC_073244.2_64836827_4	0.000000	0.000000	4	4	0	0
DN_NC_073230.2_74126483_4	DN_NC_073244.2_65046428_4	0.000000	0.000000	4	3	0	0
DN_NC_073230.2_74126483_4	DN_NC_073244.2_65266359_4	0.000000	0.000000	4	4	0	0
DN_NC_073230.2_74126483_4	DN_NC_073244.2_65326089_4	0.000000	0.000000	4	4	0	0
DN_NC_073230.2_74126483_4	DN_NC_073244.2_65362909_5	0.000000	0.000000	4	5	0	0
DN_NC_073230.2_74126483_4	DN_NC_073244.2_65398487_4	0.000000	0.000000	4	4	0	0
DN_NC_073230.2_74126483_4	DN_NC_073246.2_15789285_3	0.000000	0.000000	4	3	0	0
DN_NC_073230.2_74190280_2	DN_NC_073231.2_79866967_2	0.500000	0.500000	2	2	1	1
DN_NC_073230.2_74190289_5	DN_NC_073230.2_74299233_4	0.000000	0.000000	5	4	0	0
DN_NC_073230.2_74190289_5	DN_NC_073230.2_74637814_2	0.000000	0.000000	5	2	0	0
DN_NC_073230.2_74190289_5	DN_NC_073241.2_36126183_3	0.000000	0.000000	5	3	0	0
DN_NC_073230.2_74190289_5	DN_NC_073242.2_37386128_4	0.000000	0.000000	5	4	0	0
DN_NC_073230.2_74190289_5	DN_NC_073242.2_66613619_4	0.000000	0.000000	5	4	0	0
DN_NC_073230.2_74190289_5	DN_NC_073244.2_26240039_2	0.000000	0.000000	5	2	0	0
DN_NC_073230.2_74190289_5	DN_NC_073244.2_26314241_4	0.000000	0.000000	5	4	0	0
DN_NC_073230.2_74190289_5	DN_NC_073244.2_26470366_4	0.000000	0.000000	5	4	0	0
DN_NC_073230.2_74190289_5	DN_NC_073244.2_26666712_5	0.000000	0.000000	5	5	0	0
DN_NC_073230.2_74190289_5	DN_NC_073244.2_26901109_4	0.000000	0.000000	5	4	0	0
DN_NC_073230.2_74190289_5	DN_NC_073244.2_27051998_4	0.000000	0.000000	5	4	0	0
DN_NC_073230.2_74190289_5	DN_NC_073244.2_27131194_2	0.000000	0.000000	5	2	0	0
DN_NC_073230.2_74190289_5	DN_NC_073244.2_27285351_4	0.000000	0.000000	5	4	0	0
DN_NC_073230.2_74190289_5	DN_NC_073244.2_27408454_4	0.000000	0.000000	5	4	0	0
DN_NC_073230.2_74190289_5	DN_NC_073244.2_27504818_5	0.000000	0.000000	5	5	0	0
DN_NC_073230.2_74190289_5	DN_NC_073244.2_27566430_5	0.000000	0.000000	5	5	0	0
DN_NC_073230.2_74190289_5	DN_NC_073244.2_27765726_4	0.000000	0.000000	5	4	0	0
DN_NC_073230.2_74190289_5	DN_NC_073244.2_27869273_3	0.000000	0.000000	5	3	0	0
DN_NC_073230.2_74190289_5	DN_NC_073244.2_27956158_2	0.000000	0.000000	5	2	0	0
DN_NC_073230.2_74190289_5	DN_NC_073244.2_28072858_4	0.000000	0.000000	5	4	0	0
DN_NC_073230.2_74190289_5	DN_NC_073244.2_28256975_5	0.000000	0.000000	5	5	0	0
DN_NC_073230.2_74190289_5	DN_NC_073244.2_28333451_4	0.000000	0.000000	5	4	0	0
DN_NC_073230.2_74190289_5	DN_NC_073244.2_28588105_4	0.800000	0.500000	5	4	4	2
DN_NC_073230.2_74190289_5	DN_NC_073244.2_28711447_4	0.000000	0.000000	5	5	0	0
DN_NC_073230.2_74190289_5	DN_NC_073244.2_28820229_4	0.000000	0.000000	5	4	0	0
DN_NC_073230.2_74190289_5	DN_NC_073244.2_29046961_4	0.000000	0.000000	5	4	0	0
DN_NC_073230.2_74190289_5	DN_NC_073244.2_29232445_4	0.000000	0.250000	5	4	0	1
DN_NC_073230.2_74190289_5	DN_NC_073244.2_29297022_4	0.000000	0.000000	5	4	0	0
DN_NC_073230.2_74190289_5	DN_NC_073244.2_29557605_4	0.800000	1.000000	5	4	4	4
DN_NC_073230.2_74190289_5	DN_NC_073244.2_29680825_2	0.000000	0.000000	5	2	0	0
DN_NC_073230.2_74190289_5	DN_NC_073244.2_29970261_4	0.000000	0.000000	5	4	0	0
DN_NC_073230.2_74190289_5	DN_NC_073244.2_30438386_2	0.000000	0.000000	5	2	0	0
DN_NC_073230.2_74190289_5	DN_NC_073244.2_64724127_4	0.000000	0.000000	5	4	0	0
DN_NC_073230.2_74190289_5	DN_NC_073244.2_64797239_5	0.000000	0.000000	5	5	0	0
DN_NC_073230.2_74190289_5	DN_NC_073244.2_65293743_4	0.000000	0.000000	5	4	0	0
DN_NC_073230.2_74299233_4	DN_NC_073230.2_74637814_2	0.000000	0.500000	4	2	0	1
DN_NC_073230.2_74299233_4	DN_NC_073233.2_9788172_5	0.000000	0.000000	4	5	0	0
DN_NC_073230.2_74299233_4	DN_NC_073241.2_36126198_2	0.000000	0.000000	4	2	0	0
DN_NC_073230.2_74299233_4	DN_NC_073242.2_37386128_4	0.000000	0.000000	4	4	0	0
DN_NC_073230.2_74299233_4	DN_NC_073242.2_66613619_4	0.500000	0.500000	4	4	2	2
DN_NC_073230.2_74299233_4	DN_NC_073244.2_26240035_4	0.500000	0.500000	4	4	2	2
DN_NC_073230.2_74299233_4	DN_NC_073244.2_26314241_4	0.500000	0.500000	4	4	2	2
DN_NC_073230.2_74299233_4	DN_NC_073244.2_26470366_4	0.000000	0.000000	4	4	0	0
DN_NC_073230.2_74299233_4	DN_NC_073244.2_26666712_5	0.750000	0.800000	4	5	3	4
DN_NC_073230.2_74299233_4	DN_NC_073244.2_26901109_4	0.000000	0.000000	4	4	0	0
DN_NC_073230.2_74299233_4	DN_NC_073244.2_27051998_4	0.750000	0.750000	4	4	3	3
DN_NC_073230.2_74299233_4	DN_NC_073244.2_27131194_2	0.000000	0.000000	4	2	0	0
DN_NC_073230.2_74299233_4	DN_NC_073244.2_27285351_4	0.750000	0.750000	4	4	3	3
DN_NC_073230.2_74299233_4	DN_NC_073244.2_27408454_4	0.750000	0.750000	4	4	3	3
DN_NC_073230.2_74299233_4	DN_NC_073244.2_27504818_5	0.250000	0.200000	4	5	1	1
DN_NC_073230.2_74299233_4	DN_NC_073244.2_27626411_5	0.500000	0.400000	4	5	2	2
DN_NC_073230.2_74299233_4	DN_NC_073244.2_27765726_4	0.750000	1.000000	4	4	3	4
DN_NC_073230.2_74299233_4	DN_NC_073244.2_27869273_3	0.000000	0.000000	4	3	0	0
DN_NC_073230.2_74299233_4	DN_NC_073244.2_27956158_2	0.000000	0.500000	4	2	0	1
DN_NC_073230.2_74299233_4	DN_NC_073244.2_28072858_4	0.500000	0.500000	4	4	2	2
DN_NC_073230.2_74299233_4	DN_NC_073244.2_28256975_5	0.500000	0.400000	4	5	2	2
DN_NC_073230.2_74299233_4	DN_NC_073244.2_28333451_4	0.750000	0.750000	4	4	3	3
DN_NC_073230.2_74299233_4	DN_NC_073244.2_28588105_4	0.750000	0.750000	4	4	3	3
DN_NC_073230.2_74299233_4	DN_NC_073244.2_28711447_4	0.000000	0.000000	4	5	0	0
DN_NC_073230.2_74299233_4	DN_NC_073244.2_28820229_4	0.500000	0.500000	4	4	2	2
DN_NC_073230.2_74299233_4	DN_NC_073244.2_29046961_4	1.000000	1.000000	4	4	4	4
DN_NC_073230.2_74299233_4	DN_NC_073244.2_29232445_4	0.500000	1.000000	4	4	2	4
DN_NC_073230.2_74299233_4	DN_NC_073244.2_29297022_4	0.000000	0.000000	4	4	0	0
DN_NC_073230.2_74299233_4	DN_NC_073244.2_29557605_4	0.750000	1.000000	4	4	3	4
DN_NC_073230.2_74299233_4	DN_NC_073244.2_29680825_2	0.000000	0.000000	4	2	0	0
DN_NC_073230.2_74299233_4	DN_NC_073244.2_29970261_4	0.750000	1.000000	4	4	3	4
DN_NC_073230.2_74299233_4	DN_NC_073244.2_30067652_4	1.000000	0.750000	4	4	4	3
DN_NC_073230.2_74299233_4	DN_NC_073244.2_30090650_6	0.000000	0.000000	4	6	0	0
DN_NC_073230.2_74299233_4	DN_NC_073244.2_30438340_4	0.000000	0.000000	4	4	0	0
DN_NC_073230.2_74299233_4	DN_NC_073244.2_64125568_5	0.000000	0.000000	4	5	0	0
DN_NC_073230.2_74299233_4	DN_NC_073244.2_64265252_5	0.000000	0.000000	4	5	0	0
DN_NC_073230.2_74299233_4	DN_NC_073244.2_64340366_4	0.000000	0.000000	4	4	0	0
DN_NC_073230.2_74299233_4	DN_NC_073244.2_64759228_5	0.000000	0.000000	4	5	0	0
DN_NC_073230.2_74299233_4	DN_NC_073244.2_64836827_4	0.000000	0.000000	4	4	0	0
DN_NC_073230.2_74299233_4	DN_NC_073244.2_65003440_7	0.000000	0.000000	4	7	0	0
DN_NC_073230.2_74299233_4	DN_NC_073244.2_65046428_2	0.000000	0.000000	4	4	0	0
DN_NC_073230.2_74299233_4	DN_NC_073244.2_65266359_4	0.000000	0.000000	4	4	0	0
DN_NC_073230.2_74299233_4	DN_NC_073244.2_65293743_4	0.000000	0.000000	4	4	0	0
DN_NC_073230.2_74299233_4	DN_NC_073244.2_65362909_5	0.000000	0.000000	4	5	0	0
DN_NC_073230.2_74299233_4	DN_NC_073244.2_65398487_4	0.000000	0.000000	4	4	0	0
DN_NC_073230.2_74299233_4	DN_NC_073246.2_15789285_3	0.000000	0.000000	4	3	0	0
DN_NC_073230.2_74637722_4	DN_NC_073241.2_36126198_2	0.000000	0.000000	4	2	0	0
DN_NC_073230.2_74637722_4	DN_NC_073244.2_27765726_4	0.750000	0.750000	4	4	3	3
DN_NC_073230.2_74637722_4	DN_NC_073244.2_27956158_2	0.250000	0.500000	4	2	1	1
DN_NC_073230.2_74637722_4	DN_NC_073244.2_28820229_4	0.750000	0.500000	4	4	3	2
DN_NC_073230.2_74637722_4	DN_NC_073244.2_29232445_4	0.500000	0.750000	4	4	2	3
DN_NC_073230.2_74637722_4	DN_NC_073244.2_29557605_4	0.750000	0.750000	4	4	3	3
DN_NC_073230.2_74637722_4	DN_NC_073244.2_29680825_2	0.000000	0.000000	4	2	0	0
DN_NC_073230.2_74637722_4	DN_NC_073244.2_29970261_4	0.750000	0.750000	4	4	3	3
DN_NC_073230.2_74637722_4	DN_NC_073244.2_30438386_2	0.250000	0.500000	4	2	1	1
DN_NC_073230.2_74637722_4	DN_NC_073244.2_64125568_5	0.000000	0.000000	4	5	0	0
DN_NC_073230.2_74637722_4	DN_NC_073244.2_64908457_4	0.000000	0.000000	4	4	0	0
DN_NC_073230.2_74637722_4	DN_NC_073244.2_65046428_2	0.000000	0.000000	4	4	0	0
DN_NC_073230.2_74637814_2	DN_NC_073242.2_37386128_4	0.000000	0.000000	2	4	0	0
DN_NC_073230.2_74637814_2	DN_NC_073242.2_66613619_4	0.000000	0.000000	2	4	0	0
DN_NC_073230.2_74637814_2	DN_NC_073244.2_26240035_4	0.000000	0.000000	2	4	0	0
DN_NC_073230.2_74637814_2	DN_NC_073244.2_26314241_4	0.000000	0.000000	2	4	0	0
DN_NC_073230.2_74637814_2	DN_NC_073244.2_26470366_4	0.000000	0.000000	2	4	0	0
DN_NC_073230.2_74637814_2	DN_NC_073244.2_26666712_5	0.000000	0.000000	2	5	0	0
DN_NC_073230.2_74637814_2	DN_NC_073244.2_26901109_4	0.000000	0.000000	2	4	0	0
DN_NC_073230.2_74637814_2	DN_NC_073244.2_27051998_4	0.000000	0.000000	2	4	0	0
DN_NC_073230.2_74637814_2	DN_NC_073244.2_27131194_2	0.000000	0.000000	2	2	0	0
DN_NC_073230.2_74637814_2	DN_NC_073244.2_27285351_4	0.500000	0.000000	2	4	1	0
DN_NC_073230.2_74637814_2	DN_NC_073244.2_27408454_4	0.500000	0.250000	2	4	1	1
DN_NC_073230.2_74637814_2	DN_NC_073244.2_27504818_5	0.500000	0.000000	2	5	1	0
DN_NC_073230.2_74637814_2	DN_NC_073244.2_27626411_5	0.500000	0.000000	2	5	1	0
DN_NC_073230.2_74637814_2	DN_NC_073244.2_27869273_3	0.000000	0.000000	2	3	0	0
DN_NC_073230.2_74637814_2	DN_NC_073244.2_28072858_4	0.000000	0.000000	2	4	0	0
DN_NC_073230.2_74637814_2	DN_NC_073244.2_28256975_5	0.500000	0.200000	2	5	1	1
DN_NC_073230.2_74637814_2	DN_NC_073244.2_28333451_4	0.000000	0.250000	2	4	0	1
DN_NC_073230.2_74637814_2	DN_NC_073244.2_28588105_4	0.000000	0.000000	2	4	0	0
DN_NC_073230.2_74637814_2	DN_NC_073244.2_28711447_2	0.000000	0.000000	2	2	0	0
DN_NC_073230.2_74637814_2	DN_NC_073244.2_29046961_4	0.500000	0.250000	2	4	1	1
DN_NC_073230.2_74637814_2	DN_NC_073244.2_29297022_4	0.000000	0.000000	2	4	0	0
DN_NC_073230.2_74637814_2	DN_NC_073244.2_30067652_4	0.500000	0.000000	2	4	1	0
DN_NC_073230.2_74637814_2	DN_NC_073244.2_64034715_7	0.000000	0.000000	2	7	0	0
DN_NC_073230.2_74637814_2	DN_NC_073244.2_64759228_5	0.000000	0.000000	2	5	0	0
DN_NC_073230.2_74637814_2	DN_NC_073244.2_65073171_5	0.000000	0.000000	2	5	0	0
DN_NC_073230.2_74637814_2	DN_NC_073246.2_15789285_3	0.000000	0.000000	2	3	0	0
DN_NC_073230.2_74930869_10	DN_NC_073230.2_74941165_2	0.100000	0.000000	10	2	1	0
DN_NC_073230.2_75755711_3	DN_NC_073230.2_75935335_9	0.400000	0.222222	5	9	2	2
DN_NC_073230.2_76179541_5	DN_NC_073230.2_82279960_5	0.800000	1.000000	5	5	4	5
DN_NC_073230.2_76190196_16	DN_NC_073230.2_82009167_15	1.000000	1.000000	16	15	16	15
DN_NC_073230.2_76425037_7	DN_NC_073230.2_81087606_7	0.857143	0.571429	7	7	6	4
DN_NC_073230.2_80576116_9	DN_NC_073230.2_81087606_7	0.222222	0.285714	9	7	2	2
DN_NC_073230.2_82390460_3	DN_NC_073230.2_84208466_3	0.666667	0.666667	3	3	2	2
DN_NC_073230.2_82396764_10	DN_NC_073230.2_84201987_11	1.000000	1.000000	10	11	10	11
DN_NC_073230.2_82405962_7	DN_NC_073230.2_84189831_5	0.571429	0.600000	7	5	4	3
DN_NC_073230.2_83196711_9	DN_NC_086018.1_29227554_16	0.000000	0.000000	9	16	0	0
DN_NC_073230.2_84149572_5	DN_NC_073230.2_88425670_12	0.600000	0.250000	5	12	3	3
DN_NC_073230.2_84474222_2	DN_NC_086018.1_29956541_2	0.000000	0.000000	2	2	0	0
DN_NC_073230.2_84854491_12	DN_NC_073234.2_137155900_12	0.000000	0.000000	12	12	0	0
DN_NC_073230.2_86077849_4	DN_NC_073230.2_86186055_4	1.000000	1.000000	4	4	4	4
DN_NC_073230.2_86128587_5	DN_NC_073230.2_86213678_7	0.800000	0.571429	5	7	4	4
DN_NC_073230.2_87974016_14	DN_NC_086017.1_145972418_16	0.000000	0.000000	14	16	0	0
DN_NC_073230.2_87974016_14	DN_NC_086017.1_195677389_14	0.000000	0.000000	14	14	0	0
DN_NC_073230.2_88683937_6	DN_NC_073231.2_149487100_2	0.000000	0.000000	6	2	0	0
DN_NC_073230.2_88683937_6	DN_NC_073231.2_150568091_5	0.000000	0.000000	6	5	0	0
DN_NC_073230.2_88683937_6	DN_NC_073231.2_150618111_5	0.000000	0.000000	6	5	0	0
DN_NC_073230.2_88683937_6	DN_NC_073231.2_150726059_5	0.000000	0.000000	6	5	0	0
DN_NC_073230.2_88683937_6	DN_NC_073231.2_150777699_3	0.000000	0.000000	6	3	0	0
DN_NC_073230.2_88683937_6	DN_NC_073231.2_150817007_4	0.000000	0.000000	6	4	0	0
DN_NC_073230.2_88683937_6	DN_NC_073237.2_123801018_5	0.000000	0.000000	6	5	0	0
DN_NC_073230.2_88683937_6	DN_NC_073244.2_70159242_5	0.000000	0.000000	6	5	0	0
DN_NC_073230.2_88683937_6	DN_NC_073244.2_70323040_7	0.000000	0.000000	6	7	0	0
DN_NC_073230.2_88700652_4	DN_NC_073230.2_89296262_6	0.000000	0.000000	4	6	0	0
DN_NC_073230.2_88700652_4	DN_NC_073230.2_89330255_2	0.000000	0.000000	4	2	0	0
DN_NC_073230.2_88726357_6	DN_NC_073231.2_150671310_5	0.000000	0.000000	6	5	0	0
DN_NC_073230.2_89256114_4	DN_NC_073244.2_64908457_4	0.000000	0.000000	4	4	0	0
DN_NC_073230.2_89330255_2	DN_NC_073240.2_44172340_2	0.000000	0.000000	2	2	0	0
DN_NC_073230.2_89330255_2	DN_NC_073241.2_64479147_4	0.000000	0.000000	2	4	0	0
DN_NC_073230.2_89330255_2	DN_NC_073242.2_6930599_2	0.000000	0.000000	2	2	0	0
DN_NC_073230.2_89330255_2	DN_NC_073247.2_147064204_6	0.000000	0.000000	2	6	0	0
DN_NC_073230.2_89389986_8	DN_NC_073230.2_89408091_6	0.000000	0.166667	8	6	0	1
DN_NC_073230.2_90977223_13	DN_NC_073236.2_31570340_7	0.153846	0.142857	13	7	2	1
DN_NC_073230.2_91654449_3	DN_NC_073245.2_57775599_4	0.000000	0.000000	3	4	0	0
DN_NC_073230.2_92132360_3	DN_NC_073231.2_107519754_4	0.000000	0.000000	3	4	0	0
DN_NC_073230.2_92132360_3	DN_NC_073232.2_34013134_3	0.000000	0.000000	3	3	0	0
DN_NC_073230.2_92132360_3	DN_NC_073233.2_23732821_4	0.000000	0.000000	3	4	0	0
DN_NC_073230.2_92132360_3	DN_NC_073234.2_126370406_2	0.000000	0.000000	3	2	0	0
DN_NC_073230.2_92132360_3	DN_NC_073235.2_142785844_3	0.000000	0.000000	3	3	0	0
DN_NC_073230.2_92132360_3	DN_NC_073235.2_71373985_7	0.000000	0.142857	3	7	0	1
DN_NC_073230.2_92132360_3	DN_NC_073237.2_101948554_6	0.000000	0.000000	3	6	0	0
DN_NC_073230.2_92132360_3	DN_NC_073239.2_123449122_2	0.000000	0.000000	3	2	0	0
DN_NC_073230.2_92132360_3	DN_NC_073239.2_14838701_6	0.000000	0.000000	3	6	0	0
DN_NC_073230.2_92132360_3	DN_NC_073239.2_36370724_4	0.000000	0.000000	3	4	0	0
DN_NC_073230.2_92132360_3	DN_NC_073242.2_120248671_3	0.000000	0.000000	3	3	0	0
DN_NC_073230.2_92132360_3	DN_NC_073244.2_43610901_6	0.000000	0.166667	3	6	0	1
DN_NC_073230.2_92132360_3	DN_NC_073247.2_114234875_11	0.000000	0.000000	3	11	0	0
DN_NC_073230.2_92132360_3	DN_NC_073247.2_115708949_2	0.000000	0.000000	3	2	0	0
DN_NC_073230.2_92132360_3	DN_NC_073247.2_147586730_5	0.000000	0.000000	3	5	0	0
DN_NC_073230.2_92132360_3	DN_NC_086018.1_24877691_3	0.000000	0.000000	3	3	0	0
DN_NC_073230.2_94413807_52	DN_NC_073234.2_53272916_54	0.000000	0.000000	52	54	0	0
DN_NC_073230.2_94413807_52	DN_NC_073235.2_91416644_51	0.000000	0.000000	52	51	0	0
DN_NC_073230.2_95688791_4	DN_NC_073230.2_95718597_3	0.000000	0.000000	4	3	0	0
DN_NC_073230.2_98668717_3	DN_NC_073234.2_37699488_22	1.000000	0.181818	3	22	3	4
DN_NC_073231.2_104280615_11	DN_NC_073245.2_57199021_10	0.000000	0.000000	11	10	0	0
DN_NC_073231.2_105681903_7	DN_NC_073231.2_105703620_4	0.142857	0.250000	7	4	1	1
DN_NC_073231.2_107519754_4	DN_NC_073234.2_126370406_2	0.000000	0.000000	4	2	0	0
DN_NC_073231.2_107519754_4	DN_NC_073235.2_71373985_7	0.000000	0.142857	4	7	0	1
DN_NC_073231.2_107519754_4	DN_NC_073239.2_123333523_2	0.000000	0.000000	4	2	0	0
DN_NC_073231.2_107519754_4	DN_NC_073244.2_43610901_6	0.000000	0.166667	4	6	0	1
DN_NC_073231.2_107519754_4	DN_NC_073247.2_115708949_2	0.000000	0.000000	4	2	0	0
DN_NC_073231.2_107519754_4	DN_NC_073247.2_147586730_5	0.000000	0.000000	4	5	0	0
DN_NC_073231.2_109134791_7	DN_NC_073231.2_32715505_7	0.000000	0.000000	7	7	0	0
DN_NC_073231.2_11581641_7	DN_NC_073233.2_75718276_6	0.714286	0.833333	7	6	5	5
DN_NC_073231.2_11581641_7	DN_NC_073242.2_8737492_8	1.000000	0.875000	7	8	7	7
DN_NC_073231.2_11581641_7	DN_NC_086017.1_136773097_2	0.285714	0.500000	7	2	2	1
DN_NC_073231.2_11581641_7	DN_NC_086017.1_141278779_5	0.285714	0.400000	7	5	2	2
DN_NC_073231.2_11581641_7	DN_NC_086017.1_85330170_7	1.000000	1.000000	7	7	7	7
DN_NC_073231.2_12364354_11	DN_NC_073245.2_44289870_13	0.000000	0.000000	11	13	0	0
DN_NC_073231.2_130802378_3	DN_NC_073240.2_91564233_4	0.000000	0.000000	3	4	0	0
DN_NC_073231.2_130827518_11	DN_NC_073231.2_130851528_29	0.000000	0.034483	11	29	0	1
DN_NC_073231.2_14164248_27	DN_NC_073232.2_104141687_27	0.000000	0.000000	27	27	0	0
DN_NC_073231.2_148826481_3	DN_NC_073236.2_30490104_2	0.000000	0.000000	3	2	0	0
DN_NC_073231.2_149140314_3	DN_NC_073244.2_68699723_3	0.000000	0.000000	3	3	0	0
DN_NC_073231.2_149140314_3	DN_NC_086018.1_17871581_2	0.000000	0.000000	3	2	0	0
DN_NC_073231.2_149487100_2	DN_NC_073236.2_32240619_3	0.000000	0.000000	2	3	0	0
DN_NC_073231.2_149487156_2	DN_NC_073231.2_150568091_5	0.000000	0.000000	2	5	0	0
DN_NC_073231.2_149487156_2	DN_NC_073231.2_150817007_4	0.000000	0.000000	2	4	0	0
DN_NC_073231.2_150568091_5	DN_NC_073231.2_150618111_5	0.000000	0.000000	5	5	0	0
DN_NC_073231.2_150568091_5	DN_NC_073231.2_150726059_5	0.000000	0.000000	5	5	0	0
DN_NC_073231.2_150568091_5	DN_NC_073231.2_150777699_3	0.000000	0.000000	5	3	0	0
DN_NC_073231.2_150568091_5	DN_NC_073231.2_150817007_4	0.000000	0.000000	5	4	0	0
DN_NC_073231.2_150568091_5	DN_NC_073244.2_70323040_7	0.000000	0.000000	5	7	0	0
DN_NC_073231.2_150568091_5	DN_NC_086018.1_21231592_2	0.000000	0.000000	5	2	0	0
DN_NC_073231.2_150618111_5	DN_NC_073231.2_150726059_5	0.000000	0.000000	5	5	0	0
DN_NC_073231.2_150618111_5	DN_NC_073231.2_150777699_3	0.000000	0.000000	5	3	0	0
DN_NC_073231.2_150618111_5	DN_NC_073237.2_123801018_5	0.000000	0.000000	5	5	0	0
DN_NC_073231.2_150618111_5	DN_NC_073244.2_70159242_5	0.000000	0.000000	5	5	0	0
DN_NC_073231.2_150618111_5	DN_NC_086018.1_21231592_2	0.000000	0.000000	5	2	0	0
DN_NC_073231.2_150671293_2	DN_NC_073243.2_20322881_2	0.000000	0.000000	2	2	0	0
DN_NC_073231.2_150671293_2	DN_NC_073244.2_59724372_5	0.000000	0.000000	2	5	0	0
DN_NC_073231.2_150671293_2	DN_NC_073244.2_59726455_2	0.000000	0.000000	2	2	0	0
DN_NC_073231.2_150671293_2	DN_NC_073244.2_68548768_5	0.000000	0.000000	2	5	0	0
DN_NC_073231.2_150671293_2	DN_NC_073244.2_69294668_4	0.000000	0.000000	2	4	0	0
DN_NC_073231.2_150671293_2	DN_NC_073244.2_69343714_4	0.000000	0.000000	2	4	0	0
DN_NC_073231.2_150671293_2	DN_NC_073244.2_69422908_4	0.000000	0.000000	2	4	0	0
DN_NC_073231.2_150671293_2	DN_NC_073244.2_69643403_5	0.000000	0.000000	2	5	0	0
DN_NC_073231.2_150671293_2	DN_NC_086017.1_54551513_4	0.000000	0.000000	2	4	0	0
DN_NC_073231.2_150671310_5	DN_NC_073241.2_64468689_4	0.000000	0.000000	5	4	0	0
DN_NC_073231.2_150671310_5	DN_NC_073241.2_64520240_3	0.000000	0.000000	5	3	0	0
DN_NC_073231.2_150671310_5	DN_NC_073244.2_70422477_3	0.000000	0.000000	5	3	0	0
DN_NC_073231.2_150671310_5	DN_NC_086017.1_54612772_3	0.000000	0.000000	5	3	0	0
DN_NC_073231.2_150726059_5	DN_NC_073231.2_150817007_4	0.000000	0.000000	5	4	0	0
DN_NC_073231.2_150726059_5	DN_NC_073244.2_70159242_5	0.000000	0.000000	5	5	0	0
DN_NC_073231.2_150777699_3	DN_NC_073231.2_150817007_4	0.000000	0.000000	3	4	0	0
DN_NC_073231.2_150777699_3	DN_NC_073244.2_70159242_5	0.000000	0.000000	3	5	0	0
DN_NC_073231.2_150777699_3	DN_NC_073244.2_70323040_7	0.000000	0.000000	3	7	0	0
DN_NC_073231.2_150817007_4	DN_NC_073236.2_32240619_3	0.000000	0.000000	4	3	0	0
DN_NC_073231.2_150817007_4	DN_NC_073237.2_123801018_5	0.000000	0.000000	4	5	0	0
DN_NC_073231.2_150817007_4	DN_NC_073244.2_70323040_7	0.000000	0.000000	4	7	0	0
DN_NC_073231.2_150893284_5	DN_NC_073242.2_6296327_3	0.000000	0.333333	5	3	0	1
DN_NC_073231.2_150902261_3	DN_NC_073232.2_146269317_5	0.666667	0.600000	3	5	2	3
DN_NC_073231.2_150902261_3	DN_NC_073232.2_8583099_4	0.666667	0.750000	3	4	2	3
DN_NC_073231.2_150902261_3	DN_NC_073236.2_140400059_5	0.666667	0.600000	3	5	2	3
DN_NC_073231.2_150902261_3	DN_NC_073237.2_118498911_4	0.666667	0.750000	3	4	2	3
DN_NC_073231.2_150902261_3	DN_NC_073239.2_124648897_4	0.666667	0.750000	3	4	2	3
DN_NC_073231.2_150902261_3	DN_NC_073240.2_103747497_4	0.666667	0.750000	3	4	2	3
DN_NC_073231.2_150902261_3	DN_NC_073241.2_110003031_5	0.666667	0.600000	3	5	2	3
DN_NC_073231.2_150902261_3	DN_NC_073242.2_121237165_4	0.666667	0.750000	3	4	2	3
DN_NC_073231.2_150902261_3	DN_NC_073244.2_70818649_5	0.666667	0.600000	3	5	2	3
DN_NC_073231.2_150902261_3	DN_NC_086017.1_211655827_5	0.666667	0.600000	3	5	2	3
DN_NC_073231.2_150902261_3	DN_NC_086017.1_9337960_4	0.666667	0.750000	3	4	2	3
DN_NC_073231.2_151095996_10	DN_NC_073235.2_15191747_16	0.900000	0.500000	10	16	9	8
DN_NC_073231.2_151170137_9	DN_NC_073235.2_15131698_9	0.888889	0.777778	9	9	8	7
DN_NC_073231.2_151170137_9	DN_NC_073247.2_167707352_7	1.000000	1.000000	9	7	9	7
DN_NC_073231.2_151170137_9	DN_NC_086018.1_48818439_9	0.888889	1.000000	9	9	8	9
DN_NC_073231.2_27206312_6	DN_NC_073232.2_54856348_6	0.000000	0.000000	6	6	0	0
DN_NC_073231.2_27219653_9	DN_NC_073231.2_27420263_10	0.000000	0.000000	9	10	0	0
DN_NC_073231.2_27335163_6	DN_NC_073231.2_27367940_9	0.833333	0.555556	6	9	5	5
DN_NC_073231.2_27367940_9	DN_NC_073231.2_27420263_10	0.000000	0.000000	9	10	0	0
DN_NC_073231.2_4571400_3	DN_NC_073244.2_6036407_2	0.000000	0.500000	3	2	0	1
DN_NC_073231.2_4596743_6	DN_NC_073244.2_15453865_9	0.000000	0.000000	6	9	0	0
DN_NC_073231.2_4596743_6	DN_NC_073244.2_15508499_10	0.000000	0.000000	6	10	0	0
DN_NC_073231.2_47085106_7	DN_NC_073234.2_95346893_3	0.714286	0.000000	7	3	5	0
DN_NC_073231.2_50727873_22	DN_NC_073245.2_59890561_21	0.000000	0.000000	22	21	0	0
DN_NC_073231.2_53153474_12	DN_NC_073245.2_61178675_39	0.000000	0.000000	12	39	0	0
DN_NC_073231.2_53708239_3	DN_NC_073233.2_130995027_7	0.000000	0.000000	3	7	0	0
DN_NC_073231.2_53708239_3	DN_NC_086017.1_161710205_3	0.000000	0.000000	3	3	0	0
DN_NC_073231.2_79409495_17	DN_NC_073232.2_40728717_16	0.000000	0.000000	17	16	0	0
DN_NC_073232.2_100192352_9	DN_NC_073237.2_29305062_2	1.000000	0.500000	9	2	9	1
DN_NC_073232.2_100896386_2	DN_NC_073232.2_100896386_3	0.500000	0.333333	2	3	1	1
DN_NC_073232.2_101543079_10	DN_NC_073235.2_71373985_7	0.000000	0.142857	10	7	0	1
DN_NC_073232.2_101543079_10	DN_NC_073244.2_43610901_6	0.000000	0.166667	10	6	0	1
DN_NC_073232.2_108139494_4	DN_NC_073235.2_106111443_2	0.000000	0.500000	4	2	0	1
DN_NC_073232.2_108425417_2	DN_NC_073232.2_108425608_2	0.500000	0.500000	2	2	1	1
DN_NC_073232.2_12004654_22	DN_NC_073234.2_53131451_25	0.000000	0.000000	22	25	0	0
DN_NC_073232.2_12004654_22	DN_NC_073246.2_46134650_22	0.000000	0.000000	22	22	0	0
DN_NC_073232.2_123144734_12	DN_NC_073232.2_123171879_4	0.083333	0.250000	12	4	1	1
DN_NC_073232.2_128963971_12	DN_NC_073245.2_13635871_13	0.000000	0.000000	12	13	0	0
DN_NC_073232.2_135159346_4	DN_NC_073232.2_135204586_6	0.000000	0.166667	4	6	0	1
DN_NC_073232.2_135254310_6	DN_NC_073232.2_135264721_4	0.166667	0.250000	6	4	1	1
DN_NC_073232.2_13920774_9	DN_NC_073232.2_13945467_9	1.000000	1.000000	9	9	9	9
DN_NC_073232.2_140203810_21	DN_NC_073245.2_12872093_19	0.000000	0.000000	21	19	0	0
DN_NC_073232.2_14351656_4	DN_NC_073234.2_52064465_4	0.000000	0.000000	4	4	0	0
DN_NC_073232.2_14351656_4	DN_NC_073234.2_52151326_4	0.000000	0.000000	4	4	0	0
DN_NC_073232.2_14351656_4	DN_NC_073234.2_52202911_4	0.000000	0.000000	4	4	0	0
DN_NC_073232.2_14351656_4	DN_NC_073235.2_121946440_4	0.000000	0.000000	4	4	0	0
DN_NC_073232.2_14351656_4	DN_NC_073235.2_31723374_5	0.000000	0.000000	4	5	0	0
DN_NC_073232.2_14351656_4	DN_NC_073235.2_32697745_5	0.000000	0.000000	4	5	0	0
DN_NC_073232.2_145623155_3	DN_NC_073236.2_113129170_6	0.000000	0.000000	2	6	0	0
DN_NC_073232.2_145623155_3	DN_NC_073247.2_34199522_16	0.000000	0.000000	2	16	0	0
DN_NC_073232.2_146269317_5	DN_NC_073232.2_8583099_4	0.600000	0.750000	5	4	3	3
DN_NC_073232.2_146269317_5	DN_NC_073236.2_140400059_5	1.000000	1.000000	5	5	5	5
DN_NC_073232.2_146269317_5	DN_NC_073237.2_118498911_4	0.600000	0.750000	5	4	3	3
DN_NC_073232.2_146269317_5	DN_NC_073239.2_124648897_4	0.600000	0.750000	5	4	3	3
DN_NC_073232.2_146269317_5	DN_NC_073240.2_103747497_4	0.600000	0.750000	5	4	3	3
DN_NC_073232.2_146269317_5	DN_NC_073241.2_110003031_5	1.000000	1.000000	5	5	5	5
DN_NC_073232.2_146269317_5	DN_NC_073242.2_121237165_4	0.600000	0.750000	5	4	3	3
DN_NC_073232.2_146269317_5	DN_NC_073244.2_70818649_5	1.000000	1.000000	5	5	5	5
DN_NC_073232.2_146269317_5	DN_NC_086017.1_211655827_5	1.000000	1.000000	5	5	5	5
DN_NC_073232.2_146269317_5	DN_NC_086017.1_9337960_4	0.600000	0.750000	5	4	3	3
DN_NC_073232.2_14850424_21	DN_NC_073232.2_14895260_2	0.047619	0.000000	21	2	1	0
DN_NC_073232.2_15175774_15	DN_NC_086017.1_58383797_14	0.000000	0.000000	15	14	0	0
DN_NC_073232.2_26196651_3	DN_NC_073232.2_26211167_9	0.333333	0.000000	3	9	1	0
DN_NC_073232.2_34013134_3	DN_NC_073235.2_71373985_7	0.000000	0.142857	3	7	0	1
DN_NC_073232.2_34013134_3	DN_NC_073244.2_43610901_6	0.000000	0.166667	3	6	0	1
DN_NC_073232.2_34013134_3	DN_NC_073245.2_47429376_4	0.000000	0.000000	3	4	0	0
DN_NC_073232.2_34013134_3	DN_NC_073247.2_147586730_5	0.000000	0.000000	3	5	0	0
DN_NC_073232.2_36391573_6	DN_NC_073232.2_91788490_6	0.833333	1.000000	6	6	5	6
DN_NC_073232.2_42022900_16	DN_NC_073232.2_72618921_23	0.437500	0.260870	16	23	7	6
DN_NC_073232.2_42152672_3	DN_NC_073244.2_57062895_2	0.000000	0.000000	3	2	0	0
DN_NC_073232.2_42645510_15	DN_NC_073241.2_78772517_7	0.000000	0.428571	15	7	0	3
DN_NC_073232.2_46350686_18	DN_NC_073232.2_46484201_18	0.000000	0.000000	18	18	0	0
DN_NC_073232.2_46350686_18	DN_NC_073236.2_64893638_18	0.000000	0.000000	18	18	0	0
DN_NC_073232.2_46484201_18	DN_NC_073236.2_64893638_18	0.000000	0.000000	18	18	0	0
DN_NC_073232.2_46766506_15	DN_NC_073232.2_46804261_15	0.000000	0.000000	15	15	0	0
DN_NC_073232.2_50172230_4	DN_NC_073235.2_71373985_7	0.000000	0.142857	4	7	0	1
DN_NC_073232.2_56389207_14	DN_NC_073232.2_56509561_5	0.071429	0.000000	14	5	1	0
DN_NC_073232.2_64911725_5	DN_NC_073232.2_65009281_5	1.000000	1.000000	5	5	5	5
DN_NC_073232.2_64911725_5	DN_NC_073232.2_65534545_21	0.600000	0.142857	5	21	3	3
DN_NC_073232.2_65009281_5	DN_NC_073232.2_65534545_21	0.600000	0.142857	5	21	3	3
DN_NC_073232.2_65161149_4	DN_NC_086017.1_82640717_11	0.000000	0.909091	4	11	0	10
DN_NC_073232.2_65721054_29	DN_NC_073232.2_69588940_31	1.000000	1.000000	29	31	29	31
DN_NC_073232.2_65905862_9	DN_NC_073232.2_69473322_8	0.111111	0.125000	9	8	1	1
DN_NC_073232.2_65905862_9	DN_NC_073244.2_56720868_3	0.000000	0.000000	9	3	0	0
DN_NC_073232.2_65905862_9	DN_NC_086018.1_19844955_6	0.111111	0.000000	9	9	1	0
DN_NC_073232.2_68371563_10	DN_NC_073232.2_68618263_8	0.900000	1.000000	10	8	9	8
DN_NC_073232.2_68914292_6	DN_NC_073232.2_99479042_10	0.833333	0.600000	6	10	5	6
DN_NC_073232.2_71881610_2	DN_NC_073244.2_55607411_6	0.000000	0.000000	2	6	0	0
DN_NC_073232.2_71881634_2	DN_NC_073244.2_55618657_2	0.000000	0.000000	2	2	0	0
DN_NC_073232.2_71881634_2	DN_NC_073244.2_55678004_6	0.000000	0.000000	2	6	0	0
DN_NC_073232.2_71881634_2	DN_NC_073244.2_55797441_5	0.000000	0.000000	2	5	0	0
DN_NC_073232.2_71881634_2	DN_NC_073244.2_55835875_4	0.000000	0.000000	2	4	0	0
DN_NC_073232.2_71881634_2	DN_NC_073244.2_55940471_6	0.000000	0.000000	2	6	0	0
DN_NC_073232.2_71973207_3	DN_NC_073232.2_72820474_5	0.000000	0.000000	3	5	0	0
DN_NC_073232.2_71973207_3	DN_NC_073232.2_80964961_8	0.000000	0.000000	3	8	0	0
DN_NC_073232.2_71973207_3	DN_NC_073232.2_81033881_5	0.000000	0.000000	3	5	0	0
DN_NC_073232.2_71973207_3	DN_NC_073234.2_148420424_5	0.000000	0.000000	3	5	0	0
DN_NC_073232.2_71973207_3	DN_NC_073234.2_148537990_5	0.000000	0.000000	3	5	0	0
DN_NC_073232.2_71973207_3	DN_NC_073234.2_148682020_7	0.000000	0.000000	3	7	0	0
DN_NC_073232.2_71973207_3	DN_NC_073237.2_109230975_4	0.000000	0.000000	3	4	0	0
DN_NC_073232.2_71973207_3	DN_NC_073237.2_109279481_4	0.000000	0.000000	3	4	0	0
DN_NC_073232.2_71973207_3	DN_NC_073237.2_23553596_5	0.000000	0.000000	3	5	0	0
DN_NC_073232.2_71973207_3	DN_NC_073237.2_93211680_6	0.000000	0.000000	3	6	0	0
DN_NC_073232.2_71973207_3	DN_NC_073237.2_93275727_4	0.000000	0.000000	3	4	0	0
DN_NC_073232.2_71973207_3	DN_NC_073244.2_47706466_2	0.000000	0.000000	3	2	0	0
DN_NC_073232.2_71973207_3	DN_NC_073244.2_47798559_5	0.000000	0.000000	3	5	0	0
DN_NC_073232.2_71973207_3	DN_NC_073244.2_47878793_6	0.000000	0.000000	3	6	0	0
DN_NC_073232.2_71973207_3	DN_NC_073244.2_48093173_7	0.000000	0.000000	3	7	0	0
DN_NC_073232.2_71973207_3	DN_NC_073244.2_48319142_5	0.000000	0.000000	3	5	0	0
DN_NC_073232.2_71973207_3	DN_NC_073244.2_48352926_4	0.000000	0.000000	3	4	0	0
DN_NC_073232.2_71973207_3	DN_NC_073244.2_48620420_5	0.000000	0.000000	3	5	0	0
DN_NC_073232.2_71973207_3	DN_NC_073244.2_48660338_4	0.000000	0.000000	3	4	0	0
DN_NC_073232.2_71973207_3	DN_NC_073244.2_48919547_6	0.000000	0.000000	3	6	0	0
DN_NC_073232.2_71973207_3	DN_NC_073244.2_63840101_6	0.000000	0.000000	3	6	0	0
DN_NC_073232.2_71973207_3	DN_NC_073244.2_63882905_5	0.000000	0.000000	3	5	0	0
DN_NC_073232.2_71973207_3	DN_NC_073245.2_58728682_5	0.000000	0.000000	3	5	0	0
DN_NC_073232.2_71973207_3	DN_NC_073247.2_58372296_6	0.000000	0.000000	3	5	0	0
DN_NC_073232.2_71973207_3	DN_NC_086017.1_85766278_5	0.000000	0.000000	3	5	0	0
DN_NC_073232.2_72046295_2	DN_NC_073247.2_113184310_2	0.000000	0.000000	2	2	0	0
DN_NC_073232.2_72618921_23	DN_NC_073236.2_30994185_5	0.173913	0.600000	23	5	4	3
DN_NC_073232.2_72618921_23	DN_NC_073237.2_22957046_5	0.173913	0.600000	23	5	4	3
DN_NC_073232.2_72618921_23	DN_NC_073238.2_29552503_8	0.347826	0.750000	23	8	8	6
DN_NC_073232.2_72618921_23	DN_NC_086018.1_19844955_6	0.347826	0.777778	23	9	8	7
DN_NC_073232.2_72820474_5	DN_NC_073232.2_80964961_8	0.000000	0.000000	5	8	0	0
DN_NC_073232.2_72820474_5	DN_NC_073232.2_81033881_5	1.000000	1.000000	5	5	5	5
DN_NC_073232.2_72820474_5	DN_NC_073232.2_81134357_6	0.000000	0.000000	5	6	0	0
DN_NC_073232.2_72820474_5	DN_NC_073234.2_148537990_5	0.000000	0.000000	5	5	0	0
DN_NC_073232.2_72820474_5	DN_NC_073234.2_148580749_5	0.000000	0.000000	5	5	0	0
DN_NC_073232.2_72820474_5	DN_NC_073234.2_148630977_5	0.000000	0.000000	5	5	0	0
DN_NC_073232.2_72820474_5	DN_NC_073234.2_148682020_7	0.000000	0.000000	5	7	0	0
DN_NC_073232.2_72820474_5	DN_NC_073237.2_109230975_4	0.000000	0.000000	5	4	0	0
DN_NC_073232.2_72820474_5	DN_NC_073237.2_109279481_4	0.000000	0.000000	5	4	0	0
DN_NC_073232.2_72820474_5	DN_NC_073237.2_93275727_4	0.000000	0.000000	5	4	0	0
DN_NC_073232.2_72820474_5	DN_NC_073244.2_47706466_2	0.000000	0.000000	5	2	0	0
DN_NC_073232.2_72820474_5	DN_NC_073244.2_47798559_5	0.000000	0.000000	5	5	0	0
DN_NC_073232.2_72820474_5	DN_NC_073244.2_47878793_6	0.000000	0.000000	5	6	0	0
DN_NC_073232.2_72820474_5	DN_NC_073244.2_48093173_7	0.000000	0.000000	5	7	0	0
DN_NC_073232.2_72820474_5	DN_NC_073244.2_48620420_5	0.000000	0.000000	5	5	0	0
DN_NC_073232.2_72820474_5	DN_NC_073244.2_48660338_4	0.000000	0.000000	5	4	0	0
DN_NC_073232.2_72820474_5	DN_NC_073244.2_48919547_6	0.000000	0.000000	5	6	0	0
DN_NC_073232.2_72820474_5	DN_NC_073244.2_63895938_6	0.000000	0.000000	5	6	0	0
DN_NC_073232.2_72820474_5	DN_NC_073244.2_63934684_6	0.000000	0.000000	5	6	0	0
DN_NC_073232.2_72820474_5	DN_NC_073247.2_57761829_5	0.000000	0.000000	5	5	0	0
DN_NC_073232.2_72820474_5	DN_NC_073247.2_58372296_6	0.000000	0.000000	5	5	0	0
DN_NC_073232.2_72820474_5	DN_NC_086017.1_85766278_5	0.000000	0.000000	5	5	0	0
DN_NC_073232.2_72957232_4	DN_NC_073238.2_33904146_3	0.000000	0.333333	4	3	0	1
DN_NC_073232.2_72957232_4	DN_NC_073244.2_50702615_6	0.000000	0.000000	4	6	0	0
DN_NC_073232.2_80964961_8	DN_NC_073232.2_81033881_5	0.000000	0.000000	8	5	0	0
DN_NC_073232.2_80964961_8	DN_NC_073234.2_148537990_5	0.000000	0.000000	8	5	0	0
DN_NC_073232.2_80964961_8	DN_NC_073237.2_109230975_4	0.000000	0.000000	8	4	0	0
DN_NC_073232.2_80964961_8	DN_NC_073237.2_109279481_4	0.000000	0.000000	8	4	0	0
DN_NC_073232.2_80964961_8	DN_NC_073237.2_93275727_4	0.000000	0.000000	8	4	0	0
DN_NC_073232.2_80964961_8	DN_NC_073244.2_47798559_5	0.000000	0.000000	8	5	0	0
DN_NC_073232.2_80964961_8	DN_NC_073244.2_47878793_6	0.000000	0.000000	8	6	0	0
DN_NC_073232.2_80964961_8	DN_NC_073244.2_48620420_5	0.000000	0.000000	8	5	0	0
DN_NC_073232.2_80964961_8	DN_NC_073244.2_48660338_4	0.000000	0.000000	8	4	0	0
DN_NC_073232.2_80964961_8	DN_NC_073244.2_55989141_5	0.000000	0.000000	8	5	0	0
DN_NC_073232.2_80964961_8	DN_NC_073245.2_58728682_5	0.000000	0.000000	8	5	0	0
DN_NC_073232.2_80964961_8	DN_NC_073247.2_56899135_7	0.000000	0.000000	8	7	0	0
DN_NC_073232.2_80964961_8	DN_NC_073247.2_57761829_5	0.000000	0.000000	8	5	0	0
DN_NC_073232.2_80964961_8	DN_NC_073247.2_57840463_5	0.000000	0.000000	8	5	0	0
DN_NC_073232.2_80964961_8	DN_NC_086017.1_85766278_5	0.000000	0.000000	8	5	0	0
DN_NC_073232.2_81033881_5	DN_NC_073234.2_148420424_5	0.000000	0.000000	5	5	0	0
DN_NC_073232.2_81033881_5	DN_NC_073234.2_148537990_5	0.000000	0.000000	5	5	0	0
DN_NC_073232.2_81033881_5	DN_NC_073234.2_148682020_7	0.000000	0.000000	5	7	0	0
DN_NC_073232.2_81033881_5	DN_NC_073237.2_109279481_4	0.000000	0.000000	5	4	0	0
DN_NC_073232.2_81033881_5	DN_NC_073237.2_93275727_4	0.000000	0.000000	5	4	0	0
DN_NC_073232.2_81033881_5	DN_NC_073244.2_47706466_2	0.000000	0.000000	5	2	0	0
DN_NC_073232.2_81033881_5	DN_NC_073244.2_47798559_5	0.000000	0.000000	5	5	0	0
DN_NC_073232.2_81033881_5	DN_NC_073244.2_47878793_6	0.000000	0.000000	5	6	0	0
DN_NC_073232.2_81033881_5	DN_NC_073244.2_48093173_7	0.000000	0.000000	5	7	0	0
DN_NC_073232.2_81033881_5	DN_NC_073244.2_48660338_4	0.000000	0.000000	5	4	0	0
DN_NC_073232.2_81033881_5	DN_NC_073244.2_48919547_6	0.000000	0.000000	5	6	0	0
DN_NC_073232.2_81033881_5	DN_NC_073244.2_55989141_5	0.000000	0.000000	5	5	0	0
DN_NC_073232.2_81033881_5	DN_NC_073244.2_63895938_6	0.000000	0.000000	5	6	0	0
DN_NC_073232.2_81033881_5	DN_NC_073244.2_63934684_6	0.000000	0.000000	5	6	0	0
DN_NC_073232.2_81033881_5	DN_NC_073245.2_58728682_5	0.000000	0.000000	5	5	0	0
DN_NC_073232.2_81033881_5	DN_NC_073247.2_56899135_7	0.000000	0.000000	5	7	0	0
DN_NC_073232.2_81033881_5	DN_NC_073247.2_57761829_5	0.000000	0.000000	5	5	0	0
DN_NC_073232.2_81033881_5	DN_NC_073247.2_57840463_5	0.000000	0.000000	5	5	0	0
DN_NC_073232.2_81033881_5	DN_NC_073247.2_58372296_6	0.000000	0.000000	5	5	0	0
DN_NC_073232.2_81033881_5	DN_NC_086017.1_85766278_5	0.000000	0.000000	5	5	0	0
DN_NC_073232.2_81134357_6	DN_NC_073237.2_109279481_4	0.000000	0.000000	6	4	0	0
DN_NC_073232.2_81134357_6	DN_NC_073237.2_93211680_6	0.000000	0.000000	6	6	0	0
DN_NC_073232.2_81134357_6	DN_NC_073244.2_48093173_7	0.000000	0.000000	6	7	0	0
DN_NC_073232.2_81134357_6	DN_NC_086017.1_85766278_5	0.000000	0.000000	6	5	0	0
DN_NC_073232.2_8583099_4	DN_NC_073236.2_140400059_5	0.750000	0.600000	4	5	3	3
DN_NC_073232.2_8583099_4	DN_NC_073237.2_118498911_4	1.000000	1.000000	4	4	4	4
DN_NC_073232.2_8583099_4	DN_NC_073239.2_124648897_4	1.000000	1.000000	4	4	4	4
DN_NC_073232.2_8583099_4	DN_NC_073240.2_103747497_4	1.000000	1.000000	4	4	4	4
DN_NC_073232.2_8583099_4	DN_NC_073241.2_110003031_5	0.750000	0.600000	4	5	3	3
DN_NC_073232.2_8583099_4	DN_NC_073242.2_121237165_4	1.000000	1.000000	4	4	4	4
DN_NC_073232.2_8583099_4	DN_NC_073244.2_70818649_5	0.750000	0.600000	4	5	3	3
DN_NC_073232.2_8583099_4	DN_NC_086017.1_211655827_5	0.750000	0.600000	4	5	3	3
DN_NC_073232.2_8583099_4	DN_NC_086017.1_9337960_4	0.750000	1.000000	4	4	3	4
DN_NC_073232.2_88373590_10	DN_NC_073232.2_89563823_24	0.300000	0.208333	10	24	3	5
DN_NC_073232.2_8894424_4	DN_NC_073242.2_120770730_3	0.500000	0.666667	4	3	2	2
DN_NC_073232.2_8975313_3	DN_NC_073237.2_133664160_4	0.333333	0.250000	3	4	1	1
DN_NC_073232.2_8975313_3	DN_NC_073242.2_120516047_4	0.000000	0.000000	3	4	0	0
DN_NC_073232.2_8975313_3	DN_NC_073244.2_12296250_4	0.000000	0.000000	3	4	0	0
DN_NC_073232.2_92223921_5	DN_NC_073232.2_99723280_5	1.000000	1.000000	5	5	5	5
DN_NC_073232.2_92781991_6	DN_NC_073240.2_56108341_2	0.000000	0.000000	6	2	0	0
DN_NC_073232.2_99433455_13	DN_NC_073247.2_132688708_2	0.923077	0.500000	13	2	12	1
DN_NC_073232.2_99830035_5	DN_NC_073235.2_71373985_7	0.000000	0.142857	5	7	0	1
DN_NC_073233.2_103065421_4	DN_NC_073233.2_103150044_4	0.250000	0.250000	4	4	1	1
DN_NC_073233.2_103702122_11	DN_NC_073233.2_103744968_15	0.000000	0.066667	11	15	0	1
DN_NC_073233.2_10737351_7	DN_NC_073233.2_11930987_8	0.000000	0.000000	7	8	0	0
DN_NC_073233.2_110213303_8	DN_NC_073233.2_110238282_9	0.000000	0.000000	8	9	0	0
DN_NC_073233.2_112912081_9	DN_NC_073233.2_112925764_3	0.111111	0.666667	9	3	1	2
DN_NC_073233.2_11450665_3	DN_NC_073246.2_35769268_8	0.000000	0.000000	3	8	0	0
DN_NC_073233.2_116263271_8	DN_NC_073235.2_71373985_7	0.000000	0.142857	8	7	0	1
DN_NC_073233.2_116263271_8	DN_NC_073239.2_123333523_2	0.000000	0.000000	8	2	0	0
DN_NC_073233.2_116263271_8	DN_NC_073244.2_43610901_6	0.000000	0.166667	8	6	0	1
DN_NC_073233.2_116263271_8	DN_NC_073247.2_147586730_5	0.000000	0.000000	8	5	0	0
DN_NC_073233.2_118106361_14	DN_NC_073247.2_77369372_13	0.000000	0.000000	14	13	0	0
DN_NC_073233.2_11930987_8	DN_NC_073233.2_11960151_8	0.000000	0.000000	8	8	0	0
DN_NC_073233.2_11930987_8	DN_NC_073233.2_12022944_8	0.000000	0.000000	8	8	0	0
DN_NC_073233.2_11960151_8	DN_NC_073233.2_12022944_8	0.000000	0.000000	8	8	0	0
DN_NC_073233.2_11997286_8	DN_NC_073233.2_12022944_8	0.000000	0.000000	8	8	0	0
DN_NC_073233.2_129388517_48	DN_NC_073242.2_28854512_28	0.541667	1.000000	48	28	26	28
DN_NC_073233.2_129388517_48	DN_NC_073244.2_20936541_9	0.166667	1.000000	48	9	8	9
DN_NC_073233.2_130017597_2	DN_NC_073233.2_130017597_4	0.500000	0.250000	2	4	1	1
DN_NC_073233.2_130982674_9	DN_NC_073239.2_81444992_2	0.000000	0.000000	9	2	0	0
DN_NC_073233.2_132992860_18	DN_NC_086017.1_148168205_5	0.000000	0.200000	18	5	0	1
DN_NC_073233.2_13339812_3	DN_NC_073244.2_55678004_6	0.000000	0.000000	4	6	0	0
DN_NC_073233.2_13339812_3	DN_NC_073244.2_55797441_5	0.000000	0.000000	4	5	0	0
DN_NC_073233.2_14005356_9	DN_NC_073239.2_70164897_2	0.000000	0.500000	9	2	0	1
DN_NC_073233.2_15764817_25	DN_NC_073234.2_70557569_25	0.000000	0.000000	25	25	0	0
DN_NC_073233.2_18540673_22	DN_NC_086018.1_15884108_19	0.000000	0.000000	22	19	0	0
DN_NC_073233.2_19708960_19	DN_NC_073233.2_19815473_9	0.052632	0.111111	19	9	1	1
DN_NC_073233.2_23732821_4	DN_NC_073234.2_126370406_2	0.000000	0.000000	4	2	0	0
DN_NC_073233.2_23732821_4	DN_NC_073235.2_71373985_7	0.000000	0.142857	4	7	0	1
DN_NC_073233.2_23732821_4	DN_NC_073239.2_123333523_2	0.000000	0.000000	4	2	0	0
DN_NC_073233.2_23732821_4	DN_NC_073244.2_43610901_6	0.000000	0.166667	4	6	0	1
DN_NC_073233.2_23732821_4	DN_NC_073247.2_115708949_2	0.000000	0.000000	4	2	0	0
DN_NC_073233.2_23732821_4	DN_NC_073247.2_147586730_5	0.000000	0.000000	4	5	0	0
DN_NC_073233.2_24785501_8	DN_NC_073233.2_24803514_8	0.000000	0.000000	8	8	0	0
DN_NC_073233.2_24803514_8	DN_NC_073233.2_24846978_8	0.000000	0.000000	8	8	0	0
DN_NC_073233.2_54778450_7	DN_NC_073233.2_54817717_7	1.000000	0.857143	7	7	7	6
DN_NC_073233.2_54778450_7	DN_NC_073233.2_97922937_7	0.857143	1.000000	7	7	6	7
DN_NC_073233.2_54817717_7	DN_NC_073233.2_97922937_7	0.857143	1.000000	7	7	6	7
DN_NC_073233.2_65156508_13	DN_NC_073243.2_16710332_14	0.000000	0.000000	13	14	0	0
DN_NC_073233.2_67344582_15	DN_NC_086018.1_28714522_15	0.000000	0.000000	15	15	0	0
DN_NC_073233.2_6759783_2	DN_NC_073233.2_6761147_2	0.500000	0.500000	2	2	1	1
DN_NC_073233.2_6759783_2	DN_NC_073233.2_6771931_2	0.500000	1.000000	2	2	1	2
DN_NC_073233.2_6761147_2	DN_NC_073247.2_65202088_3	0.000000	0.000000	2	3	0	0
DN_NC_073233.2_6765652_2	DN_NC_073233.2_6771931_2	0.000000	0.000000	2	2	0	0
DN_NC_073233.2_69582499_12	DN_NC_073233.2_69678029_12	0.000000	0.000000	12	12	0	0
DN_NC_073233.2_69678029_12	DN_NC_073233.2_69723982_12	0.000000	0.000000	12	12	0	0
DN_NC_073233.2_70511026_18	DN_NC_073236.2_97058333_14	0.000000	0.000000	18	14	0	0
DN_NC_073233.2_72203709_7	DN_NC_073238.2_33853352_3	0.714286	0.333333	7	3	5	1
DN_NC_073233.2_72649199_20	DN_NC_073239.2_67861789_20	0.000000	0.000000	20	20	0	0
DN_NC_073233.2_72649199_20	DN_NC_073245.2_35236141_20	0.000000	0.000000	20	20	0	0
DN_NC_073233.2_72751588_5	DN_NC_073236.2_108637713_6	0.600000	0.666667	5	6	3	4
DN_NC_073233.2_72751588_5	DN_NC_073240.2_42709516_6	0.000000	0.000000	5	6	0	0
DN_NC_073233.2_72751588_5	DN_NC_073244.2_59252668_6	0.000000	0.000000	5	6	0	0
DN_NC_073233.2_73623857_14	DN_NC_073233.2_73629498_4	0.214286	0.000000	14	4	3	0
DN_NC_073233.2_7370930_22	DN_NC_073244.2_59973129_7	0.000000	0.000000	22	7	0	0
DN_NC_073233.2_74467231_21	DN_NC_073239.2_85769342_21	0.000000	0.000000	21	21	0	0
DN_NC_073233.2_74467231_21	DN_NC_073244.2_50412691_21	0.000000	0.000000	21	21	0	0
DN_NC_073233.2_74557606_4	DN_NC_073233.2_74583920_4	0.250000	0.250000	4	4	1	1
DN_NC_073233.2_74603920_22	DN_NC_073236.2_85139103_21	0.000000	0.000000	22	21	0	0
DN_NC_073233.2_75193065_21	DN_NC_086018.1_23590926_21	0.000000	0.000000	21	21	0	0
DN_NC_073233.2_75326481_7	DN_NC_073234.2_126131834_7	0.000000	0.000000	7	7	0	0
DN_NC_073233.2_75363756_11	DN_NC_073242.2_32113450_11	0.000000	0.000000	11	11	0	0
DN_NC_073233.2_75718276_6	DN_NC_073242.2_8725127_13	0.000000	0.076923	6	13	0	1
DN_NC_073233.2_75718276_6	DN_NC_073242.2_8737492_8	0.833333	0.750000	6	8	5	6
DN_NC_073233.2_75718276_6	DN_NC_086017.1_136773097_2	0.333333	0.500000	6	2	2	1
DN_NC_073233.2_75718276_6	DN_NC_086017.1_141278779_5	0.333333	0.400000	6	5	2	2
DN_NC_073233.2_75718276_6	DN_NC_086017.1_85330170_7	0.833333	0.714286	6	7	5	5
DN_NC_073233.2_75965332_20	DN_NC_073234.2_139148650_20	0.000000	0.000000	20	20	0	0
DN_NC_073233.2_76234750_23	DN_NC_073234.2_27515614_23	0.000000	0.000000	23	23	0	0
DN_NC_073233.2_76234750_23	DN_NC_086018.1_23267560_8	0.391304	0.875000	23	8	9	7
DN_NC_073233.2_78027084_24	DN_NC_073234.2_21213540_25	0.000000	0.000000	24	25	0	0
DN_NC_073233.2_78071205_2	DN_NC_086017.1_58705155_2	0.000000	0.000000	2	2	0	0
DN_NC_073233.2_83154693_15	DN_NC_073243.2_19834097_15	0.000000	0.000000	15	15	0	0
DN_NC_073233.2_97509393_19	DN_NC_073233.2_97983776_19	0.000000	0.000000	19	19	0	0
DN_NC_073233.2_9788172_5	DN_NC_073241.2_36126198_2	0.000000	0.000000	5	2	0	0
DN_NC_073233.2_9788172_5	DN_NC_073244.2_26470366_4	0.000000	0.000000	5	4	0	0
DN_NC_073233.2_9788172_5	DN_NC_073244.2_26901109_4	0.000000	0.000000	5	4	0	0
DN_NC_073233.2_9788172_5	DN_NC_073244.2_27051998_4	0.000000	0.000000	5	4	0	0
DN_NC_073233.2_9788172_5	DN_NC_073244.2_27285351_4	0.000000	0.000000	5	4	0	0
DN_NC_073233.2_9788172_5	DN_NC_073244.2_27408454_4	0.000000	0.000000	5	4	0	0
DN_NC_073233.2_9788172_5	DN_NC_073244.2_27504818_5	0.000000	0.000000	5	5	0	0
DN_NC_073233.2_9788172_5	DN_NC_073244.2_27566430_5	0.000000	0.000000	5	5	0	0
DN_NC_073233.2_9788172_5	DN_NC_073244.2_27765726_4	0.000000	0.000000	5	4	0	0
DN_NC_073233.2_9788172_5	DN_NC_073244.2_27869273_3	0.000000	0.000000	5	3	0	0
DN_NC_073233.2_9788172_5	DN_NC_073244.2_27956158_2	0.000000	0.000000	5	2	0	0
DN_NC_073233.2_9788172_5	DN_NC_073244.2_28072858_4	0.000000	0.000000	5	4	0	0
DN_NC_073233.2_9788172_5	DN_NC_073244.2_28333451_4	0.000000	0.000000	5	4	0	0
DN_NC_073233.2_9788172_5	DN_NC_073244.2_28588105_4	0.000000	0.000000	5	4	0	0
DN_NC_073233.2_9788172_5	DN_NC_073244.2_28711447_2	0.000000	0.000000	5	2	0	0
DN_NC_073233.2_9788172_5	DN_NC_073244.2_29046961_4	0.000000	0.000000	5	4	0	0
DN_NC_073233.2_9788172_5	DN_NC_073244.2_29232445_4	0.000000	0.000000	5	4	0	0
DN_NC_073233.2_9788172_5	DN_NC_073244.2_29297022_4	0.000000	0.000000	5	4	0	0
DN_NC_073233.2_9788172_5	DN_NC_073244.2_29557605_4	0.000000	0.000000	5	4	0	0
DN_NC_073233.2_9788172_5	DN_NC_073244.2_29680825_2	0.000000	0.000000	5	2	0	0
DN_NC_073233.2_9788172_5	DN_NC_073244.2_29970261_4	0.000000	0.000000	5	4	0	0
DN_NC_073233.2_9788172_5	DN_NC_073244.2_30067652_4	0.000000	0.000000	5	4	0	0
DN_NC_073233.2_9788172_5	DN_NC_073244.2_30438340_4	0.000000	0.000000	5	4	0	0
DN_NC_073233.2_9788172_5	DN_NC_073244.2_64034715_7	0.000000	0.000000	5	7	0	0
DN_NC_073233.2_9788172_5	DN_NC_073244.2_64081943_4	0.000000	0.000000	5	4	0	0
DN_NC_073233.2_9788172_5	DN_NC_073244.2_64125568_5	0.000000	0.000000	5	5	0	0
DN_NC_073233.2_9788172_5	DN_NC_073244.2_64340366_4	0.000000	0.000000	5	4	0	0
DN_NC_073233.2_9788172_5	DN_NC_073244.2_64400145_5	0.000000	0.000000	5	5	0	0
DN_NC_073233.2_9788172_5	DN_NC_073244.2_64585864_4	0.000000	0.000000	5	4	0	0
DN_NC_073233.2_9788172_5	DN_NC_073244.2_64618758_7	0.000000	0.000000	5	7	0	0
DN_NC_073233.2_9788172_5	DN_NC_073244.2_64672255_4	0.000000	0.000000	5	4	0	0
DN_NC_073233.2_9788172_5	DN_NC_073244.2_64724127_4	0.000000	0.000000	5	4	0	0
DN_NC_073233.2_9788172_5	DN_NC_073244.2_64759228_5	0.000000	0.000000	5	5	0	0
DN_NC_073233.2_9788172_5	DN_NC_073244.2_64797239_5	0.000000	0.000000	5	5	0	0
DN_NC_073233.2_9788172_5	DN_NC_073244.2_65003440_7	0.000000	0.000000	5	7	0	0
DN_NC_073233.2_9788172_5	DN_NC_073244.2_65046428_4	0.000000	0.000000	5	3	0	0
DN_NC_073233.2_9788172_5	DN_NC_073244.2_65073171_5	0.000000	0.000000	5	5	0	0
DN_NC_073233.2_9788172_5	DN_NC_073246.2_15789285_3	0.000000	0.000000	5	3	0	0
DN_NC_073233.2_9788172_5	DN_NC_086017.1_41849524_2	0.000000	0.000000	5	2	0	0
DN_NC_073234.2_106852963_2	DN_NC_073235.2_38606855_2	0.000000	0.000000	2	2	0	0
DN_NC_073234.2_106852963_2	DN_NC_073247.2_163244071_16	0.000000	0.000000	2	16	0	0
DN_NC_073234.2_106852963_2	DN_NC_086017.1_198455801_2	0.000000	0.000000	2	2	0	0
DN_NC_073234.2_106852963_2	DN_NC_086017.1_93233442_3	0.000000	0.000000	2	3	0	0
DN_NC_073234.2_119380821_10	DN_NC_073234.2_119401970_11	0.100000	0.090909	10	11	1	1
DN_NC_073234.2_120456173_23	DN_NC_086017.1_136950625_23	0.000000	0.000000	23	23	0	0
DN_NC_073234.2_125738330_13	DN_NC_073242.2_29733807_20	0.000000	0.000000	13	20	0	0
DN_NC_073234.2_126026608_4	DN_NC_073242.2_7013229_2	0.000000	0.000000	4	2	0	0
DN_NC_073234.2_126370406_2	DN_NC_073235.2_142785844_3	0.000000	0.000000	2	3	0	0
DN_NC_073234.2_126370406_2	DN_NC_073235.2_71373985_7	0.000000	0.142857	2	7	0	1
DN_NC_073234.2_126370406_2	DN_NC_073237.2_101948554_6	0.000000	0.000000	2	6	0	0
DN_NC_073234.2_126370406_2	DN_NC_073239.2_123333523_2	0.000000	0.000000	2	2	0	0
DN_NC_073234.2_126370406_2	DN_NC_073239.2_123449122_2	0.000000	0.000000	2	2	0	0
DN_NC_073234.2_126370406_2	DN_NC_073244.2_43610901_6	0.000000	0.166667	2	6	0	1
DN_NC_073234.2_126370406_2	DN_NC_073247.2_115708949_2	0.000000	0.000000	2	2	0	0
DN_NC_073234.2_126370406_2	DN_NC_073247.2_147586730_5	0.000000	0.000000	2	5	0	0
DN_NC_073234.2_127179897_13	DN_NC_073237.2_24562366_2	0.000000	0.000000	13	2	0	0
DN_NC_073234.2_127179897_13	DN_NC_073237.2_31692944_2	0.000000	0.000000	13	2	0	0
DN_NC_073234.2_127819985_16	DN_NC_073234.2_22604826_16	0.000000	0.000000	16	16	0	0
DN_NC_073234.2_135608372_3	DN_NC_073234.2_135617419_11	0.000000	0.000000	3	11	0	0
DN_NC_073234.2_135871466_4	DN_NC_073234.2_135886660_4	0.000000	0.250000	4	4	0	1
DN_NC_073234.2_139370404_3	DN_NC_086017.1_148168205_5	0.000000	0.200000	3	5	0	1
DN_NC_073234.2_140369418_2	DN_NC_073236.2_84556071_6	0.000000	0.000000	2	6	0	0
DN_NC_073234.2_147445272_9	DN_NC_073234.2_147580679_4	0.111111	0.250000	9	4	1	1
DN_NC_073234.2_148420424_5	DN_NC_073234.2_148486259_4	0.000000	0.000000	5	4	0	0
DN_NC_073234.2_148420424_5	DN_NC_073234.2_148537990_5	0.000000	0.000000	5	5	0	0
DN_NC_073234.2_148420424_5	DN_NC_073234.2_148682020_7	0.000000	0.000000	5	7	0	0
DN_NC_073234.2_148420424_5	DN_NC_073237.2_89310571_5	0.000000	0.000000	5	5	0	0
DN_NC_073234.2_148420424_5	DN_NC_073244.2_45737704_5	0.000000	0.000000	5	5	0	0
DN_NC_073234.2_148420424_5	DN_NC_073244.2_47288294_4	0.000000	0.000000	5	4	0	0
DN_NC_073234.2_148420424_5	DN_NC_073244.2_47706466_2	0.000000	0.000000	5	2	0	0
DN_NC_073234.2_148420424_5	DN_NC_073244.2_47878793_6	0.000000	0.000000	5	6	0	0
DN_NC_073234.2_148420424_5	DN_NC_073244.2_48093173_7	0.000000	0.000000	5	7	0	0
DN_NC_073234.2_148420424_5	DN_NC_073244.2_48319142_5	0.000000	0.000000	5	5	0	0
DN_NC_073234.2_148420424_5	DN_NC_073244.2_48352926_4	0.000000	0.000000	5	4	0	0
DN_NC_073234.2_148420424_5	DN_NC_073244.2_48660338_4	0.000000	0.000000	5	4	0	0
DN_NC_073234.2_148420424_5	DN_NC_073244.2_48919547_6	0.000000	0.000000	5	6	0	0
DN_NC_073234.2_148420424_5	DN_NC_073244.2_63855100_5	0.000000	0.000000	5	5	0	0
DN_NC_073234.2_148420424_5	DN_NC_073244.2_63895938_6	0.000000	0.000000	5	6	0	0
DN_NC_073234.2_148420424_5	DN_NC_073244.2_63934684_6	0.000000	0.000000	5	6	0	0
DN_NC_073234.2_148420424_5	DN_NC_073244.2_63961971_6	0.000000	0.000000	5	6	0	0
DN_NC_073234.2_148420424_5	DN_NC_073244.2_63983979_5	0.000000	0.000000	5	5	0	0
DN_NC_073234.2_148420424_5	DN_NC_073244.2_64004232_5	0.000000	0.000000	5	5	0	0
DN_NC_073234.2_148420424_5	DN_NC_073244.2_70077616_7	0.000000	0.000000	5	7	0	0
DN_NC_073234.2_148420424_5	DN_NC_073245.2_58728682_5	0.000000	0.000000	5	5	0	0
DN_NC_073234.2_148420424_5	DN_NC_073247.2_56899135_7	0.000000	0.000000	5	7	0	0
DN_NC_073234.2_148420424_5	DN_NC_073247.2_57761829_5	0.000000	0.000000	5	5	0	0
DN_NC_073234.2_148420424_5	DN_NC_073247.2_57840463_5	0.000000	0.000000	5	5	0	0
DN_NC_073234.2_148420424_5	DN_NC_073247.2_58372296_6	0.000000	0.000000	5	5	0	0
DN_NC_073234.2_148486259_4	DN_NC_073234.2_148682020_7	0.000000	0.000000	4	7	0	0
DN_NC_073234.2_148486259_4	DN_NC_073237.2_89310571_5	0.000000	0.000000	4	5	0	0
DN_NC_073234.2_148486259_4	DN_NC_073244.2_45737704_5	0.000000	0.000000	4	5	0	0
DN_NC_073234.2_148486259_4	DN_NC_073244.2_47706466_2	0.000000	0.000000	4	2	0	0
DN_NC_073234.2_148486259_4	DN_NC_073244.2_48093173_7	0.000000	0.000000	4	7	0	0
DN_NC_073234.2_148486259_4	DN_NC_073244.2_48319142_5	0.000000	0.000000	4	5	0	0
DN_NC_073234.2_148486259_4	DN_NC_073244.2_48352926_4	0.000000	0.000000	4	4	0	0
DN_NC_073234.2_148486259_4	DN_NC_073244.2_63542066_5	0.000000	0.000000	4	5	0	0
DN_NC_073234.2_148486259_4	DN_NC_073244.2_63855100_5	0.000000	0.000000	4	5	0	0
DN_NC_073234.2_148486259_4	DN_NC_073244.2_63895938_6	0.000000	0.000000	4	6	0	0
DN_NC_073234.2_148486259_4	DN_NC_073244.2_63934684_6	0.000000	0.000000	4	6	0	0
DN_NC_073234.2_148486259_4	DN_NC_073247.2_56899135_7	0.000000	0.000000	4	7	0	0
DN_NC_073234.2_148486259_4	DN_NC_073247.2_58372296_6	0.000000	0.000000	4	5	0	0
DN_NC_073234.2_148537990_5	DN_NC_073234.2_148682020_7	0.000000	0.000000	5	7	0	0
DN_NC_073234.2_148537990_5	DN_NC_073237.2_109230975_4	0.000000	0.000000	5	4	0	0
DN_NC_073234.2_148537990_5	DN_NC_073237.2_109279481_4	0.000000	0.000000	5	4	0	0
DN_NC_073234.2_148537990_5	DN_NC_073237.2_89310571_5	0.000000	0.000000	5	5	0	0
DN_NC_073234.2_148537990_5	DN_NC_073237.2_93275727_4	0.000000	0.000000	5	4	0	0
DN_NC_073234.2_148537990_5	DN_NC_073244.2_47878793_6	0.000000	0.000000	5	6	0	0
DN_NC_073234.2_148537990_5	DN_NC_073244.2_48093173_7	0.000000	0.000000	5	7	0	0
DN_NC_073234.2_148537990_5	DN_NC_073244.2_48319142_5	0.000000	0.000000	5	5	0	0
DN_NC_073234.2_148537990_5	DN_NC_073244.2_48352926_4	0.000000	0.000000	5	4	0	0
DN_NC_073234.2_148537990_5	DN_NC_073244.2_48620420_5	0.000000	0.000000	5	5	0	0
DN_NC_073234.2_148537990_5	DN_NC_073244.2_48660338_4	0.000000	0.000000	5	4	0	0
DN_NC_073234.2_148537990_5	DN_NC_073244.2_48919547_6	0.000000	0.000000	5	6	0	0
DN_NC_073234.2_148537990_5	DN_NC_073244.2_63542066_5	0.000000	0.000000	5	5	0	0
DN_NC_073234.2_148537990_5	DN_NC_073244.2_63855100_5	0.000000	0.000000	5	5	0	0
DN_NC_073234.2_148537990_5	DN_NC_073244.2_63895938_6	0.000000	0.000000	5	6	0	0
DN_NC_073234.2_148537990_5	DN_NC_073244.2_63934684_6	0.000000	0.000000	5	6	0	0
DN_NC_073234.2_148537990_5	DN_NC_073245.2_58728682_5	0.000000	0.000000	5	5	0	0
DN_NC_073234.2_148537990_5	DN_NC_073247.2_56899135_7	0.000000	0.000000	5	7	0	0
DN_NC_073234.2_148537990_5	DN_NC_073247.2_57840463_5	0.000000	0.000000	5	5	0	0
DN_NC_073234.2_148537990_5	DN_NC_073247.2_58372296_6	0.000000	0.000000	5	5	0	0
DN_NC_073234.2_148537990_5	DN_NC_086017.1_85766278_5	0.000000	0.000000	5	5	0	0
DN_NC_073234.2_148580749_5	DN_NC_073237.2_109230975_4	0.000000	0.000000	5	4	0	0
DN_NC_073234.2_148580749_5	DN_NC_073237.2_109279481_4	0.000000	0.000000	5	4	0	0
DN_NC_073234.2_148580749_5	DN_NC_073244.2_48093173_7	0.000000	0.000000	5	7	0	0
DN_NC_073234.2_148580749_5	DN_NC_073244.2_48620420_5	0.000000	0.000000	5	5	0	0
DN_NC_073234.2_148580749_5	DN_NC_086017.1_85766278_5	0.000000	0.000000	5	5	0	0
DN_NC_073234.2_148620174_2	DN_NC_073244.2_15508499_10	0.000000	0.000000	2	10	0	0
DN_NC_073234.2_148620174_2	DN_NC_073244.2_48980018_5	0.000000	0.000000	2	5	0	0
DN_NC_073234.2_148620174_2	DN_NC_073244.2_68513423_5	0.000000	0.000000	2	5	0	0
DN_NC_073234.2_148630977_5	DN_NC_073237.2_109230975_4	0.000000	0.000000	5	4	0	0
DN_NC_073234.2_148630977_5	DN_NC_073244.2_47878793_6	0.000000	0.000000	5	6	0	0
DN_NC_073234.2_148630977_5	DN_NC_073244.2_48093173_7	0.000000	0.000000	5	7	0	0
DN_NC_073234.2_148630977_5	DN_NC_073244.2_55989141_5	0.000000	0.000000	5	5	0	0
DN_NC_073234.2_148630977_5	DN_NC_073245.2_58728682_5	0.000000	0.000000	5	5	0	0
DN_NC_073234.2_148682020_7	DN_NC_073237.2_109230975_4	0.000000	0.000000	7	4	0	0
DN_NC_073234.2_148682020_7	DN_NC_073237.2_109279481_4	0.000000	0.000000	7	4	0	0
DN_NC_073234.2_148682020_7	DN_NC_073237.2_23553596_5	0.000000	0.000000	7	5	0	0
DN_NC_073234.2_148682020_7	DN_NC_073237.2_89310571_5	0.000000	0.000000	7	5	0	0
DN_NC_073234.2_148682020_7	DN_NC_073237.2_93275727_4	0.000000	0.000000	7	4	0	0
DN_NC_073234.2_148682020_7	DN_NC_073244.2_47798559_5	0.000000	0.000000	7	5	0	0
DN_NC_073234.2_148682020_7	DN_NC_073244.2_48319142_5	0.000000	0.000000	7	5	0	0
DN_NC_073234.2_148682020_7	DN_NC_073244.2_48352926_4	0.000000	0.000000	7	4	0	0
DN_NC_073234.2_148682020_7	DN_NC_073244.2_48620420_5	0.000000	0.000000	7	5	0	0
DN_NC_073234.2_148682020_7	DN_NC_073244.2_48660338_4	0.000000	0.000000	7	4	0	0
DN_NC_073234.2_148682020_7	DN_NC_073244.2_48919547_6	0.000000	0.000000	7	6	0	0
DN_NC_073234.2_148682020_7	DN_NC_073244.2_55989141_5	0.000000	0.000000	7	5	0	0
DN_NC_073234.2_148682020_7	DN_NC_073244.2_63542066_5	0.000000	0.000000	7	5	0	0
DN_NC_073234.2_148682020_7	DN_NC_073244.2_63882905_5	0.000000	0.000000	7	5	0	0
DN_NC_073234.2_148682020_7	DN_NC_073244.2_63983979_5	0.000000	0.000000	7	5	0	0
DN_NC_073234.2_148682020_7	DN_NC_073244.2_64004232_5	0.000000	0.000000	7	5	0	0
DN_NC_073234.2_148682020_7	DN_NC_073244.2_70077616_7	0.000000	0.000000	7	7	0	0
DN_NC_073234.2_148682020_7	DN_NC_073245.2_58728682_5	0.000000	0.000000	7	5	0	0
DN_NC_073234.2_148682020_7	DN_NC_073247.2_56899135_7	0.000000	0.000000	7	7	0	0
DN_NC_073234.2_148682020_7	DN_NC_073247.2_57840463_5	0.000000	0.000000	7	5	0	0
DN_NC_073234.2_148682020_7	DN_NC_073247.2_58372296_6	0.000000	0.000000	7	5	0	0
DN_NC_073234.2_148682020_7	DN_NC_086017.1_85766278_5	0.000000	0.000000	7	5	0	0
DN_NC_073234.2_15631092_11	DN_NC_086017.1_9790451_11	0.818182	0.818182	11	11	9	9
DN_NC_073234.2_17584207_9	DN_NC_073234.2_50306180_17	0.000000	0.000000	9	17	0	0
DN_NC_073234.2_17584207_9	DN_NC_073243.2_49045190_4	0.111111	0.000000	9	4	1	0
DN_NC_073234.2_17584207_9	DN_NC_073245.2_35160176_6	0.000000	0.000000	9	6	0	0
DN_NC_073234.2_17584207_9	DN_NC_073247.2_105439613_2	0.111111	0.000000	9	2	1	0
DN_NC_073234.2_22113821_5	DN_NC_073236.2_66023783_5	0.000000	0.000000	5	5	0	0
DN_NC_073234.2_22528772_7	DN_NC_073234.2_22529951_2	0.285714	0.000000	7	2	2	0
DN_NC_073234.2_22572777_12	DN_NC_073243.2_20078090_12	0.000000	0.000000	12	12	0	0
DN_NC_073234.2_22631499_6	DN_NC_073234.2_22636891_13	0.000000	0.307692	6	13	0	4
DN_NC_073234.2_23452056_11	DN_NC_073234.2_23565467_10	0.818182	0.900000	11	10	9	9
DN_NC_073234.2_24956987_7	DN_NC_073234.2_24978856_8	0.857143	0.750000	7	8	6	6
DN_NC_073234.2_24978856_8	DN_NC_073234.2_70140848_27	0.125000	0.037037	8	27	1	1
DN_NC_073234.2_43619064_8	DN_NC_073234.2_43623304_5	0.125000	0.200000	8	5	1	1
DN_NC_073234.2_44474713_2	DN_NC_073236.2_130303191_6	0.000000	0.500000	2	6	0	3
DN_NC_073234.2_45066531_11	DN_NC_086017.1_118126676_3	0.909091	0.333333	11	3	10	1
DN_NC_073234.2_45136934_7	DN_NC_073246.2_34687084_3	0.000000	0.000000	7	3	0	0
DN_NC_073234.2_45136934_7	DN_NC_073246.2_34687085_2	0.000000	0.000000	7	2	0	0
DN_NC_073234.2_45177188_28	DN_NC_086017.1_57502847_23	0.000000	0.000000	29	23	0	0
DN_NC_073234.2_45204849_7	DN_NC_073234.2_45208389_7	0.000000	0.000000	7	7	0	0
DN_NC_073234.2_45319542_4	DN_NC_073235.2_29394327_4	0.000000	0.000000	4	4	0	0
DN_NC_073234.2_45519337_9	DN_NC_073234.2_45523055_3	0.222222	0.333333	9	3	2	1
DN_NC_073234.2_45531723_7	DN_NC_073234.2_45539357_4	0.142857	0.250000	7	4	1	1
DN_NC_073234.2_47062440_10	DN_NC_073238.2_67037804_5	0.800000	0.200000	10	5	8	1
DN_NC_073234.2_47868349_14	DN_NC_073246.2_47506574_18	0.000000	0.000000	14	18	0	0
DN_NC_073234.2_48448103_8	DN_NC_073234.2_48529294_9	0.000000	0.000000	8	9	0	0
DN_NC_073234.2_48448103_8	DN_NC_073234.2_49024482_9	0.000000	0.000000	8	9	0	0
DN_NC_073234.2_48448103_8	DN_NC_073234.2_49087212_9	0.000000	0.000000	8	9	0	0
DN_NC_073234.2_48448103_8	DN_NC_073234.2_49097599_9	0.000000	0.000000	8	9	0	0
DN_NC_073234.2_48448103_8	DN_NC_073240.2_43610228_10	0.875000	0.100000	8	10	7	1
DN_NC_073234.2_48529294_9	DN_NC_073234.2_49024482_9	0.000000	0.000000	9	9	0	0
DN_NC_073234.2_48529294_9	DN_NC_073234.2_49097599_9	0.000000	0.000000	9	9	0	0
DN_NC_073234.2_49024482_9	DN_NC_073234.2_49087212_9	0.888889	0.777778	9	9	8	7
DN_NC_073234.2_49024482_9	DN_NC_073234.2_49097599_9	0.000000	0.000000	9	9	0	0
DN_NC_073234.2_49087212_9	DN_NC_073234.2_49097599_9	0.000000	0.000000	9	9	0	0
DN_NC_073234.2_49097599_9	DN_NC_073240.2_43610228_10	0.000000	0.000000	9	10	0	0
DN_NC_073234.2_49287598_7	DN_NC_073235.2_58805487_6	0.000000	0.000000	7	6	0	0
DN_NC_073234.2_49830161_25	DN_NC_086017.1_37226306_22	0.000000	0.000000	25	22	0	0
DN_NC_073234.2_50306180_17	DN_NC_073243.2_49045190_4	0.000000	0.000000	17	4	0	0
DN_NC_073234.2_50306180_17	DN_NC_073245.2_35160176_6	0.000000	0.000000	17	6	0	0
DN_NC_073234.2_52040112_9	DN_NC_073235.2_122111621_9	0.000000	0.000000	9	9	0	0
DN_NC_073234.2_52064465_4	DN_NC_073234.2_52151326_4	0.750000	0.750000	4	4	3	3
DN_NC_073234.2_52064465_4	DN_NC_073234.2_52202911_4	0.750000	0.750000	4	4	3	3
DN_NC_073234.2_52064465_4	DN_NC_073235.2_121946440_4	0.750000	0.750000	4	4	3	3
DN_NC_073234.2_52064465_4	DN_NC_073235.2_31723374_5	0.000000	0.000000	4	5	0	0
DN_NC_073234.2_52064465_4	DN_NC_073235.2_32697745_5	0.000000	0.000000	4	5	0	0
DN_NC_073234.2_52064465_4	DN_NC_073238.2_31467876_5	0.000000	0.000000	4	5	0	0
DN_NC_073234.2_52064465_4	DN_NC_073240.2_22595737_5	0.000000	0.000000	4	5	0	0
DN_NC_073234.2_52064465_4	DN_NC_086018.1_16134008_5	0.000000	0.000000	4	5	0	0
DN_NC_073234.2_52151326_4	DN_NC_073234.2_52202911_4	0.750000	0.750000	4	4	3	3
DN_NC_073234.2_52151326_4	DN_NC_073235.2_121946440_4	0.750000	0.750000	4	4	3	3
DN_NC_073234.2_52151326_4	DN_NC_073235.2_31723374_5	0.000000	0.000000	4	5	0	0
DN_NC_073234.2_52151326_4	DN_NC_073235.2_32697745_5	0.000000	0.000000	4	5	0	0
DN_NC_073234.2_52151326_4	DN_NC_073238.2_31467876_5	0.000000	0.000000	4	5	0	0
DN_NC_073234.2_52151326_4	DN_NC_073240.2_22595737_5	0.000000	0.000000	4	5	0	0
DN_NC_073234.2_52151326_4	DN_NC_086018.1_16134008_5	0.000000	0.000000	4	5	0	0
DN_NC_073234.2_52202911_4	DN_NC_073235.2_121946440_4	0.750000	0.750000	4	4	3	3
DN_NC_073234.2_52202911_4	DN_NC_073235.2_31723374_5	0.000000	0.000000	4	5	0	0
DN_NC_073234.2_52202911_4	DN_NC_073235.2_32697745_5	0.000000	0.000000	4	5	0	0
DN_NC_073234.2_52202911_4	DN_NC_073238.2_31467876_5	0.000000	0.000000	4	5	0	0
DN_NC_073234.2_52202911_4	DN_NC_073240.2_22595737_5	0.000000	0.000000	4	5	0	0
DN_NC_073234.2_52202911_4	DN_NC_086018.1_16134008_5	0.000000	0.000000	4	5	0	0
DN_NC_073234.2_53131451_25	DN_NC_073246.2_46134650_22	0.000000	0.000000	25	22	0	0
DN_NC_073234.2_53272916_54	DN_NC_073235.2_91416644_51	0.000000	0.000000	54	51	0	0
DN_NC_073234.2_53272916_54	DN_NC_073235.2_91471014_54	0.000000	0.000000	54	54	0	0
DN_NC_073234.2_62953363_3	DN_NC_073234.2_67151860_3	1.000000	1.000000	3	3	3	3
DN_NC_073234.2_69501458_7	DN_NC_073234.2_69557459_4	0.142857	0.000000	7	4	1	0
DN_NC_073234.2_74802518_16	DN_NC_086017.1_14572523_16	0.000000	0.000000	16	16	0	0
DN_NC_073234.2_76035232_5	DN_NC_073234.2_76077727_3	0.200000	0.333333	5	3	1	1
DN_NC_073234.2_79789135_15	DN_NC_073234.2_79820285_12	0.066667	0.083333	15	12	1	1
DN_NC_073234.2_86426177_10	DN_NC_073235.2_71373985_7	0.000000	0.142857	10	7	0	1
DN_NC_073234.2_86426177_10	DN_NC_073239.2_123333523_2	0.000000	0.000000	10	2	0	0
DN_NC_073234.2_86426177_10	DN_NC_073244.2_43610901_6	0.000000	0.166667	10	6	0	1
DN_NC_073234.2_90680832_2	DN_NC_073235.2_106111443_2	0.000000	0.000000	2	2	0	0
DN_NC_073234.2_90802099_6	DN_NC_073234.2_90815331_10	0.166667	0.000000	6	10	1	0
DN_NC_073235.2_105819742_3	DN_NC_086018.1_26773900_6	0.000000	0.000000	3	6	0	0
DN_NC_073235.2_106111443_2	DN_NC_073237.2_28611397_2	0.000000	0.000000	2	2	0	0
DN_NC_073235.2_106111443_2	DN_NC_073237.2_32419572_2	0.000000	0.000000	2	2	0	0
DN_NC_073235.2_106111443_2	DN_NC_073246.2_25308035_5	0.000000	0.000000	2	5	0	0
DN_NC_073235.2_112807340_11	DN_NC_073235.2_71373985_7	0.000000	0.000000	11	7	0	0
DN_NC_073235.2_121932800_16	DN_NC_086017.1_42871160_16	0.000000	0.000000	16	16	0	0
DN_NC_073235.2_121946440_4	DN_NC_073235.2_31723374_5	0.750000	0.800000	4	5	3	4
DN_NC_073235.2_121946440_4	DN_NC_073235.2_32697745_5	0.750000	0.800000	4	5	3	4
DN_NC_073235.2_121946440_4	DN_NC_073238.2_31467876_5	0.750000	0.800000	4	5	3	4
DN_NC_073235.2_121946440_4	DN_NC_073240.2_22595737_5	0.750000	0.800000	4	5	3	4
DN_NC_073235.2_121946440_4	DN_NC_086018.1_16134008_5	0.750000	0.800000	4	5	3	4
DN_NC_073235.2_125539339_16	DN_NC_073247.2_121395319_16	0.000000	0.000000	16	16	0	0
DN_NC_073235.2_133031264_19	DN_NC_073235.2_133124679_15	0.210526	0.200000	19	15	4	3
DN_NC_073235.2_136577761_2	DN_NC_073247.2_22225560_12	0.500000	0.750000	2	12	1	9
DN_NC_073235.2_137582288_5	DN_NC_073241.2_80636266_2	0.000000	0.000000	5	2	0	0
DN_NC_073235.2_142785844_3	DN_NC_073235.2_71373985_7	0.000000	0.142857	3	7	0	1
DN_NC_073235.2_142785844_3	DN_NC_073239.2_123333523_2	0.000000	0.000000	3	2	0	0
DN_NC_073235.2_142785844_3	DN_NC_073244.2_43610901_6	0.000000	0.166667	3	6	0	1
DN_NC_073235.2_142785844_3	DN_NC_073247.2_115708949_2	0.000000	0.000000	3	2	0	0
DN_NC_073235.2_142785844_3	DN_NC_073247.2_147586730_5	0.000000	0.000000	3	5	0	0
DN_NC_073235.2_143720615_16	DN_NC_073235.2_143747819_4	0.062500	0.000000	16	4	1	0
DN_NC_073235.2_144819821_8	DN_NC_073242.2_3673676_5	0.125000	0.000000	8	5	1	0
DN_NC_073235.2_144819821_8	DN_NC_073242.2_3677891_18	1.000000	0.470588	8	17	8	8
DN_NC_073235.2_144823500_4	DN_NC_073242.2_3673676_5	1.000000	0.800000	4	5	4	4
DN_NC_073235.2_144827388_3	DN_NC_073242.2_3666815_3	1.000000	1.000000	3	3	3	3
DN_NC_073235.2_15131698_9	DN_NC_073247.2_167707352_7	0.777778	0.857143	9	7	7	6
DN_NC_073235.2_15131698_9	DN_NC_086018.1_48818439_9	0.666667	0.888889	9	9	6	8
DN_NC_073235.2_31662902_3	DN_NC_073235.2_31973952_17	0.666667	0.117647	3	17	2	2
DN_NC_073235.2_31672555_8	DN_NC_073235.2_32750477_8	1.000000	1.000000	8	8	8	8
DN_NC_073235.2_31713963_3	DN_NC_073235.2_32705529_3	1.000000	1.000000	3	3	3	3
DN_NC_073235.2_31723374_5	DN_NC_073235.2_32697745_5	1.000000	1.000000	5	5	5	5
DN_NC_073235.2_31723374_5	DN_NC_073238.2_31467876_5	0.800000	0.800000	5	5	4	4
DN_NC_073235.2_31723374_5	DN_NC_073240.2_22595737_5	0.800000	0.800000	5	5	4	4
DN_NC_073235.2_31723374_5	DN_NC_086018.1_16134008_5	0.400000	0.400000	5	5	2	2
DN_NC_073235.2_31723374_5	DN_NC_086018.1_18552717_3	0.200000	0.000000	5	3	1	0
DN_NC_073235.2_32368514_11	DN_NC_073238.2_38585508_10	0.000000	0.000000	11	10	0	0
DN_NC_073235.2_32697745_5	DN_NC_073238.2_31467876_5	0.800000	0.800000	5	5	4	4
DN_NC_073235.2_32697745_5	DN_NC_073240.2_22595737_5	0.800000	0.800000	5	5	4	4
DN_NC_073235.2_32697745_5	DN_NC_086018.1_16134008_5	0.400000	0.400000	5	5	2	2
DN_NC_073235.2_32697745_5	DN_NC_086018.1_18552717_3	0.200000	0.000000	5	3	1	0
DN_NC_073235.2_33703802_2	DN_NC_073235.2_34402342_7	0.000000	0.285714	2	7	0	2
DN_NC_073235.2_33703802_2	DN_NC_073236.2_21829724_2	0.000000	0.500000	2	2	0	1
DN_NC_073235.2_33703802_2	DN_NC_073238.2_24693721_8	0.000000	0.125000	2	8	0	1
DN_NC_073235.2_33703802_2	DN_NC_073245.2_42779121_5	0.500000	0.400000	2	5	1	2
DN_NC_073235.2_34402342_7	DN_NC_073236.2_21829724_2	0.142857	0.500000	7	2	1	1
DN_NC_073235.2_34402342_7	DN_NC_073238.2_24693721_8	0.142857	0.000000	7	8	1	0
DN_NC_073235.2_34402342_7	DN_NC_073245.2_42779121_5	1.000000	0.800000	7	5	7	4
DN_NC_073235.2_50441116_14	DN_NC_073242.2_7013229_2	0.000000	0.000000	14	2	0	0
DN_NC_073235.2_56615771_10	DN_NC_073241.2_64883296_11	0.000000	0.000000	10	11	0	0
DN_NC_073235.2_64458923_26	DN_NC_073235.2_64637479_26	0.000000	0.000000	26	26	0	0
DN_NC_073235.2_68674135_11	DN_NC_073235.2_68877817_25	0.000000	0.000000	11	25	0	0
DN_NC_073235.2_71287360_16	DN_NC_073236.2_30490104_2	0.000000	0.500000	16	2	0	1
DN_NC_073235.2_71373985_7	DN_NC_073237.2_101948554_6	0.142857	0.000000	7	6	1	0
DN_NC_073235.2_71373985_7	DN_NC_073239.2_123333523_2	0.142857	0.000000	7	2	1	0
DN_NC_073235.2_71373985_7	DN_NC_073239.2_123449122_2	0.142857	0.000000	7	2	1	0
DN_NC_073235.2_71373985_7	DN_NC_073239.2_14838701_6	0.142857	0.000000	7	6	1	0
DN_NC_073235.2_71373985_7	DN_NC_073239.2_36370724_4	0.142857	0.000000	7	4	1	0
DN_NC_073235.2_71373985_7	DN_NC_073240.2_21986088_4	0.142857	0.000000	7	4	1	0
DN_NC_073235.2_71373985_7	DN_NC_073242.2_120248671_3	0.142857	0.000000	7	3	1	0
DN_NC_073235.2_71373985_7	DN_NC_073243.2_69046517_5	0.142857	0.000000	7	5	1	0
DN_NC_073235.2_71373985_7	DN_NC_073243.2_70014918_17	0.142857	0.000000	7	17	1	0
DN_NC_073235.2_71373985_7	DN_NC_073244.2_43610901_6	0.142857	0.166667	7	6	1	1
DN_NC_073235.2_71373985_7	DN_NC_073245.2_47429376_4	0.142857	0.000000	7	4	1	0
DN_NC_073235.2_71373985_7	DN_NC_073247.2_114234875_11	0.142857	0.000000	7	11	1	0
DN_NC_073235.2_71373985_7	DN_NC_073247.2_115708949_2	0.142857	0.000000	7	2	1	0
DN_NC_073235.2_71373985_7	DN_NC_073247.2_147586730_5	0.142857	0.000000	7	5	1	0
DN_NC_073235.2_71373985_7	DN_NC_086018.1_24877691_3	0.142857	0.000000	7	3	1	0
DN_NC_073235.2_83159862_3	DN_NC_073238.2_124443812_2	0.000000	0.000000	3	2	0	0
DN_NC_073235.2_83159862_3	DN_NC_073239.2_87154592_2	0.000000	0.000000	3	2	0	0
DN_NC_073235.2_91038771_5	DN_NC_073238.2_125561692_4	0.000000	0.000000	5	4	0	0
DN_NC_073235.2_94365284_2	DN_NC_073236.2_112799498_6	0.000000	0.000000	2	6	0	0
DN_NC_073236.2_102496314_19	DN_NC_073239.2_26918461_17	0.000000	0.000000	19	17	0	0
DN_NC_073236.2_108637713_6	DN_NC_073240.2_42709516_6	0.000000	0.000000	6	6	0	0
DN_NC_073236.2_108768428_15	DN_NC_073239.2_86159949_15	0.000000	0.000000	15	15	0	0
DN_NC_073236.2_111042998_7	DN_NC_073236.2_111062321_8	0.000000	0.000000	7	8	0	0
DN_NC_073236.2_112253211_6	DN_NC_073236.2_112264496_14	0.166667	0.071429	6	14	1	1
DN_NC_073236.2_112799498_6	DN_NC_073243.2_97413463_8	0.000000	0.000000	6	8	0	0
DN_NC_073236.2_113941675_8	DN_NC_073245.2_44511531_9	0.000000	0.000000	8	9	0	0
DN_NC_073236.2_115828789_3	DN_NC_073237.2_89465596_2	0.333333	0.500000	3	2	1	1
DN_NC_073236.2_115828789_3	DN_NC_073239.2_70164897_2	0.000000	0.500000	3	2	0	1
DN_NC_073236.2_115828789_3	DN_NC_073244.2_27139185_2	0.333333	0.500000	3	2	1	1
DN_NC_073236.2_121320001_9	DN_NC_073236.2_121349000_3	0.111111	0.333333	9	3	1	1
DN_NC_073236.2_125241687_3	DN_NC_073236.2_125270757_2	0.333333	0.000000	3	2	1	0
DN_NC_073236.2_129103377_13	DN_NC_073236.2_129129305_10	0.000000	0.100000	13	10	0	1
DN_NC_073236.2_129795378_10	DN_NC_073247.2_54705383_3	0.900000	0.333333	10	3	9	1
DN_NC_073236.2_139618373_5	DN_NC_073236.2_139624268_6	0.200000	0.000000	5	6	1	0
DN_NC_073236.2_140396809_2	DN_NC_073237.2_118518303_5	0.000000	0.000000	2	5	0	0
DN_NC_073236.2_140396809_2	DN_NC_073239.2_124645701_2	1.000000	1.000000	2	2	2	2
DN_NC_073236.2_140400059_5	DN_NC_073237.2_118498911_4	0.600000	0.750000	5	4	3	3
DN_NC_073236.2_140400059_5	DN_NC_073239.2_124648897_4	0.600000	0.750000	5	4	3	3
DN_NC_073236.2_140400059_5	DN_NC_073240.2_103747497_4	0.600000	0.750000	5	4	3	3
DN_NC_073236.2_140400059_5	DN_NC_073241.2_110003031_5	1.000000	1.000000	5	5	5	5
DN_NC_073236.2_140400059_5	DN_NC_073242.2_121237165_4	0.600000	0.750000	5	4	3	3
DN_NC_073236.2_140400059_5	DN_NC_073244.2_70818649_5	1.000000	1.000000	5	5	5	5
DN_NC_073236.2_140400059_5	DN_NC_086017.1_211655827_5	1.000000	1.000000	5	5	5	5
DN_NC_073236.2_140400059_5	DN_NC_086017.1_9337960_4	0.600000	0.750000	5	4	3	3
DN_NC_073236.2_21263952_7	DN_NC_073238.2_22875925_6	0.857143	1.000000	7	6	6	6
DN_NC_073236.2_21263952_7	DN_NC_073238.2_24580375_8	0.857143	0.750000	7	8	6	6
DN_NC_073236.2_21263952_7	DN_NC_073240.2_14396114_6	1.000000	1.000000	7	6	7	6
DN_NC_073236.2_21829724_2	DN_NC_073238.2_24693721_8	1.000000	0.250000	2	8	2	2
DN_NC_073236.2_21829724_2	DN_NC_073245.2_42779121_5	0.500000	0.000000	2	5	1	0
DN_NC_073236.2_22549336_8	DN_NC_073236.2_23070420_5	0.500000	0.800000	8	5	4	4
DN_NC_073236.2_22549336_8	DN_NC_073236.2_24785599_8	0.750000	1.000000	8	8	6	8
DN_NC_073236.2_22549336_8	DN_NC_073236.2_30205531_7	0.125000	0.142857	8	7	1	1
DN_NC_073236.2_22549336_8	DN_NC_073238.2_23392840_7	0.125000	0.142857	8	7	1	1
DN_NC_073236.2_22549336_8	DN_NC_073238.2_25250945_5	0.500000	0.800000	8	5	4	4
DN_NC_073236.2_22549336_8	DN_NC_073246.2_11287585_8	0.000000	0.125000	8	8	0	1
DN_NC_073236.2_22549336_8	DN_NC_073248.2_45277558_8	0.750000	1.000000	8	8	6	8
DN_NC_073236.2_22701854_7	DN_NC_073236.2_25270756_7	1.000000	1.000000	7	7	7	7
DN_NC_073236.2_22701854_7	DN_NC_073240.2_15970659_7	1.000000	1.000000	7	7	7	7
DN_NC_073236.2_22701854_7	DN_NC_073247.2_165410205_10	0.428571	0.300000	7	10	3	3
DN_NC_073236.2_23070420_5	DN_NC_073236.2_24785599_8	0.800000	0.625000	5	8	4	5
DN_NC_073236.2_23070420_5	DN_NC_073236.2_30205531_7	0.800000	0.714286	5	7	4	5
DN_NC_073236.2_23070420_5	DN_NC_073238.2_23392840_7	0.800000	0.714286	5	7	4	5
DN_NC_073236.2_23070420_5	DN_NC_073238.2_25250945_5	1.000000	1.000000	5	5	5	5
DN_NC_073236.2_23070420_5	DN_NC_073240.2_17174470_5	1.000000	1.000000	5	5	5	5
DN_NC_073236.2_23070420_5	DN_NC_073246.2_11287585_8	0.800000	0.625000	5	8	4	5
DN_NC_073236.2_23070420_5	DN_NC_073248.2_45277558_8	0.800000	0.625000	5	8	4	5
DN_NC_073236.2_24785599_8	DN_NC_073236.2_30205531_7	0.125000	0.000000	8	7	1	0
DN_NC_073236.2_24785599_8	DN_NC_073238.2_23392840_7	0.125000	0.000000	8	7	1	0
DN_NC_073236.2_24785599_8	DN_NC_073238.2_25250945_5	0.625000	0.800000	8	5	5	4
DN_NC_073236.2_24785599_8	DN_NC_073240.2_17174470_5	0.625000	0.800000	8	5	5	4
DN_NC_073236.2_24785599_8	DN_NC_073246.2_11287585_8	0.875000	0.875000	8	8	7	7
DN_NC_073236.2_24785599_8	DN_NC_073248.2_45277558_8	0.875000	1.000000	8	8	7	8
DN_NC_073236.2_25270756_7	DN_NC_073240.2_15970659_7	1.000000	1.000000	7	7	7	7
DN_NC_073236.2_25270756_7	DN_NC_073247.2_165410205_10	0.428571	0.300000	7	10	3	3
DN_NC_073236.2_26203134_8	DN_NC_073238.2_24693721_8	0.875000	0.875000	8	8	7	7
DN_NC_073236.2_26203134_8	DN_NC_073239.2_44147073_8	1.000000	1.000000	8	8	8	8
DN_NC_073236.2_26203134_8	DN_NC_073248.2_10847471_7	0.750000	0.857143	8	7	6	6
DN_NC_073236.2_30205531_7	DN_NC_073238.2_23392840_7	1.000000	1.000000	7	7	7	7
DN_NC_073236.2_30205531_7	DN_NC_073238.2_25250945_5	0.714286	0.800000	7	5	5	4
DN_NC_073236.2_30205531_7	DN_NC_073246.2_11287585_8	0.857143	0.875000	7	8	6	7
DN_NC_073236.2_30205531_7	DN_NC_073248.2_45277558_8	0.857143	0.875000	7	8	6	7
DN_NC_073236.2_30501599_2	DN_NC_073238.2_22111250_2	1.000000	1.000000	2	2	2	2
DN_NC_073236.2_30994185_5	DN_NC_073237.2_22957046_5	1.000000	1.000000	5	5	5	5
DN_NC_073236.2_30994185_5	DN_NC_073238.2_29552503_8	0.800000	0.625000	5	8	4	5
DN_NC_073236.2_30994185_5	DN_NC_073238.2_31858801_4	1.000000	1.000000	5	4	5	4
DN_NC_073236.2_31364804_7	DN_NC_073236.2_31570340_7	0.714286	0.714286	7	7	5	5
DN_NC_073236.2_31528778_7	DN_NC_073236.2_32340171_12	0.714286	0.500000	7	12	5	6
DN_NC_073236.2_32048256_8	DN_NC_073236.2_34983788_9	0.875000	0.777778	8	9	7	7
DN_NC_073236.2_32278873_5	DN_NC_073242.2_97765438_4	0.000000	0.000000	5	4	0	0
DN_NC_073236.2_32278873_5	DN_NC_073244.2_8594978_5	0.000000	0.000000	5	5	0	0
DN_NC_073236.2_32676987_2	DN_NC_073237.2_24562366_2	1.000000	1.000000	2	2	2	2
DN_NC_073236.2_32676987_2	DN_NC_073237.2_31692944_2	1.000000	1.000000	2	2	2	2
DN_NC_073236.2_32866582_11	DN_NC_073237.2_31481917_11	0.909091	1.000000	11	11	10	11
DN_NC_073236.2_32866582_11	DN_NC_073237.2_93516915_6	0.181818	0.333333	11	6	2	2
DN_NC_073236.2_32935295_3	DN_NC_073237.2_24387014_11	0.333333	0.090909	3	11	1	1
DN_NC_073236.2_32935295_3	DN_NC_073237.2_29418618_13	0.333333	0.076923	3	13	1	1
DN_NC_073236.2_32935299_2	DN_NC_073238.2_54832744_2	0.500000	0.500000	2	2	1	1
DN_NC_073236.2_33289090_9	DN_NC_073237.2_23692487_10	0.888889	0.900000	9	10	8	9
DN_NC_073236.2_33289090_9	DN_NC_073237.2_30061699_3	0.222222	0.666667	9	3	2	2
DN_NC_073236.2_33699714_3	DN_NC_073236.2_35163364_4	0.333333	0.250000	3	4	1	1
DN_NC_073236.2_33791336_41	DN_NC_073236.2_35320202_37	0.243902	0.270270	41	37	10	10
DN_NC_073236.2_35320202_37	DN_NC_073241.2_38130293_13	0.000000	0.000000	37	13	0	0
DN_NC_073236.2_38854516_5	DN_NC_073236.2_38858247_18	0.200000	0.055556	5	18	1	1
DN_NC_073236.2_46553268_10	DN_NC_073236.2_47822803_9	1.000000	1.000000	10	9	10	9
DN_NC_073236.2_46653509_10	DN_NC_073236.2_47712811_9	0.900000	1.000000	10	9	9	9
DN_NC_073236.2_46653509_10	DN_NC_073236.2_49989275_2	0.000000	0.500000	10	2	0	1
DN_NC_073236.2_46653509_10	DN_NC_073236.2_51202468_4	0.000000	0.250000	10	4	0	1
DN_NC_073236.2_46653509_10	DN_NC_073236.2_51437835_4	0.000000	0.250000	10	4	0	1
DN_NC_073236.2_46653509_10	DN_NC_073236.2_52824428_4	0.000000	0.250000	10	4	0	1
DN_NC_073236.2_46676942_15	DN_NC_073236.2_47732210_12	0.666667	0.750000	15	12	10	9
DN_NC_073236.2_46676942_15	DN_NC_073247.2_131468464_3	0.000000	0.000000	15	3	0	0
DN_NC_073236.2_47712811_9	DN_NC_073236.2_49989275_2	0.111111	0.500000	9	2	1	1
DN_NC_073236.2_47712811_9	DN_NC_073236.2_51202468_4	0.111111	0.250000	9	4	1	1
DN_NC_073236.2_47712811_9	DN_NC_073236.2_52824428_4	0.111111	0.250000	9	4	1	1
DN_NC_073236.2_47732210_12	DN_NC_073236.2_51437835_4	0.250000	0.750000	12	4	3	3
DN_NC_073236.2_49989275_2	DN_NC_073236.2_51202468_4	1.000000	1.000000	2	4	2	4
DN_NC_073236.2_49989275_2	DN_NC_073236.2_51437835_4	0.500000	1.000000	2	4	1	4
DN_NC_073236.2_49989275_2	DN_NC_073236.2_52824428_4	1.000000	1.000000	2	4	2	4
DN_NC_073236.2_50448087_2	DN_NC_073247.2_135520853_7	0.500000	0.142857	2	7	1	1
DN_NC_073236.2_51202468_4	DN_NC_073236.2_51437835_4	0.750000	1.000000	4	4	3	4
DN_NC_073236.2_51202468_4	DN_NC_073236.2_52824428_4	1.000000	1.000000	4	4	4	4
DN_NC_073236.2_51437835_4	DN_NC_073236.2_52824428_4	1.000000	1.000000	4	4	4	4
DN_NC_073236.2_52686516_4	DN_NC_073247.2_113660362_2	0.000000	0.000000	4	2	0	0
DN_NC_073236.2_65566893_8	DN_NC_086017.1_58705155_2	0.000000	0.000000	8	2	0	0
DN_NC_073236.2_73173266_13	DN_NC_073240.2_37591091_13	0.000000	0.000000	13	13	0	0
DN_NC_073236.2_81530457_14	DN_NC_073236.2_81606261_13	0.071429	0.000000	14	13	1	0
DN_NC_073237.2_101005198_6	DN_NC_073237.2_101021921_6	0.833333	0.833333	6	6	5	5
DN_NC_073237.2_101948554_6	DN_NC_073239.2_123333523_2	0.000000	0.000000	6	2	0	0
DN_NC_073237.2_101948554_6	DN_NC_073244.2_43610901_6	0.000000	0.166667	6	6	0	1
DN_NC_073237.2_101948554_6	DN_NC_073247.2_115708949_2	0.000000	0.000000	6	2	0	0
DN_NC_073237.2_101948554_6	DN_NC_073247.2_147586730_5	0.000000	0.000000	6	5	0	0
DN_NC_073237.2_105179643_6	DN_NC_073237.2_105184979_19	0.166667	0.052632	6	19	1	1
DN_NC_073237.2_106488614_5	DN_NC_073243.2_19688237_2	0.800000	0.000000	5	2	4	0
DN_NC_073237.2_109230975_4	DN_NC_073237.2_109279481_4	0.000000	0.000000	4	4	0	0
DN_NC_073237.2_109230975_4	DN_NC_073237.2_23553596_5	0.000000	0.000000	4	5	0	0
DN_NC_073237.2_109230975_4	DN_NC_073237.2_89310571_5	0.000000	0.000000	4	5	0	0
DN_NC_073237.2_109230975_4	DN_NC_073244.2_45737704_5	0.000000	0.000000	4	5	0	0
DN_NC_073237.2_109230975_4	DN_NC_073244.2_47706460_3	0.000000	0.000000	4	3	0	0
DN_NC_073237.2_109230975_4	DN_NC_073244.2_48093173_7	0.000000	0.000000	4	7	0	0
DN_NC_073237.2_109230975_4	DN_NC_073244.2_48319142_5	0.000000	0.000000	4	5	0	0
DN_NC_073237.2_109230975_4	DN_NC_073244.2_48352926_4	0.000000	0.000000	4	4	0	0
DN_NC_073237.2_109230975_4	DN_NC_073244.2_48620420_5	0.000000	0.000000	4	5	0	0
DN_NC_073237.2_109230975_4	DN_NC_073244.2_48660338_4	0.000000	0.000000	4	4	0	0
DN_NC_073237.2_109230975_4	DN_NC_073244.2_48919547_6	0.000000	0.000000	4	6	0	0
DN_NC_073237.2_109230975_4	DN_NC_073244.2_63882905_5	0.000000	0.000000	4	5	0	0
DN_NC_073237.2_109230975_4	DN_NC_073244.2_70077616_7	0.000000	0.000000	4	7	0	0
DN_NC_073237.2_109230975_4	DN_NC_073245.2_58728682_5	0.000000	0.000000	4	5	0	0
DN_NC_073237.2_109230975_4	DN_NC_073247.2_56899135_7	0.000000	0.000000	4	7	0	0
DN_NC_073237.2_109230975_4	DN_NC_073247.2_58372296_6	0.000000	0.000000	4	5	0	0
DN_NC_073237.2_109230975_4	DN_NC_086017.1_85766278_5	0.000000	0.000000	4	5	0	0
DN_NC_073237.2_109279481_4	DN_NC_073237.2_23553596_5	0.000000	0.000000	4	5	0	0
DN_NC_073237.2_109279481_4	DN_NC_073237.2_89310571_5	0.000000	0.000000	4	5	0	0
DN_NC_073237.2_109279481_4	DN_NC_073237.2_93275727_4	0.000000	0.000000	4	4	0	0
DN_NC_073237.2_109279481_4	DN_NC_073244.2_45737704_5	0.000000	0.000000	4	5	0	0
DN_NC_073237.2_109279481_4	DN_NC_073244.2_47706460_3	0.000000	0.000000	4	3	0	0
DN_NC_073237.2_109279481_4	DN_NC_073244.2_47878793_6	0.000000	0.000000	4	6	0	0
DN_NC_073237.2_109279481_4	DN_NC_073244.2_48093173_7	0.000000	0.000000	4	7	0	0
DN_NC_073237.2_109279481_4	DN_NC_073244.2_48319142_5	0.000000	0.000000	4	5	0	0
DN_NC_073237.2_109279481_4	DN_NC_073244.2_48352926_4	0.000000	0.000000	4	4	0	0
DN_NC_073237.2_109279481_4	DN_NC_073244.2_48620420_5	0.000000	0.000000	4	5	0	0
DN_NC_073237.2_109279481_4	DN_NC_073244.2_48919547_6	0.000000	0.000000	4	6	0	0
DN_NC_073237.2_109279481_4	DN_NC_073244.2_55989141_5	0.000000	0.000000	4	5	0	0
DN_NC_073237.2_109279481_4	DN_NC_073244.2_63895938_6	0.000000	0.000000	4	6	0	0
DN_NC_073237.2_109279481_4	DN_NC_073244.2_63934684_6	0.000000	0.000000	4	6	0	0
DN_NC_073237.2_109279481_4	DN_NC_073244.2_70077616_7	0.000000	0.000000	4	7	0	0
DN_NC_073237.2_109279481_4	DN_NC_073245.2_58728682_5	0.000000	0.000000	4	5	0	0
DN_NC_073237.2_109279481_4	DN_NC_073247.2_57761829_5	0.000000	0.000000	4	5	0	0
DN_NC_073237.2_109279481_4	DN_NC_073247.2_58372296_6	0.000000	0.000000	4	5	0	0
DN_NC_073237.2_109279481_4	DN_NC_086017.1_54629198_3	0.000000	0.000000	4	3	0	0
DN_NC_073237.2_109279481_4	DN_NC_086017.1_85766278_5	0.000000	0.000000	4	5	0	0
DN_NC_073237.2_109453117_3	DN_NC_073237.2_109461576_3	1.000000	1.000000	3	3	3	3
DN_NC_073237.2_109499325_4	DN_NC_073237.2_109511989_28	0.000000	0.035714	4	28	0	1
DN_NC_073237.2_118498911_4	DN_NC_073239.2_124648897_4	1.000000	1.000000	4	4	4	4
DN_NC_073237.2_118498911_4	DN_NC_073240.2_103747497_4	1.000000	1.000000	4	4	4	4
DN_NC_073237.2_118498911_4	DN_NC_073241.2_110003031_5	0.750000	0.600000	4	5	3	3
DN_NC_073237.2_118498911_4	DN_NC_073242.2_121237165_4	1.000000	1.000000	4	4	4	4
DN_NC_073237.2_118498911_4	DN_NC_073244.2_70818649_5	0.750000	0.600000	4	5	3	3
DN_NC_073237.2_118498911_4	DN_NC_086017.1_211655827_5	0.750000	0.600000	4	5	3	3
DN_NC_073237.2_118498911_4	DN_NC_086017.1_9337960_4	0.750000	1.000000	4	4	3	4
DN_NC_073237.2_118518303_5	DN_NC_073239.2_124645701_2	0.000000	0.000000	5	2	0	0
DN_NC_073237.2_119275968_2	DN_NC_073237.2_119275970_2	0.500000	0.500000	2	2	1	1
DN_NC_073237.2_123801018_5	DN_NC_073244.2_70159242_5	0.000000	0.000000	5	5	0	0
DN_NC_073237.2_123801018_5	DN_NC_086018.1_21231592_2	0.000000	0.000000	5	2	0	0
DN_NC_073237.2_124724631_14	DN_NC_073244.2_23914271_12	0.000000	0.000000	14	12	0	0
DN_NC_073237.2_125291669_2	DN_NC_073244.2_13768230_3	0.000000	0.000000	2	3	0	0
DN_NC_073237.2_126021216_4	DN_NC_073237.2_126029688_6	0.250000	0.000000	4	6	1	0
DN_NC_073237.2_129707941_5	DN_NC_073242.2_6296327_3	0.000000	0.333333	5	3	0	1
DN_NC_073237.2_129717495_4	DN_NC_073238.2_41579503_4	0.000000	1.000000	4	4	0	4
DN_NC_073237.2_129735503_6	DN_NC_073237.2_129740502_6	0.166667	0.166667	6	6	1	1
DN_NC_073237.2_130138569_27	DN_NC_073244.2_12577232_27	0.000000	0.000000	27	27	0	0
DN_NC_073237.2_130396115_12	DN_NC_073244.2_21687258_9	0.000000	0.000000	12	9	0	0
DN_NC_073237.2_131478659_6	DN_NC_073244.2_15891037_6	0.000000	0.000000	6	6	0	0
DN_NC_073237.2_133664160_4	DN_NC_073242.2_120516047_4	0.250000	0.250000	4	4	1	1
DN_NC_073237.2_133664160_4	DN_NC_073244.2_12296250_4	0.750000	0.750000	4	4	3	3
DN_NC_073237.2_133885482_35	DN_NC_073244.2_13399581_32	0.000000	0.000000	35	32	0	0
DN_NC_073237.2_17678391_14	DN_NC_073238.2_22049850_15	1.000000	1.000000	14	15	14	15
DN_NC_073237.2_22957046_5	DN_NC_073238.2_29552503_8	0.800000	0.625000	5	8	4	5
DN_NC_073237.2_22957046_5	DN_NC_073238.2_31858801_4	0.800000	0.750000	5	4	4	3
DN_NC_073237.2_23553596_5	DN_NC_073237.2_89310571_5	0.000000	0.000000	5	5	0	0
DN_NC_073237.2_23553596_5	DN_NC_073237.2_93275727_4	0.000000	0.000000	5	4	0	0
DN_NC_073237.2_23553596_5	DN_NC_073244.2_47878793_6	0.000000	0.000000	5	6	0	0
DN_NC_073237.2_23553596_5	DN_NC_073244.2_48093173_7	0.000000	0.000000	5	7	0	0
DN_NC_073237.2_23553596_5	DN_NC_073244.2_48620420_5	0.000000	0.000000	5	5	0	0
DN_NC_073237.2_23553596_5	DN_NC_073244.2_48919547_6	0.000000	0.000000	5	6	0	0
DN_NC_073237.2_23553596_5	DN_NC_073244.2_55989141_5	0.000000	0.000000	5	5	0	0
DN_NC_073237.2_23553596_5	DN_NC_073244.2_63542066_5	0.000000	0.000000	5	5	0	0
DN_NC_073237.2_23553596_5	DN_NC_073244.2_63882905_5	0.000000	0.000000	5	5	0	0
DN_NC_073237.2_23553596_5	DN_NC_073247.2_57761829_5	0.000000	0.000000	5	5	0	0
DN_NC_073237.2_23553596_5	DN_NC_073247.2_57840463_5	0.000000	0.000000	5	5	0	0
DN_NC_073237.2_23553596_5	DN_NC_073247.2_58372296_6	0.000000	0.000000	5	5	0	0
DN_NC_073237.2_23553596_5	DN_NC_086017.1_85766278_5	0.000000	0.000000	5	5	0	0
DN_NC_073237.2_23692487_10	DN_NC_073237.2_30061699_3	0.200000	0.666667	10	3	2	2
DN_NC_073237.2_24387014_11	DN_NC_073237.2_29418618_13	1.000000	0.846154	11	13	11	11
DN_NC_073237.2_24387014_11	DN_NC_073237.2_31481917_11	0.909091	1.000000	11	11	10	11
DN_NC_073237.2_24562360_2	DN_NC_073237.2_31692944_2	1.000000	1.000000	2	2	2	2
DN_NC_073237.2_25172073_4	DN_NC_073237.2_25176692_9	0.250000	0.111111	4	9	1	1
DN_NC_073237.2_27266553_20	DN_NC_073240.2_63549614_16	0.000000	0.000000	20	16	0	0
DN_NC_073237.2_27282743_9	DN_NC_073240.2_63815908_8	0.000000	0.000000	9	8	0	0
DN_NC_073237.2_27307884_9	DN_NC_073237.2_27311993_5	0.000000	0.200000	9	5	0	1
DN_NC_073237.2_28860054_9	DN_NC_073247.2_137840069_2	0.000000	0.000000	9	2	0	0
DN_NC_073237.2_29418618_13	DN_NC_073237.2_31481917_11	0.769231	1.000000	13	11	10	11
DN_NC_073237.2_30220066_5	DN_NC_073244.2_15508499_10	0.000000	0.000000	5	10	0	0
DN_NC_073237.2_30220066_5	DN_NC_073244.2_45985550_6	0.000000	0.000000	5	6	0	0
DN_NC_073237.2_30220066_5	DN_NC_073244.2_47250467_5	0.000000	0.000000	5	5	0	0
DN_NC_073237.2_30220066_5	DN_NC_073244.2_47831779_6	0.000000	0.000000	5	6	0	0
DN_NC_073237.2_30220066_5	DN_NC_073244.2_47997304_5	0.000000	0.000000	5	5	0	0
DN_NC_073237.2_30220066_5	DN_NC_073244.2_48030811_4	0.000000	0.000000	5	4	0	0
DN_NC_073237.2_30220066_5	DN_NC_073244.2_48242798_5	0.000000	0.000000	5	5	0	0
DN_NC_073237.2_30220066_5	DN_NC_073244.2_48384768_7	0.000000	0.000000	5	7	0	0
DN_NC_073237.2_30220066_5	DN_NC_073244.2_49101177_5	0.000000	0.000000	5	5	0	0
DN_NC_073237.2_30220066_5	DN_NC_073244.2_49176797_4	0.000000	0.000000	5	4	0	0
DN_NC_073237.2_30220066_5	DN_NC_073244.2_49246931_6	0.000000	0.000000	5	6	0	0
DN_NC_073237.2_30220066_5	DN_NC_073244.2_51749194_6	0.000000	0.000000	5	6	0	0
DN_NC_073237.2_30220066_5	DN_NC_073244.2_51825388_5	0.000000	0.000000	5	5	0	0
DN_NC_073237.2_30220066_5	DN_NC_073244.2_55341363_7	0.000000	0.000000	5	7	0	0
DN_NC_073237.2_30511420_2	DN_NC_073237.2_30512124_4	0.500000	0.250000	2	4	1	1
DN_NC_073237.2_30974188_2	DN_NC_073247.2_166096407_3	0.500000	1.000000	2	3	1	3
DN_NC_073237.2_31481917_11	DN_NC_073237.2_93516915_6	0.181818	0.333333	11	6	2	2
DN_NC_073237.2_46657799_9	DN_NC_073244.2_10146023_10	0.000000	0.000000	9	10	0	0
DN_NC_073237.2_58341083_8	DN_NC_073243.2_49045190_4	0.000000	0.000000	8	4	0	0
DN_NC_073237.2_58583645_2	DN_NC_073238.2_112687980_26	0.000000	0.000000	2	26	0	0
DN_NC_073237.2_58966871_3	DN_NC_073238.2_32617313_2	0.000000	0.000000	3	2	0	0
DN_NC_073237.2_58966871_3	DN_NC_073241.2_83874271_3	0.000000	0.000000	3	3	0	0
DN_NC_073237.2_58966871_3	DN_NC_073244.2_6165323_3	0.000000	0.000000	3	3	0	0
DN_NC_073237.2_68560894_6	DN_NC_073244.2_54031930_2	0.666667	0.000000	6	2	4	0
DN_NC_073237.2_75784390_20	DN_NC_073244.2_8775501_20	0.000000	0.000000	20	20	0	0
DN_NC_073237.2_79864647_11	DN_NC_073247.2_66651439_2	0.000000	0.000000	11	2	0	0
DN_NC_073237.2_79912635_2	DN_NC_073238.2_38269853_5	0.000000	0.000000	2	5	0	0
DN_NC_073237.2_79912635_2	DN_NC_073242.2_36567597_2	0.500000	0.500000	2	2	1	1
DN_NC_073237.2_79912635_2	DN_NC_086017.1_14101436_3	0.500000	0.000000	2	3	1	0
DN_NC_073237.2_79912635_2	DN_NC_086017.1_24755690_2	0.500000	0.000000	2	2	1	0
DN_NC_073237.2_79912635_2	DN_NC_086017.1_24755694_2	0.500000	0.000000	2	2	1	0
DN_NC_073237.2_79912635_2	DN_NC_086018.1_25932455_2	0.000000	0.000000	2	2	0	0
DN_NC_073237.2_80081336_11	DN_NC_073237.2_82042769_5	0.454545	0.800000	11	5	5	4
DN_NC_073237.2_83892884_7	DN_NC_073237.2_84363825_25	0.857143	0.240000	7	25	6	6
DN_NC_073237.2_83935038_8	DN_NC_073237.2_84341528_8	1.000000	1.000000	8	8	8	8
DN_NC_073237.2_83935038_8	DN_NC_073237.2_93365361_8	0.625000	0.625000	8	8	5	5
DN_NC_073237.2_84005209_4	DN_NC_073237.2_84204480_4	1.000000	1.000000	4	4	4	4
DN_NC_073237.2_84341528_8	DN_NC_073237.2_93365361_8	0.625000	0.625000	8	8	5	5
DN_NC_073237.2_84711301_3	DN_NC_073238.2_114796219_2	0.000000	0.000000	3	2	0	0
DN_NC_073237.2_84822135_6	DN_NC_073247.2_67140268_2	0.333333	0.000000	6	2	2	0
DN_NC_073237.2_84822135_6	DN_NC_073247.2_67278734_2	0.000000	0.000000	6	2	0	0
DN_NC_073237.2_89073528_3	DN_NC_073237.2_89075402_13	0.333333	0.076923	3	13	1	1
DN_NC_073237.2_89310571_5	DN_NC_073237.2_93275727_4	0.000000	0.000000	5	4	0	0
DN_NC_073237.2_89310571_5	DN_NC_073244.2_45737704_5	0.000000	0.000000	5	5	0	0
DN_NC_073237.2_89310571_5	DN_NC_073244.2_47798559_5	0.000000	0.000000	5	5	0	0
DN_NC_073237.2_89310571_5	DN_NC_073244.2_47878793_6	0.000000	0.000000	5	6	0	0
DN_NC_073237.2_89310571_5	DN_NC_073244.2_48093173_7	0.000000	0.000000	5	7	0	0
DN_NC_073237.2_89310571_5	DN_NC_073244.2_48319142_5	0.000000	0.000000	5	5	0	0
DN_NC_073237.2_89310571_5	DN_NC_073244.2_48352926_4	0.000000	0.000000	5	4	0	0
DN_NC_073237.2_89310571_5	DN_NC_073244.2_48660338_4	0.000000	0.000000	5	4	0	0
DN_NC_073237.2_89310571_5	DN_NC_073244.2_48919547_6	0.000000	0.000000	5	6	0	0
DN_NC_073237.2_89310571_5	DN_NC_073244.2_63542066_5	0.000000	0.000000	5	5	0	0
DN_NC_073237.2_89310571_5	DN_NC_073244.2_63882905_5	0.000000	0.000000	5	5	0	0
DN_NC_073237.2_89310571_5	DN_NC_073244.2_63895938_6	0.000000	0.000000	5	6	0	0
DN_NC_073237.2_89310571_5	DN_NC_073244.2_63934684_6	0.000000	0.000000	5	6	0	0
DN_NC_073237.2_89310571_5	DN_NC_073245.2_58728682_5	0.000000	0.000000	5	5	0	0
DN_NC_073237.2_89310571_5	DN_NC_073247.2_57840463_5	0.000000	0.000000	5	5	0	0
DN_NC_073237.2_89310571_5	DN_NC_073247.2_58228088_5	0.000000	0.000000	5	5	0	0
DN_NC_073237.2_89310571_5	DN_NC_086017.1_85766278_5	0.000000	0.000000	5	5	0	0
DN_NC_073237.2_89465596_2	DN_NC_073239.2_70164897_2	0.000000	0.500000	2	2	0	1
DN_NC_073237.2_89465596_2	DN_NC_073244.2_27139185_2	0.500000	0.500000	2	2	1	1
DN_NC_073237.2_89473261_14	DN_NC_073247.2_64561534_19	0.000000	0.000000	14	19	0	0
DN_NC_073237.2_90033004_3	DN_NC_073239.2_77917590_16	0.000000	0.000000	3	16	0	0
DN_NC_073237.2_90719098_5	DN_NC_073244.2_48583045_5	0.000000	0.000000	5	6	0	0
DN_NC_073237.2_90719098_5	DN_NC_073245.2_12403861_6	0.000000	0.000000	5	6	0	0
DN_NC_073237.2_90719098_5	DN_NC_073245.2_28291357_5	0.000000	0.000000	5	5	0	0
DN_NC_073237.2_90719098_5	DN_NC_073245.2_35678363_2	0.000000	0.000000	5	2	0	0
DN_NC_073237.2_93211680_6	DN_NC_073244.2_48620420_5	0.000000	0.000000	6	5	0	0
DN_NC_073237.2_93211680_6	DN_NC_073245.2_58728682_5	0.000000	0.000000	6	5	0	0
DN_NC_073237.2_93211680_6	DN_NC_073247.2_56899135_7	0.000000	0.000000	6	7	0	0
DN_NC_073237.2_93275727_4	DN_NC_073244.2_47798559_5	0.000000	0.000000	4	5	0	0
DN_NC_073237.2_93275727_4	DN_NC_073244.2_47878793_6	0.000000	0.000000	4	6	0	0
DN_NC_073237.2_93275727_4	DN_NC_073244.2_48093173_7	0.000000	0.000000	4	7	0	0
DN_NC_073237.2_93275727_4	DN_NC_073244.2_55989141_5	0.000000	0.000000	4	5	0	0
DN_NC_073237.2_93275727_4	DN_NC_073244.2_70077616_7	0.000000	0.000000	4	7	0	0
DN_NC_073237.2_93275727_4	DN_NC_073247.2_57761829_5	0.000000	0.000000	4	5	0	0
DN_NC_073237.2_93275727_4	DN_NC_073247.2_58372296_6	0.000000	0.000000	4	5	0	0
DN_NC_073237.2_93275727_4	DN_NC_086017.1_85766278_5	0.000000	0.000000	4	5	0	0
DN_NC_073237.2_94439193_12	DN_NC_073240.2_69411455_12	0.000000	0.000000	12	12	0	0
DN_NC_073237.2_96675699_5	DN_NC_086018.1_19844955_6	0.000000	0.000000	5	9	0	0
DN_NC_073237.2_97733433_3	DN_NC_073243.2_20204464_2	0.000000	0.000000	3	2	0	0
DN_NC_073237.2_97733433_3	DN_NC_073244.2_45985550_6	0.000000	0.000000	3	6	0	0
DN_NC_073237.2_97733433_3	DN_NC_073244.2_47250467_5	0.000000	0.000000	3	5	0	0
DN_NC_073237.2_97733433_3	DN_NC_073244.2_47997304_5	0.000000	0.000000	3	5	0	0
DN_NC_073237.2_97733433_3	DN_NC_073244.2_48030811_4	0.000000	0.000000	3	4	0	0
DN_NC_073237.2_97733433_3	DN_NC_073244.2_48242798_5	0.000000	0.000000	3	5	0	0
DN_NC_073237.2_97733433_3	DN_NC_073244.2_48384768_7	0.000000	0.000000	3	7	0	0
DN_NC_073237.2_97733433_3	DN_NC_073244.2_49072464_4	0.000000	0.000000	3	4	0	0
DN_NC_073237.2_97733433_3	DN_NC_073244.2_51749194_6	0.000000	0.000000	3	6	0	0
DN_NC_073237.2_97733433_3	DN_NC_073244.2_51783968_5	0.000000	0.000000	3	5	0	0
DN_NC_073238.2_114796219_2	DN_NC_073240.2_79492690_6	0.000000	0.000000	2	6	0	0
DN_NC_073238.2_125561692_4	DN_NC_073243.2_94988262_4	0.000000	0.000000	4	3	0	0
DN_NC_073238.2_128177434_9	DN_NC_073238.2_128201955_8	0.111111	0.125000	9	8	1	1
DN_NC_073238.2_128463727_12	DN_NC_073247.2_47501169_3	0.916667	0.333333	12	3	11	1
DN_NC_073238.2_22875925_6	DN_NC_073238.2_24580375_8	1.000000	0.750000	6	8	6	6
DN_NC_073238.2_22875925_6	DN_NC_073240.2_14396114_6	1.000000	1.000000	6	6	6	6
DN_NC_073238.2_23273370_7	DN_NC_073238.2_24372581_9	1.000000	0.777778	7	9	7	7
DN_NC_073238.2_23392840_7	DN_NC_073238.2_25250945_5	0.714286	0.800000	7	5	5	4
DN_NC_073238.2_23392840_7	DN_NC_073246.2_11287585_8	0.857143	0.875000	7	8	6	7
DN_NC_073238.2_23392840_7	DN_NC_073248.2_45277558_8	0.857143	0.875000	7	8	6	7
DN_NC_073238.2_24435116_16	DN_NC_086018.1_22138206_15	0.500000	0.600000	16	15	8	9
DN_NC_073238.2_24580375_8	DN_NC_073240.2_14396114_6	0.750000	0.833333	8	6	6	5
DN_NC_073238.2_24693721_8	DN_NC_073239.2_44147073_8	0.875000	0.875000	8	8	7	7
DN_NC_073238.2_25250945_5	DN_NC_073240.2_17174470_5	1.000000	1.000000	5	5	5	5
DN_NC_073238.2_25250945_5	DN_NC_073246.2_11287585_8	0.800000	0.625000	5	8	4	5
DN_NC_073238.2_25250945_5	DN_NC_073248.2_45277558_8	0.800000	0.625000	5	8	4	5
DN_NC_073238.2_29552503_8	DN_NC_086018.1_19844955_6	0.875000	0.888889	8	9	7	8
DN_NC_073238.2_30171533_2	DN_NC_073238.2_33197456_2	1.000000	1.000000	2	2	2	2
DN_NC_073238.2_30171533_2	DN_NC_073242.2_7013229_2	0.000000	0.000000	2	2	0	0
DN_NC_073238.2_30171533_2	DN_NC_073246.2_32689693_4	0.000000	0.000000	2	4	0	0
DN_NC_073238.2_31467876_5	DN_NC_073240.2_22595737_5	1.000000	1.000000	5	5	5	5
DN_NC_073238.2_31467876_5	DN_NC_086018.1_16134008_5	0.400000	0.400000	5	5	2	2
DN_NC_073238.2_31467876_5	DN_NC_086018.1_18552717_3	0.200000	0.000000	5	3	1	0
DN_NC_073238.2_32266743_7	DN_NC_073238.2_33425477_7	1.000000	1.000000	7	8	7	8
DN_NC_073238.2_32460857_5	DN_NC_073238.2_33291944_6	0.200000	0.000000	5	6	1	0
DN_NC_073238.2_32460857_5	DN_NC_073240.2_22623333_4	0.000000	0.000000	5	4	0	0
DN_NC_073238.2_32617313_2	DN_NC_073241.2_83874271_3	0.000000	0.000000	2	3	0	0
DN_NC_073238.2_32617313_2	DN_NC_073244.2_6165323_3	0.000000	0.000000	2	3	0	0
DN_NC_073238.2_32661686_2	DN_NC_073247.2_30604924_7	0.500000	0.857143	2	7	1	6
DN_NC_073238.2_32661686_2	DN_NC_073248.2_26554434_7	0.000000	0.714286	2	7	0	5
DN_NC_073238.2_33197456_2	DN_NC_073239.2_67194404_11	0.000000	0.000000	2	11	0	0
DN_NC_073238.2_33197456_2	DN_NC_073242.2_7013229_2	0.000000	0.000000	2	2	0	0
DN_NC_073238.2_33197456_2	DN_NC_073246.2_32689693_4	0.000000	0.000000	2	4	0	0
DN_NC_073238.2_33291944_6	DN_NC_073240.2_22623333_4	0.000000	0.000000	6	4	0	0
DN_NC_073238.2_33904146_3	DN_NC_073240.2_23674889_10	0.333333	0.000000	3	10	1	0
DN_NC_073238.2_33904146_3	DN_NC_073240.2_29752710_11	0.333333	0.000000	3	11	1	0
DN_NC_073238.2_33904146_3	DN_NC_073243.2_111186227_2	0.333333	0.000000	3	2	1	0
DN_NC_073238.2_33904146_3	DN_NC_073244.2_50702615_6	0.000000	0.000000	3	6	0	0
DN_NC_073238.2_33938258_14	DN_NC_073240.2_20710887_3	0.214286	0.666667	14	3	3	2
DN_NC_073238.2_34005367_9	DN_NC_073240.2_22623333_4	0.111111	0.500000	9	4	1	2
DN_NC_073238.2_34124992_8	DN_NC_073238.2_34259091_25	0.500000	0.120000	8	25	4	3
DN_NC_073238.2_38964005_23	DN_NC_073244.2_53573424_23	0.000000	0.000000	23	23	0	0
DN_NC_073238.2_41750994_9	DN_NC_073238.2_41760020_5	0.000000	0.000000	9	5	0	0
DN_NC_073238.2_51309642_26	DN_NC_073247.2_34808557_3	0.000000	0.000000	26	3	0	0
DN_NC_073238.2_55186881_2	DN_NC_073238.2_67074273_14	0.000000	0.000000	2	14	0	0
DN_NC_073238.2_59732356_14	DN_NC_073238.2_60756272_9	0.500000	0.666667	14	9	7	6
DN_NC_073238.2_59946195_16	DN_NC_086017.1_153776814_16	0.000000	0.000000	16	16	0	0
DN_NC_073238.2_62894676_12	DN_NC_073238.2_64027356_13	0.000000	0.000000	12	13	0	0
DN_NC_073238.2_65876995_17	DN_NC_073247.2_147316506_18	0.000000	0.000000	17	18	0	0
DN_NC_073238.2_66682517_7	DN_NC_073238.2_66830454_5	0.000000	0.000000	6	5	0	0
DN_NC_073238.2_8052138_7	DN_NC_073240.2_4575875_4	0.000000	0.000000	7	4	0	0
DN_NC_073238.2_8052138_7	DN_NC_073241.2_195924_6	0.714286	0.833333	7	6	5	5
DN_NC_073238.2_8052138_7	DN_NC_073244.2_11377962_21	1.000000	0.333333	7	21	7	7
DN_NC_073238.2_8052138_7	DN_NC_073244.2_11413820_21	0.000000	0.000000	7	21	0	0
DN_NC_073239.2_105498614_17	DN_NC_073239.2_105549018_9	0.058824	0.111111	17	9	1	1
DN_NC_073239.2_109052370_3	DN_NC_073239.2_109057706_16	0.333333	0.062500	3	16	1	1
DN_NC_073239.2_120173605_3	DN_NC_073244.2_27956142_2	0.000000	0.000000	3	2	0	0
DN_NC_073239.2_120499478_8	DN_NC_073244.2_56814281_4	0.000000	0.000000	8	4	0	0
DN_NC_073239.2_120602021_15	DN_NC_073244.2_56850091_13	0.000000	0.000000	15	13	0	0
DN_NC_073239.2_121772610_13	DN_NC_073244.2_51984253_14	0.615385	0.571429	13	14	8	8
DN_NC_073239.2_122136493_25	DN_NC_073245.2_20582467_26	0.000000	0.000000	25	26	0	0
DN_NC_073239.2_122577448_3	DN_NC_073239.2_122707562_3	1.000000	1.000000	3	3	3	3
DN_NC_073239.2_122615409_4	DN_NC_073239.2_122634080_4	1.000000	1.000000	4	4	4	4
DN_NC_073239.2_122615409_4	DN_NC_073239.2_122741455_4	1.000000	1.000000	4	4	4	4
DN_NC_073239.2_122615409_4	DN_NC_073239.2_122769394_7	1.000000	1.000000	4	7	4	7
DN_NC_073239.2_122615409_4	DN_NC_073239.2_122796928_6	1.000000	0.833333	4	6	4	5
DN_NC_073239.2_122634080_4	DN_NC_073239.2_122741455_4	1.000000	1.000000	4	4	4	4
DN_NC_073239.2_122634080_4	DN_NC_073239.2_122769394_7	1.000000	1.000000	4	7	4	7
DN_NC_073239.2_122634080_4	DN_NC_073239.2_122796928_6	1.000000	0.833333	4	6	4	5
DN_NC_073239.2_122741455_4	DN_NC_073239.2_122769394_7	1.000000	1.000000	4	7	4	7
DN_NC_073239.2_122741455_4	DN_NC_073239.2_122796928_6	1.000000	0.833333	4	6	4	5
DN_NC_073239.2_122769394_7	DN_NC_073239.2_122796928_6	1.000000	0.833333	7	6	7	5
DN_NC_073239.2_123333518_3	DN_NC_073239.2_123454429_2	0.333333	0.500000	3	2	1	1
DN_NC_073239.2_123333523_2	DN_NC_073240.2_21986088_4	0.000000	0.000000	2	4	0	0
DN_NC_073239.2_123333523_2	DN_NC_073243.2_69046517_5	0.000000	0.000000	2	5	0	0
DN_NC_073239.2_123333523_2	DN_NC_073244.2_43610901_6	0.000000	0.166667	2	6	0	1
DN_NC_073239.2_123333523_2	DN_NC_073247.2_115708949_2	0.000000	0.000000	2	2	0	0
DN_NC_073239.2_123333523_2	DN_NC_073247.2_147586730_5	0.000000	0.000000	2	5	0	0
DN_NC_073239.2_123449122_2	DN_NC_073244.2_43610901_6	0.000000	0.166667	2	6	0	1
DN_NC_073239.2_123449122_2	DN_NC_073247.2_147586730_5	0.000000	0.000000	2	5	0	0
DN_NC_073239.2_123469457_3	DN_NC_073242.2_6296327_3	0.000000	0.333333	3	3	0	1
DN_NC_073239.2_124648897_4	DN_NC_073240.2_103747497_4	1.000000	1.000000	4	4	4	4
DN_NC_073239.2_124648897_4	DN_NC_073241.2_110003031_5	0.750000	0.600000	4	5	3	3
DN_NC_073239.2_124648897_4	DN_NC_073242.2_121237165_4	1.000000	1.000000	4	4	4	4
DN_NC_073239.2_124648897_4	DN_NC_073244.2_70818649_5	0.750000	0.600000	4	5	3	3
DN_NC_073239.2_124648897_4	DN_NC_086017.1_211655827_5	0.750000	0.600000	4	5	3	3
DN_NC_073239.2_124648897_4	DN_NC_086017.1_9337960_4	0.750000	1.000000	4	4	3	4
DN_NC_073239.2_14838701_6	DN_NC_073244.2_43610901_6	0.000000	0.166667	6	6	0	1
DN_NC_073239.2_14838701_6	DN_NC_073247.2_147586730_5	0.000000	0.000000	6	5	0	0
DN_NC_073239.2_32209364_6	DN_NC_073239.2_32210799_7	0.166667	0.000000	6	7	1	0
DN_NC_073239.2_32339840_6	DN_NC_073239.2_32342111_10	0.000000	0.000000	6	10	0	0
DN_NC_073239.2_32570025_17	DN_NC_073242.2_120163344_15	0.000000	0.000000	17	15	0	0
DN_NC_073239.2_32630520_8	DN_NC_073239.2_32663808_8	1.000000	0.875000	8	8	8	7
DN_NC_073239.2_33219684_14	DN_NC_073243.2_25668904_14	0.000000	0.000000	14	14	0	0
DN_NC_073239.2_33219684_14	DN_NC_073243.2_25770609_26	0.000000	0.000000	14	26	0	0
DN_NC_073239.2_33219684_14	DN_NC_073245.2_47207807_14	0.000000	0.000000	14	13	0	0
DN_NC_073239.2_33826105_11	DN_NC_073242.2_97493790_12	0.000000	0.000000	11	12	0	0
DN_NC_073239.2_33872730_10	DN_NC_073239.2_33878048_2	0.000000	0.000000	10	2	0	0
DN_NC_073239.2_34910171_2	DN_NC_073246.2_32689693_4	0.000000	0.000000	2	4	0	0
DN_NC_073239.2_35280580_26	DN_NC_073239.2_35311777_12	0.038462	0.083333	26	12	1	1
DN_NC_073239.2_35396913_9	DN_NC_073239.2_35520561_9	1.000000	1.000000	9	9	9	9
DN_NC_073239.2_36370724_4	DN_NC_073244.2_43610901_6	0.000000	0.166667	4	6	0	1
DN_NC_073239.2_36370724_4	DN_NC_073245.2_47429376_4	0.000000	0.000000	4	4	0	0
DN_NC_073239.2_44147073_8	DN_NC_073248.2_10847471_7	0.750000	0.857143	8	7	6	6
DN_NC_073239.2_63601483_4	DN_NC_073247.2_166018918_6	0.000000	0.833333	4	6	0	5
DN_NC_073239.2_66562547_2	DN_NC_073247.2_113167390_5	0.000000	0.000000	2	5	0	0
DN_NC_073239.2_67194404_11	DN_NC_073242.2_7013229_2	0.000000	0.000000	11	2	0	0
DN_NC_073239.2_67861789_20	DN_NC_073245.2_35236141_20	0.000000	0.000000	20	20	0	0
DN_NC_073239.2_70164897_2	DN_NC_073240.2_44461085_2	0.500000	0.000000	2	2	1	0
DN_NC_073239.2_72077053_6	DN_NC_073239.2_72093949_19	0.166667	0.052632	6	19	1	1
DN_NC_073239.2_85769342_21	DN_NC_073244.2_50412691_21	0.857143	0.857143	21	21	18	18
DN_NC_073239.2_98531685_2	DN_NC_073239.2_98531712_3	0.500000	0.333333	2	3	1	1
DN_NC_073239.2_98531685_2	DN_NC_073243.2_97368870_3	0.500000	0.333333	2	3	1	1
DN_NC_073240.2_102922989_19	DN_NC_073243.2_79064876_19	0.000000	0.000000	19	19	0	0
DN_NC_073240.2_103747497_4	DN_NC_073241.2_110003031_5	0.750000	0.600000	4	5	3	3
DN_NC_073240.2_103747497_4	DN_NC_073242.2_121237165_4	1.000000	1.000000	4	4	4	4
DN_NC_073240.2_103747497_4	DN_NC_073244.2_70818649_5	0.750000	0.600000	4	5	3	3
DN_NC_073240.2_103747497_4	DN_NC_086017.1_211655827_5	0.750000	0.600000	4	5	3	3
DN_NC_073240.2_103747497_4	DN_NC_086017.1_9337960_4	0.750000	1.000000	4	4	3	4
DN_NC_073240.2_15970659_7	DN_NC_073247.2_165410205_10	0.428571	0.300000	7	10	3	3
DN_NC_073240.2_17174470_5	DN_NC_073248.2_45277558_8	0.800000	0.625000	5	8	4	5
DN_NC_073240.2_21430216_23	DN_NC_073240.2_24008961_23	1.000000	1.000000	23	23	23	23
DN_NC_073240.2_21546861_14	DN_NC_073240.2_23219746_14	0.928571	0.857143	14	14	13	12
DN_NC_073240.2_21546861_14	DN_NC_073242.2_37435648_13	0.857143	0.846154	14	13	12	11
DN_NC_073240.2_21546861_14	DN_NC_073244.2_44006563_15	0.857143	0.866667	14	15	12	13
DN_NC_073240.2_21601841_7	DN_NC_073240.2_23210840_6	1.000000	0.833333	7	6	7	5
DN_NC_073240.2_21601841_7	DN_NC_073242.2_37476471_6	1.000000	0.833333	7	6	7	5
DN_NC_073240.2_21601841_7	DN_NC_086018.1_26719433_15	0.857143	0.333333	7	15	6	5
DN_NC_073240.2_21986088_4	DN_NC_073244.2_43610901_6	0.000000	0.166667	4	6	0	1
DN_NC_073240.2_21986088_4	DN_NC_073247.2_147586730_5	0.000000	0.000000	4	5	0	0
DN_NC_073240.2_22595737_5	DN_NC_086018.1_16134008_5	0.400000	0.400000	5	5	2	2
DN_NC_073240.2_22595737_5	DN_NC_086018.1_18552717_3	0.200000	0.000000	5	3	1	0
DN_NC_073240.2_23210840_6	DN_NC_073242.2_37476471_6	1.000000	1.000000	6	6	6	6
DN_NC_073240.2_23210840_6	DN_NC_086018.1_26719433_15	0.833333	0.333333	6	15	5	5
DN_NC_073240.2_23219746_14	DN_NC_073242.2_37435648_13	0.928571	0.923077	14	13	13	12
DN_NC_073240.2_23219746_14	DN_NC_073244.2_44006563_15	0.785714	0.866667	14	15	11	13
DN_NC_073240.2_23337808_11	DN_NC_073240.2_29369420_15	0.909091	0.666667	11	15	10	10
DN_NC_073240.2_23447377_5	DN_NC_073240.2_29509629_20	0.600000	0.250000	5	20	3	5
DN_NC_073240.2_23447377_5	DN_NC_073240.2_31271054_17	0.600000	0.294118	5	17	3	5
DN_NC_073240.2_23459848_11	DN_NC_073240.2_24764672_4	0.363636	0.750000	11	4	4	3
DN_NC_073240.2_23674889_10	DN_NC_073240.2_29752710_11	0.000000	0.000000	10	11	0	0
DN_NC_073240.2_23725358_9	DN_NC_073240.2_29803770_8	0.888889	0.875000	9	8	8	7
DN_NC_073240.2_23725358_9	DN_NC_073242.2_14569289_2	0.111111	1.000000	9	2	1	2
DN_NC_073240.2_23725358_9	DN_NC_073245.2_57775599_4	0.000000	0.000000	9	4	0	0
DN_NC_073240.2_23725358_9	DN_NC_086017.1_43678546_18	0.555556	0.333333	9	18	5	6
DN_NC_073240.2_24402639_2	DN_NC_086017.1_208307881_15	0.500000	0.800000	2	15	1	12
DN_NC_073240.2_24764672_4	DN_NC_073240.2_31271054_17	0.250000	0.117647	4	17	1	2
DN_NC_073240.2_24900197_18	DN_NC_073240.2_33035459_18	1.000000	1.000000	18	18	18	18
DN_NC_073240.2_24900197_18	DN_NC_073240.2_33337179_18	1.000000	1.000000	18	18	18	18
DN_NC_073240.2_24965661_3	DN_NC_073240.2_29509629_20	0.666667	0.150000	3	20	2	3
DN_NC_073240.2_26182490_10	DN_NC_073245.2_12383621_7	0.000000	0.000000	10	7	0	0
DN_NC_073240.2_29509629_20	DN_NC_073240.2_31271054_17	0.650000	0.647059	20	17	13	11
DN_NC_073240.2_29803770_8	DN_NC_073242.2_14569289_2	0.125000	1.000000	8	2	1	2
DN_NC_073240.2_29886021_14	DN_NC_073244.2_9529410_11	0.000000	0.000000	14	11	0	0
DN_NC_073240.2_33035459_18	DN_NC_073240.2_33337179_18	1.000000	1.000000	18	18	18	18
DN_NC_073240.2_34675462_15	DN_NC_073244.2_50330993_16	0.000000	0.000000	15	16	0	0
DN_NC_073240.2_35071983_25	DN_NC_073242.2_97170214_24	0.000000	0.000000	25	24	0	0
DN_NC_073240.2_40710955_17	DN_NC_073240.2_40740697_5	0.058824	0.000000	17	5	1	0
DN_NC_073240.2_41396094_2	DN_NC_073244.2_15689625_6	0.500000	0.000000	2	6	1	0
DN_NC_073240.2_41396094_2	DN_NC_086017.1_29787177_6	0.500000	0.000000	2	6	1	0
DN_NC_073240.2_41396094_2	DN_NC_086018.1_34186611_4	0.500000	0.000000	2	4	1	0
DN_NC_073240.2_41471977_3	DN_NC_073240.2_41473848_11	0.333333	0.000000	3	11	1	0
DN_NC_073240.2_42709516_6	DN_NC_073244.2_59252668_6	0.000000	0.000000	6	6	0	0
DN_NC_073240.2_44172340_2	DN_NC_073242.2_24889827_7	0.000000	0.000000	2	7	0	0
DN_NC_073240.2_44603034_3	DN_NC_073240.2_44604956_12	0.000000	0.083333	3	12	0	1
DN_NC_073240.2_4575875_4	DN_NC_073241.2_195924_6	0.250000	0.166667	4	6	1	1
DN_NC_073240.2_56108341_2	DN_NC_073244.2_17124484_18	0.000000	0.000000	2	18	0	0
DN_NC_073240.2_57401181_22	DN_NC_073247.2_141930386_19	0.363636	0.421053	22	19	8	8
DN_NC_073240.2_59906966_28	DN_NC_073244.2_14389457_28	0.000000	0.000000	28	28	0	0
DN_NC_073240.2_64676115_12	DN_NC_073244.2_9737989_9	0.000000	0.000000	12	9	0	0
DN_NC_073240.2_65970509_9	DN_NC_073244.2_25986503_8	0.000000	0.000000	9	8	0	0
DN_NC_073240.2_67174761_11	DN_NC_073244.2_9875870_11	0.000000	0.000000	11	11	0	0
DN_NC_073240.2_70140109_8	DN_NC_073240.2_70243341_2	0.000000	0.000000	8	2	0	0
DN_NC_073240.2_70293854_4	DN_NC_073242.2_101553722_4	0.750000	0.000000	4	4	3	0
DN_NC_073240.2_79048326_11	DN_NC_073240.2_79068535_14	0.090909	0.071429	11	14	1	1
DN_NC_073240.2_83447932_2	DN_NC_073241.2_80464602_2	0.000000	0.000000	2	2	0	0
DN_NC_073240.2_84645975_10	DN_NC_073240.2_84673981_6	0.100000	0.000000	10	6	1	0
DN_NC_073240.2_85708603_4	DN_NC_073240.2_86386259_3	0.250000	0.333333	4	3	1	1
DN_NC_073240.2_85898394_3	DN_NC_073242.2_119807836_6	0.000000	0.000000	3	6	0	0
DN_NC_073240.2_85898394_3	DN_NC_086017.1_54527845_6	0.000000	0.000000	3	6	0	0
DN_NC_073240.2_91564233_4	DN_NC_073244.2_68766684_2	0.000000	0.000000	4	2	0	0
DN_NC_073241.2_103649905_2	DN_NC_086017.1_47078826_3	0.000000	0.000000	2	3	0	0
DN_NC_073241.2_108384307_29	DN_NC_073245.2_63862966_28	0.000000	0.000000	29	28	0	0
DN_NC_073241.2_110003031_5	DN_NC_073242.2_121237165_4	0.600000	0.750000	5	4	3	3
DN_NC_073241.2_110003031_5	DN_NC_073244.2_70818649_5	1.000000	1.000000	5	5	5	5
DN_NC_073241.2_110003031_5	DN_NC_086017.1_211655827_5	1.000000	1.000000	5	5	5	5
DN_NC_073241.2_110003031_5	DN_NC_086017.1_9337960_4	0.600000	0.750000	5	4	3	3
DN_NC_073241.2_195924_6	DN_NC_073244.2_11377962_21	0.833333	0.238095	6	21	5	5
DN_NC_073241.2_36126183_3	DN_NC_073244.2_27051998_4	0.000000	0.000000	3	4	0	0
DN_NC_073241.2_36126183_3	DN_NC_073244.2_28711447_4	0.000000	0.000000	3	5	0	0
DN_NC_073241.2_36126183_3	DN_NC_073244.2_29297022_4	0.000000	0.000000	3	4	0	0
DN_NC_073241.2_36126183_3	DN_NC_073244.2_29970261_4	0.000000	0.000000	3	4	0	0
DN_NC_073241.2_36126183_3	DN_NC_073244.2_30067652_4	0.000000	0.000000	3	4	0	0
DN_NC_073241.2_36126183_3	DN_NC_073244.2_30438340_4	0.000000	0.000000	3	4	0	0
DN_NC_073241.2_36126183_3	DN_NC_073244.2_64125568_5	0.000000	0.000000	3	5	0	0
DN_NC_073241.2_36126183_3	DN_NC_073244.2_64265252_5	0.000000	0.000000	3	5	0	0
DN_NC_073241.2_36126183_3	DN_NC_073244.2_64585864_4	0.000000	0.000000	3	4	0	0
DN_NC_073241.2_36126183_3	DN_NC_073244.2_64724127_4	0.000000	0.000000	3	4	0	0
DN_NC_073241.2_36126183_3	DN_NC_073244.2_64908457_4	0.000000	0.000000	3	4	0	0
DN_NC_073241.2_36126183_3	DN_NC_073244.2_65003440_7	0.000000	0.000000	3	7	0	0
DN_NC_073241.2_36126183_3	DN_NC_073244.2_65046428_2	0.000000	0.000000	3	4	0	0
DN_NC_073241.2_36126183_3	DN_NC_073244.2_65398487_4	0.000000	0.000000	3	4	0	0
DN_NC_073241.2_36126183_3	DN_NC_073246.2_15789285_3	1.000000	1.000000	3	3	3	3
DN_NC_073241.2_36126183_3	DN_NC_086017.1_41849524_2	0.000000	0.000000	3	2	0	0
DN_NC_073241.2_36126198_2	DN_NC_073242.2_37386128_4	0.000000	0.000000	2	4	0	0
DN_NC_073241.2_36126198_2	DN_NC_073244.2_26470366_4	0.000000	0.000000	2	4	0	0
DN_NC_073241.2_36126198_2	DN_NC_073244.2_26901109_4	0.000000	0.000000	2	4	0	0
DN_NC_073241.2_36126198_2	DN_NC_073244.2_27285351_4	0.000000	0.000000	2	4	0	0
DN_NC_073241.2_36126198_2	DN_NC_073244.2_27408454_4	0.000000	0.000000	2	4	0	0
DN_NC_073241.2_36126198_2	DN_NC_073244.2_27504818_5	0.000000	0.000000	2	5	0	0
DN_NC_073241.2_36126198_2	DN_NC_073244.2_27566430_5	0.000000	0.000000	2	5	0	0
DN_NC_073241.2_36126198_2	DN_NC_073244.2_27765726_4	0.000000	0.000000	2	4	0	0
DN_NC_073241.2_36126198_2	DN_NC_073244.2_27869273_3	0.000000	0.000000	2	3	0	0
DN_NC_073241.2_36126198_2	DN_NC_073244.2_27956158_2	0.000000	0.000000	2	2	0	0
DN_NC_073241.2_36126198_2	DN_NC_073244.2_28072858_4	0.000000	0.000000	2	4	0	0
DN_NC_073241.2_36126198_2	DN_NC_073244.2_28256975_5	0.000000	0.000000	2	5	0	0
DN_NC_073241.2_36126198_2	DN_NC_073244.2_28333451_4	0.000000	0.000000	2	4	0	0
DN_NC_073241.2_36126198_2	DN_NC_073244.2_28588105_4	0.000000	0.000000	2	4	0	0
DN_NC_073241.2_36126198_2	DN_NC_073244.2_29046961_4	0.000000	0.000000	2	4	0	0
DN_NC_073241.2_36126198_2	DN_NC_073244.2_29232445_4	0.000000	0.000000	2	4	0	0
DN_NC_073241.2_36126198_2	DN_NC_073244.2_29557605_4	0.000000	0.000000	2	4	0	0
DN_NC_073241.2_36126198_2	DN_NC_073244.2_29680825_4	0.000000	0.000000	2	4	0	0
DN_NC_073241.2_36126198_2	DN_NC_073244.2_64081943_4	0.000000	0.000000	2	4	0	0
DN_NC_073241.2_36126198_2	DN_NC_073244.2_64231369_4	0.000000	0.000000	2	4	0	0
DN_NC_073241.2_36126198_2	DN_NC_073244.2_64340366_4	0.000000	0.000000	2	4	0	0
DN_NC_073241.2_36126198_2	DN_NC_073244.2_64368633_7	0.000000	0.000000	2	7	0	0
DN_NC_073241.2_36126198_2	DN_NC_073244.2_64400145_5	0.000000	0.000000	2	5	0	0
DN_NC_073241.2_36126198_2	DN_NC_073244.2_64836827_4	0.000000	0.000000	2	4	0	0
DN_NC_073241.2_36126198_2	DN_NC_073244.2_64860608_4	0.000000	0.000000	2	4	0	0
DN_NC_073241.2_37538314_7	DN_NC_073241.2_37560383_12	0.142857	0.000000	7	12	1	0
DN_NC_073241.2_37890028_17	DN_NC_073241.2_37935842_4	0.058824	0.000000	17	4	1	0
DN_NC_073241.2_38359785_12	DN_NC_073245.2_71171979_13	0.000000	0.000000	12	13	0	0
DN_NC_073241.2_47004815_4	DN_NC_073241.2_47028473_4	0.500000	0.500000	4	4	2	2
DN_NC_073241.2_64468689_4	DN_NC_073243.2_20232546_4	0.000000	0.000000	4	4	0	0
DN_NC_073241.2_64468689_4	DN_NC_073244.2_15605841_4	0.000000	0.000000	4	4	0	0
DN_NC_073241.2_64479147_4	DN_NC_073242.2_6930862_6	0.000000	0.000000	4	6	0	0
DN_NC_073241.2_64520240_3	DN_NC_073244.2_15605841_4	0.000000	0.000000	3	4	0	0
DN_NC_073241.2_64520240_3	DN_NC_086017.1_54612772_3	0.000000	0.000000	3	3	0	0
DN_NC_073241.2_80636266_2	DN_NC_086017.1_165200217_5	0.000000	0.000000	2	5	0	0
DN_NC_073241.2_83874271_3	DN_NC_073244.2_6165323_3	0.333333	0.333333	3	3	1	1
DN_NC_073241.2_83874271_3	DN_NC_086017.1_112545872_3	0.333333	0.333333	3	3	1	1
DN_NC_073241.2_85926559_8	DN_NC_073244.2_46809556_3	0.000000	0.000000	8	3	0	0
DN_NC_073242.2_100900995_5	DN_NC_073242.2_100926924_5	0.000000	0.000000	5	5	0	0
DN_NC_073242.2_100900995_5	DN_NC_086017.1_50382141_5	0.000000	0.000000	5	5	0	0
DN_NC_073242.2_100926924_5	DN_NC_073244.2_12909180_8	0.000000	0.000000	5	8	0	0
DN_NC_073242.2_100926924_5	DN_NC_073244.2_14850343_10	0.000000	0.000000	5	10	0	0
DN_NC_073242.2_103765562_7	DN_NC_073242.2_103773356_15	0.142857	0.000000	7	15	1	0
DN_NC_073242.2_103773356_15	DN_NC_073242.2_99543624_18	0.866667	0.722222	15	18	13	13
DN_NC_073242.2_103894328_5	DN_NC_073242.2_29484610_23	0.800000	0.217391	5	23	4	5
DN_NC_073242.2_104350782_12	DN_NC_073242.2_104912717_12	1.000000	1.000000	12	12	12	12
DN_NC_073242.2_104350782_12	DN_NC_073242.2_99181437_12	1.000000	1.000000	12	12	12	12
DN_NC_073242.2_104350782_12	DN_NC_073242.2_99604879_12	0.916667	1.000000	12	12	11	12
DN_NC_073242.2_104701006_6	DN_NC_073242.2_99381861_11	0.833333	0.454545	6	11	5	5
DN_NC_073242.2_104912717_12	DN_NC_073242.2_99181437_12	1.000000	1.000000	12	12	12	12
DN_NC_073242.2_104912717_12	DN_NC_073242.2_99604879_12	0.916667	1.000000	12	12	11	12
DN_NC_073242.2_105636398_4	DN_NC_086017.1_50382141_5	0.000000	0.000000	4	5	0	0
DN_NC_073242.2_105982851_4	DN_NC_073242.2_106027382_7	0.500000	0.500000	4	6	2	3
DN_NC_073242.2_106138908_3	DN_NC_073245.2_28570800_2	0.000000	0.000000	3	2	0	0
DN_NC_073242.2_108616637_5	DN_NC_073242.2_18137074_5	0.000000	0.000000	5	5	0	0
DN_NC_073242.2_119293235_15	DN_NC_073242.2_119301617_14	0.066667	0.500000	15	14	1	7
DN_NC_073242.2_120248671_3	DN_NC_073244.2_43610901_6	0.000000	0.166667	3	6	0	1
DN_NC_073242.2_120248671_3	DN_NC_073247.2_147586730_5	0.000000	0.000000	3	5	0	0
DN_NC_073242.2_120516047_4	DN_NC_073244.2_12296250_4	0.750000	0.750000	4	4	3	3
DN_NC_073242.2_121237165_4	DN_NC_073244.2_70818649_5	0.750000	0.600000	4	5	3	3
DN_NC_073242.2_121237165_4	DN_NC_086017.1_211655827_5	0.750000	0.600000	4	5	3	3
DN_NC_073242.2_121237165_4	DN_NC_086017.1_9337960_4	0.750000	1.000000	4	4	3	4
DN_NC_073242.2_15387796_13	DN_NC_073242.2_28528734_13	1.000000	1.000000	13	13	13	13
DN_NC_073242.2_15387796_13	DN_NC_073242.2_35785087_23	0.923077	0.565217	13	23	12	13
DN_NC_073242.2_15582850_2	DN_NC_073242.2_30609225_2	0.500000	0.500000	2	2	1	1
DN_NC_073242.2_15582850_2	DN_NC_073242.2_31473281_2	0.500000	0.500000	2	2	1	1
DN_NC_073242.2_15582850_2	DN_NC_073242.2_35192809_3	0.500000	0.333333	2	3	1	1
DN_NC_073242.2_15607160_18	DN_NC_073242.2_28689005_18	0.944444	0.944444	18	18	17	17
DN_NC_073242.2_15607160_18	DN_NC_073242.2_31497679_8	0.055556	0.125000	18	8	1	1
DN_NC_073242.2_15726062_24	DN_NC_073242.2_28606635_19	0.625000	0.789474	24	19	15	15
DN_NC_073242.2_15726062_24	DN_NC_073242.2_30717385_31	1.000000	0.774194	24	31	24	24
DN_NC_073242.2_15911262_31	DN_NC_073242.2_16378095_15	0.387097	0.933333	31	15	12	14
DN_NC_073242.2_15911262_31	DN_NC_073242.2_29051840_13	0.387097	0.846154	31	13	12	11
DN_NC_073242.2_16378095_15	DN_NC_073242.2_29051840_13	1.000000	0.923077	15	13	15	12
DN_NC_073242.2_18210354_26	DN_NC_073242.2_21122105_21	0.884615	0.952381	26	21	23	20
DN_NC_073242.2_18210354_26	DN_NC_073242.2_21673693_21	0.884615	0.954545	26	22	23	21
DN_NC_073242.2_18210354_26	DN_NC_073242.2_22021271_21	0.769231	0.857143	26	21	20	18
DN_NC_073242.2_20304889_2	DN_NC_073244.2_28133171_2	0.500000	0.500000	2	2	1	1
DN_NC_073242.2_21122105_21	DN_NC_073242.2_21673693_21	1.000000	1.000000	21	22	21	22
DN_NC_073242.2_21122105_21	DN_NC_073242.2_22021271_21	0.952381	0.952381	21	21	20	20
DN_NC_073242.2_21170576_8	DN_NC_073242.2_21650759_11	0.500000	0.363636	8	11	4	4
DN_NC_073242.2_21650759_11	DN_NC_073242.2_29556580_18	0.454545	0.277778	11	18	5	5
DN_NC_073242.2_21650759_11	DN_NC_073242.2_31545375_14	0.363636	0.285714	11	14	4	4
DN_NC_073242.2_21673693_21	DN_NC_073242.2_22021271_21	0.954545	0.952381	22	21	21	20
DN_NC_073242.2_26867490_8	DN_NC_073242.2_27157172_8	1.000000	1.000000	8	8	8	8
DN_NC_073242.2_26889052_8	DN_NC_073242.2_27178722_8	1.000000	0.875000	8	8	8	7
DN_NC_073242.2_28528734_13	DN_NC_073242.2_35785087_23	0.923077	0.565217	13	23	12	13
DN_NC_073242.2_28606635_19	DN_NC_073242.2_30717385_31	0.789474	0.483871	19	31	15	15
DN_NC_073242.2_28854512_28	DN_NC_073244.2_20936541_9	0.321429	1.000000	28	9	9	9
DN_NC_073242.2_29556580_18	DN_NC_073242.2_31545375_14	0.833333	0.928571	18	14	15	13
DN_NC_073242.2_30207983_41	DN_NC_086018.1_34278584_41	0.439024	0.439024	41	41	18	18
DN_NC_073242.2_30609225_2	DN_NC_073242.2_31473281_2	1.000000	1.000000	2	2	2	2
DN_NC_073242.2_30609335_2	DN_NC_073242.2_35192809_3	0.500000	0.333333	2	3	1	1
DN_NC_073242.2_30717385_31	DN_NC_073242.2_31497679_8	0.225806	0.875000	31	8	7	7
DN_NC_073242.2_31473413_2	DN_NC_073242.2_35192809_3	0.500000	0.333333	2	3	1	1
DN_NC_073242.2_32258496_8	DN_NC_073242.2_32495201_8	1.000000	1.000000	8	8	8	8
DN_NC_073242.2_35270505_17	DN_NC_073242.2_35624699_9	0.529412	0.888889	17	9	9	8
DN_NC_073242.2_36070435_9	DN_NC_086018.1_28313237_9	0.000000	0.000000	9	9	0	0
DN_NC_073242.2_36121013_3	DN_NC_073244.2_68766684_2	0.000000	0.000000	3	2	0	0
DN_NC_073242.2_36121013_3	DN_NC_073244.2_70659480_6	0.000000	0.000000	3	6	0	0
DN_NC_073242.2_36238906_2	DN_NC_073242.2_36498381_3	0.000000	0.000000	2	3	0	0
DN_NC_073242.2_36238906_2	DN_NC_073244.2_68766684_2	0.000000	0.000000	2	2	0	0
DN_NC_073242.2_36238906_2	DN_NC_086018.1_17871581_2	0.000000	0.000000	2	2	0	0
DN_NC_073242.2_36498381_3	DN_NC_073242.2_6758889_7	0.000000	0.000000	3	7	0	0
DN_NC_073242.2_36498381_3	DN_NC_073244.2_68699723_3	0.000000	0.000000	3	3	0	0
DN_NC_073242.2_36498381_3	DN_NC_073244.2_68766684_2	0.000000	0.000000	3	2	0	0
DN_NC_073242.2_36498381_3	DN_NC_086018.1_17871581_2	0.000000	0.000000	3	2	0	0
DN_NC_073242.2_36567597_2	DN_NC_086017.1_14101436_3	0.500000	0.000000	2	3	1	0
DN_NC_073242.2_36567597_2	DN_NC_086018.1_25932455_2	0.000000	0.000000	2	2	0	0
DN_NC_073242.2_37302670_5	DN_NC_073242.2_37386128_4	0.000000	0.000000	5	4	0	0
DN_NC_073242.2_37386128_4	DN_NC_073242.2_66613619_4	0.000000	0.000000	4	4	0	0
DN_NC_073242.2_37386128_4	DN_NC_073244.2_26666712_5	0.000000	0.000000	4	5	0	0
DN_NC_073242.2_37386128_4	DN_NC_073244.2_26901109_4	0.000000	0.000000	4	4	0	0
DN_NC_073242.2_37386128_4	DN_NC_073244.2_27408454_4	0.000000	0.000000	4	4	0	0
DN_NC_073242.2_37386128_4	DN_NC_073244.2_27504818_5	0.000000	0.000000	4	5	0	0
DN_NC_073242.2_37386128_4	DN_NC_073244.2_27566430_5	0.000000	0.000000	4	5	0	0
DN_NC_073242.2_37386128_4	DN_NC_073244.2_27765726_4	0.000000	0.000000	4	4	0	0
DN_NC_073242.2_37386128_4	DN_NC_073244.2_27869273_3	0.000000	0.000000	4	3	0	0
DN_NC_073242.2_37386128_4	DN_NC_073244.2_27956158_2	0.000000	0.000000	4	2	0	0
DN_NC_073242.2_37386128_4	DN_NC_073244.2_28072858_4	0.000000	0.000000	4	4	0	0
DN_NC_073242.2_37386128_4	DN_NC_073244.2_28333451_4	0.000000	0.000000	4	4	0	0
DN_NC_073242.2_37386128_4	DN_NC_073244.2_28711447_4	0.000000	0.000000	4	5	0	0
DN_NC_073242.2_37386128_4	DN_NC_073244.2_29232445_4	0.000000	0.000000	4	4	0	0
DN_NC_073242.2_37386128_4	DN_NC_073244.2_29297022_4	0.000000	0.000000	4	4	0	0
DN_NC_073242.2_37386128_4	DN_NC_073244.2_29557605_4	0.000000	0.000000	4	4	0	0
DN_NC_073242.2_37386128_4	DN_NC_073244.2_29680825_2	0.000000	0.000000	4	2	0	0
DN_NC_073242.2_37386128_4	DN_NC_073244.2_29970261_4	0.000000	0.000000	4	4	0	0
DN_NC_073242.2_37386128_4	DN_NC_073244.2_30067652_4	0.000000	0.000000	4	4	0	0
DN_NC_073242.2_37386128_4	DN_NC_073244.2_30438340_4	0.000000	0.000000	4	4	0	0
DN_NC_073242.2_37386128_4	DN_NC_073244.2_64034715_7	0.000000	0.000000	4	7	0	0
DN_NC_073242.2_37386128_4	DN_NC_073244.2_64081943_4	0.000000	0.000000	4	4	0	0
DN_NC_073242.2_37386128_4	DN_NC_073244.2_64125568_5	0.000000	0.000000	4	5	0	0
DN_NC_073242.2_37386128_4	DN_NC_073244.2_64231369_4	0.000000	0.000000	4	4	0	0
DN_NC_073242.2_37386128_4	DN_NC_073244.2_64340366_4	0.000000	0.000000	4	4	0	0
DN_NC_073242.2_37386128_4	DN_NC_073244.2_64400145_5	0.000000	0.000000	4	5	0	0
DN_NC_073242.2_37386128_4	DN_NC_073244.2_64500861_5	0.000000	0.000000	4	5	0	0
DN_NC_073242.2_37386128_4	DN_NC_073244.2_64585864_4	0.000000	0.000000	4	4	0	0
DN_NC_073242.2_37386128_4	DN_NC_073244.2_64618758_7	0.000000	0.000000	4	7	0	0
DN_NC_073242.2_37386128_4	DN_NC_073244.2_64672255_4	0.000000	0.000000	4	4	0	0
DN_NC_073242.2_37386128_4	DN_NC_073244.2_64759228_5	0.000000	0.000000	4	5	0	0
DN_NC_073242.2_37386128_4	DN_NC_073244.2_64860608_4	0.000000	0.000000	4	4	0	0
DN_NC_073242.2_37386128_4	DN_NC_073244.2_64908457_4	0.000000	0.000000	4	4	0	0
DN_NC_073242.2_37386128_4	DN_NC_073244.2_65003440_7	0.000000	0.000000	4	7	0	0
DN_NC_073242.2_37386128_4	DN_NC_073244.2_65046428_2	0.000000	0.000000	4	4	0	0
DN_NC_073242.2_37386128_4	DN_NC_073244.2_65073171_5	0.000000	0.000000	4	5	0	0
DN_NC_073242.2_37386128_4	DN_NC_073244.2_65266359_4	0.000000	0.000000	4	4	0	0
DN_NC_073242.2_37386128_4	DN_NC_073244.2_65362909_5	0.000000	0.000000	4	5	0	0
DN_NC_073242.2_37386128_4	DN_NC_073244.2_65398487_4	0.000000	0.000000	4	4	0	0
DN_NC_073242.2_37386128_4	DN_NC_073246.2_15789285_3	0.000000	0.000000	4	3	0	0
DN_NC_073242.2_37386128_4	DN_NC_086017.1_41849524_2	0.000000	0.000000	4	2	0	0
DN_NC_073242.2_37435648_13	DN_NC_073244.2_44006563_15	0.769231	0.800000	13	15	10	12
DN_NC_073242.2_37476471_6	DN_NC_086018.1_26719433_15	0.833333	0.333333	6	15	5	5
DN_NC_073242.2_3790652_3	DN_NC_073242.2_3794469_3	1.000000	1.000000	3	3	3	3
DN_NC_073242.2_4214750_6	DN_NC_073247.2_115190067_8	0.000000	0.000000	6	8	0	0
DN_NC_073242.2_4304426_7	DN_NC_073242.2_4305661_8	0.285714	0.125000	7	8	2	1
DN_NC_073242.2_5822452_9	DN_NC_073242.2_5827060_6	0.000000	0.333333	9	6	0	2
DN_NC_073242.2_6296327_3	DN_NC_073244.2_61016337_3	0.333333	0.000000	3	3	1	0
DN_NC_073242.2_65850805_2	DN_NC_073242.2_68751082_2	0.500000	1.000000	2	2	1	2
DN_NC_073242.2_66060664_2	DN_NC_073242.2_66832276_2	1.000000	1.000000	2	2	2	2
DN_NC_073242.2_66481481_2	DN_NC_073242.2_68108553_2	1.000000	1.000000	2	2	2	2
DN_NC_073242.2_66613619_4	DN_NC_073244.2_26240035_4	0.000000	0.000000	4	4	0	0
DN_NC_073242.2_66613619_4	DN_NC_073244.2_26314241_4	0.000000	0.000000	4	4	0	0
DN_NC_073242.2_66613619_4	DN_NC_073244.2_26470366_4	0.000000	0.000000	4	4	0	0
DN_NC_073242.2_66613619_4	DN_NC_073244.2_26666712_5	0.000000	0.000000	4	5	0	0
DN_NC_073242.2_66613619_4	DN_NC_073244.2_26901109_4	0.000000	0.000000	4	4	0	0
DN_NC_073242.2_66613619_4	DN_NC_073244.2_27051998_4	0.000000	0.000000	4	4	0	0
DN_NC_073242.2_66613619_4	DN_NC_073244.2_27131194_2	0.000000	0.000000	4	2	0	0
DN_NC_073242.2_66613619_4	DN_NC_073244.2_27285351_4	0.000000	0.000000	4	4	0	0
DN_NC_073242.2_66613619_4	DN_NC_073244.2_27408454_4	0.750000	0.500000	4	4	3	2
DN_NC_073242.2_66613619_4	DN_NC_073244.2_27504818_5	0.000000	0.000000	4	5	0	0
DN_NC_073242.2_66613619_4	DN_NC_073244.2_27626411_5	0.000000	0.000000	4	5	0	0
DN_NC_073242.2_66613619_4	DN_NC_073244.2_27765726_4	0.750000	1.000000	4	4	3	4
DN_NC_073242.2_66613619_4	DN_NC_073244.2_27869273_3	0.000000	0.000000	4	3	0	0
DN_NC_073242.2_66613619_4	DN_NC_073244.2_27956158_2	0.000000	0.000000	4	2	0	0
DN_NC_073242.2_66613619_4	DN_NC_073244.2_28072858_4	0.000000	0.000000	4	4	0	0
DN_NC_073242.2_66613619_4	DN_NC_073244.2_28256975_5	0.000000	0.000000	4	5	0	0
DN_NC_073242.2_66613619_4	DN_NC_073244.2_28333451_4	0.750000	0.750000	4	4	3	3
DN_NC_073242.2_66613619_4	DN_NC_073244.2_28588105_4	0.000000	0.000000	4	4	0	0
DN_NC_073242.2_66613619_4	DN_NC_073244.2_28711447_4	0.000000	0.000000	4	5	0	0
DN_NC_073242.2_66613619_4	DN_NC_073244.2_28820229_4	0.000000	0.000000	4	4	0	0
DN_NC_073242.2_66613619_4	DN_NC_073244.2_29046961_4	0.000000	0.000000	4	4	0	0
DN_NC_073242.2_66613619_4	DN_NC_073244.2_29232445_4	0.500000	1.000000	4	4	2	4
DN_NC_073242.2_66613619_4	DN_NC_073244.2_29297022_4	0.000000	0.000000	4	4	0	0
DN_NC_073242.2_66613619_4	DN_NC_073244.2_29557605_4	0.750000	1.000000	4	4	3	4
DN_NC_073242.2_66613619_4	DN_NC_073244.2_29680825_4	0.000000	0.000000	4	4	0	0
DN_NC_073242.2_66613619_4	DN_NC_073244.2_29970261_4	0.000000	0.000000	4	4	0	0
DN_NC_073242.2_66613619_4	DN_NC_073244.2_30067652_4	0.750000	0.750000	4	4	3	3
DN_NC_073242.2_66613619_4	DN_NC_073244.2_30090650_6	0.000000	0.000000	4	6	0	0
DN_NC_073242.2_66613619_4	DN_NC_073244.2_30438340_4	0.000000	0.000000	4	4	0	0
DN_NC_073242.2_66613619_4	DN_NC_073244.2_64081943_4	0.000000	0.000000	4	4	0	0
DN_NC_073242.2_66613619_4	DN_NC_073244.2_64340366_4	0.000000	0.000000	4	4	0	0
DN_NC_073242.2_66613619_4	DN_NC_073244.2_64585864_4	0.000000	0.000000	4	4	0	0
DN_NC_073242.2_66613619_4	DN_NC_073244.2_64759228_5	0.000000	0.000000	4	5	0	0
DN_NC_073242.2_66613619_4	DN_NC_073244.2_65003440_7	0.000000	0.000000	4	7	0	0
DN_NC_073242.2_66613619_4	DN_NC_073244.2_65073171_5	0.000000	0.000000	4	5	0	0
DN_NC_073242.2_66613619_4	DN_NC_073244.2_65266359_4	0.000000	0.000000	4	4	0	0
DN_NC_073242.2_66613619_4	DN_NC_073244.2_65293743_4	0.000000	0.000000	4	4	0	0
DN_NC_073242.2_66613619_4	DN_NC_073244.2_65326089_4	0.000000	0.000000	4	4	0	0
DN_NC_073242.2_66613619_4	DN_NC_073244.2_65398487_4	0.000000	0.000000	4	4	0	0
DN_NC_073242.2_6668831_3	DN_NC_073242.2_6668959_13	0.333333	0.000000	3	13	1	0
DN_NC_073242.2_6758889_7	DN_NC_073244.2_68699723_3	0.000000	0.000000	7	3	0	0
DN_NC_073242.2_6758889_7	DN_NC_073244.2_70451371_2	0.000000	0.000000	7	2	0	0
DN_NC_073242.2_6758889_7	DN_NC_086018.1_17871581_2	0.000000	0.000000	7	2	0	0
DN_NC_073242.2_6953229_7	DN_NC_073247.2_147064204_6	0.571429	0.500000	7	6	4	3
DN_NC_073242.2_7013229_2	DN_NC_073246.2_32689693_4	0.000000	0.000000	2	4	0	0
DN_NC_073242.2_82507839_22	DN_NC_073242.2_82560306_10	0.045455	0.000000	22	10	1	0
DN_NC_073242.2_84722201_14	DN_NC_073243.2_110732778_15	0.000000	0.000000	14	15	0	0
DN_NC_073242.2_84833963_14	DN_NC_073242.2_84922514_14	1.000000	1.000000	14	14	14	14
DN_NC_073242.2_84922514_14	DN_NC_073242.2_96060106_12	0.000000	0.000000	14	12	0	0
DN_NC_073242.2_84922514_14	DN_NC_073242.2_96073882_12	0.000000	0.000000	14	12	0	0
DN_NC_073242.2_84922514_14	DN_NC_073242.2_96161607_12	0.000000	0.000000	14	12	0	0
DN_NC_073242.2_85715932_3	DN_NC_073242.2_85790824_3	0.000000	0.000000	3	3	0	0
DN_NC_073242.2_85735381_3	DN_NC_073242.2_85744192_2	0.000000	0.000000	3	2	0	0
DN_NC_073242.2_85735381_3	DN_NC_073242.2_85759116_3	0.000000	0.000000	3	3	0	0
DN_NC_073242.2_85735381_3	DN_NC_073242.2_85790824_3	0.000000	0.000000	3	3	0	0
DN_NC_073242.2_85735381_3	DN_NC_073242.2_85815514_3	0.000000	0.000000	3	3	0	0
DN_NC_073242.2_85744192_2	DN_NC_073242.2_85759116_3	0.000000	0.000000	2	3	0	0
DN_NC_073242.2_85744192_2	DN_NC_073242.2_85790824_3	0.000000	0.000000	2	3	0	0
DN_NC_073242.2_85744192_2	DN_NC_073242.2_85815514_3	0.000000	0.000000	2	3	0	0
DN_NC_073242.2_85759116_3	DN_NC_073242.2_85790824_3	0.000000	0.000000	3	3	0	0
DN_NC_073242.2_85759116_3	DN_NC_073242.2_85815514_3	0.000000	0.000000	3	3	0	0
DN_NC_073242.2_85790824_3	DN_NC_073242.2_85815514_3	0.000000	0.000000	3	3	0	0
DN_NC_073242.2_8725127_13	DN_NC_086017.1_141278779_5	0.076923	0.200000	13	5	1	1
DN_NC_073242.2_8737492_8	DN_NC_086017.1_136773097_2	0.250000	0.500000	8	2	2	1
DN_NC_073242.2_8737492_8	DN_NC_086017.1_141278779_5	0.250000	0.400000	8	5	2	2
DN_NC_073242.2_8737492_8	DN_NC_086017.1_85330170_7	0.875000	1.000000	8	7	7	7
DN_NC_073242.2_96060106_12	DN_NC_073242.2_96073882_12	0.916667	0.916667	12	12	11	11
DN_NC_073242.2_96060106_12	DN_NC_073242.2_96161607_12	0.916667	1.000000	12	12	11	12
DN_NC_073242.2_96073882_12	DN_NC_073242.2_96161607_12	0.916667	1.000000	12	12	11	12
DN_NC_073242.2_96607850_4	DN_NC_073243.2_111657543_4	0.000000	0.000000	4	4	0	0
DN_NC_073242.2_97202362_10	DN_NC_073242.2_97214082_10	0.000000	0.000000	10	10	0	0
DN_NC_073242.2_97493790_12	DN_NC_073242.2_97528976_5	0.083333	0.200000	12	5	1	1
DN_NC_073242.2_98958086_2	DN_NC_073242.2_98974496_9	0.000000	0.111111	2	9	0	1
DN_NC_073242.2_99181437_12	DN_NC_073242.2_99604879_12	0.916667	1.000000	12	12	11	12
DN_NC_073242.2_99745328_12	DN_NC_073242.2_99793055_12	0.833333	0.833333	12	12	10	10
DN_NC_073243.2_112081564_15	DN_NC_086017.1_207228653_16	0.866667	1.000000	15	16	13	16
DN_NC_073243.2_112081564_15	DN_NC_086017.1_207540432_15	0.666667	0.600000	15	15	10	9
DN_NC_073243.2_17433799_8	DN_NC_073243.2_17450998_15	0.000000	0.000000	8	15	0	0
DN_NC_073243.2_20204464_2	DN_NC_073244.2_47250467_5	0.000000	0.000000	2	5	0	0
DN_NC_073243.2_20204464_2	DN_NC_073244.2_47586219_5	0.000000	0.000000	2	5	0	0
DN_NC_073243.2_20204464_2	DN_NC_073244.2_47997304_5	0.000000	0.000000	2	5	0	0
DN_NC_073243.2_20204464_2	DN_NC_073244.2_48030811_4	0.000000	0.000000	2	4	0	0
DN_NC_073243.2_20204464_2	DN_NC_073244.2_48242798_5	0.000000	0.000000	2	5	0	0
DN_NC_073243.2_20204464_2	DN_NC_073244.2_48980018_5	0.000000	0.000000	2	5	0	0
DN_NC_073243.2_20204464_2	DN_NC_073244.2_49072464_4	0.000000	0.000000	2	4	0	0
DN_NC_073243.2_20204464_2	DN_NC_073244.2_49246931_6	0.000000	0.000000	2	6	0	0
DN_NC_073243.2_20204464_2	DN_NC_073244.2_51825388_5	0.000000	0.000000	2	5	0	0
DN_NC_073243.2_20204464_2	DN_NC_073244.2_55341363_7	0.000000	0.000000	2	7	0	0
DN_NC_073243.2_20204464_2	DN_NC_073244.2_65102393_4	0.000000	0.000000	2	4	0	0
DN_NC_073243.2_20204464_2	DN_NC_073244.2_68491976_5	0.000000	0.000000	2	5	0	0
DN_NC_073243.2_20204464_2	DN_NC_073244.2_68513423_5	0.000000	0.000000	2	5	0	0
DN_NC_073243.2_20232546_4	DN_NC_073244.2_70277256_8	0.000000	0.000000	4	8	0	0
DN_NC_073243.2_20232546_4	DN_NC_086017.1_54612772_3	0.000000	0.000000	4	3	0	0
DN_NC_073243.2_20322881_2	DN_NC_073244.2_59726455_2	0.000000	0.000000	2	2	0	0
DN_NC_073243.2_20322881_2	DN_NC_086017.1_54551513_4	0.000000	0.000000	2	4	0	0
DN_NC_073243.2_20324218_2	DN_NC_073244.2_15324693_6	0.000000	0.000000	2	6	0	0
DN_NC_073243.2_20324218_2	DN_NC_086017.1_54487757_3	0.000000	0.000000	2	3	0	0
DN_NC_073243.2_20324218_2	DN_NC_086017.1_54527845_6	0.000000	0.000000	2	6	0	0
DN_NC_073243.2_21779153_4	DN_NC_073243.2_21780781_4	0.250000	0.250000	4	4	1	1
DN_NC_073243.2_22365408_15	DN_NC_086017.1_195260184_15	0.000000	0.000000	15	15	0	0
DN_NC_073243.2_22727924_2	DN_NC_073243.2_22729136_7	0.500000	0.142857	2	7	1	1
DN_NC_073243.2_25668904_14	DN_NC_073243.2_25770609_26	0.928571	0.538462	14	26	13	14
DN_NC_073243.2_25668904_14	DN_NC_073245.2_47207807_14	0.000000	0.000000	14	13	0	0
DN_NC_073243.2_25770609_26	DN_NC_073245.2_47207807_14	0.000000	0.000000	26	13	0	0
DN_NC_073243.2_25770609_26	DN_NC_086017.1_119256163_19	0.000000	0.000000	26	19	0	0
DN_NC_073243.2_31614985_22	DN_NC_073244.2_25226014_19	0.000000	0.000000	22	19	0	0
DN_NC_073243.2_40339828_3	DN_NC_073247.2_26298821_5	0.000000	0.600000	3	5	0	3
DN_NC_073243.2_40875168_3	DN_NC_073247.2_89808941_7	0.000000	0.000000	3	7	0	0
DN_NC_073243.2_47785917_12	DN_NC_073243.2_47800408_20	0.083333	0.050000	12	20	1	1
DN_NC_073243.2_49045190_4	DN_NC_073245.2_35160176_6	0.000000	0.000000	4	6	0	0
DN_NC_073243.2_49045190_4	DN_NC_073247.2_105439613_2	0.000000	0.000000	4	2	0	0
DN_NC_073243.2_51178324_11	DN_NC_073244.2_16453836_16	0.000000	0.000000	11	16	0	0
DN_NC_073243.2_54697918_6	DN_NC_073243.2_54805899_27	0.166667	0.000000	6	27	1	0
DN_NC_073243.2_69046517_5	DN_NC_073243.2_69056468_9	0.000000	0.111111	5	9	0	1
DN_NC_073243.2_69046517_5	DN_NC_073244.2_43610901_6	0.000000	0.166667	5	6	0	1
DN_NC_073243.2_69046517_5	DN_NC_073247.2_147586730_5	0.000000	0.000000	5	5	0	0
DN_NC_073243.2_70014918_17	DN_NC_073244.2_43610901_6	0.000000	0.166667	17	6	0	1
DN_NC_073243.2_70014918_17	DN_NC_073247.2_147586730_5	0.000000	0.000000	17	5	0	0
DN_NC_073243.2_74160733_18	DN_NC_073243.2_79717303_18	0.222222	0.222222	18	18	4	4
DN_NC_073243.2_81969227_10	DN_NC_073244.2_21366814_9	0.000000	0.000000	10	9	0	0
DN_NC_073243.2_82594889_12	DN_NC_073243.2_82739824_8	0.333333	0.500000	12	8	4	4
DN_NC_073243.2_94988262_4	DN_NC_086017.1_185299820_2	0.000000	0.000000	3	2	0	0
DN_NC_073243.2_97368865_2	DN_NC_073243.2_97368870_3	0.500000	0.333333	2	3	1	1
DN_NC_073244.2_11377962_21	DN_NC_073244.2_11413820_21	0.047619	0.047619	21	21	1	1
DN_NC_073244.2_12909180_8	DN_NC_073244.2_14850343_10	0.625000	0.500000	8	10	5	5
DN_NC_073244.2_14850343_10	DN_NC_086017.1_50412575_3	0.000000	0.000000	10	5	0	0
DN_NC_073244.2_15172509_7	DN_NC_073244.2_68766684_2	0.000000	0.000000	7	2	0	0
DN_NC_073244.2_15324693_6	DN_NC_086017.1_54487757_3	0.000000	0.000000	6	3	0	0
DN_NC_073244.2_15324693_6	DN_NC_086017.1_54527845_6	0.000000	0.000000	6	6	0	0
DN_NC_073244.2_15357025_8	DN_NC_073244.2_15508499_10	0.000000	0.000000	8	10	0	0
DN_NC_073244.2_15357025_8	DN_NC_073244.2_15648295_6	0.000000	0.000000	8	6	0	0
DN_NC_073244.2_15357025_8	DN_NC_073244.2_48384768_7	0.000000	0.000000	8	7	0	0
DN_NC_073244.2_15357025_8	DN_NC_073244.2_49246931_6	0.000000	0.000000	8	6	0	0
DN_NC_073244.2_15453865_9	DN_NC_073244.2_15508499_10	0.000000	0.000000	9	10	0	0
DN_NC_073244.2_15453865_9	DN_NC_073244.2_15648295_6	0.000000	0.000000	9	6	0	0
DN_NC_073244.2_15453865_9	DN_NC_073244.2_45985550_6	0.000000	0.000000	9	6	0	0
DN_NC_073244.2_15453865_9	DN_NC_073244.2_47997304_5	0.000000	0.000000	9	5	0	0
DN_NC_073244.2_15453865_9	DN_NC_073244.2_48030811_4	0.000000	0.000000	9	4	0	0
DN_NC_073244.2_15453865_9	DN_NC_073244.2_48066692_6	0.000000	0.000000	9	6	0	0
DN_NC_073244.2_15453865_9	DN_NC_073244.2_48242798_5	0.000000	0.000000	9	5	0	0
DN_NC_073244.2_15453865_9	DN_NC_073244.2_49072464_4	0.000000	0.000000	9	4	0	0
DN_NC_073244.2_15453865_9	DN_NC_073244.2_49246931_6	0.000000	0.000000	9	6	0	0
DN_NC_073244.2_15453865_9	DN_NC_073244.2_51749194_6	0.000000	0.000000	9	6	0	0
DN_NC_073244.2_15453865_9	DN_NC_073244.2_55341363_7	0.000000	0.000000	9	7	0	0
DN_NC_073244.2_15508499_10	DN_NC_073244.2_15648295_6	0.000000	0.000000	10	6	0	0
DN_NC_073244.2_15508499_10	DN_NC_073244.2_47997304_5	0.000000	0.000000	10	5	0	0
DN_NC_073244.2_15508499_10	DN_NC_073244.2_48242798_5	0.000000	0.000000	10	5	0	0
DN_NC_073244.2_15508499_10	DN_NC_073244.2_48384768_7	0.000000	0.000000	10	7	0	0
DN_NC_073244.2_15508499_10	DN_NC_073244.2_49072464_4	0.000000	0.000000	10	4	0	0
DN_NC_073244.2_15508499_10	DN_NC_073244.2_49176797_4	0.000000	0.000000	10	4	0	0
DN_NC_073244.2_15508499_10	DN_NC_073244.2_49246931_6	0.000000	0.000000	10	6	0	0
DN_NC_073244.2_15569240_8	DN_NC_073244.2_17678736_4	0.000000	0.000000	8	4	0	0
DN_NC_073244.2_15569240_8	DN_NC_073244.2_17831067_3	0.000000	0.000000	8	3	0	0
DN_NC_073244.2_15569240_8	DN_NC_073244.2_17960497_4	0.000000	0.000000	8	4	0	0
DN_NC_073244.2_15569240_8	DN_NC_073244.2_18047026_4	0.000000	0.000000	8	4	0	0
DN_NC_073244.2_15569240_8	DN_NC_073244.2_18096775_3	0.000000	0.000000	8	3	0	0
DN_NC_073244.2_15569240_8	DN_NC_073244.2_18307855_4	0.000000	0.000000	8	4	0	0
DN_NC_073244.2_15569240_8	DN_NC_073244.2_18649721_4	0.000000	0.000000	8	4	0	0
DN_NC_073244.2_15569240_8	DN_NC_073244.2_26156853_4	0.000000	0.000000	8	4	0	0
DN_NC_073244.2_15605841_4	DN_NC_086017.1_54612772_3	0.000000	0.000000	4	3	0	0
DN_NC_073244.2_15648295_6	DN_NC_073244.2_47997304_5	0.000000	0.000000	6	5	0	0
DN_NC_073244.2_15648295_6	DN_NC_073244.2_48030811_4	0.000000	0.000000	6	4	0	0
DN_NC_073244.2_15648295_6	DN_NC_073244.2_48066692_6	0.000000	0.000000	6	6	0	0
DN_NC_073244.2_15648295_6	DN_NC_073244.2_48242798_5	0.000000	0.000000	6	5	0	0
DN_NC_073244.2_15648295_6	DN_NC_073244.2_49072464_4	0.000000	0.000000	6	4	0	0
DN_NC_073244.2_15648295_6	DN_NC_073244.2_55341363_7	0.000000	0.000000	6	7	0	0
DN_NC_073244.2_16606086_12	DN_NC_073244.2_22635247_12	0.000000	0.000000	12	12	0	0
DN_NC_073244.2_17541226_2	DN_NC_073244.2_24302535_5	0.000000	0.800000	2	5	0	4
DN_NC_073244.2_17635782_4	DN_NC_073244.2_17678736_4	0.000000	0.000000	4	4	0	0
DN_NC_073244.2_17635782_4	DN_NC_073244.2_17751584_2	0.000000	0.000000	4	2	0	0
DN_NC_073244.2_17635782_4	DN_NC_073244.2_17831067_3	0.000000	0.000000	4	3	0	0
DN_NC_073244.2_17635782_4	DN_NC_073244.2_17846610_4	0.000000	0.000000	4	4	0	0
DN_NC_073244.2_17635782_4	DN_NC_073244.2_17876785_4	0.000000	0.000000	4	4	0	0
DN_NC_073244.2_17635782_4	DN_NC_073244.2_17922158_4	0.000000	0.000000	4	4	0	0
DN_NC_073244.2_17635782_4	DN_NC_073244.2_17960497_4	0.000000	0.000000	4	4	0	0
DN_NC_073244.2_17635782_4	DN_NC_073244.2_18045307_2	0.000000	0.000000	4	2	0	0
DN_NC_073244.2_17635782_4	DN_NC_073244.2_18047026_4	0.000000	0.000000	4	4	0	0
DN_NC_073244.2_17635782_4	DN_NC_073244.2_18096775_3	0.000000	0.000000	4	3	0	0
DN_NC_073244.2_17635782_4	DN_NC_073244.2_18201516_4	0.000000	0.000000	4	4	0	0
DN_NC_073244.2_17635782_4	DN_NC_073244.2_18232282_4	0.000000	0.000000	4	4	0	0
DN_NC_073244.2_17635782_4	DN_NC_073244.2_18356684_4	0.000000	0.000000	4	4	0	0
DN_NC_073244.2_17635782_4	DN_NC_073244.2_18385030_4	0.000000	0.000000	4	4	0	0
DN_NC_073244.2_17635782_4	DN_NC_073244.2_18426035_4	0.000000	0.000000	4	4	0	0
DN_NC_073244.2_17635782_4	DN_NC_073244.2_18470484_4	0.000000	0.000000	4	4	0	0
DN_NC_073244.2_17635782_4	DN_NC_073244.2_18564507_4	0.000000	0.000000	4	4	0	0
DN_NC_073244.2_17635782_4	DN_NC_073244.2_18649721_4	0.000000	0.000000	4	4	0	0
DN_NC_073244.2_17635782_4	DN_NC_073244.2_26156853_4	0.000000	0.000000	4	4	0	0
DN_NC_073244.2_17635782_4	DN_NC_073244.2_8680135_4	0.000000	0.000000	4	4	0	0
DN_NC_073244.2_17635782_4	DN_NC_073244.2_8711681_4	0.000000	0.000000	4	4	0	0
DN_NC_073244.2_17678736_4	DN_NC_073244.2_17751584_2	0.000000	0.000000	4	2	0	0
DN_NC_073244.2_17678736_4	DN_NC_073244.2_17797611_4	0.000000	0.000000	4	4	0	0
DN_NC_073244.2_17678736_4	DN_NC_073244.2_17831067_3	0.000000	0.000000	4	3	0	0
DN_NC_073244.2_17678736_4	DN_NC_073244.2_17846610_4	0.000000	0.000000	4	4	0	0
DN_NC_073244.2_17678736_4	DN_NC_073244.2_17876785_4	0.000000	0.000000	4	4	0	0
DN_NC_073244.2_17678736_4	DN_NC_073244.2_17922158_4	0.000000	0.000000	4	4	0	0
DN_NC_073244.2_17678736_4	DN_NC_073244.2_17960497_4	0.000000	0.000000	4	4	0	0
DN_NC_073244.2_17678736_4	DN_NC_073244.2_17994654_4	0.000000	0.000000	4	4	0	0
DN_NC_073244.2_17678736_4	DN_NC_073244.2_18045307_2	0.000000	0.000000	4	2	0	0
DN_NC_073244.2_17678736_4	DN_NC_073244.2_18047026_4	0.000000	0.000000	4	4	0	0
DN_NC_073244.2_17678736_4	DN_NC_073244.2_18096775_3	0.000000	0.000000	4	3	0	0
DN_NC_073244.2_17678736_4	DN_NC_073244.2_18201516_4	0.000000	0.000000	4	4	0	0
DN_NC_073244.2_17678736_4	DN_NC_073244.2_18232282_4	0.000000	0.000000	4	4	0	0
DN_NC_073244.2_17678736_4	DN_NC_073244.2_18307855_4	0.000000	0.000000	4	4	0	0
DN_NC_073244.2_17678736_4	DN_NC_073244.2_18356684_4	0.000000	0.000000	4	4	0	0
DN_NC_073244.2_17678736_4	DN_NC_073244.2_18385030_4	0.000000	0.000000	4	4	0	0
DN_NC_073244.2_17678736_4	DN_NC_073244.2_18426035_4	0.000000	0.000000	4	4	0	0
DN_NC_073244.2_17678736_4	DN_NC_073244.2_18470484_4	0.000000	0.000000	4	4	0	0
DN_NC_073244.2_17678736_4	DN_NC_073244.2_18564507_4	0.000000	0.000000	4	4	0	0
DN_NC_073244.2_17678736_4	DN_NC_073244.2_18614963_5	0.000000	0.000000	4	5	0	0
DN_NC_073244.2_17678736_4	DN_NC_073244.2_26156853_4	0.000000	0.000000	4	4	0	0
DN_NC_073244.2_17678736_4	DN_NC_073244.2_8619131_4	0.000000	0.000000	4	4	0	0
DN_NC_073244.2_17678736_4	DN_NC_073244.2_8680135_4	0.000000	0.000000	4	4	0	0
DN_NC_073244.2_17700597_4	DN_NC_073244.2_18124175_2	0.000000	0.000000	4	2	0	0
DN_NC_073244.2_17700597_4	DN_NC_073244.2_8711681_4	0.000000	0.000000	4	4	0	0
DN_NC_073244.2_17751584_2	DN_NC_073244.2_17797611_4	0.000000	0.000000	2	4	0	0
DN_NC_073244.2_17751584_2	DN_NC_073244.2_17831067_3	0.000000	0.000000	2	3	0	0
DN_NC_073244.2_17751584_2	DN_NC_073244.2_17846610_4	0.000000	0.000000	2	4	0	0
DN_NC_073244.2_17751584_2	DN_NC_073244.2_17876785_4	0.000000	0.000000	2	4	0	0
DN_NC_073244.2_17751584_2	DN_NC_073244.2_17922158_4	0.000000	0.000000	2	4	0	0
DN_NC_073244.2_17751584_2	DN_NC_073244.2_17960497_4	0.000000	0.000000	2	4	0	0
DN_NC_073244.2_17751584_2	DN_NC_073244.2_17994654_4	0.000000	0.000000	2	4	0	0
DN_NC_073244.2_17751584_2	DN_NC_073244.2_18045307_2	0.000000	0.000000	2	2	0	0
DN_NC_073244.2_17751584_2	DN_NC_073244.2_18047026_4	0.000000	0.000000	2	4	0	0
DN_NC_073244.2_17751584_2	DN_NC_073244.2_18096775_3	0.000000	0.000000	2	3	0	0
DN_NC_073244.2_17751584_2	DN_NC_073244.2_18124193_3	0.000000	0.000000	2	3	0	0
DN_NC_073244.2_17751584_2	DN_NC_073244.2_18201516_4	0.000000	0.000000	2	4	0	0
DN_NC_073244.2_17751584_2	DN_NC_073244.2_18307855_4	0.500000	0.000000	2	4	1	0
DN_NC_073244.2_17751584_2	DN_NC_073244.2_18356684_4	0.000000	0.000000	2	4	0	0
DN_NC_073244.2_17751584_2	DN_NC_073244.2_18385030_4	0.500000	0.000000	2	4	1	0
DN_NC_073244.2_17751584_2	DN_NC_073244.2_18426035_4	0.500000	0.000000	2	4	1	0
DN_NC_073244.2_17751584_2	DN_NC_073244.2_18470484_4	0.500000	0.000000	2	4	1	0
DN_NC_073244.2_17751584_2	DN_NC_073244.2_18564507_4	0.000000	0.000000	2	4	0	0
DN_NC_073244.2_17751584_2	DN_NC_073244.2_18614963_5	0.000000	0.000000	2	5	0	0
DN_NC_073244.2_17751584_2	DN_NC_073244.2_18649721_4	0.000000	0.000000	2	4	0	0
DN_NC_073244.2_17751584_2	DN_NC_073244.2_26156853_4	0.000000	0.000000	2	4	0	0
DN_NC_073244.2_17751584_2	DN_NC_073244.2_8619131_4	0.000000	0.000000	2	4	0	0
DN_NC_073244.2_17797611_4	DN_NC_073244.2_17831067_3	0.000000	0.000000	4	3	0	0
DN_NC_073244.2_17797611_4	DN_NC_073244.2_18047026_4	0.000000	0.000000	4	4	0	0
DN_NC_073244.2_17797611_4	DN_NC_073244.2_18096775_3	0.000000	0.000000	4	3	0	0
DN_NC_073244.2_17797611_4	DN_NC_073244.2_18201516_4	0.000000	0.000000	4	4	0	0
DN_NC_073244.2_17797611_4	DN_NC_073244.2_18470484_4	0.000000	0.000000	4	4	0	0
DN_NC_073244.2_17797611_4	DN_NC_073244.2_18649721_4	0.000000	0.000000	4	4	0	0
DN_NC_073244.2_17797611_4	DN_NC_073244.2_26156853_4	0.000000	0.000000	4	4	0	0
DN_NC_073244.2_17831067_3	DN_NC_073244.2_17846610_4	0.000000	0.000000	3	4	0	0
DN_NC_073244.2_17831067_3	DN_NC_073244.2_17876785_4	0.000000	0.000000	3	4	0	0
DN_NC_073244.2_17831067_3	DN_NC_073244.2_17922158_4	0.000000	0.000000	3	4	0	0
DN_NC_073244.2_17831067_3	DN_NC_073244.2_17960497_4	0.000000	0.000000	3	4	0	0
DN_NC_073244.2_17831067_3	DN_NC_073244.2_17994654_4	0.000000	0.000000	3	4	0	0
DN_NC_073244.2_17831067_3	DN_NC_073244.2_18045307_2	0.000000	0.000000	3	2	0	0
DN_NC_073244.2_17831067_3	DN_NC_073244.2_18047026_4	0.000000	0.000000	3	4	0	0
DN_NC_073244.2_17831067_3	DN_NC_073244.2_18096775_3	0.000000	0.000000	3	3	0	0
DN_NC_073244.2_17831067_3	DN_NC_073244.2_18124193_3	0.000000	0.000000	3	3	0	0
DN_NC_073244.2_17831067_3	DN_NC_073244.2_18201516_4	0.000000	0.000000	3	4	0	0
DN_NC_073244.2_17831067_3	DN_NC_073244.2_18232282_4	0.000000	0.000000	3	4	0	0
DN_NC_073244.2_17831067_3	DN_NC_073244.2_18307855_4	0.000000	0.000000	3	4	0	0
DN_NC_073244.2_17831067_3	DN_NC_073244.2_18356684_4	0.000000	0.000000	3	4	0	0
DN_NC_073244.2_17831067_3	DN_NC_073244.2_18385030_4	0.000000	0.000000	3	4	0	0
DN_NC_073244.2_17831067_3	DN_NC_073244.2_18426035_4	0.000000	0.000000	3	4	0	0
DN_NC_073244.2_17831067_3	DN_NC_073244.2_18470484_4	0.000000	0.000000	3	4	0	0
DN_NC_073244.2_17831067_3	DN_NC_073244.2_18564507_4	0.000000	0.000000	3	4	0	0
DN_NC_073244.2_17831067_3	DN_NC_073244.2_18649721_4	0.000000	0.000000	3	4	0	0
DN_NC_073244.2_17831067_3	DN_NC_073244.2_26156853_4	0.000000	0.000000	3	4	0	0
DN_NC_073244.2_17831067_3	DN_NC_073244.2_8619131_4	0.000000	0.000000	3	4	0	0
DN_NC_073244.2_17831067_3	DN_NC_073244.2_8680135_4	0.000000	0.000000	3	4	0	0
DN_NC_073244.2_17831067_3	DN_NC_073244.2_8711681_4	0.000000	0.000000	3	4	0	0
DN_NC_073244.2_17846610_4	DN_NC_073244.2_17876785_4	0.750000	0.750000	4	4	3	3
DN_NC_073244.2_17846610_4	DN_NC_073244.2_17922158_4	0.750000	0.500000	4	4	3	2
DN_NC_073244.2_17846610_4	DN_NC_073244.2_17960497_4	0.750000	0.750000	4	4	3	3
DN_NC_073244.2_17846610_4	DN_NC_073244.2_17994654_4	0.750000	0.500000	4	4	3	2
DN_NC_073244.2_17846610_4	DN_NC_073244.2_18045307_2	0.000000	0.000000	4	2	0	0
DN_NC_073244.2_17846610_4	DN_NC_073244.2_18047026_4	0.000000	0.000000	4	4	0	0
DN_NC_073244.2_17846610_4	DN_NC_073244.2_18096775_3	0.000000	0.000000	4	3	0	0
DN_NC_073244.2_17846610_4	DN_NC_073244.2_18201516_4	0.000000	0.000000	4	4	0	0
DN_NC_073244.2_17846610_4	DN_NC_073244.2_18307855_4	0.000000	0.000000	4	4	0	0
DN_NC_073244.2_17846610_4	DN_NC_073244.2_18356684_4	0.000000	0.000000	4	4	0	0
DN_NC_073244.2_17846610_4	DN_NC_073244.2_18385030_4	0.000000	0.000000	4	4	0	0
DN_NC_073244.2_17846610_4	DN_NC_073244.2_18426035_4	0.000000	0.000000	4	4	0	0
DN_NC_073244.2_17846610_4	DN_NC_073244.2_18470484_4	0.000000	0.000000	4	4	0	0
DN_NC_073244.2_17846610_4	DN_NC_073244.2_18564507_4	0.000000	0.000000	4	4	0	0
DN_NC_073244.2_17846610_4	DN_NC_073244.2_18649721_4	0.000000	0.000000	4	4	0	0
DN_NC_073244.2_17846610_4	DN_NC_073244.2_26156853_4	0.000000	0.000000	4	4	0	0
DN_NC_073244.2_17846610_4	DN_NC_073244.2_8680135_4	0.000000	0.000000	4	4	0	0
DN_NC_073244.2_17846610_4	DN_NC_073244.2_8711681_4	0.000000	0.000000	4	4	0	0
DN_NC_073244.2_17876785_4	DN_NC_073244.2_17922158_4	0.750000	0.750000	4	4	3	3
DN_NC_073244.2_17876785_4	DN_NC_073244.2_17960497_4	0.750000	1.000000	4	4	3	4
DN_NC_073244.2_17876785_4	DN_NC_073244.2_17994654_4	0.500000	0.750000	4	4	2	3
DN_NC_073244.2_17876785_4	DN_NC_073244.2_18045307_2	0.000000	0.000000	4	2	0	0
DN_NC_073244.2_17876785_4	DN_NC_073244.2_18047026_4	0.000000	0.000000	4	4	0	0
DN_NC_073244.2_17876785_4	DN_NC_073244.2_18096775_3	0.000000	0.000000	4	3	0	0
DN_NC_073244.2_17876785_4	DN_NC_073244.2_18124175_2	0.000000	0.000000	4	2	0	0
DN_NC_073244.2_17876785_4	DN_NC_073244.2_18201516_4	0.000000	0.000000	4	4	0	0
DN_NC_073244.2_17876785_4	DN_NC_073244.2_18307855_4	0.000000	0.000000	4	4	0	0
DN_NC_073244.2_17876785_4	DN_NC_073244.2_18356684_4	0.000000	0.000000	4	4	0	0
DN_NC_073244.2_17876785_4	DN_NC_073244.2_18426035_4	0.000000	0.000000	4	4	0	0
DN_NC_073244.2_17876785_4	DN_NC_073244.2_18470484_4	0.000000	0.000000	4	4	0	0
DN_NC_073244.2_17876785_4	DN_NC_073244.2_18614963_5	0.000000	0.000000	4	5	0	0
DN_NC_073244.2_17876785_4	DN_NC_073244.2_26156853_4	0.000000	0.000000	4	4	0	0
DN_NC_073244.2_17876785_4	DN_NC_073244.2_8619131_4	0.000000	0.000000	4	4	0	0
DN_NC_073244.2_17876785_4	DN_NC_073244.2_8680135_4	0.000000	0.000000	4	4	0	0
DN_NC_073244.2_17876785_4	DN_NC_073244.2_8711681_4	0.000000	0.000000	4	4	0	0
DN_NC_073244.2_17922158_4	DN_NC_073244.2_17960497_4	0.500000	1.000000	4	4	2	4
DN_NC_073244.2_17922158_4	DN_NC_073244.2_17994654_4	0.500000	0.750000	4	4	2	3
DN_NC_073244.2_17922158_4	DN_NC_073244.2_18045307_2	0.000000	0.000000	4	2	0	0
DN_NC_073244.2_17922158_4	DN_NC_073244.2_18047026_4	0.000000	0.000000	4	4	0	0
DN_NC_073244.2_17922158_4	DN_NC_073244.2_18096775_3	0.000000	0.000000	4	3	0	0
DN_NC_073244.2_17922158_4	DN_NC_073244.2_18201516_4	0.000000	0.000000	4	4	0	0
DN_NC_073244.2_17922158_4	DN_NC_073244.2_18232282_4	0.000000	0.000000	4	4	0	0
DN_NC_073244.2_17922158_4	DN_NC_073244.2_18307855_4	0.000000	0.000000	4	4	0	0
DN_NC_073244.2_17922158_4	DN_NC_073244.2_18356684_4	0.000000	0.000000	4	4	0	0
DN_NC_073244.2_17922158_4	DN_NC_073244.2_18426035_4	0.000000	0.000000	4	4	0	0
DN_NC_073244.2_17922158_4	DN_NC_073244.2_18470484_4	0.000000	0.000000	4	4	0	0
DN_NC_073244.2_17922158_4	DN_NC_073244.2_18564507_4	0.000000	0.000000	4	4	0	0
DN_NC_073244.2_17922158_4	DN_NC_073244.2_18614963_5	0.000000	0.000000	4	5	0	0
DN_NC_073244.2_17922158_4	DN_NC_073244.2_26156853_4	0.000000	0.000000	4	4	0	0
DN_NC_073244.2_17922158_4	DN_NC_073244.2_8680135_4	0.000000	0.000000	4	4	0	0
DN_NC_073244.2_17922158_4	DN_NC_073244.2_8711681_4	0.000000	0.000000	4	4	0	0
DN_NC_073244.2_17960497_4	DN_NC_073244.2_17994654_4	1.000000	0.750000	4	4	4	3
DN_NC_073244.2_17960497_4	DN_NC_073244.2_18045307_2	0.000000	0.000000	4	2	0	0
DN_NC_073244.2_17960497_4	DN_NC_073244.2_18047026_4	0.000000	0.000000	4	4	0	0
DN_NC_073244.2_17960497_4	DN_NC_073244.2_18096775_3	0.000000	0.000000	4	3	0	0
DN_NC_073244.2_17960497_4	DN_NC_073244.2_18124175_2	0.000000	0.000000	4	2	0	0
DN_NC_073244.2_17960497_4	DN_NC_073244.2_18201516_4	0.000000	0.000000	4	4	0	0
DN_NC_073244.2_17960497_4	DN_NC_073244.2_18307855_4	0.000000	0.000000	4	4	0	0
DN_NC_073244.2_17960497_4	DN_NC_073244.2_18356684_4	0.000000	0.000000	4	4	0	0
DN_NC_073244.2_17960497_4	DN_NC_073244.2_18385030_4	0.000000	0.000000	4	4	0	0
DN_NC_073244.2_17960497_4	DN_NC_073244.2_18426035_4	0.000000	0.000000	4	4	0	0
DN_NC_073244.2_17960497_4	DN_NC_073244.2_18470484_4	0.000000	0.000000	4	4	0	0
DN_NC_073244.2_17960497_4	DN_NC_073244.2_18564507_4	0.000000	0.000000	4	4	0	0
DN_NC_073244.2_17960497_4	DN_NC_073244.2_18614963_5	0.000000	0.000000	4	5	0	0
DN_NC_073244.2_17960497_4	DN_NC_073244.2_26156853_4	0.000000	0.000000	4	4	0	0
DN_NC_073244.2_17960497_4	DN_NC_073244.2_8619131_4	0.000000	0.000000	4	4	0	0
DN_NC_073244.2_17960497_4	DN_NC_073244.2_8711681_4	0.000000	0.000000	4	4	0	0
DN_NC_073244.2_17994654_4	DN_NC_073244.2_18047026_4	0.000000	0.250000	4	4	0	1
DN_NC_073244.2_17994654_4	DN_NC_073244.2_18096775_3	0.000000	0.000000	4	3	0	0
DN_NC_073244.2_17994654_4	DN_NC_073244.2_18201516_4	0.000000	0.000000	4	4	0	0
DN_NC_073244.2_17994654_4	DN_NC_073244.2_18232282_4	0.000000	0.000000	4	4	0	0
DN_NC_073244.2_17994654_4	DN_NC_073244.2_18307855_4	0.000000	0.000000	4	4	0	0
DN_NC_073244.2_17994654_4	DN_NC_073244.2_18356684_4	0.000000	0.000000	4	4	0	0
DN_NC_073244.2_17994654_4	DN_NC_073244.2_18470484_4	0.000000	0.000000	4	4	0	0
DN_NC_073244.2_17994654_4	DN_NC_073244.2_8711681_4	0.000000	0.000000	4	4	0	0
DN_NC_073244.2_18045307_2	DN_NC_073244.2_18047026_4	0.500000	0.250000	2	4	1	1
DN_NC_073244.2_18045307_2	DN_NC_073244.2_18096775_3	0.000000	0.000000	2	3	0	0
DN_NC_073244.2_18045307_2	DN_NC_073244.2_18201516_4	0.000000	0.000000	2	4	0	0
DN_NC_073244.2_18045307_2	DN_NC_073244.2_18232282_4	0.000000	0.000000	2	4	0	0
DN_NC_073244.2_18045307_2	DN_NC_073244.2_18307855_4	0.000000	0.000000	2	4	0	0
DN_NC_073244.2_18045307_2	DN_NC_073244.2_18356684_4	0.000000	0.000000	2	4	0	0
DN_NC_073244.2_18045307_2	DN_NC_073244.2_18385030_4	0.000000	0.000000	2	4	0	0
DN_NC_073244.2_18045307_2	DN_NC_073244.2_18426035_4	0.000000	0.000000	2	4	0	0
DN_NC_073244.2_18045307_2	DN_NC_073244.2_18470484_4	0.000000	0.000000	2	4	0	0
DN_NC_073244.2_18045307_2	DN_NC_073244.2_18564507_4	0.000000	0.000000	2	4	0	0
DN_NC_073244.2_18045307_2	DN_NC_073244.2_18649721_4	0.000000	0.000000	2	4	0	0
DN_NC_073244.2_18045307_2	DN_NC_073244.2_26156853_4	0.000000	0.000000	2	4	0	0
DN_NC_073244.2_18045307_2	DN_NC_073244.2_8711681_4	0.000000	0.000000	2	4	0	0
DN_NC_073244.2_18047026_4	DN_NC_073244.2_18096775_3	0.000000	0.000000	4	3	0	0
DN_NC_073244.2_18047026_4	DN_NC_073244.2_18201516_4	0.000000	0.000000	4	4	0	0
DN_NC_073244.2_18047026_4	DN_NC_073244.2_18307855_4	0.000000	0.000000	4	4	0	0
DN_NC_073244.2_18047026_4	DN_NC_073244.2_18356684_4	0.000000	0.000000	4	4	0	0
DN_NC_073244.2_18047026_4	DN_NC_073244.2_18385030_4	0.000000	0.000000	4	4	0	0
DN_NC_073244.2_18047026_4	DN_NC_073244.2_18426035_4	0.000000	0.000000	4	4	0	0
DN_NC_073244.2_18047026_4	DN_NC_073244.2_18470484_4	0.000000	0.000000	4	4	0	0
DN_NC_073244.2_18047026_4	DN_NC_073244.2_18564507_4	0.000000	0.000000	4	4	0	0
DN_NC_073244.2_18047026_4	DN_NC_073244.2_18614963_5	0.000000	0.000000	4	5	0	0
DN_NC_073244.2_18047026_4	DN_NC_073244.2_18649721_4	0.000000	0.000000	4	4	0	0
DN_NC_073244.2_18047026_4	DN_NC_073244.2_26156853_4	0.000000	0.000000	4	4	0	0
DN_NC_073244.2_18047026_4	DN_NC_073244.2_8619131_4	0.000000	0.000000	4	4	0	0
DN_NC_073244.2_18047026_4	DN_NC_073244.2_8711681_4	0.000000	0.000000	4	4	0	0
DN_NC_073244.2_18096775_3	DN_NC_073244.2_18124193_3	0.000000	0.000000	3	3	0	0
DN_NC_073244.2_18096775_3	DN_NC_073244.2_18201516_4	0.000000	0.000000	3	4	0	0
DN_NC_073244.2_18096775_3	DN_NC_073244.2_18232282_4	0.000000	0.000000	3	4	0	0
DN_NC_073244.2_18096775_3	DN_NC_073244.2_18307855_4	0.000000	0.000000	3	4	0	0
DN_NC_073244.2_18096775_3	DN_NC_073244.2_18356684_4	0.000000	0.000000	3	4	0	0
DN_NC_073244.2_18096775_3	DN_NC_073244.2_18385030_4	0.000000	0.000000	3	4	0	0
DN_NC_073244.2_18096775_3	DN_NC_073244.2_18426035_4	0.000000	0.000000	3	4	0	0
DN_NC_073244.2_18096775_3	DN_NC_073244.2_18470484_4	0.000000	0.000000	3	4	0	0
DN_NC_073244.2_18096775_3	DN_NC_073244.2_18564507_4	0.000000	0.000000	3	4	0	0
DN_NC_073244.2_18096775_3	DN_NC_073244.2_18614963_5	0.000000	0.000000	3	5	0	0
DN_NC_073244.2_18096775_3	DN_NC_073244.2_18649721_4	0.000000	0.000000	3	4	0	0
DN_NC_073244.2_18096775_3	DN_NC_073244.2_26156853_4	0.000000	0.000000	3	4	0	0
DN_NC_073244.2_18096775_3	DN_NC_073244.2_8619131_4	0.000000	0.000000	3	4	0	0
DN_NC_073244.2_18096775_3	DN_NC_073244.2_8680135_4	0.000000	0.000000	3	4	0	0
DN_NC_073244.2_18096775_3	DN_NC_073244.2_8711681_4	0.000000	0.000000	3	4	0	0
DN_NC_073244.2_18124175_2	DN_NC_073244.2_18201516_4	0.000000	0.000000	2	4	0	0
DN_NC_073244.2_18124175_2	DN_NC_073244.2_18307855_4	0.000000	0.000000	2	4	0	0
DN_NC_073244.2_18124175_2	DN_NC_073244.2_18426035_4	0.000000	0.000000	2	4	0	0
DN_NC_073244.2_18124175_2	DN_NC_073244.2_18614963_5	0.000000	0.000000	2	5	0	0
DN_NC_073244.2_18124175_2	DN_NC_073244.2_18649721_4	0.000000	0.000000	2	4	0	0
DN_NC_073244.2_18124175_2	DN_NC_073244.2_26156853_4	0.000000	0.000000	2	4	0	0
DN_NC_073244.2_18124193_3	DN_NC_073244.2_18470484_4	0.000000	0.000000	3	4	0	0
DN_NC_073244.2_18201516_4	DN_NC_073244.2_18232282_4	0.000000	0.000000	4	4	0	0
DN_NC_073244.2_18201516_4	DN_NC_073244.2_18307855_4	0.000000	0.000000	4	4	0	0
DN_NC_073244.2_18201516_4	DN_NC_073244.2_18356684_4	0.000000	0.000000	4	4	0	0
DN_NC_073244.2_18201516_4	DN_NC_073244.2_18385030_4	0.000000	0.000000	4	4	0	0
DN_NC_073244.2_18201516_4	DN_NC_073244.2_18426035_4	0.000000	0.000000	4	4	0	0
DN_NC_073244.2_18201516_4	DN_NC_073244.2_18470484_4	0.000000	0.000000	4	4	0	0
DN_NC_073244.2_18201516_4	DN_NC_073244.2_18564507_4	0.000000	0.000000	4	4	0	0
DN_NC_073244.2_18201516_4	DN_NC_073244.2_18649721_4	0.000000	0.000000	4	4	0	0
DN_NC_073244.2_18201516_4	DN_NC_073244.2_8680135_4	0.000000	0.000000	4	4	0	0
DN_NC_073244.2_18201516_4	DN_NC_073244.2_8711681_4	0.000000	0.000000	4	4	0	0
DN_NC_073244.2_18232282_4	DN_NC_073244.2_18307855_4	0.000000	0.000000	4	4	0	0
DN_NC_073244.2_18232282_4	DN_NC_073244.2_18385030_4	0.000000	0.000000	4	4	0	0
DN_NC_073244.2_18232282_4	DN_NC_073244.2_18564507_4	0.000000	0.000000	4	4	0	0
DN_NC_073244.2_18232282_4	DN_NC_073244.2_18614963_5	0.000000	0.000000	4	5	0	0
DN_NC_073244.2_18232282_4	DN_NC_073244.2_18649721_4	0.000000	0.000000	4	4	0	0
DN_NC_073244.2_18232282_4	DN_NC_073244.2_8619131_4	0.000000	0.000000	4	4	0	0
DN_NC_073244.2_18232282_4	DN_NC_073244.2_8680135_4	0.000000	0.000000	4	4	0	0
DN_NC_073244.2_18232282_4	DN_NC_073244.2_8711681_4	0.000000	0.000000	4	4	0	0
DN_NC_073244.2_18307855_4	DN_NC_073244.2_18356684_4	0.500000	0.500000	4	4	2	2
DN_NC_073244.2_18307855_4	DN_NC_073244.2_18385030_4	0.000000	0.000000	4	4	0	0
DN_NC_073244.2_18307855_4	DN_NC_073244.2_18426035_4	0.500000	0.500000	4	4	2	2
DN_NC_073244.2_18307855_4	DN_NC_073244.2_18470484_4	0.500000	0.750000	4	4	2	3
DN_NC_073244.2_18307855_4	DN_NC_073244.2_18564507_4	0.000000	0.000000	4	4	0	0
DN_NC_073244.2_18307855_4	DN_NC_073244.2_18649721_4	0.000000	0.000000	4	4	0	0
DN_NC_073244.2_18307855_4	DN_NC_073244.2_8680135_4	0.000000	0.000000	4	4	0	0
DN_NC_073244.2_18307855_4	DN_NC_073244.2_8711681_4	0.000000	0.000000	4	4	0	0
DN_NC_073244.2_18356684_4	DN_NC_073244.2_18385030_4	0.250000	0.000000	4	4	1	0
DN_NC_073244.2_18356684_4	DN_NC_073244.2_18426035_4	0.500000	0.500000	4	4	2	2
DN_NC_073244.2_18356684_4	DN_NC_073244.2_18470484_4	0.500000	0.500000	4	4	2	2
DN_NC_073244.2_18356684_4	DN_NC_073244.2_18564507_4	0.000000	0.000000	4	4	0	0
DN_NC_073244.2_18356684_4	DN_NC_073244.2_18614963_5	0.000000	0.000000	4	5	0	0
DN_NC_073244.2_18356684_4	DN_NC_073244.2_18649721_4	0.000000	0.000000	4	4	0	0
DN_NC_073244.2_18356684_4	DN_NC_073244.2_26156853_4	0.000000	0.000000	4	4	0	0
DN_NC_073244.2_18356684_4	DN_NC_073244.2_8680135_4	0.000000	0.000000	4	4	0	0
DN_NC_073244.2_18356684_4	DN_NC_073244.2_8711681_4	0.000000	0.000000	4	4	0	0
DN_NC_073244.2_18385030_4	DN_NC_073244.2_18426035_4	0.000000	0.000000	4	4	0	0
DN_NC_073244.2_18385030_4	DN_NC_073244.2_18470484_4	0.000000	0.250000	4	4	0	1
DN_NC_073244.2_18385030_4	DN_NC_073244.2_18564507_4	0.000000	0.000000	4	4	0	0
DN_NC_073244.2_18385030_4	DN_NC_073244.2_18649721_4	0.000000	0.000000	4	4	0	0
DN_NC_073244.2_18426035_4	DN_NC_073244.2_18470484_4	0.750000	1.000000	4	4	3	4
DN_NC_073244.2_18426035_4	DN_NC_073244.2_18564507_4	0.000000	0.000000	4	4	0	0
DN_NC_073244.2_18426035_4	DN_NC_073244.2_18614963_5	0.000000	0.000000	4	5	0	0
DN_NC_073244.2_18426035_4	DN_NC_073244.2_18649721_4	0.000000	0.000000	4	4	0	0
DN_NC_073244.2_18426035_4	DN_NC_073244.2_8711681_4	0.000000	0.000000	4	4	0	0
DN_NC_073244.2_18470484_4	DN_NC_073244.2_18564507_4	0.000000	0.000000	4	4	0	0
DN_NC_073244.2_18470484_4	DN_NC_073244.2_18614963_5	0.000000	0.000000	4	5	0	0
DN_NC_073244.2_18470484_4	DN_NC_073244.2_18649721_4	0.000000	0.000000	4	4	0	0
DN_NC_073244.2_18470484_4	DN_NC_073244.2_26156853_4	0.000000	0.000000	4	4	0	0
DN_NC_073244.2_18470484_4	DN_NC_073244.2_8680135_4	0.000000	0.000000	4	4	0	0
DN_NC_073244.2_18564507_4	DN_NC_073244.2_18614963_5	0.000000	0.000000	4	5	0	0
DN_NC_073244.2_18564507_4	DN_NC_073244.2_18649721_4	0.000000	0.000000	4	4	0	0
DN_NC_073244.2_18564507_4	DN_NC_073244.2_26156853_4	0.000000	0.000000	4	4	0	0
DN_NC_073244.2_18564507_4	DN_NC_073244.2_8680135_4	0.000000	0.000000	4	4	0	0
DN_NC_073244.2_18564507_4	DN_NC_073244.2_8711681_4	0.000000	0.000000	4	4	0	0
DN_NC_073244.2_18614963_5	DN_NC_073244.2_18649721_4	0.000000	0.000000	5	4	0	0
DN_NC_073244.2_18614963_5	DN_NC_073244.2_8680135_4	0.000000	0.000000	5	4	0	0
DN_NC_073244.2_18614963_5	DN_NC_086017.1_50362387_6	0.000000	0.000000	5	6	0	0
DN_NC_073244.2_18649721_4	DN_NC_073244.2_26156853_4	0.000000	0.000000	4	4	0	0
DN_NC_073244.2_18649721_4	DN_NC_073244.2_8680135_4	0.000000	0.000000	4	4	0	0
DN_NC_073244.2_18649721_4	DN_NC_073244.2_8711681_4	0.000000	0.000000	4	4	0	0
DN_NC_073244.2_20723155_12	DN_NC_073244.2_45796040_6	0.000000	0.000000	12	6	0	0
DN_NC_073244.2_20723155_12	DN_NC_073244.2_8594978_5	0.000000	0.000000	12	5	0	0
DN_NC_073244.2_24302535_5	DN_NC_086017.1_48397256_6	0.800000	0.000000	5	6	4	0
DN_NC_073244.2_26156853_4	DN_NC_073244.2_8680135_4	0.000000	0.000000	4	4	0	0
DN_NC_073244.2_26156853_4	DN_NC_073244.2_8711681_4	0.000000	0.000000	4	4	0	0
DN_NC_073244.2_26240035_4	DN_NC_073244.2_26470366_4	0.000000	0.000000	4	4	0	0
DN_NC_073244.2_26240035_4	DN_NC_073244.2_26666712_5	0.500000	0.800000	4	5	2	4
DN_NC_073244.2_26240035_4	DN_NC_073244.2_27051998_4	0.750000	0.750000	4	4	3	3
DN_NC_073244.2_26240035_4	DN_NC_073244.2_27285351_4	0.500000	0.500000	4	4	2	2
DN_NC_073244.2_26240035_4	DN_NC_073244.2_27566430_5	0.000000	0.000000	4	5	0	0
DN_NC_073244.2_26240035_4	DN_NC_073244.2_27765726_4	0.500000	0.750000	4	4	2	3
DN_NC_073244.2_26240035_4	DN_NC_073244.2_27869273_3	0.000000	0.000000	4	3	0	0
DN_NC_073244.2_26240035_4	DN_NC_073244.2_28072858_4	0.000000	0.000000	4	4	0	0
DN_NC_073244.2_26240035_4	DN_NC_073244.2_28588105_4	0.500000	0.500000	4	4	2	2
DN_NC_073244.2_26240035_4	DN_NC_073244.2_28711447_4	0.000000	0.000000	4	5	0	0
DN_NC_073244.2_26240035_4	DN_NC_073244.2_29046961_4	0.500000	0.500000	4	4	2	2
DN_NC_073244.2_26240035_4	DN_NC_073244.2_29232445_4	0.500000	0.750000	4	4	2	3
DN_NC_073244.2_26240035_4	DN_NC_073244.2_64426370_6	0.000000	0.000000	4	6	0	0
DN_NC_073244.2_26240035_4	DN_NC_073244.2_65326089_4	0.000000	0.000000	4	4	0	0
DN_NC_073244.2_26240039_2	DN_NC_073244.2_26314241_4	0.500000	0.250000	2	4	1	1
DN_NC_073244.2_26240039_2	DN_NC_073244.2_26901109_4	0.000000	0.000000	2	4	0	0
DN_NC_073244.2_26240039_2	DN_NC_073244.2_27131194_2	0.500000	0.500000	2	2	1	1
DN_NC_073244.2_26240039_2	DN_NC_073244.2_27408454_4	0.000000	0.000000	2	4	0	0
DN_NC_073244.2_26240039_2	DN_NC_073244.2_27504818_5	0.000000	0.000000	2	5	0	0
DN_NC_073244.2_26240039_2	DN_NC_073244.2_27956158_2	0.000000	0.000000	2	2	0	0
DN_NC_073244.2_26240039_2	DN_NC_073244.2_28256975_5	0.000000	0.000000	2	5	0	0
DN_NC_073244.2_26240039_2	DN_NC_073244.2_28333451_4	0.000000	0.000000	2	4	0	0
DN_NC_073244.2_26240039_2	DN_NC_073244.2_28820229_4	0.000000	0.000000	2	4	0	0
DN_NC_073244.2_26240039_2	DN_NC_073244.2_29297022_4	0.000000	0.000000	2	4	0	0
DN_NC_073244.2_26240039_2	DN_NC_073244.2_29557605_4	0.000000	0.000000	2	4	0	0
DN_NC_073244.2_26240039_2	DN_NC_073244.2_29680825_4	0.000000	0.000000	2	4	0	0
DN_NC_073244.2_26240039_2	DN_NC_073244.2_29970261_4	0.000000	0.000000	2	4	0	0
DN_NC_073244.2_26240039_2	DN_NC_073244.2_30067652_4	0.000000	0.000000	2	4	0	0
DN_NC_073244.2_26240039_2	DN_NC_073244.2_30090650_6	0.000000	0.000000	2	6	0	0
DN_NC_073244.2_26240039_2	DN_NC_073244.2_30438340_4	0.000000	0.000000	2	4	0	0
DN_NC_073244.2_26240039_2	DN_NC_073244.2_64034715_7	0.000000	0.000000	2	7	0	0
DN_NC_073244.2_26240039_2	DN_NC_073244.2_64585864_4	0.000000	0.000000	2	4	0	0
DN_NC_073244.2_26240039_2	DN_NC_073244.2_65293743_4	0.000000	0.000000	2	4	0	0
DN_NC_073244.2_26240039_2	DN_NC_073244.2_65362909_5	0.000000	0.000000	2	5	0	0
DN_NC_073244.2_26314241_4	DN_NC_073244.2_26470366_4	0.000000	0.000000	4	4	0	0
DN_NC_073244.2_26314241_4	DN_NC_073244.2_26666712_5	0.500000	0.800000	4	5	2	4
DN_NC_073244.2_26314241_4	DN_NC_073244.2_26901109_4	0.000000	0.000000	4	4	0	0
DN_NC_073244.2_26314241_4	DN_NC_073244.2_27051998_4	0.750000	0.750000	4	4	3	3
DN_NC_073244.2_26314241_4	DN_NC_073244.2_27131194_2	0.250000	0.500000	4	2	1	1
DN_NC_073244.2_26314241_4	DN_NC_073244.2_27285351_4	0.500000	0.500000	4	4	2	2
DN_NC_073244.2_26314241_4	DN_NC_073244.2_27408454_4	0.500000	0.500000	4	4	2	2
DN_NC_073244.2_26314241_4	DN_NC_073244.2_27504818_5	0.500000	0.400000	4	5	2	2
DN_NC_073244.2_26314241_4	DN_NC_073244.2_27626411_5	0.500000	0.400000	4	5	2	2
DN_NC_073244.2_26314241_4	DN_NC_073244.2_27765726_4	0.500000	0.750000	4	4	2	3
DN_NC_073244.2_26314241_4	DN_NC_073244.2_27869273_3	0.000000	0.000000	4	3	0	0
DN_NC_073244.2_26314241_4	DN_NC_073244.2_27956158_2	0.000000	0.000000	4	2	0	0
DN_NC_073244.2_26314241_4	DN_NC_073244.2_28072858_4	0.000000	0.000000	4	4	0	0
DN_NC_073244.2_26314241_4	DN_NC_073244.2_28256975_5	0.000000	0.000000	4	5	0	0
DN_NC_073244.2_26314241_4	DN_NC_073244.2_28333451_4	0.500000	0.750000	4	4	2	3
DN_NC_073244.2_26314241_4	DN_NC_073244.2_28588105_4	0.000000	0.000000	4	4	0	0
DN_NC_073244.2_26314241_4	DN_NC_073244.2_28711447_4	0.000000	0.000000	4	5	0	0
DN_NC_073244.2_26314241_4	DN_NC_073244.2_28820229_4	0.000000	0.000000	4	4	0	0
DN_NC_073244.2_26314241_4	DN_NC_073244.2_29046961_4	0.500000	0.500000	4	4	2	2
DN_NC_073244.2_26314241_4	DN_NC_073244.2_29232445_4	0.500000	0.750000	4	4	2	3
DN_NC_073244.2_26314241_4	DN_NC_073244.2_29297022_4	0.000000	0.000000	4	4	0	0
DN_NC_073244.2_26314241_4	DN_NC_073244.2_29557605_4	0.500000	1.000000	4	4	2	4
DN_NC_073244.2_26314241_4	DN_NC_073244.2_29680825_2	0.000000	0.000000	4	2	0	0
DN_NC_073244.2_26314241_4	DN_NC_073244.2_29970261_4	0.000000	0.000000	4	4	0	0
DN_NC_073244.2_26314241_4	DN_NC_073244.2_30067652_4	0.000000	0.000000	4	4	0	0
DN_NC_073244.2_26314241_4	DN_NC_073244.2_30090650_6	0.000000	0.000000	4	6	0	0
DN_NC_073244.2_26314241_4	DN_NC_073244.2_30438340_4	0.500000	0.500000	4	4	2	2
DN_NC_073244.2_26314241_4	DN_NC_073244.2_64034715_7	0.000000	0.000000	4	7	0	0
DN_NC_073244.2_26314241_4	DN_NC_073244.2_64231369_4	0.000000	0.000000	4	4	0	0
DN_NC_073244.2_26314241_4	DN_NC_073244.2_64400145_5	0.000000	0.000000	4	5	0	0
DN_NC_073244.2_26314241_4	DN_NC_073244.2_64500861_5	0.000000	0.000000	4	5	0	0
DN_NC_073244.2_26314241_4	DN_NC_073244.2_64672255_4	0.000000	0.000000	4	4	0	0
DN_NC_073244.2_26314241_4	DN_NC_073244.2_64908457_4	0.000000	0.000000	4	4	0	0
DN_NC_073244.2_26314241_4	DN_NC_073244.2_65266359_4	0.000000	0.000000	4	4	0	0
DN_NC_073244.2_26314241_4	DN_NC_073244.2_65293743_4	0.000000	0.000000	4	4	0	0
DN_NC_073244.2_26314241_4	DN_NC_073244.2_65326089_4	0.000000	0.000000	4	4	0	0
DN_NC_073244.2_26314241_4	DN_NC_073244.2_65362909_5	0.000000	0.000000	4	5	0	0
DN_NC_073244.2_26314241_4	DN_NC_073244.2_65398487_4	0.000000	0.000000	4	4	0	0
DN_NC_073244.2_26470366_4	DN_NC_073244.2_26666712_5	0.000000	0.000000	4	5	0	0
DN_NC_073244.2_26470366_4	DN_NC_073244.2_26901109_4	0.000000	0.000000	4	4	0	0
DN_NC_073244.2_26470366_4	DN_NC_073244.2_27051998_4	0.000000	0.000000	4	4	0	0
DN_NC_073244.2_26470366_4	DN_NC_073244.2_27131194_2	0.000000	0.000000	4	2	0	0
DN_NC_073244.2_26470366_4	DN_NC_073244.2_27285351_4	0.000000	0.000000	4	4	0	0
DN_NC_073244.2_26470366_4	DN_NC_073244.2_27408454_4	0.000000	0.000000	4	4	0	0
DN_NC_073244.2_26470366_4	DN_NC_073244.2_27504818_5	0.000000	0.000000	4	5	0	0
DN_NC_073244.2_26470366_4	DN_NC_073244.2_27566430_5	0.000000	0.000000	4	5	0	0
DN_NC_073244.2_26470366_4	DN_NC_073244.2_27765726_4	0.000000	0.000000	4	4	0	0
DN_NC_073244.2_26470366_4	DN_NC_073244.2_27869273_3	0.000000	0.000000	4	3	0	0
DN_NC_073244.2_26470366_4	DN_NC_073244.2_27956158_2	0.000000	0.000000	4	2	0	0
DN_NC_073244.2_26470366_4	DN_NC_073244.2_28072858_4	0.000000	0.000000	4	4	0	0
DN_NC_073244.2_26470366_4	DN_NC_073244.2_28256975_5	0.000000	0.000000	4	5	0	0
DN_NC_073244.2_26470366_4	DN_NC_073244.2_28333451_4	0.000000	0.000000	4	4	0	0
DN_NC_073244.2_26470366_4	DN_NC_073244.2_28588105_4	0.000000	0.000000	4	4	0	0
DN_NC_073244.2_26470366_4	DN_NC_073244.2_28711447_4	0.000000	0.000000	4	5	0	0
DN_NC_073244.2_26470366_4	DN_NC_073244.2_28820229_4	0.000000	0.000000	4	4	0	0
DN_NC_073244.2_26470366_4	DN_NC_073244.2_29046961_4	0.000000	0.000000	4	4	0	0
DN_NC_073244.2_26470366_4	DN_NC_073244.2_29232445_4	0.000000	0.000000	4	4	0	0
DN_NC_073244.2_26470366_4	DN_NC_073244.2_29297022_4	0.000000	0.000000	4	4	0	0
DN_NC_073244.2_26470366_4	DN_NC_073244.2_29557605_4	0.000000	0.000000	4	4	0	0
DN_NC_073244.2_26470366_4	DN_NC_073244.2_29680825_4	0.000000	0.000000	4	4	0	0
DN_NC_073244.2_26470366_4	DN_NC_073244.2_29970261_4	0.000000	0.000000	4	4	0	0
DN_NC_073244.2_26470366_4	DN_NC_073244.2_30067652_4	0.000000	0.000000	4	4	0	0
DN_NC_073244.2_26470366_4	DN_NC_073244.2_30090650_6	0.000000	0.000000	4	6	0	0
DN_NC_073244.2_26470366_4	DN_NC_073244.2_30438386_2	0.000000	0.000000	4	2	0	0
DN_NC_073244.2_26470366_4	DN_NC_073244.2_64034715_7	0.000000	0.000000	4	7	0	0
DN_NC_073244.2_26470366_4	DN_NC_073244.2_64125568_5	0.000000	0.000000	4	5	0	0
DN_NC_073244.2_26470366_4	DN_NC_073244.2_64426370_6	0.000000	0.000000	4	6	0	0
DN_NC_073244.2_26470366_4	DN_NC_073244.2_64797239_5	0.000000	0.000000	4	5	0	0
DN_NC_073244.2_26470366_4	DN_NC_073244.2_64860608_4	0.000000	0.000000	4	4	0	0
DN_NC_073244.2_26470366_4	DN_NC_073244.2_65293743_4	0.000000	0.000000	4	4	0	0
DN_NC_073244.2_26470366_4	DN_NC_073244.2_65326089_4	0.000000	0.000000	4	4	0	0
DN_NC_073244.2_26470366_4	DN_NC_073246.2_15789320_2	0.000000	0.000000	4	2	0	0
DN_NC_073244.2_26470366_4	DN_NC_086017.1_41849524_2	0.000000	0.000000	4	2	0	0
DN_NC_073244.2_26666712_5	DN_NC_073244.2_26901109_4	0.200000	0.000000	5	4	1	0
DN_NC_073244.2_26666712_5	DN_NC_073244.2_27051998_4	0.800000	0.750000	5	4	4	3
DN_NC_073244.2_26666712_5	DN_NC_073244.2_27131194_2	0.200000	0.000000	5	2	1	0
DN_NC_073244.2_26666712_5	DN_NC_073244.2_27285351_4	0.800000	0.750000	5	4	4	3
DN_NC_073244.2_26666712_5	DN_NC_073244.2_27408454_4	0.600000	0.500000	5	4	3	2
DN_NC_073244.2_26666712_5	DN_NC_073244.2_27504818_5	0.000000	0.000000	5	5	0	0
DN_NC_073244.2_26666712_5	DN_NC_073244.2_27566430_5	0.000000	0.000000	5	5	0	0
DN_NC_073244.2_26666712_5	DN_NC_073244.2_27765726_4	0.000000	0.000000	5	4	0	0
DN_NC_073244.2_26666712_5	DN_NC_073244.2_27869273_3	0.000000	0.000000	5	3	0	0
DN_NC_073244.2_26666712_5	DN_NC_073244.2_27956158_4	0.000000	0.000000	5	4	0	0
DN_NC_073244.2_26666712_5	DN_NC_073244.2_28072858_4	0.000000	0.000000	5	4	0	0
DN_NC_073244.2_26666712_5	DN_NC_073244.2_28256975_5	0.000000	0.000000	5	5	0	0
DN_NC_073244.2_26666712_5	DN_NC_073244.2_28333451_4	0.000000	0.000000	5	4	0	0
DN_NC_073244.2_26666712_5	DN_NC_073244.2_28588105_4	0.000000	0.000000	5	4	0	0
DN_NC_073244.2_26666712_5	DN_NC_073244.2_28711447_4	0.000000	0.000000	5	5	0	0
DN_NC_073244.2_26666712_5	DN_NC_073244.2_28820229_4	0.000000	0.000000	5	4	0	0
DN_NC_073244.2_26666712_5	DN_NC_073244.2_29046961_4	0.800000	0.750000	5	4	4	3
DN_NC_073244.2_26666712_5	DN_NC_073244.2_29232445_4	0.000000	0.000000	5	4	0	0
DN_NC_073244.2_26666712_5	DN_NC_073244.2_29297022_4	0.000000	0.000000	5	4	0	0
DN_NC_073244.2_26666712_5	DN_NC_073244.2_29557605_4	0.000000	0.000000	5	4	0	0
DN_NC_073244.2_26666712_5	DN_NC_073244.2_29680825_2	0.000000	0.000000	5	2	0	0
DN_NC_073244.2_26666712_5	DN_NC_073244.2_29970261_4	0.800000	1.000000	5	4	4	4
DN_NC_073244.2_26666712_5	DN_NC_073244.2_30067652_4	0.000000	0.000000	5	4	0	0
DN_NC_073244.2_26666712_5	DN_NC_073244.2_30438386_2	0.000000	0.000000	5	2	0	0
DN_NC_073244.2_26666712_5	DN_NC_073244.2_64125568_5	0.000000	0.000000	5	5	0	0
DN_NC_073244.2_26666712_5	DN_NC_073244.2_64724127_4	0.000000	0.000000	5	4	0	0
DN_NC_073244.2_26666712_5	DN_NC_073244.2_65046428_2	0.000000	0.000000	5	4	0	0
DN_NC_073244.2_26666712_5	DN_NC_073244.2_65293743_4	0.000000	0.000000	5	4	0	0
DN_NC_073244.2_26901109_4	DN_NC_073244.2_27051998_4	0.000000	0.000000	4	4	0	0
DN_NC_073244.2_26901109_4	DN_NC_073244.2_27131194_2	0.000000	0.000000	4	2	0	0
DN_NC_073244.2_26901109_4	DN_NC_073244.2_27285351_4	0.000000	0.000000	4	4	0	0
DN_NC_073244.2_26901109_4	DN_NC_073244.2_27408454_4	0.000000	0.000000	4	4	0	0
DN_NC_073244.2_26901109_4	DN_NC_073244.2_27504818_5	0.000000	0.000000	4	5	0	0
DN_NC_073244.2_26901109_4	DN_NC_073244.2_27626411_5	0.000000	0.000000	4	5	0	0
DN_NC_073244.2_26901109_4	DN_NC_073244.2_27765726_4	0.000000	0.000000	4	4	0	0
DN_NC_073244.2_26901109_4	DN_NC_073244.2_27869273_3	0.000000	0.000000	4	3	0	0
DN_NC_073244.2_26901109_4	DN_NC_073244.2_27956158_2	0.000000	0.000000	4	2	0	0
DN_NC_073244.2_26901109_4	DN_NC_073244.2_28072858_4	0.000000	0.000000	4	4	0	0
DN_NC_073244.2_26901109_4	DN_NC_073244.2_28256975_5	0.000000	0.000000	4	5	0	0
DN_NC_073244.2_26901109_4	DN_NC_073244.2_28333451_4	0.000000	0.000000	4	4	0	0
DN_NC_073244.2_26901109_4	DN_NC_073244.2_28588105_4	0.000000	0.000000	4	4	0	0
DN_NC_073244.2_26901109_4	DN_NC_073244.2_28711447_2	0.000000	0.000000	4	2	0	0
DN_NC_073244.2_26901109_4	DN_NC_073244.2_28820229_4	0.000000	0.000000	4	4	0	0
DN_NC_073244.2_26901109_4	DN_NC_073244.2_29046961_4	0.000000	0.000000	4	4	0	0
DN_NC_073244.2_26901109_4	DN_NC_073244.2_29232445_4	0.000000	0.000000	4	4	0	0
DN_NC_073244.2_26901109_4	DN_NC_073244.2_29297022_4	0.000000	0.000000	4	4	0	0
DN_NC_073244.2_26901109_4	DN_NC_073244.2_29557605_4	0.000000	0.000000	4	4	0	0
DN_NC_073244.2_26901109_4	DN_NC_073244.2_29680825_4	0.000000	0.000000	4	4	0	0
DN_NC_073244.2_26901109_4	DN_NC_073244.2_29970261_4	0.000000	0.000000	4	4	0	0
DN_NC_073244.2_26901109_4	DN_NC_073244.2_30067652_4	0.000000	0.000000	4	4	0	0
DN_NC_073244.2_26901109_4	DN_NC_073244.2_30090650_6	0.000000	0.000000	4	6	0	0
DN_NC_073244.2_26901109_4	DN_NC_073244.2_30438340_4	0.000000	0.000000	4	4	0	0
DN_NC_073244.2_26901109_4	DN_NC_073244.2_64081943_4	0.000000	0.000000	4	4	0	0
DN_NC_073244.2_26901109_4	DN_NC_073244.2_64340366_4	0.000000	0.000000	4	4	0	0
DN_NC_073244.2_26901109_4	DN_NC_073244.2_64426370_6	0.000000	0.000000	4	6	0	0
DN_NC_073244.2_26901109_4	DN_NC_073244.2_64500861_5	0.000000	0.000000	4	5	0	0
DN_NC_073244.2_26901109_4	DN_NC_073244.2_64585864_4	0.000000	0.000000	4	4	0	0
DN_NC_073244.2_26901109_4	DN_NC_073244.2_64618758_7	0.000000	0.000000	4	7	0	0
DN_NC_073244.2_26901109_4	DN_NC_073244.2_64724127_4	0.000000	0.000000	4	4	0	0
DN_NC_073244.2_26901109_4	DN_NC_073244.2_64759228_5	0.000000	0.000000	4	5	0	0
DN_NC_073244.2_26901109_4	DN_NC_073244.2_64797239_5	0.000000	0.000000	4	5	0	0
DN_NC_073244.2_26901109_4	DN_NC_073244.2_64836827_4	0.000000	0.000000	4	4	0	0
DN_NC_073244.2_26901109_4	DN_NC_073244.2_64860608_4	0.000000	0.000000	4	4	0	0
DN_NC_073244.2_26901109_4	DN_NC_073244.2_64908457_4	0.000000	0.000000	4	4	0	0
DN_NC_073244.2_26901109_4	DN_NC_073244.2_65003440_7	0.000000	0.000000	4	7	0	0
DN_NC_073244.2_26901109_4	DN_NC_073244.2_65046428_2	0.000000	0.000000	4	4	0	0
DN_NC_073244.2_26901109_4	DN_NC_073244.2_65293743_4	0.000000	0.000000	4	4	0	0
DN_NC_073244.2_26901109_4	DN_NC_073244.2_65362909_5	0.000000	0.000000	4	5	0	0
DN_NC_073244.2_26901109_4	DN_NC_073246.2_15789285_3	0.000000	0.000000	4	3	0	0
DN_NC_073244.2_26901109_4	DN_NC_086017.1_41849524_2	0.000000	0.000000	4	2	0	0
DN_NC_073244.2_27051998_4	DN_NC_073244.2_27131194_2	0.250000	0.500000	4	2	1	1
DN_NC_073244.2_27051998_4	DN_NC_073244.2_27285351_4	1.000000	0.750000	4	4	4	3
DN_NC_073244.2_27051998_4	DN_NC_073244.2_27408454_4	0.500000	0.750000	4	4	2	3
DN_NC_073244.2_27051998_4	DN_NC_073244.2_27504818_5	0.500000	0.400000	4	5	2	2
DN_NC_073244.2_27051998_4	DN_NC_073244.2_27566430_5	0.000000	0.000000	4	5	0	0
DN_NC_073244.2_27051998_4	DN_NC_073244.2_27765726_4	0.750000	1.000000	4	4	3	4
DN_NC_073244.2_27051998_4	DN_NC_073244.2_27869273_3	0.000000	0.000000	4	3	0	0
DN_NC_073244.2_27051998_4	DN_NC_073244.2_27956158_2	0.000000	0.000000	4	2	0	0
DN_NC_073244.2_27051998_4	DN_NC_073244.2_28072858_4	0.500000	0.500000	4	4	2	2
DN_NC_073244.2_27051998_4	DN_NC_073244.2_28256975_5	0.500000	0.400000	4	5	2	2
DN_NC_073244.2_27051998_4	DN_NC_073244.2_28333451_4	0.500000	0.750000	4	4	2	3
DN_NC_073244.2_27051998_4	DN_NC_073244.2_28588105_4	0.750000	0.750000	4	4	3	3
DN_NC_073244.2_27051998_4	DN_NC_073244.2_28711447_2	0.000000	0.000000	4	2	0	0
DN_NC_073244.2_27051998_4	DN_NC_073244.2_28820229_4	0.000000	0.000000	4	4	0	0
DN_NC_073244.2_27051998_4	DN_NC_073244.2_29046961_4	0.750000	0.750000	4	4	3	3
DN_NC_073244.2_27051998_4	DN_NC_073244.2_29232445_4	0.500000	1.000000	4	4	2	4
DN_NC_073244.2_27051998_4	DN_NC_073244.2_29297022_4	0.750000	0.750000	4	4	3	3
DN_NC_073244.2_27051998_4	DN_NC_073244.2_29557605_4	0.750000	1.000000	4	4	3	4
DN_NC_073244.2_27051998_4	DN_NC_073244.2_29680825_2	0.000000	0.000000	4	2	0	0
DN_NC_073244.2_27051998_4	DN_NC_073244.2_29970261_4	0.750000	1.000000	4	4	3	4
DN_NC_073244.2_27051998_4	DN_NC_073244.2_30067652_4	0.750000	0.750000	4	4	3	3
DN_NC_073244.2_27051998_4	DN_NC_073244.2_30090650_6	0.000000	0.000000	4	6	0	0
DN_NC_073244.2_27051998_4	DN_NC_073244.2_30438340_4	0.750000	0.500000	4	4	3	2
DN_NC_073244.2_27051998_4	DN_NC_073244.2_64125568_5	0.000000	0.000000	4	5	0	0
DN_NC_073244.2_27051998_4	DN_NC_073244.2_64500861_5	0.000000	0.000000	4	5	0	0
DN_NC_073244.2_27051998_4	DN_NC_073244.2_64759228_5	0.000000	0.000000	4	5	0	0
DN_NC_073244.2_27051998_4	DN_NC_073244.2_65266359_4	0.000000	0.000000	4	4	0	0
DN_NC_073244.2_27051998_4	DN_NC_073244.2_65293743_4	0.000000	0.000000	4	4	0	0
DN_NC_073244.2_27051998_4	DN_NC_073244.2_65398487_4	0.000000	0.000000	4	4	0	0
DN_NC_073244.2_27131194_2	DN_NC_073244.2_27285351_4	0.000000	0.000000	2	4	0	0
DN_NC_073244.2_27131194_2	DN_NC_073244.2_27408454_4	0.000000	0.000000	2	4	0	0
DN_NC_073244.2_27131194_2	DN_NC_073244.2_27504818_5	0.000000	0.000000	2	5	0	0
DN_NC_073244.2_27131194_2	DN_NC_073244.2_27626411_5	0.000000	0.000000	2	5	0	0
DN_NC_073244.2_27131194_2	DN_NC_073244.2_27765726_4	0.000000	0.000000	2	4	0	0
DN_NC_073244.2_27131194_2	DN_NC_073244.2_27869273_3	0.000000	0.000000	2	3	0	0
DN_NC_073244.2_27131194_2	DN_NC_073244.2_27956158_2	0.000000	0.000000	2	2	0	0
DN_NC_073244.2_27131194_2	DN_NC_073244.2_28072858_4	0.000000	0.000000	2	4	0	0
DN_NC_073244.2_27131194_2	DN_NC_073244.2_28256975_5	0.000000	0.000000	2	5	0	0
DN_NC_073244.2_27131194_2	DN_NC_073244.2_28333451_4	0.000000	0.000000	2	4	0	0
DN_NC_073244.2_27131194_2	DN_NC_073244.2_28711447_2	0.000000	0.000000	2	2	0	0
DN_NC_073244.2_27131194_2	DN_NC_073244.2_28820229_4	0.000000	0.000000	2	4	0	0
DN_NC_073244.2_27131194_2	DN_NC_073244.2_29046961_4	0.000000	0.000000	2	4	0	0
DN_NC_073244.2_27131194_2	DN_NC_073244.2_29232445_4	0.000000	0.250000	2	4	0	1
DN_NC_073244.2_27131194_2	DN_NC_073244.2_29297022_4	0.000000	0.000000	2	4	0	0
DN_NC_073244.2_27131194_2	DN_NC_073244.2_29557605_4	0.000000	0.000000	2	4	0	0
DN_NC_073244.2_27131194_2	DN_NC_073244.2_29680825_4	0.000000	0.000000	2	4	0	0
DN_NC_073244.2_27131194_2	DN_NC_073244.2_29970261_4	0.000000	0.000000	2	4	0	0
DN_NC_073244.2_27131194_2	DN_NC_073244.2_30067652_4	0.000000	0.000000	2	4	0	0
DN_NC_073244.2_27131194_2	DN_NC_073244.2_30090650_6	0.000000	0.000000	2	6	0	0
DN_NC_073244.2_27131194_2	DN_NC_073244.2_30438386_2	0.000000	0.000000	2	2	0	0
DN_NC_073244.2_27131194_2	DN_NC_073244.2_64034715_7	0.000000	0.000000	2	7	0	0
DN_NC_073244.2_27131194_2	DN_NC_073244.2_64500861_5	0.000000	0.000000	2	5	0	0
DN_NC_073244.2_27131194_2	DN_NC_073244.2_64724127_4	0.000000	0.000000	2	4	0	0
DN_NC_073244.2_27131194_2	DN_NC_073244.2_64797239_5	0.000000	0.000000	2	5	0	0
DN_NC_073244.2_27131194_2	DN_NC_073244.2_65293743_4	0.000000	0.000000	2	4	0	0
DN_NC_073244.2_27131194_2	DN_NC_073244.2_65398487_4	0.000000	0.000000	2	4	0	0
DN_NC_073244.2_27285351_4	DN_NC_073244.2_27408454_4	0.500000	0.750000	4	4	2	3
DN_NC_073244.2_27285351_4	DN_NC_073244.2_27504818_5	0.000000	0.000000	4	5	0	0
DN_NC_073244.2_27285351_4	DN_NC_073244.2_27626411_5	0.000000	0.000000	4	5	0	0
DN_NC_073244.2_27285351_4	DN_NC_073244.2_27765726_4	0.750000	1.000000	4	4	3	4
DN_NC_073244.2_27285351_4	DN_NC_073244.2_27869273_3	0.000000	0.000000	4	3	0	0
DN_NC_073244.2_27285351_4	DN_NC_073244.2_27956158_4	0.500000	0.750000	4	4	2	3
DN_NC_073244.2_27285351_4	DN_NC_073244.2_28072858_4	0.000000	0.000000	4	4	0	0
DN_NC_073244.2_27285351_4	DN_NC_073244.2_28256975_5	0.500000	0.400000	4	5	2	2
DN_NC_073244.2_27285351_4	DN_NC_073244.2_28333451_4	0.500000	0.750000	4	4	2	3
DN_NC_073244.2_27285351_4	DN_NC_073244.2_28588105_4	0.750000	0.750000	4	4	3	3
DN_NC_073244.2_27285351_4	DN_NC_073244.2_28711447_4	0.000000	0.000000	4	5	0	0
DN_NC_073244.2_27285351_4	DN_NC_073244.2_28820229_4	0.000000	0.000000	4	4	0	0
DN_NC_073244.2_27285351_4	DN_NC_073244.2_29046961_4	0.500000	0.500000	4	4	2	2
DN_NC_073244.2_27285351_4	DN_NC_073244.2_29232445_4	0.500000	1.000000	4	4	2	4
DN_NC_073244.2_27285351_4	DN_NC_073244.2_29297022_4	0.500000	0.500000	4	4	2	2
DN_NC_073244.2_27285351_4	DN_NC_073244.2_29557605_4	0.500000	1.000000	4	4	2	4
DN_NC_073244.2_27285351_4	DN_NC_073244.2_29680825_2	0.000000	0.000000	4	2	0	0
DN_NC_073244.2_27285351_4	DN_NC_073244.2_29970261_4	0.750000	1.000000	4	4	3	4
DN_NC_073244.2_27285351_4	DN_NC_073244.2_30067652_4	0.000000	0.000000	4	4	0	0
DN_NC_073244.2_27285351_4	DN_NC_073244.2_30090650_6	0.000000	0.000000	4	6	0	0
DN_NC_073244.2_27285351_4	DN_NC_073244.2_30438340_4	0.750000	0.500000	4	4	3	2
DN_NC_073244.2_27285351_4	DN_NC_073244.2_64400145_5	0.000000	0.000000	4	5	0	0
DN_NC_073244.2_27285351_4	DN_NC_073244.2_65266359_4	0.000000	0.000000	4	4	0	0
DN_NC_073244.2_27285351_4	DN_NC_073244.2_65398487_4	0.000000	0.000000	4	4	0	0
DN_NC_073244.2_27285351_4	DN_NC_073246.2_15789285_3	0.000000	0.000000	4	3	0	0
DN_NC_073244.2_27408454_4	DN_NC_073244.2_27504818_5	0.750000	0.600000	4	5	3	3
DN_NC_073244.2_27408454_4	DN_NC_073244.2_27566430_5	0.500000	0.600000	4	5	2	3
DN_NC_073244.2_27408454_4	DN_NC_073244.2_27765726_4	0.500000	0.750000	4	4	2	3
DN_NC_073244.2_27408454_4	DN_NC_073244.2_27869273_3	0.000000	0.000000	4	3	0	0
DN_NC_073244.2_27408454_4	DN_NC_073244.2_27956158_2	0.000000	0.500000	4	2	0	1
DN_NC_073244.2_27408454_4	DN_NC_073244.2_28072858_4	0.500000	0.500000	4	4	2	2
DN_NC_073244.2_27408454_4	DN_NC_073244.2_28256975_5	0.500000	0.400000	4	5	2	2
DN_NC_073244.2_27408454_4	DN_NC_073244.2_28333451_4	0.750000	0.750000	4	4	3	3
DN_NC_073244.2_27408454_4	DN_NC_073244.2_28588105_4	0.750000	0.500000	4	4	3	2
DN_NC_073244.2_27408454_4	DN_NC_073244.2_28711447_4	0.000000	0.000000	4	5	0	0
DN_NC_073244.2_27408454_4	DN_NC_073244.2_28820229_4	0.250000	0.500000	4	4	1	2
DN_NC_073244.2_27408454_4	DN_NC_073244.2_29046961_4	0.500000	0.500000	4	4	2	2
DN_NC_073244.2_27408454_4	DN_NC_073244.2_29232445_4	0.500000	1.000000	4	4	2	4
DN_NC_073244.2_27408454_4	DN_NC_073244.2_29297022_4	0.500000	0.500000	4	4	2	2
DN_NC_073244.2_27408454_4	DN_NC_073244.2_29557605_4	0.750000	1.000000	4	4	3	4
DN_NC_073244.2_27408454_4	DN_NC_073244.2_29680825_2	0.000000	0.500000	4	2	0	1
DN_NC_073244.2_27408454_4	DN_NC_073244.2_29970261_4	0.750000	1.000000	4	4	3	4
DN_NC_073244.2_27408454_4	DN_NC_073244.2_30067652_4	0.500000	0.500000	4	4	2	2
DN_NC_073244.2_27408454_4	DN_NC_073244.2_30090650_6	0.000000	0.000000	4	6	0	0
DN_NC_073244.2_27408454_4	DN_NC_073244.2_30438386_2	0.000000	0.000000	4	2	0	0
DN_NC_073244.2_27408454_4	DN_NC_073244.2_64125568_5	0.000000	0.000000	4	5	0	0
DN_NC_073244.2_27408454_4	DN_NC_073244.2_64231369_4	0.000000	0.000000	4	4	0	0
DN_NC_073244.2_27408454_4	DN_NC_073244.2_64265252_5	0.000000	0.000000	4	5	0	0
DN_NC_073244.2_27408454_4	DN_NC_073244.2_64340366_4	0.000000	0.000000	4	4	0	0
DN_NC_073244.2_27408454_4	DN_NC_073244.2_64400145_5	0.000000	0.000000	4	5	0	0
DN_NC_073244.2_27408454_4	DN_NC_073244.2_64585864_4	0.000000	0.000000	4	4	0	0
DN_NC_073244.2_27408454_4	DN_NC_073244.2_64672255_4	0.000000	0.000000	4	4	0	0
DN_NC_073244.2_27408454_4	DN_NC_073244.2_64759228_5	0.000000	0.000000	4	5	0	0
DN_NC_073244.2_27408454_4	DN_NC_073244.2_64860608_4	0.000000	0.000000	4	4	0	0
DN_NC_073244.2_27408454_4	DN_NC_073244.2_65003440_7	0.000000	0.000000	4	7	0	0
DN_NC_073244.2_27408454_4	DN_NC_073244.2_65046428_4	0.000000	0.000000	4	3	0	0
DN_NC_073244.2_27408454_4	DN_NC_073244.2_65073171_5	0.000000	0.000000	4	5	0	0
DN_NC_073244.2_27408454_4	DN_NC_073244.2_65293743_4	0.000000	0.000000	4	4	0	0
DN_NC_073244.2_27408454_4	DN_NC_073244.2_65398487_4	0.000000	0.000000	4	4	0	0
DN_NC_073244.2_27408454_4	DN_NC_073246.2_15789320_2	0.000000	0.000000	4	2	0	0
DN_NC_073244.2_27504818_5	DN_NC_073244.2_27566430_5	0.800000	1.000000	5	5	4	5
DN_NC_073244.2_27504818_5	DN_NC_073244.2_27765726_4	0.400000	0.750000	5	4	2	3
DN_NC_073244.2_27504818_5	DN_NC_073244.2_27869273_3	0.200000	0.666667	5	3	1	2
DN_NC_073244.2_27504818_5	DN_NC_073244.2_27956158_2	0.000000	0.000000	5	2	0	0
DN_NC_073244.2_27504818_5	DN_NC_073244.2_28072858_4	0.000000	0.000000	5	4	0	0
DN_NC_073244.2_27504818_5	DN_NC_073244.2_28256975_5	0.800000	0.800000	5	5	4	4
DN_NC_073244.2_27504818_5	DN_NC_073244.2_28333451_4	0.400000	0.750000	5	4	2	3
DN_NC_073244.2_27504818_5	DN_NC_073244.2_28588105_4	0.400000	0.500000	5	4	2	2
DN_NC_073244.2_27504818_5	DN_NC_073244.2_28711447_4	0.000000	0.000000	5	5	0	0
DN_NC_073244.2_27504818_5	DN_NC_073244.2_28820229_4	0.000000	0.000000	5	4	0	0
DN_NC_073244.2_27504818_5	DN_NC_073244.2_29046961_4	0.400000	0.500000	5	4	2	2
DN_NC_073244.2_27504818_5	DN_NC_073244.2_29232445_4	0.600000	0.750000	5	4	3	3
DN_NC_073244.2_27504818_5	DN_NC_073244.2_29297022_4	0.400000	0.500000	5	4	2	2
DN_NC_073244.2_27504818_5	DN_NC_073244.2_29557605_4	0.400000	0.750000	5	4	2	3
DN_NC_073244.2_27504818_5	DN_NC_073244.2_29680825_4	0.000000	0.000000	5	4	0	0
DN_NC_073244.2_27504818_5	DN_NC_073244.2_29970261_4	0.400000	0.750000	5	4	2	3
DN_NC_073244.2_27504818_5	DN_NC_073244.2_30067652_4	0.400000	0.500000	5	4	2	2
DN_NC_073244.2_27504818_5	DN_NC_073244.2_30438340_4	0.400000	0.500000	5	4	2	2
DN_NC_073244.2_27504818_5	DN_NC_073244.2_64034715_7	0.000000	0.000000	5	7	0	0
DN_NC_073244.2_27504818_5	DN_NC_073244.2_64672255_4	0.000000	0.000000	5	4	0	0
DN_NC_073244.2_27504818_5	DN_NC_073244.2_65073171_5	0.000000	0.000000	5	5	0	0
DN_NC_073244.2_27504818_5	DN_NC_073244.2_65266359_4	0.000000	0.000000	5	4	0	0
DN_NC_073244.2_27504818_5	DN_NC_073244.2_65293743_4	0.000000	0.000000	5	4	0	0
DN_NC_073244.2_27504818_5	DN_NC_073246.2_15789320_2	0.000000	0.000000	5	2	0	0
DN_NC_073244.2_27566430_5	DN_NC_073244.2_27765726_4	0.600000	0.750000	5	4	3	3
DN_NC_073244.2_27566430_5	DN_NC_073244.2_27869273_3	0.000000	0.000000	5	3	0	0
DN_NC_073244.2_27566430_5	DN_NC_073244.2_27956158_2	0.000000	0.000000	5	2	0	0
DN_NC_073244.2_27566430_5	DN_NC_073244.2_28072858_4	0.000000	0.000000	5	4	0	0
DN_NC_073244.2_27566430_5	DN_NC_073244.2_28333451_4	0.600000	0.750000	5	4	3	3
DN_NC_073244.2_27566430_5	DN_NC_073244.2_28588105_4	0.600000	0.500000	5	4	3	2
DN_NC_073244.2_27566430_5	DN_NC_073244.2_28820229_4	0.000000	0.000000	5	4	0	0
DN_NC_073244.2_27566430_5	DN_NC_073244.2_29557605_4	0.600000	0.750000	5	4	3	3
DN_NC_073244.2_27566430_5	DN_NC_073244.2_29680825_2	0.200000	0.500000	5	2	1	1
DN_NC_073244.2_27566430_5	DN_NC_073244.2_29970261_4	0.600000	0.750000	5	4	3	3
DN_NC_073244.2_27566430_5	DN_NC_073244.2_30090650_6	0.000000	0.000000	5	6	0	0
DN_NC_073244.2_27566430_5	DN_NC_073244.2_64125568_5	0.000000	0.000000	5	5	0	0
DN_NC_073244.2_27566430_5	DN_NC_073244.2_64400145_5	0.000000	0.000000	5	5	0	0
DN_NC_073244.2_27566430_5	DN_NC_073244.2_64543447_4	0.000000	0.000000	5	4	0	0
DN_NC_073244.2_27566430_5	DN_NC_073244.2_64585864_4	0.000000	0.000000	5	4	0	0
DN_NC_073244.2_27566430_5	DN_NC_073244.2_64618758_7	0.000000	0.000000	5	7	0	0
DN_NC_073244.2_27566430_5	DN_NC_073244.2_64724127_4	0.000000	0.000000	5	4	0	0
DN_NC_073244.2_27566430_5	DN_NC_073244.2_64836827_4	0.000000	0.000000	5	4	0	0
DN_NC_073244.2_27566430_5	DN_NC_073244.2_64860608_4	0.000000	0.000000	5	4	0	0
DN_NC_073244.2_27566430_5	DN_NC_073244.2_64908457_4	0.000000	0.000000	5	4	0	0
DN_NC_073244.2_27566430_5	DN_NC_073244.2_65003440_7	0.000000	0.000000	5	7	0	0
DN_NC_073244.2_27566430_5	DN_NC_073244.2_65266359_4	0.000000	0.000000	5	4	0	0
DN_NC_073244.2_27566430_5	DN_NC_073244.2_65293743_4	0.000000	0.000000	5	4	0	0
DN_NC_073244.2_27566430_5	DN_NC_073244.2_65362909_5	0.000000	0.000000	5	5	0	0
DN_NC_073244.2_27566430_5	DN_NC_073244.2_65398487_4	0.000000	0.000000	5	4	0	0
DN_NC_073244.2_27566430_5	DN_NC_073246.2_15789285_3	0.000000	0.000000	5	3	0	0
DN_NC_073244.2_27626411_5	DN_NC_073244.2_28256975_5	0.800000	0.800000	5	5	4	4
DN_NC_073244.2_27626411_5	DN_NC_073244.2_28711447_4	0.000000	0.000000	5	5	0	0
DN_NC_073244.2_27626411_5	DN_NC_073244.2_29046961_4	0.400000	0.500000	5	4	2	2
DN_NC_073244.2_27626411_5	DN_NC_073244.2_29232445_4	0.600000	0.750000	5	4	3	3
DN_NC_073244.2_27626411_5	DN_NC_073244.2_29297022_4	0.400000	0.500000	5	4	2	2
DN_NC_073244.2_27626411_5	DN_NC_073244.2_30067652_4	0.400000	0.500000	5	4	2	2
DN_NC_073244.2_27626411_5	DN_NC_073244.2_30438340_4	0.400000	0.500000	5	4	2	2
DN_NC_073244.2_27626411_5	DN_NC_073244.2_64340366_4	0.000000	0.000000	5	4	0	0
DN_NC_073244.2_27626411_5	DN_NC_073244.2_64759228_5	0.000000	0.000000	5	5	0	0
DN_NC_073244.2_27626411_5	DN_NC_073244.2_64797239_5	0.000000	0.000000	5	5	0	0
DN_NC_073244.2_27765726_4	DN_NC_073244.2_27869273_3	0.250000	0.333333	4	3	1	1
DN_NC_073244.2_27765726_4	DN_NC_073244.2_27956158_2	0.250000	0.500000	4	2	1	1
DN_NC_073244.2_27765726_4	DN_NC_073244.2_28072858_4	0.750000	0.500000	4	4	3	2
DN_NC_073244.2_27765726_4	DN_NC_073244.2_28256975_5	0.750000	0.400000	4	5	3	2
DN_NC_073244.2_27765726_4	DN_NC_073244.2_28333451_4	0.750000	0.750000	4	4	3	3
DN_NC_073244.2_27765726_4	DN_NC_073244.2_28588105_4	1.000000	0.750000	4	4	4	3
DN_NC_073244.2_27765726_4	DN_NC_073244.2_28711447_2	0.250000	0.500000	4	2	1	1
DN_NC_073244.2_27765726_4	DN_NC_073244.2_28820229_4	0.750000	0.750000	4	4	3	3
DN_NC_073244.2_27765726_4	DN_NC_073244.2_29046961_4	0.750000	0.750000	4	4	3	3
DN_NC_073244.2_27765726_4	DN_NC_073244.2_29232445_4	0.750000	1.000000	4	4	3	4
DN_NC_073244.2_27765726_4	DN_NC_073244.2_29297022_4	0.750000	0.750000	4	4	3	3
DN_NC_073244.2_27765726_4	DN_NC_073244.2_29557605_4	1.000000	1.000000	4	4	4	4
DN_NC_073244.2_27765726_4	DN_NC_073244.2_29680825_2	0.250000	0.500000	4	2	1	1
DN_NC_073244.2_27765726_4	DN_NC_073244.2_29970261_4	1.000000	1.000000	4	4	4	4
DN_NC_073244.2_27765726_4	DN_NC_073244.2_30067652_4	1.000000	0.750000	4	4	4	3
DN_NC_073244.2_27765726_4	DN_NC_073244.2_30090650_6	0.000000	0.000000	4	6	0	0
DN_NC_073244.2_27765726_4	DN_NC_073244.2_30438340_4	1.000000	0.750000	4	4	4	3
DN_NC_073244.2_27765726_4	DN_NC_073244.2_64368633_7	0.000000	0.000000	4	7	0	0
DN_NC_073244.2_27765726_4	DN_NC_073244.2_65003440_7	0.000000	0.000000	4	7	0	0
DN_NC_073244.2_27765726_4	DN_NC_073244.2_65266359_4	0.000000	0.000000	4	4	0	0
DN_NC_073244.2_27765726_4	DN_NC_073244.2_65293743_4	0.000000	0.000000	4	4	0	0
DN_NC_073244.2_27765726_4	DN_NC_073246.2_15789285_3	0.000000	0.000000	4	3	0	0
DN_NC_073244.2_27869273_3	DN_NC_073244.2_27956158_4	0.000000	0.000000	3	4	0	0
DN_NC_073244.2_27869273_3	DN_NC_073244.2_28072858_4	0.000000	0.000000	3	4	0	0
DN_NC_073244.2_27869273_3	DN_NC_073244.2_28256975_5	0.000000	0.000000	3	5	0	0
DN_NC_073244.2_27869273_3	DN_NC_073244.2_28333451_4	0.000000	0.000000	3	4	0	0
DN_NC_073244.2_27869273_3	DN_NC_073244.2_28588105_4	0.000000	0.000000	3	4	0	0
DN_NC_073244.2_27869273_3	DN_NC_073244.2_28711447_4	0.000000	0.000000	3	5	0	0
DN_NC_073244.2_27869273_3	DN_NC_073244.2_28820229_4	0.000000	0.000000	3	4	0	0
DN_NC_073244.2_27869273_3	DN_NC_073244.2_29046961_4	0.000000	0.000000	3	4	0	0
DN_NC_073244.2_27869273_3	DN_NC_073244.2_29232445_4	0.666667	0.500000	3	4	2	2
DN_NC_073244.2_27869273_3	DN_NC_073244.2_29297022_4	0.000000	0.000000	3	4	0	0
DN_NC_073244.2_27869273_3	DN_NC_073244.2_29557605_4	0.333333	0.250000	3	4	1	1
DN_NC_073244.2_27869273_3	DN_NC_073244.2_29680825_4	0.000000	0.000000	3	4	0	0
DN_NC_073244.2_27869273_3	DN_NC_073244.2_29970261_4	0.000000	0.000000	3	4	0	0
DN_NC_073244.2_27869273_3	DN_NC_073244.2_30067652_4	0.000000	0.000000	3	4	0	0
DN_NC_073244.2_27869273_3	DN_NC_073244.2_30090650_6	0.000000	0.000000	3	6	0	0
DN_NC_073244.2_27869273_3	DN_NC_073244.2_30438340_4	0.000000	0.000000	3	4	0	0
DN_NC_073244.2_27869273_3	DN_NC_073244.2_64081943_4	0.000000	0.000000	3	4	0	0
DN_NC_073244.2_27869273_3	DN_NC_073244.2_64306022_6	0.000000	0.000000	3	6	0	0
DN_NC_073244.2_27869273_3	DN_NC_073244.2_64426370_6	0.000000	0.000000	3	6	0	0
DN_NC_073244.2_27869273_3	DN_NC_073244.2_64500861_5	0.000000	0.000000	3	5	0	0
DN_NC_073244.2_27869273_3	DN_NC_073244.2_64618758_7	0.000000	0.000000	3	7	0	0
DN_NC_073244.2_27869273_3	DN_NC_073244.2_64672255_4	0.000000	0.000000	3	4	0	0
DN_NC_073244.2_27869273_3	DN_NC_073244.2_64724127_4	0.000000	0.000000	3	4	0	0
DN_NC_073244.2_27869273_3	DN_NC_073244.2_64797239_5	0.000000	0.000000	3	5	0	0
DN_NC_073244.2_27869273_3	DN_NC_073244.2_64860608_4	0.000000	0.000000	3	4	0	0
DN_NC_073244.2_27869273_3	DN_NC_073244.2_65046428_4	0.000000	0.000000	3	3	0	0
DN_NC_073244.2_27869273_3	DN_NC_073244.2_65073171_5	0.000000	0.000000	3	5	0	0
DN_NC_073244.2_27869273_3	DN_NC_073244.2_65266359_4	0.000000	0.000000	3	4	0	0
DN_NC_073244.2_27869273_3	DN_NC_073244.2_65293743_4	0.000000	0.000000	3	4	0	0
DN_NC_073244.2_27869273_3	DN_NC_073244.2_65326089_4	0.000000	0.000000	3	4	0	0
DN_NC_073244.2_27869273_3	DN_NC_073244.2_65362909_5	0.000000	0.000000	3	5	0	0
DN_NC_073244.2_27869273_3	DN_NC_073244.2_65398487_4	0.000000	0.000000	3	4	0	0
DN_NC_073244.2_27869273_3	DN_NC_073246.2_15789285_3	0.000000	0.000000	3	3	0	0
DN_NC_073244.2_27956158_2	DN_NC_073244.2_28072858_4	0.000000	0.000000	2	4	0	0
DN_NC_073244.2_27956158_2	DN_NC_073244.2_28256975_5	0.000000	0.000000	2	5	0	0
DN_NC_073244.2_27956158_2	DN_NC_073244.2_28333451_4	0.500000	0.250000	2	4	1	1
DN_NC_073244.2_27956158_2	DN_NC_073244.2_29046961_4	0.500000	0.000000	2	4	1	0
DN_NC_073244.2_27956158_2	DN_NC_073244.2_29232445_4	0.000000	0.000000	2	4	0	0
DN_NC_073244.2_27956158_2	DN_NC_073244.2_29297022_4	0.500000	0.000000	2	4	1	0
DN_NC_073244.2_27956158_2	DN_NC_073244.2_29557605_4	0.500000	0.000000	2	4	1	0
DN_NC_073244.2_27956158_2	DN_NC_073244.2_29970261_4	0.500000	0.000000	2	4	1	0
DN_NC_073244.2_27956158_2	DN_NC_073244.2_30067652_4	0.500000	0.000000	2	4	1	0
DN_NC_073244.2_27956158_2	DN_NC_073244.2_30090650_6	0.000000	0.000000	2	6	0	0
DN_NC_073244.2_27956158_2	DN_NC_073244.2_30438386_2	0.000000	0.000000	2	2	0	0
DN_NC_073244.2_27956158_2	DN_NC_073244.2_64034715_7	0.000000	0.000000	2	7	0	0
DN_NC_073244.2_27956158_2	DN_NC_073244.2_64081943_4	0.000000	0.000000	2	4	0	0
DN_NC_073244.2_27956158_2	DN_NC_073244.2_64231369_4	0.000000	0.000000	2	4	0	0
DN_NC_073244.2_27956158_2	DN_NC_073244.2_64340366_4	0.000000	0.000000	2	4	0	0
DN_NC_073244.2_27956158_2	DN_NC_073244.2_64368633_7	0.000000	0.000000	2	7	0	0
DN_NC_073244.2_27956158_2	DN_NC_073244.2_64500861_5	0.000000	0.000000	2	5	0	0
DN_NC_073244.2_27956158_2	DN_NC_073244.2_64724127_4	0.000000	0.000000	2	4	0	0
DN_NC_073244.2_27956158_2	DN_NC_073244.2_65046428_4	0.000000	0.000000	2	3	0	0
DN_NC_073244.2_27956158_2	DN_NC_073244.2_65266359_4	0.000000	0.000000	2	4	0	0
DN_NC_073244.2_27956158_2	DN_NC_073244.2_65326089_4	0.000000	0.000000	2	4	0	0
DN_NC_073244.2_27956158_2	DN_NC_073246.2_15789285_3	0.000000	0.000000	2	3	0	0
DN_NC_073244.2_27956158_4	DN_NC_073244.2_28588105_4	1.000000	0.500000	4	4	4	2
DN_NC_073244.2_27956158_4	DN_NC_073244.2_28711447_2	0.000000	0.000000	4	2	0	0
DN_NC_073244.2_27956158_4	DN_NC_073244.2_28820229_4	0.250000	0.000000	4	4	1	0
DN_NC_073244.2_27956158_4	DN_NC_073244.2_29680825_4	0.750000	0.750000	4	4	3	3
DN_NC_073244.2_27956158_4	DN_NC_073244.2_64125568_5	0.000000	0.000000	4	5	0	0
DN_NC_073244.2_27956158_4	DN_NC_073244.2_64400145_5	0.000000	0.000000	4	5	0	0
DN_NC_073244.2_27956158_4	DN_NC_073244.2_64585864_4	0.000000	0.000000	4	4	0	0
DN_NC_073244.2_27956158_4	DN_NC_073244.2_65073171_5	0.000000	0.000000	4	5	0	0
DN_NC_073244.2_27956158_4	DN_NC_073244.2_65293743_4	0.000000	0.000000	4	4	0	0
DN_NC_073244.2_27956158_4	DN_NC_086017.1_41849524_2	0.000000	0.000000	4	2	0	0
DN_NC_073244.2_28072858_4	DN_NC_073244.2_28256975_5	0.000000	0.000000	4	5	0	0
DN_NC_073244.2_28072858_4	DN_NC_073244.2_28333451_4	0.500000	0.500000	4	4	2	2
DN_NC_073244.2_28072858_4	DN_NC_073244.2_28588105_4	0.500000	0.500000	4	4	2	2
DN_NC_073244.2_28072858_4	DN_NC_073244.2_28711447_4	0.000000	0.000000	4	5	0	0
DN_NC_073244.2_28072858_4	DN_NC_073244.2_28820229_4	0.000000	0.000000	4	4	0	0
DN_NC_073244.2_28072858_4	DN_NC_073244.2_29046961_4	0.500000	0.500000	4	4	2	2
DN_NC_073244.2_28072858_4	DN_NC_073244.2_29232445_4	0.500000	1.000000	4	4	2	4
DN_NC_073244.2_28072858_4	DN_NC_073244.2_29297022_4	0.000000	0.000000	4	4	0	0
DN_NC_073244.2_28072858_4	DN_NC_073244.2_29557605_4	0.500000	0.750000	4	4	2	3
DN_NC_073244.2_28072858_4	DN_NC_073244.2_29680825_2	0.000000	0.000000	4	2	0	0
DN_NC_073244.2_28072858_4	DN_NC_073244.2_29970261_4	0.500000	0.750000	4	4	2	3
DN_NC_073244.2_28072858_4	DN_NC_073244.2_30067652_4	0.500000	0.500000	4	4	2	2
DN_NC_073244.2_28072858_4	DN_NC_073244.2_30090650_6	0.000000	0.000000	4	6	0	0
DN_NC_073244.2_28072858_4	DN_NC_073244.2_30438386_2	0.000000	0.000000	4	2	0	0
DN_NC_073244.2_28072858_4	DN_NC_073244.2_64340366_4	0.000000	0.000000	4	4	0	0
DN_NC_073244.2_28072858_4	DN_NC_073244.2_64368633_7	0.000000	0.000000	4	7	0	0
DN_NC_073244.2_28072858_4	DN_NC_073244.2_64585864_4	0.000000	0.000000	4	4	0	0
DN_NC_073244.2_28072858_4	DN_NC_073244.2_64836827_4	0.000000	0.000000	4	4	0	0
DN_NC_073244.2_28072858_4	DN_NC_073244.2_65046428_4	0.000000	0.000000	4	3	0	0
DN_NC_073244.2_28072858_4	DN_NC_073244.2_65293743_4	0.000000	0.000000	4	4	0	0
DN_NC_073244.2_28072858_4	DN_NC_073244.2_65398487_4	0.000000	0.000000	4	4	0	0
DN_NC_073244.2_28072858_4	DN_NC_073246.2_15789320_2	0.000000	0.000000	4	2	0	0
DN_NC_073244.2_28256975_5	DN_NC_073244.2_28333451_4	0.000000	0.000000	5	4	0	0
DN_NC_073244.2_28256975_5	DN_NC_073244.2_28588105_4	0.400000	0.500000	5	4	2	2
DN_NC_073244.2_28256975_5	DN_NC_073244.2_28711447_4	0.000000	0.000000	5	5	0	0
DN_NC_073244.2_28256975_5	DN_NC_073244.2_28820229_4	0.000000	0.000000	5	4	0	0
DN_NC_073244.2_28256975_5	DN_NC_073244.2_29046961_4	0.600000	0.750000	5	4	3	3
DN_NC_073244.2_28256975_5	DN_NC_073244.2_29232445_4	0.400000	0.750000	5	4	2	3
DN_NC_073244.2_28256975_5	DN_NC_073244.2_29297022_4	0.400000	0.500000	5	4	2	2
DN_NC_073244.2_28256975_5	DN_NC_073244.2_29557605_4	0.400000	0.750000	5	4	2	3
DN_NC_073244.2_28256975_5	DN_NC_073244.2_29680825_2	0.000000	0.000000	5	2	0	0
DN_NC_073244.2_28256975_5	DN_NC_073244.2_29970261_4	0.400000	0.750000	5	4	2	3
DN_NC_073244.2_28256975_5	DN_NC_073244.2_30067652_4	0.000000	0.000000	5	4	0	0
DN_NC_073244.2_28256975_5	DN_NC_073244.2_30090650_6	0.000000	0.000000	5	6	0	0
DN_NC_073244.2_28256975_5	DN_NC_073244.2_30438386_2	0.000000	0.000000	5	2	0	0
DN_NC_073244.2_28256975_5	DN_NC_073244.2_64585864_4	0.000000	0.000000	5	4	0	0
DN_NC_073244.2_28256975_5	DN_NC_073244.2_64759228_5	0.000000	0.000000	5	5	0	0
DN_NC_073244.2_28256975_5	DN_NC_073244.2_64797239_5	0.000000	0.000000	5	5	0	0
DN_NC_073244.2_28256975_5	DN_NC_073244.2_65326089_4	0.000000	0.000000	5	4	0	0
DN_NC_073244.2_28256975_5	DN_NC_073244.2_65398487_4	0.000000	0.000000	5	4	0	0
DN_NC_073244.2_28256975_5	DN_NC_073246.2_15789320_2	0.000000	0.000000	5	2	0	0
DN_NC_073244.2_28333451_4	DN_NC_073244.2_28711447_4	0.250000	0.200000	4	5	1	1
DN_NC_073244.2_28333451_4	DN_NC_073244.2_28820229_4	0.000000	0.250000	4	4	0	1
DN_NC_073244.2_28333451_4	DN_NC_073244.2_29046961_4	0.750000	0.500000	4	4	3	2
DN_NC_073244.2_28333451_4	DN_NC_073244.2_29232445_4	0.750000	0.750000	4	4	3	3
DN_NC_073244.2_28333451_4	DN_NC_073244.2_29297022_4	0.750000	0.750000	4	4	3	3
DN_NC_073244.2_28333451_4	DN_NC_073244.2_29557605_4	0.750000	0.750000	4	4	3	3
DN_NC_073244.2_28333451_4	DN_NC_073244.2_29680825_2	0.250000	0.500000	4	2	1	1
DN_NC_073244.2_28333451_4	DN_NC_073244.2_29970261_4	0.750000	0.750000	4	4	3	3
DN_NC_073244.2_28333451_4	DN_NC_073244.2_30067652_4	0.750000	0.500000	4	4	3	2
DN_NC_073244.2_28333451_4	DN_NC_073244.2_30090650_6	0.000000	0.000000	4	6	0	0
DN_NC_073244.2_28333451_4	DN_NC_073244.2_30438386_2	0.000000	0.000000	4	2	0	0
DN_NC_073244.2_28333451_4	DN_NC_073244.2_64340366_4	0.000000	0.000000	4	4	0	0
DN_NC_073244.2_28333451_4	DN_NC_073244.2_64400145_5	0.000000	0.000000	4	5	0	0
DN_NC_073244.2_28333451_4	DN_NC_073244.2_64585864_4	0.000000	0.000000	4	4	0	0
DN_NC_073244.2_28333451_4	DN_NC_073244.2_64672255_4	0.000000	0.000000	4	4	0	0
DN_NC_073244.2_28333451_4	DN_NC_073244.2_64724127_4	0.000000	0.000000	4	4	0	0
DN_NC_073244.2_28333451_4	DN_NC_073244.2_64836827_4	0.000000	0.000000	4	4	0	0
DN_NC_073244.2_28333451_4	DN_NC_073244.2_65293743_4	0.000000	0.000000	4	4	0	0
DN_NC_073244.2_28333451_4	DN_NC_073244.2_65398487_4	0.000000	0.000000	4	4	0	0
DN_NC_073244.2_28333451_4	DN_NC_073246.2_15789320_2	0.000000	0.000000	4	2	0	0
DN_NC_073244.2_28588105_4	DN_NC_073244.2_28711447_4	0.000000	0.000000	4	5	0	0
DN_NC_073244.2_28588105_4	DN_NC_073244.2_28820229_4	0.500000	0.750000	4	4	2	3
DN_NC_073244.2_28588105_4	DN_NC_073244.2_29046961_4	0.500000	0.750000	4	4	2	3
DN_NC_073244.2_28588105_4	DN_NC_073244.2_29232445_4	0.500000	1.000000	4	4	2	4
DN_NC_073244.2_28588105_4	DN_NC_073244.2_29297022_4	0.250000	0.250000	4	4	1	1
DN_NC_073244.2_28588105_4	DN_NC_073244.2_29557605_4	0.750000	1.000000	4	4	3	4
DN_NC_073244.2_28588105_4	DN_NC_073244.2_29680825_4	0.750000	0.750000	4	4	3	3
DN_NC_073244.2_28588105_4	DN_NC_073244.2_29970261_4	0.750000	1.000000	4	4	3	4
DN_NC_073244.2_28588105_4	DN_NC_073244.2_30067652_4	0.750000	0.750000	4	4	3	3
DN_NC_073244.2_28588105_4	DN_NC_073244.2_30438340_4	0.750000	0.750000	4	4	3	3
DN_NC_073244.2_28711447_2	DN_NC_073244.2_28820229_4	0.000000	0.000000	2	4	0	0
DN_NC_073244.2_28711447_2	DN_NC_073244.2_29046961_4	0.000000	0.000000	2	4	0	0
DN_NC_073244.2_28711447_2	DN_NC_073244.2_29557605_4	0.000000	0.000000	2	4	0	0
DN_NC_073244.2_28711447_2	DN_NC_073244.2_29970261_4	0.000000	0.000000	2	4	0	0
DN_NC_073244.2_28711447_2	DN_NC_073244.2_30067652_4	0.000000	0.000000	2	4	0	0
DN_NC_073244.2_28711447_2	DN_NC_073244.2_30090650_6	0.000000	0.000000	2	6	0	0
DN_NC_073244.2_28711447_2	DN_NC_073244.2_64081943_4	0.000000	0.000000	2	4	0	0
DN_NC_073244.2_28711447_2	DN_NC_073244.2_64500861_5	0.000000	0.000000	2	5	0	0
DN_NC_073244.2_28711447_2	DN_NC_073244.2_64672255_4	0.000000	0.000000	2	4	0	0
DN_NC_073244.2_28711447_2	DN_NC_073244.2_64724127_4	0.000000	0.000000	2	4	0	0
DN_NC_073244.2_28711447_2	DN_NC_073244.2_64759228_5	0.000000	0.000000	2	5	0	0
DN_NC_073244.2_28711447_2	DN_NC_073244.2_64797239_5	0.000000	0.000000	2	5	0	0
DN_NC_073244.2_28711447_2	DN_NC_073244.2_64860608_4	0.000000	0.000000	2	4	0	0
DN_NC_073244.2_28711447_2	DN_NC_073244.2_65293743_4	0.000000	0.000000	2	4	0	0
DN_NC_073244.2_28711447_2	DN_NC_073244.2_65326089_4	0.000000	0.000000	2	4	0	0
DN_NC_073244.2_28711447_4	DN_NC_073244.2_29232445_4	0.000000	0.250000	5	4	0	1
DN_NC_073244.2_28711447_4	DN_NC_073244.2_29297022_4	1.000000	1.000000	5	4	5	4
DN_NC_073244.2_28711447_4	DN_NC_073244.2_29680825_2	0.000000	0.000000	5	2	0	0
DN_NC_073244.2_28711447_4	DN_NC_073244.2_30438340_4	0.000000	0.000000	5	4	0	0
DN_NC_073244.2_28711447_4	DN_NC_073244.2_64034715_7	0.000000	0.000000	5	7	0	0
DN_NC_073244.2_28711447_4	DN_NC_073244.2_64125568_5	0.000000	0.000000	5	5	0	0
DN_NC_073244.2_28711447_4	DN_NC_073244.2_64340366_4	0.000000	0.000000	5	4	0	0
DN_NC_073244.2_28711447_4	DN_NC_073244.2_64400145_5	0.000000	0.000000	5	5	0	0
DN_NC_073244.2_28711447_4	DN_NC_073244.2_64585864_4	0.000000	0.000000	5	4	0	0
DN_NC_073244.2_28711447_4	DN_NC_073244.2_64836827_4	0.000000	0.000000	5	4	0	0
DN_NC_073244.2_28711447_4	DN_NC_073244.2_64908457_4	0.000000	0.000000	5	4	0	0
DN_NC_073244.2_28711447_4	DN_NC_073244.2_65003440_7	0.000000	0.000000	5	7	0	0
DN_NC_073244.2_28711447_4	DN_NC_073244.2_65046428_2	0.000000	0.000000	5	4	0	0
DN_NC_073244.2_28711447_4	DN_NC_073244.2_65266359_4	0.000000	0.000000	5	4	0	0
DN_NC_073244.2_28711447_4	DN_NC_073244.2_65362909_5	0.000000	0.000000	5	5	0	0
DN_NC_073244.2_28711447_4	DN_NC_073244.2_65398487_4	0.000000	0.000000	5	4	0	0
DN_NC_073244.2_28711447_4	DN_NC_073246.2_15789285_3	0.000000	0.000000	5	3	0	0
DN_NC_073244.2_28820229_4	DN_NC_073244.2_29046961_4	0.750000	0.500000	4	4	3	2
DN_NC_073244.2_28820229_4	DN_NC_073244.2_29232445_4	0.250000	0.500000	4	4	1	2
DN_NC_073244.2_28820229_4	DN_NC_073244.2_29297022_4	0.000000	0.000000	4	4	0	0
DN_NC_073244.2_28820229_4	DN_NC_073244.2_29557605_4	0.000000	0.000000	4	4	0	0
DN_NC_073244.2_28820229_4	DN_NC_073244.2_29680825_2	0.250000	0.500000	4	2	1	1
DN_NC_073244.2_28820229_4	DN_NC_073244.2_29970261_4	0.000000	0.000000	4	4	0	0
DN_NC_073244.2_28820229_4	DN_NC_073244.2_30067652_4	0.250000	0.000000	4	4	1	0
DN_NC_073244.2_28820229_4	DN_NC_073244.2_30090650_6	0.000000	0.000000	4	6	0	0
DN_NC_073244.2_28820229_4	DN_NC_073244.2_64125568_5	0.000000	0.000000	4	5	0	0
DN_NC_073244.2_28820229_4	DN_NC_073244.2_64340366_4	0.000000	0.000000	4	4	0	0
DN_NC_073244.2_28820229_4	DN_NC_073244.2_64500861_5	0.000000	0.000000	4	5	0	0
DN_NC_073244.2_28820229_4	DN_NC_073244.2_64618758_7	0.000000	0.000000	4	7	0	0
DN_NC_073244.2_28820229_4	DN_NC_073244.2_64724127_4	0.000000	0.000000	4	4	0	0
DN_NC_073244.2_28820229_4	DN_NC_073244.2_64759228_5	0.000000	0.000000	4	5	0	0
DN_NC_073244.2_28820229_4	DN_NC_073244.2_64797239_5	0.000000	0.000000	4	5	0	0
DN_NC_073244.2_28820229_4	DN_NC_073244.2_64836827_4	0.000000	0.000000	4	4	0	0
DN_NC_073244.2_28820229_4	DN_NC_073244.2_64860608_4	0.000000	0.000000	4	4	0	0
DN_NC_073244.2_28820229_4	DN_NC_073244.2_65266359_4	0.000000	0.000000	4	4	0	0
DN_NC_073244.2_28820229_4	DN_NC_073244.2_65398487_4	0.000000	0.000000	4	4	0	0
DN_NC_073244.2_28820229_4	DN_NC_073246.2_15789320_2	0.000000	0.000000	4	2	0	0
DN_NC_073244.2_29046961_4	DN_NC_073244.2_29232445_4	0.500000	1.000000	4	4	2	4
DN_NC_073244.2_29046961_4	DN_NC_073244.2_29297022_4	0.750000	0.750000	4	4	3	3
DN_NC_073244.2_29046961_4	DN_NC_073244.2_29557605_4	0.750000	1.000000	4	4	3	4
DN_NC_073244.2_29046961_4	DN_NC_073244.2_29680825_2	0.000000	0.500000	4	2	0	1
DN_NC_073244.2_29046961_4	DN_NC_073244.2_29970261_4	0.750000	1.000000	4	4	3	4
DN_NC_073244.2_29046961_4	DN_NC_073244.2_30067652_4	1.000000	0.750000	4	4	4	3
DN_NC_073244.2_29046961_4	DN_NC_073244.2_30090650_6	0.000000	0.000000	4	6	0	0
DN_NC_073244.2_29046961_4	DN_NC_073244.2_30438386_2	0.250000	0.500000	4	2	1	1
DN_NC_073244.2_29046961_4	DN_NC_073244.2_64125568_5	0.000000	0.000000	4	5	0	0
DN_NC_073244.2_29046961_4	DN_NC_073244.2_64340366_4	0.000000	0.000000	4	4	0	0
DN_NC_073244.2_29046961_4	DN_NC_073244.2_64500861_5	0.000000	0.000000	4	5	0	0
DN_NC_073244.2_29046961_4	DN_NC_073244.2_64585864_4	0.000000	0.000000	4	4	0	0
DN_NC_073244.2_29046961_4	DN_NC_073244.2_64672255_4	0.000000	0.000000	4	4	0	0
DN_NC_073244.2_29046961_4	DN_NC_073244.2_64724127_4	0.000000	0.000000	4	4	0	0
DN_NC_073244.2_29046961_4	DN_NC_073244.2_64759228_5	0.000000	0.000000	4	5	0	0
DN_NC_073244.2_29046961_4	DN_NC_073244.2_64797239_5	0.000000	0.000000	4	5	0	0
DN_NC_073244.2_29046961_4	DN_NC_073244.2_64836827_4	0.000000	0.000000	4	4	0	0
DN_NC_073244.2_29046961_4	DN_NC_073244.2_65003440_7	0.000000	0.000000	4	7	0	0
DN_NC_073244.2_29046961_4	DN_NC_073244.2_65046428_2	0.000000	0.000000	4	4	0	0
DN_NC_073244.2_29046961_4	DN_NC_073244.2_65266359_4	0.000000	0.000000	4	4	0	0
DN_NC_073244.2_29046961_4	DN_NC_073244.2_65293743_4	0.000000	0.000000	4	4	0	0
DN_NC_073244.2_29046961_4	DN_NC_073244.2_65398487_4	0.000000	0.000000	4	4	0	0
DN_NC_073244.2_29046961_4	DN_NC_073246.2_15789285_3	0.000000	0.000000	4	3	0	0
DN_NC_073244.2_29232445_4	DN_NC_073244.2_29297022_4	1.000000	0.500000	4	4	4	2
DN_NC_073244.2_29232445_4	DN_NC_073244.2_29557605_4	0.500000	0.500000	4	4	2	2
DN_NC_073244.2_29232445_4	DN_NC_073244.2_29680825_4	1.000000	0.500000	4	4	4	2
DN_NC_073244.2_29232445_4	DN_NC_073244.2_29970261_4	1.000000	0.750000	4	4	4	3
DN_NC_073244.2_29232445_4	DN_NC_073244.2_30067652_4	0.750000	0.500000	4	4	3	2
DN_NC_073244.2_29232445_4	DN_NC_073244.2_30090650_6	0.000000	0.000000	4	6	0	0
DN_NC_073244.2_29232445_4	DN_NC_073244.2_30438340_4	1.000000	0.500000	4	4	4	2
DN_NC_073244.2_29232445_4	DN_NC_073244.2_64125568_5	0.000000	0.000000	4	5	0	0
DN_NC_073244.2_29232445_4	DN_NC_073244.2_64231369_4	0.000000	0.000000	4	4	0	0
DN_NC_073244.2_29232445_4	DN_NC_073244.2_64368633_7	0.000000	0.000000	4	7	0	0
DN_NC_073244.2_29232445_4	DN_NC_073244.2_64400145_5	0.000000	0.000000	4	5	0	0
DN_NC_073244.2_29232445_4	DN_NC_073244.2_65046428_2	0.000000	0.000000	4	4	0	0
DN_NC_073244.2_29232445_4	DN_NC_073246.2_15789285_3	0.000000	0.000000	4	3	0	0
DN_NC_073244.2_29297022_4	DN_NC_073244.2_29557605_4	0.500000	1.000000	4	4	2	4
DN_NC_073244.2_29297022_4	DN_NC_073244.2_29680825_4	0.750000	0.750000	4	4	3	3
DN_NC_073244.2_29297022_4	DN_NC_073244.2_29970261_4	0.500000	0.750000	4	4	2	3
DN_NC_073244.2_29297022_4	DN_NC_073244.2_30067652_4	0.500000	0.500000	4	4	2	2
DN_NC_073244.2_29297022_4	DN_NC_073244.2_30090650_6	0.000000	0.000000	4	6	0	0
DN_NC_073244.2_29297022_4	DN_NC_073244.2_30438386_2	0.000000	0.000000	4	2	0	0
DN_NC_073244.2_29297022_4	DN_NC_073244.2_64034715_7	0.000000	0.000000	4	7	0	0
DN_NC_073244.2_29297022_4	DN_NC_073244.2_64125568_5	0.000000	0.000000	4	5	0	0
DN_NC_073244.2_29297022_4	DN_NC_073244.2_64400145_5	0.000000	0.000000	4	5	0	0
DN_NC_073244.2_29297022_4	DN_NC_073244.2_64585864_4	0.000000	0.000000	4	4	0	0
DN_NC_073244.2_29297022_4	DN_NC_073244.2_64618758_7	0.000000	0.000000	4	7	0	0
DN_NC_073244.2_29297022_4	DN_NC_073244.2_64672255_4	0.000000	0.000000	4	4	0	0
DN_NC_073244.2_29297022_4	DN_NC_073244.2_64724127_4	0.000000	0.000000	4	4	0	0
DN_NC_073244.2_29297022_4	DN_NC_073244.2_64759228_5	0.000000	0.000000	4	5	0	0
DN_NC_073244.2_29297022_4	DN_NC_073244.2_64797239_5	0.000000	0.000000	4	5	0	0
DN_NC_073244.2_29297022_4	DN_NC_073244.2_64836827_4	0.000000	0.000000	4	4	0	0
DN_NC_073244.2_29297022_4	DN_NC_073244.2_64860608_4	0.000000	0.000000	4	4	0	0
DN_NC_073244.2_29297022_4	DN_NC_073244.2_64908457_4	0.000000	0.000000	4	4	0	0
DN_NC_073244.2_29297022_4	DN_NC_073244.2_65266359_4	0.000000	0.000000	4	4	0	0
DN_NC_073244.2_29297022_4	DN_NC_073244.2_65293743_4	0.000000	0.000000	4	4	0	0
DN_NC_073244.2_29297022_4	DN_NC_073244.2_65326089_4	0.000000	0.000000	4	4	0	0
DN_NC_073244.2_29297022_4	DN_NC_073244.2_65362909_5	0.000000	0.000000	4	5	0	0
DN_NC_073244.2_29297022_4	DN_NC_073244.2_65398487_4	0.000000	0.000000	4	4	0	0
DN_NC_073244.2_29297022_4	DN_NC_073246.2_15789285_3	0.000000	0.000000	4	3	0	0
DN_NC_073244.2_29557605_4	DN_NC_073244.2_29680825_4	1.000000	1.000000	4	4	4	4
DN_NC_073244.2_29557605_4	DN_NC_073244.2_29970261_4	1.000000	1.000000	4	4	4	4
DN_NC_073244.2_29557605_4	DN_NC_073244.2_30067652_4	1.000000	0.750000	4	4	4	3
DN_NC_073244.2_29557605_4	DN_NC_073244.2_30090650_6	0.000000	0.000000	4	6	0	0
DN_NC_073244.2_29557605_4	DN_NC_073244.2_30438340_4	1.000000	0.500000	4	4	4	2
DN_NC_073244.2_29557605_4	DN_NC_073244.2_64034715_7	0.000000	0.000000	4	7	0	0
DN_NC_073244.2_29557605_4	DN_NC_073244.2_64081943_4	0.000000	0.000000	4	4	0	0
DN_NC_073244.2_29557605_4	DN_NC_073244.2_64125568_5	0.000000	0.000000	4	5	0	0
DN_NC_073244.2_29557605_4	DN_NC_073244.2_64340366_4	0.000000	0.000000	4	4	0	0
DN_NC_073244.2_29557605_4	DN_NC_073244.2_64368633_7	0.000000	0.000000	4	7	0	0
DN_NC_073244.2_29557605_4	DN_NC_073244.2_64500861_5	0.000000	0.000000	4	5	0	0
DN_NC_073244.2_29557605_4	DN_NC_073244.2_64585864_4	0.000000	0.000000	4	4	0	0
DN_NC_073244.2_29557605_4	DN_NC_073244.2_64724127_4	0.000000	0.000000	4	4	0	0
DN_NC_073244.2_29557605_4	DN_NC_073244.2_64759228_5	0.000000	0.000000	4	5	0	0
DN_NC_073244.2_29557605_4	DN_NC_073244.2_64797239_5	0.000000	0.000000	4	5	0	0
DN_NC_073244.2_29557605_4	DN_NC_073244.2_64836827_4	0.000000	0.000000	4	4	0	0
DN_NC_073244.2_29557605_4	DN_NC_073244.2_64908457_4	0.000000	0.000000	4	4	0	0
DN_NC_073244.2_29557605_4	DN_NC_073244.2_65266359_4	0.000000	0.000000	4	4	0	0
DN_NC_073244.2_29557605_4	DN_NC_073244.2_65362909_5	0.000000	0.000000	4	5	0	0
DN_NC_073244.2_29557605_4	DN_NC_073244.2_65398487_4	0.000000	0.000000	4	4	0	0
DN_NC_073244.2_29557605_4	DN_NC_073246.2_15789320_2	0.000000	0.000000	4	2	0	0
DN_NC_073244.2_29680825_2	DN_NC_073244.2_30067652_4	0.000000	0.000000	2	4	0	0
DN_NC_073244.2_29680825_2	DN_NC_073244.2_64306022_6	0.000000	0.000000	2	6	0	0
DN_NC_073244.2_29680825_2	DN_NC_073244.2_64368633_7	0.000000	0.000000	2	7	0	0
DN_NC_073244.2_29680825_2	DN_NC_073244.2_64400145_5	0.000000	0.000000	2	5	0	0
DN_NC_073244.2_29680825_2	DN_NC_073244.2_64724127_4	0.000000	0.000000	2	4	0	0
DN_NC_073244.2_29680825_2	DN_NC_073244.2_64908457_4	0.000000	0.000000	2	4	0	0
DN_NC_073244.2_29680825_2	DN_NC_073244.2_65266359_4	0.000000	0.000000	2	4	0	0
DN_NC_073244.2_29680825_4	DN_NC_073244.2_29970261_4	0.750000	1.000000	4	4	3	4
DN_NC_073244.2_29680825_4	DN_NC_073244.2_30438340_4	1.000000	1.000000	4	4	4	4
DN_NC_073244.2_29680825_4	DN_NC_073244.2_64081943_4	0.000000	0.000000	4	4	0	0
DN_NC_073244.2_29680825_4	DN_NC_073244.2_64125568_5	0.000000	0.000000	4	5	0	0
DN_NC_073244.2_29680825_4	DN_NC_073244.2_64500861_5	0.000000	0.000000	4	5	0	0
DN_NC_073244.2_29680825_4	DN_NC_073244.2_64759228_5	0.000000	0.000000	4	5	0	0
DN_NC_073244.2_29680825_4	DN_NC_073244.2_64797239_5	0.000000	0.000000	4	5	0	0
DN_NC_073244.2_29680825_4	DN_NC_073244.2_64836827_4	0.000000	0.000000	4	4	0	0
DN_NC_073244.2_29680825_4	DN_NC_073244.2_64860608_4	0.000000	0.000000	4	4	0	0
DN_NC_073244.2_29680825_4	DN_NC_073244.2_65003440_7	0.000000	0.000000	4	7	0	0
DN_NC_073244.2_29680825_4	DN_NC_073244.2_65046428_2	0.000000	0.000000	4	4	0	0
DN_NC_073244.2_29680825_4	DN_NC_073244.2_65293743_4	0.000000	0.000000	4	4	0	0
DN_NC_073244.2_29680825_4	DN_NC_073244.2_65398487_4	0.000000	0.000000	4	4	0	0
DN_NC_073244.2_29680825_4	DN_NC_073246.2_15789320_2	0.000000	0.000000	4	2	0	0
DN_NC_073244.2_29680825_4	DN_NC_086017.1_41849524_2	0.000000	0.000000	4	2	0	0
DN_NC_073244.2_29970261_4	DN_NC_073244.2_30067652_4	1.000000	0.750000	4	4	4	3
DN_NC_073244.2_29970261_4	DN_NC_073244.2_30090650_6	0.000000	0.000000	4	6	0	0
DN_NC_073244.2_29970261_4	DN_NC_073244.2_30438386_2	0.000000	0.000000	4	2	0	0
DN_NC_073244.2_29970261_4	DN_NC_073244.2_64125568_5	0.000000	0.000000	4	5	0	0
DN_NC_073244.2_29970261_4	DN_NC_073244.2_64340366_4	0.000000	0.000000	4	4	0	0
DN_NC_073244.2_29970261_4	DN_NC_073244.2_64368633_7	0.000000	0.000000	4	7	0	0
DN_NC_073244.2_29970261_4	DN_NC_073244.2_64543447_4	0.000000	0.000000	4	4	0	0
DN_NC_073244.2_29970261_4	DN_NC_073244.2_64585864_4	0.000000	0.000000	4	4	0	0
DN_NC_073244.2_29970261_4	DN_NC_073244.2_64672255_4	0.000000	0.000000	4	4	0	0
DN_NC_073244.2_29970261_4	DN_NC_073244.2_64724127_4	0.000000	0.000000	4	4	0	0
DN_NC_073244.2_29970261_4	DN_NC_073244.2_64836827_4	0.000000	0.000000	4	4	0	0
DN_NC_073244.2_29970261_4	DN_NC_073244.2_65003440_7	0.000000	0.000000	4	7	0	0
DN_NC_073244.2_29970261_4	DN_NC_073244.2_65266359_4	0.000000	0.000000	4	4	0	0
DN_NC_073244.2_29970261_4	DN_NC_073244.2_65398487_4	0.000000	0.000000	4	4	0	0
DN_NC_073244.2_29970261_4	DN_NC_073246.2_15789320_2	0.000000	0.000000	4	2	0	0
DN_NC_073244.2_30067652_4	DN_NC_073244.2_30090650_6	0.000000	0.000000	4	6	0	0
DN_NC_073244.2_30067652_4	DN_NC_073244.2_30438340_4	0.750000	0.750000	4	4	3	3
DN_NC_073244.2_30067652_4	DN_NC_073244.2_64125568_5	0.000000	0.000000	4	5	0	0
DN_NC_073244.2_30067652_4	DN_NC_073244.2_64265252_5	0.000000	0.000000	4	5	0	0
DN_NC_073244.2_30067652_4	DN_NC_073244.2_64340366_4	0.000000	0.000000	4	4	0	0
DN_NC_073244.2_30067652_4	DN_NC_073244.2_64585864_4	0.000000	0.000000	4	4	0	0
DN_NC_073244.2_30067652_4	DN_NC_073244.2_64759228_5	0.000000	0.000000	4	5	0	0
DN_NC_073244.2_30067652_4	DN_NC_073244.2_65266359_4	0.000000	0.000000	4	4	0	0
DN_NC_073244.2_30067652_4	DN_NC_073244.2_65293743_4	0.000000	0.000000	4	4	0	0
DN_NC_073244.2_30067652_4	DN_NC_073244.2_65326089_4	0.000000	0.000000	4	4	0	0
DN_NC_073244.2_30067652_4	DN_NC_073244.2_65398487_4	0.000000	0.000000	4	4	0	0
DN_NC_073244.2_30090650_6	DN_NC_073244.2_30438386_2	0.166667	0.500000	6	2	1	1
DN_NC_073244.2_30090650_6	DN_NC_073244.2_65326089_4	0.000000	0.000000	6	4	0	0
DN_NC_073244.2_30090650_6	DN_NC_073244.2_70399351_4	0.000000	0.000000	6	4	0	0
DN_NC_073244.2_30438340_4	DN_NC_073244.2_64265252_5	0.000000	0.000000	4	5	0	0
DN_NC_073244.2_30438340_4	DN_NC_073244.2_64340366_4	0.000000	0.000000	4	4	0	0
DN_NC_073244.2_30438340_4	DN_NC_073244.2_64368633_7	0.000000	0.000000	4	7	0	0
DN_NC_073244.2_30438340_4	DN_NC_073244.2_64426370_6	0.000000	0.000000	4	6	0	0
DN_NC_073244.2_30438340_4	DN_NC_073244.2_65398487_4	0.000000	0.000000	4	4	0	0
DN_NC_073244.2_30438340_4	DN_NC_073246.2_15789285_3	0.000000	0.000000	4	3	0	0
DN_NC_073244.2_30438386_2	DN_NC_073244.2_64618758_7	0.000000	0.000000	2	7	0	0
DN_NC_073244.2_30438386_2	DN_NC_073244.2_64672255_4	0.000000	0.000000	2	4	0	0
DN_NC_073244.2_30438386_2	DN_NC_073244.2_64724127_4	0.000000	0.000000	2	4	0	0
DN_NC_073244.2_30438386_2	DN_NC_073244.2_64759228_5	0.000000	0.000000	2	5	0	0
DN_NC_073244.2_30438386_2	DN_NC_073244.2_65266359_4	0.000000	0.000000	2	4	0	0
DN_NC_073244.2_30438386_2	DN_NC_073244.2_65293743_4	0.000000	0.000000	2	4	0	0
DN_NC_073244.2_30438386_2	DN_NC_073244.2_65326089_4	0.000000	0.000000	2	4	0	0
DN_NC_073244.2_30438386_2	DN_NC_073244.2_65362909_5	0.000000	0.000000	2	5	0	0
DN_NC_073244.2_43610901_6	DN_NC_073245.2_47429376_4	0.166667	0.000000	6	4	1	0
DN_NC_073244.2_43610901_6	DN_NC_073247.2_114234875_11	0.166667	0.000000	6	11	1	0
DN_NC_073244.2_43610901_6	DN_NC_073247.2_115708949_2	0.166667	0.000000	6	2	1	0
DN_NC_073244.2_43610901_6	DN_NC_073247.2_147586730_5	0.166667	0.000000	6	5	1	0
DN_NC_073244.2_43610901_6	DN_NC_086018.1_24877691_3	0.166667	0.000000	6	3	1	0
DN_NC_073244.2_45737704_5	DN_NC_073244.2_47288294_4	0.000000	0.000000	5	4	0	0
DN_NC_073244.2_45737704_5	DN_NC_073244.2_47878793_6	0.000000	0.000000	5	6	0	0
DN_NC_073244.2_45737704_5	DN_NC_073244.2_48093173_7	0.000000	0.000000	5	7	0	0
DN_NC_073244.2_45737704_5	DN_NC_073244.2_48319142_5	0.000000	0.000000	5	5	0	0
DN_NC_073244.2_45737704_5	DN_NC_073244.2_48352926_4	0.000000	0.000000	5	4	0	0
DN_NC_073244.2_45737704_5	DN_NC_073244.2_48620420_5	0.000000	0.000000	5	5	0	0
DN_NC_073244.2_45737704_5	DN_NC_073244.2_48660338_4	0.000000	0.000000	5	4	0	0
DN_NC_073244.2_45737704_5	DN_NC_073244.2_48919547_6	0.000000	0.000000	5	6	0	0
DN_NC_073244.2_45737704_5	DN_NC_073244.2_55989141_5	0.000000	0.000000	5	5	0	0
DN_NC_073244.2_45737704_5	DN_NC_073244.2_63895938_6	0.000000	0.000000	5	6	0	0
DN_NC_073244.2_45737704_5	DN_NC_073245.2_58728682_5	0.000000	0.000000	5	5	0	0
DN_NC_073244.2_45737704_5	DN_NC_073247.2_57840463_5	0.000000	0.000000	5	5	0	0
DN_NC_073244.2_45985550_6	DN_NC_073244.2_47250467_5	0.000000	0.000000	6	5	0	0
DN_NC_073244.2_45985550_6	DN_NC_073244.2_47586219_5	0.000000	0.000000	6	5	0	0
DN_NC_073244.2_45985550_6	DN_NC_073244.2_47739503_5	0.000000	0.000000	6	5	0	0
DN_NC_073244.2_45985550_6	DN_NC_073244.2_48030811_4	0.000000	0.000000	6	4	0	0
DN_NC_073244.2_45985550_6	DN_NC_073244.2_48066692_6	0.000000	0.000000	6	6	0	0
DN_NC_073244.2_45985550_6	DN_NC_073244.2_48242798_5	0.000000	0.000000	6	5	0	0
DN_NC_073244.2_45985550_6	DN_NC_073244.2_48384768_7	0.000000	0.000000	6	7	0	0
DN_NC_073244.2_45985550_6	DN_NC_073244.2_48980018_5	0.000000	0.000000	6	5	0	0
DN_NC_073244.2_45985550_6	DN_NC_073244.2_49072464_4	0.000000	0.000000	6	4	0	0
DN_NC_073244.2_45985550_6	DN_NC_073244.2_49101177_5	0.000000	0.000000	6	5	0	0
DN_NC_073244.2_45985550_6	DN_NC_073244.2_49176797_4	0.000000	0.000000	6	4	0	0
DN_NC_073244.2_45985550_6	DN_NC_073244.2_49205215_5	0.000000	0.000000	6	5	0	0
DN_NC_073244.2_45985550_6	DN_NC_073244.2_49246931_6	0.000000	0.000000	6	6	0	0
DN_NC_073244.2_45985550_6	DN_NC_073244.2_51749194_6	0.000000	0.000000	6	6	0	0
DN_NC_073244.2_45985550_6	DN_NC_073244.2_51783968_5	0.000000	0.000000	6	5	0	0
DN_NC_073244.2_45985550_6	DN_NC_073244.2_51825388_5	0.000000	0.000000	6	5	0	0
DN_NC_073244.2_45985550_6	DN_NC_073244.2_55341363_7	0.000000	0.000000	6	7	0	0
DN_NC_073244.2_45985550_6	DN_NC_073244.2_65102393_4	0.000000	0.000000	6	4	0	0
DN_NC_073244.2_45985550_6	DN_NC_073244.2_65470296_6	0.000000	0.000000	6	6	0	0
DN_NC_073244.2_45985550_6	DN_NC_073244.2_68477557_5	0.000000	0.000000	6	5	0	0
DN_NC_073244.2_45985550_6	DN_NC_073244.2_68491976_5	0.000000	0.000000	6	5	0	0
DN_NC_073244.2_45985550_6	DN_NC_073244.2_68513423_5	0.000000	0.000000	6	5	0	0
DN_NC_073244.2_45985550_6	DN_NC_073244.2_68611978_5	0.000000	0.000000	6	5	0	0
DN_NC_073244.2_45985550_6	DN_NC_073244.2_68643423_8	0.000000	0.000000	6	8	0	0
DN_NC_073244.2_46013405_4	DN_NC_073244.2_69454247_3	0.000000	0.000000	4	3	0	0
DN_NC_073244.2_46013405_4	DN_NC_073244.2_69492904_4	0.000000	0.000000	4	4	0	0
DN_NC_073244.2_46013405_4	DN_NC_073244.2_69514207_2	0.000000	0.000000	4	2	0	0
DN_NC_073244.2_46013405_4	DN_NC_073244.2_69601170_4	0.000000	0.000000	4	4	0	0
DN_NC_073244.2_46013405_4	DN_NC_073244.2_69672458_4	0.000000	0.000000	4	4	0	0
DN_NC_073244.2_46013405_4	DN_NC_073244.2_69685721_4	0.000000	0.000000	4	4	0	0
DN_NC_073244.2_46013405_4	DN_NC_073244.2_69783488_3	0.000000	0.000000	4	3	0	0
DN_NC_073244.2_46013405_4	DN_NC_073244.2_69799604_5	0.000000	0.000000	4	5	0	0
DN_NC_073244.2_46013405_4	DN_NC_073244.2_69821764_4	0.000000	0.000000	4	4	0	0
DN_NC_073244.2_46013405_4	DN_NC_073244.2_69873255_2	0.000000	0.000000	4	3	0	0
DN_NC_073244.2_46013405_4	DN_NC_073244.2_69975553_3	0.000000	0.000000	4	3	0	0
DN_NC_073244.2_46013405_4	DN_NC_073244.2_70024584_5	0.000000	0.000000	4	5	0	0
DN_NC_073244.2_46013405_4	DN_NC_073244.2_70043245_2	0.000000	0.000000	4	2	0	0
DN_NC_073244.2_46013405_4	DN_NC_073244.2_70525717_3	0.000000	0.000000	4	3	0	0
DN_NC_073244.2_46592534_11	DN_NC_073244.2_46599941_3	0.000000	0.000000	11	3	0	0
DN_NC_073244.2_47250467_5	DN_NC_073244.2_47586219_5	0.000000	0.000000	5	5	0	0
DN_NC_073244.2_47250467_5	DN_NC_073244.2_47739503_5	0.000000	0.000000	5	5	0	0
DN_NC_073244.2_47250467_5	DN_NC_073244.2_47831779_6	0.000000	0.000000	5	6	0	0
DN_NC_073244.2_47250467_5	DN_NC_073244.2_47997304_5	0.000000	0.000000	5	5	0	0
DN_NC_073244.2_47250467_5	DN_NC_073244.2_48030384_3	0.000000	0.000000	5	3	0	0
DN_NC_073244.2_47250467_5	DN_NC_073244.2_48066692_6	0.000000	0.000000	5	6	0	0
DN_NC_073244.2_47250467_5	DN_NC_073244.2_48242798_5	0.000000	0.000000	5	5	0	0
DN_NC_073244.2_47250467_5	DN_NC_073244.2_48384768_7	0.000000	0.000000	5	7	0	0
DN_NC_073244.2_47250467_5	DN_NC_073244.2_49072464_4	0.000000	0.000000	5	4	0	0
DN_NC_073244.2_47250467_5	DN_NC_073244.2_49101177_5	0.000000	0.000000	5	5	0	0
DN_NC_073244.2_47250467_5	DN_NC_073244.2_49176797_4	0.000000	0.000000	5	4	0	0
DN_NC_073244.2_47250467_5	DN_NC_073244.2_49205215_5	0.000000	0.000000	5	5	0	0
DN_NC_073244.2_47250467_5	DN_NC_073244.2_49246931_6	0.000000	0.000000	5	6	0	0
DN_NC_073244.2_47250467_5	DN_NC_073244.2_51749194_6	0.000000	0.000000	5	6	0	0
DN_NC_073244.2_47250467_5	DN_NC_073244.2_51783968_5	0.000000	0.000000	5	5	0	0
DN_NC_073244.2_47250467_5	DN_NC_073244.2_51825388_5	0.000000	0.000000	5	5	0	0
DN_NC_073244.2_47250467_5	DN_NC_073244.2_55341363_7	0.000000	0.000000	5	7	0	0
DN_NC_073244.2_47250467_5	DN_NC_073244.2_65470296_6	0.000000	0.000000	5	6	0	0
DN_NC_073244.2_47250467_5	DN_NC_073244.2_68491976_5	0.000000	0.000000	5	5	0	0
DN_NC_073244.2_47250467_5	DN_NC_073244.2_68513423_5	0.000000	0.000000	5	5	0	0
DN_NC_073244.2_47250467_5	DN_NC_073244.2_68611978_5	0.000000	0.000000	5	5	0	0
DN_NC_073244.2_47250467_5	DN_NC_073244.2_68643423_8	0.000000	0.000000	5	8	0	0
DN_NC_073244.2_47288294_4	DN_NC_073244.2_47706466_2	0.000000	0.000000	4	2	0	0
DN_NC_073244.2_47288294_4	DN_NC_073244.2_48093173_7	0.000000	0.000000	4	7	0	0
DN_NC_073244.2_47288294_4	DN_NC_073244.2_48660338_4	0.000000	0.000000	4	4	0	0
DN_NC_073244.2_47288294_4	DN_NC_073244.2_48919547_6	0.000000	0.000000	4	6	0	0
DN_NC_073244.2_47586219_5	DN_NC_073244.2_47642985_5	0.000000	0.000000	5	5	0	0
DN_NC_073244.2_47586219_5	DN_NC_073244.2_47739503_5	0.000000	0.000000	5	5	0	0
DN_NC_073244.2_47586219_5	DN_NC_073244.2_47997304_5	0.000000	0.000000	5	5	0	0
DN_NC_073244.2_47586219_5	DN_NC_073244.2_48030811_4	0.000000	0.000000	5	4	0	0
DN_NC_073244.2_47586219_5	DN_NC_073244.2_48066692_6	0.000000	0.000000	5	6	0	0
DN_NC_073244.2_47586219_5	DN_NC_073244.2_48242798_5	0.000000	0.000000	5	5	0	0
DN_NC_073244.2_47586219_5	DN_NC_073244.2_48384768_7	0.000000	0.000000	5	7	0	0
DN_NC_073244.2_47586219_5	DN_NC_073244.2_48980018_5	0.000000	0.000000	5	5	0	0
DN_NC_073244.2_47586219_5	DN_NC_073244.2_49072464_4	0.000000	0.000000	5	4	0	0
DN_NC_073244.2_47586219_5	DN_NC_073244.2_49246931_6	0.000000	0.000000	5	6	0	0
DN_NC_073244.2_47586219_5	DN_NC_073244.2_51749194_6	0.000000	0.000000	5	6	0	0
DN_NC_073244.2_47586219_5	DN_NC_073244.2_51783968_5	0.000000	0.000000	5	5	0	0
DN_NC_073244.2_47586219_5	DN_NC_073244.2_51825388_5	0.000000	0.000000	5	5	0	0
DN_NC_073244.2_47586219_5	DN_NC_073244.2_55341363_7	0.000000	0.000000	5	7	0	0
DN_NC_073244.2_47586219_5	DN_NC_073244.2_65102393_4	0.000000	0.000000	5	4	0	0
DN_NC_073244.2_47586219_5	DN_NC_073244.2_68491976_5	0.000000	0.000000	5	5	0	0
DN_NC_073244.2_47586219_5	DN_NC_073244.2_68513423_5	0.000000	0.000000	5	5	0	0
DN_NC_073244.2_47586219_5	DN_NC_073244.2_68643423_8	0.000000	0.000000	5	8	0	0
DN_NC_073244.2_47642985_5	DN_NC_073244.2_47831779_6	0.000000	0.000000	5	6	0	0
DN_NC_073244.2_47642985_5	DN_NC_073244.2_47997304_5	0.000000	0.000000	5	5	0	0
DN_NC_073244.2_47642985_5	DN_NC_073244.2_48030811_4	0.000000	0.000000	5	4	0	0
DN_NC_073244.2_47642985_5	DN_NC_073244.2_48242798_5	0.000000	0.000000	5	5	0	0
DN_NC_073244.2_47642985_5	DN_NC_073244.2_48384768_7	0.000000	0.000000	5	7	0	0
DN_NC_073244.2_47642985_5	DN_NC_073244.2_49072464_4	0.000000	0.000000	5	4	0	0
DN_NC_073244.2_47642985_5	DN_NC_073244.2_49246931_6	0.000000	0.000000	5	6	0	0
DN_NC_073244.2_47642985_5	DN_NC_073244.2_51749194_6	0.000000	0.000000	5	6	0	0
DN_NC_073244.2_47642985_5	DN_NC_073244.2_51825388_5	0.000000	0.000000	5	5	0	0
DN_NC_073244.2_47642985_5	DN_NC_073244.2_55341363_7	0.000000	0.000000	5	7	0	0
DN_NC_073244.2_47642985_5	DN_NC_073244.2_65102393_4	0.000000	0.000000	5	4	0	0
DN_NC_073244.2_47642985_5	DN_NC_073244.2_65470296_6	0.000000	0.000000	5	6	0	0
DN_NC_073244.2_47642985_5	DN_NC_073244.2_68491976_5	0.000000	0.000000	5	5	0	0
DN_NC_073244.2_47706460_3	DN_NC_073244.2_47878793_6	0.000000	0.000000	3	6	0	0
DN_NC_073244.2_47706460_3	DN_NC_073244.2_48319142_5	0.000000	0.000000	3	5	0	0
DN_NC_073244.2_47706460_3	DN_NC_073244.2_48660338_4	0.000000	0.000000	3	4	0	0
DN_NC_073244.2_47706460_3	DN_NC_073244.2_48919547_6	0.000000	0.000000	3	6	0	0
DN_NC_073244.2_47706460_3	DN_NC_073244.2_55989141_5	0.000000	0.000000	3	5	0	0
DN_NC_073244.2_47706460_3	DN_NC_073244.2_63934684_6	0.000000	0.000000	3	6	0	0
DN_NC_073244.2_47706460_3	DN_NC_073247.2_56899135_7	0.000000	0.000000	3	7	0	0
DN_NC_073244.2_47706460_3	DN_NC_073247.2_58372296_6	0.000000	0.000000	3	5	0	0
DN_NC_073244.2_47706466_2	DN_NC_073244.2_48093173_7	0.000000	0.000000	2	7	0	0
DN_NC_073244.2_47706466_2	DN_NC_073244.2_48352926_4	0.000000	0.000000	2	4	0	0
DN_NC_073244.2_47706466_2	DN_NC_073244.2_48620420_5	0.000000	0.000000	2	5	0	0
DN_NC_073244.2_47706466_2	DN_NC_073245.2_58728682_5	0.000000	0.000000	2	5	0	0
DN_NC_073244.2_47706466_2	DN_NC_073247.2_57761829_5	0.000000	0.000000	2	5	0	0
DN_NC_073244.2_47706466_2	DN_NC_086017.1_85766278_5	0.000000	0.000000	2	5	0	0
DN_NC_073244.2_47739503_5	DN_NC_073244.2_47831779_6	0.000000	0.000000	5	6	0	0
DN_NC_073244.2_47739503_5	DN_NC_073244.2_47997304_5	0.000000	0.000000	5	5	0	0
DN_NC_073244.2_47739503_5	DN_NC_073244.2_48030811_4	0.000000	0.000000	5	4	0	0
DN_NC_073244.2_47739503_5	DN_NC_073244.2_48242798_5	0.000000	0.000000	5	5	0	0
DN_NC_073244.2_47739503_5	DN_NC_073244.2_48384768_7	0.000000	0.000000	5	7	0	0
DN_NC_073244.2_47739503_5	DN_NC_073244.2_48980018_5	0.000000	0.000000	5	5	0	0
DN_NC_073244.2_47739503_5	DN_NC_073244.2_49072464_4	0.000000	0.000000	5	4	0	0
DN_NC_073244.2_47739503_5	DN_NC_073244.2_49246931_6	0.000000	0.000000	5	6	0	0
DN_NC_073244.2_47739503_5	DN_NC_073244.2_51783968_5	0.000000	0.000000	5	5	0	0
DN_NC_073244.2_47739503_5	DN_NC_073244.2_51825388_5	0.000000	0.000000	5	5	0	0
DN_NC_073244.2_47739503_5	DN_NC_073244.2_65470296_6	0.000000	0.000000	5	6	0	0
DN_NC_073244.2_47739503_5	DN_NC_073244.2_68491976_5	0.000000	0.000000	5	5	0	0
DN_NC_073244.2_47798559_5	DN_NC_073244.2_47878793_6	0.000000	0.000000	5	6	0	0
DN_NC_073244.2_47798559_5	DN_NC_073244.2_48620420_5	0.000000	0.000000	5	5	0	0
DN_NC_073244.2_47798559_5	DN_NC_073244.2_55989141_5	0.000000	0.000000	5	5	0	0
DN_NC_073244.2_47798559_5	DN_NC_073244.2_63895938_6	0.000000	0.000000	5	6	0	0
DN_NC_073244.2_47798559_5	DN_NC_073247.2_56899135_7	0.000000	0.000000	5	7	0	0
DN_NC_073244.2_47798559_5	DN_NC_073247.2_57761829_5	0.000000	0.000000	5	5	0	0
DN_NC_073244.2_47798559_5	DN_NC_073247.2_58228088_5	0.000000	0.000000	5	5	0	0
DN_NC_073244.2_47831779_6	DN_NC_073244.2_48030811_4	0.000000	0.000000	6	4	0	0
DN_NC_073244.2_47831779_6	DN_NC_073244.2_48242798_5	0.000000	0.000000	6	5	0	0
DN_NC_073244.2_47831779_6	DN_NC_073244.2_48384768_7	0.000000	0.000000	6	7	0	0
DN_NC_073244.2_47831779_6	DN_NC_073244.2_48980018_5	0.000000	0.000000	6	5	0	0
DN_NC_073244.2_47831779_6	DN_NC_073244.2_49072464_4	0.000000	0.000000	6	4	0	0
DN_NC_073244.2_47831779_6	DN_NC_073244.2_49246931_6	0.000000	0.000000	6	6	0	0
DN_NC_073244.2_47831779_6	DN_NC_073244.2_51825388_5	0.000000	0.000000	6	5	0	0
DN_NC_073244.2_47831779_6	DN_NC_073244.2_55341363_7	0.000000	0.000000	6	7	0	0
DN_NC_073244.2_47831779_6	DN_NC_073244.2_65102393_4	0.000000	0.000000	6	4	0	0
DN_NC_073244.2_47831779_6	DN_NC_073244.2_65470296_6	0.000000	0.000000	6	6	0	0
DN_NC_073244.2_47831779_6	DN_NC_073244.2_68491976_5	0.000000	0.000000	6	5	0	0
DN_NC_073244.2_47831779_6	DN_NC_073244.2_68513423_5	0.000000	0.000000	6	5	0	0
DN_NC_073244.2_47831779_6	DN_NC_073244.2_68643423_8	0.000000	0.000000	6	8	0	0
DN_NC_073244.2_47878793_6	DN_NC_073244.2_48319142_5	0.000000	0.000000	6	5	0	0
DN_NC_073244.2_47878793_6	DN_NC_073244.2_48352926_4	0.000000	0.000000	6	4	0	0
DN_NC_073244.2_47878793_6	DN_NC_073244.2_48919547_6	0.000000	0.000000	6	6	0	0
DN_NC_073244.2_47878793_6	DN_NC_073244.2_55989141_5	0.000000	0.000000	6	5	0	0
DN_NC_073244.2_47878793_6	DN_NC_073244.2_63882905_5	0.000000	0.000000	6	5	0	0
DN_NC_073244.2_47878793_6	DN_NC_073244.2_63895938_6	0.000000	0.000000	6	6	0	0
DN_NC_073244.2_47878793_6	DN_NC_073244.2_63983979_5	0.000000	0.000000	6	5	0	0
DN_NC_073244.2_47878793_6	DN_NC_073244.2_64004232_5	0.000000	0.000000	6	5	0	0
DN_NC_073244.2_47878793_6	DN_NC_073245.2_58728682_5	0.000000	0.000000	6	5	0	0
DN_NC_073244.2_47878793_6	DN_NC_073247.2_57761829_5	0.000000	0.000000	6	5	0	0
DN_NC_073244.2_47878793_6	DN_NC_073247.2_58228088_5	0.000000	0.000000	6	5	0	0
DN_NC_073244.2_47878793_6	DN_NC_073247.2_58372296_6	0.000000	0.000000	6	5	0	0
DN_NC_073244.2_47878793_6	DN_NC_086017.1_85766278_5	0.000000	0.000000	6	5	0	0
DN_NC_073244.2_47997304_5	DN_NC_073244.2_48030811_4	0.000000	0.000000	5	4	0	0
DN_NC_073244.2_47997304_5	DN_NC_073244.2_48066692_6	0.000000	0.000000	5	6	0	0
DN_NC_073244.2_47997304_5	DN_NC_073244.2_48242798_5	0.000000	0.000000	5	5	0	0
DN_NC_073244.2_47997304_5	DN_NC_073244.2_48384768_7	0.000000	0.000000	5	7	0	0
DN_NC_073244.2_47997304_5	DN_NC_073244.2_49072464_4	0.000000	0.000000	5	4	0	0
DN_NC_073244.2_47997304_5	DN_NC_073244.2_49205215_5	0.000000	0.000000	5	5	0	0
DN_NC_073244.2_47997304_5	DN_NC_073244.2_49246931_6	0.000000	0.000000	5	6	0	0
DN_NC_073244.2_47997304_5	DN_NC_073244.2_51749194_6	0.000000	0.000000	5	6	0	0
DN_NC_073244.2_47997304_5	DN_NC_073244.2_51825388_5	0.000000	0.000000	5	5	0	0
DN_NC_073244.2_47997304_5	DN_NC_073244.2_55341363_7	0.000000	0.000000	5	7	0	0
DN_NC_073244.2_47997304_5	DN_NC_073244.2_65102393_4	0.000000	0.000000	5	4	0	0
DN_NC_073244.2_47997304_5	DN_NC_073244.2_65470296_6	0.000000	0.000000	5	6	0	0
DN_NC_073244.2_47997304_5	DN_NC_073244.2_68491976_5	0.000000	0.000000	5	5	0	0
DN_NC_073244.2_47997304_5	DN_NC_073244.2_68643423_8	0.000000	0.000000	5	8	0	0
DN_NC_073244.2_48030384_3	DN_NC_073244.2_48242798_5	0.000000	0.000000	3	5	0	0
DN_NC_073244.2_48030384_3	DN_NC_073244.2_48384768_7	0.000000	0.000000	3	7	0	0
DN_NC_073244.2_48030384_3	DN_NC_073244.2_49176797_4	0.000000	0.000000	3	4	0	0
DN_NC_073244.2_48030384_3	DN_NC_073244.2_49205215_5	0.000000	0.000000	3	5	0	0
DN_NC_073244.2_48030384_3	DN_NC_073244.2_51749194_6	0.000000	0.000000	3	6	0	0
DN_NC_073244.2_48030384_3	DN_NC_073244.2_55341363_7	0.000000	0.000000	3	7	0	0
DN_NC_073244.2_48030384_3	DN_NC_073244.2_65102393_4	0.000000	0.000000	3	4	0	0
DN_NC_073244.2_48030384_3	DN_NC_073244.2_70224599_4	0.000000	0.000000	3	4	0	0
DN_NC_073244.2_48030811_4	DN_NC_073244.2_48066692_6	0.000000	0.000000	4	6	0	0
DN_NC_073244.2_48030811_4	DN_NC_073244.2_48980018_5	0.000000	0.000000	4	5	0	0
DN_NC_073244.2_48030811_4	DN_NC_073244.2_49072464_4	0.000000	0.000000	4	4	0	0
DN_NC_073244.2_48030811_4	DN_NC_073244.2_49101177_5	0.000000	0.000000	4	5	0	0
DN_NC_073244.2_48030811_4	DN_NC_073244.2_49246931_6	0.000000	0.000000	4	6	0	0
DN_NC_073244.2_48030811_4	DN_NC_073244.2_51783968_5	0.000000	0.000000	4	5	0	0
DN_NC_073244.2_48030811_4	DN_NC_073244.2_51825388_5	0.000000	0.000000	4	5	0	0
DN_NC_073244.2_48030811_4	DN_NC_073244.2_65470296_6	0.000000	0.000000	4	6	0	0
DN_NC_073244.2_48030811_4	DN_NC_073244.2_68477557_5	0.000000	0.000000	4	5	0	0
DN_NC_073244.2_48030811_4	DN_NC_073244.2_68491976_5	0.000000	0.000000	4	5	0	0
DN_NC_073244.2_48030811_4	DN_NC_073244.2_68513423_5	0.000000	0.000000	4	5	0	0
DN_NC_073244.2_48030811_4	DN_NC_073244.2_68611978_5	0.000000	0.000000	4	5	0	0
DN_NC_073244.2_48066692_6	DN_NC_073244.2_48242798_5	0.000000	0.000000	6	5	0	0
DN_NC_073244.2_48066692_6	DN_NC_073244.2_49072464_4	0.000000	0.000000	6	4	0	0
DN_NC_073244.2_48066692_6	DN_NC_073244.2_49176797_4	0.000000	0.000000	6	4	0	0
DN_NC_073244.2_48066692_6	DN_NC_073244.2_49246931_6	0.000000	0.000000	6	6	0	0
DN_NC_073244.2_48066692_6	DN_NC_073244.2_51749194_6	0.000000	0.000000	6	6	0	0
DN_NC_073244.2_48066692_6	DN_NC_073244.2_51783968_5	0.000000	0.000000	6	5	0	0
DN_NC_073244.2_48066692_6	DN_NC_073244.2_55341363_7	0.000000	0.000000	6	7	0	0
DN_NC_073244.2_48066692_6	DN_NC_073244.2_65470296_6	0.000000	0.000000	6	6	0	0
DN_NC_073244.2_48066692_6	DN_NC_073244.2_68491976_5	0.000000	0.000000	6	5	0	0
DN_NC_073244.2_48066692_6	DN_NC_073244.2_68513423_5	0.000000	0.000000	6	5	0	0
DN_NC_073244.2_48093173_7	DN_NC_073244.2_48319142_5	0.000000	0.000000	7	5	0	0
DN_NC_073244.2_48093173_7	DN_NC_073244.2_48352926_4	0.000000	0.000000	7	4	0	0
DN_NC_073244.2_48093173_7	DN_NC_073244.2_48620420_5	0.000000	0.000000	7	5	0	0
DN_NC_073244.2_48093173_7	DN_NC_073244.2_48660338_4	0.000000	0.000000	7	4	0	0
DN_NC_073244.2_48093173_7	DN_NC_073244.2_48919547_6	0.000000	0.000000	7	6	0	0
DN_NC_073244.2_48093173_7	DN_NC_073244.2_55989141_5	0.000000	0.000000	7	5	0	0
DN_NC_073244.2_48093173_7	DN_NC_073244.2_63542066_5	0.000000	0.000000	7	5	0	0
DN_NC_073244.2_48093173_7	DN_NC_073245.2_58728682_5	0.000000	0.000000	7	5	0	0
DN_NC_073244.2_48093173_7	DN_NC_073247.2_56899135_7	0.000000	0.000000	7	7	0	0
DN_NC_073244.2_48093173_7	DN_NC_073247.2_57761829_5	0.000000	0.000000	7	5	0	0
DN_NC_073244.2_48093173_7	DN_NC_073247.2_57840463_5	0.000000	0.000000	7	5	0	0
DN_NC_073244.2_48093173_7	DN_NC_073247.2_58372296_6	0.000000	0.000000	7	5	0	0
DN_NC_073244.2_48093173_7	DN_NC_086017.1_85766278_5	0.000000	0.000000	7	5	0	0
DN_NC_073244.2_48242798_5	DN_NC_073244.2_48384768_7	0.000000	0.000000	5	7	0	0
DN_NC_073244.2_48242798_5	DN_NC_073244.2_48980018_5	0.000000	0.000000	5	5	0	0
DN_NC_073244.2_48242798_5	DN_NC_073244.2_49072464_4	0.000000	0.000000	5	4	0	0
DN_NC_073244.2_48242798_5	DN_NC_073244.2_49101177_5	0.000000	0.000000	5	5	0	0
DN_NC_073244.2_48242798_5	DN_NC_073244.2_49176797_4	0.000000	0.000000	5	4	0	0
DN_NC_073244.2_48242798_5	DN_NC_073244.2_49205215_5	0.000000	0.000000	5	5	0	0
DN_NC_073244.2_48242798_5	DN_NC_073244.2_49246931_6	0.000000	0.000000	5	6	0	0
DN_NC_073244.2_48242798_5	DN_NC_073244.2_51749194_6	0.000000	0.000000	5	6	0	0
DN_NC_073244.2_48242798_5	DN_NC_073244.2_51783968_5	0.000000	0.000000	5	5	0	0
DN_NC_073244.2_48242798_5	DN_NC_073244.2_51825388_5	0.000000	0.000000	5	5	0	0
DN_NC_073244.2_48242798_5	DN_NC_073244.2_55341363_7	0.000000	0.000000	5	7	0	0
DN_NC_073244.2_48242798_5	DN_NC_073244.2_65102393_4	0.000000	0.000000	5	4	0	0
DN_NC_073244.2_48242798_5	DN_NC_073244.2_65470296_6	0.000000	0.000000	5	6	0	0
DN_NC_073244.2_48242798_5	DN_NC_073244.2_68491976_5	0.000000	0.000000	5	5	0	0
DN_NC_073244.2_48242798_5	DN_NC_073244.2_68513423_5	0.000000	0.000000	5	5	0	0
DN_NC_073244.2_48242798_5	DN_NC_073244.2_68611978_5	0.000000	0.000000	5	5	0	0
DN_NC_073244.2_48242798_5	DN_NC_073244.2_68643423_8	0.000000	0.000000	5	8	0	0
DN_NC_073244.2_48242798_5	DN_NC_073244.2_70224599_4	0.000000	0.000000	5	4	0	0
DN_NC_073244.2_48319142_5	DN_NC_073244.2_48352926_4	1.000000	1.000000	5	4	5	4
DN_NC_073244.2_48319142_5	DN_NC_073244.2_48660338_4	0.000000	0.000000	5	4	0	0
DN_NC_073244.2_48319142_5	DN_NC_073244.2_48919547_6	0.000000	0.000000	5	6	0	0
DN_NC_073244.2_48319142_5	DN_NC_073244.2_55989141_5	0.000000	0.000000	5	5	0	0
DN_NC_073244.2_48319142_5	DN_NC_073244.2_63855100_5	0.000000	0.000000	5	5	0	0
DN_NC_073244.2_48319142_5	DN_NC_073244.2_63882905_5	0.000000	0.000000	5	5	0	0
DN_NC_073244.2_48319142_5	DN_NC_073244.2_63895938_6	0.000000	0.000000	5	6	0	0
DN_NC_073244.2_48319142_5	DN_NC_073244.2_63934684_6	0.000000	0.000000	5	6	0	0
DN_NC_073244.2_48319142_5	DN_NC_073244.2_63961971_6	0.000000	0.000000	5	6	0	0
DN_NC_073244.2_48319142_5	DN_NC_073244.2_63983979_5	0.000000	0.000000	5	5	0	0
DN_NC_073244.2_48319142_5	DN_NC_073244.2_70077616_7	0.000000	0.000000	5	7	0	0
DN_NC_073244.2_48319142_5	DN_NC_073245.2_58728682_5	0.000000	0.000000	5	5	0	0
DN_NC_073244.2_48319142_5	DN_NC_073247.2_56899135_7	0.000000	0.000000	5	7	0	0
DN_NC_073244.2_48319142_5	DN_NC_073247.2_57761829_5	0.000000	0.000000	5	5	0	0
DN_NC_073244.2_48319142_5	DN_NC_073247.2_57840463_5	0.000000	0.000000	5	5	0	0
DN_NC_073244.2_48319142_5	DN_NC_073247.2_58228088_5	0.000000	0.000000	5	5	0	0
DN_NC_073244.2_48319142_5	DN_NC_073247.2_58372296_6	0.000000	0.000000	5	5	0	0
DN_NC_073244.2_48319142_5	DN_NC_086017.1_54629198_3	0.000000	0.000000	5	3	0	0
DN_NC_073244.2_48319142_5	DN_NC_086017.1_85766278_5	0.000000	0.000000	5	5	0	0
DN_NC_073244.2_48352926_4	DN_NC_073244.2_48620420_5	0.000000	0.000000	4	5	0	0
DN_NC_073244.2_48352926_4	DN_NC_073244.2_48660338_4	0.000000	0.000000	4	4	0	0
DN_NC_073244.2_48352926_4	DN_NC_073244.2_48919547_6	0.000000	0.000000	4	6	0	0
DN_NC_073244.2_48352926_4	DN_NC_073244.2_55989141_5	0.000000	0.000000	4	5	0	0
DN_NC_073244.2_48352926_4	DN_NC_073244.2_63542066_5	0.000000	0.000000	4	5	0	0
DN_NC_073244.2_48352926_4	DN_NC_073244.2_63855100_5	0.000000	0.000000	4	5	0	0
DN_NC_073244.2_48352926_4	DN_NC_073244.2_63882905_5	0.000000	0.000000	4	5	0	0
DN_NC_073244.2_48352926_4	DN_NC_073244.2_63895938_6	0.000000	0.000000	4	6	0	0
DN_NC_073244.2_48352926_4	DN_NC_073244.2_63934684_6	0.000000	0.000000	4	6	0	0
DN_NC_073244.2_48352926_4	DN_NC_073244.2_63961971_6	0.000000	0.000000	4	6	0	0
DN_NC_073244.2_48352926_4	DN_NC_073244.2_64004232_5	0.000000	0.000000	4	5	0	0
DN_NC_073244.2_48352926_4	DN_NC_073244.2_70077616_7	0.000000	0.000000	4	7	0	0
DN_NC_073244.2_48352926_4	DN_NC_073245.2_58728682_5	0.000000	0.000000	4	5	0	0
DN_NC_073244.2_48352926_4	DN_NC_073247.2_56899135_7	0.000000	0.000000	4	7	0	0
DN_NC_073244.2_48352926_4	DN_NC_073247.2_57761829_5	0.000000	0.000000	4	5	0	0
DN_NC_073244.2_48352926_4	DN_NC_073247.2_57840463_5	0.000000	0.000000	4	5	0	0
DN_NC_073244.2_48352926_4	DN_NC_073247.2_58228088_5	0.000000	0.000000	4	5	0	0
DN_NC_073244.2_48352926_4	DN_NC_073247.2_58372296_6	0.000000	0.000000	4	5	0	0
DN_NC_073244.2_48352926_4	DN_NC_086017.1_54629198_3	0.000000	0.000000	4	3	0	0
DN_NC_073244.2_48352926_4	DN_NC_086017.1_85766278_5	0.000000	0.000000	4	5	0	0
DN_NC_073244.2_48384768_7	DN_NC_073244.2_49072464_4	0.000000	0.000000	7	4	0	0
DN_NC_073244.2_48384768_7	DN_NC_073244.2_49176797_4	0.000000	0.000000	7	4	0	0
DN_NC_073244.2_48384768_7	DN_NC_073244.2_49205215_5	0.000000	0.000000	7	5	0	0
DN_NC_073244.2_48384768_7	DN_NC_073244.2_49246931_6	0.000000	0.000000	7	6	0	0
DN_NC_073244.2_48384768_7	DN_NC_073244.2_51749194_6	0.000000	0.000000	7	6	0	0
DN_NC_073244.2_48384768_7	DN_NC_073244.2_51825388_5	0.000000	0.000000	7	5	0	0
DN_NC_073244.2_48384768_7	DN_NC_073244.2_55341363_7	0.000000	0.000000	7	7	0	0
DN_NC_073244.2_48384768_7	DN_NC_073244.2_65102393_4	0.000000	0.000000	7	4	0	0
DN_NC_073244.2_48384768_7	DN_NC_073244.2_65470296_6	0.000000	0.000000	7	6	0	0
DN_NC_073244.2_48384768_7	DN_NC_073244.2_68491976_5	0.000000	0.000000	7	5	0	0
DN_NC_073244.2_48384768_7	DN_NC_073244.2_68513423_5	0.000000	0.000000	7	5	0	0
DN_NC_073244.2_48384768_7	DN_NC_073244.2_68643423_8	0.000000	0.000000	7	8	0	0
DN_NC_073244.2_48583045_5	DN_NC_073245.2_12403861_6	0.000000	0.000000	6	6	0	0
DN_NC_073244.2_48583045_5	DN_NC_073245.2_28291357_5	0.000000	0.000000	6	5	0	0
DN_NC_073244.2_48583045_5	DN_NC_073245.2_35678363_2	0.000000	0.000000	6	2	0	0
DN_NC_073244.2_48583045_5	DN_NC_086017.1_58115065_4	0.000000	0.000000	6	4	0	0
DN_NC_073244.2_48620420_5	DN_NC_073244.2_48919547_6	0.000000	0.000000	5	6	0	0
DN_NC_073244.2_48620420_5	DN_NC_073244.2_55989141_5	0.000000	0.000000	5	5	0	0
DN_NC_073244.2_48620420_5	DN_NC_073245.2_58728682_5	0.000000	0.000000	5	5	0	0
DN_NC_073244.2_48620420_5	DN_NC_073247.2_56899135_7	0.000000	0.000000	5	7	0	0
DN_NC_073244.2_48620420_5	DN_NC_073247.2_57761829_5	0.000000	0.000000	5	5	0	0
DN_NC_073244.2_48620420_5	DN_NC_086017.1_85766278_5	0.000000	0.000000	5	5	0	0
DN_NC_073244.2_48660338_4	DN_NC_073244.2_48919547_6	0.250000	0.166667	4	6	1	1
DN_NC_073244.2_48660338_4	DN_NC_073244.2_63542066_5	0.000000	0.000000	4	5	0	0
DN_NC_073244.2_48660338_4	DN_NC_073245.2_58728682_5	0.000000	0.000000	4	5	0	0
DN_NC_073244.2_48660338_4	DN_NC_073247.2_57840463_5	0.000000	0.000000	4	5	0	0
DN_NC_073244.2_48660338_4	DN_NC_086017.1_54629198_3	0.000000	0.000000	4	3	0	0
DN_NC_073244.2_48919547_6	DN_NC_073245.2_58728682_5	0.000000	0.000000	6	5	0	0
DN_NC_073244.2_48919547_6	DN_NC_073247.2_56899135_7	0.000000	0.000000	6	7	0	0
DN_NC_073244.2_48919547_6	DN_NC_073247.2_57840463_5	0.000000	0.000000	6	5	0	0
DN_NC_073244.2_48919547_6	DN_NC_086017.1_85766278_5	0.000000	0.000000	6	5	0	0
DN_NC_073244.2_48980018_5	DN_NC_073244.2_49072464_4	0.000000	0.000000	5	4	0	0
DN_NC_073244.2_48980018_5	DN_NC_073244.2_49101177_5	0.000000	0.000000	5	5	0	0
DN_NC_073244.2_48980018_5	DN_NC_073244.2_49176797_4	0.000000	0.000000	5	4	0	0
DN_NC_073244.2_48980018_5	DN_NC_073244.2_49205215_5	0.000000	0.000000	5	5	0	0
DN_NC_073244.2_48980018_5	DN_NC_073244.2_51749194_6	0.000000	0.000000	5	6	0	0
DN_NC_073244.2_48980018_5	DN_NC_073244.2_65102393_4	0.000000	0.000000	5	4	0	0
DN_NC_073244.2_48980018_5	DN_NC_073244.2_68491976_5	0.000000	0.000000	5	5	0	0
DN_NC_073244.2_48980018_5	DN_NC_073244.2_68513423_5	0.000000	0.000000	5	5	0	0
DN_NC_073244.2_48980018_5	DN_NC_073244.2_68611978_5	0.000000	0.000000	5	5	0	0
DN_NC_073244.2_48980018_5	DN_NC_073244.2_68643423_8	0.000000	0.000000	5	8	0	0
DN_NC_073244.2_49072464_4	DN_NC_073244.2_49101177_5	0.250000	0.000000	4	5	1	0
DN_NC_073244.2_49072464_4	DN_NC_073244.2_49176797_4	0.000000	0.000000	4	4	0	0
DN_NC_073244.2_49072464_4	DN_NC_073244.2_49205215_5	0.000000	0.000000	4	5	0	0
DN_NC_073244.2_49072464_4	DN_NC_073244.2_49246931_6	0.000000	0.000000	4	6	0	0
DN_NC_073244.2_49072464_4	DN_NC_073244.2_51749194_6	0.000000	0.000000	4	6	0	0
DN_NC_073244.2_49072464_4	DN_NC_073244.2_51783968_5	0.000000	0.000000	4	5	0	0
DN_NC_073244.2_49072464_4	DN_NC_073244.2_65102393_4	0.000000	0.000000	4	4	0	0
DN_NC_073244.2_49072464_4	DN_NC_073244.2_65470296_6	0.000000	0.000000	4	6	0	0
DN_NC_073244.2_49072464_4	DN_NC_073244.2_68491976_5	0.000000	0.000000	4	5	0	0
DN_NC_073244.2_49072464_4	DN_NC_073244.2_68513423_5	0.000000	0.000000	4	5	0	0
DN_NC_073244.2_49072464_4	DN_NC_073244.2_68611978_5	0.000000	0.000000	4	5	0	0
DN_NC_073244.2_49101177_5	DN_NC_073244.2_49246931_6	0.000000	0.000000	5	6	0	0
DN_NC_073244.2_49101177_5	DN_NC_073244.2_51749194_6	0.000000	0.000000	5	6	0	0
DN_NC_073244.2_49101177_5	DN_NC_073244.2_51825388_5	0.000000	0.000000	5	5	0	0
DN_NC_073244.2_49101177_5	DN_NC_073244.2_55341363_7	0.000000	0.000000	5	7	0	0
DN_NC_073244.2_49101177_5	DN_NC_073244.2_65102393_4	0.000000	0.000000	5	4	0	0
DN_NC_073244.2_49101177_5	DN_NC_073244.2_68491976_5	0.000000	0.000000	5	5	0	0
DN_NC_073244.2_49176797_4	DN_NC_073244.2_49205215_5	0.000000	0.000000	4	5	0	0
DN_NC_073244.2_49176797_4	DN_NC_073244.2_49246931_6	0.000000	0.000000	4	6	0	0
DN_NC_073244.2_49176797_4	DN_NC_073244.2_51749194_6	0.000000	0.000000	4	6	0	0
DN_NC_073244.2_49176797_4	DN_NC_073244.2_65102393_4	0.000000	0.000000	4	4	0	0
DN_NC_073244.2_49176797_4	DN_NC_073244.2_68491976_5	0.000000	0.000000	4	5	0	0
DN_NC_073244.2_49176797_4	DN_NC_073244.2_68611978_5	0.000000	0.000000	4	5	0	0
DN_NC_073244.2_49205215_5	DN_NC_073244.2_49246931_6	0.000000	0.000000	5	6	0	0
DN_NC_073244.2_49205215_5	DN_NC_073244.2_51749194_6	0.000000	0.000000	5	6	0	0
DN_NC_073244.2_49205215_5	DN_NC_073244.2_51783968_5	0.000000	0.000000	5	5	0	0
DN_NC_073244.2_49205215_5	DN_NC_073244.2_51825388_5	0.000000	0.000000	5	5	0	0
DN_NC_073244.2_49205215_5	DN_NC_073244.2_65102393_4	0.000000	0.000000	5	4	0	0
DN_NC_073244.2_49205215_5	DN_NC_073244.2_68513423_5	0.000000	0.000000	5	5	0	0
DN_NC_073244.2_49246931_6	DN_NC_073244.2_51749194_6	0.000000	0.000000	6	6	0	0
DN_NC_073244.2_49246931_6	DN_NC_073244.2_51825388_5	0.000000	0.000000	6	5	0	0
DN_NC_073244.2_49246931_6	DN_NC_073244.2_55341363_7	0.000000	0.000000	6	7	0	0
DN_NC_073244.2_49246931_6	DN_NC_073244.2_65102393_4	0.000000	0.000000	6	4	0	0
DN_NC_073244.2_49246931_6	DN_NC_073244.2_65470296_6	0.000000	0.000000	6	6	0	0
DN_NC_073244.2_49246931_6	DN_NC_073244.2_68477557_5	0.000000	0.000000	6	5	0	0
DN_NC_073244.2_49246931_6	DN_NC_073244.2_68491976_5	0.000000	0.000000	6	5	0	0
DN_NC_073244.2_49246931_6	DN_NC_073244.2_68513423_5	0.000000	0.000000	6	5	0	0
DN_NC_073244.2_49246931_6	DN_NC_073244.2_68611978_5	0.000000	0.000000	6	5	0	0
DN_NC_073244.2_51749194_6	DN_NC_073244.2_51783968_5	0.000000	0.000000	6	5	0	0
DN_NC_073244.2_51749194_6	DN_NC_073244.2_51825388_5	0.000000	0.000000	6	5	0	0
DN_NC_073244.2_51749194_6	DN_NC_073244.2_55341363_7	0.000000	0.000000	6	7	0	0
DN_NC_073244.2_51749194_6	DN_NC_073244.2_65102393_4	0.000000	0.000000	6	4	0	0
DN_NC_073244.2_51749194_6	DN_NC_073244.2_68477557_5	0.000000	0.000000	6	5	0	0
DN_NC_073244.2_51749194_6	DN_NC_073244.2_68491976_5	0.000000	0.000000	6	5	0	0
DN_NC_073244.2_51749194_6	DN_NC_073244.2_68513423_5	0.000000	0.000000	6	5	0	0
DN_NC_073244.2_51749194_6	DN_NC_073244.2_68611978_5	0.000000	0.000000	6	5	0	0
DN_NC_073244.2_51749194_6	DN_NC_073244.2_68643423_8	0.000000	0.000000	6	8	0	0
DN_NC_073244.2_51783968_5	DN_NC_073244.2_51825388_5	0.600000	0.800000	5	5	3	4
DN_NC_073244.2_51783968_5	DN_NC_073244.2_55341363_7	0.000000	0.000000	5	7	0	0
DN_NC_073244.2_51783968_5	DN_NC_073244.2_68477557_5	0.000000	0.000000	5	5	0	0
DN_NC_073244.2_51783968_5	DN_NC_073244.2_68491976_5	0.000000	0.000000	5	5	0	0
DN_NC_073244.2_51783968_5	DN_NC_073244.2_68513423_5	0.000000	0.000000	5	5	0	0
DN_NC_073244.2_51825388_5	DN_NC_073244.2_55341363_7	0.000000	0.000000	5	7	0	0
DN_NC_073244.2_51825388_5	DN_NC_073244.2_65102393_4	0.000000	0.000000	5	4	0	0
DN_NC_073244.2_51825388_5	DN_NC_073244.2_68491976_5	0.000000	0.000000	5	5	0	0
DN_NC_073244.2_55341363_7	DN_NC_073244.2_65102393_4	0.000000	0.000000	7	4	0	0
DN_NC_073244.2_55341363_7	DN_NC_073244.2_65470296_6	0.000000	0.000000	7	6	0	0
DN_NC_073244.2_55341363_7	DN_NC_073244.2_68491976_5	0.000000	0.000000	7	5	0	0
DN_NC_073244.2_55426973_9	DN_NC_073244.2_55464824_5	0.000000	0.000000	9	5	0	0
DN_NC_073244.2_55426973_9	DN_NC_073244.2_55497464_5	0.000000	0.000000	9	5	0	0
DN_NC_073244.2_55426973_9	DN_NC_073244.2_55516115_5	0.000000	0.000000	9	5	0	0
DN_NC_073244.2_55426973_9	DN_NC_073244.2_55607411_6	0.000000	0.000000	9	6	0	0
DN_NC_073244.2_55426973_9	DN_NC_073244.2_55618657_2	0.000000	0.000000	9	2	0	0
DN_NC_073244.2_55426973_9	DN_NC_073244.2_55626504_5	0.000000	0.000000	9	5	0	0
DN_NC_073244.2_55426973_9	DN_NC_073244.2_55654796_6	0.000000	0.000000	9	6	0	0
DN_NC_073244.2_55426973_9	DN_NC_073244.2_55678004_6	0.000000	0.000000	9	6	0	0
DN_NC_073244.2_55426973_9	DN_NC_073244.2_55771764_5	0.000000	0.000000	9	5	0	0
DN_NC_073244.2_55426973_9	DN_NC_073244.2_55797441_5	0.000000	0.000000	9	5	0	0
DN_NC_073244.2_55426973_9	DN_NC_073244.2_55835875_4	0.000000	0.000000	9	4	0	0
DN_NC_073244.2_55426973_9	DN_NC_073244.2_55899006_4	0.000000	0.000000	9	4	0	0
DN_NC_073244.2_55464824_5	DN_NC_073244.2_55497464_5	0.600000	0.600000	5	5	3	3
DN_NC_073244.2_55464824_5	DN_NC_073244.2_55516115_5	0.400000	0.400000	5	5	2	2
DN_NC_073244.2_55464824_5	DN_NC_073244.2_55538420_4	0.400000	0.750000	5	4	2	3
DN_NC_073244.2_55464824_5	DN_NC_073244.2_55565140_5	0.600000	0.600000	5	5	3	3
DN_NC_073244.2_55464824_5	DN_NC_073244.2_55585242_5	0.600000	0.600000	5	5	3	3
DN_NC_073244.2_55464824_5	DN_NC_073244.2_55607411_6	0.600000	0.333333	5	6	3	2
DN_NC_073244.2_55464824_5	DN_NC_073244.2_55618657_2	0.200000	0.500000	5	2	1	1
DN_NC_073244.2_55464824_5	DN_NC_073244.2_55626504_5	0.600000	0.600000	5	5	3	3
DN_NC_073244.2_55464824_5	DN_NC_073244.2_55654796_6	0.600000	0.500000	5	6	3	3
DN_NC_073244.2_55464824_5	DN_NC_073244.2_55678004_6	0.000000	0.000000	5	6	0	0
DN_NC_073244.2_55464824_5	DN_NC_073244.2_55771764_5	0.000000	0.000000	5	5	0	0
DN_NC_073244.2_55464824_5	DN_NC_073244.2_55797441_5	0.000000	0.000000	5	5	0	0
DN_NC_073244.2_55464824_5	DN_NC_073244.2_55835875_4	0.000000	0.000000	5	4	0	0
DN_NC_073244.2_55464824_5	DN_NC_073244.2_55940471_6	0.000000	0.000000	5	6	0	0
DN_NC_073244.2_55497464_5	DN_NC_073244.2_55516115_5	0.400000	0.400000	5	5	2	2
DN_NC_073244.2_55497464_5	DN_NC_073244.2_55538420_4	0.400000	0.750000	5	4	2	3
DN_NC_073244.2_55497464_5	DN_NC_073244.2_55565140_5	0.600000	0.800000	5	5	3	4
DN_NC_073244.2_55497464_5	DN_NC_073244.2_55585242_5	0.400000	0.600000	5	5	2	3
DN_NC_073244.2_55497464_5	DN_NC_073244.2_55607411_6	0.600000	0.500000	5	6	3	3
DN_NC_073244.2_55497464_5	DN_NC_073244.2_55618657_2	0.000000	0.000000	5	2	0	0
DN_NC_073244.2_55497464_5	DN_NC_073244.2_55626504_5	0.400000	0.400000	5	5	2	2
DN_NC_073244.2_55497464_5	DN_NC_073244.2_55654796_6	0.600000	0.500000	5	6	3	3
DN_NC_073244.2_55497464_5	DN_NC_073244.2_55797441_5	0.000000	0.000000	5	5	0	0
DN_NC_073244.2_55497464_5	DN_NC_073244.2_55835875_4	0.000000	0.000000	5	4	0	0
DN_NC_073244.2_55516115_5	DN_NC_073244.2_55538420_4	0.400000	0.750000	5	4	2	3
DN_NC_073244.2_55516115_5	DN_NC_073244.2_55565140_5	0.800000	1.000000	5	5	4	5
DN_NC_073244.2_55516115_5	DN_NC_073244.2_55585242_5	0.400000	0.400000	5	5	2	2
DN_NC_073244.2_55516115_5	DN_NC_073244.2_55618657_2	0.000000	0.000000	5	2	0	0
DN_NC_073244.2_55516115_5	DN_NC_073244.2_55626504_5	0.400000	0.400000	5	5	2	2
DN_NC_073244.2_55516115_5	DN_NC_073244.2_55654796_6	0.000000	0.000000	5	6	0	0
DN_NC_073244.2_55516115_5	DN_NC_073244.2_55797441_5	0.000000	0.000000	5	5	0	0
DN_NC_073244.2_55516115_5	DN_NC_073244.2_55835875_4	0.000000	0.000000	5	4	0	0
DN_NC_073244.2_55538420_4	DN_NC_073244.2_55565140_5	0.750000	0.600000	4	5	3	3
DN_NC_073244.2_55538420_4	DN_NC_073244.2_55585242_5	0.000000	0.000000	4	5	0	0
DN_NC_073244.2_55538420_4	DN_NC_073244.2_55607411_6	0.750000	0.333333	4	6	3	2
DN_NC_073244.2_55538420_4	DN_NC_073244.2_55618657_2	0.250000	0.000000	4	2	1	0
DN_NC_073244.2_55538420_4	DN_NC_073244.2_55626504_5	0.750000	0.400000	4	5	3	2
DN_NC_073244.2_55538420_4	DN_NC_073244.2_55654796_6	0.000000	0.000000	4	6	0	0
DN_NC_073244.2_55538420_4	DN_NC_073244.2_55678004_6	0.000000	0.000000	4	6	0	0
DN_NC_073244.2_55538420_4	DN_NC_073244.2_55771764_5	0.000000	0.000000	4	5	0	0
DN_NC_073244.2_55538420_4	DN_NC_073244.2_55797441_5	0.000000	0.000000	4	5	0	0
DN_NC_073244.2_55538420_4	DN_NC_073244.2_55835875_4	0.000000	0.000000	4	4	0	0
DN_NC_073244.2_55538420_4	DN_NC_073244.2_55940471_6	0.000000	0.000000	4	6	0	0
DN_NC_073244.2_55565140_5	DN_NC_073244.2_55585242_5	0.600000	0.600000	5	5	3	3
DN_NC_073244.2_55565140_5	DN_NC_073244.2_55607411_6	0.600000	0.500000	5	6	3	3
DN_NC_073244.2_55565140_5	DN_NC_073244.2_55618657_2	0.000000	0.000000	5	2	0	0
DN_NC_073244.2_55565140_5	DN_NC_073244.2_55626504_5	0.600000	0.600000	5	5	3	3
DN_NC_073244.2_55565140_5	DN_NC_073244.2_55654796_6	0.000000	0.000000	5	6	0	0
DN_NC_073244.2_55565140_5	DN_NC_073244.2_55678004_6	0.000000	0.000000	5	6	0	0
DN_NC_073244.2_55565140_5	DN_NC_073244.2_55771764_5	0.000000	0.000000	5	5	0	0
DN_NC_073244.2_55565140_5	DN_NC_073244.2_55797441_5	0.000000	0.000000	5	5	0	0
DN_NC_073244.2_55565140_5	DN_NC_073244.2_55835875_4	0.000000	0.000000	5	4	0	0
DN_NC_073244.2_55585242_5	DN_NC_073244.2_55607411_6	0.400000	0.333333	5	6	2	2
DN_NC_073244.2_55585242_5	DN_NC_073244.2_55618657_2	0.000000	0.000000	5	2	0	0
DN_NC_073244.2_55585242_5	DN_NC_073244.2_55626504_5	0.400000	0.400000	5	5	2	2
DN_NC_073244.2_55585242_5	DN_NC_073244.2_55654796_6	0.000000	0.000000	5	6	0	0
DN_NC_073244.2_55585242_5	DN_NC_073244.2_55678004_6	0.000000	0.000000	5	6	0	0
DN_NC_073244.2_55585242_5	DN_NC_073244.2_55797441_5	0.000000	0.000000	5	5	0	0
DN_NC_073244.2_55585242_5	DN_NC_073244.2_55835875_4	0.000000	0.000000	5	4	0	0
DN_NC_073244.2_55607411_6	DN_NC_073244.2_55618657_2	0.166667	0.500000	6	2	1	1
DN_NC_073244.2_55607411_6	DN_NC_073244.2_55626504_5	0.333333	0.400000	6	5	2	2
DN_NC_073244.2_55607411_6	DN_NC_073244.2_55654796_6	0.500000	0.500000	6	6	3	3
DN_NC_073244.2_55607411_6	DN_NC_073244.2_55678004_6	0.000000	0.000000	6	6	0	0
DN_NC_073244.2_55607411_6	DN_NC_073244.2_55771764_5	0.000000	0.000000	6	5	0	0
DN_NC_073244.2_55607411_6	DN_NC_073244.2_55797441_5	0.000000	0.000000	6	5	0	0
DN_NC_073244.2_55607411_6	DN_NC_073244.2_55835875_4	0.000000	0.000000	6	4	0	0
DN_NC_073244.2_55607411_6	DN_NC_073244.2_55940471_6	0.000000	0.000000	6	6	0	0
DN_NC_073244.2_55618657_2	DN_NC_073244.2_55626504_5	0.500000	0.000000	2	5	1	0
DN_NC_073244.2_55618657_2	DN_NC_073244.2_55654796_6	0.000000	0.000000	2	6	0	0
DN_NC_073244.2_55618657_2	DN_NC_073244.2_55678004_6	0.000000	0.000000	2	6	0	0
DN_NC_073244.2_55618657_2	DN_NC_073244.2_55771764_5	0.000000	0.000000	2	5	0	0
DN_NC_073244.2_55618657_2	DN_NC_073244.2_55797441_5	0.000000	0.000000	2	5	0	0
DN_NC_073244.2_55618657_2	DN_NC_073244.2_55835875_4	0.000000	0.000000	2	4	0	0
DN_NC_073244.2_55618657_2	DN_NC_073244.2_55940471_6	0.000000	0.000000	2	6	0	0
DN_NC_073244.2_55626504_5	DN_NC_073244.2_55654796_6	0.000000	0.000000	5	6	0	0
DN_NC_073244.2_55626504_5	DN_NC_073244.2_55771764_5	0.000000	0.000000	5	5	0	0
DN_NC_073244.2_55626504_5	DN_NC_073244.2_55797441_5	0.000000	0.000000	5	5	0	0
DN_NC_073244.2_55626504_5	DN_NC_073244.2_55835875_4	0.000000	0.000000	5	4	0	0
DN_NC_073244.2_55654796_6	DN_NC_073244.2_55678004_6	0.000000	0.000000	6	6	0	0
DN_NC_073244.2_55654796_6	DN_NC_073244.2_55771764_5	0.000000	0.000000	6	5	0	0
DN_NC_073244.2_55654796_6	DN_NC_073244.2_55797441_5	0.000000	0.000000	6	5	0	0
DN_NC_073244.2_55654796_6	DN_NC_073244.2_55835875_4	0.000000	0.000000	6	4	0	0
DN_NC_073244.2_55678004_6	DN_NC_073244.2_55771764_5	0.000000	0.000000	6	5	0	0
DN_NC_073244.2_55678004_6	DN_NC_073244.2_55797441_5	0.000000	0.000000	6	5	0	0
DN_NC_073244.2_55678004_6	DN_NC_073244.2_55835875_4	0.000000	0.000000	6	4	0	0
DN_NC_073244.2_55678004_6	DN_NC_073244.2_55940471_6	0.000000	0.000000	6	6	0	0
DN_NC_073244.2_55771764_5	DN_NC_073244.2_55797441_5	0.000000	0.000000	5	5	0	0
DN_NC_073244.2_55771764_5	DN_NC_073244.2_55835875_4	0.000000	0.000000	5	4	0	0
DN_NC_073244.2_55771764_5	DN_NC_073244.2_55899006_4	0.000000	0.000000	5	4	0	0
DN_NC_073244.2_55771764_5	DN_NC_073244.2_55940471_6	0.000000	0.000000	5	6	0	0
DN_NC_073244.2_55797441_5	DN_NC_073244.2_55835875_4	0.000000	0.000000	5	4	0	0
DN_NC_073244.2_55797441_5	DN_NC_073244.2_55940471_6	0.000000	0.000000	5	6	0	0
DN_NC_073244.2_55835875_4	DN_NC_073244.2_55940471_6	0.000000	0.000000	4	6	0	0
DN_NC_073244.2_55899006_4	DN_NC_073244.2_55940471_6	0.000000	0.000000	4	6	0	0
DN_NC_073244.2_55989141_5	DN_NC_073244.2_63961971_6	0.000000	0.000000	5	6	0	0
DN_NC_073244.2_55989141_5	DN_NC_073244.2_70077616_7	0.000000	0.000000	5	7	0	0
DN_NC_073244.2_55989141_5	DN_NC_073247.2_58372296_6	0.000000	0.000000	5	5	0	0
DN_NC_073244.2_56915266_3	DN_NC_073244.2_56916454_10	0.333333	0.100000	3	10	1	1
DN_NC_073244.2_59724372_5	DN_NC_073244.2_59726455_2	0.200000	0.500000	5	2	1	1
DN_NC_073244.2_59726455_2	DN_NC_073244.2_69294668_4	0.000000	0.000000	2	4	0	0
DN_NC_073244.2_59726455_2	DN_NC_086017.1_54551513_4	0.000000	0.000000	2	4	0	0
DN_NC_073244.2_61417620_12	DN_NC_086018.1_35282535_13	0.000000	0.000000	12	13	0	0
DN_NC_073244.2_6165323_3	DN_NC_086017.1_112545872_3	0.333333	0.333333	3	3	1	1
DN_NC_073244.2_62231648_10	DN_NC_086018.1_34278584_41	0.000000	0.000000	10	41	0	0
DN_NC_073244.2_63542066_5	DN_NC_073245.2_58728682_5	0.000000	0.000000	5	5	0	0
DN_NC_073244.2_63542066_5	DN_NC_073247.2_56899135_7	0.000000	0.000000	5	7	0	0
DN_NC_073244.2_63542066_5	DN_NC_073247.2_57840463_5	0.000000	0.000000	5	5	0	0
DN_NC_073244.2_63542066_5	DN_NC_073247.2_58228088_5	0.000000	0.000000	5	5	0	0
DN_NC_073244.2_63542066_5	DN_NC_073247.2_58372296_6	0.000000	0.000000	5	5	0	0
DN_NC_073244.2_63732072_2	DN_NC_073244.2_63765159_2	0.000000	0.000000	2	2	0	0
DN_NC_073244.2_63840101_6	DN_NC_073244.2_63882905_5	0.000000	0.000000	6	5	0	0
DN_NC_073244.2_63840101_6	DN_NC_073244.2_63934684_6	0.000000	0.000000	6	6	0	0
DN_NC_073244.2_63840101_6	DN_NC_073247.2_57761829_5	0.000000	0.000000	6	5	0	0
DN_NC_073244.2_63855100_5	DN_NC_073244.2_63895938_6	0.000000	0.000000	5	6	0	0
DN_NC_073244.2_63855100_5	DN_NC_073244.2_63934684_6	0.000000	0.000000	5	6	0	0
DN_NC_073244.2_63855100_5	DN_NC_073247.2_58372296_6	0.000000	0.000000	5	5	0	0
DN_NC_073244.2_63882905_5	DN_NC_073244.2_63934684_6	0.000000	0.000000	5	6	0	0
DN_NC_073244.2_63882905_5	DN_NC_073244.2_63961971_6	0.000000	0.000000	5	6	0	0
DN_NC_073244.2_63882905_5	DN_NC_073247.2_56899135_7	0.000000	0.000000	5	7	0	0
DN_NC_073244.2_63882905_5	DN_NC_073247.2_57761829_5	0.000000	0.000000	5	5	0	0
DN_NC_073244.2_63882905_5	DN_NC_073247.2_58372296_6	0.000000	0.000000	5	5	0	0
DN_NC_073244.2_63895938_6	DN_NC_073244.2_63934684_6	0.000000	0.000000	6	6	0	0
DN_NC_073244.2_63895938_6	DN_NC_073244.2_63961971_6	0.000000	0.000000	6	6	0	0
DN_NC_073244.2_63895938_6	DN_NC_073244.2_64004232_5	0.000000	0.000000	6	5	0	0
DN_NC_073244.2_63895938_6	DN_NC_073247.2_56899135_7	0.000000	0.000000	6	7	0	0
DN_NC_073244.2_63895938_6	DN_NC_073247.2_57761829_5	0.000000	0.000000	6	5	0	0
DN_NC_073244.2_63934684_6	DN_NC_073244.2_70077616_7	0.000000	0.000000	6	7	0	0
DN_NC_073244.2_63934684_6	DN_NC_073247.2_57840463_5	0.000000	0.000000	6	5	0	0
DN_NC_073244.2_63934684_6	DN_NC_073247.2_58372296_6	0.000000	0.000000	6	5	0	0
DN_NC_073244.2_63961971_6	DN_NC_073244.2_63983979_5	0.000000	0.000000	6	5	0	0
DN_NC_073244.2_63961971_6	DN_NC_073244.2_64004232_5	0.000000	0.000000	6	5	0	0
DN_NC_073244.2_63961971_6	DN_NC_073247.2_58372296_6	0.000000	0.000000	6	5	0	0
DN_NC_073244.2_63961971_6	DN_NC_086017.1_85766278_5	0.000000	0.000000	6	5	0	0
DN_NC_073244.2_63983979_5	DN_NC_073244.2_64004232_5	0.000000	0.000000	5	5	0	0
DN_NC_073244.2_63983979_5	DN_NC_073247.2_57761829_5	0.000000	0.000000	5	5	0	0
DN_NC_073244.2_64004232_5	DN_NC_073247.2_58372296_6	0.000000	0.000000	5	5	0	0
DN_NC_073244.2_64004232_5	DN_NC_086017.1_85766278_5	0.000000	0.000000	5	5	0	0
DN_NC_073244.2_64034715_7	DN_NC_073244.2_64081943_4	0.000000	0.000000	7	4	0	0
DN_NC_073244.2_64034715_7	DN_NC_073244.2_64125568_5	1.000000	1.000000	7	5	7	5
DN_NC_073244.2_64034715_7	DN_NC_073244.2_64340366_4	0.000000	0.000000	7	4	0	0
DN_NC_073244.2_64034715_7	DN_NC_073244.2_64368633_7	0.000000	0.000000	7	7	0	0
DN_NC_073244.2_64034715_7	DN_NC_073244.2_64400145_5	0.000000	0.000000	7	5	0	0
DN_NC_073244.2_64034715_7	DN_NC_073244.2_64500861_5	0.000000	0.000000	7	5	0	0
DN_NC_073244.2_64034715_7	DN_NC_073244.2_64543447_4	0.000000	0.000000	7	4	0	0
DN_NC_073244.2_64034715_7	DN_NC_073244.2_64585864_4	0.000000	0.000000	7	4	0	0
DN_NC_073244.2_64034715_7	DN_NC_073244.2_64618758_7	0.000000	0.000000	7	7	0	0
DN_NC_073244.2_64034715_7	DN_NC_073244.2_64672255_4	0.000000	0.000000	7	4	0	0
DN_NC_073244.2_64034715_7	DN_NC_073244.2_64724127_4	0.000000	0.000000	7	4	0	0
DN_NC_073244.2_64034715_7	DN_NC_073244.2_64759228_5	0.000000	0.000000	7	5	0	0
DN_NC_073244.2_64034715_7	DN_NC_073244.2_64797239_5	0.000000	0.000000	7	5	0	0
DN_NC_073244.2_64034715_7	DN_NC_073244.2_64836827_4	0.000000	0.000000	7	4	0	0
DN_NC_073244.2_64034715_7	DN_NC_073244.2_64860608_4	0.000000	0.000000	7	4	0	0
DN_NC_073244.2_64034715_7	DN_NC_073244.2_64908457_4	0.000000	0.000000	7	4	0	0
DN_NC_073244.2_64034715_7	DN_NC_073244.2_65003440_7	0.000000	0.000000	7	7	0	0
DN_NC_073244.2_64034715_7	DN_NC_073244.2_65046428_2	0.000000	0.000000	7	4	0	0
DN_NC_073244.2_64034715_7	DN_NC_073244.2_65073171_5	0.000000	0.000000	7	5	0	0
DN_NC_073244.2_64034715_7	DN_NC_073244.2_65266359_4	0.000000	0.000000	7	4	0	0
DN_NC_073244.2_64034715_7	DN_NC_073244.2_65293743_4	0.000000	0.000000	7	4	0	0
DN_NC_073244.2_64034715_7	DN_NC_073244.2_65362909_5	0.000000	0.000000	7	5	0	0
DN_NC_073244.2_64034715_7	DN_NC_073244.2_65398487_4	0.000000	0.000000	7	4	0	0
DN_NC_073244.2_64034715_7	DN_NC_086017.1_41849524_2	0.000000	0.000000	7	2	0	0
DN_NC_073244.2_64081943_4	DN_NC_073244.2_64231369_4	0.000000	0.000000	4	4	0	0
DN_NC_073244.2_64081943_4	DN_NC_073244.2_64265252_5	0.000000	0.000000	4	5	0	0
DN_NC_073244.2_64081943_4	DN_NC_073244.2_64306022_6	0.000000	0.000000	4	6	0	0
DN_NC_073244.2_64081943_4	DN_NC_073244.2_64400145_5	0.000000	0.000000	4	5	0	0
DN_NC_073244.2_64081943_4	DN_NC_073244.2_64500861_5	0.000000	0.000000	4	5	0	0
DN_NC_073244.2_64081943_4	DN_NC_073244.2_64585864_4	0.000000	0.000000	4	4	0	0
DN_NC_073244.2_64081943_4	DN_NC_073244.2_64724127_4	0.000000	0.000000	4	4	0	0
DN_NC_073244.2_64081943_4	DN_NC_073244.2_64759228_5	0.000000	0.000000	4	5	0	0
DN_NC_073244.2_64081943_4	DN_NC_073244.2_64797239_5	0.000000	0.000000	4	5	0	0
DN_NC_073244.2_64081943_4	DN_NC_073244.2_64860608_4	0.000000	0.000000	4	4	0	0
DN_NC_073244.2_64081943_4	DN_NC_073244.2_64908457_4	0.000000	0.000000	4	4	0	0
DN_NC_073244.2_64081943_4	DN_NC_073244.2_65003440_7	0.000000	0.000000	4	7	0	0
DN_NC_073244.2_64081943_4	DN_NC_073244.2_65046428_4	0.000000	0.000000	4	3	0	0
DN_NC_073244.2_64081943_4	DN_NC_073244.2_65073171_5	0.000000	0.000000	4	5	0	0
DN_NC_073244.2_64081943_4	DN_NC_073244.2_65266359_4	0.000000	0.000000	4	4	0	0
DN_NC_073244.2_64081943_4	DN_NC_073244.2_65362909_5	0.000000	0.000000	4	5	0	0
DN_NC_073244.2_64081943_4	DN_NC_073244.2_65398487_4	0.000000	0.000000	4	4	0	0
DN_NC_073244.2_64081943_4	DN_NC_073246.2_15789320_2	0.000000	0.000000	4	2	0	0
DN_NC_073244.2_64125568_5	DN_NC_073244.2_64340366_4	0.000000	0.000000	5	4	0	0
DN_NC_073244.2_64125568_5	DN_NC_073244.2_64368633_7	0.000000	0.000000	5	7	0	0
DN_NC_073244.2_64125568_5	DN_NC_073244.2_64400145_5	0.000000	0.000000	5	5	0	0
DN_NC_073244.2_64125568_5	DN_NC_073244.2_64500861_5	0.000000	0.000000	5	5	0	0
DN_NC_073244.2_64125568_5	DN_NC_073244.2_64543447_4	0.000000	0.000000	5	4	0	0
DN_NC_073244.2_64125568_5	DN_NC_073244.2_64585864_4	0.000000	0.000000	5	4	0	0
DN_NC_073244.2_64125568_5	DN_NC_073244.2_64618758_7	0.000000	0.000000	5	7	0	0
DN_NC_073244.2_64125568_5	DN_NC_073244.2_64672255_4	0.000000	0.000000	5	4	0	0
DN_NC_073244.2_64125568_5	DN_NC_073244.2_64724127_4	0.000000	0.000000	5	4	0	0
DN_NC_073244.2_64125568_5	DN_NC_073244.2_64759228_5	0.000000	0.000000	5	5	0	0
DN_NC_073244.2_64125568_5	DN_NC_073244.2_64797239_5	0.000000	0.000000	5	5	0	0
DN_NC_073244.2_64125568_5	DN_NC_073244.2_64836827_4	0.000000	0.000000	5	4	0	0
DN_NC_073244.2_64125568_5	DN_NC_073244.2_64860608_4	0.000000	0.000000	5	4	0	0
DN_NC_073244.2_64125568_5	DN_NC_073244.2_64908457_4	0.000000	0.000000	5	4	0	0
DN_NC_073244.2_64125568_5	DN_NC_073244.2_65003440_7	0.000000	0.000000	5	7	0	0
DN_NC_073244.2_64125568_5	DN_NC_073244.2_65046428_2	0.000000	0.000000	5	4	0	0
DN_NC_073244.2_64125568_5	DN_NC_073244.2_65073171_5	0.000000	0.000000	5	5	0	0
DN_NC_073244.2_64125568_5	DN_NC_073244.2_65266359_4	0.000000	0.000000	5	4	0	0
DN_NC_073244.2_64125568_5	DN_NC_073244.2_65293743_4	0.000000	0.000000	5	4	0	0
DN_NC_073244.2_64125568_5	DN_NC_073244.2_65362909_5	0.000000	0.000000	5	5	0	0
DN_NC_073244.2_64125568_5	DN_NC_073244.2_65398487_4	0.000000	0.000000	5	4	0	0
DN_NC_073244.2_64125568_5	DN_NC_086017.1_41849470_3	0.000000	0.000000	5	3	0	0
DN_NC_073244.2_64231369_4	DN_NC_073244.2_64265252_5	0.000000	0.000000	4	5	0	0
DN_NC_073244.2_64231369_4	DN_NC_073244.2_64340366_4	0.000000	0.000000	4	4	0	0
DN_NC_073244.2_64231369_4	DN_NC_073244.2_64368633_7	0.000000	0.000000	4	7	0	0
DN_NC_073244.2_64231369_4	DN_NC_073244.2_64400145_5	0.000000	0.000000	4	5	0	0
DN_NC_073244.2_64231369_4	DN_NC_073244.2_64500861_5	0.000000	0.000000	4	5	0	0
DN_NC_073244.2_64231369_4	DN_NC_073244.2_64585864_4	0.000000	0.000000	4	4	0	0
DN_NC_073244.2_64231369_4	DN_NC_073244.2_64618758_7	0.000000	0.000000	4	7	0	0
DN_NC_073244.2_64231369_4	DN_NC_073244.2_64672255_4	0.000000	0.000000	4	4	0	0
DN_NC_073244.2_64231369_4	DN_NC_073244.2_64759228_5	0.000000	0.000000	4	5	0	0
DN_NC_073244.2_64231369_4	DN_NC_073244.2_64797239_5	0.000000	0.000000	4	5	0	0
DN_NC_073244.2_64231369_4	DN_NC_073244.2_64836827_4	0.000000	0.000000	4	4	0	0
DN_NC_073244.2_64231369_4	DN_NC_073244.2_64908457_4	0.000000	0.000000	4	4	0	0
DN_NC_073244.2_64231369_4	DN_NC_073244.2_65046428_2	0.000000	0.000000	4	4	0	0
DN_NC_073244.2_64231369_4	DN_NC_073244.2_65073171_5	0.000000	0.000000	4	5	0	0
DN_NC_073244.2_64231369_4	DN_NC_073244.2_65293743_4	0.000000	0.000000	4	4	0	0
DN_NC_073244.2_64231369_4	DN_NC_073244.2_65398487_4	0.000000	0.000000	4	4	0	0
DN_NC_073244.2_64231369_4	DN_NC_073246.2_15789285_3	0.000000	0.000000	4	3	0	0
DN_NC_073244.2_64231369_4	DN_NC_086017.1_41849470_3	0.000000	0.000000	4	3	0	0
DN_NC_073244.2_64265252_5	DN_NC_073244.2_64340366_4	0.000000	0.000000	5	4	0	0
DN_NC_073244.2_64265252_5	DN_NC_073244.2_64368633_7	0.000000	0.000000	5	7	0	0
DN_NC_073244.2_64265252_5	DN_NC_073244.2_64400145_5	0.000000	0.000000	5	5	0	0
DN_NC_073244.2_64265252_5	DN_NC_073244.2_64426370_6	0.000000	0.000000	5	6	0	0
DN_NC_073244.2_64265252_5	DN_NC_073244.2_64500861_5	0.000000	0.000000	5	5	0	0
DN_NC_073244.2_64265252_5	DN_NC_073244.2_64543447_4	0.000000	0.000000	5	4	0	0
DN_NC_073244.2_64265252_5	DN_NC_073244.2_64585864_4	0.000000	0.000000	5	4	0	0
DN_NC_073244.2_64265252_5	DN_NC_073244.2_64618758_7	0.000000	0.000000	5	7	0	0
DN_NC_073244.2_64265252_5	DN_NC_073244.2_64724127_4	0.000000	0.000000	5	4	0	0
DN_NC_073244.2_64265252_5	DN_NC_073244.2_64759228_5	0.000000	0.000000	5	5	0	0
DN_NC_073244.2_64265252_5	DN_NC_073244.2_64797239_5	0.000000	0.000000	5	5	0	0
DN_NC_073244.2_64265252_5	DN_NC_073244.2_64836827_4	0.000000	0.000000	5	4	0	0
DN_NC_073244.2_64265252_5	DN_NC_073244.2_64860608_4	0.000000	0.000000	5	4	0	0
DN_NC_073244.2_64265252_5	DN_NC_073244.2_64908457_4	0.000000	0.000000	5	4	0	0
DN_NC_073244.2_64265252_5	DN_NC_073244.2_65046428_2	0.000000	0.000000	5	4	0	0
DN_NC_073244.2_64265252_5	DN_NC_073244.2_65266359_4	0.000000	0.000000	5	4	0	0
DN_NC_073244.2_64265252_5	DN_NC_073244.2_65293743_4	0.000000	0.000000	5	4	0	0
DN_NC_073244.2_64265252_5	DN_NC_073244.2_65326089_4	0.000000	0.000000	5	4	0	0
DN_NC_073244.2_64265252_5	DN_NC_073244.2_65362909_5	0.000000	0.000000	5	5	0	0
DN_NC_073244.2_64265252_5	DN_NC_073244.2_65398487_4	0.000000	0.000000	5	4	0	0
DN_NC_073244.2_64306022_6	DN_NC_073244.2_64368633_7	0.000000	0.000000	6	7	0	0
DN_NC_073244.2_64306022_6	DN_NC_073244.2_64400145_5	0.000000	0.000000	6	5	0	0
DN_NC_073244.2_64306022_6	DN_NC_073244.2_64860608_4	0.000000	0.000000	6	4	0	0
DN_NC_073244.2_64306022_6	DN_NC_073244.2_65046428_2	0.000000	0.000000	6	4	0	0
DN_NC_073244.2_64306022_6	DN_NC_073244.2_65073171_5	0.000000	0.000000	6	5	0	0
DN_NC_073244.2_64306022_6	DN_NC_073244.2_65326089_4	0.000000	0.000000	6	4	0	0
DN_NC_073244.2_64306022_6	DN_NC_086017.1_41849470_3	0.000000	0.000000	6	3	0	0
DN_NC_073244.2_64340366_4	DN_NC_073244.2_64426370_6	0.000000	0.000000	4	6	0	0
DN_NC_073244.2_64340366_4	DN_NC_073244.2_64500861_5	0.000000	0.000000	4	5	0	0
DN_NC_073244.2_64340366_4	DN_NC_073244.2_64543447_4	0.000000	0.000000	4	4	0	0
DN_NC_073244.2_64340366_4	DN_NC_073244.2_64585864_4	0.000000	0.000000	4	4	0	0
DN_NC_073244.2_64340366_4	DN_NC_073244.2_64618758_7	0.000000	0.000000	4	7	0	0
DN_NC_073244.2_64340366_4	DN_NC_073244.2_64672255_4	0.000000	0.000000	4	4	0	0
DN_NC_073244.2_64340366_4	DN_NC_073244.2_64724127_4	0.000000	0.000000	4	4	0	0
DN_NC_073244.2_64340366_4	DN_NC_073244.2_64759228_5	0.000000	0.000000	4	5	0	0
DN_NC_073244.2_64340366_4	DN_NC_073244.2_64797239_5	0.000000	0.000000	4	5	0	0
DN_NC_073244.2_64340366_4	DN_NC_073244.2_64836827_4	0.000000	0.000000	4	4	0	0
DN_NC_073244.2_64340366_4	DN_NC_073244.2_64908457_4	0.000000	0.000000	4	4	0	0
DN_NC_073244.2_64340366_4	DN_NC_073244.2_65003440_7	0.000000	0.000000	4	7	0	0
DN_NC_073244.2_64340366_4	DN_NC_073244.2_65266359_4	0.000000	0.000000	4	4	0	0
DN_NC_073244.2_64340366_4	DN_NC_073244.2_65293743_4	0.000000	0.000000	4	4	0	0
DN_NC_073244.2_64340366_4	DN_NC_073244.2_65362909_5	0.000000	0.000000	4	5	0	0
DN_NC_073244.2_64340366_4	DN_NC_073244.2_65398487_4	0.000000	0.000000	4	4	0	0
DN_NC_073244.2_64340366_4	DN_NC_073246.2_15789285_3	0.000000	0.000000	4	3	0	0
DN_NC_073244.2_64368633_7	DN_NC_073244.2_64400145_5	0.428571	0.600000	7	5	3	3
DN_NC_073244.2_64368633_7	DN_NC_073244.2_64426370_6	0.000000	0.000000	7	6	0	0
DN_NC_073244.2_64368633_7	DN_NC_073244.2_64500861_5	0.000000	0.000000	7	5	0	0
DN_NC_073244.2_64368633_7	DN_NC_073244.2_64585864_4	0.000000	0.000000	7	4	0	0
DN_NC_073244.2_64368633_7	DN_NC_073244.2_64724127_4	0.000000	0.000000	7	4	0	0
DN_NC_073244.2_64368633_7	DN_NC_073244.2_65046428_2	0.000000	0.000000	7	4	0	0
DN_NC_073244.2_64368633_7	DN_NC_073244.2_65073171_5	0.000000	0.000000	7	5	0	0
DN_NC_073244.2_64368633_7	DN_NC_073244.2_65266359_4	0.000000	0.000000	7	4	0	0
DN_NC_073244.2_64368633_7	DN_NC_073244.2_65398487_4	0.000000	0.000000	7	4	0	0
DN_NC_073244.2_64368633_7	DN_NC_073246.2_15789320_2	0.000000	0.000000	7	2	0	0
DN_NC_073244.2_64368633_7	DN_NC_086017.1_41849524_2	0.000000	0.000000	7	2	0	0
DN_NC_073244.2_64400145_5	DN_NC_073244.2_64426370_6	0.000000	0.000000	5	6	0	0
DN_NC_073244.2_64400145_5	DN_NC_073244.2_64500861_5	0.000000	0.000000	5	5	0	0
DN_NC_073244.2_64400145_5	DN_NC_073244.2_64585864_4	0.000000	0.000000	5	4	0	0
DN_NC_073244.2_64400145_5	DN_NC_073244.2_64618758_7	0.000000	0.000000	5	7	0	0
DN_NC_073244.2_64400145_5	DN_NC_073244.2_64724127_4	0.000000	0.000000	5	4	0	0
DN_NC_073244.2_64400145_5	DN_NC_073244.2_64759228_5	0.000000	0.000000	5	5	0	0
DN_NC_073244.2_64400145_5	DN_NC_073244.2_64836827_4	0.000000	0.000000	5	4	0	0
DN_NC_073244.2_64400145_5	DN_NC_073244.2_64860608_4	0.000000	0.000000	5	4	0	0
DN_NC_073244.2_64400145_5	DN_NC_073244.2_64908457_4	0.000000	0.000000	5	4	0	0
DN_NC_073244.2_64400145_5	DN_NC_073244.2_65003440_7	0.000000	0.000000	5	7	0	0
DN_NC_073244.2_64400145_5	DN_NC_073244.2_65046428_2	0.000000	0.000000	5	4	0	0
DN_NC_073244.2_64400145_5	DN_NC_073244.2_65073171_5	0.000000	0.000000	5	5	0	0
DN_NC_073244.2_64400145_5	DN_NC_073244.2_65293743_4	0.000000	0.000000	5	4	0	0
DN_NC_073244.2_64400145_5	DN_NC_073244.2_65326089_4	0.000000	0.000000	5	4	0	0
DN_NC_073244.2_64400145_5	DN_NC_073244.2_65362909_5	0.000000	0.000000	5	5	0	0
DN_NC_073244.2_64400145_5	DN_NC_073246.2_15789320_2	0.000000	0.000000	5	2	0	0
DN_NC_073244.2_64400145_5	DN_NC_086017.1_41849470_3	0.000000	0.000000	5	3	0	0
DN_NC_073244.2_64426370_6	DN_NC_073244.2_64500861_5	0.000000	0.000000	6	5	0	0
DN_NC_073244.2_64426370_6	DN_NC_073244.2_64543447_4	0.166667	0.500000	6	4	1	2
DN_NC_073244.2_64426370_6	DN_NC_073244.2_64585864_4	0.000000	0.000000	6	4	0	0
DN_NC_073244.2_64426370_6	DN_NC_073244.2_64618758_7	0.166667	0.285714	6	7	1	2
DN_NC_073244.2_64426370_6	DN_NC_073244.2_64672255_4	0.500000	0.750000	6	4	3	3
DN_NC_073244.2_64426370_6	DN_NC_073244.2_64724127_4	0.500000	0.750000	6	4	3	3
DN_NC_073244.2_64426370_6	DN_NC_073244.2_64759228_5	0.000000	0.000000	6	5	0	0
DN_NC_073244.2_64426370_6	DN_NC_073244.2_64797239_5	0.000000	0.000000	6	5	0	0
DN_NC_073244.2_64426370_6	DN_NC_073244.2_64860608_4	0.166667	0.500000	6	4	1	2
DN_NC_073244.2_64426370_6	DN_NC_073244.2_64908457_4	0.333333	0.750000	6	4	2	3
DN_NC_073244.2_64426370_6	DN_NC_073244.2_65003440_7	0.000000	0.000000	6	7	0	0
DN_NC_073244.2_64426370_6	DN_NC_073244.2_65046428_2	0.000000	0.000000	6	4	0	0
DN_NC_073244.2_64426370_6	DN_NC_073244.2_65073171_5	0.000000	0.000000	6	5	0	0
DN_NC_073244.2_64426370_6	DN_NC_073244.2_65266359_4	0.000000	0.000000	6	4	0	0
DN_NC_073244.2_64426370_6	DN_NC_073244.2_65293743_4	0.166667	0.500000	6	4	1	2
DN_NC_073244.2_64426370_6	DN_NC_073244.2_65326089_4	0.000000	0.000000	6	4	0	0
DN_NC_073244.2_64426370_6	DN_NC_073244.2_65362909_5	0.000000	0.000000	6	5	0	0
DN_NC_073244.2_64426370_6	DN_NC_073244.2_65398487_4	0.166667	0.500000	6	4	1	2
DN_NC_073244.2_64426370_6	DN_NC_086017.1_41849524_2	0.000000	0.000000	6	2	0	0
DN_NC_073244.2_64500861_5	DN_NC_073244.2_64543447_4	0.000000	0.000000	5	4	0	0
DN_NC_073244.2_64500861_5	DN_NC_073244.2_64618758_7	0.200000	0.285714	5	7	1	2
DN_NC_073244.2_64500861_5	DN_NC_073244.2_64672255_4	0.600000	0.750000	5	4	3	3
DN_NC_073244.2_64500861_5	DN_NC_073244.2_64724127_4	0.600000	0.750000	5	4	3	3
DN_NC_073244.2_64500861_5	DN_NC_073244.2_64759228_5	0.000000	0.000000	5	5	0	0
DN_NC_073244.2_64500861_5	DN_NC_073244.2_64797239_5	0.000000	0.200000	5	5	0	1
DN_NC_073244.2_64500861_5	DN_NC_073244.2_64836827_4	0.000000	0.000000	5	4	0	0
DN_NC_073244.2_64500861_5	DN_NC_073244.2_64860608_4	0.000000	0.000000	5	4	0	0
DN_NC_073244.2_64500861_5	DN_NC_073244.2_64908457_4	0.000000	0.000000	5	4	0	0
DN_NC_073244.2_64500861_5	DN_NC_073244.2_65003440_7	0.000000	0.000000	5	7	0	0
DN_NC_073244.2_64500861_5	DN_NC_073244.2_65046428_4	0.000000	0.000000	5	3	0	0
DN_NC_073244.2_64500861_5	DN_NC_073244.2_65073171_5	0.000000	0.000000	5	5	0	0
DN_NC_073244.2_64500861_5	DN_NC_073244.2_65266359_4	0.600000	0.500000	5	4	3	2
DN_NC_073244.2_64500861_5	DN_NC_073244.2_65293743_4	0.000000	0.000000	5	4	0	0
DN_NC_073244.2_64500861_5	DN_NC_073244.2_65326089_4	0.200000	0.250000	5	4	1	1
DN_NC_073244.2_64500861_5	DN_NC_073244.2_65362909_5	0.200000	0.200000	5	5	1	1
DN_NC_073244.2_64500861_5	DN_NC_073244.2_65398487_4	0.200000	0.250000	5	4	1	1
DN_NC_073244.2_64500861_5	DN_NC_086017.1_41849524_2	0.000000	0.000000	5	2	0	0
DN_NC_073244.2_64543447_4	DN_NC_073244.2_64585864_4	0.000000	0.000000	4	4	0	0
DN_NC_073244.2_64543447_4	DN_NC_073244.2_64618758_7	0.000000	0.000000	4	7	0	0
DN_NC_073244.2_64543447_4	DN_NC_073244.2_64672255_4	0.500000	0.500000	4	4	2	2
DN_NC_073244.2_64543447_4	DN_NC_073244.2_64724127_4	0.000000	0.000000	4	4	0	0
DN_NC_073244.2_64543447_4	DN_NC_073244.2_64759228_5	0.750000	0.800000	4	5	3	4
DN_NC_073244.2_64543447_4	DN_NC_073244.2_64797239_5	0.000000	0.000000	4	5	0	0
DN_NC_073244.2_64543447_4	DN_NC_073244.2_64836827_4	0.000000	0.000000	4	4	0	0
DN_NC_073244.2_64543447_4	DN_NC_073244.2_64860608_4	0.250000	0.250000	4	4	1	1
DN_NC_073244.2_64543447_4	DN_NC_073244.2_64908457_4	0.000000	0.000000	4	4	0	0
DN_NC_073244.2_64543447_4	DN_NC_073244.2_65046428_2	0.000000	0.000000	4	4	0	0
DN_NC_073244.2_64543447_4	DN_NC_073244.2_65266359_4	0.250000	0.250000	4	4	1	1
DN_NC_073244.2_64543447_4	DN_NC_073244.2_65293743_4	1.000000	1.000000	4	4	4	4
DN_NC_073244.2_64543447_4	DN_NC_073244.2_65326089_4	0.000000	0.000000	4	4	0	0
DN_NC_073244.2_64543447_4	DN_NC_073244.2_65362909_5	0.000000	0.000000	4	5	0	0
DN_NC_073244.2_64543447_4	DN_NC_073244.2_65398487_4	0.000000	0.000000	4	4	0	0
DN_NC_073244.2_64585864_4	DN_NC_073244.2_64618758_7	0.000000	0.000000	4	7	0	0
DN_NC_073244.2_64585864_4	DN_NC_073244.2_64672255_4	0.000000	0.000000	4	4	0	0
DN_NC_073244.2_64585864_4	DN_NC_073244.2_64724127_4	0.000000	0.000000	4	4	0	0
DN_NC_073244.2_64585864_4	DN_NC_073244.2_64759228_5	0.000000	0.000000	4	5	0	0
DN_NC_073244.2_64585864_4	DN_NC_073244.2_64797239_5	0.000000	0.000000	4	5	0	0
DN_NC_073244.2_64585864_4	DN_NC_073244.2_64836827_4	0.000000	0.000000	4	4	0	0
DN_NC_073244.2_64585864_4	DN_NC_073244.2_64860608_4	0.000000	0.000000	4	4	0	0
DN_NC_073244.2_64585864_4	DN_NC_073244.2_64908457_4	0.000000	0.000000	4	4	0	0
DN_NC_073244.2_64585864_4	DN_NC_073244.2_65003440_7	0.000000	0.000000	4	7	0	0
DN_NC_073244.2_64585864_4	DN_NC_073244.2_65046428_2	0.000000	0.000000	4	4	0	0
DN_NC_073244.2_64585864_4	DN_NC_073244.2_65266359_4	0.000000	0.000000	4	4	0	0
DN_NC_073244.2_64585864_4	DN_NC_073244.2_65293743_4	0.000000	0.000000	4	4	0	0
DN_NC_073244.2_64585864_4	DN_NC_073244.2_65326089_4	0.000000	0.000000	4	4	0	0
DN_NC_073244.2_64585864_4	DN_NC_073244.2_65362909_5	0.000000	0.000000	4	5	0	0
DN_NC_073244.2_64585864_4	DN_NC_073244.2_65398487_4	0.000000	0.000000	4	4	0	0
DN_NC_073244.2_64585864_4	DN_NC_073246.2_15789285_3	0.000000	0.000000	4	3	0	0
DN_NC_073244.2_64585864_4	DN_NC_086017.1_41849524_2	0.000000	0.000000	4	2	0	0
DN_NC_073244.2_64618758_7	DN_NC_073244.2_64672255_4	0.000000	0.000000	7	4	0	0
DN_NC_073244.2_64618758_7	DN_NC_073244.2_64724127_4	0.285714	0.250000	7	4	2	1
DN_NC_073244.2_64618758_7	DN_NC_073244.2_64759228_5	0.000000	0.000000	7	5	0	0
DN_NC_073244.2_64618758_7	DN_NC_073244.2_64797239_5	0.000000	0.000000	7	5	0	0
DN_NC_073244.2_64618758_7	DN_NC_073244.2_64836827_4	0.000000	0.000000	7	4	0	0
DN_NC_073244.2_64618758_7	DN_NC_073244.2_64860608_4	0.285714	0.250000	7	4	2	1
DN_NC_073244.2_64618758_7	DN_NC_073244.2_64908457_4	0.285714	0.500000	7	4	2	2
DN_NC_073244.2_64618758_7	DN_NC_073244.2_65003440_7	0.000000	0.000000	7	7	0	0
DN_NC_073244.2_64618758_7	DN_NC_073244.2_65046428_2	0.000000	0.000000	7	4	0	0
DN_NC_073244.2_64618758_7	DN_NC_073244.2_65073171_5	0.000000	0.000000	7	5	0	0
DN_NC_073244.2_64618758_7	DN_NC_073244.2_65266359_4	0.285714	0.250000	7	4	2	1
DN_NC_073244.2_64618758_7	DN_NC_073244.2_65293743_4	0.142857	0.250000	7	4	1	1
DN_NC_073244.2_64618758_7	DN_NC_073244.2_65326089_4	0.142857	0.000000	7	4	1	0
DN_NC_073244.2_64618758_7	DN_NC_073244.2_65362909_5	0.142857	0.000000	7	5	1	0
DN_NC_073244.2_64618758_7	DN_NC_073244.2_65398487_4	0.142857	0.250000	7	4	1	1
DN_NC_073244.2_64618758_7	DN_NC_086017.1_41849470_3	0.142857	0.000000	7	3	1	0
DN_NC_073244.2_64672255_4	DN_NC_073244.2_64724127_4	0.750000	0.750000	4	4	3	3
DN_NC_073244.2_64672255_4	DN_NC_073244.2_64759228_5	0.250000	0.200000	4	5	1	1
DN_NC_073244.2_64672255_4	DN_NC_073244.2_64797239_5	0.000000	0.000000	4	5	0	0
DN_NC_073244.2_64672255_4	DN_NC_073244.2_64836827_4	0.000000	0.000000	4	4	0	0
DN_NC_073244.2_64672255_4	DN_NC_073244.2_64860608_4	0.500000	0.500000	4	4	2	2
DN_NC_073244.2_64672255_4	DN_NC_073244.2_64908457_4	0.500000	0.500000	4	4	2	2
DN_NC_073244.2_64672255_4	DN_NC_073244.2_65003440_7	0.000000	0.000000	4	7	0	0
DN_NC_073244.2_64672255_4	DN_NC_073244.2_65046428_2	0.000000	0.000000	4	4	0	0
DN_NC_073244.2_64672255_4	DN_NC_073244.2_65073171_5	0.000000	0.000000	4	5	0	0
DN_NC_073244.2_64672255_4	DN_NC_073244.2_65266359_4	0.000000	0.000000	4	4	0	0
DN_NC_073244.2_64672255_4	DN_NC_073244.2_65293743_4	0.000000	0.000000	4	4	0	0
DN_NC_073244.2_64672255_4	DN_NC_073244.2_65326089_4	0.250000	0.250000	4	4	1	1
DN_NC_073244.2_64672255_4	DN_NC_073244.2_65362909_5	0.000000	0.000000	4	5	0	0
DN_NC_073244.2_64672255_4	DN_NC_073244.2_65398487_4	0.250000	0.250000	4	4	1	1
DN_NC_073244.2_64724127_4	DN_NC_073244.2_64759228_5	0.250000	0.200000	4	5	1	1
DN_NC_073244.2_64724127_4	DN_NC_073244.2_64797239_5	0.000000	0.000000	4	5	0	0
DN_NC_073244.2_64724127_4	DN_NC_073244.2_64836827_4	0.000000	0.000000	4	4	0	0
DN_NC_073244.2_64724127_4	DN_NC_073244.2_64860608_4	0.500000	0.500000	4	4	2	2
DN_NC_073244.2_64724127_4	DN_NC_073244.2_64908457_4	0.750000	0.750000	4	4	3	3
DN_NC_073244.2_64724127_4	DN_NC_073244.2_65003440_7	0.000000	0.000000	4	7	0	0
DN_NC_073244.2_64724127_4	DN_NC_073244.2_65046428_2	0.000000	0.000000	4	4	0	0
DN_NC_073244.2_64724127_4	DN_NC_073244.2_65073171_5	0.000000	0.000000	4	5	0	0
DN_NC_073244.2_64724127_4	DN_NC_073244.2_65266359_4	0.750000	0.500000	4	4	3	2
DN_NC_073244.2_64724127_4	DN_NC_073244.2_65293743_4	0.000000	0.000000	4	4	0	0
DN_NC_073244.2_64724127_4	DN_NC_073244.2_65326089_4	0.000000	0.000000	4	4	0	0
DN_NC_073244.2_64724127_4	DN_NC_073244.2_65362909_5	0.250000	0.200000	4	5	1	1
DN_NC_073244.2_64724127_4	DN_NC_073244.2_65398487_4	0.250000	0.250000	4	4	1	1
DN_NC_073244.2_64724127_4	DN_NC_073246.2_15789285_3	0.000000	0.000000	4	3	0	0
DN_NC_073244.2_64724127_4	DN_NC_086017.1_41849524_2	0.500000	0.000000	4	2	2	0
DN_NC_073244.2_64759228_5	DN_NC_073244.2_64797239_5	1.000000	0.800000	5	5	5	4
DN_NC_073244.2_64759228_5	DN_NC_073244.2_64836827_4	0.200000	0.250000	5	4	1	1
DN_NC_073244.2_64759228_5	DN_NC_073244.2_64860608_4	0.000000	0.000000	5	4	0	0
DN_NC_073244.2_64759228_5	DN_NC_073244.2_64908457_4	0.000000	0.000000	5	4	0	0
DN_NC_073244.2_64759228_5	DN_NC_073244.2_65003440_7	0.000000	0.000000	5	7	0	0
DN_NC_073244.2_64759228_5	DN_NC_073244.2_65046428_4	0.000000	0.000000	5	3	0	0
DN_NC_073244.2_64759228_5	DN_NC_073244.2_65073171_5	0.000000	0.000000	5	5	0	0
DN_NC_073244.2_64759228_5	DN_NC_073244.2_65266359_4	0.800000	0.750000	5	4	4	3
DN_NC_073244.2_64759228_5	DN_NC_073244.2_65293743_4	0.600000	0.500000	5	4	3	2
DN_NC_073244.2_64759228_5	DN_NC_073244.2_65326089_4	0.800000	0.750000	5	4	4	3
DN_NC_073244.2_64759228_5	DN_NC_073244.2_65362909_5	0.800000	0.600000	5	5	4	3
DN_NC_073244.2_64759228_5	DN_NC_073244.2_65398487_4	0.800000	0.500000	5	4	4	2
DN_NC_073244.2_64797239_5	DN_NC_073244.2_64836827_4	0.000000	0.000000	5	4	0	0
DN_NC_073244.2_64797239_5	DN_NC_073244.2_64860608_4	0.800000	0.750000	5	4	4	3
DN_NC_073244.2_64797239_5	DN_NC_073244.2_64908457_4	0.000000	0.000000	5	4	0	0
DN_NC_073244.2_64797239_5	DN_NC_073244.2_65003440_7	0.000000	0.000000	5	7	0	0
DN_NC_073244.2_64797239_5	DN_NC_073244.2_65046428_2	0.000000	0.000000	5	4	0	0
DN_NC_073244.2_64797239_5	DN_NC_073244.2_65073171_5	0.000000	0.000000	5	5	0	0
DN_NC_073244.2_64797239_5	DN_NC_073244.2_65266359_4	0.000000	0.000000	5	4	0	0
DN_NC_073244.2_64797239_5	DN_NC_073244.2_65293743_4	0.000000	0.000000	5	4	0	0
DN_NC_073244.2_64797239_5	DN_NC_073244.2_65326089_4	0.800000	0.750000	5	4	4	3
DN_NC_073244.2_64797239_5	DN_NC_073244.2_65362909_5	0.200000	0.200000	5	5	1	1
DN_NC_073244.2_64797239_5	DN_NC_073244.2_65398487_4	0.800000	0.750000	5	4	4	3
DN_NC_073244.2_64836827_4	DN_NC_073244.2_64908457_4	0.000000	0.000000	4	4	0	0
DN_NC_073244.2_64836827_4	DN_NC_073244.2_65003440_7	0.000000	0.000000	4	7	0	0
DN_NC_073244.2_64836827_4	DN_NC_073244.2_65046428_2	0.000000	0.000000	4	4	0	0
DN_NC_073244.2_64836827_4	DN_NC_073244.2_65266359_4	0.500000	0.500000	4	4	2	2
DN_NC_073244.2_64836827_4	DN_NC_073244.2_65293743_4	0.500000	0.500000	4	4	2	2
DN_NC_073244.2_64836827_4	DN_NC_073244.2_65326089_4	0.000000	0.000000	4	4	0	0
DN_NC_073244.2_64836827_4	DN_NC_073244.2_65362909_5	0.500000	0.400000	4	5	2	2
DN_NC_073244.2_64836827_4	DN_NC_073244.2_65398487_4	0.000000	0.000000	4	4	0	0
DN_NC_073244.2_64860608_4	DN_NC_073244.2_64908457_4	0.250000	0.500000	4	4	1	2
DN_NC_073244.2_64860608_4	DN_NC_073244.2_65003440_7	0.000000	0.000000	4	7	0	0
DN_NC_073244.2_64860608_4	DN_NC_073244.2_65046428_2	0.000000	0.000000	4	4	0	0
DN_NC_073244.2_64860608_4	DN_NC_073244.2_65073171_5	0.000000	0.000000	4	5	0	0
DN_NC_073244.2_64860608_4	DN_NC_073244.2_65266359_4	0.000000	0.000000	4	4	0	0
DN_NC_073244.2_64860608_4	DN_NC_073244.2_65293743_4	0.000000	0.000000	4	4	0	0
DN_NC_073244.2_64860608_4	DN_NC_073244.2_65326089_4	0.750000	0.750000	4	4	3	3
DN_NC_073244.2_64860608_4	DN_NC_073244.2_65362909_5	0.750000	0.600000	4	5	3	3
DN_NC_073244.2_64860608_4	DN_NC_073244.2_65398487_4	1.000000	0.750000	4	4	4	3
DN_NC_073244.2_64860608_4	DN_NC_073246.2_15789285_3	0.000000	0.000000	4	3	0	0
DN_NC_073244.2_64860608_4	DN_NC_086017.1_41849524_2	0.000000	0.000000	4	2	0	0
DN_NC_073244.2_64908457_4	DN_NC_073244.2_65003440_7	0.000000	0.000000	4	7	0	0
DN_NC_073244.2_64908457_4	DN_NC_073244.2_65046428_2	0.000000	0.000000	4	4	0	0
DN_NC_073244.2_64908457_4	DN_NC_073244.2_65073171_5	0.000000	0.000000	4	5	0	0
DN_NC_073244.2_64908457_4	DN_NC_073244.2_65266359_4	0.750000	0.500000	4	4	3	2
DN_NC_073244.2_64908457_4	DN_NC_073244.2_65293743_4	0.000000	0.000000	4	4	0	0
DN_NC_073244.2_64908457_4	DN_NC_073244.2_65326089_4	0.000000	0.000000	4	4	0	0
DN_NC_073244.2_64908457_4	DN_NC_073244.2_65362909_5	0.250000	0.000000	4	5	1	0
DN_NC_073244.2_64908457_4	DN_NC_073244.2_65398487_4	0.750000	0.250000	4	4	3	1
DN_NC_073244.2_64908457_4	DN_NC_073246.2_15789285_3	0.000000	0.000000	4	3	0	0
DN_NC_073244.2_64908457_4	DN_NC_086017.1_41849524_2	0.000000	0.000000	4	2	0	0
DN_NC_073244.2_65003440_7	DN_NC_073244.2_65046428_2	0.000000	0.000000	7	4	0	0
DN_NC_073244.2_65003440_7	DN_NC_073244.2_65073171_5	0.285714	0.400000	7	5	2	2
DN_NC_073244.2_65003440_7	DN_NC_073244.2_65266359_4	0.000000	0.000000	7	4	0	0
DN_NC_073244.2_65003440_7	DN_NC_073244.2_65293743_4	0.000000	0.000000	7	4	0	0
DN_NC_073244.2_65003440_7	DN_NC_073244.2_65326089_4	0.000000	0.000000	7	4	0	0
DN_NC_073244.2_65003440_7	DN_NC_073244.2_65362909_5	0.000000	0.000000	7	5	0	0
DN_NC_073244.2_65003440_7	DN_NC_073244.2_65398487_4	0.000000	0.000000	7	4	0	0
DN_NC_073244.2_65003440_7	DN_NC_086017.1_41849524_2	0.000000	0.000000	7	2	0	0
DN_NC_073244.2_65046428_2	DN_NC_073244.2_65073171_5	0.000000	0.000000	4	5	0	0
DN_NC_073244.2_65046428_2	DN_NC_073244.2_65293743_4	0.000000	0.000000	4	4	0	0
DN_NC_073244.2_65046428_2	DN_NC_073244.2_65362909_5	0.000000	0.000000	4	5	0	0
DN_NC_073244.2_65046428_2	DN_NC_073244.2_65398487_4	0.000000	0.000000	4	4	0	0
DN_NC_073244.2_65046428_2	DN_NC_086017.1_41849470_3	0.000000	0.000000	4	3	0	0
DN_NC_073244.2_65046428_4	DN_NC_073244.2_65266359_4	0.000000	0.000000	3	4	0	0
DN_NC_073244.2_65046428_4	DN_NC_073244.2_65326089_4	0.000000	0.000000	3	4	0	0
DN_NC_073244.2_65046428_4	DN_NC_073246.2_15789285_3	0.000000	0.000000	3	3	0	0
DN_NC_073244.2_65073171_5	DN_NC_073244.2_65266359_4	0.000000	0.000000	5	4	0	0
DN_NC_073244.2_65073171_5	DN_NC_073244.2_65293743_4	0.000000	0.000000	5	4	0	0
DN_NC_073244.2_65073171_5	DN_NC_073244.2_65362909_5	0.000000	0.000000	5	5	0	0
DN_NC_073244.2_65073171_5	DN_NC_073244.2_65398487_4	0.000000	0.000000	5	4	0	0
DN_NC_073244.2_65102393_4	DN_NC_073244.2_68513423_5	0.000000	0.000000	4	5	0	0
DN_NC_073244.2_65102393_4	DN_NC_073244.2_68611978_5	0.000000	0.000000	4	5	0	0
DN_NC_073244.2_65102393_4	DN_NC_073244.2_68643423_8	0.000000	0.000000	4	8	0	0
DN_NC_073244.2_65266359_4	DN_NC_073244.2_65293743_4	1.000000	1.000000	4	4	4	4
DN_NC_073244.2_65266359_4	DN_NC_073244.2_65326089_4	1.000000	1.000000	4	4	4	4
DN_NC_073244.2_65266359_4	DN_NC_073244.2_65362909_5	0.750000	0.600000	4	5	3	3
DN_NC_073244.2_65266359_4	DN_NC_073244.2_65398487_4	0.000000	0.000000	4	4	0	0
DN_NC_073244.2_65293743_4	DN_NC_073244.2_65326089_4	1.000000	1.000000	4	4	4	4
DN_NC_073244.2_65293743_4	DN_NC_073244.2_65362909_5	0.750000	0.600000	4	5	3	3
DN_NC_073244.2_65293743_4	DN_NC_073244.2_65398487_4	0.000000	0.000000	4	4	0	0
DN_NC_073244.2_65293743_4	DN_NC_086017.1_41849524_2	0.500000	0.500000	4	2	2	1
DN_NC_073244.2_65326089_4	DN_NC_073244.2_65362909_5	0.750000	0.600000	4	5	3	3
DN_NC_073244.2_65326089_4	DN_NC_073244.2_65398487_4	0.750000	0.500000	4	4	3	2
DN_NC_073244.2_65362909_5	DN_NC_073244.2_65398487_4	0.600000	0.750000	5	4	3	3
DN_NC_073244.2_65362909_5	DN_NC_073246.2_15789285_3	0.000000	0.000000	5	3	0	0
DN_NC_073244.2_65470296_6	DN_NC_073244.2_68477557_5	0.000000	0.000000	6	5	0	0
DN_NC_073244.2_66923641_8	DN_NC_073244.2_66965840_13	0.125000	0.076923	8	13	1	1
DN_NC_073244.2_67776054_3	DN_NC_073244.2_67840893_3	1.000000	1.000000	3	3	3	3
DN_NC_073244.2_67840893_3	DN_NC_086018.1_30368542_3	0.000000	0.000000	3	3	0	0
DN_NC_073244.2_68258639_5	DN_NC_073244.2_68293337_5	0.800000	0.800000	5	5	4	4
DN_NC_073244.2_68258639_5	DN_NC_073244.2_68333010_5	1.000000	1.000000	5	5	5	5
DN_NC_073244.2_68293337_5	DN_NC_073244.2_68333010_5	1.000000	1.000000	5	5	5	5
DN_NC_073244.2_68477557_5	DN_NC_073244.2_68491976_5	0.000000	0.000000	5	5	0	0
DN_NC_073244.2_68491976_5	DN_NC_073244.2_68513423_5	0.000000	0.000000	5	5	0	0
DN_NC_073244.2_68548768_5	DN_NC_086017.1_54551513_4	0.000000	0.000000	5	4	0	0
DN_NC_073244.2_68611978_5	DN_NC_073244.2_68643423_8	0.000000	0.000000	5	8	0	0
DN_NC_073244.2_68699723_3	DN_NC_073244.2_68766684_2	0.000000	0.000000	3	2	0	0
DN_NC_073244.2_68699723_3	DN_NC_073244.2_70558480_2	0.000000	0.000000	3	2	0	0
DN_NC_073244.2_68699723_3	DN_NC_086018.1_17871581_2	0.000000	0.000000	3	2	0	0
DN_NC_073244.2_68766684_2	DN_NC_073244.2_70544393_4	0.000000	0.000000	2	4	0	0
DN_NC_073244.2_68766684_2	DN_NC_073244.2_70558480_2	0.000000	0.000000	2	2	0	0
DN_NC_073244.2_68766684_2	DN_NC_086018.1_17871581_2	0.000000	0.000000	2	2	0	0
DN_NC_073244.2_69294668_4	DN_NC_073244.2_69343714_4	0.750000	0.500000	4	4	3	2
DN_NC_073244.2_69294668_4	DN_NC_073244.2_69382679_3	0.000000	0.000000	4	3	0	0
DN_NC_073244.2_69294668_4	DN_NC_073244.2_69422908_4	0.000000	0.000000	4	4	0	0
DN_NC_073244.2_69294668_4	DN_NC_073244.2_69643403_5	0.000000	0.000000	4	5	0	0
DN_NC_073244.2_69343714_4	DN_NC_073244.2_69422908_4	0.000000	0.000000	4	4	0	0
DN_NC_073244.2_69343714_4	DN_NC_086017.1_54551513_4	0.000000	0.000000	4	4	0	0
DN_NC_073244.2_69382679_3	DN_NC_073244.2_69643403_5	0.000000	0.000000	3	5	0	0
DN_NC_073244.2_69422908_4	DN_NC_073244.2_69643403_5	0.000000	0.000000	4	5	0	0
DN_NC_073244.2_69422908_4	DN_NC_086017.1_54551513_4	0.000000	0.000000	4	4	0	0
DN_NC_073244.2_69454247_3	DN_NC_073244.2_69821764_4	0.000000	0.000000	3	4	0	0
DN_NC_073244.2_69454247_3	DN_NC_073244.2_69923242_3	0.000000	0.000000	3	3	0	0
DN_NC_073244.2_69454318_2	DN_NC_073244.2_69492904_4	0.000000	0.000000	2	4	0	0
DN_NC_073244.2_69454318_2	DN_NC_073244.2_69514207_2	0.000000	0.000000	2	2	0	0
DN_NC_073244.2_69454318_2	DN_NC_073244.2_69672458_4	0.000000	0.000000	2	4	0	0
DN_NC_073244.2_69454318_2	DN_NC_073244.2_69685713_2	0.000000	0.000000	2	2	0	0
DN_NC_073244.2_69454318_2	DN_NC_073244.2_69715659_3	0.000000	0.000000	2	3	0	0
DN_NC_073244.2_69454318_2	DN_NC_073244.2_69783488_3	0.000000	0.000000	2	3	0	0
DN_NC_073244.2_69454318_2	DN_NC_073244.2_69873255_2	0.000000	0.000000	2	3	0	0
DN_NC_073244.2_69454318_2	DN_NC_073244.2_70009554_3	0.000000	0.000000	2	3	0	0
DN_NC_073244.2_69454318_2	DN_NC_073244.2_70024584_5	0.000000	0.000000	2	5	0	0
DN_NC_073244.2_69454318_2	DN_NC_073244.2_70043245_2	0.000000	0.000000	2	2	0	0
DN_NC_073244.2_69466443_4	DN_NC_073244.2_69492904_4	0.000000	0.000000	4	4	0	0
DN_NC_073244.2_69466443_4	DN_NC_073244.2_69601170_4	0.000000	0.000000	4	4	0	0
DN_NC_073244.2_69466443_4	DN_NC_073244.2_69715828_2	0.000000	0.000000	4	2	0	0
DN_NC_073244.2_69466443_4	DN_NC_073244.2_69848672_3	0.000000	0.000000	4	3	0	0
DN_NC_073244.2_69466443_4	DN_NC_073244.2_69873255_2	0.000000	0.000000	4	3	0	0
DN_NC_073244.2_69466443_4	DN_NC_073244.2_70043245_2	0.000000	0.000000	4	2	0	0
DN_NC_073244.2_69466469_2	DN_NC_073247.2_24180353_4	0.500000	0.750000	2	4	1	3
DN_NC_073244.2_69492904_4	DN_NC_073244.2_69514207_2	0.000000	0.000000	4	2	0	0
DN_NC_073244.2_69492904_4	DN_NC_073244.2_69672458_4	0.000000	0.000000	4	4	0	0
DN_NC_073244.2_69492904_4	DN_NC_073244.2_69685721_4	0.000000	0.000000	4	4	0	0
DN_NC_073244.2_69492904_4	DN_NC_073244.2_69783488_3	0.000000	0.000000	4	3	0	0
DN_NC_073244.2_69492904_4	DN_NC_073244.2_69799604_5	0.000000	0.000000	4	5	0	0
DN_NC_073244.2_69492904_4	DN_NC_073244.2_69821764_4	0.000000	0.000000	4	4	0	0
DN_NC_073244.2_69492904_4	DN_NC_073244.2_69848672_3	0.000000	0.000000	4	3	0	0
DN_NC_073244.2_69492904_4	DN_NC_073244.2_69873255_2	0.000000	0.000000	4	3	0	0
DN_NC_073244.2_69492904_4	DN_NC_073244.2_69910623_3	0.000000	0.000000	4	3	0	0
DN_NC_073244.2_69492904_4	DN_NC_073244.2_69923243_2	0.000000	0.000000	4	2	0	0
DN_NC_073244.2_69492904_4	DN_NC_073244.2_70009554_3	0.000000	0.000000	4	3	0	0
DN_NC_073244.2_69492904_4	DN_NC_073244.2_70024584_5	0.000000	0.000000	4	5	0	0
DN_NC_073244.2_69492904_4	DN_NC_073244.2_70043245_2	0.000000	0.000000	4	2	0	0
DN_NC_073244.2_69492904_4	DN_NC_073244.2_70525717_3	0.000000	0.000000	4	3	0	0
DN_NC_073244.2_69514207_2	DN_NC_073244.2_69572632_2	0.000000	0.000000	2	2	0	0
DN_NC_073244.2_69514207_2	DN_NC_073244.2_69601170_4	0.000000	0.000000	2	4	0	0
DN_NC_073244.2_69514207_2	DN_NC_073244.2_69672458_4	0.000000	0.000000	2	4	0	0
DN_NC_073244.2_69514207_2	DN_NC_073244.2_69685698_2	0.000000	0.000000	2	2	0	0
DN_NC_073244.2_69514207_2	DN_NC_073244.2_69715659_3	0.000000	0.000000	2	3	0	0
DN_NC_073244.2_69514207_2	DN_NC_073244.2_69783488_3	0.000000	0.000000	2	3	0	0
DN_NC_073244.2_69514207_2	DN_NC_073244.2_69799604_5	0.000000	0.000000	2	5	0	0
DN_NC_073244.2_69514207_2	DN_NC_073244.2_69923243_2	0.000000	0.000000	2	2	0	0
DN_NC_073244.2_69514207_2	DN_NC_073244.2_69975553_3	0.000000	0.000000	2	3	0	0
DN_NC_073244.2_69514207_2	DN_NC_073244.2_70024584_5	0.000000	0.000000	2	5	0	0
DN_NC_073244.2_69514207_2	DN_NC_073244.2_70043245_2	0.000000	0.000000	2	2	0	0
DN_NC_073244.2_69514207_2	DN_NC_073244.2_70501781_3	0.000000	0.000000	2	3	0	0
DN_NC_073244.2_69514207_2	DN_NC_073244.2_70525717_3	0.000000	0.000000	2	3	0	0
DN_NC_073244.2_69538312_3	DN_NC_073244.2_69799604_5	0.000000	0.000000	3	5	0	0
DN_NC_073244.2_69572632_2	DN_NC_073244.2_69685713_2	0.000000	0.000000	2	2	0	0
DN_NC_073244.2_69572632_2	DN_NC_073244.2_69923243_2	0.000000	0.000000	2	2	0	0
DN_NC_073244.2_69572632_2	DN_NC_073244.2_70009554_3	0.000000	0.000000	2	3	0	0
DN_NC_073244.2_69572632_2	DN_NC_073244.2_70043245_2	0.000000	0.000000	2	2	0	0
DN_NC_073244.2_69572632_3	DN_NC_073244.2_69601170_4	0.000000	0.000000	3	4	0	0
DN_NC_073244.2_69572632_3	DN_NC_073244.2_69821764_4	0.000000	0.000000	3	4	0	0
DN_NC_073244.2_69572632_3	DN_NC_073244.2_70024584_5	0.000000	0.000000	3	5	0	0
DN_NC_073244.2_69572632_3	DN_NC_073244.2_70525717_3	0.000000	0.000000	3	3	0	0
DN_NC_073244.2_69601170_4	DN_NC_073244.2_69672458_4	0.000000	0.000000	4	4	0	0
DN_NC_073244.2_69601170_4	DN_NC_073244.2_69685698_2	0.000000	0.000000	4	2	0	0
DN_NC_073244.2_69601170_4	DN_NC_073244.2_69715828_2	0.000000	0.000000	4	2	0	0
DN_NC_073244.2_69601170_4	DN_NC_073244.2_69783488_3	0.000000	0.000000	4	3	0	0
DN_NC_073244.2_69601170_4	DN_NC_073244.2_69799604_5	0.000000	0.000000	4	5	0	0
DN_NC_073244.2_69601170_4	DN_NC_073244.2_69821764_4	0.000000	0.000000	4	4	0	0
DN_NC_073244.2_69601170_4	DN_NC_073244.2_69923243_2	0.000000	0.000000	4	2	0	0
DN_NC_073244.2_69601170_4	DN_NC_073244.2_70009554_3	0.000000	0.000000	4	3	0	0
DN_NC_073244.2_69601170_4	DN_NC_073244.2_70043245_2	0.000000	0.000000	4	2	0	0
DN_NC_073244.2_69601170_4	DN_NC_073244.2_70525717_3	0.000000	0.000000	4	3	0	0
DN_NC_073244.2_69628878_4	DN_NC_073244.2_69799604_5	0.000000	0.000000	4	5	0	0
DN_NC_073244.2_69628878_4	DN_NC_073244.2_70043245_2	0.000000	0.000000	4	2	0	0
DN_NC_073244.2_69643403_5	DN_NC_086017.1_54551513_4	0.000000	0.000000	5	4	0	0
DN_NC_073244.2_69672458_4	DN_NC_073244.2_69685698_2	0.000000	0.000000	4	2	0	0
DN_NC_073244.2_69672458_4	DN_NC_073244.2_69715659_3	0.000000	0.000000	4	3	0	0
DN_NC_073244.2_69672458_4	DN_NC_073244.2_69783488_3	0.000000	0.000000	4	3	0	0
DN_NC_073244.2_69672458_4	DN_NC_073244.2_69799604_5	0.000000	0.000000	4	5	0	0
DN_NC_073244.2_69672458_4	DN_NC_073244.2_69821764_4	0.000000	0.000000	4	4	0	0
DN_NC_073244.2_69672458_4	DN_NC_073244.2_69873255_2	0.000000	0.000000	4	3	0	0
DN_NC_073244.2_69672458_4	DN_NC_073244.2_69923243_2	0.000000	0.000000	4	2	0	0
DN_NC_073244.2_69672458_4	DN_NC_073244.2_69974453_2	0.000000	0.000000	4	2	0	0
DN_NC_073244.2_69672458_4	DN_NC_073244.2_70024584_5	0.000000	0.000000	4	5	0	0
DN_NC_073244.2_69672458_4	DN_NC_073244.2_70043245_2	0.000000	0.000000	4	2	0	0
DN_NC_073244.2_69672458_4	DN_NC_073244.2_70525717_3	0.000000	0.000000	4	3	0	0
DN_NC_073244.2_69685698_2	DN_NC_073244.2_69715828_2	0.000000	0.000000	2	2	0	0
DN_NC_073244.2_69685698_2	DN_NC_073244.2_69799604_5	0.000000	0.000000	2	5	0	0
DN_NC_073244.2_69685698_2	DN_NC_073244.2_69821764_4	0.000000	0.000000	2	4	0	0
DN_NC_073244.2_69685698_2	DN_NC_073244.2_69873255_2	0.000000	0.000000	2	3	0	0
DN_NC_073244.2_69685698_2	DN_NC_073244.2_69975553_3	0.000000	0.000000	2	3	0	0
DN_NC_073244.2_69685698_2	DN_NC_073244.2_70024584_5	0.000000	0.000000	2	5	0	0
DN_NC_073244.2_69685698_2	DN_NC_073244.2_70043245_2	0.000000	0.000000	2	2	0	0
DN_NC_073244.2_69685721_4	DN_NC_073244.2_70525717_3	0.000000	0.000000	4	3	0	0
DN_NC_073244.2_69715659_3	DN_NC_073244.2_69799604_5	0.000000	0.000000	3	5	0	0
DN_NC_073244.2_69715659_3	DN_NC_073244.2_70525717_3	0.000000	0.000000	3	3	0	0
DN_NC_073244.2_69715828_2	DN_NC_073244.2_69783488_3	0.000000	0.000000	2	3	0	0
DN_NC_073244.2_69715828_2	DN_NC_073244.2_69821764_4	0.000000	0.000000	2	4	0	0
DN_NC_073244.2_69715828_2	DN_NC_073244.2_70009554_3	0.000000	0.000000	2	3	0	0
DN_NC_073244.2_69715828_2	DN_NC_073244.2_70043245_2	0.000000	0.000000	2	2	0	0
DN_NC_073244.2_69783488_3	DN_NC_073244.2_69799604_5	0.000000	0.000000	3	5	0	0
DN_NC_073244.2_69783488_3	DN_NC_073244.2_69821764_4	0.000000	0.000000	3	4	0	0
DN_NC_073244.2_69783488_3	DN_NC_073244.2_69873255_2	0.000000	0.000000	3	3	0	0
DN_NC_073244.2_69783488_3	DN_NC_073244.2_69923243_2	0.000000	0.000000	3	2	0	0
DN_NC_073244.2_69783488_3	DN_NC_073244.2_69975553_3	0.000000	0.000000	3	3	0	0
DN_NC_073244.2_69783488_3	DN_NC_073244.2_70024584_5	0.000000	0.000000	3	5	0	0
DN_NC_073244.2_69783488_3	DN_NC_073244.2_70043245_2	0.000000	0.000000	3	2	0	0
DN_NC_073244.2_69783488_3	DN_NC_073244.2_70525717_3	0.000000	0.000000	3	3	0	0
DN_NC_073244.2_69799604_5	DN_NC_073244.2_69821764_4	0.000000	0.000000	5	4	0	0
DN_NC_073244.2_69799604_5	DN_NC_073244.2_69848672_3	0.000000	0.000000	5	3	0	0
DN_NC_073244.2_69799604_5	DN_NC_073244.2_69910623_3	0.000000	0.000000	5	3	0	0
DN_NC_073244.2_69799604_5	DN_NC_073244.2_69923243_2	0.000000	0.000000	5	2	0	0
DN_NC_073244.2_69799604_5	DN_NC_073244.2_70009554_3	0.000000	0.000000	5	3	0	0
DN_NC_073244.2_69799604_5	DN_NC_073244.2_70024584_5	0.000000	0.000000	5	5	0	0
DN_NC_073244.2_69799604_5	DN_NC_073244.2_70043245_2	0.000000	0.000000	5	2	0	0
DN_NC_073244.2_69799604_5	DN_NC_073244.2_70525717_3	0.000000	0.000000	5	3	0	0
DN_NC_073244.2_69821764_4	DN_NC_073244.2_69848672_3	0.000000	0.000000	4	3	0	0
DN_NC_073244.2_69821764_4	DN_NC_073244.2_69923243_2	0.000000	0.000000	4	2	0	0
DN_NC_073244.2_69821764_4	DN_NC_073244.2_70009554_3	0.000000	0.000000	4	3	0	0
DN_NC_073244.2_69821764_4	DN_NC_073244.2_70024584_5	0.000000	0.000000	4	5	0	0
DN_NC_073244.2_69821764_4	DN_NC_073244.2_70043245_2	0.000000	0.000000	4	2	0	0
DN_NC_073244.2_69821764_4	DN_NC_073244.2_70525717_3	0.000000	0.000000	4	3	0	0
DN_NC_073244.2_69848672_3	DN_NC_073244.2_69910623_3	0.000000	0.000000	3	3	0	0
DN_NC_073244.2_69848672_3	DN_NC_073244.2_70525717_3	0.000000	0.000000	3	3	0	0
DN_NC_073244.2_69848694_2	DN_NC_073244.2_69873255_2	0.000000	0.000000	2	3	0	0
DN_NC_073244.2_69848694_2	DN_NC_073244.2_69923242_3	0.000000	0.000000	2	3	0	0
DN_NC_073244.2_69848694_2	DN_NC_073244.2_70009554_3	0.000000	0.000000	2	3	0	0
DN_NC_073244.2_69848694_2	DN_NC_073244.2_70024584_5	0.000000	0.000000	2	5	0	0
DN_NC_073244.2_69848694_2	DN_NC_073244.2_70043245_2	0.000000	0.000000	2	2	0	0
DN_NC_073244.2_69873255_2	DN_NC_073244.2_69923243_2	0.000000	0.000000	3	2	0	0
DN_NC_073244.2_69873255_2	DN_NC_073244.2_69975553_3	0.000000	0.000000	3	3	0	0
DN_NC_073244.2_69873255_2	DN_NC_073244.2_70024584_5	0.000000	0.000000	3	5	0	0
DN_NC_073244.2_69873255_2	DN_NC_073244.2_70525717_3	0.000000	0.000000	3	3	0	0
DN_NC_073244.2_69910623_3	DN_NC_073244.2_69923242_3	0.000000	0.000000	3	3	0	0
DN_NC_073244.2_69910623_3	DN_NC_073244.2_70009554_3	0.000000	0.000000	3	3	0	0
DN_NC_073244.2_69910623_3	DN_NC_073244.2_70024584_5	0.333333	0.200000	3	5	1	1
DN_NC_073244.2_69923242_3	DN_NC_073244.2_70009554_3	0.666667	1.000000	3	3	2	3
DN_NC_073244.2_69923242_3	DN_NC_073244.2_70043245_2	0.000000	0.000000	3	2	0	0
DN_NC_073244.2_69923243_2	DN_NC_073244.2_70024584_5	0.000000	0.000000	2	5	0	0
DN_NC_073244.2_69923243_2	DN_NC_073244.2_70525717_3	0.000000	0.000000	2	3	0	0
DN_NC_073244.2_69974453_2	DN_NC_073244.2_70525717_3	0.000000	0.000000	2	3	0	0
DN_NC_073244.2_69975553_3	DN_NC_073244.2_70024584_5	0.666667	0.200000	3	5	2	1
DN_NC_073244.2_69975553_3	DN_NC_073244.2_70043245_2	0.000000	0.000000	3	2	0	0
DN_NC_073244.2_70024584_5	DN_NC_073244.2_70042341_3	0.000000	0.000000	5	3	0	0
DN_NC_073244.2_70024584_5	DN_NC_073244.2_70525717_3	0.000000	0.000000	5	3	0	0
DN_NC_073244.2_70043245_2	DN_NC_073244.2_70525717_3	0.000000	0.000000	2	3	0	0
DN_NC_073244.2_70077616_7	DN_NC_073247.2_56899135_7	0.000000	0.000000	7	7	0	0
DN_NC_073244.2_70077616_7	DN_NC_073247.2_58372296_6	0.000000	0.000000	7	5	0	0
DN_NC_073244.2_70077616_7	DN_NC_086017.1_85766278_5	0.000000	0.000000	7	5	0	0
DN_NC_073244.2_70159242_5	DN_NC_073244.2_70323040_7	0.000000	0.000000	5	7	0	0
DN_NC_073244.2_70159242_5	DN_NC_086018.1_21231592_2	0.000000	0.000000	5	2	0	0
DN_NC_073244.2_70544393_4	DN_NC_073244.2_70556426_4	0.750000	0.750000	4	4	3	3
DN_NC_073244.2_70818649_5	DN_NC_086017.1_211655827_5	1.000000	1.000000	5	5	5	5
DN_NC_073244.2_70818649_5	DN_NC_086017.1_9337960_4	0.600000	0.750000	5	4	3	3
DN_NC_073244.2_7138158_14	DN_NC_073247.2_117958904_5	0.000000	0.000000	14	5	0	0
DN_NC_073244.2_8619131_4	DN_NC_073244.2_8680135_4	0.000000	0.000000	4	4	0	0
DN_NC_073244.2_8619131_4	DN_NC_073244.2_8711681_4	0.000000	0.000000	4	4	0	0
DN_NC_073244.2_8680135_4	DN_NC_073244.2_8711681_4	0.000000	0.000000	4	4	0	0
DN_NC_073245.2_11562885_6	DN_NC_073245.2_11814428_9	0.500000	0.333333	6	9	3	3
DN_NC_073245.2_12403861_6	DN_NC_073245.2_28291357_5	0.000000	0.000000	6	5	0	0
DN_NC_073245.2_12403861_6	DN_NC_073245.2_35678363_2	0.000000	0.000000	6	2	0	0
DN_NC_073245.2_12403861_6	DN_NC_086017.1_58115065_4	0.000000	0.000000	6	4	0	0
DN_NC_073245.2_15006691_4	DN_NC_073247.2_119718095_2	0.000000	0.000000	4	2	0	0
DN_NC_073245.2_28291357_5	DN_NC_073245.2_35678256_5	0.000000	0.000000	5	5	0	0
DN_NC_073245.2_30021133_6	DN_NC_073245.2_30036345_14	0.166667	0.071429	6	14	1	1
DN_NC_073245.2_35160176_6	DN_NC_073247.2_105439613_2	0.000000	0.000000	6	2	0	0
DN_NC_073245.2_35742393_2	DN_NC_073245.2_35910982_4	0.500000	0.250000	2	4	1	1
DN_NC_073245.2_47429376_4	DN_NC_086018.1_24877691_3	0.000000	0.000000	4	3	0	0
DN_NC_073245.2_47878766_13	DN_NC_073245.2_47908723_3	0.000000	0.000000	13	3	0	0
DN_NC_073245.2_56763975_4	DN_NC_073245.2_56852545_12	0.000000	0.083333	4	12	0	1
DN_NC_073245.2_58117175_2	DN_NC_073245.2_58118781_15	0.500000	0.066667	2	15	1	1
DN_NC_073245.2_58728682_5	DN_NC_073247.2_58372296_6	0.000000	0.000000	5	5	0	0
DN_NC_073245.2_58728682_5	DN_NC_086017.1_85766278_5	0.000000	0.000000	5	5	0	0
DN_NC_073245.2_68791722_2	DN_NC_073245.2_68800206_2	1.000000	1.000000	2	2	2	2
DN_NC_073245.2_71261640_15	DN_NC_073245.2_71275662_6	0.000000	0.166667	15	6	0	1
DN_NC_073245.2_9841009_7	DN_NC_073247.2_30010111_18	0.714286	0.277778	7	18	5	5
DN_NC_073246.2_11287585_8	DN_NC_073248.2_45277558_8	0.875000	0.875000	8	8	7	7
DN_NC_073246.2_2173988_2	DN_NC_086018.1_1713296_2	1.000000	1.000000	2	2	2	2
DN_NC_073246.2_2235416_3	DN_NC_086018.1_1774757_3	1.000000	1.000000	3	3	3	3
DN_NC_073246.2_2464898_3	DN_NC_086018.1_2012052_3	1.000000	1.000000	3	3	3	3
DN_NC_073246.2_34687084_3	DN_NC_073246.2_34687085_2	1.000000	1.000000	3	2	3	2
DN_NC_073246.2_37979530_3	DN_NC_073246.2_38044178_3	0.000000	0.000000	3	3	0	0
DN_NC_073246.2_43257837_14	DN_NC_073246.2_43317314_17	0.000000	0.000000	14	17	0	0
DN_NC_073247.2_113908222_3	DN_NC_073247.2_113922705_3	0.000000	0.000000	3	3	0	0
DN_NC_073247.2_113908222_3	DN_NC_073247.2_115371773_3	0.666667	0.333333	3	3	2	1
DN_NC_073247.2_113908222_3	DN_NC_073247.2_115394224_3	0.666667	0.666667	3	3	2	2
DN_NC_073247.2_113922705_3	DN_NC_073247.2_115050911_3	0.333333	0.000000	3	3	1	0
DN_NC_073247.2_113922705_3	DN_NC_073247.2_115394224_3	1.000000	0.666667	3	3	3	2
DN_NC_073247.2_113936318_3	DN_NC_073247.2_115162367_2	0.000000	0.000000	3	2	0	0
DN_NC_073247.2_114041704_23	DN_NC_073247.2_114140052_23	1.000000	1.000000	23	23	23	23
DN_NC_073247.2_114041704_23	DN_NC_073247.2_114854872_20	0.260870	0.300000	23	20	6	6
DN_NC_073247.2_114140052_23	DN_NC_073247.2_114854872_20	0.260870	0.300000	23	20	6	6
DN_NC_073247.2_114234875_11	DN_NC_073247.2_147586730_5	0.000000	0.000000	11	5	0	0
DN_NC_073247.2_114842677_3	DN_NC_073247.2_115094764_3	0.666667	0.666667	3	3	2	2
DN_NC_073247.2_114994295_3	DN_NC_073247.2_115162367_2	0.000000	0.000000	3	2	0	0
DN_NC_073247.2_115050911_3	DN_NC_073247.2_115394224_3	0.000000	0.000000	3	3	0	0
DN_NC_073247.2_115708949_2	DN_NC_073247.2_147586730_5	0.000000	0.000000	2	5	0	0
DN_NC_073247.2_115884983_3	DN_NC_073247.2_130545427_4	0.333333	0.250000	3	4	1	1
DN_NC_073247.2_11741821_2	DN_NC_073248.2_9064807_2	0.500000	0.500000	2	2	1	1
DN_NC_073247.2_119410020_7	DN_NC_073247.2_23260131_7	0.000000	0.000000	7	7	0	0
DN_NC_073247.2_131152949_4	DN_NC_073248.2_8111002_4	0.000000	0.000000	4	4	0	0
DN_NC_073247.2_131468464_3	DN_NC_086017.1_198207851_3	0.000000	0.000000	3	3	0	0
DN_NC_073247.2_131774354_4	DN_NC_073247.2_131863961_4	1.000000	1.000000	4	4	4	4
DN_NC_073247.2_137840069_2	DN_NC_073247.2_138224742_2	0.500000	0.500000	2	2	1	1
DN_NC_073247.2_147316506_18	DN_NC_073247.2_147600611_20	0.000000	0.000000	18	20	0	0
DN_NC_073247.2_147692428_16	DN_NC_073247.2_57005939_17	0.000000	0.000000	16	17	0	0
DN_NC_073247.2_153600158_4	DN_NC_073247.2_153901396_3	0.000000	0.000000	4	3	0	0
DN_NC_073247.2_161158664_6	DN_NC_073247.2_161607555_5	0.833333	0.800000	6	5	5	4
DN_NC_073247.2_161251228_4	DN_NC_073247.2_161458538_3	0.500000	0.666667	4	3	2	2
DN_NC_073247.2_161251228_4	DN_NC_073247.2_161556098_3	0.000000	0.000000	4	3	0	0
DN_NC_073247.2_161251228_4	DN_NC_073247.2_163590486_3	0.000000	0.000000	4	3	0	0
DN_NC_073247.2_161251228_4	DN_NC_073247.2_163809311_4	0.000000	0.000000	4	4	0	0
DN_NC_073247.2_161251228_4	DN_NC_073247.2_164381237_2	0.000000	0.000000	4	2	0	0
DN_NC_073247.2_161251228_4	DN_NC_073247.2_164397061_3	0.000000	0.000000	4	3	0	0
DN_NC_073247.2_161251228_4	DN_NC_073247.2_164407414_2	0.000000	0.000000	4	2	0	0
DN_NC_073247.2_161251228_4	DN_NC_073247.2_164426194_3	0.000000	0.000000	4	3	0	0
DN_NC_073247.2_161251228_4	DN_NC_073247.2_164442447_2	0.000000	0.000000	4	2	0	0
DN_NC_073247.2_161251228_4	DN_NC_073247.2_164861277_3	0.000000	0.000000	4	3	0	0
DN_NC_073247.2_161266095_3	DN_NC_073247.2_161413981_7	1.000000	0.285714	3	7	3	2
DN_NC_073247.2_161458538_3	DN_NC_073247.2_161556098_3	0.000000	0.000000	3	3	0	0
DN_NC_073247.2_161458538_3	DN_NC_073247.2_163590486_3	0.000000	0.000000	3	3	0	0
DN_NC_073247.2_161458538_3	DN_NC_073247.2_163809311_4	0.000000	0.000000	3	4	0	0
DN_NC_073247.2_161458538_3	DN_NC_073247.2_164381237_2	0.000000	0.000000	3	2	0	0
DN_NC_073247.2_161458538_3	DN_NC_073247.2_164397061_3	0.000000	0.000000	3	3	0	0
DN_NC_073247.2_161458538_3	DN_NC_073247.2_164407414_2	0.000000	0.000000	3	2	0	0
DN_NC_073247.2_161458538_3	DN_NC_073247.2_164426194_3	0.000000	0.000000	3	3	0	0
DN_NC_073247.2_161458538_3	DN_NC_073247.2_164442447_2	0.000000	0.000000	3	2	0	0
DN_NC_073247.2_161458538_3	DN_NC_073247.2_164861277_3	0.000000	0.000000	3	3	0	0
DN_NC_073247.2_161556098_3	DN_NC_073247.2_163590486_3	0.000000	0.000000	3	3	0	0
DN_NC_073247.2_161556098_3	DN_NC_073247.2_164381237_2	0.000000	0.000000	3	2	0	0
DN_NC_073247.2_161556098_3	DN_NC_073247.2_164397061_3	0.000000	0.000000	3	3	0	0
DN_NC_073247.2_161556098_3	DN_NC_073247.2_164407411_3	0.000000	0.000000	3	3	0	0
DN_NC_073247.2_161556098_3	DN_NC_073247.2_164426194_3	0.000000	0.000000	3	3	0	0
DN_NC_073247.2_161556098_3	DN_NC_073247.2_164442447_2	0.000000	0.000000	3	2	0	0
DN_NC_073247.2_161556098_3	DN_NC_073247.2_164861277_3	0.000000	0.000000	3	3	0	0
DN_NC_073247.2_163590486_3	DN_NC_073247.2_163809311_4	0.000000	0.000000	3	4	0	0
DN_NC_073247.2_163590486_3	DN_NC_073247.2_164381237_2	0.000000	0.000000	3	2	0	0
DN_NC_073247.2_163590486_3	DN_NC_073247.2_164397061_3	0.333333	0.333333	3	3	1	1
DN_NC_073247.2_163590486_3	DN_NC_073247.2_164405406_2	0.333333	0.000000	3	2	1	0
DN_NC_073247.2_163590486_3	DN_NC_073247.2_164426194_3	0.333333	0.333333	3	3	1	1
DN_NC_073247.2_163590486_3	DN_NC_073247.2_164442447_2	0.000000	0.000000	3	2	0	0
DN_NC_073247.2_163590486_3	DN_NC_073247.2_164861277_3	0.666667	0.666667	3	3	2	2
DN_NC_073247.2_163809311_4	DN_NC_073247.2_164861277_3	0.000000	0.000000	4	3	0	0
DN_NC_073247.2_164381222_3	DN_NC_073247.2_164442447_3	1.000000	1.000000	3	3	3	3
DN_NC_073247.2_164381237_2	DN_NC_073247.2_164397061_3	0.500000	0.333333	2	3	1	1
DN_NC_073247.2_164381237_2	DN_NC_073247.2_164405406_2	0.500000	0.000000	2	2	1	0
DN_NC_073247.2_164381237_2	DN_NC_073247.2_164426194_3	0.500000	0.333333	2	3	1	1
DN_NC_073247.2_164381237_2	DN_NC_073247.2_164861277_3	0.500000	0.333333	2	3	1	1
DN_NC_073247.2_164397061_3	DN_NC_073247.2_164405406_2	1.000000	0.500000	3	2	3	1
DN_NC_073247.2_164397061_3	DN_NC_073247.2_164426194_3	1.000000	1.000000	3	3	3	3
DN_NC_073247.2_164397061_3	DN_NC_073247.2_164442447_3	1.000000	1.000000	3	3	3	3
DN_NC_073247.2_164397061_3	DN_NC_073247.2_164861277_3	0.333333	0.333333	3	3	1	1
DN_NC_073247.2_164405406_2	DN_NC_073247.2_164426194_3	0.500000	1.000000	2	3	1	3
DN_NC_073247.2_164405406_2	DN_NC_073247.2_164861277_3	0.000000	0.333333	2	3	0	1
DN_NC_073247.2_164407411_3	DN_NC_073247.2_164442447_2	0.333333	0.500000	3	2	1	1
DN_NC_073247.2_164407414_2	DN_NC_073247.2_36669088_2	0.000000	0.000000	2	2	0	0
DN_NC_073247.2_164426194_3	DN_NC_073247.2_164442447_3	1.000000	1.000000	3	3	3	3
DN_NC_073247.2_164426194_3	DN_NC_073247.2_164861277_3	0.333333	0.333333	3	3	1	1
DN_NC_073247.2_164442447_2	DN_NC_073247.2_164861277_3	0.500000	0.333333	2	3	1	1
DN_NC_073247.2_165002679_2	DN_NC_073247.2_165081266_2	0.500000	0.500000	2	2	1	1
DN_NC_073247.2_165490291_8	DN_NC_086017.1_83275067_10	0.000000	0.000000	8	10	0	0
DN_NC_073247.2_166164942_10	DN_NC_073247.2_166250782_8	0.700000	0.875000	10	8	7	7
DN_NC_073247.2_167707352_7	DN_NC_086018.1_48818439_9	0.857143	1.000000	7	9	6	9
DN_NC_073247.2_17003459_2	DN_NC_073247.2_18318973_2	1.000000	0.500000	2	2	2	1
DN_NC_073247.2_17003459_2	DN_NC_073247.2_18638732_2	1.000000	1.000000	2	2	2	2
DN_NC_073247.2_17003459_2	DN_NC_073247.2_18934892_2	1.000000	1.000000	2	2	2	2
DN_NC_073247.2_17003459_2	DN_NC_073248.2_30080680_2	1.000000	1.000000	2	2	2	2
DN_NC_073247.2_18318973_2	DN_NC_073247.2_18638732_2	1.000000	1.000000	2	2	2	2
DN_NC_073247.2_18318973_2	DN_NC_073247.2_18934892_2	1.000000	1.000000	2	2	2	2
DN_NC_073247.2_18318973_2	DN_NC_073248.2_30080680_2	1.000000	1.000000	2	2	2	2
DN_NC_073247.2_18638732_2	DN_NC_073247.2_18934892_2	1.000000	1.000000	2	2	2	2
DN_NC_073247.2_18638732_2	DN_NC_073248.2_30080680_2	1.000000	1.000000	2	2	2	2
DN_NC_073247.2_18934892_2	DN_NC_073248.2_30080680_2	1.000000	1.000000	2	2	2	2
DN_NC_073247.2_23442611_3	DN_NC_073248.2_30409029_3	0.000000	0.000000	3	3	0	0
DN_NC_073247.2_30604924_7	DN_NC_073248.2_26554434_7	0.714286	0.714286	7	7	5	5
DN_NC_073247.2_30634906_22	DN_NC_073247.2_95843403_22	0.000000	0.000000	22	22	0	0
DN_NC_073247.2_34649963_8	DN_NC_073248.2_9517725_8	0.750000	0.750000	8	8	6	6
DN_NC_073247.2_36669088_2	DN_NC_073247.2_36702175_2	0.500000	0.500000	2	2	1	1
DN_NC_073247.2_36669088_2	DN_NC_073247.2_40731967_2	0.000000	0.000000	2	2	0	0
DN_NC_073247.2_36669088_2	DN_NC_073247.2_40764337_2	0.000000	0.000000	2	2	0	0
DN_NC_073247.2_36702175_2	DN_NC_073247.2_40764337_2	0.000000	0.000000	2	2	0	0
DN_NC_073247.2_38333222_3	DN_NC_073247.2_40760693_3	0.000000	0.000000	3	3	0	0
DN_NC_073247.2_38356425_2	DN_NC_073247.2_40747465_5	0.000000	0.000000	2	5	0	0
DN_NC_073247.2_40732536_2	DN_NC_073247.2_40764337_2	0.000000	0.000000	2	2	0	0
DN_NC_073247.2_40747465_5	DN_NC_073247.2_40764337_2	0.000000	0.000000	5	2	0	0
DN_NC_073247.2_51197700_2	DN_NC_086018.1_19844955_6	0.500000	0.111111	2	9	1	1
DN_NC_073247.2_51578190_11	DN_NC_073248.2_31260866_11	0.909091	0.909091	11	11	10	10
DN_NC_073247.2_51699012_17	DN_NC_073248.2_31199793_17	0.882353	0.823529	17	17	15	14
DN_NC_073247.2_54047427_15	DN_NC_073247.2_54163080_15	0.000000	0.000000	15	15	0	0
DN_NC_073247.2_56848572_6	DN_NC_073247.2_56899135_7	0.666667	0.571429	6	7	4	4
DN_NC_073247.2_56899135_7	DN_NC_073247.2_57761829_5	0.000000	0.000000	7	5	0	0
DN_NC_073247.2_56899135_7	DN_NC_073247.2_57840463_5	0.000000	0.000000	7	5	0	0
DN_NC_073247.2_56899135_7	DN_NC_073247.2_58228088_5	0.000000	0.000000	7	5	0	0
DN_NC_073247.2_56899135_7	DN_NC_073247.2_58372296_6	0.000000	0.000000	7	5	0	0
DN_NC_073247.2_56899135_7	DN_NC_086017.1_85766278_5	0.000000	0.000000	7	5	0	0
DN_NC_073247.2_57005939_17	DN_NC_086017.1_154449519_16	0.000000	0.000000	17	16	0	0
DN_NC_073247.2_57761829_5	DN_NC_073247.2_58372296_6	0.000000	0.000000	5	5	0	0
DN_NC_073247.2_57761829_5	DN_NC_086017.1_85766278_5	0.000000	0.000000	5	5	0	0
DN_NC_073247.2_57840463_5	DN_NC_073247.2_58228088_5	0.000000	0.000000	5	5	0	0
DN_NC_073247.2_57840463_5	DN_NC_073247.2_58372296_6	0.000000	0.000000	5	5	0	0
DN_NC_073247.2_57840463_5	DN_NC_086017.1_85766278_5	0.000000	0.000000	5	5	0	0
DN_NC_073247.2_58228088_5	DN_NC_073247.2_58372296_6	0.000000	0.000000	5	5	0	0
DN_NC_073247.2_58372296_6	DN_NC_086017.1_85766278_5	0.000000	0.000000	5	5	0	0
DN_NC_073247.2_58634411_8	DN_NC_073247.2_62823555_8	0.875000	0.875000	8	8	7	7
DN_NC_073247.2_58634411_8	DN_NC_073247.2_62876862_8	0.875000	0.875000	8	8	7	7
DN_NC_073247.2_59696701_5	DN_NC_073247.2_59706220_5	1.000000	1.000000	5	5	5	5
DN_NC_073247.2_59696701_5	DN_NC_073247.2_59715729_5	1.000000	1.000000	5	5	5	5
DN_NC_073247.2_59696701_5	DN_NC_073247.2_59725264_5	1.000000	1.000000	5	5	5	5
DN_NC_073247.2_59696701_5	DN_NC_073247.2_59744368_5	0.800000	1.000000	5	5	4	5
DN_NC_073247.2_59696701_5	DN_NC_073247.2_59772963_5	1.000000	1.000000	5	5	5	5
DN_NC_073247.2_59696701_5	DN_NC_073247.2_59782481_5	0.800000	1.000000	5	5	4	5
DN_NC_073247.2_59696701_5	DN_NC_073247.2_59792068_6	0.800000	0.666667	5	6	4	4
DN_NC_073247.2_59696701_5	DN_NC_073247.2_59878462_6	0.000000	0.000000	5	6	0	0
DN_NC_073247.2_59706220_5	DN_NC_073247.2_59715729_5	1.000000	1.000000	5	5	5	5
DN_NC_073247.2_59706220_5	DN_NC_073247.2_59725264_5	1.000000	1.000000	5	5	5	5
DN_NC_073247.2_59706220_5	DN_NC_073247.2_59744368_5	0.800000	1.000000	5	5	4	5
DN_NC_073247.2_59706220_5	DN_NC_073247.2_59772963_5	1.000000	1.000000	5	5	5	5
DN_NC_073247.2_59706220_5	DN_NC_073247.2_59782481_5	0.800000	1.000000	5	5	4	5
DN_NC_073247.2_59706220_5	DN_NC_073247.2_59792068_6	0.800000	0.666667	5	6	4	4
DN_NC_073247.2_59706220_5	DN_NC_073247.2_59878462_6	0.000000	0.000000	5	6	0	0
DN_NC_073247.2_59715729_5	DN_NC_073247.2_59725264_5	1.000000	1.000000	5	5	5	5
DN_NC_073247.2_59715729_5	DN_NC_073247.2_59744368_5	0.800000	1.000000	5	5	4	5
DN_NC_073247.2_59715729_5	DN_NC_073247.2_59772963_5	1.000000	1.000000	5	5	5	5
DN_NC_073247.2_59715729_5	DN_NC_073247.2_59782481_5	0.800000	1.000000	5	5	4	5
DN_NC_073247.2_59715729_5	DN_NC_073247.2_59792068_6	0.800000	0.666667	5	6	4	4
DN_NC_073247.2_59715729_5	DN_NC_073247.2_59878462_6	0.000000	0.000000	5	6	0	0
DN_NC_073247.2_59725264_5	DN_NC_073247.2_59744368_5	0.800000	1.000000	5	5	4	5
DN_NC_073247.2_59725264_5	DN_NC_073247.2_59772963_5	1.000000	1.000000	5	5	5	5
DN_NC_073247.2_59725264_5	DN_NC_073247.2_59782481_5	0.800000	1.000000	5	5	4	5
DN_NC_073247.2_59725264_5	DN_NC_073247.2_59792068_6	0.800000	0.666667	5	6	4	4
DN_NC_073247.2_59725264_5	DN_NC_073247.2_59878462_6	0.000000	0.000000	5	6	0	0
DN_NC_073247.2_59744368_5	DN_NC_073247.2_59753367_5	1.000000	0.800000	5	5	5	4
DN_NC_073247.2_59744368_5	DN_NC_073247.2_59772963_5	1.000000	0.800000	5	5	5	4
DN_NC_073247.2_59744368_5	DN_NC_073247.2_59782481_5	1.000000	1.000000	5	5	5	5
DN_NC_073247.2_59744368_5	DN_NC_073247.2_59792068_6	0.800000	0.666667	5	6	4	4
DN_NC_073247.2_59744368_5	DN_NC_073247.2_59878462_6	0.000000	0.000000	5	6	0	0
DN_NC_073247.2_59753367_5	DN_NC_073247.2_59782481_5	0.800000	1.000000	5	5	4	5
DN_NC_073247.2_59753367_5	DN_NC_073247.2_59878462_6	0.000000	0.000000	5	6	0	0
DN_NC_073247.2_59772963_5	DN_NC_073247.2_59782481_5	0.800000	1.000000	5	5	4	5
DN_NC_073247.2_59772963_5	DN_NC_073247.2_59792068_6	0.800000	0.666667	5	6	4	4
DN_NC_073247.2_59772963_5	DN_NC_073247.2_59878462_6	0.000000	0.000000	5	6	0	0
DN_NC_073247.2_59782481_5	DN_NC_073247.2_59792068_6	0.800000	0.666667	5	6	4	4
DN_NC_073247.2_59782481_5	DN_NC_073247.2_59878462_6	0.000000	0.000000	5	6	0	0
DN_NC_073247.2_59792068_6	DN_NC_073247.2_59878462_6	0.000000	0.000000	6	6	0	0
DN_NC_073247.2_61509959_2	DN_NC_073247.2_61690478_2	0.500000	0.500000	2	2	1	1
DN_NC_073247.2_62249491_13	DN_NC_073247.2_62361057_13	1.000000	1.000000	13	13	13	13
DN_NC_073247.2_62249491_13	DN_NC_073247.2_64998786_13	0.000000	0.000000	13	13	0	0
DN_NC_073247.2_62361057_13	DN_NC_073247.2_64998786_13	0.000000	0.000000	13	13	0	0
DN_NC_073247.2_62664010_4	DN_NC_073247.2_62680287_4	1.000000	1.000000	4	4	4	4
DN_NC_073247.2_62823555_8	DN_NC_073247.2_62876862_8	1.000000	1.000000	8	8	8	8
DN_NC_073247.2_63315044_26	DN_NC_073248.2_27118037_27	0.923077	0.925926	26	27	24	25
DN_NC_073247.2_64556424_5	DN_NC_073247.2_64561534_19	0.000000	0.052632	5	19	0	1
DN_NC_073247.2_64921939_13	DN_NC_073247.2_64998786_13	0.000000	0.000000	13	13	0	0
DN_NC_073247.2_67140263_2	DN_NC_073247.2_67278734_2	0.000000	0.000000	2	2	0	0
DN_NC_073247.2_84011480_7	DN_NC_073248.2_26366947_7	0.000000	0.000000	7	7	0	0
DN_NC_073247.2_84011480_7	DN_NC_073248.2_9423438_7	0.000000	0.000000	7	7	0	0
DN_NC_073247.2_84517974_3	DN_NC_073247.2_84653260_2	0.000000	0.000000	3	2	0	0
DN_NC_073247.2_84517974_3	DN_NC_073247.2_84678651_3	1.000000	1.000000	3	3	3	3
DN_NC_073247.2_84653260_2	DN_NC_073247.2_84678651_3	0.000000	0.000000	2	3	0	0
DN_NC_073248.2_15918163_7	DN_NC_073248.2_16416010_5	0.857143	1.000000	7	5	6	5
DN_NC_073248.2_15918163_7	DN_NC_073248.2_19602755_10	0.857143	0.600000	7	10	6	6
DN_NC_073248.2_15918163_7	DN_NC_073248.2_19671639_11	0.857143	0.545455	7	11	6	6
DN_NC_073248.2_15918163_7	DN_NC_073248.2_19694607_11	0.857143	0.545455	7	11	6	6
DN_NC_073248.2_15918163_7	DN_NC_073248.2_25704431_6	0.857143	1.000000	7	6	6	6
DN_NC_073248.2_15918163_7	DN_NC_073248.2_25725363_11	0.857143	0.545455	7	11	6	6
DN_NC_073248.2_16416010_5	DN_NC_073248.2_19602755_10	0.800000	0.600000	5	10	4	6
DN_NC_073248.2_16416010_5	DN_NC_073248.2_19671639_11	0.800000	0.545455	5	11	4	6
DN_NC_073248.2_16416010_5	DN_NC_073248.2_19694607_11	0.800000	0.545455	5	11	4	6
DN_NC_073248.2_16416010_5	DN_NC_073248.2_25704431_6	1.000000	1.000000	5	6	5	6
DN_NC_073248.2_16416010_5	DN_NC_073248.2_25725363_11	0.800000	0.545455	5	11	4	6
DN_NC_073248.2_19602755_10	DN_NC_073248.2_25704431_6	0.600000	0.833333	10	6	6	5
DN_NC_073248.2_19625716_11	DN_NC_073248.2_19671639_11	1.000000	1.000000	11	11	11	11
DN_NC_073248.2_19648671_11	DN_NC_073248.2_19694607_11	1.000000	1.000000	11	11	11	11
DN_NC_073248.2_19648671_11	DN_NC_073248.2_25725363_11	1.000000	1.000000	11	11	11	11
DN_NC_073248.2_19671639_11	DN_NC_073248.2_19694607_11	1.000000	1.000000	11	11	11	11
DN_NC_073248.2_19671639_11	DN_NC_073248.2_25704431_6	0.545455	0.833333	11	6	6	5
DN_NC_073248.2_19671639_11	DN_NC_073248.2_25725363_11	1.000000	1.000000	11	11	11	11
DN_NC_073248.2_19694607_11	DN_NC_073248.2_25704431_6	0.545455	0.833333	11	6	6	5
DN_NC_073248.2_19694607_11	DN_NC_073248.2_25725363_11	1.000000	1.000000	11	11	11	11
DN_NC_073248.2_25704431_6	DN_NC_073248.2_25725363_11	0.833333	0.545455	6	11	5	6
DN_NC_073248.2_26366947_7	DN_NC_073248.2_9423438_7	0.857143	0.857143	7	7	6	6
DN_NC_073248.2_34736504_6	DN_NC_073248.2_34798633_6	1.000000	1.000000	6	6	6	6
DN_NC_073248.2_34736504_6	DN_NC_073248.2_34819290_6	1.000000	1.000000	6	6	6	6
DN_NC_073248.2_34736504_6	DN_NC_073248.2_34839953_6	1.000000	1.000000	6	6	6	6
DN_NC_073248.2_34798633_6	DN_NC_073248.2_34819290_6	1.000000	1.000000	6	6	6	6
DN_NC_073248.2_34798633_6	DN_NC_073248.2_34839953_6	1.000000	1.000000	6	6	6	6
DN_NC_073248.2_34819290_6	DN_NC_073248.2_34839953_6	1.000000	1.000000	6	6	6	6
DN_NC_073248.2_42783128_31	DN_NC_086017.1_26423028_11	0.064516	0.181818	31	11	2	2
DN_NC_086017.1_12917334_8	DN_NC_086017.1_12936527_11	0.250000	0.090909	8	11	2	1
DN_NC_086017.1_134833806_5	DN_NC_086017.1_136815000_6	1.000000	1.000000	5	6	5	6
DN_NC_086017.1_136773097_2	DN_NC_086017.1_141278779_5	0.500000	0.400000	2	5	1	2
DN_NC_086017.1_136773097_2	DN_NC_086017.1_85330170_7	0.500000	0.285714	2	7	1	2
DN_NC_086017.1_140746758_18	DN_NC_086017.1_58271357_16	0.000000	0.000000	18	16	0	0
DN_NC_086017.1_141278779_5	DN_NC_086017.1_85330170_7	0.400000	0.285714	5	7	2	2
DN_NC_086017.1_145972418_16	DN_NC_086017.1_195677389_14	0.000000	0.000000	16	14	0	0
DN_NC_086017.1_150515222_8	DN_NC_086017.1_150527432_22	0.125000	0.045455	8	22	1	1
DN_NC_086017.1_156500672_2	DN_NC_086017.1_156500672_3	0.500000	0.333333	2	3	1	1
DN_NC_086017.1_190656695_14	DN_NC_086017.1_190680196_7	0.071429	0.000000	14	7	1	0
DN_NC_086017.1_19569853_12	DN_NC_086018.1_47820238_12	0.000000	0.000000	12	12	0	0
DN_NC_086017.1_19795280_8	DN_NC_086017.1_19858571_3	0.000000	0.000000	8	3	0	0
DN_NC_086017.1_207228653_16	DN_NC_086017.1_207540432_15	0.687500	0.600000	16	15	11	9
DN_NC_086017.1_207540432_15	DN_NC_086017.1_209174437_6	0.333333	0.833333	15	6	5	5
DN_NC_086017.1_211655827_5	DN_NC_086017.1_9337960_4	0.600000	0.750000	5	4	3	3
DN_NC_086017.1_22368298_8	DN_NC_086017.1_22395793_17	0.125000	0.058824	8	17	1	1
DN_NC_086017.1_22612673_15	DN_NC_086017.1_22648299_4	0.066667	0.000000	15	4	1	0
DN_NC_086017.1_24755691_2	DN_NC_086017.1_24755694_2	0.500000	0.500000	2	2	1	1
DN_NC_086017.1_29787177_6	DN_NC_086017.1_29831691_3	0.000000	0.333333	6	3	0	1
DN_NC_086017.1_33635296_6	DN_NC_086017.1_33716761_5	0.166667	0.000000	6	5	1	0
DN_NC_086017.1_47078826_3	DN_NC_086018.1_22567705_3	0.000000	0.000000	3	3	0	0
DN_NC_086017.1_50382141_5	DN_NC_086017.1_50412575_3	0.000000	0.000000	5	5	0	0
DN_NC_086017.1_54457640_6	DN_NC_086017.1_54487757_3	0.000000	0.000000	6	3	0	0
DN_NC_086017.1_54457640_6	DN_NC_086017.1_54527845_6	0.000000	0.000000	6	6	0	0
DN_NC_086017.1_54487757_3	DN_NC_086017.1_54527845_6	0.000000	0.000000	3	6	0	0
DN_NC_086017.1_56236992_2	DN_NC_086017.1_56254132_2	0.000000	0.000000	2	2	0	0
DN_NC_086017.1_58271357_16	DN_NC_086018.1_48324966_37	0.000000	0.000000	16	37	0	0
DN_NC_086017.1_60157910_4	DN_NC_086017.1_60161487_2	0.000000	0.000000	4	2	0	0
DN_NC_086018.1_16134008_5	DN_NC_086018.1_18552717_3	0.000000	0.000000	5	3	0	0
DN_NC_086018.1_16346801_5	DN_NC_086018.1_17748702_5	1.000000	0.800000	5	5	5	4
DN_NC_086018.1_17871480_5	DN_NC_086018.1_18821463_5	0.800000	0.800000	5	5	4	4
DN_NC_086018.1_18253436_31	DN_NC_086018.1_19032395_10	0.322581	0.900000	31	10	10	9
DN_NC_086018.1_18646417_6	DN_NC_086018.1_20765108_15	0.166667	0.066667	6	15	1	1
DN_NC_086018.1_18646417_6	DN_NC_086018.1_22166696_9	0.666667	0.571429	6	7	4	4
DN_NC_086018.1_18646417_6	DN_NC_086018.1_22406144_7	0.666667	0.571429	6	7	4	4
DN_NC_086018.1_19196747_2	DN_NC_086018.1_19202967_5	0.500000	0.400000	2	5	1	2
DN_NC_086018.1_19935965_4	DN_NC_086018.1_21140998_4	0.000000	0.000000	4	4	0	0
DN_NC_086018.1_19935965_4	DN_NC_086018.1_23370474_4	0.000000	0.000000	4	4	0	0
DN_NC_086018.1_19995243_3	DN_NC_086018.1_20024455_2	0.000000	0.000000	3	2	0	0
DN_NC_086018.1_20765108_15	DN_NC_086018.1_22166696_9	0.066667	0.142857	15	7	1	1
DN_NC_086018.1_20765108_15	DN_NC_086018.1_22406144_7	0.066667	0.142857	15	7	1	1
DN_NC_086018.1_21140998_4	DN_NC_086018.1_23370474_4	0.250000	0.250000	4	4	1	1
DN_NC_086018.1_22166696_9	DN_NC_086018.1_22406144_7	1.000000	1.000000	7	7	7	7
DN_NC_086018.1_24502908_7	DN_NC_086018.1_24509591_14	0.000000	0.071429	7	14	0	1
DN_NC_086018.1_27470342_2	DN_NC_086018.1_30368542_3	0.000000	0.333333	2	3	0	1
DN_NC_086018.1_34137538_4	DN_NC_086018.1_34186611_4	0.000000	0.000000	4	4	0	0
DN_NC_086018.1_34137538_4	DN_NC_086018.1_34223461_5	0.000000	0.000000	4	5	0	0
DN_NC_086018.1_36987543_6	DN_NC_086018.1_37016890_4	0.333333	0.500000	6	4	2	2
DN_NC_086018.1_36987543_6	DN_NC_086018.1_37043543_7	0.833333	0.714286	6	7	5	5
DN_NC_086018.1_37016890_4	DN_NC_086018.1_37043543_7	0.750000	0.285714	4	7	3	2
DN_NC_086018.1_39469630_18	DN_NC_086018.1_39525778_6	0.000000	0.000000	18	6	0	0
DN_NC_086018.1_40516247_7	DN_NC_086018.1_40570429_6	0.714286	0.666667	7	6	5	4
DN_NC_086018.1_48564680_20	DN_NC_086018.1_48579325_2	0.050000	0.500000	20	2	1	1
