family	ref	mem	coh_fwd	inv_frac	rep_hits	shuffle	n_blocks
RCF_32	FUT3	FUT5	0.39	0.0	0.0	0.0	1
RCF_33	KRT8	LOC101132703	0.937	0.0	0.0	0.0	1
RCF_33	KRT8	LOC101132977	0.885	0.0	0.0	0.0	1
RCF_34	LOC101134978	LOC109026312	1.0	0.0	0.0	0.0	1
RCF_35	LOC109027640	FDPS	0.676	0.0	0.0	0.0	1
RCF_36	LOC101127437	GBA1	0.709	0.0	0.0	0.0	1
RCF_37	LOC109027152	RPS27	0.779	0.0	0.0	0.0	1
RCF_38	LOC101137046	LOC101137406	0.9	0.0	0.0	0.0	1
RCF_39	LOC101127305	LOC101128279	0.923	0.0	0.0	0.0	1
RCF_39	LOC101127305	LOC101129227	0.946	0.0	0.0	0.0	1
RCF_39	LOC101127305	LOC101130182	0.844	0.0	0.0	0.0	1
RCF_16	LOC101130441	LEFTY2	0.848	0.0	0.0	0.0	1
RCF_17	LOC101132116	LOC101140048	0.619	0.0	0.0	0.0	1
RCF_18	STK39	LOC115936007	1.0	0.0	0.0	0.0	1
RCF_19	UGT2B17	UGT2B15	0.717	0.0	0.0	0.0	1
RCF_20	ZC3H11A	LOC115936187	0.948	0.0	0.0	0.0	1
RCF_20	ZC3H11A	LOC129534073	0.949	0.0	0.0	0.0	1
RCF_20	ZC3H11A	LOC129534074	0.959	0.0	0.0	0.0	1
RCF_20	ZC3H11A	LOC129534219	0.896	0.0	0.0	0.0	1
RCF_20	ZC3H11A	ZC3H11C	0.891	0.0	0.0	0.0	1
RCF_21	CFHR5	LOC101131400	0.415	0.0	0.0	0.0	1
RCF_21	CFHR5	LOC115935403	0.0	0.0	0.0	0.0	0
RCF_22	KRT18	LOC101126813	0.981	0.0	0.0	0.0	1
RCF_23	PTP4A1	LOC101126219	0.741	0.0	0.0	0.0	1
RCF_24	LOC115931927	LOC101143893	1.0	0.0	0.0	0.0	1
RCF_25	LOC101128488	LOC101146186	0.924	0.0	0.0	0.0	1
RCF_26	LOC101142804	RPS2	0.638	0.0	0.0	0.0	1
RCF_27	LOC101129839	LOC101140424	0.986	0.0	0.0	0.0	1
RCF_28	ITLN2	LOC101146454	0.575	0.0	0.0	0.0	1
RCF_28	ITLN2	LOC115930226	0.552	0.0	0.0	0.0	1
RCF_29	LOC115934041	LOC129529606	0.0	0.0	0.0	0.0	0
RCF_30	LOC129525550	LOC115936058	0.863	0.0	0.053	1.0	1
RCF_30	LOC129525550	LOC129524559	0.442	0.0	0.0	0.0	1
RCF_30	LOC129525550	LOC129524726	0.97	0.0	0.149	1.0	1
RCF_30	LOC129525550	LOC129527151	1.0	0.0	0.0	0.0	1
RCF_30	LOC129525550	LOC129528280	0.856	0.0	0.0	0.0	1
RCF_30	LOC129525550	LOC129534573	0.856	0.0	0.0	0.0	1
RCF_30	LOC129525550	LOC134757253	0.922	0.0	0.0	0.0	1
RCF_30	LOC129525550	LOC134757796	0.869	0.0	0.0	1.0	2
RCF_31	ZNF585A	ZNF585B	0.446	0.0	0.0	0.0	1
RCF_40	LOC115934023	LCE1B	0.467	0.0	0.0	0.0	1
RCF_40	LOC115934023	LOC101154124	0.571	0.0	0.0	0.0	1
RCF_40	LOC115934023	LOC109029323	0.595	0.0	0.0	0.0	1
RCF_41	LOC101151968	LOC101151609	1.0	0.0	0.0	0.0	1
RCF_42	LCE3D	LOC101149788	1.0	0.0	0.0	0.0	1
RCF_43	PIP5K1A	LOC101149662	0.571	0.0	0.0	0.0	1
RCF_43	PIP5K1A	LOC115935026	0.998	0.0	0.0	0.0	1
RCF_44	LOC129529220	LOC101144369	0.214	0.0	0.0	0.0	1
RCF_45	LOC129530552	FRG1	0.709	0.0	0.0	0.0	1
RCF_45	LOC129530552	LOC101142904	0.997	0.0	0.0	0.0	2
RCF_45	LOC129530552	LOC129524675	0.69	0.0	0.0	0.0	1
RCF_45	LOC129530552	LOC129526395	0.549	0.0	0.0	0.0	1
RCF_45	LOC129530552	LOC129526409	0.113	0.0	0.0	0.0	1
RCF_45	LOC129530552	LOC129526550	0.27	0.0	0.0	0.0	1
RCF_45	LOC129530552	LOC129527278	0.211	0.0	0.0	0.0	1
RCF_45	LOC129530552	LOC129528236	0.614	0.0	0.0	0.0	1
RCF_45	LOC129530552	LOC129529294	0.84	0.0	0.0	0.0	1
RCF_45	LOC129530552	LOC129529430	0.15	0.0	0.0	0.0	1
RCF_45	LOC129530552	LOC129529434	1.0	0.0	0.0	0.0	1
RCF_45	LOC129530552	LOC129532222	0.124	0.0	0.0	0.0	1
RCF_46	LOC101152321	LOC101153414	1.0	0.0	0.0	0.0	1
RCF_47	ZNF776	LOC129525787	0.0	0.0	0.0	0.0	0
RCF_47	ZNF776	ZNF586	0.823	0.0	0.0	0.0	1
RCF_56	LOC101140560	CD160	0.675	0.0	0.0	0.0	1
RCF_57	SLC9A3	LOC115933183	0.864	0.0	0.0	0.0	1
RCF_58	LOC101153289	LOC101124387	0.485	0.0	0.0	0.0	1
RCF_58	LOC101153289	LOC101139366	0.43	0.0	0.0	0.0	1
RCF_58	LOC101153289	LOC101152412	0.928	0.0	0.0	0.0	1
RCF_58	LOC101153289	LOC115932777	0.665	0.0	0.0	0.0	1
RCF_58	LOC101153289	PPIA	0.557	0.0	0.0	0.0	1
RCF_58	LOC101153289	PPIAL4H	0.684	0.0	0.0	0.0	1
RCF_58	LOC101153289	TMEM42	0.713	0.0	0.0	0.0	1
RCF_59	LOC129525664	LOC129525329	0.986	0.0	0.0	0.0	1
RCF_59	LOC129525664	LOC129532613	0.968	0.0	0.0	0.0	1
RCF_59	LOC129525664	PSMA5	0.753	0.0	0.0	0.0	1
RCF_60	LOC129532935	LOC129523581	0.375	0.0	0.0	0.0	1
RCF_60	LOC129532935	LOC129525208	0.364	0.0	0.0	0.0	1
RCF_61	LOC129525628	LOC134757007	0.296	0.0	0.0	0.0	1
RCF_62	SEC22B	LOC101129940	1.0	0.0	0.0	0.0	1
RCF_62	SEC22B	LOC129525219	1.0	0.0	0.0	0.0	1
RCF_63	LOC101137462	LOC101128351	0.0	0.0	0.0	0.0	0
RCF_63	LOC101137462	LOC101128712	0.0	0.0	0.0	0.0	0
RCF_63	LOC101137462	ZNF440	0.0	0.0	0.0	0.0	0
RCF_72	HSP90B1	LOC101143886	0.77	0.0	0.0	0.0	1
RCF_73	RBMXL1	RBMX	0.989	0.0	0.0	0.0	1
RCF_74	COIL	LOC101131861	0.997	0.0	0.0	0.0	1
RCF_75	DLST	LOC101140310	0.995	0.0	0.0	0.0	1
RCF_76	ELOC	LOC101141508	0.988	0.0	0.0	0.0	1
RCF_76	ELOC	LOC101152199	0.988	0.0	0.0	0.0	1
RCF_77	BTF3L4	LOC109024441	0.701	0.0	0.0	0.0	1
RCF_78	LOC101144011	LOC134756398	0.953	0.0	0.0	0.0	1
RCF_79	TMEM69	LOC101132327	0.928	0.0	0.0	0.0	1
RCF_8	LOC129525065	LOC129532624	0.987	0.0	0.137	0.0	1
RCF_9	MAPKBP1	LOC101128796	0.982	0.0	0.0	0.0	1
RCF_9	MAPKBP1	LOC129529247	0.644	0.0	0.0	0.0	1
RCF_9	MAPKBP1	LOC129531977	0.95	0.0	0.0	0.0	1
RCF_9	MAPKBP1	LOC129532032	0.817	0.0	0.0	0.0	1
RCF_9	MAPKBP1	LOC129532055	0.646	0.0	0.0	0.0	1
RCF_9	MAPKBP1	LOC134758715	0.635	0.0	0.0	0.0	1
RCF_9	MAPKBP1	LOC134758759	0.821	0.0	0.0	0.0	1
RCF_10	LOC134758754	LOC101130728	1.0	0.0	0.0	0.0	1
RCF_10	LOC134758754	LOC129523520	0.821	0.0	0.0	0.0	1
RCF_10	LOC134758754	LOC129529234	0.89	0.0	0.0	0.0	1
RCF_10	LOC134758754	LOC129531983	0.363	0.0	0.0	0.0	1
RCF_10	LOC134758754	LOC134756437	0.901	0.0	0.0	0.0	1
RCF_10	LOC134758754	LOC134758712	0.864	0.0	0.0	0.0	1
RCF_11	LOC129534588	LOC129529226	0.999	0.0	0.0	0.0	1
RCF_11	LOC129534588	LOC129531982	1.0	0.0	0.0	0.0	1
RCF_11	LOC129534588	LOC129532042	0.998	0.0	0.0	0.0	1
RCF_11	LOC129534588	LOC134758744	0.999	0.0	0.0	0.0	1
RCF_11	LOC129534588	PLA2G4B	1.0	0.0	0.0	0.0	1
RCF_12	SPTBN5	LOC101136353	0.984	0.0	0.0	0.0	1
RCF_12	SPTBN5	LOC115931212	0.977	0.0	0.0	0.0	1
RCF_12	SPTBN5	LOC115931242	0.984	0.0	0.0	0.0	1
RCF_12	SPTBN5	LOC129534585	0.983	0.0	0.0	0.0	1
RCF_12	SPTBN5	LOC129534593	0.942	0.0	0.0	0.0	1
RCF_12	SPTBN5	LOC129534707	0.984	0.0	0.0	0.0	1
RCF_12	SPTBN5	LOC134757776	0.986	0.0	0.0	0.0	1
RCF_12	SPTBN5	LOC134757815	0.983	0.0	0.0	0.0	1
RCF_13	LOC129532621	LOC129534177	0.388	0.0	0.0	0.0	4
RCF_13	LOC129532621	LOC129534554	0.436	0.0	0.462	0.5	1
RCF_13	LOC129532621	LOC134758127	0.274	0.0	0.002	0.0	2
RCF_13	LOC129532621	LOC134758128	0.307	0.0	0.002	0.0	2
RCF_13	LOC129532621	LOC134758129	0.961	0.0	0.599	0.714	1
RCF_13	LOC129532621	LOC134758136	0.402	0.0	0.001	0.0	3
RCF_13	LOC129532621	LOC134758137	0.553	0.0	0.599	0.619	1
RCF_14	LOC109028275	AURKA	0.793	0.0	0.0	0.0	1
RCF_15	PFDN5	LOC109028279	0.656	0.0	0.0	0.0	1
RCF_48	LOC101138622	LOC109028162	0.994	0.0	0.0	0.0	1
RCF_48	LOC101138622	LOC129527662	0.86	0.0	0.0	0.0	1
RCF_49	LOC115935411	LOC101153430	0.99	0.0	0.0	0.0	1
RCF_49	LOC115935411	LOC109025051	0.484	0.0	0.0	0.0	1
RCF_49	LOC115935411	LOC129523454	0.99	0.0	0.0	0.0	1
RCF_49	LOC115935411	TUBB8	0.782	0.0	0.0	0.0	1
RCF_50	LOC101152936	EMB	0.972	0.0	0.0	0.0	1
RCF_51	LOC101126097	LOC101130554	0.652	0.0	0.0	0.0	1
RCF_52	LOC101124269	PDIA3	0.88	0.0	0.0	0.0	1
RCF_53	LOC101135585	LOC101125737	1.0	0.0	0.112	0.333	1
RCF_53	LOC101135585	LOC101131274	0.946	0.0	0.112	0.333	1
RCF_53	LOC101135585	LOC115930576	0.889	0.0	0.116	0.5	1
RCF_53	LOC101135585	LOC115932984	0.895	0.0	0.116	0.5	1
RCF_53	LOC101135585	LOC115933235	0.851	0.0	0.116	0.5	1
RCF_53	LOC101135585	LOC115934004	0.923	0.0	0.112	0.667	1
RCF_53	LOC101135585	LOC129525191	0.916	0.0	0.112	0.667	1
RCF_53	LOC101135585	LOC129525330	0.837	0.0	0.116	0.4	1
RCF_53	LOC101135585	LOC129525331	0.913	0.0	0.116	0.4	1
RCF_53	LOC101135585	LOC129525599	0.777	0.0	0.199	0.1	1
RCF_53	LOC101135585	LOC129525691	0.999	0.0	0.11	0.667	1
RCF_53	LOC101135585	LOC134756861	0.823	0.0	0.056	0.0	1
RCF_54	LOC115932735	LOC101147747	0.936	0.0	0.0	0.0	1
RCF_54	LOC115932735	LOC109029488	0.513	0.0	0.0	0.0	1
RCF_55	PDZK1	LOC101142064	1.0	0.0	0.0	0.0	1
RCF_80	LOC129524502	CDC20	0.687	0.0	0.0	0.0	1
RCF_81	LOC115930786	YBX1	0.629	0.0	0.0	0.0	1
RCF_82	BMP8B	LOC101149312	0.941	0.0	0.0	0.0	1
RCF_83	RBBP4	LOC129534111	0.999	0.0	0.0	0.0	1
RCF_84	WASF2	LOC101139707	1.0	0.0	0.0	0.0	1
RCF_85	CHCHD3	LOC101135100	0.982	0.0	0.0	0.0	1
RCF_86	OSTC	LOC101153278	0.992	0.0	0.0	0.0	1
RCF_86	OSTC	LOC109027288	0.0	0.0	0.0	0.0	0
RCF_87	HMGN2	LOC101153591	0.803	0.0	0.0	0.0	1
RCF_87	HMGN2	LOC115934990	0.836	0.0	0.0	0.0	1
RCF_87	HMGN2	LOC129531477	0.618	0.0	0.0	0.0	1
RCF_0	LOC115933187	LOC129524260	0.91	0.0	0.0	0.0	1
RCF_0	LOC115933187	LOC129527796	0.883	0.0	0.0	0.0	1
RCF_0	LOC115933187	LOC129528259	0.816	0.0	0.0	0.0	1
RCF_0	LOC115933187	LOC129528733	0.816	0.0	0.0	0.0	1
RCF_0	LOC115933187	LOC129530539	0.907	0.0	0.0	0.0	1
RCF_0	LOC115933187	LOC129532896	0.921	0.0	0.0	0.0	1
RCF_0	LOC115933187	LOC129533142	0.91	0.0	0.0	0.0	1
RCF_0	LOC115933187	LOC134758032	0.984	0.0	0.0	0.0	1
RCF_0	LOC115933187	LOC134758397	1.0	0.0	0.0	0.0	1
RCF_1	LOC115930073	LOC101144634	0.86	0.0	0.0	0.0	1
RCF_2	LOC101124243	NOM1	1.0	0.0	0.0	0.0	1
RCF_3	AHCTF1	LOC101139146	0.998	0.0	0.0	0.0	1
RCF_4	CEP170	LOC115933756	1.0	0.0	0.0	0.0	1
RCF_4	CEP170	LOC129531985	0.958	0.0	0.0	0.0	1
RCF_5	LOC129532017	LOC134757481	0.975	0.0	0.475	0.143	2
RCF_6	LOC115936299	LOC101124648	0.436	0.0	0.265	0.143	2
RCF_6	LOC115936299	LOC101136188	0.984	0.0	0.279	0.444	1
RCF_6	LOC115936299	LOC101148271	0.642	0.0	0.11	0.536	2
RCF_6	LOC115936299	LOC101148643	0.746	0.0	0.0	1.0	2
RCF_6	LOC115936299	LOC109025131	0.712	0.0	0.0	0.0	3
RCF_6	LOC115936299	LOC109027802	0.74	0.0	0.0	0.4	5
RCF_6	LOC115936299	LOC115930151	0.806	0.0	0.0	0.0	6
RCF_6	LOC115936299	LOC115933023	0.224	0.0	0.0	0.0	6
RCF_6	LOC115936299	LOC129523553	0.172	0.0	0.0	0.0	2
RCF_6	LOC115936299	LOC129523684	0.555	0.0	0.0	0.0	2
RCF_6	LOC115936299	LOC129523855	0.399	0.0	0.201	0.167	1
RCF_6	LOC115936299	LOC129523881	0.896	0.0	0.0	0.0	1
RCF_6	LOC115936299	LOC129524261	0.74	0.0	0.0	0.0	6
RCF_6	LOC115936299	LOC129525556	0.366	0.0	0.212	0.464	2
RCF_6	LOC115936299	LOC129527979	0.701	0.0	0.001	0.3	2
RCF_6	LOC115936299	LOC129529231	0.834	0.0	0.245	0.5	3
RCF_6	LOC115936299	LOC129533402	0.869	0.0	0.279	0.417	2
RCF_6	LOC115936299	LOC129533569	0.44	0.0	0.037	0.0	1
RCF_6	LOC115936299	LOC129534780	0.823	0.0	0.0	0.4	5
RCF_6	LOC115936299	LOC134756357	0.188	0.0	0.281	0.6	1
RCF_6	LOC115936299	LOC134756800	0.288	0.0	0.0	0.267	6
RCF_6	LOC115936299	LOC134758407	0.876	0.0	0.0	0.0	1
RCF_7	LOC101144552	RHBDF1	0.932	0.0	0.0	0.0	1
RCF_88	ARL16	LOC109028384	0.952	0.0	0.0	0.0	1
RCF_89	LOC101137143	LOC115930425	1.0	0.0	0.0	0.0	1
RCF_90	LOC101150628	AKR7A2	0.693	0.0	0.0	0.0	1
RCF_90	LOC101150628	LOC115933748	0.759	0.0	0.0	0.0	1
RCF_91	LOC101135098	CLCNKB	0.978	0.0	0.0	0.0	1
RCF_92	LOC101130048	LOC101137272	0.648	0.0	0.0	0.0	1
RCF_93	LOC129525038	LOC101146552	0.999	0.0	0.0	0.0	1
RCF_93	LOC129525038	LOC115930113	0.995	0.0	0.0	0.0	1
RCF_93	LOC129525038	LOC115932888	1.0	0.0	0.0	0.0	1
RCF_93	LOC129525038	LOC115932944	1.0	0.0	0.0	0.0	1
RCF_93	LOC129525038	LOC115933122	1.0	0.0	0.0	0.0	1
RCF_93	LOC129525038	LOC115933180	1.0	0.0	0.0	0.0	1
RCF_93	LOC129525038	LOC115933244	0.997	0.0	0.0	0.0	1
RCF_93	LOC129525038	LOC134758535	1.0	0.0	0.0	0.0	1
RCF_93	LOC129525038	PRAMEF20	0.918	0.0	0.0	0.0	1
RCF_94	PRAMEF17	LOC101138466	0.985	0.0	0.0	0.0	1
RCF_94	PRAMEF17	LOC101146902	0.997	0.0	0.0	0.0	1
RCF_94	PRAMEF17	LOC101152310	0.997	0.0	0.0	0.0	1
RCF_94	PRAMEF17	LOC101153753	0.995	0.0	0.0	0.0	1
RCF_94	PRAMEF17	LOC115932946	0.997	0.0	0.0	0.0	1
RCF_94	PRAMEF17	LOC129533087	0.997	0.0	0.0	0.0	1
RCF_94	PRAMEF17	LOC134759254	0.985	0.0	0.0	0.0	1
RCF_95	LOC101150863	LOC101151592	1.0	0.0	0.0	0.0	1
RCF_95	LOC101150863	LOC115933009	1.0	0.0	0.0	0.0	1
RCF_95	LOC101150863	LOC134758536	1.0	0.0	0.0	0.0	1
RCF_95	LOC101150863	PRAMEF19	1.0	0.0	0.0	0.0	1
RCF_64	IGSF3	LOC129524653	0.671	0.0	0.0	0.0	1
RCF_64	IGSF3	LOC129524658	0.563	0.0	0.0	0.0	1
RCF_64	IGSF3	LOC129524663	0.908	0.0	0.0	0.0	1
RCF_64	IGSF3	LOC129524664	0.645	0.0	0.0	0.0	1
RCF_64	IGSF3	LOC129524670	0.627	0.0	0.0	0.0	1
RCF_64	IGSF3	LOC129526379	0.852	0.0	0.0	0.0	1
RCF_64	IGSF3	LOC129528193	0.859	0.0	0.0	0.0	1
RCF_64	IGSF3	LOC129528440	0.725	0.0	0.0	0.0	1
RCF_64	IGSF3	LOC129528444	0.908	0.0	0.0	0.0	1
RCF_64	IGSF3	LOC129528449	0.808	0.0	0.0	0.0	1
RCF_64	IGSF3	LOC129528455	0.639	0.0	0.0	0.0	1
RCF_64	IGSF3	LOC129528459	0.908	0.0	0.0	0.0	1
RCF_64	IGSF3	LOC129528464	0.886	0.0	0.0	0.0	1
RCF_64	IGSF3	LOC129528466	0.79	0.0	0.0	0.0	1
RCF_64	IGSF3	LOC129528469	0.831	0.0	0.0	0.0	1
RCF_64	IGSF3	LOC129529381	0.954	0.0	0.0	0.0	1
RCF_64	IGSF3	LOC129529384	0.848	0.0	0.0	0.0	1
RCF_64	IGSF3	LOC129529387	0.954	0.0	0.0	0.0	1
RCF_64	IGSF3	LOC129529647	0.933	0.0	0.0	0.0	1
RCF_64	IGSF3	LOC129530382	0.844	0.0	0.0	0.0	1
RCF_64	IGSF3	LOC129530464	0.672	0.0	0.0	0.0	1
RCF_64	IGSF3	LOC129530486	0.73	0.0	0.0	0.0	1
RCF_64	IGSF3	LOC129530497	0.848	0.0	0.0	0.0	1
RCF_64	IGSF3	LOC129530543	0.851	0.0	0.0	0.0	1
RCF_64	IGSF3	LOC129530565	0.73	0.0	0.0	0.0	1
RCF_64	IGSF3	LOC134757055	0.91	0.0	0.0	0.0	1
RCF_65	LOC101141070	HSD3B2	0.921	0.0	0.0	0.0	1
RCF_65	LOC101141070	LOC101141801	0.904	0.0	0.0	0.0	1
RCF_66	PCMTD1	LOC115932736	0.938	0.0	0.0	0.0	1
RCF_67	GSTM4	GSTM1	0.985	0.0	0.0	0.0	1
RCF_67	GSTM4	GSTM2	0.917	0.0	0.0	0.0	1
RCF_68	LOC101141937	LOC101133271	0.935	0.0	0.0	0.0	1
RCF_69	AMY2A	AMY2B	0.955	0.0	0.0	0.0	1
RCF_69	AMY2A	LOC101133335	1.0	0.0	0.0	0.0	1
RCF_70	LOC101129832	RPS20	0.596	0.0	0.0	0.0	1
RCF_71	SET	LOC101125643	0.814	0.0	0.0	0.0	1
RCF_71	SET	LOC109023026	1.0	0.0	0.0	0.0	1
RCF_71	SET	SETSIP	0.992	0.0	0.0	0.0	1
RCF_120	PROS1	LOC101147670	0.939	0.0	0.0	0.0	1
RCF_121	DHFR	DHFR2	0.788	0.0	0.0	0.0	1
RCF_122	LOC101131786	LOC101127099	0.996	0.0	0.0	0.0	1
RCF_123	LOC101129257	LOC101129632	0.94	0.0	0.0	0.0	1
RCF_124	HNRNPA1L2	LOC101130214	0.996	0.0	0.0	0.0	1
RCF_125	CD200R1	CD200R1L	0.593	0.0	0.0	0.0	1
RCF_126	LOC115936312	LOC115936283	0.654	0.0	0.0	0.0	1
RCF_127	LOC129527542	LOC134759064	0.631	0.0	0.0	0.0	1
RCF_112	LOC101129974	ZKSCAN7	0.455	0.0	0.0	0.0	1
RCF_113	CRIPTO	CRIPTO3	1.0	0.0	0.0	0.0	1
RCF_114	TMA7	TMA7B	1.0	0.0	0.0	0.0	1
RCF_115	NICN1	LOC101130789	1.0	0.0	0.0	0.0	1
RCF_116	RPL29	LOC101125185	0.944	0.0	0.0	0.0	1
RCF_116	RPL29	LOC101137457	0.751	0.0	0.0	0.0	1
RCF_117	LOC101128260	EEF2KMT	0.572	0.0	0.0	0.0	1
RCF_117	LOC101128260	LOC101125415	1.0	0.0	0.0	0.0	1
RCF_117	LOC101128260	LOC101130354	0.947	0.0	0.0	0.0	1
RCF_117	LOC101128260	LOC101133440	0.921	0.0	0.0	0.0	1
RCF_117	LOC101128260	LOC101139163	1.0	0.0	0.0	0.0	1
RCF_117	LOC101128260	LOC101152938	0.926	0.0	0.0	0.0	1
RCF_117	LOC101128260	LOC115934341	0.831	0.0	0.0	0.0	1
RCF_117	LOC101128260	LOC134756549	0.957	0.0	0.0	0.0	1
RCF_118	LOC129532418	LOC101128508	0.68	0.0	0.0	0.0	1
RCF_118	LOC129532418	LOC115932853	0.979	0.0	0.0	0.0	1
RCF_118	LOC129532418	LOC129532820	0.725	0.0	0.0	0.0	1
RCF_118	LOC129532418	LOC129532826	0.876	0.0	0.0	0.0	1
RCF_119	LOC134758387	FRG2C	0.998	0.0	0.0	0.0	1
RCF_119	LOC134758387	LOC115932837	0.995	0.0	0.0	0.0	1
RCF_119	LOC134758387	LOC115932854	1.0	0.0	0.0	0.0	1
RCF_119	LOC134758387	LOC129530558	0.995	0.0	0.0	0.0	1
RCF_119	LOC134758387	LOC129532824	1.0	0.0	0.0	0.0	1
RCF_128	LOC109027697	ALG1L2	0.359	0.0	0.0	0.0	1
RCF_129	GSTO1	LOC101143444	0.844	0.0	0.0	0.0	1
RCF_130	MYL6	LOC109026304	1.0	0.0	0.0	0.0	1
RCF_131	GPAT4	LOC134758102	0.662	0.0	0.0	0.0	1
RCF_132	PYGL	LOC101145974	1.0	0.0	0.0	0.0	1
RCF_133	MTHFD2	LOC101147312	0.664	0.0	0.0	0.0	1
RCF_134	RTP1	RTP2	0.385	0.0	0.0	0.0	1
RCF_135	LOC129525421	LOC129523817	0.546	0.0	0.03	1.0	1
RCF_135	LOC129525421	LOC134756488	0.998	0.0	0.198	0.667	1
RCF_144	LOC115935600	LOC101143900	1.0	0.0	0.0	0.0	1
RCF_145	ALG1L1P	ALG1	0.46	0.0	0.0	0.0	1
RCF_145	ALG1L1P	LOC101130727	0.491	0.0	0.0	0.0	1
RCF_145	ALG1L1P	LOC109023085	0.849	0.0	0.0	0.0	1
RCF_146	LOC101134308	RNPS1	0.94	0.0	0.0	0.0	1
RCF_147	LOC101132018	LOC101125611	1.0	0.0	0.0	0.0	1
RCF_147	LOC101132018	RPL9	0.824	0.0	0.0	0.0	1
RCF_148	LOC115934311	LOC101135156	0.885	0.0	0.0	0.0	1
RCF_148	LOC115934311	LOC101139531	0.984	0.0	0.0	0.0	1
RCF_148	LOC115934311	LOC101140616	0.99	0.0	0.0	0.0	1
RCF_148	LOC115934311	LOC109026641	0.986	0.0	0.0	0.0	1
RCF_148	LOC115934311	UGT2B4	0.714	0.0	0.0	0.0	1
RCF_149	COMMD5	LOC109026471	0.893	0.0	0.0	0.0	1
RCF_150	HTN1	HTN3	0.987	0.0	0.0	0.0	1
RCF_151	PF4V1	PF4	0.536	0.0	0.0	0.0	1
RCF_152	LOC101134092	LOC101133388	0.402	0.0	0.0	0.0	1
RCF_153	LOC109026657	IFITM2	0.797	0.0	0.0	0.0	1
RCF_153	LOC109026657	LOC101128980	0.76	0.0	0.0	0.0	1
RCF_154	CNOT6L	LOC101129393	0.923	0.0	0.0	0.0	1
RCF_155	LOC101125455	LOC101130387	0.888	0.0	0.0	0.0	1
RCF_155	LOC101125455	SIGLEC10	0.428	0.0	0.0	0.0	1
RCF_156	LOC101137060	LOC129531693	0.523	0.0	0.0	0.0	1
RCF_157	ADH1B	LOC101136823	0.866	0.0	0.0	0.0	1
RCF_157	ADH1B	LOC101142845	0.858	0.0	0.0	0.0	1
RCF_158	SLC9B1	LOC129527454	0.996	0.0	0.0	0.0	1
RCF_158	SLC9B1	LOC129527819	0.993	0.0	0.0	0.0	1
RCF_159	LOC129528949	RPL34	0.777	0.0	0.0	0.0	1
RCF_160	INIP	LOC129533141	0.418	0.0	0.0	0.0	1
RCF_161	LOC115932847	LOC115932948	0.753	0.0	0.0	0.0	1
RCF_162	LOC101147097	LOC101148582	0.934	0.0	0.0	0.0	1
RCF_163	LOC101142457	LOC129523468	1.0	0.0	0.0	0.0	1
RCF_163	LOC101142457	LOC129523511	0.931	0.0	0.0	0.0	1
RCF_163	LOC101142457	LOC134756389	1.0	0.0	0.0	0.0	1
RCF_163	LOC101142457	RABL2A	1.0	0.0	0.0	0.0	1
RCF_163	LOC101142457	RABL2B	0.71	0.0	0.0	0.0	1
RCF_164	LOC101149305	FOXD4L1	0.0	0.0	0.0	0.0	0
RCF_164	LOC101149305	LOC129524612	1.0	0.0	0.0	0.0	1
RCF_164	LOC101149305	LOC134756825	0.92	0.0	0.0	0.0	1
RCF_165	LOC115934550	WDR45B	0.559	0.0	0.0	0.0	1
RCF_166	ACTG1	ACTB	0.604	0.0	0.0	0.0	1
RCF_167	NOL11	LOC101126086	1.0	0.0	0.0	0.0	1
RCF_168	LOC115934626	LOC101135168	0.975	0.0	0.0	0.0	1
RCF_168	LOC115934626	LOC115933002	0.966	0.0	0.0	0.0	1
RCF_168	LOC115934626	LRRC37A3	0.807	0.0	0.0	0.0	1
RCF_169	LOC101135518	LOC101151290	0.467	0.0	0.0	0.0	1
RCF_169	LOC101135518	PLEKHM1	0.547	0.0	0.0	0.0	1
RCF_170	LOC101126984	GH1	0.93	0.0	0.0	0.0	1
RCF_171	LOC115934631	LOC101125803	0.55	0.0	0.0	0.0	1
RCF_171	LOC115934631	LOC101126399	0.543	0.0	0.0	0.0	1
RCF_171	LOC115934631	LOC115934632	0.653	0.0	0.0	0.0	1
RCF_171	LOC115934631	LOC134756429	1.0	0.0	0.0	0.0	1
RCF_172	FAM136A	LOC129533491	1.0	0.0	0.0	0.0	1
RCF_173	METTL2B	METTL2A	0.895	0.0	0.0	0.0	1
RCF_174	POLRMT	LOC101143340	0.993	0.0	0.0	0.0	1
RCF_175	LOC101133404	USP6	0.9	0.0	0.0	0.0	1
RCF_104	LOC129525067	LOC129523739	0.711	0.0	0.0	0.0	1
RCF_104	LOC129525067	LOC129523820	0.456	0.0	0.0	0.0	1
RCF_104	LOC129525067	LOC129523993	1.0	0.0	0.0	0.0	1
RCF_104	LOC129525067	LOC129524832	0.306	0.0	0.0	0.0	1
RCF_104	LOC129525067	LOC129525416	0.711	0.0	0.0	0.0	1
RCF_104	LOC129525067	LOC129525576	0.594	0.0	0.0	0.0	1
RCF_104	LOC129525067	LOC129525765	0.486	0.0	0.0	0.0	1
RCF_104	LOC129525067	LOC129526566	1.0	0.0	0.0	0.0	1
RCF_104	LOC129525067	LOC129527430	0.469	0.0	0.0	0.0	1
RCF_104	LOC129525067	LOC129527885	0.486	0.0	0.0	0.0	1
RCF_104	LOC129525067	LOC129528382	0.743	0.0	0.0	0.0	1
RCF_104	LOC129525067	LOC129528750	0.46	0.0	0.0	0.0	1
RCF_104	LOC129525067	LOC129531752	0.711	0.0	0.0	0.0	1
RCF_104	LOC129525067	LOC129532626	0.711	0.0	0.0	0.0	1
RCF_104	LOC129525067	LOC129532807	0.711	0.0	0.0	0.0	1
RCF_104	LOC129525067	LOC129532980	0.69	0.0	0.0	0.0	1
RCF_104	LOC129525067	LOC129534555	0.836	0.0	0.0	0.0	1
RCF_104	LOC129525067	LOC134756370	0.68	0.0	0.0	0.0	1
RCF_104	LOC129525067	LOC134756371	0.711	0.0	0.0	0.0	1
RCF_104	LOC129525067	MORN5	0.752	0.0	0.0	0.0	1
RCF_105	LOC129525641	LOC115931421	0.416	0.0	0.0	0.0	1
RCF_105	LOC129525641	LOC129523703	0.947	0.0	0.0	0.0	1
RCF_105	LOC129525641	LOC129523934	1.0	0.0	0.0	0.0	1
RCF_105	LOC129525641	LOC129523959	0.798	0.0	0.0	0.0	1
RCF_105	LOC129525641	LOC129524028	0.794	0.0	0.0	0.0	1
RCF_105	LOC129525641	LOC129524036	0.967	0.0	0.0	0.0	1
RCF_105	LOC129525641	LOC129524833	0.882	0.0	0.0	0.0	1
RCF_105	LOC129525641	LOC129525023	0.849	0.0	0.0	0.0	1
RCF_105	LOC129525641	LOC129525411	0.369	0.0	0.0	0.0	1
RCF_105	LOC129525641	LOC129525579	0.948	0.0	0.0	0.0	1
RCF_105	LOC129525641	LOC129526003	0.948	0.0	0.0	0.0	1
RCF_105	LOC129525641	LOC129526580	1.0	0.0	0.0	0.0	1
RCF_105	LOC129525641	LOC129527370	0.964	0.0	0.0	0.0	1
RCF_105	LOC129525641	LOC129527948	0.948	0.0	0.0	0.0	1
RCF_105	LOC129525641	LOC129528141	0.793	0.0	0.0	0.0	1
RCF_105	LOC129525641	LOC129528719	0.459	0.0	0.0	0.0	1
RCF_105	LOC129525641	LOC129530133	0.949	0.0	0.0	0.0	1
RCF_105	LOC129525641	LOC129532627	0.47	0.0	0.0	0.0	1
RCF_105	LOC129525641	LOC129532895	0.901	0.0	0.0	0.0	1
RCF_105	LOC129525641	LOC129533288	0.295	0.0	0.0	0.0	1
RCF_105	LOC129525641	LOC129534553	0.53	0.0	0.0	0.0	1
RCF_105	LOC129525641	LOC134759270	0.595	0.0	0.0	0.0	1
RCF_105	LOC129525641	SLC35F5	0.577	0.0	0.0	0.0	1
RCF_106	LOC129524138	LOC101142515	0.937	0.0	0.0	0.0	1
RCF_106	LOC129524138	LOC129525442	0.937	0.0	0.0	0.0	1
RCF_106	LOC129524138	LOC129527457	0.937	0.0	0.0	0.0	1
RCF_106	LOC129524138	LOC129528989	0.937	0.0	0.0	0.0	1
RCF_106	LOC129524138	LOC129529096	0.89	0.0	0.0	0.0	1
RCF_106	LOC129524138	LOC129529378	0.937	0.0	0.0	0.0	1
RCF_106	LOC129524138	LOC129529932	0.937	0.0	0.0	0.0	1
RCF_106	LOC129524138	LOC129532991	0.937	0.0	0.0	0.0	1
RCF_106	LOC129524138	LOC129533139	0.937	0.0	0.0	0.0	1
RCF_106	LOC129524138	LOC134757770	0.937	0.0	0.0	0.0	1
RCF_106	LOC129524138	LOC134758469	0.937	0.0	0.0	0.0	1
RCF_106	LOC129524138	LOC134758556	0.937	0.0	0.0	0.0	1
RCF_106	LOC129524138	LOC134759048	0.937	0.0	0.0	0.0	1
RCF_107	LOC115933269	LOC129532709	0.28	0.0	0.0	0.0	1
RCF_108	LOC129523704	LOC129526002	0.479	0.0	0.0	0.0	1
RCF_109	LOC129523505	LOC109025132	0.844	0.0	0.0	0.0	1
RCF_110	LOC129532776	LOC109028725	0.984	0.0	0.0	0.0	1
RCF_110	LOC129532776	LOC109028727	1.0	0.0	0.0	0.0	1
RCF_110	LOC129532776	LOC134757181	0.976	0.0	0.0	0.0	1
RCF_111	RPL32	LOC101130836	1.0	0.0	0.0	0.0	1
RCF_96	LOC115933279	LOC101144003	1.0	0.0	0.0	0.0	1
RCF_96	LOC115933279	LOC101144371	1.0	0.0	0.0	0.0	1
RCF_96	LOC115933279	LOC101144999	1.0	0.0	0.0	0.0	1
RCF_96	LOC115933279	LOC101145725	1.0	0.0	0.0	0.0	1
RCF_96	LOC115933279	LOC115931091	1.0	0.0	0.0	0.0	1
RCF_96	LOC115933279	LOC134758527	1.0	0.0	0.0	0.0	1
RCF_97	LOC115930071	LOC101148714	0.839	0.0	0.0	0.0	1
RCF_97	LOC115930071	LOC129529411	0.823	0.0	0.0	0.0	1
RCF_98	PRAMEF12	LOC101150488	0.996	0.0	0.0	0.0	1
RCF_98	PRAMEF12	LOC115932965	0.95	0.0	0.0	0.0	1
RCF_98	PRAMEF12	LOC129533091	0.992	0.0	0.0	0.0	1
RCF_99	KIAA2013	LOC101126513	0.992	0.0	0.0	0.0	1
RCF_100	ACOT7	LOC101140727	0.904	0.0	0.0	0.0	1
RCF_101	LOC101147150	ATAD3C	0.901	0.0	0.0	0.0	1
RCF_101	LOC101147150	LOC129532554	0.953	0.0	0.0	0.0	1
RCF_102	LOC115931432	LOC129528748	0.258	0.0	0.019	0.527	2
RCF_102	LOC115931432	LOC134759133	0.657	0.0	0.02	0.463	6
RCF_102	LOC115931432	LOC134759134	0.726	0.0	0.012	0.333	7
RCF_102	LOC115931432	LOC134759135	0.731	0.0	0.021	0.412	5
RCF_102	LOC115931432	LOC134759136	0.705	0.0	0.01	0.343	6
RCF_103	LOC134756358	DOC2B	0.25	0.0	0.0	0.0	1
RCF_103	LOC134756358	LOC101142376	0.608	0.0	0.0	0.0	1
RCF_103	LOC134756358	LOC115930119	0.743	0.0	0.0	0.0	1
RCF_103	LOC134756358	LOC115933091	0.648	0.0	0.0	0.0	1
RCF_103	LOC134756358	LOC115933182	0.554	0.0	0.0	0.0	1
RCF_103	LOC134756358	LOC115933194	0.813	0.0	0.0	0.0	1
RCF_103	LOC134756358	LOC115933227	0.287	0.0	0.0	0.0	1
RCF_103	LOC134756358	LOC115933239	0.901	0.0	0.0	0.0	1
RCF_103	LOC134756358	LOC129523819	0.725	0.0	0.0	0.0	1
RCF_103	LOC134756358	LOC129524034	0.689	0.0	0.0	0.0	1
RCF_103	LOC134756358	LOC129525066	0.874	0.0	0.0	0.0	1
RCF_103	LOC134756358	LOC129525174	0.616	0.0	0.0	0.0	1
RCF_103	LOC134756358	LOC129525554	0.697	0.0	0.0	0.0	1
RCF_103	LOC134756358	LOC129525684	0.651	0.0	0.0	0.0	1
RCF_103	LOC134756358	LOC129526565	0.934	0.0	0.0	0.0	1
RCF_103	LOC134756358	LOC129526909	0.649	0.0	0.0	0.0	1
RCF_103	LOC134756358	LOC129527884	0.336	0.0	0.0	0.0	1
RCF_103	LOC134756358	LOC129532712	0.266	0.0	0.0	0.0	1
RCF_103	LOC134756358	LOC129532956	0.662	0.0	0.0	0.0	1
RCF_103	LOC134756358	LOC134757295	0.756	0.0	0.0	0.0	1
RCF_184	LOC101152516	MRPL45	0.342	0.0	0.0	0.0	1
RCF_185	MAPK8IP1	LOC101141121	0.766	0.0	0.0	0.0	1
RCF_185	MAPK8IP1	LOC115934587	0.608	0.0	0.0	0.0	1
RCF_186	LOC101129658	LOC101132030	0.642	0.0	0.0	0.0	1
RCF_187	TUBG2	LOC101135064	0.842	0.0	0.0	0.0	1
RCF_187	TUBG2	LOC101154437	0.774	0.0	0.0	0.0	1
RCF_188	LOC101128930	LOC101134686	0.477	0.0	0.0	0.0	1
RCF_189	LOC101124577	KRT16	0.983	0.0	0.0	0.0	1
RCF_189	LOC101124577	LOC101134688	0.0	0.0	0.0	0.0	0
RCF_189	LOC101124577	LOC101145065	0.0	0.0	0.0	0.0	0
RCF_189	LOC101124577	LOC101149133	0.803	0.0	0.0	0.0	1
RCF_189	LOC101124577	LOC115932656	0.995	0.0	0.0	0.0	1
RCF_190	KRT38	KRT37	0.664	0.0	0.0	0.0	1
RCF_191	KRT31	KRT34	0.649	0.0	0.0	0.0	1
RCF_191	KRT31	LOC109026842	0.683	0.0	0.0	0.0	1
RCF_191	KRT31	LOC115930137	0.627	0.0	0.0	0.0	1
RCF_192	LOC129527345	LOC101138564	0.831	0.0	0.0	0.0	1
RCF_192	LOC129527345	LOC115933558	0.834	0.0	0.0	0.0	1
RCF_192	LOC129527345	LOC129527200	0.899	0.0	0.0	0.0	1
RCF_192	LOC129527345	LOC129527211	0.994	0.0	0.0	0.0	1
RCF_193	LOC129533794	CCL3	0.849	0.0	0.0	0.0	1
RCF_194	LOC129533812	LOC101123729	0.829	0.0	0.0	0.0	1
RCF_195	LOC129533805	LOC115933340	0.91	0.0	0.0	0.0	1
RCF_195	LOC129533805	LOC129533810	0.685	0.0	0.0	0.0	1
RCF_196	AP2B1	LOC101146197	0.998	0.0	0.0	0.0	1
RCF_197	LOC101128092	LOC101143223	0.911	0.0	0.0	0.0	1
RCF_198	RPL23A	LOC101129567	0.816	0.0	0.0	0.0	1
RCF_198	RPL23A	LOC129526900	0.821	0.0	0.0	0.0	1
RCF_199	LOC101133154	LGALS9C	0.89	0.0	0.0	0.0	1
RCF_199	LOC101133154	LOC101138463	0.625	0.0	0.0	0.0	1
RCF_199	LOC101133154	LOC101154187	0.983	0.0	0.0	0.0	1
RCF_199	LOC101133154	LOC115932657	0.979	0.0	0.0	0.0	1
RCF_136	RPL35A	LOC115934594	0.809	0.0	0.0	0.0	1
RCF_137	LOC134757964	LETM1	0.682	0.0	0.0	0.0	1
RCF_137	LOC134757964	LOC115933202	0.973	0.0	0.0	0.0	1
RCF_137	LOC134757964	LOC129530721	0.973	0.0	0.0	0.0	1
RCF_137	LOC134757964	LOC134757056	0.973	0.0	0.0	0.0	1
RCF_138	HGFAC	LOC115934282	1.0	0.0	0.0	0.0	1
RCF_138	HGFAC	LOC134756832	0.996	0.0	0.0	0.0	1
RCF_138	HGFAC	LOC134757059	0.996	0.0	0.0	0.0	1
RCF_139	DOK7	LOC115934290	0.967	0.0	0.0	0.0	1
RCF_140	LOC129526389	LOC115932756	0.404	0.0	0.0	0.0	1
RCF_140	LOC129526389	LOC115932954	0.4	0.0	0.0	0.0	1
RCF_140	LOC129526389	LOC129523503	0.496	0.0	0.0	0.0	1
RCF_140	LOC129526389	LOC134756368	0.4	0.0	0.0	0.0	1
RCF_140	LOC129526389	LOC134756753	0.561	0.0	0.0	0.0	1
RCF_140	LOC129526389	LRPAP1	0.612	0.0	0.0	0.0	1
RCF_141	LOC129526957	LOC129526398	0.378	0.0	0.0	0.0	1
RCF_141	LOC129526957	LOC129528452	1.0	0.0	0.0	0.0	1
RCF_141	LOC129526957	LOC129528462	1.0	0.0	0.0	0.0	1
RCF_141	LOC129526957	LOC134756703	0.905	0.0	0.0	0.0	1
RCF_141	LOC129526957	LOC134757216	1.0	0.0	0.0	0.0	1
RCF_142	OTOP1	LOC101128212	1.0	0.0	0.0	0.0	1
RCF_142	OTOP1	LOC115931710	1.0	0.0	0.0	0.0	1
RCF_143	LOC101126312	FAM90A1	1.0	0.0	0.0	0.0	1
RCF_143	LOC101126312	LOC101130785	0.974	0.0	0.0	0.0	1
RCF_143	LOC101126312	LOC115934340	1.0	0.0	0.0	0.0	1
RCF_143	LOC101126312	LOC129524355	1.0	0.0	0.0	0.0	1
RCF_143	LOC101126312	LOC129524356	1.0	0.0	0.0	0.0	1
RCF_143	LOC101126312	LOC129524357	1.0	0.0	0.0	0.0	1
RCF_143	LOC101126312	LOC129524358	1.0	0.0	0.0	0.0	1
RCF_143	LOC101126312	LOC129524359	1.0	0.0	0.0	0.0	1
RCF_143	LOC101126312	LOC129524360	1.0	0.0	0.0	0.0	1
RCF_143	LOC101126312	LOC129524361	1.0	0.0	0.0	0.0	1
RCF_143	LOC101126312	LOC129524362	1.0	0.0	0.0	0.0	1
RCF_143	LOC101126312	LOC129524363	1.0	0.0	0.0	0.0	1
RCF_143	LOC101126312	LOC129524364	1.0	0.0	0.0	0.0	1
RCF_143	LOC101126312	LOC129524365	1.0	0.0	0.0	0.0	1
RCF_143	LOC101126312	LOC129524366	1.0	0.0	0.0	0.0	1
RCF_143	LOC101126312	LOC129524367	1.0	0.0	0.0	0.0	1
RCF_143	LOC101126312	LOC129524368	1.0	0.0	0.0	0.0	1
RCF_143	LOC101126312	LOC129524369	1.0	0.0	0.0	0.0	1
RCF_143	LOC101126312	LOC129524370	1.0	0.0	0.0	0.0	1
RCF_143	LOC101126312	LOC129524371	1.0	0.0	0.0	0.0	1
RCF_143	LOC101126312	LOC129524372	1.0	0.0	0.0	0.0	1
RCF_143	LOC101126312	LOC129524373	1.0	0.0	0.0	0.0	1
RCF_143	LOC101126312	LOC129524376	1.0	0.0	0.0	0.0	1
RCF_143	LOC101126312	LOC134758998	1.0	0.0	0.0	0.0	1
RCF_143	LOC101126312	LOC134758999	1.0	0.0	0.0	0.0	1
RCF_143	LOC101126312	LOC134759000	1.0	0.0	0.0	0.0	1
RCF_143	LOC101126312	LOC134759001	1.0	0.0	0.0	0.0	1
RCF_143	LOC101126312	LOC134759002	1.0	0.0	0.0	0.0	1
RCF_143	LOC101126312	LOC134759003	1.0	0.0	0.0	0.0	1
RCF_143	LOC101126312	LOC134759004	1.0	0.0	0.0	0.0	1
RCF_143	LOC101126312	LOC134759005	1.0	0.0	0.0	0.0	1
RCF_143	LOC101126312	LOC134759006	0.997	0.0	0.0	0.0	1
RCF_143	LOC101126312	LOC134759007	1.0	0.0	0.0	0.0	1
RCF_200	LOC115932787	LOC109027025	0.888	0.0	0.0	0.0	1
RCF_201	KCNJ12	LOC109026822	0.848	0.0	0.0	0.0	1
RCF_201	KCNJ12	LOC129533583	0.748	0.0	0.0	0.0	1
RCF_202	LOC101125106	LOC109028905	0.994	0.0	0.0	0.0	1
RCF_202	LOC101125106	LOC115932812	0.988	0.0	0.0	0.0	1
RCF_202	LOC101125106	LOC115933037	0.977	0.0	0.0	0.0	1
RCF_202	LOC101125106	LOC129530229	0.986	0.0	0.0	0.0	1
RCF_202	LOC101125106	LOC129531439	0.991	0.0	0.0	0.0	1
RCF_203	LOC109026769	CCDC144A	0.962	0.0	0.0	0.0	1
RCF_204	UPF3A	LOC101127370	0.835	0.0	0.0	0.0	1
RCF_204	UPF3A	LOC115934576	0.889	0.0	0.0	0.0	1
RCF_205	FBXW10	LOC101143828	1.0	0.0	0.0	0.0	1
RCF_206	ATP2A3	LOC115932652	0.936	0.0	0.0	0.0	1
RCF_207	LOC101124084	ZNF286A	0.771	0.0	0.0	0.0	1
RCF_216	FAM114A2	LOC101126949	0.986	0.0	0.0	0.0	1
RCF_217	KIF4A	KIF4B	0.969	0.0	0.0	0.0	1
RCF_218	LOC115931263	LOC134756444	0.99	0.0	0.0	0.0	2
RCF_218	LOC115931263	LOC134757639	0.852	0.0	0.0	0.0	1
RCF_219	NPM1	LOC101137437	0.0	0.0	0.0	0.0	0
RCF_219	NPM1	LOC101152176	0.0	0.0	0.0	0.0	0
RCF_220	PPA1	LOC109026809	0.989	0.0	0.0	0.0	1
RCF_221	LOC101131460	THOC3	0.999	0.0	0.0	0.0	1
RCF_222	LOC101130871	LOC115933006	0.949	0.0	0.0	0.0	1
RCF_222	LOC101130871	LOC115933189	0.903	0.0	0.0	0.0	1
RCF_223	LOC109026962	SIMC1	0.55	0.0	0.0	0.0	1
RCF_224	BRCC3	LOC101140265	0.789	0.0	0.0	0.0	1
RCF_225	LOC101143959	LOC115930108	0.669	0.0	0.0	0.0	1
RCF_226	LOC129533605	LOC101133653	0.866	0.0	0.0	0.0	1
RCF_227	LOC101131674	LOC101125081	0.575	0.0	0.0	0.0	1
RCF_227	LOC101131674	TUBB2A	0.603	0.0	0.0	0.0	1
RCF_227	LOC101131674	TUBB4A	0.436	0.0	0.0	0.0	1
RCF_228	LOC101142918	LOC101141440	0.929	0.0	0.0	0.0	1
RCF_228	LOC101142918	LOC101143516	0.813	0.0	0.0	0.0	1
RCF_228	LOC101142918	LOC115935007	0.957	0.0	0.0	0.0	1
RCF_228	LOC101142918	NUTM2F	0.321	0.0	0.0	0.0	1
RCF_229	LOC101134115	LOC115934951	0.671	0.0	0.0	0.0	1
RCF_230	LOC129534207	LOC101135182	0.434	0.0	0.0	0.0	1
RCF_230	LOC129534207	LOC101150640	0.185	0.0	0.0	0.0	1
RCF_230	LOC129534207	LOC109027306	0.334	0.0	0.0	0.0	1
RCF_231	BTN2A2	BTN2A1	0.264	0.0	0.0	0.0	1
RCF_208	COPS3	LOC109024660	0.945	0.0	0.0	0.0	1
RCF_209	LOC115931282	LOC101147463	0.573	0.0	0.0	0.0	1
RCF_209	LOC115931282	LOC115931267	0.514	0.0	0.0	0.0	1
RCF_210	LOC101133649	LOC109029292	0.93	0.0	0.0	0.0	1
RCF_211	PSME2	LOC101141269	0.999	0.0	0.0	0.0	1
RCF_212	LOC101149491	LOC101129569	0.818	0.0	0.0	0.0	1
RCF_212	LOC101149491	LOC101144823	0.779	0.0	0.122	0.6	1
RCF_212	LOC101149491	LOC109023877	0.613	0.0	0.0	0.0	1
RCF_212	LOC101149491	LOC115931276	0.72	0.0	0.121	0.0	1
RCF_212	LOC101149491	LOC115931970	0.818	0.0	0.0	0.0	1
RCF_212	LOC101149491	LOC115931980	0.818	0.0	0.0	0.0	1
RCF_212	LOC101149491	LOC129527970	0.297	0.0	0.0	0.0	1
RCF_212	LOC101149491	LOC129529598	0.0	0.0	0.0	0.0	0
RCF_212	LOC101149491	LOC129529612	1.0	0.0	0.0	0.0	1
RCF_212	LOC101149491	LOC129529613	0.818	0.0	0.0	0.0	1
RCF_212	LOC101149491	LOC129529614	1.0	0.0	0.0	0.0	1
RCF_213	LOC129525260	C4H5orf63	0.616	0.0	0.0	0.0	1
RCF_214	HSPA9	LOC101152106	1.0	0.0	0.0	0.0	1
RCF_215	PCDHB16	LOC101146984	0.323	0.0	0.0	0.0	1
RCF_232	ZKSCAN4	ZKSCAN3	0.323	0.0	0.0	0.0	1
RCF_233	LOC101129296	LOC101129673	0.387	0.0	0.0	0.0	1
RCF_233	LOC101129296	LOC101130382	0.373	0.0	0.0	0.0	1
RCF_234	LOC109027173	LOC101131103	0.601	0.0	0.0	0.0	1
RCF_235	LOC101142134	LOC101141279	0.868	0.0	0.0	0.0	1
RCF_236	LOC101143844	LOC101142998	0.957	0.0	0.0	0.0	1
RCF_237	C4A	C4B	1.0	0.0	0.0	0.0	1
RCF_238	LOC109023079	LOC101147473	1.0	0.0	0.0	0.0	1
RCF_239	LOC101132303	LOC101131235	0.897	0.0	0.0	0.0	1
RCF_239	LOC101132303	LOC115935014	0.924	0.0	0.0	0.0	1
RCF_239	LOC101132303	LOC134758703	0.756	0.0	0.0	0.0	1
RCF_240	LOC101133995	LOC109027175	1.0	0.0	0.0	0.0	1
RCF_241	RPS18	LOC101151540	0.914	0.0	0.0	0.0	1
RCF_242	LOC101135431	LOC101129170	1.0	0.0	0.0	0.0	1
RCF_243	LOC101153366	LOC101148684	1.0	0.0	0.0	0.0	1
RCF_243	LOC101153366	LOC101152035	0.82	0.0	0.0	0.0	1
RCF_243	LOC101153366	LOC101152643	1.0	0.0	0.0	0.0	1
RCF_243	LOC101153366	LOC109027180	0.902	0.0	0.0	0.0	1
RCF_244	LOC115934984	LOC101151677	1.0	0.0	0.0	0.0	1
RCF_245	RPL31	LOC101127632	0.574	0.0	0.0	0.0	1
RCF_246	LOC101143315	LOC115935612	0.917	0.0	0.0	0.0	1
RCF_247	LOC101154316	LOC129534171	0.703	0.0	0.0	0.0	1
RCF_247	LOC101154316	LOC129534468	0.717	0.0	0.0	0.0	1
RCF_248	LOC101154628	LOC115933063	0.952	0.0	0.0	0.0	1
RCF_249	ARHGAP21	LOC101131829	1.0	0.0	0.0	0.0	1
RCF_250	ATP5MF	LOC101124099	0.858	0.0	0.0	0.0	1
RCF_251	LOC101148313	LOC115935025	1.0	0.0	0.0	0.0	1
RCF_252	MEMO1	LOC101134822	0.699	0.0	0.0	0.0	1
RCF_253	LOC101139316	LOC101140391	0.399	0.0	0.0	0.0	1
RCF_253	LOC101139316	LOC115934969	0.426	0.0	0.0	0.0	1
RCF_254	LOC101130026	GAPDH	0.706	0.0	0.0	0.0	1
RCF_255	LOC101139634	LOC101140864	0.623	0.0	0.0	0.0	1
RCF_255	LOC101139634	LOC115933751	0.707	0.0	0.0	0.0	1
RCF_255	LOC101139634	LOC115933765	0.614	0.0	0.0	0.0	1
RCF_255	LOC101139634	LOC129527231	0.714	0.0	0.0	0.0	1
RCF_255	LOC101139634	LOC134757302	0.844	0.0	0.0	0.0	1
RCF_256	LOC101143855	LOC115935294	1.0	0.0	0.0	0.0	1
RCF_257	LOC101143487	LOC129523491	0.887	0.0	0.0	0.0	1
RCF_258	LOC101133427	LOC134757904	0.0	0.0	0.0	0.0	0
RCF_258	LOC101133427	RPL36A	0.772	0.0	0.0	0.0	1
RCF_259	STEAP1	STEAP1B	0.95	0.0	0.0	0.0	1
RCF_260	FCF1	LOC109027573	0.834	0.0	0.0	0.0	1
RCF_261	NFE2L3	LOC101126173	0.979	0.0	0.0	0.0	1
RCF_262	CBX3	LOC101140430	1.0	0.0	0.0	0.0	1
RCF_263	LOC109025964	LOC101135754	0.924	0.0	0.0	0.0	1
RCF_263	LOC109025964	LOC101145089	1.0	0.0	0.0	0.0	1
RCF_263	LOC109025964	TPM3	0.738	0.0	0.0	0.0	1
RCF_272	LOC101135450	MRPL32	0.62	0.0	0.0	0.0	1
RCF_273	LOC109024670	PSMA2	0.725	0.0	0.0	0.0	1
RCF_274	LOC115932796	LOC115935268	0.877	0.0	0.0	0.0	1
RCF_275	LOC101147715	LOC101151315	0.993	0.0	0.363	0.491	1
RCF_276	HAUS6	LOC101152900	0.95	0.0	0.0	0.0	1
RCF_277	ZNF716	LOC109027583	0.893	0.0	0.415	0.0	1
RCF_277	ZNF716	LOC129534710	0.961	0.0	0.415	0.0	1
RCF_277	ZNF716	ZNF679	0.886	0.0	0.101	0.0	1
RCF_277	ZNF716	ZNF722	0.976	0.0	0.0	0.0	1
RCF_277	ZNF716	ZNF735	0.937	0.0	0.0	0.0	1
RCF_278	LOC101124000	LOC129523644	1.0	0.0	0.0	0.0	1
RCF_279	INTS4	LOC109027741	0.455	0.0	0.0	0.0	1
RCF_264	LOC101148570	DPY19L2	0.861	0.0	0.0	0.0	1
RCF_264	LOC101148570	LOC115935380	0.539	0.0	0.0	0.0	1
RCF_265	LOC101144649	PLEKHA8	0.48	0.0	0.0	0.0	1
RCF_266	LOC101153372	LOC101125582	0.885	0.0	0.0	0.0	1
RCF_267	FKBP9	LOC101129903	1.0	0.0	0.0	0.0	1
RCF_268	LOC101137006	LOC115931241	0.475	0.0	0.0	0.0	1
RCF_268	LOC101137006	SEPTIN7	0.573	0.0	0.0	0.0	1
RCF_269	LOC101146405	LOC115932795	1.0	0.0	0.0	0.0	1
RCF_269	LOC101146405	LOC115932918	0.531	0.0	0.0	0.0	1
RCF_269	LOC101146405	LOC115935266	0.69	0.0	0.0	0.0	1
RCF_269	LOC101146405	LOC115935415	0.993	0.0	0.0	0.0	1
RCF_270	LOC115933167	LOC101130894	0.985	0.0	0.0	0.0	1
RCF_270	LOC115933167	LOC109027627	0.981	0.0	0.0	0.0	1
RCF_270	LOC115933167	LOC115935376	0.878	0.0	0.0	0.0	1
RCF_270	LOC115933167	LOC129523494	0.572	0.0	0.0	0.0	1
RCF_271	LOC115933184	LOC101126771	0.924	0.0	0.0	0.0	1
RCF_271	LOC115933184	LOC101129811	0.917	0.0	0.0	0.0	1
RCF_271	LOC115933184	LOC101130521	0.446	0.0	0.0	0.0	1
RCF_271	LOC115933184	LOC101132319	0.933	0.0	0.0	0.0	1
RCF_271	LOC115933184	LOC101136868	0.927	0.0	0.0	0.0	1
RCF_271	LOC115933184	LOC101146750	1.0	0.0	0.0	0.0	1
RCF_271	LOC115933184	LOC115933216	0.936	0.0	0.0	0.0	1
RCF_271	LOC115933184	LOC115935261	0.948	0.0	0.0	0.0	1
RCF_271	LOC115933184	LOC115935262	0.934	0.0	0.0	0.0	1
RCF_271	LOC115933184	LOC115935290	0.92	0.0	0.0	0.0	1
RCF_271	LOC115933184	LOC115935297	0.924	0.0	0.0	0.0	1
RCF_271	LOC115933184	LOC115935416	0.924	0.0	0.0	0.0	1
RCF_271	LOC115933184	SPDYE3	0.654	0.0	0.0	0.0	1
RCF_288	LOC134758808	LOC101147131	0.71	0.0	0.932	0.286	1
RCF_288	LOC134758808	LOC134758806	1.0	0.0	0.843	0.333	1
RCF_288	LOC134758808	LOC134758807	1.0	0.0	0.996	0.286	1
RCF_289	LOC129523912	LOC129523913	1.0	0.0	0.0	0.0	1
RCF_289	LOC129523912	LOC129523914	1.0	0.0	0.0	0.0	1
RCF_289	LOC129523912	LOC129523915	1.0	0.0	0.0	0.0	1
RCF_290	LOC101130893	PVRIG	0.949	0.0	0.0	0.0	1
RCF_291	LOC101149513	LOC101147362	0.873	0.0	0.0	0.0	1
RCF_291	LOC101149513	LOC115935323	1.0	0.0	0.0	0.0	1
RCF_292	LOC115930424	LOC101127636	0.773	0.0	0.0	0.0	1
RCF_293	EIF4B	LOC101136303	0.996	0.0	0.0	0.0	1
RCF_293	EIF4B	LOC101146246	0.981	0.0	0.0	0.0	1
RCF_294	LOC101146188	AKR1B10	0.632	0.0	0.0	0.0	1
RCF_294	LOC101146188	LOC115935241	0.811	0.0	0.0	0.0	1
RCF_295	LOC101132325	MKRN1	0.62	0.0	0.0	0.0	1
RCF_280	LOC129534728	LOC101126070	0.922	0.0	0.0	0.0	1
RCF_281	LOC115930131	LOC101127139	0.575	0.0	0.0	0.0	1
RCF_281	LOC115930131	LOC115933217	0.411	0.0	0.0	0.0	1
RCF_281	LOC115930131	LOC115933283	1.0	0.0	0.0	0.0	1
RCF_282	LOC101145093	DTX2	0.597	0.0	0.0	0.0	1
RCF_283	LOC115933256	LOC101127516	0.287	0.0	0.0	0.0	1
RCF_284	POM121C	POM121	1.0	0.0	0.0	0.0	1
RCF_285	TRIM50	TRIM73	0.93	0.0	0.0	0.0	1
RCF_286	UPK3BL1	LOC115933185	0.413	0.0	0.0	0.0	1
RCF_286	UPK3BL1	LOC115935248	0.715	0.0	0.0	0.0	1
RCF_287	MUC17	LOC129523904	0.996	0.0	0.797	0.467	1
RCF_287	MUC17	LOC129523905	0.915	0.0	0.798	0.439	1
RCF_296	LOC115935863	LOC101147134	0.961	0.0	0.0	0.0	1
RCF_296	LOC115935863	LOC115930162	0.942	0.0	0.0	0.0	1
RCF_296	LOC115935863	LOC134758959	0.946	0.0	0.0	0.0	1
RCF_296	LOC115935863	PRSS2	1.0	0.0	0.0	0.0	1
RCF_296	LOC115935863	PRSS3	0.767	0.0	0.0	0.0	1
RCF_297	LOC101124418	LOC101130407	0.998	0.0	0.0	0.0	1
RCF_297	LOC101124418	LOC101143553	0.956	0.0	0.0	0.0	1
RCF_297	LOC101124418	MIA2	0.523	0.0	0.0	0.0	1
RCF_298	LOC101134598	LOC115935392	0.438	0.0	0.0	0.0	1
RCF_299	LOC101151457	LOC115935617	1.0	0.0	0.0	0.0	1
RCF_300	LOC101127524	LOC129524393	0.76	0.0	0.0	0.0	1
RCF_300	LOC101127524	LOC134759084	0.811	0.0	0.0	0.0	1
RCF_300	LOC101127524	LOC134759085	0.76	0.0	0.0	0.0	1
RCF_301	ZNF705D	LOC101128182	0.894	0.0	0.0	0.0	1
RCF_301	ZNF705D	ZNF705A	0.957	0.0	0.0	0.0	1
RCF_301	ZNF705D	ZNF705EP	1.0	0.0	0.0	0.0	1
RCF_302	TNFRSF10D	LOC115935615	0.848	0.0	0.0	0.0	1
RCF_303	LOC101138975	THAP12	0.928	0.0	0.0	0.0	1
RCF_312	WASHC2C	LOC101143038	1.0	0.0	0.0	0.0	1
RCF_312	WASHC2C	WASHC2A	0.972	0.0	0.0	0.0	1
RCF_313	LOC115933075	PARG	0.534	0.0	0.0	0.0	1
RCF_314	LOC129525002	LOC101143885	0.764	0.0	0.0	0.0	1
RCF_315	LOC115935989	SHLD2	0.932	0.0	0.0	0.0	1
RCF_316	LOC101143887	LOC101143280	1.0	0.0	0.0	0.0	1
RCF_316	LOC101143887	LOC115935969	1.0	0.0	0.0	0.0	1
RCF_317	LOC115933177	LOC115933107	0.908	0.0	0.0	0.0	1
RCF_318	LOC101129219	ZNF33B	0.985	0.0	0.0	0.0	1
RCF_319	RPL21	LOC101126684	0.744	0.0	0.0	0.0	1
RCF_320	LOC101136905	SFTPA1	0.973	0.0	0.0	0.0	1
RCF_321	PTEN	LOC134756931	1.0	0.0	0.0	0.0	1
RCF_322	TMEM80	LOC115936014	0.0	0.0	0.0	0.0	0
RCF_323	XRCC6	LOC101144883	0.883	0.0	0.0	0.0	1
RCF_324	LOC101151965	LOC101126456	0.953	0.0	0.0	0.0	1
RCF_325	RPE	RPEL1	0.989	0.0	0.0	0.0	1
RCF_326	RPS26	LOC101138009	0.759	0.0	0.0	0.0	1
RCF_327	LOC101127306	LOC101126932	0.773	0.0	0.0	0.0	1
RCF_344	SINHCAF	LOC115936297	0.826	0.0	0.0	0.0	1
RCF_345	LOC101127189	LOC101127800	1.0	0.0	0.0	0.0	1
RCF_345	LOC101127189	LOC115936196	0.908	0.0	0.0	0.0	1
RCF_345	LOC101127189	LOC115936305	0.909	0.0	0.0	0.0	1
RCF_346	LOC129525227	RPLP0	0.914	0.0	0.0	0.0	1
RCF_347	FTH1	LOC129525611	0.763	0.0	0.0	0.0	1
RCF_348	HIGD1A	LOC101132615	0.857	0.0	0.0	0.0	1
RCF_349	RAB6A	RAB6D	1.0	0.0	0.0	0.0	1
RCF_350	TOMM20	LOC101139256	0.825	0.0	0.0	0.0	1
RCF_351	ZNF75D	LOC101144397	0.997	0.0	0.0	0.0	1
RCF_336	LOC115932712	LOC101151746	1.0	0.0	0.0	0.0	1
RCF_336	LOC115932712	LOC115936245	1.0	0.0	0.0	0.0	1
RCF_336	LOC115932712	LOC115936253	1.0	0.0	0.0	0.0	1
RCF_337	LOC101138028	LOC115933540	1.0	0.0	0.0	0.0	1
RCF_337	LOC101138028	LOC115936243	1.0	0.0	0.0	0.0	1
RCF_338	LOC101149915	LOC101147888	0.999	0.0	0.0	0.0	1
RCF_338	LOC101149915	LOC115936225	0.939	0.0	0.0	0.0	1
RCF_339	LOC101147060	LOC101134418	0.914	0.0	0.0	0.0	1
RCF_339	LOC101147060	LOC115933568	0.903	0.0	0.0	0.0	1
RCF_340	LOC115936267	LOC101127913	0.999	0.0	0.0	0.0	1
RCF_341	LOC101148609	LOC101142809	0.564	0.0	0.0	0.0	1
RCF_341	LOC101148609	LOC101143168	0.426	0.0	0.0	0.0	1
RCF_342	LOC115936189	LOC101152574	0.996	0.0	0.0	0.0	1
RCF_343	LOC115930165	LOC101143657	0.991	0.0	0.0	0.0	1
RCF_352	MTMR2	LOC129527440	0.937	0.0	0.0	0.0	1
RCF_352	MTMR2	LOC129527821	1.0	0.0	0.0	0.0	1
RCF_353	NXPE1	LOC101131893	0.283	0.0	0.0	0.0	1
RCF_353	NXPE1	NXPE4	0.317	0.0	0.0	0.0	1
RCF_354	LOC101137417	LOC109028938	0.868	0.0	0.0	0.0	1
RCF_355	LOC101145021	LOC115936276	1.0	0.0	0.0	0.0	1
RCF_356	EI24	LOC115931433	0.944	0.0	0.0	0.0	1
RCF_357	NDUFA8	LOC129525577	0.921	0.0	0.0	0.0	1
RCF_358	NANOG	LOC101124665	0.706	0.0	0.0	0.0	1
RCF_359	LOC101123934	SLC2A14	0.839	0.0	0.0	0.0	1
RCF_328	LOC134759280	LOC115933478	1.0	0.0	0.0	0.0	1
RCF_328	LOC134759280	LOC134759281	1.0	0.0	0.0	0.0	1
RCF_329	EIF3F	LOC115932761	0.968	0.0	0.0	0.0	1
RCF_329	EIF3F	LOC129524668	0.985	0.0	0.0	0.0	1
RCF_329	EIF3F	LOC129529383	0.968	0.0	0.0	0.0	1
RCF_329	EIF3F	LOC129530380	0.97	0.0	0.0	0.0	1
RCF_329	EIF3F	LOC129530488	0.968	0.0	0.0	0.0	1
RCF_329	EIF3F	LOC129530568	0.968	0.0	0.0	0.0	1
RCF_329	EIF3F	LOC129531742	0.964	0.0	0.0	0.0	1
RCF_329	EIF3F	LOC134756925	0.979	0.0	0.0	0.0	1
RCF_329	EIF3F	LOC134757073	0.741	0.0	0.0	0.0	1
RCF_329	EIF3F	LOC134757392	0.978	0.0	0.0	0.0	1
RCF_329	EIF3F	LOC134757413	0.969	0.0	0.0	0.0	1
RCF_329	EIF3F	LOC134757414	0.978	0.0	0.0	0.0	1
RCF_329	EIF3F	LOC134757415	0.969	0.0	0.0	0.0	1
RCF_330	C9H11orf58	LOC101148636	0.984	0.0	0.0	0.0	1
RCF_331	MRGPRX3	LOC101148734	0.997	0.0	0.0	0.0	1
RCF_332	LOC101134521	LOC101146566	0.918	0.0	0.0	0.0	1
RCF_333	PSMC3	LOC101128863	0.993	0.0	0.0	0.0	1
RCF_334	TRIM51	LOC101138016	1.0	0.0	0.0	0.0	1
RCF_334	TRIM51	LOC101145738	0.961	0.0	0.0	0.0	1
RCF_334	TRIM51	LOC115932791	1.0	0.0	0.0	0.0	1
RCF_335	LOC101151378	LOC101124042	0.991	0.0	0.0	0.0	1
RCF_335	LOC101151378	LOC101146458	0.635	0.0	0.0	0.0	1
RCF_335	LOC101151378	LOC101149329	1.0	0.0	0.0	0.0	1
RCF_335	LOC101151378	LOC101153544	0.991	0.0	0.0	0.0	1
RCF_335	LOC101151378	LOC115932790	1.0	0.0	0.0	0.0	1
RCF_335	LOC101151378	LOC129523488	0.95	0.0	0.0	0.0	1
RCF_335	LOC101151378	LOC129525445	1.0	0.0	0.0	0.0	1
RCF_360	EIF2S3	EIF2S3B	0.712	0.0	0.0	0.0	1
RCF_361	LOC129525946	LOC101137298	0.856	0.0	0.0	0.0	1
RCF_362	LOC101140583	LOC101140222	0.818	0.0	0.702	0.5	1
RCF_363	LOC115930191	LOC101143179	0.866	0.0	0.913	0.527	1
RCF_364	XPOT	LOC101143859	0.946	0.0	0.0	0.0	1
RCF_365	TBX20	LOC129525975	0.935	0.0	0.0	0.0	1
RCF_366	HSPD1	LOC101150049	0.994	0.0	0.0	0.0	1
RCF_367	LOC101136938	KRT6A	0.815	0.0	0.0	0.0	1
RCF_367	LOC101136938	KRT6C	0.816	0.0	0.0	0.0	1
RCF_376	KMT5A	LOC129529286	0.889	0.0	0.0	0.0	1
RCF_377	LOC115930154	LOC101131416	0.661	0.0	0.0	0.0	1
RCF_378	LOC101134642	LOC101148384	0.999	0.0	0.0	0.0	1
RCF_379	LOC109025979	LOC101147293	1.0	0.0	0.0	0.0	1
RCF_380	TUBA3E	LOC115933728	1.0	0.0	0.0	0.0	1
RCF_381	LOC109025943	LOC115933730	0.804	0.0	0.0	0.0	1
RCF_382	RHOQ	LOC101147656	0.997	0.0	0.0	0.0	1
RCF_383	ZNF285	LOC101125875	0.868	0.0	0.0	0.0	1
RCF_383	ZNF285	LOC101145215	0.978	0.0	0.0	0.0	1
RCF_304	TERF1	LOC115932097	0.85	0.0	0.0	0.0	1
RCF_305	NDUFA5	LOC101152913	0.718	0.0	0.0	0.0	1
RCF_306	LOC109025310	LOC101124016	1.0	0.0	0.0	0.0	1
RCF_307	LOC115930159	LOC101142418	0.915	0.0	0.0	0.0	1
RCF_308	AKR1C3	LOC101146324	0.767	0.0	0.0	0.0	1
RCF_308	AKR1C3	LOC115936027	0.84	0.0	0.0	0.0	1
RCF_309	LOC129526731	LOC129525778	0.895	0.0	0.0	0.0	1
RCF_309	LOC129526731	LOC129525779	0.895	0.0	0.0	0.0	1
RCF_309	LOC129526731	LOC129528260	0.712	0.0	0.0	0.0	1
RCF_309	LOC129526731	LOC134757173	0.71	0.0	0.0	0.0	1
RCF_310	AGAP6	AGAP5	0.782	0.0	0.0	0.0	1
RCF_310	AGAP6	LOC101141934	0.808	0.0	0.0	0.0	1
RCF_310	AGAP6	LOC101143406	0.729	0.0	0.0	0.0	1
RCF_310	AGAP6	LOC101144261	0.611	0.0	0.0	0.0	1
RCF_310	AGAP6	LOC129525008	0.66	0.0	0.0	0.0	1
RCF_310	AGAP6	LOC129525050	1.0	0.0	0.0	0.0	1
RCF_311	LOC129527613	LOC129523555	1.0	0.0	0.321	0.0	1
RCF_368	LOC101152583	LOC101136203	0.674	0.0	0.0	0.0	1
RCF_368	LOC101152583	LOC101151260	0.379	0.0	0.0	0.0	1
RCF_368	LOC101152583	LOC109029034	0.69	0.0	0.0	0.0	1
RCF_368	LOC101152583	LOC109029062	0.6	0.0	0.0	0.0	1
RCF_369	LOC101148972	LOC101150168	0.514	0.0	0.0	0.0	1
RCF_369	LOC101148972	TUBA1C	0.646	0.0	0.0	0.0	1
RCF_370	ANP32A	ANP32D	1.0	0.0	0.0	0.0	1
RCF_371	ALG10B	ALG10	0.47	0.0	0.0	0.0	2
RCF_372	LOC129523562	LOC101127866	0.362	0.0	0.0	0.0	1
RCF_373	LOC101145464	LOC115932143	0.719	0.0	0.0	0.0	1
RCF_373	LOC101145464	LOC115932144	0.852	0.0	0.0	0.0	1
RCF_373	LOC101145464	LOC115932146	0.962	0.0	0.0	0.0	1
RCF_374	UBE2N	LOC101139714	1.0	0.0	0.0	0.0	1
RCF_375	PPTC7	LOC109023949	1.0	0.0	0.0	0.0	1
RCF_384	LOC101126792	LOC101127159	0.962	0.0	0.0	0.0	1
RCF_384	LOC101126792	LOC129526469	1.0	0.0	0.0	0.0	1
RCF_384	LOC101126792	LOC129526568	0.974	0.0	0.0	0.0	1
RCF_384	LOC101126792	LOC129526569	1.0	0.0	0.0	0.0	1
RCF_384	LOC101126792	LOC129527191	1.0	0.0	0.0	0.0	1
RCF_384	LOC101126792	LOC129527198	1.0	0.0	0.0	0.0	1
RCF_384	LOC101126792	LOC129529391	1.0	0.0	0.0	0.0	1
RCF_384	LOC101126792	LOC129529652	1.0	0.0	0.0	0.0	1
RCF_385	LOC129527019	LOC115930774	0.661	0.0	0.0	0.0	1
RCF_385	LOC129527019	LOC134756434	0.0	0.0	0.0	0.0	0
RCF_385	LOC129527019	LOC134757308	0.496	0.0	0.0	0.0	1
RCF_386	HNRNPA3	LOC109029309	0.683	0.0	0.0	0.0	1
RCF_387	LIN28A	LOC101145031	0.864	0.0	0.0	0.0	1
RCF_388	LOC134756663	LOC129529611	1.0	0.0	0.0	0.0	1
RCF_389	ACER2	LOC101139980	1.0	0.0	0.0	0.0	1
RCF_390	HMGB1	LOC101125882	0.924	0.0	0.0	0.0	1
RCF_391	LOC115933737	LOC101132628	0.986	0.0	0.0	0.0	1
RCF_391	LOC115933737	LOC115933736	1.0	0.0	0.0	0.0	1
RCF_400	LOC129530485	LOC129530498	0.905	0.0	0.0	0.0	1
RCF_400	LOC129530485	LOC134756432	0.631	0.0	0.0	0.0	1
RCF_400	LOC129530485	LOC134757054	0.987	0.0	0.0	0.0	1
RCF_400	LOC129530485	LOC134757222	0.631	0.0	0.0	0.0	1
RCF_401	LOC129531205	LOC134756831	0.997	0.0	0.0	0.0	1
RCF_402	LOC129524667	LOC129524472	0.963	0.0	0.0	0.0	1
RCF_402	LOC129524667	LOC129524656	1.0	0.0	0.0	0.0	1
RCF_402	LOC129524667	LOC129528228	0.968	0.0	0.0	0.0	1
RCF_402	LOC129524667	LOC129528443	0.658	0.0	0.0	0.0	1
RCF_402	LOC129524667	LOC129528463	0.748	0.0	0.0	0.0	1
RCF_402	LOC129524667	LOC129529382	0.565	0.0	0.0	0.0	1
RCF_402	LOC129524667	LOC129530304	0.968	0.0	0.0	0.0	1
RCF_402	LOC129524667	LOC129530495	1.0	0.0	0.0	0.0	1
RCF_402	LOC129524667	LOC129530569	0.565	0.0	0.0	0.0	1
RCF_403	LOC129524455	LOC101125723	0.521	0.0	0.0	0.0	1
RCF_404	LOC115933013	LOC101142362	1.0	0.0	0.0	0.0	1
RCF_404	LOC115933013	LOC115931699	1.0	0.0	0.0	0.0	1
RCF_404	LOC115933013	LOC115932819	1.0	0.0	0.0	0.0	1
RCF_404	LOC115933013	LOC134757320	1.0	0.0	0.0	0.0	1
RCF_405	CES4A	LOC115932799	0.887	0.0	0.0	0.0	1
RCF_405	CES4A	LOC115932915	0.937	0.0	0.0	0.0	1
RCF_405	CES4A	LOC129531429	0.992	0.0	0.0	0.0	1
RCF_405	CES4A	LOC134756833	0.904	0.0	0.0	0.0	1
RCF_405	CES4A	LOC134757223	0.839	0.0	0.0	0.0	1
RCF_406	LOC134756387	LOC129531450	1.0	0.0	0.0	0.0	1
RCF_407	LOC129531432	LOC115931076	0.856	0.0	0.0	0.0	1
RCF_416	LOC109025523	ANKRD36C	0.559	0.0	0.0	0.0	2
RCF_417	GNA11	LOC101149632	0.993	0.0	0.0	0.0	1
RCF_418	ANAPC1	LOC109025714	0.935	0.0	0.0	0.0	1
RCF_419	LOC129531666	LOC101131768	0.974	0.0	0.0	0.0	1
RCF_419	LOC129531666	LOC109025447	0.716	0.0	0.0	0.0	1
RCF_419	LOC129531666	LOC129531667	1.0	0.0	0.0	0.0	1
RCF_419	LOC129531666	RGPD8	0.999	0.0	0.0	0.0	1
RCF_420	LOC101146691	LIMS1	0.655	0.0	0.0	0.0	1
RCF_421	XIAP	LOC109025842	0.767	0.0	0.0	0.0	1
RCF_422	CD8A	LOC115933449	0.566	0.0	0.0	0.0	1
RCF_423	WBP1	LOC101146004	0.81	0.0	0.0	0.0	1
RCF_408	LOC115931021	LOC101143341	0.679	0.0	0.0	0.0	1
RCF_408	LOC115931021	LOC115931038	0.53	0.0	0.0	0.0	1
RCF_409	SLC6A8	LOC101144812	1.0	0.0	0.0	0.0	1
RCF_409	SLC6A8	LOC115933574	0.979	0.0	0.0	0.0	1
RCF_409	SLC6A8	LOC129526437	0.996	0.0	0.0	0.0	1
RCF_409	SLC6A8	LOC129527390	1.0	0.0	0.0	0.0	2
RCF_410	LOC109028262	LOC101152675	0.997	0.0	0.0	0.0	1
RCF_410	LOC109028262	LOC129531862	0.998	0.0	0.0	0.0	1
RCF_411	ANKRD18B	ANKRD18A	0.999	0.0	0.0	0.0	1
RCF_411	ANKRD18B	LOC101134651	0.338	0.0	0.0	0.0	1
RCF_411	ANKRD18B	LOC101142783	0.85	0.0	0.0	0.0	1
RCF_411	ANKRD18B	LOC101147259	0.958	0.0	0.0	0.0	1
RCF_411	ANKRD18B	LOC115933254	0.892	0.0	0.0	0.0	1
RCF_412	LOC115935842	ALDH1B1	0.989	0.0	0.0	0.0	1
RCF_412	LOC115935842	LOC129524687	1.0	0.0	0.0	0.0	1
RCF_413	FOXO1	LOC129531741	0.302	0.0	0.0	0.0	1
RCF_414	LOC101144253	LOC101150259	0.742	0.0	0.0	0.0	1
RCF_414	LOC101144253	LOC109025440	0.741	0.0	0.0	0.0	1
RCF_414	LOC101144253	LOC115930095	1.0	0.0	0.0	0.0	1
RCF_414	LOC101144253	LOC115935779	0.79	0.0	0.0	0.0	1
RCF_414	LOC101144253	LOC115935781	0.743	0.0	0.0	0.0	1
RCF_414	LOC101144253	LOC129523482	0.753	0.0	0.0	0.0	1
RCF_415	GPAT2	LOC129531485	0.994	0.0	0.0	0.0	1
RCF_440	TAF1	TAF1L	0.92	0.0	0.0	0.0	1
RCF_441	LOC129526160	AQP7	0.785	0.0	0.0	0.0	1
RCF_442	GPS2	LOC101141051	1.0	0.0	0.0	0.0	1
RCF_443	LOC101153990	TLE1	0.329	0.0	0.0	0.0	1
RCF_444	LOC101127657	LOC101126920	0.958	0.0	0.0	0.0	1
RCF_445	DAPK1	LOC115935778	1.0	0.0	0.0	0.0	1
RCF_446	LOC101145975	LOC129523464	1.0	0.0	0.0	0.0	1
RCF_447	LOC101151107	NIPSNAP3A	0.6	0.0	0.0	0.0	1
RCF_424	LOC101135599	REG3G	0.749	0.0	0.0	0.0	1
RCF_425	REG1A	REG1B	0.786	0.0	0.0	0.0	1
RCF_426	LOC101133830	NAT8	0.891	0.0	0.0	0.0	1
RCF_427	TIA1	LOC129528237	1.0	0.0	0.0	0.0	1
RCF_428	LOC129523471	C1QTNF3	0.998	0.0	0.0	0.0	1
RCF_428	LOC129523471	LOC129530594	1.0	0.0	0.0	0.0	1
RCF_428	LOC129523471	LOC134757411	1.0	0.0	0.0	0.0	1
RCF_429	TINCR	LOC129530537	0.662	0.0	0.0	0.0	1
RCF_429	TINCR	LOC129530592	0.662	0.0	0.0	0.0	1
RCF_429	TINCR	LOC134757033	0.662	0.0	0.0	0.0	1
RCF_430	GGT1	LOC129524426	0.984	0.0	0.0	0.0	1
RCF_430	GGT1	LOC129529427	0.593	0.0	0.0	0.0	1
RCF_431	LOC129524657	LOC129528175	0.907	0.0	0.0	0.0	1
RCF_392	LOC101145885	LOC101146232	0.917	0.0	0.0	0.0	1
RCF_393	MSL3	LOC101150533	0.933	0.0	0.0	0.0	1
RCF_394	LOC101135498	AQP12A	1.0	0.0	0.0	0.0	1
RCF_395	SNRNP25	LOC101143820	0.578	0.0	0.0	0.0	1
RCF_396	POLR3K	LOC101151284	1.0	0.0	0.0	0.0	1
RCF_397	LOC134756446	LOC129524470	0.81	0.0	0.0	0.0	1
RCF_397	LOC134756446	LOC129524600	0.898	0.0	0.0	0.0	1
RCF_397	LOC134756446	LOC129524654	0.876	0.0	0.0	0.0	1
RCF_397	LOC134756446	LOC129524659	0.866	0.0	0.0	0.0	1
RCF_397	LOC134756446	LOC129524662	0.858	0.0	0.0	0.0	1
RCF_397	LOC134756446	LOC129526471	0.321	0.0	0.0	0.0	1
RCF_397	LOC134756446	LOC129528163	0.81	0.0	0.0	0.0	1
RCF_397	LOC134756446	LOC129528196	0.74	0.0	0.0	0.0	1
RCF_397	LOC134756446	LOC129528441	0.909	0.0	0.0	0.0	1
RCF_397	LOC134756446	LOC129528445	0.845	0.0	0.0	0.0	1
RCF_397	LOC134756446	LOC129528448	0.858	0.0	0.0	0.0	1
RCF_397	LOC134756446	LOC129528460	0.963	0.0	0.0	0.0	1
RCF_397	LOC134756446	LOC129528467	0.835	0.0	0.0	0.0	1
RCF_397	LOC134756446	LOC129529380	0.845	0.0	0.0	0.0	1
RCF_397	LOC134756446	LOC129529385	0.817	0.0	0.0	0.0	1
RCF_397	LOC134756446	LOC129530470	0.817	0.0	0.0	0.0	1
RCF_397	LOC134756446	LOC129530491	0.733	0.0	0.0	0.0	1
RCF_397	LOC134756446	LOC129530544	0.83	0.0	0.0	0.0	1
RCF_397	LOC134756446	LOC129530564	0.846	0.0	0.0	0.0	1
RCF_397	LOC134756446	LOC134756947	0.725	0.0	0.0	0.0	1
RCF_398	LOC129526391	LOC101136771	1.0	0.0	0.0	0.0	1
RCF_398	LOC129526391	LOC129527283	0.89	0.0	0.0	0.0	1
RCF_398	LOC129526391	LOC129531453	0.985	0.0	0.0	0.0	1
RCF_398	LOC129526391	LOC134757041	1.0	0.0	0.0	0.0	1
RCF_399	TPTE2	LOC101129069	0.834	0.0	0.0	0.0	1
RCF_399	TPTE2	LOC129523572	0.996	0.0	0.0	0.0	1
RCF_399	TPTE2	LOC129524661	0.712	0.0	0.0	0.0	1
RCF_399	TPTE2	LOC129528187	0.737	0.0	0.0	0.0	1
RCF_399	TPTE2	LOC129528194	0.634	0.0	0.0	0.0	1
RCF_399	TPTE2	LOC129528447	0.809	0.0	0.0	0.0	1
RCF_399	TPTE2	LOC129528453	0.712	0.0	0.0	0.0	1
RCF_399	TPTE2	LOC129528465	0.793	0.0	0.0	0.0	1
RCF_399	TPTE2	LOC129529646	0.782	0.0	0.0	0.0	1
RCF_399	TPTE2	LOC129530391	0.746	0.0	0.0	0.0	1
RCF_399	TPTE2	LOC129530492	0.691	0.0	0.0	0.0	1
RCF_399	TPTE2	LOC129530571	0.717	0.0	0.0	0.0	1
RCF_399	TPTE2	LOC134757319	0.722	0.0	0.0	0.0	1
RCF_399	TPTE2	LOC134757391	0.603	0.0	0.0	0.0	1
RCF_432	LOC134756411	LOC109024528	0.587	0.0	0.0	0.0	1
RCF_432	LOC134756411	LOC129524669	0.719	0.0	0.0	0.0	1
RCF_432	LOC134756411	LOC129529615	0.919	0.0	0.165	0.333	1
RCF_432	LOC134756411	LOC129529620	0.934	0.0	0.12	0.0	1
RCF_432	LOC134756411	LOC129529663	0.805	0.0	0.0	0.0	1
RCF_432	LOC134756411	LOC129530379	0.258	0.0	0.0	0.0	1
RCF_432	LOC134756411	LOC129530384	0.675	0.0	0.0	0.0	1
RCF_432	LOC134756411	LOC129530466	0.404	0.0	0.0	0.0	1
RCF_432	LOC134756411	LOC129530487	0.93	0.0	0.0	0.0	1
RCF_432	LOC134756411	LOC129530496	0.698	0.0	0.0	0.0	1
RCF_432	LOC134756411	LOC129530567	0.698	0.0	0.0	0.0	1
RCF_433	LOC101139703	LOC129526951	1.0	0.0	0.0	0.0	1
RCF_433	LOC101139703	LOC129530378	0.5	0.0	0.0	0.0	1
RCF_434	LOC101145348	LOC129523567	1.0	0.0	0.0	0.0	1
RCF_435	LOC115933307	LOC101143875	0.939	0.0	0.0	0.0	1
RCF_436	LOC115935867	IGFBPL1	0.738	0.0	0.0	0.0	1
RCF_437	HMGB3	LOC115935782	0.997	0.0	0.0	0.0	1
RCF_438	LOC101133314	LOC129524744	0.994	0.0	0.0	0.0	1
RCF_439	DNAI1	LOC129530372	0.936	0.0	0.0	0.0	1
RCF_448	LOC115935857	OBI1	0.921	0.0	0.0	0.0	1
RCF_449	GNG10	LOC109023336	0.964	0.0	0.0	0.0	1
RCF_450	LOC109028196	ORM1	1.0	0.0	0.0	0.0	1
RCF_451	LOC101142549	LOC115935845	0.927	0.0	0.0	0.0	1
RCF_452	RPL35	LOC101130013	0.904	0.0	0.0	0.0	1
RCF_453	LOC101147034	LCN1	0.676	0.0	0.0	0.0	1
RCF_454	REXO4	LOC101129642	0.782	0.0	0.0	0.0	1
RCF_455	LOC129530381	LOC129531501	0.979	0.0	0.0	0.0	1
RCF_464	EIF1AX	LOC129530234	0.448	0.0	0.0	0.0	1
RCF_465	LOC129526440	CCDC196	1.0	0.0	0.0	0.0	1
RCF_466	MPHOSPH8	LOC115933429	0.917	0.0	0.0	0.0	1
RCF_467	C1QTNF9	LOC115930440	1.0	0.0	0.0	0.0	1
RCF_468	LOC101124545	LOC129526151	0.532	0.0	0.0	0.0	1
RCF_469	LOC129526141	LOC109029387	0.0	0.0	0.0	0.0	0
RCF_469	LOC129526141	LOC115930426	0.0	0.0	0.0	0.0	0
RCF_469	LOC129526141	LOC134756400	1.0	0.0	0.0	0.0	1
RCF_470	EBPL	LOC134757478	0.941	0.0	0.0	0.0	1
RCF_471	ST13	LOC101146826	1.0	0.0	0.0	0.0	1
RCF_480	LOC101129231	RPL36AL	0.767	0.0	0.0	0.0	1
RCF_481	KNOP1	LOC101127340	0.98	0.0	0.0	0.0	1
RCF_482	LOC101154167	LOC134757191	1.0	0.0	0.0	0.0	1
RCF_483	LOC109023154	LOC115930559	0.517	0.0	0.0	0.0	1
RCF_484	LOC134757324	LOC115934544	1.0	0.0	0.0	0.0	1
RCF_485	LOC129527049	LOC115933317	0.797	0.0	0.0	0.0	1
RCF_486	LOC129527248	LOC115930126	0.218	0.0	0.0	0.0	1
RCF_486	LOC129527248	LOC115932684	1.0	0.0	0.0	0.0	1
RCF_487	TUBGCP5	LOC115932683	0.823	0.0	0.0	0.0	1
RCF_456	LOC115934309	LOC134757060	0.962	0.0	0.0	0.0	1
RCF_457	LOC115932815	LOC101126658	0.909	0.0	0.0	0.0	1
RCF_457	LOC115932815	LOC101132434	0.854	0.0	0.0	0.0	1
RCF_457	LOC115932815	LOC101135843	0.998	0.0	0.0	0.0	1
RCF_457	LOC115932815	LOC115931971	0.552	0.0	0.0	0.0	2
RCF_457	LOC115932815	LOC115931972	0.47	0.0	0.0	0.0	1
RCF_457	LOC115932815	LOC115932925	0.573	0.0	0.0	0.0	1
RCF_457	LOC115932815	LOC129529600	0.584	0.0	0.0	0.0	1
RCF_457	LOC115932815	LOC129529618	0.998	0.0	0.0	0.0	1
RCF_458	LOC129526137	CXADR	0.83	0.0	0.0	0.0	1
RCF_458	LOC129526137	LOC101135203	0.797	0.0	0.0	0.0	1
RCF_458	LOC129526137	LOC115933423	1.0	0.0	0.0	0.0	1
RCF_458	LOC129526137	LOC129527066	0.366	0.0	0.0	0.0	1
RCF_458	LOC129526137	LOC129527232	0.888	0.0	0.0	0.0	1
RCF_458	LOC129526137	LOC129527244	0.991	0.0	0.0	0.0	1
RCF_459	LOC134756975	LOC101142994	0.986	0.0	0.0	0.0	1
RCF_459	LOC134756975	LOC129527203	0.952	0.0	0.0	0.0	1
RCF_460	FGF7	LOC129526430	0.955	0.0	0.0	0.0	1
RCF_461	LOC129526434	LOC101136583	1.0	0.0	0.0	0.0	1
RCF_462	LOC129527240	LOC101137311	0.897	0.0	0.0	0.0	1
RCF_463	CCNQ	LOC129527246	1.0	0.0	0.0	0.0	1
RCF_463	CCNQ	LOC129530296	1.0	0.0	0.0	0.0	1
RCF_504	LOC101138066	LOC115930840	1.0	0.0	0.0	0.0	1
RCF_505	ZNF519	LOC115931857	0.395	0.0	0.0	0.0	1
RCF_506	RHBDD3	LOC101126634	0.805	0.0	0.0	0.0	1
RCF_507	MYL12B	LOC101127500	0.537	0.0	0.0	0.0	1
RCF_508	LOC115931453	LOC101139802	1.0	0.0	0.0	0.0	1
RCF_509	LOC101146261	LOC115931067	0.998	0.0	0.0	0.0	1
RCF_509	LOC101146261	LOC134757486	0.998	0.0	0.0	0.0	1
RCF_510	CAPN15	LOC129527750	0.948	0.0	0.0	0.0	1
RCF_511	LOC101143084	LOC101141984	0.911	0.0	0.0	0.0	1
RCF_496	LOC101154057	STRC	0.968	0.0	0.0	0.0	1
RCF_497	LOC101136473	SORD	0.695	0.0	0.0	0.0	1
RCF_498	NSA2	LOC101151524	0.739	0.0	0.0	0.0	1
RCF_499	LOC115930772	LOC101133389	1.0	0.0	0.0	0.0	1
RCF_499	LOC115930772	LOC101139171	0.992	0.0	0.0	0.0	1
RCF_499	LOC115930772	LOC115930818	0.989	0.0	0.0	0.0	1
RCF_499	LOC115930772	LOC115930844	0.999	0.0	0.0	0.0	1
RCF_500	COMMD4	LOC101147924	0.695	0.0	0.0	0.0	1
RCF_501	CSPG4	LOC101141731	0.972	0.0	0.0	0.0	1
RCF_502	ADAMTS7	LOC101127226	0.886	0.0	0.0	0.0	2
RCF_502	ADAMTS7	LOC109023513	0.829	0.0	0.0	0.0	1
RCF_502	ADAMTS7	LOC115933405	0.875	0.0	0.0	0.0	2
RCF_503	SAXO2	LOC101148528	0.932	0.0	0.0	0.0	1
RCF_488	LOC115931074	LOC101152972	0.734	0.0	0.0	0.0	1
RCF_488	LOC115931074	LOC129527053	0.578	0.0	0.0	0.0	1
RCF_488	LOC115931074	RHPN2	0.451	0.0	0.0	0.0	1
RCF_489	LOC101138059	LOC115933515	0.784	0.0	0.269	0.533	1
RCF_490	LOC109023386	LOC115930830	0.589	0.0	0.0	0.0	1
RCF_491	LOC129527071	LOC101149363	0.865	0.0	0.0	0.0	2
RCF_491	LOC129527071	LOC101150678	1.0	0.0	0.0	0.0	1
RCF_491	LOC129527071	LOC101151050	1.0	0.0	0.0	0.0	1
RCF_491	LOC129527071	LOC101153918	1.0	0.0	0.0	0.0	1
RCF_491	LOC129527071	LOC115930779	1.0	0.0	0.0	0.0	1
RCF_491	LOC129527071	LOC129527017	1.0	0.0	0.0	0.0	1
RCF_491	LOC129527071	LOC129527021	0.999	0.0	0.0	0.0	1
RCF_491	LOC129527071	LOC129527057	1.0	0.0	0.0	0.0	1
RCF_491	LOC129527071	LOC129527170	1.0	0.0	0.0	0.0	1
RCF_491	LOC129527071	LOC129527171	1.0	0.0	0.0	0.0	1
RCF_491	LOC129527071	LOC129527175	1.0	0.0	0.0	0.0	1
RCF_491	LOC129527071	LOC129527176	0.997	0.0	0.0	0.0	1
RCF_491	LOC129527071	LOC134757232	0.954	0.0	0.0	0.0	1
RCF_491	LOC129527071	LOC134757307	1.0	0.0	0.0	0.0	1
RCF_492	LOC101145660	WHAMM	0.455	0.0	0.0	0.0	1
RCF_493	LOC115933315	LOC129527068	1.0	0.0	0.0	0.0	1
RCF_494	PPIP5K1	LOC134757313	0.793	0.0	0.0	0.0	1
RCF_495	LOC101152129	CKMT1B	1.0	0.0	0.0	0.0	1
RCF_520	LOC134757425	LOC115933354	0.696	0.0	0.0	0.0	1
RCF_521	LOC115931016	LOC115933209	0.938	0.0	0.0	0.0	1
RCF_522	LOC129527626	LOC129527573	1.0	0.0	0.0	0.0	1
RCF_523	LOC129527585	LOC101134912	0.927	0.0	0.0	0.0	1
RCF_524	ACSM2A	LOC101149481	1.0	0.0	0.0	0.0	1
RCF_525	LOC129527628	LOC101151897	1.0	0.0	0.0	0.0	1
RCF_525	LOC129527628	LOC129527629	0.892	0.0	0.0	0.0	1
RCF_526	LOC129527696	LOC129527726	0.32	0.0	0.0	0.0	1
RCF_527	LOC129527723	LOC101128221	0.906	0.0	0.0	0.0	1
RCF_527	LOC129527723	LOC115931069	0.897	0.0	0.0	0.0	1
RCF_527	LOC129527723	LOC129527586	0.902	0.0	0.0	0.0	1
RCF_527	LOC129527723	LOC129527695	0.9	0.0	0.0	0.0	1
RCF_528	DOC2A	LOC115931070	0.459	0.0	0.0	0.0	1
RCF_529	LOC115930076	TLCD3B	0.706	0.0	0.0	0.0	1
RCF_530	KDM8	LOC129523519	0.825	0.0	0.0	0.0	1
RCF_531	LOC101123970	LOC129527614	1.0	0.0	0.0	0.0	1
RCF_532	LOC115931110	LOC101143578	0.519	0.0	0.0	0.0	1
RCF_532	LOC115931110	LOC115931046	0.607	0.0	0.0	0.0	1
RCF_532	LOC115931110	LOC115931047	0.658	0.0	0.0	0.0	1
RCF_532	LOC115931110	SULT1A2	0.54	0.0	0.0	0.0	1
RCF_532	LOC115931110	SULT1A3	0.569	0.0	0.0	0.0	1
RCF_533	LOC101125551	MPV17L	0.61	0.0	0.0	0.0	1
RCF_534	LOC115933144	LOC129527341	0.952	0.0	0.0	0.0	1
RCF_535	LOC129527339	LOC115930099	1.0	0.0	0.0	0.0	1
RCF_512	PKD1	LOC101131561	0.925	0.0	0.0	0.0	1
RCF_512	PKD1	LOC101138318	0.828	0.0	0.0	0.0	1
RCF_512	PKD1	LOC115933066	0.732	0.0	0.0	0.0	1
RCF_513	PDPK1	LOC101147811	0.46	0.0	0.0	0.0	1
RCF_514	LOC101135162	LOC109023561	0.753	0.0	0.0	0.0	1
RCF_515	NAA60	LOC134757498	0.494	0.0	0.0	0.0	1
RCF_516	LOC101135984	TXNDC11	1.0	0.0	0.0	0.0	1
RCF_517	LOC115932749	LOC101136971	0.994	0.0	0.0	0.0	1
RCF_517	LOC115932749	ZC3H7A	1.0	0.0	0.0	0.0	1
RCF_518	LOC115933071	LOC129527568	1.0	0.0	0.242	0.5	1
RCF_519	LOC115933250	LOC101136480	0.99	0.0	0.0	0.0	1
RCF_536	BFAR	LOC101150079	1.0	0.0	0.0	0.0	1
RCF_537	PARN	LOC115932699	0.778	0.0	0.0	0.0	1
RCF_538	LOC129527642	LOC129527643	1.0	0.0	0.0	0.0	1
RCF_539	LOC129527445	LOC101149482	1.0	0.0	0.0	0.0	1
RCF_539	LOC129527445	LOC129523522	0.893	0.0	0.0	0.0	1
RCF_539	LOC129527445	LOC129527830	1.0	0.0	0.0	0.0	1
RCF_540	LOC101151529	LOC129523521	1.0	0.0	0.0	0.0	1
RCF_540	LOC101151529	LOC129527432	1.0	0.0	0.0	0.0	1
RCF_540	LOC101151529	LOC129527828	1.0	0.0	0.0	0.0	1
RCF_541	LOC115931015	CES1	0.969	0.0	0.0	0.0	1
RCF_541	LOC115931015	LOC101149966	0.984	0.0	0.0	0.0	1
RCF_541	LOC115931015	LOC109023710	0.997	0.0	0.0	0.0	1
RCF_542	LOC115931107	LOC101125671	0.593	0.0	0.0	0.0	1
RCF_543	LOC109023694	LOC101128088	0.825	0.0	0.0	0.0	1
RCF_543	LOC109023694	LOC101128458	0.971	0.0	0.0	0.0	1
RCF_543	LOC109023694	LOC115931020	0.775	0.0	0.0	0.0	1
RCF_560	ZNF443	ZNF799	0.744	0.0	0.0	0.0	1
RCF_561	RPL10	LOC101123985	0.804	0.0	0.0	0.0	1
RCF_562	ADGRE5	LOC101140763	0.358	0.0	0.0	0.0	1
RCF_563	LOC101152881	LOC101125692	0.894	0.0	0.0	0.0	1
RCF_563	LOC101152881	LOC101126416	0.797	0.0	0.0	0.0	1
RCF_564	LOC101144838	ZNF430	0.724	0.0	0.0	0.0	1
RCF_565	LOC115930085	LOC101153727	0.931	0.0	0.0	0.0	1
RCF_566	ZNF569	LOC101127631	0.733	0.0	0.0	0.0	1
RCF_567	LGALS7	LOC101145213	0.994	0.0	0.0	0.0	1
RCF_544	LOC101127609	LOC101154433	0.833	0.0	0.0	0.0	1
RCF_544	LOC101127609	LOC115930161	0.528	0.0	0.0	0.0	1
RCF_544	LOC101127609	LOC129527724	0.979	0.0	0.0	0.0	1
RCF_545	LOC115933253	LOC101147502	0.905	0.0	0.0	0.0	1
RCF_545	LOC115933253	LOC115930163	0.906	0.0	0.0	0.0	1
RCF_545	LOC115933253	LOC115932828	0.905	0.0	0.0	0.0	1
RCF_546	LOC115932827	LOC115933369	0.662	0.0	0.0	0.0	2
RCF_546	LOC115932827	LOC129527725	0.948	0.0	0.0	0.0	1
RCF_547	DDX19A	DDX19B	0.806	0.0	0.0	0.0	1
RCF_548	HP	LOC115930087	0.914	0.0	0.0	0.0	1
RCF_549	LOC101141122	LOC101134917	1.0	0.0	0.0	0.0	1
RCF_550	PRDM9	PRDM7	0.909	0.0	0.0	0.0	1
RCF_551	LOC115931292	LOC101125919	0.935	0.0	0.0	0.0	1
RCF_551	LOC115931292	LOC115931291	0.936	0.0	0.0	0.0	1
RCF_551	LOC115931292	LOC115931293	0.861	0.0	0.0	0.0	1
RCF_551	LOC115931292	LOC134757578	0.997	0.0	0.0	0.0	1
RCF_551	LOC115931292	LOC134757579	0.999	0.0	0.0	0.0	1
RCF_551	LOC115931292	LOC134757580	0.935	0.0	0.0	0.0	1
RCF_551	LOC115931292	LOC134757581	0.935	0.0	0.0	0.0	1
RCF_551	LOC115931292	LOC134757582	0.932	0.0	0.0	0.0	1
RCF_551	LOC115931292	LOC134757583	0.934	0.0	0.0	0.0	1
RCF_472	LOC129526461	LOC101140852	1.0	0.0	0.0	0.0	1
RCF_472	LOC129526461	LOC129526352	1.0	0.0	0.0	0.0	1
RCF_472	LOC129526461	LOC129526367	1.0	0.0	0.0	0.0	1
RCF_472	LOC129526461	LOC129526370	1.0	0.0	0.0	0.0	1
RCF_472	LOC129526461	LOC129526371	1.0	0.0	0.0	0.0	1
RCF_472	LOC129526461	LOC129526372	1.0	0.0	0.0	0.0	1
RCF_472	LOC129526461	LOC129526373	1.0	0.0	0.0	0.0	1
RCF_472	LOC129526461	LOC129526452	1.0	0.0	0.0	0.0	1
RCF_472	LOC129526461	LOC129526455	1.0	0.0	0.0	0.0	1
RCF_472	LOC129526461	LOC129526457	1.0	0.0	0.0	0.0	1
RCF_472	LOC129526461	LOC129526458	1.0	0.0	0.0	0.0	1
RCF_472	LOC129526461	LOC129526459	1.0	0.0	0.0	0.0	1
RCF_472	LOC129526461	LOC129526460	1.0	0.0	0.0	0.0	1
RCF_472	LOC129526461	LOC129526462	1.0	0.0	0.0	0.0	1
RCF_472	LOC129526461	LOC129526463	1.0	0.0	0.0	0.0	1
RCF_472	LOC129526461	LOC129526467	1.0	0.0	0.0	0.0	1
RCF_472	LOC129526461	LOC134757062	1.0	0.0	0.0	0.0	1
RCF_472	LOC129526461	LOC134757063	1.0	0.0	0.0	0.0	1
RCF_472	LOC129526461	LOC134757064	1.0	0.0	0.0	0.0	1
RCF_472	LOC129526461	LOC134757065	1.0	0.0	0.0	0.0	1
RCF_472	LOC129526461	LOC134757066	1.0	0.0	0.0	0.0	1
RCF_472	LOC129526461	LOC134757067	1.0	0.0	0.0	0.0	1
RCF_472	LOC129526461	LOC134757068	1.0	0.0	0.0	0.0	1
RCF_472	LOC129526461	LOC134757069	1.0	0.0	0.0	0.0	1
RCF_473	LGMN	LOC101150415	0.885	0.0	0.0	0.0	1
RCF_474	LOC101154318	LHB	0.92	0.0	0.0	0.0	1
RCF_474	LOC101154318	LOC101123748	0.863	0.0	0.0	0.0	1
RCF_474	LOC101154318	LOC101124600	1.0	0.0	0.0	0.0	1
RCF_474	LOC101154318	LOC109024055	0.594	0.0	0.0	0.0	1
RCF_474	LOC101154318	LOC129526101	0.631	0.0	0.0	0.0	1
RCF_474	LOC101154318	LOC129526102	0.631	0.0	0.0	0.0	1
RCF_474	LOC101154318	LOC129526103	0.631	0.0	0.0	0.0	1
RCF_474	LOC101154318	LOC129526104	0.631	0.0	0.0	0.0	1
RCF_474	LOC101154318	LOC129526109	0.632	0.0	0.0	0.0	1
RCF_474	LOC101154318	LOC129526113	0.636	0.0	0.0	0.0	1
RCF_474	LOC101154318	LOC129526120	0.646	0.0	0.0	0.0	1
RCF_474	LOC101154318	LOC129526121	0.646	0.0	0.0	0.0	1
RCF_474	LOC101154318	LOC129526127	0.646	0.0	0.0	0.0	1
RCF_474	LOC101154318	LOC129526131	0.631	0.0	0.0	0.0	1
RCF_474	LOC101154318	LOC129526152	0.646	0.0	0.0	0.0	1
RCF_474	LOC101154318	LOC129526155	0.636	0.0	0.0	0.0	1
RCF_474	LOC101154318	LOC129526156	0.631	0.0	0.0	0.0	1
RCF_474	LOC101154318	LOC129526157	0.631	0.0	0.0	0.0	1
RCF_474	LOC101154318	LOC129526203	0.646	0.0	0.0	0.0	1
RCF_474	LOC101154318	LOC129526207	0.646	0.0	0.0	0.0	1
RCF_474	LOC101154318	LOC129526208	0.646	0.0	0.0	0.0	1
RCF_474	LOC101154318	LOC129526209	0.646	0.0	0.0	0.0	1
RCF_474	LOC101154318	LOC129526210	0.646	0.0	0.0	0.0	1
RCF_474	LOC101154318	LOC129528600	0.706	0.0	0.0	0.0	1
RCF_474	LOC101154318	LOC129528601	0.704	0.0	0.0	0.0	1
RCF_474	LOC101154318	LOC129528604	0.706	0.0	0.0	0.0	1
RCF_474	LOC101154318	LOC129528606	0.701	0.0	0.0	0.0	1
RCF_474	LOC101154318	LOC129528608	0.704	0.0	0.0	0.0	1
RCF_474	LOC101154318	LOC129528610	0.686	0.0	0.0	0.0	1
RCF_474	LOC101154318	LOC129528611	0.569	0.0	0.0	0.0	1
RCF_474	LOC101154318	LOC129528613	0.706	0.0	0.0	0.0	1
RCF_474	LOC101154318	LOC129528614	0.704	0.0	0.0	0.0	1
RCF_474	LOC101154318	LOC129528615	0.569	0.0	0.0	0.0	1
RCF_474	LOC101154318	LOC129528616	0.569	0.0	0.0	0.0	1
RCF_474	LOC101154318	LOC129528617	0.569	0.0	0.0	0.0	1
RCF_474	LOC101154318	LOC129528618	0.686	0.0	0.0	0.0	1
RCF_474	LOC101154318	LOC129528619	0.58	0.0	0.0	0.0	1
RCF_474	LOC101154318	LOC129528620	0.71	0.0	0.0	0.0	1
RCF_474	LOC101154318	LOC129528621	0.721	0.0	0.0	0.0	1
RCF_474	LOC101154318	LOC129528622	0.721	0.0	0.0	0.0	1
RCF_474	LOC101154318	LOC129528623	0.592	0.0	0.0	0.0	1
RCF_474	LOC101154318	LOC129528624	0.592	0.0	0.0	0.0	1
RCF_474	LOC101154318	LOC129528625	0.592	0.0	0.0	0.0	1
RCF_474	LOC101154318	LOC134756380	0.637	0.0	0.0	0.0	1
RCF_474	LOC101154318	LOC134757023	0.646	0.0	0.0	0.0	1
RCF_474	LOC101154318	LOC134757024	0.646	0.0	0.0	0.0	1
RCF_475	LOC101144919	LOC115930536	0.996	0.0	0.0	0.0	1
RCF_476	LOC101143194	LOC101138909	0.955	0.0	0.0	0.0	1
RCF_477	LOC101145522	LOC101133845	1.0	0.0	0.0	0.0	1
RCF_478	LOC101152116	LOC109023100	0.843	0.0	0.0	0.0	1
RCF_479	LOC101143448	LOC109023174	0.844	0.0	0.0	0.0	1
RCF_568	LOC101153729	LOC115931638	1.0	0.0	0.0	0.0	1
RCF_569	LOC101152395	LOC134757673	0.88	0.0	0.0	0.0	1
RCF_570	LOC101146638	LOC101127384	1.0	0.0	0.0	0.0	1
RCF_571	CEACAM1	CEACAM5	0.362	0.0	0.0	0.0	1
RCF_572	LOC101152645	LOC101151083	0.822	0.0	0.0	0.0	1
RCF_572	LOC101152645	LOC101152037	0.932	0.0	0.0	0.0	1
RCF_572	LOC101152645	LOC115931550	0.828	0.0	0.0	0.0	1
RCF_572	LOC101152645	LOC129528544	0.969	0.0	0.0	0.0	1
RCF_572	LOC101152645	LOC129528545	0.96	0.0	0.0	0.0	1
RCF_573	APOC1	LOC109024151	0.775	0.0	0.0	0.0	1
RCF_574	LOC101132797	LOC101133169	0.957	0.0	0.0	0.0	1
RCF_575	CD33	LOC101129556	0.518	0.0	0.0	0.0	1
RCF_592	LOC129530473	LOC129530554	0.996	0.0	0.0	0.0	1
RCF_593	LOC134757875	LOC134757864	1.0	0.0	0.0	0.0	4
RCF_594	USP18	LOC101150852	0.635	0.0	0.0	0.0	1
RCF_594	USP18	LOC129529661	0.931	0.0	0.0	0.0	1
RCF_595	LOC101130998	LOC101123878	1.0	0.0	0.0	0.0	1
RCF_595	LOC101130998	LOC129529590	0.998	0.0	0.0	0.0	1
RCF_595	LOC101130998	LOC129529625	0.999	0.0	0.0	0.0	1
RCF_595	LOC101130998	LOC134758213	1.0	0.0	0.0	0.0	1
RCF_596	LOC129529591	LOC129529560	0.571	0.0	0.0	0.0	1
RCF_597	LOC115931912	DGCR6	1.0	0.0	0.0	0.0	1
RCF_598	PRODH	LOC115931957	0.831	0.0	0.0	0.0	1
RCF_599	LOC101133898	FAM246A	1.0	0.0	0.0	0.0	1
RCF_576	LOC101153131	LOC101151324	0.652	0.0	0.0	0.0	1
RCF_577	ZNF611	ZNF600	0.902	0.0	0.0	0.0	1
RCF_578	ERVV-2	LOC115931655	0.922	0.0	0.0	0.0	1
RCF_579	LOC101129681	LOC101127388	1.0	0.0	0.0	0.0	1
RCF_580	LOC101131835	LOC115931658	0.996	0.0	0.0	0.0	1
RCF_581	LOC101133546	ZNF813	0.743	0.0	0.0	0.0	2
RCF_582	LILRA2	LILRB2	0.394	0.0	0.0	0.0	1
RCF_582	LILRA2	LILRB3	0.473	0.0	0.0	0.0	1
RCF_582	LILRA2	LOC101152160	0.351	0.0	0.0	0.0	1
RCF_582	LILRA2	LOC109024105	0.825	0.0	0.0	0.0	1
RCF_582	LILRA2	LOC129528682	0.533	0.0	0.0	0.0	1
RCF_582	LILRA2	LOC129528683	0.915	0.0	0.0	0.0	1
RCF_582	LILRA2	LOC129528684	0.502	0.0	0.0	0.0	1
RCF_583	KIR2DL4	LOC101128484	0.573	0.0	0.0	0.0	1
RCF_583	KIR2DL4	LOC115930123	0.643	0.0	0.0	0.0	1
RCF_583	KIR2DL4	LOC115931566	0.458	0.0	0.0	0.0	1
RCF_583	KIR2DL4	LOC115933440	0.595	0.0	0.0	0.0	1
RCF_583	KIR2DL4	LOC115933447	0.74	0.0	0.0	0.0	1
RCF_583	KIR2DL4	LOC129528686	0.71	0.0	0.0	0.0	1
RCF_600	LOC101140402	IGLL1	0.499	0.0	0.0	0.0	1
RCF_601	LOC101148812	LOC101132221	0.947	0.0	0.0	0.0	1
RCF_601	LOC101148812	LOC101148081	0.912	0.0	0.0	0.0	1
RCF_602	LOC101146886	LOC109024512	1.0	0.0	0.0	0.0	1
RCF_603	LOC109024612	DDT	0.475	0.0	0.0	0.0	1
RCF_604	RFPL2	RFPL1	0.691	0.0	0.0	0.0	1
RCF_604	RFPL2	RFPL3	0.861	0.0	0.0	0.0	1
RCF_605	APOBEC3F	APOBEC3D	0.649	0.0	0.0	0.0	1
RCF_606	LOC129529528	LOC101136027	0.922	0.0	0.0	0.0	1
RCF_607	LOC109025371	LOC101142890	0.717	0.0	0.0	0.0	1
RCF_607	LOC109025371	LOC115931944	0.984	0.0	0.0	0.0	1
RCF_552	MYH2	MYH1	0.978	0.0	0.0	0.0	1
RCF_553	CPLANE1	LOC115933270	0.862	0.0	0.0	0.0	1
RCF_554	NUP50	LOC134757554	0.886	0.0	0.0	0.0	1
RCF_555	LOC115931245	LOC115931259	0.72	0.0	0.0	0.0	1
RCF_555	LOC115931245	LOC115931279	0.992	0.0	0.0	0.0	1
RCF_555	LOC115931245	LOC134757616	1.0	0.0	0.0	0.0	1
RCF_555	LOC115931245	LOC134757617	1.0	0.0	0.0	0.0	1
RCF_556	LOC134757613	LOC115931231	0.888	0.0	0.0	0.0	1
RCF_556	LOC134757613	LOC115931232	0.818	0.0	0.0	0.0	1
RCF_556	LOC134757613	LOC129527865	0.818	0.0	0.0	0.0	1
RCF_556	LOC134757613	LOC129527866	0.818	0.0	0.0	0.0	1
RCF_556	LOC134757613	LOC129527868	0.818	0.0	0.0	0.0	1
RCF_556	LOC134757613	LOC129527871	0.818	0.0	0.0	0.0	1
RCF_556	LOC134757613	LOC129527874	0.818	0.0	0.0	0.0	1
RCF_556	LOC134757613	LOC129527890	0.818	0.0	0.0	0.0	1
RCF_556	LOC134757613	LOC129527892	0.818	0.0	0.0	0.0	1
RCF_556	LOC134757613	LOC129527896	0.818	0.0	0.0	0.0	1
RCF_556	LOC134757613	LOC129527897	0.818	0.0	0.0	0.0	1
RCF_556	LOC134757613	LOC129527898	0.818	0.0	0.0	0.0	1
RCF_556	LOC134757613	LOC129527899	0.818	0.0	0.0	0.0	1
RCF_556	LOC134757613	LOC129527901	0.818	0.0	0.0	0.0	1
RCF_556	LOC134757613	LOC129527909	0.818	0.0	0.0	0.0	1
RCF_556	LOC134757613	LOC129527910	0.818	0.0	0.0	0.0	1
RCF_556	LOC134757613	LOC129527912	0.818	0.0	0.0	0.0	1
RCF_556	LOC134757613	LOC134757555	0.942	0.0	0.0	0.0	1
RCF_556	LOC134757613	LOC134757556	0.818	0.0	0.0	0.0	1
RCF_556	LOC134757613	LOC134757557	0.818	0.0	0.0	0.0	1
RCF_556	LOC134757613	LOC134757558	0.818	0.0	0.0	0.0	1
RCF_556	LOC134757613	LOC134757559	0.818	0.0	0.0	0.0	1
RCF_556	LOC134757613	LOC134757560	0.818	0.0	0.0	0.0	1
RCF_556	LOC134757613	LOC134757561	0.818	0.0	0.0	0.0	1
RCF_556	LOC134757613	LOC134757562	0.818	0.0	0.0	0.0	1
RCF_556	LOC134757613	LOC134757563	0.818	0.0	0.0	0.0	1
RCF_556	LOC134757613	LOC134757618	1.0	0.0	0.0	0.0	1
RCF_557	LOC115931294	LOC101137218	1.0	0.0	0.0	0.0	1
RCF_557	LOC115931294	LOC134757625	1.0	0.0	0.0	0.0	1
RCF_558	LOC101141135	LOC101141507	0.937	0.0	0.0	0.0	1
RCF_558	LOC101141135	LOC115931595	0.81	0.0	0.0	0.0	1
RCF_558	LOC101141135	LOC115931596	0.986	0.0	0.0	0.0	1
RCF_558	LOC101141135	LOC115931597	0.986	0.0	0.0	0.0	1
RCF_558	LOC101141135	LOC115931598	0.986	0.0	0.0	0.0	1
RCF_558	LOC101141135	LOC115931599	0.986	0.0	0.0	0.0	1
RCF_558	LOC101141135	LOC115931624	0.937	0.0	0.0	0.0	1
RCF_558	LOC101141135	MBD3L3	0.86	0.0	0.0	0.0	1
RCF_559	LOC109024811	LOC101129788	0.482	0.0	0.0	0.0	1
RCF_559	LOC109024811	LOC115931610	0.672	0.0	0.0	0.0	1
RCF_559	LOC109024811	LOC115931626	0.958	0.0	0.0	0.0	1
RCF_584	NLRP2	NLRP7	0.313	0.0	0.0	0.0	1
RCF_585	LOC129528715	LOC101151087	1.0	0.0	0.0	0.0	1
RCF_585	LOC129528715	LOC109024957	0.931	0.0	0.0	0.0	1
RCF_585	LOC129528715	LOC129528711	0.916	0.0	0.0	0.0	1
RCF_585	LOC129528715	LOC129528712	0.916	0.0	0.0	0.0	1
RCF_585	LOC129528715	LOC129528713	0.916	0.0	0.0	0.0	1
RCF_585	LOC129528715	LOC129528714	0.916	0.0	0.0	0.0	1
RCF_585	LOC129528715	RFPL4A	0.93	0.0	0.0	0.0	1
RCF_586	LOC101153611	LOC101128599	0.851	0.0	0.0	0.0	1
RCF_586	LOC101153611	LOC101153957	0.999	0.0	0.0	0.0	1
RCF_586	LOC101153611	LOC115931590	0.944	0.0	0.0	0.0	1
RCF_586	LOC101153611	LOC115932619	0.926	0.0	0.0	0.0	1
RCF_586	LOC101153611	ZSCAN5B	0.73	0.0	0.0	0.0	1
RCF_587	LOC101124732	LOC101145690	0.92	0.0	0.0	0.0	1
RCF_587	LOC101124732	ZNF552	0.322	0.0	0.0	0.0	1
RCF_588	SIRPB1	LOC101129558	0.718	0.0	0.0	0.0	1
RCF_588	SIRPB1	LOC101130144	0.534	0.0	0.0	0.0	1
RCF_588	SIRPB1	LOC101135429	0.22	0.0	0.0	0.0	1
RCF_588	SIRPB1	LOC101144977	0.361	0.0	0.0	0.0	1
RCF_589	LOC115931737	LOC101150231	0.991	0.0	0.0	0.0	1
RCF_589	LOC115931737	LOC109023081	1.0	0.0	0.0	0.0	1
RCF_590	LOC129529623	GGTLC1	0.876	0.0	0.0	0.0	1
RCF_590	LOC129529623	GGTLC2	0.938	0.0	0.0	0.0	1
RCF_590	LOC129529623	LOC101149759	0.881	0.0	0.0	0.0	1
RCF_590	LOC129529623	LOC109024567	0.993	0.0	0.0	0.0	1
RCF_590	LOC129529623	LOC109024570	0.959	0.0	0.0	0.0	1
RCF_590	LOC129529623	LOC129523490	0.881	0.0	0.0	0.0	1
RCF_590	LOC129529623	LOC129529588	0.901	0.0	0.0	0.0	1
RCF_590	LOC129529623	LOC129529621	0.881	0.0	0.0	0.0	1
RCF_590	LOC129529623	LOC129529624	0.881	0.0	0.0	0.0	1
RCF_590	LOC129529623	LOC134756364	0.874	0.0	0.0	0.0	1
RCF_590	LOC129529623	LOC134756365	0.959	0.0	0.0	0.0	1
RCF_591	LOC129529112	LOC129529113	0.925	0.0	0.0	0.0	1
RCF_616	LOC101141171	NUDT10	0.33	0.0	0.0	0.0	1
RCF_617	LOC101147372	LOC115932410	1.0	0.0	0.0	0.0	1
RCF_618	LOC101144987	LOC101146541	1.0	0.0	0.0	0.0	1
RCF_619	LOC101148088	LOC115932194	1.0	0.0	0.0	0.0	1
RCF_620	XAGE5	LOC115932311	0.614	0.0	0.0	0.0	1
RCF_621	LOC101125357	FAM156A	0.999	0.0	0.0	0.0	2
RCF_622	PAGE5	PAGE2B	0.952	0.0	0.0	0.0	1
RCF_623	LOC129529676	LOC101152665	0.417	0.0	0.0	0.0	1
RCF_623	LOC129529676	LOC115932047	0.417	0.0	0.0	0.0	1
RCF_632	LOC129529695	LOC101124756	1.0	0.0	0.0	0.0	1
RCF_633	MRRF	LOC101127655	0.857	0.0	0.0	0.0	1
RCF_634	DCAF12L2	DCAF12L1	0.748	0.0	0.0	0.0	1
RCF_635	LOC109024768	SMIM10L2A	0.755	0.0	0.0	0.0	1
RCF_636	ETDB	LOC115932285	1.0	0.0	0.0	0.0	1
RCF_637	LOC101143270	LOC101142901	0.554	0.0	0.0	0.0	1
RCF_637	LOC101143270	LOC101143635	0.629	0.0	0.0	0.0	1
RCF_638	LOC115932374	LOC101141178	0.843	0.0	0.0	0.0	1
RCF_639	CXHXorf51A	CXHXorf51B	1.0	0.0	0.0	0.0	1
RCF_624	DMRTC1B	LOC129530010	1.0	0.0	0.0	0.0	1
RCF_625	FAM236B	LOC115932941	1.0	0.0	0.0	0.0	1
RCF_626	EEF1A1	LOC101136757	0.997	0.0	0.0	0.0	1
RCF_627	TCEAL5	LOC101130542	0.682	0.0	0.0	0.0	1
RCF_627	TCEAL5	TCEAL6	0.658	0.0	0.0	0.0	1
RCF_628	LOC129530096	LOC101145835	1.0	0.0	0.0	0.0	1
RCF_629	LOC129523474	LOC101145461	1.0	0.0	0.0	0.0	1
RCF_630	LOC101146547	LOC115932259	1.0	0.0	0.0	0.0	1
RCF_631	LOC115932251	LOC101125118	1.0	0.0	0.0	0.0	1
RCF_631	LOC115932251	LOC115932226	1.0	0.0	0.0	0.0	1
RCF_631	LOC115932251	LOC115932289	1.0	0.0	0.0	0.0	1
RCF_631	LOC115932251	LOC115932294	1.0	0.0	0.0	0.0	1
RCF_631	LOC115932251	LOC115932301	1.0	0.0	0.0	0.0	1
RCF_631	LOC115932251	LOC129529693	1.0	0.0	0.0	0.0	1
RCF_631	LOC115932251	LOC129529694	1.0	0.0	0.0	0.0	1
RCF_640	EOLA2	EOLA1	1.0	0.0	0.0	0.0	1
RCF_641	LOC129530018	MAGEA9	1.0	0.0	0.0	0.0	1
RCF_642	LOC101150369	LOC129530021	1.0	0.0	0.0	0.0	1
RCF_643	MAGEA12	LOC129529976	0.876	0.0	0.0	0.0	1
RCF_643	MAGEA12	LOC129529978	0.848	0.0	0.0	0.0	1
RCF_643	MAGEA12	LOC129529983	0.849	0.0	0.0	0.0	1
RCF_643	MAGEA12	LOC129529986	0.876	0.0	0.0	0.0	1
RCF_644	LOC101147743	PNMA6A	0.997	0.0	0.0	0.0	1
RCF_645	LOC129529857	LOC129529856	1.0	0.0	0.0	0.0	1
RCF_646	OPN1MW3	OPN1LW	0.999	0.0	0.0	0.0	1
RCF_647	TEX28	LOC129523516	0.994	0.0	0.0	0.0	1
RCF_608	LOC115931919	LOC101145825	0.99	0.0	0.0	0.0	1
RCF_609	LOC129530069	LOC101135574	1.0	0.0	0.0	0.0	1
RCF_609	LOC129530069	LOC101136299	1.0	0.0	0.0	0.0	1
RCF_609	LOC129530069	LOC101137030	1.0	0.0	0.0	0.0	1
RCF_609	LOC129530069	LOC115932322	1.0	0.0	0.0	0.0	1
RCF_609	LOC129530069	LOC115932783	1.0	0.0	0.0	0.0	1
RCF_609	LOC129530069	LOC115932784	1.0	0.0	0.0	0.0	1
RCF_609	LOC129530069	LOC129529678	1.0	0.0	0.0	0.0	1
RCF_609	LOC129530069	LOC129530061	1.0	0.0	0.0	0.0	1
RCF_609	LOC129530069	LOC129530062	1.0	0.0	0.0	0.0	1
RCF_609	LOC129530069	LOC129530063	1.0	0.0	0.0	0.0	1
RCF_609	LOC129530069	LOC129530067	1.0	0.0	0.0	0.0	1
RCF_610	MXRA5	LOC129530428	0.99	0.0	0.0	0.0	1
RCF_611	LOC115932241	LOC101136398	0.993	0.0	0.508	0.0	1
RCF_611	LOC115932241	LOC115932281	0.792	0.0	0.0	0.0	1
RCF_611	LOC115932241	LOC129529790	0.778	0.0	0.0	0.0	1
RCF_612	ZFY	ZFX	0.42	0.0	0.0	0.0	1
RCF_613	MAGEB6B	MAGEB6	0.758	0.0	0.0	0.0	1
RCF_614	LOC101153153	LOC101140047	0.876	0.0	0.0	0.0	1
RCF_614	LOC101153153	LOC101151343	0.838	0.0	0.0	0.0	1
RCF_614	LOC101153153	LOC109024635	0.524	0.0	0.0	0.0	1
RCF_614	LOC101153153	LOC115930107	1.0	0.0	0.0	0.0	1
RCF_614	LOC101153153	LOC115930166	1.0	0.0	0.0	0.0	1
RCF_614	LOC101153153	LOC129523569	1.0	0.0	0.0	0.0	1
RCF_614	LOC101153153	LOC129529923	1.0	0.0	0.0	0.0	1
RCF_614	LOC101153153	SSX4	0.939	0.0	0.0	0.0	1
RCF_615	LOC129529807	LOC101132076	0.52	0.0	0.0	0.0	1
RCF_615	LOC129529807	LOC101132445	0.791	0.0	0.0	0.0	1
RCF_615	LOC129529807	LOC129529765	0.808	0.0	0.0	0.0	1
RCF_615	LOC129529807	LOC129529767	0.808	0.0	0.0	0.0	1
RCF_615	LOC129529807	LOC129529768	0.808	0.0	0.0	0.0	1
RCF_615	LOC129529807	LOC129529769	0.815	0.0	0.0	0.0	1
RCF_615	LOC129529807	LOC129529770	0.781	0.0	0.0	0.0	1
RCF_615	LOC129529807	LOC129529771	0.799	0.0	0.0	0.0	1
RCF_615	LOC129529807	LOC129529773	0.799	0.0	0.0	0.0	1
RCF_615	LOC129529807	LOC129529774	0.815	0.0	0.0	0.0	1
RCF_615	LOC129529807	LOC129529775	0.799	0.0	0.0	0.0	1
RCF_664	LOC101146685	LOC115931023	0.979	0.0	0.0	0.0	1
RCF_665	LOC129525277	LOC101123774	1.0	0.0	0.0	0.0	1
RCF_665	LOC129525277	LOC101141087	1.0	0.0	0.0	0.0	1
RCF_665	LOC129525277	LOC101152273	0.987	0.0	0.0	0.0	1
RCF_665	LOC129525277	LOC101152815	0.958	0.0	0.0	0.0	1
RCF_665	LOC129525277	LOC109026425	0.952	0.0	0.0	0.0	1
RCF_666	LOC101128987	LOC101135126	0.873	0.0	0.0	0.0	1
RCF_667	LOC129528333	LOC101136779	0.883	0.0	0.0	0.0	1
RCF_667	LOC129528333	LOC115935322	0.991	0.0	0.0	0.0	1
RCF_667	LOC129528333	SUMO4	0.904	0.0	0.0	0.0	1
RCF_668	LOC101145937	LOC109029187	0.984	0.0	0.0	0.0	1
RCF_669	LOC101154501	LOC101127181	1.0	0.0	0.0	0.0	1
RCF_669	LOC101154501	LOC101127907	0.987	0.0	0.0	0.0	1
RCF_669	LOC101154501	LOC101140002	1.0	0.0	0.0	0.0	1
RCF_669	LOC101154501	LOC101151349	1.0	0.0	0.0	0.0	1
RCF_669	LOC101154501	LOC129531710	1.0	0.0	0.0	0.0	1
RCF_670	LOC109027020	LOC101134687	1.0	0.0	0.0	0.0	1
RCF_670	LOC109027020	LOC109023584	0.994	0.0	0.0	0.0	1
RCF_671	LOC101152940	LOC101154053	0.891	0.0	0.0	0.0	1
RCF_671	LOC101152940	LOC109025285	0.864	0.0	0.0	0.0	1
RCF_656	LOC101136923	LOC109029255	0.996	0.0	0.0	0.0	1
RCF_657	LOC101135123	LOC109029274	0.546	0.0	0.0	0.0	1
RCF_658	LOC101132260	LOC101132985	1.0	0.0	0.0	0.0	1
RCF_658	LOC101132260	LOC101133349	0.833	0.0	0.0	0.0	1
RCF_659	LOC101129167	LOC101125134	0.168	0.0	0.0	0.0	1
RCF_659	LOC101129167	LOC101132256	0.0	0.0	0.0	0.0	0
RCF_659	LOC101129167	LOC101132414	0.115	0.0	0.0	0.0	1
RCF_659	LOC101129167	LOC101132614	0.0	0.0	0.0	0.0	0
RCF_659	LOC101129167	LOC101135184	0.0	0.0	0.0	0.0	0
RCF_659	LOC101129167	LOC101136632	0.765	0.0	0.0	0.0	1
RCF_659	LOC101129167	LOC101140761	0.874	0.0	0.0	0.0	1
RCF_659	LOC101129167	LOC101143962	0.0	0.0	0.0	0.0	0
RCF_659	LOC101129167	LOC109024886	0.775	0.0	0.0	0.0	1
RCF_659	LOC101129167	LOC115934934	0.111	0.0	0.0	0.0	1
RCF_660	LOC115931247	LOC101130581	0.997	0.0	0.0	0.0	1
RCF_660	LOC115931247	LOC101130706	1.0	0.0	0.0	0.0	1
RCF_660	LOC115931247	LOC109027830	0.959	0.0	0.0	0.0	1
RCF_661	LOC109028868	LOC101125084	1.0	0.0	0.0	0.0	1
RCF_661	LOC109028868	LOC101132158	0.954	0.0	0.0	0.0	1
RCF_661	LOC109028868	LOC101132832	0.952	0.0	0.0	0.0	1
RCF_661	LOC109028868	LOC101137471	1.0	0.0	0.0	0.0	1
RCF_661	LOC109028868	LOC115930093	1.0	0.0	0.0	0.0	1
RCF_662	LOC129534075	LOC101123746	0.992	0.0	0.0	0.0	1
RCF_662	LOC129534075	ZC3H11B	0.995	0.0	0.0	0.0	1
RCF_663	LOC101131169	LOC101148650	1.0	0.0	0.0	0.0	1
RCF_663	LOC101131169	LOC101150855	0.97	0.0	0.0	0.0	1
RCF_663	LOC101131169	LOC134758199	0.995	0.0	0.0	0.0	1
RCF_648	IKBKG	LOC115932121	0.836	0.0	0.0	0.0	1
RCF_649	LOC101148825	LOC101149184	1.0	0.0	0.0	0.0	1
RCF_649	LOC101148825	LOC115932255	1.0	0.0	0.0	0.0	1
RCF_650	LOC129530241	LOC129530238	1.0	0.0	0.0	0.0	1
RCF_650	LOC129530241	LOC129530239	1.0	0.0	0.0	0.0	1
RCF_650	LOC129530241	LOC129530240	1.0	0.0	0.0	0.0	1
RCF_650	LOC129530241	LOC129530242	1.0	0.0	0.0	0.0	1
RCF_650	LOC129530241	LOC129530243	0.995	0.0	0.0	0.0	1
RCF_650	LOC129530241	LOC129530249	0.982	0.0	0.0	0.0	1
RCF_650	LOC129530241	LOC129530256	0.999	0.0	0.0	0.0	1
RCF_650	LOC129530241	LOC129530259	0.778	0.0	0.0	0.0	1
RCF_650	LOC129530241	LOC129530261	1.0	0.0	0.0	0.0	1
RCF_650	LOC129530241	LOC129530266	0.996	0.0	0.0	0.0	1
RCF_650	LOC129530241	LOC129530267	0.881	0.0	0.0	0.0	1
RCF_651	LOC129530236	LOC129530208	1.0	0.0	0.0	0.0	1
RCF_651	LOC129530236	LOC129530237	1.0	0.0	0.0	0.0	1
RCF_651	LOC129530236	LOC129530294	1.0	0.0	0.0	0.0	1
RCF_651	LOC129530236	LOC129530295	1.0	0.0	0.0	0.0	1
RCF_652	LOC129530203	LOC129530354	1.0	0.0	0.0	0.0	1
RCF_653	LOC129530275	LOC129530276	1.0	0.0	0.0	0.0	1
RCF_653	LOC129530275	LOC129530277	1.0	0.0	0.0	0.0	1
RCF_653	LOC129530275	LOC129530278	1.0	0.0	0.0	0.0	1
RCF_653	LOC129530275	LOC129530279	1.0	0.0	0.0	0.0	1
RCF_653	LOC129530275	LOC129530280	1.0	0.0	0.0	0.0	1
RCF_654	LOC129530363	LOC129530366	1.0	0.0	0.0	0.0	1
RCF_655	LOC101141204	LOC115931420	1.0	0.0	0.0	0.0	1
RCF_672	LOC101152267	LOC101133864	1.0	0.0	0.0	0.0	1
RCF_672	LOC101152267	LOC101150435	1.0	0.0	0.0	0.0	1
RCF_672	LOC101152267	LOC109026322	0.982	0.0	0.0	0.0	1
RCF_672	LOC101152267	LOC115930210	0.995	0.0	0.0	0.0	1
RCF_672	LOC101152267	LOC115931286	0.992	0.0	0.0	0.0	1
RCF_672	LOC101152267	LOC129527576	1.0	0.0	0.0	0.0	1
RCF_673	LOC109026315	POU5F1B	0.971	0.0	0.0	0.0	1
RCF_674	LOC101130079	LOC101123958	0.994	0.0	0.0	0.0	1
RCF_674	LOC101130079	LOC101130686	1.0	0.0	0.0	0.0	1
RCF_674	LOC101130079	LOC101138859	1.0	0.0	0.0	0.0	1
RCF_674	LOC101130079	LOC101142220	0.991	0.0	0.0	0.0	1
RCF_674	LOC101130079	LOC101145104	0.995	0.0	0.0	0.0	1
RCF_674	LOC101130079	LOC101148649	0.989	0.0	0.0	0.0	1
RCF_674	LOC101130079	LOC101154352	0.971	0.0	0.0	0.0	1
RCF_674	LOC101130079	LOC109024647	0.978	0.0	0.0	0.0	1
RCF_674	LOC101130079	LOC115930187	1.0	0.0	0.0	0.0	1
RCF_674	LOC101130079	LOC129528351	0.982	0.0	0.0	0.0	1
RCF_675	LOC129526378	LOC101134637	0.951	0.0	0.0	0.0	1
RCF_675	LOC129526378	LOC129528161	1.0	0.0	0.0	0.0	1
RCF_675	LOC129526378	LOC129529284	0.959	0.0	0.0	0.0	1
RCF_675	LOC129526378	LOC129529426	0.966	0.0	0.0	0.0	1
RCF_675	LOC129526378	LOC129530289	0.995	0.0	0.0	0.0	1
RCF_675	LOC129526378	LOC129530468	1.0	0.0	0.0	0.0	1
RCF_675	LOC129526378	LOC129530502	0.973	0.0	0.0	0.0	1
RCF_675	LOC129526378	LOC134756700	0.972	0.0	0.0	0.0	1
RCF_676	LOC101151967	LOC101123911	1.0	0.0	0.0	0.0	1
RCF_676	LOC101151967	LOC101125738	0.882	0.0	0.0	0.0	1
RCF_677	LOC129525115	LOC101127555	0.97	0.0	0.0	0.0	1
RCF_677	LOC129525115	LOC101127811	0.0	0.0	0.0	0.0	0
RCF_677	LOC129525115	LOC101135138	0.937	0.0	0.0	0.0	1
RCF_677	LOC129525115	LOC101139294	0.993	0.0	0.0	0.0	1
RCF_677	LOC129525115	LOC101140340	0.907	0.0	0.0	0.0	1
RCF_677	LOC129525115	LOC101144515	0.854	0.0	0.0	0.0	1
RCF_677	LOC129525115	LOC101151494	1.0	0.0	0.0	0.0	1
RCF_677	LOC129525115	LOC101153588	0.946	0.0	0.0	0.0	1
RCF_677	LOC129525115	LOC101154144	1.0	0.0	0.0	0.0	1
RCF_677	LOC129525115	LOC101154368	0.868	0.0	0.0	0.0	1
RCF_677	LOC129525115	LOC115933479	0.892	0.0	0.0	0.0	1
RCF_677	LOC129525115	LOC129529189	0.228	0.0	0.0	0.0	1
RCF_677	LOC129525115	LOC134758505	0.806	0.0	0.0	0.0	1
RCF_678	LOC101152317	LOC101134412	0.824	0.0	0.0	0.0	1
RCF_678	LOC101152317	LOC109029167	0.969	0.0	0.0	0.0	1
RCF_679	LOC101142679	LOC109023808	0.998	0.0	0.0	0.0	1
RCF_679	LOC101142679	LOC109027324	0.982	0.0	0.0	0.0	1
RCF_679	LOC101142679	LOC109028379	0.999	0.0	0.0	0.0	1
RCF_680	LOC101131514	LOC101146371	0.994	0.0	0.0	0.0	1
RCF_681	LOC101141368	LOC101126442	1.0	0.0	0.0	0.0	1
RCF_681	LOC101141368	LOC101127166	1.0	0.0	0.0	0.0	1
RCF_681	LOC101141368	LOC101129521	1.0	0.0	0.0	0.0	1
RCF_681	LOC101141368	LOC101137306	0.975	0.0	0.0	0.0	1
RCF_681	LOC101141368	LOC101146784	0.998	0.0	0.0	0.0	1
RCF_681	LOC101141368	LOC115930192	1.0	0.0	0.0	0.0	1
RCF_681	LOC101141368	LOC115935032	0.963	0.0	0.0	0.0	1
RCF_682	LOC134759211	LOC101136134	0.989	0.0	0.0	0.0	1
RCF_682	LOC134759211	LOC101144966	1.0	0.0	0.0	0.0	1
RCF_682	LOC134759211	LOC101148834	1.0	0.0	0.0	0.0	1
RCF_682	LOC134759211	LOC109024418	0.101	0.0	0.0	0.0	1
RCF_682	LOC134759211	LOC115936029	0.974	0.0	0.0	0.0	1
RCF_682	LOC134759211	LOC134758341	0.974	0.0	0.0	0.0	1
RCF_683	LOC115930422	LOC101151846	0.997	0.0	0.0	0.0	1
RCF_684	LOC101139472	LOC101144070	0.994	0.0	0.0	0.0	1
RCF_685	LOC129531768	LOC101136534	0.998	0.0	0.0	0.0	1
RCF_686	LOC101131259	LOC109024294	0.966	0.0	0.0	0.0	1
RCF_686	LOC101131259	LOC109024295	0.997	0.0	0.0	0.0	1
RCF_687	LOC129524776	LOC101137537	1.0	0.0	0.0	0.0	1
RCF_687	LOC129524776	LOC101137833	1.0	0.0	0.0	0.0	1
RCF_687	LOC129524776	LOC101138851	1.0	0.0	0.0	0.0	1
RCF_687	LOC129524776	LOC101141290	0.993	0.0	0.0	0.0	1
RCF_687	LOC129524776	LOC101144435	0.958	0.0	0.0	0.0	1
RCF_687	LOC129524776	LOC101151538	0.852	0.0	0.0	0.0	1
RCF_687	LOC129524776	LOC101152491	1.0	0.0	0.0	0.0	1
RCF_687	LOC129524776	LOC109024489	0.944	0.0	0.0	0.0	1
RCF_687	LOC129524776	LOC115933486	0.993	0.0	0.0	0.0	1
RCF_687	LOC129524776	LOC129527811	0.983	0.0	0.0	0.0	1
RCF_687	LOC129524776	LOC129530113	0.992	0.0	0.0	0.0	1
RCF_687	LOC129524776	LOC129533959	0.993	0.0	0.0	0.0	1
RCF_687	LOC129524776	LOC129534659	1.0	0.0	0.0	0.0	1
RCF_687	LOC129524776	LOC134757331	0.998	0.0	0.0	0.0	1
RCF_704	LOC101135508	LOC101153622	0.985	0.0	0.0	0.0	1
RCF_704	LOC101135508	LOC109028893	0.97	0.0	0.0	0.0	1
RCF_705	LOC101149210	LOC101142199	1.0	0.0	0.0	0.0	1
RCF_705	LOC101149210	LOC101147574	1.0	0.0	0.0	0.0	1
RCF_705	LOC101149210	LOC101148666	0.982	0.0	0.0	0.0	1
RCF_706	LOC115932141	LOC101142730	0.926	0.0	0.0	0.0	1
RCF_707	LOC101150195	CLDN24	0.648	0.0	0.0	0.0	1
RCF_708	LOC115934314	LOC109027176	0.864	0.0	0.0	0.0	1
RCF_708	LOC115934314	LOC109028042	0.555	0.0	0.0	0.0	1
RCF_709	LOC101132879	LOC101134166	1.0	0.0	0.0	0.0	1
RCF_709	LOC101132879	LOC101143037	0.99	0.0	0.0	0.0	1
RCF_709	LOC101132879	LOC101150321	0.955	0.0	0.0	0.0	1
RCF_710	LOC129532822	LOC101149396	1.0	0.0	0.0	0.0	1
RCF_710	LOC129532822	LOC129532823	1.0	0.0	0.0	0.0	1
RCF_710	LOC129532822	LOC129532832	1.0	0.0	0.0	0.0	1
RCF_711	LOC101152433	LOC101124540	0.974	0.0	0.0	0.0	1
RCF_711	LOC101152433	LOC101136829	1.0	0.0	0.0	0.0	1
RCF_711	LOC101152433	LOC101147142	1.0	0.0	0.0	0.0	1
RCF_696	LOC134758073	LOC101127473	0.658	0.0	0.0	0.0	1
RCF_696	LOC134758073	LOC109026114	0.831	0.0	0.0	0.0	1
RCF_697	LOC101128202	LOC101128557	0.325	0.0	0.0	0.0	1
RCF_698	LOC101144663	LOC101133056	0.996	0.0	0.0	0.0	1
RCF_699	PRR23C	LOC101152850	0.423	0.0	0.0	0.0	1
RCF_699	PRR23C	PRR23A	0.336	0.0	0.0	0.0	1
RCF_700	LOC129526335	LOC101146492	0.98	0.0	0.0	0.0	1
RCF_701	LOC109023896	LOC101135885	0.964	0.0	0.0	0.0	1
RCF_701	LOC109023896	LOC101142361	1.0	0.0	0.0	0.0	1
RCF_701	LOC109023896	LOC101152626	0.974	0.0	0.0	0.0	1
RCF_701	LOC109023896	LOC109024079	0.978	0.0	0.0	0.0	1
RCF_702	LOC129533223	LOC101126783	0.997	0.0	0.0	0.0	1
RCF_702	LOC129533223	LOC129524344	1.0	0.0	0.0	0.0	1
RCF_702	LOC129533223	LOC129524346	1.0	0.0	0.0	0.0	1
RCF_702	LOC129533223	LOC129524347	0.998	0.0	0.0	0.0	1
RCF_702	LOC129533223	LOC129524348	1.0	0.0	0.0	0.0	1
RCF_702	LOC129533223	LOC129524349	1.0	0.0	0.0	0.0	1
RCF_702	LOC129533223	LOC129524350	1.0	0.0	0.0	0.0	1
RCF_702	LOC129533223	LOC129524351	1.0	0.0	0.0	0.0	1
RCF_702	LOC129533223	LOC129524352	1.0	0.0	0.0	0.0	1
RCF_702	LOC129533223	LOC129524353	1.0	0.0	0.0	0.0	1
RCF_702	LOC129533223	LOC129524394	1.0	0.0	0.0	0.0	1
RCF_702	LOC129533223	LOC129524397	1.0	0.0	0.0	0.0	1
RCF_702	LOC129533223	LOC129524399	1.0	0.0	0.0	0.0	1
RCF_702	LOC129533223	LOC129524400	1.0	0.0	0.0	0.0	1
RCF_702	LOC129533223	LOC129533206	1.0	0.0	0.0	0.0	1
RCF_702	LOC129533223	LOC129533209	1.0	0.0	0.0	0.0	1
RCF_702	LOC129533223	LOC129533212	1.0	0.0	0.0	0.0	1
RCF_702	LOC129533223	LOC129533214	1.0	0.0	0.0	0.0	1
RCF_702	LOC129533223	LOC129533215	1.0	0.0	0.0	0.0	1
RCF_702	LOC129533223	LOC129533217	1.0	0.0	0.0	0.0	1
RCF_702	LOC129533223	LOC129533219	1.0	0.0	0.0	0.0	1
RCF_702	LOC129533223	LOC129533220	1.0	0.0	0.0	0.0	1
RCF_702	LOC129533223	LOC129533221	1.0	0.0	0.0	0.0	1
RCF_702	LOC129533223	LOC129533222	1.0	0.0	0.0	0.0	1
RCF_702	LOC129533223	LOC129533224	1.0	0.0	0.0	0.0	1
RCF_702	LOC129533223	LOC129533225	1.0	0.0	0.0	0.0	1
RCF_702	LOC129533223	LOC134758236	1.0	0.0	0.0	0.0	1
RCF_702	LOC129533223	LOC134758981	1.0	0.0	0.0	0.0	1
RCF_702	LOC129533223	LOC134758982	0.968	0.0	0.0	0.0	1
RCF_702	LOC129533223	LOC134758983	0.998	0.0	0.0	0.0	1
RCF_702	LOC129533223	LOC134758989	0.934	0.0	0.0	0.0	1
RCF_702	LOC129533223	LOC134758990	0.968	0.0	0.0	0.0	1
RCF_702	LOC129533223	LOC134758991	1.0	0.0	0.0	0.0	1
RCF_702	LOC129533223	LOC134758993	1.0	0.0	0.0	0.0	1
RCF_702	LOC129533223	LOC134758995	0.999	0.0	0.0	0.0	1
RCF_702	LOC129533223	LOC134758996	0.968	0.0	0.0	0.0	1
RCF_702	LOC129533223	LOC134759008	1.0	0.0	0.0	0.0	1
RCF_702	LOC129533223	LOC134759009	1.0	0.0	0.0	0.0	1
RCF_702	LOC129533223	LOC134759010	1.0	0.0	0.0	0.0	1
RCF_702	LOC129533223	LOC134759057	0.789	0.0	0.0	0.0	1
RCF_703	LOC129534288	LOC101135338	0.749	0.0	0.0	0.0	1
RCF_703	LOC129534288	LOC115934320	0.839	0.0	0.0	0.0	1
RCF_712	LOC101152403	LOC101128093	0.962	0.0	0.0	0.0	1
RCF_712	LOC101152403	LOC101137229	0.894	0.0	0.0	0.0	1
RCF_712	LOC101152403	LOC101139046	0.533	0.0	0.0	0.0	1
RCF_713	LOC101147931	LOC101143702	0.972	0.0	0.0	0.0	1
RCF_714	LOC129533460	LOC115931299	0.827	0.0	0.0	0.0	1
RCF_715	LOC101146806	LOC109024622	0.983	0.0	0.0	0.0	1
RCF_715	LOC101146806	LOC109026990	0.995	0.0	0.0	0.0	1
RCF_716	LOC134758435	LOC115934628	0.834	0.0	0.0	0.0	1
RCF_717	LOC101138200	LOC101129659	0.31	0.0	0.0	0.0	1
RCF_717	LOC101138200	LOC101137094	0.315	0.0	0.0	0.0	1
RCF_717	LOC101138200	LOC101137446	0.302	0.0	0.0	0.0	1
RCF_717	LOC101138200	LOC101143221	0.318	0.0	0.0	0.0	1
RCF_717	LOC101138200	LOC101143583	0.307	0.0	0.0	0.0	1
RCF_717	LOC101138200	LOC101143949	0.301	0.0	0.0	0.0	1
RCF_717	LOC101138200	LOC109023073	0.495	0.0	0.0	0.0	1
RCF_718	LOC101132032	LOC101135994	0.0	0.0	0.0	0.0	0
RCF_718	LOC101132032	LOC101137823	0.645	0.0	0.46	0.0	1
RCF_718	LOC101132032	LOC109026844	0.36	0.0	0.0	0.0	1
RCF_718	LOC101132032	LOC115934664	0.991	0.0	0.811	0.0	1
RCF_718	LOC101132032	LOC129523541	0.412	0.0	0.0	0.0	1
RCF_718	LOC101132032	LOC129533766	0.991	0.0	0.811	0.0	1
RCF_719	LOC129533767	LOC101131333	1.0	0.0	0.722	0.0	1
RCF_720	LOC101130614	LOC101129878	0.643	0.0	0.0	0.0	1
RCF_720	LOC101130614	LOC101130238	0.556	0.0	0.0	0.0	1
RCF_720	LOC101130614	LOC101130972	0.57	0.0	0.0	0.0	1
RCF_721	LOC101128812	LOC101129151	0.0	0.0	0.0	0.0	0
RCF_721	LOC101128812	LOC101134919	0.397	0.0	0.264	0.0	1
RCF_722	LOC101128089	LOC101127726	0.647	0.0	0.0	0.0	1
RCF_723	LOC115933338	LOC134758532	1.0	0.0	0.0	0.0	1
RCF_724	SLC35G5	SLC35G3	1.0	0.0	0.0	0.0	1
RCF_724	SLC35G5	SLC35G4	0.862	0.0	0.0	0.0	1
RCF_725	LOC101153713	LOC115931260	0.957	0.0	0.0	0.0	1
RCF_726	LOC115934679	LOC101126043	1.0	0.0	0.0	0.0	1
RCF_727	LOC134757612	LOC115932887	1.0	0.0	0.0	0.0	1
RCF_688	LOC101140422	LOC101144947	0.941	0.0	0.0	0.0	1
RCF_688	LOC101140422	LOC115933990	0.964	0.0	0.0	0.0	1
RCF_689	LOC129533589	LOC101134365	0.822	0.0	0.0	0.0	1
RCF_689	LOC129533589	LOC101135462	0.979	0.0	0.0	0.0	1
RCF_689	LOC129533589	LOC115935247	0.715	0.0	0.0	0.0	1
RCF_689	LOC129533589	LOC134756550	0.473	0.0	0.0	0.0	1
RCF_690	LOC134757814	LOC115932867	0.852	0.0	0.0	0.0	1
RCF_690	LOC134757814	LOC129533282	1.0	0.0	0.0	0.0	1
RCF_690	LOC134757814	LOC129533340	1.0	0.0	0.0	0.0	1
RCF_690	LOC134757814	LOC134757816	1.0	0.0	0.0	0.0	1
RCF_691	LOC115932964	HNRNPCL1	1.0	0.0	0.0	0.0	1
RCF_691	LOC115932964	LOC101147979	0.948	0.0	0.0	0.0	1
RCF_691	LOC115932964	LOC101148340	1.0	0.0	0.0	0.0	1
RCF_691	LOC115932964	LOC129533082	0.965	0.0	0.0	0.0	1
RCF_691	LOC115932964	LOC134758529	0.994	0.0	0.0	0.0	1
RCF_692	LOC129532770	LOC101126607	0.0	0.0	0.0	0.0	0
RCF_692	LOC129532770	LOC101127689	0.92	0.0	0.0	0.0	1
RCF_692	LOC129532770	LOC101137804	0.0	0.0	0.0	0.0	0
RCF_692	LOC129532770	LOC101140345	0.982	0.0	0.0	0.0	1
RCF_692	LOC129532770	LOC101141058	0.893	0.0	0.0	0.0	1
RCF_692	LOC129532770	LOC101148869	0.997	0.0	0.0	0.0	1
RCF_692	LOC129532770	LOC109023133	0.998	0.0	0.0	0.0	1
RCF_693	LOC101138407	LOC101137655	0.84	0.0	0.0	0.0	1
RCF_693	LOC101138407	LOC101138029	0.942	0.0	0.0	0.0	1
RCF_694	LOC101131083	LOC134757993	0.947	0.0	0.0	0.0	1
RCF_695	LOC115932855	LOC101123968	1.0	0.0	0.0	0.0	1
RCF_695	LOC115932855	LOC129523578	1.0	0.0	0.0	0.0	1
RCF_695	LOC115932855	LOC129532360	1.0	0.0	0.0	0.0	1
RCF_695	LOC115932855	LOC129532377	1.0	0.0	0.0	0.0	1
RCF_695	LOC115932855	LOC129532378	1.0	0.0	0.0	0.0	1
RCF_695	LOC115932855	LOC129532381	1.0	0.0	0.0	0.0	1
RCF_695	LOC115932855	LOC129532382	1.0	0.0	0.0	0.0	1
RCF_695	LOC115932855	LOC129532414	1.0	0.0	0.0	0.0	1
RCF_695	LOC115932855	LOC129532416	1.0	0.0	0.0	0.0	1
RCF_695	LOC115932855	LOC129532417	1.0	0.0	0.0	0.0	1
RCF_695	LOC115932855	LOC129532419	1.0	0.0	0.0	0.0	1
RCF_695	LOC115932855	LOC129532420	0.99	0.0	0.0	0.0	1
RCF_695	LOC115932855	LOC129532421	1.0	0.0	0.0	0.0	1
RCF_695	LOC115932855	LOC129532423	1.0	0.0	0.0	0.0	1
RCF_695	LOC115932855	LOC129532425	1.0	0.0	0.0	0.0	1
RCF_695	LOC115932855	LOC129532809	1.0	0.0	0.0	0.0	1
RCF_695	LOC115932855	LOC129532810	1.0	0.0	0.0	0.0	1
RCF_695	LOC115932855	LOC129532811	1.0	0.0	0.0	0.0	1
RCF_695	LOC115932855	LOC129532813	1.0	0.0	0.0	0.0	1
RCF_695	LOC115932855	LOC129532815	1.0	0.0	0.0	0.0	1
RCF_695	LOC115932855	LOC129532817	1.0	0.0	0.0	0.0	1
RCF_695	LOC115932855	LOC129532818	1.0	0.0	0.0	0.0	1
RCF_695	LOC115932855	LOC129532828	1.0	0.0	0.0	0.0	1
RCF_695	LOC115932855	LOC129532829	1.0	0.0	0.0	0.0	1
RCF_695	LOC115932855	LOC129532831	1.0	0.0	0.0	0.0	1
RCF_695	LOC115932855	LOC134757997	1.0	0.0	0.0	0.0	1
RCF_695	LOC115932855	LOC134757998	1.0	0.0	0.0	0.0	1
RCF_695	LOC115932855	LOC134757999	1.0	0.0	0.0	0.0	1
RCF_695	LOC115932855	LOC134758000	1.0	0.0	0.0	0.0	1
RCF_695	LOC115932855	LOC134758001	1.0	0.0	0.0	0.0	1
RCF_695	LOC115932855	LOC134758002	1.0	0.0	0.0	0.0	1
RCF_695	LOC115932855	LOC134758003	1.0	0.0	0.0	0.0	1
RCF_695	LOC115932855	LOC134758004	0.99	0.0	0.0	0.0	1
RCF_695	LOC115932855	LOC134758005	0.99	0.0	0.0	0.0	1
RCF_695	LOC115932855	LOC134758006	0.99	0.0	0.0	0.0	1
RCF_695	LOC115932855	LOC134758007	0.99	0.0	0.0	0.0	1
RCF_695	LOC115932855	LOC134758008	0.99	0.0	0.0	0.0	1
RCF_695	LOC115932855	LOC134758385	1.0	0.0	0.0	0.0	1
RCF_752	LOC101144131	LOC101130619	0.978	0.0	0.0	0.0	1
RCF_752	LOC101144131	LOC101136280	0.974	0.0	0.0	0.0	1
RCF_752	LOC101144131	LOC101146256	1.0	0.0	0.0	0.0	1
RCF_753	LOC115935393	LOC101137127	0.476	0.0	0.0	0.0	1
RCF_754	LOC101136745	LOC101136025	0.785	0.0	0.0	0.0	1
RCF_755	LOC134758882	LOC101132815	1.0	0.0	0.0	0.0	1
RCF_755	LOC134758882	LOC129534664	1.0	0.0	0.0	0.0	1
RCF_756	LOC101133718	LOC115930437	0.994	0.0	0.0	0.0	1
RCF_756	LOC101133718	LOC129524489	0.956	0.0	0.0	0.0	1
RCF_757	LOC115935618	SOCS6	0.998	0.0	0.0	0.0	1
RCF_758	LOC129524120	LOC115932158	0.923	0.0	0.0	0.0	1
RCF_759	LOC129524935	LOC101132464	1.0	0.0	0.0	0.0	1
RCF_744	LOC115935319	LOC101139259	0.971	0.0	0.0	0.0	1
RCF_744	LOC115935319	LOC101151356	1.0	0.0	0.0	0.0	1
RCF_745	LOC101141038	LOC101151223	0.971	0.0	0.0	0.0	1
RCF_746	LOC115930148	LOC129523685	0.978	0.0	0.0	0.0	1
RCF_746	LOC115930148	LOC129523876	0.679	0.0	0.0	0.0	1
RCF_746	LOC115930148	LOC129534781	0.924	0.0	0.0	0.0	1
RCF_746	LOC115930148	LOC134758922	0.679	0.0	0.0	0.0	1
RCF_747	LOC101147007	LOC101146296	1.0	0.0	0.0	0.0	1
RCF_747	LOC101147007	LOC134756440	1.0	0.0	0.0	0.0	1
RCF_748	LOC101145399	LOC101132345	0.899	0.0	0.0	0.0	1
RCF_748	LOC101145399	LOC129534774	0.998	0.0	0.0	0.0	1
RCF_749	LOC101134010	LOC101144033	0.999	0.0	0.0	0.0	1
RCF_750	RNF148	RNF133	1.0	0.0	0.0	0.0	1
RCF_751	SSU72L6	LOC101131398	1.0	0.0	0.0	0.0	1
RCF_751	SSU72L6	LOC115932622	1.0	0.0	0.0	0.0	1
RCF_751	SSU72L6	LOC115932623	1.0	0.0	0.0	0.0	1
RCF_751	SSU72L6	LOC115932624	0.956	0.0	0.0	0.0	1
RCF_751	SSU72L6	LOC115936205	1.0	0.0	0.0	0.0	1
RCF_751	SSU72L6	LOC115936287	1.0	0.0	0.0	0.0	1
RCF_751	SSU72L6	LOC134759324	0.901	0.0	0.0	0.0	1
RCF_736	LOC101126577	LOC101137478	0.999	0.0	0.0	0.0	1
RCF_736	LOC101126577	LOC101146120	0.987	0.0	0.0	0.0	1
RCF_736	LOC101126577	LOC101151037	0.987	0.0	0.0	0.0	1
RCF_736	LOC101126577	LOC101151121	0.999	0.0	0.0	0.0	1
RCF_736	LOC101126577	LOC109028360	1.0	0.0	0.0	0.0	1
RCF_736	LOC101126577	LOC115931577	0.96	0.0	0.0	0.0	1
RCF_736	LOC101126577	LOC129534058	0.967	0.0	0.0	0.0	1
RCF_737	LOC134756682	LOC101138607	1.0	0.0	0.0	0.0	1
RCF_737	LOC134756682	LOC101139924	0.964	0.0	0.0	0.0	1
RCF_738	LOC101125574	LOC129534179	1.0	0.0	0.0	0.0	1
RCF_738	LOC101125574	LOC129534225	1.0	0.0	0.0	0.0	1
RCF_739	LOC101124995	LOC101132577	1.0	0.0	0.0	0.0	1
RCF_740	LOC101144988	LOC101129892	1.0	0.0	0.0	0.0	1
RCF_740	LOC101144988	LOC101130286	1.0	0.0	0.0	0.0	1
RCF_740	LOC101144988	LOC101133796	0.998	0.0	0.0	0.0	1
RCF_740	LOC101144988	LOC101141346	0.97	0.0	0.0	0.0	1
RCF_740	LOC101144988	LOC101143299	0.944	0.0	0.0	0.0	1
RCF_740	LOC101144988	LOC101145780	0.975	0.0	0.0	0.0	1
RCF_740	LOC101144988	LOC101146854	0.932	0.0	0.0	0.0	1
RCF_740	LOC101144988	LOC101151078	1.0	0.0	0.0	0.0	1
RCF_740	LOC101144988	LOC101152650	1.0	0.0	0.0	0.0	1
RCF_740	LOC101144988	LOC109023669	0.988	0.0	0.0	0.0	1
RCF_741	LOC101127634	LOC101138853	0.947	0.0	0.0	0.0	1
RCF_742	LOC115935285	LOC109024694	0.999	0.0	0.0	0.0	1
RCF_743	LOC109026927	LOC129525865	1.0	0.0	0.0	0.0	1
RCF_760	LOC101141672	LOC101144382	1.0	0.0	0.0	0.0	1
RCF_761	LOC101143155	LOC101138541	1.0	0.0	0.0	0.0	1
RCF_762	FRAT2	LOC101145989	0.988	0.0	0.0	0.0	1
RCF_763	LOC101130806	LOC101152497	0.856	0.0	0.0	0.0	1
RCF_764	LOC101132106	LOC134759323	1.0	0.0	0.0	0.0	1
RCF_765	LOC101141682	LOC101142067	0.956	0.0	0.0	0.0	1
RCF_766	LOC101139737	LOC101140821	0.995	0.0	0.0	0.0	1
RCF_767	LOC101128530	LOC101124517	1.0	0.0	0.0	0.0	1
RCF_768	LOC101124653	LOC109027626	0.966	0.0	0.0	0.0	1
RCF_768	LOC101124653	LOC115936296	0.989	0.0	0.0	0.0	1
RCF_769	LOC101129351	LOC115936295	0.977	0.0	0.0	0.0	1
RCF_770	LOC101136183	LOC101136556	1.0	0.0	0.0	0.0	1
RCF_771	PGAM4	LOC101133347	0.883	0.0	0.0	0.0	1
RCF_772	LOC129526772	LOC101127646	0.84	0.0	0.0	0.0	1
RCF_772	LOC129526772	LOC109027898	0.898	0.0	0.0	0.0	1
RCF_772	LOC129526772	LOC109028877	0.801	0.0	0.0	0.0	1
RCF_773	LOC115933342	UBTFL1	1.0	0.0	0.0	0.0	1
RCF_774	LOC134756361	LOC101142081	0.96	0.0	0.0	0.0	1
RCF_775	LOC101143535	LOC101144282	0.906	0.0	0.0	0.0	1
RCF_728	LOC101126280	LOC101125318	0.271	0.0	0.0	0.0	1
RCF_728	LOC101126280	LOC101125684	0.121	0.0	0.0	0.0	1
RCF_728	LOC101126280	LOC101126997	0.249	0.0	0.0	0.0	1
RCF_728	LOC101126280	LOC101127374	0.313	0.0	0.0	0.0	1
RCF_728	LOC101126280	LOC101145202	0.334	0.0	0.0	0.0	1
RCF_728	LOC101126280	PCDHB11	0.253	0.0	0.0	0.0	1
RCF_728	LOC101126280	PCDHB12	0.33	0.0	0.0	0.0	1
RCF_728	LOC101126280	PCDHB14	0.215	0.0	0.0	0.0	1
RCF_728	LOC101126280	PCDHB15	0.2	0.0	0.0	0.0	1
RCF_728	LOC101126280	PCDHB2	0.211	0.0	0.0	0.0	1
RCF_728	LOC101126280	PCDHB5	0.178	0.0	0.0	0.0	1
RCF_728	LOC101126280	PCDHB8	0.142	0.0	0.0	0.0	1
RCF_728	LOC101126280	PCDHB9	0.211	0.0	0.0	0.0	1
RCF_729	LOC129533630	LOC115932124	1.0	0.0	0.0	0.0	1
RCF_730	LOC101150857	LOC109027080	1.0	0.0	0.0	0.0	1
RCF_731	LOC101129469	LOC101142817	0.559	0.0	0.0	0.0	1
RCF_731	LOC101129469	LOC115930181	0.598	0.0	0.0	0.0	1
RCF_731	LOC101129469	LOC115933483	1.0	0.0	0.0	0.0	1
RCF_731	LOC101129469	LOC115935008	1.0	0.0	0.0	0.0	1
RCF_731	LOC101129469	LOC115935586	0.851	0.0	0.0	0.0	1
RCF_732	LOC101142993	LOC109025589	0.803	0.0	0.0	0.0	1
RCF_732	LOC101142993	LOC109027258	1.0	0.0	0.0	0.0	1
RCF_732	LOC101142993	LOC109028392	0.933	0.0	0.0	0.0	1
RCF_732	LOC101142993	LOC115931078	0.976	0.0	0.0	0.0	1
RCF_732	LOC101142993	LOC115931082	0.976	0.0	0.0	0.0	1
RCF_732	LOC101142993	LOC115931086	0.983	0.0	0.0	0.0	1
RCF_732	LOC101142993	LOC115931087	0.977	0.0	0.0	0.0	1
RCF_732	LOC101142993	LOC115935789	0.766	0.0	0.0	0.0	1
RCF_732	LOC101142993	LOC115935839	0.992	0.0	0.0	0.0	1
RCF_732	LOC101142993	LOC129524434	0.832	0.0	0.0	0.0	1
RCF_732	LOC101142993	NPAP1L	0.973	0.0	0.0	0.0	1
RCF_733	LOC101134814	LOC101127003	0.0	0.0	0.0	0.0	0
RCF_733	LOC101134814	LOC101133882	0.378	0.0	0.0	0.0	1
RCF_734	LOC129528891	LOC101146163	0.895	0.0	0.0	0.0	1
RCF_735	LOC101142644	LOC101150350	0.994	0.0	0.0	0.0	1
RCF_800	LOC134756976	LOC129526444	1.0	0.0	0.0	0.0	1
RCF_800	LOC134756976	LOC129527204	1.0	0.0	0.0	0.0	1
RCF_801	LOC101123709	KBTBD6	0.459	0.0	0.0	0.0	1
RCF_802	LOC115930451	LOC101125773	0.999	0.0	0.0	0.0	1
RCF_803	LOC101135389	LOC134757235	1.0	0.0	0.0	0.0	1
RCF_804	LOC101135421	LOC101138942	0.938	0.0	0.0	0.0	1
RCF_804	LOC101135421	LOC101144800	0.97	0.0	0.0	0.0	1
RCF_805	LOC101125924	LOC109024327	0.796	0.0	0.0	0.0	1
RCF_806	LOC101136911	LOC101128102	0.993	0.0	0.0	0.0	1
RCF_807	LOC129527639	LOC101128806	0.992	0.0	0.0	0.0	1
RCF_807	LOC129527639	LOC115933000	1.0	0.0	0.0	0.0	1
RCF_776	LOC101133825	LOC101140090	0.947	0.0	0.0	0.0	1
RCF_777	LOC101151385	LOC101138765	1.0	0.0	0.0	0.0	1
RCF_777	LOC101151385	LOC101139383	0.997	0.0	0.0	0.0	1
RCF_778	LOC115930419	LOC101126499	1.0	0.0	0.0	0.0	1
RCF_778	LOC115930419	LOC101138287	0.936	0.0	0.0	0.0	1
RCF_778	LOC115930419	LOC101146767	0.974	0.0	0.0	0.0	1
RCF_779	LOC115930167	LOC101130090	1.0	0.0	0.0	0.0	1
RCF_780	LOC101129959	LOC101148543	0.891	0.0	0.0	0.0	1
RCF_781	LOC101146937	LOC115933763	0.998	0.0	0.0	0.0	1
RCF_782	LOC129524570	LOC109024803	1.0	0.0	0.0	0.0	1
RCF_782	LOC129524570	LOC129526400	0.966	0.0	0.0	0.0	1
RCF_782	LOC129524570	LOC129526551	1.0	0.0	0.0	0.0	1
RCF_782	LOC129524570	LOC129526554	1.0	0.0	0.0	0.0	1
RCF_782	LOC129524570	LOC134757039	1.0	0.0	0.0	0.0	1
RCF_783	LOC129531947	LOC109028351	1.0	0.0	0.0	0.0	1
RCF_783	LOC129531947	LOC115932939	1.0	0.0	0.0	0.0	1
RCF_783	LOC129531947	LOC129526375	1.0	0.0	0.0	0.0	1
RCF_783	LOC129531947	LOC129526401	1.0	0.0	0.0	0.0	1
RCF_783	LOC129531947	LOC129526552	1.0	0.0	0.0	0.0	1
RCF_783	LOC129531947	LOC129526976	0.998	0.0	0.0	0.0	1
RCF_783	LOC129531947	LOC129527275	1.0	0.0	0.0	0.0	1
RCF_783	LOC129531947	LOC129529333	0.998	0.0	0.0	0.0	1
RCF_783	LOC129531947	LOC129529548	1.0	0.0	0.0	0.0	1
RCF_783	LOC129531947	LOC129529639	1.0	0.0	0.0	0.0	1
RCF_783	LOC129531947	LOC134757038	1.0	0.0	0.0	0.0	1
RCF_808	LOC101144085	LOC115931273	1.0	0.0	0.0	0.0	1
RCF_809	LOC129528093	LOC101137570	1.0	0.0	0.0	0.0	1
RCF_810	LOC134757567	LOC129527881	1.0	0.0	0.0	0.0	1
RCF_810	LOC134757567	LOC129527886	0.985	0.0	0.0	0.0	1
RCF_810	LOC134757567	LOC129527888	0.955	0.0	0.0	0.0	1
RCF_811	LOC129528035	LOC129527887	1.0	0.0	0.0	0.0	1
RCF_811	LOC129528035	LOC134757565	1.0	0.0	0.0	0.0	1
RCF_811	LOC129528035	LOC134757615	1.0	0.0	0.0	0.0	1
RCF_811	LOC129528035	LOC134757642	1.0	0.0	0.0	0.0	1
RCF_812	OR7D1	LOC101142266	0.995	0.0	0.0	0.0	1
RCF_813	LOC101146516	LOC101142999	0.477	0.0	0.0	0.0	1
RCF_814	FFAR3	LOC101143734	1.0	0.0	0.0	0.0	1
RCF_815	LOC101139358	LOC101141522	0.788	0.0	0.0	0.0	1
RCF_816	LOC101149865	LOC101149512	0.582	0.0	0.0	0.0	1
RCF_817	LOC109024494	LOC101136522	0.538	0.0	0.0	0.0	1
RCF_817	LOC109024494	LOC101137607	0.318	0.0	0.0	0.0	1
RCF_817	LOC109024494	LOC129529257	0.469	0.0	0.0	0.0	1
RCF_818	LOC101137254	LOC101136877	0.681	0.0	0.0	0.0	1
RCF_819	LOC129529656	LOC115931939	0.974	0.0	0.0	0.0	1
RCF_820	LOC101144123	LOC115931910	1.0	0.0	0.0	0.0	1
RCF_821	LOC101141047	FAM47B	0.832	0.0	0.0	0.0	2
RCF_822	CENPVL3	LOC101142669	0.795	0.0	0.0	0.0	1
RCF_822	CENPVL3	LOC101145832	0.784	0.0	0.0	0.0	1
RCF_823	LOC109027862	GNG5B	0.965	0.0	0.0	0.0	1
RCF_784	LOC129529526	LOC101151758	0.986	0.0	0.0	0.0	1
RCF_785	LOC129532194	LOC129532044	0.0	0.0	0.0	0.0	0
RCF_785	LOC129532194	LOC129532101	0.361	0.0	0.0	0.0	1
RCF_785	LOC129532194	LOC129532195	0.0	0.0	0.0	0.0	0
RCF_785	LOC129532194	LOC129532196	0.0	0.0	0.0	0.0	0
RCF_785	LOC129532194	LOC129532197	0.0	0.0	0.0	0.0	0
RCF_785	LOC129532194	LOC129532198	0.986	0.0	0.0	0.0	1
RCF_785	LOC129532194	LOC129532200	0.466	0.0	0.0	0.0	1
RCF_786	LOC129526105	LOC101129329	1.0	0.0	0.0	0.0	1
RCF_786	LOC129526105	LOC134756755	1.0	0.0	0.0	0.0	1
RCF_787	LOC129526873	LOC129526106	1.0	0.0	0.0	0.0	1
RCF_787	LOC129526873	LOC134756953	1.0	0.0	0.0	0.0	1
RCF_788	LOC129534637	LOC101135486	1.0	0.0	0.0	0.0	1
RCF_789	LOC115931637	LOC101131725	0.952	0.0	0.0	0.0	1
RCF_789	LOC115931637	LOC101147225	1.0	0.0	0.0	0.0	1
RCF_789	LOC115931637	LOC129530591	1.0	0.0	0.0	0.0	1
RCF_789	LOC115931637	LOC134757034	1.0	0.0	0.0	0.0	1
RCF_790	LOC101129209	LOC101128867	0.942	0.0	0.0	0.0	1
RCF_791	IFNA2	IFNA21	0.605	0.0	0.0	0.0	1
RCF_791	IFNA2	IFNA6	0.935	0.0	0.0	0.0	1
RCF_791	IFNA2	IFNA8	0.577	0.0	0.0	0.0	1
RCF_791	IFNA2	LOC101138981	0.537	0.0	0.0	0.0	1
RCF_791	IFNA2	LOC101139336	0.632	0.0	0.0	0.0	1
RCF_791	IFNA2	LOC101139713	0.596	0.0	0.0	0.0	1
RCF_791	IFNA2	LOC101140412	0.615	0.0	0.0	0.0	1
RCF_791	IFNA2	LOC101141543	0.93	0.0	0.0	0.0	1
RCF_791	IFNA2	LOC101142673	0.636	0.0	0.0	0.0	1
RCF_791	IFNA2	LOC115935827	0.577	0.0	0.0	0.0	1
RCF_791	IFNA2	LOC115935829	0.878	0.0	0.0	0.0	1
RCF_791	IFNA2	LOC115935831	0.94	0.0	0.0	0.0	1
RCF_791	IFNA2	LOC115935832	0.94	0.0	0.0	0.0	1
RCF_791	IFNA2	LOC115935833	0.805	0.0	0.0	0.0	1
RCF_791	IFNA2	LOC115935834	0.9	0.0	0.0	0.0	1
RCF_791	IFNA2	LOC134756937	0.875	0.0	0.0	0.0	1
RCF_792	LOC109023730	LOC101133681	0.71	0.0	0.0	0.0	1
RCF_793	LOC115935826	LOC101149308	0.942	0.0	0.0	0.0	1
RCF_794	LOC101150373	LOC101153273	0.808	0.0	0.0	0.0	1
RCF_795	LOC101141789	LOC101124026	0.852	0.0	0.0	0.0	1
RCF_796	LOC101127816	LOC109028157	0.304	0.0	0.0	0.0	1
RCF_797	LOC129528412	ELOA2	0.309	0.0	0.0	0.0	1
RCF_797	LOC129528412	LOC129528410	0.999	0.0	0.0	0.0	1
RCF_797	LOC129528412	LOC129528411	1.0	0.0	0.0	0.0	1
RCF_797	LOC129528412	LOC129528414	1.0	0.0	0.0	0.0	1
RCF_797	LOC129528412	LOC129528415	0.999	0.0	0.0	0.0	1
RCF_797	LOC129528412	LOC129528416	1.0	0.0	0.0	0.0	1
RCF_797	LOC129528412	LOC129528417	0.999	0.0	0.0	0.0	1
RCF_797	LOC129528412	LOC129528418	0.999	0.0	0.0	0.0	1
RCF_797	LOC129528412	LOC129528419	0.999	0.0	0.0	0.0	1
RCF_797	LOC129528412	LOC129528420	0.999	0.0	0.0	0.0	1
RCF_797	LOC129528412	LOC129528421	0.999	0.0	0.0	0.0	1
RCF_797	LOC129528412	LOC129528422	0.999	0.0	0.0	0.0	1
RCF_797	LOC129528412	LOC129528423	1.0	0.0	0.0	0.0	1
RCF_797	LOC129528412	LOC129528424	1.0	0.0	0.0	0.0	1
RCF_797	LOC129528412	LOC129528426	1.0	0.0	0.0	0.0	1
RCF_797	LOC129528412	LOC129528427	1.0	0.0	0.0	0.0	1
RCF_797	LOC129528412	LOC129528428	1.0	0.0	0.0	0.0	1
RCF_797	LOC129528412	LOC129528429	1.0	0.0	0.0	0.0	1
RCF_797	LOC129528412	LOC129528430	1.0	0.0	0.0	0.0	1
RCF_797	LOC129528412	LOC129528431	1.0	0.0	0.0	0.0	1
RCF_797	LOC129528412	LOC134756367	1.0	0.0	0.0	0.0	1
RCF_797	LOC129528412	LOC134757035	1.0	0.0	0.0	0.0	1
RCF_798	LOC115933428	LOC129526136	1.0	0.0	0.0	0.0	1
RCF_798	LOC115933428	LOC129526436	1.0	0.0	0.0	0.0	1
RCF_798	LOC115933428	LOC129527250	1.0	0.0	0.0	0.0	1
RCF_799	LOC129526087	LOC129527234	0.743	0.0	0.0	0.0	1
RCF_799	LOC129526087	LOC134756956	0.7	0.0	0.0	0.0	1
RCF_176	LOC101144080	LOC101125558	0.943	0.0	0.0	0.0	1
RCF_176	LOC101144080	LOC101151653	0.948	0.0	0.0	0.0	1
RCF_176	LOC101144080	LOC115933306	0.937	0.0	0.0	0.0	1
RCF_176	LOC101144080	LOC115934662	0.941	0.0	0.0	0.0	1
RCF_176	LOC101144080	LOC129533458	0.937	0.0	0.0	0.0	1
RCF_176	LOC101144080	LOC129533792	0.999	0.0	0.0	0.0	1
RCF_176	LOC101144080	LOC129533797	0.8	0.0	0.0	0.0	1
RCF_176	LOC101144080	LOC129533806	0.946	0.0	0.0	0.0	1
RCF_176	LOC101144080	LOC129533808	0.943	0.0	0.0	0.0	1
RCF_176	LOC101144080	LOC129533813	0.946	0.0	0.0	0.0	1
RCF_177	IGBP1	IGBP1C	0.549	0.0	0.0	0.0	1
RCF_178	TEX14	LOC115931040	0.669	0.0	0.0	0.0	1
RCF_178	TEX14	LOC115933152	0.63	0.0	0.0	0.0	1
RCF_178	TEX14	LOC129531435	0.584	0.0	0.0	0.0	1
RCF_178	TEX14	LOC134756757	0.417	0.0	0.0	0.0	1
RCF_179	MSX2	LOC101140742	0.882	0.0	0.0	0.0	1
RCF_180	LOC101129624	NME2	0.699	0.0	0.0	0.0	1
RCF_181	LOC129527692	LOC101141855	0.552	0.0	0.118	0.194	3
RCF_181	LOC129527692	LOC115931062	0.786	0.0	0.0	0.0	2
RCF_181	LOC129527692	LOC115931102	0.58	0.0	0.134	0.2	2
RCF_181	LOC129527692	LOC115932744	0.593	0.0	0.186	0.067	3
RCF_181	LOC129527692	LOC115933079	0.402	0.0	0.229	0.222	2
RCF_181	LOC129527692	LOC115933350	0.524	0.0	0.128	0.133	2
RCF_181	LOC129527692	LOC129527592	0.763	0.0	0.0	0.0	2
RCF_181	LOC129527692	LOC129527636	0.466	0.0	0.237	0.143	2
RCF_181	LOC129527692	LOC129527720	0.999	0.0	0.32	0.0	1
RCF_181	LOC129527692	NPIPB11	0.496	0.0	0.075	0.2	3
RCF_182	LOC115932779	LOC115933039	1.0	0.0	0.0	0.0	1
RCF_183	ATP5MC1	LOC101138209	1.0	0.0	0.0	0.0	1
RCF_824	LOC101129330	LOC115932133	1.0	0.0	0.0	0.0	1
RCF_824	LOC101129330	LOC115932200	1.0	0.0	0.0	0.0	1
RCF_825	F8A3	F8A1	1.0	0.0	0.0	0.0	1
RCF_825	F8A3	LOC115932395	1.0	0.0	0.0	0.0	1
