[STRINGTIE_EXACT] Default mode: StringTie-exact (disable with RUSTLE_STRINGTIE_EXACT=0). Gated sites: junction post-good_junc merge filters, alt-junction demotion, fwd_to_sink past_seed gate, onpath_long reach relaxation, novel_splice_rescue; RunConfig: junction_canonical_tolerance forced to 0 after compat preset. See src/rustle/stringtie_parity.rs for details.
rustle: needy-locus diagnostics: writing per-bundle summary TSV to bench/ggo19_needy_next5_run_STRG_566.needy_bundle_summary.tsv
[EARLY_DEBUG] region_merge NC_073243.2:111145463-111146727 contributing_bundles=1 merged_reads=1 merged_jstats=1
[DEBUG_JUNCTIONS] region_merge_raw: 1 junctions
  111146569-111146676 count=1.00
[DEBUG_JUNCTIONS] region_merge_del: 1 junctions
  111146569-111146676 count=1.00
[DEBUG_JUNCTIONS] region_merge_initial_jstats: 1 junctions (killed=0)
  111146569-111146676 mrcount=1.00 good=1.00 nm=1.00 mm=1.00 rcount=0 strand=Some(-1) lsup=1.00 rsup=1.00 guide_match=false
[EARLY_DEBUG] region_merge NC_073243.2:111148296-111175574 contributing_bundles=1 merged_reads=27 merged_jstats=26
[DEBUG_JUNCTIONS] region_merge_raw: 26 junctions
  111149065-111150431 count=7.00
  111149171-111149277 count=1.00
  111149171-111150204 count=1.00
  111149171-111150431 count=20.00
  111149460-111150206 count=1.00
  111150303-111150431 count=2.00
  111150537-111174586 count=1.00
  111150559-111150675 count=2.00
  111150559-111151310 count=23.00
  111150562-111151310 count=1.00
  111150706-111151310 count=2.00
  111150804-111151310 count=2.00
  111151395-111151979 count=25.00
  111151410-111151979 count=3.00
  111152094-111152550 count=1.00
  111152127-111152546 count=1.00
  111152127-111152550 count=22.00
  111152646-111153318 count=1.00
  111152646-111153380 count=16.00
  111153508-111154667 count=26.00
  111153535-111154667 count=1.00
  111154728-111174047 count=26.00
  111174127-111174393 count=24.00
  111174426-111174518 count=23.00
  111174627-111174746 count=1.00
  111174642-111175478 count=7.00
[DEBUG_JUNCTIONS] region_merge_del: 26 junctions
  111149065-111150431 count=7.00
  111149171-111149277 count=1.00
  111149171-111150204 count=1.00
  111149171-111150431 count=20.00
  111149460-111150206 count=1.00
  111150303-111150431 count=2.00
  111150537-111174586 count=1.00
  111150559-111150675 count=2.00
  111150559-111151310 count=23.00
  111150562-111151310 count=1.00
  111150706-111151310 count=2.00
  111150804-111151310 count=2.00
  111151395-111151979 count=25.00
  111151410-111151979 count=3.00
  111152094-111152550 count=1.00
  111152127-111152546 count=1.00
  111152127-111152550 count=22.00
  111152646-111153318 count=1.00
  111152646-111153380 count=16.00
  111153508-111154667 count=26.00
  111153535-111154667 count=1.00
  111154728-111174047 count=26.00
  111174127-111174393 count=24.00
  111174426-111174518 count=23.00
  111174627-111174746 count=1.00
  111174642-111175478 count=7.00
[DEBUG_JUNCTIONS] region_merge_initial_jstats: 26 junctions (killed=0)
  111149065-111150431 mrcount=7.00 good=7.00 nm=7.00 mm=7.00 rcount=0 strand=Some(-1) lsup=7.00 rsup=7.00 guide_match=false
  111149171-111149277 mrcount=1.00 good=1.00 nm=1.00 mm=1.00 rcount=0 strand=Some(-1) lsup=1.00 rsup=1.00 guide_match=false
  111149171-111150204 mrcount=1.00 good=1.00 nm=1.00 mm=1.00 rcount=0 strand=Some(-1) lsup=1.00 rsup=1.00 guide_match=false
  111149171-111150431 mrcount=20.00 good=20.00 nm=20.00 mm=20.00 rcount=0 strand=Some(-1) lsup=20.00 rsup=20.00 guide_match=false
  111149460-111150206 mrcount=1.00 good=1.00 nm=1.00 mm=1.00 rcount=0 strand=Some(-1) lsup=1.00 rsup=1.00 guide_match=false
  111150303-111150431 mrcount=2.00 good=2.00 nm=2.00 mm=2.00 rcount=0 strand=Some(-1) lsup=2.00 rsup=2.00 guide_match=false
  111150537-111174586 mrcount=1.00 good=1.00 nm=1.00 mm=1.00 rcount=0 strand=Some(-1) lsup=1.00 rsup=1.00 guide_match=false
  111150559-111150675 mrcount=2.00 good=2.00 nm=2.00 mm=2.00 rcount=0 strand=Some(-1) lsup=2.00 rsup=2.00 guide_match=false
  111150559-111151310 mrcount=23.00 good=23.00 nm=23.00 mm=23.00 rcount=0 strand=Some(-1) lsup=23.00 rsup=23.00 guide_match=false
  111150562-111151310 mrcount=1.00 good=1.00 nm=1.00 mm=1.00 rcount=0 strand=Some(-1) lsup=1.00 rsup=1.00 guide_match=false
  111150706-111151310 mrcount=2.00 good=2.00 nm=2.00 mm=2.00 rcount=0 strand=Some(-1) lsup=2.00 rsup=2.00 guide_match=false
  111150804-111151310 mrcount=2.00 good=2.00 nm=2.00 mm=2.00 rcount=0 strand=Some(-1) lsup=2.00 rsup=2.00 guide_match=false
  111151395-111151979 mrcount=25.00 good=25.00 nm=25.00 mm=25.00 rcount=0 strand=Some(-1) lsup=25.00 rsup=25.00 guide_match=false
  111151410-111151979 mrcount=3.00 good=3.00 nm=3.00 mm=3.00 rcount=0 strand=Some(-1) lsup=3.00 rsup=3.00 guide_match=false
  111152094-111152550 mrcount=1.00 good=1.00 nm=1.00 mm=1.00 rcount=0 strand=Some(-1) lsup=1.00 rsup=1.00 guide_match=false
  111152127-111152546 mrcount=1.00 good=1.00 nm=1.00 mm=1.00 rcount=0 strand=Some(-1) lsup=1.00 rsup=1.00 guide_match=false
  111152127-111152550 mrcount=22.00 good=22.00 nm=22.00 mm=22.00 rcount=0 strand=Some(-1) lsup=22.00 rsup=22.00 guide_match=false
  111152646-111153318 mrcount=1.00 good=1.00 nm=1.00 mm=1.00 rcount=0 strand=Some(-1) lsup=1.00 rsup=1.00 guide_match=false
  111152646-111153380 mrcount=16.00 good=16.00 nm=16.00 mm=16.00 rcount=0 strand=Some(-1) lsup=16.00 rsup=16.00 guide_match=false
  111153508-111154667 mrcount=26.00 good=26.00 nm=26.00 mm=26.00 rcount=0 strand=Some(-1) lsup=26.00 rsup=26.00 guide_match=false
  111153535-111154667 mrcount=1.00 good=1.00 nm=1.00 mm=1.00 rcount=0 strand=Some(-1) lsup=1.00 rsup=1.00 guide_match=false
  111154728-111174047 mrcount=26.00 good=26.00 nm=26.00 mm=26.00 rcount=0 strand=Some(-1) lsup=26.00 rsup=26.00 guide_match=false
  111174127-111174393 mrcount=24.00 good=24.00 nm=24.00 mm=24.00 rcount=0 strand=Some(-1) lsup=24.00 rsup=24.00 guide_match=false
  111174426-111174518 mrcount=23.00 good=23.00 nm=23.00 mm=23.00 rcount=0 strand=Some(-1) lsup=23.00 rsup=23.00 guide_match=false
  111174627-111174746 mrcount=1.00 good=1.00 nm=1.00 mm=0.00 rcount=0 strand=Some(-1) lsup=1.00 rsup=1.00 guide_match=false
  111174642-111175478 mrcount=7.00 good=7.00 nm=7.00 mm=7.00 rcount=0 strand=Some(-1) lsup=7.00 rsup=7.00 guide_match=false
[EARLY_DEBUG] region_merge NC_073243.2:111176999-111178404 contributing_bundles=1 merged_reads=1 merged_jstats=0
[DEBUG_JUNCTIONS] region_merge_raw: 0 junctions
[DEBUG_JUNCTIONS] region_merge_del: 0 junctions
[DEBUG_JUNCTIONS] region_merge_initial_jstats: 0 junctions (killed=0)
[TRACE_MAPTRF] raw=[1] raw_span=111176999-111178405 trimmed=[1] trimmed_span=111176999-111178405 ref=111176999-111178405 is_long=true poly=false/false orphan=false
[TRACE_MAPTRF] raw=[1, 2, 4, 8, 9, 11, 13, 15, 16, 18, 19, 20] raw_span=111148296-111174799 trimmed=[1, 2, 4, 8, 9, 11, 13, 15, 16, 18, 19, 20] trimmed_span=111148296-111174799 ref=111148296-111174799 is_long=true poly=false/false orphan=false
[TRACE_MAPTRF] create_new key=[1, 2, 4, 8, 9, 11, 13, 15, 16, 18, 19, 20] add=1.000 ref=111148296-111174799
[TRACE_MAPTRF] create_new key=[1] add=1.000 ref=111176999-111178405
[TRACE_MAPTRF] raw=[1, 2, 4, 8, 9, 11, 13, 15, 16, 18, 19, 20] raw_span=111148296-111174799 trimmed=[1, 2, 4, 8, 9, 11, 13, 15, 16, 18, 19, 20] trimmed_span=111148296-111174799 ref=111148296-111174799 is_long=true poly=false/false orphan=false
[TRACE_MAPTRF] update_existing idx=0 key=[1, 2, 4, 8, 9, 11, 13, 15, 16, 18, 19, 20] old_abund=1.000 old_srabund=0.000 add=1.000
[TRACE_MAPTRF] raw=[1, 4, 8, 9, 11, 13, 15, 16, 18] raw_span=111148296-111174426 trimmed=[1, 4, 8, 9, 11, 13, 15, 16, 18] trimmed_span=111148296-111174426 ref=111148299-111174427 is_long=true poly=false/false orphan=false
[TRACE_MAPTRF] create_new key=[1, 4, 8, 9, 11, 13, 15, 16, 18] add=1.000 ref=111148299-111174427
[TRACE_RAWTRF] idx=0 span=111176999-111178405 nodes=1 abund=1.000 srabund=0.000 guide=false longstart=111176999 longend=111178405 hard=false/false src_touch=false sink_touch=false real=false
[TRACE_RAWTRF_NODES] idx=0 [1]
[TRACE_RAWTRF] idx=1 span=0-111178405 nodes=2 abund=1.000 srabund=0.000 guide=false longstart=0 longend=0 hard=false/false src_touch=true sink_touch=false real=false
[TRACE_RAWTRF_NODES] idx=1 [0, 1]
[TRACE_RAWTRF] idx=2 span=111176999-0 nodes=2 abund=1.000 srabund=0.000 guide=false longstart=0 longend=0 hard=false/false src_touch=false sink_touch=true real=false
[TRACE_RAWTRF_NODES] idx=2 [1, 2]
[TRACE_MAPTRF] raw=[1, 4, 8, 9, 11, 12, 13] raw_span=111148296-111153508 trimmed=[1, 4, 8, 9, 11, 12, 13] trimmed_span=111148296-111153508 ref=111148300-111153393 is_long=true poly=false/false orphan=false
[TRACE_MAPTRF] create_new key=[1, 4, 8, 9, 11, 12, 13] add=1.000 ref=111148300-111153393
[TRACE_SEEDMERGE] keeptrf_add=2 span=111176999-111178405 nodes=1 abund=1.000 complete=true novel_splice_rescue=false
[TRACE_SRCSINK_PRE] node=1(111176999-111178405) rep=2 addsource=1.000 addsink=1.000 hardstart=false hardend=false hassource=Some(0) hassink=Some(1) keepsource=true keepsink=true parents=[0] children=[2]
[TRACE_SRCSINK_POST] source_trfs=0:0-111178405 nodes=[0, 1] abund=1.000 long=true
[TRACE_SRCSINK_POST] sink_trfs=
[TRACE_KEEPTRF] rep=2 usepath=0 seed=true span=111176999-111178405 nodes=1 origin=read_map group=[] origin_mix=[read_map:1]
[TRACE_PAT_TF] stage=keeptrf.rep_pattern tf=2 pivot=1 coord=111176999-111178405 pop=1 group=0 longstart=111176999 longend=111178405
[TRACE_PAT_TF]   child=2 coord=0-0 edge_bit=false child_bit=false sink=true
[TRACE_MAPTRF] raw=[1, 4, 6, 7, 8, 9, 11, 13, 15] raw_span=111148296-111154728 trimmed=[1, 4, 6, 7, 8, 9, 11, 13, 15] trimmed_span=111148296-111154728 ref=111148300-111154714 is_long=true poly=false/false orphan=false
[TRACE_MAPTRF] create_new key=[1, 4, 6, 7, 8, 9, 11, 13, 15] add=1.000 ref=111148300-111154714
PATH_frag_pattern: read[5] SPLIT_BADJUNC at_j=5 junc_i=3 upstream_nodes= 1(111148296-111149065) 2(111149065-111149171) 4(111150431-111150559) 8(111151310-111151395) 9(111151979-111152127) | restart_node=11(111152550-111152646) junc=111152094-111152550 node_prev_end=111152127 node_cur_start=111152550 killed=1
[TRACE_EARLY] idx=2 abund=1.0 nodes=1 seed=true weak=0 skip=pass span=111176999-111178405
[TRACE_MAPTRF] raw=[1, 2, 4, 8, 9] raw_span=111148296-111152127 trimmed=[1, 2, 4, 8, 9] trimmed_span=111148296-111152127 ref=111148300-111174327 is_long=true poly=false/false orphan=false
[TRACE_MAPTRF] create_new key=[1, 2, 4, 8, 9] add=1.000 ref=111148300-111174327
[TRACE_MAPTRF] raw=[11, 13, 15, 16, 17] raw_span=111152550-111174337 trimmed=[11, 13, 15, 16, 17] trimmed_span=111152550-111174337 ref=111148300-111174327 is_long=true poly=false/false orphan=true
[TRACE_MAPTRF] create_new key=[11, 13, 15, 16, 17] add=1.000 ref=111148300-111174327
[TRACE_MAPTRF] raw=[1, 2, 4, 8, 9, 11, 13, 15, 16, 17] raw_span=111148296-111174337 trimmed=[1, 2, 4, 8, 9, 11, 13, 15, 16, 17] trimmed_span=111148296-111174337 ref=111148300-111174337 is_long=true poly=false/false orphan=false
[TRACE_MAPTRF] create_new key=[1, 2, 4, 8, 9, 11, 13, 15, 16, 17] add=1.000 ref=111148300-111174337
PATH_frag_pattern: read[7] SPLIT_BADJUNC at_j=8 junc_i=5 upstream_nodes= 1(111148296-111149065) 2(111149065-111149171) 4(111150431-111150559) 8(111151310-111151395) 9(111151979-111152127) 11(111152550-111152646) 13(111153380-111153508) 14(111153508-111153535) | restart_node=15(111154667-111154728) junc=111153535-111154667 node_prev_end=111153535 node_cur_start=111154667 killed=1
[TRACE_MAPTRF] raw=[1, 2, 4, 8, 9, 11, 13, 14] raw_span=111148296-111153535 trimmed=[1, 2, 4, 8, 9, 11, 13, 14] trimmed_span=111148296-111153535 ref=111148300-111174567 is_long=true poly=false/false orphan=false
[TRACE_MAPTRF] create_new key=[1, 2, 4, 8, 9, 11, 13, 14] add=1.000 ref=111148300-111174567
[TRACE_MAPTRF] raw=[15, 16, 18, 19] raw_span=111154667-111174642 trimmed=[15, 16, 18, 19] trimmed_span=111154667-111174642 ref=111148300-111174567 is_long=true poly=false/false orphan=true
[TRACE_MAPTRF] create_new key=[15, 16, 18, 19] add=1.000 ref=111148300-111174567
[TRACE_MAPTRF] raw=[1, 2, 4, 8, 9, 10, 11, 12, 13, 15, 16, 18, 19, 20] raw_span=111148296-111174799 trimmed=[1, 2, 4, 8, 9, 10, 11, 12, 13, 15, 16, 18, 19, 20] trimmed_span=111148296-111174799 ref=111148300-111174771 is_long=true poly=false/false orphan=false
[TRACE_MAPTRF] create_new key=[1, 2, 4, 8, 9, 10, 11, 12, 13, 15, 16, 18, 19, 20] add=1.000 ref=111148300-111174771
[TRACE_MAPTRF] raw=[1, 4, 8, 9, 11, 13, 15, 16, 18, 19, 20] raw_span=111148296-111174799 trimmed=[1, 4, 8, 9, 11, 13, 15, 16, 18, 19, 20] trimmed_span=111148296-111174799 ref=111148300-111174791 is_long=true poly=false/false orphan=false
[TRACE_MAPTRF] create_new key=[1, 4, 8, 9, 11, 13, 15, 16, 18, 19, 20] add=1.000 ref=111148300-111174791
[TRACE_MAPTRF] raw=[1, 2, 4, 8, 9, 11, 12, 13, 15, 16, 18, 19, 20] raw_span=111148296-111174799 trimmed=[1, 2, 4, 8, 9, 11, 12, 13, 15, 16, 18, 19, 20] trimmed_span=111148296-111174799 ref=111148300-111174797 is_long=true poly=false/false orphan=false
[TRACE_MAPTRF] create_new key=[1, 2, 4, 8, 9, 11, 12, 13, 15, 16, 18, 19, 20] add=1.000 ref=111148300-111174797
[TRACE_MAPTRF] raw=[1, 4, 8, 9, 10, 11, 12, 13, 15, 16, 18, 19, 20] raw_span=111148296-111174799 trimmed=[1, 4, 8, 9, 10, 11, 12, 13, 15, 16, 18, 19, 20] trimmed_span=111148296-111174799 ref=111148300-111174799 is_long=true poly=false/false orphan=false
[TRACE_MAPTRF] create_new key=[1, 4, 8, 9, 10, 11, 12, 13, 15, 16, 18, 19, 20] add=1.000 ref=111148300-111174799
[TRACE_MAPTRF] raw=[1, 2, 4, 8, 9, 11, 12, 13, 15, 16, 18, 19, 20] raw_span=111148296-111174799 trimmed=[1, 2, 4, 8, 9, 11, 12, 13, 15, 16, 18, 19, 20] trimmed_span=111148296-111174799 ref=111148300-111174799 is_long=true poly=false/false orphan=false
[TRACE_MAPTRF] update_existing idx=11 key=[1, 2, 4, 8, 9, 11, 12, 13, 15, 16, 18, 19, 20] old_abund=1.000 old_srabund=0.000 add=2.000
[TRACE_MAPTRF] raw=[1, 2, 4, 5, 6, 8, 9, 10, 11, 12, 13, 15, 16, 18, 19, 20] raw_span=111148296-111174799 trimmed=[1, 2, 4, 5, 6, 8, 9, 10, 11, 12, 13, 15, 16, 18, 19, 20] trimmed_span=111148296-111174799 ref=111148300-111174799 is_long=true poly=false/false orphan=false
[TRACE_MAPTRF] create_new key=[1, 2, 4, 5, 6, 8, 9, 10, 11, 12, 13, 15, 16, 18, 19, 20] add=1.000 ref=111148300-111174799
[TRACE_MAPTRF] raw=[1, 2, 4, 8, 9, 11, 13, 15, 16, 18, 19, 20] raw_span=111148296-111174799 trimmed=[1, 2, 4, 8, 9, 11, 13, 15, 16, 18, 19, 20] trimmed_span=111148296-111174799 ref=111148300-111174799 is_long=true poly=false/false orphan=false
[TRACE_MAPTRF] update_existing idx=0 key=[1, 2, 4, 8, 9, 11, 13, 15, 16, 18, 19, 20] old_abund=2.000 old_srabund=0.000 add=2.000
[TRACE_MAPTRF] raw=[1, 2, 4, 6, 7, 8, 9, 11, 13, 15, 16, 18, 19, 20] raw_span=111148296-111174799 trimmed=[1, 2, 4, 6, 7, 8, 9, 11, 13, 15, 16, 18, 19, 20] trimmed_span=111148296-111174799 ref=111148300-111174799 is_long=true poly=false/false orphan=false
[TRACE_MAPTRF] create_new key=[1, 2, 4, 6, 7, 8, 9, 11, 13, 15, 16, 18, 19, 20] add=1.000 ref=111148300-111174799
[TRACE_MAPTRF] raw=[1, 4, 8, 9, 11, 13, 15, 16, 18, 19, 20] raw_span=111148296-111174799 trimmed=[1, 4, 8, 9, 11, 13, 15, 16, 18, 19, 20] trimmed_span=111148296-111174799 ref=111148300-111174799 is_long=true poly=false/false orphan=false
[TRACE_MAPTRF] update_existing idx=10 key=[1, 4, 8, 9, 11, 13, 15, 16, 18, 19, 20] old_abund=1.000 old_srabund=0.000 add=1.000
[TRACE_MAPTRF] raw=[1, 2, 3, 4, 8, 9, 11, 13, 15, 16, 18, 19, 20] raw_span=111148296-111174799 trimmed=[1, 2, 3, 4, 8, 9, 11, 13, 15, 16, 18, 19, 20] trimmed_span=111148296-111174799 ref=111148300-111174799 is_long=true poly=false/false orphan=false
[TRACE_MAPTRF] create_new key=[1, 2, 3, 4, 8, 9, 11, 13, 15, 16, 18, 19, 20] add=1.000 ref=111148300-111174799
[TRACE_MAPTRF] raw=[1, 4, 8, 9, 11, 12, 13, 15, 16, 18, 19, 21] raw_span=111148296-111175575 trimmed=[1, 4, 8, 9, 11, 12, 13, 15, 16, 18, 19, 21] trimmed_span=111148296-111175575 ref=111148300-111175556 is_long=true poly=false/false orphan=false
[TRACE_MAPTRF] create_new key=[1, 4, 8, 9, 11, 12, 13, 15, 16, 18, 19, 21] add=1.000 ref=111148300-111175556
PATH_frag_pattern: read[19] SPLIT_BADJUNC at_j=3 junc_i=1 upstream_nodes= 1(111148296-111149065) 2(111149065-111149171) 4(111150431-111150559) | restart_node=19(111174518-111174642) junc=111150559-111174586 node_prev_end=111150559 node_cur_start=111174518 killed=0
[TRACE_MAPTRF] raw=[1, 2, 4] raw_span=111148296-111150559 trimmed=[1, 2, 4] trimmed_span=111148296-111150559 ref=111148300-111175558 is_long=true poly=false/false orphan=false
[TRACE_MAPTRF] create_new key=[1, 2, 4] add=1.000 ref=111148300-111175558
[TRACE_MAPTRF] raw=[19, 21] raw_span=111174518-111175575 trimmed=[19, 21] trimmed_span=111174518-111175575 ref=111148300-111175558 is_long=true poly=false/false orphan=false
[TRACE_MAPTRF] create_new key=[19, 21] add=1.000 ref=111148300-111175558
[TRACE_MAPTRF] raw=[1, 2, 4, 8, 9, 11, 13, 15, 16, 18, 19, 21] raw_span=111148296-111175575 trimmed=[1, 2, 4, 8, 9, 11, 13, 15, 16, 18, 19, 21] trimmed_span=111148296-111175575 ref=111148300-111175560 is_long=true poly=false/false orphan=false
[TRACE_MAPTRF] create_new key=[1, 2, 4, 8, 9, 11, 13, 15, 16, 18, 19, 21] add=1.000 ref=111148300-111175560
[TRACE_MAPTRF] raw=[1, 2, 4, 8, 9, 11, 12, 13, 15, 16, 18, 19, 21] raw_span=111148296-111175575 trimmed=[1, 2, 4, 8, 9, 11, 12, 13, 15, 16, 18, 19, 21] trimmed_span=111148296-111175575 ref=111148300-111175566 is_long=true poly=false/false orphan=false
[TRACE_MAPTRF] create_new key=[1, 2, 4, 8, 9, 11, 12, 13, 15, 16, 18, 19, 21] add=1.000 ref=111148300-111175566
[TRACE_MAPTRF] raw=[1, 2, 4, 5, 6, 8, 9, 11, 12, 13, 15, 16, 18, 19, 21] raw_span=111148296-111175575 trimmed=[1, 2, 4, 5, 6, 8, 9, 11, 12, 13, 15, 16, 18, 19, 21] trimmed_span=111148296-111175575 ref=111148300-111175571 is_long=true poly=false/false orphan=false
[TRACE_MAPTRF] create_new key=[1, 2, 4, 5, 6, 8, 9, 11, 12, 13, 15, 16, 18, 19, 21] add=1.000 ref=111148300-111175571
[TRACE_MAPTRF] raw=[1, 2, 4, 8, 9, 10, 11, 12, 13, 15, 16, 18, 19, 21] raw_span=111148296-111175575 trimmed=[1, 2, 4, 8, 9, 10, 11, 12, 13, 15, 16, 18, 19, 21] trimmed_span=111148296-111175575 ref=111148300-111175572 is_long=true poly=false/false orphan=false
[TRACE_MAPTRF] create_new key=[1, 2, 4, 8, 9, 10, 11, 12, 13, 15, 16, 18, 19, 21] add=1.000 ref=111148300-111175572
PATH_frag_pattern: read[24] SPLIT_BADJUNC at_j=2 junc_i=0 upstream_nodes= 1(111148296-111149065) 2(111149065-111149171) | restart_node=3(111150204-111150303) junc=111149171-111150204 node_prev_end=111149171 node_cur_start=111150204 killed=1
[TRACE_MAPTRF] raw=[1, 2] raw_span=111148296-111149171 trimmed=[1, 2] trimmed_span=111148296-111149171 ref=111148300-111175575 is_long=true poly=false/false orphan=false
[TRACE_MAPTRF] create_new key=[1, 2] add=1.000 ref=111148300-111175575
[TRACE_MAPTRF] raw=[3, 4, 8, 9, 11, 12, 13, 15, 16, 18, 19, 21] raw_span=111150204-111175575 trimmed=[3, 4, 8, 9, 11, 12, 13, 15, 16, 18, 19, 21] trimmed_span=111150204-111175575 ref=111148300-111175575 is_long=true poly=false/false orphan=true
[TRACE_MAPTRF] create_new key=[3, 4, 8, 9, 11, 12, 13, 15, 16, 18, 19, 21] add=1.000 ref=111148300-111175575
[TRACE_MAPTRF] raw=[1, 2, 4, 8, 9, 11, 13, 15, 16, 18, 19, 20] raw_span=111148296-111174799 trimmed=[1, 2, 4, 8, 9, 11, 13, 15, 16, 18, 19, 20] trimmed_span=111148296-111174799 ref=111148301-111174799 is_long=true poly=false/false orphan=false
[TRACE_MAPTRF] update_existing idx=0 key=[1, 2, 4, 8, 9, 11, 13, 15, 16, 18, 19, 20] old_abund=4.000 old_srabund=0.000 add=1.000
[TRACE_MAPTRF] raw=[1, 2, 4, 8, 9, 11, 13, 15, 16, 18, 19, 20] raw_span=111148296-111174799 trimmed=[1, 2, 4, 8, 9, 11, 13, 15, 16, 18, 19, 20] trimmed_span=111148296-111174799 ref=111148307-111174799 is_long=true poly=false/false orphan=false
[TRACE_MAPTRF] update_existing idx=0 key=[1, 2, 4, 8, 9, 11, 13, 15, 16, 18, 19, 20] old_abund=5.000 old_srabund=0.000 add=1.000
[TRACE_RAWTRF] idx=0 span=111148296-111174799 nodes=12 abund=6.000 srabund=0.000 guide=false longstart=111148296 longend=111174799 hard=false/false src_touch=false sink_touch=false real=false
[TRACE_RAWTRF_NODES] idx=0 [1, 2, 4, 8, 9, 11, 13, 15, 16, 18, 19, 20]
[TRACE_RAWTRF] idx=1 span=111148296-111174426 nodes=9 abund=1.000 srabund=0.000 guide=false longstart=111148299 longend=0 hard=false/false src_touch=false sink_touch=false real=false
[TRACE_RAWTRF_NODES] idx=1 [1, 4, 8, 9, 11, 13, 15, 16, 18]
[TRACE_RAWTRF] idx=2 span=111148296-111153508 nodes=7 abund=1.000 srabund=0.000 guide=false longstart=111148300 longend=111153393 hard=false/false src_touch=false sink_touch=false real=false
[TRACE_RAWTRF_NODES] idx=2 [1, 4, 8, 9, 11, 12, 13]
[TRACE_RAWTRF] idx=3 span=111148296-111154728 nodes=9 abund=1.000 srabund=0.000 guide=false longstart=111148300 longend=111154714 hard=false/false src_touch=false sink_touch=false real=false
[TRACE_RAWTRF_NODES] idx=3 [1, 4, 6, 7, 8, 9, 11, 13, 15]
[TRACE_RAWTRF] idx=4 span=111148296-111152127 nodes=5 abund=1.000 srabund=0.000 guide=false longstart=111148300 longend=0 hard=false/true src_touch=false sink_touch=false real=false
[TRACE_RAWTRF_NODES] idx=4 [1, 2, 4, 8, 9]
[TRACE_RAWTRF] idx=5 span=111152550-111174337 nodes=5 abund=1.000 srabund=0.000 guide=false longstart=0 longend=111174327 hard=false/false src_touch=false sink_touch=false real=false
[TRACE_RAWTRF_NODES] idx=5 [11, 13, 15, 16, 17]
[TRACE_RAWTRF] idx=6 span=111148296-111174337 nodes=10 abund=1.000 srabund=0.000 guide=false longstart=111148300 longend=111174337 hard=false/false src_touch=false sink_touch=false real=false
[TRACE_RAWTRF_NODES] idx=6 [1, 2, 4, 8, 9, 11, 13, 15, 16, 17]
[TRACE_RAWTRF] idx=7 span=111148296-111153535 nodes=8 abund=1.000 srabund=0.000 guide=false longstart=111148300 longend=0 hard=false/false src_touch=false sink_touch=false real=false
[TRACE_RAWTRF_NODES] idx=7 [1, 2, 4, 8, 9, 11, 13, 14]
[TRACE_RAWTRF] idx=8 span=111154667-111174642 nodes=4 abund=1.000 srabund=0.000 guide=false longstart=0 longend=111174567 hard=false/false src_touch=false sink_touch=false real=false
[TRACE_RAWTRF_NODES] idx=8 [15, 16, 18, 19]
[TRACE_RAWTRF] idx=9 span=111148296-111174799 nodes=14 abund=1.000 srabund=0.000 guide=false longstart=111148300 longend=111174771 hard=false/false src_touch=false sink_touch=false real=false
[TRACE_RAWTRF_NODES] idx=9 [1, 2, 4, 8, 9, 10, 11, 12, 13, 15, 16, 18, 19, 20]
[TRACE_RAWTRF] idx=10 span=111148296-111174799 nodes=11 abund=2.000 srabund=0.000 guide=false longstart=111148300 longend=111174799 hard=false/false src_touch=false sink_touch=false real=false
[TRACE_RAWTRF_NODES] idx=10 [1, 4, 8, 9, 11, 13, 15, 16, 18, 19, 20]
[TRACE_RAWTRF] idx=11 span=111148296-111174799 nodes=13 abund=3.000 srabund=0.000 guide=false longstart=111148300 longend=111174799 hard=false/false src_touch=false sink_touch=false real=false
[TRACE_RAWTRF_NODES] idx=11 [1, 2, 4, 8, 9, 11, 12, 13, 15, 16, 18, 19, 20]
[TRACE_RAWTRF] idx=12 span=111148296-111174799 nodes=13 abund=1.000 srabund=0.000 guide=false longstart=111148300 longend=111174799 hard=false/false src_touch=false sink_touch=false real=false
[TRACE_RAWTRF_NODES] idx=12 [1, 4, 8, 9, 10, 11, 12, 13, 15, 16, 18, 19, 20]
[TRACE_RAWTRF] idx=13 span=111148296-111174799 nodes=16 abund=1.000 srabund=0.000 guide=false longstart=111148300 longend=111174799 hard=false/false src_touch=false sink_touch=false real=false
[TRACE_RAWTRF_NODES] idx=13 [1, 2, 4, 5, 6, 8, 9, 10, 11, 12, 13, 15, 16, 18, 19, 20]
[TRACE_RAWTRF] idx=14 span=111148296-111174799 nodes=14 abund=1.000 srabund=0.000 guide=false longstart=111148300 longend=111174799 hard=false/false src_touch=false sink_touch=false real=false
[TRACE_RAWTRF_NODES] idx=14 [1, 2, 4, 6, 7, 8, 9, 11, 13, 15, 16, 18, 19, 20]
[TRACE_RAWTRF] idx=15 span=111148296-111174799 nodes=13 abund=1.000 srabund=0.000 guide=false longstart=111148300 longend=111174799 hard=false/false src_touch=false sink_touch=false real=false
[TRACE_RAWTRF_NODES] idx=15 [1, 2, 3, 4, 8, 9, 11, 13, 15, 16, 18, 19, 20]
[TRACE_RAWTRF] idx=16 span=111148296-111175575 nodes=12 abund=1.000 srabund=0.000 guide=false longstart=111148300 longend=111175556 hard=false/false src_touch=false sink_touch=false real=false
[TRACE_RAWTRF_NODES] idx=16 [1, 4, 8, 9, 11, 12, 13, 15, 16, 18, 19, 21]
[TRACE_RAWTRF] idx=17 span=111148296-111150559 nodes=3 abund=1.000 srabund=0.000 guide=false longstart=111148300 longend=0 hard=false/true src_touch=false sink_touch=false real=false
[TRACE_RAWTRF_NODES] idx=17 [1, 2, 4]
[TRACE_RAWTRF] idx=18 span=111174518-111175575 nodes=2 abund=1.000 srabund=0.000 guide=false longstart=0 longend=111175558 hard=false/false src_touch=false sink_touch=false real=false
[TRACE_RAWTRF_NODES] idx=18 [19, 21]
[TRACE_RAWTRF] idx=19 span=111148296-111175575 nodes=12 abund=1.000 srabund=0.000 guide=false longstart=111148300 longend=111175560 hard=false/false src_touch=false sink_touch=false real=false
[TRACE_RAWTRF_NODES] idx=19 [1, 2, 4, 8, 9, 11, 13, 15, 16, 18, 19, 21]
[TRACE_RAWTRF] idx=20 span=111148296-111175575 nodes=13 abund=1.000 srabund=0.000 guide=false longstart=111148300 longend=111175566 hard=false/false src_touch=false sink_touch=false real=false
[TRACE_RAWTRF_NODES] idx=20 [1, 2, 4, 8, 9, 11, 12, 13, 15, 16, 18, 19, 21]
[TRACE_RAWTRF] idx=21 span=111148296-111175575 nodes=15 abund=1.000 srabund=0.000 guide=false longstart=111148300 longend=111175571 hard=false/false src_touch=false sink_touch=false real=false
[TRACE_RAWTRF_NODES] idx=21 [1, 2, 4, 5, 6, 8, 9, 11, 12, 13, 15, 16, 18, 19, 21]
[TRACE_RAWTRF] idx=22 span=111148296-111175575 nodes=14 abund=1.000 srabund=0.000 guide=false longstart=111148300 longend=111175572 hard=false/false src_touch=false sink_touch=false real=false
[TRACE_RAWTRF_NODES] idx=22 [1, 2, 4, 8, 9, 10, 11, 12, 13, 15, 16, 18, 19, 21]
[TRACE_RAWTRF] idx=23 span=111148296-111149171 nodes=2 abund=1.000 srabund=0.000 guide=false longstart=111148300 longend=0 hard=false/false src_touch=false sink_touch=false real=false
[TRACE_RAWTRF_NODES] idx=23 [1, 2]
[TRACE_RAWTRF] idx=24 span=111150204-111175575 nodes=12 abund=1.000 srabund=0.000 guide=false longstart=0 longend=111175575 hard=false/false src_touch=false sink_touch=false real=false
[TRACE_RAWTRF_NODES] idx=24 [3, 4, 8, 9, 11, 12, 13, 15, 16, 18, 19, 21]
[TRACE_RAWTRF] idx=25 span=0-111149065 nodes=2 abund=1.000 srabund=0.000 guide=false longstart=0 longend=0 hard=false/false src_touch=true sink_touch=false real=false
[TRACE_RAWTRF_NODES] idx=25 [0, 1]
[TRACE_RAWTRF] idx=26 span=0-111150303 nodes=2 abund=1.000 srabund=0.000 guide=false longstart=0 longend=0 hard=false/false src_touch=true sink_touch=false real=false
[TRACE_RAWTRF_NODES] idx=26 [0, 3]
[TRACE_RAWTRF] idx=27 span=111153508-0 nodes=2 abund=1.000 srabund=0.000 guide=false longstart=0 longend=0 hard=false/false src_touch=false sink_touch=true real=false
[TRACE_RAWTRF_NODES] idx=27 [14, 22]
[TRACE_RAWTRF] idx=28 span=111174127-0 nodes=2 abund=1.000 srabund=0.000 guide=false longstart=0 longend=0 hard=false/false src_touch=false sink_touch=true real=false
[TRACE_RAWTRF_NODES] idx=28 [17, 22]
[TRACE_RAWTRF] idx=29 span=111174642-0 nodes=2 abund=1.000 srabund=0.000 guide=false longstart=0 longend=0 hard=false/false src_touch=false sink_touch=true real=false
[TRACE_RAWTRF_NODES] idx=29 [20, 22]
[TRACE_RAWTRF] idx=30 span=111175478-0 nodes=2 abund=1.000 srabund=0.000 guide=false longstart=0 longend=0 hard=false/false src_touch=false sink_touch=true real=false
[TRACE_RAWTRF_NODES] idx=30 [21, 22]
[TRACE_SEEDMERGE] keeptrf_add=0 span=111148296-111174799 nodes=12 abund=6.000 complete=true novel_splice_rescue=false
[TRACE_SEEDMERGE] cand=1 span=111148296-111174799 nodes=13 abund=3.000 vs kept=0 span=111148296-111174799 nodes=12 abund=6.000 ret=0 site=S14_GAP_FILLED lens=[0,9223372036854775806,0,9223372036854775806] guide_pair=false/false hard=true/true kept_hard=true/true
[TRACE_SEEDMERGE] keeptrf_add=1 span=111148296-111174799 nodes=13 abund=3.000 complete=true novel_splice_rescue=false
[TRACE_SEEDMERGE] cand=2 span=111148296-111174799 nodes=11 abund=2.000 vs kept=0 span=111148296-111174799 nodes=12 abund=6.000 ret=0 site=S15_HARD_EDGE_BOTH lens=[0,9223372036854775806,0,9223372036854775806] guide_pair=false/false hard=true/true kept_hard=true/true
[TRACE_SEEDMERGE] cand=2 span=111148296-111174799 nodes=11 abund=2.000 vs kept=1 span=111148296-111174799 nodes=13 abund=3.000 ret=0 site=S15_HARD_EDGE_BOTH lens=[0,9223372036854775806,0,9223372036854775806] guide_pair=false/false hard=true/true kept_hard=true/true
[TRACE_SEEDMERGE] keeptrf_add=2 span=111148296-111174799 nodes=11 abund=2.000 complete=true novel_splice_rescue=false
[TRACE_SEEDMERGE] cand=3 span=111148296-111174799 nodes=16 abund=1.000 vs kept=0 span=111148296-111174799 nodes=12 abund=6.000 ret=0 site=S15_HARD_EDGE_BOTH lens=[0,9223372036854775806,0,9223372036854775806] guide_pair=false/false hard=true/true kept_hard=true/true
[TRACE_SEEDMERGE] cand=3 span=111148296-111174799 nodes=16 abund=1.000 vs kept=1 span=111148296-111174799 nodes=13 abund=3.000 ret=0 site=S15_HARD_EDGE_BOTH lens=[0,9223372036854775806,0,9223372036854775806] guide_pair=false/false hard=true/true kept_hard=true/true
[TRACE_SEEDMERGE] cand=3 span=111148296-111174799 nodes=16 abund=1.000 vs kept=2 span=111148296-111174799 nodes=11 abund=2.000 ret=0 site=S15_HARD_EDGE_BOTH lens=[0,9223372036854775806,0,9223372036854775806] guide_pair=false/false hard=true/true kept_hard=true/true
[TRACE_SEEDMERGE] keeptrf_add=3 span=111148296-111174799 nodes=16 abund=1.000 complete=true novel_splice_rescue=false
[TRACE_SEEDMERGE] cand=4 span=111148296-111175575 nodes=15 abund=1.000 vs kept=0 span=111148296-111174799 nodes=12 abund=6.000 ret=0 site=S15_HARD_EDGE_BOTH lens=[0,9223372036854775806,0,9223372036854775806] guide_pair=false/false hard=true/true kept_hard=true/true
[TRACE_SEEDMERGE] cand=4 span=111148296-111175575 nodes=15 abund=1.000 vs kept=1 span=111148296-111174799 nodes=13 abund=3.000 ret=0 site=S15_HARD_EDGE_BOTH lens=[0,9223372036854775806,0,9223372036854775806] guide_pair=false/false hard=true/true kept_hard=true/true
[TRACE_SEEDMERGE] cand=4 span=111148296-111175575 nodes=15 abund=1.000 vs kept=2 span=111148296-111174799 nodes=11 abund=2.000 ret=0 site=S15_HARD_EDGE_BOTH lens=[0,9223372036854775806,0,9223372036854775806] guide_pair=false/false hard=true/true kept_hard=true/true
[TRACE_SEEDMERGE] cand=4 span=111148296-111175575 nodes=15 abund=1.000 vs kept=3 span=111148296-111174799 nodes=16 abund=1.000 ret=0 site=S14_GAP_FILLED lens=[0,9223372036854775806,0,9223372036854775806] guide_pair=false/false hard=true/true kept_hard=true/true
[TRACE_SEEDMERGE] keeptrf_add=4 span=111148296-111175575 nodes=15 abund=1.000 complete=true novel_splice_rescue=false
[TRACE_SEEDMERGE] cand=5 span=111148296-111174799 nodes=14 abund=1.000 vs kept=0 span=111148296-111174799 nodes=12 abund=6.000 ret=0 site=S14_GAP_FILLED lens=[0,9223372036854775806,0,9223372036854775806] guide_pair=false/false hard=true/true kept_hard=true/true
[TRACE_SEEDMERGE] cand=5 span=111148296-111174799 nodes=14 abund=1.000 vs kept=1 span=111148296-111174799 nodes=13 abund=3.000 ret=0 site=S14_GAP_FILLED lens=[0,9223372036854775806,0,9223372036854775806] guide_pair=false/false hard=true/true kept_hard=true/true
[TRACE_SEEDMERGE] cand=5 span=111148296-111174799 nodes=14 abund=1.000 vs kept=2 span=111148296-111174799 nodes=11 abund=2.000 ret=0 site=S15_HARD_EDGE_BOTH lens=[0,9223372036854775806,0,9223372036854775806] guide_pair=false/false hard=true/true kept_hard=true/true
[TRACE_SEEDMERGE] cand=5 span=111148296-111174799 nodes=14 abund=1.000 vs kept=3 span=111148296-111174799 nodes=16 abund=1.000 ret=0 site=S15_HARD_EDGE_BOTH lens=[0,9223372036854775806,0,9223372036854775806] guide_pair=false/false hard=true/true kept_hard=true/true
[TRACE_SEEDMERGE] cand=5 span=111148296-111174799 nodes=14 abund=1.000 vs kept=4 span=111148296-111175575 nodes=15 abund=1.000 ret=0 site=S15_HARD_EDGE_BOTH lens=[0,9223372036854775806,0,9223372036854775806] guide_pair=false/false hard=true/true kept_hard=true/true
[TRACE_SEEDMERGE] keeptrf_add=5 span=111148296-111174799 nodes=14 abund=1.000 complete=true novel_splice_rescue=false
[TRACE_SEEDMERGE] cand=6 span=111148296-111174799 nodes=14 abund=1.000 vs kept=0 span=111148296-111174799 nodes=12 abund=6.000 ret=0 site=S15_HARD_EDGE_BOTH lens=[0,9223372036854775806,0,9223372036854775806] guide_pair=false/false hard=true/true kept_hard=true/true
[TRACE_SEEDMERGE] cand=6 span=111148296-111174799 nodes=14 abund=1.000 vs kept=1 span=111148296-111174799 nodes=13 abund=3.000 ret=0 site=S15_HARD_EDGE_BOTH lens=[0,9223372036854775806,0,9223372036854775806] guide_pair=false/false hard=true/true kept_hard=true/true
[TRACE_SEEDMERGE] cand=6 span=111148296-111174799 nodes=14 abund=1.000 vs kept=2 span=111148296-111174799 nodes=11 abund=2.000 ret=0 site=S15_HARD_EDGE_BOTH lens=[0,9223372036854775806,0,9223372036854775806] guide_pair=false/false hard=true/true kept_hard=true/true
[TRACE_SEEDMERGE] cand=6 span=111148296-111174799 nodes=14 abund=1.000 vs kept=3 span=111148296-111174799 nodes=16 abund=1.000 ret=0 site=S14_GAP_FILLED lens=[0,9223372036854775806,0,9223372036854775806] guide_pair=false/false hard=true/true kept_hard=true/true
[TRACE_SEEDMERGE] cand=6 span=111148296-111174799 nodes=14 abund=1.000 vs kept=4 span=111148296-111175575 nodes=15 abund=1.000 ret=0 site=S14_GAP_FILLED lens=[0,9223372036854775806,0,9223372036854775806] guide_pair=false/false hard=true/true kept_hard=true/true
[TRACE_SEEDMERGE] cand=6 span=111148296-111174799 nodes=14 abund=1.000 vs kept=5 span=111148296-111174799 nodes=14 abund=1.000 ret=0 site=S15_HARD_EDGE_BOTH lens=[0,9223372036854775806,0,9223372036854775806] guide_pair=false/false hard=true/true kept_hard=true/true
[TRACE_SEEDMERGE] keeptrf_add=6 span=111148296-111174799 nodes=14 abund=1.000 complete=true novel_splice_rescue=false
[TRACE_SEEDMERGE] cand=7 span=111148296-111175575 nodes=14 abund=1.000 vs kept=0 span=111148296-111174799 nodes=12 abund=6.000 ret=0 site=S14_GAP_FILLED lens=[0,9223372036854775806,0,9223372036854775806] guide_pair=false/false hard=true/true kept_hard=true/true
[TRACE_SEEDMERGE] cand=7 span=111148296-111175575 nodes=14 abund=1.000 vs kept=1 span=111148296-111174799 nodes=13 abund=3.000 ret=0 site=S14_GAP_FILLED lens=[0,9223372036854775806,0,9223372036854775806] guide_pair=false/false hard=true/true kept_hard=true/true
[TRACE_SEEDMERGE] cand=7 span=111148296-111175575 nodes=14 abund=1.000 vs kept=2 span=111148296-111174799 nodes=11 abund=2.000 ret=0 site=S15_HARD_EDGE_BOTH lens=[0,9223372036854775806,0,9223372036854775806] guide_pair=false/false hard=true/true kept_hard=true/true
[TRACE_SEEDMERGE] cand=7 span=111148296-111175575 nodes=14 abund=1.000 vs kept=3 span=111148296-111174799 nodes=16 abund=1.000 ret=0 site=S15_HARD_EDGE_BOTH lens=[0,9223372036854775806,0,9223372036854775806] guide_pair=false/false hard=true/true kept_hard=true/true
[TRACE_SEEDMERGE] cand=7 span=111148296-111175575 nodes=14 abund=1.000 vs kept=4 span=111148296-111175575 nodes=15 abund=1.000 ret=0 site=S15_HARD_EDGE_BOTH lens=[0,9223372036854775806,0,9223372036854775806] guide_pair=false/false hard=true/true kept_hard=true/true
[TRACE_SEEDMERGE] cand=7 span=111148296-111175575 nodes=14 abund=1.000 vs kept=5 span=111148296-111174799 nodes=14 abund=1.000 ret=1 site= lens=[0,0,94,129] guide_pair=false/false hard=true/true kept_hard=true/true
[TRACE_SEEDMERGE]   decision=keep_both reason=ret1_gate
[TRACE_SEEDMERGE] cand=7 span=111148296-111175575 nodes=14 abund=1.000 vs kept=6 span=111148296-111174799 nodes=14 abund=1.000 ret=0 site=S15_HARD_EDGE_BOTH lens=[0,9223372036854775806,0,9223372036854775806] guide_pair=false/false hard=true/true kept_hard=true/true
[TRACE_SEEDMERGE] keeptrf_add=7 span=111148296-111175575 nodes=14 abund=1.000 complete=true novel_splice_rescue=false
[TRACE_SEEDMERGE] cand=8 span=111148296-111174799 nodes=13 abund=1.000 vs kept=0 span=111148296-111174799 nodes=12 abund=6.000 ret=0 site=S15_HARD_EDGE_BOTH lens=[0,9223372036854775806,0,9223372036854775806] guide_pair=false/false hard=true/true kept_hard=true/true
[TRACE_SEEDMERGE] cand=8 span=111148296-111174799 nodes=13 abund=1.000 vs kept=1 span=111148296-111174799 nodes=13 abund=3.000 ret=0 site=S15_HARD_EDGE_BOTH lens=[0,9223372036854775806,0,9223372036854775806] guide_pair=false/false hard=true/true kept_hard=true/true
[TRACE_SEEDMERGE] cand=8 span=111148296-111174799 nodes=13 abund=1.000 vs kept=2 span=111148296-111174799 nodes=11 abund=2.000 ret=0 site=S14_GAP_FILLED lens=[0,9223372036854775806,0,9223372036854775806] guide_pair=false/false hard=true/true kept_hard=true/true
[TRACE_SEEDMERGE] cand=8 span=111148296-111174799 nodes=13 abund=1.000 vs kept=3 span=111148296-111174799 nodes=16 abund=1.000 ret=0 site=S15_HARD_EDGE_BOTH lens=[0,9223372036854775806,0,9223372036854775806] guide_pair=false/false hard=true/true kept_hard=true/true
[TRACE_SEEDMERGE] cand=8 span=111148296-111174799 nodes=13 abund=1.000 vs kept=4 span=111148296-111175575 nodes=15 abund=1.000 ret=0 site=S15_HARD_EDGE_BOTH lens=[0,9223372036854775806,0,9223372036854775806] guide_pair=false/false hard=true/true kept_hard=true/true
[TRACE_SEEDMERGE] cand=8 span=111148296-111174799 nodes=13 abund=1.000 vs kept=5 span=111148296-111174799 nodes=14 abund=1.000 ret=0 site=S15_HARD_EDGE_BOTH lens=[0,9223372036854775806,0,9223372036854775806] guide_pair=false/false hard=true/true kept_hard=true/true
[TRACE_SEEDMERGE] cand=8 span=111148296-111174799 nodes=13 abund=1.000 vs kept=6 span=111148296-111174799 nodes=14 abund=1.000 ret=0 site=S15_HARD_EDGE_BOTH lens=[0,9223372036854775806,0,9223372036854775806] guide_pair=false/false hard=true/true kept_hard=true/true
[TRACE_SEEDMERGE] cand=8 span=111148296-111174799 nodes=13 abund=1.000 vs kept=7 span=111148296-111175575 nodes=14 abund=1.000 ret=0 site=S15_HARD_EDGE_BOTH lens=[0,9223372036854775806,0,9223372036854775806] guide_pair=false/false hard=true/true kept_hard=true/true
[TRACE_SEEDMERGE] keeptrf_add=8 span=111148296-111174799 nodes=13 abund=1.000 complete=true novel_splice_rescue=false
[TRACE_SEEDMERGE] cand=9 span=111148296-111175575 nodes=13 abund=1.000 vs kept=0 span=111148296-111174799 nodes=12 abund=6.000 ret=0 site=S14_GAP_FILLED lens=[0,9223372036854775806,0,9223372036854775806] guide_pair=false/false hard=true/true kept_hard=true/true
[TRACE_SEEDMERGE] cand=9 span=111148296-111175575 nodes=13 abund=1.000 vs kept=1 span=111148296-111174799 nodes=13 abund=3.000 ret=1 site= lens=[0,0,88,157] guide_pair=false/false hard=true/true kept_hard=true/true
[TRACE_SEEDMERGE]   decision=keep_both reason=ret1_gate
[TRACE_SEEDMERGE] cand=9 span=111148296-111175575 nodes=13 abund=1.000 vs kept=2 span=111148296-111174799 nodes=11 abund=2.000 ret=0 site=S15_HARD_EDGE_BOTH lens=[0,9223372036854775806,0,9223372036854775806] guide_pair=false/false hard=true/true kept_hard=true/true
[TRACE_SEEDMERGE] cand=9 span=111148296-111175575 nodes=13 abund=1.000 vs kept=3 span=111148296-111174799 nodes=16 abund=1.000 ret=0 site=S15_HARD_EDGE_BOTH lens=[0,9223372036854775806,0,9223372036854775806] guide_pair=false/false hard=true/true kept_hard=true/true
[TRACE_SEEDMERGE] cand=9 span=111148296-111175575 nodes=13 abund=1.000 vs kept=4 span=111148296-111175575 nodes=15 abund=1.000 ret=0 site=S15_HARD_EDGE_BOTH lens=[0,9223372036854775806,0,9223372036854775806] guide_pair=false/false hard=true/true kept_hard=true/true
[TRACE_SEEDMERGE] cand=9 span=111148296-111175575 nodes=13 abund=1.000 vs kept=5 span=111148296-111174799 nodes=14 abund=1.000 ret=0 site=S14_GAP_FILLED lens=[0,9223372036854775806,0,9223372036854775806] guide_pair=false/false hard=true/true kept_hard=true/true
[TRACE_SEEDMERGE] cand=9 span=111148296-111175575 nodes=13 abund=1.000 vs kept=6 span=111148296-111174799 nodes=14 abund=1.000 ret=0 site=S15_HARD_EDGE_BOTH lens=[0,9223372036854775806,0,9223372036854775806] guide_pair=false/false hard=true/true kept_hard=true/true
[TRACE_SEEDMERGE] cand=9 span=111148296-111175575 nodes=13 abund=1.000 vs kept=7 span=111148296-111175575 nodes=14 abund=1.000 ret=0 site=S14_GAP_FILLED lens=[0,9223372036854775806,0,9223372036854775806] guide_pair=false/false hard=true/true kept_hard=true/true
[TRACE_SEEDMERGE] cand=9 span=111148296-111175575 nodes=13 abund=1.000 vs kept=8 span=111148296-111174799 nodes=13 abund=1.000 ret=0 site=S15_HARD_EDGE_BOTH lens=[0,9223372036854775806,0,9223372036854775806] guide_pair=false/false hard=true/true kept_hard=true/true
[TRACE_SEEDMERGE] keeptrf_add=9 span=111148296-111175575 nodes=13 abund=1.000 complete=true novel_splice_rescue=false
[TRACE_SEEDMERGE] cand=10 span=111148296-111174799 nodes=13 abund=1.000 vs kept=0 span=111148296-111174799 nodes=12 abund=6.000 ret=0 site=S16_MID_WALK_GAP lens=[0,9223372036854775806,0,9223372036854775806] guide_pair=false/false hard=true/true kept_hard=true/true
[TRACE_SEEDMERGE] cand=10 span=111148296-111174799 nodes=13 abund=1.000 vs kept=1 span=111148296-111174799 nodes=13 abund=3.000 ret=0 site=S16_MID_WALK_GAP lens=[0,9223372036854775806,0,9223372036854775806] guide_pair=false/false hard=true/true kept_hard=true/true
[TRACE_SEEDMERGE] cand=10 span=111148296-111174799 nodes=13 abund=1.000 vs kept=2 span=111148296-111174799 nodes=11 abund=2.000 ret=0 site=S16_MID_WALK_GAP lens=[0,9223372036854775806,0,9223372036854775806] guide_pair=false/false hard=true/true kept_hard=true/true
[TRACE_SEEDMERGE] cand=10 span=111148296-111174799 nodes=13 abund=1.000 vs kept=3 span=111148296-111174799 nodes=16 abund=1.000 ret=0 site=S16_MID_WALK_GAP lens=[0,9223372036854775806,0,9223372036854775806] guide_pair=false/false hard=true/true kept_hard=true/true
[TRACE_SEEDMERGE] cand=10 span=111148296-111174799 nodes=13 abund=1.000 vs kept=4 span=111148296-111175575 nodes=15 abund=1.000 ret=0 site=S16_MID_WALK_GAP lens=[0,9223372036854775806,0,9223372036854775806] guide_pair=false/false hard=true/true kept_hard=true/true
[TRACE_SEEDMERGE] cand=10 span=111148296-111174799 nodes=13 abund=1.000 vs kept=5 span=111148296-111174799 nodes=14 abund=1.000 ret=0 site=S16_MID_WALK_GAP lens=[0,9223372036854775806,0,9223372036854775806] guide_pair=false/false hard=true/true kept_hard=true/true
[TRACE_SEEDMERGE] cand=10 span=111148296-111174799 nodes=13 abund=1.000 vs kept=6 span=111148296-111174799 nodes=14 abund=1.000 ret=0 site=S16_MID_WALK_GAP lens=[0,9223372036854775806,0,9223372036854775806] guide_pair=false/false hard=true/true kept_hard=true/true
[TRACE_SEEDMERGE] cand=10 span=111148296-111174799 nodes=13 abund=1.000 vs kept=7 span=111148296-111175575 nodes=14 abund=1.000 ret=0 site=S16_MID_WALK_GAP lens=[0,9223372036854775806,0,9223372036854775806] guide_pair=false/false hard=true/true kept_hard=true/true
[TRACE_SEEDMERGE] cand=10 span=111148296-111174799 nodes=13 abund=1.000 vs kept=8 span=111148296-111174799 nodes=13 abund=1.000 ret=0 site=S16_MID_WALK_GAP lens=[0,9223372036854775806,0,9223372036854775806] guide_pair=false/false hard=true/true kept_hard=true/true
[TRACE_SEEDMERGE] cand=10 span=111148296-111174799 nodes=13 abund=1.000 vs kept=9 span=111148296-111175575 nodes=13 abund=1.000 ret=0 site=S16_MID_WALK_GAP lens=[0,9223372036854775806,0,9223372036854775806] guide_pair=false/false hard=true/true kept_hard=true/true
[TRACE_SEEDMERGE] keeptrf_add=10 span=111148296-111174799 nodes=13 abund=1.000 complete=true novel_splice_rescue=false
[TRACE_SEEDMERGE] cand=11 span=111150204-111175575 nodes=12 abund=1.000 vs kept=0 span=111148296-111174799 nodes=12 abund=6.000 ret=0 site=S7_WALK_START_GAP lens=[0,9223372036854775806,0,9223372036854775806] guide_pair=false/false hard=false/true kept_hard=true/true
[TRACE_SEEDMERGE] cand=11 span=111150204-111175575 nodes=12 abund=1.000 vs kept=1 span=111148296-111174799 nodes=13 abund=3.000 ret=0 site=S7_WALK_START_GAP lens=[0,9223372036854775806,0,9223372036854775806] guide_pair=false/false hard=false/true kept_hard=true/true
[TRACE_SEEDMERGE] cand=11 span=111150204-111175575 nodes=12 abund=1.000 vs kept=2 span=111148296-111174799 nodes=11 abund=2.000 ret=0 site=S7_WALK_START_GAP lens=[0,9223372036854775806,0,9223372036854775806] guide_pair=false/false hard=false/true kept_hard=true/true
[TRACE_SEEDMERGE] cand=11 span=111150204-111175575 nodes=12 abund=1.000 vs kept=3 span=111148296-111174799 nodes=16 abund=1.000 ret=0 site=S7_WALK_START_GAP lens=[0,9223372036854775806,0,9223372036854775806] guide_pair=false/false hard=false/true kept_hard=true/true
[TRACE_SEEDMERGE] cand=11 span=111150204-111175575 nodes=12 abund=1.000 vs kept=4 span=111148296-111175575 nodes=15 abund=1.000 ret=0 site=S7_WALK_START_GAP lens=[0,9223372036854775806,0,9223372036854775806] guide_pair=false/false hard=false/true kept_hard=true/true
[TRACE_SEEDMERGE] cand=11 span=111150204-111175575 nodes=12 abund=1.000 vs kept=5 span=111148296-111174799 nodes=14 abund=1.000 ret=0 site=S7_WALK_START_GAP lens=[0,9223372036854775806,0,9223372036854775806] guide_pair=false/false hard=false/true kept_hard=true/true
[TRACE_SEEDMERGE] cand=11 span=111150204-111175575 nodes=12 abund=1.000 vs kept=6 span=111148296-111174799 nodes=14 abund=1.000 ret=0 site=S7_WALK_START_GAP lens=[0,9223372036854775806,0,9223372036854775806] guide_pair=false/false hard=false/true kept_hard=true/true
[TRACE_SEEDMERGE] cand=11 span=111150204-111175575 nodes=12 abund=1.000 vs kept=7 span=111148296-111175575 nodes=14 abund=1.000 ret=0 site=S7_WALK_START_GAP lens=[0,9223372036854775806,0,9223372036854775806] guide_pair=false/false hard=false/true kept_hard=true/true
[TRACE_SEEDMERGE] cand=11 span=111150204-111175575 nodes=12 abund=1.000 vs kept=8 span=111148296-111174799 nodes=13 abund=1.000 ret=0 site=S7_WALK_START_GAP lens=[0,9223372036854775806,0,9223372036854775806] guide_pair=false/false hard=false/true kept_hard=true/true
[TRACE_SEEDMERGE] cand=11 span=111150204-111175575 nodes=12 abund=1.000 vs kept=9 span=111148296-111175575 nodes=13 abund=1.000 ret=0 site=S7_WALK_START_GAP lens=[0,9223372036854775806,0,9223372036854775806] guide_pair=false/false hard=false/true kept_hard=true/true
[TRACE_SEEDMERGE] cand=11 span=111150204-111175575 nodes=12 abund=1.000 vs kept=10 span=111148296-111174799 nodes=13 abund=1.000 ret=0 site=S8_RETE_CONTRADICT lens=[0,9223372036854775806,0,9223372036854775806] guide_pair=false/false hard=false/true kept_hard=true/true
[TRACE_SEEDMERGE] cand=12 span=111148296-111175575 nodes=12 abund=1.000 vs kept=0 span=111148296-111174799 nodes=12 abund=6.000 ret=1 site= lens=[-4,0,82,157] guide_pair=false/false hard=true/true kept_hard=true/true
[TRACE_SEEDMERGE]   decision=keep_both reason=ret1_gate
[TRACE_SEEDMERGE] cand=12 span=111148296-111175575 nodes=12 abund=1.000 vs kept=1 span=111148296-111174799 nodes=13 abund=3.000 ret=0 site=S14_GAP_FILLED lens=[0,9223372036854775806,0,9223372036854775806] guide_pair=false/false hard=true/true kept_hard=true/true
[TRACE_SEEDMERGE] cand=12 span=111148296-111175575 nodes=12 abund=1.000 vs kept=2 span=111148296-111174799 nodes=11 abund=2.000 ret=0 site=S15_HARD_EDGE_BOTH lens=[0,9223372036854775806,0,9223372036854775806] guide_pair=false/false hard=true/true kept_hard=true/true
[TRACE_SEEDMERGE] cand=12 span=111148296-111175575 nodes=12 abund=1.000 vs kept=3 span=111148296-111174799 nodes=16 abund=1.000 ret=0 site=S15_HARD_EDGE_BOTH lens=[0,9223372036854775806,0,9223372036854775806] guide_pair=false/false hard=true/true kept_hard=true/true
[TRACE_SEEDMERGE] cand=12 span=111148296-111175575 nodes=12 abund=1.000 vs kept=4 span=111148296-111175575 nodes=15 abund=1.000 ret=0 site=S15_HARD_EDGE_BOTH lens=[0,9223372036854775806,0,9223372036854775806] guide_pair=false/false hard=true/true kept_hard=true/true
[TRACE_SEEDMERGE] cand=12 span=111148296-111175575 nodes=12 abund=1.000 vs kept=5 span=111148296-111174799 nodes=14 abund=1.000 ret=0 site=S14_GAP_FILLED lens=[0,9223372036854775806,0,9223372036854775806] guide_pair=false/false hard=true/true kept_hard=true/true
[TRACE_SEEDMERGE] cand=12 span=111148296-111175575 nodes=12 abund=1.000 vs kept=6 span=111148296-111174799 nodes=14 abund=1.000 ret=0 site=S15_HARD_EDGE_BOTH lens=[0,9223372036854775806,0,9223372036854775806] guide_pair=false/false hard=true/true kept_hard=true/true
[TRACE_SEEDMERGE] cand=12 span=111148296-111175575 nodes=12 abund=1.000 vs kept=7 span=111148296-111175575 nodes=14 abund=1.000 ret=0 site=S14_GAP_FILLED lens=[0,9223372036854775806,0,9223372036854775806] guide_pair=false/false hard=true/true kept_hard=true/true
[TRACE_SEEDMERGE] cand=12 span=111148296-111175575 nodes=12 abund=1.000 vs kept=8 span=111148296-111174799 nodes=13 abund=1.000 ret=0 site=S15_HARD_EDGE_BOTH lens=[0,9223372036854775806,0,9223372036854775806] guide_pair=false/false hard=true/true kept_hard=true/true
[TRACE_SEEDMERGE] cand=12 span=111148296-111175575 nodes=12 abund=1.000 vs kept=9 span=111148296-111175575 nodes=13 abund=1.000 ret=0 site=S14_GAP_FILLED lens=[0,9223372036854775806,0,9223372036854775806] guide_pair=false/false hard=true/true kept_hard=true/true
[TRACE_SEEDMERGE] cand=12 span=111148296-111175575 nodes=12 abund=1.000 vs kept=10 span=111148296-111174799 nodes=13 abund=1.000 ret=0 site=S16_MID_WALK_GAP lens=[0,9223372036854775806,0,9223372036854775806] guide_pair=false/false hard=true/true kept_hard=true/true
[TRACE_SEEDMERGE] keeptrf_add=12 span=111148296-111175575 nodes=12 abund=1.000 complete=true novel_splice_rescue=false
[TRACE_SEEDMERGE] cand=13 span=111148296-111175575 nodes=12 abund=1.000 vs kept=0 span=111148296-111174799 nodes=12 abund=6.000 ret=0 site=S15_HARD_EDGE_BOTH lens=[0,9223372036854775806,0,9223372036854775806] guide_pair=false/false hard=true/true kept_hard=true/true
[TRACE_SEEDMERGE] cand=13 span=111148296-111175575 nodes=12 abund=1.000 vs kept=1 span=111148296-111174799 nodes=13 abund=3.000 ret=0 site=S15_HARD_EDGE_BOTH lens=[0,9223372036854775806,0,9223372036854775806] guide_pair=false/false hard=true/true kept_hard=true/true
[TRACE_SEEDMERGE] cand=13 span=111148296-111175575 nodes=12 abund=1.000 vs kept=2 span=111148296-111174799 nodes=11 abund=2.000 ret=0 site=S14_GAP_FILLED lens=[0,9223372036854775806,0,9223372036854775806] guide_pair=false/false hard=true/true kept_hard=true/true
[TRACE_SEEDMERGE] cand=13 span=111148296-111175575 nodes=12 abund=1.000 vs kept=3 span=111148296-111174799 nodes=16 abund=1.000 ret=0 site=S15_HARD_EDGE_BOTH lens=[0,9223372036854775806,0,9223372036854775806] guide_pair=false/false hard=true/true kept_hard=true/true
[TRACE_SEEDMERGE] cand=13 span=111148296-111175575 nodes=12 abund=1.000 vs kept=4 span=111148296-111175575 nodes=15 abund=1.000 ret=0 site=S15_HARD_EDGE_BOTH lens=[0,9223372036854775806,0,9223372036854775806] guide_pair=false/false hard=true/true kept_hard=true/true
[TRACE_SEEDMERGE] cand=13 span=111148296-111175575 nodes=12 abund=1.000 vs kept=5 span=111148296-111174799 nodes=14 abund=1.000 ret=0 site=S15_HARD_EDGE_BOTH lens=[0,9223372036854775806,0,9223372036854775806] guide_pair=false/false hard=true/true kept_hard=true/true
[TRACE_SEEDMERGE] cand=13 span=111148296-111175575 nodes=12 abund=1.000 vs kept=6 span=111148296-111174799 nodes=14 abund=1.000 ret=0 site=S15_HARD_EDGE_BOTH lens=[0,9223372036854775806,0,9223372036854775806] guide_pair=false/false hard=true/true kept_hard=true/true
[TRACE_SEEDMERGE] cand=13 span=111148296-111175575 nodes=12 abund=1.000 vs kept=7 span=111148296-111175575 nodes=14 abund=1.000 ret=0 site=S15_HARD_EDGE_BOTH lens=[0,9223372036854775806,0,9223372036854775806] guide_pair=false/false hard=true/true kept_hard=true/true
[TRACE_SEEDMERGE] cand=13 span=111148296-111175575 nodes=12 abund=1.000 vs kept=8 span=111148296-111174799 nodes=13 abund=1.000 ret=0 site=S14_GAP_FILLED lens=[0,9223372036854775806,0,9223372036854775806] guide_pair=false/false hard=true/true kept_hard=true/true
[TRACE_SEEDMERGE] cand=13 span=111148296-111175575 nodes=12 abund=1.000 vs kept=9 span=111148296-111175575 nodes=13 abund=1.000 ret=0 site=S15_HARD_EDGE_BOTH lens=[0,9223372036854775806,0,9223372036854775806] guide_pair=false/false hard=true/true kept_hard=true/true
[TRACE_SEEDMERGE] cand=13 span=111148296-111175575 nodes=12 abund=1.000 vs kept=10 span=111148296-111174799 nodes=13 abund=1.000 ret=0 site=S16_MID_WALK_GAP lens=[0,9223372036854775806,0,9223372036854775806] guide_pair=false/false hard=true/true kept_hard=true/true
[TRACE_SEEDMERGE] cand=13 span=111148296-111175575 nodes=12 abund=1.000 vs kept=12 span=111148296-111175575 nodes=12 abund=1.000 ret=0 site=S15_HARD_EDGE_BOTH lens=[0,9223372036854775806,0,9223372036854775806] guide_pair=false/false hard=true/true kept_hard=true/true
[TRACE_SEEDMERGE] keeptrf_add=13 span=111148296-111175575 nodes=12 abund=1.000 complete=true novel_splice_rescue=false
[TRACE_SEEDMERGE] cand=14 span=111148296-111174337 nodes=10 abund=1.000 vs kept=0 span=111148296-111174799 nodes=12 abund=6.000 ret=2 site= lens=[-4,0,-314,210] guide_pair=false/false hard=true/true kept_hard=true/true
[TRACE_SEEDMERGE]   decision=keep_both reason=ret2_gate
[TRACE_SEEDMERGE] cand=14 span=111148296-111174337 nodes=10 abund=1.000 vs kept=1 span=111148296-111174799 nodes=13 abund=3.000 ret=0 site=S14_GAP_FILLED lens=[0,9223372036854775806,0,9223372036854775806] guide_pair=false/false hard=true/true kept_hard=true/true
[TRACE_SEEDMERGE] cand=14 span=111148296-111174337 nodes=10 abund=1.000 vs kept=2 span=111148296-111174799 nodes=11 abund=2.000 ret=0 site=S15_HARD_EDGE_BOTH lens=[0,9223372036854775806,0,9223372036854775806] guide_pair=false/false hard=true/true kept_hard=true/true
[TRACE_SEEDMERGE] cand=14 span=111148296-111174337 nodes=10 abund=1.000 vs kept=3 span=111148296-111174799 nodes=16 abund=1.000 ret=0 site=S15_HARD_EDGE_BOTH lens=[0,9223372036854775806,0,9223372036854775806] guide_pair=false/false hard=true/true kept_hard=true/true
[TRACE_SEEDMERGE] cand=14 span=111148296-111174337 nodes=10 abund=1.000 vs kept=4 span=111148296-111175575 nodes=15 abund=1.000 ret=0 site=S15_HARD_EDGE_BOTH lens=[0,9223372036854775806,0,9223372036854775806] guide_pair=false/false hard=true/true kept_hard=true/true
[TRACE_SEEDMERGE] cand=14 span=111148296-111174337 nodes=10 abund=1.000 vs kept=5 span=111148296-111174799 nodes=14 abund=1.000 ret=0 site=S14_GAP_FILLED lens=[0,9223372036854775806,0,9223372036854775806] guide_pair=false/false hard=true/true kept_hard=true/true
[TRACE_SEEDMERGE] cand=14 span=111148296-111174337 nodes=10 abund=1.000 vs kept=6 span=111148296-111174799 nodes=14 abund=1.000 ret=0 site=S15_HARD_EDGE_BOTH lens=[0,9223372036854775806,0,9223372036854775806] guide_pair=false/false hard=true/true kept_hard=true/true
[TRACE_SEEDMERGE] cand=14 span=111148296-111174337 nodes=10 abund=1.000 vs kept=7 span=111148296-111175575 nodes=14 abund=1.000 ret=0 site=S14_GAP_FILLED lens=[0,9223372036854775806,0,9223372036854775806] guide_pair=false/false hard=true/true kept_hard=true/true
[TRACE_SEEDMERGE] cand=14 span=111148296-111174337 nodes=10 abund=1.000 vs kept=8 span=111148296-111174799 nodes=13 abund=1.000 ret=0 site=S15_HARD_EDGE_BOTH lens=[0,9223372036854775806,0,9223372036854775806] guide_pair=false/false hard=true/true kept_hard=true/true
[TRACE_SEEDMERGE] cand=14 span=111148296-111174337 nodes=10 abund=1.000 vs kept=9 span=111148296-111175575 nodes=13 abund=1.000 ret=0 site=S14_GAP_FILLED lens=[0,9223372036854775806,0,9223372036854775806] guide_pair=false/false hard=true/true kept_hard=true/true
[TRACE_SEEDMERGE] cand=14 span=111148296-111174337 nodes=10 abund=1.000 vs kept=10 span=111148296-111174799 nodes=13 abund=1.000 ret=0 site=S16_MID_WALK_GAP lens=[0,9223372036854775806,0,9223372036854775806] guide_pair=false/false hard=true/true kept_hard=true/true
[TRACE_SEEDMERGE] cand=14 span=111148296-111174337 nodes=10 abund=1.000 vs kept=12 span=111148296-111175575 nodes=12 abund=1.000 ret=2 site= lens=[0,0,-239,210] guide_pair=false/false hard=true/true kept_hard=true/true
[TRACE_SEEDMERGE]   decision=keep_both reason=ret2_gate
[TRACE_SEEDMERGE] cand=14 span=111148296-111174337 nodes=10 abund=1.000 vs kept=13 span=111148296-111175575 nodes=12 abund=1.000 ret=0 site=S15_HARD_EDGE_BOTH lens=[0,9223372036854775806,0,9223372036854775806] guide_pair=false/false hard=true/true kept_hard=true/true
[TRACE_SEEDMERGE] keeptrf_add=14 span=111148296-111174337 nodes=10 abund=1.000 complete=true novel_splice_rescue=false
[TRACE_SEEDMERGE] cand=15 span=111148296-111154728 nodes=9 abund=1.000 vs kept=0 span=111148296-111174799 nodes=12 abund=6.000 ret=0 site=S15_HARD_EDGE_BOTH lens=[0,9223372036854775806,0,9223372036854775806] guide_pair=false/false hard=true/true kept_hard=true/true
[TRACE_SEEDMERGE] cand=15 span=111148296-111154728 nodes=9 abund=1.000 vs kept=1 span=111148296-111174799 nodes=13 abund=3.000 ret=0 site=S15_HARD_EDGE_BOTH lens=[0,9223372036854775806,0,9223372036854775806] guide_pair=false/false hard=true/true kept_hard=true/true
[TRACE_SEEDMERGE] cand=15 span=111148296-111154728 nodes=9 abund=1.000 vs kept=2 span=111148296-111174799 nodes=11 abund=2.000 ret=0 site=S15_HARD_EDGE_BOTH lens=[0,9223372036854775806,0,9223372036854775806] guide_pair=false/false hard=true/true kept_hard=true/true
[TRACE_SEEDMERGE] cand=15 span=111148296-111154728 nodes=9 abund=1.000 vs kept=3 span=111148296-111174799 nodes=16 abund=1.000 ret=0 site=S15_HARD_EDGE_BOTH lens=[0,9223372036854775806,0,9223372036854775806] guide_pair=false/false hard=true/true kept_hard=true/true
[TRACE_SEEDMERGE] cand=15 span=111148296-111154728 nodes=9 abund=1.000 vs kept=4 span=111148296-111175575 nodes=15 abund=1.000 ret=0 site=S15_HARD_EDGE_BOTH lens=[0,9223372036854775806,0,9223372036854775806] guide_pair=false/false hard=true/true kept_hard=true/true
[TRACE_SEEDMERGE] cand=15 span=111148296-111154728 nodes=9 abund=1.000 vs kept=5 span=111148296-111174799 nodes=14 abund=1.000 ret=0 site=S15_HARD_EDGE_BOTH lens=[0,9223372036854775806,0,9223372036854775806] guide_pair=false/false hard=true/true kept_hard=true/true
[TRACE_SEEDMERGE] cand=15 span=111148296-111154728 nodes=9 abund=1.000 vs kept=6 span=111148296-111174799 nodes=14 abund=1.000 ret=0 site=S15_HARD_EDGE_BOTH lens=[0,9223372036854775806,0,9223372036854775806] guide_pair=false/false hard=true/true kept_hard=true/true
[TRACE_SEEDMERGE] cand=15 span=111148296-111154728 nodes=9 abund=1.000 vs kept=7 span=111148296-111175575 nodes=14 abund=1.000 ret=0 site=S15_HARD_EDGE_BOTH lens=[0,9223372036854775806,0,9223372036854775806] guide_pair=false/false hard=true/true kept_hard=true/true
[TRACE_SEEDMERGE] cand=15 span=111148296-111154728 nodes=9 abund=1.000 vs kept=8 span=111148296-111174799 nodes=13 abund=1.000 ret=0 site=S15_HARD_EDGE_BOTH lens=[0,9223372036854775806,0,9223372036854775806] guide_pair=false/false hard=true/true kept_hard=true/true
[TRACE_SEEDMERGE] cand=15 span=111148296-111154728 nodes=9 abund=1.000 vs kept=9 span=111148296-111175575 nodes=13 abund=1.000 ret=0 site=S15_HARD_EDGE_BOTH lens=[0,9223372036854775806,0,9223372036854775806] guide_pair=false/false hard=true/true kept_hard=true/true
[TRACE_SEEDMERGE] cand=15 span=111148296-111154728 nodes=9 abund=1.000 vs kept=10 span=111148296-111174799 nodes=13 abund=1.000 ret=0 site=S16_MID_WALK_GAP lens=[0,9223372036854775806,0,9223372036854775806] guide_pair=false/false hard=true/true kept_hard=true/true
[TRACE_SEEDMERGE] cand=15 span=111148296-111154728 nodes=9 abund=1.000 vs kept=12 span=111148296-111175575 nodes=12 abund=1.000 ret=0 site=S15_HARD_EDGE_BOTH lens=[0,9223372036854775806,0,9223372036854775806] guide_pair=false/false hard=true/true kept_hard=true/true
[TRACE_SEEDMERGE] cand=15 span=111148296-111154728 nodes=9 abund=1.000 vs kept=13 span=111148296-111175575 nodes=12 abund=1.000 ret=0 site=S15_HARD_EDGE_BOTH lens=[0,9223372036854775806,0,9223372036854775806] guide_pair=false/false hard=true/true kept_hard=true/true
[TRACE_SEEDMERGE] cand=15 span=111148296-111154728 nodes=9 abund=1.000 vs kept=14 span=111148296-111174337 nodes=10 abund=1.000 ret=0 site=S15_HARD_EDGE_BOTH lens=[0,9223372036854775806,0,9223372036854775806] guide_pair=false/false hard=true/true kept_hard=true/true
[TRACE_SEEDMERGE] keeptrf_add=15 span=111148296-111154728 nodes=9 abund=1.000 complete=true novel_splice_rescue=false
[TRACE_SEEDMERGE] cand=16 span=111148296-111174426 nodes=9 abund=1.000 vs kept=0 span=111148296-111174799 nodes=12 abund=6.000 ret=0 site=S15_HARD_EDGE_BOTH lens=[0,9223372036854775806,0,9223372036854775806] guide_pair=false/false hard=true/false kept_hard=true/true
[TRACE_SEEDMERGE] cand=16 span=111148296-111174426 nodes=9 abund=1.000 vs kept=1 span=111148296-111174799 nodes=13 abund=3.000 ret=0 site=S15_HARD_EDGE_BOTH lens=[0,9223372036854775806,0,9223372036854775806] guide_pair=false/false hard=true/false kept_hard=true/true
[TRACE_SEEDMERGE] cand=16 span=111148296-111174426 nodes=9 abund=1.000 vs kept=2 span=111148296-111174799 nodes=11 abund=2.000 ret=2 site= lens=[1,0,-281,0] guide_pair=false/false hard=true/false kept_hard=true/true
[TRACE_SEEDMERGE]   decision=keep_both reason=ret2_gate
[TRACE_SEEDMERGE] cand=16 span=111148296-111174426 nodes=9 abund=1.000 vs kept=3 span=111148296-111174799 nodes=16 abund=1.000 ret=0 site=S15_HARD_EDGE_BOTH lens=[0,9223372036854775806,0,9223372036854775806] guide_pair=false/false hard=true/false kept_hard=true/true
[TRACE_SEEDMERGE] cand=16 span=111148296-111174426 nodes=9 abund=1.000 vs kept=4 span=111148296-111175575 nodes=15 abund=1.000 ret=0 site=S15_HARD_EDGE_BOTH lens=[0,9223372036854775806,0,9223372036854775806] guide_pair=false/false hard=true/false kept_hard=true/true
[TRACE_SEEDMERGE] cand=16 span=111148296-111174426 nodes=9 abund=1.000 vs kept=5 span=111148296-111174799 nodes=14 abund=1.000 ret=0 site=S15_HARD_EDGE_BOTH lens=[0,9223372036854775806,0,9223372036854775806] guide_pair=false/false hard=true/false kept_hard=true/true
[TRACE_SEEDMERGE] cand=16 span=111148296-111174426 nodes=9 abund=1.000 vs kept=6 span=111148296-111174799 nodes=14 abund=1.000 ret=0 site=S15_HARD_EDGE_BOTH lens=[0,9223372036854775806,0,9223372036854775806] guide_pair=false/false hard=true/false kept_hard=true/true
[TRACE_SEEDMERGE] cand=16 span=111148296-111174426 nodes=9 abund=1.000 vs kept=7 span=111148296-111175575 nodes=14 abund=1.000 ret=0 site=S15_HARD_EDGE_BOTH lens=[0,9223372036854775806,0,9223372036854775806] guide_pair=false/false hard=true/false kept_hard=true/true
[TRACE_SEEDMERGE] cand=16 span=111148296-111174426 nodes=9 abund=1.000 vs kept=8 span=111148296-111174799 nodes=13 abund=1.000 ret=0 site=S14_GAP_FILLED lens=[0,9223372036854775806,0,9223372036854775806] guide_pair=false/false hard=true/false kept_hard=true/true
[TRACE_SEEDMERGE] cand=16 span=111148296-111174426 nodes=9 abund=1.000 vs kept=9 span=111148296-111175575 nodes=13 abund=1.000 ret=0 site=S15_HARD_EDGE_BOTH lens=[0,9223372036854775806,0,9223372036854775806] guide_pair=false/false hard=true/false kept_hard=true/true
[TRACE_SEEDMERGE] cand=16 span=111148296-111174426 nodes=9 abund=1.000 vs kept=10 span=111148296-111174799 nodes=13 abund=1.000 ret=0 site=S16_MID_WALK_GAP lens=[0,9223372036854775806,0,9223372036854775806] guide_pair=false/false hard=true/false kept_hard=true/true
[TRACE_SEEDMERGE] cand=16 span=111148296-111174426 nodes=9 abund=1.000 vs kept=12 span=111148296-111175575 nodes=12 abund=1.000 ret=0 site=S15_HARD_EDGE_BOTH lens=[0,9223372036854775806,0,9223372036854775806] guide_pair=false/false hard=true/false kept_hard=true/true
[TRACE_SEEDMERGE] cand=16 span=111148296-111174426 nodes=9 abund=1.000 vs kept=13 span=111148296-111175575 nodes=12 abund=1.000 ret=0 site=S14_GAP_FILLED lens=[0,9223372036854775806,0,9223372036854775806] guide_pair=false/false hard=true/false kept_hard=true/true
[TRACE_SEEDMERGE] cand=16 span=111148296-111174426 nodes=9 abund=1.000 vs kept=14 span=111148296-111174337 nodes=10 abund=1.000 ret=0 site=S15_HARD_EDGE_BOTH lens=[0,9223372036854775806,0,9223372036854775806] guide_pair=false/false hard=true/false kept_hard=true/true
[TRACE_SEEDMERGE] cand=16 span=111148296-111174426 nodes=9 abund=1.000 vs kept=15 span=111148296-111154728 nodes=9 abund=1.000 ret=0 site=S15_HARD_EDGE_BOTH lens=[0,9223372036854775806,0,9223372036854775806] guide_pair=false/false hard=true/false kept_hard=true/true
[TRACE_SEEDMERGE] cand=17 span=111148296-111153535 nodes=8 abund=1.000 vs kept=0 span=111148296-111174799 nodes=12 abund=6.000 ret=2 site= lens=[-4,0,-455,27] guide_pair=false/false hard=true/false kept_hard=true/true
[TRACE_SEEDMERGE]   decision=keep_both reason=ret2_gate
[TRACE_SEEDMERGE] cand=17 span=111148296-111153535 nodes=8 abund=1.000 vs kept=1 span=111148296-111174799 nodes=13 abund=3.000 ret=0 site=S14_GAP_FILLED lens=[0,9223372036854775806,0,9223372036854775806] guide_pair=false/false hard=true/false kept_hard=true/true
[TRACE_SEEDMERGE] cand=17 span=111148296-111153535 nodes=8 abund=1.000 vs kept=2 span=111148296-111174799 nodes=11 abund=2.000 ret=0 site=S15_HARD_EDGE_BOTH lens=[0,9223372036854775806,0,9223372036854775806] guide_pair=false/false hard=true/false kept_hard=true/true
[TRACE_SEEDMERGE] cand=17 span=111148296-111153535 nodes=8 abund=1.000 vs kept=3 span=111148296-111174799 nodes=16 abund=1.000 ret=0 site=S15_HARD_EDGE_BOTH lens=[0,9223372036854775806,0,9223372036854775806] guide_pair=false/false hard=true/false kept_hard=true/true
[TRACE_SEEDMERGE] cand=17 span=111148296-111153535 nodes=8 abund=1.000 vs kept=4 span=111148296-111175575 nodes=15 abund=1.000 ret=0 site=S15_HARD_EDGE_BOTH lens=[0,9223372036854775806,0,9223372036854775806] guide_pair=false/false hard=true/false kept_hard=true/true
[TRACE_SEEDMERGE] cand=17 span=111148296-111153535 nodes=8 abund=1.000 vs kept=5 span=111148296-111174799 nodes=14 abund=1.000 ret=0 site=S14_GAP_FILLED lens=[0,9223372036854775806,0,9223372036854775806] guide_pair=false/false hard=true/false kept_hard=true/true
[TRACE_SEEDMERGE] cand=17 span=111148296-111153535 nodes=8 abund=1.000 vs kept=6 span=111148296-111174799 nodes=14 abund=1.000 ret=0 site=S15_HARD_EDGE_BOTH lens=[0,9223372036854775806,0,9223372036854775806] guide_pair=false/false hard=true/false kept_hard=true/true
[TRACE_SEEDMERGE] cand=17 span=111148296-111153535 nodes=8 abund=1.000 vs kept=7 span=111148296-111175575 nodes=14 abund=1.000 ret=0 site=S14_GAP_FILLED lens=[0,9223372036854775806,0,9223372036854775806] guide_pair=false/false hard=true/false kept_hard=true/true
[TRACE_SEEDMERGE] cand=17 span=111148296-111153535 nodes=8 abund=1.000 vs kept=8 span=111148296-111174799 nodes=13 abund=1.000 ret=0 site=S15_HARD_EDGE_BOTH lens=[0,9223372036854775806,0,9223372036854775806] guide_pair=false/false hard=true/false kept_hard=true/true
[TRACE_SEEDMERGE] cand=17 span=111148296-111153535 nodes=8 abund=1.000 vs kept=9 span=111148296-111175575 nodes=13 abund=1.000 ret=0 site=S14_GAP_FILLED lens=[0,9223372036854775806,0,9223372036854775806] guide_pair=false/false hard=true/false kept_hard=true/true
[TRACE_SEEDMERGE] cand=17 span=111148296-111153535 nodes=8 abund=1.000 vs kept=10 span=111148296-111174799 nodes=13 abund=1.000 ret=0 site=S16_MID_WALK_GAP lens=[0,9223372036854775806,0,9223372036854775806] guide_pair=false/false hard=true/false kept_hard=true/true
[TRACE_SEEDMERGE] cand=17 span=111148296-111153535 nodes=8 abund=1.000 vs kept=12 span=111148296-111175575 nodes=12 abund=1.000 ret=2 site= lens=[0,0,-380,27] guide_pair=false/false hard=true/false kept_hard=true/true
[TRACE_SEEDMERGE]   decision=keep_both reason=ret2_gate
[TRACE_SEEDMERGE] cand=17 span=111148296-111153535 nodes=8 abund=1.000 vs kept=13 span=111148296-111175575 nodes=12 abund=1.000 ret=0 site=S15_HARD_EDGE_BOTH lens=[0,9223372036854775806,0,9223372036854775806] guide_pair=false/false hard=true/false kept_hard=true/true
[TRACE_SEEDMERGE] cand=17 span=111148296-111153535 nodes=8 abund=1.000 vs kept=14 span=111148296-111174337 nodes=10 abund=1.000 ret=2 site= lens=[0,0,-351,27] guide_pair=false/false hard=true/false kept_hard=true/true
[TRACE_SEEDMERGE]   decision=keep_both reason=ret2_gate
[TRACE_SEEDMERGE] cand=17 span=111148296-111153535 nodes=8 abund=1.000 vs kept=15 span=111148296-111154728 nodes=9 abund=1.000 ret=0 site=S15_HARD_EDGE_BOTH lens=[0,9223372036854775806,0,9223372036854775806] guide_pair=false/false hard=true/false kept_hard=true/true
[TRACE_SEEDMERGE] cand=18 span=111148296-111153508 nodes=7 abund=1.000 vs kept=0 span=111148296-111174799 nodes=12 abund=6.000 ret=0 site=S15_HARD_EDGE_BOTH lens=[0,9223372036854775806,0,9223372036854775806] guide_pair=false/false hard=true/true kept_hard=true/true
[TRACE_SEEDMERGE] cand=18 span=111148296-111153508 nodes=7 abund=1.000 vs kept=1 span=111148296-111174799 nodes=13 abund=3.000 ret=0 site=S15_HARD_EDGE_BOTH lens=[0,9223372036854775806,0,9223372036854775806] guide_pair=false/false hard=true/true kept_hard=true/true
[TRACE_SEEDMERGE] cand=18 span=111148296-111153508 nodes=7 abund=1.000 vs kept=2 span=111148296-111174799 nodes=11 abund=2.000 ret=0 site=S14_GAP_FILLED lens=[0,9223372036854775806,0,9223372036854775806] guide_pair=false/false hard=true/true kept_hard=true/true
[TRACE_SEEDMERGE] cand=18 span=111148296-111153508 nodes=7 abund=1.000 vs kept=3 span=111148296-111174799 nodes=16 abund=1.000 ret=0 site=S15_HARD_EDGE_BOTH lens=[0,9223372036854775806,0,9223372036854775806] guide_pair=false/false hard=true/true kept_hard=true/true
[TRACE_SEEDMERGE] cand=18 span=111148296-111153508 nodes=7 abund=1.000 vs kept=4 span=111148296-111175575 nodes=15 abund=1.000 ret=0 site=S15_HARD_EDGE_BOTH lens=[0,9223372036854775806,0,9223372036854775806] guide_pair=false/false hard=true/true kept_hard=true/true
[TRACE_SEEDMERGE] cand=18 span=111148296-111153508 nodes=7 abund=1.000 vs kept=5 span=111148296-111174799 nodes=14 abund=1.000 ret=0 site=S15_HARD_EDGE_BOTH lens=[0,9223372036854775806,0,9223372036854775806] guide_pair=false/false hard=true/true kept_hard=true/true
[TRACE_SEEDMERGE] cand=18 span=111148296-111153508 nodes=7 abund=1.000 vs kept=6 span=111148296-111174799 nodes=14 abund=1.000 ret=0 site=S15_HARD_EDGE_BOTH lens=[0,9223372036854775806,0,9223372036854775806] guide_pair=false/false hard=true/true kept_hard=true/true
[TRACE_SEEDMERGE] cand=18 span=111148296-111153508 nodes=7 abund=1.000 vs kept=7 span=111148296-111175575 nodes=14 abund=1.000 ret=0 site=S15_HARD_EDGE_BOTH lens=[0,9223372036854775806,0,9223372036854775806] guide_pair=false/false hard=true/true kept_hard=true/true
[TRACE_SEEDMERGE] cand=18 span=111148296-111153508 nodes=7 abund=1.000 vs kept=8 span=111148296-111174799 nodes=13 abund=1.000 ret=0 site=S14_GAP_FILLED lens=[0,9223372036854775806,0,9223372036854775806] guide_pair=false/false hard=true/true kept_hard=true/true
[TRACE_SEEDMERGE] cand=18 span=111148296-111153508 nodes=7 abund=1.000 vs kept=9 span=111148296-111175575 nodes=13 abund=1.000 ret=0 site=S15_HARD_EDGE_BOTH lens=[0,9223372036854775806,0,9223372036854775806] guide_pair=false/false hard=true/true kept_hard=true/true
[TRACE_SEEDMERGE] cand=18 span=111148296-111153508 nodes=7 abund=1.000 vs kept=10 span=111148296-111174799 nodes=13 abund=1.000 ret=0 site=S16_MID_WALK_GAP lens=[0,9223372036854775806,0,9223372036854775806] guide_pair=false/false hard=true/true kept_hard=true/true
[TRACE_SEEDMERGE] cand=18 span=111148296-111153508 nodes=7 abund=1.000 vs kept=12 span=111148296-111175575 nodes=12 abund=1.000 ret=0 site=S15_HARD_EDGE_BOTH lens=[0,9223372036854775806,0,9223372036854775806] guide_pair=false/false hard=true/true kept_hard=true/true
[TRACE_SEEDMERGE] cand=18 span=111148296-111153508 nodes=7 abund=1.000 vs kept=13 span=111148296-111175575 nodes=12 abund=1.000 ret=2 site= lens=[0,0,-491,0] guide_pair=false/false hard=true/true kept_hard=true/true
[TRACE_SEEDMERGE]   decision=keep_both reason=ret2_gate
[TRACE_SEEDMERGE] cand=18 span=111148296-111153508 nodes=7 abund=1.000 vs kept=14 span=111148296-111174337 nodes=10 abund=1.000 ret=0 site=S15_HARD_EDGE_BOTH lens=[0,9223372036854775806,0,9223372036854775806] guide_pair=false/false hard=true/true kept_hard=true/true
[TRACE_SEEDMERGE] cand=18 span=111148296-111153508 nodes=7 abund=1.000 vs kept=15 span=111148296-111154728 nodes=9 abund=1.000 ret=0 site=S15_HARD_EDGE_BOTH lens=[0,9223372036854775806,0,9223372036854775806] guide_pair=false/false hard=true/true kept_hard=true/true
[TRACE_SEEDMERGE] keeptrf_add=18 span=111148296-111153508 nodes=7 abund=1.000 complete=true novel_splice_rescue=false
[TRACE_SEEDMERGE] cand=19 span=111152550-111174337 nodes=5 abund=1.000 vs kept=0 span=111148296-111174799 nodes=12 abund=6.000 ret=2 site= lens=[-1236,0,-314,200] guide_pair=false/false hard=false/true kept_hard=true/true
[TRACE_SEEDMERGE]   decision=keep_both reason=ret2_gate
[TRACE_SEEDMERGE] cand=19 span=111152550-111174337 nodes=5 abund=1.000 vs kept=1 span=111148296-111174799 nodes=13 abund=3.000 ret=0 site=S14_GAP_FILLED lens=[0,9223372036854775806,0,9223372036854775806] guide_pair=false/false hard=false/true kept_hard=true/true
[TRACE_SEEDMERGE] cand=19 span=111152550-111174337 nodes=5 abund=1.000 vs kept=2 span=111148296-111174799 nodes=11 abund=2.000 ret=2 site= lens=[-1126,0,-314,200] guide_pair=false/false hard=false/true kept_hard=true/true
[TRACE_SEEDMERGE]   decision=keep_both reason=ret2_gate
[TRACE_SEEDMERGE] cand=19 span=111152550-111174337 nodes=5 abund=1.000 vs kept=3 span=111148296-111174799 nodes=16 abund=1.000 ret=0 site=S14_GAP_FILLED lens=[0,9223372036854775806,0,9223372036854775806] guide_pair=false/false hard=false/true kept_hard=true/true
[TRACE_SEEDMERGE] cand=19 span=111152550-111174337 nodes=5 abund=1.000 vs kept=4 span=111148296-111175575 nodes=15 abund=1.000 ret=0 site=S14_GAP_FILLED lens=[0,9223372036854775806,0,9223372036854775806] guide_pair=false/false hard=false/true kept_hard=true/true
[TRACE_SEEDMERGE] cand=19 span=111152550-111174337 nodes=5 abund=1.000 vs kept=5 span=111148296-111174799 nodes=14 abund=1.000 ret=0 site=S14_GAP_FILLED lens=[0,9223372036854775806,0,9223372036854775806] guide_pair=false/false hard=false/true kept_hard=true/true
[TRACE_SEEDMERGE] cand=19 span=111152550-111174337 nodes=5 abund=1.000 vs kept=6 span=111148296-111174799 nodes=14 abund=1.000 ret=2 site= lens=[-1361,0,-314,200] guide_pair=false/false hard=false/true kept_hard=true/true
[TRACE_SEEDMERGE]   decision=keep_both reason=ret2_gate
[TRACE_SEEDMERGE] cand=19 span=111152550-111174337 nodes=5 abund=1.000 vs kept=7 span=111148296-111175575 nodes=14 abund=1.000 ret=0 site=S14_GAP_FILLED lens=[0,9223372036854775806,0,9223372036854775806] guide_pair=false/false hard=false/true kept_hard=true/true
[TRACE_SEEDMERGE] cand=19 span=111152550-111174337 nodes=5 abund=1.000 vs kept=8 span=111148296-111174799 nodes=13 abund=1.000 ret=0 site=S14_GAP_FILLED lens=[0,9223372036854775806,0,9223372036854775806] guide_pair=false/false hard=false/true kept_hard=true/true
[TRACE_SEEDMERGE] cand=19 span=111152550-111174337 nodes=5 abund=1.000 vs kept=9 span=111148296-111175575 nodes=13 abund=1.000 ret=0 site=S14_GAP_FILLED lens=[0,9223372036854775806,0,9223372036854775806] guide_pair=false/false hard=false/true kept_hard=true/true
[TRACE_SEEDMERGE] cand=19 span=111152550-111174337 nodes=5 abund=1.000 vs kept=10 span=111148296-111174799 nodes=13 abund=1.000 ret=2 site= lens=[-1331,0,-314,200] guide_pair=false/false hard=false/true kept_hard=true/true
[TRACE_SEEDMERGE]   decision=keep_both reason=ret2_gate
[TRACE_SEEDMERGE] cand=19 span=111152550-111174337 nodes=5 abund=1.000 vs kept=12 span=111148296-111175575 nodes=12 abund=1.000 ret=2 site= lens=[-1232,0,-239,200] guide_pair=false/false hard=false/true kept_hard=true/true
[TRACE_SEEDMERGE]   decision=keep_both reason=ret2_gate
[TRACE_SEEDMERGE] cand=19 span=111152550-111174337 nodes=5 abund=1.000 vs kept=13 span=111148296-111175575 nodes=12 abund=1.000 ret=0 site=S14_GAP_FILLED lens=[0,9223372036854775806,0,9223372036854775806] guide_pair=false/false hard=false/true kept_hard=true/true
[TRACE_SEEDMERGE] cand=19 span=111152550-111174337 nodes=5 abund=1.000 vs kept=14 span=111148296-111174337 nodes=10 abund=1.000 ret=2 site= lens=[-1232,0,-10,0] guide_pair=false/false hard=false/true kept_hard=true/true
[TRACE_SEEDMERGE]   decision=keep_both reason=ret2_gate
[TRACE_SEEDMERGE] cand=19 span=111152550-111174337 nodes=5 abund=1.000 vs kept=15 span=111148296-111154728 nodes=9 abund=1.000 ret=0 site=S8_RETE_CONTRADICT lens=[0,9223372036854775806,0,9223372036854775806] guide_pair=false/false hard=false/true kept_hard=true/true
[TRACE_SEEDMERGE] cand=19 span=111152550-111174337 nodes=5 abund=1.000 vs kept=18 span=111148296-111153508 nodes=7 abund=1.000 ret=0 site=S8_RETE_CONTRADICT lens=[0,9223372036854775806,0,9223372036854775806] guide_pair=false/false hard=false/true kept_hard=true/true
[TRACE_SEEDMERGE] cand=20 span=111148296-111152127 nodes=5 abund=1.000 vs kept=0 span=111148296-111174799 nodes=12 abund=6.000 ret=0 site=S9_HARDEND_S lens=[0,9223372036854775806,0,9223372036854775806] guide_pair=false/false hard=true/true kept_hard=true/true
[TRACE_SEEDMERGE] cand=20 span=111148296-111152127 nodes=5 abund=1.000 vs kept=1 span=111148296-111174799 nodes=13 abund=3.000 ret=0 site=S9_HARDEND_S lens=[0,9223372036854775806,0,9223372036854775806] guide_pair=false/false hard=true/true kept_hard=true/true
[TRACE_SEEDMERGE] cand=20 span=111148296-111152127 nodes=5 abund=1.000 vs kept=2 span=111148296-111174799 nodes=11 abund=2.000 ret=0 site=S9_HARDEND_S lens=[0,9223372036854775806,0,9223372036854775806] guide_pair=false/false hard=true/true kept_hard=true/true
[TRACE_SEEDMERGE] cand=20 span=111148296-111152127 nodes=5 abund=1.000 vs kept=3 span=111148296-111174799 nodes=16 abund=1.000 ret=0 site=S9_HARDEND_S lens=[0,9223372036854775806,0,9223372036854775806] guide_pair=false/false hard=true/true kept_hard=true/true
[TRACE_SEEDMERGE] cand=20 span=111148296-111152127 nodes=5 abund=1.000 vs kept=4 span=111148296-111175575 nodes=15 abund=1.000 ret=0 site=S9_HARDEND_S lens=[0,9223372036854775806,0,9223372036854775806] guide_pair=false/false hard=true/true kept_hard=true/true
[TRACE_SEEDMERGE] cand=20 span=111148296-111152127 nodes=5 abund=1.000 vs kept=5 span=111148296-111174799 nodes=14 abund=1.000 ret=0 site=S9_HARDEND_S lens=[0,9223372036854775806,0,9223372036854775806] guide_pair=false/false hard=true/true kept_hard=true/true
[TRACE_SEEDMERGE] cand=20 span=111148296-111152127 nodes=5 abund=1.000 vs kept=6 span=111148296-111174799 nodes=14 abund=1.000 ret=0 site=S9_HARDEND_S lens=[0,9223372036854775806,0,9223372036854775806] guide_pair=false/false hard=true/true kept_hard=true/true
[TRACE_SEEDMERGE] cand=20 span=111148296-111152127 nodes=5 abund=1.000 vs kept=7 span=111148296-111175575 nodes=14 abund=1.000 ret=0 site=S9_HARDEND_S lens=[0,9223372036854775806,0,9223372036854775806] guide_pair=false/false hard=true/true kept_hard=true/true
[TRACE_SEEDMERGE] cand=20 span=111148296-111152127 nodes=5 abund=1.000 vs kept=8 span=111148296-111174799 nodes=13 abund=1.000 ret=0 site=S9_HARDEND_S lens=[0,9223372036854775806,0,9223372036854775806] guide_pair=false/false hard=true/true kept_hard=true/true
[TRACE_SEEDMERGE] cand=20 span=111148296-111152127 nodes=5 abund=1.000 vs kept=9 span=111148296-111175575 nodes=13 abund=1.000 ret=0 site=S9_HARDEND_S lens=[0,9223372036854775806,0,9223372036854775806] guide_pair=false/false hard=true/true kept_hard=true/true
[TRACE_SEEDMERGE] cand=20 span=111148296-111152127 nodes=5 abund=1.000 vs kept=10 span=111148296-111174799 nodes=13 abund=1.000 ret=0 site=S9_HARDEND_S lens=[0,9223372036854775806,0,9223372036854775806] guide_pair=false/false hard=true/true kept_hard=true/true
[TRACE_SEEDMERGE] cand=20 span=111148296-111152127 nodes=5 abund=1.000 vs kept=12 span=111148296-111175575 nodes=12 abund=1.000 ret=0 site=S9_HARDEND_S lens=[0,9223372036854775806,0,9223372036854775806] guide_pair=false/false hard=true/true kept_hard=true/true
[TRACE_SEEDMERGE] cand=20 span=111148296-111152127 nodes=5 abund=1.000 vs kept=13 span=111148296-111175575 nodes=12 abund=1.000 ret=0 site=S9_HARDEND_S lens=[0,9223372036854775806,0,9223372036854775806] guide_pair=false/false hard=true/true kept_hard=true/true
[TRACE_SEEDMERGE] cand=20 span=111148296-111152127 nodes=5 abund=1.000 vs kept=14 span=111148296-111174337 nodes=10 abund=1.000 ret=0 site=S9_HARDEND_S lens=[0,9223372036854775806,0,9223372036854775806] guide_pair=false/false hard=true/true kept_hard=true/true
[TRACE_SEEDMERGE] cand=20 span=111148296-111152127 nodes=5 abund=1.000 vs kept=15 span=111148296-111154728 nodes=9 abund=1.000 ret=0 site=S9_HARDEND_S lens=[0,9223372036854775806,0,9223372036854775806] guide_pair=false/false hard=true/true kept_hard=true/true
[TRACE_SEEDMERGE] cand=20 span=111148296-111152127 nodes=5 abund=1.000 vs kept=18 span=111148296-111153508 nodes=7 abund=1.000 ret=0 site=S9_HARDEND_S lens=[0,9223372036854775806,0,9223372036854775806] guide_pair=false/false hard=true/true kept_hard=true/true
[TRACE_SEEDMERGE] keeptrf_add=20 span=111148296-111152127 nodes=5 abund=1.000 complete=true novel_splice_rescue=false
[TRACE_SEEDMERGE] cand=21 span=111154667-111174642 nodes=4 abund=1.000 vs kept=0 span=111148296-111174799 nodes=12 abund=6.000 ret=2 site= lens=[-1460,0,-232,0] guide_pair=false/false hard=false/true kept_hard=true/true
[TRACE_SEEDMERGE]   decision=keep_both reason=ret2_gate
[TRACE_SEEDMERGE] cand=21 span=111154667-111174642 nodes=4 abund=1.000 vs kept=1 span=111148296-111174799 nodes=13 abund=3.000 ret=2 site= lens=[-2190,0,-232,0] guide_pair=false/false hard=false/true kept_hard=true/true
[TRACE_SEEDMERGE]   decision=keep_both reason=ret2_gate
[TRACE_SEEDMERGE] cand=21 span=111154667-111174642 nodes=4 abund=1.000 vs kept=2 span=111148296-111174799 nodes=11 abund=2.000 ret=2 site= lens=[-1350,0,-232,0] guide_pair=false/false hard=false/true kept_hard=true/true
[TRACE_SEEDMERGE]   decision=keep_both reason=ret2_gate
[TRACE_SEEDMERGE] cand=21 span=111154667-111174642 nodes=4 abund=1.000 vs kept=3 span=111148296-111174799 nodes=16 abund=1.000 ret=2 site= lens=[-2760,0,-232,0] guide_pair=false/false hard=false/true kept_hard=true/true
[TRACE_SEEDMERGE]   decision=keep_both reason=ret2_gate
[TRACE_SEEDMERGE] cand=21 span=111154667-111174642 nodes=4 abund=1.000 vs kept=4 span=111148296-111175575 nodes=15 abund=1.000 ret=2 site= lens=[-2337,0,-168,0] guide_pair=false/false hard=false/true kept_hard=true/true
[TRACE_SEEDMERGE]   decision=keep_both reason=ret2_gate
[TRACE_SEEDMERGE] cand=21 span=111154667-111174642 nodes=4 abund=1.000 vs kept=5 span=111148296-111174799 nodes=14 abund=1.000 ret=2 site= lens=[-2613,0,-204,0] guide_pair=false/false hard=false/true kept_hard=true/true
[TRACE_SEEDMERGE]   decision=keep_both reason=ret2_gate
[TRACE_SEEDMERGE] cand=21 span=111154667-111174642 nodes=4 abund=1.000 vs kept=6 span=111148296-111174799 nodes=14 abund=1.000 ret=2 site= lens=[-1585,0,-232,0] guide_pair=false/false hard=false/true kept_hard=true/true
[TRACE_SEEDMERGE]   decision=keep_both reason=ret2_gate
[TRACE_SEEDMERGE] cand=21 span=111154667-111174642 nodes=4 abund=1.000 vs kept=7 span=111148296-111175575 nodes=14 abund=1.000 ret=2 site= lens=[-2613,0,-169,0] guide_pair=false/false hard=false/true kept_hard=true/true
[TRACE_SEEDMERGE]   decision=keep_both reason=ret2_gate
[TRACE_SEEDMERGE] cand=21 span=111154667-111174642 nodes=4 abund=1.000 vs kept=8 span=111148296-111174799 nodes=13 abund=1.000 ret=2 site= lens=[-2507,0,-232,0] guide_pair=false/false hard=false/true kept_hard=true/true
[TRACE_SEEDMERGE]   decision=keep_both reason=ret2_gate
[TRACE_SEEDMERGE] cand=21 span=111154667-111174642 nodes=4 abund=1.000 vs kept=9 span=111148296-111175575 nodes=13 abund=1.000 ret=2 site= lens=[-2190,0,-163,0] guide_pair=false/false hard=false/true kept_hard=true/true
[TRACE_SEEDMERGE]   decision=keep_both reason=ret2_gate
[TRACE_SEEDMERGE] cand=21 span=111154667-111174642 nodes=4 abund=1.000 vs kept=10 span=111148296-111174799 nodes=13 abund=1.000 ret=2 site= lens=[-1555,0,-232,0] guide_pair=false/false hard=false/true kept_hard=true/true
[TRACE_SEEDMERGE]   decision=keep_both reason=ret2_gate
[TRACE_SEEDMERGE] cand=21 span=111154667-111174642 nodes=4 abund=1.000 vs kept=12 span=111148296-111175575 nodes=12 abund=1.000 ret=2 site= lens=[-1456,0,-157,0] guide_pair=false/false hard=false/true kept_hard=true/true
[TRACE_SEEDMERGE]   decision=keep_both reason=ret2_gate
[TRACE_SEEDMERGE] cand=21 span=111154667-111174642 nodes=4 abund=1.000 vs kept=13 span=111148296-111175575 nodes=12 abund=1.000 ret=2 site= lens=[-2084,0,-153,0] guide_pair=false/false hard=false/true kept_hard=true/true
[TRACE_SEEDMERGE]   decision=keep_both reason=ret2_gate
[TRACE_SEEDMERGE] cand=21 span=111154667-111174642 nodes=4 abund=1.000 vs kept=14 span=111148296-111174337 nodes=10 abund=1.000 ret=0 site=S8_RETE_CONTRADICT lens=[0,9223372036854775806,0,9223372036854775806] guide_pair=false/false hard=false/true kept_hard=true/true
[TRACE_SEEDMERGE] cand=21 span=111154667-111174642 nodes=4 abund=1.000 vs kept=15 span=111148296-111154728 nodes=9 abund=1.000 ret=0 site=S8_RETE_CONTRADICT lens=[0,9223372036854775806,0,9223372036854775806] guide_pair=false/false hard=false/true kept_hard=true/true
[TRACE_SEEDMERGE] cand=21 span=111154667-111174642 nodes=4 abund=1.000 vs kept=18 span=111148296-111153508 nodes=7 abund=1.000 ret=0 site=S3_NO_OVERLAP lens=[0,9223372036854775806,0,9223372036854775806] guide_pair=false/false hard=false/true kept_hard=true/true
[TRACE_SEEDMERGE] cand=21 span=111154667-111174642 nodes=4 abund=1.000 vs kept=20 span=111148296-111152127 nodes=5 abund=1.000 ret=0 site=S3_NO_OVERLAP lens=[0,9223372036854775806,0,9223372036854775806] guide_pair=false/false hard=false/true kept_hard=true/true
[TRACE_SEEDMERGE] cand=22 span=111148296-111150559 nodes=3 abund=1.000 vs kept=0 span=111148296-111174799 nodes=12 abund=6.000 ret=0 site=S9_HARDEND_S lens=[0,9223372036854775806,0,9223372036854775806] guide_pair=false/false hard=true/true kept_hard=true/true
[TRACE_SEEDMERGE] cand=22 span=111148296-111150559 nodes=3 abund=1.000 vs kept=1 span=111148296-111174799 nodes=13 abund=3.000 ret=0 site=S9_HARDEND_S lens=[0,9223372036854775806,0,9223372036854775806] guide_pair=false/false hard=true/true kept_hard=true/true
[TRACE_SEEDMERGE] cand=22 span=111148296-111150559 nodes=3 abund=1.000 vs kept=2 span=111148296-111174799 nodes=11 abund=2.000 ret=0 site=S9_HARDEND_S lens=[0,9223372036854775806,0,9223372036854775806] guide_pair=false/false hard=true/true kept_hard=true/true
[TRACE_SEEDMERGE] cand=22 span=111148296-111150559 nodes=3 abund=1.000 vs kept=3 span=111148296-111174799 nodes=16 abund=1.000 ret=0 site=S9_HARDEND_S lens=[0,9223372036854775806,0,9223372036854775806] guide_pair=false/false hard=true/true kept_hard=true/true
[TRACE_SEEDMERGE] cand=22 span=111148296-111150559 nodes=3 abund=1.000 vs kept=4 span=111148296-111175575 nodes=15 abund=1.000 ret=0 site=S9_HARDEND_S lens=[0,9223372036854775806,0,9223372036854775806] guide_pair=false/false hard=true/true kept_hard=true/true
[TRACE_SEEDMERGE] cand=22 span=111148296-111150559 nodes=3 abund=1.000 vs kept=5 span=111148296-111174799 nodes=14 abund=1.000 ret=0 site=S9_HARDEND_S lens=[0,9223372036854775806,0,9223372036854775806] guide_pair=false/false hard=true/true kept_hard=true/true
[TRACE_SEEDMERGE] cand=22 span=111148296-111150559 nodes=3 abund=1.000 vs kept=6 span=111148296-111174799 nodes=14 abund=1.000 ret=0 site=S9_HARDEND_S lens=[0,9223372036854775806,0,9223372036854775806] guide_pair=false/false hard=true/true kept_hard=true/true
[TRACE_SEEDMERGE] cand=22 span=111148296-111150559 nodes=3 abund=1.000 vs kept=7 span=111148296-111175575 nodes=14 abund=1.000 ret=0 site=S9_HARDEND_S lens=[0,9223372036854775806,0,9223372036854775806] guide_pair=false/false hard=true/true kept_hard=true/true
[TRACE_SEEDMERGE] cand=22 span=111148296-111150559 nodes=3 abund=1.000 vs kept=8 span=111148296-111174799 nodes=13 abund=1.000 ret=0 site=S9_HARDEND_S lens=[0,9223372036854775806,0,9223372036854775806] guide_pair=false/false hard=true/true kept_hard=true/true
[TRACE_SEEDMERGE] cand=22 span=111148296-111150559 nodes=3 abund=1.000 vs kept=9 span=111148296-111175575 nodes=13 abund=1.000 ret=0 site=S9_HARDEND_S lens=[0,9223372036854775806,0,9223372036854775806] guide_pair=false/false hard=true/true kept_hard=true/true
[TRACE_SEEDMERGE] cand=22 span=111148296-111150559 nodes=3 abund=1.000 vs kept=10 span=111148296-111174799 nodes=13 abund=1.000 ret=0 site=S9_HARDEND_S lens=[0,9223372036854775806,0,9223372036854775806] guide_pair=false/false hard=true/true kept_hard=true/true
[TRACE_SEEDMERGE] cand=22 span=111148296-111150559 nodes=3 abund=1.000 vs kept=12 span=111148296-111175575 nodes=12 abund=1.000 ret=0 site=S9_HARDEND_S lens=[0,9223372036854775806,0,9223372036854775806] guide_pair=false/false hard=true/true kept_hard=true/true
[TRACE_SEEDMERGE] cand=22 span=111148296-111150559 nodes=3 abund=1.000 vs kept=13 span=111148296-111175575 nodes=12 abund=1.000 ret=0 site=S9_HARDEND_S lens=[0,9223372036854775806,0,9223372036854775806] guide_pair=false/false hard=true/true kept_hard=true/true
[TRACE_SEEDMERGE] cand=22 span=111148296-111150559 nodes=3 abund=1.000 vs kept=14 span=111148296-111174337 nodes=10 abund=1.000 ret=0 site=S9_HARDEND_S lens=[0,9223372036854775806,0,9223372036854775806] guide_pair=false/false hard=true/true kept_hard=true/true
[TRACE_SEEDMERGE] cand=22 span=111148296-111150559 nodes=3 abund=1.000 vs kept=15 span=111148296-111154728 nodes=9 abund=1.000 ret=0 site=S9_HARDEND_S lens=[0,9223372036854775806,0,9223372036854775806] guide_pair=false/false hard=true/true kept_hard=true/true
[TRACE_SEEDMERGE] cand=22 span=111148296-111150559 nodes=3 abund=1.000 vs kept=18 span=111148296-111153508 nodes=7 abund=1.000 ret=0 site=S9_HARDEND_S lens=[0,9223372036854775806,0,9223372036854775806] guide_pair=false/false hard=true/true kept_hard=true/true
[TRACE_SEEDMERGE] cand=22 span=111148296-111150559 nodes=3 abund=1.000 vs kept=20 span=111148296-111152127 nodes=5 abund=1.000 ret=0 site=S2_HARDEND_BOTH lens=[0,9223372036854775806,0,9223372036854775806] guide_pair=false/false hard=true/true kept_hard=true/true
[TRACE_SEEDMERGE] keeptrf_add=22 span=111148296-111150559 nodes=3 abund=1.000 complete=true novel_splice_rescue=false
[TRACE_SEEDMERGE] cand=23 span=111148296-111149171 nodes=2 abund=1.000 vs kept=0 span=111148296-111174799 nodes=12 abund=6.000 ret=2 site= lens=[-4,0,-1040,0] guide_pair=false/false hard=true/false kept_hard=true/true
[TRACE_SEEDMERGE]   decision=keep_both reason=ret2_gate
[TRACE_SEEDMERGE] cand=23 span=111148296-111149171 nodes=2 abund=1.000 vs kept=1 span=111148296-111174799 nodes=13 abund=3.000 ret=2 site= lens=[0,0,-1774,0] guide_pair=false/false hard=true/false kept_hard=true/true
[TRACE_SEEDMERGE]   decision=keep_both reason=ret2_gate
[TRACE_SEEDMERGE] cand=23 span=111148296-111149171 nodes=2 abund=1.000 vs kept=2 span=111148296-111174799 nodes=11 abund=2.000 ret=2 site= lens=[0,0,-1040,106] guide_pair=false/false hard=true/false kept_hard=true/true
[TRACE_SEEDMERGE]   decision=keep_both reason=ret2_gate
[TRACE_SEEDMERGE] cand=23 span=111148296-111149171 nodes=2 abund=1.000 vs kept=3 span=111148296-111174799 nodes=16 abund=1.000 ret=2 site= lens=[0,0,-2344,0] guide_pair=false/false hard=true/false kept_hard=true/true
[TRACE_SEEDMERGE]   decision=keep_both reason=ret2_gate
[TRACE_SEEDMERGE] cand=23 span=111148296-111149171 nodes=2 abund=1.000 vs kept=4 span=111148296-111175575 nodes=15 abund=1.000 ret=2 site= lens=[0,0,-1857,0] guide_pair=false/false hard=true/false kept_hard=true/true
[TRACE_SEEDMERGE]   decision=keep_both reason=ret2_gate
[TRACE_SEEDMERGE] cand=23 span=111148296-111149171 nodes=2 abund=1.000 vs kept=5 span=111148296-111174799 nodes=14 abund=1.000 ret=2 site= lens=[0,0,-2169,0] guide_pair=false/false hard=true/false kept_hard=true/true
[TRACE_SEEDMERGE]   decision=keep_both reason=ret2_gate
[TRACE_SEEDMERGE] cand=23 span=111148296-111149171 nodes=2 abund=1.000 vs kept=6 span=111148296-111174799 nodes=14 abund=1.000 ret=2 site= lens=[0,0,-1169,0] guide_pair=false/false hard=true/false kept_hard=true/true
[TRACE_SEEDMERGE]   decision=keep_both reason=ret2_gate
[TRACE_SEEDMERGE] cand=23 span=111148296-111149171 nodes=2 abund=1.000 vs kept=7 span=111148296-111175575 nodes=14 abund=1.000 ret=2 site= lens=[0,0,-2134,0] guide_pair=false/false hard=true/false kept_hard=true/true
[TRACE_SEEDMERGE]   decision=keep_both reason=ret2_gate
[TRACE_SEEDMERGE] cand=23 span=111148296-111149171 nodes=2 abund=1.000 vs kept=8 span=111148296-111174799 nodes=13 abund=1.000 ret=2 site= lens=[0,0,-2197,106] guide_pair=false/false hard=true/false kept_hard=true/true
[TRACE_SEEDMERGE]   decision=keep_both reason=ret2_gate
[TRACE_SEEDMERGE] cand=23 span=111148296-111149171 nodes=2 abund=1.000 vs kept=9 span=111148296-111175575 nodes=13 abund=1.000 ret=2 site= lens=[0,0,-1705,0] guide_pair=false/false hard=true/false kept_hard=true/true
[TRACE_SEEDMERGE]   decision=keep_both reason=ret2_gate
[TRACE_SEEDMERGE] cand=23 span=111148296-111149171 nodes=2 abund=1.000 vs kept=10 span=111148296-111174799 nodes=13 abund=1.000 ret=2 site= lens=[0,0,-1139,0] guide_pair=false/false hard=true/false kept_hard=true/true
[TRACE_SEEDMERGE]   decision=keep_both reason=ret2_gate
[TRACE_SEEDMERGE] cand=23 span=111148296-111149171 nodes=2 abund=1.000 vs kept=12 span=111148296-111175575 nodes=12 abund=1.000 ret=2 site= lens=[0,0,-965,0] guide_pair=false/false hard=true/false kept_hard=true/true
[TRACE_SEEDMERGE]   decision=keep_both reason=ret2_gate
[TRACE_SEEDMERGE] cand=23 span=111148296-111149171 nodes=2 abund=1.000 vs kept=13 span=111148296-111175575 nodes=12 abund=1.000 ret=2 site= lens=[0,0,-1695,106] guide_pair=false/false hard=true/false kept_hard=true/true
[TRACE_SEEDMERGE]   decision=keep_both reason=ret2_gate
[TRACE_SEEDMERGE] cand=23 span=111148296-111149171 nodes=2 abund=1.000 vs kept=14 span=111148296-111174337 nodes=10 abund=1.000 ret=2 site= lens=[0,0,-936,0] guide_pair=false/false hard=true/false kept_hard=true/true
[TRACE_SEEDMERGE]   decision=keep_both reason=ret2_gate
[TRACE_SEEDMERGE] cand=23 span=111148296-111149171 nodes=2 abund=1.000 vs kept=15 span=111148296-111154728 nodes=9 abund=1.000 ret=2 site= lens=[0,0,-761,106] guide_pair=false/false hard=true/false kept_hard=true/true
[TRACE_SEEDMERGE]   decision=keep_both reason=ret2_gate
[TRACE_SEEDMERGE] cand=23 span=111148296-111149171 nodes=2 abund=1.000 vs kept=18 span=111148296-111153508 nodes=7 abund=1.000 ret=2 site= lens=[0,0,-1204,106] guide_pair=false/false hard=true/false kept_hard=true/true
[TRACE_SEEDMERGE]   decision=keep_both reason=ret2_gate
[TRACE_SEEDMERGE] cand=23 span=111148296-111149171 nodes=2 abund=1.000 vs kept=20 span=111148296-111152127 nodes=5 abund=1.000 ret=2 site= lens=[0,0,-361,0] guide_pair=false/false hard=true/false kept_hard=true/true
[TRACE_SEEDMERGE]   decision=keep_both reason=ret2_gate
[TRACE_SEEDMERGE] cand=23 span=111148296-111149171 nodes=2 abund=1.000 vs kept=22 span=111148296-111150559 nodes=3 abund=1.000 ret=2 site= lens=[0,0,-128,0] guide_pair=false/false hard=true/false kept_hard=true/true
[TRACE_SEEDMERGE]   decision=keep_both reason=ret2_gate
[TRACE_SEEDMERGE] cand=24 span=111174518-111175575 nodes=2 abund=1.000 vs kept=0 span=111148296-111174799 nodes=12 abund=6.000 ret=0 site=S8_RETE_CONTRADICT lens=[0,9223372036854775806,0,9223372036854775806] guide_pair=false/false hard=false/true kept_hard=true/true
[TRACE_SEEDMERGE] cand=24 span=111174518-111175575 nodes=2 abund=1.000 vs kept=1 span=111148296-111174799 nodes=13 abund=3.000 ret=0 site=S8_RETE_CONTRADICT lens=[0,9223372036854775806,0,9223372036854775806] guide_pair=false/false hard=false/true kept_hard=true/true
[TRACE_SEEDMERGE] cand=24 span=111174518-111175575 nodes=2 abund=1.000 vs kept=2 span=111148296-111174799 nodes=11 abund=2.000 ret=0 site=S8_RETE_CONTRADICT lens=[0,9223372036854775806,0,9223372036854775806] guide_pair=false/false hard=false/true kept_hard=true/true
[TRACE_SEEDMERGE] cand=24 span=111174518-111175575 nodes=2 abund=1.000 vs kept=3 span=111148296-111174799 nodes=16 abund=1.000 ret=0 site=S8_RETE_CONTRADICT lens=[0,9223372036854775806,0,9223372036854775806] guide_pair=false/false hard=false/true kept_hard=true/true
[TRACE_SEEDMERGE] cand=24 span=111174518-111175575 nodes=2 abund=1.000 vs kept=4 span=111148296-111175575 nodes=15 abund=1.000 ret=2 site= lens=[-2511,0,-13,0] guide_pair=false/false hard=false/true kept_hard=true/true
[TRACE_SEEDMERGE]   decision=keep_both reason=ret2_gate
[TRACE_SEEDMERGE] cand=24 span=111174518-111175575 nodes=2 abund=1.000 vs kept=5 span=111148296-111174799 nodes=14 abund=1.000 ret=0 site=S8_RETE_CONTRADICT lens=[0,9223372036854775806,0,9223372036854775806] guide_pair=false/false hard=false/true kept_hard=true/true
[TRACE_SEEDMERGE] cand=24 span=111174518-111175575 nodes=2 abund=1.000 vs kept=6 span=111148296-111174799 nodes=14 abund=1.000 ret=0 site=S8_RETE_CONTRADICT lens=[0,9223372036854775806,0,9223372036854775806] guide_pair=false/false hard=false/true kept_hard=true/true
[TRACE_SEEDMERGE] cand=24 span=111174518-111175575 nodes=2 abund=1.000 vs kept=7 span=111148296-111175575 nodes=14 abund=1.000 ret=2 site= lens=[-2787,0,-14,0] guide_pair=false/false hard=false/true kept_hard=true/true
[TRACE_SEEDMERGE]   decision=keep_both reason=ret2_gate
[TRACE_SEEDMERGE] cand=24 span=111174518-111175575 nodes=2 abund=1.000 vs kept=8 span=111148296-111174799 nodes=13 abund=1.000 ret=0 site=S8_RETE_CONTRADICT lens=[0,9223372036854775806,0,9223372036854775806] guide_pair=false/false hard=false/true kept_hard=true/true
[TRACE_SEEDMERGE] cand=24 span=111174518-111175575 nodes=2 abund=1.000 vs kept=9 span=111148296-111175575 nodes=13 abund=1.000 ret=2 site= lens=[-2364,0,-8,0] guide_pair=false/false hard=false/true kept_hard=true/true
[TRACE_SEEDMERGE]   decision=keep_both reason=ret2_gate
[TRACE_SEEDMERGE] cand=24 span=111174518-111175575 nodes=2 abund=1.000 vs kept=10 span=111148296-111174799 nodes=13 abund=1.000 ret=0 site=S8_RETE_CONTRADICT lens=[0,9223372036854775806,0,9223372036854775806] guide_pair=false/false hard=false/true kept_hard=true/true
[TRACE_SEEDMERGE] cand=24 span=111174518-111175575 nodes=2 abund=1.000 vs kept=12 span=111148296-111175575 nodes=12 abund=1.000 ret=2 site= lens=[-1630,0,-2,0] guide_pair=false/false hard=false/true kept_hard=true/true
[TRACE_SEEDMERGE]   decision=keep_both reason=ret2_gate
[TRACE_SEEDMERGE] cand=24 span=111174518-111175575 nodes=2 abund=1.000 vs kept=13 span=111148296-111175575 nodes=12 abund=1.000 ret=2 site= lens=[-2258,0,2,0] guide_pair=false/false hard=false/true kept_hard=true/true
[TRACE_SEEDMERGE]   decision=keep_both reason=ret2_gate
[TRACE_SEEDMERGE] cand=24 span=111174518-111175575 nodes=2 abund=1.000 vs kept=14 span=111148296-111174337 nodes=10 abund=1.000 ret=0 site=S3_NO_OVERLAP lens=[0,9223372036854775806,0,9223372036854775806] guide_pair=false/false hard=false/true kept_hard=true/true
[TRACE_SEEDMERGE] cand=24 span=111174518-111175575 nodes=2 abund=1.000 vs kept=15 span=111148296-111154728 nodes=9 abund=1.000 ret=0 site=S3_NO_OVERLAP lens=[0,9223372036854775806,0,9223372036854775806] guide_pair=false/false hard=false/true kept_hard=true/true
[TRACE_SEEDMERGE] cand=24 span=111174518-111175575 nodes=2 abund=1.000 vs kept=18 span=111148296-111153508 nodes=7 abund=1.000 ret=0 site=S3_NO_OVERLAP lens=[0,9223372036854775806,0,9223372036854775806] guide_pair=false/false hard=false/true kept_hard=true/true
[TRACE_SEEDMERGE] cand=24 span=111174518-111175575 nodes=2 abund=1.000 vs kept=20 span=111148296-111152127 nodes=5 abund=1.000 ret=0 site=S3_NO_OVERLAP lens=[0,9223372036854775806,0,9223372036854775806] guide_pair=false/false hard=false/true kept_hard=true/true
[TRACE_SEEDMERGE] cand=24 span=111174518-111175575 nodes=2 abund=1.000 vs kept=22 span=111148296-111150559 nodes=3 abund=1.000 ret=0 site=S3_NO_OVERLAP lens=[0,9223372036854775806,0,9223372036854775806] guide_pair=false/false hard=false/true kept_hard=true/true
[TRACE_SRCSINK_PRE] node=1(111148296-111149065) rep=0 addsource=26.000 addsink=0.000 hardstart=false hardend=false hassource=Some(25) hassink=None keepsource=true keepsink=false parents=[0] children=[2, 4]
[TRACE_SRCSINK_PRE] node=1(111148296-111149065) rep=1 addsource=26.000 addsink=0.000 hardstart=false hardend=false hassource=Some(25) hassink=None keepsource=true keepsink=false parents=[0] children=[2, 4]
[TRACE_SRCSINK_PRE] node=1(111148296-111149065) rep=2 addsource=26.000 addsink=0.000 hardstart=false hardend=false hassource=Some(25) hassink=None keepsource=true keepsink=false parents=[0] children=[2, 4]
[TRACE_SRCSINK_PRE] node=1(111148296-111149065) rep=3 addsource=26.000 addsink=0.000 hardstart=false hardend=false hassource=Some(25) hassink=None keepsource=true keepsink=false parents=[0] children=[2, 4]
[TRACE_SRCSINK_PRE] node=1(111148296-111149065) rep=4 addsource=26.000 addsink=0.000 hardstart=false hardend=false hassource=Some(25) hassink=None keepsource=true keepsink=false parents=[0] children=[2, 4]
[TRACE_SRCSINK_PRE] node=1(111148296-111149065) rep=5 addsource=26.000 addsink=0.000 hardstart=false hardend=false hassource=Some(25) hassink=None keepsource=true keepsink=false parents=[0] children=[2, 4]
[TRACE_SRCSINK_PRE] node=1(111148296-111149065) rep=6 addsource=26.000 addsink=0.000 hardstart=false hardend=false hassource=Some(25) hassink=None keepsource=true keepsink=false parents=[0] children=[2, 4]
[TRACE_SRCSINK_PRE] node=1(111148296-111149065) rep=7 addsource=26.000 addsink=0.000 hardstart=false hardend=false hassource=Some(25) hassink=None keepsource=true keepsink=false parents=[0] children=[2, 4]
[TRACE_SRCSINK_PRE] node=1(111148296-111149065) rep=8 addsource=26.000 addsink=0.000 hardstart=false hardend=false hassource=Some(25) hassink=None keepsource=true keepsink=false parents=[0] children=[2, 4]
[TRACE_SRCSINK_PRE] node=1(111148296-111149065) rep=9 addsource=26.000 addsink=0.000 hardstart=false hardend=false hassource=Some(25) hassink=None keepsource=true keepsink=false parents=[0] children=[2, 4]
[TRACE_SRCSINK_PRE] node=1(111148296-111149065) rep=10 addsource=26.000 addsink=0.000 hardstart=false hardend=false hassource=Some(25) hassink=None keepsource=true keepsink=false parents=[0] children=[2, 4]
[TRACE_SRCSINK_PRE] node=1(111148296-111149065) rep=12 addsource=26.000 addsink=0.000 hardstart=false hardend=false hassource=Some(25) hassink=None keepsource=true keepsink=false parents=[0] children=[2, 4]
[TRACE_SRCSINK_PRE] node=1(111148296-111149065) rep=13 addsource=26.000 addsink=0.000 hardstart=false hardend=false hassource=Some(25) hassink=None keepsource=true keepsink=false parents=[0] children=[2, 4]
[TRACE_SRCSINK_PRE] node=1(111148296-111149065) rep=14 addsource=26.000 addsink=0.000 hardstart=false hardend=false hassource=Some(25) hassink=None keepsource=true keepsink=false parents=[0] children=[2, 4]
[TRACE_SRCSINK_PRE] node=1(111148296-111149065) rep=15 addsource=26.000 addsink=0.000 hardstart=false hardend=false hassource=Some(25) hassink=None keepsource=true keepsink=false parents=[0] children=[2, 4]
[TRACE_SRCSINK_PRE] node=1(111148296-111149065) rep=18 addsource=26.000 addsink=0.000 hardstart=false hardend=false hassource=Some(25) hassink=None keepsource=true keepsink=false parents=[0] children=[2, 4]
[TRACE_SRCSINK_PRE] node=1(111148296-111149065) rep=20 addsource=26.000 addsink=0.000 hardstart=false hardend=false hassource=Some(25) hassink=None keepsource=true keepsink=false parents=[0] children=[2, 4]
[TRACE_SRCSINK_PRE] node=1(111148296-111149065) rep=22 addsource=26.000 addsink=0.000 hardstart=false hardend=false hassource=Some(25) hassink=None keepsource=true keepsink=false parents=[0] children=[2, 4]
[TRACE_SRCSINK_PRE] node=3(111150204-111150303) rep=- addsource=0.000 addsink=0.000 hardstart=false hardend=false hassource=Some(26) hassink=None keepsource=false keepsink=false parents=[0] children=[4]
[TRACE_SRCSINK_PRE] node=4(111150431-111150559) rep=- addsource=0.000 addsink=1.000 hardstart=false hardend=true hassource=None hassink=None keepsource=false keepsink=true parents=[1, 2, 3] children=[5, 6, 8, 22]
[TRACE_SRCSINK_PRE] node=9(111151979-111152127) rep=- addsource=0.000 addsink=1.000 hardstart=false hardend=true hassource=None hassink=None keepsource=false keepsink=true parents=[8] children=[10, 11, 22]
[TRACE_SRCSINK_PRE] node=11(111152550-111152646) rep=- addsource=0.000 addsink=0.000 hardstart=false hardend=true hassource=None hassink=None keepsource=false keepsink=false parents=[9, 10] children=[12, 13, 22]
[TRACE_SRCSINK_PRE] node=13(111153380-111153508) rep=- addsource=0.000 addsink=1.000 hardstart=false hardend=false hassource=None hassink=None keepsource=false keepsink=true parents=[11, 12] children=[14, 15]
[TRACE_SRCSINK_PRE] node=14(111153508-111153535) rep=- addsource=0.000 addsink=0.000 hardstart=false hardend=false hassource=None hassink=Some(27) keepsource=false keepsink=false parents=[13] children=[22]
[TRACE_SRCSINK_PRE] node=15(111154667-111154728) rep=- addsource=0.000 addsink=1.000 hardstart=false hardend=false hassource=None hassink=None keepsource=false keepsink=true parents=[13] children=[16]
[TRACE_SRCSINK_PRE] node=17(111174127-111174337) rep=- addsource=0.000 addsink=1.000 hardstart=false hardend=false hassource=None hassink=Some(28) keepsource=false keepsink=true parents=[16] children=[22]
[TRACE_SRCSINK_PRE] node=20(111174642-111174799) rep=- addsource=0.000 addsink=16.000 hardstart=false hardend=false hassource=None hassink=Some(29) keepsource=false keepsink=true parents=[19] children=[22]
[TRACE_SRCSINK_PRE] node=21(111175478-111175575) rep=- addsource=0.000 addsink=5.000 hardstart=false hardend=false hassource=None hassink=Some(30) keepsource=false keepsink=true parents=[19] children=[22]
[TRACE_SRCSINK_POST] source_trfs=25:0-111149065 nodes=[0, 1] abund=26.000 long=true | 26:0-111150303 nodes=[0, 3] abund=0.000 long=true
[TRACE_SRCSINK_POST] sink_trfs=
[TRACE_KEEPTRF] rep=18 usepath=17 seed=true span=111148296-111153508 nodes=7 origin=read_map group=[] origin_mix=[read_map:1]
[TRACE_PAT_TF] stage=keeptrf.rep_pattern tf=18 pivot=13 coord=111153380-111153508 pop=13 group=0 longstart=111148300 longend=111153393
[TRACE_PAT_TF]   child=14 coord=111153508-111153535 edge_bit=false child_bit=false sink=false
[TRACE_PAT_TF]   child=15 coord=111154667-111154728 edge_bit=false child_bit=false sink=false
[TRACE_KEEPTRF] rep=15 usepath=16 seed=true span=111148296-111154728 nodes=9 origin=read_map group=[] origin_mix=[read_map:1]
[TRACE_PAT_TF] stage=keeptrf.rep_pattern tf=15 pivot=15 coord=111154667-111154728 pop=17 group=0 longstart=111148300 longend=111154714
[TRACE_PAT_TF]   child=16 coord=111174047-111174127 edge_bit=false child_bit=false sink=false
[TRACE_KEEPTRF] rep=22 usepath=15 seed=true span=111148296-111150559 nodes=3 origin=read_map group=[] origin_mix=[read_map:1]
[TRACE_PAT_TF] stage=keeptrf.rep_pattern tf=22 pivot=4 coord=111150431-111150559 pop=5 group=0 longstart=111148300 longend=0
[TRACE_PAT_TF]   child=5 coord=111150559-111150675 edge_bit=false child_bit=false sink=false
[TRACE_PAT_TF]   child=6 coord=111150675-111150706 edge_bit=false child_bit=false sink=false
[TRACE_PAT_TF]   child=8 coord=111151310-111151395 edge_bit=false child_bit=false sink=false
[TRACE_PAT_TF]   child=22 coord=0-0 edge_bit=false child_bit=false sink=true
[TRACE_KEEPTRF] rep=20 usepath=14 seed=true span=111148296-111152127 nodes=5 origin=read_map group=[] origin_mix=[read_map:1]
[TRACE_PAT_TF] stage=keeptrf.rep_pattern tf=20 pivot=9 coord=111151979-111152127 pop=9 group=0 longstart=111148300 longend=0
[TRACE_PAT_TF]   child=10 coord=111152127-111152550 edge_bit=false child_bit=false sink=false
[TRACE_PAT_TF]   child=11 coord=111152550-111152646 edge_bit=false child_bit=false sink=false
[TRACE_PAT_TF]   child=22 coord=0-0 edge_bit=false child_bit=false sink=true
[TRACE_KEEPTRF] rep=14 usepath=13 seed=true span=111148296-111174337 nodes=10 origin=read_map group=[] origin_mix=[read_map:1]
[TRACE_PAT_TF] stage=keeptrf.rep_pattern tf=14 pivot=17 coord=111174127-111174337 pop=19 group=0 longstart=111148300 longend=111174337
[TRACE_PAT_TF]   child=22 coord=0-0 edge_bit=false child_bit=false sink=true
[TRACE_KEEPTRF] rep=13 usepath=12 seed=true span=111148296-111175575 nodes=12 origin=read_map group=[] origin_mix=[read_map:1]
[TRACE_PAT_TF] stage=keeptrf.rep_pattern tf=13 pivot=21 coord=111175478-111175575 pop=23 group=0 longstart=111148300 longend=111175556
[TRACE_PAT_TF]   child=22 coord=0-0 edge_bit=false child_bit=false sink=true
[TRACE_KEEPTRF] rep=12 usepath=11 seed=true span=111148296-111175575 nodes=12 origin=read_map group=[] origin_mix=[read_map:1]
[TRACE_PAT_TF] stage=keeptrf.rep_pattern tf=12 pivot=21 coord=111175478-111175575 pop=23 group=0 longstart=111148300 longend=111175560
[TRACE_PAT_TF]   child=22 coord=0-0 edge_bit=false child_bit=false sink=true
[TRACE_KEEPTRF] rep=10 usepath=10 seed=true span=111148296-111174799 nodes=13 origin=read_map group=[] origin_mix=[read_map:1]
[TRACE_PAT_TF] stage=keeptrf.rep_pattern tf=10 pivot=20 coord=111174642-111174799 pop=24 group=0 longstart=111148300 longend=111174799
[TRACE_PAT_TF]   child=22 coord=0-0 edge_bit=false child_bit=false sink=true
[TRACE_KEEPTRF] rep=9 usepath=9 seed=true span=111148296-111175575 nodes=13 origin=read_map group=[] origin_mix=[read_map:1]
[TRACE_PAT_TF] stage=keeptrf.rep_pattern tf=9 pivot=21 coord=111175478-111175575 pop=25 group=0 longstart=111148300 longend=111175566
[TRACE_PAT_TF]   child=22 coord=0-0 edge_bit=false child_bit=false sink=true
[TRACE_KEEPTRF] rep=8 usepath=8 seed=true span=111148296-111174799 nodes=13 origin=read_map group=[] origin_mix=[read_map:1]
[TRACE_PAT_TF] stage=keeptrf.rep_pattern tf=8 pivot=20 coord=111174642-111174799 pop=25 group=0 longstart=111148300 longend=111174799
[TRACE_PAT_TF]   child=22 coord=0-0 edge_bit=false child_bit=false sink=true
[TRACE_KEEPTRF] rep=7 usepath=7 seed=true span=111148296-111175575 nodes=14 origin=read_map group=[] origin_mix=[read_map:1]
[TRACE_PAT_TF] stage=keeptrf.rep_pattern tf=7 pivot=21 coord=111175478-111175575 pop=27 group=0 longstart=111148300 longend=111175572
[TRACE_PAT_TF]   child=22 coord=0-0 edge_bit=false child_bit=false sink=true
[TRACE_KEEPTRF] rep=6 usepath=6 seed=true span=111148296-111174799 nodes=14 origin=read_map group=[] origin_mix=[read_map:1]
[TRACE_PAT_TF] stage=keeptrf.rep_pattern tf=6 pivot=20 coord=111174642-111174799 pop=27 group=0 longstart=111148300 longend=111174799
[TRACE_PAT_TF]   child=22 coord=0-0 edge_bit=false child_bit=false sink=true
[TRACE_KEEPTRF] rep=5 usepath=5 seed=true span=111148296-111174799 nodes=14 origin=read_map group=[] origin_mix=[read_map:1]
[TRACE_PAT_TF] stage=keeptrf.rep_pattern tf=5 pivot=20 coord=111174642-111174799 pop=27 group=0 longstart=111148300 longend=111174771
[TRACE_PAT_TF]   child=22 coord=0-0 edge_bit=false child_bit=false sink=true
[TRACE_KEEPTRF] rep=4 usepath=4 seed=true span=111148296-111175575 nodes=15 origin=read_map group=[] origin_mix=[read_map:1]
[TRACE_PAT_TF] stage=keeptrf.rep_pattern tf=4 pivot=21 coord=111175478-111175575 pop=29 group=0 longstart=111148300 longend=111175571
[TRACE_PAT_TF]   child=22 coord=0-0 edge_bit=false child_bit=false sink=true
[TRACE_KEEPTRF] rep=3 usepath=3 seed=true span=111148296-111174799 nodes=16 origin=read_map group=[] origin_mix=[read_map:1]
[TRACE_PAT_TF] stage=keeptrf.rep_pattern tf=3 pivot=20 coord=111174642-111174799 pop=31 group=0 longstart=111148300 longend=111174799
[TRACE_PAT_TF]   child=22 coord=0-0 edge_bit=false child_bit=false sink=true
[TRACE_KEEPTRF] rep=2 usepath=2 seed=true span=111148296-111174799 nodes=11 origin=read_map group=[] origin_mix=[read_map:1]
[TRACE_PAT_TF] stage=keeptrf.rep_pattern tf=2 pivot=20 coord=111174642-111174799 pop=21 group=0 longstart=111148300 longend=111174799
[TRACE_PAT_TF]   child=22 coord=0-0 edge_bit=false child_bit=false sink=true
[TRACE_KEEPTRF] rep=1 usepath=1 seed=true span=111148296-111174799 nodes=13 origin=read_map group=[] origin_mix=[read_map:1]
[TRACE_PAT_TF] stage=keeptrf.rep_pattern tf=1 pivot=20 coord=111174642-111174799 pop=25 group=0 longstart=111148300 longend=111174799
[TRACE_PAT_TF]   child=22 coord=0-0 edge_bit=false child_bit=false sink=true
[TRACE_KEEPTRF] rep=0 usepath=0 seed=true span=111148296-111174799 nodes=12 origin=read_map group=[] origin_mix=[read_map:1]
[TRACE_PAT_TF] stage=keeptrf.rep_pattern tf=0 pivot=20 coord=111174642-111174799 pop=23 group=0 longstart=111148296 longend=111174799
[TRACE_PAT_TF]   child=22 coord=0-0 edge_bit=false child_bit=false sink=true
[TRACE_EARLY] idx=0 abund=6.0 nodes=12 seed=true weak=0 skip=pass span=111148296-111174799
[TRACE_PAT] stage=seed.raw idx=0 pivot=20 coord=111174642-111174799 node_bit=true pop=23 nchildren=1
[TRACE_PAT]   child=22 coord=0-0 edge_bit=false child_bit=false sink=true
[TRACE_PAT] stage=seed.after_nodes idx=0 pivot=20 coord=111174642-111174799 node_bit=true pop=23 nchildren=1
[TRACE_PAT]   child=22 coord=0-0 edge_bit=false child_bit=false sink=true
[TRACE_PAT] stage=seed.after_endcaps idx=0 pivot=20 coord=111174642-111174799 node_bit=true pop=23 nchildren=1
[TRACE_PAT]   child=22 coord=0-0 edge_bit=false child_bit=false sink=true
[TRACE_SEED] idx=0 abund=6.0 nnodes=12 minp=1 (111148296-111149065) maxp=20 (111174642-111174799) patpop=23
[BACK_HARDSTART_GUARD seed=0] short-circuit at i=1 (longstart=111148296, abund=6.00, polyA=0, high_abund_path=false, start_frac=0.000)
--- parse_trflong: back_to_source t=0 result=OK path_len=1 path: 1(111148296-111149065)
[TRACE_FWD] enter node i=1 coord=111148296-111149065 minpath=1 maxpath=20 nchildren=2 sink_child=false
[TRACE_FWD]   path_edge child=2 coord=111149065-111149171 edge_bit=true child_bit=true sink=false
[TRACE_FWD]   path_edge child=4 coord=111150431-111150559 edge_bit=false child_bit=true sink=false
[TRACE_FWD]   fast-path: i+1=2 already on pathpat
[TRACE_FWD]   CHOSE child c=2 coord=111149065-111149171 maxcov=0.0 tmax=None
[TRACE_FWD] enter node i=2 coord=111149065-111149171 minpath=1 maxpath=20 nchildren=1 sink_child=false
[TRACE_FWD]   path_edge child=4 coord=111150431-111150559 edge_bit=true child_bit=true sink=false
[TRACE_FWD]   seed-guided child=4 coord=111150431-111150559 guided=1
[TRACE_FWD]   CHOSE child c=4 coord=111150431-111150559 maxcov=0.0 tmax=None
[TRACE_FWD] enter node i=4 coord=111150431-111150559 minpath=1 maxpath=20 nchildren=4 sink_child=true
[TRACE_FWD]   path_edge child=5 coord=111150559-111150675 edge_bit=false child_bit=false sink=false
[TRACE_FWD]   path_edge child=6 coord=111150675-111150706 edge_bit=false child_bit=false sink=false
[TRACE_FWD]   path_edge child=8 coord=111151310-111151395 edge_bit=true child_bit=true sink=false
[TRACE_FWD]   path_edge child=22 coord=0-0 edge_bit=false child_bit=false sink=true
[TRACE_FWD]   seed-guided child=8 coord=111151310-111151395 guided=1
[TRACE_FWD]   CHOSE child c=8 coord=111151310-111151395 maxcov=0.0 tmax=None
[TRACE_FWD] enter node i=8 coord=111151310-111151395 minpath=1 maxpath=20 nchildren=1 sink_child=false
[TRACE_FWD]   path_edge child=9 coord=111151979-111152127 edge_bit=true child_bit=true sink=false
[TRACE_FWD]   fast-path: i+1=9 already on pathpat
[TRACE_FWD]   CHOSE child c=9 coord=111151979-111152127 maxcov=0.0 tmax=None
[TRACE_FWD] enter node i=9 coord=111151979-111152127 minpath=1 maxpath=20 nchildren=3 sink_child=true
[TRACE_FWD]   path_edge child=10 coord=111152127-111152550 edge_bit=false child_bit=false sink=false
[TRACE_FWD]   path_edge child=11 coord=111152550-111152646 edge_bit=true child_bit=true sink=false
[TRACE_FWD]   path_edge child=22 coord=0-0 edge_bit=false child_bit=false sink=true
[TRACE_FWD]   seed-guided child=11 coord=111152550-111152646 guided=1
[TRACE_FWD]   CHOSE child c=11 coord=111152550-111152646 maxcov=0.0 tmax=None
[TRACE_FWD] enter node i=11 coord=111152550-111152646 minpath=1 maxpath=20 nchildren=3 sink_child=true
[TRACE_FWD]   path_edge child=12 coord=111152646-111153380 edge_bit=false child_bit=false sink=false
[TRACE_FWD]   path_edge child=13 coord=111153380-111153508 edge_bit=true child_bit=true sink=false
[TRACE_FWD]   path_edge child=22 coord=0-0 edge_bit=false child_bit=false sink=true
[TRACE_FWD]   seed-guided child=13 coord=111153380-111153508 guided=1
[TRACE_FWD]   CHOSE child c=13 coord=111153380-111153508 maxcov=0.0 tmax=None
[TRACE_FWD] enter node i=13 coord=111153380-111153508 minpath=1 maxpath=20 nchildren=2 sink_child=false
[TRACE_FWD]   path_edge child=14 coord=111153508-111153535 edge_bit=false child_bit=false sink=false
[TRACE_FWD]   path_edge child=15 coord=111154667-111154728 edge_bit=true child_bit=true sink=false
[TRACE_FWD]   seed-guided child=15 coord=111154667-111154728 guided=1
[TRACE_FWD]   CHOSE child c=15 coord=111154667-111154728 maxcov=0.0 tmax=None
[TRACE_FWD] enter node i=15 coord=111154667-111154728 minpath=1 maxpath=20 nchildren=1 sink_child=false
[TRACE_FWD]   path_edge child=16 coord=111174047-111174127 edge_bit=true child_bit=true sink=false
[TRACE_FWD]   fast-path: i+1=16 already on pathpat
[TRACE_FWD]   CHOSE child c=16 coord=111174047-111174127 maxcov=0.0 tmax=None
[TRACE_FWD] enter node i=16 coord=111174047-111174127 minpath=1 maxpath=20 nchildren=2 sink_child=false
[TRACE_FWD]   path_edge child=17 coord=111174127-111174337 edge_bit=false child_bit=false sink=false
[TRACE_FWD]   path_edge child=18 coord=111174393-111174426 edge_bit=true child_bit=true sink=false
[TRACE_FWD]   seed-guided child=18 coord=111174393-111174426 guided=1
[TRACE_FWD]   CHOSE child c=18 coord=111174393-111174426 maxcov=0.0 tmax=None
[TRACE_FWD] enter node i=18 coord=111174393-111174426 minpath=1 maxpath=20 nchildren=1 sink_child=false
[TRACE_FWD]   path_edge child=19 coord=111174518-111174642 edge_bit=true child_bit=true sink=false
[TRACE_FWD]   fast-path: i+1=19 already on pathpat
[TRACE_FWD]   CHOSE child c=19 coord=111174518-111174642 maxcov=0.0 tmax=None
[TRACE_FWD] enter node i=19 coord=111174518-111174642 minpath=1 maxpath=20 nchildren=2 sink_child=false
[TRACE_FWD]   path_edge child=20 coord=111174642-111174799 edge_bit=true child_bit=true sink=false
[TRACE_FWD]   path_edge child=21 coord=111175478-111175575 edge_bit=false child_bit=false sink=false
[TRACE_FWD]   fast-path: i+1=20 already on pathpat
[TRACE_FWD]   CHOSE child c=20 coord=111174642-111174799 maxcov=0.0 tmax=None
[TRACE_FWD] enter node i=20 coord=111174642-111174799 minpath=1 maxpath=20 nchildren=1 sink_child=true
[TRACE_FWD]   path_edge child=22 coord=0-0 edge_bit=false child_bit=false sink=true
[ONPATH_SINK_PENULT] penultimate=17 penult_coord=111174127-111174337 maxp=20 maxp_coord=111174642-111174799 contig=false
[TRACE_FWD_SINK_DBG] tf=28 !exact=true req_long=true first<i=true maxp<=i=true last>=c=true onpath_reason=fail:sink_edge_wrong_penultimate
[TRACE_FWD_SINK]   tf=28 first=17 last=22 abundance=1.0000 maxpath=20 i=20 accepted=false
[TRACE_FWD_SINK]   tf=29 first=20 last=22 abundance=16.0000 maxpath=20 i=20 accepted=true
[TRACE_FWD_SINK]   tf=30 first=21 last=22 abundance=5.0000 maxpath=20 i=20 accepted=false
[ONPATH_SINK_PENULT] penultimate=4 penult_coord=111150431-111150559 maxp=20 maxp_coord=111174642-111174799 contig=false
[TRACE_FWD_SINK_DBG] tf=31 !exact=true req_long=true first<i=true maxp<=i=true last>=c=true onpath_reason=fail:sink_edge_wrong_penultimate
[TRACE_FWD_SINK]   tf=31 first=4 last=22 abundance=1.0000 maxpath=20 i=20 accepted=false
[ONPATH_SINK_PENULT] penultimate=9 penult_coord=111151979-111152127 maxp=20 maxp_coord=111174642-111174799 contig=false
[TRACE_FWD_SINK_DBG] tf=32 !exact=true req_long=true first<i=true maxp<=i=true last>=c=true onpath_reason=fail:sink_edge_wrong_penultimate
[TRACE_FWD_SINK]   tf=32 first=9 last=22 abundance=1.0000 maxpath=20 i=20 accepted=false
[ONPATH_SINK_PENULT] penultimate=11 penult_coord=111152550-111152646 maxp=20 maxp_coord=111174642-111174799 contig=false
[TRACE_FWD_SINK_DBG] tf=33 !exact=true req_long=true first<i=true maxp<=i=true last>=c=true onpath_reason=fail:sink_edge_wrong_penultimate
[TRACE_FWD_SINK]   tf=33 first=11 last=22 abundance=1.0000 maxpath=20 i=20 accepted=false
[TRACE_FWD]   child c=22 coord=0-0 ntrf=6 childcov=16.0 tchild=Some(29)
[TRACE_FWD]     support_tf=29 first=20 last=22 nodes=2 longstart=0 longend=0 tf_edge=true tf_sink_edge=true
[FWD_TRACE seed=0]   maxcov_update child=22 childcov=16.0000 prev_maxcov=0.0000 prev_tmax=None prev_weak=None cand_tchild=Some(29) cand_weak=Some(false) allow=1
[TRACE_FWD]   CHOSE child c=22 coord=0-0 maxcov=16.0 tmax=Some(29)
--- parse_trflong: fwd_to_sink t=0 result=OK path_len=14 path: 0(0-0) 1(111148296-111149065) 2(111149065-111149171) 4(111150431-111150559) 8(111151310-111151395) 9(111151979-111152127) 11(111152550-111152646) 13(111153380-111153508) 15(111154667-111154728) 16(111174047-111174127) 18(111174393-111174426) 19(111174518-111174642) 20(111174642-111174799) 22(0-0)
[TRACE_LOCUS] idx=0 abund=6.0 nodes=12 exons=10 span=111148296-111174799 rnodes=111148296-111174799 complete=false seed=true
[TRACE_LOCUS]   → flux=6.0000 cov=5.9463 nodecov_mode=false
[TRACE_LOCUS]   → STORED idx=0 cov=5.9463 abund_after=0.0000 exons=10 first=111148296-111149171 last=111174518-111174799
[TRACE_EARLY] idx=1 abund=3.0 nodes=13 seed=true weak=0 skip=pass span=111148296-111174799
[TRACE_PAT] stage=seed.raw idx=1 pivot=20 coord=111174642-111174799 node_bit=true pop=25 nchildren=1
[TRACE_PAT]   child=22 coord=0-0 edge_bit=false child_bit=false sink=true
[TRACE_PAT] stage=seed.after_nodes idx=1 pivot=20 coord=111174642-111174799 node_bit=true pop=25 nchildren=1
[TRACE_PAT]   child=22 coord=0-0 edge_bit=false child_bit=false sink=true
[TRACE_PAT] stage=seed.after_endcaps idx=1 pivot=20 coord=111174642-111174799 node_bit=true pop=25 nchildren=1
[TRACE_PAT]   child=22 coord=0-0 edge_bit=false child_bit=false sink=true
[TRACE_SEED] idx=1 abund=3.0 nnodes=13 minp=1 (111148296-111149065) maxp=20 (111174642-111174799) patpop=25
[BACK_HARDSTART_GUARD seed=1] short-circuit at i=1 (longstart=111148300, abund=3.00, polyA=0, high_abund_path=false, start_frac=0.000)
--- parse_trflong: back_to_source t=1 result=OK path_len=1 path: 1(111148296-111149065)
[TRACE_FWD] enter node i=1 coord=111148296-111149065 minpath=1 maxpath=20 nchildren=2 sink_child=false
[TRACE_FWD]   path_edge child=2 coord=111149065-111149171 edge_bit=true child_bit=true sink=false
[TRACE_FWD]   path_edge child=4 coord=111150431-111150559 edge_bit=false child_bit=true sink=false
[TRACE_FWD]   fast-path: i+1=2 already on pathpat
[TRACE_FWD]   CHOSE child c=2 coord=111149065-111149171 maxcov=0.0 tmax=None
[TRACE_FWD] enter node i=2 coord=111149065-111149171 minpath=1 maxpath=20 nchildren=1 sink_child=false
[TRACE_FWD]   path_edge child=4 coord=111150431-111150559 edge_bit=true child_bit=true sink=false
[TRACE_FWD]   seed-guided child=4 coord=111150431-111150559 guided=1
[TRACE_FWD]   CHOSE child c=4 coord=111150431-111150559 maxcov=0.0 tmax=None
[TRACE_FWD] enter node i=4 coord=111150431-111150559 minpath=1 maxpath=20 nchildren=4 sink_child=true
[TRACE_FWD]   path_edge child=5 coord=111150559-111150675 edge_bit=false child_bit=false sink=false
[TRACE_FWD]   path_edge child=6 coord=111150675-111150706 edge_bit=false child_bit=false sink=false
[TRACE_FWD]   path_edge child=8 coord=111151310-111151395 edge_bit=true child_bit=true sink=false
[TRACE_FWD]   path_edge child=22 coord=0-0 edge_bit=false child_bit=false sink=true
[TRACE_FWD]   seed-guided child=8 coord=111151310-111151395 guided=1
[TRACE_FWD]   CHOSE child c=8 coord=111151310-111151395 maxcov=0.0 tmax=None
[TRACE_FWD] enter node i=8 coord=111151310-111151395 minpath=1 maxpath=20 nchildren=1 sink_child=false
[TRACE_FWD]   path_edge child=9 coord=111151979-111152127 edge_bit=true child_bit=true sink=false
[TRACE_FWD]   fast-path: i+1=9 already on pathpat
[TRACE_FWD]   CHOSE child c=9 coord=111151979-111152127 maxcov=0.0 tmax=None
[TRACE_FWD] enter node i=9 coord=111151979-111152127 minpath=1 maxpath=20 nchildren=3 sink_child=true
[TRACE_FWD]   path_edge child=10 coord=111152127-111152550 edge_bit=false child_bit=false sink=false
[TRACE_FWD]   path_edge child=11 coord=111152550-111152646 edge_bit=true child_bit=true sink=false
[TRACE_FWD]   path_edge child=22 coord=0-0 edge_bit=false child_bit=false sink=true
[TRACE_FWD]   seed-guided child=11 coord=111152550-111152646 guided=1
[TRACE_FWD]   CHOSE child c=11 coord=111152550-111152646 maxcov=0.0 tmax=None
[TRACE_FWD] enter node i=11 coord=111152550-111152646 minpath=1 maxpath=20 nchildren=3 sink_child=true
[TRACE_FWD]   path_edge child=12 coord=111152646-111153380 edge_bit=true child_bit=true sink=false
[TRACE_FWD]   path_edge child=13 coord=111153380-111153508 edge_bit=false child_bit=true sink=false
[TRACE_FWD]   path_edge child=22 coord=0-0 edge_bit=false child_bit=false sink=true
[TRACE_FWD]   fast-path: i+1=12 already on pathpat
[TRACE_FWD]   CHOSE child c=12 coord=111152646-111153380 maxcov=0.0 tmax=None
[TRACE_FWD] enter node i=12 coord=111152646-111153380 minpath=1 maxpath=20 nchildren=1 sink_child=false
[TRACE_FWD]   path_edge child=13 coord=111153380-111153508 edge_bit=true child_bit=true sink=false
[TRACE_FWD]   fast-path: i+1=13 already on pathpat
[TRACE_FWD]   CHOSE child c=13 coord=111153380-111153508 maxcov=0.0 tmax=None
[TRACE_FWD] enter node i=13 coord=111153380-111153508 minpath=1 maxpath=20 nchildren=2 sink_child=false
[TRACE_FWD]   path_edge child=14 coord=111153508-111153535 edge_bit=false child_bit=false sink=false
[TRACE_FWD]   path_edge child=15 coord=111154667-111154728 edge_bit=true child_bit=true sink=false
[TRACE_FWD]   seed-guided child=15 coord=111154667-111154728 guided=1
[TRACE_FWD]   CHOSE child c=15 coord=111154667-111154728 maxcov=0.0 tmax=None
[TRACE_FWD] enter node i=15 coord=111154667-111154728 minpath=1 maxpath=20 nchildren=1 sink_child=false
[TRACE_FWD]   path_edge child=16 coord=111174047-111174127 edge_bit=true child_bit=true sink=false
[TRACE_FWD]   fast-path: i+1=16 already on pathpat
[TRACE_FWD]   CHOSE child c=16 coord=111174047-111174127 maxcov=0.0 tmax=None
[TRACE_FWD] enter node i=16 coord=111174047-111174127 minpath=1 maxpath=20 nchildren=2 sink_child=false
[TRACE_FWD]   path_edge child=17 coord=111174127-111174337 edge_bit=false child_bit=false sink=false
[TRACE_FWD]   path_edge child=18 coord=111174393-111174426 edge_bit=true child_bit=true sink=false
[TRACE_FWD]   seed-guided child=18 coord=111174393-111174426 guided=1
[TRACE_FWD]   CHOSE child c=18 coord=111174393-111174426 maxcov=0.0 tmax=None
[TRACE_FWD] enter node i=18 coord=111174393-111174426 minpath=1 maxpath=20 nchildren=1 sink_child=false
[TRACE_FWD]   path_edge child=19 coord=111174518-111174642 edge_bit=true child_bit=true sink=false
[TRACE_FWD]   fast-path: i+1=19 already on pathpat
[TRACE_FWD]   CHOSE child c=19 coord=111174518-111174642 maxcov=0.0 tmax=None
[TRACE_FWD] enter node i=19 coord=111174518-111174642 minpath=1 maxpath=20 nchildren=2 sink_child=false
[TRACE_FWD]   path_edge child=20 coord=111174642-111174799 edge_bit=true child_bit=true sink=false
[TRACE_FWD]   path_edge child=21 coord=111175478-111175575 edge_bit=false child_bit=false sink=false
[TRACE_FWD]   fast-path: i+1=20 already on pathpat
[TRACE_FWD]   CHOSE child c=20 coord=111174642-111174799 maxcov=0.0 tmax=None
[TRACE_FWD] enter node i=20 coord=111174642-111174799 minpath=1 maxpath=20 nchildren=1 sink_child=true
[TRACE_FWD]   path_edge child=22 coord=0-0 edge_bit=false child_bit=false sink=true
[ONPATH_SINK_PENULT] penultimate=17 penult_coord=111174127-111174337 maxp=20 maxp_coord=111174642-111174799 contig=false
[TRACE_FWD_SINK_DBG] tf=28 !exact=true req_long=true first<i=true maxp<=i=true last>=c=true onpath_reason=fail:sink_edge_wrong_penultimate
[TRACE_FWD_SINK]   tf=28 first=17 last=22 abundance=1.0000 maxpath=20 i=20 accepted=false
[TRACE_FWD_SINK]   tf=29 first=20 last=22 abundance=10.0000 maxpath=20 i=20 accepted=true
[TRACE_FWD_SINK]   tf=30 first=21 last=22 abundance=5.0000 maxpath=20 i=20 accepted=false
[ONPATH_SINK_PENULT] penultimate=4 penult_coord=111150431-111150559 maxp=20 maxp_coord=111174642-111174799 contig=false
[TRACE_FWD_SINK_DBG] tf=31 !exact=true req_long=true first<i=true maxp<=i=true last>=c=true onpath_reason=fail:sink_edge_wrong_penultimate
[TRACE_FWD_SINK]   tf=31 first=4 last=22 abundance=1.0000 maxpath=20 i=20 accepted=false
[ONPATH_SINK_PENULT] penultimate=9 penult_coord=111151979-111152127 maxp=20 maxp_coord=111174642-111174799 contig=false
[TRACE_FWD_SINK_DBG] tf=32 !exact=true req_long=true first<i=true maxp<=i=true last>=c=true onpath_reason=fail:sink_edge_wrong_penultimate
[TRACE_FWD_SINK]   tf=32 first=9 last=22 abundance=1.0000 maxpath=20 i=20 accepted=false
[ONPATH_SINK_PENULT] penultimate=11 penult_coord=111152550-111152646 maxp=20 maxp_coord=111174642-111174799 contig=false
[TRACE_FWD_SINK_DBG] tf=33 !exact=true req_long=true first<i=true maxp<=i=true last>=c=true onpath_reason=fail:sink_edge_wrong_penultimate
[TRACE_FWD_SINK]   tf=33 first=11 last=22 abundance=1.0000 maxpath=20 i=20 accepted=false
[TRACE_FWD]   child c=22 coord=0-0 ntrf=6 childcov=10.0 tchild=Some(29)
[TRACE_FWD]     support_tf=29 first=20 last=22 nodes=2 longstart=0 longend=0 tf_edge=true tf_sink_edge=true
[FWD_TRACE seed=1]   maxcov_update child=22 childcov=10.0000 prev_maxcov=0.0000 prev_tmax=None prev_weak=None cand_tchild=Some(29) cand_weak=Some(false) allow=1
[TRACE_FWD]   CHOSE child c=22 coord=0-0 maxcov=10.0 tmax=Some(29)
--- parse_trflong: fwd_to_sink t=1 result=OK path_len=15 path: 0(0-0) 1(111148296-111149065) 2(111149065-111149171) 4(111150431-111150559) 8(111151310-111151395) 9(111151979-111152127) 11(111152550-111152646) 12(111152646-111153380) 13(111153380-111153508) 15(111154667-111154728) 16(111174047-111174127) 18(111174393-111174426) 19(111174518-111174642) 20(111174642-111174799) 22(0-0)
[TRACE_LOCUS] idx=1 abund=3.0 nodes=13 exons=9 span=111148296-111174799 rnodes=111148296-111174799 complete=false seed=true
[TRACE_LOCUS]   → flux=3.0000 cov=2.9172 nodecov_mode=false
[TRACE_LOCUS]   → STORED idx=1 cov=2.9172 abund_after=0.0000 exons=9 first=111148296-111149171 last=111174518-111174799
[TRACE_EARLY] idx=2 abund=2.0 nodes=11 seed=true weak=0 skip=pass span=111148296-111174799
[TRACE_PAT] stage=seed.raw idx=2 pivot=20 coord=111174642-111174799 node_bit=true pop=21 nchildren=1
[TRACE_PAT]   child=22 coord=0-0 edge_bit=false child_bit=false sink=true
[TRACE_PAT] stage=seed.after_nodes idx=2 pivot=20 coord=111174642-111174799 node_bit=true pop=21 nchildren=1
[TRACE_PAT]   child=22 coord=0-0 edge_bit=false child_bit=false sink=true
[TRACE_PAT] stage=seed.after_endcaps idx=2 pivot=20 coord=111174642-111174799 node_bit=true pop=21 nchildren=1
[TRACE_PAT]   child=22 coord=0-0 edge_bit=false child_bit=false sink=true
[TRACE_SEED] idx=2 abund=2.0 nnodes=11 minp=1 (111148296-111149065) maxp=20 (111174642-111174799) patpop=21
[BACK_HARDSTART_GUARD seed=2] short-circuit at i=1 (longstart=111148300, abund=2.00, polyA=0, high_abund_path=false, start_frac=0.000)
--- parse_trflong: back_to_source t=2 result=OK path_len=1 path: 1(111148296-111149065)
[TRACE_FWD] enter node i=1 coord=111148296-111149065 minpath=1 maxpath=20 nchildren=2 sink_child=false
[TRACE_FWD]   path_edge child=2 coord=111149065-111149171 edge_bit=false child_bit=false sink=false
[TRACE_FWD]   path_edge child=4 coord=111150431-111150559 edge_bit=true child_bit=true sink=false
[TRACE_FWD]   seed-guided child=4 coord=111150431-111150559 guided=1
[TRACE_FWD]   CHOSE child c=4 coord=111150431-111150559 maxcov=0.0 tmax=None
[TRACE_FWD] enter node i=4 coord=111150431-111150559 minpath=1 maxpath=20 nchildren=4 sink_child=true
[TRACE_FWD]   path_edge child=5 coord=111150559-111150675 edge_bit=false child_bit=false sink=false
[TRACE_FWD]   path_edge child=6 coord=111150675-111150706 edge_bit=false child_bit=false sink=false
[TRACE_FWD]   path_edge child=8 coord=111151310-111151395 edge_bit=true child_bit=true sink=false
[TRACE_FWD]   path_edge child=22 coord=0-0 edge_bit=false child_bit=false sink=true
[TRACE_FWD]   seed-guided child=8 coord=111151310-111151395 guided=1
[TRACE_FWD]   CHOSE child c=8 coord=111151310-111151395 maxcov=0.0 tmax=None
[TRACE_FWD] enter node i=8 coord=111151310-111151395 minpath=1 maxpath=20 nchildren=1 sink_child=false
[TRACE_FWD]   path_edge child=9 coord=111151979-111152127 edge_bit=true child_bit=true sink=false
[TRACE_FWD]   fast-path: i+1=9 already on pathpat
[TRACE_FWD]   CHOSE child c=9 coord=111151979-111152127 maxcov=0.0 tmax=None
[TRACE_FWD] enter node i=9 coord=111151979-111152127 minpath=1 maxpath=20 nchildren=3 sink_child=true
[TRACE_FWD]   path_edge child=10 coord=111152127-111152550 edge_bit=false child_bit=false sink=false
[TRACE_FWD]   path_edge child=11 coord=111152550-111152646 edge_bit=true child_bit=true sink=false
[TRACE_FWD]   path_edge child=22 coord=0-0 edge_bit=false child_bit=false sink=true
[TRACE_FWD]   seed-guided child=11 coord=111152550-111152646 guided=1
[TRACE_FWD]   CHOSE child c=11 coord=111152550-111152646 maxcov=0.0 tmax=None
[TRACE_FWD] enter node i=11 coord=111152550-111152646 minpath=1 maxpath=20 nchildren=3 sink_child=true
[TRACE_FWD]   path_edge child=12 coord=111152646-111153380 edge_bit=false child_bit=false sink=false
[TRACE_FWD]   path_edge child=13 coord=111153380-111153508 edge_bit=true child_bit=true sink=false
[TRACE_FWD]   path_edge child=22 coord=0-0 edge_bit=false child_bit=false sink=true
[TRACE_FWD]   seed-guided child=13 coord=111153380-111153508 guided=1
[TRACE_FWD]   CHOSE child c=13 coord=111153380-111153508 maxcov=0.0 tmax=None
[TRACE_FWD] enter node i=13 coord=111153380-111153508 minpath=1 maxpath=20 nchildren=2 sink_child=false
[TRACE_FWD]   path_edge child=14 coord=111153508-111153535 edge_bit=false child_bit=false sink=false
[TRACE_FWD]   path_edge child=15 coord=111154667-111154728 edge_bit=true child_bit=true sink=false
[TRACE_FWD]   seed-guided child=15 coord=111154667-111154728 guided=1
[TRACE_FWD]   CHOSE child c=15 coord=111154667-111154728 maxcov=0.0 tmax=None
[TRACE_FWD] enter node i=15 coord=111154667-111154728 minpath=1 maxpath=20 nchildren=1 sink_child=false
[TRACE_FWD]   path_edge child=16 coord=111174047-111174127 edge_bit=true child_bit=true sink=false
[TRACE_FWD]   fast-path: i+1=16 already on pathpat
[TRACE_FWD]   CHOSE child c=16 coord=111174047-111174127 maxcov=0.0 tmax=None
[TRACE_FWD] enter node i=16 coord=111174047-111174127 minpath=1 maxpath=20 nchildren=2 sink_child=false
[TRACE_FWD]   path_edge child=17 coord=111174127-111174337 edge_bit=false child_bit=false sink=false
[TRACE_FWD]   path_edge child=18 coord=111174393-111174426 edge_bit=true child_bit=true sink=false
[TRACE_FWD]   seed-guided child=18 coord=111174393-111174426 guided=1
[TRACE_FWD]   CHOSE child c=18 coord=111174393-111174426 maxcov=0.0 tmax=None
[TRACE_FWD] enter node i=18 coord=111174393-111174426 minpath=1 maxpath=20 nchildren=1 sink_child=false
[TRACE_FWD]   path_edge child=19 coord=111174518-111174642 edge_bit=true child_bit=true sink=false
[TRACE_FWD]   fast-path: i+1=19 already on pathpat
[TRACE_FWD]   CHOSE child c=19 coord=111174518-111174642 maxcov=0.0 tmax=None
[TRACE_FWD] enter node i=19 coord=111174518-111174642 minpath=1 maxpath=20 nchildren=2 sink_child=false
[TRACE_FWD]   path_edge child=20 coord=111174642-111174799 edge_bit=true child_bit=true sink=false
[TRACE_FWD]   path_edge child=21 coord=111175478-111175575 edge_bit=false child_bit=false sink=false
[TRACE_FWD]   fast-path: i+1=20 already on pathpat
[TRACE_FWD]   CHOSE child c=20 coord=111174642-111174799 maxcov=0.0 tmax=None
[TRACE_FWD] enter node i=20 coord=111174642-111174799 minpath=1 maxpath=20 nchildren=1 sink_child=true
[TRACE_FWD]   path_edge child=22 coord=0-0 edge_bit=false child_bit=false sink=true
[FWD_HARDEND_GUARD seed=2] skip at i=20 (seed_last_real but not minority_fork, gap=0)
[ONPATH_SINK_PENULT] penultimate=17 penult_coord=111174127-111174337 maxp=20 maxp_coord=111174642-111174799 contig=false
[TRACE_FWD_SINK_DBG] tf=28 !exact=true req_long=true first<i=true maxp<=i=true last>=c=true onpath_reason=fail:sink_edge_wrong_penultimate
[TRACE_FWD_SINK]   tf=28 first=17 last=22 abundance=1.0000 maxpath=20 i=20 accepted=false
[TRACE_FWD_SINK]   tf=29 first=20 last=22 abundance=7.0000 maxpath=20 i=20 accepted=true
[TRACE_FWD_SINK]   tf=30 first=21 last=22 abundance=5.0000 maxpath=20 i=20 accepted=false
[ONPATH_SINK_PENULT] penultimate=4 penult_coord=111150431-111150559 maxp=20 maxp_coord=111174642-111174799 contig=false
[TRACE_FWD_SINK_DBG] tf=31 !exact=true req_long=true first<i=true maxp<=i=true last>=c=true onpath_reason=fail:sink_edge_wrong_penultimate
[TRACE_FWD_SINK]   tf=31 first=4 last=22 abundance=1.0000 maxpath=20 i=20 accepted=false
[ONPATH_SINK_PENULT] penultimate=9 penult_coord=111151979-111152127 maxp=20 maxp_coord=111174642-111174799 contig=false
[TRACE_FWD_SINK_DBG] tf=32 !exact=true req_long=true first<i=true maxp<=i=true last>=c=true onpath_reason=fail:sink_edge_wrong_penultimate
[TRACE_FWD_SINK]   tf=32 first=9 last=22 abundance=1.0000 maxpath=20 i=20 accepted=false
[ONPATH_SINK_PENULT] penultimate=11 penult_coord=111152550-111152646 maxp=20 maxp_coord=111174642-111174799 contig=false
[TRACE_FWD_SINK_DBG] tf=33 !exact=true req_long=true first<i=true maxp<=i=true last>=c=true onpath_reason=fail:sink_edge_wrong_penultimate
[TRACE_FWD_SINK]   tf=33 first=11 last=22 abundance=1.0000 maxpath=20 i=20 accepted=false
[TRACE_FWD]   child c=22 coord=0-0 ntrf=6 childcov=7.0 tchild=Some(29)
[TRACE_FWD]     support_tf=29 first=20 last=22 nodes=2 longstart=0 longend=0 tf_edge=true tf_sink_edge=true
[FWD_TRACE seed=2]   maxcov_update child=22 childcov=7.0000 prev_maxcov=0.0000 prev_tmax=None prev_weak=None cand_tchild=Some(29) cand_weak=Some(false) allow=1
[TRACE_FWD]   CHOSE child c=22 coord=0-0 maxcov=7.0 tmax=Some(29)
--- parse_trflong: fwd_to_sink t=2 result=OK path_len=13 path: 0(0-0) 1(111148296-111149065) 4(111150431-111150559) 8(111151310-111151395) 9(111151979-111152127) 11(111152550-111152646) 13(111153380-111153508) 15(111154667-111154728) 16(111174047-111174127) 18(111174393-111174426) 19(111174518-111174642) 20(111174642-111174799) 22(0-0)
[TRACE_LOCUS] idx=2 abund=2.0 nodes=11 exons=10 span=111148296-111174799 rnodes=111148296-111174799 complete=false seed=true
[TRACE_LOCUS]   → flux=2.0000 cov=1.9810 nodecov_mode=false
[TRACE_LOCUS]   → STORED idx=2 cov=1.9810 abund_after=0.0000 exons=10 first=111148296-111149065 last=111174518-111174799
[TRACE_EARLY] idx=3 abund=1.0 nodes=16 seed=true weak=0 skip=pass span=111148296-111174799
[TRACE_PAT] stage=seed.raw idx=3 pivot=20 coord=111174642-111174799 node_bit=true pop=31 nchildren=1
[TRACE_PAT]   child=22 coord=0-0 edge_bit=false child_bit=false sink=true
[TRACE_PAT] stage=seed.after_nodes idx=3 pivot=20 coord=111174642-111174799 node_bit=true pop=31 nchildren=1
[TRACE_PAT]   child=22 coord=0-0 edge_bit=false child_bit=false sink=true
[TRACE_PAT] stage=seed.after_endcaps idx=3 pivot=20 coord=111174642-111174799 node_bit=true pop=31 nchildren=1
[TRACE_PAT]   child=22 coord=0-0 edge_bit=false child_bit=false sink=true
[TRACE_SEED] idx=3 abund=1.0 nnodes=16 minp=1 (111148296-111149065) maxp=20 (111174642-111174799) patpop=31
[BACK_TRACE seed=3] enter node i=1 coord=111148296-111149065 minpath=1 maxpath=20 nparents=1 path_len=1
[TRACE_BACK_SOURCE]   tf=25 first=0 last=1 abundance=29.0000 minpath=1 exact=true pure_stub=true alt_parent_cov=0.0000 accepted=true
[TRACE_BACK]   parent p=0 coord=0-0 ntrf=1 depleted=0 skip_notlong=0 parentcov=29.0 tpar=Some(25)
[BACK_TRACE seed=3]   maxcov_update parent=0 parentcov=29.0000 prev_maxcov=0.0000 prev_tmax=None prev_weak=None cand_tpar=Some(25) cand_weak=Some(false) allow=1
[TRACE_BACK]   CHOSE parent p=0 coord=0-0 maxcov=29.0 tmax=Some(25)
[TRACE_BACK]   PATHPAT_OR via tmax=25 abund=29.0000 first=0 last=1 nodes=0(0-0) 1(111148296-111149065)
--- parse_trflong: back_to_source t=3 result=OK path_len=1 path: 1(111148296-111149065)
[TRACE_FWD] enter node i=1 coord=111148296-111149065 minpath=0 maxpath=20 nchildren=2 sink_child=false
[TRACE_FWD]   path_edge child=2 coord=111149065-111149171 edge_bit=true child_bit=true sink=false
[TRACE_FWD]   path_edge child=4 coord=111150431-111150559 edge_bit=false child_bit=true sink=false
[TRACE_FWD]   fast-path: i+1=2 already on pathpat
[TRACE_FWD]   CHOSE child c=2 coord=111149065-111149171 maxcov=0.0 tmax=None
[TRACE_FWD] enter node i=2 coord=111149065-111149171 minpath=0 maxpath=20 nchildren=1 sink_child=false
[TRACE_FWD]   path_edge child=4 coord=111150431-111150559 edge_bit=true child_bit=true sink=false
[TRACE_FWD]   seed-guided child=4 coord=111150431-111150559 guided=1
[TRACE_FWD]   CHOSE child c=4 coord=111150431-111150559 maxcov=0.0 tmax=None
[TRACE_FWD] enter node i=4 coord=111150431-111150559 minpath=0 maxpath=20 nchildren=4 sink_child=true
[TRACE_FWD]   path_edge child=5 coord=111150559-111150675 edge_bit=true child_bit=true sink=false
[TRACE_FWD]   path_edge child=6 coord=111150675-111150706 edge_bit=false child_bit=true sink=false
[TRACE_FWD]   path_edge child=8 coord=111151310-111151395 edge_bit=false child_bit=true sink=false
[TRACE_FWD]   path_edge child=22 coord=0-0 edge_bit=false child_bit=false sink=true
[TRACE_FWD]   fast-path: i+1=5 already on pathpat
[TRACE_FWD]   CHOSE child c=5 coord=111150559-111150675 maxcov=0.0 tmax=None
[TRACE_FWD] enter node i=5 coord=111150559-111150675 minpath=0 maxpath=20 nchildren=1 sink_child=false
[TRACE_FWD]   path_edge child=6 coord=111150675-111150706 edge_bit=true child_bit=true sink=false
[TRACE_FWD]   fast-path: i+1=6 already on pathpat
[TRACE_FWD]   CHOSE child c=6 coord=111150675-111150706 maxcov=0.0 tmax=None
[TRACE_FWD] enter node i=6 coord=111150675-111150706 minpath=0 maxpath=20 nchildren=2 sink_child=false
[TRACE_FWD]   path_edge child=7 coord=111150706-111150804 edge_bit=false child_bit=false sink=false
[TRACE_FWD]   path_edge child=8 coord=111151310-111151395 edge_bit=true child_bit=true sink=false
[TRACE_FWD]   seed-guided child=8 coord=111151310-111151395 guided=1
[TRACE_FWD]   CHOSE child c=8 coord=111151310-111151395 maxcov=0.0 tmax=None
[TRACE_FWD] enter node i=8 coord=111151310-111151395 minpath=0 maxpath=20 nchildren=1 sink_child=false
[TRACE_FWD]   path_edge child=9 coord=111151979-111152127 edge_bit=true child_bit=true sink=false
[TRACE_FWD]   fast-path: i+1=9 already on pathpat
[TRACE_FWD]   CHOSE child c=9 coord=111151979-111152127 maxcov=0.0 tmax=None
[TRACE_FWD] enter node i=9 coord=111151979-111152127 minpath=0 maxpath=20 nchildren=3 sink_child=true
[TRACE_FWD]   path_edge child=10 coord=111152127-111152550 edge_bit=true child_bit=true sink=false
[TRACE_FWD]   path_edge child=11 coord=111152550-111152646 edge_bit=false child_bit=true sink=false
[TRACE_FWD]   path_edge child=22 coord=0-0 edge_bit=false child_bit=false sink=true
[TRACE_FWD]   fast-path: i+1=10 already on pathpat
[TRACE_FWD]   CHOSE child c=10 coord=111152127-111152550 maxcov=0.0 tmax=None
[TRACE_FWD] enter node i=10 coord=111152127-111152550 minpath=0 maxpath=20 nchildren=1 sink_child=false
[TRACE_FWD]   path_edge child=11 coord=111152550-111152646 edge_bit=true child_bit=true sink=false
[TRACE_FWD]   fast-path: i+1=11 already on pathpat
[TRACE_FWD]   CHOSE child c=11 coord=111152550-111152646 maxcov=0.0 tmax=None
[TRACE_FWD] enter node i=11 coord=111152550-111152646 minpath=0 maxpath=20 nchildren=3 sink_child=true
[TRACE_FWD]   path_edge child=12 coord=111152646-111153380 edge_bit=true child_bit=true sink=false
[TRACE_FWD]   path_edge child=13 coord=111153380-111153508 edge_bit=false child_bit=true sink=false
[TRACE_FWD]   path_edge child=22 coord=0-0 edge_bit=false child_bit=false sink=true
[TRACE_FWD]   fast-path: i+1=12 already on pathpat
[TRACE_FWD]   CHOSE child c=12 coord=111152646-111153380 maxcov=0.0 tmax=None
[TRACE_FWD] enter node i=12 coord=111152646-111153380 minpath=0 maxpath=20 nchildren=1 sink_child=false
[TRACE_FWD]   path_edge child=13 coord=111153380-111153508 edge_bit=true child_bit=true sink=false
[TRACE_FWD]   fast-path: i+1=13 already on pathpat
[TRACE_FWD]   CHOSE child c=13 coord=111153380-111153508 maxcov=0.0 tmax=None
[TRACE_FWD] enter node i=13 coord=111153380-111153508 minpath=0 maxpath=20 nchildren=2 sink_child=false
[TRACE_FWD]   path_edge child=14 coord=111153508-111153535 edge_bit=false child_bit=false sink=false
[TRACE_FWD]   path_edge child=15 coord=111154667-111154728 edge_bit=true child_bit=true sink=false
[TRACE_FWD]   seed-guided child=15 coord=111154667-111154728 guided=1
[TRACE_FWD]   CHOSE child c=15 coord=111154667-111154728 maxcov=0.0 tmax=None
[TRACE_FWD] enter node i=15 coord=111154667-111154728 minpath=0 maxpath=20 nchildren=1 sink_child=false
[TRACE_FWD]   path_edge child=16 coord=111174047-111174127 edge_bit=true child_bit=true sink=false
[TRACE_FWD]   fast-path: i+1=16 already on pathpat
[TRACE_FWD]   CHOSE child c=16 coord=111174047-111174127 maxcov=0.0 tmax=None
[TRACE_FWD] enter node i=16 coord=111174047-111174127 minpath=0 maxpath=20 nchildren=2 sink_child=false
[TRACE_FWD]   path_edge child=17 coord=111174127-111174337 edge_bit=false child_bit=false sink=false
[TRACE_FWD]   path_edge child=18 coord=111174393-111174426 edge_bit=true child_bit=true sink=false
[TRACE_FWD]   seed-guided child=18 coord=111174393-111174426 guided=1
[TRACE_FWD]   CHOSE child c=18 coord=111174393-111174426 maxcov=0.0 tmax=None
[TRACE_FWD] enter node i=18 coord=111174393-111174426 minpath=0 maxpath=20 nchildren=1 sink_child=false
[TRACE_FWD]   path_edge child=19 coord=111174518-111174642 edge_bit=true child_bit=true sink=false
[TRACE_FWD]   fast-path: i+1=19 already on pathpat
[TRACE_FWD]   CHOSE child c=19 coord=111174518-111174642 maxcov=0.0 tmax=None
[TRACE_FWD] enter node i=19 coord=111174518-111174642 minpath=0 maxpath=20 nchildren=2 sink_child=false
[TRACE_FWD]   path_edge child=20 coord=111174642-111174799 edge_bit=true child_bit=true sink=false
[TRACE_FWD]   path_edge child=21 coord=111175478-111175575 edge_bit=false child_bit=false sink=false
[TRACE_FWD]   fast-path: i+1=20 already on pathpat
[TRACE_FWD]   CHOSE child c=20 coord=111174642-111174799 maxcov=0.0 tmax=None
[TRACE_FWD] enter node i=20 coord=111174642-111174799 minpath=0 maxpath=20 nchildren=1 sink_child=true
[TRACE_FWD]   path_edge child=22 coord=0-0 edge_bit=false child_bit=false sink=true
[FWD_HARDEND_GUARD seed=3] skip at i=20 (seed_last_real but not minority_fork, gap=0)
[ONPATH_SINK_PENULT] penultimate=17 penult_coord=111174127-111174337 maxp=20 maxp_coord=111174642-111174799 contig=false
[TRACE_FWD_SINK_DBG] tf=28 !exact=true req_long=true first<i=true maxp<=i=true last>=c=true onpath_reason=fail:sink_edge_wrong_penultimate
[TRACE_FWD_SINK]   tf=28 first=17 last=22 abundance=1.0000 maxpath=20 i=20 accepted=false
[TRACE_FWD_SINK]   tf=29 first=20 last=22 abundance=5.0000 maxpath=20 i=20 accepted=true
[TRACE_FWD_SINK]   tf=30 first=21 last=22 abundance=5.0000 maxpath=20 i=20 accepted=false
[ONPATH_SINK_PENULT] penultimate=4 penult_coord=111150431-111150559 maxp=20 maxp_coord=111174642-111174799 contig=false
[TRACE_FWD_SINK_DBG] tf=31 !exact=true req_long=true first<i=true maxp<=i=true last>=c=true onpath_reason=fail:sink_edge_wrong_penultimate
[TRACE_FWD_SINK]   tf=31 first=4 last=22 abundance=1.0000 maxpath=20 i=20 accepted=false
[ONPATH_SINK_PENULT] penultimate=9 penult_coord=111151979-111152127 maxp=20 maxp_coord=111174642-111174799 contig=false
[TRACE_FWD_SINK_DBG] tf=32 !exact=true req_long=true first<i=true maxp<=i=true last>=c=true onpath_reason=fail:sink_edge_wrong_penultimate
[TRACE_FWD_SINK]   tf=32 first=9 last=22 abundance=1.0000 maxpath=20 i=20 accepted=false
[ONPATH_SINK_PENULT] penultimate=11 penult_coord=111152550-111152646 maxp=20 maxp_coord=111174642-111174799 contig=false
[TRACE_FWD_SINK_DBG] tf=33 !exact=true req_long=true first<i=true maxp<=i=true last>=c=true onpath_reason=fail:sink_edge_wrong_penultimate
[TRACE_FWD_SINK]   tf=33 first=11 last=22 abundance=1.0000 maxpath=20 i=20 accepted=false
[TRACE_FWD]   child c=22 coord=0-0 ntrf=6 childcov=5.0 tchild=Some(29)
[TRACE_FWD]     support_tf=29 first=20 last=22 nodes=2 longstart=0 longend=0 tf_edge=true tf_sink_edge=true
[FWD_TRACE seed=3]   maxcov_update child=22 childcov=5.0000 prev_maxcov=0.0000 prev_tmax=None prev_weak=None cand_tchild=Some(29) cand_weak=Some(false) allow=1
[TRACE_FWD]   CHOSE child c=22 coord=0-0 maxcov=5.0 tmax=Some(29)
--- parse_trflong: fwd_to_sink t=3 result=OK path_len=18 path: 0(0-0) 1(111148296-111149065) 2(111149065-111149171) 4(111150431-111150559) 5(111150559-111150675) 6(111150675-111150706) 8(111151310-111151395) 9(111151979-111152127) 10(111152127-111152550) 11(111152550-111152646) 12(111152646-111153380) 13(111153380-111153508) 15(111154667-111154728) 16(111174047-111174127) 18(111174393-111174426) 19(111174518-111174642) 20(111174642-111174799) 22(0-0)
[TRACE_LOCUS] idx=3 abund=1.0 nodes=16 exons=8 span=111148296-111174799 rnodes=111148296-111174799 complete=false seed=true
[TRACE_LOCUS]   → flux=1.0000 cov=0.9773 nodecov_mode=false
[TRACE_LOCUS]   → STORED idx=3 cov=0.9773 abund_after=0.0000 exons=8 first=111148296-111149171 last=111174518-111174799
[TRACE_EARLY] idx=4 abund=1.0 nodes=15 seed=true weak=0 skip=pass span=111148296-111175575
[TRACE_PAT] stage=seed.raw idx=4 pivot=21 coord=111175478-111175575 node_bit=true pop=29 nchildren=1
[TRACE_PAT]   child=22 coord=0-0 edge_bit=false child_bit=false sink=true
[TRACE_PAT] stage=seed.after_nodes idx=4 pivot=21 coord=111175478-111175575 node_bit=true pop=29 nchildren=1
[TRACE_PAT]   child=22 coord=0-0 edge_bit=false child_bit=false sink=true
[TRACE_PAT] stage=seed.after_endcaps idx=4 pivot=21 coord=111175478-111175575 node_bit=true pop=29 nchildren=1
[TRACE_PAT]   child=22 coord=0-0 edge_bit=false child_bit=false sink=true
[TRACE_SEED] idx=4 abund=1.0 nnodes=15 minp=1 (111148296-111149065) maxp=21 (111175478-111175575) patpop=29
[BACK_TRACE seed=4] enter node i=1 coord=111148296-111149065 minpath=1 maxpath=21 nparents=1 path_len=1
[TRACE_BACK_SOURCE]   tf=25 first=0 last=1 abundance=28.0000 minpath=1 exact=true pure_stub=true alt_parent_cov=0.0000 accepted=true
[TRACE_BACK]   parent p=0 coord=0-0 ntrf=1 depleted=0 skip_notlong=0 parentcov=28.0 tpar=Some(25)
[BACK_TRACE seed=4]   maxcov_update parent=0 parentcov=28.0000 prev_maxcov=0.0000 prev_tmax=None prev_weak=None cand_tpar=Some(25) cand_weak=Some(false) allow=1
[TRACE_BACK]   CHOSE parent p=0 coord=0-0 maxcov=28.0 tmax=Some(25)
[TRACE_BACK]   PATHPAT_OR via tmax=25 abund=28.0000 first=0 last=1 nodes=0(0-0) 1(111148296-111149065)
--- parse_trflong: back_to_source t=4 result=OK path_len=1 path: 1(111148296-111149065)
[TRACE_FWD] enter node i=1 coord=111148296-111149065 minpath=0 maxpath=21 nchildren=2 sink_child=false
[TRACE_FWD]   path_edge child=2 coord=111149065-111149171 edge_bit=true child_bit=true sink=false
[TRACE_FWD]   path_edge child=4 coord=111150431-111150559 edge_bit=false child_bit=true sink=false
[TRACE_FWD]   fast-path: i+1=2 already on pathpat
[TRACE_FWD]   CHOSE child c=2 coord=111149065-111149171 maxcov=0.0 tmax=None
[TRACE_FWD] enter node i=2 coord=111149065-111149171 minpath=0 maxpath=21 nchildren=1 sink_child=false
[TRACE_FWD]   path_edge child=4 coord=111150431-111150559 edge_bit=true child_bit=true sink=false
[TRACE_FWD]   seed-guided child=4 coord=111150431-111150559 guided=1
[TRACE_FWD]   CHOSE child c=4 coord=111150431-111150559 maxcov=0.0 tmax=None
[TRACE_FWD] enter node i=4 coord=111150431-111150559 minpath=0 maxpath=21 nchildren=4 sink_child=true
[TRACE_FWD]   path_edge child=5 coord=111150559-111150675 edge_bit=true child_bit=true sink=false
[TRACE_FWD]   path_edge child=6 coord=111150675-111150706 edge_bit=false child_bit=true sink=false
[TRACE_FWD]   path_edge child=8 coord=111151310-111151395 edge_bit=false child_bit=true sink=false
[TRACE_FWD]   path_edge child=22 coord=0-0 edge_bit=false child_bit=false sink=true
[TRACE_FWD]   fast-path: i+1=5 already on pathpat
[TRACE_FWD]   CHOSE child c=5 coord=111150559-111150675 maxcov=0.0 tmax=None
[TRACE_FWD] enter node i=5 coord=111150559-111150675 minpath=0 maxpath=21 nchildren=1 sink_child=false
[TRACE_FWD]   path_edge child=6 coord=111150675-111150706 edge_bit=true child_bit=true sink=false
[TRACE_FWD]   fast-path: i+1=6 already on pathpat
[TRACE_FWD]   CHOSE child c=6 coord=111150675-111150706 maxcov=0.0 tmax=None
[TRACE_FWD] enter node i=6 coord=111150675-111150706 minpath=0 maxpath=21 nchildren=2 sink_child=false
[TRACE_FWD]   path_edge child=7 coord=111150706-111150804 edge_bit=false child_bit=false sink=false
[TRACE_FWD]   path_edge child=8 coord=111151310-111151395 edge_bit=true child_bit=true sink=false
[TRACE_FWD]   seed-guided child=8 coord=111151310-111151395 guided=1
[TRACE_FWD]   CHOSE child c=8 coord=111151310-111151395 maxcov=0.0 tmax=None
[TRACE_FWD] enter node i=8 coord=111151310-111151395 minpath=0 maxpath=21 nchildren=1 sink_child=false
[TRACE_FWD]   path_edge child=9 coord=111151979-111152127 edge_bit=true child_bit=true sink=false
[TRACE_FWD]   fast-path: i+1=9 already on pathpat
[TRACE_FWD]   CHOSE child c=9 coord=111151979-111152127 maxcov=0.0 tmax=None
[TRACE_FWD] enter node i=9 coord=111151979-111152127 minpath=0 maxpath=21 nchildren=3 sink_child=true
[TRACE_FWD]   path_edge child=10 coord=111152127-111152550 edge_bit=false child_bit=false sink=false
[TRACE_FWD]   path_edge child=11 coord=111152550-111152646 edge_bit=true child_bit=true sink=false
[TRACE_FWD]   path_edge child=22 coord=0-0 edge_bit=false child_bit=false sink=true
[TRACE_FWD]   seed-guided child=11 coord=111152550-111152646 guided=1
[TRACE_FWD]   CHOSE child c=11 coord=111152550-111152646 maxcov=0.0 tmax=None
[TRACE_FWD] enter node i=11 coord=111152550-111152646 minpath=0 maxpath=21 nchildren=3 sink_child=true
[TRACE_FWD]   path_edge child=12 coord=111152646-111153380 edge_bit=true child_bit=true sink=false
[TRACE_FWD]   path_edge child=13 coord=111153380-111153508 edge_bit=false child_bit=true sink=false
[TRACE_FWD]   path_edge child=22 coord=0-0 edge_bit=false child_bit=false sink=true
[TRACE_FWD]   fast-path: i+1=12 already on pathpat
[TRACE_FWD]   CHOSE child c=12 coord=111152646-111153380 maxcov=0.0 tmax=None
[TRACE_FWD] enter node i=12 coord=111152646-111153380 minpath=0 maxpath=21 nchildren=1 sink_child=false
[TRACE_FWD]   path_edge child=13 coord=111153380-111153508 edge_bit=true child_bit=true sink=false
[TRACE_FWD]   fast-path: i+1=13 already on pathpat
[TRACE_FWD]   CHOSE child c=13 coord=111153380-111153508 maxcov=0.0 tmax=None
[TRACE_FWD] enter node i=13 coord=111153380-111153508 minpath=0 maxpath=21 nchildren=2 sink_child=false
[TRACE_FWD]   path_edge child=14 coord=111153508-111153535 edge_bit=false child_bit=false sink=false
[TRACE_FWD]   path_edge child=15 coord=111154667-111154728 edge_bit=true child_bit=true sink=false
[TRACE_FWD]   seed-guided child=15 coord=111154667-111154728 guided=1
[TRACE_FWD]   CHOSE child c=15 coord=111154667-111154728 maxcov=0.0 tmax=None
[TRACE_FWD] enter node i=15 coord=111154667-111154728 minpath=0 maxpath=21 nchildren=1 sink_child=false
[TRACE_FWD]   path_edge child=16 coord=111174047-111174127 edge_bit=true child_bit=true sink=false
[TRACE_FWD]   fast-path: i+1=16 already on pathpat
[TRACE_FWD]   CHOSE child c=16 coord=111174047-111174127 maxcov=0.0 tmax=None
[TRACE_FWD] enter node i=16 coord=111174047-111174127 minpath=0 maxpath=21 nchildren=2 sink_child=false
[TRACE_FWD]   path_edge child=17 coord=111174127-111174337 edge_bit=false child_bit=false sink=false
[TRACE_FWD]   path_edge child=18 coord=111174393-111174426 edge_bit=true child_bit=true sink=false
[TRACE_FWD]   seed-guided child=18 coord=111174393-111174426 guided=1
[TRACE_FWD]   CHOSE child c=18 coord=111174393-111174426 maxcov=0.0 tmax=None
[TRACE_FWD] enter node i=18 coord=111174393-111174426 minpath=0 maxpath=21 nchildren=1 sink_child=false
[TRACE_FWD]   path_edge child=19 coord=111174518-111174642 edge_bit=true child_bit=true sink=false
[TRACE_FWD]   fast-path: i+1=19 already on pathpat
[TRACE_FWD]   CHOSE child c=19 coord=111174518-111174642 maxcov=0.0 tmax=None
[TRACE_FWD] enter node i=19 coord=111174518-111174642 minpath=0 maxpath=21 nchildren=2 sink_child=false
[TRACE_FWD]   path_edge child=20 coord=111174642-111174799 edge_bit=false child_bit=false sink=false
[TRACE_FWD]   path_edge child=21 coord=111175478-111175575 edge_bit=true child_bit=true sink=false
[TRACE_FWD]   seed-guided child=21 coord=111175478-111175575 guided=1
[TRACE_FWD]   CHOSE child c=21 coord=111175478-111175575 maxcov=0.0 tmax=None
[TRACE_FWD] enter node i=21 coord=111175478-111175575 minpath=0 maxpath=21 nchildren=1 sink_child=true
[TRACE_FWD]   path_edge child=22 coord=0-0 edge_bit=false child_bit=false sink=true
[FWD_HARDEND_GUARD seed=4] short-circuit at i=21 (minority_fork, gap=4, longend=111175571, abund=1.00, cov_i=7.00)
--- parse_trflong: fwd_to_sink t=4 result=OK path_len=17 path: 0(0-0) 1(111148296-111149065) 2(111149065-111149171) 4(111150431-111150559) 5(111150559-111150675) 6(111150675-111150706) 8(111151310-111151395) 9(111151979-111152127) 11(111152550-111152646) 12(111152646-111153380) 13(111153380-111153508) 15(111154667-111154728) 16(111174047-111174127) 18(111174393-111174426) 19(111174518-111174642) 21(111175478-111175575) 22(0-0)
[TRACE_LOCUS] idx=4 abund=1.0 nodes=15 exons=10 span=111148296-111175575 rnodes=111148296-111175575 complete=false seed=true
[TRACE_LOCUS]   → flux=1.0000 cov=0.9730 nodecov_mode=false
[TRACE_LOCUS]   → STORED idx=4 cov=0.9730 abund_after=0.0000 exons=10 first=111148296-111149171 last=111175478-111175575
[TRACE_EARLY] idx=5 abund=1.0 nodes=14 seed=true weak=0 skip=pass span=111148296-111174799
[TRACE_PAT] stage=seed.raw idx=5 pivot=20 coord=111174642-111174799 node_bit=true pop=27 nchildren=1
[TRACE_PAT]   child=22 coord=0-0 edge_bit=false child_bit=false sink=true
[TRACE_PAT] stage=seed.after_nodes idx=5 pivot=20 coord=111174642-111174799 node_bit=true pop=27 nchildren=1
[TRACE_PAT]   child=22 coord=0-0 edge_bit=false child_bit=false sink=true
[TRACE_PAT] stage=seed.after_endcaps idx=5 pivot=20 coord=111174642-111174799 node_bit=true pop=27 nchildren=1
[TRACE_PAT]   child=22 coord=0-0 edge_bit=false child_bit=false sink=true
[TRACE_SEED] idx=5 abund=1.0 nnodes=14 minp=1 (111148296-111149065) maxp=20 (111174642-111174799) patpop=27
[BACK_TRACE seed=5] enter node i=1 coord=111148296-111149065 minpath=1 maxpath=20 nparents=1 path_len=1
[TRACE_BACK_SOURCE]   tf=25 first=0 last=1 abundance=27.0000 minpath=1 exact=true pure_stub=true alt_parent_cov=0.0000 accepted=true
[TRACE_BACK]   parent p=0 coord=0-0 ntrf=1 depleted=0 skip_notlong=0 parentcov=27.0 tpar=Some(25)
[BACK_TRACE seed=5]   maxcov_update parent=0 parentcov=27.0000 prev_maxcov=0.0000 prev_tmax=None prev_weak=None cand_tpar=Some(25) cand_weak=Some(false) allow=1
[TRACE_BACK]   CHOSE parent p=0 coord=0-0 maxcov=27.0 tmax=Some(25)
[TRACE_BACK]   PATHPAT_OR via tmax=25 abund=27.0000 first=0 last=1 nodes=0(0-0) 1(111148296-111149065)
--- parse_trflong: back_to_source t=5 result=OK path_len=1 path: 1(111148296-111149065)
[TRACE_FWD] enter node i=1 coord=111148296-111149065 minpath=0 maxpath=20 nchildren=2 sink_child=false
[TRACE_FWD]   path_edge child=2 coord=111149065-111149171 edge_bit=true child_bit=true sink=false
[TRACE_FWD]   path_edge child=4 coord=111150431-111150559 edge_bit=false child_bit=true sink=false
[TRACE_FWD]   fast-path: i+1=2 already on pathpat
[TRACE_FWD]   CHOSE child c=2 coord=111149065-111149171 maxcov=0.0 tmax=None
[TRACE_FWD] enter node i=2 coord=111149065-111149171 minpath=0 maxpath=20 nchildren=1 sink_child=false
[TRACE_FWD]   path_edge child=4 coord=111150431-111150559 edge_bit=true child_bit=true sink=false
[TRACE_FWD]   seed-guided child=4 coord=111150431-111150559 guided=1
[TRACE_FWD]   CHOSE child c=4 coord=111150431-111150559 maxcov=0.0 tmax=None
[TRACE_FWD] enter node i=4 coord=111150431-111150559 minpath=0 maxpath=20 nchildren=4 sink_child=true
[TRACE_FWD]   path_edge child=5 coord=111150559-111150675 edge_bit=false child_bit=false sink=false
[TRACE_FWD]   path_edge child=6 coord=111150675-111150706 edge_bit=false child_bit=false sink=false
[TRACE_FWD]   path_edge child=8 coord=111151310-111151395 edge_bit=true child_bit=true sink=false
[TRACE_FWD]   path_edge child=22 coord=0-0 edge_bit=false child_bit=false sink=true
[TRACE_FWD]   seed-guided child=8 coord=111151310-111151395 guided=1
[TRACE_FWD]   CHOSE child c=8 coord=111151310-111151395 maxcov=0.0 tmax=None
[TRACE_FWD] enter node i=8 coord=111151310-111151395 minpath=0 maxpath=20 nchildren=1 sink_child=false
[TRACE_FWD]   path_edge child=9 coord=111151979-111152127 edge_bit=true child_bit=true sink=false
[TRACE_FWD]   fast-path: i+1=9 already on pathpat
[TRACE_FWD]   CHOSE child c=9 coord=111151979-111152127 maxcov=0.0 tmax=None
[TRACE_FWD] enter node i=9 coord=111151979-111152127 minpath=0 maxpath=20 nchildren=3 sink_child=true
[TRACE_FWD]   path_edge child=10 coord=111152127-111152550 edge_bit=true child_bit=true sink=false
[TRACE_FWD]   path_edge child=11 coord=111152550-111152646 edge_bit=false child_bit=true sink=false
[TRACE_FWD]   path_edge child=22 coord=0-0 edge_bit=false child_bit=false sink=true
[TRACE_FWD]   fast-path: i+1=10 already on pathpat
[TRACE_FWD]   CHOSE child c=10 coord=111152127-111152550 maxcov=0.0 tmax=None
[TRACE_FWD] enter node i=10 coord=111152127-111152550 minpath=0 maxpath=20 nchildren=1 sink_child=false
[TRACE_FWD]   path_edge child=11 coord=111152550-111152646 edge_bit=true child_bit=true sink=false
[TRACE_FWD]   fast-path: i+1=11 already on pathpat
[TRACE_FWD]   CHOSE child c=11 coord=111152550-111152646 maxcov=0.0 tmax=None
[TRACE_FWD] enter node i=11 coord=111152550-111152646 minpath=0 maxpath=20 nchildren=3 sink_child=true
[TRACE_FWD]   path_edge child=12 coord=111152646-111153380 edge_bit=true child_bit=true sink=false
[TRACE_FWD]   path_edge child=13 coord=111153380-111153508 edge_bit=false child_bit=true sink=false
[TRACE_FWD]   path_edge child=22 coord=0-0 edge_bit=false child_bit=false sink=true
[TRACE_FWD]   fast-path: i+1=12 already on pathpat
[TRACE_FWD]   CHOSE child c=12 coord=111152646-111153380 maxcov=0.0 tmax=None
[TRACE_FWD] enter node i=12 coord=111152646-111153380 minpath=0 maxpath=20 nchildren=1 sink_child=false
[TRACE_FWD]   path_edge child=13 coord=111153380-111153508 edge_bit=true child_bit=true sink=false
[TRACE_FWD]   fast-path: i+1=13 already on pathpat
[TRACE_FWD]   CHOSE child c=13 coord=111153380-111153508 maxcov=0.0 tmax=None
[TRACE_FWD] enter node i=13 coord=111153380-111153508 minpath=0 maxpath=20 nchildren=2 sink_child=false
[TRACE_FWD]   path_edge child=14 coord=111153508-111153535 edge_bit=false child_bit=false sink=false
[TRACE_FWD]   path_edge child=15 coord=111154667-111154728 edge_bit=true child_bit=true sink=false
[TRACE_FWD]   seed-guided child=15 coord=111154667-111154728 guided=1
[TRACE_FWD]   CHOSE child c=15 coord=111154667-111154728 maxcov=0.0 tmax=None
[TRACE_FWD] enter node i=15 coord=111154667-111154728 minpath=0 maxpath=20 nchildren=1 sink_child=false
[TRACE_FWD]   path_edge child=16 coord=111174047-111174127 edge_bit=true child_bit=true sink=false
[TRACE_FWD]   fast-path: i+1=16 already on pathpat
[TRACE_FWD]   CHOSE child c=16 coord=111174047-111174127 maxcov=0.0 tmax=None
[TRACE_FWD] enter node i=16 coord=111174047-111174127 minpath=0 maxpath=20 nchildren=2 sink_child=false
[TRACE_FWD]   path_edge child=17 coord=111174127-111174337 edge_bit=false child_bit=false sink=false
[TRACE_FWD]   path_edge child=18 coord=111174393-111174426 edge_bit=true child_bit=true sink=false
[TRACE_FWD]   seed-guided child=18 coord=111174393-111174426 guided=1
[TRACE_FWD]   CHOSE child c=18 coord=111174393-111174426 maxcov=0.0 tmax=None
[TRACE_FWD] enter node i=18 coord=111174393-111174426 minpath=0 maxpath=20 nchildren=1 sink_child=false
[TRACE_FWD]   path_edge child=19 coord=111174518-111174642 edge_bit=true child_bit=true sink=false
[TRACE_FWD]   fast-path: i+1=19 already on pathpat
[TRACE_FWD]   CHOSE child c=19 coord=111174518-111174642 maxcov=0.0 tmax=None
[TRACE_FWD] enter node i=19 coord=111174518-111174642 minpath=0 maxpath=20 nchildren=2 sink_child=false
[TRACE_FWD]   path_edge child=20 coord=111174642-111174799 edge_bit=true child_bit=true sink=false
[TRACE_FWD]   path_edge child=21 coord=111175478-111175575 edge_bit=false child_bit=false sink=false
[TRACE_FWD]   fast-path: i+1=20 already on pathpat
[TRACE_FWD]   CHOSE child c=20 coord=111174642-111174799 maxcov=0.0 tmax=None
[TRACE_FWD] enter node i=20 coord=111174642-111174799 minpath=0 maxpath=20 nchildren=1 sink_child=true
[TRACE_FWD]   path_edge child=22 coord=0-0 edge_bit=false child_bit=false sink=true
[FWD_HARDEND_GUARD seed=5] skip at i=20 (seed_last_real but not minority_fork, gap=28)
[ONPATH_SINK_PENULT] penultimate=17 penult_coord=111174127-111174337 maxp=20 maxp_coord=111174642-111174799 contig=false
[TRACE_FWD_SINK_DBG] tf=28 !exact=true req_long=true first<i=true maxp<=i=true last>=c=true onpath_reason=fail:sink_edge_wrong_penultimate
[TRACE_FWD_SINK]   tf=28 first=17 last=22 abundance=1.0000 maxpath=20 i=20 accepted=false
[TRACE_FWD_SINK]   tf=29 first=20 last=22 abundance=4.0000 maxpath=20 i=20 accepted=true
[TRACE_FWD_SINK]   tf=30 first=21 last=22 abundance=4.0000 maxpath=20 i=20 accepted=false
[ONPATH_SINK_PENULT] penultimate=4 penult_coord=111150431-111150559 maxp=20 maxp_coord=111174642-111174799 contig=false
[TRACE_FWD_SINK_DBG] tf=31 !exact=true req_long=true first<i=true maxp<=i=true last>=c=true onpath_reason=fail:sink_edge_wrong_penultimate
[TRACE_FWD_SINK]   tf=31 first=4 last=22 abundance=1.0000 maxpath=20 i=20 accepted=false
[ONPATH_SINK_PENULT] penultimate=9 penult_coord=111151979-111152127 maxp=20 maxp_coord=111174642-111174799 contig=false
[TRACE_FWD_SINK_DBG] tf=32 !exact=true req_long=true first<i=true maxp<=i=true last>=c=true onpath_reason=fail:sink_edge_wrong_penultimate
[TRACE_FWD_SINK]   tf=32 first=9 last=22 abundance=1.0000 maxpath=20 i=20 accepted=false
[ONPATH_SINK_PENULT] penultimate=11 penult_coord=111152550-111152646 maxp=20 maxp_coord=111174642-111174799 contig=false
[TRACE_FWD_SINK_DBG] tf=33 !exact=true req_long=true first<i=true maxp<=i=true last>=c=true onpath_reason=fail:sink_edge_wrong_penultimate
[TRACE_FWD_SINK]   tf=33 first=11 last=22 abundance=1.0000 maxpath=20 i=20 accepted=false
[TRACE_FWD]   child c=22 coord=0-0 ntrf=6 childcov=4.0 tchild=Some(29)
[TRACE_FWD]     support_tf=29 first=20 last=22 nodes=2 longstart=0 longend=0 tf_edge=true tf_sink_edge=true
[FWD_TRACE seed=5]   maxcov_update child=22 childcov=4.0000 prev_maxcov=0.0000 prev_tmax=None prev_weak=None cand_tchild=Some(29) cand_weak=Some(false) allow=1
[TRACE_FWD]   CHOSE child c=22 coord=0-0 maxcov=4.0 tmax=Some(29)
--- parse_trflong: fwd_to_sink t=5 result=OK path_len=16 path: 0(0-0) 1(111148296-111149065) 2(111149065-111149171) 4(111150431-111150559) 8(111151310-111151395) 9(111151979-111152127) 10(111152127-111152550) 11(111152550-111152646) 12(111152646-111153380) 13(111153380-111153508) 15(111154667-111154728) 16(111174047-111174127) 18(111174393-111174426) 19(111174518-111174642) 20(111174642-111174799) 22(0-0)
[TRACE_LOCUS] idx=5 abund=1.0 nodes=14 exons=8 span=111148296-111174799 rnodes=111148296-111174799 complete=false seed=true
[TRACE_LOCUS]   → flux=1.0000 cov=0.9762 nodecov_mode=false
[TRACE_LOCUS]   → STORED idx=5 cov=0.9762 abund_after=0.0000 exons=8 first=111148296-111149171 last=111174518-111174799
[TRACE_EARLY] idx=6 abund=1.0 nodes=14 seed=true weak=0 skip=pass span=111148296-111174799
[TRACE_PAT] stage=seed.raw idx=6 pivot=20 coord=111174642-111174799 node_bit=true pop=27 nchildren=1
[TRACE_PAT]   child=22 coord=0-0 edge_bit=false child_bit=false sink=true
[TRACE_PAT] stage=seed.after_nodes idx=6 pivot=20 coord=111174642-111174799 node_bit=true pop=27 nchildren=1
[TRACE_PAT]   child=22 coord=0-0 edge_bit=false child_bit=false sink=true
[TRACE_PAT] stage=seed.after_endcaps idx=6 pivot=20 coord=111174642-111174799 node_bit=true pop=27 nchildren=1
[TRACE_PAT]   child=22 coord=0-0 edge_bit=false child_bit=false sink=true
[TRACE_SEED] idx=6 abund=1.0 nnodes=14 minp=1 (111148296-111149065) maxp=20 (111174642-111174799) patpop=27
[BACK_TRACE seed=6] enter node i=1 coord=111148296-111149065 minpath=1 maxpath=20 nparents=1 path_len=1
[TRACE_BACK_SOURCE]   tf=25 first=0 last=1 abundance=26.0000 minpath=1 exact=true pure_stub=true alt_parent_cov=0.0000 accepted=true
[TRACE_BACK]   parent p=0 coord=0-0 ntrf=1 depleted=0 skip_notlong=0 parentcov=26.0 tpar=Some(25)
[BACK_TRACE seed=6]   maxcov_update parent=0 parentcov=26.0000 prev_maxcov=0.0000 prev_tmax=None prev_weak=None cand_tpar=Some(25) cand_weak=Some(false) allow=1
[TRACE_BACK]   CHOSE parent p=0 coord=0-0 maxcov=26.0 tmax=Some(25)
[TRACE_BACK]   PATHPAT_OR via tmax=25 abund=26.0000 first=0 last=1 nodes=0(0-0) 1(111148296-111149065)
--- parse_trflong: back_to_source t=6 result=OK path_len=1 path: 1(111148296-111149065)
[TRACE_FWD] enter node i=1 coord=111148296-111149065 minpath=0 maxpath=20 nchildren=2 sink_child=false
[TRACE_FWD]   path_edge child=2 coord=111149065-111149171 edge_bit=true child_bit=true sink=false
[TRACE_FWD]   path_edge child=4 coord=111150431-111150559 edge_bit=false child_bit=true sink=false
[TRACE_FWD]   fast-path: i+1=2 already on pathpat
[TRACE_FWD]   CHOSE child c=2 coord=111149065-111149171 maxcov=0.0 tmax=None
[TRACE_FWD] enter node i=2 coord=111149065-111149171 minpath=0 maxpath=20 nchildren=1 sink_child=false
[TRACE_FWD]   path_edge child=4 coord=111150431-111150559 edge_bit=true child_bit=true sink=false
[TRACE_FWD]   seed-guided child=4 coord=111150431-111150559 guided=1
[TRACE_FWD]   CHOSE child c=4 coord=111150431-111150559 maxcov=0.0 tmax=None
[TRACE_FWD] enter node i=4 coord=111150431-111150559 minpath=0 maxpath=20 nchildren=4 sink_child=true
[TRACE_FWD]   path_edge child=5 coord=111150559-111150675 edge_bit=false child_bit=false sink=false
[TRACE_FWD]   path_edge child=6 coord=111150675-111150706 edge_bit=true child_bit=true sink=false
[TRACE_FWD]   path_edge child=8 coord=111151310-111151395 edge_bit=false child_bit=true sink=false
[TRACE_FWD]   path_edge child=22 coord=0-0 edge_bit=false child_bit=false sink=true
[TRACE_FWD]   seed-guided child=6 coord=111150675-111150706 guided=1
[TRACE_FWD]   CHOSE child c=6 coord=111150675-111150706 maxcov=0.0 tmax=None
[TRACE_FWD] enter node i=6 coord=111150675-111150706 minpath=0 maxpath=20 nchildren=2 sink_child=false
[TRACE_FWD]   path_edge child=7 coord=111150706-111150804 edge_bit=true child_bit=true sink=false
[TRACE_FWD]   path_edge child=8 coord=111151310-111151395 edge_bit=false child_bit=true sink=false
[TRACE_FWD]   fast-path: i+1=7 already on pathpat
[TRACE_FWD]   CHOSE child c=7 coord=111150706-111150804 maxcov=0.0 tmax=None
[TRACE_FWD] enter node i=7 coord=111150706-111150804 minpath=0 maxpath=20 nchildren=1 sink_child=false
[TRACE_FWD]   path_edge child=8 coord=111151310-111151395 edge_bit=true child_bit=true sink=false
[TRACE_FWD]   fast-path: i+1=8 already on pathpat
[TRACE_FWD]   CHOSE child c=8 coord=111151310-111151395 maxcov=0.0 tmax=None
[TRACE_FWD] enter node i=8 coord=111151310-111151395 minpath=0 maxpath=20 nchildren=1 sink_child=false
[TRACE_FWD]   path_edge child=9 coord=111151979-111152127 edge_bit=true child_bit=true sink=false
[TRACE_FWD]   fast-path: i+1=9 already on pathpat
[TRACE_FWD]   CHOSE child c=9 coord=111151979-111152127 maxcov=0.0 tmax=None
[TRACE_FWD] enter node i=9 coord=111151979-111152127 minpath=0 maxpath=20 nchildren=3 sink_child=true
[TRACE_FWD]   path_edge child=10 coord=111152127-111152550 edge_bit=false child_bit=false sink=false
[TRACE_FWD]   path_edge child=11 coord=111152550-111152646 edge_bit=true child_bit=true sink=false
[TRACE_FWD]   path_edge child=22 coord=0-0 edge_bit=false child_bit=false sink=true
[TRACE_FWD]   seed-guided child=11 coord=111152550-111152646 guided=1
[TRACE_FWD]   CHOSE child c=11 coord=111152550-111152646 maxcov=0.0 tmax=None
[TRACE_FWD] enter node i=11 coord=111152550-111152646 minpath=0 maxpath=20 nchildren=3 sink_child=true
[TRACE_FWD]   path_edge child=12 coord=111152646-111153380 edge_bit=false child_bit=false sink=false
[TRACE_FWD]   path_edge child=13 coord=111153380-111153508 edge_bit=true child_bit=true sink=false
[TRACE_FWD]   path_edge child=22 coord=0-0 edge_bit=false child_bit=false sink=true
[TRACE_FWD]   seed-guided child=13 coord=111153380-111153508 guided=1
[TRACE_FWD]   CHOSE child c=13 coord=111153380-111153508 maxcov=0.0 tmax=None
[TRACE_FWD] enter node i=13 coord=111153380-111153508 minpath=0 maxpath=20 nchildren=2 sink_child=false
[TRACE_FWD]   path_edge child=14 coord=111153508-111153535 edge_bit=false child_bit=false sink=false
[TRACE_FWD]   path_edge child=15 coord=111154667-111154728 edge_bit=true child_bit=true sink=false
[TRACE_FWD]   seed-guided child=15 coord=111154667-111154728 guided=1
[TRACE_FWD]   CHOSE child c=15 coord=111154667-111154728 maxcov=0.0 tmax=None
[TRACE_FWD] enter node i=15 coord=111154667-111154728 minpath=0 maxpath=20 nchildren=1 sink_child=false
[TRACE_FWD]   path_edge child=16 coord=111174047-111174127 edge_bit=true child_bit=true sink=false
[TRACE_FWD]   fast-path: i+1=16 already on pathpat
[TRACE_FWD]   CHOSE child c=16 coord=111174047-111174127 maxcov=0.0 tmax=None
[TRACE_FWD] enter node i=16 coord=111174047-111174127 minpath=0 maxpath=20 nchildren=2 sink_child=false
[TRACE_FWD]   path_edge child=17 coord=111174127-111174337 edge_bit=false child_bit=false sink=false
[TRACE_FWD]   path_edge child=18 coord=111174393-111174426 edge_bit=true child_bit=true sink=false
[TRACE_FWD]   seed-guided child=18 coord=111174393-111174426 guided=1
[TRACE_FWD]   CHOSE child c=18 coord=111174393-111174426 maxcov=0.0 tmax=None
[TRACE_FWD] enter node i=18 coord=111174393-111174426 minpath=0 maxpath=20 nchildren=1 sink_child=false
[TRACE_FWD]   path_edge child=19 coord=111174518-111174642 edge_bit=true child_bit=true sink=false
[TRACE_FWD]   fast-path: i+1=19 already on pathpat
[TRACE_FWD]   CHOSE child c=19 coord=111174518-111174642 maxcov=0.0 tmax=None
[TRACE_FWD] enter node i=19 coord=111174518-111174642 minpath=0 maxpath=20 nchildren=2 sink_child=false
[TRACE_FWD]   path_edge child=20 coord=111174642-111174799 edge_bit=true child_bit=true sink=false
[TRACE_FWD]   path_edge child=21 coord=111175478-111175575 edge_bit=false child_bit=false sink=false
[TRACE_FWD]   fast-path: i+1=20 already on pathpat
[TRACE_FWD]   CHOSE child c=20 coord=111174642-111174799 maxcov=0.0 tmax=None
[TRACE_FWD] enter node i=20 coord=111174642-111174799 minpath=0 maxpath=20 nchildren=1 sink_child=true
[TRACE_FWD]   path_edge child=22 coord=0-0 edge_bit=false child_bit=false sink=true
[FWD_HARDEND_GUARD seed=6] skip at i=20 (seed_last_real but not minority_fork, gap=0)
[ONPATH_SINK_PENULT] penultimate=17 penult_coord=111174127-111174337 maxp=20 maxp_coord=111174642-111174799 contig=false
[TRACE_FWD_SINK_DBG] tf=28 !exact=true req_long=true first<i=true maxp<=i=true last>=c=true onpath_reason=fail:sink_edge_wrong_penultimate
[TRACE_FWD_SINK]   tf=28 first=17 last=22 abundance=1.0000 maxpath=20 i=20 accepted=false
[TRACE_FWD_SINK]   tf=29 first=20 last=22 abundance=3.0000 maxpath=20 i=20 accepted=true
[TRACE_FWD_SINK]   tf=30 first=21 last=22 abundance=4.0000 maxpath=20 i=20 accepted=false
[ONPATH_SINK_PENULT] penultimate=4 penult_coord=111150431-111150559 maxp=20 maxp_coord=111174642-111174799 contig=false
[TRACE_FWD_SINK_DBG] tf=31 !exact=true req_long=true first<i=true maxp<=i=true last>=c=true onpath_reason=fail:sink_edge_wrong_penultimate
[TRACE_FWD_SINK]   tf=31 first=4 last=22 abundance=1.0000 maxpath=20 i=20 accepted=false
[ONPATH_SINK_PENULT] penultimate=9 penult_coord=111151979-111152127 maxp=20 maxp_coord=111174642-111174799 contig=false
[TRACE_FWD_SINK_DBG] tf=32 !exact=true req_long=true first<i=true maxp<=i=true last>=c=true onpath_reason=fail:sink_edge_wrong_penultimate
[TRACE_FWD_SINK]   tf=32 first=9 last=22 abundance=1.0000 maxpath=20 i=20 accepted=false
[ONPATH_SINK_PENULT] penultimate=11 penult_coord=111152550-111152646 maxp=20 maxp_coord=111174642-111174799 contig=false
[TRACE_FWD_SINK_DBG] tf=33 !exact=true req_long=true first<i=true maxp<=i=true last>=c=true onpath_reason=fail:sink_edge_wrong_penultimate
[TRACE_FWD_SINK]   tf=33 first=11 last=22 abundance=1.0000 maxpath=20 i=20 accepted=false
[TRACE_FWD]   child c=22 coord=0-0 ntrf=6 childcov=3.0 tchild=Some(29)
[TRACE_FWD]     support_tf=29 first=20 last=22 nodes=2 longstart=0 longend=0 tf_edge=true tf_sink_edge=true
[FWD_TRACE seed=6]   maxcov_update child=22 childcov=3.0000 prev_maxcov=0.0000 prev_tmax=None prev_weak=None cand_tchild=Some(29) cand_weak=Some(false) allow=1
[TRACE_FWD]   CHOSE child c=22 coord=0-0 maxcov=3.0 tmax=Some(29)
--- parse_trflong: fwd_to_sink t=6 result=OK path_len=16 path: 0(0-0) 1(111148296-111149065) 2(111149065-111149171) 4(111150431-111150559) 6(111150675-111150706) 7(111150706-111150804) 8(111151310-111151395) 9(111151979-111152127) 11(111152550-111152646) 13(111153380-111153508) 15(111154667-111154728) 16(111174047-111174127) 18(111174393-111174426) 19(111174518-111174642) 20(111174642-111174799) 22(0-0)
[TRACE_LOCUS] idx=6 abund=1.0 nodes=14 exons=11 span=111148296-111174799 rnodes=111148296-111174799 complete=false seed=true
[TRACE_LOCUS]   → flux=1.0000 cov=0.9916 nodecov_mode=false
[TRACE_LOCUS]   → STORED idx=6 cov=0.9916 abund_after=0.0000 exons=11 first=111148296-111149171 last=111174518-111174799
[TRACE_EARLY] idx=7 abund=1.0 nodes=14 seed=true weak=0 skip=pass span=111148296-111175575
[TRACE_PAT] stage=seed.raw idx=7 pivot=21 coord=111175478-111175575 node_bit=true pop=27 nchildren=1
[TRACE_PAT]   child=22 coord=0-0 edge_bit=false child_bit=false sink=true
[TRACE_PAT] stage=seed.after_nodes idx=7 pivot=21 coord=111175478-111175575 node_bit=true pop=27 nchildren=1
[TRACE_PAT]   child=22 coord=0-0 edge_bit=false child_bit=false sink=true
[TRACE_PAT] stage=seed.after_endcaps idx=7 pivot=21 coord=111175478-111175575 node_bit=true pop=27 nchildren=1
[TRACE_PAT]   child=22 coord=0-0 edge_bit=false child_bit=false sink=true
[TRACE_SEED] idx=7 abund=1.0 nnodes=14 minp=1 (111148296-111149065) maxp=21 (111175478-111175575) patpop=27
[BACK_TRACE seed=7] enter node i=1 coord=111148296-111149065 minpath=1 maxpath=21 nparents=1 path_len=1
[TRACE_BACK_SOURCE]   tf=25 first=0 last=1 abundance=25.0000 minpath=1 exact=true pure_stub=true alt_parent_cov=0.0000 accepted=true
[TRACE_BACK]   parent p=0 coord=0-0 ntrf=1 depleted=0 skip_notlong=0 parentcov=25.0 tpar=Some(25)
[BACK_TRACE seed=7]   maxcov_update parent=0 parentcov=25.0000 prev_maxcov=0.0000 prev_tmax=None prev_weak=None cand_tpar=Some(25) cand_weak=Some(false) allow=1
[TRACE_BACK]   CHOSE parent p=0 coord=0-0 maxcov=25.0 tmax=Some(25)
[TRACE_BACK]   PATHPAT_OR via tmax=25 abund=25.0000 first=0 last=1 nodes=0(0-0) 1(111148296-111149065)
--- parse_trflong: back_to_source t=7 result=OK path_len=1 path: 1(111148296-111149065)
[TRACE_FWD] enter node i=1 coord=111148296-111149065 minpath=0 maxpath=21 nchildren=2 sink_child=false
[TRACE_FWD]   path_edge child=2 coord=111149065-111149171 edge_bit=true child_bit=true sink=false
[TRACE_FWD]   path_edge child=4 coord=111150431-111150559 edge_bit=false child_bit=true sink=false
[TRACE_FWD]   fast-path: i+1=2 already on pathpat
[TRACE_FWD]   CHOSE child c=2 coord=111149065-111149171 maxcov=0.0 tmax=None
[TRACE_FWD] enter node i=2 coord=111149065-111149171 minpath=0 maxpath=21 nchildren=1 sink_child=false
[TRACE_FWD]   path_edge child=4 coord=111150431-111150559 edge_bit=true child_bit=true sink=false
[TRACE_FWD]   seed-guided child=4 coord=111150431-111150559 guided=1
[TRACE_FWD]   CHOSE child c=4 coord=111150431-111150559 maxcov=0.0 tmax=None
[TRACE_FWD] enter node i=4 coord=111150431-111150559 minpath=0 maxpath=21 nchildren=4 sink_child=true
[TRACE_FWD]   path_edge child=5 coord=111150559-111150675 edge_bit=false child_bit=false sink=false
[TRACE_FWD]   path_edge child=6 coord=111150675-111150706 edge_bit=false child_bit=false sink=false
[TRACE_FWD]   path_edge child=8 coord=111151310-111151395 edge_bit=true child_bit=true sink=false
[TRACE_FWD]   path_edge child=22 coord=0-0 edge_bit=false child_bit=false sink=true
[TRACE_FWD]   seed-guided child=8 coord=111151310-111151395 guided=1
[TRACE_FWD]   CHOSE child c=8 coord=111151310-111151395 maxcov=0.0 tmax=None
[TRACE_FWD] enter node i=8 coord=111151310-111151395 minpath=0 maxpath=21 nchildren=1 sink_child=false
[TRACE_FWD]   path_edge child=9 coord=111151979-111152127 edge_bit=true child_bit=true sink=false
[TRACE_FWD]   fast-path: i+1=9 already on pathpat
[TRACE_FWD]   CHOSE child c=9 coord=111151979-111152127 maxcov=0.0 tmax=None
[TRACE_FWD] enter node i=9 coord=111151979-111152127 minpath=0 maxpath=21 nchildren=3 sink_child=true
[TRACE_FWD]   path_edge child=10 coord=111152127-111152550 edge_bit=true child_bit=true sink=false
[TRACE_FWD]   path_edge child=11 coord=111152550-111152646 edge_bit=false child_bit=true sink=false
[TRACE_FWD]   path_edge child=22 coord=0-0 edge_bit=false child_bit=false sink=true
[TRACE_FWD]   fast-path: i+1=10 already on pathpat
[TRACE_FWD]   CHOSE child c=10 coord=111152127-111152550 maxcov=0.0 tmax=None
[TRACE_FWD] enter node i=10 coord=111152127-111152550 minpath=0 maxpath=21 nchildren=1 sink_child=false
[TRACE_FWD]   path_edge child=11 coord=111152550-111152646 edge_bit=true child_bit=true sink=false
[TRACE_FWD]   fast-path: i+1=11 already on pathpat
[TRACE_FWD]   CHOSE child c=11 coord=111152550-111152646 maxcov=0.0 tmax=None
[TRACE_FWD] enter node i=11 coord=111152550-111152646 minpath=0 maxpath=21 nchildren=3 sink_child=true
[TRACE_FWD]   path_edge child=12 coord=111152646-111153380 edge_bit=true child_bit=true sink=false
[TRACE_FWD]   path_edge child=13 coord=111153380-111153508 edge_bit=false child_bit=true sink=false
[TRACE_FWD]   path_edge child=22 coord=0-0 edge_bit=false child_bit=false sink=true
[TRACE_FWD]   fast-path: i+1=12 already on pathpat
[TRACE_FWD]   CHOSE child c=12 coord=111152646-111153380 maxcov=0.0 tmax=None
[TRACE_FWD] enter node i=12 coord=111152646-111153380 minpath=0 maxpath=21 nchildren=1 sink_child=false
[TRACE_FWD]   path_edge child=13 coord=111153380-111153508 edge_bit=true child_bit=true sink=false
[TRACE_FWD]   fast-path: i+1=13 already on pathpat
[TRACE_FWD]   CHOSE child c=13 coord=111153380-111153508 maxcov=0.0 tmax=None
[TRACE_FWD] enter node i=13 coord=111153380-111153508 minpath=0 maxpath=21 nchildren=2 sink_child=false
[TRACE_FWD]   path_edge child=14 coord=111153508-111153535 edge_bit=false child_bit=false sink=false
[TRACE_FWD]   path_edge child=15 coord=111154667-111154728 edge_bit=true child_bit=true sink=false
[TRACE_FWD]   seed-guided child=15 coord=111154667-111154728 guided=1
[TRACE_FWD]   CHOSE child c=15 coord=111154667-111154728 maxcov=0.0 tmax=None
[TRACE_FWD] enter node i=15 coord=111154667-111154728 minpath=0 maxpath=21 nchildren=1 sink_child=false
[TRACE_FWD]   path_edge child=16 coord=111174047-111174127 edge_bit=true child_bit=true sink=false
[TRACE_FWD]   fast-path: i+1=16 already on pathpat
[TRACE_FWD]   CHOSE child c=16 coord=111174047-111174127 maxcov=0.0 tmax=None
[TRACE_FWD] enter node i=16 coord=111174047-111174127 minpath=0 maxpath=21 nchildren=2 sink_child=false
[TRACE_FWD]   path_edge child=17 coord=111174127-111174337 edge_bit=false child_bit=false sink=false
[TRACE_FWD]   path_edge child=18 coord=111174393-111174426 edge_bit=true child_bit=true sink=false
[TRACE_FWD]   seed-guided child=18 coord=111174393-111174426 guided=1
[TRACE_FWD]   CHOSE child c=18 coord=111174393-111174426 maxcov=0.0 tmax=None
[TRACE_FWD] enter node i=18 coord=111174393-111174426 minpath=0 maxpath=21 nchildren=1 sink_child=false
[TRACE_FWD]   path_edge child=19 coord=111174518-111174642 edge_bit=true child_bit=true sink=false
[TRACE_FWD]   fast-path: i+1=19 already on pathpat
[TRACE_FWD]   CHOSE child c=19 coord=111174518-111174642 maxcov=0.0 tmax=None
[TRACE_FWD] enter node i=19 coord=111174518-111174642 minpath=0 maxpath=21 nchildren=2 sink_child=false
[TRACE_FWD]   path_edge child=20 coord=111174642-111174799 edge_bit=false child_bit=false sink=false
[TRACE_FWD]   path_edge child=21 coord=111175478-111175575 edge_bit=true child_bit=true sink=false
[TRACE_FWD]   seed-guided child=21 coord=111175478-111175575 guided=1
[TRACE_FWD]   CHOSE child c=21 coord=111175478-111175575 maxcov=0.0 tmax=None
[TRACE_FWD] enter node i=21 coord=111175478-111175575 minpath=0 maxpath=21 nchildren=1 sink_child=true
[TRACE_FWD]   path_edge child=22 coord=0-0 edge_bit=false child_bit=false sink=true
[FWD_HARDEND_GUARD seed=7] short-circuit at i=21 (minority_fork, gap=3, longend=111175572, abund=1.00, cov_i=7.00)
--- parse_trflong: fwd_to_sink t=7 result=OK path_len=16 path: 0(0-0) 1(111148296-111149065) 2(111149065-111149171) 4(111150431-111150559) 8(111151310-111151395) 9(111151979-111152127) 10(111152127-111152550) 11(111152550-111152646) 12(111152646-111153380) 13(111153380-111153508) 15(111154667-111154728) 16(111174047-111174127) 18(111174393-111174426) 19(111174518-111174642) 21(111175478-111175575) 22(0-0)
[TRACE_LOCUS] idx=7 abund=1.0 nodes=14 exons=9 span=111148296-111175575 rnodes=111148296-111175575 complete=false seed=true
[TRACE_LOCUS]   → flux=1.0000 cov=0.9755 nodecov_mode=false
[TRACE_LOCUS]   → STORED idx=7 cov=0.9755 abund_after=0.0000 exons=9 first=111148296-111149171 last=111175478-111175575
[TRACE_EARLY] idx=8 abund=1.0 nodes=13 seed=true weak=0 skip=pass span=111148296-111174799
[TRACE_PAT] stage=seed.raw idx=8 pivot=20 coord=111174642-111174799 node_bit=true pop=25 nchildren=1
[TRACE_PAT]   child=22 coord=0-0 edge_bit=false child_bit=false sink=true
[TRACE_PAT] stage=seed.after_nodes idx=8 pivot=20 coord=111174642-111174799 node_bit=true pop=25 nchildren=1
[TRACE_PAT]   child=22 coord=0-0 edge_bit=false child_bit=false sink=true
[TRACE_PAT] stage=seed.after_endcaps idx=8 pivot=20 coord=111174642-111174799 node_bit=true pop=25 nchildren=1
[TRACE_PAT]   child=22 coord=0-0 edge_bit=false child_bit=false sink=true
[TRACE_SEED] idx=8 abund=1.0 nnodes=13 minp=1 (111148296-111149065) maxp=20 (111174642-111174799) patpop=25
[BACK_TRACE seed=8] enter node i=1 coord=111148296-111149065 minpath=1 maxpath=20 nparents=1 path_len=1
[TRACE_BACK_SOURCE]   tf=25 first=0 last=1 abundance=24.0000 minpath=1 exact=true pure_stub=true alt_parent_cov=0.0000 accepted=true
[TRACE_BACK]   parent p=0 coord=0-0 ntrf=1 depleted=0 skip_notlong=0 parentcov=24.0 tpar=Some(25)
[BACK_TRACE seed=8]   maxcov_update parent=0 parentcov=24.0000 prev_maxcov=0.0000 prev_tmax=None prev_weak=None cand_tpar=Some(25) cand_weak=Some(false) allow=1
[TRACE_BACK]   CHOSE parent p=0 coord=0-0 maxcov=24.0 tmax=Some(25)
[TRACE_BACK]   PATHPAT_OR via tmax=25 abund=24.0000 first=0 last=1 nodes=0(0-0) 1(111148296-111149065)
--- parse_trflong: back_to_source t=8 result=OK path_len=1 path: 1(111148296-111149065)
[TRACE_FWD] enter node i=1 coord=111148296-111149065 minpath=0 maxpath=20 nchildren=2 sink_child=false
[TRACE_FWD]   path_edge child=2 coord=111149065-111149171 edge_bit=false child_bit=false sink=false
[TRACE_FWD]   path_edge child=4 coord=111150431-111150559 edge_bit=true child_bit=true sink=false
[TRACE_FWD]   seed-guided child=4 coord=111150431-111150559 guided=1
[TRACE_FWD]   CHOSE child c=4 coord=111150431-111150559 maxcov=0.0 tmax=None
[TRACE_FWD] enter node i=4 coord=111150431-111150559 minpath=0 maxpath=20 nchildren=4 sink_child=true
[TRACE_FWD]   path_edge child=5 coord=111150559-111150675 edge_bit=false child_bit=false sink=false
[TRACE_FWD]   path_edge child=6 coord=111150675-111150706 edge_bit=false child_bit=false sink=false
[TRACE_FWD]   path_edge child=8 coord=111151310-111151395 edge_bit=true child_bit=true sink=false
[TRACE_FWD]   path_edge child=22 coord=0-0 edge_bit=false child_bit=false sink=true
[TRACE_FWD]   seed-guided child=8 coord=111151310-111151395 guided=1
[TRACE_FWD]   CHOSE child c=8 coord=111151310-111151395 maxcov=0.0 tmax=None
[TRACE_FWD] enter node i=8 coord=111151310-111151395 minpath=0 maxpath=20 nchildren=1 sink_child=false
[TRACE_FWD]   path_edge child=9 coord=111151979-111152127 edge_bit=true child_bit=true sink=false
[TRACE_FWD]   fast-path: i+1=9 already on pathpat
[TRACE_FWD]   CHOSE child c=9 coord=111151979-111152127 maxcov=0.0 tmax=None
[TRACE_FWD] enter node i=9 coord=111151979-111152127 minpath=0 maxpath=20 nchildren=3 sink_child=true
[TRACE_FWD]   path_edge child=10 coord=111152127-111152550 edge_bit=true child_bit=true sink=false
[TRACE_FWD]   path_edge child=11 coord=111152550-111152646 edge_bit=false child_bit=true sink=false
[TRACE_FWD]   path_edge child=22 coord=0-0 edge_bit=false child_bit=false sink=true
[TRACE_FWD]   fast-path: i+1=10 already on pathpat
[TRACE_FWD]   CHOSE child c=10 coord=111152127-111152550 maxcov=0.0 tmax=None
[TRACE_FWD] enter node i=10 coord=111152127-111152550 minpath=0 maxpath=20 nchildren=1 sink_child=false
[TRACE_FWD]   path_edge child=11 coord=111152550-111152646 edge_bit=true child_bit=true sink=false
[TRACE_FWD]   fast-path: i+1=11 already on pathpat
[TRACE_FWD]   CHOSE child c=11 coord=111152550-111152646 maxcov=0.0 tmax=None
[TRACE_FWD] enter node i=11 coord=111152550-111152646 minpath=0 maxpath=20 nchildren=3 sink_child=true
[TRACE_FWD]   path_edge child=12 coord=111152646-111153380 edge_bit=true child_bit=true sink=false
[TRACE_FWD]   path_edge child=13 coord=111153380-111153508 edge_bit=false child_bit=true sink=false
[TRACE_FWD]   path_edge child=22 coord=0-0 edge_bit=false child_bit=false sink=true
[TRACE_FWD]   fast-path: i+1=12 already on pathpat
[TRACE_FWD]   CHOSE child c=12 coord=111152646-111153380 maxcov=0.0 tmax=None
[TRACE_FWD] enter node i=12 coord=111152646-111153380 minpath=0 maxpath=20 nchildren=1 sink_child=false
[TRACE_FWD]   path_edge child=13 coord=111153380-111153508 edge_bit=true child_bit=true sink=false
[TRACE_FWD]   fast-path: i+1=13 already on pathpat
[TRACE_FWD]   CHOSE child c=13 coord=111153380-111153508 maxcov=0.0 tmax=None
[TRACE_FWD] enter node i=13 coord=111153380-111153508 minpath=0 maxpath=20 nchildren=2 sink_child=false
[TRACE_FWD]   path_edge child=14 coord=111153508-111153535 edge_bit=false child_bit=false sink=false
[TRACE_FWD]   path_edge child=15 coord=111154667-111154728 edge_bit=true child_bit=true sink=false
[TRACE_FWD]   seed-guided child=15 coord=111154667-111154728 guided=1
[TRACE_FWD]   CHOSE child c=15 coord=111154667-111154728 maxcov=0.0 tmax=None
[TRACE_FWD] enter node i=15 coord=111154667-111154728 minpath=0 maxpath=20 nchildren=1 sink_child=false
[TRACE_FWD]   path_edge child=16 coord=111174047-111174127 edge_bit=true child_bit=true sink=false
[TRACE_FWD]   fast-path: i+1=16 already on pathpat
[TRACE_FWD]   CHOSE child c=16 coord=111174047-111174127 maxcov=0.0 tmax=None
[TRACE_FWD] enter node i=16 coord=111174047-111174127 minpath=0 maxpath=20 nchildren=2 sink_child=false
[TRACE_FWD]   path_edge child=17 coord=111174127-111174337 edge_bit=false child_bit=false sink=false
[TRACE_FWD]   path_edge child=18 coord=111174393-111174426 edge_bit=true child_bit=true sink=false
[TRACE_FWD]   seed-guided child=18 coord=111174393-111174426 guided=1
[TRACE_FWD]   CHOSE child c=18 coord=111174393-111174426 maxcov=0.0 tmax=None
[TRACE_FWD] enter node i=18 coord=111174393-111174426 minpath=0 maxpath=20 nchildren=1 sink_child=false
[TRACE_FWD]   path_edge child=19 coord=111174518-111174642 edge_bit=true child_bit=true sink=false
[TRACE_FWD]   fast-path: i+1=19 already on pathpat
[TRACE_FWD]   CHOSE child c=19 coord=111174518-111174642 maxcov=0.0 tmax=None
[TRACE_FWD] enter node i=19 coord=111174518-111174642 minpath=0 maxpath=20 nchildren=2 sink_child=false
[TRACE_FWD]   path_edge child=20 coord=111174642-111174799 edge_bit=true child_bit=true sink=false
[TRACE_FWD]   path_edge child=21 coord=111175478-111175575 edge_bit=false child_bit=false sink=false
[TRACE_FWD]   fast-path: i+1=20 already on pathpat
[TRACE_FWD]   CHOSE child c=20 coord=111174642-111174799 maxcov=0.0 tmax=None
[TRACE_FWD] enter node i=20 coord=111174642-111174799 minpath=0 maxpath=20 nchildren=1 sink_child=true
[TRACE_FWD]   path_edge child=22 coord=0-0 edge_bit=false child_bit=false sink=true
[FWD_HARDEND_GUARD seed=8] skip at i=20 (seed_last_real but not minority_fork, gap=0)
[ONPATH_SINK_PENULT] penultimate=17 penult_coord=111174127-111174337 maxp=20 maxp_coord=111174642-111174799 contig=false
[TRACE_FWD_SINK_DBG] tf=28 !exact=true req_long=true first<i=true maxp<=i=true last>=c=true onpath_reason=fail:sink_edge_wrong_penultimate
[TRACE_FWD_SINK]   tf=28 first=17 last=22 abundance=1.0000 maxpath=20 i=20 accepted=false
[TRACE_FWD_SINK]   tf=29 first=20 last=22 abundance=2.0000 maxpath=20 i=20 accepted=true
[TRACE_FWD_SINK]   tf=30 first=21 last=22 abundance=3.0000 maxpath=20 i=20 accepted=false
[ONPATH_SINK_PENULT] penultimate=4 penult_coord=111150431-111150559 maxp=20 maxp_coord=111174642-111174799 contig=false
[TRACE_FWD_SINK_DBG] tf=31 !exact=true req_long=true first<i=true maxp<=i=true last>=c=true onpath_reason=fail:sink_edge_wrong_penultimate
[TRACE_FWD_SINK]   tf=31 first=4 last=22 abundance=1.0000 maxpath=20 i=20 accepted=false
[ONPATH_SINK_PENULT] penultimate=9 penult_coord=111151979-111152127 maxp=20 maxp_coord=111174642-111174799 contig=false
[TRACE_FWD_SINK_DBG] tf=32 !exact=true req_long=true first<i=true maxp<=i=true last>=c=true onpath_reason=fail:sink_edge_wrong_penultimate
[TRACE_FWD_SINK]   tf=32 first=9 last=22 abundance=1.0000 maxpath=20 i=20 accepted=false
[ONPATH_SINK_PENULT] penultimate=11 penult_coord=111152550-111152646 maxp=20 maxp_coord=111174642-111174799 contig=false
[TRACE_FWD_SINK_DBG] tf=33 !exact=true req_long=true first<i=true maxp<=i=true last>=c=true onpath_reason=fail:sink_edge_wrong_penultimate
[TRACE_FWD_SINK]   tf=33 first=11 last=22 abundance=1.0000 maxpath=20 i=20 accepted=false
[TRACE_FWD]   child c=22 coord=0-0 ntrf=6 childcov=2.0 tchild=Some(29)
[TRACE_FWD]     support_tf=29 first=20 last=22 nodes=2 longstart=0 longend=0 tf_edge=true tf_sink_edge=true
[FWD_TRACE seed=8]   maxcov_update child=22 childcov=2.0000 prev_maxcov=0.0000 prev_tmax=None prev_weak=None cand_tchild=Some(29) cand_weak=Some(false) allow=1
[TRACE_FWD]   CHOSE child c=22 coord=0-0 maxcov=2.0 tmax=Some(29)
--- parse_trflong: fwd_to_sink t=8 result=OK path_len=15 path: 0(0-0) 1(111148296-111149065) 4(111150431-111150559) 8(111151310-111151395) 9(111151979-111152127) 10(111152127-111152550) 11(111152550-111152646) 12(111152646-111153380) 13(111153380-111153508) 15(111154667-111154728) 16(111174047-111174127) 18(111174393-111174426) 19(111174518-111174642) 20(111174642-111174799) 22(0-0)
[TRACE_LOCUS] idx=8 abund=1.0 nodes=13 exons=8 span=111148296-111174799 rnodes=111148296-111174799 complete=false seed=true
[TRACE_LOCUS]   → flux=1.0000 cov=0.9753 nodecov_mode=false
[TRACE_LOCUS]   → STORED idx=8 cov=0.9753 abund_after=0.0000 exons=8 first=111148296-111149065 last=111174518-111174799
[TRACE_EARLY] idx=9 abund=1.0 nodes=13 seed=true weak=0 skip=pass span=111148296-111175575
[TRACE_PAT] stage=seed.raw idx=9 pivot=21 coord=111175478-111175575 node_bit=true pop=25 nchildren=1
[TRACE_PAT]   child=22 coord=0-0 edge_bit=false child_bit=false sink=true
[TRACE_PAT] stage=seed.after_nodes idx=9 pivot=21 coord=111175478-111175575 node_bit=true pop=25 nchildren=1
[TRACE_PAT]   child=22 coord=0-0 edge_bit=false child_bit=false sink=true
[TRACE_PAT] stage=seed.after_endcaps idx=9 pivot=21 coord=111175478-111175575 node_bit=true pop=25 nchildren=1
[TRACE_PAT]   child=22 coord=0-0 edge_bit=false child_bit=false sink=true
[TRACE_SEED] idx=9 abund=1.0 nnodes=13 minp=1 (111148296-111149065) maxp=21 (111175478-111175575) patpop=25
[BACK_TRACE seed=9] enter node i=1 coord=111148296-111149065 minpath=1 maxpath=21 nparents=1 path_len=1
[TRACE_BACK_SOURCE]   tf=25 first=0 last=1 abundance=23.0000 minpath=1 exact=true pure_stub=true alt_parent_cov=0.0000 accepted=true
[TRACE_BACK]   parent p=0 coord=0-0 ntrf=1 depleted=0 skip_notlong=0 parentcov=23.0 tpar=Some(25)
[BACK_TRACE seed=9]   maxcov_update parent=0 parentcov=23.0000 prev_maxcov=0.0000 prev_tmax=None prev_weak=None cand_tpar=Some(25) cand_weak=Some(false) allow=1
[TRACE_BACK]   CHOSE parent p=0 coord=0-0 maxcov=23.0 tmax=Some(25)
[TRACE_BACK]   PATHPAT_OR via tmax=25 abund=23.0000 first=0 last=1 nodes=0(0-0) 1(111148296-111149065)
--- parse_trflong: back_to_source t=9 result=OK path_len=1 path: 1(111148296-111149065)
[TRACE_FWD] enter node i=1 coord=111148296-111149065 minpath=0 maxpath=21 nchildren=2 sink_child=false
[TRACE_FWD]   path_edge child=2 coord=111149065-111149171 edge_bit=true child_bit=true sink=false
[TRACE_FWD]   path_edge child=4 coord=111150431-111150559 edge_bit=false child_bit=true sink=false
[TRACE_FWD]   fast-path: i+1=2 already on pathpat
[TRACE_FWD]   CHOSE child c=2 coord=111149065-111149171 maxcov=0.0 tmax=None
[TRACE_FWD] enter node i=2 coord=111149065-111149171 minpath=0 maxpath=21 nchildren=1 sink_child=false
[TRACE_FWD]   path_edge child=4 coord=111150431-111150559 edge_bit=true child_bit=true sink=false
[TRACE_FWD]   seed-guided child=4 coord=111150431-111150559 guided=1
[TRACE_FWD]   CHOSE child c=4 coord=111150431-111150559 maxcov=0.0 tmax=None
[TRACE_FWD] enter node i=4 coord=111150431-111150559 minpath=0 maxpath=21 nchildren=4 sink_child=true
[TRACE_FWD]   path_edge child=5 coord=111150559-111150675 edge_bit=false child_bit=false sink=false
[TRACE_FWD]   path_edge child=6 coord=111150675-111150706 edge_bit=false child_bit=false sink=false
[TRACE_FWD]   path_edge child=8 coord=111151310-111151395 edge_bit=true child_bit=true sink=false
[TRACE_FWD]   path_edge child=22 coord=0-0 edge_bit=false child_bit=false sink=true
[TRACE_FWD]   seed-guided child=8 coord=111151310-111151395 guided=1
[TRACE_FWD]   CHOSE child c=8 coord=111151310-111151395 maxcov=0.0 tmax=None
[TRACE_FWD] enter node i=8 coord=111151310-111151395 minpath=0 maxpath=21 nchildren=1 sink_child=false
[TRACE_FWD]   path_edge child=9 coord=111151979-111152127 edge_bit=true child_bit=true sink=false
[TRACE_FWD]   fast-path: i+1=9 already on pathpat
[TRACE_FWD]   CHOSE child c=9 coord=111151979-111152127 maxcov=0.0 tmax=None
[TRACE_FWD] enter node i=9 coord=111151979-111152127 minpath=0 maxpath=21 nchildren=3 sink_child=true
[TRACE_FWD]   path_edge child=10 coord=111152127-111152550 edge_bit=false child_bit=false sink=false
[TRACE_FWD]   path_edge child=11 coord=111152550-111152646 edge_bit=true child_bit=true sink=false
[TRACE_FWD]   path_edge child=22 coord=0-0 edge_bit=false child_bit=false sink=true
[TRACE_FWD]   seed-guided child=11 coord=111152550-111152646 guided=1
[TRACE_FWD]   CHOSE child c=11 coord=111152550-111152646 maxcov=0.0 tmax=None
[TRACE_FWD] enter node i=11 coord=111152550-111152646 minpath=0 maxpath=21 nchildren=3 sink_child=true
[TRACE_FWD]   path_edge child=12 coord=111152646-111153380 edge_bit=true child_bit=true sink=false
[TRACE_FWD]   path_edge child=13 coord=111153380-111153508 edge_bit=false child_bit=true sink=false
[TRACE_FWD]   path_edge child=22 coord=0-0 edge_bit=false child_bit=false sink=true
[TRACE_FWD]   fast-path: i+1=12 already on pathpat
[TRACE_FWD]   CHOSE child c=12 coord=111152646-111153380 maxcov=0.0 tmax=None
[TRACE_FWD] enter node i=12 coord=111152646-111153380 minpath=0 maxpath=21 nchildren=1 sink_child=false
[TRACE_FWD]   path_edge child=13 coord=111153380-111153508 edge_bit=true child_bit=true sink=false
[TRACE_FWD]   fast-path: i+1=13 already on pathpat
[TRACE_FWD]   CHOSE child c=13 coord=111153380-111153508 maxcov=0.0 tmax=None
[TRACE_FWD] enter node i=13 coord=111153380-111153508 minpath=0 maxpath=21 nchildren=2 sink_child=false
[TRACE_FWD]   path_edge child=14 coord=111153508-111153535 edge_bit=false child_bit=false sink=false
[TRACE_FWD]   path_edge child=15 coord=111154667-111154728 edge_bit=true child_bit=true sink=false
[TRACE_FWD]   seed-guided child=15 coord=111154667-111154728 guided=1
[TRACE_FWD]   CHOSE child c=15 coord=111154667-111154728 maxcov=0.0 tmax=None
[TRACE_FWD] enter node i=15 coord=111154667-111154728 minpath=0 maxpath=21 nchildren=1 sink_child=false
[TRACE_FWD]   path_edge child=16 coord=111174047-111174127 edge_bit=true child_bit=true sink=false
[TRACE_FWD]   fast-path: i+1=16 already on pathpat
[TRACE_FWD]   CHOSE child c=16 coord=111174047-111174127 maxcov=0.0 tmax=None
[TRACE_FWD] enter node i=16 coord=111174047-111174127 minpath=0 maxpath=21 nchildren=2 sink_child=false
[TRACE_FWD]   path_edge child=17 coord=111174127-111174337 edge_bit=false child_bit=false sink=false
[TRACE_FWD]   path_edge child=18 coord=111174393-111174426 edge_bit=true child_bit=true sink=false
[TRACE_FWD]   seed-guided child=18 coord=111174393-111174426 guided=1
[TRACE_FWD]   CHOSE child c=18 coord=111174393-111174426 maxcov=0.0 tmax=None
[TRACE_FWD] enter node i=18 coord=111174393-111174426 minpath=0 maxpath=21 nchildren=1 sink_child=false
[TRACE_FWD]   path_edge child=19 coord=111174518-111174642 edge_bit=true child_bit=true sink=false
[TRACE_FWD]   fast-path: i+1=19 already on pathpat
[TRACE_FWD]   CHOSE child c=19 coord=111174518-111174642 maxcov=0.0 tmax=None
[TRACE_FWD] enter node i=19 coord=111174518-111174642 minpath=0 maxpath=21 nchildren=2 sink_child=false
[TRACE_FWD]   path_edge child=20 coord=111174642-111174799 edge_bit=false child_bit=false sink=false
[TRACE_FWD]   path_edge child=21 coord=111175478-111175575 edge_bit=true child_bit=true sink=false
[TRACE_FWD]   seed-guided child=21 coord=111175478-111175575 guided=1
[TRACE_FWD]   CHOSE child c=21 coord=111175478-111175575 maxcov=0.0 tmax=None
[TRACE_FWD] enter node i=21 coord=111175478-111175575 minpath=0 maxpath=21 nchildren=1 sink_child=true
[TRACE_FWD]   path_edge child=22 coord=0-0 edge_bit=false child_bit=false sink=true
[FWD_HARDEND_GUARD seed=9] short-circuit at i=21 (minority_fork, gap=9, longend=111175566, abund=1.00, cov_i=7.00)
--- parse_trflong: fwd_to_sink t=9 result=OK path_len=15 path: 0(0-0) 1(111148296-111149065) 2(111149065-111149171) 4(111150431-111150559) 8(111151310-111151395) 9(111151979-111152127) 11(111152550-111152646) 12(111152646-111153380) 13(111153380-111153508) 15(111154667-111154728) 16(111174047-111174127) 18(111174393-111174426) 19(111174518-111174642) 21(111175478-111175575) 22(0-0)
[TRACE_LOCUS] idx=9 abund=1.0 nodes=13 exons=10 span=111148296-111175575 rnodes=111148296-111175575 complete=false seed=true
[TRACE_LOCUS]   → flux=1.0000 cov=0.9715 nodecov_mode=false
[TRACE_LOCUS]   → STORED idx=9 cov=0.9715 abund_after=0.0000 exons=10 first=111148296-111149171 last=111175478-111175575
[TRACE_EARLY] idx=10 abund=1.0 nodes=13 seed=true weak=0 skip=pass span=111148296-111174799
[TRACE_PAT] stage=seed.raw idx=10 pivot=20 coord=111174642-111174799 node_bit=true pop=24 nchildren=1
[TRACE_PAT]   child=22 coord=0-0 edge_bit=false child_bit=false sink=true
[TRACE_PAT] stage=seed.after_nodes idx=10 pivot=20 coord=111174642-111174799 node_bit=true pop=24 nchildren=1
[TRACE_PAT]   child=22 coord=0-0 edge_bit=false child_bit=false sink=true
[TRACE_PAT] stage=seed.after_endcaps idx=10 pivot=20 coord=111174642-111174799 node_bit=true pop=24 nchildren=1
[TRACE_PAT]   child=22 coord=0-0 edge_bit=false child_bit=false sink=true
[TRACE_SEED] idx=10 abund=1.0 nnodes=13 minp=1 (111148296-111149065) maxp=20 (111174642-111174799) patpop=24
[BACK_TRACE seed=10] enter node i=1 coord=111148296-111149065 minpath=1 maxpath=20 nparents=1 path_len=1
[TRACE_BACK_SOURCE]   tf=25 first=0 last=1 abundance=22.0000 minpath=1 exact=true pure_stub=true alt_parent_cov=0.0000 accepted=true
[TRACE_BACK]   parent p=0 coord=0-0 ntrf=1 depleted=0 skip_notlong=0 parentcov=22.0 tpar=Some(25)
[BACK_TRACE seed=10]   maxcov_update parent=0 parentcov=22.0000 prev_maxcov=0.0000 prev_tmax=None prev_weak=None cand_tpar=Some(25) cand_weak=Some(false) allow=1
[TRACE_BACK]   CHOSE parent p=0 coord=0-0 maxcov=22.0 tmax=Some(25)
[TRACE_BACK]   PATHPAT_OR via tmax=25 abund=22.0000 first=0 last=1 nodes=0(0-0) 1(111148296-111149065)
--- parse_trflong: back_to_source t=10 result=OK path_len=1 path: 1(111148296-111149065)
[TRACE_FWD] enter node i=1 coord=111148296-111149065 minpath=0 maxpath=20 nchildren=2 sink_child=false
[TRACE_FWD]   path_edge child=2 coord=111149065-111149171 edge_bit=true child_bit=true sink=false
[TRACE_FWD]   path_edge child=4 coord=111150431-111150559 edge_bit=false child_bit=true sink=false
[TRACE_FWD]   fast-path: i+1=2 already on pathpat
[TRACE_FWD]   CHOSE child c=2 coord=111149065-111149171 maxcov=0.0 tmax=None
[TRACE_FWD] enter node i=2 coord=111149065-111149171 minpath=0 maxpath=20 nchildren=1 sink_child=false
[TRACE_FWD]   path_edge child=4 coord=111150431-111150559 edge_bit=false child_bit=true sink=false
[FWD_TRACE seed=10]     trf t=10 abund=1.0 first=1 last=20 weak=1 ACCEPT pattern_pop=24 nodes=[1, 2, 3, 4, 8, 9, 11, 13]
[FWD_TRACE seed=10]       replace_tmax prev=None new=Some(10)
[FWD_TRACE seed=10]     trf t=12 abund=1.0 first=1 last=21 FAIL onpath=false reason=fail:right_gap_unreachable pattern_pop=23 nodes=[1, 2, 4, 8, 9, 11, 13, 15]
[FWD_TRACE seed=10]     trf t=13 abund=1.0 first=1 last=21 FAIL onpath=false reason=fail:right_gap_unreachable pattern_pop=23 nodes=[1, 4, 8, 9, 11, 12, 13, 15]
[FWD_TRACE seed=10]     trf t=14 abund=1.0 first=1 last=17 FAIL onpath=false reason=fail:left_gap_unreachable pattern_pop=19 nodes=[1, 2, 4, 8, 9, 11, 13, 15]
[FWD_TRACE seed=10]     trf t=15 abund=1.0 first=1 last=15 weak=0 ACCEPT pattern_pop=17 nodes=[1, 4, 6, 7, 8, 9, 11, 13]
[FWD_TRACE seed=10]       replace_tmax prev=Some(10) new=Some(15)
[FWD_TRACE seed=10]     trf t=16 abund=1.0 first=1 last=18 weak=0 ACCEPT pattern_pop=17 nodes=[1, 4, 8, 9, 11, 13, 15, 16]
[FWD_TRACE seed=10]       replace_tmax prev=Some(15) new=Some(15)
[FWD_TRACE seed=10]     trf t=17 abund=1.0 first=1 last=14 FAIL onpath=false reason=fail:left_gap_unreachable pattern_pop=15 nodes=[1, 2, 4, 8, 9, 11, 13, 14]
[FWD_TRACE seed=10]     trf t=18 abund=1.0 first=1 last=13 weak=1 ACCEPT pattern_pop=13 nodes=[1, 4, 8, 9, 11, 12, 13]
[FWD_TRACE seed=10]       replace_tmax prev=Some(15) new=Some(15)
[FWD_TRACE seed=10]     trf t=20 abund=1.0 first=1 last=9 weak=0 ACCEPT pattern_pop=9 nodes=[1, 2, 4, 8, 9]
[FWD_TRACE seed=10]       replace_tmax prev=Some(15) new=Some(15)
[FWD_TRACE seed=10]     trf t=22 abund=1.0 first=1 last=4 weak=0 ACCEPT pattern_pop=5 nodes=[1, 2, 4]
[FWD_TRACE seed=10]       replace_tmax prev=Some(15) new=Some(15)
[TRACE_FWD]   child c=4 coord=111150431-111150559 ntrf=12 childcov=6.0 tchild=Some(15)
[TRACE_FWD]     support_tf=15 first=1 last=15 nodes=9 longstart=111148300 longend=111154714 tf_edge=false tf_sink_edge=false
[FWD_TRACE seed=10]   maxcov_update child=4 childcov=6.0000 prev_maxcov=0.0000 prev_tmax=None prev_weak=None cand_tchild=Some(15) cand_weak=Some(false) allow=1
[TRACE_FWD]   CHOSE child c=4 coord=111150431-111150559 maxcov=6.0 tmax=Some(15)
[TRACE_FWD] enter node i=4 coord=111150431-111150559 minpath=0 maxpath=20 nchildren=4 sink_child=true
[TRACE_FWD]   path_edge child=5 coord=111150559-111150675 edge_bit=false child_bit=false sink=false
[TRACE_FWD]   path_edge child=6 coord=111150675-111150706 edge_bit=true child_bit=true sink=false
[TRACE_FWD]   path_edge child=8 coord=111151310-111151395 edge_bit=true child_bit=true sink=false
[TRACE_FWD]   path_edge child=22 coord=0-0 edge_bit=false child_bit=false sink=true
[TRACE_FWD]   seed-guided child=8 coord=111151310-111151395 guided=1
[TRACE_FWD]   CHOSE child c=8 coord=111151310-111151395 maxcov=0.0 tmax=None
[TRACE_FWD] enter node i=8 coord=111151310-111151395 minpath=0 maxpath=20 nchildren=1 sink_child=false
[TRACE_FWD]   path_edge child=9 coord=111151979-111152127 edge_bit=true child_bit=true sink=false
[TRACE_FWD]   fast-path: i+1=9 already on pathpat
[TRACE_FWD]   CHOSE child c=9 coord=111151979-111152127 maxcov=0.0 tmax=None
[TRACE_FWD] enter node i=9 coord=111151979-111152127 minpath=0 maxpath=20 nchildren=3 sink_child=true
[TRACE_FWD]   path_edge child=10 coord=111152127-111152550 edge_bit=false child_bit=false sink=false
[TRACE_FWD]   path_edge child=11 coord=111152550-111152646 edge_bit=true child_bit=true sink=false
[TRACE_FWD]   path_edge child=22 coord=0-0 edge_bit=false child_bit=false sink=true
[TRACE_FWD]   seed-guided child=11 coord=111152550-111152646 guided=1
[TRACE_FWD]   CHOSE child c=11 coord=111152550-111152646 maxcov=0.0 tmax=None
[TRACE_FWD] enter node i=11 coord=111152550-111152646 minpath=0 maxpath=20 nchildren=3 sink_child=true
[TRACE_FWD]   path_edge child=12 coord=111152646-111153380 edge_bit=false child_bit=false sink=false
[TRACE_FWD]   path_edge child=13 coord=111153380-111153508 edge_bit=true child_bit=true sink=false
[TRACE_FWD]   path_edge child=22 coord=0-0 edge_bit=false child_bit=false sink=true
[TRACE_FWD]   seed-guided child=13 coord=111153380-111153508 guided=1
[TRACE_FWD]   CHOSE child c=13 coord=111153380-111153508 maxcov=0.0 tmax=None
[TRACE_FWD] enter node i=13 coord=111153380-111153508 minpath=0 maxpath=20 nchildren=2 sink_child=false
[TRACE_FWD]   path_edge child=14 coord=111153508-111153535 edge_bit=false child_bit=false sink=false
[TRACE_FWD]   path_edge child=15 coord=111154667-111154728 edge_bit=true child_bit=true sink=false
[TRACE_FWD]   seed-guided child=15 coord=111154667-111154728 guided=1
[TRACE_FWD]   CHOSE child c=15 coord=111154667-111154728 maxcov=0.0 tmax=None
[TRACE_FWD] enter node i=15 coord=111154667-111154728 minpath=0 maxpath=20 nchildren=1 sink_child=false
[TRACE_FWD]   path_edge child=16 coord=111174047-111174127 edge_bit=true child_bit=true sink=false
[TRACE_FWD]   fast-path: i+1=16 already on pathpat
[TRACE_FWD]   CHOSE child c=16 coord=111174047-111174127 maxcov=0.0 tmax=None
[TRACE_FWD] enter node i=16 coord=111174047-111174127 minpath=0 maxpath=20 nchildren=2 sink_child=false
[TRACE_FWD]   path_edge child=17 coord=111174127-111174337 edge_bit=false child_bit=false sink=false
[TRACE_FWD]   path_edge child=18 coord=111174393-111174426 edge_bit=true child_bit=true sink=false
[TRACE_FWD]   seed-guided child=18 coord=111174393-111174426 guided=1
[TRACE_FWD]   CHOSE child c=18 coord=111174393-111174426 maxcov=0.0 tmax=None
[TRACE_FWD] enter node i=18 coord=111174393-111174426 minpath=0 maxpath=20 nchildren=1 sink_child=false
[TRACE_FWD]   path_edge child=19 coord=111174518-111174642 edge_bit=true child_bit=true sink=false
[TRACE_FWD]   fast-path: i+1=19 already on pathpat
[TRACE_FWD]   CHOSE child c=19 coord=111174518-111174642 maxcov=0.0 tmax=None
[TRACE_FWD] enter node i=19 coord=111174518-111174642 minpath=0 maxpath=20 nchildren=2 sink_child=false
[TRACE_FWD]   path_edge child=20 coord=111174642-111174799 edge_bit=true child_bit=true sink=false
[TRACE_FWD]   path_edge child=21 coord=111175478-111175575 edge_bit=false child_bit=false sink=false
[TRACE_FWD]   fast-path: i+1=20 already on pathpat
[TRACE_FWD]   CHOSE child c=20 coord=111174642-111174799 maxcov=0.0 tmax=None
[TRACE_FWD] enter node i=20 coord=111174642-111174799 minpath=0 maxpath=20 nchildren=1 sink_child=true
[TRACE_FWD]   path_edge child=22 coord=0-0 edge_bit=false child_bit=false sink=true
[FWD_HARDEND_GUARD seed=10] skip at i=20 (seed_last_real but not minority_fork, gap=0)
[ONPATH_SINK_PENULT] penultimate=17 penult_coord=111174127-111174337 maxp=20 maxp_coord=111174642-111174799 contig=false
[TRACE_FWD_SINK_DBG] tf=28 !exact=true req_long=true first<i=true maxp<=i=true last>=c=true onpath_reason=fail:sink_edge_wrong_penultimate
[TRACE_FWD_SINK]   tf=28 first=17 last=22 abundance=1.0000 maxpath=20 i=20 accepted=false
[TRACE_FWD_SINK]   tf=29 first=20 last=22 abundance=1.0000 maxpath=20 i=20 accepted=true
[TRACE_FWD_SINK]   tf=30 first=21 last=22 abundance=2.0000 maxpath=20 i=20 accepted=false
[ONPATH_SINK_PENULT] penultimate=4 penult_coord=111150431-111150559 maxp=20 maxp_coord=111174642-111174799 contig=false
[TRACE_FWD_SINK_DBG] tf=31 !exact=true req_long=true first<i=true maxp<=i=true last>=c=true onpath_reason=fail:sink_edge_wrong_penultimate
[TRACE_FWD_SINK]   tf=31 first=4 last=22 abundance=1.0000 maxpath=20 i=20 accepted=false
[ONPATH_SINK_PENULT] penultimate=9 penult_coord=111151979-111152127 maxp=20 maxp_coord=111174642-111174799 contig=false
[TRACE_FWD_SINK_DBG] tf=32 !exact=true req_long=true first<i=true maxp<=i=true last>=c=true onpath_reason=fail:sink_edge_wrong_penultimate
[TRACE_FWD_SINK]   tf=32 first=9 last=22 abundance=1.0000 maxpath=20 i=20 accepted=false
[ONPATH_SINK_PENULT] penultimate=11 penult_coord=111152550-111152646 maxp=20 maxp_coord=111174642-111174799 contig=false
[TRACE_FWD_SINK_DBG] tf=33 !exact=true req_long=true first<i=true maxp<=i=true last>=c=true onpath_reason=fail:sink_edge_wrong_penultimate
[TRACE_FWD_SINK]   tf=33 first=11 last=22 abundance=1.0000 maxpath=20 i=20 accepted=false
[TRACE_FWD]   child c=22 coord=0-0 ntrf=6 childcov=1.0 tchild=Some(29)
[TRACE_FWD]     support_tf=29 first=20 last=22 nodes=2 longstart=0 longend=0 tf_edge=true tf_sink_edge=true
[FWD_TRACE seed=10]   maxcov_update child=22 childcov=1.0000 prev_maxcov=0.0000 prev_tmax=None prev_weak=None cand_tchild=Some(29) cand_weak=Some(false) allow=1
[TRACE_FWD]   CHOSE child c=22 coord=0-0 maxcov=1.0 tmax=Some(29)
--- parse_trflong: fwd_to_sink t=10 result=OK path_len=14 path: 0(0-0) 1(111148296-111149065) 2(111149065-111149171) 4(111150431-111150559) 8(111151310-111151395) 9(111151979-111152127) 11(111152550-111152646) 13(111153380-111153508) 15(111154667-111154728) 16(111174047-111174127) 18(111174393-111174426) 19(111174518-111174642) 20(111174642-111174799) 22(0-0)
[TRACE_LOCUS] idx=10 abund=1.0 nodes=13 exons=10 span=111148296-111174799 rnodes=111148296-111174799 complete=false seed=true
[TRACE_LOCUS]   → flux=0.0000 cov=1.0000 nodecov_mode=false
[TRACE_CHECKTRF_ADD] t=10 reason=zero_flux saved_abund=1.0000 abund=1.0000 guide=false longstart=111148300 longend=111174799 back=1 fwd=1 flux=0.0000 cov=- tocheck=1 tf_nodes=13 tf_coords=1(111148296-111149065) 2(111149065-111149171) 3(111150204-111150303) 4(111150431-111150559) 8(111151310-111151395) 9(111151979-111152127) 11(111152550-111152646) 13(111153380-111153508) 15(111154667-111154728) 16(111174047-111174127) 18(111174393-111174426) 19(111174518-111174642) 20(111174642-111174799) path_nodes=12 path_coords=1(111148296-111149065) 2(111149065-111149171) 4(111150431-111150559) 8(111151310-111151395) 9(111151979-111152127) 11(111152550-111152646) 13(111153380-111153508) 15(111154667-111154728) 16(111174047-111174127) 18(111174393-111174426) 19(111174518-111174642) 20(111174642-111174799)
[TRACE_LOCUS]   → ZERO_FLUX checktrf idx=10
[TRACE_EARLY] idx=12 abund=1.0 nodes=12 seed=true weak=0 skip=pass span=111148296-111175575
[TRACE_PAT] stage=seed.raw idx=12 pivot=21 coord=111175478-111175575 node_bit=true pop=23 nchildren=1
[TRACE_PAT]   child=22 coord=0-0 edge_bit=false child_bit=false sink=true
[TRACE_PAT] stage=seed.after_nodes idx=12 pivot=21 coord=111175478-111175575 node_bit=true pop=23 nchildren=1
[TRACE_PAT]   child=22 coord=0-0 edge_bit=false child_bit=false sink=true
[TRACE_PAT] stage=seed.after_endcaps idx=12 pivot=21 coord=111175478-111175575 node_bit=true pop=23 nchildren=1
[TRACE_PAT]   child=22 coord=0-0 edge_bit=false child_bit=false sink=true
[TRACE_SEED] idx=12 abund=1.0 nnodes=12 minp=1 (111148296-111149065) maxp=21 (111175478-111175575) patpop=23
[BACK_TRACE seed=12] enter node i=1 coord=111148296-111149065 minpath=1 maxpath=21 nparents=1 path_len=1
[TRACE_BACK_SOURCE]   tf=25 first=0 last=1 abundance=22.0000 minpath=1 exact=true pure_stub=true alt_parent_cov=0.0000 accepted=true
[TRACE_BACK]   parent p=0 coord=0-0 ntrf=1 depleted=0 skip_notlong=0 parentcov=22.0 tpar=Some(25)
[BACK_TRACE seed=12]   maxcov_update parent=0 parentcov=22.0000 prev_maxcov=0.0000 prev_tmax=None prev_weak=None cand_tpar=Some(25) cand_weak=Some(false) allow=1
[TRACE_BACK]   CHOSE parent p=0 coord=0-0 maxcov=22.0 tmax=Some(25)
[TRACE_BACK]   PATHPAT_OR via tmax=25 abund=22.0000 first=0 last=1 nodes=0(0-0) 1(111148296-111149065)
--- parse_trflong: back_to_source t=12 result=OK path_len=1 path: 1(111148296-111149065)
[TRACE_FWD] enter node i=1 coord=111148296-111149065 minpath=0 maxpath=21 nchildren=2 sink_child=false
[TRACE_FWD]   path_edge child=2 coord=111149065-111149171 edge_bit=true child_bit=true sink=false
[TRACE_FWD]   path_edge child=4 coord=111150431-111150559 edge_bit=false child_bit=true sink=false
[TRACE_FWD]   fast-path: i+1=2 already on pathpat
[TRACE_FWD]   CHOSE child c=2 coord=111149065-111149171 maxcov=0.0 tmax=None
[TRACE_FWD] enter node i=2 coord=111149065-111149171 minpath=0 maxpath=21 nchildren=1 sink_child=false
[TRACE_FWD]   path_edge child=4 coord=111150431-111150559 edge_bit=true child_bit=true sink=false
[TRACE_FWD]   seed-guided child=4 coord=111150431-111150559 guided=1
[TRACE_FWD]   CHOSE child c=4 coord=111150431-111150559 maxcov=0.0 tmax=None
[TRACE_FWD] enter node i=4 coord=111150431-111150559 minpath=0 maxpath=21 nchildren=4 sink_child=true
[TRACE_FWD]   path_edge child=5 coord=111150559-111150675 edge_bit=false child_bit=false sink=false
[TRACE_FWD]   path_edge child=6 coord=111150675-111150706 edge_bit=false child_bit=false sink=false
[TRACE_FWD]   path_edge child=8 coord=111151310-111151395 edge_bit=true child_bit=true sink=false
[TRACE_FWD]   path_edge child=22 coord=0-0 edge_bit=false child_bit=false sink=true
[TRACE_FWD]   seed-guided child=8 coord=111151310-111151395 guided=1
[TRACE_FWD]   CHOSE child c=8 coord=111151310-111151395 maxcov=0.0 tmax=None
[TRACE_FWD] enter node i=8 coord=111151310-111151395 minpath=0 maxpath=21 nchildren=1 sink_child=false
[TRACE_FWD]   path_edge child=9 coord=111151979-111152127 edge_bit=true child_bit=true sink=false
[TRACE_FWD]   fast-path: i+1=9 already on pathpat
[TRACE_FWD]   CHOSE child c=9 coord=111151979-111152127 maxcov=0.0 tmax=None
[TRACE_FWD] enter node i=9 coord=111151979-111152127 minpath=0 maxpath=21 nchildren=3 sink_child=true
[TRACE_FWD]   path_edge child=10 coord=111152127-111152550 edge_bit=false child_bit=false sink=false
[TRACE_FWD]   path_edge child=11 coord=111152550-111152646 edge_bit=true child_bit=true sink=false
[TRACE_FWD]   path_edge child=22 coord=0-0 edge_bit=false child_bit=false sink=true
[TRACE_FWD]   seed-guided child=11 coord=111152550-111152646 guided=1
[TRACE_FWD]   CHOSE child c=11 coord=111152550-111152646 maxcov=0.0 tmax=None
[TRACE_FWD] enter node i=11 coord=111152550-111152646 minpath=0 maxpath=21 nchildren=3 sink_child=true
[TRACE_FWD]   path_edge child=12 coord=111152646-111153380 edge_bit=false child_bit=false sink=false
[TRACE_FWD]   path_edge child=13 coord=111153380-111153508 edge_bit=true child_bit=true sink=false
[TRACE_FWD]   path_edge child=22 coord=0-0 edge_bit=false child_bit=false sink=true
[TRACE_FWD]   seed-guided child=13 coord=111153380-111153508 guided=1
[TRACE_FWD]   CHOSE child c=13 coord=111153380-111153508 maxcov=0.0 tmax=None
[TRACE_FWD] enter node i=13 coord=111153380-111153508 minpath=0 maxpath=21 nchildren=2 sink_child=false
[TRACE_FWD]   path_edge child=14 coord=111153508-111153535 edge_bit=false child_bit=false sink=false
[TRACE_FWD]   path_edge child=15 coord=111154667-111154728 edge_bit=true child_bit=true sink=false
[TRACE_FWD]   seed-guided child=15 coord=111154667-111154728 guided=1
[TRACE_FWD]   CHOSE child c=15 coord=111154667-111154728 maxcov=0.0 tmax=None
[TRACE_FWD] enter node i=15 coord=111154667-111154728 minpath=0 maxpath=21 nchildren=1 sink_child=false
[TRACE_FWD]   path_edge child=16 coord=111174047-111174127 edge_bit=true child_bit=true sink=false
[TRACE_FWD]   fast-path: i+1=16 already on pathpat
[TRACE_FWD]   CHOSE child c=16 coord=111174047-111174127 maxcov=0.0 tmax=None
[TRACE_FWD] enter node i=16 coord=111174047-111174127 minpath=0 maxpath=21 nchildren=2 sink_child=false
[TRACE_FWD]   path_edge child=17 coord=111174127-111174337 edge_bit=false child_bit=false sink=false
[TRACE_FWD]   path_edge child=18 coord=111174393-111174426 edge_bit=true child_bit=true sink=false
[TRACE_FWD]   seed-guided child=18 coord=111174393-111174426 guided=1
[TRACE_FWD]   CHOSE child c=18 coord=111174393-111174426 maxcov=0.0 tmax=None
[TRACE_FWD] enter node i=18 coord=111174393-111174426 minpath=0 maxpath=21 nchildren=1 sink_child=false
[TRACE_FWD]   path_edge child=19 coord=111174518-111174642 edge_bit=true child_bit=true sink=false
[TRACE_FWD]   fast-path: i+1=19 already on pathpat
[TRACE_FWD]   CHOSE child c=19 coord=111174518-111174642 maxcov=0.0 tmax=None
[TRACE_FWD] enter node i=19 coord=111174518-111174642 minpath=0 maxpath=21 nchildren=2 sink_child=false
[TRACE_FWD]   path_edge child=20 coord=111174642-111174799 edge_bit=false child_bit=false sink=false
[TRACE_FWD]   path_edge child=21 coord=111175478-111175575 edge_bit=true child_bit=true sink=false
[TRACE_FWD]   seed-guided child=21 coord=111175478-111175575 guided=1
[TRACE_FWD]   CHOSE child c=21 coord=111175478-111175575 maxcov=0.0 tmax=None
[TRACE_FWD] enter node i=21 coord=111175478-111175575 minpath=0 maxpath=21 nchildren=1 sink_child=true
[TRACE_FWD]   path_edge child=22 coord=0-0 edge_bit=false child_bit=false sink=true
[FWD_HARDEND_GUARD seed=12] short-circuit at i=21 (minority_fork, gap=15, longend=111175560, abund=1.00, cov_i=7.00)
--- parse_trflong: fwd_to_sink t=12 result=OK path_len=14 path: 0(0-0) 1(111148296-111149065) 2(111149065-111149171) 4(111150431-111150559) 8(111151310-111151395) 9(111151979-111152127) 11(111152550-111152646) 13(111153380-111153508) 15(111154667-111154728) 16(111174047-111174127) 18(111174393-111174426) 19(111174518-111174642) 21(111175478-111175575) 22(0-0)
[TRACE_LOCUS] idx=12 abund=1.0 nodes=12 exons=11 span=111148296-111175575 rnodes=111148296-111175575 complete=false seed=true
[TRACE_LOCUS]   → flux=1.0000 cov=0.9904 nodecov_mode=false
[TRACE_LOCUS]   → STORED idx=12 cov=0.9904 abund_after=0.0000 exons=11 first=111148296-111149171 last=111175478-111175575
[TRACE_EARLY] idx=13 abund=1.0 nodes=12 seed=true weak=0 skip=pass span=111148296-111175575
[TRACE_PAT] stage=seed.raw idx=13 pivot=21 coord=111175478-111175575 node_bit=true pop=23 nchildren=1
[TRACE_PAT]   child=22 coord=0-0 edge_bit=false child_bit=false sink=true
[TRACE_PAT] stage=seed.after_nodes idx=13 pivot=21 coord=111175478-111175575 node_bit=true pop=23 nchildren=1
[TRACE_PAT]   child=22 coord=0-0 edge_bit=false child_bit=false sink=true
[TRACE_PAT] stage=seed.after_endcaps idx=13 pivot=21 coord=111175478-111175575 node_bit=true pop=23 nchildren=1
[TRACE_PAT]   child=22 coord=0-0 edge_bit=false child_bit=false sink=true
[TRACE_SEED] idx=13 abund=1.0 nnodes=12 minp=1 (111148296-111149065) maxp=21 (111175478-111175575) patpop=23
[BACK_TRACE seed=13] enter node i=1 coord=111148296-111149065 minpath=1 maxpath=21 nparents=1 path_len=1
[TRACE_BACK_SOURCE]   tf=25 first=0 last=1 abundance=21.0000 minpath=1 exact=true pure_stub=true alt_parent_cov=0.0000 accepted=true
[TRACE_BACK]   parent p=0 coord=0-0 ntrf=1 depleted=0 skip_notlong=0 parentcov=21.0 tpar=Some(25)
[BACK_TRACE seed=13]   maxcov_update parent=0 parentcov=21.0000 prev_maxcov=0.0000 prev_tmax=None prev_weak=None cand_tpar=Some(25) cand_weak=Some(false) allow=1
[TRACE_BACK]   CHOSE parent p=0 coord=0-0 maxcov=21.0 tmax=Some(25)
[TRACE_BACK]   PATHPAT_OR via tmax=25 abund=21.0000 first=0 last=1 nodes=0(0-0) 1(111148296-111149065)
--- parse_trflong: back_to_source t=13 result=OK path_len=1 path: 1(111148296-111149065)
[TRACE_FWD] enter node i=1 coord=111148296-111149065 minpath=0 maxpath=21 nchildren=2 sink_child=false
[TRACE_FWD]   path_edge child=2 coord=111149065-111149171 edge_bit=false child_bit=false sink=false
[TRACE_FWD]   path_edge child=4 coord=111150431-111150559 edge_bit=true child_bit=true sink=false
[TRACE_FWD]   seed-guided child=4 coord=111150431-111150559 guided=1
[TRACE_FWD]   CHOSE child c=4 coord=111150431-111150559 maxcov=0.0 tmax=None
[TRACE_FWD] enter node i=4 coord=111150431-111150559 minpath=0 maxpath=21 nchildren=4 sink_child=true
[TRACE_FWD]   path_edge child=5 coord=111150559-111150675 edge_bit=false child_bit=false sink=false
[TRACE_FWD]   path_edge child=6 coord=111150675-111150706 edge_bit=false child_bit=false sink=false
[TRACE_FWD]   path_edge child=8 coord=111151310-111151395 edge_bit=true child_bit=true sink=false
[TRACE_FWD]   path_edge child=22 coord=0-0 edge_bit=false child_bit=false sink=true
[TRACE_FWD]   seed-guided child=8 coord=111151310-111151395 guided=1
[TRACE_FWD]   CHOSE child c=8 coord=111151310-111151395 maxcov=0.0 tmax=None
[TRACE_FWD] enter node i=8 coord=111151310-111151395 minpath=0 maxpath=21 nchildren=1 sink_child=false
[TRACE_FWD]   path_edge child=9 coord=111151979-111152127 edge_bit=true child_bit=true sink=false
[TRACE_FWD]   fast-path: i+1=9 already on pathpat
[TRACE_FWD]   CHOSE child c=9 coord=111151979-111152127 maxcov=0.0 tmax=None
[TRACE_FWD] enter node i=9 coord=111151979-111152127 minpath=0 maxpath=21 nchildren=3 sink_child=true
[TRACE_FWD]   path_edge child=10 coord=111152127-111152550 edge_bit=false child_bit=false sink=false
[TRACE_FWD]   path_edge child=11 coord=111152550-111152646 edge_bit=true child_bit=true sink=false
[TRACE_FWD]   path_edge child=22 coord=0-0 edge_bit=false child_bit=false sink=true
[TRACE_FWD]   seed-guided child=11 coord=111152550-111152646 guided=1
[TRACE_FWD]   CHOSE child c=11 coord=111152550-111152646 maxcov=0.0 tmax=None
[TRACE_FWD] enter node i=11 coord=111152550-111152646 minpath=0 maxpath=21 nchildren=3 sink_child=true
[TRACE_FWD]   path_edge child=12 coord=111152646-111153380 edge_bit=true child_bit=true sink=false
[TRACE_FWD]   path_edge child=13 coord=111153380-111153508 edge_bit=false child_bit=true sink=false
[TRACE_FWD]   path_edge child=22 coord=0-0 edge_bit=false child_bit=false sink=true
[TRACE_FWD]   fast-path: i+1=12 already on pathpat
[TRACE_FWD]   CHOSE child c=12 coord=111152646-111153380 maxcov=0.0 tmax=None
[TRACE_FWD] enter node i=12 coord=111152646-111153380 minpath=0 maxpath=21 nchildren=1 sink_child=false
[TRACE_FWD]   path_edge child=13 coord=111153380-111153508 edge_bit=true child_bit=true sink=false
[TRACE_FWD]   fast-path: i+1=13 already on pathpat
[TRACE_FWD]   CHOSE child c=13 coord=111153380-111153508 maxcov=0.0 tmax=None
[TRACE_FWD] enter node i=13 coord=111153380-111153508 minpath=0 maxpath=21 nchildren=2 sink_child=false
[TRACE_FWD]   path_edge child=14 coord=111153508-111153535 edge_bit=false child_bit=false sink=false
[TRACE_FWD]   path_edge child=15 coord=111154667-111154728 edge_bit=true child_bit=true sink=false
[TRACE_FWD]   seed-guided child=15 coord=111154667-111154728 guided=1
[TRACE_FWD]   CHOSE child c=15 coord=111154667-111154728 maxcov=0.0 tmax=None
[TRACE_FWD] enter node i=15 coord=111154667-111154728 minpath=0 maxpath=21 nchildren=1 sink_child=false
[TRACE_FWD]   path_edge child=16 coord=111174047-111174127 edge_bit=true child_bit=true sink=false
[TRACE_FWD]   fast-path: i+1=16 already on pathpat
[TRACE_FWD]   CHOSE child c=16 coord=111174047-111174127 maxcov=0.0 tmax=None
[TRACE_FWD] enter node i=16 coord=111174047-111174127 minpath=0 maxpath=21 nchildren=2 sink_child=false
[TRACE_FWD]   path_edge child=17 coord=111174127-111174337 edge_bit=false child_bit=false sink=false
[TRACE_FWD]   path_edge child=18 coord=111174393-111174426 edge_bit=true child_bit=true sink=false
[TRACE_FWD]   seed-guided child=18 coord=111174393-111174426 guided=1
[TRACE_FWD]   CHOSE child c=18 coord=111174393-111174426 maxcov=0.0 tmax=None
[TRACE_FWD] enter node i=18 coord=111174393-111174426 minpath=0 maxpath=21 nchildren=1 sink_child=false
[TRACE_FWD]   path_edge child=19 coord=111174518-111174642 edge_bit=true child_bit=true sink=false
[TRACE_FWD]   fast-path: i+1=19 already on pathpat
[TRACE_FWD]   CHOSE child c=19 coord=111174518-111174642 maxcov=0.0 tmax=None
[TRACE_FWD] enter node i=19 coord=111174518-111174642 minpath=0 maxpath=21 nchildren=2 sink_child=false
[TRACE_FWD]   path_edge child=20 coord=111174642-111174799 edge_bit=false child_bit=false sink=false
[TRACE_FWD]   path_edge child=21 coord=111175478-111175575 edge_bit=true child_bit=true sink=false
[TRACE_FWD]   seed-guided child=21 coord=111175478-111175575 guided=1
[TRACE_FWD]   CHOSE child c=21 coord=111175478-111175575 maxcov=0.0 tmax=None
[TRACE_FWD] enter node i=21 coord=111175478-111175575 minpath=0 maxpath=21 nchildren=1 sink_child=true
[TRACE_FWD]   path_edge child=22 coord=0-0 edge_bit=false child_bit=false sink=true
[FWD_HARDEND_GUARD seed=13] short-circuit at i=21 (minority_fork, gap=19, longend=111175556, abund=1.00, cov_i=7.00)
--- parse_trflong: fwd_to_sink t=13 result=OK path_len=14 path: 0(0-0) 1(111148296-111149065) 4(111150431-111150559) 8(111151310-111151395) 9(111151979-111152127) 11(111152550-111152646) 12(111152646-111153380) 13(111153380-111153508) 15(111154667-111154728) 16(111174047-111174127) 18(111174393-111174426) 19(111174518-111174642) 21(111175478-111175575) 22(0-0)
[TRACE_LOCUS] idx=13 abund=1.0 nodes=12 exons=10 span=111148296-111175575 rnodes=111148296-111175575 complete=false seed=true
[TRACE_LOCUS]   → flux=1.0000 cov=0.9703 nodecov_mode=false
[TRACE_LOCUS]   → STORED idx=13 cov=0.9703 abund_after=0.0000 exons=10 first=111148296-111149065 last=111175478-111175575
[TRACE_EARLY] idx=14 abund=1.0 nodes=10 seed=true weak=0 skip=pass span=111148296-111174337
[TRACE_PAT] stage=seed.raw idx=14 pivot=17 coord=111174127-111174337 node_bit=true pop=19 nchildren=1
[TRACE_PAT]   child=22 coord=0-0 edge_bit=false child_bit=false sink=true
[TRACE_PAT] stage=seed.after_nodes idx=14 pivot=17 coord=111174127-111174337 node_bit=true pop=19 nchildren=1
[TRACE_PAT]   child=22 coord=0-0 edge_bit=false child_bit=false sink=true
[TRACE_PAT] stage=seed.after_endcaps idx=14 pivot=17 coord=111174127-111174337 node_bit=true pop=19 nchildren=1
[TRACE_PAT]   child=22 coord=0-0 edge_bit=false child_bit=false sink=true
[TRACE_SEED] idx=14 abund=1.0 nnodes=10 minp=1 (111148296-111149065) maxp=17 (111174127-111174337) patpop=19
[BACK_TRACE seed=14] enter node i=1 coord=111148296-111149065 minpath=1 maxpath=17 nparents=1 path_len=1
[TRACE_BACK_SOURCE]   tf=25 first=0 last=1 abundance=20.0000 minpath=1 exact=true pure_stub=true alt_parent_cov=0.0000 accepted=true
[TRACE_BACK]   parent p=0 coord=0-0 ntrf=1 depleted=0 skip_notlong=0 parentcov=20.0 tpar=Some(25)
[BACK_TRACE seed=14]   maxcov_update parent=0 parentcov=20.0000 prev_maxcov=0.0000 prev_tmax=None prev_weak=None cand_tpar=Some(25) cand_weak=Some(false) allow=1
[TRACE_BACK]   CHOSE parent p=0 coord=0-0 maxcov=20.0 tmax=Some(25)
[TRACE_BACK]   PATHPAT_OR via tmax=25 abund=20.0000 first=0 last=1 nodes=0(0-0) 1(111148296-111149065)
--- parse_trflong: back_to_source t=14 result=OK path_len=1 path: 1(111148296-111149065)
[TRACE_FWD] enter node i=1 coord=111148296-111149065 minpath=0 maxpath=17 nchildren=2 sink_child=false
[TRACE_FWD]   path_edge child=2 coord=111149065-111149171 edge_bit=true child_bit=true sink=false
[TRACE_FWD]   path_edge child=4 coord=111150431-111150559 edge_bit=false child_bit=true sink=false
[TRACE_FWD]   fast-path: i+1=2 already on pathpat
[TRACE_FWD]   CHOSE child c=2 coord=111149065-111149171 maxcov=0.0 tmax=None
[TRACE_FWD] enter node i=2 coord=111149065-111149171 minpath=0 maxpath=17 nchildren=1 sink_child=false
[TRACE_FWD]   path_edge child=4 coord=111150431-111150559 edge_bit=true child_bit=true sink=false
[TRACE_FWD]   seed-guided child=4 coord=111150431-111150559 guided=1
[TRACE_FWD]   CHOSE child c=4 coord=111150431-111150559 maxcov=0.0 tmax=None
[TRACE_FWD] enter node i=4 coord=111150431-111150559 minpath=0 maxpath=17 nchildren=4 sink_child=true
[TRACE_FWD]   path_edge child=5 coord=111150559-111150675 edge_bit=false child_bit=false sink=false
[TRACE_FWD]   path_edge child=6 coord=111150675-111150706 edge_bit=false child_bit=false sink=false
[TRACE_FWD]   path_edge child=8 coord=111151310-111151395 edge_bit=true child_bit=true sink=false
[TRACE_FWD]   path_edge child=22 coord=0-0 edge_bit=false child_bit=false sink=true
[TRACE_FWD]   seed-guided child=8 coord=111151310-111151395 guided=1
[TRACE_FWD]   CHOSE child c=8 coord=111151310-111151395 maxcov=0.0 tmax=None
[TRACE_FWD] enter node i=8 coord=111151310-111151395 minpath=0 maxpath=17 nchildren=1 sink_child=false
[TRACE_FWD]   path_edge child=9 coord=111151979-111152127 edge_bit=true child_bit=true sink=false
[TRACE_FWD]   fast-path: i+1=9 already on pathpat
[TRACE_FWD]   CHOSE child c=9 coord=111151979-111152127 maxcov=0.0 tmax=None
[TRACE_FWD] enter node i=9 coord=111151979-111152127 minpath=0 maxpath=17 nchildren=3 sink_child=true
[TRACE_FWD]   path_edge child=10 coord=111152127-111152550 edge_bit=false child_bit=false sink=false
[TRACE_FWD]   path_edge child=11 coord=111152550-111152646 edge_bit=true child_bit=true sink=false
[TRACE_FWD]   path_edge child=22 coord=0-0 edge_bit=false child_bit=false sink=true
[TRACE_FWD]   seed-guided child=11 coord=111152550-111152646 guided=1
[TRACE_FWD]   CHOSE child c=11 coord=111152550-111152646 maxcov=0.0 tmax=None
[TRACE_FWD] enter node i=11 coord=111152550-111152646 minpath=0 maxpath=17 nchildren=3 sink_child=true
[TRACE_FWD]   path_edge child=12 coord=111152646-111153380 edge_bit=false child_bit=false sink=false
[TRACE_FWD]   path_edge child=13 coord=111153380-111153508 edge_bit=true child_bit=true sink=false
[TRACE_FWD]   path_edge child=22 coord=0-0 edge_bit=false child_bit=false sink=true
[TRACE_FWD]   seed-guided child=13 coord=111153380-111153508 guided=1
[TRACE_FWD]   CHOSE child c=13 coord=111153380-111153508 maxcov=0.0 tmax=None
[TRACE_FWD] enter node i=13 coord=111153380-111153508 minpath=0 maxpath=17 nchildren=2 sink_child=false
[TRACE_FWD]   path_edge child=14 coord=111153508-111153535 edge_bit=false child_bit=false sink=false
[TRACE_FWD]   path_edge child=15 coord=111154667-111154728 edge_bit=true child_bit=true sink=false
[TRACE_FWD]   seed-guided child=15 coord=111154667-111154728 guided=1
[TRACE_FWD]   CHOSE child c=15 coord=111154667-111154728 maxcov=0.0 tmax=None
[TRACE_FWD] enter node i=15 coord=111154667-111154728 minpath=0 maxpath=17 nchildren=1 sink_child=false
[TRACE_FWD]   path_edge child=16 coord=111174047-111174127 edge_bit=true child_bit=true sink=false
[TRACE_FWD]   fast-path: i+1=16 already on pathpat
[TRACE_FWD]   CHOSE child c=16 coord=111174047-111174127 maxcov=0.0 tmax=None
[TRACE_FWD] enter node i=16 coord=111174047-111174127 minpath=0 maxpath=17 nchildren=2 sink_child=false
[TRACE_FWD]   path_edge child=17 coord=111174127-111174337 edge_bit=true child_bit=true sink=false
[TRACE_FWD]   path_edge child=18 coord=111174393-111174426 edge_bit=false child_bit=false sink=false
[TRACE_FWD]   fast-path: i+1=17 already on pathpat
[TRACE_FWD]   CHOSE child c=17 coord=111174127-111174337 maxcov=0.0 tmax=None
[TRACE_FWD] enter node i=17 coord=111174127-111174337 minpath=0 maxpath=17 nchildren=1 sink_child=true
[TRACE_FWD]   path_edge child=22 coord=0-0 edge_bit=false child_bit=false sink=true
[FWD_HARDEND_GUARD seed=14] short-circuit at i=17 (minority_fork, gap=0, longend=111174337, abund=1.00, cov_i=2.00)
--- parse_trflong: fwd_to_sink t=14 result=OK path_len=12 path: 0(0-0) 1(111148296-111149065) 2(111149065-111149171) 4(111150431-111150559) 8(111151310-111151395) 9(111151979-111152127) 11(111152550-111152646) 13(111153380-111153508) 15(111154667-111154728) 16(111174047-111174127) 17(111174127-111174337) 22(0-0)
[TRACE_LOCUS] idx=14 abund=1.0 nodes=10 exons=8 span=111148296-111174337 rnodes=111148296-111174337 complete=false seed=true
[TRACE_LOCUS]   → flux=1.0000 cov=0.9931 nodecov_mode=false
[TRACE_LOCUS]   → STORED idx=14 cov=0.9931 abund_after=0.0000 exons=8 first=111148296-111149171 last=111174047-111174337
[TRACE_EARLY] idx=20 abund=1.0 nodes=5 seed=true weak=0 skip=pass span=111148296-111152127
[TRACE_PAT] stage=seed.raw idx=20 pivot=9 coord=111151979-111152127 node_bit=true pop=9 nchildren=3
[TRACE_PAT]   child=10 coord=111152127-111152550 edge_bit=false child_bit=false sink=false
[TRACE_PAT]   child=11 coord=111152550-111152646 edge_bit=false child_bit=false sink=false
[TRACE_PAT]   child=22 coord=0-0 edge_bit=false child_bit=false sink=true
[TRACE_PAT] stage=seed.after_nodes idx=20 pivot=9 coord=111151979-111152127 node_bit=true pop=9 nchildren=3
[TRACE_PAT]   child=10 coord=111152127-111152550 edge_bit=false child_bit=false sink=false
[TRACE_PAT]   child=11 coord=111152550-111152646 edge_bit=false child_bit=false sink=false
[TRACE_PAT]   child=22 coord=0-0 edge_bit=false child_bit=false sink=true
[TRACE_PAT] stage=seed.after_endcaps idx=20 pivot=9 coord=111151979-111152127 node_bit=true pop=9 nchildren=3
[TRACE_PAT]   child=10 coord=111152127-111152550 edge_bit=false child_bit=false sink=false
[TRACE_PAT]   child=11 coord=111152550-111152646 edge_bit=false child_bit=false sink=false
[TRACE_PAT]   child=22 coord=0-0 edge_bit=false child_bit=false sink=true
[TRACE_SEED] idx=20 abund=1.0 nnodes=5 minp=1 (111148296-111149065) maxp=9 (111151979-111152127) patpop=9
[BACK_TRACE seed=20] enter node i=1 coord=111148296-111149065 minpath=1 maxpath=9 nparents=1 path_len=1
[TRACE_BACK_SOURCE]   tf=25 first=0 last=1 abundance=19.0000 minpath=1 exact=true pure_stub=true alt_parent_cov=0.0000 accepted=true
[TRACE_BACK]   parent p=0 coord=0-0 ntrf=1 depleted=0 skip_notlong=0 parentcov=19.0 tpar=Some(25)
[BACK_TRACE seed=20]   maxcov_update parent=0 parentcov=19.0000 prev_maxcov=0.0000 prev_tmax=None prev_weak=None cand_tpar=Some(25) cand_weak=Some(false) allow=1
[TRACE_BACK]   CHOSE parent p=0 coord=0-0 maxcov=19.0 tmax=Some(25)
[TRACE_BACK]   PATHPAT_OR via tmax=25 abund=19.0000 first=0 last=1 nodes=0(0-0) 1(111148296-111149065)
--- parse_trflong: back_to_source t=20 result=OK path_len=1 path: 1(111148296-111149065)
[TRACE_FWD] enter node i=1 coord=111148296-111149065 minpath=0 maxpath=9 nchildren=2 sink_child=false
[TRACE_FWD]   path_edge child=2 coord=111149065-111149171 edge_bit=true child_bit=true sink=false
[TRACE_FWD]   path_edge child=4 coord=111150431-111150559 edge_bit=false child_bit=true sink=false
[TRACE_FWD]   fast-path: i+1=2 already on pathpat
[TRACE_FWD]   CHOSE child c=2 coord=111149065-111149171 maxcov=0.0 tmax=None
[TRACE_FWD] enter node i=2 coord=111149065-111149171 minpath=0 maxpath=9 nchildren=1 sink_child=false
[TRACE_FWD]   path_edge child=4 coord=111150431-111150559 edge_bit=true child_bit=true sink=false
[TRACE_FWD]   seed-guided child=4 coord=111150431-111150559 guided=1
[TRACE_FWD]   CHOSE child c=4 coord=111150431-111150559 maxcov=0.0 tmax=None
[TRACE_FWD] enter node i=4 coord=111150431-111150559 minpath=0 maxpath=9 nchildren=4 sink_child=true
[TRACE_FWD]   path_edge child=5 coord=111150559-111150675 edge_bit=false child_bit=false sink=false
[TRACE_FWD]   path_edge child=6 coord=111150675-111150706 edge_bit=false child_bit=false sink=false
[TRACE_FWD]   path_edge child=8 coord=111151310-111151395 edge_bit=true child_bit=true sink=false
[TRACE_FWD]   path_edge child=22 coord=0-0 edge_bit=false child_bit=false sink=true
[TRACE_FWD]   seed-guided child=8 coord=111151310-111151395 guided=1
[TRACE_FWD]   CHOSE child c=8 coord=111151310-111151395 maxcov=0.0 tmax=None
[TRACE_FWD] enter node i=8 coord=111151310-111151395 minpath=0 maxpath=9 nchildren=1 sink_child=false
[TRACE_FWD]   path_edge child=9 coord=111151979-111152127 edge_bit=true child_bit=true sink=false
[TRACE_FWD]   fast-path: i+1=9 already on pathpat
[TRACE_FWD]   CHOSE child c=9 coord=111151979-111152127 maxcov=0.0 tmax=None
[TRACE_FWD] enter node i=9 coord=111151979-111152127 minpath=0 maxpath=9 nchildren=3 sink_child=true
[TRACE_FWD]   path_edge child=10 coord=111152127-111152550 edge_bit=false child_bit=false sink=false
[TRACE_FWD]   path_edge child=11 coord=111152550-111152646 edge_bit=false child_bit=false sink=false
[TRACE_FWD]   path_edge child=22 coord=0-0 edge_bit=false child_bit=false sink=true
[FWD_TRACE seed=20]     trf t=10 abund=1.0 first=1 last=20 weak=1 ACCEPT pattern_pop=24 nodes=[1, 2, 3, 4, 8, 9, 11, 13]
[FWD_TRACE seed=20]       replace_tmax prev=None new=Some(10)
[FWD_TRACE seed=20]     trf t=11 abund=1.0 first=3 last=21 FAIL onpath=false reason=fail:right_gap_unreachable pattern_pop=23 nodes=[3, 4, 8, 9, 11, 12, 13, 15]
[FWD_TRACE seed=20]     trf t=15 abund=1.0 first=1 last=15 weak=0 ACCEPT pattern_pop=17 nodes=[1, 4, 6, 7, 8, 9, 11, 13]
[FWD_TRACE seed=20]       replace_tmax prev=Some(10) new=Some(15)
[FWD_TRACE seed=20]     trf t=16 abund=1.0 first=1 last=18 weak=0 ACCEPT pattern_pop=17 nodes=[1, 4, 8, 9, 11, 13, 15, 16]
[FWD_TRACE seed=20]       replace_tmax prev=Some(15) new=Some(15)
[FWD_TRACE seed=20]     trf t=17 abund=1.0 first=1 last=14 weak=1 ACCEPT pattern_pop=15 nodes=[1, 2, 4, 8, 9, 11, 13, 14]
[FWD_TRACE seed=20]       replace_tmax prev=Some(15) new=Some(15)
[FWD_TRACE seed=20]     trf t=18 abund=1.0 first=1 last=13 weak=1 ACCEPT pattern_pop=13 nodes=[1, 4, 8, 9, 11, 12, 13]
[FWD_TRACE seed=20]       replace_tmax prev=Some(15) new=Some(15)
[TRACE_FWD]   child c=11 coord=111152550-111152646 ntrf=8 childcov=5.0 tchild=Some(15)
[TRACE_FWD]     support_tf=15 first=1 last=15 nodes=9 longstart=111148300 longend=111154714 tf_edge=true tf_sink_edge=false
[FWD_TRACE seed=20]   maxcov_update child=11 childcov=5.0000 prev_maxcov=0.0000 prev_tmax=None prev_weak=None cand_tchild=Some(15) cand_weak=Some(false) allow=1
[TRACE_FWD_SINK]   tf=29 first=20 last=22 abundance=1.0000 maxpath=9 i=9 accepted=false
[ONPATH_SINK_PENULT] penultimate=4 penult_coord=111150431-111150559 maxp=9 maxp_coord=111151979-111152127 contig=false
[TRACE_FWD_SINK_DBG] tf=31 !exact=true req_long=true first<i=true maxp<=i=true last>=c=true onpath_reason=fail:sink_edge_wrong_penultimate
[TRACE_FWD_SINK]   tf=31 first=4 last=22 abundance=1.0000 maxpath=9 i=9 accepted=false
[TRACE_FWD_SINK]   tf=32 first=9 last=22 abundance=1.0000 maxpath=9 i=9 accepted=true
[TRACE_FWD_SINK]   tf=33 first=11 last=22 abundance=1.0000 maxpath=9 i=9 accepted=false
[TRACE_FWD]   child c=22 coord=0-0 ntrf=4 childcov=1.0 tchild=Some(32)
[TRACE_FWD]     support_tf=32 first=9 last=22 nodes=2 longstart=0 longend=0 tf_edge=true tf_sink_edge=true
[TRACE_FWD]   CHOSE child c=11 coord=111152550-111152646 maxcov=5.0 tmax=Some(15)
[TRACE_FWD] enter node i=11 coord=111152550-111152646 minpath=0 maxpath=15 nchildren=3 sink_child=true
[TRACE_FWD]   path_edge child=12 coord=111152646-111153380 edge_bit=false child_bit=false sink=false
[TRACE_FWD]   path_edge child=13 coord=111153380-111153508 edge_bit=true child_bit=true sink=false
[TRACE_FWD]   path_edge child=22 coord=0-0 edge_bit=false child_bit=false sink=true
[TRACE_FWD]   edge_bit fast-path: child=13 coord=111153380-111153508
[TRACE_FWD]   CHOSE child c=13 coord=111153380-111153508 maxcov=0.0 tmax=None
[TRACE_FWD] enter node i=13 coord=111153380-111153508 minpath=0 maxpath=15 nchildren=2 sink_child=false
[TRACE_FWD]   path_edge child=14 coord=111153508-111153535 edge_bit=false child_bit=false sink=false
[TRACE_FWD]   path_edge child=15 coord=111154667-111154728 edge_bit=true child_bit=true sink=false
[TRACE_FWD]   edge_bit fast-path: child=15 coord=111154667-111154728
[TRACE_FWD]   CHOSE child c=15 coord=111154667-111154728 maxcov=0.0 tmax=None
[TRACE_FWD] enter node i=15 coord=111154667-111154728 minpath=0 maxpath=15 nchildren=1 sink_child=false
[TRACE_FWD]   path_edge child=16 coord=111174047-111174127 edge_bit=false child_bit=false sink=false
[FWD_TRACE seed=20]     trf t=10 abund=1.0 first=1 last=20 weak=1 ACCEPT pattern_pop=24 nodes=[1, 2, 3, 4, 8, 9, 11, 13]
[FWD_TRACE seed=20]       replace_tmax prev=None new=Some(10)
[FWD_TRACE seed=20]     trf t=11 abund=1.0 first=3 last=21 FAIL onpath=false reason=fail:right_gap_unreachable pattern_pop=23 nodes=[3, 4, 8, 9, 11, 12, 13, 15]
[FWD_TRACE seed=20]     trf t=16 abund=1.0 first=1 last=18 weak=0 ACCEPT pattern_pop=17 nodes=[1, 4, 8, 9, 11, 13, 15, 16]
[FWD_TRACE seed=20]       replace_tmax prev=Some(10) new=Some(16)
[FWD_TRACE seed=20]     trf t=19 abund=1.0 first=11 last=17 weak=1 ACCEPT pattern_pop=9 nodes=[11, 13, 15, 16, 17]
[FWD_TRACE seed=20]       replace_tmax prev=Some(16) new=Some(16)
[FWD_TRACE seed=20]     trf t=21 abund=1.0 first=15 last=19 weak=0 ACCEPT pattern_pop=7 nodes=[15, 16, 18, 19]
[FWD_TRACE seed=20]       replace_tmax prev=Some(16) new=Some(16)
[TRACE_FWD]   child c=16 coord=111174047-111174127 ntrf=5 childcov=4.0 tchild=Some(16)
[TRACE_FWD]     support_tf=16 first=1 last=18 nodes=9 longstart=111148299 longend=0 tf_edge=true tf_sink_edge=false
[FWD_TRACE seed=20]   maxcov_update child=16 childcov=4.0000 prev_maxcov=0.0000 prev_tmax=None prev_weak=None cand_tchild=Some(16) cand_weak=Some(false) allow=1
[TRACE_FWD]   CHOSE child c=16 coord=111174047-111174127 maxcov=4.0 tmax=Some(16)
[TRACE_FWD] enter node i=16 coord=111174047-111174127 minpath=0 maxpath=18 nchildren=2 sink_child=false
[TRACE_FWD]   path_edge child=17 coord=111174127-111174337 edge_bit=false child_bit=false sink=false
[TRACE_FWD]   path_edge child=18 coord=111174393-111174426 edge_bit=true child_bit=true sink=false
[TRACE_FWD]   edge_bit fast-path: child=18 coord=111174393-111174426
[TRACE_FWD]   CHOSE child c=18 coord=111174393-111174426 maxcov=0.0 tmax=None
[TRACE_FWD] enter node i=18 coord=111174393-111174426 minpath=0 maxpath=18 nchildren=1 sink_child=false
[TRACE_FWD]   path_edge child=19 coord=111174518-111174642 edge_bit=false child_bit=false sink=false
[FWD_TRACE seed=20]     trf t=10 abund=1.0 first=1 last=20 weak=1 ACCEPT pattern_pop=24 nodes=[1, 2, 3, 4, 8, 9, 11, 13]
[FWD_TRACE seed=20]       replace_tmax prev=None new=Some(10)
[FWD_TRACE seed=20]     trf t=11 abund=1.0 first=3 last=21 FAIL onpath=false reason=fail:right_gap_unreachable pattern_pop=23 nodes=[3, 4, 8, 9, 11, 12, 13, 15]
[FWD_TRACE seed=20]     trf t=21 abund=1.0 first=15 last=19 weak=0 ACCEPT pattern_pop=7 nodes=[15, 16, 18, 19]
[FWD_TRACE seed=20]       replace_tmax prev=Some(10) new=Some(21)
[TRACE_FWD]   child c=19 coord=111174518-111174642 ntrf=4 childcov=2.0 tchild=Some(21)
[TRACE_FWD]     support_tf=21 first=15 last=19 nodes=4 longstart=0 longend=111174567 tf_edge=true tf_sink_edge=false
[FWD_TRACE seed=20]   maxcov_update child=19 childcov=2.0000 prev_maxcov=0.0000 prev_tmax=None prev_weak=None cand_tchild=Some(21) cand_weak=Some(false) allow=1
[TRACE_FWD]   CHOSE child c=19 coord=111174518-111174642 maxcov=2.0 tmax=Some(21)
[TRACE_FWD] enter node i=19 coord=111174518-111174642 minpath=0 maxpath=19 nchildren=2 sink_child=false
[TRACE_FWD]   path_edge child=20 coord=111174642-111174799 edge_bit=false child_bit=false sink=false
[TRACE_FWD]   path_edge child=21 coord=111175478-111175575 edge_bit=false child_bit=false sink=false
[FWD_TRACE seed=20]     trf t=11 abund=1.0 first=3 last=21 FAIL onpath=false reason=fail:right_gap_unreachable pattern_pop=23 nodes=[3, 4, 8, 9, 11, 12, 13, 15]
[FWD_TRACE seed=20]     trf t=24 abund=1.0 first=19 last=21 weak=0 ACCEPT pattern_pop=3 nodes=[19, 21]
[FWD_TRACE seed=20]       replace_tmax prev=None new=Some(24)
[TRACE_FWD]   child c=21 coord=111175478-111175575 ntrf=2 childcov=1.0 tchild=Some(24)
[TRACE_FWD]     support_tf=24 first=19 last=21 nodes=2 longstart=0 longend=111175558 tf_edge=true tf_sink_edge=false
[FWD_TRACE seed=20]   maxcov_update child=21 childcov=1.0000 prev_maxcov=0.0000 prev_tmax=None prev_weak=None cand_tchild=Some(24) cand_weak=Some(false) allow=1
[TRACE_FWD]   CHOSE child c=21 coord=111175478-111175575 maxcov=1.0 tmax=Some(24)
[TRACE_FWD] enter node i=21 coord=111175478-111175575 minpath=0 maxpath=21 nchildren=1 sink_child=true
[TRACE_FWD]   path_edge child=22 coord=0-0 edge_bit=false child_bit=false sink=true
[ONPATH_SINK_PENULT] penultimate=20 penult_coord=111174642-111174799 maxp=21 maxp_coord=111175478-111175575 contig=false
[TRACE_FWD_SINK_DBG] tf=29 !exact=true req_long=true first<i=true maxp<=i=true last>=c=true onpath_reason=fail:sink_edge_wrong_penultimate
[TRACE_FWD_SINK]   tf=29 first=20 last=22 abundance=1.0000 maxpath=21 i=21 accepted=false
[ONPATH_SINK_PENULT] penultimate=4 penult_coord=111150431-111150559 maxp=21 maxp_coord=111175478-111175575 contig=false
[TRACE_FWD_SINK_DBG] tf=31 !exact=true req_long=true first<i=true maxp<=i=true last>=c=true onpath_reason=fail:sink_edge_wrong_penultimate
[TRACE_FWD_SINK]   tf=31 first=4 last=22 abundance=1.0000 maxpath=21 i=21 accepted=false
[ONPATH_SINK_PENULT] penultimate=9 penult_coord=111151979-111152127 maxp=21 maxp_coord=111175478-111175575 contig=false
[TRACE_FWD_SINK_DBG] tf=32 !exact=true req_long=true first<i=true maxp<=i=true last>=c=true onpath_reason=fail:sink_edge_wrong_penultimate
[TRACE_FWD_SINK]   tf=32 first=9 last=22 abundance=1.0000 maxpath=21 i=21 accepted=false
[ONPATH_SINK_PENULT] penultimate=11 penult_coord=111152550-111152646 maxp=21 maxp_coord=111175478-111175575 contig=false
[TRACE_FWD_SINK_DBG] tf=33 !exact=true req_long=true first<i=true maxp<=i=true last>=c=true onpath_reason=fail:sink_edge_wrong_penultimate
[TRACE_FWD_SINK]   tf=33 first=11 last=22 abundance=1.0000 maxpath=21 i=21 accepted=false
[TRACE_FWD]   child c=22 coord=0-0 ntrf=4 childcov=0.0 tchild=None
--- parse_trflong: fwd_to_sink t=20 result=FAIL path_len=13 path: 0(0-0) 1(111148296-111149065) 2(111149065-111149171) 4(111150431-111150559) 8(111151310-111151395) 9(111151979-111152127) 11(111152550-111152646) 13(111153380-111153508) 15(111154667-111154728) 16(111174047-111174127) 18(111174393-111174426) 19(111174518-111174642) 21(111175478-111175575)
[TRACE_LONGREC_FAIL] idx=20 back_ok=true fwd_ok=false seed_minp=1 (111148296-111149065) seed_maxp=9 (111151979-111152127) cur_minp=0 (0-0) cur_maxp=21 (111175478-111175575) path_len=13 path=0:0-0 1:111148296-111149065 2:111149065-111149171 4:111150431-111150559 8:111151310-111151395 9:111151979-111152127 11:111152550-111152646 13:111153380-111153508 15:111154667-111154728 16:111174047-111174127 18:111174393-111174426 19:111174518-111174642 21:111175478-111175575 diag={back_unreachable_minpath:0 back_no_reach:0 back_no_choice:0 back_exclude_no_support:0 fwd_unreachable_maxpath:0 fwd_no_reach:0 fwd_no_choice:1 fwd_exclude_no_support:0}
[TRACE_PAT] stage=longrec.fail.seed_max idx=20 pivot=9 coord=111151979-111152127 node_bit=true pop=31 nchildren=3
[TRACE_PAT]   child=10 coord=111152127-111152550 edge_bit=false child_bit=false sink=false
[TRACE_PAT]   child=11 coord=111152550-111152646 edge_bit=true child_bit=true sink=false
[TRACE_PAT]   child=22 coord=0-0 edge_bit=false child_bit=false sink=true
[TRACE_PAT] stage=longrec.fail.cur_max idx=20 pivot=21 coord=111175478-111175575 node_bit=true pop=31 nchildren=1
[TRACE_PAT]   child=22 coord=0-0 edge_bit=false child_bit=false sink=true
[TRACE_LOCUS] idx=20 abund=1.0 LONGREC_FAIL → checktrf span=111148296-111152127
[TRACE_CHECKTRF_ADD] t=20 reason=longrec_fail saved_abund=1.0000 abund=1.0000 guide=false longstart=111148300 longend=0 back=1 fwd=0 flux=- cov=- tocheck=- tf_nodes=5 tf_coords=1(111148296-111149065) 2(111149065-111149171) 4(111150431-111150559) 8(111151310-111151395) 9(111151979-111152127) path_nodes=0 path_coords=
[TRACE_EARLY] idx=22 abund=1.0 nodes=3 seed=true weak=0 skip=pass span=111148296-111150559
[TRACE_PAT] stage=seed.raw idx=22 pivot=4 coord=111150431-111150559 node_bit=true pop=5 nchildren=4
[TRACE_PAT]   child=5 coord=111150559-111150675 edge_bit=false child_bit=false sink=false
[TRACE_PAT]   child=6 coord=111150675-111150706 edge_bit=false child_bit=false sink=false
[TRACE_PAT]   child=8 coord=111151310-111151395 edge_bit=false child_bit=false sink=false
[TRACE_PAT]   child=22 coord=0-0 edge_bit=false child_bit=false sink=true
[TRACE_PAT] stage=seed.after_nodes idx=22 pivot=4 coord=111150431-111150559 node_bit=true pop=5 nchildren=4
[TRACE_PAT]   child=5 coord=111150559-111150675 edge_bit=false child_bit=false sink=false
[TRACE_PAT]   child=6 coord=111150675-111150706 edge_bit=false child_bit=false sink=false
[TRACE_PAT]   child=8 coord=111151310-111151395 edge_bit=false child_bit=false sink=false
[TRACE_PAT]   child=22 coord=0-0 edge_bit=false child_bit=false sink=true
[TRACE_PAT] stage=seed.after_endcaps idx=22 pivot=4 coord=111150431-111150559 node_bit=true pop=5 nchildren=4
[TRACE_PAT]   child=5 coord=111150559-111150675 edge_bit=false child_bit=false sink=false
[TRACE_PAT]   child=6 coord=111150675-111150706 edge_bit=false child_bit=false sink=false
[TRACE_PAT]   child=8 coord=111151310-111151395 edge_bit=false child_bit=false sink=false
[TRACE_PAT]   child=22 coord=0-0 edge_bit=false child_bit=false sink=true
[TRACE_SEED] idx=22 abund=1.0 nnodes=3 minp=1 (111148296-111149065) maxp=4 (111150431-111150559) patpop=5
[BACK_TRACE seed=22] enter node i=1 coord=111148296-111149065 minpath=1 maxpath=4 nparents=1 path_len=1
[TRACE_BACK_SOURCE]   tf=25 first=0 last=1 abundance=19.0000 minpath=1 exact=true pure_stub=true alt_parent_cov=0.0000 accepted=true
[TRACE_BACK]   parent p=0 coord=0-0 ntrf=1 depleted=0 skip_notlong=0 parentcov=19.0 tpar=Some(25)
[BACK_TRACE seed=22]   maxcov_update parent=0 parentcov=19.0000 prev_maxcov=0.0000 prev_tmax=None prev_weak=None cand_tpar=Some(25) cand_weak=Some(false) allow=1
[TRACE_BACK]   CHOSE parent p=0 coord=0-0 maxcov=19.0 tmax=Some(25)
[TRACE_BACK]   PATHPAT_OR via tmax=25 abund=19.0000 first=0 last=1 nodes=0(0-0) 1(111148296-111149065)
--- parse_trflong: back_to_source t=22 result=OK path_len=1 path: 1(111148296-111149065)
[TRACE_FWD] enter node i=1 coord=111148296-111149065 minpath=0 maxpath=4 nchildren=2 sink_child=false
[TRACE_FWD]   path_edge child=2 coord=111149065-111149171 edge_bit=true child_bit=true sink=false
[TRACE_FWD]   path_edge child=4 coord=111150431-111150559 edge_bit=false child_bit=true sink=false
[TRACE_FWD]   fast-path: i+1=2 already on pathpat
[TRACE_FWD]   CHOSE child c=2 coord=111149065-111149171 maxcov=0.0 tmax=None
[TRACE_FWD] enter node i=2 coord=111149065-111149171 minpath=0 maxpath=4 nchildren=1 sink_child=false
[TRACE_FWD]   path_edge child=4 coord=111150431-111150559 edge_bit=true child_bit=true sink=false
[TRACE_FWD]   seed-guided child=4 coord=111150431-111150559 guided=1
[TRACE_FWD]   CHOSE child c=4 coord=111150431-111150559 maxcov=0.0 tmax=None
[TRACE_FWD] enter node i=4 coord=111150431-111150559 minpath=0 maxpath=4 nchildren=4 sink_child=true
[TRACE_FWD]   path_edge child=5 coord=111150559-111150675 edge_bit=false child_bit=false sink=false
[TRACE_FWD]   path_edge child=6 coord=111150675-111150706 edge_bit=false child_bit=false sink=false
[TRACE_FWD]   path_edge child=8 coord=111151310-111151395 edge_bit=false child_bit=false sink=false
[TRACE_FWD]   path_edge child=22 coord=0-0 edge_bit=false child_bit=false sink=true
[FWD_TRACE seed=22]     trf t=15 abund=1.0 first=1 last=15 weak=0 ACCEPT pattern_pop=17 nodes=[1, 4, 6, 7, 8, 9, 11, 13]
[FWD_TRACE seed=22]       replace_tmax prev=None new=Some(15)
[TRACE_FWD]   child c=6 coord=111150675-111150706 ntrf=1 childcov=1.0 tchild=Some(15)
[TRACE_FWD]     support_tf=15 first=1 last=15 nodes=9 longstart=111148300 longend=111154714 tf_edge=true tf_sink_edge=false
[FWD_TRACE seed=22]   maxcov_update child=6 childcov=1.0000 prev_maxcov=0.0000 prev_tmax=None prev_weak=None cand_tchild=Some(15) cand_weak=Some(false) allow=1
[FWD_TRACE seed=22]     trf t=10 abund=1.0 first=1 last=20 weak=1 ACCEPT pattern_pop=24 nodes=[1, 2, 3, 4, 8, 9, 11, 13]
[FWD_TRACE seed=22]       replace_tmax prev=None new=Some(10)
[FWD_TRACE seed=22]     trf t=11 abund=1.0 first=3 last=21 FAIL onpath=false reason=fail:right_gap_unreachable pattern_pop=23 nodes=[3, 4, 8, 9, 11, 12, 13, 15]
[FWD_TRACE seed=22]     trf t=15 abund=1.0 first=1 last=15 weak=0 ACCEPT pattern_pop=17 nodes=[1, 4, 6, 7, 8, 9, 11, 13]
[FWD_TRACE seed=22]       replace_tmax prev=Some(10) new=Some(15)
[FWD_TRACE seed=22]     trf t=16 abund=1.0 first=1 last=18 weak=0 ACCEPT pattern_pop=17 nodes=[1, 4, 8, 9, 11, 13, 15, 16]
[FWD_TRACE seed=22]       replace_tmax prev=Some(15) new=Some(15)
[FWD_TRACE seed=22]     trf t=17 abund=1.0 first=1 last=14 weak=1 ACCEPT pattern_pop=15 nodes=[1, 2, 4, 8, 9, 11, 13, 14]
[FWD_TRACE seed=22]       replace_tmax prev=Some(15) new=Some(15)
[FWD_TRACE seed=22]     trf t=18 abund=1.0 first=1 last=13 weak=1 ACCEPT pattern_pop=13 nodes=[1, 4, 8, 9, 11, 12, 13]
[FWD_TRACE seed=22]       replace_tmax prev=Some(15) new=Some(15)
[FWD_TRACE seed=22]     trf t=20 abund=1.0 first=1 last=9 weak=0 ACCEPT pattern_pop=9 nodes=[1, 2, 4, 8, 9]
[FWD_TRACE seed=22]       replace_tmax prev=Some(15) new=Some(15)
[TRACE_FWD]   child c=8 coord=111151310-111151395 ntrf=7 childcov=6.0 tchild=Some(15)
[TRACE_FWD]     support_tf=15 first=1 last=15 nodes=9 longstart=111148300 longend=111154714 tf_edge=false tf_sink_edge=false
[FWD_TRACE seed=22]   maxcov_update child=8 childcov=6.0000 prev_maxcov=1.0000 prev_tmax=Some(15) prev_weak=Some(false) cand_tchild=Some(15) cand_weak=Some(false) allow=1
[TRACE_FWD_SINK]   tf=29 first=20 last=22 abundance=1.0000 maxpath=4 i=4 accepted=false
[TRACE_FWD_SINK]   tf=31 first=4 last=22 abundance=1.0000 maxpath=4 i=4 accepted=true
[TRACE_FWD_SINK]   tf=32 first=9 last=22 abundance=1.0000 maxpath=4 i=4 accepted=false
[TRACE_FWD_SINK]   tf=33 first=11 last=22 abundance=1.0000 maxpath=4 i=4 accepted=false
[TRACE_FWD]   child c=22 coord=0-0 ntrf=4 childcov=1.0 tchild=Some(31)
[TRACE_FWD]     support_tf=31 first=4 last=22 nodes=2 longstart=0 longend=0 tf_edge=true tf_sink_edge=true
[TRACE_FWD]   CHOSE child c=8 coord=111151310-111151395 maxcov=6.0 tmax=Some(15)
[TRACE_FWD] enter node i=8 coord=111151310-111151395 minpath=0 maxpath=15 nchildren=1 sink_child=false
[TRACE_FWD]   path_edge child=9 coord=111151979-111152127 edge_bit=true child_bit=true sink=false
[TRACE_FWD]   fast-path: i+1=9 already on pathpat
[TRACE_FWD]   CHOSE child c=9 coord=111151979-111152127 maxcov=0.0 tmax=None
[TRACE_FWD] enter node i=9 coord=111151979-111152127 minpath=0 maxpath=15 nchildren=3 sink_child=true
[TRACE_FWD]   path_edge child=10 coord=111152127-111152550 edge_bit=false child_bit=false sink=false
[TRACE_FWD]   path_edge child=11 coord=111152550-111152646 edge_bit=true child_bit=true sink=false
[TRACE_FWD]   path_edge child=22 coord=0-0 edge_bit=false child_bit=false sink=true
[TRACE_FWD]   edge_bit fast-path: child=11 coord=111152550-111152646
[TRACE_FWD]   CHOSE child c=11 coord=111152550-111152646 maxcov=0.0 tmax=None
[TRACE_FWD] enter node i=11 coord=111152550-111152646 minpath=0 maxpath=15 nchildren=3 sink_child=true
[TRACE_FWD]   path_edge child=12 coord=111152646-111153380 edge_bit=false child_bit=false sink=false
[TRACE_FWD]   path_edge child=13 coord=111153380-111153508 edge_bit=true child_bit=true sink=false
[TRACE_FWD]   path_edge child=22 coord=0-0 edge_bit=false child_bit=false sink=true
[TRACE_FWD]   edge_bit fast-path: child=13 coord=111153380-111153508
[TRACE_FWD]   CHOSE child c=13 coord=111153380-111153508 maxcov=0.0 tmax=None
[TRACE_FWD] enter node i=13 coord=111153380-111153508 minpath=0 maxpath=15 nchildren=2 sink_child=false
[TRACE_FWD]   path_edge child=14 coord=111153508-111153535 edge_bit=false child_bit=false sink=false
[TRACE_FWD]   path_edge child=15 coord=111154667-111154728 edge_bit=true child_bit=true sink=false
[TRACE_FWD]   edge_bit fast-path: child=15 coord=111154667-111154728
[TRACE_FWD]   CHOSE child c=15 coord=111154667-111154728 maxcov=0.0 tmax=None
[TRACE_FWD] enter node i=15 coord=111154667-111154728 minpath=0 maxpath=15 nchildren=1 sink_child=false
[TRACE_FWD]   path_edge child=16 coord=111174047-111174127 edge_bit=false child_bit=false sink=false
[FWD_TRACE seed=22]     trf t=10 abund=1.0 first=1 last=20 weak=1 ACCEPT pattern_pop=24 nodes=[1, 2, 3, 4, 8, 9, 11, 13]
[FWD_TRACE seed=22]       replace_tmax prev=None new=Some(10)
[FWD_TRACE seed=22]     trf t=11 abund=1.0 first=3 last=21 FAIL onpath=false reason=fail:right_gap_unreachable pattern_pop=23 nodes=[3, 4, 8, 9, 11, 12, 13, 15]
[FWD_TRACE seed=22]     trf t=16 abund=1.0 first=1 last=18 weak=0 ACCEPT pattern_pop=17 nodes=[1, 4, 8, 9, 11, 13, 15, 16]
[FWD_TRACE seed=22]       replace_tmax prev=Some(10) new=Some(16)
[FWD_TRACE seed=22]     trf t=19 abund=1.0 first=11 last=17 weak=1 ACCEPT pattern_pop=9 nodes=[11, 13, 15, 16, 17]
[FWD_TRACE seed=22]       replace_tmax prev=Some(16) new=Some(16)
[FWD_TRACE seed=22]     trf t=21 abund=1.0 first=15 last=19 weak=0 ACCEPT pattern_pop=7 nodes=[15, 16, 18, 19]
[FWD_TRACE seed=22]       replace_tmax prev=Some(16) new=Some(16)
[TRACE_FWD]   child c=16 coord=111174047-111174127 ntrf=5 childcov=4.0 tchild=Some(16)
[TRACE_FWD]     support_tf=16 first=1 last=18 nodes=9 longstart=111148299 longend=0 tf_edge=true tf_sink_edge=false
[FWD_TRACE seed=22]   maxcov_update child=16 childcov=4.0000 prev_maxcov=0.0000 prev_tmax=None prev_weak=None cand_tchild=Some(16) cand_weak=Some(false) allow=1
[TRACE_FWD]   CHOSE child c=16 coord=111174047-111174127 maxcov=4.0 tmax=Some(16)
[TRACE_FWD] enter node i=16 coord=111174047-111174127 minpath=0 maxpath=18 nchildren=2 sink_child=false
[TRACE_FWD]   path_edge child=17 coord=111174127-111174337 edge_bit=false child_bit=false sink=false
[TRACE_FWD]   path_edge child=18 coord=111174393-111174426 edge_bit=true child_bit=true sink=false
[TRACE_FWD]   edge_bit fast-path: child=18 coord=111174393-111174426
[TRACE_FWD]   CHOSE child c=18 coord=111174393-111174426 maxcov=0.0 tmax=None
[TRACE_FWD] enter node i=18 coord=111174393-111174426 minpath=0 maxpath=18 nchildren=1 sink_child=false
[TRACE_FWD]   path_edge child=19 coord=111174518-111174642 edge_bit=false child_bit=false sink=false
[FWD_TRACE seed=22]     trf t=10 abund=1.0 first=1 last=20 weak=1 ACCEPT pattern_pop=24 nodes=[1, 2, 3, 4, 8, 9, 11, 13]
[FWD_TRACE seed=22]       replace_tmax prev=None new=Some(10)
[FWD_TRACE seed=22]     trf t=11 abund=1.0 first=3 last=21 FAIL onpath=false reason=fail:right_gap_unreachable pattern_pop=23 nodes=[3, 4, 8, 9, 11, 12, 13, 15]
[FWD_TRACE seed=22]     trf t=21 abund=1.0 first=15 last=19 weak=0 ACCEPT pattern_pop=7 nodes=[15, 16, 18, 19]
[FWD_TRACE seed=22]       replace_tmax prev=Some(10) new=Some(21)
[TRACE_FWD]   child c=19 coord=111174518-111174642 ntrf=4 childcov=2.0 tchild=Some(21)
[TRACE_FWD]     support_tf=21 first=15 last=19 nodes=4 longstart=0 longend=111174567 tf_edge=true tf_sink_edge=false
[FWD_TRACE seed=22]   maxcov_update child=19 childcov=2.0000 prev_maxcov=0.0000 prev_tmax=None prev_weak=None cand_tchild=Some(21) cand_weak=Some(false) allow=1
[TRACE_FWD]   CHOSE child c=19 coord=111174518-111174642 maxcov=2.0 tmax=Some(21)
[TRACE_FWD] enter node i=19 coord=111174518-111174642 minpath=0 maxpath=19 nchildren=2 sink_child=false
[TRACE_FWD]   path_edge child=20 coord=111174642-111174799 edge_bit=false child_bit=false sink=false
[TRACE_FWD]   path_edge child=21 coord=111175478-111175575 edge_bit=false child_bit=false sink=false
[FWD_TRACE seed=22]     trf t=11 abund=1.0 first=3 last=21 FAIL onpath=false reason=fail:right_gap_unreachable pattern_pop=23 nodes=[3, 4, 8, 9, 11, 12, 13, 15]
[FWD_TRACE seed=22]     trf t=24 abund=1.0 first=19 last=21 weak=0 ACCEPT pattern_pop=3 nodes=[19, 21]
[FWD_TRACE seed=22]       replace_tmax prev=None new=Some(24)
[TRACE_FWD]   child c=21 coord=111175478-111175575 ntrf=2 childcov=1.0 tchild=Some(24)
[TRACE_FWD]     support_tf=24 first=19 last=21 nodes=2 longstart=0 longend=111175558 tf_edge=true tf_sink_edge=false
[FWD_TRACE seed=22]   maxcov_update child=21 childcov=1.0000 prev_maxcov=0.0000 prev_tmax=None prev_weak=None cand_tchild=Some(24) cand_weak=Some(false) allow=1
[TRACE_FWD]   CHOSE child c=21 coord=111175478-111175575 maxcov=1.0 tmax=Some(24)
[TRACE_FWD] enter node i=21 coord=111175478-111175575 minpath=0 maxpath=21 nchildren=1 sink_child=true
[TRACE_FWD]   path_edge child=22 coord=0-0 edge_bit=false child_bit=false sink=true
[ONPATH_SINK_PENULT] penultimate=20 penult_coord=111174642-111174799 maxp=21 maxp_coord=111175478-111175575 contig=false
[TRACE_FWD_SINK_DBG] tf=29 !exact=true req_long=true first<i=true maxp<=i=true last>=c=true onpath_reason=fail:sink_edge_wrong_penultimate
[TRACE_FWD_SINK]   tf=29 first=20 last=22 abundance=1.0000 maxpath=21 i=21 accepted=false
[ONPATH_SINK_PENULT] penultimate=4 penult_coord=111150431-111150559 maxp=21 maxp_coord=111175478-111175575 contig=false
[TRACE_FWD_SINK_DBG] tf=31 !exact=true req_long=true first<i=true maxp<=i=true last>=c=true onpath_reason=fail:sink_edge_wrong_penultimate
[TRACE_FWD_SINK]   tf=31 first=4 last=22 abundance=1.0000 maxpath=21 i=21 accepted=false
[ONPATH_SINK_PENULT] penultimate=9 penult_coord=111151979-111152127 maxp=21 maxp_coord=111175478-111175575 contig=false
[TRACE_FWD_SINK_DBG] tf=32 !exact=true req_long=true first<i=true maxp<=i=true last>=c=true onpath_reason=fail:sink_edge_wrong_penultimate
[TRACE_FWD_SINK]   tf=32 first=9 last=22 abundance=1.0000 maxpath=21 i=21 accepted=false
[ONPATH_SINK_PENULT] penultimate=11 penult_coord=111152550-111152646 maxp=21 maxp_coord=111175478-111175575 contig=false
[TRACE_FWD_SINK_DBG] tf=33 !exact=true req_long=true first<i=true maxp<=i=true last>=c=true onpath_reason=fail:sink_edge_wrong_penultimate
[TRACE_FWD_SINK]   tf=33 first=11 last=22 abundance=1.0000 maxpath=21 i=21 accepted=false
[TRACE_FWD]   child c=22 coord=0-0 ntrf=4 childcov=0.0 tchild=None
--- parse_trflong: fwd_to_sink t=22 result=FAIL path_len=13 path: 0(0-0) 1(111148296-111149065) 2(111149065-111149171) 4(111150431-111150559) 8(111151310-111151395) 9(111151979-111152127) 11(111152550-111152646) 13(111153380-111153508) 15(111154667-111154728) 16(111174047-111174127) 18(111174393-111174426) 19(111174518-111174642) 21(111175478-111175575)
[TRACE_LONGREC_FAIL] idx=22 back_ok=true fwd_ok=false seed_minp=1 (111148296-111149065) seed_maxp=4 (111150431-111150559) cur_minp=0 (0-0) cur_maxp=21 (111175478-111175575) path_len=13 path=0:0-0 1:111148296-111149065 2:111149065-111149171 4:111150431-111150559 8:111151310-111151395 9:111151979-111152127 11:111152550-111152646 13:111153380-111153508 15:111154667-111154728 16:111174047-111174127 18:111174393-111174426 19:111174518-111174642 21:111175478-111175575 diag={back_unreachable_minpath:0 back_no_reach:0 back_no_choice:0 back_exclude_no_support:0 fwd_unreachable_maxpath:0 fwd_no_reach:0 fwd_no_choice:1 fwd_exclude_no_support:0}
[TRACE_PAT] stage=longrec.fail.seed_max idx=22 pivot=4 coord=111150431-111150559 node_bit=true pop=31 nchildren=4
[TRACE_PAT]   child=5 coord=111150559-111150675 edge_bit=false child_bit=false sink=false
[TRACE_PAT]   child=6 coord=111150675-111150706 edge_bit=true child_bit=true sink=false
[TRACE_PAT]   child=8 coord=111151310-111151395 edge_bit=true child_bit=true sink=false
[TRACE_PAT]   child=22 coord=0-0 edge_bit=false child_bit=false sink=true
[TRACE_PAT] stage=longrec.fail.cur_max idx=22 pivot=21 coord=111175478-111175575 node_bit=true pop=31 nchildren=1
[TRACE_PAT]   child=22 coord=0-0 edge_bit=false child_bit=false sink=true
[TRACE_LOCUS] idx=22 abund=1.0 LONGREC_FAIL → checktrf span=111148296-111150559
[TRACE_CHECKTRF_ADD] t=22 reason=longrec_fail saved_abund=1.0000 abund=1.0000 guide=false longstart=111148300 longend=0 back=1 fwd=0 flux=- cov=- tocheck=- tf_nodes=3 tf_coords=1(111148296-111149065) 2(111149065-111149171) 4(111150431-111150559) path_nodes=0 path_coords=
[TRACE_EARLY] idx=15 abund=1.0 nodes=9 seed=true weak=0 skip=pass span=111148296-111154728
[TRACE_PAT] stage=seed.raw idx=15 pivot=15 coord=111154667-111154728 node_bit=true pop=17 nchildren=1
[TRACE_PAT]   child=16 coord=111174047-111174127 edge_bit=false child_bit=false sink=false
[TRACE_PAT] stage=seed.after_nodes idx=15 pivot=15 coord=111154667-111154728 node_bit=true pop=17 nchildren=1
[TRACE_PAT]   child=16 coord=111174047-111174127 edge_bit=false child_bit=false sink=false
[TRACE_PAT] stage=seed.after_endcaps idx=15 pivot=15 coord=111154667-111154728 node_bit=true pop=17 nchildren=1
[TRACE_PAT]   child=16 coord=111174047-111174127 edge_bit=false child_bit=false sink=false
[TRACE_SEED] idx=15 abund=1.0 nnodes=9 minp=1 (111148296-111149065) maxp=15 (111154667-111154728) patpop=17
[BACK_TRACE seed=15] enter node i=1 coord=111148296-111149065 minpath=1 maxpath=15 nparents=1 path_len=1
[TRACE_BACK_SOURCE]   tf=25 first=0 last=1 abundance=19.0000 minpath=1 exact=true pure_stub=true alt_parent_cov=0.0000 accepted=true
[TRACE_BACK]   parent p=0 coord=0-0 ntrf=1 depleted=0 skip_notlong=0 parentcov=19.0 tpar=Some(25)
[BACK_TRACE seed=15]   maxcov_update parent=0 parentcov=19.0000 prev_maxcov=0.0000 prev_tmax=None prev_weak=None cand_tpar=Some(25) cand_weak=Some(false) allow=1
[TRACE_BACK]   CHOSE parent p=0 coord=0-0 maxcov=19.0 tmax=Some(25)
[TRACE_BACK]   PATHPAT_OR via tmax=25 abund=19.0000 first=0 last=1 nodes=0(0-0) 1(111148296-111149065)
--- parse_trflong: back_to_source t=15 result=OK path_len=1 path: 1(111148296-111149065)
[TRACE_FWD] enter node i=1 coord=111148296-111149065 minpath=0 maxpath=15 nchildren=2 sink_child=false
[TRACE_FWD]   path_edge child=2 coord=111149065-111149171 edge_bit=false child_bit=false sink=false
[TRACE_FWD]   path_edge child=4 coord=111150431-111150559 edge_bit=true child_bit=true sink=false
[TRACE_FWD]   seed-guided child=4 coord=111150431-111150559 guided=1
[TRACE_FWD]   CHOSE child c=4 coord=111150431-111150559 maxcov=0.0 tmax=None
[TRACE_FWD] enter node i=4 coord=111150431-111150559 minpath=0 maxpath=15 nchildren=4 sink_child=true
[TRACE_FWD]   path_edge child=5 coord=111150559-111150675 edge_bit=false child_bit=false sink=false
[TRACE_FWD]   path_edge child=6 coord=111150675-111150706 edge_bit=true child_bit=true sink=false
[TRACE_FWD]   path_edge child=8 coord=111151310-111151395 edge_bit=false child_bit=true sink=false
[TRACE_FWD]   path_edge child=22 coord=0-0 edge_bit=false child_bit=false sink=true
[TRACE_FWD]   seed-guided child=6 coord=111150675-111150706 guided=1
[TRACE_FWD]   CHOSE child c=6 coord=111150675-111150706 maxcov=0.0 tmax=None
[TRACE_FWD] enter node i=6 coord=111150675-111150706 minpath=0 maxpath=15 nchildren=2 sink_child=false
[TRACE_FWD]   path_edge child=7 coord=111150706-111150804 edge_bit=true child_bit=true sink=false
[TRACE_FWD]   path_edge child=8 coord=111151310-111151395 edge_bit=false child_bit=true sink=false
[TRACE_FWD]   fast-path: i+1=7 already on pathpat
[TRACE_FWD]   CHOSE child c=7 coord=111150706-111150804 maxcov=0.0 tmax=None
[TRACE_FWD] enter node i=7 coord=111150706-111150804 minpath=0 maxpath=15 nchildren=1 sink_child=false
[TRACE_FWD]   path_edge child=8 coord=111151310-111151395 edge_bit=true child_bit=true sink=false
[TRACE_FWD]   fast-path: i+1=8 already on pathpat
[TRACE_FWD]   CHOSE child c=8 coord=111151310-111151395 maxcov=0.0 tmax=None
[TRACE_FWD] enter node i=8 coord=111151310-111151395 minpath=0 maxpath=15 nchildren=1 sink_child=false
[TRACE_FWD]   path_edge child=9 coord=111151979-111152127 edge_bit=true child_bit=true sink=false
[TRACE_FWD]   fast-path: i+1=9 already on pathpat
[TRACE_FWD]   CHOSE child c=9 coord=111151979-111152127 maxcov=0.0 tmax=None
[TRACE_FWD] enter node i=9 coord=111151979-111152127 minpath=0 maxpath=15 nchildren=3 sink_child=true
[TRACE_FWD]   path_edge child=10 coord=111152127-111152550 edge_bit=false child_bit=false sink=false
[TRACE_FWD]   path_edge child=11 coord=111152550-111152646 edge_bit=true child_bit=true sink=false
[TRACE_FWD]   path_edge child=22 coord=0-0 edge_bit=false child_bit=false sink=true
[TRACE_FWD]   seed-guided child=11 coord=111152550-111152646 guided=1
[TRACE_FWD]   CHOSE child c=11 coord=111152550-111152646 maxcov=0.0 tmax=None
[TRACE_FWD] enter node i=11 coord=111152550-111152646 minpath=0 maxpath=15 nchildren=3 sink_child=true
[TRACE_FWD]   path_edge child=12 coord=111152646-111153380 edge_bit=false child_bit=false sink=false
[TRACE_FWD]   path_edge child=13 coord=111153380-111153508 edge_bit=true child_bit=true sink=false
[TRACE_FWD]   path_edge child=22 coord=0-0 edge_bit=false child_bit=false sink=true
[TRACE_FWD]   seed-guided child=13 coord=111153380-111153508 guided=1
[TRACE_FWD]   CHOSE child c=13 coord=111153380-111153508 maxcov=0.0 tmax=None
[TRACE_FWD] enter node i=13 coord=111153380-111153508 minpath=0 maxpath=15 nchildren=2 sink_child=false
[TRACE_FWD]   path_edge child=14 coord=111153508-111153535 edge_bit=false child_bit=false sink=false
[TRACE_FWD]   path_edge child=15 coord=111154667-111154728 edge_bit=true child_bit=true sink=false
[TRACE_FWD]   seed-guided child=15 coord=111154667-111154728 guided=1
[TRACE_FWD]   CHOSE child c=15 coord=111154667-111154728 maxcov=0.0 tmax=None
[TRACE_FWD] enter node i=15 coord=111154667-111154728 minpath=0 maxpath=15 nchildren=1 sink_child=false
[TRACE_FWD]   path_edge child=16 coord=111174047-111174127 edge_bit=false child_bit=false sink=false
[FWD_HARDEND_GUARD seed=15] skip at i=15 (seed_last_real but not minority_fork, gap=14)
[FWD_TRACE seed=15]     trf t=10 abund=1.0 first=1 last=20 weak=1 ACCEPT pattern_pop=24 nodes=[1, 2, 3, 4, 8, 9, 11, 13]
[FWD_TRACE seed=15]       replace_tmax prev=None new=Some(10)
[FWD_TRACE seed=15]     trf t=11 abund=1.0 first=3 last=21 FAIL onpath=false reason=fail:right_gap_unreachable pattern_pop=23 nodes=[3, 4, 8, 9, 11, 12, 13, 15]
[FWD_TRACE seed=15]     trf t=16 abund=1.0 first=1 last=18 weak=0 ACCEPT pattern_pop=17 nodes=[1, 4, 8, 9, 11, 13, 15, 16]
[FWD_TRACE seed=15]       replace_tmax prev=Some(10) new=Some(16)
[FWD_TRACE seed=15]     trf t=19 abund=1.0 first=11 last=17 weak=1 ACCEPT pattern_pop=9 nodes=[11, 13, 15, 16, 17]
[FWD_TRACE seed=15]       replace_tmax prev=Some(16) new=Some(16)
[FWD_TRACE seed=15]     trf t=21 abund=1.0 first=15 last=19 weak=0 ACCEPT pattern_pop=7 nodes=[15, 16, 18, 19]
[FWD_TRACE seed=15]       replace_tmax prev=Some(16) new=Some(16)
[TRACE_FWD]   child c=16 coord=111174047-111174127 ntrf=5 childcov=4.0 tchild=Some(16)
[TRACE_FWD]     support_tf=16 first=1 last=18 nodes=9 longstart=111148299 longend=0 tf_edge=true tf_sink_edge=false
[FWD_TRACE seed=15]   maxcov_update child=16 childcov=4.0000 prev_maxcov=0.0000 prev_tmax=None prev_weak=None cand_tchild=Some(16) cand_weak=Some(false) allow=1
[TRACE_FWD]   CHOSE child c=16 coord=111174047-111174127 maxcov=4.0 tmax=Some(16)
[TRACE_FWD] enter node i=16 coord=111174047-111174127 minpath=0 maxpath=18 nchildren=2 sink_child=false
[TRACE_FWD]   path_edge child=17 coord=111174127-111174337 edge_bit=false child_bit=false sink=false
[TRACE_FWD]   path_edge child=18 coord=111174393-111174426 edge_bit=true child_bit=true sink=false
[TRACE_FWD]   edge_bit fast-path: child=18 coord=111174393-111174426
[TRACE_FWD]   CHOSE child c=18 coord=111174393-111174426 maxcov=0.0 tmax=None
[TRACE_FWD] enter node i=18 coord=111174393-111174426 minpath=0 maxpath=18 nchildren=1 sink_child=false
[TRACE_FWD]   path_edge child=19 coord=111174518-111174642 edge_bit=false child_bit=false sink=false
[FWD_TRACE seed=15]     trf t=10 abund=1.0 first=1 last=20 weak=1 ACCEPT pattern_pop=24 nodes=[1, 2, 3, 4, 8, 9, 11, 13]
[FWD_TRACE seed=15]       replace_tmax prev=None new=Some(10)
[FWD_TRACE seed=15]     trf t=11 abund=1.0 first=3 last=21 FAIL onpath=false reason=fail:right_gap_unreachable pattern_pop=23 nodes=[3, 4, 8, 9, 11, 12, 13, 15]
[FWD_TRACE seed=15]     trf t=21 abund=1.0 first=15 last=19 weak=0 ACCEPT pattern_pop=7 nodes=[15, 16, 18, 19]
[FWD_TRACE seed=15]       replace_tmax prev=Some(10) new=Some(21)
[TRACE_FWD]   child c=19 coord=111174518-111174642 ntrf=4 childcov=2.0 tchild=Some(21)
[TRACE_FWD]     support_tf=21 first=15 last=19 nodes=4 longstart=0 longend=111174567 tf_edge=true tf_sink_edge=false
[FWD_TRACE seed=15]   maxcov_update child=19 childcov=2.0000 prev_maxcov=0.0000 prev_tmax=None prev_weak=None cand_tchild=Some(21) cand_weak=Some(false) allow=1
[TRACE_FWD]   CHOSE child c=19 coord=111174518-111174642 maxcov=2.0 tmax=Some(21)
[TRACE_FWD] enter node i=19 coord=111174518-111174642 minpath=0 maxpath=19 nchildren=2 sink_child=false
[TRACE_FWD]   path_edge child=20 coord=111174642-111174799 edge_bit=false child_bit=false sink=false
[TRACE_FWD]   path_edge child=21 coord=111175478-111175575 edge_bit=false child_bit=false sink=false
[FWD_TRACE seed=15]     trf t=11 abund=1.0 first=3 last=21 FAIL onpath=false reason=fail:right_gap_unreachable pattern_pop=23 nodes=[3, 4, 8, 9, 11, 12, 13, 15]
[FWD_TRACE seed=15]     trf t=24 abund=1.0 first=19 last=21 weak=0 ACCEPT pattern_pop=3 nodes=[19, 21]
[FWD_TRACE seed=15]       replace_tmax prev=None new=Some(24)
[TRACE_FWD]   child c=21 coord=111175478-111175575 ntrf=2 childcov=1.0 tchild=Some(24)
[TRACE_FWD]     support_tf=24 first=19 last=21 nodes=2 longstart=0 longend=111175558 tf_edge=true tf_sink_edge=false
[FWD_TRACE seed=15]   maxcov_update child=21 childcov=1.0000 prev_maxcov=0.0000 prev_tmax=None prev_weak=None cand_tchild=Some(24) cand_weak=Some(false) allow=1
[TRACE_FWD]   CHOSE child c=21 coord=111175478-111175575 maxcov=1.0 tmax=Some(24)
[TRACE_FWD] enter node i=21 coord=111175478-111175575 minpath=0 maxpath=21 nchildren=1 sink_child=true
[TRACE_FWD]   path_edge child=22 coord=0-0 edge_bit=false child_bit=false sink=true
[ONPATH_SINK_PENULT] penultimate=20 penult_coord=111174642-111174799 maxp=21 maxp_coord=111175478-111175575 contig=false
[TRACE_FWD_SINK_DBG] tf=29 !exact=true req_long=true first<i=true maxp<=i=true last>=c=true onpath_reason=fail:sink_edge_wrong_penultimate
[TRACE_FWD_SINK]   tf=29 first=20 last=22 abundance=1.0000 maxpath=21 i=21 accepted=false
[ONPATH_SINK_PENULT] penultimate=4 penult_coord=111150431-111150559 maxp=21 maxp_coord=111175478-111175575 contig=false
[TRACE_FWD_SINK_DBG] tf=31 !exact=true req_long=true first<i=true maxp<=i=true last>=c=true onpath_reason=fail:sink_edge_wrong_penultimate
[TRACE_FWD_SINK]   tf=31 first=4 last=22 abundance=1.0000 maxpath=21 i=21 accepted=false
[ONPATH_SINK_PENULT] penultimate=9 penult_coord=111151979-111152127 maxp=21 maxp_coord=111175478-111175575 contig=false
[TRACE_FWD_SINK_DBG] tf=32 !exact=true req_long=true first<i=true maxp<=i=true last>=c=true onpath_reason=fail:sink_edge_wrong_penultimate
[TRACE_FWD_SINK]   tf=32 first=9 last=22 abundance=1.0000 maxpath=21 i=21 accepted=false
[ONPATH_SINK_PENULT] penultimate=11 penult_coord=111152550-111152646 maxp=21 maxp_coord=111175478-111175575 contig=false
[TRACE_FWD_SINK_DBG] tf=33 !exact=true req_long=true first<i=true maxp<=i=true last>=c=true onpath_reason=fail:sink_edge_wrong_penultimate
[TRACE_FWD_SINK]   tf=33 first=11 last=22 abundance=1.0000 maxpath=21 i=21 accepted=false
[TRACE_FWD]   child c=22 coord=0-0 ntrf=4 childcov=0.0 tchild=None
--- parse_trflong: fwd_to_sink t=15 result=FAIL path_len=14 path: 0(0-0) 1(111148296-111149065) 4(111150431-111150559) 6(111150675-111150706) 7(111150706-111150804) 8(111151310-111151395) 9(111151979-111152127) 11(111152550-111152646) 13(111153380-111153508) 15(111154667-111154728) 16(111174047-111174127) 18(111174393-111174426) 19(111174518-111174642) 21(111175478-111175575)
[TRACE_LONGREC_FAIL] idx=15 back_ok=true fwd_ok=false seed_minp=1 (111148296-111149065) seed_maxp=15 (111154667-111154728) cur_minp=0 (0-0) cur_maxp=21 (111175478-111175575) path_len=14 path=0:0-0 1:111148296-111149065 4:111150431-111150559 6:111150675-111150706 7:111150706-111150804 8:111151310-111151395 9:111151979-111152127 11:111152550-111152646 13:111153380-111153508 15:111154667-111154728 16:111174047-111174127 18:111174393-111174426 19:111174518-111174642 21:111175478-111175575 diag={back_unreachable_minpath:0 back_no_reach:0 back_no_choice:0 back_exclude_no_support:0 fwd_unreachable_maxpath:0 fwd_no_reach:0 fwd_no_choice:1 fwd_exclude_no_support:0}
[TRACE_PAT] stage=longrec.fail.seed_max idx=15 pivot=15 coord=111154667-111154728 node_bit=true pop=28 nchildren=1
[TRACE_PAT]   child=16 coord=111174047-111174127 edge_bit=true child_bit=true sink=false
[TRACE_PAT] stage=longrec.fail.cur_max idx=15 pivot=21 coord=111175478-111175575 node_bit=true pop=28 nchildren=1
[TRACE_PAT]   child=22 coord=0-0 edge_bit=false child_bit=false sink=true
[TRACE_LOCUS] idx=15 abund=1.0 LONGREC_FAIL → checktrf span=111148296-111154728
[TRACE_CHECKTRF_ADD] t=15 reason=longrec_fail saved_abund=1.0000 abund=1.0000 guide=false longstart=111148300 longend=111154714 back=1 fwd=0 flux=- cov=- tocheck=- tf_nodes=9 tf_coords=1(111148296-111149065) 4(111150431-111150559) 6(111150675-111150706) 7(111150706-111150804) 8(111151310-111151395) 9(111151979-111152127) 11(111152550-111152646) 13(111153380-111153508) 15(111154667-111154728) path_nodes=0 path_coords=
[TRACE_EARLY] idx=18 abund=1.0 nodes=7 seed=true weak=0 skip=pass span=111148296-111153508
[TRACE_PAT] stage=seed.raw idx=18 pivot=13 coord=111153380-111153508 node_bit=true pop=13 nchildren=2
[TRACE_PAT]   child=14 coord=111153508-111153535 edge_bit=false child_bit=false sink=false
[TRACE_PAT]   child=15 coord=111154667-111154728 edge_bit=false child_bit=false sink=false
[TRACE_PAT] stage=seed.after_nodes idx=18 pivot=13 coord=111153380-111153508 node_bit=true pop=13 nchildren=2
[TRACE_PAT]   child=14 coord=111153508-111153535 edge_bit=false child_bit=false sink=false
[TRACE_PAT]   child=15 coord=111154667-111154728 edge_bit=false child_bit=false sink=false
[TRACE_PAT] stage=seed.after_endcaps idx=18 pivot=13 coord=111153380-111153508 node_bit=true pop=13 nchildren=2
[TRACE_PAT]   child=14 coord=111153508-111153535 edge_bit=false child_bit=false sink=false
[TRACE_PAT]   child=15 coord=111154667-111154728 edge_bit=false child_bit=false sink=false
[TRACE_SEED] idx=18 abund=1.0 nnodes=7 minp=1 (111148296-111149065) maxp=13 (111153380-111153508) patpop=13
[BACK_TRACE seed=18] enter node i=1 coord=111148296-111149065 minpath=1 maxpath=13 nparents=1 path_len=1
[TRACE_BACK_SOURCE]   tf=25 first=0 last=1 abundance=19.0000 minpath=1 exact=true pure_stub=true alt_parent_cov=0.0000 accepted=true
[TRACE_BACK]   parent p=0 coord=0-0 ntrf=1 depleted=0 skip_notlong=0 parentcov=19.0 tpar=Some(25)
[BACK_TRACE seed=18]   maxcov_update parent=0 parentcov=19.0000 prev_maxcov=0.0000 prev_tmax=None prev_weak=None cand_tpar=Some(25) cand_weak=Some(false) allow=1
[TRACE_BACK]   CHOSE parent p=0 coord=0-0 maxcov=19.0 tmax=Some(25)
[TRACE_BACK]   PATHPAT_OR via tmax=25 abund=19.0000 first=0 last=1 nodes=0(0-0) 1(111148296-111149065)
--- parse_trflong: back_to_source t=18 result=OK path_len=1 path: 1(111148296-111149065)
[TRACE_FWD] enter node i=1 coord=111148296-111149065 minpath=0 maxpath=13 nchildren=2 sink_child=false
[TRACE_FWD]   path_edge child=2 coord=111149065-111149171 edge_bit=false child_bit=false sink=false
[TRACE_FWD]   path_edge child=4 coord=111150431-111150559 edge_bit=true child_bit=true sink=false
[TRACE_FWD]   seed-guided child=4 coord=111150431-111150559 guided=1
[TRACE_FWD]   CHOSE child c=4 coord=111150431-111150559 maxcov=0.0 tmax=None
[TRACE_FWD] enter node i=4 coord=111150431-111150559 minpath=0 maxpath=13 nchildren=4 sink_child=true
[TRACE_FWD]   path_edge child=5 coord=111150559-111150675 edge_bit=false child_bit=false sink=false
[TRACE_FWD]   path_edge child=6 coord=111150675-111150706 edge_bit=false child_bit=false sink=false
[TRACE_FWD]   path_edge child=8 coord=111151310-111151395 edge_bit=true child_bit=true sink=false
[TRACE_FWD]   path_edge child=22 coord=0-0 edge_bit=false child_bit=false sink=true
[TRACE_FWD]   seed-guided child=8 coord=111151310-111151395 guided=1
[TRACE_FWD]   CHOSE child c=8 coord=111151310-111151395 maxcov=0.0 tmax=None
[TRACE_FWD] enter node i=8 coord=111151310-111151395 minpath=0 maxpath=13 nchildren=1 sink_child=false
[TRACE_FWD]   path_edge child=9 coord=111151979-111152127 edge_bit=true child_bit=true sink=false
[TRACE_FWD]   fast-path: i+1=9 already on pathpat
[TRACE_FWD]   CHOSE child c=9 coord=111151979-111152127 maxcov=0.0 tmax=None
[TRACE_FWD] enter node i=9 coord=111151979-111152127 minpath=0 maxpath=13 nchildren=3 sink_child=true
[TRACE_FWD]   path_edge child=10 coord=111152127-111152550 edge_bit=false child_bit=false sink=false
[TRACE_FWD]   path_edge child=11 coord=111152550-111152646 edge_bit=true child_bit=true sink=false
[TRACE_FWD]   path_edge child=22 coord=0-0 edge_bit=false child_bit=false sink=true
[TRACE_FWD]   seed-guided child=11 coord=111152550-111152646 guided=1
[TRACE_FWD]   CHOSE child c=11 coord=111152550-111152646 maxcov=0.0 tmax=None
[TRACE_FWD] enter node i=11 coord=111152550-111152646 minpath=0 maxpath=13 nchildren=3 sink_child=true
[TRACE_FWD]   path_edge child=12 coord=111152646-111153380 edge_bit=true child_bit=true sink=false
[TRACE_FWD]   path_edge child=13 coord=111153380-111153508 edge_bit=false child_bit=true sink=false
[TRACE_FWD]   path_edge child=22 coord=0-0 edge_bit=false child_bit=false sink=true
[TRACE_FWD]   fast-path: i+1=12 already on pathpat
[TRACE_FWD]   CHOSE child c=12 coord=111152646-111153380 maxcov=0.0 tmax=None
[TRACE_FWD] enter node i=12 coord=111152646-111153380 minpath=0 maxpath=13 nchildren=1 sink_child=false
[TRACE_FWD]   path_edge child=13 coord=111153380-111153508 edge_bit=true child_bit=true sink=false
[TRACE_FWD]   fast-path: i+1=13 already on pathpat
[TRACE_FWD]   CHOSE child c=13 coord=111153380-111153508 maxcov=0.0 tmax=None
[TRACE_FWD] enter node i=13 coord=111153380-111153508 minpath=0 maxpath=13 nchildren=2 sink_child=false
[TRACE_FWD]   path_edge child=14 coord=111153508-111153535 edge_bit=false child_bit=false sink=false
[TRACE_FWD]   path_edge child=15 coord=111154667-111154728 edge_bit=false child_bit=false sink=false
[FWD_HARDEND_GUARD seed=18] skip at i=13 (gap=115 > MAX_LONGEND_GAP 100)
[FWD_TRACE seed=18]     trf t=10 abund=1.0 first=1 last=20 weak=1 ACCEPT pattern_pop=24 nodes=[1, 2, 3, 4, 8, 9, 11, 13]
[FWD_TRACE seed=18]       replace_tmax prev=None new=Some(10)
[FWD_TRACE seed=18]     trf t=11 abund=1.0 first=3 last=21 FAIL onpath=false reason=fail:right_gap_unreachable pattern_pop=23 nodes=[3, 4, 8, 9, 11, 12, 13, 15]
[FWD_TRACE seed=18]     trf t=15 abund=1.0 first=1 last=15 weak=0 ACCEPT pattern_pop=17 nodes=[1, 4, 6, 7, 8, 9, 11, 13]
[FWD_TRACE seed=18]       replace_tmax prev=Some(10) new=Some(15)
[FWD_TRACE seed=18]     trf t=16 abund=1.0 first=1 last=18 weak=0 ACCEPT pattern_pop=17 nodes=[1, 4, 8, 9, 11, 13, 15, 16]
[FWD_TRACE seed=18]       replace_tmax prev=Some(15) new=Some(15)
[FWD_TRACE seed=18]     trf t=19 abund=1.0 first=11 last=17 weak=1 ACCEPT pattern_pop=9 nodes=[11, 13, 15, 16, 17]
[FWD_TRACE seed=18]       replace_tmax prev=Some(15) new=Some(15)
[TRACE_FWD]   child c=15 coord=111154667-111154728 ntrf=6 childcov=4.0 tchild=Some(15)
[TRACE_FWD]     support_tf=15 first=1 last=15 nodes=9 longstart=111148300 longend=111154714 tf_edge=true tf_sink_edge=false
[FWD_TRACE seed=18]   maxcov_update child=15 childcov=4.0000 prev_maxcov=0.0000 prev_tmax=None prev_weak=None cand_tchild=Some(15) cand_weak=Some(false) allow=1
[TRACE_FWD]   CHOSE child c=15 coord=111154667-111154728 maxcov=4.0 tmax=Some(15)
[TRACE_FWD] enter node i=15 coord=111154667-111154728 minpath=0 maxpath=15 nchildren=1 sink_child=false
[TRACE_FWD]   path_edge child=16 coord=111174047-111174127 edge_bit=false child_bit=false sink=false
[FWD_TRACE seed=18]     trf t=10 abund=1.0 first=1 last=20 weak=1 ACCEPT pattern_pop=24 nodes=[1, 2, 3, 4, 8, 9, 11, 13]
[FWD_TRACE seed=18]       replace_tmax prev=None new=Some(10)
[FWD_TRACE seed=18]     trf t=11 abund=1.0 first=3 last=21 FAIL onpath=false reason=fail:right_gap_unreachable pattern_pop=23 nodes=[3, 4, 8, 9, 11, 12, 13, 15]
[FWD_TRACE seed=18]     trf t=16 abund=1.0 first=1 last=18 weak=0 ACCEPT pattern_pop=17 nodes=[1, 4, 8, 9, 11, 13, 15, 16]
[FWD_TRACE seed=18]       replace_tmax prev=Some(10) new=Some(16)
[FWD_TRACE seed=18]     trf t=19 abund=1.0 first=11 last=17 weak=1 ACCEPT pattern_pop=9 nodes=[11, 13, 15, 16, 17]
[FWD_TRACE seed=18]       replace_tmax prev=Some(16) new=Some(16)
[FWD_TRACE seed=18]     trf t=21 abund=1.0 first=15 last=19 weak=0 ACCEPT pattern_pop=7 nodes=[15, 16, 18, 19]
[FWD_TRACE seed=18]       replace_tmax prev=Some(16) new=Some(16)
[TRACE_FWD]   child c=16 coord=111174047-111174127 ntrf=5 childcov=4.0 tchild=Some(16)
[TRACE_FWD]     support_tf=16 first=1 last=18 nodes=9 longstart=111148299 longend=0 tf_edge=true tf_sink_edge=false
[FWD_TRACE seed=18]   maxcov_update child=16 childcov=4.0000 prev_maxcov=0.0000 prev_tmax=None prev_weak=None cand_tchild=Some(16) cand_weak=Some(false) allow=1
[TRACE_FWD]   CHOSE child c=16 coord=111174047-111174127 maxcov=4.0 tmax=Some(16)
[TRACE_FWD] enter node i=16 coord=111174047-111174127 minpath=0 maxpath=18 nchildren=2 sink_child=false
[TRACE_FWD]   path_edge child=17 coord=111174127-111174337 edge_bit=false child_bit=false sink=false
[TRACE_FWD]   path_edge child=18 coord=111174393-111174426 edge_bit=true child_bit=true sink=false
[TRACE_FWD]   edge_bit fast-path: child=18 coord=111174393-111174426
[TRACE_FWD]   CHOSE child c=18 coord=111174393-111174426 maxcov=0.0 tmax=None
[TRACE_FWD] enter node i=18 coord=111174393-111174426 minpath=0 maxpath=18 nchildren=1 sink_child=false
[TRACE_FWD]   path_edge child=19 coord=111174518-111174642 edge_bit=false child_bit=false sink=false
[FWD_TRACE seed=18]     trf t=10 abund=1.0 first=1 last=20 weak=1 ACCEPT pattern_pop=24 nodes=[1, 2, 3, 4, 8, 9, 11, 13]
[FWD_TRACE seed=18]       replace_tmax prev=None new=Some(10)
[FWD_TRACE seed=18]     trf t=11 abund=1.0 first=3 last=21 FAIL onpath=false reason=fail:right_gap_unreachable pattern_pop=23 nodes=[3, 4, 8, 9, 11, 12, 13, 15]
[FWD_TRACE seed=18]     trf t=21 abund=1.0 first=15 last=19 weak=0 ACCEPT pattern_pop=7 nodes=[15, 16, 18, 19]
[FWD_TRACE seed=18]       replace_tmax prev=Some(10) new=Some(21)
[TRACE_FWD]   child c=19 coord=111174518-111174642 ntrf=4 childcov=2.0 tchild=Some(21)
[TRACE_FWD]     support_tf=21 first=15 last=19 nodes=4 longstart=0 longend=111174567 tf_edge=true tf_sink_edge=false
[FWD_TRACE seed=18]   maxcov_update child=19 childcov=2.0000 prev_maxcov=0.0000 prev_tmax=None prev_weak=None cand_tchild=Some(21) cand_weak=Some(false) allow=1
[TRACE_FWD]   CHOSE child c=19 coord=111174518-111174642 maxcov=2.0 tmax=Some(21)
[TRACE_FWD] enter node i=19 coord=111174518-111174642 minpath=0 maxpath=19 nchildren=2 sink_child=false
[TRACE_FWD]   path_edge child=20 coord=111174642-111174799 edge_bit=false child_bit=false sink=false
[TRACE_FWD]   path_edge child=21 coord=111175478-111175575 edge_bit=false child_bit=false sink=false
[FWD_TRACE seed=18]     trf t=11 abund=1.0 first=3 last=21 FAIL onpath=false reason=fail:right_gap_unreachable pattern_pop=23 nodes=[3, 4, 8, 9, 11, 12, 13, 15]
[FWD_TRACE seed=18]     trf t=24 abund=1.0 first=19 last=21 weak=0 ACCEPT pattern_pop=3 nodes=[19, 21]
[FWD_TRACE seed=18]       replace_tmax prev=None new=Some(24)
[TRACE_FWD]   child c=21 coord=111175478-111175575 ntrf=2 childcov=1.0 tchild=Some(24)
[TRACE_FWD]     support_tf=24 first=19 last=21 nodes=2 longstart=0 longend=111175558 tf_edge=true tf_sink_edge=false
[FWD_TRACE seed=18]   maxcov_update child=21 childcov=1.0000 prev_maxcov=0.0000 prev_tmax=None prev_weak=None cand_tchild=Some(24) cand_weak=Some(false) allow=1
[TRACE_FWD]   CHOSE child c=21 coord=111175478-111175575 maxcov=1.0 tmax=Some(24)
[TRACE_FWD] enter node i=21 coord=111175478-111175575 minpath=0 maxpath=21 nchildren=1 sink_child=true
[TRACE_FWD]   path_edge child=22 coord=0-0 edge_bit=false child_bit=false sink=true
[ONPATH_SINK_PENULT] penultimate=20 penult_coord=111174642-111174799 maxp=21 maxp_coord=111175478-111175575 contig=false
[TRACE_FWD_SINK_DBG] tf=29 !exact=true req_long=true first<i=true maxp<=i=true last>=c=true onpath_reason=fail:sink_edge_wrong_penultimate
[TRACE_FWD_SINK]   tf=29 first=20 last=22 abundance=1.0000 maxpath=21 i=21 accepted=false
[ONPATH_SINK_PENULT] penultimate=4 penult_coord=111150431-111150559 maxp=21 maxp_coord=111175478-111175575 contig=false
[TRACE_FWD_SINK_DBG] tf=31 !exact=true req_long=true first<i=true maxp<=i=true last>=c=true onpath_reason=fail:sink_edge_wrong_penultimate
[TRACE_FWD_SINK]   tf=31 first=4 last=22 abundance=1.0000 maxpath=21 i=21 accepted=false
[ONPATH_SINK_PENULT] penultimate=9 penult_coord=111151979-111152127 maxp=21 maxp_coord=111175478-111175575 contig=false
[TRACE_FWD_SINK_DBG] tf=32 !exact=true req_long=true first<i=true maxp<=i=true last>=c=true onpath_reason=fail:sink_edge_wrong_penultimate
[TRACE_FWD_SINK]   tf=32 first=9 last=22 abundance=1.0000 maxpath=21 i=21 accepted=false
[ONPATH_SINK_PENULT] penultimate=11 penult_coord=111152550-111152646 maxp=21 maxp_coord=111175478-111175575 contig=false
[TRACE_FWD_SINK_DBG] tf=33 !exact=true req_long=true first<i=true maxp<=i=true last>=c=true onpath_reason=fail:sink_edge_wrong_penultimate
[TRACE_FWD_SINK]   tf=33 first=11 last=22 abundance=1.0000 maxpath=21 i=21 accepted=false
[TRACE_FWD]   child c=22 coord=0-0 ntrf=4 childcov=0.0 tchild=None
--- parse_trflong: fwd_to_sink t=18 result=FAIL path_len=13 path: 0(0-0) 1(111148296-111149065) 4(111150431-111150559) 8(111151310-111151395) 9(111151979-111152127) 11(111152550-111152646) 12(111152646-111153380) 13(111153380-111153508) 15(111154667-111154728) 16(111174047-111174127) 18(111174393-111174426) 19(111174518-111174642) 21(111175478-111175575)
[TRACE_LONGREC_FAIL] idx=18 back_ok=true fwd_ok=false seed_minp=1 (111148296-111149065) seed_maxp=13 (111153380-111153508) cur_minp=0 (0-0) cur_maxp=21 (111175478-111175575) path_len=13 path=0:0-0 1:111148296-111149065 4:111150431-111150559 8:111151310-111151395 9:111151979-111152127 11:111152550-111152646 12:111152646-111153380 13:111153380-111153508 15:111154667-111154728 16:111174047-111174127 18:111174393-111174426 19:111174518-111174642 21:111175478-111175575 diag={back_unreachable_minpath:0 back_no_reach:0 back_no_choice:0 back_exclude_no_support:0 fwd_unreachable_maxpath:0 fwd_no_reach:0 fwd_no_choice:1 fwd_exclude_no_support:0}
[TRACE_PAT] stage=longrec.fail.seed_max idx=18 pivot=13 coord=111153380-111153508 node_bit=true pop=31 nchildren=2
[TRACE_PAT]   child=14 coord=111153508-111153535 edge_bit=false child_bit=false sink=false
[TRACE_PAT]   child=15 coord=111154667-111154728 edge_bit=true child_bit=true sink=false
[TRACE_PAT] stage=longrec.fail.cur_max idx=18 pivot=21 coord=111175478-111175575 node_bit=true pop=31 nchildren=1
[TRACE_PAT]   child=22 coord=0-0 edge_bit=false child_bit=false sink=true
[TRACE_LOCUS] idx=18 abund=1.0 LONGREC_FAIL → checktrf span=111148296-111153508
[TRACE_CHECKTRF_ADD] t=18 reason=longrec_fail saved_abund=1.0000 abund=1.0000 guide=false longstart=111148300 longend=111153393 back=1 fwd=0 flux=- cov=- tocheck=- tf_nodes=7 tf_coords=1(111148296-111149065) 4(111150431-111150559) 8(111151310-111151395) 9(111151979-111152127) 11(111152550-111152646) 12(111152646-111153380) 13(111153380-111153508) path_nodes=0 path_coords=
[TRACE_CHECKTRF_CAND] t=10 abund=1.0000 guide=false nodes=13 passes=1
[TRACE_CHECKTRF_IN] t=10 abund=1.0000 guide=false longstart=111148300 longend=111174799 tf_nodes=13 coords=1(111148296-111149065) 2(111149065-111149171) 3(111150204-111150303) 4(111150431-111150559) 8(111151310-111151395) 9(111151979-111152127) 11(111152550-111152646) 13(111153380-111153508) 15(111154667-111154728) 16(111174047-111174127) 18(111174393-111174426) 19(111174518-111174642) 20(111174642-111174799)
[TRACE_CHECKTRF_KEEPSET] t=10 keeptrf=13
[TRACE_CHECKTRF_KEEP] t=10 k=0 keep_cov=5.9463 guide=false out_idx=0 tx_cov=5.9463 nodes=1(111148296-111149065) 2(111149065-111149171) 4(111150431-111150559) 8(111151310-111151395) 9(111151979-111152127) 11(111152550-111152646) 13(111153380-111153508) 15(111154667-111154728) 16(111174047-111174127) 18(111174393-111174426) 19(111174518-111174642) 20(111174642-111174799) exons=111148296-111149171,111150431-111150559,111151310-111151395,111151979-111152127,111152550-111152646,111153380-111153508,111154667-111154728,111174047-111174127,111174393-111174426,111174518-111174799
[TRACE_CHECKTRF_KEEP] t=10 k=1 keep_cov=2.9172 guide=false out_idx=1 tx_cov=2.9172 nodes=1(111148296-111149065) 2(111149065-111149171) 4(111150431-111150559) 8(111151310-111151395) 9(111151979-111152127) 11(111152550-111152646) 12(111152646-111153380) 13(111153380-111153508) 15(111154667-111154728) 16(111174047-111174127) 18(111174393-111174426) 19(111174518-111174642) 20(111174642-111174799) exons=111148296-111149171,111150431-111150559,111151310-111151395,111151979-111152127,111152550-111153508,111154667-111154728,111174047-111174127,111174393-111174426,111174518-111174799
[TRACE_CHECKTRF_KEEP] t=10 k=2 keep_cov=1.9810 guide=false out_idx=2 tx_cov=1.9810 nodes=1(111148296-111149065) 4(111150431-111150559) 8(111151310-111151395) 9(111151979-111152127) 11(111152550-111152646) 13(111153380-111153508) 15(111154667-111154728) 16(111174047-111174127) 18(111174393-111174426) 19(111174518-111174642) 20(111174642-111174799) exons=111148296-111149065,111150431-111150559,111151310-111151395,111151979-111152127,111152550-111152646,111153380-111153508,111154667-111154728,111174047-111174127,111174393-111174426,111174518-111174799
[TRACE_CHECKTRF_KEEP] t=10 k=3 keep_cov=0.9773 guide=false out_idx=3 tx_cov=0.9773 nodes=1(111148296-111149065) 2(111149065-111149171) 4(111150431-111150559) 5(111150559-111150675) 6(111150675-111150706) 8(111151310-111151395) 9(111151979-111152127) 10(111152127-111152550) 11(111152550-111152646) 12(111152646-111153380) 13(111153380-111153508) 15(111154667-111154728) 16(111174047-111174127) 18(111174393-111174426) 19(111174518-111174642) 20(111174642-111174799) exons=111148296-111149171,111150431-111150706,111151310-111151395,111151979-111153508,111154667-111154728,111174047-111174127,111174393-111174426,111174518-111174799
[TRACE_CHECKTRF_KEEP] t=10 k=4 keep_cov=0.9730 guide=false out_idx=4 tx_cov=0.9730 nodes=1(111148296-111149065) 2(111149065-111149171) 4(111150431-111150559) 5(111150559-111150675) 6(111150675-111150706) 8(111151310-111151395) 9(111151979-111152127) 11(111152550-111152646) 12(111152646-111153380) 13(111153380-111153508) 15(111154667-111154728) 16(111174047-111174127) 18(111174393-111174426) 19(111174518-111174642) 21(111175478-111175575) exons=111148296-111149171,111150431-111150706,111151310-111151395,111151979-111152127,111152550-111153508,111154667-111154728,111174047-111174127,111174393-111174426,111174518-111174642,111175478-111175575
[TRACE_CHECKTRF_KEEP] t=10 k=5 keep_cov=0.9762 guide=false out_idx=5 tx_cov=0.9762 nodes=1(111148296-111149065) 2(111149065-111149171) 4(111150431-111150559) 8(111151310-111151395) 9(111151979-111152127) 10(111152127-111152550) 11(111152550-111152646) 12(111152646-111153380) 13(111153380-111153508) 15(111154667-111154728) 16(111174047-111174127) 18(111174393-111174426) 19(111174518-111174642) 20(111174642-111174799) exons=111148296-111149171,111150431-111150559,111151310-111151395,111151979-111153508,111154667-111154728,111174047-111174127,111174393-111174426,111174518-111174799
[TRACE_CHECKTRF_KEEP] t=10 k=6 keep_cov=0.9916 guide=false out_idx=6 tx_cov=0.9916 nodes=1(111148296-111149065) 2(111149065-111149171) 4(111150431-111150559) 6(111150675-111150706) 7(111150706-111150804) 8(111151310-111151395) 9(111151979-111152127) 11(111152550-111152646) 13(111153380-111153508) 15(111154667-111154728) 16(111174047-111174127) 18(111174393-111174426) 19(111174518-111174642) 20(111174642-111174799) exons=111148296-111149171,111150431-111150559,111150675-111150804,111151310-111151395,111151979-111152127,111152550-111152646,111153380-111153508,111154667-111154728,111174047-111174127,111174393-111174426,111174518-111174799
[TRACE_CHECKTRF_KEEP] t=10 k=7 keep_cov=0.9755 guide=false out_idx=7 tx_cov=0.9755 nodes=1(111148296-111149065) 2(111149065-111149171) 4(111150431-111150559) 8(111151310-111151395) 9(111151979-111152127) 10(111152127-111152550) 11(111152550-111152646) 12(111152646-111153380) 13(111153380-111153508) 15(111154667-111154728) 16(111174047-111174127) 18(111174393-111174426) 19(111174518-111174642) 21(111175478-111175575) exons=111148296-111149171,111150431-111150559,111151310-111151395,111151979-111153508,111154667-111154728,111174047-111174127,111174393-111174426,111174518-111174642,111175478-111175575
[TRACE_CHECKTRF_KEEP] t=10 k=8 keep_cov=0.9753 guide=false out_idx=8 tx_cov=0.9753 nodes=1(111148296-111149065) 4(111150431-111150559) 8(111151310-111151395) 9(111151979-111152127) 10(111152127-111152550) 11(111152550-111152646) 12(111152646-111153380) 13(111153380-111153508) 15(111154667-111154728) 16(111174047-111174127) 18(111174393-111174426) 19(111174518-111174642) 20(111174642-111174799) exons=111148296-111149065,111150431-111150559,111151310-111151395,111151979-111153508,111154667-111154728,111174047-111174127,111174393-111174426,111174518-111174799
[TRACE_CHECKTRF_KEEP] t=10 k=9 keep_cov=0.9715 guide=false out_idx=9 tx_cov=0.9715 nodes=1(111148296-111149065) 2(111149065-111149171) 4(111150431-111150559) 8(111151310-111151395) 9(111151979-111152127) 11(111152550-111152646) 12(111152646-111153380) 13(111153380-111153508) 15(111154667-111154728) 16(111174047-111174127) 18(111174393-111174426) 19(111174518-111174642) 21(111175478-111175575) exons=111148296-111149171,111150431-111150559,111151310-111151395,111151979-111152127,111152550-111153508,111154667-111154728,111174047-111174127,111174393-111174426,111174518-111174642,111175478-111175575
[TRACE_CHECKTRF_KEEP] t=10 k=10 keep_cov=0.9904 guide=false out_idx=10 tx_cov=0.9904 nodes=1(111148296-111149065) 2(111149065-111149171) 4(111150431-111150559) 8(111151310-111151395) 9(111151979-111152127) 11(111152550-111152646) 13(111153380-111153508) 15(111154667-111154728) 16(111174047-111174127) 18(111174393-111174426) 19(111174518-111174642) 21(111175478-111175575) exons=111148296-111149171,111150431-111150559,111151310-111151395,111151979-111152127,111152550-111152646,111153380-111153508,111154667-111154728,111174047-111174127,111174393-111174426,111174518-111174642,111175478-111175575
[TRACE_CHECKTRF_KEEP] t=10 k=11 keep_cov=0.9703 guide=false out_idx=11 tx_cov=0.9703 nodes=1(111148296-111149065) 4(111150431-111150559) 8(111151310-111151395) 9(111151979-111152127) 11(111152550-111152646) 12(111152646-111153380) 13(111153380-111153508) 15(111154667-111154728) 16(111174047-111174127) 18(111174393-111174426) 19(111174518-111174642) 21(111175478-111175575) exons=111148296-111149065,111150431-111150559,111151310-111151395,111151979-111152127,111152550-111153508,111154667-111154728,111174047-111174127,111174393-111174426,111174518-111174642,111175478-111175575
[TRACE_CHECKTRF_KEEP] t=10 k=12 keep_cov=0.9931 guide=false out_idx=12 tx_cov=0.9931 nodes=1(111148296-111149065) 2(111149065-111149171) 4(111150431-111150559) 8(111151310-111151395) 9(111151979-111152127) 11(111152550-111152646) 13(111153380-111153508) 15(111154667-111154728) 16(111174047-111174127) 17(111174127-111174337) exons=111148296-111149171,111150431-111150559,111151310-111151395,111151979-111152127,111152550-111152646,111153380-111153508,111154667-111154728,111174047-111174337
[TRACE_BTM] t=10 guide_only=false tf_nodes=[1, 2, 3, 4, 8, 9, 11, 13, 15, 16, 18, 19, 20] id_nonmono=false
[TRACE_BTM] t=10 k=0 keep_nodes=[1, 2, 4, 8, 9, 11, 13, 15, 16, 18, 19, 20] guide=false keep_cov=5.9463 id_nonmono=false
[TRACE_BTM] t=10 k=0 reject intersect=1915 internaldist=99 flank=0
[TRACE_BTM] t=10 k=1 keep_nodes=[1, 2, 4, 8, 9, 11, 12, 13, 15, 16, 18, 19, 20] guide=false keep_cov=2.9172 id_nonmono=false
[TRACE_BTM] t=10 k=1 reject intersect=1332 internaldist=682 flank=0
[TRACE_BTM] t=10 k=2 keep_nodes=[1, 4, 8, 9, 11, 13, 15, 16, 18, 19, 20] guide=false keep_cov=1.9810 id_nonmono=false
[TRACE_BTM] t=10 k=2 reject intersect=1809 internaldist=205 flank=0
[TRACE_BTM] t=10 k=3 keep_nodes=[1, 2, 4, 5, 6, 8, 9, 10, 11, 12, 13, 15, 16, 18, 19, 20] guide=false keep_cov=0.9773 id_nonmono=false
[TRACE_BTM] t=10 k=3 reject intersect=1003 internaldist=1011 flank=0
[TRACE_BTM] t=10 k=4 keep_nodes=[1, 2, 4, 5, 6, 8, 9, 11, 12, 13, 15, 16, 18, 19, 21] guide=false keep_cov=0.9730 id_nonmono=false
[TRACE_BTM] t=10 k=4 reject intersect=1003 internaldist=1011 flank=0
[TRACE_BTM] t=10 k=5 keep_nodes=[1, 2, 4, 8, 9, 10, 11, 12, 13, 15, 16, 18, 19, 20] guide=false keep_cov=0.9762 id_nonmono=false
[TRACE_BTM] t=10 k=5 reject intersect=1236 internaldist=778 flank=0
[TRACE_BTM] t=10 k=6 keep_nodes=[1, 2, 4, 6, 7, 8, 9, 11, 13, 15, 16, 18, 19, 20] guide=false keep_cov=0.9916 id_nonmono=false
[TRACE_BTM] t=10 k=6 reject intersect=1003 internaldist=1011 flank=0
[TRACE_BTM] t=10 k=7 keep_nodes=[1, 2, 4, 8, 9, 10, 11, 12, 13, 15, 16, 18, 19, 21] guide=false keep_cov=0.9755 id_nonmono=false
[TRACE_BTM] t=10 k=7 reject intersect=1236 internaldist=778 flank=0
[TRACE_BTM] t=10 k=8 keep_nodes=[1, 4, 8, 9, 10, 11, 12, 13, 15, 16, 18, 19, 20] guide=false keep_cov=0.9753 id_nonmono=false
[TRACE_BTM] t=10 k=8 reject intersect=1130 internaldist=884 flank=0
[TRACE_BTM] t=10 k=9 keep_nodes=[1, 2, 4, 8, 9, 11, 12, 13, 15, 16, 18, 19, 21] guide=false keep_cov=0.9715 id_nonmono=false
[TRACE_BTM] t=10 k=9 reject intersect=1332 internaldist=682 flank=0
[TRACE_BTM] t=10 k=10 keep_nodes=[1, 2, 4, 8, 9, 11, 13, 15, 16, 18, 19, 21] guide=false keep_cov=0.9904 id_nonmono=false
[TRACE_BTM] t=10 k=10 reject intersect=1758 internaldist=99 flank=157
[TRACE_BTM] t=10 k=11 keep_nodes=[1, 4, 8, 9, 11, 12, 13, 15, 16, 18, 19, 21] guide=false keep_cov=0.9703 id_nonmono=false
[TRACE_BTM] t=10 k=11 reject intersect=1226 internaldist=788 flank=0
[TRACE_BTM] t=10 k=12 keep_nodes=[1, 2, 4, 8, 9, 11, 13, 15, 16, 17] guide=false keep_cov=0.9931 id_nonmono=false
[TRACE_BTM] t=10 k=12 reject intersect=1601 internaldist=413 flank=0
[TRACE_CHECKTRF] t=10 NO MATCH → trying independent rescue abund=1.0000
[TRACE_CHECKTRF_CAND] t=15 abund=1.0000 guide=false nodes=9 passes=1
[TRACE_CHECKTRF_IN] t=15 abund=1.0000 guide=false longstart=111148300 longend=111154714 tf_nodes=9 coords=1(111148296-111149065) 4(111150431-111150559) 6(111150675-111150706) 7(111150706-111150804) 8(111151310-111151395) 9(111151979-111152127) 11(111152550-111152646) 13(111153380-111153508) 15(111154667-111154728)
[TRACE_CHECKTRF_KEEPSET] t=15 keeptrf=13
[TRACE_CHECKTRF_KEEP] t=15 k=0 keep_cov=5.9463 guide=false out_idx=0 tx_cov=5.9463 nodes=1(111148296-111149065) 2(111149065-111149171) 4(111150431-111150559) 8(111151310-111151395) 9(111151979-111152127) 11(111152550-111152646) 13(111153380-111153508) 15(111154667-111154728) 16(111174047-111174127) 18(111174393-111174426) 19(111174518-111174642) 20(111174642-111174799) exons=111148296-111149171,111150431-111150559,111151310-111151395,111151979-111152127,111152550-111152646,111153380-111153508,111154667-111154728,111174047-111174127,111174393-111174426,111174518-111174799
[TRACE_CHECKTRF_KEEP] t=15 k=1 keep_cov=2.9172 guide=false out_idx=1 tx_cov=2.9172 nodes=1(111148296-111149065) 2(111149065-111149171) 4(111150431-111150559) 8(111151310-111151395) 9(111151979-111152127) 11(111152550-111152646) 12(111152646-111153380) 13(111153380-111153508) 15(111154667-111154728) 16(111174047-111174127) 18(111174393-111174426) 19(111174518-111174642) 20(111174642-111174799) exons=111148296-111149171,111150431-111150559,111151310-111151395,111151979-111152127,111152550-111153508,111154667-111154728,111174047-111174127,111174393-111174426,111174518-111174799
[TRACE_CHECKTRF_KEEP] t=15 k=2 keep_cov=1.9810 guide=false out_idx=2 tx_cov=1.9810 nodes=1(111148296-111149065) 4(111150431-111150559) 8(111151310-111151395) 9(111151979-111152127) 11(111152550-111152646) 13(111153380-111153508) 15(111154667-111154728) 16(111174047-111174127) 18(111174393-111174426) 19(111174518-111174642) 20(111174642-111174799) exons=111148296-111149065,111150431-111150559,111151310-111151395,111151979-111152127,111152550-111152646,111153380-111153508,111154667-111154728,111174047-111174127,111174393-111174426,111174518-111174799
[TRACE_CHECKTRF_KEEP] t=15 k=3 keep_cov=0.9773 guide=false out_idx=3 tx_cov=0.9773 nodes=1(111148296-111149065) 2(111149065-111149171) 4(111150431-111150559) 5(111150559-111150675) 6(111150675-111150706) 8(111151310-111151395) 9(111151979-111152127) 10(111152127-111152550) 11(111152550-111152646) 12(111152646-111153380) 13(111153380-111153508) 15(111154667-111154728) 16(111174047-111174127) 18(111174393-111174426) 19(111174518-111174642) 20(111174642-111174799) exons=111148296-111149171,111150431-111150706,111151310-111151395,111151979-111153508,111154667-111154728,111174047-111174127,111174393-111174426,111174518-111174799
[TRACE_CHECKTRF_KEEP] t=15 k=4 keep_cov=0.9730 guide=false out_idx=4 tx_cov=0.9730 nodes=1(111148296-111149065) 2(111149065-111149171) 4(111150431-111150559) 5(111150559-111150675) 6(111150675-111150706) 8(111151310-111151395) 9(111151979-111152127) 11(111152550-111152646) 12(111152646-111153380) 13(111153380-111153508) 15(111154667-111154728) 16(111174047-111174127) 18(111174393-111174426) 19(111174518-111174642) 21(111175478-111175575) exons=111148296-111149171,111150431-111150706,111151310-111151395,111151979-111152127,111152550-111153508,111154667-111154728,111174047-111174127,111174393-111174426,111174518-111174642,111175478-111175575
[TRACE_CHECKTRF_KEEP] t=15 k=5 keep_cov=0.9762 guide=false out_idx=5 tx_cov=0.9762 nodes=1(111148296-111149065) 2(111149065-111149171) 4(111150431-111150559) 8(111151310-111151395) 9(111151979-111152127) 10(111152127-111152550) 11(111152550-111152646) 12(111152646-111153380) 13(111153380-111153508) 15(111154667-111154728) 16(111174047-111174127) 18(111174393-111174426) 19(111174518-111174642) 20(111174642-111174799) exons=111148296-111149171,111150431-111150559,111151310-111151395,111151979-111153508,111154667-111154728,111174047-111174127,111174393-111174426,111174518-111174799
[TRACE_CHECKTRF_KEEP] t=15 k=6 keep_cov=0.9916 guide=false out_idx=6 tx_cov=0.9916 nodes=1(111148296-111149065) 2(111149065-111149171) 4(111150431-111150559) 6(111150675-111150706) 7(111150706-111150804) 8(111151310-111151395) 9(111151979-111152127) 11(111152550-111152646) 13(111153380-111153508) 15(111154667-111154728) 16(111174047-111174127) 18(111174393-111174426) 19(111174518-111174642) 20(111174642-111174799) exons=111148296-111149171,111150431-111150559,111150675-111150804,111151310-111151395,111151979-111152127,111152550-111152646,111153380-111153508,111154667-111154728,111174047-111174127,111174393-111174426,111174518-111174799
[TRACE_CHECKTRF_KEEP] t=15 k=7 keep_cov=0.9755 guide=false out_idx=7 tx_cov=0.9755 nodes=1(111148296-111149065) 2(111149065-111149171) 4(111150431-111150559) 8(111151310-111151395) 9(111151979-111152127) 10(111152127-111152550) 11(111152550-111152646) 12(111152646-111153380) 13(111153380-111153508) 15(111154667-111154728) 16(111174047-111174127) 18(111174393-111174426) 19(111174518-111174642) 21(111175478-111175575) exons=111148296-111149171,111150431-111150559,111151310-111151395,111151979-111153508,111154667-111154728,111174047-111174127,111174393-111174426,111174518-111174642,111175478-111175575
[TRACE_CHECKTRF_KEEP] t=15 k=8 keep_cov=0.9753 guide=false out_idx=8 tx_cov=0.9753 nodes=1(111148296-111149065) 4(111150431-111150559) 8(111151310-111151395) 9(111151979-111152127) 10(111152127-111152550) 11(111152550-111152646) 12(111152646-111153380) 13(111153380-111153508) 15(111154667-111154728) 16(111174047-111174127) 18(111174393-111174426) 19(111174518-111174642) 20(111174642-111174799) exons=111148296-111149065,111150431-111150559,111151310-111151395,111151979-111153508,111154667-111154728,111174047-111174127,111174393-111174426,111174518-111174799
[TRACE_CHECKTRF_KEEP] t=15 k=9 keep_cov=0.9715 guide=false out_idx=9 tx_cov=0.9715 nodes=1(111148296-111149065) 2(111149065-111149171) 4(111150431-111150559) 8(111151310-111151395) 9(111151979-111152127) 11(111152550-111152646) 12(111152646-111153380) 13(111153380-111153508) 15(111154667-111154728) 16(111174047-111174127) 18(111174393-111174426) 19(111174518-111174642) 21(111175478-111175575) exons=111148296-111149171,111150431-111150559,111151310-111151395,111151979-111152127,111152550-111153508,111154667-111154728,111174047-111174127,111174393-111174426,111174518-111174642,111175478-111175575
[TRACE_CHECKTRF_KEEP] t=15 k=10 keep_cov=0.9904 guide=false out_idx=10 tx_cov=0.9904 nodes=1(111148296-111149065) 2(111149065-111149171) 4(111150431-111150559) 8(111151310-111151395) 9(111151979-111152127) 11(111152550-111152646) 13(111153380-111153508) 15(111154667-111154728) 16(111174047-111174127) 18(111174393-111174426) 19(111174518-111174642) 21(111175478-111175575) exons=111148296-111149171,111150431-111150559,111151310-111151395,111151979-111152127,111152550-111152646,111153380-111153508,111154667-111154728,111174047-111174127,111174393-111174426,111174518-111174642,111175478-111175575
[TRACE_CHECKTRF_KEEP] t=15 k=11 keep_cov=0.9703 guide=false out_idx=11 tx_cov=0.9703 nodes=1(111148296-111149065) 4(111150431-111150559) 8(111151310-111151395) 9(111151979-111152127) 11(111152550-111152646) 12(111152646-111153380) 13(111153380-111153508) 15(111154667-111154728) 16(111174047-111174127) 18(111174393-111174426) 19(111174518-111174642) 21(111175478-111175575) exons=111148296-111149065,111150431-111150559,111151310-111151395,111151979-111152127,111152550-111153508,111154667-111154728,111174047-111174127,111174393-111174426,111174518-111174642,111175478-111175575
[TRACE_CHECKTRF_KEEP] t=15 k=12 keep_cov=0.9931 guide=false out_idx=12 tx_cov=0.9931 nodes=1(111148296-111149065) 2(111149065-111149171) 4(111150431-111150559) 8(111151310-111151395) 9(111151979-111152127) 11(111152550-111152646) 13(111153380-111153508) 15(111154667-111154728) 16(111174047-111174127) 17(111174127-111174337) exons=111148296-111149171,111150431-111150559,111151310-111151395,111151979-111152127,111152550-111152646,111153380-111153508,111154667-111154728,111174047-111174337
[TRACE_BTM] t=15 guide_only=false tf_nodes=[1, 4, 6, 7, 8, 9, 11, 13, 15] id_nonmono=false
[TRACE_BTM] t=15 k=0 keep_nodes=[1, 2, 4, 8, 9, 11, 13, 15, 16, 18, 19, 20] guide=false keep_cov=5.9463 id_nonmono=false
[TRACE_BTM] t=15 k=0 reject intersect=1287 internaldist=257 flank=0
[TRACE_BTM] t=15 k=1 keep_nodes=[1, 2, 4, 8, 9, 11, 12, 13, 15, 16, 18, 19, 20] guide=false keep_cov=2.9172 id_nonmono=false
[TRACE_BTM] t=15 k=1 reject intersect=1098 internaldist=446 flank=0
[TRACE_BTM] t=15 k=2 keep_nodes=[1, 4, 8, 9, 11, 13, 15, 16, 18, 19, 20] guide=false keep_cov=1.9810 id_nonmono=false
[TRACE_BTM] t=15 k=2 reject intersect=1415 internaldist=129 flank=0
[TRACE_BTM] t=15 k=3 keep_nodes=[1, 2, 4, 5, 6, 8, 9, 10, 11, 12, 13, 15, 16, 18, 19, 20] guide=false keep_cov=0.9773 id_nonmono=false
[TRACE_BTM] t=15 k=3 reject intersect=769 internaldist=775 flank=0
[TRACE_BTM] t=15 k=4 keep_nodes=[1, 2, 4, 5, 6, 8, 9, 11, 12, 13, 15, 16, 18, 19, 21] guide=false keep_cov=0.9730 id_nonmono=false
[TRACE_BTM] t=15 k=4 reject intersect=769 internaldist=775 flank=0
[TRACE_BTM] t=15 k=5 keep_nodes=[1, 2, 4, 8, 9, 10, 11, 12, 13, 15, 16, 18, 19, 20] guide=false keep_cov=0.9762 id_nonmono=false
[TRACE_BTM] t=15 k=5 reject intersect=1002 internaldist=542 flank=0
[TRACE_BTM] t=15 k=6 keep_nodes=[1, 2, 4, 6, 7, 8, 9, 11, 13, 15, 16, 18, 19, 20] guide=false keep_cov=0.9916 id_nonmono=false
[TRACE_BTM] t=15 k=6 reject intersect=769 internaldist=775 flank=0
[TRACE_BTM] t=15 k=7 keep_nodes=[1, 2, 4, 8, 9, 10, 11, 12, 13, 15, 16, 18, 19, 21] guide=false keep_cov=0.9755 id_nonmono=false
[TRACE_BTM] t=15 k=7 reject intersect=1002 internaldist=542 flank=0
[TRACE_BTM] t=15 k=8 keep_nodes=[1, 4, 8, 9, 10, 11, 12, 13, 15, 16, 18, 19, 20] guide=false keep_cov=0.9753 id_nonmono=false
[TRACE_BTM] t=15 k=8 reject intersect=1130 internaldist=414 flank=0
[TRACE_BTM] t=15 k=9 keep_nodes=[1, 2, 4, 8, 9, 11, 12, 13, 15, 16, 18, 19, 21] guide=false keep_cov=0.9715 id_nonmono=false
[TRACE_BTM] t=15 k=9 reject intersect=1098 internaldist=446 flank=0
[TRACE_BTM] t=15 k=10 keep_nodes=[1, 2, 4, 8, 9, 11, 13, 15, 16, 18, 19, 21] guide=false keep_cov=0.9904 id_nonmono=false
[TRACE_BTM] t=15 k=10 reject intersect=1287 internaldist=257 flank=0
[TRACE_BTM] t=15 k=11 keep_nodes=[1, 4, 8, 9, 11, 12, 13, 15, 16, 18, 19, 21] guide=false keep_cov=0.9703 id_nonmono=false
[TRACE_BTM] t=15 k=11 reject intersect=1226 internaldist=318 flank=0
[TRACE_BTM] t=15 k=12 keep_nodes=[1, 2, 4, 8, 9, 11, 13, 15, 16, 17] guide=false keep_cov=0.9931 id_nonmono=false
[TRACE_BTM] t=15 k=12 reject intersect=1287 internaldist=257 flank=0
[TRACE_CHECKTRF] t=15 NO MATCH → trying independent rescue abund=1.0000
[TRACE_CHECKTRF] t=15 RESCUED_INDEP cov=1.0092 exons=8 first=111148296-111149065 last=111154667-111154714 longstart=111148300 longend=111154714 rescue_nodes_first=1 (111148296-111149065) rescue_nodes_last=15 (111154667-111154728)
[TRACE_CHECKTRF_OUT] t=15 mode=rescued cov=1.0092 nodes=9 coords=1(111148296-111149065) 4(111150431-111150559) 6(111150675-111150706) 7(111150706-111150804) 8(111151310-111151395) 9(111151979-111152127) 11(111152550-111152646) 13(111153380-111153508) 15(111154667-111154728) exons=111148296-111149065,111150431-111150559,111150675-111150804,111151310-111151395,111151979-111152127,111152550-111152646,111153380-111153508,111154667-111154714
[TRACE_ABUND] stage=checktrf_rescued_before_zero t=15 abund=1.0000 read_count=1.0000 guide=false nodes=9 detail=coverage=1.0092 out_idx=13
[TRACE_ABUND] stage=checktrf_rescued_after_zero t=15 abund=0.0000 read_count=1.0000 guide=false nodes=9 detail=coverage=1.0092 out_idx=13
[TRACE_CHECKTRF_CAND] t=18 abund=1.0000 guide=false nodes=7 passes=1
[TRACE_CHECKTRF_IN] t=18 abund=1.0000 guide=false longstart=111148300 longend=111153393 tf_nodes=7 coords=1(111148296-111149065) 4(111150431-111150559) 8(111151310-111151395) 9(111151979-111152127) 11(111152550-111152646) 12(111152646-111153380) 13(111153380-111153508)
[TRACE_CHECKTRF_KEEPSET] t=18 keeptrf=14
[TRACE_CHECKTRF_KEEP] t=18 k=0 keep_cov=5.9463 guide=false out_idx=0 tx_cov=5.9463 nodes=1(111148296-111149065) 2(111149065-111149171) 4(111150431-111150559) 8(111151310-111151395) 9(111151979-111152127) 11(111152550-111152646) 13(111153380-111153508) 15(111154667-111154728) 16(111174047-111174127) 18(111174393-111174426) 19(111174518-111174642) 20(111174642-111174799) exons=111148296-111149171,111150431-111150559,111151310-111151395,111151979-111152127,111152550-111152646,111153380-111153508,111154667-111154728,111174047-111174127,111174393-111174426,111174518-111174799
[TRACE_CHECKTRF_KEEP] t=18 k=1 keep_cov=2.9172 guide=false out_idx=1 tx_cov=2.9172 nodes=1(111148296-111149065) 2(111149065-111149171) 4(111150431-111150559) 8(111151310-111151395) 9(111151979-111152127) 11(111152550-111152646) 12(111152646-111153380) 13(111153380-111153508) 15(111154667-111154728) 16(111174047-111174127) 18(111174393-111174426) 19(111174518-111174642) 20(111174642-111174799) exons=111148296-111149171,111150431-111150559,111151310-111151395,111151979-111152127,111152550-111153508,111154667-111154728,111174047-111174127,111174393-111174426,111174518-111174799
[TRACE_CHECKTRF_KEEP] t=18 k=2 keep_cov=1.9810 guide=false out_idx=2 tx_cov=1.9810 nodes=1(111148296-111149065) 4(111150431-111150559) 8(111151310-111151395) 9(111151979-111152127) 11(111152550-111152646) 13(111153380-111153508) 15(111154667-111154728) 16(111174047-111174127) 18(111174393-111174426) 19(111174518-111174642) 20(111174642-111174799) exons=111148296-111149065,111150431-111150559,111151310-111151395,111151979-111152127,111152550-111152646,111153380-111153508,111154667-111154728,111174047-111174127,111174393-111174426,111174518-111174799
[TRACE_CHECKTRF_KEEP] t=18 k=3 keep_cov=0.9773 guide=false out_idx=3 tx_cov=0.9773 nodes=1(111148296-111149065) 2(111149065-111149171) 4(111150431-111150559) 5(111150559-111150675) 6(111150675-111150706) 8(111151310-111151395) 9(111151979-111152127) 10(111152127-111152550) 11(111152550-111152646) 12(111152646-111153380) 13(111153380-111153508) 15(111154667-111154728) 16(111174047-111174127) 18(111174393-111174426) 19(111174518-111174642) 20(111174642-111174799) exons=111148296-111149171,111150431-111150706,111151310-111151395,111151979-111153508,111154667-111154728,111174047-111174127,111174393-111174426,111174518-111174799
[TRACE_CHECKTRF_KEEP] t=18 k=4 keep_cov=0.9730 guide=false out_idx=4 tx_cov=0.9730 nodes=1(111148296-111149065) 2(111149065-111149171) 4(111150431-111150559) 5(111150559-111150675) 6(111150675-111150706) 8(111151310-111151395) 9(111151979-111152127) 11(111152550-111152646) 12(111152646-111153380) 13(111153380-111153508) 15(111154667-111154728) 16(111174047-111174127) 18(111174393-111174426) 19(111174518-111174642) 21(111175478-111175575) exons=111148296-111149171,111150431-111150706,111151310-111151395,111151979-111152127,111152550-111153508,111154667-111154728,111174047-111174127,111174393-111174426,111174518-111174642,111175478-111175575
[TRACE_CHECKTRF_KEEP] t=18 k=5 keep_cov=0.9762 guide=false out_idx=5 tx_cov=0.9762 nodes=1(111148296-111149065) 2(111149065-111149171) 4(111150431-111150559) 8(111151310-111151395) 9(111151979-111152127) 10(111152127-111152550) 11(111152550-111152646) 12(111152646-111153380) 13(111153380-111153508) 15(111154667-111154728) 16(111174047-111174127) 18(111174393-111174426) 19(111174518-111174642) 20(111174642-111174799) exons=111148296-111149171,111150431-111150559,111151310-111151395,111151979-111153508,111154667-111154728,111174047-111174127,111174393-111174426,111174518-111174799
[TRACE_CHECKTRF_KEEP] t=18 k=6 keep_cov=0.9916 guide=false out_idx=6 tx_cov=0.9916 nodes=1(111148296-111149065) 2(111149065-111149171) 4(111150431-111150559) 6(111150675-111150706) 7(111150706-111150804) 8(111151310-111151395) 9(111151979-111152127) 11(111152550-111152646) 13(111153380-111153508) 15(111154667-111154728) 16(111174047-111174127) 18(111174393-111174426) 19(111174518-111174642) 20(111174642-111174799) exons=111148296-111149171,111150431-111150559,111150675-111150804,111151310-111151395,111151979-111152127,111152550-111152646,111153380-111153508,111154667-111154728,111174047-111174127,111174393-111174426,111174518-111174799
[TRACE_CHECKTRF_KEEP] t=18 k=7 keep_cov=0.9755 guide=false out_idx=7 tx_cov=0.9755 nodes=1(111148296-111149065) 2(111149065-111149171) 4(111150431-111150559) 8(111151310-111151395) 9(111151979-111152127) 10(111152127-111152550) 11(111152550-111152646) 12(111152646-111153380) 13(111153380-111153508) 15(111154667-111154728) 16(111174047-111174127) 18(111174393-111174426) 19(111174518-111174642) 21(111175478-111175575) exons=111148296-111149171,111150431-111150559,111151310-111151395,111151979-111153508,111154667-111154728,111174047-111174127,111174393-111174426,111174518-111174642,111175478-111175575
[TRACE_CHECKTRF_KEEP] t=18 k=8 keep_cov=0.9753 guide=false out_idx=8 tx_cov=0.9753 nodes=1(111148296-111149065) 4(111150431-111150559) 8(111151310-111151395) 9(111151979-111152127) 10(111152127-111152550) 11(111152550-111152646) 12(111152646-111153380) 13(111153380-111153508) 15(111154667-111154728) 16(111174047-111174127) 18(111174393-111174426) 19(111174518-111174642) 20(111174642-111174799) exons=111148296-111149065,111150431-111150559,111151310-111151395,111151979-111153508,111154667-111154728,111174047-111174127,111174393-111174426,111174518-111174799
[TRACE_CHECKTRF_KEEP] t=18 k=9 keep_cov=0.9715 guide=false out_idx=9 tx_cov=0.9715 nodes=1(111148296-111149065) 2(111149065-111149171) 4(111150431-111150559) 8(111151310-111151395) 9(111151979-111152127) 11(111152550-111152646) 12(111152646-111153380) 13(111153380-111153508) 15(111154667-111154728) 16(111174047-111174127) 18(111174393-111174426) 19(111174518-111174642) 21(111175478-111175575) exons=111148296-111149171,111150431-111150559,111151310-111151395,111151979-111152127,111152550-111153508,111154667-111154728,111174047-111174127,111174393-111174426,111174518-111174642,111175478-111175575
[TRACE_CHECKTRF_KEEP] t=18 k=10 keep_cov=0.9904 guide=false out_idx=10 tx_cov=0.9904 nodes=1(111148296-111149065) 2(111149065-111149171) 4(111150431-111150559) 8(111151310-111151395) 9(111151979-111152127) 11(111152550-111152646) 13(111153380-111153508) 15(111154667-111154728) 16(111174047-111174127) 18(111174393-111174426) 19(111174518-111174642) 21(111175478-111175575) exons=111148296-111149171,111150431-111150559,111151310-111151395,111151979-111152127,111152550-111152646,111153380-111153508,111154667-111154728,111174047-111174127,111174393-111174426,111174518-111174642,111175478-111175575
[TRACE_CHECKTRF_KEEP] t=18 k=11 keep_cov=0.9703 guide=false out_idx=11 tx_cov=0.9703 nodes=1(111148296-111149065) 4(111150431-111150559) 8(111151310-111151395) 9(111151979-111152127) 11(111152550-111152646) 12(111152646-111153380) 13(111153380-111153508) 15(111154667-111154728) 16(111174047-111174127) 18(111174393-111174426) 19(111174518-111174642) 21(111175478-111175575) exons=111148296-111149065,111150431-111150559,111151310-111151395,111151979-111152127,111152550-111153508,111154667-111154728,111174047-111174127,111174393-111174426,111174518-111174642,111175478-111175575
[TRACE_CHECKTRF_KEEP] t=18 k=12 keep_cov=0.9931 guide=false out_idx=12 tx_cov=0.9931 nodes=1(111148296-111149065) 2(111149065-111149171) 4(111150431-111150559) 8(111151310-111151395) 9(111151979-111152127) 11(111152550-111152646) 13(111153380-111153508) 15(111154667-111154728) 16(111174047-111174127) 17(111174127-111174337) exons=111148296-111149171,111150431-111150559,111151310-111151395,111151979-111152127,111152550-111152646,111153380-111153508,111154667-111154728,111174047-111174337
[TRACE_CHECKTRF_KEEP] t=18 k=13 keep_cov=1.0092 guide=false out_idx=13 tx_cov=1.0092 nodes=1(111148296-111149065) 4(111150431-111150559) 6(111150675-111150706) 7(111150706-111150804) 8(111151310-111151395) 9(111151979-111152127) 11(111152550-111152646) 13(111153380-111153508) 15(111154667-111154728) exons=111148296-111149065,111150431-111150559,111150675-111150804,111151310-111151395,111151979-111152127,111152550-111152646,111153380-111153508,111154667-111154714
[TRACE_BTM] t=18 guide_only=false tf_nodes=[1, 4, 8, 9, 11, 12, 13] id_nonmono=false
[TRACE_BTM] t=18 k=0 keep_nodes=[1, 2, 4, 8, 9, 11, 13, 15, 16, 18, 19, 20] guide=false keep_cov=5.9463 id_nonmono=false
[TRACE_BTM] t=18 k=0 reject intersect=897 internaldist=1191 flank=0
[TRACE_BTM] t=18 k=1 keep_nodes=[1, 2, 4, 8, 9, 11, 12, 13, 15, 16, 18, 19, 20] guide=false keep_cov=2.9172 id_nonmono=false
[TRACE_BTM] t=18 k=1 reject intersect=769 internaldist=1319 flank=0
[TRACE_BTM] t=18 k=2 keep_nodes=[1, 4, 8, 9, 11, 13, 15, 16, 18, 19, 20] guide=false keep_cov=1.9810 id_nonmono=false
[TRACE_BTM] t=18 k=2 reject intersect=1354 internaldist=734 flank=0
[TRACE_BTM] t=18 k=3 keep_nodes=[1, 2, 4, 5, 6, 8, 9, 10, 11, 12, 13, 15, 16, 18, 19, 20] guide=false keep_cov=0.9773 id_nonmono=false
[TRACE_BTM] t=18 k=3 reject intersect=769 internaldist=1319 flank=0
[TRACE_BTM] t=18 k=4 keep_nodes=[1, 2, 4, 5, 6, 8, 9, 11, 12, 13, 15, 16, 18, 19, 21] guide=false keep_cov=0.9730 id_nonmono=false
[TRACE_BTM] t=18 k=4 reject intersect=769 internaldist=1319 flank=0
[TRACE_BTM] t=18 k=5 keep_nodes=[1, 2, 4, 8, 9, 10, 11, 12, 13, 15, 16, 18, 19, 20] guide=false keep_cov=0.9762 id_nonmono=false
[TRACE_BTM] t=18 k=5 reject intersect=769 internaldist=1319 flank=0
[TRACE_BTM] t=18 k=6 keep_nodes=[1, 2, 4, 6, 7, 8, 9, 11, 13, 15, 16, 18, 19, 20] guide=false keep_cov=0.9916 id_nonmono=false
[TRACE_BTM] t=18 k=6 reject intersect=769 internaldist=1319 flank=0
[TRACE_BTM] t=18 k=7 keep_nodes=[1, 2, 4, 8, 9, 10, 11, 12, 13, 15, 16, 18, 19, 21] guide=false keep_cov=0.9755 id_nonmono=false
[TRACE_BTM] t=18 k=7 reject intersect=769 internaldist=1319 flank=0
[TRACE_BTM] t=18 k=8 keep_nodes=[1, 4, 8, 9, 10, 11, 12, 13, 15, 16, 18, 19, 20] guide=false keep_cov=0.9753 id_nonmono=false
[TRACE_BTM] t=18 k=8 reject intersect=1130 internaldist=958 flank=0
[TRACE_BTM] t=18 k=9 keep_nodes=[1, 2, 4, 8, 9, 11, 12, 13, 15, 16, 18, 19, 21] guide=false keep_cov=0.9715 id_nonmono=false
[TRACE_BTM] t=18 k=9 reject intersect=769 internaldist=1319 flank=0
[TRACE_BTM] t=18 k=10 keep_nodes=[1, 2, 4, 8, 9, 11, 13, 15, 16, 18, 19, 21] guide=false keep_cov=0.9904 id_nonmono=false
[TRACE_BTM] t=18 k=10 reject intersect=897 internaldist=1191 flank=0
[TRACE_BTM] t=18 k=11 keep_nodes=[1, 4, 8, 9, 11, 12, 13, 15, 16, 18, 19, 21] guide=false keep_cov=0.9703 id_nonmono=false
[TRACE_BTM] t=18 k=11 score intersect=2088 internaldist=0 flank=0 maxintersect=0 mininternaldist=2305843009213693951 minflank=2305843009213693951
[TRACE_BTM] t=18 after k=11 tmatch=[11] abundancesum=0.9703
[TRACE_BTM] t=18 k=12 keep_nodes=[1, 2, 4, 8, 9, 11, 13, 15, 16, 17] guide=false keep_cov=0.9931 id_nonmono=false
[TRACE_BTM] t=18 k=12 reject intersect=897 internaldist=1191 flank=0
[TRACE_BTM] t=18 k=13 keep_nodes=[1, 4, 6, 7, 8, 9, 11, 13, 15] guide=false keep_cov=1.0092 id_nonmono=false
[TRACE_BTM] t=18 k=13 reject intersect=897 internaldist=1191 flank=0
[TRACE_CHECKTRF] t=18 MATCHED to kept_paths=[11] abundsum=0.9703 abund=1.0000
[TRACE_CHECKTRF_OUT] t=18 mode=matched kept_paths=[11] abundsum=0.9703
[TRACE_CHECKTRF_OUT_KEEP] t=18 k=11 keep_cov=0.9703 guide=false out_idx=11 tx_cov=0.9703 nodes=1(111148296-111149065) 4(111150431-111150559) 8(111151310-111151395) 9(111151979-111152127) 11(111152550-111152646) 12(111152646-111153380) 13(111153380-111153508) 15(111154667-111154728) 16(111174047-111174127) 18(111174393-111174426) 19(111174518-111174642) 21(111175478-111175575) exons=111148296-111149065,111150431-111150559,111151310-111151395,111151979-111152127,111152550-111153508,111154667-111154728,111174047-111174127,111174393-111174426,111174518-111174642,111175478-111175575
[TRACE_ABUND] stage=checktrf_redistribute t=18 keep=11 keep_support=0.9703 abundsum=0.9703 tf_abund=1.0000 assigned=1.0000
[TRACE_ABUND] stage=checktrf_matched_before_zero t=18 abund=1.0000 read_count=1.0000 guide=false nodes=7 detail=matched_paths=[11] abundsum=0.9703
[TRACE_ABUND] stage=checktrf_matched_after_zero t=18 abund=0.0000 read_count=1.0000 guide=false nodes=7 detail=matched_paths=[11]
[TRACE_CHECKTRF_CAND] t=20 abund=1.0000 guide=false nodes=5 passes=1
[TRACE_CHECKTRF_IN] t=20 abund=1.0000 guide=false longstart=111148300 longend=0 tf_nodes=5 coords=1(111148296-111149065) 2(111149065-111149171) 4(111150431-111150559) 8(111151310-111151395) 9(111151979-111152127)
[TRACE_CHECKTRF_KEEPSET] t=20 keeptrf=14
[TRACE_CHECKTRF_KEEP] t=20 k=0 keep_cov=5.9463 guide=false out_idx=0 tx_cov=5.9463 nodes=1(111148296-111149065) 2(111149065-111149171) 4(111150431-111150559) 8(111151310-111151395) 9(111151979-111152127) 11(111152550-111152646) 13(111153380-111153508) 15(111154667-111154728) 16(111174047-111174127) 18(111174393-111174426) 19(111174518-111174642) 20(111174642-111174799) exons=111148296-111149171,111150431-111150559,111151310-111151395,111151979-111152127,111152550-111152646,111153380-111153508,111154667-111154728,111174047-111174127,111174393-111174426,111174518-111174799
[TRACE_CHECKTRF_KEEP] t=20 k=1 keep_cov=2.9172 guide=false out_idx=1 tx_cov=2.9172 nodes=1(111148296-111149065) 2(111149065-111149171) 4(111150431-111150559) 8(111151310-111151395) 9(111151979-111152127) 11(111152550-111152646) 12(111152646-111153380) 13(111153380-111153508) 15(111154667-111154728) 16(111174047-111174127) 18(111174393-111174426) 19(111174518-111174642) 20(111174642-111174799) exons=111148296-111149171,111150431-111150559,111151310-111151395,111151979-111152127,111152550-111153508,111154667-111154728,111174047-111174127,111174393-111174426,111174518-111174799
[TRACE_CHECKTRF_KEEP] t=20 k=2 keep_cov=1.9810 guide=false out_idx=2 tx_cov=1.9810 nodes=1(111148296-111149065) 4(111150431-111150559) 8(111151310-111151395) 9(111151979-111152127) 11(111152550-111152646) 13(111153380-111153508) 15(111154667-111154728) 16(111174047-111174127) 18(111174393-111174426) 19(111174518-111174642) 20(111174642-111174799) exons=111148296-111149065,111150431-111150559,111151310-111151395,111151979-111152127,111152550-111152646,111153380-111153508,111154667-111154728,111174047-111174127,111174393-111174426,111174518-111174799
[TRACE_CHECKTRF_KEEP] t=20 k=3 keep_cov=0.9773 guide=false out_idx=3 tx_cov=0.9773 nodes=1(111148296-111149065) 2(111149065-111149171) 4(111150431-111150559) 5(111150559-111150675) 6(111150675-111150706) 8(111151310-111151395) 9(111151979-111152127) 10(111152127-111152550) 11(111152550-111152646) 12(111152646-111153380) 13(111153380-111153508) 15(111154667-111154728) 16(111174047-111174127) 18(111174393-111174426) 19(111174518-111174642) 20(111174642-111174799) exons=111148296-111149171,111150431-111150706,111151310-111151395,111151979-111153508,111154667-111154728,111174047-111174127,111174393-111174426,111174518-111174799
[TRACE_CHECKTRF_KEEP] t=20 k=4 keep_cov=0.9730 guide=false out_idx=4 tx_cov=0.9730 nodes=1(111148296-111149065) 2(111149065-111149171) 4(111150431-111150559) 5(111150559-111150675) 6(111150675-111150706) 8(111151310-111151395) 9(111151979-111152127) 11(111152550-111152646) 12(111152646-111153380) 13(111153380-111153508) 15(111154667-111154728) 16(111174047-111174127) 18(111174393-111174426) 19(111174518-111174642) 21(111175478-111175575) exons=111148296-111149171,111150431-111150706,111151310-111151395,111151979-111152127,111152550-111153508,111154667-111154728,111174047-111174127,111174393-111174426,111174518-111174642,111175478-111175575
[TRACE_CHECKTRF_KEEP] t=20 k=5 keep_cov=0.9762 guide=false out_idx=5 tx_cov=0.9762 nodes=1(111148296-111149065) 2(111149065-111149171) 4(111150431-111150559) 8(111151310-111151395) 9(111151979-111152127) 10(111152127-111152550) 11(111152550-111152646) 12(111152646-111153380) 13(111153380-111153508) 15(111154667-111154728) 16(111174047-111174127) 18(111174393-111174426) 19(111174518-111174642) 20(111174642-111174799) exons=111148296-111149171,111150431-111150559,111151310-111151395,111151979-111153508,111154667-111154728,111174047-111174127,111174393-111174426,111174518-111174799
[TRACE_CHECKTRF_KEEP] t=20 k=6 keep_cov=0.9916 guide=false out_idx=6 tx_cov=0.9916 nodes=1(111148296-111149065) 2(111149065-111149171) 4(111150431-111150559) 6(111150675-111150706) 7(111150706-111150804) 8(111151310-111151395) 9(111151979-111152127) 11(111152550-111152646) 13(111153380-111153508) 15(111154667-111154728) 16(111174047-111174127) 18(111174393-111174426) 19(111174518-111174642) 20(111174642-111174799) exons=111148296-111149171,111150431-111150559,111150675-111150804,111151310-111151395,111151979-111152127,111152550-111152646,111153380-111153508,111154667-111154728,111174047-111174127,111174393-111174426,111174518-111174799
[TRACE_CHECKTRF_KEEP] t=20 k=7 keep_cov=0.9755 guide=false out_idx=7 tx_cov=0.9755 nodes=1(111148296-111149065) 2(111149065-111149171) 4(111150431-111150559) 8(111151310-111151395) 9(111151979-111152127) 10(111152127-111152550) 11(111152550-111152646) 12(111152646-111153380) 13(111153380-111153508) 15(111154667-111154728) 16(111174047-111174127) 18(111174393-111174426) 19(111174518-111174642) 21(111175478-111175575) exons=111148296-111149171,111150431-111150559,111151310-111151395,111151979-111153508,111154667-111154728,111174047-111174127,111174393-111174426,111174518-111174642,111175478-111175575
[TRACE_CHECKTRF_KEEP] t=20 k=8 keep_cov=0.9753 guide=false out_idx=8 tx_cov=0.9753 nodes=1(111148296-111149065) 4(111150431-111150559) 8(111151310-111151395) 9(111151979-111152127) 10(111152127-111152550) 11(111152550-111152646) 12(111152646-111153380) 13(111153380-111153508) 15(111154667-111154728) 16(111174047-111174127) 18(111174393-111174426) 19(111174518-111174642) 20(111174642-111174799) exons=111148296-111149065,111150431-111150559,111151310-111151395,111151979-111153508,111154667-111154728,111174047-111174127,111174393-111174426,111174518-111174799
[TRACE_CHECKTRF_KEEP] t=20 k=9 keep_cov=0.9715 guide=false out_idx=9 tx_cov=0.9715 nodes=1(111148296-111149065) 2(111149065-111149171) 4(111150431-111150559) 8(111151310-111151395) 9(111151979-111152127) 11(111152550-111152646) 12(111152646-111153380) 13(111153380-111153508) 15(111154667-111154728) 16(111174047-111174127) 18(111174393-111174426) 19(111174518-111174642) 21(111175478-111175575) exons=111148296-111149171,111150431-111150559,111151310-111151395,111151979-111152127,111152550-111153508,111154667-111154728,111174047-111174127,111174393-111174426,111174518-111174642,111175478-111175575
[TRACE_CHECKTRF_KEEP] t=20 k=10 keep_cov=0.9904 guide=false out_idx=10 tx_cov=0.9904 nodes=1(111148296-111149065) 2(111149065-111149171) 4(111150431-111150559) 8(111151310-111151395) 9(111151979-111152127) 11(111152550-111152646) 13(111153380-111153508) 15(111154667-111154728) 16(111174047-111174127) 18(111174393-111174426) 19(111174518-111174642) 21(111175478-111175575) exons=111148296-111149171,111150431-111150559,111151310-111151395,111151979-111152127,111152550-111152646,111153380-111153508,111154667-111154728,111174047-111174127,111174393-111174426,111174518-111174642,111175478-111175575
[TRACE_CHECKTRF_KEEP] t=20 k=11 keep_cov=0.9703 guide=false out_idx=11 tx_cov=1.7633 nodes=1(111148296-111149065) 4(111150431-111150559) 8(111151310-111151395) 9(111151979-111152127) 11(111152550-111152646) 12(111152646-111153380) 13(111153380-111153508) 15(111154667-111154728) 16(111174047-111174127) 18(111174393-111174426) 19(111174518-111174642) 21(111175478-111175575) exons=111148296-111149065,111150431-111150559,111151310-111151395,111151979-111152127,111152550-111153508,111154667-111154728,111174047-111174127,111174393-111174426,111174518-111174642,111175478-111175575
[TRACE_CHECKTRF_KEEP] t=20 k=12 keep_cov=0.9931 guide=false out_idx=12 tx_cov=0.9931 nodes=1(111148296-111149065) 2(111149065-111149171) 4(111150431-111150559) 8(111151310-111151395) 9(111151979-111152127) 11(111152550-111152646) 13(111153380-111153508) 15(111154667-111154728) 16(111174047-111174127) 17(111174127-111174337) exons=111148296-111149171,111150431-111150559,111151310-111151395,111151979-111152127,111152550-111152646,111153380-111153508,111154667-111154728,111174047-111174337
[TRACE_CHECKTRF_KEEP] t=20 k=13 keep_cov=1.0092 guide=false out_idx=13 tx_cov=1.0092 nodes=1(111148296-111149065) 4(111150431-111150559) 6(111150675-111150706) 7(111150706-111150804) 8(111151310-111151395) 9(111151979-111152127) 11(111152550-111152646) 13(111153380-111153508) 15(111154667-111154728) exons=111148296-111149065,111150431-111150559,111150675-111150804,111151310-111151395,111151979-111152127,111152550-111152646,111153380-111153508,111154667-111154714
[TRACE_BTM] t=20 guide_only=false tf_nodes=[1, 2, 4, 8, 9] id_nonmono=false
[TRACE_BTM] t=20 k=0 keep_nodes=[1, 2, 4, 8, 9, 11, 13, 15, 16, 18, 19, 20] guide=false keep_cov=5.9463 id_nonmono=false
[TRACE_BTM] t=20 k=0 score intersect=1236 internaldist=0 flank=0 maxintersect=0 mininternaldist=2305843009213693951 minflank=2305843009213693951
[TRACE_BTM] t=20 after k=0 tmatch=[0] abundancesum=5.9463
[TRACE_BTM] t=20 k=1 keep_nodes=[1, 2, 4, 8, 9, 11, 12, 13, 15, 16, 18, 19, 20] guide=false keep_cov=2.9172 id_nonmono=false
[TRACE_BTM] t=20 k=1 score intersect=1236 internaldist=0 flank=0 maxintersect=1236 mininternaldist=0 minflank=0
[TRACE_BTM] t=20 after k=1 tmatch=[0, 1] abundancesum=8.8634
[TRACE_BTM] t=20 k=2 keep_nodes=[1, 4, 8, 9, 11, 13, 15, 16, 18, 19, 20] guide=false keep_cov=1.9810 id_nonmono=false
[TRACE_BTM] t=20 k=2 reject intersect=1130 internaldist=106 flank=0
[TRACE_BTM] t=20 k=3 keep_nodes=[1, 2, 4, 5, 6, 8, 9, 10, 11, 12, 13, 15, 16, 18, 19, 20] guide=false keep_cov=0.9773 id_nonmono=false
[TRACE_BTM] t=20 k=3 reject intersect=1003 internaldist=233 flank=0
[TRACE_BTM] t=20 k=4 keep_nodes=[1, 2, 4, 5, 6, 8, 9, 11, 12, 13, 15, 16, 18, 19, 21] guide=false keep_cov=0.9730 id_nonmono=false
[TRACE_BTM] t=20 k=4 reject intersect=1003 internaldist=233 flank=0
[TRACE_BTM] t=20 k=5 keep_nodes=[1, 2, 4, 8, 9, 10, 11, 12, 13, 15, 16, 18, 19, 20] guide=false keep_cov=0.9762 id_nonmono=false
[TRACE_BTM] t=20 k=5 score intersect=1236 internaldist=0 flank=0 maxintersect=1236 mininternaldist=0 minflank=0
[TRACE_BTM] t=20 after k=5 tmatch=[0, 1, 5] abundancesum=9.8396
[TRACE_BTM] t=20 k=6 keep_nodes=[1, 2, 4, 6, 7, 8, 9, 11, 13, 15, 16, 18, 19, 20] guide=false keep_cov=0.9916 id_nonmono=false
[TRACE_BTM] t=20 k=6 reject intersect=1003 internaldist=233 flank=0
[TRACE_BTM] t=20 k=7 keep_nodes=[1, 2, 4, 8, 9, 10, 11, 12, 13, 15, 16, 18, 19, 21] guide=false keep_cov=0.9755 id_nonmono=false
[TRACE_BTM] t=20 k=7 score intersect=1236 internaldist=0 flank=0 maxintersect=1236 mininternaldist=0 minflank=0
[TRACE_BTM] t=20 after k=7 tmatch=[0, 1, 5, 7] abundancesum=10.8151
[TRACE_BTM] t=20 k=8 keep_nodes=[1, 4, 8, 9, 10, 11, 12, 13, 15, 16, 18, 19, 20] guide=false keep_cov=0.9753 id_nonmono=false
[TRACE_BTM] t=20 k=8 reject intersect=1130 internaldist=106 flank=0
[TRACE_BTM] t=20 k=9 keep_nodes=[1, 2, 4, 8, 9, 11, 12, 13, 15, 16, 18, 19, 21] guide=false keep_cov=0.9715 id_nonmono=false
[TRACE_BTM] t=20 k=9 score intersect=1236 internaldist=0 flank=0 maxintersect=1236 mininternaldist=0 minflank=0
[TRACE_BTM] t=20 after k=9 tmatch=[0, 1, 5, 7, 9] abundancesum=11.7866
[TRACE_BTM] t=20 k=10 keep_nodes=[1, 2, 4, 8, 9, 11, 13, 15, 16, 18, 19, 21] guide=false keep_cov=0.9904 id_nonmono=false
[TRACE_BTM] t=20 k=10 score intersect=1236 internaldist=0 flank=0 maxintersect=1236 mininternaldist=0 minflank=0
[TRACE_BTM] t=20 after k=10 tmatch=[0, 1, 5, 7, 9, 10] abundancesum=12.7770
[TRACE_BTM] t=20 k=11 keep_nodes=[1, 4, 8, 9, 11, 12, 13, 15, 16, 18, 19, 21] guide=false keep_cov=0.9703 id_nonmono=false
[TRACE_BTM] t=20 k=11 reject intersect=1130 internaldist=106 flank=0
[TRACE_BTM] t=20 k=12 keep_nodes=[1, 2, 4, 8, 9, 11, 13, 15, 16, 17] guide=false keep_cov=0.9931 id_nonmono=false
[TRACE_BTM] t=20 k=12 score intersect=1236 internaldist=0 flank=0 maxintersect=1236 mininternaldist=0 minflank=0
[TRACE_BTM] t=20 after k=12 tmatch=[0, 1, 5, 7, 9, 10, 12] abundancesum=13.7701
[TRACE_BTM] t=20 k=13 keep_nodes=[1, 4, 6, 7, 8, 9, 11, 13, 15] guide=false keep_cov=1.0092 id_nonmono=false
[TRACE_BTM] t=20 k=13 reject intersect=897 internaldist=339 flank=0
[TRACE_CHECKTRF] t=20 MATCHED to kept_paths=[0, 1, 5, 7, 9, 10, 12] abundsum=13.7701 abund=1.0000
[TRACE_CHECKTRF_OUT] t=20 mode=matched kept_paths=[0, 1, 5, 7, 9, 10, 12] abundsum=13.7701
[TRACE_CHECKTRF_OUT_KEEP] t=20 k=0 keep_cov=5.9463 guide=false out_idx=0 tx_cov=5.9463 nodes=1(111148296-111149065) 2(111149065-111149171) 4(111150431-111150559) 8(111151310-111151395) 9(111151979-111152127) 11(111152550-111152646) 13(111153380-111153508) 15(111154667-111154728) 16(111174047-111174127) 18(111174393-111174426) 19(111174518-111174642) 20(111174642-111174799) exons=111148296-111149171,111150431-111150559,111151310-111151395,111151979-111152127,111152550-111152646,111153380-111153508,111154667-111154728,111174047-111174127,111174393-111174426,111174518-111174799
[TRACE_CHECKTRF_OUT_KEEP] t=20 k=1 keep_cov=2.9172 guide=false out_idx=1 tx_cov=2.9172 nodes=1(111148296-111149065) 2(111149065-111149171) 4(111150431-111150559) 8(111151310-111151395) 9(111151979-111152127) 11(111152550-111152646) 12(111152646-111153380) 13(111153380-111153508) 15(111154667-111154728) 16(111174047-111174127) 18(111174393-111174426) 19(111174518-111174642) 20(111174642-111174799) exons=111148296-111149171,111150431-111150559,111151310-111151395,111151979-111152127,111152550-111153508,111154667-111154728,111174047-111174127,111174393-111174426,111174518-111174799
[TRACE_CHECKTRF_OUT_KEEP] t=20 k=5 keep_cov=0.9762 guide=false out_idx=5 tx_cov=0.9762 nodes=1(111148296-111149065) 2(111149065-111149171) 4(111150431-111150559) 8(111151310-111151395) 9(111151979-111152127) 10(111152127-111152550) 11(111152550-111152646) 12(111152646-111153380) 13(111153380-111153508) 15(111154667-111154728) 16(111174047-111174127) 18(111174393-111174426) 19(111174518-111174642) 20(111174642-111174799) exons=111148296-111149171,111150431-111150559,111151310-111151395,111151979-111153508,111154667-111154728,111174047-111174127,111174393-111174426,111174518-111174799
[TRACE_CHECKTRF_OUT_KEEP] t=20 k=7 keep_cov=0.9755 guide=false out_idx=7 tx_cov=0.9755 nodes=1(111148296-111149065) 2(111149065-111149171) 4(111150431-111150559) 8(111151310-111151395) 9(111151979-111152127) 10(111152127-111152550) 11(111152550-111152646) 12(111152646-111153380) 13(111153380-111153508) 15(111154667-111154728) 16(111174047-111174127) 18(111174393-111174426) 19(111174518-111174642) 21(111175478-111175575) exons=111148296-111149171,111150431-111150559,111151310-111151395,111151979-111153508,111154667-111154728,111174047-111174127,111174393-111174426,111174518-111174642,111175478-111175575
[TRACE_CHECKTRF_OUT_KEEP] t=20 k=9 keep_cov=0.9715 guide=false out_idx=9 tx_cov=0.9715 nodes=1(111148296-111149065) 2(111149065-111149171) 4(111150431-111150559) 8(111151310-111151395) 9(111151979-111152127) 11(111152550-111152646) 12(111152646-111153380) 13(111153380-111153508) 15(111154667-111154728) 16(111174047-111174127) 18(111174393-111174426) 19(111174518-111174642) 21(111175478-111175575) exons=111148296-111149171,111150431-111150559,111151310-111151395,111151979-111152127,111152550-111153508,111154667-111154728,111174047-111174127,111174393-111174426,111174518-111174642,111175478-111175575
[TRACE_CHECKTRF_OUT_KEEP] t=20 k=10 keep_cov=0.9904 guide=false out_idx=10 tx_cov=0.9904 nodes=1(111148296-111149065) 2(111149065-111149171) 4(111150431-111150559) 8(111151310-111151395) 9(111151979-111152127) 11(111152550-111152646) 13(111153380-111153508) 15(111154667-111154728) 16(111174047-111174127) 18(111174393-111174426) 19(111174518-111174642) 21(111175478-111175575) exons=111148296-111149171,111150431-111150559,111151310-111151395,111151979-111152127,111152550-111152646,111153380-111153508,111154667-111154728,111174047-111174127,111174393-111174426,111174518-111174642,111175478-111175575
[TRACE_CHECKTRF_OUT_KEEP] t=20 k=12 keep_cov=0.9931 guide=false out_idx=12 tx_cov=0.9931 nodes=1(111148296-111149065) 2(111149065-111149171) 4(111150431-111150559) 8(111151310-111151395) 9(111151979-111152127) 11(111152550-111152646) 13(111153380-111153508) 15(111154667-111154728) 16(111174047-111174127) 17(111174127-111174337) exons=111148296-111149171,111150431-111150559,111151310-111151395,111151979-111152127,111152550-111152646,111153380-111153508,111154667-111154728,111174047-111174337
[TRACE_ABUND] stage=checktrf_redistribute t=20 keep=0 keep_support=5.9463 abundsum=13.7701 tf_abund=1.0000 assigned=0.4318
[TRACE_ABUND] stage=checktrf_redistribute t=20 keep=1 keep_support=2.9172 abundsum=13.7701 tf_abund=1.0000 assigned=0.2118
[TRACE_ABUND] stage=checktrf_redistribute t=20 keep=5 keep_support=0.9762 abundsum=13.7701 tf_abund=1.0000 assigned=0.0709
[TRACE_ABUND] stage=checktrf_redistribute t=20 keep=7 keep_support=0.9755 abundsum=13.7701 tf_abund=1.0000 assigned=0.0708
[TRACE_ABUND] stage=checktrf_redistribute t=20 keep=9 keep_support=0.9715 abundsum=13.7701 tf_abund=1.0000 assigned=0.0705
[TRACE_ABUND] stage=checktrf_redistribute t=20 keep=10 keep_support=0.9904 abundsum=13.7701 tf_abund=1.0000 assigned=0.0719
[TRACE_ABUND] stage=checktrf_redistribute t=20 keep=12 keep_support=0.9931 abundsum=13.7701 tf_abund=1.0000 assigned=0.0721
[TRACE_ABUND] stage=checktrf_matched_before_zero t=20 abund=1.0000 read_count=1.0000 guide=false nodes=5 detail=matched_paths=[0, 1, 5, 7, 9, 10, 12] abundsum=13.7701
[TRACE_ABUND] stage=checktrf_matched_after_zero t=20 abund=0.0000 read_count=1.0000 guide=false nodes=5 detail=matched_paths=[0, 1, 5, 7, 9, 10, 12]
[TRACE_CHECKTRF_CAND] t=22 abund=1.0000 guide=false nodes=3 passes=1
[TRACE_CHECKTRF_IN] t=22 abund=1.0000 guide=false longstart=111148300 longend=0 tf_nodes=3 coords=1(111148296-111149065) 2(111149065-111149171) 4(111150431-111150559)
[TRACE_CHECKTRF_KEEPSET] t=22 keeptrf=14
[TRACE_CHECKTRF_KEEP] t=22 k=0 keep_cov=5.9463 guide=false out_idx=0 tx_cov=6.2241 nodes=1(111148296-111149065) 2(111149065-111149171) 4(111150431-111150559) 8(111151310-111151395) 9(111151979-111152127) 11(111152550-111152646) 13(111153380-111153508) 15(111154667-111154728) 16(111174047-111174127) 18(111174393-111174426) 19(111174518-111174642) 20(111174642-111174799) exons=111148296-111149171,111150431-111150559,111151310-111151395,111151979-111152127,111152550-111152646,111153380-111153508,111154667-111154728,111174047-111174127,111174393-111174426,111174518-111174799
[TRACE_CHECKTRF_KEEP] t=22 k=1 keep_cov=2.9172 guide=false out_idx=1 tx_cov=3.0157 nodes=1(111148296-111149065) 2(111149065-111149171) 4(111150431-111150559) 8(111151310-111151395) 9(111151979-111152127) 11(111152550-111152646) 12(111152646-111153380) 13(111153380-111153508) 15(111154667-111154728) 16(111174047-111174127) 18(111174393-111174426) 19(111174518-111174642) 20(111174642-111174799) exons=111148296-111149171,111150431-111150559,111151310-111151395,111151979-111152127,111152550-111153508,111154667-111154728,111174047-111174127,111174393-111174426,111174518-111174799
[TRACE_CHECKTRF_KEEP] t=22 k=2 keep_cov=1.9810 guide=false out_idx=2 tx_cov=1.9810 nodes=1(111148296-111149065) 4(111150431-111150559) 8(111151310-111151395) 9(111151979-111152127) 11(111152550-111152646) 13(111153380-111153508) 15(111154667-111154728) 16(111174047-111174127) 18(111174393-111174426) 19(111174518-111174642) 20(111174642-111174799) exons=111148296-111149065,111150431-111150559,111151310-111151395,111151979-111152127,111152550-111152646,111153380-111153508,111154667-111154728,111174047-111174127,111174393-111174426,111174518-111174799
[TRACE_CHECKTRF_KEEP] t=22 k=3 keep_cov=0.9773 guide=false out_idx=3 tx_cov=0.9773 nodes=1(111148296-111149065) 2(111149065-111149171) 4(111150431-111150559) 5(111150559-111150675) 6(111150675-111150706) 8(111151310-111151395) 9(111151979-111152127) 10(111152127-111152550) 11(111152550-111152646) 12(111152646-111153380) 13(111153380-111153508) 15(111154667-111154728) 16(111174047-111174127) 18(111174393-111174426) 19(111174518-111174642) 20(111174642-111174799) exons=111148296-111149171,111150431-111150706,111151310-111151395,111151979-111153508,111154667-111154728,111174047-111174127,111174393-111174426,111174518-111174799
[TRACE_CHECKTRF_KEEP] t=22 k=4 keep_cov=0.9730 guide=false out_idx=4 tx_cov=0.9730 nodes=1(111148296-111149065) 2(111149065-111149171) 4(111150431-111150559) 5(111150559-111150675) 6(111150675-111150706) 8(111151310-111151395) 9(111151979-111152127) 11(111152550-111152646) 12(111152646-111153380) 13(111153380-111153508) 15(111154667-111154728) 16(111174047-111174127) 18(111174393-111174426) 19(111174518-111174642) 21(111175478-111175575) exons=111148296-111149171,111150431-111150706,111151310-111151395,111151979-111152127,111152550-111153508,111154667-111154728,111174047-111174127,111174393-111174426,111174518-111174642,111175478-111175575
[TRACE_CHECKTRF_KEEP] t=22 k=5 keep_cov=0.9762 guide=false out_idx=5 tx_cov=1.0046 nodes=1(111148296-111149065) 2(111149065-111149171) 4(111150431-111150559) 8(111151310-111151395) 9(111151979-111152127) 10(111152127-111152550) 11(111152550-111152646) 12(111152646-111153380) 13(111153380-111153508) 15(111154667-111154728) 16(111174047-111174127) 18(111174393-111174426) 19(111174518-111174642) 20(111174642-111174799) exons=111148296-111149171,111150431-111150559,111151310-111151395,111151979-111153508,111154667-111154728,111174047-111174127,111174393-111174426,111174518-111174799
[TRACE_CHECKTRF_KEEP] t=22 k=6 keep_cov=0.9916 guide=false out_idx=6 tx_cov=0.9916 nodes=1(111148296-111149065) 2(111149065-111149171) 4(111150431-111150559) 6(111150675-111150706) 7(111150706-111150804) 8(111151310-111151395) 9(111151979-111152127) 11(111152550-111152646) 13(111153380-111153508) 15(111154667-111154728) 16(111174047-111174127) 18(111174393-111174426) 19(111174518-111174642) 20(111174642-111174799) exons=111148296-111149171,111150431-111150559,111150675-111150804,111151310-111151395,111151979-111152127,111152550-111152646,111153380-111153508,111154667-111154728,111174047-111174127,111174393-111174426,111174518-111174799
[TRACE_CHECKTRF_KEEP] t=22 k=7 keep_cov=0.9755 guide=false out_idx=7 tx_cov=1.0045 nodes=1(111148296-111149065) 2(111149065-111149171) 4(111150431-111150559) 8(111151310-111151395) 9(111151979-111152127) 10(111152127-111152550) 11(111152550-111152646) 12(111152646-111153380) 13(111153380-111153508) 15(111154667-111154728) 16(111174047-111174127) 18(111174393-111174426) 19(111174518-111174642) 21(111175478-111175575) exons=111148296-111149171,111150431-111150559,111151310-111151395,111151979-111153508,111154667-111154728,111174047-111174127,111174393-111174426,111174518-111174642,111175478-111175575
[TRACE_CHECKTRF_KEEP] t=22 k=8 keep_cov=0.9753 guide=false out_idx=8 tx_cov=0.9753 nodes=1(111148296-111149065) 4(111150431-111150559) 8(111151310-111151395) 9(111151979-111152127) 10(111152127-111152550) 11(111152550-111152646) 12(111152646-111153380) 13(111153380-111153508) 15(111154667-111154728) 16(111174047-111174127) 18(111174393-111174426) 19(111174518-111174642) 20(111174642-111174799) exons=111148296-111149065,111150431-111150559,111151310-111151395,111151979-111153508,111154667-111154728,111174047-111174127,111174393-111174426,111174518-111174799
[TRACE_CHECKTRF_KEEP] t=22 k=9 keep_cov=0.9715 guide=false out_idx=9 tx_cov=1.0051 nodes=1(111148296-111149065) 2(111149065-111149171) 4(111150431-111150559) 8(111151310-111151395) 9(111151979-111152127) 11(111152550-111152646) 12(111152646-111153380) 13(111153380-111153508) 15(111154667-111154728) 16(111174047-111174127) 18(111174393-111174426) 19(111174518-111174642) 21(111175478-111175575) exons=111148296-111149171,111150431-111150559,111151310-111151395,111151979-111152127,111152550-111153508,111154667-111154728,111174047-111174127,111174393-111174426,111174518-111174642,111175478-111175575
[TRACE_CHECKTRF_KEEP] t=22 k=10 keep_cov=0.9904 guide=false out_idx=10 tx_cov=1.0381 nodes=1(111148296-111149065) 2(111149065-111149171) 4(111150431-111150559) 8(111151310-111151395) 9(111151979-111152127) 11(111152550-111152646) 13(111153380-111153508) 15(111154667-111154728) 16(111174047-111174127) 18(111174393-111174426) 19(111174518-111174642) 21(111175478-111175575) exons=111148296-111149171,111150431-111150559,111151310-111151395,111151979-111152127,111152550-111152646,111153380-111153508,111154667-111154728,111174047-111174127,111174393-111174426,111174518-111174642,111175478-111175575
[TRACE_CHECKTRF_KEEP] t=22 k=11 keep_cov=0.9703 guide=false out_idx=11 tx_cov=1.7633 nodes=1(111148296-111149065) 4(111150431-111150559) 8(111151310-111151395) 9(111151979-111152127) 11(111152550-111152646) 12(111152646-111153380) 13(111153380-111153508) 15(111154667-111154728) 16(111174047-111174127) 18(111174393-111174426) 19(111174518-111174642) 21(111175478-111175575) exons=111148296-111149065,111150431-111150559,111151310-111151395,111151979-111152127,111152550-111153508,111154667-111154728,111174047-111174127,111174393-111174426,111174518-111174642,111175478-111175575
[TRACE_CHECKTRF_KEEP] t=22 k=12 keep_cov=0.9931 guide=false out_idx=12 tx_cov=1.0422 nodes=1(111148296-111149065) 2(111149065-111149171) 4(111150431-111150559) 8(111151310-111151395) 9(111151979-111152127) 11(111152550-111152646) 13(111153380-111153508) 15(111154667-111154728) 16(111174047-111174127) 17(111174127-111174337) exons=111148296-111149171,111150431-111150559,111151310-111151395,111151979-111152127,111152550-111152646,111153380-111153508,111154667-111154728,111174047-111174337
[TRACE_CHECKTRF_KEEP] t=22 k=13 keep_cov=1.0092 guide=false out_idx=13 tx_cov=1.0092 nodes=1(111148296-111149065) 4(111150431-111150559) 6(111150675-111150706) 7(111150706-111150804) 8(111151310-111151395) 9(111151979-111152127) 11(111152550-111152646) 13(111153380-111153508) 15(111154667-111154728) exons=111148296-111149065,111150431-111150559,111150675-111150804,111151310-111151395,111151979-111152127,111152550-111152646,111153380-111153508,111154667-111154714
[TRACE_BTM] t=22 guide_only=false tf_nodes=[1, 2, 4] id_nonmono=false
[TRACE_BTM] t=22 k=0 keep_nodes=[1, 2, 4, 8, 9, 11, 13, 15, 16, 18, 19, 20] guide=false keep_cov=5.9463 id_nonmono=false
[TRACE_BTM] t=22 k=0 score intersect=1003 internaldist=0 flank=0 maxintersect=0 mininternaldist=2305843009213693951 minflank=2305843009213693951
[TRACE_BTM] t=22 after k=0 tmatch=[0] abundancesum=5.9463
[TRACE_BTM] t=22 k=1 keep_nodes=[1, 2, 4, 8, 9, 11, 12, 13, 15, 16, 18, 19, 20] guide=false keep_cov=2.9172 id_nonmono=false
[TRACE_BTM] t=22 k=1 score intersect=1003 internaldist=0 flank=0 maxintersect=1003 mininternaldist=0 minflank=0
[TRACE_BTM] t=22 after k=1 tmatch=[0, 1] abundancesum=8.8634
[TRACE_BTM] t=22 k=2 keep_nodes=[1, 4, 8, 9, 11, 13, 15, 16, 18, 19, 20] guide=false keep_cov=1.9810 id_nonmono=false
[TRACE_BTM] t=22 k=2 reject intersect=897 internaldist=106 flank=0
[TRACE_BTM] t=22 k=3 keep_nodes=[1, 2, 4, 5, 6, 8, 9, 10, 11, 12, 13, 15, 16, 18, 19, 20] guide=false keep_cov=0.9773 id_nonmono=false
[TRACE_BTM] t=22 k=3 score intersect=1003 internaldist=0 flank=0 maxintersect=1003 mininternaldist=0 minflank=0
[TRACE_BTM] t=22 after k=3 tmatch=[0, 1, 3] abundancesum=9.8407
[TRACE_BTM] t=22 k=4 keep_nodes=[1, 2, 4, 5, 6, 8, 9, 11, 12, 13, 15, 16, 18, 19, 21] guide=false keep_cov=0.9730 id_nonmono=false
[TRACE_BTM] t=22 k=4 score intersect=1003 internaldist=0 flank=0 maxintersect=1003 mininternaldist=0 minflank=0
[TRACE_BTM] t=22 after k=4 tmatch=[0, 1, 3, 4] abundancesum=10.8137
[TRACE_BTM] t=22 k=5 keep_nodes=[1, 2, 4, 8, 9, 10, 11, 12, 13, 15, 16, 18, 19, 20] guide=false keep_cov=0.9762 id_nonmono=false
[TRACE_BTM] t=22 k=5 score intersect=1003 internaldist=0 flank=0 maxintersect=1003 mininternaldist=0 minflank=0
[TRACE_BTM] t=22 after k=5 tmatch=[0, 1, 3, 4, 5] abundancesum=11.7899
[TRACE_BTM] t=22 k=6 keep_nodes=[1, 2, 4, 6, 7, 8, 9, 11, 13, 15, 16, 18, 19, 20] guide=false keep_cov=0.9916 id_nonmono=false
[TRACE_BTM] t=22 k=6 score intersect=1003 internaldist=0 flank=0 maxintersect=1003 mininternaldist=0 minflank=0
[TRACE_BTM] t=22 after k=6 tmatch=[0, 1, 3, 4, 5, 6] abundancesum=12.7815
[TRACE_BTM] t=22 k=7 keep_nodes=[1, 2, 4, 8, 9, 10, 11, 12, 13, 15, 16, 18, 19, 21] guide=false keep_cov=0.9755 id_nonmono=false
[TRACE_BTM] t=22 k=7 score intersect=1003 internaldist=0 flank=0 maxintersect=1003 mininternaldist=0 minflank=0
[TRACE_BTM] t=22 after k=7 tmatch=[0, 1, 3, 4, 5, 6, 7] abundancesum=13.7570
[TRACE_BTM] t=22 k=8 keep_nodes=[1, 4, 8, 9, 10, 11, 12, 13, 15, 16, 18, 19, 20] guide=false keep_cov=0.9753 id_nonmono=false
[TRACE_BTM] t=22 k=8 reject intersect=897 internaldist=106 flank=0
[TRACE_BTM] t=22 k=9 keep_nodes=[1, 2, 4, 8, 9, 11, 12, 13, 15, 16, 18, 19, 21] guide=false keep_cov=0.9715 id_nonmono=false
[TRACE_BTM] t=22 k=9 score intersect=1003 internaldist=0 flank=0 maxintersect=1003 mininternaldist=0 minflank=0
[TRACE_BTM] t=22 after k=9 tmatch=[0, 1, 3, 4, 5, 6, 7, 9] abundancesum=14.7285
[TRACE_BTM] t=22 k=10 keep_nodes=[1, 2, 4, 8, 9, 11, 13, 15, 16, 18, 19, 21] guide=false keep_cov=0.9904 id_nonmono=false
[TRACE_BTM] t=22 k=10 score intersect=1003 internaldist=0 flank=0 maxintersect=1003 mininternaldist=0 minflank=0
[TRACE_BTM] t=22 after k=10 tmatch=[0, 1, 3, 4, 5, 6, 7, 9, 10] abundancesum=15.7189
[TRACE_BTM] t=22 k=11 keep_nodes=[1, 4, 8, 9, 11, 12, 13, 15, 16, 18, 19, 21] guide=false keep_cov=0.9703 id_nonmono=false
[TRACE_BTM] t=22 k=11 reject intersect=897 internaldist=106 flank=0
[TRACE_BTM] t=22 k=12 keep_nodes=[1, 2, 4, 8, 9, 11, 13, 15, 16, 17] guide=false keep_cov=0.9931 id_nonmono=false
[TRACE_BTM] t=22 k=12 score intersect=1003 internaldist=0 flank=0 maxintersect=1003 mininternaldist=0 minflank=0
[TRACE_BTM] t=22 after k=12 tmatch=[0, 1, 3, 4, 5, 6, 7, 9, 10, 12] abundancesum=16.7120
[TRACE_BTM] t=22 k=13 keep_nodes=[1, 4, 6, 7, 8, 9, 11, 13, 15] guide=false keep_cov=1.0092 id_nonmono=false
[TRACE_BTM] t=22 k=13 reject intersect=897 internaldist=106 flank=0
[TRACE_CHECKTRF] t=22 MATCHED to kept_paths=[0, 1, 3, 4, 5, 6, 7, 9, 10, 12] abundsum=16.7120 abund=1.0000
[TRACE_CHECKTRF_OUT] t=22 mode=matched kept_paths=[0, 1, 3, 4, 5, 6, 7, 9, 10, 12] abundsum=16.7120
[TRACE_CHECKTRF_OUT_KEEP] t=22 k=0 keep_cov=5.9463 guide=false out_idx=0 tx_cov=6.2241 nodes=1(111148296-111149065) 2(111149065-111149171) 4(111150431-111150559) 8(111151310-111151395) 9(111151979-111152127) 11(111152550-111152646) 13(111153380-111153508) 15(111154667-111154728) 16(111174047-111174127) 18(111174393-111174426) 19(111174518-111174642) 20(111174642-111174799) exons=111148296-111149171,111150431-111150559,111151310-111151395,111151979-111152127,111152550-111152646,111153380-111153508,111154667-111154728,111174047-111174127,111174393-111174426,111174518-111174799
[TRACE_CHECKTRF_OUT_KEEP] t=22 k=1 keep_cov=2.9172 guide=false out_idx=1 tx_cov=3.0157 nodes=1(111148296-111149065) 2(111149065-111149171) 4(111150431-111150559) 8(111151310-111151395) 9(111151979-111152127) 11(111152550-111152646) 12(111152646-111153380) 13(111153380-111153508) 15(111154667-111154728) 16(111174047-111174127) 18(111174393-111174426) 19(111174518-111174642) 20(111174642-111174799) exons=111148296-111149171,111150431-111150559,111151310-111151395,111151979-111152127,111152550-111153508,111154667-111154728,111174047-111174127,111174393-111174426,111174518-111174799
[TRACE_CHECKTRF_OUT_KEEP] t=22 k=3 keep_cov=0.9773 guide=false out_idx=3 tx_cov=0.9773 nodes=1(111148296-111149065) 2(111149065-111149171) 4(111150431-111150559) 5(111150559-111150675) 6(111150675-111150706) 8(111151310-111151395) 9(111151979-111152127) 10(111152127-111152550) 11(111152550-111152646) 12(111152646-111153380) 13(111153380-111153508) 15(111154667-111154728) 16(111174047-111174127) 18(111174393-111174426) 19(111174518-111174642) 20(111174642-111174799) exons=111148296-111149171,111150431-111150706,111151310-111151395,111151979-111153508,111154667-111154728,111174047-111174127,111174393-111174426,111174518-111174799
[TRACE_CHECKTRF_OUT_KEEP] t=22 k=4 keep_cov=0.9730 guide=false out_idx=4 tx_cov=0.9730 nodes=1(111148296-111149065) 2(111149065-111149171) 4(111150431-111150559) 5(111150559-111150675) 6(111150675-111150706) 8(111151310-111151395) 9(111151979-111152127) 11(111152550-111152646) 12(111152646-111153380) 13(111153380-111153508) 15(111154667-111154728) 16(111174047-111174127) 18(111174393-111174426) 19(111174518-111174642) 21(111175478-111175575) exons=111148296-111149171,111150431-111150706,111151310-111151395,111151979-111152127,111152550-111153508,111154667-111154728,111174047-111174127,111174393-111174426,111174518-111174642,111175478-111175575
[TRACE_CHECKTRF_OUT_KEEP] t=22 k=5 keep_cov=0.9762 guide=false out_idx=5 tx_cov=1.0046 nodes=1(111148296-111149065) 2(111149065-111149171) 4(111150431-111150559) 8(111151310-111151395) 9(111151979-111152127) 10(111152127-111152550) 11(111152550-111152646) 12(111152646-111153380) 13(111153380-111153508) 15(111154667-111154728) 16(111174047-111174127) 18(111174393-111174426) 19(111174518-111174642) 20(111174642-111174799) exons=111148296-111149171,111150431-111150559,111151310-111151395,111151979-111153508,111154667-111154728,111174047-111174127,111174393-111174426,111174518-111174799
[TRACE_CHECKTRF_OUT_KEEP] t=22 k=6 keep_cov=0.9916 guide=false out_idx=6 tx_cov=0.9916 nodes=1(111148296-111149065) 2(111149065-111149171) 4(111150431-111150559) 6(111150675-111150706) 7(111150706-111150804) 8(111151310-111151395) 9(111151979-111152127) 11(111152550-111152646) 13(111153380-111153508) 15(111154667-111154728) 16(111174047-111174127) 18(111174393-111174426) 19(111174518-111174642) 20(111174642-111174799) exons=111148296-111149171,111150431-111150559,111150675-111150804,111151310-111151395,111151979-111152127,111152550-111152646,111153380-111153508,111154667-111154728,111174047-111174127,111174393-111174426,111174518-111174799
[TRACE_CHECKTRF_OUT_KEEP] t=22 k=7 keep_cov=0.9755 guide=false out_idx=7 tx_cov=1.0045 nodes=1(111148296-111149065) 2(111149065-111149171) 4(111150431-111150559) 8(111151310-111151395) 9(111151979-111152127) 10(111152127-111152550) 11(111152550-111152646) 12(111152646-111153380) 13(111153380-111153508) 15(111154667-111154728) 16(111174047-111174127) 18(111174393-111174426) 19(111174518-111174642) 21(111175478-111175575) exons=111148296-111149171,111150431-111150559,111151310-111151395,111151979-111153508,111154667-111154728,111174047-111174127,111174393-111174426,111174518-111174642,111175478-111175575
[TRACE_CHECKTRF_OUT_KEEP] t=22 k=9 keep_cov=0.9715 guide=false out_idx=9 tx_cov=1.0051 nodes=1(111148296-111149065) 2(111149065-111149171) 4(111150431-111150559) 8(111151310-111151395) 9(111151979-111152127) 11(111152550-111152646) 12(111152646-111153380) 13(111153380-111153508) 15(111154667-111154728) 16(111174047-111174127) 18(111174393-111174426) 19(111174518-111174642) 21(111175478-111175575) exons=111148296-111149171,111150431-111150559,111151310-111151395,111151979-111152127,111152550-111153508,111154667-111154728,111174047-111174127,111174393-111174426,111174518-111174642,111175478-111175575
[TRACE_CHECKTRF_OUT_KEEP] t=22 k=10 keep_cov=0.9904 guide=false out_idx=10 tx_cov=1.0381 nodes=1(111148296-111149065) 2(111149065-111149171) 4(111150431-111150559) 8(111151310-111151395) 9(111151979-111152127) 11(111152550-111152646) 13(111153380-111153508) 15(111154667-111154728) 16(111174047-111174127) 18(111174393-111174426) 19(111174518-111174642) 21(111175478-111175575) exons=111148296-111149171,111150431-111150559,111151310-111151395,111151979-111152127,111152550-111152646,111153380-111153508,111154667-111154728,111174047-111174127,111174393-111174426,111174518-111174642,111175478-111175575
[TRACE_CHECKTRF_OUT_KEEP] t=22 k=12 keep_cov=0.9931 guide=false out_idx=12 tx_cov=1.0422 nodes=1(111148296-111149065) 2(111149065-111149171) 4(111150431-111150559) 8(111151310-111151395) 9(111151979-111152127) 11(111152550-111152646) 13(111153380-111153508) 15(111154667-111154728) 16(111174047-111174127) 17(111174127-111174337) exons=111148296-111149171,111150431-111150559,111151310-111151395,111151979-111152127,111152550-111152646,111153380-111153508,111154667-111154728,111174047-111174337
[TRACE_ABUND] stage=checktrf_redistribute t=22 keep=0 keep_support=5.9463 abundsum=16.7120 tf_abund=1.0000 assigned=0.3558
[TRACE_ABUND] stage=checktrf_redistribute t=22 keep=1 keep_support=2.9172 abundsum=16.7120 tf_abund=1.0000 assigned=0.1746
[TRACE_ABUND] stage=checktrf_redistribute t=22 keep=3 keep_support=0.9773 abundsum=16.7120 tf_abund=1.0000 assigned=0.0585
[TRACE_ABUND] stage=checktrf_redistribute t=22 keep=4 keep_support=0.9730 abundsum=16.7120 tf_abund=1.0000 assigned=0.0582
[TRACE_ABUND] stage=checktrf_redistribute t=22 keep=5 keep_support=0.9762 abundsum=16.7120 tf_abund=1.0000 assigned=0.0584
[TRACE_ABUND] stage=checktrf_redistribute t=22 keep=6 keep_support=0.9916 abundsum=16.7120 tf_abund=1.0000 assigned=0.0593
[TRACE_ABUND] stage=checktrf_redistribute t=22 keep=7 keep_support=0.9755 abundsum=16.7120 tf_abund=1.0000 assigned=0.0584
[TRACE_ABUND] stage=checktrf_redistribute t=22 keep=9 keep_support=0.9715 abundsum=16.7120 tf_abund=1.0000 assigned=0.0581
[TRACE_ABUND] stage=checktrf_redistribute t=22 keep=10 keep_support=0.9904 abundsum=16.7120 tf_abund=1.0000 assigned=0.0593
[TRACE_ABUND] stage=checktrf_redistribute t=22 keep=12 keep_support=0.9931 abundsum=16.7120 tf_abund=1.0000 assigned=0.0594
[TRACE_ABUND] stage=checktrf_matched_before_zero t=22 abund=1.0000 read_count=1.0000 guide=false nodes=3 detail=matched_paths=[0, 1, 3, 4, 5, 6, 7, 9, 10, 12] abundsum=16.7120
[TRACE_ABUND] stage=checktrf_matched_after_zero t=22 abund=0.0000 read_count=1.0000 guide=false nodes=3 detail=matched_paths=[0, 1, 3, 4, 5, 6, 7, 9, 10, 12]
[TRACE_BTM] t=11 guide_only=false tf_nodes=[3, 4, 8, 9, 11, 12, 13, 15, 16, 18, 19, 21] id_nonmono=false
[TRACE_BTM] t=11 k=0 keep_nodes=[1, 2, 4, 8, 9, 11, 13, 15, 16, 18, 19, 20] guide=false keep_cov=5.9463 id_nonmono=false
[TRACE_BTM] t=11 k=1 keep_nodes=[1, 2, 4, 8, 9, 11, 12, 13, 15, 16, 18, 19, 20] guide=false keep_cov=2.9172 id_nonmono=false
[TRACE_BTM] t=11 k=2 keep_nodes=[1, 4, 8, 9, 11, 13, 15, 16, 18, 19, 20] guide=false keep_cov=1.9810 id_nonmono=false
[TRACE_BTM] t=11 k=3 keep_nodes=[1, 2, 4, 5, 6, 8, 9, 10, 11, 12, 13, 15, 16, 18, 19, 20] guide=false keep_cov=0.9773 id_nonmono=false
[TRACE_BTM] t=11 k=4 keep_nodes=[1, 2, 4, 5, 6, 8, 9, 11, 12, 13, 15, 16, 18, 19, 21] guide=false keep_cov=0.9730 id_nonmono=false
[TRACE_BTM] t=11 k=5 keep_nodes=[1, 2, 4, 8, 9, 10, 11, 12, 13, 15, 16, 18, 19, 20] guide=false keep_cov=0.9762 id_nonmono=false
[TRACE_BTM] t=11 k=6 keep_nodes=[1, 2, 4, 6, 7, 8, 9, 11, 13, 15, 16, 18, 19, 20] guide=false keep_cov=0.9916 id_nonmono=false
[TRACE_BTM] t=11 k=7 keep_nodes=[1, 2, 4, 8, 9, 10, 11, 12, 13, 15, 16, 18, 19, 21] guide=false keep_cov=0.9755 id_nonmono=false
[TRACE_BTM] t=11 k=8 keep_nodes=[1, 4, 8, 9, 10, 11, 12, 13, 15, 16, 18, 19, 20] guide=false keep_cov=0.9753 id_nonmono=false
[TRACE_BTM] t=11 k=9 keep_nodes=[1, 2, 4, 8, 9, 11, 12, 13, 15, 16, 18, 19, 21] guide=false keep_cov=0.9715 id_nonmono=false
[TRACE_BTM] t=11 k=10 keep_nodes=[1, 2, 4, 8, 9, 11, 13, 15, 16, 18, 19, 21] guide=false keep_cov=0.9904 id_nonmono=false
[TRACE_BTM] t=11 k=11 keep_nodes=[1, 4, 8, 9, 11, 12, 13, 15, 16, 18, 19, 21] guide=false keep_cov=0.9703 id_nonmono=false
[TRACE_BTM] t=11 k=12 keep_nodes=[1, 2, 4, 8, 9, 11, 13, 15, 16, 17] guide=false keep_cov=0.9931 id_nonmono=false
[TRACE_BTM] t=11 k=13 keep_nodes=[1, 4, 6, 7, 8, 9, 11, 13, 15] guide=false keep_cov=1.0092 id_nonmono=false
[TRACE_BTM] t=16 guide_only=false tf_nodes=[1, 4, 8, 9, 11, 13, 15, 16, 18] id_nonmono=false
[TRACE_BTM] t=16 k=0 keep_nodes=[1, 2, 4, 8, 9, 11, 13, 15, 16, 18, 19, 20] guide=false keep_cov=5.9463 id_nonmono=false
[TRACE_BTM] t=16 k=0 reject intersect=769 internaldist=759 flank=0
[TRACE_BTM] t=16 k=1 keep_nodes=[1, 2, 4, 8, 9, 11, 12, 13, 15, 16, 18, 19, 20] guide=false keep_cov=2.9172 id_nonmono=false
[TRACE_BTM] t=16 k=1 reject intersect=769 internaldist=759 flank=0
[TRACE_BTM] t=16 k=2 keep_nodes=[1, 4, 8, 9, 11, 13, 15, 16, 18, 19, 20] guide=false keep_cov=1.9810 id_nonmono=false
[TRACE_BTM] t=16 k=2 score intersect=1528 internaldist=0 flank=0 maxintersect=0 mininternaldist=2305843009213693951 minflank=2305843009213693951
[TRACE_BTM] t=16 after k=2 tmatch=[2] abundancesum=1.9810
[TRACE_BTM] t=16 k=3 keep_nodes=[1, 2, 4, 5, 6, 8, 9, 10, 11, 12, 13, 15, 16, 18, 19, 20] guide=false keep_cov=0.9773 id_nonmono=false
[TRACE_BTM] t=16 k=3 reject intersect=769 internaldist=759 flank=0
[TRACE_BTM] t=16 k=4 keep_nodes=[1, 2, 4, 5, 6, 8, 9, 11, 12, 13, 15, 16, 18, 19, 21] guide=false keep_cov=0.9730 id_nonmono=false
[TRACE_BTM] t=16 k=4 reject intersect=769 internaldist=759 flank=0
[TRACE_BTM] t=16 k=5 keep_nodes=[1, 2, 4, 8, 9, 10, 11, 12, 13, 15, 16, 18, 19, 20] guide=false keep_cov=0.9762 id_nonmono=false
[TRACE_BTM] t=16 k=5 reject intersect=769 internaldist=759 flank=0
[TRACE_BTM] t=16 k=6 keep_nodes=[1, 2, 4, 6, 7, 8, 9, 11, 13, 15, 16, 18, 19, 20] guide=false keep_cov=0.9916 id_nonmono=false
[TRACE_BTM] t=16 k=6 reject intersect=769 internaldist=759 flank=0
[TRACE_BTM] t=16 k=7 keep_nodes=[1, 2, 4, 8, 9, 10, 11, 12, 13, 15, 16, 18, 19, 21] guide=false keep_cov=0.9755 id_nonmono=false
[TRACE_BTM] t=16 k=7 reject intersect=769 internaldist=759 flank=0
[TRACE_BTM] t=16 k=8 keep_nodes=[1, 4, 8, 9, 10, 11, 12, 13, 15, 16, 18, 19, 20] guide=false keep_cov=0.9753 id_nonmono=false
[TRACE_BTM] t=16 k=8 reject intersect=1130 internaldist=398 flank=0
[TRACE_BTM] t=16 k=9 keep_nodes=[1, 2, 4, 8, 9, 11, 12, 13, 15, 16, 18, 19, 21] guide=false keep_cov=0.9715 id_nonmono=false
[TRACE_BTM] t=16 k=9 reject intersect=769 internaldist=759 flank=0
[TRACE_BTM] t=16 k=10 keep_nodes=[1, 2, 4, 8, 9, 11, 13, 15, 16, 18, 19, 21] guide=false keep_cov=0.9904 id_nonmono=false
[TRACE_BTM] t=16 k=10 reject intersect=769 internaldist=759 flank=0
[TRACE_BTM] t=16 k=11 keep_nodes=[1, 4, 8, 9, 11, 12, 13, 15, 16, 18, 19, 21] guide=false keep_cov=0.9703 id_nonmono=false
[TRACE_BTM] t=16 k=11 reject intersect=1226 internaldist=302 flank=0
[TRACE_BTM] t=16 k=12 keep_nodes=[1, 2, 4, 8, 9, 11, 13, 15, 16, 17] guide=false keep_cov=0.9931 id_nonmono=false
[TRACE_BTM] t=16 k=12 reject intersect=769 internaldist=759 flank=0
[TRACE_BTM] t=16 k=13 keep_nodes=[1, 4, 6, 7, 8, 9, 11, 13, 15] guide=false keep_cov=1.0092 id_nonmono=false
[TRACE_BTM] t=16 k=13 reject intersect=897 internaldist=631 flank=0
[TRACE_ABUND] stage=checktrf_redistribute t=16 keep=2 keep_support=1.9810 abundsum=1.9810 tf_abund=1.0000 assigned=1.0000
[TRACE_ABUND] stage=secondpass_matched_before_zero t=16 abund=1.0000 read_count=1.0000 guide=false nodes=9 detail=matched_paths=[2] abundsum=1.9810
[TRACE_ABUND] stage=secondpass_matched_after_zero t=16 abund=0.0000 read_count=1.0000 guide=false nodes=9 detail=matched_paths=[2]
[TRACE_BTM] t=17 guide_only=false tf_nodes=[1, 2, 4, 8, 9, 11, 13, 14] id_nonmono=false
[TRACE_BTM] t=17 k=0 keep_nodes=[1, 2, 4, 8, 9, 11, 13, 15, 16, 18, 19, 20] guide=false keep_cov=5.9463 id_nonmono=false
[TRACE_BTM] t=17 k=0 score intersect=1460 internaldist=0 flank=27 maxintersect=0 mininternaldist=2305843009213693951 minflank=2305843009213693951
[TRACE_BTM] t=17 after k=0 tmatch=[0] abundancesum=5.9463
[TRACE_BTM] t=17 k=1 keep_nodes=[1, 2, 4, 8, 9, 11, 12, 13, 15, 16, 18, 19, 20] guide=false keep_cov=2.9172 id_nonmono=false
[TRACE_BTM] t=17 k=1 reject intersect=1332 internaldist=155 flank=0
[TRACE_BTM] t=17 k=2 keep_nodes=[1, 4, 8, 9, 11, 13, 15, 16, 18, 19, 20] guide=false keep_cov=1.9810 id_nonmono=false
[TRACE_BTM] t=17 k=2 reject intersect=1354 internaldist=106 flank=27
[TRACE_BTM] t=17 k=3 keep_nodes=[1, 2, 4, 5, 6, 8, 9, 10, 11, 12, 13, 15, 16, 18, 19, 20] guide=false keep_cov=0.9773 id_nonmono=false
[TRACE_BTM] t=17 k=3 reject intersect=1003 internaldist=484 flank=0
[TRACE_BTM] t=17 k=4 keep_nodes=[1, 2, 4, 5, 6, 8, 9, 11, 12, 13, 15, 16, 18, 19, 21] guide=false keep_cov=0.9730 id_nonmono=false
[TRACE_BTM] t=17 k=4 reject intersect=1003 internaldist=484 flank=0
[TRACE_BTM] t=17 k=5 keep_nodes=[1, 2, 4, 8, 9, 10, 11, 12, 13, 15, 16, 18, 19, 20] guide=false keep_cov=0.9762 id_nonmono=false
[TRACE_BTM] t=17 k=5 reject intersect=1236 internaldist=251 flank=0
[TRACE_BTM] t=17 k=6 keep_nodes=[1, 2, 4, 6, 7, 8, 9, 11, 13, 15, 16, 18, 19, 20] guide=false keep_cov=0.9916 id_nonmono=false
[TRACE_BTM] t=17 k=6 reject intersect=1003 internaldist=484 flank=0
[TRACE_BTM] t=17 k=7 keep_nodes=[1, 2, 4, 8, 9, 10, 11, 12, 13, 15, 16, 18, 19, 21] guide=false keep_cov=0.9755 id_nonmono=false
[TRACE_BTM] t=17 k=7 reject intersect=1236 internaldist=251 flank=0
[TRACE_BTM] t=17 k=8 keep_nodes=[1, 4, 8, 9, 10, 11, 12, 13, 15, 16, 18, 19, 20] guide=false keep_cov=0.9753 id_nonmono=false
[TRACE_BTM] t=17 k=8 reject intersect=1130 internaldist=357 flank=0
[TRACE_BTM] t=17 k=9 keep_nodes=[1, 2, 4, 8, 9, 11, 12, 13, 15, 16, 18, 19, 21] guide=false keep_cov=0.9715 id_nonmono=false
[TRACE_BTM] t=17 k=9 reject intersect=1332 internaldist=155 flank=0
[TRACE_BTM] t=17 k=10 keep_nodes=[1, 2, 4, 8, 9, 11, 13, 15, 16, 18, 19, 21] guide=false keep_cov=0.9904 id_nonmono=false
[TRACE_BTM] t=17 k=10 score intersect=1460 internaldist=0 flank=27 maxintersect=1460 mininternaldist=0 minflank=27
[TRACE_BTM] t=17 after k=10 tmatch=[0, 10] abundancesum=6.9367
[TRACE_BTM] t=17 k=11 keep_nodes=[1, 4, 8, 9, 11, 12, 13, 15, 16, 18, 19, 21] guide=false keep_cov=0.9703 id_nonmono=false
[TRACE_BTM] t=17 k=11 reject intersect=1226 internaldist=261 flank=0
[TRACE_BTM] t=17 k=12 keep_nodes=[1, 2, 4, 8, 9, 11, 13, 15, 16, 17] guide=false keep_cov=0.9931 id_nonmono=false
[TRACE_BTM] t=17 k=12 score intersect=1460 internaldist=0 flank=27 maxintersect=1460 mininternaldist=0 minflank=27
[TRACE_BTM] t=17 after k=12 tmatch=[0, 10, 12] abundancesum=7.9298
[TRACE_BTM] t=17 k=13 keep_nodes=[1, 4, 6, 7, 8, 9, 11, 13, 15] guide=false keep_cov=1.0092 id_nonmono=false
[TRACE_BTM] t=17 k=13 reject intersect=897 internaldist=590 flank=0
[TRACE_ABUND] stage=checktrf_redistribute t=17 keep=0 keep_support=5.9463 abundsum=7.9298 tf_abund=1.0000 assigned=0.7499
[TRACE_ABUND] stage=checktrf_redistribute t=17 keep=10 keep_support=0.9904 abundsum=7.9298 tf_abund=1.0000 assigned=0.1249
[TRACE_ABUND] stage=checktrf_redistribute t=17 keep=12 keep_support=0.9931 abundsum=7.9298 tf_abund=1.0000 assigned=0.1252
[TRACE_ABUND] stage=secondpass_matched_before_zero t=17 abund=1.0000 read_count=1.0000 guide=false nodes=8 detail=matched_paths=[0, 10, 12] abundsum=7.9298
[TRACE_ABUND] stage=secondpass_matched_after_zero t=17 abund=0.0000 read_count=1.0000 guide=false nodes=8 detail=matched_paths=[0, 10, 12]
[TRACE_BTM] t=19 guide_only=false tf_nodes=[11, 13, 15, 16, 17] id_nonmono=false
[TRACE_BTM] t=19 k=0 keep_nodes=[1, 2, 4, 8, 9, 11, 13, 15, 16, 18, 19, 20] guide=false keep_cov=5.9463 id_nonmono=false
[TRACE_BTM] t=19 k=0 score intersect=365 internaldist=0 flank=210 maxintersect=0 mininternaldist=2305843009213693951 minflank=2305843009213693951
[TRACE_BTM] t=19 after k=0 tmatch=[0] abundancesum=5.9463
[TRACE_BTM] t=19 k=1 keep_nodes=[1, 2, 4, 8, 9, 11, 12, 13, 15, 16, 18, 19, 20] guide=false keep_cov=2.9172 id_nonmono=false
[TRACE_BTM] t=19 k=1 reject intersect=96 internaldist=479 flank=0
[TRACE_BTM] t=19 k=2 keep_nodes=[1, 4, 8, 9, 11, 13, 15, 16, 18, 19, 20] guide=false keep_cov=1.9810 id_nonmono=false
[TRACE_BTM] t=19 k=2 score intersect=365 internaldist=0 flank=210 maxintersect=365 mininternaldist=0 minflank=210
[TRACE_BTM] t=19 after k=2 tmatch=[0, 2] abundancesum=7.9273
[TRACE_BTM] t=19 k=3 keep_nodes=[1, 2, 4, 5, 6, 8, 9, 10, 11, 12, 13, 15, 16, 18, 19, 20] guide=false keep_cov=0.9773 id_nonmono=false
[TRACE_BTM] t=19 k=3 reject intersect=96 internaldist=479 flank=0
[TRACE_BTM] t=19 k=4 keep_nodes=[1, 2, 4, 5, 6, 8, 9, 11, 12, 13, 15, 16, 18, 19, 21] guide=false keep_cov=0.9730 id_nonmono=false
[TRACE_BTM] t=19 k=4 reject intersect=96 internaldist=479 flank=0
[TRACE_BTM] t=19 k=5 keep_nodes=[1, 2, 4, 8, 9, 10, 11, 12, 13, 15, 16, 18, 19, 20] guide=false keep_cov=0.9762 id_nonmono=false
[TRACE_BTM] t=19 k=5 reject intersect=96 internaldist=479 flank=0
[TRACE_BTM] t=19 k=6 keep_nodes=[1, 2, 4, 6, 7, 8, 9, 11, 13, 15, 16, 18, 19, 20] guide=false keep_cov=0.9916 id_nonmono=false
[TRACE_BTM] t=19 k=6 score intersect=365 internaldist=0 flank=210 maxintersect=365 mininternaldist=0 minflank=210
[TRACE_BTM] t=19 after k=6 tmatch=[0, 2, 6] abundancesum=8.9189
[TRACE_BTM] t=19 k=7 keep_nodes=[1, 2, 4, 8, 9, 10, 11, 12, 13, 15, 16, 18, 19, 21] guide=false keep_cov=0.9755 id_nonmono=false
[TRACE_BTM] t=19 k=7 reject intersect=96 internaldist=479 flank=0
[TRACE_BTM] t=19 k=8 keep_nodes=[1, 4, 8, 9, 10, 11, 12, 13, 15, 16, 18, 19, 20] guide=false keep_cov=0.9753 id_nonmono=false
[TRACE_BTM] t=19 k=8 reject intersect=96 internaldist=479 flank=0
[TRACE_BTM] t=19 k=9 keep_nodes=[1, 2, 4, 8, 9, 11, 12, 13, 15, 16, 18, 19, 21] guide=false keep_cov=0.9715 id_nonmono=false
[TRACE_BTM] t=19 k=9 reject intersect=96 internaldist=479 flank=0
[TRACE_BTM] t=19 k=10 keep_nodes=[1, 2, 4, 8, 9, 11, 13, 15, 16, 18, 19, 21] guide=false keep_cov=0.9904 id_nonmono=false
[TRACE_BTM] t=19 k=10 score intersect=365 internaldist=0 flank=210 maxintersect=365 mininternaldist=0 minflank=210
[TRACE_BTM] t=19 after k=10 tmatch=[0, 2, 6, 10] abundancesum=9.9093
[TRACE_BTM] t=19 k=11 keep_nodes=[1, 4, 8, 9, 11, 12, 13, 15, 16, 18, 19, 21] guide=false keep_cov=0.9703 id_nonmono=false
[TRACE_BTM] t=19 k=11 reject intersect=96 internaldist=479 flank=0
[TRACE_BTM] t=19 k=12 keep_nodes=[1, 2, 4, 8, 9, 11, 13, 15, 16, 17] guide=false keep_cov=0.9931 id_nonmono=false
[TRACE_BTM] t=19 k=12 score intersect=575 internaldist=0 flank=0 maxintersect=365 mininternaldist=0 minflank=210
[TRACE_BTM] t=19 after k=12 tmatch=[12] abundancesum=0.9931
[TRACE_BTM] t=19 k=13 keep_nodes=[1, 4, 6, 7, 8, 9, 11, 13, 15] guide=false keep_cov=1.0092 id_nonmono=false
[TRACE_BTM] t=19 k=13 reject intersect=285 internaldist=290 flank=0
[TRACE_ABUND] stage=checktrf_redistribute t=19 keep=12 keep_support=0.9931 abundsum=0.9931 tf_abund=1.0000 assigned=1.0000
[TRACE_ABUND] stage=secondpass_matched_before_zero t=19 abund=1.0000 read_count=1.0000 guide=false nodes=5 detail=matched_paths=[12] abundsum=0.9931
[TRACE_ABUND] stage=secondpass_matched_after_zero t=19 abund=0.0000 read_count=1.0000 guide=false nodes=5 detail=matched_paths=[12]
[TRACE_BTM] t=21 guide_only=false tf_nodes=[15, 16, 18, 19] id_nonmono=false
[TRACE_BTM] t=21 k=0 keep_nodes=[1, 2, 4, 8, 9, 11, 13, 15, 16, 18, 19, 20] guide=false keep_cov=5.9463 id_nonmono=false
[TRACE_BTM] t=21 k=0 score intersect=298 internaldist=0 flank=0 maxintersect=0 mininternaldist=2305843009213693951 minflank=2305843009213693951
[TRACE_BTM] t=21 after k=0 tmatch=[0] abundancesum=5.9463
[TRACE_BTM] t=21 k=1 keep_nodes=[1, 2, 4, 8, 9, 11, 12, 13, 15, 16, 18, 19, 20] guide=false keep_cov=2.9172 id_nonmono=false
[TRACE_BTM] t=21 k=1 score intersect=298 internaldist=0 flank=0 maxintersect=298 mininternaldist=0 minflank=0
[TRACE_BTM] t=21 after k=1 tmatch=[0, 1] abundancesum=8.8634
[TRACE_BTM] t=21 k=2 keep_nodes=[1, 4, 8, 9, 11, 13, 15, 16, 18, 19, 20] guide=false keep_cov=1.9810 id_nonmono=false
[TRACE_BTM] t=21 k=2 score intersect=298 internaldist=0 flank=0 maxintersect=298 mininternaldist=0 minflank=0
[TRACE_BTM] t=21 after k=2 tmatch=[0, 1, 2] abundancesum=10.8445
[TRACE_BTM] t=21 k=3 keep_nodes=[1, 2, 4, 5, 6, 8, 9, 10, 11, 12, 13, 15, 16, 18, 19, 20] guide=false keep_cov=0.9773 id_nonmono=false
[TRACE_BTM] t=21 k=3 score intersect=298 internaldist=0 flank=0 maxintersect=298 mininternaldist=0 minflank=0
[TRACE_BTM] t=21 after k=3 tmatch=[0, 1, 2, 3] abundancesum=11.8218
[TRACE_BTM] t=21 k=4 keep_nodes=[1, 2, 4, 5, 6, 8, 9, 11, 12, 13, 15, 16, 18, 19, 21] guide=false keep_cov=0.9730 id_nonmono=false
[TRACE_BTM] t=21 k=4 score intersect=298 internaldist=0 flank=0 maxintersect=298 mininternaldist=0 minflank=0
[TRACE_BTM] t=21 after k=4 tmatch=[0, 1, 2, 3, 4] abundancesum=12.7948
[TRACE_BTM] t=21 k=5 keep_nodes=[1, 2, 4, 8, 9, 10, 11, 12, 13, 15, 16, 18, 19, 20] guide=false keep_cov=0.9762 id_nonmono=false
[TRACE_BTM] t=21 k=5 score intersect=298 internaldist=0 flank=0 maxintersect=298 mininternaldist=0 minflank=0
[TRACE_BTM] t=21 after k=5 tmatch=[0, 1, 2, 3, 4, 5] abundancesum=13.7710
[TRACE_BTM] t=21 k=6 keep_nodes=[1, 2, 4, 6, 7, 8, 9, 11, 13, 15, 16, 18, 19, 20] guide=false keep_cov=0.9916 id_nonmono=false
[TRACE_BTM] t=21 k=6 score intersect=298 internaldist=0 flank=0 maxintersect=298 mininternaldist=0 minflank=0
[TRACE_BTM] t=21 after k=6 tmatch=[0, 1, 2, 3, 4, 5, 6] abundancesum=14.7626
[TRACE_BTM] t=21 k=7 keep_nodes=[1, 2, 4, 8, 9, 10, 11, 12, 13, 15, 16, 18, 19, 21] guide=false keep_cov=0.9755 id_nonmono=false
[TRACE_BTM] t=21 k=7 score intersect=298 internaldist=0 flank=0 maxintersect=298 mininternaldist=0 minflank=0
[TRACE_BTM] t=21 after k=7 tmatch=[0, 1, 2, 3, 4, 5, 6, 7] abundancesum=15.7381
[TRACE_BTM] t=21 k=8 keep_nodes=[1, 4, 8, 9, 10, 11, 12, 13, 15, 16, 18, 19, 20] guide=false keep_cov=0.9753 id_nonmono=false
[TRACE_BTM] t=21 k=8 score intersect=298 internaldist=0 flank=0 maxintersect=298 mininternaldist=0 minflank=0
[TRACE_BTM] t=21 after k=8 tmatch=[0, 1, 2, 3, 4, 5, 6, 7, 8] abundancesum=16.7134
[TRACE_BTM] t=21 k=9 keep_nodes=[1, 2, 4, 8, 9, 11, 12, 13, 15, 16, 18, 19, 21] guide=false keep_cov=0.9715 id_nonmono=false
[TRACE_BTM] t=21 k=9 score intersect=298 internaldist=0 flank=0 maxintersect=298 mininternaldist=0 minflank=0
[TRACE_BTM] t=21 after k=9 tmatch=[0, 1, 2, 3, 4, 5, 6, 7, 8, 9] abundancesum=17.6849
[TRACE_BTM] t=21 k=10 keep_nodes=[1, 2, 4, 8, 9, 11, 13, 15, 16, 18, 19, 21] guide=false keep_cov=0.9904 id_nonmono=false
[TRACE_BTM] t=21 k=10 score intersect=298 internaldist=0 flank=0 maxintersect=298 mininternaldist=0 minflank=0
[TRACE_BTM] t=21 after k=10 tmatch=[0, 1, 2, 3, 4, 5, 6, 7, 8, 9, 10] abundancesum=18.6753
[TRACE_BTM] t=21 k=11 keep_nodes=[1, 4, 8, 9, 11, 12, 13, 15, 16, 18, 19, 21] guide=false keep_cov=0.9703 id_nonmono=false
[TRACE_BTM] t=21 k=11 score intersect=298 internaldist=0 flank=0 maxintersect=298 mininternaldist=0 minflank=0
[TRACE_BTM] t=21 after k=11 tmatch=[0, 1, 2, 3, 4, 5, 6, 7, 8, 9, 10, 11] abundancesum=19.6455
[TRACE_BTM] t=21 k=12 keep_nodes=[1, 2, 4, 8, 9, 11, 13, 15, 16, 17] guide=false keep_cov=0.9931 id_nonmono=false
[TRACE_BTM] t=21 k=12 reject intersect=141 internaldist=157 flank=0
[TRACE_BTM] t=21 k=13 keep_nodes=[1, 4, 6, 7, 8, 9, 11, 13, 15] guide=false keep_cov=1.0092 id_nonmono=false
[TRACE_BTM] t=21 k=13 reject intersect=61 internaldist=237 flank=0
[TRACE_ABUND] stage=checktrf_redistribute t=21 keep=0 keep_support=5.9463 abundsum=19.6455 tf_abund=1.0000 assigned=0.3027
[TRACE_ABUND] stage=checktrf_redistribute t=21 keep=1 keep_support=2.9172 abundsum=19.6455 tf_abund=1.0000 assigned=0.1485
[TRACE_ABUND] stage=checktrf_redistribute t=21 keep=2 keep_support=1.9810 abundsum=19.6455 tf_abund=1.0000 assigned=0.1008
[TRACE_ABUND] stage=checktrf_redistribute t=21 keep=3 keep_support=0.9773 abundsum=19.6455 tf_abund=1.0000 assigned=0.0497
[TRACE_ABUND] stage=checktrf_redistribute t=21 keep=4 keep_support=0.9730 abundsum=19.6455 tf_abund=1.0000 assigned=0.0495
[TRACE_ABUND] stage=checktrf_redistribute t=21 keep=5 keep_support=0.9762 abundsum=19.6455 tf_abund=1.0000 assigned=0.0497
[TRACE_ABUND] stage=checktrf_redistribute t=21 keep=6 keep_support=0.9916 abundsum=19.6455 tf_abund=1.0000 assigned=0.0505
[TRACE_ABUND] stage=checktrf_redistribute t=21 keep=7 keep_support=0.9755 abundsum=19.6455 tf_abund=1.0000 assigned=0.0497
[TRACE_ABUND] stage=checktrf_redistribute t=21 keep=8 keep_support=0.9753 abundsum=19.6455 tf_abund=1.0000 assigned=0.0496
[TRACE_ABUND] stage=checktrf_redistribute t=21 keep=9 keep_support=0.9715 abundsum=19.6455 tf_abund=1.0000 assigned=0.0495
[TRACE_ABUND] stage=checktrf_redistribute t=21 keep=10 keep_support=0.9904 abundsum=19.6455 tf_abund=1.0000 assigned=0.0504
[TRACE_ABUND] stage=checktrf_redistribute t=21 keep=11 keep_support=0.9703 abundsum=19.6455 tf_abund=1.0000 assigned=0.0494
[TRACE_ABUND] stage=secondpass_matched_before_zero t=21 abund=1.0000 read_count=1.0000 guide=false nodes=4 detail=matched_paths=[0, 1, 2, 3, 4, 5, 6, 7, 8, 9, 10, 11] abundsum=19.6455
[TRACE_ABUND] stage=secondpass_matched_after_zero t=21 abund=0.0000 read_count=1.0000 guide=false nodes=4 detail=matched_paths=[0, 1, 2, 3, 4, 5, 6, 7, 8, 9, 10, 11]
[TRACE_BTM] t=23 guide_only=false tf_nodes=[1, 2] id_nonmono=false
[TRACE_BTM] t=23 k=0 keep_nodes=[1, 2, 4, 8, 9, 11, 13, 15, 16, 18, 19, 20] guide=false keep_cov=5.9463 id_nonmono=false
[TRACE_BTM] t=23 k=0 score intersect=875 internaldist=0 flank=0 maxintersect=0 mininternaldist=2305843009213693951 minflank=2305843009213693951
[TRACE_BTM] t=23 after k=0 tmatch=[0] abundancesum=5.9463
[TRACE_BTM] t=23 k=1 keep_nodes=[1, 2, 4, 8, 9, 11, 12, 13, 15, 16, 18, 19, 20] guide=false keep_cov=2.9172 id_nonmono=false
[TRACE_BTM] t=23 k=1 score intersect=875 internaldist=0 flank=0 maxintersect=875 mininternaldist=0 minflank=0
[TRACE_BTM] t=23 after k=1 tmatch=[0, 1] abundancesum=8.8634
[TRACE_BTM] t=23 k=2 keep_nodes=[1, 4, 8, 9, 11, 13, 15, 16, 18, 19, 20] guide=false keep_cov=1.9810 id_nonmono=false
[TRACE_BTM] t=23 k=2 score intersect=769 internaldist=0 flank=106 maxintersect=875 mininternaldist=0 minflank=0
[TRACE_BTM] t=23 after k=2 tmatch=[0, 1] abundancesum=8.8634
[TRACE_BTM] t=23 k=3 keep_nodes=[1, 2, 4, 5, 6, 8, 9, 10, 11, 12, 13, 15, 16, 18, 19, 20] guide=false keep_cov=0.9773 id_nonmono=false
[TRACE_BTM] t=23 k=3 score intersect=875 internaldist=0 flank=0 maxintersect=875 mininternaldist=0 minflank=0
[TRACE_BTM] t=23 after k=3 tmatch=[0, 1, 3] abundancesum=9.8407
[TRACE_BTM] t=23 k=4 keep_nodes=[1, 2, 4, 5, 6, 8, 9, 11, 12, 13, 15, 16, 18, 19, 21] guide=false keep_cov=0.9730 id_nonmono=false
[TRACE_BTM] t=23 k=4 score intersect=875 internaldist=0 flank=0 maxintersect=875 mininternaldist=0 minflank=0
[TRACE_BTM] t=23 after k=4 tmatch=[0, 1, 3, 4] abundancesum=10.8137
[TRACE_BTM] t=23 k=5 keep_nodes=[1, 2, 4, 8, 9, 10, 11, 12, 13, 15, 16, 18, 19, 20] guide=false keep_cov=0.9762 id_nonmono=false
[TRACE_BTM] t=23 k=5 score intersect=875 internaldist=0 flank=0 maxintersect=875 mininternaldist=0 minflank=0
[TRACE_BTM] t=23 after k=5 tmatch=[0, 1, 3, 4, 5] abundancesum=11.7899
[TRACE_BTM] t=23 k=6 keep_nodes=[1, 2, 4, 6, 7, 8, 9, 11, 13, 15, 16, 18, 19, 20] guide=false keep_cov=0.9916 id_nonmono=false
[TRACE_BTM] t=23 k=6 score intersect=875 internaldist=0 flank=0 maxintersect=875 mininternaldist=0 minflank=0
[TRACE_BTM] t=23 after k=6 tmatch=[0, 1, 3, 4, 5, 6] abundancesum=12.7815
[TRACE_BTM] t=23 k=7 keep_nodes=[1, 2, 4, 8, 9, 10, 11, 12, 13, 15, 16, 18, 19, 21] guide=false keep_cov=0.9755 id_nonmono=false
[TRACE_BTM] t=23 k=7 score intersect=875 internaldist=0 flank=0 maxintersect=875 mininternaldist=0 minflank=0
[TRACE_BTM] t=23 after k=7 tmatch=[0, 1, 3, 4, 5, 6, 7] abundancesum=13.7570
[TRACE_BTM] t=23 k=8 keep_nodes=[1, 4, 8, 9, 10, 11, 12, 13, 15, 16, 18, 19, 20] guide=false keep_cov=0.9753 id_nonmono=false
[TRACE_BTM] t=23 k=8 score intersect=769 internaldist=0 flank=106 maxintersect=875 mininternaldist=0 minflank=0
[TRACE_BTM] t=23 after k=8 tmatch=[0, 1, 3, 4, 5, 6, 7] abundancesum=13.7570
[TRACE_BTM] t=23 k=9 keep_nodes=[1, 2, 4, 8, 9, 11, 12, 13, 15, 16, 18, 19, 21] guide=false keep_cov=0.9715 id_nonmono=false
[TRACE_BTM] t=23 k=9 score intersect=875 internaldist=0 flank=0 maxintersect=875 mininternaldist=0 minflank=0
[TRACE_BTM] t=23 after k=9 tmatch=[0, 1, 3, 4, 5, 6, 7, 9] abundancesum=14.7285
[TRACE_BTM] t=23 k=10 keep_nodes=[1, 2, 4, 8, 9, 11, 13, 15, 16, 18, 19, 21] guide=false keep_cov=0.9904 id_nonmono=false
[TRACE_BTM] t=23 k=10 score intersect=875 internaldist=0 flank=0 maxintersect=875 mininternaldist=0 minflank=0
[TRACE_BTM] t=23 after k=10 tmatch=[0, 1, 3, 4, 5, 6, 7, 9, 10] abundancesum=15.7189
[TRACE_BTM] t=23 k=11 keep_nodes=[1, 4, 8, 9, 11, 12, 13, 15, 16, 18, 19, 21] guide=false keep_cov=0.9703 id_nonmono=false
[TRACE_BTM] t=23 k=11 score intersect=769 internaldist=0 flank=106 maxintersect=875 mininternaldist=0 minflank=0
[TRACE_BTM] t=23 after k=11 tmatch=[0, 1, 3, 4, 5, 6, 7, 9, 10] abundancesum=15.7189
[TRACE_BTM] t=23 k=12 keep_nodes=[1, 2, 4, 8, 9, 11, 13, 15, 16, 17] guide=false keep_cov=0.9931 id_nonmono=false
[TRACE_BTM] t=23 k=12 score intersect=875 internaldist=0 flank=0 maxintersect=875 mininternaldist=0 minflank=0
[TRACE_BTM] t=23 after k=12 tmatch=[0, 1, 3, 4, 5, 6, 7, 9, 10, 12] abundancesum=16.7120
[TRACE_BTM] t=23 k=13 keep_nodes=[1, 4, 6, 7, 8, 9, 11, 13, 15] guide=false keep_cov=1.0092 id_nonmono=false
[TRACE_BTM] t=23 k=13 score intersect=769 internaldist=0 flank=106 maxintersect=875 mininternaldist=0 minflank=0
[TRACE_BTM] t=23 after k=13 tmatch=[0, 1, 3, 4, 5, 6, 7, 9, 10, 12] abundancesum=16.7120
[TRACE_ABUND] stage=checktrf_redistribute t=23 keep=0 keep_support=5.9463 abundsum=16.7120 tf_abund=1.0000 assigned=0.3558
[TRACE_ABUND] stage=checktrf_redistribute t=23 keep=1 keep_support=2.9172 abundsum=16.7120 tf_abund=1.0000 assigned=0.1746
[TRACE_ABUND] stage=checktrf_redistribute t=23 keep=3 keep_support=0.9773 abundsum=16.7120 tf_abund=1.0000 assigned=0.0585
[TRACE_ABUND] stage=checktrf_redistribute t=23 keep=4 keep_support=0.9730 abundsum=16.7120 tf_abund=1.0000 assigned=0.0582
[TRACE_ABUND] stage=checktrf_redistribute t=23 keep=5 keep_support=0.9762 abundsum=16.7120 tf_abund=1.0000 assigned=0.0584
[TRACE_ABUND] stage=checktrf_redistribute t=23 keep=6 keep_support=0.9916 abundsum=16.7120 tf_abund=1.0000 assigned=0.0593
[TRACE_ABUND] stage=checktrf_redistribute t=23 keep=7 keep_support=0.9755 abundsum=16.7120 tf_abund=1.0000 assigned=0.0584
[TRACE_ABUND] stage=checktrf_redistribute t=23 keep=9 keep_support=0.9715 abundsum=16.7120 tf_abund=1.0000 assigned=0.0581
[TRACE_ABUND] stage=checktrf_redistribute t=23 keep=10 keep_support=0.9904 abundsum=16.7120 tf_abund=1.0000 assigned=0.0593
[TRACE_ABUND] stage=checktrf_redistribute t=23 keep=12 keep_support=0.9931 abundsum=16.7120 tf_abund=1.0000 assigned=0.0594
[TRACE_ABUND] stage=secondpass_matched_before_zero t=23 abund=1.0000 read_count=1.0000 guide=false nodes=2 detail=matched_paths=[0, 1, 3, 4, 5, 6, 7, 9, 10, 12] abundsum=16.7120
[TRACE_ABUND] stage=secondpass_matched_after_zero t=23 abund=0.0000 read_count=1.0000 guide=false nodes=2 detail=matched_paths=[0, 1, 3, 4, 5, 6, 7, 9, 10, 12]
[TRACE_BTM] t=24 guide_only=false tf_nodes=[19, 21] id_nonmono=false
[TRACE_BTM] t=24 k=0 keep_nodes=[1, 2, 4, 8, 9, 11, 13, 15, 16, 18, 19, 20] guide=false keep_cov=5.9463 id_nonmono=false
[TRACE_BTM] t=24 k=0 reject intersect=124 internaldist=97 flank=0
[TRACE_BTM] t=24 k=1 keep_nodes=[1, 2, 4, 8, 9, 11, 12, 13, 15, 16, 18, 19, 20] guide=false keep_cov=2.9172 id_nonmono=false
[TRACE_BTM] t=24 k=1 reject intersect=124 internaldist=97 flank=0
[TRACE_BTM] t=24 k=2 keep_nodes=[1, 4, 8, 9, 11, 13, 15, 16, 18, 19, 20] guide=false keep_cov=1.9810 id_nonmono=false
[TRACE_BTM] t=24 k=2 reject intersect=124 internaldist=97 flank=0
[TRACE_BTM] t=24 k=3 keep_nodes=[1, 2, 4, 5, 6, 8, 9, 10, 11, 12, 13, 15, 16, 18, 19, 20] guide=false keep_cov=0.9773 id_nonmono=false
[TRACE_BTM] t=24 k=3 reject intersect=124 internaldist=97 flank=0
[TRACE_BTM] t=24 k=4 keep_nodes=[1, 2, 4, 5, 6, 8, 9, 11, 12, 13, 15, 16, 18, 19, 21] guide=false keep_cov=0.9730 id_nonmono=false
[TRACE_BTM] t=24 k=4 score intersect=221 internaldist=0 flank=0 maxintersect=0 mininternaldist=2305843009213693951 minflank=2305843009213693951
[TRACE_BTM] t=24 after k=4 tmatch=[4] abundancesum=0.9730
[TRACE_BTM] t=24 k=5 keep_nodes=[1, 2, 4, 8, 9, 10, 11, 12, 13, 15, 16, 18, 19, 20] guide=false keep_cov=0.9762 id_nonmono=false
[TRACE_BTM] t=24 k=5 reject intersect=124 internaldist=97 flank=0
[TRACE_BTM] t=24 k=6 keep_nodes=[1, 2, 4, 6, 7, 8, 9, 11, 13, 15, 16, 18, 19, 20] guide=false keep_cov=0.9916 id_nonmono=false
[TRACE_BTM] t=24 k=6 reject intersect=124 internaldist=97 flank=0
[TRACE_BTM] t=24 k=7 keep_nodes=[1, 2, 4, 8, 9, 10, 11, 12, 13, 15, 16, 18, 19, 21] guide=false keep_cov=0.9755 id_nonmono=false
[TRACE_BTM] t=24 k=7 score intersect=221 internaldist=0 flank=0 maxintersect=221 mininternaldist=0 minflank=0
[TRACE_BTM] t=24 after k=7 tmatch=[4, 7] abundancesum=1.9485
[TRACE_BTM] t=24 k=8 keep_nodes=[1, 4, 8, 9, 10, 11, 12, 13, 15, 16, 18, 19, 20] guide=false keep_cov=0.9753 id_nonmono=false
[TRACE_BTM] t=24 k=8 reject intersect=124 internaldist=97 flank=0
[TRACE_BTM] t=24 k=9 keep_nodes=[1, 2, 4, 8, 9, 11, 12, 13, 15, 16, 18, 19, 21] guide=false keep_cov=0.9715 id_nonmono=false
[TRACE_BTM] t=24 k=9 score intersect=221 internaldist=0 flank=0 maxintersect=221 mininternaldist=0 minflank=0
[TRACE_BTM] t=24 after k=9 tmatch=[4, 7, 9] abundancesum=2.9200
[TRACE_BTM] t=24 k=10 keep_nodes=[1, 2, 4, 8, 9, 11, 13, 15, 16, 18, 19, 21] guide=false keep_cov=0.9904 id_nonmono=false
[TRACE_BTM] t=24 k=10 score intersect=221 internaldist=0 flank=0 maxintersect=221 mininternaldist=0 minflank=0
[TRACE_BTM] t=24 after k=10 tmatch=[4, 7, 9, 10] abundancesum=3.9104
[TRACE_BTM] t=24 k=11 keep_nodes=[1, 4, 8, 9, 11, 12, 13, 15, 16, 18, 19, 21] guide=false keep_cov=0.9703 id_nonmono=false
[TRACE_BTM] t=24 k=11 score intersect=221 internaldist=0 flank=0 maxintersect=221 mininternaldist=0 minflank=0
[TRACE_BTM] t=24 after k=11 tmatch=[4, 7, 9, 10, 11] abundancesum=4.8806
[TRACE_BTM] t=24 k=12 keep_nodes=[1, 2, 4, 8, 9, 11, 13, 15, 16, 17] guide=false keep_cov=0.9931 id_nonmono=false
[TRACE_BTM] t=24 k=12 skip=coord_overlap raw_tf_first=19 raw_tf_last=21 raw_keep_first=1 raw_keep_last=17
[TRACE_BTM] t=24 k=13 keep_nodes=[1, 4, 6, 7, 8, 9, 11, 13, 15] guide=false keep_cov=1.0092 id_nonmono=false
[TRACE_BTM] t=24 k=13 skip=coord_overlap raw_tf_first=19 raw_tf_last=21 raw_keep_first=1 raw_keep_last=15
[TRACE_ABUND] stage=checktrf_redistribute t=24 keep=4 keep_support=0.9730 abundsum=4.8806 tf_abund=1.0000 assigned=0.1994
[TRACE_ABUND] stage=checktrf_redistribute t=24 keep=7 keep_support=0.9755 abundsum=4.8806 tf_abund=1.0000 assigned=0.1999
[TRACE_ABUND] stage=checktrf_redistribute t=24 keep=9 keep_support=0.9715 abundsum=4.8806 tf_abund=1.0000 assigned=0.1990
[TRACE_ABUND] stage=checktrf_redistribute t=24 keep=10 keep_support=0.9904 abundsum=4.8806 tf_abund=1.0000 assigned=0.2029
[TRACE_ABUND] stage=checktrf_redistribute t=24 keep=11 keep_support=0.9703 abundsum=4.8806 tf_abund=1.0000 assigned=0.1988
[TRACE_ABUND] stage=secondpass_matched_before_zero t=24 abund=1.0000 read_count=1.0000 guide=false nodes=2 detail=matched_paths=[4, 7, 9, 10, 11] abundsum=4.8806
[TRACE_ABUND] stage=secondpass_matched_after_zero t=24 abund=0.0000 read_count=1.0000 guide=false nodes=2 detail=matched_paths=[4, 7, 9, 10, 11]
[BUNDLE_TRACE] ENTER_PAIRWISE 111148296-111174799 exons=10 cov=7.176922 longcov=6.000000 bpcov_cov=50549.000 tlen=1915 score=13743.806 is_lr=true src=flow exon_lens=[875,128,85,148,96,128,61,80,33,281] introns=[111149171-111150431,111150559-111151310,111151395-111151979,111152127-111152550,111152646-111153380,111153508-111154667,111154728-111174047,111174127-111174393,111174426-111174518] 
[BUNDLE_TRACE] ENTER_PAIRWISE 111148296-111174799 exons=9 cov=3.151413 longcov=3.000000 bpcov_cov=58685.000 tlen=2649 score=8348.093 is_lr=true src=flow exon_lens=[875,128,85,148,958,61,80,33,281] introns=[111149171-111150431,111150559-111151310,111151395-111151979,111152127-111152550,111153508-111154667,111154728-111174047,111174127-111174393,111174426-111174518] 
[BUNDLE_TRACE] ENTER_PAIRWISE 111148296-111174799 exons=10 cov=2.836483 longcov=2.000000 bpcov_cov=48217.000 tlen=1809 score=5131.198 is_lr=true src=flow exon_lens=[769,128,85,148,96,128,61,80,33,281] introns=[111149065-111150431,111150559-111151310,111151395-111151979,111152127-111152550,111152646-111153380,111153508-111154667,111154728-111174047,111174127-111174393,111174426-111174518] 
[BUNDLE_TRACE] ENTER_PAIRWISE 111148296-111174799 exons=8 cov=1.014695 longcov=1.000000 bpcov_cov=60733.000 tlen=3219 score=3266.302 is_lr=true src=flow exon_lens=[875,275,85,1529,61,80,33,281] introns=[111149171-111150431,111150706-111151310,111151395-111151979,111153508-111154667,111154728-111174047,111174127-111174393,111174426-111174518] 
[BUNDLE_TRACE] ENTER_PAIRWISE 111148296-111175575 exons=10 cov=1.031707 longcov=1.000000 bpcov_cov=57283.000 tlen=2736 score=2822.749 is_lr=true src=flow exon_lens=[875,275,85,148,958,61,80,33,124,97] introns=[111149171-111150431,111150706-111151310,111151395-111151979,111152127-111152550,111153508-111154667,111154728-111174047,111174127-111174393,111174426-111174518,111174642-111175478] 
[BUNDLE_TRACE] ENTER_PAIRWISE 111148296-111174799 exons=8 cov=1.043785 longcov=1.000000 bpcov_cov=60377.000 tlen=3072 score=3206.506 is_lr=true src=flow exon_lens=[875,128,85,1529,61,80,33,281] introns=[111149171-111150431,111150559-111151310,111151395-111151979,111153508-111154667,111154728-111174047,111174127-111174393,111174426-111174518] 
[BUNDLE_TRACE] ENTER_PAIRWISE 111148296-111174799 exons=11 cov=1.051403 longcov=1.000000 bpcov_cov=50869.000 tlen=2044 score=2149.068 is_lr=true src=flow exon_lens=[875,128,129,85,148,96,128,61,80,33,281] introns=[111149171-111150431,111150559-111150675,111150804-111151310,111151395-111151979,111152127-111152550,111152646-111153380,111153508-111154667,111154728-111174047,111174127-111174393,111174426-111174518] 
[BUNDLE_TRACE] ENTER_PAIRWISE 111148296-111175575 exons=9 cov=1.057913 longcov=1.000000 bpcov_cov=58619.000 tlen=3012 score=3186.433 is_lr=true src=flow exon_lens=[875,128,85,1529,61,80,33,124,97] introns=[111149171-111150431,111150559-111151310,111151395-111151979,111153508-111154667,111154728-111174047,111174127-111174393,111174426-111174518,111174642-111175478] 
[BUNDLE_TRACE] ENTER_PAIRWISE 111148296-111174799 exons=8 cov=0.979072 longcov=1.000000 bpcov_cov=58045.000 tlen=2966 score=2903.927 is_lr=true src=flow exon_lens=[769,128,85,1529,61,80,33,281] introns=[111149065-111150431,111150559-111151310,111151395-111151979,111153508-111154667,111154728-111174047,111174127-111174393,111174426-111174518] 
[BUNDLE_TRACE] ENTER_PAIRWISE 111148296-111175575 exons=10 cov=1.066981 longcov=1.000000 bpcov_cov=56927.000 tlen=2589 score=2762.414 is_lr=true src=flow exon_lens=[875,128,85,148,958,61,80,33,124,97] introns=[111149171-111150431,111150559-111151310,111151395-111151979,111152127-111152550,111153508-111154667,111154728-111174047,111174127-111174393,111174426-111174518,111174642-111175478] 
[BUNDLE_TRACE] ENTER_PAIRWISE 111148296-111175575 exons=11 cov=1.224297 longcov=1.000000 bpcov_cov=48791.000 tlen=1855 score=2271.070 is_lr=true src=flow exon_lens=[875,128,85,148,96,128,61,80,33,124,97] introns=[111149171-111150431,111150559-111151310,111151395-111151979,111152127-111152550,111152646-111153380,111153508-111154667,111154728-111174047,111174127-111174393,111174426-111174518,111174642-111175478] 
[BUNDLE_TRACE] ENTER_PAIRWISE 111148296-111175575 exons=10 cov=1.784022 longcov=1.000000 bpcov_cov=54595.000 tlen=2483 score=4429.728 is_lr=true src=flow exon_lens=[769,128,85,148,958,61,80,33,124,97] introns=[111149065-111150431,111150559-111151310,111151395-111151979,111152127-111152550,111153508-111154667,111154728-111174047,111174127-111174393,111174426-111174518,111174642-111175478] 
[BUNDLE_TRACE] ENTER_PAIRWISE 111148296-111174337 exons=8 cov=1.516227 longcov=1.000000 bpcov_cov=44979.000 tlen=1811 score=2745.887 is_lr=true src=flow exon_lens=[875,128,85,148,96,128,61,290] introns=[111149171-111150431,111150559-111151310,111151395-111151979,111152127-111152550,111152646-111153380,111153508-111154667,111154728-111174047] 
[BUNDLE_TRACE] ENTER_PAIRWISE 111148296-111154714 exons=8 cov=1.009150 longcov=1.000000 bpcov_cov=40113.000 tlen=1530 score=1544.000 is_lr=true src=checktrf_rescue exon_lens=[769,128,129,85,148,96,128,47] introns=[111149065-111150431,111150559-111150675,111150804-111151310,111151395-111151979,111152127-111152550,111152646-111153380,111153508-111154667] 
[BUNDLE_TRACE] PAIRWISE_KILL 111148296-111174337 exons=8 cov=1.516227 longcov=1.000000 bpcov_cov=44979.000 tlen=1811 score=2745.887 is_lr=true src=flow exon_lens=[875,128,85,148,96,128,61,290] introns=[111149171-111150431,111150559-111151310,111151395-111151979,111152127-111152550,111152646-111153380,111153508-111154667,111154728-111174047] KILLED_BY=0 REASON=included_drop
[BUNDLE_TRACE] AFTER_PAIRWISE 111148296-111174799 exons=10 cov=7.176922 longcov=6.000000 bpcov_cov=50549.000 tlen=1915 score=13743.806 is_lr=true src=flow exon_lens=[875,128,85,148,96,128,61,80,33,281] introns=[111149171-111150431,111150559-111151310,111151395-111151979,111152127-111152550,111152646-111153380,111153508-111154667,111154728-111174047,111174127-111174393,111174426-111174518] 
[BUNDLE_TRACE] AFTER_PAIRWISE 111148296-111174799 exons=9 cov=3.151413 longcov=3.000000 bpcov_cov=58685.000 tlen=2649 score=8348.093 is_lr=true src=flow exon_lens=[875,128,85,148,958,61,80,33,281] introns=[111149171-111150431,111150559-111151310,111151395-111151979,111152127-111152550,111153508-111154667,111154728-111174047,111174127-111174393,111174426-111174518] 
[BUNDLE_TRACE] AFTER_PAIRWISE 111148296-111174799 exons=10 cov=2.836483 longcov=2.000000 bpcov_cov=48217.000 tlen=1809 score=5131.198 is_lr=true src=flow exon_lens=[769,128,85,148,96,128,61,80,33,281] introns=[111149065-111150431,111150559-111151310,111151395-111151979,111152127-111152550,111152646-111153380,111153508-111154667,111154728-111174047,111174127-111174393,111174426-111174518] 
[BUNDLE_TRACE] AFTER_PAIRWISE 111148296-111174799 exons=8 cov=1.014695 longcov=1.000000 bpcov_cov=60733.000 tlen=3219 score=3266.302 is_lr=true src=flow exon_lens=[875,275,85,1529,61,80,33,281] introns=[111149171-111150431,111150706-111151310,111151395-111151979,111153508-111154667,111154728-111174047,111174127-111174393,111174426-111174518] 
[BUNDLE_TRACE] AFTER_PAIRWISE 111148296-111175575 exons=10 cov=1.031707 longcov=1.000000 bpcov_cov=57283.000 tlen=2736 score=2822.749 is_lr=true src=flow exon_lens=[875,275,85,148,958,61,80,33,124,97] introns=[111149171-111150431,111150706-111151310,111151395-111151979,111152127-111152550,111153508-111154667,111154728-111174047,111174127-111174393,111174426-111174518,111174642-111175478] 
[BUNDLE_TRACE] AFTER_PAIRWISE 111148296-111174799 exons=8 cov=1.043785 longcov=1.000000 bpcov_cov=60377.000 tlen=3072 score=3206.506 is_lr=true src=flow exon_lens=[875,128,85,1529,61,80,33,281] introns=[111149171-111150431,111150559-111151310,111151395-111151979,111153508-111154667,111154728-111174047,111174127-111174393,111174426-111174518] 
[BUNDLE_TRACE] AFTER_PAIRWISE 111148296-111174799 exons=11 cov=1.051403 longcov=1.000000 bpcov_cov=50869.000 tlen=2044 score=2149.068 is_lr=true src=flow exon_lens=[875,128,129,85,148,96,128,61,80,33,281] introns=[111149171-111150431,111150559-111150675,111150804-111151310,111151395-111151979,111152127-111152550,111152646-111153380,111153508-111154667,111154728-111174047,111174127-111174393,111174426-111174518] 
[BUNDLE_TRACE] AFTER_PAIRWISE 111148296-111175575 exons=9 cov=1.057913 longcov=1.000000 bpcov_cov=58619.000 tlen=3012 score=3186.433 is_lr=true src=flow exon_lens=[875,128,85,1529,61,80,33,124,97] introns=[111149171-111150431,111150559-111151310,111151395-111151979,111153508-111154667,111154728-111174047,111174127-111174393,111174426-111174518,111174642-111175478] 
[BUNDLE_TRACE] AFTER_PAIRWISE 111148296-111174799 exons=8 cov=0.979072 longcov=1.000000 bpcov_cov=58045.000 tlen=2966 score=2903.927 is_lr=true src=flow exon_lens=[769,128,85,1529,61,80,33,281] introns=[111149065-111150431,111150559-111151310,111151395-111151979,111153508-111154667,111154728-111174047,111174127-111174393,111174426-111174518] 
[BUNDLE_TRACE] AFTER_PAIRWISE 111148296-111175575 exons=10 cov=1.066981 longcov=1.000000 bpcov_cov=56927.000 tlen=2589 score=2762.414 is_lr=true src=flow exon_lens=[875,128,85,148,958,61,80,33,124,97] introns=[111149171-111150431,111150559-111151310,111151395-111151979,111152127-111152550,111153508-111154667,111154728-111174047,111174127-111174393,111174426-111174518,111174642-111175478] 
[BUNDLE_TRACE] AFTER_PAIRWISE 111148296-111175575 exons=11 cov=1.224297 longcov=1.000000 bpcov_cov=48791.000 tlen=1855 score=2271.070 is_lr=true src=flow exon_lens=[875,128,85,148,96,128,61,80,33,124,97] introns=[111149171-111150431,111150559-111151310,111151395-111151979,111152127-111152550,111152646-111153380,111153508-111154667,111154728-111174047,111174127-111174393,111174426-111174518,111174642-111175478] 
[BUNDLE_TRACE] AFTER_PAIRWISE 111148296-111175575 exons=10 cov=1.784022 longcov=1.000000 bpcov_cov=54595.000 tlen=2483 score=4429.728 is_lr=true src=flow exon_lens=[769,128,85,148,958,61,80,33,124,97] introns=[111149065-111150431,111150559-111151310,111151395-111151979,111152127-111152550,111153508-111154667,111154728-111174047,111174127-111174393,111174426-111174518,111174642-111175478] 
[BUNDLE_TRACE] AFTER_PAIRWISE 111148296-111154714 exons=8 cov=1.009150 longcov=1.000000 bpcov_cov=40113.000 tlen=1530 score=1544.000 is_lr=true src=checktrf_rescue exon_lens=[769,128,129,85,148,96,128,47] introns=[111149065-111150431,111150559-111150675,111150804-111151310,111151395-111151979,111152127-111152550,111152646-111153380,111153508-111154667] 
[BUNDLE_TRACE] AFTER_ISOFRAC 111148296-111174799 exons=10 cov=7.176922 longcov=6.000000 bpcov_cov=50549.000 tlen=1915 score=13743.806 is_lr=true src=flow exon_lens=[875,128,85,148,96,128,61,80,33,281] introns=[111149171-111150431,111150559-111151310,111151395-111151979,111152127-111152550,111152646-111153380,111153508-111154667,111154728-111174047,111174127-111174393,111174426-111174518] 
[BUNDLE_TRACE] AFTER_ISOFRAC 111148296-111174799 exons=9 cov=3.151413 longcov=3.000000 bpcov_cov=58685.000 tlen=2649 score=8348.093 is_lr=true src=flow exon_lens=[875,128,85,148,958,61,80,33,281] introns=[111149171-111150431,111150559-111151310,111151395-111151979,111152127-111152550,111153508-111154667,111154728-111174047,111174127-111174393,111174426-111174518] 
[BUNDLE_TRACE] AFTER_ISOFRAC 111148296-111174799 exons=10 cov=2.836483 longcov=2.000000 bpcov_cov=48217.000 tlen=1809 score=5131.198 is_lr=true src=flow exon_lens=[769,128,85,148,96,128,61,80,33,281] introns=[111149065-111150431,111150559-111151310,111151395-111151979,111152127-111152550,111152646-111153380,111153508-111154667,111154728-111174047,111174127-111174393,111174426-111174518] 
[BUNDLE_TRACE] AFTER_ISOFRAC 111148296-111174799 exons=8 cov=1.014695 longcov=1.000000 bpcov_cov=60733.000 tlen=3219 score=3266.302 is_lr=true src=flow exon_lens=[875,275,85,1529,61,80,33,281] introns=[111149171-111150431,111150706-111151310,111151395-111151979,111153508-111154667,111154728-111174047,111174127-111174393,111174426-111174518] 
[BUNDLE_TRACE] AFTER_ISOFRAC 111148296-111175575 exons=10 cov=1.031707 longcov=1.000000 bpcov_cov=57283.000 tlen=2736 score=2822.749 is_lr=true src=flow exon_lens=[875,275,85,148,958,61,80,33,124,97] introns=[111149171-111150431,111150706-111151310,111151395-111151979,111152127-111152550,111153508-111154667,111154728-111174047,111174127-111174393,111174426-111174518,111174642-111175478] 
[BUNDLE_TRACE] AFTER_ISOFRAC 111148296-111174799 exons=8 cov=1.043785 longcov=1.000000 bpcov_cov=60377.000 tlen=3072 score=3206.506 is_lr=true src=flow exon_lens=[875,128,85,1529,61,80,33,281] introns=[111149171-111150431,111150559-111151310,111151395-111151979,111153508-111154667,111154728-111174047,111174127-111174393,111174426-111174518] 
[BUNDLE_TRACE] AFTER_ISOFRAC 111148296-111174799 exons=11 cov=1.051403 longcov=1.000000 bpcov_cov=50869.000 tlen=2044 score=2149.068 is_lr=true src=flow exon_lens=[875,128,129,85,148,96,128,61,80,33,281] introns=[111149171-111150431,111150559-111150675,111150804-111151310,111151395-111151979,111152127-111152550,111152646-111153380,111153508-111154667,111154728-111174047,111174127-111174393,111174426-111174518] 
[BUNDLE_TRACE] AFTER_ISOFRAC 111148296-111175575 exons=9 cov=1.057913 longcov=1.000000 bpcov_cov=58619.000 tlen=3012 score=3186.433 is_lr=true src=flow exon_lens=[875,128,85,1529,61,80,33,124,97] introns=[111149171-111150431,111150559-111151310,111151395-111151979,111153508-111154667,111154728-111174047,111174127-111174393,111174426-111174518,111174642-111175478] 
[BUNDLE_TRACE] AFTER_ISOFRAC 111148296-111174799 exons=8 cov=0.979072 longcov=1.000000 bpcov_cov=58045.000 tlen=2966 score=2903.927 is_lr=true src=flow exon_lens=[769,128,85,1529,61,80,33,281] introns=[111149065-111150431,111150559-111151310,111151395-111151979,111153508-111154667,111154728-111174047,111174127-111174393,111174426-111174518] 
[BUNDLE_TRACE] AFTER_ISOFRAC 111148296-111175575 exons=10 cov=1.066981 longcov=1.000000 bpcov_cov=56927.000 tlen=2589 score=2762.414 is_lr=true src=flow exon_lens=[875,128,85,148,958,61,80,33,124,97] introns=[111149171-111150431,111150559-111151310,111151395-111151979,111152127-111152550,111153508-111154667,111154728-111174047,111174127-111174393,111174426-111174518,111174642-111175478] 
[BUNDLE_TRACE] AFTER_ISOFRAC 111148296-111175575 exons=11 cov=1.224297 longcov=1.000000 bpcov_cov=48791.000 tlen=1855 score=2271.070 is_lr=true src=flow exon_lens=[875,128,85,148,96,128,61,80,33,124,97] introns=[111149171-111150431,111150559-111151310,111151395-111151979,111152127-111152550,111152646-111153380,111153508-111154667,111154728-111174047,111174127-111174393,111174426-111174518,111174642-111175478] 
[BUNDLE_TRACE] AFTER_ISOFRAC 111148296-111175575 exons=10 cov=1.784022 longcov=1.000000 bpcov_cov=54595.000 tlen=2483 score=4429.728 is_lr=true src=flow exon_lens=[769,128,85,148,958,61,80,33,124,97] introns=[111149065-111150431,111150559-111151310,111151395-111151979,111152127-111152550,111153508-111154667,111154728-111174047,111174127-111174393,111174426-111174518,111174642-111175478] 
[BUNDLE_TRACE] AFTER_ISOFRAC 111148296-111154714 exons=8 cov=1.009150 longcov=1.000000 bpcov_cov=40113.000 tlen=1530 score=1544.000 is_lr=true src=checktrf_rescue exon_lens=[769,128,129,85,148,96,128,47] introns=[111149065-111150431,111150559-111150675,111150804-111151310,111151395-111151979,111152127-111152550,111152646-111153380,111153508-111154667] 
[BUNDLE_TRACE] AFTER_RUNOFF 111148296-111174799 exons=10 cov=7.176922 longcov=6.000000 bpcov_cov=50549.000 tlen=1915 score=13743.806 is_lr=true src=flow exon_lens=[875,128,85,148,96,128,61,80,33,281] introns=[111149171-111150431,111150559-111151310,111151395-111151979,111152127-111152550,111152646-111153380,111153508-111154667,111154728-111174047,111174127-111174393,111174426-111174518] 
[BUNDLE_TRACE] AFTER_RUNOFF 111148296-111174799 exons=9 cov=3.151413 longcov=3.000000 bpcov_cov=58685.000 tlen=2649 score=8348.093 is_lr=true src=flow exon_lens=[875,128,85,148,958,61,80,33,281] introns=[111149171-111150431,111150559-111151310,111151395-111151979,111152127-111152550,111153508-111154667,111154728-111174047,111174127-111174393,111174426-111174518] 
[BUNDLE_TRACE] AFTER_RUNOFF 111148296-111174799 exons=10 cov=2.836483 longcov=2.000000 bpcov_cov=48217.000 tlen=1809 score=5131.198 is_lr=true src=flow exon_lens=[769,128,85,148,96,128,61,80,33,281] introns=[111149065-111150431,111150559-111151310,111151395-111151979,111152127-111152550,111152646-111153380,111153508-111154667,111154728-111174047,111174127-111174393,111174426-111174518] 
[BUNDLE_TRACE] AFTER_RUNOFF 111148296-111174799 exons=8 cov=1.014695 longcov=1.000000 bpcov_cov=60733.000 tlen=3219 score=3266.302 is_lr=true src=flow exon_lens=[875,275,85,1529,61,80,33,281] introns=[111149171-111150431,111150706-111151310,111151395-111151979,111153508-111154667,111154728-111174047,111174127-111174393,111174426-111174518] 
[BUNDLE_TRACE] AFTER_RUNOFF 111148296-111175575 exons=10 cov=1.031707 longcov=1.000000 bpcov_cov=57283.000 tlen=2736 score=2822.749 is_lr=true src=flow exon_lens=[875,275,85,148,958,61,80,33,124,97] introns=[111149171-111150431,111150706-111151310,111151395-111151979,111152127-111152550,111153508-111154667,111154728-111174047,111174127-111174393,111174426-111174518,111174642-111175478] 
[BUNDLE_TRACE] AFTER_RUNOFF 111148296-111174799 exons=8 cov=1.043785 longcov=1.000000 bpcov_cov=60377.000 tlen=3072 score=3206.506 is_lr=true src=flow exon_lens=[875,128,85,1529,61,80,33,281] introns=[111149171-111150431,111150559-111151310,111151395-111151979,111153508-111154667,111154728-111174047,111174127-111174393,111174426-111174518] 
[BUNDLE_TRACE] AFTER_RUNOFF 111148296-111174799 exons=11 cov=1.051403 longcov=1.000000 bpcov_cov=50869.000 tlen=2044 score=2149.068 is_lr=true src=flow exon_lens=[875,128,129,85,148,96,128,61,80,33,281] introns=[111149171-111150431,111150559-111150675,111150804-111151310,111151395-111151979,111152127-111152550,111152646-111153380,111153508-111154667,111154728-111174047,111174127-111174393,111174426-111174518] 
[BUNDLE_TRACE] AFTER_RUNOFF 111148296-111175575 exons=9 cov=1.057913 longcov=1.000000 bpcov_cov=58619.000 tlen=3012 score=3186.433 is_lr=true src=flow exon_lens=[875,128,85,1529,61,80,33,124,97] introns=[111149171-111150431,111150559-111151310,111151395-111151979,111153508-111154667,111154728-111174047,111174127-111174393,111174426-111174518,111174642-111175478] 
[BUNDLE_TRACE] AFTER_RUNOFF 111148296-111174799 exons=8 cov=0.979072 longcov=1.000000 bpcov_cov=58045.000 tlen=2966 score=2903.927 is_lr=true src=flow exon_lens=[769,128,85,1529,61,80,33,281] introns=[111149065-111150431,111150559-111151310,111151395-111151979,111153508-111154667,111154728-111174047,111174127-111174393,111174426-111174518] 
[BUNDLE_TRACE] AFTER_RUNOFF 111148296-111175575 exons=10 cov=1.066981 longcov=1.000000 bpcov_cov=56927.000 tlen=2589 score=2762.414 is_lr=true src=flow exon_lens=[875,128,85,148,958,61,80,33,124,97] introns=[111149171-111150431,111150559-111151310,111151395-111151979,111152127-111152550,111153508-111154667,111154728-111174047,111174127-111174393,111174426-111174518,111174642-111175478] 
[BUNDLE_TRACE] AFTER_RUNOFF 111148296-111175575 exons=11 cov=1.224297 longcov=1.000000 bpcov_cov=48791.000 tlen=1855 score=2271.070 is_lr=true src=flow exon_lens=[875,128,85,148,96,128,61,80,33,124,97] introns=[111149171-111150431,111150559-111151310,111151395-111151979,111152127-111152550,111152646-111153380,111153508-111154667,111154728-111174047,111174127-111174393,111174426-111174518,111174642-111175478] 
[BUNDLE_TRACE] AFTER_RUNOFF 111148296-111175575 exons=10 cov=1.784022 longcov=1.000000 bpcov_cov=54595.000 tlen=2483 score=4429.728 is_lr=true src=flow exon_lens=[769,128,85,148,958,61,80,33,124,97] introns=[111149065-111150431,111150559-111151310,111151395-111151979,111152127-111152550,111153508-111154667,111154728-111174047,111174127-111174393,111174426-111174518,111174642-111175478] 
[BUNDLE_TRACE] AFTER_RUNOFF 111148296-111154714 exons=8 cov=1.009150 longcov=1.000000 bpcov_cov=40113.000 tlen=1530 score=1544.000 is_lr=true src=checktrf_rescue exon_lens=[769,128,129,85,148,96,128,47] introns=[111149065-111150431,111150559-111150675,111150804-111151310,111151395-111151979,111152127-111152550,111152646-111153380,111153508-111154667] 
[BUNDLE_TRACE] AFTER_POLYRUNOFF 111148296-111174799 exons=10 cov=7.176922 longcov=6.000000 bpcov_cov=50549.000 tlen=1915 score=13743.806 is_lr=true src=flow exon_lens=[875,128,85,148,96,128,61,80,33,281] introns=[111149171-111150431,111150559-111151310,111151395-111151979,111152127-111152550,111152646-111153380,111153508-111154667,111154728-111174047,111174127-111174393,111174426-111174518] 
[BUNDLE_TRACE] AFTER_POLYRUNOFF 111148296-111174799 exons=9 cov=3.151413 longcov=3.000000 bpcov_cov=58685.000 tlen=2649 score=8348.093 is_lr=true src=flow exon_lens=[875,128,85,148,958,61,80,33,281] introns=[111149171-111150431,111150559-111151310,111151395-111151979,111152127-111152550,111153508-111154667,111154728-111174047,111174127-111174393,111174426-111174518] 
[BUNDLE_TRACE] AFTER_POLYRUNOFF 111148296-111174799 exons=10 cov=2.836483 longcov=2.000000 bpcov_cov=48217.000 tlen=1809 score=5131.198 is_lr=true src=flow exon_lens=[769,128,85,148,96,128,61,80,33,281] introns=[111149065-111150431,111150559-111151310,111151395-111151979,111152127-111152550,111152646-111153380,111153508-111154667,111154728-111174047,111174127-111174393,111174426-111174518] 
[BUNDLE_TRACE] AFTER_POLYRUNOFF 111148296-111174799 exons=8 cov=1.014695 longcov=1.000000 bpcov_cov=60733.000 tlen=3219 score=3266.302 is_lr=true src=flow exon_lens=[875,275,85,1529,61,80,33,281] introns=[111149171-111150431,111150706-111151310,111151395-111151979,111153508-111154667,111154728-111174047,111174127-111174393,111174426-111174518] 
[BUNDLE_TRACE] AFTER_POLYRUNOFF 111148296-111175575 exons=10 cov=1.031707 longcov=1.000000 bpcov_cov=57283.000 tlen=2736 score=2822.749 is_lr=true src=flow exon_lens=[875,275,85,148,958,61,80,33,124,97] introns=[111149171-111150431,111150706-111151310,111151395-111151979,111152127-111152550,111153508-111154667,111154728-111174047,111174127-111174393,111174426-111174518,111174642-111175478] 
[BUNDLE_TRACE] AFTER_POLYRUNOFF 111148296-111174799 exons=8 cov=1.043785 longcov=1.000000 bpcov_cov=60377.000 tlen=3072 score=3206.506 is_lr=true src=flow exon_lens=[875,128,85,1529,61,80,33,281] introns=[111149171-111150431,111150559-111151310,111151395-111151979,111153508-111154667,111154728-111174047,111174127-111174393,111174426-111174518] 
[BUNDLE_TRACE] AFTER_POLYRUNOFF 111148296-111174799 exons=11 cov=1.051403 longcov=1.000000 bpcov_cov=50869.000 tlen=2044 score=2149.068 is_lr=true src=flow exon_lens=[875,128,129,85,148,96,128,61,80,33,281] introns=[111149171-111150431,111150559-111150675,111150804-111151310,111151395-111151979,111152127-111152550,111152646-111153380,111153508-111154667,111154728-111174047,111174127-111174393,111174426-111174518] 
[BUNDLE_TRACE] AFTER_POLYRUNOFF 111148296-111175575 exons=9 cov=1.057913 longcov=1.000000 bpcov_cov=58619.000 tlen=3012 score=3186.433 is_lr=true src=flow exon_lens=[875,128,85,1529,61,80,33,124,97] introns=[111149171-111150431,111150559-111151310,111151395-111151979,111153508-111154667,111154728-111174047,111174127-111174393,111174426-111174518,111174642-111175478] 
[BUNDLE_TRACE] AFTER_POLYRUNOFF 111148296-111174799 exons=8 cov=0.979072 longcov=1.000000 bpcov_cov=58045.000 tlen=2966 score=2903.927 is_lr=true src=flow exon_lens=[769,128,85,1529,61,80,33,281] introns=[111149065-111150431,111150559-111151310,111151395-111151979,111153508-111154667,111154728-111174047,111174127-111174393,111174426-111174518] 
[BUNDLE_TRACE] AFTER_POLYRUNOFF 111148296-111175575 exons=10 cov=1.066981 longcov=1.000000 bpcov_cov=56927.000 tlen=2589 score=2762.414 is_lr=true src=flow exon_lens=[875,128,85,148,958,61,80,33,124,97] introns=[111149171-111150431,111150559-111151310,111151395-111151979,111152127-111152550,111153508-111154667,111154728-111174047,111174127-111174393,111174426-111174518,111174642-111175478] 
[BUNDLE_TRACE] AFTER_POLYRUNOFF 111148296-111175575 exons=11 cov=1.224297 longcov=1.000000 bpcov_cov=48791.000 tlen=1855 score=2271.070 is_lr=true src=flow exon_lens=[875,128,85,148,96,128,61,80,33,124,97] introns=[111149171-111150431,111150559-111151310,111151395-111151979,111152127-111152550,111152646-111153380,111153508-111154667,111154728-111174047,111174127-111174393,111174426-111174518,111174642-111175478] 
[BUNDLE_TRACE] AFTER_POLYRUNOFF 111148296-111175575 exons=10 cov=1.784022 longcov=1.000000 bpcov_cov=54595.000 tlen=2483 score=4429.728 is_lr=true src=flow exon_lens=[769,128,85,148,958,61,80,33,124,97] introns=[111149065-111150431,111150559-111151310,111151395-111151979,111152127-111152550,111153508-111154667,111154728-111174047,111174127-111174393,111174426-111174518,111174642-111175478] 
[BUNDLE_TRACE] AFTER_POLYRUNOFF 111148296-111154714 exons=8 cov=1.009150 longcov=1.000000 bpcov_cov=40113.000 tlen=1530 score=1544.000 is_lr=true src=checktrf_rescue exon_lens=[769,128,129,85,148,96,128,47] introns=[111149065-111150431,111150559-111150675,111150804-111151310,111151395-111151979,111152127-111152550,111152646-111153380,111153508-111154667] 
[BUNDLE_TRACE] AFTER_POLYRUNON 111148296-111174799 exons=10 cov=7.176922 longcov=6.000000 bpcov_cov=50549.000 tlen=1915 score=13743.806 is_lr=true src=flow exon_lens=[875,128,85,148,96,128,61,80,33,281] introns=[111149171-111150431,111150559-111151310,111151395-111151979,111152127-111152550,111152646-111153380,111153508-111154667,111154728-111174047,111174127-111174393,111174426-111174518] 
[BUNDLE_TRACE] AFTER_POLYRUNON 111148296-111174799 exons=9 cov=3.151413 longcov=3.000000 bpcov_cov=58685.000 tlen=2649 score=8348.093 is_lr=true src=flow exon_lens=[875,128,85,148,958,61,80,33,281] introns=[111149171-111150431,111150559-111151310,111151395-111151979,111152127-111152550,111153508-111154667,111154728-111174047,111174127-111174393,111174426-111174518] 
[BUNDLE_TRACE] AFTER_POLYRUNON 111148296-111174799 exons=10 cov=2.836483 longcov=2.000000 bpcov_cov=48217.000 tlen=1809 score=5131.198 is_lr=true src=flow exon_lens=[769,128,85,148,96,128,61,80,33,281] introns=[111149065-111150431,111150559-111151310,111151395-111151979,111152127-111152550,111152646-111153380,111153508-111154667,111154728-111174047,111174127-111174393,111174426-111174518] 
[BUNDLE_TRACE] AFTER_POLYRUNON 111148296-111174799 exons=8 cov=1.014695 longcov=1.000000 bpcov_cov=60733.000 tlen=3219 score=3266.302 is_lr=true src=flow exon_lens=[875,275,85,1529,61,80,33,281] introns=[111149171-111150431,111150706-111151310,111151395-111151979,111153508-111154667,111154728-111174047,111174127-111174393,111174426-111174518] 
[BUNDLE_TRACE] AFTER_POLYRUNON 111148296-111175575 exons=10 cov=1.031707 longcov=1.000000 bpcov_cov=57283.000 tlen=2736 score=2822.749 is_lr=true src=flow exon_lens=[875,275,85,148,958,61,80,33,124,97] introns=[111149171-111150431,111150706-111151310,111151395-111151979,111152127-111152550,111153508-111154667,111154728-111174047,111174127-111174393,111174426-111174518,111174642-111175478] 
[BUNDLE_TRACE] AFTER_POLYRUNON 111148296-111174799 exons=8 cov=1.043785 longcov=1.000000 bpcov_cov=60377.000 tlen=3072 score=3206.506 is_lr=true src=flow exon_lens=[875,128,85,1529,61,80,33,281] introns=[111149171-111150431,111150559-111151310,111151395-111151979,111153508-111154667,111154728-111174047,111174127-111174393,111174426-111174518] 
[BUNDLE_TRACE] AFTER_POLYRUNON 111148296-111174799 exons=11 cov=1.051403 longcov=1.000000 bpcov_cov=50869.000 tlen=2044 score=2149.068 is_lr=true src=flow exon_lens=[875,128,129,85,148,96,128,61,80,33,281] introns=[111149171-111150431,111150559-111150675,111150804-111151310,111151395-111151979,111152127-111152550,111152646-111153380,111153508-111154667,111154728-111174047,111174127-111174393,111174426-111174518] 
[BUNDLE_TRACE] AFTER_POLYRUNON 111148296-111175575 exons=9 cov=1.057913 longcov=1.000000 bpcov_cov=58619.000 tlen=3012 score=3186.433 is_lr=true src=flow exon_lens=[875,128,85,1529,61,80,33,124,97] introns=[111149171-111150431,111150559-111151310,111151395-111151979,111153508-111154667,111154728-111174047,111174127-111174393,111174426-111174518,111174642-111175478] 
[BUNDLE_TRACE] AFTER_POLYRUNON 111148296-111174799 exons=8 cov=0.979072 longcov=1.000000 bpcov_cov=58045.000 tlen=2966 score=2903.927 is_lr=true src=flow exon_lens=[769,128,85,1529,61,80,33,281] introns=[111149065-111150431,111150559-111151310,111151395-111151979,111153508-111154667,111154728-111174047,111174127-111174393,111174426-111174518] 
[BUNDLE_TRACE] AFTER_POLYRUNON 111148296-111175575 exons=10 cov=1.066981 longcov=1.000000 bpcov_cov=56927.000 tlen=2589 score=2762.414 is_lr=true src=flow exon_lens=[875,128,85,148,958,61,80,33,124,97] introns=[111149171-111150431,111150559-111151310,111151395-111151979,111152127-111152550,111153508-111154667,111154728-111174047,111174127-111174393,111174426-111174518,111174642-111175478] 
[BUNDLE_TRACE] AFTER_POLYRUNON 111148296-111175575 exons=11 cov=1.224297 longcov=1.000000 bpcov_cov=48791.000 tlen=1855 score=2271.070 is_lr=true src=flow exon_lens=[875,128,85,148,96,128,61,80,33,124,97] introns=[111149171-111150431,111150559-111151310,111151395-111151979,111152127-111152550,111152646-111153380,111153508-111154667,111154728-111174047,111174127-111174393,111174426-111174518,111174642-111175478] 
[BUNDLE_TRACE] AFTER_POLYRUNON 111148296-111175575 exons=10 cov=1.784022 longcov=1.000000 bpcov_cov=54595.000 tlen=2483 score=4429.728 is_lr=true src=flow exon_lens=[769,128,85,148,958,61,80,33,124,97] introns=[111149065-111150431,111150559-111151310,111151395-111151979,111152127-111152550,111153508-111154667,111154728-111174047,111174127-111174393,111174426-111174518,111174642-111175478] 
[BUNDLE_TRACE] AFTER_POLYRUNON 111148296-111154714 exons=8 cov=1.009150 longcov=1.000000 bpcov_cov=40113.000 tlen=1530 score=1544.000 is_lr=true src=checktrf_rescue exon_lens=[769,128,129,85,148,96,128,47] introns=[111149065-111150431,111150559-111150675,111150804-111151310,111151395-111151979,111152127-111152550,111152646-111153380,111153508-111154667] 
[BUNDLE_TRACE] AFTER_READTHR 111148296-111174799 exons=10 cov=7.176922 longcov=6.000000 bpcov_cov=50549.000 tlen=1915 score=13743.806 is_lr=true src=flow exon_lens=[875,128,85,148,96,128,61,80,33,281] introns=[111149171-111150431,111150559-111151310,111151395-111151979,111152127-111152550,111152646-111153380,111153508-111154667,111154728-111174047,111174127-111174393,111174426-111174518] 
[BUNDLE_TRACE] AFTER_READTHR 111148296-111174799 exons=9 cov=3.151413 longcov=3.000000 bpcov_cov=58685.000 tlen=2649 score=8348.093 is_lr=true src=flow exon_lens=[875,128,85,148,958,61,80,33,281] introns=[111149171-111150431,111150559-111151310,111151395-111151979,111152127-111152550,111153508-111154667,111154728-111174047,111174127-111174393,111174426-111174518] 
[BUNDLE_TRACE] AFTER_READTHR 111148296-111174799 exons=10 cov=2.836483 longcov=2.000000 bpcov_cov=48217.000 tlen=1809 score=5131.198 is_lr=true src=flow exon_lens=[769,128,85,148,96,128,61,80,33,281] introns=[111149065-111150431,111150559-111151310,111151395-111151979,111152127-111152550,111152646-111153380,111153508-111154667,111154728-111174047,111174127-111174393,111174426-111174518] 
[BUNDLE_TRACE] AFTER_READTHR 111148296-111174799 exons=8 cov=1.014695 longcov=1.000000 bpcov_cov=60733.000 tlen=3219 score=3266.302 is_lr=true src=flow exon_lens=[875,275,85,1529,61,80,33,281] introns=[111149171-111150431,111150706-111151310,111151395-111151979,111153508-111154667,111154728-111174047,111174127-111174393,111174426-111174518] 
[BUNDLE_TRACE] AFTER_READTHR 111148296-111175575 exons=10 cov=1.031707 longcov=1.000000 bpcov_cov=57283.000 tlen=2736 score=2822.749 is_lr=true src=flow exon_lens=[875,275,85,148,958,61,80,33,124,97] introns=[111149171-111150431,111150706-111151310,111151395-111151979,111152127-111152550,111153508-111154667,111154728-111174047,111174127-111174393,111174426-111174518,111174642-111175478] 
[BUNDLE_TRACE] AFTER_READTHR 111148296-111174799 exons=8 cov=1.043785 longcov=1.000000 bpcov_cov=60377.000 tlen=3072 score=3206.506 is_lr=true src=flow exon_lens=[875,128,85,1529,61,80,33,281] introns=[111149171-111150431,111150559-111151310,111151395-111151979,111153508-111154667,111154728-111174047,111174127-111174393,111174426-111174518] 
[BUNDLE_TRACE] AFTER_READTHR 111148296-111174799 exons=11 cov=1.051403 longcov=1.000000 bpcov_cov=50869.000 tlen=2044 score=2149.068 is_lr=true src=flow exon_lens=[875,128,129,85,148,96,128,61,80,33,281] introns=[111149171-111150431,111150559-111150675,111150804-111151310,111151395-111151979,111152127-111152550,111152646-111153380,111153508-111154667,111154728-111174047,111174127-111174393,111174426-111174518] 
[BUNDLE_TRACE] AFTER_READTHR 111148296-111175575 exons=9 cov=1.057913 longcov=1.000000 bpcov_cov=58619.000 tlen=3012 score=3186.433 is_lr=true src=flow exon_lens=[875,128,85,1529,61,80,33,124,97] introns=[111149171-111150431,111150559-111151310,111151395-111151979,111153508-111154667,111154728-111174047,111174127-111174393,111174426-111174518,111174642-111175478] 
[BUNDLE_TRACE] AFTER_READTHR 111148296-111175575 exons=10 cov=1.066981 longcov=1.000000 bpcov_cov=56927.000 tlen=2589 score=2762.414 is_lr=true src=flow exon_lens=[875,128,85,148,958,61,80,33,124,97] introns=[111149171-111150431,111150559-111151310,111151395-111151979,111152127-111152550,111153508-111154667,111154728-111174047,111174127-111174393,111174426-111174518,111174642-111175478] 
[BUNDLE_TRACE] AFTER_READTHR 111148296-111175575 exons=11 cov=1.224297 longcov=1.000000 bpcov_cov=48791.000 tlen=1855 score=2271.070 is_lr=true src=flow exon_lens=[875,128,85,148,96,128,61,80,33,124,97] introns=[111149171-111150431,111150559-111151310,111151395-111151979,111152127-111152550,111152646-111153380,111153508-111154667,111154728-111174047,111174127-111174393,111174426-111174518,111174642-111175478] 
[BUNDLE_TRACE] AFTER_READTHR 111148296-111175575 exons=10 cov=1.784022 longcov=1.000000 bpcov_cov=54595.000 tlen=2483 score=4429.728 is_lr=true src=flow exon_lens=[769,128,85,148,958,61,80,33,124,97] introns=[111149065-111150431,111150559-111151310,111151395-111151979,111152127-111152550,111153508-111154667,111154728-111174047,111174127-111174393,111174426-111174518,111174642-111175478] 
[BUNDLE_TRACE] AFTER_READTHR 111148296-111154714 exons=8 cov=1.009150 longcov=1.000000 bpcov_cov=40113.000 tlen=1530 score=1544.000 is_lr=true src=checktrf_rescue exon_lens=[769,128,129,85,148,96,128,47] introns=[111149065-111150431,111150559-111150675,111150804-111151310,111151395-111151979,111152127-111152550,111152646-111153380,111153508-111154667] 
[BUNDLE_TRACE] FINAL_OUTPUT 111148296-111174799 exons=10 cov=7.176922 longcov=6.000000 bpcov_cov=50549.000 tlen=1915 score=13743.806 is_lr=true src=flow exon_lens=[875,128,85,148,96,128,61,80,33,281] introns=[111149171-111150431,111150559-111151310,111151395-111151979,111152127-111152550,111152646-111153380,111153508-111154667,111154728-111174047,111174127-111174393,111174426-111174518] 
[BUNDLE_TRACE] FINAL_OUTPUT 111148296-111174799 exons=9 cov=3.151413 longcov=3.000000 bpcov_cov=58685.000 tlen=2649 score=8348.093 is_lr=true src=flow exon_lens=[875,128,85,148,958,61,80,33,281] introns=[111149171-111150431,111150559-111151310,111151395-111151979,111152127-111152550,111153508-111154667,111154728-111174047,111174127-111174393,111174426-111174518] 
[BUNDLE_TRACE] FINAL_OUTPUT 111148296-111174799 exons=10 cov=2.836483 longcov=2.000000 bpcov_cov=48217.000 tlen=1809 score=5131.198 is_lr=true src=flow exon_lens=[769,128,85,148,96,128,61,80,33,281] introns=[111149065-111150431,111150559-111151310,111151395-111151979,111152127-111152550,111152646-111153380,111153508-111154667,111154728-111174047,111174127-111174393,111174426-111174518] 
[BUNDLE_TRACE] FINAL_OUTPUT 111148296-111174799 exons=8 cov=1.014695 longcov=1.000000 bpcov_cov=60733.000 tlen=3219 score=3266.302 is_lr=true src=flow exon_lens=[875,275,85,1529,61,80,33,281] introns=[111149171-111150431,111150706-111151310,111151395-111151979,111153508-111154667,111154728-111174047,111174127-111174393,111174426-111174518] 
[BUNDLE_TRACE] FINAL_OUTPUT 111148296-111175575 exons=10 cov=1.031707 longcov=1.000000 bpcov_cov=57283.000 tlen=2736 score=2822.749 is_lr=true src=flow exon_lens=[875,275,85,148,958,61,80,33,124,97] introns=[111149171-111150431,111150706-111151310,111151395-111151979,111152127-111152550,111153508-111154667,111154728-111174047,111174127-111174393,111174426-111174518,111174642-111175478] 
[BUNDLE_TRACE] FINAL_OUTPUT 111148296-111174799 exons=8 cov=1.043785 longcov=1.000000 bpcov_cov=60377.000 tlen=3072 score=3206.506 is_lr=true src=flow exon_lens=[875,128,85,1529,61,80,33,281] introns=[111149171-111150431,111150559-111151310,111151395-111151979,111153508-111154667,111154728-111174047,111174127-111174393,111174426-111174518] 
[BUNDLE_TRACE] FINAL_OUTPUT 111148296-111174799 exons=11 cov=1.051403 longcov=1.000000 bpcov_cov=50869.000 tlen=2044 score=2149.068 is_lr=true src=flow exon_lens=[875,128,129,85,148,96,128,61,80,33,281] introns=[111149171-111150431,111150559-111150675,111150804-111151310,111151395-111151979,111152127-111152550,111152646-111153380,111153508-111154667,111154728-111174047,111174127-111174393,111174426-111174518] 
[BUNDLE_TRACE] FINAL_OUTPUT 111148296-111175575 exons=9 cov=1.057913 longcov=1.000000 bpcov_cov=58619.000 tlen=3012 score=3186.433 is_lr=true src=flow exon_lens=[875,128,85,1529,61,80,33,124,97] introns=[111149171-111150431,111150559-111151310,111151395-111151979,111153508-111154667,111154728-111174047,111174127-111174393,111174426-111174518,111174642-111175478] 
[BUNDLE_TRACE] FINAL_OUTPUT 111148296-111175575 exons=10 cov=1.066981 longcov=1.000000 bpcov_cov=56927.000 tlen=2589 score=2762.414 is_lr=true src=flow exon_lens=[875,128,85,148,958,61,80,33,124,97] introns=[111149171-111150431,111150559-111151310,111151395-111151979,111152127-111152550,111153508-111154667,111154728-111174047,111174127-111174393,111174426-111174518,111174642-111175478] 
[BUNDLE_TRACE] FINAL_OUTPUT 111148296-111175575 exons=11 cov=1.224297 longcov=1.000000 bpcov_cov=48791.000 tlen=1855 score=2271.070 is_lr=true src=flow exon_lens=[875,128,85,148,96,128,61,80,33,124,97] introns=[111149171-111150431,111150559-111151310,111151395-111151979,111152127-111152550,111152646-111153380,111153508-111154667,111154728-111174047,111174127-111174393,111174426-111174518,111174642-111175478] 
[BUNDLE_TRACE] FINAL_OUTPUT 111148296-111175575 exons=10 cov=1.784022 longcov=1.000000 bpcov_cov=54595.000 tlen=2483 score=4429.728 is_lr=true src=flow exon_lens=[769,128,85,148,958,61,80,33,124,97] introns=[111149065-111150431,111150559-111151310,111151395-111151979,111152127-111152550,111153508-111154667,111154728-111174047,111174127-111174393,111174426-111174518,111174642-111175478] 
[BUNDLE_TRACE] FINAL_OUTPUT 111148296-111154714 exons=8 cov=1.009150 longcov=1.000000 bpcov_cov=40113.000 tlen=1530 score=1544.000 is_lr=true src=checktrf_rescue exon_lens=[769,128,129,85,148,96,128,47] introns=[111149065-111150431,111150559-111150675,111150804-111151310,111151395-111151979,111152127-111152550,111152646-111153380,111153508-111154667] 
