[STRINGTIE_EXACT] Default mode: StringTie-exact (disable with RUSTLE_STRINGTIE_EXACT=0). Gated sites: junction post-good_junc merge filters, alt-junction demotion, fwd_to_sink past_seed gate, onpath_long reach relaxation, novel_splice_rescue; RunConfig: junction_canonical_tolerance forced to 0 after compat preset. See src/rustle/stringtie_parity.rs for details.
[parity_decisions] enabled: log=bench/ggo19_needy_next5_run_STRG_440.r.jsonl chrom=Some("NC_073243.2") range=Some((80273347, 80288948)) steps=Some({"path_extracted"})
rustle: needy-locus diagnostics: writing per-bundle summary TSV to bench/ggo19_needy_next5_run_STRG_440.needy_bundle_summary.tsv
[EARLY_DEBUG] region_merge NC_073243.2:80025751-80328655 contributing_bundles=2 merged_reads=873 merged_jstats=194
[DEBUG_JUNCTIONS] region_merge_raw: 194 junctions
  80025990-80057088 count=3.00
  80026579-80127662 count=1.00
  80026675-80029200 count=1.00
  80026675-80035529 count=1.00
  80026675-80057088 count=225.00
  80026675-80127662 count=1.00
  80026679-80057088 count=1.00
  80026896-80029200 count=3.00
  80026896-80057088 count=3.00
  80029276-80030474 count=1.00
  80029276-80057088 count=3.00
  80030783-80057088 count=2.00
  80030783-80101663 count=1.00
  80035651-80057088 count=1.00
  80054364-80057088 count=1.00
  80054933-80057088 count=1.00
  80056031-80056348 count=1.00
  80056031-80057088 count=1.00
  80056430-80057088 count=1.00
  80056438-80057088 count=1.00
  80057172-80058290 count=1.00
  80057172-80081695 count=1.00
  80057172-80101663 count=1.00
  80057172-80127662 count=240.00
  80057945-80127662 count=1.00
  80058471-80127662 count=1.00
  80080481-80166061 count=1.00
  80082070-80127662 count=1.00
  80089869-80093179 count=1.00
  80094261-80095909 count=1.00
  80101842-80103290 count=2.00
  80103347-80127662 count=1.00
  80103507-80127662 count=1.00
  80127521-80127662 count=1.00
  80127793-80134049 count=1.00
  80127793-80166061 count=236.00
  80127809-80166061 count=11.00
  80134164-80166061 count=1.00
  80135294-80166061 count=1.00
  80166139-80181048 count=1.00
  80166150-80173703 count=249.00
  80166150-80177794 count=1.00
  80166910-80169059 count=2.00
  80169152-80184470 count=2.00
  80173768-80177794 count=250.00
  80173770-80177794 count=1.00
  80177852-80178576 count=252.00
  80178647-80181004 count=252.00
  80181072-80184577 count=1.00
  80181111-80181757 count=254.00
  80181936-80182169 count=261.00
  80182198-80183566 count=88.00
  80182198-80184575 count=1.00
  80182198-80184577 count=171.00
  80183653-80184577 count=89.00
  80184619-80190071 count=2.00
  80184664-80188802 count=259.00
  80184664-80191744 count=6.00
  80188857-80191744 count=263.00
  80190209-80207748 count=1.00
  80190209-80238955 count=1.00
  80191863-80192958 count=270.00
  80191863-80196340 count=1.00
  80194494-80196340 count=336.00
  80194498-80196340 count=6.00
  80196490-80199745 count=342.00
  80196490-80201135 count=1.00
  80196494-80199745 count=2.00
  80198121-80199745 count=1.00
  80199811-80200702 count=348.00
  80206319-80207369 count=1.00
  80207784-80209037 count=1.00
  80209216-80210688 count=2.00
  80209279-80210688 count=2.00
  80209383-80210688 count=1.00
  80209499-80220286 count=1.00
  80209626-80210688 count=19.00
  80210763-80215554 count=7.00
  80210763-80220286 count=3.00
  80210763-80232966 count=12.00
  80210763-80236965 count=1.00
  80210836-80211719 count=1.00
  80213183-80238955 count=2.00
  80214481-80238955 count=1.00
  80215741-80217622 count=1.00
  80215741-80220286 count=3.00
  80215741-80232966 count=1.00
  80215741-80236965 count=1.00
  80220410-80232966 count=7.00
  80233123-80234505 count=21.00
  80234631-80236965 count=21.00
  80237143-80237279 count=1.00
  80237143-80238980 count=11.00
  80237338-80238980 count=1.00
  80239089-80250203 count=12.00
  80250331-80258499 count=1.00
  80250331-80260050 count=1.00
  80250331-80261722 count=1.00
  80250331-80262100 count=1.00
  80250331-80266836 count=3.00
  80250331-80284050 count=1.00
  80250331-80284883 count=1.00
  80251814-80253033 count=1.00
  80258582-80266836 count=1.00
  80260126-80261722 count=1.00
  80266942-80269447 count=4.00
  80270547-80279003 count=2.00
  80271582-80278579 count=1.00
  80271591-80278976 count=1.00
  80271610-80272277 count=1.00
  80272249-80279416 count=1.00
  80272386-80278415 count=1.00
  80274101-80281760 count=1.00
  80276080-80276726 count=1.00
  80276080-80276728 count=2.00
  80276084-80277165 count=1.00
  80276086-80276728 count=9.00
  80276087-80276193 count=1.00
  80276092-80276731 count=6.00
  80276092-80276733 count=3.00
  80276092-80278182 count=1.00
  80276134-80278362 count=1.00
  80276493-80278407 count=2.00
  80276493-80278543 count=2.00
  80276493-80278549 count=1.00
  80276493-80278553 count=1.00
  80276695-80278362 count=1.00
  80278961-80279367 count=5.00
  80279058-80279367 count=129.00
  80279466-80280746 count=14.00
  80279466-80281670 count=119.00
  80279466-80283589 count=1.00
  80280932-80281670 count=14.00
  80281929-80283589 count=116.00
  80281929-80284818 count=16.00
  80283698-80284818 count=116.00
  80283698-80285533 count=1.00
  80285085-80285218 count=2.00
  80285085-80285533 count=117.00
  80285085-80288350 count=4.00
  80285085-80300257 count=1.00
  80285905-80289947 count=1.00
  80286014-80288482 count=262.00
  80286014-80292314 count=3.00
  80288416-80289269 count=3.00
  80288416-80299441 count=1.00
  80288517-80293228 count=1.00
  80288521-80293228 count=1.00
  80288528-80292790 count=1.00
  80288594-80289947 count=260.00
  80289386-80299464 count=1.00
  80289386-80300046 count=1.00
  80289386-80300257 count=1.00
  80289956-80293236 count=1.00
  80289960-80293228 count=1.00
  80289960-80293236 count=1.00
  80289991-80292314 count=257.00
  80291013-80292046 count=1.00
  80291179-80291760 count=1.00
  80292385-80292636 count=247.00
  80292686-80292790 count=247.00
  80292819-80294948 count=1.00
  80292864-80293096 count=248.00
  80293147-80293228 count=251.00
  80293330-80294941 count=260.00
  80295070-80295322 count=270.00
  80296079-80296794 count=1.00
  80300038-80303915 count=12.00
  80300483-80303915 count=10.00
  80300483-80305811 count=1.00
  80304009-80305811 count=24.00
  80305935-80306245 count=26.00
  80306368-80307427 count=27.00
  80306368-80307431 count=1.00
  80307732-80308977 count=30.00
  80309129-80310888 count=40.00
  80310976-80314660 count=43.00
  80311173-80312822 count=1.00
  80311382-80312825 count=1.00
  80314819-80315515 count=2.00
  80314819-80315554 count=43.00
  80315597-80319348 count=4.00
  80315597-80319971 count=41.00
  80319483-80319971 count=4.00
  80320144-80320245 count=8.00
  80320144-80320280 count=1.00
  80320144-80323728 count=40.00
  80320660-80323728 count=1.00
  80322706-80323311 count=1.00
  80322708-80323313 count=2.00
  80322739-80323288 count=1.00
  80322861-80323145 count=1.00
  80323804-80324354 count=51.00
  80324750-80326169 count=1.00
[DEBUG_JUNCTIONS] region_merge_del: 194 junctions
  80025990-80057088 count=3.00
  80026579-80127662 count=1.00
  80026675-80029200 count=1.00
  80026675-80035529 count=1.00
  80026675-80057088 count=225.00
  80026675-80127662 count=1.00
  80026679-80057088 count=1.00
  80026896-80029200 count=3.00
  80026896-80057088 count=3.00
  80029276-80030474 count=1.00
  80029276-80057088 count=3.00
  80030783-80057088 count=2.00
  80030783-80101663 count=1.00
  80035651-80057088 count=1.00
  80054364-80057088 count=1.00
  80054933-80057088 count=1.00
  80056031-80056348 count=1.00
  80056031-80057088 count=1.00
  80056430-80057088 count=1.00
  80056438-80057088 count=1.00
  80057172-80058290 count=1.00
  80057172-80081695 count=1.00
  80057172-80101663 count=1.00
  80057172-80127662 count=240.00
  80057945-80127662 count=1.00
  80058471-80127662 count=1.00
  80080481-80166061 count=1.00
  80082070-80127662 count=1.00
  80089869-80093179 count=1.00
  80094261-80095909 count=1.00
  80101842-80103290 count=2.00
  80103347-80127662 count=1.00
  80103507-80127662 count=1.00
  80127521-80127662 count=1.00
  80127793-80134049 count=1.00
  80127793-80166061 count=236.00
  80127809-80166061 count=11.00
  80134164-80166061 count=1.00
  80135294-80166061 count=1.00
  80166139-80181048 count=1.00
  80166150-80173703 count=249.00
  80166150-80177794 count=1.00
  80166910-80169059 count=2.00
  80169152-80184470 count=2.00
  80173768-80177794 count=250.00
  80173770-80177794 count=1.00
  80177852-80178576 count=252.00
  80178647-80181004 count=252.00
  80181072-80184577 count=1.00
  80181111-80181757 count=254.00
  80181936-80182169 count=261.00
  80182198-80183566 count=88.00
  80182198-80184575 count=1.00
  80182198-80184577 count=171.00
  80183653-80184577 count=89.00
  80184619-80190071 count=2.00
  80184664-80188802 count=259.00
  80184664-80191744 count=6.00
  80188857-80191744 count=263.00
  80190209-80207748 count=1.00
  80190209-80238955 count=1.00
  80191863-80192958 count=270.00
  80191863-80196340 count=1.00
  80194494-80196340 count=336.00
  80194498-80196340 count=6.00
  80196490-80199745 count=342.00
  80196490-80201135 count=1.00
  80196494-80199745 count=2.00
  80198121-80199745 count=1.00
  80199811-80200702 count=348.00
  80206319-80207369 count=1.00
  80207784-80209037 count=1.00
  80209216-80210688 count=2.00
  80209279-80210688 count=2.00
  80209383-80210688 count=1.00
  80209499-80220286 count=1.00
  80209626-80210688 count=19.00
  80210763-80215554 count=7.00
  80210763-80220286 count=3.00
  80210763-80232966 count=12.00
  80210763-80236965 count=1.00
  80210836-80211719 count=1.00
  80213183-80238955 count=2.00
  80214481-80238955 count=1.00
  80215741-80217622 count=1.00
  80215741-80220286 count=3.00
  80215741-80232966 count=1.00
  80215741-80236965 count=1.00
  80220410-80232966 count=7.00
  80233123-80234505 count=21.00
  80234631-80236965 count=21.00
  80237143-80237279 count=1.00
  80237143-80238980 count=11.00
  80237338-80238980 count=1.00
  80239089-80250203 count=12.00
  80250331-80258499 count=1.00
  80250331-80260050 count=1.00
  80250331-80261722 count=1.00
  80250331-80262100 count=1.00
  80250331-80266836 count=3.00
  80250331-80284050 count=1.00
  80250331-80284883 count=1.00
  80251814-80253033 count=1.00
  80258582-80266836 count=1.00
  80260126-80261722 count=1.00
  80266942-80269447 count=4.00
  80270547-80279003 count=2.00
  80271582-80278579 count=1.00
  80271591-80278976 count=1.00
  80271610-80272277 count=1.00
  80272249-80279416 count=1.00
  80272386-80278415 count=1.00
  80274101-80281760 count=1.00
  80276080-80276726 count=1.00
  80276080-80276728 count=2.00
  80276084-80277165 count=1.00
  80276086-80276728 count=9.00
  80276087-80276193 count=1.00
  80276092-80276731 count=6.00
  80276092-80276733 count=3.00
  80276092-80278182 count=1.00
  80276134-80278362 count=1.00
  80276493-80278407 count=2.00
  80276493-80278543 count=2.00
  80276493-80278549 count=1.00
  80276493-80278553 count=1.00
  80276695-80278362 count=1.00
  80278961-80279367 count=5.00
  80279058-80279367 count=129.00
  80279466-80280746 count=14.00
  80279466-80281670 count=119.00
  80279466-80283589 count=1.00
  80280932-80281670 count=14.00
  80281929-80283589 count=116.00
  80281929-80284818 count=16.00
  80283698-80284818 count=116.00
  80283698-80285533 count=1.00
  80285085-80285218 count=2.00
  80285085-80285533 count=117.00
  80285085-80288350 count=4.00
  80285085-80300257 count=1.00
  80285905-80289947 count=1.00
  80286014-80288482 count=262.00
  80286014-80292314 count=3.00
  80288416-80289269 count=3.00
  80288416-80299441 count=1.00
  80288517-80293228 count=1.00
  80288521-80293228 count=1.00
  80288528-80292790 count=1.00
  80288594-80289947 count=260.00
  80289386-80299464 count=1.00
  80289386-80300046 count=1.00
  80289386-80300257 count=1.00
  80289956-80293236 count=1.00
  80289960-80293228 count=1.00
  80289960-80293236 count=1.00
  80289991-80292314 count=257.00
  80291013-80292046 count=1.00
  80291179-80291760 count=1.00
  80292385-80292636 count=247.00
  80292686-80292790 count=247.00
  80292819-80294948 count=1.00
  80292864-80293096 count=248.00
  80293147-80293228 count=251.00
  80293330-80294941 count=260.00
  80295070-80295322 count=270.00
  80296079-80296794 count=1.00
  80300038-80303915 count=12.00
  80300483-80303915 count=10.00
  80300483-80305811 count=1.00
  80304009-80305811 count=24.00
  80305935-80306245 count=26.00
  80306368-80307427 count=27.00
  80306368-80307431 count=1.00
  80307732-80308977 count=30.00
  80309129-80310888 count=40.00
  80310976-80314660 count=43.00
  80311173-80312822 count=1.00
  80311382-80312825 count=1.00
  80314819-80315515 count=2.00
  80314819-80315554 count=43.00
  80315597-80319348 count=4.00
  80315597-80319971 count=41.00
  80319483-80319971 count=4.00
  80320144-80320245 count=8.00
  80320144-80320280 count=1.00
  80320144-80323728 count=40.00
  80320660-80323728 count=1.00
  80322706-80323311 count=1.00
  80322708-80323313 count=2.00
  80322739-80323288 count=1.00
  80322861-80323145 count=1.00
  80323804-80324354 count=51.00
  80324750-80326169 count=1.00
[DEBUG_JUNCTIONS] region_merge_initial_jstats: 194 junctions (killed=0)
  80025990-80057088 mrcount=3.00 good=3.00 nm=3.00 mm=3.00 rcount=0 strand=Some(1) lsup=3.00 rsup=3.00 guide_match=false
  80026579-80127662 mrcount=1.00 good=1.00 nm=1.00 mm=0.00 rcount=0 strand=Some(1) lsup=1.00 rsup=1.00 guide_match=false
  80026675-80029200 mrcount=1.00 good=1.00 nm=1.00 mm=1.00 rcount=0 strand=Some(1) lsup=1.00 rsup=1.00 guide_match=false
  80026675-80035529 mrcount=1.00 good=1.00 nm=1.00 mm=1.00 rcount=0 strand=Some(1) lsup=1.00 rsup=1.00 guide_match=false
  80026675-80057088 mrcount=225.00 good=225.00 nm=225.00 mm=222.00 rcount=0 strand=Some(1) lsup=225.00 rsup=225.00 guide_match=false
  80026675-80127662 mrcount=1.00 good=1.00 nm=1.00 mm=1.00 rcount=0 strand=Some(1) lsup=1.00 rsup=1.00 guide_match=false
  80026679-80057088 mrcount=1.00 good=1.00 nm=1.00 mm=1.00 rcount=0 strand=Some(1) lsup=1.00 rsup=1.00 guide_match=false
  80026896-80029200 mrcount=3.00 good=3.00 nm=3.00 mm=3.00 rcount=0 strand=Some(1) lsup=3.00 rsup=3.00 guide_match=false
  80026896-80057088 mrcount=3.00 good=3.00 nm=3.00 mm=3.00 rcount=0 strand=Some(1) lsup=3.00 rsup=3.00 guide_match=false
  80029276-80030474 mrcount=1.00 good=1.00 nm=1.00 mm=1.00 rcount=0 strand=Some(1) lsup=1.00 rsup=1.00 guide_match=false
  80029276-80057088 mrcount=3.00 good=3.00 nm=3.00 mm=3.00 rcount=0 strand=Some(1) lsup=3.00 rsup=3.00 guide_match=false
  80030783-80057088 mrcount=2.00 good=2.00 nm=2.00 mm=2.00 rcount=0 strand=Some(1) lsup=2.00 rsup=2.00 guide_match=false
  80030783-80101663 mrcount=1.00 good=1.00 nm=1.00 mm=1.00 rcount=0 strand=Some(1) lsup=1.00 rsup=1.00 guide_match=false
  80035651-80057088 mrcount=1.00 good=1.00 nm=1.00 mm=1.00 rcount=0 strand=Some(1) lsup=1.00 rsup=1.00 guide_match=false
  80054364-80057088 mrcount=1.00 good=1.00 nm=1.00 mm=1.00 rcount=0 strand=Some(1) lsup=1.00 rsup=1.00 guide_match=false
  80054933-80057088 mrcount=1.00 good=1.00 nm=1.00 mm=1.00 rcount=0 strand=Some(1) lsup=1.00 rsup=1.00 guide_match=false
  80056031-80056348 mrcount=1.00 good=1.00 nm=1.00 mm=1.00 rcount=0 strand=Some(1) lsup=1.00 rsup=1.00 guide_match=false
  80056031-80057088 mrcount=1.00 good=1.00 nm=1.00 mm=1.00 rcount=0 strand=Some(1) lsup=1.00 rsup=1.00 guide_match=false
  80056430-80057088 mrcount=1.00 good=1.00 nm=1.00 mm=1.00 rcount=0 strand=Some(1) lsup=1.00 rsup=1.00 guide_match=false
  80056438-80057088 mrcount=1.00 good=1.00 nm=1.00 mm=1.00 rcount=0 strand=Some(1) lsup=1.00 rsup=1.00 guide_match=false
  80057172-80058290 mrcount=1.00 good=1.00 nm=1.00 mm=1.00 rcount=0 strand=Some(1) lsup=1.00 rsup=1.00 guide_match=false
  80057172-80081695 mrcount=1.00 good=1.00 nm=1.00 mm=1.00 rcount=0 strand=Some(1) lsup=1.00 rsup=1.00 guide_match=false
  80057172-80101663 mrcount=1.00 good=1.00 nm=1.00 mm=1.00 rcount=0 strand=Some(1) lsup=1.00 rsup=1.00 guide_match=false
  80057172-80127662 mrcount=240.00 good=240.00 nm=240.00 mm=240.00 rcount=0 strand=Some(1) lsup=240.00 rsup=240.00 guide_match=false
  80057945-80127662 mrcount=1.00 good=1.00 nm=1.00 mm=1.00 rcount=0 strand=Some(1) lsup=1.00 rsup=1.00 guide_match=false
  80058471-80127662 mrcount=1.00 good=1.00 nm=1.00 mm=1.00 rcount=0 strand=Some(1) lsup=1.00 rsup=1.00 guide_match=false
  80080481-80166061 mrcount=1.00 good=1.00 nm=1.00 mm=1.00 rcount=0 strand=Some(1) lsup=1.00 rsup=1.00 guide_match=false
  80082070-80127662 mrcount=1.00 good=1.00 nm=1.00 mm=1.00 rcount=0 strand=Some(1) lsup=1.00 rsup=1.00 guide_match=false
  80089869-80093179 mrcount=1.00 good=1.00 nm=1.00 mm=1.00 rcount=0 strand=Some(1) lsup=1.00 rsup=1.00 guide_match=false
  80094261-80095909 mrcount=1.00 good=1.00 nm=1.00 mm=1.00 rcount=0 strand=Some(1) lsup=1.00 rsup=1.00 guide_match=false
  80101842-80103290 mrcount=2.00 good=2.00 nm=2.00 mm=2.00 rcount=0 strand=Some(1) lsup=2.00 rsup=2.00 guide_match=false
  80103347-80127662 mrcount=1.00 good=1.00 nm=1.00 mm=1.00 rcount=0 strand=Some(1) lsup=1.00 rsup=1.00 guide_match=false
  80103507-80127662 mrcount=1.00 good=1.00 nm=1.00 mm=1.00 rcount=0 strand=Some(1) lsup=1.00 rsup=1.00 guide_match=false
  80127521-80127662 mrcount=1.00 good=1.00 nm=1.00 mm=1.00 rcount=0 strand=Some(1) lsup=1.00 rsup=1.00 guide_match=false
  80127793-80134049 mrcount=1.00 good=1.00 nm=1.00 mm=1.00 rcount=0 strand=Some(1) lsup=1.00 rsup=1.00 guide_match=false
  80127793-80166061 mrcount=236.00 good=236.00 nm=236.00 mm=236.00 rcount=0 strand=Some(1) lsup=236.00 rsup=236.00 guide_match=false
  80127809-80166061 mrcount=11.00 good=11.00 nm=11.00 mm=11.00 rcount=0 strand=Some(1) lsup=11.00 rsup=11.00 guide_match=false
  80134164-80166061 mrcount=1.00 good=1.00 nm=1.00 mm=1.00 rcount=0 strand=Some(1) lsup=1.00 rsup=1.00 guide_match=false
  80135294-80166061 mrcount=1.00 good=1.00 nm=1.00 mm=1.00 rcount=0 strand=Some(1) lsup=1.00 rsup=1.00 guide_match=false
  80166139-80181048 mrcount=1.00 good=1.00 nm=1.00 mm=1.00 rcount=0 strand=Some(1) lsup=1.00 rsup=1.00 guide_match=false
  80166150-80173703 mrcount=249.00 good=249.00 nm=249.00 mm=249.00 rcount=0 strand=Some(1) lsup=249.00 rsup=249.00 guide_match=false
  80166150-80177794 mrcount=1.00 good=1.00 nm=1.00 mm=1.00 rcount=0 strand=Some(1) lsup=1.00 rsup=1.00 guide_match=false
  80166910-80169059 mrcount=2.00 good=2.00 nm=2.00 mm=2.00 rcount=0 strand=Some(-1) lsup=2.00 rsup=2.00 guide_match=false
  80169152-80184470 mrcount=2.00 good=2.00 nm=2.00 mm=2.00 rcount=0 strand=Some(-1) lsup=2.00 rsup=2.00 guide_match=false
  80173768-80177794 mrcount=250.00 good=250.00 nm=250.00 mm=250.00 rcount=0 strand=Some(1) lsup=250.00 rsup=250.00 guide_match=false
  80173770-80177794 mrcount=1.00 good=1.00 nm=1.00 mm=1.00 rcount=0 strand=Some(1) lsup=1.00 rsup=1.00 guide_match=false
  80177852-80178576 mrcount=252.00 good=252.00 nm=252.00 mm=252.00 rcount=0 strand=Some(1) lsup=252.00 rsup=252.00 guide_match=false
  80178647-80181004 mrcount=252.00 good=252.00 nm=252.00 mm=252.00 rcount=0 strand=Some(1) lsup=252.00 rsup=252.00 guide_match=false
  80181072-80184577 mrcount=1.00 good=1.00 nm=1.00 mm=1.00 rcount=0 strand=Some(1) lsup=1.00 rsup=1.00 guide_match=false
  80181111-80181757 mrcount=254.00 good=254.00 nm=254.00 mm=254.00 rcount=0 strand=Some(1) lsup=254.00 rsup=254.00 guide_match=false
  80181936-80182169 mrcount=261.00 good=261.00 nm=261.00 mm=260.00 rcount=0 strand=Some(1) lsup=261.00 rsup=261.00 guide_match=false
  80182198-80183566 mrcount=88.00 good=88.00 nm=88.00 mm=88.00 rcount=0 strand=Some(1) lsup=88.00 rsup=88.00 guide_match=false
  80182198-80184575 mrcount=1.00 good=1.00 nm=1.00 mm=1.00 rcount=0 strand=Some(1) lsup=1.00 rsup=1.00 guide_match=false
  80182198-80184577 mrcount=171.00 good=171.00 nm=171.00 mm=171.00 rcount=0 strand=Some(1) lsup=171.00 rsup=171.00 guide_match=false
  80183653-80184577 mrcount=89.00 good=89.00 nm=89.00 mm=89.00 rcount=0 strand=Some(1) lsup=89.00 rsup=89.00 guide_match=false
  80184619-80190071 mrcount=2.00 good=2.00 nm=2.00 mm=2.00 rcount=0 strand=Some(-1) lsup=2.00 rsup=2.00 guide_match=false
  80184664-80188802 mrcount=259.00 good=259.00 nm=259.00 mm=258.00 rcount=0 strand=Some(1) lsup=259.00 rsup=259.00 guide_match=false
  80184664-80191744 mrcount=6.00 good=6.00 nm=6.00 mm=6.00 rcount=0 strand=Some(1) lsup=6.00 rsup=6.00 guide_match=false
  80188857-80191744 mrcount=263.00 good=263.00 nm=263.00 mm=263.00 rcount=0 strand=Some(1) lsup=263.00 rsup=263.00 guide_match=false
  80190209-80207748 mrcount=1.00 good=1.00 nm=1.00 mm=1.00 rcount=0 strand=Some(-1) lsup=1.00 rsup=1.00 guide_match=false
  80190209-80238955 mrcount=1.00 good=1.00 nm=1.00 mm=1.00 rcount=0 strand=Some(-1) lsup=1.00 rsup=1.00 guide_match=false
  80191863-80192958 mrcount=270.00 good=270.00 nm=270.00 mm=269.00 rcount=0 strand=Some(1) lsup=270.00 rsup=270.00 guide_match=false
  80191863-80196340 mrcount=1.00 good=1.00 nm=1.00 mm=1.00 rcount=0 strand=Some(1) lsup=1.00 rsup=1.00 guide_match=false
  80194494-80196340 mrcount=336.00 good=336.00 nm=336.00 mm=336.00 rcount=0 strand=Some(1) lsup=336.00 rsup=336.00 guide_match=false
  80194498-80196340 mrcount=6.00 good=6.00 nm=6.00 mm=6.00 rcount=0 strand=Some(1) lsup=6.00 rsup=6.00 guide_match=false
  80196490-80199745 mrcount=342.00 good=342.00 nm=342.00 mm=342.00 rcount=0 strand=Some(1) lsup=342.00 rsup=342.00 guide_match=false
  80196490-80201135 mrcount=1.00 good=1.00 nm=1.00 mm=1.00 rcount=0 strand=Some(1) lsup=1.00 rsup=1.00 guide_match=false
  80196494-80199745 mrcount=2.00 good=2.00 nm=2.00 mm=2.00 rcount=0 strand=Some(1) lsup=2.00 rsup=2.00 guide_match=false
  80198121-80199745 mrcount=1.00 good=1.00 nm=1.00 mm=1.00 rcount=0 strand=Some(1) lsup=1.00 rsup=1.00 guide_match=false
  80199811-80200702 mrcount=348.00 good=348.00 nm=348.00 mm=348.00 rcount=0 strand=Some(1) lsup=348.00 rsup=348.00 guide_match=false
  80206319-80207369 mrcount=1.00 good=1.00 nm=1.00 mm=1.00 rcount=0 strand=Some(-1) lsup=1.00 rsup=1.00 guide_match=false
  80207784-80209037 mrcount=1.00 good=1.00 nm=1.00 mm=1.00 rcount=0 strand=Some(-1) lsup=1.00 rsup=1.00 guide_match=false
  80209216-80210688 mrcount=2.00 good=2.00 nm=2.00 mm=2.00 rcount=0 strand=Some(1) lsup=2.00 rsup=2.00 guide_match=false
  80209279-80210688 mrcount=2.00 good=2.00 nm=2.00 mm=2.00 rcount=0 strand=Some(1) lsup=2.00 rsup=2.00 guide_match=false
  80209383-80210688 mrcount=1.00 good=1.00 nm=1.00 mm=1.00 rcount=0 strand=Some(1) lsup=1.00 rsup=1.00 guide_match=false
  80209499-80220286 mrcount=1.00 good=1.00 nm=1.00 mm=1.00 rcount=0 strand=Some(1) lsup=1.00 rsup=1.00 guide_match=false
  80209626-80210688 mrcount=19.00 good=19.00 nm=19.00 mm=19.00 rcount=0 strand=Some(1) lsup=19.00 rsup=19.00 guide_match=false
  80210763-80215554 mrcount=7.00 good=7.00 nm=7.00 mm=7.00 rcount=0 strand=Some(1) lsup=7.00 rsup=7.00 guide_match=false
  80210763-80220286 mrcount=3.00 good=3.00 nm=3.00 mm=3.00 rcount=0 strand=Some(1) lsup=3.00 rsup=3.00 guide_match=false
  80210763-80232966 mrcount=12.00 good=12.00 nm=12.00 mm=12.00 rcount=0 strand=Some(1) lsup=12.00 rsup=12.00 guide_match=false
  80210763-80236965 mrcount=1.00 good=1.00 nm=1.00 mm=1.00 rcount=0 strand=Some(1) lsup=1.00 rsup=1.00 guide_match=false
  80210836-80211719 mrcount=1.00 good=1.00 nm=1.00 mm=1.00 rcount=0 strand=Some(1) lsup=1.00 rsup=1.00 guide_match=false
  80213183-80238955 mrcount=2.00 good=2.00 nm=2.00 mm=2.00 rcount=0 strand=Some(-1) lsup=2.00 rsup=2.00 guide_match=false
  80214481-80238955 mrcount=1.00 good=1.00 nm=1.00 mm=1.00 rcount=0 strand=Some(-1) lsup=1.00 rsup=1.00 guide_match=false
  80215741-80217622 mrcount=1.00 good=1.00 nm=1.00 mm=1.00 rcount=0 strand=Some(1) lsup=1.00 rsup=1.00 guide_match=false
  80215741-80220286 mrcount=3.00 good=3.00 nm=3.00 mm=3.00 rcount=0 strand=Some(1) lsup=3.00 rsup=3.00 guide_match=false
  80215741-80232966 mrcount=1.00 good=1.00 nm=1.00 mm=1.00 rcount=0 strand=Some(1) lsup=1.00 rsup=1.00 guide_match=false
  80215741-80236965 mrcount=1.00 good=1.00 nm=1.00 mm=1.00 rcount=0 strand=Some(1) lsup=1.00 rsup=1.00 guide_match=false
  80220410-80232966 mrcount=7.00 good=7.00 nm=7.00 mm=7.00 rcount=0 strand=Some(1) lsup=7.00 rsup=7.00 guide_match=false
  80233123-80234505 mrcount=21.00 good=21.00 nm=21.00 mm=21.00 rcount=0 strand=Some(1) lsup=21.00 rsup=21.00 guide_match=false
  80234631-80236965 mrcount=21.00 good=21.00 nm=21.00 mm=21.00 rcount=0 strand=Some(1) lsup=21.00 rsup=21.00 guide_match=false
  80237143-80237279 mrcount=1.00 good=1.00 nm=1.00 mm=1.00 rcount=0 strand=Some(1) lsup=1.00 rsup=1.00 guide_match=false
  80237143-80238980 mrcount=11.00 good=11.00 nm=11.00 mm=11.00 rcount=0 strand=Some(1) lsup=11.00 rsup=11.00 guide_match=false
  80237338-80238980 mrcount=1.00 good=1.00 nm=1.00 mm=1.00 rcount=0 strand=Some(1) lsup=1.00 rsup=1.00 guide_match=false
  80239089-80250203 mrcount=12.00 good=12.00 nm=12.00 mm=12.00 rcount=0 strand=Some(1) lsup=12.00 rsup=12.00 guide_match=false
  80250331-80258499 mrcount=1.00 good=1.00 nm=1.00 mm=1.00 rcount=0 strand=Some(1) lsup=1.00 rsup=1.00 guide_match=false
  80250331-80260050 mrcount=1.00 good=1.00 nm=1.00 mm=1.00 rcount=0 strand=Some(1) lsup=1.00 rsup=1.00 guide_match=false
  80250331-80261722 mrcount=1.00 good=1.00 nm=1.00 mm=1.00 rcount=0 strand=Some(1) lsup=1.00 rsup=1.00 guide_match=false
  80250331-80262100 mrcount=1.00 good=1.00 nm=1.00 mm=1.00 rcount=0 strand=Some(1) lsup=1.00 rsup=1.00 guide_match=false
  80250331-80266836 mrcount=3.00 good=3.00 nm=3.00 mm=3.00 rcount=0 strand=Some(1) lsup=3.00 rsup=3.00 guide_match=false
  80250331-80284050 mrcount=1.00 good=1.00 nm=1.00 mm=1.00 rcount=0 strand=Some(1) lsup=1.00 rsup=1.00 guide_match=false
  80250331-80284883 mrcount=1.00 good=1.00 nm=1.00 mm=1.00 rcount=0 strand=Some(1) lsup=1.00 rsup=1.00 guide_match=false
  80251814-80253033 mrcount=1.00 good=1.00 nm=1.00 mm=1.00 rcount=0 strand=Some(1) lsup=1.00 rsup=1.00 guide_match=false
  80258582-80266836 mrcount=1.00 good=1.00 nm=1.00 mm=1.00 rcount=0 strand=Some(1) lsup=1.00 rsup=1.00 guide_match=false
  80260126-80261722 mrcount=1.00 good=1.00 nm=1.00 mm=1.00 rcount=0 strand=Some(1) lsup=1.00 rsup=1.00 guide_match=false
  80266942-80269447 mrcount=4.00 good=4.00 nm=4.00 mm=4.00 rcount=0 strand=Some(1) lsup=4.00 rsup=4.00 guide_match=false
  80270547-80279003 mrcount=2.00 good=2.00 nm=2.00 mm=2.00 rcount=0 strand=Some(-1) lsup=2.00 rsup=2.00 guide_match=false
  80271582-80278579 mrcount=1.00 good=1.00 nm=1.00 mm=1.00 rcount=0 strand=Some(-1) lsup=1.00 rsup=1.00 guide_match=false
  80271591-80278976 mrcount=1.00 good=1.00 nm=1.00 mm=1.00 rcount=0 strand=Some(-1) lsup=1.00 rsup=1.00 guide_match=false
  80271610-80272277 mrcount=1.00 good=1.00 nm=1.00 mm=1.00 rcount=0 strand=Some(-1) lsup=1.00 rsup=1.00 guide_match=false
  80272249-80279416 mrcount=1.00 good=1.00 nm=1.00 mm=1.00 rcount=0 strand=Some(-1) lsup=1.00 rsup=1.00 guide_match=false
  80272386-80278415 mrcount=1.00 good=1.00 nm=1.00 mm=1.00 rcount=0 strand=Some(-1) lsup=1.00 rsup=1.00 guide_match=false
  80274101-80281760 mrcount=1.00 good=1.00 nm=1.00 mm=1.00 rcount=0 strand=Some(-1) lsup=1.00 rsup=1.00 guide_match=false
  80276080-80276726 mrcount=1.00 good=1.00 nm=1.00 mm=1.00 rcount=0 strand=Some(-1) lsup=1.00 rsup=1.00 guide_match=false
  80276080-80276728 mrcount=2.00 good=2.00 nm=2.00 mm=2.00 rcount=0 strand=Some(-1) lsup=2.00 rsup=2.00 guide_match=false
  80276084-80277165 mrcount=1.00 good=1.00 nm=1.00 mm=1.00 rcount=0 strand=Some(-1) lsup=1.00 rsup=1.00 guide_match=false
  80276086-80276728 mrcount=9.00 good=9.00 nm=9.00 mm=9.00 rcount=0 strand=Some(-1) lsup=9.00 rsup=9.00 guide_match=false
  80276087-80276193 mrcount=1.00 good=1.00 nm=1.00 mm=1.00 rcount=0 strand=Some(-1) lsup=1.00 rsup=1.00 guide_match=false
  80276092-80276731 mrcount=6.00 good=6.00 nm=6.00 mm=6.00 rcount=0 strand=Some(-1) lsup=6.00 rsup=6.00 guide_match=false
  80276092-80276733 mrcount=3.00 good=3.00 nm=3.00 mm=3.00 rcount=0 strand=Some(-1) lsup=3.00 rsup=3.00 guide_match=false
  80276092-80278182 mrcount=1.00 good=1.00 nm=1.00 mm=1.00 rcount=0 strand=Some(-1) lsup=1.00 rsup=1.00 guide_match=false
  80276134-80278362 mrcount=1.00 good=1.00 nm=1.00 mm=1.00 rcount=0 strand=Some(-1) lsup=1.00 rsup=1.00 guide_match=false
  80276493-80278407 mrcount=2.00 good=2.00 nm=2.00 mm=2.00 rcount=0 strand=Some(-1) lsup=2.00 rsup=2.00 guide_match=false
  80276493-80278543 mrcount=2.00 good=2.00 nm=2.00 mm=2.00 rcount=0 strand=Some(-1) lsup=2.00 rsup=2.00 guide_match=false
  80276493-80278549 mrcount=1.00 good=1.00 nm=1.00 mm=1.00 rcount=0 strand=Some(-1) lsup=1.00 rsup=1.00 guide_match=false
  80276493-80278553 mrcount=1.00 good=1.00 nm=1.00 mm=1.00 rcount=0 strand=Some(-1) lsup=1.00 rsup=1.00 guide_match=false
  80276695-80278362 mrcount=1.00 good=1.00 nm=1.00 mm=1.00 rcount=0 strand=Some(-1) lsup=1.00 rsup=1.00 guide_match=false
  80278961-80279367 mrcount=5.00 good=5.00 nm=5.00 mm=5.00 rcount=0 strand=Some(-1) lsup=5.00 rsup=5.00 guide_match=false
  80279058-80279367 mrcount=129.00 good=129.00 nm=129.00 mm=129.00 rcount=0 strand=Some(-1) lsup=129.00 rsup=129.00 guide_match=false
  80279466-80280746 mrcount=14.00 good=14.00 nm=14.00 mm=14.00 rcount=0 strand=Some(-1) lsup=14.00 rsup=14.00 guide_match=false
  80279466-80281670 mrcount=119.00 good=119.00 nm=119.00 mm=119.00 rcount=0 strand=Some(-1) lsup=119.00 rsup=119.00 guide_match=false
  80279466-80283589 mrcount=1.00 good=1.00 nm=1.00 mm=1.00 rcount=0 strand=Some(-1) lsup=1.00 rsup=1.00 guide_match=false
  80280932-80281670 mrcount=14.00 good=14.00 nm=14.00 mm=14.00 rcount=0 strand=Some(-1) lsup=14.00 rsup=14.00 guide_match=false
  80281929-80283589 mrcount=116.00 good=116.00 nm=116.00 mm=116.00 rcount=0 strand=Some(-1) lsup=116.00 rsup=116.00 guide_match=false
  80281929-80284818 mrcount=16.00 good=16.00 nm=16.00 mm=15.00 rcount=0 strand=Some(-1) lsup=16.00 rsup=16.00 guide_match=false
  80283698-80284818 mrcount=116.00 good=116.00 nm=116.00 mm=116.00 rcount=0 strand=Some(-1) lsup=116.00 rsup=116.00 guide_match=false
  80283698-80285533 mrcount=1.00 good=1.00 nm=1.00 mm=1.00 rcount=0 strand=Some(-1) lsup=1.00 rsup=1.00 guide_match=false
  80285085-80285218 mrcount=2.00 good=2.00 nm=2.00 mm=2.00 rcount=0 strand=Some(-1) lsup=2.00 rsup=2.00 guide_match=false
  80285085-80285533 mrcount=117.00 good=117.00 nm=117.00 mm=117.00 rcount=0 strand=Some(-1) lsup=117.00 rsup=117.00 guide_match=false
  80285085-80288350 mrcount=4.00 good=4.00 nm=4.00 mm=4.00 rcount=0 strand=Some(-1) lsup=4.00 rsup=4.00 guide_match=false
  80285085-80300257 mrcount=1.00 good=1.00 nm=1.00 mm=1.00 rcount=0 strand=Some(-1) lsup=1.00 rsup=1.00 guide_match=false
  80285905-80289947 mrcount=1.00 good=0.00 nm=1.00 mm=0.00 rcount=0 strand=Some(1) lsup=0.00 rsup=1.00 guide_match=false
  80286014-80288482 mrcount=262.00 good=262.00 nm=262.00 mm=262.00 rcount=0 strand=Some(1) lsup=262.00 rsup=262.00 guide_match=false
  80286014-80292314 mrcount=3.00 good=3.00 nm=3.00 mm=3.00 rcount=0 strand=Some(1) lsup=3.00 rsup=3.00 guide_match=false
  80288416-80289269 mrcount=3.00 good=3.00 nm=3.00 mm=3.00 rcount=0 strand=Some(-1) lsup=3.00 rsup=3.00 guide_match=false
  80288416-80299441 mrcount=1.00 good=1.00 nm=1.00 mm=1.00 rcount=0 strand=Some(-1) lsup=1.00 rsup=1.00 guide_match=false
  80288517-80293228 mrcount=1.00 good=1.00 nm=1.00 mm=1.00 rcount=0 strand=Some(1) lsup=1.00 rsup=1.00 guide_match=false
  80288521-80293228 mrcount=1.00 good=1.00 nm=1.00 mm=1.00 rcount=0 strand=Some(1) lsup=1.00 rsup=1.00 guide_match=false
  80288528-80292790 mrcount=1.00 good=1.00 nm=1.00 mm=1.00 rcount=0 strand=Some(1) lsup=1.00 rsup=1.00 guide_match=false
  80288594-80289947 mrcount=260.00 good=260.00 nm=260.00 mm=260.00 rcount=0 strand=Some(1) lsup=260.00 rsup=260.00 guide_match=false
  80289386-80299464 mrcount=1.00 good=1.00 nm=1.00 mm=1.00 rcount=0 strand=Some(-1) lsup=1.00 rsup=1.00 guide_match=false
  80289386-80300046 mrcount=1.00 good=1.00 nm=1.00 mm=1.00 rcount=0 strand=Some(-1) lsup=1.00 rsup=1.00 guide_match=false
  80289386-80300257 mrcount=1.00 good=1.00 nm=1.00 mm=1.00 rcount=0 strand=Some(-1) lsup=1.00 rsup=1.00 guide_match=false
  80289956-80293236 mrcount=1.00 good=0.00 nm=1.00 mm=0.00 rcount=0 strand=Some(1) lsup=0.00 rsup=1.00 guide_match=false
  80289960-80293228 mrcount=1.00 good=1.00 nm=1.00 mm=1.00 rcount=0 strand=Some(1) lsup=1.00 rsup=1.00 guide_match=false
  80289960-80293236 mrcount=1.00 good=1.00 nm=1.00 mm=1.00 rcount=0 strand=Some(1) lsup=1.00 rsup=1.00 guide_match=false
  80289991-80292314 mrcount=257.00 good=257.00 nm=257.00 mm=257.00 rcount=0 strand=Some(1) lsup=257.00 rsup=257.00 guide_match=false
  80291013-80292046 mrcount=1.00 good=1.00 nm=1.00 mm=1.00 rcount=0 strand=Some(-1) lsup=1.00 rsup=1.00 guide_match=false
  80291179-80291760 mrcount=1.00 good=1.00 nm=1.00 mm=1.00 rcount=0 strand=Some(1) lsup=1.00 rsup=1.00 guide_match=false
  80292385-80292636 mrcount=247.00 good=247.00 nm=247.00 mm=247.00 rcount=0 strand=Some(1) lsup=247.00 rsup=247.00 guide_match=false
  80292686-80292790 mrcount=247.00 good=247.00 nm=247.00 mm=247.00 rcount=0 strand=Some(1) lsup=247.00 rsup=247.00 guide_match=false
  80292819-80294948 mrcount=1.00 good=1.00 nm=1.00 mm=1.00 rcount=0 strand=Some(1) lsup=1.00 rsup=1.00 guide_match=false
  80292864-80293096 mrcount=248.00 good=248.00 nm=248.00 mm=248.00 rcount=0 strand=Some(1) lsup=248.00 rsup=248.00 guide_match=false
  80293147-80293228 mrcount=251.00 good=251.00 nm=251.00 mm=251.00 rcount=0 strand=Some(1) lsup=251.00 rsup=251.00 guide_match=false
  80293330-80294941 mrcount=260.00 good=260.00 nm=260.00 mm=260.00 rcount=0 strand=Some(1) lsup=260.00 rsup=260.00 guide_match=false
  80295070-80295322 mrcount=270.00 good=270.00 nm=270.00 mm=270.00 rcount=0 strand=Some(1) lsup=270.00 rsup=270.00 guide_match=false
  80296079-80296794 mrcount=1.00 good=1.00 nm=1.00 mm=1.00 rcount=0 strand=Some(1) lsup=1.00 rsup=1.00 guide_match=false
  80300038-80303915 mrcount=12.00 good=12.00 nm=12.00 mm=8.00 rcount=0 strand=Some(1) lsup=12.00 rsup=12.00 guide_match=false
  80300483-80303915 mrcount=10.00 good=10.00 nm=10.00 mm=10.00 rcount=0 strand=Some(1) lsup=10.00 rsup=10.00 guide_match=false
  80300483-80305811 mrcount=1.00 good=1.00 nm=1.00 mm=1.00 rcount=0 strand=Some(1) lsup=1.00 rsup=1.00 guide_match=false
  80304009-80305811 mrcount=24.00 good=24.00 nm=24.00 mm=24.00 rcount=0 strand=Some(1) lsup=24.00 rsup=24.00 guide_match=false
  80305935-80306245 mrcount=26.00 good=26.00 nm=26.00 mm=26.00 rcount=0 strand=Some(1) lsup=26.00 rsup=26.00 guide_match=false
  80306368-80307427 mrcount=27.00 good=27.00 nm=27.00 mm=27.00 rcount=0 strand=Some(1) lsup=27.00 rsup=27.00 guide_match=false
  80306368-80307431 mrcount=1.00 good=1.00 nm=1.00 mm=1.00 rcount=0 strand=Some(1) lsup=1.00 rsup=1.00 guide_match=false
  80307732-80308977 mrcount=30.00 good=30.00 nm=30.00 mm=30.00 rcount=0 strand=Some(1) lsup=30.00 rsup=30.00 guide_match=false
  80309129-80310888 mrcount=40.00 good=40.00 nm=40.00 mm=39.00 rcount=0 strand=Some(1) lsup=40.00 rsup=40.00 guide_match=false
  80310976-80314660 mrcount=43.00 good=43.00 nm=43.00 mm=43.00 rcount=0 strand=Some(1) lsup=43.00 rsup=43.00 guide_match=false
  80311173-80312822 mrcount=1.00 good=1.00 nm=1.00 mm=1.00 rcount=0 strand=Some(1) lsup=1.00 rsup=1.00 guide_match=false
  80311382-80312825 mrcount=1.00 good=1.00 nm=1.00 mm=1.00 rcount=0 strand=Some(1) lsup=1.00 rsup=1.00 guide_match=false
  80314819-80315515 mrcount=2.00 good=2.00 nm=2.00 mm=2.00 rcount=0 strand=Some(1) lsup=2.00 rsup=2.00 guide_match=false
  80314819-80315554 mrcount=43.00 good=43.00 nm=43.00 mm=41.00 rcount=0 strand=Some(1) lsup=43.00 rsup=43.00 guide_match=false
  80315597-80319348 mrcount=4.00 good=4.00 nm=4.00 mm=4.00 rcount=0 strand=Some(1) lsup=4.00 rsup=4.00 guide_match=false
  80315597-80319971 mrcount=41.00 good=41.00 nm=41.00 mm=41.00 rcount=0 strand=Some(1) lsup=41.00 rsup=41.00 guide_match=false
  80319483-80319971 mrcount=4.00 good=4.00 nm=4.00 mm=4.00 rcount=0 strand=Some(1) lsup=4.00 rsup=4.00 guide_match=false
  80320144-80320245 mrcount=8.00 good=8.00 nm=8.00 mm=8.00 rcount=0 strand=Some(1) lsup=8.00 rsup=8.00 guide_match=false
  80320144-80320280 mrcount=1.00 good=1.00 nm=1.00 mm=1.00 rcount=0 strand=Some(1) lsup=1.00 rsup=1.00 guide_match=false
  80320144-80323728 mrcount=40.00 good=40.00 nm=40.00 mm=40.00 rcount=0 strand=Some(1) lsup=40.00 rsup=40.00 guide_match=false
  80320660-80323728 mrcount=1.00 good=1.00 nm=1.00 mm=1.00 rcount=0 strand=Some(1) lsup=1.00 rsup=1.00 guide_match=false
  80322706-80323311 mrcount=1.00 good=1.00 nm=1.00 mm=1.00 rcount=0 strand=Some(1) lsup=1.00 rsup=1.00 guide_match=false
  80322708-80323313 mrcount=2.00 good=2.00 nm=2.00 mm=2.00 rcount=0 strand=Some(1) lsup=2.00 rsup=2.00 guide_match=false
  80322739-80323288 mrcount=1.00 good=1.00 nm=1.00 mm=1.00 rcount=0 strand=Some(1) lsup=1.00 rsup=1.00 guide_match=false
  80322861-80323145 mrcount=1.00 good=1.00 nm=1.00 mm=1.00 rcount=0 strand=Some(1) lsup=1.00 rsup=1.00 guide_match=false
  80323804-80324354 mrcount=51.00 good=51.00 nm=51.00 mm=51.00 rcount=0 strand=Some(1) lsup=51.00 rsup=51.00 guide_match=false
  80324750-80326169 mrcount=1.00 good=1.00 nm=1.00 mm=1.00 rcount=0 strand=Some(1) lsup=1.00 rsup=1.00 guide_match=false
[TRACE_SRCSINK_POST] source_trfs=
[TRACE_SRCSINK_POST] sink_trfs=
[TRACE_SRCSINK_POST] source_trfs=
[TRACE_SRCSINK_POST] sink_trfs=
[TRACE_SRCSINK_POST] source_trfs=
[TRACE_SRCSINK_POST] sink_trfs=
[TRACE_SRCSINK_POST] source_trfs=
[TRACE_SRCSINK_POST] sink_trfs=
[TRACE_SRCSINK_POST] source_trfs=
[TRACE_SRCSINK_POST] sink_trfs=
[TRACE_SRCSINK_POST] source_trfs=
[TRACE_SRCSINK_POST] sink_trfs=
[TRACE_SRCSINK_POST] source_trfs=
[TRACE_SRCSINK_POST] sink_trfs=
[TRACE_SRCSINK_POST] source_trfs=
[TRACE_SRCSINK_POST] sink_trfs=
[TRACE_SRCSINK_POST] source_trfs=
[TRACE_SRCSINK_POST] sink_trfs=
[TRACE_SRCSINK_POST] source_trfs=
[TRACE_SRCSINK_POST] sink_trfs=
[TRACE_SRCSINK_POST] source_trfs=
[TRACE_SRCSINK_POST] sink_trfs=
PATH_frag_pattern: read[2] SPLIT_BADJUNC at_j=3 junc_i=2 upstream_nodes= 1(80207369-80209216) 4(80210688-80210763) 6(80215554-80215741) | restart_node=13(80236965-80237143) junc=80215741-80236965 node_prev_end=80215741 node_cur_start=80236965 killed=1
[TRACE_SRCSINK_POST] source_trfs=
[TRACE_SRCSINK_POST] sink_trfs=
[TRACE_SRCSINK_POST] source_trfs=
[TRACE_SRCSINK_POST] sink_trfs=
[TRACE_SRCSINK_POST] source_trfs=
[TRACE_SRCSINK_POST] sink_trfs=
[TRACE_SRCSINK_POST] source_trfs=
[TRACE_SRCSINK_POST] sink_trfs=
[TRACE_SRCSINK_POST] source_trfs=
[TRACE_SRCSINK_POST] sink_trfs=
[TRACE_SRCSINK_POST] source_trfs=
[TRACE_SRCSINK_POST] sink_trfs=
[TRACE_SRCSINK_POST] source_trfs=
[TRACE_SRCSINK_POST] sink_trfs=
[TRACE_SRCSINK_POST] source_trfs=
[TRACE_SRCSINK_POST] sink_trfs=
[TRACE_SRCSINK_POST] source_trfs=
[TRACE_SRCSINK_POST] sink_trfs=
[TRACE_SRCSINK_POST] source_trfs=
[TRACE_SRCSINK_POST] sink_trfs=
[TRACE_MAPTRF] raw=[5, 6, 10, 12, 14, 17] raw_span=80276728-80286948 trimmed=[5, 6, 10, 12, 14, 17] trimmed_span=80276728-80286948 ref=80269565-80285633 is_long=true poly=false/false orphan=false
[TRACE_MAPTRF] create_new key=[5, 6, 10, 12, 14, 17] add=1.000 ref=80269565-80285633
[TRACE_MAPTRF] raw=[5, 6, 10, 12, 14] raw_span=80276728-80285085 trimmed=[5, 6, 10, 12, 14] trimmed_span=80276728-80285085 ref=80270324-80285025 is_long=true poly=false/false orphan=false
[TRACE_MAPTRF] create_new key=[5, 6, 10, 12, 14] add=1.000 ref=80270324-80285025
[TRACE_MAPTRF] raw=[1] raw_span=80270576-80274101 trimmed=[1] trimmed_span=80270576-80274101 ref=80270576-80271442 is_long=true poly=false/false orphan=false
[TRACE_MAPTRF] create_new key=[1] add=1.000 ref=80270576-80271442
PATH_frag_pattern: read[3] SPLIT_BADJUNC at_j=1 junc_i=0 upstream_nodes= 1(80270576-80274101) | restart_node=5(80276728-80279058) junc=80271582-80278579 node_prev_end=80274101 node_cur_start=80276728 killed=1
[TRACE_MAPTRF] raw=[5, 6, 10, 12, 14] raw_span=80276728-80285085 trimmed=[5, 6, 10, 12, 14] trimmed_span=80276728-80285085 ref=80270585-80284904 is_long=true poly=false/false orphan=true
[TRACE_MAPTRF] update_existing idx=1 key=[5, 6, 10, 12, 14] old_abund=1.000 old_srabund=0.000 add=1.000
PATH_frag_pattern: read[4] SPLIT_BADJUNC at_j=1 junc_i=0 upstream_nodes= 1(80270576-80274101) | restart_node=6(80279367-80279466) junc=80272249-80279416 node_prev_end=80274101 node_cur_start=80279367 killed=1
[TRACE_MAPTRF] raw=[6, 10, 12, 14, 17] raw_span=80279367-80286948 trimmed=[6, 10, 12, 14, 17] trimmed_span=80279367-80286948 ref=80270591-80285676 is_long=true poly=false/false orphan=true
[TRACE_MAPTRF] create_new key=[6, 10, 12, 14, 17] add=1.000 ref=80270591-80285676
PATH_frag_pattern: read[5] SPLIT_BADJUNC at_j=1 junc_i=1 upstream_nodes= 1(80270576-80274101) | restart_node=10(80281670-80281929) junc=80274101-80281760 node_prev_end=80274101 node_cur_start=80281670 killed=1
[TRACE_MAPTRF] raw=[10, 12, 14, 17] raw_span=80281670-80286948 trimmed=[10, 12, 14, 17] trimmed_span=80281670-80286948 ref=80270591-80285682 is_long=true poly=false/false orphan=true
[TRACE_MAPTRF] create_new key=[10, 12, 14, 17] add=1.000 ref=80270591-80285682
PATH_frag_pattern: read[6] SPLIT_BADJUNC at_j=1 junc_i=0 upstream_nodes= 1(80270576-80274101) | restart_node=5(80276728-80279058) junc=80271591-80278976 node_prev_end=80274101 node_cur_start=80276728 killed=1
[TRACE_MAPTRF] raw=[5, 6, 10, 12, 14, 17] raw_span=80276728-80286948 trimmed=[5, 6, 10, 12, 14, 17] trimmed_span=80276728-80286948 ref=80270591-80285739 is_long=true poly=false/false orphan=true
[TRACE_MAPTRF] update_existing idx=0 key=[5, 6, 10, 12, 14, 17] old_abund=1.000 old_srabund=0.000 add=1.000
PATH_frag_pattern: read[7] SPLIT_BADJUNC at_j=1 junc_i=0 upstream_nodes= 1(80270576-80274101) | restart_node=5(80276728-80279058) junc=80272386-80278407 node_prev_end=80274101 node_cur_start=80276728 killed=0
[TRACE_MAPTRF] raw=[5, 6, 10] raw_span=80276728-80281929 trimmed=[5, 6, 10] trimmed_span=80276728-80281929 ref=80270596-80281723 is_long=true poly=false/false orphan=false
[TRACE_MAPTRF] create_new key=[5, 6, 10] add=1.000 ref=80270596-80281723
[TRACE_MAPTRF] raw=[2, 3, 4, 5, 6, 10, 14, 17] raw_span=80275063-80286948 trimmed=[2, 3, 4, 5, 6, 10, 14, 17] trimmed_span=80275063-80286948 ref=80275063-80285633 is_long=true poly=false/false orphan=false
[TRACE_MAPTRF] create_new key=[2, 3, 4, 5, 6, 10, 14, 17] add=1.000 ref=80275063-80285633
[TRACE_MAPTRF] raw=[3, 4, 5] raw_span=80275346-80279058 trimmed=[3, 4, 5] trimmed_span=80275346-80279058 ref=80275346-80277169 is_long=true poly=false/false orphan=false
[TRACE_MAPTRF] create_new key=[3, 4, 5] add=1.000 ref=80275346-80277169
[TRACE_MAPTRF] raw=[3, 5] raw_span=80275346-80279058 trimmed=[3, 5] trimmed_span=80275346-80279058 ref=80275346-80278203 is_long=true poly=false/false orphan=false
[TRACE_MAPTRF] create_new key=[3, 5] add=1.000 ref=80275346-80278203
[TRACE_MAPTRF] raw=[3, 4, 5, 6, 10] raw_span=80275346-80281929 trimmed=[3, 4, 5, 6, 10] trimmed_span=80275346-80281929 ref=80275346-80281755 is_long=true poly=false/false orphan=false
[TRACE_MAPTRF] create_new key=[3, 4, 5, 6, 10] add=1.000 ref=80275346-80281755
[TRACE_MAPTRF] raw=[3, 4, 5, 6, 10, 12, 14, 15, 16] raw_span=80275346-80285399 trimmed=[3, 4, 5, 6, 10, 12, 14, 15, 16] trimmed_span=80275346-80285399 ref=80275346-80285341 is_long=true poly=false/false orphan=false
[TRACE_MAPTRF] create_new key=[3, 4, 5, 6, 10, 12, 14, 15, 16] add=1.000 ref=80275346-80285341
[TRACE_MAPTRF] raw=[3, 4, 5, 6, 10, 12, 14, 17] raw_span=80275346-80286948 trimmed=[3, 4, 5, 6, 10, 12, 14, 17] trimmed_span=80275346-80286948 ref=80275346-80285633 is_long=true poly=false/false orphan=false
[TRACE_MAPTRF] create_new key=[3, 4, 5, 6, 10, 12, 14, 17] add=1.000 ref=80275346-80285633
[TRACE_MAPTRF] raw=[3, 4, 5, 6, 8, 10, 12, 14, 17] raw_span=80275346-80286948 trimmed=[3, 4, 5, 6, 8, 10, 12, 14, 17] trimmed_span=80275346-80286948 ref=80275346-80285633 is_long=true poly=false/false orphan=false
[TRACE_MAPTRF] create_new key=[3, 4, 5, 6, 8, 10, 12, 14, 17] add=1.000 ref=80275346-80285633
[TRACE_MAPTRF] raw=[3, 4, 5, 6, 10, 12, 14, 17] raw_span=80275346-80286948 trimmed=[3, 4, 5, 6, 10, 12, 14, 17] trimmed_span=80275346-80286948 ref=80275346-80285642 is_long=true poly=false/false orphan=false
[TRACE_MAPTRF] update_existing idx=11 key=[3, 4, 5, 6, 10, 12, 14, 17] old_abund=1.000 old_srabund=0.000 add=1.000
[TRACE_MAPTRF] raw=[3, 4, 5, 6, 10, 12, 14, 17] raw_span=80275346-80286948 trimmed=[3, 4, 5, 6, 10, 12, 14, 17] trimmed_span=80275346-80286948 ref=80275346-80285648 is_long=true poly=false/false orphan=false
[TRACE_MAPTRF] update_existing idx=11 key=[3, 4, 5, 6, 10, 12, 14, 17] old_abund=2.000 old_srabund=0.000 add=1.000
[TRACE_MAPTRF] raw=[3, 4, 5, 6, 10, 12, 14, 17] raw_span=80275346-80286948 trimmed=[3, 4, 5, 6, 10, 12, 14, 17] trimmed_span=80275346-80286948 ref=80275346-80285648 is_long=true poly=false/false orphan=false
[TRACE_MAPTRF] update_existing idx=11 key=[3, 4, 5, 6, 10, 12, 14, 17] old_abund=3.000 old_srabund=0.000 add=1.000
PATH_frag_pattern: read[18] SPLIT_BADJUNC at_j=3 junc_i=1 upstream_nodes= 3(80275346-80276086) 4(80276086-80276728) 5(80276728-80279058) | restart_node=6(80279367-80279466) junc=80278961-80279367 node_prev_end=80279058 node_cur_start=80279367 killed=1
[TRACE_MAPTRF] raw=[3, 4, 5] raw_span=80275346-80279058 trimmed=[3, 4, 5] trimmed_span=80275346-80279058 ref=80275346-80285658 is_long=true poly=false/false orphan=false
[TRACE_MAPTRF] update_existing idx=7 key=[3, 4, 5] old_abund=1.000 old_srabund=0.000 add=1.000
[TRACE_MAPTRF] raw=[6, 10, 14, 17] raw_span=80279367-80286948 trimmed=[6, 10, 14, 17] trimmed_span=80279367-80286948 ref=80275346-80285658 is_long=true poly=false/false orphan=true
[TRACE_MAPTRF] create_new key=[6, 10, 14, 17] add=1.000 ref=80275346-80285658
[TRACE_MAPTRF] raw=[3, 4, 5, 6, 10, 14, 17] raw_span=80275346-80286948 trimmed=[3, 4, 5, 6, 10, 14, 17] trimmed_span=80275346-80286948 ref=80275346-80285661 is_long=true poly=false/false orphan=false
[TRACE_MAPTRF] create_new key=[3, 4, 5, 6, 10, 14, 17] add=1.000 ref=80275346-80285661
[TRACE_MAPTRF] raw=[3, 4, 5, 6, 10, 12, 14, 17] raw_span=80275346-80286948 trimmed=[3, 4, 5, 6, 10, 12, 14, 17] trimmed_span=80275346-80286948 ref=80275346-80285661 is_long=true poly=false/false orphan=false
[TRACE_MAPTRF] update_existing idx=11 key=[3, 4, 5, 6, 10, 12, 14, 17] old_abund=4.000 old_srabund=0.000 add=1.000
[TRACE_MAPTRF] raw=[3, 4, 5, 6, 10, 12, 14, 17] raw_span=80275346-80286948 trimmed=[3, 4, 5, 6, 10, 12, 14, 17] trimmed_span=80275346-80286948 ref=80275346-80285661 is_long=true poly=false/false orphan=false
[TRACE_MAPTRF] update_existing idx=11 key=[3, 4, 5, 6, 10, 12, 14, 17] old_abund=5.000 old_srabund=0.000 add=1.000
[TRACE_MAPTRF] raw=[3, 4, 5, 6, 10, 12, 14, 17] raw_span=80275346-80286948 trimmed=[3, 4, 5, 6, 10, 12, 14, 17] trimmed_span=80275346-80286948 ref=80275346-80285666 is_long=true poly=false/false orphan=false
[TRACE_MAPTRF] update_existing idx=11 key=[3, 4, 5, 6, 10, 12, 14, 17] old_abund=6.000 old_srabund=0.000 add=1.000
[TRACE_MAPTRF] raw=[3, 4, 5] raw_span=80275346-80279058 trimmed=[3, 4, 5] trimmed_span=80275346-80279058 ref=80275347-80276869 is_long=true poly=false/false orphan=false
[TRACE_MAPTRF] update_existing idx=7 key=[3, 4, 5] old_abund=2.000 old_srabund=0.000 add=1.000
[TRACE_MAPTRF] raw=[3, 4, 5, 6, 10, 12, 14, 17] raw_span=80275346-80286948 trimmed=[3, 4, 5, 6, 10, 12, 14, 17] trimmed_span=80275346-80286948 ref=80275347-80285648 is_long=true poly=false/false orphan=false
[TRACE_MAPTRF] update_existing idx=11 key=[3, 4, 5, 6, 10, 12, 14, 17] old_abund=7.000 old_srabund=0.000 add=1.000
[TRACE_MAPTRF] raw=[3, 5] raw_span=80275346-80279058 trimmed=[3, 5] trimmed_span=80275346-80279058 ref=80275348-80277200 is_long=true poly=false/false orphan=false
[TRACE_MAPTRF] update_existing idx=8 key=[3, 5] old_abund=1.000 old_srabund=0.000 add=1.000
[TRACE_MAPTRF] raw=[3, 4, 5] raw_span=80275346-80279058 trimmed=[3, 4, 5] trimmed_span=80275346-80279058 ref=80275348-80278198 is_long=true poly=false/false orphan=false
[TRACE_MAPTRF] update_existing idx=7 key=[3, 4, 5] old_abund=3.000 old_srabund=0.000 add=1.000
[TRACE_MAPTRF] raw=[3, 4, 5, 6, 10] raw_span=80275346-80281929 trimmed=[3, 4, 5, 6, 10] trimmed_span=80275346-80281929 ref=80275348-80281704 is_long=true poly=false/false orphan=false
[TRACE_MAPTRF] update_existing idx=9 key=[3, 4, 5, 6, 10] old_abund=1.000 old_srabund=0.000 add=1.000
[TRACE_MAPTRF] raw=[3, 5, 6, 10, 14] raw_span=80275346-80285085 trimmed=[3, 5, 6, 10, 14] trimmed_span=80275346-80285085 ref=80275348-80284843 is_long=true poly=false/false orphan=false
[TRACE_MAPTRF] create_new key=[3, 5, 6, 10, 14] add=1.000 ref=80275348-80284843
[TRACE_MAPTRF] raw=[3, 4, 5, 6, 10, 14, 17] raw_span=80275346-80286948 trimmed=[3, 4, 5, 6, 10, 14, 17] trimmed_span=80275346-80286948 ref=80275348-80285591 is_long=true poly=false/false orphan=false
[TRACE_MAPTRF] update_existing idx=14 key=[3, 4, 5, 6, 10, 14, 17] old_abund=1.000 old_srabund=0.000 add=1.000
[TRACE_MAPTRF] raw=[3, 4, 5, 6, 8, 10, 12, 14, 17] raw_span=80275346-80286948 trimmed=[3, 4, 5, 6, 8, 10, 12, 14, 17] trimmed_span=80275346-80286948 ref=80275348-80285633 is_long=true poly=false/false orphan=false
[TRACE_MAPTRF] update_existing idx=12 key=[3, 4, 5, 6, 8, 10, 12, 14, 17] old_abund=1.000 old_srabund=0.000 add=1.000
[TRACE_MAPTRF] raw=[3, 4, 5, 6, 10, 14, 17] raw_span=80275346-80286948 trimmed=[3, 4, 5, 6, 10, 14, 17] trimmed_span=80275346-80286948 ref=80275348-80285648 is_long=true poly=false/false orphan=false
[TRACE_MAPTRF] update_existing idx=14 key=[3, 4, 5, 6, 10, 14, 17] old_abund=2.000 old_srabund=0.000 add=1.000
[TRACE_MAPTRF] raw=[3, 4, 5, 6, 10, 12, 14, 17] raw_span=80275346-80286948 trimmed=[3, 4, 5, 6, 10, 12, 14, 17] trimmed_span=80275346-80286948 ref=80275348-80285655 is_long=true poly=false/false orphan=false
[TRACE_MAPTRF] update_existing idx=11 key=[3, 4, 5, 6, 10, 12, 14, 17] old_abund=8.000 old_srabund=0.000 add=1.000
[TRACE_MAPTRF] raw=[3, 4, 5, 6, 8, 10, 12, 14, 17] raw_span=80275346-80286948 trimmed=[3, 4, 5, 6, 8, 10, 12, 14, 17] trimmed_span=80275346-80286948 ref=80275348-80285661 is_long=true poly=false/false orphan=false
[TRACE_MAPTRF] update_existing idx=12 key=[3, 4, 5, 6, 8, 10, 12, 14, 17] old_abund=2.000 old_srabund=0.000 add=1.000
[TRACE_MAPTRF] raw=[3, 4, 5, 6, 10, 12, 14, 17] raw_span=80275346-80286948 trimmed=[3, 4, 5, 6, 10, 12, 14, 17] trimmed_span=80275346-80286948 ref=80275348-80285745 is_long=true poly=false/false orphan=false
[TRACE_MAPTRF] update_existing idx=11 key=[3, 4, 5, 6, 10, 12, 14, 17] old_abund=9.000 old_srabund=0.000 add=1.000
[TRACE_MAPTRF] raw=[3, 4, 5, 6, 10, 12, 14, 18, 19] raw_span=80275346-80289386 trimmed=[3, 4, 5, 6, 10, 12, 14, 18, 19] trimmed_span=80275346-80289386 ref=80275348-80300166 is_long=true poly=false/false orphan=false
[TRACE_MAPTRF] create_new key=[3, 4, 5, 6, 10, 12, 14, 18, 19] add=1.000 ref=80275348-80300166
[TRACE_MAPTRF] raw=[3, 4, 5] raw_span=80275346-80279058 trimmed=[3, 4, 5] trimmed_span=80275346-80279058 ref=80275349-80277643 is_long=true poly=false/false orphan=false
[TRACE_MAPTRF] update_existing idx=7 key=[3, 4, 5] old_abund=4.000 old_srabund=0.000 add=1.000
[TRACE_MAPTRF] raw=[3, 4, 5, 6, 10, 12, 14, 17] raw_span=80275346-80286948 trimmed=[3, 4, 5, 6, 10, 12, 14, 17] trimmed_span=80275346-80286948 ref=80275349-80285578 is_long=true poly=false/false orphan=false
[TRACE_MAPTRF] update_existing idx=11 key=[3, 4, 5, 6, 10, 12, 14, 17] old_abund=10.000 old_srabund=0.000 add=1.000
[TRACE_MAPTRF] raw=[3, 4, 5, 6, 10, 12, 14, 17] raw_span=80275346-80286948 trimmed=[3, 4, 5, 6, 10, 12, 14, 17] trimmed_span=80275346-80286948 ref=80275349-80285578 is_long=true poly=false/false orphan=false
[TRACE_MAPTRF] update_existing idx=11 key=[3, 4, 5, 6, 10, 12, 14, 17] old_abund=11.000 old_srabund=0.000 add=1.000
PATH_frag_pattern: read[39] SPLIT_BADJUNC at_j=2 junc_i=1 upstream_nodes= 3(80275346-80276086) 5(80276728-80279058) | restart_node=6(80279367-80279466) junc=80278961-80279367 node_prev_end=80279058 node_cur_start=80279367 killed=1
[TRACE_MAPTRF] raw=[3, 5] raw_span=80275346-80279058 trimmed=[3, 5] trimmed_span=80275346-80279058 ref=80275349-80285602 is_long=true poly=false/false orphan=false
[TRACE_MAPTRF] update_existing idx=8 key=[3, 5] old_abund=2.000 old_srabund=0.000 add=1.000
[TRACE_MAPTRF] raw=[6, 10, 14, 17] raw_span=80279367-80286948 trimmed=[6, 10, 14, 17] trimmed_span=80279367-80286948 ref=80275349-80285602 is_long=true poly=false/false orphan=true
[TRACE_MAPTRF] update_existing idx=13 key=[6, 10, 14, 17] old_abund=1.000 old_srabund=0.000 add=1.000
[TRACE_MAPTRF] raw=[3, 4, 5, 6, 10, 12, 14, 17] raw_span=80275346-80286948 trimmed=[3, 4, 5, 6, 10, 12, 14, 17] trimmed_span=80275346-80286948 ref=80275349-80285612 is_long=true poly=false/false orphan=false
[TRACE_MAPTRF] update_existing idx=11 key=[3, 4, 5, 6, 10, 12, 14, 17] old_abund=12.000 old_srabund=0.000 add=1.000
[TRACE_MAPTRF] raw=[3, 4, 5, 6, 10, 12, 14, 17] raw_span=80275346-80286948 trimmed=[3, 4, 5, 6, 10, 12, 14, 17] trimmed_span=80275346-80286948 ref=80275349-80285648 is_long=true poly=false/false orphan=false
[TRACE_MAPTRF] update_existing idx=11 key=[3, 4, 5, 6, 10, 12, 14, 17] old_abund=13.000 old_srabund=0.000 add=1.000
[TRACE_MAPTRF] raw=[3, 4, 5, 6, 10, 12, 14, 17] raw_span=80275346-80286948 trimmed=[3, 4, 5, 6, 10, 12, 14, 17] trimmed_span=80275346-80286948 ref=80275349-80285649 is_long=true poly=false/false orphan=false
[TRACE_MAPTRF] update_existing idx=11 key=[3, 4, 5, 6, 10, 12, 14, 17] old_abund=14.000 old_srabund=0.000 add=1.000
[TRACE_MAPTRF] raw=[3, 4, 5, 6, 10, 12, 14, 17] raw_span=80275346-80286948 trimmed=[3, 4, 5, 6, 10, 12, 14, 17] trimmed_span=80275346-80286948 ref=80275349-80285653 is_long=true poly=false/false orphan=false
[TRACE_MAPTRF] update_existing idx=11 key=[3, 4, 5, 6, 10, 12, 14, 17] old_abund=15.000 old_srabund=0.000 add=1.000
[TRACE_MAPTRF] raw=[3, 4, 5, 6, 10, 12, 14, 17] raw_span=80275346-80286948 trimmed=[3, 4, 5, 6, 10, 12, 14, 17] trimmed_span=80275346-80286948 ref=80275349-80285658 is_long=true poly=false/false orphan=false
[TRACE_MAPTRF] update_existing idx=11 key=[3, 4, 5, 6, 10, 12, 14, 17] old_abund=16.000 old_srabund=0.000 add=1.000
[TRACE_MAPTRF] raw=[3, 4, 5, 6, 10, 12, 14, 17] raw_span=80275346-80286948 trimmed=[3, 4, 5, 6, 10, 12, 14, 17] trimmed_span=80275346-80286948 ref=80275349-80285661 is_long=true poly=false/false orphan=false
[TRACE_MAPTRF] update_existing idx=11 key=[3, 4, 5, 6, 10, 12, 14, 17] old_abund=17.000 old_srabund=0.000 add=1.000
[TRACE_MAPTRF] raw=[3, 4, 5] raw_span=80275346-80279058 trimmed=[3, 4, 5] trimmed_span=80275346-80279058 ref=80275350-80277517 is_long=true poly=false/false orphan=false
[TRACE_MAPTRF] update_existing idx=7 key=[3, 4, 5] old_abund=5.000 old_srabund=0.000 add=1.000
[TRACE_MAPTRF] raw=[3, 4, 5, 6, 8, 10, 12, 14, 17] raw_span=80275346-80286948 trimmed=[3, 4, 5, 6, 8, 10, 12, 14, 17] trimmed_span=80275346-80286948 ref=80275350-80285654 is_long=true poly=false/false orphan=false
[TRACE_MAPTRF] update_existing idx=12 key=[3, 4, 5, 6, 8, 10, 12, 14, 17] old_abund=3.000 old_srabund=0.000 add=1.000
[TRACE_MAPTRF] raw=[3, 5, 6, 10, 12, 14, 17] raw_span=80275346-80286948 trimmed=[3, 5, 6, 10, 12, 14, 17] trimmed_span=80275346-80286948 ref=80275350-80285666 is_long=true poly=false/false orphan=false
[TRACE_MAPTRF] create_new key=[3, 5, 6, 10, 12, 14, 17] add=1.000 ref=80275350-80285666
PATH_frag_pattern: read[49] SPLIT_BADJUNC at_j=3 junc_i=0 upstream_nodes= 3(80275346-80276086) 4(80276086-80276728) 5(80276728-80279058) | restart_node=6(80279367-80279466) junc=80278961-80279367 node_prev_end=80279058 node_cur_start=80279367 killed=1
[TRACE_MAPTRF] raw=[3, 4, 5] raw_span=80275346-80279058 trimmed=[3, 4, 5] trimmed_span=80275346-80279058 ref=80275350-80285777 is_long=true poly=false/false orphan=false
[TRACE_MAPTRF] update_existing idx=7 key=[3, 4, 5] old_abund=6.000 old_srabund=0.000 add=1.000
[TRACE_MAPTRF] raw=[6, 10, 12, 14, 17] raw_span=80279367-80286948 trimmed=[6, 10, 12, 14, 17] trimmed_span=80279367-80286948 ref=80275350-80285777 is_long=true poly=false/false orphan=true
[TRACE_MAPTRF] update_existing idx=3 key=[6, 10, 12, 14, 17] old_abund=1.000 old_srabund=0.000 add=1.000
[TRACE_MAPTRF] raw=[3, 4, 5, 6, 10, 12, 14, 17] raw_span=80275346-80286948 trimmed=[3, 4, 5, 6, 10, 12, 14, 17] trimmed_span=80275346-80286948 ref=80275354-80285640 is_long=true poly=false/false orphan=false
[TRACE_MAPTRF] update_existing idx=11 key=[3, 4, 5, 6, 10, 12, 14, 17] old_abund=18.000 old_srabund=0.000 add=1.000
[TRACE_MAPTRF] raw=[3, 5, 6, 10, 12, 14, 18] raw_span=80275346-80288416 trimmed=[3, 5, 6, 10, 12, 14, 18] trimmed_span=80275346-80288416 ref=80275577-80299610 is_long=true poly=false/false orphan=false
[TRACE_MAPTRF] create_new key=[3, 5, 6, 10, 12, 14, 18] add=1.000 ref=80275577-80299610
[TRACE_MAPTRF] raw=[3, 4, 5] raw_span=80275346-80279058 trimmed=[3, 4, 5] trimmed_span=80275346-80279058 ref=80275579-80277583 is_long=true poly=false/false orphan=false
[TRACE_MAPTRF] update_existing idx=7 key=[3, 4, 5] old_abund=7.000 old_srabund=0.000 add=1.000
[TRACE_MAPTRF] raw=[3, 4, 5] raw_span=80275346-80279058 trimmed=[3, 4, 5] trimmed_span=80275346-80279058 ref=80275579-80277697 is_long=true poly=false/false orphan=false
[TRACE_MAPTRF] update_existing idx=7 key=[3, 4, 5] old_abund=8.000 old_srabund=0.000 add=1.000
[TRACE_MAPTRF] raw=[3, 4, 5, 6] raw_span=80275346-80279466 trimmed=[3, 4, 5, 6] trimmed_span=80275346-80279466 ref=80275579-80279451 is_long=true poly=false/false orphan=false
[TRACE_MAPTRF] create_new key=[3, 4, 5, 6] add=1.000 ref=80275579-80279451
[TRACE_MAPTRF] raw=[3, 4, 5, 6, 8, 10, 12, 14, 17] raw_span=80275346-80286948 trimmed=[3, 4, 5, 6, 8, 10, 12, 14, 17] trimmed_span=80275346-80286948 ref=80275579-80285621 is_long=true poly=false/false orphan=false
[TRACE_MAPTRF] update_existing idx=12 key=[3, 4, 5, 6, 8, 10, 12, 14, 17] old_abund=4.000 old_srabund=0.000 add=1.000
[TRACE_MAPTRF] raw=[3, 4, 5, 6, 10, 14, 17] raw_span=80275346-80286948 trimmed=[3, 4, 5, 6, 10, 14, 17] trimmed_span=80275346-80286948 ref=80275579-80285658 is_long=true poly=false/false orphan=false
[TRACE_MAPTRF] update_existing idx=14 key=[3, 4, 5, 6, 10, 14, 17] old_abund=3.000 old_srabund=0.000 add=1.000
[TRACE_MAPTRF] raw=[3, 4, 5, 6, 10, 14, 17] raw_span=80275346-80286948 trimmed=[3, 4, 5, 6, 10, 14, 17] trimmed_span=80275346-80286948 ref=80275579-80285660 is_long=true poly=false/false orphan=false
[TRACE_MAPTRF] update_existing idx=14 key=[3, 4, 5, 6, 10, 14, 17] old_abund=4.000 old_srabund=0.000 add=1.000
[TRACE_MAPTRF] raw=[3, 4, 5, 6, 10, 12, 14, 17] raw_span=80275346-80286948 trimmed=[3, 4, 5, 6, 10, 12, 14, 17] trimmed_span=80275346-80286948 ref=80275579-80285661 is_long=true poly=false/false orphan=false
[TRACE_MAPTRF] update_existing idx=11 key=[3, 4, 5, 6, 10, 12, 14, 17] old_abund=19.000 old_srabund=0.000 add=1.000
[TRACE_MAPTRF] raw=[3, 4, 5, 6, 10, 12, 14, 17] raw_span=80275346-80286948 trimmed=[3, 4, 5, 6, 10, 12, 14, 17] trimmed_span=80275346-80286948 ref=80275579-80285682 is_long=true poly=false/false orphan=false
[TRACE_MAPTRF] update_existing idx=11 key=[3, 4, 5, 6, 10, 12, 14, 17] old_abund=20.000 old_srabund=0.000 add=2.000
PATH_frag_pattern: read[60] SPLIT_BADJUNC at_j=3 junc_i=0 upstream_nodes= 3(80275346-80276086) 4(80276086-80276728) 5(80276728-80279058) | restart_node=6(80279367-80279466) junc=80278961-80279367 node_prev_end=80279058 node_cur_start=80279367 killed=1
[TRACE_MAPTRF] raw=[3, 4, 5] raw_span=80275346-80279058 trimmed=[3, 4, 5] trimmed_span=80275346-80279058 ref=80275583-80285087 is_long=true poly=false/false orphan=false
[TRACE_MAPTRF] update_existing idx=7 key=[3, 4, 5] old_abund=9.000 old_srabund=0.000 add=1.000
[TRACE_TRIM_LR] sink trim dist=2 read_end=80285087 prev=14(80284818-80285085 cov=12333.000) cur=15(80285085-80285218 cov=135.000) prev_hardend=true sig_drop=true alt_child=true sink_child=true
[TRACE_MAPTRF] raw=[6, 10, 12, 14, 15] raw_span=80279367-80285218 trimmed=[6, 10, 12, 14] trimmed_span=80279367-80285085 ref=80275583-80285087 is_long=true poly=false/false orphan=true
[TRACE_MAPTRF] create_new key=[6, 10, 12, 14] add=1.000 ref=80275583-80285087
[TRACE_MAPTRF] raw=[3, 5] raw_span=80275346-80279058 trimmed=[3, 5] trimmed_span=80275346-80279058 ref=80275584-80277909 is_long=true poly=false/false orphan=false
[TRACE_MAPTRF] update_existing idx=8 key=[3, 5] old_abund=3.000 old_srabund=0.000 add=1.000
[TRACE_MAPTRF] raw=[3, 4, 5] raw_span=80275346-80279058 trimmed=[3, 4, 5] trimmed_span=80275346-80279058 ref=80275584-80278960 is_long=true poly=false/false orphan=false
[TRACE_MAPTRF] update_existing idx=7 key=[3, 4, 5] old_abund=10.000 old_srabund=0.000 add=1.000
[TRACE_MAPTRF] raw=[3, 4, 5, 6, 10] raw_span=80275346-80281929 trimmed=[3, 4, 5, 6, 10] trimmed_span=80275346-80281929 ref=80275584-80281922 is_long=true poly=false/false orphan=false
[TRACE_MAPTRF] update_existing idx=9 key=[3, 4, 5, 6, 10] old_abund=2.000 old_srabund=0.000 add=1.000
[TRACE_MAPTRF] raw=[3, 4, 5, 6, 10, 12, 14, 17] raw_span=80275346-80286948 trimmed=[3, 4, 5, 6, 10, 12, 14, 17] trimmed_span=80275346-80286948 ref=80275584-80285660 is_long=true poly=false/false orphan=false
[TRACE_MAPTRF] update_existing idx=11 key=[3, 4, 5, 6, 10, 12, 14, 17] old_abund=22.000 old_srabund=0.000 add=1.000
PATH_frag_pattern: read[65] SPLIT_BADJUNC at_j=2 junc_i=1 upstream_nodes= 3(80275346-80276086) 5(80276728-80279058) | restart_node=6(80279367-80279466) junc=80278961-80279367 node_prev_end=80279058 node_cur_start=80279367 killed=1
[TRACE_MAPTRF] raw=[3, 5] raw_span=80275346-80279058 trimmed=[3, 5] trimmed_span=80275346-80279058 ref=80275584-80285665 is_long=true poly=false/false orphan=false
[TRACE_MAPTRF] update_existing idx=8 key=[3, 5] old_abund=4.000 old_srabund=0.000 add=1.000
[TRACE_MAPTRF] raw=[6, 10, 12, 14, 17] raw_span=80279367-80286948 trimmed=[6, 10, 12, 14, 17] trimmed_span=80279367-80286948 ref=80275584-80285665 is_long=true poly=false/false orphan=true
[TRACE_MAPTRF] update_existing idx=3 key=[6, 10, 12, 14, 17] old_abund=2.000 old_srabund=0.000 add=1.000
[TRACE_MAPTRF] raw=[3, 4, 5, 6, 10, 14, 17] raw_span=80275346-80286948 trimmed=[3, 4, 5, 6, 10, 14, 17] trimmed_span=80275346-80286948 ref=80275584-80285665 is_long=true poly=false/false orphan=false
[TRACE_MAPTRF] update_existing idx=14 key=[3, 4, 5, 6, 10, 14, 17] old_abund=5.000 old_srabund=0.000 add=1.000
[TRACE_MAPTRF] raw=[3, 4, 5, 6, 10, 12, 14, 17] raw_span=80275346-80286948 trimmed=[3, 4, 5, 6, 10, 12, 14, 17] trimmed_span=80275346-80286948 ref=80275585-80285572 is_long=true poly=false/false orphan=false
[TRACE_MAPTRF] update_existing idx=11 key=[3, 4, 5, 6, 10, 12, 14, 17] old_abund=23.000 old_srabund=0.000 add=1.000
[TRACE_MAPTRF] raw=[3, 4, 5, 6, 10, 12, 14, 17] raw_span=80275346-80286948 trimmed=[3, 4, 5, 6, 10, 12, 14, 17] trimmed_span=80275346-80286948 ref=80275585-80285665 is_long=true poly=false/false orphan=false
[TRACE_MAPTRF] update_existing idx=11 key=[3, 4, 5, 6, 10, 12, 14, 17] old_abund=24.000 old_srabund=0.000 add=1.000
[TRACE_MAPTRF] raw=[3, 5, 6, 10, 12, 14, 17] raw_span=80275346-80286948 trimmed=[3, 5, 6, 10, 12, 14, 17] trimmed_span=80275346-80286948 ref=80275700-80285682 is_long=true poly=false/false orphan=false
[TRACE_MAPTRF] update_existing idx=17 key=[3, 5, 6, 10, 12, 14, 17] old_abund=1.000 old_srabund=0.000 add=1.000
[TRACE_MAPTRF] raw=[5] raw_span=80276728-80279058 trimmed=[5] trimmed_span=80276728-80279058 ref=80276728-80277248 is_long=true poly=false/false orphan=false
[TRACE_MAPTRF] create_new key=[5] add=1.000 ref=80276728-80277248
[TRACE_MAPTRF] raw=[5, 6, 10, 14, 17] raw_span=80276728-80286948 trimmed=[5, 6, 10, 14, 17] trimmed_span=80276728-80286948 ref=80277049-80285661 is_long=true poly=false/false orphan=false
[TRACE_MAPTRF] create_new key=[5, 6, 10, 14, 17] add=1.000 ref=80277049-80285661
[TRACE_MAPTRF] raw=[5, 6, 10, 12, 14, 17] raw_span=80276728-80286948 trimmed=[5, 6, 10, 12, 14, 17] trimmed_span=80276728-80286948 ref=80277095-80285643 is_long=true poly=false/false orphan=false
[TRACE_MAPTRF] update_existing idx=0 key=[5, 6, 10, 12, 14, 17] old_abund=2.000 old_srabund=0.000 add=1.000
[TRACE_MAPTRF] raw=[5, 6, 10, 12, 14, 17] raw_span=80276728-80286948 trimmed=[5, 6, 10, 12, 14, 17] trimmed_span=80276728-80286948 ref=80277353-80285572 is_long=true poly=false/false orphan=false
[TRACE_MAPTRF] update_existing idx=0 key=[5, 6, 10, 12, 14, 17] old_abund=3.000 old_srabund=0.000 add=1.000
[TRACE_MAPTRF] raw=[5, 6, 10, 12, 14, 17] raw_span=80276728-80286948 trimmed=[5, 6, 10, 12, 14, 17] trimmed_span=80276728-80286948 ref=80277356-80285653 is_long=true poly=false/false orphan=false
[TRACE_MAPTRF] update_existing idx=0 key=[5, 6, 10, 12, 14, 17] old_abund=4.000 old_srabund=0.000 add=1.000
[TRACE_MAPTRF] raw=[5, 6, 10, 12, 14, 17] raw_span=80276728-80286948 trimmed=[5, 6, 10, 12, 14, 17] trimmed_span=80276728-80286948 ref=80277356-80285660 is_long=true poly=false/false orphan=false
[TRACE_MAPTRF] update_existing idx=0 key=[5, 6, 10, 12, 14, 17] old_abund=5.000 old_srabund=0.000 add=1.000
[TRACE_MAPTRF] raw=[5, 6, 10, 14, 17] raw_span=80276728-80286948 trimmed=[5, 6, 10, 14, 17] trimmed_span=80276728-80286948 ref=80277356-80285661 is_long=true poly=false/false orphan=false
[TRACE_MAPTRF] update_existing idx=22 key=[5, 6, 10, 14, 17] old_abund=1.000 old_srabund=0.000 add=1.000
[TRACE_MAPTRF] raw=[5, 6, 10, 12, 14, 17] raw_span=80276728-80286948 trimmed=[5, 6, 10, 12, 14, 17] trimmed_span=80276728-80286948 ref=80277356-80285664 is_long=true poly=false/false orphan=false
[TRACE_MAPTRF] update_existing idx=0 key=[5, 6, 10, 12, 14, 17] old_abund=6.000 old_srabund=0.000 add=1.000
[TRACE_MAPTRF] raw=[5, 6, 10, 12, 14, 17] raw_span=80276728-80286948 trimmed=[5, 6, 10, 12, 14, 17] trimmed_span=80276728-80286948 ref=80277356-80285665 is_long=true poly=false/false orphan=false
[TRACE_MAPTRF] update_existing idx=0 key=[5, 6, 10, 12, 14, 17] old_abund=7.000 old_srabund=0.000 add=2.000
[TRACE_MAPTRF] raw=[5, 6, 10, 12, 14, 17] raw_span=80276728-80286948 trimmed=[5, 6, 10, 12, 14, 17] trimmed_span=80276728-80286948 ref=80277359-80285656 is_long=true poly=false/false orphan=false
[TRACE_MAPTRF] update_existing idx=0 key=[5, 6, 10, 12, 14, 17] old_abund=9.000 old_srabund=0.000 add=1.000
[TRACE_MAPTRF] raw=[5] raw_span=80276728-80279058 trimmed=[5] trimmed_span=80276728-80279058 ref=80277361-80278400 is_long=true poly=false/false orphan=false
[TRACE_MAPTRF] update_existing idx=21 key=[5] old_abund=1.000 old_srabund=0.000 add=1.000
[TRACE_MAPTRF] raw=[5] raw_span=80276728-80279058 trimmed=[5] trimmed_span=80276728-80279058 ref=80277361-80278840 is_long=true poly=false/false orphan=false
[TRACE_MAPTRF] update_existing idx=21 key=[5] old_abund=2.000 old_srabund=0.000 add=1.000
[TRACE_MAPTRF] raw=[5, 6, 10, 12, 14, 17] raw_span=80276728-80286948 trimmed=[5, 6, 10, 12, 14, 17] trimmed_span=80276728-80286948 ref=80277361-80285591 is_long=true poly=false/false orphan=false
[TRACE_MAPTRF] update_existing idx=0 key=[5, 6, 10, 12, 14, 17] old_abund=10.000 old_srabund=0.000 add=1.000
[TRACE_MAPTRF] raw=[5, 6, 10, 12, 14, 17] raw_span=80276728-80286948 trimmed=[5, 6, 10, 12, 14, 17] trimmed_span=80276728-80286948 ref=80277607-80285643 is_long=true poly=false/false orphan=false
[TRACE_MAPTRF] update_existing idx=0 key=[5, 6, 10, 12, 14, 17] old_abund=11.000 old_srabund=0.000 add=1.000
[TRACE_MAPTRF] raw=[5, 6, 10, 12, 14, 17] raw_span=80276728-80286948 trimmed=[5, 6, 10, 12, 14, 17] trimmed_span=80276728-80286948 ref=80277607-80285648 is_long=true poly=false/false orphan=false
[TRACE_MAPTRF] update_existing idx=0 key=[5, 6, 10, 12, 14, 17] old_abund=12.000 old_srabund=0.000 add=1.000
[TRACE_MAPTRF] raw=[5, 6, 10, 12, 14, 17] raw_span=80276728-80286948 trimmed=[5, 6, 10, 12, 14, 17] trimmed_span=80276728-80286948 ref=80277607-80285660 is_long=true poly=false/false orphan=false
[TRACE_MAPTRF] update_existing idx=0 key=[5, 6, 10, 12, 14, 17] old_abund=13.000 old_srabund=0.000 add=1.000
[TRACE_MAPTRF] raw=[5, 6, 10, 12, 14, 17] raw_span=80276728-80286948 trimmed=[5, 6, 10, 12, 14, 17] trimmed_span=80276728-80286948 ref=80277607-80285664 is_long=true poly=false/false orphan=false
[TRACE_MAPTRF] update_existing idx=0 key=[5, 6, 10, 12, 14, 17] old_abund=14.000 old_srabund=0.000 add=1.000
[TRACE_MAPTRF] raw=[5, 6, 10, 12, 14] raw_span=80276728-80285085 trimmed=[5, 6, 10, 12, 14] trimmed_span=80276728-80285085 ref=80278293-80285063 is_long=true poly=false/false orphan=false
[TRACE_MAPTRF] update_existing idx=1 key=[5, 6, 10, 12, 14] old_abund=2.000 old_srabund=0.000 add=1.000
[TRACE_MAPTRF] raw=[5, 6, 10, 12, 14, 15, 16] raw_span=80276728-80285399 trimmed=[5, 6, 10, 12, 14, 15, 16] trimmed_span=80276728-80285399 ref=80278293-80285338 is_long=true poly=false/false orphan=false
[TRACE_MAPTRF] create_new key=[5, 6, 10, 12, 14, 15, 16] add=1.000 ref=80278293-80285338
[TRACE_MAPTRF] raw=[5, 6, 10, 14, 17] raw_span=80276728-80286948 trimmed=[5, 6, 10, 14, 17] trimmed_span=80276728-80286948 ref=80278293-80285591 is_long=true poly=false/false orphan=false
[TRACE_MAPTRF] update_existing idx=22 key=[5, 6, 10, 14, 17] old_abund=2.000 old_srabund=0.000 add=1.000
[TRACE_MAPTRF] raw=[5, 6, 10, 12, 14, 17] raw_span=80276728-80286948 trimmed=[5, 6, 10, 12, 14, 17] trimmed_span=80276728-80286948 ref=80278293-80285621 is_long=true poly=false/false orphan=false
[TRACE_MAPTRF] update_existing idx=0 key=[5, 6, 10, 12, 14, 17] old_abund=15.000 old_srabund=0.000 add=1.000
[TRACE_MAPTRF] raw=[5, 6, 10, 12, 14, 17] raw_span=80276728-80286948 trimmed=[5, 6, 10, 12, 14, 17] trimmed_span=80276728-80286948 ref=80278293-80285648 is_long=true poly=false/false orphan=false
[TRACE_MAPTRF] update_existing idx=0 key=[5, 6, 10, 12, 14, 17] old_abund=16.000 old_srabund=0.000 add=1.000
[TRACE_MAPTRF] raw=[5, 6, 10, 12, 14, 17] raw_span=80276728-80286948 trimmed=[5, 6, 10, 12, 14, 17] trimmed_span=80276728-80286948 ref=80278293-80285664 is_long=true poly=false/false orphan=false
[TRACE_MAPTRF] update_existing idx=0 key=[5, 6, 10, 12, 14, 17] old_abund=17.000 old_srabund=0.000 add=1.000
[TRACE_MAPTRF] raw=[5, 6, 10, 12, 14, 17] raw_span=80276728-80286948 trimmed=[5, 6, 10, 12, 14, 17] trimmed_span=80276728-80286948 ref=80278293-80285665 is_long=true poly=false/false orphan=false
[TRACE_MAPTRF] update_existing idx=0 key=[5, 6, 10, 12, 14, 17] old_abund=18.000 old_srabund=0.000 add=1.000
[TRACE_MAPTRF] raw=[5, 6, 10, 12, 14, 17] raw_span=80276728-80286948 trimmed=[5, 6, 10, 12, 14, 17] trimmed_span=80276728-80286948 ref=80278293-80285675 is_long=true poly=false/false orphan=false
[TRACE_MAPTRF] update_existing idx=0 key=[5, 6, 10, 12, 14, 17] old_abund=19.000 old_srabund=0.000 add=1.000
[TRACE_MAPTRF] raw=[5, 6, 10, 12, 14, 17] raw_span=80276728-80286948 trimmed=[5, 6, 10, 12, 14, 17] trimmed_span=80276728-80286948 ref=80278293-80285693 is_long=true poly=false/false orphan=false
[TRACE_MAPTRF] update_existing idx=0 key=[5, 6, 10, 12, 14, 17] old_abund=20.000 old_srabund=0.000 add=1.000
[TRACE_MAPTRF] raw=[5, 6, 10, 12, 14] raw_span=80276728-80285085 trimmed=[5, 6, 10, 12, 14] trimmed_span=80276728-80285085 ref=80278457-80285080 is_long=true poly=false/false orphan=false
[TRACE_MAPTRF] update_existing idx=1 key=[5, 6, 10, 12, 14] old_abund=3.000 old_srabund=0.000 add=1.000
[TRACE_MAPTRF] raw=[5, 6, 10, 12, 14, 16] raw_span=80276728-80285399 trimmed=[5, 6, 10, 12, 14, 16] trimmed_span=80276728-80285399 ref=80278650-80285396 is_long=true poly=false/false orphan=false
[TRACE_MAPTRF] create_new key=[5, 6, 10, 12, 14, 16] add=1.000 ref=80278650-80285396
[TRACE_MAPTRF] raw=[5, 6, 10, 12, 14, 16] raw_span=80276728-80285399 trimmed=[5, 6, 10, 12, 14, 16] trimmed_span=80276728-80285399 ref=80278655-80285399 is_long=true poly=false/false orphan=false
[TRACE_MAPTRF] update_existing idx=24 key=[5, 6, 10, 12, 14, 16] old_abund=1.000 old_srabund=0.000 add=1.000
[TRACE_MAPTRF] raw=[5, 6, 10, 12, 14, 17] raw_span=80276728-80286948 trimmed=[5, 6, 10, 12, 14, 17] trimmed_span=80276728-80286948 ref=80278656-80285642 is_long=true poly=false/false orphan=false
[TRACE_MAPTRF] update_existing idx=0 key=[5, 6, 10, 12, 14, 17] old_abund=21.000 old_srabund=0.000 add=1.000
[TRACE_MAPTRF] raw=[5, 6, 10, 12, 14, 15, 16] raw_span=80276728-80285399 trimmed=[5, 6, 10, 12, 14, 15, 16] trimmed_span=80276728-80285399 ref=80278658-80285339 is_long=true poly=false/false orphan=false
[TRACE_MAPTRF] update_existing idx=23 key=[5, 6, 10, 12, 14, 15, 16] old_abund=1.000 old_srabund=0.000 add=1.000
[TRACE_MAPTRF] raw=[5, 6, 10, 12, 14, 17] raw_span=80276728-80286948 trimmed=[5, 6, 10, 12, 14, 17] trimmed_span=80276728-80286948 ref=80278659-80285577 is_long=true poly=false/false orphan=false
[TRACE_MAPTRF] update_existing idx=0 key=[5, 6, 10, 12, 14, 17] old_abund=22.000 old_srabund=0.000 add=1.000
[TRACE_MAPTRF] raw=[5, 6, 10, 12, 14, 17] raw_span=80276728-80286948 trimmed=[5, 6, 10, 12, 14, 17] trimmed_span=80276728-80286948 ref=80278659-80285647 is_long=true poly=false/false orphan=false
[TRACE_MAPTRF] update_existing idx=0 key=[5, 6, 10, 12, 14, 17] old_abund=23.000 old_srabund=0.000 add=1.000
[TRACE_MAPTRF] raw=[5, 6, 8, 10, 12, 14, 17] raw_span=80276728-80286948 trimmed=[5, 6, 8, 10, 12, 14, 17] trimmed_span=80276728-80286948 ref=80278659-80285658 is_long=true poly=false/false orphan=false
[TRACE_MAPTRF] create_new key=[5, 6, 8, 10, 12, 14, 17] add=1.000 ref=80278659-80285658
[TRACE_MAPTRF] raw=[5, 6, 10, 12, 14, 17] raw_span=80276728-80286948 trimmed=[5, 6, 10, 12, 14, 17] trimmed_span=80276728-80286948 ref=80278659-80285661 is_long=true poly=false/false orphan=false
[TRACE_MAPTRF] update_existing idx=0 key=[5, 6, 10, 12, 14, 17] old_abund=24.000 old_srabund=0.000 add=1.000
[TRACE_MAPTRF] raw=[5, 6, 8, 10, 12, 14, 17] raw_span=80276728-80286948 trimmed=[5, 6, 8, 10, 12, 14, 17] trimmed_span=80276728-80286948 ref=80278659-80285664 is_long=true poly=false/false orphan=false
[TRACE_MAPTRF] update_existing idx=25 key=[5, 6, 8, 10, 12, 14, 17] old_abund=1.000 old_srabund=0.000 add=1.000
[TRACE_MAPTRF] raw=[5, 6, 10, 12, 14, 17] raw_span=80276728-80286948 trimmed=[5, 6, 10, 12, 14, 17] trimmed_span=80276728-80286948 ref=80278659-80285752 is_long=true poly=false/false orphan=false
[TRACE_MAPTRF] update_existing idx=0 key=[5, 6, 10, 12, 14, 17] old_abund=25.000 old_srabund=0.000 add=1.000
[TRACE_MAPTRF] raw=[5, 6, 10, 12, 14, 17] raw_span=80276728-80286948 trimmed=[5, 6, 10, 12, 14, 17] trimmed_span=80276728-80286948 ref=80278659-80285795 is_long=true poly=false/false orphan=false
[TRACE_MAPTRF] update_existing idx=0 key=[5, 6, 10, 12, 14, 17] old_abund=26.000 old_srabund=0.000 add=1.000
[TRACE_MAPTRF] raw=[5, 6, 10, 12, 14, 17] raw_span=80276728-80286948 trimmed=[5, 6, 10, 12, 14, 17] trimmed_span=80276728-80286948 ref=80278659-80286786 is_long=true poly=false/false orphan=false
[TRACE_MAPTRF] update_existing idx=0 key=[5, 6, 10, 12, 14, 17] old_abund=27.000 old_srabund=0.000 add=1.000
[TRACE_MAPTRF] raw=[5, 6, 10, 12, 14] raw_span=80276728-80285085 trimmed=[5, 6, 10, 12, 14] trimmed_span=80276728-80285085 ref=80278659-80300350 is_long=true poly=false/false orphan=false
[TRACE_MAPTRF] update_existing idx=1 key=[5, 6, 10, 12, 14] old_abund=4.000 old_srabund=0.000 add=1.000
[TRACE_MAPTRF] raw=[5, 6, 8, 10, 12, 14, 18, 19] raw_span=80276728-80289386 trimmed=[5, 6, 8, 10, 12, 14, 18, 19] trimmed_span=80276728-80289386 ref=80278659-80300394 is_long=true poly=false/false orphan=false
[TRACE_MAPTRF] create_new key=[5, 6, 8, 10, 12, 14, 18, 19] add=1.000 ref=80278659-80300394
[TRACE_MAPTRF] raw=[5, 6, 10, 12, 14, 17] raw_span=80276728-80286948 trimmed=[5, 6, 10, 12, 14, 17] trimmed_span=80276728-80286948 ref=80278660-80285633 is_long=true poly=false/false orphan=false
[TRACE_MAPTRF] update_existing idx=0 key=[5, 6, 10, 12, 14, 17] old_abund=28.000 old_srabund=0.000 add=1.000
[TRACE_MAPTRF] raw=[5, 6, 8, 10, 12, 13, 14, 17] raw_span=80276728-80286948 trimmed=[5, 6, 8, 10, 12, 13, 14, 17] trimmed_span=80276728-80286948 ref=80278660-80285633 is_long=true poly=false/false orphan=false
[TRACE_MAPTRF] create_new key=[5, 6, 8, 10, 12, 13, 14, 17] add=1.000 ref=80278660-80285633
[TRACE_MAPTRF] raw=[5, 6, 10, 12, 14, 17] raw_span=80276728-80286948 trimmed=[5, 6, 10, 12, 14, 17] trimmed_span=80276728-80286948 ref=80278660-80285654 is_long=true poly=false/false orphan=false
[TRACE_MAPTRF] update_existing idx=0 key=[5, 6, 10, 12, 14, 17] old_abund=29.000 old_srabund=0.000 add=1.000
[TRACE_MAPTRF] raw=[5, 6, 10, 12, 14, 17] raw_span=80276728-80286948 trimmed=[5, 6, 10, 12, 14, 17] trimmed_span=80276728-80286948 ref=80278660-80285676 is_long=true poly=false/false orphan=false
[TRACE_MAPTRF] update_existing idx=0 key=[5, 6, 10, 12, 14, 17] old_abund=30.000 old_srabund=0.000 add=1.000
[TRACE_MAPTRF] raw=[5, 6, 8, 10, 12, 14, 17] raw_span=80276728-80286948 trimmed=[5, 6, 8, 10, 12, 14, 17] trimmed_span=80276728-80286948 ref=80278660-80285680 is_long=true poly=false/false orphan=false
[TRACE_MAPTRF] update_existing idx=25 key=[5, 6, 8, 10, 12, 14, 17] old_abund=2.000 old_srabund=0.000 add=1.000
[TRACE_MAPTRF] raw=[5, 6, 10, 12, 14, 17] raw_span=80276728-80286948 trimmed=[5, 6, 10, 12, 14, 17] trimmed_span=80276728-80286948 ref=80278660-80286559 is_long=true poly=false/false orphan=false
[TRACE_MAPTRF] update_existing idx=0 key=[5, 6, 10, 12, 14, 17] old_abund=31.000 old_srabund=0.000 add=1.000
PATH_frag_pattern: read[117] SPLIT_BADJUNC at_j=2 junc_i=1 upstream_nodes= 5(80276728-80279058) 6(80279367-80279466) | restart_node=12(80283589-80283698) junc=80279466-80283589 node_prev_end=80279466 node_cur_start=80283589 killed=1
[TRACE_MAPTRF] raw=[5, 6] raw_span=80276728-80279466 trimmed=[5, 6] trimmed_span=80276728-80279466 ref=80278662-80285642 is_long=true poly=false/false orphan=false
[TRACE_MAPTRF] create_new key=[5, 6] add=1.000 ref=80278662-80285642
[TRACE_MAPTRF] raw=[12, 14, 17] raw_span=80283589-80286948 trimmed=[12, 14, 17] trimmed_span=80283589-80286948 ref=80278662-80285642 is_long=true poly=false/false orphan=true
[TRACE_MAPTRF] create_new key=[12, 14, 17] add=1.000 ref=80278662-80285642
[TRACE_MAPTRF] raw=[5, 6, 10, 12, 14, 17] raw_span=80276728-80286948 trimmed=[5, 6, 10, 12, 14, 17] trimmed_span=80276728-80286948 ref=80278662-80285655 is_long=true poly=false/false orphan=false
[TRACE_MAPTRF] update_existing idx=0 key=[5, 6, 10, 12, 14, 17] old_abund=32.000 old_srabund=0.000 add=1.000
[TRACE_MAPTRF] raw=[5, 6, 8, 10, 12, 14, 17] raw_span=80276728-80286948 trimmed=[5, 6, 8, 10, 12, 14, 17] trimmed_span=80276728-80286948 ref=80278662-80285658 is_long=true poly=false/false orphan=false
[TRACE_MAPTRF] update_existing idx=25 key=[5, 6, 8, 10, 12, 14, 17] old_abund=3.000 old_srabund=0.000 add=1.000
[TRACE_MAPTRF] raw=[5, 6, 8, 10, 12, 14, 17] raw_span=80276728-80286948 trimmed=[5, 6, 8, 10, 12, 14, 17] trimmed_span=80276728-80286948 ref=80278662-80285682 is_long=true poly=false/false orphan=false
[TRACE_MAPTRF] update_existing idx=25 key=[5, 6, 8, 10, 12, 14, 17] old_abund=4.000 old_srabund=0.000 add=1.000
[TRACE_MAPTRF] raw=[5, 6, 10, 12, 14, 17] raw_span=80276728-80286948 trimmed=[5, 6, 10, 12, 14, 17] trimmed_span=80276728-80286948 ref=80278663-80285648 is_long=true poly=false/false orphan=false
[TRACE_MAPTRF] update_existing idx=0 key=[5, 6, 10, 12, 14, 17] old_abund=33.000 old_srabund=0.000 add=1.000
[TRACE_MAPTRF] raw=[5, 6, 10, 12, 14, 17] raw_span=80276728-80286948 trimmed=[5, 6, 10, 12, 14, 17] trimmed_span=80276728-80286948 ref=80278664-80285596 is_long=true poly=false/false orphan=false
[TRACE_MAPTRF] update_existing idx=0 key=[5, 6, 10, 12, 14, 17] old_abund=34.000 old_srabund=0.000 add=1.000
[TRACE_MAPTRF] raw=[5, 6, 8, 10, 12, 14, 17] raw_span=80276728-80286948 trimmed=[5, 6, 8, 10, 12, 14, 17] trimmed_span=80276728-80286948 ref=80278664-80285633 is_long=true poly=false/false orphan=false
[TRACE_MAPTRF] update_existing idx=25 key=[5, 6, 8, 10, 12, 14, 17] old_abund=5.000 old_srabund=0.000 add=1.000
[TRACE_MAPTRF] raw=[5, 6, 8, 10, 12, 14, 17] raw_span=80276728-80286948 trimmed=[5, 6, 8, 10, 12, 14, 17] trimmed_span=80276728-80286948 ref=80278664-80285653 is_long=true poly=false/false orphan=false
[TRACE_MAPTRF] update_existing idx=25 key=[5, 6, 8, 10, 12, 14, 17] old_abund=6.000 old_srabund=0.000 add=1.000
[TRACE_MAPTRF] raw=[5, 6, 10, 12, 14, 17] raw_span=80276728-80286948 trimmed=[5, 6, 10, 12, 14, 17] trimmed_span=80276728-80286948 ref=80278664-80285656 is_long=true poly=false/false orphan=false
[TRACE_MAPTRF] update_existing idx=0 key=[5, 6, 10, 12, 14, 17] old_abund=35.000 old_srabund=0.000 add=1.000
[TRACE_MAPTRF] raw=[5, 6, 10, 14, 17] raw_span=80276728-80286948 trimmed=[5, 6, 10, 14, 17] trimmed_span=80276728-80286948 ref=80278664-80285670 is_long=true poly=false/false orphan=false
[TRACE_MAPTRF] update_existing idx=22 key=[5, 6, 10, 14, 17] old_abund=3.000 old_srabund=0.000 add=1.000
[TRACE_MAPTRF] raw=[5, 6, 10, 12, 14, 17] raw_span=80276728-80286948 trimmed=[5, 6, 10, 12, 14, 17] trimmed_span=80276728-80286948 ref=80278665-80285602 is_long=true poly=false/false orphan=false
[TRACE_MAPTRF] update_existing idx=0 key=[5, 6, 10, 12, 14, 17] old_abund=36.000 old_srabund=0.000 add=1.000
[TRACE_MAPTRF] raw=[5, 6, 10, 12, 14, 17] raw_span=80276728-80286948 trimmed=[5, 6, 10, 12, 14, 17] trimmed_span=80276728-80286948 ref=80278665-80285643 is_long=true poly=false/false orphan=false
[TRACE_MAPTRF] update_existing idx=0 key=[5, 6, 10, 12, 14, 17] old_abund=37.000 old_srabund=0.000 add=1.000
[TRACE_MAPTRF] raw=[5, 6, 10, 14, 17] raw_span=80276728-80286948 trimmed=[5, 6, 10, 14, 17] trimmed_span=80276728-80286948 ref=80278665-80285648 is_long=true poly=false/false orphan=false
[TRACE_MAPTRF] update_existing idx=22 key=[5, 6, 10, 14, 17] old_abund=4.000 old_srabund=0.000 add=1.000
[TRACE_MAPTRF] raw=[5, 6, 10, 12, 14, 17] raw_span=80276728-80286948 trimmed=[5, 6, 10, 12, 14, 17] trimmed_span=80276728-80286948 ref=80278665-80285657 is_long=true poly=false/false orphan=false
[TRACE_MAPTRF] update_existing idx=0 key=[5, 6, 10, 12, 14, 17] old_abund=38.000 old_srabund=0.000 add=1.000
[TRACE_MAPTRF] raw=[5, 6, 10, 12, 14, 17] raw_span=80276728-80286948 trimmed=[5, 6, 10, 12, 14, 17] trimmed_span=80276728-80286948 ref=80278665-80285661 is_long=true poly=false/false orphan=false
[TRACE_MAPTRF] update_existing idx=0 key=[5, 6, 10, 12, 14, 17] old_abund=39.000 old_srabund=0.000 add=1.000
[TRACE_MAPTRF] raw=[5, 6, 10, 12, 14, 17] raw_span=80276728-80286948 trimmed=[5, 6, 10, 12, 14, 17] trimmed_span=80276728-80286948 ref=80278666-80285621 is_long=true poly=false/false orphan=false
[TRACE_MAPTRF] update_existing idx=0 key=[5, 6, 10, 12, 14, 17] old_abund=40.000 old_srabund=0.000 add=1.000
[TRACE_MAPTRF] raw=[5, 6, 10, 12, 14, 17] raw_span=80276728-80286948 trimmed=[5, 6, 10, 12, 14, 17] trimmed_span=80276728-80286948 ref=80278666-80285643 is_long=true poly=false/false orphan=false
[TRACE_MAPTRF] update_existing idx=0 key=[5, 6, 10, 12, 14, 17] old_abund=41.000 old_srabund=0.000 add=2.000
[TRACE_MAPTRF] raw=[5, 6, 10, 14, 17] raw_span=80276728-80286948 trimmed=[5, 6, 10, 14, 17] trimmed_span=80276728-80286948 ref=80278666-80285643 is_long=true poly=false/false orphan=false
[TRACE_MAPTRF] update_existing idx=22 key=[5, 6, 10, 14, 17] old_abund=5.000 old_srabund=0.000 add=1.000
[TRACE_MAPTRF] raw=[5, 6, 10, 12, 14, 17] raw_span=80276728-80286948 trimmed=[5, 6, 10, 12, 14, 17] trimmed_span=80276728-80286948 ref=80278666-80285655 is_long=true poly=false/false orphan=false
[TRACE_MAPTRF] update_existing idx=0 key=[5, 6, 10, 12, 14, 17] old_abund=43.000 old_srabund=0.000 add=1.000
[TRACE_MAPTRF] raw=[5, 6, 10, 12, 14, 17] raw_span=80276728-80286948 trimmed=[5, 6, 10, 12, 14, 17] trimmed_span=80276728-80286948 ref=80278666-80285660 is_long=true poly=false/false orphan=false
[TRACE_MAPTRF] update_existing idx=0 key=[5, 6, 10, 12, 14, 17] old_abund=44.000 old_srabund=0.000 add=1.000
[TRACE_MAPTRF] raw=[5, 6, 10, 12, 14, 17] raw_span=80276728-80286948 trimmed=[5, 6, 10, 12, 14, 17] trimmed_span=80276728-80286948 ref=80278666-80285666 is_long=true poly=false/false orphan=false
[TRACE_MAPTRF] update_existing idx=0 key=[5, 6, 10, 12, 14, 17] old_abund=45.000 old_srabund=0.000 add=1.000
[TRACE_MAPTRF] raw=[5, 6, 10, 12, 14, 17] raw_span=80276728-80286948 trimmed=[5, 6, 10, 12, 14, 17] trimmed_span=80276728-80286948 ref=80278666-80285682 is_long=true poly=false/false orphan=false
[TRACE_MAPTRF] update_existing idx=0 key=[5, 6, 10, 12, 14, 17] old_abund=46.000 old_srabund=0.000 add=1.000
[TRACE_MAPTRF] raw=[5, 6, 10, 12, 14, 17] raw_span=80276728-80286948 trimmed=[5, 6, 10, 12, 14, 17] trimmed_span=80276728-80286948 ref=80278666-80285778 is_long=true poly=false/false orphan=false
[TRACE_MAPTRF] update_existing idx=0 key=[5, 6, 10, 12, 14, 17] old_abund=47.000 old_srabund=0.000 add=1.000
[TRACE_MAPTRF] raw=[5, 6, 10, 12, 14, 17] raw_span=80276728-80286948 trimmed=[5, 6, 10, 12, 14, 17] trimmed_span=80276728-80286948 ref=80278666-80286948 is_long=true poly=false/false orphan=false
[TRACE_MAPTRF] update_existing idx=0 key=[5, 6, 10, 12, 14, 17] old_abund=48.000 old_srabund=0.000 add=1.000
[TRACE_MAPTRF] raw=[5, 6, 10, 12, 14, 18, 19] raw_span=80276728-80289386 trimmed=[5, 6, 10, 12, 14, 18, 19] trimmed_span=80276728-80289386 ref=80278666-80299589 is_long=true poly=false/false orphan=false
[TRACE_MAPTRF] create_new key=[5, 6, 10, 12, 14, 18, 19] add=1.000 ref=80278666-80299589
[TRACE_MAPTRF] raw=[5, 6, 10, 12, 14, 17] raw_span=80276728-80286948 trimmed=[5, 6, 10, 12, 14, 17] trimmed_span=80276728-80286948 ref=80278670-80285656 is_long=true poly=false/false orphan=false
[TRACE_MAPTRF] update_existing idx=0 key=[5, 6, 10, 12, 14, 17] old_abund=49.000 old_srabund=0.000 add=2.000
[TRACE_MAPTRF] raw=[5, 6, 10, 12, 14, 17] raw_span=80276728-80286948 trimmed=[5, 6, 10, 12, 14, 17] trimmed_span=80276728-80286948 ref=80278671-80285621 is_long=true poly=false/false orphan=false
[TRACE_MAPTRF] update_existing idx=0 key=[5, 6, 10, 12, 14, 17] old_abund=51.000 old_srabund=0.000 add=1.000
[TRACE_MAPTRF] raw=[5, 6, 10, 12, 14, 17] raw_span=80276728-80286948 trimmed=[5, 6, 10, 12, 14, 17] trimmed_span=80276728-80286948 ref=80278671-80285648 is_long=true poly=false/false orphan=false
[TRACE_MAPTRF] update_existing idx=0 key=[5, 6, 10, 12, 14, 17] old_abund=52.000 old_srabund=0.000 add=1.000
PATH_frag_pattern: read[145] SPLIT_BADJUNC at_j=4 junc_i=3 upstream_nodes= 5(80276728-80279058) 6(80279367-80279466) 10(80281670-80281929) 12(80283589-80283698) | restart_node=17(80285533-80286948) junc=80283698-80285533 node_prev_end=80283698 node_cur_start=80285533 killed=1
[TRACE_MAPTRF] raw=[5, 6, 10, 12] raw_span=80276728-80283698 trimmed=[5, 6, 10, 12] trimmed_span=80276728-80283698 ref=80278671-80285657 is_long=true poly=false/false orphan=false
[TRACE_MAPTRF] create_new key=[5, 6, 10, 12] add=1.000 ref=80278671-80285657
[TRACE_MAPTRF] raw=[5, 6, 10, 12, 14] raw_span=80276728-80285085 trimmed=[5, 6, 10, 12, 14] trimmed_span=80276728-80285085 ref=80278687-80285043 is_long=true poly=false/false orphan=false
[TRACE_MAPTRF] update_existing idx=1 key=[5, 6, 10, 12, 14] old_abund=5.000 old_srabund=0.000 add=1.000
[TRACE_MAPTRF] raw=[7, 8, 9, 10, 12, 14, 17] raw_span=80279472-80286948 trimmed=[7, 8, 9, 10, 12, 14, 17] trimmed_span=80279472-80286948 ref=80279472-80285657 is_long=true poly=false/false orphan=false
[TRACE_MAPTRF] create_new key=[7, 8, 9, 10, 12, 14, 17] add=1.000 ref=80279472-80285657
[TRACE_MAPTRF] raw=[10, 11, 12, 14, 17] raw_span=80281670-80286948 trimmed=[10, 11, 12, 14, 17] trimmed_span=80281670-80286948 ref=80281757-80285657 is_long=true poly=false/false orphan=false
[TRACE_MAPTRF] create_new key=[10, 11, 12, 14, 17] add=1.000 ref=80281757-80285657
[TRACE_MAPTRF] raw=[10, 12, 14, 17] raw_span=80281670-80286948 trimmed=[10, 12, 14, 17] trimmed_span=80281670-80286948 ref=80281757-80285668 is_long=true poly=false/false orphan=false
[TRACE_MAPTRF] update_existing idx=4 key=[10, 12, 14, 17] old_abund=1.000 old_srabund=0.000 add=1.000
[TRACE_MAPTRF] raw=[13, 14, 17] raw_span=80283698-80286948 trimmed=[13, 14, 17] trimmed_span=80283698-80286948 ref=80283959-80285794 is_long=true poly=false/false orphan=false
[TRACE_MAPTRF] create_new key=[13, 14, 17] add=1.000 ref=80283959-80285794
[TRACE_RAWTRF] idx=0 span=80276728-80286948 nodes=6 abund=53.000 srabund=0.000 guide=false longstart=80277095 longend=80286948 hard=false/false src_touch=false sink_touch=false real=false
[TRACE_RAWTRF_NODES] idx=0 [5, 6, 10, 12, 14, 17]
[TRACE_RAWTRF] idx=1 span=80276728-80285085 nodes=5 abund=6.000 srabund=0.000 guide=false longstart=80278293 longend=80285080 hard=false/true src_touch=false sink_touch=false real=false
[TRACE_RAWTRF_NODES] idx=1 [5, 6, 10, 12, 14]
[TRACE_RAWTRF] idx=2 span=80270576-80274101 nodes=1 abund=1.000 srabund=0.000 guide=false longstart=80270576 longend=80271442 hard=false/false src_touch=false sink_touch=false real=false
[TRACE_RAWTRF_NODES] idx=2 [1]
[TRACE_RAWTRF] idx=3 span=80279367-80286948 nodes=5 abund=3.000 srabund=0.000 guide=false longstart=0 longend=80285777 hard=false/false src_touch=false sink_touch=false real=false
[TRACE_RAWTRF_NODES] idx=3 [6, 10, 12, 14, 17]
[TRACE_RAWTRF] idx=4 span=80281670-80286948 nodes=4 abund=2.000 srabund=0.000 guide=false longstart=80281757 longend=80285682 hard=false/false src_touch=false sink_touch=false real=false
[TRACE_RAWTRF_NODES] idx=4 [10, 12, 14, 17]
[TRACE_RAWTRF] idx=5 span=80276728-80281929 nodes=3 abund=1.000 srabund=0.000 guide=false longstart=0 longend=80281723 hard=false/true src_touch=false sink_touch=false real=false
[TRACE_RAWTRF_NODES] idx=5 [5, 6, 10]
[TRACE_RAWTRF] idx=6 span=80275063-80286948 nodes=8 abund=1.000 srabund=0.000 guide=false longstart=80275063 longend=80285633 hard=false/false src_touch=false sink_touch=false real=false
[TRACE_RAWTRF_NODES] idx=6 [2, 3, 4, 5, 6, 10, 14, 17]
[TRACE_RAWTRF] idx=7 span=80275346-80279058 nodes=3 abund=11.000 srabund=0.000 guide=false longstart=80275346 longend=80278960 hard=true/false src_touch=false sink_touch=false real=false
[TRACE_RAWTRF_NODES] idx=7 [3, 4, 5]
[TRACE_RAWTRF] idx=8 span=80275346-80279058 nodes=2 abund=5.000 srabund=0.000 guide=false longstart=80275346 longend=80278203 hard=true/false src_touch=false sink_touch=false real=false
[TRACE_RAWTRF_NODES] idx=8 [3, 5]
[TRACE_RAWTRF] idx=9 span=80275346-80281929 nodes=5 abund=3.000 srabund=0.000 guide=false longstart=80275346 longend=80281922 hard=true/true src_touch=false sink_touch=false real=false
[TRACE_RAWTRF_NODES] idx=9 [3, 4, 5, 6, 10]
[TRACE_RAWTRF] idx=10 span=80275346-80285399 nodes=9 abund=1.000 srabund=0.000 guide=false longstart=80275346 longend=80285341 hard=true/false src_touch=false sink_touch=false real=false
[TRACE_RAWTRF_NODES] idx=10 [3, 4, 5, 6, 10, 12, 14, 15, 16]
[TRACE_RAWTRF] idx=11 span=80275346-80286948 nodes=8 abund=25.000 srabund=0.000 guide=false longstart=80275346 longend=80285745 hard=true/false src_touch=false sink_touch=false real=false
[TRACE_RAWTRF_NODES] idx=11 [3, 4, 5, 6, 10, 12, 14, 17]
[TRACE_RAWTRF] idx=12 span=80275346-80286948 nodes=9 abund=5.000 srabund=0.000 guide=false longstart=80275346 longend=80285661 hard=true/false src_touch=false sink_touch=false real=false
[TRACE_RAWTRF_NODES] idx=12 [3, 4, 5, 6, 8, 10, 12, 14, 17]
[TRACE_RAWTRF] idx=13 span=80279367-80286948 nodes=4 abund=2.000 srabund=0.000 guide=false longstart=0 longend=80285658 hard=false/false src_touch=false sink_touch=false real=false
[TRACE_RAWTRF_NODES] idx=13 [6, 10, 14, 17]
[TRACE_RAWTRF] idx=14 span=80275346-80286948 nodes=7 abund=6.000 srabund=0.000 guide=false longstart=80275346 longend=80285665 hard=true/false src_touch=false sink_touch=false real=false
[TRACE_RAWTRF_NODES] idx=14 [3, 4, 5, 6, 10, 14, 17]
[TRACE_RAWTRF] idx=15 span=80275346-80285085 nodes=5 abund=1.000 srabund=0.000 guide=false longstart=80275348 longend=80284843 hard=true/true src_touch=false sink_touch=false real=false
[TRACE_RAWTRF_NODES] idx=15 [3, 5, 6, 10, 14]
[TRACE_RAWTRF] idx=16 span=80275346-80289386 nodes=9 abund=1.000 srabund=0.000 guide=false longstart=80275348 longend=0 hard=true/false src_touch=false sink_touch=false real=false
[TRACE_RAWTRF_NODES] idx=16 [3, 4, 5, 6, 10, 12, 14, 18, 19]
[TRACE_RAWTRF] idx=17 span=80275346-80286948 nodes=7 abund=2.000 srabund=0.000 guide=false longstart=80275350 longend=80285682 hard=true/false src_touch=false sink_touch=false real=false
[TRACE_RAWTRF_NODES] idx=17 [3, 5, 6, 10, 12, 14, 17]
[TRACE_RAWTRF] idx=18 span=80275346-80288416 nodes=7 abund=1.000 srabund=0.000 guide=false longstart=80275577 longend=0 hard=true/false src_touch=false sink_touch=false real=false
[TRACE_RAWTRF_NODES] idx=18 [3, 5, 6, 10, 12, 14, 18]
[TRACE_RAWTRF] idx=19 span=80275346-80279466 nodes=4 abund=1.000 srabund=0.000 guide=false longstart=80275579 longend=80279451 hard=true/false src_touch=false sink_touch=false real=false
[TRACE_RAWTRF_NODES] idx=19 [3, 4, 5, 6]
[TRACE_RAWTRF] idx=20 span=80279367-80285085 nodes=4 abund=1.000 srabund=0.000 guide=false longstart=0 longend=0 hard=false/true src_touch=false sink_touch=false real=false
[TRACE_RAWTRF_NODES] idx=20 [6, 10, 12, 14]
[TRACE_RAWTRF] idx=21 span=80276728-80279058 nodes=1 abund=3.000 srabund=0.000 guide=false longstart=80276728 longend=80278840 hard=false/false src_touch=false sink_touch=false real=false
[TRACE_RAWTRF_NODES] idx=21 [5]
[TRACE_RAWTRF] idx=22 span=80276728-80286948 nodes=5 abund=6.000 srabund=0.000 guide=false longstart=80277049 longend=80285670 hard=false/false src_touch=false sink_touch=false real=false
[TRACE_RAWTRF_NODES] idx=22 [5, 6, 10, 14, 17]
[TRACE_RAWTRF] idx=23 span=80276728-80285399 nodes=7 abund=2.000 srabund=0.000 guide=false longstart=80278293 longend=80285339 hard=false/false src_touch=false sink_touch=false real=false
[TRACE_RAWTRF_NODES] idx=23 [5, 6, 10, 12, 14, 15, 16]
[TRACE_RAWTRF] idx=24 span=80276728-80285399 nodes=6 abund=2.000 srabund=0.000 guide=false longstart=80278650 longend=80285399 hard=false/false src_touch=false sink_touch=false real=false
[TRACE_RAWTRF_NODES] idx=24 [5, 6, 10, 12, 14, 16]
[TRACE_RAWTRF] idx=25 span=80276728-80286948 nodes=7 abund=7.000 srabund=0.000 guide=false longstart=80278659 longend=80285682 hard=false/false src_touch=false sink_touch=false real=false
[TRACE_RAWTRF_NODES] idx=25 [5, 6, 8, 10, 12, 14, 17]
[TRACE_RAWTRF] idx=26 span=80276728-80289386 nodes=8 abund=1.000 srabund=0.000 guide=false longstart=80278659 longend=0 hard=false/false src_touch=false sink_touch=false real=false
[TRACE_RAWTRF_NODES] idx=26 [5, 6, 8, 10, 12, 14, 18, 19]
[TRACE_RAWTRF] idx=27 span=80276728-80286948 nodes=8 abund=1.000 srabund=0.000 guide=false longstart=80278660 longend=80285633 hard=false/false src_touch=false sink_touch=false real=false
[TRACE_RAWTRF_NODES] idx=27 [5, 6, 8, 10, 12, 13, 14, 17]
[TRACE_RAWTRF] idx=28 span=80276728-80279466 nodes=2 abund=1.000 srabund=0.000 guide=false longstart=80278662 longend=0 hard=false/false src_touch=false sink_touch=false real=false
[TRACE_RAWTRF_NODES] idx=28 [5, 6]
[TRACE_RAWTRF] idx=29 span=80283589-80286948 nodes=3 abund=1.000 srabund=0.000 guide=false longstart=0 longend=80285642 hard=false/false src_touch=false sink_touch=false real=false
[TRACE_RAWTRF_NODES] idx=29 [12, 14, 17]
[TRACE_RAWTRF] idx=30 span=80276728-80289386 nodes=7 abund=1.000 srabund=0.000 guide=false longstart=80278666 longend=0 hard=false/false src_touch=false sink_touch=false real=false
[TRACE_RAWTRF_NODES] idx=30 [5, 6, 10, 12, 14, 18, 19]
[TRACE_RAWTRF] idx=31 span=80276728-80283698 nodes=4 abund=1.000 srabund=0.000 guide=false longstart=80278671 longend=0 hard=false/true src_touch=false sink_touch=false real=false
[TRACE_RAWTRF_NODES] idx=31 [5, 6, 10, 12]
[TRACE_RAWTRF] idx=32 span=80279472-80286948 nodes=7 abund=1.000 srabund=0.000 guide=false longstart=80279472 longend=80285657 hard=false/false src_touch=false sink_touch=false real=false
[TRACE_RAWTRF_NODES] idx=32 [7, 8, 9, 10, 12, 14, 17]
[TRACE_RAWTRF] idx=33 span=80281670-80281929 nodes=1 abund=1.000 srabund=0.000 guide=false longstart=80281757 longend=0 hard=false/true src_touch=false sink_touch=false real=false
[TRACE_RAWTRF_NODES] idx=33 [10]
[TRACE_RAWTRF] idx=34 span=80283698-80286948 nodes=3 abund=1.000 srabund=0.000 guide=false longstart=80283959 longend=80285794 hard=true/false src_touch=false sink_touch=false real=false
[TRACE_RAWTRF_NODES] idx=34 [13, 14, 17]
[TRACE_RAWTRF] idx=35 span=80281929-80286948 nodes=4 abund=1.000 srabund=0.000 guide=false longstart=0 longend=80285657 hard=true/false src_touch=false sink_touch=false real=false
[TRACE_RAWTRF_NODES] idx=35 [11, 12, 14, 17]
[TRACE_RAWTRF] idx=36 span=0-80274101 nodes=2 abund=1.000 srabund=0.000 guide=false longstart=0 longend=0 hard=false/false src_touch=true sink_touch=false real=false
[TRACE_RAWTRF_NODES] idx=36 [0, 1]
[TRACE_RAWTRF] idx=37 span=0-80275346 nodes=2 abund=1.000 srabund=0.000 guide=false longstart=0 longend=0 hard=false/true src_touch=true sink_touch=false real=false
[TRACE_RAWTRF_NODES] idx=37 [0, 2]
[TRACE_RAWTRF] idx=38 span=0-80280746 nodes=2 abund=1.000 srabund=0.000 guide=false longstart=0 longend=0 hard=false/false src_touch=true sink_touch=false real=false
[TRACE_RAWTRF_NODES] idx=38 [0, 7]
[TRACE_RAWTRF] idx=39 span=0-80283589 nodes=2 abund=1.000 srabund=0.000 guide=false longstart=0 longend=0 hard=true/false src_touch=true sink_touch=false real=false
[TRACE_RAWTRF_NODES] idx=39 [0, 11]
[TRACE_RAWTRF] idx=40 span=0-80284818 nodes=2 abund=1.000 srabund=0.000 guide=false longstart=0 longend=0 hard=true/false src_touch=true sink_touch=false real=false
[TRACE_RAWTRF_NODES] idx=40 [0, 13]
[TRACE_RAWTRF] idx=41 span=0-80285218 nodes=2 abund=1.000 srabund=0.000 guide=false longstart=0 longend=0 hard=true/false src_touch=true sink_touch=false real=false
[TRACE_RAWTRF_NODES] idx=41 [0, 15]
[TRACE_RAWTRF] idx=42 span=80270576-0 nodes=2 abund=1.000 srabund=0.000 guide=false longstart=0 longend=0 hard=false/false src_touch=false sink_touch=true real=false
[TRACE_RAWTRF_NODES] idx=42 [1, 20]
[TRACE_RAWTRF] idx=43 span=80281670-0 nodes=2 abund=266.720 srabund=0.000 guide=false longstart=0 longend=0 hard=false/true src_touch=false sink_touch=true real=false
[TRACE_RAWTRF_NODES] idx=43 [10, 20]
[TRACE_RAWTRF] idx=44 span=80283589-0 nodes=2 abund=235.000 srabund=0.000 guide=false longstart=0 longend=0 hard=false/true src_touch=false sink_touch=true real=false
[TRACE_RAWTRF_NODES] idx=44 [12, 20]
[TRACE_RAWTRF] idx=45 span=80284818-0 nodes=2 abund=254.160 srabund=0.000 guide=false longstart=0 longend=0 hard=false/true src_touch=false sink_touch=true real=false
[TRACE_RAWTRF_NODES] idx=45 [14, 20]
[TRACE_RAWTRF] idx=46 span=80285218-0 nodes=2 abund=1.000 srabund=0.000 guide=false longstart=0 longend=0 hard=false/false src_touch=false sink_touch=true real=false
[TRACE_RAWTRF_NODES] idx=46 [16, 20]
[TRACE_RAWTRF] idx=47 span=80285533-0 nodes=2 abund=1.000 srabund=0.000 guide=false longstart=0 longend=0 hard=false/false src_touch=false sink_touch=true real=false
[TRACE_RAWTRF_NODES] idx=47 [17, 20]
[TRACE_SEEDMERGE] keeptrf_add=3 span=80276728-80286948 nodes=6 abund=53.000 complete=true novel_splice_rescue=false
[TRACE_SEEDMERGE] cand=4 span=80275346-80286948 nodes=8 abund=25.000 vs kept=3 span=80276728-80286948 nodes=6 abund=53.000 ret=3 site= lens=[1749,0,-1203,0] guide_pair=false/false hard=true/true kept_hard=true/true
[TRACE_SEEDMERGE]   decision=keep_both reason=ret3_edgedist left=1749 right=-1203
[TRACE_SEEDMERGE] keeptrf_add=4 span=80275346-80286948 nodes=8 abund=25.000 complete=true novel_splice_rescue=false
[TRACE_SEEDMERGE] cand=5 span=80275346-80279058 nodes=3 abund=11.000 vs kept=3 span=80276728-80286948 nodes=6 abund=53.000 ret=2 site= lens=[1749,0,-2247,0] guide_pair=false/false hard=true/true kept_hard=true/true
[TRACE_SEEDMERGE]   decision=keep_both reason=ret2_gate
[TRACE_SEEDMERGE] cand=5 span=80275346-80279058 nodes=3 abund=11.000 vs kept=4 span=80275346-80286948 nodes=8 abund=25.000 ret=2 site= lens=[0,0,-1044,0] guide_pair=false/false hard=true/true kept_hard=true/true
[TRACE_SEEDMERGE]   decision=keep_both reason=ret2_gate
[TRACE_SEEDMERGE] keeptrf_add=5 span=80275346-80279058 nodes=3 abund=11.000 complete=true novel_splice_rescue=false
[TRACE_SEEDMERGE] cand=6 span=80276728-80286948 nodes=7 abund=7.000 vs kept=3 span=80276728-80286948 nodes=6 abund=53.000 ret=0 site=S15_HARD_EDGE_BOTH lens=[0,9223372036854775806,0,9223372036854775806] guide_pair=false/false hard=true/true kept_hard=true/true
[TRACE_SEEDMERGE] cand=6 span=80276728-80286948 nodes=7 abund=7.000 vs kept=4 span=80275346-80286948 nodes=8 abund=25.000 ret=0 site=S15_HARD_EDGE_BOTH lens=[0,9223372036854775806,0,9223372036854775806] guide_pair=false/false hard=true/true kept_hard=true/true
[TRACE_SEEDMERGE] cand=6 span=80276728-80286948 nodes=7 abund=7.000 vs kept=5 span=80275346-80279058 nodes=3 abund=11.000 ret=1 site= lens=[-3313,0,1167,0] guide_pair=false/false hard=true/true kept_hard=true/true
[TRACE_SEEDMERGE]   decision=keep_both reason=ret1_gate
[TRACE_SEEDMERGE] keeptrf_add=6 span=80276728-80286948 nodes=7 abund=7.000 complete=true novel_splice_rescue=false
[TRACE_SEEDMERGE] cand=7 span=80275346-80286948 nodes=7 abund=6.000 vs kept=3 span=80276728-80286948 nodes=6 abund=53.000 ret=0 site=S15_HARD_EDGE_BOTH lens=[0,9223372036854775806,0,9223372036854775806] guide_pair=false/false hard=true/true kept_hard=true/true
[TRACE_SEEDMERGE] cand=7 span=80275346-80286948 nodes=7 abund=6.000 vs kept=4 span=80275346-80286948 nodes=8 abund=25.000 ret=0 site=S15_HARD_EDGE_BOTH lens=[0,9223372036854775806,0,9223372036854775806] guide_pair=false/false hard=true/true kept_hard=true/true
[TRACE_SEEDMERGE] cand=7 span=80275346-80286948 nodes=7 abund=6.000 vs kept=5 span=80275346-80279058 nodes=3 abund=11.000 ret=1 site= lens=[0,0,855,0] guide_pair=false/false hard=true/true kept_hard=true/true
[TRACE_SEEDMERGE]   decision=merge_ret1 replace_kept=true group_size=2 group_cov=17.000
[TRACE_SEEDMERGE] cand=8 span=80276728-80286948 nodes=5 abund=6.000 vs kept=3 span=80276728-80286948 nodes=6 abund=53.000 ret=0 site=S15_HARD_EDGE_BOTH lens=[0,9223372036854775806,0,9223372036854775806] guide_pair=false/false hard=true/true kept_hard=true/true
[TRACE_SEEDMERGE] cand=8 span=80276728-80286948 nodes=5 abund=6.000 vs kept=4 span=80275346-80286948 nodes=8 abund=25.000 ret=0 site=S15_HARD_EDGE_BOTH lens=[0,9223372036854775806,0,9223372036854775806] guide_pair=false/false hard=true/true kept_hard=true/true
[TRACE_SEEDMERGE] cand=8 span=80276728-80286948 nodes=5 abund=6.000 vs kept=7 span=80275346-80286948 nodes=7 abund=6.000 ret=3 site= lens=[-1703,0,5,0] guide_pair=false/false hard=true/true kept_hard=true/true
[TRACE_SEEDMERGE]   decision=merge_ret3 new_rep=false group_size=3 group_cov=23.000
[TRACE_SEEDMERGE] cand=9 span=80276728-80285085 nodes=5 abund=6.000 vs kept=3 span=80276728-80286948 nodes=6 abund=53.000 ret=0 site=S9_HARDEND_S lens=[0,9223372036854775806,0,9223372036854775806] guide_pair=false/false hard=true/true kept_hard=true/true
[TRACE_SEEDMERGE] cand=9 span=80276728-80285085 nodes=5 abund=6.000 vs kept=4 span=80275346-80286948 nodes=8 abund=25.000 ret=0 site=S9_HARDEND_S lens=[0,9223372036854775806,0,9223372036854775806] guide_pair=false/false hard=true/true kept_hard=true/true
[TRACE_SEEDMERGE] cand=9 span=80276728-80285085 nodes=5 abund=6.000 vs kept=7 span=80275346-80286948 nodes=7 abund=6.000 ret=0 site=S9_HARDEND_S lens=[0,9223372036854775806,0,9223372036854775806] guide_pair=false/false hard=true/true kept_hard=true/true
[TRACE_SEEDMERGE] cand=9 span=80276728-80285085 nodes=5 abund=6.000 vs kept=6 span=80276728-80286948 nodes=7 abund=7.000 ret=0 site=S9_HARDEND_S lens=[0,9223372036854775806,0,9223372036854775806] guide_pair=false/false hard=true/true kept_hard=true/true
[TRACE_SEEDMERGE] keeptrf_add=9 span=80276728-80285085 nodes=5 abund=6.000 complete=true novel_splice_rescue=false
[TRACE_SEEDMERGE] cand=10 span=80275346-80286948 nodes=9 abund=5.000 vs kept=3 span=80276728-80286948 nodes=6 abund=53.000 ret=0 site=S15_HARD_EDGE_BOTH lens=[0,9223372036854775806,0,9223372036854775806] guide_pair=false/false hard=true/true kept_hard=true/true
[TRACE_SEEDMERGE] cand=10 span=80275346-80286948 nodes=9 abund=5.000 vs kept=4 span=80275346-80286948 nodes=8 abund=25.000 ret=0 site=S15_HARD_EDGE_BOTH lens=[0,9223372036854775806,0,9223372036854775806] guide_pair=false/false hard=true/true kept_hard=true/true
[TRACE_SEEDMERGE] cand=10 span=80275346-80286948 nodes=9 abund=5.000 vs kept=7 span=80275346-80286948 nodes=7 abund=6.000 ret=0 site=S15_HARD_EDGE_BOTH lens=[0,9223372036854775806,0,9223372036854775806] guide_pair=false/false hard=true/true kept_hard=true/true
[TRACE_SEEDMERGE] cand=10 span=80275346-80286948 nodes=9 abund=5.000 vs kept=6 span=80276728-80286948 nodes=7 abund=7.000 ret=3 site= lens=[3313,0,-21,0] guide_pair=false/false hard=true/true kept_hard=true/true
[TRACE_SEEDMERGE]   decision=keep_both reason=ret3_edgedist left=3313 right=-21
[TRACE_SEEDMERGE] cand=10 span=80275346-80286948 nodes=9 abund=5.000 vs kept=9 span=80276728-80285085 nodes=5 abund=6.000 ret=0 site=S9_HARDEND_S lens=[0,9223372036854775806,0,9223372036854775806] guide_pair=false/false hard=true/true kept_hard=true/true
[TRACE_SEEDMERGE] keeptrf_add=10 span=80275346-80286948 nodes=9 abund=5.000 complete=true novel_splice_rescue=false
[TRACE_SEEDMERGE] cand=11 span=80275346-80279058 nodes=2 abund=5.000 vs kept=3 span=80276728-80286948 nodes=6 abund=53.000 ret=0 site=S8_RETE_CONTRADICT lens=[0,9223372036854775806,0,9223372036854775806] guide_pair=false/false hard=true/true kept_hard=true/true
[TRACE_SEEDMERGE] cand=11 span=80275346-80279058 nodes=2 abund=5.000 vs kept=4 span=80275346-80286948 nodes=8 abund=25.000 ret=0 site=S14_GAP_FILLED lens=[0,9223372036854775806,0,9223372036854775806] guide_pair=false/false hard=true/true kept_hard=true/true
[TRACE_SEEDMERGE] cand=11 span=80275346-80279058 nodes=2 abund=5.000 vs kept=7 span=80275346-80286948 nodes=7 abund=6.000 ret=0 site=S14_GAP_FILLED lens=[0,9223372036854775806,0,9223372036854775806] guide_pair=false/false hard=true/true kept_hard=true/true
[TRACE_SEEDMERGE] cand=11 span=80275346-80279058 nodes=2 abund=5.000 vs kept=6 span=80276728-80286948 nodes=7 abund=7.000 ret=0 site=S8_RETE_CONTRADICT lens=[0,9223372036854775806,0,9223372036854775806] guide_pair=false/false hard=true/true kept_hard=true/true
[TRACE_SEEDMERGE] cand=11 span=80275346-80279058 nodes=2 abund=5.000 vs kept=9 span=80276728-80285085 nodes=5 abund=6.000 ret=0 site=S8_RETE_CONTRADICT lens=[0,9223372036854775806,0,9223372036854775806] guide_pair=false/false hard=true/true kept_hard=true/true
[TRACE_SEEDMERGE] cand=11 span=80275346-80279058 nodes=2 abund=5.000 vs kept=10 span=80275346-80286948 nodes=9 abund=5.000 ret=0 site=S14_GAP_FILLED lens=[0,9223372036854775806,0,9223372036854775806] guide_pair=false/false hard=true/true kept_hard=true/true
[TRACE_SEEDMERGE] keeptrf_add=11 span=80275346-80279058 nodes=2 abund=5.000 complete=true novel_splice_rescue=false
[TRACE_SEEDMERGE] cand=12 span=80275346-80281929 nodes=5 abund=3.000 vs kept=3 span=80276728-80286948 nodes=6 abund=53.000 ret=0 site=S9_HARDEND_S lens=[0,9223372036854775806,0,9223372036854775806] guide_pair=false/false hard=true/true kept_hard=true/true
[TRACE_SEEDMERGE] cand=12 span=80275346-80281929 nodes=5 abund=3.000 vs kept=4 span=80275346-80286948 nodes=8 abund=25.000 ret=0 site=S9_HARDEND_S lens=[0,9223372036854775806,0,9223372036854775806] guide_pair=false/false hard=true/true kept_hard=true/true
[TRACE_SEEDMERGE] cand=12 span=80275346-80281929 nodes=5 abund=3.000 vs kept=7 span=80275346-80286948 nodes=7 abund=6.000 ret=0 site=S9_HARDEND_S lens=[0,9223372036854775806,0,9223372036854775806] guide_pair=false/false hard=true/true kept_hard=true/true
[TRACE_SEEDMERGE] cand=12 span=80275346-80281929 nodes=5 abund=3.000 vs kept=6 span=80276728-80286948 nodes=7 abund=7.000 ret=0 site=S9_HARDEND_S lens=[0,9223372036854775806,0,9223372036854775806] guide_pair=false/false hard=true/true kept_hard=true/true
[TRACE_SEEDMERGE] cand=12 span=80275346-80281929 nodes=5 abund=3.000 vs kept=9 span=80276728-80285085 nodes=5 abund=6.000 ret=0 site=S2_HARDEND_BOTH lens=[0,9223372036854775806,0,9223372036854775806] guide_pair=false/false hard=true/true kept_hard=true/true
[TRACE_SEEDMERGE] cand=12 span=80275346-80281929 nodes=5 abund=3.000 vs kept=10 span=80275346-80286948 nodes=9 abund=5.000 ret=0 site=S9_HARDEND_S lens=[0,9223372036854775806,0,9223372036854775806] guide_pair=false/false hard=true/true kept_hard=true/true
[TRACE_SEEDMERGE] cand=12 span=80275346-80281929 nodes=5 abund=3.000 vs kept=11 span=80275346-80279058 nodes=2 abund=5.000 ret=0 site=S14_GAP_FILLED lens=[0,9223372036854775806,0,9223372036854775806] guide_pair=false/false hard=true/true kept_hard=true/true
[TRACE_SEEDMERGE] keeptrf_add=12 span=80275346-80281929 nodes=5 abund=3.000 complete=true novel_splice_rescue=false
[TRACE_SEEDMERGE] cand=13 span=80279367-80286948 nodes=5 abund=3.000 vs kept=3 span=80276728-80286948 nodes=6 abund=53.000 ret=2 site= lens=[-1963,0,-1171,0] guide_pair=false/false hard=false/true kept_hard=true/true
[TRACE_SEEDMERGE]   decision=keep_both reason=ret2_gate
[TRACE_SEEDMERGE] cand=13 span=80279367-80286948 nodes=5 abund=3.000 vs kept=4 span=80275346-80286948 nodes=8 abund=25.000 ret=2 site= lens=[-3712,0,32,0] guide_pair=false/false hard=false/true kept_hard=true/true
[TRACE_SEEDMERGE]   decision=keep_both reason=ret2_gate
[TRACE_SEEDMERGE] cand=13 span=80279367-80286948 nodes=5 abund=3.000 vs kept=7 span=80275346-80286948 nodes=7 abund=6.000 ret=0 site=S15_HARD_EDGE_BOTH lens=[0,9223372036854775806,0,9223372036854775806] guide_pair=false/false hard=false/true kept_hard=true/true
[TRACE_SEEDMERGE] cand=13 span=80279367-80286948 nodes=5 abund=3.000 vs kept=6 span=80276728-80286948 nodes=7 abund=7.000 ret=0 site=S15_HARD_EDGE_BOTH lens=[0,9223372036854775806,0,9223372036854775806] guide_pair=false/false hard=false/true kept_hard=true/true
[TRACE_SEEDMERGE] cand=13 span=80279367-80286948 nodes=5 abund=3.000 vs kept=9 span=80276728-80285085 nodes=5 abund=6.000 ret=0 site=S8_RETE_CONTRADICT lens=[0,9223372036854775806,0,9223372036854775806] guide_pair=false/false hard=false/true kept_hard=true/true
[TRACE_SEEDMERGE] cand=13 span=80279367-80286948 nodes=5 abund=3.000 vs kept=10 span=80275346-80286948 nodes=9 abund=5.000 ret=0 site=S15_HARD_EDGE_BOTH lens=[0,9223372036854775806,0,9223372036854775806] guide_pair=false/false hard=false/true kept_hard=true/true
[TRACE_SEEDMERGE] cand=13 span=80279367-80286948 nodes=5 abund=3.000 vs kept=11 span=80275346-80279058 nodes=2 abund=5.000 ret=0 site=S3_NO_OVERLAP lens=[0,9223372036854775806,0,9223372036854775806] guide_pair=false/false hard=false/true kept_hard=true/true
[TRACE_SEEDMERGE] cand=13 span=80279367-80286948 nodes=5 abund=3.000 vs kept=12 span=80275346-80281929 nodes=5 abund=3.000 ret=0 site=S8_RETE_CONTRADICT lens=[0,9223372036854775806,0,9223372036854775806] guide_pair=false/false hard=false/true kept_hard=true/true
[TRACE_SEEDMERGE] cand=14 span=80276728-80279058 nodes=1 abund=3.000 vs kept=3 span=80276728-80286948 nodes=6 abund=53.000 ret=2 site= lens=[367,0,-2367,0] guide_pair=false/false hard=true/true kept_hard=true/true
[TRACE_SEEDMERGE]   decision=keep_both reason=ret2_gate
[TRACE_SEEDMERGE] cand=14 span=80276728-80279058 nodes=1 abund=3.000 vs kept=4 span=80275346-80286948 nodes=8 abund=25.000 ret=2 site= lens=[-1382,0,-1164,0] guide_pair=false/false hard=true/true kept_hard=true/true
[TRACE_SEEDMERGE]   decision=keep_both reason=ret2_gate
[TRACE_SEEDMERGE] cand=14 span=80276728-80279058 nodes=1 abund=3.000 vs kept=7 span=80275346-80286948 nodes=7 abund=6.000 ret=2 site= lens=[-1382,0,-975,0] guide_pair=false/false hard=true/true kept_hard=true/true
[TRACE_SEEDMERGE]   decision=keep_both reason=ret2_gate
[TRACE_SEEDMERGE] cand=14 span=80276728-80279058 nodes=1 abund=3.000 vs kept=6 span=80276728-80286948 nodes=7 abund=7.000 ret=2 site= lens=[1931,0,-1287,0] guide_pair=false/false hard=true/true kept_hard=true/true
[TRACE_SEEDMERGE]   decision=keep_both reason=ret2_gate
[TRACE_SEEDMERGE] cand=14 span=80276728-80279058 nodes=1 abund=3.000 vs kept=9 span=80276728-80285085 nodes=5 abund=6.000 ret=2 site= lens=[1565,0,-947,0] guide_pair=false/false hard=true/true kept_hard=true/true
[TRACE_SEEDMERGE]   decision=keep_both reason=ret2_gate
[TRACE_SEEDMERGE] cand=14 span=80276728-80279058 nodes=1 abund=3.000 vs kept=10 span=80275346-80286948 nodes=9 abund=5.000 ret=2 site= lens=[-1382,0,-1266,0] guide_pair=false/false hard=true/true kept_hard=true/true
[TRACE_SEEDMERGE]   decision=keep_both reason=ret2_gate
[TRACE_SEEDMERGE] cand=14 span=80276728-80279058 nodes=1 abund=3.000 vs kept=11 span=80275346-80279058 nodes=2 abund=5.000 ret=2 site= lens=[-740,0,637,0] guide_pair=false/false hard=true/true kept_hard=true/true
[TRACE_SEEDMERGE]   decision=keep_both reason=ret2_gate
[TRACE_SEEDMERGE] cand=14 span=80276728-80279058 nodes=1 abund=3.000 vs kept=12 span=80275346-80281929 nodes=5 abund=3.000 ret=2 site= lens=[-1382,0,-569,0] guide_pair=false/false hard=true/true kept_hard=true/true
[TRACE_SEEDMERGE]   decision=keep_both reason=ret2_gate
[TRACE_SEEDMERGE] keeptrf_add=14 span=80276728-80279058 nodes=1 abund=3.000 complete=true novel_splice_rescue=false
[TRACE_SEEDMERGE] cand=15 span=80275346-80286948 nodes=7 abund=2.000 vs kept=3 span=80276728-80286948 nodes=6 abund=53.000 ret=1 site= lens=[1103,0,-1266,0] guide_pair=false/false hard=true/true kept_hard=true/true
[TRACE_SEEDMERGE]   decision=keep_both reason=ret1_gate
[TRACE_SEEDMERGE] cand=15 span=80275346-80286948 nodes=7 abund=2.000 vs kept=4 span=80275346-80286948 nodes=8 abund=25.000 ret=0 site=S14_GAP_FILLED lens=[0,9223372036854775806,0,9223372036854775806] guide_pair=false/false hard=true/true kept_hard=true/true
[TRACE_SEEDMERGE] cand=15 span=80275346-80286948 nodes=7 abund=2.000 vs kept=7 span=80275346-80286948 nodes=7 abund=6.000 ret=0 site=S14_GAP_FILLED lens=[0,9223372036854775806,0,9223372036854775806] guide_pair=false/false hard=true/true kept_hard=true/true
[TRACE_SEEDMERGE] cand=15 span=80275346-80286948 nodes=7 abund=2.000 vs kept=6 span=80276728-80286948 nodes=7 abund=7.000 ret=0 site=S15_HARD_EDGE_BOTH lens=[0,9223372036854775806,0,9223372036854775806] guide_pair=false/false hard=true/true kept_hard=true/true
[TRACE_SEEDMERGE] cand=15 span=80275346-80286948 nodes=7 abund=2.000 vs kept=9 span=80276728-80285085 nodes=5 abund=6.000 ret=0 site=S9_HARDEND_S lens=[0,9223372036854775806,0,9223372036854775806] guide_pair=false/false hard=true/true kept_hard=true/true
[TRACE_SEEDMERGE] cand=15 span=80275346-80286948 nodes=7 abund=2.000 vs kept=10 span=80275346-80286948 nodes=9 abund=5.000 ret=0 site=S14_GAP_FILLED lens=[0,9223372036854775806,0,9223372036854775806] guide_pair=false/false hard=true/true kept_hard=true/true
[TRACE_SEEDMERGE] cand=15 span=80275346-80286948 nodes=7 abund=2.000 vs kept=11 span=80275346-80279058 nodes=2 abund=5.000 ret=1 site= lens=[-4,0,1738,0] guide_pair=false/false hard=true/true kept_hard=true/true
[TRACE_SEEDMERGE]   decision=keep_both reason=ret1_gate
[TRACE_SEEDMERGE] cand=15 span=80275346-80286948 nodes=7 abund=2.000 vs kept=12 span=80275346-80281929 nodes=5 abund=3.000 ret=0 site=S9_HARDEND_S lens=[0,9223372036854775806,0,9223372036854775806] guide_pair=false/false hard=true/true kept_hard=true/true
[TRACE_SEEDMERGE] cand=15 span=80275346-80286948 nodes=7 abund=2.000 vs kept=14 span=80276728-80279058 nodes=1 abund=3.000 ret=1 site= lens=[736,0,1101,0] guide_pair=false/false hard=true/true kept_hard=true/true
[TRACE_SEEDMERGE]   decision=merge_ret1 replace_kept=true group_size=2 group_cov=5.000
[TRACE_SEEDMERGE] cand=16 span=80276728-80285399 nodes=7 abund=2.000 vs kept=3 span=80276728-80286948 nodes=6 abund=53.000 ret=2 site= lens=[-1198,0,-1415,254] guide_pair=false/false hard=true/true kept_hard=true/true
[TRACE_SEEDMERGE]   decision=keep_both reason=ret2_gate
[TRACE_SEEDMERGE] cand=16 span=80276728-80285399 nodes=7 abund=2.000 vs kept=4 span=80275346-80286948 nodes=8 abund=25.000 ret=2 site= lens=[-2947,0,-212,254] guide_pair=false/false hard=true/true kept_hard=true/true
[TRACE_SEEDMERGE]   decision=keep_both reason=ret2_gate
[TRACE_SEEDMERGE] cand=16 span=80276728-80285399 nodes=7 abund=2.000 vs kept=7 span=80275346-80286948 nodes=7 abund=6.000 ret=0 site=S15_HARD_EDGE_BOTH lens=[0,9223372036854775806,0,9223372036854775806] guide_pair=false/false hard=true/true kept_hard=true/true
[TRACE_SEEDMERGE] cand=16 span=80276728-80285399 nodes=7 abund=2.000 vs kept=6 span=80276728-80286948 nodes=7 abund=7.000 ret=0 site=S15_HARD_EDGE_BOTH lens=[0,9223372036854775806,0,9223372036854775806] guide_pair=false/false hard=true/true kept_hard=true/true
[TRACE_SEEDMERGE] cand=16 span=80276728-80285399 nodes=7 abund=2.000 vs kept=9 span=80276728-80285085 nodes=5 abund=6.000 ret=3 site= lens=[0,0,259,0] guide_pair=false/false hard=true/true kept_hard=true/true
[TRACE_SEEDMERGE]   decision=keep_both reason=ret3_edgedist left=0 right=259
[TRACE_SEEDMERGE] cand=16 span=80276728-80285399 nodes=7 abund=2.000 vs kept=10 span=80275346-80286948 nodes=9 abund=5.000 ret=0 site=S15_HARD_EDGE_BOTH lens=[0,9223372036854775806,0,9223372036854775806] guide_pair=false/false hard=true/true kept_hard=true/true
[TRACE_SEEDMERGE] cand=16 span=80276728-80285399 nodes=7 abund=2.000 vs kept=11 span=80275346-80279058 nodes=2 abund=5.000 ret=0 site=S8_RETE_CONTRADICT lens=[0,9223372036854775806,0,9223372036854775806] guide_pair=false/false hard=true/true kept_hard=true/true
[TRACE_SEEDMERGE] cand=16 span=80276728-80285399 nodes=7 abund=2.000 vs kept=12 span=80275346-80281929 nodes=5 abund=3.000 ret=0 site=S9_HARDEND_S lens=[0,9223372036854775806,0,9223372036854775806] guide_pair=false/false hard=true/true kept_hard=true/true
[TRACE_SEEDMERGE] cand=16 span=80276728-80285399 nodes=7 abund=2.000 vs kept=15 span=80275346-80286948 nodes=7 abund=2.000 ret=2 site= lens=[-2301,0,-149,254] guide_pair=false/false hard=true/true kept_hard=true/true
[TRACE_SEEDMERGE]   decision=keep_both reason=ret2_gate
[TRACE_SEEDMERGE] keeptrf_add=16 span=80276728-80285399 nodes=7 abund=2.000 complete=true novel_splice_rescue=false
[TRACE_SEEDMERGE] cand=17 span=80276728-80285399 nodes=6 abund=2.000 vs kept=3 span=80276728-80286948 nodes=6 abund=53.000 ret=0 site=S12_WALK_END_GAP lens=[0,9223372036854775806,0,9223372036854775806] guide_pair=false/false hard=true/true kept_hard=true/true
[TRACE_SEEDMERGE] cand=17 span=80276728-80285399 nodes=6 abund=2.000 vs kept=4 span=80275346-80286948 nodes=8 abund=25.000 ret=0 site=S12_WALK_END_GAP lens=[0,9223372036854775806,0,9223372036854775806] guide_pair=false/false hard=true/true kept_hard=true/true
[TRACE_SEEDMERGE] cand=17 span=80276728-80285399 nodes=6 abund=2.000 vs kept=7 span=80275346-80286948 nodes=7 abund=6.000 ret=0 site=S12_WALK_END_GAP lens=[0,9223372036854775806,0,9223372036854775806] guide_pair=false/false hard=true/true kept_hard=true/true
[TRACE_SEEDMERGE] cand=17 span=80276728-80285399 nodes=6 abund=2.000 vs kept=6 span=80276728-80286948 nodes=7 abund=7.000 ret=0 site=S12_WALK_END_GAP lens=[0,9223372036854775806,0,9223372036854775806] guide_pair=false/false hard=true/true kept_hard=true/true
[TRACE_SEEDMERGE] cand=17 span=80276728-80285399 nodes=6 abund=2.000 vs kept=9 span=80276728-80285085 nodes=5 abund=6.000 ret=0 site=S9_HARDEND_S lens=[0,9223372036854775806,0,9223372036854775806] guide_pair=false/false hard=true/true kept_hard=true/true
[TRACE_SEEDMERGE] cand=17 span=80276728-80285399 nodes=6 abund=2.000 vs kept=10 span=80275346-80286948 nodes=9 abund=5.000 ret=0 site=S12_WALK_END_GAP lens=[0,9223372036854775806,0,9223372036854775806] guide_pair=false/false hard=true/true kept_hard=true/true
[TRACE_SEEDMERGE] cand=17 span=80276728-80285399 nodes=6 abund=2.000 vs kept=11 span=80275346-80279058 nodes=2 abund=5.000 ret=0 site=S8_RETE_CONTRADICT lens=[0,9223372036854775806,0,9223372036854775806] guide_pair=false/false hard=true/true kept_hard=true/true
[TRACE_SEEDMERGE] cand=17 span=80276728-80285399 nodes=6 abund=2.000 vs kept=12 span=80275346-80281929 nodes=5 abund=3.000 ret=0 site=S9_HARDEND_S lens=[0,9223372036854775806,0,9223372036854775806] guide_pair=false/false hard=true/true kept_hard=true/true
[TRACE_SEEDMERGE] cand=17 span=80276728-80285399 nodes=6 abund=2.000 vs kept=15 span=80275346-80286948 nodes=7 abund=2.000 ret=0 site=S12_WALK_END_GAP lens=[0,9223372036854775806,0,9223372036854775806] guide_pair=false/false hard=true/true kept_hard=true/true
[TRACE_SEEDMERGE] cand=17 span=80276728-80285399 nodes=6 abund=2.000 vs kept=16 span=80276728-80285399 nodes=7 abund=2.000 ret=0 site=S14_GAP_FILLED lens=[0,9223372036854775806,0,9223372036854775806] guide_pair=false/false hard=true/true kept_hard=true/true
[TRACE_SEEDMERGE] keeptrf_add=17 span=80276728-80285399 nodes=6 abund=2.000 complete=true novel_splice_rescue=false
[TRACE_SEEDMERGE] cand=18 span=80279367-80286948 nodes=4 abund=2.000 vs kept=3 span=80276728-80286948 nodes=6 abund=53.000 ret=0 site=S15_HARD_EDGE_BOTH lens=[0,9223372036854775806,0,9223372036854775806] guide_pair=false/false hard=false/true kept_hard=true/true
[TRACE_SEEDMERGE] cand=18 span=80279367-80286948 nodes=4 abund=2.000 vs kept=4 span=80275346-80286948 nodes=8 abund=25.000 ret=0 site=S15_HARD_EDGE_BOTH lens=[0,9223372036854775806,0,9223372036854775806] guide_pair=false/false hard=false/true kept_hard=true/true
[TRACE_SEEDMERGE] cand=18 span=80279367-80286948 nodes=4 abund=2.000 vs kept=7 span=80275346-80286948 nodes=7 abund=6.000 ret=2 site= lens=[-3712,0,-7,0] guide_pair=false/false hard=false/true kept_hard=true/true
[TRACE_SEEDMERGE]   decision=keep_both reason=ret2_gate
[TRACE_SEEDMERGE] cand=18 span=80279367-80286948 nodes=4 abund=2.000 vs kept=6 span=80276728-80286948 nodes=7 abund=7.000 ret=0 site=S15_HARD_EDGE_BOTH lens=[0,9223372036854775806,0,9223372036854775806] guide_pair=false/false hard=false/true kept_hard=true/true
[TRACE_SEEDMERGE] cand=18 span=80279367-80286948 nodes=4 abund=2.000 vs kept=9 span=80276728-80285085 nodes=5 abund=6.000 ret=0 site=S8_RETE_CONTRADICT lens=[0,9223372036854775806,0,9223372036854775806] guide_pair=false/false hard=false/true kept_hard=true/true
[TRACE_SEEDMERGE] cand=18 span=80279367-80286948 nodes=4 abund=2.000 vs kept=10 span=80275346-80286948 nodes=9 abund=5.000 ret=0 site=S15_HARD_EDGE_BOTH lens=[0,9223372036854775806,0,9223372036854775806] guide_pair=false/false hard=false/true kept_hard=true/true
[TRACE_SEEDMERGE] cand=18 span=80279367-80286948 nodes=4 abund=2.000 vs kept=11 span=80275346-80279058 nodes=2 abund=5.000 ret=0 site=S3_NO_OVERLAP lens=[0,9223372036854775806,0,9223372036854775806] guide_pair=false/false hard=false/true kept_hard=true/true
[TRACE_SEEDMERGE] cand=18 span=80279367-80286948 nodes=4 abund=2.000 vs kept=12 span=80275346-80281929 nodes=5 abund=3.000 ret=0 site=S8_RETE_CONTRADICT lens=[0,9223372036854775806,0,9223372036854775806] guide_pair=false/false hard=false/true kept_hard=true/true
[TRACE_SEEDMERGE] cand=18 span=80279367-80286948 nodes=4 abund=2.000 vs kept=15 span=80275346-80286948 nodes=7 abund=2.000 ret=0 site=S15_HARD_EDGE_BOTH lens=[0,9223372036854775806,0,9223372036854775806] guide_pair=false/false hard=false/true kept_hard=true/true
[TRACE_SEEDMERGE] cand=18 span=80279367-80286948 nodes=4 abund=2.000 vs kept=16 span=80276728-80285399 nodes=7 abund=2.000 ret=0 site=S8_RETE_CONTRADICT lens=[0,9223372036854775806,0,9223372036854775806] guide_pair=false/false hard=false/true kept_hard=true/true
[TRACE_SEEDMERGE] cand=18 span=80279367-80286948 nodes=4 abund=2.000 vs kept=17 span=80276728-80285399 nodes=6 abund=2.000 ret=0 site=S8_RETE_CONTRADICT lens=[0,9223372036854775806,0,9223372036854775806] guide_pair=false/false hard=false/true kept_hard=true/true
[TRACE_SEEDMERGE] cand=19 span=80281670-80286948 nodes=4 abund=2.000 vs kept=3 span=80276728-80286948 nodes=6 abund=53.000 ret=2 site= lens=[-2149,0,-1266,0] guide_pair=false/false hard=true/true kept_hard=true/true
[TRACE_SEEDMERGE]   decision=keep_both reason=ret2_gate
[TRACE_SEEDMERGE] cand=19 span=80281670-80286948 nodes=4 abund=2.000 vs kept=4 span=80275346-80286948 nodes=8 abund=25.000 ret=2 site= lens=[-3898,0,-63,0] guide_pair=false/false hard=true/true kept_hard=true/true
[TRACE_SEEDMERGE]   decision=keep_both reason=ret2_gate
[TRACE_SEEDMERGE] cand=19 span=80281670-80286948 nodes=4 abund=2.000 vs kept=7 span=80275346-80286948 nodes=7 abund=6.000 ret=0 site=S15_HARD_EDGE_BOTH lens=[0,9223372036854775806,0,9223372036854775806] guide_pair=false/false hard=true/true kept_hard=true/true
[TRACE_SEEDMERGE] cand=19 span=80281670-80286948 nodes=4 abund=2.000 vs kept=6 span=80276728-80286948 nodes=7 abund=7.000 ret=2 site= lens=[-771,0,0,0] guide_pair=false/false hard=true/true kept_hard=true/true
[TRACE_SEEDMERGE]   decision=keep_both reason=ret2_gate
[TRACE_SEEDMERGE] cand=19 span=80281670-80286948 nodes=4 abund=2.000 vs kept=9 span=80276728-80285085 nodes=5 abund=6.000 ret=0 site=S8_RETE_CONTRADICT lens=[0,9223372036854775806,0,9223372036854775806] guide_pair=false/false hard=true/true kept_hard=true/true
[TRACE_SEEDMERGE] cand=19 span=80281670-80286948 nodes=4 abund=2.000 vs kept=10 span=80275346-80286948 nodes=9 abund=5.000 ret=2 site= lens=[-4084,0,21,0] guide_pair=false/false hard=true/true kept_hard=true/true
[TRACE_SEEDMERGE]   decision=keep_both reason=ret2_gate
[TRACE_SEEDMERGE] cand=19 span=80281670-80286948 nodes=4 abund=2.000 vs kept=11 span=80275346-80279058 nodes=2 abund=5.000 ret=0 site=S3_NO_OVERLAP lens=[0,9223372036854775806,0,9223372036854775806] guide_pair=false/false hard=true/true kept_hard=true/true
[TRACE_SEEDMERGE] cand=19 span=80281670-80286948 nodes=4 abund=2.000 vs kept=12 span=80275346-80281929 nodes=5 abund=3.000 ret=0 site=S8_RETE_CONTRADICT lens=[0,9223372036854775806,0,9223372036854775806] guide_pair=false/false hard=true/true kept_hard=true/true
[TRACE_SEEDMERGE] cand=19 span=80281670-80286948 nodes=4 abund=2.000 vs kept=15 span=80275346-80286948 nodes=7 abund=2.000 ret=2 site= lens=[-3252,0,0,0] guide_pair=false/false hard=true/true kept_hard=true/true
[TRACE_SEEDMERGE]   decision=keep_both reason=ret2_gate
[TRACE_SEEDMERGE] cand=19 span=80281670-80286948 nodes=4 abund=2.000 vs kept=16 span=80276728-80285399 nodes=7 abund=2.000 ret=0 site=S8_RETE_CONTRADICT lens=[0,9223372036854775806,0,9223372036854775806] guide_pair=false/false hard=true/true kept_hard=true/true
[TRACE_SEEDMERGE] cand=19 span=80281670-80286948 nodes=4 abund=2.000 vs kept=17 span=80276728-80285399 nodes=6 abund=2.000 ret=0 site=S8_RETE_CONTRADICT lens=[0,9223372036854775806,0,9223372036854775806] guide_pair=false/false hard=true/true kept_hard=true/true
[TRACE_SEEDMERGE] keeptrf_add=19 span=80281670-80286948 nodes=4 abund=2.000 complete=true novel_splice_rescue=false
[TRACE_SEEDMERGE] cand=20 span=80275346-80285399 nodes=9 abund=1.000 vs kept=3 span=80276728-80286948 nodes=6 abund=53.000 ret=2 site= lens=[1749,0,-1415,256] guide_pair=false/false hard=true/true kept_hard=true/true
[TRACE_SEEDMERGE]   decision=keep_both reason=ret2_gate
[TRACE_SEEDMERGE] cand=20 span=80275346-80285399 nodes=9 abund=1.000 vs kept=4 span=80275346-80286948 nodes=8 abund=25.000 ret=2 site= lens=[0,0,-212,256] guide_pair=false/false hard=true/true kept_hard=true/true
[TRACE_SEEDMERGE]   decision=keep_both reason=ret2_gate
[TRACE_SEEDMERGE] cand=20 span=80275346-80285399 nodes=9 abund=1.000 vs kept=7 span=80275346-80286948 nodes=7 abund=6.000 ret=0 site=S15_HARD_EDGE_BOTH lens=[0,9223372036854775806,0,9223372036854775806] guide_pair=false/false hard=true/true kept_hard=true/true
[TRACE_SEEDMERGE] cand=20 span=80275346-80285399 nodes=9 abund=1.000 vs kept=6 span=80276728-80286948 nodes=7 abund=7.000 ret=0 site=S15_HARD_EDGE_BOTH lens=[0,9223372036854775806,0,9223372036854775806] guide_pair=false/false hard=true/true kept_hard=true/true
[TRACE_SEEDMERGE] cand=20 span=80275346-80285399 nodes=9 abund=1.000 vs kept=9 span=80276728-80285085 nodes=5 abund=6.000 ret=3 site= lens=[2947,0,261,0] guide_pair=false/false hard=true/true kept_hard=true/true
[TRACE_SEEDMERGE]   decision=keep_both reason=opposing_hard_boundaries
[TRACE_SEEDMERGE] cand=20 span=80275346-80285399 nodes=9 abund=1.000 vs kept=10 span=80275346-80286948 nodes=9 abund=5.000 ret=0 site=S15_HARD_EDGE_BOTH lens=[0,9223372036854775806,0,9223372036854775806] guide_pair=false/false hard=true/true kept_hard=true/true
[TRACE_SEEDMERGE] cand=20 span=80275346-80285399 nodes=9 abund=1.000 vs kept=11 span=80275346-80279058 nodes=2 abund=5.000 ret=0 site=S14_GAP_FILLED lens=[0,9223372036854775806,0,9223372036854775806] guide_pair=false/false hard=true/true kept_hard=true/true
[TRACE_SEEDMERGE] cand=20 span=80275346-80285399 nodes=9 abund=1.000 vs kept=12 span=80275346-80281929 nodes=5 abund=3.000 ret=0 site=S9_HARDEND_S lens=[0,9223372036854775806,0,9223372036854775806] guide_pair=false/false hard=true/true kept_hard=true/true
[TRACE_SEEDMERGE] cand=20 span=80275346-80285399 nodes=9 abund=1.000 vs kept=15 span=80275346-80286948 nodes=7 abund=2.000 ret=0 site=S14_GAP_FILLED lens=[0,9223372036854775806,0,9223372036854775806] guide_pair=false/false hard=true/true kept_hard=true/true
[TRACE_SEEDMERGE] cand=20 span=80275346-80285399 nodes=9 abund=1.000 vs kept=16 span=80276728-80285399 nodes=7 abund=2.000 ret=3 site= lens=[2947,0,2,0] guide_pair=false/false hard=true/true kept_hard=true/true
[TRACE_SEEDMERGE]   decision=keep_both reason=ret3_edgedist left=2947 right=2
[TRACE_SEEDMERGE] cand=20 span=80275346-80285399 nodes=9 abund=1.000 vs kept=17 span=80276728-80285399 nodes=6 abund=2.000 ret=0 site=S14_GAP_FILLED lens=[0,9223372036854775806,0,9223372036854775806] guide_pair=false/false hard=true/true kept_hard=true/true
[TRACE_SEEDMERGE] cand=20 span=80275346-80285399 nodes=9 abund=1.000 vs kept=19 span=80281670-80286948 nodes=4 abund=2.000 ret=0 site=S8_RETE_CONTRADICT lens=[0,9223372036854775806,0,9223372036854775806] guide_pair=false/false hard=true/true kept_hard=true/true
[TRACE_SEEDMERGE] keeptrf_add=20 span=80275346-80285399 nodes=9 abund=1.000 complete=true novel_splice_rescue=false
[TRACE_SEEDMERGE] cand=21 span=80275346-80289386 nodes=9 abund=1.000 vs kept=3 span=80276728-80286948 nodes=6 abund=53.000 ret=0 site=S12_WALK_END_GAP lens=[0,9223372036854775806,0,9223372036854775806] guide_pair=false/false hard=true/false kept_hard=true/true
[TRACE_SEEDMERGE] cand=21 span=80275346-80289386 nodes=9 abund=1.000 vs kept=4 span=80275346-80286948 nodes=8 abund=25.000 ret=0 site=S12_WALK_END_GAP lens=[0,9223372036854775806,0,9223372036854775806] guide_pair=false/false hard=true/false kept_hard=true/true
[TRACE_SEEDMERGE] cand=21 span=80275346-80289386 nodes=9 abund=1.000 vs kept=7 span=80275346-80286948 nodes=7 abund=6.000 ret=0 site=S12_WALK_END_GAP lens=[0,9223372036854775806,0,9223372036854775806] guide_pair=false/false hard=true/false kept_hard=true/true
[TRACE_SEEDMERGE] cand=21 span=80275346-80289386 nodes=9 abund=1.000 vs kept=6 span=80276728-80286948 nodes=7 abund=7.000 ret=0 site=S12_WALK_END_GAP lens=[0,9223372036854775806,0,9223372036854775806] guide_pair=false/false hard=true/false kept_hard=true/true
[TRACE_SEEDMERGE] cand=21 span=80275346-80289386 nodes=9 abund=1.000 vs kept=9 span=80276728-80285085 nodes=5 abund=6.000 ret=0 site=S9_HARDEND_S lens=[0,9223372036854775806,0,9223372036854775806] guide_pair=false/false hard=true/false kept_hard=true/true
[TRACE_SEEDMERGE] cand=21 span=80275346-80289386 nodes=9 abund=1.000 vs kept=10 span=80275346-80286948 nodes=9 abund=5.000 ret=0 site=S12_WALK_END_GAP lens=[0,9223372036854775806,0,9223372036854775806] guide_pair=false/false hard=true/false kept_hard=true/true
[TRACE_SEEDMERGE] cand=21 span=80275346-80289386 nodes=9 abund=1.000 vs kept=11 span=80275346-80279058 nodes=2 abund=5.000 ret=0 site=S14_GAP_FILLED lens=[0,9223372036854775806,0,9223372036854775806] guide_pair=false/false hard=true/false kept_hard=true/true
[TRACE_SEEDMERGE] cand=21 span=80275346-80289386 nodes=9 abund=1.000 vs kept=12 span=80275346-80281929 nodes=5 abund=3.000 ret=0 site=S9_HARDEND_S lens=[0,9223372036854775806,0,9223372036854775806] guide_pair=false/false hard=true/false kept_hard=true/true
[TRACE_SEEDMERGE] cand=21 span=80275346-80289386 nodes=9 abund=1.000 vs kept=15 span=80275346-80286948 nodes=7 abund=2.000 ret=0 site=S12_WALK_END_GAP lens=[0,9223372036854775806,0,9223372036854775806] guide_pair=false/false hard=true/false kept_hard=true/true
[TRACE_SEEDMERGE] cand=21 span=80275346-80289386 nodes=9 abund=1.000 vs kept=16 span=80276728-80285399 nodes=7 abund=2.000 ret=1 site= lens=[2945,0,183,254] guide_pair=false/false hard=true/false kept_hard=true/true
[TRACE_SEEDMERGE]   decision=keep_both reason=ret1_gate
[TRACE_SEEDMERGE] cand=21 span=80275346-80289386 nodes=9 abund=1.000 vs kept=17 span=80276728-80285399 nodes=6 abund=2.000 ret=0 site=S12_WALK_END_GAP lens=[0,9223372036854775806,0,9223372036854775806] guide_pair=false/false hard=true/false kept_hard=true/true
[TRACE_SEEDMERGE] cand=21 span=80275346-80289386 nodes=9 abund=1.000 vs kept=19 span=80281670-80286948 nodes=4 abund=2.000 ret=0 site=S12_WALK_END_GAP lens=[0,9223372036854775806,0,9223372036854775806] guide_pair=false/false hard=true/false kept_hard=true/true
[TRACE_SEEDMERGE] cand=21 span=80275346-80289386 nodes=9 abund=1.000 vs kept=20 span=80275346-80285399 nodes=9 abund=1.000 ret=1 site= lens=[-2,0,183,256] guide_pair=false/false hard=true/false kept_hard=true/true
[TRACE_SEEDMERGE]   decision=keep_both reason=ret1_gate
[TRACE_SEEDMERGE] cand=22 span=80275063-80286948 nodes=8 abund=1.000 vs kept=3 span=80276728-80286948 nodes=6 abund=53.000 ret=0 site=S15_HARD_EDGE_BOTH lens=[0,9223372036854775806,0,9223372036854775806] guide_pair=false/false hard=true/true kept_hard=true/true
[TRACE_SEEDMERGE] cand=22 span=80275063-80286948 nodes=8 abund=1.000 vs kept=4 span=80275346-80286948 nodes=8 abund=25.000 ret=0 site=S15_HARD_EDGE_BOTH lens=[0,9223372036854775806,0,9223372036854775806] guide_pair=false/false hard=true/true kept_hard=true/true
[TRACE_SEEDMERGE] cand=22 span=80275063-80286948 nodes=8 abund=1.000 vs kept=7 span=80275346-80286948 nodes=7 abund=6.000 ret=3 site= lens=[283,0,-32,0] guide_pair=false/false hard=true/true kept_hard=true/true
[TRACE_SEEDMERGE]   decision=keep_both reason=ret3_edgedist left=283 right=-32
[TRACE_SEEDMERGE] cand=22 span=80275063-80286948 nodes=8 abund=1.000 vs kept=6 span=80276728-80286948 nodes=7 abund=7.000 ret=0 site=S15_HARD_EDGE_BOTH lens=[0,9223372036854775806,0,9223372036854775806] guide_pair=false/false hard=true/true kept_hard=true/true
[TRACE_SEEDMERGE] cand=22 span=80275063-80286948 nodes=8 abund=1.000 vs kept=9 span=80276728-80285085 nodes=5 abund=6.000 ret=0 site=S9_HARDEND_S lens=[0,9223372036854775806,0,9223372036854775806] guide_pair=false/false hard=true/true kept_hard=true/true
[TRACE_SEEDMERGE] cand=22 span=80275063-80286948 nodes=8 abund=1.000 vs kept=10 span=80275346-80286948 nodes=9 abund=5.000 ret=0 site=S15_HARD_EDGE_BOTH lens=[0,9223372036854775806,0,9223372036854775806] guide_pair=false/false hard=true/true kept_hard=true/true
[TRACE_SEEDMERGE] cand=22 span=80275063-80286948 nodes=8 abund=1.000 vs kept=11 span=80275346-80279058 nodes=2 abund=5.000 ret=0 site=S14_GAP_FILLED lens=[0,9223372036854775806,0,9223372036854775806] guide_pair=false/false hard=true/true kept_hard=true/true
[TRACE_SEEDMERGE] cand=22 span=80275063-80286948 nodes=8 abund=1.000 vs kept=12 span=80275346-80281929 nodes=5 abund=3.000 ret=0 site=S9_HARDEND_S lens=[0,9223372036854775806,0,9223372036854775806] guide_pair=false/false hard=true/true kept_hard=true/true
[TRACE_SEEDMERGE] cand=22 span=80275063-80286948 nodes=8 abund=1.000 vs kept=15 span=80275346-80286948 nodes=7 abund=2.000 ret=0 site=S14_GAP_FILLED lens=[0,9223372036854775806,0,9223372036854775806] guide_pair=false/false hard=true/true kept_hard=true/true
[TRACE_SEEDMERGE] cand=22 span=80275063-80286948 nodes=8 abund=1.000 vs kept=16 span=80276728-80285399 nodes=7 abund=2.000 ret=0 site=S15_HARD_EDGE_BOTH lens=[0,9223372036854775806,0,9223372036854775806] guide_pair=false/false hard=true/true kept_hard=true/true
[TRACE_SEEDMERGE] cand=22 span=80275063-80286948 nodes=8 abund=1.000 vs kept=17 span=80276728-80285399 nodes=6 abund=2.000 ret=0 site=S12_WALK_END_GAP lens=[0,9223372036854775806,0,9223372036854775806] guide_pair=false/false hard=true/true kept_hard=true/true
[TRACE_SEEDMERGE] cand=22 span=80275063-80286948 nodes=8 abund=1.000 vs kept=19 span=80281670-80286948 nodes=4 abund=2.000 ret=0 site=S15_HARD_EDGE_BOTH lens=[0,9223372036854775806,0,9223372036854775806] guide_pair=false/false hard=true/true kept_hard=true/true
[TRACE_SEEDMERGE] cand=22 span=80275063-80286948 nodes=8 abund=1.000 vs kept=20 span=80275346-80285399 nodes=9 abund=1.000 ret=0 site=S15_HARD_EDGE_BOTH lens=[0,9223372036854775806,0,9223372036854775806] guide_pair=false/false hard=true/true kept_hard=true/true
[TRACE_SEEDMERGE] keeptrf_add=22 span=80275063-80286948 nodes=8 abund=1.000 complete=true novel_splice_rescue=false
[TRACE_SEEDMERGE] cand=23 span=80276728-80286948 nodes=8 abund=1.000 vs kept=3 span=80276728-80286948 nodes=6 abund=53.000 ret=0 site=S15_HARD_EDGE_BOTH lens=[0,9223372036854775806,0,9223372036854775806] guide_pair=false/false hard=true/true kept_hard=true/true
[TRACE_SEEDMERGE] cand=23 span=80276728-80286948 nodes=8 abund=1.000 vs kept=4 span=80275346-80286948 nodes=8 abund=25.000 ret=0 site=S15_HARD_EDGE_BOTH lens=[0,9223372036854775806,0,9223372036854775806] guide_pair=false/false hard=true/true kept_hard=true/true
[TRACE_SEEDMERGE] cand=23 span=80276728-80286948 nodes=8 abund=1.000 vs kept=7 span=80275346-80286948 nodes=7 abund=6.000 ret=0 site=S15_HARD_EDGE_BOTH lens=[0,9223372036854775806,0,9223372036854775806] guide_pair=false/false hard=true/true kept_hard=true/true
[TRACE_SEEDMERGE] cand=23 span=80276728-80286948 nodes=8 abund=1.000 vs kept=6 span=80276728-80286948 nodes=7 abund=7.000 ret=0 site=S14_GAP_FILLED lens=[0,9223372036854775806,0,9223372036854775806] guide_pair=false/false hard=true/true kept_hard=true/true
[TRACE_SEEDMERGE] cand=23 span=80276728-80286948 nodes=8 abund=1.000 vs kept=9 span=80276728-80285085 nodes=5 abund=6.000 ret=0 site=S9_HARDEND_S lens=[0,9223372036854775806,0,9223372036854775806] guide_pair=false/false hard=true/true kept_hard=true/true
[TRACE_SEEDMERGE] cand=23 span=80276728-80286948 nodes=8 abund=1.000 vs kept=10 span=80275346-80286948 nodes=9 abund=5.000 ret=0 site=S14_GAP_FILLED lens=[0,9223372036854775806,0,9223372036854775806] guide_pair=false/false hard=true/true kept_hard=true/true
[TRACE_SEEDMERGE] cand=23 span=80276728-80286948 nodes=8 abund=1.000 vs kept=11 span=80275346-80279058 nodes=2 abund=5.000 ret=0 site=S8_RETE_CONTRADICT lens=[0,9223372036854775806,0,9223372036854775806] guide_pair=false/false hard=true/true kept_hard=true/true
[TRACE_SEEDMERGE] cand=23 span=80276728-80286948 nodes=8 abund=1.000 vs kept=12 span=80275346-80281929 nodes=5 abund=3.000 ret=0 site=S9_HARDEND_S lens=[0,9223372036854775806,0,9223372036854775806] guide_pair=false/false hard=true/true kept_hard=true/true
[TRACE_SEEDMERGE] cand=23 span=80276728-80286948 nodes=8 abund=1.000 vs kept=15 span=80275346-80286948 nodes=7 abund=2.000 ret=0 site=S15_HARD_EDGE_BOTH lens=[0,9223372036854775806,0,9223372036854775806] guide_pair=false/false hard=true/true kept_hard=true/true
[TRACE_SEEDMERGE] cand=23 span=80276728-80286948 nodes=8 abund=1.000 vs kept=16 span=80276728-80285399 nodes=7 abund=2.000 ret=0 site=S15_HARD_EDGE_BOTH lens=[0,9223372036854775806,0,9223372036854775806] guide_pair=false/false hard=true/true kept_hard=true/true
[TRACE_SEEDMERGE] cand=23 span=80276728-80286948 nodes=8 abund=1.000 vs kept=17 span=80276728-80285399 nodes=6 abund=2.000 ret=0 site=S12_WALK_END_GAP lens=[0,9223372036854775806,0,9223372036854775806] guide_pair=false/false hard=true/true kept_hard=true/true
[TRACE_SEEDMERGE] cand=23 span=80276728-80286948 nodes=8 abund=1.000 vs kept=19 span=80281670-80286948 nodes=4 abund=2.000 ret=0 site=S14_GAP_FILLED lens=[0,9223372036854775806,0,9223372036854775806] guide_pair=false/false hard=true/true kept_hard=true/true
[TRACE_SEEDMERGE] cand=23 span=80276728-80286948 nodes=8 abund=1.000 vs kept=20 span=80275346-80285399 nodes=9 abund=1.000 ret=0 site=S15_HARD_EDGE_BOTH lens=[0,9223372036854775806,0,9223372036854775806] guide_pair=false/false hard=true/true kept_hard=true/true
[TRACE_SEEDMERGE] cand=23 span=80276728-80286948 nodes=8 abund=1.000 vs kept=22 span=80275063-80286948 nodes=8 abund=1.000 ret=0 site=S15_HARD_EDGE_BOTH lens=[0,9223372036854775806,0,9223372036854775806] guide_pair=false/false hard=true/true kept_hard=true/true
[TRACE_SEEDMERGE] keeptrf_add=23 span=80276728-80286948 nodes=8 abund=1.000 complete=true novel_splice_rescue=false
[TRACE_SEEDMERGE] cand=24 span=80276728-80289386 nodes=8 abund=1.000 vs kept=3 span=80276728-80286948 nodes=6 abund=53.000 ret=0 site=S12_WALK_END_GAP lens=[0,9223372036854775806,0,9223372036854775806] guide_pair=false/false hard=true/false kept_hard=true/true
[TRACE_SEEDMERGE] cand=24 span=80276728-80289386 nodes=8 abund=1.000 vs kept=4 span=80275346-80286948 nodes=8 abund=25.000 ret=0 site=S12_WALK_END_GAP lens=[0,9223372036854775806,0,9223372036854775806] guide_pair=false/false hard=true/false kept_hard=true/true
[TRACE_SEEDMERGE] cand=24 span=80276728-80289386 nodes=8 abund=1.000 vs kept=7 span=80275346-80286948 nodes=7 abund=6.000 ret=0 site=S12_WALK_END_GAP lens=[0,9223372036854775806,0,9223372036854775806] guide_pair=false/false hard=true/false kept_hard=true/true
[TRACE_SEEDMERGE] cand=24 span=80276728-80289386 nodes=8 abund=1.000 vs kept=6 span=80276728-80286948 nodes=7 abund=7.000 ret=0 site=S12_WALK_END_GAP lens=[0,9223372036854775806,0,9223372036854775806] guide_pair=false/false hard=true/false kept_hard=true/true
[TRACE_SEEDMERGE] cand=24 span=80276728-80289386 nodes=8 abund=1.000 vs kept=9 span=80276728-80285085 nodes=5 abund=6.000 ret=0 site=S9_HARDEND_S lens=[0,9223372036854775806,0,9223372036854775806] guide_pair=false/false hard=true/false kept_hard=true/true
[TRACE_SEEDMERGE] cand=24 span=80276728-80289386 nodes=8 abund=1.000 vs kept=10 span=80275346-80286948 nodes=9 abund=5.000 ret=0 site=S12_WALK_END_GAP lens=[0,9223372036854775806,0,9223372036854775806] guide_pair=false/false hard=true/false kept_hard=true/true
[TRACE_SEEDMERGE] cand=24 span=80276728-80289386 nodes=8 abund=1.000 vs kept=11 span=80275346-80279058 nodes=2 abund=5.000 ret=0 site=S8_RETE_CONTRADICT lens=[0,9223372036854775806,0,9223372036854775806] guide_pair=false/false hard=true/false kept_hard=true/true
[TRACE_SEEDMERGE] cand=24 span=80276728-80289386 nodes=8 abund=1.000 vs kept=12 span=80275346-80281929 nodes=5 abund=3.000 ret=0 site=S9_HARDEND_S lens=[0,9223372036854775806,0,9223372036854775806] guide_pair=false/false hard=true/false kept_hard=true/true
[TRACE_SEEDMERGE] cand=24 span=80276728-80289386 nodes=8 abund=1.000 vs kept=15 span=80275346-80286948 nodes=7 abund=2.000 ret=0 site=S8_RETE_CONTRADICT lens=[0,9223372036854775806,0,9223372036854775806] guide_pair=false/false hard=true/false kept_hard=true/true
[TRACE_SEEDMERGE] cand=24 span=80276728-80289386 nodes=8 abund=1.000 vs kept=16 span=80276728-80285399 nodes=7 abund=2.000 ret=0 site=S15_HARD_EDGE_BOTH lens=[0,9223372036854775806,0,9223372036854775806] guide_pair=false/false hard=true/false kept_hard=true/true
[TRACE_SEEDMERGE] cand=24 span=80276728-80289386 nodes=8 abund=1.000 vs kept=17 span=80276728-80285399 nodes=6 abund=2.000 ret=0 site=S12_WALK_END_GAP lens=[0,9223372036854775806,0,9223372036854775806] guide_pair=false/false hard=true/false kept_hard=true/true
[TRACE_SEEDMERGE] cand=24 span=80276728-80289386 nodes=8 abund=1.000 vs kept=19 span=80281670-80286948 nodes=4 abund=2.000 ret=0 site=S12_WALK_END_GAP lens=[0,9223372036854775806,0,9223372036854775806] guide_pair=false/false hard=true/false kept_hard=true/true
[TRACE_SEEDMERGE] cand=24 span=80276728-80289386 nodes=8 abund=1.000 vs kept=20 span=80275346-80285399 nodes=9 abund=1.000 ret=0 site=S15_HARD_EDGE_BOTH lens=[0,9223372036854775806,0,9223372036854775806] guide_pair=false/false hard=true/false kept_hard=true/true
[TRACE_SEEDMERGE] cand=24 span=80276728-80289386 nodes=8 abund=1.000 vs kept=22 span=80275063-80286948 nodes=8 abund=1.000 ret=0 site=S12_WALK_END_GAP lens=[0,9223372036854775806,0,9223372036854775806] guide_pair=false/false hard=true/false kept_hard=true/true
[TRACE_SEEDMERGE] cand=24 span=80276728-80289386 nodes=8 abund=1.000 vs kept=23 span=80276728-80286948 nodes=8 abund=1.000 ret=0 site=S12_WALK_END_GAP lens=[0,9223372036854775806,0,9223372036854775806] guide_pair=false/false hard=true/false kept_hard=true/true
[TRACE_SEEDMERGE] cand=25 span=80275346-80288416 nodes=7 abund=1.000 vs kept=3 span=80276728-80286948 nodes=6 abund=53.000 ret=0 site=S12_WALK_END_GAP lens=[0,9223372036854775806,0,9223372036854775806] guide_pair=false/false hard=true/false kept_hard=true/true
[TRACE_SEEDMERGE] cand=25 span=80275346-80288416 nodes=7 abund=1.000 vs kept=4 span=80275346-80286948 nodes=8 abund=25.000 ret=0 site=S12_WALK_END_GAP lens=[0,9223372036854775806,0,9223372036854775806] guide_pair=false/false hard=true/false kept_hard=true/true
[TRACE_SEEDMERGE] cand=25 span=80275346-80288416 nodes=7 abund=1.000 vs kept=7 span=80275346-80286948 nodes=7 abund=6.000 ret=0 site=S12_WALK_END_GAP lens=[0,9223372036854775806,0,9223372036854775806] guide_pair=false/false hard=true/false kept_hard=true/true
[TRACE_SEEDMERGE] cand=25 span=80275346-80288416 nodes=7 abund=1.000 vs kept=6 span=80276728-80286948 nodes=7 abund=7.000 ret=0 site=S12_WALK_END_GAP lens=[0,9223372036854775806,0,9223372036854775806] guide_pair=false/false hard=true/false kept_hard=true/true
[TRACE_SEEDMERGE] cand=25 span=80275346-80288416 nodes=7 abund=1.000 vs kept=9 span=80276728-80285085 nodes=5 abund=6.000 ret=0 site=S9_HARDEND_S lens=[0,9223372036854775806,0,9223372036854775806] guide_pair=false/false hard=true/false kept_hard=true/true
[TRACE_SEEDMERGE] cand=25 span=80275346-80288416 nodes=7 abund=1.000 vs kept=10 span=80275346-80286948 nodes=9 abund=5.000 ret=0 site=S12_WALK_END_GAP lens=[0,9223372036854775806,0,9223372036854775806] guide_pair=false/false hard=true/false kept_hard=true/true
[TRACE_SEEDMERGE] cand=25 span=80275346-80288416 nodes=7 abund=1.000 vs kept=11 span=80275346-80279058 nodes=2 abund=5.000 ret=1 site= lens=[-231,0,1655,0] guide_pair=false/false hard=true/false kept_hard=true/true
[TRACE_SEEDMERGE]   decision=keep_both reason=ret1_gate
[TRACE_SEEDMERGE] cand=25 span=80275346-80288416 nodes=7 abund=1.000 vs kept=12 span=80275346-80281929 nodes=5 abund=3.000 ret=0 site=S9_HARDEND_S lens=[0,9223372036854775806,0,9223372036854775806] guide_pair=false/false hard=true/false kept_hard=true/true
[TRACE_SEEDMERGE] cand=25 span=80275346-80288416 nodes=7 abund=1.000 vs kept=15 span=80275346-80286948 nodes=7 abund=2.000 ret=0 site=S12_WALK_END_GAP lens=[0,9223372036854775806,0,9223372036854775806] guide_pair=false/false hard=true/false kept_hard=true/true
[TRACE_SEEDMERGE] cand=25 span=80275346-80288416 nodes=7 abund=1.000 vs kept=16 span=80276728-80285399 nodes=7 abund=2.000 ret=1 site= lens=[2074,0,66,254] guide_pair=false/false hard=true/false kept_hard=true/true
[TRACE_SEEDMERGE]   decision=keep_both reason=ret1_gate
[TRACE_SEEDMERGE] cand=25 span=80275346-80288416 nodes=7 abund=1.000 vs kept=17 span=80276728-80285399 nodes=6 abund=2.000 ret=0 site=S12_WALK_END_GAP lens=[0,9223372036854775806,0,9223372036854775806] guide_pair=false/false hard=true/false kept_hard=true/true
[TRACE_SEEDMERGE] cand=25 span=80275346-80288416 nodes=7 abund=1.000 vs kept=19 span=80281670-80286948 nodes=4 abund=2.000 ret=0 site=S12_WALK_END_GAP lens=[0,9223372036854775806,0,9223372036854775806] guide_pair=false/false hard=true/false kept_hard=true/true
[TRACE_SEEDMERGE] cand=25 span=80275346-80288416 nodes=7 abund=1.000 vs kept=20 span=80275346-80285399 nodes=9 abund=1.000 ret=0 site=S14_GAP_FILLED lens=[0,9223372036854775806,0,9223372036854775806] guide_pair=false/false hard=true/false kept_hard=true/true
[TRACE_SEEDMERGE] cand=25 span=80275346-80288416 nodes=7 abund=1.000 vs kept=22 span=80275063-80286948 nodes=8 abund=1.000 ret=0 site=S12_WALK_END_GAP lens=[0,9223372036854775806,0,9223372036854775806] guide_pair=false/false hard=true/false kept_hard=true/true
[TRACE_SEEDMERGE] cand=25 span=80275346-80288416 nodes=7 abund=1.000 vs kept=23 span=80276728-80286948 nodes=8 abund=1.000 ret=0 site=S12_WALK_END_GAP lens=[0,9223372036854775806,0,9223372036854775806] guide_pair=false/false hard=true/false kept_hard=true/true
[TRACE_SEEDMERGE] cand=26 span=80276728-80289386 nodes=7 abund=1.000 vs kept=3 span=80276728-80286948 nodes=6 abund=53.000 ret=0 site=S12_WALK_END_GAP lens=[0,9223372036854775806,0,9223372036854775806] guide_pair=false/false hard=true/false kept_hard=true/true
[TRACE_SEEDMERGE] cand=26 span=80276728-80289386 nodes=7 abund=1.000 vs kept=4 span=80275346-80286948 nodes=8 abund=25.000 ret=0 site=S12_WALK_END_GAP lens=[0,9223372036854775806,0,9223372036854775806] guide_pair=false/false hard=true/false kept_hard=true/true
[TRACE_SEEDMERGE] cand=26 span=80276728-80289386 nodes=7 abund=1.000 vs kept=7 span=80275346-80286948 nodes=7 abund=6.000 ret=0 site=S12_WALK_END_GAP lens=[0,9223372036854775806,0,9223372036854775806] guide_pair=false/false hard=true/false kept_hard=true/true
[TRACE_SEEDMERGE] cand=26 span=80276728-80289386 nodes=7 abund=1.000 vs kept=6 span=80276728-80286948 nodes=7 abund=7.000 ret=0 site=S12_WALK_END_GAP lens=[0,9223372036854775806,0,9223372036854775806] guide_pair=false/false hard=true/false kept_hard=true/true
[TRACE_SEEDMERGE] cand=26 span=80276728-80289386 nodes=7 abund=1.000 vs kept=9 span=80276728-80285085 nodes=5 abund=6.000 ret=0 site=S9_HARDEND_S lens=[0,9223372036854775806,0,9223372036854775806] guide_pair=false/false hard=true/false kept_hard=true/true
[TRACE_SEEDMERGE] cand=26 span=80276728-80289386 nodes=7 abund=1.000 vs kept=10 span=80275346-80286948 nodes=9 abund=5.000 ret=0 site=S12_WALK_END_GAP lens=[0,9223372036854775806,0,9223372036854775806] guide_pair=false/false hard=true/false kept_hard=true/true
[TRACE_SEEDMERGE] cand=26 span=80276728-80289386 nodes=7 abund=1.000 vs kept=11 span=80275346-80279058 nodes=2 abund=5.000 ret=0 site=S8_RETE_CONTRADICT lens=[0,9223372036854775806,0,9223372036854775806] guide_pair=false/false hard=true/false kept_hard=true/true
[TRACE_SEEDMERGE] cand=26 span=80276728-80289386 nodes=7 abund=1.000 vs kept=12 span=80275346-80281929 nodes=5 abund=3.000 ret=0 site=S9_HARDEND_S lens=[0,9223372036854775806,0,9223372036854775806] guide_pair=false/false hard=true/false kept_hard=true/true
[TRACE_SEEDMERGE] cand=26 span=80276728-80289386 nodes=7 abund=1.000 vs kept=15 span=80275346-80286948 nodes=7 abund=2.000 ret=0 site=S8_RETE_CONTRADICT lens=[0,9223372036854775806,0,9223372036854775806] guide_pair=false/false hard=true/false kept_hard=true/true
[TRACE_SEEDMERGE] cand=26 span=80276728-80289386 nodes=7 abund=1.000 vs kept=16 span=80276728-80285399 nodes=7 abund=2.000 ret=1 site= lens=[-373,0,183,254] guide_pair=false/false hard=true/false kept_hard=true/true
[TRACE_SEEDMERGE]   decision=keep_both reason=ret1_gate
[TRACE_SEEDMERGE] cand=26 span=80276728-80289386 nodes=7 abund=1.000 vs kept=17 span=80276728-80285399 nodes=6 abund=2.000 ret=0 site=S12_WALK_END_GAP lens=[0,9223372036854775806,0,9223372036854775806] guide_pair=false/false hard=true/false kept_hard=true/true
[TRACE_SEEDMERGE] cand=26 span=80276728-80289386 nodes=7 abund=1.000 vs kept=19 span=80281670-80286948 nodes=4 abund=2.000 ret=0 site=S12_WALK_END_GAP lens=[0,9223372036854775806,0,9223372036854775806] guide_pair=false/false hard=true/false kept_hard=true/true
[TRACE_SEEDMERGE] cand=26 span=80276728-80289386 nodes=7 abund=1.000 vs kept=20 span=80275346-80285399 nodes=9 abund=1.000 ret=1 site= lens=[-3320,0,183,256] guide_pair=false/false hard=true/false kept_hard=true/true
[TRACE_SEEDMERGE]   decision=keep_both reason=ret1_gate
[TRACE_SEEDMERGE] cand=26 span=80276728-80289386 nodes=7 abund=1.000 vs kept=22 span=80275063-80286948 nodes=8 abund=1.000 ret=0 site=S12_WALK_END_GAP lens=[0,9223372036854775806,0,9223372036854775806] guide_pair=false/false hard=true/false kept_hard=true/true
[TRACE_SEEDMERGE] cand=26 span=80276728-80289386 nodes=7 abund=1.000 vs kept=23 span=80276728-80286948 nodes=8 abund=1.000 ret=0 site=S12_WALK_END_GAP lens=[0,9223372036854775806,0,9223372036854775806] guide_pair=false/false hard=true/false kept_hard=true/true
[TRACE_SEEDMERGE] cand=27 span=80279472-80286948 nodes=7 abund=1.000 vs kept=3 span=80276728-80286948 nodes=6 abund=53.000 ret=2 site= lens=[-2062,2198,-1291,0] guide_pair=false/false hard=true/true kept_hard=true/true
[TRACE_SEEDMERGE]   decision=keep_both reason=ret2_gate
[TRACE_SEEDMERGE] cand=27 span=80279472-80286948 nodes=7 abund=1.000 vs kept=4 span=80275346-80286948 nodes=8 abund=25.000 ret=2 site= lens=[-3811,2198,-88,0] guide_pair=false/false hard=true/true kept_hard=true/true
[TRACE_SEEDMERGE]   decision=keep_both reason=ret2_gate
[TRACE_SEEDMERGE] cand=27 span=80279472-80286948 nodes=7 abund=1.000 vs kept=7 span=80275346-80286948 nodes=7 abund=6.000 ret=0 site=S15_HARD_EDGE_BOTH lens=[0,9223372036854775806,0,9223372036854775806] guide_pair=false/false hard=true/true kept_hard=true/true
[TRACE_SEEDMERGE] cand=27 span=80279472-80286948 nodes=7 abund=1.000 vs kept=6 span=80276728-80286948 nodes=7 abund=7.000 ret=0 site=S14_GAP_FILLED lens=[0,9223372036854775806,0,9223372036854775806] guide_pair=false/false hard=true/true kept_hard=true/true
[TRACE_SEEDMERGE] cand=27 span=80279472-80286948 nodes=7 abund=1.000 vs kept=9 span=80276728-80285085 nodes=5 abund=6.000 ret=0 site=S8_RETE_CONTRADICT lens=[0,9223372036854775806,0,9223372036854775806] guide_pair=false/false hard=true/true kept_hard=true/true
[TRACE_SEEDMERGE] cand=27 span=80279472-80286948 nodes=7 abund=1.000 vs kept=10 span=80275346-80286948 nodes=9 abund=5.000 ret=0 site=S14_GAP_FILLED lens=[0,9223372036854775806,0,9223372036854775806] guide_pair=false/false hard=true/true kept_hard=true/true
[TRACE_SEEDMERGE] cand=27 span=80279472-80286948 nodes=7 abund=1.000 vs kept=11 span=80275346-80279058 nodes=2 abund=5.000 ret=0 site=S3_NO_OVERLAP lens=[0,9223372036854775806,0,9223372036854775806] guide_pair=false/false hard=true/true kept_hard=true/true
[TRACE_SEEDMERGE] cand=27 span=80279472-80286948 nodes=7 abund=1.000 vs kept=12 span=80275346-80281929 nodes=5 abund=3.000 ret=0 site=S8_RETE_CONTRADICT lens=[0,9223372036854775806,0,9223372036854775806] guide_pair=false/false hard=true/true kept_hard=true/true
[TRACE_SEEDMERGE] cand=27 span=80279472-80286948 nodes=7 abund=1.000 vs kept=15 span=80275346-80286948 nodes=7 abund=2.000 ret=2 site= lens=[-3165,2198,-25,0] guide_pair=false/false hard=true/true kept_hard=true/true
[TRACE_SEEDMERGE]   decision=keep_both reason=ret2_gate
[TRACE_SEEDMERGE] cand=27 span=80279472-80286948 nodes=7 abund=1.000 vs kept=16 span=80276728-80285399 nodes=7 abund=2.000 ret=0 site=S8_RETE_CONTRADICT lens=[0,9223372036854775806,0,9223372036854775806] guide_pair=false/false hard=true/true kept_hard=true/true
[TRACE_SEEDMERGE] cand=27 span=80279472-80286948 nodes=7 abund=1.000 vs kept=17 span=80276728-80285399 nodes=6 abund=2.000 ret=0 site=S8_RETE_CONTRADICT lens=[0,9223372036854775806,0,9223372036854775806] guide_pair=false/false hard=true/true kept_hard=true/true
[TRACE_SEEDMERGE] cand=27 span=80279472-80286948 nodes=7 abund=1.000 vs kept=19 span=80281670-80286948 nodes=4 abund=2.000 ret=3 site= lens=[2285,0,-25,0] guide_pair=false/false hard=true/true kept_hard=true/true
[TRACE_SEEDMERGE]   decision=keep_both reason=ret3_edgedist left=2285 right=-25
[TRACE_SEEDMERGE] cand=27 span=80279472-80286948 nodes=7 abund=1.000 vs kept=20 span=80275346-80285399 nodes=9 abund=1.000 ret=0 site=S8_RETE_CONTRADICT lens=[0,9223372036854775806,0,9223372036854775806] guide_pair=false/false hard=true/true kept_hard=true/true
[TRACE_SEEDMERGE] cand=27 span=80279472-80286948 nodes=7 abund=1.000 vs kept=22 span=80275063-80286948 nodes=8 abund=1.000 ret=0 site=S15_HARD_EDGE_BOTH lens=[0,9223372036854775806,0,9223372036854775806] guide_pair=false/false hard=true/true kept_hard=true/true
[TRACE_SEEDMERGE] cand=27 span=80279472-80286948 nodes=7 abund=1.000 vs kept=23 span=80276728-80286948 nodes=8 abund=1.000 ret=0 site=S14_GAP_FILLED lens=[0,9223372036854775806,0,9223372036854775806] guide_pair=false/false hard=true/true kept_hard=true/true
[TRACE_SEEDMERGE] keeptrf_add=27 span=80279472-80286948 nodes=7 abund=1.000 complete=true novel_splice_rescue=false
[TRACE_SEEDMERGE] cand=28 span=80275346-80285085 nodes=5 abund=1.000 vs kept=3 span=80276728-80286948 nodes=6 abund=53.000 ret=0 site=S8_RETE_CONTRADICT lens=[0,9223372036854775806,0,9223372036854775806] guide_pair=false/false hard=true/true kept_hard=true/true
[TRACE_SEEDMERGE] cand=28 span=80275346-80285085 nodes=5 abund=1.000 vs kept=4 span=80275346-80286948 nodes=8 abund=25.000 ret=0 site=S9_HARDEND_S lens=[0,9223372036854775806,0,9223372036854775806] guide_pair=false/false hard=true/true kept_hard=true/true
[TRACE_SEEDMERGE] cand=28 span=80275346-80285085 nodes=5 abund=1.000 vs kept=7 span=80275346-80286948 nodes=7 abund=6.000 ret=0 site=S9_HARDEND_S lens=[0,9223372036854775806,0,9223372036854775806] guide_pair=false/false hard=true/true kept_hard=true/true
[TRACE_SEEDMERGE] cand=28 span=80275346-80285085 nodes=5 abund=1.000 vs kept=6 span=80276728-80286948 nodes=7 abund=7.000 ret=0 site=S8_RETE_CONTRADICT lens=[0,9223372036854775806,0,9223372036854775806] guide_pair=false/false hard=true/true kept_hard=true/true
[TRACE_SEEDMERGE] cand=28 span=80275346-80285085 nodes=5 abund=1.000 vs kept=9 span=80276728-80285085 nodes=5 abund=6.000 ret=0 site=S15_HARD_EDGE_BOTH lens=[0,9223372036854775806,0,9223372036854775806] guide_pair=false/false hard=true/true kept_hard=true/true
[TRACE_SEEDMERGE] cand=28 span=80275346-80285085 nodes=5 abund=1.000 vs kept=10 span=80275346-80286948 nodes=9 abund=5.000 ret=0 site=S9_HARDEND_S lens=[0,9223372036854775806,0,9223372036854775806] guide_pair=false/false hard=true/true kept_hard=true/true
[TRACE_SEEDMERGE] cand=28 span=80275346-80285085 nodes=5 abund=1.000 vs kept=11 span=80275346-80279058 nodes=2 abund=5.000 ret=1 site= lens=[-2,0,1238,0] guide_pair=false/false hard=true/true kept_hard=true/true
[TRACE_SEEDMERGE]   decision=keep_both reason=ret1_gate
[TRACE_SEEDMERGE] cand=28 span=80275346-80285085 nodes=5 abund=1.000 vs kept=12 span=80275346-80281929 nodes=5 abund=3.000 ret=0 site=S2_HARDEND_BOTH lens=[0,9223372036854775806,0,9223372036854775806] guide_pair=false/false hard=true/true kept_hard=true/true
[TRACE_SEEDMERGE] cand=28 span=80275346-80285085 nodes=5 abund=1.000 vs kept=15 span=80275346-80286948 nodes=7 abund=2.000 ret=0 site=S9_HARDEND_S lens=[0,9223372036854775806,0,9223372036854775806] guide_pair=false/false hard=true/true kept_hard=true/true
[TRACE_SEEDMERGE] cand=28 span=80275346-80285085 nodes=5 abund=1.000 vs kept=16 span=80276728-80285399 nodes=7 abund=2.000 ret=0 site=S15_HARD_EDGE_BOTH lens=[0,9223372036854775806,0,9223372036854775806] guide_pair=false/false hard=true/true kept_hard=true/true
[TRACE_SEEDMERGE] cand=28 span=80275346-80285085 nodes=5 abund=1.000 vs kept=17 span=80276728-80285399 nodes=6 abund=2.000 ret=0 site=S8_RETE_CONTRADICT lens=[0,9223372036854775806,0,9223372036854775806] guide_pair=false/false hard=true/true kept_hard=true/true
[TRACE_SEEDMERGE] cand=28 span=80275346-80285085 nodes=5 abund=1.000 vs kept=19 span=80281670-80286948 nodes=4 abund=2.000 ret=0 site=S8_RETE_CONTRADICT lens=[0,9223372036854775806,0,9223372036854775806] guide_pair=false/false hard=true/true kept_hard=true/true
[TRACE_SEEDMERGE] cand=28 span=80275346-80285085 nodes=5 abund=1.000 vs kept=20 span=80275346-80285399 nodes=9 abund=1.000 ret=0 site=S14_GAP_FILLED lens=[0,9223372036854775806,0,9223372036854775806] guide_pair=false/false hard=true/true kept_hard=true/true
[TRACE_SEEDMERGE] cand=28 span=80275346-80285085 nodes=5 abund=1.000 vs kept=22 span=80275063-80286948 nodes=8 abund=1.000 ret=0 site=S9_HARDEND_S lens=[0,9223372036854775806,0,9223372036854775806] guide_pair=false/false hard=true/true kept_hard=true/true
[TRACE_SEEDMERGE] cand=28 span=80275346-80285085 nodes=5 abund=1.000 vs kept=23 span=80276728-80286948 nodes=8 abund=1.000 ret=0 site=S8_RETE_CONTRADICT lens=[0,9223372036854775806,0,9223372036854775806] guide_pair=false/false hard=true/true kept_hard=true/true
[TRACE_SEEDMERGE] cand=28 span=80275346-80285085 nodes=5 abund=1.000 vs kept=27 span=80279472-80286948 nodes=7 abund=1.000 ret=0 site=S8_RETE_CONTRADICT lens=[0,9223372036854775806,0,9223372036854775806] guide_pair=false/false hard=true/true kept_hard=true/true
[TRACE_SEEDMERGE] keeptrf_add=28 span=80275346-80285085 nodes=5 abund=1.000 complete=true novel_splice_rescue=false
[TRACE_SEEDMERGE] cand=29 span=80279367-80285085 nodes=4 abund=1.000 vs kept=3 span=80276728-80286948 nodes=6 abund=53.000 ret=0 site=S9_HARDEND_S lens=[0,9223372036854775806,0,9223372036854775806] guide_pair=false/false hard=false/true kept_hard=true/true
[TRACE_SEEDMERGE] cand=29 span=80279367-80285085 nodes=4 abund=1.000 vs kept=4 span=80275346-80286948 nodes=8 abund=25.000 ret=0 site=S9_HARDEND_S lens=[0,9223372036854775806,0,9223372036854775806] guide_pair=false/false hard=false/true kept_hard=true/true
[TRACE_SEEDMERGE] cand=29 span=80279367-80285085 nodes=4 abund=1.000 vs kept=7 span=80275346-80286948 nodes=7 abund=6.000 ret=0 site=S9_HARDEND_S lens=[0,9223372036854775806,0,9223372036854775806] guide_pair=false/false hard=false/true kept_hard=true/true
[TRACE_SEEDMERGE] cand=29 span=80279367-80285085 nodes=4 abund=1.000 vs kept=6 span=80276728-80286948 nodes=7 abund=7.000 ret=0 site=S9_HARDEND_S lens=[0,9223372036854775806,0,9223372036854775806] guide_pair=false/false hard=false/true kept_hard=true/true
[TRACE_SEEDMERGE] cand=29 span=80279367-80285085 nodes=4 abund=1.000 vs kept=9 span=80276728-80285085 nodes=5 abund=6.000 ret=2 site= lens=[-765,0,5,0] guide_pair=false/false hard=false/true kept_hard=true/true
[TRACE_SEEDMERGE]   decision=keep_both reason=ret2_gate
[TRACE_SEEDMERGE] cand=29 span=80279367-80285085 nodes=4 abund=1.000 vs kept=10 span=80275346-80286948 nodes=9 abund=5.000 ret=0 site=S9_HARDEND_S lens=[0,9223372036854775806,0,9223372036854775806] guide_pair=false/false hard=false/true kept_hard=true/true
[TRACE_SEEDMERGE] cand=29 span=80279367-80285085 nodes=4 abund=1.000 vs kept=11 span=80275346-80279058 nodes=2 abund=5.000 ret=0 site=S3_NO_OVERLAP lens=[0,9223372036854775806,0,9223372036854775806] guide_pair=false/false hard=false/true kept_hard=true/true
[TRACE_SEEDMERGE] cand=29 span=80279367-80285085 nodes=4 abund=1.000 vs kept=12 span=80275346-80281929 nodes=5 abund=3.000 ret=0 site=S2_HARDEND_BOTH lens=[0,9223372036854775806,0,9223372036854775806] guide_pair=false/false hard=false/true kept_hard=true/true
[TRACE_SEEDMERGE] cand=29 span=80279367-80285085 nodes=4 abund=1.000 vs kept=15 span=80275346-80286948 nodes=7 abund=2.000 ret=0 site=S9_HARDEND_S lens=[0,9223372036854775806,0,9223372036854775806] guide_pair=false/false hard=false/true kept_hard=true/true
[TRACE_SEEDMERGE] cand=29 span=80279367-80285085 nodes=4 abund=1.000 vs kept=16 span=80276728-80285399 nodes=7 abund=2.000 ret=2 site= lens=[-765,0,-254,0] guide_pair=false/false hard=false/true kept_hard=true/true
[TRACE_SEEDMERGE]   decision=keep_both reason=ret2_gate
[TRACE_SEEDMERGE] cand=29 span=80279367-80285085 nodes=4 abund=1.000 vs kept=17 span=80276728-80285399 nodes=6 abund=2.000 ret=0 site=S9_HARDEND_S lens=[0,9223372036854775806,0,9223372036854775806] guide_pair=false/false hard=false/true kept_hard=true/true
[TRACE_SEEDMERGE] cand=29 span=80279367-80285085 nodes=4 abund=1.000 vs kept=19 span=80281670-80286948 nodes=4 abund=2.000 ret=0 site=S8_RETE_CONTRADICT lens=[0,9223372036854775806,0,9223372036854775806] guide_pair=false/false hard=false/true kept_hard=true/true
[TRACE_SEEDMERGE] cand=29 span=80279367-80285085 nodes=4 abund=1.000 vs kept=20 span=80275346-80285399 nodes=9 abund=1.000 ret=2 site= lens=[-3712,0,-256,0] guide_pair=false/false hard=false/true kept_hard=true/true
[TRACE_SEEDMERGE]   decision=keep_both reason=ret2_gate
[TRACE_SEEDMERGE] cand=29 span=80279367-80285085 nodes=4 abund=1.000 vs kept=22 span=80275063-80286948 nodes=8 abund=1.000 ret=0 site=S9_HARDEND_S lens=[0,9223372036854775806,0,9223372036854775806] guide_pair=false/false hard=false/true kept_hard=true/true
[TRACE_SEEDMERGE] cand=29 span=80279367-80285085 nodes=4 abund=1.000 vs kept=23 span=80276728-80286948 nodes=8 abund=1.000 ret=0 site=S9_HARDEND_S lens=[0,9223372036854775806,0,9223372036854775806] guide_pair=false/false hard=false/true kept_hard=true/true
[TRACE_SEEDMERGE] cand=29 span=80279367-80285085 nodes=4 abund=1.000 vs kept=27 span=80279472-80286948 nodes=7 abund=1.000 ret=0 site=S8_RETE_CONTRADICT lens=[0,9223372036854775806,0,9223372036854775806] guide_pair=false/false hard=false/true kept_hard=true/true
[TRACE_SEEDMERGE] cand=29 span=80279367-80285085 nodes=4 abund=1.000 vs kept=28 span=80275346-80285085 nodes=5 abund=1.000 ret=0 site=S15_HARD_EDGE_BOTH lens=[0,9223372036854775806,0,9223372036854775806] guide_pair=false/false hard=false/true kept_hard=true/true
[TRACE_SEEDMERGE] cand=30 span=80275346-80279466 nodes=4 abund=1.000 vs kept=3 span=80276728-80286948 nodes=6 abund=53.000 ret=2 site= lens=[1516,0,-2065,0] guide_pair=false/false hard=true/true kept_hard=true/true
[TRACE_SEEDMERGE]   decision=keep_both reason=ret2_gate
[TRACE_SEEDMERGE] cand=30 span=80275346-80279466 nodes=4 abund=1.000 vs kept=4 span=80275346-80286948 nodes=8 abund=25.000 ret=2 site= lens=[-233,0,-862,0] guide_pair=false/false hard=true/true kept_hard=true/true
[TRACE_SEEDMERGE]   decision=keep_both reason=ret2_gate
[TRACE_SEEDMERGE] cand=30 span=80275346-80279466 nodes=4 abund=1.000 vs kept=7 span=80275346-80286948 nodes=7 abund=6.000 ret=2 site= lens=[-233,0,-673,0] guide_pair=false/false hard=true/true kept_hard=true/true
[TRACE_SEEDMERGE]   decision=keep_both reason=ret2_gate
[TRACE_SEEDMERGE] cand=30 span=80275346-80279466 nodes=4 abund=1.000 vs kept=6 span=80276728-80286948 nodes=7 abund=7.000 ret=2 site= lens=[3080,0,-985,0] guide_pair=false/false hard=true/true kept_hard=true/true
[TRACE_SEEDMERGE]   decision=keep_both reason=ret2_gate
[TRACE_SEEDMERGE] cand=30 span=80275346-80279466 nodes=4 abund=1.000 vs kept=9 span=80276728-80285085 nodes=5 abund=6.000 ret=2 site= lens=[2714,0,-645,0] guide_pair=false/false hard=true/true kept_hard=true/true
[TRACE_SEEDMERGE]   decision=keep_both reason=ret2_gate
[TRACE_SEEDMERGE] cand=30 span=80275346-80279466 nodes=4 abund=1.000 vs kept=10 span=80275346-80286948 nodes=9 abund=5.000 ret=2 site= lens=[-233,0,-964,0] guide_pair=false/false hard=true/true kept_hard=true/true
[TRACE_SEEDMERGE]   decision=keep_both reason=ret2_gate
[TRACE_SEEDMERGE] cand=30 span=80275346-80279466 nodes=4 abund=1.000 vs kept=11 span=80275346-80279058 nodes=2 abund=5.000 ret=0 site=S14_GAP_FILLED lens=[0,9223372036854775806,0,9223372036854775806] guide_pair=false/false hard=true/true kept_hard=true/true
[TRACE_SEEDMERGE] cand=30 span=80275346-80279466 nodes=4 abund=1.000 vs kept=12 span=80275346-80281929 nodes=5 abund=3.000 ret=2 site= lens=[-233,0,-267,0] guide_pair=false/false hard=true/true kept_hard=true/true
[TRACE_SEEDMERGE]   decision=keep_both reason=ret2_gate
[TRACE_SEEDMERGE] cand=30 span=80275346-80279466 nodes=4 abund=1.000 vs kept=15 span=80275346-80286948 nodes=7 abund=2.000 ret=0 site=S14_GAP_FILLED lens=[0,9223372036854775806,0,9223372036854775806] guide_pair=false/false hard=true/true kept_hard=true/true
[TRACE_SEEDMERGE] cand=30 span=80275346-80279466 nodes=4 abund=1.000 vs kept=16 span=80276728-80285399 nodes=7 abund=2.000 ret=2 site= lens=[2714,0,-904,0] guide_pair=false/false hard=true/true kept_hard=true/true
[TRACE_SEEDMERGE]   decision=keep_both reason=ret2_gate
[TRACE_SEEDMERGE] cand=30 span=80275346-80279466 nodes=4 abund=1.000 vs kept=17 span=80276728-80285399 nodes=6 abund=2.000 ret=2 site= lens=[3071,0,-831,0] guide_pair=false/false hard=true/true kept_hard=true/true
[TRACE_SEEDMERGE]   decision=keep_both reason=ret2_gate
[TRACE_SEEDMERGE] cand=30 span=80275346-80279466 nodes=4 abund=1.000 vs kept=19 span=80281670-80286948 nodes=4 abund=2.000 ret=0 site=S3_NO_OVERLAP lens=[0,9223372036854775806,0,9223372036854775806] guide_pair=false/false hard=true/true kept_hard=true/true
[TRACE_SEEDMERGE] cand=30 span=80275346-80279466 nodes=4 abund=1.000 vs kept=20 span=80275346-80285399 nodes=9 abund=1.000 ret=2 site= lens=[-233,0,-906,0] guide_pair=false/false hard=true/true kept_hard=true/true
[TRACE_SEEDMERGE]   decision=keep_both reason=ret2_gate
[TRACE_SEEDMERGE] cand=30 span=80275346-80279466 nodes=4 abund=1.000 vs kept=22 span=80275063-80286948 nodes=8 abund=1.000 ret=2 site= lens=[-516,0,-641,0] guide_pair=false/false hard=true/true kept_hard=true/true
[TRACE_SEEDMERGE]   decision=keep_both reason=ret2_gate
[TRACE_SEEDMERGE] cand=30 span=80275346-80279466 nodes=4 abund=1.000 vs kept=23 span=80276728-80286948 nodes=8 abund=1.000 ret=2 site= lens=[3081,0,-2056,0] guide_pair=false/false hard=true/true kept_hard=true/true
[TRACE_SEEDMERGE]   decision=keep_both reason=ret2_gate
[TRACE_SEEDMERGE] cand=30 span=80275346-80279466 nodes=4 abund=1.000 vs kept=27 span=80279472-80286948 nodes=7 abund=1.000 ret=0 site=S3_NO_OVERLAP lens=[0,9223372036854775806,0,9223372036854775806] guide_pair=false/false hard=true/true kept_hard=true/true
[TRACE_SEEDMERGE] cand=30 span=80275346-80279466 nodes=4 abund=1.000 vs kept=28 span=80275346-80285085 nodes=5 abund=1.000 ret=0 site=S14_GAP_FILLED lens=[0,9223372036854775806,0,9223372036854775806] guide_pair=false/false hard=true/true kept_hard=true/true
[TRACE_SEEDMERGE] keeptrf_add=30 span=80275346-80279466 nodes=4 abund=1.000 complete=true novel_splice_rescue=false
[TRACE_SEEDMERGE] cand=31 span=80276728-80283698 nodes=4 abund=1.000 vs kept=3 span=80276728-80286948 nodes=6 abund=53.000 ret=0 site=S9_HARDEND_S lens=[0,9223372036854775806,0,9223372036854775806] guide_pair=false/false hard=true/true kept_hard=true/true
[TRACE_SEEDMERGE] cand=31 span=80276728-80283698 nodes=4 abund=1.000 vs kept=4 span=80275346-80286948 nodes=8 abund=25.000 ret=0 site=S9_HARDEND_S lens=[0,9223372036854775806,0,9223372036854775806] guide_pair=false/false hard=true/true kept_hard=true/true
[TRACE_SEEDMERGE] cand=31 span=80276728-80283698 nodes=4 abund=1.000 vs kept=7 span=80275346-80286948 nodes=7 abund=6.000 ret=0 site=S9_HARDEND_S lens=[0,9223372036854775806,0,9223372036854775806] guide_pair=false/false hard=true/true kept_hard=true/true
[TRACE_SEEDMERGE] cand=31 span=80276728-80283698 nodes=4 abund=1.000 vs kept=6 span=80276728-80286948 nodes=7 abund=7.000 ret=0 site=S9_HARDEND_S lens=[0,9223372036854775806,0,9223372036854775806] guide_pair=false/false hard=true/true kept_hard=true/true
[TRACE_SEEDMERGE] cand=31 span=80276728-80283698 nodes=4 abund=1.000 vs kept=9 span=80276728-80285085 nodes=5 abund=6.000 ret=0 site=S2_HARDEND_BOTH lens=[0,9223372036854775806,0,9223372036854775806] guide_pair=false/false hard=true/true kept_hard=true/true
[TRACE_SEEDMERGE] cand=31 span=80276728-80283698 nodes=4 abund=1.000 vs kept=10 span=80275346-80286948 nodes=9 abund=5.000 ret=0 site=S9_HARDEND_S lens=[0,9223372036854775806,0,9223372036854775806] guide_pair=false/false hard=true/true kept_hard=true/true
[TRACE_SEEDMERGE] cand=31 span=80276728-80283698 nodes=4 abund=1.000 vs kept=11 span=80275346-80279058 nodes=2 abund=5.000 ret=0 site=S8_RETE_CONTRADICT lens=[0,9223372036854775806,0,9223372036854775806] guide_pair=false/false hard=true/true kept_hard=true/true
[TRACE_SEEDMERGE] cand=31 span=80276728-80283698 nodes=4 abund=1.000 vs kept=12 span=80275346-80281929 nodes=5 abund=3.000 ret=0 site=S2_HARDEND_BOTH lens=[0,9223372036854775806,0,9223372036854775806] guide_pair=false/false hard=true/true kept_hard=true/true
[TRACE_SEEDMERGE] cand=31 span=80276728-80283698 nodes=4 abund=1.000 vs kept=15 span=80275346-80286948 nodes=7 abund=2.000 ret=0 site=S9_HARDEND_S lens=[0,9223372036854775806,0,9223372036854775806] guide_pair=false/false hard=true/true kept_hard=true/true
[TRACE_SEEDMERGE] cand=31 span=80276728-80283698 nodes=4 abund=1.000 vs kept=16 span=80276728-80285399 nodes=7 abund=2.000 ret=0 site=S9_HARDEND_S lens=[0,9223372036854775806,0,9223372036854775806] guide_pair=false/false hard=true/true kept_hard=true/true
[TRACE_SEEDMERGE] cand=31 span=80276728-80283698 nodes=4 abund=1.000 vs kept=17 span=80276728-80285399 nodes=6 abund=2.000 ret=0 site=S9_HARDEND_S lens=[0,9223372036854775806,0,9223372036854775806] guide_pair=false/false hard=true/true kept_hard=true/true
[TRACE_SEEDMERGE] cand=31 span=80276728-80283698 nodes=4 abund=1.000 vs kept=19 span=80281670-80286948 nodes=4 abund=2.000 ret=0 site=S8_RETE_CONTRADICT lens=[0,9223372036854775806,0,9223372036854775806] guide_pair=false/false hard=true/true kept_hard=true/true
[TRACE_SEEDMERGE] cand=31 span=80276728-80283698 nodes=4 abund=1.000 vs kept=20 span=80275346-80285399 nodes=9 abund=1.000 ret=0 site=S9_HARDEND_S lens=[0,9223372036854775806,0,9223372036854775806] guide_pair=false/false hard=true/true kept_hard=true/true
[TRACE_SEEDMERGE] cand=31 span=80276728-80283698 nodes=4 abund=1.000 vs kept=22 span=80275063-80286948 nodes=8 abund=1.000 ret=0 site=S9_HARDEND_S lens=[0,9223372036854775806,0,9223372036854775806] guide_pair=false/false hard=true/true kept_hard=true/true
[TRACE_SEEDMERGE] cand=31 span=80276728-80283698 nodes=4 abund=1.000 vs kept=23 span=80276728-80286948 nodes=8 abund=1.000 ret=0 site=S9_HARDEND_S lens=[0,9223372036854775806,0,9223372036854775806] guide_pair=false/false hard=true/true kept_hard=true/true
[TRACE_SEEDMERGE] cand=31 span=80276728-80283698 nodes=4 abund=1.000 vs kept=27 span=80279472-80286948 nodes=7 abund=1.000 ret=0 site=S8_RETE_CONTRADICT lens=[0,9223372036854775806,0,9223372036854775806] guide_pair=false/false hard=true/true kept_hard=true/true
[TRACE_SEEDMERGE] cand=31 span=80276728-80283698 nodes=4 abund=1.000 vs kept=28 span=80275346-80285085 nodes=5 abund=1.000 ret=0 site=S2_HARDEND_BOTH lens=[0,9223372036854775806,0,9223372036854775806] guide_pair=false/false hard=true/true kept_hard=true/true
[TRACE_SEEDMERGE] cand=31 span=80276728-80283698 nodes=4 abund=1.000 vs kept=30 span=80275346-80279466 nodes=4 abund=1.000 ret=1 site= lens=[-3092,0,383,0] guide_pair=false/false hard=true/true kept_hard=true/true
[TRACE_SEEDMERGE]   decision=keep_both reason=ret1_gate
[TRACE_SEEDMERGE] keeptrf_add=31 span=80276728-80283698 nodes=4 abund=1.000 complete=true novel_splice_rescue=false
[TRACE_SEEDMERGE] cand=32 span=80281929-80286948 nodes=4 abund=1.000 vs kept=3 span=80276728-80286948 nodes=6 abund=53.000 ret=0 site=S4_HARDSTART_S lens=[0,9223372036854775806,0,9223372036854775806] guide_pair=false/false hard=true/true kept_hard=true/true
[TRACE_SEEDMERGE] cand=32 span=80281929-80286948 nodes=4 abund=1.000 vs kept=4 span=80275346-80286948 nodes=8 abund=25.000 ret=0 site=S1_HARDSTART_BOTH lens=[0,9223372036854775806,0,9223372036854775806] guide_pair=false/false hard=true/true kept_hard=true/true
[TRACE_SEEDMERGE] cand=32 span=80281929-80286948 nodes=4 abund=1.000 vs kept=7 span=80275346-80286948 nodes=7 abund=6.000 ret=0 site=S1_HARDSTART_BOTH lens=[0,9223372036854775806,0,9223372036854775806] guide_pair=false/false hard=true/true kept_hard=true/true
[TRACE_SEEDMERGE] cand=32 span=80281929-80286948 nodes=4 abund=1.000 vs kept=6 span=80276728-80286948 nodes=7 abund=7.000 ret=0 site=S4_HARDSTART_S lens=[0,9223372036854775806,0,9223372036854775806] guide_pair=false/false hard=true/true kept_hard=true/true
[TRACE_SEEDMERGE] cand=32 span=80281929-80286948 nodes=4 abund=1.000 vs kept=9 span=80276728-80285085 nodes=5 abund=6.000 ret=0 site=S4_HARDSTART_S lens=[0,9223372036854775806,0,9223372036854775806] guide_pair=false/false hard=true/true kept_hard=true/true
[TRACE_SEEDMERGE] cand=32 span=80281929-80286948 nodes=4 abund=1.000 vs kept=10 span=80275346-80286948 nodes=9 abund=5.000 ret=0 site=S1_HARDSTART_BOTH lens=[0,9223372036854775806,0,9223372036854775806] guide_pair=false/false hard=true/true kept_hard=true/true
[TRACE_SEEDMERGE] cand=32 span=80281929-80286948 nodes=4 abund=1.000 vs kept=11 span=80275346-80279058 nodes=2 abund=5.000 ret=0 site=S1_HARDSTART_BOTH lens=[0,9223372036854775806,0,9223372036854775806] guide_pair=false/false hard=true/true kept_hard=true/true
[TRACE_SEEDMERGE] cand=32 span=80281929-80286948 nodes=4 abund=1.000 vs kept=12 span=80275346-80281929 nodes=5 abund=3.000 ret=0 site=S1_HARDSTART_BOTH lens=[0,9223372036854775806,0,9223372036854775806] guide_pair=false/false hard=true/true kept_hard=true/true
[TRACE_SEEDMERGE] cand=32 span=80281929-80286948 nodes=4 abund=1.000 vs kept=15 span=80275346-80286948 nodes=7 abund=2.000 ret=0 site=S1_HARDSTART_BOTH lens=[0,9223372036854775806,0,9223372036854775806] guide_pair=false/false hard=true/true kept_hard=true/true
[TRACE_SEEDMERGE] cand=32 span=80281929-80286948 nodes=4 abund=1.000 vs kept=16 span=80276728-80285399 nodes=7 abund=2.000 ret=0 site=S4_HARDSTART_S lens=[0,9223372036854775806,0,9223372036854775806] guide_pair=false/false hard=true/true kept_hard=true/true
[TRACE_SEEDMERGE] cand=32 span=80281929-80286948 nodes=4 abund=1.000 vs kept=17 span=80276728-80285399 nodes=6 abund=2.000 ret=0 site=S4_HARDSTART_S lens=[0,9223372036854775806,0,9223372036854775806] guide_pair=false/false hard=true/true kept_hard=true/true
[TRACE_SEEDMERGE] cand=32 span=80281929-80286948 nodes=4 abund=1.000 vs kept=19 span=80281670-80286948 nodes=4 abund=2.000 ret=0 site=S4_HARDSTART_S lens=[0,9223372036854775806,0,9223372036854775806] guide_pair=false/false hard=true/true kept_hard=true/true
[TRACE_SEEDMERGE] cand=32 span=80281929-80286948 nodes=4 abund=1.000 vs kept=20 span=80275346-80285399 nodes=9 abund=1.000 ret=0 site=S1_HARDSTART_BOTH lens=[0,9223372036854775806,0,9223372036854775806] guide_pair=false/false hard=true/true kept_hard=true/true
[TRACE_SEEDMERGE] cand=32 span=80281929-80286948 nodes=4 abund=1.000 vs kept=22 span=80275063-80286948 nodes=8 abund=1.000 ret=0 site=S4_HARDSTART_S lens=[0,9223372036854775806,0,9223372036854775806] guide_pair=false/false hard=true/true kept_hard=true/true
[TRACE_SEEDMERGE] cand=32 span=80281929-80286948 nodes=4 abund=1.000 vs kept=23 span=80276728-80286948 nodes=8 abund=1.000 ret=0 site=S4_HARDSTART_S lens=[0,9223372036854775806,0,9223372036854775806] guide_pair=false/false hard=true/true kept_hard=true/true
[TRACE_SEEDMERGE] cand=32 span=80281929-80286948 nodes=4 abund=1.000 vs kept=27 span=80279472-80286948 nodes=7 abund=1.000 ret=0 site=S4_HARDSTART_S lens=[0,9223372036854775806,0,9223372036854775806] guide_pair=false/false hard=true/true kept_hard=true/true
[TRACE_SEEDMERGE] cand=32 span=80281929-80286948 nodes=4 abund=1.000 vs kept=28 span=80275346-80285085 nodes=5 abund=1.000 ret=0 site=S1_HARDSTART_BOTH lens=[0,9223372036854775806,0,9223372036854775806] guide_pair=false/false hard=true/true kept_hard=true/true
[TRACE_SEEDMERGE] cand=32 span=80281929-80286948 nodes=4 abund=1.000 vs kept=30 span=80275346-80279466 nodes=4 abund=1.000 ret=0 site=S1_HARDSTART_BOTH lens=[0,9223372036854775806,0,9223372036854775806] guide_pair=false/false hard=true/true kept_hard=true/true
[TRACE_SEEDMERGE] cand=32 span=80281929-80286948 nodes=4 abund=1.000 vs kept=31 span=80276728-80283698 nodes=4 abund=1.000 ret=0 site=S4_HARDSTART_S lens=[0,9223372036854775806,0,9223372036854775806] guide_pair=false/false hard=true/true kept_hard=true/true
[TRACE_SEEDMERGE] keeptrf_add=32 span=80281929-80286948 nodes=4 abund=1.000 complete=true novel_splice_rescue=false
[TRACE_SEEDMERGE] cand=33 span=80283589-80286948 nodes=3 abund=1.000 vs kept=3 span=80276728-80286948 nodes=6 abund=53.000 ret=2 site= lens=[-2321,0,-1306,0] guide_pair=false/false hard=false/true kept_hard=true/true
[TRACE_SEEDMERGE]   decision=keep_both reason=ret2_gate
[TRACE_SEEDMERGE] cand=33 span=80283589-80286948 nodes=3 abund=1.000 vs kept=4 span=80275346-80286948 nodes=8 abund=25.000 ret=2 site= lens=[-4070,0,-103,0] guide_pair=false/false hard=false/true kept_hard=true/true
[TRACE_SEEDMERGE]   decision=keep_both reason=ret2_gate
[TRACE_SEEDMERGE] cand=33 span=80283589-80286948 nodes=3 abund=1.000 vs kept=7 span=80275346-80286948 nodes=7 abund=6.000 ret=0 site=S7_WALK_START_GAP lens=[0,9223372036854775806,0,9223372036854775806] guide_pair=false/false hard=false/true kept_hard=true/true
[TRACE_SEEDMERGE] cand=33 span=80283589-80286948 nodes=3 abund=1.000 vs kept=6 span=80276728-80286948 nodes=7 abund=7.000 ret=2 site= lens=[-943,0,-40,0] guide_pair=false/false hard=false/true kept_hard=true/true
[TRACE_SEEDMERGE]   decision=keep_both reason=ret2_gate
[TRACE_SEEDMERGE] cand=33 span=80283589-80286948 nodes=3 abund=1.000 vs kept=9 span=80276728-80285085 nodes=5 abund=6.000 ret=0 site=S8_RETE_CONTRADICT lens=[0,9223372036854775806,0,9223372036854775806] guide_pair=false/false hard=false/true kept_hard=true/true
[TRACE_SEEDMERGE] cand=33 span=80283589-80286948 nodes=3 abund=1.000 vs kept=10 span=80275346-80286948 nodes=9 abund=5.000 ret=2 site= lens=[-4256,0,-19,0] guide_pair=false/false hard=false/true kept_hard=true/true
[TRACE_SEEDMERGE]   decision=keep_both reason=ret2_gate
[TRACE_SEEDMERGE] cand=33 span=80283589-80286948 nodes=3 abund=1.000 vs kept=11 span=80275346-80279058 nodes=2 abund=5.000 ret=0 site=S3_NO_OVERLAP lens=[0,9223372036854775806,0,9223372036854775806] guide_pair=false/false hard=false/true kept_hard=true/true
[TRACE_SEEDMERGE] cand=33 span=80283589-80286948 nodes=3 abund=1.000 vs kept=12 span=80275346-80281929 nodes=5 abund=3.000 ret=0 site=S3_NO_OVERLAP lens=[0,9223372036854775806,0,9223372036854775806] guide_pair=false/false hard=false/true kept_hard=true/true
[TRACE_SEEDMERGE] cand=33 span=80283589-80286948 nodes=3 abund=1.000 vs kept=15 span=80275346-80286948 nodes=7 abund=2.000 ret=2 site= lens=[-3424,0,-40,0] guide_pair=false/false hard=false/true kept_hard=true/true
[TRACE_SEEDMERGE]   decision=keep_both reason=ret2_gate
[TRACE_SEEDMERGE] cand=33 span=80283589-80286948 nodes=3 abund=1.000 vs kept=16 span=80276728-80285399 nodes=7 abund=2.000 ret=0 site=S8_RETE_CONTRADICT lens=[0,9223372036854775806,0,9223372036854775806] guide_pair=false/false hard=false/true kept_hard=true/true
[TRACE_SEEDMERGE] cand=33 span=80283589-80286948 nodes=3 abund=1.000 vs kept=17 span=80276728-80285399 nodes=6 abund=2.000 ret=0 site=S8_RETE_CONTRADICT lens=[0,9223372036854775806,0,9223372036854775806] guide_pair=false/false hard=false/true kept_hard=true/true
[TRACE_SEEDMERGE] cand=33 span=80283589-80286948 nodes=3 abund=1.000 vs kept=19 span=80281670-80286948 nodes=4 abund=2.000 ret=2 site= lens=[-172,0,-40,0] guide_pair=false/false hard=false/true kept_hard=true/true
[TRACE_SEEDMERGE]   decision=keep_both reason=ret2_gate
[TRACE_SEEDMERGE] cand=33 span=80283589-80286948 nodes=3 abund=1.000 vs kept=20 span=80275346-80285399 nodes=9 abund=1.000 ret=0 site=S8_RETE_CONTRADICT lens=[0,9223372036854775806,0,9223372036854775806] guide_pair=false/false hard=false/true kept_hard=true/true
[TRACE_SEEDMERGE] cand=33 span=80283589-80286948 nodes=3 abund=1.000 vs kept=22 span=80275063-80286948 nodes=8 abund=1.000 ret=0 site=S7_WALK_START_GAP lens=[0,9223372036854775806,0,9223372036854775806] guide_pair=false/false hard=false/true kept_hard=true/true
[TRACE_SEEDMERGE] cand=33 span=80283589-80286948 nodes=3 abund=1.000 vs kept=23 span=80276728-80286948 nodes=8 abund=1.000 ret=0 site=S14_GAP_FILLED lens=[0,9223372036854775806,0,9223372036854775806] guide_pair=false/false hard=false/true kept_hard=true/true
[TRACE_SEEDMERGE] cand=33 span=80283589-80286948 nodes=3 abund=1.000 vs kept=27 span=80279472-80286948 nodes=7 abund=1.000 ret=2 site= lens=[-2457,0,-15,0] guide_pair=false/false hard=false/true kept_hard=true/true
[TRACE_SEEDMERGE]   decision=keep_both reason=ret2_gate
[TRACE_SEEDMERGE] cand=33 span=80283589-80286948 nodes=3 abund=1.000 vs kept=28 span=80275346-80285085 nodes=5 abund=1.000 ret=0 site=S7_WALK_START_GAP lens=[0,9223372036854775806,0,9223372036854775806] guide_pair=false/false hard=false/true kept_hard=true/true
[TRACE_SEEDMERGE] cand=33 span=80283589-80286948 nodes=3 abund=1.000 vs kept=30 span=80275346-80279466 nodes=4 abund=1.000 ret=0 site=S3_NO_OVERLAP lens=[0,9223372036854775806,0,9223372036854775806] guide_pair=false/false hard=false/true kept_hard=true/true
[TRACE_SEEDMERGE] cand=33 span=80283589-80286948 nodes=3 abund=1.000 vs kept=31 span=80276728-80283698 nodes=4 abund=1.000 ret=0 site=S8_RETE_CONTRADICT lens=[0,9223372036854775806,0,9223372036854775806] guide_pair=false/false hard=false/true kept_hard=true/true
[TRACE_SEEDMERGE] cand=33 span=80283589-80286948 nodes=3 abund=1.000 vs kept=32 span=80281929-80286948 nodes=4 abund=1.000 ret=3 site= lens=[-1660,0,-15,0] guide_pair=false/false hard=false/true kept_hard=true/true
[TRACE_SEEDMERGE]   decision=merge_ret3 new_rep=false group_size=2 group_cov=2.000
[TRACE_SEEDMERGE] cand=34 span=80283698-80286948 nodes=3 abund=1.000 vs kept=3 span=80276728-80286948 nodes=6 abund=53.000 ret=0 site=S4_HARDSTART_S lens=[0,9223372036854775806,0,9223372036854775806] guide_pair=false/false hard=true/true kept_hard=true/true
[TRACE_SEEDMERGE] cand=34 span=80283698-80286948 nodes=3 abund=1.000 vs kept=4 span=80275346-80286948 nodes=8 abund=25.000 ret=0 site=S1_HARDSTART_BOTH lens=[0,9223372036854775806,0,9223372036854775806] guide_pair=false/false hard=true/true kept_hard=true/true
[TRACE_SEEDMERGE] cand=34 span=80283698-80286948 nodes=3 abund=1.000 vs kept=7 span=80275346-80286948 nodes=7 abund=6.000 ret=0 site=S1_HARDSTART_BOTH lens=[0,9223372036854775806,0,9223372036854775806] guide_pair=false/false hard=true/true kept_hard=true/true
[TRACE_SEEDMERGE] cand=34 span=80283698-80286948 nodes=3 abund=1.000 vs kept=6 span=80276728-80286948 nodes=7 abund=7.000 ret=0 site=S4_HARDSTART_S lens=[0,9223372036854775806,0,9223372036854775806] guide_pair=false/false hard=true/true kept_hard=true/true
[TRACE_SEEDMERGE] cand=34 span=80283698-80286948 nodes=3 abund=1.000 vs kept=9 span=80276728-80285085 nodes=5 abund=6.000 ret=0 site=S4_HARDSTART_S lens=[0,9223372036854775806,0,9223372036854775806] guide_pair=false/false hard=true/true kept_hard=true/true
[TRACE_SEEDMERGE] cand=34 span=80283698-80286948 nodes=3 abund=1.000 vs kept=10 span=80275346-80286948 nodes=9 abund=5.000 ret=0 site=S1_HARDSTART_BOTH lens=[0,9223372036854775806,0,9223372036854775806] guide_pair=false/false hard=true/true kept_hard=true/true
[TRACE_SEEDMERGE] cand=34 span=80283698-80286948 nodes=3 abund=1.000 vs kept=11 span=80275346-80279058 nodes=2 abund=5.000 ret=0 site=S1_HARDSTART_BOTH lens=[0,9223372036854775806,0,9223372036854775806] guide_pair=false/false hard=true/true kept_hard=true/true
[TRACE_SEEDMERGE] cand=34 span=80283698-80286948 nodes=3 abund=1.000 vs kept=12 span=80275346-80281929 nodes=5 abund=3.000 ret=0 site=S1_HARDSTART_BOTH lens=[0,9223372036854775806,0,9223372036854775806] guide_pair=false/false hard=true/true kept_hard=true/true
[TRACE_SEEDMERGE] cand=34 span=80283698-80286948 nodes=3 abund=1.000 vs kept=15 span=80275346-80286948 nodes=7 abund=2.000 ret=0 site=S1_HARDSTART_BOTH lens=[0,9223372036854775806,0,9223372036854775806] guide_pair=false/false hard=true/true kept_hard=true/true
[TRACE_SEEDMERGE] cand=34 span=80283698-80286948 nodes=3 abund=1.000 vs kept=16 span=80276728-80285399 nodes=7 abund=2.000 ret=0 site=S4_HARDSTART_S lens=[0,9223372036854775806,0,9223372036854775806] guide_pair=false/false hard=true/true kept_hard=true/true
[TRACE_SEEDMERGE] cand=34 span=80283698-80286948 nodes=3 abund=1.000 vs kept=17 span=80276728-80285399 nodes=6 abund=2.000 ret=0 site=S4_HARDSTART_S lens=[0,9223372036854775806,0,9223372036854775806] guide_pair=false/false hard=true/true kept_hard=true/true
[TRACE_SEEDMERGE] cand=34 span=80283698-80286948 nodes=3 abund=1.000 vs kept=19 span=80281670-80286948 nodes=4 abund=2.000 ret=0 site=S4_HARDSTART_S lens=[0,9223372036854775806,0,9223372036854775806] guide_pair=false/false hard=true/true kept_hard=true/true
[TRACE_SEEDMERGE] cand=34 span=80283698-80286948 nodes=3 abund=1.000 vs kept=20 span=80275346-80285399 nodes=9 abund=1.000 ret=0 site=S1_HARDSTART_BOTH lens=[0,9223372036854775806,0,9223372036854775806] guide_pair=false/false hard=true/true kept_hard=true/true
[TRACE_SEEDMERGE] cand=34 span=80283698-80286948 nodes=3 abund=1.000 vs kept=22 span=80275063-80286948 nodes=8 abund=1.000 ret=0 site=S4_HARDSTART_S lens=[0,9223372036854775806,0,9223372036854775806] guide_pair=false/false hard=true/true kept_hard=true/true
[TRACE_SEEDMERGE] cand=34 span=80283698-80286948 nodes=3 abund=1.000 vs kept=23 span=80276728-80286948 nodes=8 abund=1.000 ret=0 site=S4_HARDSTART_S lens=[0,9223372036854775806,0,9223372036854775806] guide_pair=false/false hard=true/true kept_hard=true/true
[TRACE_SEEDMERGE] cand=34 span=80283698-80286948 nodes=3 abund=1.000 vs kept=27 span=80279472-80286948 nodes=7 abund=1.000 ret=0 site=S4_HARDSTART_S lens=[0,9223372036854775806,0,9223372036854775806] guide_pair=false/false hard=true/true kept_hard=true/true
[TRACE_SEEDMERGE] cand=34 span=80283698-80286948 nodes=3 abund=1.000 vs kept=28 span=80275346-80285085 nodes=5 abund=1.000 ret=0 site=S1_HARDSTART_BOTH lens=[0,9223372036854775806,0,9223372036854775806] guide_pair=false/false hard=true/true kept_hard=true/true
[TRACE_SEEDMERGE] cand=34 span=80283698-80286948 nodes=3 abund=1.000 vs kept=30 span=80275346-80279466 nodes=4 abund=1.000 ret=0 site=S1_HARDSTART_BOTH lens=[0,9223372036854775806,0,9223372036854775806] guide_pair=false/false hard=true/true kept_hard=true/true
[TRACE_SEEDMERGE] cand=34 span=80283698-80286948 nodes=3 abund=1.000 vs kept=31 span=80276728-80283698 nodes=4 abund=1.000 ret=0 site=S3_NO_OVERLAP lens=[0,9223372036854775806,0,9223372036854775806] guide_pair=false/false hard=true/true kept_hard=true/true
[TRACE_SEEDMERGE] cand=34 span=80283698-80286948 nodes=3 abund=1.000 vs kept=32 span=80281929-80286948 nodes=4 abund=1.000 ret=0 site=S1_HARDSTART_BOTH lens=[0,9223372036854775806,0,9223372036854775806] guide_pair=false/false hard=true/true kept_hard=true/true
[TRACE_SEEDMERGE] keeptrf_add=34 span=80283698-80286948 nodes=3 abund=1.000 complete=true novel_splice_rescue=false
[TRACE_SEEDMERGE] cand=35 span=80276728-80281929 nodes=3 abund=1.000 vs kept=3 span=80276728-80286948 nodes=6 abund=53.000 ret=0 site=S9_HARDEND_S lens=[0,9223372036854775806,0,9223372036854775806] guide_pair=false/false hard=false/true kept_hard=true/true
[TRACE_SEEDMERGE] cand=35 span=80276728-80281929 nodes=3 abund=1.000 vs kept=4 span=80275346-80286948 nodes=8 abund=25.000 ret=0 site=S9_HARDEND_S lens=[0,9223372036854775806,0,9223372036854775806] guide_pair=false/false hard=false/true kept_hard=true/true
[TRACE_SEEDMERGE] cand=35 span=80276728-80281929 nodes=3 abund=1.000 vs kept=7 span=80275346-80286948 nodes=7 abund=6.000 ret=0 site=S9_HARDEND_S lens=[0,9223372036854775806,0,9223372036854775806] guide_pair=false/false hard=false/true kept_hard=true/true
[TRACE_SEEDMERGE] cand=35 span=80276728-80281929 nodes=3 abund=1.000 vs kept=6 span=80276728-80286948 nodes=7 abund=7.000 ret=0 site=S9_HARDEND_S lens=[0,9223372036854775806,0,9223372036854775806] guide_pair=false/false hard=false/true kept_hard=true/true
[TRACE_SEEDMERGE] cand=35 span=80276728-80281929 nodes=3 abund=1.000 vs kept=9 span=80276728-80285085 nodes=5 abund=6.000 ret=0 site=S2_HARDEND_BOTH lens=[0,9223372036854775806,0,9223372036854775806] guide_pair=false/false hard=false/true kept_hard=true/true
[TRACE_SEEDMERGE] cand=35 span=80276728-80281929 nodes=3 abund=1.000 vs kept=10 span=80275346-80286948 nodes=9 abund=5.000 ret=0 site=S9_HARDEND_S lens=[0,9223372036854775806,0,9223372036854775806] guide_pair=false/false hard=false/true kept_hard=true/true
[TRACE_SEEDMERGE] cand=35 span=80276728-80281929 nodes=3 abund=1.000 vs kept=11 span=80275346-80279058 nodes=2 abund=5.000 ret=0 site=S8_RETE_CONTRADICT lens=[0,9223372036854775806,0,9223372036854775806] guide_pair=false/false hard=false/true kept_hard=true/true
[TRACE_SEEDMERGE] cand=35 span=80276728-80281929 nodes=3 abund=1.000 vs kept=12 span=80275346-80281929 nodes=5 abund=3.000 ret=3 site= lens=[-1382,0,-199,0] guide_pair=false/false hard=false/true kept_hard=true/true
[TRACE_SEEDMERGE]   decision=merge_ret3 new_rep=false group_size=2 group_cov=4.000
[TRACE_SEEDMERGE] cand=36 span=80276728-80279466 nodes=2 abund=1.000 vs kept=3 span=80276728-80286948 nodes=6 abund=53.000 ret=2 site= lens=[-1567,0,-2050,0] guide_pair=false/false hard=true/false kept_hard=true/true
[TRACE_SEEDMERGE]   decision=keep_both reason=ret2_gate
[TRACE_SEEDMERGE] cand=36 span=80276728-80279466 nodes=2 abund=1.000 vs kept=4 span=80275346-80286948 nodes=8 abund=25.000 ret=2 site= lens=[-3316,0,-847,0] guide_pair=false/false hard=true/false kept_hard=true/true
[TRACE_SEEDMERGE]   decision=keep_both reason=ret2_gate
[TRACE_SEEDMERGE] cand=36 span=80276728-80279466 nodes=2 abund=1.000 vs kept=7 span=80275346-80286948 nodes=7 abund=6.000 ret=2 site= lens=[-3316,0,-658,0] guide_pair=false/false hard=true/false kept_hard=true/true
[TRACE_SEEDMERGE]   decision=keep_both reason=ret2_gate
[TRACE_SEEDMERGE] cand=36 span=80276728-80279466 nodes=2 abund=1.000 vs kept=6 span=80276728-80286948 nodes=7 abund=7.000 ret=2 site= lens=[-3,0,-970,0] guide_pair=false/false hard=true/false kept_hard=true/true
[TRACE_SEEDMERGE]   decision=keep_both reason=ret2_gate
[TRACE_SEEDMERGE] cand=36 span=80276728-80279466 nodes=2 abund=1.000 vs kept=9 span=80276728-80285085 nodes=5 abund=6.000 ret=2 site= lens=[-369,0,-630,0] guide_pair=false/false hard=true/false kept_hard=true/true
[TRACE_SEEDMERGE]   decision=keep_both reason=ret2_gate
[TRACE_SEEDMERGE] cand=36 span=80276728-80279466 nodes=2 abund=1.000 vs kept=10 span=80275346-80286948 nodes=9 abund=5.000 ret=2 site= lens=[-3316,0,-949,0] guide_pair=false/false hard=true/false kept_hard=true/true
[TRACE_SEEDMERGE]   decision=keep_both reason=ret2_gate
[TRACE_SEEDMERGE] cand=36 span=80276728-80279466 nodes=2 abund=1.000 vs kept=11 span=80275346-80279058 nodes=2 abund=5.000 ret=0 site=S8_RETE_CONTRADICT lens=[0,9223372036854775806,0,9223372036854775806] guide_pair=false/false hard=true/false kept_hard=true/true
[TRACE_SEEDMERGE] cand=36 span=80276728-80279466 nodes=2 abund=1.000 vs kept=12 span=80275346-80281929 nodes=5 abund=3.000 ret=2 site= lens=[-3316,0,-252,0] guide_pair=false/false hard=true/false kept_hard=true/true
[TRACE_SEEDMERGE]   decision=keep_both reason=ret2_gate
[TRACE_SEEDMERGE] cand=36 span=80276728-80279466 nodes=2 abund=1.000 vs kept=15 span=80275346-80286948 nodes=7 abund=2.000 ret=2 site= lens=[-2670,0,-784,0] guide_pair=false/false hard=true/false kept_hard=true/true
[TRACE_SEEDMERGE]   decision=keep_both reason=ret2_gate
[TRACE_SEEDMERGE] cand=36 span=80276728-80279466 nodes=2 abund=1.000 vs kept=16 span=80276728-80285399 nodes=7 abund=2.000 ret=2 site= lens=[-369,0,-889,0] guide_pair=false/false hard=true/false kept_hard=true/true
[TRACE_SEEDMERGE]   decision=keep_both reason=ret2_gate
[TRACE_SEEDMERGE] cand=36 span=80276728-80279466 nodes=2 abund=1.000 vs kept=17 span=80276728-80285399 nodes=6 abund=2.000 ret=2 site= lens=[-12,0,-816,0] guide_pair=false/false hard=true/false kept_hard=true/true
[TRACE_SEEDMERGE]   decision=keep_both reason=ret2_gate
[TRACE_SEEDMERGE] cand=36 span=80276728-80279466 nodes=2 abund=1.000 vs kept=19 span=80281670-80286948 nodes=4 abund=2.000 ret=0 site=S3_NO_OVERLAP lens=[0,9223372036854775806,0,9223372036854775806] guide_pair=false/false hard=true/false kept_hard=true/true
[TRACE_SEEDMERGE] cand=36 span=80276728-80279466 nodes=2 abund=1.000 vs kept=20 span=80275346-80285399 nodes=9 abund=1.000 ret=2 site= lens=[-3316,0,-891,0] guide_pair=false/false hard=true/false kept_hard=true/true
[TRACE_SEEDMERGE]   decision=keep_both reason=ret2_gate
[TRACE_SEEDMERGE] cand=36 span=80276728-80279466 nodes=2 abund=1.000 vs kept=22 span=80275063-80286948 nodes=8 abund=1.000 ret=2 site= lens=[-3599,0,-626,0] guide_pair=false/false hard=true/false kept_hard=true/true
[TRACE_SEEDMERGE]   decision=keep_both reason=ret2_gate
[TRACE_SEEDMERGE] cand=36 span=80276728-80279466 nodes=2 abund=1.000 vs kept=23 span=80276728-80286948 nodes=8 abund=1.000 ret=2 site= lens=[-2,0,-2041,0] guide_pair=false/false hard=true/false kept_hard=true/true
[TRACE_SEEDMERGE]   decision=keep_both reason=ret2_gate
[TRACE_SEEDMERGE] cand=36 span=80276728-80279466 nodes=2 abund=1.000 vs kept=27 span=80279472-80286948 nodes=7 abund=1.000 ret=0 site=S3_NO_OVERLAP lens=[0,9223372036854775806,0,9223372036854775806] guide_pair=false/false hard=true/false kept_hard=true/true
[TRACE_SEEDMERGE] cand=36 span=80276728-80279466 nodes=2 abund=1.000 vs kept=28 span=80275346-80285085 nodes=5 abund=1.000 ret=2 site= lens=[-2672,0,-284,0] guide_pair=false/false hard=true/false kept_hard=true/true
[TRACE_SEEDMERGE]   decision=keep_both reason=ret2_gate
[TRACE_SEEDMERGE] cand=36 span=80276728-80279466 nodes=2 abund=1.000 vs kept=30 span=80275346-80279466 nodes=4 abund=1.000 ret=3 site= lens=[-3083,0,15,0] guide_pair=false/false hard=true/false kept_hard=true/true
[TRACE_SEEDMERGE]   decision=merge_ret3 new_rep=false group_size=2 group_cov=2.000
[TRACE_SEEDMERGE] mark_weak=47 span=80270576-80274101 nodes=1 abund=1.000
[TRACE_SEEDMERGE] mark_weak=48 span=80281670-80281929 nodes=1 abund=1.000
[TRACE_SRCSINK_PRE] node=1(80270576-80274101) rep=- addsource=0.000 addsink=0.000 hardstart=false hardend=false hassource=Some(37) hassink=Some(41) keepsource=false keepsink=false parents=[0] children=[20]
[TRACE_SRCSINK_PRE] node=2(80275063-80275346) rep=22 addsource=1.000 addsink=0.000 hardstart=false hardend=true hassource=Some(39) hassink=None keepsource=true keepsink=false parents=[0] children=[3, 20]
[TRACE_SRCSINK_PRE] node=3(80275346-80276086) rep=4 addsource=60.000 addsink=0.000 hardstart=true hardend=false hassource=None hassink=None keepsource=true keepsink=false parents=[0, 2] children=[4, 5]
[TRACE_SRCSINK_PRE] node=3(80275346-80276086) rep=7 addsource=60.000 addsink=0.000 hardstart=true hardend=false hassource=None hassink=None keepsource=true keepsink=false parents=[0, 2] children=[4, 5]
[TRACE_SRCSINK_PRE] node=3(80275346-80276086) rep=10 addsource=60.000 addsink=0.000 hardstart=true hardend=false hassource=None hassink=None keepsource=true keepsink=false parents=[0, 2] children=[4, 5]
[TRACE_SRCSINK_PRE] node=3(80275346-80276086) rep=11 addsource=60.000 addsink=0.000 hardstart=true hardend=false hassource=None hassink=None keepsource=true keepsink=false parents=[0, 2] children=[4, 5]
[TRACE_SRCSINK_PRE] node=3(80275346-80276086) rep=12 addsource=60.000 addsink=0.000 hardstart=true hardend=false hassource=None hassink=None keepsource=true keepsink=false parents=[0, 2] children=[4, 5]
[TRACE_SRCSINK_PRE] node=3(80275346-80276086) rep=15 addsource=60.000 addsink=0.000 hardstart=true hardend=false hassource=None hassink=None keepsource=true keepsink=false parents=[0, 2] children=[4, 5]
[TRACE_SRCSINK_PRE] node=3(80275346-80276086) rep=20 addsource=60.000 addsink=0.000 hardstart=true hardend=false hassource=None hassink=None keepsource=true keepsink=false parents=[0, 2] children=[4, 5]
[TRACE_SRCSINK_PRE] node=3(80275346-80276086) rep=28 addsource=60.000 addsink=0.000 hardstart=true hardend=false hassource=None hassink=None keepsource=true keepsink=false parents=[0, 2] children=[4, 5]
[TRACE_SRCSINK_PRE] node=3(80275346-80276086) rep=30 addsource=60.000 addsink=0.000 hardstart=true hardend=false hassource=None hassink=None keepsource=true keepsink=false parents=[0, 2] children=[4, 5]
[TRACE_SRCSINK_PRE] node=5(80276728-80279058) rep=3 addsource=72.000 addsink=5.000 hardstart=false hardend=false hassource=None hassink=None keepsource=true keepsink=true parents=[3, 4] children=[6]
[TRACE_SRCSINK_PRE] node=5(80276728-80279058) rep=6 addsource=72.000 addsink=5.000 hardstart=false hardend=false hassource=None hassink=None keepsource=true keepsink=true parents=[3, 4] children=[6]
[TRACE_SRCSINK_PRE] node=5(80276728-80279058) rep=9 addsource=72.000 addsink=5.000 hardstart=false hardend=false hassource=None hassink=None keepsource=true keepsink=true parents=[3, 4] children=[6]
[TRACE_SRCSINK_PRE] node=5(80276728-80279058) rep=16 addsource=72.000 addsink=5.000 hardstart=false hardend=false hassource=None hassink=None keepsource=true keepsink=true parents=[3, 4] children=[6]
[TRACE_SRCSINK_PRE] node=5(80276728-80279058) rep=17 addsource=72.000 addsink=5.000 hardstart=false hardend=false hassource=None hassink=None keepsource=true keepsink=true parents=[3, 4] children=[6]
[TRACE_SRCSINK_PRE] node=5(80276728-80279058) rep=23 addsource=72.000 addsink=5.000 hardstart=false hardend=false hassource=None hassink=None keepsource=true keepsink=true parents=[3, 4] children=[6]
[TRACE_SRCSINK_PRE] node=5(80276728-80279058) rep=31 addsource=72.000 addsink=5.000 hardstart=false hardend=false hassource=None hassink=None keepsource=true keepsink=true parents=[3, 4] children=[6]
[TRACE_SRCSINK_PRE] node=6(80279367-80279466) rep=- addsource=0.000 addsink=2.000 hardstart=false hardend=false hassource=None hassink=None keepsource=false keepsink=true parents=[5] children=[8, 10]
[TRACE_SRCSINK_PRE] node=7(80279472-80280746) rep=27 addsource=1.000 addsink=0.000 hardstart=false hardend=false hassource=Some(43) hassink=None keepsource=true keepsink=false parents=[0] children=[8]
[TRACE_SRCSINK_PRE] node=8(80280746-80280932) rep=- addsource=0.000 addsink=0.000 hardstart=false hardend=true hassource=None hassink=None keepsource=false keepsink=false parents=[6, 7] children=[9, 10, 20]
[TRACE_SRCSINK_PRE] node=10(80281670-80281929) rep=19 addsource=2.000 addsink=4.000 hardstart=false hardend=true hassource=None hassink=Some(0) keepsource=true keepsink=true parents=[6, 8, 9] children=[11, 12, 14, 20]
[TRACE_SRCSINK_PRE] node=11(80281929-80283589) rep=32 addsource=1.000 addsink=0.000 hardstart=true hardend=false hassource=Some(38) hassink=None keepsource=true keepsink=false parents=[0, 10] children=[12]
[TRACE_SRCSINK_PRE] node=12(80283589-80283698) rep=- addsource=0.000 addsink=1.000 hardstart=false hardend=true hassource=None hassink=Some(2) keepsource=false keepsink=true parents=[10, 11] children=[13, 14, 20]
[TRACE_SRCSINK_PRE] node=13(80283698-80284818) rep=34 addsource=1.000 addsink=0.000 hardstart=true hardend=false hassource=Some(40) hassink=None keepsource=true keepsink=false parents=[0, 12] children=[14]
[TRACE_SRCSINK_PRE] node=14(80284818-80285085) rep=- addsource=0.000 addsink=7.000 hardstart=false hardend=true hassource=None hassink=Some(1) keepsource=false keepsink=true parents=[10, 12, 13] children=[15, 16, 17, 18, 20]
[TRACE_SRCSINK_PRE] node=15(80285085-80285218) rep=- addsource=0.000 addsink=0.000 hardstart=true hardend=false hassource=Some(42) hassink=None keepsource=false keepsink=false parents=[0, 14] children=[16]
[TRACE_SRCSINK_PRE] node=16(80285218-80285399) rep=- addsource=0.000 addsink=5.000 hardstart=false hardend=false hassource=None hassink=Some(44) keepsource=false keepsink=true parents=[14, 15] children=[20]
[TRACE_SRCSINK_PRE] node=17(80285533-80286948) rep=- addsource=0.000 addsink=112.000 hardstart=false hardend=false hassource=None hassink=Some(45) keepsource=false keepsink=true parents=[14] children=[20]
[TRACE_SRCSINK_POST] source_trfs=37:0-80274101 nodes=[0, 1] abund=0.000 long=true | 38:0-80283589 nodes=[0, 11] abund=1.000 long=true | 39:0-80275346 nodes=[0, 2] abund=1.000 long=true | 40:0-80284818 nodes=[0, 13] abund=1.000 long=true | 42:0-80285218 nodes=[0, 15] abund=0.000 long=true | 43:0-80280746 nodes=[0, 7] abund=1.000 long=true | 49:0-80276086 nodes=[0, 3] abund=60.000 long=true
[TRACE_SRCSINK_POST] sink_trfs=
[TRACE_KEEPTRF] rep=31 usepath=20 seed=true span=80276728-80283698 nodes=4 origin=read_map group=[] origin_mix=[read_map:1]
[TRACE_PAT_TF] stage=keeptrf.rep_pattern tf=31 pivot=12 coord=80283589-80283698 pop=7 group=0 longstart=80278671 longend=0
[TRACE_PAT_TF]   child=13 coord=80283698-80284818 edge_bit=false child_bit=false sink=false
[TRACE_PAT_TF]   child=14 coord=80284818-80285085 edge_bit=false child_bit=false sink=false
[TRACE_PAT_TF]   child=20 coord=0-0 edge_bit=false child_bit=false sink=true
[TRACE_KEEPTRF] rep=30 usepath=19 seed=true span=80275346-80279466 nodes=4 origin=read_map group=[36] origin_mix=[read_map:2]
[TRACE_PAT_TF] stage=keeptrf.rep_pattern tf=30 pivot=6 coord=80279367-80279466 pop=7 group=1 longstart=80275579 longend=80279451
[TRACE_PAT_TF]   child=8 coord=80280746-80280932 edge_bit=false child_bit=false sink=false
[TRACE_PAT_TF]   child=10 coord=80281670-80281929 edge_bit=false child_bit=false sink=false
[TRACE_KEEPTRF] rep=23 usepath=18 seed=true span=80276728-80286948 nodes=8 origin=read_map group=[] origin_mix=[read_map:1]
[TRACE_PAT_TF] stage=keeptrf.rep_pattern tf=23 pivot=17 coord=80285533-80286948 pop=15 group=0 longstart=80278660 longend=80285633
[TRACE_PAT_TF]   child=20 coord=0-0 edge_bit=false child_bit=false sink=true
[TRACE_KEEPTRF] rep=19 usepath=17 seed=true span=80281670-80286948 nodes=4 origin=read_map group=[] origin_mix=[read_map:1]
[TRACE_PAT_TF] stage=keeptrf.rep_pattern tf=19 pivot=17 coord=80285533-80286948 pop=7 group=0 longstart=80281757 longend=80285682
[TRACE_PAT_TF]   child=20 coord=0-0 edge_bit=false child_bit=false sink=true
[TRACE_KEEPTRF] rep=17 usepath=16 seed=true span=80276728-80285399 nodes=6 origin=read_map group=[] origin_mix=[read_map:1]
[TRACE_PAT_TF] stage=keeptrf.rep_pattern tf=17 pivot=16 coord=80285218-80285399 pop=11 group=0 longstart=80278650 longend=80285399
[TRACE_PAT_TF]   child=20 coord=0-0 edge_bit=false child_bit=false sink=true
[TRACE_KEEPTRF] rep=16 usepath=15 seed=true span=80276728-80285399 nodes=7 origin=read_map group=[] origin_mix=[read_map:1]
[TRACE_PAT_TF] stage=keeptrf.rep_pattern tf=16 pivot=16 coord=80285218-80285399 pop=13 group=0 longstart=80278293 longend=80285339
[TRACE_PAT_TF]   child=20 coord=0-0 edge_bit=false child_bit=false sink=true
[TRACE_KEEPTRF] rep=11 usepath=14 seed=true span=80275346-80279058 nodes=2 origin=read_map group=[] origin_mix=[read_map:1]
[TRACE_PAT_TF] stage=keeptrf.rep_pattern tf=11 pivot=5 coord=80276728-80279058 pop=3 group=0 longstart=80275346 longend=80278203
[TRACE_PAT_TF]   child=6 coord=80279367-80279466 edge_bit=false child_bit=false sink=false
[TRACE_KEEPTRF] rep=9 usepath=13 seed=true span=80276728-80285085 nodes=5 origin=read_map group=[] origin_mix=[read_map:1]
[TRACE_PAT_TF] stage=keeptrf.rep_pattern tf=9 pivot=14 coord=80284818-80285085 pop=9 group=0 longstart=80278293 longend=80285080
[TRACE_PAT_TF]   child=15 coord=80285085-80285218 edge_bit=false child_bit=false sink=false
[TRACE_PAT_TF]   child=16 coord=80285218-80285399 edge_bit=false child_bit=false sink=false
[TRACE_PAT_TF]   child=17 coord=80285533-80286948 edge_bit=false child_bit=false sink=false
[TRACE_PAT_TF]   child=18 coord=80288350-80288416 edge_bit=false child_bit=false sink=false
[TRACE_PAT_TF]   child=20 coord=0-0 edge_bit=false child_bit=false sink=true
[TRACE_KEEPTRF] rep=6 usepath=12 seed=true span=80276728-80286948 nodes=7 origin=read_map group=[] origin_mix=[read_map:1]
[TRACE_PAT_TF] stage=keeptrf.rep_pattern tf=6 pivot=17 coord=80285533-80286948 pop=13 group=0 longstart=80278659 longend=80285682
[TRACE_PAT_TF]   child=20 coord=0-0 edge_bit=false child_bit=false sink=true
[TRACE_KEEPTRF] rep=3 usepath=11 seed=true span=80276728-80286948 nodes=6 origin=read_map group=[] origin_mix=[read_map:1]
[TRACE_PAT_TF] stage=keeptrf.rep_pattern tf=3 pivot=17 coord=80285533-80286948 pop=11 group=0 longstart=80277095 longend=80286948
[TRACE_PAT_TF]   child=20 coord=0-0 edge_bit=false child_bit=false sink=true
[TRACE_KEEPTRF] rep=34 usepath=10 seed=true span=80283698-80286948 nodes=3 origin=read_map group=[] origin_mix=[read_map:1]
[TRACE_PAT_TF] stage=keeptrf.rep_pattern tf=34 pivot=17 coord=80285533-80286948 pop=5 group=0 longstart=80283959 longend=80285794
[TRACE_PAT_TF]   child=20 coord=0-0 edge_bit=false child_bit=false sink=true
[TRACE_KEEPTRF] rep=32 usepath=9 seed=true span=80281929-80286948 nodes=4 origin=read_map group=[33] origin_mix=[read_map:2]
[TRACE_PAT_TF] stage=keeptrf.rep_pattern tf=32 pivot=17 coord=80285533-80286948 pop=7 group=1 longstart=0 longend=80285657
[TRACE_PAT_TF]   child=20 coord=0-0 edge_bit=false child_bit=false sink=true
[TRACE_KEEPTRF] rep=28 usepath=8 seed=true span=80275346-80285085 nodes=5 origin=read_map group=[] origin_mix=[read_map:1]
[TRACE_PAT_TF] stage=keeptrf.rep_pattern tf=28 pivot=14 coord=80284818-80285085 pop=9 group=0 longstart=80275348 longend=80284843
[TRACE_PAT_TF]   child=15 coord=80285085-80285218 edge_bit=false child_bit=false sink=false
[TRACE_PAT_TF]   child=16 coord=80285218-80285399 edge_bit=false child_bit=false sink=false
[TRACE_PAT_TF]   child=17 coord=80285533-80286948 edge_bit=false child_bit=false sink=false
[TRACE_PAT_TF]   child=18 coord=80288350-80288416 edge_bit=false child_bit=false sink=false
[TRACE_PAT_TF]   child=20 coord=0-0 edge_bit=false child_bit=false sink=true
[TRACE_KEEPTRF] rep=27 usepath=7 seed=true span=80279472-80286948 nodes=7 origin=read_map group=[] origin_mix=[read_map:1]
[TRACE_PAT_TF] stage=keeptrf.rep_pattern tf=27 pivot=17 coord=80285533-80286948 pop=13 group=0 longstart=80279472 longend=80285657
[TRACE_PAT_TF]   child=20 coord=0-0 edge_bit=false child_bit=false sink=true
[TRACE_KEEPTRF] rep=22 usepath=6 seed=true span=80275063-80286948 nodes=8 origin=read_map group=[] origin_mix=[read_map:1]
[TRACE_PAT_TF] stage=keeptrf.rep_pattern tf=22 pivot=17 coord=80285533-80286948 pop=15 group=0 longstart=80275063 longend=80285633
[TRACE_PAT_TF]   child=20 coord=0-0 edge_bit=false child_bit=false sink=true
[TRACE_KEEPTRF] rep=20 usepath=5 seed=true span=80275346-80285399 nodes=9 origin=read_map group=[] origin_mix=[read_map:1]
[TRACE_PAT_TF] stage=keeptrf.rep_pattern tf=20 pivot=16 coord=80285218-80285399 pop=17 group=0 longstart=80275346 longend=80285341
[TRACE_PAT_TF]   child=20 coord=0-0 edge_bit=false child_bit=false sink=true
[TRACE_KEEPTRF] rep=15 usepath=4 seed=true span=80275346-80286948 nodes=7 origin=read_map group=[14] origin_mix=[read_map:2]
[TRACE_PAT_TF] stage=keeptrf.rep_pattern tf=15 pivot=17 coord=80285533-80286948 pop=13 group=1 longstart=80275350 longend=80285682
[TRACE_PAT_TF]   child=20 coord=0-0 edge_bit=false child_bit=false sink=true
[TRACE_KEEPTRF] rep=12 usepath=3 seed=true span=80275346-80281929 nodes=5 origin=read_map group=[35] origin_mix=[read_map:2]
[TRACE_PAT_TF] stage=keeptrf.rep_pattern tf=12 pivot=10 coord=80281670-80281929 pop=9 group=1 longstart=80275346 longend=80281922
[TRACE_PAT_TF]   child=11 coord=80281929-80283589 edge_bit=false child_bit=false sink=false
[TRACE_PAT_TF]   child=12 coord=80283589-80283698 edge_bit=false child_bit=false sink=false
[TRACE_PAT_TF]   child=14 coord=80284818-80285085 edge_bit=false child_bit=false sink=false
[TRACE_PAT_TF]   child=20 coord=0-0 edge_bit=false child_bit=false sink=true
[TRACE_KEEPTRF] rep=10 usepath=2 seed=true span=80275346-80286948 nodes=9 origin=read_map group=[] origin_mix=[read_map:1]
[TRACE_PAT_TF] stage=keeptrf.rep_pattern tf=10 pivot=17 coord=80285533-80286948 pop=17 group=0 longstart=80275346 longend=80285661
[TRACE_PAT_TF]   child=20 coord=0-0 edge_bit=false child_bit=false sink=true
[TRACE_KEEPTRF] rep=7 usepath=1 seed=true span=80275346-80286948 nodes=7 origin=read_map group=[5, 8] origin_mix=[read_map:3]
[TRACE_PAT_TF] stage=keeptrf.rep_pattern tf=7 pivot=17 coord=80285533-80286948 pop=13 group=2 longstart=80275346 longend=80285670
[TRACE_PAT_TF]   child=20 coord=0-0 edge_bit=false child_bit=false sink=true
[TRACE_KEEPTRF] rep=4 usepath=0 seed=true span=80275346-80286948 nodes=8 origin=read_map group=[] origin_mix=[read_map:1]
[TRACE_PAT_TF] stage=keeptrf.rep_pattern tf=4 pivot=17 coord=80285533-80286948 pop=15 group=0 longstart=80275346 longend=80285745
[TRACE_PAT_TF]   child=20 coord=0-0 edge_bit=false child_bit=false sink=true
[TRACE_EARLY] idx=4 abund=25.0 nodes=8 seed=true weak=0 skip=pass span=80275346-80286948
[TRACE_PAT] stage=seed.raw idx=4 pivot=17 coord=80285533-80286948 node_bit=true pop=15 nchildren=1
[TRACE_PAT]   child=20 coord=0-0 edge_bit=false child_bit=false sink=true
[TRACE_PAT] stage=seed.after_nodes idx=4 pivot=17 coord=80285533-80286948 node_bit=true pop=15 nchildren=1
[TRACE_PAT]   child=20 coord=0-0 edge_bit=false child_bit=false sink=true
[TRACE_PAT] stage=seed.after_endcaps idx=4 pivot=17 coord=80285533-80286948 node_bit=true pop=15 nchildren=1
[TRACE_PAT]   child=20 coord=0-0 edge_bit=false child_bit=false sink=true
[TRACE_SEED] idx=4 abund=25.0 nnodes=8 minp=3 (80275346-80276086) maxp=17 (80285533-80286948) patpop=15
[BACK_HARDSTART_GUARD seed=4] short-circuit at i=3 (longstart=80275346, abund=25.00, polyA=0, high_abund_path=false, start_frac=0.000)
--- parse_trflong: back_to_source t=4 result=OK path_len=1 path: 3(80275346-80276086)
[TRACE_FWD] enter node i=3 coord=80275346-80276086 minpath=3 maxpath=17 nchildren=2 sink_child=false
[TRACE_FWD]   path_edge child=4 coord=80276086-80276728 edge_bit=true child_bit=true sink=false
[TRACE_FWD]   path_edge child=5 coord=80276728-80279058 edge_bit=false child_bit=true sink=false
[TRACE_FWD]   fast-path: i+1=4 already on pathpat
[TRACE_FWD]   CHOSE child c=4 coord=80276086-80276728 maxcov=0.0 tmax=None
[TRACE_FWD] enter node i=4 coord=80276086-80276728 minpath=3 maxpath=17 nchildren=1 sink_child=false
[TRACE_FWD]   path_edge child=5 coord=80276728-80279058 edge_bit=true child_bit=true sink=false
[TRACE_FWD]   fast-path: i+1=5 already on pathpat
[TRACE_FWD]   CHOSE child c=5 coord=80276728-80279058 maxcov=0.0 tmax=None
[TRACE_FWD] enter node i=5 coord=80276728-80279058 minpath=3 maxpath=17 nchildren=1 sink_child=false
[TRACE_FWD]   path_edge child=6 coord=80279367-80279466 edge_bit=true child_bit=true sink=false
[TRACE_FWD]   fast-path: i+1=6 already on pathpat
[TRACE_FWD]   CHOSE child c=6 coord=80279367-80279466 maxcov=0.0 tmax=None
[TRACE_FWD] enter node i=6 coord=80279367-80279466 minpath=3 maxpath=17 nchildren=2 sink_child=false
[TRACE_FWD]   path_edge child=8 coord=80280746-80280932 edge_bit=false child_bit=false sink=false
[TRACE_FWD]   path_edge child=10 coord=80281670-80281929 edge_bit=true child_bit=true sink=false
[TRACE_FWD]   seed-guided child=10 coord=80281670-80281929 guided=1
[TRACE_FWD]   CHOSE child c=10 coord=80281670-80281929 maxcov=0.0 tmax=None
[TRACE_FWD] enter node i=10 coord=80281670-80281929 minpath=3 maxpath=17 nchildren=4 sink_child=true
[TRACE_FWD]   path_edge child=11 coord=80281929-80283589 edge_bit=false child_bit=false sink=false
[TRACE_FWD]   path_edge child=12 coord=80283589-80283698 edge_bit=true child_bit=true sink=false
[TRACE_FWD]   path_edge child=14 coord=80284818-80285085 edge_bit=false child_bit=true sink=false
[TRACE_FWD]   path_edge child=20 coord=0-0 edge_bit=false child_bit=false sink=true
[TRACE_FWD]   seed-guided child=12 coord=80283589-80283698 guided=1
[TRACE_FWD]   CHOSE child c=12 coord=80283589-80283698 maxcov=0.0 tmax=None
[TRACE_FWD] enter node i=12 coord=80283589-80283698 minpath=3 maxpath=17 nchildren=3 sink_child=true
[TRACE_FWD]   path_edge child=13 coord=80283698-80284818 edge_bit=false child_bit=false sink=false
[TRACE_FWD]   path_edge child=14 coord=80284818-80285085 edge_bit=true child_bit=true sink=false
[TRACE_FWD]   path_edge child=20 coord=0-0 edge_bit=false child_bit=false sink=true
[TRACE_FWD]   seed-guided child=14 coord=80284818-80285085 guided=1
[TRACE_FWD]   CHOSE child c=14 coord=80284818-80285085 maxcov=0.0 tmax=None
[TRACE_FWD] enter node i=14 coord=80284818-80285085 minpath=3 maxpath=17 nchildren=5 sink_child=true
[TRACE_FWD]   path_edge child=15 coord=80285085-80285218 edge_bit=false child_bit=false sink=false
[TRACE_FWD]   path_edge child=16 coord=80285218-80285399 edge_bit=false child_bit=false sink=false
[TRACE_FWD]   path_edge child=17 coord=80285533-80286948 edge_bit=true child_bit=true sink=false
[TRACE_FWD]   path_edge child=18 coord=80288350-80288416 edge_bit=false child_bit=false sink=false
[TRACE_FWD]   path_edge child=20 coord=0-0 edge_bit=false child_bit=false sink=true
[TRACE_FWD]   seed-guided child=17 coord=80285533-80286948 guided=1
[TRACE_FWD]   CHOSE child c=17 coord=80285533-80286948 maxcov=0.0 tmax=None
[TRACE_FWD] enter node i=17 coord=80285533-80286948 minpath=3 maxpath=17 nchildren=1 sink_child=true
[TRACE_FWD]   path_edge child=20 coord=0-0 edge_bit=false child_bit=false sink=true
[ONPATH_SINK_PENULT] penultimate=10 penult_coord=80281670-80281929 maxp=17 maxp_coord=80285533-80286948 contig=false
[TRACE_FWD_SINK_DBG] tf=0 !exact=true req_long=true first<i=true maxp<=i=true last>=c=true onpath_reason=fail:sink_edge_wrong_penultimate
[TRACE_FWD_SINK]   tf=0 first=10 last=20 abundance=4.0000 maxpath=17 i=17 accepted=false
[ONPATH_SINK_PENULT] penultimate=14 penult_coord=80284818-80285085 maxp=17 maxp_coord=80285533-80286948 contig=false
[TRACE_FWD_SINK_DBG] tf=1 !exact=true req_long=true first<i=true maxp<=i=true last>=c=true onpath_reason=fail:sink_edge_wrong_penultimate
[TRACE_FWD_SINK]   tf=1 first=14 last=20 abundance=7.0000 maxpath=17 i=17 accepted=false
[ONPATH_SINK_PENULT] penultimate=12 penult_coord=80283589-80283698 maxp=17 maxp_coord=80285533-80286948 contig=false
[TRACE_FWD_SINK_DBG] tf=2 !exact=true req_long=true first<i=true maxp<=i=true last>=c=true onpath_reason=fail:sink_edge_wrong_penultimate
[TRACE_FWD_SINK]   tf=2 first=12 last=20 abundance=1.0000 maxpath=17 i=17 accepted=false
[ONPATH_SINK_PENULT] penultimate=16 penult_coord=80285218-80285399 maxp=17 maxp_coord=80285533-80286948 contig=false
[TRACE_FWD_SINK_DBG] tf=44 !exact=true req_long=true first<i=true maxp<=i=true last>=c=true onpath_reason=fail:sink_edge_wrong_penultimate
[TRACE_FWD_SINK]   tf=44 first=16 last=20 abundance=5.0000 maxpath=17 i=17 accepted=false
[TRACE_FWD_SINK]   tf=45 first=17 last=20 abundance=112.0000 maxpath=17 i=17 accepted=true
[ONPATH_SINK_PENULT] penultimate=2 penult_coord=80275063-80275346 maxp=17 maxp_coord=80285533-80286948 contig=false
[TRACE_FWD_SINK_DBG] tf=50 !exact=true req_long=true first<i=true maxp<=i=true last>=c=true onpath_reason=fail:sink_edge_wrong_penultimate
[TRACE_FWD_SINK]   tf=50 first=2 last=20 abundance=1.0000 maxpath=17 i=17 accepted=false
[ONPATH_SINK_PENULT] penultimate=8 penult_coord=80280746-80280932 maxp=17 maxp_coord=80285533-80286948 contig=false
[TRACE_FWD_SINK_DBG] tf=51 !exact=true req_long=true first<i=true maxp<=i=true last>=c=true onpath_reason=fail:sink_edge_wrong_penultimate
[TRACE_FWD_SINK]   tf=51 first=8 last=20 abundance=1.0000 maxpath=17 i=17 accepted=false
[TRACE_FWD]   child c=20 coord=0-0 ntrf=7 childcov=112.0 tchild=Some(45)
[TRACE_FWD]     support_tf=45 first=17 last=20 nodes=2 longstart=0 longend=0 tf_edge=true tf_sink_edge=true
[FWD_TRACE seed=4]   maxcov_update child=20 childcov=112.0000 prev_maxcov=0.0000 prev_tmax=None prev_weak=None cand_tchild=Some(45) cand_weak=Some(false) allow=1
[TRACE_FWD]   CHOSE child c=20 coord=0-0 maxcov=112.0 tmax=Some(45)
--- parse_trflong: fwd_to_sink t=4 result=OK path_len=10 path: 0(0-0) 3(80275346-80276086) 4(80276086-80276728) 5(80276728-80279058) 6(80279367-80279466) 10(80281670-80281929) 12(80283589-80283698) 14(80284818-80285085) 17(80285533-80286948) 20(0-0)
[TRACE_LOCUS] idx=4 abund=25.0 nodes=8 exons=6 span=80275346-80286948 rnodes=80275346-80286948 complete=true seed=true
[TRACE_LOCUS]   → flux=84.0000 cov=38.1422 nodecov_mode=false
[TRACE_LOCUS]   → STORED idx=4 cov=38.1422 abund_after=0.0000 exons=6 first=80275346-80279058 last=80285533-80286948
[TRACE_EARLY] idx=7 abund=6.0 nodes=7 seed=true weak=0 skip=pass span=80275346-80286948
[TRACE_PAT] stage=seed.raw idx=7 pivot=17 coord=80285533-80286948 node_bit=true pop=13 nchildren=1
[TRACE_PAT]   child=20 coord=0-0 edge_bit=false child_bit=false sink=true
[TRACE_PAT] stage=seed.after_nodes idx=7 pivot=17 coord=80285533-80286948 node_bit=true pop=13 nchildren=1
[TRACE_PAT]   child=20 coord=0-0 edge_bit=false child_bit=false sink=true
[TRACE_PAT] stage=seed.after_endcaps idx=7 pivot=17 coord=80285533-80286948 node_bit=true pop=13 nchildren=1
[TRACE_PAT]   child=20 coord=0-0 edge_bit=false child_bit=false sink=true
[TRACE_SEED] idx=7 abund=6.0 nnodes=7 minp=3 (80275346-80276086) maxp=17 (80285533-80286948) patpop=13
[BACK_HARDSTART_GUARD seed=7] short-circuit at i=3 (longstart=80275346, abund=6.00, polyA=0, high_abund_path=false, start_frac=0.000)
--- parse_trflong: back_to_source t=7 result=OK path_len=1 path: 3(80275346-80276086)
[TRACE_FWD] enter node i=3 coord=80275346-80276086 minpath=3 maxpath=17 nchildren=2 sink_child=false
[TRACE_FWD]   path_edge child=4 coord=80276086-80276728 edge_bit=true child_bit=true sink=false
[TRACE_FWD]   path_edge child=5 coord=80276728-80279058 edge_bit=false child_bit=true sink=false
[TRACE_FWD]   fast-path: i+1=4 already on pathpat
[TRACE_FWD]   CHOSE child c=4 coord=80276086-80276728 maxcov=0.0 tmax=None
[TRACE_FWD] enter node i=4 coord=80276086-80276728 minpath=3 maxpath=17 nchildren=1 sink_child=false
[TRACE_FWD]   path_edge child=5 coord=80276728-80279058 edge_bit=true child_bit=true sink=false
[TRACE_FWD]   fast-path: i+1=5 already on pathpat
[TRACE_FWD]   CHOSE child c=5 coord=80276728-80279058 maxcov=0.0 tmax=None
[TRACE_FWD] enter node i=5 coord=80276728-80279058 minpath=3 maxpath=17 nchildren=1 sink_child=false
[TRACE_FWD]   path_edge child=6 coord=80279367-80279466 edge_bit=true child_bit=true sink=false
[TRACE_FWD]   fast-path: i+1=6 already on pathpat
[TRACE_FWD]   CHOSE child c=6 coord=80279367-80279466 maxcov=0.0 tmax=None
[TRACE_FWD] enter node i=6 coord=80279367-80279466 minpath=3 maxpath=17 nchildren=2 sink_child=false
[TRACE_FWD]   path_edge child=8 coord=80280746-80280932 edge_bit=false child_bit=false sink=false
[TRACE_FWD]   path_edge child=10 coord=80281670-80281929 edge_bit=true child_bit=true sink=false
[TRACE_FWD]   seed-guided child=10 coord=80281670-80281929 guided=1
[TRACE_FWD]   CHOSE child c=10 coord=80281670-80281929 maxcov=0.0 tmax=None
[TRACE_FWD] enter node i=10 coord=80281670-80281929 minpath=3 maxpath=17 nchildren=4 sink_child=true
[TRACE_FWD]   path_edge child=11 coord=80281929-80283589 edge_bit=false child_bit=false sink=false
[TRACE_FWD]   path_edge child=12 coord=80283589-80283698 edge_bit=false child_bit=false sink=false
[TRACE_FWD]   path_edge child=14 coord=80284818-80285085 edge_bit=true child_bit=true sink=false
[TRACE_FWD]   path_edge child=20 coord=0-0 edge_bit=false child_bit=false sink=true
[TRACE_FWD]   seed-guided child=14 coord=80284818-80285085 guided=1
[TRACE_FWD]   CHOSE child c=14 coord=80284818-80285085 maxcov=0.0 tmax=None
[TRACE_FWD] enter node i=14 coord=80284818-80285085 minpath=3 maxpath=17 nchildren=5 sink_child=true
[TRACE_FWD]   path_edge child=15 coord=80285085-80285218 edge_bit=false child_bit=false sink=false
[TRACE_FWD]   path_edge child=16 coord=80285218-80285399 edge_bit=false child_bit=false sink=false
[TRACE_FWD]   path_edge child=17 coord=80285533-80286948 edge_bit=true child_bit=true sink=false
[TRACE_FWD]   path_edge child=18 coord=80288350-80288416 edge_bit=false child_bit=false sink=false
[TRACE_FWD]   path_edge child=20 coord=0-0 edge_bit=false child_bit=false sink=true
[TRACE_FWD]   seed-guided child=17 coord=80285533-80286948 guided=1
[TRACE_FWD]   CHOSE child c=17 coord=80285533-80286948 maxcov=0.0 tmax=None
[TRACE_FWD] enter node i=17 coord=80285533-80286948 minpath=3 maxpath=17 nchildren=1 sink_child=true
[TRACE_FWD]   path_edge child=20 coord=0-0 edge_bit=false child_bit=false sink=true
[ONPATH_SINK_PENULT] penultimate=10 penult_coord=80281670-80281929 maxp=17 maxp_coord=80285533-80286948 contig=false
[TRACE_FWD_SINK_DBG] tf=0 !exact=true req_long=true first<i=true maxp<=i=true last>=c=true onpath_reason=fail:sink_edge_wrong_penultimate
[TRACE_FWD_SINK]   tf=0 first=10 last=20 abundance=4.0000 maxpath=17 i=17 accepted=false
[ONPATH_SINK_PENULT] penultimate=14 penult_coord=80284818-80285085 maxp=17 maxp_coord=80285533-80286948 contig=false
[TRACE_FWD_SINK_DBG] tf=1 !exact=true req_long=true first<i=true maxp<=i=true last>=c=true onpath_reason=fail:sink_edge_wrong_penultimate
[TRACE_FWD_SINK]   tf=1 first=14 last=20 abundance=7.0000 maxpath=17 i=17 accepted=false
[ONPATH_SINK_PENULT] penultimate=12 penult_coord=80283589-80283698 maxp=17 maxp_coord=80285533-80286948 contig=false
[TRACE_FWD_SINK_DBG] tf=2 !exact=true req_long=true first<i=true maxp<=i=true last>=c=true onpath_reason=fail:sink_edge_wrong_penultimate
[TRACE_FWD_SINK]   tf=2 first=12 last=20 abundance=1.0000 maxpath=17 i=17 accepted=false
[ONPATH_SINK_PENULT] penultimate=16 penult_coord=80285218-80285399 maxp=17 maxp_coord=80285533-80286948 contig=false
[TRACE_FWD_SINK_DBG] tf=44 !exact=true req_long=true first<i=true maxp<=i=true last>=c=true onpath_reason=fail:sink_edge_wrong_penultimate
[TRACE_FWD_SINK]   tf=44 first=16 last=20 abundance=5.0000 maxpath=17 i=17 accepted=false
[TRACE_FWD_SINK]   tf=45 first=17 last=20 abundance=28.0000 maxpath=17 i=17 accepted=true
[ONPATH_SINK_PENULT] penultimate=2 penult_coord=80275063-80275346 maxp=17 maxp_coord=80285533-80286948 contig=false
[TRACE_FWD_SINK_DBG] tf=50 !exact=true req_long=true first<i=true maxp<=i=true last>=c=true onpath_reason=fail:sink_edge_wrong_penultimate
[TRACE_FWD_SINK]   tf=50 first=2 last=20 abundance=1.0000 maxpath=17 i=17 accepted=false
[ONPATH_SINK_PENULT] penultimate=8 penult_coord=80280746-80280932 maxp=17 maxp_coord=80285533-80286948 contig=false
[TRACE_FWD_SINK_DBG] tf=51 !exact=true req_long=true first<i=true maxp<=i=true last>=c=true onpath_reason=fail:sink_edge_wrong_penultimate
[TRACE_FWD_SINK]   tf=51 first=8 last=20 abundance=1.0000 maxpath=17 i=17 accepted=false
[TRACE_FWD]   child c=20 coord=0-0 ntrf=7 childcov=28.0 tchild=Some(45)
[TRACE_FWD]     support_tf=45 first=17 last=20 nodes=2 longstart=0 longend=0 tf_edge=true tf_sink_edge=true
[FWD_TRACE seed=7]   maxcov_update child=20 childcov=28.0000 prev_maxcov=0.0000 prev_tmax=None prev_weak=None cand_tchild=Some(45) cand_weak=Some(false) allow=1
[TRACE_FWD]   CHOSE child c=20 coord=0-0 maxcov=28.0 tmax=Some(45)
--- parse_trflong: fwd_to_sink t=7 result=OK path_len=9 path: 0(0-0) 3(80275346-80276086) 4(80276086-80276728) 5(80276728-80279058) 6(80279367-80279466) 10(80281670-80281929) 14(80284818-80285085) 17(80285533-80286948) 20(0-0)
[TRACE_LOCUS] idx=7 abund=6.0 nodes=7 exons=5 span=80275346-80286948 rnodes=80275346-80286948 complete=true seed=true
[TRACE_LOCUS]   → flux=8.8750 cov=4.5196 nodecov_mode=false
[TRACE_LOCUS]   → STORED idx=7 cov=4.5196 abund_after=0.0000 exons=5 first=80275346-80279058 last=80285533-80286948
[TRACE_EARLY] idx=10 abund=5.0 nodes=9 seed=true weak=0 skip=pass span=80275346-80286948
[TRACE_PAT] stage=seed.raw idx=10 pivot=17 coord=80285533-80286948 node_bit=true pop=17 nchildren=1
[TRACE_PAT]   child=20 coord=0-0 edge_bit=false child_bit=false sink=true
[TRACE_PAT] stage=seed.after_nodes idx=10 pivot=17 coord=80285533-80286948 node_bit=true pop=17 nchildren=1
[TRACE_PAT]   child=20 coord=0-0 edge_bit=false child_bit=false sink=true
[TRACE_PAT] stage=seed.after_endcaps idx=10 pivot=17 coord=80285533-80286948 node_bit=true pop=17 nchildren=1
[TRACE_PAT]   child=20 coord=0-0 edge_bit=false child_bit=false sink=true
[TRACE_SEED] idx=10 abund=5.0 nnodes=9 minp=3 (80275346-80276086) maxp=17 (80285533-80286948) patpop=17
[BACK_HARDSTART_GUARD seed=10] short-circuit at i=3 (longstart=80275346, abund=5.00, polyA=0, high_abund_path=false, start_frac=0.000)
--- parse_trflong: back_to_source t=10 result=OK path_len=1 path: 3(80275346-80276086)
[TRACE_FWD] enter node i=3 coord=80275346-80276086 minpath=3 maxpath=17 nchildren=2 sink_child=false
[TRACE_FWD]   path_edge child=4 coord=80276086-80276728 edge_bit=true child_bit=true sink=false
[TRACE_FWD]   path_edge child=5 coord=80276728-80279058 edge_bit=false child_bit=true sink=false
[TRACE_FWD]   fast-path: i+1=4 already on pathpat
[TRACE_FWD]   CHOSE child c=4 coord=80276086-80276728 maxcov=0.0 tmax=None
[TRACE_FWD] enter node i=4 coord=80276086-80276728 minpath=3 maxpath=17 nchildren=1 sink_child=false
[TRACE_FWD]   path_edge child=5 coord=80276728-80279058 edge_bit=true child_bit=true sink=false
[TRACE_FWD]   fast-path: i+1=5 already on pathpat
[TRACE_FWD]   CHOSE child c=5 coord=80276728-80279058 maxcov=0.0 tmax=None
[TRACE_FWD] enter node i=5 coord=80276728-80279058 minpath=3 maxpath=17 nchildren=1 sink_child=false
[TRACE_FWD]   path_edge child=6 coord=80279367-80279466 edge_bit=true child_bit=true sink=false
[TRACE_FWD]   fast-path: i+1=6 already on pathpat
[TRACE_FWD]   CHOSE child c=6 coord=80279367-80279466 maxcov=0.0 tmax=None
[TRACE_FWD] enter node i=6 coord=80279367-80279466 minpath=3 maxpath=17 nchildren=2 sink_child=false
[TRACE_FWD]   path_edge child=8 coord=80280746-80280932 edge_bit=true child_bit=true sink=false
[TRACE_FWD]   path_edge child=10 coord=80281670-80281929 edge_bit=false child_bit=true sink=false
[TRACE_FWD]   seed-guided child=8 coord=80280746-80280932 guided=1
[TRACE_FWD]   CHOSE child c=8 coord=80280746-80280932 maxcov=0.0 tmax=None
[TRACE_FWD] enter node i=8 coord=80280746-80280932 minpath=3 maxpath=17 nchildren=3 sink_child=true
[TRACE_FWD]   path_edge child=9 coord=80280932-80281670 edge_bit=false child_bit=false sink=false
[TRACE_FWD]   path_edge child=10 coord=80281670-80281929 edge_bit=true child_bit=true sink=false
[TRACE_FWD]   path_edge child=20 coord=0-0 edge_bit=false child_bit=false sink=true
[TRACE_FWD]   seed-guided child=10 coord=80281670-80281929 guided=1
[TRACE_FWD]   CHOSE child c=10 coord=80281670-80281929 maxcov=0.0 tmax=None
[TRACE_FWD] enter node i=10 coord=80281670-80281929 minpath=3 maxpath=17 nchildren=4 sink_child=true
[TRACE_FWD]   path_edge child=11 coord=80281929-80283589 edge_bit=false child_bit=false sink=false
[TRACE_FWD]   path_edge child=12 coord=80283589-80283698 edge_bit=true child_bit=true sink=false
[TRACE_FWD]   path_edge child=14 coord=80284818-80285085 edge_bit=false child_bit=true sink=false
[TRACE_FWD]   path_edge child=20 coord=0-0 edge_bit=false child_bit=false sink=true
[TRACE_FWD]   seed-guided child=12 coord=80283589-80283698 guided=1
[TRACE_FWD]   CHOSE child c=12 coord=80283589-80283698 maxcov=0.0 tmax=None
[TRACE_FWD] enter node i=12 coord=80283589-80283698 minpath=3 maxpath=17 nchildren=3 sink_child=true
[TRACE_FWD]   path_edge child=13 coord=80283698-80284818 edge_bit=false child_bit=false sink=false
[TRACE_FWD]   path_edge child=14 coord=80284818-80285085 edge_bit=true child_bit=true sink=false
[TRACE_FWD]   path_edge child=20 coord=0-0 edge_bit=false child_bit=false sink=true
[TRACE_FWD]   seed-guided child=14 coord=80284818-80285085 guided=1
[TRACE_FWD]   CHOSE child c=14 coord=80284818-80285085 maxcov=0.0 tmax=None
[TRACE_FWD] enter node i=14 coord=80284818-80285085 minpath=3 maxpath=17 nchildren=5 sink_child=true
[TRACE_FWD]   path_edge child=15 coord=80285085-80285218 edge_bit=false child_bit=false sink=false
[TRACE_FWD]   path_edge child=16 coord=80285218-80285399 edge_bit=false child_bit=false sink=false
[TRACE_FWD]   path_edge child=17 coord=80285533-80286948 edge_bit=true child_bit=true sink=false
[TRACE_FWD]   path_edge child=18 coord=80288350-80288416 edge_bit=false child_bit=false sink=false
[TRACE_FWD]   path_edge child=20 coord=0-0 edge_bit=false child_bit=false sink=true
[TRACE_FWD]   seed-guided child=17 coord=80285533-80286948 guided=1
[TRACE_FWD]   CHOSE child c=17 coord=80285533-80286948 maxcov=0.0 tmax=None
[TRACE_FWD] enter node i=17 coord=80285533-80286948 minpath=3 maxpath=17 nchildren=1 sink_child=true
[TRACE_FWD]   path_edge child=20 coord=0-0 edge_bit=false child_bit=false sink=true
[ONPATH_SINK_PENULT] penultimate=10 penult_coord=80281670-80281929 maxp=17 maxp_coord=80285533-80286948 contig=false
[TRACE_FWD_SINK_DBG] tf=0 !exact=true req_long=true first<i=true maxp<=i=true last>=c=true onpath_reason=fail:sink_edge_wrong_penultimate
[TRACE_FWD_SINK]   tf=0 first=10 last=20 abundance=4.0000 maxpath=17 i=17 accepted=false
[ONPATH_SINK_PENULT] penultimate=14 penult_coord=80284818-80285085 maxp=17 maxp_coord=80285533-80286948 contig=false
[TRACE_FWD_SINK_DBG] tf=1 !exact=true req_long=true first<i=true maxp<=i=true last>=c=true onpath_reason=fail:sink_edge_wrong_penultimate
[TRACE_FWD_SINK]   tf=1 first=14 last=20 abundance=7.0000 maxpath=17 i=17 accepted=false
[ONPATH_SINK_PENULT] penultimate=12 penult_coord=80283589-80283698 maxp=17 maxp_coord=80285533-80286948 contig=false
[TRACE_FWD_SINK_DBG] tf=2 !exact=true req_long=true first<i=true maxp<=i=true last>=c=true onpath_reason=fail:sink_edge_wrong_penultimate
[TRACE_FWD_SINK]   tf=2 first=12 last=20 abundance=1.0000 maxpath=17 i=17 accepted=false
[ONPATH_SINK_PENULT] penultimate=16 penult_coord=80285218-80285399 maxp=17 maxp_coord=80285533-80286948 contig=false
[TRACE_FWD_SINK_DBG] tf=44 !exact=true req_long=true first<i=true maxp<=i=true last>=c=true onpath_reason=fail:sink_edge_wrong_penultimate
[TRACE_FWD_SINK]   tf=44 first=16 last=20 abundance=5.0000 maxpath=17 i=17 accepted=false
[TRACE_FWD_SINK]   tf=45 first=17 last=20 abundance=19.1250 maxpath=17 i=17 accepted=true
[ONPATH_SINK_PENULT] penultimate=2 penult_coord=80275063-80275346 maxp=17 maxp_coord=80285533-80286948 contig=false
[TRACE_FWD_SINK_DBG] tf=50 !exact=true req_long=true first<i=true maxp<=i=true last>=c=true onpath_reason=fail:sink_edge_wrong_penultimate
[TRACE_FWD_SINK]   tf=50 first=2 last=20 abundance=1.0000 maxpath=17 i=17 accepted=false
[ONPATH_SINK_PENULT] penultimate=8 penult_coord=80280746-80280932 maxp=17 maxp_coord=80285533-80286948 contig=false
[TRACE_FWD_SINK_DBG] tf=51 !exact=true req_long=true first<i=true maxp<=i=true last>=c=true onpath_reason=fail:sink_edge_wrong_penultimate
[TRACE_FWD_SINK]   tf=51 first=8 last=20 abundance=1.0000 maxpath=17 i=17 accepted=false
[TRACE_FWD]   child c=20 coord=0-0 ntrf=7 childcov=19.1 tchild=Some(45)
[TRACE_FWD]     support_tf=45 first=17 last=20 nodes=2 longstart=0 longend=0 tf_edge=true tf_sink_edge=true
[FWD_TRACE seed=10]   maxcov_update child=20 childcov=19.1250 prev_maxcov=0.0000 prev_tmax=None prev_weak=None cand_tchild=Some(45) cand_weak=Some(false) allow=1
[TRACE_FWD]   CHOSE child c=20 coord=0-0 maxcov=19.1 tmax=Some(45)
--- parse_trflong: fwd_to_sink t=10 result=OK path_len=11 path: 0(0-0) 3(80275346-80276086) 4(80276086-80276728) 5(80276728-80279058) 6(80279367-80279466) 8(80280746-80280932) 10(80281670-80281929) 12(80283589-80283698) 14(80284818-80285085) 17(80285533-80286948) 20(0-0)
[TRACE_LOCUS] idx=10 abund=5.0 nodes=9 exons=7 span=80275346-80286948 rnodes=80275346-80286948 complete=true seed=true
[TRACE_LOCUS]   → flux=5.0000 cov=2.9038 nodecov_mode=false
[TRACE_LOCUS]   → STORED idx=10 cov=2.9038 abund_after=0.0000 exons=7 first=80275346-80279058 last=80285533-80286948
[TRACE_EARLY] idx=12 abund=1.9 nodes=5 seed=true weak=0 skip=pass span=80275346-80281929
[TRACE_PAT] stage=seed.raw idx=12 pivot=10 coord=80281670-80281929 node_bit=true pop=9 nchildren=4
[TRACE_PAT]   child=11 coord=80281929-80283589 edge_bit=false child_bit=false sink=false
[TRACE_PAT]   child=12 coord=80283589-80283698 edge_bit=false child_bit=false sink=false
[TRACE_PAT]   child=14 coord=80284818-80285085 edge_bit=false child_bit=false sink=false
[TRACE_PAT]   child=20 coord=0-0 edge_bit=false child_bit=false sink=true
[TRACE_PAT] stage=seed.after_nodes idx=12 pivot=10 coord=80281670-80281929 node_bit=true pop=9 nchildren=4
[TRACE_PAT]   child=11 coord=80281929-80283589 edge_bit=false child_bit=false sink=false
[TRACE_PAT]   child=12 coord=80283589-80283698 edge_bit=false child_bit=false sink=false
[TRACE_PAT]   child=14 coord=80284818-80285085 edge_bit=false child_bit=false sink=false
[TRACE_PAT]   child=20 coord=0-0 edge_bit=false child_bit=false sink=true
[TRACE_PAT] stage=seed.after_endcaps idx=12 pivot=10 coord=80281670-80281929 node_bit=true pop=9 nchildren=4
[TRACE_PAT]   child=11 coord=80281929-80283589 edge_bit=false child_bit=false sink=false
[TRACE_PAT]   child=12 coord=80283589-80283698 edge_bit=false child_bit=false sink=false
[TRACE_PAT]   child=14 coord=80284818-80285085 edge_bit=false child_bit=false sink=false
[TRACE_PAT]   child=20 coord=0-0 edge_bit=false child_bit=false sink=true
[TRACE_SEED] idx=12 abund=1.9 nnodes=5 minp=3 (80275346-80276086) maxp=10 (80281670-80281929) patpop=9
[BACK_TRACE seed=12] enter node i=3 coord=80275346-80276086 minpath=3 maxpath=10 nparents=2 path_len=1
[TRACE_BACK_SOURCE]   tf=39 first=0 last=2 abundance=2.0000 minpath=3 exact=false pure_stub=true alt_parent_cov=1.0000 accepted=false
[TRACE_BACK_SOURCE]   tf=43 first=0 last=7 abundance=1.0000 minpath=3 exact=false pure_stub=true alt_parent_cov=1.0000 accepted=false
[TRACE_BACK_SOURCE]   tf=49 first=0 last=3 abundance=60.0000 minpath=3 exact=true pure_stub=true alt_parent_cov=1.0000 accepted=true
[TRACE_BACK]   parent p=0 coord=0-0 ntrf=5 depleted=0 skip_notlong=0 parentcov=60.0 tpar=Some(49)
[BACK_TRACE seed=12]   maxcov_update parent=0 parentcov=60.0000 prev_maxcov=0.0000 prev_tmax=None prev_weak=None cand_tpar=Some(49) cand_weak=Some(false) allow=1
[TRACE_BACK]   CHOSE parent p=0 coord=0-0 maxcov=60.0 tmax=Some(49)
[TRACE_BACK]   PATHPAT_OR via tmax=49 abund=60.0000 first=0 last=3 nodes=0(0-0) 3(80275346-80276086)
--- parse_trflong: back_to_source t=12 result=OK path_len=1 path: 3(80275346-80276086)
[TRACE_FWD] enter node i=3 coord=80275346-80276086 minpath=0 maxpath=10 nchildren=2 sink_child=false
[TRACE_FWD]   path_edge child=4 coord=80276086-80276728 edge_bit=true child_bit=true sink=false
[TRACE_FWD]   path_edge child=5 coord=80276728-80279058 edge_bit=false child_bit=true sink=false
[TRACE_FWD]   fast-path: i+1=4 already on pathpat
[TRACE_FWD]   CHOSE child c=4 coord=80276086-80276728 maxcov=0.0 tmax=None
[TRACE_FWD] enter node i=4 coord=80276086-80276728 minpath=0 maxpath=10 nchildren=1 sink_child=false
[TRACE_FWD]   path_edge child=5 coord=80276728-80279058 edge_bit=true child_bit=true sink=false
[TRACE_FWD]   fast-path: i+1=5 already on pathpat
[TRACE_FWD]   CHOSE child c=5 coord=80276728-80279058 maxcov=0.0 tmax=None
[TRACE_FWD] enter node i=5 coord=80276728-80279058 minpath=0 maxpath=10 nchildren=1 sink_child=false
[TRACE_FWD]   path_edge child=6 coord=80279367-80279466 edge_bit=true child_bit=true sink=false
[TRACE_FWD]   fast-path: i+1=6 already on pathpat
[TRACE_FWD]   CHOSE child c=6 coord=80279367-80279466 maxcov=0.0 tmax=None
[TRACE_FWD] enter node i=6 coord=80279367-80279466 minpath=0 maxpath=10 nchildren=2 sink_child=false
[TRACE_FWD]   path_edge child=8 coord=80280746-80280932 edge_bit=false child_bit=false sink=false
[TRACE_FWD]   path_edge child=10 coord=80281670-80281929 edge_bit=true child_bit=true sink=false
[TRACE_FWD]   seed-guided child=10 coord=80281670-80281929 guided=1
[TRACE_FWD]   CHOSE child c=10 coord=80281670-80281929 maxcov=0.0 tmax=None
[TRACE_FWD] enter node i=10 coord=80281670-80281929 minpath=0 maxpath=10 nchildren=4 sink_child=true
[TRACE_FWD]   path_edge child=11 coord=80281929-80283589 edge_bit=false child_bit=false sink=false
[TRACE_FWD]   path_edge child=12 coord=80283589-80283698 edge_bit=false child_bit=false sink=false
[TRACE_FWD]   path_edge child=14 coord=80284818-80285085 edge_bit=false child_bit=false sink=false
[TRACE_FWD]   path_edge child=20 coord=0-0 edge_bit=false child_bit=false sink=true
[FWD_HARDEND_GUARD seed=12] skip at i=10 (seed_last_real but not minority_fork, gap=7)
[FWD_TRACE seed=12]     trf t=6 abund=7.0 first=5 last=17 weak=0 ACCEPT pattern_pop=13 nodes=[5, 6, 8, 10, 12, 14, 17]
[FWD_TRACE seed=12]       replace_tmax prev=None new=Some(6)
[FWD_TRACE seed=12]     trf t=9 abund=6.0 first=5 last=14 weak=0 ACCEPT pattern_pop=9 nodes=[5, 6, 10, 12, 14]
[FWD_TRACE seed=12]       replace_tmax prev=Some(6) new=Some(6)
[FWD_TRACE seed=12]     trf t=15 abund=2.0 first=3 last=17 weak=0 ACCEPT pattern_pop=13 nodes=[3, 5, 6, 10, 12, 14, 17]
[FWD_TRACE seed=12]       replace_tmax prev=Some(6) new=Some(6)
[FWD_TRACE seed=12]     trf t=16 abund=2.0 first=5 last=16 weak=1 ACCEPT pattern_pop=13 nodes=[5, 6, 10, 12, 14, 15, 16]
[FWD_TRACE seed=12]       replace_tmax prev=Some(6) new=Some(6)
[FWD_TRACE seed=12]     trf t=17 abund=2.0 first=5 last=16 weak=0 ACCEPT pattern_pop=11 nodes=[5, 6, 10, 12, 14, 16]
[FWD_TRACE seed=12]       replace_tmax prev=Some(6) new=Some(6)
[FWD_TRACE seed=12]     trf t=20 abund=1.0 first=3 last=16 weak=1 ACCEPT pattern_pop=17 nodes=[3, 4, 5, 6, 10, 12, 14, 15]
[FWD_TRACE seed=12]       replace_tmax prev=Some(6) new=Some(6)
[FWD_TRACE seed=12]     trf t=21 abund=1.0 first=3 last=19 weak=1 ACCEPT pattern_pop=17 nodes=[3, 4, 5, 6, 10, 12, 14, 18]
[FWD_TRACE seed=12]       replace_tmax prev=Some(6) new=Some(6)
[FWD_TRACE seed=12]     trf t=23 abund=1.0 first=5 last=17 weak=1 ACCEPT pattern_pop=15 nodes=[5, 6, 8, 10, 12, 13, 14, 17]
[FWD_TRACE seed=12]       replace_tmax prev=Some(6) new=Some(6)
[FWD_TRACE seed=12]     trf t=24 abund=1.0 first=5 last=19 weak=0 ACCEPT pattern_pop=15 nodes=[5, 6, 8, 10, 12, 14, 18, 19]
[FWD_TRACE seed=12]       replace_tmax prev=Some(6) new=Some(6)
[FWD_TRACE seed=12]     trf t=25 abund=1.0 first=3 last=18 weak=0 ACCEPT pattern_pop=13 nodes=[3, 5, 6, 10, 12, 14, 18]
[FWD_TRACE seed=12]       replace_tmax prev=Some(6) new=Some(6)
[FWD_TRACE seed=12]     trf t=26 abund=1.0 first=5 last=19 weak=0 ACCEPT pattern_pop=13 nodes=[5, 6, 10, 12, 14, 18, 19]
[FWD_TRACE seed=12]       replace_tmax prev=Some(6) new=Some(6)
[FWD_TRACE seed=12]     trf t=27 abund=1.0 first=7 last=17 FAIL onpath=false reason=fail:right_gap_unreachable pattern_pop=13 nodes=[7, 8, 9, 10, 12, 14, 17]
[FWD_TRACE seed=12]     trf t=29 abund=1.0 first=6 last=14 weak=0 ACCEPT pattern_pop=7 nodes=[6, 10, 12, 14]
[FWD_TRACE seed=12]       replace_tmax prev=Some(6) new=Some(6)
[FWD_TRACE seed=12]     trf t=31 abund=0.5 first=5 last=12 weak=0 ACCEPT pattern_pop=7 nodes=[5, 6, 10, 12]
[FWD_TRACE seed=12]       replace_tmax prev=Some(6) new=Some(6)
[TRACE_FWD]   child c=12 coord=80283589-80283698 ntrf=16 childcov=26.5 tchild=Some(6)
[TRACE_FWD]     support_tf=6 first=5 last=17 nodes=7 longstart=80278659 longend=80285682 tf_edge=true tf_sink_edge=false
[FWD_TRACE seed=12]   maxcov_update child=12 childcov=26.5000 prev_maxcov=0.0000 prev_tmax=None prev_weak=None cand_tchild=Some(6) cand_weak=Some(false) allow=1
[FWD_TRACE seed=12]     trf t=6 abund=7.0 first=5 last=17 weak=0 ACCEPT pattern_pop=13 nodes=[5, 6, 8, 10, 12, 14, 17]
[FWD_TRACE seed=12]       replace_tmax prev=None new=Some(6)
[FWD_TRACE seed=12]     trf t=8 abund=3.1 first=5 last=17 weak=0 ACCEPT pattern_pop=9 nodes=[5, 6, 10, 14, 17]
[FWD_TRACE seed=12]       replace_tmax prev=Some(6) new=Some(6)
[FWD_TRACE seed=12]     trf t=9 abund=6.0 first=5 last=14 weak=0 ACCEPT pattern_pop=9 nodes=[5, 6, 10, 12, 14]
[FWD_TRACE seed=12]       replace_tmax prev=Some(6) new=Some(6)
[FWD_TRACE seed=12]     trf t=15 abund=2.0 first=3 last=17 weak=0 ACCEPT pattern_pop=13 nodes=[3, 5, 6, 10, 12, 14, 17]
[FWD_TRACE seed=12]       replace_tmax prev=Some(6) new=Some(6)
[FWD_TRACE seed=12]     trf t=16 abund=2.0 first=5 last=16 weak=1 ACCEPT pattern_pop=13 nodes=[5, 6, 10, 12, 14, 15, 16]
[FWD_TRACE seed=12]       replace_tmax prev=Some(6) new=Some(6)
[FWD_TRACE seed=12]     trf t=17 abund=2.0 first=5 last=16 weak=0 ACCEPT pattern_pop=11 nodes=[5, 6, 10, 12, 14, 16]
[FWD_TRACE seed=12]       replace_tmax prev=Some(6) new=Some(6)
[FWD_TRACE seed=12]     trf t=18 abund=2.0 first=6 last=17 weak=0 ACCEPT pattern_pop=7 nodes=[6, 10, 14, 17]
[FWD_TRACE seed=12]       replace_tmax prev=Some(6) new=Some(6)
[FWD_TRACE seed=12]     trf t=20 abund=1.0 first=3 last=16 weak=1 ACCEPT pattern_pop=17 nodes=[3, 4, 5, 6, 10, 12, 14, 15]
[FWD_TRACE seed=12]       replace_tmax prev=Some(6) new=Some(6)
[FWD_TRACE seed=12]     trf t=21 abund=1.0 first=3 last=19 weak=1 ACCEPT pattern_pop=17 nodes=[3, 4, 5, 6, 10, 12, 14, 18]
[FWD_TRACE seed=12]       replace_tmax prev=Some(6) new=Some(6)
[FWD_TRACE seed=12]     trf t=22 abund=1.0 first=2 last=17 FAIL onpath=false reason=fail:left_gap_after_source pattern_pop=15 nodes=[2, 3, 4, 5, 6, 10, 14, 17]
[FWD_TRACE seed=12]     trf t=23 abund=1.0 first=5 last=17 weak=1 ACCEPT pattern_pop=15 nodes=[5, 6, 8, 10, 12, 13, 14, 17]
[FWD_TRACE seed=12]       replace_tmax prev=Some(6) new=Some(6)
[FWD_TRACE seed=12]     trf t=24 abund=1.0 first=5 last=19 weak=0 ACCEPT pattern_pop=15 nodes=[5, 6, 8, 10, 12, 14, 18, 19]
[FWD_TRACE seed=12]       replace_tmax prev=Some(6) new=Some(6)
[FWD_TRACE seed=12]     trf t=25 abund=1.0 first=3 last=18 weak=0 ACCEPT pattern_pop=13 nodes=[3, 5, 6, 10, 12, 14, 18]
[FWD_TRACE seed=12]       replace_tmax prev=Some(6) new=Some(6)
[FWD_TRACE seed=12]     trf t=26 abund=1.0 first=5 last=19 weak=0 ACCEPT pattern_pop=13 nodes=[5, 6, 10, 12, 14, 18, 19]
[FWD_TRACE seed=12]       replace_tmax prev=Some(6) new=Some(6)
[FWD_TRACE seed=12]     trf t=27 abund=1.0 first=7 last=17 FAIL onpath=false reason=fail:right_gap_unreachable pattern_pop=13 nodes=[7, 8, 9, 10, 12, 14, 17]
[FWD_TRACE seed=12]     trf t=28 abund=1.0 first=3 last=14 weak=0 ACCEPT pattern_pop=9 nodes=[3, 5, 6, 10, 14]
[FWD_TRACE seed=12]       replace_tmax prev=Some(6) new=Some(6)
[FWD_TRACE seed=12]     trf t=29 abund=1.0 first=6 last=14 weak=0 ACCEPT pattern_pop=7 nodes=[6, 10, 12, 14]
[FWD_TRACE seed=12]       replace_tmax prev=Some(6) new=Some(6)
[TRACE_FWD]   child c=14 coord=80284818-80285085 ntrf=20 childcov=32.1 tchild=Some(6)
[TRACE_FWD]     support_tf=6 first=5 last=17 nodes=7 longstart=80278659 longend=80285682 tf_edge=false tf_sink_edge=false
[FWD_TRACE seed=12]   maxcov_update child=14 childcov=32.1250 prev_maxcov=26.5000 prev_tmax=Some(6) prev_weak=Some(false) cand_tchild=Some(6) cand_weak=Some(false) allow=1
[TRACE_FWD_SINK]   tf=0 first=10 last=20 abundance=4.0000 maxpath=10 i=10 accepted=true
[TRACE_FWD_SINK]   tf=1 first=14 last=20 abundance=7.0000 maxpath=10 i=10 accepted=false
[TRACE_FWD_SINK]   tf=2 first=12 last=20 abundance=1.0000 maxpath=10 i=10 accepted=false
[TRACE_FWD_SINK]   tf=44 first=16 last=20 abundance=5.0000 maxpath=10 i=10 accepted=false
[TRACE_FWD_SINK]   tf=45 first=17 last=20 abundance=14.1250 maxpath=10 i=10 accepted=false
[ONPATH_SINK_PENULT] penultimate=2 penult_coord=80275063-80275346 maxp=10 maxp_coord=80281670-80281929 contig=false
[TRACE_FWD_SINK_DBG] tf=50 !exact=true req_long=true first<i=true maxp<=i=true last>=c=true onpath_reason=fail:sink_edge_wrong_penultimate
[TRACE_FWD_SINK]   tf=50 first=2 last=20 abundance=1.0000 maxpath=10 i=10 accepted=false
[ONPATH_SINK_PENULT] penultimate=8 penult_coord=80280746-80280932 maxp=10 maxp_coord=80281670-80281929 contig=false
[TRACE_FWD_SINK_DBG] tf=51 !exact=true req_long=true first<i=true maxp<=i=true last>=c=true onpath_reason=fail:sink_edge_wrong_penultimate
[TRACE_FWD_SINK]   tf=51 first=8 last=20 abundance=1.0000 maxpath=10 i=10 accepted=false
[TRACE_FWD]   child c=20 coord=0-0 ntrf=7 childcov=4.0 tchild=Some(0)
[TRACE_FWD]     support_tf=0 first=10 last=20 nodes=2 longstart=0 longend=0 tf_edge=true tf_sink_edge=true
[TRACE_FWD]   CHOSE child c=14 coord=80284818-80285085 maxcov=32.1 tmax=Some(6)
[TRACE_FWD] enter node i=14 coord=80284818-80285085 minpath=0 maxpath=17 nchildren=5 sink_child=true
[TRACE_FWD]   path_edge child=15 coord=80285085-80285218 edge_bit=false child_bit=false sink=false
[TRACE_FWD]   path_edge child=16 coord=80285218-80285399 edge_bit=false child_bit=false sink=false
[TRACE_FWD]   path_edge child=17 coord=80285533-80286948 edge_bit=true child_bit=true sink=false
[TRACE_FWD]   path_edge child=18 coord=80288350-80288416 edge_bit=false child_bit=false sink=false
[TRACE_FWD]   path_edge child=20 coord=0-0 edge_bit=false child_bit=false sink=true
[TRACE_FWD]   edge_bit fast-path: child=17 coord=80285533-80286948
[TRACE_FWD]   CHOSE child c=17 coord=80285533-80286948 maxcov=0.0 tmax=None
[TRACE_FWD] enter node i=17 coord=80285533-80286948 minpath=0 maxpath=17 nchildren=1 sink_child=true
[TRACE_FWD]   path_edge child=20 coord=0-0 edge_bit=false child_bit=false sink=true
[ONPATH_SINK_PENULT] penultimate=10 penult_coord=80281670-80281929 maxp=17 maxp_coord=80285533-80286948 contig=false
[TRACE_FWD_SINK_DBG] tf=0 !exact=true req_long=true first<i=true maxp<=i=true last>=c=true onpath_reason=fail:sink_edge_wrong_penultimate
[TRACE_FWD_SINK]   tf=0 first=10 last=20 abundance=4.0000 maxpath=17 i=17 accepted=false
[ONPATH_SINK_PENULT] penultimate=14 penult_coord=80284818-80285085 maxp=17 maxp_coord=80285533-80286948 contig=false
[TRACE_FWD_SINK_DBG] tf=1 !exact=true req_long=true first<i=true maxp<=i=true last>=c=true onpath_reason=fail:sink_edge_wrong_penultimate
[TRACE_FWD_SINK]   tf=1 first=14 last=20 abundance=7.0000 maxpath=17 i=17 accepted=false
[ONPATH_SINK_PENULT] penultimate=12 penult_coord=80283589-80283698 maxp=17 maxp_coord=80285533-80286948 contig=false
[TRACE_FWD_SINK_DBG] tf=2 !exact=true req_long=true first<i=true maxp<=i=true last>=c=true onpath_reason=fail:sink_edge_wrong_penultimate
[TRACE_FWD_SINK]   tf=2 first=12 last=20 abundance=1.0000 maxpath=17 i=17 accepted=false
[ONPATH_SINK_PENULT] penultimate=16 penult_coord=80285218-80285399 maxp=17 maxp_coord=80285533-80286948 contig=false
[TRACE_FWD_SINK_DBG] tf=44 !exact=true req_long=true first<i=true maxp<=i=true last>=c=true onpath_reason=fail:sink_edge_wrong_penultimate
[TRACE_FWD_SINK]   tf=44 first=16 last=20 abundance=5.0000 maxpath=17 i=17 accepted=false
[TRACE_FWD_SINK]   tf=45 first=17 last=20 abundance=14.1250 maxpath=17 i=17 accepted=true
[ONPATH_SINK_PENULT] penultimate=2 penult_coord=80275063-80275346 maxp=17 maxp_coord=80285533-80286948 contig=false
[TRACE_FWD_SINK_DBG] tf=50 !exact=true req_long=true first<i=true maxp<=i=true last>=c=true onpath_reason=fail:sink_edge_wrong_penultimate
[TRACE_FWD_SINK]   tf=50 first=2 last=20 abundance=1.0000 maxpath=17 i=17 accepted=false
[ONPATH_SINK_PENULT] penultimate=8 penult_coord=80280746-80280932 maxp=17 maxp_coord=80285533-80286948 contig=false
[TRACE_FWD_SINK_DBG] tf=51 !exact=true req_long=true first<i=true maxp<=i=true last>=c=true onpath_reason=fail:sink_edge_wrong_penultimate
[TRACE_FWD_SINK]   tf=51 first=8 last=20 abundance=1.0000 maxpath=17 i=17 accepted=false
[TRACE_FWD]   child c=20 coord=0-0 ntrf=7 childcov=14.1 tchild=Some(45)
[TRACE_FWD]     support_tf=45 first=17 last=20 nodes=2 longstart=0 longend=0 tf_edge=true tf_sink_edge=true
[FWD_TRACE seed=12]   maxcov_update child=20 childcov=14.1250 prev_maxcov=0.0000 prev_tmax=None prev_weak=None cand_tchild=Some(45) cand_weak=Some(false) allow=1
[TRACE_FWD]   CHOSE child c=20 coord=0-0 maxcov=14.1 tmax=Some(45)
--- parse_trflong: fwd_to_sink t=12 result=OK path_len=9 path: 0(0-0) 3(80275346-80276086) 4(80276086-80276728) 5(80276728-80279058) 6(80279367-80279466) 10(80281670-80281929) 14(80284818-80285085) 17(80285533-80286948) 20(0-0)
[TRACE_CHECKTRF_ADD] t=12 reason=hard_boundary_low_abund saved_abund=1.8571 abund=1.8571 guide=false longstart=80275346 longend=80281922 back=1 fwd=1 flux=- cov=- tocheck=- tf_nodes=5 tf_coords=3(80275346-80276086) 4(80276086-80276728) 5(80276728-80279058) 6(80279367-80279466) 10(80281670-80281929) path_nodes=7 path_coords=3(80275346-80276086) 4(80276086-80276728) 5(80276728-80279058) 6(80279367-80279466) 10(80281670-80281929) 14(80284818-80285085) 17(80285533-80286948)
[TRACE_EARLY] idx=15 abund=2.0 nodes=7 seed=true weak=0 skip=pass span=80275346-80286948
[TRACE_PAT] stage=seed.raw idx=15 pivot=17 coord=80285533-80286948 node_bit=true pop=13 nchildren=1
[TRACE_PAT]   child=20 coord=0-0 edge_bit=false child_bit=false sink=true
[TRACE_PAT] stage=seed.after_nodes idx=15 pivot=17 coord=80285533-80286948 node_bit=true pop=13 nchildren=1
[TRACE_PAT]   child=20 coord=0-0 edge_bit=false child_bit=false sink=true
[TRACE_PAT] stage=seed.after_endcaps idx=15 pivot=17 coord=80285533-80286948 node_bit=true pop=13 nchildren=1
[TRACE_PAT]   child=20 coord=0-0 edge_bit=false child_bit=false sink=true
[TRACE_SEED] idx=15 abund=2.0 nnodes=7 minp=3 (80275346-80276086) maxp=17 (80285533-80286948) patpop=13
[BACK_HARDSTART_GUARD seed=15] short-circuit at i=3 (longstart=80275350, abund=2.00, polyA=0, high_abund_path=false, start_frac=0.000)
--- parse_trflong: back_to_source t=15 result=OK path_len=1 path: 3(80275346-80276086)
[TRACE_FWD] enter node i=3 coord=80275346-80276086 minpath=3 maxpath=17 nchildren=2 sink_child=false
[TRACE_FWD]   path_edge child=4 coord=80276086-80276728 edge_bit=false child_bit=false sink=false
[TRACE_FWD]   path_edge child=5 coord=80276728-80279058 edge_bit=true child_bit=true sink=false
[TRACE_FWD]   seed-guided child=5 coord=80276728-80279058 guided=1
[TRACE_FWD]   CHOSE child c=5 coord=80276728-80279058 maxcov=0.0 tmax=None
[TRACE_FWD] enter node i=5 coord=80276728-80279058 minpath=3 maxpath=17 nchildren=1 sink_child=false
[TRACE_FWD]   path_edge child=6 coord=80279367-80279466 edge_bit=true child_bit=true sink=false
[TRACE_FWD]   fast-path: i+1=6 already on pathpat
[TRACE_FWD]   CHOSE child c=6 coord=80279367-80279466 maxcov=0.0 tmax=None
[TRACE_FWD] enter node i=6 coord=80279367-80279466 minpath=3 maxpath=17 nchildren=2 sink_child=false
[TRACE_FWD]   path_edge child=8 coord=80280746-80280932 edge_bit=false child_bit=false sink=false
[TRACE_FWD]   path_edge child=10 coord=80281670-80281929 edge_bit=true child_bit=true sink=false
[TRACE_FWD]   seed-guided child=10 coord=80281670-80281929 guided=1
[TRACE_FWD]   CHOSE child c=10 coord=80281670-80281929 maxcov=0.0 tmax=None
[TRACE_FWD] enter node i=10 coord=80281670-80281929 minpath=3 maxpath=17 nchildren=4 sink_child=true
[TRACE_FWD]   path_edge child=11 coord=80281929-80283589 edge_bit=false child_bit=false sink=false
[TRACE_FWD]   path_edge child=12 coord=80283589-80283698 edge_bit=true child_bit=true sink=false
[TRACE_FWD]   path_edge child=14 coord=80284818-80285085 edge_bit=false child_bit=true sink=false
[TRACE_FWD]   path_edge child=20 coord=0-0 edge_bit=false child_bit=false sink=true
[TRACE_FWD]   seed-guided child=12 coord=80283589-80283698 guided=1
[TRACE_FWD]   CHOSE child c=12 coord=80283589-80283698 maxcov=0.0 tmax=None
[TRACE_FWD] enter node i=12 coord=80283589-80283698 minpath=3 maxpath=17 nchildren=3 sink_child=true
[TRACE_FWD]   path_edge child=13 coord=80283698-80284818 edge_bit=false child_bit=false sink=false
[TRACE_FWD]   path_edge child=14 coord=80284818-80285085 edge_bit=true child_bit=true sink=false
[TRACE_FWD]   path_edge child=20 coord=0-0 edge_bit=false child_bit=false sink=true
[TRACE_FWD]   seed-guided child=14 coord=80284818-80285085 guided=1
[TRACE_FWD]   CHOSE child c=14 coord=80284818-80285085 maxcov=0.0 tmax=None
[TRACE_FWD] enter node i=14 coord=80284818-80285085 minpath=3 maxpath=17 nchildren=5 sink_child=true
[TRACE_FWD]   path_edge child=15 coord=80285085-80285218 edge_bit=false child_bit=false sink=false
[TRACE_FWD]   path_edge child=16 coord=80285218-80285399 edge_bit=false child_bit=false sink=false
[TRACE_FWD]   path_edge child=17 coord=80285533-80286948 edge_bit=true child_bit=true sink=false
[TRACE_FWD]   path_edge child=18 coord=80288350-80288416 edge_bit=false child_bit=false sink=false
[TRACE_FWD]   path_edge child=20 coord=0-0 edge_bit=false child_bit=false sink=true
[TRACE_FWD]   seed-guided child=17 coord=80285533-80286948 guided=1
[TRACE_FWD]   CHOSE child c=17 coord=80285533-80286948 maxcov=0.0 tmax=None
[TRACE_FWD] enter node i=17 coord=80285533-80286948 minpath=3 maxpath=17 nchildren=1 sink_child=true
[TRACE_FWD]   path_edge child=20 coord=0-0 edge_bit=false child_bit=false sink=true
[FWD_HARDEND_GUARD seed=15] skip at i=17 (gap=1266 > MAX_LONGEND_GAP 100)
[ONPATH_SINK_PENULT] penultimate=10 penult_coord=80281670-80281929 maxp=17 maxp_coord=80285533-80286948 contig=false
[TRACE_FWD_SINK_DBG] tf=0 !exact=true req_long=true first<i=true maxp<=i=true last>=c=true onpath_reason=fail:sink_edge_wrong_penultimate
[TRACE_FWD_SINK]   tf=0 first=10 last=20 abundance=4.0000 maxpath=17 i=17 accepted=false
[ONPATH_SINK_PENULT] penultimate=14 penult_coord=80284818-80285085 maxp=17 maxp_coord=80285533-80286948 contig=false
[TRACE_FWD_SINK_DBG] tf=1 !exact=true req_long=true first<i=true maxp<=i=true last>=c=true onpath_reason=fail:sink_edge_wrong_penultimate
[TRACE_FWD_SINK]   tf=1 first=14 last=20 abundance=7.0000 maxpath=17 i=17 accepted=false
[ONPATH_SINK_PENULT] penultimate=12 penult_coord=80283589-80283698 maxp=17 maxp_coord=80285533-80286948 contig=false
[TRACE_FWD_SINK_DBG] tf=2 !exact=true req_long=true first<i=true maxp<=i=true last>=c=true onpath_reason=fail:sink_edge_wrong_penultimate
[TRACE_FWD_SINK]   tf=2 first=12 last=20 abundance=1.0000 maxpath=17 i=17 accepted=false
[ONPATH_SINK_PENULT] penultimate=16 penult_coord=80285218-80285399 maxp=17 maxp_coord=80285533-80286948 contig=false
[TRACE_FWD_SINK_DBG] tf=44 !exact=true req_long=true first<i=true maxp<=i=true last>=c=true onpath_reason=fail:sink_edge_wrong_penultimate
[TRACE_FWD_SINK]   tf=44 first=16 last=20 abundance=5.0000 maxpath=17 i=17 accepted=false
[TRACE_FWD_SINK]   tf=45 first=17 last=20 abundance=14.1250 maxpath=17 i=17 accepted=true
[ONPATH_SINK_PENULT] penultimate=2 penult_coord=80275063-80275346 maxp=17 maxp_coord=80285533-80286948 contig=false
[TRACE_FWD_SINK_DBG] tf=50 !exact=true req_long=true first<i=true maxp<=i=true last>=c=true onpath_reason=fail:sink_edge_wrong_penultimate
[TRACE_FWD_SINK]   tf=50 first=2 last=20 abundance=1.0000 maxpath=17 i=17 accepted=false
[ONPATH_SINK_PENULT] penultimate=8 penult_coord=80280746-80280932 maxp=17 maxp_coord=80285533-80286948 contig=false
[TRACE_FWD_SINK_DBG] tf=51 !exact=true req_long=true first<i=true maxp<=i=true last>=c=true onpath_reason=fail:sink_edge_wrong_penultimate
[TRACE_FWD_SINK]   tf=51 first=8 last=20 abundance=1.0000 maxpath=17 i=17 accepted=false
[TRACE_FWD]   child c=20 coord=0-0 ntrf=7 childcov=14.1 tchild=Some(45)
[TRACE_FWD]     support_tf=45 first=17 last=20 nodes=2 longstart=0 longend=0 tf_edge=true tf_sink_edge=true
[FWD_TRACE seed=15]   maxcov_update child=20 childcov=14.1250 prev_maxcov=0.0000 prev_tmax=None prev_weak=None cand_tchild=Some(45) cand_weak=Some(false) allow=1
[TRACE_FWD]   CHOSE child c=20 coord=0-0 maxcov=14.1 tmax=Some(45)
--- parse_trflong: fwd_to_sink t=15 result=OK path_len=9 path: 0(0-0) 3(80275346-80276086) 5(80276728-80279058) 6(80279367-80279466) 10(80281670-80281929) 12(80283589-80283698) 14(80284818-80285085) 17(80285533-80286948) 20(0-0)
[TRACE_LOCUS] idx=15 abund=2.0 nodes=7 exons=7 span=80275346-80286948 rnodes=80275346-80286948 complete=true seed=true
[TRACE_LOCUS]   → flux=2.0000 cov=1.1069 nodecov_mode=false
[TRACE_LOCUS]   → STORED idx=15 cov=1.1069 abund_after=0.0000 exons=7 first=80275346-80276086 last=80285533-80286948
[TRACE_EARLY] idx=20 abund=1.0 nodes=9 seed=true weak=0 skip=pass span=80275346-80285399
[TRACE_PAT] stage=seed.raw idx=20 pivot=16 coord=80285218-80285399 node_bit=true pop=17 nchildren=1
[TRACE_PAT]   child=20 coord=0-0 edge_bit=false child_bit=false sink=true
[TRACE_PAT] stage=seed.after_nodes idx=20 pivot=16 coord=80285218-80285399 node_bit=true pop=17 nchildren=1
[TRACE_PAT]   child=20 coord=0-0 edge_bit=false child_bit=false sink=true
[TRACE_PAT] stage=seed.after_endcaps idx=20 pivot=16 coord=80285218-80285399 node_bit=true pop=17 nchildren=1
[TRACE_PAT]   child=20 coord=0-0 edge_bit=false child_bit=false sink=true
[TRACE_SEED] idx=20 abund=1.0 nnodes=9 minp=3 (80275346-80276086) maxp=16 (80285218-80285399) patpop=17
[BACK_TRACE seed=20] enter node i=3 coord=80275346-80276086 minpath=3 maxpath=16 nparents=2 path_len=1
[TRACE_BACK_SOURCE]   tf=38 first=0 last=11 abundance=1.0000 minpath=3 exact=false pure_stub=true alt_parent_cov=1.0000 accepted=false
[TRACE_BACK_SOURCE]   tf=39 first=0 last=2 abundance=2.0000 minpath=3 exact=false pure_stub=true alt_parent_cov=1.0000 accepted=false
[TRACE_BACK_SOURCE]   tf=40 first=0 last=13 abundance=1.0000 minpath=3 exact=false pure_stub=true alt_parent_cov=1.0000 accepted=false
[TRACE_BACK_SOURCE]   tf=43 first=0 last=7 abundance=1.0000 minpath=3 exact=false pure_stub=true alt_parent_cov=1.0000 accepted=false
[TRACE_BACK_SOURCE]   tf=49 first=0 last=3 abundance=60.0000 minpath=3 exact=true pure_stub=true alt_parent_cov=1.0000 accepted=true
[TRACE_BACK]   parent p=0 coord=0-0 ntrf=5 depleted=0 skip_notlong=0 parentcov=60.0 tpar=Some(49)
[BACK_TRACE seed=20]   maxcov_update parent=0 parentcov=60.0000 prev_maxcov=0.0000 prev_tmax=None prev_weak=None cand_tpar=Some(49) cand_weak=Some(false) allow=1
[TRACE_BACK]   CHOSE parent p=0 coord=0-0 maxcov=60.0 tmax=Some(49)
[TRACE_BACK]   PATHPAT_OR via tmax=49 abund=60.0000 first=0 last=3 nodes=0(0-0) 3(80275346-80276086)
--- parse_trflong: back_to_source t=20 result=OK path_len=1 path: 3(80275346-80276086)
[TRACE_FWD] enter node i=3 coord=80275346-80276086 minpath=0 maxpath=16 nchildren=2 sink_child=false
[TRACE_FWD]   path_edge child=4 coord=80276086-80276728 edge_bit=true child_bit=true sink=false
[TRACE_FWD]   path_edge child=5 coord=80276728-80279058 edge_bit=false child_bit=true sink=false
[TRACE_FWD]   fast-path: i+1=4 already on pathpat
[TRACE_FWD]   CHOSE child c=4 coord=80276086-80276728 maxcov=0.0 tmax=None
[TRACE_FWD] enter node i=4 coord=80276086-80276728 minpath=0 maxpath=16 nchildren=1 sink_child=false
[TRACE_FWD]   path_edge child=5 coord=80276728-80279058 edge_bit=true child_bit=true sink=false
[TRACE_FWD]   fast-path: i+1=5 already on pathpat
[TRACE_FWD]   CHOSE child c=5 coord=80276728-80279058 maxcov=0.0 tmax=None
[TRACE_FWD] enter node i=5 coord=80276728-80279058 minpath=0 maxpath=16 nchildren=1 sink_child=false
[TRACE_FWD]   path_edge child=6 coord=80279367-80279466 edge_bit=true child_bit=true sink=false
[TRACE_FWD]   fast-path: i+1=6 already on pathpat
[TRACE_FWD]   CHOSE child c=6 coord=80279367-80279466 maxcov=0.0 tmax=None
[TRACE_FWD] enter node i=6 coord=80279367-80279466 minpath=0 maxpath=16 nchildren=2 sink_child=false
[TRACE_FWD]   path_edge child=8 coord=80280746-80280932 edge_bit=false child_bit=false sink=false
[TRACE_FWD]   path_edge child=10 coord=80281670-80281929 edge_bit=true child_bit=true sink=false
[TRACE_FWD]   seed-guided child=10 coord=80281670-80281929 guided=1
[TRACE_FWD]   CHOSE child c=10 coord=80281670-80281929 maxcov=0.0 tmax=None
[TRACE_FWD] enter node i=10 coord=80281670-80281929 minpath=0 maxpath=16 nchildren=4 sink_child=true
[TRACE_FWD]   path_edge child=11 coord=80281929-80283589 edge_bit=false child_bit=false sink=false
[TRACE_FWD]   path_edge child=12 coord=80283589-80283698 edge_bit=true child_bit=true sink=false
[TRACE_FWD]   path_edge child=14 coord=80284818-80285085 edge_bit=false child_bit=true sink=false
[TRACE_FWD]   path_edge child=20 coord=0-0 edge_bit=false child_bit=false sink=true
[TRACE_FWD]   seed-guided child=12 coord=80283589-80283698 guided=1
[TRACE_FWD]   CHOSE child c=12 coord=80283589-80283698 maxcov=0.0 tmax=None
[TRACE_FWD] enter node i=12 coord=80283589-80283698 minpath=0 maxpath=16 nchildren=3 sink_child=true
[TRACE_FWD]   path_edge child=13 coord=80283698-80284818 edge_bit=false child_bit=false sink=false
[TRACE_FWD]   path_edge child=14 coord=80284818-80285085 edge_bit=true child_bit=true sink=false
[TRACE_FWD]   path_edge child=20 coord=0-0 edge_bit=false child_bit=false sink=true
[TRACE_FWD]   seed-guided child=14 coord=80284818-80285085 guided=1
[TRACE_FWD]   CHOSE child c=14 coord=80284818-80285085 maxcov=0.0 tmax=None
[TRACE_FWD] enter node i=14 coord=80284818-80285085 minpath=0 maxpath=16 nchildren=5 sink_child=true
[TRACE_FWD]   path_edge child=15 coord=80285085-80285218 edge_bit=true child_bit=true sink=false
[TRACE_FWD]   path_edge child=16 coord=80285218-80285399 edge_bit=false child_bit=true sink=false
[TRACE_FWD]   path_edge child=17 coord=80285533-80286948 edge_bit=false child_bit=false sink=false
[TRACE_FWD]   path_edge child=18 coord=80288350-80288416 edge_bit=false child_bit=false sink=false
[TRACE_FWD]   path_edge child=20 coord=0-0 edge_bit=false child_bit=false sink=true
[TRACE_FWD]   fast-path: i+1=15 already on pathpat
[TRACE_FWD]   CHOSE child c=15 coord=80285085-80285218 maxcov=0.0 tmax=None
[TRACE_FWD] enter node i=15 coord=80285085-80285218 minpath=0 maxpath=16 nchildren=1 sink_child=false
[TRACE_FWD]   path_edge child=16 coord=80285218-80285399 edge_bit=true child_bit=true sink=false
[TRACE_FWD]   fast-path: i+1=16 already on pathpat
[TRACE_FWD]   CHOSE child c=16 coord=80285218-80285399 maxcov=0.0 tmax=None
[TRACE_FWD] enter node i=16 coord=80285218-80285399 minpath=0 maxpath=16 nchildren=1 sink_child=true
[TRACE_FWD]   path_edge child=20 coord=0-0 edge_bit=false child_bit=false sink=true
[FWD_HARDEND_GUARD seed=20] skip at i=16 (seed_last_real but not minority_fork, gap=58)
[ONPATH_SINK_PENULT] penultimate=10 penult_coord=80281670-80281929 maxp=16 maxp_coord=80285218-80285399 contig=false
[TRACE_FWD_SINK_DBG] tf=0 !exact=true req_long=true first<i=true maxp<=i=true last>=c=true onpath_reason=fail:sink_edge_wrong_penultimate
[TRACE_FWD_SINK]   tf=0 first=10 last=20 abundance=4.0000 maxpath=16 i=16 accepted=false
[ONPATH_SINK_PENULT] penultimate=14 penult_coord=80284818-80285085 maxp=16 maxp_coord=80285218-80285399 contig=false
[TRACE_FWD_SINK_DBG] tf=1 !exact=true req_long=true first<i=true maxp<=i=true last>=c=true onpath_reason=fail:sink_edge_wrong_penultimate
[TRACE_FWD_SINK]   tf=1 first=14 last=20 abundance=7.0000 maxpath=16 i=16 accepted=false
[ONPATH_SINK_PENULT] penultimate=12 penult_coord=80283589-80283698 maxp=16 maxp_coord=80285218-80285399 contig=false
[TRACE_FWD_SINK_DBG] tf=2 !exact=true req_long=true first<i=true maxp<=i=true last>=c=true onpath_reason=fail:sink_edge_wrong_penultimate
[TRACE_FWD_SINK]   tf=2 first=12 last=20 abundance=1.0000 maxpath=16 i=16 accepted=false
[TRACE_FWD_SINK]   tf=44 first=16 last=20 abundance=5.0000 maxpath=16 i=16 accepted=true
[TRACE_FWD_SINK]   tf=45 first=17 last=20 abundance=12.1250 maxpath=16 i=16 accepted=false
[ONPATH_SINK_PENULT] penultimate=2 penult_coord=80275063-80275346 maxp=16 maxp_coord=80285218-80285399 contig=false
[TRACE_FWD_SINK_DBG] tf=50 !exact=true req_long=true first<i=true maxp<=i=true last>=c=true onpath_reason=fail:sink_edge_wrong_penultimate
[TRACE_FWD_SINK]   tf=50 first=2 last=20 abundance=1.0000 maxpath=16 i=16 accepted=false
[ONPATH_SINK_PENULT] penultimate=8 penult_coord=80280746-80280932 maxp=16 maxp_coord=80285218-80285399 contig=false
[TRACE_FWD_SINK_DBG] tf=51 !exact=true req_long=true first<i=true maxp<=i=true last>=c=true onpath_reason=fail:sink_edge_wrong_penultimate
[TRACE_FWD_SINK]   tf=51 first=8 last=20 abundance=1.0000 maxpath=16 i=16 accepted=false
[TRACE_FWD]   child c=20 coord=0-0 ntrf=7 childcov=5.0 tchild=Some(44)
[TRACE_FWD]     support_tf=44 first=16 last=20 nodes=2 longstart=0 longend=0 tf_edge=true tf_sink_edge=true
[FWD_TRACE seed=20]   maxcov_update child=20 childcov=5.0000 prev_maxcov=0.0000 prev_tmax=None prev_weak=None cand_tchild=Some(44) cand_weak=Some(false) allow=1
[TRACE_FWD]   CHOSE child c=20 coord=0-0 maxcov=5.0 tmax=Some(44)
--- parse_trflong: fwd_to_sink t=20 result=OK path_len=11 path: 0(0-0) 3(80275346-80276086) 4(80276086-80276728) 5(80276728-80279058) 6(80279367-80279466) 10(80281670-80281929) 12(80283589-80283698) 14(80284818-80285085) 15(80285085-80285218) 16(80285218-80285399) 20(0-0)
[TRACE_LOCUS] idx=20 abund=1.0 nodes=9 exons=5 span=80275346-80285399 rnodes=80275346-80285399 complete=true seed=true
[TRACE_LOCUS]   → flux=1.0000 cov=0.7253 nodecov_mode=false
[TRACE_LOCUS]   → STORED idx=20 cov=0.7253 abund_after=0.0000 exons=5 first=80275346-80279058 last=80284818-80285399
[TRACE_EARLY] idx=22 abund=1.0 nodes=8 seed=true weak=0 skip=pass span=80275063-80286948
[TRACE_PAT] stage=seed.raw idx=22 pivot=17 coord=80285533-80286948 node_bit=true pop=15 nchildren=1
[TRACE_PAT]   child=20 coord=0-0 edge_bit=false child_bit=false sink=true
[TRACE_PAT] stage=seed.after_nodes idx=22 pivot=17 coord=80285533-80286948 node_bit=true pop=15 nchildren=1
[TRACE_PAT]   child=20 coord=0-0 edge_bit=false child_bit=false sink=true
[TRACE_PAT] stage=seed.after_endcaps idx=22 pivot=17 coord=80285533-80286948 node_bit=true pop=15 nchildren=1
[TRACE_PAT]   child=20 coord=0-0 edge_bit=false child_bit=false sink=true
[TRACE_SEED] idx=22 abund=1.0 nnodes=8 minp=2 (80275063-80275346) maxp=17 (80285533-80286948) patpop=15
[BACK_TRACE seed=22] enter node i=2 coord=80275063-80275346 minpath=2 maxpath=17 nparents=1 path_len=1
[TRACE_BACK_SOURCE]   tf=38 first=0 last=11 abundance=1.0000 minpath=2 exact=false pure_stub=true alt_parent_cov=0.0000 accepted=false
[TRACE_BACK_SOURCE]   tf=39 first=0 last=2 abundance=2.0000 minpath=2 exact=true pure_stub=true alt_parent_cov=0.0000 accepted=true
[TRACE_BACK_SOURCE]   tf=40 first=0 last=13 abundance=1.0000 minpath=2 exact=false pure_stub=true alt_parent_cov=0.0000 accepted=false
[TRACE_BACK_SOURCE]   tf=43 first=0 last=7 abundance=1.0000 minpath=2 exact=false pure_stub=true alt_parent_cov=0.0000 accepted=false
[TRACE_BACK_SOURCE]   tf=49 first=0 last=3 abundance=59.0000 minpath=2 exact=false pure_stub=true alt_parent_cov=0.0000 accepted=false
[TRACE_BACK]   parent p=0 coord=0-0 ntrf=5 depleted=0 skip_notlong=0 parentcov=2.0 tpar=Some(39)
[BACK_TRACE seed=22]   maxcov_update parent=0 parentcov=2.0000 prev_maxcov=0.0000 prev_tmax=None prev_weak=None cand_tpar=Some(39) cand_weak=Some(false) allow=1
[TRACE_BACK]   CHOSE parent p=0 coord=0-0 maxcov=2.0 tmax=Some(39)
[TRACE_BACK]   PATHPAT_OR via tmax=39 abund=2.0000 first=0 last=2 nodes=0(0-0) 2(80275063-80275346)
--- parse_trflong: back_to_source t=22 result=OK path_len=1 path: 2(80275063-80275346)
[TRACE_FWD] enter node i=2 coord=80275063-80275346 minpath=0 maxpath=17 nchildren=2 sink_child=true
[TRACE_FWD]   path_edge child=3 coord=80275346-80276086 edge_bit=true child_bit=true sink=false
[TRACE_FWD]   path_edge child=20 coord=0-0 edge_bit=false child_bit=false sink=true
[TRACE_FWD]   fast-path: i+1=3 already on pathpat
[TRACE_FWD]   CHOSE child c=3 coord=80275346-80276086 maxcov=0.0 tmax=None
[TRACE_FWD] enter node i=3 coord=80275346-80276086 minpath=0 maxpath=17 nchildren=2 sink_child=false
[TRACE_FWD]   path_edge child=4 coord=80276086-80276728 edge_bit=true child_bit=true sink=false
[TRACE_FWD]   path_edge child=5 coord=80276728-80279058 edge_bit=false child_bit=true sink=false
[TRACE_FWD]   fast-path: i+1=4 already on pathpat
[TRACE_FWD]   CHOSE child c=4 coord=80276086-80276728 maxcov=0.0 tmax=None
[TRACE_FWD] enter node i=4 coord=80276086-80276728 minpath=0 maxpath=17 nchildren=1 sink_child=false
[TRACE_FWD]   path_edge child=5 coord=80276728-80279058 edge_bit=true child_bit=true sink=false
[TRACE_FWD]   fast-path: i+1=5 already on pathpat
[TRACE_FWD]   CHOSE child c=5 coord=80276728-80279058 maxcov=0.0 tmax=None
[TRACE_FWD] enter node i=5 coord=80276728-80279058 minpath=0 maxpath=17 nchildren=1 sink_child=false
[TRACE_FWD]   path_edge child=6 coord=80279367-80279466 edge_bit=true child_bit=true sink=false
[TRACE_FWD]   fast-path: i+1=6 already on pathpat
[TRACE_FWD]   CHOSE child c=6 coord=80279367-80279466 maxcov=0.0 tmax=None
[TRACE_FWD] enter node i=6 coord=80279367-80279466 minpath=0 maxpath=17 nchildren=2 sink_child=false
[TRACE_FWD]   path_edge child=8 coord=80280746-80280932 edge_bit=false child_bit=false sink=false
[TRACE_FWD]   path_edge child=10 coord=80281670-80281929 edge_bit=true child_bit=true sink=false
[TRACE_FWD]   seed-guided child=10 coord=80281670-80281929 guided=1
[TRACE_FWD]   CHOSE child c=10 coord=80281670-80281929 maxcov=0.0 tmax=None
[TRACE_FWD] enter node i=10 coord=80281670-80281929 minpath=0 maxpath=17 nchildren=4 sink_child=true
[TRACE_FWD]   path_edge child=11 coord=80281929-80283589 edge_bit=false child_bit=false sink=false
[TRACE_FWD]   path_edge child=12 coord=80283589-80283698 edge_bit=false child_bit=false sink=false
[TRACE_FWD]   path_edge child=14 coord=80284818-80285085 edge_bit=true child_bit=true sink=false
[TRACE_FWD]   path_edge child=20 coord=0-0 edge_bit=false child_bit=false sink=true
[TRACE_FWD]   seed-guided child=14 coord=80284818-80285085 guided=1
[TRACE_FWD]   CHOSE child c=14 coord=80284818-80285085 maxcov=0.0 tmax=None
[TRACE_FWD] enter node i=14 coord=80284818-80285085 minpath=0 maxpath=17 nchildren=5 sink_child=true
[TRACE_FWD]   path_edge child=15 coord=80285085-80285218 edge_bit=false child_bit=false sink=false
[TRACE_FWD]   path_edge child=16 coord=80285218-80285399 edge_bit=false child_bit=false sink=false
[TRACE_FWD]   path_edge child=17 coord=80285533-80286948 edge_bit=true child_bit=true sink=false
[TRACE_FWD]   path_edge child=18 coord=80288350-80288416 edge_bit=false child_bit=false sink=false
[TRACE_FWD]   path_edge child=20 coord=0-0 edge_bit=false child_bit=false sink=true
[TRACE_FWD]   seed-guided child=17 coord=80285533-80286948 guided=1
[TRACE_FWD]   CHOSE child c=17 coord=80285533-80286948 maxcov=0.0 tmax=None
[TRACE_FWD] enter node i=17 coord=80285533-80286948 minpath=0 maxpath=17 nchildren=1 sink_child=true
[TRACE_FWD]   path_edge child=20 coord=0-0 edge_bit=false child_bit=false sink=true
[FWD_HARDEND_GUARD seed=22] skip at i=17 (gap=1315 > MAX_LONGEND_GAP 100)
[ONPATH_SINK_PENULT] penultimate=10 penult_coord=80281670-80281929 maxp=17 maxp_coord=80285533-80286948 contig=false
[TRACE_FWD_SINK_DBG] tf=0 !exact=true req_long=true first<i=true maxp<=i=true last>=c=true onpath_reason=fail:sink_edge_wrong_penultimate
[TRACE_FWD_SINK]   tf=0 first=10 last=20 abundance=4.0000 maxpath=17 i=17 accepted=false
[ONPATH_SINK_PENULT] penultimate=14 penult_coord=80284818-80285085 maxp=17 maxp_coord=80285533-80286948 contig=false
[TRACE_FWD_SINK_DBG] tf=1 !exact=true req_long=true first<i=true maxp<=i=true last>=c=true onpath_reason=fail:sink_edge_wrong_penultimate
[TRACE_FWD_SINK]   tf=1 first=14 last=20 abundance=7.0000 maxpath=17 i=17 accepted=false
[ONPATH_SINK_PENULT] penultimate=12 penult_coord=80283589-80283698 maxp=17 maxp_coord=80285533-80286948 contig=false
[TRACE_FWD_SINK_DBG] tf=2 !exact=true req_long=true first<i=true maxp<=i=true last>=c=true onpath_reason=fail:sink_edge_wrong_penultimate
[TRACE_FWD_SINK]   tf=2 first=12 last=20 abundance=1.0000 maxpath=17 i=17 accepted=false
[ONPATH_SINK_PENULT] penultimate=16 penult_coord=80285218-80285399 maxp=17 maxp_coord=80285533-80286948 contig=false
[TRACE_FWD_SINK_DBG] tf=44 !exact=true req_long=true first<i=true maxp<=i=true last>=c=true onpath_reason=fail:sink_edge_wrong_penultimate
[TRACE_FWD_SINK]   tf=44 first=16 last=20 abundance=4.0000 maxpath=17 i=17 accepted=false
[TRACE_FWD_SINK]   tf=45 first=17 last=20 abundance=12.1250 maxpath=17 i=17 accepted=true
[ONPATH_SINK_PENULT] penultimate=2 penult_coord=80275063-80275346 maxp=17 maxp_coord=80285533-80286948 contig=false
[TRACE_FWD_SINK_DBG] tf=50 !exact=true req_long=true first<i=true maxp<=i=true last>=c=true onpath_reason=fail:sink_edge_wrong_penultimate
[TRACE_FWD_SINK]   tf=50 first=2 last=20 abundance=1.0000 maxpath=17 i=17 accepted=false
[ONPATH_SINK_PENULT] penultimate=8 penult_coord=80280746-80280932 maxp=17 maxp_coord=80285533-80286948 contig=false
[TRACE_FWD_SINK_DBG] tf=51 !exact=true req_long=true first<i=true maxp<=i=true last>=c=true onpath_reason=fail:sink_edge_wrong_penultimate
[TRACE_FWD_SINK]   tf=51 first=8 last=20 abundance=1.0000 maxpath=17 i=17 accepted=false
[TRACE_FWD]   child c=20 coord=0-0 ntrf=7 childcov=12.1 tchild=Some(45)
[TRACE_FWD]     support_tf=45 first=17 last=20 nodes=2 longstart=0 longend=0 tf_edge=true tf_sink_edge=true
[FWD_TRACE seed=22]   maxcov_update child=20 childcov=12.1250 prev_maxcov=0.0000 prev_tmax=None prev_weak=None cand_tchild=Some(45) cand_weak=Some(false) allow=1
[TRACE_FWD]   CHOSE child c=20 coord=0-0 maxcov=12.1 tmax=Some(45)
--- parse_trflong: fwd_to_sink t=22 result=OK path_len=10 path: 0(0-0) 2(80275063-80275346) 3(80275346-80276086) 4(80276086-80276728) 5(80276728-80279058) 6(80279367-80279466) 10(80281670-80281929) 14(80284818-80285085) 17(80285533-80286948) 20(0-0)
[TRACE_LOCUS] idx=22 abund=1.0 nodes=8 exons=5 span=80275063-80286948 rnodes=80275063-80286948 complete=false seed=true
[TRACE_LOCUS]   → flux=1.0000 cov=0.5798 nodecov_mode=false
[TRACE_LOCUS]   → STORED idx=22 cov=0.5798 abund_after=0.0000 exons=5 first=80275063-80279058 last=80285533-80286948
[TRACE_EARLY] idx=27 abund=1.0 nodes=7 seed=true weak=0 skip=pass span=80279472-80286948
[TRACE_PAT] stage=seed.raw idx=27 pivot=17 coord=80285533-80286948 node_bit=true pop=13 nchildren=1
[TRACE_PAT]   child=20 coord=0-0 edge_bit=false child_bit=false sink=true
[TRACE_PAT] stage=seed.after_nodes idx=27 pivot=17 coord=80285533-80286948 node_bit=true pop=13 nchildren=1
[TRACE_PAT]   child=20 coord=0-0 edge_bit=false child_bit=false sink=true
[TRACE_PAT] stage=seed.after_endcaps idx=27 pivot=17 coord=80285533-80286948 node_bit=true pop=13 nchildren=1
[TRACE_PAT]   child=20 coord=0-0 edge_bit=false child_bit=false sink=true
[TRACE_SEED] idx=27 abund=1.0 nnodes=7 minp=7 (80279472-80280746) maxp=17 (80285533-80286948) patpop=13
[BACK_TRACE seed=27] enter node i=7 coord=80279472-80280746 minpath=7 maxpath=17 nparents=1 path_len=1
[TRACE_BACK_SOURCE]   tf=38 first=0 last=11 abundance=1.0000 minpath=7 exact=false pure_stub=true alt_parent_cov=0.0000 accepted=false
[TRACE_BACK_SOURCE]   tf=39 first=0 last=2 abundance=1.0000 minpath=7 exact=false pure_stub=true alt_parent_cov=0.0000 accepted=false
[TRACE_BACK_SOURCE]   tf=40 first=0 last=13 abundance=1.0000 minpath=7 exact=false pure_stub=true alt_parent_cov=0.0000 accepted=false
[TRACE_BACK_SOURCE]   tf=43 first=0 last=7 abundance=1.0000 minpath=7 exact=true pure_stub=true alt_parent_cov=0.0000 accepted=true
[TRACE_BACK_SOURCE]   tf=49 first=0 last=3 abundance=59.0000 minpath=7 exact=false pure_stub=true alt_parent_cov=0.0000 accepted=false
[TRACE_BACK]   parent p=0 coord=0-0 ntrf=5 depleted=0 skip_notlong=0 parentcov=1.0 tpar=Some(43)
[BACK_TRACE seed=27]   maxcov_update parent=0 parentcov=1.0000 prev_maxcov=0.0000 prev_tmax=None prev_weak=None cand_tpar=Some(43) cand_weak=Some(false) allow=1
[TRACE_BACK]   CHOSE parent p=0 coord=0-0 maxcov=1.0 tmax=Some(43)
[TRACE_BACK]   PATHPAT_OR via tmax=43 abund=1.0000 first=0 last=7 nodes=0(0-0) 7(80279472-80280746)
--- parse_trflong: back_to_source t=27 result=OK path_len=1 path: 7(80279472-80280746)
[TRACE_FWD] enter node i=7 coord=80279472-80280746 minpath=0 maxpath=17 nchildren=1 sink_child=false
[TRACE_FWD]   path_edge child=8 coord=80280746-80280932 edge_bit=true child_bit=true sink=false
[TRACE_FWD]   fast-path: i+1=8 already on pathpat
[TRACE_FWD]   CHOSE child c=8 coord=80280746-80280932 maxcov=0.0 tmax=None
[TRACE_FWD] enter node i=8 coord=80280746-80280932 minpath=0 maxpath=17 nchildren=3 sink_child=true
[TRACE_FWD]   path_edge child=9 coord=80280932-80281670 edge_bit=true child_bit=true sink=false
[TRACE_FWD]   path_edge child=10 coord=80281670-80281929 edge_bit=false child_bit=true sink=false
[TRACE_FWD]   path_edge child=20 coord=0-0 edge_bit=false child_bit=false sink=true
[TRACE_FWD]   fast-path: i+1=9 already on pathpat
[TRACE_FWD]   CHOSE child c=9 coord=80280932-80281670 maxcov=0.0 tmax=None
[TRACE_FWD] enter node i=9 coord=80280932-80281670 minpath=0 maxpath=17 nchildren=1 sink_child=false
[TRACE_FWD]   path_edge child=10 coord=80281670-80281929 edge_bit=true child_bit=true sink=false
[TRACE_FWD]   fast-path: i+1=10 already on pathpat
[TRACE_FWD]   CHOSE child c=10 coord=80281670-80281929 maxcov=0.0 tmax=None
[TRACE_FWD] enter node i=10 coord=80281670-80281929 minpath=0 maxpath=17 nchildren=4 sink_child=true
[TRACE_FWD]   path_edge child=11 coord=80281929-80283589 edge_bit=false child_bit=false sink=false
[TRACE_FWD]   path_edge child=12 coord=80283589-80283698 edge_bit=true child_bit=true sink=false
[TRACE_FWD]   path_edge child=14 coord=80284818-80285085 edge_bit=false child_bit=true sink=false
[TRACE_FWD]   path_edge child=20 coord=0-0 edge_bit=false child_bit=false sink=true
[TRACE_FWD]   seed-guided child=12 coord=80283589-80283698 guided=1
[TRACE_FWD]   CHOSE child c=12 coord=80283589-80283698 maxcov=0.0 tmax=None
[TRACE_FWD] enter node i=12 coord=80283589-80283698 minpath=0 maxpath=17 nchildren=3 sink_child=true
[TRACE_FWD]   path_edge child=13 coord=80283698-80284818 edge_bit=false child_bit=false sink=false
[TRACE_FWD]   path_edge child=14 coord=80284818-80285085 edge_bit=true child_bit=true sink=false
[TRACE_FWD]   path_edge child=20 coord=0-0 edge_bit=false child_bit=false sink=true
[TRACE_FWD]   seed-guided child=14 coord=80284818-80285085 guided=1
[TRACE_FWD]   CHOSE child c=14 coord=80284818-80285085 maxcov=0.0 tmax=None
[TRACE_FWD] enter node i=14 coord=80284818-80285085 minpath=0 maxpath=17 nchildren=5 sink_child=true
[TRACE_FWD]   path_edge child=15 coord=80285085-80285218 edge_bit=false child_bit=false sink=false
[TRACE_FWD]   path_edge child=16 coord=80285218-80285399 edge_bit=false child_bit=false sink=false
[TRACE_FWD]   path_edge child=17 coord=80285533-80286948 edge_bit=true child_bit=true sink=false
[TRACE_FWD]   path_edge child=18 coord=80288350-80288416 edge_bit=false child_bit=false sink=false
[TRACE_FWD]   path_edge child=20 coord=0-0 edge_bit=false child_bit=false sink=true
[TRACE_FWD]   seed-guided child=17 coord=80285533-80286948 guided=1
[TRACE_FWD]   CHOSE child c=17 coord=80285533-80286948 maxcov=0.0 tmax=None
[TRACE_FWD] enter node i=17 coord=80285533-80286948 minpath=0 maxpath=17 nchildren=1 sink_child=true
[TRACE_FWD]   path_edge child=20 coord=0-0 edge_bit=false child_bit=false sink=true
[FWD_HARDEND_GUARD seed=27] skip at i=17 (gap=1291 > MAX_LONGEND_GAP 100)
[ONPATH_SINK_PENULT] penultimate=10 penult_coord=80281670-80281929 maxp=17 maxp_coord=80285533-80286948 contig=false
[TRACE_FWD_SINK_DBG] tf=0 !exact=true req_long=true first<i=true maxp<=i=true last>=c=true onpath_reason=fail:sink_edge_wrong_penultimate
[TRACE_FWD_SINK]   tf=0 first=10 last=20 abundance=4.0000 maxpath=17 i=17 accepted=false
[ONPATH_SINK_PENULT] penultimate=14 penult_coord=80284818-80285085 maxp=17 maxp_coord=80285533-80286948 contig=false
[TRACE_FWD_SINK_DBG] tf=1 !exact=true req_long=true first<i=true maxp<=i=true last>=c=true onpath_reason=fail:sink_edge_wrong_penultimate
[TRACE_FWD_SINK]   tf=1 first=14 last=20 abundance=7.0000 maxpath=17 i=17 accepted=false
[ONPATH_SINK_PENULT] penultimate=12 penult_coord=80283589-80283698 maxp=17 maxp_coord=80285533-80286948 contig=false
[TRACE_FWD_SINK_DBG] tf=2 !exact=true req_long=true first<i=true maxp<=i=true last>=c=true onpath_reason=fail:sink_edge_wrong_penultimate
[TRACE_FWD_SINK]   tf=2 first=12 last=20 abundance=1.0000 maxpath=17 i=17 accepted=false
[ONPATH_SINK_PENULT] penultimate=16 penult_coord=80285218-80285399 maxp=17 maxp_coord=80285533-80286948 contig=false
[TRACE_FWD_SINK_DBG] tf=44 !exact=true req_long=true first<i=true maxp<=i=true last>=c=true onpath_reason=fail:sink_edge_wrong_penultimate
[TRACE_FWD_SINK]   tf=44 first=16 last=20 abundance=4.0000 maxpath=17 i=17 accepted=false
[TRACE_FWD_SINK]   tf=45 first=17 last=20 abundance=11.1250 maxpath=17 i=17 accepted=true
[ONPATH_SINK_PENULT] penultimate=2 penult_coord=80275063-80275346 maxp=17 maxp_coord=80285533-80286948 contig=false
[TRACE_FWD_SINK_DBG] tf=50 !exact=true req_long=true first<i=true maxp<=i=true last>=c=true onpath_reason=fail:sink_edge_wrong_penultimate
[TRACE_FWD_SINK]   tf=50 first=2 last=20 abundance=1.0000 maxpath=17 i=17 accepted=false
[ONPATH_SINK_PENULT] penultimate=8 penult_coord=80280746-80280932 maxp=17 maxp_coord=80285533-80286948 contig=false
[TRACE_FWD_SINK_DBG] tf=51 !exact=true req_long=true first<i=true maxp<=i=true last>=c=true onpath_reason=fail:sink_edge_wrong_penultimate
[TRACE_FWD_SINK]   tf=51 first=8 last=20 abundance=1.0000 maxpath=17 i=17 accepted=false
[TRACE_FWD]   child c=20 coord=0-0 ntrf=7 childcov=11.1 tchild=Some(45)
[TRACE_FWD]     support_tf=45 first=17 last=20 nodes=2 longstart=0 longend=0 tf_edge=true tf_sink_edge=true
[FWD_TRACE seed=27]   maxcov_update child=20 childcov=11.1250 prev_maxcov=0.0000 prev_tmax=None prev_weak=None cand_tchild=Some(45) cand_weak=Some(false) allow=1
[TRACE_FWD]   CHOSE child c=20 coord=0-0 maxcov=11.1 tmax=Some(45)
--- parse_trflong: fwd_to_sink t=27 result=OK path_len=9 path: 0(0-0) 7(80279472-80280746) 8(80280746-80280932) 9(80280932-80281670) 10(80281670-80281929) 12(80283589-80283698) 14(80284818-80285085) 17(80285533-80286948) 20(0-0)
[TRACE_LOCUS] idx=27 abund=1.0 nodes=7 exons=4 span=80279472-80286948 rnodes=80279472-80286948 complete=false seed=true
[TRACE_LOCUS]   → flux=1.0000 cov=0.7017 nodecov_mode=false
[TRACE_LOCUS]   → STORED idx=27 cov=0.7017 abund_after=0.0000 exons=4 first=80279472-80281929 last=80285533-80286948
[TRACE_EARLY] idx=28 abund=1.0 nodes=5 seed=true weak=0 skip=pass span=80275346-80285085
[TRACE_PAT] stage=seed.raw idx=28 pivot=14 coord=80284818-80285085 node_bit=true pop=9 nchildren=5
[TRACE_PAT]   child=15 coord=80285085-80285218 edge_bit=false child_bit=false sink=false
[TRACE_PAT]   child=16 coord=80285218-80285399 edge_bit=false child_bit=false sink=false
[TRACE_PAT]   child=17 coord=80285533-80286948 edge_bit=false child_bit=false sink=false
[TRACE_PAT]   child=18 coord=80288350-80288416 edge_bit=false child_bit=false sink=false
[TRACE_PAT]   child=20 coord=0-0 edge_bit=false child_bit=false sink=true
[TRACE_PAT] stage=seed.after_nodes idx=28 pivot=14 coord=80284818-80285085 node_bit=true pop=9 nchildren=5
[TRACE_PAT]   child=15 coord=80285085-80285218 edge_bit=false child_bit=false sink=false
[TRACE_PAT]   child=16 coord=80285218-80285399 edge_bit=false child_bit=false sink=false
[TRACE_PAT]   child=17 coord=80285533-80286948 edge_bit=false child_bit=false sink=false
[TRACE_PAT]   child=18 coord=80288350-80288416 edge_bit=false child_bit=false sink=false
[TRACE_PAT]   child=20 coord=0-0 edge_bit=false child_bit=false sink=true
[TRACE_PAT] stage=seed.after_endcaps idx=28 pivot=14 coord=80284818-80285085 node_bit=true pop=9 nchildren=5
[TRACE_PAT]   child=15 coord=80285085-80285218 edge_bit=false child_bit=false sink=false
[TRACE_PAT]   child=16 coord=80285218-80285399 edge_bit=false child_bit=false sink=false
[TRACE_PAT]   child=17 coord=80285533-80286948 edge_bit=false child_bit=false sink=false
[TRACE_PAT]   child=18 coord=80288350-80288416 edge_bit=false child_bit=false sink=false
[TRACE_PAT]   child=20 coord=0-0 edge_bit=false child_bit=false sink=true
[TRACE_SEED] idx=28 abund=1.0 nnodes=5 minp=3 (80275346-80276086) maxp=14 (80284818-80285085) patpop=9
[BACK_TRACE seed=28] enter node i=3 coord=80275346-80276086 minpath=3 maxpath=14 nparents=2 path_len=1
[TRACE_BACK_SOURCE]   tf=38 first=0 last=11 abundance=1.0000 minpath=3 exact=false pure_stub=true alt_parent_cov=0.0000 accepted=false
[TRACE_BACK_SOURCE]   tf=39 first=0 last=2 abundance=1.0000 minpath=3 exact=false pure_stub=true alt_parent_cov=0.0000 accepted=false
[TRACE_BACK_SOURCE]   tf=40 first=0 last=13 abundance=1.0000 minpath=3 exact=false pure_stub=true alt_parent_cov=0.0000 accepted=false
[TRACE_BACK_SOURCE]   tf=49 first=0 last=3 abundance=59.0000 minpath=3 exact=true pure_stub=true alt_parent_cov=0.0000 accepted=true
[TRACE_BACK]   parent p=0 coord=0-0 ntrf=4 depleted=0 skip_notlong=0 parentcov=59.0 tpar=Some(49)
[BACK_TRACE seed=28]   maxcov_update parent=0 parentcov=59.0000 prev_maxcov=0.0000 prev_tmax=None prev_weak=None cand_tpar=Some(49) cand_weak=Some(false) allow=1
[TRACE_BACK]   CHOSE parent p=0 coord=0-0 maxcov=59.0 tmax=Some(49)
[TRACE_BACK]   PATHPAT_OR via tmax=49 abund=59.0000 first=0 last=3 nodes=0(0-0) 3(80275346-80276086)
--- parse_trflong: back_to_source t=28 result=OK path_len=1 path: 3(80275346-80276086)
[TRACE_FWD] enter node i=3 coord=80275346-80276086 minpath=0 maxpath=14 nchildren=2 sink_child=false
[TRACE_FWD]   path_edge child=4 coord=80276086-80276728 edge_bit=false child_bit=false sink=false
[TRACE_FWD]   path_edge child=5 coord=80276728-80279058 edge_bit=true child_bit=true sink=false
[TRACE_FWD]   seed-guided child=5 coord=80276728-80279058 guided=1
[TRACE_FWD]   CHOSE child c=5 coord=80276728-80279058 maxcov=0.0 tmax=None
[TRACE_FWD] enter node i=5 coord=80276728-80279058 minpath=0 maxpath=14 nchildren=1 sink_child=false
[TRACE_FWD]   path_edge child=6 coord=80279367-80279466 edge_bit=true child_bit=true sink=false
[TRACE_FWD]   fast-path: i+1=6 already on pathpat
[TRACE_FWD]   CHOSE child c=6 coord=80279367-80279466 maxcov=0.0 tmax=None
[TRACE_FWD] enter node i=6 coord=80279367-80279466 minpath=0 maxpath=14 nchildren=2 sink_child=false
[TRACE_FWD]   path_edge child=8 coord=80280746-80280932 edge_bit=false child_bit=false sink=false
[TRACE_FWD]   path_edge child=10 coord=80281670-80281929 edge_bit=true child_bit=true sink=false
[TRACE_FWD]   seed-guided child=10 coord=80281670-80281929 guided=1
[TRACE_FWD]   CHOSE child c=10 coord=80281670-80281929 maxcov=0.0 tmax=None
[TRACE_FWD] enter node i=10 coord=80281670-80281929 minpath=0 maxpath=14 nchildren=4 sink_child=true
[TRACE_FWD]   path_edge child=11 coord=80281929-80283589 edge_bit=false child_bit=false sink=false
[TRACE_FWD]   path_edge child=12 coord=80283589-80283698 edge_bit=false child_bit=false sink=false
[TRACE_FWD]   path_edge child=14 coord=80284818-80285085 edge_bit=true child_bit=true sink=false
[TRACE_FWD]   path_edge child=20 coord=0-0 edge_bit=false child_bit=false sink=true
[TRACE_FWD]   seed-guided child=14 coord=80284818-80285085 guided=1
[TRACE_FWD]   CHOSE child c=14 coord=80284818-80285085 maxcov=0.0 tmax=None
[TRACE_FWD] enter node i=14 coord=80284818-80285085 minpath=0 maxpath=14 nchildren=5 sink_child=true
[TRACE_FWD]   path_edge child=15 coord=80285085-80285218 edge_bit=false child_bit=false sink=false
[TRACE_FWD]   path_edge child=16 coord=80285218-80285399 edge_bit=false child_bit=false sink=false
[TRACE_FWD]   path_edge child=17 coord=80285533-80286948 edge_bit=false child_bit=false sink=false
[TRACE_FWD]   path_edge child=18 coord=80288350-80288416 edge_bit=false child_bit=false sink=false
[TRACE_FWD]   path_edge child=20 coord=0-0 edge_bit=false child_bit=false sink=true
[FWD_HARDEND_GUARD seed=28] skip at i=14 (gap=242 > MAX_LONGEND_GAP 100)
[FWD_TRACE seed=28]     trf t=16 abund=2.0 first=5 last=16 weak=1 ACCEPT pattern_pop=13 nodes=[5, 6, 10, 12, 14, 15, 16]
[FWD_TRACE seed=28]       replace_tmax prev=None new=Some(16)
[FWD_TRACE seed=28]     trf t=17 abund=2.0 first=5 last=16 weak=0 ACCEPT pattern_pop=11 nodes=[5, 6, 10, 12, 14, 16]
[FWD_TRACE seed=28]       replace_tmax prev=Some(16) new=Some(17)
[TRACE_FWD]   child c=16 coord=80285218-80285399 ntrf=3 childcov=4.0 tchild=Some(17)
[TRACE_FWD]     support_tf=17 first=5 last=16 nodes=6 longstart=80278650 longend=80285399 tf_edge=true tf_sink_edge=false
[FWD_TRACE seed=28]   maxcov_update child=16 childcov=4.0000 prev_maxcov=0.0000 prev_tmax=None prev_weak=None cand_tchild=Some(17) cand_weak=Some(false) allow=1
[FWD_TRACE seed=28]     trf t=6 abund=7.0 first=5 last=17 weak=0 ACCEPT pattern_pop=13 nodes=[5, 6, 8, 10, 12, 14, 17]
[FWD_TRACE seed=28]       replace_tmax prev=None new=Some(6)
[FWD_TRACE seed=28]     trf t=8 abund=3.1 first=5 last=17 weak=0 ACCEPT pattern_pop=9 nodes=[5, 6, 10, 14, 17]
[FWD_TRACE seed=28]       replace_tmax prev=Some(6) new=Some(6)
[FWD_TRACE seed=28]     trf t=18 abund=2.0 first=6 last=17 weak=0 ACCEPT pattern_pop=7 nodes=[6, 10, 14, 17]
[FWD_TRACE seed=28]       replace_tmax prev=Some(6) new=Some(6)
[FWD_TRACE seed=28]     trf t=23 abund=1.0 first=5 last=17 weak=1 ACCEPT pattern_pop=15 nodes=[5, 6, 8, 10, 12, 13, 14, 17]
[FWD_TRACE seed=28]       replace_tmax prev=Some(6) new=Some(6)
[FWD_TRACE seed=28]     trf t=32 abund=1.0 first=11 last=17 weak=1 ACCEPT pattern_pop=7 nodes=[11, 12, 14, 17]
[FWD_TRACE seed=28]       replace_tmax prev=Some(6) new=Some(6)
[FWD_TRACE seed=28]     trf t=34 abund=1.0 first=13 last=17 weak=1 ACCEPT pattern_pop=5 nodes=[13, 14, 17]
[FWD_TRACE seed=28]       replace_tmax prev=Some(6) new=Some(6)
[TRACE_FWD]   child c=17 coord=80285533-80286948 ntrf=7 childcov=15.1 tchild=Some(6)
[TRACE_FWD]     support_tf=6 first=5 last=17 nodes=7 longstart=80278659 longend=80285682 tf_edge=true tf_sink_edge=false
[FWD_TRACE seed=28]   maxcov_update child=17 childcov=15.1250 prev_maxcov=4.0000 prev_tmax=Some(17) prev_weak=Some(false) cand_tchild=Some(6) cand_weak=Some(false) allow=1
[FWD_TRACE seed=28]     trf t=21 abund=1.0 first=3 last=19 weak=1 ACCEPT pattern_pop=17 nodes=[3, 4, 5, 6, 10, 12, 14, 18]
[FWD_TRACE seed=28]       replace_tmax prev=None new=Some(21)
[FWD_TRACE seed=28]     trf t=24 abund=1.0 first=5 last=19 weak=0 ACCEPT pattern_pop=15 nodes=[5, 6, 8, 10, 12, 14, 18, 19]
[FWD_TRACE seed=28]       replace_tmax prev=Some(21) new=Some(24)
[FWD_TRACE seed=28]     trf t=25 abund=1.0 first=3 last=18 weak=0 ACCEPT pattern_pop=13 nodes=[3, 5, 6, 10, 12, 14, 18]
[FWD_TRACE seed=28]       replace_tmax prev=Some(24) new=Some(24)
[FWD_TRACE seed=28]     trf t=26 abund=1.0 first=5 last=19 weak=0 ACCEPT pattern_pop=13 nodes=[5, 6, 10, 12, 14, 18, 19]
[FWD_TRACE seed=28]       replace_tmax prev=Some(24) new=Some(24)
[TRACE_FWD]   child c=18 coord=80288350-80288416 ntrf=4 childcov=4.0 tchild=Some(24)
[TRACE_FWD]     support_tf=24 first=5 last=19 nodes=8 longstart=80278659 longend=0 tf_edge=true tf_sink_edge=false
[ONPATH_SINK_PENULT] penultimate=10 penult_coord=80281670-80281929 maxp=14 maxp_coord=80284818-80285085 contig=false
[TRACE_FWD_SINK_DBG] tf=0 !exact=true req_long=true first<i=true maxp<=i=true last>=c=true onpath_reason=fail:sink_edge_wrong_penultimate
[TRACE_FWD_SINK]   tf=0 first=10 last=20 abundance=4.0000 maxpath=14 i=14 accepted=false
[TRACE_FWD_SINK]   tf=1 first=14 last=20 abundance=7.0000 maxpath=14 i=14 accepted=true
[ONPATH_SINK_PENULT] penultimate=12 penult_coord=80283589-80283698 maxp=14 maxp_coord=80284818-80285085 contig=false
[TRACE_FWD_SINK_DBG] tf=2 !exact=true req_long=true first<i=true maxp<=i=true last>=c=true onpath_reason=fail:sink_edge_wrong_penultimate
[TRACE_FWD_SINK]   tf=2 first=12 last=20 abundance=1.0000 maxpath=14 i=14 accepted=false
[TRACE_FWD_SINK]   tf=44 first=16 last=20 abundance=4.0000 maxpath=14 i=14 accepted=false
[TRACE_FWD_SINK]   tf=45 first=17 last=20 abundance=10.1250 maxpath=14 i=14 accepted=false
[ONPATH_SINK_PENULT] penultimate=2 penult_coord=80275063-80275346 maxp=14 maxp_coord=80284818-80285085 contig=false
[TRACE_FWD_SINK_DBG] tf=50 !exact=true req_long=true first<i=true maxp<=i=true last>=c=true onpath_reason=fail:sink_edge_wrong_penultimate
[TRACE_FWD_SINK]   tf=50 first=2 last=20 abundance=1.0000 maxpath=14 i=14 accepted=false
[ONPATH_SINK_PENULT] penultimate=8 penult_coord=80280746-80280932 maxp=14 maxp_coord=80284818-80285085 contig=false
[TRACE_FWD_SINK_DBG] tf=51 !exact=true req_long=true first<i=true maxp<=i=true last>=c=true onpath_reason=fail:sink_edge_wrong_penultimate
[TRACE_FWD_SINK]   tf=51 first=8 last=20 abundance=1.0000 maxpath=14 i=14 accepted=false
[TRACE_FWD]   child c=20 coord=0-0 ntrf=7 childcov=7.0 tchild=Some(1)
[TRACE_FWD]     support_tf=1 first=14 last=20 nodes=2 longstart=0 longend=0 tf_edge=true tf_sink_edge=true
[TRACE_FWD]   CHOSE child c=17 coord=80285533-80286948 maxcov=15.1 tmax=Some(6)
[TRACE_FWD] enter node i=17 coord=80285533-80286948 minpath=0 maxpath=17 nchildren=1 sink_child=true
[TRACE_FWD]   path_edge child=20 coord=0-0 edge_bit=false child_bit=false sink=true
[ONPATH_SINK_PENULT] penultimate=10 penult_coord=80281670-80281929 maxp=17 maxp_coord=80285533-80286948 contig=false
[TRACE_FWD_SINK_DBG] tf=0 !exact=true req_long=true first<i=true maxp<=i=true last>=c=true onpath_reason=fail:sink_edge_wrong_penultimate
[TRACE_FWD_SINK]   tf=0 first=10 last=20 abundance=4.0000 maxpath=17 i=17 accepted=false
[ONPATH_SINK_PENULT] penultimate=14 penult_coord=80284818-80285085 maxp=17 maxp_coord=80285533-80286948 contig=false
[TRACE_FWD_SINK_DBG] tf=1 !exact=true req_long=true first<i=true maxp<=i=true last>=c=true onpath_reason=fail:sink_edge_wrong_penultimate
[TRACE_FWD_SINK]   tf=1 first=14 last=20 abundance=7.0000 maxpath=17 i=17 accepted=false
[ONPATH_SINK_PENULT] penultimate=12 penult_coord=80283589-80283698 maxp=17 maxp_coord=80285533-80286948 contig=false
[TRACE_FWD_SINK_DBG] tf=2 !exact=true req_long=true first<i=true maxp<=i=true last>=c=true onpath_reason=fail:sink_edge_wrong_penultimate
[TRACE_FWD_SINK]   tf=2 first=12 last=20 abundance=1.0000 maxpath=17 i=17 accepted=false
[ONPATH_SINK_PENULT] penultimate=16 penult_coord=80285218-80285399 maxp=17 maxp_coord=80285533-80286948 contig=false
[TRACE_FWD_SINK_DBG] tf=44 !exact=true req_long=true first<i=true maxp<=i=true last>=c=true onpath_reason=fail:sink_edge_wrong_penultimate
[TRACE_FWD_SINK]   tf=44 first=16 last=20 abundance=4.0000 maxpath=17 i=17 accepted=false
[TRACE_FWD_SINK]   tf=45 first=17 last=20 abundance=10.1250 maxpath=17 i=17 accepted=true
[ONPATH_SINK_PENULT] penultimate=2 penult_coord=80275063-80275346 maxp=17 maxp_coord=80285533-80286948 contig=false
[TRACE_FWD_SINK_DBG] tf=50 !exact=true req_long=true first<i=true maxp<=i=true last>=c=true onpath_reason=fail:sink_edge_wrong_penultimate
[TRACE_FWD_SINK]   tf=50 first=2 last=20 abundance=1.0000 maxpath=17 i=17 accepted=false
[ONPATH_SINK_PENULT] penultimate=8 penult_coord=80280746-80280932 maxp=17 maxp_coord=80285533-80286948 contig=false
[TRACE_FWD_SINK_DBG] tf=51 !exact=true req_long=true first<i=true maxp<=i=true last>=c=true onpath_reason=fail:sink_edge_wrong_penultimate
[TRACE_FWD_SINK]   tf=51 first=8 last=20 abundance=1.0000 maxpath=17 i=17 accepted=false
[TRACE_FWD]   child c=20 coord=0-0 ntrf=7 childcov=10.1 tchild=Some(45)
[TRACE_FWD]     support_tf=45 first=17 last=20 nodes=2 longstart=0 longend=0 tf_edge=true tf_sink_edge=true
[FWD_TRACE seed=28]   maxcov_update child=20 childcov=10.1250 prev_maxcov=0.0000 prev_tmax=None prev_weak=None cand_tchild=Some(45) cand_weak=Some(false) allow=1
[TRACE_FWD]   CHOSE child c=20 coord=0-0 maxcov=10.1 tmax=Some(45)
--- parse_trflong: fwd_to_sink t=28 result=OK path_len=8 path: 0(0-0) 3(80275346-80276086) 5(80276728-80279058) 6(80279367-80279466) 10(80281670-80281929) 14(80284818-80285085) 17(80285533-80286948) 20(0-0)
[TRACE_CHECKTRF_ADD] t=28 reason=hard_boundary_low_abund saved_abund=1.0000 abund=1.0000 guide=false longstart=80275348 longend=80284843 back=1 fwd=1 flux=- cov=- tocheck=- tf_nodes=5 tf_coords=3(80275346-80276086) 5(80276728-80279058) 6(80279367-80279466) 10(80281670-80281929) 14(80284818-80285085) path_nodes=6 path_coords=3(80275346-80276086) 5(80276728-80279058) 6(80279367-80279466) 10(80281670-80281929) 14(80284818-80285085) 17(80285533-80286948)
[TRACE_EARLY] idx=32 abund=1.0 nodes=4 seed=true weak=0 skip=pass span=80281929-80286948
[TRACE_PAT] stage=seed.raw idx=32 pivot=17 coord=80285533-80286948 node_bit=true pop=7 nchildren=1
[TRACE_PAT]   child=20 coord=0-0 edge_bit=false child_bit=false sink=true
[TRACE_PAT] stage=seed.after_nodes idx=32 pivot=17 coord=80285533-80286948 node_bit=true pop=7 nchildren=1
[TRACE_PAT]   child=20 coord=0-0 edge_bit=false child_bit=false sink=true
[TRACE_PAT] stage=seed.after_endcaps idx=32 pivot=17 coord=80285533-80286948 node_bit=true pop=7 nchildren=1
[TRACE_PAT]   child=20 coord=0-0 edge_bit=false child_bit=false sink=true
[TRACE_SEED] idx=32 abund=1.0 nnodes=4 minp=11 (80281929-80283589) maxp=17 (80285533-80286948) patpop=7
[BACK_TRACE seed=32] enter node i=11 coord=80281929-80283589 minpath=11 maxpath=17 nparents=2 path_len=1
[TRACE_BACK_SOURCE]   tf=38 first=0 last=11 abundance=1.0000 minpath=11 exact=true pure_stub=true alt_parent_cov=31.6250 accepted=false
[TRACE_BACK_SOURCE]   tf=39 first=0 last=2 abundance=1.0000 minpath=11 exact=false pure_stub=true alt_parent_cov=31.6250 accepted=false
[TRACE_BACK_SOURCE]   tf=40 first=0 last=13 abundance=1.0000 minpath=11 exact=false pure_stub=true alt_parent_cov=31.6250 accepted=false
[TRACE_BACK_SOURCE]   tf=49 first=0 last=3 abundance=59.0000 minpath=11 exact=false pure_stub=true alt_parent_cov=31.6250 accepted=false
[TRACE_BACK]   parent p=0 coord=0-0 ntrf=4 depleted=0 skip_notlong=0 parentcov=0.0 tpar=None
[BACK_TRACE seed=32]     trf t=6 abund=7.0 first=5 last=17 weak=0 ACCEPT pattern_pop=13 nodes=[5, 6, 8, 10, 12, 14, 17]
[BACK_TRACE seed=32]       replace_tmax prev=None new=Some(6)
[BACK_TRACE seed=32]     trf t=8 abund=3.1 first=5 last=17 weak=0 ACCEPT pattern_pop=9 nodes=[5, 6, 10, 14, 17]
[BACK_TRACE seed=32]       replace_tmax prev=Some(6) new=Some(6)
[BACK_TRACE seed=32]     trf t=9 abund=6.0 first=5 last=14 weak=0 ACCEPT pattern_pop=9 nodes=[5, 6, 10, 12, 14]
[BACK_TRACE seed=32]       replace_tmax prev=Some(6) new=Some(6)
[BACK_TRACE seed=32]     trf t=16 abund=2.0 first=5 last=16 weak=1 ACCEPT pattern_pop=13 nodes=[5, 6, 10, 12, 14, 15, 16]
[BACK_TRACE seed=32]       replace_tmax prev=Some(6) new=Some(6)
[BACK_TRACE seed=32]     trf t=17 abund=2.0 first=5 last=16 weak=0 ACCEPT pattern_pop=11 nodes=[5, 6, 10, 12, 14, 16]
[BACK_TRACE seed=32]       replace_tmax prev=Some(6) new=Some(6)
[BACK_TRACE seed=32]     trf t=18 abund=2.0 first=6 last=17 weak=0 ACCEPT pattern_pop=7 nodes=[6, 10, 14, 17]
[BACK_TRACE seed=32]       replace_tmax prev=Some(6) new=Some(6)
[BACK_TRACE seed=32]     trf t=23 abund=1.0 first=5 last=17 weak=1 ACCEPT pattern_pop=15 nodes=[5, 6, 8, 10, 12, 13, 14, 17]
[BACK_TRACE seed=32]       replace_tmax prev=Some(6) new=Some(6)
[BACK_TRACE seed=32]     trf t=28 abund=1.0 first=3 last=14 weak=0 ACCEPT pattern_pop=9 nodes=[3, 5, 6, 10, 14]
[BACK_TRACE seed=32]       replace_tmax prev=Some(6) new=Some(6)
[BACK_TRACE seed=32]     trf t=29 abund=1.0 first=6 last=14 weak=0 ACCEPT pattern_pop=7 nodes=[6, 10, 12, 14]
[BACK_TRACE seed=32]       replace_tmax prev=Some(6) new=Some(6)
[BACK_TRACE seed=32]     trf t=31 abund=0.5 first=5 last=12 weak=0 ACCEPT pattern_pop=7 nodes=[5, 6, 10, 12]
[BACK_TRACE seed=32]       replace_tmax prev=Some(6) new=Some(6)
[BACK_TRACE seed=32]     trf t=52 abund=1.0 first=10 last=11 weak=1 ACCEPT pattern_pop=3 nodes=[10, 11]
[BACK_TRACE seed=32]       replace_tmax prev=Some(6) new=Some(6)
[TRACE_BACK]   parent p=10 coord=80281670-80281929 ntrf=18 depleted=0 skip_notlong=0 parentcov=26.6 tpar=Some(6)
[BACK_TRACE seed=32]   maxcov_update parent=10 parentcov=26.6250 prev_maxcov=0.0000 prev_tmax=None prev_weak=None cand_tpar=Some(6) cand_weak=Some(false) allow=1
[TRACE_BACK]   CHOSE parent p=10 coord=80281670-80281929 maxcov=26.6 tmax=Some(6)
[TRACE_BACK]   PATHPAT_OR via tmax=6 abund=7.0000 first=5 last=17 nodes=5(80276728-80279058) 6(80279367-80279466) 8(80280746-80280932) 10(80281670-80281929) 12(80283589-80283698) 14(80284818-80285085) 17(80285533-80286948)
[BACK_TRACE seed=32] enter node i=10 coord=80281670-80281929 minpath=5 maxpath=17 nparents=3 path_len=2
[TRACE_BACK]   edge_bit fast-path: parent=8 coord=80280746-80280932
[TRACE_BACK]   CHOSE parent p=8 coord=80280746-80280932 maxcov=0.0 tmax=None
[BACK_TRACE seed=32] enter node i=8 coord=80280746-80280932 minpath=5 maxpath=17 nparents=2 path_len=3
[TRACE_BACK]   edge_bit fast-path: parent=6 coord=80279367-80279466
[TRACE_BACK]   CHOSE parent p=6 coord=80279367-80279466 maxcov=0.0 tmax=None
[BACK_TRACE seed=32] enter node i=6 coord=80279367-80279466 minpath=5 maxpath=17 nparents=1 path_len=4
[TRACE_BACK]   fast-path: i-1=5 already on pathpat
[TRACE_BACK]   CHOSE parent p=5 coord=80276728-80279058 maxcov=0.0 tmax=None
[BACK_TRACE seed=32] enter node i=5 coord=80276728-80279058 minpath=5 maxpath=17 nparents=2 path_len=5
[BACK_TRACE seed=32]     trf t=11 abund=5.0 first=3 last=5 weak=0 ACCEPT pattern_pop=3 nodes=[3, 5]
[BACK_TRACE seed=32]       replace_tmax prev=None new=Some(11)
[BACK_TRACE seed=32]     trf t=12 abund=1.9 first=3 last=10 weak=1 ACCEPT pattern_pop=9 nodes=[3, 4, 5, 6, 10]
[BACK_TRACE seed=32]       replace_tmax prev=Some(11) new=Some(11)
[BACK_TRACE seed=32]     trf t=28 abund=1.0 first=3 last=14 weak=0 ACCEPT pattern_pop=9 nodes=[3, 5, 6, 10, 14]
[BACK_TRACE seed=32]       replace_tmax prev=Some(11) new=Some(11)
[TRACE_BACK]   parent p=3 coord=80275346-80276086 ntrf=6 depleted=0 skip_notlong=0 parentcov=7.9 tpar=Some(11)
[BACK_TRACE seed=32]   maxcov_update parent=3 parentcov=7.8571 prev_maxcov=0.0000 prev_tmax=None prev_weak=None cand_tpar=Some(11) cand_weak=Some(false) allow=1
[TRACE_BACK]   CHOSE parent p=3 coord=80275346-80276086 maxcov=7.9 tmax=Some(11)
[TRACE_BACK]   PATHPAT_OR via tmax=11 abund=5.0000 first=3 last=5 nodes=3(80275346-80276086) 5(80276728-80279058)
[BACK_TRACE seed=32] enter node i=3 coord=80275346-80276086 minpath=3 maxpath=17 nparents=2 path_len=6
[TRACE_BACK_SOURCE]   tf=38 first=0 last=11 abundance=1.0000 minpath=3 exact=false pure_stub=true alt_parent_cov=0.0000 accepted=false
[TRACE_BACK_SOURCE]   tf=39 first=0 last=2 abundance=1.0000 minpath=3 exact=false pure_stub=true alt_parent_cov=0.0000 accepted=false
[TRACE_BACK_SOURCE]   tf=40 first=0 last=13 abundance=1.0000 minpath=3 exact=false pure_stub=true alt_parent_cov=0.0000 accepted=false
[TRACE_BACK_SOURCE]   tf=49 first=0 last=3 abundance=59.0000 minpath=3 exact=true pure_stub=true alt_parent_cov=0.0000 accepted=true
[TRACE_BACK]   parent p=0 coord=0-0 ntrf=4 depleted=0 skip_notlong=0 parentcov=59.0 tpar=Some(49)
[BACK_TRACE seed=32]   maxcov_update parent=0 parentcov=59.0000 prev_maxcov=0.0000 prev_tmax=None prev_weak=None cand_tpar=Some(49) cand_weak=Some(false) allow=1
[TRACE_BACK]   CHOSE parent p=0 coord=0-0 maxcov=59.0 tmax=Some(49)
[TRACE_BACK]   PATHPAT_OR via tmax=49 abund=59.0000 first=0 last=3 nodes=0(0-0) 3(80275346-80276086)
--- parse_trflong: back_to_source t=32 result=OK path_len=6 path: 11(80281929-80283589) 10(80281670-80281929) 8(80280746-80280932) 6(80279367-80279466) 5(80276728-80279058) 3(80275346-80276086)
[TRACE_FWD] enter node i=11 coord=80281929-80283589 minpath=0 maxpath=17 nchildren=1 sink_child=false
[TRACE_FWD]   path_edge child=12 coord=80283589-80283698 edge_bit=true child_bit=true sink=false
[TRACE_FWD]   fast-path: i+1=12 already on pathpat
[TRACE_FWD]   CHOSE child c=12 coord=80283589-80283698 maxcov=0.0 tmax=None
[TRACE_FWD] enter node i=12 coord=80283589-80283698 minpath=0 maxpath=17 nchildren=3 sink_child=true
[TRACE_FWD]   path_edge child=13 coord=80283698-80284818 edge_bit=false child_bit=false sink=false
[TRACE_FWD]   path_edge child=14 coord=80284818-80285085 edge_bit=true child_bit=true sink=false
[TRACE_FWD]   path_edge child=20 coord=0-0 edge_bit=false child_bit=false sink=true
[TRACE_FWD]   seed-guided child=14 coord=80284818-80285085 guided=1
[TRACE_FWD]   CHOSE child c=14 coord=80284818-80285085 maxcov=0.0 tmax=None
[TRACE_FWD] enter node i=14 coord=80284818-80285085 minpath=0 maxpath=17 nchildren=5 sink_child=true
[TRACE_FWD]   path_edge child=15 coord=80285085-80285218 edge_bit=false child_bit=false sink=false
[TRACE_FWD]   path_edge child=16 coord=80285218-80285399 edge_bit=false child_bit=false sink=false
[TRACE_FWD]   path_edge child=17 coord=80285533-80286948 edge_bit=true child_bit=true sink=false
[TRACE_FWD]   path_edge child=18 coord=80288350-80288416 edge_bit=false child_bit=false sink=false
[TRACE_FWD]   path_edge child=20 coord=0-0 edge_bit=false child_bit=false sink=true
[TRACE_FWD]   seed-guided child=17 coord=80285533-80286948 guided=1
[TRACE_FWD]   CHOSE child c=17 coord=80285533-80286948 maxcov=0.0 tmax=None
[TRACE_FWD] enter node i=17 coord=80285533-80286948 minpath=0 maxpath=17 nchildren=1 sink_child=true
[TRACE_FWD]   path_edge child=20 coord=0-0 edge_bit=false child_bit=false sink=true
[FWD_HARDEND_GUARD seed=32] skip at i=17 (gap=1291 > MAX_LONGEND_GAP 100)
[ONPATH_SINK_PENULT] penultimate=10 penult_coord=80281670-80281929 maxp=17 maxp_coord=80285533-80286948 contig=false
[TRACE_FWD_SINK_DBG] tf=0 !exact=true req_long=true first<i=true maxp<=i=true last>=c=true onpath_reason=fail:sink_edge_wrong_penultimate
[TRACE_FWD_SINK]   tf=0 first=10 last=20 abundance=4.0000 maxpath=17 i=17 accepted=false
[ONPATH_SINK_PENULT] penultimate=14 penult_coord=80284818-80285085 maxp=17 maxp_coord=80285533-80286948 contig=false
[TRACE_FWD_SINK_DBG] tf=1 !exact=true req_long=true first<i=true maxp<=i=true last>=c=true onpath_reason=fail:sink_edge_wrong_penultimate
[TRACE_FWD_SINK]   tf=1 first=14 last=20 abundance=7.0000 maxpath=17 i=17 accepted=false
[ONPATH_SINK_PENULT] penultimate=12 penult_coord=80283589-80283698 maxp=17 maxp_coord=80285533-80286948 contig=false
[TRACE_FWD_SINK_DBG] tf=2 !exact=true req_long=true first<i=true maxp<=i=true last>=c=true onpath_reason=fail:sink_edge_wrong_penultimate
[TRACE_FWD_SINK]   tf=2 first=12 last=20 abundance=1.0000 maxpath=17 i=17 accepted=false
[ONPATH_SINK_PENULT] penultimate=16 penult_coord=80285218-80285399 maxp=17 maxp_coord=80285533-80286948 contig=false
[TRACE_FWD_SINK_DBG] tf=44 !exact=true req_long=true first<i=true maxp<=i=true last>=c=true onpath_reason=fail:sink_edge_wrong_penultimate
[TRACE_FWD_SINK]   tf=44 first=16 last=20 abundance=4.0000 maxpath=17 i=17 accepted=false
[TRACE_FWD_SINK]   tf=45 first=17 last=20 abundance=10.1250 maxpath=17 i=17 accepted=true
[ONPATH_SINK_PENULT] penultimate=2 penult_coord=80275063-80275346 maxp=17 maxp_coord=80285533-80286948 contig=false
[TRACE_FWD_SINK_DBG] tf=50 !exact=true req_long=true first<i=true maxp<=i=true last>=c=true onpath_reason=fail:sink_edge_wrong_penultimate
[TRACE_FWD_SINK]   tf=50 first=2 last=20 abundance=1.0000 maxpath=17 i=17 accepted=false
[ONPATH_SINK_PENULT] penultimate=8 penult_coord=80280746-80280932 maxp=17 maxp_coord=80285533-80286948 contig=false
[TRACE_FWD_SINK_DBG] tf=51 !exact=true req_long=true first<i=true maxp<=i=true last>=c=true onpath_reason=fail:sink_edge_wrong_penultimate
[TRACE_FWD_SINK]   tf=51 first=8 last=20 abundance=1.0000 maxpath=17 i=17 accepted=false
[TRACE_FWD]   child c=20 coord=0-0 ntrf=7 childcov=10.1 tchild=Some(45)
[TRACE_FWD]     support_tf=45 first=17 last=20 nodes=2 longstart=0 longend=0 tf_edge=true tf_sink_edge=true
[FWD_TRACE seed=32]   maxcov_update child=20 childcov=10.1250 prev_maxcov=0.0000 prev_tmax=None prev_weak=None cand_tchild=Some(45) cand_weak=Some(false) allow=1
[TRACE_FWD]   CHOSE child c=20 coord=0-0 maxcov=10.1 tmax=Some(45)
--- parse_trflong: fwd_to_sink t=32 result=OK path_len=11 path: 0(0-0) 3(80275346-80276086) 5(80276728-80279058) 6(80279367-80279466) 8(80280746-80280932) 10(80281670-80281929) 11(80281929-80283589) 12(80283589-80283698) 14(80284818-80285085) 17(80285533-80286948) 20(0-0)
[TRACE_LOCUS] idx=32 abund=1.0 nodes=4 exons=7 span=80275346-80286948 rnodes=80281929-80286948 complete=true seed=true
[TRACE_LOCUS]   → flux=0.0000 cov=1.0000 nodecov_mode=false
[TRACE_CHECKTRF_ADD] t=32 reason=zero_flux saved_abund=1.0000 abund=1.0000 guide=false longstart=0 longend=80285657 back=1 fwd=1 flux=0.0000 cov=- tocheck=1 tf_nodes=4 tf_coords=11(80281929-80283589) 12(80283589-80283698) 14(80284818-80285085) 17(80285533-80286948) path_nodes=9 path_coords=3(80275346-80276086) 5(80276728-80279058) 6(80279367-80279466) 8(80280746-80280932) 10(80281670-80281929) 11(80281929-80283589) 12(80283589-80283698) 14(80284818-80285085) 17(80285533-80286948)
[TRACE_LOCUS]   → ZERO_FLUX checktrf idx=32
[TRACE_EARLY] idx=34 abund=1.0 nodes=3 seed=true weak=0 skip=pass span=80283698-80286948
[TRACE_PAT] stage=seed.raw idx=34 pivot=17 coord=80285533-80286948 node_bit=true pop=5 nchildren=1
[TRACE_PAT]   child=20 coord=0-0 edge_bit=false child_bit=false sink=true
[TRACE_PAT] stage=seed.after_nodes idx=34 pivot=17 coord=80285533-80286948 node_bit=true pop=5 nchildren=1
[TRACE_PAT]   child=20 coord=0-0 edge_bit=false child_bit=false sink=true
[TRACE_PAT] stage=seed.after_endcaps idx=34 pivot=17 coord=80285533-80286948 node_bit=true pop=5 nchildren=1
[TRACE_PAT]   child=20 coord=0-0 edge_bit=false child_bit=false sink=true
[TRACE_SEED] idx=34 abund=1.0 nnodes=3 minp=13 (80283698-80284818) maxp=17 (80285533-80286948) patpop=5
[BACK_TRACE seed=34] enter node i=13 coord=80283698-80284818 minpath=13 maxpath=17 nparents=2 path_len=1
[TRACE_BACK_SOURCE]   tf=38 first=0 last=11 abundance=1.0000 minpath=13 exact=false pure_stub=true alt_parent_cov=24.0000 accepted=false
[TRACE_BACK_SOURCE]   tf=39 first=0 last=2 abundance=1.0000 minpath=13 exact=false pure_stub=true alt_parent_cov=24.0000 accepted=false
[TRACE_BACK_SOURCE]   tf=40 first=0 last=13 abundance=1.0000 minpath=13 exact=true pure_stub=true alt_parent_cov=24.0000 accepted=false
[TRACE_BACK_SOURCE]   tf=49 first=0 last=3 abundance=59.0000 minpath=13 exact=false pure_stub=true alt_parent_cov=24.0000 accepted=false
[TRACE_BACK]   parent p=0 coord=0-0 ntrf=4 depleted=0 skip_notlong=0 parentcov=0.0 tpar=None
[BACK_TRACE seed=34]     trf t=6 abund=7.0 first=5 last=17 weak=0 ACCEPT pattern_pop=13 nodes=[5, 6, 8, 10, 12, 14, 17]
[BACK_TRACE seed=34]       replace_tmax prev=None new=Some(6)
[BACK_TRACE seed=34]     trf t=9 abund=6.0 first=5 last=14 weak=0 ACCEPT pattern_pop=9 nodes=[5, 6, 10, 12, 14]
[BACK_TRACE seed=34]       replace_tmax prev=Some(6) new=Some(6)
[BACK_TRACE seed=34]     trf t=16 abund=2.0 first=5 last=16 weak=1 ACCEPT pattern_pop=13 nodes=[5, 6, 10, 12, 14, 15, 16]
[BACK_TRACE seed=34]       replace_tmax prev=Some(6) new=Some(6)
[BACK_TRACE seed=34]     trf t=17 abund=2.0 first=5 last=16 weak=0 ACCEPT pattern_pop=11 nodes=[5, 6, 10, 12, 14, 16]
[BACK_TRACE seed=34]       replace_tmax prev=Some(6) new=Some(6)
[BACK_TRACE seed=34]     trf t=23 abund=1.0 first=5 last=17 weak=1 ACCEPT pattern_pop=15 nodes=[5, 6, 8, 10, 12, 13, 14, 17]
[BACK_TRACE seed=34]       replace_tmax prev=Some(6) new=Some(6)
[BACK_TRACE seed=34]     trf t=29 abund=1.0 first=6 last=14 weak=0 ACCEPT pattern_pop=7 nodes=[6, 10, 12, 14]
[BACK_TRACE seed=34]       replace_tmax prev=Some(6) new=Some(6)
[BACK_TRACE seed=34]     trf t=32 abund=1.0 first=11 last=17 weak=1 ACCEPT pattern_pop=7 nodes=[11, 12, 14, 17]
[BACK_TRACE seed=34]       replace_tmax prev=Some(6) new=Some(6)
[TRACE_BACK]   parent p=12 coord=80283589-80283698 ntrf=13 depleted=0 skip_notlong=0 parentcov=20.0 tpar=Some(6)
[BACK_TRACE seed=34]   maxcov_update parent=12 parentcov=20.0000 prev_maxcov=0.0000 prev_tmax=None prev_weak=None cand_tpar=Some(6) cand_weak=Some(false) allow=1
[TRACE_BACK]   CHOSE parent p=12 coord=80283589-80283698 maxcov=20.0 tmax=Some(6)
[TRACE_BACK]   PATHPAT_OR via tmax=6 abund=7.0000 first=5 last=17 nodes=5(80276728-80279058) 6(80279367-80279466) 8(80280746-80280932) 10(80281670-80281929) 12(80283589-80283698) 14(80284818-80285085) 17(80285533-80286948)
[BACK_TRACE seed=34] enter node i=12 coord=80283589-80283698 minpath=5 maxpath=17 nparents=2 path_len=2
[TRACE_BACK]   edge_bit fast-path: parent=10 coord=80281670-80281929
[TRACE_BACK]   CHOSE parent p=10 coord=80281670-80281929 maxcov=0.0 tmax=None
[BACK_TRACE seed=34] enter node i=10 coord=80281670-80281929 minpath=5 maxpath=17 nparents=3 path_len=3
[TRACE_BACK]   edge_bit fast-path: parent=8 coord=80280746-80280932
[TRACE_BACK]   CHOSE parent p=8 coord=80280746-80280932 maxcov=0.0 tmax=None
[BACK_TRACE seed=34] enter node i=8 coord=80280746-80280932 minpath=5 maxpath=17 nparents=2 path_len=4
[TRACE_BACK]   edge_bit fast-path: parent=6 coord=80279367-80279466
[TRACE_BACK]   CHOSE parent p=6 coord=80279367-80279466 maxcov=0.0 tmax=None
[BACK_TRACE seed=34] enter node i=6 coord=80279367-80279466 minpath=5 maxpath=17 nparents=1 path_len=5
[TRACE_BACK]   fast-path: i-1=5 already on pathpat
[TRACE_BACK]   CHOSE parent p=5 coord=80276728-80279058 maxcov=0.0 tmax=None
[BACK_TRACE seed=34] enter node i=5 coord=80276728-80279058 minpath=5 maxpath=17 nparents=2 path_len=6
[BACK_TRACE seed=34]     trf t=11 abund=5.0 first=3 last=5 weak=0 ACCEPT pattern_pop=3 nodes=[3, 5]
[BACK_TRACE seed=34]       replace_tmax prev=None new=Some(11)
[BACK_TRACE seed=34]     trf t=12 abund=1.9 first=3 last=10 weak=1 ACCEPT pattern_pop=9 nodes=[3, 4, 5, 6, 10]
[BACK_TRACE seed=34]       replace_tmax prev=Some(11) new=Some(11)
[BACK_TRACE seed=34]     trf t=28 abund=1.0 first=3 last=14 weak=0 ACCEPT pattern_pop=9 nodes=[3, 5, 6, 10, 14]
[BACK_TRACE seed=34]       replace_tmax prev=Some(11) new=Some(11)
[TRACE_BACK]   parent p=3 coord=80275346-80276086 ntrf=6 depleted=0 skip_notlong=0 parentcov=7.9 tpar=Some(11)
[BACK_TRACE seed=34]   maxcov_update parent=3 parentcov=7.8571 prev_maxcov=0.0000 prev_tmax=None prev_weak=None cand_tpar=Some(11) cand_weak=Some(false) allow=1
[TRACE_BACK]   CHOSE parent p=3 coord=80275346-80276086 maxcov=7.9 tmax=Some(11)
[TRACE_BACK]   PATHPAT_OR via tmax=11 abund=5.0000 first=3 last=5 nodes=3(80275346-80276086) 5(80276728-80279058)
[BACK_TRACE seed=34] enter node i=3 coord=80275346-80276086 minpath=3 maxpath=17 nparents=2 path_len=7
[TRACE_BACK_SOURCE]   tf=38 first=0 last=11 abundance=1.0000 minpath=3 exact=false pure_stub=true alt_parent_cov=0.0000 accepted=false
[TRACE_BACK_SOURCE]   tf=39 first=0 last=2 abundance=1.0000 minpath=3 exact=false pure_stub=true alt_parent_cov=0.0000 accepted=false
[TRACE_BACK_SOURCE]   tf=40 first=0 last=13 abundance=1.0000 minpath=3 exact=false pure_stub=true alt_parent_cov=0.0000 accepted=false
[TRACE_BACK_SOURCE]   tf=49 first=0 last=3 abundance=59.0000 minpath=3 exact=true pure_stub=true alt_parent_cov=0.0000 accepted=true
[TRACE_BACK]   parent p=0 coord=0-0 ntrf=4 depleted=0 skip_notlong=0 parentcov=59.0 tpar=Some(49)
[BACK_TRACE seed=34]   maxcov_update parent=0 parentcov=59.0000 prev_maxcov=0.0000 prev_tmax=None prev_weak=None cand_tpar=Some(49) cand_weak=Some(false) allow=1
[TRACE_BACK]   CHOSE parent p=0 coord=0-0 maxcov=59.0 tmax=Some(49)
[TRACE_BACK]   PATHPAT_OR via tmax=49 abund=59.0000 first=0 last=3 nodes=0(0-0) 3(80275346-80276086)
--- parse_trflong: back_to_source t=34 result=OK path_len=7 path: 13(80283698-80284818) 12(80283589-80283698) 10(80281670-80281929) 8(80280746-80280932) 6(80279367-80279466) 5(80276728-80279058) 3(80275346-80276086)
[TRACE_FWD] enter node i=13 coord=80283698-80284818 minpath=0 maxpath=17 nchildren=1 sink_child=false
[TRACE_FWD]   path_edge child=14 coord=80284818-80285085 edge_bit=true child_bit=true sink=false
[TRACE_FWD]   fast-path: i+1=14 already on pathpat
[TRACE_FWD]   CHOSE child c=14 coord=80284818-80285085 maxcov=0.0 tmax=None
[TRACE_FWD] enter node i=14 coord=80284818-80285085 minpath=0 maxpath=17 nchildren=5 sink_child=true
[TRACE_FWD]   path_edge child=15 coord=80285085-80285218 edge_bit=false child_bit=false sink=false
[TRACE_FWD]   path_edge child=16 coord=80285218-80285399 edge_bit=false child_bit=false sink=false
[TRACE_FWD]   path_edge child=17 coord=80285533-80286948 edge_bit=true child_bit=true sink=false
[TRACE_FWD]   path_edge child=18 coord=80288350-80288416 edge_bit=false child_bit=false sink=false
[TRACE_FWD]   path_edge child=20 coord=0-0 edge_bit=false child_bit=false sink=true
[TRACE_FWD]   seed-guided child=17 coord=80285533-80286948 guided=1
[TRACE_FWD]   CHOSE child c=17 coord=80285533-80286948 maxcov=0.0 tmax=None
[TRACE_FWD] enter node i=17 coord=80285533-80286948 minpath=0 maxpath=17 nchildren=1 sink_child=true
[TRACE_FWD]   path_edge child=20 coord=0-0 edge_bit=false child_bit=false sink=true
[FWD_HARDEND_GUARD seed=34] skip at i=17 (gap=1154 > MAX_LONGEND_GAP 100)
[ONPATH_SINK_PENULT] penultimate=10 penult_coord=80281670-80281929 maxp=17 maxp_coord=80285533-80286948 contig=false
[TRACE_FWD_SINK_DBG] tf=0 !exact=true req_long=true first<i=true maxp<=i=true last>=c=true onpath_reason=fail:sink_edge_wrong_penultimate
[TRACE_FWD_SINK]   tf=0 first=10 last=20 abundance=4.0000 maxpath=17 i=17 accepted=false
[ONPATH_SINK_PENULT] penultimate=14 penult_coord=80284818-80285085 maxp=17 maxp_coord=80285533-80286948 contig=false
[TRACE_FWD_SINK_DBG] tf=1 !exact=true req_long=true first<i=true maxp<=i=true last>=c=true onpath_reason=fail:sink_edge_wrong_penultimate
[TRACE_FWD_SINK]   tf=1 first=14 last=20 abundance=7.0000 maxpath=17 i=17 accepted=false
[ONPATH_SINK_PENULT] penultimate=12 penult_coord=80283589-80283698 maxp=17 maxp_coord=80285533-80286948 contig=false
[TRACE_FWD_SINK_DBG] tf=2 !exact=true req_long=true first<i=true maxp<=i=true last>=c=true onpath_reason=fail:sink_edge_wrong_penultimate
[TRACE_FWD_SINK]   tf=2 first=12 last=20 abundance=1.0000 maxpath=17 i=17 accepted=false
[ONPATH_SINK_PENULT] penultimate=16 penult_coord=80285218-80285399 maxp=17 maxp_coord=80285533-80286948 contig=false
[TRACE_FWD_SINK_DBG] tf=44 !exact=true req_long=true first<i=true maxp<=i=true last>=c=true onpath_reason=fail:sink_edge_wrong_penultimate
[TRACE_FWD_SINK]   tf=44 first=16 last=20 abundance=4.0000 maxpath=17 i=17 accepted=false
[TRACE_FWD_SINK]   tf=45 first=17 last=20 abundance=10.1250 maxpath=17 i=17 accepted=true
[ONPATH_SINK_PENULT] penultimate=2 penult_coord=80275063-80275346 maxp=17 maxp_coord=80285533-80286948 contig=false
[TRACE_FWD_SINK_DBG] tf=50 !exact=true req_long=true first<i=true maxp<=i=true last>=c=true onpath_reason=fail:sink_edge_wrong_penultimate
[TRACE_FWD_SINK]   tf=50 first=2 last=20 abundance=1.0000 maxpath=17 i=17 accepted=false
[ONPATH_SINK_PENULT] penultimate=8 penult_coord=80280746-80280932 maxp=17 maxp_coord=80285533-80286948 contig=false
[TRACE_FWD_SINK_DBG] tf=51 !exact=true req_long=true first<i=true maxp<=i=true last>=c=true onpath_reason=fail:sink_edge_wrong_penultimate
[TRACE_FWD_SINK]   tf=51 first=8 last=20 abundance=1.0000 maxpath=17 i=17 accepted=false
[TRACE_FWD]   child c=20 coord=0-0 ntrf=7 childcov=10.1 tchild=Some(45)
[TRACE_FWD]     support_tf=45 first=17 last=20 nodes=2 longstart=0 longend=0 tf_edge=true tf_sink_edge=true
[FWD_TRACE seed=34]   maxcov_update child=20 childcov=10.1250 prev_maxcov=0.0000 prev_tmax=None prev_weak=None cand_tchild=Some(45) cand_weak=Some(false) allow=1
[TRACE_FWD]   CHOSE child c=20 coord=0-0 maxcov=10.1 tmax=Some(45)
--- parse_trflong: fwd_to_sink t=34 result=OK path_len=11 path: 0(0-0) 3(80275346-80276086) 5(80276728-80279058) 6(80279367-80279466) 8(80280746-80280932) 10(80281670-80281929) 12(80283589-80283698) 13(80283698-80284818) 14(80284818-80285085) 17(80285533-80286948) 20(0-0)
[TRACE_LOCUS] idx=34 abund=1.0 nodes=3 exons=7 span=80275346-80286948 rnodes=80283698-80286948 complete=true seed=true
[TRACE_LOCUS]   → flux=1.0000 cov=0.5411 nodecov_mode=false
[TRACE_LOCUS]   → STORED idx=34 cov=0.5411 abund_after=1.0000 exons=7 first=80275346-80276086 last=80285533-80286948
[TRACE_EARLY] idx=3 abund=0.0 nodes=6 seed=true weak=0 skip=pass span=80276728-80286948
[TRACE_PAT] stage=seed.raw idx=3 pivot=17 coord=80285533-80286948 node_bit=true pop=11 nchildren=1
[TRACE_PAT]   child=20 coord=0-0 edge_bit=false child_bit=false sink=true
[TRACE_PAT] stage=seed.after_nodes idx=3 pivot=17 coord=80285533-80286948 node_bit=true pop=11 nchildren=1
[TRACE_PAT]   child=20 coord=0-0 edge_bit=false child_bit=false sink=true
[TRACE_PAT] stage=seed.after_endcaps idx=3 pivot=17 coord=80285533-80286948 node_bit=true pop=11 nchildren=1
[TRACE_PAT]   child=20 coord=0-0 edge_bit=false child_bit=false sink=true
[TRACE_SEED] idx=3 abund=0.0 nnodes=6 minp=5 (80276728-80279058) maxp=17 (80285533-80286948) patpop=11
[BACK_TRACE seed=3] enter node i=5 coord=80276728-80279058 minpath=5 maxpath=17 nparents=2 path_len=1
[BACK_TRACE seed=3]     trf t=11 abund=4.8 first=3 last=5 weak=0 ACCEPT pattern_pop=3 nodes=[3, 5]
[BACK_TRACE seed=3]       replace_tmax prev=None new=Some(11)
[BACK_TRACE seed=3]     trf t=12 abund=1.9 first=3 last=10 weak=1 ACCEPT pattern_pop=9 nodes=[3, 4, 5, 6, 10]
[BACK_TRACE seed=3]       replace_tmax prev=Some(11) new=Some(11)
[BACK_TRACE seed=3]     trf t=28 abund=1.0 first=3 last=14 weak=0 ACCEPT pattern_pop=9 nodes=[3, 5, 6, 10, 14]
[BACK_TRACE seed=3]       replace_tmax prev=Some(11) new=Some(11)
[TRACE_BACK]   parent p=3 coord=80275346-80276086 ntrf=6 depleted=0 skip_notlong=0 parentcov=7.7 tpar=Some(11)
[BACK_TRACE seed=3]   maxcov_update parent=3 parentcov=7.6620 prev_maxcov=0.0000 prev_tmax=None prev_weak=None cand_tpar=Some(11) cand_weak=Some(false) allow=1
[TRACE_BACK]   CHOSE parent p=3 coord=80275346-80276086 maxcov=7.7 tmax=Some(11)
[TRACE_BACK]   PATHPAT_OR via tmax=11 abund=4.8049 first=3 last=5 nodes=3(80275346-80276086) 5(80276728-80279058)
[BACK_TRACE seed=3] enter node i=3 coord=80275346-80276086 minpath=3 maxpath=17 nparents=2 path_len=2
[TRACE_BACK_SOURCE]   tf=38 first=0 last=11 abundance=1.0000 minpath=3 exact=false pure_stub=true alt_parent_cov=0.0000 accepted=false
[TRACE_BACK_SOURCE]   tf=39 first=0 last=2 abundance=1.0000 minpath=3 exact=false pure_stub=true alt_parent_cov=0.0000 accepted=false
[TRACE_BACK_SOURCE]   tf=40 first=0 last=13 abundance=1.0000 minpath=3 exact=false pure_stub=true alt_parent_cov=0.0000 accepted=false
[TRACE_BACK_SOURCE]   tf=49 first=0 last=3 abundance=58.8049 minpath=3 exact=true pure_stub=true alt_parent_cov=0.0000 accepted=true
[TRACE_BACK]   parent p=0 coord=0-0 ntrf=4 depleted=0 skip_notlong=0 parentcov=58.8 tpar=Some(49)
[BACK_TRACE seed=3]   maxcov_update parent=0 parentcov=58.8049 prev_maxcov=0.0000 prev_tmax=None prev_weak=None cand_tpar=Some(49) cand_weak=Some(false) allow=1
[TRACE_BACK]   CHOSE parent p=0 coord=0-0 maxcov=58.8 tmax=Some(49)
[TRACE_BACK]   PATHPAT_OR via tmax=49 abund=58.8049 first=0 last=3 nodes=0(0-0) 3(80275346-80276086)
--- parse_trflong: back_to_source t=3 result=OK path_len=2 path: 5(80276728-80279058) 3(80275346-80276086)
[TRACE_FWD] enter node i=5 coord=80276728-80279058 minpath=0 maxpath=17 nchildren=1 sink_child=false
[TRACE_FWD]   path_edge child=6 coord=80279367-80279466 edge_bit=true child_bit=true sink=false
[TRACE_FWD]   fast-path: i+1=6 already on pathpat
[TRACE_FWD]   CHOSE child c=6 coord=80279367-80279466 maxcov=0.0 tmax=None
[TRACE_FWD] enter node i=6 coord=80279367-80279466 minpath=0 maxpath=17 nchildren=2 sink_child=false
[TRACE_FWD]   path_edge child=8 coord=80280746-80280932 edge_bit=false child_bit=false sink=false
[TRACE_FWD]   path_edge child=10 coord=80281670-80281929 edge_bit=true child_bit=true sink=false
[TRACE_FWD]   seed-guided child=10 coord=80281670-80281929 guided=1
[TRACE_FWD]   CHOSE child c=10 coord=80281670-80281929 maxcov=0.0 tmax=None
[TRACE_FWD] enter node i=10 coord=80281670-80281929 minpath=0 maxpath=17 nchildren=4 sink_child=true
[TRACE_FWD]   path_edge child=11 coord=80281929-80283589 edge_bit=false child_bit=false sink=false
[TRACE_FWD]   path_edge child=12 coord=80283589-80283698 edge_bit=true child_bit=true sink=false
[TRACE_FWD]   path_edge child=14 coord=80284818-80285085 edge_bit=false child_bit=true sink=false
[TRACE_FWD]   path_edge child=20 coord=0-0 edge_bit=false child_bit=false sink=true
[TRACE_FWD]   seed-guided child=12 coord=80283589-80283698 guided=1
[TRACE_FWD]   CHOSE child c=12 coord=80283589-80283698 maxcov=0.0 tmax=None
[TRACE_FWD] enter node i=12 coord=80283589-80283698 minpath=0 maxpath=17 nchildren=3 sink_child=true
[TRACE_FWD]   path_edge child=13 coord=80283698-80284818 edge_bit=false child_bit=false sink=false
[TRACE_FWD]   path_edge child=14 coord=80284818-80285085 edge_bit=true child_bit=true sink=false
[TRACE_FWD]   path_edge child=20 coord=0-0 edge_bit=false child_bit=false sink=true
[TRACE_FWD]   seed-guided child=14 coord=80284818-80285085 guided=1
[TRACE_FWD]   CHOSE child c=14 coord=80284818-80285085 maxcov=0.0 tmax=None
[TRACE_FWD] enter node i=14 coord=80284818-80285085 minpath=0 maxpath=17 nchildren=5 sink_child=true
[TRACE_FWD]   path_edge child=15 coord=80285085-80285218 edge_bit=false child_bit=false sink=false
[TRACE_FWD]   path_edge child=16 coord=80285218-80285399 edge_bit=false child_bit=false sink=false
[TRACE_FWD]   path_edge child=17 coord=80285533-80286948 edge_bit=true child_bit=true sink=false
[TRACE_FWD]   path_edge child=18 coord=80288350-80288416 edge_bit=false child_bit=false sink=false
[TRACE_FWD]   path_edge child=20 coord=0-0 edge_bit=false child_bit=false sink=true
[TRACE_FWD]   seed-guided child=17 coord=80285533-80286948 guided=1
[TRACE_FWD]   CHOSE child c=17 coord=80285533-80286948 maxcov=0.0 tmax=None
[TRACE_FWD] enter node i=17 coord=80285533-80286948 minpath=0 maxpath=17 nchildren=1 sink_child=true
[TRACE_FWD]   path_edge child=20 coord=0-0 edge_bit=false child_bit=false sink=true
[ONPATH_SINK_PENULT] penultimate=10 penult_coord=80281670-80281929 maxp=17 maxp_coord=80285533-80286948 contig=false
[TRACE_FWD_SINK_DBG] tf=0 !exact=true req_long=true first<i=true maxp<=i=true last>=c=true onpath_reason=fail:sink_edge_wrong_penultimate
[TRACE_FWD_SINK]   tf=0 first=10 last=20 abundance=4.0000 maxpath=17 i=17 accepted=false
[ONPATH_SINK_PENULT] penultimate=14 penult_coord=80284818-80285085 maxp=17 maxp_coord=80285533-80286948 contig=false
[TRACE_FWD_SINK_DBG] tf=1 !exact=true req_long=true first<i=true maxp<=i=true last>=c=true onpath_reason=fail:sink_edge_wrong_penultimate
[TRACE_FWD_SINK]   tf=1 first=14 last=20 abundance=7.0000 maxpath=17 i=17 accepted=false
[ONPATH_SINK_PENULT] penultimate=12 penult_coord=80283589-80283698 maxp=17 maxp_coord=80285533-80286948 contig=false
[TRACE_FWD_SINK_DBG] tf=2 !exact=true req_long=true first<i=true maxp<=i=true last>=c=true onpath_reason=fail:sink_edge_wrong_penultimate
[TRACE_FWD_SINK]   tf=2 first=12 last=20 abundance=1.0000 maxpath=17 i=17 accepted=false
[ONPATH_SINK_PENULT] penultimate=16 penult_coord=80285218-80285399 maxp=17 maxp_coord=80285533-80286948 contig=false
[TRACE_FWD_SINK_DBG] tf=44 !exact=true req_long=true first<i=true maxp<=i=true last>=c=true onpath_reason=fail:sink_edge_wrong_penultimate
[TRACE_FWD_SINK]   tf=44 first=16 last=20 abundance=4.0000 maxpath=17 i=17 accepted=false
[TRACE_FWD_SINK]   tf=45 first=17 last=20 abundance=9.1250 maxpath=17 i=17 accepted=true
[ONPATH_SINK_PENULT] penultimate=2 penult_coord=80275063-80275346 maxp=17 maxp_coord=80285533-80286948 contig=false
[TRACE_FWD_SINK_DBG] tf=50 !exact=true req_long=true first<i=true maxp<=i=true last>=c=true onpath_reason=fail:sink_edge_wrong_penultimate
[TRACE_FWD_SINK]   tf=50 first=2 last=20 abundance=1.0000 maxpath=17 i=17 accepted=false
[ONPATH_SINK_PENULT] penultimate=8 penult_coord=80280746-80280932 maxp=17 maxp_coord=80285533-80286948 contig=false
[TRACE_FWD_SINK_DBG] tf=51 !exact=true req_long=true first<i=true maxp<=i=true last>=c=true onpath_reason=fail:sink_edge_wrong_penultimate
[TRACE_FWD_SINK]   tf=51 first=8 last=20 abundance=1.0000 maxpath=17 i=17 accepted=false
[TRACE_FWD]   child c=20 coord=0-0 ntrf=7 childcov=9.1 tchild=Some(45)
[TRACE_FWD]     support_tf=45 first=17 last=20 nodes=2 longstart=0 longend=0 tf_edge=true tf_sink_edge=true
[FWD_TRACE seed=3]   maxcov_update child=20 childcov=9.1250 prev_maxcov=0.0000 prev_tmax=None prev_weak=None cand_tchild=Some(45) cand_weak=Some(false) allow=1
[TRACE_FWD]   CHOSE child c=20 coord=0-0 maxcov=9.1 tmax=Some(45)
--- parse_trflong: fwd_to_sink t=3 result=OK path_len=9 path: 0(0-0) 3(80275346-80276086) 5(80276728-80279058) 6(80279367-80279466) 10(80281670-80281929) 12(80283589-80283698) 14(80284818-80285085) 17(80285533-80286948) 20(0-0)
[TRACE_LOCUS] idx=3 abund=0.0 nodes=6 exons=7 span=80275346-80286948 rnodes=80276728-80286948 complete=false seed=true
[TRACE_LOCUS]   → flux=0.0000 cov=0.0000 nodecov_mode=false
[TRACE_CHECKTRF_ADD] t=3 reason=zero_flux saved_abund=0.0000 abund=0.0000 guide=false longstart=80277095 longend=80286948 back=1 fwd=1 flux=0.0000 cov=- tocheck=1 tf_nodes=6 tf_coords=5(80276728-80279058) 6(80279367-80279466) 10(80281670-80281929) 12(80283589-80283698) 14(80284818-80285085) 17(80285533-80286948) path_nodes=7 path_coords=3(80275346-80276086) 5(80276728-80279058) 6(80279367-80279466) 10(80281670-80281929) 12(80283589-80283698) 14(80284818-80285085) 17(80285533-80286948)
[TRACE_LOCUS]   → ZERO_FLUX checktrf idx=3
[TRACE_EARLY] idx=6 abund=7.0 nodes=7 seed=true weak=0 skip=pass span=80276728-80286948
[TRACE_PAT] stage=seed.raw idx=6 pivot=17 coord=80285533-80286948 node_bit=true pop=13 nchildren=1
[TRACE_PAT]   child=20 coord=0-0 edge_bit=false child_bit=false sink=true
[TRACE_PAT] stage=seed.after_nodes idx=6 pivot=17 coord=80285533-80286948 node_bit=true pop=13 nchildren=1
[TRACE_PAT]   child=20 coord=0-0 edge_bit=false child_bit=false sink=true
[TRACE_PAT] stage=seed.after_endcaps idx=6 pivot=17 coord=80285533-80286948 node_bit=true pop=13 nchildren=1
[TRACE_PAT]   child=20 coord=0-0 edge_bit=false child_bit=false sink=true
[TRACE_SEED] idx=6 abund=7.0 nnodes=7 minp=5 (80276728-80279058) maxp=17 (80285533-80286948) patpop=13
[BACK_TRACE seed=6] enter node i=5 coord=80276728-80279058 minpath=5 maxpath=17 nparents=2 path_len=1
[BACK_TRACE seed=6]     trf t=11 abund=4.8 first=3 last=5 weak=0 ACCEPT pattern_pop=3 nodes=[3, 5]
[BACK_TRACE seed=6]       replace_tmax prev=None new=Some(11)
[BACK_TRACE seed=6]     trf t=12 abund=1.9 first=3 last=10 weak=1 ACCEPT pattern_pop=9 nodes=[3, 4, 5, 6, 10]
[BACK_TRACE seed=6]       replace_tmax prev=Some(11) new=Some(11)
[BACK_TRACE seed=6]     trf t=28 abund=1.0 first=3 last=14 weak=0 ACCEPT pattern_pop=9 nodes=[3, 5, 6, 10, 14]
[BACK_TRACE seed=6]       replace_tmax prev=Some(11) new=Some(11)
[TRACE_BACK]   parent p=3 coord=80275346-80276086 ntrf=6 depleted=0 skip_notlong=0 parentcov=7.7 tpar=Some(11)
[BACK_TRACE seed=6]   maxcov_update parent=3 parentcov=7.6620 prev_maxcov=0.0000 prev_tmax=None prev_weak=None cand_tpar=Some(11) cand_weak=Some(false) allow=1
[TRACE_BACK]   CHOSE parent p=3 coord=80275346-80276086 maxcov=7.7 tmax=Some(11)
[TRACE_BACK]   PATHPAT_OR via tmax=11 abund=4.8049 first=3 last=5 nodes=3(80275346-80276086) 5(80276728-80279058)
[BACK_TRACE seed=6] enter node i=3 coord=80275346-80276086 minpath=3 maxpath=17 nparents=2 path_len=2
[TRACE_BACK_SOURCE]   tf=38 first=0 last=11 abundance=1.0000 minpath=3 exact=false pure_stub=true alt_parent_cov=0.0000 accepted=false
[TRACE_BACK_SOURCE]   tf=39 first=0 last=2 abundance=1.0000 minpath=3 exact=false pure_stub=true alt_parent_cov=0.0000 accepted=false
[TRACE_BACK_SOURCE]   tf=40 first=0 last=13 abundance=1.0000 minpath=3 exact=false pure_stub=true alt_parent_cov=0.0000 accepted=false
[TRACE_BACK_SOURCE]   tf=49 first=0 last=3 abundance=58.8049 minpath=3 exact=true pure_stub=true alt_parent_cov=0.0000 accepted=true
[TRACE_BACK]   parent p=0 coord=0-0 ntrf=4 depleted=0 skip_notlong=0 parentcov=58.8 tpar=Some(49)
[BACK_TRACE seed=6]   maxcov_update parent=0 parentcov=58.8049 prev_maxcov=0.0000 prev_tmax=None prev_weak=None cand_tpar=Some(49) cand_weak=Some(false) allow=1
[TRACE_BACK]   CHOSE parent p=0 coord=0-0 maxcov=58.8 tmax=Some(49)
[TRACE_BACK]   PATHPAT_OR via tmax=49 abund=58.8049 first=0 last=3 nodes=0(0-0) 3(80275346-80276086)
--- parse_trflong: back_to_source t=6 result=OK path_len=2 path: 5(80276728-80279058) 3(80275346-80276086)
[TRACE_FWD] enter node i=5 coord=80276728-80279058 minpath=0 maxpath=17 nchildren=1 sink_child=false
[TRACE_FWD]   path_edge child=6 coord=80279367-80279466 edge_bit=true child_bit=true sink=false
[TRACE_FWD]   fast-path: i+1=6 already on pathpat
[TRACE_FWD]   CHOSE child c=6 coord=80279367-80279466 maxcov=0.0 tmax=None
[TRACE_FWD] enter node i=6 coord=80279367-80279466 minpath=0 maxpath=17 nchildren=2 sink_child=false
[TRACE_FWD]   path_edge child=8 coord=80280746-80280932 edge_bit=true child_bit=true sink=false
[TRACE_FWD]   path_edge child=10 coord=80281670-80281929 edge_bit=false child_bit=true sink=false
[TRACE_FWD]   seed-guided child=8 coord=80280746-80280932 guided=1
[TRACE_FWD]   CHOSE child c=8 coord=80280746-80280932 maxcov=0.0 tmax=None
[TRACE_FWD] enter node i=8 coord=80280746-80280932 minpath=0 maxpath=17 nchildren=3 sink_child=true
[TRACE_FWD]   path_edge child=9 coord=80280932-80281670 edge_bit=false child_bit=false sink=false
[TRACE_FWD]   path_edge child=10 coord=80281670-80281929 edge_bit=true child_bit=true sink=false
[TRACE_FWD]   path_edge child=20 coord=0-0 edge_bit=false child_bit=false sink=true
[TRACE_FWD]   seed-guided child=10 coord=80281670-80281929 guided=1
[TRACE_FWD]   CHOSE child c=10 coord=80281670-80281929 maxcov=0.0 tmax=None
[TRACE_FWD] enter node i=10 coord=80281670-80281929 minpath=0 maxpath=17 nchildren=4 sink_child=true
[TRACE_FWD]   path_edge child=11 coord=80281929-80283589 edge_bit=false child_bit=false sink=false
[TRACE_FWD]   path_edge child=12 coord=80283589-80283698 edge_bit=true child_bit=true sink=false
[TRACE_FWD]   path_edge child=14 coord=80284818-80285085 edge_bit=false child_bit=true sink=false
[TRACE_FWD]   path_edge child=20 coord=0-0 edge_bit=false child_bit=false sink=true
[TRACE_FWD]   seed-guided child=12 coord=80283589-80283698 guided=1
[TRACE_FWD]   CHOSE child c=12 coord=80283589-80283698 maxcov=0.0 tmax=None
[TRACE_FWD] enter node i=12 coord=80283589-80283698 minpath=0 maxpath=17 nchildren=3 sink_child=true
[TRACE_FWD]   path_edge child=13 coord=80283698-80284818 edge_bit=false child_bit=false sink=false
[TRACE_FWD]   path_edge child=14 coord=80284818-80285085 edge_bit=true child_bit=true sink=false
[TRACE_FWD]   path_edge child=20 coord=0-0 edge_bit=false child_bit=false sink=true
[TRACE_FWD]   seed-guided child=14 coord=80284818-80285085 guided=1
[TRACE_FWD]   CHOSE child c=14 coord=80284818-80285085 maxcov=0.0 tmax=None
[TRACE_FWD] enter node i=14 coord=80284818-80285085 minpath=0 maxpath=17 nchildren=5 sink_child=true
[TRACE_FWD]   path_edge child=15 coord=80285085-80285218 edge_bit=false child_bit=false sink=false
[TRACE_FWD]   path_edge child=16 coord=80285218-80285399 edge_bit=false child_bit=false sink=false
[TRACE_FWD]   path_edge child=17 coord=80285533-80286948 edge_bit=true child_bit=true sink=false
[TRACE_FWD]   path_edge child=18 coord=80288350-80288416 edge_bit=false child_bit=false sink=false
[TRACE_FWD]   path_edge child=20 coord=0-0 edge_bit=false child_bit=false sink=true
[TRACE_FWD]   seed-guided child=17 coord=80285533-80286948 guided=1
[TRACE_FWD]   CHOSE child c=17 coord=80285533-80286948 maxcov=0.0 tmax=None
[TRACE_FWD] enter node i=17 coord=80285533-80286948 minpath=0 maxpath=17 nchildren=1 sink_child=true
[TRACE_FWD]   path_edge child=20 coord=0-0 edge_bit=false child_bit=false sink=true
[ONPATH_SINK_PENULT] penultimate=10 penult_coord=80281670-80281929 maxp=17 maxp_coord=80285533-80286948 contig=false
[TRACE_FWD_SINK_DBG] tf=0 !exact=true req_long=true first<i=true maxp<=i=true last>=c=true onpath_reason=fail:sink_edge_wrong_penultimate
[TRACE_FWD_SINK]   tf=0 first=10 last=20 abundance=4.0000 maxpath=17 i=17 accepted=false
[ONPATH_SINK_PENULT] penultimate=14 penult_coord=80284818-80285085 maxp=17 maxp_coord=80285533-80286948 contig=false
[TRACE_FWD_SINK_DBG] tf=1 !exact=true req_long=true first<i=true maxp<=i=true last>=c=true onpath_reason=fail:sink_edge_wrong_penultimate
[TRACE_FWD_SINK]   tf=1 first=14 last=20 abundance=7.0000 maxpath=17 i=17 accepted=false
[ONPATH_SINK_PENULT] penultimate=12 penult_coord=80283589-80283698 maxp=17 maxp_coord=80285533-80286948 contig=false
[TRACE_FWD_SINK_DBG] tf=2 !exact=true req_long=true first<i=true maxp<=i=true last>=c=true onpath_reason=fail:sink_edge_wrong_penultimate
[TRACE_FWD_SINK]   tf=2 first=12 last=20 abundance=1.0000 maxpath=17 i=17 accepted=false
[ONPATH_SINK_PENULT] penultimate=16 penult_coord=80285218-80285399 maxp=17 maxp_coord=80285533-80286948 contig=false
[TRACE_FWD_SINK_DBG] tf=44 !exact=true req_long=true first<i=true maxp<=i=true last>=c=true onpath_reason=fail:sink_edge_wrong_penultimate
[TRACE_FWD_SINK]   tf=44 first=16 last=20 abundance=4.0000 maxpath=17 i=17 accepted=false
[TRACE_FWD_SINK]   tf=45 first=17 last=20 abundance=9.1250 maxpath=17 i=17 accepted=true
[ONPATH_SINK_PENULT] penultimate=2 penult_coord=80275063-80275346 maxp=17 maxp_coord=80285533-80286948 contig=false
[TRACE_FWD_SINK_DBG] tf=50 !exact=true req_long=true first<i=true maxp<=i=true last>=c=true onpath_reason=fail:sink_edge_wrong_penultimate
[TRACE_FWD_SINK]   tf=50 first=2 last=20 abundance=1.0000 maxpath=17 i=17 accepted=false
[ONPATH_SINK_PENULT] penultimate=8 penult_coord=80280746-80280932 maxp=17 maxp_coord=80285533-80286948 contig=false
[TRACE_FWD_SINK_DBG] tf=51 !exact=true req_long=true first<i=true maxp<=i=true last>=c=true onpath_reason=fail:sink_edge_wrong_penultimate
[TRACE_FWD_SINK]   tf=51 first=8 last=20 abundance=1.0000 maxpath=17 i=17 accepted=false
[TRACE_FWD]   child c=20 coord=0-0 ntrf=7 childcov=9.1 tchild=Some(45)
[TRACE_FWD]     support_tf=45 first=17 last=20 nodes=2 longstart=0 longend=0 tf_edge=true tf_sink_edge=true
[FWD_TRACE seed=6]   maxcov_update child=20 childcov=9.1250 prev_maxcov=0.0000 prev_tmax=None prev_weak=None cand_tchild=Some(45) cand_weak=Some(false) allow=1
[TRACE_FWD]   CHOSE child c=20 coord=0-0 maxcov=9.1 tmax=Some(45)
--- parse_trflong: fwd_to_sink t=6 result=OK path_len=10 path: 0(0-0) 3(80275346-80276086) 5(80276728-80279058) 6(80279367-80279466) 8(80280746-80280932) 10(80281670-80281929) 12(80283589-80283698) 14(80284818-80285085) 17(80285533-80286948) 20(0-0)
[TRACE_LOCUS] idx=6 abund=7.0 nodes=7 exons=8 span=80275346-80286948 rnodes=80276728-80286948 complete=false seed=true
[TRACE_LOCUS]   → flux=7.0000 cov=3.2913 nodecov_mode=false
[TRACE_LOCUS]   → STORED idx=6 cov=3.2913 abund_after=0.0000 exons=8 first=80275346-80276086 last=80285533-80286948
[TRACE_EARLY] idx=9 abund=6.0 nodes=5 seed=true weak=0 skip=pass span=80276728-80285085
[TRACE_PAT] stage=seed.raw idx=9 pivot=14 coord=80284818-80285085 node_bit=true pop=9 nchildren=5
[TRACE_PAT]   child=15 coord=80285085-80285218 edge_bit=false child_bit=false sink=false
[TRACE_PAT]   child=16 coord=80285218-80285399 edge_bit=false child_bit=false sink=false
[TRACE_PAT]   child=17 coord=80285533-80286948 edge_bit=false child_bit=false sink=false
[TRACE_PAT]   child=18 coord=80288350-80288416 edge_bit=false child_bit=false sink=false
[TRACE_PAT]   child=20 coord=0-0 edge_bit=false child_bit=false sink=true
[TRACE_PAT] stage=seed.after_nodes idx=9 pivot=14 coord=80284818-80285085 node_bit=true pop=9 nchildren=5
[TRACE_PAT]   child=15 coord=80285085-80285218 edge_bit=false child_bit=false sink=false
[TRACE_PAT]   child=16 coord=80285218-80285399 edge_bit=false child_bit=false sink=false
[TRACE_PAT]   child=17 coord=80285533-80286948 edge_bit=false child_bit=false sink=false
[TRACE_PAT]   child=18 coord=80288350-80288416 edge_bit=false child_bit=false sink=false
[TRACE_PAT]   child=20 coord=0-0 edge_bit=false child_bit=false sink=true
[TRACE_PAT] stage=seed.after_endcaps idx=9 pivot=14 coord=80284818-80285085 node_bit=true pop=9 nchildren=5
[TRACE_PAT]   child=15 coord=80285085-80285218 edge_bit=false child_bit=false sink=false
[TRACE_PAT]   child=16 coord=80285218-80285399 edge_bit=false child_bit=false sink=false
[TRACE_PAT]   child=17 coord=80285533-80286948 edge_bit=false child_bit=false sink=false
[TRACE_PAT]   child=18 coord=80288350-80288416 edge_bit=false child_bit=false sink=false
[TRACE_PAT]   child=20 coord=0-0 edge_bit=false child_bit=false sink=true
[TRACE_SEED] idx=9 abund=6.0 nnodes=5 minp=5 (80276728-80279058) maxp=14 (80284818-80285085) patpop=9
[BACK_TRACE seed=9] enter node i=5 coord=80276728-80279058 minpath=5 maxpath=14 nparents=2 path_len=1
[BACK_TRACE seed=9]     trf t=11 abund=3.4 first=3 last=5 weak=0 ACCEPT pattern_pop=3 nodes=[3, 5]
[BACK_TRACE seed=9]       replace_tmax prev=None new=Some(11)
[BACK_TRACE seed=9]     trf t=12 abund=1.9 first=3 last=10 weak=1 ACCEPT pattern_pop=9 nodes=[3, 4, 5, 6, 10]
[BACK_TRACE seed=9]       replace_tmax prev=Some(11) new=Some(11)
[BACK_TRACE seed=9]     trf t=28 abund=1.0 first=3 last=14 weak=0 ACCEPT pattern_pop=9 nodes=[3, 5, 6, 10, 14]
[BACK_TRACE seed=9]       replace_tmax prev=Some(11) new=Some(11)
[TRACE_BACK]   parent p=3 coord=80275346-80276086 ntrf=6 depleted=0 skip_notlong=0 parentcov=6.3 tpar=Some(11)
[BACK_TRACE seed=9]   maxcov_update parent=3 parentcov=6.2962 prev_maxcov=0.0000 prev_tmax=None prev_weak=None cand_tpar=Some(11) cand_weak=Some(false) allow=1
[TRACE_BACK]   CHOSE parent p=3 coord=80275346-80276086 maxcov=6.3 tmax=Some(11)
[TRACE_BACK]   PATHPAT_OR via tmax=11 abund=3.4390 first=3 last=5 nodes=3(80275346-80276086) 5(80276728-80279058)
[BACK_TRACE seed=9] enter node i=3 coord=80275346-80276086 minpath=3 maxpath=14 nparents=2 path_len=2
[TRACE_BACK_SOURCE]   tf=38 first=0 last=11 abundance=1.0000 minpath=3 exact=false pure_stub=true alt_parent_cov=0.0000 accepted=false
[TRACE_BACK_SOURCE]   tf=39 first=0 last=2 abundance=1.0000 minpath=3 exact=false pure_stub=true alt_parent_cov=0.0000 accepted=false
[TRACE_BACK_SOURCE]   tf=40 first=0 last=13 abundance=1.0000 minpath=3 exact=false pure_stub=true alt_parent_cov=0.0000 accepted=false
[TRACE_BACK_SOURCE]   tf=49 first=0 last=3 abundance=57.4390 minpath=3 exact=true pure_stub=true alt_parent_cov=0.0000 accepted=true
[TRACE_BACK]   parent p=0 coord=0-0 ntrf=4 depleted=0 skip_notlong=0 parentcov=57.4 tpar=Some(49)
[BACK_TRACE seed=9]   maxcov_update parent=0 parentcov=57.4390 prev_maxcov=0.0000 prev_tmax=None prev_weak=None cand_tpar=Some(49) cand_weak=Some(false) allow=1
[TRACE_BACK]   CHOSE parent p=0 coord=0-0 maxcov=57.4 tmax=Some(49)
[TRACE_BACK]   PATHPAT_OR via tmax=49 abund=57.4390 first=0 last=3 nodes=0(0-0) 3(80275346-80276086)
--- parse_trflong: back_to_source t=9 result=OK path_len=2 path: 5(80276728-80279058) 3(80275346-80276086)
[TRACE_FWD] enter node i=5 coord=80276728-80279058 minpath=0 maxpath=14 nchildren=1 sink_child=false
[TRACE_FWD]   path_edge child=6 coord=80279367-80279466 edge_bit=true child_bit=true sink=false
[TRACE_FWD]   fast-path: i+1=6 already on pathpat
[TRACE_FWD]   CHOSE child c=6 coord=80279367-80279466 maxcov=0.0 tmax=None
[TRACE_FWD] enter node i=6 coord=80279367-80279466 minpath=0 maxpath=14 nchildren=2 sink_child=false
[TRACE_FWD]   path_edge child=8 coord=80280746-80280932 edge_bit=false child_bit=false sink=false
[TRACE_FWD]   path_edge child=10 coord=80281670-80281929 edge_bit=true child_bit=true sink=false
[TRACE_FWD]   seed-guided child=10 coord=80281670-80281929 guided=1
[TRACE_FWD]   CHOSE child c=10 coord=80281670-80281929 maxcov=0.0 tmax=None
[TRACE_FWD] enter node i=10 coord=80281670-80281929 minpath=0 maxpath=14 nchildren=4 sink_child=true
[TRACE_FWD]   path_edge child=11 coord=80281929-80283589 edge_bit=false child_bit=false sink=false
[TRACE_FWD]   path_edge child=12 coord=80283589-80283698 edge_bit=true child_bit=true sink=false
[TRACE_FWD]   path_edge child=14 coord=80284818-80285085 edge_bit=false child_bit=true sink=false
[TRACE_FWD]   path_edge child=20 coord=0-0 edge_bit=false child_bit=false sink=true
[TRACE_FWD]   seed-guided child=12 coord=80283589-80283698 guided=1
[TRACE_FWD]   CHOSE child c=12 coord=80283589-80283698 maxcov=0.0 tmax=None
[TRACE_FWD] enter node i=12 coord=80283589-80283698 minpath=0 maxpath=14 nchildren=3 sink_child=true
[TRACE_FWD]   path_edge child=13 coord=80283698-80284818 edge_bit=false child_bit=false sink=false
[TRACE_FWD]   path_edge child=14 coord=80284818-80285085 edge_bit=true child_bit=true sink=false
[TRACE_FWD]   path_edge child=20 coord=0-0 edge_bit=false child_bit=false sink=true
[TRACE_FWD]   seed-guided child=14 coord=80284818-80285085 guided=1
[TRACE_FWD]   CHOSE child c=14 coord=80284818-80285085 maxcov=0.0 tmax=None
[TRACE_FWD] enter node i=14 coord=80284818-80285085 minpath=0 maxpath=14 nchildren=5 sink_child=true
[TRACE_FWD]   path_edge child=15 coord=80285085-80285218 edge_bit=false child_bit=false sink=false
[TRACE_FWD]   path_edge child=16 coord=80285218-80285399 edge_bit=false child_bit=false sink=false
[TRACE_FWD]   path_edge child=17 coord=80285533-80286948 edge_bit=false child_bit=false sink=false
[TRACE_FWD]   path_edge child=18 coord=80288350-80288416 edge_bit=false child_bit=false sink=false
[TRACE_FWD]   path_edge child=20 coord=0-0 edge_bit=false child_bit=false sink=true
[FWD_TRACE seed=9]     trf t=16 abund=2.0 first=5 last=16 weak=1 ACCEPT pattern_pop=13 nodes=[5, 6, 10, 12, 14, 15, 16]
[FWD_TRACE seed=9]       replace_tmax prev=None new=Some(16)
[FWD_TRACE seed=9]     trf t=17 abund=2.0 first=5 last=16 weak=0 ACCEPT pattern_pop=11 nodes=[5, 6, 10, 12, 14, 16]
[FWD_TRACE seed=9]       replace_tmax prev=Some(16) new=Some(17)
[TRACE_FWD]   child c=16 coord=80285218-80285399 ntrf=3 childcov=4.0 tchild=Some(17)
[TRACE_FWD]     support_tf=17 first=5 last=16 nodes=6 longstart=80278650 longend=80285399 tf_edge=true tf_sink_edge=false
[FWD_TRACE seed=9]   maxcov_update child=16 childcov=4.0000 prev_maxcov=0.0000 prev_tmax=None prev_weak=None cand_tchild=Some(17) cand_weak=Some(false) allow=1
[FWD_TRACE seed=9]     trf t=8 abund=3.1 first=5 last=17 weak=0 ACCEPT pattern_pop=9 nodes=[5, 6, 10, 14, 17]
[FWD_TRACE seed=9]       replace_tmax prev=None new=Some(8)
[FWD_TRACE seed=9]     trf t=18 abund=2.0 first=6 last=17 weak=0 ACCEPT pattern_pop=7 nodes=[6, 10, 14, 17]
[FWD_TRACE seed=9]       replace_tmax prev=Some(8) new=Some(8)
[FWD_TRACE seed=9]     trf t=32 abund=1.0 first=11 last=17 weak=1 ACCEPT pattern_pop=7 nodes=[11, 12, 14, 17]
[FWD_TRACE seed=9]       replace_tmax prev=Some(8) new=Some(8)
[FWD_TRACE seed=9]     trf t=34 abund=1.0 first=13 last=17 weak=1 ACCEPT pattern_pop=5 nodes=[13, 14, 17]
[FWD_TRACE seed=9]       replace_tmax prev=Some(8) new=Some(8)
[TRACE_FWD]   child c=17 coord=80285533-80286948 ntrf=5 childcov=7.1 tchild=Some(8)
[TRACE_FWD]     support_tf=8 first=5 last=17 nodes=5 longstart=80277049 longend=80285670 tf_edge=true tf_sink_edge=false
[FWD_TRACE seed=9]   maxcov_update child=17 childcov=7.1250 prev_maxcov=4.0000 prev_tmax=Some(17) prev_weak=Some(false) cand_tchild=Some(8) cand_weak=Some(false) allow=1
[FWD_TRACE seed=9]     trf t=21 abund=1.0 first=3 last=19 weak=1 ACCEPT pattern_pop=17 nodes=[3, 4, 5, 6, 10, 12, 14, 18]
[FWD_TRACE seed=9]       replace_tmax prev=None new=Some(21)
[FWD_TRACE seed=9]     trf t=24 abund=1.0 first=5 last=19 weak=0 ACCEPT pattern_pop=15 nodes=[5, 6, 8, 10, 12, 14, 18, 19]
[FWD_TRACE seed=9]       replace_tmax prev=Some(21) new=Some(24)
[FWD_TRACE seed=9]     trf t=25 abund=1.0 first=3 last=18 weak=0 ACCEPT pattern_pop=13 nodes=[3, 5, 6, 10, 12, 14, 18]
[FWD_TRACE seed=9]       replace_tmax prev=Some(24) new=Some(24)
[FWD_TRACE seed=9]     trf t=26 abund=1.0 first=5 last=19 weak=0 ACCEPT pattern_pop=13 nodes=[5, 6, 10, 12, 14, 18, 19]
[FWD_TRACE seed=9]       replace_tmax prev=Some(24) new=Some(24)
[TRACE_FWD]   child c=18 coord=80288350-80288416 ntrf=4 childcov=4.0 tchild=Some(24)
[TRACE_FWD]     support_tf=24 first=5 last=19 nodes=8 longstart=80278659 longend=0 tf_edge=true tf_sink_edge=false
[ONPATH_SINK_PENULT] penultimate=10 penult_coord=80281670-80281929 maxp=14 maxp_coord=80284818-80285085 contig=false
[TRACE_FWD_SINK_DBG] tf=0 !exact=true req_long=true first<i=true maxp<=i=true last>=c=true onpath_reason=fail:sink_edge_wrong_penultimate
[TRACE_FWD_SINK]   tf=0 first=10 last=20 abundance=4.0000 maxpath=14 i=14 accepted=false
[TRACE_FWD_SINK]   tf=1 first=14 last=20 abundance=7.0000 maxpath=14 i=14 accepted=true
[ONPATH_SINK_PENULT] penultimate=12 penult_coord=80283589-80283698 maxp=14 maxp_coord=80284818-80285085 contig=false
[TRACE_FWD_SINK_DBG] tf=2 !exact=true req_long=true first<i=true maxp<=i=true last>=c=true onpath_reason=fail:sink_edge_wrong_penultimate
[TRACE_FWD_SINK]   tf=2 first=12 last=20 abundance=1.0000 maxpath=14 i=14 accepted=false
[TRACE_FWD_SINK]   tf=44 first=16 last=20 abundance=4.0000 maxpath=14 i=14 accepted=false
[TRACE_FWD_SINK]   tf=45 first=17 last=20 abundance=2.1250 maxpath=14 i=14 accepted=false
[ONPATH_SINK_PENULT] penultimate=2 penult_coord=80275063-80275346 maxp=14 maxp_coord=80284818-80285085 contig=false
[TRACE_FWD_SINK_DBG] tf=50 !exact=true req_long=true first<i=true maxp<=i=true last>=c=true onpath_reason=fail:sink_edge_wrong_penultimate
[TRACE_FWD_SINK]   tf=50 first=2 last=20 abundance=1.0000 maxpath=14 i=14 accepted=false
[ONPATH_SINK_PENULT] penultimate=8 penult_coord=80280746-80280932 maxp=14 maxp_coord=80284818-80285085 contig=false
[TRACE_FWD_SINK_DBG] tf=51 !exact=true req_long=true first<i=true maxp<=i=true last>=c=true onpath_reason=fail:sink_edge_wrong_penultimate
[TRACE_FWD_SINK]   tf=51 first=8 last=20 abundance=1.0000 maxpath=14 i=14 accepted=false
[TRACE_FWD]   child c=20 coord=0-0 ntrf=7 childcov=7.0 tchild=Some(1)
[TRACE_FWD]     support_tf=1 first=14 last=20 nodes=2 longstart=0 longend=0 tf_edge=true tf_sink_edge=true
[TRACE_FWD]   CHOSE child c=17 coord=80285533-80286948 maxcov=7.1 tmax=Some(8)
[TRACE_FWD] enter node i=17 coord=80285533-80286948 minpath=0 maxpath=17 nchildren=1 sink_child=true
[TRACE_FWD]   path_edge child=20 coord=0-0 edge_bit=false child_bit=false sink=true
[ONPATH_SINK_PENULT] penultimate=10 penult_coord=80281670-80281929 maxp=17 maxp_coord=80285533-80286948 contig=false
[TRACE_FWD_SINK_DBG] tf=0 !exact=true req_long=true first<i=true maxp<=i=true last>=c=true onpath_reason=fail:sink_edge_wrong_penultimate
[TRACE_FWD_SINK]   tf=0 first=10 last=20 abundance=4.0000 maxpath=17 i=17 accepted=false
[ONPATH_SINK_PENULT] penultimate=14 penult_coord=80284818-80285085 maxp=17 maxp_coord=80285533-80286948 contig=false
[TRACE_FWD_SINK_DBG] tf=1 !exact=true req_long=true first<i=true maxp<=i=true last>=c=true onpath_reason=fail:sink_edge_wrong_penultimate
[TRACE_FWD_SINK]   tf=1 first=14 last=20 abundance=7.0000 maxpath=17 i=17 accepted=false
[ONPATH_SINK_PENULT] penultimate=12 penult_coord=80283589-80283698 maxp=17 maxp_coord=80285533-80286948 contig=false
[TRACE_FWD_SINK_DBG] tf=2 !exact=true req_long=true first<i=true maxp<=i=true last>=c=true onpath_reason=fail:sink_edge_wrong_penultimate
[TRACE_FWD_SINK]   tf=2 first=12 last=20 abundance=1.0000 maxpath=17 i=17 accepted=false
[ONPATH_SINK_PENULT] penultimate=16 penult_coord=80285218-80285399 maxp=17 maxp_coord=80285533-80286948 contig=false
[TRACE_FWD_SINK_DBG] tf=44 !exact=true req_long=true first<i=true maxp<=i=true last>=c=true onpath_reason=fail:sink_edge_wrong_penultimate
[TRACE_FWD_SINK]   tf=44 first=16 last=20 abundance=4.0000 maxpath=17 i=17 accepted=false
[TRACE_FWD_SINK]   tf=45 first=17 last=20 abundance=2.1250 maxpath=17 i=17 accepted=true
[ONPATH_SINK_PENULT] penultimate=2 penult_coord=80275063-80275346 maxp=17 maxp_coord=80285533-80286948 contig=false
[TRACE_FWD_SINK_DBG] tf=50 !exact=true req_long=true first<i=true maxp<=i=true last>=c=true onpath_reason=fail:sink_edge_wrong_penultimate
[TRACE_FWD_SINK]   tf=50 first=2 last=20 abundance=1.0000 maxpath=17 i=17 accepted=false
[ONPATH_SINK_PENULT] penultimate=8 penult_coord=80280746-80280932 maxp=17 maxp_coord=80285533-80286948 contig=false
[TRACE_FWD_SINK_DBG] tf=51 !exact=true req_long=true first<i=true maxp<=i=true last>=c=true onpath_reason=fail:sink_edge_wrong_penultimate
[TRACE_FWD_SINK]   tf=51 first=8 last=20 abundance=1.0000 maxpath=17 i=17 accepted=false
[TRACE_FWD]   child c=20 coord=0-0 ntrf=7 childcov=2.1 tchild=Some(45)
[TRACE_FWD]     support_tf=45 first=17 last=20 nodes=2 longstart=0 longend=0 tf_edge=true tf_sink_edge=true
[FWD_TRACE seed=9]   maxcov_update child=20 childcov=2.1250 prev_maxcov=0.0000 prev_tmax=None prev_weak=None cand_tchild=Some(45) cand_weak=Some(false) allow=1
[TRACE_FWD]   CHOSE child c=20 coord=0-0 maxcov=2.1 tmax=Some(45)
--- parse_trflong: fwd_to_sink t=9 result=OK path_len=9 path: 0(0-0) 3(80275346-80276086) 5(80276728-80279058) 6(80279367-80279466) 10(80281670-80281929) 12(80283589-80283698) 14(80284818-80285085) 17(80285533-80286948) 20(0-0)
[TRACE_LOCUS] idx=9 abund=6.0 nodes=5 exons=7 span=80275346-80286948 rnodes=80276728-80285085 complete=true seed=true
[TRACE_LOCUS]   → flux=0.0000 cov=6.0000 nodecov_mode=false
[TRACE_CHECKTRF_ADD] t=9 reason=zero_flux saved_abund=6.0000 abund=6.0000 guide=false longstart=80278293 longend=80285080 back=1 fwd=1 flux=0.0000 cov=- tocheck=1 tf_nodes=5 tf_coords=5(80276728-80279058) 6(80279367-80279466) 10(80281670-80281929) 12(80283589-80283698) 14(80284818-80285085) path_nodes=7 path_coords=3(80275346-80276086) 5(80276728-80279058) 6(80279367-80279466) 10(80281670-80281929) 12(80283589-80283698) 14(80284818-80285085) 17(80285533-80286948)
[TRACE_LOCUS]   → ZERO_FLUX checktrf idx=9
[TRACE_EARLY] idx=11 abund=3.4 nodes=2 seed=true weak=0 skip=pass span=80275346-80279058
[TRACE_PAT] stage=seed.raw idx=11 pivot=5 coord=80276728-80279058 node_bit=true pop=3 nchildren=1
[TRACE_PAT]   child=6 coord=80279367-80279466 edge_bit=false child_bit=false sink=false
[TRACE_PAT] stage=seed.after_nodes idx=11 pivot=5 coord=80276728-80279058 node_bit=true pop=3 nchildren=1
[TRACE_PAT]   child=6 coord=80279367-80279466 edge_bit=false child_bit=false sink=false
[TRACE_PAT] stage=seed.after_endcaps idx=11 pivot=5 coord=80276728-80279058 node_bit=true pop=3 nchildren=1
[TRACE_PAT]   child=6 coord=80279367-80279466 edge_bit=false child_bit=false sink=false
[TRACE_SEED] idx=11 abund=3.4 nnodes=2 minp=3 (80275346-80276086) maxp=5 (80276728-80279058) patpop=3
[BACK_HARDSTART_GUARD seed=11] short-circuit at i=3 (longstart=80275346, abund=3.44, polyA=0, high_abund_path=false, start_frac=0.000)
--- parse_trflong: back_to_source t=11 result=OK path_len=1 path: 3(80275346-80276086)
[TRACE_FWD] enter node i=3 coord=80275346-80276086 minpath=3 maxpath=5 nchildren=2 sink_child=false
[TRACE_FWD]   path_edge child=4 coord=80276086-80276728 edge_bit=false child_bit=false sink=false
[TRACE_FWD]   path_edge child=5 coord=80276728-80279058 edge_bit=true child_bit=true sink=false
[TRACE_FWD]   seed-guided child=5 coord=80276728-80279058 guided=1
[TRACE_FWD]   CHOSE child c=5 coord=80276728-80279058 maxcov=0.0 tmax=None
[TRACE_FWD] enter node i=5 coord=80276728-80279058 minpath=3 maxpath=5 nchildren=1 sink_child=false
[TRACE_FWD]   path_edge child=6 coord=80279367-80279466 edge_bit=false child_bit=false sink=false
[FWD_TRACE seed=11]     trf t=8 abund=3.1 first=5 last=17 weak=0 ACCEPT pattern_pop=9 nodes=[5, 6, 10, 14, 17]
[FWD_TRACE seed=11]       replace_tmax prev=None new=Some(8)
[FWD_TRACE seed=11]     trf t=9 abund=6.0 first=5 last=14 weak=0 ACCEPT pattern_pop=9 nodes=[5, 6, 10, 12, 14]
[FWD_TRACE seed=11]       replace_tmax prev=Some(8) new=Some(9)
[FWD_TRACE seed=11]     trf t=12 abund=1.9 first=3 last=10 weak=1 ACCEPT pattern_pop=9 nodes=[3, 4, 5, 6, 10]
[FWD_TRACE seed=11]       replace_tmax prev=Some(9) new=Some(9)
[FWD_TRACE seed=11]     trf t=16 abund=2.0 first=5 last=16 weak=1 ACCEPT pattern_pop=13 nodes=[5, 6, 10, 12, 14, 15, 16]
[FWD_TRACE seed=11]       replace_tmax prev=Some(9) new=Some(9)
[FWD_TRACE seed=11]     trf t=17 abund=2.0 first=5 last=16 weak=0 ACCEPT pattern_pop=11 nodes=[5, 6, 10, 12, 14, 16]
[FWD_TRACE seed=11]       replace_tmax prev=Some(9) new=Some(9)
[FWD_TRACE seed=11]     trf t=21 abund=1.0 first=3 last=19 weak=1 ACCEPT pattern_pop=17 nodes=[3, 4, 5, 6, 10, 12, 14, 18]
[FWD_TRACE seed=11]       replace_tmax prev=Some(9) new=Some(9)
[FWD_TRACE seed=11]     trf t=24 abund=1.0 first=5 last=19 weak=0 ACCEPT pattern_pop=15 nodes=[5, 6, 8, 10, 12, 14, 18, 19]
[FWD_TRACE seed=11]       replace_tmax prev=Some(9) new=Some(9)
[FWD_TRACE seed=11]     trf t=25 abund=1.0 first=3 last=18 weak=0 ACCEPT pattern_pop=13 nodes=[3, 5, 6, 10, 12, 14, 18]
[FWD_TRACE seed=11]       replace_tmax prev=Some(9) new=Some(9)
[FWD_TRACE seed=11]     trf t=26 abund=1.0 first=5 last=19 weak=0 ACCEPT pattern_pop=13 nodes=[5, 6, 10, 12, 14, 18, 19]
[FWD_TRACE seed=11]       replace_tmax prev=Some(9) new=Some(9)
[FWD_TRACE seed=11]     trf t=28 abund=1.0 first=3 last=14 weak=0 ACCEPT pattern_pop=9 nodes=[3, 5, 6, 10, 14]
[FWD_TRACE seed=11]       replace_tmax prev=Some(9) new=Some(9)
[FWD_TRACE seed=11]     trf t=31 abund=0.5 first=5 last=12 weak=0 ACCEPT pattern_pop=7 nodes=[5, 6, 10, 12]
[FWD_TRACE seed=11]       replace_tmax prev=Some(9) new=Some(9)
[FWD_TRACE seed=11]     trf t=35 abund=1.0 first=5 last=10 weak=0 ACCEPT pattern_pop=5 nodes=[5, 6, 10]
[FWD_TRACE seed=11]       replace_tmax prev=Some(9) new=Some(9)
[FWD_TRACE seed=11]     trf t=36 abund=1.0 first=5 last=6 weak=0 ACCEPT pattern_pop=3 nodes=[5, 6]
[FWD_TRACE seed=11]       replace_tmax prev=Some(9) new=Some(9)
[TRACE_FWD]   child c=6 coord=80279367-80279466 ntrf=15 childcov=22.5 tchild=Some(9)
[TRACE_FWD]     support_tf=9 first=5 last=14 nodes=5 longstart=80278293 longend=80285080 tf_edge=true tf_sink_edge=false
[FWD_TRACE seed=11]   maxcov_update child=6 childcov=22.4821 prev_maxcov=0.0000 prev_tmax=None prev_weak=None cand_tchild=Some(9) cand_weak=Some(false) allow=1
[TRACE_FWD]   CHOSE child c=6 coord=80279367-80279466 maxcov=22.5 tmax=Some(9)
[TRACE_FWD] enter node i=6 coord=80279367-80279466 minpath=3 maxpath=14 nchildren=2 sink_child=false
[TRACE_FWD]   path_edge child=8 coord=80280746-80280932 edge_bit=false child_bit=false sink=false
[TRACE_FWD]   path_edge child=10 coord=80281670-80281929 edge_bit=true child_bit=true sink=false
[FWD_TRACE seed=11]     trf t=24 abund=1.0 first=5 last=19 weak=0 ACCEPT pattern_pop=15 nodes=[5, 6, 8, 10, 12, 14, 18, 19]
[FWD_TRACE seed=11]       replace_tmax prev=None new=Some(24)
[TRACE_FWD]   child c=8 coord=80280746-80280932 ntrf=2 childcov=1.0 tchild=Some(24)
[TRACE_FWD]     support_tf=24 first=5 last=19 nodes=8 longstart=80278659 longend=0 tf_edge=true tf_sink_edge=false
[FWD_TRACE seed=11]   maxcov_update child=8 childcov=1.0000 prev_maxcov=0.0000 prev_tmax=None prev_weak=None cand_tchild=Some(24) cand_weak=Some(false) allow=1
[TRACE_FWD]   edge_bit fast-path: child=10 coord=80281670-80281929
[TRACE_FWD]   CHOSE child c=10 coord=80281670-80281929 maxcov=1.0 tmax=None
[TRACE_FWD] enter node i=10 coord=80281670-80281929 minpath=3 maxpath=14 nchildren=4 sink_child=true
[TRACE_FWD]   path_edge child=11 coord=80281929-80283589 edge_bit=false child_bit=false sink=false
[TRACE_FWD]   path_edge child=12 coord=80283589-80283698 edge_bit=true child_bit=true sink=false
[TRACE_FWD]   path_edge child=14 coord=80284818-80285085 edge_bit=false child_bit=true sink=false
[TRACE_FWD]   path_edge child=20 coord=0-0 edge_bit=false child_bit=false sink=true
[TRACE_FWD]   edge_bit fast-path: child=12 coord=80283589-80283698
[TRACE_FWD]   CHOSE child c=12 coord=80283589-80283698 maxcov=0.0 tmax=None
[TRACE_FWD] enter node i=12 coord=80283589-80283698 minpath=3 maxpath=14 nchildren=3 sink_child=true
[TRACE_FWD]   path_edge child=13 coord=80283698-80284818 edge_bit=false child_bit=false sink=false
[TRACE_FWD]   path_edge child=14 coord=80284818-80285085 edge_bit=true child_bit=true sink=false
[TRACE_FWD]   path_edge child=20 coord=0-0 edge_bit=false child_bit=false sink=true
[TRACE_FWD]   edge_bit fast-path: child=14 coord=80284818-80285085
[TRACE_FWD]   CHOSE child c=14 coord=80284818-80285085 maxcov=0.0 tmax=None
[TRACE_FWD] enter node i=14 coord=80284818-80285085 minpath=3 maxpath=14 nchildren=5 sink_child=true
[TRACE_FWD]   path_edge child=15 coord=80285085-80285218 edge_bit=false child_bit=false sink=false
[TRACE_FWD]   path_edge child=16 coord=80285218-80285399 edge_bit=false child_bit=false sink=false
[TRACE_FWD]   path_edge child=17 coord=80285533-80286948 edge_bit=false child_bit=false sink=false
[TRACE_FWD]   path_edge child=18 coord=80288350-80288416 edge_bit=false child_bit=false sink=false
[TRACE_FWD]   path_edge child=20 coord=0-0 edge_bit=false child_bit=false sink=true
[FWD_TRACE seed=11]     trf t=16 abund=2.0 first=5 last=16 weak=1 ACCEPT pattern_pop=13 nodes=[5, 6, 10, 12, 14, 15, 16]
[FWD_TRACE seed=11]       replace_tmax prev=None new=Some(16)
[FWD_TRACE seed=11]     trf t=17 abund=2.0 first=5 last=16 weak=0 ACCEPT pattern_pop=11 nodes=[5, 6, 10, 12, 14, 16]
[FWD_TRACE seed=11]       replace_tmax prev=Some(16) new=Some(17)
[TRACE_FWD]   child c=16 coord=80285218-80285399 ntrf=3 childcov=4.0 tchild=Some(17)
[TRACE_FWD]     support_tf=17 first=5 last=16 nodes=6 longstart=80278650 longend=80285399 tf_edge=true tf_sink_edge=false
[FWD_TRACE seed=11]   maxcov_update child=16 childcov=4.0000 prev_maxcov=0.0000 prev_tmax=None prev_weak=None cand_tchild=Some(17) cand_weak=Some(false) allow=1
[FWD_TRACE seed=11]     trf t=8 abund=3.1 first=5 last=17 weak=0 ACCEPT pattern_pop=9 nodes=[5, 6, 10, 14, 17]
[FWD_TRACE seed=11]       replace_tmax prev=None new=Some(8)
[FWD_TRACE seed=11]     trf t=18 abund=2.0 first=6 last=17 weak=0 ACCEPT pattern_pop=7 nodes=[6, 10, 14, 17]
[FWD_TRACE seed=11]       replace_tmax prev=Some(8) new=Some(8)
[FWD_TRACE seed=11]     trf t=32 abund=1.0 first=11 last=17 weak=1 ACCEPT pattern_pop=7 nodes=[11, 12, 14, 17]
[FWD_TRACE seed=11]       replace_tmax prev=Some(8) new=Some(8)
[FWD_TRACE seed=11]     trf t=34 abund=1.0 first=13 last=17 weak=1 ACCEPT pattern_pop=5 nodes=[13, 14, 17]
[FWD_TRACE seed=11]       replace_tmax prev=Some(8) new=Some(8)
[TRACE_FWD]   child c=17 coord=80285533-80286948 ntrf=5 childcov=7.1 tchild=Some(8)
[TRACE_FWD]     support_tf=8 first=5 last=17 nodes=5 longstart=80277049 longend=80285670 tf_edge=true tf_sink_edge=false
[FWD_TRACE seed=11]   maxcov_update child=17 childcov=7.1250 prev_maxcov=4.0000 prev_tmax=Some(17) prev_weak=Some(false) cand_tchild=Some(8) cand_weak=Some(false) allow=1
[FWD_TRACE seed=11]     trf t=21 abund=1.0 first=3 last=19 weak=1 ACCEPT pattern_pop=17 nodes=[3, 4, 5, 6, 10, 12, 14, 18]
[FWD_TRACE seed=11]       replace_tmax prev=None new=Some(21)
[FWD_TRACE seed=11]     trf t=24 abund=1.0 first=5 last=19 weak=0 ACCEPT pattern_pop=15 nodes=[5, 6, 8, 10, 12, 14, 18, 19]
[FWD_TRACE seed=11]       replace_tmax prev=Some(21) new=Some(24)
[FWD_TRACE seed=11]     trf t=25 abund=1.0 first=3 last=18 weak=0 ACCEPT pattern_pop=13 nodes=[3, 5, 6, 10, 12, 14, 18]
[FWD_TRACE seed=11]       replace_tmax prev=Some(24) new=Some(24)
[FWD_TRACE seed=11]     trf t=26 abund=1.0 first=5 last=19 weak=0 ACCEPT pattern_pop=13 nodes=[5, 6, 10, 12, 14, 18, 19]
[FWD_TRACE seed=11]       replace_tmax prev=Some(24) new=Some(24)
[TRACE_FWD]   child c=18 coord=80288350-80288416 ntrf=4 childcov=4.0 tchild=Some(24)
[TRACE_FWD]     support_tf=24 first=5 last=19 nodes=8 longstart=80278659 longend=0 tf_edge=true tf_sink_edge=false
[ONPATH_SINK_PENULT] penultimate=10 penult_coord=80281670-80281929 maxp=14 maxp_coord=80284818-80285085 contig=false
[TRACE_FWD_SINK_DBG] tf=0 !exact=true req_long=true first<i=true maxp<=i=true last>=c=true onpath_reason=fail:sink_edge_wrong_penultimate
[TRACE_FWD_SINK]   tf=0 first=10 last=20 abundance=4.0000 maxpath=14 i=14 accepted=false
[TRACE_FWD_SINK]   tf=1 first=14 last=20 abundance=7.0000 maxpath=14 i=14 accepted=true
[ONPATH_SINK_PENULT] penultimate=12 penult_coord=80283589-80283698 maxp=14 maxp_coord=80284818-80285085 contig=false
[TRACE_FWD_SINK_DBG] tf=2 !exact=true req_long=true first<i=true maxp<=i=true last>=c=true onpath_reason=fail:sink_edge_wrong_penultimate
[TRACE_FWD_SINK]   tf=2 first=12 last=20 abundance=1.0000 maxpath=14 i=14 accepted=false
[TRACE_FWD_SINK]   tf=44 first=16 last=20 abundance=4.0000 maxpath=14 i=14 accepted=false
[TRACE_FWD_SINK]   tf=45 first=17 last=20 abundance=2.1250 maxpath=14 i=14 accepted=false
[ONPATH_SINK_PENULT] penultimate=2 penult_coord=80275063-80275346 maxp=14 maxp_coord=80284818-80285085 contig=false
[TRACE_FWD_SINK_DBG] tf=50 !exact=true req_long=true first<i=true maxp<=i=true last>=c=true onpath_reason=fail:sink_edge_wrong_penultimate
[TRACE_FWD_SINK]   tf=50 first=2 last=20 abundance=1.0000 maxpath=14 i=14 accepted=false
[ONPATH_SINK_PENULT] penultimate=8 penult_coord=80280746-80280932 maxp=14 maxp_coord=80284818-80285085 contig=false
[TRACE_FWD_SINK_DBG] tf=51 !exact=true req_long=true first<i=true maxp<=i=true last>=c=true onpath_reason=fail:sink_edge_wrong_penultimate
[TRACE_FWD_SINK]   tf=51 first=8 last=20 abundance=1.0000 maxpath=14 i=14 accepted=false
[TRACE_FWD]   child c=20 coord=0-0 ntrf=7 childcov=7.0 tchild=Some(1)
[TRACE_FWD]     support_tf=1 first=14 last=20 nodes=2 longstart=0 longend=0 tf_edge=true tf_sink_edge=true
[TRACE_FWD]   CHOSE child c=17 coord=80285533-80286948 maxcov=7.1 tmax=Some(8)
[TRACE_FWD] enter node i=17 coord=80285533-80286948 minpath=3 maxpath=17 nchildren=1 sink_child=true
[TRACE_FWD]   path_edge child=20 coord=0-0 edge_bit=false child_bit=false sink=true
[ONPATH_SINK_PENULT] penultimate=10 penult_coord=80281670-80281929 maxp=17 maxp_coord=80285533-80286948 contig=false
[TRACE_FWD_SINK_DBG] tf=0 !exact=true req_long=true first<i=true maxp<=i=true last>=c=true onpath_reason=fail:sink_edge_wrong_penultimate
[TRACE_FWD_SINK]   tf=0 first=10 last=20 abundance=4.0000 maxpath=17 i=17 accepted=false
[ONPATH_SINK_PENULT] penultimate=14 penult_coord=80284818-80285085 maxp=17 maxp_coord=80285533-80286948 contig=false
[TRACE_FWD_SINK_DBG] tf=1 !exact=true req_long=true first<i=true maxp<=i=true last>=c=true onpath_reason=fail:sink_edge_wrong_penultimate
[TRACE_FWD_SINK]   tf=1 first=14 last=20 abundance=7.0000 maxpath=17 i=17 accepted=false
[ONPATH_SINK_PENULT] penultimate=12 penult_coord=80283589-80283698 maxp=17 maxp_coord=80285533-80286948 contig=false
[TRACE_FWD_SINK_DBG] tf=2 !exact=true req_long=true first<i=true maxp<=i=true last>=c=true onpath_reason=fail:sink_edge_wrong_penultimate
[TRACE_FWD_SINK]   tf=2 first=12 last=20 abundance=1.0000 maxpath=17 i=17 accepted=false
[ONPATH_SINK_PENULT] penultimate=16 penult_coord=80285218-80285399 maxp=17 maxp_coord=80285533-80286948 contig=false
[TRACE_FWD_SINK_DBG] tf=44 !exact=true req_long=true first<i=true maxp<=i=true last>=c=true onpath_reason=fail:sink_edge_wrong_penultimate
[TRACE_FWD_SINK]   tf=44 first=16 last=20 abundance=4.0000 maxpath=17 i=17 accepted=false
[TRACE_FWD_SINK]   tf=45 first=17 last=20 abundance=2.1250 maxpath=17 i=17 accepted=true
[ONPATH_SINK_PENULT] penultimate=2 penult_coord=80275063-80275346 maxp=17 maxp_coord=80285533-80286948 contig=false
[TRACE_FWD_SINK_DBG] tf=50 !exact=true req_long=true first<i=true maxp<=i=true last>=c=true onpath_reason=fail:sink_edge_wrong_penultimate
[TRACE_FWD_SINK]   tf=50 first=2 last=20 abundance=1.0000 maxpath=17 i=17 accepted=false
[ONPATH_SINK_PENULT] penultimate=8 penult_coord=80280746-80280932 maxp=17 maxp_coord=80285533-80286948 contig=false
[TRACE_FWD_SINK_DBG] tf=51 !exact=true req_long=true first<i=true maxp<=i=true last>=c=true onpath_reason=fail:sink_edge_wrong_penultimate
[TRACE_FWD_SINK]   tf=51 first=8 last=20 abundance=1.0000 maxpath=17 i=17 accepted=false
[TRACE_FWD]   child c=20 coord=0-0 ntrf=7 childcov=2.1 tchild=Some(45)
[TRACE_FWD]     support_tf=45 first=17 last=20 nodes=2 longstart=0 longend=0 tf_edge=true tf_sink_edge=true
[FWD_TRACE seed=11]   maxcov_update child=20 childcov=2.1250 prev_maxcov=0.0000 prev_tmax=None prev_weak=None cand_tchild=Some(45) cand_weak=Some(false) allow=1
[TRACE_FWD]   CHOSE child c=20 coord=0-0 maxcov=2.1 tmax=Some(45)
--- parse_trflong: fwd_to_sink t=11 result=OK path_len=9 path: 0(0-0) 3(80275346-80276086) 5(80276728-80279058) 6(80279367-80279466) 10(80281670-80281929) 12(80283589-80283698) 14(80284818-80285085) 17(80285533-80286948) 20(0-0)
[TRACE_LOCUS] idx=11 abund=3.4 nodes=2 exons=7 span=80275346-80286948 rnodes=80275346-80279058 complete=true seed=true
[TRACE_LOCUS]   → flux=0.0000 cov=3.4390 nodecov_mode=false
[TRACE_CHECKTRF_ADD] t=11 reason=zero_flux saved_abund=3.4390 abund=3.4390 guide=false longstart=80275346 longend=80278203 back=1 fwd=1 flux=0.0000 cov=- tocheck=1 tf_nodes=2 tf_coords=3(80275346-80276086) 5(80276728-80279058) path_nodes=7 path_coords=3(80275346-80276086) 5(80276728-80279058) 6(80279367-80279466) 10(80281670-80281929) 12(80283589-80283698) 14(80284818-80285085) 17(80285533-80286948)
[TRACE_LOCUS]   → ZERO_FLUX checktrf idx=11
[TRACE_EARLY] idx=16 abund=2.0 nodes=7 seed=true weak=0 skip=pass span=80276728-80285399
[TRACE_PAT] stage=seed.raw idx=16 pivot=16 coord=80285218-80285399 node_bit=true pop=13 nchildren=1
[TRACE_PAT]   child=20 coord=0-0 edge_bit=false child_bit=false sink=true
[TRACE_PAT] stage=seed.after_nodes idx=16 pivot=16 coord=80285218-80285399 node_bit=true pop=13 nchildren=1
[TRACE_PAT]   child=20 coord=0-0 edge_bit=false child_bit=false sink=true
[TRACE_PAT] stage=seed.after_endcaps idx=16 pivot=16 coord=80285218-80285399 node_bit=true pop=13 nchildren=1
[TRACE_PAT]   child=20 coord=0-0 edge_bit=false child_bit=false sink=true
[TRACE_SEED] idx=16 abund=2.0 nnodes=7 minp=5 (80276728-80279058) maxp=16 (80285218-80285399) patpop=13
[BACK_TRACE seed=16] enter node i=5 coord=80276728-80279058 minpath=5 maxpath=16 nparents=2 path_len=1
[BACK_TRACE seed=16]     trf t=11 abund=3.4 first=3 last=5 weak=0 ACCEPT pattern_pop=3 nodes=[3, 5]
[BACK_TRACE seed=16]       replace_tmax prev=None new=Some(11)
[BACK_TRACE seed=16]     trf t=12 abund=1.9 first=3 last=10 weak=1 ACCEPT pattern_pop=9 nodes=[3, 4, 5, 6, 10]
[BACK_TRACE seed=16]       replace_tmax prev=Some(11) new=Some(11)
[BACK_TRACE seed=16]     trf t=28 abund=1.0 first=3 last=14 weak=0 ACCEPT pattern_pop=9 nodes=[3, 5, 6, 10, 14]
[BACK_TRACE seed=16]       replace_tmax prev=Some(11) new=Some(11)
[TRACE_BACK]   parent p=3 coord=80275346-80276086 ntrf=6 depleted=0 skip_notlong=0 parentcov=6.3 tpar=Some(11)
[BACK_TRACE seed=16]   maxcov_update parent=3 parentcov=6.2962 prev_maxcov=0.0000 prev_tmax=None prev_weak=None cand_tpar=Some(11) cand_weak=Some(false) allow=1
[TRACE_BACK]   CHOSE parent p=3 coord=80275346-80276086 maxcov=6.3 tmax=Some(11)
[TRACE_BACK]   PATHPAT_OR via tmax=11 abund=3.4390 first=3 last=5 nodes=3(80275346-80276086) 5(80276728-80279058)
[BACK_TRACE seed=16] enter node i=3 coord=80275346-80276086 minpath=3 maxpath=16 nparents=2 path_len=2
[TRACE_BACK_SOURCE]   tf=38 first=0 last=11 abundance=1.0000 minpath=3 exact=false pure_stub=true alt_parent_cov=0.0000 accepted=false
[TRACE_BACK_SOURCE]   tf=39 first=0 last=2 abundance=1.0000 minpath=3 exact=false pure_stub=true alt_parent_cov=0.0000 accepted=false
[TRACE_BACK_SOURCE]   tf=40 first=0 last=13 abundance=1.0000 minpath=3 exact=false pure_stub=true alt_parent_cov=0.0000 accepted=false
[TRACE_BACK_SOURCE]   tf=49 first=0 last=3 abundance=57.4390 minpath=3 exact=true pure_stub=true alt_parent_cov=0.0000 accepted=true
[TRACE_BACK]   parent p=0 coord=0-0 ntrf=4 depleted=0 skip_notlong=0 parentcov=57.4 tpar=Some(49)
[BACK_TRACE seed=16]   maxcov_update parent=0 parentcov=57.4390 prev_maxcov=0.0000 prev_tmax=None prev_weak=None cand_tpar=Some(49) cand_weak=Some(false) allow=1
[TRACE_BACK]   CHOSE parent p=0 coord=0-0 maxcov=57.4 tmax=Some(49)
[TRACE_BACK]   PATHPAT_OR via tmax=49 abund=57.4390 first=0 last=3 nodes=0(0-0) 3(80275346-80276086)
--- parse_trflong: back_to_source t=16 result=OK path_len=2 path: 5(80276728-80279058) 3(80275346-80276086)
[TRACE_FWD] enter node i=5 coord=80276728-80279058 minpath=0 maxpath=16 nchildren=1 sink_child=false
[TRACE_FWD]   path_edge child=6 coord=80279367-80279466 edge_bit=true child_bit=true sink=false
[TRACE_FWD]   fast-path: i+1=6 already on pathpat
[TRACE_FWD]   CHOSE child c=6 coord=80279367-80279466 maxcov=0.0 tmax=None
[TRACE_FWD] enter node i=6 coord=80279367-80279466 minpath=0 maxpath=16 nchildren=2 sink_child=false
[TRACE_FWD]   path_edge child=8 coord=80280746-80280932 edge_bit=false child_bit=false sink=false
[TRACE_FWD]   path_edge child=10 coord=80281670-80281929 edge_bit=true child_bit=true sink=false
[TRACE_FWD]   seed-guided child=10 coord=80281670-80281929 guided=1
[TRACE_FWD]   CHOSE child c=10 coord=80281670-80281929 maxcov=0.0 tmax=None
[TRACE_FWD] enter node i=10 coord=80281670-80281929 minpath=0 maxpath=16 nchildren=4 sink_child=true
[TRACE_FWD]   path_edge child=11 coord=80281929-80283589 edge_bit=false child_bit=false sink=false
[TRACE_FWD]   path_edge child=12 coord=80283589-80283698 edge_bit=true child_bit=true sink=false
[TRACE_FWD]   path_edge child=14 coord=80284818-80285085 edge_bit=false child_bit=true sink=false
[TRACE_FWD]   path_edge child=20 coord=0-0 edge_bit=false child_bit=false sink=true
[TRACE_FWD]   seed-guided child=12 coord=80283589-80283698 guided=1
[TRACE_FWD]   CHOSE child c=12 coord=80283589-80283698 maxcov=0.0 tmax=None
[TRACE_FWD] enter node i=12 coord=80283589-80283698 minpath=0 maxpath=16 nchildren=3 sink_child=true
[TRACE_FWD]   path_edge child=13 coord=80283698-80284818 edge_bit=false child_bit=false sink=false
[TRACE_FWD]   path_edge child=14 coord=80284818-80285085 edge_bit=true child_bit=true sink=false
[TRACE_FWD]   path_edge child=20 coord=0-0 edge_bit=false child_bit=false sink=true
[TRACE_FWD]   seed-guided child=14 coord=80284818-80285085 guided=1
[TRACE_FWD]   CHOSE child c=14 coord=80284818-80285085 maxcov=0.0 tmax=None
[TRACE_FWD] enter node i=14 coord=80284818-80285085 minpath=0 maxpath=16 nchildren=5 sink_child=true
[TRACE_FWD]   path_edge child=15 coord=80285085-80285218 edge_bit=true child_bit=true sink=false
[TRACE_FWD]   path_edge child=16 coord=80285218-80285399 edge_bit=false child_bit=true sink=false
[TRACE_FWD]   path_edge child=17 coord=80285533-80286948 edge_bit=false child_bit=false sink=false
[TRACE_FWD]   path_edge child=18 coord=80288350-80288416 edge_bit=false child_bit=false sink=false
[TRACE_FWD]   path_edge child=20 coord=0-0 edge_bit=false child_bit=false sink=true
[TRACE_FWD]   fast-path: i+1=15 already on pathpat
[TRACE_FWD]   CHOSE child c=15 coord=80285085-80285218 maxcov=0.0 tmax=None
[TRACE_FWD] enter node i=15 coord=80285085-80285218 minpath=0 maxpath=16 nchildren=1 sink_child=false
[TRACE_FWD]   path_edge child=16 coord=80285218-80285399 edge_bit=true child_bit=true sink=false
[TRACE_FWD]   fast-path: i+1=16 already on pathpat
[TRACE_FWD]   CHOSE child c=16 coord=80285218-80285399 maxcov=0.0 tmax=None
[TRACE_FWD] enter node i=16 coord=80285218-80285399 minpath=0 maxpath=16 nchildren=1 sink_child=true
[TRACE_FWD]   path_edge child=20 coord=0-0 edge_bit=false child_bit=false sink=true
[FWD_HARDEND_GUARD seed=16] skip at i=16 (seed_last_real but not minority_fork, gap=60)
[ONPATH_SINK_PENULT] penultimate=10 penult_coord=80281670-80281929 maxp=16 maxp_coord=80285218-80285399 contig=false
[TRACE_FWD_SINK_DBG] tf=0 !exact=true req_long=true first<i=true maxp<=i=true last>=c=true onpath_reason=fail:sink_edge_wrong_penultimate
[TRACE_FWD_SINK]   tf=0 first=10 last=20 abundance=4.0000 maxpath=16 i=16 accepted=false
[ONPATH_SINK_PENULT] penultimate=14 penult_coord=80284818-80285085 maxp=16 maxp_coord=80285218-80285399 contig=false
[TRACE_FWD_SINK_DBG] tf=1 !exact=true req_long=true first<i=true maxp<=i=true last>=c=true onpath_reason=fail:sink_edge_wrong_penultimate
[TRACE_FWD_SINK]   tf=1 first=14 last=20 abundance=7.0000 maxpath=16 i=16 accepted=false
[ONPATH_SINK_PENULT] penultimate=12 penult_coord=80283589-80283698 maxp=16 maxp_coord=80285218-80285399 contig=false
[TRACE_FWD_SINK_DBG] tf=2 !exact=true req_long=true first<i=true maxp<=i=true last>=c=true onpath_reason=fail:sink_edge_wrong_penultimate
[TRACE_FWD_SINK]   tf=2 first=12 last=20 abundance=1.0000 maxpath=16 i=16 accepted=false
[TRACE_FWD_SINK]   tf=44 first=16 last=20 abundance=4.0000 maxpath=16 i=16 accepted=true
[TRACE_FWD_SINK]   tf=45 first=17 last=20 abundance=2.1250 maxpath=16 i=16 accepted=false
[ONPATH_SINK_PENULT] penultimate=2 penult_coord=80275063-80275346 maxp=16 maxp_coord=80285218-80285399 contig=false
[TRACE_FWD_SINK_DBG] tf=50 !exact=true req_long=true first<i=true maxp<=i=true last>=c=true onpath_reason=fail:sink_edge_wrong_penultimate
[TRACE_FWD_SINK]   tf=50 first=2 last=20 abundance=1.0000 maxpath=16 i=16 accepted=false
[ONPATH_SINK_PENULT] penultimate=8 penult_coord=80280746-80280932 maxp=16 maxp_coord=80285218-80285399 contig=false
[TRACE_FWD_SINK_DBG] tf=51 !exact=true req_long=true first<i=true maxp<=i=true last>=c=true onpath_reason=fail:sink_edge_wrong_penultimate
[TRACE_FWD_SINK]   tf=51 first=8 last=20 abundance=1.0000 maxpath=16 i=16 accepted=false
[TRACE_FWD]   child c=20 coord=0-0 ntrf=7 childcov=4.0 tchild=Some(44)
[TRACE_FWD]     support_tf=44 first=16 last=20 nodes=2 longstart=0 longend=0 tf_edge=true tf_sink_edge=true
[FWD_TRACE seed=16]   maxcov_update child=20 childcov=4.0000 prev_maxcov=0.0000 prev_tmax=None prev_weak=None cand_tchild=Some(44) cand_weak=Some(false) allow=1
[TRACE_FWD]   CHOSE child c=20 coord=0-0 maxcov=4.0 tmax=Some(44)
--- parse_trflong: fwd_to_sink t=16 result=OK path_len=10 path: 0(0-0) 3(80275346-80276086) 5(80276728-80279058) 6(80279367-80279466) 10(80281670-80281929) 12(80283589-80283698) 14(80284818-80285085) 15(80285085-80285218) 16(80285218-80285399) 20(0-0)
[TRACE_LOCUS] idx=16 abund=2.0 nodes=7 exons=6 span=80275346-80285399 rnodes=80276728-80285399 complete=false seed=true
[TRACE_LOCUS]   → flux=2.0000 cov=1.2054 nodecov_mode=false
[TRACE_LOCUS]   → STORED idx=16 cov=1.2054 abund_after=0.0000 exons=6 first=80275346-80276086 last=80284818-80285399
[TRACE_EARLY] idx=17 abund=2.0 nodes=6 seed=true weak=0 skip=pass span=80276728-80285399
[TRACE_PAT] stage=seed.raw idx=17 pivot=16 coord=80285218-80285399 node_bit=true pop=11 nchildren=1
[TRACE_PAT]   child=20 coord=0-0 edge_bit=false child_bit=false sink=true
[TRACE_PAT] stage=seed.after_nodes idx=17 pivot=16 coord=80285218-80285399 node_bit=true pop=11 nchildren=1
[TRACE_PAT]   child=20 coord=0-0 edge_bit=false child_bit=false sink=true
[TRACE_PAT] stage=seed.after_endcaps idx=17 pivot=16 coord=80285218-80285399 node_bit=true pop=11 nchildren=1
[TRACE_PAT]   child=20 coord=0-0 edge_bit=false child_bit=false sink=true
[TRACE_SEED] idx=17 abund=2.0 nnodes=6 minp=5 (80276728-80279058) maxp=16 (80285218-80285399) patpop=11
[BACK_TRACE seed=17] enter node i=5 coord=80276728-80279058 minpath=5 maxpath=16 nparents=2 path_len=1
[BACK_TRACE seed=17]     trf t=11 abund=3.0 first=3 last=5 weak=0 ACCEPT pattern_pop=3 nodes=[3, 5]
[BACK_TRACE seed=17]       replace_tmax prev=None new=Some(11)
[BACK_TRACE seed=17]     trf t=12 abund=1.9 first=3 last=10 weak=1 ACCEPT pattern_pop=9 nodes=[3, 4, 5, 6, 10]
[BACK_TRACE seed=17]       replace_tmax prev=Some(11) new=Some(11)
[BACK_TRACE seed=17]     trf t=28 abund=1.0 first=3 last=14 weak=0 ACCEPT pattern_pop=9 nodes=[3, 5, 6, 10, 14]
[BACK_TRACE seed=17]       replace_tmax prev=Some(11) new=Some(11)
[TRACE_BACK]   parent p=3 coord=80275346-80276086 ntrf=6 depleted=0 skip_notlong=0 parentcov=5.9 tpar=Some(11)
[BACK_TRACE seed=17]   maxcov_update parent=3 parentcov=5.9059 prev_maxcov=0.0000 prev_tmax=None prev_weak=None cand_tpar=Some(11) cand_weak=Some(false) allow=1
[TRACE_BACK]   CHOSE parent p=3 coord=80275346-80276086 maxcov=5.9 tmax=Some(11)
[TRACE_BACK]   PATHPAT_OR via tmax=11 abund=3.0488 first=3 last=5 nodes=3(80275346-80276086) 5(80276728-80279058)
[BACK_TRACE seed=17] enter node i=3 coord=80275346-80276086 minpath=3 maxpath=16 nparents=2 path_len=2
[TRACE_BACK_SOURCE]   tf=38 first=0 last=11 abundance=1.0000 minpath=3 exact=false pure_stub=true alt_parent_cov=0.0000 accepted=false
[TRACE_BACK_SOURCE]   tf=39 first=0 last=2 abundance=1.0000 minpath=3 exact=false pure_stub=true alt_parent_cov=0.0000 accepted=false
[TRACE_BACK_SOURCE]   tf=40 first=0 last=13 abundance=1.0000 minpath=3 exact=false pure_stub=true alt_parent_cov=0.0000 accepted=false
[TRACE_BACK_SOURCE]   tf=49 first=0 last=3 abundance=57.0488 minpath=3 exact=true pure_stub=true alt_parent_cov=0.0000 accepted=true
[TRACE_BACK]   parent p=0 coord=0-0 ntrf=4 depleted=0 skip_notlong=0 parentcov=57.0 tpar=Some(49)
[BACK_TRACE seed=17]   maxcov_update parent=0 parentcov=57.0488 prev_maxcov=0.0000 prev_tmax=None prev_weak=None cand_tpar=Some(49) cand_weak=Some(false) allow=1
[TRACE_BACK]   CHOSE parent p=0 coord=0-0 maxcov=57.0 tmax=Some(49)
[TRACE_BACK]   PATHPAT_OR via tmax=49 abund=57.0488 first=0 last=3 nodes=0(0-0) 3(80275346-80276086)
--- parse_trflong: back_to_source t=17 result=OK path_len=2 path: 5(80276728-80279058) 3(80275346-80276086)
[TRACE_FWD] enter node i=5 coord=80276728-80279058 minpath=0 maxpath=16 nchildren=1 sink_child=false
[TRACE_FWD]   path_edge child=6 coord=80279367-80279466 edge_bit=true child_bit=true sink=false
[TRACE_FWD]   fast-path: i+1=6 already on pathpat
[TRACE_FWD]   CHOSE child c=6 coord=80279367-80279466 maxcov=0.0 tmax=None
[TRACE_FWD] enter node i=6 coord=80279367-80279466 minpath=0 maxpath=16 nchildren=2 sink_child=false
[TRACE_FWD]   path_edge child=8 coord=80280746-80280932 edge_bit=false child_bit=false sink=false
[TRACE_FWD]   path_edge child=10 coord=80281670-80281929 edge_bit=true child_bit=true sink=false
[TRACE_FWD]   seed-guided child=10 coord=80281670-80281929 guided=1
[TRACE_FWD]   CHOSE child c=10 coord=80281670-80281929 maxcov=0.0 tmax=None
[TRACE_FWD] enter node i=10 coord=80281670-80281929 minpath=0 maxpath=16 nchildren=4 sink_child=true
[TRACE_FWD]   path_edge child=11 coord=80281929-80283589 edge_bit=false child_bit=false sink=false
[TRACE_FWD]   path_edge child=12 coord=80283589-80283698 edge_bit=true child_bit=true sink=false
[TRACE_FWD]   path_edge child=14 coord=80284818-80285085 edge_bit=false child_bit=true sink=false
[TRACE_FWD]   path_edge child=20 coord=0-0 edge_bit=false child_bit=false sink=true
[TRACE_FWD]   seed-guided child=12 coord=80283589-80283698 guided=1
[TRACE_FWD]   CHOSE child c=12 coord=80283589-80283698 maxcov=0.0 tmax=None
[TRACE_FWD] enter node i=12 coord=80283589-80283698 minpath=0 maxpath=16 nchildren=3 sink_child=true
[TRACE_FWD]   path_edge child=13 coord=80283698-80284818 edge_bit=false child_bit=false sink=false
[TRACE_FWD]   path_edge child=14 coord=80284818-80285085 edge_bit=true child_bit=true sink=false
[TRACE_FWD]   path_edge child=20 coord=0-0 edge_bit=false child_bit=false sink=true
[TRACE_FWD]   seed-guided child=14 coord=80284818-80285085 guided=1
[TRACE_FWD]   CHOSE child c=14 coord=80284818-80285085 maxcov=0.0 tmax=None
[TRACE_FWD] enter node i=14 coord=80284818-80285085 minpath=0 maxpath=16 nchildren=5 sink_child=true
[TRACE_FWD]   path_edge child=15 coord=80285085-80285218 edge_bit=false child_bit=false sink=false
[TRACE_FWD]   path_edge child=16 coord=80285218-80285399 edge_bit=true child_bit=true sink=false
[TRACE_FWD]   path_edge child=17 coord=80285533-80286948 edge_bit=false child_bit=false sink=false
[TRACE_FWD]   path_edge child=18 coord=80288350-80288416 edge_bit=false child_bit=false sink=false
[TRACE_FWD]   path_edge child=20 coord=0-0 edge_bit=false child_bit=false sink=true
[TRACE_FWD]   seed-guided child=16 coord=80285218-80285399 guided=1
[TRACE_FWD]   CHOSE child c=16 coord=80285218-80285399 maxcov=0.0 tmax=None
[TRACE_FWD] enter node i=16 coord=80285218-80285399 minpath=0 maxpath=16 nchildren=1 sink_child=true
[TRACE_FWD]   path_edge child=20 coord=0-0 edge_bit=false child_bit=false sink=true
[FWD_HARDEND_GUARD seed=17] short-circuit at i=16 (minority_fork, gap=0, longend=80285399, abund=2.00, cov_i=5.00)
--- parse_trflong: fwd_to_sink t=17 result=OK path_len=9 path: 0(0-0) 3(80275346-80276086) 5(80276728-80279058) 6(80279367-80279466) 10(80281670-80281929) 12(80283589-80283698) 14(80284818-80285085) 16(80285218-80285399) 20(0-0)
[TRACE_LOCUS] idx=17 abund=2.0 nodes=6 exons=7 span=80275346-80285399 rnodes=80276728-80285399 complete=false seed=true
[TRACE_LOCUS]   → flux=2.0000 cov=1.1786 nodecov_mode=false
[TRACE_LOCUS]   → STORED idx=17 cov=1.1786 abund_after=0.0000 exons=7 first=80275346-80276086 last=80285218-80285399
[TRACE_EARLY] idx=19 abund=0.0 nodes=4 seed=true weak=0 skip=pass span=80281670-80286948
[TRACE_PAT] stage=seed.raw idx=19 pivot=17 coord=80285533-80286948 node_bit=true pop=7 nchildren=1
[TRACE_PAT]   child=20 coord=0-0 edge_bit=false child_bit=false sink=true
[TRACE_PAT] stage=seed.after_nodes idx=19 pivot=17 coord=80285533-80286948 node_bit=true pop=7 nchildren=1
[TRACE_PAT]   child=20 coord=0-0 edge_bit=false child_bit=false sink=true
[TRACE_PAT] stage=seed.after_endcaps idx=19 pivot=17 coord=80285533-80286948 node_bit=true pop=7 nchildren=1
[TRACE_PAT]   child=20 coord=0-0 edge_bit=false child_bit=false sink=true
[TRACE_SEED] idx=19 abund=0.0 nnodes=4 minp=10 (80281670-80281929) maxp=17 (80285533-80286948) patpop=7
[BACK_TRACE seed=19] enter node i=10 coord=80281670-80281929 minpath=10 maxpath=17 nparents=3 path_len=1
[BACK_TRACE seed=19]     trf t=8 abund=3.1 first=5 last=17 weak=0 ACCEPT pattern_pop=9 nodes=[5, 6, 10, 14, 17]
[BACK_TRACE seed=19]       replace_tmax prev=None new=Some(8)
[BACK_TRACE seed=19]     trf t=9 abund=6.0 first=5 last=14 weak=0 ACCEPT pattern_pop=9 nodes=[5, 6, 10, 12, 14]
[BACK_TRACE seed=19]       replace_tmax prev=Some(8) new=Some(9)
[BACK_TRACE seed=19]     trf t=12 abund=1.9 first=3 last=10 weak=1 ACCEPT pattern_pop=9 nodes=[3, 4, 5, 6, 10]
[BACK_TRACE seed=19]       replace_tmax prev=Some(9) new=Some(9)
[BACK_TRACE seed=19]     trf t=18 abund=2.0 first=6 last=17 weak=0 ACCEPT pattern_pop=7 nodes=[6, 10, 14, 17]
[BACK_TRACE seed=19]       replace_tmax prev=Some(9) new=Some(9)
[BACK_TRACE seed=19]     trf t=28 abund=1.0 first=3 last=14 weak=0 ACCEPT pattern_pop=9 nodes=[3, 5, 6, 10, 14]
[BACK_TRACE seed=19]       replace_tmax prev=Some(9) new=Some(9)
[BACK_TRACE seed=19]     trf t=29 abund=1.0 first=6 last=14 weak=0 ACCEPT pattern_pop=7 nodes=[6, 10, 12, 14]
[BACK_TRACE seed=19]       replace_tmax prev=Some(9) new=Some(9)
[BACK_TRACE seed=19]     trf t=31 abund=0.5 first=5 last=12 weak=0 ACCEPT pattern_pop=7 nodes=[5, 6, 10, 12]
[BACK_TRACE seed=19]       replace_tmax prev=Some(9) new=Some(9)
[BACK_TRACE seed=19]     trf t=35 abund=1.0 first=5 last=10 weak=0 ACCEPT pattern_pop=5 nodes=[5, 6, 10]
[BACK_TRACE seed=19]       replace_tmax prev=Some(9) new=Some(9)
[TRACE_BACK]   parent p=6 coord=80279367-80279466 ntrf=13 depleted=0 skip_notlong=0 parentcov=16.5 tpar=Some(9)
[BACK_TRACE seed=19]   maxcov_update parent=6 parentcov=16.4821 prev_maxcov=0.0000 prev_tmax=None prev_weak=None cand_tpar=Some(9) cand_weak=Some(false) allow=1
[TRACE_BACK]   parent p=8 coord=80280746-80280932 ntrf=2 depleted=0 skip_notlong=0 parentcov=0.0 tpar=None
[TRACE_BACK]   CHOSE parent p=6 coord=80279367-80279466 maxcov=16.5 tmax=Some(9)
[TRACE_BACK]   PATHPAT_OR via tmax=9 abund=6.0000 first=5 last=14 nodes=5(80276728-80279058) 6(80279367-80279466) 10(80281670-80281929) 12(80283589-80283698) 14(80284818-80285085)
[BACK_TRACE seed=19] enter node i=6 coord=80279367-80279466 minpath=5 maxpath=17 nparents=1 path_len=2
[TRACE_BACK]   fast-path: i-1=5 already on pathpat
[TRACE_BACK]   CHOSE parent p=5 coord=80276728-80279058 maxcov=0.0 tmax=None
[BACK_TRACE seed=19] enter node i=5 coord=80276728-80279058 minpath=5 maxpath=17 nparents=2 path_len=3
[BACK_TRACE seed=19]     trf t=11 abund=2.7 first=3 last=5 weak=0 ACCEPT pattern_pop=3 nodes=[3, 5]
[BACK_TRACE seed=19]       replace_tmax prev=None new=Some(11)
[BACK_TRACE seed=19]     trf t=12 abund=1.9 first=3 last=10 weak=1 ACCEPT pattern_pop=9 nodes=[3, 4, 5, 6, 10]
[BACK_TRACE seed=19]       replace_tmax prev=Some(11) new=Some(11)
[BACK_TRACE seed=19]     trf t=28 abund=1.0 first=3 last=14 weak=0 ACCEPT pattern_pop=9 nodes=[3, 5, 6, 10, 14]
[BACK_TRACE seed=19]       replace_tmax prev=Some(11) new=Some(11)
[TRACE_BACK]   parent p=3 coord=80275346-80276086 ntrf=6 depleted=0 skip_notlong=0 parentcov=5.5 tpar=Some(11)
[BACK_TRACE seed=19]   maxcov_update parent=3 parentcov=5.5157 prev_maxcov=0.0000 prev_tmax=None prev_weak=None cand_tpar=Some(11) cand_weak=Some(false) allow=1
[TRACE_BACK]   CHOSE parent p=3 coord=80275346-80276086 maxcov=5.5 tmax=Some(11)
[TRACE_BACK]   PATHPAT_OR via tmax=11 abund=2.6585 first=3 last=5 nodes=3(80275346-80276086) 5(80276728-80279058)
[BACK_TRACE seed=19] enter node i=3 coord=80275346-80276086 minpath=3 maxpath=17 nparents=2 path_len=4
[TRACE_BACK_SOURCE]   tf=38 first=0 last=11 abundance=1.0000 minpath=3 exact=false pure_stub=true alt_parent_cov=0.0000 accepted=false
[TRACE_BACK_SOURCE]   tf=39 first=0 last=2 abundance=1.0000 minpath=3 exact=false pure_stub=true alt_parent_cov=0.0000 accepted=false
[TRACE_BACK_SOURCE]   tf=40 first=0 last=13 abundance=1.0000 minpath=3 exact=false pure_stub=true alt_parent_cov=0.0000 accepted=false
[TRACE_BACK_SOURCE]   tf=49 first=0 last=3 abundance=56.6585 minpath=3 exact=true pure_stub=true alt_parent_cov=0.0000 accepted=true
[TRACE_BACK]   parent p=0 coord=0-0 ntrf=4 depleted=0 skip_notlong=0 parentcov=56.7 tpar=Some(49)
[BACK_TRACE seed=19]   maxcov_update parent=0 parentcov=56.6585 prev_maxcov=0.0000 prev_tmax=None prev_weak=None cand_tpar=Some(49) cand_weak=Some(false) allow=1
[TRACE_BACK]   CHOSE parent p=0 coord=0-0 maxcov=56.7 tmax=Some(49)
[TRACE_BACK]   PATHPAT_OR via tmax=49 abund=56.6585 first=0 last=3 nodes=0(0-0) 3(80275346-80276086)
--- parse_trflong: back_to_source t=19 result=OK path_len=4 path: 10(80281670-80281929) 6(80279367-80279466) 5(80276728-80279058) 3(80275346-80276086)
[TRACE_FWD] enter node i=10 coord=80281670-80281929 minpath=0 maxpath=17 nchildren=4 sink_child=true
[TRACE_FWD]   path_edge child=11 coord=80281929-80283589 edge_bit=false child_bit=false sink=false
[TRACE_FWD]   path_edge child=12 coord=80283589-80283698 edge_bit=true child_bit=true sink=false
[TRACE_FWD]   path_edge child=14 coord=80284818-80285085 edge_bit=false child_bit=true sink=false
[TRACE_FWD]   path_edge child=20 coord=0-0 edge_bit=false child_bit=false sink=true
[TRACE_FWD]   seed-guided child=12 coord=80283589-80283698 guided=1
[TRACE_FWD]   CHOSE child c=12 coord=80283589-80283698 maxcov=0.0 tmax=None
[TRACE_FWD] enter node i=12 coord=80283589-80283698 minpath=0 maxpath=17 nchildren=3 sink_child=true
[TRACE_FWD]   path_edge child=13 coord=80283698-80284818 edge_bit=false child_bit=false sink=false
[TRACE_FWD]   path_edge child=14 coord=80284818-80285085 edge_bit=true child_bit=true sink=false
[TRACE_FWD]   path_edge child=20 coord=0-0 edge_bit=false child_bit=false sink=true
[TRACE_FWD]   seed-guided child=14 coord=80284818-80285085 guided=1
[TRACE_FWD]   CHOSE child c=14 coord=80284818-80285085 maxcov=0.0 tmax=None
[TRACE_FWD] enter node i=14 coord=80284818-80285085 minpath=0 maxpath=17 nchildren=5 sink_child=true
[TRACE_FWD]   path_edge child=15 coord=80285085-80285218 edge_bit=false child_bit=false sink=false
[TRACE_FWD]   path_edge child=16 coord=80285218-80285399 edge_bit=false child_bit=false sink=false
[TRACE_FWD]   path_edge child=17 coord=80285533-80286948 edge_bit=true child_bit=true sink=false
[TRACE_FWD]   path_edge child=18 coord=80288350-80288416 edge_bit=false child_bit=false sink=false
[TRACE_FWD]   path_edge child=20 coord=0-0 edge_bit=false child_bit=false sink=true
[TRACE_FWD]   seed-guided child=17 coord=80285533-80286948 guided=1
[TRACE_FWD]   CHOSE child c=17 coord=80285533-80286948 maxcov=0.0 tmax=None
[TRACE_FWD] enter node i=17 coord=80285533-80286948 minpath=0 maxpath=17 nchildren=1 sink_child=true
[TRACE_FWD]   path_edge child=20 coord=0-0 edge_bit=false child_bit=false sink=true
[ONPATH_SINK_PENULT] penultimate=10 penult_coord=80281670-80281929 maxp=17 maxp_coord=80285533-80286948 contig=false
[TRACE_FWD_SINK_DBG] tf=0 !exact=true req_long=true first<i=true maxp<=i=true last>=c=true onpath_reason=fail:sink_edge_wrong_penultimate
[TRACE_FWD_SINK]   tf=0 first=10 last=20 abundance=4.0000 maxpath=17 i=17 accepted=false
[ONPATH_SINK_PENULT] penultimate=14 penult_coord=80284818-80285085 maxp=17 maxp_coord=80285533-80286948 contig=false
[TRACE_FWD_SINK_DBG] tf=1 !exact=true req_long=true first<i=true maxp<=i=true last>=c=true onpath_reason=fail:sink_edge_wrong_penultimate
[TRACE_FWD_SINK]   tf=1 first=14 last=20 abundance=7.0000 maxpath=17 i=17 accepted=false
[ONPATH_SINK_PENULT] penultimate=12 penult_coord=80283589-80283698 maxp=17 maxp_coord=80285533-80286948 contig=false
[TRACE_FWD_SINK_DBG] tf=2 !exact=true req_long=true first<i=true maxp<=i=true last>=c=true onpath_reason=fail:sink_edge_wrong_penultimate
[TRACE_FWD_SINK]   tf=2 first=12 last=20 abundance=1.0000 maxpath=17 i=17 accepted=false
[TRACE_FWD_SINK]   tf=45 first=17 last=20 abundance=2.1250 maxpath=17 i=17 accepted=true
[ONPATH_SINK_PENULT] penultimate=2 penult_coord=80275063-80275346 maxp=17 maxp_coord=80285533-80286948 contig=false
[TRACE_FWD_SINK_DBG] tf=50 !exact=true req_long=true first<i=true maxp<=i=true last>=c=true onpath_reason=fail:sink_edge_wrong_penultimate
[TRACE_FWD_SINK]   tf=50 first=2 last=20 abundance=1.0000 maxpath=17 i=17 accepted=false
[ONPATH_SINK_PENULT] penultimate=8 penult_coord=80280746-80280932 maxp=17 maxp_coord=80285533-80286948 contig=false
[TRACE_FWD_SINK_DBG] tf=51 !exact=true req_long=true first<i=true maxp<=i=true last>=c=true onpath_reason=fail:sink_edge_wrong_penultimate
[TRACE_FWD_SINK]   tf=51 first=8 last=20 abundance=1.0000 maxpath=17 i=17 accepted=false
[TRACE_FWD]   child c=20 coord=0-0 ntrf=6 childcov=2.1 tchild=Some(45)
[TRACE_FWD]     support_tf=45 first=17 last=20 nodes=2 longstart=0 longend=0 tf_edge=true tf_sink_edge=true
[FWD_TRACE seed=19]   maxcov_update child=20 childcov=2.1250 prev_maxcov=0.0000 prev_tmax=None prev_weak=None cand_tchild=Some(45) cand_weak=Some(false) allow=1
[TRACE_FWD]   CHOSE child c=20 coord=0-0 maxcov=2.1 tmax=Some(45)
--- parse_trflong: fwd_to_sink t=19 result=OK path_len=9 path: 0(0-0) 3(80275346-80276086) 5(80276728-80279058) 6(80279367-80279466) 10(80281670-80281929) 12(80283589-80283698) 14(80284818-80285085) 17(80285533-80286948) 20(0-0)
[TRACE_LOCUS] idx=19 abund=0.0 nodes=4 exons=7 span=80275346-80286948 rnodes=80281670-80286948 complete=false seed=true
[TRACE_LOCUS]   → flux=0.0000 cov=0.0000 nodecov_mode=false
[TRACE_CHECKTRF_ADD] t=19 reason=zero_flux saved_abund=0.0000 abund=0.0000 guide=false longstart=80281757 longend=80285682 back=1 fwd=1 flux=0.0000 cov=- tocheck=1 tf_nodes=4 tf_coords=10(80281670-80281929) 12(80283589-80283698) 14(80284818-80285085) 17(80285533-80286948) path_nodes=7 path_coords=3(80275346-80276086) 5(80276728-80279058) 6(80279367-80279466) 10(80281670-80281929) 12(80283589-80283698) 14(80284818-80285085) 17(80285533-80286948)
[TRACE_LOCUS]   → ZERO_FLUX checktrf idx=19
[TRACE_EARLY] idx=23 abund=0.0 nodes=8 seed=true weak=0 skip=pass span=80276728-80286948
[TRACE_PAT] stage=seed.raw idx=23 pivot=17 coord=80285533-80286948 node_bit=true pop=15 nchildren=1
[TRACE_PAT]   child=20 coord=0-0 edge_bit=false child_bit=false sink=true
[TRACE_PAT] stage=seed.after_nodes idx=23 pivot=17 coord=80285533-80286948 node_bit=true pop=15 nchildren=1
[TRACE_PAT]   child=20 coord=0-0 edge_bit=false child_bit=false sink=true
[TRACE_PAT] stage=seed.after_endcaps idx=23 pivot=17 coord=80285533-80286948 node_bit=true pop=15 nchildren=1
[TRACE_PAT]   child=20 coord=0-0 edge_bit=false child_bit=false sink=true
[TRACE_SEED] idx=23 abund=0.0 nnodes=8 minp=5 (80276728-80279058) maxp=17 (80285533-80286948) patpop=15
[BACK_TRACE seed=23] enter node i=5 coord=80276728-80279058 minpath=5 maxpath=17 nparents=2 path_len=1
[BACK_TRACE seed=23]     trf t=11 abund=2.7 first=3 last=5 weak=0 ACCEPT pattern_pop=3 nodes=[3, 5]
[BACK_TRACE seed=23]       replace_tmax prev=None new=Some(11)
[BACK_TRACE seed=23]     trf t=12 abund=1.9 first=3 last=10 weak=1 ACCEPT pattern_pop=9 nodes=[3, 4, 5, 6, 10]
[BACK_TRACE seed=23]       replace_tmax prev=Some(11) new=Some(11)
[BACK_TRACE seed=23]     trf t=28 abund=1.0 first=3 last=14 weak=0 ACCEPT pattern_pop=9 nodes=[3, 5, 6, 10, 14]
[BACK_TRACE seed=23]       replace_tmax prev=Some(11) new=Some(11)
[TRACE_BACK]   parent p=3 coord=80275346-80276086 ntrf=6 depleted=0 skip_notlong=0 parentcov=5.5 tpar=Some(11)
[BACK_TRACE seed=23]   maxcov_update parent=3 parentcov=5.5157 prev_maxcov=0.0000 prev_tmax=None prev_weak=None cand_tpar=Some(11) cand_weak=Some(false) allow=1
[TRACE_BACK]   CHOSE parent p=3 coord=80275346-80276086 maxcov=5.5 tmax=Some(11)
[TRACE_BACK]   PATHPAT_OR via tmax=11 abund=2.6585 first=3 last=5 nodes=3(80275346-80276086) 5(80276728-80279058)
[BACK_TRACE seed=23] enter node i=3 coord=80275346-80276086 minpath=3 maxpath=17 nparents=2 path_len=2
[TRACE_BACK_SOURCE]   tf=38 first=0 last=11 abundance=1.0000 minpath=3 exact=false pure_stub=true alt_parent_cov=0.0000 accepted=false
[TRACE_BACK_SOURCE]   tf=39 first=0 last=2 abundance=1.0000 minpath=3 exact=false pure_stub=true alt_parent_cov=0.0000 accepted=false
[TRACE_BACK_SOURCE]   tf=40 first=0 last=13 abundance=1.0000 minpath=3 exact=false pure_stub=true alt_parent_cov=0.0000 accepted=false
[TRACE_BACK_SOURCE]   tf=49 first=0 last=3 abundance=56.6585 minpath=3 exact=true pure_stub=true alt_parent_cov=0.0000 accepted=true
[TRACE_BACK]   parent p=0 coord=0-0 ntrf=4 depleted=0 skip_notlong=0 parentcov=56.7 tpar=Some(49)
[BACK_TRACE seed=23]   maxcov_update parent=0 parentcov=56.6585 prev_maxcov=0.0000 prev_tmax=None prev_weak=None cand_tpar=Some(49) cand_weak=Some(false) allow=1
[TRACE_BACK]   CHOSE parent p=0 coord=0-0 maxcov=56.7 tmax=Some(49)
[TRACE_BACK]   PATHPAT_OR via tmax=49 abund=56.6585 first=0 last=3 nodes=0(0-0) 3(80275346-80276086)
--- parse_trflong: back_to_source t=23 result=OK path_len=2 path: 5(80276728-80279058) 3(80275346-80276086)
[TRACE_FWD] enter node i=5 coord=80276728-80279058 minpath=0 maxpath=17 nchildren=1 sink_child=false
[TRACE_FWD]   path_edge child=6 coord=80279367-80279466 edge_bit=true child_bit=true sink=false
[TRACE_FWD]   fast-path: i+1=6 already on pathpat
[TRACE_FWD]   CHOSE child c=6 coord=80279367-80279466 maxcov=0.0 tmax=None
[TRACE_FWD] enter node i=6 coord=80279367-80279466 minpath=0 maxpath=17 nchildren=2 sink_child=false
[TRACE_FWD]   path_edge child=8 coord=80280746-80280932 edge_bit=true child_bit=true sink=false
[TRACE_FWD]   path_edge child=10 coord=80281670-80281929 edge_bit=false child_bit=true sink=false
[TRACE_FWD]   seed-guided child=8 coord=80280746-80280932 guided=1
[TRACE_FWD]   CHOSE child c=8 coord=80280746-80280932 maxcov=0.0 tmax=None
[TRACE_FWD] enter node i=8 coord=80280746-80280932 minpath=0 maxpath=17 nchildren=3 sink_child=true
[TRACE_FWD]   path_edge child=9 coord=80280932-80281670 edge_bit=false child_bit=false sink=false
[TRACE_FWD]   path_edge child=10 coord=80281670-80281929 edge_bit=true child_bit=true sink=false
[TRACE_FWD]   path_edge child=20 coord=0-0 edge_bit=false child_bit=false sink=true
[TRACE_FWD]   seed-guided child=10 coord=80281670-80281929 guided=1
[TRACE_FWD]   CHOSE child c=10 coord=80281670-80281929 maxcov=0.0 tmax=None
[TRACE_FWD] enter node i=10 coord=80281670-80281929 minpath=0 maxpath=17 nchildren=4 sink_child=true
[TRACE_FWD]   path_edge child=11 coord=80281929-80283589 edge_bit=false child_bit=false sink=false
[TRACE_FWD]   path_edge child=12 coord=80283589-80283698 edge_bit=true child_bit=true sink=false
[TRACE_FWD]   path_edge child=14 coord=80284818-80285085 edge_bit=false child_bit=true sink=false
[TRACE_FWD]   path_edge child=20 coord=0-0 edge_bit=false child_bit=false sink=true
[TRACE_FWD]   seed-guided child=12 coord=80283589-80283698 guided=1
[TRACE_FWD]   CHOSE child c=12 coord=80283589-80283698 maxcov=0.0 tmax=None
[TRACE_FWD] enter node i=12 coord=80283589-80283698 minpath=0 maxpath=17 nchildren=3 sink_child=true
[TRACE_FWD]   path_edge child=13 coord=80283698-80284818 edge_bit=true child_bit=true sink=false
[TRACE_FWD]   path_edge child=14 coord=80284818-80285085 edge_bit=false child_bit=true sink=false
[TRACE_FWD]   path_edge child=20 coord=0-0 edge_bit=false child_bit=false sink=true
[TRACE_FWD]   fast-path: i+1=13 already on pathpat
[TRACE_FWD]   CHOSE child c=13 coord=80283698-80284818 maxcov=0.0 tmax=None
[TRACE_FWD] enter node i=13 coord=80283698-80284818 minpath=0 maxpath=17 nchildren=1 sink_child=false
[TRACE_FWD]   path_edge child=14 coord=80284818-80285085 edge_bit=true child_bit=true sink=false
[TRACE_FWD]   fast-path: i+1=14 already on pathpat
[TRACE_FWD]   CHOSE child c=14 coord=80284818-80285085 maxcov=0.0 tmax=None
[TRACE_FWD] enter node i=14 coord=80284818-80285085 minpath=0 maxpath=17 nchildren=5 sink_child=true
[TRACE_FWD]   path_edge child=15 coord=80285085-80285218 edge_bit=false child_bit=false sink=false
[TRACE_FWD]   path_edge child=16 coord=80285218-80285399 edge_bit=false child_bit=false sink=false
[TRACE_FWD]   path_edge child=17 coord=80285533-80286948 edge_bit=true child_bit=true sink=false
[TRACE_FWD]   path_edge child=18 coord=80288350-80288416 edge_bit=false child_bit=false sink=false
[TRACE_FWD]   path_edge child=20 coord=0-0 edge_bit=false child_bit=false sink=true
[TRACE_FWD]   seed-guided child=17 coord=80285533-80286948 guided=1
[TRACE_FWD]   CHOSE child c=17 coord=80285533-80286948 maxcov=0.0 tmax=None
[TRACE_FWD] enter node i=17 coord=80285533-80286948 minpath=0 maxpath=17 nchildren=1 sink_child=true
[TRACE_FWD]   path_edge child=20 coord=0-0 edge_bit=false child_bit=false sink=true
[ONPATH_SINK_PENULT] penultimate=10 penult_coord=80281670-80281929 maxp=17 maxp_coord=80285533-80286948 contig=false
[TRACE_FWD_SINK_DBG] tf=0 !exact=true req_long=true first<i=true maxp<=i=true last>=c=true onpath_reason=fail:sink_edge_wrong_penultimate
[TRACE_FWD_SINK]   tf=0 first=10 last=20 abundance=4.0000 maxpath=17 i=17 accepted=false
[ONPATH_SINK_PENULT] penultimate=14 penult_coord=80284818-80285085 maxp=17 maxp_coord=80285533-80286948 contig=false
[TRACE_FWD_SINK_DBG] tf=1 !exact=true req_long=true first<i=true maxp<=i=true last>=c=true onpath_reason=fail:sink_edge_wrong_penultimate
[TRACE_FWD_SINK]   tf=1 first=14 last=20 abundance=7.0000 maxpath=17 i=17 accepted=false
[ONPATH_SINK_PENULT] penultimate=12 penult_coord=80283589-80283698 maxp=17 maxp_coord=80285533-80286948 contig=false
[TRACE_FWD_SINK_DBG] tf=2 !exact=true req_long=true first<i=true maxp<=i=true last>=c=true onpath_reason=fail:sink_edge_wrong_penultimate
[TRACE_FWD_SINK]   tf=2 first=12 last=20 abundance=1.0000 maxpath=17 i=17 accepted=false
[TRACE_FWD_SINK]   tf=45 first=17 last=20 abundance=2.1250 maxpath=17 i=17 accepted=true
[ONPATH_SINK_PENULT] penultimate=2 penult_coord=80275063-80275346 maxp=17 maxp_coord=80285533-80286948 contig=false
[TRACE_FWD_SINK_DBG] tf=50 !exact=true req_long=true first<i=true maxp<=i=true last>=c=true onpath_reason=fail:sink_edge_wrong_penultimate
[TRACE_FWD_SINK]   tf=50 first=2 last=20 abundance=1.0000 maxpath=17 i=17 accepted=false
[ONPATH_SINK_PENULT] penultimate=8 penult_coord=80280746-80280932 maxp=17 maxp_coord=80285533-80286948 contig=false
[TRACE_FWD_SINK_DBG] tf=51 !exact=true req_long=true first<i=true maxp<=i=true last>=c=true onpath_reason=fail:sink_edge_wrong_penultimate
[TRACE_FWD_SINK]   tf=51 first=8 last=20 abundance=1.0000 maxpath=17 i=17 accepted=false
[TRACE_FWD]   child c=20 coord=0-0 ntrf=6 childcov=2.1 tchild=Some(45)
[TRACE_FWD]     support_tf=45 first=17 last=20 nodes=2 longstart=0 longend=0 tf_edge=true tf_sink_edge=true
[FWD_TRACE seed=23]   maxcov_update child=20 childcov=2.1250 prev_maxcov=0.0000 prev_tmax=None prev_weak=None cand_tchild=Some(45) cand_weak=Some(false) allow=1
[TRACE_FWD]   CHOSE child c=20 coord=0-0 maxcov=2.1 tmax=Some(45)
--- parse_trflong: fwd_to_sink t=23 result=OK path_len=11 path: 0(0-0) 3(80275346-80276086) 5(80276728-80279058) 6(80279367-80279466) 8(80280746-80280932) 10(80281670-80281929) 12(80283589-80283698) 13(80283698-80284818) 14(80284818-80285085) 17(80285533-80286948) 20(0-0)
[TRACE_LOCUS] idx=23 abund=0.0 nodes=8 exons=7 span=80275346-80286948 rnodes=80276728-80286948 complete=false seed=true
[TRACE_LOCUS]   → flux=0.0000 cov=0.0000 nodecov_mode=false
[TRACE_CHECKTRF_ADD] t=23 reason=zero_flux saved_abund=0.0000 abund=0.0000 guide=false longstart=80278660 longend=80285633 back=1 fwd=1 flux=0.0000 cov=- tocheck=1 tf_nodes=8 tf_coords=5(80276728-80279058) 6(80279367-80279466) 8(80280746-80280932) 10(80281670-80281929) 12(80283589-80283698) 13(80283698-80284818) 14(80284818-80285085) 17(80285533-80286948) path_nodes=9 path_coords=3(80275346-80276086) 5(80276728-80279058) 6(80279367-80279466) 8(80280746-80280932) 10(80281670-80281929) 12(80283589-80283698) 13(80283698-80284818) 14(80284818-80285085) 17(80285533-80286948)
[TRACE_LOCUS]   → ZERO_FLUX checktrf idx=23
[TRACE_EARLY] idx=30 abund=0.0 nodes=4 seed=true weak=0 skip=pass span=80275346-80279466
[TRACE_PAT] stage=seed.raw idx=30 pivot=6 coord=80279367-80279466 node_bit=true pop=7 nchildren=2
[TRACE_PAT]   child=8 coord=80280746-80280932 edge_bit=false child_bit=false sink=false
[TRACE_PAT]   child=10 coord=80281670-80281929 edge_bit=false child_bit=false sink=false
[TRACE_PAT] stage=seed.after_nodes idx=30 pivot=6 coord=80279367-80279466 node_bit=true pop=7 nchildren=2
[TRACE_PAT]   child=8 coord=80280746-80280932 edge_bit=false child_bit=false sink=false
[TRACE_PAT]   child=10 coord=80281670-80281929 edge_bit=false child_bit=false sink=false
[TRACE_PAT] stage=seed.after_endcaps idx=30 pivot=6 coord=80279367-80279466 node_bit=true pop=7 nchildren=2
[TRACE_PAT]   child=8 coord=80280746-80280932 edge_bit=false child_bit=false sink=false
[TRACE_PAT]   child=10 coord=80281670-80281929 edge_bit=false child_bit=false sink=false
[TRACE_SEED] idx=30 abund=0.0 nnodes=4 minp=3 (80275346-80276086) maxp=6 (80279367-80279466) patpop=7
[BACK_TRACE seed=30] enter node i=3 coord=80275346-80276086 minpath=3 maxpath=6 nparents=2 path_len=1
[TRACE_BACK_SOURCE]   tf=39 first=0 last=2 abundance=1.0000 minpath=3 exact=false pure_stub=true alt_parent_cov=0.0000 accepted=false
[TRACE_BACK_SOURCE]   tf=49 first=0 last=3 abundance=56.6585 minpath=3 exact=true pure_stub=true alt_parent_cov=0.0000 accepted=true
[TRACE_BACK]   parent p=0 coord=0-0 ntrf=4 depleted=0 skip_notlong=0 parentcov=56.7 tpar=Some(49)
[BACK_TRACE seed=30]   maxcov_update parent=0 parentcov=56.6585 prev_maxcov=0.0000 prev_tmax=None prev_weak=None cand_tpar=Some(49) cand_weak=Some(false) allow=1
[TRACE_BACK]   CHOSE parent p=0 coord=0-0 maxcov=56.7 tmax=Some(49)
[TRACE_BACK]   PATHPAT_OR via tmax=49 abund=56.6585 first=0 last=3 nodes=0(0-0) 3(80275346-80276086)
--- parse_trflong: back_to_source t=30 result=OK path_len=1 path: 3(80275346-80276086)
[TRACE_FWD] enter node i=3 coord=80275346-80276086 minpath=0 maxpath=6 nchildren=2 sink_child=false
[TRACE_FWD]   path_edge child=4 coord=80276086-80276728 edge_bit=true child_bit=true sink=false
[TRACE_FWD]   path_edge child=5 coord=80276728-80279058 edge_bit=false child_bit=true sink=false
[TRACE_FWD]   fast-path: i+1=4 already on pathpat
[TRACE_FWD]   CHOSE child c=4 coord=80276086-80276728 maxcov=0.0 tmax=None
[TRACE_FWD] enter node i=4 coord=80276086-80276728 minpath=0 maxpath=6 nchildren=1 sink_child=false
[TRACE_FWD]   path_edge child=5 coord=80276728-80279058 edge_bit=true child_bit=true sink=false
[TRACE_FWD]   fast-path: i+1=5 already on pathpat
[TRACE_FWD]   CHOSE child c=5 coord=80276728-80279058 maxcov=0.0 tmax=None
[TRACE_FWD] enter node i=5 coord=80276728-80279058 minpath=0 maxpath=6 nchildren=1 sink_child=false
[TRACE_FWD]   path_edge child=6 coord=80279367-80279466 edge_bit=true child_bit=true sink=false
[TRACE_FWD]   fast-path: i+1=6 already on pathpat
[TRACE_FWD]   CHOSE child c=6 coord=80279367-80279466 maxcov=0.0 tmax=None
[TRACE_FWD] enter node i=6 coord=80279367-80279466 minpath=0 maxpath=6 nchildren=2 sink_child=false
[TRACE_FWD]   path_edge child=8 coord=80280746-80280932 edge_bit=false child_bit=false sink=false
[TRACE_FWD]   path_edge child=10 coord=80281670-80281929 edge_bit=false child_bit=false sink=false
[FWD_TRACE seed=30]     trf t=24 abund=1.0 first=5 last=19 weak=0 ACCEPT pattern_pop=15 nodes=[5, 6, 8, 10, 12, 14, 18, 19]
[FWD_TRACE seed=30]       replace_tmax prev=None new=Some(24)
[TRACE_FWD]   child c=8 coord=80280746-80280932 ntrf=2 childcov=1.0 tchild=Some(24)
[TRACE_FWD]     support_tf=24 first=5 last=19 nodes=8 longstart=80278659 longend=0 tf_edge=true tf_sink_edge=false
[FWD_TRACE seed=30]   maxcov_update child=8 childcov=1.0000 prev_maxcov=0.0000 prev_tmax=None prev_weak=None cand_tchild=Some(24) cand_weak=Some(false) allow=1
[FWD_TRACE seed=30]     trf t=8 abund=3.1 first=5 last=17 weak=0 ACCEPT pattern_pop=9 nodes=[5, 6, 10, 14, 17]
[FWD_TRACE seed=30]       replace_tmax prev=None new=Some(8)
[FWD_TRACE seed=30]     trf t=9 abund=6.0 first=5 last=14 weak=0 ACCEPT pattern_pop=9 nodes=[5, 6, 10, 12, 14]
[FWD_TRACE seed=30]       replace_tmax prev=Some(8) new=Some(9)
[FWD_TRACE seed=30]     trf t=12 abund=1.9 first=3 last=10 weak=1 ACCEPT pattern_pop=9 nodes=[3, 4, 5, 6, 10]
[FWD_TRACE seed=30]       replace_tmax prev=Some(9) new=Some(9)
[FWD_TRACE seed=30]     trf t=18 abund=2.0 first=6 last=17 weak=0 ACCEPT pattern_pop=7 nodes=[6, 10, 14, 17]
[FWD_TRACE seed=30]       replace_tmax prev=Some(9) new=Some(9)
[FWD_TRACE seed=30]     trf t=21 abund=1.0 first=3 last=19 weak=1 ACCEPT pattern_pop=17 nodes=[3, 4, 5, 6, 10, 12, 14, 18]
[FWD_TRACE seed=30]       replace_tmax prev=Some(9) new=Some(9)
[FWD_TRACE seed=30]     trf t=24 abund=1.0 first=5 last=19 weak=0 ACCEPT pattern_pop=15 nodes=[5, 6, 8, 10, 12, 14, 18, 19]
[FWD_TRACE seed=30]       replace_tmax prev=Some(9) new=Some(9)
[FWD_TRACE seed=30]     trf t=25 abund=1.0 first=3 last=18 weak=0 ACCEPT pattern_pop=13 nodes=[3, 5, 6, 10, 12, 14, 18]
[FWD_TRACE seed=30]       replace_tmax prev=Some(9) new=Some(9)
[FWD_TRACE seed=30]     trf t=26 abund=1.0 first=5 last=19 weak=0 ACCEPT pattern_pop=13 nodes=[5, 6, 10, 12, 14, 18, 19]
[FWD_TRACE seed=30]       replace_tmax prev=Some(9) new=Some(9)
[FWD_TRACE seed=30]     trf t=28 abund=1.0 first=3 last=14 weak=0 ACCEPT pattern_pop=9 nodes=[3, 5, 6, 10, 14]
[FWD_TRACE seed=30]       replace_tmax prev=Some(9) new=Some(9)
[FWD_TRACE seed=30]     trf t=29 abund=1.0 first=6 last=14 weak=0 ACCEPT pattern_pop=7 nodes=[6, 10, 12, 14]
[FWD_TRACE seed=30]       replace_tmax prev=Some(9) new=Some(9)
[FWD_TRACE seed=30]     trf t=31 abund=0.5 first=5 last=12 weak=0 ACCEPT pattern_pop=7 nodes=[5, 6, 10, 12]
[FWD_TRACE seed=30]       replace_tmax prev=Some(9) new=Some(9)
[FWD_TRACE seed=30]     trf t=35 abund=1.0 first=5 last=10 weak=0 ACCEPT pattern_pop=5 nodes=[5, 6, 10]
[FWD_TRACE seed=30]       replace_tmax prev=Some(9) new=Some(9)
[TRACE_FWD]   child c=10 coord=80281670-80281929 ntrf=14 childcov=20.5 tchild=Some(9)
[TRACE_FWD]     support_tf=9 first=5 last=14 nodes=5 longstart=80278293 longend=80285080 tf_edge=true tf_sink_edge=false
[FWD_TRACE seed=30]   maxcov_update child=10 childcov=20.4821 prev_maxcov=1.0000 prev_tmax=Some(24) prev_weak=Some(false) cand_tchild=Some(9) cand_weak=Some(false) allow=1
[TRACE_FWD]   CHOSE child c=10 coord=80281670-80281929 maxcov=20.5 tmax=Some(9)
[TRACE_FWD] enter node i=10 coord=80281670-80281929 minpath=0 maxpath=14 nchildren=4 sink_child=true
[TRACE_FWD]   path_edge child=11 coord=80281929-80283589 edge_bit=false child_bit=false sink=false
[TRACE_FWD]   path_edge child=12 coord=80283589-80283698 edge_bit=true child_bit=true sink=false
[TRACE_FWD]   path_edge child=14 coord=80284818-80285085 edge_bit=false child_bit=true sink=false
[TRACE_FWD]   path_edge child=20 coord=0-0 edge_bit=false child_bit=false sink=true
[TRACE_FWD]   edge_bit fast-path: child=12 coord=80283589-80283698
[TRACE_FWD]   CHOSE child c=12 coord=80283589-80283698 maxcov=0.0 tmax=None
[TRACE_FWD] enter node i=12 coord=80283589-80283698 minpath=0 maxpath=14 nchildren=3 sink_child=true
[TRACE_FWD]   path_edge child=13 coord=80283698-80284818 edge_bit=false child_bit=false sink=false
[TRACE_FWD]   path_edge child=14 coord=80284818-80285085 edge_bit=true child_bit=true sink=false
[TRACE_FWD]   path_edge child=20 coord=0-0 edge_bit=false child_bit=false sink=true
[TRACE_FWD]   edge_bit fast-path: child=14 coord=80284818-80285085
[TRACE_FWD]   CHOSE child c=14 coord=80284818-80285085 maxcov=0.0 tmax=None
[TRACE_FWD] enter node i=14 coord=80284818-80285085 minpath=0 maxpath=14 nchildren=5 sink_child=true
[TRACE_FWD]   path_edge child=15 coord=80285085-80285218 edge_bit=false child_bit=false sink=false
[TRACE_FWD]   path_edge child=16 coord=80285218-80285399 edge_bit=false child_bit=false sink=false
[TRACE_FWD]   path_edge child=17 coord=80285533-80286948 edge_bit=false child_bit=false sink=false
[TRACE_FWD]   path_edge child=18 coord=80288350-80288416 edge_bit=false child_bit=false sink=false
[TRACE_FWD]   path_edge child=20 coord=0-0 edge_bit=false child_bit=false sink=true
[TRACE_FWD]   child c=16 coord=80285218-80285399 ntrf=0 childcov=0.0 tchild=None
[FWD_TRACE seed=30]     trf t=8 abund=3.1 first=5 last=17 weak=0 ACCEPT pattern_pop=9 nodes=[5, 6, 10, 14, 17]
[FWD_TRACE seed=30]       replace_tmax prev=None new=Some(8)
[FWD_TRACE seed=30]     trf t=18 abund=2.0 first=6 last=17 weak=0 ACCEPT pattern_pop=7 nodes=[6, 10, 14, 17]
[FWD_TRACE seed=30]       replace_tmax prev=Some(8) new=Some(8)
[FWD_TRACE seed=30]     trf t=32 abund=1.0 first=11 last=17 weak=1 ACCEPT pattern_pop=7 nodes=[11, 12, 14, 17]
[FWD_TRACE seed=30]       replace_tmax prev=Some(8) new=Some(8)
[FWD_TRACE seed=30]     trf t=34 abund=1.0 first=13 last=17 weak=1 ACCEPT pattern_pop=5 nodes=[13, 14, 17]
[FWD_TRACE seed=30]       replace_tmax prev=Some(8) new=Some(8)
[TRACE_FWD]   child c=17 coord=80285533-80286948 ntrf=5 childcov=7.1 tchild=Some(8)
[TRACE_FWD]     support_tf=8 first=5 last=17 nodes=5 longstart=80277049 longend=80285670 tf_edge=true tf_sink_edge=false
[FWD_TRACE seed=30]   maxcov_update child=17 childcov=7.1250 prev_maxcov=0.0000 prev_tmax=None prev_weak=None cand_tchild=Some(8) cand_weak=Some(false) allow=1
[FWD_TRACE seed=30]     trf t=21 abund=1.0 first=3 last=19 weak=1 ACCEPT pattern_pop=17 nodes=[3, 4, 5, 6, 10, 12, 14, 18]
[FWD_TRACE seed=30]       replace_tmax prev=None new=Some(21)
[FWD_TRACE seed=30]     trf t=24 abund=1.0 first=5 last=19 weak=0 ACCEPT pattern_pop=15 nodes=[5, 6, 8, 10, 12, 14, 18, 19]
[FWD_TRACE seed=30]       replace_tmax prev=Some(21) new=Some(24)
[FWD_TRACE seed=30]     trf t=25 abund=1.0 first=3 last=18 weak=0 ACCEPT pattern_pop=13 nodes=[3, 5, 6, 10, 12, 14, 18]
[FWD_TRACE seed=30]       replace_tmax prev=Some(24) new=Some(24)
[FWD_TRACE seed=30]     trf t=26 abund=1.0 first=5 last=19 weak=0 ACCEPT pattern_pop=13 nodes=[5, 6, 10, 12, 14, 18, 19]
[FWD_TRACE seed=30]       replace_tmax prev=Some(24) new=Some(24)
[TRACE_FWD]   child c=18 coord=80288350-80288416 ntrf=4 childcov=4.0 tchild=Some(24)
[TRACE_FWD]     support_tf=24 first=5 last=19 nodes=8 longstart=80278659 longend=0 tf_edge=true tf_sink_edge=false
[ONPATH_SINK_PENULT] penultimate=10 penult_coord=80281670-80281929 maxp=14 maxp_coord=80284818-80285085 contig=false
[TRACE_FWD_SINK_DBG] tf=0 !exact=true req_long=true first<i=true maxp<=i=true last>=c=true onpath_reason=fail:sink_edge_wrong_penultimate
[TRACE_FWD_SINK]   tf=0 first=10 last=20 abundance=4.0000 maxpath=14 i=14 accepted=false
[TRACE_FWD_SINK]   tf=1 first=14 last=20 abundance=7.0000 maxpath=14 i=14 accepted=true
[ONPATH_SINK_PENULT] penultimate=12 penult_coord=80283589-80283698 maxp=14 maxp_coord=80284818-80285085 contig=false
[TRACE_FWD_SINK_DBG] tf=2 !exact=true req_long=true first<i=true maxp<=i=true last>=c=true onpath_reason=fail:sink_edge_wrong_penultimate
[TRACE_FWD_SINK]   tf=2 first=12 last=20 abundance=1.0000 maxpath=14 i=14 accepted=false
[TRACE_FWD_SINK]   tf=45 first=17 last=20 abundance=2.1250 maxpath=14 i=14 accepted=false
[ONPATH_SINK_PENULT] penultimate=2 penult_coord=80275063-80275346 maxp=14 maxp_coord=80284818-80285085 contig=false
[TRACE_FWD_SINK_DBG] tf=50 !exact=true req_long=true first<i=true maxp<=i=true last>=c=true onpath_reason=fail:sink_edge_wrong_penultimate
[TRACE_FWD_SINK]   tf=50 first=2 last=20 abundance=1.0000 maxpath=14 i=14 accepted=false
[ONPATH_SINK_PENULT] penultimate=8 penult_coord=80280746-80280932 maxp=14 maxp_coord=80284818-80285085 contig=false
[TRACE_FWD_SINK_DBG] tf=51 !exact=true req_long=true first<i=true maxp<=i=true last>=c=true onpath_reason=fail:sink_edge_wrong_penultimate
[TRACE_FWD_SINK]   tf=51 first=8 last=20 abundance=1.0000 maxpath=14 i=14 accepted=false
[TRACE_FWD]   child c=20 coord=0-0 ntrf=6 childcov=7.0 tchild=Some(1)
[TRACE_FWD]     support_tf=1 first=14 last=20 nodes=2 longstart=0 longend=0 tf_edge=true tf_sink_edge=true
[TRACE_FWD]   CHOSE child c=17 coord=80285533-80286948 maxcov=7.1 tmax=Some(8)
[TRACE_FWD] enter node i=17 coord=80285533-80286948 minpath=0 maxpath=17 nchildren=1 sink_child=true
[TRACE_FWD]   path_edge child=20 coord=0-0 edge_bit=false child_bit=false sink=true
[ONPATH_SINK_PENULT] penultimate=10 penult_coord=80281670-80281929 maxp=17 maxp_coord=80285533-80286948 contig=false
[TRACE_FWD_SINK_DBG] tf=0 !exact=true req_long=true first<i=true maxp<=i=true last>=c=true onpath_reason=fail:sink_edge_wrong_penultimate
[TRACE_FWD_SINK]   tf=0 first=10 last=20 abundance=4.0000 maxpath=17 i=17 accepted=false
[ONPATH_SINK_PENULT] penultimate=14 penult_coord=80284818-80285085 maxp=17 maxp_coord=80285533-80286948 contig=false
[TRACE_FWD_SINK_DBG] tf=1 !exact=true req_long=true first<i=true maxp<=i=true last>=c=true onpath_reason=fail:sink_edge_wrong_penultimate
[TRACE_FWD_SINK]   tf=1 first=14 last=20 abundance=7.0000 maxpath=17 i=17 accepted=false
[ONPATH_SINK_PENULT] penultimate=12 penult_coord=80283589-80283698 maxp=17 maxp_coord=80285533-80286948 contig=false
[TRACE_FWD_SINK_DBG] tf=2 !exact=true req_long=true first<i=true maxp<=i=true last>=c=true onpath_reason=fail:sink_edge_wrong_penultimate
[TRACE_FWD_SINK]   tf=2 first=12 last=20 abundance=1.0000 maxpath=17 i=17 accepted=false
[TRACE_FWD_SINK]   tf=45 first=17 last=20 abundance=2.1250 maxpath=17 i=17 accepted=true
[ONPATH_SINK_PENULT] penultimate=2 penult_coord=80275063-80275346 maxp=17 maxp_coord=80285533-80286948 contig=false
[TRACE_FWD_SINK_DBG] tf=50 !exact=true req_long=true first<i=true maxp<=i=true last>=c=true onpath_reason=fail:sink_edge_wrong_penultimate
[TRACE_FWD_SINK]   tf=50 first=2 last=20 abundance=1.0000 maxpath=17 i=17 accepted=false
[ONPATH_SINK_PENULT] penultimate=8 penult_coord=80280746-80280932 maxp=17 maxp_coord=80285533-80286948 contig=false
[TRACE_FWD_SINK_DBG] tf=51 !exact=true req_long=true first<i=true maxp<=i=true last>=c=true onpath_reason=fail:sink_edge_wrong_penultimate
[TRACE_FWD_SINK]   tf=51 first=8 last=20 abundance=1.0000 maxpath=17 i=17 accepted=false
[TRACE_FWD]   child c=20 coord=0-0 ntrf=6 childcov=2.1 tchild=Some(45)
[TRACE_FWD]     support_tf=45 first=17 last=20 nodes=2 longstart=0 longend=0 tf_edge=true tf_sink_edge=true
[FWD_TRACE seed=30]   maxcov_update child=20 childcov=2.1250 prev_maxcov=0.0000 prev_tmax=None prev_weak=None cand_tchild=Some(45) cand_weak=Some(false) allow=1
[TRACE_FWD]   CHOSE child c=20 coord=0-0 maxcov=2.1 tmax=Some(45)
--- parse_trflong: fwd_to_sink t=30 result=OK path_len=10 path: 0(0-0) 3(80275346-80276086) 4(80276086-80276728) 5(80276728-80279058) 6(80279367-80279466) 10(80281670-80281929) 12(80283589-80283698) 14(80284818-80285085) 17(80285533-80286948) 20(0-0)
[TRACE_LOCUS] idx=30 abund=0.0 nodes=4 exons=6 span=80275346-80286948 rnodes=80275346-80279466 complete=true seed=true
[TRACE_LOCUS]   → flux=0.0000 cov=0.0000 nodecov_mode=false
[TRACE_CHECKTRF_ADD] t=30 reason=zero_flux saved_abund=0.0000 abund=0.0000 guide=false longstart=80275579 longend=80279451 back=1 fwd=1 flux=0.0000 cov=- tocheck=1 tf_nodes=4 tf_coords=3(80275346-80276086) 4(80276086-80276728) 5(80276728-80279058) 6(80279367-80279466) path_nodes=8 path_coords=3(80275346-80276086) 4(80276086-80276728) 5(80276728-80279058) 6(80279367-80279466) 10(80281670-80281929) 12(80283589-80283698) 14(80284818-80285085) 17(80285533-80286948)
[TRACE_LOCUS]   → ZERO_FLUX checktrf idx=30
[TRACE_EARLY] idx=31 abund=0.5 nodes=4 seed=true weak=0 skip=pass span=80276728-80283698
[TRACE_PAT] stage=seed.raw idx=31 pivot=12 coord=80283589-80283698 node_bit=true pop=7 nchildren=3
[TRACE_PAT]   child=13 coord=80283698-80284818 edge_bit=false child_bit=false sink=false
[TRACE_PAT]   child=14 coord=80284818-80285085 edge_bit=false child_bit=false sink=false
[TRACE_PAT]   child=20 coord=0-0 edge_bit=false child_bit=false sink=true
[TRACE_PAT] stage=seed.after_nodes idx=31 pivot=12 coord=80283589-80283698 node_bit=true pop=7 nchildren=3
[TRACE_PAT]   child=13 coord=80283698-80284818 edge_bit=false child_bit=false sink=false
[TRACE_PAT]   child=14 coord=80284818-80285085 edge_bit=false child_bit=false sink=false
[TRACE_PAT]   child=20 coord=0-0 edge_bit=false child_bit=false sink=true
[TRACE_PAT] stage=seed.after_endcaps idx=31 pivot=12 coord=80283589-80283698 node_bit=true pop=7 nchildren=3
[TRACE_PAT]   child=13 coord=80283698-80284818 edge_bit=false child_bit=false sink=false
[TRACE_PAT]   child=14 coord=80284818-80285085 edge_bit=false child_bit=false sink=false
[TRACE_PAT]   child=20 coord=0-0 edge_bit=false child_bit=false sink=true
[TRACE_SEED] idx=31 abund=0.5 nnodes=4 minp=5 (80276728-80279058) maxp=12 (80283589-80283698) patpop=7
[BACK_TRACE seed=31] enter node i=5 coord=80276728-80279058 minpath=5 maxpath=12 nparents=2 path_len=1
[BACK_TRACE seed=31]     trf t=11 abund=2.7 first=3 last=5 weak=0 ACCEPT pattern_pop=3 nodes=[3, 5]
[BACK_TRACE seed=31]       replace_tmax prev=None new=Some(11)
[BACK_TRACE seed=31]     trf t=12 abund=1.9 first=3 last=10 weak=1 ACCEPT pattern_pop=9 nodes=[3, 4, 5, 6, 10]
[BACK_TRACE seed=31]       replace_tmax prev=Some(11) new=Some(11)
[TRACE_BACK]   parent p=3 coord=80275346-80276086 ntrf=6 depleted=0 skip_notlong=0 parentcov=4.5 tpar=Some(11)
[BACK_TRACE seed=31]   maxcov_update parent=3 parentcov=4.5157 prev_maxcov=0.0000 prev_tmax=None prev_weak=None cand_tpar=Some(11) cand_weak=Some(false) allow=1
[TRACE_BACK]   CHOSE parent p=3 coord=80275346-80276086 maxcov=4.5 tmax=Some(11)
[TRACE_BACK]   PATHPAT_OR via tmax=11 abund=2.6585 first=3 last=5 nodes=3(80275346-80276086) 5(80276728-80279058)
[BACK_TRACE seed=31] enter node i=3 coord=80275346-80276086 minpath=3 maxpath=12 nparents=2 path_len=2
[TRACE_BACK_SOURCE]   tf=38 first=0 last=11 abundance=1.0000 minpath=3 exact=false pure_stub=true alt_parent_cov=0.0000 accepted=false
[TRACE_BACK_SOURCE]   tf=39 first=0 last=2 abundance=1.0000 minpath=3 exact=false pure_stub=true alt_parent_cov=0.0000 accepted=false
[TRACE_BACK_SOURCE]   tf=49 first=0 last=3 abundance=56.6585 minpath=3 exact=true pure_stub=true alt_parent_cov=0.0000 accepted=true
[TRACE_BACK]   parent p=0 coord=0-0 ntrf=4 depleted=0 skip_notlong=0 parentcov=56.7 tpar=Some(49)
[BACK_TRACE seed=31]   maxcov_update parent=0 parentcov=56.6585 prev_maxcov=0.0000 prev_tmax=None prev_weak=None cand_tpar=Some(49) cand_weak=Some(false) allow=1
[TRACE_BACK]   CHOSE parent p=0 coord=0-0 maxcov=56.7 tmax=Some(49)
[TRACE_BACK]   PATHPAT_OR via tmax=49 abund=56.6585 first=0 last=3 nodes=0(0-0) 3(80275346-80276086)
--- parse_trflong: back_to_source t=31 result=OK path_len=2 path: 5(80276728-80279058) 3(80275346-80276086)
[TRACE_FWD] enter node i=5 coord=80276728-80279058 minpath=0 maxpath=12 nchildren=1 sink_child=false
[TRACE_FWD]   path_edge child=6 coord=80279367-80279466 edge_bit=true child_bit=true sink=false
[TRACE_FWD]   fast-path: i+1=6 already on pathpat
[TRACE_FWD]   CHOSE child c=6 coord=80279367-80279466 maxcov=0.0 tmax=None
[TRACE_FWD] enter node i=6 coord=80279367-80279466 minpath=0 maxpath=12 nchildren=2 sink_child=false
[TRACE_FWD]   path_edge child=8 coord=80280746-80280932 edge_bit=false child_bit=false sink=false
[TRACE_FWD]   path_edge child=10 coord=80281670-80281929 edge_bit=true child_bit=true sink=false
[TRACE_FWD]   seed-guided child=10 coord=80281670-80281929 guided=1
[TRACE_FWD]   CHOSE child c=10 coord=80281670-80281929 maxcov=0.0 tmax=None
[TRACE_FWD] enter node i=10 coord=80281670-80281929 minpath=0 maxpath=12 nchildren=4 sink_child=true
[TRACE_FWD]   path_edge child=11 coord=80281929-80283589 edge_bit=false child_bit=false sink=false
[TRACE_FWD]   path_edge child=12 coord=80283589-80283698 edge_bit=true child_bit=true sink=false
[TRACE_FWD]   path_edge child=14 coord=80284818-80285085 edge_bit=false child_bit=false sink=false
[TRACE_FWD]   path_edge child=20 coord=0-0 edge_bit=false child_bit=false sink=true
[TRACE_FWD]   seed-guided child=12 coord=80283589-80283698 guided=1
[TRACE_FWD]   CHOSE child c=12 coord=80283589-80283698 maxcov=0.0 tmax=None
[TRACE_FWD] enter node i=12 coord=80283589-80283698 minpath=0 maxpath=12 nchildren=3 sink_child=true
[TRACE_FWD]   path_edge child=13 coord=80283698-80284818 edge_bit=false child_bit=false sink=false
[TRACE_FWD]   path_edge child=14 coord=80284818-80285085 edge_bit=false child_bit=false sink=false
[TRACE_FWD]   path_edge child=20 coord=0-0 edge_bit=false child_bit=false sink=true
[FWD_TRACE seed=31]     trf t=8 abund=3.1 first=5 last=17 weak=0 ACCEPT pattern_pop=9 nodes=[5, 6, 10, 14, 17]
[FWD_TRACE seed=31]       replace_tmax prev=None new=Some(8)
[FWD_TRACE seed=31]     trf t=9 abund=6.0 first=5 last=14 weak=0 ACCEPT pattern_pop=9 nodes=[5, 6, 10, 12, 14]
[FWD_TRACE seed=31]       replace_tmax prev=Some(8) new=Some(9)
[FWD_TRACE seed=31]     trf t=18 abund=2.0 first=6 last=17 weak=0 ACCEPT pattern_pop=7 nodes=[6, 10, 14, 17]
[FWD_TRACE seed=31]       replace_tmax prev=Some(9) new=Some(9)
[FWD_TRACE seed=31]     trf t=21 abund=1.0 first=3 last=19 weak=1 ACCEPT pattern_pop=17 nodes=[3, 4, 5, 6, 10, 12, 14, 18]
[FWD_TRACE seed=31]       replace_tmax prev=Some(9) new=Some(9)
[FWD_TRACE seed=31]     trf t=24 abund=1.0 first=5 last=19 weak=0 ACCEPT pattern_pop=15 nodes=[5, 6, 8, 10, 12, 14, 18, 19]
[FWD_TRACE seed=31]       replace_tmax prev=Some(9) new=Some(9)
[FWD_TRACE seed=31]     trf t=25 abund=1.0 first=3 last=18 weak=0 ACCEPT pattern_pop=13 nodes=[3, 5, 6, 10, 12, 14, 18]
[FWD_TRACE seed=31]       replace_tmax prev=Some(9) new=Some(9)
[FWD_TRACE seed=31]     trf t=26 abund=1.0 first=5 last=19 weak=0 ACCEPT pattern_pop=13 nodes=[5, 6, 10, 12, 14, 18, 19]
[FWD_TRACE seed=31]       replace_tmax prev=Some(9) new=Some(9)
[FWD_TRACE seed=31]     trf t=28 abund=1.0 first=3 last=14 weak=0 ACCEPT pattern_pop=9 nodes=[3, 5, 6, 10, 14]
[FWD_TRACE seed=31]       replace_tmax prev=Some(9) new=Some(9)
[FWD_TRACE seed=31]     trf t=29 abund=1.0 first=6 last=14 weak=0 ACCEPT pattern_pop=7 nodes=[6, 10, 12, 14]
[FWD_TRACE seed=31]       replace_tmax prev=Some(9) new=Some(9)
[FWD_TRACE seed=31]     trf t=32 abund=1.0 first=11 last=17 weak=1 ACCEPT pattern_pop=7 nodes=[11, 12, 14, 17]
[FWD_TRACE seed=31]       replace_tmax prev=Some(9) new=Some(9)
[TRACE_FWD]   child c=14 coord=80284818-80285085 ntrf=12 childcov=18.1 tchild=Some(9)
[TRACE_FWD]     support_tf=9 first=5 last=14 nodes=5 longstart=80278293 longend=80285080 tf_edge=true tf_sink_edge=false
[FWD_TRACE seed=31]   maxcov_update child=14 childcov=18.1250 prev_maxcov=0.0000 prev_tmax=None prev_weak=None cand_tchild=Some(9) cand_weak=Some(false) allow=1
[ONPATH_SINK_PENULT] penultimate=10 penult_coord=80281670-80281929 maxp=12 maxp_coord=80283589-80283698 contig=false
[TRACE_FWD_SINK_DBG] tf=0 !exact=true req_long=true first<i=true maxp<=i=true last>=c=true onpath_reason=fail:sink_edge_wrong_penultimate
[TRACE_FWD_SINK]   tf=0 first=10 last=20 abundance=4.0000 maxpath=12 i=12 accepted=false
[TRACE_FWD_SINK]   tf=1 first=14 last=20 abundance=7.0000 maxpath=12 i=12 accepted=false
[TRACE_FWD_SINK]   tf=2 first=12 last=20 abundance=1.0000 maxpath=12 i=12 accepted=true
[TRACE_FWD_SINK]   tf=45 first=17 last=20 abundance=2.1250 maxpath=12 i=12 accepted=false
[ONPATH_SINK_PENULT] penultimate=2 penult_coord=80275063-80275346 maxp=12 maxp_coord=80283589-80283698 contig=false
[TRACE_FWD_SINK_DBG] tf=50 !exact=true req_long=true first<i=true maxp<=i=true last>=c=true onpath_reason=fail:sink_edge_wrong_penultimate
[TRACE_FWD_SINK]   tf=50 first=2 last=20 abundance=1.0000 maxpath=12 i=12 accepted=false
[ONPATH_SINK_PENULT] penultimate=8 penult_coord=80280746-80280932 maxp=12 maxp_coord=80283589-80283698 contig=false
[TRACE_FWD_SINK_DBG] tf=51 !exact=true req_long=true first<i=true maxp<=i=true last>=c=true onpath_reason=fail:sink_edge_wrong_penultimate
[TRACE_FWD_SINK]   tf=51 first=8 last=20 abundance=1.0000 maxpath=12 i=12 accepted=false
[TRACE_FWD]   child c=20 coord=0-0 ntrf=6 childcov=1.0 tchild=Some(2)
[TRACE_FWD]     support_tf=2 first=12 last=20 nodes=2 longstart=0 longend=0 tf_edge=true tf_sink_edge=true
[TRACE_FWD]   CHOSE child c=14 coord=80284818-80285085 maxcov=18.1 tmax=Some(9)
[TRACE_FWD] enter node i=14 coord=80284818-80285085 minpath=0 maxpath=14 nchildren=5 sink_child=true
[TRACE_FWD]   path_edge child=15 coord=80285085-80285218 edge_bit=false child_bit=false sink=false
[TRACE_FWD]   path_edge child=16 coord=80285218-80285399 edge_bit=false child_bit=false sink=false
[TRACE_FWD]   path_edge child=17 coord=80285533-80286948 edge_bit=false child_bit=false sink=false
[TRACE_FWD]   path_edge child=18 coord=80288350-80288416 edge_bit=false child_bit=false sink=false
[TRACE_FWD]   path_edge child=20 coord=0-0 edge_bit=false child_bit=false sink=true
[TRACE_FWD]   child c=16 coord=80285218-80285399 ntrf=0 childcov=0.0 tchild=None
[FWD_TRACE seed=31]     trf t=8 abund=3.1 first=5 last=17 weak=0 ACCEPT pattern_pop=9 nodes=[5, 6, 10, 14, 17]
[FWD_TRACE seed=31]       replace_tmax prev=None new=Some(8)
[FWD_TRACE seed=31]     trf t=18 abund=2.0 first=6 last=17 weak=0 ACCEPT pattern_pop=7 nodes=[6, 10, 14, 17]
[FWD_TRACE seed=31]       replace_tmax prev=Some(8) new=Some(8)
[FWD_TRACE seed=31]     trf t=32 abund=1.0 first=11 last=17 weak=1 ACCEPT pattern_pop=7 nodes=[11, 12, 14, 17]
[FWD_TRACE seed=31]       replace_tmax prev=Some(8) new=Some(8)
[FWD_TRACE seed=31]     trf t=34 abund=1.0 first=13 last=17 weak=1 ACCEPT pattern_pop=5 nodes=[13, 14, 17]
[FWD_TRACE seed=31]       replace_tmax prev=Some(8) new=Some(8)
[TRACE_FWD]   child c=17 coord=80285533-80286948 ntrf=5 childcov=7.1 tchild=Some(8)
[TRACE_FWD]     support_tf=8 first=5 last=17 nodes=5 longstart=80277049 longend=80285670 tf_edge=true tf_sink_edge=false
[FWD_TRACE seed=31]   maxcov_update child=17 childcov=7.1250 prev_maxcov=0.0000 prev_tmax=None prev_weak=None cand_tchild=Some(8) cand_weak=Some(false) allow=1
[FWD_TRACE seed=31]     trf t=21 abund=1.0 first=3 last=19 weak=1 ACCEPT pattern_pop=17 nodes=[3, 4, 5, 6, 10, 12, 14, 18]
[FWD_TRACE seed=31]       replace_tmax prev=None new=Some(21)
[FWD_TRACE seed=31]     trf t=24 abund=1.0 first=5 last=19 weak=0 ACCEPT pattern_pop=15 nodes=[5, 6, 8, 10, 12, 14, 18, 19]
[FWD_TRACE seed=31]       replace_tmax prev=Some(21) new=Some(24)
[FWD_TRACE seed=31]     trf t=25 abund=1.0 first=3 last=18 weak=0 ACCEPT pattern_pop=13 nodes=[3, 5, 6, 10, 12, 14, 18]
[FWD_TRACE seed=31]       replace_tmax prev=Some(24) new=Some(24)
[FWD_TRACE seed=31]     trf t=26 abund=1.0 first=5 last=19 weak=0 ACCEPT pattern_pop=13 nodes=[5, 6, 10, 12, 14, 18, 19]
[FWD_TRACE seed=31]       replace_tmax prev=Some(24) new=Some(24)
[TRACE_FWD]   child c=18 coord=80288350-80288416 ntrf=4 childcov=4.0 tchild=Some(24)
[TRACE_FWD]     support_tf=24 first=5 last=19 nodes=8 longstart=80278659 longend=0 tf_edge=true tf_sink_edge=false
[ONPATH_SINK_PENULT] penultimate=10 penult_coord=80281670-80281929 maxp=14 maxp_coord=80284818-80285085 contig=false
[TRACE_FWD_SINK_DBG] tf=0 !exact=true req_long=true first<i=true maxp<=i=true last>=c=true onpath_reason=fail:sink_edge_wrong_penultimate
[TRACE_FWD_SINK]   tf=0 first=10 last=20 abundance=4.0000 maxpath=14 i=14 accepted=false
[TRACE_FWD_SINK]   tf=1 first=14 last=20 abundance=7.0000 maxpath=14 i=14 accepted=true
[ONPATH_SINK_PENULT] penultimate=12 penult_coord=80283589-80283698 maxp=14 maxp_coord=80284818-80285085 contig=false
[TRACE_FWD_SINK_DBG] tf=2 !exact=true req_long=true first<i=true maxp<=i=true last>=c=true onpath_reason=fail:sink_edge_wrong_penultimate
[TRACE_FWD_SINK]   tf=2 first=12 last=20 abundance=1.0000 maxpath=14 i=14 accepted=false
[TRACE_FWD_SINK]   tf=45 first=17 last=20 abundance=2.1250 maxpath=14 i=14 accepted=false
[ONPATH_SINK_PENULT] penultimate=2 penult_coord=80275063-80275346 maxp=14 maxp_coord=80284818-80285085 contig=false
[TRACE_FWD_SINK_DBG] tf=50 !exact=true req_long=true first<i=true maxp<=i=true last>=c=true onpath_reason=fail:sink_edge_wrong_penultimate
[TRACE_FWD_SINK]   tf=50 first=2 last=20 abundance=1.0000 maxpath=14 i=14 accepted=false
[ONPATH_SINK_PENULT] penultimate=8 penult_coord=80280746-80280932 maxp=14 maxp_coord=80284818-80285085 contig=false
[TRACE_FWD_SINK_DBG] tf=51 !exact=true req_long=true first<i=true maxp<=i=true last>=c=true onpath_reason=fail:sink_edge_wrong_penultimate
[TRACE_FWD_SINK]   tf=51 first=8 last=20 abundance=1.0000 maxpath=14 i=14 accepted=false
[TRACE_FWD]   child c=20 coord=0-0 ntrf=6 childcov=7.0 tchild=Some(1)
[TRACE_FWD]     support_tf=1 first=14 last=20 nodes=2 longstart=0 longend=0 tf_edge=true tf_sink_edge=true
[TRACE_FWD]   CHOSE child c=17 coord=80285533-80286948 maxcov=7.1 tmax=Some(8)
[TRACE_FWD] enter node i=17 coord=80285533-80286948 minpath=0 maxpath=17 nchildren=1 sink_child=true
[TRACE_FWD]   path_edge child=20 coord=0-0 edge_bit=false child_bit=false sink=true
[ONPATH_SINK_PENULT] penultimate=10 penult_coord=80281670-80281929 maxp=17 maxp_coord=80285533-80286948 contig=false
[TRACE_FWD_SINK_DBG] tf=0 !exact=true req_long=true first<i=true maxp<=i=true last>=c=true onpath_reason=fail:sink_edge_wrong_penultimate
[TRACE_FWD_SINK]   tf=0 first=10 last=20 abundance=4.0000 maxpath=17 i=17 accepted=false
[ONPATH_SINK_PENULT] penultimate=14 penult_coord=80284818-80285085 maxp=17 maxp_coord=80285533-80286948 contig=false
[TRACE_FWD_SINK_DBG] tf=1 !exact=true req_long=true first<i=true maxp<=i=true last>=c=true onpath_reason=fail:sink_edge_wrong_penultimate
[TRACE_FWD_SINK]   tf=1 first=14 last=20 abundance=7.0000 maxpath=17 i=17 accepted=false
[ONPATH_SINK_PENULT] penultimate=12 penult_coord=80283589-80283698 maxp=17 maxp_coord=80285533-80286948 contig=false
[TRACE_FWD_SINK_DBG] tf=2 !exact=true req_long=true first<i=true maxp<=i=true last>=c=true onpath_reason=fail:sink_edge_wrong_penultimate
[TRACE_FWD_SINK]   tf=2 first=12 last=20 abundance=1.0000 maxpath=17 i=17 accepted=false
[TRACE_FWD_SINK]   tf=45 first=17 last=20 abundance=2.1250 maxpath=17 i=17 accepted=true
[ONPATH_SINK_PENULT] penultimate=2 penult_coord=80275063-80275346 maxp=17 maxp_coord=80285533-80286948 contig=false
[TRACE_FWD_SINK_DBG] tf=50 !exact=true req_long=true first<i=true maxp<=i=true last>=c=true onpath_reason=fail:sink_edge_wrong_penultimate
[TRACE_FWD_SINK]   tf=50 first=2 last=20 abundance=1.0000 maxpath=17 i=17 accepted=false
[ONPATH_SINK_PENULT] penultimate=8 penult_coord=80280746-80280932 maxp=17 maxp_coord=80285533-80286948 contig=false
[TRACE_FWD_SINK_DBG] tf=51 !exact=true req_long=true first<i=true maxp<=i=true last>=c=true onpath_reason=fail:sink_edge_wrong_penultimate
[TRACE_FWD_SINK]   tf=51 first=8 last=20 abundance=1.0000 maxpath=17 i=17 accepted=false
[TRACE_FWD]   child c=20 coord=0-0 ntrf=6 childcov=2.1 tchild=Some(45)
[TRACE_FWD]     support_tf=45 first=17 last=20 nodes=2 longstart=0 longend=0 tf_edge=true tf_sink_edge=true
[FWD_TRACE seed=31]   maxcov_update child=20 childcov=2.1250 prev_maxcov=0.0000 prev_tmax=None prev_weak=None cand_tchild=Some(45) cand_weak=Some(false) allow=1
[TRACE_FWD]   CHOSE child c=20 coord=0-0 maxcov=2.1 tmax=Some(45)
--- parse_trflong: fwd_to_sink t=31 result=OK path_len=9 path: 0(0-0) 3(80275346-80276086) 5(80276728-80279058) 6(80279367-80279466) 10(80281670-80281929) 12(80283589-80283698) 14(80284818-80285085) 17(80285533-80286948) 20(0-0)
[TRACE_LOCUS] idx=31 abund=0.5 nodes=4 exons=7 span=80275346-80286948 rnodes=80276728-80283698 complete=true seed=true
[TRACE_LOCUS]   → flux=0.0000 cov=0.5000 nodecov_mode=false
[TRACE_CHECKTRF_ADD] t=31 reason=zero_flux saved_abund=0.5000 abund=0.5000 guide=false longstart=80278671 longend=0 back=1 fwd=1 flux=0.0000 cov=- tocheck=1 tf_nodes=4 tf_coords=5(80276728-80279058) 6(80279367-80279466) 10(80281670-80281929) 12(80283589-80283698) path_nodes=7 path_coords=3(80275346-80276086) 5(80276728-80279058) 6(80279367-80279466) 10(80281670-80281929) 12(80283589-80283698) 14(80284818-80285085) 17(80285533-80286948)
[TRACE_LOCUS]   → ZERO_FLUX checktrf idx=31
[TRACE_CHECKTRF_CAND] t=9 abund=6.0000 guide=false nodes=5 passes=1
[TRACE_CHECKTRF_IN] t=9 abund=6.0000 guide=false longstart=80278293 longend=80285080 tf_nodes=5 coords=5(80276728-80279058) 6(80279367-80279466) 10(80281670-80281929) 12(80283589-80283698) 14(80284818-80285085)
[TRACE_CHECKTRF_KEEPSET] t=9 keeptrf=11
[TRACE_CHECKTRF_KEEP] t=9 k=0 keep_cov=38.1422 guide=false out_idx=0 tx_cov=38.1422 nodes=3(80275346-80276086) 4(80276086-80276728) 5(80276728-80279058) 6(80279367-80279466) 10(80281670-80281929) 12(80283589-80283698) 14(80284818-80285085) 17(80285533-80286948) exons=80275346-80279058,80279367-80279466,80281670-80281929,80283589-80283698,80284818-80285085,80285533-80286948
[TRACE_CHECKTRF_KEEP] t=9 k=1 keep_cov=4.5196 guide=false out_idx=1 tx_cov=4.5196 nodes=3(80275346-80276086) 4(80276086-80276728) 5(80276728-80279058) 6(80279367-80279466) 10(80281670-80281929) 14(80284818-80285085) 17(80285533-80286948) exons=80275346-80279058,80279367-80279466,80281670-80281929,80284818-80285085,80285533-80286948
[TRACE_CHECKTRF_KEEP] t=9 k=2 keep_cov=2.9038 guide=false out_idx=2 tx_cov=2.9038 nodes=3(80275346-80276086) 4(80276086-80276728) 5(80276728-80279058) 6(80279367-80279466) 8(80280746-80280932) 10(80281670-80281929) 12(80283589-80283698) 14(80284818-80285085) 17(80285533-80286948) exons=80275346-80279058,80279367-80279466,80280746-80280932,80281670-80281929,80283589-80283698,80284818-80285085,80285533-80286948
[TRACE_CHECKTRF_KEEP] t=9 k=3 keep_cov=1.1069 guide=false out_idx=3 tx_cov=1.1069 nodes=3(80275346-80276086) 5(80276728-80279058) 6(80279367-80279466) 10(80281670-80281929) 12(80283589-80283698) 14(80284818-80285085) 17(80285533-80286948) exons=80275346-80276086,80276728-80279058,80279367-80279466,80281670-80281929,80283589-80283698,80284818-80285085,80285533-80286948
[TRACE_CHECKTRF_KEEP] t=9 k=4 keep_cov=0.7253 guide=false out_idx=4 tx_cov=0.7253 nodes=3(80275346-80276086) 4(80276086-80276728) 5(80276728-80279058) 6(80279367-80279466) 10(80281670-80281929) 12(80283589-80283698) 14(80284818-80285085) 15(80285085-80285218) 16(80285218-80285399) exons=80275346-80279058,80279367-80279466,80281670-80281929,80283589-80283698,80284818-80285399
[TRACE_CHECKTRF_KEEP] t=9 k=5 keep_cov=0.5798 guide=false out_idx=5 tx_cov=0.5798 nodes=2(80275063-80275346) 3(80275346-80276086) 4(80276086-80276728) 5(80276728-80279058) 6(80279367-80279466) 10(80281670-80281929) 14(80284818-80285085) 17(80285533-80286948) exons=80275063-80279058,80279367-80279466,80281670-80281929,80284818-80285085,80285533-80286948
[TRACE_CHECKTRF_KEEP] t=9 k=6 keep_cov=0.7017 guide=false out_idx=6 tx_cov=0.7017 nodes=7(80279472-80280746) 8(80280746-80280932) 9(80280932-80281670) 10(80281670-80281929) 12(80283589-80283698) 14(80284818-80285085) 17(80285533-80286948) exons=80279472-80281929,80283589-80283698,80284818-80285085,80285533-80286948
[TRACE_CHECKTRF_KEEP] t=9 k=7 keep_cov=0.5411 guide=false out_idx=7 tx_cov=0.5411 nodes=3(80275346-80276086) 5(80276728-80279058) 6(80279367-80279466) 8(80280746-80280932) 10(80281670-80281929) 12(80283589-80283698) 13(80283698-80284818) 14(80284818-80285085) 17(80285533-80286948) exons=80275346-80276086,80276728-80279058,80279367-80279466,80280746-80280932,80281670-80281929,80283589-80285085,80285533-80286948
[TRACE_CHECKTRF_KEEP] t=9 k=8 keep_cov=3.2913 guide=false out_idx=8 tx_cov=3.2913 nodes=3(80275346-80276086) 5(80276728-80279058) 6(80279367-80279466) 8(80280746-80280932) 10(80281670-80281929) 12(80283589-80283698) 14(80284818-80285085) 17(80285533-80286948) exons=80275346-80276086,80276728-80279058,80279367-80279466,80280746-80280932,80281670-80281929,80283589-80283698,80284818-80285085,80285533-80286948
[TRACE_CHECKTRF_KEEP] t=9 k=9 keep_cov=1.2054 guide=false out_idx=9 tx_cov=1.2054 nodes=3(80275346-80276086) 5(80276728-80279058) 6(80279367-80279466) 10(80281670-80281929) 12(80283589-80283698) 14(80284818-80285085) 15(80285085-80285218) 16(80285218-80285399) exons=80275346-80276086,80276728-80279058,80279367-80279466,80281670-80281929,80283589-80283698,80284818-80285399
[TRACE_CHECKTRF_KEEP] t=9 k=10 keep_cov=1.1786 guide=false out_idx=10 tx_cov=1.1786 nodes=3(80275346-80276086) 5(80276728-80279058) 6(80279367-80279466) 10(80281670-80281929) 12(80283589-80283698) 14(80284818-80285085) 16(80285218-80285399) exons=80275346-80276086,80276728-80279058,80279367-80279466,80281670-80281929,80283589-80283698,80284818-80285085,80285218-80285399
[TRACE_BTM] t=9 guide_only=false tf_nodes=[5, 6, 10, 12, 14] id_nonmono=false
[TRACE_BTM] t=9 k=0 keep_nodes=[3, 4, 5, 6, 10, 12, 14, 17] guide=false keep_cov=38.1422 id_nonmono=false
[TRACE_BTM] t=9 k=0 score intersect=3064 internaldist=0 flank=0 maxintersect=0 mininternaldist=2305843009213693951 minflank=2305843009213693951
[TRACE_BTM] t=9 after k=0 tmatch=[0] abundancesum=38.1422
[TRACE_BTM] t=9 k=1 keep_nodes=[3, 4, 5, 6, 10, 14, 17] guide=false keep_cov=4.5196 id_nonmono=false
[TRACE_BTM] t=9 k=1 reject intersect=2955 internaldist=109 flank=0
[TRACE_BTM] t=9 k=2 keep_nodes=[3, 4, 5, 6, 8, 10, 12, 14, 17] guide=false keep_cov=2.9038 id_nonmono=false
[TRACE_BTM] t=9 k=2 reject intersect=2429 internaldist=635 flank=0
[TRACE_BTM] t=9 k=3 keep_nodes=[3, 5, 6, 10, 12, 14, 17] guide=false keep_cov=1.1069 id_nonmono=false
[TRACE_BTM] t=9 k=3 score intersect=3064 internaldist=0 flank=0 maxintersect=3064 mininternaldist=0 minflank=0
[TRACE_BTM] t=9 after k=3 tmatch=[0, 3] abundancesum=39.2490
[TRACE_BTM] t=9 k=4 keep_nodes=[3, 4, 5, 6, 10, 12, 14, 15, 16] guide=false keep_cov=0.7253 id_nonmono=false
[TRACE_BTM] t=9 k=4 score intersect=3064 internaldist=0 flank=0 maxintersect=3064 mininternaldist=0 minflank=0
[TRACE_BTM] t=9 after k=4 tmatch=[0, 3, 4] abundancesum=39.9743
[TRACE_BTM] t=9 k=5 keep_nodes=[2, 3, 4, 5, 6, 10, 14, 17] guide=false keep_cov=0.5798 id_nonmono=false
[TRACE_BTM] t=9 k=5 reject intersect=2955 internaldist=109 flank=0
[TRACE_BTM] t=9 k=6 keep_nodes=[7, 8, 9, 10, 12, 14, 17] guide=false keep_cov=0.7017 id_nonmono=false
[TRACE_BTM] t=9 k=7 keep_nodes=[3, 5, 6, 8, 10, 12, 13, 14, 17] guide=false keep_cov=0.5411 id_nonmono=false
[TRACE_BTM] t=9 k=7 reject intersect=2429 internaldist=635 flank=0
[TRACE_BTM] t=9 k=8 keep_nodes=[3, 5, 6, 8, 10, 12, 14, 17] guide=false keep_cov=3.2913 id_nonmono=false
[TRACE_BTM] t=9 k=8 reject intersect=2429 internaldist=635 flank=0
[TRACE_BTM] t=9 k=9 keep_nodes=[3, 5, 6, 10, 12, 14, 15, 16] guide=false keep_cov=1.2054 id_nonmono=false
[TRACE_BTM] t=9 k=9 score intersect=3064 internaldist=0 flank=0 maxintersect=3064 mininternaldist=0 minflank=0
[TRACE_BTM] t=9 after k=9 tmatch=[0, 3, 4, 9] abundancesum=41.1797
[TRACE_BTM] t=9 k=10 keep_nodes=[3, 5, 6, 10, 12, 14, 16] guide=false keep_cov=1.1786 id_nonmono=false
[TRACE_BTM] t=9 k=10 score intersect=3064 internaldist=0 flank=0 maxintersect=3064 mininternaldist=0 minflank=0
[TRACE_BTM] t=9 after k=10 tmatch=[0, 3, 4, 9, 10] abundancesum=42.3583
[TRACE_CHECKTRF] t=9 MATCHED to kept_paths=[0, 3, 4, 9, 10] abundsum=42.3583 abund=6.0000
[TRACE_CHECKTRF_OUT] t=9 mode=matched kept_paths=[0, 3, 4, 9, 10] abundsum=42.3583
[TRACE_CHECKTRF_OUT_KEEP] t=9 k=0 keep_cov=38.1422 guide=false out_idx=0 tx_cov=38.1422 nodes=3(80275346-80276086) 4(80276086-80276728) 5(80276728-80279058) 6(80279367-80279466) 10(80281670-80281929) 12(80283589-80283698) 14(80284818-80285085) 17(80285533-80286948) exons=80275346-80279058,80279367-80279466,80281670-80281929,80283589-80283698,80284818-80285085,80285533-80286948
[TRACE_CHECKTRF_OUT_KEEP] t=9 k=3 keep_cov=1.1069 guide=false out_idx=3 tx_cov=1.1069 nodes=3(80275346-80276086) 5(80276728-80279058) 6(80279367-80279466) 10(80281670-80281929) 12(80283589-80283698) 14(80284818-80285085) 17(80285533-80286948) exons=80275346-80276086,80276728-80279058,80279367-80279466,80281670-80281929,80283589-80283698,80284818-80285085,80285533-80286948
[TRACE_CHECKTRF_OUT_KEEP] t=9 k=4 keep_cov=0.7253 guide=false out_idx=4 tx_cov=0.7253 nodes=3(80275346-80276086) 4(80276086-80276728) 5(80276728-80279058) 6(80279367-80279466) 10(80281670-80281929) 12(80283589-80283698) 14(80284818-80285085) 15(80285085-80285218) 16(80285218-80285399) exons=80275346-80279058,80279367-80279466,80281670-80281929,80283589-80283698,80284818-80285399
[TRACE_CHECKTRF_OUT_KEEP] t=9 k=9 keep_cov=1.2054 guide=false out_idx=9 tx_cov=1.2054 nodes=3(80275346-80276086) 5(80276728-80279058) 6(80279367-80279466) 10(80281670-80281929) 12(80283589-80283698) 14(80284818-80285085) 15(80285085-80285218) 16(80285218-80285399) exons=80275346-80276086,80276728-80279058,80279367-80279466,80281670-80281929,80283589-80283698,80284818-80285399
[TRACE_CHECKTRF_OUT_KEEP] t=9 k=10 keep_cov=1.1786 guide=false out_idx=10 tx_cov=1.1786 nodes=3(80275346-80276086) 5(80276728-80279058) 6(80279367-80279466) 10(80281670-80281929) 12(80283589-80283698) 14(80284818-80285085) 16(80285218-80285399) exons=80275346-80276086,80276728-80279058,80279367-80279466,80281670-80281929,80283589-80283698,80284818-80285085,80285218-80285399
[TRACE_ABUND] stage=checktrf_redistribute t=9 keep=0 keep_support=38.1422 abundsum=42.3583 tf_abund=6.0000 assigned=5.4028
[TRACE_ABUND] stage=checktrf_redistribute t=9 keep=3 keep_support=1.1069 abundsum=42.3583 tf_abund=6.0000 assigned=0.1568
[TRACE_ABUND] stage=checktrf_redistribute t=9 keep=4 keep_support=0.7253 abundsum=42.3583 tf_abund=6.0000 assigned=0.1027
[TRACE_ABUND] stage=checktrf_redistribute t=9 keep=9 keep_support=1.2054 abundsum=42.3583 tf_abund=6.0000 assigned=0.1707
[TRACE_ABUND] stage=checktrf_redistribute t=9 keep=10 keep_support=1.1786 abundsum=42.3583 tf_abund=6.0000 assigned=0.1669
[TRACE_ABUND] stage=checktrf_matched_before_zero t=9 abund=6.0000 read_count=6.0000 guide=false nodes=5 detail=matched_paths=[0, 3, 4, 9, 10] abundsum=42.3583
[TRACE_ABUND] stage=checktrf_matched_after_zero t=9 abund=0.0000 read_count=6.0000 guide=false nodes=5 detail=matched_paths=[0, 3, 4, 9, 10]
[TRACE_CHECKTRF_CAND] t=11 abund=2.6585 guide=false nodes=2 passes=1
[TRACE_CHECKTRF_IN] t=11 abund=2.6585 guide=false longstart=80275346 longend=80278203 tf_nodes=2 coords=3(80275346-80276086) 5(80276728-80279058)
[TRACE_CHECKTRF_KEEPSET] t=11 keeptrf=11
[TRACE_CHECKTRF_KEEP] t=11 k=0 keep_cov=38.1422 guide=false out_idx=0 tx_cov=39.5194 nodes=3(80275346-80276086) 4(80276086-80276728) 5(80276728-80279058) 6(80279367-80279466) 10(80281670-80281929) 12(80283589-80283698) 14(80284818-80285085) 17(80285533-80286948) exons=80275346-80279058,80279367-80279466,80281670-80281929,80283589-80283698,80284818-80285085,80285533-80286948
[TRACE_CHECKTRF_KEEP] t=11 k=1 keep_cov=4.5196 guide=false out_idx=1 tx_cov=4.5196 nodes=3(80275346-80276086) 4(80276086-80276728) 5(80276728-80279058) 6(80279367-80279466) 10(80281670-80281929) 14(80284818-80285085) 17(80285533-80286948) exons=80275346-80279058,80279367-80279466,80281670-80281929,80284818-80285085,80285533-80286948
[TRACE_CHECKTRF_KEEP] t=11 k=2 keep_cov=2.9038 guide=false out_idx=2 tx_cov=2.9038 nodes=3(80275346-80276086) 4(80276086-80276728) 5(80276728-80279058) 6(80279367-80279466) 8(80280746-80280932) 10(80281670-80281929) 12(80283589-80283698) 14(80284818-80285085) 17(80285533-80286948) exons=80275346-80279058,80279367-80279466,80280746-80280932,80281670-80281929,80283589-80283698,80284818-80285085,80285533-80286948
[TRACE_CHECKTRF_KEEP] t=11 k=3 keep_cov=1.1069 guide=false out_idx=3 tx_cov=1.1517 nodes=3(80275346-80276086) 5(80276728-80279058) 6(80279367-80279466) 10(80281670-80281929) 12(80283589-80283698) 14(80284818-80285085) 17(80285533-80286948) exons=80275346-80276086,80276728-80279058,80279367-80279466,80281670-80281929,80283589-80283698,80284818-80285085,80285533-80286948
[TRACE_CHECKTRF_KEEP] t=11 k=4 keep_cov=0.7253 guide=false out_idx=4 tx_cov=0.7575 nodes=3(80275346-80276086) 4(80276086-80276728) 5(80276728-80279058) 6(80279367-80279466) 10(80281670-80281929) 12(80283589-80283698) 14(80284818-80285085) 15(80285085-80285218) 16(80285218-80285399) exons=80275346-80279058,80279367-80279466,80281670-80281929,80283589-80283698,80284818-80285399
[TRACE_CHECKTRF_KEEP] t=11 k=5 keep_cov=0.5798 guide=false out_idx=5 tx_cov=0.5798 nodes=2(80275063-80275346) 3(80275346-80276086) 4(80276086-80276728) 5(80276728-80279058) 6(80279367-80279466) 10(80281670-80281929) 14(80284818-80285085) 17(80285533-80286948) exons=80275063-80279058,80279367-80279466,80281670-80281929,80284818-80285085,80285533-80286948
[TRACE_CHECKTRF_KEEP] t=11 k=6 keep_cov=0.7017 guide=false out_idx=6 tx_cov=0.7017 nodes=7(80279472-80280746) 8(80280746-80280932) 9(80280932-80281670) 10(80281670-80281929) 12(80283589-80283698) 14(80284818-80285085) 17(80285533-80286948) exons=80279472-80281929,80283589-80283698,80284818-80285085,80285533-80286948
[TRACE_CHECKTRF_KEEP] t=11 k=7 keep_cov=0.5411 guide=false out_idx=7 tx_cov=0.5411 nodes=3(80275346-80276086) 5(80276728-80279058) 6(80279367-80279466) 8(80280746-80280932) 10(80281670-80281929) 12(80283589-80283698) 13(80283698-80284818) 14(80284818-80285085) 17(80285533-80286948) exons=80275346-80276086,80276728-80279058,80279367-80279466,80280746-80280932,80281670-80281929,80283589-80285085,80285533-80286948
[TRACE_CHECKTRF_KEEP] t=11 k=8 keep_cov=3.2913 guide=false out_idx=8 tx_cov=3.2913 nodes=3(80275346-80276086) 5(80276728-80279058) 6(80279367-80279466) 8(80280746-80280932) 10(80281670-80281929) 12(80283589-80283698) 14(80284818-80285085) 17(80285533-80286948) exons=80275346-80276086,80276728-80279058,80279367-80279466,80280746-80280932,80281670-80281929,80283589-80283698,80284818-80285085,80285533-80286948
[TRACE_CHECKTRF_KEEP] t=11 k=9 keep_cov=1.2054 guide=false out_idx=9 tx_cov=1.2674 nodes=3(80275346-80276086) 5(80276728-80279058) 6(80279367-80279466) 10(80281670-80281929) 12(80283589-80283698) 14(80284818-80285085) 15(80285085-80285218) 16(80285218-80285399) exons=80275346-80276086,80276728-80279058,80279367-80279466,80281670-80281929,80283589-80283698,80284818-80285399
[TRACE_CHECKTRF_KEEP] t=11 k=10 keep_cov=1.1786 guide=false out_idx=10 tx_cov=1.2411 nodes=3(80275346-80276086) 5(80276728-80279058) 6(80279367-80279466) 10(80281670-80281929) 12(80283589-80283698) 14(80284818-80285085) 16(80285218-80285399) exons=80275346-80276086,80276728-80279058,80279367-80279466,80281670-80281929,80283589-80283698,80284818-80285085,80285218-80285399
[TRACE_BTM] t=11 guide_only=false tf_nodes=[3, 5] id_nonmono=false
[TRACE_BTM] t=11 k=0 keep_nodes=[3, 4, 5, 6, 10, 12, 14, 17] guide=false keep_cov=38.1422 id_nonmono=false
[TRACE_BTM] t=11 k=0 reject intersect=740 internaldist=2330 flank=0
[TRACE_BTM] t=11 k=1 keep_nodes=[3, 4, 5, 6, 10, 14, 17] guide=false keep_cov=4.5196 id_nonmono=false
[TRACE_BTM] t=11 k=1 reject intersect=740 internaldist=2330 flank=0
[TRACE_BTM] t=11 k=2 keep_nodes=[3, 4, 5, 6, 8, 10, 12, 14, 17] guide=false keep_cov=2.9038 id_nonmono=false
[TRACE_BTM] t=11 k=2 reject intersect=740 internaldist=2330 flank=0
[TRACE_BTM] t=11 k=3 keep_nodes=[3, 5, 6, 10, 12, 14, 17] guide=false keep_cov=1.1069 id_nonmono=false
[TRACE_BTM] t=11 k=3 score intersect=3070 internaldist=0 flank=0 maxintersect=0 mininternaldist=2305843009213693951 minflank=2305843009213693951
[TRACE_BTM] t=11 after k=3 tmatch=[3] abundancesum=1.1069
[TRACE_BTM] t=11 k=4 keep_nodes=[3, 4, 5, 6, 10, 12, 14, 15, 16] guide=false keep_cov=0.7253 id_nonmono=false
[TRACE_BTM] t=11 k=4 reject intersect=740 internaldist=2330 flank=0
[TRACE_BTM] t=11 k=5 keep_nodes=[2, 3, 4, 5, 6, 10, 14, 17] guide=false keep_cov=0.5798 id_nonmono=false
[TRACE_BTM] t=11 k=5 reject intersect=740 internaldist=2330 flank=0
[TRACE_BTM] t=11 k=6 keep_nodes=[7, 8, 9, 10, 12, 14, 17] guide=false keep_cov=0.7017 id_nonmono=false
[TRACE_BTM] t=11 k=6 skip=coord_overlap raw_tf_first=3 raw_tf_last=5 raw_keep_first=7 raw_keep_last=17
[TRACE_BTM] t=11 k=7 keep_nodes=[3, 5, 6, 8, 10, 12, 13, 14, 17] guide=false keep_cov=0.5411 id_nonmono=false
[TRACE_BTM] t=11 k=7 score intersect=3070 internaldist=0 flank=0 maxintersect=3070 mininternaldist=0 minflank=0
[TRACE_BTM] t=11 after k=7 tmatch=[3, 7] abundancesum=1.6480
[TRACE_BTM] t=11 k=8 keep_nodes=[3, 5, 6, 8, 10, 12, 14, 17] guide=false keep_cov=3.2913 id_nonmono=false
[TRACE_BTM] t=11 k=8 score intersect=3070 internaldist=0 flank=0 maxintersect=3070 mininternaldist=0 minflank=0
[TRACE_BTM] t=11 after k=8 tmatch=[3, 7, 8] abundancesum=4.9393
[TRACE_BTM] t=11 k=9 keep_nodes=[3, 5, 6, 10, 12, 14, 15, 16] guide=false keep_cov=1.2054 id_nonmono=false
[TRACE_BTM] t=11 k=9 score intersect=3070 internaldist=0 flank=0 maxintersect=3070 mininternaldist=0 minflank=0
[TRACE_BTM] t=11 after k=9 tmatch=[3, 7, 8, 9] abundancesum=6.1447
[TRACE_BTM] t=11 k=10 keep_nodes=[3, 5, 6, 10, 12, 14, 16] guide=false keep_cov=1.1786 id_nonmono=false
[TRACE_BTM] t=11 k=10 score intersect=3070 internaldist=0 flank=0 maxintersect=3070 mininternaldist=0 minflank=0
[TRACE_BTM] t=11 after k=10 tmatch=[3, 7, 8, 9, 10] abundancesum=7.3233
[TRACE_CHECKTRF] t=11 MATCHED to kept_paths=[3, 7, 8, 9, 10] abundsum=7.3233 abund=2.6585
[TRACE_CHECKTRF_OUT] t=11 mode=matched kept_paths=[3, 7, 8, 9, 10] abundsum=7.3233
[TRACE_CHECKTRF_OUT_KEEP] t=11 k=3 keep_cov=1.1069 guide=false out_idx=3 tx_cov=1.1517 nodes=3(80275346-80276086) 5(80276728-80279058) 6(80279367-80279466) 10(80281670-80281929) 12(80283589-80283698) 14(80284818-80285085) 17(80285533-80286948) exons=80275346-80276086,80276728-80279058,80279367-80279466,80281670-80281929,80283589-80283698,80284818-80285085,80285533-80286948
[TRACE_CHECKTRF_OUT_KEEP] t=11 k=7 keep_cov=0.5411 guide=false out_idx=7 tx_cov=0.5411 nodes=3(80275346-80276086) 5(80276728-80279058) 6(80279367-80279466) 8(80280746-80280932) 10(80281670-80281929) 12(80283589-80283698) 13(80283698-80284818) 14(80284818-80285085) 17(80285533-80286948) exons=80275346-80276086,80276728-80279058,80279367-80279466,80280746-80280932,80281670-80281929,80283589-80285085,80285533-80286948
[TRACE_CHECKTRF_OUT_KEEP] t=11 k=8 keep_cov=3.2913 guide=false out_idx=8 tx_cov=3.2913 nodes=3(80275346-80276086) 5(80276728-80279058) 6(80279367-80279466) 8(80280746-80280932) 10(80281670-80281929) 12(80283589-80283698) 14(80284818-80285085) 17(80285533-80286948) exons=80275346-80276086,80276728-80279058,80279367-80279466,80280746-80280932,80281670-80281929,80283589-80283698,80284818-80285085,80285533-80286948
[TRACE_CHECKTRF_OUT_KEEP] t=11 k=9 keep_cov=1.2054 guide=false out_idx=9 tx_cov=1.2674 nodes=3(80275346-80276086) 5(80276728-80279058) 6(80279367-80279466) 10(80281670-80281929) 12(80283589-80283698) 14(80284818-80285085) 15(80285085-80285218) 16(80285218-80285399) exons=80275346-80276086,80276728-80279058,80279367-80279466,80281670-80281929,80283589-80283698,80284818-80285399
[TRACE_CHECKTRF_OUT_KEEP] t=11 k=10 keep_cov=1.1786 guide=false out_idx=10 tx_cov=1.2411 nodes=3(80275346-80276086) 5(80276728-80279058) 6(80279367-80279466) 10(80281670-80281929) 12(80283589-80283698) 14(80284818-80285085) 16(80285218-80285399) exons=80275346-80276086,80276728-80279058,80279367-80279466,80281670-80281929,80283589-80283698,80284818-80285085,80285218-80285399
[TRACE_ABUND] stage=checktrf_redistribute t=11 keep=3 keep_support=1.1069 abundsum=7.3233 tf_abund=2.6585 assigned=0.4018
[TRACE_ABUND] stage=checktrf_redistribute t=11 keep=7 keep_support=0.5411 abundsum=7.3233 tf_abund=2.6585 assigned=0.1964
[TRACE_ABUND] stage=checktrf_redistribute t=11 keep=8 keep_support=3.2913 abundsum=7.3233 tf_abund=2.6585 assigned=1.1948
[TRACE_ABUND] stage=checktrf_redistribute t=11 keep=9 keep_support=1.2054 abundsum=7.3233 tf_abund=2.6585 assigned=0.4376
[TRACE_ABUND] stage=checktrf_redistribute t=11 keep=10 keep_support=1.1786 abundsum=7.3233 tf_abund=2.6585 assigned=0.4278
[TRACE_ABUND] stage=checktrf_matched_before_zero t=11 abund=2.6585 read_count=5.0000 guide=false nodes=2 detail=matched_paths=[3, 7, 8, 9, 10] abundsum=7.3233
[TRACE_ABUND] stage=checktrf_matched_after_zero t=11 abund=0.0000 read_count=5.0000 guide=false nodes=2 detail=matched_paths=[3, 7, 8, 9, 10]
[TRACE_CHECKTRF_CAND] t=12 abund=1.8571 guide=false nodes=5 passes=1
[TRACE_CHECKTRF_IN] t=12 abund=1.8571 guide=false longstart=80275346 longend=80281922 tf_nodes=5 coords=3(80275346-80276086) 4(80276086-80276728) 5(80276728-80279058) 6(80279367-80279466) 10(80281670-80281929)
[TRACE_CHECKTRF_KEEPSET] t=12 keeptrf=11
[TRACE_CHECKTRF_KEEP] t=12 k=0 keep_cov=38.1422 guide=false out_idx=0 tx_cov=39.5194 nodes=3(80275346-80276086) 4(80276086-80276728) 5(80276728-80279058) 6(80279367-80279466) 10(80281670-80281929) 12(80283589-80283698) 14(80284818-80285085) 17(80285533-80286948) exons=80275346-80279058,80279367-80279466,80281670-80281929,80283589-80283698,80284818-80285085,80285533-80286948
[TRACE_CHECKTRF_KEEP] t=12 k=1 keep_cov=4.5196 guide=false out_idx=1 tx_cov=4.5196 nodes=3(80275346-80276086) 4(80276086-80276728) 5(80276728-80279058) 6(80279367-80279466) 10(80281670-80281929) 14(80284818-80285085) 17(80285533-80286948) exons=80275346-80279058,80279367-80279466,80281670-80281929,80284818-80285085,80285533-80286948
[TRACE_CHECKTRF_KEEP] t=12 k=2 keep_cov=2.9038 guide=false out_idx=2 tx_cov=2.9038 nodes=3(80275346-80276086) 4(80276086-80276728) 5(80276728-80279058) 6(80279367-80279466) 8(80280746-80280932) 10(80281670-80281929) 12(80283589-80283698) 14(80284818-80285085) 17(80285533-80286948) exons=80275346-80279058,80279367-80279466,80280746-80280932,80281670-80281929,80283589-80283698,80284818-80285085,80285533-80286948
[TRACE_CHECKTRF_KEEP] t=12 k=3 keep_cov=1.1069 guide=false out_idx=3 tx_cov=1.3223 nodes=3(80275346-80276086) 5(80276728-80279058) 6(80279367-80279466) 10(80281670-80281929) 12(80283589-80283698) 14(80284818-80285085) 17(80285533-80286948) exons=80275346-80276086,80276728-80279058,80279367-80279466,80281670-80281929,80283589-80283698,80284818-80285085,80285533-80286948
[TRACE_CHECKTRF_KEEP] t=12 k=4 keep_cov=0.7253 guide=false out_idx=4 tx_cov=0.7575 nodes=3(80275346-80276086) 4(80276086-80276728) 5(80276728-80279058) 6(80279367-80279466) 10(80281670-80281929) 12(80283589-80283698) 14(80284818-80285085) 15(80285085-80285218) 16(80285218-80285399) exons=80275346-80279058,80279367-80279466,80281670-80281929,80283589-80283698,80284818-80285399
[TRACE_CHECKTRF_KEEP] t=12 k=5 keep_cov=0.5798 guide=false out_idx=5 tx_cov=0.5798 nodes=2(80275063-80275346) 3(80275346-80276086) 4(80276086-80276728) 5(80276728-80279058) 6(80279367-80279466) 10(80281670-80281929) 14(80284818-80285085) 17(80285533-80286948) exons=80275063-80279058,80279367-80279466,80281670-80281929,80284818-80285085,80285533-80286948
[TRACE_CHECKTRF_KEEP] t=12 k=6 keep_cov=0.7017 guide=false out_idx=6 tx_cov=0.7017 nodes=7(80279472-80280746) 8(80280746-80280932) 9(80280932-80281670) 10(80281670-80281929) 12(80283589-80283698) 14(80284818-80285085) 17(80285533-80286948) exons=80279472-80281929,80283589-80283698,80284818-80285085,80285533-80286948
[TRACE_CHECKTRF_KEEP] t=12 k=7 keep_cov=0.5411 guide=false out_idx=7 tx_cov=0.6078 nodes=3(80275346-80276086) 5(80276728-80279058) 6(80279367-80279466) 8(80280746-80280932) 10(80281670-80281929) 12(80283589-80283698) 13(80283698-80284818) 14(80284818-80285085) 17(80285533-80286948) exons=80275346-80276086,80276728-80279058,80279367-80279466,80280746-80280932,80281670-80281929,80283589-80285085,80285533-80286948
[TRACE_CHECKTRF_KEEP] t=12 k=8 keep_cov=3.2913 guide=false out_idx=8 tx_cov=3.7810 nodes=3(80275346-80276086) 5(80276728-80279058) 6(80279367-80279466) 8(80280746-80280932) 10(80281670-80281929) 12(80283589-80283698) 14(80284818-80285085) 17(80285533-80286948) exons=80275346-80276086,80276728-80279058,80279367-80279466,80280746-80280932,80281670-80281929,80283589-80283698,80284818-80285085,80285533-80286948
[TRACE_CHECKTRF_KEEP] t=12 k=9 keep_cov=1.2054 guide=false out_idx=9 tx_cov=1.5027 nodes=3(80275346-80276086) 5(80276728-80279058) 6(80279367-80279466) 10(80281670-80281929) 12(80283589-80283698) 14(80284818-80285085) 15(80285085-80285218) 16(80285218-80285399) exons=80275346-80276086,80276728-80279058,80279367-80279466,80281670-80281929,80283589-80283698,80284818-80285399
[TRACE_CHECKTRF_KEEP] t=12 k=10 keep_cov=1.1786 guide=false out_idx=10 tx_cov=1.4790 nodes=3(80275346-80276086) 5(80276728-80279058) 6(80279367-80279466) 10(80281670-80281929) 12(80283589-80283698) 14(80284818-80285085) 16(80285218-80285399) exons=80275346-80276086,80276728-80279058,80279367-80279466,80281670-80281929,80283589-80283698,80284818-80285085,80285218-80285399
[TRACE_BTM] t=12 guide_only=false tf_nodes=[3, 4, 5, 6, 10] id_nonmono=false
[TRACE_BTM] t=12 k=0 keep_nodes=[3, 4, 5, 6, 10, 12, 14, 17] guide=false keep_cov=38.1422 id_nonmono=false
[TRACE_BTM] t=12 k=0 score intersect=4070 internaldist=0 flank=0 maxintersect=0 mininternaldist=2305843009213693951 minflank=2305843009213693951
[TRACE_BTM] t=12 after k=0 tmatch=[0] abundancesum=38.1422
[TRACE_BTM] t=12 k=1 keep_nodes=[3, 4, 5, 6, 10, 14, 17] guide=false keep_cov=4.5196 id_nonmono=false
[TRACE_BTM] t=12 k=1 score intersect=4070 internaldist=0 flank=0 maxintersect=4070 mininternaldist=0 minflank=0
[TRACE_BTM] t=12 after k=1 tmatch=[0, 1] abundancesum=42.6617
[TRACE_BTM] t=12 k=2 keep_nodes=[3, 4, 5, 6, 8, 10, 12, 14, 17] guide=false keep_cov=2.9038 id_nonmono=false
[TRACE_BTM] t=12 k=2 reject intersect=3811 internaldist=259 flank=0
[TRACE_BTM] t=12 k=3 keep_nodes=[3, 5, 6, 10, 12, 14, 17] guide=false keep_cov=1.1069 id_nonmono=false
[TRACE_BTM] t=12 k=3 reject intersect=3428 internaldist=642 flank=0
[TRACE_BTM] t=12 k=4 keep_nodes=[3, 4, 5, 6, 10, 12, 14, 15, 16] guide=false keep_cov=0.7253 id_nonmono=false
[TRACE_BTM] t=12 k=4 score intersect=4070 internaldist=0 flank=0 maxintersect=4070 mininternaldist=0 minflank=0
[TRACE_BTM] t=12 after k=4 tmatch=[0, 1, 4] abundancesum=43.3870
[TRACE_BTM] t=12 k=5 keep_nodes=[2, 3, 4, 5, 6, 10, 14, 17] guide=false keep_cov=0.5798 id_nonmono=false
[TRACE_BTM] t=12 k=5 score intersect=4070 internaldist=0 flank=0 maxintersect=4070 mininternaldist=0 minflank=0
[TRACE_BTM] t=12 after k=5 tmatch=[0, 1, 4, 5] abundancesum=43.9668
[TRACE_BTM] t=12 k=6 keep_nodes=[7, 8, 9, 10, 12, 14, 17] guide=false keep_cov=0.7017 id_nonmono=false
[TRACE_BTM] t=12 k=7 keep_nodes=[3, 5, 6, 8, 10, 12, 13, 14, 17] guide=false keep_cov=0.5411 id_nonmono=false
[TRACE_BTM] t=12 k=7 reject intersect=3169 internaldist=901 flank=0
[TRACE_BTM] t=12 k=8 keep_nodes=[3, 5, 6, 8, 10, 12, 14, 17] guide=false keep_cov=3.2913 id_nonmono=false
[TRACE_BTM] t=12 k=8 reject intersect=3169 internaldist=901 flank=0
[TRACE_BTM] t=12 k=9 keep_nodes=[3, 5, 6, 10, 12, 14, 15, 16] guide=false keep_cov=1.2054 id_nonmono=false
[TRACE_BTM] t=12 k=9 reject intersect=3428 internaldist=642 flank=0
[TRACE_BTM] t=12 k=10 keep_nodes=[3, 5, 6, 10, 12, 14, 16] guide=false keep_cov=1.1786 id_nonmono=false
[TRACE_BTM] t=12 k=10 reject intersect=3428 internaldist=642 flank=0
[TRACE_CHECKTRF] t=12 MATCHED to kept_paths=[0, 1, 4, 5] abundsum=43.9668 abund=1.8571
[TRACE_CHECKTRF_OUT] t=12 mode=matched kept_paths=[0, 1, 4, 5] abundsum=43.9668
[TRACE_CHECKTRF_OUT_KEEP] t=12 k=0 keep_cov=38.1422 guide=false out_idx=0 tx_cov=39.5194 nodes=3(80275346-80276086) 4(80276086-80276728) 5(80276728-80279058) 6(80279367-80279466) 10(80281670-80281929) 12(80283589-80283698) 14(80284818-80285085) 17(80285533-80286948) exons=80275346-80279058,80279367-80279466,80281670-80281929,80283589-80283698,80284818-80285085,80285533-80286948
[TRACE_CHECKTRF_OUT_KEEP] t=12 k=1 keep_cov=4.5196 guide=false out_idx=1 tx_cov=4.5196 nodes=3(80275346-80276086) 4(80276086-80276728) 5(80276728-80279058) 6(80279367-80279466) 10(80281670-80281929) 14(80284818-80285085) 17(80285533-80286948) exons=80275346-80279058,80279367-80279466,80281670-80281929,80284818-80285085,80285533-80286948
[TRACE_CHECKTRF_OUT_KEEP] t=12 k=4 keep_cov=0.7253 guide=false out_idx=4 tx_cov=0.7575 nodes=3(80275346-80276086) 4(80276086-80276728) 5(80276728-80279058) 6(80279367-80279466) 10(80281670-80281929) 12(80283589-80283698) 14(80284818-80285085) 15(80285085-80285218) 16(80285218-80285399) exons=80275346-80279058,80279367-80279466,80281670-80281929,80283589-80283698,80284818-80285399
[TRACE_CHECKTRF_OUT_KEEP] t=12 k=5 keep_cov=0.5798 guide=false out_idx=5 tx_cov=0.5798 nodes=2(80275063-80275346) 3(80275346-80276086) 4(80276086-80276728) 5(80276728-80279058) 6(80279367-80279466) 10(80281670-80281929) 14(80284818-80285085) 17(80285533-80286948) exons=80275063-80279058,80279367-80279466,80281670-80281929,80284818-80285085,80285533-80286948
[TRACE_ABUND] stage=checktrf_redistribute t=12 keep=0 keep_support=38.1422 abundsum=43.9668 tf_abund=1.8571 assigned=1.6111
[TRACE_ABUND] stage=checktrf_redistribute t=12 keep=1 keep_support=4.5196 abundsum=43.9668 tf_abund=1.8571 assigned=0.1909
[TRACE_ABUND] stage=checktrf_redistribute t=12 keep=4 keep_support=0.7253 abundsum=43.9668 tf_abund=1.8571 assigned=0.0306
[TRACE_ABUND] stage=checktrf_redistribute t=12 keep=5 keep_support=0.5798 abundsum=43.9668 tf_abund=1.8571 assigned=0.0245
[TRACE_ABUND] stage=checktrf_matched_before_zero t=12 abund=1.8571 read_count=3.0000 guide=false nodes=5 detail=matched_paths=[0, 1, 4, 5] abundsum=43.9668
[TRACE_ABUND] stage=checktrf_matched_after_zero t=12 abund=0.0000 read_count=3.0000 guide=false nodes=5 detail=matched_paths=[0, 1, 4, 5]
[TRACE_CHECKTRF_CAND] t=28 abund=1.0000 guide=false nodes=5 passes=1
[TRACE_CHECKTRF_IN] t=28 abund=1.0000 guide=false longstart=80275348 longend=80284843 tf_nodes=5 coords=3(80275346-80276086) 5(80276728-80279058) 6(80279367-80279466) 10(80281670-80281929) 14(80284818-80285085)
[TRACE_CHECKTRF_KEEPSET] t=28 keeptrf=11
[TRACE_CHECKTRF_KEEP] t=28 k=0 keep_cov=38.1422 guide=false out_idx=0 tx_cov=40.6362 nodes=3(80275346-80276086) 4(80276086-80276728) 5(80276728-80279058) 6(80279367-80279466) 10(80281670-80281929) 12(80283589-80283698) 14(80284818-80285085) 17(80285533-80286948) exons=80275346-80279058,80279367-80279466,80281670-80281929,80283589-80283698,80284818-80285085,80285533-80286948
[TRACE_CHECKTRF_KEEP] t=28 k=1 keep_cov=4.5196 guide=false out_idx=1 tx_cov=4.6544 nodes=3(80275346-80276086) 4(80276086-80276728) 5(80276728-80279058) 6(80279367-80279466) 10(80281670-80281929) 14(80284818-80285085) 17(80285533-80286948) exons=80275346-80279058,80279367-80279466,80281670-80281929,80284818-80285085,80285533-80286948
[TRACE_CHECKTRF_KEEP] t=28 k=2 keep_cov=2.9038 guide=false out_idx=2 tx_cov=2.9038 nodes=3(80275346-80276086) 4(80276086-80276728) 5(80276728-80279058) 6(80279367-80279466) 8(80280746-80280932) 10(80281670-80281929) 12(80283589-80283698) 14(80284818-80285085) 17(80285533-80286948) exons=80275346-80279058,80279367-80279466,80280746-80280932,80281670-80281929,80283589-80283698,80284818-80285085,80285533-80286948
[TRACE_CHECKTRF_KEEP] t=28 k=3 keep_cov=1.1069 guide=false out_idx=3 tx_cov=1.3223 nodes=3(80275346-80276086) 5(80276728-80279058) 6(80279367-80279466) 10(80281670-80281929) 12(80283589-80283698) 14(80284818-80285085) 17(80285533-80286948) exons=80275346-80276086,80276728-80279058,80279367-80279466,80281670-80281929,80283589-80283698,80284818-80285085,80285533-80286948
[TRACE_CHECKTRF_KEEP] t=28 k=4 keep_cov=0.7253 guide=false out_idx=4 tx_cov=0.7837 nodes=3(80275346-80276086) 4(80276086-80276728) 5(80276728-80279058) 6(80279367-80279466) 10(80281670-80281929) 12(80283589-80283698) 14(80284818-80285085) 15(80285085-80285218) 16(80285218-80285399) exons=80275346-80279058,80279367-80279466,80281670-80281929,80283589-80283698,80284818-80285399
[TRACE_CHECKTRF_KEEP] t=28 k=5 keep_cov=0.5798 guide=false out_idx=5 tx_cov=0.5963 nodes=2(80275063-80275346) 3(80275346-80276086) 4(80276086-80276728) 5(80276728-80279058) 6(80279367-80279466) 10(80281670-80281929) 14(80284818-80285085) 17(80285533-80286948) exons=80275063-80279058,80279367-80279466,80281670-80281929,80284818-80285085,80285533-80286948
[TRACE_CHECKTRF_KEEP] t=28 k=6 keep_cov=0.7017 guide=false out_idx=6 tx_cov=0.7017 nodes=7(80279472-80280746) 8(80280746-80280932) 9(80280932-80281670) 10(80281670-80281929) 12(80283589-80283698) 14(80284818-80285085) 17(80285533-80286948) exons=80279472-80281929,80283589-80283698,80284818-80285085,80285533-80286948
[TRACE_CHECKTRF_KEEP] t=28 k=7 keep_cov=0.5411 guide=false out_idx=7 tx_cov=0.6078 nodes=3(80275346-80276086) 5(80276728-80279058) 6(80279367-80279466) 8(80280746-80280932) 10(80281670-80281929) 12(80283589-80283698) 13(80283698-80284818) 14(80284818-80285085) 17(80285533-80286948) exons=80275346-80276086,80276728-80279058,80279367-80279466,80280746-80280932,80281670-80281929,80283589-80285085,80285533-80286948
[TRACE_CHECKTRF_KEEP] t=28 k=8 keep_cov=3.2913 guide=false out_idx=8 tx_cov=3.7810 nodes=3(80275346-80276086) 5(80276728-80279058) 6(80279367-80279466) 8(80280746-80280932) 10(80281670-80281929) 12(80283589-80283698) 14(80284818-80285085) 17(80285533-80286948) exons=80275346-80276086,80276728-80279058,80279367-80279466,80280746-80280932,80281670-80281929,80283589-80283698,80284818-80285085,80285533-80286948
[TRACE_CHECKTRF_KEEP] t=28 k=9 keep_cov=1.2054 guide=false out_idx=9 tx_cov=1.5027 nodes=3(80275346-80276086) 5(80276728-80279058) 6(80279367-80279466) 10(80281670-80281929) 12(80283589-80283698) 14(80284818-80285085) 15(80285085-80285218) 16(80285218-80285399) exons=80275346-80276086,80276728-80279058,80279367-80279466,80281670-80281929,80283589-80283698,80284818-80285399
[TRACE_CHECKTRF_KEEP] t=28 k=10 keep_cov=1.1786 guide=false out_idx=10 tx_cov=1.4790 nodes=3(80275346-80276086) 5(80276728-80279058) 6(80279367-80279466) 10(80281670-80281929) 12(80283589-80283698) 14(80284818-80285085) 16(80285218-80285399) exons=80275346-80276086,80276728-80279058,80279367-80279466,80281670-80281929,80283589-80283698,80284818-80285085,80285218-80285399
[TRACE_BTM] t=28 guide_only=false tf_nodes=[3, 5, 6, 10, 14] id_nonmono=false
[TRACE_BTM] t=28 k=0 keep_nodes=[3, 4, 5, 6, 10, 12, 14, 17] guide=false keep_cov=38.1422 id_nonmono=false
[TRACE_BTM] t=28 k=0 reject intersect=740 internaldist=2955 flank=0
[TRACE_BTM] t=28 k=1 keep_nodes=[3, 4, 5, 6, 10, 14, 17] guide=false keep_cov=4.5196 id_nonmono=false
[TRACE_BTM] t=28 k=1 reject intersect=740 internaldist=2955 flank=0
[TRACE_BTM] t=28 k=2 keep_nodes=[3, 4, 5, 6, 8, 10, 12, 14, 17] guide=false keep_cov=2.9038 id_nonmono=false
[TRACE_BTM] t=28 k=2 reject intersect=740 internaldist=2955 flank=0
[TRACE_BTM] t=28 k=3 keep_nodes=[3, 5, 6, 10, 12, 14, 17] guide=false keep_cov=1.1069 id_nonmono=false
[TRACE_BTM] t=28 k=3 reject intersect=3428 internaldist=267 flank=0
[TRACE_BTM] t=28 k=4 keep_nodes=[3, 4, 5, 6, 10, 12, 14, 15, 16] guide=false keep_cov=0.7253 id_nonmono=false
[TRACE_BTM] t=28 k=4 reject intersect=740 internaldist=2955 flank=0
[TRACE_BTM] t=28 k=5 keep_nodes=[2, 3, 4, 5, 6, 10, 14, 17] guide=false keep_cov=0.5798 id_nonmono=false
[TRACE_BTM] t=28 k=5 reject intersect=740 internaldist=2955 flank=0
[TRACE_BTM] t=28 k=6 keep_nodes=[7, 8, 9, 10, 12, 14, 17] guide=false keep_cov=0.7017 id_nonmono=false
[TRACE_BTM] t=28 k=7 keep_nodes=[3, 5, 6, 8, 10, 12, 13, 14, 17] guide=false keep_cov=0.5411 id_nonmono=false
[TRACE_BTM] t=28 k=7 reject intersect=3169 internaldist=526 flank=0
[TRACE_BTM] t=28 k=8 keep_nodes=[3, 5, 6, 8, 10, 12, 14, 17] guide=false keep_cov=3.2913 id_nonmono=false
[TRACE_BTM] t=28 k=8 reject intersect=3169 internaldist=526 flank=0
[TRACE_BTM] t=28 k=9 keep_nodes=[3, 5, 6, 10, 12, 14, 15, 16] guide=false keep_cov=1.2054 id_nonmono=false
[TRACE_BTM] t=28 k=9 reject intersect=3428 internaldist=267 flank=0
[TRACE_BTM] t=28 k=10 keep_nodes=[3, 5, 6, 10, 12, 14, 16] guide=false keep_cov=1.1786 id_nonmono=false
[TRACE_BTM] t=28 k=10 reject intersect=3428 internaldist=267 flank=0
[TRACE_CHECKTRF] t=28 NO MATCH → trying independent rescue abund=1.0000
[TRACE_CHECKTRF] t=28 RESCUED_INDEP cov=0.9346 exons=6 first=80275346-80276086 last=80285533-80286948 longstart=80275348 longend=80284843 rescue_nodes_first=3 (80275346-80276086) rescue_nodes_last=17 (80285533-80286948)
[TRACE_CHECKTRF_OUT] t=28 mode=rescued cov=0.9346 nodes=6 coords=3(80275346-80276086) 5(80276728-80279058) 6(80279367-80279466) 10(80281670-80281929) 14(80284818-80285085) 17(80285533-80286948) exons=80275346-80276086,80276728-80279058,80279367-80279466,80281670-80281929,80284818-80285085,80285533-80286948
[TRACE_ABUND] stage=checktrf_rescued_before_zero t=28 abund=1.0000 read_count=1.0000 guide=false nodes=5 detail=coverage=0.9346 out_idx=11
[TRACE_ABUND] stage=checktrf_rescued_after_zero t=28 abund=0.0000 read_count=1.0000 guide=false nodes=5 detail=coverage=0.9346 out_idx=11
[TRACE_CHECKTRF_CAND] t=32 abund=1.0000 guide=false nodes=4 passes=1
[TRACE_CHECKTRF_IN] t=32 abund=1.0000 guide=false longstart=0 longend=80285657 tf_nodes=4 coords=11(80281929-80283589) 12(80283589-80283698) 14(80284818-80285085) 17(80285533-80286948)
[TRACE_CHECKTRF_KEEPSET] t=32 keeptrf=12
[TRACE_CHECKTRF_KEEP] t=32 k=0 keep_cov=38.1422 guide=false out_idx=0 tx_cov=40.6362 nodes=3(80275346-80276086) 4(80276086-80276728) 5(80276728-80279058) 6(80279367-80279466) 10(80281670-80281929) 12(80283589-80283698) 14(80284818-80285085) 17(80285533-80286948) exons=80275346-80279058,80279367-80279466,80281670-80281929,80283589-80283698,80284818-80285085,80285533-80286948
[TRACE_CHECKTRF_KEEP] t=32 k=1 keep_cov=4.5196 guide=false out_idx=1 tx_cov=4.6544 nodes=3(80275346-80276086) 4(80276086-80276728) 5(80276728-80279058) 6(80279367-80279466) 10(80281670-80281929) 14(80284818-80285085) 17(80285533-80286948) exons=80275346-80279058,80279367-80279466,80281670-80281929,80284818-80285085,80285533-80286948
[TRACE_CHECKTRF_KEEP] t=32 k=2 keep_cov=2.9038 guide=false out_idx=2 tx_cov=2.9038 nodes=3(80275346-80276086) 4(80276086-80276728) 5(80276728-80279058) 6(80279367-80279466) 8(80280746-80280932) 10(80281670-80281929) 12(80283589-80283698) 14(80284818-80285085) 17(80285533-80286948) exons=80275346-80279058,80279367-80279466,80280746-80280932,80281670-80281929,80283589-80283698,80284818-80285085,80285533-80286948
[TRACE_CHECKTRF_KEEP] t=32 k=3 keep_cov=1.1069 guide=false out_idx=3 tx_cov=1.3223 nodes=3(80275346-80276086) 5(80276728-80279058) 6(80279367-80279466) 10(80281670-80281929) 12(80283589-80283698) 14(80284818-80285085) 17(80285533-80286948) exons=80275346-80276086,80276728-80279058,80279367-80279466,80281670-80281929,80283589-80283698,80284818-80285085,80285533-80286948
[TRACE_CHECKTRF_KEEP] t=32 k=4 keep_cov=0.7253 guide=false out_idx=4 tx_cov=0.7837 nodes=3(80275346-80276086) 4(80276086-80276728) 5(80276728-80279058) 6(80279367-80279466) 10(80281670-80281929) 12(80283589-80283698) 14(80284818-80285085) 15(80285085-80285218) 16(80285218-80285399) exons=80275346-80279058,80279367-80279466,80281670-80281929,80283589-80283698,80284818-80285399
[TRACE_CHECKTRF_KEEP] t=32 k=5 keep_cov=0.5798 guide=false out_idx=5 tx_cov=0.5963 nodes=2(80275063-80275346) 3(80275346-80276086) 4(80276086-80276728) 5(80276728-80279058) 6(80279367-80279466) 10(80281670-80281929) 14(80284818-80285085) 17(80285533-80286948) exons=80275063-80279058,80279367-80279466,80281670-80281929,80284818-80285085,80285533-80286948
[TRACE_CHECKTRF_KEEP] t=32 k=6 keep_cov=0.7017 guide=false out_idx=6 tx_cov=0.7017 nodes=7(80279472-80280746) 8(80280746-80280932) 9(80280932-80281670) 10(80281670-80281929) 12(80283589-80283698) 14(80284818-80285085) 17(80285533-80286948) exons=80279472-80281929,80283589-80283698,80284818-80285085,80285533-80286948
[TRACE_CHECKTRF_KEEP] t=32 k=7 keep_cov=0.5411 guide=false out_idx=7 tx_cov=0.6078 nodes=3(80275346-80276086) 5(80276728-80279058) 6(80279367-80279466) 8(80280746-80280932) 10(80281670-80281929) 12(80283589-80283698) 13(80283698-80284818) 14(80284818-80285085) 17(80285533-80286948) exons=80275346-80276086,80276728-80279058,80279367-80279466,80280746-80280932,80281670-80281929,80283589-80285085,80285533-80286948
[TRACE_CHECKTRF_KEEP] t=32 k=8 keep_cov=3.2913 guide=false out_idx=8 tx_cov=3.7810 nodes=3(80275346-80276086) 5(80276728-80279058) 6(80279367-80279466) 8(80280746-80280932) 10(80281670-80281929) 12(80283589-80283698) 14(80284818-80285085) 17(80285533-80286948) exons=80275346-80276086,80276728-80279058,80279367-80279466,80280746-80280932,80281670-80281929,80283589-80283698,80284818-80285085,80285533-80286948
[TRACE_CHECKTRF_KEEP] t=32 k=9 keep_cov=1.2054 guide=false out_idx=9 tx_cov=1.5027 nodes=3(80275346-80276086) 5(80276728-80279058) 6(80279367-80279466) 10(80281670-80281929) 12(80283589-80283698) 14(80284818-80285085) 15(80285085-80285218) 16(80285218-80285399) exons=80275346-80276086,80276728-80279058,80279367-80279466,80281670-80281929,80283589-80283698,80284818-80285399
[TRACE_CHECKTRF_KEEP] t=32 k=10 keep_cov=1.1786 guide=false out_idx=10 tx_cov=1.4790 nodes=3(80275346-80276086) 5(80276728-80279058) 6(80279367-80279466) 10(80281670-80281929) 12(80283589-80283698) 14(80284818-80285085) 16(80285218-80285399) exons=80275346-80276086,80276728-80279058,80279367-80279466,80281670-80281929,80283589-80283698,80284818-80285085,80285218-80285399
[TRACE_CHECKTRF_KEEP] t=32 k=11 keep_cov=0.9346 guide=false out_idx=11 tx_cov=0.9346 nodes=3(80275346-80276086) 5(80276728-80279058) 6(80279367-80279466) 10(80281670-80281929) 14(80284818-80285085) 17(80285533-80286948) exons=80275346-80276086,80276728-80279058,80279367-80279466,80281670-80281929,80284818-80285085,80285533-80286948
[TRACE_BTM] t=32 guide_only=false tf_nodes=[11, 12, 14, 17] id_nonmono=false
[TRACE_BTM] t=32 k=0 keep_nodes=[3, 4, 5, 6, 10, 12, 14, 17] guide=false keep_cov=38.1422 id_nonmono=false
[TRACE_BTM] t=32 k=1 keep_nodes=[3, 4, 5, 6, 10, 14, 17] guide=false keep_cov=4.5196 id_nonmono=false
[TRACE_BTM] t=32 k=2 keep_nodes=[3, 4, 5, 6, 8, 10, 12, 14, 17] guide=false keep_cov=2.9038 id_nonmono=false
[TRACE_BTM] t=32 k=3 keep_nodes=[3, 5, 6, 10, 12, 14, 17] guide=false keep_cov=1.1069 id_nonmono=false
[TRACE_BTM] t=32 k=4 keep_nodes=[3, 4, 5, 6, 10, 12, 14, 15, 16] guide=false keep_cov=0.7253 id_nonmono=false
[TRACE_BTM] t=32 k=5 keep_nodes=[2, 3, 4, 5, 6, 10, 14, 17] guide=false keep_cov=0.5798 id_nonmono=false
[TRACE_BTM] t=32 k=6 keep_nodes=[7, 8, 9, 10, 12, 14, 17] guide=false keep_cov=0.7017 id_nonmono=false
[TRACE_BTM] t=32 k=7 keep_nodes=[3, 5, 6, 8, 10, 12, 13, 14, 17] guide=false keep_cov=0.5411 id_nonmono=false
[TRACE_BTM] t=32 k=8 keep_nodes=[3, 5, 6, 8, 10, 12, 14, 17] guide=false keep_cov=3.2913 id_nonmono=false
[TRACE_BTM] t=32 k=9 keep_nodes=[3, 5, 6, 10, 12, 14, 15, 16] guide=false keep_cov=1.2054 id_nonmono=false
[TRACE_BTM] t=32 k=10 keep_nodes=[3, 5, 6, 10, 12, 14, 16] guide=false keep_cov=1.1786 id_nonmono=false
[TRACE_BTM] t=32 k=11 keep_nodes=[3, 5, 6, 10, 14, 17] guide=false keep_cov=0.9346 id_nonmono=false
[TRACE_CHECKTRF] t=32 NO MATCH → trying independent rescue abund=1.0000
[TRACE_CHECKTRF] t=32 RESCUED_INDEP cov=0.5900 exons=3 first=80281929-80283698 last=80285533-80286948 longstart=0 longend=80285657 rescue_nodes_first=11 (80281929-80283589) rescue_nodes_last=17 (80285533-80286948)
[TRACE_CHECKTRF_OUT] t=32 mode=rescued cov=0.5900 nodes=4 coords=11(80281929-80283589) 12(80283589-80283698) 14(80284818-80285085) 17(80285533-80286948) exons=80281929-80283698,80284818-80285085,80285533-80286948
[TRACE_ABUND] stage=checktrf_rescued_before_zero t=32 abund=1.0000 read_count=1.0000 guide=false nodes=4 detail=coverage=0.5900 out_idx=12
[TRACE_ABUND] stage=checktrf_rescued_after_zero t=32 abund=0.0000 read_count=1.0000 guide=false nodes=4 detail=coverage=0.5900 out_idx=12
[TRACE_CHECKTRF_CAND] t=31 abund=0.5000 guide=false nodes=4 passes=0
[TRACE_CHECKTRF] t=31 SKIPPED: abund=0.5000 read_count=1.0000 < readthr=1.0000 guide=false nodes=[5, 6, 10, 12]
[TRACE_CHECKTRF_CAND] t=23 abund=0.0000 guide=false nodes=8 passes=0
[TRACE_CHECKTRF] t=23 SKIPPED: abund=0.0000 read_count=1.0000 < readthr=1.0000 guide=false nodes=[5, 6, 8, 10, 12, 13, 14, 17]
[TRACE_CHECKTRF_CAND] t=3 abund=0.0000 guide=false nodes=6 passes=0
[TRACE_CHECKTRF] t=3 SKIPPED: abund=0.0000 read_count=53.0000 < readthr=1.0000 guide=false nodes=[5, 6, 10, 12, 14, 17]
[TRACE_CHECKTRF_CAND] t=19 abund=0.0000 guide=false nodes=4 passes=0
[TRACE_CHECKTRF] t=19 SKIPPED: abund=0.0000 read_count=2.0000 < readthr=1.0000 guide=false nodes=[10, 12, 14, 17]
[TRACE_CHECKTRF_CAND] t=30 abund=0.0000 guide=false nodes=4 passes=0
[TRACE_CHECKTRF] t=30 SKIPPED: abund=0.0000 read_count=1.0000 < readthr=1.0000 guide=false nodes=[3, 4, 5, 6]
[TRACE_BTM] t=8 guide_only=false tf_nodes=[5, 6, 10, 14, 17] id_nonmono=false
[TRACE_BTM] t=8 k=0 keep_nodes=[3, 4, 5, 6, 10, 12, 14, 17] guide=false keep_cov=38.1422 id_nonmono=false
[TRACE_BTM] t=8 k=0 reject intersect=2688 internaldist=1682 flank=0
[TRACE_BTM] t=8 k=1 keep_nodes=[3, 4, 5, 6, 10, 14, 17] guide=false keep_cov=4.5196 id_nonmono=false
[TRACE_BTM] t=8 k=1 score intersect=4370 internaldist=0 flank=0 maxintersect=0 mininternaldist=2305843009213693951 minflank=2305843009213693951
[TRACE_BTM] t=8 after k=1 tmatch=[1] abundancesum=4.5196
[TRACE_BTM] t=8 k=2 keep_nodes=[3, 4, 5, 6, 8, 10, 12, 14, 17] guide=false keep_cov=2.9038 id_nonmono=false
[TRACE_BTM] t=8 k=2 reject intersect=2429 internaldist=1941 flank=0
[TRACE_BTM] t=8 k=3 keep_nodes=[3, 5, 6, 10, 12, 14, 17] guide=false keep_cov=1.1069 id_nonmono=false
[TRACE_BTM] t=8 k=3 reject intersect=2688 internaldist=1682 flank=0
[TRACE_BTM] t=8 k=4 keep_nodes=[3, 4, 5, 6, 10, 12, 14, 15, 16] guide=false keep_cov=0.7253 id_nonmono=false
[TRACE_BTM] t=8 k=4 reject intersect=2688 internaldist=1682 flank=0
[TRACE_BTM] t=8 k=5 keep_nodes=[2, 3, 4, 5, 6, 10, 14, 17] guide=false keep_cov=0.5798 id_nonmono=false
[TRACE_BTM] t=8 k=5 score intersect=4370 internaldist=0 flank=0 maxintersect=4370 mininternaldist=0 minflank=0
[TRACE_BTM] t=8 after k=5 tmatch=[1, 5] abundancesum=5.0993
[TRACE_BTM] t=8 k=6 keep_nodes=[7, 8, 9, 10, 12, 14, 17] guide=false keep_cov=0.7017 id_nonmono=false
[TRACE_BTM] t=8 k=7 keep_nodes=[3, 5, 6, 8, 10, 12, 13, 14, 17] guide=false keep_cov=0.5411 id_nonmono=false
[TRACE_BTM] t=8 k=7 reject intersect=2429 internaldist=1941 flank=0
[TRACE_BTM] t=8 k=8 keep_nodes=[3, 5, 6, 8, 10, 12, 14, 17] guide=false keep_cov=3.2913 id_nonmono=false
[TRACE_BTM] t=8 k=8 reject intersect=2429 internaldist=1941 flank=0
[TRACE_BTM] t=8 k=9 keep_nodes=[3, 5, 6, 10, 12, 14, 15, 16] guide=false keep_cov=1.2054 id_nonmono=false
[TRACE_BTM] t=8 k=9 reject intersect=2688 internaldist=1682 flank=0
[TRACE_BTM] t=8 k=10 keep_nodes=[3, 5, 6, 10, 12, 14, 16] guide=false keep_cov=1.1786 id_nonmono=false
[TRACE_BTM] t=8 k=10 reject intersect=2688 internaldist=1682 flank=0
[TRACE_BTM] t=8 k=11 keep_nodes=[3, 5, 6, 10, 14, 17] guide=false keep_cov=0.9346 id_nonmono=false
[TRACE_BTM] t=8 k=11 score intersect=4370 internaldist=0 flank=0 maxintersect=4370 mininternaldist=0 minflank=0
[TRACE_BTM] t=8 after k=11 tmatch=[1, 5, 11] abundancesum=6.0339
[TRACE_BTM] t=8 k=12 keep_nodes=[11, 12, 14, 17] guide=false keep_cov=0.5900 id_nonmono=false
[TRACE_ABUND] stage=checktrf_redistribute t=8 keep=1 keep_support=4.5196 abundsum=6.0339 tf_abund=3.1250 assigned=2.3407
[TRACE_ABUND] stage=checktrf_redistribute t=8 keep=5 keep_support=0.5798 abundsum=6.0339 tf_abund=3.1250 assigned=0.3003
[TRACE_ABUND] stage=checktrf_redistribute t=8 keep=11 keep_support=0.9346 abundsum=6.0339 tf_abund=3.1250 assigned=0.4840
[TRACE_ABUND] stage=secondpass_matched_before_zero t=8 abund=3.1250 read_count=6.0000 guide=false nodes=5 detail=matched_paths=[1, 5, 11] abundsum=6.0339
[TRACE_ABUND] stage=secondpass_matched_after_zero t=8 abund=0.0000 read_count=6.0000 guide=false nodes=5 detail=matched_paths=[1, 5, 11]
[TRACE_BTM] t=18 guide_only=false tf_nodes=[6, 10, 14, 17] id_nonmono=false
[TRACE_BTM] t=18 k=0 keep_nodes=[3, 4, 5, 6, 10, 12, 14, 17] guide=false keep_cov=38.1422 id_nonmono=false
[TRACE_BTM] t=18 k=0 reject intersect=358 internaldist=1682 flank=0
[TRACE_BTM] t=18 k=1 keep_nodes=[3, 4, 5, 6, 10, 14, 17] guide=false keep_cov=4.5196 id_nonmono=false
[TRACE_BTM] t=18 k=1 score intersect=2040 internaldist=0 flank=0 maxintersect=0 mininternaldist=2305843009213693951 minflank=2305843009213693951
[TRACE_BTM] t=18 after k=1 tmatch=[1] abundancesum=4.5196
[TRACE_BTM] t=18 k=2 keep_nodes=[3, 4, 5, 6, 8, 10, 12, 14, 17] guide=false keep_cov=2.9038 id_nonmono=false
[TRACE_BTM] t=18 k=2 reject intersect=99 internaldist=1941 flank=0
[TRACE_BTM] t=18 k=3 keep_nodes=[3, 5, 6, 10, 12, 14, 17] guide=false keep_cov=1.1069 id_nonmono=false
[TRACE_BTM] t=18 k=3 reject intersect=358 internaldist=1682 flank=0
[TRACE_BTM] t=18 k=4 keep_nodes=[3, 4, 5, 6, 10, 12, 14, 15, 16] guide=false keep_cov=0.7253 id_nonmono=false
[TRACE_BTM] t=18 k=4 reject intersect=358 internaldist=1682 flank=0
[TRACE_BTM] t=18 k=5 keep_nodes=[2, 3, 4, 5, 6, 10, 14, 17] guide=false keep_cov=0.5798 id_nonmono=false
[TRACE_BTM] t=18 k=5 score intersect=2040 internaldist=0 flank=0 maxintersect=2040 mininternaldist=0 minflank=0
[TRACE_BTM] t=18 after k=5 tmatch=[1, 5] abundancesum=5.0993
[TRACE_BTM] t=18 k=6 keep_nodes=[7, 8, 9, 10, 12, 14, 17] guide=false keep_cov=0.7017 id_nonmono=false
[TRACE_BTM] t=18 k=7 keep_nodes=[3, 5, 6, 8, 10, 12, 13, 14, 17] guide=false keep_cov=0.5411 id_nonmono=false
[TRACE_BTM] t=18 k=7 reject intersect=99 internaldist=1941 flank=0
[TRACE_BTM] t=18 k=8 keep_nodes=[3, 5, 6, 8, 10, 12, 14, 17] guide=false keep_cov=3.2913 id_nonmono=false
[TRACE_BTM] t=18 k=8 reject intersect=99 internaldist=1941 flank=0
[TRACE_BTM] t=18 k=9 keep_nodes=[3, 5, 6, 10, 12, 14, 15, 16] guide=false keep_cov=1.2054 id_nonmono=false
[TRACE_BTM] t=18 k=9 reject intersect=358 internaldist=1682 flank=0
[TRACE_BTM] t=18 k=10 keep_nodes=[3, 5, 6, 10, 12, 14, 16] guide=false keep_cov=1.1786 id_nonmono=false
[TRACE_BTM] t=18 k=10 reject intersect=358 internaldist=1682 flank=0
[TRACE_BTM] t=18 k=11 keep_nodes=[3, 5, 6, 10, 14, 17] guide=false keep_cov=0.9346 id_nonmono=false
[TRACE_BTM] t=18 k=11 score intersect=2040 internaldist=0 flank=0 maxintersect=2040 mininternaldist=0 minflank=0
[TRACE_BTM] t=18 after k=11 tmatch=[1, 5, 11] abundancesum=6.0339
[TRACE_BTM] t=18 k=12 keep_nodes=[11, 12, 14, 17] guide=false keep_cov=0.5900 id_nonmono=false
[TRACE_ABUND] stage=checktrf_redistribute t=18 keep=1 keep_support=4.5196 abundsum=6.0339 tf_abund=2.0000 assigned=1.4981
[TRACE_ABUND] stage=checktrf_redistribute t=18 keep=5 keep_support=0.5798 abundsum=6.0339 tf_abund=2.0000 assigned=0.1922
[TRACE_ABUND] stage=checktrf_redistribute t=18 keep=11 keep_support=0.9346 abundsum=6.0339 tf_abund=2.0000 assigned=0.3098
[TRACE_ABUND] stage=secondpass_matched_before_zero t=18 abund=2.0000 read_count=2.0000 guide=false nodes=4 detail=matched_paths=[1, 5, 11] abundsum=6.0339
[TRACE_ABUND] stage=secondpass_matched_after_zero t=18 abund=0.0000 read_count=2.0000 guide=false nodes=4 detail=matched_paths=[1, 5, 11]
[TRACE_BTM] t=21 guide_only=false tf_nodes=[3, 4, 5, 6, 10, 12, 14, 18, 19] id_nonmono=false
[TRACE_BTM] t=21 k=0 keep_nodes=[3, 4, 5, 6, 10, 12, 14, 17] guide=false keep_cov=38.1422 id_nonmono=false
[TRACE_BTM] t=21 k=0 reject intersect=4446 internaldist=183 flank=0
[TRACE_BTM] t=21 k=1 keep_nodes=[3, 4, 5, 6, 10, 14, 17] guide=false keep_cov=4.5196 id_nonmono=false
[TRACE_BTM] t=21 k=1 reject intersect=4337 internaldist=292 flank=0
[TRACE_BTM] t=21 k=2 keep_nodes=[3, 4, 5, 6, 8, 10, 12, 14, 17] guide=false keep_cov=2.9038 id_nonmono=false
[TRACE_BTM] t=21 k=2 reject intersect=3811 internaldist=818 flank=0
[TRACE_BTM] t=21 k=3 keep_nodes=[3, 5, 6, 10, 12, 14, 17] guide=false keep_cov=1.1069 id_nonmono=false
[TRACE_BTM] t=21 k=3 reject intersect=3804 internaldist=825 flank=0
[TRACE_BTM] t=21 k=4 keep_nodes=[3, 4, 5, 6, 10, 12, 14, 15, 16] guide=false keep_cov=0.7253 id_nonmono=false
[TRACE_BTM] t=21 k=4 reject intersect=4446 internaldist=183 flank=0
[TRACE_BTM] t=21 k=5 keep_nodes=[2, 3, 4, 5, 6, 10, 14, 17] guide=false keep_cov=0.5798 id_nonmono=false
[TRACE_BTM] t=21 k=5 reject intersect=4337 internaldist=292 flank=0
[TRACE_BTM] t=21 k=6 keep_nodes=[7, 8, 9, 10, 12, 14, 17] guide=false keep_cov=0.7017 id_nonmono=false
[TRACE_BTM] t=21 k=7 keep_nodes=[3, 5, 6, 8, 10, 12, 13, 14, 17] guide=false keep_cov=0.5411 id_nonmono=false
[TRACE_BTM] t=21 k=7 reject intersect=3169 internaldist=1460 flank=0
[TRACE_BTM] t=21 k=8 keep_nodes=[3, 5, 6, 8, 10, 12, 14, 17] guide=false keep_cov=3.2913 id_nonmono=false
[TRACE_BTM] t=21 k=8 reject intersect=3169 internaldist=1460 flank=0
[TRACE_BTM] t=21 k=9 keep_nodes=[3, 5, 6, 10, 12, 14, 15, 16] guide=false keep_cov=1.2054 id_nonmono=false
[TRACE_BTM] t=21 k=9 reject intersect=3804 internaldist=825 flank=0
[TRACE_BTM] t=21 k=10 keep_nodes=[3, 5, 6, 10, 12, 14, 16] guide=false keep_cov=1.1786 id_nonmono=false
[TRACE_BTM] t=21 k=10 reject intersect=3804 internaldist=825 flank=0
[TRACE_BTM] t=21 k=11 keep_nodes=[3, 5, 6, 10, 14, 17] guide=false keep_cov=0.9346 id_nonmono=false
[TRACE_BTM] t=21 k=11 reject intersect=3695 internaldist=934 flank=0
[TRACE_BTM] t=21 k=12 keep_nodes=[11, 12, 14, 17] guide=false keep_cov=0.5900 id_nonmono=false
[TRACE_BTM] t=24 guide_only=false tf_nodes=[5, 6, 8, 10, 12, 14, 18, 19] id_nonmono=false
[TRACE_BTM] t=24 k=0 keep_nodes=[3, 4, 5, 6, 10, 12, 14, 17] guide=false keep_cov=38.1422 id_nonmono=false
[TRACE_BTM] t=24 k=0 reject intersect=3064 internaldist=369 flank=0
[TRACE_BTM] t=24 k=1 keep_nodes=[3, 4, 5, 6, 10, 14, 17] guide=false keep_cov=4.5196 id_nonmono=false
[TRACE_BTM] t=24 k=1 reject intersect=2955 internaldist=478 flank=0
[TRACE_BTM] t=24 k=2 keep_nodes=[3, 4, 5, 6, 8, 10, 12, 14, 17] guide=false keep_cov=2.9038 id_nonmono=false
[TRACE_BTM] t=24 k=2 reject intersect=3250 internaldist=183 flank=0
[TRACE_BTM] t=24 k=3 keep_nodes=[3, 5, 6, 10, 12, 14, 17] guide=false keep_cov=1.1069 id_nonmono=false
[TRACE_BTM] t=24 k=3 reject intersect=3064 internaldist=369 flank=0
[TRACE_BTM] t=24 k=4 keep_nodes=[3, 4, 5, 6, 10, 12, 14, 15, 16] guide=false keep_cov=0.7253 id_nonmono=false
[TRACE_BTM] t=24 k=4 reject intersect=3064 internaldist=369 flank=0
[TRACE_BTM] t=24 k=5 keep_nodes=[2, 3, 4, 5, 6, 10, 14, 17] guide=false keep_cov=0.5798 id_nonmono=false
[TRACE_BTM] t=24 k=5 reject intersect=2955 internaldist=478 flank=0
[TRACE_BTM] t=24 k=6 keep_nodes=[7, 8, 9, 10, 12, 14, 17] guide=false keep_cov=0.7017 id_nonmono=false
[TRACE_BTM] t=24 k=7 keep_nodes=[3, 5, 6, 8, 10, 12, 13, 14, 17] guide=false keep_cov=0.5411 id_nonmono=false
[TRACE_BTM] t=24 k=7 reject intersect=2983 internaldist=450 flank=0
[TRACE_BTM] t=24 k=8 keep_nodes=[3, 5, 6, 8, 10, 12, 14, 17] guide=false keep_cov=3.2913 id_nonmono=false
[TRACE_BTM] t=24 k=8 reject intersect=3250 internaldist=183 flank=0
[TRACE_BTM] t=24 k=9 keep_nodes=[3, 5, 6, 10, 12, 14, 15, 16] guide=false keep_cov=1.2054 id_nonmono=false
[TRACE_BTM] t=24 k=9 reject intersect=3064 internaldist=369 flank=0
[TRACE_BTM] t=24 k=10 keep_nodes=[3, 5, 6, 10, 12, 14, 16] guide=false keep_cov=1.1786 id_nonmono=false
[TRACE_BTM] t=24 k=10 reject intersect=3064 internaldist=369 flank=0
[TRACE_BTM] t=24 k=11 keep_nodes=[3, 5, 6, 10, 14, 17] guide=false keep_cov=0.9346 id_nonmono=false
[TRACE_BTM] t=24 k=11 reject intersect=2955 internaldist=478 flank=0
[TRACE_BTM] t=24 k=12 keep_nodes=[11, 12, 14, 17] guide=false keep_cov=0.5900 id_nonmono=false
[TRACE_BTM] t=25 guide_only=false tf_nodes=[3, 5, 6, 10, 12, 14, 18] id_nonmono=false
[TRACE_BTM] t=25 k=0 keep_nodes=[3, 4, 5, 6, 10, 12, 14, 17] guide=false keep_cov=38.1422 id_nonmono=false
[TRACE_BTM] t=25 k=0 reject intersect=740 internaldist=3130 flank=0
[TRACE_BTM] t=25 k=1 keep_nodes=[3, 4, 5, 6, 10, 14, 17] guide=false keep_cov=4.5196 id_nonmono=false
[TRACE_BTM] t=25 k=1 reject intersect=1007 internaldist=2863 flank=0
[TRACE_BTM] t=25 k=2 keep_nodes=[3, 4, 5, 6, 8, 10, 12, 14, 17] guide=false keep_cov=2.9038 id_nonmono=false
[TRACE_BTM] t=25 k=2 reject intersect=740 internaldist=3130 flank=0
[TRACE_BTM] t=25 k=3 keep_nodes=[3, 5, 6, 10, 12, 14, 17] guide=false keep_cov=1.1069 id_nonmono=false
[TRACE_BTM] t=25 k=3 reject intersect=3804 internaldist=66 flank=0
[TRACE_BTM] t=25 k=4 keep_nodes=[3, 4, 5, 6, 10, 12, 14, 15, 16] guide=false keep_cov=0.7253 id_nonmono=false
[TRACE_BTM] t=25 k=4 reject intersect=740 internaldist=3130 flank=0
[TRACE_BTM] t=25 k=5 keep_nodes=[2, 3, 4, 5, 6, 10, 14, 17] guide=false keep_cov=0.5798 id_nonmono=false
[TRACE_BTM] t=25 k=5 reject intersect=1007 internaldist=2863 flank=0
[TRACE_BTM] t=25 k=6 keep_nodes=[7, 8, 9, 10, 12, 14, 17] guide=false keep_cov=0.7017 id_nonmono=false
[TRACE_BTM] t=25 k=7 keep_nodes=[3, 5, 6, 8, 10, 12, 13, 14, 17] guide=false keep_cov=0.5411 id_nonmono=false
[TRACE_BTM] t=25 k=7 reject intersect=3169 internaldist=701 flank=0
[TRACE_BTM] t=25 k=8 keep_nodes=[3, 5, 6, 8, 10, 12, 14, 17] guide=false keep_cov=3.2913 id_nonmono=false
[TRACE_BTM] t=25 k=8 reject intersect=3169 internaldist=701 flank=0
[TRACE_BTM] t=25 k=9 keep_nodes=[3, 5, 6, 10, 12, 14, 15, 16] guide=false keep_cov=1.2054 id_nonmono=false
[TRACE_BTM] t=25 k=9 reject intersect=3804 internaldist=66 flank=0
[TRACE_BTM] t=25 k=10 keep_nodes=[3, 5, 6, 10, 12, 14, 16] guide=false keep_cov=1.1786 id_nonmono=false
[TRACE_BTM] t=25 k=10 reject intersect=3804 internaldist=66 flank=0
[TRACE_BTM] t=25 k=11 keep_nodes=[3, 5, 6, 10, 14, 17] guide=false keep_cov=0.9346 id_nonmono=false
[TRACE_BTM] t=25 k=11 reject intersect=3695 internaldist=175 flank=0
[TRACE_BTM] t=25 k=12 keep_nodes=[11, 12, 14, 17] guide=false keep_cov=0.5900 id_nonmono=false
[TRACE_BTM] t=26 guide_only=false tf_nodes=[5, 6, 10, 12, 14, 18, 19] id_nonmono=false
[TRACE_BTM] t=26 k=0 keep_nodes=[3, 4, 5, 6, 10, 12, 14, 17] guide=false keep_cov=38.1422 id_nonmono=false
[TRACE_BTM] t=26 k=0 reject intersect=3064 internaldist=183 flank=0
[TRACE_BTM] t=26 k=1 keep_nodes=[3, 4, 5, 6, 10, 14, 17] guide=false keep_cov=4.5196 id_nonmono=false
[TRACE_BTM] t=26 k=1 reject intersect=2955 internaldist=292 flank=0
[TRACE_BTM] t=26 k=2 keep_nodes=[3, 4, 5, 6, 8, 10, 12, 14, 17] guide=false keep_cov=2.9038 id_nonmono=false
[TRACE_BTM] t=26 k=2 reject intersect=2429 internaldist=818 flank=0
[TRACE_BTM] t=26 k=3 keep_nodes=[3, 5, 6, 10, 12, 14, 17] guide=false keep_cov=1.1069 id_nonmono=false
[TRACE_BTM] t=26 k=3 reject intersect=3064 internaldist=183 flank=0
[TRACE_BTM] t=26 k=4 keep_nodes=[3, 4, 5, 6, 10, 12, 14, 15, 16] guide=false keep_cov=0.7253 id_nonmono=false
[TRACE_BTM] t=26 k=4 reject intersect=3064 internaldist=183 flank=0
[TRACE_BTM] t=26 k=5 keep_nodes=[2, 3, 4, 5, 6, 10, 14, 17] guide=false keep_cov=0.5798 id_nonmono=false
[TRACE_BTM] t=26 k=5 reject intersect=2955 internaldist=292 flank=0
[TRACE_BTM] t=26 k=6 keep_nodes=[7, 8, 9, 10, 12, 14, 17] guide=false keep_cov=0.7017 id_nonmono=false
[TRACE_BTM] t=26 k=7 keep_nodes=[3, 5, 6, 8, 10, 12, 13, 14, 17] guide=false keep_cov=0.5411 id_nonmono=false
[TRACE_BTM] t=26 k=7 reject intersect=2429 internaldist=818 flank=0
[TRACE_BTM] t=26 k=8 keep_nodes=[3, 5, 6, 8, 10, 12, 14, 17] guide=false keep_cov=3.2913 id_nonmono=false
[TRACE_BTM] t=26 k=8 reject intersect=2429 internaldist=818 flank=0
[TRACE_BTM] t=26 k=9 keep_nodes=[3, 5, 6, 10, 12, 14, 15, 16] guide=false keep_cov=1.2054 id_nonmono=false
[TRACE_BTM] t=26 k=9 reject intersect=3064 internaldist=183 flank=0
[TRACE_BTM] t=26 k=10 keep_nodes=[3, 5, 6, 10, 12, 14, 16] guide=false keep_cov=1.1786 id_nonmono=false
[TRACE_BTM] t=26 k=10 reject intersect=3064 internaldist=183 flank=0
[TRACE_BTM] t=26 k=11 keep_nodes=[3, 5, 6, 10, 14, 17] guide=false keep_cov=0.9346 id_nonmono=false
[TRACE_BTM] t=26 k=11 reject intersect=2955 internaldist=292 flank=0
[TRACE_BTM] t=26 k=12 keep_nodes=[11, 12, 14, 17] guide=false keep_cov=0.5900 id_nonmono=false
[TRACE_BTM] t=29 guide_only=false tf_nodes=[6, 10, 12, 14] id_nonmono=false
[TRACE_BTM] t=29 k=0 keep_nodes=[3, 4, 5, 6, 10, 12, 14, 17] guide=false keep_cov=38.1422 id_nonmono=false
[TRACE_BTM] t=29 k=0 score intersect=734 internaldist=0 flank=0 maxintersect=0 mininternaldist=2305843009213693951 minflank=2305843009213693951
[TRACE_BTM] t=29 after k=0 tmatch=[0] abundancesum=38.1422
[TRACE_BTM] t=29 k=1 keep_nodes=[3, 4, 5, 6, 10, 14, 17] guide=false keep_cov=4.5196 id_nonmono=false
[TRACE_BTM] t=29 k=1 reject intersect=625 internaldist=109 flank=0
[TRACE_BTM] t=29 k=2 keep_nodes=[3, 4, 5, 6, 8, 10, 12, 14, 17] guide=false keep_cov=2.9038 id_nonmono=false
[TRACE_BTM] t=29 k=2 reject intersect=99 internaldist=635 flank=0
[TRACE_BTM] t=29 k=3 keep_nodes=[3, 5, 6, 10, 12, 14, 17] guide=false keep_cov=1.1069 id_nonmono=false
[TRACE_BTM] t=29 k=3 score intersect=734 internaldist=0 flank=0 maxintersect=734 mininternaldist=0 minflank=0
[TRACE_BTM] t=29 after k=3 tmatch=[0, 3] abundancesum=39.2490
[TRACE_BTM] t=29 k=4 keep_nodes=[3, 4, 5, 6, 10, 12, 14, 15, 16] guide=false keep_cov=0.7253 id_nonmono=false
[TRACE_BTM] t=29 k=4 score intersect=734 internaldist=0 flank=0 maxintersect=734 mininternaldist=0 minflank=0
[TRACE_BTM] t=29 after k=4 tmatch=[0, 3, 4] abundancesum=39.9743
[TRACE_BTM] t=29 k=5 keep_nodes=[2, 3, 4, 5, 6, 10, 14, 17] guide=false keep_cov=0.5798 id_nonmono=false
[TRACE_BTM] t=29 k=5 reject intersect=625 internaldist=109 flank=0
[TRACE_BTM] t=29 k=6 keep_nodes=[7, 8, 9, 10, 12, 14, 17] guide=false keep_cov=0.7017 id_nonmono=false
[TRACE_BTM] t=29 k=7 keep_nodes=[3, 5, 6, 8, 10, 12, 13, 14, 17] guide=false keep_cov=0.5411 id_nonmono=false
[TRACE_BTM] t=29 k=7 reject intersect=99 internaldist=635 flank=0
[TRACE_BTM] t=29 k=8 keep_nodes=[3, 5, 6, 8, 10, 12, 14, 17] guide=false keep_cov=3.2913 id_nonmono=false
[TRACE_BTM] t=29 k=8 reject intersect=99 internaldist=635 flank=0
[TRACE_BTM] t=29 k=9 keep_nodes=[3, 5, 6, 10, 12, 14, 15, 16] guide=false keep_cov=1.2054 id_nonmono=false
[TRACE_BTM] t=29 k=9 score intersect=734 internaldist=0 flank=0 maxintersect=734 mininternaldist=0 minflank=0
[TRACE_BTM] t=29 after k=9 tmatch=[0, 3, 4, 9] abundancesum=41.1797
[TRACE_BTM] t=29 k=10 keep_nodes=[3, 5, 6, 10, 12, 14, 16] guide=false keep_cov=1.1786 id_nonmono=false
[TRACE_BTM] t=29 k=10 score intersect=734 internaldist=0 flank=0 maxintersect=734 mininternaldist=0 minflank=0
[TRACE_BTM] t=29 after k=10 tmatch=[0, 3, 4, 9, 10] abundancesum=42.3583
[TRACE_BTM] t=29 k=11 keep_nodes=[3, 5, 6, 10, 14, 17] guide=false keep_cov=0.9346 id_nonmono=false
[TRACE_BTM] t=29 k=11 reject intersect=625 internaldist=109 flank=0
[TRACE_BTM] t=29 k=12 keep_nodes=[11, 12, 14, 17] guide=false keep_cov=0.5900 id_nonmono=false
[TRACE_ABUND] stage=checktrf_redistribute t=29 keep=0 keep_support=38.1422 abundsum=42.3583 tf_abund=1.0000 assigned=0.9005
[TRACE_ABUND] stage=checktrf_redistribute t=29 keep=3 keep_support=1.1069 abundsum=42.3583 tf_abund=1.0000 assigned=0.0261
[TRACE_ABUND] stage=checktrf_redistribute t=29 keep=4 keep_support=0.7253 abundsum=42.3583 tf_abund=1.0000 assigned=0.0171
[TRACE_ABUND] stage=checktrf_redistribute t=29 keep=9 keep_support=1.2054 abundsum=42.3583 tf_abund=1.0000 assigned=0.0285
[TRACE_ABUND] stage=checktrf_redistribute t=29 keep=10 keep_support=1.1786 abundsum=42.3583 tf_abund=1.0000 assigned=0.0278
[TRACE_ABUND] stage=secondpass_matched_before_zero t=29 abund=1.0000 read_count=1.0000 guide=false nodes=4 detail=matched_paths=[0, 3, 4, 9, 10] abundsum=42.3583
[TRACE_ABUND] stage=secondpass_matched_after_zero t=29 abund=0.0000 read_count=1.0000 guide=false nodes=4 detail=matched_paths=[0, 3, 4, 9, 10]
[TRACE_BTM] t=31 guide_only=false tf_nodes=[5, 6, 10, 12] id_nonmono=false
[TRACE_BTM] t=31 k=0 keep_nodes=[3, 4, 5, 6, 10, 12, 14, 17] guide=false keep_cov=38.1422 id_nonmono=false
[TRACE_BTM] t=31 k=0 score intersect=2797 internaldist=0 flank=0 maxintersect=0 mininternaldist=2305843009213693951 minflank=2305843009213693951
[TRACE_BTM] t=31 after k=0 tmatch=[0] abundancesum=38.1422
[TRACE_BTM] t=31 k=1 keep_nodes=[3, 4, 5, 6, 10, 14, 17] guide=false keep_cov=4.5196 id_nonmono=false
[TRACE_BTM] t=31 k=1 reject intersect=2688 internaldist=109 flank=0
[TRACE_BTM] t=31 k=2 keep_nodes=[3, 4, 5, 6, 8, 10, 12, 14, 17] guide=false keep_cov=2.9038 id_nonmono=false
[TRACE_BTM] t=31 k=2 reject intersect=2429 internaldist=368 flank=0
[TRACE_BTM] t=31 k=3 keep_nodes=[3, 5, 6, 10, 12, 14, 17] guide=false keep_cov=1.1069 id_nonmono=false
[TRACE_BTM] t=31 k=3 score intersect=2797 internaldist=0 flank=0 maxintersect=2797 mininternaldist=0 minflank=0
[TRACE_BTM] t=31 after k=3 tmatch=[0, 3] abundancesum=39.2490
[TRACE_BTM] t=31 k=4 keep_nodes=[3, 4, 5, 6, 10, 12, 14, 15, 16] guide=false keep_cov=0.7253 id_nonmono=false
[TRACE_BTM] t=31 k=4 score intersect=2797 internaldist=0 flank=0 maxintersect=2797 mininternaldist=0 minflank=0
[TRACE_BTM] t=31 after k=4 tmatch=[0, 3, 4] abundancesum=39.9743
[TRACE_BTM] t=31 k=5 keep_nodes=[2, 3, 4, 5, 6, 10, 14, 17] guide=false keep_cov=0.5798 id_nonmono=false
[TRACE_BTM] t=31 k=5 reject intersect=2688 internaldist=109 flank=0
[TRACE_BTM] t=31 k=6 keep_nodes=[7, 8, 9, 10, 12, 14, 17] guide=false keep_cov=0.7017 id_nonmono=false
[TRACE_BTM] t=31 k=7 keep_nodes=[3, 5, 6, 8, 10, 12, 13, 14, 17] guide=false keep_cov=0.5411 id_nonmono=false
[TRACE_BTM] t=31 k=7 reject intersect=2429 internaldist=368 flank=0
[TRACE_BTM] t=31 k=8 keep_nodes=[3, 5, 6, 8, 10, 12, 14, 17] guide=false keep_cov=3.2913 id_nonmono=false
[TRACE_BTM] t=31 k=8 reject intersect=2429 internaldist=368 flank=0
[TRACE_BTM] t=31 k=9 keep_nodes=[3, 5, 6, 10, 12, 14, 15, 16] guide=false keep_cov=1.2054 id_nonmono=false
[TRACE_BTM] t=31 k=9 score intersect=2797 internaldist=0 flank=0 maxintersect=2797 mininternaldist=0 minflank=0
[TRACE_BTM] t=31 after k=9 tmatch=[0, 3, 4, 9] abundancesum=41.1797
[TRACE_BTM] t=31 k=10 keep_nodes=[3, 5, 6, 10, 12, 14, 16] guide=false keep_cov=1.1786 id_nonmono=false
[TRACE_BTM] t=31 k=10 score intersect=2797 internaldist=0 flank=0 maxintersect=2797 mininternaldist=0 minflank=0
[TRACE_BTM] t=31 after k=10 tmatch=[0, 3, 4, 9, 10] abundancesum=42.3583
[TRACE_BTM] t=31 k=11 keep_nodes=[3, 5, 6, 10, 14, 17] guide=false keep_cov=0.9346 id_nonmono=false
[TRACE_BTM] t=31 k=11 reject intersect=2688 internaldist=109 flank=0
[TRACE_BTM] t=31 k=12 keep_nodes=[11, 12, 14, 17] guide=false keep_cov=0.5900 id_nonmono=false
[TRACE_ABUND] stage=checktrf_redistribute t=31 keep=0 keep_support=38.1422 abundsum=42.3583 tf_abund=0.5000 assigned=0.4502
[TRACE_ABUND] stage=checktrf_redistribute t=31 keep=3 keep_support=1.1069 abundsum=42.3583 tf_abund=0.5000 assigned=0.0131
[TRACE_ABUND] stage=checktrf_redistribute t=31 keep=4 keep_support=0.7253 abundsum=42.3583 tf_abund=0.5000 assigned=0.0086
[TRACE_ABUND] stage=checktrf_redistribute t=31 keep=9 keep_support=1.2054 abundsum=42.3583 tf_abund=0.5000 assigned=0.0142
[TRACE_ABUND] stage=checktrf_redistribute t=31 keep=10 keep_support=1.1786 abundsum=42.3583 tf_abund=0.5000 assigned=0.0139
[TRACE_ABUND] stage=secondpass_matched_before_zero t=31 abund=0.5000 read_count=1.0000 guide=false nodes=4 detail=matched_paths=[0, 3, 4, 9, 10] abundsum=42.3583
[TRACE_ABUND] stage=secondpass_matched_after_zero t=31 abund=0.0000 read_count=1.0000 guide=false nodes=4 detail=matched_paths=[0, 3, 4, 9, 10]
[TRACE_BTM] t=34 guide_only=false tf_nodes=[13, 14, 17] id_nonmono=false
[TRACE_BTM] t=34 k=0 keep_nodes=[3, 4, 5, 6, 10, 12, 14, 17] guide=false keep_cov=38.1422 id_nonmono=false
[TRACE_BTM] t=34 k=1 keep_nodes=[3, 4, 5, 6, 10, 14, 17] guide=false keep_cov=4.5196 id_nonmono=false
[TRACE_BTM] t=34 k=2 keep_nodes=[3, 4, 5, 6, 8, 10, 12, 14, 17] guide=false keep_cov=2.9038 id_nonmono=false
[TRACE_BTM] t=34 k=3 keep_nodes=[3, 5, 6, 10, 12, 14, 17] guide=false keep_cov=1.1069 id_nonmono=false
[TRACE_BTM] t=34 k=4 keep_nodes=[3, 4, 5, 6, 10, 12, 14, 15, 16] guide=false keep_cov=0.7253 id_nonmono=false
[TRACE_BTM] t=34 k=5 keep_nodes=[2, 3, 4, 5, 6, 10, 14, 17] guide=false keep_cov=0.5798 id_nonmono=false
[TRACE_BTM] t=34 k=6 keep_nodes=[7, 8, 9, 10, 12, 14, 17] guide=false keep_cov=0.7017 id_nonmono=false
[TRACE_BTM] t=34 k=7 keep_nodes=[3, 5, 6, 8, 10, 12, 13, 14, 17] guide=false keep_cov=0.5411 id_nonmono=false
[TRACE_BTM] t=34 k=7 score intersect=2802 internaldist=0 flank=0 maxintersect=0 mininternaldist=2305843009213693951 minflank=2305843009213693951
[TRACE_BTM] t=34 after k=7 tmatch=[7] abundancesum=0.5411
[TRACE_BTM] t=34 k=8 keep_nodes=[3, 5, 6, 8, 10, 12, 14, 17] guide=false keep_cov=3.2913 id_nonmono=false
[TRACE_BTM] t=34 k=9 keep_nodes=[3, 5, 6, 10, 12, 14, 15, 16] guide=false keep_cov=1.2054 id_nonmono=false
[TRACE_BTM] t=34 k=10 keep_nodes=[3, 5, 6, 10, 12, 14, 16] guide=false keep_cov=1.1786 id_nonmono=false
[TRACE_BTM] t=34 k=11 keep_nodes=[3, 5, 6, 10, 14, 17] guide=false keep_cov=0.9346 id_nonmono=false
[TRACE_BTM] t=34 k=12 keep_nodes=[11, 12, 14, 17] guide=false keep_cov=0.5900 id_nonmono=false
[TRACE_ABUND] stage=checktrf_redistribute t=34 keep=7 keep_support=0.5411 abundsum=0.5411 tf_abund=1.0000 assigned=1.0000
[TRACE_ABUND] stage=secondpass_matched_before_zero t=34 abund=1.0000 read_count=1.0000 guide=false nodes=3 detail=matched_paths=[7] abundsum=0.5411
[TRACE_ABUND] stage=secondpass_matched_after_zero t=34 abund=0.0000 read_count=1.0000 guide=false nodes=3 detail=matched_paths=[7]
[TRACE_BTM] t=35 guide_only=false tf_nodes=[5, 6, 10] id_nonmono=false
[TRACE_BTM] t=35 k=0 keep_nodes=[3, 4, 5, 6, 10, 12, 14, 17] guide=false keep_cov=38.1422 id_nonmono=false
[TRACE_BTM] t=35 k=0 score intersect=2688 internaldist=0 flank=0 maxintersect=0 mininternaldist=2305843009213693951 minflank=2305843009213693951
[TRACE_BTM] t=35 after k=0 tmatch=[0] abundancesum=38.1422
[TRACE_BTM] t=35 k=1 keep_nodes=[3, 4, 5, 6, 10, 14, 17] guide=false keep_cov=4.5196 id_nonmono=false
[TRACE_BTM] t=35 k=1 score intersect=2688 internaldist=0 flank=0 maxintersect=2688 mininternaldist=0 minflank=0
[TRACE_BTM] t=35 after k=1 tmatch=[0, 1] abundancesum=42.6617
[TRACE_BTM] t=35 k=2 keep_nodes=[3, 4, 5, 6, 8, 10, 12, 14, 17] guide=false keep_cov=2.9038 id_nonmono=false
[TRACE_BTM] t=35 k=2 reject intersect=2429 internaldist=259 flank=0
[TRACE_BTM] t=35 k=3 keep_nodes=[3, 5, 6, 10, 12, 14, 17] guide=false keep_cov=1.1069 id_nonmono=false
[TRACE_BTM] t=35 k=3 score intersect=2688 internaldist=0 flank=0 maxintersect=2688 mininternaldist=0 minflank=0
[TRACE_BTM] t=35 after k=3 tmatch=[0, 1, 3] abundancesum=43.7686
[TRACE_BTM] t=35 k=4 keep_nodes=[3, 4, 5, 6, 10, 12, 14, 15, 16] guide=false keep_cov=0.7253 id_nonmono=false
[TRACE_BTM] t=35 k=4 score intersect=2688 internaldist=0 flank=0 maxintersect=2688 mininternaldist=0 minflank=0
[TRACE_BTM] t=35 after k=4 tmatch=[0, 1, 3, 4] abundancesum=44.4939
[TRACE_BTM] t=35 k=5 keep_nodes=[2, 3, 4, 5, 6, 10, 14, 17] guide=false keep_cov=0.5798 id_nonmono=false
[TRACE_BTM] t=35 k=5 score intersect=2688 internaldist=0 flank=0 maxintersect=2688 mininternaldist=0 minflank=0
[TRACE_BTM] t=35 after k=5 tmatch=[0, 1, 3, 4, 5] abundancesum=45.0737
[TRACE_BTM] t=35 k=6 keep_nodes=[7, 8, 9, 10, 12, 14, 17] guide=false keep_cov=0.7017 id_nonmono=false
[TRACE_BTM] t=35 k=7 keep_nodes=[3, 5, 6, 8, 10, 12, 13, 14, 17] guide=false keep_cov=0.5411 id_nonmono=false
[TRACE_BTM] t=35 k=7 reject intersect=2429 internaldist=259 flank=0
[TRACE_BTM] t=35 k=8 keep_nodes=[3, 5, 6, 8, 10, 12, 14, 17] guide=false keep_cov=3.2913 id_nonmono=false
[TRACE_BTM] t=35 k=8 reject intersect=2429 internaldist=259 flank=0
[TRACE_BTM] t=35 k=9 keep_nodes=[3, 5, 6, 10, 12, 14, 15, 16] guide=false keep_cov=1.2054 id_nonmono=false
[TRACE_BTM] t=35 k=9 score intersect=2688 internaldist=0 flank=0 maxintersect=2688 mininternaldist=0 minflank=0
[TRACE_BTM] t=35 after k=9 tmatch=[0, 1, 3, 4, 5, 9] abundancesum=46.2791
[TRACE_BTM] t=35 k=10 keep_nodes=[3, 5, 6, 10, 12, 14, 16] guide=false keep_cov=1.1786 id_nonmono=false
[TRACE_BTM] t=35 k=10 score intersect=2688 internaldist=0 flank=0 maxintersect=2688 mininternaldist=0 minflank=0
[TRACE_BTM] t=35 after k=10 tmatch=[0, 1, 3, 4, 5, 9, 10] abundancesum=47.4576
[TRACE_BTM] t=35 k=11 keep_nodes=[3, 5, 6, 10, 14, 17] guide=false keep_cov=0.9346 id_nonmono=false
[TRACE_BTM] t=35 k=11 score intersect=2688 internaldist=0 flank=0 maxintersect=2688 mininternaldist=0 minflank=0
[TRACE_BTM] t=35 after k=11 tmatch=[0, 1, 3, 4, 5, 9, 10, 11] abundancesum=48.3922
[TRACE_BTM] t=35 k=12 keep_nodes=[11, 12, 14, 17] guide=false keep_cov=0.5900 id_nonmono=false
[TRACE_BTM] t=35 k=12 skip=coord_overlap raw_tf_first=5 raw_tf_last=10 raw_keep_first=11 raw_keep_last=17
[TRACE_ABUND] stage=checktrf_redistribute t=35 keep=0 keep_support=38.1422 abundsum=48.3922 tf_abund=1.0000 assigned=0.7882
[TRACE_ABUND] stage=checktrf_redistribute t=35 keep=1 keep_support=4.5196 abundsum=48.3922 tf_abund=1.0000 assigned=0.0934
[TRACE_ABUND] stage=checktrf_redistribute t=35 keep=3 keep_support=1.1069 abundsum=48.3922 tf_abund=1.0000 assigned=0.0229
[TRACE_ABUND] stage=checktrf_redistribute t=35 keep=4 keep_support=0.7253 abundsum=48.3922 tf_abund=1.0000 assigned=0.0150
[TRACE_ABUND] stage=checktrf_redistribute t=35 keep=5 keep_support=0.5798 abundsum=48.3922 tf_abund=1.0000 assigned=0.0120
[TRACE_ABUND] stage=checktrf_redistribute t=35 keep=9 keep_support=1.2054 abundsum=48.3922 tf_abund=1.0000 assigned=0.0249
[TRACE_ABUND] stage=checktrf_redistribute t=35 keep=10 keep_support=1.1786 abundsum=48.3922 tf_abund=1.0000 assigned=0.0244
[TRACE_ABUND] stage=checktrf_redistribute t=35 keep=11 keep_support=0.9346 abundsum=48.3922 tf_abund=1.0000 assigned=0.0193
[TRACE_ABUND] stage=secondpass_matched_before_zero t=35 abund=1.0000 read_count=1.0000 guide=false nodes=3 detail=matched_paths=[0, 1, 3, 4, 5, 9, 10, 11] abundsum=48.3922
[TRACE_ABUND] stage=secondpass_matched_after_zero t=35 abund=0.0000 read_count=1.0000 guide=false nodes=3 detail=matched_paths=[0, 1, 3, 4, 5, 9, 10, 11]
[TRACE_BTM] t=36 guide_only=false tf_nodes=[5, 6] id_nonmono=false
[TRACE_BTM] t=36 k=0 keep_nodes=[3, 4, 5, 6, 10, 12, 14, 17] guide=false keep_cov=38.1422 id_nonmono=false
[TRACE_BTM] t=36 k=0 score intersect=2429 internaldist=0 flank=0 maxintersect=0 mininternaldist=2305843009213693951 minflank=2305843009213693951
[TRACE_BTM] t=36 after k=0 tmatch=[0] abundancesum=38.1422
[TRACE_BTM] t=36 k=1 keep_nodes=[3, 4, 5, 6, 10, 14, 17] guide=false keep_cov=4.5196 id_nonmono=false
[TRACE_BTM] t=36 k=1 score intersect=2429 internaldist=0 flank=0 maxintersect=2429 mininternaldist=0 minflank=0
[TRACE_BTM] t=36 after k=1 tmatch=[0, 1] abundancesum=42.6617
[TRACE_BTM] t=36 k=2 keep_nodes=[3, 4, 5, 6, 8, 10, 12, 14, 17] guide=false keep_cov=2.9038 id_nonmono=false
[TRACE_BTM] t=36 k=2 score intersect=2429 internaldist=0 flank=0 maxintersect=2429 mininternaldist=0 minflank=0
[TRACE_BTM] t=36 after k=2 tmatch=[0, 1, 2] abundancesum=45.5655
[TRACE_BTM] t=36 k=3 keep_nodes=[3, 5, 6, 10, 12, 14, 17] guide=false keep_cov=1.1069 id_nonmono=false
[TRACE_BTM] t=36 k=3 score intersect=2429 internaldist=0 flank=0 maxintersect=2429 mininternaldist=0 minflank=0
[TRACE_BTM] t=36 after k=3 tmatch=[0, 1, 2, 3] abundancesum=46.6724
[TRACE_BTM] t=36 k=4 keep_nodes=[3, 4, 5, 6, 10, 12, 14, 15, 16] guide=false keep_cov=0.7253 id_nonmono=false
[TRACE_BTM] t=36 k=4 score intersect=2429 internaldist=0 flank=0 maxintersect=2429 mininternaldist=0 minflank=0
[TRACE_BTM] t=36 after k=4 tmatch=[0, 1, 2, 3, 4] abundancesum=47.3977
[TRACE_BTM] t=36 k=5 keep_nodes=[2, 3, 4, 5, 6, 10, 14, 17] guide=false keep_cov=0.5798 id_nonmono=false
[TRACE_BTM] t=36 k=5 score intersect=2429 internaldist=0 flank=0 maxintersect=2429 mininternaldist=0 minflank=0
[TRACE_BTM] t=36 after k=5 tmatch=[0, 1, 2, 3, 4, 5] abundancesum=47.9775
[TRACE_BTM] t=36 k=6 keep_nodes=[7, 8, 9, 10, 12, 14, 17] guide=false keep_cov=0.7017 id_nonmono=false
[TRACE_BTM] t=36 k=6 skip=coord_overlap raw_tf_first=5 raw_tf_last=6 raw_keep_first=7 raw_keep_last=17
[TRACE_BTM] t=36 k=7 keep_nodes=[3, 5, 6, 8, 10, 12, 13, 14, 17] guide=false keep_cov=0.5411 id_nonmono=false
[TRACE_BTM] t=36 k=7 score intersect=2429 internaldist=0 flank=0 maxintersect=2429 mininternaldist=0 minflank=0
[TRACE_BTM] t=36 after k=7 tmatch=[0, 1, 2, 3, 4, 5, 7] abundancesum=48.5186
[TRACE_BTM] t=36 k=8 keep_nodes=[3, 5, 6, 8, 10, 12, 14, 17] guide=false keep_cov=3.2913 id_nonmono=false
[TRACE_BTM] t=36 k=8 score intersect=2429 internaldist=0 flank=0 maxintersect=2429 mininternaldist=0 minflank=0
[TRACE_BTM] t=36 after k=8 tmatch=[0, 1, 2, 3, 4, 5, 7, 8] abundancesum=51.8099
[TRACE_BTM] t=36 k=9 keep_nodes=[3, 5, 6, 10, 12, 14, 15, 16] guide=false keep_cov=1.2054 id_nonmono=false
[TRACE_BTM] t=36 k=9 score intersect=2429 internaldist=0 flank=0 maxintersect=2429 mininternaldist=0 minflank=0
[TRACE_BTM] t=36 after k=9 tmatch=[0, 1, 2, 3, 4, 5, 7, 8, 9] abundancesum=53.0153
[TRACE_BTM] t=36 k=10 keep_nodes=[3, 5, 6, 10, 12, 14, 16] guide=false keep_cov=1.1786 id_nonmono=false
[TRACE_BTM] t=36 k=10 score intersect=2429 internaldist=0 flank=0 maxintersect=2429 mininternaldist=0 minflank=0
[TRACE_BTM] t=36 after k=10 tmatch=[0, 1, 2, 3, 4, 5, 7, 8, 9, 10] abundancesum=54.1939
[TRACE_BTM] t=36 k=11 keep_nodes=[3, 5, 6, 10, 14, 17] guide=false keep_cov=0.9346 id_nonmono=false
[TRACE_BTM] t=36 k=11 score intersect=2429 internaldist=0 flank=0 maxintersect=2429 mininternaldist=0 minflank=0
[TRACE_BTM] t=36 after k=11 tmatch=[0, 1, 2, 3, 4, 5, 7, 8, 9, 10, 11] abundancesum=55.1285
[TRACE_BTM] t=36 k=12 keep_nodes=[11, 12, 14, 17] guide=false keep_cov=0.5900 id_nonmono=false
[TRACE_BTM] t=36 k=12 skip=coord_overlap raw_tf_first=5 raw_tf_last=6 raw_keep_first=11 raw_keep_last=17
[TRACE_ABUND] stage=checktrf_redistribute t=36 keep=0 keep_support=38.1422 abundsum=55.1285 tf_abund=1.0000 assigned=0.6919
[TRACE_ABUND] stage=checktrf_redistribute t=36 keep=1 keep_support=4.5196 abundsum=55.1285 tf_abund=1.0000 assigned=0.0820
[TRACE_ABUND] stage=checktrf_redistribute t=36 keep=2 keep_support=2.9038 abundsum=55.1285 tf_abund=1.0000 assigned=0.0527
[TRACE_ABUND] stage=checktrf_redistribute t=36 keep=3 keep_support=1.1069 abundsum=55.1285 tf_abund=1.0000 assigned=0.0201
[TRACE_ABUND] stage=checktrf_redistribute t=36 keep=4 keep_support=0.7253 abundsum=55.1285 tf_abund=1.0000 assigned=0.0132
[TRACE_ABUND] stage=checktrf_redistribute t=36 keep=5 keep_support=0.5798 abundsum=55.1285 tf_abund=1.0000 assigned=0.0105
[TRACE_ABUND] stage=checktrf_redistribute t=36 keep=7 keep_support=0.5411 abundsum=55.1285 tf_abund=1.0000 assigned=0.0098
[TRACE_ABUND] stage=checktrf_redistribute t=36 keep=8 keep_support=3.2913 abundsum=55.1285 tf_abund=1.0000 assigned=0.0597
[TRACE_ABUND] stage=checktrf_redistribute t=36 keep=9 keep_support=1.2054 abundsum=55.1285 tf_abund=1.0000 assigned=0.0219
[TRACE_ABUND] stage=checktrf_redistribute t=36 keep=10 keep_support=1.1786 abundsum=55.1285 tf_abund=1.0000 assigned=0.0214
[TRACE_ABUND] stage=checktrf_redistribute t=36 keep=11 keep_support=0.9346 abundsum=55.1285 tf_abund=1.0000 assigned=0.0170
[TRACE_ABUND] stage=secondpass_matched_before_zero t=36 abund=1.0000 read_count=1.0000 guide=false nodes=2 detail=matched_paths=[0, 1, 2, 3, 4, 5, 7, 8, 9, 10, 11] abundsum=55.1285
[TRACE_ABUND] stage=secondpass_matched_after_zero t=36 abund=0.0000 read_count=1.0000 guide=false nodes=2 detail=matched_paths=[0, 1, 2, 3, 4, 5, 7, 8, 9, 10, 11]
[TRACE_BTM] t=52 guide_only=false tf_nodes=[10, 11] id_nonmono=false
[TRACE_BTM] t=52 k=0 keep_nodes=[3, 4, 5, 6, 10, 12, 14, 17] guide=false keep_cov=38.1422 id_nonmono=false
[TRACE_BTM] t=52 k=0 score intersect=259 internaldist=0 flank=1660 maxintersect=0 mininternaldist=2305843009213693951 minflank=2305843009213693951
[TRACE_BTM] t=52 after k=0 tmatch=[0] abundancesum=38.1422
[TRACE_BTM] t=52 k=1 keep_nodes=[3, 4, 5, 6, 10, 14, 17] guide=false keep_cov=4.5196 id_nonmono=false
[TRACE_BTM] t=52 k=1 score intersect=259 internaldist=0 flank=1660 maxintersect=259 mininternaldist=0 minflank=1660
[TRACE_BTM] t=52 after k=1 tmatch=[0, 1] abundancesum=42.6617
[TRACE_BTM] t=52 k=2 keep_nodes=[3, 4, 5, 6, 8, 10, 12, 14, 17] guide=false keep_cov=2.9038 id_nonmono=false
[TRACE_BTM] t=52 k=2 score intersect=259 internaldist=0 flank=1660 maxintersect=259 mininternaldist=0 minflank=1660
[TRACE_BTM] t=52 after k=2 tmatch=[0, 1, 2] abundancesum=45.5655
[TRACE_BTM] t=52 k=3 keep_nodes=[3, 5, 6, 10, 12, 14, 17] guide=false keep_cov=1.1069 id_nonmono=false
[TRACE_BTM] t=52 k=3 score intersect=259 internaldist=0 flank=1660 maxintersect=259 mininternaldist=0 minflank=1660
[TRACE_BTM] t=52 after k=3 tmatch=[0, 1, 2, 3] abundancesum=46.6724
[TRACE_BTM] t=52 k=4 keep_nodes=[3, 4, 5, 6, 10, 12, 14, 15, 16] guide=false keep_cov=0.7253 id_nonmono=false
[TRACE_BTM] t=52 k=4 score intersect=259 internaldist=0 flank=1660 maxintersect=259 mininternaldist=0 minflank=1660
[TRACE_BTM] t=52 after k=4 tmatch=[0, 1, 2, 3, 4] abundancesum=47.3977
[TRACE_BTM] t=52 k=5 keep_nodes=[2, 3, 4, 5, 6, 10, 14, 17] guide=false keep_cov=0.5798 id_nonmono=false
[TRACE_BTM] t=52 k=5 score intersect=259 internaldist=0 flank=1660 maxintersect=259 mininternaldist=0 minflank=1660
[TRACE_BTM] t=52 after k=5 tmatch=[0, 1, 2, 3, 4, 5] abundancesum=47.9775
[TRACE_BTM] t=52 k=6 keep_nodes=[7, 8, 9, 10, 12, 14, 17] guide=false keep_cov=0.7017 id_nonmono=false
[TRACE_BTM] t=52 k=6 score intersect=259 internaldist=0 flank=1660 maxintersect=259 mininternaldist=0 minflank=1660
[TRACE_BTM] t=52 after k=6 tmatch=[0, 1, 2, 3, 4, 5, 6] abundancesum=48.6791
[TRACE_BTM] t=52 k=7 keep_nodes=[3, 5, 6, 8, 10, 12, 13, 14, 17] guide=false keep_cov=0.5411 id_nonmono=false
[TRACE_BTM] t=52 k=7 score intersect=259 internaldist=0 flank=1660 maxintersect=259 mininternaldist=0 minflank=1660
[TRACE_BTM] t=52 after k=7 tmatch=[0, 1, 2, 3, 4, 5, 6, 7] abundancesum=49.2203
[TRACE_BTM] t=52 k=8 keep_nodes=[3, 5, 6, 8, 10, 12, 14, 17] guide=false keep_cov=3.2913 id_nonmono=false
[TRACE_BTM] t=52 k=8 score intersect=259 internaldist=0 flank=1660 maxintersect=259 mininternaldist=0 minflank=1660
[TRACE_BTM] t=52 after k=8 tmatch=[0, 1, 2, 3, 4, 5, 6, 7, 8] abundancesum=52.5116
[TRACE_BTM] t=52 k=9 keep_nodes=[3, 5, 6, 10, 12, 14, 15, 16] guide=false keep_cov=1.2054 id_nonmono=false
[TRACE_BTM] t=52 k=9 score intersect=259 internaldist=0 flank=1660 maxintersect=259 mininternaldist=0 minflank=1660
[TRACE_BTM] t=52 after k=9 tmatch=[0, 1, 2, 3, 4, 5, 6, 7, 8, 9] abundancesum=53.7170
[TRACE_BTM] t=52 k=10 keep_nodes=[3, 5, 6, 10, 12, 14, 16] guide=false keep_cov=1.1786 id_nonmono=false
[TRACE_BTM] t=52 k=10 score intersect=259 internaldist=0 flank=1660 maxintersect=259 mininternaldist=0 minflank=1660
[TRACE_BTM] t=52 after k=10 tmatch=[0, 1, 2, 3, 4, 5, 6, 7, 8, 9, 10] abundancesum=54.8956
[TRACE_BTM] t=52 k=11 keep_nodes=[3, 5, 6, 10, 14, 17] guide=false keep_cov=0.9346 id_nonmono=false
[TRACE_BTM] t=52 k=11 score intersect=259 internaldist=0 flank=1660 maxintersect=259 mininternaldist=0 minflank=1660
[TRACE_BTM] t=52 after k=11 tmatch=[0, 1, 2, 3, 4, 5, 6, 7, 8, 9, 10, 11] abundancesum=55.8301
[TRACE_BTM] t=52 k=12 keep_nodes=[11, 12, 14, 17] guide=false keep_cov=0.5900 id_nonmono=false
[TRACE_ABUND] stage=checktrf_redistribute t=52 keep=0 keep_support=38.1422 abundsum=55.8301 tf_abund=1.0000 assigned=0.6832
[TRACE_ABUND] stage=checktrf_redistribute t=52 keep=1 keep_support=4.5196 abundsum=55.8301 tf_abund=1.0000 assigned=0.0810
[TRACE_ABUND] stage=checktrf_redistribute t=52 keep=2 keep_support=2.9038 abundsum=55.8301 tf_abund=1.0000 assigned=0.0520
[TRACE_ABUND] stage=checktrf_redistribute t=52 keep=3 keep_support=1.1069 abundsum=55.8301 tf_abund=1.0000 assigned=0.0198
[TRACE_ABUND] stage=checktrf_redistribute t=52 keep=4 keep_support=0.7253 abundsum=55.8301 tf_abund=1.0000 assigned=0.0130
[TRACE_ABUND] stage=checktrf_redistribute t=52 keep=5 keep_support=0.5798 abundsum=55.8301 tf_abund=1.0000 assigned=0.0104
[TRACE_ABUND] stage=checktrf_redistribute t=52 keep=6 keep_support=0.7017 abundsum=55.8301 tf_abund=1.0000 assigned=0.0126
[TRACE_ABUND] stage=checktrf_redistribute t=52 keep=7 keep_support=0.5411 abundsum=55.8301 tf_abund=1.0000 assigned=0.0097
[TRACE_ABUND] stage=checktrf_redistribute t=52 keep=8 keep_support=3.2913 abundsum=55.8301 tf_abund=1.0000 assigned=0.0590
[TRACE_ABUND] stage=checktrf_redistribute t=52 keep=9 keep_support=1.2054 abundsum=55.8301 tf_abund=1.0000 assigned=0.0216
[TRACE_ABUND] stage=checktrf_redistribute t=52 keep=10 keep_support=1.1786 abundsum=55.8301 tf_abund=1.0000 assigned=0.0211
[TRACE_ABUND] stage=checktrf_redistribute t=52 keep=11 keep_support=0.9346 abundsum=55.8301 tf_abund=1.0000 assigned=0.0167
[TRACE_ABUND] stage=secondpass_matched_before_zero t=52 abund=1.0000 read_count=1.0000 guide=false nodes=2 detail=matched_paths=[0, 1, 2, 3, 4, 5, 6, 7, 8, 9, 10, 11] abundsum=55.8301
[TRACE_ABUND] stage=secondpass_matched_after_zero t=52 abund=0.0000 read_count=1.0000 guide=false nodes=2 detail=matched_paths=[0, 1, 2, 3, 4, 5, 6, 7, 8, 9, 10, 11]
[BUNDLE_TRACE] ENTER_PAIRWISE 80275063-80286948 exons=5 cov=0.764245 longcov=1.000000 bpcov_cov=339645.000 tlen=6035 score=4612.219 is_lr=true src=flow exon_lens=[3995,99,259,267,1415] introns=[80279058-80279367,80279466-80281670,80281929-80284818,80285085-80285533] 
[BUNDLE_TRACE] ENTER_PAIRWISE 80275346-80286948 exons=6 cov=41.236993 longcov=25.000000 bpcov_cov=352224.000 tlen=5861 score=241690.016 is_lr=true src=flow exon_lens=[3712,99,259,109,267,1415] introns=[80279058-80279367,80279466-80281670,80281929-80283589,80283698-80284818,80285085-80285533] 
[BUNDLE_TRACE] ENTER_PAIRWISE 80275346-80286948 exons=5 cov=6.028377 longcov=6.000000 bpcov_cov=339362.000 tlen=5752 score=34675.225 is_lr=true src=flow exon_lens=[3712,99,259,267,1415] introns=[80279058-80279367,80279466-80281670,80281929-80284818,80285085-80285533] 
[BUNDLE_TRACE] ENTER_PAIRWISE 80275346-80286948 exons=7 cov=2.910337 longcov=5.000000 bpcov_cov=355014.000 tlen=6047 score=17598.810 is_lr=true src=flow exon_lens=[3712,99,186,259,109,267,1415] introns=[80279058-80279367,80279466-80280746,80280932-80281670,80281929-80283589,80283698-80284818,80285085-80285533] 
[BUNDLE_TRACE] ENTER_PAIRWISE 80275346-80286948 exons=7 cov=1.341849 longcov=2.000000 bpcov_cov=328681.000 tlen=5219 score=7003.110 is_lr=true src=flow exon_lens=[740,2330,99,259,109,267,1415] introns=[80276086-80276728,80279058-80279367,80279466-80281670,80281929-80283589,80283698-80284818,80285085-80285533] 
[BUNDLE_TRACE] ENTER_PAIRWISE 80275346-80285399 exons=5 cov=0.797765 longcov=1.000000 bpcov_cov=335601.000 tlen=4760 score=3797.360 is_lr=true src=flow exon_lens=[3712,99,259,109,581] introns=[80279058-80279367,80279466-80281670,80281929-80283589,80283698-80284818] 
[BUNDLE_TRACE] ENTER_PAIRWISE 80275346-80286948 exons=7 cov=0.821511 longcov=1.000000 bpcov_cov=333450.000 tlen=6525 score=5360.357 is_lr=true src=flow exon_lens=[740,2330,99,186,259,1496,1415] introns=[80276086-80276728,80279058-80279367,80279466-80280746,80280932-80281670,80281929-80283589,80285085-80285533] 
[BUNDLE_TRACE] ENTER_PAIRWISE 80275346-80286948 exons=8 cov=3.789256 longcov=7.000000 bpcov_cov=331471.000 tlen=5405 score=20480.929 is_lr=true src=flow exon_lens=[740,2330,99,186,259,109,267,1415] introns=[80276086-80276728,80279058-80279367,80279466-80280746,80280932-80281670,80281929-80283589,80283698-80284818,80285085-80285533] 
[BUNDLE_TRACE] ENTER_PAIRWISE 80275346-80285399 exons=6 cov=1.529758 longcov=2.000000 bpcov_cov=312058.000 tlen=4118 score=6299.545 is_lr=true src=flow exon_lens=[740,2330,99,259,109,581] introns=[80276086-80276728,80279058-80279367,80279466-80281670,80281929-80283589,80283698-80284818] 
[BUNDLE_TRACE] ENTER_PAIRWISE 80275346-80285399 exons=7 cov=1.506263 longcov=2.000000 bpcov_cov=311657.000 tlen=3985 score=6002.456 is_lr=true src=flow exon_lens=[740,2330,99,259,109,267,181] introns=[80276086-80276728,80279058-80279367,80279466-80281670,80281929-80283589,80283698-80284818,80285085-80285218] 
[BUNDLE_TRACE] ENTER_PAIRWISE 80275346-80286948 exons=6 cov=1.254399 longcov=1.000000 bpcov_cov=315819.000 tlen=5110 score=6409.981 is_lr=true src=checktrf_rescue exon_lens=[740,2330,99,259,267,1415] introns=[80276086-80276728,80279058-80279367,80279466-80281670,80281929-80284818,80285085-80285533] 
[BUNDLE_TRACE] ENTER_PAIRWISE 80279472-80286948 exons=4 cov=0.702451 longcov=1.000000 bpcov_cov=105244.000 tlen=4248 score=2984.012 is_lr=true src=flow exon_lens=[2457,109,267,1415] introns=[80281929-80283589,80283698-80284818,80285085-80285533] 
[BUNDLE_TRACE] ENTER_PAIRWISE 80281929-80286948 exons=3 cov=0.589974 longcov=1.000000 bpcov_cov=67495.000 tlen=3451 score=2036.000 is_lr=true src=checktrf_rescue exon_lens=[1769,267,1415] introns=[80283698-80284818,80285085-80285533] 
[BUNDLE_TRACE] PAIRWISE_KILL 80275346-80285399 exons=6 cov=1.529758 longcov=2.000000 bpcov_cov=312058.000 tlen=4118 score=6299.545 is_lr=true src=flow exon_lens=[740,2330,99,259,109,581] introns=[80276086-80276728,80279058-80279367,80279466-80281670,80281929-80283589,80283698-80284818] KILLED_BY=1 REASON=retained_intron
[BUNDLE_TRACE] PAIRWISE_KILL 80275346-80286948 exons=7 cov=0.821511 longcov=1.000000 bpcov_cov=333450.000 tlen=6525 score=5360.357 is_lr=true src=flow exon_lens=[740,2330,99,186,259,1496,1415] introns=[80276086-80276728,80279058-80279367,80279466-80280746,80280932-80281670,80281929-80283589,80285085-80285533] KILLED_BY=1 REASON=retained_intron
[BUNDLE_TRACE] PAIRWISE_KILL 80275346-80285399 exons=5 cov=0.797765 longcov=1.000000 bpcov_cov=335601.000 tlen=4760 score=3797.360 is_lr=true src=flow exon_lens=[3712,99,259,109,581] introns=[80279058-80279367,80279466-80281670,80281929-80283589,80283698-80284818] KILLED_BY=1 REASON=retained_intron
[BUNDLE_TRACE] PAIRWISE_KILL 80279472-80286948 exons=4 cov=0.702451 longcov=1.000000 bpcov_cov=105244.000 tlen=4248 score=2984.012 is_lr=true src=flow exon_lens=[2457,109,267,1415] introns=[80281929-80283589,80283698-80284818,80285085-80285533] KILLED_BY=1 REASON=retained_intron
[BUNDLE_TRACE] PAIRWISE_KILL 80281929-80286948 exons=3 cov=0.589974 longcov=1.000000 bpcov_cov=67495.000 tlen=3451 score=2036.000 is_lr=true src=checktrf_rescue exon_lens=[1769,267,1415] introns=[80283698-80284818,80285085-80285533] KILLED_BY=1 REASON=retained_intron
[BUNDLE_TRACE] AFTER_PAIRWISE 80275063-80286948 exons=5 cov=0.764245 longcov=1.000000 bpcov_cov=339645.000 tlen=6035 score=4612.219 is_lr=true src=flow exon_lens=[3995,99,259,267,1415] introns=[80279058-80279367,80279466-80281670,80281929-80284818,80285085-80285533] 
[BUNDLE_TRACE] AFTER_PAIRWISE 80275346-80286948 exons=6 cov=41.236993 longcov=25.000000 bpcov_cov=352224.000 tlen=5861 score=241690.016 is_lr=true src=flow exon_lens=[3712,99,259,109,267,1415] introns=[80279058-80279367,80279466-80281670,80281929-80283589,80283698-80284818,80285085-80285533] 
[BUNDLE_TRACE] AFTER_PAIRWISE 80275346-80286948 exons=5 cov=6.028377 longcov=6.000000 bpcov_cov=339362.000 tlen=5752 score=34675.225 is_lr=true src=flow exon_lens=[3712,99,259,267,1415] introns=[80279058-80279367,80279466-80281670,80281929-80284818,80285085-80285533] 
[BUNDLE_TRACE] AFTER_PAIRWISE 80275346-80286948 exons=7 cov=2.910337 longcov=5.000000 bpcov_cov=355014.000 tlen=6047 score=17598.810 is_lr=true src=flow exon_lens=[3712,99,186,259,109,267,1415] introns=[80279058-80279367,80279466-80280746,80280932-80281670,80281929-80283589,80283698-80284818,80285085-80285533] 
[BUNDLE_TRACE] AFTER_PAIRWISE 80275346-80286948 exons=7 cov=1.341849 longcov=2.000000 bpcov_cov=328681.000 tlen=5219 score=7003.110 is_lr=true src=flow exon_lens=[740,2330,99,259,109,267,1415] introns=[80276086-80276728,80279058-80279367,80279466-80281670,80281929-80283589,80283698-80284818,80285085-80285533] 
[BUNDLE_TRACE] AFTER_PAIRWISE 80275346-80286948 exons=8 cov=3.789256 longcov=7.000000 bpcov_cov=331471.000 tlen=5405 score=20480.929 is_lr=true src=flow exon_lens=[740,2330,99,186,259,109,267,1415] introns=[80276086-80276728,80279058-80279367,80279466-80280746,80280932-80281670,80281929-80283589,80283698-80284818,80285085-80285533] 
[BUNDLE_TRACE] AFTER_PAIRWISE 80275346-80285399 exons=7 cov=1.506263 longcov=2.000000 bpcov_cov=311657.000 tlen=3985 score=6002.456 is_lr=true src=flow exon_lens=[740,2330,99,259,109,267,181] introns=[80276086-80276728,80279058-80279367,80279466-80281670,80281929-80283589,80283698-80284818,80285085-80285218] 
[BUNDLE_TRACE] AFTER_PAIRWISE 80275346-80286948 exons=6 cov=1.254399 longcov=1.000000 bpcov_cov=315819.000 tlen=5110 score=6409.981 is_lr=true src=checktrf_rescue exon_lens=[740,2330,99,259,267,1415] introns=[80276086-80276728,80279058-80279367,80279466-80281670,80281929-80284818,80285085-80285533] 
[BUNDLE_TRACE] AFTER_ISOFRAC 80275063-80286948 exons=5 cov=0.764245 longcov=1.000000 bpcov_cov=339645.000 tlen=6035 score=4612.219 is_lr=true src=flow exon_lens=[3995,99,259,267,1415] introns=[80279058-80279367,80279466-80281670,80281929-80284818,80285085-80285533] 
[BUNDLE_TRACE] AFTER_ISOFRAC 80275346-80286948 exons=6 cov=41.236993 longcov=25.000000 bpcov_cov=352224.000 tlen=5861 score=241690.016 is_lr=true src=flow exon_lens=[3712,99,259,109,267,1415] introns=[80279058-80279367,80279466-80281670,80281929-80283589,80283698-80284818,80285085-80285533] 
[BUNDLE_TRACE] AFTER_ISOFRAC 80275346-80286948 exons=5 cov=6.028377 longcov=6.000000 bpcov_cov=339362.000 tlen=5752 score=34675.225 is_lr=true src=flow exon_lens=[3712,99,259,267,1415] introns=[80279058-80279367,80279466-80281670,80281929-80284818,80285085-80285533] 
[BUNDLE_TRACE] AFTER_ISOFRAC 80275346-80286948 exons=7 cov=2.910337 longcov=5.000000 bpcov_cov=355014.000 tlen=6047 score=17598.810 is_lr=true src=flow exon_lens=[3712,99,186,259,109,267,1415] introns=[80279058-80279367,80279466-80280746,80280932-80281670,80281929-80283589,80283698-80284818,80285085-80285533] 
[BUNDLE_TRACE] AFTER_ISOFRAC 80275346-80286948 exons=7 cov=1.341849 longcov=2.000000 bpcov_cov=328681.000 tlen=5219 score=7003.110 is_lr=true src=flow exon_lens=[740,2330,99,259,109,267,1415] introns=[80276086-80276728,80279058-80279367,80279466-80281670,80281929-80283589,80283698-80284818,80285085-80285533] 
[BUNDLE_TRACE] AFTER_ISOFRAC 80275346-80286948 exons=8 cov=3.789256 longcov=7.000000 bpcov_cov=331471.000 tlen=5405 score=20480.929 is_lr=true src=flow exon_lens=[740,2330,99,186,259,109,267,1415] introns=[80276086-80276728,80279058-80279367,80279466-80280746,80280932-80281670,80281929-80283589,80283698-80284818,80285085-80285533] 
[BUNDLE_TRACE] AFTER_ISOFRAC 80275346-80285399 exons=7 cov=1.506263 longcov=2.000000 bpcov_cov=311657.000 tlen=3985 score=6002.456 is_lr=true src=flow exon_lens=[740,2330,99,259,109,267,181] introns=[80276086-80276728,80279058-80279367,80279466-80281670,80281929-80283589,80283698-80284818,80285085-80285218] 
[BUNDLE_TRACE] AFTER_ISOFRAC 80275346-80286948 exons=6 cov=1.254399 longcov=1.000000 bpcov_cov=315819.000 tlen=5110 score=6409.981 is_lr=true src=checktrf_rescue exon_lens=[740,2330,99,259,267,1415] introns=[80276086-80276728,80279058-80279367,80279466-80281670,80281929-80284818,80285085-80285533] 
[BUNDLE_TRACE] AFTER_RUNOFF 80275063-80286948 exons=5 cov=0.764245 longcov=1.000000 bpcov_cov=339645.000 tlen=6035 score=4612.219 is_lr=true src=flow exon_lens=[3995,99,259,267,1415] introns=[80279058-80279367,80279466-80281670,80281929-80284818,80285085-80285533] 
[BUNDLE_TRACE] AFTER_RUNOFF 80275346-80286948 exons=6 cov=41.236993 longcov=25.000000 bpcov_cov=352224.000 tlen=5861 score=241690.016 is_lr=true src=flow exon_lens=[3712,99,259,109,267,1415] introns=[80279058-80279367,80279466-80281670,80281929-80283589,80283698-80284818,80285085-80285533] 
[BUNDLE_TRACE] AFTER_RUNOFF 80275346-80286948 exons=5 cov=6.028377 longcov=6.000000 bpcov_cov=339362.000 tlen=5752 score=34675.225 is_lr=true src=flow exon_lens=[3712,99,259,267,1415] introns=[80279058-80279367,80279466-80281670,80281929-80284818,80285085-80285533] 
[BUNDLE_TRACE] AFTER_RUNOFF 80275346-80286948 exons=7 cov=2.910337 longcov=5.000000 bpcov_cov=355014.000 tlen=6047 score=17598.810 is_lr=true src=flow exon_lens=[3712,99,186,259,109,267,1415] introns=[80279058-80279367,80279466-80280746,80280932-80281670,80281929-80283589,80283698-80284818,80285085-80285533] 
[BUNDLE_TRACE] AFTER_RUNOFF 80275346-80286948 exons=7 cov=1.341849 longcov=2.000000 bpcov_cov=328681.000 tlen=5219 score=7003.110 is_lr=true src=flow exon_lens=[740,2330,99,259,109,267,1415] introns=[80276086-80276728,80279058-80279367,80279466-80281670,80281929-80283589,80283698-80284818,80285085-80285533] 
[BUNDLE_TRACE] AFTER_RUNOFF 80275346-80286948 exons=8 cov=3.789256 longcov=7.000000 bpcov_cov=331471.000 tlen=5405 score=20480.929 is_lr=true src=flow exon_lens=[740,2330,99,186,259,109,267,1415] introns=[80276086-80276728,80279058-80279367,80279466-80280746,80280932-80281670,80281929-80283589,80283698-80284818,80285085-80285533] 
[BUNDLE_TRACE] AFTER_RUNOFF 80275346-80285399 exons=7 cov=1.506263 longcov=2.000000 bpcov_cov=311657.000 tlen=3985 score=6002.456 is_lr=true src=flow exon_lens=[740,2330,99,259,109,267,181] introns=[80276086-80276728,80279058-80279367,80279466-80281670,80281929-80283589,80283698-80284818,80285085-80285218] 
[BUNDLE_TRACE] AFTER_RUNOFF 80275346-80286948 exons=6 cov=1.254399 longcov=1.000000 bpcov_cov=315819.000 tlen=5110 score=6409.981 is_lr=true src=checktrf_rescue exon_lens=[740,2330,99,259,267,1415] introns=[80276086-80276728,80279058-80279367,80279466-80281670,80281929-80284818,80285085-80285533] 
[BUNDLE_TRACE] AFTER_POLYRUNOFF 80275063-80286948 exons=5 cov=0.764245 longcov=1.000000 bpcov_cov=339645.000 tlen=6035 score=4612.219 is_lr=true src=flow exon_lens=[3995,99,259,267,1415] introns=[80279058-80279367,80279466-80281670,80281929-80284818,80285085-80285533] 
[BUNDLE_TRACE] AFTER_POLYRUNOFF 80275346-80286948 exons=6 cov=41.236993 longcov=25.000000 bpcov_cov=352224.000 tlen=5861 score=241690.016 is_lr=true src=flow exon_lens=[3712,99,259,109,267,1415] introns=[80279058-80279367,80279466-80281670,80281929-80283589,80283698-80284818,80285085-80285533] 
[BUNDLE_TRACE] AFTER_POLYRUNOFF 80275346-80286948 exons=5 cov=6.028377 longcov=6.000000 bpcov_cov=339362.000 tlen=5752 score=34675.225 is_lr=true src=flow exon_lens=[3712,99,259,267,1415] introns=[80279058-80279367,80279466-80281670,80281929-80284818,80285085-80285533] 
[BUNDLE_TRACE] AFTER_POLYRUNOFF 80275346-80286948 exons=7 cov=2.910337 longcov=5.000000 bpcov_cov=355014.000 tlen=6047 score=17598.810 is_lr=true src=flow exon_lens=[3712,99,186,259,109,267,1415] introns=[80279058-80279367,80279466-80280746,80280932-80281670,80281929-80283589,80283698-80284818,80285085-80285533] 
[BUNDLE_TRACE] AFTER_POLYRUNOFF 80275346-80286948 exons=7 cov=1.341849 longcov=2.000000 bpcov_cov=328681.000 tlen=5219 score=7003.110 is_lr=true src=flow exon_lens=[740,2330,99,259,109,267,1415] introns=[80276086-80276728,80279058-80279367,80279466-80281670,80281929-80283589,80283698-80284818,80285085-80285533] 
[BUNDLE_TRACE] AFTER_POLYRUNOFF 80275346-80286948 exons=8 cov=3.789256 longcov=7.000000 bpcov_cov=331471.000 tlen=5405 score=20480.929 is_lr=true src=flow exon_lens=[740,2330,99,186,259,109,267,1415] introns=[80276086-80276728,80279058-80279367,80279466-80280746,80280932-80281670,80281929-80283589,80283698-80284818,80285085-80285533] 
[BUNDLE_TRACE] AFTER_POLYRUNOFF 80275346-80285399 exons=7 cov=1.506263 longcov=2.000000 bpcov_cov=311657.000 tlen=3985 score=6002.456 is_lr=true src=flow exon_lens=[740,2330,99,259,109,267,181] introns=[80276086-80276728,80279058-80279367,80279466-80281670,80281929-80283589,80283698-80284818,80285085-80285218] 
[BUNDLE_TRACE] AFTER_POLYRUNOFF 80275346-80286948 exons=6 cov=1.254399 longcov=1.000000 bpcov_cov=315819.000 tlen=5110 score=6409.981 is_lr=true src=checktrf_rescue exon_lens=[740,2330,99,259,267,1415] introns=[80276086-80276728,80279058-80279367,80279466-80281670,80281929-80284818,80285085-80285533] 
[BUNDLE_TRACE] AFTER_POLYRUNON 80275063-80286948 exons=5 cov=0.764245 longcov=1.000000 bpcov_cov=339645.000 tlen=6035 score=4612.219 is_lr=true src=flow exon_lens=[3995,99,259,267,1415] introns=[80279058-80279367,80279466-80281670,80281929-80284818,80285085-80285533] 
[BUNDLE_TRACE] AFTER_POLYRUNON 80275346-80286948 exons=6 cov=41.236993 longcov=25.000000 bpcov_cov=352224.000 tlen=5861 score=241690.016 is_lr=true src=flow exon_lens=[3712,99,259,109,267,1415] introns=[80279058-80279367,80279466-80281670,80281929-80283589,80283698-80284818,80285085-80285533] 
[BUNDLE_TRACE] AFTER_POLYRUNON 80275346-80286948 exons=5 cov=6.028377 longcov=6.000000 bpcov_cov=339362.000 tlen=5752 score=34675.225 is_lr=true src=flow exon_lens=[3712,99,259,267,1415] introns=[80279058-80279367,80279466-80281670,80281929-80284818,80285085-80285533] 
[BUNDLE_TRACE] AFTER_POLYRUNON 80275346-80286948 exons=7 cov=2.910337 longcov=5.000000 bpcov_cov=355014.000 tlen=6047 score=17598.810 is_lr=true src=flow exon_lens=[3712,99,186,259,109,267,1415] introns=[80279058-80279367,80279466-80280746,80280932-80281670,80281929-80283589,80283698-80284818,80285085-80285533] 
[BUNDLE_TRACE] AFTER_POLYRUNON 80275346-80286948 exons=7 cov=1.341849 longcov=2.000000 bpcov_cov=328681.000 tlen=5219 score=7003.110 is_lr=true src=flow exon_lens=[740,2330,99,259,109,267,1415] introns=[80276086-80276728,80279058-80279367,80279466-80281670,80281929-80283589,80283698-80284818,80285085-80285533] 
[BUNDLE_TRACE] AFTER_POLYRUNON 80275346-80286948 exons=8 cov=3.789256 longcov=7.000000 bpcov_cov=331471.000 tlen=5405 score=20480.929 is_lr=true src=flow exon_lens=[740,2330,99,186,259,109,267,1415] introns=[80276086-80276728,80279058-80279367,80279466-80280746,80280932-80281670,80281929-80283589,80283698-80284818,80285085-80285533] 
[BUNDLE_TRACE] AFTER_POLYRUNON 80275346-80285399 exons=7 cov=1.506263 longcov=2.000000 bpcov_cov=311657.000 tlen=3985 score=6002.456 is_lr=true src=flow exon_lens=[740,2330,99,259,109,267,181] introns=[80276086-80276728,80279058-80279367,80279466-80281670,80281929-80283589,80283698-80284818,80285085-80285218] 
[BUNDLE_TRACE] AFTER_POLYRUNON 80275346-80286948 exons=6 cov=1.254399 longcov=1.000000 bpcov_cov=315819.000 tlen=5110 score=6409.981 is_lr=true src=checktrf_rescue exon_lens=[740,2330,99,259,267,1415] introns=[80276086-80276728,80279058-80279367,80279466-80281670,80281929-80284818,80285085-80285533] 
[BUNDLE_TRACE] AFTER_READTHR 80275346-80286948 exons=6 cov=41.236993 longcov=25.000000 bpcov_cov=352224.000 tlen=5861 score=241690.016 is_lr=true src=flow exon_lens=[3712,99,259,109,267,1415] introns=[80279058-80279367,80279466-80281670,80281929-80283589,80283698-80284818,80285085-80285533] 
[BUNDLE_TRACE] AFTER_READTHR 80275346-80286948 exons=5 cov=6.028377 longcov=6.000000 bpcov_cov=339362.000 tlen=5752 score=34675.225 is_lr=true src=flow exon_lens=[3712,99,259,267,1415] introns=[80279058-80279367,80279466-80281670,80281929-80284818,80285085-80285533] 
[BUNDLE_TRACE] AFTER_READTHR 80275346-80286948 exons=7 cov=2.910337 longcov=5.000000 bpcov_cov=355014.000 tlen=6047 score=17598.810 is_lr=true src=flow exon_lens=[3712,99,186,259,109,267,1415] introns=[80279058-80279367,80279466-80280746,80280932-80281670,80281929-80283589,80283698-80284818,80285085-80285533] 
[BUNDLE_TRACE] AFTER_READTHR 80275346-80286948 exons=7 cov=1.341849 longcov=2.000000 bpcov_cov=328681.000 tlen=5219 score=7003.110 is_lr=true src=flow exon_lens=[740,2330,99,259,109,267,1415] introns=[80276086-80276728,80279058-80279367,80279466-80281670,80281929-80283589,80283698-80284818,80285085-80285533] 
[BUNDLE_TRACE] AFTER_READTHR 80275346-80286948 exons=8 cov=3.789256 longcov=7.000000 bpcov_cov=331471.000 tlen=5405 score=20480.929 is_lr=true src=flow exon_lens=[740,2330,99,186,259,109,267,1415] introns=[80276086-80276728,80279058-80279367,80279466-80280746,80280932-80281670,80281929-80283589,80283698-80284818,80285085-80285533] 
[BUNDLE_TRACE] AFTER_READTHR 80275346-80285399 exons=7 cov=1.506263 longcov=2.000000 bpcov_cov=311657.000 tlen=3985 score=6002.456 is_lr=true src=flow exon_lens=[740,2330,99,259,109,267,181] introns=[80276086-80276728,80279058-80279367,80279466-80281670,80281929-80283589,80283698-80284818,80285085-80285218] 
[BUNDLE_TRACE] AFTER_READTHR 80275346-80286948 exons=6 cov=1.254399 longcov=1.000000 bpcov_cov=315819.000 tlen=5110 score=6409.981 is_lr=true src=checktrf_rescue exon_lens=[740,2330,99,259,267,1415] introns=[80276086-80276728,80279058-80279367,80279466-80281670,80281929-80284818,80285085-80285533] 
[BUNDLE_TRACE] FINAL_OUTPUT 80275346-80286948 exons=6 cov=41.236993 longcov=25.000000 bpcov_cov=352224.000 tlen=5861 score=241690.016 is_lr=true src=flow exon_lens=[3712,99,259,109,267,1415] introns=[80279058-80279367,80279466-80281670,80281929-80283589,80283698-80284818,80285085-80285533] 
[BUNDLE_TRACE] FINAL_OUTPUT 80275346-80286948 exons=5 cov=6.028377 longcov=6.000000 bpcov_cov=339362.000 tlen=5752 score=34675.225 is_lr=true src=flow exon_lens=[3712,99,259,267,1415] introns=[80279058-80279367,80279466-80281670,80281929-80284818,80285085-80285533] 
[BUNDLE_TRACE] FINAL_OUTPUT 80275346-80286948 exons=7 cov=2.910337 longcov=5.000000 bpcov_cov=355014.000 tlen=6047 score=17598.810 is_lr=true src=flow exon_lens=[3712,99,186,259,109,267,1415] introns=[80279058-80279367,80279466-80280746,80280932-80281670,80281929-80283589,80283698-80284818,80285085-80285533] 
[BUNDLE_TRACE] FINAL_OUTPUT 80275346-80286948 exons=7 cov=1.341849 longcov=2.000000 bpcov_cov=328681.000 tlen=5219 score=7003.110 is_lr=true src=flow exon_lens=[740,2330,99,259,109,267,1415] introns=[80276086-80276728,80279058-80279367,80279466-80281670,80281929-80283589,80283698-80284818,80285085-80285533] 
[BUNDLE_TRACE] FINAL_OUTPUT 80275346-80286948 exons=8 cov=3.789256 longcov=7.000000 bpcov_cov=331471.000 tlen=5405 score=20480.929 is_lr=true src=flow exon_lens=[740,2330,99,186,259,109,267,1415] introns=[80276086-80276728,80279058-80279367,80279466-80280746,80280932-80281670,80281929-80283589,80283698-80284818,80285085-80285533] 
[BUNDLE_TRACE] FINAL_OUTPUT 80275346-80285399 exons=7 cov=1.506263 longcov=2.000000 bpcov_cov=311657.000 tlen=3985 score=6002.456 is_lr=true src=flow exon_lens=[740,2330,99,259,109,267,181] introns=[80276086-80276728,80279058-80279367,80279466-80281670,80281929-80283589,80283698-80284818,80285085-80285218] 
[BUNDLE_TRACE] FINAL_OUTPUT 80275346-80286948 exons=6 cov=1.254399 longcov=1.000000 bpcov_cov=315819.000 tlen=5110 score=6409.981 is_lr=true src=checktrf_rescue exon_lens=[740,2330,99,259,267,1415] introns=[80276086-80276728,80279058-80279367,80279466-80281670,80281929-80284818,80285085-80285533] 
[TRACE_MAPTRF] raw=[1, 3, 5, 8, 10, 12, 14, 16, 18, 19] raw_span=80284050-80295777 trimmed=[1, 3, 5, 8, 10, 12, 14, 16, 18, 19] trimmed_span=80284050-80295777 ref=80209128-80295775 is_long=true poly=false/false orphan=false
[TRACE_MAPTRF] create_new key=[1, 3, 5, 8, 10, 12, 14, 16, 18, 19] add=1.000 ref=80209128-80295775
[TRACE_MAPTRF] raw=[1, 3, 5, 8, 10, 12, 14, 16, 18, 19] raw_span=80284050-80295777 trimmed=[1, 3, 5, 8, 10, 12, 14, 16, 18, 19] trimmed_span=80284050-80295777 ref=80209394-80295776 is_long=true poly=false/false orphan=false
[TRACE_MAPTRF] update_existing idx=0 key=[1, 3, 5, 8, 10, 12, 14, 16, 18, 19] old_abund=1.000 old_srabund=0.000 add=1.000
[TRACE_MAPTRF] raw=[1, 3, 5, 8, 10, 12, 14, 16, 18, 19] raw_span=80284050-80295777 trimmed=[1, 3, 5, 8, 10, 12, 14, 16, 18, 19] trimmed_span=80284050-80295777 ref=80284944-80295773 is_long=true poly=false/false orphan=false
[TRACE_MAPTRF] update_existing idx=0 key=[1, 3, 5, 8, 10, 12, 14, 16, 18, 19] old_abund=2.000 old_srabund=0.000 add=1.000
[TRACE_MAPTRF] raw=[1, 3, 5, 8, 9, 10, 11, 12, 13, 14, 15, 16, 18, 19] raw_span=80284050-80295777 trimmed=[1, 3, 5, 8, 9, 10, 11, 12, 13, 14, 15, 16, 18, 19] trimmed_span=80284050-80295777 ref=80285071-80295763 is_long=true poly=false/false orphan=false
[TRACE_MAPTRF] create_new key=[1, 3, 5, 8, 9, 10, 11, 12, 13, 14, 15, 16, 18, 19] add=1.000 ref=80285071-80295763
[TRACE_MAPTRF] raw=[1, 3, 5, 8, 10, 12, 14, 16, 18, 19] raw_span=80284050-80295777 trimmed=[1, 3, 5, 8, 10, 12, 14, 16, 18, 19] trimmed_span=80284050-80295777 ref=80285124-80295777 is_long=true poly=false/false orphan=false
[TRACE_MAPTRF] update_existing idx=0 key=[1, 3, 5, 8, 10, 12, 14, 16, 18, 19] old_abund=3.000 old_srabund=0.000 add=1.000
[TRACE_MAPTRF] raw=[1, 3, 5, 8, 10, 12, 14, 16, 18, 19] raw_span=80284050-80295777 trimmed=[1, 3, 5, 8, 10, 12, 14, 16, 18, 19] trimmed_span=80284050-80295777 ref=80285176-80295773 is_long=true poly=false/false orphan=false
[TRACE_MAPTRF] update_existing idx=0 key=[1, 3, 5, 8, 10, 12, 14, 16, 18, 19] old_abund=4.000 old_srabund=0.000 add=1.000
[TRACE_MAPTRF] raw=[1, 3, 5, 8, 10, 12, 14, 16, 18, 19] raw_span=80284050-80295777 trimmed=[1, 3, 5, 8, 10, 12, 14, 16, 18, 19] trimmed_span=80284050-80295777 ref=80285379-80295703 is_long=true poly=false/false orphan=false
[TRACE_MAPTRF] update_existing idx=0 key=[1, 3, 5, 8, 10, 12, 14, 16, 18, 19] old_abund=5.000 old_srabund=0.000 add=1.000
[TRACE_MAPTRF] raw=[1, 3, 5, 8, 10, 12, 14, 16, 18, 19] raw_span=80284050-80295777 trimmed=[1, 3, 5, 8, 10, 12, 14, 16, 18, 19] trimmed_span=80284050-80295777 ref=80285404-80295703 is_long=true poly=false/false orphan=false
[TRACE_MAPTRF] update_existing idx=0 key=[1, 3, 5, 8, 10, 12, 14, 16, 18, 19] old_abund=6.000 old_srabund=0.000 add=1.000
[TRACE_MAPTRF] raw=[1, 3, 5, 8, 9, 10, 11, 12, 13, 14, 15, 16, 18, 19] raw_span=80284050-80295777 trimmed=[1, 3, 5, 8, 9, 10, 11, 12, 13, 14, 15, 16, 18, 19] trimmed_span=80284050-80295777 ref=80285404-80295777 is_long=true poly=false/false orphan=false
[TRACE_MAPTRF] update_existing idx=1 key=[1, 3, 5, 8, 9, 10, 11, 12, 13, 14, 15, 16, 18, 19] old_abund=1.000 old_srabund=0.000 add=1.000
[TRACE_MAPTRF] raw=[1, 3, 5, 8, 10, 12, 14, 16, 18, 19] raw_span=80284050-80295777 trimmed=[1, 3, 5, 8, 10, 12, 14, 16, 18, 19] trimmed_span=80284050-80295777 ref=80285427-80295765 is_long=true poly=false/false orphan=false
[TRACE_MAPTRF] update_existing idx=0 key=[1, 3, 5, 8, 10, 12, 14, 16, 18, 19] old_abund=7.000 old_srabund=0.000 add=1.000
[TRACE_MAPTRF] raw=[1, 3, 5, 8, 10, 12, 14, 16, 18, 19] raw_span=80284050-80295777 trimmed=[1, 3, 5, 8, 10, 12, 14, 16, 18, 19] trimmed_span=80284050-80295777 ref=80285428-80295763 is_long=true poly=false/false orphan=false
[TRACE_MAPTRF] update_existing idx=0 key=[1, 3, 5, 8, 10, 12, 14, 16, 18, 19] old_abund=8.000 old_srabund=0.000 add=1.000
[TRACE_MAPTRF] raw=[1, 3, 5, 8, 10, 12, 14, 16, 18, 19] raw_span=80284050-80295777 trimmed=[1, 3, 5, 8, 10, 12, 14, 16, 18, 19] trimmed_span=80284050-80295777 ref=80285429-80295777 is_long=true poly=false/false orphan=false
[TRACE_MAPTRF] update_existing idx=0 key=[1, 3, 5, 8, 10, 12, 14, 16, 18, 19] old_abund=9.000 old_srabund=0.000 add=1.000
[TRACE_MAPTRF] raw=[1, 3, 5, 8, 10, 12, 14, 16, 18, 19] raw_span=80284050-80295777 trimmed=[1, 3, 5, 8, 10, 12, 14, 16, 18, 19] trimmed_span=80284050-80295777 ref=80285465-80295777 is_long=true poly=false/false orphan=false
[TRACE_MAPTRF] update_existing idx=0 key=[1, 3, 5, 8, 10, 12, 14, 16, 18, 19] old_abund=10.000 old_srabund=0.000 add=1.000
[TRACE_MAPTRF] raw=[1, 3, 5, 8, 10, 12, 14, 16, 18, 19] raw_span=80284050-80295777 trimmed=[1, 3, 5, 8, 10, 12, 14, 16, 18, 19] trimmed_span=80284050-80295777 ref=80285572-80295776 is_long=true poly=false/false orphan=false
[TRACE_MAPTRF] update_existing idx=0 key=[1, 3, 5, 8, 10, 12, 14, 16, 18, 19] old_abund=11.000 old_srabund=0.000 add=1.000
[TRACE_MAPTRF] raw=[1, 3, 5, 8, 10, 12, 14, 16, 18, 19] raw_span=80284050-80295777 trimmed=[1, 3, 5, 8, 10, 12, 14, 16, 18, 19] trimmed_span=80284050-80295777 ref=80285586-80295773 is_long=true poly=false/false orphan=false
[TRACE_MAPTRF] update_existing idx=0 key=[1, 3, 5, 8, 10, 12, 14, 16, 18, 19] old_abund=12.000 old_srabund=0.000 add=1.000
[TRACE_MAPTRF] raw=[1, 3, 5, 8, 10, 12, 14, 16, 18, 19] raw_span=80284050-80295777 trimmed=[1, 3, 5, 8, 10, 12, 14, 16, 18, 19] trimmed_span=80284050-80295777 ref=80285671-80295772 is_long=true poly=false/false orphan=false
[TRACE_MAPTRF] update_existing idx=0 key=[1, 3, 5, 8, 10, 12, 14, 16, 18, 19] old_abund=13.000 old_srabund=0.000 add=1.000
[TRACE_MAPTRF] raw=[1, 3, 5, 8, 10, 12, 14, 16, 18, 19] raw_span=80284050-80295777 trimmed=[1, 3, 5, 8, 10, 12, 14, 16, 18, 19] trimmed_span=80284050-80295777 ref=80285708-80295777 is_long=true poly=false/false orphan=false
[TRACE_MAPTRF] update_existing idx=0 key=[1, 3, 5, 8, 10, 12, 14, 16, 18, 19] old_abund=14.000 old_srabund=0.000 add=1.000
[TRACE_MAPTRF] raw=[1, 3, 5, 8, 10, 12, 14, 16, 18, 19] raw_span=80284050-80295777 trimmed=[1, 3, 5, 8, 10, 12, 14, 16, 18, 19] trimmed_span=80284050-80295777 ref=80285718-80295770 is_long=true poly=false/false orphan=false
[TRACE_MAPTRF] update_existing idx=0 key=[1, 3, 5, 8, 10, 12, 14, 16, 18, 19] old_abund=15.000 old_srabund=0.000 add=1.000
[TRACE_MAPTRF] raw=[1, 3, 5, 8, 10, 12, 14, 16, 18, 19] raw_span=80284050-80295777 trimmed=[1, 3, 5, 8, 10, 12, 14, 16, 18, 19] trimmed_span=80284050-80295777 ref=80285739-80295773 is_long=true poly=false/false orphan=false
[TRACE_MAPTRF] update_existing idx=0 key=[1, 3, 5, 8, 10, 12, 14, 16, 18, 19] old_abund=16.000 old_srabund=0.000 add=1.000
[TRACE_MAPTRF] raw=[1, 3, 5, 8, 10, 12, 14, 16, 18, 19, 21, 22] raw_span=80284050-80298318 trimmed=[1, 3, 5, 8, 10, 12, 14, 16, 18, 19, 21, 22] trimmed_span=80284050-80298318 ref=80285765-80297244 is_long=true poly=false/false orphan=false
[TRACE_MAPTRF] create_new key=[1, 3, 5, 8, 10, 12, 14, 16, 18, 19, 21, 22] add=1.000 ref=80285765-80297244
[TRACE_MAPTRF] raw=[1, 3, 5, 8, 10, 12, 14, 16, 18, 19] raw_span=80284050-80295777 trimmed=[1, 3, 5, 8, 10, 12, 14, 16, 18, 19] trimmed_span=80284050-80295777 ref=80285768-80295767 is_long=true poly=false/false orphan=false
[TRACE_MAPTRF] update_existing idx=0 key=[1, 3, 5, 8, 10, 12, 14, 16, 18, 19] old_abund=17.000 old_srabund=0.000 add=1.000
[TRACE_MAPTRF] raw=[1, 3, 5, 8, 10, 12, 14, 16, 18, 19, 21, 22] raw_span=80284050-80298318 trimmed=[1, 3, 5, 8, 10, 12, 14, 16, 18, 19, 21, 22] trimmed_span=80284050-80298318 ref=80285768-80297248 is_long=true poly=false/false orphan=false
[TRACE_MAPTRF] update_existing idx=2 key=[1, 3, 5, 8, 10, 12, 14, 16, 18, 19, 21, 22] old_abund=1.000 old_srabund=0.000 add=1.000
[TRACE_MAPTRF] raw=[1, 3, 5, 8, 10, 12, 14, 16, 18, 19] raw_span=80284050-80295777 trimmed=[1, 3, 5, 8, 10, 12, 14, 16, 18, 19] trimmed_span=80284050-80295777 ref=80285772-80295770 is_long=true poly=false/false orphan=false
[TRACE_MAPTRF] update_existing idx=0 key=[1, 3, 5, 8, 10, 12, 14, 16, 18, 19] old_abund=18.000 old_srabund=0.000 add=1.000
[TRACE_MAPTRF] raw=[1, 3, 5, 8, 10, 12, 14, 16, 18, 19] raw_span=80284050-80295777 trimmed=[1, 3, 5, 8, 10, 12, 14, 16, 18, 19] trimmed_span=80284050-80295777 ref=80285772-80295777 is_long=true poly=false/false orphan=false
[TRACE_MAPTRF] update_existing idx=0 key=[1, 3, 5, 8, 10, 12, 14, 16, 18, 19] old_abund=19.000 old_srabund=0.000 add=1.000
[TRACE_MAPTRF] raw=[1, 3, 5, 8, 10, 12, 14, 16, 18, 19, 21] raw_span=80284050-80296717 trimmed=[1, 3, 5, 8, 10, 12, 14, 16, 18, 19, 21] trimmed_span=80284050-80296717 ref=80285781-80296717 is_long=true poly=false/false orphan=false
[TRACE_MAPTRF] create_new key=[1, 3, 5, 8, 10, 12, 14, 16, 18, 19, 21] add=1.000 ref=80285781-80296717
[TRACE_MAPTRF] raw=[1, 3, 5, 8, 10, 12, 14, 16, 18, 19] raw_span=80284050-80295777 trimmed=[1, 3, 5, 8, 10, 12, 14, 16, 18, 19] trimmed_span=80284050-80295777 ref=80285786-80295763 is_long=true poly=false/false orphan=false
[TRACE_MAPTRF] update_existing idx=0 key=[1, 3, 5, 8, 10, 12, 14, 16, 18, 19] old_abund=20.000 old_srabund=0.000 add=1.000
[TRACE_MAPTRF] raw=[1, 3, 5, 8, 10, 12, 14, 16, 18, 19] raw_span=80284050-80295777 trimmed=[1, 3, 5, 8, 10, 12, 14, 16, 18, 19] trimmed_span=80284050-80295777 ref=80285786-80295770 is_long=true poly=false/false orphan=false
[TRACE_MAPTRF] update_existing idx=0 key=[1, 3, 5, 8, 10, 12, 14, 16, 18, 19] old_abund=21.000 old_srabund=0.000 add=1.000
[TRACE_MAPTRF] raw=[1, 3, 5, 8, 10, 12, 14, 16, 18, 19] raw_span=80284050-80295777 trimmed=[1, 3, 5, 8, 10, 12, 14, 16, 18, 19] trimmed_span=80284050-80295777 ref=80285788-80295770 is_long=true poly=false/false orphan=false
[TRACE_MAPTRF] update_existing idx=0 key=[1, 3, 5, 8, 10, 12, 14, 16, 18, 19] old_abund=22.000 old_srabund=0.000 add=1.000
[TRACE_MAPTRF] raw=[1, 3, 5, 8, 10, 12, 14, 16, 18, 19, 21] raw_span=80284050-80296717 trimmed=[1, 3, 5, 8, 10, 12, 14, 16, 18, 19, 21] trimmed_span=80284050-80296717 ref=80285788-80296173 is_long=true poly=false/false orphan=false
[TRACE_MAPTRF] update_existing idx=3 key=[1, 3, 5, 8, 10, 12, 14, 16, 18, 19, 21] old_abund=1.000 old_srabund=0.000 add=1.000
[TRACE_MAPTRF] raw=[1, 3, 5, 8, 10, 12, 14, 16, 18, 19] raw_span=80284050-80295777 trimmed=[1, 3, 5, 8, 10, 12, 14, 16, 18, 19] trimmed_span=80284050-80295777 ref=80285790-80295751 is_long=true poly=false/true orphan=false
[TRACE_MAPTRF] update_existing idx=0 key=[1, 3, 5, 8, 10, 12, 14, 16, 18, 19] old_abund=23.000 old_srabund=0.000 add=1.000
[TRACE_MAPTRF] raw=[1, 3, 5, 8, 9, 10, 11, 12, 13, 14, 15, 16, 18, 19] raw_span=80284050-80295777 trimmed=[1, 3, 5, 8, 9, 10, 11, 12, 13, 14, 15, 16, 18, 19] trimmed_span=80284050-80295777 ref=80285790-80295776 is_long=true poly=false/false orphan=false
[TRACE_MAPTRF] update_existing idx=1 key=[1, 3, 5, 8, 9, 10, 11, 12, 13, 14, 15, 16, 18, 19] old_abund=2.000 old_srabund=0.000 add=1.000
[TRACE_MAPTRF] raw=[1, 3, 5, 8, 10, 12, 14, 16, 18, 19, 21, 22] raw_span=80284050-80298318 trimmed=[1, 3, 5, 8, 10, 12, 14, 16, 18, 19, 21, 22] trimmed_span=80284050-80298318 ref=80285790-80297793 is_long=true poly=false/false orphan=false
[TRACE_MAPTRF] update_existing idx=2 key=[1, 3, 5, 8, 10, 12, 14, 16, 18, 19, 21, 22] old_abund=2.000 old_srabund=0.000 add=1.000
[TRACE_MAPTRF] raw=[1, 3, 5, 8, 10, 12, 14, 16, 18, 19] raw_span=80284050-80295777 trimmed=[1, 3, 5, 8, 10, 12, 14, 16, 18, 19] trimmed_span=80284050-80295777 ref=80285796-80295703 is_long=true poly=false/false orphan=false
[TRACE_MAPTRF] update_existing idx=0 key=[1, 3, 5, 8, 10, 12, 14, 16, 18, 19] old_abund=24.000 old_srabund=0.000 add=1.000
[TRACE_MAPTRF] raw=[1, 3, 5, 8, 10, 12, 14, 16, 18, 19] raw_span=80284050-80295777 trimmed=[1, 3, 5, 8, 10, 12, 14, 16, 18, 19] trimmed_span=80284050-80295777 ref=80285796-80295763 is_long=true poly=false/false orphan=false
[TRACE_MAPTRF] update_existing idx=0 key=[1, 3, 5, 8, 10, 12, 14, 16, 18, 19] old_abund=25.000 old_srabund=0.000 add=1.000
[TRACE_MAPTRF] raw=[1, 3, 5, 8, 10, 12, 14, 16, 18, 19] raw_span=80284050-80295777 trimmed=[1, 3, 5, 8, 10, 12, 14, 16, 18, 19] trimmed_span=80284050-80295777 ref=80285796-80295773 is_long=true poly=false/false orphan=false
[TRACE_MAPTRF] update_existing idx=0 key=[1, 3, 5, 8, 10, 12, 14, 16, 18, 19] old_abund=26.000 old_srabund=0.000 add=1.000
[TRACE_MAPTRF] raw=[1, 3, 5, 8, 10, 12, 14, 16, 18, 19, 21, 22] raw_span=80284050-80298318 trimmed=[1, 3, 5, 8, 10, 12, 14, 16, 18, 19, 21, 22] trimmed_span=80284050-80298318 ref=80285796-80297250 is_long=true poly=false/false orphan=false
[TRACE_MAPTRF] update_existing idx=2 key=[1, 3, 5, 8, 10, 12, 14, 16, 18, 19, 21, 22] old_abund=3.000 old_srabund=0.000 add=1.000
[TRACE_MAPTRF] raw=[1, 3, 5, 8, 10, 12, 14, 16, 18, 19] raw_span=80284050-80295777 trimmed=[1, 3, 5, 8, 10, 12, 14, 16, 18, 19] trimmed_span=80284050-80295777 ref=80285797-80295763 is_long=true poly=false/false orphan=false
[TRACE_MAPTRF] update_existing idx=0 key=[1, 3, 5, 8, 10, 12, 14, 16, 18, 19] old_abund=27.000 old_srabund=0.000 add=1.000
[TRACE_MAPTRF] raw=[1, 3, 5, 8, 10, 12, 14, 16, 18, 19] raw_span=80284050-80295777 trimmed=[1, 3, 5, 8, 10, 12, 14, 16, 18, 19] trimmed_span=80284050-80295777 ref=80285797-80295773 is_long=true poly=false/false orphan=false
[TRACE_MAPTRF] update_existing idx=0 key=[1, 3, 5, 8, 10, 12, 14, 16, 18, 19] old_abund=28.000 old_srabund=0.000 add=1.000
[TRACE_MAPTRF] raw=[1, 3, 5, 8, 10, 12, 14, 16, 18, 19, 21] raw_span=80284050-80296717 trimmed=[1, 3, 5, 8, 10, 12, 14, 16, 18, 19, 21] trimmed_span=80284050-80296717 ref=80285797-80296710 is_long=true poly=false/false orphan=false
[TRACE_MAPTRF] update_existing idx=3 key=[1, 3, 5, 8, 10, 12, 14, 16, 18, 19, 21] old_abund=2.000 old_srabund=0.000 add=1.000
[TRACE_MAPTRF] raw=[1, 3, 5, 8, 10, 12, 14, 16, 18, 19, 21] raw_span=80284050-80296717 trimmed=[1, 3, 5, 8, 10, 12, 14, 16, 18, 19, 21] trimmed_span=80284050-80296717 ref=80285797-80296715 is_long=true poly=false/false orphan=false
[TRACE_MAPTRF] update_existing idx=3 key=[1, 3, 5, 8, 10, 12, 14, 16, 18, 19, 21] old_abund=3.000 old_srabund=0.000 add=1.000
[TRACE_MAPTRF] raw=[1, 3, 5, 8, 10, 12, 14, 16, 18, 19] raw_span=80284050-80295777 trimmed=[1, 3, 5, 8, 10, 12, 14, 16, 18, 19] trimmed_span=80284050-80295777 ref=80285799-80295770 is_long=true poly=false/false orphan=false
[TRACE_MAPTRF] update_existing idx=0 key=[1, 3, 5, 8, 10, 12, 14, 16, 18, 19] old_abund=29.000 old_srabund=0.000 add=1.000
[TRACE_MAPTRF] raw=[1, 3, 5, 8, 10, 12, 14, 16, 18, 19] raw_span=80284050-80295777 trimmed=[1, 3, 5, 8, 10, 12, 14, 16, 18, 19] trimmed_span=80284050-80295777 ref=80285801-80295769 is_long=true poly=false/false orphan=false
[TRACE_MAPTRF] update_existing idx=0 key=[1, 3, 5, 8, 10, 12, 14, 16, 18, 19] old_abund=30.000 old_srabund=0.000 add=1.000
[TRACE_MAPTRF] raw=[1, 3, 5, 8, 10, 12, 14, 16, 18, 19] raw_span=80284050-80295777 trimmed=[1, 3, 5, 8, 10, 12, 14, 16, 18, 19] trimmed_span=80284050-80295777 ref=80285801-80295770 is_long=true poly=false/false orphan=false
[TRACE_MAPTRF] update_existing idx=0 key=[1, 3, 5, 8, 10, 12, 14, 16, 18, 19] old_abund=31.000 old_srabund=0.000 add=1.000
[TRACE_MAPTRF] raw=[1, 3, 5, 8, 10, 12, 14, 16, 18, 19] raw_span=80284050-80295777 trimmed=[1, 3, 5, 8, 10, 12, 14, 16, 18, 19] trimmed_span=80284050-80295777 ref=80285801-80295774 is_long=true poly=false/false orphan=false
[TRACE_MAPTRF] update_existing idx=0 key=[1, 3, 5, 8, 10, 12, 14, 16, 18, 19] old_abund=32.000 old_srabund=0.000 add=1.000
[TRACE_MAPTRF] raw=[1, 3, 5, 8, 10, 12, 14, 16, 18, 19] raw_span=80284050-80295777 trimmed=[1, 3, 5, 8, 10, 12, 14, 16, 18, 19] trimmed_span=80284050-80295777 ref=80285811-80295777 is_long=true poly=false/false orphan=false
[TRACE_MAPTRF] update_existing idx=0 key=[1, 3, 5, 8, 10, 12, 14, 16, 18, 19] old_abund=33.000 old_srabund=0.000 add=1.000
[TRACE_MAPTRF] raw=[1, 3, 5, 8, 10, 12, 14, 16, 18, 19] raw_span=80284050-80295777 trimmed=[1, 3, 5, 8, 10, 12, 14, 16, 18, 19] trimmed_span=80284050-80295777 ref=80285814-80295763 is_long=true poly=false/false orphan=false
[TRACE_MAPTRF] update_existing idx=0 key=[1, 3, 5, 8, 10, 12, 14, 16, 18, 19] old_abund=34.000 old_srabund=0.000 add=1.000
[TRACE_MAPTRF] raw=[1, 3, 5, 8, 10, 12, 14, 16, 18, 19] raw_span=80284050-80295777 trimmed=[1, 3, 5, 8, 10, 12, 14, 16, 18, 19] trimmed_span=80284050-80295777 ref=80285814-80295765 is_long=true poly=false/false orphan=false
[TRACE_MAPTRF] update_existing idx=0 key=[1, 3, 5, 8, 10, 12, 14, 16, 18, 19] old_abund=35.000 old_srabund=0.000 add=1.000
[TRACE_MAPTRF] raw=[1, 3, 5, 8, 10, 12, 14, 16, 18, 19] raw_span=80284050-80295777 trimmed=[1, 3, 5, 8, 10, 12, 14, 16, 18, 19] trimmed_span=80284050-80295777 ref=80285814-80295772 is_long=true poly=false/false orphan=false
[TRACE_MAPTRF] update_existing idx=0 key=[1, 3, 5, 8, 10, 12, 14, 16, 18, 19] old_abund=36.000 old_srabund=0.000 add=1.000
[TRACE_MAPTRF] raw=[1, 3, 5, 8, 10, 12, 14, 16, 18, 19] raw_span=80284050-80295777 trimmed=[1, 3, 5, 8, 10, 12, 14, 16, 18, 19] trimmed_span=80284050-80295777 ref=80285814-80295773 is_long=true poly=false/false orphan=false
[TRACE_MAPTRF] update_existing idx=0 key=[1, 3, 5, 8, 10, 12, 14, 16, 18, 19] old_abund=37.000 old_srabund=0.000 add=2.000
[TRACE_MAPTRF] raw=[1, 3, 5, 8, 10, 12, 14, 16, 18, 19] raw_span=80284050-80295777 trimmed=[1, 3, 5, 8, 10, 12, 14, 16, 18, 19] trimmed_span=80284050-80295777 ref=80285814-80295777 is_long=true poly=false/false orphan=false
[TRACE_MAPTRF] update_existing idx=0 key=[1, 3, 5, 8, 10, 12, 14, 16, 18, 19] old_abund=39.000 old_srabund=0.000 add=1.000
[TRACE_MAPTRF] raw=[1, 3, 5, 8, 10, 12, 14, 16, 18, 19, 21] raw_span=80284050-80296717 trimmed=[1, 3, 5, 8, 10, 12, 14, 16, 18, 19, 21] trimmed_span=80284050-80296717 ref=80285814-80296710 is_long=true poly=false/false orphan=false
[TRACE_MAPTRF] update_existing idx=3 key=[1, 3, 5, 8, 10, 12, 14, 16, 18, 19, 21] old_abund=4.000 old_srabund=0.000 add=2.000
[TRACE_MAPTRF] raw=[1, 3, 5, 8, 10, 12, 14, 16, 18, 19] raw_span=80284050-80295777 trimmed=[1, 3, 5, 8, 10, 12, 14, 16, 18, 19] trimmed_span=80284050-80295777 ref=80285817-80295763 is_long=true poly=false/false orphan=false
[TRACE_MAPTRF] update_existing idx=0 key=[1, 3, 5, 8, 10, 12, 14, 16, 18, 19] old_abund=40.000 old_srabund=0.000 add=1.000
[TRACE_MAPTRF] raw=[1, 3, 5, 8, 10, 12, 14, 16, 18, 19] raw_span=80284050-80295777 trimmed=[1, 3, 5, 8, 10, 12, 14, 16, 18, 19] trimmed_span=80284050-80295777 ref=80285817-80295770 is_long=true poly=false/false orphan=false
[TRACE_MAPTRF] update_existing idx=0 key=[1, 3, 5, 8, 10, 12, 14, 16, 18, 19] old_abund=41.000 old_srabund=0.000 add=2.000
[TRACE_MAPTRF] raw=[1, 3, 5, 8, 10, 12, 14, 16, 18, 19] raw_span=80284050-80295777 trimmed=[1, 3, 5, 8, 10, 12, 14, 16, 18, 19] trimmed_span=80284050-80295777 ref=80285817-80295773 is_long=true poly=false/false orphan=false
[TRACE_MAPTRF] update_existing idx=0 key=[1, 3, 5, 8, 10, 12, 14, 16, 18, 19] old_abund=43.000 old_srabund=0.000 add=1.000
[TRACE_MAPTRF] raw=[1, 3, 5, 8, 10, 12, 14, 16, 18, 19] raw_span=80284050-80295777 trimmed=[1, 3, 5, 8, 10, 12, 14, 16, 18, 19] trimmed_span=80284050-80295777 ref=80285817-80295775 is_long=true poly=false/false orphan=false
[TRACE_MAPTRF] update_existing idx=0 key=[1, 3, 5, 8, 10, 12, 14, 16, 18, 19] old_abund=44.000 old_srabund=0.000 add=1.000
[TRACE_MAPTRF] raw=[1, 3, 5, 8, 10, 12, 14, 16, 18, 19] raw_span=80284050-80295777 trimmed=[1, 3, 5, 8, 10, 12, 14, 16, 18, 19] trimmed_span=80284050-80295777 ref=80285817-80295777 is_long=true poly=false/false orphan=false
[TRACE_MAPTRF] update_existing idx=0 key=[1, 3, 5, 8, 10, 12, 14, 16, 18, 19] old_abund=45.000 old_srabund=0.000 add=1.000
[TRACE_MAPTRF] raw=[1, 3, 5, 8, 10, 12, 14, 16, 18, 19] raw_span=80284050-80295777 trimmed=[1, 3, 5, 8, 10, 12, 14, 16, 18, 19] trimmed_span=80284050-80295777 ref=80285820-80295765 is_long=true poly=false/false orphan=false
[TRACE_MAPTRF] update_existing idx=0 key=[1, 3, 5, 8, 10, 12, 14, 16, 18, 19] old_abund=46.000 old_srabund=0.000 add=1.000
[TRACE_MAPTRF] raw=[1, 3, 5, 8, 10, 12, 14, 16, 18, 19, 21] raw_span=80284050-80296717 trimmed=[1, 3, 5, 8, 10, 12, 14, 16, 18, 19, 21] trimmed_span=80284050-80296717 ref=80285820-80296706 is_long=true poly=false/false orphan=false
[TRACE_MAPTRF] update_existing idx=3 key=[1, 3, 5, 8, 10, 12, 14, 16, 18, 19, 21] old_abund=6.000 old_srabund=0.000 add=1.000
[TRACE_MAPTRF] raw=[1, 3, 5, 8, 10, 12, 14, 16, 18, 19] raw_span=80284050-80295777 trimmed=[1, 3, 5, 8, 10, 12, 14, 16, 18, 19] trimmed_span=80284050-80295777 ref=80285821-80295770 is_long=true poly=false/false orphan=false
[TRACE_MAPTRF] update_existing idx=0 key=[1, 3, 5, 8, 10, 12, 14, 16, 18, 19] old_abund=47.000 old_srabund=0.000 add=1.000
[TRACE_MAPTRF] raw=[1, 3, 5, 8, 10, 12, 14, 16, 18, 19] raw_span=80284050-80295777 trimmed=[1, 3, 5, 8, 10, 12, 14, 16, 18, 19] trimmed_span=80284050-80295777 ref=80285822-80295773 is_long=true poly=false/false orphan=false
[TRACE_MAPTRF] update_existing idx=0 key=[1, 3, 5, 8, 10, 12, 14, 16, 18, 19] old_abund=48.000 old_srabund=0.000 add=1.000
[TRACE_MAPTRF] raw=[1, 3, 5, 8, 10, 12, 14, 16, 18, 19, 21, 22] raw_span=80284050-80298318 trimmed=[1, 3, 5, 8, 10, 12, 14, 16, 18, 19, 21, 22] trimmed_span=80284050-80298318 ref=80285822-80297341 is_long=true poly=false/false orphan=false
[TRACE_MAPTRF] update_existing idx=2 key=[1, 3, 5, 8, 10, 12, 14, 16, 18, 19, 21, 22] old_abund=4.000 old_srabund=0.000 add=1.000
[TRACE_MAPTRF] raw=[1, 3, 5, 8, 10, 12, 14, 16, 18, 19] raw_span=80284050-80295777 trimmed=[1, 3, 5, 8, 10, 12, 14, 16, 18, 19] trimmed_span=80284050-80295777 ref=80285823-80295770 is_long=true poly=false/false orphan=false
[TRACE_MAPTRF] update_existing idx=0 key=[1, 3, 5, 8, 10, 12, 14, 16, 18, 19] old_abund=49.000 old_srabund=0.000 add=1.000
[TRACE_MAPTRF] raw=[1, 3, 5, 8, 10, 12, 14, 16, 18, 19] raw_span=80284050-80295777 trimmed=[1, 3, 5, 8, 10, 12, 14, 16, 18, 19] trimmed_span=80284050-80295777 ref=80285823-80295777 is_long=true poly=false/false orphan=false
[TRACE_MAPTRF] update_existing idx=0 key=[1, 3, 5, 8, 10, 12, 14, 16, 18, 19] old_abund=50.000 old_srabund=0.000 add=1.000
[TRACE_MAPTRF] raw=[1, 3, 5, 8, 10, 12, 14, 16, 18, 19, 21] raw_span=80284050-80296717 trimmed=[1, 3, 5, 8, 10, 12, 14, 16, 18, 19, 21] trimmed_span=80284050-80296717 ref=80285823-80296717 is_long=true poly=false/false orphan=false
[TRACE_MAPTRF] update_existing idx=3 key=[1, 3, 5, 8, 10, 12, 14, 16, 18, 19, 21] old_abund=7.000 old_srabund=0.000 add=1.000
[TRACE_MAPTRF] raw=[1, 3, 5, 8, 10, 12, 14, 16, 18, 19] raw_span=80284050-80295777 trimmed=[1, 3, 5, 8, 10, 12, 14, 16, 18, 19] trimmed_span=80284050-80295777 ref=80285824-80295770 is_long=true poly=false/false orphan=false
[TRACE_MAPTRF] update_existing idx=0 key=[1, 3, 5, 8, 10, 12, 14, 16, 18, 19] old_abund=51.000 old_srabund=0.000 add=2.000
[TRACE_MAPTRF] raw=[1, 8, 9, 10, 11, 12, 13, 14, 15, 16, 18, 19] raw_span=80284050-80295777 trimmed=[1, 8, 9, 10, 11, 12, 13, 14, 15, 16, 18, 19] trimmed_span=80284050-80295777 ref=80285824-80295777 is_long=true poly=false/false orphan=false
[TRACE_MAPTRF] create_new key=[1, 8, 9, 10, 11, 12, 13, 14, 15, 16, 18, 19] add=1.000 ref=80285824-80295777
[TRACE_MAPTRF] raw=[1, 3, 5, 8, 10, 12, 14, 16, 18, 19, 21] raw_span=80284050-80296717 trimmed=[1, 3, 5, 8, 10, 12, 14, 16, 18, 19, 21] trimmed_span=80284050-80296717 ref=80285824-80296710 is_long=true poly=false/false orphan=false
[TRACE_MAPTRF] update_existing idx=3 key=[1, 3, 5, 8, 10, 12, 14, 16, 18, 19, 21] old_abund=8.000 old_srabund=0.000 add=1.000
[TRACE_MAPTRF] raw=[1, 3, 5, 8, 10, 12, 14, 16, 18, 19, 21, 22] raw_span=80284050-80298318 trimmed=[1, 3, 5, 8, 10, 12, 14, 16, 18, 19, 21, 22] trimmed_span=80284050-80298318 ref=80285824-80297249 is_long=true poly=false/false orphan=false
[TRACE_MAPTRF] update_existing idx=2 key=[1, 3, 5, 8, 10, 12, 14, 16, 18, 19, 21, 22] old_abund=5.000 old_srabund=0.000 add=1.000
[TRACE_MAPTRF] raw=[1, 3, 5, 8, 10, 12, 14, 16, 18, 19, 21, 22] raw_span=80284050-80298318 trimmed=[1, 3, 5, 8, 10, 12, 14, 16, 18, 19, 21, 22] trimmed_span=80284050-80298318 ref=80285824-80297250 is_long=true poly=false/false orphan=false
[TRACE_MAPTRF] update_existing idx=2 key=[1, 3, 5, 8, 10, 12, 14, 16, 18, 19, 21, 22] old_abund=6.000 old_srabund=0.000 add=2.000
[TRACE_MAPTRF] raw=[1, 3, 5, 8, 10, 12, 14, 16, 18, 19, 21, 22] raw_span=80284050-80298318 trimmed=[1, 3, 5, 8, 10, 12, 14, 16, 18, 19, 21, 22] trimmed_span=80284050-80298318 ref=80285824-80297256 is_long=true poly=false/false orphan=false
[TRACE_MAPTRF] update_existing idx=2 key=[1, 3, 5, 8, 10, 12, 14, 16, 18, 19, 21, 22] old_abund=8.000 old_srabund=0.000 add=1.000
[TRACE_MAPTRF] raw=[1, 3, 5, 8, 10, 12, 14, 16, 18, 19, 21, 22] raw_span=80284050-80298318 trimmed=[1, 3, 5, 8, 10, 12, 14, 16, 18, 19, 21, 22] trimmed_span=80284050-80298318 ref=80285824-80297332 is_long=true poly=false/false orphan=false
[TRACE_MAPTRF] update_existing idx=2 key=[1, 3, 5, 8, 10, 12, 14, 16, 18, 19, 21, 22] old_abund=9.000 old_srabund=0.000 add=1.000
[TRACE_MAPTRF] raw=[1, 3, 5, 8, 10, 12, 14, 16, 18, 19] raw_span=80284050-80295777 trimmed=[1, 3, 5, 8, 10, 12, 14, 16, 18, 19] trimmed_span=80284050-80295777 ref=80285825-80295769 is_long=true poly=false/false orphan=false
[TRACE_MAPTRF] update_existing idx=0 key=[1, 3, 5, 8, 10, 12, 14, 16, 18, 19] old_abund=53.000 old_srabund=0.000 add=1.000
[TRACE_MAPTRF] raw=[1, 3, 5, 8, 10, 12, 14, 16, 18, 19] raw_span=80284050-80295777 trimmed=[1, 3, 5, 8, 10, 12, 14, 16, 18, 19] trimmed_span=80284050-80295777 ref=80285826-80295504 is_long=true poly=false/false orphan=false
[TRACE_MAPTRF] update_existing idx=0 key=[1, 3, 5, 8, 10, 12, 14, 16, 18, 19] old_abund=54.000 old_srabund=0.000 add=1.000
[TRACE_MAPTRF] raw=[1, 3, 5, 8, 10, 12, 14, 16, 18, 19] raw_span=80284050-80295777 trimmed=[1, 3, 5, 8, 10, 12, 14, 16, 18, 19] trimmed_span=80284050-80295777 ref=80285826-80295765 is_long=true poly=false/false orphan=false
[TRACE_MAPTRF] update_existing idx=0 key=[1, 3, 5, 8, 10, 12, 14, 16, 18, 19] old_abund=55.000 old_srabund=0.000 add=1.000
[TRACE_MAPTRF] raw=[1, 3, 5, 8, 10, 12, 14, 16, 18, 19] raw_span=80284050-80295777 trimmed=[1, 3, 5, 8, 10, 12, 14, 16, 18, 19] trimmed_span=80284050-80295777 ref=80285826-80295770 is_long=true poly=false/false orphan=false
[TRACE_MAPTRF] update_existing idx=0 key=[1, 3, 5, 8, 10, 12, 14, 16, 18, 19] old_abund=56.000 old_srabund=0.000 add=2.000
[TRACE_MAPTRF] raw=[1, 3, 5, 8, 9, 10, 11, 12, 13, 14, 16, 18, 19] raw_span=80284050-80295777 trimmed=[1, 3, 5, 8, 9, 10, 11, 12, 13, 14, 16, 18, 19] trimmed_span=80284050-80295777 ref=80285826-80295773 is_long=true poly=false/false orphan=false
[TRACE_MAPTRF] create_new key=[1, 3, 5, 8, 9, 10, 11, 12, 13, 14, 16, 18, 19] add=1.000 ref=80285826-80295773
[TRACE_MAPTRF] raw=[1, 3, 5, 8, 10, 12, 14, 16, 18, 19] raw_span=80284050-80295777 trimmed=[1, 3, 5, 8, 10, 12, 14, 16, 18, 19] trimmed_span=80284050-80295777 ref=80285826-80295773 is_long=true poly=false/false orphan=false
[TRACE_MAPTRF] update_existing idx=0 key=[1, 3, 5, 8, 10, 12, 14, 16, 18, 19] old_abund=58.000 old_srabund=0.000 add=1.000
[TRACE_MAPTRF] raw=[1, 3, 5, 8, 10, 12, 14, 16, 18, 19] raw_span=80284050-80295777 trimmed=[1, 3, 5, 8, 10, 12, 14, 16, 18, 19] trimmed_span=80284050-80295777 ref=80285826-80295776 is_long=true poly=false/false orphan=false
[TRACE_MAPTRF] update_existing idx=0 key=[1, 3, 5, 8, 10, 12, 14, 16, 18, 19] old_abund=59.000 old_srabund=0.000 add=2.000
[TRACE_MAPTRF] raw=[1, 3, 5, 8, 10, 12, 14, 16, 18, 19] raw_span=80284050-80295777 trimmed=[1, 3, 5, 8, 10, 12, 14, 16, 18, 19] trimmed_span=80284050-80295777 ref=80285826-80295777 is_long=true poly=false/false orphan=false
[TRACE_MAPTRF] update_existing idx=0 key=[1, 3, 5, 8, 10, 12, 14, 16, 18, 19] old_abund=61.000 old_srabund=0.000 add=1.000
[TRACE_MAPTRF] raw=[1, 3, 5, 8, 10, 12, 14, 16, 18, 19, 21] raw_span=80284050-80296717 trimmed=[1, 3, 5, 8, 10, 12, 14, 16, 18, 19, 21] trimmed_span=80284050-80296717 ref=80285826-80296715 is_long=true poly=false/false orphan=false
[TRACE_MAPTRF] update_existing idx=3 key=[1, 3, 5, 8, 10, 12, 14, 16, 18, 19, 21] old_abund=9.000 old_srabund=0.000 add=1.000
[TRACE_MAPTRF] raw=[1, 3, 5, 8, 10, 12, 14, 16, 18, 19, 21, 22] raw_span=80284050-80298318 trimmed=[1, 3, 5, 8, 10, 12, 14, 16, 18, 19, 21, 22] trimmed_span=80284050-80298318 ref=80285826-80296719 is_long=true poly=false/false orphan=false
[TRACE_MAPTRF] update_existing idx=2 key=[1, 3, 5, 8, 10, 12, 14, 16, 18, 19, 21, 22] old_abund=10.000 old_srabund=0.000 add=1.000
[TRACE_MAPTRF] raw=[1, 3, 5, 8, 10, 12, 14, 16, 18, 19, 21, 22] raw_span=80284050-80298318 trimmed=[1, 3, 5, 8, 10, 12, 14, 16, 18, 19, 21, 22] trimmed_span=80284050-80298318 ref=80285826-80297250 is_long=true poly=false/false orphan=false
[TRACE_MAPTRF] update_existing idx=2 key=[1, 3, 5, 8, 10, 12, 14, 16, 18, 19, 21, 22] old_abund=11.000 old_srabund=0.000 add=2.000
[TRACE_MAPTRF] raw=[1, 3, 5, 8, 10, 12, 14, 16, 18, 19] raw_span=80284050-80295777 trimmed=[1, 3, 5, 8, 10, 12, 14, 16, 18, 19] trimmed_span=80284050-80295777 ref=80285827-80295703 is_long=true poly=false/false orphan=false
[TRACE_MAPTRF] update_existing idx=0 key=[1, 3, 5, 8, 10, 12, 14, 16, 18, 19] old_abund=62.000 old_srabund=0.000 add=1.000
[TRACE_MAPTRF] raw=[1, 3, 5, 8, 10, 12, 14, 16, 17, 18, 19] raw_span=80284050-80295777 trimmed=[1, 3, 5, 8, 10, 12, 14, 16, 17, 18, 19] trimmed_span=80284050-80295777 ref=80285827-80295763 is_long=true poly=false/false orphan=false
[TRACE_MAPTRF] create_new key=[1, 3, 5, 8, 10, 12, 14, 16, 17, 18, 19] add=2.000 ref=80285827-80295763
[TRACE_MAPTRF] raw=[1, 3, 5, 8, 10, 12, 14, 16, 18, 19] raw_span=80284050-80295777 trimmed=[1, 3, 5, 8, 10, 12, 14, 16, 18, 19] trimmed_span=80284050-80295777 ref=80285827-80295765 is_long=true poly=false/false orphan=false
[TRACE_MAPTRF] update_existing idx=0 key=[1, 3, 5, 8, 10, 12, 14, 16, 18, 19] old_abund=63.000 old_srabund=0.000 add=2.000
[TRACE_MAPTRF] raw=[1, 3, 5, 8, 9, 10, 11, 12, 13, 14, 15, 16, 18, 19] raw_span=80284050-80295777 trimmed=[1, 3, 5, 8, 9, 10, 11, 12, 13, 14, 15, 16, 18, 19] trimmed_span=80284050-80295777 ref=80285827-80295765 is_long=true poly=false/false orphan=false
[TRACE_MAPTRF] update_existing idx=1 key=[1, 3, 5, 8, 9, 10, 11, 12, 13, 14, 15, 16, 18, 19] old_abund=3.000 old_srabund=0.000 add=1.000
[TRACE_MAPTRF] raw=[1, 3, 5, 8, 10, 12, 14, 16, 18, 19] raw_span=80284050-80295777 trimmed=[1, 3, 5, 8, 10, 12, 14, 16, 18, 19] trimmed_span=80284050-80295777 ref=80285827-80295769 is_long=true poly=false/false orphan=false
[TRACE_MAPTRF] update_existing idx=0 key=[1, 3, 5, 8, 10, 12, 14, 16, 18, 19] old_abund=65.000 old_srabund=0.000 add=1.000
[TRACE_MAPTRF] raw=[1, 3, 5, 8, 10, 12, 14, 16, 18, 19] raw_span=80284050-80295777 trimmed=[1, 3, 5, 8, 10, 12, 14, 16, 18, 19] trimmed_span=80284050-80295777 ref=80285827-80295770 is_long=true poly=false/false orphan=false
[TRACE_MAPTRF] update_existing idx=0 key=[1, 3, 5, 8, 10, 12, 14, 16, 18, 19] old_abund=66.000 old_srabund=0.000 add=5.000
[TRACE_MAPTRF] raw=[1, 3, 5, 8, 10, 12, 14, 16, 18, 19] raw_span=80284050-80295777 trimmed=[1, 3, 5, 8, 10, 12, 14, 16, 18, 19] trimmed_span=80284050-80295777 ref=80285827-80295773 is_long=true poly=false/false orphan=false
[TRACE_MAPTRF] update_existing idx=0 key=[1, 3, 5, 8, 10, 12, 14, 16, 18, 19] old_abund=71.000 old_srabund=0.000 add=1.000
[TRACE_MAPTRF] raw=[1, 3, 5, 8, 10, 12, 14, 16, 18, 19, 21] raw_span=80284050-80296717 trimmed=[1, 3, 5, 8, 10, 12, 14, 16, 18, 19, 21] trimmed_span=80284050-80296717 ref=80285827-80296710 is_long=true poly=false/false orphan=false
[TRACE_MAPTRF] update_existing idx=3 key=[1, 3, 5, 8, 10, 12, 14, 16, 18, 19, 21] old_abund=10.000 old_srabund=0.000 add=3.000
[TRACE_MAPTRF] raw=[1, 3, 5, 8, 10, 12, 14, 16, 18, 19, 21] raw_span=80284050-80296717 trimmed=[1, 3, 5, 8, 10, 12, 14, 16, 18, 19, 21] trimmed_span=80284050-80296717 ref=80285827-80296715 is_long=true poly=false/false orphan=false
[TRACE_MAPTRF] update_existing idx=3 key=[1, 3, 5, 8, 10, 12, 14, 16, 18, 19, 21] old_abund=13.000 old_srabund=0.000 add=2.000
[TRACE_MAPTRF] raw=[1, 3, 5, 8, 10, 12, 14, 16, 18, 19, 21, 22] raw_span=80284050-80298318 trimmed=[1, 3, 5, 8, 10, 12, 14, 16, 18, 19, 21, 22] trimmed_span=80284050-80298318 ref=80285827-80297250 is_long=true poly=false/false orphan=false
[TRACE_MAPTRF] update_existing idx=2 key=[1, 3, 5, 8, 10, 12, 14, 16, 18, 19, 21, 22] old_abund=13.000 old_srabund=0.000 add=1.000
[TRACE_MAPTRF] raw=[1, 3, 5, 8, 10, 12, 14, 16, 18, 19, 21, 22] raw_span=80284050-80298318 trimmed=[1, 3, 5, 8, 10, 12, 14, 16, 18, 19, 21, 22] trimmed_span=80284050-80298318 ref=80285827-80297791 is_long=true poly=false/false orphan=false
[TRACE_MAPTRF] update_existing idx=2 key=[1, 3, 5, 8, 10, 12, 14, 16, 18, 19, 21, 22] old_abund=14.000 old_srabund=0.000 add=1.000
[TRACE_MAPTRF] raw=[1, 3, 5, 8, 10, 12, 14, 16, 18, 19] raw_span=80284050-80295777 trimmed=[1, 3, 5, 8, 10, 12, 14, 16, 18, 19] trimmed_span=80284050-80295777 ref=80285828-80295703 is_long=true poly=false/false orphan=false
[TRACE_MAPTRF] update_existing idx=0 key=[1, 3, 5, 8, 10, 12, 14, 16, 18, 19] old_abund=72.000 old_srabund=0.000 add=1.000
[TRACE_MAPTRF] raw=[1, 3, 5, 8, 10, 12, 14, 16, 18, 19] raw_span=80284050-80295777 trimmed=[1, 3, 5, 8, 10, 12, 14, 16, 18, 19] trimmed_span=80284050-80295777 ref=80285828-80295763 is_long=true poly=false/false orphan=false
[TRACE_MAPTRF] update_existing idx=0 key=[1, 3, 5, 8, 10, 12, 14, 16, 18, 19] old_abund=73.000 old_srabund=0.000 add=1.000
[TRACE_MAPTRF] raw=[1, 3, 5, 8, 10, 12, 14, 16, 18, 19] raw_span=80284050-80295777 trimmed=[1, 3, 5, 8, 10, 12, 14, 16, 18, 19] trimmed_span=80284050-80295777 ref=80285828-80295769 is_long=true poly=false/false orphan=false
[TRACE_MAPTRF] update_existing idx=0 key=[1, 3, 5, 8, 10, 12, 14, 16, 18, 19] old_abund=74.000 old_srabund=0.000 add=1.000
[TRACE_MAPTRF] raw=[1, 3, 5, 8, 10, 12, 14, 16, 18, 19] raw_span=80284050-80295777 trimmed=[1, 3, 5, 8, 10, 12, 14, 16, 18, 19] trimmed_span=80284050-80295777 ref=80285828-80295770 is_long=true poly=false/false orphan=false
[TRACE_MAPTRF] update_existing idx=0 key=[1, 3, 5, 8, 10, 12, 14, 16, 18, 19] old_abund=75.000 old_srabund=0.000 add=3.000
[TRACE_MAPTRF] raw=[1, 3, 5, 8, 10, 12, 14, 16, 18, 19] raw_span=80284050-80295777 trimmed=[1, 3, 5, 8, 10, 12, 14, 16, 18, 19] trimmed_span=80284050-80295777 ref=80285828-80295773 is_long=true poly=false/false orphan=false
[TRACE_MAPTRF] update_existing idx=0 key=[1, 3, 5, 8, 10, 12, 14, 16, 18, 19] old_abund=78.000 old_srabund=0.000 add=1.000
[TRACE_MAPTRF] raw=[1, 3, 5, 8, 10, 12, 14, 16, 18, 19] raw_span=80284050-80295777 trimmed=[1, 3, 5, 8, 10, 12, 14, 16, 18, 19] trimmed_span=80284050-80295777 ref=80285828-80295776 is_long=true poly=false/false orphan=false
[TRACE_MAPTRF] update_existing idx=0 key=[1, 3, 5, 8, 10, 12, 14, 16, 18, 19] old_abund=79.000 old_srabund=0.000 add=1.000
[TRACE_MAPTRF] raw=[1, 3, 5, 8, 10, 12, 14, 16, 18, 19] raw_span=80284050-80295777 trimmed=[1, 3, 5, 8, 10, 12, 14, 16, 18, 19] trimmed_span=80284050-80295777 ref=80285828-80295777 is_long=true poly=false/false orphan=false
[TRACE_MAPTRF] update_existing idx=0 key=[1, 3, 5, 8, 10, 12, 14, 16, 18, 19] old_abund=80.000 old_srabund=0.000 add=2.000
[TRACE_MAPTRF] raw=[1, 3, 5, 8, 10, 12, 14, 16, 18, 19, 21] raw_span=80284050-80296717 trimmed=[1, 3, 5, 8, 10, 12, 14, 16, 18, 19, 21] trimmed_span=80284050-80296717 ref=80285828-80296715 is_long=true poly=false/false orphan=false
[TRACE_MAPTRF] update_existing idx=3 key=[1, 3, 5, 8, 10, 12, 14, 16, 18, 19, 21] old_abund=15.000 old_srabund=0.000 add=1.000
[TRACE_MAPTRF] raw=[1, 3, 5, 8, 10, 12, 14, 16, 18, 19, 21] raw_span=80284050-80296717 trimmed=[1, 3, 5, 8, 10, 12, 14, 16, 18, 19, 21] trimmed_span=80284050-80296717 ref=80285828-80296716 is_long=true poly=false/false orphan=false
[TRACE_MAPTRF] update_existing idx=3 key=[1, 3, 5, 8, 10, 12, 14, 16, 18, 19, 21] old_abund=16.000 old_srabund=0.000 add=1.000
[TRACE_MAPTRF] raw=[1, 3, 5, 8, 10, 12, 14, 16, 18, 19] raw_span=80284050-80295777 trimmed=[1, 3, 5, 8, 10, 12, 14, 16, 18, 19] trimmed_span=80284050-80295777 ref=80285829-80295769 is_long=true poly=false/false orphan=false
[TRACE_MAPTRF] update_existing idx=0 key=[1, 3, 5, 8, 10, 12, 14, 16, 18, 19] old_abund=82.000 old_srabund=0.000 add=2.000
[TRACE_MAPTRF] raw=[1, 3, 5, 8, 10, 12, 14, 16, 18, 19] raw_span=80284050-80295777 trimmed=[1, 3, 5, 8, 10, 12, 14, 16, 18, 19] trimmed_span=80284050-80295777 ref=80285829-80295770 is_long=true poly=false/false orphan=false
[TRACE_MAPTRF] update_existing idx=0 key=[1, 3, 5, 8, 10, 12, 14, 16, 18, 19] old_abund=84.000 old_srabund=0.000 add=1.000
[TRACE_MAPTRF] raw=[1, 3, 5, 8, 10, 12, 14, 16, 18, 19] raw_span=80284050-80295777 trimmed=[1, 3, 5, 8, 10, 12, 14, 16, 18, 19] trimmed_span=80284050-80295777 ref=80285829-80295772 is_long=true poly=false/false orphan=false
[TRACE_MAPTRF] update_existing idx=0 key=[1, 3, 5, 8, 10, 12, 14, 16, 18, 19] old_abund=85.000 old_srabund=0.000 add=1.000
[TRACE_MAPTRF] raw=[1, 3, 5, 8, 10, 12, 14, 16, 18, 19] raw_span=80284050-80295777 trimmed=[1, 3, 5, 8, 10, 12, 14, 16, 18, 19] trimmed_span=80284050-80295777 ref=80285829-80295777 is_long=true poly=false/false orphan=false
[TRACE_MAPTRF] update_existing idx=0 key=[1, 3, 5, 8, 10, 12, 14, 16, 18, 19] old_abund=86.000 old_srabund=0.000 add=1.000
[TRACE_MAPTRF] raw=[1, 3, 5, 8, 10, 12, 14, 16, 18, 19, 21] raw_span=80284050-80296717 trimmed=[1, 3, 5, 8, 10, 12, 14, 16, 18, 19, 21] trimmed_span=80284050-80296717 ref=80285829-80296706 is_long=true poly=false/false orphan=false
[TRACE_MAPTRF] update_existing idx=3 key=[1, 3, 5, 8, 10, 12, 14, 16, 18, 19, 21] old_abund=17.000 old_srabund=0.000 add=1.000
[TRACE_MAPTRF] raw=[1, 3, 5, 8, 10, 12, 14, 16, 18, 19, 21] raw_span=80284050-80296717 trimmed=[1, 3, 5, 8, 10, 12, 14, 16, 18, 19, 21] trimmed_span=80284050-80296717 ref=80285829-80296715 is_long=true poly=false/false orphan=false
[TRACE_MAPTRF] update_existing idx=3 key=[1, 3, 5, 8, 10, 12, 14, 16, 18, 19, 21] old_abund=18.000 old_srabund=0.000 add=1.000
[TRACE_MAPTRF] raw=[1, 3, 5, 8, 10, 12, 14, 16, 18, 19, 21] raw_span=80284050-80296717 trimmed=[1, 3, 5, 8, 10, 12, 14, 16, 18, 19, 21] trimmed_span=80284050-80296717 ref=80285829-80296717 is_long=true poly=false/false orphan=false
[TRACE_MAPTRF] update_existing idx=3 key=[1, 3, 5, 8, 10, 12, 14, 16, 18, 19, 21] old_abund=19.000 old_srabund=0.000 add=1.000
[TRACE_MAPTRF] raw=[1, 3, 5, 8, 10, 12, 14, 16, 18, 19, 21, 22] raw_span=80284050-80298318 trimmed=[1, 3, 5, 8, 10, 12, 14, 16, 18, 19, 21, 22] trimmed_span=80284050-80298318 ref=80285829-80297247 is_long=true poly=false/false orphan=false
[TRACE_MAPTRF] update_existing idx=2 key=[1, 3, 5, 8, 10, 12, 14, 16, 18, 19, 21, 22] old_abund=15.000 old_srabund=0.000 add=1.000
[TRACE_MAPTRF] raw=[1, 3, 5, 8, 10, 12, 14, 16, 18, 19] raw_span=80284050-80295777 trimmed=[1, 3, 5, 8, 10, 12, 14, 16, 18, 19] trimmed_span=80284050-80295777 ref=80285830-80295763 is_long=true poly=false/false orphan=false
[TRACE_MAPTRF] update_existing idx=0 key=[1, 3, 5, 8, 10, 12, 14, 16, 18, 19] old_abund=87.000 old_srabund=0.000 add=1.000
[TRACE_MAPTRF] raw=[1, 3, 5, 8, 10, 12, 14, 16, 18, 19] raw_span=80284050-80295777 trimmed=[1, 3, 5, 8, 10, 12, 14, 16, 18, 19] trimmed_span=80284050-80295777 ref=80285831-80295777 is_long=true poly=false/false orphan=false
[TRACE_MAPTRF] update_existing idx=0 key=[1, 3, 5, 8, 10, 12, 14, 16, 18, 19] old_abund=88.000 old_srabund=0.000 add=1.000
[TRACE_MAPTRF] raw=[1, 3, 5, 8, 10, 12, 14, 16, 18, 19] raw_span=80284050-80295777 trimmed=[1, 3, 5, 8, 10, 12, 14, 16, 18, 19] trimmed_span=80284050-80295777 ref=80285832-80295703 is_long=true poly=false/false orphan=false
[TRACE_MAPTRF] update_existing idx=0 key=[1, 3, 5, 8, 10, 12, 14, 16, 18, 19] old_abund=89.000 old_srabund=0.000 add=1.000
[TRACE_MAPTRF] raw=[1, 3, 5, 8, 10, 12, 14, 16, 18, 19] raw_span=80284050-80295777 trimmed=[1, 3, 5, 8, 10, 12, 14, 16, 18, 19] trimmed_span=80284050-80295777 ref=80285832-80295763 is_long=true poly=false/false orphan=false
[TRACE_MAPTRF] update_existing idx=0 key=[1, 3, 5, 8, 10, 12, 14, 16, 18, 19] old_abund=90.000 old_srabund=0.000 add=1.000
[TRACE_MAPTRF] raw=[1, 3, 5, 8, 10, 12, 14, 16, 18, 19] raw_span=80284050-80295777 trimmed=[1, 3, 5, 8, 10, 12, 14, 16, 18, 19] trimmed_span=80284050-80295777 ref=80285832-80295768 is_long=true poly=false/false orphan=false
[TRACE_MAPTRF] update_existing idx=0 key=[1, 3, 5, 8, 10, 12, 14, 16, 18, 19] old_abund=91.000 old_srabund=0.000 add=1.000
[TRACE_MAPTRF] raw=[1, 3, 5, 8, 10, 12, 14, 16, 18, 19] raw_span=80284050-80295777 trimmed=[1, 3, 5, 8, 10, 12, 14, 16, 18, 19] trimmed_span=80284050-80295777 ref=80285832-80295769 is_long=true poly=false/false orphan=false
[TRACE_MAPTRF] update_existing idx=0 key=[1, 3, 5, 8, 10, 12, 14, 16, 18, 19] old_abund=92.000 old_srabund=0.000 add=1.000
[TRACE_MAPTRF] raw=[1, 3, 5, 8, 10, 12, 14, 16, 18, 19] raw_span=80284050-80295777 trimmed=[1, 3, 5, 8, 10, 12, 14, 16, 18, 19] trimmed_span=80284050-80295777 ref=80285832-80295770 is_long=true poly=false/false orphan=false
[TRACE_MAPTRF] update_existing idx=0 key=[1, 3, 5, 8, 10, 12, 14, 16, 18, 19] old_abund=93.000 old_srabund=0.000 add=2.000
[TRACE_MAPTRF] raw=[1, 3, 5, 8, 10, 12, 14, 16, 18, 19] raw_span=80284050-80295777 trimmed=[1, 3, 5, 8, 10, 12, 14, 16, 18, 19] trimmed_span=80284050-80295777 ref=80285832-80295773 is_long=true poly=false/false orphan=false
[TRACE_MAPTRF] update_existing idx=0 key=[1, 3, 5, 8, 10, 12, 14, 16, 18, 19] old_abund=95.000 old_srabund=0.000 add=3.000
[TRACE_MAPTRF] raw=[1, 3, 5, 8, 10, 12, 14, 16, 18, 19] raw_span=80284050-80295777 trimmed=[1, 3, 5, 8, 10, 12, 14, 16, 18, 19] trimmed_span=80284050-80295777 ref=80285832-80295777 is_long=true poly=false/false orphan=false
[TRACE_MAPTRF] update_existing idx=0 key=[1, 3, 5, 8, 10, 12, 14, 16, 18, 19] old_abund=98.000 old_srabund=0.000 add=2.000
[TRACE_MAPTRF] raw=[1, 3, 5, 8, 10, 12, 14, 16, 18, 19, 21] raw_span=80284050-80296717 trimmed=[1, 3, 5, 8, 10, 12, 14, 16, 18, 19, 21] trimmed_span=80284050-80296717 ref=80285832-80296706 is_long=true poly=false/false orphan=false
[TRACE_MAPTRF] update_existing idx=3 key=[1, 3, 5, 8, 10, 12, 14, 16, 18, 19, 21] old_abund=20.000 old_srabund=0.000 add=1.000
[TRACE_MAPTRF] raw=[1, 3, 5, 8, 10, 12, 14, 16, 18, 19, 21] raw_span=80284050-80296717 trimmed=[1, 3, 5, 8, 10, 12, 14, 16, 18, 19, 21] trimmed_span=80284050-80296717 ref=80285832-80296710 is_long=true poly=false/false orphan=false
[TRACE_MAPTRF] update_existing idx=3 key=[1, 3, 5, 8, 10, 12, 14, 16, 18, 19, 21] old_abund=21.000 old_srabund=0.000 add=3.000
[TRACE_MAPTRF] raw=[1, 3, 5, 8, 10, 12, 14, 16, 18, 19, 21] raw_span=80284050-80296717 trimmed=[1, 3, 5, 8, 10, 12, 14, 16, 18, 19, 21] trimmed_span=80284050-80296717 ref=80285832-80296715 is_long=true poly=false/false orphan=false
[TRACE_MAPTRF] update_existing idx=3 key=[1, 3, 5, 8, 10, 12, 14, 16, 18, 19, 21] old_abund=24.000 old_srabund=0.000 add=1.000
PATH_frag_pattern: read[122] SPLIT_BADJUNC at_j=2 junc_i=1 upstream_nodes= 1(80284050-80286014) 3(80288482-80288594) | restart_node=16(80293228-80293330) junc=80288517-80293228 node_prev_end=80288594 node_cur_start=80293228 killed=1
[TRACE_MAPTRF] raw=[1, 3] raw_span=80284050-80288594 trimmed=[1, 3] trimmed_span=80284050-80288594 ref=80285832-80297242 is_long=true poly=false/false orphan=false
[TRACE_MAPTRF] create_new key=[1, 3] add=1.000 ref=80285832-80297242
[TRACE_MAPTRF] raw=[1, 3, 5, 8, 10, 12, 14, 16, 18, 19, 21, 22] raw_span=80284050-80298318 trimmed=[1, 3, 5, 8, 10, 12, 14, 16, 18, 19, 21, 22] trimmed_span=80284050-80298318 ref=80285832-80297250 is_long=true poly=false/false orphan=false
[TRACE_MAPTRF] update_existing idx=2 key=[1, 3, 5, 8, 10, 12, 14, 16, 18, 19, 21, 22] old_abund=16.000 old_srabund=0.000 add=1.000
[TRACE_MAPTRF] raw=[1, 3, 5, 8, 10, 12, 14, 16, 18, 19, 21, 22] raw_span=80284050-80298318 trimmed=[1, 3, 5, 8, 10, 12, 14, 16, 18, 19, 21, 22] trimmed_span=80284050-80298318 ref=80285832-80297254 is_long=true poly=false/false orphan=false
[TRACE_MAPTRF] update_existing idx=2 key=[1, 3, 5, 8, 10, 12, 14, 16, 18, 19, 21, 22] old_abund=17.000 old_srabund=0.000 add=1.000
[TRACE_MAPTRF] raw=[1, 3, 5, 8, 10, 12, 14, 16, 18, 19, 21, 22] raw_span=80284050-80298318 trimmed=[1, 3, 5, 8, 10, 12, 14, 16, 18, 19, 21, 22] trimmed_span=80284050-80298318 ref=80285832-80297332 is_long=true poly=false/false orphan=false
[TRACE_MAPTRF] update_existing idx=2 key=[1, 3, 5, 8, 10, 12, 14, 16, 18, 19, 21, 22] old_abund=18.000 old_srabund=0.000 add=1.000
[TRACE_MAPTRF] raw=[1, 3, 5, 8, 10, 12, 14, 16, 18, 19, 21, 22] raw_span=80284050-80298318 trimmed=[1, 3, 5, 8, 10, 12, 14, 16, 18, 19, 21, 22] trimmed_span=80284050-80298318 ref=80285832-80297544 is_long=true poly=false/false orphan=false
[TRACE_MAPTRF] update_existing idx=2 key=[1, 3, 5, 8, 10, 12, 14, 16, 18, 19, 21, 22] old_abund=19.000 old_srabund=0.000 add=1.000
[TRACE_MAPTRF] raw=[1, 3, 5, 8, 10, 12, 14, 16, 18, 19, 21, 22] raw_span=80284050-80298318 trimmed=[1, 3, 5, 8, 10, 12, 14, 16, 18, 19, 21, 22] trimmed_span=80284050-80298318 ref=80285832-80297850 is_long=true poly=false/false orphan=false
[TRACE_MAPTRF] update_existing idx=2 key=[1, 3, 5, 8, 10, 12, 14, 16, 18, 19, 21, 22] old_abund=20.000 old_srabund=0.000 add=1.000
[TRACE_MAPTRF] raw=[1, 3, 5, 8, 10, 12, 14, 16, 18, 19, 21, 22] raw_span=80284050-80298318 trimmed=[1, 3, 5, 8, 10, 12, 14, 16, 18, 19, 21, 22] trimmed_span=80284050-80298318 ref=80285833-80297341 is_long=true poly=false/false orphan=false
[TRACE_MAPTRF] update_existing idx=2 key=[1, 3, 5, 8, 10, 12, 14, 16, 18, 19, 21, 22] old_abund=21.000 old_srabund=0.000 add=1.000
[TRACE_MAPTRF] raw=[1, 3, 5, 8, 10, 12, 14, 16, 18, 19] raw_span=80284050-80295777 trimmed=[1, 3, 5, 8, 10, 12, 14, 16, 18, 19] trimmed_span=80284050-80295777 ref=80285834-80295777 is_long=true poly=false/false orphan=false
[TRACE_MAPTRF] update_existing idx=0 key=[1, 3, 5, 8, 10, 12, 14, 16, 18, 19] old_abund=100.000 old_srabund=0.000 add=1.000
[TRACE_MAPTRF] raw=[1, 3, 5, 8, 10, 12, 14, 16, 18, 19, 21, 22] raw_span=80284050-80298318 trimmed=[1, 3, 5, 8, 10, 12, 14, 16, 18, 19, 21, 22] trimmed_span=80284050-80298318 ref=80285834-80297866 is_long=true poly=false/false orphan=false
[TRACE_MAPTRF] update_existing idx=2 key=[1, 3, 5, 8, 10, 12, 14, 16, 18, 19, 21, 22] old_abund=22.000 old_srabund=0.000 add=1.000
[TRACE_MAPTRF] raw=[1, 3, 5, 8, 10, 12, 14, 16, 18, 19] raw_span=80284050-80295777 trimmed=[1, 3, 5, 8, 10, 12, 14, 16, 18, 19] trimmed_span=80284050-80295777 ref=80285835-80295703 is_long=true poly=false/false orphan=false
[TRACE_MAPTRF] update_existing idx=0 key=[1, 3, 5, 8, 10, 12, 14, 16, 18, 19] old_abund=101.000 old_srabund=0.000 add=1.000
[TRACE_MAPTRF] raw=[1, 3, 5, 8, 10, 12, 14, 16, 18, 19] raw_span=80284050-80295777 trimmed=[1, 3, 5, 8, 10, 12, 14, 16, 18, 19] trimmed_span=80284050-80295777 ref=80285835-80295763 is_long=true poly=false/false orphan=false
[TRACE_MAPTRF] update_existing idx=0 key=[1, 3, 5, 8, 10, 12, 14, 16, 18, 19] old_abund=102.000 old_srabund=0.000 add=1.000
[TRACE_MAPTRF] raw=[1, 3, 5, 8, 10, 12, 14, 16, 18, 19] raw_span=80284050-80295777 trimmed=[1, 3, 5, 8, 10, 12, 14, 16, 18, 19] trimmed_span=80284050-80295777 ref=80285835-80295769 is_long=true poly=false/false orphan=false
[TRACE_MAPTRF] update_existing idx=0 key=[1, 3, 5, 8, 10, 12, 14, 16, 18, 19] old_abund=103.000 old_srabund=0.000 add=1.000
[TRACE_MAPTRF] raw=[1, 3, 5, 8, 10, 12, 14, 16, 18, 19] raw_span=80284050-80295777 trimmed=[1, 3, 5, 8, 10, 12, 14, 16, 18, 19] trimmed_span=80284050-80295777 ref=80285835-80295770 is_long=true poly=false/false orphan=false
[TRACE_MAPTRF] update_existing idx=0 key=[1, 3, 5, 8, 10, 12, 14, 16, 18, 19] old_abund=104.000 old_srabund=0.000 add=1.000
[TRACE_MAPTRF] raw=[1, 3, 5, 8, 10, 12, 14, 16, 18, 19, 21] raw_span=80284050-80296717 trimmed=[1, 3, 5, 8, 10, 12, 14, 16, 18, 19, 21] trimmed_span=80284050-80296717 ref=80285835-80296717 is_long=true poly=false/false orphan=false
[TRACE_MAPTRF] update_existing idx=3 key=[1, 3, 5, 8, 10, 12, 14, 16, 18, 19, 21] old_abund=25.000 old_srabund=0.000 add=1.000
[TRACE_MAPTRF] raw=[1, 3, 5, 8, 10, 12, 14, 16, 18, 19] raw_span=80284050-80295777 trimmed=[1, 3, 5, 8, 10, 12, 14, 16, 18, 19] trimmed_span=80284050-80295777 ref=80285836-80295770 is_long=true poly=false/false orphan=false
[TRACE_MAPTRF] update_existing idx=0 key=[1, 3, 5, 8, 10, 12, 14, 16, 18, 19] old_abund=105.000 old_srabund=0.000 add=1.000
[TRACE_MAPTRF] raw=[1, 3, 5, 8, 9, 10, 11, 12, 13, 14, 15, 16, 17, 18, 19] raw_span=80284050-80295777 trimmed=[1, 3, 5, 8, 9, 10, 11, 12, 13, 14, 15, 16, 17, 18, 19] trimmed_span=80284050-80295777 ref=80285836-80295770 is_long=true poly=false/false orphan=false
[TRACE_MAPTRF] create_new key=[1, 3, 5, 8, 9, 10, 11, 12, 13, 14, 15, 16, 17, 18, 19] add=1.000 ref=80285836-80295770
[TRACE_MAPTRF] raw=[1, 3, 5, 8, 10, 12, 14, 16, 18, 19] raw_span=80284050-80295777 trimmed=[1, 3, 5, 8, 10, 12, 14, 16, 18, 19] trimmed_span=80284050-80295777 ref=80285837-80295765 is_long=true poly=false/false orphan=false
[TRACE_MAPTRF] update_existing idx=0 key=[1, 3, 5, 8, 10, 12, 14, 16, 18, 19] old_abund=106.000 old_srabund=0.000 add=1.000
[TRACE_MAPTRF] raw=[1, 3, 5, 8, 10, 12, 14, 16, 18, 19] raw_span=80284050-80295777 trimmed=[1, 3, 5, 8, 10, 12, 14, 16, 18, 19] trimmed_span=80284050-80295777 ref=80285838-80295773 is_long=true poly=false/false orphan=false
[TRACE_MAPTRF] update_existing idx=0 key=[1, 3, 5, 8, 10, 12, 14, 16, 18, 19] old_abund=107.000 old_srabund=0.000 add=1.000
[TRACE_MAPTRF] raw=[1, 3, 5, 8, 10, 12, 14, 16, 18, 19] raw_span=80284050-80295777 trimmed=[1, 3, 5, 8, 10, 12, 14, 16, 18, 19] trimmed_span=80284050-80295777 ref=80285838-80295777 is_long=true poly=false/false orphan=false
[TRACE_MAPTRF] update_existing idx=0 key=[1, 3, 5, 8, 10, 12, 14, 16, 18, 19] old_abund=108.000 old_srabund=0.000 add=3.000
[TRACE_MAPTRF] raw=[1, 3, 5, 8, 10, 12, 14, 16, 18, 19, 21] raw_span=80284050-80296717 trimmed=[1, 3, 5, 8, 10, 12, 14, 16, 18, 19, 21] trimmed_span=80284050-80296717 ref=80285838-80296715 is_long=true poly=false/false orphan=false
[TRACE_MAPTRF] update_existing idx=3 key=[1, 3, 5, 8, 10, 12, 14, 16, 18, 19, 21] old_abund=26.000 old_srabund=0.000 add=1.000
[TRACE_MAPTRF] raw=[1, 3, 5, 8, 10, 12, 14, 16, 18, 19, 21] raw_span=80284050-80296717 trimmed=[1, 3, 5, 8, 10, 12, 14, 16, 18, 19, 21] trimmed_span=80284050-80296717 ref=80285838-80296717 is_long=true poly=false/false orphan=false
[TRACE_MAPTRF] update_existing idx=3 key=[1, 3, 5, 8, 10, 12, 14, 16, 18, 19, 21] old_abund=27.000 old_srabund=0.000 add=1.000
[TRACE_MAPTRF] raw=[1, 3, 5, 8, 10, 12, 14, 16, 18, 19, 21, 22] raw_span=80284050-80298318 trimmed=[1, 3, 5, 8, 10, 12, 14, 16, 18, 19, 21, 22] trimmed_span=80284050-80298318 ref=80285838-80296906 is_long=true poly=false/false orphan=false
[TRACE_MAPTRF] update_existing idx=2 key=[1, 3, 5, 8, 10, 12, 14, 16, 18, 19, 21, 22] old_abund=23.000 old_srabund=0.000 add=1.000
[TRACE_MAPTRF] raw=[1, 3, 5, 8, 10, 12, 14, 16, 18, 19, 21, 22] raw_span=80284050-80298318 trimmed=[1, 3, 5, 8, 10, 12, 14, 16, 18, 19, 21, 22] trimmed_span=80284050-80298318 ref=80285838-80297331 is_long=true poly=false/false orphan=false
[TRACE_MAPTRF] update_existing idx=2 key=[1, 3, 5, 8, 10, 12, 14, 16, 18, 19, 21, 22] old_abund=24.000 old_srabund=0.000 add=1.000
[TRACE_MAPTRF] raw=[1, 3, 5, 8, 10, 12, 14, 16, 18, 19, 21, 22] raw_span=80284050-80298318 trimmed=[1, 3, 5, 8, 10, 12, 14, 16, 18, 19, 21, 22] trimmed_span=80284050-80298318 ref=80285838-80297791 is_long=true poly=false/false orphan=false
[TRACE_MAPTRF] update_existing idx=2 key=[1, 3, 5, 8, 10, 12, 14, 16, 18, 19, 21, 22] old_abund=25.000 old_srabund=0.000 add=1.000
[TRACE_MAPTRF] raw=[1, 3, 5, 8, 10, 12, 14, 16, 18, 19, 21, 22] raw_span=80284050-80298318 trimmed=[1, 3, 5, 8, 10, 12, 14, 16, 18, 19, 21, 22] trimmed_span=80284050-80298318 ref=80285838-80297802 is_long=true poly=false/false orphan=false
[TRACE_MAPTRF] update_existing idx=2 key=[1, 3, 5, 8, 10, 12, 14, 16, 18, 19, 21, 22] old_abund=26.000 old_srabund=0.000 add=1.000
[TRACE_MAPTRF] raw=[1, 2] raw_span=80284050-80287605 trimmed=[1, 2] trimmed_span=80284050-80287605 ref=80285840-80287605 is_long=true poly=false/false orphan=false
[TRACE_MAPTRF] create_new key=[1, 2] add=1.000 ref=80285840-80287605
[TRACE_MAPTRF] raw=[1, 3, 5, 8, 10, 12, 14, 16, 18, 19] raw_span=80284050-80295777 trimmed=[1, 3, 5, 8, 10, 12, 14, 16, 18, 19] trimmed_span=80284050-80295777 ref=80285840-80295703 is_long=true poly=false/false orphan=false
[TRACE_MAPTRF] update_existing idx=0 key=[1, 3, 5, 8, 10, 12, 14, 16, 18, 19] old_abund=111.000 old_srabund=0.000 add=1.000
[TRACE_MAPTRF] raw=[1, 3, 5, 8, 9, 10, 11, 12, 13, 14, 15, 16, 17, 18, 19] raw_span=80284050-80295777 trimmed=[1, 3, 5, 8, 9, 10, 11, 12, 13, 14, 15, 16, 17, 18, 19] trimmed_span=80284050-80295777 ref=80285840-80295770 is_long=true poly=false/false orphan=false
[TRACE_MAPTRF] update_existing idx=9 key=[1, 3, 5, 8, 9, 10, 11, 12, 13, 14, 15, 16, 17, 18, 19] old_abund=1.000 old_srabund=0.000 add=1.000
[TRACE_MAPTRF] raw=[1, 3, 5, 8, 10, 12, 14, 16, 18, 19] raw_span=80284050-80295777 trimmed=[1, 3, 5, 8, 10, 12, 14, 16, 18, 19] trimmed_span=80284050-80295777 ref=80285840-80295776 is_long=true poly=false/false orphan=false
[TRACE_MAPTRF] update_existing idx=0 key=[1, 3, 5, 8, 10, 12, 14, 16, 18, 19] old_abund=112.000 old_srabund=0.000 add=1.000
[TRACE_MAPTRF] raw=[1, 8, 10, 12, 14, 16, 18, 19] raw_span=80284050-80295777 trimmed=[1, 8, 10, 12, 14, 16, 18, 19] trimmed_span=80284050-80295777 ref=80285840-80295776 is_long=true poly=false/false orphan=false
[TRACE_MAPTRF] create_new key=[1, 8, 10, 12, 14, 16, 18, 19] add=1.000 ref=80285840-80295776
[TRACE_MAPTRF] raw=[1, 3, 5, 8, 10, 12, 14, 16, 18, 19, 21] raw_span=80284050-80296717 trimmed=[1, 3, 5, 8, 10, 12, 14, 16, 18, 19, 21] trimmed_span=80284050-80296717 ref=80285840-80296715 is_long=true poly=false/false orphan=false
[TRACE_MAPTRF] update_existing idx=3 key=[1, 3, 5, 8, 10, 12, 14, 16, 18, 19, 21] old_abund=28.000 old_srabund=0.000 add=1.000
[TRACE_MAPTRF] raw=[1, 3, 5, 8, 10, 12, 14, 16, 18, 19, 21] raw_span=80284050-80296717 trimmed=[1, 3, 5, 8, 10, 12, 14, 16, 18, 19, 21] trimmed_span=80284050-80296717 ref=80285840-80296717 is_long=true poly=false/false orphan=false
[TRACE_MAPTRF] update_existing idx=3 key=[1, 3, 5, 8, 10, 12, 14, 16, 18, 19, 21] old_abund=29.000 old_srabund=0.000 add=1.000
[TRACE_MAPTRF] raw=[1, 3, 5, 8, 10, 12, 14, 16, 18, 19, 21, 22] raw_span=80284050-80298318 trimmed=[1, 3, 5, 8, 10, 12, 14, 16, 18, 19, 21, 22] trimmed_span=80284050-80298318 ref=80285840-80297249 is_long=true poly=false/false orphan=false
[TRACE_MAPTRF] update_existing idx=2 key=[1, 3, 5, 8, 10, 12, 14, 16, 18, 19, 21, 22] old_abund=27.000 old_srabund=0.000 add=1.000
PATH_frag_pattern: read[155] SPLIT_BADJUNC at_j=2 junc_i=1 upstream_nodes= 1(80284050-80286014) 3(80288482-80288594) | restart_node=16(80293228-80293330) junc=80288521-80293228 node_prev_end=80288594 node_cur_start=80293228 killed=1
[TRACE_MAPTRF] raw=[1, 3] raw_span=80284050-80288594 trimmed=[1, 3] trimmed_span=80284050-80288594 ref=80285841-80295522 is_long=true poly=false/false orphan=false
[TRACE_MAPTRF] update_existing idx=7 key=[1, 3] old_abund=1.000 old_srabund=0.000 add=1.000
[TRACE_MAPTRF] raw=[1, 3, 5, 8, 10, 12, 14, 16, 18, 19] raw_span=80284050-80295777 trimmed=[1, 3, 5, 8, 10, 12, 14, 16, 18, 19] trimmed_span=80284050-80295777 ref=80285841-80295763 is_long=true poly=false/false orphan=false
[TRACE_MAPTRF] update_existing idx=0 key=[1, 3, 5, 8, 10, 12, 14, 16, 18, 19] old_abund=113.000 old_srabund=0.000 add=1.000
[TRACE_MAPTRF] raw=[1, 3, 5, 8, 10, 12, 14, 16, 18, 19] raw_span=80284050-80295777 trimmed=[1, 3, 5, 8, 10, 12, 14, 16, 18, 19] trimmed_span=80284050-80295777 ref=80285841-80295770 is_long=true poly=false/false orphan=false
[TRACE_MAPTRF] update_existing idx=0 key=[1, 3, 5, 8, 10, 12, 14, 16, 18, 19] old_abund=114.000 old_srabund=0.000 add=2.000
[TRACE_MAPTRF] raw=[1, 3, 5, 8, 10, 12, 14, 16, 18, 19, 21] raw_span=80284050-80296717 trimmed=[1, 3, 5, 8, 10, 12, 14, 16, 18, 19, 21] trimmed_span=80284050-80296717 ref=80285841-80296706 is_long=true poly=false/false orphan=false
[TRACE_MAPTRF] update_existing idx=3 key=[1, 3, 5, 8, 10, 12, 14, 16, 18, 19, 21] old_abund=30.000 old_srabund=0.000 add=1.000
[TRACE_MAPTRF] raw=[1, 3, 5, 8, 10, 12, 14, 16, 18, 19, 21, 22] raw_span=80284050-80298318 trimmed=[1, 3, 5, 8, 10, 12, 14, 16, 18, 19, 21, 22] trimmed_span=80284050-80298318 ref=80285841-80296894 is_long=true poly=false/false orphan=false
[TRACE_MAPTRF] update_existing idx=2 key=[1, 3, 5, 8, 10, 12, 14, 16, 18, 19, 21, 22] old_abund=28.000 old_srabund=0.000 add=1.000
[TRACE_MAPTRF] raw=[1, 3, 5, 8, 10, 12, 14, 16, 18, 19] raw_span=80284050-80295777 trimmed=[1, 3, 5, 8, 10, 12, 14, 16, 18, 19] trimmed_span=80284050-80295777 ref=80285842-80295765 is_long=true poly=false/false orphan=false
[TRACE_MAPTRF] update_existing idx=0 key=[1, 3, 5, 8, 10, 12, 14, 16, 18, 19] old_abund=116.000 old_srabund=0.000 add=1.000
[TRACE_MAPTRF] raw=[1, 3, 5, 8, 10, 12, 14, 16, 18, 19] raw_span=80284050-80295777 trimmed=[1, 3, 5, 8, 10, 12, 14, 16, 18, 19] trimmed_span=80284050-80295777 ref=80285842-80295770 is_long=true poly=false/false orphan=false
[TRACE_MAPTRF] update_existing idx=0 key=[1, 3, 5, 8, 10, 12, 14, 16, 18, 19] old_abund=117.000 old_srabund=0.000 add=2.000
[TRACE_MAPTRF] raw=[1, 3, 5, 8, 9, 10, 11, 12, 13, 14, 16, 18, 19] raw_span=80284050-80295777 trimmed=[1, 3, 5, 8, 9, 10, 11, 12, 13, 14, 16, 18, 19] trimmed_span=80284050-80295777 ref=80285842-80295770 is_long=true poly=false/false orphan=false
[TRACE_MAPTRF] update_existing idx=5 key=[1, 3, 5, 8, 9, 10, 11, 12, 13, 14, 16, 18, 19] old_abund=1.000 old_srabund=0.000 add=1.000
[TRACE_MAPTRF] raw=[1, 3, 5, 8, 10, 12, 14, 16, 18, 19] raw_span=80284050-80295777 trimmed=[1, 3, 5, 8, 10, 12, 14, 16, 18, 19] trimmed_span=80284050-80295777 ref=80285842-80295776 is_long=true poly=false/false orphan=false
[TRACE_MAPTRF] update_existing idx=0 key=[1, 3, 5, 8, 10, 12, 14, 16, 18, 19] old_abund=119.000 old_srabund=0.000 add=1.000
[TRACE_MAPTRF] raw=[1, 3, 5, 8, 10, 12, 14, 16, 18, 19] raw_span=80284050-80295777 trimmed=[1, 3, 5, 8, 10, 12, 14, 16, 18, 19] trimmed_span=80284050-80295777 ref=80285842-80295777 is_long=true poly=false/false orphan=false
[TRACE_MAPTRF] update_existing idx=0 key=[1, 3, 5, 8, 10, 12, 14, 16, 18, 19] old_abund=120.000 old_srabund=0.000 add=1.000
[TRACE_MAPTRF] raw=[1, 3, 5, 8, 10, 12, 14, 16, 18, 19, 21] raw_span=80284050-80296717 trimmed=[1, 3, 5, 8, 10, 12, 14, 16, 18, 19, 21] trimmed_span=80284050-80296717 ref=80285842-80296710 is_long=true poly=false/false orphan=false
[TRACE_MAPTRF] update_existing idx=3 key=[1, 3, 5, 8, 10, 12, 14, 16, 18, 19, 21] old_abund=31.000 old_srabund=0.000 add=1.000
[TRACE_MAPTRF] raw=[1, 3, 5, 8, 10, 12, 14, 16, 18, 19, 21] raw_span=80284050-80296717 trimmed=[1, 3, 5, 8, 10, 12, 14, 16, 18, 19, 21] trimmed_span=80284050-80296717 ref=80285842-80296717 is_long=true poly=false/false orphan=false
[TRACE_MAPTRF] update_existing idx=3 key=[1, 3, 5, 8, 10, 12, 14, 16, 18, 19, 21] old_abund=32.000 old_srabund=0.000 add=2.000
[TRACE_MAPTRF] raw=[1, 3, 5, 8, 10, 12, 14, 16, 18, 19, 21, 22] raw_span=80284050-80298318 trimmed=[1, 3, 5, 8, 10, 12, 14, 16, 18, 19, 21, 22] trimmed_span=80284050-80298318 ref=80285842-80297249 is_long=true poly=false/false orphan=false
[TRACE_MAPTRF] update_existing idx=2 key=[1, 3, 5, 8, 10, 12, 14, 16, 18, 19, 21, 22] old_abund=29.000 old_srabund=0.000 add=1.000
[TRACE_MAPTRF] raw=[1, 3, 5, 8, 10, 12, 14, 16, 18, 19, 21, 22] raw_span=80284050-80298318 trimmed=[1, 3, 5, 8, 10, 12, 14, 16, 18, 19, 21, 22] trimmed_span=80284050-80298318 ref=80285842-80297250 is_long=true poly=false/false orphan=false
[TRACE_MAPTRF] update_existing idx=2 key=[1, 3, 5, 8, 10, 12, 14, 16, 18, 19, 21, 22] old_abund=30.000 old_srabund=0.000 add=1.000
[TRACE_MAPTRF] raw=[1, 3, 5, 8, 10, 12, 14, 16, 18, 19, 21, 22] raw_span=80284050-80298318 trimmed=[1, 3, 5, 8, 10, 12, 14, 16, 18, 19, 21, 22] trimmed_span=80284050-80298318 ref=80285842-80297677 is_long=true poly=false/false orphan=false
[TRACE_MAPTRF] update_existing idx=2 key=[1, 3, 5, 8, 10, 12, 14, 16, 18, 19, 21, 22] old_abund=31.000 old_srabund=0.000 add=1.000
[TRACE_MAPTRF] raw=[1, 3, 5, 8, 10, 12, 14, 16, 18, 19, 21, 22] raw_span=80284050-80298318 trimmed=[1, 3, 5, 8, 10, 12, 14, 16, 18, 19, 21, 22] trimmed_span=80284050-80298318 ref=80285842-80297790 is_long=true poly=false/false orphan=false
[TRACE_MAPTRF] update_existing idx=2 key=[1, 3, 5, 8, 10, 12, 14, 16, 18, 19, 21, 22] old_abund=32.000 old_srabund=0.000 add=1.000
[TRACE_MAPTRF] raw=[1, 3, 5, 8, 10, 12, 14, 16, 18, 19, 21, 22] raw_span=80284050-80298318 trimmed=[1, 3, 5, 8, 10, 12, 14, 16, 18, 19, 21, 22] trimmed_span=80284050-80298318 ref=80285842-80297866 is_long=true poly=false/false orphan=false
[TRACE_MAPTRF] update_existing idx=2 key=[1, 3, 5, 8, 10, 12, 14, 16, 18, 19, 21, 22] old_abund=33.000 old_srabund=0.000 add=1.000
[TRACE_MAPTRF] raw=[1, 3, 5, 8, 10, 12, 14, 16, 18, 19] raw_span=80284050-80295777 trimmed=[1, 3, 5, 8, 10, 12, 14, 16, 18, 19] trimmed_span=80284050-80295777 ref=80285843-80295769 is_long=true poly=false/false orphan=false
[TRACE_MAPTRF] update_existing idx=0 key=[1, 3, 5, 8, 10, 12, 14, 16, 18, 19] old_abund=121.000 old_srabund=0.000 add=1.000
PATH_frag_pattern: read[173] SPLIT_BADJUNC at_j=3 junc_i=2 upstream_nodes= 1(80284050-80286014) 3(80288482-80288594) 5(80289947-80289991) | restart_node=16(80293228-80293330) junc=80289960-80293228 node_prev_end=80289991 node_cur_start=80293228 killed=1
[TRACE_MAPTRF] raw=[1, 3, 5] raw_span=80284050-80289991 trimmed=[1, 3, 5] trimmed_span=80284050-80289991 ref=80285846-80296612 is_long=true poly=false/false orphan=false
[TRACE_MAPTRF] create_new key=[1, 3, 5] add=1.000 ref=80285846-80296612
[TRACE_MAPTRF] raw=[1, 3, 5, 6] raw_span=80284050-80291179 trimmed=[1, 3, 5, 6] trimmed_span=80284050-80291179 ref=80285847-80292010 is_long=true poly=false/false orphan=false
[TRACE_MAPTRF] create_new key=[1, 3, 5, 6] add=1.000 ref=80285847-80292010
[TRACE_MAPTRF] raw=[1, 3, 5, 8, 10, 12, 14, 16, 18, 19] raw_span=80284050-80295777 trimmed=[1, 3, 5, 8, 10, 12, 14, 16, 18, 19] trimmed_span=80284050-80295777 ref=80285847-80295522 is_long=true poly=false/false orphan=false
[TRACE_MAPTRF] update_existing idx=0 key=[1, 3, 5, 8, 10, 12, 14, 16, 18, 19] old_abund=122.000 old_srabund=0.000 add=1.000
[TRACE_MAPTRF] raw=[1, 3, 5, 8, 9, 10, 11, 12, 14, 16, 18, 19] raw_span=80284050-80295777 trimmed=[1, 3, 5, 8, 9, 10, 11, 12, 14, 16, 18, 19] trimmed_span=80284050-80295777 ref=80285847-80295763 is_long=true poly=false/false orphan=false
[TRACE_MAPTRF] create_new key=[1, 3, 5, 8, 9, 10, 11, 12, 14, 16, 18, 19] add=1.000 ref=80285847-80295763
[TRACE_MAPTRF] raw=[1, 3, 5, 8, 10, 12, 14, 16, 18, 19] raw_span=80284050-80295777 trimmed=[1, 3, 5, 8, 10, 12, 14, 16, 18, 19] trimmed_span=80284050-80295777 ref=80285847-80295763 is_long=true poly=false/false orphan=false
[TRACE_MAPTRF] update_existing idx=0 key=[1, 3, 5, 8, 10, 12, 14, 16, 18, 19] old_abund=123.000 old_srabund=0.000 add=1.000
[TRACE_MAPTRF] raw=[1, 3, 5, 8, 10, 12, 14, 16, 18, 19] raw_span=80284050-80295777 trimmed=[1, 3, 5, 8, 10, 12, 14, 16, 18, 19] trimmed_span=80284050-80295777 ref=80285847-80295765 is_long=true poly=false/false orphan=false
[TRACE_MAPTRF] update_existing idx=0 key=[1, 3, 5, 8, 10, 12, 14, 16, 18, 19] old_abund=124.000 old_srabund=0.000 add=2.000
[TRACE_MAPTRF] raw=[1, 3, 5, 8, 10, 12, 14, 16, 18, 19] raw_span=80284050-80295777 trimmed=[1, 3, 5, 8, 10, 12, 14, 16, 18, 19] trimmed_span=80284050-80295777 ref=80285847-80295769 is_long=true poly=false/false orphan=false
[TRACE_MAPTRF] update_existing idx=0 key=[1, 3, 5, 8, 10, 12, 14, 16, 18, 19] old_abund=126.000 old_srabund=0.000 add=1.000
[TRACE_MAPTRF] raw=[1, 3, 5, 8, 10, 12, 14, 16, 18, 19] raw_span=80284050-80295777 trimmed=[1, 3, 5, 8, 10, 12, 14, 16, 18, 19] trimmed_span=80284050-80295777 ref=80285847-80295770 is_long=true poly=false/false orphan=false
[TRACE_MAPTRF] update_existing idx=0 key=[1, 3, 5, 8, 10, 12, 14, 16, 18, 19] old_abund=127.000 old_srabund=0.000 add=2.000
[TRACE_MAPTRF] raw=[1, 3, 5, 8, 10, 12, 14, 16, 18, 19] raw_span=80284050-80295777 trimmed=[1, 3, 5, 8, 10, 12, 14, 16, 18, 19] trimmed_span=80284050-80295777 ref=80285847-80295773 is_long=true poly=false/false orphan=false
[TRACE_MAPTRF] update_existing idx=0 key=[1, 3, 5, 8, 10, 12, 14, 16, 18, 19] old_abund=129.000 old_srabund=0.000 add=1.000
[TRACE_MAPTRF] raw=[1, 3, 5, 8, 10, 12, 14, 16, 18, 19] raw_span=80284050-80295777 trimmed=[1, 3, 5, 8, 10, 12, 14, 16, 18, 19] trimmed_span=80284050-80295777 ref=80285847-80295776 is_long=true poly=false/false orphan=false
[TRACE_MAPTRF] update_existing idx=0 key=[1, 3, 5, 8, 10, 12, 14, 16, 18, 19] old_abund=130.000 old_srabund=0.000 add=1.000
[TRACE_MAPTRF] raw=[1, 3, 5, 8, 10, 12, 14, 16, 18, 19] raw_span=80284050-80295777 trimmed=[1, 3, 5, 8, 10, 12, 14, 16, 18, 19] trimmed_span=80284050-80295777 ref=80285847-80295777 is_long=true poly=false/false orphan=false
[TRACE_MAPTRF] update_existing idx=0 key=[1, 3, 5, 8, 10, 12, 14, 16, 18, 19] old_abund=131.000 old_srabund=0.000 add=3.000
[TRACE_MAPTRF] raw=[1, 3, 5, 8, 10, 12, 14, 16, 18, 19, 21] raw_span=80284050-80296717 trimmed=[1, 3, 5, 8, 10, 12, 14, 16, 18, 19, 21] trimmed_span=80284050-80296717 ref=80285847-80296706 is_long=true poly=false/false orphan=false
[TRACE_MAPTRF] update_existing idx=3 key=[1, 3, 5, 8, 10, 12, 14, 16, 18, 19, 21] old_abund=34.000 old_srabund=0.000 add=2.000
[TRACE_MAPTRF] raw=[1, 3, 5, 8, 10, 12, 14, 16, 18, 19, 21] raw_span=80284050-80296717 trimmed=[1, 3, 5, 8, 10, 12, 14, 16, 18, 19, 21] trimmed_span=80284050-80296717 ref=80285847-80296710 is_long=true poly=false/false orphan=false
[TRACE_MAPTRF] update_existing idx=3 key=[1, 3, 5, 8, 10, 12, 14, 16, 18, 19, 21] old_abund=36.000 old_srabund=0.000 add=1.000
[TRACE_MAPTRF] raw=[1, 3, 5, 8, 10, 12, 14, 16, 18, 19, 21] raw_span=80284050-80296717 trimmed=[1, 3, 5, 8, 10, 12, 14, 16, 18, 19, 21] trimmed_span=80284050-80296717 ref=80285847-80296715 is_long=true poly=false/false orphan=false
[TRACE_MAPTRF] update_existing idx=3 key=[1, 3, 5, 8, 10, 12, 14, 16, 18, 19, 21] old_abund=37.000 old_srabund=0.000 add=3.000
[TRACE_MAPTRF] raw=[1, 3, 5, 8, 10, 12, 14, 16, 18, 19, 21] raw_span=80284050-80296717 trimmed=[1, 3, 5, 8, 10, 12, 14, 16, 18, 19, 21] trimmed_span=80284050-80296717 ref=80285847-80296717 is_long=true poly=false/false orphan=false
[TRACE_MAPTRF] update_existing idx=3 key=[1, 3, 5, 8, 10, 12, 14, 16, 18, 19, 21] old_abund=40.000 old_srabund=0.000 add=2.000
PATH_frag_pattern: read[188] SPLIT_BADJUNC at_j=2 junc_i=1 upstream_nodes= 1(80284050-80286014) 3(80288482-80288594) | restart_node=12(80292790-80292864) junc=80288528-80292790 node_prev_end=80288594 node_cur_start=80292790 killed=1
PATH_frag_pattern: read[188] SPLIT_BADJUNC at_j=3 junc_i=2 upstream_nodes= 12(80292790-80292864) | restart_node=18(80294941-80295070) junc=80292819-80294941 node_prev_end=80292864 node_cur_start=80294941 killed=0
[TRACE_MAPTRF] raw=[1, 3] raw_span=80284050-80288594 trimmed=[1, 3] trimmed_span=80284050-80288594 ref=80285847-80297789 is_long=true poly=false/false orphan=false
[TRACE_MAPTRF] update_existing idx=7 key=[1, 3] old_abund=2.000 old_srabund=0.000 add=1.000
[TRACE_MAPTRF] raw=[1, 3, 5, 8, 10, 12, 14, 16, 18, 19, 21, 22] raw_span=80284050-80298318 trimmed=[1, 3, 5, 8, 10, 12, 14, 16, 18, 19, 21, 22] trimmed_span=80284050-80298318 ref=80285847-80298318 is_long=true poly=false/false orphan=false
[TRACE_MAPTRF] update_existing idx=2 key=[1, 3, 5, 8, 10, 12, 14, 16, 18, 19, 21, 22] old_abund=34.000 old_srabund=0.000 add=1.000
[TRACE_MAPTRF] raw=[1, 3, 5, 8, 10, 12, 14, 16, 18, 19] raw_span=80284050-80295777 trimmed=[1, 3, 5, 8, 10, 12, 14, 16, 18, 19] trimmed_span=80284050-80295777 ref=80285848-80295703 is_long=true poly=false/false orphan=false
[TRACE_MAPTRF] update_existing idx=0 key=[1, 3, 5, 8, 10, 12, 14, 16, 18, 19] old_abund=134.000 old_srabund=0.000 add=2.000
[TRACE_MAPTRF] raw=[1, 3, 5, 8, 10, 12, 14, 16, 18, 19] raw_span=80284050-80295777 trimmed=[1, 3, 5, 8, 10, 12, 14, 16, 18, 19] trimmed_span=80284050-80295777 ref=80285848-80295763 is_long=true poly=false/false orphan=false
[TRACE_MAPTRF] update_existing idx=0 key=[1, 3, 5, 8, 10, 12, 14, 16, 18, 19] old_abund=136.000 old_srabund=0.000 add=2.000
[TRACE_MAPTRF] raw=[1, 3, 5, 8, 9, 10, 11, 12, 13, 14, 15, 16, 17, 18, 19] raw_span=80284050-80295777 trimmed=[1, 3, 5, 8, 9, 10, 11, 12, 13, 14, 15, 16, 17, 18, 19] trimmed_span=80284050-80295777 ref=80285848-80295765 is_long=true poly=false/false orphan=false
[TRACE_MAPTRF] update_existing idx=9 key=[1, 3, 5, 8, 9, 10, 11, 12, 13, 14, 15, 16, 17, 18, 19] old_abund=2.000 old_srabund=0.000 add=1.000
[TRACE_MAPTRF] raw=[1, 3, 5, 8, 10, 12, 14, 16, 18, 19] raw_span=80284050-80295777 trimmed=[1, 3, 5, 8, 10, 12, 14, 16, 18, 19] trimmed_span=80284050-80295777 ref=80285848-80295769 is_long=true poly=false/false orphan=false
[TRACE_MAPTRF] update_existing idx=0 key=[1, 3, 5, 8, 10, 12, 14, 16, 18, 19] old_abund=138.000 old_srabund=0.000 add=1.000
[TRACE_MAPTRF] raw=[1, 3, 5, 8, 10, 12, 14, 16, 18, 19] raw_span=80284050-80295777 trimmed=[1, 3, 5, 8, 10, 12, 14, 16, 18, 19] trimmed_span=80284050-80295777 ref=80285848-80295776 is_long=true poly=false/false orphan=false
[TRACE_MAPTRF] update_existing idx=0 key=[1, 3, 5, 8, 10, 12, 14, 16, 18, 19] old_abund=139.000 old_srabund=0.000 add=1.000
[TRACE_MAPTRF] raw=[1, 3, 5, 8, 10, 12, 14, 16, 18, 19] raw_span=80284050-80295777 trimmed=[1, 3, 5, 8, 10, 12, 14, 16, 18, 19] trimmed_span=80284050-80295777 ref=80285848-80295777 is_long=true poly=false/false orphan=false
[TRACE_MAPTRF] update_existing idx=0 key=[1, 3, 5, 8, 10, 12, 14, 16, 18, 19] old_abund=140.000 old_srabund=0.000 add=2.000
[TRACE_MAPTRF] raw=[1, 3, 5, 8, 10, 12, 14, 16, 18, 19, 21] raw_span=80284050-80296717 trimmed=[1, 3, 5, 8, 10, 12, 14, 16, 18, 19, 21] trimmed_span=80284050-80296717 ref=80285848-80296710 is_long=true poly=false/false orphan=false
[TRACE_MAPTRF] update_existing idx=3 key=[1, 3, 5, 8, 10, 12, 14, 16, 18, 19, 21] old_abund=42.000 old_srabund=0.000 add=1.000
[TRACE_MAPTRF] raw=[1, 8, 10, 12, 14, 16, 18, 19, 21] raw_span=80284050-80296717 trimmed=[1, 8, 10, 12, 14, 16, 18, 19, 21] trimmed_span=80284050-80296717 ref=80285848-80296710 is_long=true poly=false/false orphan=false
[TRACE_MAPTRF] create_new key=[1, 8, 10, 12, 14, 16, 18, 19, 21] add=1.000 ref=80285848-80296710
[TRACE_MAPTRF] raw=[1, 3, 5, 8, 10, 12, 14, 16, 18, 19, 21] raw_span=80284050-80296717 trimmed=[1, 3, 5, 8, 10, 12, 14, 16, 18, 19, 21] trimmed_span=80284050-80296717 ref=80285848-80296715 is_long=true poly=false/false orphan=false
[TRACE_MAPTRF] update_existing idx=3 key=[1, 3, 5, 8, 10, 12, 14, 16, 18, 19, 21] old_abund=43.000 old_srabund=0.000 add=1.000
[TRACE_MAPTRF] raw=[1, 3, 5, 8, 10, 12, 14, 16, 18, 19, 21] raw_span=80284050-80296717 trimmed=[1, 3, 5, 8, 10, 12, 14, 16, 18, 19, 21] trimmed_span=80284050-80296717 ref=80285848-80296717 is_long=true poly=false/false orphan=false
[TRACE_MAPTRF] update_existing idx=3 key=[1, 3, 5, 8, 10, 12, 14, 16, 18, 19, 21] old_abund=44.000 old_srabund=0.000 add=1.000
[TRACE_MAPTRF] raw=[1, 3, 5, 8, 10, 12, 14, 16, 18, 19, 21, 22] raw_span=80284050-80298318 trimmed=[1, 3, 5, 8, 10, 12, 14, 16, 18, 19, 21, 22] trimmed_span=80284050-80298318 ref=80285848-80296897 is_long=true poly=false/false orphan=false
[TRACE_MAPTRF] update_existing idx=2 key=[1, 3, 5, 8, 10, 12, 14, 16, 18, 19, 21, 22] old_abund=35.000 old_srabund=0.000 add=1.000
[TRACE_MAPTRF] raw=[1, 3, 5, 8, 10, 12, 14, 16, 18, 19, 21, 22] raw_span=80284050-80298318 trimmed=[1, 3, 5, 8, 10, 12, 14, 16, 18, 19, 21, 22] trimmed_span=80284050-80298318 ref=80285848-80297332 is_long=true poly=false/false orphan=false
[TRACE_MAPTRF] update_existing idx=2 key=[1, 3, 5, 8, 10, 12, 14, 16, 18, 19, 21, 22] old_abund=36.000 old_srabund=0.000 add=1.000
[TRACE_MAPTRF] raw=[1, 3, 5, 8, 10, 12, 14, 16, 18, 19, 21, 22] raw_span=80284050-80298318 trimmed=[1, 3, 5, 8, 10, 12, 14, 16, 18, 19, 21, 22] trimmed_span=80284050-80298318 ref=80285848-80297866 is_long=true poly=false/false orphan=false
[TRACE_MAPTRF] update_existing idx=2 key=[1, 3, 5, 8, 10, 12, 14, 16, 18, 19, 21, 22] old_abund=37.000 old_srabund=0.000 add=1.000
[TRACE_MAPTRF] raw=[1, 3, 5, 8, 10, 12, 14, 16, 18, 19] raw_span=80284050-80295777 trimmed=[1, 3, 5, 8, 10, 12, 14, 16, 18, 19] trimmed_span=80284050-80295777 ref=80285849-80295703 is_long=true poly=false/false orphan=false
[TRACE_MAPTRF] update_existing idx=0 key=[1, 3, 5, 8, 10, 12, 14, 16, 18, 19] old_abund=142.000 old_srabund=0.000 add=1.000
[TRACE_MAPTRF] raw=[1, 3, 5, 8, 10, 12, 14, 16, 18, 19] raw_span=80284050-80295777 trimmed=[1, 3, 5, 8, 10, 12, 14, 16, 18, 19] trimmed_span=80284050-80295777 ref=80285849-80295766 is_long=true poly=false/false orphan=false
[TRACE_MAPTRF] update_existing idx=0 key=[1, 3, 5, 8, 10, 12, 14, 16, 18, 19] old_abund=143.000 old_srabund=0.000 add=1.000
[TRACE_MAPTRF] raw=[1, 3, 5, 8, 10, 12, 14, 16, 18, 19, 21, 22] raw_span=80284050-80298318 trimmed=[1, 3, 5, 8, 10, 12, 14, 16, 18, 19, 21, 22] trimmed_span=80284050-80298318 ref=80285849-80297338 is_long=true poly=false/false orphan=false
[TRACE_MAPTRF] update_existing idx=2 key=[1, 3, 5, 8, 10, 12, 14, 16, 18, 19, 21, 22] old_abund=38.000 old_srabund=0.000 add=1.000
[TRACE_MAPTRF] raw=[1, 3, 5, 8, 10, 12, 14, 16, 18, 19] raw_span=80284050-80295777 trimmed=[1, 3, 5, 8, 10, 12, 14, 16, 18, 19] trimmed_span=80284050-80295777 ref=80285850-80295765 is_long=true poly=false/false orphan=false
[TRACE_MAPTRF] update_existing idx=0 key=[1, 3, 5, 8, 10, 12, 14, 16, 18, 19] old_abund=144.000 old_srabund=0.000 add=1.000
[TRACE_MAPTRF] raw=[1, 3, 5, 8, 10, 12, 14, 16, 18, 19, 21] raw_span=80284050-80296717 trimmed=[1, 3, 5, 8, 10, 12, 14, 16, 18, 19, 21] trimmed_span=80284050-80296717 ref=80285850-80296490 is_long=true poly=false/false orphan=false
[TRACE_MAPTRF] update_existing idx=3 key=[1, 3, 5, 8, 10, 12, 14, 16, 18, 19, 21] old_abund=45.000 old_srabund=0.000 add=1.000
[TRACE_MAPTRF] raw=[1, 3, 5, 8, 10, 12, 14, 16, 18, 19] raw_span=80284050-80295777 trimmed=[1, 3, 5, 8, 10, 12, 14, 16, 18, 19] trimmed_span=80284050-80295777 ref=80285852-80295703 is_long=true poly=false/false orphan=false
[TRACE_MAPTRF] update_existing idx=0 key=[1, 3, 5, 8, 10, 12, 14, 16, 18, 19] old_abund=145.000 old_srabund=0.000 add=1.000
[TRACE_MAPTRF] raw=[1, 3, 5, 8, 10, 12, 14, 16, 18, 19] raw_span=80284050-80295777 trimmed=[1, 3, 5, 8, 10, 12, 14, 16, 18, 19] trimmed_span=80284050-80295777 ref=80285852-80295775 is_long=true poly=false/false orphan=false
[TRACE_MAPTRF] update_existing idx=0 key=[1, 3, 5, 8, 10, 12, 14, 16, 18, 19] old_abund=146.000 old_srabund=0.000 add=1.000
[TRACE_MAPTRF] raw=[1, 3, 5, 8, 10, 12, 14, 16, 18, 19, 21] raw_span=80284050-80296717 trimmed=[1, 3, 5, 8, 10, 12, 14, 16, 18, 19, 21] trimmed_span=80284050-80296717 ref=80285852-80296472 is_long=true poly=false/false orphan=false
[TRACE_MAPTRF] update_existing idx=3 key=[1, 3, 5, 8, 10, 12, 14, 16, 18, 19, 21] old_abund=46.000 old_srabund=0.000 add=1.000
[TRACE_MAPTRF] raw=[1, 3, 5, 8, 10, 12, 14, 16, 18, 19, 21, 22] raw_span=80284050-80298318 trimmed=[1, 3, 5, 8, 10, 12, 14, 16, 18, 19, 21, 22] trimmed_span=80284050-80298318 ref=80285852-80297332 is_long=true poly=false/false orphan=false
[TRACE_MAPTRF] update_existing idx=2 key=[1, 3, 5, 8, 10, 12, 14, 16, 18, 19, 21, 22] old_abund=39.000 old_srabund=0.000 add=1.000
[TRACE_MAPTRF] raw=[1, 3, 5, 8, 10, 12, 14, 16, 18, 19] raw_span=80284050-80295777 trimmed=[1, 3, 5, 8, 10, 12, 14, 16, 18, 19] trimmed_span=80284050-80295777 ref=80285854-80295703 is_long=true poly=false/false orphan=false
[TRACE_MAPTRF] update_existing idx=0 key=[1, 3, 5, 8, 10, 12, 14, 16, 18, 19] old_abund=147.000 old_srabund=0.000 add=1.000
[TRACE_MAPTRF] raw=[1, 3, 5, 8, 10, 12, 14, 16, 18, 19, 21] raw_span=80284050-80296717 trimmed=[1, 3, 5, 8, 10, 12, 14, 16, 18, 19, 21] trimmed_span=80284050-80296717 ref=80285854-80296707 is_long=true poly=false/false orphan=false
[TRACE_MAPTRF] update_existing idx=3 key=[1, 3, 5, 8, 10, 12, 14, 16, 18, 19, 21] old_abund=47.000 old_srabund=0.000 add=1.000
[TRACE_MAPTRF] raw=[1, 3, 5, 8, 10, 12, 14, 16, 18, 19] raw_span=80284050-80295777 trimmed=[1, 3, 5, 8, 10, 12, 14, 16, 18, 19] trimmed_span=80284050-80295777 ref=80285858-80295776 is_long=true poly=false/false orphan=false
[TRACE_MAPTRF] update_existing idx=0 key=[1, 3, 5, 8, 10, 12, 14, 16, 18, 19] old_abund=148.000 old_srabund=0.000 add=1.000
[TRACE_MAPTRF] raw=[1, 3, 5, 8, 10, 12, 14, 16, 18, 19, 21] raw_span=80284050-80296717 trimmed=[1, 3, 5, 8, 10, 12, 14, 16, 18, 19, 21] trimmed_span=80284050-80296717 ref=80285863-80296706 is_long=true poly=false/false orphan=false
[TRACE_MAPTRF] update_existing idx=3 key=[1, 3, 5, 8, 10, 12, 14, 16, 18, 19, 21] old_abund=48.000 old_srabund=0.000 add=2.000
[TRACE_MAPTRF] raw=[1, 3, 5, 8, 9, 10, 11, 12, 13, 14, 15, 16, 17, 18, 19] raw_span=80284050-80295777 trimmed=[1, 3, 5, 8, 9, 10, 11, 12, 13, 14, 15, 16, 17, 18, 19] trimmed_span=80284050-80295777 ref=80285869-80295765 is_long=true poly=false/false orphan=false
[TRACE_MAPTRF] update_existing idx=9 key=[1, 3, 5, 8, 9, 10, 11, 12, 13, 14, 15, 16, 17, 18, 19] old_abund=3.000 old_srabund=0.000 add=1.000
[TRACE_MAPTRF] raw=[1, 3, 5, 8, 10, 12, 14, 16, 18, 19] raw_span=80284050-80295777 trimmed=[1, 3, 5, 8, 10, 12, 14, 16, 18, 19] trimmed_span=80284050-80295777 ref=80285877-80295770 is_long=true poly=false/false orphan=false
[TRACE_MAPTRF] update_existing idx=0 key=[1, 3, 5, 8, 10, 12, 14, 16, 18, 19] old_abund=149.000 old_srabund=0.000 add=1.000
[TRACE_MAPTRF] raw=[1, 3, 5, 8, 10, 12, 14, 16, 18, 19] raw_span=80284050-80295777 trimmed=[1, 3, 5, 8, 10, 12, 14, 16, 18, 19] trimmed_span=80284050-80295777 ref=80285881-80295776 is_long=true poly=false/false orphan=false
[TRACE_MAPTRF] update_existing idx=0 key=[1, 3, 5, 8, 10, 12, 14, 16, 18, 19] old_abund=150.000 old_srabund=0.000 add=1.000
[TRACE_MAPTRF] raw=[1, 3, 5, 8, 10, 12, 14, 16, 18, 19, 21] raw_span=80284050-80296717 trimmed=[1, 3, 5, 8, 10, 12, 14, 16, 18, 19, 21] trimmed_span=80284050-80296717 ref=80285891-80296715 is_long=true poly=false/false orphan=false
[TRACE_MAPTRF] update_existing idx=3 key=[1, 3, 5, 8, 10, 12, 14, 16, 18, 19, 21] old_abund=50.000 old_srabund=0.000 add=1.000
PATH_frag_pattern: read[220] SPLIT_BADJUNC at_j=3 junc_i=2 upstream_nodes= 1(80284050-80286014) 3(80288482-80288594) 5(80289947-80289991) | restart_node=16(80293228-80293330) junc=80289960-80293228 node_prev_end=80289991 node_cur_start=80293228 killed=1
[TRACE_MAPTRF] raw=[1, 3, 5] raw_span=80284050-80289991 trimmed=[1, 3, 5] trimmed_span=80284050-80289991 ref=80285895-80295777 is_long=true poly=false/false orphan=false
[TRACE_MAPTRF] update_existing idx=13 key=[1, 3, 5] old_abund=1.000 old_srabund=0.000 add=1.000
PATH_frag_pattern: read[221] SPLIT_BADJUNC at_j=1 junc_i=1 upstream_nodes= 5(80289947-80289991) | restart_node=16(80293228-80293330) junc=80289960-80293228 node_prev_end=80289991 node_cur_start=80293228 killed=1
[TRACE_MAPTRF] raw=[1, 3, 5, 8, 10, 12, 14, 16, 18, 19, 21] raw_span=80284050-80296717 trimmed=[1, 3, 5, 8, 10, 12, 14, 16, 18, 19, 21] trimmed_span=80284050-80296717 ref=80285898-80296717 is_long=true poly=false/false orphan=false
[TRACE_MAPTRF] update_existing idx=3 key=[1, 3, 5, 8, 10, 12, 14, 16, 18, 19, 21] old_abund=51.000 old_srabund=0.000 add=1.000
[TRACE_MAPTRF] raw=[3, 5, 8, 9, 10, 11, 12, 13, 14, 16, 18, 19] raw_span=80288482-80295777 trimmed=[3, 5, 8, 9, 10, 11, 12, 13, 14, 16, 18, 19] trimmed_span=80288482-80295777 ref=80288482-80295776 is_long=true poly=false/false orphan=false
[TRACE_MAPTRF] create_new key=[3, 5, 8, 9, 10, 11, 12, 13, 14, 16, 18, 19] add=1.000 ref=80288482-80295776
[TRACE_RAWTRF] idx=0 span=80284050-80295777 nodes=10 abund=151.000 srabund=0.000 guide=false longstart=80284944 longend=80295777 hard=false/true src_touch=false sink_touch=false real=false
[TRACE_RAWTRF_NODES] idx=0 [1, 3, 5, 8, 10, 12, 14, 16, 18, 19]
[TRACE_RAWTRF] idx=1 span=80284050-80295777 nodes=14 abund=4.000 srabund=0.000 guide=false longstart=80285071 longend=80295777 hard=false/true src_touch=false sink_touch=false real=false
[TRACE_RAWTRF_NODES] idx=1 [1, 3, 5, 8, 9, 10, 11, 12, 13, 14, 15, 16, 18, 19]
[TRACE_RAWTRF] idx=2 span=80284050-80298318 nodes=12 abund=40.000 srabund=0.000 guide=false longstart=80285765 longend=80298318 hard=false/false src_touch=false sink_touch=false real=false
[TRACE_RAWTRF_NODES] idx=2 [1, 3, 5, 8, 10, 12, 14, 16, 18, 19, 21, 22]
[TRACE_RAWTRF] idx=3 span=80284050-80296717 nodes=11 abund=52.000 srabund=0.000 guide=false longstart=80285781 longend=80296717 hard=false/true src_touch=false sink_touch=false real=false
[TRACE_RAWTRF_NODES] idx=3 [1, 3, 5, 8, 10, 12, 14, 16, 18, 19, 21]
[TRACE_RAWTRF] idx=4 span=80284050-80295777 nodes=12 abund=1.000 srabund=0.000 guide=false longstart=80285824 longend=80295777 hard=false/true src_touch=false sink_touch=false real=false
[TRACE_RAWTRF_NODES] idx=4 [1, 8, 9, 10, 11, 12, 13, 14, 15, 16, 18, 19]
[TRACE_RAWTRF] idx=5 span=80284050-80295777 nodes=13 abund=2.000 srabund=0.000 guide=false longstart=80285826 longend=80295773 hard=false/true src_touch=false sink_touch=false real=false
[TRACE_RAWTRF_NODES] idx=5 [1, 3, 5, 8, 9, 10, 11, 12, 13, 14, 16, 18, 19]
[TRACE_RAWTRF] idx=6 span=80284050-80295777 nodes=11 abund=2.000 srabund=0.000 guide=false longstart=80285827 longend=80295763 hard=false/true src_touch=false sink_touch=false real=false
[TRACE_RAWTRF_NODES] idx=6 [1, 3, 5, 8, 10, 12, 14, 16, 17, 18, 19]
[TRACE_RAWTRF] idx=7 span=80284050-80288594 nodes=2 abund=3.000 srabund=0.000 guide=false longstart=80285832 longend=0 hard=false/false src_touch=false sink_touch=false real=false
[TRACE_RAWTRF_NODES] idx=7 [1, 3]
[TRACE_RAWTRF] idx=9 span=80284050-80295777 nodes=15 abund=4.000 srabund=0.000 guide=false longstart=80285836 longend=80295770 hard=false/true src_touch=false sink_touch=false real=false
[TRACE_RAWTRF_NODES] idx=9 [1, 3, 5, 8, 9, 10, 11, 12, 13, 14, 15, 16, 17, 18, 19]
[TRACE_RAWTRF] idx=10 span=80284050-80287605 nodes=2 abund=1.000 srabund=0.000 guide=false longstart=80285840 longend=80287605 hard=false/false src_touch=false sink_touch=false real=false
[TRACE_RAWTRF_NODES] idx=10 [1, 2]
[TRACE_RAWTRF] idx=11 span=80284050-80295777 nodes=8 abund=1.000 srabund=0.000 guide=false longstart=80285840 longend=80295776 hard=false/true src_touch=false sink_touch=false real=false
[TRACE_RAWTRF_NODES] idx=11 [1, 8, 10, 12, 14, 16, 18, 19]
[TRACE_RAWTRF] idx=13 span=80284050-80289991 nodes=3 abund=2.000 srabund=0.000 guide=false longstart=80285846 longend=0 hard=false/false src_touch=false sink_touch=false real=false
[TRACE_RAWTRF_NODES] idx=13 [1, 3, 5]
[TRACE_RAWTRF] idx=15 span=80284050-80291179 nodes=4 abund=1.000 srabund=0.000 guide=false longstart=80285847 longend=0 hard=false/false src_touch=false sink_touch=false real=false
[TRACE_RAWTRF_NODES] idx=15 [1, 3, 5, 6]
[TRACE_RAWTRF] idx=16 span=80284050-80295777 nodes=12 abund=1.000 srabund=0.000 guide=false longstart=80285847 longend=80295763 hard=false/true src_touch=false sink_touch=false real=false
[TRACE_RAWTRF_NODES] idx=16 [1, 3, 5, 8, 9, 10, 11, 12, 14, 16, 18, 19]
[TRACE_RAWTRF] idx=18 span=80284050-80296717 nodes=9 abund=1.000 srabund=0.000 guide=false longstart=80285848 longend=80296710 hard=false/true src_touch=false sink_touch=false real=false
[TRACE_RAWTRF_NODES] idx=18 [1, 8, 10, 12, 14, 16, 18, 19, 21]
[TRACE_RAWTRF] idx=19 span=80288482-80295777 nodes=12 abund=1.000 srabund=0.000 guide=false longstart=80288482 longend=80295776 hard=false/true src_touch=false sink_touch=false real=false
[TRACE_RAWTRF_NODES] idx=19 [3, 5, 8, 9, 10, 11, 12, 13, 14, 16, 18, 19]
[TRACE_RAWTRF] idx=26 span=0-80286014 nodes=2 abund=1.000 srabund=0.000 guide=false longstart=0 longend=0 hard=false/true src_touch=true sink_touch=false real=false
[TRACE_RAWTRF_NODES] idx=26 [0, 1]
[TRACE_RAWTRF] idx=27 span=0-80287605 nodes=2 abund=1.000 srabund=0.000 guide=false longstart=0 longend=0 hard=true/false src_touch=true sink_touch=false real=false
[TRACE_RAWTRF_NODES] idx=27 [0, 2]
[TRACE_RAWTRF] idx=35 span=80284050-0 nodes=2 abund=531.000 srabund=0.000 guide=false longstart=0 longend=0 hard=false/true src_touch=false sink_touch=true real=false
[TRACE_RAWTRF_NODES] idx=35 [1, 20]
[TRACE_RAWTRF] idx=36 span=80286014-0 nodes=2 abund=1.000 srabund=0.000 guide=false longstart=0 longend=0 hard=true/false src_touch=false sink_touch=true real=false
[TRACE_RAWTRF_NODES] idx=36 [2, 20]
[TRACE_SEEDMERGE] keeptrf_add=7 span=80284050-80295777 nodes=10 abund=151.000 complete=true novel_splice_rescue=false
[TRACE_SEEDMERGE] cand=9 span=80284050-80296717 nodes=11 abund=52.000 vs kept=7 span=80284050-80295777 nodes=10 abund=151.000 ret=0 site=S2_HARDEND_BOTH lens=[0,9223372036854775806,0,9223372036854775806] guide_pair=false/false hard=true/true kept_hard=true/true
[TRACE_SEEDMERGE] keeptrf_add=9 span=80284050-80296717 nodes=11 abund=52.000 complete=true novel_splice_rescue=false
[TRACE_SEEDMERGE] cand=10 span=80284050-80298318 nodes=12 abund=40.000 vs kept=7 span=80284050-80295777 nodes=10 abund=151.000 ret=3 site= lens=[-821,0,2541,0] guide_pair=false/false hard=true/true kept_hard=true/true
[TRACE_SEEDMERGE]   decision=keep_both reason=ret3_edgedist left=-821 right=2541
[TRACE_SEEDMERGE] cand=10 span=80284050-80298318 nodes=12 abund=40.000 vs kept=9 span=80284050-80296717 nodes=11 abund=52.000 ret=3 site= lens=[16,0,1601,0] guide_pair=false/false hard=true/true kept_hard=true/true
[TRACE_SEEDMERGE]   decision=keep_both reason=ret3_edgedist left=16 right=1601
[TRACE_SEEDMERGE] keeptrf_add=10 span=80284050-80298318 nodes=12 abund=40.000 complete=true novel_splice_rescue=false
[TRACE_SEEDMERGE] cand=11 span=80284050-80295777 nodes=15 abund=4.000 vs kept=7 span=80284050-80295777 nodes=10 abund=151.000 ret=0 site=S14_GAP_FILLED lens=[0,9223372036854775806,0,9223372036854775806] guide_pair=false/false hard=true/true kept_hard=true/true
[TRACE_SEEDMERGE] cand=11 span=80284050-80295777 nodes=15 abund=4.000 vs kept=9 span=80284050-80296717 nodes=11 abund=52.000 ret=0 site=S2_HARDEND_BOTH lens=[0,9223372036854775806,0,9223372036854775806] guide_pair=false/false hard=true/true kept_hard=true/true
[TRACE_SEEDMERGE] cand=11 span=80284050-80295777 nodes=15 abund=4.000 vs kept=10 span=80284050-80298318 nodes=12 abund=40.000 ret=0 site=S14_GAP_FILLED lens=[0,9223372036854775806,0,9223372036854775806] guide_pair=false/false hard=true/true kept_hard=true/true
[TRACE_SEEDMERGE] keeptrf_add=11 span=80284050-80295777 nodes=15 abund=4.000 complete=true novel_splice_rescue=false
[TRACE_SEEDMERGE] cand=12 span=80284050-80295777 nodes=14 abund=4.000 vs kept=7 span=80284050-80295777 nodes=10 abund=151.000 ret=0 site=S14_GAP_FILLED lens=[0,9223372036854775806,0,9223372036854775806] guide_pair=false/false hard=true/true kept_hard=true/true
[TRACE_SEEDMERGE] cand=12 span=80284050-80295777 nodes=14 abund=4.000 vs kept=9 span=80284050-80296717 nodes=11 abund=52.000 ret=0 site=S2_HARDEND_BOTH lens=[0,9223372036854775806,0,9223372036854775806] guide_pair=false/false hard=true/true kept_hard=true/true
[TRACE_SEEDMERGE] cand=12 span=80284050-80295777 nodes=14 abund=4.000 vs kept=10 span=80284050-80298318 nodes=12 abund=40.000 ret=0 site=S14_GAP_FILLED lens=[0,9223372036854775806,0,9223372036854775806] guide_pair=false/false hard=true/true kept_hard=true/true
[TRACE_SEEDMERGE] cand=12 span=80284050-80295777 nodes=14 abund=4.000 vs kept=11 span=80284050-80295777 nodes=15 abund=4.000 ret=0 site=S14_GAP_FILLED lens=[0,9223372036854775806,0,9223372036854775806] guide_pair=false/false hard=true/true kept_hard=true/true
[TRACE_SEEDMERGE] keeptrf_add=12 span=80284050-80295777 nodes=14 abund=4.000 complete=true novel_splice_rescue=false
[TRACE_SEEDMERGE] cand=13 span=80293228-80295777 nodes=3 abund=3.000 vs kept=7 span=80284050-80295777 nodes=10 abund=151.000 ret=2 site= lens=[-1472,0,0,0] guide_pair=false/false hard=false/true kept_hard=true/true
[TRACE_SEEDMERGE]   decision=keep_both reason=ret2_gate
[TRACE_SEEDMERGE] cand=13 span=80293228-80295777 nodes=3 abund=3.000 vs kept=9 span=80284050-80296717 nodes=11 abund=52.000 ret=0 site=S2_HARDEND_BOTH lens=[0,9223372036854775806,0,9223372036854775806] guide_pair=false/false hard=false/true kept_hard=true/true
[TRACE_SEEDMERGE] cand=13 span=80293228-80295777 nodes=3 abund=3.000 vs kept=10 span=80284050-80298318 nodes=12 abund=40.000 ret=2 site= lens=[-651,0,-2541,0] guide_pair=false/false hard=false/true kept_hard=true/true
[TRACE_SEEDMERGE]   decision=keep_both reason=ret2_gate
[TRACE_SEEDMERGE] cand=13 span=80293228-80295777 nodes=3 abund=3.000 vs kept=11 span=80284050-80295777 nodes=15 abund=4.000 ret=0 site=S14_GAP_FILLED lens=[0,9223372036854775806,0,9223372036854775806] guide_pair=false/false hard=false/true kept_hard=true/true
[TRACE_SEEDMERGE] cand=13 span=80293228-80295777 nodes=3 abund=3.000 vs kept=12 span=80284050-80295777 nodes=14 abund=4.000 ret=2 site= lens=[-2013,0,0,0] guide_pair=false/false hard=false/true kept_hard=true/true
[TRACE_SEEDMERGE]   decision=keep_both reason=ret2_gate
[TRACE_SEEDMERGE] cand=14 span=80284050-80288594 nodes=2 abund=3.000 vs kept=7 span=80284050-80295777 nodes=10 abund=151.000 ret=2 site= lens=[-888,0,-976,0] guide_pair=false/false hard=true/false kept_hard=true/true
[TRACE_SEEDMERGE]   decision=keep_both reason=ret2_gate
[TRACE_SEEDMERGE] cand=14 span=80284050-80288594 nodes=2 abund=3.000 vs kept=9 span=80284050-80296717 nodes=11 abund=52.000 ret=2 site= lens=[-51,0,-1916,0] guide_pair=false/false hard=true/false kept_hard=true/true
[TRACE_SEEDMERGE]   decision=keep_both reason=ret2_gate
[TRACE_SEEDMERGE] cand=14 span=80284050-80288594 nodes=2 abund=3.000 vs kept=10 span=80284050-80298318 nodes=12 abund=40.000 ret=2 site= lens=[-67,0,-3517,0] guide_pair=false/false hard=true/false kept_hard=true/true
[TRACE_SEEDMERGE]   decision=keep_both reason=ret2_gate
[TRACE_SEEDMERGE] cand=14 span=80284050-80288594 nodes=2 abund=3.000 vs kept=11 span=80284050-80295777 nodes=15 abund=4.000 ret=2 site= lens=[4,0,-3248,0] guide_pair=false/false hard=true/false kept_hard=true/true
[TRACE_SEEDMERGE]   decision=keep_both reason=ret2_gate
[TRACE_SEEDMERGE] cand=14 span=80284050-80288594 nodes=2 abund=3.000 vs kept=12 span=80284050-80295777 nodes=14 abund=4.000 ret=2 site= lens=[-761,0,-1644,0] guide_pair=false/false hard=true/false kept_hard=true/true
[TRACE_SEEDMERGE]   decision=keep_both reason=ret2_gate
[TRACE_SEEDMERGE] cand=15 span=80284050-80295777 nodes=13 abund=2.000 vs kept=7 span=80284050-80295777 nodes=10 abund=151.000 ret=0 site=S14_GAP_FILLED lens=[0,9223372036854775806,0,9223372036854775806] guide_pair=false/false hard=true/true kept_hard=true/true
[TRACE_SEEDMERGE] cand=15 span=80284050-80295777 nodes=13 abund=2.000 vs kept=9 span=80284050-80296717 nodes=11 abund=52.000 ret=0 site=S2_HARDEND_BOTH lens=[0,9223372036854775806,0,9223372036854775806] guide_pair=false/false hard=true/true kept_hard=true/true
[TRACE_SEEDMERGE] cand=15 span=80284050-80295777 nodes=13 abund=2.000 vs kept=10 span=80284050-80298318 nodes=12 abund=40.000 ret=0 site=S14_GAP_FILLED lens=[0,9223372036854775806,0,9223372036854775806] guide_pair=false/false hard=true/true kept_hard=true/true
[TRACE_SEEDMERGE] cand=15 span=80284050-80295777 nodes=13 abund=2.000 vs kept=11 span=80284050-80295777 nodes=15 abund=4.000 ret=0 site=S14_GAP_FILLED lens=[0,9223372036854775806,0,9223372036854775806] guide_pair=false/false hard=true/true kept_hard=true/true
[TRACE_SEEDMERGE] cand=15 span=80284050-80295777 nodes=13 abund=2.000 vs kept=12 span=80284050-80295777 nodes=14 abund=4.000 ret=0 site=S14_GAP_FILLED lens=[0,9223372036854775806,0,9223372036854775806] guide_pair=false/false hard=true/true kept_hard=true/true
[TRACE_SEEDMERGE] keeptrf_add=15 span=80284050-80295777 nodes=13 abund=2.000 complete=true novel_splice_rescue=false
[TRACE_SEEDMERGE] cand=16 span=80284050-80295777 nodes=11 abund=2.000 vs kept=7 span=80284050-80295777 nodes=10 abund=151.000 ret=0 site=S14_GAP_FILLED lens=[0,9223372036854775806,0,9223372036854775806] guide_pair=false/false hard=true/true kept_hard=true/true
[TRACE_SEEDMERGE] cand=16 span=80284050-80295777 nodes=11 abund=2.000 vs kept=9 span=80284050-80296717 nodes=11 abund=52.000 ret=0 site=S2_HARDEND_BOTH lens=[0,9223372036854775806,0,9223372036854775806] guide_pair=false/false hard=true/true kept_hard=true/true
[TRACE_SEEDMERGE] cand=16 span=80284050-80295777 nodes=11 abund=2.000 vs kept=10 span=80284050-80298318 nodes=12 abund=40.000 ret=0 site=S14_GAP_FILLED lens=[0,9223372036854775806,0,9223372036854775806] guide_pair=false/false hard=true/true kept_hard=true/true
[TRACE_SEEDMERGE] cand=16 span=80284050-80295777 nodes=11 abund=2.000 vs kept=11 span=80284050-80295777 nodes=15 abund=4.000 ret=0 site=S14_GAP_FILLED lens=[0,9223372036854775806,0,9223372036854775806] guide_pair=false/false hard=true/true kept_hard=true/true
[TRACE_SEEDMERGE] cand=16 span=80284050-80295777 nodes=11 abund=2.000 vs kept=12 span=80284050-80295777 nodes=14 abund=4.000 ret=0 site=S14_GAP_FILLED lens=[0,9223372036854775806,0,9223372036854775806] guide_pair=false/false hard=true/true kept_hard=true/true
[TRACE_SEEDMERGE] cand=16 span=80284050-80295777 nodes=11 abund=2.000 vs kept=15 span=80284050-80295777 nodes=13 abund=2.000 ret=0 site=S14_GAP_FILLED lens=[0,9223372036854775806,0,9223372036854775806] guide_pair=false/false hard=true/true kept_hard=true/true
[TRACE_SEEDMERGE] keeptrf_add=16 span=80284050-80295777 nodes=11 abund=2.000 complete=true novel_splice_rescue=false
[TRACE_SEEDMERGE] cand=17 span=80293330-80295777 nodes=3 abund=2.000 vs kept=7 span=80284050-80295777 nodes=10 abund=151.000 ret=0 site=S4_HARDSTART_S lens=[0,9223372036854775806,0,9223372036854775806] guide_pair=false/false hard=true/true kept_hard=true/true
[TRACE_SEEDMERGE] cand=17 span=80293330-80295777 nodes=3 abund=2.000 vs kept=9 span=80284050-80296717 nodes=11 abund=52.000 ret=0 site=S2_HARDEND_BOTH lens=[0,9223372036854775806,0,9223372036854775806] guide_pair=false/false hard=true/true kept_hard=true/true
[TRACE_SEEDMERGE] cand=17 span=80293330-80295777 nodes=3 abund=2.000 vs kept=10 span=80284050-80298318 nodes=12 abund=40.000 ret=0 site=S4_HARDSTART_S lens=[0,9223372036854775806,0,9223372036854775806] guide_pair=false/false hard=true/true kept_hard=true/true
[TRACE_SEEDMERGE] cand=17 span=80293330-80295777 nodes=3 abund=2.000 vs kept=11 span=80284050-80295777 nodes=15 abund=4.000 ret=0 site=S4_HARDSTART_S lens=[0,9223372036854775806,0,9223372036854775806] guide_pair=false/false hard=true/true kept_hard=true/true
[TRACE_SEEDMERGE] cand=17 span=80293330-80295777 nodes=3 abund=2.000 vs kept=12 span=80284050-80295777 nodes=14 abund=4.000 ret=0 site=S4_HARDSTART_S lens=[0,9223372036854775806,0,9223372036854775806] guide_pair=false/false hard=true/true kept_hard=true/true
[TRACE_SEEDMERGE] cand=17 span=80293330-80295777 nodes=3 abund=2.000 vs kept=15 span=80284050-80295777 nodes=13 abund=2.000 ret=0 site=S4_HARDSTART_S lens=[0,9223372036854775806,0,9223372036854775806] guide_pair=false/false hard=true/true kept_hard=true/true
[TRACE_SEEDMERGE] cand=17 span=80293330-80295777 nodes=3 abund=2.000 vs kept=16 span=80284050-80295777 nodes=11 abund=2.000 ret=0 site=S4_HARDSTART_S lens=[0,9223372036854775806,0,9223372036854775806] guide_pair=false/false hard=true/true kept_hard=true/true
[TRACE_SEEDMERGE] cand=18 span=80284050-80289991 nodes=3 abund=2.000 vs kept=7 span=80284050-80295777 nodes=10 abund=151.000 ret=2 site= lens=[-902,0,-932,0] guide_pair=false/false hard=true/false kept_hard=true/true
[TRACE_SEEDMERGE]   decision=keep_both reason=ret2_gate
[TRACE_SEEDMERGE] cand=18 span=80284050-80289991 nodes=3 abund=2.000 vs kept=9 span=80284050-80296717 nodes=11 abund=52.000 ret=2 site= lens=[-65,0,-1872,0] guide_pair=false/false hard=true/false kept_hard=true/true
[TRACE_SEEDMERGE]   decision=keep_both reason=ret2_gate
[TRACE_SEEDMERGE] cand=18 span=80284050-80289991 nodes=3 abund=2.000 vs kept=10 span=80284050-80298318 nodes=12 abund=40.000 ret=2 site= lens=[-81,0,-3473,0] guide_pair=false/false hard=true/false kept_hard=true/true
[TRACE_SEEDMERGE]   decision=keep_both reason=ret2_gate
[TRACE_SEEDMERGE] cand=18 span=80284050-80289991 nodes=3 abund=2.000 vs kept=11 span=80284050-80295777 nodes=15 abund=4.000 ret=2 site= lens=[-10,0,-3204,0] guide_pair=false/false hard=true/false kept_hard=true/true
[TRACE_SEEDMERGE]   decision=keep_both reason=ret2_gate
[TRACE_SEEDMERGE] cand=18 span=80284050-80289991 nodes=3 abund=2.000 vs kept=12 span=80284050-80295777 nodes=14 abund=4.000 ret=2 site= lens=[-775,0,-1600,0] guide_pair=false/false hard=true/false kept_hard=true/true
[TRACE_SEEDMERGE]   decision=keep_both reason=ret2_gate
[TRACE_SEEDMERGE] cand=18 span=80284050-80289991 nodes=3 abund=2.000 vs kept=15 span=80284050-80295777 nodes=13 abund=2.000 ret=2 site= lens=[-20,0,-1515,0] guide_pair=false/false hard=true/false kept_hard=true/true
[TRACE_SEEDMERGE]   decision=keep_both reason=ret2_gate
[TRACE_SEEDMERGE] cand=18 span=80284050-80289991 nodes=3 abund=2.000 vs kept=16 span=80284050-80295777 nodes=11 abund=2.000 ret=2 site= lens=[-19,0,-2529,0] guide_pair=false/false hard=true/false kept_hard=true/true
[TRACE_SEEDMERGE]   decision=keep_both reason=ret2_gate
[TRACE_SEEDMERGE] cand=18 span=80284050-80289991 nodes=3 abund=2.000 vs kept=17 span=80293330-80295777 nodes=3 abund=2.000 ret=0 site=S3_NO_OVERLAP lens=[0,9223372036854775806,0,9223372036854775806] guide_pair=false/false hard=true/false kept_hard=true/true
[TRACE_SEEDMERGE] cand=19 span=80292046-80295777 nodes=13 abund=1.000 vs kept=7 span=80284050-80295777 nodes=10 abund=151.000 ret=0 site=S14_GAP_FILLED lens=[0,9223372036854775806,0,9223372036854775806] guide_pair=false/false hard=true/true kept_hard=true/true
[TRACE_SEEDMERGE] cand=19 span=80292046-80295777 nodes=13 abund=1.000 vs kept=9 span=80284050-80296717 nodes=11 abund=52.000 ret=0 site=S2_HARDEND_BOTH lens=[0,9223372036854775806,0,9223372036854775806] guide_pair=false/false hard=true/true kept_hard=true/true
[TRACE_SEEDMERGE] cand=19 span=80292046-80295777 nodes=13 abund=1.000 vs kept=10 span=80284050-80298318 nodes=12 abund=40.000 ret=0 site=S14_GAP_FILLED lens=[0,9223372036854775806,0,9223372036854775806] guide_pair=false/false hard=true/true kept_hard=true/true
[TRACE_SEEDMERGE] cand=19 span=80292046-80295777 nodes=13 abund=1.000 vs kept=11 span=80284050-80295777 nodes=15 abund=4.000 ret=2 site= lens=[-334,268,0,0] guide_pair=false/false hard=true/true kept_hard=true/true
[TRACE_SEEDMERGE]   decision=keep_both reason=ret2_gate
[TRACE_SEEDMERGE] cand=19 span=80292046-80295777 nodes=13 abund=1.000 vs kept=12 span=80284050-80295777 nodes=14 abund=4.000 ret=0 site=S14_GAP_FILLED lens=[0,9223372036854775806,0,9223372036854775806] guide_pair=false/false hard=true/true kept_hard=true/true
[TRACE_SEEDMERGE] cand=19 span=80292046-80295777 nodes=13 abund=1.000 vs kept=15 span=80284050-80295777 nodes=13 abund=2.000 ret=0 site=S14_GAP_FILLED lens=[0,9223372036854775806,0,9223372036854775806] guide_pair=false/false hard=true/true kept_hard=true/true
[TRACE_SEEDMERGE] cand=19 span=80292046-80295777 nodes=13 abund=1.000 vs kept=16 span=80284050-80295777 nodes=11 abund=2.000 ret=0 site=S14_GAP_FILLED lens=[0,9223372036854775806,0,9223372036854775806] guide_pair=false/false hard=true/true kept_hard=true/true
[TRACE_SEEDMERGE] cand=20 span=80288482-80295777 nodes=12 abund=1.000 vs kept=7 span=80284050-80295777 nodes=10 abund=151.000 ret=0 site=S14_GAP_FILLED lens=[0,9223372036854775806,0,9223372036854775806] guide_pair=false/false hard=true/true kept_hard=true/true
[TRACE_SEEDMERGE] cand=20 span=80288482-80295777 nodes=12 abund=1.000 vs kept=9 span=80284050-80296717 nodes=11 abund=52.000 ret=0 site=S2_HARDEND_BOTH lens=[0,9223372036854775806,0,9223372036854775806] guide_pair=false/false hard=true/true kept_hard=true/true
[TRACE_SEEDMERGE] cand=20 span=80288482-80295777 nodes=12 abund=1.000 vs kept=10 span=80284050-80298318 nodes=12 abund=40.000 ret=0 site=S14_GAP_FILLED lens=[0,9223372036854775806,0,9223372036854775806] guide_pair=false/false hard=true/true kept_hard=true/true
[TRACE_SEEDMERGE] cand=20 span=80288482-80295777 nodes=12 abund=1.000 vs kept=11 span=80284050-80295777 nodes=15 abund=4.000 ret=0 site=S14_GAP_FILLED lens=[0,9223372036854775806,0,9223372036854775806] guide_pair=false/false hard=true/true kept_hard=true/true
[TRACE_SEEDMERGE] cand=20 span=80288482-80295777 nodes=12 abund=1.000 vs kept=12 span=80284050-80295777 nodes=14 abund=4.000 ret=0 site=S14_GAP_FILLED lens=[0,9223372036854775806,0,9223372036854775806] guide_pair=false/false hard=true/true kept_hard=true/true
[TRACE_SEEDMERGE] cand=20 span=80288482-80295777 nodes=12 abund=1.000 vs kept=15 span=80284050-80295777 nodes=13 abund=2.000 ret=2 site= lens=[-188,0,3,0] guide_pair=false/false hard=true/true kept_hard=true/true
[TRACE_SEEDMERGE]   decision=keep_both reason=ret2_gate
[TRACE_SEEDMERGE] cand=20 span=80288482-80295777 nodes=12 abund=1.000 vs kept=16 span=80284050-80295777 nodes=11 abund=2.000 ret=0 site=S14_GAP_FILLED lens=[0,9223372036854775806,0,9223372036854775806] guide_pair=false/false hard=true/true kept_hard=true/true
[TRACE_SEEDMERGE] cand=20 span=80288482-80295777 nodes=12 abund=1.000 vs kept=17 span=80293330-80295777 nodes=3 abund=2.000 ret=0 site=S4_HARDSTART_S lens=[0,9223372036854775806,0,9223372036854775806] guide_pair=false/false hard=true/true kept_hard=true/true
[TRACE_SEEDMERGE] cand=20 span=80288482-80295777 nodes=12 abund=1.000 vs kept=19 span=80292046-80295777 nodes=13 abund=1.000 ret=0 site=S14_GAP_FILLED lens=[0,9223372036854775806,0,9223372036854775806] guide_pair=false/false hard=true/true kept_hard=true/true
[TRACE_SEEDMERGE] keeptrf_add=20 span=80288482-80295777 nodes=12 abund=1.000 complete=true novel_splice_rescue=false
[TRACE_SEEDMERGE] cand=21 span=80284050-80295777 nodes=12 abund=1.000 vs kept=7 span=80284050-80295777 nodes=10 abund=151.000 ret=0 site=S14_GAP_FILLED lens=[0,9223372036854775806,0,9223372036854775806] guide_pair=false/false hard=true/true kept_hard=true/true
[TRACE_SEEDMERGE] cand=21 span=80284050-80295777 nodes=12 abund=1.000 vs kept=9 span=80284050-80296717 nodes=11 abund=52.000 ret=0 site=S2_HARDEND_BOTH lens=[0,9223372036854775806,0,9223372036854775806] guide_pair=false/false hard=true/true kept_hard=true/true
[TRACE_SEEDMERGE] cand=21 span=80284050-80295777 nodes=12 abund=1.000 vs kept=10 span=80284050-80298318 nodes=12 abund=40.000 ret=0 site=S14_GAP_FILLED lens=[0,9223372036854775806,0,9223372036854775806] guide_pair=false/false hard=true/true kept_hard=true/true
[TRACE_SEEDMERGE] cand=21 span=80284050-80295777 nodes=12 abund=1.000 vs kept=11 span=80284050-80295777 nodes=15 abund=4.000 ret=0 site=S14_GAP_FILLED lens=[0,9223372036854775806,0,9223372036854775806] guide_pair=false/false hard=true/true kept_hard=true/true
[TRACE_SEEDMERGE] cand=21 span=80284050-80295777 nodes=12 abund=1.000 vs kept=12 span=80284050-80295777 nodes=14 abund=4.000 ret=0 site=S14_GAP_FILLED lens=[0,9223372036854775806,0,9223372036854775806] guide_pair=false/false hard=true/true kept_hard=true/true
[TRACE_SEEDMERGE] cand=21 span=80284050-80295777 nodes=12 abund=1.000 vs kept=15 span=80284050-80295777 nodes=13 abund=2.000 ret=0 site=S14_GAP_FILLED lens=[0,9223372036854775806,0,9223372036854775806] guide_pair=false/false hard=true/true kept_hard=true/true
[TRACE_SEEDMERGE] cand=21 span=80284050-80295777 nodes=12 abund=1.000 vs kept=16 span=80284050-80295777 nodes=11 abund=2.000 ret=0 site=S14_GAP_FILLED lens=[0,9223372036854775806,0,9223372036854775806] guide_pair=false/false hard=true/true kept_hard=true/true
[TRACE_SEEDMERGE] cand=21 span=80284050-80295777 nodes=12 abund=1.000 vs kept=17 span=80293330-80295777 nodes=3 abund=2.000 ret=0 site=S4_HARDSTART_S lens=[0,9223372036854775806,0,9223372036854775806] guide_pair=false/false hard=true/true kept_hard=true/true
[TRACE_SEEDMERGE] cand=21 span=80284050-80295777 nodes=12 abund=1.000 vs kept=19 span=80292046-80295777 nodes=13 abund=1.000 ret=0 site=S14_GAP_FILLED lens=[0,9223372036854775806,0,9223372036854775806] guide_pair=false/false hard=true/true kept_hard=true/true
[TRACE_SEEDMERGE] cand=21 span=80284050-80295777 nodes=12 abund=1.000 vs kept=20 span=80288482-80295777 nodes=12 abund=1.000 ret=0 site=S14_GAP_FILLED lens=[0,9223372036854775806,0,9223372036854775806] guide_pair=false/false hard=true/true kept_hard=true/true
[TRACE_SEEDMERGE] keeptrf_add=21 span=80284050-80295777 nodes=12 abund=1.000 complete=true novel_splice_rescue=false
[TRACE_SEEDMERGE] cand=22 span=80284050-80295777 nodes=12 abund=1.000 vs kept=7 span=80284050-80295777 nodes=10 abund=151.000 ret=0 site=S15_HARD_EDGE_BOTH lens=[0,9223372036854775806,0,9223372036854775806] guide_pair=false/false hard=true/true kept_hard=true/true
[TRACE_SEEDMERGE] cand=22 span=80284050-80295777 nodes=12 abund=1.000 vs kept=9 span=80284050-80296717 nodes=11 abund=52.000 ret=0 site=S2_HARDEND_BOTH lens=[0,9223372036854775806,0,9223372036854775806] guide_pair=false/false hard=true/true kept_hard=true/true
[TRACE_SEEDMERGE] cand=22 span=80284050-80295777 nodes=12 abund=1.000 vs kept=10 span=80284050-80298318 nodes=12 abund=40.000 ret=0 site=S15_HARD_EDGE_BOTH lens=[0,9223372036854775806,0,9223372036854775806] guide_pair=false/false hard=true/true kept_hard=true/true
[TRACE_SEEDMERGE] cand=22 span=80284050-80295777 nodes=12 abund=1.000 vs kept=11 span=80284050-80295777 nodes=15 abund=4.000 ret=0 site=S15_HARD_EDGE_BOTH lens=[0,9223372036854775806,0,9223372036854775806] guide_pair=false/false hard=true/true kept_hard=true/true
[TRACE_SEEDMERGE] cand=22 span=80284050-80295777 nodes=12 abund=1.000 vs kept=12 span=80284050-80295777 nodes=14 abund=4.000 ret=0 site=S15_HARD_EDGE_BOTH lens=[0,9223372036854775806,0,9223372036854775806] guide_pair=false/false hard=true/true kept_hard=true/true
[TRACE_SEEDMERGE] cand=22 span=80284050-80295777 nodes=12 abund=1.000 vs kept=15 span=80284050-80295777 nodes=13 abund=2.000 ret=0 site=S15_HARD_EDGE_BOTH lens=[0,9223372036854775806,0,9223372036854775806] guide_pair=false/false hard=true/true kept_hard=true/true
[TRACE_SEEDMERGE] cand=22 span=80284050-80295777 nodes=12 abund=1.000 vs kept=16 span=80284050-80295777 nodes=11 abund=2.000 ret=0 site=S15_HARD_EDGE_BOTH lens=[0,9223372036854775806,0,9223372036854775806] guide_pair=false/false hard=true/true kept_hard=true/true
[TRACE_SEEDMERGE] cand=22 span=80284050-80295777 nodes=12 abund=1.000 vs kept=17 span=80293330-80295777 nodes=3 abund=2.000 ret=0 site=S4_HARDSTART_S lens=[0,9223372036854775806,0,9223372036854775806] guide_pair=false/false hard=true/true kept_hard=true/true
[TRACE_SEEDMERGE] cand=22 span=80284050-80295777 nodes=12 abund=1.000 vs kept=19 span=80292046-80295777 nodes=13 abund=1.000 ret=0 site=S14_GAP_FILLED lens=[0,9223372036854775806,0,9223372036854775806] guide_pair=false/false hard=true/true kept_hard=true/true
[TRACE_SEEDMERGE] cand=22 span=80284050-80295777 nodes=12 abund=1.000 vs kept=20 span=80288482-80295777 nodes=12 abund=1.000 ret=0 site=S7_WALK_START_GAP lens=[0,9223372036854775806,0,9223372036854775806] guide_pair=false/false hard=true/true kept_hard=true/true
[TRACE_SEEDMERGE] cand=22 span=80284050-80295777 nodes=12 abund=1.000 vs kept=21 span=80284050-80295777 nodes=12 abund=1.000 ret=0 site=S15_HARD_EDGE_BOTH lens=[0,9223372036854775806,0,9223372036854775806] guide_pair=false/false hard=true/true kept_hard=true/true
[TRACE_SEEDMERGE] keeptrf_add=22 span=80284050-80295777 nodes=12 abund=1.000 complete=true novel_splice_rescue=false
[TRACE_SEEDMERGE] cand=23 span=80284050-80296717 nodes=9 abund=1.000 vs kept=7 span=80284050-80295777 nodes=10 abund=151.000 ret=0 site=S2_HARDEND_BOTH lens=[0,9223372036854775806,0,9223372036854775806] guide_pair=false/false hard=true/true kept_hard=true/true
[TRACE_SEEDMERGE] cand=23 span=80284050-80296717 nodes=9 abund=1.000 vs kept=9 span=80284050-80296717 nodes=11 abund=52.000 ret=0 site=S15_HARD_EDGE_BOTH lens=[0,9223372036854775806,0,9223372036854775806] guide_pair=false/false hard=true/true kept_hard=true/true
[TRACE_SEEDMERGE] cand=23 span=80284050-80296717 nodes=9 abund=1.000 vs kept=10 span=80284050-80298318 nodes=12 abund=40.000 ret=0 site=S15_HARD_EDGE_BOTH lens=[0,9223372036854775806,0,9223372036854775806] guide_pair=false/false hard=true/true kept_hard=true/true
[TRACE_SEEDMERGE] cand=23 span=80284050-80296717 nodes=9 abund=1.000 vs kept=11 span=80284050-80295777 nodes=15 abund=4.000 ret=0 site=S2_HARDEND_BOTH lens=[0,9223372036854775806,0,9223372036854775806] guide_pair=false/false hard=true/true kept_hard=true/true
[TRACE_SEEDMERGE] cand=23 span=80284050-80296717 nodes=9 abund=1.000 vs kept=12 span=80284050-80295777 nodes=14 abund=4.000 ret=0 site=S2_HARDEND_BOTH lens=[0,9223372036854775806,0,9223372036854775806] guide_pair=false/false hard=true/true kept_hard=true/true
[TRACE_SEEDMERGE] cand=23 span=80284050-80296717 nodes=9 abund=1.000 vs kept=15 span=80284050-80295777 nodes=13 abund=2.000 ret=0 site=S2_HARDEND_BOTH lens=[0,9223372036854775806,0,9223372036854775806] guide_pair=false/false hard=true/true kept_hard=true/true
[TRACE_SEEDMERGE] cand=23 span=80284050-80296717 nodes=9 abund=1.000 vs kept=16 span=80284050-80295777 nodes=11 abund=2.000 ret=0 site=S2_HARDEND_BOTH lens=[0,9223372036854775806,0,9223372036854775806] guide_pair=false/false hard=true/true kept_hard=true/true
[TRACE_SEEDMERGE] cand=23 span=80284050-80296717 nodes=9 abund=1.000 vs kept=17 span=80293330-80295777 nodes=3 abund=2.000 ret=0 site=S2_HARDEND_BOTH lens=[0,9223372036854775806,0,9223372036854775806] guide_pair=false/false hard=true/true kept_hard=true/true
[TRACE_SEEDMERGE] cand=23 span=80284050-80296717 nodes=9 abund=1.000 vs kept=19 span=80292046-80295777 nodes=13 abund=1.000 ret=0 site=S2_HARDEND_BOTH lens=[0,9223372036854775806,0,9223372036854775806] guide_pair=false/false hard=true/true kept_hard=true/true
[TRACE_SEEDMERGE] cand=23 span=80284050-80296717 nodes=9 abund=1.000 vs kept=20 span=80288482-80295777 nodes=12 abund=1.000 ret=0 site=S2_HARDEND_BOTH lens=[0,9223372036854775806,0,9223372036854775806] guide_pair=false/false hard=true/true kept_hard=true/true
[TRACE_SEEDMERGE] cand=23 span=80284050-80296717 nodes=9 abund=1.000 vs kept=21 span=80284050-80295777 nodes=12 abund=1.000 ret=0 site=S2_HARDEND_BOTH lens=[0,9223372036854775806,0,9223372036854775806] guide_pair=false/false hard=true/true kept_hard=true/true
[TRACE_SEEDMERGE] cand=23 span=80284050-80296717 nodes=9 abund=1.000 vs kept=22 span=80284050-80295777 nodes=12 abund=1.000 ret=0 site=S2_HARDEND_BOTH lens=[0,9223372036854775806,0,9223372036854775806] guide_pair=false/false hard=true/true kept_hard=true/true
[TRACE_SEEDMERGE] keeptrf_add=23 span=80284050-80296717 nodes=9 abund=1.000 complete=true novel_splice_rescue=false
[TRACE_SEEDMERGE] cand=24 span=80284050-80295777 nodes=8 abund=1.000 vs kept=7 span=80284050-80295777 nodes=10 abund=151.000 ret=0 site=S15_HARD_EDGE_BOTH lens=[0,9223372036854775806,0,9223372036854775806] guide_pair=false/false hard=true/true kept_hard=true/true
[TRACE_SEEDMERGE] cand=24 span=80284050-80295777 nodes=8 abund=1.000 vs kept=9 span=80284050-80296717 nodes=11 abund=52.000 ret=0 site=S2_HARDEND_BOTH lens=[0,9223372036854775806,0,9223372036854775806] guide_pair=false/false hard=true/true kept_hard=true/true
[TRACE_SEEDMERGE] cand=24 span=80284050-80295777 nodes=8 abund=1.000 vs kept=10 span=80284050-80298318 nodes=12 abund=40.000 ret=0 site=S15_HARD_EDGE_BOTH lens=[0,9223372036854775806,0,9223372036854775806] guide_pair=false/false hard=true/true kept_hard=true/true
[TRACE_SEEDMERGE] cand=24 span=80284050-80295777 nodes=8 abund=1.000 vs kept=11 span=80284050-80295777 nodes=15 abund=4.000 ret=0 site=S15_HARD_EDGE_BOTH lens=[0,9223372036854775806,0,9223372036854775806] guide_pair=false/false hard=true/true kept_hard=true/true
[TRACE_SEEDMERGE] cand=24 span=80284050-80295777 nodes=8 abund=1.000 vs kept=12 span=80284050-80295777 nodes=14 abund=4.000 ret=0 site=S15_HARD_EDGE_BOTH lens=[0,9223372036854775806,0,9223372036854775806] guide_pair=false/false hard=true/true kept_hard=true/true
[TRACE_SEEDMERGE] cand=24 span=80284050-80295777 nodes=8 abund=1.000 vs kept=15 span=80284050-80295777 nodes=13 abund=2.000 ret=0 site=S15_HARD_EDGE_BOTH lens=[0,9223372036854775806,0,9223372036854775806] guide_pair=false/false hard=true/true kept_hard=true/true
[TRACE_SEEDMERGE] cand=24 span=80284050-80295777 nodes=8 abund=1.000 vs kept=16 span=80284050-80295777 nodes=11 abund=2.000 ret=0 site=S15_HARD_EDGE_BOTH lens=[0,9223372036854775806,0,9223372036854775806] guide_pair=false/false hard=true/true kept_hard=true/true
[TRACE_SEEDMERGE] cand=24 span=80284050-80295777 nodes=8 abund=1.000 vs kept=17 span=80293330-80295777 nodes=3 abund=2.000 ret=0 site=S4_HARDSTART_S lens=[0,9223372036854775806,0,9223372036854775806] guide_pair=false/false hard=true/true kept_hard=true/true
[TRACE_SEEDMERGE] cand=24 span=80284050-80295777 nodes=8 abund=1.000 vs kept=19 span=80292046-80295777 nodes=13 abund=1.000 ret=0 site=S14_GAP_FILLED lens=[0,9223372036854775806,0,9223372036854775806] guide_pair=false/false hard=true/true kept_hard=true/true
[TRACE_SEEDMERGE] cand=24 span=80284050-80295777 nodes=8 abund=1.000 vs kept=20 span=80288482-80295777 nodes=12 abund=1.000 ret=0 site=S7_WALK_START_GAP lens=[0,9223372036854775806,0,9223372036854775806] guide_pair=false/false hard=true/true kept_hard=true/true
[TRACE_SEEDMERGE] cand=24 span=80284050-80295777 nodes=8 abund=1.000 vs kept=21 span=80284050-80295777 nodes=12 abund=1.000 ret=0 site=S15_HARD_EDGE_BOTH lens=[0,9223372036854775806,0,9223372036854775806] guide_pair=false/false hard=true/true kept_hard=true/true
[TRACE_SEEDMERGE] cand=24 span=80284050-80295777 nodes=8 abund=1.000 vs kept=22 span=80284050-80295777 nodes=12 abund=1.000 ret=0 site=S14_GAP_FILLED lens=[0,9223372036854775806,0,9223372036854775806] guide_pair=false/false hard=true/true kept_hard=true/true
[TRACE_SEEDMERGE] cand=24 span=80284050-80295777 nodes=8 abund=1.000 vs kept=23 span=80284050-80296717 nodes=9 abund=1.000 ret=0 site=S2_HARDEND_BOTH lens=[0,9223372036854775806,0,9223372036854775806] guide_pair=false/false hard=true/true kept_hard=true/true
[TRACE_SEEDMERGE] keeptrf_add=24 span=80284050-80295777 nodes=8 abund=1.000 complete=true novel_splice_rescue=false
[TRACE_SEEDMERGE] cand=25 span=80293228-80298318 nodes=5 abund=1.000 vs kept=7 span=80284050-80295777 nodes=10 abund=151.000 ret=2 site= lens=[-1472,0,1465,0] guide_pair=false/false hard=false/true kept_hard=true/true
[TRACE_SEEDMERGE]   decision=keep_both reason=ret2_gate
[TRACE_SEEDMERGE] cand=25 span=80293228-80298318 nodes=5 abund=1.000 vs kept=9 span=80284050-80296717 nodes=11 abund=52.000 ret=2 site= lens=[-635,0,525,0] guide_pair=false/false hard=false/true kept_hard=true/true
[TRACE_SEEDMERGE]   decision=keep_both reason=ret2_gate
[TRACE_SEEDMERGE] cand=25 span=80293228-80298318 nodes=5 abund=1.000 vs kept=10 span=80284050-80298318 nodes=12 abund=40.000 ret=2 site= lens=[-651,0,-1076,0] guide_pair=false/false hard=false/true kept_hard=true/true
[TRACE_SEEDMERGE]   decision=keep_both reason=ret2_gate
[TRACE_SEEDMERGE] cand=25 span=80293228-80298318 nodes=5 abund=1.000 vs kept=11 span=80284050-80295777 nodes=15 abund=4.000 ret=0 site=S14_GAP_FILLED lens=[0,9223372036854775806,0,9223372036854775806] guide_pair=false/false hard=false/true kept_hard=true/true
[TRACE_SEEDMERGE] cand=25 span=80293228-80298318 nodes=5 abund=1.000 vs kept=12 span=80284050-80295777 nodes=14 abund=4.000 ret=2 site= lens=[-2013,0,1465,0] guide_pair=false/false hard=false/true kept_hard=true/true
[TRACE_SEEDMERGE]   decision=keep_both reason=ret2_gate
[TRACE_SEEDMERGE] cand=25 span=80293228-80298318 nodes=5 abund=1.000 vs kept=15 span=80284050-80295777 nodes=13 abund=2.000 ret=2 site= lens=[-1177,0,1469,0] guide_pair=false/false hard=false/true kept_hard=true/true
[TRACE_SEEDMERGE]   decision=keep_both reason=ret2_gate
[TRACE_SEEDMERGE] cand=25 span=80293228-80298318 nodes=5 abund=1.000 vs kept=16 span=80284050-80295777 nodes=11 abund=2.000 ret=0 site=S14_GAP_FILLED lens=[0,9223372036854775806,0,9223372036854775806] guide_pair=false/false hard=false/true kept_hard=true/true
[TRACE_SEEDMERGE] cand=25 span=80293228-80298318 nodes=5 abund=1.000 vs kept=20 span=80288482-80295777 nodes=12 abund=1.000 ret=2 site= lens=[-989,0,1466,0] guide_pair=false/false hard=false/true kept_hard=true/true
[TRACE_SEEDMERGE]   decision=keep_both reason=ret2_gate
[TRACE_SEEDMERGE] cand=25 span=80293228-80298318 nodes=5 abund=1.000 vs kept=21 span=80284050-80295777 nodes=12 abund=1.000 ret=2 site= lens=[-924,0,1479,0] guide_pair=false/false hard=false/true kept_hard=true/true
[TRACE_SEEDMERGE]   decision=keep_both reason=ret2_gate
[TRACE_SEEDMERGE] cand=25 span=80293228-80298318 nodes=5 abund=1.000 vs kept=22 span=80284050-80295777 nodes=12 abund=1.000 ret=2 site= lens=[-1104,0,1465,0] guide_pair=false/false hard=false/true kept_hard=true/true
[TRACE_SEEDMERGE]   decision=keep_both reason=ret2_gate
[TRACE_SEEDMERGE] cand=25 span=80293228-80298318 nodes=5 abund=1.000 vs kept=23 span=80284050-80296717 nodes=9 abund=1.000 ret=2 site= lens=[-412,0,532,0] guide_pair=false/false hard=false/true kept_hard=true/true
[TRACE_SEEDMERGE]   decision=keep_both reason=ret2_gate
[TRACE_SEEDMERGE] cand=25 span=80293228-80298318 nodes=5 abund=1.000 vs kept=24 span=80284050-80295777 nodes=8 abund=1.000 ret=2 site= lens=[-420,0,1466,0] guide_pair=false/false hard=false/true kept_hard=true/true
[TRACE_SEEDMERGE]   decision=keep_both reason=ret2_gate
[TRACE_SEEDMERGE] cand=26 span=80293147-80295777 nodes=4 abund=1.000 vs kept=7 span=80284050-80295777 nodes=10 abund=151.000 ret=0 site=S4_HARDSTART_S lens=[0,9223372036854775806,0,9223372036854775806] guide_pair=false/false hard=true/true kept_hard=true/true
[TRACE_SEEDMERGE] cand=26 span=80293147-80295777 nodes=4 abund=1.000 vs kept=9 span=80284050-80296717 nodes=11 abund=52.000 ret=0 site=S2_HARDEND_BOTH lens=[0,9223372036854775806,0,9223372036854775806] guide_pair=false/false hard=true/true kept_hard=true/true
[TRACE_SEEDMERGE] cand=26 span=80293147-80295777 nodes=4 abund=1.000 vs kept=10 span=80284050-80298318 nodes=12 abund=40.000 ret=0 site=S4_HARDSTART_S lens=[0,9223372036854775806,0,9223372036854775806] guide_pair=false/false hard=true/true kept_hard=true/true
[TRACE_SEEDMERGE] cand=26 span=80293147-80295777 nodes=4 abund=1.000 vs kept=11 span=80284050-80295777 nodes=15 abund=4.000 ret=0 site=S4_HARDSTART_S lens=[0,9223372036854775806,0,9223372036854775806] guide_pair=false/false hard=true/true kept_hard=true/true
[TRACE_SEEDMERGE] cand=26 span=80293147-80295777 nodes=4 abund=1.000 vs kept=12 span=80284050-80295777 nodes=14 abund=4.000 ret=0 site=S4_HARDSTART_S lens=[0,9223372036854775806,0,9223372036854775806] guide_pair=false/false hard=true/true kept_hard=true/true
[TRACE_SEEDMERGE] cand=26 span=80293147-80295777 nodes=4 abund=1.000 vs kept=15 span=80284050-80295777 nodes=13 abund=2.000 ret=0 site=S4_HARDSTART_S lens=[0,9223372036854775806,0,9223372036854775806] guide_pair=false/false hard=true/true kept_hard=true/true
[TRACE_SEEDMERGE] cand=26 span=80293147-80295777 nodes=4 abund=1.000 vs kept=16 span=80284050-80295777 nodes=11 abund=2.000 ret=0 site=S4_HARDSTART_S lens=[0,9223372036854775806,0,9223372036854775806] guide_pair=false/false hard=true/true kept_hard=true/true
[TRACE_SEEDMERGE] cand=26 span=80293147-80295777 nodes=4 abund=1.000 vs kept=20 span=80288482-80295777 nodes=12 abund=1.000 ret=0 site=S4_HARDSTART_S lens=[0,9223372036854775806,0,9223372036854775806] guide_pair=false/false hard=true/true kept_hard=true/true
[TRACE_SEEDMERGE] cand=26 span=80293147-80295777 nodes=4 abund=1.000 vs kept=21 span=80284050-80295777 nodes=12 abund=1.000 ret=0 site=S4_HARDSTART_S lens=[0,9223372036854775806,0,9223372036854775806] guide_pair=false/false hard=true/true kept_hard=true/true
[TRACE_SEEDMERGE] cand=26 span=80293147-80295777 nodes=4 abund=1.000 vs kept=22 span=80284050-80295777 nodes=12 abund=1.000 ret=0 site=S4_HARDSTART_S lens=[0,9223372036854775806,0,9223372036854775806] guide_pair=false/false hard=true/true kept_hard=true/true
[TRACE_SEEDMERGE] cand=26 span=80293147-80295777 nodes=4 abund=1.000 vs kept=23 span=80284050-80296717 nodes=9 abund=1.000 ret=0 site=S2_HARDEND_BOTH lens=[0,9223372036854775806,0,9223372036854775806] guide_pair=false/false hard=true/true kept_hard=true/true
[TRACE_SEEDMERGE] cand=26 span=80293147-80295777 nodes=4 abund=1.000 vs kept=24 span=80284050-80295777 nodes=8 abund=1.000 ret=0 site=S4_HARDSTART_S lens=[0,9223372036854775806,0,9223372036854775806] guide_pair=false/false hard=true/true kept_hard=true/true
[TRACE_SEEDMERGE] cand=27 span=80284050-80291179 nodes=4 abund=1.000 vs kept=7 span=80284050-80295777 nodes=10 abund=151.000 ret=2 site= lens=[-903,0,-932,1188] guide_pair=false/false hard=true/false kept_hard=true/true
[TRACE_SEEDMERGE]   decision=keep_both reason=ret2_gate
[TRACE_SEEDMERGE] cand=27 span=80284050-80291179 nodes=4 abund=1.000 vs kept=9 span=80284050-80296717 nodes=11 abund=52.000 ret=2 site= lens=[-66,0,-1872,1188] guide_pair=false/false hard=true/false kept_hard=true/true
[TRACE_SEEDMERGE]   decision=keep_both reason=ret2_gate
[TRACE_SEEDMERGE] cand=27 span=80284050-80291179 nodes=4 abund=1.000 vs kept=10 span=80284050-80298318 nodes=12 abund=40.000 ret=2 site= lens=[-82,0,-3473,1188] guide_pair=false/false hard=true/false kept_hard=true/true
[TRACE_SEEDMERGE]   decision=keep_both reason=ret2_gate
[TRACE_SEEDMERGE] cand=27 span=80284050-80291179 nodes=4 abund=1.000 vs kept=11 span=80284050-80295777 nodes=15 abund=4.000 ret=2 site= lens=[-11,0,-3204,1188] guide_pair=false/false hard=true/false kept_hard=true/true
[TRACE_SEEDMERGE]   decision=keep_both reason=ret2_gate
[TRACE_SEEDMERGE] cand=27 span=80284050-80291179 nodes=4 abund=1.000 vs kept=12 span=80284050-80295777 nodes=14 abund=4.000 ret=2 site= lens=[-776,0,-1600,1188] guide_pair=false/false hard=true/false kept_hard=true/true
[TRACE_SEEDMERGE]   decision=keep_both reason=ret2_gate
[TRACE_SEEDMERGE] cand=27 span=80284050-80291179 nodes=4 abund=1.000 vs kept=15 span=80284050-80295777 nodes=13 abund=2.000 ret=2 site= lens=[-21,0,-1515,1188] guide_pair=false/false hard=true/false kept_hard=true/true
[TRACE_SEEDMERGE]   decision=keep_both reason=ret2_gate
[TRACE_SEEDMERGE] cand=27 span=80284050-80291179 nodes=4 abund=1.000 vs kept=16 span=80284050-80295777 nodes=11 abund=2.000 ret=2 site= lens=[-20,0,-2529,1188] guide_pair=false/false hard=true/false kept_hard=true/true
[TRACE_SEEDMERGE]   decision=keep_both reason=ret2_gate
[TRACE_SEEDMERGE] cand=27 span=80284050-80291179 nodes=4 abund=1.000 vs kept=17 span=80293330-80295777 nodes=3 abund=2.000 ret=0 site=S3_NO_OVERLAP lens=[0,9223372036854775806,0,9223372036854775806] guide_pair=false/false hard=true/false kept_hard=true/true
[TRACE_SEEDMERGE] cand=27 span=80284050-80291179 nodes=4 abund=1.000 vs kept=19 span=80292046-80295777 nodes=13 abund=1.000 ret=0 site=S3_NO_OVERLAP lens=[0,9223372036854775806,0,9223372036854775806] guide_pair=false/false hard=true/false kept_hard=true/true
[TRACE_SEEDMERGE] cand=27 span=80284050-80291179 nodes=4 abund=1.000 vs kept=20 span=80288482-80295777 nodes=12 abund=1.000 ret=0 site=S8_RETE_CONTRADICT lens=[0,9223372036854775806,0,9223372036854775806] guide_pair=false/false hard=true/false kept_hard=true/true
[TRACE_SEEDMERGE] cand=27 span=80284050-80291179 nodes=4 abund=1.000 vs kept=21 span=80284050-80295777 nodes=12 abund=1.000 ret=2 site= lens=[0,0,-1273,1188] guide_pair=false/false hard=true/false kept_hard=true/true
[TRACE_SEEDMERGE]   decision=keep_both reason=ret2_gate
[TRACE_SEEDMERGE] cand=27 span=80284050-80291179 nodes=4 abund=1.000 vs kept=22 span=80284050-80295777 nodes=12 abund=1.000 ret=0 site=S12_WALK_END_GAP lens=[0,9223372036854775806,0,9223372036854775806] guide_pair=false/false hard=true/false kept_hard=true/true
[TRACE_SEEDMERGE] cand=27 span=80284050-80291179 nodes=4 abund=1.000 vs kept=23 span=80284050-80296717 nodes=9 abund=1.000 ret=0 site=S12_WALK_END_GAP lens=[0,9223372036854775806,0,9223372036854775806] guide_pair=false/false hard=true/false kept_hard=true/true
[TRACE_SEEDMERGE] cand=27 span=80284050-80291179 nodes=4 abund=1.000 vs kept=24 span=80284050-80295777 nodes=8 abund=1.000 ret=0 site=S12_WALK_END_GAP lens=[0,9223372036854775806,0,9223372036854775806] guide_pair=false/false hard=true/false kept_hard=true/true
[TRACE_SEEDMERGE] cand=27 span=80284050-80291179 nodes=4 abund=1.000 vs kept=26 span=80293147-80295777 nodes=4 abund=1.000 ret=0 site=S3_NO_OVERLAP lens=[0,9223372036854775806,0,9223372036854775806] guide_pair=false/false hard=true/false kept_hard=true/true
[TRACE_SEEDMERGE] cand=28 span=80293228-80296717 nodes=4 abund=1.000 vs kept=7 span=80284050-80295777 nodes=10 abund=151.000 ret=0 site=S2_HARDEND_BOTH lens=[0,9223372036854775806,0,9223372036854775806] guide_pair=false/false hard=false/true kept_hard=true/true
[TRACE_SEEDMERGE] cand=28 span=80293228-80296717 nodes=4 abund=1.000 vs kept=9 span=80284050-80296717 nodes=11 abund=52.000 ret=2 site= lens=[-635,0,-105,0] guide_pair=false/false hard=false/true kept_hard=true/true
[TRACE_SEEDMERGE]   decision=keep_both reason=ret2_gate
[TRACE_SEEDMERGE] cand=28 span=80293228-80296717 nodes=4 abund=1.000 vs kept=10 span=80284050-80298318 nodes=12 abund=40.000 ret=2 site= lens=[-651,0,-1706,0] guide_pair=false/false hard=false/true kept_hard=true/true
[TRACE_SEEDMERGE]   decision=keep_both reason=ret2_gate
[TRACE_SEEDMERGE] cand=28 span=80293228-80296717 nodes=4 abund=1.000 vs kept=11 span=80284050-80295777 nodes=15 abund=4.000 ret=0 site=S2_HARDEND_BOTH lens=[0,9223372036854775806,0,9223372036854775806] guide_pair=false/false hard=false/true kept_hard=true/true
[TRACE_SEEDMERGE] cand=28 span=80293228-80296717 nodes=4 abund=1.000 vs kept=12 span=80284050-80295777 nodes=14 abund=4.000 ret=0 site=S2_HARDEND_BOTH lens=[0,9223372036854775806,0,9223372036854775806] guide_pair=false/false hard=false/true kept_hard=true/true
[TRACE_SEEDMERGE] cand=28 span=80293228-80296717 nodes=4 abund=1.000 vs kept=15 span=80284050-80295777 nodes=13 abund=2.000 ret=0 site=S2_HARDEND_BOTH lens=[0,9223372036854775806,0,9223372036854775806] guide_pair=false/false hard=false/true kept_hard=true/true
[TRACE_SEEDMERGE] cand=28 span=80293228-80296717 nodes=4 abund=1.000 vs kept=16 span=80284050-80295777 nodes=11 abund=2.000 ret=0 site=S2_HARDEND_BOTH lens=[0,9223372036854775806,0,9223372036854775806] guide_pair=false/false hard=false/true kept_hard=true/true
[TRACE_SEEDMERGE] cand=28 span=80293228-80296717 nodes=4 abund=1.000 vs kept=20 span=80288482-80295777 nodes=12 abund=1.000 ret=0 site=S2_HARDEND_BOTH lens=[0,9223372036854775806,0,9223372036854775806] guide_pair=false/false hard=false/true kept_hard=true/true
[TRACE_SEEDMERGE] cand=28 span=80293228-80296717 nodes=4 abund=1.000 vs kept=21 span=80284050-80295777 nodes=12 abund=1.000 ret=0 site=S2_HARDEND_BOTH lens=[0,9223372036854775806,0,9223372036854775806] guide_pair=false/false hard=false/true kept_hard=true/true
[TRACE_SEEDMERGE] cand=28 span=80293228-80296717 nodes=4 abund=1.000 vs kept=22 span=80284050-80295777 nodes=12 abund=1.000 ret=0 site=S2_HARDEND_BOTH lens=[0,9223372036854775806,0,9223372036854775806] guide_pair=false/false hard=false/true kept_hard=true/true
[TRACE_SEEDMERGE] cand=28 span=80293228-80296717 nodes=4 abund=1.000 vs kept=23 span=80284050-80296717 nodes=9 abund=1.000 ret=2 site= lens=[-412,0,-98,0] guide_pair=false/false hard=false/true kept_hard=true/true
[TRACE_SEEDMERGE]   decision=keep_both reason=ret2_gate
[TRACE_SEEDMERGE] cand=28 span=80293228-80296717 nodes=4 abund=1.000 vs kept=24 span=80284050-80295777 nodes=8 abund=1.000 ret=0 site=S2_HARDEND_BOTH lens=[0,9223372036854775806,0,9223372036854775806] guide_pair=false/false hard=false/true kept_hard=true/true
[TRACE_SEEDMERGE] cand=29 span=80294941-80298318 nodes=4 abund=1.000 vs kept=7 span=80284050-80295777 nodes=10 abund=151.000 ret=2 site= lens=[-1574,0,2012,0] guide_pair=false/false hard=false/true kept_hard=true/true
[TRACE_SEEDMERGE]   decision=keep_both reason=ret2_gate
[TRACE_SEEDMERGE] cand=29 span=80294941-80298318 nodes=4 abund=1.000 vs kept=9 span=80284050-80296717 nodes=11 abund=52.000 ret=2 site= lens=[-737,0,1072,0] guide_pair=false/false hard=false/true kept_hard=true/true
[TRACE_SEEDMERGE]   decision=keep_both reason=ret2_gate
[TRACE_SEEDMERGE] cand=29 span=80294941-80298318 nodes=4 abund=1.000 vs kept=10 span=80284050-80298318 nodes=12 abund=40.000 ret=2 site= lens=[-753,0,-529,0] guide_pair=false/false hard=false/true kept_hard=true/true
[TRACE_SEEDMERGE]   decision=keep_both reason=ret2_gate
[TRACE_SEEDMERGE] cand=29 span=80294941-80298318 nodes=4 abund=1.000 vs kept=11 span=80284050-80295777 nodes=15 abund=4.000 ret=2 site= lens=[-2961,0,2019,0] guide_pair=false/false hard=false/true kept_hard=true/true
[TRACE_SEEDMERGE]   decision=keep_both reason=ret2_gate
[TRACE_SEEDMERGE] cand=29 span=80294941-80298318 nodes=4 abund=1.000 vs kept=12 span=80284050-80295777 nodes=14 abund=4.000 ret=2 site= lens=[-2115,0,2012,0] guide_pair=false/false hard=false/true kept_hard=true/true
[TRACE_SEEDMERGE]   decision=keep_both reason=ret2_gate
[TRACE_SEEDMERGE] cand=29 span=80294941-80298318 nodes=4 abund=1.000 vs kept=15 span=80284050-80295777 nodes=13 abund=2.000 ret=2 site= lens=[-1279,0,2016,0] guide_pair=false/false hard=false/true kept_hard=true/true
[TRACE_SEEDMERGE]   decision=keep_both reason=ret2_gate
[TRACE_SEEDMERGE] cand=29 span=80294941-80298318 nodes=4 abund=1.000 vs kept=16 span=80284050-80295777 nodes=11 abund=2.000 ret=2 site= lens=[-2302,0,2026,0] guide_pair=false/false hard=false/true kept_hard=true/true
[TRACE_SEEDMERGE]   decision=keep_both reason=ret2_gate
[TRACE_SEEDMERGE] cand=29 span=80294941-80298318 nodes=4 abund=1.000 vs kept=20 span=80288482-80295777 nodes=12 abund=1.000 ret=2 site= lens=[-1091,0,2013,0] guide_pair=false/false hard=false/true kept_hard=true/true
[TRACE_SEEDMERGE]   decision=keep_both reason=ret2_gate
[TRACE_SEEDMERGE] cand=29 span=80294941-80298318 nodes=4 abund=1.000 vs kept=21 span=80284050-80295777 nodes=12 abund=1.000 ret=2 site= lens=[-1026,0,2026,0] guide_pair=false/false hard=false/true kept_hard=true/true
[TRACE_SEEDMERGE]   decision=keep_both reason=ret2_gate
[TRACE_SEEDMERGE] cand=29 span=80294941-80298318 nodes=4 abund=1.000 vs kept=22 span=80284050-80295777 nodes=12 abund=1.000 ret=2 site= lens=[-1206,0,2012,0] guide_pair=false/false hard=false/true kept_hard=true/true
[TRACE_SEEDMERGE]   decision=keep_both reason=ret2_gate
[TRACE_SEEDMERGE] cand=29 span=80294941-80298318 nodes=4 abund=1.000 vs kept=23 span=80284050-80296717 nodes=9 abund=1.000 ret=2 site= lens=[-514,0,1079,0] guide_pair=false/false hard=false/true kept_hard=true/true
[TRACE_SEEDMERGE]   decision=keep_both reason=ret2_gate
[TRACE_SEEDMERGE] cand=29 span=80294941-80298318 nodes=4 abund=1.000 vs kept=24 span=80284050-80295777 nodes=8 abund=1.000 ret=2 site= lens=[-522,0,2013,0] guide_pair=false/false hard=false/true kept_hard=true/true
[TRACE_SEEDMERGE]   decision=keep_both reason=ret2_gate
[TRACE_SEEDMERGE] cand=30 span=80292046-80292636 nodes=3 abund=1.000 vs kept=7 span=80284050-80295777 nodes=10 abund=151.000 ret=2 site= lens=[-1226,268,-861,239] guide_pair=false/false hard=false/true kept_hard=true/true
[TRACE_SEEDMERGE]   decision=keep_both reason=ret2_gate
[TRACE_SEEDMERGE] cand=30 span=80292046-80292636 nodes=3 abund=1.000 vs kept=9 span=80284050-80296717 nodes=11 abund=52.000 ret=2 site= lens=[-389,268,-1801,239] guide_pair=false/false hard=false/true kept_hard=true/true
[TRACE_SEEDMERGE]   decision=keep_both reason=ret2_gate
[TRACE_SEEDMERGE] cand=30 span=80292046-80292636 nodes=3 abund=1.000 vs kept=10 span=80284050-80298318 nodes=12 abund=40.000 ret=2 site= lens=[-405,268,-3402,239] guide_pair=false/false hard=false/true kept_hard=true/true
[TRACE_SEEDMERGE]   decision=keep_both reason=ret2_gate
[TRACE_SEEDMERGE] cand=30 span=80292046-80292636 nodes=3 abund=1.000 vs kept=11 span=80284050-80295777 nodes=15 abund=4.000 ret=2 site= lens=[-334,268,-2894,0] guide_pair=false/false hard=false/true kept_hard=true/true
[TRACE_SEEDMERGE]   decision=keep_both reason=ret2_gate
[TRACE_SEEDMERGE] cand=30 span=80292046-80292636 nodes=3 abund=1.000 vs kept=12 span=80284050-80295777 nodes=14 abund=4.000 ret=2 site= lens=[-1099,268,-1290,0] guide_pair=false/false hard=false/true kept_hard=true/true
[TRACE_SEEDMERGE]   decision=keep_both reason=ret2_gate
[TRACE_SEEDMERGE] cand=30 span=80292046-80292636 nodes=3 abund=1.000 vs kept=15 span=80284050-80295777 nodes=13 abund=2.000 ret=2 site= lens=[-344,268,-1205,0] guide_pair=false/false hard=false/true kept_hard=true/true
[TRACE_SEEDMERGE]   decision=keep_both reason=ret2_gate
[TRACE_SEEDMERGE] cand=30 span=80292046-80292636 nodes=3 abund=1.000 vs kept=16 span=80284050-80295777 nodes=11 abund=2.000 ret=2 site= lens=[-343,268,-2458,239] guide_pair=false/false hard=false/true kept_hard=true/true
[TRACE_SEEDMERGE]   decision=keep_both reason=ret2_gate
[TRACE_SEEDMERGE] cand=30 span=80292046-80292636 nodes=3 abund=1.000 vs kept=20 span=80288482-80295777 nodes=12 abund=1.000 ret=2 site= lens=[-156,268,-1208,0] guide_pair=false/false hard=false/true kept_hard=true/true
[TRACE_SEEDMERGE]   decision=keep_both reason=ret2_gate
[TRACE_SEEDMERGE] cand=30 span=80292046-80292636 nodes=3 abund=1.000 vs kept=21 span=80284050-80295777 nodes=12 abund=1.000 ret=2 site= lens=[-323,268,-963,0] guide_pair=false/false hard=false/true kept_hard=true/true
[TRACE_SEEDMERGE]   decision=keep_both reason=ret2_gate
[TRACE_SEEDMERGE] cand=30 span=80292046-80292636 nodes=3 abund=1.000 vs kept=22 span=80284050-80295777 nodes=12 abund=1.000 ret=2 site= lens=[-190,268,-1290,0] guide_pair=false/false hard=false/true kept_hard=true/true
[TRACE_SEEDMERGE]   decision=keep_both reason=ret2_gate
[TRACE_SEEDMERGE] cand=30 span=80292046-80292636 nodes=3 abund=1.000 vs kept=23 span=80284050-80296717 nodes=9 abund=1.000 ret=2 site= lens=[-166,268,-1794,239] guide_pair=false/false hard=false/true kept_hard=true/true
[TRACE_SEEDMERGE]   decision=keep_both reason=ret2_gate
[TRACE_SEEDMERGE] cand=30 span=80292046-80292636 nodes=3 abund=1.000 vs kept=24 span=80284050-80295777 nodes=8 abund=1.000 ret=2 site= lens=[-174,268,-860,239] guide_pair=false/false hard=false/true kept_hard=true/true
[TRACE_SEEDMERGE]   decision=keep_both reason=ret2_gate
[TRACE_SEEDMERGE] cand=31 span=80295322-80298318 nodes=3 abund=1.000 vs kept=7 span=80284050-80295777 nodes=10 abund=151.000 ret=2 site= lens=[-1845,0,1472,0] guide_pair=false/false hard=true/true kept_hard=true/true
[TRACE_SEEDMERGE]   decision=keep_both reason=ret2_gate
[TRACE_SEEDMERGE] cand=31 span=80295322-80298318 nodes=3 abund=1.000 vs kept=9 span=80284050-80296717 nodes=11 abund=52.000 ret=2 site= lens=[-1008,0,532,0] guide_pair=false/false hard=true/true kept_hard=true/true
[TRACE_SEEDMERGE]   decision=keep_both reason=ret2_gate
[TRACE_SEEDMERGE] cand=31 span=80295322-80298318 nodes=3 abund=1.000 vs kept=10 span=80284050-80298318 nodes=12 abund=40.000 ret=2 site= lens=[-1024,0,-1069,0] guide_pair=false/false hard=true/true kept_hard=true/true
[TRACE_SEEDMERGE]   decision=keep_both reason=ret2_gate
[TRACE_SEEDMERGE] cand=31 span=80295322-80298318 nodes=3 abund=1.000 vs kept=11 span=80284050-80295777 nodes=15 abund=4.000 ret=2 site= lens=[-3232,0,1479,0] guide_pair=false/false hard=true/true kept_hard=true/true
[TRACE_SEEDMERGE]   decision=keep_both reason=ret2_gate
[TRACE_SEEDMERGE] cand=31 span=80295322-80298318 nodes=3 abund=1.000 vs kept=12 span=80284050-80295777 nodes=14 abund=4.000 ret=2 site= lens=[-2386,0,1472,0] guide_pair=false/false hard=true/true kept_hard=true/true
[TRACE_SEEDMERGE]   decision=keep_both reason=ret2_gate
[TRACE_SEEDMERGE] cand=31 span=80295322-80298318 nodes=3 abund=1.000 vs kept=15 span=80284050-80295777 nodes=13 abund=2.000 ret=2 site= lens=[-1550,0,1476,0] guide_pair=false/false hard=true/true kept_hard=true/true
[TRACE_SEEDMERGE]   decision=keep_both reason=ret2_gate
[TRACE_SEEDMERGE] cand=31 span=80295322-80298318 nodes=3 abund=1.000 vs kept=16 span=80284050-80295777 nodes=11 abund=2.000 ret=2 site= lens=[-2573,0,1486,0] guide_pair=false/false hard=true/true kept_hard=true/true
[TRACE_SEEDMERGE]   decision=keep_both reason=ret2_gate
[TRACE_SEEDMERGE] cand=31 span=80295322-80298318 nodes=3 abund=1.000 vs kept=20 span=80288482-80295777 nodes=12 abund=1.000 ret=2 site= lens=[-1362,0,1473,0] guide_pair=false/false hard=true/true kept_hard=true/true
[TRACE_SEEDMERGE]   decision=keep_both reason=ret2_gate
[TRACE_SEEDMERGE] cand=31 span=80295322-80298318 nodes=3 abund=1.000 vs kept=21 span=80284050-80295777 nodes=12 abund=1.000 ret=2 site= lens=[-1297,0,1486,0] guide_pair=false/false hard=true/true kept_hard=true/true
[TRACE_SEEDMERGE]   decision=keep_both reason=ret2_gate
[TRACE_SEEDMERGE] cand=31 span=80295322-80298318 nodes=3 abund=1.000 vs kept=22 span=80284050-80295777 nodes=12 abund=1.000 ret=2 site= lens=[-1477,0,1472,0] guide_pair=false/false hard=true/true kept_hard=true/true
[TRACE_SEEDMERGE]   decision=keep_both reason=ret2_gate
[TRACE_SEEDMERGE] cand=31 span=80295322-80298318 nodes=3 abund=1.000 vs kept=23 span=80284050-80296717 nodes=9 abund=1.000 ret=2 site= lens=[-785,0,539,0] guide_pair=false/false hard=true/true kept_hard=true/true
[TRACE_SEEDMERGE]   decision=keep_both reason=ret2_gate
[TRACE_SEEDMERGE] cand=31 span=80295322-80298318 nodes=3 abund=1.000 vs kept=24 span=80284050-80295777 nodes=8 abund=1.000 ret=2 site= lens=[-793,0,1473,0] guide_pair=false/false hard=true/true kept_hard=true/true
[TRACE_SEEDMERGE]   decision=keep_both reason=ret2_gate
[TRACE_SEEDMERGE] cand=32 span=80289947-80291179 nodes=2 abund=1.000 vs kept=7 span=80284050-80295777 nodes=10 abund=151.000 ret=2 site= lens=[-1182,0,-932,1188] guide_pair=false/false hard=false/false kept_hard=true/true
[TRACE_SEEDMERGE]   decision=keep_both reason=ret2_gate
[TRACE_SEEDMERGE] cand=32 span=80289947-80291179 nodes=2 abund=1.000 vs kept=9 span=80284050-80296717 nodes=11 abund=52.000 ret=2 site= lens=[-345,0,-1872,1188] guide_pair=false/false hard=false/false kept_hard=true/true
[TRACE_SEEDMERGE]   decision=keep_both reason=ret2_gate
[TRACE_SEEDMERGE] cand=32 span=80289947-80291179 nodes=2 abund=1.000 vs kept=10 span=80284050-80298318 nodes=12 abund=40.000 ret=2 site= lens=[-361,0,-3473,1188] guide_pair=false/false hard=false/false kept_hard=true/true
[TRACE_SEEDMERGE]   decision=keep_both reason=ret2_gate
[TRACE_SEEDMERGE] cand=32 span=80289947-80291179 nodes=2 abund=1.000 vs kept=11 span=80284050-80295777 nodes=15 abund=4.000 ret=2 site= lens=[-290,0,-3204,1188] guide_pair=false/false hard=false/false kept_hard=true/true
[TRACE_SEEDMERGE]   decision=keep_both reason=ret2_gate
[TRACE_SEEDMERGE] cand=32 span=80289947-80291179 nodes=2 abund=1.000 vs kept=12 span=80284050-80295777 nodes=14 abund=4.000 ret=2 site= lens=[-1055,0,-1600,1188] guide_pair=false/false hard=false/false kept_hard=true/true
[TRACE_SEEDMERGE]   decision=keep_both reason=ret2_gate
[TRACE_SEEDMERGE] cand=32 span=80289947-80291179 nodes=2 abund=1.000 vs kept=15 span=80284050-80295777 nodes=13 abund=2.000 ret=2 site= lens=[-300,0,-1515,1188] guide_pair=false/false hard=false/false kept_hard=true/true
[TRACE_SEEDMERGE]   decision=keep_both reason=ret2_gate
[TRACE_SEEDMERGE] cand=32 span=80289947-80291179 nodes=2 abund=1.000 vs kept=16 span=80284050-80295777 nodes=11 abund=2.000 ret=2 site= lens=[-299,0,-2529,1188] guide_pair=false/false hard=false/false kept_hard=true/true
[TRACE_SEEDMERGE]   decision=keep_both reason=ret2_gate
[TRACE_SEEDMERGE] cand=32 span=80289947-80291179 nodes=2 abund=1.000 vs kept=20 span=80288482-80295777 nodes=12 abund=1.000 ret=2 site= lens=[-112,0,-1518,1188] guide_pair=false/false hard=false/false kept_hard=true/true
[TRACE_SEEDMERGE]   decision=keep_both reason=ret2_gate
[TRACE_SEEDMERGE] cand=32 span=80289947-80291179 nodes=2 abund=1.000 vs kept=21 span=80284050-80295777 nodes=12 abund=1.000 ret=2 site= lens=[-279,0,-1273,1188] guide_pair=false/false hard=false/false kept_hard=true/true
[TRACE_SEEDMERGE]   decision=keep_both reason=ret2_gate
[TRACE_SEEDMERGE] cand=32 span=80289947-80291179 nodes=2 abund=1.000 vs kept=22 span=80284050-80295777 nodes=12 abund=1.000 ret=0 site=S5_CONTAINED lens=[0,9223372036854775806,0,9223372036854775806] guide_pair=false/false hard=false/false kept_hard=true/true
[TRACE_SEEDMERGE] cand=32 span=80289947-80291179 nodes=2 abund=1.000 vs kept=23 span=80284050-80296717 nodes=9 abund=1.000 ret=0 site=S5_CONTAINED lens=[0,9223372036854775806,0,9223372036854775806] guide_pair=false/false hard=false/false kept_hard=true/true
[TRACE_SEEDMERGE] cand=32 span=80289947-80291179 nodes=2 abund=1.000 vs kept=24 span=80284050-80295777 nodes=8 abund=1.000 ret=0 site=S5_CONTAINED lens=[0,9223372036854775806,0,9223372036854775806] guide_pair=false/false hard=false/false kept_hard=true/true
[TRACE_SEEDMERGE] cand=41 span=80284050-80287605 nodes=2 abund=1.000 vs kept=7 span=80284050-80295777 nodes=10 abund=151.000 ret=2 site= lens=[-896,0,-1088,1591] guide_pair=false/false hard=true/true kept_hard=true/true
[TRACE_SEEDMERGE]   decision=keep_both reason=ret2_gate
[TRACE_SEEDMERGE] cand=41 span=80284050-80287605 nodes=2 abund=1.000 vs kept=9 span=80284050-80296717 nodes=11 abund=52.000 ret=2 site= lens=[-59,0,-2028,1591] guide_pair=false/false hard=true/true kept_hard=true/true
[TRACE_SEEDMERGE]   decision=keep_both reason=ret2_gate
[TRACE_SEEDMERGE] cand=41 span=80284050-80287605 nodes=2 abund=1.000 vs kept=10 span=80284050-80298318 nodes=12 abund=40.000 ret=2 site= lens=[-75,0,-3629,1591] guide_pair=false/false hard=true/true kept_hard=true/true
[TRACE_SEEDMERGE]   decision=keep_both reason=ret2_gate
[TRACE_SEEDMERGE] cand=41 span=80284050-80287605 nodes=2 abund=1.000 vs kept=11 span=80284050-80295777 nodes=15 abund=4.000 ret=2 site= lens=[-4,0,-3360,1591] guide_pair=false/false hard=true/true kept_hard=true/true
[TRACE_SEEDMERGE]   decision=keep_both reason=ret2_gate
[TRACE_SEEDMERGE] cand=41 span=80284050-80287605 nodes=2 abund=1.000 vs kept=12 span=80284050-80295777 nodes=14 abund=4.000 ret=2 site= lens=[-769,0,-1756,1591] guide_pair=false/false hard=true/true kept_hard=true/true
[TRACE_SEEDMERGE]   decision=keep_both reason=ret2_gate
[TRACE_SEEDMERGE] cand=41 span=80284050-80287605 nodes=2 abund=1.000 vs kept=15 span=80284050-80295777 nodes=13 abund=2.000 ret=2 site= lens=[-14,0,-1671,1591] guide_pair=false/false hard=true/true kept_hard=true/true
[TRACE_SEEDMERGE]   decision=keep_both reason=ret2_gate
[TRACE_SEEDMERGE] cand=41 span=80284050-80287605 nodes=2 abund=1.000 vs kept=16 span=80284050-80295777 nodes=11 abund=2.000 ret=2 site= lens=[-13,0,-2685,1591] guide_pair=false/false hard=true/true kept_hard=true/true
[TRACE_SEEDMERGE]   decision=keep_both reason=ret2_gate
[TRACE_SEEDMERGE] cand=41 span=80284050-80287605 nodes=2 abund=1.000 vs kept=17 span=80293330-80295777 nodes=3 abund=2.000 ret=0 site=S3_NO_OVERLAP lens=[0,9223372036854775806,0,9223372036854775806] guide_pair=false/false hard=true/true kept_hard=true/true
[TRACE_SEEDMERGE] cand=41 span=80284050-80287605 nodes=2 abund=1.000 vs kept=19 span=80292046-80295777 nodes=13 abund=1.000 ret=0 site=S3_NO_OVERLAP lens=[0,9223372036854775806,0,9223372036854775806] guide_pair=false/false hard=true/true kept_hard=true/true
[TRACE_SEEDMERGE] cand=41 span=80284050-80287605 nodes=2 abund=1.000 vs kept=20 span=80288482-80295777 nodes=12 abund=1.000 ret=0 site=S3_NO_OVERLAP lens=[0,9223372036854775806,0,9223372036854775806] guide_pair=false/false hard=true/true kept_hard=true/true
[TRACE_SEEDMERGE] cand=41 span=80284050-80287605 nodes=2 abund=1.000 vs kept=21 span=80284050-80295777 nodes=12 abund=1.000 ret=2 site= lens=[7,0,-1429,1591] guide_pair=false/false hard=true/true kept_hard=true/true
[TRACE_SEEDMERGE]   decision=keep_both reason=ret2_gate
[TRACE_SEEDMERGE] cand=41 span=80284050-80287605 nodes=2 abund=1.000 vs kept=22 span=80284050-80295777 nodes=12 abund=1.000 ret=2 site= lens=[-16,0,-1600,1591] guide_pair=false/false hard=true/true kept_hard=true/true
[TRACE_SEEDMERGE]   decision=keep_both reason=ret2_gate
[TRACE_SEEDMERGE] cand=41 span=80284050-80287605 nodes=2 abund=1.000 vs kept=23 span=80284050-80296717 nodes=9 abund=1.000 ret=2 site= lens=[8,0,-1865,1591] guide_pair=false/false hard=true/true kept_hard=true/true
[TRACE_SEEDMERGE]   decision=keep_both reason=ret2_gate
[TRACE_SEEDMERGE] cand=41 span=80284050-80287605 nodes=2 abund=1.000 vs kept=24 span=80284050-80295777 nodes=8 abund=1.000 ret=2 site= lens=[0,0,-931,1591] guide_pair=false/false hard=true/true kept_hard=true/true
[TRACE_SEEDMERGE]   decision=keep_both reason=ret2_gate
[TRACE_SEEDMERGE] cand=41 span=80284050-80287605 nodes=2 abund=1.000 vs kept=26 span=80293147-80295777 nodes=4 abund=1.000 ret=0 site=S3_NO_OVERLAP lens=[0,9223372036854775806,0,9223372036854775806] guide_pair=false/false hard=true/true kept_hard=true/true
[TRACE_SEEDMERGE] cand=41 span=80284050-80287605 nodes=2 abund=1.000 vs kept=31 span=80295322-80298318 nodes=3 abund=1.000 ret=0 site=S3_NO_OVERLAP lens=[0,9223372036854775806,0,9223372036854775806] guide_pair=false/false hard=true/true kept_hard=true/true
[TRACE_SEEDMERGE] keeptrf_add=41 span=80284050-80287605 nodes=2 abund=1.000 complete=true novel_splice_rescue=false
[TRACE_SEEDMERGE] cand=45 span=80295322-80296717 nodes=2 abund=1.000 vs kept=7 span=80284050-80295777 nodes=10 abund=151.000 ret=0 site=S2_HARDEND_BOTH lens=[0,9223372036854775806,0,9223372036854775806] guide_pair=false/false hard=false/true kept_hard=true/true
[TRACE_SEEDMERGE] cand=45 span=80295322-80296717 nodes=2 abund=1.000 vs kept=9 span=80284050-80296717 nodes=11 abund=52.000 ret=2 site= lens=[-866,0,0,0] guide_pair=false/false hard=false/true kept_hard=true/true
[TRACE_SEEDMERGE]   decision=keep_both reason=ret2_gate
[TRACE_SEEDMERGE] cand=45 span=80295322-80296717 nodes=2 abund=1.000 vs kept=10 span=80284050-80298318 nodes=12 abund=40.000 ret=2 site= lens=[-882,0,-1601,0] guide_pair=false/false hard=false/true kept_hard=true/true
[TRACE_SEEDMERGE]   decision=keep_both reason=ret2_gate
[TRACE_SEEDMERGE] cand=45 span=80295322-80296717 nodes=2 abund=1.000 vs kept=11 span=80284050-80295777 nodes=15 abund=4.000 ret=0 site=S2_HARDEND_BOTH lens=[0,9223372036854775806,0,9223372036854775806] guide_pair=false/false hard=false/true kept_hard=true/true
[TRACE_SEEDMERGE] cand=45 span=80295322-80296717 nodes=2 abund=1.000 vs kept=12 span=80284050-80295777 nodes=14 abund=4.000 ret=0 site=S2_HARDEND_BOTH lens=[0,9223372036854775806,0,9223372036854775806] guide_pair=false/false hard=false/true kept_hard=true/true
[TRACE_SEEDMERGE] cand=45 span=80295322-80296717 nodes=2 abund=1.000 vs kept=15 span=80284050-80295777 nodes=13 abund=2.000 ret=0 site=S2_HARDEND_BOTH lens=[0,9223372036854775806,0,9223372036854775806] guide_pair=false/false hard=false/true kept_hard=true/true
[TRACE_SEEDMERGE] cand=45 span=80295322-80296717 nodes=2 abund=1.000 vs kept=16 span=80284050-80295777 nodes=11 abund=2.000 ret=0 site=S2_HARDEND_BOTH lens=[0,9223372036854775806,0,9223372036854775806] guide_pair=false/false hard=false/true kept_hard=true/true
[TRACE_SEEDMERGE] cand=45 span=80295322-80296717 nodes=2 abund=1.000 vs kept=20 span=80288482-80295777 nodes=12 abund=1.000 ret=0 site=S2_HARDEND_BOTH lens=[0,9223372036854775806,0,9223372036854775806] guide_pair=false/false hard=false/true kept_hard=true/true
[TRACE_SEEDMERGE] cand=45 span=80295322-80296717 nodes=2 abund=1.000 vs kept=21 span=80284050-80295777 nodes=12 abund=1.000 ret=0 site=S2_HARDEND_BOTH lens=[0,9223372036854775806,0,9223372036854775806] guide_pair=false/false hard=false/true kept_hard=true/true
[TRACE_SEEDMERGE] cand=45 span=80295322-80296717 nodes=2 abund=1.000 vs kept=22 span=80284050-80295777 nodes=12 abund=1.000 ret=0 site=S2_HARDEND_BOTH lens=[0,9223372036854775806,0,9223372036854775806] guide_pair=false/false hard=false/true kept_hard=true/true
[TRACE_SEEDMERGE] cand=45 span=80295322-80296717 nodes=2 abund=1.000 vs kept=23 span=80284050-80296717 nodes=9 abund=1.000 ret=2 site= lens=[-643,0,7,0] guide_pair=false/false hard=false/true kept_hard=true/true
[TRACE_SEEDMERGE]   decision=keep_both reason=ret2_gate
[TRACE_SEEDMERGE] cand=45 span=80295322-80296717 nodes=2 abund=1.000 vs kept=24 span=80284050-80295777 nodes=8 abund=1.000 ret=0 site=S2_HARDEND_BOTH lens=[0,9223372036854775806,0,9223372036854775806] guide_pair=false/false hard=false/true kept_hard=true/true
[TRACE_SEEDMERGE] cand=45 span=80295322-80296717 nodes=2 abund=1.000 vs kept=41 span=80284050-80287605 nodes=2 abund=1.000 ret=0 site=S3_NO_OVERLAP lens=[0,9223372036854775806,0,9223372036854775806] guide_pair=false/false hard=false/true kept_hard=true/true
[TRACE_SEEDMERGE] cand=46 span=80295777-80298318 nodes=2 abund=1.000 vs kept=7 span=80284050-80295777 nodes=10 abund=151.000 ret=0 site=S3_NO_OVERLAP lens=[0,9223372036854775806,0,9223372036854775806] guide_pair=false/false hard=true/false kept_hard=true/true
[TRACE_SEEDMERGE] cand=46 span=80295777-80298318 nodes=2 abund=1.000 vs kept=9 span=80284050-80296717 nodes=11 abund=52.000 ret=0 site=S4_HARDSTART_S lens=[0,9223372036854775806,0,9223372036854775806] guide_pair=false/false hard=true/false kept_hard=true/true
[TRACE_SEEDMERGE] cand=46 span=80295777-80298318 nodes=2 abund=1.000 vs kept=10 span=80284050-80298318 nodes=12 abund=40.000 ret=0 site=S4_HARDSTART_S lens=[0,9223372036854775806,0,9223372036854775806] guide_pair=false/false hard=true/false kept_hard=true/true
[TRACE_SEEDMERGE] cand=46 span=80295777-80298318 nodes=2 abund=1.000 vs kept=11 span=80284050-80295777 nodes=15 abund=4.000 ret=0 site=S3_NO_OVERLAP lens=[0,9223372036854775806,0,9223372036854775806] guide_pair=false/false hard=true/false kept_hard=true/true
[TRACE_SEEDMERGE] cand=46 span=80295777-80298318 nodes=2 abund=1.000 vs kept=12 span=80284050-80295777 nodes=14 abund=4.000 ret=0 site=S3_NO_OVERLAP lens=[0,9223372036854775806,0,9223372036854775806] guide_pair=false/false hard=true/false kept_hard=true/true
[TRACE_SEEDMERGE] cand=46 span=80295777-80298318 nodes=2 abund=1.000 vs kept=15 span=80284050-80295777 nodes=13 abund=2.000 ret=0 site=S3_NO_OVERLAP lens=[0,9223372036854775806,0,9223372036854775806] guide_pair=false/false hard=true/false kept_hard=true/true
[TRACE_SEEDMERGE] cand=46 span=80295777-80298318 nodes=2 abund=1.000 vs kept=16 span=80284050-80295777 nodes=11 abund=2.000 ret=0 site=S3_NO_OVERLAP lens=[0,9223372036854775806,0,9223372036854775806] guide_pair=false/false hard=true/false kept_hard=true/true
[TRACE_SEEDMERGE] cand=46 span=80295777-80298318 nodes=2 abund=1.000 vs kept=20 span=80288482-80295777 nodes=12 abund=1.000 ret=0 site=S3_NO_OVERLAP lens=[0,9223372036854775806,0,9223372036854775806] guide_pair=false/false hard=true/false kept_hard=true/true
[TRACE_SEEDMERGE] cand=46 span=80295777-80298318 nodes=2 abund=1.000 vs kept=21 span=80284050-80295777 nodes=12 abund=1.000 ret=0 site=S3_NO_OVERLAP lens=[0,9223372036854775806,0,9223372036854775806] guide_pair=false/false hard=true/false kept_hard=true/true
[TRACE_SEEDMERGE] cand=46 span=80295777-80298318 nodes=2 abund=1.000 vs kept=22 span=80284050-80295777 nodes=12 abund=1.000 ret=0 site=S3_NO_OVERLAP lens=[0,9223372036854775806,0,9223372036854775806] guide_pair=false/false hard=true/false kept_hard=true/true
[TRACE_SEEDMERGE] cand=46 span=80295777-80298318 nodes=2 abund=1.000 vs kept=23 span=80284050-80296717 nodes=9 abund=1.000 ret=0 site=S4_HARDSTART_S lens=[0,9223372036854775806,0,9223372036854775806] guide_pair=false/false hard=true/false kept_hard=true/true
[TRACE_SEEDMERGE] cand=46 span=80295777-80298318 nodes=2 abund=1.000 vs kept=24 span=80284050-80295777 nodes=8 abund=1.000 ret=0 site=S3_NO_OVERLAP lens=[0,9223372036854775806,0,9223372036854775806] guide_pair=false/false hard=true/false kept_hard=true/true
[TRACE_SEEDMERGE] cand=46 span=80295777-80298318 nodes=2 abund=1.000 vs kept=41 span=80284050-80287605 nodes=2 abund=1.000 ret=0 site=S3_NO_OVERLAP lens=[0,9223372036854775806,0,9223372036854775806] guide_pair=false/false hard=true/false kept_hard=true/true
[TRACE_SRCSINK_PRE] node=1(80284050-80286014) rep=7 addsource=260.000 addsink=0.000 hardstart=false hardend=true hassource=Some(33) hassink=Some(0) keepsource=true keepsink=false parents=[0] children=[2, 3, 8, 20]
[TRACE_SRCSINK_PRE] node=1(80284050-80286014) rep=9 addsource=260.000 addsink=0.000 hardstart=false hardend=true hassource=Some(33) hassink=Some(0) keepsource=true keepsink=false parents=[0] children=[2, 3, 8, 20]
[TRACE_SRCSINK_PRE] node=1(80284050-80286014) rep=10 addsource=260.000 addsink=0.000 hardstart=false hardend=true hassource=Some(33) hassink=Some(0) keepsource=true keepsink=false parents=[0] children=[2, 3, 8, 20]
[TRACE_SRCSINK_PRE] node=1(80284050-80286014) rep=11 addsource=260.000 addsink=0.000 hardstart=false hardend=true hassource=Some(33) hassink=Some(0) keepsource=true keepsink=false parents=[0] children=[2, 3, 8, 20]
[TRACE_SRCSINK_PRE] node=1(80284050-80286014) rep=12 addsource=260.000 addsink=0.000 hardstart=false hardend=true hassource=Some(33) hassink=Some(0) keepsource=true keepsink=false parents=[0] children=[2, 3, 8, 20]
[TRACE_SRCSINK_PRE] node=1(80284050-80286014) rep=15 addsource=260.000 addsink=0.000 hardstart=false hardend=true hassource=Some(33) hassink=Some(0) keepsource=true keepsink=false parents=[0] children=[2, 3, 8, 20]
[TRACE_SRCSINK_PRE] node=1(80284050-80286014) rep=16 addsource=260.000 addsink=0.000 hardstart=false hardend=true hassource=Some(33) hassink=Some(0) keepsource=true keepsink=false parents=[0] children=[2, 3, 8, 20]
[TRACE_SRCSINK_PRE] node=1(80284050-80286014) rep=21 addsource=260.000 addsink=0.000 hardstart=false hardend=true hassource=Some(33) hassink=Some(0) keepsource=true keepsink=false parents=[0] children=[2, 3, 8, 20]
[TRACE_SRCSINK_PRE] node=1(80284050-80286014) rep=22 addsource=260.000 addsink=0.000 hardstart=false hardend=true hassource=Some(33) hassink=Some(0) keepsource=true keepsink=false parents=[0] children=[2, 3, 8, 20]
[TRACE_SRCSINK_PRE] node=1(80284050-80286014) rep=23 addsource=260.000 addsink=0.000 hardstart=false hardend=true hassource=Some(33) hassink=Some(0) keepsource=true keepsink=false parents=[0] children=[2, 3, 8, 20]
[TRACE_SRCSINK_PRE] node=1(80284050-80286014) rep=24 addsource=260.000 addsink=0.000 hardstart=false hardend=true hassource=Some(33) hassink=Some(0) keepsource=true keepsink=false parents=[0] children=[2, 3, 8, 20]
[TRACE_SRCSINK_PRE] node=1(80284050-80286014) rep=41 addsource=260.000 addsink=0.000 hardstart=false hardend=true hassource=Some(33) hassink=Some(0) keepsource=true keepsink=false parents=[0] children=[2, 3, 8, 20]
[TRACE_SRCSINK_PRE] node=2(80286014-80287605) rep=- addsource=0.000 addsink=1.000 hardstart=true hardend=false hassource=Some(34) hassink=Some(39) keepsource=false keepsink=true parents=[0, 1] children=[20]
[TRACE_SRCSINK_PRE] node=3(80288482-80288594) rep=20 addsource=1.000 addsink=0.000 hardstart=false hardend=false hassource=None hassink=None keepsource=true keepsink=false parents=[1] children=[5]
[TRACE_SRCSINK_POST] source_trfs=33:0-80286014 nodes=[0, 1] abund=260.000 long=true | 34:0-80287605 nodes=[0, 2] abund=0.000 long=true | 35:0-80289947 nodes=[0, 4] abund=0.000 long=true | 36:0-80292314 nodes=[0, 7] abund=1.000 long=true | 37:0-80292636 nodes=[0, 9] abund=0.000 long=true | 38:0-80292790 nodes=[0, 11] abund=0.000 long=true | 40:0-80293096 nodes=[0, 13] abund=0.000 long=true | 42:0-80294941 nodes=[0, 17] abund=2.000 long=true | 43:0-80293228 nodes=[0, 15] abund=1.000 long=true
[TRACE_SRCSINK_POST] sink_trfs=
[TRACE_KEEPTRF] rep=20 usepath=15 seed=true span=80288482-80295777 nodes=12 origin=read_map group=[] origin_mix=[read_map:1]
[TRACE_KEEPTRF] rep=10 usepath=14 seed=true span=80284050-80298318 nodes=12 origin=read_map group=[] origin_mix=[read_map:1]
[TRACE_KEEPTRF] rep=41 usepath=13 seed=true span=80284050-80287605 nodes=2 origin=read_map group=[] origin_mix=[read_map:1]
[TRACE_PAT_TF] stage=keeptrf.rep_pattern tf=41 pivot=2 coord=80286014-80287605 pop=3 group=0 longstart=80285840 longend=80287605
[TRACE_PAT_TF]   child=20 coord=0-0 edge_bit=false child_bit=false sink=true
[TRACE_KEEPTRF] rep=24 usepath=11 seed=true span=80284050-80295777 nodes=8 origin=read_map group=[] origin_mix=[read_map:1]
[TRACE_KEEPTRF] rep=23 usepath=10 seed=true span=80284050-80296717 nodes=9 origin=read_map group=[] origin_mix=[read_map:1]
[TRACE_KEEPTRF] rep=22 usepath=9 seed=true span=80284050-80295777 nodes=12 origin=read_map group=[] origin_mix=[read_map:1]
[TRACE_KEEPTRF] rep=21 usepath=8 seed=true span=80284050-80295777 nodes=12 origin=read_map group=[] origin_mix=[read_map:1]
[TRACE_KEEPTRF] rep=16 usepath=5 seed=true span=80284050-80295777 nodes=11 origin=read_map group=[] origin_mix=[read_map:1]
[TRACE_KEEPTRF] rep=15 usepath=4 seed=true span=80284050-80295777 nodes=13 origin=read_map group=[] origin_mix=[read_map:1]
[TRACE_KEEPTRF] rep=12 usepath=3 seed=true span=80284050-80295777 nodes=14 origin=read_map group=[] origin_mix=[read_map:1]
[TRACE_KEEPTRF] rep=11 usepath=2 seed=true span=80284050-80295777 nodes=15 origin=read_map group=[] origin_mix=[read_map:1]
[TRACE_KEEPTRF] rep=9 usepath=1 seed=true span=80284050-80296717 nodes=11 origin=read_map group=[] origin_mix=[read_map:1]
[TRACE_KEEPTRF] rep=7 usepath=0 seed=true span=80284050-80295777 nodes=10 origin=read_map group=[] origin_mix=[read_map:1]
[TRACE_EARLY] idx=7 abund=151.0 nodes=10 seed=true weak=0 skip=pass span=80284050-80295777
[TRACE_SEED] idx=7 abund=151.0 nnodes=10 minp=1 (80284050-80286014) maxp=19 (80295322-80295777) patpop=19
[BACK_HARDSTART_GUARD seed=7] short-circuit at i=1 (longstart=80284944, abund=151.00, polyA=0, high_abund_path=false, start_frac=0.000)
--- parse_trflong: back_to_source t=7 result=OK path_len=1 path: 1(80284050-80286014)
[TRACE_FWD] enter node i=1 coord=80284050-80286014 minpath=1 maxpath=19 nchildren=4 sink_child=true
[TRACE_FWD]   path_edge child=2 coord=80286014-80287605 edge_bit=false child_bit=false sink=false
[TRACE_FWD]   path_edge child=3 coord=80288482-80288594 edge_bit=true child_bit=true sink=false
[TRACE_FWD]   path_edge child=8 coord=80292314-80292385 edge_bit=false child_bit=true sink=false
[TRACE_FWD]   path_edge child=20 coord=0-0 edge_bit=false child_bit=false sink=true
[TRACE_FWD]   seed-guided child=3 coord=80288482-80288594 guided=1
[TRACE_FWD]   CHOSE child c=3 coord=80288482-80288594 maxcov=0.0 tmax=None
[TRACE_FWD] enter node i=3 coord=80288482-80288594 minpath=1 maxpath=19 nchildren=1 sink_child=false
[TRACE_FWD]   path_edge child=5 coord=80289947-80289991 edge_bit=true child_bit=true sink=false
[TRACE_FWD]   seed-guided child=5 coord=80289947-80289991 guided=1
[TRACE_FWD]   CHOSE child c=5 coord=80289947-80289991 maxcov=0.0 tmax=None
[TRACE_LOCUS] idx=7 abund=151.0 nodes=10 exons=10 span=80284050-80295777 rnodes=80284050-80295777 complete=true seed=true
[TRACE_LOCUS]   → flux=151.0000 cov=64.1897 nodecov_mode=false
[TRACE_LOCUS]   → STORED idx=7 cov=64.1897 abund_after=0.0000 exons=10 first=80284050-80286014 last=80295322-80295777
[TRACE_EARLY] idx=9 abund=52.0 nodes=11 seed=true weak=0 skip=pass span=80284050-80296717
[TRACE_SEED] idx=9 abund=52.0 nnodes=11 minp=1 (80284050-80286014) maxp=21 (80295777-80296717) patpop=21
[BACK_HARDSTART_GUARD seed=9] short-circuit at i=1 (longstart=80285781, abund=52.00, polyA=0, high_abund_path=false, start_frac=0.000)
--- parse_trflong: back_to_source t=9 result=OK path_len=1 path: 1(80284050-80286014)
[TRACE_FWD] enter node i=1 coord=80284050-80286014 minpath=1 maxpath=21 nchildren=4 sink_child=true
[TRACE_FWD]   path_edge child=2 coord=80286014-80287605 edge_bit=false child_bit=false sink=false
[TRACE_FWD]   path_edge child=3 coord=80288482-80288594 edge_bit=true child_bit=true sink=false
[TRACE_FWD]   path_edge child=8 coord=80292314-80292385 edge_bit=false child_bit=true sink=false
[TRACE_FWD]   path_edge child=20 coord=0-0 edge_bit=false child_bit=false sink=true
[TRACE_FWD]   seed-guided child=3 coord=80288482-80288594 guided=1
[TRACE_FWD]   CHOSE child c=3 coord=80288482-80288594 maxcov=0.0 tmax=None
[TRACE_FWD] enter node i=3 coord=80288482-80288594 minpath=1 maxpath=21 nchildren=1 sink_child=false
[TRACE_FWD]   path_edge child=5 coord=80289947-80289991 edge_bit=true child_bit=true sink=false
[TRACE_FWD]   seed-guided child=5 coord=80289947-80289991 guided=1
[TRACE_FWD]   CHOSE child c=5 coord=80289947-80289991 maxcov=0.0 tmax=None
[TRACE_LOCUS] idx=9 abund=52.0 nodes=11 exons=10 span=80284050-80296717 rnodes=80284050-80296717 complete=true seed=true
[TRACE_LOCUS]   → flux=52.0000 cov=28.7558 nodecov_mode=false
[TRACE_LOCUS]   → STORED idx=9 cov=28.7558 abund_after=0.0000 exons=10 first=80284050-80286014 last=80295322-80296717
[TRACE_EARLY] idx=11 abund=4.0 nodes=15 seed=true weak=0 skip=pass span=80284050-80295777
[TRACE_SEED] idx=11 abund=4.0 nnodes=15 minp=1 (80284050-80286014) maxp=19 (80295322-80295777) patpop=29
[BACK_HARDSTART_GUARD seed=11] short-circuit at i=1 (longstart=80285836, abund=4.00, polyA=0, high_abund_path=false, start_frac=0.000)
--- parse_trflong: back_to_source t=11 result=OK path_len=1 path: 1(80284050-80286014)
[TRACE_FWD] enter node i=1 coord=80284050-80286014 minpath=1 maxpath=19 nchildren=4 sink_child=true
[TRACE_FWD]   path_edge child=2 coord=80286014-80287605 edge_bit=false child_bit=false sink=false
[TRACE_FWD]   path_edge child=3 coord=80288482-80288594 edge_bit=true child_bit=true sink=false
[TRACE_FWD]   path_edge child=8 coord=80292314-80292385 edge_bit=false child_bit=true sink=false
[TRACE_FWD]   path_edge child=20 coord=0-0 edge_bit=false child_bit=false sink=true
[TRACE_FWD]   seed-guided child=3 coord=80288482-80288594 guided=1
[TRACE_FWD]   CHOSE child c=3 coord=80288482-80288594 maxcov=0.0 tmax=None
[TRACE_FWD] enter node i=3 coord=80288482-80288594 minpath=1 maxpath=19 nchildren=1 sink_child=false
[TRACE_FWD]   path_edge child=5 coord=80289947-80289991 edge_bit=true child_bit=true sink=false
[TRACE_FWD]   seed-guided child=5 coord=80289947-80289991 guided=1
[TRACE_FWD]   CHOSE child c=5 coord=80289947-80289991 maxcov=0.0 tmax=None
[TRACE_LOCUS] idx=11 abund=4.0 nodes=15 exons=5 span=80284050-80298318 rnodes=80284050-80295777 complete=true seed=true
[TRACE_LOCUS]   → flux=2.0000 cov=0.7055 nodecov_mode=false
[TRACE_LOCUS]   → STORED idx=11 cov=0.7055 abund_after=2.8815 exons=5 first=80284050-80286014 last=80295322-80298318
[TRACE_EARLY] idx=12 abund=4.0 nodes=14 seed=true weak=0 skip=pass span=80284050-80295777
[TRACE_SEED] idx=12 abund=4.0 nnodes=14 minp=1 (80284050-80286014) maxp=19 (80295322-80295777) patpop=27
[BACK_HARDSTART_GUARD seed=12] short-circuit at i=1 (longstart=80285071, abund=4.00, polyA=0, high_abund_path=false, start_frac=0.000)
--- parse_trflong: back_to_source t=12 result=OK path_len=1 path: 1(80284050-80286014)
[TRACE_FWD] enter node i=1 coord=80284050-80286014 minpath=1 maxpath=19 nchildren=4 sink_child=true
[TRACE_FWD]   path_edge child=2 coord=80286014-80287605 edge_bit=false child_bit=false sink=false
[TRACE_FWD]   path_edge child=3 coord=80288482-80288594 edge_bit=true child_bit=true sink=false
[TRACE_FWD]   path_edge child=8 coord=80292314-80292385 edge_bit=false child_bit=true sink=false
[TRACE_FWD]   path_edge child=20 coord=0-0 edge_bit=false child_bit=false sink=true
[TRACE_FWD]   seed-guided child=3 coord=80288482-80288594 guided=1
[TRACE_FWD]   CHOSE child c=3 coord=80288482-80288594 maxcov=0.0 tmax=None
[TRACE_FWD] enter node i=3 coord=80288482-80288594 minpath=1 maxpath=19 nchildren=1 sink_child=false
[TRACE_FWD]   path_edge child=5 coord=80289947-80289991 edge_bit=true child_bit=true sink=false
[TRACE_FWD]   seed-guided child=5 coord=80289947-80289991 guided=1
[TRACE_FWD]   CHOSE child c=5 coord=80289947-80289991 maxcov=0.0 tmax=None
[TRACE_LOCUS] idx=12 abund=4.0 nodes=14 exons=6 span=80284050-80298318 rnodes=80284050-80295777 complete=true seed=true
[TRACE_LOCUS]   → flux=0.0000 cov=4.0000 nodecov_mode=false
[TRACE_CHECKTRF_ADD] t=12 reason=zero_flux saved_abund=4.0000 abund=4.0000 guide=false longstart=80285071 longend=80295777 back=1 fwd=1 flux=0.0000 cov=- tocheck=1 tf_nodes=14 tf_coords=1(80284050-80286014) 3(80288482-80288594) 5(80289947-80289991) 8(80292314-80292385) 9(80292385-80292636) 10(80292636-80292686) 11(80292686-80292790) 12(80292790-80292864) 13(80292864-80293096) 14(80293096-80293147) 15(80293147-80293228) 16(80293228-80293330) 18(80294941-80295070) 19(80295322-80295777) path_nodes=16 path_coords=1(80284050-80286014) 3(80288482-80288594) 5(80289947-80289991) 8(80292314-80292385) 9(80292385-80292636) 10(80292636-80292686) 11(80292686-80292790) 12(80292790-80292864) 13(80292864-80293096) 14(80293096-80293147) 15(80293147-80293228) 16(80293228-80293330) 18(80294941-80295070) 19(80295322-80295777) 21(80295777-80296717) 22(80296717-80298318)
[TRACE_LOCUS]   → ZERO_FLUX checktrf idx=12
[TRACE_EARLY] idx=15 abund=2.0 nodes=13 seed=true weak=0 skip=pass span=80284050-80295777
[TRACE_SEED] idx=15 abund=2.0 nnodes=13 minp=1 (80284050-80286014) maxp=19 (80295322-80295777) patpop=25
[BACK_HARDSTART_GUARD seed=15] short-circuit at i=1 (longstart=80285826, abund=2.00, polyA=0, high_abund_path=false, start_frac=0.000)
--- parse_trflong: back_to_source t=15 result=OK path_len=1 path: 1(80284050-80286014)
[TRACE_FWD] enter node i=1 coord=80284050-80286014 minpath=1 maxpath=19 nchildren=4 sink_child=true
[TRACE_FWD]   path_edge child=2 coord=80286014-80287605 edge_bit=false child_bit=false sink=false
[TRACE_FWD]   path_edge child=3 coord=80288482-80288594 edge_bit=true child_bit=true sink=false
[TRACE_FWD]   path_edge child=8 coord=80292314-80292385 edge_bit=false child_bit=true sink=false
[TRACE_FWD]   path_edge child=20 coord=0-0 edge_bit=false child_bit=false sink=true
[TRACE_FWD]   seed-guided child=3 coord=80288482-80288594 guided=1
[TRACE_FWD]   CHOSE child c=3 coord=80288482-80288594 maxcov=0.0 tmax=None
[TRACE_FWD] enter node i=3 coord=80288482-80288594 minpath=1 maxpath=19 nchildren=1 sink_child=false
[TRACE_FWD]   path_edge child=5 coord=80289947-80289991 edge_bit=true child_bit=true sink=false
[TRACE_FWD]   seed-guided child=5 coord=80289947-80289991 guided=1
[TRACE_FWD]   CHOSE child c=5 coord=80289947-80289991 maxcov=0.0 tmax=None
[TRACE_LOCUS] idx=15 abund=2.0 nodes=13 exons=7 span=80284050-80298318 rnodes=80284050-80295777 complete=true seed=true
[TRACE_LOCUS]   → flux=0.0000 cov=2.0000 nodecov_mode=false
[TRACE_CHECKTRF_ADD] t=15 reason=zero_flux saved_abund=2.0000 abund=2.0000 guide=false longstart=80285826 longend=80295773 back=1 fwd=1 flux=0.0000 cov=- tocheck=1 tf_nodes=13 tf_coords=1(80284050-80286014) 3(80288482-80288594) 5(80289947-80289991) 8(80292314-80292385) 9(80292385-80292636) 10(80292636-80292686) 11(80292686-80292790) 12(80292790-80292864) 13(80292864-80293096) 14(80293096-80293147) 16(80293228-80293330) 18(80294941-80295070) 19(80295322-80295777) path_nodes=15 path_coords=1(80284050-80286014) 3(80288482-80288594) 5(80289947-80289991) 8(80292314-80292385) 9(80292385-80292636) 10(80292636-80292686) 11(80292686-80292790) 12(80292790-80292864) 13(80292864-80293096) 14(80293096-80293147) 16(80293228-80293330) 18(80294941-80295070) 19(80295322-80295777) 21(80295777-80296717) 22(80296717-80298318)
[TRACE_LOCUS]   → ZERO_FLUX checktrf idx=15
[TRACE_EARLY] idx=16 abund=2.0 nodes=11 seed=true weak=0 skip=pass span=80284050-80295777
[TRACE_SEED] idx=16 abund=2.0 nnodes=11 minp=1 (80284050-80286014) maxp=19 (80295322-80295777) patpop=21
[BACK_HARDSTART_GUARD seed=16] short-circuit at i=1 (longstart=80285827, abund=2.00, polyA=0, high_abund_path=false, start_frac=0.000)
--- parse_trflong: back_to_source t=16 result=OK path_len=1 path: 1(80284050-80286014)
[TRACE_FWD] enter node i=1 coord=80284050-80286014 minpath=1 maxpath=19 nchildren=4 sink_child=true
[TRACE_FWD]   path_edge child=2 coord=80286014-80287605 edge_bit=false child_bit=false sink=false
[TRACE_FWD]   path_edge child=3 coord=80288482-80288594 edge_bit=true child_bit=true sink=false
[TRACE_FWD]   path_edge child=8 coord=80292314-80292385 edge_bit=false child_bit=true sink=false
[TRACE_FWD]   path_edge child=20 coord=0-0 edge_bit=false child_bit=false sink=true
[TRACE_FWD]   seed-guided child=3 coord=80288482-80288594 guided=1
[TRACE_FWD]   CHOSE child c=3 coord=80288482-80288594 maxcov=0.0 tmax=None
[TRACE_FWD] enter node i=3 coord=80288482-80288594 minpath=1 maxpath=19 nchildren=1 sink_child=false
[TRACE_FWD]   path_edge child=5 coord=80289947-80289991 edge_bit=true child_bit=true sink=false
[TRACE_FWD]   seed-guided child=5 coord=80289947-80289991 guided=1
[TRACE_FWD]   CHOSE child c=5 coord=80289947-80289991 maxcov=0.0 tmax=None
[TRACE_LOCUS] idx=16 abund=2.0 nodes=11 exons=9 span=80284050-80298318 rnodes=80284050-80295777 complete=true seed=true
[TRACE_LOCUS]   → flux=0.0000 cov=2.0000 nodecov_mode=false
[TRACE_CHECKTRF_ADD] t=16 reason=zero_flux saved_abund=2.0000 abund=2.0000 guide=false longstart=80285827 longend=80295763 back=1 fwd=1 flux=0.0000 cov=- tocheck=1 tf_nodes=11 tf_coords=1(80284050-80286014) 3(80288482-80288594) 5(80289947-80289991) 8(80292314-80292385) 10(80292636-80292686) 12(80292790-80292864) 14(80293096-80293147) 16(80293228-80293330) 17(80293330-80294941) 18(80294941-80295070) 19(80295322-80295777) path_nodes=13 path_coords=1(80284050-80286014) 3(80288482-80288594) 5(80289947-80289991) 8(80292314-80292385) 10(80292636-80292686) 12(80292790-80292864) 14(80293096-80293147) 16(80293228-80293330) 17(80293330-80294941) 18(80294941-80295070) 19(80295322-80295777) 21(80295777-80296717) 22(80296717-80298318)
[TRACE_LOCUS]   → ZERO_FLUX checktrf idx=16
[TRACE_EARLY] idx=21 abund=1.0 nodes=12 seed=true weak=0 skip=pass span=80284050-80295777
[TRACE_SEED] idx=21 abund=1.0 nnodes=12 minp=1 (80284050-80286014) maxp=19 (80295322-80295777) patpop=23
[BACK_TRACE seed=21] enter node i=1 coord=80284050-80286014 minpath=1 maxpath=19 nparents=1 path_len=1
[TRACE_BACK_SOURCE]   tf=33 first=0 last=1 abundance=266.0000 minpath=1 exact=true pure_stub=true alt_parent_cov=0.0000 accepted=true
[TRACE_BACK_SOURCE]   tf=36 first=0 last=7 abundance=1.0000 minpath=1 exact=false pure_stub=true alt_parent_cov=0.0000 accepted=false
[TRACE_BACK_SOURCE]   tf=42 first=0 last=17 abundance=2.0000 minpath=1 exact=false pure_stub=true alt_parent_cov=0.0000 accepted=false
[TRACE_BACK_SOURCE]   tf=43 first=0 last=15 abundance=1.0000 minpath=1 exact=false pure_stub=true alt_parent_cov=0.0000 accepted=false
[TRACE_BACK]   parent p=0 coord=0-0 ntrf=4 depleted=0 skip_notlong=0 parentcov=266.0 tpar=Some(33)
[BACK_TRACE seed=21]   maxcov_update parent=0 parentcov=266.0000 prev_maxcov=0.0000 prev_tmax=None prev_weak=None cand_tpar=Some(33) cand_weak=Some(false) allow=1
[TRACE_BACK]   CHOSE parent p=0 coord=0-0 maxcov=266.0 tmax=Some(33)
[TRACE_BACK]   PATHPAT_OR via tmax=33 abund=266.0000 first=0 last=1 nodes=0(0-0) 1(80284050-80286014)
--- parse_trflong: back_to_source t=21 result=OK path_len=1 path: 1(80284050-80286014)
[TRACE_FWD] enter node i=1 coord=80284050-80286014 minpath=0 maxpath=19 nchildren=4 sink_child=true
[TRACE_FWD]   path_edge child=2 coord=80286014-80287605 edge_bit=false child_bit=false sink=false
[TRACE_FWD]   path_edge child=3 coord=80288482-80288594 edge_bit=true child_bit=true sink=false
[TRACE_FWD]   path_edge child=8 coord=80292314-80292385 edge_bit=false child_bit=true sink=false
[TRACE_FWD]   path_edge child=20 coord=0-0 edge_bit=false child_bit=false sink=true
[TRACE_FWD]   seed-guided child=3 coord=80288482-80288594 guided=1
[TRACE_FWD]   CHOSE child c=3 coord=80288482-80288594 maxcov=0.0 tmax=None
[TRACE_FWD] enter node i=3 coord=80288482-80288594 minpath=0 maxpath=19 nchildren=1 sink_child=false
[TRACE_FWD]   path_edge child=5 coord=80289947-80289991 edge_bit=true child_bit=true sink=false
[TRACE_FWD]   seed-guided child=5 coord=80289947-80289991 guided=1
[TRACE_FWD]   CHOSE child c=5 coord=80289947-80289991 maxcov=0.0 tmax=None
[TRACE_LOCUS] idx=21 abund=1.0 nodes=12 exons=8 span=80284050-80298318 rnodes=80284050-80295777 complete=true seed=true
[TRACE_LOCUS]   → flux=0.0000 cov=1.0000 nodecov_mode=false
[TRACE_CHECKTRF_ADD] t=21 reason=zero_flux saved_abund=1.0000 abund=1.0000 guide=false longstart=80285847 longend=80295763 back=1 fwd=1 flux=0.0000 cov=- tocheck=1 tf_nodes=12 tf_coords=1(80284050-80286014) 3(80288482-80288594) 5(80289947-80289991) 8(80292314-80292385) 9(80292385-80292636) 10(80292636-80292686) 11(80292686-80292790) 12(80292790-80292864) 14(80293096-80293147) 16(80293228-80293330) 18(80294941-80295070) 19(80295322-80295777) path_nodes=14 path_coords=1(80284050-80286014) 3(80288482-80288594) 5(80289947-80289991) 8(80292314-80292385) 9(80292385-80292636) 10(80292636-80292686) 11(80292686-80292790) 12(80292790-80292864) 14(80293096-80293147) 16(80293228-80293330) 18(80294941-80295070) 19(80295322-80295777) 21(80295777-80296717) 22(80296717-80298318)
[TRACE_LOCUS]   → ZERO_FLUX checktrf idx=21
[TRACE_EARLY] idx=22 abund=1.0 nodes=12 seed=true weak=0 skip=pass span=80284050-80295777
[TRACE_SEED] idx=22 abund=1.0 nnodes=12 minp=1 (80284050-80286014) maxp=19 (80295322-80295777) patpop=23
[BACK_TRACE seed=22] enter node i=1 coord=80284050-80286014 minpath=1 maxpath=19 nparents=1 path_len=1
[TRACE_BACK_SOURCE]   tf=33 first=0 last=1 abundance=266.0000 minpath=1 exact=true pure_stub=true alt_parent_cov=0.0000 accepted=true
[TRACE_BACK_SOURCE]   tf=36 first=0 last=7 abundance=1.0000 minpath=1 exact=false pure_stub=true alt_parent_cov=0.0000 accepted=false
[TRACE_BACK_SOURCE]   tf=42 first=0 last=17 abundance=2.0000 minpath=1 exact=false pure_stub=true alt_parent_cov=0.0000 accepted=false
[TRACE_BACK_SOURCE]   tf=43 first=0 last=15 abundance=1.0000 minpath=1 exact=false pure_stub=true alt_parent_cov=0.0000 accepted=false
[TRACE_BACK]   parent p=0 coord=0-0 ntrf=4 depleted=0 skip_notlong=0 parentcov=266.0 tpar=Some(33)
[BACK_TRACE seed=22]   maxcov_update parent=0 parentcov=266.0000 prev_maxcov=0.0000 prev_tmax=None prev_weak=None cand_tpar=Some(33) cand_weak=Some(false) allow=1
[TRACE_BACK]   CHOSE parent p=0 coord=0-0 maxcov=266.0 tmax=Some(33)
[TRACE_BACK]   PATHPAT_OR via tmax=33 abund=266.0000 first=0 last=1 nodes=0(0-0) 1(80284050-80286014)
--- parse_trflong: back_to_source t=22 result=OK path_len=1 path: 1(80284050-80286014)
[TRACE_FWD] enter node i=1 coord=80284050-80286014 minpath=0 maxpath=19 nchildren=4 sink_child=true
[TRACE_FWD]   path_edge child=2 coord=80286014-80287605 edge_bit=false child_bit=false sink=false
[TRACE_FWD]   path_edge child=3 coord=80288482-80288594 edge_bit=false child_bit=false sink=false
[TRACE_FWD]   path_edge child=8 coord=80292314-80292385 edge_bit=true child_bit=true sink=false
[TRACE_FWD]   path_edge child=20 coord=0-0 edge_bit=false child_bit=false sink=true
[TRACE_FWD]   seed-guided child=8 coord=80292314-80292385 guided=1
[TRACE_FWD]   CHOSE child c=8 coord=80292314-80292385 maxcov=0.0 tmax=None
[TRACE_LOCUS] idx=22 abund=1.0 nodes=12 exons=4 span=80284050-80298318 rnodes=80284050-80295777 complete=true seed=true
[TRACE_LOCUS]   → flux=0.0000 cov=1.0000 nodecov_mode=false
[TRACE_CHECKTRF_ADD] t=22 reason=zero_flux saved_abund=1.0000 abund=1.0000 guide=false longstart=80285824 longend=80295777 back=1 fwd=1 flux=0.0000 cov=- tocheck=1 tf_nodes=12 tf_coords=1(80284050-80286014) 8(80292314-80292385) 9(80292385-80292636) 10(80292636-80292686) 11(80292686-80292790) 12(80292790-80292864) 13(80292864-80293096) 14(80293096-80293147) 15(80293147-80293228) 16(80293228-80293330) 18(80294941-80295070) 19(80295322-80295777) path_nodes=14 path_coords=1(80284050-80286014) 8(80292314-80292385) 9(80292385-80292636) 10(80292636-80292686) 11(80292686-80292790) 12(80292790-80292864) 13(80292864-80293096) 14(80293096-80293147) 15(80293147-80293228) 16(80293228-80293330) 18(80294941-80295070) 19(80295322-80295777) 21(80295777-80296717) 22(80296717-80298318)
[TRACE_LOCUS]   → ZERO_FLUX checktrf idx=22
[TRACE_EARLY] idx=23 abund=1.0 nodes=9 seed=true weak=0 skip=pass span=80284050-80296717
[TRACE_SEED] idx=23 abund=1.0 nnodes=9 minp=1 (80284050-80286014) maxp=21 (80295777-80296717) patpop=17
[BACK_TRACE seed=23] enter node i=1 coord=80284050-80286014 minpath=1 maxpath=21 nparents=1 path_len=1
[TRACE_BACK_SOURCE]   tf=33 first=0 last=1 abundance=266.0000 minpath=1 exact=true pure_stub=true alt_parent_cov=0.0000 accepted=true
[TRACE_BACK_SOURCE]   tf=36 first=0 last=7 abundance=1.0000 minpath=1 exact=false pure_stub=true alt_parent_cov=0.0000 accepted=false
[TRACE_BACK_SOURCE]   tf=42 first=0 last=17 abundance=2.0000 minpath=1 exact=false pure_stub=true alt_parent_cov=0.0000 accepted=false
[TRACE_BACK_SOURCE]   tf=43 first=0 last=15 abundance=1.0000 minpath=1 exact=false pure_stub=true alt_parent_cov=0.0000 accepted=false
[TRACE_BACK]   parent p=0 coord=0-0 ntrf=4 depleted=0 skip_notlong=0 parentcov=266.0 tpar=Some(33)
[BACK_TRACE seed=23]   maxcov_update parent=0 parentcov=266.0000 prev_maxcov=0.0000 prev_tmax=None prev_weak=None cand_tpar=Some(33) cand_weak=Some(false) allow=1
[TRACE_BACK]   CHOSE parent p=0 coord=0-0 maxcov=266.0 tmax=Some(33)
[TRACE_BACK]   PATHPAT_OR via tmax=33 abund=266.0000 first=0 last=1 nodes=0(0-0) 1(80284050-80286014)
--- parse_trflong: back_to_source t=23 result=OK path_len=1 path: 1(80284050-80286014)
[TRACE_FWD] enter node i=1 coord=80284050-80286014 minpath=0 maxpath=21 nchildren=4 sink_child=true
[TRACE_FWD]   path_edge child=2 coord=80286014-80287605 edge_bit=false child_bit=false sink=false
[TRACE_FWD]   path_edge child=3 coord=80288482-80288594 edge_bit=false child_bit=false sink=false
[TRACE_FWD]   path_edge child=8 coord=80292314-80292385 edge_bit=true child_bit=true sink=false
[TRACE_FWD]   path_edge child=20 coord=0-0 edge_bit=false child_bit=false sink=true
[TRACE_FWD]   seed-guided child=8 coord=80292314-80292385 guided=1
[TRACE_FWD]   CHOSE child c=8 coord=80292314-80292385 maxcov=0.0 tmax=None
[TRACE_LOCUS] idx=23 abund=1.0 nodes=9 exons=8 span=80284050-80296717 rnodes=80284050-80296717 complete=true seed=true
[TRACE_LOCUS]   → flux=1.9301 cov=1.0406 nodecov_mode=false
[TRACE_LOCUS]   → STORED idx=23 cov=1.0406 abund_after=0.0000 exons=8 first=80284050-80286014 last=80295322-80296717
[TRACE_EARLY] idx=24 abund=0.0 nodes=8 seed=true weak=0 skip=pass span=80284050-80295777
[TRACE_SEED] idx=24 abund=0.0 nnodes=8 minp=1 (80284050-80286014) maxp=19 (80295322-80295777) patpop=15
[BACK_TRACE seed=24] enter node i=1 coord=80284050-80286014 minpath=1 maxpath=19 nparents=1 path_len=1
[TRACE_BACK_SOURCE]   tf=33 first=0 last=1 abundance=264.0255 minpath=1 exact=true pure_stub=true alt_parent_cov=0.0000 accepted=true
[TRACE_BACK_SOURCE]   tf=36 first=0 last=7 abundance=1.0000 minpath=1 exact=false pure_stub=true alt_parent_cov=0.0000 accepted=false
[TRACE_BACK_SOURCE]   tf=42 first=0 last=17 abundance=2.0000 minpath=1 exact=false pure_stub=true alt_parent_cov=0.0000 accepted=false
[TRACE_BACK_SOURCE]   tf=43 first=0 last=15 abundance=1.0000 minpath=1 exact=false pure_stub=true alt_parent_cov=0.0000 accepted=false
[TRACE_BACK]   parent p=0 coord=0-0 ntrf=4 depleted=0 skip_notlong=0 parentcov=264.0 tpar=Some(33)
[BACK_TRACE seed=24]   maxcov_update parent=0 parentcov=264.0255 prev_maxcov=0.0000 prev_tmax=None prev_weak=None cand_tpar=Some(33) cand_weak=Some(false) allow=1
[TRACE_BACK]   CHOSE parent p=0 coord=0-0 maxcov=264.0 tmax=Some(33)
[TRACE_BACK]   PATHPAT_OR via tmax=33 abund=264.0255 first=0 last=1 nodes=0(0-0) 1(80284050-80286014)
--- parse_trflong: back_to_source t=24 result=OK path_len=1 path: 1(80284050-80286014)
[TRACE_FWD] enter node i=1 coord=80284050-80286014 minpath=0 maxpath=19 nchildren=4 sink_child=true
[TRACE_FWD]   path_edge child=2 coord=80286014-80287605 edge_bit=false child_bit=false sink=false
[TRACE_FWD]   path_edge child=3 coord=80288482-80288594 edge_bit=false child_bit=false sink=false
[TRACE_FWD]   path_edge child=8 coord=80292314-80292385 edge_bit=true child_bit=true sink=false
[TRACE_FWD]   path_edge child=20 coord=0-0 edge_bit=false child_bit=false sink=true
[TRACE_FWD]   seed-guided child=8 coord=80292314-80292385 guided=1
[TRACE_FWD]   CHOSE child c=8 coord=80292314-80292385 maxcov=0.0 tmax=None
[TRACE_LOCUS] idx=24 abund=0.0 nodes=8 exons=8 span=80284050-80298318 rnodes=80284050-80295777 complete=true seed=true
[TRACE_LOCUS]   → flux=0.0000 cov=0.0255 nodecov_mode=false
[TRACE_CHECKTRF_ADD] t=24 reason=zero_flux saved_abund=0.0255 abund=0.0255 guide=false longstart=80285840 longend=80295776 back=1 fwd=1 flux=0.0000 cov=- tocheck=1 tf_nodes=8 tf_coords=1(80284050-80286014) 8(80292314-80292385) 10(80292636-80292686) 12(80292790-80292864) 14(80293096-80293147) 16(80293228-80293330) 18(80294941-80295070) 19(80295322-80295777) path_nodes=10 path_coords=1(80284050-80286014) 8(80292314-80292385) 10(80292636-80292686) 12(80292790-80292864) 14(80293096-80293147) 16(80293228-80293330) 18(80294941-80295070) 19(80295322-80295777) 21(80295777-80296717) 22(80296717-80298318)
[TRACE_LOCUS]   → ZERO_FLUX checktrf idx=24
[BACK_TRACE seed=26] enter node i=1 coord=80284050-80286014 minpath=1 maxpath=19 nparents=1 path_len=6
[TRACE_BACK_SOURCE]   tf=33 first=0 last=1 abundance=264.0255 minpath=1 exact=true pure_stub=true alt_parent_cov=0.0000 accepted=true
[TRACE_BACK_SOURCE]   tf=36 first=0 last=7 abundance=1.0000 minpath=1 exact=false pure_stub=true alt_parent_cov=0.0000 accepted=false
[TRACE_BACK_SOURCE]   tf=42 first=0 last=17 abundance=2.0000 minpath=1 exact=false pure_stub=true alt_parent_cov=0.0000 accepted=false
[TRACE_BACK_SOURCE]   tf=43 first=0 last=15 abundance=1.0000 minpath=1 exact=false pure_stub=true alt_parent_cov=0.0000 accepted=false
[TRACE_BACK]   parent p=0 coord=0-0 ntrf=4 depleted=0 skip_notlong=0 parentcov=264.0 tpar=Some(33)
[BACK_TRACE seed=26]   maxcov_update parent=0 parentcov=264.0255 prev_maxcov=0.0000 prev_tmax=None prev_weak=None cand_tpar=Some(33) cand_weak=Some(false) allow=1
[TRACE_BACK]   CHOSE parent p=0 coord=0-0 maxcov=264.0 tmax=Some(33)
[TRACE_BACK]   PATHPAT_OR via tmax=33 abund=264.0255 first=0 last=1 nodes=0(0-0) 1(80284050-80286014)
[TRACE_CHECKTRF_ADD] t=26 reason=hard_boundary_low_abund saved_abund=1.0000 abund=1.0000 guide=false longstart=80293226 longend=80295773 back=1 fwd=1 flux=- cov=- tocheck=- tf_nodes=4 tf_coords=15(80293147-80293228) 16(80293228-80293330) 18(80294941-80295070) 19(80295322-80295777) path_nodes=11 path_coords=1(80284050-80286014) 8(80292314-80292385) 10(80292636-80292686) 12(80292790-80292864) 14(80293096-80293147) 15(80293147-80293228) 16(80293228-80293330) 18(80294941-80295070) 19(80295322-80295777) 21(80295777-80296717) 22(80296717-80298318)
[TRACE_EARLY] idx=41 abund=1.0 nodes=2 seed=true weak=0 skip=pass span=80284050-80287605
[TRACE_PAT] stage=seed.raw idx=41 pivot=2 coord=80286014-80287605 node_bit=true pop=3 nchildren=1
[TRACE_PAT]   child=20 coord=0-0 edge_bit=false child_bit=false sink=true
[TRACE_PAT] stage=seed.after_nodes idx=41 pivot=2 coord=80286014-80287605 node_bit=true pop=3 nchildren=1
[TRACE_PAT]   child=20 coord=0-0 edge_bit=false child_bit=false sink=true
[TRACE_PAT] stage=seed.after_endcaps idx=41 pivot=2 coord=80286014-80287605 node_bit=true pop=3 nchildren=1
[TRACE_PAT]   child=20 coord=0-0 edge_bit=false child_bit=false sink=true
[TRACE_SEED] idx=41 abund=1.0 nnodes=2 minp=1 (80284050-80286014) maxp=2 (80286014-80287605) patpop=3
[BACK_TRACE seed=41] enter node i=1 coord=80284050-80286014 minpath=1 maxpath=2 nparents=1 path_len=1
[TRACE_BACK_SOURCE]   tf=33 first=0 last=1 abundance=264.0255 minpath=1 exact=true pure_stub=true alt_parent_cov=0.0000 accepted=true
[TRACE_BACK]   parent p=0 coord=0-0 ntrf=4 depleted=0 skip_notlong=0 parentcov=264.0 tpar=Some(33)
[BACK_TRACE seed=41]   maxcov_update parent=0 parentcov=264.0255 prev_maxcov=0.0000 prev_tmax=None prev_weak=None cand_tpar=Some(33) cand_weak=Some(false) allow=1
[TRACE_BACK]   CHOSE parent p=0 coord=0-0 maxcov=264.0 tmax=Some(33)
[TRACE_BACK]   PATHPAT_OR via tmax=33 abund=264.0255 first=0 last=1 nodes=0(0-0) 1(80284050-80286014)
--- parse_trflong: back_to_source t=41 result=OK path_len=1 path: 1(80284050-80286014)
[TRACE_FWD] enter node i=1 coord=80284050-80286014 minpath=0 maxpath=2 nchildren=4 sink_child=true
[TRACE_FWD]   path_edge child=2 coord=80286014-80287605 edge_bit=true child_bit=true sink=false
[TRACE_FWD]   path_edge child=3 coord=80288482-80288594 edge_bit=false child_bit=false sink=false
[TRACE_FWD]   path_edge child=8 coord=80292314-80292385 edge_bit=false child_bit=false sink=false
[TRACE_FWD]   path_edge child=20 coord=0-0 edge_bit=false child_bit=false sink=true
[TRACE_FWD]   fast-path: i+1=2 already on pathpat
[TRACE_FWD]   CHOSE child c=2 coord=80286014-80287605 maxcov=0.0 tmax=None
[TRACE_FWD] enter node i=2 coord=80286014-80287605 minpath=0 maxpath=2 nchildren=1 sink_child=true
[TRACE_FWD]   path_edge child=20 coord=0-0 edge_bit=false child_bit=false sink=true
[FWD_HARDEND_GUARD seed=41] short-circuit at i=2 (minority_fork, gap=0, longend=80287605, abund=1.00, cov_i=1.00)
--- parse_trflong: fwd_to_sink t=41 result=OK path_len=4 path: 0(0-0) 1(80284050-80286014) 2(80286014-80287605) 20(0-0)
[TRACE_EARLY] idx=10 abund=40.0 nodes=12 seed=true weak=0 skip=pass span=80284050-80298318
[TRACE_SEED] idx=10 abund=40.0 nnodes=12 minp=1 (80284050-80286014) maxp=22 (80296717-80298318) patpop=23
[BACK_HARDSTART_GUARD seed=10] short-circuit at i=1 (longstart=80285765, abund=40.00, polyA=0, high_abund_path=false, start_frac=0.000)
--- parse_trflong: back_to_source t=10 result=OK path_len=1 path: 1(80284050-80286014)
[TRACE_FWD] enter node i=1 coord=80284050-80286014 minpath=1 maxpath=22 nchildren=4 sink_child=true
[TRACE_FWD]   path_edge child=2 coord=80286014-80287605 edge_bit=false child_bit=false sink=false
[TRACE_FWD]   path_edge child=3 coord=80288482-80288594 edge_bit=true child_bit=true sink=false
[TRACE_FWD]   path_edge child=8 coord=80292314-80292385 edge_bit=false child_bit=true sink=false
[TRACE_FWD]   path_edge child=20 coord=0-0 edge_bit=false child_bit=false sink=true
[TRACE_FWD]   seed-guided child=3 coord=80288482-80288594 guided=1
[TRACE_FWD]   CHOSE child c=3 coord=80288482-80288594 maxcov=0.0 tmax=None
[TRACE_FWD] enter node i=3 coord=80288482-80288594 minpath=1 maxpath=22 nchildren=1 sink_child=false
[TRACE_FWD]   path_edge child=5 coord=80289947-80289991 edge_bit=true child_bit=true sink=false
[TRACE_FWD]   seed-guided child=5 coord=80289947-80289991 guided=1
[TRACE_FWD]   CHOSE child c=5 coord=80289947-80289991 maxcov=0.0 tmax=None
[TRACE_LOCUS] idx=10 abund=40.0 nodes=12 exons=10 span=80284050-80298318 rnodes=80284050-80298318 complete=false seed=true
[TRACE_LOCUS]   → flux=40.0000 cov=15.7880 nodecov_mode=false
[TRACE_LOCUS]   → STORED idx=10 cov=15.7880 abund_after=0.0000 exons=10 first=80284050-80286014 last=80295322-80298318
[TRACE_EARLY] idx=20 abund=1.0 nodes=12 seed=true weak=0 skip=pass span=80288482-80295777
[TRACE_SEED] idx=20 abund=1.0 nnodes=12 minp=3 (80288482-80288594) maxp=19 (80295322-80295777) patpop=23
[BACK_TRACE seed=20] enter node i=3 coord=80288482-80288594 minpath=3 maxpath=19 nparents=1 path_len=1
[BACK_TRACE seed=20]     trf t=11 abund=2.9 first=1 last=19 weak=1 ACCEPT pattern_pop=29 nodes=[1, 3, 5, 8, 9, 10, 11, 12]
[BACK_TRACE seed=20]       replace_tmax prev=None new=Some(11)
[BACK_TRACE seed=20]     trf t=12 abund=4.0 first=1 last=19 weak=1 ACCEPT pattern_pop=27 nodes=[1, 3, 5, 8, 9, 10, 11, 12]
[BACK_TRACE seed=20]       replace_tmax prev=Some(11) new=Some(12)
[BACK_TRACE seed=20]     trf t=14 abund=3.0 first=1 last=3 weak=0 ACCEPT pattern_pop=3 nodes=[1, 3]
[BACK_TRACE seed=20]       replace_tmax prev=Some(12) new=Some(14)
[BACK_TRACE seed=20]     trf t=15 abund=2.0 first=1 last=19 weak=0 ACCEPT pattern_pop=25 nodes=[1, 3, 5, 8, 9, 10, 11, 12]
[BACK_TRACE seed=20]       replace_tmax prev=Some(14) new=Some(14)
[BACK_TRACE seed=20]     trf t=16 abund=2.0 first=1 last=19 weak=1 ACCEPT pattern_pop=21 nodes=[1, 3, 5, 8, 10, 12, 14, 16]
[BACK_TRACE seed=20]       replace_tmax prev=Some(14) new=Some(14)
[BACK_TRACE seed=20]     trf t=18 abund=2.0 first=1 last=5 weak=0 ACCEPT pattern_pop=5 nodes=[1, 3, 5]
[BACK_TRACE seed=20]       replace_tmax prev=Some(14) new=Some(14)
[BACK_TRACE seed=20]     trf t=21 abund=1.0 first=1 last=19 weak=0 ACCEPT pattern_pop=23 nodes=[1, 3, 5, 8, 9, 10, 11, 12]
[BACK_TRACE seed=20]       replace_tmax prev=Some(14) new=Some(14)
[BACK_TRACE seed=20]     trf t=22 abund=1.0 first=1 last=19 weak=1 ACCEPT pattern_pop=23 nodes=[1, 8, 9, 10, 11, 12, 13, 14]
[BACK_TRACE seed=20]       replace_tmax prev=Some(14) new=Some(14)
[BACK_TRACE seed=20]     trf t=24 abund=0.0 first=1 last=19 weak=0 ACCEPT pattern_pop=15 nodes=[1, 8, 10, 12, 14, 16, 18, 19]
[BACK_TRACE seed=20]       replace_tmax prev=Some(14) new=Some(14)
[BACK_TRACE seed=20]     trf t=27 abund=1.0 first=1 last=6 weak=1 ACCEPT pattern_pop=7 nodes=[1, 3, 5, 6]
[BACK_TRACE seed=20]       replace_tmax prev=Some(14) new=Some(14)
[TRACE_BACK]   parent p=1 coord=80284050-80286014 ntrf=12 depleted=0 skip_notlong=0 parentcov=18.9 tpar=Some(14)
[BACK_TRACE seed=20]   maxcov_update parent=1 parentcov=18.9070 prev_maxcov=0.0000 prev_tmax=None prev_weak=None cand_tpar=Some(14) cand_weak=Some(false) allow=1
[TRACE_BACK]   CHOSE parent p=1 coord=80284050-80286014 maxcov=18.9 tmax=Some(14)
[TRACE_BACK]   PATHPAT_OR via tmax=14 abund=3.0000 first=1 last=3 nodes=1(80284050-80286014) 3(80288482-80288594)
[BACK_TRACE seed=20] enter node i=1 coord=80284050-80286014 minpath=1 maxpath=19 nparents=1 path_len=2
[TRACE_BACK_SOURCE]   tf=33 first=0 last=1 abundance=264.0255 minpath=1 exact=true pure_stub=true alt_parent_cov=0.0000 accepted=true
[TRACE_BACK_SOURCE]   tf=36 first=0 last=7 abundance=1.0000 minpath=1 exact=false pure_stub=true alt_parent_cov=0.0000 accepted=false
[TRACE_BACK_SOURCE]   tf=42 first=0 last=17 abundance=2.0000 minpath=1 exact=false pure_stub=true alt_parent_cov=0.0000 accepted=false
[TRACE_BACK_SOURCE]   tf=43 first=0 last=15 abundance=1.0000 minpath=1 exact=false pure_stub=true alt_parent_cov=0.0000 accepted=false
[TRACE_BACK]   parent p=0 coord=0-0 ntrf=4 depleted=0 skip_notlong=0 parentcov=264.0 tpar=Some(33)
[BACK_TRACE seed=20]   maxcov_update parent=0 parentcov=264.0255 prev_maxcov=0.0000 prev_tmax=None prev_weak=None cand_tpar=Some(33) cand_weak=Some(false) allow=1
[TRACE_BACK]   CHOSE parent p=0 coord=0-0 maxcov=264.0 tmax=Some(33)
[TRACE_BACK]   PATHPAT_OR via tmax=33 abund=264.0255 first=0 last=1 nodes=0(0-0) 1(80284050-80286014)
--- parse_trflong: back_to_source t=20 result=OK path_len=2 path: 3(80288482-80288594) 1(80284050-80286014)
[TRACE_FWD] enter node i=3 coord=80288482-80288594 minpath=0 maxpath=19 nchildren=1 sink_child=false
[TRACE_FWD]   path_edge child=5 coord=80289947-80289991 edge_bit=true child_bit=true sink=false
[TRACE_FWD]   seed-guided child=5 coord=80289947-80289991 guided=1
[TRACE_FWD]   CHOSE child c=5 coord=80289947-80289991 maxcov=0.0 tmax=None
[TRACE_LOCUS] idx=20 abund=1.0 nodes=12 exons=7 span=80284050-80295777 rnodes=80288482-80295777 complete=true seed=true
[TRACE_LOCUS]   → flux=3.0000 cov=1.6731 nodecov_mode=false
[TRACE_LOCUS]   → STORED idx=20 cov=1.6731 abund_after=0.0000 exons=7 first=80284050-80286014 last=80295322-80295777
[BACK_TRACE seed=31] enter node i=3 coord=80288482-80288594 minpath=1 maxpath=22 nparents=1 path_len=11
[TRACE_BACK]   edge_bit fast-path: parent=1 coord=80284050-80286014
[TRACE_BACK]   CHOSE parent p=1 coord=80284050-80286014 maxcov=0.0 tmax=None
[BACK_TRACE seed=31] enter node i=1 coord=80284050-80286014 minpath=1 maxpath=22 nparents=1 path_len=12
[TRACE_BACK_SOURCE]   tf=33 first=0 last=1 abundance=259.0255 minpath=1 exact=true pure_stub=true alt_parent_cov=0.0000 accepted=true
[TRACE_BACK_SOURCE]   tf=36 first=0 last=7 abundance=1.0000 minpath=1 exact=false pure_stub=true alt_parent_cov=0.0000 accepted=false
[TRACE_BACK_SOURCE]   tf=42 first=0 last=17 abundance=2.0000 minpath=1 exact=false pure_stub=true alt_parent_cov=0.0000 accepted=false
[TRACE_BACK_SOURCE]   tf=43 first=0 last=15 abundance=1.0000 minpath=1 exact=false pure_stub=true alt_parent_cov=0.0000 accepted=false
[TRACE_BACK]   parent p=0 coord=0-0 ntrf=4 depleted=0 skip_notlong=0 parentcov=259.0 tpar=Some(33)
[BACK_TRACE seed=31]   maxcov_update parent=0 parentcov=259.0255 prev_maxcov=0.0000 prev_tmax=None prev_weak=None cand_tpar=Some(33) cand_weak=Some(false) allow=1
[TRACE_BACK]   CHOSE parent p=0 coord=0-0 maxcov=259.0 tmax=Some(33)
[TRACE_BACK]   PATHPAT_OR via tmax=33 abund=259.0255 first=0 last=1 nodes=0(0-0) 1(80284050-80286014)
[TRACE_CHECKTRF_ADD] t=31 reason=zero_flux saved_abund=0.0000 abund=0.0000 guide=false longstart=80295464 longend=80297249 back=1 fwd=1 flux=0.0000 cov=- tocheck=1 tf_nodes=3 tf_coords=19(80295322-80295777) 21(80295777-80296717) 22(80296717-80298318) path_nodes=14 path_coords=1(80284050-80286014) 3(80288482-80288594) 5(80289947-80289991) 8(80292314-80292385) 9(80292385-80292636) 10(80292636-80292686) 11(80292686-80292790) 12(80292790-80292864) 14(80293096-80293147) 16(80293228-80293330) 18(80294941-80295070) 19(80295322-80295777) 21(80295777-80296717) 22(80296717-80298318)
[TRACE_CHECKTRF_CAND] t=12 abund=4.0000 guide=false nodes=14 passes=1
[TRACE_CHECKTRF_IN] t=12 abund=4.0000 guide=false longstart=80285071 longend=80295777 tf_nodes=14 coords=1(80284050-80286014) 3(80288482-80288594) 5(80289947-80289991) 8(80292314-80292385) 9(80292385-80292636) 10(80292636-80292686) 11(80292686-80292790) 12(80292790-80292864) 13(80292864-80293096) 14(80293096-80293147) 15(80293147-80293228) 16(80293228-80293330) 18(80294941-80295070) 19(80295322-80295777)
[TRACE_CHECKTRF_KEEPSET] t=12 keeptrf=7
[TRACE_CHECKTRF_KEEP] t=12 k=0 keep_cov=64.1897 guide=false out_idx=0 tx_cov=64.1897 nodes=1(80284050-80286014) 3(80288482-80288594) 5(80289947-80289991) 8(80292314-80292385) 10(80292636-80292686) 12(80292790-80292864) 14(80293096-80293147) 16(80293228-80293330) 18(80294941-80295070) 19(80295322-80295777) exons=80284050-80286014,80288482-80288594,80289947-80289991,80292314-80292385,80292636-80292686,80292790-80292864,80293096-80293147,80293228-80293330,80294941-80295070,80295322-80295777
[TRACE_CHECKTRF_KEEP] t=12 k=1 keep_cov=28.7558 guide=false out_idx=1 tx_cov=28.7558 nodes=1(80284050-80286014) 3(80288482-80288594) 5(80289947-80289991) 8(80292314-80292385) 10(80292636-80292686) 12(80292790-80292864) 14(80293096-80293147) 16(80293228-80293330) 18(80294941-80295070) 19(80295322-80295777) 21(80295777-80296717) exons=80284050-80286014,80288482-80288594,80289947-80289991,80292314-80292385,80292636-80292686,80292790-80292864,80293096-80293147,80293228-80293330,80294941-80295070,80295322-80296717
[TRACE_CHECKTRF_KEEP] t=12 k=2 keep_cov=0.7055 guide=false out_idx=2 tx_cov=0.7055 nodes=1(80284050-80286014) 3(80288482-80288594) 5(80289947-80289991) 8(80292314-80292385) 9(80292385-80292636) 10(80292636-80292686) 11(80292686-80292790) 12(80292790-80292864) 13(80292864-80293096) 14(80293096-80293147) 15(80293147-80293228) 16(80293228-80293330) 17(80293330-80294941) 18(80294941-80295070) 19(80295322-80295777) 21(80295777-80296717) 22(80296717-80298318) exons=80284050-80286014,80288482-80288594,80289947-80289991,80292314-80295070,80295322-80298318
[TRACE_CHECKTRF_KEEP] t=12 k=3 keep_cov=0.9344 guide=false out_idx=3 tx_cov=0.9344 nodes=7(80292046-80292314) 8(80292314-80292385) 9(80292385-80292636) 10(80292636-80292686) 11(80292686-80292790) 12(80292790-80292864) 13(80292864-80293096) 14(80293096-80293147) 15(80293147-80293228) 16(80293228-80293330) 17(80293330-80294941) 18(80294941-80295070) 19(80295322-80295777) exons=80292046-80295070,80295322-80295777
[TRACE_CHECKTRF_KEEP] t=12 k=4 keep_cov=1.0406 guide=false out_idx=4 tx_cov=1.0406 nodes=1(80284050-80286014) 8(80292314-80292385) 10(80292636-80292686) 12(80292790-80292864) 14(80293096-80293147) 16(80293228-80293330) 18(80294941-80295070) 19(80295322-80295777) 21(80295777-80296717) exons=80284050-80286014,80292314-80292385,80292636-80292686,80292790-80292864,80293096-80293147,80293228-80293330,80294941-80295070,80295322-80296717
[TRACE_CHECKTRF_KEEP] t=12 k=5 keep_cov=15.7880 guide=false out_idx=5 tx_cov=15.7880 nodes=1(80284050-80286014) 3(80288482-80288594) 5(80289947-80289991) 8(80292314-80292385) 10(80292636-80292686) 12(80292790-80292864) 14(80293096-80293147) 16(80293228-80293330) 18(80294941-80295070) 19(80295322-80295777) 21(80295777-80296717) 22(80296717-80298318) exons=80284050-80286014,80288482-80288594,80289947-80289991,80292314-80292385,80292636-80292686,80292790-80292864,80293096-80293147,80293228-80293330,80294941-80295070,80295322-80298318
[TRACE_CHECKTRF_KEEP] t=12 k=6 keep_cov=1.6731 guide=false out_idx=6 tx_cov=1.6731 nodes=1(80284050-80286014) 3(80288482-80288594) 5(80289947-80289991) 8(80292314-80292385) 9(80292385-80292636) 10(80292636-80292686) 11(80292686-80292790) 12(80292790-80292864) 13(80292864-80293096) 14(80293096-80293147) 16(80293228-80293330) 18(80294941-80295070) 19(80295322-80295777) exons=80284050-80286014,80288482-80288594,80289947-80289991,80292314-80293147,80293228-80293330,80294941-80295070,80295322-80295777
[TRACE_BTM] t=12 guide_only=false tf_nodes=[1, 3, 5, 8, 9, 10, 11, 12, 13, 14, 15, 16, 18, 19] id_nonmono=false
[TRACE_BTM] t=12 k=0 keep_nodes=[1, 3, 5, 8, 10, 12, 14, 16, 18, 19] guide=false keep_cov=64.1897 id_nonmono=false
[TRACE_BTM] t=12 k=0 reject intersect=3052 internaldist=668 flank=0
[TRACE_BTM] t=12 k=1 keep_nodes=[1, 3, 5, 8, 10, 12, 14, 16, 18, 19, 21] guide=false keep_cov=28.7558 id_nonmono=false
[TRACE_BTM] t=12 k=1 reject intersect=3052 internaldist=668 flank=0
[TRACE_BTM] t=12 k=2 keep_nodes=[1, 3, 5, 8, 9, 10, 11, 12, 13, 14, 15, 16, 17, 18, 19, 21, 22] guide=false keep_cov=0.7055 id_nonmono=false
[TRACE_BTM] t=12 k=2 reject intersect=3136 internaldist=584 flank=0
[TRACE_BTM] t=12 k=3 keep_nodes=[7, 8, 9, 10, 11, 12, 13, 14, 15, 16, 17, 18, 19] guide=false keep_cov=0.9344 id_nonmono=false
[TRACE_BTM] t=12 k=4 keep_nodes=[1, 8, 10, 12, 14, 16, 18, 19, 21] guide=false keep_cov=1.0406 id_nonmono=false
[TRACE_BTM] t=12 k=4 reject intersect=2896 internaldist=824 flank=0
[TRACE_BTM] t=12 k=5 keep_nodes=[1, 3, 5, 8, 10, 12, 14, 16, 18, 19, 21, 22] guide=false keep_cov=15.7880 id_nonmono=false
[TRACE_BTM] t=12 k=5 reject intersect=3052 internaldist=668 flank=0
[TRACE_BTM] t=12 k=6 keep_nodes=[1, 3, 5, 8, 9, 10, 11, 12, 13, 14, 16, 18, 19] guide=false keep_cov=1.6731 id_nonmono=false
[TRACE_BTM] t=12 k=6 reject intersect=3639 internaldist=81 flank=0
[TRACE_CHECKTRF] t=12 NO MATCH → trying independent rescue abund=4.0000
[TRACE_CHECKTRF] t=12 RESCUED_INDEP cov=2.7647 exons=6 first=80284050-80286014 last=80295322-80295777 longstart=80285071 longend=80295777 rescue_nodes_first=1 (80284050-80286014) rescue_nodes_last=19 (80295322-80295777)
[TRACE_CHECKTRF_OUT] t=12 mode=rescued cov=2.7647 nodes=14 coords=1(80284050-80286014) 3(80288482-80288594) 5(80289947-80289991) 8(80292314-80292385) 9(80292385-80292636) 10(80292636-80292686) 11(80292686-80292790) 12(80292790-80292864) 13(80292864-80293096) 14(80293096-80293147) 15(80293147-80293228) 16(80293228-80293330) 18(80294941-80295070) 19(80295322-80295777) exons=80284050-80286014,80288482-80288594,80289947-80289991,80292314-80293330,80294941-80295070,80295322-80295777
[TRACE_ABUND] stage=checktrf_rescued_before_zero t=12 abund=4.0000 read_count=4.0000 guide=false nodes=14 detail=coverage=2.7647 out_idx=7
[TRACE_ABUND] stage=checktrf_rescued_after_zero t=12 abund=0.0000 read_count=4.0000 guide=false nodes=14 detail=coverage=2.7647 out_idx=7
[TRACE_CHECKTRF_CAND] t=16 abund=2.0000 guide=false nodes=11 passes=1
[TRACE_CHECKTRF_IN] t=16 abund=2.0000 guide=false longstart=80285827 longend=80295763 tf_nodes=11 coords=1(80284050-80286014) 3(80288482-80288594) 5(80289947-80289991) 8(80292314-80292385) 10(80292636-80292686) 12(80292790-80292864) 14(80293096-80293147) 16(80293228-80293330) 17(80293330-80294941) 18(80294941-80295070) 19(80295322-80295777)
[TRACE_CHECKTRF_KEEPSET] t=16 keeptrf=8
[TRACE_CHECKTRF_KEEP] t=16 k=0 keep_cov=64.1897 guide=false out_idx=0 tx_cov=64.1897 nodes=1(80284050-80286014) 3(80288482-80288594) 5(80289947-80289991) 8(80292314-80292385) 10(80292636-80292686) 12(80292790-80292864) 14(80293096-80293147) 16(80293228-80293330) 18(80294941-80295070) 19(80295322-80295777) exons=80284050-80286014,80288482-80288594,80289947-80289991,80292314-80292385,80292636-80292686,80292790-80292864,80293096-80293147,80293228-80293330,80294941-80295070,80295322-80295777
[TRACE_CHECKTRF_KEEP] t=16 k=1 keep_cov=28.7558 guide=false out_idx=1 tx_cov=28.7558 nodes=1(80284050-80286014) 3(80288482-80288594) 5(80289947-80289991) 8(80292314-80292385) 10(80292636-80292686) 12(80292790-80292864) 14(80293096-80293147) 16(80293228-80293330) 18(80294941-80295070) 19(80295322-80295777) 21(80295777-80296717) exons=80284050-80286014,80288482-80288594,80289947-80289991,80292314-80292385,80292636-80292686,80292790-80292864,80293096-80293147,80293228-80293330,80294941-80295070,80295322-80296717
[TRACE_CHECKTRF_KEEP] t=16 k=2 keep_cov=0.7055 guide=false out_idx=2 tx_cov=0.7055 nodes=1(80284050-80286014) 3(80288482-80288594) 5(80289947-80289991) 8(80292314-80292385) 9(80292385-80292636) 10(80292636-80292686) 11(80292686-80292790) 12(80292790-80292864) 13(80292864-80293096) 14(80293096-80293147) 15(80293147-80293228) 16(80293228-80293330) 17(80293330-80294941) 18(80294941-80295070) 19(80295322-80295777) 21(80295777-80296717) 22(80296717-80298318) exons=80284050-80286014,80288482-80288594,80289947-80289991,80292314-80295070,80295322-80298318
[TRACE_CHECKTRF_KEEP] t=16 k=3 keep_cov=0.9344 guide=false out_idx=3 tx_cov=0.9344 nodes=7(80292046-80292314) 8(80292314-80292385) 9(80292385-80292636) 10(80292636-80292686) 11(80292686-80292790) 12(80292790-80292864) 13(80292864-80293096) 14(80293096-80293147) 15(80293147-80293228) 16(80293228-80293330) 17(80293330-80294941) 18(80294941-80295070) 19(80295322-80295777) exons=80292046-80295070,80295322-80295777
[TRACE_CHECKTRF_KEEP] t=16 k=4 keep_cov=1.0406 guide=false out_idx=4 tx_cov=1.0406 nodes=1(80284050-80286014) 8(80292314-80292385) 10(80292636-80292686) 12(80292790-80292864) 14(80293096-80293147) 16(80293228-80293330) 18(80294941-80295070) 19(80295322-80295777) 21(80295777-80296717) exons=80284050-80286014,80292314-80292385,80292636-80292686,80292790-80292864,80293096-80293147,80293228-80293330,80294941-80295070,80295322-80296717
[TRACE_CHECKTRF_KEEP] t=16 k=5 keep_cov=15.7880 guide=false out_idx=5 tx_cov=15.7880 nodes=1(80284050-80286014) 3(80288482-80288594) 5(80289947-80289991) 8(80292314-80292385) 10(80292636-80292686) 12(80292790-80292864) 14(80293096-80293147) 16(80293228-80293330) 18(80294941-80295070) 19(80295322-80295777) 21(80295777-80296717) 22(80296717-80298318) exons=80284050-80286014,80288482-80288594,80289947-80289991,80292314-80292385,80292636-80292686,80292790-80292864,80293096-80293147,80293228-80293330,80294941-80295070,80295322-80298318
[TRACE_CHECKTRF_KEEP] t=16 k=6 keep_cov=1.6731 guide=false out_idx=6 tx_cov=1.6731 nodes=1(80284050-80286014) 3(80288482-80288594) 5(80289947-80289991) 8(80292314-80292385) 9(80292385-80292636) 10(80292636-80292686) 11(80292686-80292790) 12(80292790-80292864) 13(80292864-80293096) 14(80293096-80293147) 16(80293228-80293330) 18(80294941-80295070) 19(80295322-80295777) exons=80284050-80286014,80288482-80288594,80289947-80289991,80292314-80293147,80293228-80293330,80294941-80295070,80295322-80295777
[TRACE_CHECKTRF_KEEP] t=16 k=7 keep_cov=2.7647 guide=false out_idx=7 tx_cov=2.7647 nodes=1(80284050-80286014) 3(80288482-80288594) 5(80289947-80289991) 8(80292314-80292385) 9(80292385-80292636) 10(80292636-80292686) 11(80292686-80292790) 12(80292790-80292864) 13(80292864-80293096) 14(80293096-80293147) 15(80293147-80293228) 16(80293228-80293330) 18(80294941-80295070) 19(80295322-80295777) exons=80284050-80286014,80288482-80288594,80289947-80289991,80292314-80293330,80294941-80295070,80295322-80295777
[TRACE_BTM] t=16 guide_only=false tf_nodes=[1, 3, 5, 8, 10, 12, 14, 16, 17, 18, 19] id_nonmono=false
[TRACE_BTM] t=16 k=0 keep_nodes=[1, 3, 5, 8, 10, 12, 14, 16, 18, 19] guide=false keep_cov=64.1897 id_nonmono=false
[TRACE_BTM] t=16 k=0 reject intersect=3052 internaldist=1611 flank=0
[TRACE_BTM] t=16 k=1 keep_nodes=[1, 3, 5, 8, 10, 12, 14, 16, 18, 19, 21] guide=false keep_cov=28.7558 id_nonmono=false
[TRACE_BTM] t=16 k=1 reject intersect=3052 internaldist=1611 flank=0
[TRACE_BTM] t=16 k=2 keep_nodes=[1, 3, 5, 8, 9, 10, 11, 12, 13, 14, 15, 16, 17, 18, 19, 21, 22] guide=false keep_cov=0.7055 id_nonmono=false
[TRACE_BTM] t=16 k=2 reject intersect=2191 internaldist=2472 flank=0
[TRACE_BTM] t=16 k=3 keep_nodes=[7, 8, 9, 10, 11, 12, 13, 14, 15, 16, 17, 18, 19] guide=false keep_cov=0.9344 id_nonmono=false
[TRACE_BTM] t=16 k=4 keep_nodes=[1, 8, 10, 12, 14, 16, 18, 19, 21] guide=false keep_cov=1.0406 id_nonmono=false
[TRACE_BTM] t=16 k=4 reject intersect=2896 internaldist=1767 flank=0
[TRACE_BTM] t=16 k=5 keep_nodes=[1, 3, 5, 8, 10, 12, 14, 16, 18, 19, 21, 22] guide=false keep_cov=15.7880 id_nonmono=false
[TRACE_BTM] t=16 k=5 reject intersect=3052 internaldist=1611 flank=0
[TRACE_BTM] t=16 k=6 keep_nodes=[1, 3, 5, 8, 9, 10, 11, 12, 13, 14, 16, 18, 19] guide=false keep_cov=1.6731 id_nonmono=false
[TRACE_BTM] t=16 k=6 reject intersect=2191 internaldist=2472 flank=0
[TRACE_BTM] t=16 k=7 keep_nodes=[1, 3, 5, 8, 9, 10, 11, 12, 13, 14, 15, 16, 18, 19] guide=false keep_cov=2.7647 id_nonmono=false
[TRACE_BTM] t=16 k=7 reject intersect=2191 internaldist=2472 flank=0
[TRACE_CHECKTRF] t=16 NO MATCH → trying independent rescue abund=2.0000
[TRACE_CHECKTRF] t=16 RESCUED_INDEP cov=1.1576 exons=9 first=80284050-80286014 last=80295322-80295777 longstart=80285827 longend=80295763 rescue_nodes_first=1 (80284050-80286014) rescue_nodes_last=19 (80295322-80295777)
[TRACE_CHECKTRF_OUT] t=16 mode=rescued cov=1.1576 nodes=11 coords=1(80284050-80286014) 3(80288482-80288594) 5(80289947-80289991) 8(80292314-80292385) 10(80292636-80292686) 12(80292790-80292864) 14(80293096-80293147) 16(80293228-80293330) 17(80293330-80294941) 18(80294941-80295070) 19(80295322-80295777) exons=80284050-80286014,80288482-80288594,80289947-80289991,80292314-80292385,80292636-80292686,80292790-80292864,80293096-80293147,80293228-80295070,80295322-80295777
[TRACE_ABUND] stage=checktrf_rescued_before_zero t=16 abund=2.0000 read_count=2.0000 guide=false nodes=11 detail=coverage=1.1576 out_idx=8
[TRACE_ABUND] stage=checktrf_rescued_after_zero t=16 abund=0.0000 read_count=2.0000 guide=false nodes=11 detail=coverage=1.1576 out_idx=8
[TRACE_CHECKTRF_OUT] t=17 mode=matched kept_paths=[2, 3, 8] abundsum=2.7976
[TRACE_CHECKTRF_OUT_KEEP] t=17 k=2 keep_cov=0.7055 guide=false out_idx=2 tx_cov=0.7055 nodes=1(80284050-80286014) 3(80288482-80288594) 5(80289947-80289991) 8(80292314-80292385) 9(80292385-80292636) 10(80292636-80292686) 11(80292686-80292790) 12(80292790-80292864) 13(80292864-80293096) 14(80293096-80293147) 15(80293147-80293228) 16(80293228-80293330) 17(80293330-80294941) 18(80294941-80295070) 19(80295322-80295777) 21(80295777-80296717) 22(80296717-80298318) exons=80284050-80286014,80288482-80288594,80289947-80289991,80292314-80295070,80295322-80298318
[TRACE_CHECKTRF_OUT_KEEP] t=17 k=3 keep_cov=0.9344 guide=false out_idx=3 tx_cov=0.9344 nodes=7(80292046-80292314) 8(80292314-80292385) 9(80292385-80292636) 10(80292636-80292686) 11(80292686-80292790) 12(80292790-80292864) 13(80292864-80293096) 14(80293096-80293147) 15(80293147-80293228) 16(80293228-80293330) 17(80293330-80294941) 18(80294941-80295070) 19(80295322-80295777) exons=80292046-80295070,80295322-80295777
[TRACE_CHECKTRF_OUT_KEEP] t=17 k=8 keep_cov=1.1576 guide=false out_idx=8 tx_cov=1.1576 nodes=1(80284050-80286014) 3(80288482-80288594) 5(80289947-80289991) 8(80292314-80292385) 10(80292636-80292686) 12(80292790-80292864) 14(80293096-80293147) 16(80293228-80293330) 17(80293330-80294941) 18(80294941-80295070) 19(80295322-80295777) exons=80284050-80286014,80288482-80288594,80289947-80289991,80292314-80292385,80292636-80292686,80292790-80292864,80293096-80293147,80293228-80295070,80295322-80295777
[TRACE_CHECKTRF_CAND] t=21 abund=1.0000 guide=false nodes=12 passes=1
[TRACE_CHECKTRF_IN] t=21 abund=1.0000 guide=false longstart=80285847 longend=80295763 tf_nodes=12 coords=1(80284050-80286014) 3(80288482-80288594) 5(80289947-80289991) 8(80292314-80292385) 9(80292385-80292636) 10(80292636-80292686) 11(80292686-80292790) 12(80292790-80292864) 14(80293096-80293147) 16(80293228-80293330) 18(80294941-80295070) 19(80295322-80295777)
[TRACE_CHECKTRF_KEEPSET] t=21 keeptrf=9
[TRACE_CHECKTRF_KEEP] t=21 k=0 keep_cov=64.1897 guide=false out_idx=0 tx_cov=64.1897 nodes=1(80284050-80286014) 3(80288482-80288594) 5(80289947-80289991) 8(80292314-80292385) 10(80292636-80292686) 12(80292790-80292864) 14(80293096-80293147) 16(80293228-80293330) 18(80294941-80295070) 19(80295322-80295777) exons=80284050-80286014,80288482-80288594,80289947-80289991,80292314-80292385,80292636-80292686,80292790-80292864,80293096-80293147,80293228-80293330,80294941-80295070,80295322-80295777
[TRACE_CHECKTRF_KEEP] t=21 k=1 keep_cov=28.7558 guide=false out_idx=1 tx_cov=28.7558 nodes=1(80284050-80286014) 3(80288482-80288594) 5(80289947-80289991) 8(80292314-80292385) 10(80292636-80292686) 12(80292790-80292864) 14(80293096-80293147) 16(80293228-80293330) 18(80294941-80295070) 19(80295322-80295777) 21(80295777-80296717) exons=80284050-80286014,80288482-80288594,80289947-80289991,80292314-80292385,80292636-80292686,80292790-80292864,80293096-80293147,80293228-80293330,80294941-80295070,80295322-80296717
[TRACE_CHECKTRF_KEEP] t=21 k=2 keep_cov=0.7055 guide=false out_idx=2 tx_cov=0.8274 nodes=1(80284050-80286014) 3(80288482-80288594) 5(80289947-80289991) 8(80292314-80292385) 9(80292385-80292636) 10(80292636-80292686) 11(80292686-80292790) 12(80292790-80292864) 13(80292864-80293096) 14(80293096-80293147) 15(80293147-80293228) 16(80293228-80293330) 17(80293330-80294941) 18(80294941-80295070) 19(80295322-80295777) 21(80295777-80296717) 22(80296717-80298318) exons=80284050-80286014,80288482-80288594,80289947-80289991,80292314-80295070,80295322-80298318
[TRACE_CHECKTRF_KEEP] t=21 k=3 keep_cov=0.9344 guide=false out_idx=3 tx_cov=1.2999 nodes=7(80292046-80292314) 8(80292314-80292385) 9(80292385-80292636) 10(80292636-80292686) 11(80292686-80292790) 12(80292790-80292864) 13(80292864-80293096) 14(80293096-80293147) 15(80293147-80293228) 16(80293228-80293330) 17(80293330-80294941) 18(80294941-80295070) 19(80295322-80295777) exons=80292046-80295070,80295322-80295777
[TRACE_CHECKTRF_KEEP] t=21 k=4 keep_cov=1.0406 guide=false out_idx=4 tx_cov=1.0406 nodes=1(80284050-80286014) 8(80292314-80292385) 10(80292636-80292686) 12(80292790-80292864) 14(80293096-80293147) 16(80293228-80293330) 18(80294941-80295070) 19(80295322-80295777) 21(80295777-80296717) exons=80284050-80286014,80292314-80292385,80292636-80292686,80292790-80292864,80293096-80293147,80293228-80293330,80294941-80295070,80295322-80296717
[TRACE_CHECKTRF_KEEP] t=21 k=5 keep_cov=15.7880 guide=false out_idx=5 tx_cov=15.7880 nodes=1(80284050-80286014) 3(80288482-80288594) 5(80289947-80289991) 8(80292314-80292385) 10(80292636-80292686) 12(80292790-80292864) 14(80293096-80293147) 16(80293228-80293330) 18(80294941-80295070) 19(80295322-80295777) 21(80295777-80296717) 22(80296717-80298318) exons=80284050-80286014,80288482-80288594,80289947-80289991,80292314-80292385,80292636-80292686,80292790-80292864,80293096-80293147,80293228-80293330,80294941-80295070,80295322-80298318
[TRACE_CHECKTRF_KEEP] t=21 k=6 keep_cov=1.6731 guide=false out_idx=6 tx_cov=1.6731 nodes=1(80284050-80286014) 3(80288482-80288594) 5(80289947-80289991) 8(80292314-80292385) 9(80292385-80292636) 10(80292636-80292686) 11(80292686-80292790) 12(80292790-80292864) 13(80292864-80293096) 14(80293096-80293147) 16(80293228-80293330) 18(80294941-80295070) 19(80295322-80295777) exons=80284050-80286014,80288482-80288594,80289947-80289991,80292314-80293147,80293228-80293330,80294941-80295070,80295322-80295777
[TRACE_CHECKTRF_KEEP] t=21 k=7 keep_cov=2.7647 guide=false out_idx=7 tx_cov=2.7647 nodes=1(80284050-80286014) 3(80288482-80288594) 5(80289947-80289991) 8(80292314-80292385) 9(80292385-80292636) 10(80292636-80292686) 11(80292686-80292790) 12(80292790-80292864) 13(80292864-80293096) 14(80293096-80293147) 15(80293147-80293228) 16(80293228-80293330) 18(80294941-80295070) 19(80295322-80295777) exons=80284050-80286014,80288482-80288594,80289947-80289991,80292314-80293330,80294941-80295070,80295322-80295777
[TRACE_CHECKTRF_KEEP] t=21 k=8 keep_cov=1.1576 guide=false out_idx=8 tx_cov=1.4954 nodes=1(80284050-80286014) 3(80288482-80288594) 5(80289947-80289991) 8(80292314-80292385) 10(80292636-80292686) 12(80292790-80292864) 14(80293096-80293147) 16(80293228-80293330) 17(80293330-80294941) 18(80294941-80295070) 19(80295322-80295777) exons=80284050-80286014,80288482-80288594,80289947-80289991,80292314-80292385,80292636-80292686,80292790-80292864,80293096-80293147,80293228-80295070,80295322-80295777
[TRACE_BTM] t=21 guide_only=false tf_nodes=[1, 3, 5, 8, 9, 10, 11, 12, 14, 16, 18, 19] id_nonmono=false
[TRACE_BTM] t=21 k=0 keep_nodes=[1, 3, 5, 8, 10, 12, 14, 16, 18, 19] guide=false keep_cov=64.1897 id_nonmono=false
[TRACE_BTM] t=21 k=0 reject intersect=3052 internaldist=355 flank=0
[TRACE_BTM] t=21 k=1 keep_nodes=[1, 3, 5, 8, 10, 12, 14, 16, 18, 19, 21] guide=false keep_cov=28.7558 id_nonmono=false
[TRACE_BTM] t=21 k=1 reject intersect=3052 internaldist=355 flank=0
[TRACE_BTM] t=21 k=2 keep_nodes=[1, 3, 5, 8, 9, 10, 11, 12, 13, 14, 15, 16, 17, 18, 19, 21, 22] guide=false keep_cov=0.7055 id_nonmono=false
[TRACE_BTM] t=21 k=2 reject intersect=2670 internaldist=737 flank=0
[TRACE_BTM] t=21 k=3 keep_nodes=[7, 8, 9, 10, 11, 12, 13, 14, 15, 16, 17, 18, 19] guide=false keep_cov=0.9344 id_nonmono=false
[TRACE_BTM] t=21 k=4 keep_nodes=[1, 8, 10, 12, 14, 16, 18, 19, 21] guide=false keep_cov=1.0406 id_nonmono=false
[TRACE_BTM] t=21 k=4 reject intersect=2896 internaldist=511 flank=0
[TRACE_BTM] t=21 k=5 keep_nodes=[1, 3, 5, 8, 10, 12, 14, 16, 18, 19, 21, 22] guide=false keep_cov=15.7880 id_nonmono=false
[TRACE_BTM] t=21 k=5 reject intersect=3052 internaldist=355 flank=0
[TRACE_BTM] t=21 k=6 keep_nodes=[1, 3, 5, 8, 9, 10, 11, 12, 13, 14, 16, 18, 19] guide=false keep_cov=1.6731 id_nonmono=false
[TRACE_BTM] t=21 k=6 reject intersect=2670 internaldist=737 flank=0
[TRACE_BTM] t=21 k=7 keep_nodes=[1, 3, 5, 8, 9, 10, 11, 12, 13, 14, 15, 16, 18, 19] guide=false keep_cov=2.7647 id_nonmono=false
[TRACE_BTM] t=21 k=7 reject intersect=2670 internaldist=737 flank=0
[TRACE_BTM] t=21 k=8 keep_nodes=[1, 3, 5, 8, 10, 12, 14, 16, 17, 18, 19] guide=false keep_cov=1.1576 id_nonmono=false
[TRACE_BTM] t=21 k=8 reject intersect=2468 internaldist=939 flank=0
[TRACE_CHECKTRF] t=21 NO MATCH → trying independent rescue abund=1.0000
[TRACE_CHECKTRF] t=21 RESCUED_INDEP cov=0.5482 exons=8 first=80284050-80286014 last=80295322-80296717 longstart=80285847 longend=80295763 rescue_nodes_first=1 (80284050-80286014) rescue_nodes_last=21 (80295777-80296717)
[TRACE_CHECKTRF_OUT] t=21 mode=rescued cov=0.5482 nodes=13 coords=1(80284050-80286014) 3(80288482-80288594) 5(80289947-80289991) 8(80292314-80292385) 9(80292385-80292636) 10(80292636-80292686) 11(80292686-80292790) 12(80292790-80292864) 14(80293096-80293147) 16(80293228-80293330) 18(80294941-80295070) 19(80295322-80295777) 21(80295777-80296717) exons=80284050-80286014,80288482-80288594,80289947-80289991,80292314-80292864,80293096-80293147,80293228-80293330,80294941-80295070,80295322-80296717
[TRACE_ABUND] stage=checktrf_rescued_before_zero t=21 abund=1.0000 read_count=1.0000 guide=false nodes=12 detail=coverage=0.5482 out_idx=9
[TRACE_ABUND] stage=checktrf_rescued_after_zero t=21 abund=0.0000 read_count=1.0000 guide=false nodes=12 detail=coverage=0.5482 out_idx=9
[TRACE_CHECKTRF_CAND] t=22 abund=1.0000 guide=false nodes=12 passes=1
[TRACE_CHECKTRF_IN] t=22 abund=1.0000 guide=false longstart=80285824 longend=80295777 tf_nodes=12 coords=1(80284050-80286014) 8(80292314-80292385) 9(80292385-80292636) 10(80292636-80292686) 11(80292686-80292790) 12(80292790-80292864) 13(80292864-80293096) 14(80293096-80293147) 15(80293147-80293228) 16(80293228-80293330) 18(80294941-80295070) 19(80295322-80295777)
[TRACE_CHECKTRF_KEEPSET] t=22 keeptrf=10
[TRACE_CHECKTRF_KEEP] t=22 k=0 keep_cov=64.1897 guide=false out_idx=0 tx_cov=64.1897 nodes=1(80284050-80286014) 3(80288482-80288594) 5(80289947-80289991) 8(80292314-80292385) 10(80292636-80292686) 12(80292790-80292864) 14(80293096-80293147) 16(80293228-80293330) 18(80294941-80295070) 19(80295322-80295777) exons=80284050-80286014,80288482-80288594,80289947-80289991,80292314-80292385,80292636-80292686,80292790-80292864,80293096-80293147,80293228-80293330,80294941-80295070,80295322-80295777
[TRACE_CHECKTRF_KEEP] t=22 k=1 keep_cov=28.7558 guide=false out_idx=1 tx_cov=28.7558 nodes=1(80284050-80286014) 3(80288482-80288594) 5(80289947-80289991) 8(80292314-80292385) 10(80292636-80292686) 12(80292790-80292864) 14(80293096-80293147) 16(80293228-80293330) 18(80294941-80295070) 19(80295322-80295777) 21(80295777-80296717) exons=80284050-80286014,80288482-80288594,80289947-80289991,80292314-80292385,80292636-80292686,80292790-80292864,80293096-80293147,80293228-80293330,80294941-80295070,80295322-80296717
[TRACE_CHECKTRF_KEEP] t=22 k=2 keep_cov=0.7055 guide=false out_idx=2 tx_cov=0.8274 nodes=1(80284050-80286014) 3(80288482-80288594) 5(80289947-80289991) 8(80292314-80292385) 9(80292385-80292636) 10(80292636-80292686) 11(80292686-80292790) 12(80292790-80292864) 13(80292864-80293096) 14(80293096-80293147) 15(80293147-80293228) 16(80293228-80293330) 17(80293330-80294941) 18(80294941-80295070) 19(80295322-80295777) 21(80295777-80296717) 22(80296717-80298318) exons=80284050-80286014,80288482-80288594,80289947-80289991,80292314-80295070,80295322-80298318
[TRACE_CHECKTRF_KEEP] t=22 k=3 keep_cov=0.9344 guide=false out_idx=3 tx_cov=1.2999 nodes=7(80292046-80292314) 8(80292314-80292385) 9(80292385-80292636) 10(80292636-80292686) 11(80292686-80292790) 12(80292790-80292864) 13(80292864-80293096) 14(80293096-80293147) 15(80293147-80293228) 16(80293228-80293330) 17(80293330-80294941) 18(80294941-80295070) 19(80295322-80295777) exons=80292046-80295070,80295322-80295777
[TRACE_CHECKTRF_KEEP] t=22 k=4 keep_cov=1.0406 guide=false out_idx=4 tx_cov=1.0406 nodes=1(80284050-80286014) 8(80292314-80292385) 10(80292636-80292686) 12(80292790-80292864) 14(80293096-80293147) 16(80293228-80293330) 18(80294941-80295070) 19(80295322-80295777) 21(80295777-80296717) exons=80284050-80286014,80292314-80292385,80292636-80292686,80292790-80292864,80293096-80293147,80293228-80293330,80294941-80295070,80295322-80296717
[TRACE_CHECKTRF_KEEP] t=22 k=5 keep_cov=15.7880 guide=false out_idx=5 tx_cov=15.7880 nodes=1(80284050-80286014) 3(80288482-80288594) 5(80289947-80289991) 8(80292314-80292385) 10(80292636-80292686) 12(80292790-80292864) 14(80293096-80293147) 16(80293228-80293330) 18(80294941-80295070) 19(80295322-80295777) 21(80295777-80296717) 22(80296717-80298318) exons=80284050-80286014,80288482-80288594,80289947-80289991,80292314-80292385,80292636-80292686,80292790-80292864,80293096-80293147,80293228-80293330,80294941-80295070,80295322-80298318
[TRACE_CHECKTRF_KEEP] t=22 k=6 keep_cov=1.6731 guide=false out_idx=6 tx_cov=1.6731 nodes=1(80284050-80286014) 3(80288482-80288594) 5(80289947-80289991) 8(80292314-80292385) 9(80292385-80292636) 10(80292636-80292686) 11(80292686-80292790) 12(80292790-80292864) 13(80292864-80293096) 14(80293096-80293147) 16(80293228-80293330) 18(80294941-80295070) 19(80295322-80295777) exons=80284050-80286014,80288482-80288594,80289947-80289991,80292314-80293147,80293228-80293330,80294941-80295070,80295322-80295777
[TRACE_CHECKTRF_KEEP] t=22 k=7 keep_cov=2.7647 guide=false out_idx=7 tx_cov=2.7647 nodes=1(80284050-80286014) 3(80288482-80288594) 5(80289947-80289991) 8(80292314-80292385) 9(80292385-80292636) 10(80292636-80292686) 11(80292686-80292790) 12(80292790-80292864) 13(80292864-80293096) 14(80293096-80293147) 15(80293147-80293228) 16(80293228-80293330) 18(80294941-80295070) 19(80295322-80295777) exons=80284050-80286014,80288482-80288594,80289947-80289991,80292314-80293330,80294941-80295070,80295322-80295777
[TRACE_CHECKTRF_KEEP] t=22 k=8 keep_cov=1.1576 guide=false out_idx=8 tx_cov=1.4954 nodes=1(80284050-80286014) 3(80288482-80288594) 5(80289947-80289991) 8(80292314-80292385) 10(80292636-80292686) 12(80292790-80292864) 14(80293096-80293147) 16(80293228-80293330) 17(80293330-80294941) 18(80294941-80295070) 19(80295322-80295777) exons=80284050-80286014,80288482-80288594,80289947-80289991,80292314-80292385,80292636-80292686,80292790-80292864,80293096-80293147,80293228-80295070,80295322-80295777
[TRACE_CHECKTRF_KEEP] t=22 k=9 keep_cov=0.5482 guide=false out_idx=9 tx_cov=0.5482 nodes=1(80284050-80286014) 3(80288482-80288594) 5(80289947-80289991) 8(80292314-80292385) 9(80292385-80292636) 10(80292636-80292686) 11(80292686-80292790) 12(80292790-80292864) 14(80293096-80293147) 16(80293228-80293330) 18(80294941-80295070) 19(80295322-80295777) 21(80295777-80296717) exons=80284050-80286014,80288482-80288594,80289947-80289991,80292314-80292864,80293096-80293147,80293228-80293330,80294941-80295070,80295322-80296717
[TRACE_BTM] t=22 guide_only=false tf_nodes=[1, 8, 9, 10, 11, 12, 13, 14, 15, 16, 18, 19] id_nonmono=false
[TRACE_BTM] t=22 k=0 keep_nodes=[1, 3, 5, 8, 10, 12, 14, 16, 18, 19] guide=false keep_cov=64.1897 id_nonmono=false
[TRACE_BTM] t=22 k=0 reject intersect=2775 internaldist=789 flank=0
[TRACE_BTM] t=22 k=1 keep_nodes=[1, 3, 5, 8, 10, 12, 14, 16, 18, 19, 21] guide=false keep_cov=28.7558 id_nonmono=false
[TRACE_BTM] t=22 k=1 reject intersect=2775 internaldist=789 flank=0
[TRACE_BTM] t=22 k=2 keep_nodes=[1, 3, 5, 8, 9, 10, 11, 12, 13, 14, 15, 16, 17, 18, 19, 21, 22] guide=false keep_cov=0.7055 id_nonmono=false
[TRACE_BTM] t=22 k=2 reject intersect=1964 internaldist=1600 flank=0
[TRACE_BTM] t=22 k=3 keep_nodes=[7, 8, 9, 10, 11, 12, 13, 14, 15, 16, 17, 18, 19] guide=false keep_cov=0.9344 id_nonmono=false
[TRACE_BTM] t=22 k=4 keep_nodes=[1, 8, 10, 12, 14, 16, 18, 19, 21] guide=false keep_cov=1.0406 id_nonmono=false
[TRACE_BTM] t=22 k=4 reject intersect=2896 internaldist=668 flank=0
[TRACE_BTM] t=22 k=5 keep_nodes=[1, 3, 5, 8, 10, 12, 14, 16, 18, 19, 21, 22] guide=false keep_cov=15.7880 id_nonmono=false
[TRACE_BTM] t=22 k=5 reject intersect=2775 internaldist=789 flank=0
[TRACE_BTM] t=22 k=6 keep_nodes=[1, 3, 5, 8, 9, 10, 11, 12, 13, 14, 16, 18, 19] guide=false keep_cov=1.6731 id_nonmono=false
[TRACE_BTM] t=22 k=6 reject intersect=1964 internaldist=1600 flank=0
[TRACE_BTM] t=22 k=7 keep_nodes=[1, 3, 5, 8, 9, 10, 11, 12, 13, 14, 15, 16, 18, 19] guide=false keep_cov=2.7647 id_nonmono=false
[TRACE_BTM] t=22 k=7 reject intersect=1964 internaldist=1600 flank=0
[TRACE_BTM] t=22 k=8 keep_nodes=[1, 3, 5, 8, 10, 12, 14, 16, 17, 18, 19] guide=false keep_cov=1.1576 id_nonmono=false
[TRACE_BTM] t=22 k=8 reject intersect=2191 internaldist=1373 flank=0
[TRACE_BTM] t=22 k=9 keep_nodes=[1, 3, 5, 8, 9, 10, 11, 12, 14, 16, 18, 19, 21] guide=false keep_cov=0.5482 id_nonmono=false
[TRACE_BTM] t=22 k=9 reject intersect=2650 internaldist=914 flank=0
[TRACE_CHECKTRF] t=22 NO MATCH → trying independent rescue abund=1.0000
[TRACE_CHECKTRF] t=22 RESCUED_INDEP cov=0.5639 exons=4 first=80284050-80286014 last=80295322-80296717 longstart=80285824 longend=80295777 rescue_nodes_first=1 (80284050-80286014) rescue_nodes_last=21 (80295777-80296717)
[TRACE_CHECKTRF_OUT] t=22 mode=rescued cov=0.5639 nodes=13 coords=1(80284050-80286014) 8(80292314-80292385) 9(80292385-80292636) 10(80292636-80292686) 11(80292686-80292790) 12(80292790-80292864) 13(80292864-80293096) 14(80293096-80293147) 15(80293147-80293228) 16(80293228-80293330) 18(80294941-80295070) 19(80295322-80295777) 21(80295777-80296717) exons=80284050-80286014,80292314-80293330,80294941-80295070,80295322-80296717
[TRACE_ABUND] stage=checktrf_rescued_before_zero t=22 abund=1.0000 read_count=1.0000 guide=false nodes=12 detail=coverage=0.5639 out_idx=10
[TRACE_ABUND] stage=checktrf_rescued_after_zero t=22 abund=0.0000 read_count=1.0000 guide=false nodes=12 detail=coverage=0.5639 out_idx=10
[TRACE_CHECKTRF_OUT] t=26 mode=matched kept_paths=[7, 10] abundsum=3.3287
[TRACE_CHECKTRF_OUT_KEEP] t=26 k=7 keep_cov=2.7647 guide=false out_idx=7 tx_cov=2.7647 nodes=1(80284050-80286014) 3(80288482-80288594) 5(80289947-80289991) 8(80292314-80292385) 9(80292385-80292636) 10(80292636-80292686) 11(80292686-80292790) 12(80292790-80292864) 13(80292864-80293096) 14(80293096-80293147) 15(80293147-80293228) 16(80293228-80293330) 18(80294941-80295070) 19(80295322-80295777) exons=80284050-80286014,80288482-80288594,80289947-80289991,80292314-80293330,80294941-80295070,80295322-80295777
[TRACE_CHECKTRF_OUT_KEEP] t=26 k=10 keep_cov=0.5639 guide=false out_idx=10 tx_cov=0.5639 nodes=1(80284050-80286014) 8(80292314-80292385) 9(80292385-80292636) 10(80292636-80292686) 11(80292686-80292790) 12(80292790-80292864) 13(80292864-80293096) 14(80293096-80293147) 15(80293147-80293228) 16(80293228-80293330) 18(80294941-80295070) 19(80295322-80295777) 21(80295777-80296717) exons=80284050-80286014,80292314-80293330,80294941-80295070,80295322-80296717
[TRACE_CHECKTRF_CAND] t=24 abund=0.0255 guide=false nodes=8 passes=0
[TRACE_CHECKTRF] t=24 SKIPPED: abund=0.0255 read_count=1.0000 < readthr=1.0000 guide=false nodes=[1, 8, 10, 12, 14, 16, 18, 19]
[TRACE_CHECKTRF_CAND] t=15 abund=0.0000 guide=false nodes=13 passes=0
[TRACE_CHECKTRF] t=15 SKIPPED: abund=0.0000 read_count=2.0000 < readthr=1.0000 guide=false nodes=[1, 3, 5, 8, 9, 10, 11, 12, 13, 14, 16, 18]
[TRACE_BTM] t=11 guide_only=false tf_nodes=[1, 3, 5, 8, 9, 10, 11, 12, 13, 14, 15, 16, 17, 18, 19] id_nonmono=false
[TRACE_BTM] t=11 k=0 keep_nodes=[1, 3, 5, 8, 10, 12, 14, 16, 18, 19] guide=false keep_cov=64.1897 id_nonmono=false
[TRACE_BTM] t=11 k=0 reject intersect=3052 internaldist=2279 flank=0
[TRACE_BTM] t=11 k=1 keep_nodes=[1, 3, 5, 8, 10, 12, 14, 16, 18, 19, 21] guide=false keep_cov=28.7558 id_nonmono=false
[TRACE_BTM] t=11 k=1 reject intersect=3052 internaldist=2279 flank=0
[TRACE_BTM] t=11 k=2 keep_nodes=[1, 3, 5, 8, 9, 10, 11, 12, 13, 14, 15, 16, 17, 18, 19, 21, 22] guide=false keep_cov=0.7055 id_nonmono=false
[TRACE_BTM] t=11 k=2 score intersect=5331 internaldist=0 flank=0 maxintersect=0 mininternaldist=2305843009213693951 minflank=2305843009213693951
[TRACE_BTM] t=11 after k=2 tmatch=[2] abundancesum=0.7055
[TRACE_BTM] t=11 k=3 keep_nodes=[7, 8, 9, 10, 11, 12, 13, 14, 15, 16, 17, 18, 19] guide=false keep_cov=0.9344 id_nonmono=false
[TRACE_BTM] t=11 k=4 keep_nodes=[1, 8, 10, 12, 14, 16, 18, 19, 21] guide=false keep_cov=1.0406 id_nonmono=false
[TRACE_BTM] t=11 k=4 reject intersect=2896 internaldist=2435 flank=0
[TRACE_BTM] t=11 k=5 keep_nodes=[1, 3, 5, 8, 10, 12, 14, 16, 18, 19, 21, 22] guide=false keep_cov=15.7880 id_nonmono=false
[TRACE_BTM] t=11 k=5 reject intersect=3052 internaldist=2279 flank=0
[TRACE_BTM] t=11 k=6 keep_nodes=[1, 3, 5, 8, 9, 10, 11, 12, 13, 14, 16, 18, 19] guide=false keep_cov=1.6731 id_nonmono=false
[TRACE_BTM] t=11 k=6 reject intersect=3639 internaldist=1692 flank=0
[TRACE_BTM] t=11 k=7 keep_nodes=[1, 3, 5, 8, 9, 10, 11, 12, 13, 14, 15, 16, 18, 19] guide=false keep_cov=2.7647 id_nonmono=false
[TRACE_BTM] t=11 k=7 reject intersect=3720 internaldist=1611 flank=0
[TRACE_BTM] t=11 k=8 keep_nodes=[1, 3, 5, 8, 10, 12, 14, 16, 17, 18, 19] guide=false keep_cov=1.1576 id_nonmono=false
[TRACE_BTM] t=11 k=8 reject intersect=4663 internaldist=668 flank=0
[TRACE_BTM] t=11 k=9 keep_nodes=[1, 3, 5, 8, 9, 10, 11, 12, 14, 16, 18, 19, 21] guide=false keep_cov=0.5482 id_nonmono=false
[TRACE_BTM] t=11 k=9 reject intersect=3407 internaldist=1924 flank=0
[TRACE_BTM] t=11 k=10 keep_nodes=[1, 8, 9, 10, 11, 12, 13, 14, 15, 16, 18, 19, 21] guide=false keep_cov=0.5639 id_nonmono=false
[TRACE_BTM] t=11 k=10 reject intersect=3564 internaldist=1767 flank=0
[TRACE_ABUND] stage=checktrf_redistribute t=11 keep=2 keep_support=0.7055 abundsum=0.7055 tf_abund=2.8815 assigned=2.8815
[TRACE_ABUND] stage=secondpass_matched_before_zero t=11 abund=2.8815 read_count=4.0000 guide=false nodes=15 detail=matched_paths=[2] abundsum=0.7055
[TRACE_ABUND] stage=secondpass_matched_after_zero t=11 abund=0.0000 read_count=4.0000 guide=false nodes=15 detail=matched_paths=[2]
[TRACE_BTM] t=18 guide_only=false tf_nodes=[1, 3, 5] id_nonmono=false
[TRACE_BTM] t=18 k=0 keep_nodes=[1, 3, 5, 8, 10, 12, 14, 16, 18, 19] guide=false keep_cov=64.1897 id_nonmono=false
[TRACE_BTM] t=18 k=0 score intersect=2120 internaldist=0 flank=0 maxintersect=0 mininternaldist=2305843009213693951 minflank=2305843009213693951
[TRACE_BTM] t=18 after k=0 tmatch=[0] abundancesum=64.1897
[TRACE_BTM] t=18 k=1 keep_nodes=[1, 3, 5, 8, 10, 12, 14, 16, 18, 19, 21] guide=false keep_cov=28.7558 id_nonmono=false
[TRACE_BTM] t=18 k=1 score intersect=2120 internaldist=0 flank=0 maxintersect=2120 mininternaldist=0 minflank=0
[TRACE_BTM] t=18 after k=1 tmatch=[0, 1] abundancesum=92.9455
[TRACE_BTM] t=18 k=2 keep_nodes=[1, 3, 5, 8, 9, 10, 11, 12, 13, 14, 15, 16, 17, 18, 19, 21, 22] guide=false keep_cov=0.7055 id_nonmono=false
[TRACE_BTM] t=18 k=2 score intersect=2120 internaldist=0 flank=0 maxintersect=2120 mininternaldist=0 minflank=0
[TRACE_BTM] t=18 after k=2 tmatch=[0, 1, 2] abundancesum=93.6510
[TRACE_BTM] t=18 k=3 keep_nodes=[7, 8, 9, 10, 11, 12, 13, 14, 15, 16, 17, 18, 19] guide=false keep_cov=0.9344 id_nonmono=false
[TRACE_BTM] t=18 k=3 skip=coord_overlap raw_tf_first=1 raw_tf_last=5 raw_keep_first=7 raw_keep_last=19
[TRACE_BTM] t=18 k=4 keep_nodes=[1, 8, 10, 12, 14, 16, 18, 19, 21] guide=false keep_cov=1.0406 id_nonmono=false
[TRACE_BTM] t=18 k=4 reject intersect=1964 internaldist=156 flank=0
[TRACE_BTM] t=18 k=5 keep_nodes=[1, 3, 5, 8, 10, 12, 14, 16, 18, 19, 21, 22] guide=false keep_cov=15.7880 id_nonmono=false
[TRACE_BTM] t=18 k=5 score intersect=2120 internaldist=0 flank=0 maxintersect=2120 mininternaldist=0 minflank=0
[TRACE_BTM] t=18 after k=5 tmatch=[0, 1, 2, 5] abundancesum=109.4390
[TRACE_BTM] t=18 k=6 keep_nodes=[1, 3, 5, 8, 9, 10, 11, 12, 13, 14, 16, 18, 19] guide=false keep_cov=1.6731 id_nonmono=false
[TRACE_BTM] t=18 k=6 score intersect=2120 internaldist=0 flank=0 maxintersect=2120 mininternaldist=0 minflank=0
[TRACE_BTM] t=18 after k=6 tmatch=[0, 1, 2, 5, 6] abundancesum=111.1120
[TRACE_BTM] t=18 k=7 keep_nodes=[1, 3, 5, 8, 9, 10, 11, 12, 13, 14, 15, 16, 18, 19] guide=false keep_cov=2.7647 id_nonmono=false
[TRACE_BTM] t=18 k=7 score intersect=2120 internaldist=0 flank=0 maxintersect=2120 mininternaldist=0 minflank=0
[TRACE_BTM] t=18 after k=7 tmatch=[0, 1, 2, 5, 6, 7] abundancesum=113.8768
[TRACE_BTM] t=18 k=8 keep_nodes=[1, 3, 5, 8, 10, 12, 14, 16, 17, 18, 19] guide=false keep_cov=1.1576 id_nonmono=false
[TRACE_BTM] t=18 k=8 score intersect=2120 internaldist=0 flank=0 maxintersect=2120 mininternaldist=0 minflank=0
[TRACE_BTM] t=18 after k=8 tmatch=[0, 1, 2, 5, 6, 7, 8] abundancesum=115.0344
[TRACE_BTM] t=18 k=9 keep_nodes=[1, 3, 5, 8, 9, 10, 11, 12, 14, 16, 18, 19, 21] guide=false keep_cov=0.5482 id_nonmono=false
[TRACE_BTM] t=18 k=9 score intersect=2120 internaldist=0 flank=0 maxintersect=2120 mininternaldist=0 minflank=0
[TRACE_BTM] t=18 after k=9 tmatch=[0, 1, 2, 5, 6, 7, 8, 9] abundancesum=115.5826
[TRACE_BTM] t=18 k=10 keep_nodes=[1, 8, 9, 10, 11, 12, 13, 14, 15, 16, 18, 19, 21] guide=false keep_cov=0.5639 id_nonmono=false
[TRACE_BTM] t=18 k=10 reject intersect=1964 internaldist=156 flank=0
[TRACE_ABUND] stage=checktrf_redistribute t=18 keep=0 keep_support=64.1897 abundsum=115.5826 tf_abund=2.0000 assigned=1.1107
[TRACE_ABUND] stage=checktrf_redistribute t=18 keep=1 keep_support=28.7558 abundsum=115.5826 tf_abund=2.0000 assigned=0.4976
[TRACE_ABUND] stage=checktrf_redistribute t=18 keep=2 keep_support=0.7055 abundsum=115.5826 tf_abund=2.0000 assigned=0.0122
[TRACE_ABUND] stage=checktrf_redistribute t=18 keep=5 keep_support=15.7880 abundsum=115.5826 tf_abund=2.0000 assigned=0.2732
[TRACE_ABUND] stage=checktrf_redistribute t=18 keep=6 keep_support=1.6731 abundsum=115.5826 tf_abund=2.0000 assigned=0.0290
[TRACE_ABUND] stage=checktrf_redistribute t=18 keep=7 keep_support=2.7647 abundsum=115.5826 tf_abund=2.0000 assigned=0.0478
[TRACE_ABUND] stage=checktrf_redistribute t=18 keep=8 keep_support=1.1576 abundsum=115.5826 tf_abund=2.0000 assigned=0.0200
[TRACE_ABUND] stage=checktrf_redistribute t=18 keep=9 keep_support=0.5482 abundsum=115.5826 tf_abund=2.0000 assigned=0.0095
[TRACE_ABUND] stage=secondpass_matched_before_zero t=18 abund=2.0000 read_count=2.0000 guide=false nodes=3 detail=matched_paths=[0, 1, 2, 5, 6, 7, 8, 9] abundsum=115.5826
[TRACE_ABUND] stage=secondpass_matched_after_zero t=18 abund=0.0000 read_count=2.0000 guide=false nodes=3 detail=matched_paths=[0, 1, 2, 5, 6, 7, 8, 9]
[TRACE_BTM] t=24 guide_only=false tf_nodes=[1, 8, 10, 12, 14, 16, 18, 19] id_nonmono=false
[TRACE_BTM] t=24 k=0 keep_nodes=[1, 3, 5, 8, 10, 12, 14, 16, 18, 19] guide=false keep_cov=64.1897 id_nonmono=false
[TRACE_BTM] t=24 k=0 reject intersect=1964 internaldist=932 flank=0
[TRACE_BTM] t=24 k=1 keep_nodes=[1, 3, 5, 8, 10, 12, 14, 16, 18, 19, 21] guide=false keep_cov=28.7558 id_nonmono=false
[TRACE_BTM] t=24 k=1 reject intersect=1964 internaldist=932 flank=0
[TRACE_BTM] t=24 k=2 keep_nodes=[1, 3, 5, 8, 9, 10, 11, 12, 13, 14, 15, 16, 17, 18, 19, 21, 22] guide=false keep_cov=0.7055 id_nonmono=false
[TRACE_BTM] t=24 k=2 reject intersect=1964 internaldist=932 flank=0
[TRACE_BTM] t=24 k=3 keep_nodes=[7, 8, 9, 10, 11, 12, 13, 14, 15, 16, 17, 18, 19] guide=false keep_cov=0.9344 id_nonmono=false
[TRACE_BTM] t=24 k=4 keep_nodes=[1, 8, 10, 12, 14, 16, 18, 19, 21] guide=false keep_cov=1.0406 id_nonmono=false
[TRACE_BTM] t=24 k=4 score intersect=2896 internaldist=0 flank=0 maxintersect=0 mininternaldist=2305843009213693951 minflank=2305843009213693951
[TRACE_BTM] t=24 after k=4 tmatch=[4] abundancesum=1.0406
[TRACE_BTM] t=24 k=5 keep_nodes=[1, 3, 5, 8, 10, 12, 14, 16, 18, 19, 21, 22] guide=false keep_cov=15.7880 id_nonmono=false
[TRACE_BTM] t=24 k=5 reject intersect=1964 internaldist=932 flank=0
[TRACE_BTM] t=24 k=6 keep_nodes=[1, 3, 5, 8, 9, 10, 11, 12, 13, 14, 16, 18, 19] guide=false keep_cov=1.6731 id_nonmono=false
[TRACE_BTM] t=24 k=6 reject intersect=1964 internaldist=932 flank=0
[TRACE_BTM] t=24 k=7 keep_nodes=[1, 3, 5, 8, 9, 10, 11, 12, 13, 14, 15, 16, 18, 19] guide=false keep_cov=2.7647 id_nonmono=false
[TRACE_BTM] t=24 k=7 reject intersect=1964 internaldist=932 flank=0
[TRACE_BTM] t=24 k=8 keep_nodes=[1, 3, 5, 8, 10, 12, 14, 16, 17, 18, 19] guide=false keep_cov=1.1576 id_nonmono=false
[TRACE_BTM] t=24 k=8 reject intersect=1964 internaldist=932 flank=0
[TRACE_BTM] t=24 k=9 keep_nodes=[1, 3, 5, 8, 9, 10, 11, 12, 14, 16, 18, 19, 21] guide=false keep_cov=0.5482 id_nonmono=false
[TRACE_BTM] t=24 k=9 reject intersect=1964 internaldist=932 flank=0
[TRACE_BTM] t=24 k=10 keep_nodes=[1, 8, 9, 10, 11, 12, 13, 14, 15, 16, 18, 19, 21] guide=false keep_cov=0.5639 id_nonmono=false
[TRACE_BTM] t=24 k=10 reject intersect=2035 internaldist=861 flank=0
[TRACE_ABUND] stage=checktrf_redistribute t=24 keep=4 keep_support=1.0406 abundsum=1.0406 tf_abund=0.0255 assigned=0.0255
[TRACE_ABUND] stage=secondpass_matched_before_zero t=24 abund=0.0255 read_count=1.0000 guide=false nodes=8 detail=matched_paths=[4] abundsum=1.0406
[TRACE_ABUND] stage=secondpass_matched_after_zero t=24 abund=0.0000 read_count=1.0000 guide=false nodes=8 detail=matched_paths=[4]
[TRACE_BTM] t=27 guide_only=false tf_nodes=[1, 3, 5, 6] id_nonmono=false
[TRACE_BTM] t=27 k=0 keep_nodes=[1, 3, 5, 8, 10, 12, 14, 16, 18, 19] guide=false keep_cov=64.1897 id_nonmono=false
[TRACE_BTM] t=27 k=0 score intersect=2120 internaldist=0 flank=1188 maxintersect=0 mininternaldist=2305843009213693951 minflank=2305843009213693951
[TRACE_BTM] t=27 after k=0 tmatch=[0] abundancesum=64.1897
[TRACE_BTM] t=27 k=1 keep_nodes=[1, 3, 5, 8, 10, 12, 14, 16, 18, 19, 21] guide=false keep_cov=28.7558 id_nonmono=false
[TRACE_BTM] t=27 k=1 score intersect=2120 internaldist=0 flank=1188 maxintersect=2120 mininternaldist=0 minflank=1188
[TRACE_BTM] t=27 after k=1 tmatch=[0, 1] abundancesum=92.9455
[TRACE_BTM] t=27 k=2 keep_nodes=[1, 3, 5, 8, 9, 10, 11, 12, 13, 14, 15, 16, 17, 18, 19, 21, 22] guide=false keep_cov=0.7055 id_nonmono=false
[TRACE_BTM] t=27 k=2 score intersect=2120 internaldist=0 flank=1188 maxintersect=2120 mininternaldist=0 minflank=1188
[TRACE_BTM] t=27 after k=2 tmatch=[0, 1, 2] abundancesum=93.6510
[TRACE_BTM] t=27 k=3 keep_nodes=[7, 8, 9, 10, 11, 12, 13, 14, 15, 16, 17, 18, 19] guide=false keep_cov=0.9344 id_nonmono=false
[TRACE_BTM] t=27 k=3 skip=coord_overlap raw_tf_first=1 raw_tf_last=6 raw_keep_first=7 raw_keep_last=19
[TRACE_BTM] t=27 k=4 keep_nodes=[1, 8, 10, 12, 14, 16, 18, 19, 21] guide=false keep_cov=1.0406 id_nonmono=false
[TRACE_BTM] t=27 k=4 reject intersect=1964 internaldist=1344 flank=0
[TRACE_BTM] t=27 k=5 keep_nodes=[1, 3, 5, 8, 10, 12, 14, 16, 18, 19, 21, 22] guide=false keep_cov=15.7880 id_nonmono=false
[TRACE_BTM] t=27 k=5 score intersect=2120 internaldist=0 flank=1188 maxintersect=2120 mininternaldist=0 minflank=1188
[TRACE_BTM] t=27 after k=5 tmatch=[0, 1, 2, 5] abundancesum=109.4390
[TRACE_BTM] t=27 k=6 keep_nodes=[1, 3, 5, 8, 9, 10, 11, 12, 13, 14, 16, 18, 19] guide=false keep_cov=1.6731 id_nonmono=false
[TRACE_BTM] t=27 k=6 score intersect=2120 internaldist=0 flank=1188 maxintersect=2120 mininternaldist=0 minflank=1188
[TRACE_BTM] t=27 after k=6 tmatch=[0, 1, 2, 5, 6] abundancesum=111.1120
[TRACE_BTM] t=27 k=7 keep_nodes=[1, 3, 5, 8, 9, 10, 11, 12, 13, 14, 15, 16, 18, 19] guide=false keep_cov=2.7647 id_nonmono=false
[TRACE_BTM] t=27 k=7 score intersect=2120 internaldist=0 flank=1188 maxintersect=2120 mininternaldist=0 minflank=1188
[TRACE_BTM] t=27 after k=7 tmatch=[0, 1, 2, 5, 6, 7] abundancesum=113.8768
[TRACE_BTM] t=27 k=8 keep_nodes=[1, 3, 5, 8, 10, 12, 14, 16, 17, 18, 19] guide=false keep_cov=1.1576 id_nonmono=false
[TRACE_BTM] t=27 k=8 score intersect=2120 internaldist=0 flank=1188 maxintersect=2120 mininternaldist=0 minflank=1188
[TRACE_BTM] t=27 after k=8 tmatch=[0, 1, 2, 5, 6, 7, 8] abundancesum=115.0344
[TRACE_BTM] t=27 k=9 keep_nodes=[1, 3, 5, 8, 9, 10, 11, 12, 14, 16, 18, 19, 21] guide=false keep_cov=0.5482 id_nonmono=false
[TRACE_BTM] t=27 k=9 score intersect=2120 internaldist=0 flank=1188 maxintersect=2120 mininternaldist=0 minflank=1188
[TRACE_BTM] t=27 after k=9 tmatch=[0, 1, 2, 5, 6, 7, 8, 9] abundancesum=115.5826
[TRACE_BTM] t=27 k=10 keep_nodes=[1, 8, 9, 10, 11, 12, 13, 14, 15, 16, 18, 19, 21] guide=false keep_cov=0.5639 id_nonmono=false
[TRACE_BTM] t=27 k=10 reject intersect=1964 internaldist=1344 flank=0
[TRACE_ABUND] stage=checktrf_redistribute t=27 keep=0 keep_support=64.1897 abundsum=115.5826 tf_abund=1.0000 assigned=0.5554
[TRACE_ABUND] stage=checktrf_redistribute t=27 keep=1 keep_support=28.7558 abundsum=115.5826 tf_abund=1.0000 assigned=0.2488
[TRACE_ABUND] stage=checktrf_redistribute t=27 keep=2 keep_support=0.7055 abundsum=115.5826 tf_abund=1.0000 assigned=0.0061
[TRACE_ABUND] stage=checktrf_redistribute t=27 keep=5 keep_support=15.7880 abundsum=115.5826 tf_abund=1.0000 assigned=0.1366
[TRACE_ABUND] stage=checktrf_redistribute t=27 keep=6 keep_support=1.6731 abundsum=115.5826 tf_abund=1.0000 assigned=0.0145
[TRACE_ABUND] stage=checktrf_redistribute t=27 keep=7 keep_support=2.7647 abundsum=115.5826 tf_abund=1.0000 assigned=0.0239
[TRACE_ABUND] stage=checktrf_redistribute t=27 keep=8 keep_support=1.1576 abundsum=115.5826 tf_abund=1.0000 assigned=0.0100
[TRACE_ABUND] stage=checktrf_redistribute t=27 keep=9 keep_support=0.5482 abundsum=115.5826 tf_abund=1.0000 assigned=0.0047
[TRACE_ABUND] stage=secondpass_matched_before_zero t=27 abund=1.0000 read_count=1.0000 guide=false nodes=4 detail=matched_paths=[0, 1, 2, 5, 6, 7, 8, 9] abundsum=115.5826
[TRACE_ABUND] stage=secondpass_matched_after_zero t=27 abund=0.0000 read_count=1.0000 guide=false nodes=4 detail=matched_paths=[0, 1, 2, 5, 6, 7, 8, 9]
[TRACE_BTM] t=41 guide_only=false tf_nodes=[1, 2] id_nonmono=false
[TRACE_BTM] t=41 k=0 keep_nodes=[1, 3, 5, 8, 10, 12, 14, 16, 18, 19] guide=false keep_cov=64.1897 id_nonmono=false
[TRACE_BTM] t=41 k=0 score intersect=1964 internaldist=0 flank=1591 maxintersect=0 mininternaldist=2305843009213693951 minflank=2305843009213693951
[TRACE_BTM] t=41 after k=0 tmatch=[0] abundancesum=64.1897
[TRACE_BTM] t=41 k=1 keep_nodes=[1, 3, 5, 8, 10, 12, 14, 16, 18, 19, 21] guide=false keep_cov=28.7558 id_nonmono=false
[TRACE_BTM] t=41 k=1 score intersect=1964 internaldist=0 flank=1591 maxintersect=1964 mininternaldist=0 minflank=1591
[TRACE_BTM] t=41 after k=1 tmatch=[0, 1] abundancesum=92.9455
[TRACE_BTM] t=41 k=2 keep_nodes=[1, 3, 5, 8, 9, 10, 11, 12, 13, 14, 15, 16, 17, 18, 19, 21, 22] guide=false keep_cov=0.7055 id_nonmono=false
[TRACE_BTM] t=41 k=2 score intersect=1964 internaldist=0 flank=1591 maxintersect=1964 mininternaldist=0 minflank=1591
[TRACE_BTM] t=41 after k=2 tmatch=[0, 1, 2] abundancesum=93.6510
[TRACE_BTM] t=41 k=3 keep_nodes=[7, 8, 9, 10, 11, 12, 13, 14, 15, 16, 17, 18, 19] guide=false keep_cov=0.9344 id_nonmono=false
[TRACE_BTM] t=41 k=3 skip=coord_overlap raw_tf_first=1 raw_tf_last=2 raw_keep_first=7 raw_keep_last=19
[TRACE_BTM] t=41 k=4 keep_nodes=[1, 8, 10, 12, 14, 16, 18, 19, 21] guide=false keep_cov=1.0406 id_nonmono=false
[TRACE_BTM] t=41 k=4 score intersect=1964 internaldist=0 flank=1591 maxintersect=1964 mininternaldist=0 minflank=1591
[TRACE_BTM] t=41 after k=4 tmatch=[0, 1, 2, 4] abundancesum=94.6916
[TRACE_BTM] t=41 k=5 keep_nodes=[1, 3, 5, 8, 10, 12, 14, 16, 18, 19, 21, 22] guide=false keep_cov=15.7880 id_nonmono=false
[TRACE_BTM] t=41 k=5 score intersect=1964 internaldist=0 flank=1591 maxintersect=1964 mininternaldist=0 minflank=1591
[TRACE_BTM] t=41 after k=5 tmatch=[0, 1, 2, 4, 5] abundancesum=110.4796
[TRACE_BTM] t=41 k=6 keep_nodes=[1, 3, 5, 8, 9, 10, 11, 12, 13, 14, 16, 18, 19] guide=false keep_cov=1.6731 id_nonmono=false
[TRACE_BTM] t=41 k=6 score intersect=1964 internaldist=0 flank=1591 maxintersect=1964 mininternaldist=0 minflank=1591
[TRACE_BTM] t=41 after k=6 tmatch=[0, 1, 2, 4, 5, 6] abundancesum=112.1526
[TRACE_BTM] t=41 k=7 keep_nodes=[1, 3, 5, 8, 9, 10, 11, 12, 13, 14, 15, 16, 18, 19] guide=false keep_cov=2.7647 id_nonmono=false
[TRACE_BTM] t=41 k=7 score intersect=1964 internaldist=0 flank=1591 maxintersect=1964 mininternaldist=0 minflank=1591
[TRACE_BTM] t=41 after k=7 tmatch=[0, 1, 2, 4, 5, 6, 7] abundancesum=114.9174
[TRACE_BTM] t=41 k=8 keep_nodes=[1, 3, 5, 8, 10, 12, 14, 16, 17, 18, 19] guide=false keep_cov=1.1576 id_nonmono=false
[TRACE_BTM] t=41 k=8 score intersect=1964 internaldist=0 flank=1591 maxintersect=1964 mininternaldist=0 minflank=1591
[TRACE_BTM] t=41 after k=8 tmatch=[0, 1, 2, 4, 5, 6, 7, 8] abundancesum=116.0750
[TRACE_BTM] t=41 k=9 keep_nodes=[1, 3, 5, 8, 9, 10, 11, 12, 14, 16, 18, 19, 21] guide=false keep_cov=0.5482 id_nonmono=false
[TRACE_BTM] t=41 k=9 score intersect=1964 internaldist=0 flank=1591 maxintersect=1964 mininternaldist=0 minflank=1591
[TRACE_BTM] t=41 after k=9 tmatch=[0, 1, 2, 4, 5, 6, 7, 8, 9] abundancesum=116.6232
[TRACE_BTM] t=41 k=10 keep_nodes=[1, 8, 9, 10, 11, 12, 13, 14, 15, 16, 18, 19, 21] guide=false keep_cov=0.5639 id_nonmono=false
[TRACE_BTM] t=41 k=10 score intersect=1964 internaldist=0 flank=1591 maxintersect=1964 mininternaldist=0 minflank=1591
[TRACE_BTM] t=41 after k=10 tmatch=[0, 1, 2, 4, 5, 6, 7, 8, 9, 10] abundancesum=117.1871
[TRACE_ABUND] stage=checktrf_redistribute t=41 keep=0 keep_support=64.1897 abundsum=117.1871 tf_abund=1.0000 assigned=0.5478
[TRACE_ABUND] stage=checktrf_redistribute t=41 keep=1 keep_support=28.7558 abundsum=117.1871 tf_abund=1.0000 assigned=0.2454
[TRACE_ABUND] stage=checktrf_redistribute t=41 keep=2 keep_support=0.7055 abundsum=117.1871 tf_abund=1.0000 assigned=0.0060
[TRACE_ABUND] stage=checktrf_redistribute t=41 keep=4 keep_support=1.0406 abundsum=117.1871 tf_abund=1.0000 assigned=0.0089
[TRACE_ABUND] stage=checktrf_redistribute t=41 keep=5 keep_support=15.7880 abundsum=117.1871 tf_abund=1.0000 assigned=0.1347
[TRACE_ABUND] stage=checktrf_redistribute t=41 keep=6 keep_support=1.6731 abundsum=117.1871 tf_abund=1.0000 assigned=0.0143
[TRACE_ABUND] stage=checktrf_redistribute t=41 keep=7 keep_support=2.7647 abundsum=117.1871 tf_abund=1.0000 assigned=0.0236
[TRACE_ABUND] stage=checktrf_redistribute t=41 keep=8 keep_support=1.1576 abundsum=117.1871 tf_abund=1.0000 assigned=0.0099
[TRACE_ABUND] stage=checktrf_redistribute t=41 keep=9 keep_support=0.5482 abundsum=117.1871 tf_abund=1.0000 assigned=0.0047
[TRACE_ABUND] stage=checktrf_redistribute t=41 keep=10 keep_support=0.5639 abundsum=117.1871 tf_abund=1.0000 assigned=0.0048
[TRACE_ABUND] stage=secondpass_matched_before_zero t=41 abund=1.0000 read_count=1.0000 guide=false nodes=2 detail=matched_paths=[0, 1, 2, 4, 5, 6, 7, 8, 9, 10] abundsum=117.1871
[TRACE_ABUND] stage=secondpass_matched_after_zero t=41 abund=0.0000 read_count=1.0000 guide=false nodes=2 detail=matched_paths=[0, 1, 2, 4, 5, 6, 7, 8, 9, 10]
[BUNDLE_TRACE] ENTER_PAIRWISE 80284050-80295777 exons=10 cov=64.788933 longcov=151.000000 bpcov_cov=345551.000 tlen=3052 score=197735.825 is_lr=true src=flow exon_lens=[1964,112,44,71,50,74,51,102,129,455] introns=[80286014-80288482,80288594-80289947,80289991-80292314,80292385-80292636,80292686-80292790,80292864-80293096,80293147-80293228,80293330-80294941,80295070-80295322] 
[BUNDLE_TRACE] ENTER_PAIRWISE 80284050-80296717 exons=10 cov=29.195660 longcov=52.000000 bpcov_cov=434747.000 tlen=3992 score=116549.075 is_lr=true src=flow exon_lens=[1964,112,44,71,50,74,51,102,129,1395] introns=[80286014-80288482,80288594-80289947,80289991-80292314,80292385-80292636,80292686-80292790,80292864-80293096,80293147-80293228,80293330-80294941,80295070-80295322] 
[BUNDLE_TRACE] ENTER_PAIRWISE 80284050-80298318 exons=5 cov=2.137528 longcov=4.000000 bpcov_cov=485559.000 tlen=7872 score=16826.622 is_lr=true src=flow exon_lens=[1964,112,44,2756,2996] introns=[80286014-80288482,80288594-80289947,80289991-80292314,80295070-80295322] 
[BUNDLE_TRACE] ENTER_PAIRWISE 80284050-80296717 exons=8 cov=1.062026 longcov=1.000000 bpcov_cov=394120.000 tlen=3836 score=4073.930 is_lr=true src=flow exon_lens=[1964,71,50,74,51,102,129,1395] introns=[80286014-80292314,80292385-80292636,80292686-80292790,80292864-80293096,80293147-80293228,80293330-80294941,80295070-80295322] 
[BUNDLE_TRACE] ENTER_PAIRWISE 80284050-80298318 exons=10 cov=16.789280 longcov=40.000000 bpcov_cov=464164.000 tlen=5593 score=93902.445 is_lr=true src=flow exon_lens=[1964,112,44,71,50,74,51,102,129,2996] introns=[80286014-80288482,80288594-80289947,80289991-80292314,80292385-80292636,80292686-80292790,80292864-80293096,80293147-80293228,80293330-80294941,80295070-80295322] 
[BUNDLE_TRACE] ENTER_PAIRWISE 80284050-80295777 exons=7 cov=1.686163 longcov=1.000000 bpcov_cov=353537.000 tlen=3639 score=6135.949 is_lr=true src=flow exon_lens=[1964,112,44,833,102,129,455] introns=[80286014-80288482,80288594-80289947,80289991-80292314,80293147-80293228,80293330-80294941,80295070-80295322] 
[BUNDLE_TRACE] ENTER_PAIRWISE 80284050-80295777 exons=6 cov=2.938631 longcov=4.000000 bpcov_cov=354349.000 tlen=3720 score=10931.707 is_lr=true src=checktrf_rescue exon_lens=[1964,112,44,1016,129,455] introns=[80286014-80288482,80288594-80289947,80289991-80292314,80293330-80294941,80295070-80295322] 
[BUNDLE_TRACE] ENTER_PAIRWISE 80284050-80295777 exons=9 cov=1.498014 longcov=2.000000 bpcov_cov=358148.000 tlen=4663 score=6985.241 is_lr=true src=checktrf_rescue exon_lens=[1964,112,44,71,50,74,51,1842,455] introns=[80286014-80288482,80288594-80289947,80289991-80292314,80292385-80292636,80292686-80292790,80292864-80293096,80293147-80293228,80295070-80295322] 
[BUNDLE_TRACE] ENTER_PAIRWISE 80284050-80296717 exons=8 cov=0.555895 longcov=1.000000 bpcov_cov=439717.000 tlen=4347 score=2416.475 is_lr=true src=checktrf_rescue exon_lens=[1964,112,44,550,51,102,129,1395] introns=[80286014-80288482,80288594-80289947,80289991-80292314,80292864-80293096,80293147-80293228,80293330-80294941,80295070-80295322] 
[BUNDLE_TRACE] ENTER_PAIRWISE 80284050-80296717 exons=4 cov=0.596171 longcov=1.000000 bpcov_cov=402918.000 tlen=4504 score=2685.153 is_lr=true src=checktrf_rescue exon_lens=[1964,1016,129,1395] introns=[80286014-80292314,80293330-80294941,80295070-80295322] 
[BUNDLE_TRACE] PAIRWISE_KILL 80284050-80296717 exons=10 cov=29.195660 longcov=52.000000 bpcov_cov=434747.000 tlen=3992 score=116549.075 is_lr=true src=flow exon_lens=[1964,112,44,71,50,74,51,102,129,1395] introns=[80286014-80288482,80288594-80289947,80289991-80292314,80292385-80292636,80292686-80292790,80292864-80293096,80293147-80293228,80293330-80294941,80295070-80295322] KILLED_BY=0 REASON=included_drop
[BUNDLE_TRACE] PAIRWISE_KILL 80284050-80298318 exons=10 cov=16.789280 longcov=40.000000 bpcov_cov=464164.000 tlen=5593 score=93902.445 is_lr=true src=flow exon_lens=[1964,112,44,71,50,74,51,102,129,2996] introns=[80286014-80288482,80288594-80289947,80289991-80292314,80292385-80292636,80292686-80292790,80292864-80293096,80293147-80293228,80293330-80294941,80295070-80295322] KILLED_BY=0 REASON=included_drop
[BUNDLE_TRACE] PAIRWISE_KILL 80284050-80298318 exons=5 cov=2.137528 longcov=4.000000 bpcov_cov=485559.000 tlen=7872 score=16826.622 is_lr=true src=flow exon_lens=[1964,112,44,2756,2996] introns=[80286014-80288482,80288594-80289947,80289991-80292314,80295070-80295322] KILLED_BY=0 REASON=retained_intron
[BUNDLE_TRACE] PAIRWISE_KILL 80284050-80295777 exons=6 cov=2.938631 longcov=4.000000 bpcov_cov=354349.000 tlen=3720 score=10931.707 is_lr=true src=checktrf_rescue exon_lens=[1964,112,44,1016,129,455] introns=[80286014-80288482,80288594-80289947,80289991-80292314,80293330-80294941,80295070-80295322] KILLED_BY=0 REASON=retained_intron
[BUNDLE_TRACE] PAIRWISE_KILL 80284050-80295777 exons=9 cov=1.498014 longcov=2.000000 bpcov_cov=358148.000 tlen=4663 score=6985.241 is_lr=true src=checktrf_rescue exon_lens=[1964,112,44,71,50,74,51,1842,455] introns=[80286014-80288482,80288594-80289947,80289991-80292314,80292385-80292636,80292686-80292790,80292864-80293096,80293147-80293228,80295070-80295322] KILLED_BY=0 REASON=retained_intron
[BUNDLE_TRACE] PAIRWISE_KILL 80284050-80295777 exons=7 cov=1.686163 longcov=1.000000 bpcov_cov=353537.000 tlen=3639 score=6135.949 is_lr=true src=flow exon_lens=[1964,112,44,833,102,129,455] introns=[80286014-80288482,80288594-80289947,80289991-80292314,80293147-80293228,80293330-80294941,80295070-80295322] KILLED_BY=0 REASON=retained_intron
[BUNDLE_TRACE] PAIRWISE_KILL 80284050-80296717 exons=4 cov=0.596171 longcov=1.000000 bpcov_cov=402918.000 tlen=4504 score=2685.153 is_lr=true src=checktrf_rescue exon_lens=[1964,1016,129,1395] introns=[80286014-80292314,80293330-80294941,80295070-80295322] KILLED_BY=0 REASON=retained_intron
[BUNDLE_TRACE] PAIRWISE_KILL 80284050-80296717 exons=8 cov=0.555895 longcov=1.000000 bpcov_cov=439717.000 tlen=4347 score=2416.475 is_lr=true src=checktrf_rescue exon_lens=[1964,112,44,550,51,102,129,1395] introns=[80286014-80288482,80288594-80289947,80289991-80292314,80292864-80293096,80293147-80293228,80293330-80294941,80295070-80295322] KILLED_BY=0 REASON=retained_intron
[BUNDLE_TRACE] AFTER_PAIRWISE 80284050-80295777 exons=10 cov=64.788933 longcov=151.000000 bpcov_cov=345551.000 tlen=3052 score=197735.825 is_lr=true src=flow exon_lens=[1964,112,44,71,50,74,51,102,129,455] introns=[80286014-80288482,80288594-80289947,80289991-80292314,80292385-80292636,80292686-80292790,80292864-80293096,80293147-80293228,80293330-80294941,80295070-80295322] 
[BUNDLE_TRACE] AFTER_PAIRWISE 80284050-80296717 exons=8 cov=1.062026 longcov=1.000000 bpcov_cov=394120.000 tlen=3836 score=4073.930 is_lr=true src=flow exon_lens=[1964,71,50,74,51,102,129,1395] introns=[80286014-80292314,80292385-80292636,80292686-80292790,80292864-80293096,80293147-80293228,80293330-80294941,80295070-80295322] 
[BUNDLE_TRACE] AFTER_ISOFRAC 80284050-80295777 exons=10 cov=64.788933 longcov=151.000000 bpcov_cov=345551.000 tlen=3052 score=197735.825 is_lr=true src=flow exon_lens=[1964,112,44,71,50,74,51,102,129,455] introns=[80286014-80288482,80288594-80289947,80289991-80292314,80292385-80292636,80292686-80292790,80292864-80293096,80293147-80293228,80293330-80294941,80295070-80295322] 
[BUNDLE_TRACE] AFTER_ISOFRAC 80284050-80296717 exons=8 cov=1.062026 longcov=1.000000 bpcov_cov=394120.000 tlen=3836 score=4073.930 is_lr=true src=flow exon_lens=[1964,71,50,74,51,102,129,1395] introns=[80286014-80292314,80292385-80292636,80292686-80292790,80292864-80293096,80293147-80293228,80293330-80294941,80295070-80295322] 
[BUNDLE_TRACE] AFTER_RUNOFF 80284050-80295777 exons=10 cov=64.788933 longcov=151.000000 bpcov_cov=345551.000 tlen=3052 score=197735.825 is_lr=true src=flow exon_lens=[1964,112,44,71,50,74,51,102,129,455] introns=[80286014-80288482,80288594-80289947,80289991-80292314,80292385-80292636,80292686-80292790,80292864-80293096,80293147-80293228,80293330-80294941,80295070-80295322] 
[BUNDLE_TRACE] AFTER_RUNOFF 80284050-80296717 exons=8 cov=1.062026 longcov=1.000000 bpcov_cov=394120.000 tlen=3836 score=4073.930 is_lr=true src=flow exon_lens=[1964,71,50,74,51,102,129,1395] introns=[80286014-80292314,80292385-80292636,80292686-80292790,80292864-80293096,80293147-80293228,80293330-80294941,80295070-80295322] 
[BUNDLE_TRACE] AFTER_POLYRUNOFF 80284050-80295777 exons=10 cov=64.788933 longcov=151.000000 bpcov_cov=345551.000 tlen=3052 score=197735.825 is_lr=true src=flow exon_lens=[1964,112,44,71,50,74,51,102,129,455] introns=[80286014-80288482,80288594-80289947,80289991-80292314,80292385-80292636,80292686-80292790,80292864-80293096,80293147-80293228,80293330-80294941,80295070-80295322] 
[BUNDLE_TRACE] AFTER_POLYRUNOFF 80284050-80296717 exons=8 cov=1.062026 longcov=1.000000 bpcov_cov=394120.000 tlen=3836 score=4073.930 is_lr=true src=flow exon_lens=[1964,71,50,74,51,102,129,1395] introns=[80286014-80292314,80292385-80292636,80292686-80292790,80292864-80293096,80293147-80293228,80293330-80294941,80295070-80295322] 
[BUNDLE_TRACE] AFTER_POLYRUNON 80284050-80295777 exons=10 cov=64.788933 longcov=151.000000 bpcov_cov=345551.000 tlen=3052 score=197735.825 is_lr=true src=flow exon_lens=[1964,112,44,71,50,74,51,102,129,455] introns=[80286014-80288482,80288594-80289947,80289991-80292314,80292385-80292636,80292686-80292790,80292864-80293096,80293147-80293228,80293330-80294941,80295070-80295322] 
[BUNDLE_TRACE] AFTER_POLYRUNON 80284050-80296717 exons=8 cov=1.062026 longcov=1.000000 bpcov_cov=394120.000 tlen=3836 score=4073.930 is_lr=true src=flow exon_lens=[1964,71,50,74,51,102,129,1395] introns=[80286014-80292314,80292385-80292636,80292686-80292790,80292864-80293096,80293147-80293228,80293330-80294941,80295070-80295322] 
[BUNDLE_TRACE] AFTER_READTHR 80284050-80295777 exons=10 cov=64.788933 longcov=151.000000 bpcov_cov=345551.000 tlen=3052 score=197735.825 is_lr=true src=flow exon_lens=[1964,112,44,71,50,74,51,102,129,455] introns=[80286014-80288482,80288594-80289947,80289991-80292314,80292385-80292636,80292686-80292790,80292864-80293096,80293147-80293228,80293330-80294941,80295070-80295322] 
[BUNDLE_TRACE] AFTER_READTHR 80284050-80296717 exons=8 cov=1.062026 longcov=1.000000 bpcov_cov=394120.000 tlen=3836 score=4073.930 is_lr=true src=flow exon_lens=[1964,71,50,74,51,102,129,1395] introns=[80286014-80292314,80292385-80292636,80292686-80292790,80292864-80293096,80293147-80293228,80293330-80294941,80295070-80295322] 
[BUNDLE_TRACE] FINAL_OUTPUT 80284050-80295777 exons=10 cov=64.788933 longcov=151.000000 bpcov_cov=345551.000 tlen=3052 score=197735.825 is_lr=true src=flow exon_lens=[1964,112,44,71,50,74,51,102,129,455] introns=[80286014-80288482,80288594-80289947,80289991-80292314,80292385-80292636,80292686-80292790,80292864-80293096,80293147-80293228,80293330-80294941,80295070-80295322] 
[BUNDLE_TRACE] FINAL_OUTPUT 80284050-80296717 exons=8 cov=1.062026 longcov=1.000000 bpcov_cov=394120.000 tlen=3836 score=4073.930 is_lr=true src=flow exon_lens=[1964,71,50,74,51,102,129,1395] introns=[80286014-80292314,80292385-80292636,80292686-80292790,80292864-80293096,80293147-80293228,80293330-80294941,80295070-80295322] 
[TRACE_SRCSINK_POST] source_trfs=0:0-80292010 nodes=[0, 1] abund=0.000 long=true
[TRACE_SRCSINK_POST] sink_trfs=
[TRACE_SRCSINK_POST] source_trfs=40:0-80300483 nodes=[0, 2] abund=8.000 long=true | 41:0-80303915 nodes=[0, 3] abund=0.000 long=true | 42:0-80300038 nodes=[0, 1] abund=12.000 long=true | 43:0-80307427 nodes=[0, 8] abund=0.000 long=true | 44:0-80323313 nodes=[0, 22] abund=0.000 long=true | 45:0-80324354 nodes=[0, 25] abund=1.000 long=true | 48:0-80305811 nodes=[0, 5] abund=0.000 long=true
[TRACE_SRCSINK_POST] sink_trfs=
