dn	n_reads	mm_median	mm_mean	mm_max
DN_NC_073224.2_100532147_6	141	1.0000	1.0426	2
DN_NC_073224.2_100535401_4	400	2.0000	1.8675	2
DN_NC_073224.2_100772522_11	105	2.0000	2.4667	51
DN_NC_073224.2_100975273_21	400	2.0000	2.0825	51
DN_NC_073224.2_101136214_11	400	2.0000	2.1475	51
DN_NC_073224.2_101578782_11	349	2.0000	2.0057	3
DN_NC_073224.2_101602135_9	316	2.0000	2.0032	3
DN_NC_073224.2_102253297_12	63	1.0000	1.0794	6
DN_NC_073224.2_103138337_14	400	3.0000	3.1000	51
DN_NC_073224.2_103145991_4	400	3.0000	3.1050	51
DN_NC_073224.2_105669663_7	84	1.0000	1.4167	22
DN_NC_073224.2_105672200_3	89	1.0000	1.3933	22
DN_NC_073224.2_105776266_5	345	1.0000	1.4145	28
DN_NC_073224.2_105784199_2	313	1.0000	1.4537	28
DN_NC_073224.2_114480077_3	62	22.0000	26.9355	51
DN_NC_073224.2_114825986_4	400	3.0000	3.8325	51
DN_NC_073224.2_115073393_19	400	10.0000	21.0950	52
DN_NC_073224.2_115073534_2	74	18.0000	22.7973	51
DN_NC_073224.2_115215234_17	400	5.0000	8.6025	52
DN_NC_073224.2_116008764_12	328	4.0000	3.9268	52
DN_NC_073224.2_116693847_11	400	4.0000	6.9350	51
DN_NC_073224.2_116807774_25	400	37.5000	38.9775	52
DN_NC_073224.2_117114419_5	400	4.0000	5.4125	52
DN_NC_073224.2_117217199_13	400	5.0000	5.9350	51
DN_NC_073224.2_117447152_14	306	4.0000	9.2712	52
DN_NC_073224.2_117494263_25	400	34.0000	34.6875	52
DN_NC_073224.2_120787661_19	400	1.0000	1.0000	1
DN_NC_073224.2_120975632_11	400	25.0000	15.5500	52
DN_NC_073224.2_123525276_5	207	1.0000	1.9903	51
DN_NC_073224.2_124008865_3	145	1.0000	1.7034	52
DN_NC_073224.2_124234032_12	400	42.0000	39.5575	52
DN_NC_073224.2_124254598_20	400	46.0000	45.2700	52
DN_NC_073224.2_124490902_14	400	38.0000	36.0525	52
DN_NC_073224.2_124983304_5	400	4.0000	3.9450	39
DN_NC_073224.2_125055626_35	400	31.5000	31.8125	51
DN_NC_073224.2_125594338_29	400	30.0000	30.6325	52
DN_NC_073224.2_125859316_3	245	2.0000	6.7388	51
DN_NC_073224.2_126139506_3	166	10.0000	9.6145	51
DN_NC_073224.2_126184593_6	360	1.0000	2.4778	51
DN_NC_073224.2_126189262_21	400	1.0000	2.3300	51
DN_NC_073224.2_129169623_8	220	2.0000	2.5136	51
DN_NC_073224.2_129191737_8	400	6.0000	5.8950	51
DN_NC_073224.2_129200469_3	400	6.0000	13.4900	52
DN_NC_073224.2_129211328_8	400	6.0000	8.9425	51
DN_NC_073224.2_129429039_7	400	40.0000	36.9500	52
DN_NC_073224.2_129970070_21	400	39.0000	39.3850	52
DN_NC_073224.2_130013703_13	400	5.0000	6.9700	51
DN_NC_073224.2_130157457_4	400	4.0000	13.6325	52
DN_NC_073224.2_130224824_25	400	35.0000	32.1325	52
DN_NC_073224.2_130305133_13	324	4.0000	10.1204	52
DN_NC_073224.2_130335848_23	400	11.0000	21.1750	52
DN_NC_073224.2_130406472_2	184	7.0000	8.9402	51
DN_NC_073224.2_130406472_4	192	7.0000	8.8281	51
DN_NC_073224.2_130416112_8	400	6.0000	5.8200	39
DN_NC_073224.2_130449319_18	373	1.0000	1.1153	39
DN_NC_073224.2_130486250_9	400	1.0000	1.0075	2
DN_NC_073224.2_130686217_20	334	1.0000	4.2515	42
DN_NC_073224.2_136262916_11	400	42.0000	34.2625	51
DN_NC_073224.2_13812644_2	65	1.0000	1.7692	51
DN_NC_073224.2_13850922_2	84	1.0000	1.0119	2
DN_NC_073224.2_14366670_16	83	1.0000	4.5181	53
DN_NC_073224.2_14727985_2	95	10.0000	11.2632	53
DN_NC_073224.2_147572773_13	324	1.0000	12.4352	52
DN_NC_073224.2_147663563_19	267	1.0000	12.7266	52
DN_NC_073224.2_147715668_5	192	1.0000	3.0052	52
DN_NC_073224.2_150567709_6	400	4.0000	5.9575	52
DN_NC_073224.2_150600792_11	63	3.0000	19.0952	52
DN_NC_073224.2_150712594_12	114	1.0000	16.2807	52
DN_NC_073224.2_150787798_12	400	2.0000	6.2475	52
DN_NC_073224.2_150835184_3	400	4.0000	8.0500	52
DN_NC_073224.2_150859518_11	400	4.0000	9.1300	52
DN_NC_073224.2_150903711_11	400	4.0000	6.6250	52
DN_NC_073224.2_150948916_11	400	4.0000	4.6975	51
DN_NC_073224.2_150982352_2	400	7.0000	5.7175	51
DN_NC_073224.2_155484145_3	362	1.0000	2.5746	51
DN_NC_073224.2_155489872_9	363	1.0000	2.5702	51
DN_NC_073224.2_15670210_25	400	9.0000	14.8325	52
DN_NC_073224.2_15783681_8	400	9.0000	11.4825	52
DN_NC_073224.2_16928217_2	297	3.0000	3.3232	51
DN_NC_073224.2_186733859_5	10	5.0000	16.9000	51
DN_NC_073224.2_19027212_8	400	9.0000	9.1200	51
DN_NC_073224.2_19135994_8	400	9.0000	10.5325	51
DN_NC_073224.2_19235747_8	400	9.0000	10.6575	51
DN_NC_073224.2_19344252_8	400	9.0000	10.6175	51
DN_NC_073224.2_194445089_11	191	2.0000	4.4188	51
DN_NC_073224.2_194593658_8	226	1.5000	2.6150	51
DN_NC_073224.2_196241058_22	400	1.0000	1.0025	2
DN_NC_073224.2_196323176_17	242	1.0000	1.1405	18
DN_NC_073224.2_197128142_3	136	1.0000	17.6765	51
DN_NC_073224.2_199406700_5	87	1.0000	4.4368	51
DN_NC_073224.2_199458269_6	43	2.0000	15.8837	52
DN_NC_073224.2_199494304_6	36	7.5000	23.5556	52
DN_NC_073224.2_200263910_4	95	1.0000	1.3789	23
DN_NC_073224.2_206460331_8	77	1.0000	1.9481	47
DN_NC_073224.2_207257149_3	400	8.0000	7.8225	51
DN_NC_073224.2_207270226_12	400	8.0000	7.9425	51
DN_NC_073224.2_207670698_13	19	1.0000	2.2632	22
DN_NC_073224.2_208886621_22	400	1.0000	1.1275	51
DN_NC_073224.2_210837399_19	219	1.0000	3.5662	52
DN_NC_073224.2_211985035_3	70	3.0000	3.4000	5
DN_NC_073224.2_213161178_3	93	1.0000	1.0538	3
DN_NC_073224.2_213368965_21	48	1.0000	3.8750	47
DN_NC_073224.2_213462039_6	400	51.0000	41.3700	51
DN_NC_073224.2_214075309_3	400	1.0000	1.0100	2
DN_NC_073224.2_214095871_7	400	1.0000	1.0075	2
DN_NC_073224.2_214517378_2	300	9.0000	8.1700	9
DN_NC_073224.2_216467757_3	385	1.0000	1.0052	2
DN_NC_073224.2_216927976_16	36	1.0000	1.0000	1
DN_NC_073224.2_218361248_19	400	12.0000	22.9775	51
DN_NC_073224.2_218434129_23	400	10.0000	14.4925	51
DN_NC_073224.2_219630924_4	11	1.0000	2.4545	17
DN_NC_073224.2_220588830_7	258	5.0000	5.0271	51
DN_NC_073224.2_220611411_7	249	5.0000	4.9157	6
DN_NC_073224.2_223156764_8	400	9.0000	9.6825	47
DN_NC_073224.2_223478295_8	400	9.0000	19.5700	52
DN_NC_073224.2_228923130_6	132	1.0000	1.1515	13
DN_NC_073224.2_228936705_6	117	1.0000	1.0684	3
DN_NC_073224.2_231736369_12	400	2.0000	2.2300	45
DN_NC_073224.2_236757333_2	94	1.0000	1.5000	6
DN_NC_073224.2_239070568_18	119	1.0000	1.0756	10
DN_NC_073224.2_239365488_12	400	1.0000	1.0200	2
DN_NC_073224.2_239847758_15	97	1.0000	1.6495	51
DN_NC_073224.2_25093112_7	400	2.0000	2.5825	52
DN_NC_073224.2_26635584_9	16	1.0000	9.9375	51
DN_NC_073224.2_27333739_3	261	51.0000	46.9502	52
DN_NC_073224.2_29070818_24	400	9.0000	9.1675	51
DN_NC_073224.2_38911600_25	400	1.0000	1.7500	51
DN_NC_073224.2_38985857_7	400	1.0000	3.1100	51
DN_NC_073224.2_40627195_4	355	51.0000	44.7239	52
DN_NC_073224.2_45389129_11	95	51.0000	30.9895	52
DN_NC_073224.2_46970626_9	311	2.0000	1.9228	51
DN_NC_073224.2_47163026_13	5	1.0000	1.0000	1
DN_NC_073224.2_50024137_10	87	1.0000	1.0460	2
DN_NC_073224.2_51430719_7	207	1.0000	1.0531	6
DN_NC_073224.2_53012398_21	96	1.0000	1.3021	12
DN_NC_073224.2_53524414_11	55	1.0000	3.7455	51
DN_NC_073224.2_53535059_3	134	1.0000	2.1269	51
DN_NC_073224.2_53955814_27	400	1.0000	1.2650	51
DN_NC_073224.2_5565564_3	105	2.0000	7.7619	52
DN_NC_073224.2_5641112_4	203	1.0000	3.5616	51
DN_NC_073224.2_5715398_2	103	2.0000	7.0291	51
DN_NC_073224.2_58834163_5	299	1.0000	1.0000	1
DN_NC_073224.2_6827773_11	113	2.0000	2.5398	5
DN_NC_073224.2_77707994_7	57	51.0000	43.1053	52
DN_NC_073224.2_8222533_5	400	50.0000	38.4425	52
DN_NC_073224.2_8261601_4	400	51.0000	49.3575	52
DN_NC_073224.2_8329397_4	400	50.5000	49.5900	52
DN_NC_073224.2_8356715_4	400	50.5000	49.5900	52
DN_NC_073224.2_8422960_4	400	50.5000	49.6925	52
DN_NC_073224.2_84334480_20	115	1.0000	12.4957	51
DN_NC_073224.2_85416146_10	55	3.0000	22.0727	52
DN_NC_073224.2_85471368_7	58	9.0000	22.4483	52
DN_NC_073224.2_90855831_7	85	1.0000	5.1294	52
DN_NC_073224.2_91906991_7	201	2.0000	2.1542	20
DN_NC_073224.2_95093869_7	65	2.0000	2.3692	28
DN_NC_073224.2_95171181_7	68	2.0000	5.2500	51
DN_NC_073224.2_9521619_7	149	3.0000	8.9262	51
DN_NC_073224.2_95638704_6	203	1.0000	2.2167	51
DN_NC_073224.2_95648579_7	206	1.0000	2.1990	51
DN_NC_073224.2_95894630_7	218	51.0000	42.7752	51
DN_NC_073224.2_95939283_8	44	3.0000	14.0227	51
DN_NC_073224.2_96681549_23	248	1.0000	1.0524	2
DN_NC_073224.2_98617594_3	75	35.0000	24.7333	51
DN_NC_073227.2_103831874_13	78	1.0000	1.2692	22
DN_NC_073227.2_107202270_4	10	1.0000	1.0000	1
DN_NC_073227.2_107737271_8	227	1.0000	4.6564	51
DN_NC_073227.2_108696648_23	400	1.0000	2.1475	51
DN_NC_073227.2_108774177_23	400	1.0000	1.8825	51
DN_NC_073227.2_109806788_5	35	33.0000	26.0000	52
DN_NC_073227.2_119617950_9	400	3.0000	6.9025	51
DN_NC_073227.2_119647764_9	400	3.0000	7.3900	51
DN_NC_073227.2_120192697_7	358	2.0000	2.5196	51
DN_NC_073227.2_12039502_7	92	8.0000	8.9783	51
DN_NC_073227.2_12088225_8	400	11.0000	11.1075	17
DN_NC_073227.2_123234622_13	110	7.0000	10.3364	52
DN_NC_073227.2_13097386_9	64	1.0000	1.5312	35
DN_NC_073227.2_133828574_18	400	1.0000	2.0000	51
DN_NC_073227.2_138626266_4	34	1.0000	2.0882	32
DN_NC_073227.2_139561252_10	400	4.0000	11.3500	51
DN_NC_073227.2_142943898_3	77	1.0000	3.7792	51
DN_NC_073227.2_143010447_5	78	1.0000	2.9487	51
DN_NC_073227.2_14699796_2	400	2.0000	2.1400	3
DN_NC_073227.2_14766891_2	400	3.0000	3.1300	51
DN_NC_073227.2_147946045_19	400	1.0000	2.9500	52
DN_NC_073227.2_148229831_8	251	51.0000	38.0478	53
DN_NC_073227.2_148253939_6	400	13.5000	24.1925	53
DN_NC_073227.2_14847068_10	69	1.0000	1.0145	2
DN_NC_073227.2_149041423_9	400	1.0000	1.0525	22
DN_NC_073227.2_15519199_14	44	1.0000	1.0227	2
DN_NC_073227.2_15589297_3	34	1.0000	1.0294	2
DN_NC_073227.2_160095836_15	336	1.0000	1.6042	51
DN_NC_073227.2_164298818_24	400	1.0000	1.2500	51
DN_NC_073227.2_166164041_5	357	6.0000	15.8291	51
DN_NC_073227.2_16860393_3	400	51.0000	47.2375	51
DN_NC_073227.2_17184793_5	321	36.0000	28.9470	51
DN_NC_073227.2_17445647_6	400	14.0000	14.7025	51
DN_NC_073227.2_179688123_13	400	3.0000	3.0400	51
DN_NC_073227.2_179727029_10	400	1.0000	1.7550	51
DN_NC_073227.2_185890924_3	107	3.0000	8.0561	52
DN_NC_073227.2_185943028_3	30	48.0000	29.8333	52
DN_NC_073227.2_190603026_12	400	2.0000	2.0800	52
DN_NC_073227.2_195911333_4	14	1.0000	4.5714	51
DN_NC_073227.2_204398881_3	315	2.0000	3.6317	52
DN_NC_073227.2_205610166_3	400	2.0000	14.2575	52
DN_NC_073227.2_205644909_14	188	2.0000	6.7819	52
DN_NC_073227.2_205687695_12	203	2.0000	6.6355	52
DN_NC_073227.2_206378182_5	163	1.0000	1.0000	1
DN_NC_073227.2_206379213_12	345	1.0000	1.0029	2
DN_NC_073227.2_208386894_3	77	1.0000	14.0390	51
DN_NC_073227.2_210893336_9	313	22.0000	22.7859	51
DN_NC_073227.2_211080863_4	400	23.0000	22.1400	51
DN_NC_073227.2_211100517_2	32	22.0000	22.4688	24
DN_NC_073227.2_211418821_2	250	9.0000	9.5240	51
DN_NC_073227.2_211898132_4	188	2.0000	8.0904	52
DN_NC_073227.2_212285016_9	199	8.0000	7.7286	51
DN_NC_073227.2_21866694_4	26	1.0000	3.6154	52
DN_NC_073227.2_22580407_2	12	1.5000	13.3333	51
DN_NC_073227.2_23212119_11	280	1.0000	11.4571	52
DN_NC_073227.2_23893974_2	388	3.0000	3.3119	52
DN_NC_073227.2_26000468_4	216	1.0000	1.5231	48
DN_NC_073227.2_36265860_3	50	1.0000	10.3400	51
DN_NC_073227.2_47476685_7	207	2.0000	11.3237	51
DN_NC_073227.2_49278079_9	28	1.0000	2.7857	51
DN_NC_073227.2_50003246_2	400	2.0000	2.4825	51
DN_NC_073227.2_55859426_23	361	1.0000	1.2825	49
DN_NC_073227.2_56356744_8	400	1.0000	1.1550	8
DN_NC_073227.2_72845455_9	400	1.0000	6.3700	51
DN_NC_073227.2_72905683_18	400	1.0000	6.2450	51
DN_NC_073227.2_8155721_4	400	23.0000	22.8600	52
DN_NC_073227.2_8633416_4	400	37.0000	29.0775	51
DN_NC_073227.2_8633418_2	400	40.0000	29.3775	51
DN_NC_073227.2_8705656_4	400	10.0000	24.1175	52
DN_NC_073227.2_8792448_3	400	51.0000	39.8725	52
DN_NC_073227.2_8907801_4	400	51.0000	41.4050	52
DN_NC_073227.2_9009655_3	400	51.0000	41.3700	52
DN_NC_073227.2_9009888_2	400	51.0000	41.4400	52
DN_NC_073227.2_9010062_2	400	51.0000	41.4400	52
DN_NC_073227.2_9231816_7	43	1.0000	1.2791	12
DN_NC_073227.2_9238554_4	77	1.0000	1.1818	12
DN_NC_073227.2_93560991_18	58	30.5000	26.0690	51
DN_NC_073227.2_94411155_8	73	1.0000	2.8356	51
DN_NC_073227.2_94499432_2	56	1.0000	4.0714	51
DN_NC_073227.2_96191422_22	400	3.0000	3.3675	51
DN_NC_073227.2_97044821_2	400	13.0000	10.1200	51
DN_NC_073227.2_9789563_10	44	1.0000	1.0000	1
DN_NC_073227.2_99578163_2	142	1.0000	1.1620	2
DN_NC_073228.2_10057969_7	123	1.0000	1.0000	1
DN_NC_073228.2_103031498_31	373	1.0000	1.6863	51
DN_NC_073228.2_10434405_6	400	45.0000	43.1625	51
DN_NC_073228.2_113136254_10	400	1.0000	1.1725	51
DN_NC_073228.2_115483850_5	160	4.0000	4.9688	51
DN_NC_073228.2_115545008_4	158	4.0000	4.0506	51
DN_NC_073228.2_11820810_12	400	1.0000	1.7475	51
DN_NC_073228.2_13195036_13	400	1.0000	1.0050	3
DN_NC_073228.2_13540554_8	268	1.0000	1.0000	1
DN_NC_073228.2_136205303_10	120	2.0000	7.7917	51
DN_NC_073228.2_136280772_10	120	2.0000	4.2500	51
DN_NC_073228.2_138094944_7	400	2.0000	2.9775	51
DN_NC_073228.2_138307166_3	66	3.0000	4.4848	47
DN_NC_073228.2_138430444_12	53	1.0000	1.9434	51
DN_NC_073228.2_141706476_5	54	1.0000	1.9815	51
DN_NC_073228.2_142333279_8	338	51.0000	38.8491	52
DN_NC_073228.2_144488767_12	95	1.0000	1.0737	2
DN_NC_073228.2_144494736_3	142	1.0000	1.3873	2
DN_NC_073228.2_144514226_7	304	3.0000	2.1414	4
DN_NC_073228.2_144520267_4	300	3.0000	2.1467	4
DN_NC_073228.2_144523376_13	400	1.0000	1.0125	4
DN_NC_073228.2_144540580_13	400	1.0000	1.0125	4
DN_NC_073228.2_144930567_2	400	18.0000	17.1250	19
DN_NC_073228.2_144930638_2	400	18.0000	17.1250	19
DN_NC_073228.2_144957130_2	400	18.0000	17.4075	18
DN_NC_073228.2_144970572_2	400	18.0000	17.4475	18
DN_NC_073228.2_145022553_2	400	18.0000	17.7175	18
DN_NC_073228.2_145079893_2	400	18.0000	17.1925	19
DN_NC_073228.2_145079904_2	400	18.0000	17.1925	19
DN_NC_073228.2_145157318_2	155	4.0000	4.8581	18
DN_NC_073228.2_145186024_2	104	3.0000	4.3942	18
DN_NC_073228.2_151255605_14	124	1.0000	1.7984	51
DN_NC_073228.2_154339565_7	85	1.0000	1.5882	51
DN_NC_073228.2_154747841_5	309	1.0000	3.8350	52
DN_NC_073228.2_154780892_3	79	2.0000	12.0380	52
DN_NC_073228.2_15481792_19	27	1.0000	4.6296	52
DN_NC_073228.2_155613898_3	140	15.5000	12.4643	51
DN_NC_073228.2_156235200_4	14	1.0000	5.2857	51
DN_NC_073228.2_157310163_16	41	1.0000	1.0000	1
DN_NC_073228.2_161096696_31	250	1.0000	1.9680	52
DN_NC_073228.2_161454333_5	184	1.0000	2.0326	51
DN_NC_073228.2_16703728_6	211	2.0000	1.9289	51
DN_NC_073228.2_16706128_5	234	2.0000	1.9316	51
DN_NC_073228.2_16713346_17	122	1.0000	1.6639	51
DN_NC_073228.2_174193084_4	39	1.0000	1.0513	2
DN_NC_073228.2_174681363_28	292	1.0000	9.1438	52
DN_NC_073228.2_175667319_12	400	2.0000	2.0225	4
DN_NC_073228.2_176576489_4	400	1.0000	1.2550	51
DN_NC_073228.2_177718215_8	52	1.0000	1.0000	1
DN_NC_073228.2_179795915_6	290	2.0000	2.5379	51
DN_NC_073228.2_179980536_5	266	3.0000	8.9173	52
DN_NC_073228.2_180865938_18	51	1.0000	3.9412	51
DN_NC_073228.2_181756447_11	248	1.0000	2.1815	51
DN_NC_073228.2_181772207_4	241	1.0000	2.2033	51
DN_NC_073228.2_182227322_13	295	1.0000	1.2034	49
DN_NC_073228.2_182334642_5	370	2.0000	2.0649	21
DN_NC_073228.2_182473921_9	104	4.0000	7.3462	51
DN_NC_073228.2_182513643_26	253	4.0000	6.5020	53
DN_NC_073228.2_182587557_24	245	4.0000	6.1102	53
DN_NC_073228.2_182638384_11	107	4.0000	5.0748	51
DN_NC_073228.2_182778476_6	296	2.0000	3.0507	51
DN_NC_073228.2_182827930_5	397	2.0000	2.4736	51
DN_NC_073228.2_182864372_4	46	1.0000	4.0435	51
DN_NC_073228.2_182909765_5	12	1.0000	9.7500	51
DN_NC_073228.2_182994030_5	220	1.0000	1.5682	51
DN_NC_073228.2_183595646_14	400	6.0000	5.5550	7
DN_NC_073228.2_183658467_2	209	33.0000	28.0909	35
DN_NC_073228.2_183798210_8	400	1.0000	1.0025	2
DN_NC_073228.2_183812935_7	142	1.0000	1.0493	6
DN_NC_073228.2_184836165_2	188	1.0000	1.8085	51
DN_NC_073228.2_184836166_2	188	1.0000	1.8085	51
DN_NC_073228.2_185199640_2	54	3.0000	4.0370	51
DN_NC_073228.2_18740149_2	400	1.0000	1.0075	3
DN_NC_073228.2_18761647_14	400	1.0000	1.0050	3
DN_NC_073228.2_18779384_3	70	1.0000	1.8143	52
DN_NC_073228.2_18798859_2	69	1.0000	1.8261	52
DN_NC_073228.2_22763468_38	400	2.0000	2.1575	51
DN_NC_073228.2_22930246_39	400	2.0000	2.0000	2
DN_NC_073228.2_23038330_39	400	2.0000	2.1275	51
DN_NC_073228.2_23742950_7	385	3.0000	2.9091	52
DN_NC_073228.2_27022347_6	400	3.0000	7.9025	52
DN_NC_073228.2_27148471_4	400	13.0000	24.5000	51
DN_NC_073228.2_27169290_8	310	5.0000	24.7613	51
DN_NC_073228.2_28222257_21	400	1.0000	1.0175	3
DN_NC_073228.2_28230327_9	400	1.0000	1.0000	1
DN_NC_073228.2_28439701_5	400	7.0000	6.3050	7
DN_NC_073228.2_29619142_9	118	2.0000	2.1695	12
DN_NC_073228.2_30586164_7	7	1.0000	8.2857	51
DN_NC_073228.2_31824273_3	308	7.0000	7.2500	51
DN_NC_073228.2_32366054_32	400	1.0000	1.1325	52
DN_NC_073228.2_33351152_31	184	5.0000	6.9185	52
DN_NC_073228.2_33351168_2	135	6.0000	7.6444	52
DN_NC_073228.2_33518400_11	62	1.0000	1.8065	51
DN_NC_073228.2_37084614_4	400	2.0000	2.2150	51
DN_NC_073228.2_37089052_16	400	2.0000	2.6550	51
DN_NC_073228.2_41229799_2	124	1.0000	1.0000	1
DN_NC_073228.2_41871026_51	400	1.0000	1.0000	1
DN_NC_073228.2_45686814_4	400	10.0000	9.4450	52
DN_NC_073228.2_45710800_6	400	10.0000	9.2075	52
DN_NC_073228.2_45948292_6	400	11.0000	10.1375	15
DN_NC_073228.2_45974488_9	144	3.0000	3.5694	12
DN_NC_073228.2_46729356_10	400	12.0000	11.6900	51
DN_NC_073228.2_46778774_7	154	3.0000	4.1883	51
DN_NC_073228.2_47938018_2	22	31.5000	31.4091	51
DN_NC_073228.2_49477319_5	47	2.0000	11.7234	52
DN_NC_073228.2_49710333_4	400	51.0000	48.6200	52
DN_NC_073228.2_49804904_11	375	3.0000	3.1573	51
DN_NC_073228.2_49856055_11	400	3.0000	3.3575	52
DN_NC_073228.2_50347799_18	96	1.0000	1.0000	1
DN_NC_073228.2_52119080_9	29	1.0000	7.5862	52
DN_NC_073228.2_53278878_13	27	1.0000	2.0370	17
DN_NC_073228.2_53674812_10	346	1.0000	1.1936	3
DN_NC_073228.2_54243403_14	106	15.0000	13.8208	21
DN_NC_073228.2_56462402_14	104	15.0000	14.0288	21
DN_NC_073228.2_56531257_20	234	8.0000	10.6752	52
DN_NC_073228.2_57285795_22	400	3.0000	2.9050	35
DN_NC_073228.2_57477870_3	143	2.0000	14.8042	52
DN_NC_073228.2_57567147_5	102	3.0000	18.7843	53
DN_NC_073228.2_57583458_4	138	2.0000	14.8841	53
DN_NC_073228.2_57642308_6	91	3.0000	17.6154	53
DN_NC_073228.2_58045766_15	58	1.0000	1.2759	9
DN_NC_073228.2_58687413_3	20	1.0000	3.7500	51
DN_NC_073228.2_58745873_3	21	1.0000	3.5714	51
DN_NC_073228.2_60766049_19	400	2.0000	2.4175	51
DN_NC_073228.2_60914130_12	400	12.0000	11.5575	52
DN_NC_073228.2_61034643_7	57	2.0000	3.4035	51
DN_NC_073228.2_62340772_5	284	12.0000	11.2570	51
DN_NC_073228.2_62433488_6	400	5.0000	8.4100	51
DN_NC_073228.2_64369461_5	101	6.0000	19.6634	52
DN_NC_073228.2_64684384_5	63	1.0000	2.0000	52
DN_NC_073228.2_64691860_6	44	1.0000	2.4318	52
DN_NC_073228.2_64755384_5	122	1.0000	1.6885	39
DN_NC_073228.2_64760968_3	276	2.0000	13.6341	51
DN_NC_073228.2_64771915_4	357	51.0000	33.8011	52
DN_NC_073228.2_64771950_2	350	51.0000	34.4371	52
DN_NC_073228.2_66328056_2	53	6.0000	12.2830	51
DN_NC_073228.2_70438436_2	400	19.0000	18.6875	51
DN_NC_073228.2_70719297_2	106	20.0000	15.3019	52
DN_NC_073228.2_78724694_4	132	3.0000	3.4242	33
DN_NC_073228.2_78872851_5	400	8.0000	11.6400	51
DN_NC_073228.2_78970101_2	206	3.0000	3.9417	51
DN_NC_073228.2_78970117_3	206	3.0000	3.9417	51
DN_NC_073228.2_79204251_5	130	3.0000	3.0846	15
DN_NC_073228.2_79859997_3	383	7.0000	6.5091	51
DN_NC_073228.2_79926211_12	400	3.0000	3.4100	52
DN_NC_073228.2_81446275_7	400	3.0000	2.7175	8
DN_NC_073228.2_81689164_6	400	2.0000	2.5450	9
DN_NC_073228.2_83259868_7	400	2.0000	2.8700	52
DN_NC_073228.2_83368453_5	381	7.0000	6.3990	20
DN_NC_073228.2_83434996_12	400	3.0000	3.3025	52
DN_NC_073228.2_83513581_6	214	1.0000	1.3131	52
DN_NC_073228.2_83600319_6	202	1.0000	1.3267	29
DN_NC_073228.2_83796015_2	400	19.0000	19.2650	51
DN_NC_073228.2_84714357_6	233	1.0000	1.8369	45
DN_NC_073228.2_8941710_13	399	1.0000	1.3835	35
DN_NC_073228.2_9043620_39	390	1.0000	2.6256	51
DN_NC_073228.2_91400267_25	400	1.0000	1.3825	51
DN_NC_073228.2_91522397_9	371	1.0000	1.4528	51
DN_NC_073228.2_9291784_6	43	3.0000	4.0698	51
DN_NC_073228.2_9345525_10	400	4.0000	4.0725	51
DN_NC_073228.2_9720205_10	400	1.0000	1.2625	10
DN_NC_073228.2_97705476_2	231	51.0000	37.9654	51
DN_NC_073228.2_9959442_6	121	1.0000	1.4298	52
DN_NC_073229.2_107305414_13	400	1.0000	19.5275	52
DN_NC_073229.2_109663823_28	400	1.0000	1.2525	51
DN_NC_073229.2_113642543_16	103	1.0000	3.4660	51
DN_NC_073229.2_113787300_3	400	5.0000	4.2200	7
DN_NC_073229.2_135821332_11	87	2.0000	1.5747	2
DN_NC_073229.2_136502891_3	125	2.0000	2.3920	51
DN_NC_073229.2_136550623_3	400	6.0000	5.7200	51
DN_NC_073229.2_140139419_8	32	23.0000	25.7188	52
DN_NC_073229.2_140449427_2	64	1.0000	3.0938	52
DN_NC_073229.2_140476081_2	400	1.0000	1.1875	52
DN_NC_073229.2_141117205_4	155	6.0000	15.4516	53
DN_NC_073229.2_147682056_8	313	1.0000	1.3674	52
DN_NC_073229.2_157439925_18	82	1.0000	2.4390	51
DN_NC_073229.2_174132332_5	400	3.0000	3.2350	40
DN_NC_073229.2_174168227_4	394	3.0000	3.0964	40
DN_NC_073229.2_174230881_5	399	3.0000	3.0652	18
DN_NC_073229.2_17702988_11	400	4.0000	5.0650	52
DN_NC_073229.2_181371301_3	232	1.0000	1.0000	1
DN_NC_073229.2_182999268_13	400	2.0000	1.9850	2
DN_NC_073229.2_183992530_9	400	2.0000	2.8450	51
DN_NC_073229.2_184008587_12	400	4.0000	2.9950	51
DN_NC_073229.2_190755772_21	30	1.0000	1.0667	2
DN_NC_073229.2_193493894_22	190	1.0000	1.1579	20
DN_NC_073229.2_194862622_5	74	24.5000	28.9054	52
DN_NC_073229.2_195378107_3	400	23.0000	25.6800	52
DN_NC_073229.2_20497552_7	400	1.0000	1.5250	51
DN_NC_073229.2_20766733_4	400	26.0000	23.1225	51
DN_NC_073229.2_21470970_2	114	1.0000	1.0263	2
DN_NC_073229.2_21709541_6	199	1.0000	1.6935	52
DN_NC_073229.2_21735101_10	208	1.0000	1.4183	51
DN_NC_073229.2_28348360_6	272	3.0000	3.8088	51
DN_NC_073229.2_28419493_6	279	3.0000	4.0753	51
DN_NC_073229.2_29619457_3	18	1.0000	12.4444	51
DN_NC_073229.2_42464475_7	57	1.0000	1.9825	35
DN_NC_073229.2_43677378_4	276	51.0000	42.3913	52
DN_NC_073229.2_43808975_3	400	2.0000	9.2325	51
DN_NC_073229.2_43841872_2	133	20.0000	21.1579	51
DN_NC_073229.2_44058305_8	400	3.0000	3.0525	22
DN_NC_073229.2_44079934_10	227	3.0000	3.0793	22
DN_NC_073229.2_44118209_11	281	3.0000	3.0712	22
DN_NC_073229.2_44135507_8	400	3.0000	3.0550	22
DN_NC_073229.2_44179535_6	8	1.0000	3.8750	22
DN_NC_073229.2_44501801_6	400	8.0000	8.3700	51
DN_NC_073229.2_44967262_5	60	1.0000	7.7833	51
DN_NC_073229.2_45005781_3	67	51.0000	30.7463	52
DN_NC_073229.2_45067329_6	297	1.0000	3.4444	52
DN_NC_073229.2_45706582_4	42	1.0000	7.2143	52
DN_NC_073229.2_45747170_4	36	1.0000	3.9444	52
DN_NC_073229.2_45764485_6	129	1.0000	2.2016	52
DN_NC_073229.2_45784439_7	54	1.0000	3.8704	52
DN_NC_073229.2_45857463_4	58	1.0000	10.5517	52
DN_NC_073229.2_45875453_5	87	2.0000	8.1954	52
DN_NC_073229.2_45959984_4	201	1.0000	5.8458	52
DN_NC_073229.2_45985816_6	136	2.0000	4.6324	51
DN_NC_073229.2_46022147_4	133	1.0000	3.0526	51
DN_NC_073229.2_46514381_2	193	9.0000	8.8756	52
DN_NC_073229.2_46518353_2	57	7.0000	8.4035	52
DN_NC_073229.2_46656086_7	63	1.0000	9.0794	52
DN_NC_073229.2_47377766_7	400	9.0000	9.1625	51
DN_NC_073229.2_47549272_8	400	8.0000	8.8575	52
DN_NC_073229.2_47663527_8	400	9.0000	7.9075	27
DN_NC_073229.2_48177425_8	400	10.0000	10.0850	51
DN_NC_073229.2_48413863_4	400	6.0000	6.4275	52
DN_NC_073229.2_48967498_8	400	9.0000	15.7700	52
DN_NC_073229.2_49051174_8	400	10.0000	10.7000	52
DN_NC_073229.2_49412440_2	400	5.0000	4.3825	5
DN_NC_073229.2_49412455_2	400	5.0000	4.3825	5
DN_NC_073229.2_49424718_2	400	5.0000	4.5375	5
DN_NC_073229.2_49429142_2	400	5.0000	4.5650	5
DN_NC_073229.2_49484905_28	211	1.0000	1.0142	4
DN_NC_073229.2_49583451_41	245	2.0000	2.0041	3
DN_NC_073229.2_49609902_41	303	2.0000	2.3333	8
DN_NC_073229.2_49774005_9	119	2.0000	1.8571	2
DN_NC_073229.2_50085643_6	400	8.0000	9.7525	52
DN_NC_073229.2_50300098_6	400	8.0000	9.4200	52
DN_NC_073229.2_50358119_5	32	2.0000	17.7812	52
DN_NC_073229.2_50380193_5	93	2.0000	4.1290	52
DN_NC_073229.2_50716510_5	27	1.0000	5.7407	51
DN_NC_073229.2_50784857_5	28	1.0000	16.1429	51
DN_NC_073229.2_50795834_6	157	8.0000	9.8408	51
DN_NC_073229.2_52163606_6	110	4.0000	17.7091	51
DN_NC_073229.2_52271806_8	16	1.0000	4.7500	42
DN_NC_073229.2_53231942_12	37	1.0000	5.2162	51
DN_NC_073229.2_57565568_13	50	1.0000	1.0000	1
DN_NC_073229.2_60720496_6	134	1.0000	2.1418	51
DN_NC_073229.2_60778300_16	400	1.0000	1.4250	51
DN_NC_073229.2_60831709_26	176	1.0000	1.4886	23
DN_NC_073229.2_60853569_16	207	1.0000	1.1498	23
DN_NC_073229.2_60975828_26	120	2.0000	1.8083	34
DN_NC_073229.2_61929003_23	50	1.0000	1.5800	29
DN_NC_073229.2_62050928_12	400	11.0000	10.9100	52
DN_NC_073229.2_64639535_22	121	2.0000	1.9835	5
DN_NC_073229.2_67950085_3	114	51.0000	47.7193	52
DN_NC_073229.2_70515777_4	400	6.0000	7.6025	51
DN_NC_073229.2_70527768_7	400	6.0000	7.8425	51
DN_NC_073229.2_70567152_7	400	6.0000	8.4375	52
DN_NC_073229.2_70609285_7	400	6.0000	8.4375	52
DN_NC_073229.2_70674504_7	400	6.0000	7.1825	52
DN_NC_073229.2_86209092_3	400	5.0000	10.0450	52
DN_NC_073229.2_94673034_3	30	1.0000	9.9333	52
DN_NC_073229.2_94771458_11	400	51.0000	35.7325	51
DN_NC_073229.2_94961202_4	222	1.0000	6.0991	52
DN_NC_073229.2_97353754_3	201	2.0000	3.3582	51
DN_NC_073229.2_97456874_3	14	4.0000	9.9286	51
DN_NC_073229.2_97606864_8	400	9.0000	14.5925	51
DN_NC_073230.2_101581724_4	400	1.0000	2.9425	52
DN_NC_073230.2_101602035_18	400	1.0000	2.6475	52
DN_NC_073230.2_101646316_2	400	1.0000	2.6475	52
DN_NC_073230.2_108545376_8	400	1.0000	1.0025	2
DN_NC_073230.2_112158616_4	400	2.0000	3.1400	17
DN_NC_073230.2_113873404_2	16	1.0000	6.7500	51
DN_NC_073230.2_115994887_11	400	2.0000	2.1475	38
DN_NC_073230.2_116119215_11	400	1.0000	1.0000	1
DN_NC_073230.2_116150343_22	400	1.0000	1.0000	1
DN_NC_073230.2_116851282_14	400	1.0000	1.6325	52
DN_NC_073230.2_12413521_6	400	2.0000	2.4400	51
DN_NC_073230.2_124939640_5	23	43.0000	29.2609	52
DN_NC_073230.2_12962256_6	400	41.0000	39.9500	51
DN_NC_073230.2_132467242_13	119	1.0000	1.9076	52
DN_NC_073230.2_13331389_15	53	2.0000	4.1321	48
DN_NC_073230.2_13358875_21	45	2.0000	2.9556	45
DN_NC_073230.2_137552467_7	125	2.0000	3.6800	51
DN_NC_073230.2_13762772_6	393	5.0000	5.0025	6
DN_NC_073230.2_137926513_11	159	2.0000	4.4591	51
DN_NC_073230.2_138011361_9	9	1.0000	1.0000	1
DN_NC_073230.2_14161449_15	400	11.0000	9.4750	51
DN_NC_073230.2_14200490_21	85	2.0000	5.0941	51
DN_NC_073230.2_14245227_15	72	3.0000	13.1389	51
DN_NC_073230.2_143596666_10	99	5.0000	6.2222	51
DN_NC_073230.2_143617302_10	105	5.0000	7.3524	51
DN_NC_073230.2_149202220_20	64	1.0000	1.4688	25
DN_NC_073230.2_149564614_8	400	11.0000	11.8875	51
DN_NC_073230.2_150857421_7	163	4.0000	11.6380	52
DN_NC_073230.2_152836468_8	64	1.0000	1.9062	51
DN_NC_073230.2_152880918_9	400	1.0000	1.3775	51
DN_NC_073230.2_159385621_3	68	1.0000	6.1029	51
DN_NC_073230.2_159879400_23	324	1.0000	1.0000	1
DN_NC_073230.2_160290576_8	219	2.0000	2.7078	51
DN_NC_073230.2_161022909_27	400	33.0000	37.9175	53
DN_NC_073230.2_161461454_2	400	12.0000	15.0950	53
DN_NC_073230.2_165840202_11	115	2.0000	3.3826	51
DN_NC_073230.2_168783006_4	400	23.0000	23.1550	51
DN_NC_073230.2_28044538_2	198	48.0000	43.9141	52
DN_NC_073230.2_29909396_5	149	2.0000	3.3087	51
DN_NC_073230.2_37931018_4	91	3.0000	9.9011	52
DN_NC_073230.2_40386475_10	400	2.0000	2.0225	10
DN_NC_073230.2_44313875_22	288	1.0000	4.2569	52
DN_NC_073230.2_47037104_3	138	2.0000	8.0435	51
DN_NC_073230.2_47037167_3	94	2.0000	11.6596	51
DN_NC_073230.2_47098444_23	400	8.0000	8.8750	51
DN_NC_073230.2_47332274_8	98	1.0000	5.9592	52
DN_NC_073230.2_51605178_3	91	2.0000	9.6044	51
DN_NC_073230.2_51812102_9	306	8.0000	8.9575	51
DN_NC_073230.2_51889040_3	33	2.0000	3.6667	51
DN_NC_073230.2_52044244_19	27	1.0000	2.8519	51
DN_NC_073230.2_52428682_23	392	1.0000	1.0485	11
DN_NC_073230.2_53547116_11	400	12.0000	16.1650	51
DN_NC_073230.2_56036026_15	127	51.0000	49.8583	52
DN_NC_073230.2_63523034_4	400	2.0000	2.0525	14
DN_NC_073230.2_63938060_3	234	2.0000	14.6667	52
DN_NC_073230.2_63974160_10	400	20.0000	24.8450	51
DN_NC_073230.2_64191496_8	121	51.0000	28.6694	52
DN_NC_073230.2_64231587_14	400	4.0000	10.3800	52
DN_NC_073230.2_64295055_2	80	51.0000	39.7875	52
DN_NC_073230.2_64705365_4	190	2.0000	2.8789	38
DN_NC_073230.2_64900495_2	267	11.0000	16.2172	52
DN_NC_073230.2_72857214_2	128	8.0000	9.1172	49
DN_NC_073230.2_72907176_2	138	7.0000	8.5797	49
DN_NC_073230.2_73388327_2	400	51.0000	49.1700	52
DN_NC_073230.2_73508332_4	400	50.0000	46.8750	52
DN_NC_073230.2_73776646_4	400	51.0000	48.9375	52
DN_NC_073230.2_73977205_4	400	50.0000	45.9375	52
DN_NC_073230.2_74126483_4	400	50.0000	45.2225	52
DN_NC_073230.2_74190280_2	400	51.0000	44.5550	52
DN_NC_073230.2_74190289_5	400	51.0000	44.5550	52
DN_NC_073230.2_74299233_4	400	50.0000	43.3025	52
DN_NC_073230.2_74637722_4	400	50.0000	43.3875	52
DN_NC_073230.2_74637814_2	400	50.0000	43.3875	52
DN_NC_073230.2_74930869_10	400	4.0000	8.5850	50
DN_NC_073230.2_74941165_2	400	4.0000	8.5850	50
DN_NC_073230.2_75755711_3	400	6.0000	8.8150	51
DN_NC_073230.2_75935335_9	400	4.0000	4.0950	47
DN_NC_073230.2_76179541_5	400	3.0000	3.0350	14
DN_NC_073230.2_76190196_16	400	2.0000	2.0325	14
DN_NC_073230.2_76425037_7	400	2.0000	2.0000	2
DN_NC_073230.2_80576116_9	79	7.0000	9.9747	51
DN_NC_073230.2_81087606_7	400	11.0000	9.7725	33
DN_NC_073230.2_82009167_15	400	2.0000	2.2925	11
DN_NC_073230.2_82279960_5	400	3.0000	3.2700	51
DN_NC_073230.2_82390460_3	111	2.0000	2.3694	16
DN_NC_073230.2_82396764_10	400	2.0000	3.0875	51
DN_NC_073230.2_82405962_7	63	2.0000	2.6349	16
DN_NC_073230.2_83196711_9	37	1.0000	2.2162	45
DN_NC_073230.2_84149572_5	400	2.0000	3.9625	33
DN_NC_073230.2_84189831_5	74	2.0000	6.3108	52
DN_NC_073230.2_84201987_11	400	2.0000	4.5700	52
DN_NC_073230.2_84208466_3	128	2.0000	4.5000	51
DN_NC_073230.2_84474222_2	400	1.0000	1.3550	52
DN_NC_073230.2_84854491_12	400	1.0000	1.0800	32
DN_NC_073230.2_86050165_15	400	2.0000	2.7000	51
DN_NC_073230.2_86077849_4	400	5.0000	7.1050	51
DN_NC_073230.2_86128587_5	365	9.0000	9.7452	51
DN_NC_073230.2_86186055_4	400	5.0000	7.2575	33
DN_NC_073230.2_86213678_7	364	8.0000	9.2170	51
DN_NC_073230.2_86257459_21	400	12.0000	25.0900	53
DN_NC_073230.2_87974016_14	157	1.0000	1.3185	51
DN_NC_073230.2_88115984_10	285	1.0000	1.7018	51
DN_NC_073230.2_88425670_12	242	3.0000	5.0579	51
DN_NC_073230.2_88640144_6	92	1.0000	7.0326	53
DN_NC_073230.2_88683937_6	308	1.0000	2.5097	53
DN_NC_073230.2_88700652_4	235	1.0000	3.2128	53
DN_NC_073230.2_88726357_6	376	1.0000	2.7420	53
DN_NC_073230.2_89256114_4	111	2.0000	2.9189	52
DN_NC_073230.2_89274458_2	134	2.0000	2.6642	51
DN_NC_073230.2_89296262_6	370	1.0000	1.1405	51
DN_NC_073230.2_89330255_2	162	1.0000	1.3642	51
DN_NC_073230.2_89389986_8	400	1.0000	1.2550	51
DN_NC_073230.2_89408091_6	400	1.0000	1.1300	51
DN_NC_073230.2_90977223_13	267	7.0000	7.2884	51
DN_NC_073230.2_91654449_3	92	1.0000	20.2826	52
DN_NC_073230.2_92132360_3	103	2.0000	5.6699	53
DN_NC_073230.2_94413807_52	400	1.0000	1.0000	1
DN_NC_073230.2_95688791_4	35	1.0000	5.4857	51
DN_NC_073230.2_95718597_3	78	1.0000	10.4103	52
DN_NC_073230.2_98628332_5	76	2.0000	2.6711	51
DN_NC_073230.2_98668717_3	336	6.0000	5.7619	51
DN_NC_073231.2_104280615_11	400	1.0000	1.0250	11
DN_NC_073231.2_105681903_7	71	1.0000	3.2113	52
DN_NC_073231.2_105703620_4	166	6.5000	6.3253	52
DN_NC_073231.2_107519754_4	370	1.0000	2.4622	51
DN_NC_073231.2_109134791_7	400	1.0000	1.0475	20
DN_NC_073231.2_114003443_13	250	2.0000	2.0280	51
DN_NC_073231.2_11581641_7	400	14.0000	14.5075	51
DN_NC_073231.2_12364354_11	24	1.0000	3.0833	51
DN_NC_073231.2_130802378_3	159	1.0000	3.7862	51
DN_NC_073231.2_130827518_11	400	1.0000	2.0975	51
DN_NC_073231.2_130851528_29	400	1.0000	1.9725	51
DN_NC_073231.2_14164248_27	364	1.0000	1.3984	52
DN_NC_073231.2_148826481_3	80	1.0000	12.4875	52
DN_NC_073231.2_149140314_3	84	1.0000	2.2143	51
DN_NC_073231.2_149487100_2	131	1.0000	1.0229	2
DN_NC_073231.2_149487156_2	131	1.0000	1.0229	2
DN_NC_073231.2_150568091_5	230	1.0000	2.2348	52
DN_NC_073231.2_150618111_5	118	1.0000	17.5339	52
DN_NC_073231.2_150671293_2	391	1.0000	5.4962	52
DN_NC_073231.2_150671310_5	393	1.0000	5.6056	53
DN_NC_073231.2_150726059_5	162	1.0000	14.6543	52
DN_NC_073231.2_150777699_3	195	1.0000	12.3487	52
DN_NC_073231.2_150817007_4	117	1.0000	13.2479	52
DN_NC_073231.2_150893284_5	396	51.0000	42.7323	52
DN_NC_073231.2_150902261_3	400	23.0000	23.4625	51
DN_NC_073231.2_151095996_10	400	30.0000	35.8650	52
DN_NC_073231.2_151170137_9	203	8.0000	8.0345	51
DN_NC_073231.2_26115616_28	400	1.0000	1.0150	6
DN_NC_073231.2_27206312_6	221	1.0000	2.1584	52
DN_NC_073231.2_27219653_9	346	1.5000	10.8092	52
DN_NC_073231.2_27335163_6	140	4.0000	15.3500	52
DN_NC_073231.2_27367940_9	141	4.0000	15.2482	52
DN_NC_073231.2_27420263_10	60	1.0000	5.8667	51
DN_NC_073231.2_30601556_2	400	3.0000	3.0975	37
DN_NC_073231.2_30794526_14	400	1.0000	1.0000	1
DN_NC_073231.2_32715505_7	214	1.0000	1.4860	51
DN_NC_073231.2_33560018_4	64	1.0000	4.2188	51
DN_NC_073231.2_35021307_7	96	1.0000	13.5000	51
DN_NC_073231.2_4571400_3	111	19.0000	24.4324	52
DN_NC_073231.2_4596743_6	97	5.0000	9.6289	52
DN_NC_073231.2_47085106_7	342	10.0000	13.3830	53
DN_NC_073231.2_49018603_18	18	1.0000	1.1667	3
DN_NC_073231.2_50727873_22	400	1.0000	2.4750	52
DN_NC_073231.2_53153474_12	400	1.0000	1.1450	52
DN_NC_073231.2_53708239_3	14	1.0000	1.5714	5
DN_NC_073231.2_6126395_2	19	10.0000	17.7368	51
DN_NC_073231.2_79409495_17	48	1.0000	3.1458	39
DN_NC_073231.2_79838229_13	400	2.0000	2.3925	51
DN_NC_073231.2_79866967_2	400	2.0000	2.3700	51
DN_NC_073231.2_83007056_9	195	1.0000	1.7641	51
DN_NC_073232.2_100192352_9	59	3.0000	3.9661	51
DN_NC_073232.2_100896386_2	99	2.0000	5.5657	51
DN_NC_073232.2_100896386_3	120	2.0000	1.7917	8
DN_NC_073232.2_101260375_9	400	10.0000	8.7125	12
DN_NC_073232.2_101543079_10	400	1.0000	1.3075	51
DN_NC_073232.2_103494970_2	90	1.0000	1.5667	51
DN_NC_073232.2_104141687_27	210	1.0000	1.2286	35
DN_NC_073232.2_104390833_9	48	1.0000	2.8333	37
DN_NC_073232.2_108139494_4	174	19.0000	25.2414	52
DN_NC_073232.2_108425417_2	400	1.0000	1.2450	45
DN_NC_073232.2_108425608_2	400	1.0000	1.2425	45
DN_NC_073232.2_109704136_4	400	13.0000	13.5875	51
DN_NC_073232.2_113619502_15	400	1.0000	1.0000	1
DN_NC_073232.2_12004654_22	266	1.0000	1.1880	51
DN_NC_073232.2_122771445_4	285	3.0000	3.9895	51
DN_NC_073232.2_123144734_12	400	1.0000	1.0075	3
DN_NC_073232.2_123171879_4	400	1.0000	1.0050	3
DN_NC_073232.2_128963971_12	379	1.0000	1.0000	1
DN_NC_073232.2_134750324_9	58	1.0000	1.0000	1
DN_NC_073232.2_135159346_4	355	2.0000	2.7070	52
DN_NC_073232.2_135204586_6	379	2.0000	2.7361	52
DN_NC_073232.2_135254310_6	400	1.0000	1.1250	51
DN_NC_073232.2_135264721_4	400	1.0000	1.1250	51
DN_NC_073232.2_137259733_11	206	15.0000	14.1456	52
DN_NC_073232.2_139190015_27	317	1.0000	1.3028	51
DN_NC_073232.2_13920774_9	400	4.0000	19.1875	54
DN_NC_073232.2_13945467_9	400	4.0000	19.4925	54
DN_NC_073232.2_140203810_21	184	1.0000	1.2880	52
DN_NC_073232.2_14351656_4	25	1.0000	4.4400	50
DN_NC_073232.2_144274206_9	93	2.0000	3.5161	40
DN_NC_073232.2_144546965_14	157	1.0000	1.0000	1
DN_NC_073232.2_145623155_3	193	1.0000	3.1192	52
DN_NC_073232.2_146269317_5	400	23.0000	23.6525	51
DN_NC_073232.2_14850424_21	400	1.0000	1.0025	2
DN_NC_073232.2_14895260_2	400	1.0000	1.0575	24
DN_NC_073232.2_15175774_15	400	1.0000	1.8675	52
DN_NC_073232.2_26196651_3	400	1.0000	1.0025	2
DN_NC_073232.2_26211167_9	400	1.0000	1.0000	1
DN_NC_073232.2_34013134_3	330	1.0000	1.5424	52
DN_NC_073232.2_36391573_6	400	2.0000	2.0375	13
DN_NC_073232.2_40728717_16	211	1.0000	1.1659	33
DN_NC_073232.2_41878762_20	63	1.0000	2.6508	51
DN_NC_073232.2_41941662_15	102	1.0000	2.0098	51
DN_NC_073232.2_42022900_16	400	14.0000	15.1150	51
DN_NC_073232.2_42152672_3	52	1.0000	4.0577	51
DN_NC_073232.2_42645510_15	400	2.0000	4.2375	52
DN_NC_073232.2_46350686_18	400	1.0000	1.0025	2
DN_NC_073232.2_46484201_18	62	1.0000	1.7097	45
DN_NC_073232.2_46766506_15	400	2.0000	2.4975	6
DN_NC_073232.2_46804261_15	400	4.0000	4.0000	5
DN_NC_073232.2_50172230_4	51	2.0000	17.6078	51
DN_NC_073232.2_54856348_6	201	1.0000	1.0000	1
DN_NC_073232.2_56389207_14	115	1.0000	4.5130	51
DN_NC_073232.2_56509561_5	119	1.0000	2.7899	51
DN_NC_073232.2_64911725_5	400	3.0000	3.0100	4
DN_NC_073232.2_65009281_5	400	3.0000	3.0575	9
DN_NC_073232.2_65161149_4	400	2.0000	1.9950	5
DN_NC_073232.2_65534545_21	400	3.0000	3.1425	51
DN_NC_073232.2_65721054_29	400	3.0000	3.4775	22
DN_NC_073232.2_65905862_9	400	6.0000	6.0275	51
DN_NC_073232.2_66124270_23	109	1.0000	1.9174	51
DN_NC_073232.2_68371563_10	400	7.0000	8.5275	22
DN_NC_073232.2_68618263_8	400	21.0000	14.6550	22
DN_NC_073232.2_68914292_6	400	2.0000	2.2150	4
DN_NC_073232.2_69473322_8	400	22.0000	16.5475	52
DN_NC_073232.2_69588940_31	400	3.0000	3.4750	22
DN_NC_073232.2_71834982_5	55	1.0000	2.9818	51
DN_NC_073232.2_71881610_2	115	1.0000	2.5217	52
DN_NC_073232.2_71881634_2	115	1.0000	2.5217	52
DN_NC_073232.2_71973207_3	40	1.0000	18.4250	52
DN_NC_073232.2_72046295_2	400	2.0000	3.4475	51
DN_NC_073232.2_72618921_23	400	22.0000	23.6125	51
DN_NC_073232.2_72820474_5	324	2.0000	3.0185	52
DN_NC_073232.2_72957232_4	131	51.0000	36.4885	52
DN_NC_073232.2_80964961_8	256	2.0000	3.8203	52
DN_NC_073232.2_81033881_5	324	2.0000	3.8395	52
DN_NC_073232.2_81134357_6	282	1.0000	2.8688	51
DN_NC_073232.2_81253567_6	304	2.0000	2.7961	51
DN_NC_073232.2_8583099_4	400	23.0000	23.4950	52
DN_NC_073232.2_88373590_10	400	2.0000	2.1275	52
DN_NC_073232.2_8894424_4	64	3.0000	6.7031	52
DN_NC_073232.2_89563823_24	400	2.0000	2.3775	52
DN_NC_073232.2_8975313_3	400	26.0000	24.4850	51
DN_NC_073232.2_91788490_6	400	2.0000	2.0900	35
DN_NC_073232.2_92223921_5	186	3.0000	3.8441	11
DN_NC_073232.2_92781991_6	400	3.0000	3.2650	51
DN_NC_073232.2_99433455_13	400	6.0000	6.2000	51
DN_NC_073232.2_99479042_10	301	2.0000	2.4219	51
DN_NC_073232.2_99723280_5	189	3.0000	3.8307	11
DN_NC_073232.2_99830035_5	278	1.0000	1.4353	51
DN_NC_073233.2_103065421_4	22	1.0000	1.0000	1
DN_NC_073233.2_103150044_4	20	1.0000	1.0000	1
DN_NC_073233.2_103702122_11	400	2.0000	1.8725	6
DN_NC_073233.2_103744968_15	400	5.0000	4.6325	16
DN_NC_073233.2_10737351_7	135	1.0000	3.4741	52
DN_NC_073233.2_110213303_8	94	1.0000	2.8511	51
DN_NC_073233.2_110238282_9	400	1.0000	1.4250	51
DN_NC_073233.2_112912081_9	32	4.0000	13.1250	52
DN_NC_073233.2_112925764_3	27	4.0000	13.2222	52
DN_NC_073233.2_113496230_16	182	1.0000	5.2033	53
DN_NC_073233.2_11450665_3	57	51.0000	41.5263	53
DN_NC_073233.2_116263271_8	47	1.0000	21.2979	52
DN_NC_073233.2_118106361_14	400	4.0000	3.8425	51
DN_NC_073233.2_11930987_8	158	1.0000	5.8038	52
DN_NC_073233.2_11960151_8	86	1.0000	6.8721	52
DN_NC_073233.2_11997286_8	251	1.0000	4.0319	52
DN_NC_073233.2_119992784_4	310	9.0000	9.3516	52
DN_NC_073233.2_12022944_8	400	1.0000	1.3475	51
DN_NC_073233.2_129388517_48	400	3.0000	4.0250	51
DN_NC_073233.2_130017597_2	264	1.0000	1.1212	32
DN_NC_073233.2_130017597_4	272	1.0000	1.1176	32
DN_NC_073233.2_130982674_9	400	13.0000	12.9700	15
DN_NC_073233.2_130995027_7	31	1.0000	1.4839	15
DN_NC_073233.2_132097253_2	58	51.0000	43.3103	53
DN_NC_073233.2_132992860_18	208	51.0000	48.1731	52
DN_NC_073233.2_13339812_3	101	1.0000	1.1188	12
DN_NC_073233.2_14005356_9	101	1.0000	2.8812	51
DN_NC_073233.2_15764817_25	242	4.0000	4.9339	51
DN_NC_073233.2_16844162_15	133	1.0000	4.9323	51
DN_NC_073233.2_18540673_22	275	1.0000	1.0691	15
DN_NC_073233.2_19708960_19	400	1.0000	1.0075	2
DN_NC_073233.2_19815473_9	400	1.0000	1.0075	2
DN_NC_073233.2_23732821_4	64	1.0000	3.3594	52
DN_NC_073233.2_24785501_8	400	8.0000	8.4150	51
DN_NC_073233.2_24803514_8	96	1.0000	3.9688	51
DN_NC_073233.2_24846978_8	49	4.0000	4.4490	49
DN_NC_073233.2_54778450_7	21	22.0000	22.4286	51
DN_NC_073233.2_54817717_7	39	12.0000	14.9744	51
DN_NC_073233.2_55845432_8	185	12.0000	17.6811	51
DN_NC_073233.2_65156508_13	23	1.0000	1.6087	15
DN_NC_073233.2_67344582_15	203	1.0000	1.4433	51
DN_NC_073233.2_6759783_2	305	17.0000	18.3082	51
DN_NC_073233.2_6761147_2	41	51.0000	44.3171	51
DN_NC_073233.2_6765652_2	375	13.0000	11.5707	51
DN_NC_073233.2_6771931_2	400	13.0000	10.2475	51
DN_NC_073233.2_69582499_12	400	1.0000	1.4575	52
DN_NC_073233.2_69678029_12	400	1.0000	1.1275	51
DN_NC_073233.2_69723982_12	39	1.0000	10.0513	52
DN_NC_073233.2_70511026_18	400	1.0000	1.1475	31
DN_NC_073233.2_72203709_7	111	5.0000	4.5766	8
DN_NC_073233.2_72649199_20	101	1.0000	1.0000	1
DN_NC_073233.2_72751588_5	355	1.0000	1.1268	9
DN_NC_073233.2_72823864_14	20	1.0000	1.4000	9
DN_NC_073233.2_73623857_14	400	1.0000	2.2500	51
DN_NC_073233.2_73629498_4	400	1.0000	2.2500	51
DN_NC_073233.2_7370930_22	360	1.0000	1.0278	8
DN_NC_073233.2_74176850_16	252	1.0000	1.6667	52
DN_NC_073233.2_74467231_21	30	1.0000	17.9667	52
DN_NC_073233.2_74557606_4	400	4.0000	3.3825	51
DN_NC_073233.2_74583920_4	400	3.0000	3.1725	51
DN_NC_073233.2_74603920_22	132	1.0000	1.7652	51
DN_NC_073233.2_75193065_21	162	1.0000	1.3086	51
DN_NC_073233.2_75326481_7	199	1.0000	1.5075	51
DN_NC_073233.2_75363756_11	166	1.0000	1.7952	51
DN_NC_073233.2_75718276_6	400	15.0000	21.1800	52
DN_NC_073233.2_75965332_20	52	1.0000	2.1923	51
DN_NC_073233.2_76234750_23	173	2.0000	2.2486	51
DN_NC_073233.2_78027084_24	192	1.0000	1.2708	51
DN_NC_073233.2_78071205_2	158	1.0000	1.3291	51
DN_NC_073233.2_83154693_15	51	1.0000	1.0000	1
DN_NC_073233.2_84240332_5	190	2.0000	6.1316	51
DN_NC_073233.2_97509393_19	41	3.0000	2.9512	3
DN_NC_073233.2_9788172_5	240	1.0000	5.0417	51
DN_NC_073233.2_97922937_7	34	11.0000	15.7353	52
DN_NC_073233.2_97983776_19	400	1.0000	1.1275	52
DN_NC_073234.2_106852963_2	48	39.5000	30.1250	52
DN_NC_073234.2_119380821_10	400	2.0000	2.1875	51
DN_NC_073234.2_119401970_11	400	2.0000	2.1700	51
DN_NC_073234.2_120456173_23	66	51.0000	40.0000	51
DN_NC_073234.2_121481999_7	55	1.0000	2.2727	51
DN_NC_073234.2_125738330_13	148	2.0000	3.5270	52
DN_NC_073234.2_126026608_4	221	1.0000	1.5792	51
DN_NC_073234.2_126131834_7	400	1.0000	1.1275	51
DN_NC_073234.2_126370406_2	13	1.0000	4.8462	51
DN_NC_073234.2_127179897_13	400	1.0000	1.0025	2
DN_NC_073234.2_127819985_16	386	9.0000	9.4819	51
DN_NC_073234.2_130067111_7	167	1.0000	1.0000	1
DN_NC_073234.2_135608372_3	133	1.0000	1.3759	51
DN_NC_073234.2_135617419_11	148	1.0000	1.3514	51
DN_NC_073234.2_135871466_4	131	3.0000	4.3282	51
DN_NC_073234.2_135886660_4	123	3.0000	4.4878	51
DN_NC_073234.2_137155900_12	29	1.0000	7.0690	51
DN_NC_073234.2_139148650_20	195	1.0000	1.3077	52
DN_NC_073234.2_139370404_3	49	1.0000	20.1429	52
DN_NC_073234.2_140369418_2	400	15.0000	14.6325	25
DN_NC_073234.2_140369418_3	400	15.0000	14.6325	25
DN_NC_073234.2_147445272_9	47	2.0000	9.1915	52
DN_NC_073234.2_147580679_4	50	2.0000	12.1800	51
DN_NC_073234.2_148420424_5	108	1.0000	18.6204	52
DN_NC_073234.2_148486259_4	315	1.0000	3.2444	52
DN_NC_073234.2_148537990_5	400	1.0000	2.3800	52
DN_NC_073234.2_148580749_5	400	1.0000	2.6350	52
DN_NC_073234.2_148620174_2	78	2.0000	6.6410	52
DN_NC_073234.2_148630977_5	264	1.0000	1.3826	51
DN_NC_073234.2_148682020_7	400	1.0000	1.2750	51
DN_NC_073234.2_15631092_11	400	4.0000	5.1475	52
DN_NC_073234.2_17584207_9	141	1.0000	1.2340	31
DN_NC_073234.2_18597435_13	26	1.0000	1.0385	2
DN_NC_073234.2_21213540_25	59	1.0000	4.3559	51
DN_NC_073234.2_22113821_5	206	1.0000	1.5631	27
DN_NC_073234.2_22528772_7	400	2.0000	2.4025	51
DN_NC_073234.2_22529951_2	400	2.0000	2.4050	51
DN_NC_073234.2_22572777_12	63	1.0000	2.2857	51
DN_NC_073234.2_22604826_16	48	1.0000	2.6250	51
DN_NC_073234.2_22631499_6	369	1.0000	1.5339	51
DN_NC_073234.2_22636891_13	320	1.0000	1.4281	51
DN_NC_073234.2_23452056_11	377	4.0000	4.8117	51
DN_NC_073234.2_23565467_10	373	4.0000	4.0349	9
DN_NC_073234.2_24956987_7	158	4.0000	14.8671	52
DN_NC_073234.2_24978856_8	199	4.0000	19.3568	52
DN_NC_073234.2_26006928_5	110	2.0000	2.5636	51
DN_NC_073234.2_27515614_23	138	1.0000	1.8116	51
DN_NC_073234.2_36991193_12	108	51.0000	36.8611	52
DN_NC_073234.2_37699488_22	400	6.0000	6.3600	51
DN_NC_073234.2_43619064_8	336	1.0000	1.3274	51
DN_NC_073234.2_43623304_5	178	1.0000	1.4157	51
DN_NC_073234.2_43758373_10	400	1.0000	1.3325	51
DN_NC_073234.2_44474713_2	400	9.0000	10.8025	52
DN_NC_073234.2_45066531_11	400	4.0000	4.6350	52
DN_NC_073234.2_45136934_7	39	2.0000	2.1282	7
DN_NC_073234.2_45177188_28	291	1.0000	1.0309	7
DN_NC_073234.2_45204849_7	400	7.0000	5.1500	8
DN_NC_073234.2_45208389_7	88	4.0000	4.3068	8
DN_NC_073234.2_45319542_4	50	18.5000	26.9200	52
DN_NC_073234.2_45519337_9	180	1.0000	1.9778	24
DN_NC_073234.2_45523055_3	247	1.0000	1.7206	24
DN_NC_073234.2_45531723_7	400	1.0000	1.4500	24
DN_NC_073234.2_45539357_4	400	1.0000	1.4500	24
DN_NC_073234.2_47062440_10	400	9.0000	16.4200	51
DN_NC_073234.2_47868349_14	400	4.0000	4.3325	8
DN_NC_073234.2_48129944_8	78	1.0000	1.6795	52
DN_NC_073234.2_48400691_7	250	51.0000	47.8680	52
DN_NC_073234.2_48448103_8	124	42.0000	37.3710	52
DN_NC_073234.2_48529294_9	8	4.0000	14.7500	51
DN_NC_073234.2_49024482_9	23	5.0000	5.2609	6
DN_NC_073234.2_49087212_9	23	5.0000	5.1739	6
DN_NC_073234.2_49097599_9	45	51.0000	37.2000	52
DN_NC_073234.2_49287598_7	400	1.0000	1.1025	40
DN_NC_073234.2_49830161_25	104	1.0000	2.5577	51
DN_NC_073234.2_50306180_17	400	1.0000	1.5125	51
DN_NC_073234.2_52040112_9	25	1.0000	14.3600	51
DN_NC_073234.2_52064465_4	400	13.0000	13.7800	51
DN_NC_073234.2_52151326_4	400	13.0000	13.3100	51
DN_NC_073234.2_52202911_4	400	13.0000	13.1275	51
DN_NC_073234.2_52495433_13	156	1.0000	1.3013	12
DN_NC_073234.2_53131451_25	400	1.0000	1.3825	51
DN_NC_073234.2_53272916_54	25	1.0000	1.0000	1
DN_NC_073234.2_62953363_3	61	2.0000	6.1311	51
DN_NC_073234.2_67151860_3	74	2.0000	17.3649	52
DN_NC_073234.2_69501458_7	103	1.0000	4.7573	51
DN_NC_073234.2_69557459_4	252	1.0000	1.8810	51
DN_NC_073234.2_70140848_27	172	1.0000	5.5291	51
DN_NC_073234.2_70557569_25	400	1.0000	1.4475	51
DN_NC_073234.2_71885470_2	400	5.0000	10.1775	52
DN_NC_073234.2_74802518_16	99	1.0000	1.3232	22
DN_NC_073234.2_76035232_5	313	2.0000	12.1086	53
DN_NC_073234.2_76077727_3	328	2.0000	11.6524	53
DN_NC_073234.2_79789135_15	400	1.0000	1.0425	18
DN_NC_073234.2_79820285_12	400	1.0000	1.0450	18
DN_NC_073234.2_86426177_10	63	5.0000	16.1905	51
DN_NC_073234.2_87500533_19	65	45.0000	28.1846	53
DN_NC_073234.2_90680832_2	46	1.0000	5.4348	51
DN_NC_073234.2_90802099_6	168	2.0000	2.2500	51
DN_NC_073234.2_90815331_10	199	2.0000	2.0754	51
DN_NC_073234.2_95346893_3	56	44.5000	33.5536	53
DN_NC_073235.2_103471173_13	400	1.0000	1.2675	51
DN_NC_073235.2_104226160_12	170	1.0000	2.1941	51
DN_NC_073235.2_105819742_3	57	1.0000	1.6842	31
DN_NC_073235.2_106111443_2	93	51.0000	40.8925	51
DN_NC_073235.2_112807340_11	68	1.0000	4.0147	52
DN_NC_073235.2_121932800_16	350	1.0000	1.2114	46
DN_NC_073235.2_121946440_4	400	13.0000	12.9100	46
DN_NC_073235.2_122111621_9	143	1.0000	1.0000	1
DN_NC_073235.2_122326496_17	90	1.0000	1.0000	1
DN_NC_073235.2_125539339_16	400	2.0000	2.1050	51
DN_NC_073235.2_133031264_19	295	2.0000	3.0373	52
DN_NC_073235.2_133124679_15	305	2.0000	3.0754	52
DN_NC_073235.2_134247998_3	14	1.0000	16.0714	51
DN_NC_073235.2_136577761_2	400	5.0000	4.9400	18
DN_NC_073235.2_137582288_5	5	1.0000	5.8000	25
DN_NC_073235.2_142785844_3	87	1.0000	1.4598	21
DN_NC_073235.2_143720615_16	137	1.0000	1.1752	25
DN_NC_073235.2_143747819_4	204	1.0000	1.1176	25
DN_NC_073235.2_144819821_8	60	2.0000	5.3000	52
DN_NC_073235.2_144823500_4	63	2.0000	5.1270	52
DN_NC_073235.2_144827388_3	56	2.0000	5.5179	52
DN_NC_073235.2_15131698_9	204	8.0000	8.5196	51
DN_NC_073235.2_15191747_16	400	30.0000	30.4450	52
DN_NC_073235.2_29394327_4	400	3.0000	2.9825	4
DN_NC_073235.2_31662902_3	363	4.0000	7.5399	43
DN_NC_073235.2_31672555_8	81	21.0000	18.2099	43
DN_NC_073235.2_31713963_3	63	27.0000	23.0000	43
DN_NC_073235.2_31723374_5	400	2.0000	6.5600	43
DN_NC_073235.2_31973952_17	322	7.5000	7.9224	52
DN_NC_073235.2_32368514_11	30	1.0000	6.0000	51
DN_NC_073235.2_32697745_5	379	2.0000	4.6807	51
DN_NC_073235.2_32705529_3	26	4.0000	15.7308	51
DN_NC_073235.2_32750477_8	45	2.0000	9.7556	51
DN_NC_073235.2_33703802_2	400	22.0000	20.0175	51
DN_NC_073235.2_34402342_7	348	22.0000	22.1897	51
DN_NC_073235.2_38606855_2	123	1.0000	3.1057	51
DN_NC_073235.2_41950647_3	50	51.0000	34.0200	53
DN_NC_073235.2_50441116_14	400	1.0000	1.3825	51
DN_NC_073235.2_56615771_10	47	25.0000	24.5532	51
DN_NC_073235.2_58805487_6	239	1.0000	1.2092	51
DN_NC_073235.2_64458923_26	29	1.0000	1.0345	2
DN_NC_073235.2_64637479_26	42	1.0000	1.0000	1
DN_NC_073235.2_68674135_11	40	4.0000	3.7000	18
DN_NC_073235.2_68877817_25	49	1.0000	1.1224	4
DN_NC_073235.2_71287360_16	269	1.0000	1.6691	51
DN_NC_073235.2_71373985_7	14	1.0000	17.2143	51
DN_NC_073235.2_74414844_11	247	1.0000	1.6478	51
DN_NC_073235.2_83159862_3	117	52.0000	40.1453	54
DN_NC_073235.2_91038771_5	37	51.0000	34.7838	53
DN_NC_073235.2_91416644_51	400	1.0000	1.0400	15
DN_NC_073235.2_91471014_54	157	1.0000	1.3121	49
DN_NC_073235.2_94365284_2	74	19.0000	24.2297	52
DN_NC_073236.2_102496314_19	91	1.0000	1.0879	2
DN_NC_073236.2_108637713_6	198	1.0000	1.9394	51
DN_NC_073236.2_108768428_15	35	1.0000	1.8000	25
DN_NC_073236.2_111042998_7	137	1.0000	1.0511	3
DN_NC_073236.2_111062321_8	147	1.0000	1.0408	3
DN_NC_073236.2_112253211_6	400	1.0000	1.0525	15
DN_NC_073236.2_112264496_14	400	1.0000	1.0800	15
DN_NC_073236.2_112799498_6	13	6.0000	18.4615	51
DN_NC_073236.2_113129170_6	117	1.0000	2.1197	53
DN_NC_073236.2_113941675_8	134	1.0000	6.6045	53
DN_NC_073236.2_115828789_3	92	51.0000	32.7609	51
DN_NC_073236.2_119568063_21	400	1.0000	1.0000	1
DN_NC_073236.2_121320001_9	74	1.0000	3.0676	52
DN_NC_073236.2_121349000_3	49	1.0000	3.0612	52
DN_NC_073236.2_125241687_3	400	1.0000	1.1275	51
DN_NC_073236.2_125270757_2	400	1.0000	1.1275	51
DN_NC_073236.2_129103377_13	400	1.0000	1.0550	23
DN_NC_073236.2_129129305_10	400	1.0000	1.0550	23
DN_NC_073236.2_129488631_5	230	2.0000	1.9478	2
DN_NC_073236.2_129795378_10	264	3.0000	3.0114	5
DN_NC_073236.2_130303191_6	400	9.0000	8.4900	9
DN_NC_073236.2_139618373_5	36	1.0000	1.6944	4
DN_NC_073236.2_139624268_6	400	2.0000	3.2425	5
DN_NC_073236.2_140396809_2	65	30.0000	36.6154	52
DN_NC_073236.2_140400059_5	400	23.0000	25.5300	52
DN_NC_073236.2_21263952_7	400	30.0000	36.2775	52
DN_NC_073236.2_21829724_2	400	22.0000	19.5150	51
DN_NC_073236.2_22549336_8	400	11.0000	11.0900	17
DN_NC_073236.2_22701854_7	323	12.0000	15.8669	52
DN_NC_073236.2_23070420_5	400	12.0000	11.1825	51
DN_NC_073236.2_24785599_8	400	11.0000	11.0425	14
DN_NC_073236.2_24822888_6	105	8.0000	9.0762	51
DN_NC_073236.2_25270756_7	331	12.0000	16.7492	51
DN_NC_073236.2_26203134_8	400	22.0000	20.1675	51
DN_NC_073236.2_29195344_14	400	6.0000	6.2175	51
DN_NC_073236.2_30205531_7	400	11.0000	11.3125	51
DN_NC_073236.2_30490104_2	36	51.0000	31.9722	51
DN_NC_073236.2_30501599_2	77	9.0000	25.6753	51
DN_NC_073236.2_30994185_5	400	22.0000	22.8375	51
DN_NC_073236.2_31364804_7	119	6.0000	7.2185	36
DN_NC_073236.2_31528778_7	323	4.0000	4.1331	36
DN_NC_073236.2_31570340_7	386	7.0000	6.2254	38
DN_NC_073236.2_32048256_8	205	4.0000	3.8634	7
DN_NC_073236.2_32240619_3	54	1.0000	8.8889	51
DN_NC_073236.2_32278873_5	157	1.0000	2.7516	51
DN_NC_073236.2_32302189_6	62	1.0000	5.7742	51
DN_NC_073236.2_32340171_12	303	4.0000	4.6502	51
DN_NC_073236.2_32676987_2	400	3.0000	3.0950	22
DN_NC_073236.2_32866582_11	400	6.0000	7.5400	52
DN_NC_073236.2_32935295_3	400	3.0000	4.4125	52
DN_NC_073236.2_32935299_2	400	3.0000	4.4150	52
DN_NC_073236.2_33289090_9	279	3.0000	4.8244	52
DN_NC_073236.2_33699714_3	41	3.0000	8.3415	51
DN_NC_073236.2_33791336_41	336	8.0000	9.3958	51
DN_NC_073236.2_34983788_9	227	4.0000	3.8722	51
DN_NC_073236.2_35163364_4	44	3.0000	14.9318	52
DN_NC_073236.2_35320202_37	304	9.0000	11.4836	51
DN_NC_073236.2_38854516_5	400	1.0000	5.9550	44
DN_NC_073236.2_38858247_18	400	1.0000	5.9550	44
DN_NC_073236.2_46553268_10	297	2.0000	2.4478	51
DN_NC_073236.2_46653509_10	400	7.0000	7.5925	20
DN_NC_073236.2_46676942_15	400	2.0000	3.8600	20
DN_NC_073236.2_47432803_11	400	2.0000	2.0000	2
DN_NC_073236.2_47712811_9	400	6.0000	6.6700	11
DN_NC_073236.2_47732210_12	400	7.0000	5.3825	10
DN_NC_073236.2_47822803_9	294	2.0000	2.2143	47
DN_NC_073236.2_49989275_2	400	7.0000	7.4775	51
DN_NC_073236.2_50448087_2	290	3.0000	11.2207	51
DN_NC_073236.2_51202468_4	400	6.0000	6.7025	11
DN_NC_073236.2_51437835_4	400	6.0000	6.3000	11
DN_NC_073236.2_52686516_4	112	1.0000	1.4464	51
DN_NC_073236.2_52824428_4	400	6.0000	6.7525	11
DN_NC_073236.2_53486662_7	400	1.0000	1.0000	1
DN_NC_073236.2_64893638_18	400	2.0000	2.2350	51
DN_NC_073236.2_65566893_8	202	8.0000	6.3267	47
DN_NC_073236.2_66023783_5	66	2.0000	2.7576	51
DN_NC_073236.2_69434930_3	367	7.0000	7.0654	45
DN_NC_073236.2_73173266_13	130	1.0000	3.8923	52
DN_NC_073236.2_81530457_14	394	1.0000	1.1345	51
DN_NC_073236.2_81606261_13	400	1.0000	1.0075	3
DN_NC_073236.2_84556071_6	78	3.0000	9.1667	51
DN_NC_073236.2_85139103_21	400	1.0000	1.1925	51
DN_NC_073236.2_92822528_4	400	51.0000	48.8775	51
DN_NC_073236.2_97058333_14	198	2.0000	3.1616	51
DN_NC_073237.2_101005198_6	187	2.0000	2.2888	51
DN_NC_073237.2_101021921_6	151	2.0000	2.2318	11
DN_NC_073237.2_101948554_6	400	1.0000	1.9800	52
DN_NC_073237.2_105179643_6	400	1.0000	1.0000	1
DN_NC_073237.2_105184979_19	400	1.0000	1.4150	2
DN_NC_073237.2_106488614_5	64	8.0000	9.5781	51
DN_NC_073237.2_109230975_4	96	1.0000	1.0000	1
DN_NC_073237.2_109279481_4	64	1.0000	1.0000	1
DN_NC_073237.2_109453117_3	52	2.0000	2.0192	3
DN_NC_073237.2_109461576_3	52	2.0000	2.0192	3
DN_NC_073237.2_109499325_4	270	1.0000	1.3741	51
DN_NC_073237.2_109511989_28	316	1.0000	1.3513	51
DN_NC_073237.2_118498911_4	400	23.0000	22.0150	36
DN_NC_073237.2_118518303_5	37	22.0000	21.8919	24
DN_NC_073237.2_119275968_2	174	1.0000	1.0057	2
DN_NC_073237.2_119275970_2	111	1.0000	1.0000	1
DN_NC_073237.2_120375635_3	8	1.0000	1.0000	1
DN_NC_073237.2_123801018_5	206	1.0000	8.8010	42
DN_NC_073237.2_124724631_14	86	1.0000	1.5000	27
DN_NC_073237.2_125291669_2	44	1.0000	6.7500	52
DN_NC_073237.2_126021216_4	174	1.0000	1.1264	23
DN_NC_073237.2_126029688_6	400	1.0000	1.0550	23
DN_NC_073237.2_127902837_7	68	1.0000	10.3676	51
DN_NC_073237.2_129707941_5	400	51.0000	45.6625	53
DN_NC_073237.2_129717495_4	232	1.0000	4.7716	52
DN_NC_073237.2_129726988_8	308	1.0000	7.2597	51
DN_NC_073237.2_129735503_6	400	1.0000	1.0000	1
DN_NC_073237.2_129740502_6	400	1.0000	1.0000	1
DN_NC_073237.2_130138569_27	227	1.0000	1.2247	51
DN_NC_073237.2_130396115_12	157	1.0000	1.6115	51
DN_NC_073237.2_131478659_6	28	1.0000	4.6429	51
DN_NC_073237.2_133664160_4	400	26.0000	21.3625	27
DN_NC_073237.2_133885482_35	400	51.0000	45.6975	53
DN_NC_073237.2_134047852_27	400	1.0000	1.4725	51
DN_NC_073237.2_17678391_14	288	17.0000	18.2326	52
DN_NC_073237.2_22957046_5	400	22.0000	21.9000	51
DN_NC_073237.2_23553596_5	198	2.0000	2.3283	51
DN_NC_073237.2_23692487_10	254	3.0000	7.2047	52
DN_NC_073237.2_24387014_11	400	4.0000	6.8175	52
DN_NC_073237.2_24562360_2	400	3.0000	3.6750	52
DN_NC_073237.2_24562366_2	400	3.0000	3.6750	52
DN_NC_073237.2_25172073_4	223	1.0000	2.2108	51
DN_NC_073237.2_25176692_9	246	1.0000	2.1545	51
DN_NC_073237.2_27266553_20	400	1.0000	1.0000	1
DN_NC_073237.2_27282743_9	98	2.0000	1.7857	2
DN_NC_073237.2_27307884_9	118	1.0000	1.4661	50
DN_NC_073237.2_27311993_5	87	1.0000	1.6322	50
DN_NC_073237.2_28611397_2	59	1.0000	12.2203	51
DN_NC_073237.2_28860054_9	205	1.0000	1.0732	12
DN_NC_073237.2_29305062_2	78	3.0000	5.6410	51
DN_NC_073237.2_29418618_13	400	7.0000	8.1275	52
DN_NC_073237.2_30061699_3	216	3.0000	4.9491	51
DN_NC_073237.2_30220066_5	203	2.0000	2.9951	51
DN_NC_073237.2_30511420_2	400	1.0000	1.4925	51
DN_NC_073237.2_30512124_4	146	2.0000	2.9726	51
DN_NC_073237.2_30974188_2	134	2.0000	6.8731	51
DN_NC_073237.2_31481917_11	308	7.0000	9.2403	52
DN_NC_073237.2_31692944_2	400	3.0000	3.0450	18
DN_NC_073237.2_32419572_2	70	26.0000	26.1286	51
DN_NC_073237.2_46657799_9	303	1.0000	1.5875	51
DN_NC_073237.2_57425988_22	347	1.0000	5.2536	52
DN_NC_073237.2_58341083_8	195	1.0000	8.3538	51
DN_NC_073237.2_58583645_2	400	2.0000	2.2975	51
DN_NC_073237.2_58966871_3	31	1.0000	14.6774	52
DN_NC_073237.2_68560894_6	400	2.0000	2.5100	51
DN_NC_073237.2_75784390_20	400	2.0000	2.3825	51
DN_NC_073237.2_79864647_11	400	1.0000	1.2925	51
DN_NC_073237.2_79912635_2	400	1.0000	1.6125	51
DN_NC_073237.2_80081336_11	400	2.0000	2.9825	51
DN_NC_073237.2_82042769_5	400	2.0000	2.2850	51
DN_NC_073237.2_83892884_7	400	2.0000	2.0275	5
DN_NC_073237.2_83935038_8	400	2.0000	2.2125	8
DN_NC_073237.2_84005209_4	400	2.0000	2.2825	51
DN_NC_073237.2_84204480_4	400	2.0000	2.8875	50
DN_NC_073237.2_84341528_8	400	2.0000	2.4675	35
DN_NC_073237.2_84363825_25	400	2.0000	2.3875	35
DN_NC_073237.2_84711301_3	400	2.0000	2.0650	35
DN_NC_073237.2_84822135_6	400	1.0000	5.0575	51
DN_NC_073237.2_89073528_3	258	2.0000	3.1899	51
DN_NC_073237.2_89075402_13	270	2.0000	3.2963	51
DN_NC_073237.2_89310571_5	145	1.0000	1.3310	31
DN_NC_073237.2_89465596_2	91	1.0000	14.0000	51
DN_NC_073237.2_89473261_14	87	1.0000	4.9540	51
DN_NC_073237.2_90033004_3	8	1.0000	7.0000	49
DN_NC_073237.2_90719098_5	73	1.0000	16.4247	51
DN_NC_073237.2_91001440_7	67	51.0000	29.8955	51
DN_NC_073237.2_93211680_6	127	1.0000	7.4488	51
DN_NC_073237.2_93275727_4	73	51.0000	29.1644	51
DN_NC_073237.2_93365361_8	400	1.0000	1.7350	51
DN_NC_073237.2_93516915_6	360	9.0000	16.4000	52
DN_NC_073237.2_94439193_12	68	1.0000	1.8235	51
DN_NC_073237.2_96675699_5	183	51.0000	44.0601	52
DN_NC_073237.2_97733433_3	400	1.0000	4.6325	51
DN_NC_073238.2_112687980_26	400	1.0000	1.0575	11
DN_NC_073238.2_114796219_2	26	16.5000	25.2692	51
DN_NC_073238.2_124443812_2	39	2.0000	5.4615	52
DN_NC_073238.2_125561692_4	24	51.0000	31.4583	51
DN_NC_073238.2_128177434_9	400	2.0000	2.2225	52
DN_NC_073238.2_128201955_8	400	2.0000	2.2325	52
DN_NC_073238.2_128463727_12	312	7.0000	7.4936	53
DN_NC_073238.2_22049850_15	288	17.0000	18.0833	52
DN_NC_073238.2_22111250_2	88	8.0000	23.9773	52
DN_NC_073238.2_22875925_6	400	30.0000	36.0775	52
DN_NC_073238.2_23273370_7	263	33.0000	33.0190	53
DN_NC_073238.2_23392840_7	400	11.0000	11.5900	51
DN_NC_073238.2_24372581_9	342	33.0000	36.9152	53
DN_NC_073238.2_24435116_16	400	28.0000	28.7300	52
DN_NC_073238.2_24580375_8	400	30.0000	33.1450	52
DN_NC_073238.2_24693721_8	400	22.0000	19.3525	51
DN_NC_073238.2_25250945_5	400	12.0000	11.0950	15
DN_NC_073238.2_29552503_8	400	22.0000	22.9550	51
DN_NC_073238.2_29962908_11	155	8.0000	9.8774	52
DN_NC_073238.2_30171533_2	126	12.0000	10.4444	35
DN_NC_073238.2_31467876_5	400	2.0000	2.1100	4
DN_NC_073238.2_31858801_4	400	22.0000	23.1825	51
DN_NC_073238.2_32078126_7	170	2.0000	6.8235	52
DN_NC_073238.2_32266743_7	290	8.0000	10.1448	52
DN_NC_073238.2_32460857_5	132	3.0000	4.9015	51
DN_NC_073238.2_32617313_2	400	2.0000	12.7675	52
DN_NC_073238.2_32661686_2	400	4.0000	6.6525	51
DN_NC_073238.2_33197456_2	126	12.0000	10.7857	49
DN_NC_073238.2_33291944_6	121	3.0000	5.3636	51
DN_NC_073238.2_33425477_7	291	8.0000	10.2577	52
DN_NC_073238.2_33853352_3	400	4.0000	8.7375	52
DN_NC_073238.2_33904146_3	179	51.0000	37.1508	53
DN_NC_073238.2_33938258_14	322	3.0000	4.4006	53
DN_NC_073238.2_34005367_9	354	3.0000	3.9322	53
DN_NC_073238.2_34124992_8	196	2.0000	2.4184	51
DN_NC_073238.2_34259091_25	400	1.0000	1.3925	39
DN_NC_073238.2_38269853_5	7	2.0000	5.1429	15
DN_NC_073238.2_38585508_10	357	1.0000	1.2185	51
DN_NC_073238.2_38964005_23	26	1.0000	8.9231	51
DN_NC_073238.2_39529658_9	400	1.0000	20.5650	53
DN_NC_073238.2_41579503_4	230	21.0000	25.4783	52
DN_NC_073238.2_41750994_9	400	3.0000	2.6150	31
DN_NC_073238.2_41760020_5	400	3.0000	2.6500	31
DN_NC_073238.2_45470660_18	400	1.0000	1.2025	45
DN_NC_073238.2_51309642_26	400	1.0000	1.7225	43
DN_NC_073238.2_54832744_2	264	2.0000	2.4356	15
DN_NC_073238.2_55186881_2	204	5.0000	5.9951	51
DN_NC_073238.2_55588931_20	221	1.0000	2.7059	51
DN_NC_073238.2_59732356_14	254	3.0000	18.2205	52
DN_NC_073238.2_59946195_16	400	1.0000	1.1500	50
DN_NC_073238.2_60756272_9	400	5.0000	9.9700	51
DN_NC_073238.2_62894676_12	400	2.0000	2.2375	52
DN_NC_073238.2_63928303_2	150	2.0000	1.7333	5
DN_NC_073238.2_64027356_13	400	1.0000	1.2600	52
DN_NC_073238.2_65876995_17	302	2.0000	2.4238	51
DN_NC_073238.2_66682517_7	400	5.0000	6.1525	52
DN_NC_073238.2_66830454_5	273	2.0000	4.1282	51
DN_NC_073238.2_67037804_5	400	6.0000	17.4175	52
DN_NC_073238.2_67074273_14	261	5.0000	8.4291	51
DN_NC_073238.2_8052138_7	400	9.0000	8.8975	9
DN_NC_073239.2_105498614_17	400	3.0000	2.9625	51
DN_NC_073239.2_105549018_9	400	3.0000	3.3250	51
DN_NC_073239.2_109052370_3	257	1.0000	1.4553	52
DN_NC_073239.2_109057706_16	391	1.0000	1.3248	52
DN_NC_073239.2_119046659_11	400	6.0000	6.9250	51
DN_NC_073239.2_120173605_3	36	20.0000	24.3889	51
DN_NC_073239.2_120499478_8	400	2.0000	2.0775	38
DN_NC_073239.2_120602021_15	400	1.0000	1.1200	38
DN_NC_073239.2_121772610_13	120	1.0000	1.1583	6
DN_NC_073239.2_122136493_25	91	1.0000	1.0000	1
DN_NC_073239.2_122577448_3	18	14.5000	19.6111	52
DN_NC_073239.2_122615409_4	400	9.0000	15.3275	52
DN_NC_073239.2_122634080_4	400	10.0000	15.6925	52
DN_NC_073239.2_122707562_3	30	16.0000	24.3333	52
DN_NC_073239.2_122741455_4	400	9.5000	15.1425	51
DN_NC_073239.2_122769394_7	400	9.0000	12.6425	51
DN_NC_073239.2_122796928_6	400	9.0000	12.6200	51
DN_NC_073239.2_123333518_3	400	9.0000	13.6025	52
DN_NC_073239.2_123333523_2	400	9.0000	13.6025	52
DN_NC_073239.2_123449122_2	400	13.0000	18.7150	52
DN_NC_073239.2_123454429_2	400	13.0000	18.7150	52
DN_NC_073239.2_123469457_3	400	14.0000	20.8000	52
DN_NC_073239.2_124645701_2	44	23.0000	30.2500	53
DN_NC_073239.2_124648897_4	400	23.0000	23.3950	53
DN_NC_073239.2_14838701_6	145	1.0000	5.8828	51
DN_NC_073239.2_26918461_17	400	2.0000	1.7025	2
DN_NC_073239.2_28798849_2	52	34.0000	30.3269	52
DN_NC_073239.2_32209364_6	220	1.0000	1.6864	51
DN_NC_073239.2_32210799_7	334	1.0000	1.4521	51
DN_NC_073239.2_32339840_6	262	1.0000	1.1908	51
DN_NC_073239.2_32342111_10	267	1.0000	1.1873	51
DN_NC_073239.2_32570025_17	155	51.0000	47.7097	51
DN_NC_073239.2_32630520_8	336	25.5000	26.4375	52
DN_NC_073239.2_32663808_8	230	3.0000	13.1522	52
DN_NC_073239.2_33219684_14	48	2.0000	11.7083	47
DN_NC_073239.2_33826105_11	46	1.0000	2.3478	45
DN_NC_073239.2_33872730_10	119	1.0000	1.1681	19
DN_NC_073239.2_33878048_2	113	1.0000	1.1770	19
DN_NC_073239.2_34910171_2	22	32.0000	27.4091	52
DN_NC_073239.2_35280580_26	400	2.0000	1.9900	2
DN_NC_073239.2_35311777_12	400	2.0000	2.0000	2
DN_NC_073239.2_35396913_9	400	2.0000	5.7300	51
DN_NC_073239.2_35520561_9	400	2.0000	5.6700	51
DN_NC_073239.2_36370724_4	24	1.0000	1.0000	1
DN_NC_073239.2_44147073_8	400	22.0000	19.3150	51
DN_NC_073239.2_44758266_8	377	22.0000	20.1910	51
DN_NC_073239.2_63601483_4	63	30.0000	22.8413	51
DN_NC_073239.2_66562547_2	400	1.0000	4.9700	49
DN_NC_073239.2_67194404_11	64	1.0000	8.4531	52
DN_NC_073239.2_67861789_20	198	2.0000	2.4848	52
DN_NC_073239.2_70164897_2	145	13.0000	26.5724	52
DN_NC_073239.2_72077053_6	400	1.0000	1.1000	35
DN_NC_073239.2_72093949_19	355	1.0000	1.5634	51
DN_NC_073239.2_76142345_25	172	1.0000	1.5872	51
DN_NC_073239.2_77917590_16	250	1.0000	6.1920	51
DN_NC_073239.2_81444992_2	400	3.0000	3.4200	52
DN_NC_073239.2_85769342_21	400	1.0000	1.3675	3
DN_NC_073239.2_86159949_15	26	1.0000	4.8846	51
DN_NC_073239.2_87154592_2	28	38.5000	27.5000	52
DN_NC_073239.2_87316371_2	149	51.0000	37.2550	52
DN_NC_073239.2_89227263_15	27	2.0000	2.9259	35
DN_NC_073239.2_89803404_14	396	3.0000	3.5505	50
DN_NC_073239.2_90471291_2	41	1.0000	2.5854	51
DN_NC_073239.2_98531685_2	323	45.0000	38.8731	52
DN_NC_073239.2_98531712_3	95	41.0000	31.0105	52
DN_NC_073240.2_102922989_19	89	1.0000	2.6292	51
DN_NC_073240.2_103158559_3	176	2.0000	5.9773	52
DN_NC_073240.2_103747497_4	400	23.0000	22.3300	51
DN_NC_073240.2_14396114_6	400	30.0000	36.2775	52
DN_NC_073240.2_15970659_7	323	12.0000	15.7368	39
DN_NC_073240.2_17174470_5	400	12.0000	11.1800	51
DN_NC_073240.2_20710887_3	317	3.0000	4.2334	51
DN_NC_073240.2_21430216_23	400	2.0000	2.6500	51
DN_NC_073240.2_21546861_14	133	4.0000	5.9699	51
DN_NC_073240.2_21601841_7	231	8.0000	13.4675	52
DN_NC_073240.2_21986088_4	306	5.0000	4.9281	25
DN_NC_073240.2_22595737_5	400	2.0000	2.4325	51
DN_NC_073240.2_22623333_4	341	3.0000	5.0323	52
DN_NC_073240.2_23210840_6	259	8.0000	13.0965	52
DN_NC_073240.2_23219746_14	127	4.0000	5.4882	52
DN_NC_073240.2_23337808_11	400	3.0000	3.4100	51
DN_NC_073240.2_23447377_5	279	3.0000	5.9140	34
DN_NC_073240.2_23459848_11	372	4.0000	6.7796	52
DN_NC_073240.2_23674889_10	126	5.0000	17.7302	51
DN_NC_073240.2_23725358_9	400	3.0000	4.1450	40
DN_NC_073240.2_23877041_31	400	2.0000	2.1300	4
DN_NC_073240.2_24008961_23	400	2.0000	2.3350	52
DN_NC_073240.2_24402639_2	400	3.0000	4.1850	51
DN_NC_073240.2_24764672_4	253	3.0000	7.0830	52
DN_NC_073240.2_24900197_18	343	32.0000	27.5656	48
DN_NC_073240.2_24965661_3	202	9.0000	13.4703	51
DN_NC_073240.2_26182490_10	400	2.0000	2.3700	51
DN_NC_073240.2_29369420_15	400	3.0000	3.3300	22
DN_NC_073240.2_29509629_20	177	9.0000	9.7062	52
DN_NC_073240.2_29752710_11	208	17.0000	18.1346	51
DN_NC_073240.2_29803770_8	400	4.5000	7.7300	40
DN_NC_073240.2_29886021_14	400	2.0000	2.2200	34
DN_NC_073240.2_31271054_17	386	4.0000	7.1788	52
DN_NC_073240.2_33035459_18	297	33.0000	28.5690	48
DN_NC_073240.2_33337179_18	356	32.0000	27.0169	48
DN_NC_073240.2_34675462_15	71	1.0000	2.6056	51
DN_NC_073240.2_34703303_6	63	37.0000	26.8095	52
DN_NC_073240.2_35071983_25	45	1.0000	2.7333	51
DN_NC_073240.2_37591091_13	44	1.0000	1.1136	6
DN_NC_073240.2_40283792_22	66	1.0000	2.5303	51
DN_NC_073240.2_40710955_17	141	1.0000	1.8865	4
DN_NC_073240.2_40740697_5	400	5.0000	3.7500	6
DN_NC_073240.2_41396094_2	77	1.0000	20.3117	52
DN_NC_073240.2_41471977_3	31	1.0000	7.1290	52
DN_NC_073240.2_41473848_11	109	1.0000	3.0275	52
DN_NC_073240.2_42709516_6	400	1.0000	1.0025	2
DN_NC_073240.2_43072375_7	400	1.0000	1.5775	52
DN_NC_073240.2_43610228_10	120	42.0000	35.9333	52
DN_NC_073240.2_44172340_2	57	1.0000	2.9123	51
DN_NC_073240.2_44461085_2	400	3.0000	3.2475	51
DN_NC_073240.2_44556092_13	400	3.0000	3.1875	51
DN_NC_073240.2_44603034_3	400	6.0000	4.6525	51
DN_NC_073240.2_44604956_12	192	1.0000	1.5417	51
DN_NC_073240.2_4575875_4	400	9.0000	8.8975	9
DN_NC_073240.2_46341896_2	400	51.0000	48.5500	51
DN_NC_073240.2_56108341_2	61	1.0000	6.1639	52
DN_NC_073240.2_57401181_22	400	2.0000	1.5300	7
DN_NC_073240.2_59906966_28	281	1.0000	1.4626	52
DN_NC_073240.2_63549614_16	132	1.0000	1.0227	2
DN_NC_073240.2_63815908_8	242	1.0000	1.4256	51
DN_NC_073240.2_64676115_12	28	1.0000	12.8214	51
DN_NC_073240.2_65970509_9	206	1.0000	1.4903	51
DN_NC_073240.2_67167028_2	94	24.0000	19.6383	25
DN_NC_073240.2_67174761_11	61	2.0000	3.9672	23
DN_NC_073240.2_69411455_12	17	1.0000	1.0000	1
DN_NC_073240.2_70140109_8	30	1.0000	11.5667	51
DN_NC_073240.2_70243341_2	160	1.0000	1.2312	38
DN_NC_073240.2_70293854_4	106	16.0000	14.1132	38
DN_NC_073240.2_76716889_13	381	3.0000	5.1522	51
DN_NC_073240.2_79048326_11	400	2.0000	2.0475	51
DN_NC_073240.2_79068535_14	400	2.0000	2.0625	51
DN_NC_073240.2_79492690_6	252	1.0000	1.6587	51
DN_NC_073240.2_81300329_3	63	3.0000	12.6825	52
DN_NC_073240.2_83447932_2	162	1.0000	1.0062	2
DN_NC_073240.2_84645975_10	172	1.0000	1.4709	27
DN_NC_073240.2_84673981_6	274	2.0000	1.6606	27
DN_NC_073240.2_85708603_4	334	33.0000	23.8593	51
DN_NC_073240.2_85898394_3	125	1.0000	1.0400	2
DN_NC_073240.2_86386259_3	400	30.0000	20.3000	51
DN_NC_073240.2_91564233_4	28	6.0000	6.4286	51
DN_NC_073240.2_94115085_33	400	1.0000	1.1275	51
DN_NC_073240.2_95564610_15	118	1.0000	6.1525	52
DN_NC_073240.2_97547891_3	219	1.0000	1.3014	14
DN_NC_073241.2_103649905_2	11	9.0000	19.4545	51
DN_NC_073241.2_108384307_29	400	1.0000	1.0500	6
DN_NC_073241.2_110003031_5	400	23.0000	25.3425	52
DN_NC_073241.2_195924_6	400	9.0000	8.6425	14
DN_NC_073241.2_36126183_3	158	4.0000	8.2468	52
DN_NC_073241.2_36126198_2	139	4.0000	8.3237	52
DN_NC_073241.2_37141428_27	314	1.0000	3.0796	51
DN_NC_073241.2_37538314_7	279	1.0000	1.0215	3
DN_NC_073241.2_37560383_12	283	1.0000	1.0106	2
DN_NC_073241.2_37890028_17	400	2.0000	2.1275	8
DN_NC_073241.2_37935842_4	400	2.0000	2.1275	8
DN_NC_073241.2_38130293_13	19	2.0000	2.2105	5
DN_NC_073241.2_38359785_12	137	1.0000	1.4818	47
DN_NC_073241.2_47004815_4	400	7.0000	6.8875	14
DN_NC_073241.2_47028473_4	400	7.0000	6.7800	14
DN_NC_073241.2_49527271_12	400	4.0000	3.9400	51
DN_NC_073241.2_64468689_4	114	1.0000	1.0614	3
DN_NC_073241.2_64479147_4	115	1.0000	1.0957	7
DN_NC_073241.2_64520240_3	275	2.0000	1.8582	7
DN_NC_073241.2_64520244_2	276	2.0000	1.8551	7
DN_NC_073241.2_64883296_11	285	1.0000	4.4386	52
DN_NC_073241.2_78772517_7	90	9.0000	17.1556	47
DN_NC_073241.2_80464602_2	194	1.0000	1.2680	51
DN_NC_073241.2_80636266_2	50	31.0000	27.2800	51
DN_NC_073241.2_83874271_3	119	51.0000	47.3697	52
DN_NC_073241.2_85926559_8	196	1.0000	1.7806	51
DN_NC_073241.2_93292541_7	154	1.0000	1.1688	27
DN_NC_073242.2_100900995_5	305	1.0000	1.2361	51
DN_NC_073242.2_100926924_5	65	1.0000	2.1077	51
DN_NC_073242.2_101553722_4	271	2.0000	6.5424	18
DN_NC_073242.2_103765562_7	286	5.0000	4.2343	41
DN_NC_073242.2_103773356_15	313	5.0000	4.2556	51
DN_NC_073242.2_103894328_5	400	5.0000	5.7200	52
DN_NC_073242.2_104350782_12	328	4.0000	5.2409	51
DN_NC_073242.2_104701006_6	72	11.5000	10.7917	52
DN_NC_073242.2_104912717_12	336	4.0000	5.9018	51
DN_NC_073242.2_105636398_4	271	1.0000	1.2952	49
DN_NC_073242.2_105982851_4	289	2.0000	2.2042	5
DN_NC_073242.2_106027382_7	295	2.0000	2.2576	10
DN_NC_073242.2_106088342_11	111	1.0000	1.5495	51
DN_NC_073242.2_106138908_3	400	3.0000	3.0875	6
DN_NC_073242.2_108616637_5	147	2.0000	2.7347	39
DN_NC_073242.2_119293235_15	143	1.0000	1.0420	2
DN_NC_073242.2_119301617_14	143	1.0000	1.0420	2
DN_NC_073242.2_119807836_6	185	2.0000	1.9297	6
DN_NC_073242.2_120163344_15	32	1.0000	8.8438	51
DN_NC_073242.2_120248671_3	216	1.0000	12.9306	52
DN_NC_073242.2_120516047_4	400	10.0000	16.0025	51
DN_NC_073242.2_120770730_3	63	3.0000	5.7937	52
DN_NC_073242.2_121237165_4	400	23.0000	23.8050	52
DN_NC_073242.2_14569289_2	156	4.0000	5.3397	40
DN_NC_073242.2_15387796_13	376	3.0000	3.3431	47
DN_NC_073242.2_15582646_2	224	4.0000	5.0625	51
DN_NC_073242.2_15582850_2	237	4.0000	5.2658	51
DN_NC_073242.2_15607160_18	291	4.0000	4.6460	25
DN_NC_073242.2_15726062_24	400	5.0000	4.4475	11
DN_NC_073242.2_15911262_31	295	8.0000	10.5153	53
DN_NC_073242.2_16378095_15	177	12.0000	15.7797	53
DN_NC_073242.2_18137074_5	35	40.0000	28.9143	43
DN_NC_073242.2_18210354_26	400	9.0000	8.8725	18
DN_NC_073242.2_20304889_2	400	22.0000	23.7250	51
DN_NC_073242.2_21122105_21	400	9.0000	9.5000	51
DN_NC_073242.2_21170576_8	400	9.0000	8.5950	51
DN_NC_073242.2_21650759_11	400	5.0000	5.0325	47
DN_NC_073242.2_21673693_21	400	9.0000	8.8500	47
DN_NC_073242.2_22021271_21	400	2.0000	2.6400	48
DN_NC_073242.2_24889827_7	168	1.0000	1.9107	51
DN_NC_073242.2_26867490_8	262	2.0000	2.2176	47
DN_NC_073242.2_26889052_8	126	2.0000	2.4127	47
DN_NC_073242.2_27157172_8	265	2.0000	2.3660	47
DN_NC_073242.2_27178722_8	135	2.0000	2.7926	47
DN_NC_073242.2_28528734_13	400	3.0000	3.6000	24
DN_NC_073242.2_28606635_19	400	3.0000	3.9650	24
DN_NC_073242.2_28689005_18	241	4.0000	5.1411	51
DN_NC_073242.2_28854512_28	400	3.0000	3.3250	51
DN_NC_073242.2_29051840_13	184	12.0000	15.8967	53
DN_NC_073242.2_29484610_23	400	5.0000	7.0150	52
DN_NC_073242.2_29556580_18	400	5.0000	6.4425	52
DN_NC_073242.2_29733807_20	154	1.0000	1.2922	17
DN_NC_073242.2_30207983_41	400	1.0000	1.7300	3
DN_NC_073242.2_30609225_2	225	4.0000	5.1956	51
DN_NC_073242.2_30609335_2	239	4.0000	5.3975	51
DN_NC_073242.2_30717385_31	400	5.0000	4.4950	8
DN_NC_073242.2_31473281_2	219	4.0000	5.9498	51
DN_NC_073242.2_31473413_2	233	4.0000	6.1116	51
DN_NC_073242.2_31497679_8	400	5.0000	5.4850	51
DN_NC_073242.2_31545375_14	400	5.0000	6.9750	51
DN_NC_073242.2_32113450_11	38	12.0000	23.3684	51
DN_NC_073242.2_32258496_8	400	2.0000	6.0725	52
DN_NC_073242.2_32495201_8	400	2.0000	3.3750	51
DN_NC_073242.2_35192809_3	46	7.0000	7.4565	51
DN_NC_073242.2_35270505_17	400	3.0000	4.1400	52
DN_NC_073242.2_35624699_9	400	3.0000	3.9000	19
DN_NC_073242.2_35785087_23	372	3.0000	3.1559	20
DN_NC_073242.2_36070435_9	81	1.0000	21.3827	51
DN_NC_073242.2_36121013_3	139	1.0000	3.1655	51
DN_NC_073242.2_36238906_2	56	1.0000	13.7321	51
DN_NC_073242.2_36498381_3	48	1.0000	3.1250	51
DN_NC_073242.2_36567597_2	321	51.0000	48.7726	52
DN_NC_073242.2_3666815_3	53	2.0000	2.6792	38
DN_NC_073242.2_3673676_5	109	2.0000	2.0092	3
DN_NC_073242.2_3677891_18	62	2.0000	2.0161	3
DN_NC_073242.2_37302670_5	400	2.0000	1.9950	4
DN_NC_073242.2_37386128_4	400	2.0000	2.1775	40
DN_NC_073242.2_37435648_13	70	4.0000	6.0429	51
DN_NC_073242.2_37476471_6	225	8.0000	14.0933	52
DN_NC_073242.2_37667715_4	198	11.0000	16.8586	52
DN_NC_073242.2_3790652_3	9	2.0000	2.3333	3
DN_NC_073242.2_3794469_3	9	2.0000	2.3333	3
DN_NC_073242.2_4214750_6	56	1.0000	1.0179	2
DN_NC_073242.2_4252822_2	20	1.0000	1.0000	1
DN_NC_073242.2_4304426_7	91	2.0000	1.8901	2
DN_NC_073242.2_4305661_8	91	2.0000	1.8901	2
DN_NC_073242.2_5822452_9	234	1.0000	1.0470	12
DN_NC_073242.2_5827060_6	217	1.0000	1.0507	12
DN_NC_073242.2_6296327_3	86	51.0000	30.8488	51
DN_NC_073242.2_65850805_2	80	8.0000	10.4375	52
DN_NC_073242.2_66060664_2	172	4.0000	5.5814	52
DN_NC_073242.2_66481481_2	275	3.0000	8.9018	51
DN_NC_073242.2_66613619_4	400	51.0000	47.7675	52
DN_NC_073242.2_6668831_3	211	1.0000	1.5355	51
DN_NC_073242.2_6668959_13	217	1.0000	1.5346	51
DN_NC_073242.2_66832276_2	380	29.0000	28.0053	52
DN_NC_073242.2_6758889_7	31	1.0000	2.9355	51
DN_NC_073242.2_68108553_2	278	3.0000	9.4712	51
DN_NC_073242.2_68751082_2	28	4.0000	9.0714	51
DN_NC_073242.2_6930599_2	400	1.0000	1.3775	33
DN_NC_073242.2_6930862_6	400	1.0000	1.3775	33
DN_NC_073242.2_6953229_7	400	1.0000	1.3775	33
DN_NC_073242.2_7013229_2	211	2.0000	2.3128	33
DN_NC_073242.2_74755277_3	193	13.0000	12.0984	52
DN_NC_073242.2_82507839_22	400	1.0000	1.4925	51
DN_NC_073242.2_82560306_10	400	1.0000	1.1175	48
DN_NC_073242.2_84722201_14	21	1.0000	3.3810	51
DN_NC_073242.2_84833963_14	400	4.0000	4.1200	51
DN_NC_073242.2_84922514_14	400	4.0000	4.0950	51
DN_NC_073242.2_85715932_3	5	1.0000	1.0000	1
DN_NC_073242.2_85735381_3	32	14.0000	13.6250	17
DN_NC_073242.2_85744192_2	30	14.0000	13.6333	17
DN_NC_073242.2_85759116_3	26	14.0000	13.6154	17
DN_NC_073242.2_85790824_3	26	14.0000	13.3462	17
DN_NC_073242.2_85815514_3	16	13.0000	13.1875	17
DN_NC_073242.2_8725127_13	400	15.0000	14.6300	51
DN_NC_073242.2_8737492_8	400	15.0000	14.7825	51
DN_NC_073242.2_95678785_4	42	1.0000	9.4762	52
DN_NC_073242.2_96060106_12	115	7.0000	6.5217	51
DN_NC_073242.2_96073882_12	109	7.0000	6.8257	51
DN_NC_073242.2_96161607_12	119	6.0000	6.5882	32
DN_NC_073242.2_96607850_4	19	1.0000	1.0000	1
DN_NC_073242.2_97073460_5	170	10.0000	8.8588	47
DN_NC_073242.2_97170214_24	400	1.0000	1.1150	47
DN_NC_073242.2_97202362_10	60	1.0000	1.7667	47
DN_NC_073242.2_97214082_10	44	41.0000	27.4091	52
DN_NC_073242.2_97493790_12	191	1.0000	2.3089	51
DN_NC_073242.2_97528976_5	213	1.0000	2.1784	51
DN_NC_073242.2_97765438_4	294	1.0000	2.5272	51
DN_NC_073242.2_98958086_2	192	2.0000	1.9844	51
DN_NC_073242.2_98974496_9	131	2.0000	2.4427	51
DN_NC_073242.2_99181437_12	289	4.0000	5.0588	52
DN_NC_073242.2_99381861_11	76	12.0000	11.2368	52
DN_NC_073242.2_99543624_18	167	2.0000	2.4012	51
DN_NC_073242.2_99604879_12	287	4.0000	4.7770	51
DN_NC_073242.2_99745328_12	400	2.0000	2.0450	10
DN_NC_073242.2_99793055_12	400	2.0000	2.1325	51
DN_NC_073243.2_101845354_5	72	1.0000	8.4722	52
DN_NC_073243.2_110732778_15	122	1.0000	1.5246	51
DN_NC_073243.2_111186227_2	24	1.5000	20.8333	51
DN_NC_073243.2_111262956_13	400	4.0000	7.4400	52
DN_NC_073243.2_111657543_4	31	1.0000	1.1613	4
DN_NC_073243.2_112081564_15	400	5.0000	7.7600	51
DN_NC_073243.2_16710332_14	69	1.0000	1.2899	19
DN_NC_073243.2_17433799_8	400	2.0000	2.0850	51
DN_NC_073243.2_17450998_15	400	2.0000	1.9625	48
DN_NC_073243.2_19688237_2	75	8.0000	6.3200	8
DN_NC_073243.2_19834097_15	103	1.0000	3.3010	52
DN_NC_073243.2_20078090_12	41	2.0000	4.0976	50
DN_NC_073243.2_20204464_2	57	1.0000	1.3333	7
DN_NC_073243.2_20232546_4	54	1.0000	1.9074	7
DN_NC_073243.2_20322881_2	104	3.0000	4.0962	51
DN_NC_073243.2_20324218_2	91	3.0000	4.2198	51
DN_NC_073243.2_21779153_4	140	1.0000	1.4071	3
DN_NC_073243.2_21780781_4	190	1.0000	2.0474	51
DN_NC_073243.2_21894066_7	126	1.0000	7.2063	52
DN_NC_073243.2_22365408_15	400	1.0000	2.1275	51
DN_NC_073243.2_22718660_11	400	13.0000	12.7375	51
DN_NC_073243.2_22727924_2	80	1.0000	1.6250	51
DN_NC_073243.2_22729136_7	69	1.0000	1.7246	51
DN_NC_073243.2_25668904_14	61	5.0000	4.6557	6
DN_NC_073243.2_25770609_26	67	6.0000	5.3582	49
DN_NC_073243.2_27192824_11	24	1.0000	7.2500	51
DN_NC_073243.2_30823221_7	400	3.0000	3.4875	51
DN_NC_073243.2_31614985_22	400	1.0000	1.0000	1
DN_NC_073243.2_40339828_3	400	5.0000	4.6275	51
DN_NC_073243.2_40356335_7	400	8.0000	8.3675	51
DN_NC_073243.2_40875168_3	339	4.0000	5.2832	52
DN_NC_073243.2_47785917_12	400	1.0000	1.2300	51
DN_NC_073243.2_47800408_20	400	1.0000	1.2125	51
DN_NC_073243.2_49037226_3	400	3.0000	3.1750	51
DN_NC_073243.2_49045190_4	29	2.0000	10.3793	51
DN_NC_073243.2_51178324_11	76	1.0000	1.0658	2
DN_NC_073243.2_54697918_6	400	1.0000	1.0125	3
DN_NC_073243.2_54805899_27	400	1.0000	1.0075	3
DN_NC_073243.2_69046517_5	400	1.0000	1.4300	51
DN_NC_073243.2_69056468_9	400	1.0000	1.3050	51
DN_NC_073243.2_70014918_17	332	1.0000	2.0090	51
DN_NC_073243.2_74160733_18	222	5.0000	14.9459	52
DN_NC_073243.2_79064876_19	400	1.0000	2.9600	51
DN_NC_073243.2_79717303_18	400	5.0000	8.9525	52
DN_NC_073243.2_81969227_10	124	1.0000	1.0000	1
DN_NC_073243.2_82594889_12	124	2.5000	2.9435	14
DN_NC_073243.2_82739824_8	283	4.0000	4.5830	14
DN_NC_073243.2_86703688_5	400	5.0000	10.2525	52
DN_NC_073243.2_94988262_4	46	6.5000	14.7609	52
DN_NC_073243.2_97368865_2	49	1.0000	14.6122	47
DN_NC_073243.2_97368870_3	400	9.0000	11.1400	50
DN_NC_073243.2_97413463_8	148	1.0000	1.9730	51
DN_NC_073244.2_10146023_10	14	6.0000	4.7857	6
DN_NC_073244.2_10996541_7	92	1.0000	2.0761	52
DN_NC_073244.2_11377962_21	400	3.0000	2.7975	8
DN_NC_073244.2_11413820_21	400	3.0000	3.3750	9
DN_NC_073244.2_12296250_4	400	26.0000	23.7225	51
DN_NC_073244.2_12577232_27	24	1.0000	9.1667	52
DN_NC_073244.2_12909180_8	312	2.0000	2.2404	51
DN_NC_073244.2_13399581_32	400	1.0000	1.0025	2
DN_NC_073244.2_13768230_3	16	1.0000	4.6250	51
DN_NC_073244.2_14389457_28	29	1.0000	2.7241	51
DN_NC_073244.2_14850343_10	366	2.0000	1.9208	33
DN_NC_073244.2_15172509_7	400	2.0000	5.0925	52
DN_NC_073244.2_15324693_6	203	51.0000	35.6256	53
DN_NC_073244.2_15357025_8	400	1.0000	6.7150	53
DN_NC_073244.2_15453865_9	400	1.0000	3.3250	53
DN_NC_073244.2_15508499_10	185	2.0000	5.7243	53
DN_NC_073244.2_15569240_8	207	2.0000	13.7295	53
DN_NC_073244.2_15605841_4	72	51.0000	31.5556	53
DN_NC_073244.2_15648295_6	280	5.0000	16.0500	53
DN_NC_073244.2_15689625_6	313	5.0000	20.4026	53
DN_NC_073244.2_15891037_6	22	9.0000	22.2727	52
DN_NC_073244.2_16453836_16	16	1.0000	1.3125	3
DN_NC_073244.2_16606086_12	26	2.0000	2.0000	2
DN_NC_073244.2_16753009_21	163	1.0000	1.4908	52
DN_NC_073244.2_17124484_18	167	1.0000	1.0120	2
DN_NC_073244.2_17541226_2	115	1.0000	3.4000	52
DN_NC_073244.2_17635782_4	400	3.0000	3.6150	12
DN_NC_073244.2_17678736_4	400	6.0000	6.1075	52
DN_NC_073244.2_17700597_4	400	6.0000	6.2075	52
DN_NC_073244.2_17751582_4	400	6.0000	6.2075	52
DN_NC_073244.2_17751584_2	400	6.0000	6.2075	52
DN_NC_073244.2_17797611_4	400	6.0000	6.2150	52
DN_NC_073244.2_17831067_3	400	6.0000	6.2075	52
DN_NC_073244.2_17846610_4	400	4.0000	4.6525	18
DN_NC_073244.2_17876785_4	400	3.0000	3.9300	18
DN_NC_073244.2_17922158_4	400	3.0000	3.7300	52
DN_NC_073244.2_17960497_4	400	3.0000	3.7500	52
DN_NC_073244.2_17994654_4	400	3.0000	3.9625	13
DN_NC_073244.2_18045307_2	400	5.0000	5.5475	10
DN_NC_073244.2_18047026_4	400	5.0000	5.5475	10
DN_NC_073244.2_18096775_3	400	5.0000	5.5575	10
DN_NC_073244.2_18124175_2	400	7.0000	5.9975	10
DN_NC_073244.2_18124193_3	400	7.0000	5.9975	10
DN_NC_073244.2_18201516_4	400	7.0000	6.9025	20
DN_NC_073244.2_18232282_4	400	7.0000	6.6575	44
DN_NC_073244.2_18307855_4	400	6.5000	7.6475	51
DN_NC_073244.2_18356684_4	400	3.0000	4.9900	51
DN_NC_073244.2_18385030_4	400	3.0000	6.6300	51
DN_NC_073244.2_18426035_4	400	3.0000	6.0700	51
DN_NC_073244.2_18470484_4	400	3.0000	4.1925	33
DN_NC_073244.2_18564507_4	400	3.0000	3.6950	31
DN_NC_073244.2_18614963_5	191	3.0000	5.3351	51
DN_NC_073244.2_18649721_4	110	3.0000	3.9455	22
DN_NC_073244.2_19011585_2	30	1.0000	3.3667	10
DN_NC_073244.2_20723155_12	168	1.0000	1.2857	36
DN_NC_073244.2_20936541_9	400	3.0000	3.2625	52
DN_NC_073244.2_21366814_9	51	1.0000	5.1765	51
DN_NC_073244.2_21687258_9	46	1.0000	1.0435	2
DN_NC_073244.2_22635247_12	400	1.0000	1.0400	9
DN_NC_073244.2_23914271_12	400	1.0000	7.8125	51
DN_NC_073244.2_24302535_5	172	3.0000	4.2326	52
DN_NC_073244.2_25226014_19	52	1.0000	1.0000	1
DN_NC_073244.2_25986503_8	22	6.0000	7.2727	43
DN_NC_073244.2_26156853_4	353	49.0000	32.0198	52
DN_NC_073244.2_26240035_4	400	50.0000	46.2400	52
DN_NC_073244.2_26240039_2	400	50.0000	46.2400	52
DN_NC_073244.2_26314241_4	400	50.0000	46.5775	52
DN_NC_073244.2_26470366_4	400	45.0000	38.0750	52
DN_NC_073244.2_26666712_5	400	49.0000	42.4925	52
DN_NC_073244.2_26901109_4	400	51.0000	46.8575	52
DN_NC_073244.2_27051998_4	400	51.0000	48.7475	52
DN_NC_073244.2_27131194_2	400	51.0000	49.1125	52
DN_NC_073244.2_27139185_2	400	51.0000	49.1050	52
DN_NC_073244.2_27285351_4	400	51.0000	48.2600	52
DN_NC_073244.2_27408454_4	400	51.0000	48.2775	52
DN_NC_073244.2_27504818_5	400	51.0000	45.9425	52
DN_NC_073244.2_27566430_5	400	50.0000	43.8750	52
DN_NC_073244.2_27626411_5	400	51.0000	47.7525	52
DN_NC_073244.2_27765726_4	400	51.0000	49.1175	52
DN_NC_073244.2_27869273_3	400	50.0000	46.9175	52
DN_NC_073244.2_27956142_2	400	50.0000	47.5000	52
DN_NC_073244.2_27956158_2	400	50.0000	47.5000	52
DN_NC_073244.2_27956158_4	400	50.0000	47.5000	52
DN_NC_073244.2_28072858_4	400	50.0000	47.9150	52
DN_NC_073244.2_28133171_2	400	50.0000	47.7875	52
DN_NC_073244.2_28256975_5	400	50.0000	41.7300	52
DN_NC_073244.2_28333451_4	400	47.0000	36.7150	52
DN_NC_073244.2_28588105_4	400	50.0000	38.4925	51
DN_NC_073244.2_28711447_2	400	50.0000	39.2350	51
DN_NC_073244.2_28711447_4	400	50.0000	39.2350	51
DN_NC_073244.2_28820229_4	400	51.0000	47.7875	52
DN_NC_073244.2_29046961_4	400	50.0000	46.1500	52
DN_NC_073244.2_29232445_4	400	51.0000	45.7600	52
DN_NC_073244.2_29297022_4	400	50.0000	46.2725	52
DN_NC_073244.2_29557605_4	400	49.0000	44.7775	51
DN_NC_073244.2_29680825_2	400	50.0000	42.6700	53
DN_NC_073244.2_29680825_4	400	50.0000	42.6700	53
DN_NC_073244.2_29970261_4	400	49.0000	43.8850	52
DN_NC_073244.2_30067652_4	400	49.0000	44.1275	51
DN_NC_073244.2_30090650_6	400	50.0000	39.9650	53
DN_NC_073244.2_30438340_4	400	51.0000	45.9875	52
DN_NC_073244.2_30438386_2	400	51.0000	45.9875	52
DN_NC_073244.2_43610901_6	72	3.0000	6.0139	51
DN_NC_073244.2_44006563_15	106	4.0000	7.0189	51
DN_NC_073244.2_45737704_5	400	3.0000	3.6200	51
DN_NC_073244.2_45796040_6	400	3.0000	3.3475	51
DN_NC_073244.2_45985550_6	70	1.0000	7.4429	52
DN_NC_073244.2_46013405_4	49	1.0000	7.1429	51
DN_NC_073244.2_46592534_11	162	1.0000	1.3272	51
DN_NC_073244.2_46599941_3	272	1.0000	1.0147	2
DN_NC_073244.2_46809556_3	79	1.0000	6.9494	52
DN_NC_073244.2_47250467_5	400	1.0000	1.1400	52
DN_NC_073244.2_47288294_4	400	1.0000	1.0125	3
DN_NC_073244.2_47586219_5	400	3.0000	3.1900	51
DN_NC_073244.2_47642985_5	400	3.0000	3.1900	51
DN_NC_073244.2_47706460_3	400	3.0000	2.8550	4
DN_NC_073244.2_47706466_2	400	3.0000	2.8550	4
DN_NC_073244.2_47739503_5	400	3.0000	2.8550	4
DN_NC_073244.2_47798559_5	400	3.0000	2.8550	4
DN_NC_073244.2_47831779_6	400	3.0000	2.8550	4
DN_NC_073244.2_47878793_6	400	3.0000	2.8625	4
DN_NC_073244.2_47997304_5	398	3.0000	3.3141	51
DN_NC_073244.2_48030384_3	400	3.0000	3.0000	48
DN_NC_073244.2_48030811_4	400	3.0000	3.0175	48
DN_NC_073244.2_48066692_6	208	4.0000	4.0865	51
DN_NC_073244.2_48093173_7	197	1.0000	4.2690	51
DN_NC_073244.2_48242798_5	400	3.0000	4.4750	52
DN_NC_073244.2_48319142_5	181	2.0000	3.8729	52
DN_NC_073244.2_48352926_4	179	2.0000	3.0559	52
DN_NC_073244.2_48384768_7	39	2.0000	6.8462	52
DN_NC_073244.2_48583045_5	400	3.0000	3.3950	51
DN_NC_073244.2_48620420_5	265	3.0000	3.9849	51
DN_NC_073244.2_48660338_4	400	2.0000	3.1200	51
DN_NC_073244.2_48919547_6	400	3.0000	3.2050	47
DN_NC_073244.2_48980018_5	400	3.0000	3.2425	51
DN_NC_073244.2_49072464_4	400	3.0000	4.5175	51
DN_NC_073244.2_49101177_5	400	3.0000	4.3925	51
DN_NC_073244.2_49176797_4	337	3.0000	7.5608	53
DN_NC_073244.2_49205215_5	400	18.0000	18.6000	51
DN_NC_073244.2_49246931_6	67	2.0000	10.0299	51
DN_NC_073244.2_50330993_16	15	1.0000	4.4667	51
DN_NC_073244.2_50412691_21	400	3.0000	3.8550	51
DN_NC_073244.2_50702615_6	64	51.0000	38.2812	52
DN_NC_073244.2_51749194_6	60	1.0000	6.1833	52
DN_NC_073244.2_51783968_5	99	2.0000	8.8485	51
DN_NC_073244.2_51825388_5	89	2.0000	6.6629	51
DN_NC_073244.2_51984253_14	41	1.0000	1.4878	8
DN_NC_073244.2_53573424_23	93	2.0000	4.0215	51
DN_NC_073244.2_54031930_2	400	2.0000	2.7775	52
DN_NC_073244.2_54257531_4	102	34.5000	26.3725	52
DN_NC_073244.2_55341363_7	67	4.0000	4.1493	46
DN_NC_073244.2_55426973_9	209	1.0000	2.0144	51
DN_NC_073244.2_55464824_5	400	4.0000	4.7975	51
DN_NC_073244.2_55497464_5	400	4.0000	4.3950	51
DN_NC_073244.2_55516115_5	400	4.0000	4.2775	51
DN_NC_073244.2_55538420_4	400	4.0000	4.1475	51
DN_NC_073244.2_55565140_5	400	3.0000	4.0550	51
DN_NC_073244.2_55585242_5	400	3.0000	4.0400	51
DN_NC_073244.2_55607411_6	400	3.0000	3.8325	51
DN_NC_073244.2_55618657_2	400	3.0000	3.7100	51
DN_NC_073244.2_55626504_5	400	3.0000	3.5750	51
DN_NC_073244.2_55654796_6	400	3.0000	3.8950	51
DN_NC_073244.2_55678004_6	400	3.0000	3.6875	51
DN_NC_073244.2_55771764_5	129	6.0000	9.7907	52
DN_NC_073244.2_55797441_5	241	1.0000	5.9212	52
DN_NC_073244.2_55835875_4	165	1.0000	6.6788	52
DN_NC_073244.2_55899006_4	53	3.0000	10.6415	51
DN_NC_073244.2_55940471_6	165	1.0000	3.7697	52
DN_NC_073244.2_55989141_5	144	1.0000	3.5208	51
DN_NC_073244.2_56720868_3	23	1.0000	4.9565	11
DN_NC_073244.2_56814281_4	37	1.0000	1.0541	3
DN_NC_073244.2_56850091_13	77	1.0000	1.0260	3
DN_NC_073244.2_56915266_3	244	1.0000	1.0205	3
DN_NC_073244.2_56916454_10	245	1.0000	1.0204	3
DN_NC_073244.2_57062895_2	20	1.0000	1.3000	5
DN_NC_073244.2_59252668_6	360	1.0000	1.2917	52
DN_NC_073244.2_59724372_5	400	1.0000	1.8375	52
DN_NC_073244.2_59726455_2	400	1.0000	1.8375	52
DN_NC_073244.2_59973129_7	400	1.0000	1.0150	4
DN_NC_073244.2_6036407_2	87	23.0000	28.0345	52
DN_NC_073244.2_61016337_3	400	1.0000	5.7225	52
DN_NC_073244.2_61417620_12	178	1.0000	1.5730	51
DN_NC_073244.2_6165323_3	11	51.0000	49.8182	52
DN_NC_073244.2_62231648_10	11	1.0000	1.0909	2
DN_NC_073244.2_63542066_5	114	1.0000	1.0175	2
DN_NC_073244.2_63732072_2	13	1.0000	5.2308	51
DN_NC_073244.2_63765159_2	60	1.5000	13.2333	51
DN_NC_073244.2_63840101_6	193	1.0000	12.5544	52
DN_NC_073244.2_63855100_5	400	1.0000	6.8725	52
DN_NC_073244.2_63882905_5	156	9.5000	24.0256	52
DN_NC_073244.2_63895938_6	269	2.0000	13.9442	52
DN_NC_073244.2_63917963_3	400	2.0000	10.9525	52
DN_NC_073244.2_63934684_6	400	2.0000	8.2600	52
DN_NC_073244.2_63961971_6	298	2.0000	9.6577	52
DN_NC_073244.2_63983979_5	372	2.0000	10.2661	52
DN_NC_073244.2_64004232_5	257	1.0000	11.0428	52
DN_NC_073244.2_64034715_7	400	3.0000	8.1825	52
DN_NC_073244.2_64081943_4	400	2.0000	5.6650	52
DN_NC_073244.2_64125568_5	400	3.0000	5.9525	52
DN_NC_073244.2_64231369_4	400	1.0000	5.9900	53
DN_NC_073244.2_64265252_5	400	9.0000	14.2075	53
DN_NC_073244.2_64306022_6	400	9.0000	14.8500	53
DN_NC_073244.2_64340366_4	400	23.0000	19.8400	53
DN_NC_073244.2_64368633_7	400	23.0000	21.5600	53
DN_NC_073244.2_64400145_5	400	23.0000	22.1400	53
DN_NC_073244.2_64426370_6	400	23.0000	22.3500	53
DN_NC_073244.2_64500861_5	400	24.0000	22.8100	53
DN_NC_073244.2_64543447_4	400	24.0000	20.3225	53
DN_NC_073244.2_64585864_4	400	20.0000	19.9575	53
DN_NC_073244.2_64618758_7	400	20.0000	19.8225	53
DN_NC_073244.2_64672255_4	400	21.0000	19.9100	53
DN_NC_073244.2_64724127_4	400	19.0000	18.2800	52
DN_NC_073244.2_64759228_5	400	13.0000	17.5700	52
DN_NC_073244.2_64797239_5	400	9.5000	16.5825	52
DN_NC_073244.2_64836827_4	400	16.0000	20.2125	52
DN_NC_073244.2_64860608_4	400	20.0000	20.9775	52
DN_NC_073244.2_64908457_4	400	17.0000	19.0150	52
DN_NC_073244.2_65003440_7	400	23.0000	21.9425	51
DN_NC_073244.2_65046428_2	400	21.0000	18.5775	51
DN_NC_073244.2_65046428_4	400	21.0000	18.5775	51
DN_NC_073244.2_65073171_5	400	22.0000	18.1300	51
DN_NC_073244.2_65102393_4	400	22.0000	18.4250	51
DN_NC_073244.2_65266359_4	400	9.0000	19.2275	52
DN_NC_073244.2_65293743_4	400	8.0000	14.6700	52
DN_NC_073244.2_65326089_4	400	19.0000	16.1375	52
DN_NC_073244.2_65362909_5	400	22.0000	20.8700	52
DN_NC_073244.2_65398487_4	400	23.0000	22.0150	52
DN_NC_073244.2_65470296_6	319	19.0000	12.9154	53
DN_NC_073244.2_66923641_8	88	3.0000	11.0795	51
DN_NC_073244.2_66965840_13	84	3.0000	9.7857	51
DN_NC_073244.2_67776054_3	37	8.0000	7.8108	9
DN_NC_073244.2_67840893_3	36	8.0000	8.0278	9
DN_NC_073244.2_68258639_5	55	7.0000	6.6182	7
DN_NC_073244.2_68293337_5	116	2.5000	4.6897	52
DN_NC_073244.2_68333010_5	114	2.0000	4.6667	52
DN_NC_073244.2_68477557_5	230	1.0000	1.7130	52
DN_NC_073244.2_68491976_5	342	1.0000	1.6784	52
DN_NC_073244.2_68513423_5	161	2.0000	2.4969	51
DN_NC_073244.2_68548768_5	274	1.0000	2.0328	51
DN_NC_073244.2_68611978_5	118	1.0000	8.6695	51
DN_NC_073244.2_68643423_8	198	1.0000	2.4192	51
DN_NC_073244.2_68699723_3	271	1.0000	2.1070	51
DN_NC_073244.2_68766684_2	60	1.0000	5.8000	51
DN_NC_073244.2_69294668_4	115	2.0000	4.1304	52
DN_NC_073244.2_69343714_4	216	2.0000	2.3519	49
DN_NC_073244.2_69382679_3	320	1.0000	1.8375	33
DN_NC_073244.2_69422908_4	135	2.0000	2.7630	30
DN_NC_073244.2_69454247_3	234	1.0000	1.4017	30
DN_NC_073244.2_69454318_2	234	1.0000	1.4017	30
DN_NC_073244.2_69466443_4	171	2.0000	2.9649	30
DN_NC_073244.2_69466469_2	299	3.0000	3.6054	30
DN_NC_073244.2_69492904_4	348	1.0000	1.6236	30
DN_NC_073244.2_69514207_2	285	1.0000	1.7368	30
DN_NC_073244.2_69538312_3	103	2.0000	2.8835	51
DN_NC_073244.2_69572632_2	329	1.0000	2.0030	52
DN_NC_073244.2_69572632_3	329	1.0000	2.0030	52
DN_NC_073244.2_69601170_4	400	2.0000	2.7425	52
DN_NC_073244.2_69628878_4	336	2.0000	2.4911	52
DN_NC_073244.2_69643403_5	296	1.0000	2.8142	52
DN_NC_073244.2_69672458_4	328	2.0000	2.9543	52
DN_NC_073244.2_69685698_2	400	2.0000	2.9500	52
DN_NC_073244.2_69685713_2	400	2.0000	2.9500	52
DN_NC_073244.2_69685721_4	400	2.0000	2.9500	52
DN_NC_073244.2_69715659_3	400	2.0000	2.5900	52
DN_NC_073244.2_69715828_2	400	2.0000	2.5900	52
DN_NC_073244.2_69783488_3	297	2.0000	3.1414	52
DN_NC_073244.2_69799604_5	388	2.0000	3.1985	52
DN_NC_073244.2_69821764_4	400	2.0000	3.1350	52
DN_NC_073244.2_69848672_3	400	2.0000	3.1925	52
DN_NC_073244.2_69848694_2	400	2.0000	3.1925	52
DN_NC_073244.2_69873255_2	324	3.0000	4.0340	53
DN_NC_073244.2_69910623_3	345	3.0000	6.7130	53
DN_NC_073244.2_69923242_3	400	3.0000	6.2500	53
DN_NC_073244.2_69923243_2	400	3.0000	6.2500	53
DN_NC_073244.2_69974453_2	322	3.0000	3.6429	52
DN_NC_073244.2_69975553_3	321	3.0000	3.6604	52
DN_NC_073244.2_70009554_3	320	2.0000	3.2844	52
DN_NC_073244.2_70024584_5	228	3.0000	3.8333	52
DN_NC_073244.2_70042341_3	113	2.0000	3.6106	52
DN_NC_073244.2_70043245_2	113	2.0000	3.6106	52
DN_NC_073244.2_70077616_7	400	1.0000	1.4575	52
DN_NC_073244.2_70159242_5	90	3.0000	4.5444	51
DN_NC_073244.2_70224599_4	78	1.0000	4.6538	51
DN_NC_073244.2_70277256_8	174	1.0000	2.2184	49
DN_NC_073244.2_70323040_7	259	1.0000	1.6062	34
DN_NC_073244.2_70399351_4	109	9.0000	15.6147	51
DN_NC_073244.2_70422477_3	70	1.0000	10.3571	51
DN_NC_073244.2_70451371_2	36	2.0000	17.8333	51
DN_NC_073244.2_70501781_3	107	1.0000	4.2991	51
DN_NC_073244.2_70525717_3	67	1.0000	4.6269	51
DN_NC_073244.2_70544393_4	82	2.0000	4.6341	51
DN_NC_073244.2_70556426_4	85	2.0000	4.4941	51
DN_NC_073244.2_70558480_2	115	2.0000	3.5826	51
DN_NC_073244.2_70659480_6	55	1.0000	2.2727	51
DN_NC_073244.2_70818649_5	400	23.0000	23.4375	51
DN_NC_073244.2_7138158_14	389	1.0000	1.1388	43
DN_NC_073244.2_8594978_5	36	1.0000	13.0556	51
DN_NC_073244.2_8619131_4	121	1.0000	5.4215	52
DN_NC_073244.2_8680135_4	80	1.0000	5.5000	51
DN_NC_073244.2_8711681_4	52	1.0000	1.9615	51
DN_NC_073244.2_8775501_20	50	1.0000	1.0200	2
DN_NC_073244.2_9529410_11	163	1.0000	1.2822	2
DN_NC_073244.2_9737989_9	400	1.0000	1.0000	1
DN_NC_073244.2_9875870_11	34	2.0000	2.0000	2
DN_NC_073245.2_11562885_6	15	5.0000	4.8667	7
DN_NC_073245.2_11814428_9	54	3.5000	3.5370	18
DN_NC_073245.2_12383621_7	180	2.0000	2.4444	51
DN_NC_073245.2_12403861_6	263	1.0000	1.9506	51
DN_NC_073245.2_12872093_19	139	1.0000	2.9353	52
DN_NC_073245.2_13635871_13	136	1.0000	1.0147	2
DN_NC_073245.2_15006691_4	257	3.0000	3.2957	51
DN_NC_073245.2_20582467_26	164	1.0000	1.0000	1
DN_NC_073245.2_28291357_5	135	1.0000	3.2889	51
DN_NC_073245.2_28570800_2	26	4.0000	3.6538	4
DN_NC_073245.2_28784637_3	44	2.0000	19.7500	52
DN_NC_073245.2_30021133_6	400	1.0000	1.0075	2
DN_NC_073245.2_30036345_14	400	1.0000	1.0075	2
DN_NC_073245.2_35160176_6	75	27.0000	28.5200	52
DN_NC_073245.2_35236141_20	400	1.0000	20.2825	51
DN_NC_073245.2_35625538_4	35	1.0000	11.4286	51
DN_NC_073245.2_35678256_5	306	1.0000	1.0033	2
DN_NC_073245.2_35678363_2	305	1.0000	1.0033	2
DN_NC_073245.2_35742393_2	182	15.0000	14.0934	22
DN_NC_073245.2_35910982_4	400	8.0000	9.6725	51
DN_NC_073245.2_42779121_5	368	22.0000	21.5136	51
DN_NC_073245.2_44289870_13	15	1.0000	1.7333	12
DN_NC_073245.2_44511531_9	128	1.0000	1.0703	3
DN_NC_073245.2_47207807_14	400	1.0000	1.8750	51
DN_NC_073245.2_47429376_4	25	1.0000	7.0400	51
DN_NC_073245.2_47878766_13	197	1.0000	2.8934	52
DN_NC_073245.2_47908723_3	184	1.0000	2.0978	51
DN_NC_073245.2_56763975_4	148	1.0000	1.6892	51
DN_NC_073245.2_56852545_12	36	1.0000	3.7778	51
DN_NC_073245.2_57199021_10	49	1.0000	1.0612	2
DN_NC_073245.2_57775599_4	400	1.0000	7.0250	52
DN_NC_073245.2_58117175_2	28	1.0000	1.0714	2
DN_NC_073245.2_58118781_15	400	1.0000	1.0075	2
DN_NC_073245.2_58594952_21	400	2.0000	1.9325	4
DN_NC_073245.2_58728682_5	183	1.0000	1.0055	2
DN_NC_073245.2_59890561_21	350	1.0000	1.0571	7
DN_NC_073245.2_61178675_39	291	1.0000	1.9691	52
DN_NC_073245.2_63862966_28	400	1.0000	1.0925	5
DN_NC_073245.2_68791722_2	9	2.0000	2.0000	2
DN_NC_073245.2_68800206_2	9	2.0000	2.0000	2
DN_NC_073245.2_71171979_13	246	1.0000	1.1098	4
DN_NC_073245.2_71261640_15	400	1.0000	1.9275	51
DN_NC_073245.2_71275662_6	179	1.0000	3.0615	51
DN_NC_073245.2_9841009_7	122	16.0000	16.1475	52
DN_NC_073246.2_11287585_8	400	11.0000	11.4325	51
DN_NC_073246.2_15789285_3	147	4.0000	6.0884	51
DN_NC_073246.2_15789320_2	129	4.0000	5.8527	51
DN_NC_073246.2_2173988_2	400	14.0000	15.0475	21
DN_NC_073246.2_2235416_3	383	22.0000	18.9765	51
DN_NC_073246.2_2464898_3	79	3.0000	7.4810	51
DN_NC_073246.2_25308035_5	10	11.5000	23.2000	52
DN_NC_073246.2_32689693_4	67	1.0000	15.0746	52
DN_NC_073246.2_34687084_3	27	1.0000	5.8889	47
DN_NC_073246.2_34687085_2	27	1.0000	5.8889	47
DN_NC_073246.2_35769268_8	101	51.0000	43.4752	53
DN_NC_073246.2_37979530_3	309	1.0000	2.7217	51
DN_NC_073246.2_38044178_3	14	2.0000	14.2143	51
DN_NC_073246.2_43257837_14	374	1.0000	1.2701	51
DN_NC_073246.2_43317314_17	400	1.0000	1.1250	51
DN_NC_073246.2_46134650_22	400	1.0000	1.0000	1
DN_NC_073246.2_47506574_18	74	1.0000	2.6081	51
DN_NC_073247.2_105439613_2	400	1.0000	1.1575	51
DN_NC_073247.2_113167390_5	47	27.0000	30.8723	51
DN_NC_073247.2_113184310_2	400	5.0000	4.9875	51
DN_NC_073247.2_113184615_2	400	5.0000	4.9875	51
DN_NC_073247.2_113660362_2	101	1.0000	19.4257	52
DN_NC_073247.2_113908222_3	400	3.0000	4.1175	51
DN_NC_073247.2_113922705_3	356	3.0000	4.7500	51
DN_NC_073247.2_113936318_3	46	1.0000	12.3913	51
DN_NC_073247.2_114041704_23	400	2.0000	4.9300	51
DN_NC_073247.2_114140052_23	400	2.0000	3.1550	51
DN_NC_073247.2_114234875_11	47	9.0000	23.5745	51
DN_NC_073247.2_114842677_3	356	3.0000	5.1348	52
DN_NC_073247.2_114854872_20	400	3.0000	4.9900	52
DN_NC_073247.2_114994295_3	269	1.0000	1.9517	51
DN_NC_073247.2_115050911_3	240	3.0000	4.0083	51
DN_NC_073247.2_115094764_3	205	2.0000	3.2049	51
DN_NC_073247.2_115162367_2	400	3.0000	3.0950	51
DN_NC_073247.2_115190067_8	66	3.0000	8.4091	51
DN_NC_073247.2_115371773_3	400	2.0000	2.2750	5
DN_NC_073247.2_115394224_3	279	3.0000	3.3047	5
DN_NC_073247.2_115708949_2	64	3.5000	11.0938	51
DN_NC_073247.2_115884983_3	47	3.0000	3.6383	51
DN_NC_073247.2_11741821_2	400	2.0000	2.2025	51
DN_NC_073247.2_117958904_5	400	1.0000	1.3750	51
DN_NC_073247.2_119410020_7	400	3.0000	2.9900	3
DN_NC_073247.2_119718095_2	287	3.0000	6.0662	51
DN_NC_073247.2_121395319_16	400	3.0000	3.7775	52
DN_NC_073247.2_130545427_4	36	3.0000	5.2222	33
DN_NC_073247.2_131152949_4	400	11.0000	12.1600	52
DN_NC_073247.2_131468464_3	68	47.0000	36.3382	52
DN_NC_073247.2_131774354_4	102	2.0000	4.6863	52
DN_NC_073247.2_131863961_4	370	22.0000	27.3270	52
DN_NC_073247.2_132688708_2	400	5.0000	6.0425	52
DN_NC_073247.2_135520853_7	241	2.0000	3.2158	51
DN_NC_073247.2_137840069_2	400	2.0000	4.6225	51
DN_NC_073247.2_138224742_2	400	2.0000	2.2175	51
DN_NC_073247.2_141177039_25	400	1.0000	1.3150	51
DN_NC_073247.2_141930386_19	377	2.0000	1.9098	4
DN_NC_073247.2_147064204_6	117	51.0000	28.5556	53
DN_NC_073247.2_147316506_18	400	1.0000	2.4950	51
DN_NC_073247.2_147586730_5	56	4.0000	9.0536	51
DN_NC_073247.2_147600611_20	110	3.5000	5.9818	51
DN_NC_073247.2_147692428_16	400	1.0000	1.1325	51
DN_NC_073247.2_148580448_11	400	4.0000	4.9500	16
DN_NC_073247.2_153600158_4	400	4.0000	4.6100	51
DN_NC_073247.2_153901396_3	384	4.0000	4.6562	51
DN_NC_073247.2_161158664_6	244	2.0000	4.6230	52
DN_NC_073247.2_161251228_4	400	9.0000	10.3650	52
DN_NC_073247.2_161266095_3	400	2.0000	3.4525	52
DN_NC_073247.2_161413981_7	400	9.0000	9.2750	51
DN_NC_073247.2_161458538_3	400	9.0000	9.0775	14
DN_NC_073247.2_161556098_3	400	9.0000	9.0350	13
DN_NC_073247.2_161607555_5	220	2.0000	2.0545	11
DN_NC_073247.2_162650382_5	377	16.0000	22.7347	35
DN_NC_073247.2_163244071_16	400	1.0000	6.5175	52
DN_NC_073247.2_163590486_3	400	9.0000	9.0625	51
DN_NC_073247.2_163809311_4	124	9.0000	8.6532	51
DN_NC_073247.2_164381222_3	400	2.0000	5.9275	51
DN_NC_073247.2_164381237_2	400	2.0000	5.9275	51
DN_NC_073247.2_164397061_3	400	9.0000	9.6275	51
DN_NC_073247.2_164405406_2	400	9.0000	9.5950	51
DN_NC_073247.2_164407411_3	400	9.0000	9.5950	51
DN_NC_073247.2_164407414_2	400	9.0000	9.5950	51
DN_NC_073247.2_164426194_3	400	9.0000	9.5125	51
DN_NC_073247.2_164442447_2	400	2.0000	4.9200	51
DN_NC_073247.2_164442447_3	400	2.0000	4.9200	51
DN_NC_073247.2_164861277_3	400	9.0000	8.5575	27
DN_NC_073247.2_165002679_2	46	3.0000	9.2174	52
DN_NC_073247.2_165081266_2	37	3.0000	2.9730	3
DN_NC_073247.2_165220768_21	15	1.0000	1.0000	1
DN_NC_073247.2_165410205_10	273	12.0000	11.5751	13
DN_NC_073247.2_165490291_8	31	1.0000	1.0000	1
DN_NC_073247.2_165620510_8	56	2.0000	4.2143	31
DN_NC_073247.2_166018918_6	164	5.0000	11.7439	46
DN_NC_073247.2_166062772_13	139	1.0000	1.9209	46
DN_NC_073247.2_166096407_3	53	2.0000	4.2642	46
DN_NC_073247.2_166164942_10	400	2.0000	2.7025	51
DN_NC_073247.2_166250782_8	400	2.0000	2.3750	23
DN_NC_073247.2_167707352_7	206	8.0000	8.7379	51
DN_NC_073247.2_17003459_2	222	15.0000	11.9595	51
DN_NC_073247.2_18318973_2	268	7.0000	10.6828	51
DN_NC_073247.2_18638732_2	227	14.0000	10.7093	24
DN_NC_073247.2_18934892_2	228	15.0000	12.5395	52
DN_NC_073247.2_22225560_12	400	5.0000	4.7425	6
DN_NC_073247.2_23260131_7	400	1.0000	1.8275	52
DN_NC_073247.2_23442611_3	400	4.0000	4.2000	51
DN_NC_073247.2_24180353_4	370	4.0000	6.6216	51
DN_NC_073247.2_26298821_5	400	5.0000	6.2475	51
DN_NC_073247.2_30010111_18	129	16.0000	15.5194	52
DN_NC_073247.2_30604924_7	368	3.0000	2.9728	49
DN_NC_073247.2_30634906_22	191	1.0000	1.2251	43
DN_NC_073247.2_34199522_16	90	1.0000	2.7111	51
DN_NC_073247.2_34649963_8	207	2.0000	2.0918	32
DN_NC_073247.2_34808557_3	42	2.0000	3.1905	52
DN_NC_073247.2_36669088_2	34	2.0000	10.6765	52
DN_NC_073247.2_36702175_2	43	2.0000	19.1395	52
DN_NC_073247.2_38333222_3	53	1.0000	1.0566	2
DN_NC_073247.2_38356425_2	22	1.0000	1.0455	2
DN_NC_073247.2_40731967_2	400	1.0000	1.9325	51
DN_NC_073247.2_40732536_2	400	1.0000	1.9325	51
DN_NC_073247.2_40747465_5	390	2.0000	2.5205	51
DN_NC_073247.2_40760693_3	400	2.0000	2.3375	51
DN_NC_073247.2_40764337_2	374	2.0000	2.5802	51
DN_NC_073247.2_47501169_3	317	7.0000	6.6246	51
DN_NC_073247.2_51197700_2	400	11.0000	11.9575	51
DN_NC_073247.2_51578190_11	400	2.0000	2.1025	8
DN_NC_073247.2_51699012_17	400	6.0000	6.5800	51
DN_NC_073247.2_54047427_15	130	1.0000	7.3231	51
DN_NC_073247.2_54163080_15	400	1.0000	1.5375	52
DN_NC_073247.2_54705383_3	294	3.0000	4.1633	51
DN_NC_073247.2_56848572_6	78	2.0000	2.9744	51
DN_NC_073247.2_56899135_7	75	2.0000	2.6933	51
DN_NC_073247.2_57005939_17	29	2.0000	13.5172	51
DN_NC_073247.2_57761829_5	21	1.0000	1.0000	1
DN_NC_073247.2_57840463_5	85	1.0000	1.0118	2
DN_NC_073247.2_58228088_5	56	1.0000	6.1071	51
DN_NC_073247.2_58372296_6	263	1.0000	2.7376	51
DN_NC_073247.2_58634411_8	400	13.0000	12.8825	44
DN_NC_073247.2_59696701_5	268	11.0000	11.6455	51
DN_NC_073247.2_59706220_5	263	11.0000	11.8289	51
DN_NC_073247.2_59715729_5	263	11.0000	11.8289	51
DN_NC_073247.2_59725264_5	262	11.0000	11.8473	51
DN_NC_073247.2_59744368_5	262	11.0000	11.8321	51
DN_NC_073247.2_59753367_5	263	11.0000	11.8289	51
DN_NC_073247.2_59772963_5	264	11.0000	11.8030	51
DN_NC_073247.2_59782481_5	264	11.0000	11.7424	51
DN_NC_073247.2_59792068_6	258	11.0000	11.7946	51
DN_NC_073247.2_59878462_6	34	14.0000	19.4118	51
DN_NC_073247.2_60113711_15	39	1.0000	2.3333	51
DN_NC_073247.2_61509959_2	400	2.0000	3.6150	52
DN_NC_073247.2_61690478_2	400	2.0000	6.7850	51
DN_NC_073247.2_62249491_13	223	2.0000	12.3767	51
DN_NC_073247.2_62361057_13	199	2.0000	9.2010	53
DN_NC_073247.2_62664010_4	50	2.0000	6.3800	51
DN_NC_073247.2_62680287_4	49	2.0000	6.2449	51
DN_NC_073247.2_62823555_8	73	3.0000	8.2603	51
DN_NC_073247.2_62876862_8	60	3.0000	7.4833	50
DN_NC_073247.2_63315044_26	400	2.0000	1.9800	7
DN_NC_073247.2_64062359_23	280	1.0000	4.4250	52
DN_NC_073247.2_64556424_5	226	1.0000	1.2832	50
DN_NC_073247.2_64561534_19	111	1.0000	2.0811	51
DN_NC_073247.2_64921939_13	400	1.0000	6.7650	52
DN_NC_073247.2_64998786_13	400	1.0000	5.6900	51
DN_NC_073247.2_65202088_3	240	8.0000	22.8500	52
DN_NC_073247.2_66651439_2	400	1.0000	20.7500	53
DN_NC_073247.2_67140263_2	400	1.0000	13.7400	52
DN_NC_073247.2_67140268_2	400	1.0000	13.7400	52
DN_NC_073247.2_67278734_2	141	51.0000	33.5674	52
DN_NC_073247.2_77369372_13	355	2.0000	4.2620	52
DN_NC_073247.2_80936309_3	400	1.0000	1.0000	1
DN_NC_073247.2_81944671_6	78	6.0000	9.4359	51
DN_NC_073247.2_84011480_7	169	24.0000	19.9586	51
DN_NC_073247.2_84517974_3	123	5.0000	19.5122	51
DN_NC_073247.2_84653260_2	166	5.0000	25.4518	52
DN_NC_073247.2_84678651_3	160	5.0000	26.3313	52
DN_NC_073247.2_89808941_7	400	2.0000	6.7650	51
DN_NC_073247.2_95843403_22	65	1.0000	14.8462	51
DN_NC_073247.2_97674612_15	127	1.0000	19.9291	52
DN_NC_073248.2_10670113_2	22	51.0000	35.5455	51
DN_NC_073248.2_10847471_7	343	22.0000	24.4082	52
DN_NC_073248.2_15918163_7	84	24.0000	21.2976	49
DN_NC_073248.2_16416010_5	171	13.0000	16.9415	51
DN_NC_073248.2_19602755_10	173	13.0000	16.6069	49
DN_NC_073248.2_19625716_11	170	13.0000	16.7765	49
DN_NC_073248.2_19648671_11	170	13.0000	16.7765	49
DN_NC_073248.2_19671639_11	170	13.0000	16.7765	49
DN_NC_073248.2_19694607_11	170	13.0000	16.7765	49
DN_NC_073248.2_25704431_6	170	13.0000	16.6882	49
DN_NC_073248.2_25725363_11	175	13.0000	16.5829	49
DN_NC_073248.2_26366947_7	274	3.0000	5.5109	52
DN_NC_073248.2_26554434_7	215	3.0000	6.3070	51
DN_NC_073248.2_27104145_4	86	16.5000	25.3953	52
DN_NC_073248.2_27118037_27	400	2.0000	6.2550	52
DN_NC_073248.2_30080680_2	149	15.0000	19.1477	51
DN_NC_073248.2_30409029_3	135	5.0000	17.6889	52
DN_NC_073248.2_31199793_17	400	4.0000	4.3925	51
DN_NC_073248.2_31260866_11	400	2.0000	2.3150	51
DN_NC_073248.2_34736504_6	66	9.5000	15.9545	49
DN_NC_073248.2_34798633_6	63	13.0000	16.3810	49
DN_NC_073248.2_34819290_6	63	13.0000	16.3810	49
DN_NC_073248.2_34839953_6	63	13.0000	16.2857	49
DN_NC_073248.2_42783128_31	400	3.0000	3.3850	49
DN_NC_073248.2_45277558_8	400	11.0000	11.0425	14
DN_NC_073248.2_8111002_4	317	2.0000	2.1546	51
DN_NC_073248.2_9064807_2	400	2.0000	2.1700	37
DN_NC_073248.2_9423438_7	268	3.0000	5.4179	51
DN_NC_073248.2_9517725_8	231	2.0000	4.5281	52
DN_NC_086017.1_104876268_2	38	5.0000	6.2895	51
DN_NC_086017.1_112545872_3	67	51.0000	43.6269	52
DN_NC_086017.1_118126676_3	400	4.0000	4.0325	52
DN_NC_086017.1_119256163_19	40	1.0000	3.5500	51
DN_NC_086017.1_125108432_2	132	51.0000	44.2803	52
DN_NC_086017.1_12917334_8	400	3.0000	2.4875	26
DN_NC_086017.1_12936527_11	400	3.0000	2.3600	3
DN_NC_086017.1_134833806_5	26	2.0000	1.9615	2
DN_NC_086017.1_136773097_2	400	14.0000	14.6300	52
DN_NC_086017.1_136815000_6	26	2.0000	3.9231	52
DN_NC_086017.1_136950625_23	282	1.0000	1.4716	51
DN_NC_086017.1_140746758_18	223	1.0000	1.3184	51
DN_NC_086017.1_14101436_3	400	51.0000	38.8625	52
DN_NC_086017.1_141278779_5	400	15.0000	15.7675	52
DN_NC_086017.1_14572523_16	378	1.0000	1.0000	1
DN_NC_086017.1_145972418_16	56	1.0000	19.8036	52
DN_NC_086017.1_148168205_5	106	51.0000	48.1415	52
DN_NC_086017.1_150515222_8	400	1.0000	1.5950	51
DN_NC_086017.1_150527432_22	400	1.0000	1.5950	51
DN_NC_086017.1_153776814_16	110	2.0000	2.0727	18
DN_NC_086017.1_154449519_16	400	1.0000	1.2100	51
DN_NC_086017.1_156500672_2	31	4.0000	22.5484	52
DN_NC_086017.1_156500672_3	32	4.0000	21.8438	52
DN_NC_086017.1_161710205_3	271	1.0000	2.3284	51
DN_NC_086017.1_165200217_5	50	1.0000	4.6400	51
DN_NC_086017.1_181307962_18	400	2.0000	2.0275	5
DN_NC_086017.1_185299820_2	177	51.0000	45.9322	52
DN_NC_086017.1_190656695_14	311	1.0000	1.3312	51
DN_NC_086017.1_190680196_7	400	1.0000	1.5950	51
DN_NC_086017.1_195260184_15	17	1.0000	1.0588	2
DN_NC_086017.1_195677389_14	21	1.0000	2.2381	27
DN_NC_086017.1_19569853_12	93	1.0000	1.6667	28
DN_NC_086017.1_19588191_12	65	1.0000	1.8769	28
DN_NC_086017.1_19795280_8	260	1.0000	3.9769	33
DN_NC_086017.1_198207851_3	62	47.0000	43.0484	52
DN_NC_086017.1_198455801_2	14	24.5000	25.5714	51
DN_NC_086017.1_19858571_3	400	42.0000	37.4525	46
DN_NC_086017.1_207228653_16	400	5.0000	8.8925	51
DN_NC_086017.1_207540432_15	400	5.0000	5.7800	51
DN_NC_086017.1_208307881_15	400	3.0000	3.6325	52
DN_NC_086017.1_209174437_6	400	5.0000	19.7575	52
DN_NC_086017.1_211655827_5	400	23.0000	23.6775	51
DN_NC_086017.1_22368298_8	400	1.0000	1.1325	51
DN_NC_086017.1_22395793_17	400	1.0000	1.1250	51
DN_NC_086017.1_22612673_15	400	1.0000	9.8625	52
DN_NC_086017.1_22648299_4	400	1.0000	9.8625	52
DN_NC_086017.1_24755690_2	400	24.0000	25.8900	52
DN_NC_086017.1_24755691_2	400	24.0000	25.8900	52
DN_NC_086017.1_24755694_2	400	24.0000	25.8900	52
DN_NC_086017.1_26423028_11	400	3.0000	3.1500	48
DN_NC_086017.1_29787177_6	400	2.0000	2.4325	51
DN_NC_086017.1_29831691_3	400	2.0000	2.3225	51
DN_NC_086017.1_29881584_18	60	1.0000	4.0667	51
DN_NC_086017.1_33635296_6	266	1.0000	2.0865	43
DN_NC_086017.1_33716761_5	400	1.0000	4.9200	27
DN_NC_086017.1_35250847_8	26	1.0000	2.0385	23
DN_NC_086017.1_35538439_12	400	1.0000	1.1200	49
DN_NC_086017.1_37226306_22	48	1.0000	2.0625	51
DN_NC_086017.1_41849470_3	400	23.0000	25.3500	52
DN_NC_086017.1_41849524_2	400	23.0000	25.4325	52
DN_NC_086017.1_42871160_16	400	1.0000	2.6825	51
DN_NC_086017.1_43678546_18	400	3.0000	3.5450	52
DN_NC_086017.1_47078826_3	94	2.0000	7.6383	51
DN_NC_086017.1_48397256_6	154	2.0000	3.1688	15
DN_NC_086017.1_49305793_6	269	10.0000	15.8401	51
DN_NC_086017.1_50362387_6	81	10.0000	9.8395	51
DN_NC_086017.1_50382141_5	30	1.0000	2.9333	51
DN_NC_086017.1_50412575_3	72	2.0000	2.6528	51
DN_NC_086017.1_50431420_5	119	1.0000	1.0840	7
DN_NC_086017.1_52688084_4	400	17.0000	13.3800	51
DN_NC_086017.1_54457640_6	204	2.0000	2.3186	45
DN_NC_086017.1_54487757_3	12	1.0000	4.8333	45
DN_NC_086017.1_54527845_6	36	1.0000	1.1389	2
DN_NC_086017.1_54551513_4	99	3.0000	2.5152	6
DN_NC_086017.1_54583506_2	11	1.0000	2.4545	7
DN_NC_086017.1_54612772_3	101	1.0000	1.0693	6
DN_NC_086017.1_54629198_3	233	1.0000	1.0343	6
DN_NC_086017.1_56236992_2	37	2.0000	16.8649	51
DN_NC_086017.1_56254132_2	27	2.0000	22.7778	51
DN_NC_086017.1_57502847_23	205	1.0000	1.2537	51
DN_NC_086017.1_58115065_4	98	1.0000	4.6633	53
DN_NC_086017.1_58271357_16	53	1.0000	1.7547	40
DN_NC_086017.1_58383797_14	400	1.0000	1.0725	24
DN_NC_086017.1_58612310_12	163	1.0000	1.4294	51
DN_NC_086017.1_58705155_2	123	1.0000	1.5285	51
DN_NC_086017.1_60157910_4	20	1.0000	1.0000	1
DN_NC_086017.1_60161487_2	18	1.0000	1.0000	1
DN_NC_086017.1_60479047_11	117	1.0000	1.3333	40
DN_NC_086017.1_68009077_13	400	1.0000	1.0350	4
DN_NC_086017.1_82640717_11	400	2.0000	1.9975	2
DN_NC_086017.1_83275067_10	260	1.0000	1.2077	51
DN_NC_086017.1_85330170_7	400	15.0000	15.2350	52
DN_NC_086017.1_85766278_5	88	4.0000	17.1250	51
DN_NC_086017.1_93233442_3	51	1.0000	20.6667	53
DN_NC_086017.1_9337960_4	400	23.0000	22.8200	52
DN_NC_086017.1_9790451_11	400	4.0000	4.2175	40
DN_NC_086018.1_15884108_19	73	1.0000	1.6849	37
DN_NC_086018.1_16134008_5	59	12.0000	9.3220	37
DN_NC_086018.1_16346801_5	244	3.0000	3.2090	51
DN_NC_086018.1_16610610_33	66	1.0000	3.1515	51
DN_NC_086018.1_1713296_2	400	14.0000	15.0450	21
DN_NC_086018.1_17151658_12	64	1.0000	3.2969	40
DN_NC_086018.1_1774757_3	382	22.0000	19.0733	51
DN_NC_086018.1_17748702_5	246	3.0000	3.0203	7
DN_NC_086018.1_17871480_5	163	3.0000	4.5276	51
DN_NC_086018.1_17871581_2	161	3.0000	4.5466	51
DN_NC_086018.1_18253436_31	250	2.0000	2.3720	25
DN_NC_086018.1_18552717_3	19	3.0000	3.8947	7
DN_NC_086018.1_18646417_6	298	13.0000	13.0503	51
DN_NC_086018.1_18821463_5	167	3.0000	4.9940	52
DN_NC_086018.1_19032395_10	241	2.0000	2.0332	4
DN_NC_086018.1_19196747_2	400	4.0000	4.7400	31
DN_NC_086018.1_19202967_5	91	1.0000	2.0220	33
DN_NC_086018.1_19844955_6	400	22.0000	23.3125	52
DN_NC_086018.1_19935965_4	205	11.0000	11.7073	51
DN_NC_086018.1_19995243_3	270	1.0000	3.5963	51
DN_NC_086018.1_20024455_2	106	2.0000	6.7358	51
DN_NC_086018.1_2012052_3	77	3.0000	5.7013	51
DN_NC_086018.1_20765108_15	282	13.0000	13.4149	45
DN_NC_086018.1_21140998_4	400	8.0000	8.8600	51
DN_NC_086018.1_21231592_2	26	1.0000	18.8462	51
DN_NC_086018.1_22138206_15	296	39.0000	35.4527	52
DN_NC_086018.1_22166696_9	344	13.0000	17.2297	52
DN_NC_086018.1_22406144_7	350	13.0000	17.8657	52
DN_NC_086018.1_22567705_3	400	8.0000	7.5125	51
DN_NC_086018.1_23267560_8	162	2.0000	3.1235	51
DN_NC_086018.1_23370474_4	271	9.0000	9.4760	46
DN_NC_086018.1_23590926_21	78	1.5000	2.2692	10
DN_NC_086018.1_24502908_7	400	1.0000	1.1250	6
DN_NC_086018.1_24509591_14	400	1.0000	1.1250	6
DN_NC_086018.1_24877691_3	130	1.0000	1.2692	22
DN_NC_086018.1_25932455_2	115	1.0000	6.7826	52
DN_NC_086018.1_26719433_15	223	8.0000	11.1031	36
DN_NC_086018.1_26773900_6	22	8.0000	5.5000	17
DN_NC_086018.1_27357888_21	400	1.0000	1.1425	51
DN_NC_086018.1_27470342_2	112	3.0000	5.2500	52
DN_NC_086018.1_28313237_9	132	1.0000	1.4167	51
DN_NC_086018.1_28714522_15	382	1.0000	2.3429	52
DN_NC_086018.1_29227554_16	400	2.0000	2.2750	7
DN_NC_086018.1_29956541_2	135	1.0000	1.3481	45
DN_NC_086018.1_30368542_3	63	3.0000	3.5079	30
DN_NC_086018.1_34137538_4	205	4.0000	3.7220	51
DN_NC_086018.1_34186611_4	284	4.0000	16.5070	52
DN_NC_086018.1_34223461_5	199	4.0000	3.4422	5
DN_NC_086018.1_34278584_41	400	1.0000	1.0500	2
DN_NC_086018.1_35225663_7	5	1.0000	1.0000	1
DN_NC_086018.1_35282535_13	37	1.0000	1.0000	1
DN_NC_086018.1_35611817_17	138	1.0000	1.0362	3
DN_NC_086018.1_36304756_7	52	1.0000	2.9423	52
DN_NC_086018.1_36987543_6	368	3.0000	4.3370	51
DN_NC_086018.1_37016890_4	301	3.0000	4.1096	51
DN_NC_086018.1_37043543_7	375	3.0000	4.5547	51
DN_NC_086018.1_39469630_18	400	4.0000	4.0475	18
DN_NC_086018.1_39525778_6	400	4.0000	4.0300	18
DN_NC_086018.1_40100382_3	30	2.0000	9.8000	51
DN_NC_086018.1_40516247_7	257	2.0000	3.0506	51
DN_NC_086018.1_40570429_6	257	2.0000	2.6654	51
DN_NC_086018.1_40865904_11	400	1.0000	1.1250	51
DN_NC_086018.1_47820238_12	224	1.0000	1.0670	4
DN_NC_086018.1_48324966_37	400	1.0000	1.5000	51
DN_NC_086018.1_48564680_20	300	1.0000	1.1700	51
DN_NC_086018.1_48579325_2	158	1.0000	1.3165	51
DN_NC_086018.1_48818439_9	199	8.0000	8.2161	52
