dn_a	dn_b	n_exon_a	n_exon_b	n_exon_min	colinear	colinear_nd	n_matched	exon_match_frac	mean_matched_id	best_exon_id	isolated_domain	colinear_50	colinear_60	colinear_65	colinear_70	colinear_75	colinear_80
DN_NC_073224.2_100532147_6	DN_NC_073224.2_100535401_4	6	4	4	0	0	0	0.0	0.0	0.0	0	1	0	0	0	0	0
DN_NC_073224.2_100772522_11	DN_NC_073247.2_66651439_2	11	2	2	0	0	0	0.0	0.0	0.0	0	2	0	0	0	0	0
DN_NC_073224.2_100975273_21	DN_NC_073224.2_101136214_11	21	10	10	9	9	9	0.9	0.953	1.0	0	9	9	9	9	9	9
DN_NC_073224.2_101578782_11	DN_NC_073224.2_101602135_9	11	9	9	6	6	6	0.6667	0.9513	1.0	0	6	6	6	6	6	5
DN_NC_073224.2_102253297_12	DN_NC_073240.2_76716889_13	12	13	12	9	9	9	0.75	0.7702	0.8211	0	11	11	10	9	6	2
DN_NC_073224.2_103138337_14	DN_NC_073224.2_103145991_4	14	4	4	0	0	0	0.0	0.0	0.0	0	3	0	0	0	0	0
DN_NC_073224.2_105669663_7	DN_NC_073224.2_105672200_3	7	3	3	1	1	1	0.3333	1.0	1.0	1	2	1	1	1	1	1
DN_NC_073224.2_105776266_5	DN_NC_073224.2_105784199_2	5	2	2	0	0	0	0.0	0.0	0.0	0	0	0	0	0	0	0
DN_NC_073224.2_114480077_3	DN_NC_073224.2_115073534_2	3	2	2	1	1	1	0.5	0.761	0.761	1	1	1	1	1	1	0
DN_NC_073224.2_114825986_4	DN_NC_073240.2_44556092_13	4	13	4	0	0	0	0.0	0.0	0.0	0	4	0	0	0	0	0
DN_NC_073224.2_115073393_19	DN_NC_073224.2_116807774_25	19	25	19	14	15	24	1.2632	0.9572	1.0	0	14	14	14	14	14	14
DN_NC_073224.2_115073393_19	DN_NC_073224.2_117494263_25	19	25	19	14	15	24	1.2632	0.9547	1.0	0	14	14	14	14	14	14
DN_NC_073224.2_115073393_19	DN_NC_073224.2_124254598_20	19	20	19	10	10	11	0.5789	0.8316	0.9638	0	11	11	11	10	7	6
DN_NC_073224.2_115073393_19	DN_NC_073224.2_129429039_7	19	7	7	7	7	7	1.0	0.9773	1.0	0	7	7	7	7	7	7
DN_NC_073224.2_115073393_19	DN_NC_073224.2_129970070_21	19	21	19	15	16	20	1.0526	0.9516	1.0	0	15	15	15	15	15	15
DN_NC_073224.2_115073393_19	DN_NC_073224.2_218361248_19	19	19	19	12	13	18	0.9474	0.8959	0.9608	0	12	12	12	12	12	12
DN_NC_073224.2_115073393_19	DN_NC_073224.2_218434129_23	19	23	19	12	13	22	1.1579	0.9032	0.9804	0	13	12	12	12	12	12
DN_NC_073224.2_115073393_19	DN_NC_073224.2_223156764_8	19	8	8	6	7	8	1.0	0.9131	0.9804	0	7	6	6	6	6	6
DN_NC_073224.2_115215234_17	DN_NC_073224.2_117217199_13	17	13	13	11	11	11	0.8462	0.9805	0.988	0	12	11	11	11	11	11
DN_NC_073224.2_115215234_17	DN_NC_073224.2_130013703_13	17	13	13	12	12	12	0.9231	0.9886	1.0	0	13	12	12	12	12	12
DN_NC_073224.2_116008764_12	DN_NC_073224.2_124490902_14	12	14	12	11	11	11	0.9167	0.9864	1.0	0	11	11	11	11	11	11
DN_NC_073224.2_116693847_11	DN_NC_073224.2_130686217_20	11	20	11	8	8	8	0.7273	0.9895	1.0	0	9	8	8	8	8	8
DN_NC_073224.2_116807774_25	DN_NC_073224.2_117494263_25	25	25	25	17	17	25	1.0	0.9885	1.0	0	17	17	17	17	17	17
DN_NC_073224.2_116807774_25	DN_NC_073224.2_124234032_12	25	12	12	6	7	11	0.9167	0.8468	0.9052	0	7	7	6	6	5	4
DN_NC_073224.2_116807774_25	DN_NC_073224.2_124254598_20	25	20	20	6	10	12	0.6	0.8463	0.9673	0	7	7	7	6	4	4
DN_NC_073224.2_116807774_25	DN_NC_073224.2_125055626_35	25	35	25	17	18	35	1.4	0.972	0.9953	0	17	17	17	17	17	17
DN_NC_073224.2_116807774_25	DN_NC_073224.2_125594338_29	25	29	25	16	17	29	1.16	0.9736	0.9953	0	16	16	16	16	16	16
DN_NC_073224.2_116807774_25	DN_NC_073224.2_129970070_21	25	21	21	16	16	24	1.1429	0.9835	1.0	0	16	16	16	16	16	16
DN_NC_073224.2_116807774_25	DN_NC_073224.2_130224824_25	25	25	25	16	17	25	1.0	0.9735	0.9953	0	16	16	16	16	16	16
DN_NC_073224.2_116807774_25	DN_NC_073224.2_130335848_23	25	23	23	16	17	24	1.0435	0.983	1.0	0	16	16	16	16	16	16
DN_NC_073224.2_116807774_25	DN_NC_073224.2_218361248_19	25	19	19	13	15	23	1.2105	0.8906	0.9608	0	13	13	13	13	13	13
DN_NC_073224.2_116807774_25	DN_NC_073224.2_218434129_23	25	23	23	13	15	23	1.0	0.9003	0.9804	0	13	13	13	13	13	13
DN_NC_073224.2_117114419_5	DN_NC_073224.2_124983304_5	5	5	5	5	5	5	1.0	0.9833	0.9938	0	5	5	5	5	5	5
DN_NC_073224.2_117114419_5	DN_NC_073224.2_130157457_4	5	4	4	3	3	3	0.75	0.9847	0.9938	0	3	3	3	3	3	3
DN_NC_073224.2_117217199_13	DN_NC_073224.2_130013703_13	13	13	13	12	12	12	0.9231	0.9787	0.9957	0	12	12	12	12	12	12
DN_NC_073224.2_117217199_13	DN_NC_073243.2_49045190_4	13	4	4	0	0	0	0.0	0.0	0.0	0	3	2	0	0	0	0
DN_NC_073224.2_117447152_14	DN_NC_073224.2_130305133_13	14	13	13	13	13	13	1.0	0.9932	1.0	0	13	13	13	13	13	13
DN_NC_073224.2_117447152_14	DN_NC_073243.2_111262956_13	14	13	13	11	11	11	0.8462	0.9705	0.9861	0	12	11	11	11	11	11
DN_NC_073224.2_117494263_25	DN_NC_073224.2_124234032_12	25	12	12	6	7	11	0.9167	0.844	0.9052	0	7	7	6	6	4	4
DN_NC_073224.2_117494263_25	DN_NC_073224.2_124254598_20	25	20	20	6	10	12	0.6	0.8538	0.9673	0	8	8	8	6	4	4
DN_NC_073224.2_117494263_25	DN_NC_073224.2_125055626_35	25	35	25	17	19	35	1.4	0.9757	0.9953	0	17	17	17	17	17	17
DN_NC_073224.2_117494263_25	DN_NC_073224.2_125594338_29	25	29	25	16	18	29	1.16	0.9751	0.9953	0	16	16	16	16	16	16
DN_NC_073224.2_117494263_25	DN_NC_073224.2_129970070_21	25	21	21	16	16	24	1.1429	0.988	1.0	0	16	16	16	16	16	16
DN_NC_073224.2_117494263_25	DN_NC_073224.2_130224824_25	25	25	25	16	17	25	1.0	0.9785	1.0	0	16	16	16	16	16	16
DN_NC_073224.2_117494263_25	DN_NC_073224.2_130335848_23	25	23	23	16	17	24	1.0435	0.9879	1.0	0	16	16	16	16	16	16
DN_NC_073224.2_117494263_25	DN_NC_073224.2_218361248_19	25	19	19	13	15	23	1.2105	0.8907	0.9804	0	13	13	13	13	13	13
DN_NC_073224.2_117494263_25	DN_NC_073224.2_218434129_23	25	23	23	13	15	23	1.0	0.9008	1.0	0	13	13	13	13	13	13
DN_NC_073224.2_120787661_19	DN_NC_073224.2_96681549_23	19	23	19	17	17	17	0.8947	0.7826	0.8374	0	18	18	18	17	15	5
DN_NC_073224.2_120787661_19	DN_NC_073244.2_53573424_23	19	23	19	17	17	17	0.8947	0.7876	0.8538	0	18	18	18	17	14	6
DN_NC_073224.2_120975632_11	DN_NC_073238.2_24435116_16	11	16	11	4	4	4	0.3636	0.9723	0.9771	0	4	4	4	4	4	4
DN_NC_073224.2_123525276_5	DN_NC_073224.2_9521619_7	5	7	5	0	0	0	0.0	0.0	0.0	0	3	0	0	0	0	0
DN_NC_073224.2_123525276_5	DN_NC_073227.2_107202270_4	5	4	4	1	1	1	0.25	0.8088	0.8088	1	3	1	1	1	1	1
DN_NC_073224.2_123525276_5	DN_NC_073227.2_26000468_4	5	4	4	0	0	0	0.0	0.0	0.0	0	3	0	0	0	0	0
DN_NC_073224.2_123525276_5	DN_NC_073227.2_49278079_9	5	9	5	0	0	0	0.0	0.0	0.0	0	3	0	0	0	0	0
DN_NC_073224.2_123525276_5	DN_NC_073227.2_55859426_23	5	23	5	0	0	0	0.0	0.0	0.0	0	4	0	0	0	0	0
DN_NC_073224.2_123525276_5	DN_NC_073230.2_159385621_3	5	3	3	0	0	0	0.0	0.0	0.0	0	2	0	0	0	0	0
DN_NC_073224.2_123525276_5	DN_NC_073230.2_92132360_3	5	3	3	0	0	0	0.0	0.0	0.0	0	1	0	0	0	0	0
DN_NC_073224.2_123525276_5	DN_NC_073231.2_107519754_4	5	4	4	0	0	0	0.0	0.0	0.0	0	2	0	0	0	0	0
DN_NC_073224.2_123525276_5	DN_NC_073232.2_101543079_10	5	10	5	0	0	0	0.0	0.0	0.0	0	4	0	0	0	0	0
DN_NC_073224.2_123525276_5	DN_NC_073232.2_34013134_3	5	3	3	0	0	0	0.0	0.0	0.0	0	2	0	0	0	0	0
DN_NC_073224.2_123525276_5	DN_NC_073232.2_50172230_4	5	4	4	0	0	0	0.0	0.0	0.0	0	2	0	0	0	0	0
DN_NC_073224.2_123525276_5	DN_NC_073232.2_99830035_5	5	5	5	0	0	0	0.0	0.0	0.0	0	2	0	0	0	0	0
DN_NC_073224.2_123525276_5	DN_NC_073233.2_116263271_8	5	8	5	0	0	0	0.0	0.0	0.0	0	3	1	0	0	0	0
DN_NC_073224.2_123525276_5	DN_NC_073233.2_23732821_4	5	4	4	0	0	0	0.0	0.0	0.0	0	2	0	0	0	0	0
DN_NC_073224.2_123525276_5	DN_NC_073234.2_126370406_2	5	2	2	0	0	0	0.0	0.0	0.0	0	1	0	0	0	0	0
DN_NC_073224.2_123525276_5	DN_NC_073234.2_86426177_10	5	10	5	0	0	0	0.0	0.0	0.0	0	4	0	0	0	0	0
DN_NC_073224.2_123525276_5	DN_NC_073235.2_142785844_3	5	3	3	0	0	0	0.0	0.0	0.0	0	2	0	0	0	0	0
DN_NC_073224.2_123525276_5	DN_NC_073235.2_71373985_7	5	7	5	1	1	1	0.2	0.8282	0.8282	1	3	2	1	1	1	1
DN_NC_073224.2_123525276_5	DN_NC_073237.2_101948554_6	5	6	5	0	0	0	0.0	0.0	0.0	0	3	0	0	0	0	0
DN_NC_073224.2_123525276_5	DN_NC_073239.2_123333523_2	5	2	2	0	0	0	0.0	0.0	0.0	0	1	0	0	0	0	0
DN_NC_073224.2_123525276_5	DN_NC_073239.2_123449122_2	5	2	2	0	0	0	0.0	0.0	0.0	0	1	0	0	0	0	0
DN_NC_073224.2_123525276_5	DN_NC_073239.2_14838701_6	5	6	5	0	0	0	0.0	0.0	0.0	0	2	0	0	0	0	0
DN_NC_073224.2_123525276_5	DN_NC_073239.2_36370724_4	5	4	4	0	0	0	0.0	0.0	0.0	0	1	0	0	0	0	0
DN_NC_073224.2_123525276_5	DN_NC_073240.2_21986088_4	5	4	4	0	0	0	0.0	0.0	0.0	0	3	0	0	0	0	0
DN_NC_073224.2_123525276_5	DN_NC_073242.2_120248671_3	5	3	3	0	0	0	0.0	0.0	0.0	0	2	0	0	0	0	0
DN_NC_073224.2_123525276_5	DN_NC_073243.2_69046517_5	5	5	5	0	0	0	0.0	0.0	0.0	0	2	0	0	0	0	0
DN_NC_073224.2_123525276_5	DN_NC_073243.2_70014918_17	5	17	5	0	0	0	0.0	0.0	0.0	0	3	0	0	0	0	0
DN_NC_073224.2_123525276_5	DN_NC_073244.2_43610901_6	5	6	5	1	1	1	0.2	0.8088	0.8088	1	4	1	1	1	1	1
DN_NC_073224.2_123525276_5	DN_NC_073245.2_47429376_4	5	4	4	0	0	0	0.0	0.0	0.0	0	2	0	0	0	0	0
DN_NC_073224.2_123525276_5	DN_NC_073247.2_114234875_11	5	11	5	0	0	0	0.0	0.0	0.0	0	3	0	0	0	0	0
DN_NC_073224.2_123525276_5	DN_NC_073247.2_115708949_2	5	2	2	0	0	0	0.0	0.0	0.0	0	1	0	0	0	0	0
DN_NC_073224.2_123525276_5	DN_NC_073247.2_147586730_5	5	5	5	0	0	0	0.0	0.0	0.0	0	2	0	0	0	0	0
DN_NC_073224.2_123525276_5	DN_NC_086018.1_24877691_3	5	3	3	0	0	0	0.0	0.0	0.0	0	2	0	0	0	0	0
DN_NC_073224.2_124008865_3	DN_NC_073242.2_36121013_3	3	3	3	0	0	0	0.0	0.0	0.0	0	2	0	0	0	0	0
DN_NC_073224.2_124008865_3	DN_NC_073242.2_36498381_3	3	3	3	0	0	0	0.0	0.0	0.0	0	2	0	0	0	0	0
DN_NC_073224.2_124008865_3	DN_NC_073242.2_6758889_7	3	7	3	0	0	0	0.0	0.0	0.0	0	1	0	0	0	0	0
DN_NC_073224.2_124008865_3	DN_NC_073244.2_68766684_2	3	2	2	0	0	0	0.0	0.0	0.0	0	2	0	0	0	0	0
DN_NC_073224.2_124234032_12	DN_NC_073224.2_124254598_20	12	20	12	7	7	8	0.6667	0.9153	1.0	0	9	7	7	7	7	7
DN_NC_073224.2_124234032_12	DN_NC_073224.2_125594338_29	12	29	12	6	9	21	1.75	0.8662	0.91	0	8	7	7	6	6	4
DN_NC_073224.2_124234032_12	DN_NC_073224.2_130224824_25	12	25	12	6	8	16	1.3333	0.8649	0.91	0	7	7	7	6	6	4
DN_NC_073224.2_124234032_12	DN_NC_073224.2_130335848_23	12	23	12	6	7	11	0.9167	0.8515	0.9052	0	8	7	6	6	5	4
DN_NC_073224.2_124234032_12	DN_NC_073224.2_218361248_19	12	19	12	7	8	12	1.0	0.8515	0.9065	0	8	7	7	7	7	5
DN_NC_073224.2_124234032_12	DN_NC_073224.2_218434129_23	12	23	12	7	8	16	1.3333	0.8476	0.9065	0	8	7	7	7	7	5
DN_NC_073224.2_124234032_12	DN_NC_073224.2_223156764_8	12	8	8	1	1	1	0.125	0.7276	0.7276	1	4	3	2	1	0	0
DN_NC_073224.2_124254598_20	DN_NC_073224.2_125055626_35	20	35	20	7	13	22	1.1	0.8607	0.972	0	8	7	7	7	6	4
DN_NC_073224.2_124254598_20	DN_NC_073224.2_125594338_29	20	29	20	7	11	20	1.0	0.8624	0.972	0	9	8	8	7	5	4
DN_NC_073224.2_124254598_20	DN_NC_073224.2_129970070_21	20	21	20	7	9	11	0.55	0.8456	0.9673	0	8	7	7	7	4	4
DN_NC_073224.2_124254598_20	DN_NC_073224.2_130224824_25	20	25	20	7	10	16	0.8	0.8557	0.9673	0	9	9	8	7	5	4
DN_NC_073224.2_124254598_20	DN_NC_073224.2_130335848_23	20	23	20	10	12	14	0.7	0.8698	0.9898	0	10	10	10	10	7	7
DN_NC_073224.2_124254598_20	DN_NC_073224.2_218361248_19	20	19	19	7	9	12	0.6316	0.8424	0.9393	0	8	8	8	7	6	4
DN_NC_073224.2_124254598_20	DN_NC_073224.2_218434129_23	20	23	20	8	11	17	0.85	0.834	0.9393	0	8	8	8	8	6	4
DN_NC_073224.2_124983304_5	DN_NC_073224.2_130157457_4	5	4	4	3	3	3	0.75	0.9953	1.0	0	3	3	3	3	3	3
DN_NC_073224.2_125055626_35	DN_NC_073224.2_125594338_29	35	29	29	16	19	34	1.1724	0.9952	1.0	0	16	16	16	16	16	16
DN_NC_073224.2_125055626_35	DN_NC_073224.2_129970070_21	35	21	21	16	18	34	1.619	0.9789	0.9953	0	16	16	16	16	16	16
DN_NC_073224.2_125055626_35	DN_NC_073224.2_130224824_25	35	25	25	16	19	35	1.4	0.9941	1.0	0	16	16	16	16	16	16
DN_NC_073224.2_125055626_35	DN_NC_073224.2_130335848_23	35	23	23	16	19	34	1.4783	0.9845	0.9953	0	16	16	16	16	16	16
DN_NC_073224.2_125055626_35	DN_NC_073224.2_218361248_19	35	19	19	13	17	33	1.7368	0.9003	1.0	0	13	13	13	13	13	13
DN_NC_073224.2_125055626_35	DN_NC_073224.2_218434129_23	35	23	23	13	17	33	1.4348	0.8941	0.9804	0	13	13	13	13	13	13
DN_NC_073224.2_125594338_29	DN_NC_073224.2_129970070_21	29	21	21	15	17	28	1.3333	0.979	0.9953	0	15	15	15	15	15	15
DN_NC_073224.2_125594338_29	DN_NC_073224.2_130224824_25	29	25	25	16	18	29	1.16	0.9948	1.0	0	16	16	16	16	16	16
DN_NC_073224.2_125594338_29	DN_NC_073224.2_130335848_23	29	23	23	16	18	29	1.2609	0.986	0.9953	0	16	16	16	16	16	16
DN_NC_073224.2_125594338_29	DN_NC_073224.2_218361248_19	29	19	19	12	15	28	1.4737	0.9005	1.0	0	12	12	12	12	12	12
DN_NC_073224.2_125594338_29	DN_NC_073224.2_218434129_23	29	23	23	12	15	28	1.2174	0.8945	0.9804	0	12	12	12	12	12	12
DN_NC_073224.2_125859316_3	DN_NC_073224.2_45389129_11	3	11	3	0	0	0	0.0	0.0	0.0	0	1	0	0	0	0	0
DN_NC_073224.2_125859316_3	DN_NC_073224.2_77707994_7	3	7	3	0	0	0	0.0	0.0	0.0	0	3	0	0	0	0	0
DN_NC_073224.2_125859316_3	DN_NC_073232.2_65905862_9	3	9	3	0	0	0	0.0	0.0	0.0	0	2	0	0	0	0	0
DN_NC_073224.2_125859316_3	DN_NC_073237.2_96675699_5	3	5	3	0	0	0	0.0	0.0	0.0	0	3	1	1	0	0	0
DN_NC_073224.2_125859316_3	DN_NC_086018.1_19844955_6	3	9	3	1	1	1	0.3333	0.7189	0.7189	1	2	1	1	1	0	0
DN_NC_073224.2_126139506_3	DN_NC_073242.2_97073460_5	3	5	3	0	0	0	0.0	0.0	0.0	0	2	1	0	0	0	0
DN_NC_073224.2_126184593_6	DN_NC_073224.2_126189262_21	6	21	6	0	0	0	0.0	0.0	0.0	0	3	1	0	0	0	0
DN_NC_073224.2_129169623_8	DN_NC_073224.2_129191737_8	8	8	8	6	6	6	0.75	0.7782	0.8438	0	6	6	6	6	4	3
DN_NC_073224.2_129169623_8	DN_NC_073224.2_129211328_8	8	8	8	5	5	5	0.625	0.787	0.8438	0	6	6	6	5	3	2
DN_NC_073224.2_129169623_8	DN_NC_073224.2_130416112_8	8	8	8	6	6	6	0.75	0.7746	0.8438	0	7	6	6	6	4	2
DN_NC_073224.2_129191737_8	DN_NC_073224.2_129211328_8	8	8	8	7	7	7	0.875	0.9422	1.0	0	7	7	7	7	7	7
DN_NC_073224.2_129191737_8	DN_NC_073224.2_130416112_8	8	8	8	6	6	6	0.75	0.9167	1.0	0	8	7	6	6	6	6
DN_NC_073224.2_129200469_3	DN_NC_073248.2_27104145_4	3	4	3	0	0	0	0.0	0.0	0.0	0	1	0	0	0	0	0
DN_NC_073224.2_129211328_8	DN_NC_073224.2_130416112_8	8	8	8	6	6	6	0.75	0.9243	1.0	0	7	7	6	6	6	6
DN_NC_073224.2_129429039_7	DN_NC_073224.2_129970070_21	7	21	7	7	7	7	1.0	0.9967	1.0	0	7	7	7	7	7	7
DN_NC_073224.2_129429039_7	DN_NC_073224.2_218361248_19	7	19	7	4	5	6	0.8571	0.9031	0.9804	0	5	5	4	4	4	4
DN_NC_073224.2_129429039_7	DN_NC_073224.2_218434129_23	7	23	7	4	5	6	0.8571	0.9132	1.0	0	5	5	4	4	4	4
DN_NC_073224.2_129429039_7	DN_NC_073224.2_223478295_8	7	8	7	4	5	6	0.8571	0.9007	1.0	0	5	5	5	4	4	3
DN_NC_073224.2_129970070_21	DN_NC_073224.2_130224824_25	21	25	21	17	17	24	1.1429	0.982	0.9942	0	17	17	17	17	17	17
DN_NC_073224.2_129970070_21	DN_NC_073224.2_130335848_23	21	23	21	15	15	18	0.8571	0.9924	1.0	0	16	15	15	15	15	15
DN_NC_073224.2_129970070_21	DN_NC_073224.2_218361248_19	21	19	19	13	14	19	1.0	0.8913	0.9804	0	13	13	13	13	13	13
DN_NC_073224.2_129970070_21	DN_NC_073224.2_218434129_23	21	23	21	13	14	22	1.0476	0.9035	1.0	0	13	13	13	13	13	13
DN_NC_073224.2_129970070_21	DN_NC_073224.2_223156764_8	21	8	8	6	7	8	1.0	0.916	1.0	0	7	6	6	6	6	6
DN_NC_073224.2_130224824_25	DN_NC_073224.2_130335848_23	25	23	23	19	20	25	1.087	0.9901	0.9986	0	19	19	19	19	19	19
DN_NC_073224.2_130224824_25	DN_NC_073224.2_218361248_19	25	19	19	12	14	23	1.2105	0.9003	1.0	0	13	13	12	12	12	12
DN_NC_073224.2_130224824_25	DN_NC_073224.2_218434129_23	25	23	23	12	14	23	1.0	0.8938	0.9804	0	13	13	12	12	12	12
DN_NC_073224.2_130305133_13	DN_NC_073243.2_111262956_13	13	13	13	10	10	10	0.7692	0.9731	0.9879	0	11	10	10	10	10	10
DN_NC_073224.2_130335848_23	DN_NC_073224.2_218361248_19	23	19	19	13	14	19	1.0	0.8854	0.9804	0	13	13	13	13	13	12
DN_NC_073224.2_130335848_23	DN_NC_073224.2_218434129_23	23	23	23	13	14	22	0.9565	0.9021	1.0	0	13	13	13	13	13	13
DN_NC_073224.2_130406472_2	DN_NC_073224.2_13812644_2	2	2	2	1	1	1	0.5	0.7354	0.7354	1	1	1	1	1	0	0
DN_NC_073224.2_130406472_2	DN_NC_073229.2_109663823_28	2	28	2	0	0	0	0.0	0.0	0.0	0	2	1	0	0	0	0
DN_NC_073224.2_130406472_2	DN_NC_073235.2_137582288_5	2	5	2	0	0	0	0.0	0.0	0.0	0	2	1	0	0	0	0
DN_NC_073224.2_130406472_2	DN_NC_073241.2_80636266_2	2	2	2	0	0	0	0.0	0.0	0.0	0	2	0	0	0	0	0
DN_NC_073224.2_130406472_2	DN_NC_086017.1_165200217_5	2	5	2	0	0	0	0.0	0.0	0.0	0	2	1	0	0	0	0
DN_NC_073224.2_130406472_4	DN_NC_073229.2_136550623_3	4	3	3	0	0	0	0.0	0.0	0.0	0	2	0	0	0	0	0
DN_NC_073224.2_130406472_4	DN_NC_073233.2_132097253_2	4	2	2	0	0	0	0.0	0.0	0.0	0	0	0	0	0	0	0
DN_NC_073224.2_130406472_4	DN_NC_073242.2_95678785_4	4	4	4	0	0	0	0.0	0.0	0.0	0	1	0	0	0	0	0
DN_NC_073224.2_130406472_4	DN_NC_073243.2_21894066_7	4	7	4	0	0	0	0.0	0.0	0.0	0	3	1	1	0	0	0
DN_NC_073224.2_130449319_18	DN_NC_073233.2_16844162_15	18	15	15	6	6	6	0.4	0.7341	0.7545	0	12	8	8	6	2	0
DN_NC_073224.2_130486250_9	DN_NC_073230.2_108545376_8	9	8	8	6	6	6	0.75	0.8059	0.9048	0	7	6	6	6	6	2
DN_NC_073224.2_136262916_11	DN_NC_073244.2_64860608_4	11	4	4	0	0	0	0.0	0.0	0.0	0	2	0	0	0	0	0
DN_NC_073224.2_13812644_2	DN_NC_073229.2_109663823_28	2	28	2	0	0	0	0.0	0.0	0.0	0	1	1	0	0	0	0
DN_NC_073224.2_13812644_2	DN_NC_073235.2_137582288_5	2	5	2	0	0	0	0.0	0.0	0.0	0	1	1	0	0	0	0
DN_NC_073224.2_13812644_2	DN_NC_073235.2_74414844_11	2	11	2	0	0	0	0.0	0.0	0.0	0	1	1	0	0	0	0
DN_NC_073224.2_13812644_2	DN_NC_073240.2_95564610_15	2	15	2	0	0	0	0.0	0.0	0.0	0	0	0	0	0	0	0
DN_NC_073224.2_13812644_2	DN_NC_073241.2_80636266_2	2	2	2	0	0	0	0.0	0.0	0.0	0	0	0	0	0	0	0
DN_NC_073224.2_13812644_2	DN_NC_086017.1_165200217_5	2	5	2	0	0	0	0.0	0.0	0.0	0	1	0	0	0	0	0
DN_NC_073224.2_13850922_2	DN_NC_073247.2_97674612_15	2	15	2	0	0	0	0.0	0.0	0.0	0	1	0	0	0	0	0
DN_NC_073224.2_14366670_16	DN_NC_073239.2_89227263_15	16	15	15	10	10	10	0.6667	0.7508	0.8158	0	14	13	12	10	3	3
DN_NC_073224.2_14727985_2	DN_NC_073233.2_84240332_5	2	5	2	1	1	1	0.5	0.8227	0.8227	1	1	1	1	1	1	1
DN_NC_073224.2_147572773_13	DN_NC_073239.2_32663808_8	13	8	8	0	0	0	0.0	0.0	0.0	0	5	2	0	0	0	0
DN_NC_073224.2_147663563_19	DN_NC_073224.2_147715668_5	19	5	5	1	1	1	0.2	0.7437	0.7437	1	4	1	1	1	0	0
DN_NC_073224.2_150567709_6	DN_NC_073224.2_150859518_11	6	12	6	4	4	4	0.6667	0.8665	0.8899	0	5	4	4	4	4	4
DN_NC_073224.2_150567709_6	DN_NC_073224.2_150903711_11	6	11	6	5	5	5	0.8333	0.9351	0.9606	0	5	5	5	5	5	5
DN_NC_073224.2_150567709_6	DN_NC_073224.2_150948916_11	6	11	6	5	5	5	0.8333	0.8643	0.9266	0	5	5	5	5	5	4
DN_NC_073224.2_150600792_11	DN_NC_073224.2_150787798_12	11	12	11	9	9	9	0.8182	0.8286	0.9528	0	10	9	9	9	8	5
DN_NC_073224.2_150600792_11	DN_NC_073224.2_150859518_11	11	12	11	3	3	3	0.2727	0.7796	0.8257	0	10	6	5	3	2	1
DN_NC_073224.2_150600792_11	DN_NC_073224.2_150903711_11	11	11	11	3	3	3	0.2727	0.7887	0.8425	0	10	6	5	3	2	2
DN_NC_073224.2_150600792_11	DN_NC_073224.2_150948916_11	11	11	11	3	3	3	0.2727	0.7768	0.8165	0	9	5	5	3	2	2
DN_NC_073224.2_150712594_12	DN_NC_073224.2_150859518_11	12	12	12	7	7	7	0.5833	0.7835	0.9	0	9	9	8	7	3	3
DN_NC_073224.2_150712594_12	DN_NC_073224.2_150903711_11	12	11	11	8	8	8	0.7273	0.7892	0.8679	0	9	9	8	8	5	4
DN_NC_073224.2_150712594_12	DN_NC_073224.2_150948916_11	12	11	11	8	8	8	0.7273	0.7949	0.8857	0	9	9	8	8	6	4
DN_NC_073224.2_150787798_12	DN_NC_073224.2_150948916_11	12	11	11	4	4	4	0.3636	0.7656	0.8189	0	11	5	5	4	2	1
DN_NC_073224.2_150835184_3	DN_NC_073233.2_132992860_18	3	18	3	0	0	0	0.0	0.0	0.0	0	1	0	0	0	0	0
DN_NC_073224.2_150835184_3	DN_NC_086017.1_148168205_5	3	5	3	1	1	1	0.3333	0.7032	0.7032	1	2	1	1	1	0	0
DN_NC_073224.2_150859518_11	DN_NC_073224.2_150903711_11	12	11	11	9	9	9	0.8182	0.8338	0.9358	0	10	9	9	9	8	5
DN_NC_073224.2_150859518_11	DN_NC_073224.2_150948916_11	12	11	11	9	9	9	0.8182	0.8501	0.9358	0	10	9	9	9	8	5
DN_NC_073224.2_150903711_11	DN_NC_073224.2_150948916_11	11	11	11	11	11	11	1.0	0.9037	1.0	0	11	11	11	11	10	9
DN_NC_073224.2_150982352_2	DN_NC_073247.2_148580448_11	2	11	2	0	0	0	0.0	0.0	0.0	0	1	0	0	0	0	0
DN_NC_073224.2_155484145_3	DN_NC_073224.2_155489872_9	3	9	3	0	0	0	0.0	0.0	0.0	0	1	0	0	0	0	0
DN_NC_073224.2_15670210_25	DN_NC_073224.2_15783681_8	25	8	8	6	6	6	0.75	1.0	1.0	0	8	6	6	6	6	6
DN_NC_073224.2_15670210_25	DN_NC_073224.2_19027212_8	25	8	8	6	6	6	0.75	0.9907	1.0	0	8	6	6	6	6	6
DN_NC_073224.2_15670210_25	DN_NC_073224.2_19135994_8	25	8	8	6	6	6	0.75	0.9885	1.0	0	8	6	6	6	6	6
DN_NC_073224.2_15670210_25	DN_NC_073224.2_19235747_8	25	8	8	6	6	6	0.75	0.9831	0.9886	0	8	6	6	6	6	6
DN_NC_073224.2_15670210_25	DN_NC_073224.2_19344252_8	25	8	8	6	6	6	0.75	0.9878	1.0	0	8	6	6	6	6	6
DN_NC_073224.2_15670210_25	DN_NC_073224.2_29070818_24	25	24	24	22	22	22	0.9167	0.9869	0.9955	0	22	22	22	22	22	22
DN_NC_073224.2_15783681_8	DN_NC_073224.2_19027212_8	8	8	8	8	8	8	1.0	0.9909	0.9961	0	8	8	8	8	8	8
DN_NC_073224.2_15783681_8	DN_NC_073224.2_19135994_8	8	8	8	8	8	8	1.0	0.9883	0.9937	0	8	8	8	8	8	8
DN_NC_073224.2_15783681_8	DN_NC_073224.2_19235747_8	8	8	8	8	8	8	1.0	0.9847	0.9937	0	8	8	8	8	8	8
DN_NC_073224.2_15783681_8	DN_NC_073224.2_19344252_8	8	8	8	8	8	8	1.0	0.9876	0.9937	0	8	8	8	8	8	8
DN_NC_073224.2_15783681_8	DN_NC_073224.2_29070818_24	8	24	8	7	7	7	0.875	0.9857	0.9937	0	8	7	7	7	7	7
DN_NC_073224.2_16928217_2	DN_NC_073232.2_122771445_4	2	4	2	1	1	1	0.5	0.8071	0.8071	1	2	1	1	1	1	1
DN_NC_073224.2_186733859_5	DN_NC_073234.2_26006928_5	5	5	5	3	3	3	0.6	0.8663	0.8966	0	4	4	4	3	3	3
DN_NC_073224.2_19027212_8	DN_NC_073224.2_19135994_8	8	8	8	8	8	8	1.0	0.9962	1.0	0	8	8	8	8	8	8
DN_NC_073224.2_19027212_8	DN_NC_073224.2_19235747_8	8	8	8	8	8	8	1.0	0.992	1.0	0	8	8	8	8	8	8
DN_NC_073224.2_19027212_8	DN_NC_073224.2_19344252_8	8	8	8	8	8	8	1.0	0.9957	1.0	0	8	8	8	8	8	8
DN_NC_073224.2_19027212_8	DN_NC_073224.2_29070818_24	8	24	8	7	7	7	0.875	0.9946	1.0	0	8	7	7	7	7	7
DN_NC_073224.2_19135994_8	DN_NC_073224.2_19235747_8	8	8	8	8	8	8	1.0	0.9925	1.0	0	8	8	8	8	8	8
DN_NC_073224.2_19135994_8	DN_NC_073224.2_19344252_8	8	8	8	8	8	8	1.0	0.9995	1.0	0	8	8	8	8	8	8
DN_NC_073224.2_19135994_8	DN_NC_073224.2_29070818_24	8	24	8	7	7	7	0.875	0.9928	1.0	0	8	7	7	7	7	7
DN_NC_073224.2_19235747_8	DN_NC_073224.2_19344252_8	8	8	8	8	8	8	1.0	0.9919	1.0	0	8	8	8	8	8	8
DN_NC_073224.2_19235747_8	DN_NC_073224.2_29070818_24	8	24	8	7	7	7	0.875	0.988	1.0	0	8	7	7	7	7	7
DN_NC_073224.2_19344252_8	DN_NC_073224.2_29070818_24	8	24	8	7	7	7	0.875	0.9922	1.0	0	8	7	7	7	7	7
DN_NC_073224.2_194445089_11	DN_NC_073224.2_194593658_8	11	8	8	1	1	1	0.125	1.0	1.0	1	5	1	1	1	1	1
DN_NC_073224.2_196241058_22	DN_NC_073237.2_57425988_22	22	22	22	8	8	8	0.3636	0.7618	0.8175	0	19	16	13	8	4	3
DN_NC_073224.2_196323176_17	DN_NC_073244.2_10996541_7	17	7	7	6	6	7	1.0	0.8264	0.873	0	6	6	6	6	6	5
DN_NC_073224.2_197128142_3	DN_NC_073229.2_194862622_5	3	5	3	0	0	0	0.0	0.0	0.0	0	1	0	0	0	0	0
DN_NC_073224.2_197128142_3	DN_NC_073238.2_33904146_3	3	3	3	0	0	0	0.0	0.0	0.0	0	2	0	0	0	0	0
DN_NC_073224.2_197128142_3	DN_NC_073244.2_50702615_6	3	6	3	0	0	0	0.0	0.0	0.0	0	2	0	0	0	0	0
DN_NC_073224.2_199406700_5	DN_NC_073244.2_45985550_6	5	6	5	0	0	0	0.0	0.0	0.0	0	5	3	2	0	0	0
DN_NC_073224.2_199406700_5	DN_NC_073244.2_47586219_5	5	5	5	0	0	0	0.0	0.0	0.0	0	3	2	2	0	0	0
DN_NC_073224.2_199406700_5	DN_NC_073244.2_49072464_4	5	4	4	1	1	1	0.25	0.7381	0.7381	1	3	1	1	1	0	0
DN_NC_073224.2_199406700_5	DN_NC_073244.2_49246931_6	5	6	5	1	1	1	0.2	0.7222	0.7222	1	4	1	1	1	0	0
DN_NC_073224.2_199406700_5	DN_NC_073244.2_68611978_5	5	5	5	0	0	0	0.0	0.0	0.0	0	3	2	1	0	0	0
DN_NC_073224.2_199458269_6	DN_NC_073229.2_45067329_6	6	6	6	1	1	1	0.1667	0.7263	0.7368	1	4	2	2	1	0	0
DN_NC_073224.2_199458269_6	DN_NC_073237.2_30220066_5	6	5	5	1	1	1	0.2	0.7222	0.7222	1	3	2	2	1	0	0
DN_NC_073224.2_199458269_6	DN_NC_073244.2_49072464_4	6	4	4	1	1	1	0.25	0.7222	0.7222	1	4	2	1	1	0	0
DN_NC_073224.2_199458269_6	DN_NC_073244.2_49101177_5	6	5	5	1	1	1	0.2	0.7063	0.7063	1	4	3	1	1	0	0
DN_NC_073224.2_199458269_6	DN_NC_073244.2_65102393_4	6	4	4	1	1	1	0.25	0.7063	0.7063	1	3	2	1	1	0	0
DN_NC_073224.2_199494304_6	DN_NC_073228.2_182864372_4	6	4	4	1	1	1	0.25	0.7063	0.7063	1	4	4	1	1	0	0
DN_NC_073224.2_199494304_6	DN_NC_073229.2_44967262_5	6	5	5	0	0	0	0.0	0.0	0.0	0	4	3	0	0	0	0
DN_NC_073224.2_199494304_6	DN_NC_073232.2_81253567_6	6	6	6	1	1	1	0.1667	0.7619	0.7619	1	3	2	2	1	1	0
DN_NC_073224.2_199494304_6	DN_NC_073236.2_32302189_6	6	6	6	1	1	1	0.1667	0.7381	0.7381	1	5	3	2	1	0	0
DN_NC_073224.2_199494304_6	DN_NC_073242.2_97765438_4	6	4	4	1	1	1	0.25	0.7381	0.7381	1	2	1	1	1	0	0
DN_NC_073224.2_200263910_4	DN_NC_073236.2_129488631_5	4	5	4	1	1	1	0.25	0.8279	0.8279	1	2	1	1	1	1	1
DN_NC_073224.2_206460331_8	DN_NC_073244.2_59726455_2	8	2	2	0	0	0	0.0	0.0	0.0	0	2	0	0	0	0	0
DN_NC_073224.2_207257149_3	DN_NC_073224.2_207270226_12	3	12	3	1	1	1	0.3333	1.0	1.0	1	3	1	1	1	1	1
DN_NC_073224.2_207670698_13	DN_NC_073245.2_44289870_13	12	13	12	5	5	5	0.4167	0.7764	0.8473	0	10	8	7	5	4	1
DN_NC_073224.2_208886621_22	DN_NC_073236.2_119568063_21	22	21	21	14	14	14	0.6667	0.7571	0.8177	0	19	19	17	14	8	1
DN_NC_073224.2_210837399_19	DN_NC_073229.2_94673034_3	19	3	3	0	0	0	0.0	0.0	0.0	0	2	0	0	0	0	0
DN_NC_073224.2_211985035_3	DN_NC_073230.2_12413521_6	3	6	3	0	0	0	0.0	0.0	0.0	0	1	0	0	0	0	0
DN_NC_073224.2_213161178_3	DN_NC_073229.2_181371301_3	3	3	3	1	1	1	0.3333	0.7385	0.7385	1	3	3	1	1	0	0
DN_NC_073224.2_213368965_21	DN_NC_073229.2_190755772_21	21	21	21	18	18	18	0.8571	0.7837	0.8734	0	20	19	19	18	13	6
DN_NC_073224.2_213462039_6	DN_NC_073228.2_49710333_4	6	4	4	0	0	0	0.0	0.0	0.0	0	1	0	0	0	0	0
DN_NC_073224.2_213462039_6	DN_NC_073240.2_46341896_2	6	2	2	0	0	0	0.0	0.0	0.0	0	1	0	0	0	0	0
DN_NC_073224.2_214075309_3	DN_NC_073224.2_214095871_7	3	7	3	1	1	1	0.3333	1.0	1.0	1	3	1	1	1	1	1
DN_NC_073224.2_214517378_2	DN_NC_073233.2_119992784_4	2	4	2	1	1	1	0.5	0.9468	0.9468	1	2	1	1	1	1	1
DN_NC_073224.2_216467757_3	DN_NC_073231.2_150671310_5	3	5	3	0	0	0	0.0	0.0	0.0	0	1	1	1	0	0	0
DN_NC_073224.2_216467757_3	DN_NC_073241.2_64520240_3	3	3	3	0	0	0	0.0	0.0	0.0	0	2	0	0	0	0	0
DN_NC_073224.2_216927976_16	DN_NC_073230.2_87974016_14	16	14	14	5	5	5	0.3571	0.7936	0.8389	0	13	9	5	5	5	2
DN_NC_073224.2_216927976_16	DN_NC_086017.1_145972418_16	16	16	16	10	10	10	0.625	0.7733	0.8279	0	14	14	12	10	7	3
DN_NC_073224.2_216927976_16	DN_NC_086017.1_195677389_14	16	14	14	10	10	10	0.7143	0.7722	0.8605	0	13	13	12	10	6	2
DN_NC_073224.2_218361248_19	DN_NC_073224.2_218434129_23	19	23	19	15	16	23	1.2105	0.9832	0.9953	0	15	15	15	15	15	15
DN_NC_073224.2_218361248_19	DN_NC_073224.2_223156764_8	19	8	8	7	7	7	0.875	0.973	0.9939	0	8	7	7	7	7	7
DN_NC_073224.2_218434129_23	DN_NC_073224.2_223156764_8	23	8	8	7	7	7	0.875	0.9848	1.0	0	8	7	7	7	7	7
DN_NC_073224.2_219630924_4	DN_NC_073227.2_107202270_4	4	4	4	0	0	0	0.0	0.0	0.0	0	2	0	0	0	0	0
DN_NC_073224.2_219630924_4	DN_NC_073235.2_71373985_7	4	7	4	0	0	0	0.0	0.0	0.0	0	2	0	0	0	0	0
DN_NC_073224.2_220588830_7	DN_NC_073224.2_220611411_7	7	7	7	5	5	5	0.7143	0.925	0.9792	0	5	5	5	5	5	5
DN_NC_073224.2_228923130_6	DN_NC_073224.2_228936705_6	6	6	6	2	2	2	0.3333	0.8479	0.9062	0	6	4	2	2	2	1
DN_NC_073224.2_231736369_12	DN_NC_073224.2_25093112_7	12	7	7	0	0	0	0.0	0.0	0.0	0	4	0	0	0	0	0
DN_NC_073224.2_231736369_12	DN_NC_073234.2_22572777_12	12	12	12	8	8	8	0.6667	0.7766	0.8611	0	10	10	10	8	4	3
DN_NC_073224.2_231736369_12	DN_NC_073235.2_104226160_12	12	12	12	0	0	0	0.0	0.0	0.0	0	4	0	0	0	0	0
DN_NC_073224.2_231736369_12	DN_NC_073243.2_20078090_12	12	12	12	9	9	9	0.75	0.7763	0.8288	0	10	10	10	9	5	3
DN_NC_073224.2_236757333_2	DN_NC_086017.1_58705155_2	2	2	2	0	0	0	0.0	0.0	0.0	0	2	0	0	0	0	0
DN_NC_073224.2_239070568_18	DN_NC_086017.1_181307962_18	18	18	18	6	6	6	0.3333	0.7412	0.7938	0	15	13	11	6	2	0
DN_NC_073224.2_239365488_12	DN_NC_073230.2_88115984_10	12	10	10	6	6	6	0.6	0.8073	0.873	0	8	7	7	6	6	2
DN_NC_073224.2_239847758_15	DN_NC_073243.2_22365408_15	15	15	15	9	9	9	0.6	0.7671	0.8421	0	14	13	10	9	5	3
DN_NC_073224.2_239847758_15	DN_NC_086017.1_195260184_15	15	15	15	9	9	9	0.6	0.7972	0.8841	0	14	14	13	9	6	5
DN_NC_073224.2_25093112_7	DN_NC_073243.2_20078090_12	7	12	7	0	0	0	0.0	0.0	0.0	0	2	1	0	0	0	0
DN_NC_073224.2_26635584_9	DN_NC_073240.2_34675462_15	9	15	9	7	7	7	0.7778	0.8014	0.8627	0	9	7	7	7	6	4
DN_NC_073224.2_27333739_3	DN_NC_073228.2_64771915_4	3	4	3	0	0	0	0.0	0.0	0.0	0	2	1	1	0	0	0
DN_NC_073224.2_27333739_3	DN_NC_073234.2_48400691_7	3	7	3	0	0	0	0.0	0.0	0.0	0	1	0	0	0	0	0
DN_NC_073224.2_38911600_25	DN_NC_073229.2_61929003_23	25	23	23	8	8	8	0.3478	0.7552	0.8208	0	20	19	15	8	3	1
DN_NC_073224.2_38985857_7	DN_NC_073228.2_10057969_7	7	7	7	5	5	5	0.7143	0.8169	0.8528	0	6	6	5	5	5	3
DN_NC_073224.2_40627195_4	DN_NC_073224.2_8222533_5	4	5	4	1	1	1	0.25	0.8492	0.8492	1	4	2	2	1	1	1
DN_NC_073224.2_40627195_4	DN_NC_073224.2_8422960_4	4	4	4	1	1	1	0.25	0.8968	0.8968	1	4	3	2	1	1	1
DN_NC_073224.2_40627195_4	DN_NC_073227.2_8633418_2	4	2	2	0	0	0	0.0	0.0	0.0	0	2	2	2	0	0	0
DN_NC_073224.2_40627195_4	DN_NC_073227.2_8705656_4	4	4	4	1	1	1	0.25	0.8651	0.8651	1	3	3	2	1	1	1
DN_NC_073224.2_40627195_4	DN_NC_073227.2_8907801_4	4	4	4	1	1	1	0.25	0.881	0.881	1	3	3	2	1	1	1
DN_NC_073224.2_40627195_4	DN_NC_073227.2_9010062_2	4	2	2	0	0	0	0.0	0.0	0.0	0	1	1	0	0	0	0
DN_NC_073224.2_40627195_4	DN_NC_073230.2_64900495_2	4	2	2	0	0	0	0.0	0.0	0.0	0	1	1	1	0	0	0
DN_NC_073224.2_40627195_4	DN_NC_073230.2_73508332_4	4	4	4	1	1	1	0.25	0.8254	0.8254	1	4	3	2	1	1	1
DN_NC_073224.2_40627195_4	DN_NC_073230.2_73776646_4	4	4	4	1	1	1	0.25	0.8333	0.8333	1	4	2	2	1	1	1
DN_NC_073224.2_40627195_4	DN_NC_073230.2_73977205_4	4	4	4	1	1	1	0.25	0.8413	0.8413	1	3	3	3	1	1	1
DN_NC_073224.2_40627195_4	DN_NC_073230.2_74126483_4	4	4	4	1	1	1	0.25	0.8016	0.8016	1	3	3	1	1	1	1
DN_NC_073224.2_40627195_4	DN_NC_073230.2_74190289_5	4	5	4	1	1	1	0.25	0.7937	0.7937	1	4	3	1	1	1	0
DN_NC_073224.2_40627195_4	DN_NC_073230.2_74299233_4	4	4	4	1	1	1	0.25	0.8492	0.8492	1	4	3	2	1	1	1
DN_NC_073224.2_40627195_4	DN_NC_073230.2_74637814_2	4	2	2	0	0	0	0.0	0.0	0.0	0	2	2	1	0	0	0
DN_NC_073224.2_40627195_4	DN_NC_073233.2_9788172_5	4	5	4	1	1	1	0.25	0.8095	0.8175	1	3	2	2	1	1	1
DN_NC_073224.2_40627195_4	DN_NC_073241.2_36126183_3	4	3	3	1	1	1	0.3333	0.881	0.881	1	3	3	2	1	1	1
DN_NC_073224.2_40627195_4	DN_NC_073242.2_37386128_4	4	4	4	1	1	1	0.25	0.8254	0.8254	1	4	3	2	1	1	1
DN_NC_073224.2_40627195_4	DN_NC_073242.2_66613619_4	4	4	4	1	1	1	0.25	0.7937	0.8016	1	4	3	2	1	1	1
DN_NC_073224.2_40627195_4	DN_NC_073244.2_26240039_2	4	2	2	0	0	0	0.0	0.0	0.0	0	2	2	0	0	0	0
DN_NC_073224.2_40627195_4	DN_NC_073244.2_26470366_4	4	4	4	1	1	1	0.25	0.8175	0.8175	1	4	3	3	1	1	1
DN_NC_073224.2_40627195_4	DN_NC_073244.2_26666712_5	4	5	4	1	1	1	0.25	0.8254	0.8333	1	2	2	1	1	1	1
DN_NC_073224.2_40627195_4	DN_NC_073244.2_26901109_4	4	4	4	0	0	0	0.0	0.0	0.0	0	4	2	0	0	0	0
DN_NC_073224.2_40627195_4	DN_NC_073244.2_27051998_4	4	4	4	1	1	1	0.25	0.8413	0.8492	1	3	3	1	1	1	1
DN_NC_073224.2_40627195_4	DN_NC_073244.2_27131194_2	4	2	2	0	0	0	0.0	0.0	0.0	0	2	2	0	0	0	0
DN_NC_073224.2_40627195_4	DN_NC_073244.2_27285351_4	4	4	4	1	1	1	0.25	0.8333	0.8333	1	4	3	1	1	1	1
DN_NC_073224.2_40627195_4	DN_NC_073244.2_27408454_4	4	4	4	1	1	1	0.25	0.8571	0.8571	1	4	3	1	1	1	1
DN_NC_073224.2_40627195_4	DN_NC_073244.2_27504818_5	4	5	4	1	1	1	0.25	0.8254	0.8254	1	4	3	1	1	1	1
DN_NC_073224.2_40627195_4	DN_NC_073244.2_27566430_5	4	5	4	2	2	2	0.5	0.7696	0.8333	0	4	3	3	2	1	1
DN_NC_073224.2_40627195_4	DN_NC_073244.2_27765726_4	4	4	4	3	3	3	0.75	0.7508	0.8254	0	3	3	3	3	1	1
DN_NC_073224.2_40627195_4	DN_NC_073244.2_27869273_3	4	3	3	0	0	0	0.0	0.0	0.0	0	3	2	2	0	0	0
DN_NC_073224.2_40627195_4	DN_NC_073244.2_27956158_2	4	2	2	1	1	1	0.5	0.7088	0.7088	1	2	2	1	1	0	0
DN_NC_073224.2_40627195_4	DN_NC_073244.2_28072858_4	4	4	4	1	1	1	0.25	0.8095	0.8175	1	4	3	2	1	1	1
DN_NC_073224.2_40627195_4	DN_NC_073244.2_28256975_5	4	5	4	1	1	1	0.25	0.8175	0.8175	1	4	3	3	1	1	1
DN_NC_073224.2_40627195_4	DN_NC_073244.2_28333451_4	4	4	4	2	2	2	0.5	0.7745	0.8413	0	3	3	2	2	1	1
DN_NC_073224.2_40627195_4	DN_NC_073244.2_28711447_2	4	2	2	0	0	0	0.0	0.0	0.0	0	2	2	1	0	0	0
DN_NC_073224.2_40627195_4	DN_NC_073244.2_28820229_4	4	4	4	1	1	1	0.25	0.8413	0.8413	1	3	3	1	1	1	1
DN_NC_073224.2_40627195_4	DN_NC_073244.2_29046961_4	4	4	4	1	1	1	0.25	0.8254	0.8254	1	4	3	2	1	1	1
DN_NC_073224.2_40627195_4	DN_NC_073244.2_29232445_4	4	4	4	1	1	1	0.25	0.8413	0.8413	1	3	2	2	1	1	1
DN_NC_073224.2_40627195_4	DN_NC_073244.2_29297022_4	4	4	4	1	1	1	0.25	0.8254	0.8254	1	3	3	1	1	1	1
DN_NC_073224.2_40627195_4	DN_NC_073244.2_29557605_4	4	4	4	1	1	1	0.25	0.8413	0.8413	1	3	3	3	1	1	1
DN_NC_073224.2_40627195_4	DN_NC_073244.2_29680825_2	4	2	2	0	0	0	0.0	0.0	0.0	0	2	2	1	0	0	0
DN_NC_073224.2_40627195_4	DN_NC_073244.2_29970261_4	4	4	4	2	2	2	0.5	0.7801	0.8254	0	4	3	2	2	1	1
DN_NC_073224.2_40627195_4	DN_NC_073244.2_30067652_4	4	4	4	1	1	1	0.25	0.8175	0.8175	1	3	3	2	1	1	1
DN_NC_073224.2_40627195_4	DN_NC_073244.2_30090650_6	4	6	4	2	2	2	0.5	0.7094	0.7168	0	3	3	2	2	0	0
DN_NC_073224.2_40627195_4	DN_NC_073244.2_30438386_2	4	2	2	0	0	0	0.0	0.0	0.0	0	2	2	0	0	0	0
DN_NC_073224.2_40627195_4	DN_NC_073244.2_64034715_7	4	7	4	1	1	1	0.25	0.7937	0.7937	1	3	1	1	1	1	0
DN_NC_073224.2_40627195_4	DN_NC_073244.2_64081943_4	4	4	4	1	1	1	0.25	0.7937	0.7937	1	3	1	1	1	1	0
DN_NC_073224.2_40627195_4	DN_NC_073244.2_64125568_5	4	5	4	1	1	1	0.25	0.8175	0.8175	1	3	1	1	1	1	1
DN_NC_073224.2_40627195_4	DN_NC_073244.2_64265252_5	4	5	4	1	1	1	0.25	0.8413	0.8413	1	3	1	1	1	1	1
DN_NC_073224.2_40627195_4	DN_NC_073244.2_64306022_6	4	6	4	1	1	1	0.25	0.8016	0.8016	1	4	1	1	1	1	1
DN_NC_073224.2_40627195_4	DN_NC_073244.2_64368633_7	4	7	4	1	1	1	0.25	0.8095	0.8095	1	3	1	1	1	1	1
DN_NC_073224.2_40627195_4	DN_NC_073244.2_64500861_5	4	5	4	1	1	1	0.25	0.746	0.746	1	2	1	1	1	0	0
DN_NC_073224.2_40627195_4	DN_NC_073244.2_64585864_4	4	4	4	1	1	1	0.25	0.8175	0.8175	1	3	1	1	1	1	1
DN_NC_073224.2_40627195_4	DN_NC_073244.2_64797239_5	4	5	4	1	1	1	0.25	0.8095	0.8095	1	3	1	1	1	1	1
DN_NC_073224.2_40627195_4	DN_NC_073244.2_65046428_2	4	4	4	1	1	1	0.25	0.825	0.825	1	3	2	1	1	1	1
DN_NC_073224.2_40627195_4	DN_NC_073244.2_65073171_5	4	5	4	1	1	1	0.25	0.8175	0.8175	1	2	1	1	1	1	1
DN_NC_073224.2_40627195_4	DN_NC_073246.2_15789285_3	4	3	3	1	1	1	0.3333	0.881	0.881	1	3	3	2	1	1	1
DN_NC_073224.2_45389129_11	DN_NC_073224.2_77707994_7	11	7	7	0	0	0	0.0	0.0	0.0	0	4	0	0	0	0	0
DN_NC_073224.2_45389129_11	DN_NC_086018.1_19844955_6	11	9	9	1	1	1	0.1111	0.7664	0.7664	1	4	1	1	1	1	0
DN_NC_073224.2_46970626_9	DN_NC_073230.2_138011361_9	9	9	9	1	1	1	0.1111	0.7041	0.7041	1	6	5	4	1	0	0
DN_NC_073224.2_47163026_13	DN_NC_086017.1_19588191_12	13	12	12	6	6	6	0.5	0.758	0.88	0	9	8	8	6	2	1
DN_NC_073224.2_50024137_10	DN_NC_086017.1_60479047_11	10	11	10	6	6	6	0.6	0.7707	0.92	0	10	8	8	6	3	1
DN_NC_073224.2_51430719_7	DN_NC_073234.2_121481999_7	7	7	7	5	5	5	0.7143	0.754	0.8013	0	7	6	5	5	3	1
DN_NC_073224.2_53012398_21	DN_NC_073247.2_165220768_21	21	21	21	15	15	15	0.7143	0.758	0.8586	0	18	17	17	15	10	1
DN_NC_073224.2_53524414_11	DN_NC_073224.2_53535059_3	11	3	3	0	0	0	0.0	0.0	0.0	0	1	0	0	0	0	0
DN_NC_073224.2_53955814_27	DN_NC_073248.2_27118037_27	27	27	27	7	7	7	0.2593	0.762	0.7983	0	19	14	8	7	4	0
DN_NC_073224.2_5565564_3	DN_NC_073224.2_5715398_2	3	2	2	2	2	2	1.0	0.9917	0.9993	0	2	2	2	2	2	2
DN_NC_073224.2_5641112_4	DN_NC_073242.2_36121013_3	4	3	3	0	0	0	0.0	0.0	0.0	0	2	0	0	0	0	0
DN_NC_073224.2_5641112_4	DN_NC_073242.2_6758889_7	4	7	4	0	0	0	0.0	0.0	0.0	0	3	0	0	0	0	0
DN_NC_073224.2_58834163_5	DN_NC_073237.2_120375635_3	5	3	3	2	2	2	0.6667	0.7435	0.7772	0	2	2	2	2	1	0
DN_NC_073224.2_6827773_11	DN_NC_073230.2_165840202_11	11	11	11	11	11	11	1.0	0.9861	1.0	0	11	11	11	11	11	11
DN_NC_073224.2_8222533_5	DN_NC_073224.2_8422960_4	5	4	4	2	2	2	0.5	0.8213	0.8492	0	4	3	3	2	2	1
DN_NC_073224.2_8222533_5	DN_NC_073227.2_8633418_2	5	2	2	0	0	0	0.0	0.0	0.0	0	2	2	1	0	0	0
DN_NC_073224.2_8222533_5	DN_NC_073227.2_8705656_4	5	4	4	2	2	2	0.5	0.8496	0.8571	0	4	3	3	2	2	2
DN_NC_073224.2_8222533_5	DN_NC_073227.2_8907801_4	5	4	4	2	2	2	0.5	0.8549	0.8571	0	4	3	2	2	2	2
DN_NC_073224.2_8222533_5	DN_NC_073227.2_9010062_2	5	2	2	0	0	0	0.0	0.0	0.0	0	2	0	0	0	0	0
DN_NC_073224.2_8222533_5	DN_NC_073230.2_73508332_4	5	4	4	2	2	2	0.5	0.8298	0.8421	0	4	3	2	2	2	2
DN_NC_073224.2_8222533_5	DN_NC_073230.2_73776646_4	5	4	4	2	2	2	0.5	0.839	0.8526	0	4	3	2	2	2	2
DN_NC_073224.2_8222533_5	DN_NC_073230.2_73977205_4	5	4	4	2	2	2	0.5	0.8153	0.8211	0	4	4	3	2	2	2
DN_NC_073224.2_8222533_5	DN_NC_073230.2_74126483_4	5	4	4	3	3	3	0.75	0.7753	0.8526	0	4	3	3	3	2	1
DN_NC_073224.2_8222533_5	DN_NC_073230.2_74190289_5	5	5	5	2	2	2	0.4	0.7994	0.8211	0	4	4	2	2	2	1
DN_NC_073224.2_8222533_5	DN_NC_073230.2_74299233_4	5	4	4	2	2	2	0.5	0.8522	0.8632	0	4	4	3	2	2	2
DN_NC_073224.2_8222533_5	DN_NC_073230.2_74637814_2	5	2	2	0	0	0	0.0	0.0	0.0	0	2	2	1	0	0	0
DN_NC_073224.2_8222533_5	DN_NC_073233.2_9788172_5	5	5	5	2	2	2	0.4	0.8193	0.8254	0	4	3	2	2	2	2
DN_NC_073224.2_8222533_5	DN_NC_073241.2_36126183_3	5	3	3	1	1	1	0.3333	0.8571	0.8571	1	3	3	2	1	1	1
DN_NC_073224.2_8222533_5	DN_NC_073242.2_66613619_4	5	4	4	2	2	2	0.5	0.7927	0.8095	0	4	3	3	2	2	1
DN_NC_073224.2_8222533_5	DN_NC_073244.2_26240035_4	5	4	4	2	2	2	0.5	0.7929	0.8254	0	4	3	3	2	2	1
DN_NC_073224.2_8222533_5	DN_NC_073244.2_26314241_4	5	4	4	2	2	2	0.5	0.7942	0.8095	0	4	3	2	2	2	1
DN_NC_073224.2_8222533_5	DN_NC_073244.2_26470366_4	5	4	4	3	3	3	0.75	0.7982	0.8651	0	4	4	3	3	2	2
DN_NC_073224.2_8222533_5	DN_NC_073244.2_26666712_5	5	5	5	2	2	2	0.4	0.7929	0.8	0	3	3	2	2	2	1
DN_NC_073224.2_8222533_5	DN_NC_073244.2_26901109_4	5	4	4	1	1	1	0.25	0.7684	0.7684	1	3	3	2	1	1	0
DN_NC_073224.2_8222533_5	DN_NC_073244.2_27051998_4	5	4	4	2	2	2	0.5	0.8035	0.8254	0	4	4	3	2	2	1
DN_NC_073224.2_8222533_5	DN_NC_073244.2_27131194_2	5	2	2	0	0	0	0.0	0.0	0.0	0	2	1	0	0	0	0
DN_NC_073224.2_8222533_5	DN_NC_073244.2_27285351_4	5	4	4	2	2	2	0.5	0.7863	0.7937	0	4	3	3	2	2	0
DN_NC_073224.2_8222533_5	DN_NC_073244.2_27408454_4	5	4	4	3	3	3	0.75	0.7969	0.8421	0	4	3	3	3	2	2
DN_NC_073224.2_8222533_5	DN_NC_073244.2_27504818_5	5	5	5	3	3	3	0.6	0.7947	0.8413	0	4	3	3	3	2	2
DN_NC_073224.2_8222533_5	DN_NC_073244.2_27566430_5	5	5	5	3	3	3	0.6	0.778	0.8333	0	5	4	3	3	2	1
DN_NC_073224.2_8222533_5	DN_NC_073244.2_27765726_4	5	4	4	3	3	3	0.75	0.7868	0.8316	0	4	4	3	3	2	2
DN_NC_073224.2_8222533_5	DN_NC_073244.2_27869273_3	5	3	3	1	1	1	0.3333	0.8211	0.8211	1	3	2	1	1	1	1
DN_NC_073224.2_8222533_5	DN_NC_073244.2_27956158_2	5	2	2	0	0	0	0.0	0.0	0.0	0	2	2	0	0	0	0
DN_NC_073224.2_8222533_5	DN_NC_073244.2_28072858_4	5	4	4	2	2	2	0.5	0.7969	0.8333	0	4	4	2	2	2	1
DN_NC_073224.2_8222533_5	DN_NC_073244.2_28256975_5	5	5	5	2	2	2	0.4	0.835	0.8526	0	4	3	3	2	2	2
DN_NC_073224.2_8222533_5	DN_NC_073244.2_28333451_4	5	4	4	2	2	2	0.5	0.8087	0.8254	0	4	3	3	2	2	2
DN_NC_073224.2_8222533_5	DN_NC_073244.2_28588105_4	5	4	4	3	3	3	0.75	0.8026	0.8842	0	4	3	3	3	2	2
DN_NC_073224.2_8222533_5	DN_NC_073244.2_28711447_4	5	5	5	2	2	2	0.4	0.8127	0.8254	0	4	3	3	2	2	2
DN_NC_073224.2_8222533_5	DN_NC_073244.2_28820229_4	5	4	4	2	2	2	0.5	0.818	0.8254	0	4	3	2	2	2	2
DN_NC_073224.2_8222533_5	DN_NC_073244.2_29046961_4	5	4	4	3	3	3	0.75	0.7954	0.8421	0	4	4	3	3	2	2
DN_NC_073224.2_8222533_5	DN_NC_073244.2_29232445_4	5	4	4	2	2	2	0.5	0.818	0.8254	0	3	3	3	2	2	2
DN_NC_073224.2_8222533_5	DN_NC_073244.2_29297022_4	5	4	4	2	2	2	0.5	0.8022	0.8254	0	4	3	3	2	2	1
DN_NC_073224.2_8222533_5	DN_NC_073244.2_29557605_4	5	4	4	2	2	2	0.5	0.8495	0.8737	0	4	4	3	2	2	2
DN_NC_073224.2_8222533_5	DN_NC_073244.2_29680825_4	5	4	4	3	3	3	0.75	0.7965	0.8571	0	4	3	3	3	2	2
DN_NC_073224.2_8222533_5	DN_NC_073244.2_29970261_4	5	4	4	2	2	2	0.5	0.8127	0.8254	0	3	3	3	2	2	2
DN_NC_073224.2_8222533_5	DN_NC_073244.2_30438340_4	5	4	4	3	3	3	0.75	0.801	0.8526	0	4	3	3	3	2	2
DN_NC_073224.2_8222533_5	DN_NC_073244.2_64340366_4	5	4	4	1	1	1	0.25	0.8413	0.8413	1	4	2	2	1	1	1
DN_NC_073224.2_8222533_5	DN_NC_073244.2_64585864_4	5	4	4	1	1	1	0.25	0.8254	0.8254	1	4	1	1	1	1	1
DN_NC_073224.2_8222533_5	DN_NC_073244.2_64836827_4	5	4	4	1	1	1	0.25	0.8254	0.8254	1	4	2	1	1	1	1
DN_NC_073224.2_8222533_5	DN_NC_073244.2_65266359_4	5	4	4	1	1	1	0.25	0.8413	0.8413	1	3	2	1	1	1	1
DN_NC_073224.2_8222533_5	DN_NC_073246.2_15789285_3	5	3	3	1	1	1	0.3333	0.8571	0.8571	1	3	2	2	1	1	1
DN_NC_073224.2_8261601_4	DN_NC_073224.2_8329397_4	4	4	4	2	2	2	0.5	0.8032	0.873	0	4	3	3	2	1	1
DN_NC_073224.2_8261601_4	DN_NC_073224.2_8356715_4	4	4	4	2	2	2	0.5	0.7956	0.8413	0	3	3	2	2	2	1
DN_NC_073224.2_8261601_4	DN_NC_073244.2_15569240_8	4	8	4	1	1	1	0.25	0.7619	0.7619	1	3	1	1	1	1	0
DN_NC_073224.2_8261601_4	DN_NC_073244.2_17635782_4	4	4	4	2	2	2	0.5	0.8317	0.8968	0	3	3	3	2	2	1
DN_NC_073224.2_8261601_4	DN_NC_073244.2_17678736_4	4	4	4	2	2	2	0.5	0.8254	0.8333	0	4	3	2	2	2	2
DN_NC_073224.2_8261601_4	DN_NC_073244.2_17751582_4	4	4	4	2	2	2	0.5	0.7921	0.8254	0	4	3	3	2	2	1
DN_NC_073224.2_8261601_4	DN_NC_073244.2_17797611_4	4	4	4	1	1	1	0.25	0.8095	0.8095	1	3	3	2	1	1	1
DN_NC_073224.2_8261601_4	DN_NC_073244.2_17831067_3	4	3	3	1	1	1	0.3333	0.881	0.881	1	2	2	1	1	1	1
DN_NC_073224.2_8261601_4	DN_NC_073244.2_17876785_4	4	4	4	2	2	2	0.5	0.7952	0.8571	0	3	2	2	2	1	1
DN_NC_073224.2_8261601_4	DN_NC_073244.2_17922158_4	4	4	4	2	2	2	0.5	0.7746	0.8492	0	3	2	2	2	1	1
DN_NC_073224.2_8261601_4	DN_NC_073244.2_17960497_4	4	4	4	2	2	2	0.5	0.7706	0.8413	0	4	3	3	2	1	1
DN_NC_073224.2_8261601_4	DN_NC_073244.2_18045307_2	4	2	2	0	0	0	0.0	0.0	0.0	0	1	0	0	0	0	0
DN_NC_073224.2_8261601_4	DN_NC_073244.2_18047026_4	4	4	4	2	2	2	0.5	0.7944	0.8889	0	4	3	3	2	1	1
DN_NC_073224.2_8261601_4	DN_NC_073244.2_18096775_3	4	3	3	1	1	1	0.3333	0.878	0.878	1	3	2	2	1	1	1
DN_NC_073224.2_8261601_4	DN_NC_073244.2_18124193_3	4	3	3	1	1	1	0.3333	0.873	0.873	1	1	1	1	1	1	1
DN_NC_073224.2_8261601_4	DN_NC_073244.2_18232282_4	4	4	4	2	2	2	0.5	0.8119	0.8571	0	3	3	3	2	2	1
DN_NC_073224.2_8261601_4	DN_NC_073244.2_18307855_4	4	4	4	2	2	2	0.5	0.8123	0.8413	0	3	2	2	2	2	1
DN_NC_073224.2_8261601_4	DN_NC_073244.2_18356684_4	4	4	4	2	2	2	0.5	0.8044	0.8254	0	4	3	2	2	2	1
DN_NC_073224.2_8261601_4	DN_NC_073244.2_18564507_4	4	4	4	2	2	2	0.5	0.8163	0.8492	0	3	3	2	2	2	1
DN_NC_073224.2_8261601_4	DN_NC_073244.2_18614963_5	4	5	4	2	2	2	0.5	0.775	0.8333	0	3	2	2	2	1	1
DN_NC_073224.2_8261601_4	DN_NC_073244.2_18649721_4	4	4	4	2	2	2	0.5	0.7913	0.8492	0	3	2	2	2	1	1
DN_NC_073224.2_8261601_4	DN_NC_073244.2_26156853_4	4	4	4	2	2	2	0.5	0.771	0.8333	0	3	3	2	2	1	1
DN_NC_073224.2_8261601_4	DN_NC_073244.2_8619131_4	4	4	4	1	1	1	0.25	0.8175	0.8175	1	1	1	1	1	1	1
DN_NC_073224.2_8329397_4	DN_NC_073224.2_8356715_4	4	4	4	2	2	2	0.5	0.8202	0.8571	0	3	3	2	2	2	1
DN_NC_073224.2_8329397_4	DN_NC_073242.2_74755277_3	4	3	3	1	1	1	0.3333	0.7167	0.7167	1	2	2	1	1	0	0
DN_NC_073224.2_8329397_4	DN_NC_073244.2_17635782_4	4	4	4	2	2	2	0.5	0.8194	0.8889	0	3	3	2	2	2	1
DN_NC_073224.2_8329397_4	DN_NC_073244.2_17678736_4	4	4	4	2	2	2	0.5	0.7873	0.8413	0	4	3	3	2	1	1
DN_NC_073224.2_8329397_4	DN_NC_073244.2_17751582_4	4	4	4	2	2	2	0.5	0.7548	0.8095	0	4	3	2	2	1	1
DN_NC_073224.2_8329397_4	DN_NC_073244.2_17831067_3	4	3	3	1	1	1	0.3333	0.8492	0.8492	1	3	2	1	1	1	1
DN_NC_073224.2_8329397_4	DN_NC_073244.2_17846610_4	4	4	4	2	2	2	0.5	0.7706	0.8413	0	4	3	2	2	1	1
DN_NC_073224.2_8329397_4	DN_NC_073244.2_17876785_4	4	4	4	2	2	2	0.5	0.779	0.8413	0	3	2	2	2	1	1
DN_NC_073224.2_8329397_4	DN_NC_073244.2_17922158_4	4	4	4	2	2	2	0.5	0.7706	0.8413	0	3	2	2	2	1	1
DN_NC_073224.2_8329397_4	DN_NC_073244.2_17960497_4	4	4	4	2	2	2	0.5	0.7667	0.8333	0	4	3	2	2	1	1
DN_NC_073224.2_8329397_4	DN_NC_073244.2_18045307_2	4	2	2	0	0	0	0.0	0.0	0.0	0	1	0	0	0	0	0
DN_NC_073224.2_8329397_4	DN_NC_073244.2_18047026_4	4	4	4	1	1	1	0.25	0.8413	0.8413	1	4	3	2	1	1	1
DN_NC_073224.2_8329397_4	DN_NC_073244.2_18096775_3	4	3	3	1	1	1	0.3333	0.8618	0.8618	1	3	2	1	1	1	1
DN_NC_073224.2_8329397_4	DN_NC_073244.2_18124175_2	4	2	2	0	0	0	0.0	0.0	0.0	0	1	0	0	0	0	0
DN_NC_073224.2_8329397_4	DN_NC_073244.2_18201516_4	4	4	4	2	2	2	0.5	0.8282	0.873	0	3	2	2	2	2	1
DN_NC_073224.2_8329397_4	DN_NC_073244.2_18232282_4	4	4	4	2	2	2	0.5	0.7952	0.8571	0	3	3	2	2	1	1
DN_NC_073224.2_8329397_4	DN_NC_073244.2_18307855_4	4	4	4	2	2	2	0.5	0.7627	0.8254	0	3	2	2	2	1	1
DN_NC_073224.2_8329397_4	DN_NC_073244.2_18356684_4	4	4	4	2	2	2	0.5	0.7877	0.8254	0	4	3	2	2	2	1
DN_NC_073224.2_8329397_4	DN_NC_073244.2_18385030_4	4	4	4	1	1	1	0.25	0.7937	0.7937	1	3	2	2	1	1	0
DN_NC_073224.2_8329397_4	DN_NC_073244.2_18426035_4	4	4	4	2	2	2	0.5	0.804	0.8413	0	3	2	2	2	2	1
DN_NC_073224.2_8329397_4	DN_NC_073244.2_18470484_4	4	4	4	2	2	2	0.5	0.804	0.8413	0	3	2	2	2	2	1
DN_NC_073224.2_8329397_4	DN_NC_073244.2_18564507_4	4	4	4	2	2	2	0.5	0.7706	0.8413	0	3	3	2	2	1	1
DN_NC_073224.2_8329397_4	DN_NC_073244.2_18614963_5	4	5	4	2	2	2	0.5	0.8091	0.8167	0	3	2	2	2	2	2
DN_NC_073224.2_8329397_4	DN_NC_073244.2_18649721_4	4	4	4	2	2	2	0.5	0.7996	0.8492	0	3	2	2	2	2	1
DN_NC_073224.2_8329397_4	DN_NC_073244.2_26156853_4	4	4	4	2	2	2	0.5	0.7548	0.8175	0	3	2	2	2	1	1
DN_NC_073224.2_8356715_4	DN_NC_073244.2_17751584_2	4	2	2	0	0	0	0.0	0.0	0.0	0	1	0	0	0	0	0
DN_NC_073224.2_8356715_4	DN_NC_073244.2_18047026_4	4	4	4	2	2	2	0.5	0.7825	0.8651	0	3	2	2	2	1	1
DN_NC_073224.2_8356715_4	DN_NC_073244.2_18124193_3	4	3	3	1	1	1	0.3333	0.8492	0.8492	1	3	1	1	1	1	1
DN_NC_073224.2_8356715_4	DN_NC_073244.2_18201516_4	4	4	4	2	2	2	0.5	0.7921	0.8175	0	4	2	2	2	2	1
DN_NC_073224.2_8356715_4	DN_NC_073244.2_18470484_4	4	4	4	2	2	2	0.5	0.7548	0.8095	0	4	2	2	2	1	1
DN_NC_073224.2_8356715_4	DN_NC_073244.2_18564507_4	4	4	4	2	2	2	0.5	0.7671	0.8175	0	4	2	2	2	1	1
DN_NC_073224.2_8422960_4	DN_NC_073227.2_8633418_2	4	2	2	0	0	0	0.0	0.0	0.0	0	2	2	1	0	0	0
DN_NC_073224.2_8422960_4	DN_NC_073227.2_8705656_4	4	4	4	2	2	2	0.5	0.7996	0.8492	0	4	4	2	2	2	1
DN_NC_073224.2_8422960_4	DN_NC_073227.2_8907801_4	4	4	4	2	2	2	0.5	0.813	0.8651	0	4	4	2	2	2	1
DN_NC_073224.2_8422960_4	DN_NC_073227.2_9009888_2	4	2	2	0	0	0	0.0	0.0	0.0	0	2	1	0	0	0	0
DN_NC_073224.2_8422960_4	DN_NC_073230.2_73508332_4	4	4	4	2	2	2	0.5	0.8397	0.8968	0	4	4	2	2	2	1
DN_NC_073224.2_8422960_4	DN_NC_073230.2_73776646_4	4	4	4	2	2	2	0.5	0.8343	0.8968	0	3	3	2	2	2	1
DN_NC_073224.2_8422960_4	DN_NC_073230.2_73977205_4	4	4	4	2	2	2	0.5	0.7852	0.8095	0	4	4	2	2	2	1
DN_NC_073224.2_8422960_4	DN_NC_073230.2_74126483_4	4	4	4	2	2	2	0.5	0.7802	0.7826	0	4	4	3	2	2	0
DN_NC_073224.2_8422960_4	DN_NC_073230.2_74190289_5	4	5	4	2	2	2	0.5	0.7817	0.7935	0	4	4	2	2	2	0
DN_NC_073224.2_8422960_4	DN_NC_073230.2_74299233_4	4	4	4	2	2	2	0.5	0.8174	0.8413	0	4	4	3	2	2	1
DN_NC_073224.2_8422960_4	DN_NC_073230.2_74637814_2	4	2	2	0	0	0	0.0	0.0	0.0	0	2	2	1	0	0	0
DN_NC_073224.2_8422960_4	DN_NC_073233.2_9788172_5	4	5	4	2	2	2	0.5	0.7996	0.8492	0	4	4	2	2	2	1
DN_NC_073224.2_8422960_4	DN_NC_073241.2_36126198_2	4	2	2	0	0	0	0.0	0.0	0.0	0	2	2	0	0	0	0
DN_NC_073224.2_8422960_4	DN_NC_073242.2_37386128_4	4	4	4	2	2	2	0.5	0.8075	0.8651	0	4	3	2	2	2	1
DN_NC_073224.2_8422960_4	DN_NC_073242.2_66613619_4	4	4	4	2	2	2	0.5	0.7617	0.7937	0	4	4	2	2	1	0
DN_NC_073224.2_8422960_4	DN_NC_073244.2_26240039_2	4	2	2	0	0	0	0.0	0.0	0.0	0	2	2	1	0	0	0
DN_NC_073224.2_8422960_4	DN_NC_073244.2_26314241_4	4	4	4	2	2	2	0.5	0.7823	0.8254	0	4	4	2	2	1	1
DN_NC_073224.2_8422960_4	DN_NC_073244.2_26470366_4	4	4	4	2	2	2	0.5	0.8105	0.8492	0	4	4	3	2	2	1
DN_NC_073224.2_8422960_4	DN_NC_073244.2_26666712_5	4	5	4	2	2	2	0.5	0.7768	0.8333	0	3	3	2	2	1	1
DN_NC_073224.2_8422960_4	DN_NC_073244.2_26901109_4	4	4	4	1	1	1	0.25	0.7283	0.7283	1	3	3	1	1	0	0
DN_NC_073224.2_8422960_4	DN_NC_073244.2_27051998_4	4	4	4	2	2	2	0.5	0.7754	0.8333	0	4	4	2	2	1	1
DN_NC_073224.2_8422960_4	DN_NC_073244.2_27131194_2	4	2	2	0	0	0	0.0	0.0	0.0	0	2	1	0	0	0	0
DN_NC_073224.2_8422960_4	DN_NC_073244.2_27285351_4	4	4	4	2	2	2	0.5	0.7674	0.8175	0	4	4	3	2	1	1
DN_NC_073224.2_8422960_4	DN_NC_073244.2_27408454_4	4	4	4	2	2	2	0.5	0.7971	0.8333	0	4	4	3	2	2	1
DN_NC_073224.2_8422960_4	DN_NC_073244.2_27504818_5	4	5	4	2	2	2	0.5	0.805	0.8492	0	4	4	3	2	2	1
DN_NC_073224.2_8422960_4	DN_NC_073244.2_27626411_5	4	5	4	2	2	2	0.5	0.7887	0.8492	0	4	4	3	2	1	1
DN_NC_073224.2_8422960_4	DN_NC_073244.2_27765726_4	4	4	4	2	2	2	0.5	0.8094	0.8254	0	4	4	4	2	2	1
DN_NC_073224.2_8422960_4	DN_NC_073244.2_27869273_3	4	3	3	1	1	1	0.3333	0.75	0.75	1	3	3	1	1	1	0
DN_NC_073224.2_8422960_4	DN_NC_073244.2_27956158_2	4	2	2	0	0	0	0.0	0.0	0.0	0	2	2	1	0	0	0
DN_NC_073224.2_8422960_4	DN_NC_073244.2_28072858_4	4	4	4	1	1	1	0.25	0.8254	0.8254	1	4	4	2	1	1	1
DN_NC_073224.2_8422960_4	DN_NC_073244.2_28256975_5	4	5	4	2	2	2	0.5	0.8174	0.8413	0	4	4	3	2	2	1
DN_NC_073224.2_8422960_4	DN_NC_073244.2_28333451_4	4	4	4	2	2	2	0.5	0.7862	0.8333	0	4	4	2	2	1	1
DN_NC_073224.2_8422960_4	DN_NC_073244.2_28588105_4	4	4	4	2	2	2	0.5	0.8282	0.8413	0	4	4	2	2	2	2
DN_NC_073224.2_8422960_4	DN_NC_073244.2_28711447_2	4	2	2	0	0	0	0.0	0.0	0.0	0	2	2	0	0	0	0
DN_NC_073224.2_8422960_4	DN_NC_073244.2_29046961_4	4	4	4	2	2	2	0.5	0.7931	0.8254	0	4	4	3	2	2	1
DN_NC_073224.2_8422960_4	DN_NC_073244.2_29232445_4	4	4	4	2	2	2	0.5	0.8025	0.8333	0	4	4	3	2	2	1
DN_NC_073224.2_8422960_4	DN_NC_073244.2_29557605_4	4	4	4	2	2	2	0.5	0.8243	0.8333	0	4	4	3	2	2	2
DN_NC_073224.2_8422960_4	DN_NC_073244.2_29680825_4	4	4	4	2	2	2	0.5	0.809	0.8571	0	4	4	3	2	2	1
DN_NC_073224.2_8422960_4	DN_NC_073244.2_29970261_4	4	4	4	2	2	2	0.5	0.7636	0.8175	0	4	4	3	2	1	1
DN_NC_073224.2_8422960_4	DN_NC_073244.2_30067652_4	4	4	4	2	2	2	0.5	0.762	0.8175	0	4	4	3	2	1	1
DN_NC_073224.2_8422960_4	DN_NC_073244.2_30090650_6	4	6	4	2	2	2	0.5	0.7225	0.7283	0	4	3	3	2	0	0
DN_NC_073224.2_8422960_4	DN_NC_073244.2_30438386_2	4	2	2	0	0	0	0.0	0.0	0.0	0	2	2	1	0	0	0
DN_NC_073224.2_8422960_4	DN_NC_073244.2_64125568_5	4	5	4	1	1	1	0.25	0.8095	0.8095	1	3	1	1	1	1	1
DN_NC_073224.2_8422960_4	DN_NC_073244.2_64618758_7	4	7	4	1	1	1	0.25	0.789	0.789	1	2	2	1	1	1	0
DN_NC_073224.2_8422960_4	DN_NC_073244.2_64759228_5	4	5	4	1	1	1	0.25	0.8095	0.8095	1	3	1	1	1	1	1
DN_NC_073224.2_8422960_4	DN_NC_073244.2_65046428_2	4	4	4	1	1	1	0.25	0.8083	0.8083	1	2	2	1	1	1	1
DN_NC_073224.2_8422960_4	DN_NC_073244.2_65326089_4	4	4	4	1	1	1	0.25	0.8095	0.8095	1	2	1	1	1	1	1
DN_NC_073224.2_8422960_4	DN_NC_073244.2_65362909_5	4	5	4	1	1	1	0.25	0.8016	0.8016	1	3	1	1	1	1	1
DN_NC_073224.2_8422960_4	DN_NC_073244.2_65398487_4	4	4	4	1	1	1	0.25	0.8175	0.8175	1	2	1	1	1	1	1
DN_NC_073224.2_8422960_4	DN_NC_073246.2_15789285_3	4	3	3	1	1	1	0.3333	0.8651	0.8651	1	3	3	2	1	1	1
DN_NC_073224.2_84334480_20	DN_NC_073244.2_16753009_21	20	21	20	12	12	12	0.6	0.7503	0.7805	0	19	18	17	12	7	0
DN_NC_073224.2_85416146_10	DN_NC_073224.2_85471368_7	10	7	7	0	0	0	0.0	0.0	0.0	0	6	3	2	0	0	0
DN_NC_073224.2_90855831_7	DN_NC_073237.2_127902837_7	7	7	7	3	3	3	0.4286	0.7727	0.7925	0	5	5	5	3	2	0
DN_NC_073224.2_91906991_7	DN_NC_073229.2_49774005_9	6	9	6	3	3	3	0.5	0.7816	0.8316	0	5	4	4	3	2	1
DN_NC_073224.2_95093869_7	DN_NC_073224.2_95171181_7	7	7	7	4	4	4	0.5714	0.9026	0.9685	0	5	5	4	4	4	3
DN_NC_073224.2_9521619_7	DN_NC_073235.2_71373985_7	7	7	7	0	0	0	0.0	0.0	0.0	0	2	0	0	0	0	0
DN_NC_073224.2_95638704_6	DN_NC_073224.2_95648579_7	6	7	6	1	1	1	0.1667	0.9516	0.9516	1	4	1	1	1	1	1
DN_NC_073224.2_95894630_7	DN_NC_073224.2_95939283_8	7	8	7	7	7	7	1.0	0.9692	1.0	0	7	7	7	7	7	7
DN_NC_073224.2_96681549_23	DN_NC_073238.2_38964005_23	23	23	23	8	8	8	0.3478	0.7553	0.8232	0	19	18	15	8	4	1
DN_NC_073224.2_96681549_23	DN_NC_073244.2_53573424_23	23	23	23	19	19	19	0.8261	0.8246	0.899	0	21	21	21	19	18	13
DN_NC_073224.2_98617594_3	DN_NC_073229.2_52163606_6	3	6	3	0	0	0	0.0	0.0	0.0	0	2	0	0	0	0	0
DN_NC_073227.2_103831874_13	DN_NC_073231.2_79838229_13	13	13	13	5	5	5	0.3846	0.7656	0.8281	0	11	9	8	5	3	1
DN_NC_073227.2_107202270_4	DN_NC_073230.2_92132360_3	4	3	3	0	0	0	0.0	0.0	0.0	0	2	1	1	0	0	0
DN_NC_073227.2_107202270_4	DN_NC_073232.2_99830035_5	4	5	4	0	0	0	0.0	0.0	0.0	0	2	0	0	0	0	0
DN_NC_073227.2_107202270_4	DN_NC_073235.2_112807340_11	4	11	4	0	0	0	0.0	0.0	0.0	0	3	1	0	0	0	0
DN_NC_073227.2_107202270_4	DN_NC_073235.2_71373985_7	4	7	4	1	1	1	0.25	0.8195	0.8195	1	3	1	1	1	1	1
DN_NC_073227.2_107202270_4	DN_NC_073240.2_21986088_4	4	4	4	0	0	0	0.0	0.0	0.0	0	2	0	0	0	0	0
DN_NC_073227.2_107202270_4	DN_NC_073244.2_43610901_6	4	6	4	1	1	1	0.25	0.7714	0.7714	1	3	1	1	1	1	0
DN_NC_073227.2_107737271_8	DN_NC_073232.2_103494970_2	8	2	2	0	0	0	0.0	0.0	0.0	0	1	0	0	0	0	0
DN_NC_073227.2_108696648_23	DN_NC_073227.2_108774177_23	23	23	23	9	9	9	0.3913	0.7781	0.8434	0	18	15	13	9	6	4
DN_NC_073227.2_109806788_5	DN_NC_073235.2_83159862_3	5	3	3	1	1	1	0.3333	0.7928	0.7928	1	2	1	1	1	1	0
DN_NC_073227.2_109806788_5	DN_NC_073238.2_124443812_2	5	2	2	0	0	0	0.0	0.0	0.0	0	1	0	0	0	0	0
DN_NC_073227.2_109806788_5	DN_NC_073238.2_125561692_4	5	4	4	1	1	1	0.25	0.7986	0.7986	1	2	1	1	1	1	0
DN_NC_073227.2_109806788_5	DN_NC_073239.2_87154592_2	5	2	2	1	1	1	0.5	0.7231	0.7231	1	2	1	1	1	0	0
DN_NC_073227.2_109806788_5	DN_NC_073243.2_94988262_4	5	3	3	1	1	1	0.3333	0.7466	0.7466	1	2	1	1	1	0	0
DN_NC_073227.2_109806788_5	DN_NC_086017.1_185299820_2	5	2	2	1	1	1	0.5	0.8608	0.8608	1	2	1	1	1	1	1
DN_NC_073227.2_119617950_9	DN_NC_073227.2_119647764_9	9	9	9	9	9	9	1.0	0.9061	0.9769	0	9	9	9	9	8	7
DN_NC_073227.2_120192697_7	DN_NC_073234.2_45319542_4	6	4	4	0	0	0	0.0	0.0	0.0	0	2	0	0	0	0	0
DN_NC_073227.2_12039502_7	DN_NC_073236.2_24822888_6	7	6	6	6	6	6	1.0	0.9609	0.9916	0	6	6	6	6	6	6
DN_NC_073227.2_12088225_8	DN_NC_073236.2_22549336_8	8	8	8	8	8	8	1.0	0.9882	1.0	0	8	8	8	8	8	8
DN_NC_073227.2_12088225_8	DN_NC_073236.2_23070420_5	8	5	5	3	3	3	0.6	0.9908	1.0	0	4	3	3	3	3	3
DN_NC_073227.2_12088225_8	DN_NC_073236.2_24785599_8	8	8	8	7	7	7	0.875	0.9808	0.9943	0	7	7	7	7	7	7
DN_NC_073227.2_12088225_8	DN_NC_073236.2_30205531_7	8	7	7	7	7	7	1.0	0.9701	0.9917	0	7	7	7	7	7	7
DN_NC_073227.2_12088225_8	DN_NC_073238.2_23392840_7	8	7	7	7	7	7	1.0	0.9796	0.9937	0	7	7	7	7	7	7
DN_NC_073227.2_12088225_8	DN_NC_073238.2_25250945_5	8	5	5	4	4	4	0.8	0.9869	1.0	0	5	4	4	4	4	4
DN_NC_073227.2_12088225_8	DN_NC_073246.2_11287585_8	8	8	8	7	7	7	0.875	0.9665	0.9873	0	8	7	7	7	7	7
DN_NC_073227.2_12088225_8	DN_NC_073248.2_45277558_8	8	8	8	7	7	7	0.875	0.9751	0.9943	0	7	7	7	7	7	7
DN_NC_073227.2_123234622_13	DN_NC_073242.2_37667715_4	13	4	4	2	2	2	0.5	0.9507	0.9543	0	2	2	2	2	2	2
DN_NC_073227.2_13097386_9	DN_NC_073232.2_134750324_9	9	9	9	3	3	3	0.3333	0.7285	0.768	0	9	8	4	3	1	0
DN_NC_073227.2_133828574_18	DN_NC_073232.2_41878762_20	18	20	18	14	14	14	0.7778	0.7656	0.8615	0	15	15	14	14	8	3
DN_NC_073227.2_138626266_4	DN_NC_073242.2_7013229_2	4	2	2	0	0	0	0.0	0.0	0.0	0	1	1	0	0	0	0
DN_NC_073227.2_139561252_10	DN_NC_073230.2_64295055_2	10	2	2	0	0	0	0.0	0.0	0.0	0	2	1	1	0	0	0
DN_NC_073227.2_139561252_10	DN_NC_073230.2_64705365_4	10	4	4	0	0	0	0.0	0.0	0.0	0	3	2	1	0	0	0
DN_NC_073227.2_139561252_10	DN_NC_073233.2_55845432_8	10	8	8	4	4	4	0.5	0.8841	0.9277	0	5	4	4	4	4	3
DN_NC_073227.2_142943898_3	DN_NC_073227.2_143010447_5	3	5	3	0	0	0	0.0	0.0	0.0	0	2	0	0	0	0	0
DN_NC_073227.2_14699796_2	DN_NC_073227.2_14766891_2	2	2	2	1	1	1	0.5	0.7145	0.7145	1	2	1	1	1	0	0
DN_NC_073227.2_147946045_19	DN_NC_073238.2_45470660_18	19	18	18	5	5	5	0.2778	0.7369	0.784	0	16	13	11	5	1	0
DN_NC_073227.2_148229831_8	DN_NC_073238.2_39529658_9	8	9	8	4	4	4	0.5	0.9608	0.9771	0	5	4	4	4	4	4
DN_NC_073227.2_148229831_8	DN_NC_073240.2_41396094_2	8	2	2	1	1	1	0.5	0.8055	0.8055	1	2	1	1	1	1	1
DN_NC_073227.2_148253939_6	DN_NC_073227.2_166164041_5	6	5	5	3	3	3	0.6	0.9884	0.9925	0	4	3	3	3	3	3
DN_NC_073227.2_148253939_6	DN_NC_073230.2_53547116_11	6	11	6	4	4	4	0.6667	0.963	0.9851	0	4	4	4	4	4	4
DN_NC_073227.2_148253939_6	DN_NC_073230.2_64295055_2	6	2	2	1	1	1	0.5	0.7249	0.7249	1	2	1	1	1	0	0
DN_NC_073227.2_148253939_6	DN_NC_073230.2_64705365_4	6	4	4	0	0	0	0.0	0.0	0.0	0	2	0	0	0	0	0
DN_NC_073227.2_148253939_6	DN_NC_073233.2_55845432_8	6	8	6	2	2	2	0.3333	0.9303	0.9328	0	3	2	2	2	2	2
DN_NC_073227.2_14847068_10	DN_NC_073232.2_144274206_9	10	9	9	6	6	6	0.6667	0.7488	0.7988	0	8	6	6	6	3	0
DN_NC_073227.2_149041423_9	DN_NC_073228.2_138430444_12	9	12	9	4	4	4	0.4444	0.7691	0.8024	0	7	6	4	4	3	1
DN_NC_073227.2_15519199_14	DN_NC_073227.2_15589297_3	14	3	3	0	0	0	0.0	0.0	0.0	0	1	0	0	0	0	0
DN_NC_073227.2_15519199_14	DN_NC_073228.2_151255605_14	14	14	14	9	9	9	0.6429	0.7494	0.8083	0	12	12	11	9	4	1
DN_NC_073227.2_15519199_14	DN_NC_073232.2_144546965_14	14	14	14	9	9	9	0.6429	0.7447	0.8156	0	12	10	10	9	4	1
DN_NC_073227.2_160095836_15	DN_NC_073238.2_55588931_20	15	20	15	10	10	10	0.6667	0.7554	0.8289	0	15	12	10	10	4	2
DN_NC_073227.2_164298818_24	DN_NC_073247.2_141177039_25	24	25	24	20	20	20	0.8333	0.7554	0.8088	0	24	22	21	20	13	2
DN_NC_073227.2_166164041_5	DN_NC_073230.2_64705365_4	5	4	4	0	0	0	0.0	0.0	0.0	0	3	1	1	0	0	0
DN_NC_073227.2_166164041_5	DN_NC_073233.2_55845432_8	5	8	5	2	2	2	0.4	0.8619	0.9254	0	4	2	2	2	2	1
DN_NC_073227.2_16860393_3	DN_NC_073227.2_21866694_4	3	4	3	1	1	1	0.3333	0.7517	0.7517	1	2	1	1	1	1	0
DN_NC_073227.2_16860393_3	DN_NC_073236.2_92822528_4	3	4	3	1	1	1	0.3333	0.8367	0.8367	1	2	1	1	1	1	1
DN_NC_073227.2_16860393_3	DN_NC_073238.2_63928303_2	3	3	3	0	0	0	0.0	0.0	0.0	0	2	1	0	0	0	0
DN_NC_073227.2_16860393_3	DN_NC_073243.2_101845354_5	3	5	3	0	0	0	0.0	0.0	0.0	0	2	0	0	0	0	0
DN_NC_073227.2_16860393_3	DN_NC_073245.2_28784637_3	3	3	3	1	1	1	0.3333	0.7974	0.7974	1	3	1	1	1	1	0
DN_NC_073227.2_17184793_5	DN_NC_073238.2_24580375_8	5	8	5	2	2	2	0.4	0.9666	0.9722	0	5	2	2	2	2	2
DN_NC_073227.2_17445647_6	DN_NC_073231.2_11581641_7	6	7	6	6	6	6	1.0	0.9157	0.9516	0	6	6	6	6	6	6
DN_NC_073227.2_17445647_6	DN_NC_073233.2_75718276_6	6	6	6	4	4	4	0.6667	0.8686	0.9283	0	5	4	4	4	4	3
DN_NC_073227.2_17445647_6	DN_NC_073242.2_8737492_8	6	8	6	5	5	5	0.8333	0.9373	0.9839	0	6	5	5	5	5	5
DN_NC_073227.2_17445647_6	DN_NC_086017.1_136773097_2	6	2	2	1	1	1	0.5	0.9275	0.9275	1	1	1	1	1	1	1
DN_NC_073227.2_17445647_6	DN_NC_086017.1_141278779_5	6	5	5	5	5	5	1.0	0.9438	0.9839	0	5	5	5	5	5	5
DN_NC_073227.2_17445647_6	DN_NC_086017.1_85330170_7	6	7	6	6	6	6	1.0	0.9349	0.9677	0	6	6	6	6	6	6
DN_NC_073227.2_179688123_13	DN_NC_073227.2_179727029_10	13	10	10	0	0	0	0.0	0.0	0.0	0	5	2	0	0	0	0
DN_NC_073227.2_185890924_3	DN_NC_073227.2_185943028_3	3	3	3	0	0	0	0.0	0.0	0.0	0	0	0	0	0	0	0
DN_NC_073227.2_190603026_12	DN_NC_073247.2_60113711_15	12	15	12	8	8	8	0.6667	0.7228	0.7462	0	11	9	9	8	0	0
DN_NC_073227.2_195911333_4	DN_NC_073239.2_87316371_2	4	2	2	0	0	0	0.0	0.0	0.0	0	2	1	0	0	0	0
DN_NC_073227.2_204398881_3	DN_NC_073229.2_194862622_5	3	5	3	0	0	0	0.0	0.0	0.0	0	1	0	0	0	0	0
DN_NC_073227.2_204398881_3	DN_NC_073238.2_33904146_3	3	3	3	0	0	0	0.0	0.0	0.0	0	2	0	0	0	0	0
DN_NC_073227.2_205610166_3	DN_NC_073236.2_112799498_6	3	6	3	1	1	1	0.3333	0.8057	0.8057	1	1	1	1	1	1	1
DN_NC_073227.2_205644909_14	DN_NC_073227.2_205687695_12	14	12	12	0	0	0	0.0	0.0	0.0	0	6	1	0	0	0	0
DN_NC_073227.2_206378182_5	DN_NC_073227.2_206379213_12	5	12	5	0	0	0	0.0	0.0	0.0	0	3	0	0	0	0	0
DN_NC_073227.2_208386894_3	DN_NC_086017.1_148168205_5	3	5	3	1	1	1	0.3333	0.8633	0.8633	1	2	1	1	1	1	1
DN_NC_073227.2_210893336_9	DN_NC_073235.2_33703802_2	9	2	2	0	0	0	0.0	0.0	0.0	0	0	0	0	0	0	0
DN_NC_073227.2_210893336_9	DN_NC_073235.2_34402342_7	9	7	7	5	5	5	0.7143	0.9398	0.989	0	5	5	5	5	5	5
DN_NC_073227.2_210893336_9	DN_NC_073236.2_26203134_8	9	8	8	6	6	6	0.75	0.9406	0.9825	0	6	6	6	6	6	6
DN_NC_073227.2_210893336_9	DN_NC_073238.2_24693721_8	9	8	8	6	6	6	0.75	0.9561	1.0	0	6	6	6	6	6	6
DN_NC_073227.2_210893336_9	DN_NC_073239.2_44147073_8	9	8	8	6	6	6	0.75	0.9453	0.984	0	6	6	6	6	6	6
DN_NC_073227.2_210893336_9	DN_NC_073239.2_44758266_8	9	8	8	7	7	7	0.875	0.9359	0.9825	0	7	7	7	7	7	7
DN_NC_073227.2_210893336_9	DN_NC_073245.2_42779121_5	9	5	5	3	3	3	0.6	0.9559	0.978	0	3	3	3	3	3	3
DN_NC_073227.2_210893336_9	DN_NC_073246.2_2235416_3	9	3	3	2	2	2	0.6667	0.9204	0.942	0	2	2	2	2	2	2
DN_NC_073227.2_210893336_9	DN_NC_073248.2_10847471_7	9	7	7	6	6	6	0.8571	0.933	0.9712	0	6	6	6	6	6	6
DN_NC_073227.2_210893336_9	DN_NC_086018.1_1774757_3	9	3	3	2	2	2	0.6667	0.9204	0.942	0	2	2	2	2	2	2
DN_NC_073227.2_211080863_4	DN_NC_073227.2_8155721_4	4	4	4	4	4	4	1.0	0.9911	0.9985	0	4	4	4	4	4	4
DN_NC_073227.2_211080863_4	DN_NC_073230.2_168783006_4	4	4	4	3	3	3	0.75	0.9792	0.9877	0	3	3	3	3	3	3
DN_NC_073227.2_211080863_4	DN_NC_073231.2_150902261_3	4	3	3	2	2	2	0.6667	0.9806	0.9877	0	2	2	2	2	2	2
DN_NC_073227.2_211080863_4	DN_NC_073232.2_146269317_5	4	5	4	3	3	3	0.75	0.9735	0.9756	0	3	3	3	3	3	3
DN_NC_073227.2_211080863_4	DN_NC_073232.2_8583099_4	4	4	4	4	4	4	1.0	0.9889	1.0	0	4	4	4	4	4	4
DN_NC_073227.2_211080863_4	DN_NC_073236.2_140400059_5	4	5	4	3	3	3	0.75	0.9815	0.9934	0	3	3	3	3	3	3
DN_NC_073227.2_211080863_4	DN_NC_073237.2_118498911_4	4	4	4	4	4	4	1.0	0.9839	0.9879	0	4	4	4	4	4	4
DN_NC_073227.2_211080863_4	DN_NC_073239.2_124648897_4	4	4	4	4	4	4	1.0	0.9902	0.9977	0	4	4	4	4	4	4
DN_NC_073227.2_211080863_4	DN_NC_073240.2_103747497_4	4	4	4	4	4	4	1.0	0.987	0.9962	0	4	4	4	4	4	4
DN_NC_073227.2_211080863_4	DN_NC_073241.2_110003031_5	4	5	4	3	3	3	0.75	0.9775	0.9876	0	3	3	3	3	3	3
DN_NC_073227.2_211080863_4	DN_NC_073242.2_121237165_4	4	4	4	4	4	4	1.0	0.989	0.9962	0	4	4	4	4	4	4
DN_NC_073227.2_211080863_4	DN_NC_073244.2_70818649_5	4	5	4	3	3	3	0.75	0.9773	0.9818	0	3	3	3	3	3	3
DN_NC_073227.2_211080863_4	DN_NC_086017.1_211655827_5	4	5	4	3	3	3	0.75	0.9731	0.9815	0	3	3	3	3	3	3
DN_NC_073227.2_211080863_4	DN_NC_086017.1_9337960_4	4	4	4	3	3	3	0.75	0.9826	0.9879	0	3	3	3	3	3	3
DN_NC_073227.2_211100517_2	DN_NC_073236.2_140396809_2	2	2	2	2	2	2	1.0	0.997	1.0	0	2	2	2	2	2	2
DN_NC_073227.2_211100517_2	DN_NC_073237.2_118518303_5	2	5	2	1	1	1	0.5	1.0	1.0	1	1	1	1	1	1	1
DN_NC_073227.2_211100517_2	DN_NC_073239.2_124645701_2	2	2	2	2	2	2	1.0	0.9904	0.9911	0	2	2	2	2	2	2
DN_NC_073227.2_211418821_2	DN_NC_073228.2_161454333_5	2	5	2	0	0	0	0.0	0.0	0.0	0	1	0	0	0	0	0
DN_NC_073227.2_211418821_2	DN_NC_073232.2_139190015_27	2	27	2	0	0	0	0.0	0.0	0.0	0	2	1	0	0	0	0
DN_NC_073227.2_211418821_2	DN_NC_073243.2_49045190_4	2	4	2	0	0	0	0.0	0.0	0.0	0	2	1	0	0	0	0
DN_NC_073227.2_211418821_2	DN_NC_073245.2_35160176_6	2	6	2	0	0	0	0.0	0.0	0.0	0	1	0	0	0	0	0
DN_NC_073227.2_211418821_2	DN_NC_073247.2_105439613_2	2	2	2	0	0	0	0.0	0.0	0.0	0	1	0	0	0	0	0
DN_NC_073227.2_211418821_2	DN_NC_073248.2_10670113_2	2	2	2	0	0	0	0.0	0.0	0.0	0	1	0	0	0	0	0
DN_NC_073227.2_211418821_2	DN_NC_086017.1_35538439_12	2	12	2	0	0	0	0.0	0.0	0.0	0	2	1	0	0	0	0
DN_NC_073227.2_211898132_4	DN_NC_073240.2_103158559_3	4	3	3	3	3	3	1.0	0.976	0.9969	0	3	3	3	3	3	3
DN_NC_073227.2_212285016_9	DN_NC_073231.2_151170137_9	9	9	9	7	7	7	0.7778	0.9582	1.0	0	8	7	7	7	7	6
DN_NC_073227.2_212285016_9	DN_NC_073235.2_15131698_9	9	9	9	6	6	6	0.6667	0.9801	0.9939	0	7	6	6	6	6	6
DN_NC_073227.2_212285016_9	DN_NC_073247.2_167707352_7	9	7	7	6	6	6	0.8571	0.951	1.0	0	6	6	6	6	6	5
DN_NC_073227.2_212285016_9	DN_NC_086018.1_48818439_9	9	9	9	6	6	6	0.6667	0.9729	1.0	0	7	6	6	6	6	6
DN_NC_073227.2_22580407_2	DN_NC_073230.2_124939640_5	2	5	2	1	1	1	0.5	0.8274	0.8274	1	2	1	1	1	1	1
DN_NC_073227.2_23212119_11	DN_NC_073228.2_177718215_8	11	8	8	4	4	4	0.5	0.8167	0.839	0	6	6	6	4	4	3
DN_NC_073227.2_23893974_2	DN_NC_073230.2_89274458_2	2	2	2	1	1	1	0.5	0.7448	0.7448	1	2	1	1	1	0	0
DN_NC_073227.2_26000468_4	DN_NC_073227.2_49278079_9	4	9	4	0	0	0	0.0	0.0	0.0	0	3	0	0	0	0	0
DN_NC_073227.2_26000468_4	DN_NC_073230.2_159385621_3	4	3	3	0	0	0	0.0	0.0	0.0	0	2	1	0	0	0	0
DN_NC_073227.2_26000468_4	DN_NC_073230.2_92132360_3	4	3	3	0	0	0	0.0	0.0	0.0	0	3	1	0	0	0	0
DN_NC_073227.2_26000468_4	DN_NC_073231.2_107519754_4	4	4	4	0	0	0	0.0	0.0	0.0	0	3	0	0	0	0	0
DN_NC_073227.2_26000468_4	DN_NC_073233.2_23732821_4	4	4	4	0	0	0	0.0	0.0	0.0	0	3	0	0	0	0	0
DN_NC_073227.2_26000468_4	DN_NC_073234.2_126370406_2	4	2	2	0	0	0	0.0	0.0	0.0	0	2	0	0	0	0	0
DN_NC_073227.2_26000468_4	DN_NC_073235.2_71373985_7	4	7	4	0	0	0	0.0	0.0	0.0	0	2	0	0	0	0	0
DN_NC_073227.2_26000468_4	DN_NC_073239.2_123333523_2	4	2	2	0	0	0	0.0	0.0	0.0	0	2	0	0	0	0	0
DN_NC_073227.2_26000468_4	DN_NC_073244.2_43610901_6	4	6	4	0	0	0	0.0	0.0	0.0	0	2	0	0	0	0	0
DN_NC_073227.2_26000468_4	DN_NC_073247.2_115708949_2	4	2	2	0	0	0	0.0	0.0	0.0	0	2	0	0	0	0	0
DN_NC_073227.2_26000468_4	DN_NC_073247.2_147586730_5	4	5	4	0	0	0	0.0	0.0	0.0	0	3	1	0	0	0	0
DN_NC_073227.2_36265860_3	DN_NC_073230.2_56036026_15	3	15	3	1	1	1	0.3333	0.8156	0.8156	1	3	1	1	1	1	1
DN_NC_073227.2_47476685_7	DN_NC_073240.2_67167028_2	7	2	2	0	0	0	0.0	0.0	0.0	0	1	0	0	0	0	0
DN_NC_073227.2_49278079_9	DN_NC_073230.2_92132360_3	9	3	3	0	0	0	0.0	0.0	0.0	0	3	1	0	0	0	0
DN_NC_073227.2_49278079_9	DN_NC_073234.2_126370406_2	9	2	2	0	0	0	0.0	0.0	0.0	0	2	0	0	0	0	0
DN_NC_073227.2_49278079_9	DN_NC_073235.2_71373985_7	9	7	7	0	0	0	0.0	0.0	0.0	0	4	0	0	0	0	0
DN_NC_073227.2_49278079_9	DN_NC_073239.2_123333523_2	9	2	2	0	0	0	0.0	0.0	0.0	0	2	0	0	0	0	0
DN_NC_073227.2_49278079_9	DN_NC_073244.2_43610901_6	9	6	6	0	0	0	0.0	0.0	0.0	0	3	0	0	0	0	0
DN_NC_073227.2_49278079_9	DN_NC_073247.2_115708949_2	9	2	2	0	0	0	0.0	0.0	0.0	0	2	0	0	0	0	0
DN_NC_073227.2_49278079_9	DN_NC_073247.2_147586730_5	9	5	5	0	0	0	0.0	0.0	0.0	0	4	1	0	0	0	0
DN_NC_073227.2_50003246_2	DN_NC_073239.2_89803404_14	2	14	2	0	0	0	0.0	0.0	0.0	0	1	0	0	0	0	0
DN_NC_073227.2_55859426_23	DN_NC_073230.2_92132360_3	23	3	3	0	0	0	0.0	0.0	0.0	0	3	1	1	0	0	0
DN_NC_073227.2_55859426_23	DN_NC_073235.2_71373985_7	23	7	7	0	0	0	0.0	0.0	0.0	0	5	1	0	0	0	0
DN_NC_073227.2_55859426_23	DN_NC_073244.2_43610901_6	23	6	6	0	0	0	0.0	0.0	0.0	0	4	1	0	0	0	0
DN_NC_073227.2_56356744_8	DN_NC_073240.2_81300329_3	8	3	3	1	1	1	0.3333	0.8231	0.8231	1	2	1	1	1	1	1
DN_NC_073227.2_72845455_9	DN_NC_073227.2_72905683_18	9	18	9	1	1	1	0.1111	0.9721	0.9721	1	5	1	1	1	1	1
DN_NC_073227.2_8155721_4	DN_NC_073230.2_168783006_4	4	4	4	3	3	3	0.75	0.9813	0.9939	0	3	3	3	3	3	3
DN_NC_073227.2_8155721_4	DN_NC_073231.2_150902261_3	4	3	3	2	2	2	0.6667	0.9808	0.9815	0	2	2	2	2	2	2
DN_NC_073227.2_8155721_4	DN_NC_073232.2_146269317_5	4	5	4	3	3	3	0.75	0.9735	0.9817	0	3	3	3	3	3	3
DN_NC_073227.2_8155721_4	DN_NC_073232.2_8583099_4	4	4	4	4	4	4	1.0	0.9917	0.9962	0	4	4	4	4	4	4
DN_NC_073227.2_8155721_4	DN_NC_073236.2_140400059_5	4	5	4	3	3	3	0.75	0.9772	0.9868	0	3	3	3	3	3	3
DN_NC_073227.2_8155721_4	DN_NC_073237.2_118498911_4	4	4	4	4	4	4	1.0	0.9867	1.0	0	4	4	4	4	4	4
DN_NC_073227.2_8155721_4	DN_NC_073239.2_124648897_4	4	4	4	4	4	4	1.0	0.9931	0.9972	0	4	4	4	4	4	4
DN_NC_073227.2_8155721_4	DN_NC_073240.2_103747497_4	4	4	4	4	4	4	1.0	0.9898	0.9957	0	4	4	4	4	4	4
DN_NC_073227.2_8155721_4	DN_NC_073241.2_110003031_5	4	5	4	3	3	3	0.75	0.9734	0.9814	0	3	3	3	3	3	3
DN_NC_073227.2_8155721_4	DN_NC_073242.2_121237165_4	4	4	4	4	4	4	1.0	0.9904	0.9957	0	4	4	4	4	4	4
DN_NC_073227.2_8155721_4	DN_NC_073244.2_70818649_5	4	5	4	3	3	3	0.75	0.9773	0.9818	0	3	3	3	3	3	3
DN_NC_073227.2_8155721_4	DN_NC_086017.1_211655827_5	4	5	4	3	3	3	0.75	0.9711	0.9753	0	3	3	3	3	3	3
DN_NC_073227.2_8155721_4	DN_NC_086017.1_9337960_4	4	4	4	3	3	3	0.75	0.9864	1.0	0	3	3	3	3	3	3
DN_NC_073227.2_8633416_4	DN_NC_073227.2_8705656_4	4	4	4	3	3	3	0.75	0.8861	0.9444	0	4	4	4	3	3	2
DN_NC_073227.2_8633416_4	DN_NC_073230.2_73508332_4	4	4	4	2	2	2	0.5	0.8154	0.8413	0	3	3	2	2	2	1
DN_NC_073227.2_8633416_4	DN_NC_073230.2_74126483_4	4	4	4	2	2	2	0.5	0.7954	0.8211	0	4	3	3	2	2	1
DN_NC_073227.2_8633416_4	DN_NC_073241.2_36126198_2	4	2	2	1	1	1	0.5	0.7066	0.7066	1	2	2	1	1	0	0
DN_NC_073227.2_8633416_4	DN_NC_073244.2_27765726_4	4	4	4	3	3	3	0.75	0.7809	0.8095	0	4	4	4	3	2	2
DN_NC_073227.2_8633416_4	DN_NC_073244.2_27956158_2	4	2	2	1	1	1	0.5	0.7485	0.7485	1	2	1	1	1	0	0
DN_NC_073227.2_8633416_4	DN_NC_073244.2_28588105_4	4	4	4	2	2	2	0.5	0.835	0.8526	0	4	4	3	2	2	2
DN_NC_073227.2_8633416_4	DN_NC_073244.2_29680825_2	4	2	2	0	0	0	0.0	0.0	0.0	0	2	2	1	0	0	0
DN_NC_073227.2_8633416_4	DN_NC_073244.2_29970261_4	4	4	4	3	3	3	0.75	0.7871	0.8413	0	4	4	3	3	3	1
DN_NC_073227.2_8633416_4	DN_NC_073244.2_64125568_5	4	5	4	1	1	1	0.25	0.8413	0.8413	1	3	2	1	1	1	1
DN_NC_073227.2_8633416_4	DN_NC_073244.2_64340366_4	4	4	4	1	1	1	0.25	0.8651	0.8651	1	4	3	1	1	1	1
DN_NC_073227.2_8633416_4	DN_NC_073244.2_64400145_5	4	5	4	1	1	1	0.25	0.8016	0.8016	1	4	2	1	1	1	1
DN_NC_073227.2_8633416_4	DN_NC_073244.2_64618758_7	4	7	4	1	1	1	0.25	0.789	0.789	1	2	2	1	1	1	0
DN_NC_073227.2_8633416_4	DN_NC_073244.2_64672255_4	4	4	4	1	1	1	0.25	0.8016	0.8016	1	2	2	1	1	1	1
DN_NC_073227.2_8633416_4	DN_NC_073244.2_64908457_4	4	4	4	1	1	1	0.25	0.7778	0.7778	1	3	2	1	1	1	0
DN_NC_073227.2_8633416_4	DN_NC_073244.2_65046428_4	4	3	3	1	1	1	0.3333	0.8417	0.8417	1	2	2	1	1	1	1
DN_NC_073227.2_8633416_4	DN_NC_073244.2_65398487_4	4	4	4	1	1	1	0.25	0.8413	0.8413	1	2	2	1	1	1	1
DN_NC_073227.2_8633416_4	DN_NC_086017.1_41849470_3	4	3	3	0	0	0	0.0	0.0	0.0	0	2	0	0	0	0	0
DN_NC_073227.2_8633418_2	DN_NC_073227.2_8792448_3	2	3	2	2	2	2	1.0	0.798	0.828	0	2	2	2	2	2	1
DN_NC_073227.2_8633418_2	DN_NC_073227.2_8907801_4	2	4	2	2	2	2	1.0	0.7594	0.8098	0	2	2	2	2	1	1
DN_NC_073227.2_8633418_2	DN_NC_073227.2_9010062_2	2	2	2	1	1	1	0.5	0.7067	0.7067	1	1	1	1	1	0	0
DN_NC_073227.2_8633418_2	DN_NC_073230.2_64900495_2	2	2	2	0	0	0	0.0	0.0	0.0	0	1	0	0	0	0	0
DN_NC_073227.2_8633418_2	DN_NC_073230.2_73776646_4	2	4	2	0	0	0	0.0	0.0	0.0	0	1	0	0	0	0	0
DN_NC_073227.2_8633418_2	DN_NC_073230.2_73977205_4	2	4	2	0	0	0	0.0	0.0	0.0	0	2	2	1	0	0	0
DN_NC_073227.2_8633418_2	DN_NC_073230.2_74190289_5	2	5	2	0	0	0	0.0	0.0	0.0	0	2	1	0	0	0	0
DN_NC_073227.2_8633418_2	DN_NC_073230.2_74299233_4	2	4	2	0	0	0	0.0	0.0	0.0	0	2	2	1	0	0	0
DN_NC_073227.2_8633418_2	DN_NC_073230.2_74637722_4	2	4	2	0	0	0	0.0	0.0	0.0	0	2	2	1	0	0	0
DN_NC_073227.2_8633418_2	DN_NC_073233.2_9788172_5	2	5	2	0	0	0	0.0	0.0	0.0	0	2	1	0	0	0	0
DN_NC_073227.2_8633418_2	DN_NC_073242.2_37386128_4	2	4	2	0	0	0	0.0	0.0	0.0	0	2	2	0	0	0	0
DN_NC_073227.2_8633418_2	DN_NC_073242.2_66613619_4	2	4	2	0	0	0	0.0	0.0	0.0	0	2	1	1	0	0	0
DN_NC_073227.2_8633418_2	DN_NC_073244.2_26240035_4	2	4	2	0	0	0	0.0	0.0	0.0	0	2	2	0	0	0	0
DN_NC_073227.2_8633418_2	DN_NC_073244.2_26314241_4	2	4	2	0	0	0	0.0	0.0	0.0	0	2	2	1	0	0	0
DN_NC_073227.2_8633418_2	DN_NC_073244.2_26470366_4	2	4	2	0	0	0	0.0	0.0	0.0	0	2	1	1	0	0	0
DN_NC_073227.2_8633418_2	DN_NC_073244.2_26666712_5	2	5	2	0	0	0	0.0	0.0	0.0	0	2	1	0	0	0	0
DN_NC_073227.2_8633418_2	DN_NC_073244.2_26901109_4	2	4	2	1	1	1	0.5	0.7265	0.7265	1	2	1	1	1	0	0
DN_NC_073227.2_8633418_2	DN_NC_073244.2_27051998_4	2	4	2	0	0	0	0.0	0.0	0.0	0	2	1	1	0	0	0
DN_NC_073227.2_8633418_2	DN_NC_073244.2_27131194_2	2	2	2	0	0	0	0.0	0.0	0.0	0	2	1	1	0	0	0
DN_NC_073227.2_8633418_2	DN_NC_073244.2_27285351_4	2	4	2	0	0	0	0.0	0.0	0.0	0	2	1	1	0	0	0
DN_NC_073227.2_8633418_2	DN_NC_073244.2_27408454_4	2	4	2	1	1	1	0.5	0.7002	0.7002	1	2	2	1	1	0	0
DN_NC_073227.2_8633418_2	DN_NC_073244.2_27504818_5	2	5	2	0	0	0	0.0	0.0	0.0	0	2	2	1	0	0	0
DN_NC_073227.2_8633418_2	DN_NC_073244.2_27566430_5	2	5	2	0	0	0	0.0	0.0	0.0	0	2	2	2	0	0	0
DN_NC_073227.2_8633418_2	DN_NC_073244.2_27869273_3	2	3	2	0	0	0	0.0	0.0	0.0	0	2	2	1	0	0	0
DN_NC_073227.2_8633418_2	DN_NC_073244.2_28072858_4	2	4	2	0	0	0	0.0	0.0	0.0	0	2	1	1	0	0	0
DN_NC_073227.2_8633418_2	DN_NC_073244.2_28256975_5	2	5	2	0	0	0	0.0	0.0	0.0	0	2	2	1	0	0	0
DN_NC_073227.2_8633418_2	DN_NC_073244.2_28333451_4	2	4	2	1	1	1	0.5	0.7047	0.7047	1	2	2	1	1	0	0
DN_NC_073227.2_8633418_2	DN_NC_073244.2_28711447_2	2	2	2	1	1	1	0.5	0.7035	0.7035	1	2	2	1	1	0	0
DN_NC_073227.2_8633418_2	DN_NC_073244.2_28820229_4	2	4	2	0	0	0	0.0	0.0	0.0	0	1	0	0	0	0	0
DN_NC_073227.2_8633418_2	DN_NC_073244.2_29046961_4	2	4	2	0	0	0	0.0	0.0	0.0	0	2	2	1	0	0	0
DN_NC_073227.2_8633418_2	DN_NC_073244.2_29232445_4	2	4	2	1	1	1	0.5	0.7154	0.7154	1	2	1	1	1	0	0
DN_NC_073227.2_8633418_2	DN_NC_073244.2_29297022_4	2	4	2	1	1	1	0.5	0.7079	0.7079	1	2	1	1	1	0	0
DN_NC_073227.2_8633418_2	DN_NC_073244.2_29557605_4	2	4	2	1	1	1	0.5	0.7019	0.7019	1	2	1	1	1	0	0
DN_NC_073227.2_8633418_2	DN_NC_073244.2_30067652_4	2	4	2	0	0	0	0.0	0.0	0.0	0	1	0	0	0	0	0
DN_NC_073227.2_8633418_2	DN_NC_073244.2_30090650_6	2	6	2	1	1	1	0.5	0.7292	0.7292	1	2	1	1	1	0	0
DN_NC_073227.2_8633418_2	DN_NC_073244.2_30438340_4	2	4	2	0	0	0	0.0	0.0	0.0	0	2	2	1	0	0	0
DN_NC_073227.2_8633418_2	DN_NC_073244.2_64081943_4	2	4	2	0	0	0	0.0	0.0	0.0	0	1	0	0	0	0	0
DN_NC_073227.2_8633418_2	DN_NC_073244.2_65003440_7	2	7	2	0	0	0	0.0	0.0	0.0	0	1	0	0	0	0	0
DN_NC_073227.2_8633418_2	DN_NC_073246.2_15789285_3	2	3	2	1	1	1	0.5	0.7415	0.7415	1	2	2	1	1	0	0
DN_NC_073227.2_8705656_4	DN_NC_073227.2_9010062_2	4	2	2	0	0	0	0.0	0.0	0.0	0	1	1	0	0	0	0
DN_NC_073227.2_8705656_4	DN_NC_073230.2_64900495_2	4	2	2	0	0	0	0.0	0.0	0.0	0	1	1	0	0	0	0
DN_NC_073227.2_8705656_4	DN_NC_073230.2_73508332_4	4	4	4	2	2	2	0.5	0.8074	0.8254	0	4	4	2	2	2	1
DN_NC_073227.2_8705656_4	DN_NC_073230.2_73776646_4	4	4	4	2	2	2	0.5	0.8127	0.8254	0	4	3	2	2	2	2
DN_NC_073227.2_8705656_4	DN_NC_073230.2_73977205_4	4	4	4	3	3	3	0.75	0.7756	0.8333	0	4	4	3	3	2	1
DN_NC_073227.2_8705656_4	DN_NC_073230.2_74126483_4	4	4	4	2	2	2	0.5	0.8008	0.8016	0	4	4	3	2	2	2
DN_NC_073227.2_8705656_4	DN_NC_073230.2_74190289_5	4	5	4	2	2	2	0.5	0.7784	0.7789	0	4	3	2	2	2	0
DN_NC_073227.2_8705656_4	DN_NC_073230.2_74299233_4	4	4	4	2	2	2	0.5	0.8404	0.8492	0	4	4	3	2	2	2
DN_NC_073227.2_8705656_4	DN_NC_073230.2_74637814_2	4	2	2	1	1	1	0.5	0.7119	0.7119	1	2	2	1	1	0	0
DN_NC_073227.2_8705656_4	DN_NC_073233.2_9788172_5	4	5	4	2	2	2	0.5	0.8035	0.8333	0	4	3	2	2	2	1
DN_NC_073227.2_8705656_4	DN_NC_073241.2_36126198_2	4	2	2	1	1	1	0.5	0.7246	0.7246	1	2	2	1	1	0	0
DN_NC_073227.2_8705656_4	DN_NC_073242.2_66613619_4	4	4	4	2	2	2	0.5	0.8086	0.8333	0	4	4	2	2	2	1
DN_NC_073227.2_8705656_4	DN_NC_073244.2_26240039_2	4	2	2	0	0	0	0.0	0.0	0.0	0	2	2	1	0	0	0
DN_NC_073227.2_8705656_4	DN_NC_073244.2_26314241_4	4	4	4	2	2	2	0.5	0.7797	0.8016	0	4	4	2	2	2	1
DN_NC_073227.2_8705656_4	DN_NC_073244.2_26470366_4	4	4	4	2	2	2	0.5	0.8074	0.8254	0	4	4	3	2	2	1
DN_NC_073227.2_8705656_4	DN_NC_073244.2_26666712_5	4	5	4	2	2	2	0.5	0.7797	0.8016	0	3	3	2	2	2	1
DN_NC_073227.2_8705656_4	DN_NC_073244.2_26901109_4	4	4	4	1	1	1	0.25	0.7368	0.7368	1	3	3	1	1	0	0
DN_NC_073227.2_8705656_4	DN_NC_073244.2_27051998_4	4	4	4	2	2	2	0.5	0.7772	0.8254	0	4	4	2	2	1	1
DN_NC_073227.2_8705656_4	DN_NC_073244.2_27131194_2	4	2	2	0	0	0	0.0	0.0	0.0	0	2	2	1	0	0	0
DN_NC_073227.2_8705656_4	DN_NC_073244.2_27285351_4	4	4	4	2	2	2	0.5	0.7613	0.7857	0	4	4	2	2	1	0
DN_NC_073227.2_8705656_4	DN_NC_073244.2_27408454_4	4	4	4	2	2	2	0.5	0.8075	0.8571	0	4	4	2	2	2	1
DN_NC_073227.2_8705656_4	DN_NC_073244.2_27504818_5	4	5	4	2	2	2	0.5	0.7916	0.8254	0	4	4	2	2	2	1
DN_NC_073227.2_8705656_4	DN_NC_073244.2_27566430_5	4	5	4	2	2	2	0.5	0.7891	0.8413	0	4	4	3	2	1	1
DN_NC_073227.2_8705656_4	DN_NC_073244.2_27765726_4	4	4	4	3	3	3	0.75	0.7754	0.8254	0	4	4	3	3	2	1
DN_NC_073227.2_8705656_4	DN_NC_073244.2_27869273_3	4	3	3	1	1	1	0.3333	0.7789	0.7789	1	3	3	2	1	1	0
DN_NC_073227.2_8705656_4	DN_NC_073244.2_27956158_2	4	2	2	1	1	1	0.5	0.7042	0.7042	1	2	2	1	1	0	0
DN_NC_073227.2_8705656_4	DN_NC_073244.2_28072858_4	4	4	4	2	2	2	0.5	0.7733	0.8413	0	4	4	2	2	1	1
DN_NC_073227.2_8705656_4	DN_NC_073244.2_28256975_5	4	5	4	2	2	2	0.5	0.8021	0.8105	0	4	4	3	2	2	1
DN_NC_073227.2_8705656_4	DN_NC_073244.2_28333451_4	4	4	4	2	2	2	0.5	0.7943	0.8413	0	4	4	3	2	1	1
DN_NC_073227.2_8705656_4	DN_NC_073244.2_28588105_4	4	4	4	2	2	2	0.5	0.8338	0.8421	0	4	4	2	2	2	2
DN_NC_073227.2_8705656_4	DN_NC_073244.2_28711447_2	4	2	2	0	0	0	0.0	0.0	0.0	0	2	1	0	0	0	0
DN_NC_073227.2_8705656_4	DN_NC_073244.2_29046961_4	4	4	4	2	2	2	0.5	0.8061	0.8333	0	4	4	3	2	2	1
DN_NC_073227.2_8705656_4	DN_NC_073244.2_29232445_4	4	4	4	2	2	2	0.5	0.8114	0.8333	0	3	3	3	2	2	1
DN_NC_073227.2_8705656_4	DN_NC_073244.2_29557605_4	4	4	4	2	2	2	0.5	0.8193	0.8492	0	4	4	3	2	2	1
DN_NC_073227.2_8705656_4	DN_NC_073244.2_29680825_2	4	2	2	0	0	0	0.0	0.0	0.0	0	2	2	0	0	0	0
DN_NC_073227.2_8705656_4	DN_NC_073244.2_29970261_4	4	4	4	3	3	3	0.75	0.7738	0.8492	0	4	4	3	3	1	1
DN_NC_073227.2_8705656_4	DN_NC_073244.2_30438340_4	4	4	4	2	2	2	0.5	0.8101	0.8413	0	4	4	3	2	2	1
DN_NC_073227.2_8705656_4	DN_NC_073244.2_64125568_5	4	5	4	1	1	1	0.25	0.8175	0.8175	1	3	1	1	1	1	1
DN_NC_073227.2_8705656_4	DN_NC_073244.2_64265252_5	4	5	4	1	1	1	0.25	0.8492	0.8492	1	3	1	1	1	1	1
DN_NC_073227.2_8705656_4	DN_NC_073244.2_64340366_4	4	4	4	1	1	1	0.25	0.8571	0.8571	1	4	2	1	1	1	1
DN_NC_073227.2_8705656_4	DN_NC_073244.2_64724127_4	4	4	4	1	1	1	0.25	0.7698	0.7698	1	3	1	1	1	1	0
DN_NC_073227.2_8705656_4	DN_NC_073244.2_65293743_4	4	4	4	1	1	1	0.25	0.8333	0.8333	1	2	1	1	1	1	1
DN_NC_073227.2_8705656_4	DN_NC_073246.2_15789320_2	4	2	2	1	1	1	0.5	0.7405	0.7405	1	2	1	1	1	0	0
DN_NC_073227.2_8792448_3	DN_NC_073230.2_74637814_2	3	2	2	0	0	0	0.0	0.0	0.0	0	2	1	0	0	0	0
DN_NC_073227.2_8792448_3	DN_NC_073244.2_27566430_5	3	5	3	1	1	1	0.3333	0.78	0.78	1	2	2	2	1	1	0
DN_NC_073227.2_8792448_3	DN_NC_073244.2_27765726_4	3	4	3	1	1	1	0.3333	0.784	0.784	1	2	2	2	1	1	0
DN_NC_073227.2_8792448_3	DN_NC_073244.2_27869273_3	3	3	3	0	0	0	0.0	0.0	0.0	0	2	1	0	0	0	0
DN_NC_073227.2_8792448_3	DN_NC_073244.2_27956158_2	3	2	2	1	1	1	0.5	0.7706	0.7706	1	2	2	2	1	1	0
DN_NC_073227.2_8792448_3	DN_NC_073244.2_29232445_4	3	4	3	1	1	1	0.3333	0.7942	0.7942	1	2	1	1	1	1	0
DN_NC_073227.2_8792448_3	DN_NC_073244.2_29557605_4	3	4	3	1	1	1	0.3333	0.7934	0.7934	1	2	2	1	1	1	0
DN_NC_073227.2_8792448_3	DN_NC_073244.2_29970261_4	3	4	3	1	1	1	0.3333	0.7832	0.7832	1	2	2	2	1	1	0
DN_NC_073227.2_8907801_4	DN_NC_073227.2_9010062_2	4	2	2	0	0	0	0.0	0.0	0.0	0	2	1	0	0	0	0
DN_NC_073227.2_8907801_4	DN_NC_073230.2_73508332_4	4	4	4	2	2	2	0.5	0.8312	0.8413	0	4	2	2	2	2	2
DN_NC_073227.2_8907801_4	DN_NC_073230.2_73776646_4	4	4	4	2	2	2	0.5	0.8259	0.8413	0	4	2	2	2	2	2
DN_NC_073227.2_8907801_4	DN_NC_073230.2_73977205_4	4	4	4	2	2	2	0.5	0.8167	0.8333	0	4	3	3	2	2	2
DN_NC_073227.2_8907801_4	DN_NC_073230.2_74126483_4	4	4	4	2	2	2	0.5	0.8086	0.8316	0	4	3	2	2	2	1
DN_NC_073227.2_8907801_4	DN_NC_073230.2_74190289_5	4	5	4	2	2	2	0.5	0.7849	0.8	0	4	3	3	2	2	1
DN_NC_073227.2_8907801_4	DN_NC_073230.2_74299233_4	4	4	4	2	2	2	0.5	0.8562	0.8632	0	4	4	2	2	2	2
DN_NC_073227.2_8907801_4	DN_NC_073230.2_74637722_4	4	4	4	3	3	3	0.75	0.7926	0.8421	0	4	4	3	3	2	2
DN_NC_073227.2_8907801_4	DN_NC_073242.2_66613619_4	4	4	4	2	2	2	0.5	0.8046	0.8254	0	4	3	3	2	2	1
DN_NC_073227.2_8907801_4	DN_NC_073244.2_26240039_2	4	2	2	0	0	0	0.0	0.0	0.0	0	2	1	0	0	0	0
DN_NC_073227.2_8907801_4	DN_NC_073244.2_26314241_4	4	4	4	2	2	2	0.5	0.7955	0.8016	0	4	3	3	2	2	1
DN_NC_073227.2_8907801_4	DN_NC_073244.2_26470366_4	4	4	4	2	2	2	0.5	0.8074	0.8254	0	4	3	2	2	2	1
DN_NC_073227.2_8907801_4	DN_NC_073244.2_26666712_5	4	5	4	2	2	2	0.5	0.785	0.8016	0	3	3	2	2	2	1
DN_NC_073227.2_8907801_4	DN_NC_073244.2_26901109_4	4	4	4	1	1	1	0.25	0.7684	0.7684	1	3	3	2	1	1	0
DN_NC_073227.2_8907801_4	DN_NC_073244.2_27051998_4	4	4	4	2	2	2	0.5	0.7929	0.8175	0	4	3	3	2	2	1
DN_NC_073227.2_8907801_4	DN_NC_073244.2_27131194_2	4	2	2	0	0	0	0.0	0.0	0.0	0	2	2	1	0	0	0
DN_NC_073227.2_8907801_4	DN_NC_073244.2_27285351_4	4	4	4	2	2	2	0.5	0.781	0.7937	0	4	3	2	2	2	0
DN_NC_073227.2_8907801_4	DN_NC_073244.2_27408454_4	4	4	4	2	2	2	0.5	0.818	0.8571	0	4	4	3	2	2	1
DN_NC_073227.2_8907801_4	DN_NC_073244.2_27504818_5	4	5	4	2	2	2	0.5	0.8154	0.8413	0	4	3	3	2	2	1
DN_NC_073227.2_8907801_4	DN_NC_073244.2_27626411_5	4	5	4	2	2	2	0.5	0.8259	0.8413	0	4	4	3	2	2	2
DN_NC_073227.2_8907801_4	DN_NC_073244.2_27765726_4	4	4	4	2	2	2	0.5	0.8193	0.8211	0	3	3	3	2	2	2
DN_NC_073227.2_8907801_4	DN_NC_073244.2_27869273_3	4	3	3	2	2	2	0.6667	0.7656	0.8211	0	3	2	2	2	1	1
DN_NC_073227.2_8907801_4	DN_NC_073244.2_27956158_2	4	2	2	0	0	0	0.0	0.0	0.0	0	1	0	0	0	0	0
DN_NC_073227.2_8907801_4	DN_NC_073244.2_28072858_4	4	4	4	2	2	2	0.5	0.7943	0.8413	0	4	3	2	2	1	1
DN_NC_073227.2_8907801_4	DN_NC_073244.2_28256975_5	4	5	4	2	2	2	0.5	0.8258	0.8421	0	4	3	3	2	2	2
DN_NC_073227.2_8907801_4	DN_NC_073244.2_28333451_4	4	4	4	3	3	3	0.75	0.7721	0.8333	0	4	4	3	3	2	1
DN_NC_073227.2_8907801_4	DN_NC_073244.2_28588105_4	4	4	4	2	2	2	0.5	0.8495	0.8737	0	4	4	3	2	2	2
DN_NC_073227.2_8907801_4	DN_NC_073244.2_28711447_2	4	2	2	0	0	0	0.0	0.0	0.0	0	2	2	1	0	0	0
DN_NC_073227.2_8907801_4	DN_NC_073244.2_28820229_4	4	4	4	2	2	2	0.5	0.8009	0.8333	0	4	4	2	2	2	1
DN_NC_073227.2_8907801_4	DN_NC_073244.2_29046961_4	4	4	4	2	2	2	0.5	0.8232	0.8254	0	4	4	2	2	2	2
DN_NC_073227.2_8907801_4	DN_NC_073244.2_29232445_4	4	4	4	2	2	2	0.5	0.8285	0.8316	0	2	2	2	2	2	2
DN_NC_073227.2_8907801_4	DN_NC_073244.2_29557605_4	4	4	4	2	2	2	0.5	0.8312	0.8413	0	4	3	3	2	2	2
DN_NC_073227.2_8907801_4	DN_NC_073244.2_29680825_2	4	2	2	0	0	0	0.0	0.0	0.0	0	2	2	0	0	0	0
DN_NC_073227.2_8907801_4	DN_NC_073244.2_29970261_4	4	4	4	2	2	2	0.5	0.8193	0.8492	0	3	2	2	2	2	1
DN_NC_073227.2_8907801_4	DN_NC_073244.2_30067652_4	4	4	4	2	2	2	0.5	0.8009	0.8333	0	4	4	2	2	2	1
DN_NC_073227.2_8907801_4	DN_NC_073244.2_30090650_6	4	6	4	2	2	2	0.5	0.747	0.7684	0	4	2	2	2	1	0
DN_NC_073227.2_8907801_4	DN_NC_073244.2_30438340_4	4	4	4	2	2	2	0.5	0.8259	0.8413	0	4	4	3	2	2	2
DN_NC_073227.2_8907801_4	DN_NC_073244.2_64340366_4	4	4	4	1	1	1	0.25	0.8571	0.8571	1	4	2	1	1	1	1
DN_NC_073227.2_8907801_4	DN_NC_073244.2_64400145_5	4	5	4	1	1	1	0.25	0.8175	0.8175	1	3	2	1	1	1	1
DN_NC_073227.2_8907801_4	DN_NC_073244.2_64426370_6	4	6	4	1	1	1	0.25	0.7937	0.7937	1	3	1	1	1	1	0
DN_NC_073227.2_8907801_4	DN_NC_073244.2_64585864_4	4	4	4	1	1	1	0.25	0.8333	0.8333	1	2	2	1	1	1	1
DN_NC_073227.2_8907801_4	DN_NC_073244.2_65046428_2	4	4	4	1	1	1	0.25	0.8667	0.8667	1	1	1	1	1	1	1
DN_NC_073227.2_8907801_4	DN_NC_073244.2_65266359_4	4	4	4	1	1	1	0.25	0.8333	0.8333	1	2	1	1	1	1	1
DN_NC_073227.2_9009655_3	DN_NC_073244.2_26666712_5	3	5	3	1	1	1	0.3333	0.8095	0.8095	1	2	2	1	1	1	1
DN_NC_073227.2_9009655_3	DN_NC_073244.2_29297022_4	3	4	3	1	1	1	0.3333	0.8492	0.8492	1	3	3	2	1	1	1
DN_NC_073227.2_9009655_3	DN_NC_073244.2_29557605_4	3	4	3	1	1	1	0.3333	0.8571	0.8571	1	2	2	1	1	1	1
DN_NC_073227.2_9009655_3	DN_NC_073244.2_64125568_5	3	5	3	1	1	1	0.3333	0.8413	0.8413	1	3	2	1	1	1	1
DN_NC_073227.2_9009655_3	DN_NC_073244.2_64368633_7	3	7	3	1	1	1	0.3333	0.8492	0.8492	1	3	1	1	1	1	1
DN_NC_073227.2_9009655_3	DN_NC_073244.2_64500861_5	3	5	3	1	1	1	0.3333	0.7778	0.7778	1	2	1	1	1	1	0
DN_NC_073227.2_9009655_3	DN_NC_073244.2_64836827_4	3	4	3	1	1	1	0.3333	0.8254	0.8254	1	3	1	1	1	1	1
DN_NC_073227.2_9009655_3	DN_NC_073244.2_65003440_7	3	7	3	1	1	1	0.3333	0.8254	0.8254	1	2	1	1	1	1	1
DN_NC_073227.2_9009655_3	DN_NC_073244.2_65046428_4	3	3	3	1	1	1	0.3333	0.8583	0.8583	1	2	1	1	1	1	1
DN_NC_073227.2_9009655_3	DN_NC_073244.2_65293743_4	3	4	3	1	1	1	0.3333	0.8333	0.8333	1	2	2	1	1	1	1
DN_NC_073227.2_9009655_3	DN_NC_073246.2_15789285_3	3	3	3	2	2	2	0.6667	0.85	0.9683	0	3	2	2	2	1	1
DN_NC_073227.2_9009888_2	DN_NC_073230.2_73977205_4	2	4	2	0	0	0	0.0	0.0	0.0	0	2	2	0	0	0	0
DN_NC_073227.2_9009888_2	DN_NC_073230.2_74190289_5	2	5	2	0	0	0	0.0	0.0	0.0	0	2	1	1	0	0	0
DN_NC_073227.2_9009888_2	DN_NC_073242.2_37386128_4	2	4	2	0	0	0	0.0	0.0	0.0	0	2	2	0	0	0	0
DN_NC_073227.2_9009888_2	DN_NC_073242.2_66613619_4	2	4	2	0	0	0	0.0	0.0	0.0	0	2	2	1	0	0	0
DN_NC_073227.2_9009888_2	DN_NC_073244.2_26470366_4	2	4	2	0	0	0	0.0	0.0	0.0	0	2	2	1	0	0	0
DN_NC_073227.2_9009888_2	DN_NC_073244.2_27131194_2	2	2	2	0	0	0	0.0	0.0	0.0	0	2	2	0	0	0	0
DN_NC_073227.2_9009888_2	DN_NC_073244.2_27408454_4	2	4	2	0	0	0	0.0	0.0	0.0	0	2	2	1	0	0	0
DN_NC_073227.2_9009888_2	DN_NC_073244.2_28711447_2	2	2	2	1	1	1	0.5	0.711	0.711	1	2	2	1	1	0	0
DN_NC_073227.2_9009888_2	DN_NC_073244.2_29970261_4	2	4	2	0	0	0	0.0	0.0	0.0	0	1	1	1	0	0	0
DN_NC_073227.2_9009888_2	DN_NC_073244.2_30438340_4	2	4	2	0	0	0	0.0	0.0	0.0	0	2	2	1	0	0	0
DN_NC_073227.2_9010062_2	DN_NC_073230.2_73508332_4	2	4	2	0	0	0	0.0	0.0	0.0	0	2	0	0	0	0	0
DN_NC_073227.2_9010062_2	DN_NC_073230.2_73776646_4	2	4	2	0	0	0	0.0	0.0	0.0	0	2	0	0	0	0	0
DN_NC_073227.2_9010062_2	DN_NC_073230.2_74126483_4	2	4	2	1	1	1	0.5	0.7019	0.7019	1	1	1	1	1	0	0
DN_NC_073227.2_9010062_2	DN_NC_073230.2_74299233_4	2	4	2	0	0	0	0.0	0.0	0.0	0	2	1	0	0	0	0
DN_NC_073227.2_9010062_2	DN_NC_073230.2_74637814_2	2	2	2	0	0	0	0.0	0.0	0.0	0	2	1	1	0	0	0
DN_NC_073227.2_9010062_2	DN_NC_073233.2_9788172_5	2	5	2	0	0	0	0.0	0.0	0.0	0	2	1	0	0	0	0
DN_NC_073227.2_9010062_2	DN_NC_073241.2_36126183_3	2	3	2	0	0	0	0.0	0.0	0.0	0	1	0	0	0	0	0
DN_NC_073227.2_9010062_2	DN_NC_073244.2_26240035_4	2	4	2	0	0	0	0.0	0.0	0.0	0	2	1	0	0	0	0
DN_NC_073227.2_9010062_2	DN_NC_073244.2_26314241_4	2	4	2	0	0	0	0.0	0.0	0.0	0	2	1	0	0	0	0
DN_NC_073227.2_9010062_2	DN_NC_073244.2_26901109_4	2	4	2	0	0	0	0.0	0.0	0.0	0	2	1	1	0	0	0
DN_NC_073227.2_9010062_2	DN_NC_073244.2_27051998_4	2	4	2	0	0	0	0.0	0.0	0.0	0	2	1	1	0	0	0
DN_NC_073227.2_9010062_2	DN_NC_073244.2_27285351_4	2	4	2	0	0	0	0.0	0.0	0.0	0	2	1	0	0	0	0
DN_NC_073227.2_9010062_2	DN_NC_073244.2_27504818_5	2	5	2	0	0	0	0.0	0.0	0.0	0	2	1	1	0	0	0
DN_NC_073227.2_9010062_2	DN_NC_073244.2_27566430_5	2	5	2	1	1	1	0.5	0.7024	0.7024	1	2	1	1	1	0	0
DN_NC_073227.2_9010062_2	DN_NC_073244.2_27765726_4	2	4	2	0	0	0	0.0	0.0	0.0	0	1	0	0	0	0	0
DN_NC_073227.2_9010062_2	DN_NC_073244.2_27869273_3	2	3	2	1	1	1	0.5	0.7382	0.7382	1	2	1	1	1	0	0
DN_NC_073227.2_9010062_2	DN_NC_073244.2_27956158_4	2	4	2	1	1	1	0.5	0.702	0.702	1	2	1	1	1	0	0
DN_NC_073227.2_9010062_2	DN_NC_073244.2_28072858_4	2	4	2	0	0	0	0.0	0.0	0.0	0	2	1	0	0	0	0
DN_NC_073227.2_9010062_2	DN_NC_073244.2_28256975_5	2	5	2	0	0	0	0.0	0.0	0.0	0	2	1	0	0	0	0
DN_NC_073227.2_9010062_2	DN_NC_073244.2_28333451_4	2	4	2	0	0	0	0.0	0.0	0.0	0	2	1	1	0	0	0
DN_NC_073227.2_9010062_2	DN_NC_073244.2_28820229_4	2	4	2	0	0	0	0.0	0.0	0.0	0	2	1	1	0	0	0
DN_NC_073227.2_9010062_2	DN_NC_073244.2_29046961_4	2	4	2	0	0	0	0.0	0.0	0.0	0	2	1	0	0	0	0
DN_NC_073227.2_9010062_2	DN_NC_073244.2_29232445_4	2	4	2	0	0	0	0.0	0.0	0.0	0	1	0	0	0	0	0
DN_NC_073227.2_9010062_2	DN_NC_073244.2_29680825_2	2	2	2	0	0	0	0.0	0.0	0.0	0	2	1	1	0	0	0
DN_NC_073227.2_9010062_2	DN_NC_073244.2_30067652_4	2	4	2	0	0	0	0.0	0.0	0.0	0	2	1	0	0	0	0
DN_NC_073227.2_9010062_2	DN_NC_073244.2_30090650_6	2	6	2	0	0	0	0.0	0.0	0.0	0	2	0	0	0	0	0
DN_NC_073227.2_9010062_2	DN_NC_073244.2_64759228_5	2	5	2	0	0	0	0.0	0.0	0.0	0	2	1	0	0	0	0
DN_NC_073227.2_9010062_2	DN_NC_073244.2_64797239_5	2	5	2	0	0	0	0.0	0.0	0.0	0	2	0	0	0	0	0
DN_NC_073227.2_9010062_2	DN_NC_073244.2_65266359_4	2	4	2	0	0	0	0.0	0.0	0.0	0	2	2	0	0	0	0
DN_NC_073227.2_9010062_2	DN_NC_073244.2_65398487_4	2	4	2	0	0	0	0.0	0.0	0.0	0	2	1	0	0	0	0
DN_NC_073227.2_9231816_7	DN_NC_073227.2_9238554_4	7	4	4	0	0	0	0.0	0.0	0.0	0	2	0	0	0	0	0
DN_NC_073227.2_93560991_18	DN_NC_073240.2_34703303_6	18	6	6	1	1	1	0.1667	0.8208	0.8208	1	5	1	1	1	1	1
DN_NC_073227.2_94411155_8	DN_NC_073236.2_65566893_8	8	8	8	4	4	4	0.5	0.7447	0.7664	0	7	6	4	4	3	0
DN_NC_073227.2_94499432_2	DN_NC_073236.2_115828789_3	2	3	2	0	0	0	0.0	0.0	0.0	0	2	1	0	0	0	0
DN_NC_073227.2_94499432_2	DN_NC_073237.2_89465596_2	2	2	2	0	0	0	0.0	0.0	0.0	0	2	1	0	0	0	0
DN_NC_073227.2_94499432_2	DN_NC_073240.2_44461085_2	2	2	2	1	1	1	0.5	0.7991	0.7991	1	2	1	1	1	1	0
DN_NC_073227.2_96191422_22	DN_NC_073231.2_30601556_2	22	2	2	0	0	0	0.0	0.0	0.0	0	1	0	0	0	0	0
DN_NC_073227.2_97044821_2	DN_NC_073233.2_6765652_2	2	2	2	0	0	0	0.0	0.0	0.0	0	1	0	0	0	0	0
DN_NC_073227.2_97044821_2	DN_NC_073233.2_6771931_2	2	2	2	0	0	0	0.0	0.0	0.0	0	1	0	0	0	0	0
DN_NC_073227.2_9789563_10	DN_NC_073232.2_137259733_11	10	11	10	6	6	6	0.6	0.8072	0.8896	0	9	7	7	6	6	3
DN_NC_073227.2_99578163_2	DN_NC_073247.2_165620510_8	2	8	2	0	0	0	0.0	0.0	0.0	0	1	0	0	0	0	0
DN_NC_073228.2_103031498_31	DN_NC_073240.2_94115085_33	31	33	31	8	8	8	0.2581	0.7448	0.7805	0	27	24	19	8	5	0
DN_NC_073228.2_10434405_6	DN_NC_073230.2_12962256_6	6	6	6	4	4	4	0.6667	0.895	0.9247	0	6	4	4	4	4	4
DN_NC_073228.2_10434405_6	DN_NC_073232.2_101260375_9	6	9	6	3	3	3	0.5	0.7997	0.8359	0	3	3	3	3	2	2
DN_NC_073228.2_113136254_10	DN_NC_073247.2_80936309_3	10	3	3	0	0	0	0.0	0.0	0.0	0	2	1	0	0	0	0
DN_NC_073228.2_115483850_5	DN_NC_073228.2_115545008_4	5	4	4	1	1	1	0.25	0.7666	0.7666	1	3	1	1	1	1	0
DN_NC_073228.2_11820810_12	DN_NC_073243.2_22718660_11	12	11	11	0	0	0	0.0	0.0	0.0	0	5	3	1	0	0	0
DN_NC_073228.2_13195036_13	DN_NC_086018.1_35282535_13	13	13	13	6	6	6	0.4615	0.7654	0.8393	0	12	9	8	6	3	2
DN_NC_073228.2_13540554_8	DN_NC_073243.2_27192824_11	8	11	8	4	4	4	0.5	0.7585	0.7958	0	6	5	5	4	2	0
DN_NC_073228.2_136205303_10	DN_NC_073228.2_136280772_10	10	10	10	5	5	5	0.5	0.7878	0.9006	0	9	9	8	5	3	2
DN_NC_073228.2_138094944_7	DN_NC_073231.2_35021307_7	7	7	7	5	5	5	0.7143	0.8276	0.8612	0	5	5	5	5	5	4
DN_NC_073228.2_138307166_3	DN_NC_073239.2_90471291_2	3	2	2	0	0	0	0.0	0.0	0.0	0	0	0	0	0	0	0
DN_NC_073228.2_141706476_5	DN_NC_073235.2_50441116_14	5	14	5	0	0	0	0.0	0.0	0.0	0	4	0	0	0	0	0
DN_NC_073228.2_141706476_5	DN_NC_073238.2_33197456_2	5	2	2	0	0	0	0.0	0.0	0.0	0	2	1	0	0	0	0
DN_NC_073228.2_141706476_5	DN_NC_073242.2_7013229_2	5	2	2	0	0	0	0.0	0.0	0.0	0	2	0	0	0	0	0
DN_NC_073228.2_142333279_8	DN_NC_073236.2_53486662_7	8	7	7	3	3	3	0.4286	0.7764	0.8194	0	6	6	3	3	2	1
DN_NC_073228.2_144488767_12	DN_NC_073228.2_144494736_3	12	3	3	0	0	0	0.0	0.0	0.0	0	2	0	0	0	0	0
DN_NC_073228.2_144514226_7	DN_NC_073228.2_144520267_4	7	4	4	0	0	0	0.0	0.0	0.0	0	1	0	0	0	0	0
DN_NC_073228.2_144514226_7	DN_NC_073234.2_45319542_4	7	4	4	0	0	0	0.0	0.0	0.0	0	2	0	0	0	0	0
DN_NC_073228.2_144523376_13	DN_NC_073228.2_144540580_13	13	13	13	10	10	10	0.7692	0.8112	1.0	0	13	11	11	10	8	4
DN_NC_073228.2_144930567_2	DN_NC_073228.2_144957130_2	2	2	2	0	0	0	0.0	0.0	0.0	0	2	1	1	0	0	0
DN_NC_073228.2_144930567_2	DN_NC_073228.2_144970572_2	2	2	2	0	0	0	0.0	0.0	0.0	0	2	0	0	0	0	0
DN_NC_073228.2_144930567_2	DN_NC_073228.2_145022553_2	2	2	2	1	1	1	0.5	0.7618	0.7618	1	2	1	1	1	1	0
DN_NC_073228.2_144930638_2	DN_NC_073228.2_145079893_2	2	2	2	0	0	0	0.0	0.0	0.0	0	1	1	1	0	0	0
DN_NC_073228.2_144957130_2	DN_NC_073228.2_144970572_2	2	2	2	0	0	0	0.0	0.0	0.0	0	2	1	1	0	0	0
DN_NC_073228.2_144957130_2	DN_NC_073228.2_145022553_2	2	2	2	1	1	1	0.5	0.7278	0.7278	1	2	1	1	1	0	0
DN_NC_073228.2_144957130_2	DN_NC_073228.2_145079904_2	2	2	2	0	0	0	0.0	0.0	0.0	0	1	0	0	0	0	0
DN_NC_073228.2_144970572_2	DN_NC_073228.2_145022553_2	2	2	2	1	1	1	0.5	0.7256	0.7256	1	2	1	1	1	0	0
DN_NC_073228.2_144970572_2	DN_NC_073228.2_145079904_2	2	2	2	0	0	0	0.0	0.0	0.0	0	1	0	0	0	0	0
DN_NC_073228.2_145022553_2	DN_NC_073228.2_145079904_2	2	2	2	0	0	0	0.0	0.0	0.0	0	1	0	0	0	0	0
DN_NC_073228.2_145157318_2	DN_NC_073228.2_145186024_2	2	2	2	1	1	1	0.5	0.7214	0.7214	1	1	1	1	1	0	0
DN_NC_073228.2_151255605_14	DN_NC_073231.2_30794526_14	14	14	14	9	9	9	0.6429	0.7629	0.8205	0	12	12	11	9	6	3
DN_NC_073228.2_154339565_7	DN_NC_073232.2_41941662_15	7	15	7	3	3	3	0.4286	0.7846	0.8324	0	5	3	3	3	2	1
DN_NC_073228.2_154747841_5	DN_NC_073228.2_182334642_5	5	5	5	1	1	1	0.2	0.7698	0.7698	1	4	2	1	1	1	0
DN_NC_073228.2_154747841_5	DN_NC_073232.2_71973207_3	5	3	3	1	1	1	0.3333	0.8492	0.8492	1	2	1	1	1	1	1
DN_NC_073228.2_154747841_5	DN_NC_073234.2_148420424_5	5	5	5	1	1	1	0.2	0.8	0.8	1	3	1	1	1	1	1
DN_NC_073228.2_154747841_5	DN_NC_073234.2_148682020_7	5	7	5	1	1	1	0.2	0.754	0.754	1	4	1	1	1	1	0
DN_NC_073228.2_154747841_5	DN_NC_073237.2_109230975_4	5	4	4	0	0	0	0.0	0.0	0.0	0	3	0	0	0	0	0
DN_NC_073228.2_154747841_5	DN_NC_073237.2_23553596_5	5	5	5	1	1	1	0.2	0.8333	0.8413	1	4	2	1	1	1	1
DN_NC_073228.2_154747841_5	DN_NC_073237.2_93275727_4	5	4	4	1	1	1	0.25	0.8492	0.8492	1	3	1	1	1	1	1
DN_NC_073228.2_154747841_5	DN_NC_073244.2_47878793_6	5	6	5	1	1	1	0.2	0.7778	0.7857	1	5	2	1	1	1	0
DN_NC_073228.2_154747841_5	DN_NC_073244.2_48319142_5	5	5	5	1	1	1	0.2	0.8254	0.8254	1	3	1	1	1	1	1
DN_NC_073228.2_154747841_5	DN_NC_073244.2_48352926_4	5	4	4	1	1	1	0.25	0.8254	0.8254	1	3	1	1	1	1	1
DN_NC_073228.2_154747841_5	DN_NC_073244.2_48620420_5	5	5	5	0	0	0	0.0	0.0	0.0	0	4	2	1	0	0	0
DN_NC_073228.2_154747841_5	DN_NC_073244.2_48919547_6	5	6	5	1	1	1	0.2	0.7222	0.7222	1	4	2	2	1	0	0
DN_NC_073228.2_154747841_5	DN_NC_073244.2_63542066_5	5	5	5	1	1	1	0.2	0.7778	0.7857	1	3	1	1	1	1	0
DN_NC_073228.2_154747841_5	DN_NC_073244.2_63882905_5	5	5	5	1	1	1	0.2	0.7857	0.7857	1	3	2	1	1	1	0
DN_NC_073228.2_154747841_5	DN_NC_073244.2_63934684_6	5	6	5	1	1	1	0.2	0.7619	0.7698	1	3	2	1	1	1	0
DN_NC_073228.2_154747841_5	DN_NC_073244.2_63961971_6	5	6	5	1	1	1	0.2	0.7698	0.7698	1	4	1	1	1	1	0
DN_NC_073228.2_154747841_5	DN_NC_073244.2_70077616_7	5	7	5	1	1	1	0.2	0.7778	0.7778	1	4	1	1	1	1	0
DN_NC_073228.2_154747841_5	DN_NC_073247.2_56848572_6	5	6	5	1	1	1	0.2	0.8016	0.8016	1	4	2	1	1	1	1
DN_NC_073228.2_154747841_5	DN_NC_073247.2_56899135_7	5	7	5	1	1	1	0.2	0.8095	0.8095	1	3	2	2	1	1	1
DN_NC_073228.2_154747841_5	DN_NC_073247.2_57761829_5	5	5	5	1	1	1	0.2	0.8254	0.8254	1	3	1	1	1	1	1
DN_NC_073228.2_154747841_5	DN_NC_073247.2_58372296_6	5	5	5	1	1	1	0.2	0.8333	0.8333	1	4	2	2	1	1	1
DN_NC_073228.2_154747841_5	DN_NC_086017.1_85766278_5	5	5	5	1	1	1	0.2	0.7857	0.7857	1	4	2	1	1	1	0
DN_NC_073228.2_154780892_3	DN_NC_073244.2_48030811_4	3	4	3	0	0	0	0.0	0.0	0.0	0	3	0	0	0	0	0
DN_NC_073228.2_15481792_19	DN_NC_073235.2_144819821_8	19	8	8	4	4	4	0.5	0.8143	0.84	0	8	8	6	4	4	3
DN_NC_073228.2_15481792_19	DN_NC_073242.2_3677891_18	19	17	17	6	6	6	0.3529	0.7954	0.84	0	16	13	10	6	5	4
DN_NC_073228.2_155613898_3	DN_NC_073240.2_70293854_4	3	4	3	0	0	0	0.0	0.0	0.0	0	2	0	0	0	0	0
DN_NC_073228.2_156235200_4	DN_NC_073235.2_134247998_3	4	3	3	0	0	0	0.0	0.0	0.0	0	1	0	0	0	0	0
DN_NC_073228.2_157310163_16	DN_NC_073233.2_113496230_16	16	16	16	7	7	7	0.4375	0.7811	0.886	0	14	12	11	7	6	1
DN_NC_073228.2_161096696_31	DN_NC_073240.2_23877041_31	31	31	31	27	27	27	0.871	0.791	0.8508	0	28	28	28	27	23	11
DN_NC_073228.2_161454333_5	DN_NC_073234.2_17584207_9	5	9	5	0	0	0	0.0	0.0	0.0	0	3	0	0	0	0	0
DN_NC_073228.2_161454333_5	DN_NC_073247.2_105439613_2	5	2	2	0	0	0	0.0	0.0	0.0	0	2	0	0	0	0	0
DN_NC_073228.2_16703728_6	DN_NC_073228.2_16706128_5	6	5	5	0	0	0	0.0	0.0	0.0	0	3	0	0	0	0	0
DN_NC_073228.2_16713346_17	DN_NC_086018.1_35611817_17	17	17	17	5	5	5	0.2941	0.7669	0.8533	0	14	12	9	5	2	1
DN_NC_073228.2_174193084_4	DN_NC_086017.1_50362387_6	4	6	4	0	0	0	0.0	0.0	0.0	0	4	0	0	0	0	0
DN_NC_073228.2_174681363_28	DN_NC_073231.2_26115616_28	28	28	28	6	6	6	0.2143	0.7247	0.7609	0	27	24	18	6	1	0
DN_NC_073228.2_175667319_12	DN_NC_073232.2_113619502_15	12	15	12	9	9	9	0.75	0.7562	0.8364	0	12	10	10	9	4	1
DN_NC_073228.2_176576489_4	DN_NC_073231.2_33560018_4	4	4	4	1	1	1	0.25	0.7991	0.7991	1	3	2	1	1	1	0
DN_NC_073228.2_177718215_8	DN_NC_073232.2_104390833_9	8	9	8	5	5	5	0.625	0.7907	0.8305	0	6	6	5	5	4	2
DN_NC_073228.2_179795915_6	DN_NC_073228.2_182778476_6	6	6	6	5	5	5	0.8333	0.9969	1.0	0	5	5	5	5	5	5
DN_NC_073228.2_179980536_5	DN_NC_073230.2_113873404_2	5	2	2	1	1	1	0.5	0.7335	0.7335	1	1	1	1	1	0	0
DN_NC_073228.2_179980536_5	DN_NC_073234.2_87500533_19	5	19	5	1	1	1	0.2	0.7585	0.7585	1	5	1	1	1	1	0
DN_NC_073228.2_179980536_5	DN_NC_073235.2_41950647_3	5	3	3	1	1	1	0.3333	0.7517	0.7517	1	2	1	1	1	1	0
DN_NC_073228.2_179980536_5	DN_NC_073237.2_91001440_7	5	7	5	0	0	0	0.0	0.0	0.0	0	4	1	1	0	0	0
DN_NC_073228.2_179980536_5	DN_NC_073239.2_28798849_2	5	2	2	0	0	0	0.0	0.0	0.0	0	1	0	0	0	0	0
DN_NC_073228.2_179980536_5	DN_NC_086017.1_125108432_2	5	2	2	0	0	0	0.0	0.0	0.0	0	1	0	0	0	0	0
DN_NC_073228.2_180865938_18	DN_NC_073231.2_83007056_9	18	9	9	6	6	6	0.6667	0.7827	0.8714	0	8	7	7	6	5	2
DN_NC_073228.2_181756447_11	DN_NC_073228.2_181772207_4	11	4	4	1	1	1	0.25	0.7183	0.7183	1	4	1	1	1	0	0
DN_NC_073228.2_182227322_13	DN_NC_073235.2_103471173_13	13	13	13	9	9	9	0.6923	0.807	0.9333	0	12	11	10	9	8	6
DN_NC_073228.2_182334642_5	DN_NC_073228.2_182827930_5	5	5	5	3	3	3	0.6	0.9495	0.988	0	3	3	3	3	3	3
DN_NC_073228.2_182334642_5	DN_NC_073228.2_83513581_6	5	6	5	1	1	1	0.2	0.7063	0.7143	1	4	3	1	1	0	0
DN_NC_073228.2_182334642_5	DN_NC_073228.2_83600319_6	5	6	5	0	0	0	0.0	0.0	0.0	0	3	1	1	0	0	0
DN_NC_073228.2_182334642_5	DN_NC_073232.2_72820474_5	5	5	5	1	1	1	0.2	0.7143	0.7143	1	3	2	1	1	0	0
DN_NC_073228.2_182334642_5	DN_NC_073232.2_80964961_8	5	8	5	1	1	1	0.2	0.7143	0.7222	1	4	2	1	1	0	0
DN_NC_073228.2_182334642_5	DN_NC_073232.2_81033881_5	5	5	5	1	1	1	0.2	0.7143	0.7143	1	3	2	1	1	0	0
DN_NC_073228.2_182334642_5	DN_NC_073234.2_148537990_5	5	5	5	1	1	1	0.2	0.7063	0.7063	1	3	3	2	1	0	0
DN_NC_073228.2_182334642_5	DN_NC_073237.2_109279481_4	5	4	4	1	1	1	0.25	0.7654	0.7654	1	4	3	1	1	1	0
DN_NC_073228.2_182334642_5	DN_NC_073237.2_23553596_5	5	5	5	1	1	1	0.2	0.7222	0.7302	1	4	3	1	1	0	0
DN_NC_073228.2_182334642_5	DN_NC_073244.2_47706460_3	5	3	3	0	0	0	0.0	0.0	0.0	0	1	0	0	0	0	0
DN_NC_073228.2_182334642_5	DN_NC_073244.2_48093173_7	5	7	5	1	1	1	0.2	0.746	0.754	1	5	3	2	1	1	0
DN_NC_073228.2_182334642_5	DN_NC_073244.2_48319142_5	5	5	5	1	1	1	0.2	0.754	0.7619	1	3	1	1	1	1	0
DN_NC_073228.2_182334642_5	DN_NC_073244.2_48352926_4	5	4	4	1	1	1	0.25	0.746	0.754	1	3	1	1	1	1	0
DN_NC_073228.2_182334642_5	DN_NC_073244.2_48660338_4	5	4	4	0	0	0	0.0	0.0	0.0	0	2	2	0	0	0	0
DN_NC_073228.2_182334642_5	DN_NC_073244.2_48919547_6	5	6	5	1	1	1	0.2	0.7143	0.7222	1	4	3	2	1	0	0
DN_NC_073228.2_182334642_5	DN_NC_073244.2_63542066_5	5	5	5	1	1	1	0.2	0.746	0.754	1	4	2	1	1	1	0
DN_NC_073228.2_182334642_5	DN_NC_073244.2_70077616_7	5	7	5	1	1	1	0.2	0.754	0.754	1	5	4	2	1	1	0
DN_NC_073228.2_182334642_5	DN_NC_073247.2_57840463_5	5	5	5	1	1	1	0.2	0.746	0.746	1	3	2	1	1	0	0
DN_NC_073228.2_182334642_5	DN_NC_086017.1_54629198_3	5	3	3	0	0	0	0.0	0.0	0.0	0	2	0	0	0	0	0
DN_NC_073228.2_182473921_9	DN_NC_073228.2_182638384_11	9	11	9	6	6	6	0.6667	0.989	0.9947	0	7	6	6	6	6	6
DN_NC_073228.2_182473921_9	DN_NC_073241.2_37141428_27	9	27	9	5	5	5	0.5556	0.7927	0.8235	0	7	5	5	5	5	2
DN_NC_073228.2_182513643_26	DN_NC_073228.2_182587557_24	26	25	25	19	19	19	0.76	0.9837	0.9941	0	19	19	19	19	19	19
DN_NC_073228.2_182827930_5	DN_NC_073228.2_83513581_6	5	6	5	1	1	1	0.2	0.7143	0.7143	1	4	2	1	1	0	0
DN_NC_073228.2_182827930_5	DN_NC_073232.2_72820474_5	5	5	5	1	1	1	0.2	0.7222	0.7222	1	5	2	1	1	0	0
DN_NC_073228.2_182827930_5	DN_NC_073232.2_81033881_5	5	5	5	1	1	1	0.2	0.7143	0.7143	1	4	2	2	1	0	0
DN_NC_073228.2_182827930_5	DN_NC_073237.2_109230975_4	5	4	4	0	0	0	0.0	0.0	0.0	0	2	0	0	0	0	0
DN_NC_073228.2_182827930_5	DN_NC_073237.2_109279481_4	5	4	4	1	1	1	0.25	0.7531	0.7531	1	3	2	1	1	1	0
DN_NC_073228.2_182827930_5	DN_NC_073244.2_47706466_2	5	2	2	0	0	0	0.0	0.0	0.0	0	2	0	0	0	0	0
DN_NC_073228.2_182827930_5	DN_NC_073244.2_48093173_7	5	7	5	1	1	1	0.2	0.754	0.754	1	5	2	2	1	1	0
DN_NC_073228.2_182827930_5	DN_NC_073244.2_48319142_5	5	5	5	1	1	1	0.2	0.754	0.7619	1	4	1	1	1	1	0
DN_NC_073228.2_182827930_5	DN_NC_073244.2_48352926_4	5	4	4	1	1	1	0.25	0.746	0.754	1	2	1	1	1	1	0
DN_NC_073228.2_182827930_5	DN_NC_073244.2_48620420_5	5	5	5	0	0	0	0.0	0.0	0.0	0	3	3	2	0	0	0
DN_NC_073228.2_182827930_5	DN_NC_086017.1_85766278_5	5	5	5	1	1	1	0.2	0.746	0.746	1	5	2	1	1	0	0
DN_NC_073228.2_182864372_4	DN_NC_073228.2_182994030_5	4	5	4	1	1	1	0.25	0.754	0.754	1	4	2	1	1	1	0
DN_NC_073228.2_182864372_4	DN_NC_073229.2_44967262_5	4	5	4	0	0	0	0.0	0.0	0.0	0	3	1	0	0	0	0
DN_NC_073228.2_182864372_4	DN_NC_073229.2_45005781_3	4	3	3	0	0	0	0.0	0.0	0.0	0	2	0	0	0	0	0
DN_NC_073228.2_182864372_4	DN_NC_073232.2_71834982_5	4	5	4	0	0	0	0.0	0.0	0.0	0	3	1	1	0	0	0
DN_NC_073228.2_182864372_4	DN_NC_073236.2_32302189_6	4	6	4	0	0	0	0.0	0.0	0.0	0	3	1	1	0	0	0
DN_NC_073228.2_182864372_4	DN_NC_073242.2_97765438_4	4	4	4	1	1	1	0.25	0.7222	0.7222	1	2	1	1	1	0	0
DN_NC_073228.2_182864372_4	DN_NC_073244.2_8594978_5	4	5	4	1	1	1	0.25	0.746	0.746	1	2	1	1	1	0	0
DN_NC_073228.2_182864372_4	DN_NC_086017.1_50431420_5	4	5	4	0	0	0	0.0	0.0	0.0	0	3	1	1	0	0	0
DN_NC_073228.2_182864372_4	DN_NC_086017.1_54583506_2	4	2	2	0	0	0	0.0	0.0	0.0	0	2	0	0	0	0	0
DN_NC_073228.2_182909765_5	DN_NC_073229.2_45067329_6	5	6	5	1	1	1	0.2	0.7222	0.7302	1	4	2	1	1	0	0
DN_NC_073228.2_182909765_5	DN_NC_073237.2_30220066_5	5	5	5	1	1	1	0.2	0.7778	0.7778	1	3	1	1	1	1	0
DN_NC_073228.2_182909765_5	DN_NC_073243.2_20204464_2	5	2	2	0	0	0	0.0	0.0	0.0	0	1	0	0	0	0	0
DN_NC_073228.2_182909765_5	DN_NC_073244.2_15453865_9	5	9	5	0	0	0	0.0	0.0	0.0	0	4	1	1	0	0	0
DN_NC_073228.2_182909765_5	DN_NC_073244.2_15508499_10	5	10	5	1	1	1	0.2	0.7063	0.7222	1	4	1	1	1	0	0
DN_NC_073228.2_182909765_5	DN_NC_073244.2_45985550_6	5	6	5	1	1	1	0.2	0.7778	0.7778	1	5	1	1	1	1	0
DN_NC_073228.2_182909765_5	DN_NC_073244.2_47997304_5	5	5	5	1	1	1	0.2	0.748	0.748	1	3	2	1	1	0	0
DN_NC_073228.2_182909765_5	DN_NC_073244.2_48066692_6	5	6	5	0	0	0	0.0	0.0	0.0	0	3	1	1	0	0	0
DN_NC_073228.2_182909765_5	DN_NC_073244.2_48384768_7	5	7	5	1	1	1	0.2	0.754	0.754	1	4	2	1	1	1	0
DN_NC_073228.2_182909765_5	DN_NC_073244.2_48980018_5	5	5	5	1	1	1	0.2	0.7143	0.7143	1	4	3	1	1	0	0
DN_NC_073228.2_182909765_5	DN_NC_073244.2_49176797_4	5	4	4	0	0	0	0.0	0.0	0.0	0	3	0	0	0	0	0
DN_NC_073228.2_182909765_5	DN_NC_073244.2_49246931_6	5	6	5	1	1	1	0.2	0.7619	0.7619	1	3	1	1	1	1	0
DN_NC_073228.2_182909765_5	DN_NC_073244.2_51749194_6	5	6	5	1	1	1	0.2	0.7619	0.7619	1	3	2	1	1	1	0
DN_NC_073228.2_182909765_5	DN_NC_073244.2_51825388_5	5	5	5	1	1	1	0.2	0.7937	0.7937	1	2	1	1	1	1	0
DN_NC_073228.2_182909765_5	DN_NC_073244.2_65102393_4	5	4	4	1	1	1	0.25	0.7619	0.7619	1	2	2	1	1	1	0
DN_NC_073228.2_182909765_5	DN_NC_073244.2_65470296_6	5	6	5	1	1	1	0.2	0.7778	0.7778	1	4	1	1	1	1	0
DN_NC_073228.2_182909765_5	DN_NC_073244.2_68491976_5	5	5	5	1	1	1	0.2	0.7698	0.7698	1	4	1	1	1	1	0
DN_NC_073228.2_182994030_5	DN_NC_073229.2_44967262_5	5	5	5	0	0	0	0.0	0.0	0.0	0	3	1	0	0	0	0
DN_NC_073228.2_182994030_5	DN_NC_073232.2_71834982_5	5	5	5	1	1	1	0.2	0.7381	0.7381	1	4	2	2	1	0	0
DN_NC_073228.2_182994030_5	DN_NC_073236.2_32278873_5	5	5	5	0	0	0	0.0	0.0	0.0	0	4	1	1	0	0	0
DN_NC_073228.2_182994030_5	DN_NC_073236.2_32302189_6	5	6	5	1	1	1	0.2	0.7143	0.7222	1	4	2	2	1	0	0
DN_NC_073228.2_182994030_5	DN_NC_073244.2_20723155_12	5	12	5	1	1	1	0.2	0.7302	0.7302	1	5	2	1	1	0	0
DN_NC_073228.2_182994030_5	DN_NC_073244.2_45796040_6	5	6	5	0	0	0	0.0	0.0	0.0	0	4	2	1	0	0	0
DN_NC_073228.2_182994030_5	DN_NC_073244.2_8594978_5	5	5	5	1	1	1	0.2	0.746	0.746	1	3	1	1	1	0	0
DN_NC_073228.2_183595646_14	DN_NC_073232.2_72046295_2	14	2	2	0	0	0	0.0	0.0	0.0	0	1	0	0	0	0	0
DN_NC_073228.2_183595646_14	DN_NC_073247.2_113184615_2	14	2	2	0	0	0	0.0	0.0	0.0	0	1	0	0	0	0	0
DN_NC_073228.2_183658467_2	DN_NC_073247.2_162650382_5	2	5	2	0	0	0	0.0	0.0	0.0	0	1	0	0	0	0	0
DN_NC_073228.2_183798210_8	DN_NC_073228.2_183812935_7	8	7	7	0	0	0	0.0	0.0	0.0	0	3	0	0	0	0	0
DN_NC_073228.2_184836165_2	DN_NC_086017.1_54487757_3	2	3	2	0	0	0	0.0	0.0	0.0	0	2	0	0	0	0	0
DN_NC_073228.2_184836166_2	DN_NC_073240.2_85898394_3	2	3	2	0	0	0	0.0	0.0	0.0	0	1	0	0	0	0	0
DN_NC_073228.2_184836166_2	DN_NC_073242.2_119807836_6	2	6	2	0	0	0	0.0	0.0	0.0	0	2	0	0	0	0	0
DN_NC_073228.2_184836166_2	DN_NC_073243.2_20324218_2	2	2	2	0	0	0	0.0	0.0	0.0	0	1	0	0	0	0	0
DN_NC_073228.2_184836166_2	DN_NC_073244.2_15324693_6	2	6	2	0	0	0	0.0	0.0	0.0	0	2	0	0	0	0	0
DN_NC_073228.2_184836166_2	DN_NC_086017.1_54457640_6	2	6	2	0	0	0	0.0	0.0	0.0	0	2	0	0	0	0	0
DN_NC_073228.2_184836166_2	DN_NC_086017.1_54527845_6	2	6	2	0	0	0	0.0	0.0	0.0	0	2	0	0	0	0	0
DN_NC_073228.2_185199640_2	DN_NC_073242.2_106088342_11	2	11	2	0	0	0	0.0	0.0	0.0	0	2	0	0	0	0	0
DN_NC_073228.2_185199640_2	DN_NC_073243.2_49037226_3	2	3	2	0	0	0	0.0	0.0	0.0	0	1	0	0	0	0	0
DN_NC_073228.2_18740149_2	DN_NC_073228.2_18761647_14	2	14	2	0	0	0	0.0	0.0	0.0	0	2	1	1	0	0	0
DN_NC_073228.2_18779384_3	DN_NC_073228.2_18798859_2	3	2	2	0	0	0	0.0	0.0	0.0	0	1	1	1	0	0	0
DN_NC_073228.2_22763468_38	DN_NC_073228.2_22930246_39	38	39	38	25	25	25	0.6579	0.7773	0.9362	0	36	34	31	25	19	8
DN_NC_073228.2_22763468_38	DN_NC_073228.2_23038330_39	38	39	38	26	26	26	0.6842	0.7776	0.9043	0	35	33	30	26	17	7
DN_NC_073228.2_22930246_39	DN_NC_073228.2_23038330_39	39	39	39	32	32	32	0.8205	0.8201	0.9786	0	38	37	34	32	27	18
DN_NC_073228.2_23742950_7	DN_NC_073228.2_27022347_6	7	6	6	4	4	4	0.6667	0.9322	0.9766	0	4	4	4	4	4	4
DN_NC_073228.2_27148471_4	DN_NC_073228.2_45710800_6	4	6	4	3	3	3	0.75	0.8923	0.9388	0	3	3	3	3	3	3
DN_NC_073228.2_27148471_4	DN_NC_073228.2_45948292_6	4	6	4	4	4	4	1.0	0.9145	0.9495	0	4	4	4	4	4	4
DN_NC_073228.2_27169290_8	DN_NC_073228.2_45974488_9	8	9	8	5	5	5	0.625	0.9742	1.0	0	5	5	5	5	5	5
DN_NC_073228.2_27169290_8	DN_NC_073228.2_46778774_7	8	7	7	4	4	4	0.5714	0.9737	1.0	0	4	4	4	4	4	4
DN_NC_073228.2_28222257_21	DN_NC_073228.2_28230327_9	21	9	9	1	1	1	0.1111	1.0	1.0	1	7	1	1	1	1	1
DN_NC_073228.2_28439701_5	DN_NC_073236.2_69434930_3	5	3	3	0	0	0	0.0	0.0	0.0	0	2	0	0	0	0	0
DN_NC_073228.2_29619142_9	DN_NC_073230.2_137552467_7	9	7	7	6	6	6	0.8571	0.9734	0.9833	0	6	6	6	6	6	6
DN_NC_073228.2_30586164_7	DN_NC_073234.2_130067111_7	7	7	7	3	3	3	0.4286	0.7831	0.8014	0	6	4	3	3	3	1
DN_NC_073228.2_31824273_3	DN_NC_073228.2_79859997_3	3	3	3	3	3	3	1.0	0.9424	0.9578	0	3	3	3	3	3	3
DN_NC_073228.2_31824273_3	DN_NC_073228.2_83368453_5	3	5	3	3	3	3	1.0	0.9281	0.9343	0	3	3	3	3	3	3
DN_NC_073228.2_32366054_32	DN_NC_086018.1_16610610_33	32	33	32	28	28	28	0.875	0.7539	0.8069	0	30	30	29	28	14	1
DN_NC_073228.2_33351152_31	DN_NC_073236.2_29195344_14	31	14	14	8	8	8	0.5714	0.9749	0.9888	0	10	8	8	8	8	8
DN_NC_073228.2_33351168_2	DN_NC_073247.2_81944671_6	2	6	2	0	0	0	0.0	0.0	0.0	0	1	0	0	0	0	0
DN_NC_073228.2_33518400_11	DN_NC_086018.1_17151658_12	11	12	11	8	8	8	0.7273	0.7857	0.8582	0	9	9	9	8	7	2
DN_NC_073228.2_37084614_4	DN_NC_073228.2_37089052_16	4	16	4	0	0	0	0.0	0.0	0.0	0	3	1	1	0	0	0
DN_NC_073228.2_41229799_2	DN_NC_073242.2_4252822_2	2	2	2	0	0	0	0.0	0.0	0.0	0	2	1	1	0	0	0
DN_NC_073228.2_41871026_51	DN_NC_073230.2_94413807_52	51	52	51	14	14	19	0.3725	0.7386	0.7955	0	27	26	21	14	4	0
DN_NC_073228.2_41871026_51	DN_NC_073234.2_53272916_54	51	54	51	31	31	38	0.7451	0.7548	0.8679	0	38	38	37	31	15	4
DN_NC_073228.2_41871026_51	DN_NC_073235.2_91416644_51	51	51	51	10	11	19	0.3725	0.7342	0.8113	0	27	26	24	10	4	1
DN_NC_073228.2_45686814_4	DN_NC_073228.2_45710800_6	4	6	4	0	0	0	0.0	0.0	0.0	0	2	1	0	0	0	0
DN_NC_073228.2_45686814_4	DN_NC_073228.2_45948292_6	4	6	4	1	1	1	0.25	0.7017	0.7017	1	3	1	1	1	0	0
DN_NC_073228.2_45710800_6	DN_NC_073228.2_45948292_6	6	6	6	4	4	4	0.6667	0.9739	0.9943	0	5	4	4	4	4	4
DN_NC_073228.2_45710800_6	DN_NC_073228.2_46729356_10	6	10	6	0	0	0	0.0	0.0	0.0	0	4	1	0	0	0	0
DN_NC_073228.2_45974488_9	DN_NC_073228.2_46778774_7	9	7	7	7	7	7	1.0	0.9993	1.0	0	7	7	7	7	7	7
DN_NC_073228.2_46729356_10	DN_NC_073228.2_60914130_12	10	12	10	7	7	7	0.7	0.917	0.9718	0	9	8	7	7	7	7
DN_NC_073228.2_46729356_10	DN_NC_073228.2_62340772_5	10	5	5	3	3	3	0.6	0.9161	0.9718	0	5	4	4	3	3	3
DN_NC_073228.2_47938018_2	DN_NC_073240.2_43072375_7	2	7	2	0	0	0	0.0	0.0	0.0	0	1	0	0	0	0	0
DN_NC_073228.2_49477319_5	DN_NC_073228.2_61034643_7	5	7	5	0	0	0	0.0	0.0	0.0	0	1	0	0	0	0	0
DN_NC_073228.2_49804904_11	DN_NC_073228.2_49856055_11	11	11	11	10	10	10	0.9091	0.9256	1.0	0	10	10	10	10	9	9
DN_NC_073228.2_50347799_18	DN_NC_086017.1_29881584_18	18	18	18	9	9	9	0.5	0.7414	0.8016	0	15	15	13	9	4	1
DN_NC_073228.2_52119080_9	DN_NC_073234.2_48129944_8	9	8	8	6	6	6	0.75	0.8108	0.922	0	8	6	6	6	5	2
DN_NC_073228.2_52119080_9	DN_NC_086017.1_35250847_8	9	8	8	5	5	5	0.625	0.7741	0.7943	0	7	6	6	5	5	0
DN_NC_073228.2_53278878_13	DN_NC_073234.2_52495433_13	13	13	13	7	7	7	0.5385	0.7524	0.7931	0	12	10	9	7	3	0
DN_NC_073228.2_53674812_10	DN_NC_073234.2_43758373_10	10	10	10	4	4	4	0.4	0.7548	0.7767	0	9	8	6	4	2	0
DN_NC_073228.2_54243403_14	DN_NC_073228.2_56462402_14	14	14	14	14	14	14	1.0	0.9985	1.0	0	14	14	14	14	14	14
DN_NC_073228.2_54243403_14	DN_NC_073228.2_56531257_20	14	20	14	13	13	13	0.9286	0.9856	0.9978	0	14	13	13	13	13	13
DN_NC_073228.2_56462402_14	DN_NC_073228.2_56531257_20	14	20	14	13	13	13	0.9286	0.9873	0.9989	0	14	13	13	13	13	13
DN_NC_073228.2_57285795_22	DN_NC_086018.1_27357888_21	22	21	21	17	17	17	0.8095	0.7782	0.8522	0	19	18	18	17	11	4
DN_NC_073228.2_57477870_3	DN_NC_073228.2_57583458_4	3	4	3	0	0	0	0.0	0.0	0.0	0	2	0	0	0	0	0
DN_NC_073228.2_57567147_5	DN_NC_073228.2_57642308_6	5	6	5	4	4	4	0.8	0.8207	0.9461	0	5	4	4	4	3	2
DN_NC_073228.2_58045766_15	DN_NC_073230.2_64231587_14	15	14	14	12	12	12	0.8571	0.8072	0.8889	0	12	12	12	12	12	7
DN_NC_073228.2_58687413_3	DN_NC_073228.2_58745873_3	3	3	3	2	2	2	0.6667	0.7988	0.8112	0	3	2	2	2	2	1
DN_NC_073228.2_60766049_19	DN_NC_073238.2_32617313_2	19	2	2	0	0	0	0.0	0.0	0.0	0	1	0	0	0	0	0
DN_NC_073228.2_60914130_12	DN_NC_073228.2_62340772_5	12	5	5	3	3	3	0.6	0.9828	1.0	0	4	4	4	3	3	3
DN_NC_073228.2_62433488_6	DN_NC_073228.2_9345525_10	6	10	6	1	1	1	0.1667	0.9107	0.9107	1	4	1	1	1	1	1
DN_NC_073228.2_64369461_5	DN_NC_073231.2_4571400_3	5	3	3	0	0	0	0.0	0.0	0.0	0	2	0	0	0	0	0
DN_NC_073228.2_64369461_5	DN_NC_073244.2_6036407_2	5	2	2	0	0	0	0.0	0.0	0.0	0	1	0	0	0	0	0
DN_NC_073228.2_64684384_5	DN_NC_073228.2_64691860_6	5	6	5	1	1	1	0.2	1.0	1.0	1	3	1	1	1	1	1
DN_NC_073228.2_64755384_5	DN_NC_073228.2_64760968_3	5	3	3	0	0	0	0.0	0.0	0.0	0	1	0	0	0	0	0
DN_NC_073228.2_64771950_2	DN_NC_073234.2_48400691_7	2	7	2	0	0	0	0.0	0.0	0.0	0	1	0	0	0	0	0
DN_NC_073228.2_66328056_2	DN_NC_073228.2_70719297_2	2	2	2	1	1	1	0.5	0.9884	0.9884	1	1	1	1	1	1	1
DN_NC_073228.2_70438436_2	DN_NC_073228.2_83796015_2	2	2	2	1	1	1	0.5	0.9465	0.9465	1	1	1	1	1	1	1
DN_NC_073228.2_70438436_2	DN_NC_073234.2_140369418_2	2	2	2	0	0	0	0.0	0.0	0.0	0	0	0	0	0	0	0
DN_NC_073228.2_78724694_4	DN_NC_073228.2_79204251_5	4	5	4	3	3	3	0.75	0.9624	0.9778	0	3	3	3	3	3	3
DN_NC_073228.2_78872851_5	DN_NC_073245.2_35742393_2	5	2	2	1	1	1	0.5	0.9431	0.9431	1	2	1	1	1	1	1
DN_NC_073228.2_78872851_5	DN_NC_073245.2_35910982_4	5	4	4	2	2	2	0.5	0.9542	0.9718	0	4	2	2	2	2	2
DN_NC_073228.2_78970101_2	DN_NC_073242.2_68108553_2	2	2	2	2	2	2	1.0	0.9432	0.9472	0	2	2	2	2	2	2
DN_NC_073228.2_78970117_3	DN_NC_073242.2_66481481_2	3	2	2	2	2	2	1.0	0.9456	0.9556	0	2	2	2	2	2	2
DN_NC_073228.2_79859997_3	DN_NC_073228.2_83368453_5	3	5	3	3	3	3	1.0	0.9541	0.9891	0	3	3	3	3	3	3
DN_NC_073228.2_79926211_12	DN_NC_073228.2_83434996_12	12	12	12	11	11	11	0.9167	0.9915	1.0	0	11	11	11	11	11	11
DN_NC_073228.2_79926211_12	DN_NC_073238.2_29962908_11	12	11	11	3	3	3	0.2727	0.7758	0.8143	0	6	4	4	3	2	2
DN_NC_073228.2_81446275_7	DN_NC_073243.2_30823221_7	7	7	7	5	5	5	0.7143	0.9886	1.0	0	6	6	6	5	5	5
DN_NC_073228.2_81689164_6	DN_NC_073228.2_83259868_7	8	6	6	5	5	5	0.8333	0.9425	0.9934	0	5	5	5	5	5	5
DN_NC_073228.2_83513581_6	DN_NC_073228.2_83600319_6	6	6	6	1	1	1	0.1667	0.7143	0.7143	1	4	2	1	1	0	0
DN_NC_073228.2_83513581_6	DN_NC_073232.2_71973207_3	6	3	3	1	1	1	0.3333	0.7143	0.7143	1	2	1	1	1	0	0
DN_NC_073228.2_83513581_6	DN_NC_073232.2_72820474_5	6	5	5	1	1	1	0.2	0.7222	0.7222	1	4	2	1	1	0	0
DN_NC_073228.2_83513581_6	DN_NC_073232.2_80964961_8	6	8	6	1	1	1	0.1667	0.746	0.746	1	5	2	2	1	0	0
DN_NC_073228.2_83513581_6	DN_NC_073232.2_81033881_5	6	5	5	1	1	1	0.2	0.7143	0.7143	1	4	2	1	1	0	0
DN_NC_073228.2_83513581_6	DN_NC_073234.2_148420424_5	6	5	5	1	1	1	0.2	0.725	0.725	1	4	1	1	1	0	0
DN_NC_073228.2_83513581_6	DN_NC_073234.2_148682020_7	6	7	6	1	1	1	0.1667	0.7143	0.7143	1	4	1	1	1	0	0
DN_NC_073228.2_83513581_6	DN_NC_073237.2_109230975_4	6	4	4	0	0	0	0.0	0.0	0.0	0	4	0	0	0	0	0
DN_NC_073228.2_83513581_6	DN_NC_073237.2_109279481_4	6	4	4	1	1	1	0.25	0.716	0.716	1	4	2	1	1	0	0
DN_NC_073228.2_83513581_6	DN_NC_073237.2_23553596_5	6	5	5	0	0	0	0.0	0.0	0.0	0	5	2	1	0	0	0
DN_NC_073228.2_83513581_6	DN_NC_073237.2_89310571_5	6	5	5	0	0	0	0.0	0.0	0.0	0	5	1	1	0	0	0
DN_NC_073228.2_83513581_6	DN_NC_073244.2_47706460_3	6	3	3	0	0	0	0.0	0.0	0.0	0	2	0	0	0	0	0
DN_NC_073228.2_83513581_6	DN_NC_073244.2_48093173_7	6	7	6	1	1	1	0.1667	0.7381	0.7381	1	5	2	2	1	0	0
DN_NC_073228.2_83513581_6	DN_NC_073244.2_48319142_5	6	5	5	1	1	1	0.2	0.7302	0.7302	1	4	2	1	1	0	0
DN_NC_073228.2_83513581_6	DN_NC_073244.2_48352926_4	6	4	4	1	1	1	0.25	0.7143	0.7143	1	3	2	1	1	0	0
DN_NC_073228.2_83513581_6	DN_NC_073244.2_48620420_5	6	5	5	0	0	0	0.0	0.0	0.0	0	5	2	1	0	0	0
DN_NC_073228.2_83513581_6	DN_NC_073244.2_48660338_4	6	4	4	0	0	0	0.0	0.0	0.0	0	3	0	0	0	0	0
DN_NC_073228.2_83513581_6	DN_NC_073244.2_48919547_6	6	6	6	1	1	1	0.1667	0.7143	0.7143	1	4	3	1	1	0	0
DN_NC_073228.2_83513581_6	DN_NC_073244.2_63542066_5	6	5	5	0	0	0	0.0	0.0	0.0	0	3	1	1	0	0	0
DN_NC_073228.2_83513581_6	DN_NC_073244.2_63961971_6	6	6	6	1	1	1	0.1667	0.7222	0.7222	1	3	1	1	1	0	0
DN_NC_073228.2_83513581_6	DN_NC_073244.2_70077616_7	6	7	6	0	0	0	0.0	0.0	0.0	0	5	1	1	0	0	0
DN_NC_073228.2_83513581_6	DN_NC_073245.2_58728682_5	6	5	5	1	1	1	0.2	0.7063	0.7063	1	5	2	1	1	0	0
DN_NC_073228.2_83513581_6	DN_NC_073247.2_57761829_5	6	5	5	1	1	1	0.2	0.7381	0.7381	1	3	2	1	1	0	0
DN_NC_073228.2_83513581_6	DN_NC_073247.2_57840463_5	6	5	5	1	1	1	0.2	0.7143	0.7143	1	3	1	1	1	0	0
DN_NC_073228.2_83513581_6	DN_NC_073247.2_58372296_6	6	5	5	1	1	1	0.2	0.7222	0.7222	1	4	1	1	1	0	0
DN_NC_073228.2_83513581_6	DN_NC_086017.1_85766278_5	6	5	5	1	1	1	0.2	0.7143	0.7143	1	5	2	1	1	0	0
DN_NC_073228.2_83600319_6	DN_NC_073232.2_81033881_5	6	5	5	0	0	0	0.0	0.0	0.0	0	4	1	1	0	0	0
DN_NC_073228.2_83600319_6	DN_NC_073234.2_148420424_5	6	5	5	1	1	1	0.2	0.7	0.7	1	4	1	1	1	0	0
DN_NC_073228.2_83600319_6	DN_NC_073237.2_109230975_4	6	4	4	0	0	0	0.0	0.0	0.0	0	3	0	0	0	0	0
DN_NC_073228.2_83600319_6	DN_NC_073237.2_109279481_4	6	4	4	0	0	0	0.0	0.0	0.0	0	3	0	0	0	0	0
DN_NC_073228.2_83600319_6	DN_NC_073244.2_45737704_5	6	5	5	0	0	0	0.0	0.0	0.0	0	2	2	1	0	0	0
DN_NC_073228.2_83600319_6	DN_NC_073244.2_47878793_6	6	6	6	0	0	0	0.0	0.0	0.0	0	3	1	1	0	0	0
DN_NC_073228.2_83600319_6	DN_NC_073244.2_48093173_7	6	7	6	1	1	1	0.1667	0.7063	0.7063	1	5	1	1	1	0	0
DN_NC_073228.2_83600319_6	DN_NC_073244.2_48319142_5	6	5	5	0	0	0	0.0	0.0	0.0	0	2	0	0	0	0	0
DN_NC_073228.2_83600319_6	DN_NC_073244.2_48352926_4	6	4	4	0	0	0	0.0	0.0	0.0	0	1	1	0	0	0	0
DN_NC_073228.2_83600319_6	DN_NC_073244.2_48660338_4	6	4	4	0	0	0	0.0	0.0	0.0	0	3	1	0	0	0	0
DN_NC_073228.2_83600319_6	DN_NC_073244.2_48919547_6	6	6	6	0	0	0	0.0	0.0	0.0	0	5	1	1	0	0	0
DN_NC_073228.2_83600319_6	DN_NC_073244.2_55989141_5	6	5	5	0	0	0	0.0	0.0	0.0	0	4	1	0	0	0	0
DN_NC_073228.2_83600319_6	DN_NC_073244.2_63895938_6	6	6	6	0	0	0	0.0	0.0	0.0	0	5	1	1	0	0	0
DN_NC_073228.2_83600319_6	DN_NC_073244.2_70077616_7	6	7	6	0	0	0	0.0	0.0	0.0	0	5	1	1	0	0	0
DN_NC_073228.2_83600319_6	DN_NC_073245.2_58728682_5	6	5	5	0	0	0	0.0	0.0	0.0	0	4	2	0	0	0	0
DN_NC_073228.2_83600319_6	DN_NC_073247.2_57840463_5	6	5	5	0	0	0	0.0	0.0	0.0	0	3	1	0	0	0	0
DN_NC_073228.2_83600319_6	DN_NC_073247.2_58372296_6	6	5	5	0	0	0	0.0	0.0	0.0	0	3	1	1	0	0	0
DN_NC_073228.2_83600319_6	DN_NC_086017.1_54629198_3	6	3	3	0	0	0	0.0	0.0	0.0	0	2	0	0	0	0	0
DN_NC_073228.2_83600319_6	DN_NC_086017.1_85766278_5	6	5	5	0	0	0	0.0	0.0	0.0	0	4	0	0	0	0	0
DN_NC_073228.2_83796015_2	DN_NC_073234.2_140369418_3	2	3	2	1	1	1	0.5	0.8062	0.8062	1	1	1	1	1	1	1
DN_NC_073228.2_84714357_6	DN_NC_086017.1_104876268_2	6	2	2	1	1	1	0.5	0.7087	0.7087	1	2	1	1	1	0	0
DN_NC_073228.2_8941710_13	DN_NC_073228.2_9043620_39	13	39	13	1	1	1	0.0769	0.8468	0.8468	1	9	3	1	1	1	1
DN_NC_073228.2_91400267_25	DN_NC_073228.2_91522397_9	25	9	9	1	1	1	0.1111	1.0	1.0	1	6	2	1	1	1	1
DN_NC_073228.2_9291784_6	DN_NC_073242.2_4214750_6	6	6	6	5	5	5	0.8333	0.8071	0.9	0	6	5	5	5	4	3
DN_NC_073228.2_9291784_6	DN_NC_073247.2_115190067_8	6	8	6	0	0	0	0.0	0.0	0.0	0	4	0	0	0	0	0
DN_NC_073228.2_9720205_10	DN_NC_086018.1_36304756_7	10	7	7	4	4	4	0.5714	0.8263	0.886	0	5	4	4	4	4	3
DN_NC_073228.2_97705476_2	DN_NC_073240.2_97547891_3	2	3	2	1	1	1	0.5	0.8729	0.8729	1	2	1	1	1	1	1
DN_NC_073228.2_9959442_6	DN_NC_086018.1_35225663_7	6	7	6	4	4	4	0.6667	0.8546	0.9014	0	6	5	5	4	4	4
DN_NC_073229.2_107305414_13	DN_NC_073237.2_79912635_2	13	2	2	0	0	0	0.0	0.0	0.0	0	1	0	0	0	0	0
DN_NC_073229.2_107305414_13	DN_NC_073242.2_36567597_2	13	2	2	0	0	0	0.0	0.0	0.0	0	1	0	0	0	0	0
DN_NC_073229.2_113642543_16	DN_NC_073229.2_113787300_3	16	3	3	0	0	0	0.0	0.0	0.0	0	2	0	0	0	0	0
DN_NC_073229.2_135821332_11	DN_NC_073241.2_49527271_12	11	12	11	6	6	6	0.5455	0.7467	0.7651	0	10	9	8	6	3	0
DN_NC_073229.2_136502891_3	DN_NC_073229.2_136550623_3	3	3	3	3	3	3	1.0	1.0	1.0	0	3	3	3	3	3	3
DN_NC_073229.2_140139419_8	DN_NC_073234.2_17584207_9	8	9	8	0	0	0	0.0	0.0	0.0	0	3	0	0	0	0	0
DN_NC_073229.2_140449427_2	DN_NC_073229.2_140476081_2	2	2	2	0	0	0	0.0	0.0	0.0	0	1	1	0	0	0	0
DN_NC_073229.2_141117205_4	DN_NC_073237.2_129726988_8	4	8	4	0	0	0	0.0	0.0	0.0	0	2	0	0	0	0	0
DN_NC_073229.2_147682056_8	DN_NC_073244.2_19011585_2	8	2	2	0	0	0	0.0	0.0	0.0	0	1	0	0	0	0	0
DN_NC_073229.2_157439925_18	DN_NC_073231.2_49018603_18	18	18	18	6	6	6	0.3333	0.7807	0.8621	0	16	14	13	6	5	2
DN_NC_073229.2_174132332_5	DN_NC_073229.2_174168227_4	5	5	5	3	3	3	0.6	0.8673	0.879	0	3	3	3	3	3	3
DN_NC_073229.2_174132332_5	DN_NC_073229.2_174230881_5	5	5	5	3	3	3	0.6	0.7908	0.8203	0	5	5	5	3	3	1
DN_NC_073229.2_174168227_4	DN_NC_073229.2_174230881_5	5	5	5	3	3	3	0.6	0.7816	0.8906	0	4	4	3	3	1	1
DN_NC_073229.2_17702988_11	DN_NC_073234.2_15631092_11	11	11	11	10	10	10	0.9091	0.9887	1.0	0	10	10	10	10	10	10
DN_NC_073229.2_17702988_11	DN_NC_086017.1_9790451_11	11	11	11	9	9	9	0.8182	0.9903	1.0	0	11	9	9	9	9	9
DN_NC_073229.2_182999268_13	DN_NC_073233.2_118106361_14	13	14	13	6	6	6	0.4615	0.7859	0.8333	0	13	9	8	6	4	4
DN_NC_073229.2_182999268_13	DN_NC_073247.2_77369372_13	13	13	13	8	8	8	0.6154	0.7947	0.8675	0	12	11	8	8	7	4
DN_NC_073229.2_183992530_9	DN_NC_073229.2_184008587_12	9	12	9	0	0	0	0.0	0.0	0.0	0	3	0	0	0	0	0
DN_NC_073229.2_193493894_22	DN_NC_073240.2_40283792_22	22	22	22	10	10	10	0.4545	0.7666	0.7906	0	20	17	12	10	8	0
DN_NC_073229.2_194862622_5	DN_NC_073232.2_72957232_4	5	4	4	0	0	0	0.0	0.0	0.0	0	2	0	0	0	0	0
DN_NC_073229.2_194862622_5	DN_NC_073238.2_33904146_3	5	3	3	2	2	2	0.6667	0.8598	0.887	0	2	2	2	2	2	2
DN_NC_073229.2_194862622_5	DN_NC_073240.2_23674889_10	5	10	5	0	0	0	0.0	0.0	0.0	0	2	0	0	0	0	0
DN_NC_073229.2_194862622_5	DN_NC_073240.2_29752710_11	5	11	5	0	0	0	0.0	0.0	0.0	0	2	0	0	0	0	0
DN_NC_073229.2_194862622_5	DN_NC_073243.2_111186227_2	5	2	2	0	0	0	0.0	0.0	0.0	0	1	0	0	0	0	0
DN_NC_073229.2_194862622_5	DN_NC_073244.2_50702615_6	5	6	5	0	0	0	0.0	0.0	0.0	0	2	0	0	0	0	0
DN_NC_073229.2_195378107_3	DN_NC_073230.2_168783006_4	3	4	3	2	2	2	0.6667	0.9901	0.9938	0	2	2	2	2	2	2
DN_NC_073229.2_195378107_3	DN_NC_073231.2_150902261_3	3	3	3	3	3	3	1.0	0.9829	0.9938	0	3	3	3	3	3	3
DN_NC_073229.2_195378107_3	DN_NC_073232.2_146269317_5	3	5	3	2	2	2	0.6667	0.9833	0.9939	0	3	2	2	2	2	2
DN_NC_073229.2_195378107_3	DN_NC_073236.2_140400059_5	3	5	3	2	2	2	0.6667	0.9935	0.9939	0	3	2	2	2	2	2
DN_NC_073229.2_195378107_3	DN_NC_073237.2_118498911_4	3	4	3	2	2	2	0.6667	0.9833	0.9939	0	3	2	2	2	2	2
DN_NC_073229.2_195378107_3	DN_NC_073241.2_110003031_5	3	5	3	2	2	2	0.6667	0.9935	0.9939	0	3	2	2	2	2	2
DN_NC_073229.2_195378107_3	DN_NC_073244.2_70818649_5	3	5	3	2	2	2	0.6667	0.9864	1.0	0	3	2	2	2	2	2
DN_NC_073229.2_195378107_3	DN_NC_086017.1_211655827_5	3	5	3	2	2	2	0.6667	0.9898	1.0	0	3	2	2	2	2	2
DN_NC_073229.2_195378107_3	DN_NC_086017.1_9337960_4	3	4	3	2	2	2	0.6667	0.9799	0.9939	0	2	2	2	2	2	2
DN_NC_073229.2_20497552_7	DN_NC_073241.2_93292541_7	7	7	7	4	4	4	0.5714	0.7376	0.781	0	6	5	5	4	1	0
DN_NC_073229.2_20766733_4	DN_NC_073229.2_48413863_4	4	4	4	3	3	3	0.75	0.8004	0.8182	0	4	3	3	3	3	1
DN_NC_073229.2_20766733_4	DN_NC_073232.2_8975313_3	4	3	3	2	2	2	0.6667	0.7728	0.7864	0	3	2	2	2	2	0
DN_NC_073229.2_20766733_4	DN_NC_073237.2_133664160_4	4	4	4	3	3	3	0.75	0.8191	0.8426	0	3	3	3	3	3	2
DN_NC_073229.2_20766733_4	DN_NC_073242.2_120516047_4	4	4	4	3	3	3	0.75	0.782	0.8317	0	4	4	4	3	2	1
DN_NC_073229.2_20766733_4	DN_NC_073244.2_12296250_4	4	4	4	4	4	4	1.0	0.8017	0.8611	0	4	4	4	4	3	3
DN_NC_073229.2_21470970_2	DN_NC_073247.2_166062772_13	2	13	2	0	0	0	0.0	0.0	0.0	0	1	0	0	0	0	0
DN_NC_073229.2_21709541_6	DN_NC_073229.2_21735101_10	6	10	6	0	0	0	0.0	0.0	0.0	0	3	0	0	0	0	0
DN_NC_073229.2_28348360_6	DN_NC_073229.2_28419493_6	6	6	6	6	6	6	1.0	0.8587	0.9505	0	6	6	6	6	5	4
DN_NC_073229.2_29619457_3	DN_NC_073231.2_27219653_9	3	9	3	0	0	0	0.0	0.0	0.0	0	2	0	0	0	0	0
DN_NC_073229.2_29619457_3	DN_NC_086017.1_156500672_2	3	2	2	1	1	1	0.5	0.7857	0.7857	1	1	1	1	1	1	0
DN_NC_073229.2_29619457_3	DN_NC_086017.1_156500672_3	3	3	3	1	1	1	0.3333	0.7857	0.7857	1	2	1	1	1	1	0
DN_NC_073229.2_42464475_7	DN_NC_073242.2_15582646_2	7	2	2	0	0	0	0.0	0.0	0.0	0	1	0	0	0	0	0
DN_NC_073229.2_42464475_7	DN_NC_073242.2_30609225_2	7	2	2	0	0	0	0.0	0.0	0.0	0	1	1	0	0	0	0
DN_NC_073229.2_42464475_7	DN_NC_073242.2_31473413_2	7	2	2	0	0	0	0.0	0.0	0.0	0	0	0	0	0	0	0
DN_NC_073229.2_43677378_4	DN_NC_073229.2_67950085_3	4	3	3	0	0	0	0.0	0.0	0.0	0	1	0	0	0	0	0
DN_NC_073229.2_43677378_4	DN_NC_073230.2_150857421_7	4	7	4	0	0	0	0.0	0.0	0.0	0	2	0	0	0	0	0
DN_NC_073229.2_43677378_4	DN_NC_073241.2_83874271_3	4	3	3	0	0	0	0.0	0.0	0.0	0	1	0	0	0	0	0
DN_NC_073229.2_43677378_4	DN_NC_073244.2_6165323_3	4	3	3	0	0	0	0.0	0.0	0.0	0	2	0	0	0	0	0
DN_NC_073229.2_43808975_3	DN_NC_073229.2_43841872_2	3	2	2	0	0	0	0.0	0.0	0.0	0	1	0	0	0	0	0
DN_NC_073229.2_44058305_8	DN_NC_073229.2_44135507_8	8	8	8	4	4	4	0.5	0.9177	0.9827	0	5	5	5	4	4	4
DN_NC_073229.2_44058305_8	DN_NC_073229.2_44179535_6	8	6	6	0	0	0	0.0	0.0	0.0	0	4	2	0	0	0	0
DN_NC_073229.2_44079934_10	DN_NC_073229.2_44118209_11	10	10	10	5	5	5	0.5	0.8927	0.9971	0	5	5	5	5	5	4
DN_NC_073229.2_44501801_6	DN_NC_073243.2_40356335_7	6	7	6	4	4	4	0.6667	0.9537	0.9655	0	4	4	4	4	4	4
DN_NC_073229.2_44501801_6	DN_NC_073243.2_79717303_18	6	18	6	3	3	3	0.5	0.9811	0.9881	0	4	3	3	3	3	3
DN_NC_073229.2_44967262_5	DN_NC_073229.2_45005781_3	5	3	3	0	0	0	0.0	0.0	0.0	0	2	0	0	0	0	0
DN_NC_073229.2_44967262_5	DN_NC_073232.2_71834982_5	5	5	5	0	0	0	0.0	0.0	0.0	0	4	1	0	0	0	0
DN_NC_073229.2_44967262_5	DN_NC_073232.2_81253567_6	5	6	5	0	0	0	0.0	0.0	0.0	0	2	1	1	0	0	0
DN_NC_073229.2_44967262_5	DN_NC_073242.2_97765438_4	5	4	4	0	0	0	0.0	0.0	0.0	0	2	1	1	0	0	0
DN_NC_073229.2_44967262_5	DN_NC_073244.2_45796040_6	5	6	5	0	0	0	0.0	0.0	0.0	0	4	3	0	0	0	0
DN_NC_073229.2_45005781_3	DN_NC_073232.2_71834982_5	3	5	3	0	0	0	0.0	0.0	0.0	0	2	0	0	0	0	0
DN_NC_073229.2_45067329_6	DN_NC_073237.2_30220066_5	6	5	5	1	1	1	0.2	0.7063	0.7063	1	4	2	2	1	0	0
DN_NC_073229.2_45067329_6	DN_NC_073244.2_45985550_6	6	6	6	0	0	0	0.0	0.0	0.0	0	4	3	1	0	0	0
DN_NC_073229.2_45067329_6	DN_NC_073244.2_47250467_5	6	5	5	0	0	0	0.0	0.0	0.0	0	4	3	2	0	0	0
DN_NC_073229.2_45067329_6	DN_NC_073244.2_48030811_4	6	4	4	0	0	0	0.0	0.0	0.0	0	3	0	0	0	0	0
DN_NC_073229.2_45067329_6	DN_NC_073244.2_48242798_5	6	5	5	1	1	1	0.2	0.7143	0.7143	1	4	2	1	1	0	0
DN_NC_073229.2_45067329_6	DN_NC_073244.2_48384768_7	6	7	6	0	0	0	0.0	0.0	0.0	0	4	2	2	0	0	0
DN_NC_073229.2_45067329_6	DN_NC_073244.2_48980018_5	6	5	5	0	0	0	0.0	0.0	0.0	0	3	2	0	0	0	0
DN_NC_073229.2_45067329_6	DN_NC_073244.2_49072464_4	6	4	4	1	1	1	0.25	0.7222	0.7222	1	4	2	1	1	0	0
DN_NC_073229.2_45067329_6	DN_NC_073244.2_49101177_5	6	5	5	1	1	1	0.2	0.7063	0.7063	1	5	3	1	1	0	0
DN_NC_073229.2_45067329_6	DN_NC_073244.2_49176797_4	6	4	4	0	0	0	0.0	0.0	0.0	0	3	2	0	0	0	0
DN_NC_073229.2_45067329_6	DN_NC_073244.2_49246931_6	6	6	6	1	1	1	0.1667	0.7143	0.7143	1	4	3	1	1	0	0
DN_NC_073229.2_45067329_6	DN_NC_073244.2_51783968_5	6	5	5	0	0	0	0.0	0.0	0.0	0	4	3	2	0	0	0
DN_NC_073229.2_45067329_6	DN_NC_073244.2_51825388_5	6	5	5	0	0	0	0.0	0.0	0.0	0	4	3	2	0	0	0
DN_NC_073229.2_45067329_6	DN_NC_073244.2_55341363_7	6	7	6	0	0	0	0.0	0.0	0.0	0	4	2	1	0	0	0
DN_NC_073229.2_45067329_6	DN_NC_073244.2_65102393_4	6	4	4	1	1	1	0.25	0.7143	0.7143	1	2	2	1	1	0	0
DN_NC_073229.2_45067329_6	DN_NC_073244.2_68513423_5	6	5	5	0	0	0	0.0	0.0	0.0	0	5	2	1	0	0	0
DN_NC_073229.2_45067329_6	DN_NC_073244.2_68611978_5	6	5	5	1	1	1	0.2	0.7063	0.7063	1	5	2	2	1	0	0
DN_NC_073229.2_45067329_6	DN_NC_073244.2_68643423_8	6	8	6	0	0	0	0.0	0.0	0.0	0	4	2	1	0	0	0
DN_NC_073229.2_45067329_6	DN_NC_073244.2_70224599_4	6	4	4	0	0	0	0.0	0.0	0.0	0	3	0	0	0	0	0
DN_NC_073229.2_45706582_4	DN_NC_086017.1_54457640_6	4	6	4	0	0	0	0.0	0.0	0.0	0	2	1	1	0	0	0
DN_NC_073229.2_45706582_4	DN_NC_086017.1_54527845_6	4	6	4	0	0	0	0.0	0.0	0.0	0	2	1	1	0	0	0
DN_NC_073229.2_45747170_4	DN_NC_073229.2_45764485_6	4	6	4	0	0	0	0.0	0.0	0.0	0	2	1	1	0	0	0
DN_NC_073229.2_45747170_4	DN_NC_073229.2_45857463_4	4	4	4	0	0	0	0.0	0.0	0.0	0	3	2	1	0	0	0
DN_NC_073229.2_45747170_4	DN_NC_073229.2_46022147_4	4	4	4	0	0	0	0.0	0.0	0.0	0	2	1	1	0	0	0
DN_NC_073229.2_45747170_4	DN_NC_073241.2_64520240_3	4	3	3	0	0	0	0.0	0.0	0.0	0	2	0	0	0	0	0
DN_NC_073229.2_45747170_4	DN_NC_086017.1_54612772_3	4	3	3	0	0	0	0.0	0.0	0.0	0	2	0	0	0	0	0
DN_NC_073229.2_45764485_6	DN_NC_073231.2_150671310_5	6	5	5	0	0	0	0.0	0.0	0.0	0	2	0	0	0	0	0
DN_NC_073229.2_45764485_6	DN_NC_073241.2_64520240_3	6	3	3	0	0	0	0.0	0.0	0.0	0	3	0	0	0	0	0
DN_NC_073229.2_45764485_6	DN_NC_086017.1_54612772_3	6	3	3	0	0	0	0.0	0.0	0.0	0	2	0	0	0	0	0
DN_NC_073229.2_45784439_7	DN_NC_073242.2_100900995_5	7	5	5	0	0	0	0.0	0.0	0.0	0	3	1	0	0	0	0
DN_NC_073229.2_45784439_7	DN_NC_086017.1_50382141_5	7	5	5	0	0	0	0.0	0.0	0.0	0	3	0	0	0	0	0
DN_NC_073229.2_45857463_4	DN_NC_073241.2_64468689_4	4	4	4	0	0	0	0.0	0.0	0.0	0	3	1	1	0	0	0
DN_NC_073229.2_45875453_5	DN_NC_073229.2_45959984_4	5	4	4	0	0	0	0.0	0.0	0.0	0	3	1	0	0	0	0
DN_NC_073229.2_45875453_5	DN_NC_073229.2_45985816_6	5	6	5	4	4	4	0.8	0.8748	0.9024	0	5	5	5	4	4	4
DN_NC_073229.2_45875453_5	DN_NC_073230.2_88700652_4	5	4	4	0	0	0	0.0	0.0	0.0	0	2	1	0	0	0	0
DN_NC_073229.2_45875453_5	DN_NC_073230.2_89330255_2	5	2	2	0	0	0	0.0	0.0	0.0	0	1	1	0	0	0	0
DN_NC_073229.2_45959984_4	DN_NC_073229.2_45985816_6	4	6	4	0	0	0	0.0	0.0	0.0	0	4	1	0	0	0	0
DN_NC_073229.2_45959984_4	DN_NC_073230.2_88700652_4	4	4	4	0	0	0	0.0	0.0	0.0	0	4	1	1	0	0	0
DN_NC_073229.2_45985816_6	DN_NC_073230.2_88700652_4	6	4	4	0	0	0	0.0	0.0	0.0	0	3	1	1	0	0	0
DN_NC_073229.2_45985816_6	DN_NC_073230.2_89330255_2	6	2	2	0	0	0	0.0	0.0	0.0	0	1	1	1	0	0	0
DN_NC_073229.2_46022147_4	DN_NC_073231.2_150671310_5	4	5	4	0	0	0	0.0	0.0	0.0	0	1	0	0	0	0	0
DN_NC_073229.2_46022147_4	DN_NC_073241.2_64520244_2	4	2	2	0	0	0	0.0	0.0	0.0	0	2	0	0	0	0	0
DN_NC_073229.2_46022147_4	DN_NC_073243.2_20232546_4	4	4	4	1	1	1	0.25	0.7353	0.7353	1	2	1	1	1	0	0
DN_NC_073229.2_46514381_2	DN_NC_073229.2_46518353_2	2	2	2	1	1	1	0.5	1.0	1.0	1	1	1	1	1	1	1
DN_NC_073229.2_46656086_7	DN_NC_073231.2_150671293_2	7	2	2	0	0	0	0.0	0.0	0.0	0	2	0	0	0	0	0
DN_NC_073229.2_46656086_7	DN_NC_086017.1_54551513_4	7	4	4	0	0	0	0.0	0.0	0.0	0	3	0	0	0	0	0
DN_NC_073229.2_47377766_7	DN_NC_073229.2_47549272_8	7	8	7	5	5	5	0.7143	0.8824	0.9375	0	5	5	5	5	5	5
DN_NC_073229.2_47377766_7	DN_NC_073229.2_47663527_8	7	8	7	5	5	5	0.7143	0.8772	0.931	0	5	5	5	5	5	5
DN_NC_073229.2_47377766_7	DN_NC_073229.2_48177425_8	7	8	7	5	5	5	0.7143	0.8436	0.9382	0	6	6	6	5	5	3
DN_NC_073229.2_47377766_7	DN_NC_073229.2_48967498_8	7	8	7	6	6	6	0.8571	0.8412	0.9345	0	6	6	6	6	6	6
DN_NC_073229.2_47377766_7	DN_NC_073229.2_49051174_8	7	8	7	5	5	5	0.7143	0.8457	0.9164	0	5	5	5	5	5	5
DN_NC_073229.2_47549272_8	DN_NC_073229.2_47663527_8	8	8	8	8	8	8	1.0	0.9464	0.9927	0	8	8	8	8	8	8
DN_NC_073229.2_47549272_8	DN_NC_073229.2_48177425_8	8	8	8	6	6	6	0.75	0.858	0.9309	0	6	6	6	6	6	5
DN_NC_073229.2_47549272_8	DN_NC_073229.2_48967498_8	8	8	8	6	6	6	0.75	0.8769	0.92	0	6	6	6	6	6	6
DN_NC_073229.2_47549272_8	DN_NC_073229.2_49051174_8	8	8	8	8	8	8	1.0	0.8689	0.9348	0	8	8	8	8	8	8
DN_NC_073229.2_47663527_8	DN_NC_073229.2_48177425_8	8	8	8	6	6	6	0.75	0.8695	0.931	0	6	6	6	6	6	6
DN_NC_073229.2_47663527_8	DN_NC_073229.2_48967498_8	8	8	8	6	6	6	0.75	0.8721	0.9164	0	6	6	6	6	6	6
DN_NC_073229.2_47663527_8	DN_NC_073229.2_49051174_8	8	8	8	8	8	8	1.0	0.8708	0.9565	0	8	8	8	8	8	8
DN_NC_073229.2_48177425_8	DN_NC_073229.2_48967498_8	8	8	8	7	7	7	0.875	0.8258	0.9455	0	7	7	7	7	6	4
DN_NC_073229.2_48177425_8	DN_NC_073229.2_49051174_8	8	8	8	6	6	6	0.75	0.8543	0.9236	0	6	6	6	6	6	6
DN_NC_073229.2_48413863_4	DN_NC_073232.2_8975313_3	4	3	3	2	2	2	0.6667	0.7988	0.8426	0	3	2	2	2	2	1
DN_NC_073229.2_48413863_4	DN_NC_073237.2_133664160_4	4	4	4	3	3	3	0.75	0.8193	0.8981	0	3	3	3	3	3	1
DN_NC_073229.2_48413863_4	DN_NC_073242.2_120516047_4	4	4	4	3	3	3	0.75	0.7627	0.787	0	4	3	3	3	2	0
DN_NC_073229.2_48413863_4	DN_NC_073244.2_12296250_4	4	4	4	2	2	2	0.5	0.8123	0.8519	0	4	3	3	2	2	1
DN_NC_073229.2_48967498_8	DN_NC_073229.2_49051174_8	8	8	8	6	6	6	0.75	0.9185	0.9688	0	6	6	6	6	6	6
DN_NC_073229.2_49412440_2	DN_NC_073239.2_81444992_2	2	2	2	0	0	0	0.0	0.0	0.0	0	1	1	1	0	0	0
DN_NC_073229.2_49412455_2	DN_NC_073229.2_49429142_2	2	2	2	1	1	1	0.5	0.7511	0.7511	1	1	1	1	1	1	0
DN_NC_073229.2_49412455_2	DN_NC_073233.2_130982674_9	2	9	2	0	0	0	0.0	0.0	0.0	0	1	0	0	0	0	0
DN_NC_073229.2_49424718_2	DN_NC_073239.2_81444992_2	2	2	2	1	1	1	0.5	0.7464	0.7464	1	1	1	1	1	0	0
DN_NC_073229.2_49484905_28	DN_NC_073237.2_134047852_27	28	27	27	8	8	8	0.2963	0.7579	0.8052	0	19	17	12	8	5	1
DN_NC_073229.2_49583451_41	DN_NC_073229.2_49609902_41	41	41	41	41	41	41	1.0	0.9982	1.0	0	41	41	41	41	41	41
DN_NC_073229.2_50085643_6	DN_NC_073229.2_50300098_6	6	6	6	3	3	3	0.5	0.942	0.9727	0	3	3	3	3	3	3
DN_NC_073229.2_50300098_6	DN_NC_073229.2_50380193_5	6	5	5	3	3	3	0.6	0.7686	0.8	0	5	3	3	3	2	1
DN_NC_073229.2_50300098_6	DN_NC_073229.2_50795834_6	6	6	6	3	3	3	0.5	0.7491	0.7794	0	5	3	3	3	2	0
DN_NC_073229.2_50358119_5	DN_NC_073229.2_50716510_5	5	5	5	1	1	1	0.2	0.7295	0.7295	1	4	3	3	1	0	0
DN_NC_073229.2_50380193_5	DN_NC_073229.2_50795834_6	5	6	5	3	3	3	0.6	0.7571	0.7972	0	5	3	3	3	1	0
DN_NC_073229.2_50716510_5	DN_NC_073229.2_50784857_5	5	5	5	2	2	2	0.4	0.7381	0.7651	0	4	3	2	2	1	0
DN_NC_073229.2_52163606_6	DN_NC_073244.2_54257531_4	6	4	4	0	0	0	0.0	0.0	0.0	0	2	0	0	0	0	0
DN_NC_073229.2_52271806_8	DN_NC_086018.1_40865904_11	8	11	8	5	5	5	0.625	0.7754	0.8205	0	8	6	6	5	3	2
DN_NC_073229.2_53231942_12	DN_NC_073234.2_18597435_13	12	13	12	5	5	5	0.4167	0.7595	0.8487	0	9	9	8	5	2	1
DN_NC_073229.2_57565568_13	DN_NC_073239.2_76142345_25	13	25	13	6	6	6	0.4615	0.7415	0.8315	0	11	10	9	6	2	1
DN_NC_073229.2_60720496_6	DN_NC_073230.2_88640144_6	6	6	6	0	0	0	0.0	0.0	0.0	0	4	2	1	0	0	0
DN_NC_073229.2_60778300_16	DN_NC_073233.2_72823864_14	16	14	14	8	8	8	0.5714	0.7479	0.8491	0	12	10	9	8	3	1
DN_NC_073229.2_60831709_26	DN_NC_073229.2_60975828_26	26	26	26	13	13	13	0.5	0.8041	0.9684	0	20	20	17	13	8	6
DN_NC_073229.2_60853569_16	DN_NC_073233.2_74176850_16	16	16	16	10	10	10	0.625	0.771	0.8571	0	14	13	11	10	7	2
DN_NC_073229.2_60853569_16	DN_NC_073244.2_56850091_13	16	13	13	5	5	5	0.3846	0.7618	0.7921	0	9	8	5	5	3	0
DN_NC_073229.2_62050928_12	DN_NC_073239.2_119046659_11	12	11	11	8	8	8	0.7273	0.7585	0.7985	0	10	9	9	8	5	0
DN_NC_073229.2_64639535_22	DN_NC_073238.2_32078126_7	22	7	7	5	5	5	0.7143	0.9631	1.0	0	7	5	5	5	5	5
DN_NC_073229.2_67950085_3	DN_NC_073230.2_150857421_7	3	7	3	1	1	1	0.3333	0.8237	0.8237	1	2	1	1	1	1	1
DN_NC_073229.2_67950085_3	DN_NC_073237.2_58966871_3	3	3	3	0	0	0	0.0	0.0	0.0	0	2	1	1	0	0	0
DN_NC_073229.2_67950085_3	DN_NC_073238.2_32617313_2	3	2	2	0	0	0	0.0	0.0	0.0	0	1	0	0	0	0	0
DN_NC_073229.2_67950085_3	DN_NC_073241.2_83874271_3	3	3	3	3	3	3	1.0	0.9938	0.9979	0	3	3	3	3	3	3
DN_NC_073229.2_67950085_3	DN_NC_073244.2_6165323_3	3	3	3	1	1	1	0.3333	0.9371	0.9371	1	2	2	1	1	1	1
DN_NC_073229.2_67950085_3	DN_NC_086017.1_112545872_3	3	3	3	1	1	1	0.3333	0.9515	0.9515	1	2	1	1	1	1	1
DN_NC_073229.2_70515777_4	DN_NC_073229.2_70567152_7	4	7	4	2	2	2	0.5	0.8907	0.902	0	4	2	2	2	2	2
DN_NC_073229.2_70527768_7	DN_NC_073229.2_70567152_7	7	7	7	5	5	5	0.7143	0.9573	0.9804	0	5	5	5	5	5	5
DN_NC_073229.2_70527768_7	DN_NC_073229.2_70609285_7	7	7	7	7	7	7	1.0	0.9223	0.9771	0	7	7	7	7	7	7
DN_NC_073229.2_70527768_7	DN_NC_073229.2_70674504_7	7	7	7	6	6	6	0.8571	0.9049	0.9394	0	7	6	6	6	6	6
DN_NC_073229.2_70567152_7	DN_NC_073229.2_70609285_7	7	7	7	5	5	5	0.7143	0.9411	0.9655	0	5	5	5	5	5	5
DN_NC_073229.2_70567152_7	DN_NC_073229.2_70674504_7	7	7	7	5	5	5	0.7143	0.9225	0.9621	0	6	6	5	5	5	5
DN_NC_073229.2_70609285_7	DN_NC_073229.2_70674504_7	7	7	7	6	6	6	0.8571	0.9075	0.9412	0	7	6	6	6	6	6
DN_NC_073229.2_86209092_3	DN_NC_073234.2_71885470_2	3	2	2	0	0	0	0.0	0.0	0.0	0	1	0	0	0	0	0
DN_NC_073229.2_86209092_3	DN_NC_073243.2_86703688_5	3	5	3	1	1	1	0.3333	0.9735	0.9735	1	2	1	1	1	1	1
DN_NC_073229.2_94673034_3	DN_NC_086017.1_52688084_4	3	4	3	0	0	0	0.0	0.0	0.0	0	2	0	0	0	0	0
DN_NC_073229.2_94771458_11	DN_NC_073229.2_94961202_4	11	4	4	0	0	0	0.0	0.0	0.0	0	2	0	0	0	0	0
DN_NC_073229.2_97353754_3	DN_NC_073231.2_114003443_13	3	13	3	0	0	0	0.0	0.0	0.0	0	1	0	0	0	0	0
DN_NC_073229.2_97353754_3	DN_NC_086017.1_49305793_6	3	6	3	0	0	0	0.0	0.0	0.0	0	2	0	0	0	0	0
DN_NC_073229.2_97456874_3	DN_NC_073234.2_36991193_12	3	12	3	0	0	0	0.0	0.0	0.0	0	1	0	0	0	0	0
DN_NC_073229.2_97606864_8	DN_NC_073230.2_28044538_2	8	2	2	0	0	0	0.0	0.0	0.0	0	1	0	0	0	0	0
DN_NC_073229.2_97606864_8	DN_NC_073239.2_98531685_2	8	2	2	0	0	0	0.0	0.0	0.0	0	2	0	0	0	0	0
DN_NC_073229.2_97606864_8	DN_NC_073243.2_97368870_3	8	3	3	0	0	0	0.0	0.0	0.0	0	3	0	0	0	0	0
DN_NC_073230.2_101581724_4	DN_NC_073230.2_101602035_18	4	18	4	1	1	1	0.25	0.9674	0.9674	1	3	2	1	1	1	1
DN_NC_073230.2_101602035_18	DN_NC_073230.2_101646316_2	18	2	2	1	1	1	0.5	1.0	1.0	1	2	1	1	1	1	1
DN_NC_073230.2_112158616_4	DN_NC_073230.2_51812102_9	4	9	4	2	2	2	0.5	0.9885	1.0	0	3	2	2	2	2	2
DN_NC_073230.2_112158616_4	DN_NC_073230.2_86050165_15	4	15	4	0	0	0	0.0	0.0	0.0	0	3	0	0	0	0	0
DN_NC_073230.2_112158616_4	DN_NC_073230.2_86128587_5	4	5	4	3	3	3	0.75	0.9209	0.9775	0	3	3	3	3	3	3
DN_NC_073230.2_112158616_4	DN_NC_073230.2_86213678_7	4	7	4	3	3	3	0.75	0.9143	0.9775	0	3	3	3	3	3	3
DN_NC_073230.2_115994887_11	DN_NC_086017.1_58612310_12	11	12	11	4	4	4	0.3636	0.7647	0.7925	0	10	9	8	4	3	0
DN_NC_073230.2_116119215_11	DN_NC_073230.2_116150343_22	11	22	11	0	0	0	0.0	0.0	0.0	0	5	1	0	0	0	0
DN_NC_073230.2_116851282_14	DN_NC_073245.2_57775599_4	14	4	4	0	0	0	0.0	0.0	0.0	0	2	0	0	0	0	0
DN_NC_073230.2_12962256_6	DN_NC_073232.2_101260375_9	6	9	6	3	3	3	0.5	0.8008	0.8438	0	5	4	3	3	2	2
DN_NC_073230.2_132467242_13	DN_NC_073233.2_14005356_9	13	9	9	1	1	1	0.1111	0.7034	0.7034	1	6	1	1	1	0	0
DN_NC_073230.2_132467242_13	DN_NC_073239.2_70164897_2	13	2	2	0	0	0	0.0	0.0	0.0	0	2	1	1	0	0	0
DN_NC_073230.2_13331389_15	DN_NC_073230.2_14245227_15	15	15	15	15	15	15	1.0	0.9872	0.9943	0	15	15	15	15	15	15
DN_NC_073230.2_13358875_21	DN_NC_073230.2_14200490_21	21	21	21	19	19	19	0.9048	0.9893	0.9949	0	19	19	19	19	19	19
DN_NC_073230.2_137552467_7	DN_NC_073231.2_6126395_2	7	2	2	0	0	0	0.0	0.0	0.0	0	1	0	0	0	0	0
DN_NC_073230.2_13762772_6	DN_NC_086018.1_35225663_7	6	7	6	4	4	4	0.6667	0.7666	0.8365	0	4	4	4	4	2	1
DN_NC_073230.2_137926513_11	DN_NC_086017.1_68009077_13	11	13	11	8	8	8	0.7273	0.7518	0.7913	0	10	9	9	8	4	0
DN_NC_073230.2_14161449_15	DN_NC_073230.2_76425037_7	15	7	7	4	4	4	0.5714	0.9564	0.9672	0	6	4	4	4	4	4
DN_NC_073230.2_14161449_15	DN_NC_073230.2_81087606_7	15	7	7	4	4	4	0.5714	0.9426	0.9767	0	6	4	4	4	4	4
DN_NC_073230.2_143596666_10	DN_NC_073230.2_143617302_10	10	10	10	8	8	8	0.8	0.9758	1.0	0	9	8	8	8	8	8
DN_NC_073230.2_149202220_20	DN_NC_073247.2_64062359_23	20	23	20	3	3	3	0.15	0.7636	0.8046	0	12	9	8	3	2	1
DN_NC_073230.2_149564614_8	DN_NC_073247.2_51197700_2	8	2	2	0	0	0	0.0	0.0	0.0	0	0	0	0	0	0	0
DN_NC_073230.2_150857421_7	DN_NC_073241.2_83874271_3	7	3	3	1	1	1	0.3333	0.8241	0.8241	1	2	1	1	1	1	1
DN_NC_073230.2_150857421_7	DN_NC_073244.2_6165323_3	7	3	3	1	1	1	0.3333	0.8119	0.8119	1	2	1	1	1	1	1
DN_NC_073230.2_152836468_8	DN_NC_073230.2_152880918_9	8	9	8	5	5	5	0.625	0.7878	0.8454	0	7	6	6	5	4	2
DN_NC_073230.2_159385621_3	DN_NC_073230.2_92132360_3	3	3	3	0	0	0	0.0	0.0	0.0	0	1	0	0	0	0	0
DN_NC_073230.2_159385621_3	DN_NC_073234.2_126370406_2	3	2	2	0	0	0	0.0	0.0	0.0	0	1	0	0	0	0	0
DN_NC_073230.2_159385621_3	DN_NC_073235.2_71373985_7	3	7	3	0	0	0	0.0	0.0	0.0	0	1	0	0	0	0	0
DN_NC_073230.2_159385621_3	DN_NC_073239.2_123333523_2	3	2	2	0	0	0	0.0	0.0	0.0	0	1	1	0	0	0	0
DN_NC_073230.2_159385621_3	DN_NC_073244.2_43610901_6	3	6	3	0	0	0	0.0	0.0	0.0	0	2	0	0	0	0	0
DN_NC_073230.2_159385621_3	DN_NC_073247.2_115708949_2	3	2	2	0	0	0	0.0	0.0	0.0	0	1	0	0	0	0	0
DN_NC_073230.2_159385621_3	DN_NC_073247.2_147586730_5	3	5	3	0	0	0	0.0	0.0	0.0	0	2	1	0	0	0	0
DN_NC_073230.2_159879400_23	DN_NC_073235.2_122326496_17	23	17	17	9	9	9	0.5294	0.7583	0.8611	0	15	14	13	9	3	1
DN_NC_073230.2_160290576_8	DN_NC_073232.2_68914292_6	8	6	6	0	0	0	0.0	0.0	0.0	0	3	0	0	0	0	0
DN_NC_073230.2_161022909_27	DN_NC_073236.2_21263952_7	27	7	7	3	3	3	0.4286	0.9753	0.9883	0	5	3	3	3	3	3
DN_NC_073230.2_161022909_27	DN_NC_073238.2_22875925_6	27	6	6	4	4	4	0.6667	0.9766	0.9883	0	6	4	4	4	4	4
DN_NC_073230.2_161022909_27	DN_NC_073238.2_24580375_8	27	8	8	4	4	4	0.5	0.9684	0.9777	0	5	4	4	4	4	4
DN_NC_073230.2_161022909_27	DN_NC_073240.2_14396114_6	27	6	6	2	2	2	0.3333	0.9722	0.9883	0	5	2	2	2	2	2
DN_NC_073230.2_161461454_2	DN_NC_073233.2_24803514_8	2	8	2	0	0	0	0.0	0.0	0.0	0	2	0	0	0	0	0
DN_NC_073230.2_161461454_2	DN_NC_073236.2_23070420_5	2	5	2	1	1	1	0.5	0.8924	0.8924	1	2	1	1	1	1	1
DN_NC_073230.2_161461454_2	DN_NC_073238.2_25250945_5	2	5	2	1	1	1	0.5	0.8924	0.8924	1	2	1	1	1	1	1
DN_NC_073230.2_161461454_2	DN_NC_073240.2_17174470_5	2	5	2	0	0	0	0.0	0.0	0.0	0	1	0	0	0	0	0
DN_NC_073230.2_168783006_4	DN_NC_073231.2_150902261_3	4	3	3	2	2	2	0.6667	0.9868	1.0	0	2	2	2	2	2	2
DN_NC_073230.2_168783006_4	DN_NC_073232.2_146269317_5	4	5	4	3	3	3	0.75	0.9756	0.9877	0	3	3	3	3	3	3
DN_NC_073230.2_168783006_4	DN_NC_073232.2_8583099_4	4	4	4	3	3	3	0.75	0.9785	0.9879	0	3	3	3	3	3	3
DN_NC_073230.2_168783006_4	DN_NC_073236.2_140400059_5	4	5	4	3	3	3	0.75	0.9876	0.9934	0	3	3	3	3	3	3
DN_NC_073230.2_168783006_4	DN_NC_073237.2_118498911_4	4	4	4	3	3	3	0.75	0.9834	0.9939	0	3	3	3	3	3	3
DN_NC_073230.2_168783006_4	DN_NC_073239.2_124648897_4	4	4	4	3	3	3	0.75	0.9916	1.0	0	3	3	3	3	3	3
DN_NC_073230.2_168783006_4	DN_NC_073240.2_103747497_4	4	4	4	3	3	3	0.75	0.986	1.0	0	3	3	3	3	3	3
DN_NC_073230.2_168783006_4	DN_NC_073241.2_110003031_5	4	5	4	3	3	3	0.75	0.9837	0.9877	0	3	3	3	3	3	3
DN_NC_073230.2_168783006_4	DN_NC_073242.2_121237165_4	4	4	4	3	3	3	0.75	0.9892	1.0	0	3	3	3	3	3	3
DN_NC_073230.2_168783006_4	DN_NC_073244.2_70818649_5	4	5	4	3	3	3	0.75	0.9813	0.9938	0	3	3	3	3	3	3
DN_NC_073230.2_168783006_4	DN_NC_086017.1_211655827_5	4	5	4	3	3	3	0.75	0.9828	0.9938	0	3	3	3	3	3	3
DN_NC_073230.2_168783006_4	DN_NC_086017.1_9337960_4	4	4	4	4	4	4	1.0	0.979	0.9939	0	4	4	4	4	4	4
DN_NC_073230.2_28044538_2	DN_NC_073239.2_98531685_2	2	2	2	0	0	0	0.0	0.0	0.0	0	1	0	0	0	0	0
DN_NC_073230.2_28044538_2	DN_NC_073243.2_97368870_3	2	3	2	0	0	0	0.0	0.0	0.0	0	1	0	0	0	0	0
DN_NC_073230.2_29909396_5	DN_NC_073230.2_98628332_5	5	5	5	3	3	3	0.6	0.983	0.9939	0	4	3	3	3	3	3
DN_NC_073230.2_37931018_4	DN_NC_073236.2_112799498_6	4	6	4	0	0	0	0.0	0.0	0.0	0	2	0	0	0	0	0
DN_NC_073230.2_40386475_10	DN_NC_073230.2_63523034_4	10	4	4	3	3	3	0.75	0.9834	0.9931	0	4	3	3	3	3	3
DN_NC_073230.2_44313875_22	DN_NC_073245.2_58594952_21	22	21	21	13	13	13	0.619	0.7565	0.8361	0	20	19	18	13	7	2
DN_NC_073230.2_47037104_3	DN_NC_073230.2_51605178_3	3	3	3	2	2	2	0.6667	0.934	0.9917	0	2	2	2	2	2	2
DN_NC_073230.2_47037167_3	DN_NC_073230.2_51605178_3	3	3	3	2	2	2	0.6667	0.9898	0.9917	0	2	2	2	2	2	2
DN_NC_073230.2_47037167_3	DN_NC_073233.2_132992860_18	3	18	3	0	0	0	0.0	0.0	0.0	0	3	1	1	0	0	0
DN_NC_073230.2_47037167_3	DN_NC_086018.1_40100382_3	3	3	3	0	0	0	0.0	0.0	0.0	0	1	1	1	0	0	0
DN_NC_073230.2_47098444_23	DN_NC_073230.2_51812102_9	23	9	9	3	3	3	0.3333	0.9675	0.9828	0	7	3	3	3	3	3
DN_NC_073230.2_47098444_23	DN_NC_073230.2_86128587_5	23	5	5	3	3	3	0.6	0.9731	0.9888	0	5	3	3	3	3	3
DN_NC_073230.2_47098444_23	DN_NC_073230.2_86257459_21	23	21	21	8	8	16	0.7619	0.9729	0.9924	0	10	8	8	8	8	8
DN_NC_073230.2_47332274_8	DN_NC_073244.2_63917963_3	8	3	3	0	0	0	0.0	0.0	0.0	0	2	0	0	0	0	0
DN_NC_073230.2_51812102_9	DN_NC_073230.2_86128587_5	9	5	5	4	4	4	0.8	0.9545	0.9943	0	5	4	4	4	4	4
DN_NC_073230.2_51812102_9	DN_NC_073230.2_86213678_7	9	7	7	6	6	6	0.8571	0.9653	0.9938	0	6	6	6	6	6	6
DN_NC_073230.2_51889040_3	DN_NC_073232.2_109704136_4	3	4	3	2	2	2	0.6667	0.7776	0.7778	0	2	2	2	2	2	0
DN_NC_073230.2_52044244_19	DN_NC_073232.2_41878762_20	19	20	19	15	15	15	0.7895	0.7957	0.883	0	18	18	17	15	12	7
DN_NC_073230.2_52428682_23	DN_NC_073232.2_66124270_23	23	23	23	18	18	18	0.7826	0.7926	0.8989	0	22	20	19	18	15	6
DN_NC_073230.2_53547116_11	DN_NC_073230.2_64295055_2	11	2	2	0	0	0	0.0	0.0	0.0	0	2	1	1	0	0	0
DN_NC_073230.2_53547116_11	DN_NC_073230.2_64705365_4	11	4	4	0	0	0	0.0	0.0	0.0	0	3	1	1	0	0	0
DN_NC_073230.2_53547116_11	DN_NC_073233.2_55845432_8	11	8	8	5	5	5	0.625	0.8718	0.9398	0	5	5	5	5	5	4
DN_NC_073230.2_56036026_15	DN_NC_073233.2_11450665_3	15	3	3	1	1	1	0.3333	0.7811	0.7811	1	3	1	1	1	1	0
DN_NC_073230.2_56036026_15	DN_NC_073246.2_35769268_8	15	8	8	1	1	1	0.125	0.9054	0.9054	1	6	1	1	1	1	1
DN_NC_073230.2_63938060_3	DN_NC_073230.2_64191496_8	3	8	3	2	2	2	0.6667	0.8585	0.9464	0	3	2	2	2	2	1
DN_NC_073230.2_63938060_3	DN_NC_073230.2_64295055_2	3	2	2	0	0	0	0.0	0.0	0.0	0	2	1	1	0	0	0
DN_NC_073230.2_63938060_3	DN_NC_073230.2_64705365_4	3	4	3	2	2	2	0.6667	0.9949	1.0	0	3	2	2	2	2	2
DN_NC_073230.2_63974160_10	DN_NC_073236.2_47432803_11	10	11	10	7	7	7	0.7	0.8079	0.8656	0	9	8	8	7	7	3
DN_NC_073230.2_63974160_10	DN_NC_073245.2_35625538_4	10	4	4	0	0	0	0.0	0.0	0.0	0	3	0	0	0	0	0
DN_NC_073230.2_64191496_8	DN_NC_073230.2_64705365_4	8	4	4	1	1	1	0.25	0.9464	0.9464	1	3	1	1	1	1	1
DN_NC_073230.2_64900495_2	DN_NC_073230.2_73977205_4	2	4	2	0	0	0	0.0	0.0	0.0	0	1	1	0	0	0	0
DN_NC_073230.2_64900495_2	DN_NC_073230.2_74126483_4	2	4	2	0	0	0	0.0	0.0	0.0	0	2	1	0	0	0	0
DN_NC_073230.2_64900495_2	DN_NC_073230.2_74190289_5	2	5	2	0	0	0	0.0	0.0	0.0	0	1	0	0	0	0	0
DN_NC_073230.2_64900495_2	DN_NC_073230.2_74299233_4	2	4	2	0	0	0	0.0	0.0	0.0	0	1	1	0	0	0	0
DN_NC_073230.2_64900495_2	DN_NC_073242.2_66613619_4	2	4	2	0	0	0	0.0	0.0	0.0	0	2	1	0	0	0	0
DN_NC_073230.2_64900495_2	DN_NC_073244.2_26240039_2	2	2	2	0	0	0	0.0	0.0	0.0	0	1	1	0	0	0	0
DN_NC_073230.2_64900495_2	DN_NC_073244.2_26470366_4	2	4	2	0	0	0	0.0	0.0	0.0	0	1	1	0	0	0	0
DN_NC_073230.2_64900495_2	DN_NC_073244.2_26666712_5	2	5	2	0	0	0	0.0	0.0	0.0	0	1	1	0	0	0	0
DN_NC_073230.2_64900495_2	DN_NC_073244.2_27131194_2	2	2	2	0	0	0	0.0	0.0	0.0	0	1	1	0	0	0	0
DN_NC_073230.2_64900495_2	DN_NC_073244.2_27285351_4	2	4	2	0	0	0	0.0	0.0	0.0	0	2	1	0	0	0	0
DN_NC_073230.2_64900495_2	DN_NC_073244.2_27504818_5	2	5	2	0	0	0	0.0	0.0	0.0	0	1	1	1	0	0	0
DN_NC_073230.2_64900495_2	DN_NC_073244.2_27765726_4	2	4	2	0	0	0	0.0	0.0	0.0	0	1	1	0	0	0	0
DN_NC_073230.2_64900495_2	DN_NC_073244.2_27956158_2	2	2	2	0	0	0	0.0	0.0	0.0	0	1	0	0	0	0	0
DN_NC_073230.2_64900495_2	DN_NC_073244.2_28072858_4	2	4	2	0	0	0	0.0	0.0	0.0	0	1	1	0	0	0	0
DN_NC_073230.2_64900495_2	DN_NC_073244.2_28711447_2	2	2	2	0	0	0	0.0	0.0	0.0	0	2	0	0	0	0	0
DN_NC_073230.2_64900495_2	DN_NC_073244.2_29232445_4	2	4	2	0	0	0	0.0	0.0	0.0	0	1	0	0	0	0	0
DN_NC_073230.2_64900495_2	DN_NC_073244.2_29557605_4	2	4	2	0	0	0	0.0	0.0	0.0	0	1	1	0	0	0	0
DN_NC_073230.2_64900495_2	DN_NC_073244.2_29680825_2	2	2	2	0	0	0	0.0	0.0	0.0	0	2	1	0	0	0	0
DN_NC_073230.2_64900495_2	DN_NC_073244.2_29970261_4	2	4	2	0	0	0	0.0	0.0	0.0	0	1	0	0	0	0	0
DN_NC_073230.2_64900495_2	DN_NC_073244.2_30438386_2	2	2	2	0	0	0	0.0	0.0	0.0	0	2	0	0	0	0	0
DN_NC_073230.2_72857214_2	DN_NC_073230.2_72907176_2	2	2	2	2	2	2	1.0	0.9969	0.9996	0	2	2	2	2	2	2
DN_NC_073230.2_72857214_2	DN_NC_073230.2_73388327_2	2	2	2	2	2	2	1.0	0.8673	0.9033	0	2	2	2	2	2	2
DN_NC_073230.2_72907176_2	DN_NC_073230.2_73388327_2	2	2	2	2	2	2	1.0	0.8743	0.9037	0	2	2	2	2	2	2
DN_NC_073230.2_73508332_4	DN_NC_073230.2_73977205_4	4	4	4	2	2	2	0.5	0.8021	0.8105	0	4	4	2	2	2	2
DN_NC_073230.2_73508332_4	DN_NC_073230.2_74126483_4	4	4	4	2	2	2	0.5	0.7889	0.8	0	4	3	2	2	2	1
DN_NC_073230.2_73508332_4	DN_NC_073230.2_74190289_5	4	5	4	2	2	2	0.5	0.7875	0.8211	0	3	2	2	2	2	1
DN_NC_073230.2_73508332_4	DN_NC_073230.2_74299233_4	4	4	4	2	2	2	0.5	0.814	0.8175	0	4	4	2	2	2	2
DN_NC_073230.2_73508332_4	DN_NC_073230.2_74637814_2	4	2	2	0	0	0	0.0	0.0	0.0	0	2	1	1	0	0	0
DN_NC_073230.2_73508332_4	DN_NC_073242.2_37386128_4	4	4	4	2	2	2	0.5	0.8048	0.8095	0	4	4	2	2	2	2
DN_NC_073230.2_73508332_4	DN_NC_073242.2_66613619_4	4	4	4	2	2	2	0.5	0.7983	0.8108	0	4	3	2	2	2	1
DN_NC_073230.2_73508332_4	DN_NC_073244.2_26240035_4	4	4	4	2	2	2	0.5	0.7534	0.8016	0	4	4	2	2	1	1
DN_NC_073230.2_73508332_4	DN_NC_073244.2_26314241_4	4	4	4	2	2	2	0.5	0.7665	0.7857	0	4	3	2	2	1	0
DN_NC_073230.2_73508332_4	DN_NC_073244.2_26470366_4	4	4	4	2	2	2	0.5	0.8048	0.8175	0	4	4	2	2	2	2
DN_NC_073230.2_73508332_4	DN_NC_073244.2_26666712_5	4	5	4	2	2	2	0.5	0.7627	0.8095	0	3	3	2	2	1	1
DN_NC_073230.2_73508332_4	DN_NC_073244.2_26901109_4	4	4	4	1	1	1	0.25	0.7158	0.7158	1	3	3	1	1	0	0
DN_NC_073230.2_73508332_4	DN_NC_073244.2_27051998_4	4	4	4	2	2	2	0.5	0.7679	0.8095	0	4	3	2	2	1	1
DN_NC_073230.2_73508332_4	DN_NC_073244.2_27131194_2	4	2	2	0	0	0	0.0	0.0	0.0	0	2	1	0	0	0	0
DN_NC_073230.2_73508332_4	DN_NC_073244.2_27285351_4	4	4	4	2	2	2	0.5	0.7573	0.7778	0	4	2	2	2	1	0
DN_NC_073230.2_73508332_4	DN_NC_073244.2_27408454_4	4	4	4	2	2	2	0.5	0.7837	0.8095	0	4	4	2	2	2	1
DN_NC_073230.2_73508332_4	DN_NC_073244.2_27504818_5	4	5	4	2	2	2	0.5	0.8009	0.8333	0	4	4	2	2	2	1
DN_NC_073230.2_73508332_4	DN_NC_073244.2_27626411_5	4	5	4	2	2	2	0.5	0.7864	0.8254	0	4	4	2	2	1	1
DN_NC_073230.2_73508332_4	DN_NC_073244.2_27765726_4	4	4	4	2	2	2	0.5	0.7876	0.7895	0	3	3	3	2	2	0
DN_NC_073230.2_73508332_4	DN_NC_073244.2_27869273_3	4	3	3	1	1	1	0.3333	0.8	0.8	1	2	1	1	1	1	1
DN_NC_073230.2_73508332_4	DN_NC_073244.2_27956158_2	4	2	2	0	0	0	0.0	0.0	0.0	0	1	0	0	0	0	0
DN_NC_073230.2_73508332_4	DN_NC_073244.2_28072858_4	4	4	4	2	2	2	0.5	0.7745	0.8016	0	4	4	2	2	1	1
DN_NC_073230.2_73508332_4	DN_NC_073244.2_28256975_5	4	5	4	2	2	2	0.5	0.8219	0.8333	0	4	4	2	2	2	2
DN_NC_073230.2_73508332_4	DN_NC_073244.2_28333451_4	4	4	4	2	2	2	0.5	0.7942	0.8095	0	4	4	3	2	2	1
DN_NC_073230.2_73508332_4	DN_NC_073244.2_28711447_2	4	2	2	0	0	0	0.0	0.0	0.0	0	2	2	0	0	0	0
DN_NC_073230.2_73508332_4	DN_NC_073244.2_28820229_4	4	4	4	2	2	2	0.5	0.7955	0.8016	0	4	2	2	2	2	1
DN_NC_073230.2_73508332_4	DN_NC_073244.2_29046961_4	4	4	4	2	2	2	0.5	0.7955	0.8016	0	4	4	2	2	2	1
DN_NC_073230.2_73508332_4	DN_NC_073244.2_29232445_4	4	4	4	2	2	2	0.5	0.8113	0.8211	0	2	2	2	2	2	2
DN_NC_073230.2_73508332_4	DN_NC_073244.2_29297022_4	4	4	4	2	2	2	0.5	0.7679	0.8175	0	4	3	2	2	1	1
DN_NC_073230.2_73508332_4	DN_NC_073244.2_29557605_4	4	4	4	2	2	2	0.5	0.81	0.8105	0	3	3	2	2	2	2
DN_NC_073230.2_73508332_4	DN_NC_073244.2_29680825_2	4	2	2	0	0	0	0.0	0.0	0.0	0	2	1	0	0	0	0
DN_NC_073230.2_73508332_4	DN_NC_073244.2_29970261_4	4	4	4	2	2	2	0.5	0.7692	0.8095	0	3	2	2	2	1	1
DN_NC_073230.2_73508332_4	DN_NC_073244.2_30067652_4	4	4	4	2	2	2	0.5	0.7784	0.8095	0	4	2	2	2	1	1
DN_NC_073230.2_73508332_4	DN_NC_073244.2_30090650_6	4	6	4	1	1	1	0.25	0.7579	0.7579	1	3	3	2	1	1	0
DN_NC_073230.2_73508332_4	DN_NC_073244.2_30438386_2	4	2	2	0	0	0	0.0	0.0	0.0	0	2	1	0	0	0	0
DN_NC_073230.2_73508332_4	DN_NC_073244.2_65046428_2	4	4	4	1	1	1	0.25	0.8083	0.8083	1	1	1	1	1	1	1
DN_NC_073230.2_73508332_4	DN_NC_073244.2_65266359_4	4	4	4	1	1	1	0.25	0.7698	0.7698	1	2	1	1	1	1	0
DN_NC_073230.2_73776646_4	DN_NC_073230.2_73977205_4	4	4	4	2	2	2	0.5	0.8074	0.8211	0	3	3	2	2	2	2
DN_NC_073230.2_73776646_4	DN_NC_073230.2_74126483_4	4	4	4	2	2	2	0.5	0.7942	0.8105	0	4	3	3	2	2	1
DN_NC_073230.2_73776646_4	DN_NC_073230.2_74190289_5	4	5	4	2	2	2	0.5	0.7967	0.8316	0	3	2	2	2	2	1
DN_NC_073230.2_73776646_4	DN_NC_073230.2_74299233_4	4	4	4	2	2	2	0.5	0.8232	0.8254	0	3	3	2	2	2	2
DN_NC_073230.2_73776646_4	DN_NC_073230.2_74637814_2	4	2	2	0	0	0	0.0	0.0	0.0	0	1	1	0	0	0	0
DN_NC_073230.2_73776646_4	DN_NC_073242.2_66613619_4	4	4	4	2	2	2	0.5	0.8011	0.8243	0	4	3	2	2	2	1
DN_NC_073230.2_73776646_4	DN_NC_073244.2_26240035_4	4	4	4	2	2	2	0.5	0.7613	0.7857	0	3	3	2	2	1	0
DN_NC_073230.2_73776646_4	DN_NC_073244.2_26314241_4	4	4	4	2	2	2	0.5	0.7678	0.7857	0	3	2	2	2	2	0
DN_NC_073230.2_73776646_4	DN_NC_073244.2_26470366_4	4	4	4	2	2	2	0.5	0.8048	0.8175	0	3	3	2	2	2	2
DN_NC_073230.2_73776646_4	DN_NC_073244.2_26666712_5	4	5	4	2	2	2	0.5	0.7692	0.8095	0	3	3	2	2	1	1
DN_NC_073230.2_73776646_4	DN_NC_073244.2_27051998_4	4	4	4	2	2	2	0.5	0.785	0.8016	0	3	3	2	2	2	1
DN_NC_073230.2_73776646_4	DN_NC_073244.2_27285351_4	4	4	4	2	2	2	0.5	0.7586	0.7778	0	4	3	2	2	1	0
DN_NC_073230.2_73776646_4	DN_NC_073244.2_27408454_4	4	4	4	2	2	2	0.5	0.789	0.8095	0	4	3	2	2	2	1
DN_NC_073230.2_73776646_4	DN_NC_073244.2_27504818_5	4	5	4	2	2	2	0.5	0.8009	0.8333	0	3	3	3	2	2	1
DN_NC_073230.2_73776646_4	DN_NC_073244.2_27626411_5	4	5	4	2	2	2	0.5	0.7877	0.8254	0	3	3	2	2	2	1
DN_NC_073230.2_73776646_4	DN_NC_073244.2_27765726_4	4	4	4	2	2	2	0.5	0.7889	0.8	0	3	3	2	2	2	1
DN_NC_073230.2_73776646_4	DN_NC_073244.2_27869273_3	4	3	3	1	1	1	0.3333	0.7895	0.7895	1	2	1	1	1	1	0
DN_NC_073230.2_73776646_4	DN_NC_073244.2_27956158_2	4	2	2	0	0	0	0.0	0.0	0.0	0	1	0	0	0	0	0
DN_NC_073230.2_73776646_4	DN_NC_073244.2_28072858_4	4	4	4	2	2	2	0.5	0.7652	0.8016	0	3	2	2	2	1	1
DN_NC_073230.2_73776646_4	DN_NC_073244.2_28333451_4	4	4	4	2	2	2	0.5	0.7903	0.8095	0	4	3	3	2	2	1
DN_NC_073230.2_73776646_4	DN_NC_073244.2_28588105_4	4	4	4	2	2	2	0.5	0.8377	0.8421	0	4	3	2	2	2	2
DN_NC_073230.2_73776646_4	DN_NC_073244.2_28711447_2	4	2	2	0	0	0	0.0	0.0	0.0	0	2	1	0	0	0	0
DN_NC_073230.2_73776646_4	DN_NC_073244.2_29046961_4	4	4	4	2	2	2	0.5	0.8232	0.8254	0	4	3	2	2	2	2
DN_NC_073230.2_73776646_4	DN_NC_073244.2_29232445_4	4	4	4	2	2	2	0.5	0.8061	0.8105	0	2	2	2	2	2	2
DN_NC_073230.2_73776646_4	DN_NC_073244.2_29297022_4	4	4	4	2	2	2	0.5	0.7732	0.8175	0	4	3	2	2	1	1
DN_NC_073230.2_73776646_4	DN_NC_073244.2_29557605_4	4	4	4	2	2	2	0.5	0.8113	0.8211	0	3	3	2	2	2	2
DN_NC_073230.2_73776646_4	DN_NC_073244.2_29680825_2	4	2	2	0	0	0	0.0	0.0	0.0	0	2	1	0	0	0	0
DN_NC_073230.2_73776646_4	DN_NC_073244.2_30067652_4	4	4	4	2	2	2	0.5	0.785	0.8016	0	4	2	2	2	2	1
DN_NC_073230.2_73776646_4	DN_NC_073244.2_30438386_2	4	2	2	0	0	0	0.0	0.0	0.0	0	2	1	0	0	0	0
DN_NC_073230.2_73776646_4	DN_NC_073244.2_64265252_5	4	5	4	1	1	1	0.25	0.8016	0.8016	1	3	2	1	1	1	1
DN_NC_073230.2_73776646_4	DN_NC_073244.2_64585864_4	4	4	4	1	1	1	0.25	0.7857	0.7857	1	2	1	1	1	1	0
DN_NC_073230.2_73776646_4	DN_NC_073244.2_64836827_4	4	4	4	1	1	1	0.25	0.7778	0.7778	1	2	1	1	1	1	0
DN_NC_073230.2_73977205_4	DN_NC_073230.2_74126483_4	4	4	4	3	3	3	0.75	0.8874	0.9048	0	4	4	4	3	3	3
DN_NC_073230.2_73977205_4	DN_NC_073230.2_74190289_5	4	5	4	3	3	3	0.75	0.8515	0.881	0	4	4	4	3	3	3
DN_NC_073230.2_73977205_4	DN_NC_073230.2_74299233_4	4	4	4	4	4	4	1.0	0.8686	0.9365	0	4	4	4	4	3	3
DN_NC_073230.2_73977205_4	DN_NC_073230.2_74637814_2	4	2	2	2	2	2	1.0	0.7898	0.8249	0	2	2	2	2	2	1
DN_NC_073230.2_73977205_4	DN_NC_073233.2_9788172_5	4	5	4	2	2	2	0.5	0.7942	0.8175	0	4	4	2	2	2	1
DN_NC_073230.2_73977205_4	DN_NC_073241.2_36126198_2	4	2	2	0	0	0	0.0	0.0	0.0	0	2	2	1	0	0	0
DN_NC_073230.2_73977205_4	DN_NC_073242.2_37386128_4	4	4	4	2	2	2	0.5	0.7903	0.8016	0	4	4	2	2	2	1
DN_NC_073230.2_73977205_4	DN_NC_073242.2_66613619_4	4	4	4	3	3	3	0.75	0.852	0.8968	0	4	4	4	3	3	3
DN_NC_073230.2_73977205_4	DN_NC_073244.2_26240035_4	4	4	4	3	3	3	0.75	0.8432	0.8968	0	4	4	3	3	3	3
DN_NC_073230.2_73977205_4	DN_NC_073244.2_26314241_4	4	4	4	3	3	3	0.75	0.8268	0.8968	0	4	4	4	3	3	2
DN_NC_073230.2_73977205_4	DN_NC_073244.2_26470366_4	4	4	4	2	2	2	0.5	0.8167	0.8333	0	4	4	4	2	2	2
DN_NC_073230.2_73977205_4	DN_NC_073244.2_26666712_5	4	5	4	3	3	3	0.75	0.8298	0.881	0	4	3	3	3	3	3
DN_NC_073230.2_73977205_4	DN_NC_073244.2_26901109_4	4	4	4	2	2	2	0.5	0.8283	0.8355	0	3	3	3	2	2	2
DN_NC_073230.2_73977205_4	DN_NC_073244.2_27051998_4	4	4	4	3	3	3	0.75	0.8465	0.9048	0	4	4	4	3	3	3
DN_NC_073230.2_73977205_4	DN_NC_073244.2_27131194_2	4	2	2	1	1	1	0.5	0.7389	0.7389	1	2	2	2	1	0	0
DN_NC_073230.2_73977205_4	DN_NC_073244.2_27285351_4	4	4	4	3	3	3	0.75	0.8494	0.881	0	4	4	4	3	3	3
DN_NC_073230.2_73977205_4	DN_NC_073244.2_27408454_4	4	4	4	3	3	3	0.75	0.8652	0.9444	0	4	4	4	3	3	3
DN_NC_073230.2_73977205_4	DN_NC_073244.2_27504818_5	4	5	4	3	3	3	0.75	0.8711	0.9048	0	4	4	4	3	3	3
DN_NC_073230.2_73977205_4	DN_NC_073244.2_27566430_5	4	5	4	4	4	4	1.0	0.8099	0.881	0	4	4	4	4	3	2
DN_NC_073230.2_73977205_4	DN_NC_073244.2_27765726_4	4	4	4	4	4	4	1.0	0.8545	0.9206	0	4	4	4	4	3	3
DN_NC_073230.2_73977205_4	DN_NC_073244.2_27869273_3	4	3	3	2	2	2	0.6667	0.7959	0.8211	0	3	3	3	2	2	1
DN_NC_073230.2_73977205_4	DN_NC_073244.2_27956158_2	4	2	2	2	2	2	1.0	0.7842	0.8324	0	2	2	2	2	1	1
DN_NC_073230.2_73977205_4	DN_NC_073244.2_28072858_4	4	4	4	3	3	3	0.75	0.8111	0.9127	0	4	4	3	3	2	2
DN_NC_073230.2_73977205_4	DN_NC_073244.2_28256975_5	4	5	4	4	4	4	1.0	0.8573	0.9053	0	4	4	4	4	3	3
DN_NC_073230.2_73977205_4	DN_NC_073244.2_28588105_4	4	4	4	4	4	4	1.0	0.8494	0.9158	0	4	4	4	4	3	3
DN_NC_073230.2_73977205_4	DN_NC_073244.2_28711447_4	4	5	4	3	3	3	0.75	0.8687	0.9365	0	4	4	4	3	3	3
DN_NC_073230.2_73977205_4	DN_NC_073244.2_28820229_4	4	4	4	3	3	3	0.75	0.8134	0.8968	0	3	3	3	3	2	2
DN_NC_073230.2_73977205_4	DN_NC_073244.2_29046961_4	4	4	4	4	4	4	1.0	0.8266	0.8889	0	4	4	4	4	3	3
DN_NC_073230.2_73977205_4	DN_NC_073244.2_29232445_4	4	4	4	3	3	3	0.75	0.8266	0.8889	0	3	3	3	3	2	2
DN_NC_073230.2_73977205_4	DN_NC_073244.2_29297022_4	4	4	4	3	3	3	0.75	0.8621	0.9286	0	4	4	4	3	3	3
DN_NC_073230.2_73977205_4	DN_NC_073244.2_29557605_4	4	4	4	3	3	3	0.75	0.8862	0.9444	0	4	4	4	3	3	3
DN_NC_073230.2_73977205_4	DN_NC_073244.2_29680825_4	4	4	4	3	3	3	0.75	0.8742	0.9206	0	4	4	4	3	3	3
DN_NC_073230.2_73977205_4	DN_NC_073244.2_29970261_4	4	4	4	4	4	4	1.0	0.8366	0.9127	0	4	4	4	4	4	3
DN_NC_073230.2_73977205_4	DN_NC_073244.2_30067652_4	4	4	4	4	4	4	1.0	0.835	0.9206	0	4	4	4	4	3	3
DN_NC_073230.2_73977205_4	DN_NC_073244.2_30438386_2	4	2	2	2	2	2	1.0	0.8034	0.8617	0	2	2	2	2	1	1
DN_NC_073230.2_73977205_4	DN_NC_073244.2_64125568_5	4	5	4	1	1	1	0.25	0.8254	0.8254	1	3	2	1	1	1	1
DN_NC_073230.2_73977205_4	DN_NC_073244.2_64585864_4	4	4	4	1	1	1	0.25	0.8254	0.8254	1	3	1	1	1	1	1
DN_NC_073230.2_73977205_4	DN_NC_073244.2_65003440_7	4	7	4	1	1	1	0.25	0.8413	0.8413	1	3	3	1	1	1	1
DN_NC_073230.2_73977205_4	DN_NC_073244.2_65266359_4	4	4	4	1	1	1	0.25	0.8016	0.8016	1	1	1	1	1	1	1
DN_NC_073230.2_73977205_4	DN_NC_073246.2_15789285_3	4	3	3	1	1	1	0.3333	0.8571	0.8651	1	3	3	2	1	1	1
DN_NC_073230.2_74126483_4	DN_NC_073230.2_74190289_5	4	5	4	4	4	4	1.0	0.8199	0.8651	0	4	4	4	4	3	3
DN_NC_073230.2_74126483_4	DN_NC_073230.2_74299233_4	4	4	4	3	3	3	0.75	0.8974	0.9053	0	4	4	4	3	3	3
DN_NC_073230.2_74126483_4	DN_NC_073230.2_74637814_2	4	2	2	2	2	2	1.0	0.777	0.8531	0	2	2	2	2	1	1
DN_NC_073230.2_74126483_4	DN_NC_073233.2_9788172_5	4	5	4	2	2	2	0.5	0.7691	0.7857	0	4	4	2	2	2	0
DN_NC_073230.2_74126483_4	DN_NC_073241.2_36126198_2	4	2	2	0	0	0	0.0	0.0	0.0	0	1	1	1	0	0	0
DN_NC_073230.2_74126483_4	DN_NC_073242.2_37386128_4	4	4	4	2	2	2	0.5	0.7718	0.7857	0	4	4	2	2	2	0
DN_NC_073230.2_74126483_4	DN_NC_073242.2_66613619_4	4	4	4	4	4	4	1.0	0.8274	0.8603	0	4	4	4	4	4	3
DN_NC_073230.2_74126483_4	DN_NC_073244.2_26240035_4	4	4	4	3	3	3	0.75	0.8436	0.873	0	4	4	4	3	3	3
DN_NC_073230.2_74126483_4	DN_NC_073244.2_26470366_4	4	4	4	2	2	2	0.5	0.8021	0.8105	0	4	4	4	2	2	1
DN_NC_073230.2_74126483_4	DN_NC_073244.2_26666712_5	4	5	4	3	3	3	0.75	0.8442	0.873	0	3	3	3	3	3	3
DN_NC_073230.2_74126483_4	DN_NC_073244.2_26901109_4	4	4	4	2	2	2	0.5	0.8349	0.8487	0	3	3	3	2	2	2
DN_NC_073230.2_74126483_4	DN_NC_073244.2_27051998_4	4	4	4	3	3	3	0.75	0.8434	0.881	0	4	4	4	3	3	3
DN_NC_073230.2_74126483_4	DN_NC_073244.2_27285351_4	4	4	4	3	3	3	0.75	0.852	0.881	0	4	4	3	3	3	3
DN_NC_073230.2_74126483_4	DN_NC_073244.2_27408454_4	4	4	4	3	3	3	0.75	0.866	0.9048	0	4	4	4	3	3	3
DN_NC_073230.2_74126483_4	DN_NC_073244.2_27504818_5	4	5	4	3	3	3	0.75	0.8732	0.8861	0	4	4	4	3	3	3
DN_NC_073230.2_74126483_4	DN_NC_073244.2_27566430_5	4	5	4	3	3	3	0.75	0.8566	0.8916	0	3	3	3	3	3	3
DN_NC_073230.2_74126483_4	DN_NC_073244.2_27765726_4	4	4	4	3	3	3	0.75	0.8821	0.8916	0	3	3	3	3	3	3
DN_NC_073230.2_74126483_4	DN_NC_073244.2_27869273_3	4	3	3	3	3	3	1.0	0.796	0.8421	0	3	3	3	3	3	1
DN_NC_073230.2_74126483_4	DN_NC_073244.2_27956158_4	4	4	4	3	3	3	0.75	0.846	0.873	0	3	3	3	3	3	3
DN_NC_073230.2_74126483_4	DN_NC_073244.2_28072858_4	4	4	4	3	3	3	0.75	0.8022	0.8651	0	4	4	3	3	2	2
DN_NC_073230.2_74126483_4	DN_NC_073244.2_28256975_5	4	5	4	3	3	3	0.75	0.8935	0.9158	0	4	4	3	3	3	3
DN_NC_073230.2_74126483_4	DN_NC_073244.2_28588105_4	4	4	4	3	3	3	0.75	0.8871	0.9263	0	4	4	4	3	3	3
DN_NC_073230.2_74126483_4	DN_NC_073244.2_28711447_4	4	5	4	4	4	4	1.0	0.8217	0.8889	0	4	4	4	4	3	3
DN_NC_073230.2_74126483_4	DN_NC_073244.2_28820229_4	4	4	4	4	4	4	1.0	0.7806	0.873	0	4	4	4	4	2	2
DN_NC_073230.2_74126483_4	DN_NC_073244.2_29046961_4	4	4	4	3	3	3	0.75	0.8697	0.8842	0	4	4	4	3	3	3
DN_NC_073230.2_74126483_4	DN_NC_073244.2_29232445_4	4	4	4	2	2	2	0.5	0.8734	0.8737	0	2	2	2	2	2	2
DN_NC_073230.2_74126483_4	DN_NC_073244.2_29297022_4	4	4	4	3	3	3	0.75	0.8394	0.881	0	4	4	4	3	3	3
DN_NC_073230.2_74126483_4	DN_NC_073244.2_29557605_4	4	4	4	4	4	4	1.0	0.8455	0.9048	0	4	4	4	4	3	3
DN_NC_073230.2_74126483_4	DN_NC_073244.2_29680825_4	4	4	4	4	4	4	1.0	0.8201	0.873	0	4	4	4	4	3	3
DN_NC_073230.2_74126483_4	DN_NC_073244.2_29970261_4	4	4	4	3	3	3	0.75	0.8572	0.875	0	3	3	3	3	3	3
DN_NC_073230.2_74126483_4	DN_NC_073244.2_30067652_4	4	4	4	3	3	3	0.75	0.8689	0.8968	0	4	4	3	3	3	3
DN_NC_073230.2_74126483_4	DN_NC_073244.2_30090650_6	4	6	4	2	2	2	0.5	0.8024	0.8526	0	4	3	2	2	2	1
DN_NC_073230.2_74126483_4	DN_NC_073244.2_30438386_2	4	2	2	1	1	1	0.5	0.8511	0.8511	1	2	2	2	1	1	1
DN_NC_073230.2_74126483_4	DN_NC_073244.2_64034715_7	4	7	4	1	1	1	0.25	0.746	0.746	1	4	3	2	1	0	0
DN_NC_073230.2_74126483_4	DN_NC_073244.2_64125568_5	4	5	4	1	1	1	0.25	0.7857	0.7857	1	3	2	1	1	1	0
DN_NC_073230.2_74126483_4	DN_NC_073244.2_64400145_5	4	5	4	1	1	1	0.25	0.7698	0.7698	1	3	2	1	1	1	0
DN_NC_073230.2_74126483_4	DN_NC_073244.2_64426370_6	4	6	4	1	1	1	0.25	0.7381	0.7381	1	3	1	1	1	0	0
DN_NC_073230.2_74126483_4	DN_NC_073244.2_64500861_5	4	5	4	1	1	1	0.25	0.7222	0.7222	1	3	1	1	1	0	0
DN_NC_073230.2_74126483_4	DN_NC_073244.2_64585864_4	4	4	4	1	1	1	0.25	0.7619	0.7619	1	3	2	1	1	1	0
DN_NC_073230.2_74126483_4	DN_NC_073244.2_64672255_4	4	4	4	1	1	1	0.25	0.746	0.746	1	2	2	1	1	0	0
DN_NC_073230.2_74126483_4	DN_NC_073244.2_64759228_5	4	5	4	1	1	1	0.25	0.7778	0.7778	1	2	2	1	1	1	0
DN_NC_073230.2_74126483_4	DN_NC_073244.2_64797239_5	4	5	4	1	1	1	0.25	0.754	0.754	1	3	2	1	1	1	0
DN_NC_073230.2_74126483_4	DN_NC_073244.2_64836827_4	4	4	4	1	1	1	0.25	0.746	0.746	1	3	1	1	1	0	0
DN_NC_073230.2_74126483_4	DN_NC_073244.2_65046428_4	4	3	3	1	1	1	0.3333	0.7833	0.7833	1	1	1	1	1	1	0
DN_NC_073230.2_74126483_4	DN_NC_073244.2_65266359_4	4	4	4	1	1	1	0.25	0.746	0.746	1	2	2	1	1	0	0
DN_NC_073230.2_74126483_4	DN_NC_073244.2_65326089_4	4	4	4	1	1	1	0.25	0.7619	0.7619	1	2	2	1	1	1	0
DN_NC_073230.2_74126483_4	DN_NC_073244.2_65362909_5	4	5	4	1	1	1	0.25	0.7381	0.7381	1	3	2	1	1	0	0
DN_NC_073230.2_74126483_4	DN_NC_073244.2_65398487_4	4	4	4	1	1	1	0.25	0.7698	0.7698	1	2	2	1	1	1	0
DN_NC_073230.2_74126483_4	DN_NC_073246.2_15789285_3	4	3	3	1	1	1	0.3333	0.8016	0.8016	1	3	2	2	1	1	1
DN_NC_073230.2_74190280_2	DN_NC_073231.2_79866967_2	2	2	2	1	1	1	0.5	0.9221	0.9221	1	2	1	1	1	1	1
DN_NC_073230.2_74190289_5	DN_NC_073230.2_74299233_4	5	4	4	3	3	3	0.75	0.8601	0.881	0	4	4	4	3	3	3
DN_NC_073230.2_74190289_5	DN_NC_073230.2_74637814_2	5	2	2	1	1	1	0.5	0.7791	0.7791	1	2	2	2	1	1	0
DN_NC_073230.2_74190289_5	DN_NC_073241.2_36126183_3	5	3	3	1	1	1	0.3333	0.7778	0.7857	1	3	3	1	1	1	0
DN_NC_073230.2_74190289_5	DN_NC_073242.2_37386128_4	5	4	4	2	2	2	0.5	0.7731	0.7778	0	4	4	2	2	2	0
DN_NC_073230.2_74190289_5	DN_NC_073242.2_66613619_4	5	4	4	4	4	4	1.0	0.786	0.8571	0	4	4	4	4	3	1
DN_NC_073230.2_74190289_5	DN_NC_073244.2_26240039_2	5	2	2	1	1	1	0.5	0.7616	0.7616	1	2	2	2	1	1	0
DN_NC_073230.2_74190289_5	DN_NC_073244.2_26314241_4	5	4	4	3	3	3	0.75	0.8085	0.873	0	4	4	4	3	3	2
DN_NC_073230.2_74190289_5	DN_NC_073244.2_26470366_4	5	4	4	2	2	2	0.5	0.7691	0.7778	0	4	4	3	2	2	0
DN_NC_073230.2_74190289_5	DN_NC_073244.2_26666712_5	5	5	5	3	3	3	0.6	0.804	0.8413	0	4	3	3	3	3	1
DN_NC_073230.2_74190289_5	DN_NC_073244.2_26901109_4	5	4	4	2	2	2	0.5	0.7829	0.7895	0	4	3	3	2	2	0
DN_NC_073230.2_74190289_5	DN_NC_073244.2_27051998_4	5	4	4	3	3	3	0.75	0.8183	0.8651	0	4	4	4	3	3	2
DN_NC_073230.2_74190289_5	DN_NC_073244.2_27131194_2	5	2	2	0	0	0	0.0	0.0	0.0	0	2	2	2	0	0	0
DN_NC_073230.2_74190289_5	DN_NC_073244.2_27285351_4	5	4	4	3	3	3	0.75	0.8373	0.8651	0	4	4	4	3	3	3
DN_NC_073230.2_74190289_5	DN_NC_073244.2_27408454_4	5	4	4	3	3	3	0.75	0.842	0.8889	0	4	4	4	3	3	2
DN_NC_073230.2_74190289_5	DN_NC_073244.2_27504818_5	5	5	5	3	3	3	0.6	0.8299	0.8492	0	4	4	4	3	3	3
DN_NC_073230.2_74190289_5	DN_NC_073244.2_27566430_5	5	5	5	4	4	4	0.8	0.8065	0.8547	0	4	4	4	4	3	3
DN_NC_073230.2_74190289_5	DN_NC_073244.2_27765726_4	5	4	4	4	4	4	1.0	0.8165	0.8889	0	4	4	4	4	3	3
DN_NC_073230.2_74190289_5	DN_NC_073244.2_27869273_3	5	3	3	3	3	3	1.0	0.7495	0.8	0	3	3	3	3	1	1
DN_NC_073230.2_74190289_5	DN_NC_073244.2_27956158_2	5	2	2	2	2	2	1.0	0.7573	0.814	0	2	2	2	2	1	1
DN_NC_073230.2_74190289_5	DN_NC_073244.2_28072858_4	5	4	4	2	2	2	0.5	0.8101	0.8492	0	4	4	3	2	2	1
DN_NC_073230.2_74190289_5	DN_NC_073244.2_28256975_5	5	5	5	3	3	3	0.6	0.8507	0.8737	0	4	4	4	3	3	3
DN_NC_073230.2_74190289_5	DN_NC_073244.2_28333451_4	5	4	4	3	3	3	0.75	0.8206	0.8889	0	4	4	3	3	3	2
DN_NC_073230.2_74190289_5	DN_NC_073244.2_28588105_4	5	4	4	4	4	4	1.0	0.819	0.8947	0	4	4	4	4	3	3
DN_NC_073230.2_74190289_5	DN_NC_073244.2_28711447_4	5	5	5	4	4	4	0.8	0.8042	0.8651	0	5	4	4	4	3	2
DN_NC_073230.2_74190289_5	DN_NC_073244.2_28820229_4	5	4	4	2	2	2	0.5	0.8299	0.8492	0	3	3	3	2	2	2
DN_NC_073230.2_74190289_5	DN_NC_073244.2_29046961_4	5	4	4	3	3	3	0.75	0.8383	0.8421	0	4	4	4	3	3	3
DN_NC_073230.2_74190289_5	DN_NC_073244.2_29232445_4	5	4	4	4	4	4	1.0	0.7897	0.8492	0	4	4	4	4	3	2
DN_NC_073230.2_74190289_5	DN_NC_073244.2_29297022_4	5	4	4	4	4	4	1.0	0.7944	0.8571	0	4	4	4	4	3	2
DN_NC_073230.2_74190289_5	DN_NC_073244.2_29557605_4	5	4	4	3	3	3	0.75	0.8582	0.8968	0	4	4	4	3	3	2
DN_NC_073230.2_74190289_5	DN_NC_073244.2_29680825_2	5	2	2	2	2	2	1.0	0.7617	0.8027	0	2	2	2	2	1	1
DN_NC_073230.2_74190289_5	DN_NC_073244.2_29970261_4	5	4	4	4	4	4	1.0	0.801	0.8413	0	4	4	4	4	3	3
DN_NC_073230.2_74190289_5	DN_NC_073244.2_30438386_2	5	2	2	1	1	1	0.5	0.814	0.814	1	2	2	2	1	1	1
DN_NC_073230.2_74190289_5	DN_NC_073244.2_64724127_4	5	4	4	1	1	1	0.25	0.7222	0.7222	1	4	2	1	1	0	0
DN_NC_073230.2_74190289_5	DN_NC_073244.2_64797239_5	5	5	5	1	1	1	0.2	0.7381	0.7381	1	4	2	1	1	0	0
DN_NC_073230.2_74190289_5	DN_NC_073244.2_65293743_4	5	4	4	1	1	1	0.25	0.7778	0.7778	1	3	2	1	1	1	0
DN_NC_073230.2_74299233_4	DN_NC_073230.2_74637814_2	4	2	2	2	2	2	1.0	0.778	0.8362	0	2	2	2	2	1	1
DN_NC_073230.2_74299233_4	DN_NC_073233.2_9788172_5	4	5	4	3	3	3	0.75	0.7762	0.8333	0	4	4	3	3	2	2
DN_NC_073230.2_74299233_4	DN_NC_073241.2_36126198_2	4	2	2	0	0	0	0.0	0.0	0.0	0	2	2	1	0	0	0
DN_NC_073230.2_74299233_4	DN_NC_073242.2_37386128_4	4	4	4	2	2	2	0.5	0.8048	0.8413	0	4	3	2	2	2	1
DN_NC_073230.2_74299233_4	DN_NC_073242.2_66613619_4	4	4	4	3	3	3	0.75	0.8568	0.8968	0	4	4	3	3	3	3
DN_NC_073230.2_74299233_4	DN_NC_073244.2_26240035_4	4	4	4	3	3	3	0.75	0.8454	0.8889	0	4	4	4	3	3	3
DN_NC_073230.2_74299233_4	DN_NC_073244.2_26314241_4	4	4	4	3	3	3	0.75	0.8432	0.8968	0	4	4	4	3	3	2
DN_NC_073230.2_74299233_4	DN_NC_073244.2_26470366_4	4	4	4	2	2	2	0.5	0.8219	0.8333	0	4	4	4	2	2	2
DN_NC_073230.2_74299233_4	DN_NC_073244.2_26666712_5	4	5	4	3	3	3	0.75	0.8564	0.873	0	3	3	3	3	3	3
DN_NC_073230.2_74299233_4	DN_NC_073244.2_26901109_4	4	4	4	2	2	2	0.5	0.8441	0.8526	0	3	3	3	2	2	2
DN_NC_073230.2_74299233_4	DN_NC_073244.2_27051998_4	4	4	4	3	3	3	0.75	0.8608	0.9127	0	4	4	3	3	3	3
DN_NC_073230.2_74299233_4	DN_NC_073244.2_27131194_2	4	2	2	1	1	1	0.5	0.758	0.758	1	2	2	2	1	1	0
DN_NC_073230.2_74299233_4	DN_NC_073244.2_27285351_4	4	4	4	3	3	3	0.75	0.8692	0.8846	0	4	4	3	3	3	3
DN_NC_073230.2_74299233_4	DN_NC_073244.2_27408454_4	4	4	4	3	3	3	0.75	0.8884	0.9444	0	4	4	4	3	3	3
DN_NC_073230.2_74299233_4	DN_NC_073244.2_27504818_5	4	5	4	3	3	3	0.75	0.9072	0.9206	0	4	4	3	3	3	3
DN_NC_073230.2_74299233_4	DN_NC_073244.2_27626411_5	4	5	4	3	3	3	0.75	0.8834	0.8968	0	4	4	4	3	3	3
DN_NC_073230.2_74299233_4	DN_NC_073244.2_27765726_4	4	4	4	4	4	4	1.0	0.8635	0.9206	0	4	4	4	4	3	3
DN_NC_073230.2_74299233_4	DN_NC_073244.2_27869273_3	4	3	3	2	2	2	0.6667	0.8137	0.8526	0	3	3	3	2	2	1
DN_NC_073230.2_74299233_4	DN_NC_073244.2_27956158_2	4	2	2	2	2	2	1.0	0.7958	0.8462	0	2	2	2	2	1	1
DN_NC_073230.2_74299233_4	DN_NC_073244.2_28072858_4	4	4	4	3	3	3	0.75	0.8131	0.9286	0	4	4	4	3	2	2
DN_NC_073230.2_74299233_4	DN_NC_073244.2_28256975_5	4	5	4	3	3	3	0.75	0.9079	0.9263	0	4	4	4	3	3	3
DN_NC_073230.2_74299233_4	DN_NC_073244.2_28333451_4	4	4	4	2	2	2	0.5	0.9051	0.9444	0	4	4	3	2	2	2
DN_NC_073230.2_74299233_4	DN_NC_073244.2_28588105_4	4	4	4	3	3	3	0.75	0.9199	0.9684	0	4	4	3	3	3	3
DN_NC_073230.2_74299233_4	DN_NC_073244.2_28711447_4	4	5	4	3	3	3	0.75	0.8879	0.9444	0	4	4	3	3	3	3
DN_NC_073230.2_74299233_4	DN_NC_073244.2_28820229_4	4	4	4	3	3	3	0.75	0.8414	0.9127	0	4	4	3	3	2	2
DN_NC_073230.2_74299233_4	DN_NC_073244.2_29046961_4	4	4	4	4	4	4	1.0	0.8606	0.9048	0	4	4	4	4	4	3
DN_NC_073230.2_74299233_4	DN_NC_073244.2_29232445_4	4	4	4	3	3	3	0.75	0.8439	0.9048	0	3	3	3	3	2	2
DN_NC_073230.2_74299233_4	DN_NC_073244.2_29297022_4	4	4	4	3	3	3	0.75	0.8756	0.9286	0	4	4	4	3	3	3
DN_NC_073230.2_74299233_4	DN_NC_073244.2_29557605_4	4	4	4	4	4	4	1.0	0.8532	0.9444	0	4	4	4	4	3	3
DN_NC_073230.2_74299233_4	DN_NC_073244.2_29680825_2	4	2	2	1	1	1	0.5	0.8503	0.8503	1	2	2	2	1	1	1
DN_NC_073230.2_74299233_4	DN_NC_073244.2_29970261_4	4	4	4	4	4	4	1.0	0.8488	0.8968	0	4	4	4	4	4	3
DN_NC_073230.2_74299233_4	DN_NC_073244.2_30067652_4	4	4	4	4	4	4	1.0	0.8359	0.9286	0	4	4	4	4	3	3
DN_NC_073230.2_74299233_4	DN_NC_073244.2_30090650_6	4	6	4	3	3	3	0.75	0.7983	0.8632	0	4	4	3	3	2	1
DN_NC_073230.2_74299233_4	DN_NC_073244.2_30438340_4	4	4	4	3	3	3	0.75	0.8935	0.9127	0	4	4	4	3	3	3
DN_NC_073230.2_74299233_4	DN_NC_073244.2_64125568_5	4	5	4	1	1	1	0.25	0.8254	0.8254	1	3	1	1	1	1	1
DN_NC_073230.2_74299233_4	DN_NC_073244.2_64265252_5	4	5	4	1	1	1	0.25	0.8413	0.8413	1	3	1	1	1	1	1
DN_NC_073230.2_74299233_4	DN_NC_073244.2_64340366_4	4	4	4	1	1	1	0.25	0.8413	0.8413	1	3	2	1	1	1	1
DN_NC_073230.2_74299233_4	DN_NC_073244.2_64759228_5	4	5	4	1	1	1	0.25	0.8016	0.8016	1	2	1	1	1	1	1
DN_NC_073230.2_74299233_4	DN_NC_073244.2_64836827_4	4	4	4	1	1	1	0.25	0.7778	0.7778	1	2	1	1	1	1	0
DN_NC_073230.2_74299233_4	DN_NC_073244.2_65003440_7	4	7	4	1	1	1	0.25	0.8095	0.8095	1	3	2	1	1	1	1
DN_NC_073230.2_74299233_4	DN_NC_073244.2_65046428_2	4	4	4	1	1	1	0.25	0.825	0.825	1	2	2	1	1	1	1
DN_NC_073230.2_74299233_4	DN_NC_073244.2_65266359_4	4	4	4	1	1	1	0.25	0.7857	0.7857	1	2	1	1	1	1	0
DN_NC_073230.2_74299233_4	DN_NC_073244.2_65293743_4	4	4	4	1	1	1	0.25	0.8175	0.8175	1	2	1	1	1	1	1
DN_NC_073230.2_74299233_4	DN_NC_073244.2_65362909_5	4	5	4	1	1	1	0.25	0.7778	0.7778	1	3	1	1	1	1	0
DN_NC_073230.2_74299233_4	DN_NC_073244.2_65398487_4	4	4	4	1	1	1	0.25	0.8095	0.8095	1	2	1	1	1	1	1
DN_NC_073230.2_74299233_4	DN_NC_073246.2_15789285_3	4	3	3	1	1	1	0.3333	0.8413	0.8492	1	3	2	2	1	1	1
DN_NC_073230.2_74637722_4	DN_NC_073241.2_36126198_2	4	2	2	0	0	0	0.0	0.0	0.0	0	2	2	1	0	0	0
DN_NC_073230.2_74637722_4	DN_NC_073244.2_27765726_4	4	4	4	4	4	4	1.0	0.8321	0.8947	0	4	4	4	4	4	3
DN_NC_073230.2_74637722_4	DN_NC_073244.2_27956158_2	4	2	2	2	2	2	1.0	0.7827	0.8108	0	2	2	2	2	2	1
DN_NC_073230.2_74637722_4	DN_NC_073244.2_28820229_4	4	4	4	3	3	3	0.75	0.8226	0.8968	0	3	3	3	3	2	2
DN_NC_073230.2_74637722_4	DN_NC_073244.2_29232445_4	4	4	4	3	3	3	0.75	0.8423	0.881	0	3	3	3	3	3	2
DN_NC_073230.2_74637722_4	DN_NC_073244.2_29557605_4	4	4	4	4	4	4	1.0	0.8293	0.9053	0	4	4	4	4	3	3
DN_NC_073230.2_74637722_4	DN_NC_073244.2_29680825_2	4	2	2	1	1	1	0.5	0.8027	0.8027	1	2	2	2	1	1	1
DN_NC_073230.2_74637722_4	DN_NC_073244.2_29970261_4	4	4	4	4	4	4	1.0	0.8411	0.8889	0	4	4	4	4	4	3
DN_NC_073230.2_74637722_4	DN_NC_073244.2_30438386_2	4	2	2	2	2	2	1.0	0.7892	0.8245	0	2	2	2	2	2	1
DN_NC_073230.2_74637722_4	DN_NC_073244.2_64125568_5	4	5	4	1	1	1	0.25	0.7857	0.7857	1	3	2	1	1	1	0
DN_NC_073230.2_74637722_4	DN_NC_073244.2_64908457_4	4	4	4	1	1	1	0.25	0.7698	0.7698	1	3	2	1	1	1	0
DN_NC_073230.2_74637722_4	DN_NC_073244.2_65046428_2	4	4	4	1	1	1	0.25	0.8083	0.8083	1	2	2	1	1	1	1
DN_NC_073230.2_74637814_2	DN_NC_073242.2_37386128_4	2	4	2	0	0	0	0.0	0.0	0.0	0	2	2	0	0	0	0
DN_NC_073230.2_74637814_2	DN_NC_073242.2_66613619_4	2	4	2	1	1	1	0.5	0.791	0.791	1	2	2	2	1	1	0
DN_NC_073230.2_74637814_2	DN_NC_073244.2_26240035_4	2	4	2	1	1	1	0.5	0.791	0.791	1	2	2	2	1	1	0
DN_NC_073230.2_74637814_2	DN_NC_073244.2_26314241_4	2	4	2	1	1	1	0.5	0.7684	0.7684	1	2	2	2	1	1	0
DN_NC_073230.2_74637814_2	DN_NC_073244.2_26470366_4	2	4	2	0	0	0	0.0	0.0	0.0	0	2	2	2	0	0	0
DN_NC_073230.2_74637814_2	DN_NC_073244.2_26666712_5	2	5	2	1	1	1	0.5	0.7687	0.7687	1	2	1	1	1	1	0
DN_NC_073230.2_74637814_2	DN_NC_073244.2_26901109_4	2	4	2	1	1	1	0.5	0.7829	0.7829	1	2	2	2	1	1	0
DN_NC_073230.2_74637814_2	DN_NC_073244.2_27051998_4	2	4	2	1	1	1	0.5	0.791	0.791	1	2	2	2	1	1	0
DN_NC_073230.2_74637814_2	DN_NC_073244.2_27131194_2	2	2	2	0	0	0	0.0	0.0	0.0	0	2	2	2	0	0	0
DN_NC_073230.2_74637814_2	DN_NC_073244.2_27285351_4	2	4	2	1	1	1	0.5	0.8192	0.8192	1	2	2	2	1	1	1
DN_NC_073230.2_74637814_2	DN_NC_073244.2_27408454_4	2	4	2	1	1	1	0.5	0.8113	0.8113	1	2	2	2	1	1	1
DN_NC_073230.2_74637814_2	DN_NC_073244.2_27504818_5	2	5	2	1	1	1	0.5	0.8192	0.8192	1	2	2	2	1	1	1
DN_NC_073230.2_74637814_2	DN_NC_073244.2_27626411_5	2	5	2	1	1	1	0.5	0.8136	0.8136	1	2	2	2	1	1	1
DN_NC_073230.2_74637814_2	DN_NC_073244.2_27869273_3	2	3	2	1	1	1	0.5	0.7571	0.7571	1	2	2	2	1	1	0
DN_NC_073230.2_74637814_2	DN_NC_073244.2_28072858_4	2	4	2	0	0	0	0.0	0.0	0.0	0	2	2	1	0	0	0
DN_NC_073230.2_74637814_2	DN_NC_073244.2_28256975_5	2	5	2	2	2	2	1.0	0.7993	0.8192	0	2	2	2	2	2	1
DN_NC_073230.2_74637814_2	DN_NC_073244.2_28333451_4	2	4	2	1	1	1	0.5	0.7177	0.7177	1	2	2	1	1	0	0
DN_NC_073230.2_74637814_2	DN_NC_073244.2_28588105_4	2	4	2	2	2	2	1.0	0.7721	0.7966	0	2	2	2	2	1	0
DN_NC_073230.2_74637814_2	DN_NC_073244.2_28711447_2	2	2	2	1	1	1	0.5	0.7684	0.7684	1	2	2	2	1	1	0
DN_NC_073230.2_74637814_2	DN_NC_073244.2_29046961_4	2	4	2	2	2	2	1.0	0.7911	0.8192	0	2	2	2	2	2	1
DN_NC_073230.2_74637814_2	DN_NC_073244.2_29297022_4	2	4	2	2	2	2	1.0	0.7364	0.7627	0	2	2	2	2	1	0
DN_NC_073230.2_74637814_2	DN_NC_073244.2_30067652_4	2	4	2	2	2	2	1.0	0.7864	0.8079	0	2	2	2	2	2	1
DN_NC_073230.2_74637814_2	DN_NC_073244.2_64034715_7	2	7	2	0	0	0	0.0	0.0	0.0	0	2	0	0	0	0	0
DN_NC_073230.2_74637814_2	DN_NC_073244.2_64759228_5	2	5	2	0	0	0	0.0	0.0	0.0	0	2	1	0	0	0	0
DN_NC_073230.2_74637814_2	DN_NC_073244.2_65073171_5	2	5	2	0	0	0	0.0	0.0	0.0	0	1	0	0	0	0	0
DN_NC_073230.2_74637814_2	DN_NC_073246.2_15789285_3	2	3	2	0	0	0	0.0	0.0	0.0	0	2	2	0	0	0	0
DN_NC_073230.2_74930869_10	DN_NC_073230.2_74941165_2	10	2	2	0	0	0	0.0	0.0	0.0	0	1	0	0	0	0	0
DN_NC_073230.2_75755711_3	DN_NC_073230.2_75935335_9	5	9	5	3	3	3	0.6	0.9167	0.9818	0	4	3	3	3	3	3
DN_NC_073230.2_76179541_5	DN_NC_073230.2_82279960_5	5	5	5	4	4	4	0.8	0.9656	0.9817	0	4	4	4	4	4	4
DN_NC_073230.2_76190196_16	DN_NC_073230.2_82009167_15	16	15	15	15	15	15	1.0	0.973	0.9909	0	15	15	15	15	15	15
DN_NC_073230.2_76425037_7	DN_NC_073230.2_81087606_7	7	7	7	4	4	4	0.5714	0.9868	0.9928	0	4	4	4	4	4	4
DN_NC_073230.2_80576116_9	DN_NC_073230.2_81087606_7	9	7	7	2	2	2	0.2857	0.9885	0.994	0	5	2	2	2	2	2
DN_NC_073230.2_82390460_3	DN_NC_073230.2_84208466_3	3	3	3	2	2	2	0.6667	0.9507	0.9508	0	2	2	2	2	2	2
DN_NC_073230.2_82396764_10	DN_NC_073230.2_84201987_11	10	11	10	10	10	10	1.0	0.9683	0.9943	0	10	10	10	10	10	10
DN_NC_073230.2_82405962_7	DN_NC_073230.2_84189831_5	7	5	5	3	3	3	0.6	0.9631	0.9789	0	3	3	3	3	3	3
DN_NC_073230.2_83196711_9	DN_NC_086018.1_29227554_16	9	16	9	7	7	7	0.7778	0.7437	0.8182	0	9	8	8	7	3	1
DN_NC_073230.2_84149572_5	DN_NC_073230.2_88425670_12	5	12	5	3	3	3	0.6	0.9769	0.9882	0	3	3	3	3	3	3
DN_NC_073230.2_84474222_2	DN_NC_086018.1_29956541_2	2	2	2	0	0	0	0.0	0.0	0.0	0	1	1	0	0	0	0
DN_NC_073230.2_84854491_12	DN_NC_073234.2_137155900_12	12	12	12	7	7	7	0.5833	0.8008	0.8764	0	11	11	9	7	5	4
DN_NC_073230.2_86077849_4	DN_NC_073230.2_86186055_4	4	4	4	4	4	4	1.0	0.9972	1.0	0	4	4	4	4	4	4
DN_NC_073230.2_86128587_5	DN_NC_073230.2_86213678_7	5	7	5	4	4	4	0.8	0.9986	1.0	0	4	4	4	4	4	4
DN_NC_073230.2_87974016_14	DN_NC_086017.1_145972418_16	14	16	14	5	5	5	0.3571	0.7876	0.8047	0	12	9	7	5	5	1
DN_NC_073230.2_87974016_14	DN_NC_086017.1_195677389_14	14	14	14	5	5	5	0.3571	0.8032	0.8512	0	12	9	7	5	4	2
DN_NC_073230.2_88683937_6	DN_NC_073231.2_149487100_2	6	2	2	0	0	0	0.0	0.0	0.0	0	1	0	0	0	0	0
DN_NC_073230.2_88683937_6	DN_NC_073231.2_150568091_5	6	5	5	1	1	1	0.2	0.7222	0.7222	1	4	1	1	1	0	0
DN_NC_073230.2_88683937_6	DN_NC_073231.2_150618111_5	6	5	5	1	1	1	0.2	0.7619	0.7619	1	3	1	1	1	1	0
DN_NC_073230.2_88683937_6	DN_NC_073231.2_150726059_5	6	5	5	1	1	1	0.2	0.7143	0.7143	1	2	1	1	1	0	0
DN_NC_073230.2_88683937_6	DN_NC_073231.2_150777699_3	6	3	3	0	0	0	0.0	0.0	0.0	0	2	0	0	0	0	0
DN_NC_073230.2_88683937_6	DN_NC_073231.2_150817007_4	6	4	4	1	1	1	0.25	0.7302	0.7302	1	3	1	1	1	0	0
DN_NC_073230.2_88683937_6	DN_NC_073237.2_123801018_5	6	5	5	0	0	0	0.0	0.0	0.0	0	3	1	0	0	0	0
DN_NC_073230.2_88683937_6	DN_NC_073244.2_70159242_5	6	5	5	0	0	0	0.0	0.0	0.0	0	3	1	1	0	0	0
DN_NC_073230.2_88683937_6	DN_NC_073244.2_70323040_7	6	7	6	0	0	0	0.0	0.0	0.0	0	5	1	1	0	0	0
DN_NC_073230.2_88700652_4	DN_NC_073230.2_89296262_6	4	6	4	0	0	0	0.0	0.0	0.0	0	2	0	0	0	0	0
DN_NC_073230.2_88700652_4	DN_NC_073230.2_89330255_2	4	2	2	0	0	0	0.0	0.0	0.0	0	2	1	0	0	0	0
DN_NC_073230.2_88726357_6	DN_NC_073231.2_150671310_5	6	5	5	0	0	0	0.0	0.0	0.0	0	3	0	0	0	0	0
DN_NC_073230.2_89256114_4	DN_NC_073244.2_64908457_4	4	4	4	0	0	0	0.0	0.0	0.0	0	3	0	0	0	0	0
DN_NC_073230.2_89330255_2	DN_NC_073240.2_44172340_2	2	2	2	0	0	0	0.0	0.0	0.0	0	1	0	0	0	0	0
DN_NC_073230.2_89330255_2	DN_NC_073241.2_64479147_4	2	4	2	0	0	0	0.0	0.0	0.0	0	1	1	0	0	0	0
DN_NC_073230.2_89330255_2	DN_NC_073242.2_6930599_2	2	2	2	0	0	0	0.0	0.0	0.0	0	0	0	0	0	0	0
DN_NC_073230.2_89330255_2	DN_NC_073247.2_147064204_6	2	6	2	0	0	0	0.0	0.0	0.0	0	2	0	0	0	0	0
DN_NC_073230.2_89389986_8	DN_NC_073230.2_89408091_6	8	6	6	0	0	0	0.0	0.0	0.0	0	3	1	0	0	0	0
DN_NC_073230.2_90977223_13	DN_NC_073236.2_31570340_7	13	7	7	1	1	1	0.1429	0.9262	0.9262	1	3	1	1	1	1	1
DN_NC_073230.2_91654449_3	DN_NC_073245.2_57775599_4	3	4	3	0	0	0	0.0	0.0	0.0	0	1	0	0	0	0	0
DN_NC_073230.2_92132360_3	DN_NC_073231.2_107519754_4	3	4	3	0	0	0	0.0	0.0	0.0	0	2	0	0	0	0	0
DN_NC_073230.2_92132360_3	DN_NC_073232.2_34013134_3	3	3	3	0	0	0	0.0	0.0	0.0	0	1	0	0	0	0	0
DN_NC_073230.2_92132360_3	DN_NC_073233.2_23732821_4	3	4	3	0	0	0	0.0	0.0	0.0	0	2	1	0	0	0	0
DN_NC_073230.2_92132360_3	DN_NC_073234.2_126370406_2	3	2	2	0	0	0	0.0	0.0	0.0	0	2	1	0	0	0	0
DN_NC_073230.2_92132360_3	DN_NC_073235.2_142785844_3	3	3	3	0	0	0	0.0	0.0	0.0	0	1	0	0	0	0	0
DN_NC_073230.2_92132360_3	DN_NC_073235.2_71373985_7	3	7	3	0	0	0	0.0	0.0	0.0	0	2	0	0	0	0	0
DN_NC_073230.2_92132360_3	DN_NC_073237.2_101948554_6	3	6	3	0	0	0	0.0	0.0	0.0	0	2	0	0	0	0	0
DN_NC_073230.2_92132360_3	DN_NC_073239.2_123449122_2	3	2	2	0	0	0	0.0	0.0	0.0	0	0	0	0	0	0	0
DN_NC_073230.2_92132360_3	DN_NC_073239.2_14838701_6	3	6	3	0	0	0	0.0	0.0	0.0	0	2	1	0	0	0	0
DN_NC_073230.2_92132360_3	DN_NC_073239.2_36370724_4	3	4	3	0	0	0	0.0	0.0	0.0	0	1	0	0	0	0	0
DN_NC_073230.2_92132360_3	DN_NC_073242.2_120248671_3	3	3	3	0	0	0	0.0	0.0	0.0	0	2	0	0	0	0	0
DN_NC_073230.2_92132360_3	DN_NC_073244.2_43610901_6	3	6	3	0	0	0	0.0	0.0	0.0	0	2	0	0	0	0	0
DN_NC_073230.2_92132360_3	DN_NC_073247.2_114234875_11	3	11	3	0	0	0	0.0	0.0	0.0	0	3	1	0	0	0	0
DN_NC_073230.2_92132360_3	DN_NC_073247.2_115708949_2	3	2	2	0	0	0	0.0	0.0	0.0	0	2	1	0	0	0	0
DN_NC_073230.2_92132360_3	DN_NC_073247.2_147586730_5	3	5	3	0	0	0	0.0	0.0	0.0	0	3	1	0	0	0	0
DN_NC_073230.2_92132360_3	DN_NC_086018.1_24877691_3	3	3	3	0	0	0	0.0	0.0	0.0	0	3	1	0	0	0	0
DN_NC_073230.2_94413807_52	DN_NC_073234.2_53272916_54	52	54	52	16	16	17	0.3269	0.734	0.7925	0	34	33	27	16	5	0
DN_NC_073230.2_94413807_52	DN_NC_073235.2_91416644_51	52	51	51	6	6	10	0.1961	0.722	0.7547	0	22	19	15	6	1	0
DN_NC_073230.2_95688791_4	DN_NC_073230.2_95718597_3	4	3	3	0	0	0	0.0	0.0	0.0	0	3	1	1	0	0	0
DN_NC_073230.2_98668717_3	DN_NC_073234.2_37699488_22	3	22	3	2	2	2	0.6667	0.8635	0.8758	0	2	2	2	2	2	2
DN_NC_073231.2_104280615_11	DN_NC_073245.2_57199021_10	11	10	10	6	6	6	0.6	0.8096	0.8503	0	10	8	8	6	6	4
DN_NC_073231.2_105681903_7	DN_NC_073231.2_105703620_4	7	4	4	1	1	1	0.25	1.0	1.0	1	3	1	1	1	1	1
DN_NC_073231.2_107519754_4	DN_NC_073234.2_126370406_2	4	2	2	0	0	0	0.0	0.0	0.0	0	2	0	0	0	0	0
DN_NC_073231.2_107519754_4	DN_NC_073235.2_71373985_7	4	7	4	0	0	0	0.0	0.0	0.0	0	2	0	0	0	0	0
DN_NC_073231.2_107519754_4	DN_NC_073239.2_123333523_2	4	2	2	0	0	0	0.0	0.0	0.0	0	1	0	0	0	0	0
DN_NC_073231.2_107519754_4	DN_NC_073244.2_43610901_6	4	6	4	0	0	0	0.0	0.0	0.0	0	2	0	0	0	0	0
DN_NC_073231.2_107519754_4	DN_NC_073247.2_115708949_2	4	2	2	0	0	0	0.0	0.0	0.0	0	2	0	0	0	0	0
DN_NC_073231.2_107519754_4	DN_NC_073247.2_147586730_5	4	5	4	0	0	0	0.0	0.0	0.0	0	3	0	0	0	0	0
DN_NC_073231.2_109134791_7	DN_NC_073231.2_32715505_7	7	7	7	1	1	1	0.1429	0.723	0.723	1	6	2	2	1	0	0
DN_NC_073231.2_11581641_7	DN_NC_073233.2_75718276_6	7	6	6	4	4	4	0.6667	0.9168	0.9625	0	4	4	4	4	4	4
DN_NC_073231.2_11581641_7	DN_NC_073242.2_8737492_8	7	8	7	6	6	6	0.8571	0.9398	0.9549	0	6	6	6	6	6	6
DN_NC_073231.2_11581641_7	DN_NC_086017.1_136773097_2	7	2	2	1	1	1	0.5	0.8181	0.8181	1	1	1	1	1	1	1
DN_NC_073231.2_11581641_7	DN_NC_086017.1_141278779_5	7	5	5	4	4	4	0.8	0.9181	0.9355	0	5	5	5	4	4	4
DN_NC_073231.2_11581641_7	DN_NC_086017.1_85330170_7	7	7	7	7	7	7	1.0	0.9227	0.9625	0	7	7	7	7	7	7
DN_NC_073231.2_12364354_11	DN_NC_073245.2_44289870_13	11	13	11	4	4	4	0.3636	0.7591	0.8092	0	10	9	9	4	2	1
DN_NC_073231.2_130802378_3	DN_NC_073240.2_91564233_4	3	4	3	0	0	0	0.0	0.0	0.0	0	3	0	0	0	0	0
DN_NC_073231.2_130827518_11	DN_NC_073231.2_130851528_29	11	29	11	0	0	0	0.0	0.0	0.0	0	6	0	0	0	0	0
DN_NC_073231.2_14164248_27	DN_NC_073232.2_104141687_27	27	27	27	20	20	20	0.7407	0.7541	0.8378	0	26	24	23	20	11	3
DN_NC_073231.2_148826481_3	DN_NC_073236.2_30490104_2	3	2	2	0	0	0	0.0	0.0	0.0	0	2	0	0	0	0	0
DN_NC_073231.2_149140314_3	DN_NC_073244.2_68699723_3	3	3	3	0	0	0	0.0	0.0	0.0	0	3	1	0	0	0	0
DN_NC_073231.2_149140314_3	DN_NC_086018.1_17871581_2	3	2	2	0	0	0	0.0	0.0	0.0	0	2	0	0	0	0	0
DN_NC_073231.2_149487100_2	DN_NC_073236.2_32240619_3	2	3	2	0	0	0	0.0	0.0	0.0	0	2	0	0	0	0	0
DN_NC_073231.2_149487156_2	DN_NC_073231.2_150568091_5	2	5	2	0	0	0	0.0	0.0	0.0	0	2	0	0	0	0	0
DN_NC_073231.2_149487156_2	DN_NC_073231.2_150817007_4	2	4	2	0	0	0	0.0	0.0	0.0	0	1	0	0	0	0	0
DN_NC_073231.2_150568091_5	DN_NC_073231.2_150618111_5	5	5	5	1	1	1	0.2	0.754	0.754	1	4	2	2	1	1	0
DN_NC_073231.2_150568091_5	DN_NC_073231.2_150726059_5	5	5	5	1	1	1	0.2	0.7302	0.7302	1	3	2	2	1	0	0
DN_NC_073231.2_150568091_5	DN_NC_073231.2_150777699_3	5	3	3	0	0	0	0.0	0.0	0.0	0	2	0	0	0	0	0
DN_NC_073231.2_150568091_5	DN_NC_073231.2_150817007_4	5	4	4	0	0	0	0.0	0.0	0.0	0	3	1	1	0	0	0
DN_NC_073231.2_150568091_5	DN_NC_073244.2_70323040_7	5	7	5	0	0	0	0.0	0.0	0.0	0	5	1	1	0	0	0
DN_NC_073231.2_150568091_5	DN_NC_086018.1_21231592_2	5	2	2	0	0	0	0.0	0.0	0.0	0	2	1	0	0	0	0
DN_NC_073231.2_150618111_5	DN_NC_073231.2_150726059_5	5	5	5	1	1	1	0.2	0.8492	0.8492	1	3	2	2	1	1	1
DN_NC_073231.2_150618111_5	DN_NC_073231.2_150777699_3	5	3	3	0	0	0	0.0	0.0	0.0	0	2	0	0	0	0	0
DN_NC_073231.2_150618111_5	DN_NC_073237.2_123801018_5	5	5	5	0	0	0	0.0	0.0	0.0	0	4	2	0	0	0	0
DN_NC_073231.2_150618111_5	DN_NC_073244.2_70159242_5	5	5	5	0	0	0	0.0	0.0	0.0	0	4	1	1	0	0	0
DN_NC_073231.2_150618111_5	DN_NC_086018.1_21231592_2	5	2	2	0	0	0	0.0	0.0	0.0	0	2	0	0	0	0	0
DN_NC_073231.2_150671293_2	DN_NC_073243.2_20322881_2	2	2	2	0	0	0	0.0	0.0	0.0	0	0	0	0	0	0	0
DN_NC_073231.2_150671293_2	DN_NC_073244.2_59724372_5	2	5	2	0	0	0	0.0	0.0	0.0	0	1	0	0	0	0	0
DN_NC_073231.2_150671293_2	DN_NC_073244.2_59726455_2	2	2	2	0	0	0	0.0	0.0	0.0	0	1	0	0	0	0	0
DN_NC_073231.2_150671293_2	DN_NC_073244.2_68548768_5	2	5	2	0	0	0	0.0	0.0	0.0	0	1	0	0	0	0	0
DN_NC_073231.2_150671293_2	DN_NC_073244.2_69294668_4	2	4	2	0	0	0	0.0	0.0	0.0	0	2	0	0	0	0	0
DN_NC_073231.2_150671293_2	DN_NC_073244.2_69343714_4	2	4	2	0	0	0	0.0	0.0	0.0	0	1	0	0	0	0	0
DN_NC_073231.2_150671293_2	DN_NC_073244.2_69422908_4	2	4	2	0	0	0	0.0	0.0	0.0	0	2	0	0	0	0	0
DN_NC_073231.2_150671293_2	DN_NC_073244.2_69643403_5	2	5	2	0	0	0	0.0	0.0	0.0	0	2	0	0	0	0	0
DN_NC_073231.2_150671293_2	DN_NC_086017.1_54551513_4	2	4	2	0	0	0	0.0	0.0	0.0	0	2	0	0	0	0	0
DN_NC_073231.2_150671310_5	DN_NC_073241.2_64468689_4	5	4	4	0	0	0	0.0	0.0	0.0	0	2	0	0	0	0	0
DN_NC_073231.2_150671310_5	DN_NC_073241.2_64520240_3	5	3	3	0	0	0	0.0	0.0	0.0	0	3	1	0	0	0	0
DN_NC_073231.2_150671310_5	DN_NC_073244.2_70422477_3	5	3	3	0	0	0	0.0	0.0	0.0	0	2	0	0	0	0	0
DN_NC_073231.2_150671310_5	DN_NC_086017.1_54612772_3	5	3	3	0	0	0	0.0	0.0	0.0	0	3	0	0	0	0	0
DN_NC_073231.2_150726059_5	DN_NC_073231.2_150817007_4	5	4	4	1	1	1	0.25	0.8016	0.8016	1	4	2	1	1	1	1
DN_NC_073231.2_150726059_5	DN_NC_073244.2_70159242_5	5	5	5	0	0	0	0.0	0.0	0.0	0	4	3	1	0	0	0
DN_NC_073231.2_150777699_3	DN_NC_073231.2_150817007_4	3	4	3	0	0	0	0.0	0.0	0.0	0	2	0	0	0	0	0
DN_NC_073231.2_150777699_3	DN_NC_073244.2_70159242_5	3	5	3	0	0	0	0.0	0.0	0.0	0	2	0	0	0	0	0
DN_NC_073231.2_150777699_3	DN_NC_073244.2_70323040_7	3	7	3	0	0	0	0.0	0.0	0.0	0	3	0	0	0	0	0
DN_NC_073231.2_150817007_4	DN_NC_073236.2_32240619_3	4	3	3	0	0	0	0.0	0.0	0.0	0	2	0	0	0	0	0
DN_NC_073231.2_150817007_4	DN_NC_073237.2_123801018_5	4	5	4	0	0	0	0.0	0.0	0.0	0	3	0	0	0	0	0
DN_NC_073231.2_150817007_4	DN_NC_073244.2_70323040_7	4	7	4	0	0	0	0.0	0.0	0.0	0	3	2	1	0	0	0
DN_NC_073231.2_150893284_5	DN_NC_073242.2_6296327_3	5	3	3	0	0	0	0.0	0.0	0.0	0	1	0	0	0	0	0
DN_NC_073231.2_150902261_3	DN_NC_073232.2_146269317_5	3	5	3	2	2	2	0.6667	0.9806	0.9877	0	3	2	2	2	2	2
DN_NC_073231.2_150902261_3	DN_NC_073232.2_8583099_4	3	4	3	2	2	2	0.6667	0.9839	0.9877	0	2	2	2	2	2	2
DN_NC_073231.2_150902261_3	DN_NC_073236.2_140400059_5	3	5	3	2	2	2	0.6667	0.9839	0.9877	0	3	2	2	2	2	2
DN_NC_073231.2_150902261_3	DN_NC_073237.2_118498911_4	3	4	3	2	2	2	0.6667	0.9806	0.9877	0	3	2	2	2	2	2
DN_NC_073231.2_150902261_3	DN_NC_073239.2_124648897_4	3	4	3	2	2	2	0.6667	0.9903	0.9938	0	2	2	2	2	2	2
DN_NC_073231.2_150902261_3	DN_NC_073240.2_103747497_4	3	4	3	2	2	2	0.6667	0.9839	0.9877	0	2	2	2	2	2	2
DN_NC_073231.2_150902261_3	DN_NC_073241.2_110003031_5	3	5	3	2	2	2	0.6667	0.9839	0.9877	0	3	2	2	2	2	2
DN_NC_073231.2_150902261_3	DN_NC_073242.2_121237165_4	3	4	3	2	2	2	0.6667	0.987	0.9938	0	2	2	2	2	2	2
DN_NC_073231.2_150902261_3	DN_NC_073244.2_70818649_5	3	5	3	2	2	2	0.6667	0.9837	0.9938	0	3	2	2	2	2	2
DN_NC_073231.2_150902261_3	DN_NC_086017.1_211655827_5	3	5	3	2	2	2	0.6667	0.9804	0.9938	0	3	2	2	2	2	2
DN_NC_073231.2_150902261_3	DN_NC_086017.1_9337960_4	3	4	3	2	2	2	0.6667	0.9839	0.9877	0	2	2	2	2	2	2
DN_NC_073231.2_151095996_10	DN_NC_073235.2_15191747_16	10	16	10	8	8	8	0.8	0.9779	0.9889	0	8	8	8	8	8	8
DN_NC_073231.2_151170137_9	DN_NC_073235.2_15131698_9	9	9	9	6	6	6	0.6667	0.9856	0.9897	0	6	6	6	6	6	6
DN_NC_073231.2_151170137_9	DN_NC_073247.2_167707352_7	9	7	7	6	6	6	0.8571	0.9967	1.0	0	6	6	6	6	6	6
DN_NC_073231.2_151170137_9	DN_NC_086018.1_48818439_9	9	9	9	7	7	7	0.7778	0.9908	1.0	0	7	7	7	7	7	7
DN_NC_073231.2_27206312_6	DN_NC_073232.2_54856348_6	6	6	6	2	2	2	0.3333	0.774	0.8051	0	5	5	2	2	1	1
DN_NC_073231.2_27219653_9	DN_NC_073231.2_27420263_10	9	10	9	4	4	4	0.4444	0.7994	0.8889	0	6	4	4	4	2	2
DN_NC_073231.2_27335163_6	DN_NC_073231.2_27367940_9	6	9	6	6	6	6	1.0	0.9396	1.0	0	6	6	6	6	6	6
DN_NC_073231.2_27367940_9	DN_NC_073231.2_27420263_10	9	10	9	5	5	5	0.5556	0.7981	0.9027	0	8	5	5	5	2	2
DN_NC_073231.2_4571400_3	DN_NC_073244.2_6036407_2	3	2	2	0	0	0	0.0	0.0	0.0	0	1	0	0	0	0	0
DN_NC_073231.2_4596743_6	DN_NC_073244.2_15453865_9	6	9	6	1	1	1	0.1667	0.7143	0.7143	1	6	1	1	1	0	0
DN_NC_073231.2_4596743_6	DN_NC_073244.2_15508499_10	6	10	6	1	1	1	0.1667	0.7063	0.7063	1	5	2	1	1	0	0
DN_NC_073231.2_47085106_7	DN_NC_073234.2_95346893_3	7	3	3	0	0	0	0.0	0.0	0.0	0	1	0	0	0	0	0
DN_NC_073231.2_50727873_22	DN_NC_073245.2_59890561_21	22	21	21	8	8	8	0.381	0.7667	0.8182	0	16	14	12	8	5	1
DN_NC_073231.2_53153474_12	DN_NC_073245.2_61178675_39	12	39	12	8	8	8	0.6667	0.7517	0.7923	0	10	10	8	8	5	0
DN_NC_073231.2_53708239_3	DN_NC_073233.2_130995027_7	3	7	3	0	0	0	0.0	0.0	0.0	0	2	0	0	0	0	0
DN_NC_073231.2_53708239_3	DN_NC_086017.1_161710205_3	3	3	3	0	0	0	0.0	0.0	0.0	0	1	0	0	0	0	0
DN_NC_073231.2_79409495_17	DN_NC_073232.2_40728717_16	17	16	16	8	8	8	0.5	0.7619	0.8025	0	13	10	9	8	6	2
DN_NC_073232.2_100192352_9	DN_NC_073237.2_29305062_2	9	2	2	1	1	1	0.5	0.8357	0.8357	1	2	1	1	1	1	1
DN_NC_073232.2_100896386_2	DN_NC_073232.2_100896386_3	2	3	2	1	1	1	0.5	1.0	1.0	1	1	1	1	1	1	1
DN_NC_073232.2_101543079_10	DN_NC_073235.2_71373985_7	10	7	7	0	0	0	0.0	0.0	0.0	0	3	0	0	0	0	0
DN_NC_073232.2_101543079_10	DN_NC_073244.2_43610901_6	10	6	6	0	0	0	0.0	0.0	0.0	0	3	0	0	0	0	0
DN_NC_073232.2_108139494_4	DN_NC_073235.2_106111443_2	4	2	2	0	0	0	0.0	0.0	0.0	0	1	0	0	0	0	0
DN_NC_073232.2_108425417_2	DN_NC_073232.2_108425608_2	2	2	2	1	1	1	0.5	1.0	1.0	1	1	1	1	1	1	1
DN_NC_073232.2_12004654_22	DN_NC_073234.2_53131451_25	22	25	22	10	10	10	0.4545	0.7427	0.8171	0	20	18	15	10	5	1
DN_NC_073232.2_12004654_22	DN_NC_073246.2_46134650_22	22	22	22	12	12	12	0.5455	0.7678	0.8864	0	19	18	16	12	9	2
DN_NC_073232.2_123144734_12	DN_NC_073232.2_123171879_4	12	4	4	1	1	1	0.25	0.8291	0.8291	1	4	1	1	1	1	1
DN_NC_073232.2_128963971_12	DN_NC_073245.2_13635871_13	12	13	12	4	4	4	0.3333	0.7276	0.7527	0	11	11	7	4	1	0
DN_NC_073232.2_135159346_4	DN_NC_073232.2_135204586_6	4	6	4	1	1	1	0.25	0.7536	0.7536	1	4	1	1	1	1	0
DN_NC_073232.2_135254310_6	DN_NC_073232.2_135264721_4	6	4	4	1	1	1	0.25	1.0	1.0	1	2	1	1	1	1	1
DN_NC_073232.2_13920774_9	DN_NC_073232.2_13945467_9	9	9	9	9	9	9	1.0	0.975	0.9939	0	9	9	9	9	9	9
DN_NC_073232.2_140203810_21	DN_NC_073245.2_12872093_19	21	19	19	9	9	9	0.4737	0.7672	0.8056	0	15	15	12	9	6	2
DN_NC_073232.2_14351656_4	DN_NC_073234.2_52064465_4	4	4	4	2	2	2	0.5	0.71	0.7106	0	3	3	3	2	0	0
DN_NC_073232.2_14351656_4	DN_NC_073234.2_52151326_4	4	4	4	1	1	1	0.25	0.7027	0.7027	1	3	3	3	1	0	0
DN_NC_073232.2_14351656_4	DN_NC_073234.2_52202911_4	4	4	4	1	1	1	0.25	0.7095	0.7095	1	3	3	3	1	0	0
DN_NC_073232.2_14351656_4	DN_NC_073235.2_121946440_4	4	4	4	2	2	2	0.5	0.7309	0.7365	0	3	3	2	2	0	0
DN_NC_073232.2_14351656_4	DN_NC_073235.2_31723374_5	4	5	4	0	0	0	0.0	0.0	0.0	0	3	2	2	0	0	0
DN_NC_073232.2_14351656_4	DN_NC_073235.2_32697745_5	4	5	4	0	0	0	0.0	0.0	0.0	0	2	2	1	0	0	0
DN_NC_073232.2_145623155_3	DN_NC_073236.2_113129170_6	2	6	2	0	0	0	0.0	0.0	0.0	0	1	0	0	0	0	0
DN_NC_073232.2_145623155_3	DN_NC_073247.2_34199522_16	2	16	2	0	0	0	0.0	0.0	0.0	0	2	0	0	0	0	0
DN_NC_073232.2_146269317_5	DN_NC_073232.2_8583099_4	5	4	4	3	3	3	0.75	0.9736	0.9817	0	3	3	3	3	3	3
DN_NC_073232.2_146269317_5	DN_NC_073236.2_140400059_5	5	5	5	5	5	5	1.0	0.9891	1.0	0	5	5	5	5	5	5
DN_NC_073232.2_146269317_5	DN_NC_073237.2_118498911_4	5	4	4	3	3	3	0.75	0.9756	0.9877	0	3	3	3	3	3	3
DN_NC_073232.2_146269317_5	DN_NC_073239.2_124648897_4	5	4	4	3	3	3	0.75	0.9815	0.9873	0	3	3	3	3	3	3
DN_NC_073232.2_146269317_5	DN_NC_073240.2_103747497_4	5	4	4	3	3	3	0.75	0.9776	0.9817	0	3	3	3	3	3	3
DN_NC_073232.2_146269317_5	DN_NC_073241.2_110003031_5	5	5	5	5	5	5	1.0	0.987	1.0	0	5	5	5	5	5	5
DN_NC_073232.2_146269317_5	DN_NC_073242.2_121237165_4	5	4	4	3	3	3	0.75	0.9796	0.9817	0	3	3	3	3	3	3
DN_NC_073232.2_146269317_5	DN_NC_073244.2_70818649_5	5	5	5	5	5	5	1.0	0.9877	1.0	0	5	5	5	5	5	5
DN_NC_073232.2_146269317_5	DN_NC_086017.1_211655827_5	5	5	5	5	5	5	1.0	0.9871	1.0	0	5	5	5	5	5	5
DN_NC_073232.2_146269317_5	DN_NC_086017.1_9337960_4	5	4	4	3	3	3	0.75	0.9756	0.9877	0	3	3	3	3	3	3
DN_NC_073232.2_14850424_21	DN_NC_073232.2_14895260_2	21	2	2	0	0	0	0.0	0.0	0.0	0	1	0	0	0	0	0
DN_NC_073232.2_15175774_15	DN_NC_086017.1_58383797_14	15	14	14	8	8	8	0.5714	0.7774	0.8837	0	13	12	9	8	6	2
DN_NC_073232.2_26196651_3	DN_NC_073232.2_26211167_9	3	9	3	0	0	0	0.0	0.0	0.0	0	2	1	1	0	0	0
DN_NC_073232.2_34013134_3	DN_NC_073235.2_71373985_7	3	7	3	0	0	0	0.0	0.0	0.0	0	1	0	0	0	0	0
DN_NC_073232.2_34013134_3	DN_NC_073244.2_43610901_6	3	6	3	0	0	0	0.0	0.0	0.0	0	2	0	0	0	0	0
DN_NC_073232.2_34013134_3	DN_NC_073245.2_47429376_4	3	4	3	0	0	0	0.0	0.0	0.0	0	1	0	0	0	0	0
DN_NC_073232.2_34013134_3	DN_NC_073247.2_147586730_5	3	5	3	0	0	0	0.0	0.0	0.0	0	2	0	0	0	0	0
DN_NC_073232.2_36391573_6	DN_NC_073232.2_91788490_6	6	6	6	5	5	5	0.8333	0.9781	0.9951	0	5	5	5	5	5	5
DN_NC_073232.2_42022900_16	DN_NC_073232.2_72618921_23	16	23	16	7	7	7	0.4375	0.9467	0.964	0	9	7	7	7	7	7
DN_NC_073232.2_42152672_3	DN_NC_073244.2_57062895_2	3	2	2	0	0	0	0.0	0.0	0.0	0	1	0	0	0	0	0
DN_NC_073232.2_42645510_15	DN_NC_073241.2_78772517_7	15	7	7	0	0	0	0.0	0.0	0.0	0	3	1	0	0	0	0
DN_NC_073232.2_46350686_18	DN_NC_073232.2_46484201_18	18	18	18	9	9	9	0.5	0.7602	0.7923	0	16	16	14	9	6	0
DN_NC_073232.2_46350686_18	DN_NC_073236.2_64893638_18	18	18	18	12	12	13	0.7222	0.7561	0.8384	0	16	16	15	12	7	2
DN_NC_073232.2_46484201_18	DN_NC_073236.2_64893638_18	18	18	18	9	9	11	0.6111	0.7568	0.8081	0	15	14	13	9	5	2
DN_NC_073232.2_46766506_15	DN_NC_073232.2_46804261_15	15	15	15	9	9	9	0.6	0.7645	0.8207	0	14	12	12	9	5	2
DN_NC_073232.2_50172230_4	DN_NC_073235.2_71373985_7	4	7	4	0	0	0	0.0	0.0	0.0	0	2	0	0	0	0	0
DN_NC_073232.2_56389207_14	DN_NC_073232.2_56509561_5	14	5	5	0	0	0	0.0	0.0	0.0	0	3	0	0	0	0	0
DN_NC_073232.2_64911725_5	DN_NC_073232.2_65009281_5	5	5	5	5	5	5	1.0	0.9963	1.0	0	5	5	5	5	5	5
DN_NC_073232.2_64911725_5	DN_NC_073232.2_65534545_21	5	21	5	4	4	4	0.8	0.9741	0.9895	0	5	4	4	4	4	4
DN_NC_073232.2_65009281_5	DN_NC_073232.2_65534545_21	5	21	5	4	4	4	0.8	0.9715	0.9805	0	5	4	4	4	4	4
DN_NC_073232.2_65161149_4	DN_NC_086017.1_82640717_11	4	11	4	0	0	0	0.0	0.0	0.0	0	3	0	0	0	0	0
DN_NC_073232.2_65721054_29	DN_NC_073232.2_69588940_31	29	31	29	29	29	29	1.0	0.9776	0.9945	0	29	29	29	29	29	29
DN_NC_073232.2_65905862_9	DN_NC_073232.2_69473322_8	9	8	8	1	1	1	0.125	0.9119	0.9119	1	4	1	1	1	1	1
DN_NC_073232.2_65905862_9	DN_NC_073244.2_56720868_3	9	3	3	0	0	0	0.0	0.0	0.0	0	3	0	0	0	0	0
DN_NC_073232.2_65905862_9	DN_NC_086018.1_19844955_6	9	9	9	0	0	0	0.0	0.0	0.0	0	3	0	0	0	0	0
DN_NC_073232.2_68371563_10	DN_NC_073232.2_68618263_8	10	8	8	7	7	7	0.875	0.9923	0.9979	0	7	7	7	7	7	7
DN_NC_073232.2_68914292_6	DN_NC_073232.2_99479042_10	6	10	6	5	5	5	0.8333	0.987	0.9925	0	5	5	5	5	5	5
DN_NC_073232.2_71881610_2	DN_NC_073244.2_55607411_6	2	6	2	0	0	0	0.0	0.0	0.0	0	2	0	0	0	0	0
DN_NC_073232.2_71881634_2	DN_NC_073244.2_55618657_2	2	2	2	0	0	0	0.0	0.0	0.0	0	1	0	0	0	0	0
DN_NC_073232.2_71881634_2	DN_NC_073244.2_55678004_6	2	6	2	0	0	0	0.0	0.0	0.0	0	0	0	0	0	0	0
DN_NC_073232.2_71881634_2	DN_NC_073244.2_55797441_5	2	5	2	0	0	0	0.0	0.0	0.0	0	0	0	0	0	0	0
DN_NC_073232.2_71881634_2	DN_NC_073244.2_55835875_4	2	4	2	0	0	0	0.0	0.0	0.0	0	0	0	0	0	0	0
DN_NC_073232.2_71881634_2	DN_NC_073244.2_55940471_6	2	6	2	0	0	0	0.0	0.0	0.0	0	0	0	0	0	0	0
DN_NC_073232.2_71973207_3	DN_NC_073232.2_72820474_5	3	5	3	1	1	1	0.3333	0.8413	0.8413	1	1	1	1	1	1	1
DN_NC_073232.2_71973207_3	DN_NC_073232.2_80964961_8	3	8	3	1	1	1	0.3333	0.8968	0.8968	1	2	1	1	1	1	1
DN_NC_073232.2_71973207_3	DN_NC_073232.2_81033881_5	3	5	3	1	1	1	0.3333	0.8413	0.8413	1	2	1	1	1	1	1
DN_NC_073232.2_71973207_3	DN_NC_073234.2_148420424_5	3	5	3	1	1	1	0.3333	0.7167	0.7167	1	3	2	1	1	0	0
DN_NC_073232.2_71973207_3	DN_NC_073234.2_148537990_5	3	5	3	1	1	1	0.3333	0.7143	0.7222	1	1	1	1	1	0	0
DN_NC_073232.2_71973207_3	DN_NC_073234.2_148682020_7	3	7	3	1	1	1	0.3333	0.7143	0.7143	1	2	1	1	1	0	0
DN_NC_073232.2_71973207_3	DN_NC_073237.2_109230975_4	3	4	3	0	0	0	0.0	0.0	0.0	0	2	1	0	0	0	0
DN_NC_073232.2_71973207_3	DN_NC_073237.2_109279481_4	3	4	3	1	1	1	0.3333	0.7654	0.7654	1	3	2	1	1	1	0
DN_NC_073232.2_71973207_3	DN_NC_073237.2_23553596_5	3	5	3	1	1	1	0.3333	0.8651	0.873	1	2	1	1	1	1	1
DN_NC_073232.2_71973207_3	DN_NC_073237.2_93211680_6	3	6	3	1	1	1	0.3333	0.8254	0.8254	1	2	1	1	1	1	1
DN_NC_073232.2_71973207_3	DN_NC_073237.2_93275727_4	3	4	3	1	1	1	0.3333	0.8651	0.8651	1	2	2	1	1	1	1
DN_NC_073232.2_71973207_3	DN_NC_073244.2_47706466_2	3	2	2	0	0	0	0.0	0.0	0.0	0	0	0	0	0	0	0
DN_NC_073232.2_71973207_3	DN_NC_073244.2_47798559_5	3	5	3	1	1	1	0.3333	0.8095	0.8095	1	2	2	1	1	1	1
DN_NC_073232.2_71973207_3	DN_NC_073244.2_47878793_6	3	6	3	1	1	1	0.3333	0.8095	0.8095	1	3	2	1	1	1	1
DN_NC_073232.2_71973207_3	DN_NC_073244.2_48093173_7	3	7	3	1	1	1	0.3333	0.7619	0.7698	1	2	1	1	1	1	0
DN_NC_073232.2_71973207_3	DN_NC_073244.2_48319142_5	3	5	3	1	1	1	0.3333	0.8254	0.8254	1	3	2	1	1	1	1
DN_NC_073232.2_71973207_3	DN_NC_073244.2_48352926_4	3	4	3	1	1	1	0.3333	0.8254	0.8254	1	3	2	1	1	1	1
DN_NC_073232.2_71973207_3	DN_NC_073244.2_48620420_5	3	5	3	0	0	0	0.0	0.0	0.0	0	3	1	1	0	0	0
DN_NC_073232.2_71973207_3	DN_NC_073244.2_48660338_4	3	4	3	0	0	0	0.0	0.0	0.0	0	0	0	0	0	0	0
DN_NC_073232.2_71973207_3	DN_NC_073244.2_48919547_6	3	6	3	1	1	1	0.3333	0.7302	0.7302	1	1	1	1	1	0	0
DN_NC_073232.2_71973207_3	DN_NC_073244.2_63840101_6	3	6	3	1	1	1	0.3333	0.754	0.754	1	2	1	1	1	1	0
DN_NC_073232.2_71973207_3	DN_NC_073244.2_63882905_5	3	5	3	1	1	1	0.3333	0.7619	0.7619	1	2	2	1	1	1	0
DN_NC_073232.2_71973207_3	DN_NC_073245.2_58728682_5	3	5	3	1	1	1	0.3333	0.8095	0.8095	1	3	2	1	1	1	1
DN_NC_073232.2_71973207_3	DN_NC_073247.2_58372296_6	3	5	3	1	1	1	0.3333	0.7937	0.7937	1	2	2	1	1	1	0
DN_NC_073232.2_71973207_3	DN_NC_086017.1_85766278_5	3	5	3	1	1	1	0.3333	0.7698	0.7778	1	3	2	1	1	1	0
DN_NC_073232.2_72046295_2	DN_NC_073247.2_113184310_2	2	2	2	0	0	0	0.0	0.0	0.0	0	1	1	1	0	0	0
DN_NC_073232.2_72618921_23	DN_NC_073236.2_30994185_5	23	5	5	3	3	3	0.6	0.9289	0.9415	0	5	3	3	3	3	3
DN_NC_073232.2_72618921_23	DN_NC_073237.2_22957046_5	23	5	5	3	3	3	0.6	0.9466	0.9628	0	5	3	3	3	3	3
DN_NC_073232.2_72618921_23	DN_NC_073238.2_29552503_8	23	8	8	6	6	6	0.75	0.9475	0.9754	0	8	6	6	6	6	6
DN_NC_073232.2_72618921_23	DN_NC_086018.1_19844955_6	23	9	9	7	7	7	0.7778	0.9593	0.9828	0	7	7	7	7	7	7
DN_NC_073232.2_72820474_5	DN_NC_073232.2_80964961_8	5	8	5	2	2	2	0.4	0.8049	0.873	0	4	3	2	2	1	1
DN_NC_073232.2_72820474_5	DN_NC_073232.2_81033881_5	5	5	5	5	5	5	1.0	0.9265	0.9789	0	5	5	5	5	5	5
DN_NC_073232.2_72820474_5	DN_NC_073232.2_81134357_6	5	6	5	2	2	2	0.4	0.7503	0.7698	0	4	3	3	2	1	0
DN_NC_073232.2_72820474_5	DN_NC_073234.2_148537990_5	5	5	5	1	1	1	0.2	0.7619	0.7619	1	3	2	2	1	1	0
DN_NC_073232.2_72820474_5	DN_NC_073234.2_148580749_5	5	5	5	1	1	1	0.2	0.7222	0.7222	1	3	1	1	1	0	0
DN_NC_073232.2_72820474_5	DN_NC_073234.2_148630977_5	5	5	5	1	1	1	0.2	0.7222	0.7222	1	3	3	2	1	0	0
DN_NC_073232.2_72820474_5	DN_NC_073234.2_148682020_7	5	7	5	1	1	1	0.2	0.7381	0.7381	1	3	2	2	1	0	0
DN_NC_073232.2_72820474_5	DN_NC_073237.2_109230975_4	5	4	4	0	0	0	0.0	0.0	0.0	0	1	0	0	0	0	0
DN_NC_073232.2_72820474_5	DN_NC_073237.2_109279481_4	5	4	4	1	1	1	0.25	0.7778	0.7778	1	3	2	2	1	1	0
DN_NC_073232.2_72820474_5	DN_NC_073237.2_93275727_4	5	4	4	1	1	1	0.25	0.8413	0.8413	1	3	2	2	1	1	1
DN_NC_073232.2_72820474_5	DN_NC_073244.2_47706466_2	5	2	2	0	0	0	0.0	0.0	0.0	0	2	0	0	0	0	0
DN_NC_073232.2_72820474_5	DN_NC_073244.2_47798559_5	5	5	5	1	1	1	0.2	0.8175	0.8175	1	3	2	2	1	1	1
DN_NC_073232.2_72820474_5	DN_NC_073244.2_47878793_6	5	6	5	1	1	1	0.2	0.8095	0.8095	1	4	2	2	1	1	1
DN_NC_073232.2_72820474_5	DN_NC_073244.2_48093173_7	5	7	5	1	1	1	0.2	0.7937	0.7937	1	4	3	3	1	1	0
DN_NC_073232.2_72820474_5	DN_NC_073244.2_48620420_5	5	5	5	0	0	0	0.0	0.0	0.0	0	4	2	1	0	0	0
DN_NC_073232.2_72820474_5	DN_NC_073244.2_48660338_4	5	4	4	0	0	0	0.0	0.0	0.0	0	3	0	0	0	0	0
DN_NC_073232.2_72820474_5	DN_NC_073244.2_48919547_6	5	6	5	1	1	1	0.2	0.7143	0.7143	1	4	3	2	1	0	0
DN_NC_073232.2_72820474_5	DN_NC_073244.2_63895938_6	5	6	5	2	2	2	0.4	0.7357	0.754	0	3	2	2	2	1	0
DN_NC_073232.2_72820474_5	DN_NC_073244.2_63934684_6	5	6	5	1	1	1	0.2	0.746	0.746	1	3	2	2	1	0	0
DN_NC_073232.2_72820474_5	DN_NC_073247.2_57761829_5	5	5	5	1	1	1	0.2	0.7778	0.7778	1	3	2	2	1	1	0
DN_NC_073232.2_72820474_5	DN_NC_073247.2_58372296_6	5	5	5	1	1	1	0.2	0.8016	0.8016	1	4	2	2	1	1	1
DN_NC_073232.2_72820474_5	DN_NC_086017.1_85766278_5	5	5	5	2	2	2	0.4	0.7292	0.7302	0	4	3	3	2	0	0
DN_NC_073232.2_72957232_4	DN_NC_073238.2_33904146_3	4	3	3	0	0	0	0.0	0.0	0.0	0	2	0	0	0	0	0
DN_NC_073232.2_72957232_4	DN_NC_073244.2_50702615_6	4	6	4	0	0	0	0.0	0.0	0.0	0	3	0	0	0	0	0
DN_NC_073232.2_80964961_8	DN_NC_073232.2_81033881_5	8	5	5	2	2	2	0.4	0.8062	0.8651	0	5	3	2	2	1	1
DN_NC_073232.2_80964961_8	DN_NC_073234.2_148537990_5	8	5	5	2	2	2	0.4	0.7296	0.754	0	4	2	2	2	1	0
DN_NC_073232.2_80964961_8	DN_NC_073237.2_109230975_4	8	4	4	0	0	0	0.0	0.0	0.0	0	3	1	0	0	0	0
DN_NC_073232.2_80964961_8	DN_NC_073237.2_109279481_4	8	4	4	1	1	1	0.25	0.8025	0.8025	1	4	2	1	1	1	1
DN_NC_073232.2_80964961_8	DN_NC_073237.2_93275727_4	8	4	4	1	1	1	0.25	0.8571	0.8571	1	4	2	2	1	1	1
DN_NC_073232.2_80964961_8	DN_NC_073244.2_47798559_5	8	5	5	1	1	1	0.2	0.8333	0.8333	1	3	2	2	1	1	1
DN_NC_073232.2_80964961_8	DN_NC_073244.2_47878793_6	8	6	6	1	1	1	0.1667	0.8254	0.8254	1	5	2	2	1	1	1
DN_NC_073232.2_80964961_8	DN_NC_073244.2_48620420_5	8	5	5	0	0	0	0.0	0.0	0.0	0	5	2	1	0	0	0
DN_NC_073232.2_80964961_8	DN_NC_073244.2_48660338_4	8	4	4	0	0	0	0.0	0.0	0.0	0	4	0	0	0	0	0
DN_NC_073232.2_80964961_8	DN_NC_073244.2_55989141_5	8	5	5	1	1	1	0.2	0.7222	0.7222	1	4	1	1	1	0	0
DN_NC_073232.2_80964961_8	DN_NC_073245.2_58728682_5	8	5	5	2	2	2	0.4	0.7739	0.8413	0	5	2	2	2	1	1
DN_NC_073232.2_80964961_8	DN_NC_073247.2_56899135_7	8	7	7	1	1	1	0.1429	0.8016	0.8016	1	4	3	1	1	1	1
DN_NC_073232.2_80964961_8	DN_NC_073247.2_57761829_5	8	5	5	1	1	1	0.2	0.8016	0.8016	1	4	2	2	1	1	1
DN_NC_073232.2_80964961_8	DN_NC_073247.2_57840463_5	8	5	5	1	1	1	0.2	0.8175	0.8175	1	4	2	2	1	1	1
DN_NC_073232.2_80964961_8	DN_NC_086017.1_85766278_5	8	5	5	2	2	2	0.4	0.7302	0.7619	0	5	2	2	2	1	0
DN_NC_073232.2_81033881_5	DN_NC_073234.2_148420424_5	5	5	5	1	1	1	0.2	0.7667	0.7667	1	4	2	2	1	1	0
DN_NC_073232.2_81033881_5	DN_NC_073234.2_148537990_5	5	5	5	1	1	1	0.2	0.754	0.754	1	4	2	2	1	1	0
DN_NC_073232.2_81033881_5	DN_NC_073234.2_148682020_7	5	7	5	1	1	1	0.2	0.746	0.746	1	5	2	2	1	0	0
DN_NC_073232.2_81033881_5	DN_NC_073237.2_109279481_4	5	4	4	1	1	1	0.25	0.7778	0.7778	1	4	2	2	1	1	0
DN_NC_073232.2_81033881_5	DN_NC_073237.2_93275727_4	5	4	4	1	1	1	0.25	0.8413	0.8413	1	3	3	2	1	1	1
DN_NC_073232.2_81033881_5	DN_NC_073244.2_47706466_2	5	2	2	0	0	0	0.0	0.0	0.0	0	1	0	0	0	0	0
DN_NC_073232.2_81033881_5	DN_NC_073244.2_47798559_5	5	5	5	1	1	1	0.2	0.8254	0.8254	1	4	2	2	1	1	1
DN_NC_073232.2_81033881_5	DN_NC_073244.2_47878793_6	5	6	5	1	1	1	0.2	0.8016	0.8016	1	5	3	2	1	1	1
DN_NC_073232.2_81033881_5	DN_NC_073244.2_48093173_7	5	7	5	1	1	1	0.2	0.7857	0.7857	1	4	3	3	1	1	0
DN_NC_073232.2_81033881_5	DN_NC_073244.2_48660338_4	5	4	4	0	0	0	0.0	0.0	0.0	0	4	0	0	0	0	0
DN_NC_073232.2_81033881_5	DN_NC_073244.2_48919547_6	5	6	5	1	1	1	0.2	0.7063	0.7063	1	4	3	2	1	0	0
DN_NC_073232.2_81033881_5	DN_NC_073244.2_55989141_5	5	5	5	1	1	1	0.2	0.7143	0.7143	1	3	1	1	1	0	0
DN_NC_073232.2_81033881_5	DN_NC_073244.2_63895938_6	5	6	5	1	1	1	0.2	0.754	0.754	1	3	2	2	1	1	0
DN_NC_073232.2_81033881_5	DN_NC_073244.2_63934684_6	5	6	5	1	1	1	0.2	0.746	0.746	1	2	2	2	1	0	0
DN_NC_073232.2_81033881_5	DN_NC_073245.2_58728682_5	5	5	5	2	2	2	0.4	0.7892	0.8175	0	5	3	2	2	2	1
DN_NC_073232.2_81033881_5	DN_NC_073247.2_56899135_7	5	7	5	1	1	1	0.2	0.746	0.746	1	4	3	3	1	0	0
DN_NC_073232.2_81033881_5	DN_NC_073247.2_57761829_5	5	5	5	2	2	2	0.4	0.7376	0.7698	0	2	2	2	2	1	0
DN_NC_073232.2_81033881_5	DN_NC_073247.2_57840463_5	5	5	5	2	2	2	0.4	0.7508	0.7857	0	4	2	2	2	1	0
DN_NC_073232.2_81033881_5	DN_NC_073247.2_58372296_6	5	5	5	1	1	1	0.2	0.8016	0.8016	1	4	2	1	1	1	1
DN_NC_073232.2_81033881_5	DN_NC_086017.1_85766278_5	5	5	5	2	2	2	0.4	0.7401	0.75	0	4	4	2	2	1	0
DN_NC_073232.2_81134357_6	DN_NC_073237.2_109279481_4	6	4	4	1	1	1	0.25	0.7654	0.7654	1	4	1	1	1	1	0
DN_NC_073232.2_81134357_6	DN_NC_073237.2_93211680_6	6	6	6	1	1	1	0.1667	0.7698	0.7698	1	4	3	3	1	1	0
DN_NC_073232.2_81134357_6	DN_NC_073244.2_48093173_7	6	7	6	1	1	1	0.1667	0.746	0.746	1	5	2	1	1	0	0
DN_NC_073232.2_81134357_6	DN_NC_086017.1_85766278_5	6	5	5	0	0	0	0.0	0.0	0.0	0	5	3	2	0	0	0
DN_NC_073232.2_8583099_4	DN_NC_073236.2_140400059_5	4	5	4	3	3	3	0.75	0.9773	0.9868	0	3	3	3	3	3	3
DN_NC_073232.2_8583099_4	DN_NC_073237.2_118498911_4	4	4	4	4	4	4	1.0	0.9845	0.9939	0	4	4	4	4	4	4
DN_NC_073232.2_8583099_4	DN_NC_073239.2_124648897_4	4	4	4	4	4	4	1.0	0.9927	0.9955	0	4	4	4	4	4	4
DN_NC_073232.2_8583099_4	DN_NC_073240.2_103747497_4	4	4	4	4	4	4	1.0	0.9894	0.994	0	4	4	4	4	4	4
DN_NC_073232.2_8583099_4	DN_NC_073241.2_110003031_5	4	5	4	3	3	3	0.75	0.9734	0.9814	0	3	3	3	3	3	3
DN_NC_073232.2_8583099_4	DN_NC_073242.2_121237165_4	4	4	4	4	4	4	1.0	0.99	0.9955	0	4	4	4	4	4	4
DN_NC_073232.2_8583099_4	DN_NC_073244.2_70818649_5	4	5	4	3	3	3	0.75	0.9774	0.9815	0	3	3	3	3	3	3
DN_NC_073232.2_8583099_4	DN_NC_086017.1_211655827_5	4	5	4	3	3	3	0.75	0.9722	0.9815	0	3	3	3	3	3	3
DN_NC_073232.2_8583099_4	DN_NC_086017.1_9337960_4	4	4	4	3	3	3	0.75	0.9843	0.9939	0	3	3	3	3	3	3
DN_NC_073232.2_88373590_10	DN_NC_073232.2_89563823_24	10	24	10	9	9	9	0.9	0.9513	0.9886	0	10	9	9	9	9	9
DN_NC_073232.2_8894424_4	DN_NC_073242.2_120770730_3	4	3	3	3	3	3	1.0	0.9826	0.9921	0	3	3	3	3	3	3
DN_NC_073232.2_8975313_3	DN_NC_073237.2_133664160_4	3	4	3	2	2	2	0.6667	0.8399	0.8426	0	2	2	2	2	2	2
DN_NC_073232.2_8975313_3	DN_NC_073242.2_120516047_4	3	4	3	2	2	2	0.6667	0.7551	0.7602	0	3	2	2	2	2	0
DN_NC_073232.2_8975313_3	DN_NC_073244.2_12296250_4	3	4	3	2	2	2	0.6667	0.8009	0.8333	0	3	2	2	2	2	1
DN_NC_073232.2_92223921_5	DN_NC_073232.2_99723280_5	5	5	5	5	5	5	1.0	0.9966	1.0	0	5	5	5	5	5	5
DN_NC_073232.2_92781991_6	DN_NC_073240.2_56108341_2	6	2	2	0	0	0	0.0	0.0	0.0	0	1	0	0	0	0	0
DN_NC_073232.2_99433455_13	DN_NC_073247.2_132688708_2	13	2	2	0	0	0	0.0	0.0	0.0	0	1	0	0	0	0	0
DN_NC_073232.2_99830035_5	DN_NC_073235.2_71373985_7	5	7	5	0	0	0	0.0	0.0	0.0	0	3	0	0	0	0	0
DN_NC_073233.2_103065421_4	DN_NC_073233.2_103150044_4	4	4	4	1	1	1	0.25	1.0	1.0	1	2	1	1	1	1	1
DN_NC_073233.2_103702122_11	DN_NC_073233.2_103744968_15	11	15	11	0	0	0	0.0	0.0	0.0	0	6	0	0	0	0	0
DN_NC_073233.2_10737351_7	DN_NC_073233.2_11930987_8	7	8	7	0	0	0	0.0	0.0	0.0	0	6	4	2	0	0	0
DN_NC_073233.2_110213303_8	DN_NC_073233.2_110238282_9	8	9	8	6	6	6	0.75	0.7996	0.9091	0	7	7	6	6	5	3
DN_NC_073233.2_112912081_9	DN_NC_073233.2_112925764_3	9	3	3	2	2	2	0.6667	0.9381	0.9699	0	2	2	2	2	2	2
DN_NC_073233.2_11450665_3	DN_NC_073246.2_35769268_8	3	8	3	1	1	1	0.3333	0.7811	0.7811	1	3	1	1	1	1	0
DN_NC_073233.2_116263271_8	DN_NC_073235.2_71373985_7	8	7	7	0	0	0	0.0	0.0	0.0	0	2	1	0	0	0	0
DN_NC_073233.2_116263271_8	DN_NC_073239.2_123333523_2	8	2	2	0	0	0	0.0	0.0	0.0	0	1	0	0	0	0	0
DN_NC_073233.2_116263271_8	DN_NC_073244.2_43610901_6	8	6	6	0	0	0	0.0	0.0	0.0	0	2	2	0	0	0	0
DN_NC_073233.2_116263271_8	DN_NC_073247.2_147586730_5	8	5	5	0	0	0	0.0	0.0	0.0	0	3	0	0	0	0	0
DN_NC_073233.2_118106361_14	DN_NC_073247.2_77369372_13	14	13	13	8	8	8	0.6154	0.7543	0.8037	0	13	11	9	8	5	1
DN_NC_073233.2_11930987_8	DN_NC_073233.2_11960151_8	8	8	8	4	4	4	0.5	0.7493	0.7789	0	5	4	4	4	2	0
DN_NC_073233.2_11930987_8	DN_NC_073233.2_12022944_8	8	8	8	2	2	2	0.25	0.7463	0.7725	0	5	4	4	2	1	0
DN_NC_073233.2_11960151_8	DN_NC_073233.2_12022944_8	8	8	8	3	3	3	0.375	0.7984	0.8105	0	5	4	4	3	3	2
DN_NC_073233.2_11997286_8	DN_NC_073233.2_12022944_8	8	8	8	3	3	3	0.375	0.7311	0.7474	0	5	4	3	3	0	0
DN_NC_073233.2_129388517_48	DN_NC_073242.2_28854512_28	48	28	28	26	26	26	0.9286	0.9883	0.9953	0	26	26	26	26	26	26
DN_NC_073233.2_129388517_48	DN_NC_073244.2_20936541_9	48	9	9	8	8	8	0.8889	0.9923	1.0	0	8	8	8	8	8	8
DN_NC_073233.2_130017597_2	DN_NC_073233.2_130017597_4	2	4	2	1	1	1	0.5	1.0	1.0	1	2	1	1	1	1	1
DN_NC_073233.2_130982674_9	DN_NC_073239.2_81444992_2	9	2	2	0	0	0	0.0	0.0	0.0	0	1	0	0	0	0	0
DN_NC_073233.2_132992860_18	DN_NC_086017.1_148168205_5	18	5	5	0	0	0	0.0	0.0	0.0	0	3	0	0	0	0	0
DN_NC_073233.2_13339812_3	DN_NC_073244.2_55678004_6	4	6	4	0	0	0	0.0	0.0	0.0	0	4	1	0	0	0	0
DN_NC_073233.2_13339812_3	DN_NC_073244.2_55797441_5	4	5	4	0	0	0	0.0	0.0	0.0	0	3	2	1	0	0	0
DN_NC_073233.2_14005356_9	DN_NC_073239.2_70164897_2	9	2	2	0	0	0	0.0	0.0	0.0	0	2	1	1	0	0	0
DN_NC_073233.2_15764817_25	DN_NC_073234.2_70557569_25	25	25	25	10	10	10	0.4	0.7389	0.8105	0	25	21	18	10	3	1
DN_NC_073233.2_18540673_22	DN_NC_086018.1_15884108_19	22	19	19	9	9	9	0.4737	0.7539	0.7971	0	15	14	12	9	6	0
DN_NC_073233.2_19708960_19	DN_NC_073233.2_19815473_9	19	9	9	1	1	1	0.1111	0.9057	0.9057	1	5	1	1	1	1	1
DN_NC_073233.2_23732821_4	DN_NC_073234.2_126370406_2	4	2	2	0	0	0	0.0	0.0	0.0	0	2	0	0	0	0	0
DN_NC_073233.2_23732821_4	DN_NC_073235.2_71373985_7	4	7	4	0	0	0	0.0	0.0	0.0	0	1	0	0	0	0	0
DN_NC_073233.2_23732821_4	DN_NC_073239.2_123333523_2	4	2	2	0	0	0	0.0	0.0	0.0	0	2	1	0	0	0	0
DN_NC_073233.2_23732821_4	DN_NC_073244.2_43610901_6	4	6	4	0	0	0	0.0	0.0	0.0	0	1	0	0	0	0	0
DN_NC_073233.2_23732821_4	DN_NC_073247.2_115708949_2	4	2	2	0	0	0	0.0	0.0	0.0	0	2	0	0	0	0	0
DN_NC_073233.2_23732821_4	DN_NC_073247.2_147586730_5	4	5	4	0	0	0	0.0	0.0	0.0	0	2	1	0	0	0	0
DN_NC_073233.2_24785501_8	DN_NC_073233.2_24803514_8	8	8	8	6	6	6	0.75	0.7646	0.8205	0	7	6	6	6	4	1
DN_NC_073233.2_24803514_8	DN_NC_073233.2_24846978_8	8	8	8	5	5	5	0.625	0.7351	0.763	0	8	6	6	5	1	0
DN_NC_073233.2_54778450_7	DN_NC_073233.2_54817717_7	7	7	7	5	5	5	0.7143	0.9226	0.9783	0	5	5	5	5	5	5
DN_NC_073233.2_54778450_7	DN_NC_073233.2_97922937_7	7	7	7	5	5	5	0.7143	0.954	0.9895	0	5	5	5	5	5	5
DN_NC_073233.2_54817717_7	DN_NC_073233.2_97922937_7	7	7	7	5	5	5	0.7143	0.9241	0.9691	0	5	5	5	5	5	5
DN_NC_073233.2_65156508_13	DN_NC_073243.2_16710332_14	13	14	13	6	6	6	0.4615	0.7349	0.7771	0	10	8	8	6	1	0
DN_NC_073233.2_67344582_15	DN_NC_086018.1_28714522_15	15	15	15	3	3	3	0.2	0.7267	0.7417	0	11	9	9	3	0	0
DN_NC_073233.2_6759783_2	DN_NC_073233.2_6761147_2	2	2	2	1	1	1	0.5	0.9807	0.9807	1	1	1	1	1	1	1
DN_NC_073233.2_6759783_2	DN_NC_073233.2_6771931_2	2	2	2	1	1	1	0.5	0.9107	0.9107	1	1	1	1	1	1	1
DN_NC_073233.2_6761147_2	DN_NC_073247.2_65202088_3	2	3	2	0	0	0	0.0	0.0	0.0	0	1	0	0	0	0	0
DN_NC_073233.2_6765652_2	DN_NC_073233.2_6771931_2	2	2	2	1	1	1	0.5	0.7771	0.7771	1	2	2	2	1	1	0
DN_NC_073233.2_69582499_12	DN_NC_073233.2_69678029_12	12	12	12	6	6	6	0.5	0.7514	0.8101	0	11	9	7	6	3	1
DN_NC_073233.2_69678029_12	DN_NC_073233.2_69723982_12	12	12	12	7	7	7	0.5833	0.7664	0.8481	0	10	9	8	7	4	2
DN_NC_073233.2_70511026_18	DN_NC_073236.2_97058333_14	18	14	14	7	7	7	0.5	0.7577	0.806	0	11	11	10	7	3	1
DN_NC_073233.2_72203709_7	DN_NC_073238.2_33853352_3	7	3	3	0	0	0	0.0	0.0	0.0	0	1	0	0	0	0	0
DN_NC_073233.2_72649199_20	DN_NC_073239.2_67861789_20	20	20	20	17	17	17	0.85	0.7601	0.8537	0	20	19	19	17	12	2
DN_NC_073233.2_72649199_20	DN_NC_073245.2_35236141_20	20	20	20	17	17	17	0.85	0.7844	0.8671	0	19	19	19	17	14	6
DN_NC_073233.2_72751588_5	DN_NC_073236.2_108637713_6	5	6	5	3	3	3	0.6	0.8363	0.8811	0	5	3	3	3	3	2
DN_NC_073233.2_72751588_5	DN_NC_073240.2_42709516_6	5	6	5	3	3	3	0.6	0.7886	0.8454	0	4	4	4	3	2	2
DN_NC_073233.2_72751588_5	DN_NC_073244.2_59252668_6	5	6	5	4	4	4	0.8	0.773	0.8144	0	5	4	4	4	2	1
DN_NC_073233.2_73623857_14	DN_NC_073233.2_73629498_4	14	4	4	0	0	0	0.0	0.0	0.0	0	3	0	0	0	0	0
DN_NC_073233.2_7370930_22	DN_NC_073244.2_59973129_7	22	7	7	5	5	5	0.7143	0.7913	0.8705	0	7	6	6	5	4	2
DN_NC_073233.2_74467231_21	DN_NC_073239.2_85769342_21	21	21	21	17	17	17	0.8095	0.79	0.8837	0	19	19	18	17	13	8
DN_NC_073233.2_74467231_21	DN_NC_073244.2_50412691_21	21	21	21	15	15	15	0.7143	0.8	0.8837	0	20	20	20	15	12	8
DN_NC_073233.2_74557606_4	DN_NC_073233.2_74583920_4	4	4	4	2	2	2	0.5	0.8696	0.9433	0	3	2	2	2	2	1
DN_NC_073233.2_74603920_22	DN_NC_073236.2_85139103_21	22	21	21	5	5	5	0.2381	0.72	0.7671	0	18	17	12	5	1	0
DN_NC_073233.2_75193065_21	DN_NC_086018.1_23590926_21	21	21	21	13	13	13	0.619	0.7665	0.8505	0	20	20	17	13	10	3
DN_NC_073233.2_75326481_7	DN_NC_073234.2_126131834_7	7	7	7	5	5	5	0.7143	0.7749	0.8174	0	6	6	5	5	3	2
DN_NC_073233.2_75363756_11	DN_NC_073242.2_32113450_11	11	11	11	7	7	7	0.6364	0.7597	0.8246	0	9	9	9	7	4	1
DN_NC_073233.2_75718276_6	DN_NC_073242.2_8725127_13	6	13	6	0	0	0	0.0	0.0	0.0	0	3	0	0	0	0	0
DN_NC_073233.2_75718276_6	DN_NC_073242.2_8737492_8	6	8	6	5	5	5	0.8333	0.9418	0.9604	0	5	5	5	5	5	5
DN_NC_073233.2_75718276_6	DN_NC_086017.1_136773097_2	6	2	2	1	1	1	0.5	0.897	0.897	1	1	1	1	1	1	1
DN_NC_073233.2_75718276_6	DN_NC_086017.1_141278779_5	6	5	5	3	3	3	0.6	0.917	0.9396	0	5	3	3	3	3	3
DN_NC_073233.2_75718276_6	DN_NC_086017.1_85330170_7	6	7	6	4	4	4	0.6667	0.9294	0.975	0	4	4	4	4	4	4
DN_NC_073233.2_75965332_20	DN_NC_073234.2_139148650_20	20	20	20	1	1	1	0.05	0.7179	0.7265	1	13	10	5	1	0	0
DN_NC_073233.2_76234750_23	DN_NC_073234.2_27515614_23	23	23	23	2	2	2	0.087	0.7193	0.7389	0	22	19	15	2	0	0
DN_NC_073233.2_76234750_23	DN_NC_086018.1_23267560_8	23	8	8	8	8	8	1.0	0.8866	0.9298	0	8	8	8	8	8	8
DN_NC_073233.2_78027084_24	DN_NC_073234.2_21213540_25	24	25	24	9	9	9	0.375	0.7609	0.85	0	23	19	15	9	5	1
DN_NC_073233.2_78071205_2	DN_NC_086017.1_58705155_2	2	2	2	0	0	0	0.0	0.0	0.0	0	1	0	0	0	0	0
DN_NC_073233.2_83154693_15	DN_NC_073243.2_19834097_15	15	15	15	11	11	11	0.7333	0.7542	0.8214	0	13	13	13	11	7	1
DN_NC_073233.2_97509393_19	DN_NC_073233.2_97983776_19	19	19	19	11	11	11	0.5789	0.7688	0.8537	0	17	16	14	11	8	2
DN_NC_073233.2_9788172_5	DN_NC_073241.2_36126198_2	5	2	2	0	0	0	0.0	0.0	0.0	0	2	1	0	0	0	0
DN_NC_073233.2_9788172_5	DN_NC_073244.2_26470366_4	5	4	4	2	2	2	0.5	0.8035	0.8175	0	4	4	2	2	2	1
DN_NC_073233.2_9788172_5	DN_NC_073244.2_26901109_4	5	4	4	1	1	1	0.25	0.7053	0.7053	1	4	3	1	1	0	0
DN_NC_073233.2_9788172_5	DN_NC_073244.2_27051998_4	5	4	4	2	2	2	0.5	0.7653	0.8254	0	4	3	2	2	1	1
DN_NC_073233.2_9788172_5	DN_NC_073244.2_27285351_4	5	4	4	2	2	2	0.5	0.7534	0.8095	0	4	4	3	2	1	1
DN_NC_073233.2_9788172_5	DN_NC_073244.2_27408454_4	5	4	4	2	2	2	0.5	0.7864	0.8254	0	4	4	3	2	1	1
DN_NC_073233.2_9788172_5	DN_NC_073244.2_27504818_5	5	5	5	2	2	2	0.4	0.8128	0.8571	0	4	3	2	2	2	1
DN_NC_073233.2_9788172_5	DN_NC_073244.2_27566430_5	5	5	5	2	2	2	0.4	0.7838	0.8413	0	4	4	4	2	1	1
DN_NC_073233.2_9788172_5	DN_NC_073244.2_27765726_4	5	4	4	2	2	2	0.5	0.7942	0.8095	0	4	4	3	2	2	1
DN_NC_073233.2_9788172_5	DN_NC_073244.2_27869273_3	5	3	3	1	1	1	0.3333	0.7579	0.7684	1	3	3	2	1	1	0
DN_NC_073233.2_9788172_5	DN_NC_073244.2_27956158_2	5	2	2	0	0	0	0.0	0.0	0.0	0	2	2	2	0	0	0
DN_NC_073233.2_9788172_5	DN_NC_073244.2_28072858_4	5	4	4	2	2	2	0.5	0.7679	0.8095	0	4	4	3	2	1	1
DN_NC_073233.2_9788172_5	DN_NC_073244.2_28333451_4	5	4	4	2	2	2	0.5	0.7851	0.8333	0	4	3	2	2	1	1
DN_NC_073233.2_9788172_5	DN_NC_073244.2_28588105_4	5	4	4	2	2	2	0.5	0.8048	0.8105	0	4	4	2	2	2	2
DN_NC_073233.2_9788172_5	DN_NC_073244.2_28711447_2	5	2	2	0	0	0	0.0	0.0	0.0	0	2	2	0	0	0	0
DN_NC_073233.2_9788172_5	DN_NC_073244.2_29046961_4	5	4	4	2	2	2	0.5	0.7942	0.8095	0	4	4	3	2	2	1
DN_NC_073233.2_9788172_5	DN_NC_073244.2_29232445_4	5	4	4	2	2	2	0.5	0.7877	0.8175	0	3	3	3	2	2	1
DN_NC_073233.2_9788172_5	DN_NC_073244.2_29297022_4	5	4	4	2	2	2	0.5	0.7996	0.8413	0	4	3	2	2	2	1
DN_NC_073233.2_9788172_5	DN_NC_073244.2_29557605_4	5	4	4	2	2	2	0.5	0.8167	0.8333	0	4	4	4	2	2	2
DN_NC_073233.2_9788172_5	DN_NC_073244.2_29680825_2	5	2	2	0	0	0	0.0	0.0	0.0	0	2	2	0	0	0	0
DN_NC_073233.2_9788172_5	DN_NC_073244.2_29970261_4	5	4	4	3	3	3	0.75	0.7616	0.8095	0	4	4	4	3	2	1
DN_NC_073233.2_9788172_5	DN_NC_073244.2_30067652_4	5	4	4	2	2	2	0.5	0.7851	0.8333	0	3	3	3	2	1	1
DN_NC_073233.2_9788172_5	DN_NC_073244.2_30438340_4	5	4	4	2	2	2	0.5	0.8074	0.8254	0	4	4	2	2	2	1
DN_NC_073233.2_9788172_5	DN_NC_073244.2_64034715_7	5	7	5	1	1	1	0.2	0.8095	0.8095	1	4	2	2	1	1	1
DN_NC_073233.2_9788172_5	DN_NC_073244.2_64081943_4	5	4	4	1	1	1	0.25	0.8095	0.8095	1	2	1	1	1	1	1
DN_NC_073233.2_9788172_5	DN_NC_073244.2_64125568_5	5	5	5	1	1	1	0.2	0.8254	0.8254	1	3	1	1	1	1	1
DN_NC_073233.2_9788172_5	DN_NC_073244.2_64340366_4	5	4	4	1	1	1	0.25	0.8333	0.8333	1	4	2	1	1	1	1
DN_NC_073233.2_9788172_5	DN_NC_073244.2_64400145_5	5	5	5	1	1	1	0.2	0.7937	0.7937	1	4	3	1	1	1	0
DN_NC_073233.2_9788172_5	DN_NC_073244.2_64585864_4	5	4	4	1	1	1	0.25	0.8254	0.8254	1	3	1	1	1	1	1
DN_NC_073233.2_9788172_5	DN_NC_073244.2_64618758_7	5	7	5	1	1	1	0.2	0.8073	0.8073	1	3	1	1	1	1	1
DN_NC_073233.2_9788172_5	DN_NC_073244.2_64672255_4	5	4	4	1	1	1	0.25	0.7937	0.7937	1	2	1	1	1	1	0
DN_NC_073233.2_9788172_5	DN_NC_073244.2_64724127_4	5	4	4	1	1	1	0.25	0.7937	0.7937	1	3	1	1	1	1	0
DN_NC_073233.2_9788172_5	DN_NC_073244.2_64759228_5	5	5	5	1	1	1	0.2	0.8333	0.8333	1	3	2	1	1	1	1
DN_NC_073233.2_9788172_5	DN_NC_073244.2_64797239_5	5	5	5	1	1	1	0.2	0.8254	0.8254	1	4	2	1	1	1	1
DN_NC_073233.2_9788172_5	DN_NC_073244.2_65003440_7	5	7	5	1	1	1	0.2	0.8333	0.8492	1	2	2	1	1	1	1
DN_NC_073233.2_9788172_5	DN_NC_073244.2_65046428_4	5	3	3	1	1	1	0.3333	0.825	0.825	1	3	2	1	1	1	1
DN_NC_073233.2_9788172_5	DN_NC_073244.2_65073171_5	5	5	5	1	1	1	0.2	0.8254	0.8254	1	2	2	1	1	1	1
DN_NC_073233.2_9788172_5	DN_NC_073246.2_15789285_3	5	3	3	1	1	1	0.3333	0.8492	0.8492	1	3	2	1	1	1	1
DN_NC_073233.2_9788172_5	DN_NC_086017.1_41849524_2	5	2	2	0	0	0	0.0	0.0	0.0	0	1	0	0	0	0	0
DN_NC_073234.2_106852963_2	DN_NC_073235.2_38606855_2	2	2	2	1	1	1	0.5	0.7573	0.7573	1	1	1	1	1	1	0
DN_NC_073234.2_106852963_2	DN_NC_073247.2_163244071_16	2	16	2	1	1	1	0.5	0.7531	0.7531	1	1	1	1	1	1	0
DN_NC_073234.2_106852963_2	DN_NC_086017.1_198455801_2	2	2	2	0	0	0	0.0	0.0	0.0	0	1	0	0	0	0	0
DN_NC_073234.2_106852963_2	DN_NC_086017.1_93233442_3	2	3	2	1	1	1	0.5	0.7842	0.7842	1	1	1	1	1	1	0
DN_NC_073234.2_119380821_10	DN_NC_073234.2_119401970_11	10	11	10	1	1	1	0.1	0.9977	0.9977	1	5	2	1	1	1	1
DN_NC_073234.2_120456173_23	DN_NC_086017.1_136950625_23	23	23	23	10	10	10	0.4348	0.7401	0.7714	0	22	20	18	10	5	0
DN_NC_073234.2_125738330_13	DN_NC_073242.2_29733807_20	13	20	13	7	7	7	0.5385	0.7705	0.8718	0	12	12	12	7	4	2
DN_NC_073234.2_126026608_4	DN_NC_073242.2_7013229_2	4	2	2	0	0	0	0.0	0.0	0.0	0	2	0	0	0	0	0
DN_NC_073234.2_126370406_2	DN_NC_073235.2_142785844_3	2	3	2	0	0	0	0.0	0.0	0.0	0	1	0	0	0	0	0
DN_NC_073234.2_126370406_2	DN_NC_073235.2_71373985_7	2	7	2	0	0	0	0.0	0.0	0.0	0	1	0	0	0	0	0
DN_NC_073234.2_126370406_2	DN_NC_073237.2_101948554_6	2	6	2	0	0	0	0.0	0.0	0.0	0	2	0	0	0	0	0
DN_NC_073234.2_126370406_2	DN_NC_073239.2_123333523_2	2	2	2	0	0	0	0.0	0.0	0.0	0	2	1	0	0	0	0
DN_NC_073234.2_126370406_2	DN_NC_073239.2_123449122_2	2	2	2	0	0	0	0.0	0.0	0.0	0	1	0	0	0	0	0
DN_NC_073234.2_126370406_2	DN_NC_073244.2_43610901_6	2	6	2	0	0	0	0.0	0.0	0.0	0	1	0	0	0	0	0
DN_NC_073234.2_126370406_2	DN_NC_073247.2_115708949_2	2	2	2	0	0	0	0.0	0.0	0.0	0	2	0	0	0	0	0
DN_NC_073234.2_126370406_2	DN_NC_073247.2_147586730_5	2	5	2	0	0	0	0.0	0.0	0.0	0	2	1	0	0	0	0
DN_NC_073234.2_127179897_13	DN_NC_073237.2_24562366_2	13	2	2	0	0	0	0.0	0.0	0.0	0	1	0	0	0	0	0
DN_NC_073234.2_127179897_13	DN_NC_073237.2_31692944_2	13	2	2	0	0	0	0.0	0.0	0.0	0	1	0	0	0	0	0
DN_NC_073234.2_127819985_16	DN_NC_073234.2_22604826_16	16	16	16	0	0	0	0.0	0.0	0.0	0	14	10	6	0	0	0
DN_NC_073234.2_135608372_3	DN_NC_073234.2_135617419_11	3	11	3	0	0	0	0.0	0.0	0.0	0	2	0	0	0	0	0
DN_NC_073234.2_135871466_4	DN_NC_073234.2_135886660_4	4	4	4	0	0	0	0.0	0.0	0.0	0	2	0	0	0	0	0
DN_NC_073234.2_139370404_3	DN_NC_086017.1_148168205_5	3	5	3	0	0	0	0.0	0.0	0.0	0	1	0	0	0	0	0
DN_NC_073234.2_140369418_2	DN_NC_073236.2_84556071_6	2	6	2	0	0	0	0.0	0.0	0.0	0	1	0	0	0	0	0
DN_NC_073234.2_147445272_9	DN_NC_073234.2_147580679_4	9	4	4	1	1	1	0.25	0.9729	0.9729	1	2	1	1	1	1	1
DN_NC_073234.2_148420424_5	DN_NC_073234.2_148486259_4	5	4	4	1	1	1	0.25	0.7333	0.7333	1	3	2	1	1	0	0
DN_NC_073234.2_148420424_5	DN_NC_073234.2_148537990_5	5	5	5	1	1	1	0.2	0.775	0.775	1	4	3	1	1	1	0
DN_NC_073234.2_148420424_5	DN_NC_073234.2_148682020_7	5	7	5	1	1	1	0.2	0.75	0.75	1	5	2	1	1	1	0
DN_NC_073234.2_148420424_5	DN_NC_073237.2_89310571_5	5	5	5	1	1	1	0.2	0.7	0.7	1	4	2	2	1	0	0
DN_NC_073234.2_148420424_5	DN_NC_073244.2_45737704_5	5	5	5	0	0	0	0.0	0.0	0.0	0	4	1	1	0	0	0
DN_NC_073234.2_148420424_5	DN_NC_073244.2_47288294_4	5	4	4	0	0	0	0.0	0.0	0.0	0	3	0	0	0	0	0
DN_NC_073234.2_148420424_5	DN_NC_073244.2_47706466_2	5	2	2	0	0	0	0.0	0.0	0.0	0	1	0	0	0	0	0
DN_NC_073234.2_148420424_5	DN_NC_073244.2_47878793_6	5	6	5	1	1	1	0.2	0.7333	0.7333	1	5	3	1	1	0	0
DN_NC_073234.2_148420424_5	DN_NC_073244.2_48093173_7	5	7	5	1	1	1	0.2	0.7333	0.7333	1	4	1	1	1	0	0
DN_NC_073234.2_148420424_5	DN_NC_073244.2_48319142_5	5	5	5	1	1	1	0.2	0.7083	0.7083	1	3	1	1	1	0	0
DN_NC_073234.2_148420424_5	DN_NC_073244.2_48352926_4	5	4	4	1	1	1	0.25	0.7083	0.7083	1	3	2	1	1	0	0
DN_NC_073234.2_148420424_5	DN_NC_073244.2_48660338_4	5	4	4	0	0	0	0.0	0.0	0.0	0	3	0	0	0	0	0
DN_NC_073234.2_148420424_5	DN_NC_073244.2_48919547_6	5	6	5	0	0	0	0.0	0.0	0.0	0	4	2	1	0	0	0
DN_NC_073234.2_148420424_5	DN_NC_073244.2_63855100_5	5	5	5	1	1	1	0.2	0.75	0.75	1	4	2	1	1	1	0
DN_NC_073234.2_148420424_5	DN_NC_073244.2_63895938_6	5	6	5	1	1	1	0.2	0.7667	0.7667	1	4	2	2	1	1	0
DN_NC_073234.2_148420424_5	DN_NC_073244.2_63934684_6	5	6	5	1	1	1	0.2	0.7583	0.7583	1	4	2	1	1	1	0
DN_NC_073234.2_148420424_5	DN_NC_073244.2_63961971_6	5	6	5	1	1	1	0.2	0.7667	0.7667	1	4	2	1	1	1	0
DN_NC_073234.2_148420424_5	DN_NC_073244.2_63983979_5	5	5	5	1	1	1	0.2	0.7583	0.7583	1	4	2	2	1	1	0
DN_NC_073234.2_148420424_5	DN_NC_073244.2_64004232_5	5	5	5	1	1	1	0.2	0.75	0.75	1	4	2	2	1	1	0
DN_NC_073234.2_148420424_5	DN_NC_073244.2_70077616_7	5	7	5	0	0	0	0.0	0.0	0.0	0	4	1	1	0	0	0
DN_NC_073234.2_148420424_5	DN_NC_073245.2_58728682_5	5	5	5	1	1	1	0.2	0.75	0.75	1	4	2	2	1	1	0
DN_NC_073234.2_148420424_5	DN_NC_073247.2_56899135_7	5	7	5	1	1	1	0.2	0.7417	0.7417	1	2	1	1	1	0	0
DN_NC_073234.2_148420424_5	DN_NC_073247.2_57761829_5	5	5	5	1	1	1	0.2	0.7417	0.7417	1	4	1	1	1	0	0
DN_NC_073234.2_148420424_5	DN_NC_073247.2_57840463_5	5	5	5	1	1	1	0.2	0.725	0.725	1	5	2	1	1	0	0
DN_NC_073234.2_148420424_5	DN_NC_073247.2_58372296_6	5	5	5	1	1	1	0.2	0.7667	0.7667	1	4	1	1	1	1	0
DN_NC_073234.2_148486259_4	DN_NC_073234.2_148682020_7	4	7	4	2	2	2	0.5	0.7414	0.746	0	4	2	2	2	0	0
DN_NC_073234.2_148486259_4	DN_NC_073237.2_89310571_5	4	5	4	1	1	1	0.25	0.7222	0.7222	1	3	2	2	1	0	0
DN_NC_073234.2_148486259_4	DN_NC_073244.2_45737704_5	4	5	4	0	0	0	0.0	0.0	0.0	0	4	2	0	0	0	0
DN_NC_073234.2_148486259_4	DN_NC_073244.2_47706466_2	4	2	2	0	0	0	0.0	0.0	0.0	0	2	0	0	0	0	0
DN_NC_073234.2_148486259_4	DN_NC_073244.2_48093173_7	4	7	4	0	0	0	0.0	0.0	0.0	0	4	2	2	0	0	0
DN_NC_073234.2_148486259_4	DN_NC_073244.2_48319142_5	4	5	4	1	1	1	0.25	0.7063	0.7143	1	3	2	1	1	0	0
DN_NC_073234.2_148486259_4	DN_NC_073244.2_48352926_4	4	4	4	1	1	1	0.25	0.7143	0.7222	1	2	1	1	1	0	0
DN_NC_073234.2_148486259_4	DN_NC_073244.2_63542066_5	4	5	4	0	0	0	0.0	0.0	0.0	0	3	1	1	0	0	0
DN_NC_073234.2_148486259_4	DN_NC_073244.2_63855100_5	4	5	4	1	1	1	0.25	0.7381	0.7381	1	3	2	2	1	0	0
DN_NC_073234.2_148486259_4	DN_NC_073244.2_63895938_6	4	6	4	2	2	2	0.5	0.7277	0.7381	0	4	2	2	2	0	0
DN_NC_073234.2_148486259_4	DN_NC_073244.2_63934684_6	4	6	4	0	0	0	0.0	0.0	0.0	0	3	2	2	0	0	0
DN_NC_073234.2_148486259_4	DN_NC_073247.2_56899135_7	4	7	4	1	1	1	0.25	0.7302	0.7302	1	2	2	1	1	0	0
DN_NC_073234.2_148486259_4	DN_NC_073247.2_58372296_6	4	5	4	0	0	0	0.0	0.0	0.0	0	4	2	1	0	0	0
DN_NC_073234.2_148537990_5	DN_NC_073234.2_148682020_7	5	7	5	2	2	2	0.4	0.723	0.7302	0	4	4	2	2	0	0
DN_NC_073234.2_148537990_5	DN_NC_073237.2_109230975_4	5	4	4	0	0	0	0.0	0.0	0.0	0	3	1	0	0	0	0
DN_NC_073234.2_148537990_5	DN_NC_073237.2_109279481_4	5	4	4	1	1	1	0.25	0.7407	0.7407	1	4	2	2	1	0	0
DN_NC_073234.2_148537990_5	DN_NC_073237.2_89310571_5	5	5	5	0	0	0	0.0	0.0	0.0	0	4	2	2	0	0	0
DN_NC_073234.2_148537990_5	DN_NC_073237.2_93275727_4	5	4	4	1	1	1	0.25	0.7381	0.7381	1	3	2	2	1	0	0
DN_NC_073234.2_148537990_5	DN_NC_073244.2_47878793_6	5	6	5	1	1	1	0.2	0.754	0.754	1	3	2	2	1	1	0
DN_NC_073234.2_148537990_5	DN_NC_073244.2_48093173_7	5	7	5	1	1	1	0.2	0.7222	0.7222	1	4	2	2	1	0	0
DN_NC_073234.2_148537990_5	DN_NC_073244.2_48319142_5	5	5	5	0	0	0	0.0	0.0	0.0	0	4	2	1	0	0	0
DN_NC_073234.2_148537990_5	DN_NC_073244.2_48352926_4	5	4	4	0	0	0	0.0	0.0	0.0	0	3	1	1	0	0	0
DN_NC_073234.2_148537990_5	DN_NC_073244.2_48620420_5	5	5	5	0	0	0	0.0	0.0	0.0	0	2	2	1	0	0	0
DN_NC_073234.2_148537990_5	DN_NC_073244.2_48660338_4	5	4	4	0	0	0	0.0	0.0	0.0	0	2	0	0	0	0	0
DN_NC_073234.2_148537990_5	DN_NC_073244.2_48919547_6	5	6	5	0	0	0	0.0	0.0	0.0	0	4	2	2	0	0	0
DN_NC_073234.2_148537990_5	DN_NC_073244.2_63542066_5	5	5	5	1	1	1	0.2	0.7143	0.7143	1	3	2	1	1	0	0
DN_NC_073234.2_148537990_5	DN_NC_073244.2_63855100_5	5	5	5	1	1	1	0.2	0.7619	0.7619	1	5	3	2	1	1	0
DN_NC_073234.2_148537990_5	DN_NC_073244.2_63895938_6	5	6	5	1	1	1	0.2	0.7381	0.7381	1	4	3	2	1	0	0
DN_NC_073234.2_148537990_5	DN_NC_073244.2_63934684_6	5	6	5	1	1	1	0.2	0.7222	0.7222	1	2	2	2	1	0	0
DN_NC_073234.2_148537990_5	DN_NC_073245.2_58728682_5	5	5	5	2	2	2	0.4	0.7629	0.7717	0	4	2	2	2	2	0
DN_NC_073234.2_148537990_5	DN_NC_073247.2_56899135_7	5	7	5	1	1	1	0.2	0.7381	0.7381	1	3	2	2	1	0	0
DN_NC_073234.2_148537990_5	DN_NC_073247.2_57840463_5	5	5	5	0	0	0	0.0	0.0	0.0	0	5	2	1	0	0	0
DN_NC_073234.2_148537990_5	DN_NC_073247.2_58372296_6	5	5	5	1	1	1	0.2	0.7143	0.7143	1	3	2	1	1	0	0
DN_NC_073234.2_148537990_5	DN_NC_086017.1_85766278_5	5	5	5	1	1	1	0.2	0.7302	0.7302	1	4	2	2	1	0	0
DN_NC_073234.2_148580749_5	DN_NC_073237.2_109230975_4	5	4	4	0	0	0	0.0	0.0	0.0	0	2	0	0	0	0	0
DN_NC_073234.2_148580749_5	DN_NC_073237.2_109279481_4	5	4	4	0	0	0	0.0	0.0	0.0	0	3	2	1	0	0	0
DN_NC_073234.2_148580749_5	DN_NC_073244.2_48093173_7	5	7	5	1	1	1	0.2	0.7222	0.7222	1	5	2	1	1	0	0
DN_NC_073234.2_148580749_5	DN_NC_073244.2_48620420_5	5	5	5	2	2	2	0.4	0.7428	0.7698	0	4	2	2	2	1	0
DN_NC_073234.2_148580749_5	DN_NC_086017.1_85766278_5	5	5	5	0	0	0	0.0	0.0	0.0	0	3	1	0	0	0	0
DN_NC_073234.2_148620174_2	DN_NC_073244.2_15508499_10	2	10	2	0	0	0	0.0	0.0	0.0	0	1	0	0	0	0	0
DN_NC_073234.2_148620174_2	DN_NC_073244.2_48980018_5	2	5	2	0	0	0	0.0	0.0	0.0	0	2	1	0	0	0	0
DN_NC_073234.2_148620174_2	DN_NC_073244.2_68513423_5	2	5	2	0	0	0	0.0	0.0	0.0	0	2	0	0	0	0	0
DN_NC_073234.2_148630977_5	DN_NC_073237.2_109230975_4	5	4	4	0	0	0	0.0	0.0	0.0	0	3	1	0	0	0	0
DN_NC_073234.2_148630977_5	DN_NC_073244.2_47878793_6	5	6	5	1	1	1	0.2	0.7143	0.7143	1	4	2	1	1	0	0
DN_NC_073234.2_148630977_5	DN_NC_073244.2_48093173_7	5	7	5	1	1	1	0.2	0.7143	0.7143	1	5	2	2	1	0	0
DN_NC_073234.2_148630977_5	DN_NC_073244.2_55989141_5	5	5	5	0	0	0	0.0	0.0	0.0	0	4	1	1	0	0	0
DN_NC_073234.2_148630977_5	DN_NC_073245.2_58728682_5	5	5	5	1	1	1	0.2	0.7302	0.7302	1	4	3	2	1	0	0
DN_NC_073234.2_148682020_7	DN_NC_073237.2_109230975_4	7	4	4	0	0	0	0.0	0.0	0.0	0	4	0	0	0	0	0
DN_NC_073234.2_148682020_7	DN_NC_073237.2_109279481_4	7	4	4	0	0	0	0.0	0.0	0.0	0	4	2	2	0	0	0
DN_NC_073234.2_148682020_7	DN_NC_073237.2_23553596_5	7	5	5	1	1	1	0.2	0.7143	0.7143	1	5	3	1	1	0	0
DN_NC_073234.2_148682020_7	DN_NC_073237.2_89310571_5	7	5	5	0	0	0	0.0	0.0	0.0	0	5	2	2	0	0	0
DN_NC_073234.2_148682020_7	DN_NC_073237.2_93275727_4	7	4	4	1	1	1	0.25	0.7143	0.7143	1	4	2	1	1	0	0
DN_NC_073234.2_148682020_7	DN_NC_073244.2_47798559_5	7	5	5	1	1	1	0.2	0.7778	0.7778	1	3	2	2	1	1	0
DN_NC_073234.2_148682020_7	DN_NC_073244.2_48319142_5	7	5	5	1	1	1	0.2	0.7063	0.7063	1	4	3	1	1	0	0
DN_NC_073234.2_148682020_7	DN_NC_073244.2_48352926_4	7	4	4	1	1	1	0.25	0.7063	0.7063	1	3	2	1	1	0	0
DN_NC_073234.2_148682020_7	DN_NC_073244.2_48620420_5	7	5	5	0	0	0	0.0	0.0	0.0	0	4	2	1	0	0	0
DN_NC_073234.2_148682020_7	DN_NC_073244.2_48660338_4	7	4	4	0	0	0	0.0	0.0	0.0	0	3	0	0	0	0	0
DN_NC_073234.2_148682020_7	DN_NC_073244.2_48919547_6	7	6	6	0	0	0	0.0	0.0	0.0	0	5	2	2	0	0	0
DN_NC_073234.2_148682020_7	DN_NC_073244.2_55989141_5	7	5	5	0	0	0	0.0	0.0	0.0	0	4	1	0	0	0	0
DN_NC_073234.2_148682020_7	DN_NC_073244.2_63542066_5	7	5	5	1	1	1	0.2	0.7302	0.7302	1	4	2	2	1	0	0
DN_NC_073234.2_148682020_7	DN_NC_073244.2_63882905_5	7	5	5	1	1	1	0.2	0.7698	0.7698	1	4	3	1	1	1	0
DN_NC_073234.2_148682020_7	DN_NC_073244.2_63983979_5	7	5	5	1	1	1	0.2	0.746	0.746	1	4	2	2	1	0	0
DN_NC_073234.2_148682020_7	DN_NC_073244.2_64004232_5	7	5	5	1	1	1	0.2	0.7143	0.7222	1	4	2	2	1	0	0
DN_NC_073234.2_148682020_7	DN_NC_073244.2_70077616_7	7	7	7	0	0	0	0.0	0.0	0.0	0	4	2	2	0	0	0
DN_NC_073234.2_148682020_7	DN_NC_073245.2_58728682_5	7	5	5	2	2	2	0.4	0.7238	0.7302	0	4	3	2	2	0	0
DN_NC_073234.2_148682020_7	DN_NC_073247.2_56899135_7	7	7	7	1	1	1	0.1429	0.7619	0.7619	1	3	3	1	1	1	0
DN_NC_073234.2_148682020_7	DN_NC_073247.2_57840463_5	7	5	5	1	1	1	0.2	0.7063	0.7063	1	5	2	2	1	0	0
DN_NC_073234.2_148682020_7	DN_NC_073247.2_58372296_6	7	5	5	1	1	1	0.2	0.7143	0.7143	1	5	2	1	1	0	0
DN_NC_073234.2_148682020_7	DN_NC_086017.1_85766278_5	7	5	5	0	0	0	0.0	0.0	0.0	0	4	3	2	0	0	0
DN_NC_073234.2_15631092_11	DN_NC_086017.1_9790451_11	11	11	11	9	9	9	0.8182	0.9836	1.0	0	10	9	9	9	9	9
DN_NC_073234.2_17584207_9	DN_NC_073234.2_50306180_17	9	17	9	0	0	0	0.0	0.0	0.0	0	4	0	0	0	0	0
DN_NC_073234.2_17584207_9	DN_NC_073243.2_49045190_4	9	4	4	0	0	0	0.0	0.0	0.0	0	3	1	0	0	0	0
DN_NC_073234.2_17584207_9	DN_NC_073245.2_35160176_6	9	6	6	0	0	0	0.0	0.0	0.0	0	4	0	0	0	0	0
DN_NC_073234.2_17584207_9	DN_NC_073247.2_105439613_2	9	2	2	0	0	0	0.0	0.0	0.0	0	1	0	0	0	0	0
DN_NC_073234.2_22113821_5	DN_NC_073236.2_66023783_5	5	5	5	0	0	0	0.0	0.0	0.0	0	2	0	0	0	0	0
DN_NC_073234.2_22528772_7	DN_NC_073234.2_22529951_2	7	2	2	0	0	0	0.0	0.0	0.0	0	1	0	0	0	0	0
DN_NC_073234.2_22572777_12	DN_NC_073243.2_20078090_12	12	12	12	8	8	8	0.6667	0.8106	0.8796	0	10	10	10	8	7	4
DN_NC_073234.2_22631499_6	DN_NC_073234.2_22636891_13	6	13	6	0	0	0	0.0	0.0	0.0	0	4	0	0	0	0	0
DN_NC_073234.2_23452056_11	DN_NC_073234.2_23565467_10	11	10	10	9	9	9	0.9	0.9592	0.9904	0	9	9	9	9	9	9
DN_NC_073234.2_24956987_7	DN_NC_073234.2_24978856_8	7	8	7	6	6	6	0.8571	0.9856	1.0	0	6	6	6	6	6	6
DN_NC_073234.2_24978856_8	DN_NC_073234.2_70140848_27	8	27	8	1	1	1	0.125	0.9733	0.9733	1	5	3	1	1	1	1
DN_NC_073234.2_43619064_8	DN_NC_073234.2_43623304_5	8	5	5	1	1	1	0.2	1.0	1.0	1	5	1	1	1	1	1
DN_NC_073234.2_44474713_2	DN_NC_073236.2_130303191_6	2	6	2	0	0	0	0.0	0.0	0.0	0	1	0	0	0	0	0
DN_NC_073234.2_45066531_11	DN_NC_086017.1_118126676_3	11	3	3	0	0	0	0.0	0.0	0.0	0	2	0	0	0	0	0
DN_NC_073234.2_45136934_7	DN_NC_073246.2_34687084_3	7	3	3	0	0	0	0.0	0.0	0.0	0	2	0	0	0	0	0
DN_NC_073234.2_45136934_7	DN_NC_073246.2_34687085_2	7	2	2	0	0	0	0.0	0.0	0.0	0	1	0	0	0	0	0
DN_NC_073234.2_45177188_28	DN_NC_086017.1_57502847_23	29	23	23	8	8	8	0.3478	0.7576	0.8028	0	22	20	15	8	5	2
DN_NC_073234.2_45204849_7	DN_NC_073234.2_45208389_7	7	7	7	3	3	3	0.4286	0.8311	0.951	0	4	3	3	3	3	1
DN_NC_073234.2_45319542_4	DN_NC_073235.2_29394327_4	4	4	4	0	0	0	0.0	0.0	0.0	0	2	0	0	0	0	0
DN_NC_073234.2_45519337_9	DN_NC_073234.2_45523055_3	9	3	3	0	0	0	0.0	0.0	0.0	0	1	0	0	0	0	0
DN_NC_073234.2_45531723_7	DN_NC_073234.2_45539357_4	7	4	4	1	1	1	0.25	0.7873	0.7873	1	3	1	1	1	1	0
DN_NC_073234.2_47062440_10	DN_NC_073238.2_67037804_5	10	5	5	0	0	0	0.0	0.0	0.0	0	3	0	0	0	0	0
DN_NC_073234.2_47868349_14	DN_NC_073246.2_47506574_18	14	18	14	7	7	7	0.5	0.7694	0.8438	0	12	11	9	7	5	1
DN_NC_073234.2_48448103_8	DN_NC_073234.2_48529294_9	8	9	8	4	4	4	0.5	0.7608	0.7818	0	7	6	5	4	3	0
DN_NC_073234.2_48448103_8	DN_NC_073234.2_49024482_9	8	9	8	3	3	3	0.375	0.7533	0.7805	0	7	5	5	3	2	0
DN_NC_073234.2_48448103_8	DN_NC_073234.2_49087212_9	8	9	8	4	4	4	0.5	0.7297	0.7591	0	8	5	5	4	1	0
DN_NC_073234.2_48448103_8	DN_NC_073234.2_49097599_9	8	9	8	4	4	4	0.5	0.7976	0.872	0	7	6	5	4	2	2
DN_NC_073234.2_48448103_8	DN_NC_073240.2_43610228_10	8	10	8	0	0	0	0.0	0.0	0.0	0	3	0	0	0	0	0
DN_NC_073234.2_48529294_9	DN_NC_073234.2_49024482_9	9	9	9	2	2	2	0.2222	0.722	0.7273	0	7	6	4	2	0	0
DN_NC_073234.2_48529294_9	DN_NC_073234.2_49097599_9	9	9	9	5	5	5	0.5556	0.775	0.8211	0	7	7	6	5	4	1
DN_NC_073234.2_49024482_9	DN_NC_073234.2_49087212_9	9	9	9	8	8	8	0.8889	0.869	0.968	0	9	8	8	8	7	7
DN_NC_073234.2_49024482_9	DN_NC_073234.2_49097599_9	9	9	9	5	5	5	0.5556	0.7282	0.7455	0	9	7	5	5	0	0
DN_NC_073234.2_49087212_9	DN_NC_073234.2_49097599_9	9	9	9	4	4	4	0.4444	0.7232	0.7591	0	8	7	5	4	1	0
DN_NC_073234.2_49097599_9	DN_NC_073240.2_43610228_10	9	10	9	0	0	0	0.0	0.0	0.0	0	4	1	0	0	0	0
DN_NC_073234.2_49287598_7	DN_NC_073235.2_58805487_6	7	6	6	1	1	1	0.1667	0.7829	0.7829	1	5	4	2	1	1	0
DN_NC_073234.2_49830161_25	DN_NC_086017.1_37226306_22	25	22	22	13	13	13	0.5909	0.7595	0.8276	0	22	17	17	13	8	3
DN_NC_073234.2_50306180_17	DN_NC_073243.2_49045190_4	17	4	4	0	0	0	0.0	0.0	0.0	0	4	2	0	0	0	0
DN_NC_073234.2_50306180_17	DN_NC_073245.2_35160176_6	17	6	6	0	0	0	0.0	0.0	0.0	0	6	1	0	0	0	0
DN_NC_073234.2_52040112_9	DN_NC_073235.2_122111621_9	9	9	9	4	4	4	0.4444	0.7466	0.7727	0	7	6	6	4	2	0
DN_NC_073234.2_52064465_4	DN_NC_073234.2_52151326_4	4	4	4	3	3	3	0.75	0.9558	0.9865	0	3	3	3	3	3	3
DN_NC_073234.2_52064465_4	DN_NC_073234.2_52202911_4	4	4	4	3	3	3	0.75	0.9514	0.9865	0	4	3	3	3	3	3
DN_NC_073234.2_52064465_4	DN_NC_073235.2_121946440_4	4	4	4	3	3	3	0.75	0.843	0.8559	0	4	3	3	3	3	3
DN_NC_073234.2_52064465_4	DN_NC_073235.2_31723374_5	4	5	4	3	3	3	0.75	0.8399	0.8485	0	4	3	3	3	3	3
DN_NC_073234.2_52064465_4	DN_NC_073235.2_32697745_5	4	5	4	3	3	3	0.75	0.8346	0.8485	0	3	3	3	3	3	3
DN_NC_073234.2_52064465_4	DN_NC_073238.2_31467876_5	4	5	4	3	3	3	0.75	0.8369	0.8441	0	3	3	3	3	3	3
DN_NC_073234.2_52064465_4	DN_NC_073240.2_22595737_5	4	5	4	3	3	3	0.75	0.8369	0.8441	0	3	3	3	3	3	3
DN_NC_073234.2_52064465_4	DN_NC_086018.1_16134008_5	4	5	4	3	3	3	0.75	0.8013	0.8311	0	3	3	3	3	2	2
DN_NC_073234.2_52151326_4	DN_NC_073234.2_52202911_4	4	4	4	3	3	3	0.75	0.9525	0.9865	0	4	3	3	3	3	3
DN_NC_073234.2_52151326_4	DN_NC_073235.2_121946440_4	4	4	4	3	3	3	0.75	0.8317	0.8333	0	3	3	3	3	3	3
DN_NC_073234.2_52151326_4	DN_NC_073235.2_31723374_5	4	5	4	3	3	3	0.75	0.8386	0.8515	0	3	3	3	3	3	3
DN_NC_073234.2_52151326_4	DN_NC_073235.2_32697745_5	4	5	4	3	3	3	0.75	0.8414	0.8529	0	3	3	3	3	3	3
DN_NC_073234.2_52151326_4	DN_NC_073238.2_31467876_5	4	5	4	3	3	3	0.75	0.8352	0.8456	0	3	3	3	3	3	3
DN_NC_073234.2_52151326_4	DN_NC_073240.2_22595737_5	4	5	4	3	3	3	0.75	0.8352	0.8456	0	3	3	3	3	3	3
DN_NC_073234.2_52151326_4	DN_NC_086018.1_16134008_5	4	5	4	3	3	3	0.75	0.8058	0.8311	0	3	3	3	3	3	2
DN_NC_073234.2_52202911_4	DN_NC_073235.2_121946440_4	4	4	4	3	3	3	0.75	0.8391	0.8468	0	4	3	3	3	3	3
DN_NC_073234.2_52202911_4	DN_NC_073235.2_31723374_5	4	5	4	3	3	3	0.75	0.8346	0.8485	0	3	3	3	3	3	3
DN_NC_073234.2_52202911_4	DN_NC_073235.2_32697745_5	4	5	4	3	3	3	0.75	0.8404	0.85	0	4	3	3	3	3	3
DN_NC_073234.2_52202911_4	DN_NC_073238.2_31467876_5	4	5	4	3	3	3	0.75	0.8357	0.8471	0	3	3	3	3	3	3
DN_NC_073234.2_52202911_4	DN_NC_073240.2_22595737_5	4	5	4	3	3	3	0.75	0.8357	0.8471	0	3	3	3	3	3	3
DN_NC_073234.2_52202911_4	DN_NC_086018.1_16134008_5	4	5	4	3	3	3	0.75	0.806	0.8378	0	3	3	3	3	3	2
DN_NC_073234.2_53131451_25	DN_NC_073246.2_46134650_22	25	22	22	10	10	10	0.4545	0.7578	0.8409	0	20	19	18	10	6	1
DN_NC_073234.2_53272916_54	DN_NC_073235.2_91416644_51	54	51	51	12	12	21	0.4118	0.7294	0.7736	0	24	23	21	12	2	0
DN_NC_073234.2_53272916_54	DN_NC_073235.2_91471014_54	54	54	54	14	14	15	0.2778	0.7321	0.8302	0	33	33	26	14	3	1
DN_NC_073234.2_62953363_3	DN_NC_073234.2_67151860_3	3	3	3	3	3	3	1.0	0.9776	1.0	0	3	3	3	3	3	3
DN_NC_073234.2_69501458_7	DN_NC_073234.2_69557459_4	7	4	4	0	0	0	0.0	0.0	0.0	0	2	0	0	0	0	0
DN_NC_073234.2_74802518_16	DN_NC_086017.1_14572523_16	16	16	16	9	9	9	0.5625	0.7629	0.8103	0	15	13	13	9	5	3
DN_NC_073234.2_76035232_5	DN_NC_073234.2_76077727_3	5	3	3	1	1	1	0.3333	0.7596	0.7596	1	3	1	1	1	1	0
DN_NC_073234.2_79789135_15	DN_NC_073234.2_79820285_12	15	12	12	1	1	1	0.0833	0.8886	0.8886	1	4	2	1	1	1	1
DN_NC_073234.2_86426177_10	DN_NC_073235.2_71373985_7	10	7	7	0	0	0	0.0	0.0	0.0	0	3	0	0	0	0	0
DN_NC_073234.2_86426177_10	DN_NC_073239.2_123333523_2	10	2	2	0	0	0	0.0	0.0	0.0	0	2	1	0	0	0	0
DN_NC_073234.2_86426177_10	DN_NC_073244.2_43610901_6	10	6	6	0	0	0	0.0	0.0	0.0	0	3	0	0	0	0	0
DN_NC_073234.2_90680832_2	DN_NC_073235.2_106111443_2	2	2	2	0	0	0	0.0	0.0	0.0	0	1	1	0	0	0	0
DN_NC_073234.2_90802099_6	DN_NC_073234.2_90815331_10	6	10	6	0	0	0	0.0	0.0	0.0	0	3	0	0	0	0	0
DN_NC_073235.2_105819742_3	DN_NC_086018.1_26773900_6	3	6	3	0	0	0	0.0	0.0	0.0	0	1	0	0	0	0	0
DN_NC_073235.2_106111443_2	DN_NC_073237.2_28611397_2	2	2	2	0	0	0	0.0	0.0	0.0	0	1	0	0	0	0	0
DN_NC_073235.2_106111443_2	DN_NC_073237.2_32419572_2	2	2	2	0	0	0	0.0	0.0	0.0	0	1	1	1	0	0	0
DN_NC_073235.2_106111443_2	DN_NC_073246.2_25308035_5	2	5	2	0	0	0	0.0	0.0	0.0	0	0	0	0	0	0	0
DN_NC_073235.2_112807340_11	DN_NC_073235.2_71373985_7	11	7	7	0	0	0	0.0	0.0	0.0	0	4	0	0	0	0	0
DN_NC_073235.2_121932800_16	DN_NC_086017.1_42871160_16	16	16	16	1	1	1	0.0625	0.8	0.8	1	14	11	6	1	1	1
DN_NC_073235.2_121946440_4	DN_NC_073235.2_31723374_5	4	5	4	3	3	3	0.75	0.8251	0.8515	0	4	3	3	3	3	2
DN_NC_073235.2_121946440_4	DN_NC_073235.2_32697745_5	4	5	4	3	3	3	0.75	0.8219	0.8485	0	4	3	3	3	3	2
DN_NC_073235.2_121946440_4	DN_NC_073238.2_31467876_5	4	5	4	3	3	3	0.75	0.8261	0.8544	0	3	3	3	3	3	2
DN_NC_073235.2_121946440_4	DN_NC_073240.2_22595737_5	4	5	4	3	3	3	0.75	0.8261	0.8544	0	3	3	3	3	3	2
DN_NC_073235.2_121946440_4	DN_NC_086018.1_16134008_5	4	5	4	3	3	3	0.75	0.7948	0.8529	0	3	3	3	3	2	1
DN_NC_073235.2_125539339_16	DN_NC_073247.2_121395319_16	16	16	16	5	5	5	0.3125	0.7514	0.7838	0	14	12	9	5	2	0
DN_NC_073235.2_133031264_19	DN_NC_073235.2_133124679_15	19	15	15	4	4	4	0.2667	0.8838	0.9524	0	7	5	4	4	4	4
DN_NC_073235.2_136577761_2	DN_NC_073247.2_22225560_12	2	12	2	0	0	0	0.0	0.0	0.0	0	1	0	0	0	0	0
DN_NC_073235.2_137582288_5	DN_NC_073241.2_80636266_2	5	2	2	0	0	0	0.0	0.0	0.0	0	1	0	0	0	0	0
DN_NC_073235.2_142785844_3	DN_NC_073235.2_71373985_7	3	7	3	0	0	0	0.0	0.0	0.0	0	1	0	0	0	0	0
DN_NC_073235.2_142785844_3	DN_NC_073239.2_123333523_2	3	2	2	0	0	0	0.0	0.0	0.0	0	1	1	0	0	0	0
DN_NC_073235.2_142785844_3	DN_NC_073244.2_43610901_6	3	6	3	0	0	0	0.0	0.0	0.0	0	1	0	0	0	0	0
DN_NC_073235.2_142785844_3	DN_NC_073247.2_115708949_2	3	2	2	0	0	0	0.0	0.0	0.0	0	2	0	0	0	0	0
DN_NC_073235.2_142785844_3	DN_NC_073247.2_147586730_5	3	5	3	0	0	0	0.0	0.0	0.0	0	1	0	0	0	0	0
DN_NC_073235.2_143720615_16	DN_NC_073235.2_143747819_4	16	4	4	0	0	0	0.0	0.0	0.0	0	2	0	0	0	0	0
DN_NC_073235.2_144819821_8	DN_NC_073242.2_3673676_5	8	5	5	0	0	0	0.0	0.0	0.0	0	2	0	0	0	0	0
DN_NC_073235.2_144819821_8	DN_NC_073242.2_3677891_18	8	17	8	8	8	8	1.0	0.9904	0.9957	0	8	8	8	8	8	8
DN_NC_073235.2_144823500_4	DN_NC_073242.2_3673676_5	4	5	4	3	3	3	0.75	0.9916	0.9954	0	3	3	3	3	3	3
DN_NC_073235.2_144827388_3	DN_NC_073242.2_3666815_3	3	3	3	3	3	3	1.0	0.9932	0.9965	0	3	3	3	3	3	3
DN_NC_073235.2_15131698_9	DN_NC_073247.2_167707352_7	9	7	7	5	5	5	0.7143	0.9895	0.9937	0	5	5	5	5	5	5
DN_NC_073235.2_15131698_9	DN_NC_086018.1_48818439_9	9	9	9	5	5	5	0.5556	0.981	0.9937	0	5	5	5	5	5	5
DN_NC_073235.2_31662902_3	DN_NC_073235.2_31973952_17	3	17	3	2	2	2	0.6667	0.9695	0.9944	0	3	2	2	2	2	2
DN_NC_073235.2_31672555_8	DN_NC_073235.2_32750477_8	8	8	8	8	8	8	1.0	0.9662	0.9928	0	8	8	8	8	8	8
DN_NC_073235.2_31713963_3	DN_NC_073235.2_32705529_3	3	3	3	3	3	3	1.0	0.9727	0.9932	0	3	3	3	3	3	3
DN_NC_073235.2_31723374_5	DN_NC_073235.2_32697745_5	5	5	5	5	5	5	1.0	0.9701	0.9971	0	5	5	5	5	5	5
DN_NC_073235.2_31723374_5	DN_NC_073238.2_31467876_5	5	5	5	4	4	4	0.8	0.9565	0.9735	0	4	4	4	4	4	4
DN_NC_073235.2_31723374_5	DN_NC_073240.2_22595737_5	5	5	5	4	4	4	0.8	0.9538	0.9735	0	4	4	4	4	4	4
DN_NC_073235.2_31723374_5	DN_NC_086018.1_16134008_5	5	5	5	4	4	4	0.8	0.7881	0.8324	0	4	4	4	4	3	2
DN_NC_073235.2_31723374_5	DN_NC_086018.1_18552717_3	5	3	3	0	0	0	0.0	0.0	0.0	0	2	0	0	0	0	0
DN_NC_073235.2_32368514_11	DN_NC_073238.2_38585508_10	11	10	10	3	3	3	0.3	0.767	0.7989	0	7	7	6	3	2	0
DN_NC_073235.2_32697745_5	DN_NC_073238.2_31467876_5	5	5	5	4	4	4	0.8	0.9534	0.9706	0	4	4	4	4	4	4
DN_NC_073235.2_32697745_5	DN_NC_073240.2_22595737_5	5	5	5	4	4	4	0.8	0.9514	0.9706	0	4	4	4	4	4	4
DN_NC_073235.2_32697745_5	DN_NC_086018.1_16134008_5	5	5	5	4	4	4	0.8	0.7895	0.8338	0	4	4	4	4	3	3
DN_NC_073235.2_32697745_5	DN_NC_086018.1_18552717_3	5	3	3	0	0	0	0.0	0.0	0.0	0	2	0	0	0	0	0
DN_NC_073235.2_33703802_2	DN_NC_073235.2_34402342_7	2	7	2	0	0	0	0.0	0.0	0.0	0	1	0	0	0	0	0
DN_NC_073235.2_33703802_2	DN_NC_073236.2_21829724_2	2	2	2	0	0	0	0.0	0.0	0.0	0	1	0	0	0	0	0
DN_NC_073235.2_33703802_2	DN_NC_073238.2_24693721_8	2	8	2	0	0	0	0.0	0.0	0.0	0	1	1	0	0	0	0
DN_NC_073235.2_33703802_2	DN_NC_073245.2_42779121_5	2	5	2	1	1	1	0.5	0.949	0.949	1	1	1	1	1	1	1
DN_NC_073235.2_34402342_7	DN_NC_073236.2_21829724_2	7	2	2	1	1	1	0.5	0.9644	0.9644	1	1	1	1	1	1	1
DN_NC_073235.2_34402342_7	DN_NC_073238.2_24693721_8	7	8	7	4	4	4	0.5714	0.9484	0.9767	0	4	4	4	4	4	4
DN_NC_073235.2_34402342_7	DN_NC_073245.2_42779121_5	7	5	5	4	4	4	0.8	0.9642	0.989	0	4	4	4	4	4	4
DN_NC_073235.2_50441116_14	DN_NC_073242.2_7013229_2	14	2	2	0	0	0	0.0	0.0	0.0	0	2	0	0	0	0	0
DN_NC_073235.2_56615771_10	DN_NC_073241.2_64883296_11	10	11	10	8	8	8	0.8	0.7755	0.8353	0	10	9	9	8	5	4
DN_NC_073235.2_64458923_26	DN_NC_073235.2_64637479_26	26	26	26	6	6	6	0.2308	0.7405	0.7945	0	18	16	11	6	2	0
DN_NC_073235.2_68674135_11	DN_NC_073235.2_68877817_25	11	25	11	2	2	2	0.1818	0.8066	0.8208	0	10	9	6	2	2	1
DN_NC_073235.2_71287360_16	DN_NC_073236.2_30490104_2	16	2	2	1	1	1	0.5	0.7761	0.7761	1	2	1	1	1	1	0
DN_NC_073235.2_71373985_7	DN_NC_073237.2_101948554_6	7	6	6	0	0	0	0.0	0.0	0.0	0	3	0	0	0	0	0
DN_NC_073235.2_71373985_7	DN_NC_073239.2_123333523_2	7	2	2	0	0	0	0.0	0.0	0.0	0	1	0	0	0	0	0
DN_NC_073235.2_71373985_7	DN_NC_073239.2_123449122_2	7	2	2	0	0	0	0.0	0.0	0.0	0	0	0	0	0	0	0
DN_NC_073235.2_71373985_7	DN_NC_073239.2_14838701_6	7	6	6	0	0	0	0.0	0.0	0.0	0	2	0	0	0	0	0
DN_NC_073235.2_71373985_7	DN_NC_073239.2_36370724_4	7	4	4	0	0	0	0.0	0.0	0.0	0	1	0	0	0	0	0
DN_NC_073235.2_71373985_7	DN_NC_073240.2_21986088_4	7	4	4	0	0	0	0.0	0.0	0.0	0	2	0	0	0	0	0
DN_NC_073235.2_71373985_7	DN_NC_073242.2_120248671_3	7	3	3	0	0	0	0.0	0.0	0.0	0	2	0	0	0	0	0
DN_NC_073235.2_71373985_7	DN_NC_073243.2_69046517_5	7	5	5	0	0	0	0.0	0.0	0.0	0	3	0	0	0	0	0
DN_NC_073235.2_71373985_7	DN_NC_073243.2_70014918_17	7	17	7	0	0	0	0.0	0.0	0.0	0	4	1	0	0	0	0
DN_NC_073235.2_71373985_7	DN_NC_073244.2_43610901_6	7	6	6	1	1	1	0.1667	0.8165	0.8165	1	5	2	1	1	1	1
DN_NC_073235.2_71373985_7	DN_NC_073245.2_47429376_4	7	4	4	0	0	0	0.0	0.0	0.0	0	3	0	0	0	0	0
DN_NC_073235.2_71373985_7	DN_NC_073247.2_114234875_11	7	11	7	0	0	0	0.0	0.0	0.0	0	5	0	0	0	0	0
DN_NC_073235.2_71373985_7	DN_NC_073247.2_115708949_2	7	2	2	0	0	0	0.0	0.0	0.0	0	0	0	0	0	0	0
DN_NC_073235.2_71373985_7	DN_NC_073247.2_147586730_5	7	5	5	0	0	0	0.0	0.0	0.0	0	3	0	0	0	0	0
DN_NC_073235.2_71373985_7	DN_NC_086018.1_24877691_3	7	3	3	0	0	0	0.0	0.0	0.0	0	1	0	0	0	0	0
DN_NC_073235.2_83159862_3	DN_NC_073238.2_124443812_2	3	2	2	0	0	0	0.0	0.0	0.0	0	1	0	0	0	0	0
DN_NC_073235.2_83159862_3	DN_NC_073239.2_87154592_2	3	2	2	1	1	1	0.5	0.7212	0.7212	1	1	1	1	1	0	0
DN_NC_073235.2_91038771_5	DN_NC_073238.2_125561692_4	5	4	4	0	0	0	0.0	0.0	0.0	0	2	0	0	0	0	0
DN_NC_073235.2_94365284_2	DN_NC_073236.2_112799498_6	2	6	2	1	1	1	0.5	0.773	0.773	1	1	1	1	1	1	0
DN_NC_073236.2_102496314_19	DN_NC_073239.2_26918461_17	19	17	17	12	12	12	0.7059	0.7817	0.8442	0	16	14	13	12	9	3
DN_NC_073236.2_108637713_6	DN_NC_073240.2_42709516_6	6	6	6	4	4	4	0.6667	0.7778	0.8083	0	5	4	4	4	3	1
DN_NC_073236.2_108768428_15	DN_NC_073239.2_86159949_15	15	15	15	8	8	8	0.5333	0.7571	0.8095	0	12	11	10	8	4	2
DN_NC_073236.2_111042998_7	DN_NC_073236.2_111062321_8	7	8	7	0	0	0	0.0	0.0	0.0	0	4	0	0	0	0	0
DN_NC_073236.2_112253211_6	DN_NC_073236.2_112264496_14	6	14	6	1	1	1	0.1667	1.0	1.0	1	3	1	1	1	1	1
DN_NC_073236.2_112799498_6	DN_NC_073243.2_97413463_8	6	8	6	0	0	0	0.0	0.0	0.0	0	2	0	0	0	0	0
DN_NC_073236.2_113941675_8	DN_NC_073245.2_44511531_9	8	9	8	3	3	3	0.375	0.7304	0.7373	0	7	6	4	3	0	0
DN_NC_073236.2_115828789_3	DN_NC_073237.2_89465596_2	3	2	2	1	1	1	0.5	0.8869	0.8869	1	2	1	1	1	1	1
DN_NC_073236.2_115828789_3	DN_NC_073239.2_70164897_2	3	2	2	0	0	0	0.0	0.0	0.0	0	0	0	0	0	0	0
DN_NC_073236.2_115828789_3	DN_NC_073244.2_27139185_2	3	2	2	1	1	1	0.5	0.8527	0.8527	1	2	1	1	1	1	1
DN_NC_073236.2_121320001_9	DN_NC_073236.2_121349000_3	9	3	3	1	1	1	0.3333	1.0	1.0	1	3	1	1	1	1	1
DN_NC_073236.2_125241687_3	DN_NC_073236.2_125270757_2	3	2	2	0	0	0	0.0	0.0	0.0	0	1	0	0	0	0	0
DN_NC_073236.2_129103377_13	DN_NC_073236.2_129129305_10	13	10	10	0	0	0	0.0	0.0	0.0	0	6	1	0	0	0	0
DN_NC_073236.2_129795378_10	DN_NC_073247.2_54705383_3	10	3	3	1	1	1	0.3333	0.7986	0.7986	1	2	1	1	1	1	0
DN_NC_073236.2_139618373_5	DN_NC_073236.2_139624268_6	5	6	5	0	0	0	0.0	0.0	0.0	0	2	1	0	0	0	0
DN_NC_073236.2_140396809_2	DN_NC_073237.2_118518303_5	2	5	2	1	1	1	0.5	1.0	1.0	1	1	1	1	1	1	1
DN_NC_073236.2_140396809_2	DN_NC_073239.2_124645701_2	2	2	2	2	2	2	1.0	0.9955	1.0	0	2	2	2	2	2	2
DN_NC_073236.2_140400059_5	DN_NC_073237.2_118498911_4	5	4	4	3	3	3	0.75	0.9812	0.9877	0	3	3	3	3	3	3
DN_NC_073236.2_140400059_5	DN_NC_073239.2_124648897_4	5	4	4	3	3	3	0.75	0.9856	0.9934	0	3	3	3	3	3	3
DN_NC_073236.2_140400059_5	DN_NC_073240.2_103747497_4	5	4	4	3	3	3	0.75	0.9813	0.9868	0	3	3	3	3	3	3
DN_NC_073236.2_140400059_5	DN_NC_073241.2_110003031_5	5	5	5	5	5	5	1.0	0.9933	1.0	0	5	5	5	5	5	5
DN_NC_073236.2_140400059_5	DN_NC_073242.2_121237165_4	5	4	4	3	3	3	0.75	0.9878	1.0	0	3	3	3	3	3	3
DN_NC_073236.2_140400059_5	DN_NC_073244.2_70818649_5	5	5	5	5	5	5	1.0	0.9873	1.0	0	5	5	5	5	5	5
DN_NC_073236.2_140400059_5	DN_NC_086017.1_211655827_5	5	5	5	5	5	5	1.0	0.9893	0.9939	0	5	5	5	5	5	5
DN_NC_073236.2_140400059_5	DN_NC_086017.1_9337960_4	5	4	4	3	3	3	0.75	0.979	0.9877	0	3	3	3	3	3	3
DN_NC_073236.2_21263952_7	DN_NC_073238.2_22875925_6	7	6	6	5	5	5	0.8333	0.9958	1.0	0	5	5	5	5	5	5
DN_NC_073236.2_21263952_7	DN_NC_073238.2_24580375_8	7	8	7	5	5	5	0.7143	0.9885	0.9961	0	5	5	5	5	5	5
DN_NC_073236.2_21263952_7	DN_NC_073240.2_14396114_6	7	6	6	5	5	5	0.8333	1.0	1.0	0	6	5	5	5	5	5
DN_NC_073236.2_21829724_2	DN_NC_073238.2_24693721_8	2	8	2	1	1	2	1.0	0.9928	0.9972	1	1	1	1	1	1	1
DN_NC_073236.2_21829724_2	DN_NC_073245.2_42779121_5	2	5	2	0	0	0	0.0	0.0	0.0	0	1	0	0	0	0	0
DN_NC_073236.2_22549336_8	DN_NC_073236.2_23070420_5	8	5	5	2	2	2	0.4	0.9965	1.0	0	3	2	2	2	2	2
DN_NC_073236.2_22549336_8	DN_NC_073236.2_24785599_8	8	8	8	6	6	6	0.75	0.9833	0.9937	0	6	6	6	6	6	6
DN_NC_073236.2_22549336_8	DN_NC_073236.2_30205531_7	8	7	7	5	5	5	0.7143	0.981	0.9917	0	6	5	5	5	5	5
DN_NC_073236.2_22549336_8	DN_NC_073238.2_23392840_7	8	7	7	5	5	5	0.7143	0.9837	0.9937	0	6	6	5	5	5	5
DN_NC_073236.2_22549336_8	DN_NC_073238.2_25250945_5	8	5	5	3	3	3	0.6	0.9922	1.0	0	3	3	3	3	3	3
DN_NC_073236.2_22549336_8	DN_NC_073246.2_11287585_8	8	8	8	6	6	6	0.75	0.9643	0.9873	0	6	6	6	6	6	6
DN_NC_073236.2_22549336_8	DN_NC_073248.2_45277558_8	8	8	8	6	6	6	0.75	0.9855	0.9917	0	6	6	6	6	6	6
DN_NC_073236.2_22701854_7	DN_NC_073236.2_25270756_7	7	7	7	7	7	7	1.0	0.9896	1.0	0	7	7	7	7	7	7
DN_NC_073236.2_22701854_7	DN_NC_073240.2_15970659_7	7	7	7	7	7	7	1.0	0.9907	1.0	0	7	7	7	7	7	7
DN_NC_073236.2_22701854_7	DN_NC_073247.2_165410205_10	7	10	7	3	3	3	0.4286	0.9506	0.968	0	4	3	3	3	3	3
DN_NC_073236.2_23070420_5	DN_NC_073236.2_24785599_8	5	8	5	3	3	3	0.6	0.9727	0.9917	0	4	3	3	3	3	3
DN_NC_073236.2_23070420_5	DN_NC_073236.2_30205531_7	5	7	5	3	3	3	0.6	0.9895	0.9917	0	3	3	3	3	3	3
DN_NC_073236.2_23070420_5	DN_NC_073238.2_23392840_7	5	7	5	3	3	3	0.6	0.9841	0.9917	0	3	3	3	3	3	3
DN_NC_073236.2_23070420_5	DN_NC_073238.2_25250945_5	5	5	5	4	4	4	0.8	0.9996	1.0	0	4	4	4	4	4	4
DN_NC_073236.2_23070420_5	DN_NC_073240.2_17174470_5	5	5	5	5	5	5	1.0	0.9967	1.0	0	5	5	5	5	5	5
DN_NC_073236.2_23070420_5	DN_NC_073246.2_11287585_8	5	8	5	3	3	3	0.6	0.9532	0.9766	0	4	3	3	3	3	3
DN_NC_073236.2_23070420_5	DN_NC_073248.2_45277558_8	5	8	5	3	3	3	0.6	0.9726	0.9917	0	3	3	3	3	3	3
DN_NC_073236.2_24785599_8	DN_NC_073236.2_30205531_7	8	7	7	6	6	6	0.8571	0.9878	1.0	0	6	6	6	6	6	6
DN_NC_073236.2_24785599_8	DN_NC_073238.2_23392840_7	8	7	7	6	6	6	0.8571	0.9878	1.0	0	6	6	6	6	6	6
DN_NC_073236.2_24785599_8	DN_NC_073238.2_25250945_5	8	5	5	4	4	4	0.8	0.9754	0.9917	0	5	4	4	4	4	4
DN_NC_073236.2_24785599_8	DN_NC_073240.2_17174470_5	8	5	5	3	3	3	0.6	0.9718	0.9917	0	3	3	3	3	3	3
DN_NC_073236.2_24785599_8	DN_NC_073246.2_11287585_8	8	8	8	7	7	7	0.875	0.9639	0.9878	0	8	7	7	7	7	7
DN_NC_073236.2_24785599_8	DN_NC_073248.2_45277558_8	8	8	8	7	7	7	0.875	0.9888	1.0	0	7	7	7	7	7	7
DN_NC_073236.2_25270756_7	DN_NC_073240.2_15970659_7	7	7	7	7	7	7	1.0	0.9912	1.0	0	7	7	7	7	7	7
DN_NC_073236.2_25270756_7	DN_NC_073247.2_165410205_10	7	10	7	3	3	3	0.4286	0.9505	0.968	0	4	3	3	3	3	3
DN_NC_073236.2_26203134_8	DN_NC_073238.2_24693721_8	8	8	8	7	7	7	0.875	0.9756	0.9855	0	8	7	7	7	7	7
DN_NC_073236.2_26203134_8	DN_NC_073239.2_44147073_8	8	8	8	8	8	8	1.0	0.9499	0.984	0	8	8	8	8	8	8
DN_NC_073236.2_26203134_8	DN_NC_073248.2_10847471_7	8	7	7	7	7	7	1.0	0.9229	0.9808	0	7	7	7	7	7	7
DN_NC_073236.2_30205531_7	DN_NC_073238.2_23392840_7	7	7	7	7	7	7	1.0	0.9888	1.0	0	7	7	7	7	7	7
DN_NC_073236.2_30205531_7	DN_NC_073238.2_25250945_5	7	5	5	4	4	4	0.8	0.988	0.9917	0	4	4	4	4	4	4
DN_NC_073236.2_30205531_7	DN_NC_073246.2_11287585_8	7	8	7	6	6	6	0.8571	0.9633	0.9878	0	6	6	6	6	6	6
DN_NC_073236.2_30205531_7	DN_NC_073248.2_45277558_8	7	8	7	6	6	6	0.8571	0.9776	1.0	0	6	6	6	6	6	6
DN_NC_073236.2_30501599_2	DN_NC_073238.2_22111250_2	2	2	2	2	2	2	1.0	0.9743	0.9778	0	2	2	2	2	2	2
DN_NC_073236.2_30994185_5	DN_NC_073237.2_22957046_5	5	5	5	5	5	5	1.0	0.9665	0.9859	0	5	5	5	5	5	5
DN_NC_073236.2_30994185_5	DN_NC_073238.2_29552503_8	5	8	5	4	4	4	0.8	0.9808	1.0	0	5	4	4	4	4	4
DN_NC_073236.2_30994185_5	DN_NC_073238.2_31858801_4	5	4	4	4	4	4	1.0	0.9823	1.0	0	4	4	4	4	4	4
DN_NC_073236.2_31364804_7	DN_NC_073236.2_31570340_7	7	7	7	5	6	6	0.8571	0.9467	0.9935	0	5	5	5	5	5	5
DN_NC_073236.2_31528778_7	DN_NC_073236.2_32340171_12	7	12	7	5	5	5	0.7143	0.9778	0.9839	0	6	5	5	5	5	5
DN_NC_073236.2_32048256_8	DN_NC_073236.2_34983788_9	8	9	8	8	8	8	1.0	0.9589	1.0	0	8	8	8	8	8	8
DN_NC_073236.2_32278873_5	DN_NC_073242.2_97765438_4	5	4	4	1	1	1	0.25	0.7222	0.7302	1	2	2	1	1	0	0
DN_NC_073236.2_32278873_5	DN_NC_073244.2_8594978_5	5	5	5	0	0	0	0.0	0.0	0.0	0	4	2	1	0	0	0
DN_NC_073236.2_32676987_2	DN_NC_073237.2_24562366_2	2	2	2	2	2	2	1.0	0.9194	0.9663	0	2	2	2	2	2	2
DN_NC_073236.2_32676987_2	DN_NC_073237.2_31692944_2	2	2	2	2	2	2	1.0	0.9631	0.9773	0	2	2	2	2	2	2
DN_NC_073236.2_32866582_11	DN_NC_073237.2_31481917_11	11	11	11	10	10	10	0.9091	0.9704	0.9906	0	10	10	10	10	10	10
DN_NC_073236.2_32866582_11	DN_NC_073237.2_93516915_6	11	6	6	5	5	5	0.8333	0.9325	0.9714	0	5	5	5	5	5	5
DN_NC_073236.2_32935295_3	DN_NC_073237.2_24387014_11	3	11	3	1	1	1	0.3333	0.9656	0.9656	1	2	1	1	1	1	1
DN_NC_073236.2_32935295_3	DN_NC_073237.2_29418618_13	3	13	3	1	1	1	0.3333	0.9709	0.9709	1	2	1	1	1	1	1
DN_NC_073236.2_32935299_2	DN_NC_073238.2_54832744_2	2	2	2	1	1	1	0.5	0.9881	0.9881	1	1	1	1	1	1	1
DN_NC_073236.2_33289090_9	DN_NC_073237.2_23692487_10	9	10	9	8	8	8	0.8889	0.977	0.9909	0	8	8	8	8	8	8
DN_NC_073236.2_33289090_9	DN_NC_073237.2_30061699_3	9	3	3	2	2	2	0.6667	0.9825	1.0	0	3	2	2	2	2	2
DN_NC_073236.2_33699714_3	DN_NC_073236.2_35163364_4	3	4	3	3	3	3	1.0	0.9614	0.988	0	3	3	3	3	3	3
DN_NC_073236.2_33791336_41	DN_NC_073236.2_35320202_37	41	37	37	13	15	20	0.5405	0.9379	0.9861	0	13	13	13	13	13	13
DN_NC_073236.2_35320202_37	DN_NC_073241.2_38130293_13	37	13	13	7	7	7	0.5385	0.779	0.8714	0	9	8	8	7	5	2
DN_NC_073236.2_38854516_5	DN_NC_073236.2_38858247_18	5	18	5	1	1	1	0.2	0.8374	0.8374	1	4	1	1	1	1	1
DN_NC_073236.2_46553268_10	DN_NC_073236.2_47822803_9	10	9	9	9	9	9	1.0	0.9829	1.0	0	9	9	9	9	9	9
DN_NC_073236.2_46653509_10	DN_NC_073236.2_47712811_9	10	9	9	8	8	8	0.8889	0.9959	1.0	0	8	8	8	8	8	8
DN_NC_073236.2_46653509_10	DN_NC_073236.2_49989275_2	10	2	2	0	0	0	0.0	0.0	0.0	0	1	0	0	0	0	0
DN_NC_073236.2_46653509_10	DN_NC_073236.2_51202468_4	10	4	4	0	0	0	0.0	0.0	0.0	0	3	0	0	0	0	0
DN_NC_073236.2_46653509_10	DN_NC_073236.2_51437835_4	10	4	4	0	0	0	0.0	0.0	0.0	0	3	0	0	0	0	0
DN_NC_073236.2_46653509_10	DN_NC_073236.2_52824428_4	10	4	4	0	0	0	0.0	0.0	0.0	0	3	0	0	0	0	0
DN_NC_073236.2_46676942_15	DN_NC_073236.2_47732210_12	15	12	12	9	9	9	0.75	0.9797	1.0	0	10	9	9	9	9	9
DN_NC_073236.2_46676942_15	DN_NC_073247.2_131468464_3	15	3	3	0	0	0	0.0	0.0	0.0	0	3	0	0	0	0	0
DN_NC_073236.2_47712811_9	DN_NC_073236.2_49989275_2	9	2	2	1	1	1	0.5	0.9814	0.9814	1	2	1	1	1	1	1
DN_NC_073236.2_47712811_9	DN_NC_073236.2_51202468_4	9	4	4	1	1	1	0.25	0.9955	0.9955	1	4	1	1	1	1	1
DN_NC_073236.2_47712811_9	DN_NC_073236.2_52824428_4	9	4	4	1	1	1	0.25	0.9812	0.9812	1	4	1	1	1	1	1
DN_NC_073236.2_47732210_12	DN_NC_073236.2_51437835_4	12	4	4	3	3	3	0.75	0.9848	0.995	0	3	3	3	3	3	3
DN_NC_073236.2_49989275_2	DN_NC_073236.2_51202468_4	2	4	2	2	2	2	1.0	0.9809	0.9838	0	2	2	2	2	2	2
DN_NC_073236.2_49989275_2	DN_NC_073236.2_51437835_4	2	4	2	2	2	2	1.0	0.9824	0.9852	0	2	2	2	2	2	2
DN_NC_073236.2_49989275_2	DN_NC_073236.2_52824428_4	2	4	2	2	2	2	1.0	0.9821	0.9843	0	2	2	2	2	2	2
DN_NC_073236.2_50448087_2	DN_NC_073247.2_135520853_7	2	7	2	1	1	1	0.5	0.7565	0.7565	1	1	1	1	1	1	0
DN_NC_073236.2_51202468_4	DN_NC_073236.2_51437835_4	4	4	4	3	3	3	0.75	0.9956	1.0	0	3	3	3	3	3	3
DN_NC_073236.2_51202468_4	DN_NC_073236.2_52824428_4	4	4	4	4	4	4	1.0	0.9821	0.9928	0	4	4	4	4	4	4
DN_NC_073236.2_51437835_4	DN_NC_073236.2_52824428_4	4	4	4	4	4	4	1.0	0.9824	0.9928	0	4	4	4	4	4	4
DN_NC_073236.2_52686516_4	DN_NC_073247.2_113660362_2	4	2	2	0	0	0	0.0	0.0	0.0	0	1	1	1	0	0	0
DN_NC_073236.2_65566893_8	DN_NC_086017.1_58705155_2	8	2	2	0	0	0	0.0	0.0	0.0	0	0	0	0	0	0	0
DN_NC_073236.2_73173266_13	DN_NC_073240.2_37591091_13	13	13	13	11	11	11	0.8462	0.807	0.9368	0	13	11	11	11	7	6
DN_NC_073236.2_81530457_14	DN_NC_073236.2_81606261_13	14	13	13	0	0	0	0.0	0.0	0.0	0	4	0	0	0	0	0
DN_NC_073237.2_101005198_6	DN_NC_073237.2_101021921_6	6	6	6	6	6	6	1.0	0.882	0.9767	0	6	6	6	6	6	5
DN_NC_073237.2_101948554_6	DN_NC_073239.2_123333523_2	6	2	2	0	0	0	0.0	0.0	0.0	0	2	1	0	0	0	0
DN_NC_073237.2_101948554_6	DN_NC_073244.2_43610901_6	6	6	6	0	0	0	0.0	0.0	0.0	0	3	0	0	0	0	0
DN_NC_073237.2_101948554_6	DN_NC_073247.2_115708949_2	6	2	2	0	0	0	0.0	0.0	0.0	0	2	0	0	0	0	0
DN_NC_073237.2_101948554_6	DN_NC_073247.2_147586730_5	6	5	5	0	0	0	0.0	0.0	0.0	0	2	0	0	0	0	0
DN_NC_073237.2_105179643_6	DN_NC_073237.2_105184979_19	6	19	6	1	1	1	0.1667	1.0	1.0	1	6	2	1	1	1	1
DN_NC_073237.2_106488614_5	DN_NC_073243.2_19688237_2	5	2	2	0	0	0	0.0	0.0	0.0	0	1	0	0	0	0	0
DN_NC_073237.2_109230975_4	DN_NC_073237.2_109279481_4	4	4	4	0	0	0	0.0	0.0	0.0	0	3	0	0	0	0	0
DN_NC_073237.2_109230975_4	DN_NC_073237.2_23553596_5	4	5	4	0	0	0	0.0	0.0	0.0	0	4	1	0	0	0	0
DN_NC_073237.2_109230975_4	DN_NC_073237.2_89310571_5	4	5	4	0	0	0	0.0	0.0	0.0	0	4	1	0	0	0	0
DN_NC_073237.2_109230975_4	DN_NC_073244.2_45737704_5	4	5	4	0	0	0	0.0	0.0	0.0	0	2	0	0	0	0	0
DN_NC_073237.2_109230975_4	DN_NC_073244.2_47706460_3	4	3	3	0	0	0	0.0	0.0	0.0	0	2	0	0	0	0	0
DN_NC_073237.2_109230975_4	DN_NC_073244.2_48093173_7	4	7	4	0	0	0	0.0	0.0	0.0	0	4	0	0	0	0	0
DN_NC_073237.2_109230975_4	DN_NC_073244.2_48319142_5	4	5	4	0	0	0	0.0	0.0	0.0	0	3	0	0	0	0	0
DN_NC_073237.2_109230975_4	DN_NC_073244.2_48352926_4	4	4	4	0	0	0	0.0	0.0	0.0	0	3	0	0	0	0	0
DN_NC_073237.2_109230975_4	DN_NC_073244.2_48620420_5	4	5	4	0	0	0	0.0	0.0	0.0	0	4	0	0	0	0	0
DN_NC_073237.2_109230975_4	DN_NC_073244.2_48660338_4	4	4	4	0	0	0	0.0	0.0	0.0	0	2	0	0	0	0	0
DN_NC_073237.2_109230975_4	DN_NC_073244.2_48919547_6	4	6	4	0	0	0	0.0	0.0	0.0	0	4	1	0	0	0	0
DN_NC_073237.2_109230975_4	DN_NC_073244.2_63882905_5	4	5	4	0	0	0	0.0	0.0	0.0	0	3	1	0	0	0	0
DN_NC_073237.2_109230975_4	DN_NC_073244.2_70077616_7	4	7	4	0	0	0	0.0	0.0	0.0	0	3	0	0	0	0	0
DN_NC_073237.2_109230975_4	DN_NC_073245.2_58728682_5	4	5	4	0	0	0	0.0	0.0	0.0	0	3	0	0	0	0	0
DN_NC_073237.2_109230975_4	DN_NC_073247.2_56899135_7	4	7	4	0	0	0	0.0	0.0	0.0	0	2	1	0	0	0	0
DN_NC_073237.2_109230975_4	DN_NC_073247.2_58372296_6	4	5	4	0	0	0	0.0	0.0	0.0	0	3	0	0	0	0	0
DN_NC_073237.2_109230975_4	DN_NC_086017.1_85766278_5	4	5	4	0	0	0	0.0	0.0	0.0	0	4	0	0	0	0	0
DN_NC_073237.2_109279481_4	DN_NC_073237.2_23553596_5	4	5	4	1	1	1	0.25	0.7407	0.7407	1	4	2	1	1	0	0
DN_NC_073237.2_109279481_4	DN_NC_073237.2_89310571_5	4	5	4	0	0	0	0.0	0.0	0.0	0	4	2	2	0	0	0
DN_NC_073237.2_109279481_4	DN_NC_073237.2_93275727_4	4	4	4	1	1	1	0.25	0.7654	0.7654	1	3	2	2	1	1	0
DN_NC_073237.2_109279481_4	DN_NC_073244.2_45737704_5	4	5	4	0	0	0	0.0	0.0	0.0	0	4	1	1	0	0	0
DN_NC_073237.2_109279481_4	DN_NC_073244.2_47706460_3	4	3	3	0	0	0	0.0	0.0	0.0	0	2	0	0	0	0	0
DN_NC_073237.2_109279481_4	DN_NC_073244.2_47878793_6	4	6	4	1	1	1	0.25	0.7037	0.7037	1	4	3	1	1	0	0
DN_NC_073237.2_109279481_4	DN_NC_073244.2_48093173_7	4	7	4	1	1	1	0.25	0.7901	0.7901	1	4	2	2	1	1	0
DN_NC_073237.2_109279481_4	DN_NC_073244.2_48319142_5	4	5	4	1	1	1	0.25	0.7778	0.7778	1	4	2	1	1	1	0
DN_NC_073237.2_109279481_4	DN_NC_073244.2_48352926_4	4	4	4	1	1	1	0.25	0.7778	0.7778	1	3	1	1	1	1	0
DN_NC_073237.2_109279481_4	DN_NC_073244.2_48620420_5	4	5	4	0	0	0	0.0	0.0	0.0	0	4	2	0	0	0	0
DN_NC_073237.2_109279481_4	DN_NC_073244.2_48919547_6	4	6	4	1	1	1	0.25	0.7037	0.7037	1	3	2	2	1	0	0
DN_NC_073237.2_109279481_4	DN_NC_073244.2_55989141_5	4	5	4	1	1	1	0.25	0.7037	0.7037	1	3	1	1	1	0	0
DN_NC_073237.2_109279481_4	DN_NC_073244.2_63895938_6	4	6	4	1	1	1	0.25	0.7037	0.7037	1	4	2	2	1	0	0
DN_NC_073237.2_109279481_4	DN_NC_073244.2_63934684_6	4	6	4	1	1	1	0.25	0.7037	0.7037	1	3	2	2	1	0	0
DN_NC_073237.2_109279481_4	DN_NC_073244.2_70077616_7	4	7	4	1	1	1	0.25	0.716	0.716	1	3	2	1	1	0	0
DN_NC_073237.2_109279481_4	DN_NC_073245.2_58728682_5	4	5	4	1	1	1	0.25	0.8148	0.8148	1	4	2	2	1	1	1
DN_NC_073237.2_109279481_4	DN_NC_073247.2_57761829_5	4	5	4	1	1	1	0.25	0.7778	0.7778	1	4	2	2	1	1	0
DN_NC_073237.2_109279481_4	DN_NC_073247.2_58372296_6	4	5	4	1	1	1	0.25	0.7037	0.7037	1	3	1	1	1	0	0
DN_NC_073237.2_109279481_4	DN_NC_086017.1_54629198_3	4	3	3	0	0	0	0.0	0.0	0.0	0	2	0	0	0	0	0
DN_NC_073237.2_109279481_4	DN_NC_086017.1_85766278_5	4	5	4	1	1	1	0.25	0.7284	0.7284	1	4	2	1	1	0	0
DN_NC_073237.2_109453117_3	DN_NC_073237.2_109461576_3	3	3	3	3	3	3	1.0	0.9936	0.9972	0	3	3	3	3	3	3
DN_NC_073237.2_109499325_4	DN_NC_073237.2_109511989_28	4	28	4	0	0	0	0.0	0.0	0.0	0	3	1	0	0	0	0
DN_NC_073237.2_118498911_4	DN_NC_073239.2_124648897_4	4	4	4	4	4	4	1.0	0.9871	0.9939	0	4	4	4	4	4	4
DN_NC_073237.2_118498911_4	DN_NC_073240.2_103747497_4	4	4	4	4	4	4	1.0	0.9855	0.9939	0	4	4	4	4	4	4
DN_NC_073237.2_118498911_4	DN_NC_073241.2_110003031_5	4	5	4	3	3	3	0.75	0.9796	0.9877	0	3	3	3	3	3	3
DN_NC_073237.2_118498911_4	DN_NC_073242.2_121237165_4	4	4	4	4	4	4	1.0	0.9822	0.9939	0	4	4	4	4	4	4
DN_NC_073237.2_118498911_4	DN_NC_073244.2_70818649_5	4	5	4	3	3	3	0.75	0.9814	0.9939	0	3	3	3	3	3	3
DN_NC_073237.2_118498911_4	DN_NC_086017.1_211655827_5	4	5	4	3	3	3	0.75	0.9773	0.9939	0	3	3	3	3	3	3
DN_NC_073237.2_118498911_4	DN_NC_086017.1_9337960_4	4	4	4	3	3	3	0.75	0.9889	1.0	0	3	3	3	3	3	3
DN_NC_073237.2_118518303_5	DN_NC_073239.2_124645701_2	5	2	2	1	1	1	0.5	0.9911	0.9911	1	1	1	1	1	1	1
DN_NC_073237.2_119275968_2	DN_NC_073237.2_119275970_2	2	2	2	1	1	1	0.5	1.0	1.0	1	1	1	1	1	1	1
DN_NC_073237.2_123801018_5	DN_NC_073244.2_70159242_5	5	5	5	0	0	0	0.0	0.0	0.0	0	4	1	0	0	0	0
DN_NC_073237.2_123801018_5	DN_NC_086018.1_21231592_2	5	2	2	0	0	0	0.0	0.0	0.0	0	2	0	0	0	0	0
DN_NC_073237.2_124724631_14	DN_NC_073244.2_23914271_12	14	12	12	6	6	6	0.5	0.7925	0.8696	0	12	10	8	6	5	3
DN_NC_073237.2_125291669_2	DN_NC_073244.2_13768230_3	2	3	2	0	0	0	0.0	0.0	0.0	0	1	1	0	0	0	0
DN_NC_073237.2_126021216_4	DN_NC_073237.2_126029688_6	4	6	4	0	0	0	0.0	0.0	0.0	0	1	0	0	0	0	0
DN_NC_073237.2_129707941_5	DN_NC_073242.2_6296327_3	5	3	3	0	0	0	0.0	0.0	0.0	0	1	0	0	0	0	0
DN_NC_073237.2_129717495_4	DN_NC_073238.2_41579503_4	4	4	4	0	0	0	0.0	0.0	0.0	0	1	0	0	0	0	0
DN_NC_073237.2_129735503_6	DN_NC_073237.2_129740502_6	6	6	6	1	1	1	0.1667	1.0	1.0	1	4	1	1	1	1	1
DN_NC_073237.2_130138569_27	DN_NC_073244.2_12577232_27	27	27	27	3	3	3	0.1111	0.7154	0.7241	0	20	19	10	3	0	0
DN_NC_073237.2_130396115_12	DN_NC_073244.2_21687258_9	12	9	9	3	3	3	0.3333	0.7707	0.8102	0	8	7	4	3	2	1
DN_NC_073237.2_131478659_6	DN_NC_073244.2_15891037_6	6	6	6	0	0	0	0.0	0.0	0.0	0	6	4	2	0	0	0
DN_NC_073237.2_133664160_4	DN_NC_073242.2_120516047_4	4	4	4	3	3	3	0.75	0.7802	0.8173	0	3	3	3	3	2	1
DN_NC_073237.2_133664160_4	DN_NC_073244.2_12296250_4	4	4	4	3	3	3	0.75	0.8227	0.8519	0	3	3	3	3	3	3
DN_NC_073237.2_133885482_35	DN_NC_073244.2_13399581_32	35	32	32	17	17	17	0.5312	0.7626	0.85	0	24	24	20	17	9	3
DN_NC_073237.2_17678391_14	DN_NC_073238.2_22049850_15	14	15	14	10	10	11	0.7857	0.9925	1.0	0	10	10	10	10	10	10
DN_NC_073237.2_22957046_5	DN_NC_073238.2_29552503_8	5	8	5	4	4	4	0.8	0.9788	0.9883	0	5	4	4	4	4	4
DN_NC_073237.2_22957046_5	DN_NC_073238.2_31858801_4	5	4	4	4	4	4	1.0	0.9767	0.9883	0	4	4	4	4	4	4
DN_NC_073237.2_23553596_5	DN_NC_073237.2_89310571_5	5	5	5	1	1	1	0.2	0.7381	0.7381	1	5	3	2	1	0	0
DN_NC_073237.2_23553596_5	DN_NC_073237.2_93275727_4	5	4	4	1	1	1	0.25	0.9603	0.9603	1	3	3	2	1	1	1
DN_NC_073237.2_23553596_5	DN_NC_073244.2_47878793_6	5	6	5	1	1	1	0.2	0.8016	0.8016	1	4	3	2	1	1	1
DN_NC_073237.2_23553596_5	DN_NC_073244.2_48093173_7	5	7	5	1	1	1	0.2	0.7619	0.7619	1	5	2	1	1	1	0
DN_NC_073237.2_23553596_5	DN_NC_073244.2_48620420_5	5	5	5	0	0	0	0.0	0.0	0.0	0	3	2	1	0	0	0
DN_NC_073237.2_23553596_5	DN_NC_073244.2_48919547_6	5	6	5	0	0	0	0.0	0.0	0.0	0	4	2	2	0	0	0
DN_NC_073237.2_23553596_5	DN_NC_073244.2_55989141_5	5	5	5	1	1	1	0.2	0.7063	0.7063	1	3	2	1	1	0	0
DN_NC_073237.2_23553596_5	DN_NC_073244.2_63542066_5	5	5	5	1	1	1	0.2	0.8333	0.8333	1	4	2	1	1	1	1
DN_NC_073237.2_23553596_5	DN_NC_073244.2_63882905_5	5	5	5	1	1	1	0.2	0.746	0.746	1	3	2	1	1	0	0
DN_NC_073237.2_23553596_5	DN_NC_073247.2_57761829_5	5	5	5	1	1	1	0.2	0.7778	0.7778	1	4	3	2	1	1	0
DN_NC_073237.2_23553596_5	DN_NC_073247.2_57840463_5	5	5	5	1	1	1	0.2	0.8254	0.8254	1	4	2	1	1	1	1
DN_NC_073237.2_23553596_5	DN_NC_073247.2_58372296_6	5	5	5	1	1	1	0.2	0.7857	0.7857	1	4	2	1	1	1	0
DN_NC_073237.2_23553596_5	DN_NC_086017.1_85766278_5	5	5	5	1	1	1	0.2	0.7381	0.746	1	5	3	2	1	0	0
DN_NC_073237.2_23692487_10	DN_NC_073237.2_30061699_3	10	3	3	2	2	2	0.6667	0.9866	0.9909	0	2	2	2	2	2	2
DN_NC_073237.2_24387014_11	DN_NC_073237.2_29418618_13	11	13	11	11	11	11	1.0	0.9791	0.9956	0	11	11	11	11	11	11
DN_NC_073237.2_24387014_11	DN_NC_073237.2_31481917_11	11	11	11	10	10	10	0.9091	0.9772	1.0	0	10	10	10	10	10	10
DN_NC_073237.2_24562360_2	DN_NC_073237.2_31692944_2	2	2	2	2	2	2	1.0	0.98	0.9848	0	2	2	2	2	2	2
DN_NC_073237.2_25172073_4	DN_NC_073237.2_25176692_9	4	9	4	1	1	1	0.25	0.842	0.842	1	3	1	1	1	1	1
DN_NC_073237.2_27266553_20	DN_NC_073240.2_63549614_16	20	16	16	11	11	11	0.6875	0.7586	0.8352	0	16	15	13	11	6	1
DN_NC_073237.2_27282743_9	DN_NC_073240.2_63815908_8	9	8	8	4	4	4	0.5	0.8	0.8421	0	7	6	6	4	3	3
DN_NC_073237.2_27307884_9	DN_NC_073237.2_27311993_5	9	5	5	0	0	0	0.0	0.0	0.0	0	3	0	0	0	0	0
DN_NC_073237.2_28860054_9	DN_NC_073247.2_137840069_2	9	2	2	0	0	0	0.0	0.0	0.0	0	1	0	0	0	0	0
DN_NC_073237.2_29418618_13	DN_NC_073237.2_31481917_11	13	11	11	9	9	9	0.8182	0.9715	0.9854	0	9	9	9	9	9	9
DN_NC_073237.2_30220066_5	DN_NC_073244.2_15508499_10	5	10	5	1	2	2	0.4	0.7103	0.7143	1	5	3	1	1	0	0
DN_NC_073237.2_30220066_5	DN_NC_073244.2_45985550_6	5	6	5	1	1	1	0.2	0.7302	0.7302	1	4	3	1	1	0	0
DN_NC_073237.2_30220066_5	DN_NC_073244.2_47250467_5	5	5	5	0	0	0	0.0	0.0	0.0	0	2	2	2	0	0	0
DN_NC_073237.2_30220066_5	DN_NC_073244.2_47831779_6	5	6	5	0	0	0	0.0	0.0	0.0	0	3	2	1	0	0	0
DN_NC_073237.2_30220066_5	DN_NC_073244.2_47997304_5	5	5	5	1	1	1	0.2	0.7398	0.7398	1	4	2	1	1	0	0
DN_NC_073237.2_30220066_5	DN_NC_073244.2_48030811_4	5	4	4	0	0	0	0.0	0.0	0.0	0	3	0	0	0	0	0
DN_NC_073237.2_30220066_5	DN_NC_073244.2_48242798_5	5	5	5	0	0	0	0.0	0.0	0.0	0	3	1	1	0	0	0
DN_NC_073237.2_30220066_5	DN_NC_073244.2_48384768_7	5	7	5	1	1	1	0.2	0.7381	0.7381	1	3	2	2	1	0	0
DN_NC_073237.2_30220066_5	DN_NC_073244.2_49101177_5	5	5	5	1	1	1	0.2	0.7063	0.7063	1	4	3	1	1	0	0
DN_NC_073237.2_30220066_5	DN_NC_073244.2_49176797_4	5	4	4	0	0	0	0.0	0.0	0.0	0	4	1	0	0	0	0
DN_NC_073237.2_30220066_5	DN_NC_073244.2_49246931_6	5	6	5	1	1	1	0.2	0.7222	0.7222	1	4	3	1	1	0	0
DN_NC_073237.2_30220066_5	DN_NC_073244.2_51749194_6	5	6	5	1	1	1	0.2	0.7302	0.7302	1	4	2	1	1	0	0
DN_NC_073237.2_30220066_5	DN_NC_073244.2_51825388_5	5	5	5	1	1	1	0.2	0.7778	0.7778	1	3	3	1	1	1	0
DN_NC_073237.2_30220066_5	DN_NC_073244.2_55341363_7	5	7	5	0	0	0	0.0	0.0	0.0	0	4	2	1	0	0	0
DN_NC_073237.2_30511420_2	DN_NC_073237.2_30512124_4	2	4	2	1	1	1	0.5	0.8833	0.8833	1	1	1	1	1	1	1
DN_NC_073237.2_30974188_2	DN_NC_073247.2_166096407_3	2	3	2	0	0	0	0.0	0.0	0.0	0	1	0	0	0	0	0
DN_NC_073237.2_31481917_11	DN_NC_073237.2_93516915_6	11	6	6	5	5	5	0.8333	0.9325	1.0	0	5	5	5	5	5	5
DN_NC_073237.2_46657799_9	DN_NC_073244.2_10146023_10	9	10	9	6	6	6	0.6667	0.7479	0.8676	0	8	7	6	6	2	1
DN_NC_073237.2_58341083_8	DN_NC_073243.2_49045190_4	8	4	4	0	0	0	0.0	0.0	0.0	0	3	1	0	0	0	0
DN_NC_073237.2_58583645_2	DN_NC_073238.2_112687980_26	2	26	2	0	0	0	0.0	0.0	0.0	0	2	0	0	0	0	0
DN_NC_073237.2_58966871_3	DN_NC_073238.2_32617313_2	3	2	2	0	0	0	0.0	0.0	0.0	0	0	0	0	0	0	0
DN_NC_073237.2_58966871_3	DN_NC_073241.2_83874271_3	3	3	3	0	0	0	0.0	0.0	0.0	0	2	1	1	0	0	0
DN_NC_073237.2_58966871_3	DN_NC_073244.2_6165323_3	3	3	3	0	0	0	0.0	0.0	0.0	0	2	1	0	0	0	0
DN_NC_073237.2_68560894_6	DN_NC_073244.2_54031930_2	6	2	2	0	0	0	0.0	0.0	0.0	0	1	0	0	0	0	0
DN_NC_073237.2_75784390_20	DN_NC_073244.2_8775501_20	20	20	20	11	11	11	0.55	0.7724	0.8571	0	14	12	11	11	7	3
DN_NC_073237.2_79864647_11	DN_NC_073247.2_66651439_2	11	2	2	0	0	0	0.0	0.0	0.0	0	2	0	0	0	0	0
DN_NC_073237.2_79912635_2	DN_NC_073238.2_38269853_5	2	5	2	0	0	0	0.0	0.0	0.0	0	2	0	0	0	0	0
DN_NC_073237.2_79912635_2	DN_NC_073242.2_36567597_2	2	2	2	1	1	1	0.5	0.7739	0.7739	1	2	1	1	1	1	0
DN_NC_073237.2_79912635_2	DN_NC_086017.1_14101436_3	2	3	2	0	0	0	0.0	0.0	0.0	0	1	0	0	0	0	0
DN_NC_073237.2_79912635_2	DN_NC_086017.1_24755690_2	2	2	2	0	0	0	0.0	0.0	0.0	0	0	0	0	0	0	0
DN_NC_073237.2_79912635_2	DN_NC_086017.1_24755694_2	2	2	2	0	0	0	0.0	0.0	0.0	0	0	0	0	0	0	0
DN_NC_073237.2_79912635_2	DN_NC_086018.1_25932455_2	2	2	2	0	0	0	0.0	0.0	0.0	0	1	0	0	0	0	0
DN_NC_073237.2_80081336_11	DN_NC_073237.2_82042769_5	11	5	5	4	4	4	0.8	0.9627	0.9835	0	4	4	4	4	4	4
DN_NC_073237.2_83892884_7	DN_NC_073237.2_84363825_25	7	25	7	6	6	6	0.8571	0.9932	0.998	0	6	6	6	6	6	6
DN_NC_073237.2_83935038_8	DN_NC_073237.2_84341528_8	8	8	8	7	7	7	0.875	0.9845	0.9932	0	8	7	7	7	7	7
DN_NC_073237.2_83935038_8	DN_NC_073237.2_93365361_8	8	8	8	6	6	6	0.75	0.8283	0.8934	0	7	7	6	6	6	4
DN_NC_073237.2_84005209_4	DN_NC_073237.2_84204480_4	4	4	4	4	4	4	1.0	0.996	1.0	0	4	4	4	4	4	4
DN_NC_073237.2_84341528_8	DN_NC_073237.2_93365361_8	8	8	8	6	6	6	0.75	0.8304	0.9016	0	7	6	6	6	6	5
DN_NC_073237.2_84711301_3	DN_NC_073238.2_114796219_2	3	2	2	0	0	0	0.0	0.0	0.0	0	0	0	0	0	0	0
DN_NC_073237.2_84822135_6	DN_NC_073247.2_67140268_2	6	2	2	0	0	0	0.0	0.0	0.0	0	2	0	0	0	0	0
DN_NC_073237.2_84822135_6	DN_NC_073247.2_67278734_2	6	2	2	0	0	0	0.0	0.0	0.0	0	1	0	0	0	0	0
DN_NC_073237.2_89073528_3	DN_NC_073237.2_89075402_13	3	13	3	1	1	1	0.3333	1.0	1.0	1	3	1	1	1	1	1
DN_NC_073237.2_89310571_5	DN_NC_073237.2_93275727_4	5	4	4	1	1	1	0.25	0.7619	0.7619	1	3	2	1	1	1	0
DN_NC_073237.2_89310571_5	DN_NC_073244.2_45737704_5	5	5	5	0	0	0	0.0	0.0	0.0	0	4	1	0	0	0	0
DN_NC_073237.2_89310571_5	DN_NC_073244.2_47798559_5	5	5	5	1	1	1	0.2	0.7937	0.7937	1	4	1	1	1	1	0
DN_NC_073237.2_89310571_5	DN_NC_073244.2_47878793_6	5	6	5	1	1	1	0.2	0.754	0.754	1	4	2	2	1	1	0
DN_NC_073237.2_89310571_5	DN_NC_073244.2_48093173_7	5	7	5	1	1	1	0.2	0.7143	0.7143	1	5	2	2	1	0	0
DN_NC_073237.2_89310571_5	DN_NC_073244.2_48319142_5	5	5	5	1	1	1	0.2	0.7302	0.7302	1	4	3	2	1	0	0
DN_NC_073237.2_89310571_5	DN_NC_073244.2_48352926_4	5	4	4	1	1	1	0.25	0.746	0.746	1	3	2	2	1	0	0
DN_NC_073237.2_89310571_5	DN_NC_073244.2_48660338_4	5	4	4	0	0	0	0.0	0.0	0.0	0	4	0	0	0	0	0
DN_NC_073237.2_89310571_5	DN_NC_073244.2_48919547_6	5	6	5	1	1	1	0.2	0.746	0.746	1	4	3	1	1	0	0
DN_NC_073237.2_89310571_5	DN_NC_073244.2_63542066_5	5	5	5	1	1	1	0.2	0.7778	0.7778	1	3	3	2	1	1	0
DN_NC_073237.2_89310571_5	DN_NC_073244.2_63882905_5	5	5	5	2	2	2	0.4	0.7183	0.7302	0	4	3	2	2	0	0
DN_NC_073237.2_89310571_5	DN_NC_073244.2_63895938_6	5	6	5	2	2	2	0.4	0.7198	0.7222	0	4	2	2	2	0	0
DN_NC_073237.2_89310571_5	DN_NC_073244.2_63934684_6	5	6	5	1	1	1	0.2	0.7143	0.7143	1	4	2	2	1	0	0
DN_NC_073237.2_89310571_5	DN_NC_073245.2_58728682_5	5	5	5	1	1	1	0.2	0.754	0.754	1	4	3	3	1	1	0
DN_NC_073237.2_89310571_5	DN_NC_073247.2_57840463_5	5	5	5	2	2	2	0.4	0.7421	0.7778	0	4	3	2	2	1	0
DN_NC_073237.2_89310571_5	DN_NC_073247.2_58228088_5	5	5	5	2	2	2	0.4	0.7505	0.7619	0	3	2	2	2	1	0
DN_NC_073237.2_89310571_5	DN_NC_086017.1_85766278_5	5	5	5	0	0	0	0.0	0.0	0.0	0	5	3	1	0	0	0
DN_NC_073237.2_89465596_2	DN_NC_073239.2_70164897_2	2	2	2	1	1	1	0.5	0.7262	0.7262	1	2	1	1	1	0	0
DN_NC_073237.2_89465596_2	DN_NC_073244.2_27139185_2	2	2	2	1	1	1	0.5	0.8915	0.8915	1	1	1	1	1	1	1
DN_NC_073237.2_89473261_14	DN_NC_073247.2_64561534_19	14	19	14	6	6	6	0.4286	0.756	0.8	0	10	8	7	6	4	1
DN_NC_073237.2_90033004_3	DN_NC_073239.2_77917590_16	3	16	3	0	0	0	0.0	0.0	0.0	0	1	1	0	0	0	0
DN_NC_073237.2_90719098_5	DN_NC_073244.2_48583045_5	5	6	5	3	3	3	0.6	0.7938	0.8571	0	4	4	3	3	2	2
DN_NC_073237.2_90719098_5	DN_NC_073245.2_12403861_6	5	6	5	1	1	1	0.2	0.7143	0.7143	1	4	1	1	1	0	0
DN_NC_073237.2_90719098_5	DN_NC_073245.2_28291357_5	5	5	5	2	2	2	0.4	0.8009	0.8333	0	2	2	2	2	2	1
DN_NC_073237.2_90719098_5	DN_NC_073245.2_35678363_2	5	2	2	0	0	0	0.0	0.0	0.0	0	2	1	0	0	0	0
DN_NC_073237.2_93211680_6	DN_NC_073244.2_48620420_5	6	5	5	0	0	0	0.0	0.0	0.0	0	4	2	1	0	0	0
DN_NC_073237.2_93211680_6	DN_NC_073245.2_58728682_5	6	5	5	2	2	2	0.4	0.808	0.8333	0	4	3	3	2	2	1
DN_NC_073237.2_93211680_6	DN_NC_073247.2_56899135_7	6	7	6	1	1	1	0.1667	0.8095	0.8095	1	3	3	3	1	1	1
DN_NC_073237.2_93275727_4	DN_NC_073244.2_47798559_5	4	5	4	1	1	1	0.25	0.8175	0.8175	1	4	2	1	1	1	1
DN_NC_073237.2_93275727_4	DN_NC_073244.2_47878793_6	4	6	4	1	1	1	0.25	0.7937	0.7937	1	3	2	1	1	1	0
DN_NC_073237.2_93275727_4	DN_NC_073244.2_48093173_7	4	7	4	1	1	1	0.25	0.7778	0.7778	1	4	2	1	1	1	0
DN_NC_073237.2_93275727_4	DN_NC_073244.2_55989141_5	4	5	4	1	1	1	0.25	0.7302	0.7302	1	3	1	1	1	0	0
DN_NC_073237.2_93275727_4	DN_NC_073244.2_70077616_7	4	7	4	1	1	1	0.25	0.7937	0.7937	1	3	2	1	1	1	0
DN_NC_073237.2_93275727_4	DN_NC_073247.2_57761829_5	4	5	4	1	1	1	0.25	0.7857	0.7857	1	4	2	2	1	1	0
DN_NC_073237.2_93275727_4	DN_NC_073247.2_58372296_6	4	5	4	1	1	1	0.25	0.7937	0.7937	1	3	1	1	1	1	0
DN_NC_073237.2_93275727_4	DN_NC_086017.1_85766278_5	4	5	4	1	1	1	0.25	0.746	0.754	1	3	2	2	1	1	0
DN_NC_073237.2_94439193_12	DN_NC_073240.2_69411455_12	12	12	12	6	6	6	0.5	0.7368	0.7857	0	12	9	9	6	1	0
DN_NC_073237.2_96675699_5	DN_NC_086018.1_19844955_6	5	9	5	1	1	1	0.2	0.7439	0.7439	1	3	1	1	1	0	0
DN_NC_073237.2_97733433_3	DN_NC_073243.2_20204464_2	3	2	2	0	0	0	0.0	0.0	0.0	0	2	0	0	0	0	0
DN_NC_073237.2_97733433_3	DN_NC_073244.2_45985550_6	3	6	3	1	1	1	0.3333	0.7381	0.7381	1	2	1	1	1	0	0
DN_NC_073237.2_97733433_3	DN_NC_073244.2_47250467_5	3	5	3	0	0	0	0.0	0.0	0.0	0	2	1	1	0	0	0
DN_NC_073237.2_97733433_3	DN_NC_073244.2_47997304_5	3	5	3	1	1	1	0.3333	0.75	0.75	1	2	1	1	1	1	0
DN_NC_073237.2_97733433_3	DN_NC_073244.2_48030811_4	3	4	3	0	0	0	0.0	0.0	0.0	0	2	0	0	0	0	0
DN_NC_073237.2_97733433_3	DN_NC_073244.2_48242798_5	3	5	3	1	1	1	0.3333	0.7857	0.7857	1	3	1	1	1	1	0
DN_NC_073237.2_97733433_3	DN_NC_073244.2_48384768_7	3	7	3	1	1	1	0.3333	0.7619	0.7619	1	2	1	1	1	1	0
DN_NC_073237.2_97733433_3	DN_NC_073244.2_49072464_4	3	4	3	1	1	1	0.3333	0.7619	0.7619	1	2	1	1	1	1	0
DN_NC_073237.2_97733433_3	DN_NC_073244.2_51749194_6	3	6	3	1	1	1	0.3333	0.7738	0.7738	1	2	1	1	1	1	0
DN_NC_073237.2_97733433_3	DN_NC_073244.2_51783968_5	3	5	3	1	1	1	0.3333	0.7381	0.7381	1	2	1	1	1	0	0
DN_NC_073238.2_114796219_2	DN_NC_073240.2_79492690_6	2	6	2	0	0	0	0.0	0.0	0.0	0	1	0	0	0	0	0
DN_NC_073238.2_125561692_4	DN_NC_073243.2_94988262_4	4	3	3	1	1	1	0.3333	0.7234	0.7234	1	3	1	1	1	0	0
DN_NC_073238.2_128177434_9	DN_NC_073238.2_128201955_8	9	8	8	1	1	1	0.125	1.0	1.0	1	5	1	1	1	1	1
DN_NC_073238.2_128463727_12	DN_NC_073247.2_47501169_3	12	3	3	0	0	0	0.0	0.0	0.0	0	2	0	0	0	0	0
DN_NC_073238.2_22875925_6	DN_NC_073238.2_24580375_8	6	8	6	6	6	6	1.0	0.9914	1.0	0	6	6	6	6	6	6
DN_NC_073238.2_22875925_6	DN_NC_073240.2_14396114_6	6	6	6	5	5	5	0.8333	0.9963	1.0	0	5	5	5	5	5	5
DN_NC_073238.2_23273370_7	DN_NC_073238.2_24372581_9	7	9	7	7	7	7	1.0	0.9834	1.0	0	7	7	7	7	7	7
DN_NC_073238.2_23392840_7	DN_NC_073238.2_25250945_5	7	5	5	4	4	4	0.8	0.9839	0.9917	0	4	4	4	4	4	4
DN_NC_073238.2_23392840_7	DN_NC_073246.2_11287585_8	7	8	7	6	6	6	0.8571	0.9606	0.981	0	6	6	6	6	6	6
DN_NC_073238.2_23392840_7	DN_NC_073248.2_45277558_8	7	8	7	6	6	6	0.8571	0.9817	1.0	0	6	6	6	6	6	6
DN_NC_073238.2_24435116_16	DN_NC_086018.1_22138206_15	16	15	15	11	11	11	0.7333	0.9637	0.9926	0	11	11	11	11	11	11
DN_NC_073238.2_24580375_8	DN_NC_073240.2_14396114_6	8	6	6	4	4	4	0.6667	0.9887	0.9961	0	4	4	4	4	4	4
DN_NC_073238.2_24693721_8	DN_NC_073239.2_44147073_8	8	8	8	7	7	7	0.875	0.9801	1.0	0	8	7	7	7	7	7
DN_NC_073238.2_25250945_5	DN_NC_073240.2_17174470_5	5	5	5	4	4	4	0.8	0.9958	1.0	0	4	4	4	4	4	4
DN_NC_073238.2_25250945_5	DN_NC_073246.2_11287585_8	5	8	5	4	4	4	0.8	0.9608	0.9835	0	5	4	4	4	4	4
DN_NC_073238.2_25250945_5	DN_NC_073248.2_45277558_8	5	8	5	4	4	4	0.8	0.9754	0.9917	0	4	4	4	4	4	4
DN_NC_073238.2_29552503_8	DN_NC_086018.1_19844955_6	8	9	8	6	6	6	0.75	0.9538	0.9712	0	6	6	6	6	6	6
DN_NC_073238.2_30171533_2	DN_NC_073238.2_33197456_2	2	2	2	2	2	2	1.0	0.9947	0.9954	0	2	2	2	2	2	2
DN_NC_073238.2_30171533_2	DN_NC_073242.2_7013229_2	2	2	2	0	0	0	0.0	0.0	0.0	0	2	1	0	0	0	0
DN_NC_073238.2_30171533_2	DN_NC_073246.2_32689693_4	2	4	2	0	0	0	0.0	0.0	0.0	0	2	1	0	0	0	0
DN_NC_073238.2_31467876_5	DN_NC_073240.2_22595737_5	5	5	5	5	5	5	1.0	0.9948	1.0	0	5	5	5	5	5	5
DN_NC_073238.2_31467876_5	DN_NC_086018.1_16134008_5	5	5	5	4	4	4	0.8	0.7858	0.8279	0	5	4	4	4	3	2
DN_NC_073238.2_31467876_5	DN_NC_086018.1_18552717_3	5	3	3	0	0	0	0.0	0.0	0.0	0	2	0	0	0	0	0
DN_NC_073238.2_32266743_7	DN_NC_073238.2_33425477_7	7	8	7	7	7	7	1.0	0.9838	0.9989	0	7	7	7	7	7	7
DN_NC_073238.2_32460857_5	DN_NC_073238.2_33291944_6	5	6	5	4	4	4	0.8	0.9826	1.0	0	4	4	4	4	4	4
DN_NC_073238.2_32460857_5	DN_NC_073240.2_22623333_4	5	4	4	1	1	1	0.25	0.9265	0.9265	1	2	1	1	1	1	1
DN_NC_073238.2_32617313_2	DN_NC_073241.2_83874271_3	2	3	2	0	0	0	0.0	0.0	0.0	0	1	0	0	0	0	0
DN_NC_073238.2_32617313_2	DN_NC_073244.2_6165323_3	2	3	2	0	0	0	0.0	0.0	0.0	0	0	0	0	0	0	0
DN_NC_073238.2_32661686_2	DN_NC_073247.2_30604924_7	2	7	2	0	0	0	0.0	0.0	0.0	0	1	0	0	0	0	0
DN_NC_073238.2_32661686_2	DN_NC_073248.2_26554434_7	2	7	2	0	0	0	0.0	0.0	0.0	0	2	0	0	0	0	0
DN_NC_073238.2_33197456_2	DN_NC_073239.2_67194404_11	2	11	2	0	0	0	0.0	0.0	0.0	0	2	0	0	0	0	0
DN_NC_073238.2_33197456_2	DN_NC_073242.2_7013229_2	2	2	2	0	0	0	0.0	0.0	0.0	0	2	1	0	0	0	0
DN_NC_073238.2_33197456_2	DN_NC_073246.2_32689693_4	2	4	2	0	0	0	0.0	0.0	0.0	0	2	1	0	0	0	0
DN_NC_073238.2_33291944_6	DN_NC_073240.2_22623333_4	6	4	4	1	1	1	0.25	0.9755	0.9755	1	2	1	1	1	1	1
DN_NC_073238.2_33904146_3	DN_NC_073240.2_23674889_10	3	10	3	0	0	0	0.0	0.0	0.0	0	2	1	0	0	0	0
DN_NC_073238.2_33904146_3	DN_NC_073240.2_29752710_11	3	11	3	0	0	0	0.0	0.0	0.0	0	2	1	0	0	0	0
DN_NC_073238.2_33904146_3	DN_NC_073243.2_111186227_2	3	2	2	0	0	0	0.0	0.0	0.0	0	0	0	0	0	0	0
DN_NC_073238.2_33904146_3	DN_NC_073244.2_50702615_6	3	6	3	0	0	0	0.0	0.0	0.0	0	2	0	0	0	0	0
DN_NC_073238.2_33938258_14	DN_NC_073240.2_20710887_3	14	3	3	2	2	2	0.6667	0.9936	0.9936	0	3	2	2	2	2	2
DN_NC_073238.2_34005367_9	DN_NC_073240.2_22623333_4	9	4	4	2	2	2	0.5	0.997	1.0	0	2	2	2	2	2	2
DN_NC_073238.2_34124992_8	DN_NC_073238.2_34259091_25	8	25	8	6	6	6	0.75	0.7975	0.8737	0	7	6	6	6	4	4
DN_NC_073238.2_38964005_23	DN_NC_073244.2_53573424_23	23	23	23	8	8	8	0.3478	0.7595	0.8283	0	19	16	12	8	4	2
DN_NC_073238.2_41750994_9	DN_NC_073238.2_41760020_5	9	5	5	0	0	0	0.0	0.0	0.0	0	4	0	0	0	0	0
DN_NC_073238.2_51309642_26	DN_NC_073247.2_34808557_3	26	3	3	0	0	0	0.0	0.0	0.0	0	2	0	0	0	0	0
DN_NC_073238.2_55186881_2	DN_NC_073238.2_67074273_14	2	14	2	0	0	0	0.0	0.0	0.0	0	0	0	0	0	0	0
DN_NC_073238.2_59732356_14	DN_NC_073238.2_60756272_9	14	9	9	6	6	6	0.6667	0.985	0.9931	0	8	6	6	6	6	6
DN_NC_073238.2_59946195_16	DN_NC_086017.1_153776814_16	16	16	16	6	6	6	0.375	0.7684	0.8025	0	15	13	10	6	5	1
DN_NC_073238.2_62894676_12	DN_NC_073238.2_64027356_13	12	13	12	7	7	7	0.5833	0.7572	0.9474	0	12	10	8	7	2	1
DN_NC_073238.2_65876995_17	DN_NC_073247.2_147316506_18	17	18	17	10	10	10	0.5882	0.7535	0.8	0	17	13	13	10	6	1
DN_NC_073238.2_66682517_7	DN_NC_073238.2_66830454_5	6	5	5	0	0	0	0.0	0.0	0.0	0	3	1	1	0	0	0
DN_NC_073238.2_8052138_7	DN_NC_073240.2_4575875_4	7	4	4	1	1	1	0.25	1.0	1.0	1	2	1	1	1	1	1
DN_NC_073238.2_8052138_7	DN_NC_073241.2_195924_6	7	6	6	5	5	5	0.8333	0.9745	0.985	0	5	5	5	5	5	5
DN_NC_073238.2_8052138_7	DN_NC_073244.2_11377962_21	7	21	7	7	7	7	1.0	0.9636	0.985	0	7	7	7	7	7	7
DN_NC_073238.2_8052138_7	DN_NC_073244.2_11413820_21	7	21	7	4	4	4	0.5714	0.7822	0.8375	0	7	6	5	4	2	2
DN_NC_073239.2_105498614_17	DN_NC_073239.2_105549018_9	17	9	9	1	1	1	0.1111	0.8815	0.8815	1	5	1	1	1	1	1
DN_NC_073239.2_109052370_3	DN_NC_073239.2_109057706_16	3	16	3	0	0	0	0.0	0.0	0.0	0	3	1	0	0	0	0
DN_NC_073239.2_120173605_3	DN_NC_073244.2_27956142_2	3	2	2	0	0	0	0.0	0.0	0.0	0	1	0	0	0	0	0
DN_NC_073239.2_120499478_8	DN_NC_073244.2_56814281_4	8	4	4	2	2	2	0.5	0.8039	0.8618	0	4	4	2	2	1	1
DN_NC_073239.2_120602021_15	DN_NC_073244.2_56850091_13	15	13	13	2	2	2	0.1538	0.7471	0.7717	0	8	6	5	2	1	0
DN_NC_073239.2_121772610_13	DN_NC_073244.2_51984253_14	13	14	13	10	10	10	0.7692	0.8211	0.9065	0	12	11	11	10	9	7
DN_NC_073239.2_122136493_25	DN_NC_073245.2_20582467_26	25	26	25	5	5	5	0.2	0.7685	0.8	0	21	19	11	5	5	1
DN_NC_073239.2_122577448_3	DN_NC_073239.2_122707562_3	3	3	3	3	3	3	1.0	0.9718	0.9977	0	3	3	3	3	3	3
DN_NC_073239.2_122615409_4	DN_NC_073239.2_122634080_4	4	4	4	4	4	4	1.0	0.9102	0.9764	0	4	4	4	4	3	3
DN_NC_073239.2_122615409_4	DN_NC_073239.2_122741455_4	4	4	4	3	3	3	0.75	0.9629	0.9663	0	4	4	4	3	3	3
DN_NC_073239.2_122615409_4	DN_NC_073239.2_122769394_7	4	7	4	4	6	6	1.5	0.8814	0.9832	0	4	4	4	4	4	4
DN_NC_073239.2_122615409_4	DN_NC_073239.2_122796928_6	4	6	4	4	4	4	1.0	0.9248	0.9898	0	4	4	4	4	4	4
DN_NC_073239.2_122634080_4	DN_NC_073239.2_122741455_4	4	4	4	4	4	4	1.0	0.913	0.9832	0	4	4	4	4	3	3
DN_NC_073239.2_122634080_4	DN_NC_073239.2_122769394_7	4	7	4	4	6	6	1.5	0.8417	0.9865	0	4	4	4	4	3	3
DN_NC_073239.2_122634080_4	DN_NC_073239.2_122796928_6	4	6	4	4	4	4	1.0	0.8998	0.9795	0	4	4	4	4	3	3
DN_NC_073239.2_122741455_4	DN_NC_073239.2_122769394_7	4	7	4	4	7	7	1.75	0.9048	0.9832	0	4	4	4	4	4	4
DN_NC_073239.2_122741455_4	DN_NC_073239.2_122796928_6	4	6	4	4	5	5	1.25	0.9218	0.9761	0	4	4	4	4	4	4
DN_NC_073239.2_122769394_7	DN_NC_073239.2_122796928_6	7	6	6	5	7	7	1.1667	0.9803	0.9932	0	5	5	5	5	5	5
DN_NC_073239.2_123333518_3	DN_NC_073239.2_123454429_2	3	2	2	1	1	1	0.5	0.9934	0.9934	1	2	1	1	1	1	1
DN_NC_073239.2_123333523_2	DN_NC_073240.2_21986088_4	2	4	2	0	0	0	0.0	0.0	0.0	0	2	1	0	0	0	0
DN_NC_073239.2_123333523_2	DN_NC_073243.2_69046517_5	2	5	2	0	0	0	0.0	0.0	0.0	0	1	0	0	0	0	0
DN_NC_073239.2_123333523_2	DN_NC_073244.2_43610901_6	2	6	2	0	0	0	0.0	0.0	0.0	0	1	0	0	0	0	0
DN_NC_073239.2_123333523_2	DN_NC_073247.2_115708949_2	2	2	2	0	0	0	0.0	0.0	0.0	0	2	1	0	0	0	0
DN_NC_073239.2_123333523_2	DN_NC_073247.2_147586730_5	2	5	2	0	0	0	0.0	0.0	0.0	0	1	1	0	0	0	0
DN_NC_073239.2_123449122_2	DN_NC_073244.2_43610901_6	2	6	2	0	0	0	0.0	0.0	0.0	0	0	0	0	0	0	0
DN_NC_073239.2_123449122_2	DN_NC_073247.2_147586730_5	2	5	2	0	0	0	0.0	0.0	0.0	0	0	0	0	0	0	0
DN_NC_073239.2_123469457_3	DN_NC_073242.2_6296327_3	3	3	3	0	0	0	0.0	0.0	0.0	0	2	0	0	0	0	0
DN_NC_073239.2_124648897_4	DN_NC_073240.2_103747497_4	4	4	4	4	4	4	1.0	0.9957	1.0	0	4	4	4	4	4	4
DN_NC_073239.2_124648897_4	DN_NC_073241.2_110003031_5	4	5	4	3	3	3	0.75	0.9836	0.9936	0	3	3	3	3	3	3
DN_NC_073239.2_124648897_4	DN_NC_073242.2_121237165_4	4	4	4	4	4	4	1.0	0.9973	1.0	0	4	4	4	4	4	4
DN_NC_073239.2_124648897_4	DN_NC_073244.2_70818649_5	4	5	4	3	3	3	0.75	0.9876	0.9879	0	3	3	3	3	3	3
DN_NC_073239.2_124648897_4	DN_NC_086017.1_211655827_5	4	5	4	3	3	3	0.75	0.9814	0.9877	0	3	3	3	3	3	3
DN_NC_073239.2_124648897_4	DN_NC_086017.1_9337960_4	4	4	4	3	3	3	0.75	0.9854	0.9939	0	3	3	3	3	3	3
DN_NC_073239.2_14838701_6	DN_NC_073244.2_43610901_6	6	6	6	0	0	0	0.0	0.0	0.0	0	2	1	0	0	0	0
DN_NC_073239.2_14838701_6	DN_NC_073247.2_147586730_5	6	5	5	0	0	0	0.0	0.0	0.0	0	2	1	0	0	0	0
DN_NC_073239.2_32209364_6	DN_NC_073239.2_32210799_7	6	7	6	0	0	0	0.0	0.0	0.0	0	2	0	0	0	0	0
DN_NC_073239.2_32339840_6	DN_NC_073239.2_32342111_10	6	10	6	0	0	0	0.0	0.0	0.0	0	3	0	0	0	0	0
DN_NC_073239.2_32570025_17	DN_NC_073242.2_120163344_15	17	15	15	9	9	9	0.6	0.7515	0.812	0	14	14	12	9	4	1
DN_NC_073239.2_32630520_8	DN_NC_073239.2_32663808_8	8	8	8	7	7	7	0.875	0.9894	1.0	0	7	7	7	7	7	7
DN_NC_073239.2_33219684_14	DN_NC_073243.2_25668904_14	14	14	14	6	6	6	0.4286	0.7767	0.8529	0	11	11	9	6	3	2
DN_NC_073239.2_33219684_14	DN_NC_073243.2_25770609_26	14	26	14	9	9	9	0.6429	0.7715	0.8647	0	12	12	11	9	4	2
DN_NC_073239.2_33219684_14	DN_NC_073245.2_47207807_14	14	13	13	5	5	5	0.3846	0.808	0.8421	0	8	8	7	5	5	2
DN_NC_073239.2_33826105_11	DN_NC_073242.2_97493790_12	11	12	11	6	6	6	0.5455	0.7434	0.7919	0	8	8	8	6	2	0
DN_NC_073239.2_33872730_10	DN_NC_073239.2_33878048_2	10	2	2	0	0	0	0.0	0.0	0.0	0	1	0	0	0	0	0
DN_NC_073239.2_34910171_2	DN_NC_073246.2_32689693_4	2	4	2	0	0	0	0.0	0.0	0.0	0	2	0	0	0	0	0
DN_NC_073239.2_35280580_26	DN_NC_073239.2_35311777_12	26	12	12	1	1	1	0.0833	0.7178	0.7178	1	7	1	1	1	0	0
DN_NC_073239.2_35396913_9	DN_NC_073239.2_35520561_9	9	9	9	8	8	8	0.8889	0.9992	1.0	0	8	8	8	8	8	8
DN_NC_073239.2_36370724_4	DN_NC_073244.2_43610901_6	4	6	4	0	0	0	0.0	0.0	0.0	0	1	0	0	0	0	0
DN_NC_073239.2_36370724_4	DN_NC_073245.2_47429376_4	4	4	4	0	0	0	0.0	0.0	0.0	0	1	0	0	0	0	0
DN_NC_073239.2_44147073_8	DN_NC_073248.2_10847471_7	8	7	7	7	7	7	1.0	0.9181	0.96	0	7	7	7	7	7	7
DN_NC_073239.2_63601483_4	DN_NC_073247.2_166018918_6	4	6	4	0	0	0	0.0	0.0	0.0	0	3	0	0	0	0	0
DN_NC_073239.2_66562547_2	DN_NC_073247.2_113167390_5	2	5	2	0	0	0	0.0	0.0	0.0	0	0	0	0	0	0	0
DN_NC_073239.2_67194404_11	DN_NC_073242.2_7013229_2	11	2	2	0	0	0	0.0	0.0	0.0	0	2	0	0	0	0	0
DN_NC_073239.2_67861789_20	DN_NC_073245.2_35236141_20	20	20	20	18	18	18	0.9	0.7497	0.8171	0	19	19	19	18	8	4
DN_NC_073239.2_70164897_2	DN_NC_073240.2_44461085_2	2	2	2	0	0	0	0.0	0.0	0.0	0	1	0	0	0	0	0
DN_NC_073239.2_72077053_6	DN_NC_073239.2_72093949_19	6	19	6	1	1	1	0.1667	1.0	1.0	1	4	1	1	1	1	1
DN_NC_073239.2_85769342_21	DN_NC_073244.2_50412691_21	21	21	21	19	19	19	0.9048	0.818	0.9048	0	20	19	19	19	18	12
DN_NC_073239.2_98531685_2	DN_NC_073239.2_98531712_3	2	3	2	1	1	1	0.5	1.0	1.0	1	2	1	1	1	1	1
DN_NC_073239.2_98531685_2	DN_NC_073243.2_97368870_3	2	3	2	1	1	1	0.5	0.7844	0.7844	1	2	1	1	1	1	0
DN_NC_073240.2_102922989_19	DN_NC_073243.2_79064876_19	19	19	19	13	13	13	0.6842	0.7561	0.8365	0	18	16	15	13	7	1
DN_NC_073240.2_103747497_4	DN_NC_073241.2_110003031_5	4	5	4	3	3	3	0.75	0.9775	0.9814	0	3	3	3	3	3	3
DN_NC_073240.2_103747497_4	DN_NC_073242.2_121237165_4	4	4	4	4	4	4	1.0	0.9939	1.0	0	4	4	4	4	4	4
DN_NC_073240.2_103747497_4	DN_NC_073244.2_70818649_5	4	5	4	3	3	3	0.75	0.9814	0.9879	0	3	3	3	3	3	3
DN_NC_073240.2_103747497_4	DN_NC_086017.1_211655827_5	4	5	4	3	3	3	0.75	0.9759	0.9815	0	3	3	3	3	3	3
DN_NC_073240.2_103747497_4	DN_NC_086017.1_9337960_4	4	4	4	3	3	3	0.75	0.9819	0.9939	0	3	3	3	3	3	3
DN_NC_073240.2_15970659_7	DN_NC_073247.2_165410205_10	7	10	7	3	3	3	0.4286	0.9457	0.9643	0	4	3	3	3	3	3
DN_NC_073240.2_17174470_5	DN_NC_073248.2_45277558_8	5	8	5	3	3	3	0.6	0.9726	0.9917	0	3	3	3	3	3	3
DN_NC_073240.2_21430216_23	DN_NC_073240.2_24008961_23	23	23	23	23	23	23	1.0	0.99	0.9971	0	23	23	23	23	23	23
DN_NC_073240.2_21546861_14	DN_NC_073240.2_23219746_14	14	14	14	12	12	12	0.8571	0.9889	0.9947	0	12	12	12	12	12	12
DN_NC_073240.2_21546861_14	DN_NC_073242.2_37435648_13	14	13	13	10	10	10	0.7692	0.9616	0.9916	0	11	10	10	10	10	10
DN_NC_073240.2_21546861_14	DN_NC_073244.2_44006563_15	14	15	14	12	12	12	0.8571	0.9594	0.9916	0	12	12	12	12	12	12
DN_NC_073240.2_21601841_7	DN_NC_073240.2_23210840_6	7	6	6	5	5	5	0.8333	0.9908	0.9939	0	5	5	5	5	5	5
DN_NC_073240.2_21601841_7	DN_NC_073242.2_37476471_6	7	6	6	5	5	5	0.8333	0.9519	0.9913	0	5	5	5	5	5	5
DN_NC_073240.2_21601841_7	DN_NC_086018.1_26719433_15	7	15	7	5	5	5	0.7143	0.9642	0.9816	0	5	5	5	5	5	5
DN_NC_073240.2_21986088_4	DN_NC_073244.2_43610901_6	4	6	4	0	0	0	0.0	0.0	0.0	0	2	0	0	0	0	0
DN_NC_073240.2_21986088_4	DN_NC_073247.2_147586730_5	4	5	4	0	0	0	0.0	0.0	0.0	0	3	1	0	0	0	0
DN_NC_073240.2_22595737_5	DN_NC_086018.1_16134008_5	5	5	5	4	4	4	0.8	0.7882	0.8279	0	5	4	4	4	3	2
DN_NC_073240.2_22595737_5	DN_NC_086018.1_18552717_3	5	3	3	0	0	0	0.0	0.0	0.0	0	2	0	0	0	0	0
DN_NC_073240.2_23210840_6	DN_NC_073242.2_37476471_6	6	6	6	6	6	6	1.0	0.94	0.9826	0	6	6	6	6	6	6
DN_NC_073240.2_23210840_6	DN_NC_086018.1_26719433_15	6	15	6	5	5	5	0.8333	0.972	0.9877	0	6	5	5	5	5	5
DN_NC_073240.2_23219746_14	DN_NC_073242.2_37435648_13	14	13	13	11	11	11	0.8462	0.9576	0.9832	0	11	11	11	11	11	11
DN_NC_073240.2_23219746_14	DN_NC_073244.2_44006563_15	14	15	14	11	11	11	0.7857	0.9516	0.9832	0	11	11	11	11	11	11
DN_NC_073240.2_23337808_11	DN_NC_073240.2_29369420_15	11	15	11	10	10	10	0.9091	0.989	1.0	0	11	10	10	10	10	10
DN_NC_073240.2_23447377_5	DN_NC_073240.2_29509629_20	5	20	5	3	3	3	0.6	0.9427	0.9948	0	4	3	3	3	3	3
DN_NC_073240.2_23447377_5	DN_NC_073240.2_31271054_17	5	17	5	3	3	3	0.6	0.9917	0.9956	0	3	3	3	3	3	3
DN_NC_073240.2_23459848_11	DN_NC_073240.2_24764672_4	11	4	4	3	3	3	0.75	0.974	1.0	0	4	3	3	3	3	3
DN_NC_073240.2_23674889_10	DN_NC_073240.2_29752710_11	10	11	10	9	9	9	0.9	0.9933	1.0	0	9	9	9	9	9	9
DN_NC_073240.2_23725358_9	DN_NC_073240.2_29803770_8	9	8	8	7	7	7	0.875	0.9877	1.0	0	8	7	7	7	7	7
DN_NC_073240.2_23725358_9	DN_NC_073242.2_14569289_2	9	2	2	1	1	1	0.5	0.8889	0.8889	1	1	1	1	1	1	1
DN_NC_073240.2_23725358_9	DN_NC_073245.2_57775599_4	9	4	4	0	0	0	0.0	0.0	0.0	0	3	1	1	0	0	0
DN_NC_073240.2_23725358_9	DN_NC_086017.1_43678546_18	9	18	9	5	5	5	0.5556	0.9779	0.996	0	7	5	5	5	5	5
DN_NC_073240.2_24402639_2	DN_NC_086017.1_208307881_15	2	15	2	0	0	0	0.0	0.0	0.0	0	2	0	0	0	0	0
DN_NC_073240.2_24764672_4	DN_NC_073240.2_31271054_17	4	17	4	2	2	2	0.5	0.9608	1.0	0	3	2	2	2	2	2
DN_NC_073240.2_24900197_18	DN_NC_073240.2_33035459_18	18	18	18	18	18	18	1.0	0.9319	0.9939	0	18	18	18	18	18	18
DN_NC_073240.2_24900197_18	DN_NC_073240.2_33337179_18	18	18	18	18	18	18	1.0	0.9218	0.9897	0	18	18	18	18	18	18
DN_NC_073240.2_24965661_3	DN_NC_073240.2_29509629_20	3	20	3	2	2	2	0.6667	0.9394	0.9677	0	2	2	2	2	2	2
DN_NC_073240.2_26182490_10	DN_NC_073245.2_12383621_7	10	7	7	5	5	5	0.7143	0.8091	0.894	0	7	6	5	5	5	2
DN_NC_073240.2_29509629_20	DN_NC_073240.2_31271054_17	20	17	17	15	15	15	0.8824	0.9432	0.9948	0	15	15	15	15	15	15
DN_NC_073240.2_29803770_8	DN_NC_073242.2_14569289_2	8	2	2	1	1	1	0.5	0.8667	0.8667	1	1	1	1	1	1	1
DN_NC_073240.2_29886021_14	DN_NC_073244.2_9529410_11	14	11	11	4	4	4	0.3636	0.7333	0.75	0	11	7	5	4	1	0
DN_NC_073240.2_33035459_18	DN_NC_073240.2_33337179_18	18	18	18	18	18	18	1.0	0.9854	0.9961	0	18	18	18	18	18	18
DN_NC_073240.2_34675462_15	DN_NC_073244.2_50330993_16	15	16	15	9	9	9	0.6	0.7917	0.8824	0	13	11	9	9	8	4
DN_NC_073240.2_35071983_25	DN_NC_073242.2_97170214_24	25	24	24	16	16	16	0.6667	0.7655	0.8148	0	23	20	17	16	11	2
DN_NC_073240.2_40710955_17	DN_NC_073240.2_40740697_5	17	5	5	0	0	0	0.0	0.0	0.0	0	4	1	0	0	0	0
DN_NC_073240.2_41396094_2	DN_NC_073244.2_15689625_6	2	6	2	0	0	0	0.0	0.0	0.0	0	1	0	0	0	0	0
DN_NC_073240.2_41396094_2	DN_NC_086017.1_29787177_6	2	6	2	0	0	0	0.0	0.0	0.0	0	1	0	0	0	0	0
DN_NC_073240.2_41396094_2	DN_NC_086018.1_34186611_4	2	4	2	0	0	0	0.0	0.0	0.0	0	1	0	0	0	0	0
DN_NC_073240.2_41471977_3	DN_NC_073240.2_41473848_11	3	11	3	0	0	0	0.0	0.0	0.0	0	1	0	0	0	0	0
DN_NC_073240.2_42709516_6	DN_NC_073244.2_59252668_6	6	6	6	3	3	3	0.5	0.7716	0.8041	0	4	3	3	3	2	1
DN_NC_073240.2_44172340_2	DN_NC_073242.2_24889827_7	2	7	2	0	0	0	0.0	0.0	0.0	0	2	0	0	0	0	0
DN_NC_073240.2_44603034_3	DN_NC_073240.2_44604956_12	3	12	3	0	0	0	0.0	0.0	0.0	0	2	0	0	0	0	0
DN_NC_073240.2_4575875_4	DN_NC_073241.2_195924_6	4	6	4	2	2	2	0.5	0.9527	0.9778	0	3	2	2	2	2	2
DN_NC_073240.2_56108341_2	DN_NC_073244.2_17124484_18	2	18	2	0	0	0	0.0	0.0	0.0	0	1	0	0	0	0	0
DN_NC_073240.2_57401181_22	DN_NC_073247.2_141930386_19	22	19	19	14	14	14	0.7368	0.8303	0.92	0	19	18	16	14	13	10
DN_NC_073240.2_59906966_28	DN_NC_073244.2_14389457_28	28	28	28	15	15	15	0.5357	0.7645	0.8764	0	25	23	21	15	7	4
DN_NC_073240.2_64676115_12	DN_NC_073244.2_9737989_9	12	9	9	4	4	4	0.4444	0.7978	0.875	0	8	7	4	4	3	2
DN_NC_073240.2_65970509_9	DN_NC_073244.2_25986503_8	9	8	8	0	0	0	0.0	0.0	0.0	0	6	2	2	0	0	0
DN_NC_073240.2_67174761_11	DN_NC_073244.2_9875870_11	11	11	11	6	6	6	0.5455	0.7773	0.871	0	9	9	9	6	3	2
DN_NC_073240.2_70140109_8	DN_NC_073240.2_70243341_2	8	2	2	0	0	0	0.0	0.0	0.0	0	0	0	0	0	0	0
DN_NC_073240.2_70293854_4	DN_NC_073242.2_101553722_4	4	4	4	0	0	0	0.0	0.0	0.0	0	2	0	0	0	0	0
DN_NC_073240.2_79048326_11	DN_NC_073240.2_79068535_14	11	14	11	1	1	1	0.0909	1.0	1.0	1	4	2	1	1	1	1
DN_NC_073240.2_83447932_2	DN_NC_073241.2_80464602_2	2	2	2	0	0	0	0.0	0.0	0.0	0	1	0	0	0	0	0
DN_NC_073240.2_84645975_10	DN_NC_073240.2_84673981_6	10	6	6	0	0	0	0.0	0.0	0.0	0	4	0	0	0	0	0
DN_NC_073240.2_85708603_4	DN_NC_073240.2_86386259_3	4	3	3	2	2	2	0.6667	0.8824	0.953	0	2	2	2	2	2	2
DN_NC_073240.2_85898394_3	DN_NC_073242.2_119807836_6	3	6	3	0	0	0	0.0	0.0	0.0	0	2	0	0	0	0	0
DN_NC_073240.2_85898394_3	DN_NC_086017.1_54527845_6	3	6	3	0	0	0	0.0	0.0	0.0	0	3	0	0	0	0	0
DN_NC_073240.2_91564233_4	DN_NC_073244.2_68766684_2	4	2	2	0	0	0	0.0	0.0	0.0	0	2	0	0	0	0	0
DN_NC_073241.2_103649905_2	DN_NC_086017.1_47078826_3	2	3	2	0	0	0	0.0	0.0	0.0	0	0	0	0	0	0	0
DN_NC_073241.2_108384307_29	DN_NC_073245.2_63862966_28	29	28	28	17	17	17	0.6071	0.7674	0.8471	0	26	26	22	17	11	4
DN_NC_073241.2_110003031_5	DN_NC_073242.2_121237165_4	5	4	4	3	3	3	0.75	0.9837	0.9938	0	3	3	3	3	3	3
DN_NC_073241.2_110003031_5	DN_NC_073244.2_70818649_5	5	5	5	5	5	5	1.0	0.9829	0.9939	0	5	5	5	5	5	5
DN_NC_073241.2_110003031_5	DN_NC_086017.1_211655827_5	5	5	5	5	5	5	1.0	0.9884	1.0	0	5	5	5	5	5	5
DN_NC_073241.2_110003031_5	DN_NC_086017.1_9337960_4	5	4	4	3	3	3	0.75	0.9755	0.9877	0	3	3	3	3	3	3
DN_NC_073241.2_195924_6	DN_NC_073244.2_11377962_21	6	21	6	5	5	5	0.8333	0.9904	1.0	0	5	5	5	5	5	5
DN_NC_073241.2_36126183_3	DN_NC_073244.2_27051998_4	3	4	3	1	1	1	0.3333	0.8333	0.8333	1	3	3	2	1	1	1
DN_NC_073241.2_36126183_3	DN_NC_073244.2_28711447_4	3	5	3	1	1	1	0.3333	0.8651	0.8651	1	3	3	1	1	1	1
DN_NC_073241.2_36126183_3	DN_NC_073244.2_29297022_4	3	4	3	1	1	1	0.3333	0.8571	0.8571	1	3	3	1	1	1	1
DN_NC_073241.2_36126183_3	DN_NC_073244.2_29970261_4	3	4	3	1	1	1	0.3333	0.8651	0.8651	1	3	3	3	1	1	1
DN_NC_073241.2_36126183_3	DN_NC_073244.2_30067652_4	3	4	3	1	1	1	0.3333	0.8413	0.8413	1	2	2	2	1	1	1
DN_NC_073241.2_36126183_3	DN_NC_073244.2_30438340_4	3	4	3	1	1	1	0.3333	0.8571	0.8571	1	3	3	2	1	1	1
DN_NC_073241.2_36126183_3	DN_NC_073244.2_64125568_5	3	5	3	1	1	1	0.3333	0.8413	0.8413	1	3	2	1	1	1	1
DN_NC_073241.2_36126183_3	DN_NC_073244.2_64265252_5	3	5	3	1	1	1	0.3333	0.8651	0.8651	1	2	2	1	1	1	1
DN_NC_073241.2_36126183_3	DN_NC_073244.2_64585864_4	3	4	3	1	1	1	0.3333	0.8333	0.8333	1	3	2	1	1	1	1
DN_NC_073241.2_36126183_3	DN_NC_073244.2_64724127_4	3	4	3	1	1	1	0.3333	0.7857	0.7857	1	3	2	1	1	1	0
DN_NC_073241.2_36126183_3	DN_NC_073244.2_64908457_4	3	4	3	1	1	1	0.3333	0.7857	0.7857	1	2	2	1	1	1	0
DN_NC_073241.2_36126183_3	DN_NC_073244.2_65003440_7	3	7	3	1	1	1	0.3333	0.8254	0.8254	1	1	1	1	1	1	1
DN_NC_073241.2_36126183_3	DN_NC_073244.2_65046428_2	3	4	3	1	1	1	0.3333	0.8583	0.8583	1	2	2	1	1	1	1
DN_NC_073241.2_36126183_3	DN_NC_073244.2_65398487_4	3	4	3	1	1	1	0.3333	0.8413	0.8413	1	2	2	1	1	1	1
DN_NC_073241.2_36126183_3	DN_NC_073246.2_15789285_3	3	3	3	3	3	3	1.0	0.9813	1.0	0	3	3	3	3	3	3
DN_NC_073241.2_36126183_3	DN_NC_086017.1_41849524_2	3	2	2	0	0	0	0.0	0.0	0.0	0	1	0	0	0	0	0
DN_NC_073241.2_36126198_2	DN_NC_073242.2_37386128_4	2	4	2	0	0	0	0.0	0.0	0.0	0	2	2	0	0	0	0
DN_NC_073241.2_36126198_2	DN_NC_073244.2_26470366_4	2	4	2	1	1	1	0.5	0.7066	0.7066	1	2	2	1	1	0	0
DN_NC_073241.2_36126198_2	DN_NC_073244.2_26901109_4	2	4	2	0	0	0	0.0	0.0	0.0	0	2	2	0	0	0	0
DN_NC_073241.2_36126198_2	DN_NC_073244.2_27285351_4	2	4	2	0	0	0	0.0	0.0	0.0	0	2	2	1	0	0	0
DN_NC_073241.2_36126198_2	DN_NC_073244.2_27408454_4	2	4	2	0	0	0	0.0	0.0	0.0	0	2	2	1	0	0	0
DN_NC_073241.2_36126198_2	DN_NC_073244.2_27504818_5	2	5	2	0	0	0	0.0	0.0	0.0	0	2	2	1	0	0	0
DN_NC_073241.2_36126198_2	DN_NC_073244.2_27566430_5	2	5	2	1	1	1	0.5	0.7066	0.7066	1	2	2	1	1	0	0
DN_NC_073241.2_36126198_2	DN_NC_073244.2_27765726_4	2	4	2	1	1	1	0.5	0.7186	0.7186	1	2	2	1	1	0	0
DN_NC_073241.2_36126198_2	DN_NC_073244.2_27869273_3	2	3	2	0	0	0	0.0	0.0	0.0	0	2	2	0	0	0	0
DN_NC_073241.2_36126198_2	DN_NC_073244.2_27956158_2	2	2	2	0	0	0	0.0	0.0	0.0	0	2	2	2	0	0	0
DN_NC_073241.2_36126198_2	DN_NC_073244.2_28072858_4	2	4	2	0	0	0	0.0	0.0	0.0	0	2	2	0	0	0	0
DN_NC_073241.2_36126198_2	DN_NC_073244.2_28256975_5	2	5	2	0	0	0	0.0	0.0	0.0	0	2	2	1	0	0	0
DN_NC_073241.2_36126198_2	DN_NC_073244.2_28333451_4	2	4	2	0	0	0	0.0	0.0	0.0	0	2	2	0	0	0	0
DN_NC_073241.2_36126198_2	DN_NC_073244.2_28588105_4	2	4	2	0	0	0	0.0	0.0	0.0	0	2	2	1	0	0	0
DN_NC_073241.2_36126198_2	DN_NC_073244.2_29046961_4	2	4	2	0	0	0	0.0	0.0	0.0	0	2	2	1	0	0	0
DN_NC_073241.2_36126198_2	DN_NC_073244.2_29232445_4	2	4	2	0	0	0	0.0	0.0	0.0	0	2	2	1	0	0	0
DN_NC_073241.2_36126198_2	DN_NC_073244.2_29557605_4	2	4	2	0	0	0	0.0	0.0	0.0	0	2	2	2	0	0	0
DN_NC_073241.2_36126198_2	DN_NC_073244.2_29680825_4	2	4	2	0	0	0	0.0	0.0	0.0	0	1	1	1	0	0	0
DN_NC_073241.2_36126198_2	DN_NC_073244.2_64081943_4	2	4	2	0	0	0	0.0	0.0	0.0	0	1	0	0	0	0	0
DN_NC_073241.2_36126198_2	DN_NC_073244.2_64231369_4	2	4	2	0	0	0	0.0	0.0	0.0	0	2	0	0	0	0	0
DN_NC_073241.2_36126198_2	DN_NC_073244.2_64340366_4	2	4	2	0	0	0	0.0	0.0	0.0	0	2	1	0	0	0	0
DN_NC_073241.2_36126198_2	DN_NC_073244.2_64368633_7	2	7	2	0	0	0	0.0	0.0	0.0	0	2	1	0	0	0	0
DN_NC_073241.2_36126198_2	DN_NC_073244.2_64400145_5	2	5	2	0	0	0	0.0	0.0	0.0	0	2	1	0	0	0	0
DN_NC_073241.2_36126198_2	DN_NC_073244.2_64836827_4	2	4	2	0	0	0	0.0	0.0	0.0	0	2	0	0	0	0	0
DN_NC_073241.2_36126198_2	DN_NC_073244.2_64860608_4	2	4	2	0	0	0	0.0	0.0	0.0	0	1	0	0	0	0	0
DN_NC_073241.2_37538314_7	DN_NC_073241.2_37560383_12	7	12	7	0	0	0	0.0	0.0	0.0	0	4	0	0	0	0	0
DN_NC_073241.2_37890028_17	DN_NC_073241.2_37935842_4	17	4	4	0	0	0	0.0	0.0	0.0	0	3	0	0	0	0	0
DN_NC_073241.2_38359785_12	DN_NC_073245.2_71171979_13	12	13	12	6	6	6	0.5	0.7708	0.8194	0	10	10	7	6	5	1
DN_NC_073241.2_47004815_4	DN_NC_073241.2_47028473_4	4	4	4	2	2	2	0.5	0.9336	0.9441	0	3	2	2	2	2	2
DN_NC_073241.2_64468689_4	DN_NC_073243.2_20232546_4	4	4	4	0	0	0	0.0	0.0	0.0	0	2	2	1	0	0	0
DN_NC_073241.2_64468689_4	DN_NC_073244.2_15605841_4	4	4	4	0	0	0	0.0	0.0	0.0	0	2	0	0	0	0	0
DN_NC_073241.2_64479147_4	DN_NC_073242.2_6930862_6	4	6	4	0	0	0	0.0	0.0	0.0	0	2	0	0	0	0	0
DN_NC_073241.2_64520240_3	DN_NC_073244.2_15605841_4	3	4	3	0	0	0	0.0	0.0	0.0	0	2	0	0	0	0	0
DN_NC_073241.2_64520240_3	DN_NC_086017.1_54612772_3	3	3	3	0	0	0	0.0	0.0	0.0	0	3	0	0	0	0	0
DN_NC_073241.2_80636266_2	DN_NC_086017.1_165200217_5	2	5	2	0	0	0	0.0	0.0	0.0	0	2	1	0	0	0	0
DN_NC_073241.2_83874271_3	DN_NC_073244.2_6165323_3	3	3	3	1	1	1	0.3333	0.9352	0.9352	1	2	1	1	1	1	1
DN_NC_073241.2_83874271_3	DN_NC_086017.1_112545872_3	3	3	3	1	1	1	0.3333	0.9515	0.9515	1	2	1	1	1	1	1
DN_NC_073241.2_85926559_8	DN_NC_073244.2_46809556_3	8	3	3	0	0	0	0.0	0.0	0.0	0	2	0	0	0	0	0
DN_NC_073242.2_100900995_5	DN_NC_073242.2_100926924_5	5	5	5	2	2	2	0.4	0.7723	0.8068	0	4	3	2	2	1	1
DN_NC_073242.2_100900995_5	DN_NC_086017.1_50382141_5	5	5	5	1	1	1	0.2	0.8431	0.8431	1	4	2	1	1	1	1
DN_NC_073242.2_100926924_5	DN_NC_073244.2_12909180_8	5	8	5	1	1	1	0.2	0.7063	0.7063	1	4	1	1	1	0	0
DN_NC_073242.2_100926924_5	DN_NC_073244.2_14850343_10	5	10	5	1	1	1	0.2	0.7222	0.7222	1	4	1	1	1	0	0
DN_NC_073242.2_103765562_7	DN_NC_073242.2_103773356_15	7	15	7	0	0	0	0.0	0.0	0.0	0	4	0	0	0	0	0
DN_NC_073242.2_103773356_15	DN_NC_073242.2_99543624_18	15	18	15	14	14	14	0.9333	0.9877	0.9961	0	14	14	14	14	14	14
DN_NC_073242.2_103894328_5	DN_NC_073242.2_29484610_23	5	23	5	3	3	3	0.6	0.9825	0.9863	0	4	3	3	3	3	3
DN_NC_073242.2_104350782_12	DN_NC_073242.2_104912717_12	12	12	12	12	12	12	1.0	1.0	1.0	0	12	12	12	12	12	12
DN_NC_073242.2_104350782_12	DN_NC_073242.2_99181437_12	12	12	12	12	12	12	1.0	0.9856	0.992	0	12	12	12	12	12	12
DN_NC_073242.2_104350782_12	DN_NC_073242.2_99604879_12	12	12	12	11	11	11	0.9167	0.9824	0.9917	0	11	11	11	11	11	11
DN_NC_073242.2_104701006_6	DN_NC_073242.2_99381861_11	6	11	6	5	11	11	1.8333	0.9666	0.9971	0	5	5	5	5	5	5
DN_NC_073242.2_104912717_12	DN_NC_073242.2_99181437_12	12	12	12	12	12	12	1.0	0.9857	0.992	0	12	12	12	12	12	12
DN_NC_073242.2_104912717_12	DN_NC_073242.2_99604879_12	12	12	12	11	11	11	0.9167	0.9828	0.9917	0	11	11	11	11	11	11
DN_NC_073242.2_105636398_4	DN_NC_086017.1_50382141_5	4	5	4	1	1	1	0.25	0.746	0.746	1	4	1	1	1	0	0
DN_NC_073242.2_105982851_4	DN_NC_073242.2_106027382_7	4	6	4	3	3	3	0.75	0.8872	0.9844	0	3	3	3	3	3	2
DN_NC_073242.2_106138908_3	DN_NC_073245.2_28570800_2	3	2	2	0	0	0	0.0	0.0	0.0	0	1	0	0	0	0	0
DN_NC_073242.2_108616637_5	DN_NC_073242.2_18137074_5	5	5	5	0	0	0	0.0	0.0	0.0	0	1	0	0	0	0	0
DN_NC_073242.2_119293235_15	DN_NC_073242.2_119301617_14	15	14	14	0	0	0	0.0	0.0	0.0	0	7	2	0	0	0	0
DN_NC_073242.2_120248671_3	DN_NC_073244.2_43610901_6	3	6	3	0	0	0	0.0	0.0	0.0	0	2	0	0	0	0	0
DN_NC_073242.2_120248671_3	DN_NC_073247.2_147586730_5	3	5	3	0	0	0	0.0	0.0	0.0	0	1	0	0	0	0	0
DN_NC_073242.2_120516047_4	DN_NC_073244.2_12296250_4	4	4	4	3	3	3	0.75	0.7818	0.8219	0	4	4	4	3	2	1
DN_NC_073242.2_121237165_4	DN_NC_073244.2_70818649_5	4	5	4	3	3	3	0.75	0.9835	0.9879	0	3	3	3	3	3	3
DN_NC_073242.2_121237165_4	DN_NC_086017.1_211655827_5	4	5	4	3	3	3	0.75	0.979	0.9877	0	3	3	3	3	3	3
DN_NC_073242.2_121237165_4	DN_NC_086017.1_9337960_4	4	4	4	3	3	3	0.75	0.9807	0.9939	0	3	3	3	3	3	3
DN_NC_073242.2_15387796_13	DN_NC_073242.2_28528734_13	13	13	13	13	13	13	1.0	0.9878	0.9956	0	13	13	13	13	13	13
DN_NC_073242.2_15387796_13	DN_NC_073242.2_35785087_23	13	23	13	12	12	12	0.9231	0.9928	1.0	0	13	12	12	12	12	12
DN_NC_073242.2_15582850_2	DN_NC_073242.2_30609225_2	2	2	2	1	1	1	0.5	0.9872	0.9872	1	1	1	1	1	1	1
DN_NC_073242.2_15582850_2	DN_NC_073242.2_31473281_2	2	2	2	1	1	1	0.5	0.9926	0.9926	1	1	1	1	1	1	1
DN_NC_073242.2_15582850_2	DN_NC_073242.2_35192809_3	2	3	2	1	1	1	0.5	0.9822	0.9822	1	1	1	1	1	1	1
DN_NC_073242.2_15607160_18	DN_NC_073242.2_28689005_18	18	18	18	17	17	17	0.9444	0.9762	0.993	0	17	17	17	17	17	17
DN_NC_073242.2_15607160_18	DN_NC_073242.2_31497679_8	18	8	8	1	1	1	0.125	0.997	0.997	1	4	1	1	1	1	1
DN_NC_073242.2_15726062_24	DN_NC_073242.2_28606635_19	24	19	19	15	15	15	0.7895	0.9836	0.9921	0	17	15	15	15	15	15
DN_NC_073242.2_15726062_24	DN_NC_073242.2_30717385_31	24	31	24	24	24	24	1.0	0.9921	1.0	0	24	24	24	24	24	24
DN_NC_073242.2_15911262_31	DN_NC_073242.2_16378095_15	31	15	15	10	11	13	0.8667	0.97	0.9951	0	11	10	10	10	10	10
DN_NC_073242.2_15911262_31	DN_NC_073242.2_29051840_13	31	13	13	11	11	11	0.8462	0.9751	0.9913	0	11	11	11	11	11	11
DN_NC_073242.2_16378095_15	DN_NC_073242.2_29051840_13	15	13	13	11	12	14	1.0769	0.985	1.0	0	11	11	11	11	11	11
DN_NC_073242.2_18210354_26	DN_NC_073242.2_21122105_21	26	21	21	20	20	20	0.9524	0.9719	0.9923	0	20	20	20	20	20	20
DN_NC_073242.2_18210354_26	DN_NC_073242.2_21673693_21	26	22	22	20	20	20	0.9091	0.9606	0.9859	0	20	20	20	20	20	20
DN_NC_073242.2_18210354_26	DN_NC_073242.2_22021271_21	26	21	21	19	19	19	0.9048	0.9658	0.9885	0	20	19	19	19	19	19
DN_NC_073242.2_20304889_2	DN_NC_073244.2_28133171_2	2	2	2	2	2	2	1.0	0.7611	0.798	0	2	2	2	2	1	0
DN_NC_073242.2_21122105_21	DN_NC_073242.2_21673693_21	21	22	21	20	20	20	0.9524	0.9862	0.9953	0	20	20	20	20	20	20
DN_NC_073242.2_21122105_21	DN_NC_073242.2_22021271_21	21	21	21	19	19	19	0.9048	0.9782	0.9942	0	20	19	19	19	19	19
DN_NC_073242.2_21170576_8	DN_NC_073242.2_21650759_11	8	11	8	4	4	4	0.5	0.9928	0.9946	0	6	4	4	4	4	4
DN_NC_073242.2_21650759_11	DN_NC_073242.2_29556580_18	11	18	11	5	5	5	0.4545	0.9888	1.0	0	6	5	5	5	5	5
DN_NC_073242.2_21650759_11	DN_NC_073242.2_31545375_14	11	14	11	4	4	4	0.3636	0.9812	0.9846	0	4	4	4	4	4	4
DN_NC_073242.2_21673693_21	DN_NC_073242.2_22021271_21	22	21	21	19	19	19	0.9048	0.9831	1.0	0	20	19	19	19	19	19
DN_NC_073242.2_26867490_8	DN_NC_073242.2_27157172_8	8	8	8	8	8	8	1.0	0.999	1.0	0	8	8	8	8	8	8
DN_NC_073242.2_26889052_8	DN_NC_073242.2_27178722_8	8	8	8	7	7	7	0.875	0.9978	1.0	0	7	7	7	7	7	7
DN_NC_073242.2_28528734_13	DN_NC_073242.2_35785087_23	13	23	13	12	12	12	0.9231	0.9853	0.9938	0	13	12	12	12	12	12
DN_NC_073242.2_28606635_19	DN_NC_073242.2_30717385_31	19	31	19	15	15	15	0.7895	0.9854	0.9937	0	16	15	15	15	15	15
DN_NC_073242.2_28854512_28	DN_NC_073244.2_20936541_9	28	9	9	9	9	9	1.0	0.9966	1.0	0	9	9	9	9	9	9
DN_NC_073242.2_29556580_18	DN_NC_073242.2_31545375_14	18	14	14	12	12	12	0.8571	0.9823	0.9922	0	12	12	12	12	12	12
DN_NC_073242.2_30207983_41	DN_NC_086018.1_34278584_41	41	41	41	35	35	35	0.8537	0.7867	0.9249	0	38	37	37	35	28	12
DN_NC_073242.2_30609225_2	DN_NC_073242.2_31473281_2	2	2	2	2	2	2	1.0	0.9931	1.0	0	2	2	2	2	2	2
DN_NC_073242.2_30609335_2	DN_NC_073242.2_35192809_3	2	3	2	1	1	1	0.5	0.9847	0.9847	1	1	1	1	1	1	1
DN_NC_073242.2_30717385_31	DN_NC_073242.2_31497679_8	31	8	8	7	7	7	0.875	0.9976	1.0	0	8	7	7	7	7	7
DN_NC_073242.2_31473413_2	DN_NC_073242.2_35192809_3	2	3	2	1	1	1	0.5	0.9822	0.9822	1	1	1	1	1	1	1
DN_NC_073242.2_32258496_8	DN_NC_073242.2_32495201_8	8	8	8	8	8	8	1.0	0.9977	1.0	0	8	8	8	8	8	8
DN_NC_073242.2_35270505_17	DN_NC_073242.2_35624699_9	17	9	9	7	7	7	0.7778	1.0	1.0	0	7	7	7	7	7	7
DN_NC_073242.2_36070435_9	DN_NC_086018.1_28313237_9	9	9	9	6	6	6	0.6667	0.7815	0.8302	0	8	7	7	6	4	3
DN_NC_073242.2_36121013_3	DN_NC_073244.2_68766684_2	3	2	2	0	0	0	0.0	0.0	0.0	0	1	0	0	0	0	0
DN_NC_073242.2_36121013_3	DN_NC_073244.2_70659480_6	3	6	3	0	0	0	0.0	0.0	0.0	0	3	1	0	0	0	0
DN_NC_073242.2_36238906_2	DN_NC_073242.2_36498381_3	2	3	2	0	0	0	0.0	0.0	0.0	0	2	0	0	0	0	0
DN_NC_073242.2_36238906_2	DN_NC_073244.2_68766684_2	2	2	2	0	0	0	0.0	0.0	0.0	0	1	0	0	0	0	0
DN_NC_073242.2_36238906_2	DN_NC_086018.1_17871581_2	2	2	2	0	0	0	0.0	0.0	0.0	0	1	0	0	0	0	0
DN_NC_073242.2_36498381_3	DN_NC_073242.2_6758889_7	3	7	3	0	0	0	0.0	0.0	0.0	0	2	0	0	0	0	0
DN_NC_073242.2_36498381_3	DN_NC_073244.2_68699723_3	3	3	3	0	0	0	0.0	0.0	0.0	0	2	0	0	0	0	0
DN_NC_073242.2_36498381_3	DN_NC_073244.2_68766684_2	3	2	2	0	0	0	0.0	0.0	0.0	0	2	0	0	0	0	0
DN_NC_073242.2_36498381_3	DN_NC_086018.1_17871581_2	3	2	2	0	0	0	0.0	0.0	0.0	0	1	0	0	0	0	0
DN_NC_073242.2_36567597_2	DN_NC_086017.1_14101436_3	2	3	2	0	0	0	0.0	0.0	0.0	0	1	0	0	0	0	0
DN_NC_073242.2_36567597_2	DN_NC_086018.1_25932455_2	2	2	2	0	0	0	0.0	0.0	0.0	0	1	0	0	0	0	0
DN_NC_073242.2_37302670_5	DN_NC_073242.2_37386128_4	5	4	4	3	3	3	0.75	0.8984	0.9368	0	4	3	3	3	3	3
DN_NC_073242.2_37386128_4	DN_NC_073242.2_66613619_4	4	4	4	2	2	2	0.5	0.7792	0.8095	0	4	4	2	2	2	1
DN_NC_073242.2_37386128_4	DN_NC_073244.2_26666712_5	4	5	4	2	2	2	0.5	0.7573	0.7857	0	3	3	2	2	1	0
DN_NC_073242.2_37386128_4	DN_NC_073244.2_26901109_4	4	4	4	1	1	1	0.25	0.7053	0.7053	1	3	3	1	1	0	0
DN_NC_073242.2_37386128_4	DN_NC_073244.2_27408454_4	4	4	4	2	2	2	0.5	0.7864	0.8254	0	4	4	2	2	1	1
DN_NC_073242.2_37386128_4	DN_NC_073244.2_27504818_5	4	5	4	2	2	2	0.5	0.7838	0.8413	0	4	4	2	2	1	1
DN_NC_073242.2_37386128_4	DN_NC_073244.2_27566430_5	4	5	4	2	2	2	0.5	0.7772	0.8492	0	4	4	2	2	1	1
DN_NC_073242.2_37386128_4	DN_NC_073244.2_27765726_4	4	4	4	2	2	2	0.5	0.7824	0.8175	0	4	3	3	2	1	1
DN_NC_073242.2_37386128_4	DN_NC_073244.2_27869273_3	4	3	3	1	1	1	0.3333	0.7368	0.7368	1	3	2	2	1	0	0
DN_NC_073242.2_37386128_4	DN_NC_073244.2_27956158_2	4	2	2	0	0	0	0.0	0.0	0.0	0	2	2	1	0	0	0
DN_NC_073242.2_37386128_4	DN_NC_073244.2_28072858_4	4	4	4	1	1	1	0.25	0.8333	0.8413	1	4	2	2	1	1	1
DN_NC_073242.2_37386128_4	DN_NC_073244.2_28333451_4	4	4	4	2	2	2	0.5	0.7772	0.8254	0	4	4	3	2	1	1
DN_NC_073242.2_37386128_4	DN_NC_073244.2_28711447_4	4	5	4	2	2	2	0.5	0.7759	0.8254	0	4	4	2	2	1	1
DN_NC_073242.2_37386128_4	DN_NC_073244.2_29232445_4	4	4	4	2	2	2	0.5	0.7877	0.8175	0	3	3	2	2	2	1
DN_NC_073242.2_37386128_4	DN_NC_073244.2_29297022_4	4	4	4	2	2	2	0.5	0.7759	0.8254	0	4	4	2	2	1	1
DN_NC_073242.2_37386128_4	DN_NC_073244.2_29557605_4	4	4	4	2	2	2	0.5	0.8061	0.8333	0	4	4	3	2	2	1
DN_NC_073242.2_37386128_4	DN_NC_073244.2_29680825_2	4	2	2	0	0	0	0.0	0.0	0.0	0	2	2	0	0	0	0
DN_NC_073242.2_37386128_4	DN_NC_073244.2_29970261_4	4	4	4	2	2	2	0.5	0.7772	0.8175	0	3	3	2	2	1	1
DN_NC_073242.2_37386128_4	DN_NC_073244.2_30067652_4	4	4	4	2	2	2	0.5	0.7824	0.8175	0	4	4	2	2	1	1
DN_NC_073242.2_37386128_4	DN_NC_073244.2_30438340_4	4	4	4	2	2	2	0.5	0.8128	0.8571	0	4	3	2	2	2	1
DN_NC_073242.2_37386128_4	DN_NC_073244.2_64034715_7	4	7	4	1	1	1	0.25	0.7937	0.7937	1	3	2	2	1	1	0
DN_NC_073242.2_37386128_4	DN_NC_073244.2_64081943_4	4	4	4	1	1	1	0.25	0.7857	0.7857	1	3	1	1	1	1	0
DN_NC_073242.2_37386128_4	DN_NC_073244.2_64125568_5	4	5	4	1	1	1	0.25	0.8016	0.8016	1	3	1	1	1	1	1
DN_NC_073242.2_37386128_4	DN_NC_073244.2_64231369_4	4	4	4	1	1	1	0.25	0.8254	0.8254	1	3	2	2	1	1	1
DN_NC_073242.2_37386128_4	DN_NC_073244.2_64340366_4	4	4	4	1	1	1	0.25	0.8333	0.8333	1	4	2	2	1	1	1
DN_NC_073242.2_37386128_4	DN_NC_073244.2_64400145_5	4	5	4	1	1	1	0.25	0.7857	0.7857	1	4	3	2	1	1	0
DN_NC_073242.2_37386128_4	DN_NC_073244.2_64500861_5	4	5	4	1	1	1	0.25	0.7698	0.7698	1	2	1	1	1	1	0
DN_NC_073242.2_37386128_4	DN_NC_073244.2_64585864_4	4	4	4	1	1	1	0.25	0.7937	0.7937	1	2	2	1	1	1	0
DN_NC_073242.2_37386128_4	DN_NC_073244.2_64618758_7	4	7	4	1	1	1	0.25	0.7798	0.7798	1	2	2	1	1	1	0
DN_NC_073242.2_37386128_4	DN_NC_073244.2_64672255_4	4	4	4	1	1	1	0.25	0.7778	0.7778	1	3	1	1	1	1	0
DN_NC_073242.2_37386128_4	DN_NC_073244.2_64759228_5	4	5	4	1	1	1	0.25	0.8016	0.8016	1	3	1	1	1	1	1
DN_NC_073242.2_37386128_4	DN_NC_073244.2_64860608_4	4	4	4	1	1	1	0.25	0.8095	0.8095	1	2	1	1	1	1	1
DN_NC_073242.2_37386128_4	DN_NC_073244.2_64908457_4	4	4	4	1	1	1	0.25	0.7778	0.7778	1	2	2	1	1	1	0
DN_NC_073242.2_37386128_4	DN_NC_073244.2_65003440_7	4	7	4	1	1	1	0.25	0.8095	0.8095	1	4	2	2	1	1	1
DN_NC_073242.2_37386128_4	DN_NC_073244.2_65046428_2	4	4	4	1	1	1	0.25	0.7917	0.7917	1	2	2	1	1	1	0
DN_NC_073242.2_37386128_4	DN_NC_073244.2_65073171_5	4	5	4	1	1	1	0.25	0.8016	0.8016	1	2	2	1	1	1	1
DN_NC_073242.2_37386128_4	DN_NC_073244.2_65266359_4	4	4	4	1	1	1	0.25	0.7857	0.7857	1	2	1	1	1	1	0
DN_NC_073242.2_37386128_4	DN_NC_073244.2_65362909_5	4	5	4	1	1	1	0.25	0.8016	0.8016	1	3	1	1	1	1	1
DN_NC_073242.2_37386128_4	DN_NC_073244.2_65398487_4	4	4	4	1	1	1	0.25	0.8095	0.8095	1	2	1	1	1	1	1
DN_NC_073242.2_37386128_4	DN_NC_073246.2_15789285_3	4	3	3	1	1	1	0.3333	0.8254	0.8254	1	3	2	2	1	1	1
DN_NC_073242.2_37386128_4	DN_NC_086017.1_41849524_2	4	2	2	0	0	0	0.0	0.0	0.0	0	1	0	0	0	0	0
DN_NC_073242.2_37435648_13	DN_NC_073244.2_44006563_15	13	15	13	10	10	10	0.7692	0.963	1.0	0	11	10	10	10	10	10
DN_NC_073242.2_37476471_6	DN_NC_086018.1_26719433_15	6	15	6	5	5	5	0.8333	0.9401	0.9795	0	6	5	5	5	5	5
DN_NC_073242.2_3790652_3	DN_NC_073242.2_3794469_3	3	3	3	3	3	3	1.0	1.0	1.0	0	3	3	3	3	3	3
DN_NC_073242.2_4214750_6	DN_NC_073247.2_115190067_8	6	8	6	0	0	0	0.0	0.0	0.0	0	3	0	0	0	0	0
DN_NC_073242.2_4304426_7	DN_NC_073242.2_4305661_8	7	8	7	0	0	0	0.0	0.0	0.0	0	3	0	0	0	0	0
DN_NC_073242.2_5822452_9	DN_NC_073242.2_5827060_6	9	6	6	0	0	0	0.0	0.0	0.0	0	2	0	0	0	0	0
DN_NC_073242.2_6296327_3	DN_NC_073244.2_61016337_3	3	3	3	0	0	0	0.0	0.0	0.0	0	1	0	0	0	0	0
DN_NC_073242.2_65850805_2	DN_NC_073242.2_68751082_2	2	2	2	1	1	1	0.5	0.9985	0.9985	1	1	1	1	1	1	1
DN_NC_073242.2_66060664_2	DN_NC_073242.2_66832276_2	2	2	2	2	2	2	1.0	0.9986	0.999	0	2	2	2	2	2	2
DN_NC_073242.2_66481481_2	DN_NC_073242.2_68108553_2	2	2	2	2	2	2	1.0	0.9931	0.9969	0	2	2	2	2	2	2
DN_NC_073242.2_66613619_4	DN_NC_073244.2_26240035_4	4	4	4	3	3	3	0.75	0.8276	0.8651	0	4	4	4	3	3	2
DN_NC_073242.2_66613619_4	DN_NC_073244.2_26314241_4	4	4	4	3	3	3	0.75	0.8055	0.8651	0	4	4	4	3	3	1
DN_NC_073242.2_66613619_4	DN_NC_073244.2_26470366_4	4	4	4	2	2	2	0.5	0.7955	0.7973	0	4	4	3	2	2	0
DN_NC_073242.2_66613619_4	DN_NC_073244.2_26666712_5	4	5	4	3	3	3	0.75	0.8093	0.8492	0	3	3	3	3	3	2
DN_NC_073242.2_66613619_4	DN_NC_073244.2_26901109_4	4	4	4	2	2	2	0.5	0.8168	0.8243	0	3	3	3	2	2	2
DN_NC_073242.2_66613619_4	DN_NC_073244.2_27051998_4	4	4	4	3	3	3	0.75	0.8448	0.8889	0	4	4	4	3	3	3
DN_NC_073242.2_66613619_4	DN_NC_073244.2_27131194_2	4	2	2	0	0	0	0.0	0.0	0.0	0	2	2	2	0	0	0
DN_NC_073242.2_66613619_4	DN_NC_073244.2_27285351_4	4	4	4	3	3	3	0.75	0.8443	0.8651	0	4	4	3	3	3	3
DN_NC_073242.2_66613619_4	DN_NC_073244.2_27408454_4	4	4	4	3	3	3	0.75	0.8391	0.9286	0	4	4	4	3	3	2
DN_NC_073242.2_66613619_4	DN_NC_073244.2_27504818_5	4	5	4	3	3	3	0.75	0.8398	0.881	0	4	4	4	3	3	2
DN_NC_073242.2_66613619_4	DN_NC_073244.2_27626411_5	4	5	4	3	3	3	0.75	0.8297	0.873	0	4	4	4	3	3	2
DN_NC_073242.2_66613619_4	DN_NC_073244.2_27765726_4	4	4	4	4	4	4	1.0	0.8497	0.8968	0	4	4	4	4	4	3
DN_NC_073242.2_66613619_4	DN_NC_073244.2_27869273_3	4	3	3	3	3	3	1.0	0.7759	0.7973	0	3	3	3	3	3	0
DN_NC_073242.2_66613619_4	DN_NC_073244.2_27956158_2	4	2	2	2	2	2	1.0	0.7922	0.8268	0	2	2	2	2	2	1
DN_NC_073242.2_66613619_4	DN_NC_073244.2_28072858_4	4	4	4	3	3	3	0.75	0.7952	0.9206	0	4	4	3	3	2	1
DN_NC_073242.2_66613619_4	DN_NC_073244.2_28256975_5	4	5	4	3	3	3	0.75	0.8616	0.8784	0	4	4	4	3	3	3
DN_NC_073242.2_66613619_4	DN_NC_073244.2_28333451_4	4	4	4	3	3	3	0.75	0.814	0.9206	0	4	4	3	3	2	2
DN_NC_073242.2_66613619_4	DN_NC_073244.2_28588105_4	4	4	4	3	3	3	0.75	0.8575	0.881	0	4	4	4	3	3	3
DN_NC_073242.2_66613619_4	DN_NC_073244.2_28711447_4	4	5	4	4	4	4	1.0	0.81	0.8968	0	4	4	4	4	3	3
DN_NC_073242.2_66613619_4	DN_NC_073244.2_28820229_4	4	4	4	4	4	4	1.0	0.7857	0.881	0	4	4	4	4	2	2
DN_NC_073242.2_66613619_4	DN_NC_073244.2_29046961_4	4	4	4	3	3	3	0.75	0.847	0.8571	0	4	4	3	3	3	3
DN_NC_073242.2_66613619_4	DN_NC_073244.2_29232445_4	4	4	4	3	3	3	0.75	0.8223	0.8968	0	3	3	3	3	2	2
DN_NC_073242.2_66613619_4	DN_NC_073244.2_29297022_4	4	4	4	3	3	3	0.75	0.8183	0.8889	0	4	4	4	3	3	1
DN_NC_073242.2_66613619_4	DN_NC_073244.2_29557605_4	4	4	4	4	4	4	1.0	0.8287	0.9206	0	4	4	4	4	3	3
DN_NC_073242.2_66613619_4	DN_NC_073244.2_29680825_4	4	4	4	4	4	4	1.0	0.8037	0.881	0	4	4	4	4	3	2
DN_NC_073242.2_66613619_4	DN_NC_073244.2_29970261_4	4	4	4	3	3	3	0.75	0.835	0.8889	0	3	3	3	3	3	2
DN_NC_073242.2_66613619_4	DN_NC_073244.2_30067652_4	4	4	4	3	3	3	0.75	0.8406	0.8889	0	4	4	4	3	3	2
DN_NC_073242.2_66613619_4	DN_NC_073244.2_30090650_6	4	6	4	2	2	2	0.5	0.7748	0.7973	0	4	3	2	2	2	0
DN_NC_073242.2_66613619_4	DN_NC_073244.2_30438340_4	4	4	4	3	3	3	0.75	0.835	0.881	0	4	4	4	3	3	2
DN_NC_073242.2_66613619_4	DN_NC_073244.2_64081943_4	4	4	4	1	1	1	0.25	0.7698	0.7698	1	3	1	1	1	1	0
DN_NC_073242.2_66613619_4	DN_NC_073244.2_64340366_4	4	4	4	1	1	1	0.25	0.8175	0.8175	1	3	2	1	1	1	1
DN_NC_073242.2_66613619_4	DN_NC_073244.2_64585864_4	4	4	4	1	1	1	0.25	0.7698	0.7698	1	3	2	1	1	1	0
DN_NC_073242.2_66613619_4	DN_NC_073244.2_64759228_5	4	5	4	1	1	1	0.25	0.7778	0.7778	1	2	2	1	1	1	0
DN_NC_073242.2_66613619_4	DN_NC_073244.2_65003440_7	4	7	4	1	1	1	0.25	0.7937	0.7937	1	4	2	2	1	1	0
DN_NC_073242.2_66613619_4	DN_NC_073244.2_65073171_5	4	5	4	1	1	1	0.25	0.746	0.746	1	2	2	1	1	0	0
DN_NC_073242.2_66613619_4	DN_NC_073244.2_65266359_4	4	4	4	1	1	1	0.25	0.7698	0.7698	1	2	2	1	1	1	0
DN_NC_073242.2_66613619_4	DN_NC_073244.2_65293743_4	4	4	4	1	1	1	0.25	0.7857	0.7857	1	2	2	1	1	1	0
DN_NC_073242.2_66613619_4	DN_NC_073244.2_65326089_4	4	4	4	1	1	1	0.25	0.7698	0.7698	1	2	2	1	1	1	0
DN_NC_073242.2_66613619_4	DN_NC_073244.2_65398487_4	4	4	4	1	1	1	0.25	0.7778	0.7778	1	2	2	1	1	1	0
DN_NC_073242.2_6668831_3	DN_NC_073242.2_6668959_13	3	13	3	0	0	0	0.0	0.0	0.0	0	1	0	0	0	0	0
DN_NC_073242.2_6758889_7	DN_NC_073244.2_68699723_3	7	3	3	0	0	0	0.0	0.0	0.0	0	2	0	0	0	0	0
DN_NC_073242.2_6758889_7	DN_NC_073244.2_70451371_2	7	2	2	0	0	0	0.0	0.0	0.0	0	1	1	0	0	0	0
DN_NC_073242.2_6758889_7	DN_NC_086018.1_17871581_2	7	2	2	0	0	0	0.0	0.0	0.0	0	1	1	0	0	0	0
DN_NC_073242.2_6953229_7	DN_NC_073247.2_147064204_6	7	6	6	4	4	4	0.6667	0.7772	0.8492	0	6	5	4	4	2	2
DN_NC_073242.2_7013229_2	DN_NC_073246.2_32689693_4	2	4	2	0	0	0	0.0	0.0	0.0	0	2	1	1	0	0	0
DN_NC_073242.2_82507839_22	DN_NC_073242.2_82560306_10	22	10	10	0	0	0	0.0	0.0	0.0	0	5	0	0	0	0	0
DN_NC_073242.2_84722201_14	DN_NC_073243.2_110732778_15	14	15	14	10	10	10	0.7143	0.7366	0.8081	0	13	13	12	10	3	1
DN_NC_073242.2_84833963_14	DN_NC_073242.2_84922514_14	14	14	14	14	14	14	1.0	0.9156	0.9861	0	14	14	14	14	14	13
DN_NC_073242.2_84922514_14	DN_NC_073242.2_96060106_12	14	12	12	3	3	3	0.25	0.7271	0.7386	0	9	6	3	3	0	0
DN_NC_073242.2_84922514_14	DN_NC_073242.2_96073882_12	14	12	12	3	3	3	0.25	0.7182	0.732	0	10	5	3	3	0	0
DN_NC_073242.2_84922514_14	DN_NC_073242.2_96161607_12	14	12	12	3	3	3	0.25	0.7182	0.732	0	8	6	3	3	0	0
DN_NC_073242.2_85715932_3	DN_NC_073242.2_85790824_3	3	3	3	1	1	1	0.3333	0.8923	0.8923	1	3	1	1	1	1	1
DN_NC_073242.2_85735381_3	DN_NC_073242.2_85744192_2	3	2	2	1	1	1	0.5	0.8652	0.8652	1	2	2	2	1	1	1
DN_NC_073242.2_85735381_3	DN_NC_073242.2_85759116_3	3	3	3	2	2	2	0.6667	0.8825	0.9231	0	2	2	2	2	2	2
DN_NC_073242.2_85735381_3	DN_NC_073242.2_85790824_3	3	3	3	2	2	2	0.6667	0.8688	0.9385	0	2	2	2	2	2	1
DN_NC_073242.2_85735381_3	DN_NC_073242.2_85815514_3	3	3	3	2	2	2	0.6667	0.8662	0.9077	0	3	3	2	2	2	2
DN_NC_073242.2_85744192_2	DN_NC_073242.2_85759116_3	2	3	2	2	2	2	1.0	0.8318	0.9087	0	2	2	2	2	2	1
DN_NC_073242.2_85744192_2	DN_NC_073242.2_85790824_3	2	3	2	1	1	1	0.5	0.813	0.813	1	1	1	1	1	1	1
DN_NC_073242.2_85744192_2	DN_NC_073242.2_85815514_3	2	3	2	2	2	2	1.0	0.7614	0.8217	0	2	2	2	2	1	1
DN_NC_073242.2_85759116_3	DN_NC_073242.2_85790824_3	3	3	3	3	3	3	1.0	0.8233	0.9538	0	3	3	3	3	3	1
DN_NC_073242.2_85759116_3	DN_NC_073242.2_85815514_3	3	3	3	2	2	2	0.6667	0.844	0.8923	0	2	2	2	2	2	1
DN_NC_073242.2_85790824_3	DN_NC_073242.2_85815514_3	3	3	3	2	2	2	0.6667	0.8652	0.9077	0	2	2	2	2	2	2
DN_NC_073242.2_8725127_13	DN_NC_086017.1_141278779_5	13	5	5	0	0	0	0.0	0.0	0.0	0	3	0	0	0	0	0
DN_NC_073242.2_8737492_8	DN_NC_086017.1_136773097_2	8	2	2	1	1	1	0.5	0.8612	0.8612	1	1	1	1	1	1	1
DN_NC_073242.2_8737492_8	DN_NC_086017.1_141278779_5	8	5	5	4	4	4	0.8	0.9497	1.0	0	5	4	4	4	4	4
DN_NC_073242.2_8737492_8	DN_NC_086017.1_85330170_7	8	7	7	6	6	6	0.8571	0.9474	0.9839	0	6	6	6	6	6	6
DN_NC_073242.2_96060106_12	DN_NC_073242.2_96073882_12	12	12	12	10	10	10	0.8333	0.9334	0.9884	0	10	10	10	10	10	10
DN_NC_073242.2_96060106_12	DN_NC_073242.2_96161607_12	12	12	12	11	11	11	0.9167	0.9401	1.0	0	11	11	11	11	11	11
DN_NC_073242.2_96073882_12	DN_NC_073242.2_96161607_12	12	12	12	11	11	11	0.9167	0.9739	0.9925	0	11	11	11	11	11	11
DN_NC_073242.2_96607850_4	DN_NC_073243.2_111657543_4	4	4	4	1	1	1	0.25	0.7202	0.7202	1	3	2	2	1	0	0
DN_NC_073242.2_97202362_10	DN_NC_073242.2_97214082_10	10	10	10	8	8	8	0.8	0.8291	0.963	0	10	10	8	8	7	5
DN_NC_073242.2_97493790_12	DN_NC_073242.2_97528976_5	12	5	5	1	1	1	0.2	1.0	1.0	1	4	1	1	1	1	1
DN_NC_073242.2_98958086_2	DN_NC_073242.2_98974496_9	2	9	2	0	0	0	0.0	0.0	0.0	0	1	0	0	0	0	0
DN_NC_073242.2_99181437_12	DN_NC_073242.2_99604879_12	12	12	12	11	11	11	0.9167	0.9893	1.0	0	11	11	11	11	11	11
DN_NC_073242.2_99745328_12	DN_NC_073242.2_99793055_12	12	12	12	10	10	10	0.8333	0.9247	1.0	0	12	11	11	10	10	10
DN_NC_073243.2_112081564_15	DN_NC_086017.1_207228653_16	15	16	15	13	13	13	0.8667	0.9464	0.9726	0	13	13	13	13	13	13
DN_NC_073243.2_112081564_15	DN_NC_086017.1_207540432_15	15	15	15	12	12	12	0.8	0.9535	0.9762	0	12	12	12	12	12	12
DN_NC_073243.2_17433799_8	DN_NC_073243.2_17450998_15	8	15	8	0	0	0	0.0	0.0	0.0	0	5	0	0	0	0	0
DN_NC_073243.2_20204464_2	DN_NC_073244.2_47250467_5	2	5	2	0	0	0	0.0	0.0	0.0	0	1	0	0	0	0	0
DN_NC_073243.2_20204464_2	DN_NC_073244.2_47586219_5	2	5	2	0	0	0	0.0	0.0	0.0	0	2	0	0	0	0	0
DN_NC_073243.2_20204464_2	DN_NC_073244.2_47997304_5	2	5	2	0	0	0	0.0	0.0	0.0	0	1	0	0	0	0	0
DN_NC_073243.2_20204464_2	DN_NC_073244.2_48030811_4	2	4	2	0	0	0	0.0	0.0	0.0	0	1	0	0	0	0	0
DN_NC_073243.2_20204464_2	DN_NC_073244.2_48242798_5	2	5	2	0	0	0	0.0	0.0	0.0	0	2	0	0	0	0	0
DN_NC_073243.2_20204464_2	DN_NC_073244.2_48980018_5	2	5	2	0	0	0	0.0	0.0	0.0	0	1	0	0	0	0	0
DN_NC_073243.2_20204464_2	DN_NC_073244.2_49072464_4	2	4	2	0	0	0	0.0	0.0	0.0	0	1	0	0	0	0	0
DN_NC_073243.2_20204464_2	DN_NC_073244.2_49246931_6	2	6	2	0	0	0	0.0	0.0	0.0	0	0	0	0	0	0	0
DN_NC_073243.2_20204464_2	DN_NC_073244.2_51825388_5	2	5	2	0	0	0	0.0	0.0	0.0	0	1	0	0	0	0	0
DN_NC_073243.2_20204464_2	DN_NC_073244.2_55341363_7	2	7	2	0	0	0	0.0	0.0	0.0	0	2	0	0	0	0	0
DN_NC_073243.2_20204464_2	DN_NC_073244.2_65102393_4	2	4	2	0	0	0	0.0	0.0	0.0	0	0	0	0	0	0	0
DN_NC_073243.2_20204464_2	DN_NC_073244.2_68491976_5	2	5	2	0	0	0	0.0	0.0	0.0	0	2	0	0	0	0	0
DN_NC_073243.2_20204464_2	DN_NC_073244.2_68513423_5	2	5	2	0	0	0	0.0	0.0	0.0	0	2	0	0	0	0	0
DN_NC_073243.2_20232546_4	DN_NC_073244.2_70277256_8	4	8	4	0	0	0	0.0	0.0	0.0	0	2	1	0	0	0	0
DN_NC_073243.2_20232546_4	DN_NC_086017.1_54612772_3	4	3	3	0	0	0	0.0	0.0	0.0	0	2	0	0	0	0	0
DN_NC_073243.2_20322881_2	DN_NC_073244.2_59726455_2	2	2	2	0	0	0	0.0	0.0	0.0	0	1	0	0	0	0	0
DN_NC_073243.2_20322881_2	DN_NC_086017.1_54551513_4	2	4	2	0	0	0	0.0	0.0	0.0	0	1	0	0	0	0	0
DN_NC_073243.2_20324218_2	DN_NC_073244.2_15324693_6	2	6	2	0	0	0	0.0	0.0	0.0	0	2	0	0	0	0	0
DN_NC_073243.2_20324218_2	DN_NC_086017.1_54487757_3	2	3	2	0	0	0	0.0	0.0	0.0	0	1	0	0	0	0	0
DN_NC_073243.2_20324218_2	DN_NC_086017.1_54527845_6	2	6	2	0	0	0	0.0	0.0	0.0	0	2	1	0	0	0	0
DN_NC_073243.2_21779153_4	DN_NC_073243.2_21780781_4	4	4	4	1	1	1	0.25	1.0	1.0	1	2	1	1	1	1	1
DN_NC_073243.2_22365408_15	DN_NC_086017.1_195260184_15	15	15	15	9	9	9	0.6	0.7735	0.8489	0	14	12	12	9	5	4
DN_NC_073243.2_22727924_2	DN_NC_073243.2_22729136_7	2	7	2	1	1	1	0.5	1.0	1.0	1	2	1	1	1	1	1
DN_NC_073243.2_25668904_14	DN_NC_073243.2_25770609_26	14	26	14	14	14	14	1.0	0.8593	0.9647	0	14	14	14	14	12	10
DN_NC_073243.2_25668904_14	DN_NC_073245.2_47207807_14	14	13	13	3	3	3	0.2308	0.7663	0.7941	0	9	8	6	3	2	0
DN_NC_073243.2_25770609_26	DN_NC_073245.2_47207807_14	26	13	13	6	6	6	0.4615	0.7405	0.801	0	9	9	7	6	2	1
DN_NC_073243.2_25770609_26	DN_NC_086017.1_119256163_19	26	19	19	5	5	5	0.2632	0.7125	0.7194	0	15	14	11	5	0	0
DN_NC_073243.2_31614985_22	DN_NC_073244.2_25226014_19	22	19	19	6	6	6	0.3158	0.7812	0.8214	0	17	14	10	6	5	3
DN_NC_073243.2_40339828_3	DN_NC_073247.2_26298821_5	3	5	3	0	0	0	0.0	0.0	0.0	0	3	0	0	0	0	0
DN_NC_073243.2_40875168_3	DN_NC_073247.2_89808941_7	3	7	3	0	0	0	0.0	0.0	0.0	0	1	0	0	0	0	0
DN_NC_073243.2_47785917_12	DN_NC_073243.2_47800408_20	12	20	12	1	1	1	0.0833	1.0	1.0	1	7	3	1	1	1	1
DN_NC_073243.2_49045190_4	DN_NC_073245.2_35160176_6	4	6	4	0	0	0	0.0	0.0	0.0	0	3	0	0	0	0	0
DN_NC_073243.2_49045190_4	DN_NC_073247.2_105439613_2	4	2	2	0	0	0	0.0	0.0	0.0	0	2	1	0	0	0	0
DN_NC_073243.2_51178324_11	DN_NC_073244.2_16453836_16	11	16	11	5	5	5	0.4545	0.7694	0.8297	0	9	8	6	5	3	1
DN_NC_073243.2_54697918_6	DN_NC_073243.2_54805899_27	6	27	6	0	0	0	0.0	0.0	0.0	0	3	0	0	0	0	0
DN_NC_073243.2_69046517_5	DN_NC_073243.2_69056468_9	5	9	5	0	0	0	0.0	0.0	0.0	0	2	0	0	0	0	0
DN_NC_073243.2_69046517_5	DN_NC_073244.2_43610901_6	5	6	5	0	0	0	0.0	0.0	0.0	0	2	0	0	0	0	0
DN_NC_073243.2_69046517_5	DN_NC_073247.2_147586730_5	5	5	5	0	0	0	0.0	0.0	0.0	0	2	0	0	0	0	0
DN_NC_073243.2_70014918_17	DN_NC_073244.2_43610901_6	17	6	6	0	0	0	0.0	0.0	0.0	0	3	1	0	0	0	0
DN_NC_073243.2_70014918_17	DN_NC_073247.2_147586730_5	17	5	5	0	0	0	0.0	0.0	0.0	0	4	0	0	0	0	0
DN_NC_073243.2_74160733_18	DN_NC_073243.2_79717303_18	18	18	18	6	6	6	0.3333	0.9717	0.9917	0	8	6	6	6	6	6
DN_NC_073243.2_81969227_10	DN_NC_073244.2_21366814_9	10	9	9	5	5	5	0.5556	0.7903	0.8731	0	7	6	6	5	5	1
DN_NC_073243.2_82594889_12	DN_NC_073243.2_82739824_8	12	8	8	4	4	4	0.5	0.9944	0.996	0	7	4	4	4	4	4
DN_NC_073243.2_94988262_4	DN_NC_086017.1_185299820_2	3	2	2	1	1	1	0.5	0.7098	0.7098	1	1	1	1	1	0	0
DN_NC_073243.2_97368865_2	DN_NC_073243.2_97368870_3	2	3	2	1	1	1	0.5	1.0	1.0	1	2	1	1	1	1	1
DN_NC_073244.2_11377962_21	DN_NC_073244.2_11413820_21	21	21	21	8	8	8	0.381	0.792	0.998	0	19	17	13	8	4	2
DN_NC_073244.2_12909180_8	DN_NC_073244.2_14850343_10	8	10	8	5	5	5	0.625	0.8758	0.9841	0	8	7	6	5	5	3
DN_NC_073244.2_14850343_10	DN_NC_086017.1_50412575_3	10	5	5	1	1	1	0.2	0.746	0.746	1	5	1	1	1	0	0
DN_NC_073244.2_15172509_7	DN_NC_073244.2_68766684_2	7	2	2	0	0	0	0.0	0.0	0.0	0	2	0	0	0	0	0
DN_NC_073244.2_15324693_6	DN_NC_086017.1_54487757_3	6	3	3	0	0	0	0.0	0.0	0.0	0	2	0	0	0	0	0
DN_NC_073244.2_15324693_6	DN_NC_086017.1_54527845_6	6	6	6	0	0	0	0.0	0.0	0.0	0	4	1	1	0	0	0
DN_NC_073244.2_15357025_8	DN_NC_073244.2_15508499_10	8	10	8	1	2	2	0.25	0.8373	0.8492	1	5	3	1	1	1	1
DN_NC_073244.2_15357025_8	DN_NC_073244.2_15648295_6	8	6	6	1	1	1	0.1667	0.8095	0.8175	1	5	3	2	1	1	1
DN_NC_073244.2_15357025_8	DN_NC_073244.2_48384768_7	8	7	7	2	2	2	0.2857	0.7341	0.754	0	5	3	2	2	1	0
DN_NC_073244.2_15357025_8	DN_NC_073244.2_49246931_6	8	6	6	1	1	1	0.1667	0.7302	0.7302	1	3	2	1	1	0	0
DN_NC_073244.2_15453865_9	DN_NC_073244.2_15508499_10	9	10	9	3	4	5	0.5556	0.7994	0.8413	0	6	5	5	3	3	1
DN_NC_073244.2_15453865_9	DN_NC_073244.2_15648295_6	9	6	6	4	4	4	0.6667	0.7759	0.881	0	6	4	4	4	2	1
DN_NC_073244.2_15453865_9	DN_NC_073244.2_45985550_6	9	6	6	1	1	1	0.1667	0.7222	0.7222	1	5	3	2	1	0	0
DN_NC_073244.2_15453865_9	DN_NC_073244.2_47997304_5	9	5	5	0	0	0	0.0	0.0	0.0	0	4	2	1	0	0	0
DN_NC_073244.2_15453865_9	DN_NC_073244.2_48030811_4	9	4	4	0	0	0	0.0	0.0	0.0	0	4	0	0	0	0	0
DN_NC_073244.2_15453865_9	DN_NC_073244.2_48066692_6	9	6	6	0	0	0	0.0	0.0	0.0	0	5	2	0	0	0	0
DN_NC_073244.2_15453865_9	DN_NC_073244.2_48242798_5	9	5	5	0	0	0	0.0	0.0	0.0	0	4	1	1	0	0	0
DN_NC_073244.2_15453865_9	DN_NC_073244.2_49072464_4	9	4	4	0	0	0	0.0	0.0	0.0	0	3	2	1	0	0	0
DN_NC_073244.2_15453865_9	DN_NC_073244.2_49246931_6	9	6	6	0	0	0	0.0	0.0	0.0	0	4	1	1	0	0	0
DN_NC_073244.2_15453865_9	DN_NC_073244.2_51749194_6	9	6	6	0	0	0	0.0	0.0	0.0	0	5	2	1	0	0	0
DN_NC_073244.2_15453865_9	DN_NC_073244.2_55341363_7	9	7	7	0	0	0	0.0	0.0	0.0	0	5	1	1	0	0	0
DN_NC_073244.2_15508499_10	DN_NC_073244.2_15648295_6	10	6	6	3	3	4	0.6667	0.7689	0.8095	0	5	3	3	3	2	1
DN_NC_073244.2_15508499_10	DN_NC_073244.2_47997304_5	10	5	5	0	0	0	0.0	0.0	0.0	0	4	2	1	0	0	0
DN_NC_073244.2_15508499_10	DN_NC_073244.2_48242798_5	10	5	5	0	0	0	0.0	0.0	0.0	0	4	3	1	0	0	0
DN_NC_073244.2_15508499_10	DN_NC_073244.2_48384768_7	10	7	7	1	1	1	0.1429	0.7143	0.7222	1	4	3	1	1	0	0
DN_NC_073244.2_15508499_10	DN_NC_073244.2_49072464_4	10	4	4	1	1	1	0.25	0.7302	0.7302	1	2	2	1	1	0	0
DN_NC_073244.2_15508499_10	DN_NC_073244.2_49176797_4	10	4	4	0	0	0	0.0	0.0	0.0	0	4	1	0	0	0	0
DN_NC_073244.2_15508499_10	DN_NC_073244.2_49246931_6	10	6	6	0	0	0	0.0	0.0	0.0	0	4	3	1	0	0	0
DN_NC_073244.2_15569240_8	DN_NC_073244.2_17678736_4	8	4	4	1	1	1	0.25	0.754	0.754	1	4	2	1	1	1	0
DN_NC_073244.2_15569240_8	DN_NC_073244.2_17831067_3	8	3	3	1	1	1	0.3333	0.746	0.746	1	3	1	1	1	0	0
DN_NC_073244.2_15569240_8	DN_NC_073244.2_17960497_4	8	4	4	1	1	1	0.25	0.7698	0.7698	1	3	1	1	1	1	0
DN_NC_073244.2_15569240_8	DN_NC_073244.2_18047026_4	8	4	4	1	1	1	0.25	0.7778	0.7778	1	4	2	1	1	1	0
DN_NC_073244.2_15569240_8	DN_NC_073244.2_18096775_3	8	3	3	1	1	1	0.3333	0.7398	0.7398	1	3	2	1	1	0	0
DN_NC_073244.2_15569240_8	DN_NC_073244.2_18307855_4	8	4	4	1	1	1	0.25	0.7698	0.7698	1	3	2	1	1	1	0
DN_NC_073244.2_15569240_8	DN_NC_073244.2_18649721_4	8	4	4	1	1	1	0.25	0.7619	0.7619	1	3	1	1	1	1	0
DN_NC_073244.2_15569240_8	DN_NC_073244.2_26156853_4	8	4	4	1	1	1	0.25	0.7619	0.7619	1	3	1	1	1	1	0
DN_NC_073244.2_15605841_4	DN_NC_086017.1_54612772_3	4	3	3	0	0	0	0.0	0.0	0.0	0	3	0	0	0	0	0
DN_NC_073244.2_15648295_6	DN_NC_073244.2_47997304_5	6	5	5	1	1	1	0.2	0.7073	0.7073	1	3	1	1	1	0	0
DN_NC_073244.2_15648295_6	DN_NC_073244.2_48030811_4	6	4	4	0	0	0	0.0	0.0	0.0	0	3	0	0	0	0	0
DN_NC_073244.2_15648295_6	DN_NC_073244.2_48066692_6	6	6	6	0	0	0	0.0	0.0	0.0	0	4	1	1	0	0	0
DN_NC_073244.2_15648295_6	DN_NC_073244.2_48242798_5	6	5	5	0	0	0	0.0	0.0	0.0	0	4	2	1	0	0	0
DN_NC_073244.2_15648295_6	DN_NC_073244.2_49072464_4	6	4	4	1	1	1	0.25	0.7222	0.7222	1	3	1	1	1	0	0
DN_NC_073244.2_15648295_6	DN_NC_073244.2_55341363_7	6	7	6	0	0	0	0.0	0.0	0.0	0	5	1	1	0	0	0
DN_NC_073244.2_16606086_12	DN_NC_073244.2_22635247_12	12	12	12	8	8	8	0.6667	0.8069	0.9154	0	10	10	9	8	7	4
DN_NC_073244.2_17541226_2	DN_NC_073244.2_24302535_5	2	5	2	0	0	0	0.0	0.0	0.0	0	1	0	0	0	0	0
DN_NC_073244.2_17635782_4	DN_NC_073244.2_17678736_4	4	4	4	2	2	2	0.5	0.8448	0.873	0	4	4	2	2	2	2
DN_NC_073244.2_17635782_4	DN_NC_073244.2_17751584_2	4	2	2	0	0	0	0.0	0.0	0.0	0	2	2	1	0	0	0
DN_NC_073244.2_17635782_4	DN_NC_073244.2_17831067_3	4	3	3	1	1	1	0.3333	0.8968	0.8968	1	3	2	2	1	1	1
DN_NC_073244.2_17635782_4	DN_NC_073244.2_17846610_4	4	4	4	2	2	2	0.5	0.8032	0.873	0	4	4	3	2	1	1
DN_NC_073244.2_17635782_4	DN_NC_073244.2_17876785_4	4	4	4	2	2	2	0.5	0.8274	0.9048	0	4	4	2	2	2	1
DN_NC_073244.2_17635782_4	DN_NC_073244.2_17922158_4	4	4	4	2	2	2	0.5	0.8071	0.881	0	4	3	2	2	1	1
DN_NC_073244.2_17635782_4	DN_NC_073244.2_17960497_4	4	4	4	2	2	2	0.5	0.7905	0.881	0	4	4	2	2	1	1
DN_NC_073244.2_17635782_4	DN_NC_073244.2_18045307_2	4	2	2	0	0	0	0.0	0.0	0.0	0	2	0	0	0	0	0
DN_NC_073244.2_17635782_4	DN_NC_073244.2_18047026_4	4	4	4	2	2	2	0.5	0.8024	0.9048	0	4	4	3	2	1	1
DN_NC_073244.2_17635782_4	DN_NC_073244.2_18096775_3	4	3	3	1	1	1	0.3333	0.878	0.878	1	3	2	1	1	1	1
DN_NC_073244.2_17635782_4	DN_NC_073244.2_18201516_4	4	4	4	2	2	2	0.5	0.8317	0.8968	0	4	4	3	2	2	1
DN_NC_073244.2_17635782_4	DN_NC_073244.2_18232282_4	4	4	4	2	2	2	0.5	0.8234	0.8968	0	2	2	2	2	2	1
DN_NC_073244.2_17635782_4	DN_NC_073244.2_18356684_4	4	4	4	2	2	2	0.5	0.7996	0.8492	0	4	3	2	2	2	1
DN_NC_073244.2_17635782_4	DN_NC_073244.2_18385030_4	4	4	4	2	2	2	0.5	0.7992	0.8651	0	4	3	2	2	1	1
DN_NC_073244.2_17635782_4	DN_NC_073244.2_18426035_4	4	4	4	2	2	2	0.5	0.8242	0.8651	0	4	3	2	2	2	1
DN_NC_073244.2_17635782_4	DN_NC_073244.2_18470484_4	4	4	4	2	2	2	0.5	0.8242	0.8651	0	4	4	2	2	2	1
DN_NC_073244.2_17635782_4	DN_NC_073244.2_18564507_4	4	4	4	3	3	3	0.75	0.7987	0.9127	0	4	3	3	3	2	1
DN_NC_073244.2_17635782_4	DN_NC_073244.2_18649721_4	4	4	4	2	2	2	0.5	0.8198	0.873	0	4	2	2	2	2	1
DN_NC_073244.2_17635782_4	DN_NC_073244.2_26156853_4	4	4	4	2	2	2	0.5	0.779	0.8492	0	4	3	2	2	1	1
DN_NC_073244.2_17635782_4	DN_NC_073244.2_8680135_4	4	4	4	1	1	1	0.25	0.881	0.881	1	3	1	1	1	1	1
DN_NC_073244.2_17635782_4	DN_NC_073244.2_8711681_4	4	4	4	1	1	1	0.25	0.8175	0.8254	1	2	1	1	1	1	1
DN_NC_073244.2_17678736_4	DN_NC_073244.2_17751584_2	4	2	2	0	0	0	0.0	0.0	0.0	0	2	2	1	0	0	0
DN_NC_073244.2_17678736_4	DN_NC_073244.2_17797611_4	4	4	4	2	2	2	0.5	0.7548	0.8095	0	4	4	4	2	1	1
DN_NC_073244.2_17678736_4	DN_NC_073244.2_17831067_3	4	3	3	1	1	1	0.3333	0.8492	0.8492	1	2	2	1	1	1	1
DN_NC_073244.2_17678736_4	DN_NC_073244.2_17846610_4	4	4	4	2	2	2	0.5	0.8004	0.8175	0	4	3	2	2	2	2
DN_NC_073244.2_17678736_4	DN_NC_073244.2_17876785_4	4	4	4	2	2	2	0.5	0.8087	0.8175	0	3	3	2	2	2	2
DN_NC_073244.2_17678736_4	DN_NC_073244.2_17922158_4	4	4	4	2	2	2	0.5	0.8044	0.8254	0	3	2	2	2	2	2
DN_NC_073244.2_17678736_4	DN_NC_073244.2_17960497_4	4	4	4	2	2	2	0.5	0.7798	0.8095	0	4	3	2	2	2	1
DN_NC_073244.2_17678736_4	DN_NC_073244.2_17994654_4	4	4	4	2	2	2	0.5	0.8167	0.8333	0	3	2	2	2	2	2
DN_NC_073244.2_17678736_4	DN_NC_073244.2_18045307_2	4	2	2	0	0	0	0.0	0.0	0.0	0	2	1	0	0	0	0
DN_NC_073244.2_17678736_4	DN_NC_073244.2_18047026_4	4	4	4	2	2	2	0.5	0.7754	0.8175	0	4	3	3	2	1	1
DN_NC_073244.2_17678736_4	DN_NC_073244.2_18096775_3	4	3	3	1	1	1	0.3333	0.813	0.813	1	3	2	2	1	1	1
DN_NC_073244.2_17678736_4	DN_NC_073244.2_18201516_4	4	4	4	2	2	2	0.5	0.8286	0.8571	0	4	3	2	2	2	2
DN_NC_073244.2_17678736_4	DN_NC_073244.2_18232282_4	4	4	4	2	2	2	0.5	0.8123	0.8413	0	3	3	2	2	2	1
DN_NC_073244.2_17678736_4	DN_NC_073244.2_18307855_4	4	4	4	2	2	2	0.5	0.8619	0.8667	0	4	3	2	2	2	2
DN_NC_073244.2_17678736_4	DN_NC_073244.2_18356684_4	4	4	4	2	2	2	0.5	0.8333	0.8333	0	4	4	2	2	2	2
DN_NC_073244.2_17678736_4	DN_NC_073244.2_18385030_4	4	4	4	2	2	2	0.5	0.825	0.8333	0	4	3	3	2	2	2
DN_NC_073244.2_17678736_4	DN_NC_073244.2_18426035_4	4	4	4	2	2	2	0.5	0.8254	0.8333	0	3	3	3	2	2	2
DN_NC_073244.2_17678736_4	DN_NC_073244.2_18470484_4	4	4	4	2	2	2	0.5	0.8254	0.8333	0	4	4	4	2	2	2
DN_NC_073244.2_17678736_4	DN_NC_073244.2_18564507_4	4	4	4	2	2	2	0.5	0.8123	0.8413	0	4	4	2	2	2	1
DN_NC_073244.2_17678736_4	DN_NC_073244.2_18614963_5	4	5	4	2	2	2	0.5	0.7837	0.8175	0	3	2	2	2	2	1
DN_NC_073244.2_17678736_4	DN_NC_073244.2_26156853_4	4	4	4	2	2	2	0.5	0.7762	0.7857	0	3	2	2	2	2	0
DN_NC_073244.2_17678736_4	DN_NC_073244.2_8619131_4	4	4	4	1	1	1	0.25	0.8095	0.8095	1	2	2	1	1	1	1
DN_NC_073244.2_17678736_4	DN_NC_073244.2_8680135_4	4	4	4	1	1	1	0.25	0.8175	0.8175	1	3	1	1	1	1	1
DN_NC_073244.2_17700597_4	DN_NC_073244.2_18124175_2	4	2	2	0	0	0	0.0	0.0	0.0	0	0	0	0	0	0	0
DN_NC_073244.2_17700597_4	DN_NC_073244.2_8711681_4	4	4	4	1	1	1	0.25	0.8016	0.8095	1	2	2	1	1	1	1
DN_NC_073244.2_17751584_2	DN_NC_073244.2_17797611_4	2	4	2	1	1	1	0.5	0.8	0.8	1	1	1	1	1	1	1
DN_NC_073244.2_17751584_2	DN_NC_073244.2_17831067_3	2	3	2	0	0	0	0.0	0.0	0.0	0	2	1	1	0	0	0
DN_NC_073244.2_17751584_2	DN_NC_073244.2_17846610_4	2	4	2	0	0	0	0.0	0.0	0.0	0	2	1	1	0	0	0
DN_NC_073244.2_17751584_2	DN_NC_073244.2_17876785_4	2	4	2	0	0	0	0.0	0.0	0.0	0	2	1	1	0	0	0
DN_NC_073244.2_17751584_2	DN_NC_073244.2_17922158_4	2	4	2	0	0	0	0.0	0.0	0.0	0	1	0	0	0	0	0
DN_NC_073244.2_17751584_2	DN_NC_073244.2_17960497_4	2	4	2	0	0	0	0.0	0.0	0.0	0	2	1	1	0	0	0
DN_NC_073244.2_17751584_2	DN_NC_073244.2_17994654_4	2	4	2	0	0	0	0.0	0.0	0.0	0	1	0	0	0	0	0
DN_NC_073244.2_17751584_2	DN_NC_073244.2_18045307_2	2	2	2	0	0	0	0.0	0.0	0.0	0	2	1	1	0	0	0
DN_NC_073244.2_17751584_2	DN_NC_073244.2_18047026_4	2	4	2	0	0	0	0.0	0.0	0.0	0	2	1	1	0	0	0
DN_NC_073244.2_17751584_2	DN_NC_073244.2_18096775_3	2	3	2	0	0	0	0.0	0.0	0.0	0	2	1	1	0	0	0
DN_NC_073244.2_17751584_2	DN_NC_073244.2_18124193_3	2	3	2	0	0	0	0.0	0.0	0.0	0	2	1	1	0	0	0
DN_NC_073244.2_17751584_2	DN_NC_073244.2_18201516_4	2	4	2	0	0	0	0.0	0.0	0.0	0	2	2	1	0	0	0
DN_NC_073244.2_17751584_2	DN_NC_073244.2_18307855_4	2	4	2	2	2	2	1.0	0.7544	0.7849	0	2	2	2	2	1	0
DN_NC_073244.2_17751584_2	DN_NC_073244.2_18356684_4	2	4	2	2	2	2	1.0	0.727	0.7421	0	2	2	2	2	0	0
DN_NC_073244.2_17751584_2	DN_NC_073244.2_18385030_4	2	4	2	0	0	0	0.0	0.0	0.0	0	1	1	1	0	0	0
DN_NC_073244.2_17751584_2	DN_NC_073244.2_18426035_4	2	4	2	1	1	1	0.5	0.719	0.719	1	1	1	1	1	0	0
DN_NC_073244.2_17751584_2	DN_NC_073244.2_18470484_4	2	4	2	2	2	2	1.0	0.7442	0.7598	0	2	2	2	2	1	0
DN_NC_073244.2_17751584_2	DN_NC_073244.2_18564507_4	2	4	2	0	0	0	0.0	0.0	0.0	0	2	2	1	0	0	0
DN_NC_073244.2_17751584_2	DN_NC_073244.2_18614963_5	2	5	2	0	0	0	0.0	0.0	0.0	0	1	0	0	0	0	0
DN_NC_073244.2_17751584_2	DN_NC_073244.2_18649721_4	2	4	2	0	0	0	0.0	0.0	0.0	0	2	1	0	0	0	0
DN_NC_073244.2_17751584_2	DN_NC_073244.2_26156853_4	2	4	2	0	0	0	0.0	0.0	0.0	0	1	1	0	0	0	0
DN_NC_073244.2_17751584_2	DN_NC_073244.2_8619131_4	2	4	2	0	0	0	0.0	0.0	0.0	0	2	1	0	0	0	0
DN_NC_073244.2_17797611_4	DN_NC_073244.2_17831067_3	4	3	3	1	1	1	0.3333	0.8254	0.8254	1	3	2	1	1	1	1
DN_NC_073244.2_17797611_4	DN_NC_073244.2_18047026_4	4	4	4	1	1	1	0.25	0.8254	0.8254	1	3	2	2	1	1	1
DN_NC_073244.2_17797611_4	DN_NC_073244.2_18096775_3	4	3	3	1	1	1	0.3333	0.8211	0.8211	1	3	2	2	1	1	1
DN_NC_073244.2_17797611_4	DN_NC_073244.2_18201516_4	4	4	4	1	1	1	0.25	0.8333	0.8333	1	4	4	2	1	1	1
DN_NC_073244.2_17797611_4	DN_NC_073244.2_18470484_4	4	4	4	3	3	3	0.75	0.7887	0.8571	0	4	4	4	3	2	2
DN_NC_073244.2_17797611_4	DN_NC_073244.2_18649721_4	4	4	4	1	1	1	0.25	0.8413	0.8413	1	4	3	1	1	1	1
DN_NC_073244.2_17797611_4	DN_NC_073244.2_26156853_4	4	4	4	1	1	1	0.25	0.8095	0.8095	1	4	2	1	1	1	1
DN_NC_073244.2_17831067_3	DN_NC_073244.2_17846610_4	3	4	3	1	1	1	0.3333	0.8651	0.8651	1	3	3	1	1	1	1
DN_NC_073244.2_17831067_3	DN_NC_073244.2_17876785_4	3	4	3	1	1	1	0.3333	0.881	0.881	1	3	2	1	1	1	1
DN_NC_073244.2_17831067_3	DN_NC_073244.2_17922158_4	3	4	3	1	1	1	0.3333	0.873	0.873	1	3	2	1	1	1	1
DN_NC_073244.2_17831067_3	DN_NC_073244.2_17960497_4	3	4	3	1	1	1	0.3333	0.881	0.881	1	3	3	1	1	1	1
DN_NC_073244.2_17831067_3	DN_NC_073244.2_17994654_4	3	4	3	1	1	1	0.3333	0.8651	0.8651	1	3	3	2	1	1	1
DN_NC_073244.2_17831067_3	DN_NC_073244.2_18045307_2	3	2	2	0	0	0	0.0	0.0	0.0	0	2	1	0	0	0	0
DN_NC_073244.2_17831067_3	DN_NC_073244.2_18047026_4	3	4	3	1	1	1	0.3333	0.873	0.873	1	3	2	2	1	1	1
DN_NC_073244.2_17831067_3	DN_NC_073244.2_18096775_3	3	3	3	1	1	1	0.3333	0.8618	0.8618	1	3	3	1	1	1	1
DN_NC_073244.2_17831067_3	DN_NC_073244.2_18124193_3	3	3	3	1	1	1	0.3333	0.873	0.873	1	3	2	1	1	1	1
DN_NC_073244.2_17831067_3	DN_NC_073244.2_18201516_4	3	4	3	1	1	1	0.3333	0.8651	0.8651	1	3	2	1	1	1	1
DN_NC_073244.2_17831067_3	DN_NC_073244.2_18232282_4	3	4	3	1	1	1	0.3333	0.8492	0.8571	1	3	2	2	1	1	1
DN_NC_073244.2_17831067_3	DN_NC_073244.2_18307855_4	3	4	3	1	1	1	0.3333	0.8651	0.8651	1	3	2	1	1	1	1
DN_NC_073244.2_17831067_3	DN_NC_073244.2_18356684_4	3	4	3	1	1	1	0.3333	0.8413	0.8413	1	3	2	1	1	1	1
DN_NC_073244.2_17831067_3	DN_NC_073244.2_18385030_4	3	4	3	1	1	1	0.3333	0.8175	0.8175	1	3	2	1	1	1	1
DN_NC_073244.2_17831067_3	DN_NC_073244.2_18426035_4	3	4	3	1	1	1	0.3333	0.8333	0.8413	1	2	1	1	1	1	1
DN_NC_073244.2_17831067_3	DN_NC_073244.2_18470484_4	3	4	3	1	1	1	0.3333	0.8333	0.8413	1	3	2	1	1	1	1
DN_NC_073244.2_17831067_3	DN_NC_073244.2_18564507_4	3	4	3	1	1	1	0.3333	0.8492	0.8492	1	3	2	1	1	1	1
DN_NC_073244.2_17831067_3	DN_NC_073244.2_18649721_4	3	4	3	1	1	1	0.3333	0.8492	0.8571	1	3	2	1	1	1	1
DN_NC_073244.2_17831067_3	DN_NC_073244.2_26156853_4	3	4	3	1	1	1	0.3333	0.8095	0.8095	1	3	2	2	1	1	1
DN_NC_073244.2_17831067_3	DN_NC_073244.2_8619131_4	3	4	3	1	1	1	0.3333	0.8175	0.8175	1	3	1	1	1	1	1
DN_NC_073244.2_17831067_3	DN_NC_073244.2_8680135_4	3	4	3	1	1	1	0.3333	0.8254	0.8254	1	3	1	1	1	1	1
DN_NC_073244.2_17831067_3	DN_NC_073244.2_8711681_4	3	4	3	1	1	1	0.3333	0.7857	0.7857	1	2	2	1	1	1	0
DN_NC_073244.2_17846610_4	DN_NC_073244.2_17876785_4	4	4	4	3	3	3	0.75	0.8916	0.9667	0	4	4	4	3	3	2
DN_NC_073244.2_17846610_4	DN_NC_073244.2_17922158_4	4	4	4	3	3	3	0.75	0.9104	1.0	0	4	4	4	3	3	2
DN_NC_073244.2_17846610_4	DN_NC_073244.2_17960497_4	4	4	4	3	3	3	0.75	0.8754	0.9286	0	4	4	4	3	3	2
DN_NC_073244.2_17846610_4	DN_NC_073244.2_17994654_4	4	4	4	3	3	3	0.75	0.8906	0.9833	0	4	4	4	3	2	2
DN_NC_073244.2_17846610_4	DN_NC_073244.2_18045307_2	4	2	2	0	0	0	0.0	0.0	0.0	0	2	2	1	0	0	0
DN_NC_073244.2_17846610_4	DN_NC_073244.2_18047026_4	4	4	4	3	3	3	0.75	0.7808	0.8492	0	4	3	3	3	2	1
DN_NC_073244.2_17846610_4	DN_NC_073244.2_18096775_3	4	3	3	2	2	2	0.6667	0.8046	0.8537	0	3	3	2	2	2	1
DN_NC_073244.2_17846610_4	DN_NC_073244.2_18201516_4	4	4	4	2	2	2	0.5	0.7996	0.8492	0	4	3	2	2	2	1
DN_NC_073244.2_17846610_4	DN_NC_073244.2_18307855_4	4	4	4	2	2	2	0.5	0.8127	0.8254	0	4	3	2	2	2	2
DN_NC_073244.2_17846610_4	DN_NC_073244.2_18356684_4	4	4	4	2	2	2	0.5	0.7552	0.7937	0	4	3	2	2	1	0
DN_NC_073244.2_17846610_4	DN_NC_073244.2_18385030_4	4	4	4	2	2	2	0.5	0.7556	0.7778	0	4	3	2	2	1	0
DN_NC_073244.2_17846610_4	DN_NC_073244.2_18426035_4	4	4	4	2	2	2	0.5	0.7679	0.7937	0	3	2	2	2	2	0
DN_NC_073244.2_17846610_4	DN_NC_073244.2_18470484_4	4	4	4	2	2	2	0.5	0.7679	0.7937	0	4	3	2	2	2	0
DN_NC_073244.2_17846610_4	DN_NC_073244.2_18564507_4	4	4	4	2	2	2	0.5	0.7833	0.8333	0	4	4	2	2	1	1
DN_NC_073244.2_17846610_4	DN_NC_073244.2_18649721_4	4	4	4	2	2	2	0.5	0.7829	0.8492	0	4	3	2	2	1	1
DN_NC_073244.2_17846610_4	DN_NC_073244.2_26156853_4	4	4	4	2	2	2	0.5	0.7599	0.7698	0	4	3	2	2	2	0
DN_NC_073244.2_17846610_4	DN_NC_073244.2_8680135_4	4	4	4	1	1	1	0.25	0.8413	0.8413	1	3	1	1	1	1	1
DN_NC_073244.2_17846610_4	DN_NC_073244.2_8711681_4	4	4	4	1	1	1	0.25	0.7937	0.7937	1	3	2	1	1	1	0
DN_NC_073244.2_17876785_4	DN_NC_073244.2_17922158_4	4	4	4	3	3	3	0.75	0.928	0.9667	0	4	4	4	3	3	3
DN_NC_073244.2_17876785_4	DN_NC_073244.2_17960497_4	4	4	4	4	4	4	1.0	0.8717	0.9444	0	4	4	4	4	4	3
DN_NC_073244.2_17876785_4	DN_NC_073244.2_17994654_4	4	4	4	3	3	3	0.75	0.9154	0.9833	0	4	4	4	3	3	3
DN_NC_073244.2_17876785_4	DN_NC_073244.2_18045307_2	4	2	2	0	0	0	0.0	0.0	0.0	0	2	2	0	0	0	0
DN_NC_073244.2_17876785_4	DN_NC_073244.2_18047026_4	4	4	4	3	3	3	0.75	0.7949	0.881	0	4	4	3	3	2	1
DN_NC_073244.2_17876785_4	DN_NC_073244.2_18096775_3	4	3	3	2	2	2	0.6667	0.7845	0.8537	0	3	3	2	2	1	1
DN_NC_073244.2_17876785_4	DN_NC_073244.2_18124175_2	4	2	2	0	0	0	0.0	0.0	0.0	0	2	2	0	0	0	0
DN_NC_073244.2_17876785_4	DN_NC_073244.2_18201516_4	4	4	4	2	2	2	0.5	0.8079	0.8492	0	4	3	2	2	2	1
DN_NC_073244.2_17876785_4	DN_NC_073244.2_18307855_4	4	4	4	2	2	2	0.5	0.8206	0.8413	0	4	3	2	2	2	2
DN_NC_073244.2_17876785_4	DN_NC_073244.2_18356684_4	4	4	4	2	2	2	0.5	0.7631	0.8095	0	4	3	2	2	1	1
DN_NC_073244.2_17876785_4	DN_NC_073244.2_18426035_4	4	4	4	2	2	2	0.5	0.7758	0.8016	0	4	3	2	2	2	1
DN_NC_073244.2_17876785_4	DN_NC_073244.2_18470484_4	4	4	4	2	2	2	0.5	0.7758	0.8016	0	4	3	2	2	2	1
DN_NC_073244.2_17876785_4	DN_NC_073244.2_18614963_5	4	5	4	2	2	2	0.5	0.7837	0.8175	0	4	2	2	2	2	1
DN_NC_073244.2_17876785_4	DN_NC_073244.2_26156853_4	4	4	4	2	2	2	0.5	0.7722	0.7778	0	4	3	2	2	2	0
DN_NC_073244.2_17876785_4	DN_NC_073244.2_8619131_4	4	4	4	1	1	1	0.25	0.8254	0.8254	1	3	1	1	1	1	1
DN_NC_073244.2_17876785_4	DN_NC_073244.2_8680135_4	4	4	4	1	1	1	0.25	0.8333	0.8333	1	3	2	1	1	1	1
DN_NC_073244.2_17876785_4	DN_NC_073244.2_8711681_4	4	4	4	1	1	1	0.25	0.7857	0.7857	1	1	1	1	1	1	0
DN_NC_073244.2_17922158_4	DN_NC_073244.2_17960497_4	4	4	4	4	4	4	1.0	0.8509	0.9365	0	4	4	4	4	3	3
DN_NC_073244.2_17922158_4	DN_NC_073244.2_17994654_4	4	4	4	3	3	3	0.75	0.9275	0.9833	0	4	4	3	3	3	3
DN_NC_073244.2_17922158_4	DN_NC_073244.2_18045307_2	4	2	2	0	0	0	0.0	0.0	0.0	0	2	2	0	0	0	0
DN_NC_073244.2_17922158_4	DN_NC_073244.2_18047026_4	4	4	4	2	2	2	0.5	0.804	0.8413	0	3	3	2	2	2	1
DN_NC_073244.2_17922158_4	DN_NC_073244.2_18096775_3	4	3	3	1	1	1	0.3333	0.8455	0.8455	1	3	3	2	1	1	1
DN_NC_073244.2_17922158_4	DN_NC_073244.2_18201516_4	4	4	4	2	2	2	0.5	0.7996	0.8492	0	4	2	2	2	2	1
DN_NC_073244.2_17922158_4	DN_NC_073244.2_18232282_4	4	4	4	2	2	2	0.5	0.779	0.8413	0	3	2	2	2	1	1
DN_NC_073244.2_17922158_4	DN_NC_073244.2_18307855_4	4	4	4	2	2	2	0.5	0.8167	0.8333	0	4	2	2	2	2	2
DN_NC_073244.2_17922158_4	DN_NC_073244.2_18356684_4	4	4	4	2	2	2	0.5	0.7591	0.8016	0	3	2	2	2	1	1
DN_NC_073244.2_17922158_4	DN_NC_073244.2_18426035_4	4	4	4	2	2	2	0.5	0.7639	0.7857	0	4	2	2	2	2	0
DN_NC_073244.2_17922158_4	DN_NC_073244.2_18470484_4	4	4	4	2	2	2	0.5	0.7639	0.7857	0	4	3	2	2	2	0
DN_NC_073244.2_17922158_4	DN_NC_073244.2_18564507_4	4	4	4	2	2	2	0.5	0.7873	0.8413	0	4	2	2	2	1	1
DN_NC_073244.2_17922158_4	DN_NC_073244.2_18614963_5	4	5	4	2	2	2	0.5	0.7877	0.8254	0	4	2	2	2	2	1
DN_NC_073244.2_17922158_4	DN_NC_073244.2_26156853_4	4	4	4	2	2	2	0.5	0.7639	0.7778	0	4	2	2	2	2	0
DN_NC_073244.2_17922158_4	DN_NC_073244.2_8680135_4	4	4	4	1	1	1	0.25	0.8413	0.8413	1	2	1	1	1	1	1
DN_NC_073244.2_17922158_4	DN_NC_073244.2_8711681_4	4	4	4	1	1	1	0.25	0.8095	0.8095	1	2	1	1	1	1	1
DN_NC_073244.2_17960497_4	DN_NC_073244.2_17994654_4	4	4	4	3	3	3	0.75	0.8787	0.9286	0	3	3	3	3	3	3
DN_NC_073244.2_17960497_4	DN_NC_073244.2_18045307_2	4	2	2	0	0	0	0.0	0.0	0.0	0	2	2	1	0	0	0
DN_NC_073244.2_17960497_4	DN_NC_073244.2_18047026_4	4	4	4	3	3	3	0.75	0.765	0.8413	0	4	4	3	3	1	1
DN_NC_073244.2_17960497_4	DN_NC_073244.2_18096775_3	4	3	3	2	2	2	0.6667	0.7988	0.8537	0	3	3	2	2	1	1
DN_NC_073244.2_17960497_4	DN_NC_073244.2_18124175_2	4	2	2	0	0	0	0.0	0.0	0.0	0	2	1	1	0	0	0
DN_NC_073244.2_17960497_4	DN_NC_073244.2_18201516_4	4	4	4	2	2	2	0.5	0.7873	0.8413	0	4	3	2	2	1	1
DN_NC_073244.2_17960497_4	DN_NC_073244.2_18307855_4	4	4	4	2	2	2	0.5	0.7833	0.8333	0	4	3	3	2	1	1
DN_NC_073244.2_17960497_4	DN_NC_073244.2_18356684_4	4	4	4	1	1	1	0.25	0.8016	0.8016	1	4	4	2	1	1	1
DN_NC_073244.2_17960497_4	DN_NC_073244.2_18385030_4	4	4	4	2	2	2	0.5	0.7591	0.8016	0	4	3	2	2	1	1
DN_NC_073244.2_17960497_4	DN_NC_073244.2_18426035_4	4	4	4	2	2	2	0.5	0.7635	0.8016	0	3	2	2	2	1	1
DN_NC_073244.2_17960497_4	DN_NC_073244.2_18470484_4	4	4	4	2	2	2	0.5	0.7635	0.8016	0	4	3	3	2	1	1
DN_NC_073244.2_17960497_4	DN_NC_073244.2_18564507_4	4	4	4	2	2	2	0.5	0.771	0.8254	0	4	4	2	2	1	1
DN_NC_073244.2_17960497_4	DN_NC_073244.2_18614963_5	4	5	4	2	2	2	0.5	0.7591	0.8016	0	3	2	2	2	1	1
DN_NC_073244.2_17960497_4	DN_NC_073244.2_26156853_4	4	4	4	2	2	2	0.5	0.7389	0.7778	0	4	3	3	2	1	0
DN_NC_073244.2_17960497_4	DN_NC_073244.2_8619131_4	4	4	4	1	1	1	0.25	0.8095	0.8095	1	2	2	1	1	1	1
DN_NC_073244.2_17960497_4	DN_NC_073244.2_8711681_4	4	4	4	1	1	1	0.25	0.7937	0.7937	1	3	2	1	1	1	0
DN_NC_073244.2_17994654_4	DN_NC_073244.2_18047026_4	4	4	4	2	2	2	0.5	0.8	0.8333	0	3	2	2	2	2	1
DN_NC_073244.2_17994654_4	DN_NC_073244.2_18096775_3	4	3	3	1	1	1	0.3333	0.8374	0.8374	1	2	1	1	1	1	1
DN_NC_073244.2_17994654_4	DN_NC_073244.2_18201516_4	4	4	4	2	2	2	0.5	0.804	0.8413	0	4	3	2	2	2	1
DN_NC_073244.2_17994654_4	DN_NC_073244.2_18232282_4	4	4	4	2	2	2	0.5	0.7913	0.8492	0	2	2	2	2	1	1
DN_NC_073244.2_17994654_4	DN_NC_073244.2_18307855_4	4	4	4	2	2	2	0.5	0.8127	0.8254	0	4	3	2	2	2	2
DN_NC_073244.2_17994654_4	DN_NC_073244.2_18356684_4	4	4	4	2	2	2	0.5	0.7552	0.7937	0	3	2	2	2	1	0
DN_NC_073244.2_17994654_4	DN_NC_073244.2_18470484_4	4	4	4	2	2	2	0.5	0.7679	0.7937	0	4	3	2	2	2	0
DN_NC_073244.2_17994654_4	DN_NC_073244.2_8711681_4	4	4	4	1	1	1	0.25	0.8016	0.8095	1	2	1	1	1	1	1
DN_NC_073244.2_18045307_2	DN_NC_073244.2_18047026_4	2	4	2	2	2	2	1.0	1.0	1.0	0	2	2	2	2	2	2
DN_NC_073244.2_18045307_2	DN_NC_073244.2_18096775_3	2	3	2	0	0	0	0.0	0.0	0.0	0	2	2	2	0	0	0
DN_NC_073244.2_18045307_2	DN_NC_073244.2_18201516_4	2	4	2	0	0	0	0.0	0.0	0.0	0	2	1	0	0	0	0
DN_NC_073244.2_18045307_2	DN_NC_073244.2_18232282_4	2	4	2	0	0	0	0.0	0.0	0.0	0	1	0	0	0	0	0
DN_NC_073244.2_18045307_2	DN_NC_073244.2_18307855_4	2	4	2	0	0	0	0.0	0.0	0.0	0	2	1	0	0	0	0
DN_NC_073244.2_18045307_2	DN_NC_073244.2_18356684_4	2	4	2	0	0	0	0.0	0.0	0.0	0	2	1	0	0	0	0
DN_NC_073244.2_18045307_2	DN_NC_073244.2_18385030_4	2	4	2	0	0	0	0.0	0.0	0.0	0	2	0	0	0	0	0
DN_NC_073244.2_18045307_2	DN_NC_073244.2_18426035_4	2	4	2	0	0	0	0.0	0.0	0.0	0	2	0	0	0	0	0
DN_NC_073244.2_18045307_2	DN_NC_073244.2_18470484_4	2	4	2	0	0	0	0.0	0.0	0.0	0	2	1	0	0	0	0
DN_NC_073244.2_18045307_2	DN_NC_073244.2_18564507_4	2	4	2	0	0	0	0.0	0.0	0.0	0	2	0	0	0	0	0
DN_NC_073244.2_18045307_2	DN_NC_073244.2_18649721_4	2	4	2	0	0	0	0.0	0.0	0.0	0	2	1	0	0	0	0
DN_NC_073244.2_18045307_2	DN_NC_073244.2_26156853_4	2	4	2	0	0	0	0.0	0.0	0.0	0	2	0	0	0	0	0
DN_NC_073244.2_18045307_2	DN_NC_073244.2_8711681_4	2	4	2	0	0	0	0.0	0.0	0.0	0	1	0	0	0	0	0
DN_NC_073244.2_18047026_4	DN_NC_073244.2_18096775_3	4	3	3	2	2	2	0.6667	0.8087	0.8618	0	3	3	3	2	2	1
DN_NC_073244.2_18047026_4	DN_NC_073244.2_18201516_4	4	4	4	2	2	2	0.5	0.7992	0.8651	0	4	3	3	2	1	1
DN_NC_073244.2_18047026_4	DN_NC_073244.2_18307855_4	4	4	4	2	2	2	0.5	0.8238	0.881	0	4	3	3	2	2	1
DN_NC_073244.2_18047026_4	DN_NC_073244.2_18356684_4	4	4	4	2	2	2	0.5	0.7746	0.8492	0	4	3	3	2	1	1
DN_NC_073244.2_18047026_4	DN_NC_073244.2_18385030_4	4	4	4	2	2	2	0.5	0.7706	0.8413	0	3	2	2	2	1	1
DN_NC_073244.2_18047026_4	DN_NC_073244.2_18426035_4	4	4	4	2	2	2	0.5	0.7746	0.8492	0	3	2	2	2	1	1
DN_NC_073244.2_18047026_4	DN_NC_073244.2_18470484_4	4	4	4	2	2	2	0.5	0.7746	0.8492	0	4	3	3	2	1	1
DN_NC_073244.2_18047026_4	DN_NC_073244.2_18564507_4	4	4	4	2	2	2	0.5	0.7948	0.873	0	4	3	3	2	1	1
DN_NC_073244.2_18047026_4	DN_NC_073244.2_18614963_5	4	5	4	2	2	2	0.5	0.775	0.8333	0	3	2	2	2	1	1
DN_NC_073244.2_18047026_4	DN_NC_073244.2_18649721_4	4	4	4	1	1	1	0.25	0.8571	0.8571	1	4	3	3	1	1	1
DN_NC_073244.2_18047026_4	DN_NC_073244.2_26156853_4	4	4	4	1	1	1	0.25	0.8413	0.8413	1	3	2	2	1	1	1
DN_NC_073244.2_18047026_4	DN_NC_073244.2_8619131_4	4	4	4	1	1	1	0.25	0.8175	0.8175	1	2	2	1	1	1	1
DN_NC_073244.2_18047026_4	DN_NC_073244.2_8711681_4	4	4	4	1	1	1	0.25	0.8095	0.8095	1	3	2	1	1	1	1
DN_NC_073244.2_18096775_3	DN_NC_073244.2_18124193_3	3	3	3	1	1	1	0.3333	0.8943	0.8943	1	3	2	2	1	1	1
DN_NC_073244.2_18096775_3	DN_NC_073244.2_18201516_4	3	4	3	1	1	1	0.3333	0.9024	0.9024	1	3	2	2	1	1	1
DN_NC_073244.2_18096775_3	DN_NC_073244.2_18232282_4	3	4	3	1	1	1	0.3333	0.8374	0.8374	1	2	2	2	1	1	1
DN_NC_073244.2_18096775_3	DN_NC_073244.2_18307855_4	3	4	3	1	1	1	0.3333	0.8374	0.8374	1	3	2	1	1	1	1
DN_NC_073244.2_18096775_3	DN_NC_073244.2_18356684_4	3	4	3	1	1	1	0.3333	0.813	0.813	1	3	2	1	1	1	1
DN_NC_073244.2_18096775_3	DN_NC_073244.2_18385030_4	3	4	3	1	1	1	0.3333	0.8049	0.8049	1	2	2	1	1	1	1
DN_NC_073244.2_18096775_3	DN_NC_073244.2_18426035_4	3	4	3	1	1	1	0.3333	0.8211	0.8211	1	2	1	1	1	1	1
DN_NC_073244.2_18096775_3	DN_NC_073244.2_18470484_4	3	4	3	1	1	1	0.3333	0.8211	0.8211	1	3	2	2	1	1	1
DN_NC_073244.2_18096775_3	DN_NC_073244.2_18564507_4	3	4	3	1	1	1	0.3333	0.8455	0.8455	1	3	2	1	1	1	1
DN_NC_073244.2_18096775_3	DN_NC_073244.2_18614963_5	3	5	3	1	1	1	0.3333	0.8049	0.8049	1	2	1	1	1	1	1
DN_NC_073244.2_18096775_3	DN_NC_073244.2_18649721_4	3	4	3	1	1	1	0.3333	0.8537	0.8537	1	3	2	1	1	1	1
DN_NC_073244.2_18096775_3	DN_NC_073244.2_26156853_4	3	4	3	1	1	1	0.3333	0.7805	0.7805	1	3	2	2	1	1	0
DN_NC_073244.2_18096775_3	DN_NC_073244.2_8619131_4	3	4	3	1	1	1	0.3333	0.813	0.813	1	2	2	1	1	1	1
DN_NC_073244.2_18096775_3	DN_NC_073244.2_8680135_4	3	4	3	1	1	1	0.3333	0.8211	0.8211	1	3	1	1	1	1	1
DN_NC_073244.2_18096775_3	DN_NC_073244.2_8711681_4	3	4	3	1	1	1	0.3333	0.7724	0.7724	1	3	2	1	1	1	0
DN_NC_073244.2_18124175_2	DN_NC_073244.2_18201516_4	2	4	2	0	0	0	0.0	0.0	0.0	0	2	1	0	0	0	0
DN_NC_073244.2_18124175_2	DN_NC_073244.2_18307855_4	2	4	2	0	0	0	0.0	0.0	0.0	0	2	0	0	0	0	0
DN_NC_073244.2_18124175_2	DN_NC_073244.2_18426035_4	2	4	2	0	0	0	0.0	0.0	0.0	0	2	0	0	0	0	0
DN_NC_073244.2_18124175_2	DN_NC_073244.2_18614963_5	2	5	2	0	0	0	0.0	0.0	0.0	0	2	0	0	0	0	0
DN_NC_073244.2_18124175_2	DN_NC_073244.2_18649721_4	2	4	2	0	0	0	0.0	0.0	0.0	0	1	1	0	0	0	0
DN_NC_073244.2_18124175_2	DN_NC_073244.2_26156853_4	2	4	2	0	0	0	0.0	0.0	0.0	0	2	0	0	0	0	0
DN_NC_073244.2_18124193_3	DN_NC_073244.2_18470484_4	3	4	3	1	1	1	0.3333	0.8413	0.8413	1	3	2	1	1	1	1
DN_NC_073244.2_18201516_4	DN_NC_073244.2_18232282_4	4	4	4	2	2	2	0.5	0.8286	0.8571	0	3	2	2	2	2	2
DN_NC_073244.2_18201516_4	DN_NC_073244.2_18307855_4	4	4	4	2	2	2	0.5	0.7948	0.873	0	4	3	2	2	1	1
DN_NC_073244.2_18201516_4	DN_NC_073244.2_18356684_4	4	4	4	2	2	2	0.5	0.7833	0.8333	0	4	3	2	2	2	1
DN_NC_073244.2_18201516_4	DN_NC_073244.2_18385030_4	4	4	4	2	2	2	0.5	0.7786	0.8571	0	4	2	2	2	1	1
DN_NC_073244.2_18201516_4	DN_NC_073244.2_18426035_4	4	4	4	2	2	2	0.5	0.8083	0.8333	0	4	4	2	2	2	2
DN_NC_073244.2_18201516_4	DN_NC_073244.2_18470484_4	4	4	4	2	2	2	0.5	0.8083	0.8333	0	4	3	2	2	2	2
DN_NC_073244.2_18201516_4	DN_NC_073244.2_18564507_4	4	4	4	2	2	2	0.5	0.8075	0.8651	0	4	4	3	2	2	1
DN_NC_073244.2_18201516_4	DN_NC_073244.2_18649721_4	4	4	4	2	2	2	0.5	0.8202	0.8571	0	4	3	2	2	2	1
DN_NC_073244.2_18201516_4	DN_NC_073244.2_8680135_4	4	4	4	1	1	1	0.25	0.8254	0.8254	1	3	1	1	1	1	1
DN_NC_073244.2_18201516_4	DN_NC_073244.2_8711681_4	4	4	4	1	1	1	0.25	0.7937	0.7937	1	3	2	1	1	1	0
DN_NC_073244.2_18232282_4	DN_NC_073244.2_18307855_4	4	4	4	2	2	2	0.5	0.7829	0.8571	0	3	2	2	2	2	1
DN_NC_073244.2_18232282_4	DN_NC_073244.2_18385030_4	4	4	4	2	2	2	0.5	0.7794	0.8333	0	2	2	2	2	2	1
DN_NC_073244.2_18232282_4	DN_NC_073244.2_18564507_4	4	4	4	2	2	2	0.5	0.8115	0.873	0	4	3	3	2	2	1
DN_NC_073244.2_18232282_4	DN_NC_073244.2_18614963_5	4	5	4	2	2	2	0.5	0.7877	0.8254	0	3	3	2	2	2	1
DN_NC_073244.2_18232282_4	DN_NC_073244.2_18649721_4	4	4	4	2	2	2	0.5	0.8163	0.8492	0	3	3	3	2	2	1
DN_NC_073244.2_18232282_4	DN_NC_073244.2_8619131_4	4	4	4	1	1	1	0.25	0.8492	0.8492	1	2	1	1	1	1	1
DN_NC_073244.2_18232282_4	DN_NC_073244.2_8680135_4	4	4	4	1	1	1	0.25	0.8571	0.8571	1	2	2	1	1	1	1
DN_NC_073244.2_18232282_4	DN_NC_073244.2_8711681_4	4	4	4	1	1	1	0.25	0.8016	0.8016	1	2	2	1	1	1	1
DN_NC_073244.2_18307855_4	DN_NC_073244.2_18356684_4	4	4	4	4	4	4	1.0	0.7915	0.9127	0	4	4	4	4	2	2
DN_NC_073244.2_18307855_4	DN_NC_073244.2_18385030_4	4	4	4	2	2	2	0.5	0.8687	0.9206	0	4	4	4	2	2	2
DN_NC_073244.2_18307855_4	DN_NC_073244.2_18426035_4	4	4	4	2	2	2	0.5	0.8532	0.873	0	4	4	4	2	2	2
DN_NC_073244.2_18307855_4	DN_NC_073244.2_18470484_4	4	4	4	4	4	4	1.0	0.784	0.873	0	4	4	4	4	2	2
DN_NC_073244.2_18307855_4	DN_NC_073244.2_18564507_4	4	4	4	2	2	2	0.5	0.8317	0.8968	0	4	4	2	2	2	1
DN_NC_073244.2_18307855_4	DN_NC_073244.2_18649721_4	4	4	4	2	2	2	0.5	0.7913	0.8492	0	4	3	2	2	1	1
DN_NC_073244.2_18307855_4	DN_NC_073244.2_8680135_4	4	4	4	1	1	1	0.25	0.8095	0.8175	1	3	1	1	1	1	1
DN_NC_073244.2_18307855_4	DN_NC_073244.2_8711681_4	4	4	4	1	1	1	0.25	0.7937	0.7937	1	1	1	1	1	1	0
DN_NC_073244.2_18356684_4	DN_NC_073244.2_18385030_4	4	4	4	3	3	3	0.75	0.8031	0.873	0	4	4	4	3	2	2
DN_NC_073244.2_18356684_4	DN_NC_073244.2_18426035_4	4	4	4	3	3	3	0.75	0.795	0.8413	0	3	3	3	3	2	2
DN_NC_073244.2_18356684_4	DN_NC_073244.2_18470484_4	4	4	4	4	4	4	1.0	0.7832	0.8413	0	4	4	4	4	2	2
DN_NC_073244.2_18356684_4	DN_NC_073244.2_18564507_4	4	4	4	2	2	2	0.5	0.796	0.8254	0	4	3	2	2	2	1
DN_NC_073244.2_18356684_4	DN_NC_073244.2_18614963_5	4	5	4	2	2	2	0.5	0.7758	0.8016	0	3	2	2	2	2	1
DN_NC_073244.2_18356684_4	DN_NC_073244.2_18649721_4	4	4	4	2	2	2	0.5	0.8044	0.8254	0	4	3	2	2	2	1
DN_NC_073244.2_18356684_4	DN_NC_073244.2_26156853_4	4	4	4	2	2	2	0.5	0.7552	0.7937	0	3	2	2	2	1	0
DN_NC_073244.2_18356684_4	DN_NC_073244.2_8680135_4	4	4	4	1	1	1	0.25	0.7857	0.7937	1	3	1	1	1	1	0
DN_NC_073244.2_18356684_4	DN_NC_073244.2_8711681_4	4	4	4	1	1	1	0.25	0.754	0.754	1	3	2	1	1	1	0
DN_NC_073244.2_18385030_4	DN_NC_073244.2_18426035_4	4	4	4	2	2	2	0.5	0.8329	0.8492	0	4	4	4	2	2	2
DN_NC_073244.2_18385030_4	DN_NC_073244.2_18470484_4	4	4	4	3	3	3	0.75	0.7988	0.8492	0	4	4	4	3	2	2
DN_NC_073244.2_18385030_4	DN_NC_073244.2_18564507_4	4	4	4	2	2	2	0.5	0.7996	0.8492	0	4	2	2	2	2	1
DN_NC_073244.2_18385030_4	DN_NC_073244.2_18649721_4	4	4	4	2	2	2	0.5	0.7921	0.8175	0	4	4	2	2	2	1
DN_NC_073244.2_18426035_4	DN_NC_073244.2_18470484_4	4	4	4	4	4	4	1.0	0.951	1.0	0	4	4	4	4	4	4
DN_NC_073244.2_18426035_4	DN_NC_073244.2_18564507_4	4	4	4	2	2	2	0.5	0.7996	0.8492	0	4	3	2	2	2	1
DN_NC_073244.2_18426035_4	DN_NC_073244.2_18614963_5	4	5	4	2	2	2	0.5	0.8004	0.8175	0	4	2	2	2	2	1
DN_NC_073244.2_18426035_4	DN_NC_073244.2_18649721_4	4	4	4	2	2	2	0.5	0.796	0.8254	0	4	3	2	2	2	1
DN_NC_073244.2_18426035_4	DN_NC_073244.2_8711681_4	4	4	4	1	1	1	0.25	0.8016	0.8016	1	1	1	1	1	1	1
DN_NC_073244.2_18470484_4	DN_NC_073244.2_18564507_4	4	4	4	2	2	2	0.5	0.7996	0.8492	0	4	4	2	2	2	1
DN_NC_073244.2_18470484_4	DN_NC_073244.2_18614963_5	4	5	4	2	2	2	0.5	0.8004	0.8175	0	3	2	2	2	2	1
DN_NC_073244.2_18470484_4	DN_NC_073244.2_18649721_4	4	4	4	2	2	2	0.5	0.796	0.8254	0	4	3	2	2	2	1
DN_NC_073244.2_18470484_4	DN_NC_073244.2_26156853_4	4	4	4	2	2	2	0.5	0.7798	0.8095	0	4	3	2	2	2	1
DN_NC_073244.2_18470484_4	DN_NC_073244.2_8680135_4	4	4	4	1	1	1	0.25	0.8095	0.8095	1	3	1	1	1	1	1
DN_NC_073244.2_18564507_4	DN_NC_073244.2_18614963_5	4	5	4	2	2	2	0.5	0.8119	0.8571	0	4	2	2	2	2	1
DN_NC_073244.2_18564507_4	DN_NC_073244.2_18649721_4	4	4	4	2	2	2	0.5	0.779	0.8413	0	4	4	2	2	1	1
DN_NC_073244.2_18564507_4	DN_NC_073244.2_26156853_4	4	4	4	2	2	2	0.5	0.8246	0.8492	0	4	4	2	2	2	2
DN_NC_073244.2_18564507_4	DN_NC_073244.2_8680135_4	4	4	4	1	1	1	0.25	0.8492	0.8492	1	3	1	1	1	1	1
DN_NC_073244.2_18564507_4	DN_NC_073244.2_8711681_4	4	4	4	1	1	1	0.25	0.8095	0.8095	1	3	2	1	1	1	1
DN_NC_073244.2_18614963_5	DN_NC_073244.2_18649721_4	5	4	4	2	2	2	0.5	0.8298	0.85	0	4	2	2	2	2	2
DN_NC_073244.2_18614963_5	DN_NC_073244.2_8680135_4	5	4	4	1	1	1	0.25	0.8254	0.8333	1	2	1	1	1	1	1
DN_NC_073244.2_18614963_5	DN_NC_086017.1_50362387_6	5	6	5	0	0	0	0.0	0.0	0.0	0	2	0	0	0	0	0
DN_NC_073244.2_18649721_4	DN_NC_073244.2_26156853_4	4	4	4	2	2	2	0.5	0.7798	0.8175	0	4	4	2	2	2	1
DN_NC_073244.2_18649721_4	DN_NC_073244.2_8680135_4	4	4	4	1	1	1	0.25	0.8175	0.8175	1	3	1	1	1	1	1
DN_NC_073244.2_18649721_4	DN_NC_073244.2_8711681_4	4	4	4	1	1	1	0.25	0.7698	0.7698	1	3	2	1	1	1	0
DN_NC_073244.2_20723155_12	DN_NC_073244.2_45796040_6	12	6	6	1	1	1	0.1667	0.7	0.7	1	4	2	1	1	0	0
DN_NC_073244.2_20723155_12	DN_NC_073244.2_8594978_5	12	5	5	1	2	2	0.4	0.7425	0.7778	1	4	1	1	1	1	0
DN_NC_073244.2_24302535_5	DN_NC_086017.1_48397256_6	5	6	5	0	0	0	0.0	0.0	0.0	0	2	0	0	0	0	0
DN_NC_073244.2_26156853_4	DN_NC_073244.2_8680135_4	4	4	4	1	1	1	0.25	0.8254	0.8254	1	2	1	1	1	1	1
DN_NC_073244.2_26156853_4	DN_NC_073244.2_8711681_4	4	4	4	1	1	1	0.25	0.7698	0.7698	1	2	1	1	1	1	0
DN_NC_073244.2_26240035_4	DN_NC_073244.2_26470366_4	4	4	4	2	2	2	0.5	0.7758	0.7937	0	4	4	2	2	2	0
DN_NC_073244.2_26240035_4	DN_NC_073244.2_26666712_5	4	5	4	3	3	3	0.75	0.8776	0.9365	0	4	3	3	3	3	3
DN_NC_073244.2_26240035_4	DN_NC_073244.2_27051998_4	4	4	4	4	4	4	1.0	0.8428	0.9603	0	4	4	4	4	3	2
DN_NC_073244.2_26240035_4	DN_NC_073244.2_27285351_4	4	4	4	3	3	3	0.75	0.8668	0.9365	0	4	4	4	3	3	3
DN_NC_073244.2_26240035_4	DN_NC_073244.2_27566430_5	4	5	4	4	4	4	1.0	0.7813	0.8651	0	4	4	4	4	2	2
DN_NC_073244.2_26240035_4	DN_NC_073244.2_27765726_4	4	4	4	4	4	4	1.0	0.8181	0.8889	0	4	4	4	4	3	3
DN_NC_073244.2_26240035_4	DN_NC_073244.2_27869273_3	4	3	3	1	1	1	0.3333	0.7579	0.7579	1	3	3	3	1	1	0
DN_NC_073244.2_26240035_4	DN_NC_073244.2_28072858_4	4	4	4	3	3	3	0.75	0.7809	0.881	0	4	4	3	3	1	1
DN_NC_073244.2_26240035_4	DN_NC_073244.2_28588105_4	4	4	4	3	3	3	0.75	0.8633	0.9048	0	4	4	4	3	3	3
DN_NC_073244.2_26240035_4	DN_NC_073244.2_28711447_4	4	5	4	3	3	3	0.75	0.8242	0.9048	0	4	4	4	3	3	1
DN_NC_073244.2_26240035_4	DN_NC_073244.2_29046961_4	4	4	4	3	3	3	0.75	0.8367	0.873	0	4	4	4	3	3	3
DN_NC_073244.2_26240035_4	DN_NC_073244.2_29232445_4	4	4	4	3	3	3	0.75	0.7994	0.8889	0	3	3	3	3	2	1
DN_NC_073244.2_26240035_4	DN_NC_073244.2_64426370_6	4	6	4	1	1	1	0.25	0.746	0.754	1	2	1	1	1	1	0
DN_NC_073244.2_26240035_4	DN_NC_073244.2_65326089_4	4	4	4	1	1	1	0.25	0.8095	0.8095	1	2	1	1	1	1	1
DN_NC_073244.2_26240039_2	DN_NC_073244.2_26314241_4	2	4	2	2	2	2	1.0	0.768	0.7888	0	2	2	2	2	1	0
DN_NC_073244.2_26240039_2	DN_NC_073244.2_26901109_4	2	4	2	1	1	1	0.5	0.8092	0.8092	1	2	2	2	1	1	1
DN_NC_073244.2_26240039_2	DN_NC_073244.2_27131194_2	2	2	2	2	2	2	1.0	0.7376	0.7554	0	2	2	2	2	1	0
DN_NC_073244.2_26240039_2	DN_NC_073244.2_27408454_4	2	4	2	1	1	1	0.5	0.8239	0.8239	1	2	2	2	1	1	1
DN_NC_073244.2_26240039_2	DN_NC_073244.2_27504818_5	2	5	2	1	1	1	0.5	0.828	0.828	1	2	2	2	1	1	1
DN_NC_073244.2_26240039_2	DN_NC_073244.2_27956158_2	2	2	2	1	1	1	0.5	0.7784	0.7784	1	2	2	2	1	1	0
DN_NC_073244.2_26240039_2	DN_NC_073244.2_28256975_5	2	5	2	1	1	1	0.5	0.8226	0.8226	1	2	2	2	1	1	1
DN_NC_073244.2_26240039_2	DN_NC_073244.2_28333451_4	2	4	2	0	0	0	0.0	0.0	0.0	0	2	2	1	0	0	0
DN_NC_073244.2_26240039_2	DN_NC_073244.2_28820229_4	2	4	2	0	0	0	0.0	0.0	0.0	0	1	1	1	0	0	0
DN_NC_073244.2_26240039_2	DN_NC_073244.2_29297022_4	2	4	2	1	1	1	0.5	0.7903	0.7903	1	2	2	2	1	1	0
DN_NC_073244.2_26240039_2	DN_NC_073244.2_29557605_4	2	4	2	1	1	1	0.5	0.8065	0.8065	1	2	2	2	1	1	1
DN_NC_073244.2_26240039_2	DN_NC_073244.2_29680825_4	2	4	2	1	1	1	0.5	0.8333	0.8333	1	2	2	2	1	1	1
DN_NC_073244.2_26240039_2	DN_NC_073244.2_29970261_4	2	4	2	2	2	2	1.0	0.7555	0.7935	0	2	2	2	2	1	0
DN_NC_073244.2_26240039_2	DN_NC_073244.2_30067652_4	2	4	2	2	2	2	1.0	0.7535	0.7957	0	2	2	2	2	1	0
DN_NC_073244.2_26240039_2	DN_NC_073244.2_30090650_6	2	6	2	1	1	1	0.5	0.7113	0.7113	1	2	2	1	1	0	0
DN_NC_073244.2_26240039_2	DN_NC_073244.2_30438340_4	2	4	2	1	1	1	0.5	0.8118	0.8118	1	2	2	2	1	1	1
DN_NC_073244.2_26240039_2	DN_NC_073244.2_64034715_7	2	7	2	0	0	0	0.0	0.0	0.0	0	2	0	0	0	0	0
DN_NC_073244.2_26240039_2	DN_NC_073244.2_64585864_4	2	4	2	0	0	0	0.0	0.0	0.0	0	2	0	0	0	0	0
DN_NC_073244.2_26240039_2	DN_NC_073244.2_65293743_4	2	4	2	0	0	0	0.0	0.0	0.0	0	2	0	0	0	0	0
DN_NC_073244.2_26240039_2	DN_NC_073244.2_65362909_5	2	5	2	0	0	0	0.0	0.0	0.0	0	2	0	0	0	0	0
DN_NC_073244.2_26314241_4	DN_NC_073244.2_26470366_4	4	4	4	2	2	2	0.5	0.7771	0.7857	0	4	4	2	2	2	0
DN_NC_073244.2_26314241_4	DN_NC_073244.2_26666712_5	4	5	4	3	3	3	0.75	0.8864	0.9444	0	3	3	3	3	3	3
DN_NC_073244.2_26314241_4	DN_NC_073244.2_26901109_4	4	4	4	2	2	2	0.5	0.8474	0.9053	0	3	3	3	2	2	1
DN_NC_073244.2_26314241_4	DN_NC_073244.2_27051998_4	4	4	4	4	4	4	1.0	0.8524	0.9762	0	4	4	4	4	4	2
DN_NC_073244.2_26314241_4	DN_NC_073244.2_27131194_2	4	2	2	2	2	2	1.0	0.7581	0.7965	0	2	2	2	2	1	0
DN_NC_073244.2_26314241_4	DN_NC_073244.2_27285351_4	4	4	4	3	3	3	0.75	0.8671	0.9524	0	4	4	3	3	3	2
DN_NC_073244.2_26314241_4	DN_NC_073244.2_27408454_4	4	4	4	3	3	3	0.75	0.8398	0.9206	0	4	4	4	3	3	2
DN_NC_073244.2_26314241_4	DN_NC_073244.2_27504818_5	4	5	4	4	4	4	1.0	0.793	0.873	0	4	4	4	4	3	2
DN_NC_073244.2_26314241_4	DN_NC_073244.2_27626411_5	4	5	4	4	4	4	1.0	0.7933	0.8651	0	4	4	4	4	3	2
DN_NC_073244.2_26314241_4	DN_NC_073244.2_27765726_4	4	4	4	4	4	4	1.0	0.7999	0.8889	0	4	4	4	4	3	2
DN_NC_073244.2_26314241_4	DN_NC_073244.2_27869273_3	4	3	3	1	1	1	0.3333	0.7895	0.7895	1	3	3	3	1	1	0
DN_NC_073244.2_26314241_4	DN_NC_073244.2_27956158_2	4	2	2	2	2	2	1.0	0.7447	0.7676	0	2	2	2	2	1	0
DN_NC_073244.2_26314241_4	DN_NC_073244.2_28072858_4	4	4	4	2	2	2	0.5	0.8089	0.881	0	4	4	3	2	1	1
DN_NC_073244.2_26314241_4	DN_NC_073244.2_28256975_5	4	5	4	3	3	3	0.75	0.829	0.8651	0	4	4	4	3	3	2
DN_NC_073244.2_26314241_4	DN_NC_073244.2_28333451_4	4	4	4	2	2	2	0.5	0.8629	0.9048	0	4	4	3	2	2	2
DN_NC_073244.2_26314241_4	DN_NC_073244.2_28588105_4	4	4	4	4	4	4	1.0	0.8284	0.9127	0	4	4	4	4	3	2
DN_NC_073244.2_26314241_4	DN_NC_073244.2_28711447_4	4	5	4	3	3	3	0.75	0.8098	0.8968	0	4	4	4	3	3	1
DN_NC_073244.2_26314241_4	DN_NC_073244.2_28820229_4	4	4	4	2	2	2	0.5	0.8524	0.9048	0	4	4	4	2	2	2
DN_NC_073244.2_26314241_4	DN_NC_073244.2_29046961_4	4	4	4	3	3	3	0.75	0.8338	0.881	0	4	4	4	3	3	2
DN_NC_073244.2_26314241_4	DN_NC_073244.2_29232445_4	4	4	4	3	3	3	0.75	0.8011	0.8968	0	3	3	3	3	2	2
DN_NC_073244.2_26314241_4	DN_NC_073244.2_29297022_4	4	4	4	3	3	3	0.75	0.7965	0.8889	0	4	4	4	3	2	1
DN_NC_073244.2_26314241_4	DN_NC_073244.2_29557605_4	4	4	4	3	3	3	0.75	0.8525	0.9048	0	4	4	4	3	3	3
DN_NC_073244.2_26314241_4	DN_NC_073244.2_29680825_2	4	2	2	1	1	1	0.5	0.7959	0.7959	1	2	2	2	1	1	0
DN_NC_073244.2_26314241_4	DN_NC_073244.2_29970261_4	4	4	4	4	4	4	1.0	0.8009	0.873	0	4	4	4	4	3	2
DN_NC_073244.2_26314241_4	DN_NC_073244.2_30067652_4	4	4	4	4	4	4	1.0	0.7998	0.9048	0	4	4	4	4	3	2
DN_NC_073244.2_26314241_4	DN_NC_073244.2_30090650_6	4	6	4	3	3	3	0.75	0.7505	0.7789	0	4	3	3	3	2	0
DN_NC_073244.2_26314241_4	DN_NC_073244.2_30438340_4	4	4	4	4	4	4	1.0	0.798	0.873	0	4	4	4	4	3	2
DN_NC_073244.2_26314241_4	DN_NC_073244.2_64034715_7	4	7	4	1	1	1	0.25	0.754	0.754	1	4	2	1	1	1	0
DN_NC_073244.2_26314241_4	DN_NC_073244.2_64231369_4	4	4	4	1	1	1	0.25	0.8254	0.8254	1	3	1	1	1	1	1
DN_NC_073244.2_26314241_4	DN_NC_073244.2_64400145_5	4	5	4	1	1	1	0.25	0.8016	0.8016	1	4	2	1	1	1	1
DN_NC_073244.2_26314241_4	DN_NC_073244.2_64500861_5	4	5	4	1	1	1	0.25	0.7381	0.746	1	3	1	1	1	0	0
DN_NC_073244.2_26314241_4	DN_NC_073244.2_64672255_4	4	4	4	1	1	1	0.25	0.746	0.754	1	2	1	1	1	1	0
DN_NC_073244.2_26314241_4	DN_NC_073244.2_64908457_4	4	4	4	1	1	1	0.25	0.7698	0.7698	1	3	1	1	1	1	0
DN_NC_073244.2_26314241_4	DN_NC_073244.2_65266359_4	4	4	4	1	1	1	0.25	0.7857	0.7857	1	2	1	1	1	1	0
DN_NC_073244.2_26314241_4	DN_NC_073244.2_65293743_4	4	4	4	1	1	1	0.25	0.8095	0.8095	1	2	1	1	1	1	1
DN_NC_073244.2_26314241_4	DN_NC_073244.2_65326089_4	4	4	4	1	1	1	0.25	0.8095	0.8095	1	2	1	1	1	1	1
DN_NC_073244.2_26314241_4	DN_NC_073244.2_65362909_5	4	5	4	1	1	1	0.25	0.7857	0.7857	1	3	1	1	1	1	0
DN_NC_073244.2_26314241_4	DN_NC_073244.2_65398487_4	4	4	4	1	1	1	0.25	0.8016	0.8016	1	2	1	1	1	1	1
DN_NC_073244.2_26470366_4	DN_NC_073244.2_26666712_5	4	5	4	2	2	2	0.5	0.7731	0.7778	0	4	3	2	2	2	0
DN_NC_073244.2_26470366_4	DN_NC_073244.2_26901109_4	4	4	4	1	1	1	0.25	0.7789	0.7895	1	3	3	1	1	1	0
DN_NC_073244.2_26470366_4	DN_NC_073244.2_27051998_4	4	4	4	2	2	2	0.5	0.7679	0.8095	0	4	4	4	2	1	1
DN_NC_073244.2_26470366_4	DN_NC_073244.2_27131194_2	4	2	2	0	0	0	0.0	0.0	0.0	0	2	2	0	0	0	0
DN_NC_073244.2_26470366_4	DN_NC_073244.2_27285351_4	4	4	4	2	2	2	0.5	0.7508	0.7857	0	4	4	3	2	1	0
DN_NC_073244.2_26470366_4	DN_NC_073244.2_27408454_4	4	4	4	2	2	2	0.5	0.8074	0.8254	0	4	4	3	2	2	1
DN_NC_073244.2_26470366_4	DN_NC_073244.2_27504818_5	4	5	4	2	2	2	0.5	0.822	0.8651	0	4	4	4	2	2	1
DN_NC_073244.2_26470366_4	DN_NC_073244.2_27566430_5	4	5	4	2	2	2	0.5	0.7984	0.881	0	4	4	4	2	1	1
DN_NC_073244.2_26470366_4	DN_NC_073244.2_27765726_4	4	4	4	3	3	3	0.75	0.7858	0.8333	0	4	4	4	3	2	2
DN_NC_073244.2_26470366_4	DN_NC_073244.2_27869273_3	4	3	3	1	1	1	0.3333	0.7789	0.7789	1	3	3	2	1	1	0
DN_NC_073244.2_26470366_4	DN_NC_073244.2_27956158_2	4	2	2	1	1	1	0.5	0.7027	0.7027	1	2	2	2	1	0	0
DN_NC_073244.2_26470366_4	DN_NC_073244.2_28072858_4	4	4	4	2	2	2	0.5	0.7759	0.8254	0	4	4	2	2	1	1
DN_NC_073244.2_26470366_4	DN_NC_073244.2_28256975_5	4	5	4	2	2	2	0.5	0.8391	0.8571	0	4	4	4	2	2	2
DN_NC_073244.2_26470366_4	DN_NC_073244.2_28333451_4	4	4	4	2	2	2	0.5	0.8009	0.8333	0	4	4	4	2	2	1
DN_NC_073244.2_26470366_4	DN_NC_073244.2_28588105_4	4	4	4	2	2	2	0.5	0.8245	0.8316	0	4	4	3	2	2	2
DN_NC_073244.2_26470366_4	DN_NC_073244.2_28711447_4	4	5	4	2	2	2	0.5	0.8141	0.8492	0	4	4	4	2	2	1
DN_NC_073244.2_26470366_4	DN_NC_073244.2_28820229_4	4	4	4	2	2	2	0.5	0.7864	0.8254	0	3	3	2	2	1	1
DN_NC_073244.2_26470366_4	DN_NC_073244.2_29046961_4	4	4	4	2	2	2	0.5	0.8206	0.8413	0	4	4	4	2	2	2
DN_NC_073244.2_26470366_4	DN_NC_073244.2_29232445_4	4	4	4	2	2	2	0.5	0.7982	0.8175	0	3	3	3	2	2	1
DN_NC_073244.2_26470366_4	DN_NC_073244.2_29297022_4	4	4	4	2	2	2	0.5	0.8036	0.8492	0	4	4	4	2	2	1
DN_NC_073244.2_26470366_4	DN_NC_073244.2_29557605_4	4	4	4	2	2	2	0.5	0.8312	0.8413	0	4	4	4	2	2	2
DN_NC_073244.2_26470366_4	DN_NC_073244.2_29680825_4	4	4	4	2	2	2	0.5	0.822	0.8651	0	4	4	4	2	2	1
DN_NC_073244.2_26470366_4	DN_NC_073244.2_29970261_4	4	4	4	3	3	3	0.75	0.7742	0.8254	0	4	4	4	3	2	1
DN_NC_073244.2_26470366_4	DN_NC_073244.2_30067652_4	4	4	4	3	3	3	0.75	0.7639	0.8413	0	4	4	4	3	1	1
DN_NC_073244.2_26470366_4	DN_NC_073244.2_30090650_6	4	6	4	2	2	2	0.5	0.747	0.7684	0	4	4	3	2	1	0
DN_NC_073244.2_26470366_4	DN_NC_073244.2_30438386_2	4	2	2	0	0	0	0.0	0.0	0.0	0	2	2	0	0	0	0
DN_NC_073244.2_26470366_4	DN_NC_073244.2_64034715_7	4	7	4	1	1	1	0.25	0.7937	0.7937	1	3	2	1	1	1	0
DN_NC_073244.2_26470366_4	DN_NC_073244.2_64125568_5	4	5	4	1	1	1	0.25	0.8095	0.8095	1	3	1	1	1	1	1
DN_NC_073244.2_26470366_4	DN_NC_073244.2_64426370_6	4	6	4	1	1	1	0.25	0.7857	0.7857	1	2	1	1	1	1	0
DN_NC_073244.2_26470366_4	DN_NC_073244.2_64797239_5	4	5	4	1	1	1	0.25	0.8016	0.8016	1	3	1	1	1	1	1
DN_NC_073244.2_26470366_4	DN_NC_073244.2_64860608_4	4	4	4	1	1	1	0.25	0.8016	0.8016	1	2	1	1	1	1	1
DN_NC_073244.2_26470366_4	DN_NC_073244.2_65293743_4	4	4	4	1	1	1	0.25	0.8016	0.8016	1	2	1	1	1	1	1
DN_NC_073244.2_26470366_4	DN_NC_073244.2_65326089_4	4	4	4	1	1	1	0.25	0.8016	0.8016	1	2	1	1	1	1	1
DN_NC_073244.2_26470366_4	DN_NC_073246.2_15789320_2	4	2	2	1	1	1	0.5	0.7081	0.7081	1	2	2	1	1	0	0
DN_NC_073244.2_26470366_4	DN_NC_086017.1_41849524_2	4	2	2	0	0	0	0.0	0.0	0.0	0	1	0	0	0	0	0
DN_NC_073244.2_26666712_5	DN_NC_073244.2_26901109_4	5	4	4	2	2	2	0.5	0.8831	0.9158	0	2	2	2	2	2	2
DN_NC_073244.2_26666712_5	DN_NC_073244.2_27051998_4	5	4	4	3	3	3	0.75	0.8895	0.9444	0	3	3	3	3	3	3
DN_NC_073244.2_26666712_5	DN_NC_073244.2_27131194_2	5	2	2	1	1	1	0.5	0.7551	0.7551	1	2	1	1	1	1	0
DN_NC_073244.2_26666712_5	DN_NC_073244.2_27285351_4	5	4	4	3	3	3	0.75	0.8955	0.9286	0	3	3	3	3	3	3
DN_NC_073244.2_26666712_5	DN_NC_073244.2_27408454_4	5	4	4	3	3	3	0.75	0.8445	0.8968	0	3	3	3	3	3	3
DN_NC_073244.2_26666712_5	DN_NC_073244.2_27504818_5	5	5	5	3	3	3	0.6	0.8344	0.8492	0	3	3	3	3	3	3
DN_NC_073244.2_26666712_5	DN_NC_073244.2_27566430_5	5	5	5	4	4	4	0.8	0.8166	0.8503	0	4	4	4	4	4	2
DN_NC_073244.2_26666712_5	DN_NC_073244.2_27765726_4	5	4	4	4	4	4	1.0	0.8309	0.873	0	4	4	4	4	4	3
DN_NC_073244.2_26666712_5	DN_NC_073244.2_27869273_3	5	3	3	2	2	2	0.6667	0.738	0.7684	0	3	2	2	2	1	0
DN_NC_073244.2_26666712_5	DN_NC_073244.2_27956158_4	5	4	4	4	4	4	1.0	0.8059	0.8651	0	4	4	4	4	4	2
DN_NC_073244.2_26666712_5	DN_NC_073244.2_28072858_4	5	4	4	3	3	3	0.75	0.7882	0.8651	0	4	3	3	3	2	1
DN_NC_073244.2_26666712_5	DN_NC_073244.2_28256975_5	5	5	5	3	3	3	0.6	0.8411	0.8503	0	3	3	3	3	3	3
DN_NC_073244.2_26666712_5	DN_NC_073244.2_28333451_4	5	4	4	2	2	2	0.5	0.8497	0.8889	0	2	2	2	2	2	2
DN_NC_073244.2_26666712_5	DN_NC_073244.2_28588105_4	5	4	4	3	3	3	0.75	0.8748	0.9206	0	3	3	3	3	3	3
DN_NC_073244.2_26666712_5	DN_NC_073244.2_28711447_4	5	5	5	3	3	3	0.6	0.827	0.8889	0	3	3	3	3	3	2
DN_NC_073244.2_26666712_5	DN_NC_073244.2_28820229_4	5	4	4	2	2	2	0.5	0.8299	0.881	0	3	3	3	2	2	1
DN_NC_073244.2_26666712_5	DN_NC_073244.2_29046961_4	5	4	4	3	3	3	0.75	0.8552	0.873	0	3	3	3	3	3	3
DN_NC_073244.2_26666712_5	DN_NC_073244.2_29232445_4	5	4	4	4	4	4	1.0	0.8113	0.881	0	4	4	4	4	3	3
DN_NC_073244.2_26666712_5	DN_NC_073244.2_29297022_4	5	4	4	3	3	3	0.75	0.8097	0.8889	0	3	3	3	3	3	1
DN_NC_073244.2_26666712_5	DN_NC_073244.2_29557605_4	5	4	4	3	3	3	0.75	0.8547	0.8889	0	4	3	3	3	3	3
DN_NC_073244.2_26666712_5	DN_NC_073244.2_29680825_2	5	2	2	1	1	1	0.5	0.8163	0.8163	1	1	1	1	1	1	1
DN_NC_073244.2_26666712_5	DN_NC_073244.2_29970261_4	5	4	4	4	4	4	1.0	0.828	0.8651	0	4	4	4	4	4	3
DN_NC_073244.2_26666712_5	DN_NC_073244.2_30067652_4	5	4	4	3	3	3	0.75	0.8402	0.8968	0	3	3	3	3	3	3
DN_NC_073244.2_26666712_5	DN_NC_073244.2_30438386_2	5	2	2	1	1	1	0.5	0.8435	0.8435	1	1	1	1	1	1	1
DN_NC_073244.2_26666712_5	DN_NC_073244.2_64125568_5	5	5	5	1	1	1	0.2	0.7698	0.7698	1	2	1	1	1	1	0
DN_NC_073244.2_26666712_5	DN_NC_073244.2_64724127_4	5	4	4	1	1	1	0.25	0.746	0.746	1	2	1	1	1	0	0
DN_NC_073244.2_26666712_5	DN_NC_073244.2_65046428_2	5	4	4	1	1	1	0.25	0.7917	0.7917	1	2	2	2	1	1	0
DN_NC_073244.2_26666712_5	DN_NC_073244.2_65293743_4	5	4	4	1	1	1	0.25	0.7937	0.7937	1	1	1	1	1	1	0
DN_NC_073244.2_26901109_4	DN_NC_073244.2_27051998_4	4	4	4	2	2	2	0.5	0.8651	0.8947	0	3	3	3	2	2	2
DN_NC_073244.2_26901109_4	DN_NC_073244.2_27131194_2	4	2	2	1	1	1	0.5	0.7368	0.7368	1	2	2	2	1	0	0
DN_NC_073244.2_26901109_4	DN_NC_073244.2_27285351_4	4	4	4	2	2	2	0.5	0.8526	0.8632	0	3	3	3	2	2	2
DN_NC_073244.2_26901109_4	DN_NC_073244.2_27408454_4	4	4	4	2	2	2	0.5	0.8178	0.8355	0	3	3	3	2	2	2
DN_NC_073244.2_26901109_4	DN_NC_073244.2_27504818_5	4	5	4	2	2	2	0.5	0.8178	0.8355	0	3	3	3	2	2	2
DN_NC_073244.2_26901109_4	DN_NC_073244.2_27626411_5	4	5	4	2	2	2	0.5	0.8105	0.8421	0	3	3	3	2	2	1
DN_NC_073244.2_26901109_4	DN_NC_073244.2_27765726_4	4	4	4	3	3	3	0.75	0.8121	0.8618	0	3	3	3	3	2	2
DN_NC_073244.2_26901109_4	DN_NC_073244.2_27869273_3	4	3	3	2	2	2	0.6667	0.7414	0.7789	0	3	3	3	2	1	0
DN_NC_073244.2_26901109_4	DN_NC_073244.2_27956158_2	4	2	2	2	2	2	1.0	0.7741	0.8026	0	2	2	2	2	1	1
DN_NC_073244.2_26901109_4	DN_NC_073244.2_28072858_4	4	4	4	2	2	2	0.5	0.7526	0.7684	0	3	3	2	2	1	0
DN_NC_073244.2_26901109_4	DN_NC_073244.2_28256975_5	4	5	4	2	2	2	0.5	0.8507	0.8526	0	3	3	3	2	2	2
DN_NC_073244.2_26901109_4	DN_NC_073244.2_28333451_4	4	4	4	1	1	1	0.25	0.8421	0.8421	1	3	3	3	1	1	1
DN_NC_073244.2_26901109_4	DN_NC_073244.2_28588105_4	4	4	4	2	2	2	0.5	0.8414	0.8737	0	3	3	3	2	2	2
DN_NC_073244.2_26901109_4	DN_NC_073244.2_28711447_2	4	2	2	1	1	1	0.5	0.8026	0.8026	1	2	2	2	1	1	1
DN_NC_073244.2_26901109_4	DN_NC_073244.2_28820229_4	4	4	4	1	1	1	0.25	0.7789	0.7789	1	3	3	3	1	1	0
DN_NC_073244.2_26901109_4	DN_NC_073244.2_29046961_4	4	4	4	2	2	2	0.5	0.8388	0.8421	0	3	3	3	2	2	2
DN_NC_073244.2_26901109_4	DN_NC_073244.2_29232445_4	4	4	4	3	3	3	0.75	0.7703	0.8105	0	3	3	3	3	2	1
DN_NC_073244.2_26901109_4	DN_NC_073244.2_29297022_4	4	4	4	2	2	2	0.5	0.7743	0.7789	0	3	3	3	2	2	0
DN_NC_073244.2_26901109_4	DN_NC_073244.2_29557605_4	4	4	4	3	3	3	0.75	0.7964	0.8526	0	3	3	3	3	2	2
DN_NC_073244.2_26901109_4	DN_NC_073244.2_29680825_4	4	4	4	2	2	2	0.5	0.8125	0.8355	0	3	3	3	2	2	1
DN_NC_073244.2_26901109_4	DN_NC_073244.2_29970261_4	4	4	4	3	3	3	0.75	0.8156	0.8487	0	3	3	3	3	3	2
DN_NC_073244.2_26901109_4	DN_NC_073244.2_30067652_4	4	4	4	2	2	2	0.5	0.8204	0.8316	0	3	3	3	2	2	2
DN_NC_073244.2_26901109_4	DN_NC_073244.2_30090650_6	4	6	4	2	2	2	0.5	0.7617	0.7789	0	3	2	2	2	1	0
DN_NC_073244.2_26901109_4	DN_NC_073244.2_30438340_4	4	4	4	2	2	2	0.5	0.8316	0.8421	0	3	3	3	2	2	2
DN_NC_073244.2_26901109_4	DN_NC_073244.2_64081943_4	4	4	4	0	0	0	0.0	0.0	0.0	0	2	0	0	0	0	0
DN_NC_073244.2_26901109_4	DN_NC_073244.2_64340366_4	4	4	4	0	0	0	0.0	0.0	0.0	0	3	1	0	0	0	0
DN_NC_073244.2_26901109_4	DN_NC_073244.2_64426370_6	4	6	4	0	0	0	0.0	0.0	0.0	0	3	1	0	0	0	0
DN_NC_073244.2_26901109_4	DN_NC_073244.2_64500861_5	4	5	4	0	0	0	0.0	0.0	0.0	0	3	0	0	0	0	0
DN_NC_073244.2_26901109_4	DN_NC_073244.2_64585864_4	4	4	4	0	0	0	0.0	0.0	0.0	0	3	1	0	0	0	0
DN_NC_073244.2_26901109_4	DN_NC_073244.2_64618758_7	4	7	4	1	1	1	0.25	0.7143	0.7143	1	3	2	1	1	0	0
DN_NC_073244.2_26901109_4	DN_NC_073244.2_64724127_4	4	4	4	0	0	0	0.0	0.0	0.0	0	2	0	0	0	0	0
DN_NC_073244.2_26901109_4	DN_NC_073244.2_64759228_5	4	5	4	1	1	1	0.25	0.7664	0.7664	1	4	2	1	1	1	0
DN_NC_073244.2_26901109_4	DN_NC_073244.2_64797239_5	4	5	4	1	1	1	0.25	0.7477	0.7477	1	4	2	1	1	0	0
DN_NC_073244.2_26901109_4	DN_NC_073244.2_64836827_4	4	4	4	0	0	0	0.0	0.0	0.0	0	3	0	0	0	0	0
DN_NC_073244.2_26901109_4	DN_NC_073244.2_64860608_4	4	4	4	0	0	0	0.0	0.0	0.0	0	3	0	0	0	0	0
DN_NC_073244.2_26901109_4	DN_NC_073244.2_64908457_4	4	4	4	0	0	0	0.0	0.0	0.0	0	3	1	0	0	0	0
DN_NC_073244.2_26901109_4	DN_NC_073244.2_65003440_7	4	7	4	0	0	0	0.0	0.0	0.0	0	4	1	0	0	0	0
DN_NC_073244.2_26901109_4	DN_NC_073244.2_65046428_2	4	4	4	0	0	0	0.0	0.0	0.0	0	2	1	0	0	0	0
DN_NC_073244.2_26901109_4	DN_NC_073244.2_65293743_4	4	4	4	0	0	0	0.0	0.0	0.0	0	3	1	0	0	0	0
DN_NC_073244.2_26901109_4	DN_NC_073244.2_65362909_5	4	5	4	1	1	1	0.25	0.785	0.785	1	3	2	1	1	1	0
DN_NC_073244.2_26901109_4	DN_NC_073246.2_15789285_3	4	3	3	0	0	0	0.0	0.0	0.0	0	3	1	0	0	0	0
DN_NC_073244.2_26901109_4	DN_NC_086017.1_41849524_2	4	2	2	0	0	0	0.0	0.0	0.0	0	1	0	0	0	0	0
DN_NC_073244.2_27051998_4	DN_NC_073244.2_27131194_2	4	2	2	2	2	2	1.0	0.77	0.7885	0	2	2	2	2	2	0
DN_NC_073244.2_27051998_4	DN_NC_073244.2_27285351_4	4	4	4	3	3	3	0.75	0.9109	0.9444	0	4	4	4	3	3	3
DN_NC_073244.2_27051998_4	DN_NC_073244.2_27408454_4	4	4	4	3	3	3	0.75	0.8474	0.9206	0	4	4	4	3	3	2
DN_NC_073244.2_27051998_4	DN_NC_073244.2_27504818_5	4	5	4	3	3	3	0.75	0.8444	0.8889	0	4	4	4	3	3	3
DN_NC_073244.2_27051998_4	DN_NC_073244.2_27566430_5	4	5	4	4	4	4	1.0	0.7883	0.881	0	4	4	4	4	2	2
DN_NC_073244.2_27051998_4	DN_NC_073244.2_27765726_4	4	4	4	4	4	4	1.0	0.8273	0.9127	0	4	4	4	4	3	3
DN_NC_073244.2_27051998_4	DN_NC_073244.2_27869273_3	4	3	3	3	3	3	1.0	0.7214	0.7579	0	3	3	3	3	1	0
DN_NC_073244.2_27051998_4	DN_NC_073244.2_27956158_2	4	2	2	2	2	2	1.0	0.7817	0.8108	0	2	2	2	2	2	1
DN_NC_073244.2_27051998_4	DN_NC_073244.2_28072858_4	4	4	4	3	3	3	0.75	0.8028	0.9048	0	4	4	3	3	2	1
DN_NC_073244.2_27051998_4	DN_NC_073244.2_28256975_5	4	5	4	3	3	3	0.75	0.8558	0.881	0	4	4	4	3	3	3
DN_NC_073244.2_27051998_4	DN_NC_073244.2_28333451_4	4	4	4	3	3	3	0.75	0.8263	0.9286	0	4	4	3	3	2	2
DN_NC_073244.2_27051998_4	DN_NC_073244.2_28588105_4	4	4	4	4	4	4	1.0	0.831	0.9286	0	4	4	4	4	3	3
DN_NC_073244.2_27051998_4	DN_NC_073244.2_28711447_2	4	2	2	1	1	1	0.5	0.809	0.809	1	2	2	2	1	1	1
DN_NC_073244.2_27051998_4	DN_NC_073244.2_28820229_4	4	4	4	3	3	3	0.75	0.8095	0.9206	0	4	4	4	3	2	2
DN_NC_073244.2_27051998_4	DN_NC_073244.2_29046961_4	4	4	4	3	3	3	0.75	0.8535	0.8968	0	4	4	4	3	3	3
DN_NC_073244.2_27051998_4	DN_NC_073244.2_29232445_4	4	4	4	3	3	3	0.75	0.8247	0.9127	0	3	3	3	3	2	2
DN_NC_073244.2_27051998_4	DN_NC_073244.2_29297022_4	4	4	4	4	4	4	1.0	0.7944	0.9127	0	4	4	4	4	3	1
DN_NC_073244.2_27051998_4	DN_NC_073244.2_29557605_4	4	4	4	4	4	4	1.0	0.8273	0.9286	0	4	4	4	4	3	3
DN_NC_073244.2_27051998_4	DN_NC_073244.2_29680825_2	4	2	2	1	1	1	0.5	0.8571	0.8571	1	2	2	2	1	1	1
DN_NC_073244.2_27051998_4	DN_NC_073244.2_29970261_4	4	4	4	4	4	4	1.0	0.8342	0.881	0	4	4	4	4	4	3
DN_NC_073244.2_27051998_4	DN_NC_073244.2_30067652_4	4	4	4	3	3	3	0.75	0.8571	0.9286	0	4	4	4	3	3	3
DN_NC_073244.2_27051998_4	DN_NC_073244.2_30090650_6	4	6	4	3	3	3	0.75	0.7587	0.7699	0	4	3	3	3	2	0
DN_NC_073244.2_27051998_4	DN_NC_073244.2_30438340_4	4	4	4	4	4	4	1.0	0.8026	0.8889	0	4	4	4	4	3	3
DN_NC_073244.2_27051998_4	DN_NC_073244.2_64125568_5	4	5	4	1	1	1	0.25	0.8095	0.8095	1	3	1	1	1	1	1
DN_NC_073244.2_27051998_4	DN_NC_073244.2_64500861_5	4	5	4	1	1	1	0.25	0.7381	0.7381	1	3	1	1	1	0	0
DN_NC_073244.2_27051998_4	DN_NC_073244.2_64759228_5	4	5	4	1	1	1	0.25	0.8254	0.8254	1	3	1	1	1	1	1
DN_NC_073244.2_27051998_4	DN_NC_073244.2_65266359_4	4	4	4	1	1	1	0.25	0.7857	0.7857	1	2	2	1	1	1	0
DN_NC_073244.2_27051998_4	DN_NC_073244.2_65293743_4	4	4	4	1	1	1	0.25	0.8095	0.8095	1	2	2	1	1	1	1
DN_NC_073244.2_27051998_4	DN_NC_073244.2_65398487_4	4	4	4	1	1	1	0.25	0.8016	0.8016	1	2	1	1	1	1	1
DN_NC_073244.2_27131194_2	DN_NC_073244.2_27285351_4	2	4	2	1	1	1	0.5	0.758	0.758	1	2	2	2	1	1	0
DN_NC_073244.2_27131194_2	DN_NC_073244.2_27408454_4	2	4	2	1	1	1	0.5	0.7134	0.7134	1	2	2	2	1	0	0
DN_NC_073244.2_27131194_2	DN_NC_073244.2_27504818_5	2	5	2	2	2	2	1.0	0.7343	0.7643	0	2	2	2	2	1	0
DN_NC_073244.2_27131194_2	DN_NC_073244.2_27626411_5	2	5	2	2	2	2	1.0	0.736	0.758	0	2	2	2	2	1	0
DN_NC_073244.2_27131194_2	DN_NC_073244.2_27765726_4	2	4	2	2	2	2	1.0	0.7566	0.7707	0	2	2	2	2	1	0
DN_NC_073244.2_27131194_2	DN_NC_073244.2_27869273_3	2	3	2	1	1	1	0.5	0.7261	0.7261	1	2	2	2	1	0	0
DN_NC_073244.2_27131194_2	DN_NC_073244.2_27956158_2	2	2	2	2	2	2	1.0	0.7275	0.7452	0	2	2	2	2	0	0
DN_NC_073244.2_27131194_2	DN_NC_073244.2_28072858_4	2	4	2	1	1	1	0.5	0.7516	0.7516	1	2	2	1	1	1	0
DN_NC_073244.2_27131194_2	DN_NC_073244.2_28256975_5	2	5	2	2	2	2	1.0	0.7248	0.7452	0	2	2	2	2	0	0
DN_NC_073244.2_27131194_2	DN_NC_073244.2_28333451_4	2	4	2	0	0	0	0.0	0.0	0.0	0	2	2	1	0	0	0
DN_NC_073244.2_27131194_2	DN_NC_073244.2_28711447_2	2	2	2	1	1	1	0.5	0.7134	0.7134	1	2	2	2	1	0	0
DN_NC_073244.2_27131194_2	DN_NC_073244.2_28820229_4	2	4	2	0	0	0	0.0	0.0	0.0	0	1	1	1	0	0	0
DN_NC_073244.2_27131194_2	DN_NC_073244.2_29046961_4	2	4	2	1	1	1	0.5	0.758	0.758	1	2	2	2	1	1	0
DN_NC_073244.2_27131194_2	DN_NC_073244.2_29232445_4	2	4	2	2	2	2	1.0	0.744	0.7701	0	2	2	2	2	1	0
DN_NC_073244.2_27131194_2	DN_NC_073244.2_29297022_4	2	4	2	1	1	1	0.5	0.7006	0.7006	1	2	2	2	1	0	0
DN_NC_073244.2_27131194_2	DN_NC_073244.2_29557605_4	2	4	2	1	1	1	0.5	0.7548	0.7548	1	2	2	2	1	1	0
DN_NC_073244.2_27131194_2	DN_NC_073244.2_29680825_4	2	4	2	1	1	1	0.5	0.7325	0.7325	1	2	2	2	1	0	0
DN_NC_073244.2_27131194_2	DN_NC_073244.2_29970261_4	2	4	2	2	2	2	1.0	0.7305	0.7348	0	2	2	2	2	0	0
DN_NC_073244.2_27131194_2	DN_NC_073244.2_30067652_4	2	4	2	2	2	2	1.0	0.7213	0.7355	0	2	2	2	2	0	0
DN_NC_073244.2_27131194_2	DN_NC_073244.2_30090650_6	2	6	2	1	1	1	0.5	0.7156	0.7156	1	2	1	1	1	0	0
DN_NC_073244.2_27131194_2	DN_NC_073244.2_30438386_2	2	2	2	2	2	2	1.0	0.7189	0.7244	0	2	2	2	2	0	0
DN_NC_073244.2_27131194_2	DN_NC_073244.2_64034715_7	2	7	2	0	0	0	0.0	0.0	0.0	0	2	0	0	0	0	0
DN_NC_073244.2_27131194_2	DN_NC_073244.2_64500861_5	2	5	2	0	0	0	0.0	0.0	0.0	0	2	0	0	0	0	0
DN_NC_073244.2_27131194_2	DN_NC_073244.2_64724127_4	2	4	2	0	0	0	0.0	0.0	0.0	0	2	0	0	0	0	0
DN_NC_073244.2_27131194_2	DN_NC_073244.2_64797239_5	2	5	2	0	0	0	0.0	0.0	0.0	0	2	0	0	0	0	0
DN_NC_073244.2_27131194_2	DN_NC_073244.2_65293743_4	2	4	2	0	0	0	0.0	0.0	0.0	0	2	0	0	0	0	0
DN_NC_073244.2_27131194_2	DN_NC_073244.2_65398487_4	2	4	2	0	0	0	0.0	0.0	0.0	0	2	0	0	0	0	0
DN_NC_073244.2_27285351_4	DN_NC_073244.2_27408454_4	4	4	4	3	3	3	0.75	0.8541	0.9048	0	4	4	4	3	3	2
DN_NC_073244.2_27285351_4	DN_NC_073244.2_27504818_5	4	5	4	3	3	3	0.75	0.8546	0.881	0	4	4	3	3	3	3
DN_NC_073244.2_27285351_4	DN_NC_073244.2_27626411_5	4	5	4	3	3	3	0.75	0.8444	0.8681	0	4	4	3	3	3	3
DN_NC_073244.2_27285351_4	DN_NC_073244.2_27765726_4	4	4	4	4	4	4	1.0	0.8272	0.881	0	4	4	4	4	4	3
DN_NC_073244.2_27285351_4	DN_NC_073244.2_27869273_3	4	3	3	2	2	2	0.6667	0.7384	0.7684	0	3	3	3	2	1	0
DN_NC_073244.2_27285351_4	DN_NC_073244.2_27956158_4	4	4	4	4	4	4	1.0	0.8028	0.881	0	4	4	4	4	3	2
DN_NC_073244.2_27285351_4	DN_NC_073244.2_28072858_4	4	4	4	3	3	3	0.75	0.7838	0.873	0	4	4	3	3	2	1
DN_NC_073244.2_27285351_4	DN_NC_073244.2_28256975_5	4	5	4	3	3	3	0.75	0.8675	0.898	0	4	4	3	3	3	3
DN_NC_073244.2_27285351_4	DN_NC_073244.2_28333451_4	4	4	4	2	2	2	0.5	0.855	0.8889	0	4	4	3	2	2	2
DN_NC_073244.2_27285351_4	DN_NC_073244.2_28588105_4	4	4	4	3	3	3	0.75	0.8707	0.8968	0	4	4	3	3	3	3
DN_NC_073244.2_27285351_4	DN_NC_073244.2_28711447_4	4	5	4	3	3	3	0.75	0.8367	0.8889	0	4	4	3	3	3	2
DN_NC_073244.2_27285351_4	DN_NC_073244.2_28820229_4	4	4	4	3	3	3	0.75	0.8028	0.9048	0	4	4	3	3	2	1
DN_NC_073244.2_27285351_4	DN_NC_073244.2_29046961_4	4	4	4	3	3	3	0.75	0.8573	0.8651	0	4	4	3	3	3	3
DN_NC_073244.2_27285351_4	DN_NC_073244.2_29232445_4	4	4	4	2	2	2	0.5	0.851	0.881	0	2	2	2	2	2	2
DN_NC_073244.2_27285351_4	DN_NC_073244.2_29297022_4	4	4	4	3	3	3	0.75	0.8176	0.873	0	4	4	3	3	3	2
DN_NC_073244.2_27285351_4	DN_NC_073244.2_29557605_4	4	4	4	4	4	4	1.0	0.8188	0.8889	0	4	4	4	4	3	3
DN_NC_073244.2_27285351_4	DN_NC_073244.2_29680825_2	4	2	2	1	1	1	0.5	0.8639	0.8639	1	2	2	1	1	1	1
DN_NC_073244.2_27285351_4	DN_NC_073244.2_29970261_4	4	4	4	3	3	3	0.75	0.8493	0.8696	0	3	3	3	3	3	3
DN_NC_073244.2_27285351_4	DN_NC_073244.2_30067652_4	4	4	4	3	3	3	0.75	0.8566	0.8968	0	4	4	3	3	3	3
DN_NC_073244.2_27285351_4	DN_NC_073244.2_30090650_6	4	6	4	2	2	2	0.5	0.7761	0.8	0	4	3	2	2	2	1
DN_NC_073244.2_27285351_4	DN_NC_073244.2_30438340_4	4	4	4	3	3	3	0.75	0.8487	0.873	0	4	4	3	3	3	3
DN_NC_073244.2_27285351_4	DN_NC_073244.2_64400145_5	4	5	4	1	1	1	0.25	0.8095	0.8095	1	3	1	1	1	1	1
DN_NC_073244.2_27285351_4	DN_NC_073244.2_65266359_4	4	4	4	1	1	1	0.25	0.7778	0.7778	1	2	1	1	1	1	0
DN_NC_073244.2_27285351_4	DN_NC_073244.2_65398487_4	4	4	4	1	1	1	0.25	0.7937	0.7937	1	2	1	1	1	1	0
DN_NC_073244.2_27285351_4	DN_NC_073246.2_15789285_3	4	3	3	1	1	1	0.3333	0.8016	0.8016	1	3	2	2	1	1	1
DN_NC_073244.2_27408454_4	DN_NC_073244.2_27504818_5	4	5	4	4	4	4	1.0	0.8405	0.9286	0	4	4	4	4	3	3
DN_NC_073244.2_27408454_4	DN_NC_073244.2_27566430_5	4	5	4	4	4	4	1.0	0.8179	0.8968	0	4	4	4	4	3	2
DN_NC_073244.2_27408454_4	DN_NC_073244.2_27765726_4	4	4	4	4	4	4	1.0	0.8555	0.9286	0	4	4	4	4	4	4
DN_NC_073244.2_27408454_4	DN_NC_073244.2_27869273_3	4	3	3	3	3	3	1.0	0.7504	0.8	0	3	3	3	3	1	1
DN_NC_073244.2_27408454_4	DN_NC_073244.2_27956158_2	4	2	2	2	2	2	1.0	0.8027	0.8302	0	2	2	2	2	2	1
DN_NC_073244.2_27408454_4	DN_NC_073244.2_28072858_4	4	4	4	3	3	3	0.75	0.8052	0.9444	0	4	4	4	3	1	1
DN_NC_073244.2_27408454_4	DN_NC_073244.2_28256975_5	4	5	4	3	3	3	0.75	0.8709	0.9048	0	4	4	4	3	3	3
DN_NC_073244.2_27408454_4	DN_NC_073244.2_28333451_4	4	4	4	3	3	3	0.75	0.8328	0.9524	0	4	4	4	3	2	2
DN_NC_073244.2_27408454_4	DN_NC_073244.2_28588105_4	4	4	4	4	4	4	1.0	0.8345	0.9206	0	4	4	4	4	3	3
DN_NC_073244.2_27408454_4	DN_NC_073244.2_28711447_4	4	5	4	3	3	3	0.75	0.8604	0.9444	0	4	4	4	3	3	3
DN_NC_073244.2_27408454_4	DN_NC_073244.2_28820229_4	4	4	4	2	2	2	0.5	0.8761	0.9206	0	4	4	4	2	2	2
DN_NC_073244.2_27408454_4	DN_NC_073244.2_29046961_4	4	4	4	3	3	3	0.75	0.8609	0.9127	0	4	4	4	3	3	3
DN_NC_073244.2_27408454_4	DN_NC_073244.2_29232445_4	4	4	4	4	4	4	1.0	0.8221	0.9127	0	4	4	4	4	4	2
DN_NC_073244.2_27408454_4	DN_NC_073244.2_29297022_4	4	4	4	3	3	3	0.75	0.8402	0.9365	0	4	4	4	3	3	2
DN_NC_073244.2_27408454_4	DN_NC_073244.2_29557605_4	4	4	4	4	4	4	1.0	0.8563	0.9524	0	4	4	4	4	4	3
DN_NC_073244.2_27408454_4	DN_NC_073244.2_29680825_2	4	2	2	1	1	1	0.5	0.8435	0.8435	1	2	2	2	1	1	1
DN_NC_073244.2_27408454_4	DN_NC_073244.2_29970261_4	4	4	4	4	4	4	1.0	0.8455	0.9365	0	4	4	4	4	4	4
DN_NC_073244.2_27408454_4	DN_NC_073244.2_30067652_4	4	4	4	4	4	4	1.0	0.8164	0.9286	0	4	4	4	4	3	3
DN_NC_073244.2_27408454_4	DN_NC_073244.2_30090650_6	4	6	4	3	3	3	0.75	0.7892	0.8105	0	4	3	3	3	3	1
DN_NC_073244.2_27408454_4	DN_NC_073244.2_30438386_2	4	2	2	2	2	2	1.0	0.7691	0.8365	0	2	2	2	2	1	1
DN_NC_073244.2_27408454_4	DN_NC_073244.2_64125568_5	4	5	4	1	1	1	0.25	0.8175	0.8175	1	3	2	1	1	1	1
DN_NC_073244.2_27408454_4	DN_NC_073244.2_64231369_4	4	4	4	1	1	1	0.25	0.8413	0.8413	1	4	2	1	1	1	1
DN_NC_073244.2_27408454_4	DN_NC_073244.2_64265252_5	4	5	4	1	1	1	0.25	0.8571	0.8571	1	4	1	1	1	1	1
DN_NC_073244.2_27408454_4	DN_NC_073244.2_64340366_4	4	4	4	1	1	1	0.25	0.8571	0.8571	1	3	3	1	1	1	1
DN_NC_073244.2_27408454_4	DN_NC_073244.2_64400145_5	4	5	4	1	1	1	0.25	0.8095	0.8095	1	4	3	1	1	1	1
DN_NC_073244.2_27408454_4	DN_NC_073244.2_64585864_4	4	4	4	1	1	1	0.25	0.8175	0.8175	1	3	2	1	1	1	1
DN_NC_073244.2_27408454_4	DN_NC_073244.2_64672255_4	4	4	4	1	1	1	0.25	0.7698	0.7698	1	3	2	1	1	1	0
DN_NC_073244.2_27408454_4	DN_NC_073244.2_64759228_5	4	5	4	1	1	1	0.25	0.8254	0.8254	1	3	1	1	1	1	1
DN_NC_073244.2_27408454_4	DN_NC_073244.2_64860608_4	4	4	4	1	1	1	0.25	0.8254	0.8254	1	3	1	1	1	1	1
DN_NC_073244.2_27408454_4	DN_NC_073244.2_65003440_7	4	7	4	1	1	1	0.25	0.8333	0.8333	1	4	3	1	1	1	1
DN_NC_073244.2_27408454_4	DN_NC_073244.2_65046428_4	4	3	3	1	1	1	0.3333	0.8333	0.8333	1	2	2	1	1	1	1
DN_NC_073244.2_27408454_4	DN_NC_073244.2_65073171_5	4	5	4	1	1	1	0.25	0.7937	0.7937	1	2	2	1	1	1	0
DN_NC_073244.2_27408454_4	DN_NC_073244.2_65293743_4	4	4	4	1	1	1	0.25	0.8413	0.8413	1	3	1	1	1	1	1
DN_NC_073244.2_27408454_4	DN_NC_073244.2_65398487_4	4	4	4	1	1	1	0.25	0.8333	0.8333	1	3	1	1	1	1	1
DN_NC_073244.2_27408454_4	DN_NC_073246.2_15789320_2	4	2	2	0	0	0	0.0	0.0	0.0	0	2	2	0	0	0	0
DN_NC_073244.2_27504818_5	DN_NC_073244.2_27566430_5	5	5	5	5	5	5	1.0	0.8561	0.9127	0	5	5	5	5	5	4
DN_NC_073244.2_27504818_5	DN_NC_073244.2_27765726_4	5	4	4	4	4	4	1.0	0.8507	0.8911	0	4	4	4	4	4	3
DN_NC_073244.2_27504818_5	DN_NC_073244.2_27869273_3	5	3	3	3	3	3	1.0	0.756	0.8211	0	3	3	3	3	1	1
DN_NC_073244.2_27504818_5	DN_NC_073244.2_27956158_2	5	2	2	2	2	2	1.0	0.8076	0.8486	0	2	2	2	2	2	1
DN_NC_073244.2_27504818_5	DN_NC_073244.2_28072858_4	5	4	4	3	3	3	0.75	0.8177	0.9048	0	4	4	3	3	2	2
DN_NC_073244.2_27504818_5	DN_NC_073244.2_28256975_5	5	5	5	5	5	5	1.0	0.8508	0.9524	0	5	5	5	5	4	4
DN_NC_073244.2_27504818_5	DN_NC_073244.2_28333451_4	5	4	4	3	3	3	0.75	0.8198	0.9127	0	4	4	3	3	2	2
DN_NC_073244.2_27504818_5	DN_NC_073244.2_28588105_4	5	4	4	4	4	4	1.0	0.8474	0.9053	0	4	4	4	4	3	3
DN_NC_073244.2_27504818_5	DN_NC_073244.2_28711447_4	5	5	5	3	3	3	0.6	0.8692	0.9127	0	4	4	4	3	3	3
DN_NC_073244.2_27504818_5	DN_NC_073244.2_28820229_4	5	4	4	3	3	3	0.75	0.8186	0.8968	0	4	4	4	3	2	2
DN_NC_073244.2_27504818_5	DN_NC_073244.2_29046961_4	5	4	4	3	3	3	0.75	0.8811	0.8889	0	4	4	4	3	3	3
DN_NC_073244.2_27504818_5	DN_NC_073244.2_29232445_4	5	4	4	3	3	3	0.75	0.814	0.873	0	3	3	3	3	2	2
DN_NC_073244.2_27504818_5	DN_NC_073244.2_29297022_4	5	4	4	4	4	4	1.0	0.8199	0.9127	0	4	4	4	4	3	3
DN_NC_073244.2_27504818_5	DN_NC_073244.2_29557605_4	5	4	4	4	4	4	1.0	0.836	0.9127	0	4	4	4	4	3	3
DN_NC_073244.2_27504818_5	DN_NC_073244.2_29680825_4	5	4	4	3	3	3	0.75	0.883	0.9048	0	4	4	4	3	3	3
DN_NC_073244.2_27504818_5	DN_NC_073244.2_29970261_4	5	4	4	4	4	4	1.0	0.8498	0.8968	0	4	4	4	4	4	3
DN_NC_073244.2_27504818_5	DN_NC_073244.2_30067652_4	5	4	4	4	4	4	1.0	0.8291	0.9048	0	4	4	4	4	3	3
DN_NC_073244.2_27504818_5	DN_NC_073244.2_30438340_4	5	4	4	4	4	4	1.0	0.8562	0.9158	0	4	4	4	4	3	3
DN_NC_073244.2_27504818_5	DN_NC_073244.2_64034715_7	5	7	5	1	1	1	0.2	0.8095	0.8095	1	4	3	1	1	1	1
DN_NC_073244.2_27504818_5	DN_NC_073244.2_64672255_4	5	4	4	1	1	1	0.25	0.7778	0.7857	1	3	2	1	1	1	0
DN_NC_073244.2_27504818_5	DN_NC_073244.2_65073171_5	5	5	5	1	1	1	0.2	0.8095	0.8095	1	2	1	1	1	1	1
DN_NC_073244.2_27504818_5	DN_NC_073244.2_65266359_4	5	4	4	1	1	1	0.25	0.8016	0.8016	1	3	2	1	1	1	1
DN_NC_073244.2_27504818_5	DN_NC_073244.2_65293743_4	5	4	4	1	1	1	0.25	0.8333	0.8333	1	2	1	1	1	1	1
DN_NC_073244.2_27504818_5	DN_NC_073246.2_15789320_2	5	2	2	1	1	1	0.5	0.7135	0.7135	1	2	2	1	1	0	0
DN_NC_073244.2_27566430_5	DN_NC_073244.2_27765726_4	5	4	4	4	4	4	1.0	0.8169	0.881	0	4	4	4	4	3	3
DN_NC_073244.2_27566430_5	DN_NC_073244.2_27869273_3	5	3	3	3	3	3	1.0	0.7522	0.7604	0	3	3	3	3	2	0
DN_NC_073244.2_27566430_5	DN_NC_073244.2_27956158_2	5	2	2	2	2	2	1.0	0.7864	0.8541	0	2	2	2	2	1	1
DN_NC_073244.2_27566430_5	DN_NC_073244.2_28072858_4	5	4	4	3	3	3	0.75	0.8157	0.8968	0	4	4	4	3	2	2
DN_NC_073244.2_27566430_5	DN_NC_073244.2_28333451_4	5	4	4	3	3	3	0.75	0.8118	0.9048	0	4	4	4	3	2	1
DN_NC_073244.2_27566430_5	DN_NC_073244.2_28588105_4	5	4	4	4	4	4	1.0	0.8365	0.8657	0	4	4	4	4	4	3
DN_NC_073244.2_27566430_5	DN_NC_073244.2_28820229_4	5	4	4	3	3	3	0.75	0.8022	0.881	0	3	3	3	3	2	1
DN_NC_073244.2_27566430_5	DN_NC_073244.2_29557605_4	5	4	4	4	4	4	1.0	0.8363	0.9048	0	4	4	4	4	3	3
DN_NC_073244.2_27566430_5	DN_NC_073244.2_29680825_2	5	2	2	1	1	1	0.5	0.8844	0.8844	1	1	1	1	1	1	1
DN_NC_073244.2_27566430_5	DN_NC_073244.2_29970261_4	5	4	4	4	4	4	1.0	0.8445	0.8889	0	4	4	4	4	3	3
DN_NC_073244.2_27566430_5	DN_NC_073244.2_30090650_6	5	6	5	3	3	3	0.6	0.788	0.8842	0	4	4	3	3	2	1
DN_NC_073244.2_27566430_5	DN_NC_073244.2_64125568_5	5	5	5	1	1	1	0.2	0.8095	0.8095	1	4	2	1	1	1	1
DN_NC_073244.2_27566430_5	DN_NC_073244.2_64400145_5	5	5	5	1	1	1	0.2	0.7937	0.7937	1	4	3	1	1	1	0
DN_NC_073244.2_27566430_5	DN_NC_073244.2_64543447_4	5	4	4	1	1	1	0.25	0.7937	0.7937	1	3	2	1	1	1	0
DN_NC_073244.2_27566430_5	DN_NC_073244.2_64585864_4	5	4	4	1	1	1	0.25	0.7937	0.8016	1	3	2	1	1	1	1
DN_NC_073244.2_27566430_5	DN_NC_073244.2_64618758_7	5	7	5	1	1	1	0.2	0.8073	0.8073	1	3	2	1	1	1	1
DN_NC_073244.2_27566430_5	DN_NC_073244.2_64724127_4	5	4	4	1	1	1	0.25	0.7698	0.7778	1	3	2	1	1	1	0
DN_NC_073244.2_27566430_5	DN_NC_073244.2_64836827_4	5	4	4	1	1	1	0.25	0.8016	0.8095	1	4	1	1	1	1	1
DN_NC_073244.2_27566430_5	DN_NC_073244.2_64860608_4	5	4	4	1	1	1	0.25	0.8095	0.8175	1	2	1	1	1	1	1
DN_NC_073244.2_27566430_5	DN_NC_073244.2_64908457_4	5	4	4	1	1	1	0.25	0.8016	0.8095	1	3	2	1	1	1	1
DN_NC_073244.2_27566430_5	DN_NC_073244.2_65003440_7	5	7	5	1	1	1	0.2	0.8333	0.8413	1	4	2	1	1	1	1
DN_NC_073244.2_27566430_5	DN_NC_073244.2_65266359_4	5	4	4	1	1	1	0.25	0.7857	0.7857	1	2	1	1	1	1	0
DN_NC_073244.2_27566430_5	DN_NC_073244.2_65293743_4	5	4	4	1	1	1	0.25	0.8175	0.8175	1	3	2	1	1	1	1
DN_NC_073244.2_27566430_5	DN_NC_073244.2_65362909_5	5	5	5	1	1	1	0.2	0.8016	0.8016	1	3	2	1	1	1	1
DN_NC_073244.2_27566430_5	DN_NC_073244.2_65398487_4	5	4	4	1	1	1	0.25	0.8095	0.8095	1	2	2	1	1	1	1
DN_NC_073244.2_27566430_5	DN_NC_073246.2_15789285_3	5	3	3	1	1	1	0.3333	0.8571	0.8571	1	3	3	2	1	1	1
DN_NC_073244.2_27626411_5	DN_NC_073244.2_28256975_5	5	5	5	4	4	4	0.8	0.8677	0.8968	0	5	5	5	4	4	4
DN_NC_073244.2_27626411_5	DN_NC_073244.2_28711447_4	5	5	5	3	3	3	0.6	0.8738	0.9286	0	4	4	4	3	3	3
DN_NC_073244.2_27626411_5	DN_NC_073244.2_29046961_4	5	4	4	4	4	4	1.0	0.8321	0.881	0	4	4	4	4	3	3
DN_NC_073244.2_27626411_5	DN_NC_073244.2_29232445_4	5	4	4	3	3	3	0.75	0.825	0.8651	0	3	3	3	3	3	2
DN_NC_073244.2_27626411_5	DN_NC_073244.2_29297022_4	5	4	4	3	3	3	0.75	0.8553	0.9048	0	4	4	4	3	3	3
DN_NC_073244.2_27626411_5	DN_NC_073244.2_30067652_4	5	4	4	4	4	4	1.0	0.8275	0.9048	0	4	4	4	4	3	3
DN_NC_073244.2_27626411_5	DN_NC_073244.2_30438340_4	5	4	4	4	4	4	1.0	0.842	0.9158	0	4	4	4	4	3	3
DN_NC_073244.2_27626411_5	DN_NC_073244.2_64340366_4	5	4	4	1	1	1	0.25	0.8492	0.8492	1	3	2	1	1	1	1
DN_NC_073244.2_27626411_5	DN_NC_073244.2_64759228_5	5	5	5	1	1	1	0.2	0.8095	0.8175	1	2	2	1	1	1	1
DN_NC_073244.2_27626411_5	DN_NC_073244.2_64797239_5	5	5	5	1	1	1	0.2	0.7937	0.8016	1	3	2	1	1	1	1
DN_NC_073244.2_27765726_4	DN_NC_073244.2_27869273_3	4	3	3	3	3	3	1.0	0.7701	0.8316	0	3	3	3	3	1	1
DN_NC_073244.2_27765726_4	DN_NC_073244.2_27956158_2	4	2	2	2	2	2	1.0	0.8138	0.8541	0	2	2	2	2	2	1
DN_NC_073244.2_27765726_4	DN_NC_073244.2_28072858_4	4	4	4	3	3	3	0.75	0.8275	0.9286	0	4	4	4	3	2	2
DN_NC_073244.2_27765726_4	DN_NC_073244.2_28256975_5	4	5	4	4	4	4	1.0	0.8548	0.9158	0	4	4	4	4	3	3
DN_NC_073244.2_27765726_4	DN_NC_073244.2_28333451_4	4	4	4	3	3	3	0.75	0.8708	0.9524	0	4	4	3	3	3	2
DN_NC_073244.2_27765726_4	DN_NC_073244.2_28588105_4	4	4	4	4	4	4	1.0	0.8621	0.9263	0	4	4	4	4	4	3
DN_NC_073244.2_27765726_4	DN_NC_073244.2_28711447_2	4	2	2	2	2	2	1.0	0.7989	0.8211	0	2	2	2	2	2	1
DN_NC_073244.2_27765726_4	DN_NC_073244.2_28820229_4	4	4	4	3	3	3	0.75	0.8217	0.9127	0	3	3	3	3	2	2
DN_NC_073244.2_27765726_4	DN_NC_073244.2_29046961_4	4	4	4	4	4	4	1.0	0.8472	0.8968	0	4	4	4	4	4	3
DN_NC_073244.2_27765726_4	DN_NC_073244.2_29232445_4	4	4	4	3	3	3	0.75	0.8384	0.8968	0	3	3	3	3	2	2
DN_NC_073244.2_27765726_4	DN_NC_073244.2_29297022_4	4	4	4	3	3	3	0.75	0.8656	0.9286	0	3	3	3	3	3	3
DN_NC_073244.2_27765726_4	DN_NC_073244.2_29557605_4	4	4	4	4	4	4	1.0	0.8805	0.9603	0	4	4	4	4	4	3
DN_NC_073244.2_27765726_4	DN_NC_073244.2_29680825_2	4	2	2	1	1	1	0.5	0.8707	0.8707	1	1	1	1	1	1	1
DN_NC_073244.2_27765726_4	DN_NC_073244.2_29970261_4	4	4	4	4	4	4	1.0	0.8502	0.8968	0	4	4	4	4	4	3
DN_NC_073244.2_27765726_4	DN_NC_073244.2_30067652_4	4	4	4	3	3	3	0.75	0.8698	0.9206	0	3	3	3	3	3	3
DN_NC_073244.2_27765726_4	DN_NC_073244.2_30090650_6	4	6	4	3	3	3	0.75	0.8039	0.8316	0	4	4	3	3	3	2
DN_NC_073244.2_27765726_4	DN_NC_073244.2_30438340_4	4	4	4	4	4	4	1.0	0.8486	0.8968	0	4	4	4	4	4	3
DN_NC_073244.2_27765726_4	DN_NC_073244.2_64368633_7	4	7	4	1	1	1	0.25	0.8095	0.8095	1	4	3	1	1	1	1
DN_NC_073244.2_27765726_4	DN_NC_073244.2_65003440_7	4	7	4	1	1	1	0.25	0.8175	0.8175	1	2	2	2	1	1	1
DN_NC_073244.2_27765726_4	DN_NC_073244.2_65266359_4	4	4	4	1	1	1	0.25	0.7857	0.7857	1	1	1	1	1	1	0
DN_NC_073244.2_27765726_4	DN_NC_073244.2_65293743_4	4	4	4	1	1	1	0.25	0.8016	0.8016	1	2	2	2	1	1	1
DN_NC_073244.2_27765726_4	DN_NC_073246.2_15789285_3	4	3	3	2	2	2	0.6667	0.7695	0.8333	0	3	3	2	2	1	1
DN_NC_073244.2_27869273_3	DN_NC_073244.2_27956158_4	3	4	3	3	3	3	1.0	0.7403	0.7568	0	3	3	3	3	1	0
DN_NC_073244.2_27869273_3	DN_NC_073244.2_28072858_4	3	4	3	2	2	2	0.6667	0.781	0.8105	0	3	3	2	2	2	1
DN_NC_073244.2_27869273_3	DN_NC_073244.2_28256975_5	3	5	3	2	2	2	0.6667	0.7908	0.8421	0	3	3	3	2	1	1
DN_NC_073244.2_27869273_3	DN_NC_073244.2_28333451_4	3	4	3	2	2	2	0.6667	0.7768	0.7895	0	3	3	2	2	2	0
DN_NC_073244.2_27869273_3	DN_NC_073244.2_28588105_4	3	4	3	3	3	3	1.0	0.7721	0.8737	0	3	3	3	3	1	1
DN_NC_073244.2_27869273_3	DN_NC_073244.2_28711447_4	3	5	3	2	2	2	0.6667	0.7836	0.7895	0	3	3	3	2	2	0
DN_NC_073244.2_27869273_3	DN_NC_073244.2_28820229_4	3	4	3	2	2	2	0.6667	0.7746	0.7895	0	2	2	2	2	2	0
DN_NC_073244.2_27869273_3	DN_NC_073244.2_29046961_4	3	4	3	2	2	2	0.6667	0.8073	0.8632	0	3	3	3	2	2	1
DN_NC_073244.2_27869273_3	DN_NC_073244.2_29232445_4	3	4	3	2	2	2	0.6667	0.7867	0.8526	0	3	2	2	2	1	1
DN_NC_073244.2_27869273_3	DN_NC_073244.2_29297022_4	3	4	3	2	2	2	0.6667	0.7541	0.7789	0	3	3	3	2	1	0
DN_NC_073244.2_27869273_3	DN_NC_073244.2_29557605_4	3	4	3	3	3	3	1.0	0.7559	0.8316	0	3	3	3	3	1	1
DN_NC_073244.2_27869273_3	DN_NC_073244.2_29680825_4	3	4	3	3	3	3	1.0	0.7831	0.7943	0	3	3	3	3	3	0
DN_NC_073244.2_27869273_3	DN_NC_073244.2_29970261_4	3	4	3	3	3	3	1.0	0.7753	0.8	0	3	3	3	3	3	1
DN_NC_073244.2_27869273_3	DN_NC_073244.2_30067652_4	3	4	3	3	3	3	1.0	0.7384	0.7895	0	3	3	3	3	1	0
DN_NC_073244.2_27869273_3	DN_NC_073244.2_30090650_6	3	6	3	2	2	2	0.6667	0.7694	0.7895	0	3	2	2	2	1	0
DN_NC_073244.2_27869273_3	DN_NC_073244.2_30438340_4	3	4	3	3	3	3	1.0	0.7625	0.8316	0	3	3	3	3	1	1
DN_NC_073244.2_27869273_3	DN_NC_073244.2_64081943_4	3	4	3	0	0	0	0.0	0.0	0.0	0	2	0	0	0	0	0
DN_NC_073244.2_27869273_3	DN_NC_073244.2_64306022_6	3	6	3	0	0	0	0.0	0.0	0.0	0	3	1	0	0	0	0
DN_NC_073244.2_27869273_3	DN_NC_073244.2_64426370_6	3	6	3	0	0	0	0.0	0.0	0.0	0	2	0	0	0	0	0
DN_NC_073244.2_27869273_3	DN_NC_073244.2_64500861_5	3	5	3	0	0	0	0.0	0.0	0.0	0	3	1	0	0	0	0
DN_NC_073244.2_27869273_3	DN_NC_073244.2_64618758_7	3	7	3	0	0	0	0.0	0.0	0.0	0	2	1	0	0	0	0
DN_NC_073244.2_27869273_3	DN_NC_073244.2_64672255_4	3	4	3	0	0	0	0.0	0.0	0.0	0	2	1	0	0	0	0
DN_NC_073244.2_27869273_3	DN_NC_073244.2_64724127_4	3	4	3	0	0	0	0.0	0.0	0.0	0	3	1	0	0	0	0
DN_NC_073244.2_27869273_3	DN_NC_073244.2_64797239_5	3	5	3	0	0	0	0.0	0.0	0.0	0	3	1	0	0	0	0
DN_NC_073244.2_27869273_3	DN_NC_073244.2_64860608_4	3	4	3	0	0	0	0.0	0.0	0.0	0	2	1	0	0	0	0
DN_NC_073244.2_27869273_3	DN_NC_073244.2_65046428_4	3	3	3	0	0	0	0.0	0.0	0.0	0	2	1	0	0	0	0
DN_NC_073244.2_27869273_3	DN_NC_073244.2_65073171_5	3	5	3	0	0	0	0.0	0.0	0.0	0	2	1	0	0	0	0
DN_NC_073244.2_27869273_3	DN_NC_073244.2_65266359_4	3	4	3	0	0	0	0.0	0.0	0.0	0	1	0	0	0	0	0
DN_NC_073244.2_27869273_3	DN_NC_073244.2_65293743_4	3	4	3	0	0	0	0.0	0.0	0.0	0	2	1	1	0	0	0
DN_NC_073244.2_27869273_3	DN_NC_073244.2_65326089_4	3	4	3	0	0	0	0.0	0.0	0.0	0	2	1	0	0	0	0
DN_NC_073244.2_27869273_3	DN_NC_073244.2_65362909_5	3	5	3	0	0	0	0.0	0.0	0.0	0	3	1	1	0	0	0
DN_NC_073244.2_27869273_3	DN_NC_073244.2_65398487_4	3	4	3	0	0	0	0.0	0.0	0.0	0	2	1	0	0	0	0
DN_NC_073244.2_27869273_3	DN_NC_073246.2_15789285_3	3	3	3	0	0	0	0.0	0.0	0.0	0	3	2	0	0	0	0
DN_NC_073244.2_27956158_2	DN_NC_073244.2_28072858_4	2	4	2	2	2	2	1.0	0.7165	0.7188	0	2	2	2	2	0	0
DN_NC_073244.2_27956158_2	DN_NC_073244.2_28256975_5	2	5	2	2	2	2	1.0	0.8069	0.8649	0	2	2	2	2	1	1
DN_NC_073244.2_27956158_2	DN_NC_073244.2_28333451_4	2	4	2	1	1	1	0.5	0.7772	0.7772	1	2	2	1	1	1	0
DN_NC_073244.2_27956158_2	DN_NC_073244.2_29046961_4	2	4	2	2	2	2	1.0	0.7947	0.8432	0	2	2	2	2	2	1
DN_NC_073244.2_27956158_2	DN_NC_073244.2_29232445_4	2	4	2	1	1	1	0.5	0.7213	0.7213	1	2	1	1	1	0	0
DN_NC_073244.2_27956158_2	DN_NC_073244.2_29297022_4	2	4	2	1	1	1	0.5	0.8	0.8	1	1	1	1	1	1	1
DN_NC_073244.2_27956158_2	DN_NC_073244.2_29557605_4	2	4	2	2	2	2	1.0	0.7895	0.8065	0	2	2	2	2	2	1
DN_NC_073244.2_27956158_2	DN_NC_073244.2_29970261_4	2	4	2	2	2	2	1.0	0.8107	0.837	0	2	2	2	2	2	1
DN_NC_073244.2_27956158_2	DN_NC_073244.2_30067652_4	2	4	2	1	1	1	0.5	0.827	0.827	1	1	1	1	1	1	1
DN_NC_073244.2_27956158_2	DN_NC_073244.2_30090650_6	2	6	2	1	1	1	0.5	0.7461	0.7461	1	2	2	1	1	0	0
DN_NC_073244.2_27956158_2	DN_NC_073244.2_30438386_2	2	2	2	2	2	2	1.0	0.8017	0.8378	0	2	2	2	2	2	1
DN_NC_073244.2_27956158_2	DN_NC_073244.2_64034715_7	2	7	2	0	0	0	0.0	0.0	0.0	0	2	1	1	0	0	0
DN_NC_073244.2_27956158_2	DN_NC_073244.2_64081943_4	2	4	2	0	0	0	0.0	0.0	0.0	0	1	0	0	0	0	0
DN_NC_073244.2_27956158_2	DN_NC_073244.2_64231369_4	2	4	2	0	0	0	0.0	0.0	0.0	0	2	1	0	0	0	0
DN_NC_073244.2_27956158_2	DN_NC_073244.2_64340366_4	2	4	2	0	0	0	0.0	0.0	0.0	0	2	1	1	0	0	0
DN_NC_073244.2_27956158_2	DN_NC_073244.2_64368633_7	2	7	2	0	0	0	0.0	0.0	0.0	0	2	1	0	0	0	0
DN_NC_073244.2_27956158_2	DN_NC_073244.2_64500861_5	2	5	2	0	0	0	0.0	0.0	0.0	0	1	0	0	0	0	0
DN_NC_073244.2_27956158_2	DN_NC_073244.2_64724127_4	2	4	2	0	0	0	0.0	0.0	0.0	0	2	1	0	0	0	0
DN_NC_073244.2_27956158_2	DN_NC_073244.2_65046428_4	2	3	2	0	0	0	0.0	0.0	0.0	0	2	1	0	0	0	0
DN_NC_073244.2_27956158_2	DN_NC_073244.2_65266359_4	2	4	2	0	0	0	0.0	0.0	0.0	0	1	0	0	0	0	0
DN_NC_073244.2_27956158_2	DN_NC_073244.2_65326089_4	2	4	2	0	0	0	0.0	0.0	0.0	0	1	0	0	0	0	0
DN_NC_073244.2_27956158_2	DN_NC_073246.2_15789285_3	2	3	2	0	0	0	0.0	0.0	0.0	0	1	1	1	0	0	0
DN_NC_073244.2_27956158_4	DN_NC_073244.2_28588105_4	4	4	4	4	4	4	1.0	0.8215	0.8889	0	4	4	4	4	3	3
DN_NC_073244.2_27956158_4	DN_NC_073244.2_28711447_2	4	2	2	2	2	2	1.0	0.7707	0.8108	0	2	2	2	2	1	1
DN_NC_073244.2_27956158_4	DN_NC_073244.2_28820229_4	4	4	4	2	2	2	0.5	0.8419	0.9048	0	3	3	3	2	2	1
DN_NC_073244.2_27956158_4	DN_NC_073244.2_29680825_4	4	4	4	3	3	3	0.75	0.8616	0.8889	0	3	3	3	3	3	3
DN_NC_073244.2_27956158_4	DN_NC_073244.2_64125568_5	4	5	4	1	1	1	0.25	0.7857	0.7857	1	3	2	1	1	1	0
DN_NC_073244.2_27956158_4	DN_NC_073244.2_64400145_5	4	5	4	1	1	1	0.25	0.7857	0.7857	1	4	2	2	1	1	0
DN_NC_073244.2_27956158_4	DN_NC_073244.2_64585864_4	4	4	4	1	1	1	0.25	0.7778	0.7778	1	3	2	1	1	1	0
DN_NC_073244.2_27956158_4	DN_NC_073244.2_65073171_5	4	5	4	1	1	1	0.25	0.7619	0.7619	1	2	1	1	1	1	0
DN_NC_073244.2_27956158_4	DN_NC_073244.2_65293743_4	4	4	4	1	1	1	0.25	0.8016	0.8016	1	2	2	1	1	1	1
DN_NC_073244.2_27956158_4	DN_NC_086017.1_41849524_2	4	2	2	0	0	0	0.0	0.0	0.0	0	1	0	0	0	0	0
DN_NC_073244.2_28072858_4	DN_NC_073244.2_28256975_5	4	5	4	3	3	3	0.75	0.8096	0.881	0	4	4	3	3	2	2
DN_NC_073244.2_28072858_4	DN_NC_073244.2_28333451_4	4	4	4	2	2	2	0.5	0.867	0.9444	0	4	4	2	2	2	1
DN_NC_073244.2_28072858_4	DN_NC_073244.2_28588105_4	4	4	4	3	3	3	0.75	0.8101	0.8968	0	4	4	3	3	2	2
DN_NC_073244.2_28072858_4	DN_NC_073244.2_28711447_4	4	5	4	3	3	3	0.75	0.8178	0.9286	0	4	4	3	3	2	2
DN_NC_073244.2_28072858_4	DN_NC_073244.2_28820229_4	4	4	4	3	3	3	0.75	0.808	0.9048	0	3	3	3	3	2	1
DN_NC_073244.2_28072858_4	DN_NC_073244.2_29046961_4	4	4	4	3	3	3	0.75	0.8192	0.8889	0	4	4	3	3	2	2
DN_NC_073244.2_28072858_4	DN_NC_073244.2_29232445_4	4	4	4	3	3	3	0.75	0.8599	0.8889	0	4	4	4	3	3	3
DN_NC_073244.2_28072858_4	DN_NC_073244.2_29297022_4	4	4	4	2	2	2	0.5	0.8498	0.9206	0	4	4	3	2	2	1
DN_NC_073244.2_28072858_4	DN_NC_073244.2_29557605_4	4	4	4	3	3	3	0.75	0.8318	0.9365	0	4	4	4	3	2	2
DN_NC_073244.2_28072858_4	DN_NC_073244.2_29680825_2	4	2	2	1	1	1	0.5	0.7347	0.7347	1	2	2	1	1	0	0
DN_NC_073244.2_28072858_4	DN_NC_073244.2_29970261_4	4	4	4	3	3	3	0.75	0.8231	0.9206	0	4	4	4	3	2	2
DN_NC_073244.2_28072858_4	DN_NC_073244.2_30067652_4	4	4	4	2	2	2	0.5	0.8563	0.9127	0	4	4	3	2	2	2
DN_NC_073244.2_28072858_4	DN_NC_073244.2_30090650_6	4	6	4	2	2	2	0.5	0.8104	0.8421	0	4	3	3	2	2	1
DN_NC_073244.2_28072858_4	DN_NC_073244.2_30438386_2	4	2	2	1	1	1	0.5	0.7143	0.7143	1	2	2	1	1	0	0
DN_NC_073244.2_28072858_4	DN_NC_073244.2_64340366_4	4	4	4	1	1	1	0.25	0.8175	0.8175	1	3	2	1	1	1	1
DN_NC_073244.2_28072858_4	DN_NC_073244.2_64368633_7	4	7	4	1	1	1	0.25	0.8095	0.8095	1	4	2	1	1	1	1
DN_NC_073244.2_28072858_4	DN_NC_073244.2_64585864_4	4	4	4	1	1	1	0.25	0.7857	0.7857	1	3	1	1	1	1	0
DN_NC_073244.2_28072858_4	DN_NC_073244.2_64836827_4	4	4	4	1	1	1	0.25	0.7857	0.7857	1	3	1	1	1	1	0
DN_NC_073244.2_28072858_4	DN_NC_073244.2_65046428_4	4	3	3	1	1	1	0.3333	0.825	0.825	1	3	1	1	1	1	1
DN_NC_073244.2_28072858_4	DN_NC_073244.2_65293743_4	4	4	4	1	1	1	0.25	0.8016	0.8016	1	3	1	1	1	1	1
DN_NC_073244.2_28072858_4	DN_NC_073244.2_65398487_4	4	4	4	1	1	1	0.25	0.7937	0.7937	1	2	1	1	1	1	0
DN_NC_073244.2_28072858_4	DN_NC_073246.2_15789320_2	4	2	2	0	0	0	0.0	0.0	0.0	0	2	1	0	0	0	0
DN_NC_073244.2_28256975_5	DN_NC_073244.2_28333451_4	5	4	4	2	2	2	0.5	0.8945	0.9048	0	4	4	3	2	2	2
DN_NC_073244.2_28256975_5	DN_NC_073244.2_28588105_4	5	4	4	3	3	3	0.75	0.8952	0.9474	0	4	4	4	3	3	3
DN_NC_073244.2_28256975_5	DN_NC_073244.2_28711447_4	5	5	5	3	3	3	0.6	0.8802	0.9048	0	4	4	4	3	3	3
DN_NC_073244.2_28256975_5	DN_NC_073244.2_28820229_4	5	4	4	3	3	3	0.75	0.816	0.8889	0	4	4	3	3	2	2
DN_NC_073244.2_28256975_5	DN_NC_073244.2_29046961_4	5	4	4	4	4	4	1.0	0.8349	0.8842	0	4	4	4	4	3	3
DN_NC_073244.2_28256975_5	DN_NC_073244.2_29232445_4	5	4	4	3	3	3	0.75	0.8322	0.8737	0	3	3	3	3	3	2
DN_NC_073244.2_28256975_5	DN_NC_073244.2_29297022_4	5	4	4	3	3	3	0.75	0.8622	0.8968	0	4	4	4	3	3	3
DN_NC_073244.2_28256975_5	DN_NC_073244.2_29557605_4	5	4	4	4	4	4	1.0	0.8485	0.9263	0	4	4	4	4	3	3
DN_NC_073244.2_28256975_5	DN_NC_073244.2_29680825_2	5	2	2	1	1	1	0.5	0.8707	0.8707	1	2	2	1	1	1	1
DN_NC_073244.2_28256975_5	DN_NC_073244.2_29970261_4	5	4	4	3	3	3	0.75	0.8588	0.8651	0	3	3	3	3	3	3
DN_NC_073244.2_28256975_5	DN_NC_073244.2_30067652_4	5	4	4	3	3	3	0.75	0.8768	0.9048	0	4	4	4	3	3	3
DN_NC_073244.2_28256975_5	DN_NC_073244.2_30090650_6	5	6	5	2	2	2	0.4	0.8113	0.8526	0	4	3	2	2	2	1
DN_NC_073244.2_28256975_5	DN_NC_073244.2_30438386_2	5	2	2	2	2	2	1.0	0.7898	0.8617	0	2	2	2	2	1	1
DN_NC_073244.2_28256975_5	DN_NC_073244.2_64585864_4	5	4	4	1	1	1	0.25	0.8095	0.8095	1	2	1	1	1	1	1
DN_NC_073244.2_28256975_5	DN_NC_073244.2_64759228_5	5	5	5	1	1	1	0.2	0.8095	0.8095	1	3	1	1	1	1	1
DN_NC_073244.2_28256975_5	DN_NC_073244.2_64797239_5	5	5	5	1	1	1	0.2	0.8016	0.8016	1	3	1	1	1	1	1
DN_NC_073244.2_28256975_5	DN_NC_073244.2_65326089_4	5	4	4	1	1	1	0.25	0.8016	0.8095	1	2	1	1	1	1	1
DN_NC_073244.2_28256975_5	DN_NC_073244.2_65398487_4	5	4	4	1	1	1	0.25	0.8095	0.8175	1	2	1	1	1	1	1
DN_NC_073244.2_28256975_5	DN_NC_073246.2_15789320_2	5	2	2	0	0	0	0.0	0.0	0.0	0	2	1	1	0	0	0
DN_NC_073244.2_28333451_4	DN_NC_073244.2_28711447_4	4	5	4	3	3	3	0.75	0.8346	0.9524	0	4	4	3	3	2	2
DN_NC_073244.2_28333451_4	DN_NC_073244.2_28820229_4	4	4	4	3	3	3	0.75	0.8174	0.9206	0	4	4	3	3	2	2
DN_NC_073244.2_28333451_4	DN_NC_073244.2_29046961_4	4	4	4	2	2	2	0.5	0.8827	0.9127	0	4	4	3	2	2	2
DN_NC_073244.2_28333451_4	DN_NC_073244.2_29232445_4	4	4	4	3	3	3	0.75	0.8272	0.9206	0	3	3	3	3	2	2
DN_NC_073244.2_28333451_4	DN_NC_073244.2_29297022_4	4	4	4	3	3	3	0.75	0.8197	0.9444	0	4	3	3	3	2	2
DN_NC_073244.2_28333451_4	DN_NC_073244.2_29557605_4	4	4	4	3	3	3	0.75	0.8636	0.9762	0	4	4	4	3	2	2
DN_NC_073244.2_28333451_4	DN_NC_073244.2_29680825_2	4	2	2	1	1	1	0.5	0.7307	0.7307	1	2	1	1	1	0	0
DN_NC_073244.2_28333451_4	DN_NC_073244.2_29970261_4	4	4	4	2	2	2	0.5	0.8879	0.9127	0	3	3	2	2	2	2
DN_NC_073244.2_28333451_4	DN_NC_073244.2_30067652_4	4	4	4	2	2	2	0.5	0.8998	0.9365	0	4	3	3	2	2	2
DN_NC_073244.2_28333451_4	DN_NC_073244.2_30090650_6	4	6	4	4	4	4	1.0	0.785	0.8211	0	4	4	4	4	3	1
DN_NC_073244.2_28333451_4	DN_NC_073244.2_30438386_2	4	2	2	0	0	0	0.0	0.0	0.0	0	2	2	1	0	0	0
DN_NC_073244.2_28333451_4	DN_NC_073244.2_64340366_4	4	4	4	1	1	1	0.25	0.8413	0.8413	1	4	2	1	1	1	1
DN_NC_073244.2_28333451_4	DN_NC_073244.2_64400145_5	4	5	4	1	1	1	0.25	0.8175	0.8175	1	3	3	1	1	1	1
DN_NC_073244.2_28333451_4	DN_NC_073244.2_64585864_4	4	4	4	1	1	1	0.25	0.8095	0.8095	1	2	2	1	1	1	1
DN_NC_073244.2_28333451_4	DN_NC_073244.2_64672255_4	4	4	4	1	1	1	0.25	0.7619	0.7619	1	2	2	1	1	1	0
DN_NC_073244.2_28333451_4	DN_NC_073244.2_64724127_4	4	4	4	1	1	1	0.25	0.754	0.754	1	3	2	1	1	1	0
DN_NC_073244.2_28333451_4	DN_NC_073244.2_64836827_4	4	4	4	1	1	1	0.25	0.7937	0.7937	1	3	1	1	1	1	0
DN_NC_073244.2_28333451_4	DN_NC_073244.2_65293743_4	4	4	4	1	1	1	0.25	0.8254	0.8254	1	2	2	1	1	1	1
DN_NC_073244.2_28333451_4	DN_NC_073244.2_65398487_4	4	4	4	1	1	1	0.25	0.8175	0.8175	1	3	2	1	1	1	1
DN_NC_073244.2_28333451_4	DN_NC_073246.2_15789320_2	4	2	2	0	0	0	0.0	0.0	0.0	0	2	1	1	0	0	0
DN_NC_073244.2_28588105_4	DN_NC_073244.2_28711447_4	4	5	4	3	3	3	0.75	0.8765	0.9127	0	4	4	4	3	3	3
DN_NC_073244.2_28588105_4	DN_NC_073244.2_28820229_4	4	4	4	3	3	3	0.75	0.8419	0.9206	0	4	4	4	3	2	2
DN_NC_073244.2_28588105_4	DN_NC_073244.2_29046961_4	4	4	4	3	3	3	0.75	0.8907	0.9158	0	4	4	4	3	3	3
DN_NC_073244.2_28588105_4	DN_NC_073244.2_29232445_4	4	4	4	3	3	3	0.75	0.8484	0.9053	0	3	3	3	3	2	2
DN_NC_073244.2_28588105_4	DN_NC_073244.2_29297022_4	4	4	4	4	4	4	1.0	0.817	0.9048	0	4	4	4	4	3	2
DN_NC_073244.2_28588105_4	DN_NC_073244.2_29557605_4	4	4	4	4	4	4	1.0	0.8577	0.9368	0	4	4	4	4	3	3
DN_NC_073244.2_28588105_4	DN_NC_073244.2_29680825_4	4	4	4	3	3	3	0.75	0.8768	0.8968	0	4	4	4	3	3	3
DN_NC_073244.2_28588105_4	DN_NC_073244.2_29970261_4	4	4	4	4	4	4	1.0	0.838	0.873	0	4	4	4	4	4	3
DN_NC_073244.2_28588105_4	DN_NC_073244.2_30067652_4	4	4	4	4	4	4	1.0	0.8339	0.8968	0	4	4	4	4	3	3
DN_NC_073244.2_28588105_4	DN_NC_073244.2_30438340_4	4	4	4	4	4	4	1.0	0.8488	0.9263	0	4	4	4	4	3	3
DN_NC_073244.2_28711447_2	DN_NC_073244.2_28820229_4	2	4	2	2	2	2	1.0	0.7149	0.7285	0	2	2	2	2	0	0
DN_NC_073244.2_28711447_2	DN_NC_073244.2_29046961_4	2	4	2	1	1	1	0.5	0.8432	0.8432	1	2	2	2	1	1	1
DN_NC_073244.2_28711447_2	DN_NC_073244.2_29557605_4	2	4	2	2	2	2	1.0	0.7833	0.8387	0	2	2	2	2	1	1
DN_NC_073244.2_28711447_2	DN_NC_073244.2_29970261_4	2	4	2	2	2	2	1.0	0.8001	0.8152	0	2	2	2	2	2	1
DN_NC_073244.2_28711447_2	DN_NC_073244.2_30067652_4	2	4	2	1	1	1	0.5	0.8112	0.8112	1	2	2	2	1	1	1
DN_NC_073244.2_28711447_2	DN_NC_073244.2_30090650_6	2	6	2	1	1	1	0.5	0.7749	0.7749	1	2	1	1	1	1	0
DN_NC_073244.2_28711447_2	DN_NC_073244.2_64081943_4	2	4	2	0	0	0	0.0	0.0	0.0	0	2	1	0	0	0	0
DN_NC_073244.2_28711447_2	DN_NC_073244.2_64500861_5	2	5	2	0	0	0	0.0	0.0	0.0	0	2	1	0	0	0	0
DN_NC_073244.2_28711447_2	DN_NC_073244.2_64672255_4	2	4	2	0	0	0	0.0	0.0	0.0	0	2	1	0	0	0	0
DN_NC_073244.2_28711447_2	DN_NC_073244.2_64724127_4	2	4	2	0	0	0	0.0	0.0	0.0	0	2	1	0	0	0	0
DN_NC_073244.2_28711447_2	DN_NC_073244.2_64759228_5	2	5	2	0	0	0	0.0	0.0	0.0	0	2	1	0	0	0	0
DN_NC_073244.2_28711447_2	DN_NC_073244.2_64797239_5	2	5	2	0	0	0	0.0	0.0	0.0	0	2	1	0	0	0	0
DN_NC_073244.2_28711447_2	DN_NC_073244.2_64860608_4	2	4	2	0	0	0	0.0	0.0	0.0	0	2	1	0	0	0	0
DN_NC_073244.2_28711447_2	DN_NC_073244.2_65293743_4	2	4	2	0	0	0	0.0	0.0	0.0	0	2	1	0	0	0	0
DN_NC_073244.2_28711447_2	DN_NC_073244.2_65326089_4	2	4	2	0	0	0	0.0	0.0	0.0	0	2	1	0	0	0	0
DN_NC_073244.2_28711447_4	DN_NC_073244.2_29232445_4	5	4	4	3	3	3	0.75	0.8179	0.9048	0	3	3	3	3	2	2
DN_NC_073244.2_28711447_4	DN_NC_073244.2_29297022_4	5	4	4	4	4	4	1.0	0.8819	0.9524	0	4	4	4	4	4	3
DN_NC_073244.2_28711447_4	DN_NC_073244.2_29680825_2	5	2	2	2	2	2	1.0	0.7801	0.8299	0	2	2	2	2	1	1
DN_NC_073244.2_28711447_4	DN_NC_073244.2_30438340_4	5	4	4	3	3	3	0.75	0.8786	0.9127	0	4	4	4	3	3	3
DN_NC_073244.2_28711447_4	DN_NC_073244.2_64034715_7	5	7	5	1	1	1	0.2	0.8095	0.8095	1	4	3	1	1	1	1
DN_NC_073244.2_28711447_4	DN_NC_073244.2_64125568_5	5	5	5	1	1	1	0.2	0.8333	0.8333	1	3	2	1	1	1	1
DN_NC_073244.2_28711447_4	DN_NC_073244.2_64340366_4	5	4	4	1	1	1	0.25	0.8492	0.8492	1	4	3	1	1	1	1
DN_NC_073244.2_28711447_4	DN_NC_073244.2_64400145_5	5	5	5	1	1	1	0.2	0.8175	0.8254	1	4	3	1	1	1	1
DN_NC_073244.2_28711447_4	DN_NC_073244.2_64585864_4	5	4	4	1	1	1	0.25	0.8175	0.8254	1	2	2	1	1	1	1
DN_NC_073244.2_28711447_4	DN_NC_073244.2_64836827_4	5	4	4	1	1	1	0.25	0.8016	0.8095	1	3	1	1	1	1	1
DN_NC_073244.2_28711447_4	DN_NC_073244.2_64908457_4	5	4	4	1	1	1	0.25	0.7937	0.7937	1	3	2	2	1	1	0
DN_NC_073244.2_28711447_4	DN_NC_073244.2_65003440_7	5	7	5	1	1	1	0.2	0.8413	0.8413	1	3	3	1	1	1	1
DN_NC_073244.2_28711447_4	DN_NC_073244.2_65046428_2	5	4	4	1	1	1	0.25	0.8667	0.8667	1	2	2	1	1	1	1
DN_NC_073244.2_28711447_4	DN_NC_073244.2_65266359_4	5	4	4	1	1	1	0.25	0.7937	0.8016	1	2	2	1	1	1	1
DN_NC_073244.2_28711447_4	DN_NC_073244.2_65362909_5	5	5	5	1	1	1	0.2	0.7857	0.7937	1	4	2	1	1	1	0
DN_NC_073244.2_28711447_4	DN_NC_073244.2_65398487_4	5	4	4	1	1	1	0.25	0.8175	0.8254	1	3	2	1	1	1	1
DN_NC_073244.2_28711447_4	DN_NC_073246.2_15789285_3	5	3	3	1	1	1	0.3333	0.8571	0.8651	1	3	2	2	1	1	1
DN_NC_073244.2_28820229_4	DN_NC_073244.2_29046961_4	4	4	4	3	3	3	0.75	0.8216	0.881	0	4	4	3	3	2	2
DN_NC_073244.2_28820229_4	DN_NC_073244.2_29232445_4	4	4	4	3	3	3	0.75	0.8263	0.9127	0	3	3	3	3	2	2
DN_NC_073244.2_28820229_4	DN_NC_073244.2_29297022_4	4	4	4	2	2	2	0.5	0.8576	0.9048	0	4	4	4	2	2	2
DN_NC_073244.2_28820229_4	DN_NC_073244.2_29557605_4	4	4	4	2	2	2	0.5	0.8866	0.9206	0	3	3	3	2	2	2
DN_NC_073244.2_28820229_4	DN_NC_073244.2_29680825_2	4	2	2	2	2	2	1.0	0.7334	0.7483	0	2	2	2	2	0	0
DN_NC_073244.2_28820229_4	DN_NC_073244.2_29970261_4	4	4	4	3	3	3	0.75	0.802	0.873	0	3	3	3	3	2	2
DN_NC_073244.2_28820229_4	DN_NC_073244.2_30067652_4	4	4	4	3	3	3	0.75	0.8055	0.9127	0	4	4	3	3	2	1
DN_NC_073244.2_28820229_4	DN_NC_073244.2_30090650_6	4	6	4	2	2	2	0.5	0.7946	0.8105	0	3	2	2	2	2	1
DN_NC_073244.2_28820229_4	DN_NC_073244.2_64125568_5	4	5	4	1	1	1	0.25	0.8254	0.8254	1	3	2	1	1	1	1
DN_NC_073244.2_28820229_4	DN_NC_073244.2_64340366_4	4	4	4	1	1	1	0.25	0.8413	0.8413	1	3	2	1	1	1	1
DN_NC_073244.2_28820229_4	DN_NC_073244.2_64500861_5	4	5	4	1	1	1	0.25	0.7302	0.7302	1	2	2	1	1	0	0
DN_NC_073244.2_28820229_4	DN_NC_073244.2_64618758_7	4	7	4	1	1	1	0.25	0.7798	0.7798	1	2	1	1	1	1	0
DN_NC_073244.2_28820229_4	DN_NC_073244.2_64724127_4	4	4	4	1	1	1	0.25	0.7381	0.7381	1	3	2	1	1	0	0
DN_NC_073244.2_28820229_4	DN_NC_073244.2_64759228_5	4	5	4	1	1	1	0.25	0.8175	0.8175	1	3	2	1	1	1	1
DN_NC_073244.2_28820229_4	DN_NC_073244.2_64797239_5	4	5	4	1	1	1	0.25	0.7937	0.7937	1	4	2	1	1	1	0
DN_NC_073244.2_28820229_4	DN_NC_073244.2_64836827_4	4	4	4	1	1	1	0.25	0.7857	0.7857	1	3	1	1	1	1	0
DN_NC_073244.2_28820229_4	DN_NC_073244.2_64860608_4	4	4	4	1	1	1	0.25	0.7937	0.7937	1	3	1	1	1	1	0
DN_NC_073244.2_28820229_4	DN_NC_073244.2_65266359_4	4	4	4	1	1	1	0.25	0.7937	0.7937	1	3	2	1	1	1	0
DN_NC_073244.2_28820229_4	DN_NC_073244.2_65398487_4	4	4	4	1	1	1	0.25	0.8175	0.8175	1	3	2	1	1	1	1
DN_NC_073244.2_28820229_4	DN_NC_073246.2_15789320_2	4	2	2	0	0	0	0.0	0.0	0.0	0	2	1	0	0	0	0
DN_NC_073244.2_29046961_4	DN_NC_073244.2_29232445_4	4	4	4	3	3	3	0.75	0.8355	0.873	0	3	3	3	3	3	2
DN_NC_073244.2_29046961_4	DN_NC_073244.2_29297022_4	4	4	4	3	3	3	0.75	0.8597	0.9206	0	4	4	4	3	3	3
DN_NC_073244.2_29046961_4	DN_NC_073244.2_29557605_4	4	4	4	4	4	4	1.0	0.8407	0.9127	0	4	4	4	4	3	3
DN_NC_073244.2_29046961_4	DN_NC_073244.2_29680825_2	4	2	2	1	1	1	0.5	0.8571	0.8571	1	2	2	2	1	1	1
DN_NC_073244.2_29046961_4	DN_NC_073244.2_29970261_4	4	4	4	3	3	3	0.75	0.8727	0.8968	0	3	3	3	3	3	3
DN_NC_073244.2_29046961_4	DN_NC_073244.2_30067652_4	4	4	4	4	4	4	1.0	0.823	0.8889	0	4	4	4	4	3	3
DN_NC_073244.2_29046961_4	DN_NC_073244.2_30090650_6	4	6	4	3	3	3	0.75	0.8081	0.8632	0	4	4	3	3	3	2
DN_NC_073244.2_29046961_4	DN_NC_073244.2_30438386_2	4	2	2	2	2	2	1.0	0.7851	0.8595	0	2	2	2	2	1	1
DN_NC_073244.2_29046961_4	DN_NC_073244.2_64125568_5	4	5	4	1	1	1	0.25	0.7857	0.7857	1	3	1	1	1	1	0
DN_NC_073244.2_29046961_4	DN_NC_073244.2_64340366_4	4	4	4	1	1	1	0.25	0.8333	0.8333	1	3	2	1	1	1	1
DN_NC_073244.2_29046961_4	DN_NC_073244.2_64500861_5	4	5	4	1	1	1	0.25	0.7222	0.7222	1	3	1	1	1	0	0
DN_NC_073244.2_29046961_4	DN_NC_073244.2_64585864_4	4	4	4	1	1	1	0.25	0.7937	0.7937	1	2	2	1	1	1	0
DN_NC_073244.2_29046961_4	DN_NC_073244.2_64672255_4	4	4	4	1	1	1	0.25	0.7302	0.7302	1	2	1	1	1	0	0
DN_NC_073244.2_29046961_4	DN_NC_073244.2_64724127_4	4	4	4	1	1	1	0.25	0.7222	0.7222	1	3	1	1	1	0	0
DN_NC_073244.2_29046961_4	DN_NC_073244.2_64759228_5	4	5	4	1	1	1	0.25	0.8016	0.8016	1	3	1	1	1	1	1
DN_NC_073244.2_29046961_4	DN_NC_073244.2_64797239_5	4	5	4	1	1	1	0.25	0.7857	0.7857	1	3	1	1	1	1	0
DN_NC_073244.2_29046961_4	DN_NC_073244.2_64836827_4	4	4	4	1	1	1	0.25	0.7937	0.7937	1	2	1	1	1	1	0
DN_NC_073244.2_29046961_4	DN_NC_073244.2_65003440_7	4	7	4	1	1	1	0.25	0.8016	0.8016	1	4	2	2	1	1	1
DN_NC_073244.2_29046961_4	DN_NC_073244.2_65046428_2	4	4	4	1	1	1	0.25	0.8	0.8	1	2	2	1	1	1	1
DN_NC_073244.2_29046961_4	DN_NC_073244.2_65266359_4	4	4	4	1	1	1	0.25	0.7937	0.7937	1	2	1	1	1	1	0
DN_NC_073244.2_29046961_4	DN_NC_073244.2_65293743_4	4	4	4	1	1	1	0.25	0.8175	0.8175	1	2	1	1	1	1	1
DN_NC_073244.2_29046961_4	DN_NC_073244.2_65398487_4	4	4	4	1	1	1	0.25	0.8095	0.8095	1	2	1	1	1	1	1
DN_NC_073244.2_29046961_4	DN_NC_073246.2_15789285_3	4	3	3	1	1	1	0.3333	0.8333	0.8333	1	3	2	2	1	1	1
DN_NC_073244.2_29232445_4	DN_NC_073244.2_29297022_4	4	4	4	2	2	2	0.5	0.8471	0.9048	0	2	2	2	2	2	1
DN_NC_073244.2_29232445_4	DN_NC_073244.2_29557605_4	4	4	4	4	4	4	1.0	0.8342	0.9206	0	4	4	4	4	3	3
DN_NC_073244.2_29232445_4	DN_NC_073244.2_29680825_4	4	4	4	2	2	2	0.5	0.8444	0.8889	0	2	2	2	2	2	2
DN_NC_073244.2_29232445_4	DN_NC_073244.2_29970261_4	4	4	4	3	3	3	0.75	0.8037	0.8651	0	3	3	3	3	2	2
DN_NC_073244.2_29232445_4	DN_NC_073244.2_30067652_4	4	4	4	2	2	2	0.5	0.855	0.8889	0	2	2	2	2	2	2
DN_NC_073244.2_29232445_4	DN_NC_073244.2_30090650_6	4	6	4	3	3	3	0.75	0.7605	0.8105	0	4	4	3	3	2	1
DN_NC_073244.2_29232445_4	DN_NC_073244.2_30438340_4	4	4	4	3	3	3	0.75	0.8244	0.8889	0	3	3	3	3	2	2
DN_NC_073244.2_29232445_4	DN_NC_073244.2_64125568_5	4	5	4	1	1	1	0.25	0.8175	0.8175	1	3	2	1	1	1	1
DN_NC_073244.2_29232445_4	DN_NC_073244.2_64231369_4	4	4	4	1	1	1	0.25	0.8333	0.8333	1	4	3	1	1	1	1
DN_NC_073244.2_29232445_4	DN_NC_073244.2_64368633_7	4	7	4	1	1	1	0.25	0.8175	0.8175	1	4	3	1	1	1	1
DN_NC_073244.2_29232445_4	DN_NC_073244.2_64400145_5	4	5	4	1	1	1	0.25	0.8095	0.8095	1	3	3	1	1	1	1
DN_NC_073244.2_29232445_4	DN_NC_073244.2_65046428_2	4	4	4	1	1	1	0.25	0.8083	0.8083	1	3	2	1	1	1	1
DN_NC_073244.2_29232445_4	DN_NC_073246.2_15789285_3	4	3	3	1	1	1	0.3333	0.8413	0.8413	1	1	1	1	1	1	1
DN_NC_073244.2_29297022_4	DN_NC_073244.2_29557605_4	4	4	4	4	4	4	1.0	0.8316	0.9524	0	4	4	4	4	3	2
DN_NC_073244.2_29297022_4	DN_NC_073244.2_29680825_4	4	4	4	3	3	3	0.75	0.8831	0.9444	0	4	4	4	3	3	3
DN_NC_073244.2_29297022_4	DN_NC_073244.2_29970261_4	4	4	4	3	3	3	0.75	0.8592	0.9206	0	3	3	3	3	3	3
DN_NC_073244.2_29297022_4	DN_NC_073244.2_30067652_4	4	4	4	3	3	3	0.75	0.8483	0.9286	0	4	4	4	3	3	3
DN_NC_073244.2_29297022_4	DN_NC_073244.2_30090650_6	4	6	4	2	2	2	0.5	0.8237	0.8421	0	4	2	2	2	2	2
DN_NC_073244.2_29297022_4	DN_NC_073244.2_30438386_2	4	2	2	1	1	1	0.5	0.7979	0.7979	1	2	2	2	1	1	0
DN_NC_073244.2_29297022_4	DN_NC_073244.2_64034715_7	4	7	4	1	1	1	0.25	0.8095	0.8095	1	4	3	1	1	1	1
DN_NC_073244.2_29297022_4	DN_NC_073244.2_64125568_5	4	5	4	1	1	1	0.25	0.8254	0.8254	1	3	2	1	1	1	1
DN_NC_073244.2_29297022_4	DN_NC_073244.2_64400145_5	4	5	4	1	1	1	0.25	0.7937	0.8016	1	3	2	1	1	1	1
DN_NC_073244.2_29297022_4	DN_NC_073244.2_64585864_4	4	4	4	1	1	1	0.25	0.8095	0.8095	1	2	2	1	1	1	1
DN_NC_073244.2_29297022_4	DN_NC_073244.2_64618758_7	4	7	4	1	1	1	0.25	0.8073	0.8073	1	1	1	1	1	1	1
DN_NC_073244.2_29297022_4	DN_NC_073244.2_64672255_4	4	4	4	1	1	1	0.25	0.7698	0.7698	1	2	1	1	1	1	0
DN_NC_073244.2_29297022_4	DN_NC_073244.2_64724127_4	4	4	4	1	1	1	0.25	0.7619	0.7619	1	3	1	1	1	1	0
DN_NC_073244.2_29297022_4	DN_NC_073244.2_64759228_5	4	5	4	1	1	1	0.25	0.8175	0.8175	1	2	1	1	1	1	1
DN_NC_073244.2_29297022_4	DN_NC_073244.2_64797239_5	4	5	4	1	1	1	0.25	0.8016	0.8016	1	3	1	1	1	1	1
DN_NC_073244.2_29297022_4	DN_NC_073244.2_64836827_4	4	4	4	1	1	1	0.25	0.8095	0.8095	1	3	1	1	1	1	1
DN_NC_073244.2_29297022_4	DN_NC_073244.2_64860608_4	4	4	4	1	1	1	0.25	0.8175	0.8175	1	2	1	1	1	1	1
DN_NC_073244.2_29297022_4	DN_NC_073244.2_64908457_4	4	4	4	1	1	1	0.25	0.8016	0.8016	1	2	2	1	1	1	1
DN_NC_073244.2_29297022_4	DN_NC_073244.2_65266359_4	4	4	4	1	1	1	0.25	0.7857	0.7937	1	2	2	1	1	1	0
DN_NC_073244.2_29297022_4	DN_NC_073244.2_65293743_4	4	4	4	1	1	1	0.25	0.8175	0.8254	1	2	1	1	1	1	1
DN_NC_073244.2_29297022_4	DN_NC_073244.2_65326089_4	4	4	4	1	1	1	0.25	0.8016	0.8095	1	2	1	1	1	1	1
DN_NC_073244.2_29297022_4	DN_NC_073244.2_65362909_5	4	5	4	1	1	1	0.25	0.7937	0.8016	1	3	1	1	1	1	1
DN_NC_073244.2_29297022_4	DN_NC_073244.2_65398487_4	4	4	4	1	1	1	0.25	0.8095	0.8175	1	2	1	1	1	1	1
DN_NC_073244.2_29297022_4	DN_NC_073246.2_15789285_3	4	3	3	1	1	1	0.3333	0.8492	0.8571	1	3	2	1	1	1	1
DN_NC_073244.2_29557605_4	DN_NC_073244.2_29680825_4	4	4	4	3	3	3	0.75	0.8856	0.9444	0	3	3	3	3	3	3
DN_NC_073244.2_29557605_4	DN_NC_073244.2_29970261_4	4	4	4	4	4	4	1.0	0.8601	0.9206	0	4	4	4	4	4	3
DN_NC_073244.2_29557605_4	DN_NC_073244.2_30067652_4	4	4	4	3	3	3	0.75	0.8778	0.9444	0	3	3	3	3	3	3
DN_NC_073244.2_29557605_4	DN_NC_073244.2_30090650_6	4	6	4	3	3	3	0.75	0.8026	0.8632	0	4	4	3	3	2	1
DN_NC_073244.2_29557605_4	DN_NC_073244.2_30438340_4	4	4	4	4	4	4	1.0	0.8502	0.9206	0	4	4	4	4	3	3
DN_NC_073244.2_29557605_4	DN_NC_073244.2_64034715_7	4	7	4	1	1	1	0.25	0.8016	0.8016	1	4	3	2	1	1	1
DN_NC_073244.2_29557605_4	DN_NC_073244.2_64081943_4	4	4	4	1	1	1	0.25	0.8016	0.8016	1	2	1	1	1	1	1
DN_NC_073244.2_29557605_4	DN_NC_073244.2_64125568_5	4	5	4	1	1	1	0.25	0.8333	0.8333	1	3	2	1	1	1	1
DN_NC_073244.2_29557605_4	DN_NC_073244.2_64340366_4	4	4	4	1	1	1	0.25	0.8413	0.8413	1	3	3	2	1	1	1
DN_NC_073244.2_29557605_4	DN_NC_073244.2_64368633_7	4	7	4	1	1	1	0.25	0.8333	0.8333	1	4	3	1	1	1	1
DN_NC_073244.2_29557605_4	DN_NC_073244.2_64500861_5	4	5	4	1	1	1	0.25	0.746	0.746	1	3	2	1	1	0	0
DN_NC_073244.2_29557605_4	DN_NC_073244.2_64585864_4	4	4	4	1	1	1	0.25	0.8175	0.8175	1	3	2	1	1	1	1
DN_NC_073244.2_29557605_4	DN_NC_073244.2_64724127_4	4	4	4	1	1	1	0.25	0.7619	0.7619	1	3	2	1	1	1	0
DN_NC_073244.2_29557605_4	DN_NC_073244.2_64759228_5	4	5	4	1	1	1	0.25	0.8254	0.8254	1	3	2	1	1	1	1
DN_NC_073244.2_29557605_4	DN_NC_073244.2_64797239_5	4	5	4	1	1	1	0.25	0.8095	0.8095	1	3	2	1	1	1	1
DN_NC_073244.2_29557605_4	DN_NC_073244.2_64836827_4	4	4	4	1	1	1	0.25	0.8016	0.8016	1	3	1	1	1	1	1
DN_NC_073244.2_29557605_4	DN_NC_073244.2_64908457_4	4	4	4	1	1	1	0.25	0.8016	0.8016	1	3	2	1	1	1	1
DN_NC_073244.2_29557605_4	DN_NC_073244.2_65266359_4	4	4	4	1	1	1	0.25	0.7937	0.7937	1	2	1	1	1	1	0
DN_NC_073244.2_29557605_4	DN_NC_073244.2_65362909_5	4	5	4	1	1	1	0.25	0.7857	0.7857	1	3	2	1	1	1	0
DN_NC_073244.2_29557605_4	DN_NC_073244.2_65398487_4	4	4	4	1	1	1	0.25	0.8175	0.8175	1	2	2	1	1	1	1
DN_NC_073244.2_29557605_4	DN_NC_073246.2_15789320_2	4	2	2	0	0	0	0.0	0.0	0.0	0	2	2	1	0	0	0
DN_NC_073244.2_29680825_2	DN_NC_073244.2_30067652_4	2	4	2	1	1	1	0.5	0.8435	0.8435	1	2	2	1	1	1	1
DN_NC_073244.2_29680825_2	DN_NC_073244.2_64306022_6	2	6	2	0	0	0	0.0	0.0	0.0	0	1	0	0	0	0	0
DN_NC_073244.2_29680825_2	DN_NC_073244.2_64368633_7	2	7	2	0	0	0	0.0	0.0	0.0	0	2	0	0	0	0	0
DN_NC_073244.2_29680825_2	DN_NC_073244.2_64400145_5	2	5	2	0	0	0	0.0	0.0	0.0	0	1	0	0	0	0	0
DN_NC_073244.2_29680825_2	DN_NC_073244.2_64724127_4	2	4	2	0	0	0	0.0	0.0	0.0	0	2	1	0	0	0	0
DN_NC_073244.2_29680825_2	DN_NC_073244.2_64908457_4	2	4	2	0	0	0	0.0	0.0	0.0	0	1	0	0	0	0	0
DN_NC_073244.2_29680825_2	DN_NC_073244.2_65266359_4	2	4	2	0	0	0	0.0	0.0	0.0	0	2	1	0	0	0	0
DN_NC_073244.2_29680825_4	DN_NC_073244.2_29970261_4	4	4	4	3	3	3	0.75	0.8817	0.9286	0	3	3	3	3	3	3
DN_NC_073244.2_29680825_4	DN_NC_073244.2_30438340_4	4	4	4	4	4	4	1.0	0.8636	0.9444	0	4	4	4	4	3	3
DN_NC_073244.2_29680825_4	DN_NC_073244.2_64081943_4	4	4	4	1	1	1	0.25	0.7937	0.7937	1	3	1	1	1	1	0
DN_NC_073244.2_29680825_4	DN_NC_073244.2_64125568_5	4	5	4	1	1	1	0.25	0.8254	0.8254	1	3	2	1	1	1	1
DN_NC_073244.2_29680825_4	DN_NC_073244.2_64500861_5	4	5	4	1	1	1	0.25	0.7381	0.7381	1	2	2	1	1	0	0
DN_NC_073244.2_29680825_4	DN_NC_073244.2_64759228_5	4	5	4	1	1	1	0.25	0.8254	0.8254	1	2	2	1	1	1	1
DN_NC_073244.2_29680825_4	DN_NC_073244.2_64797239_5	4	5	4	1	1	1	0.25	0.8095	0.8095	1	3	2	1	1	1	1
DN_NC_073244.2_29680825_4	DN_NC_073244.2_64836827_4	4	4	4	1	1	1	0.25	0.8175	0.8175	1	3	1	1	1	1	1
DN_NC_073244.2_29680825_4	DN_NC_073244.2_64860608_4	4	4	4	1	1	1	0.25	0.8254	0.8254	1	2	1	1	1	1	1
DN_NC_073244.2_29680825_4	DN_NC_073244.2_65003440_7	4	7	4	1	1	1	0.25	0.8413	0.8413	1	3	2	1	1	1	1
DN_NC_073244.2_29680825_4	DN_NC_073244.2_65046428_2	4	4	4	1	1	1	0.25	0.8333	0.8333	1	1	1	1	1	1	1
DN_NC_073244.2_29680825_4	DN_NC_073244.2_65293743_4	4	4	4	1	1	1	0.25	0.8254	0.8254	1	2	2	1	1	1	1
DN_NC_073244.2_29680825_4	DN_NC_073244.2_65398487_4	4	4	4	1	1	1	0.25	0.8175	0.8175	1	2	1	1	1	1	1
DN_NC_073244.2_29680825_4	DN_NC_073246.2_15789320_2	4	2	2	1	1	1	0.5	0.7027	0.7027	1	2	1	1	1	0	0
DN_NC_073244.2_29680825_4	DN_NC_086017.1_41849524_2	4	2	2	0	0	0	0.0	0.0	0.0	0	1	0	0	0	0	0
DN_NC_073244.2_29970261_4	DN_NC_073244.2_30067652_4	4	4	4	3	3	3	0.75	0.871	0.8968	0	3	3	3	3	3	3
DN_NC_073244.2_29970261_4	DN_NC_073244.2_30090650_6	4	6	4	3	3	3	0.75	0.7987	0.8737	0	4	4	3	3	3	1
DN_NC_073244.2_29970261_4	DN_NC_073244.2_30438386_2	4	2	2	2	2	2	1.0	0.8126	0.837	0	2	2	2	2	2	1
DN_NC_073244.2_29970261_4	DN_NC_073244.2_64125568_5	4	5	4	1	1	1	0.25	0.7937	0.7937	1	2	2	1	1	1	0
DN_NC_073244.2_29970261_4	DN_NC_073244.2_64340366_4	4	4	4	1	1	1	0.25	0.8254	0.8254	1	3	2	2	1	1	1
DN_NC_073244.2_29970261_4	DN_NC_073244.2_64368633_7	4	7	4	1	1	1	0.25	0.8095	0.8095	1	4	3	1	1	1	1
DN_NC_073244.2_29970261_4	DN_NC_073244.2_64543447_4	4	4	4	1	1	1	0.25	0.7937	0.7937	1	2	2	1	1	1	0
DN_NC_073244.2_29970261_4	DN_NC_073244.2_64585864_4	4	4	4	1	1	1	0.25	0.8016	0.8016	1	3	2	1	1	1	1
DN_NC_073244.2_29970261_4	DN_NC_073244.2_64672255_4	4	4	4	1	1	1	0.25	0.7619	0.7619	1	1	1	1	1	1	0
DN_NC_073244.2_29970261_4	DN_NC_073244.2_64724127_4	4	4	4	1	1	1	0.25	0.754	0.754	1	2	1	1	1	1	0
DN_NC_073244.2_29970261_4	DN_NC_073244.2_64836827_4	4	4	4	1	1	1	0.25	0.8175	0.8175	1	1	1	1	1	1	1
DN_NC_073244.2_29970261_4	DN_NC_073244.2_65003440_7	4	7	4	1	1	1	0.25	0.8254	0.8254	1	3	2	2	1	1	1
DN_NC_073244.2_29970261_4	DN_NC_073244.2_65266359_4	4	4	4	1	1	1	0.25	0.7937	0.7937	1	1	1	1	1	1	0
DN_NC_073244.2_29970261_4	DN_NC_073244.2_65398487_4	4	4	4	1	1	1	0.25	0.8016	0.8016	1	1	1	1	1	1	1
DN_NC_073244.2_29970261_4	DN_NC_073246.2_15789320_2	4	2	2	0	0	0	0.0	0.0	0.0	0	1	1	0	0	0	0
DN_NC_073244.2_30067652_4	DN_NC_073244.2_30090650_6	4	6	4	2	2	2	0.5	0.8096	0.8316	0	3	3	2	2	2	1
DN_NC_073244.2_30067652_4	DN_NC_073244.2_30438340_4	4	4	4	4	4	4	1.0	0.8246	0.8968	0	4	4	4	4	3	3
DN_NC_073244.2_30067652_4	DN_NC_073244.2_64125568_5	4	5	4	1	1	1	0.25	0.8254	0.8254	1	3	2	1	1	1	1
DN_NC_073244.2_30067652_4	DN_NC_073244.2_64265252_5	4	5	4	1	1	1	0.25	0.8175	0.8175	1	3	1	1	1	1	1
DN_NC_073244.2_30067652_4	DN_NC_073244.2_64340366_4	4	4	4	1	1	1	0.25	0.8175	0.8175	1	4	1	1	1	1	1
DN_NC_073244.2_30067652_4	DN_NC_073244.2_64585864_4	4	4	4	1	1	1	0.25	0.7937	0.7937	1	2	1	1	1	1	0
DN_NC_073244.2_30067652_4	DN_NC_073244.2_64759228_5	4	5	4	1	1	1	0.25	0.8016	0.8016	1	2	2	1	1	1	1
DN_NC_073244.2_30067652_4	DN_NC_073244.2_65266359_4	4	4	4	1	1	1	0.25	0.7698	0.7698	1	2	1	1	1	1	0
DN_NC_073244.2_30067652_4	DN_NC_073244.2_65293743_4	4	4	4	1	1	1	0.25	0.8016	0.8016	1	2	1	1	1	1	1
DN_NC_073244.2_30067652_4	DN_NC_073244.2_65326089_4	4	4	4	1	1	1	0.25	0.7857	0.7857	1	2	1	1	1	1	0
DN_NC_073244.2_30067652_4	DN_NC_073244.2_65398487_4	4	4	4	1	1	1	0.25	0.7937	0.7937	1	2	1	1	1	1	0
DN_NC_073244.2_30090650_6	DN_NC_073244.2_30438386_2	6	2	2	1	1	1	0.5	0.8032	0.8032	1	2	2	1	1	1	1
DN_NC_073244.2_30090650_6	DN_NC_073244.2_65326089_4	6	4	4	1	1	1	0.25	0.708	0.708	1	2	1	1	1	0	0
DN_NC_073244.2_30090650_6	DN_NC_073244.2_70399351_4	6	4	4	0	0	0	0.0	0.0	0.0	0	2	1	0	0	0	0
DN_NC_073244.2_30438340_4	DN_NC_073244.2_64265252_5	4	5	4	1	1	1	0.25	0.8254	0.8254	1	3	2	1	1	1	1
DN_NC_073244.2_30438340_4	DN_NC_073244.2_64340366_4	4	4	4	1	1	1	0.25	0.8254	0.8254	1	4	2	1	1	1	1
DN_NC_073244.2_30438340_4	DN_NC_073244.2_64368633_7	4	7	4	1	1	1	0.25	0.7937	0.7937	1	4	2	1	1	1	0
DN_NC_073244.2_30438340_4	DN_NC_073244.2_64426370_6	4	6	4	1	1	1	0.25	0.754	0.754	1	3	1	1	1	1	0
DN_NC_073244.2_30438340_4	DN_NC_073244.2_65398487_4	4	4	4	1	1	1	0.25	0.8016	0.8016	1	2	1	1	1	1	1
DN_NC_073244.2_30438340_4	DN_NC_073246.2_15789285_3	4	3	3	2	2	2	0.6667	0.7786	0.8571	0	3	3	2	2	1	1
DN_NC_073244.2_30438386_2	DN_NC_073244.2_64618758_7	2	7	2	0	0	0	0.0	0.0	0.0	0	2	1	0	0	0	0
DN_NC_073244.2_30438386_2	DN_NC_073244.2_64672255_4	2	4	2	0	0	0	0.0	0.0	0.0	0	2	0	0	0	0	0
DN_NC_073244.2_30438386_2	DN_NC_073244.2_64724127_4	2	4	2	0	0	0	0.0	0.0	0.0	0	2	0	0	0	0	0
DN_NC_073244.2_30438386_2	DN_NC_073244.2_64759228_5	2	5	2	0	0	0	0.0	0.0	0.0	0	2	0	0	0	0	0
DN_NC_073244.2_30438386_2	DN_NC_073244.2_65266359_4	2	4	2	0	0	0	0.0	0.0	0.0	0	2	1	0	0	0	0
DN_NC_073244.2_30438386_2	DN_NC_073244.2_65293743_4	2	4	2	0	0	0	0.0	0.0	0.0	0	2	0	0	0	0	0
DN_NC_073244.2_30438386_2	DN_NC_073244.2_65326089_4	2	4	2	0	0	0	0.0	0.0	0.0	0	2	0	0	0	0	0
DN_NC_073244.2_30438386_2	DN_NC_073244.2_65362909_5	2	5	2	0	0	0	0.0	0.0	0.0	0	2	1	0	0	0	0
DN_NC_073244.2_43610901_6	DN_NC_073245.2_47429376_4	6	4	4	0	0	0	0.0	0.0	0.0	0	2	0	0	0	0	0
DN_NC_073244.2_43610901_6	DN_NC_073247.2_114234875_11	6	11	6	0	0	0	0.0	0.0	0.0	0	2	0	0	0	0	0
DN_NC_073244.2_43610901_6	DN_NC_073247.2_115708949_2	6	2	2	0	0	0	0.0	0.0	0.0	0	1	0	0	0	0	0
DN_NC_073244.2_43610901_6	DN_NC_073247.2_147586730_5	6	5	5	0	0	0	0.0	0.0	0.0	0	3	0	0	0	0	0
DN_NC_073244.2_43610901_6	DN_NC_086018.1_24877691_3	6	3	3	0	0	0	0.0	0.0	0.0	0	2	0	0	0	0	0
DN_NC_073244.2_45737704_5	DN_NC_073244.2_47288294_4	5	4	4	0	0	0	0.0	0.0	0.0	0	4	0	0	0	0	0
DN_NC_073244.2_45737704_5	DN_NC_073244.2_47878793_6	5	6	5	1	1	1	0.2	0.7167	0.7167	1	5	2	1	1	0	0
DN_NC_073244.2_45737704_5	DN_NC_073244.2_48093173_7	5	7	5	1	1	1	0.2	0.7083	0.7083	1	5	2	2	1	0	0
DN_NC_073244.2_45737704_5	DN_NC_073244.2_48319142_5	5	5	5	0	0	0	0.0	0.0	0.0	0	4	1	1	0	0	0
DN_NC_073244.2_45737704_5	DN_NC_073244.2_48352926_4	5	4	4	0	0	0	0.0	0.0	0.0	0	3	1	1	0	0	0
DN_NC_073244.2_45737704_5	DN_NC_073244.2_48620420_5	5	5	5	1	1	1	0.2	0.7167	0.7167	1	5	3	2	1	0	0
DN_NC_073244.2_45737704_5	DN_NC_073244.2_48660338_4	5	4	4	0	0	0	0.0	0.0	0.0	0	3	0	0	0	0	0
DN_NC_073244.2_45737704_5	DN_NC_073244.2_48919547_6	5	6	5	0	0	0	0.0	0.0	0.0	0	3	2	2	0	0	0
DN_NC_073244.2_45737704_5	DN_NC_073244.2_55989141_5	5	5	5	0	0	0	0.0	0.0	0.0	0	3	1	0	0	0	0
DN_NC_073244.2_45737704_5	DN_NC_073244.2_63895938_6	5	6	5	0	0	0	0.0	0.0	0.0	0	4	1	1	0	0	0
DN_NC_073244.2_45737704_5	DN_NC_073245.2_58728682_5	5	5	5	0	0	0	0.0	0.0	0.0	0	3	2	2	0	0	0
DN_NC_073244.2_45737704_5	DN_NC_073247.2_57840463_5	5	5	5	0	0	0	0.0	0.0	0.0	0	4	1	1	0	0	0
DN_NC_073244.2_45985550_6	DN_NC_073244.2_47250467_5	6	5	5	3	3	3	0.6	0.7093	0.7143	0	5	4	3	3	0	0
DN_NC_073244.2_45985550_6	DN_NC_073244.2_47586219_5	6	5	5	2	2	2	0.4	0.7382	0.7698	0	5	4	3	2	1	0
DN_NC_073244.2_45985550_6	DN_NC_073244.2_47739503_5	6	5	5	1	1	1	0.2	0.746	0.746	1	3	2	1	1	0	0
DN_NC_073244.2_45985550_6	DN_NC_073244.2_48030811_4	6	4	4	0	0	0	0.0	0.0	0.0	0	3	1	1	0	0	0
DN_NC_073244.2_45985550_6	DN_NC_073244.2_48066692_6	6	6	6	2	2	2	0.3333	0.7098	0.7143	0	4	3	2	2	0	0
DN_NC_073244.2_45985550_6	DN_NC_073244.2_48242798_5	6	5	5	2	2	2	0.4	0.747	0.7857	0	4	3	3	2	1	0
DN_NC_073244.2_45985550_6	DN_NC_073244.2_48384768_7	6	7	6	1	1	1	0.1667	0.8254	0.8254	1	5	4	3	1	1	1
DN_NC_073244.2_45985550_6	DN_NC_073244.2_48980018_5	6	5	5	1	1	1	0.2	0.7619	0.7619	1	4	3	2	1	1	0
DN_NC_073244.2_45985550_6	DN_NC_073244.2_49072464_4	6	4	4	1	1	1	0.25	0.8016	0.8016	1	4	3	3	1	1	1
DN_NC_073244.2_45985550_6	DN_NC_073244.2_49101177_5	6	5	5	2	2	2	0.4	0.751	0.7937	0	4	4	4	2	1	0
DN_NC_073244.2_45985550_6	DN_NC_073244.2_49176797_4	6	4	4	0	0	0	0.0	0.0	0.0	0	4	1	1	0	0	0
DN_NC_073244.2_45985550_6	DN_NC_073244.2_49205215_5	6	5	5	3	3	3	0.6	0.7408	0.75	0	5	4	4	3	1	0
DN_NC_073244.2_45985550_6	DN_NC_073244.2_49246931_6	6	6	6	2	2	2	0.3333	0.7557	0.803	0	4	4	4	2	1	1
DN_NC_073244.2_45985550_6	DN_NC_073244.2_51749194_6	6	6	6	3	3	3	0.5	0.7445	0.8095	0	5	4	4	3	1	1
DN_NC_073244.2_45985550_6	DN_NC_073244.2_51783968_5	6	5	5	1	1	1	0.2	0.8016	0.8016	1	3	3	3	1	1	1
DN_NC_073244.2_45985550_6	DN_NC_073244.2_51825388_5	6	5	5	1	1	1	0.2	0.8016	0.8016	1	4	4	4	1	1	1
DN_NC_073244.2_45985550_6	DN_NC_073244.2_55341363_7	6	7	6	2	2	2	0.3333	0.7589	0.8095	0	4	3	3	2	1	1
DN_NC_073244.2_45985550_6	DN_NC_073244.2_65102393_4	6	4	4	1	1	1	0.25	0.7698	0.7698	1	3	2	1	1	1	0
DN_NC_073244.2_45985550_6	DN_NC_073244.2_65470296_6	6	6	6	2	2	2	0.3333	0.7887	0.7917	0	4	3	2	2	2	0
DN_NC_073244.2_45985550_6	DN_NC_073244.2_68477557_5	6	5	5	1	1	1	0.2	0.7698	0.7698	1	5	2	1	1	1	0
DN_NC_073244.2_45985550_6	DN_NC_073244.2_68491976_5	6	5	5	1	1	1	0.2	0.7619	0.7619	1	5	4	2	1	1	0
DN_NC_073244.2_45985550_6	DN_NC_073244.2_68513423_5	6	5	5	2	2	2	0.4	0.7533	0.7698	0	4	2	2	2	1	0
DN_NC_073244.2_45985550_6	DN_NC_073244.2_68611978_5	6	5	5	2	2	2	0.4	0.723	0.7302	0	4	2	2	2	0	0
DN_NC_073244.2_45985550_6	DN_NC_073244.2_68643423_8	6	8	6	2	2	2	0.3333	0.7626	0.7778	0	3	2	2	2	1	0
DN_NC_073244.2_46013405_4	DN_NC_073244.2_69454247_3	4	3	3	1	1	1	0.3333	0.7937	0.7937	1	3	1	1	1	1	0
DN_NC_073244.2_46013405_4	DN_NC_073244.2_69492904_4	4	4	4	1	1	1	0.25	0.8095	0.8095	1	2	1	1	1	1	1
DN_NC_073244.2_46013405_4	DN_NC_073244.2_69514207_2	4	2	2	0	0	0	0.0	0.0	0.0	0	1	0	0	0	0	0
DN_NC_073244.2_46013405_4	DN_NC_073244.2_69601170_4	4	4	4	1	1	1	0.25	0.8016	0.8016	1	3	2	1	1	1	1
DN_NC_073244.2_46013405_4	DN_NC_073244.2_69672458_4	4	4	4	1	1	1	0.25	0.9048	0.9048	1	3	2	1	1	1	1
DN_NC_073244.2_46013405_4	DN_NC_073244.2_69685721_4	4	4	4	1	1	1	0.25	0.8492	0.8492	1	2	1	1	1	1	1
DN_NC_073244.2_46013405_4	DN_NC_073244.2_69783488_3	4	3	3	1	1	1	0.3333	0.8455	0.8455	1	3	1	1	1	1	1
DN_NC_073244.2_46013405_4	DN_NC_073244.2_69799604_5	4	5	4	1	1	1	0.25	0.7857	0.7857	1	3	1	1	1	1	0
DN_NC_073244.2_46013405_4	DN_NC_073244.2_69821764_4	4	4	4	1	1	1	0.25	0.8016	0.8016	1	2	2	2	1	1	1
DN_NC_073244.2_46013405_4	DN_NC_073244.2_69873255_2	4	3	3	1	1	1	0.3333	0.7698	0.7698	1	2	1	1	1	1	0
DN_NC_073244.2_46013405_4	DN_NC_073244.2_69975553_3	4	3	3	1	1	1	0.3333	0.754	0.754	1	2	1	1	1	1	0
DN_NC_073244.2_46013405_4	DN_NC_073244.2_70024584_5	4	5	4	1	1	1	0.25	0.7381	0.7381	1	2	2	1	1	0	0
DN_NC_073244.2_46013405_4	DN_NC_073244.2_70043245_2	4	2	2	0	0	0	0.0	0.0	0.0	0	0	0	0	0	0	0
DN_NC_073244.2_46013405_4	DN_NC_073244.2_70525717_3	4	3	3	1	1	1	0.3333	0.7619	0.7619	1	3	1	1	1	1	0
DN_NC_073244.2_46592534_11	DN_NC_073244.2_46599941_3	11	3	3	0	0	0	0.0	0.0	0.0	0	1	0	0	0	0	0
DN_NC_073244.2_47250467_5	DN_NC_073244.2_47586219_5	5	5	5	2	2	2	0.4	0.7277	0.7381	0	3	2	2	2	0	0
DN_NC_073244.2_47250467_5	DN_NC_073244.2_47739503_5	5	5	5	1	1	1	0.2	0.754	0.754	1	3	1	1	1	1	0
DN_NC_073244.2_47250467_5	DN_NC_073244.2_47831779_6	5	6	5	2	2	2	0.4	0.777	0.8	0	5	3	2	2	2	1
DN_NC_073244.2_47250467_5	DN_NC_073244.2_47997304_5	5	5	5	2	2	2	0.4	0.7424	0.748	0	4	4	4	2	0	0
DN_NC_073244.2_47250467_5	DN_NC_073244.2_48030384_3	5	3	3	0	0	0	0.0	0.0	0.0	0	3	1	0	0	0	0
DN_NC_073244.2_47250467_5	DN_NC_073244.2_48066692_6	5	6	5	2	2	2	0.4	0.7414	0.7684	0	4	4	2	2	1	0
DN_NC_073244.2_47250467_5	DN_NC_073244.2_48242798_5	5	5	5	1	1	1	0.2	0.7698	0.7698	1	4	3	3	1	1	0
DN_NC_073244.2_47250467_5	DN_NC_073244.2_48384768_7	5	7	5	2	2	2	0.4	0.7467	0.7474	0	5	4	3	2	0	0
DN_NC_073244.2_47250467_5	DN_NC_073244.2_49072464_4	5	4	4	1	1	1	0.25	0.7937	0.7937	1	4	3	2	1	1	0
DN_NC_073244.2_47250467_5	DN_NC_073244.2_49101177_5	5	5	5	2	2	2	0.4	0.7508	0.7857	0	4	4	3	2	1	0
DN_NC_073244.2_47250467_5	DN_NC_073244.2_49176797_4	5	4	4	0	0	0	0.0	0.0	0.0	0	3	1	0	0	0	0
DN_NC_073244.2_47250467_5	DN_NC_073244.2_49205215_5	5	5	5	1	1	1	0.2	0.7158	0.7158	1	4	3	2	1	0	0
DN_NC_073244.2_47250467_5	DN_NC_073244.2_49246931_6	5	6	5	1	1	1	0.2	0.7778	0.7778	1	4	3	3	1	1	0
DN_NC_073244.2_47250467_5	DN_NC_073244.2_51749194_6	5	6	5	2	2	2	0.4	0.7269	0.7381	0	4	4	4	2	0	0
DN_NC_073244.2_47250467_5	DN_NC_073244.2_51783968_5	5	5	5	2	2	2	0.4	0.7795	0.7812	0	3	3	2	2	2	0
DN_NC_073244.2_47250467_5	DN_NC_073244.2_51825388_5	5	5	5	2	2	2	0.4	0.7508	0.7857	0	5	4	2	2	1	0
DN_NC_073244.2_47250467_5	DN_NC_073244.2_55341363_7	5	7	5	1	1	1	0.2	0.8095	0.8095	1	4	3	1	1	1	1
DN_NC_073244.2_47250467_5	DN_NC_073244.2_65470296_6	5	6	5	1	1	1	0.2	0.7778	0.7778	1	4	3	2	1	1	0
DN_NC_073244.2_47250467_5	DN_NC_073244.2_68491976_5	5	5	5	2	2	2	0.4	0.7401	0.754	0	5	4	3	2	1	0
DN_NC_073244.2_47250467_5	DN_NC_073244.2_68513423_5	5	5	5	2	2	2	0.4	0.744	0.7579	0	4	2	2	2	1	0
DN_NC_073244.2_47250467_5	DN_NC_073244.2_68611978_5	5	5	5	2	2	2	0.4	0.7269	0.7474	0	3	3	2	2	0	0
DN_NC_073244.2_47250467_5	DN_NC_073244.2_68643423_8	5	8	5	2	2	2	0.4	0.7335	0.7368	0	4	3	2	2	0	0
DN_NC_073244.2_47288294_4	DN_NC_073244.2_47706466_2	4	2	2	0	0	0	0.0	0.0	0.0	0	2	0	0	0	0	0
DN_NC_073244.2_47288294_4	DN_NC_073244.2_48093173_7	4	7	4	0	0	0	0.0	0.0	0.0	0	4	1	0	0	0	0
DN_NC_073244.2_47288294_4	DN_NC_073244.2_48660338_4	4	4	4	0	0	0	0.0	0.0	0.0	0	3	1	0	0	0	0
DN_NC_073244.2_47288294_4	DN_NC_073244.2_48919547_6	4	6	4	0	0	0	0.0	0.0	0.0	0	3	2	0	0	0	0
DN_NC_073244.2_47586219_5	DN_NC_073244.2_47642985_5	5	5	5	2	2	2	0.4	0.7714	0.8254	0	4	2	2	2	1	1
DN_NC_073244.2_47586219_5	DN_NC_073244.2_47739503_5	5	5	5	1	1	1	0.2	0.746	0.754	1	3	2	1	1	1	0
DN_NC_073244.2_47586219_5	DN_NC_073244.2_47997304_5	5	5	5	1	1	1	0.2	0.8374	0.8374	1	4	2	2	1	1	1
DN_NC_073244.2_47586219_5	DN_NC_073244.2_48030811_4	5	4	4	0	0	0	0.0	0.0	0.0	0	3	1	0	0	0	0
DN_NC_073244.2_47586219_5	DN_NC_073244.2_48066692_6	5	6	5	2	2	2	0.4	0.7461	0.7857	0	4	2	2	2	1	0
DN_NC_073244.2_47586219_5	DN_NC_073244.2_48242798_5	5	5	5	1	1	1	0.2	0.8333	0.8333	1	4	3	2	1	1	1
DN_NC_073244.2_47586219_5	DN_NC_073244.2_48384768_7	5	7	5	1	1	1	0.2	0.8492	0.8492	1	4	3	2	1	1	1
DN_NC_073244.2_47586219_5	DN_NC_073244.2_48980018_5	5	5	5	1	1	1	0.2	0.7063	0.7143	1	4	2	2	1	0	0
DN_NC_073244.2_47586219_5	DN_NC_073244.2_49072464_4	5	4	4	1	1	1	0.25	0.7937	0.7937	1	3	2	1	1	1	0
DN_NC_073244.2_47586219_5	DN_NC_073244.2_49246931_6	5	6	5	2	2	2	0.4	0.7743	0.8095	0	4	4	2	2	1	1
DN_NC_073244.2_47586219_5	DN_NC_073244.2_51749194_6	5	6	5	3	3	3	0.6	0.7457	0.7857	0	4	4	3	3	2	0
DN_NC_073244.2_47586219_5	DN_NC_073244.2_51783968_5	5	5	5	3	3	3	0.6	0.764	0.8095	0	5	3	3	3	2	1
DN_NC_073244.2_47586219_5	DN_NC_073244.2_51825388_5	5	5	5	3	3	3	0.6	0.7678	0.8175	0	4	3	3	3	2	1
DN_NC_073244.2_47586219_5	DN_NC_073244.2_55341363_7	5	7	5	1	1	1	0.2	0.7778	0.7778	1	3	2	1	1	1	0
DN_NC_073244.2_47586219_5	DN_NC_073244.2_65102393_4	5	4	4	1	1	1	0.25	0.754	0.754	1	3	1	1	1	1	0
DN_NC_073244.2_47586219_5	DN_NC_073244.2_68491976_5	5	5	5	1	1	1	0.2	0.7698	0.7698	1	4	3	2	1	1	0
DN_NC_073244.2_47586219_5	DN_NC_073244.2_68513423_5	5	5	5	1	1	1	0.2	0.75	0.75	1	4	2	2	1	1	0
DN_NC_073244.2_47586219_5	DN_NC_073244.2_68643423_8	5	8	5	1	1	1	0.2	0.75	0.75	1	5	2	2	1	1	0
DN_NC_073244.2_47642985_5	DN_NC_073244.2_47831779_6	5	6	5	2	2	2	0.4	0.7705	0.7937	0	5	3	2	2	1	0
DN_NC_073244.2_47642985_5	DN_NC_073244.2_47997304_5	5	5	5	1	1	1	0.2	0.8455	0.8455	1	4	3	2	1	1	1
DN_NC_073244.2_47642985_5	DN_NC_073244.2_48030811_4	5	4	4	0	0	0	0.0	0.0	0.0	0	3	0	0	0	0	0
DN_NC_073244.2_47642985_5	DN_NC_073244.2_48242798_5	5	5	5	1	1	1	0.2	0.8175	0.8175	1	4	2	1	1	1	1
DN_NC_073244.2_47642985_5	DN_NC_073244.2_48384768_7	5	7	5	2	2	2	0.4	0.8379	0.8968	0	4	3	2	2	2	1
DN_NC_073244.2_47642985_5	DN_NC_073244.2_49072464_4	5	4	4	1	1	1	0.25	0.8095	0.8095	1	3	2	1	1	1	1
DN_NC_073244.2_47642985_5	DN_NC_073244.2_49246931_6	5	6	5	1	1	1	0.2	0.8175	0.8175	1	4	2	2	1	1	1
DN_NC_073244.2_47642985_5	DN_NC_073244.2_51749194_6	5	6	5	1	1	1	0.2	0.7857	0.7857	1	4	2	2	1	1	0
DN_NC_073244.2_47642985_5	DN_NC_073244.2_51825388_5	5	5	5	2	2	2	0.4	0.7706	0.8254	0	5	2	2	2	1	1
DN_NC_073244.2_47642985_5	DN_NC_073244.2_55341363_7	5	7	5	1	1	1	0.2	0.7778	0.7778	1	3	1	1	1	1	0
DN_NC_073244.2_47642985_5	DN_NC_073244.2_65102393_4	5	4	4	1	1	1	0.25	0.7778	0.7857	1	3	1	1	1	1	0
DN_NC_073244.2_47642985_5	DN_NC_073244.2_65470296_6	5	6	5	1	1	1	0.2	0.7222	0.7302	1	4	1	1	1	0	0
DN_NC_073244.2_47642985_5	DN_NC_073244.2_68491976_5	5	5	5	2	2	2	0.4	0.7586	0.7698	0	5	3	2	2	1	0
DN_NC_073244.2_47706460_3	DN_NC_073244.2_47878793_6	3	6	3	0	0	0	0.0	0.0	0.0	0	2	1	0	0	0	0
DN_NC_073244.2_47706460_3	DN_NC_073244.2_48319142_5	3	5	3	0	0	0	0.0	0.0	0.0	0	2	0	0	0	0	0
DN_NC_073244.2_47706460_3	DN_NC_073244.2_48660338_4	3	4	3	0	0	0	0.0	0.0	0.0	0	2	1	0	0	0	0
DN_NC_073244.2_47706460_3	DN_NC_073244.2_48919547_6	3	6	3	0	0	0	0.0	0.0	0.0	0	3	1	0	0	0	0
DN_NC_073244.2_47706460_3	DN_NC_073244.2_55989141_5	3	5	3	0	0	0	0.0	0.0	0.0	0	3	0	0	0	0	0
DN_NC_073244.2_47706460_3	DN_NC_073244.2_63934684_6	3	6	3	0	0	0	0.0	0.0	0.0	0	1	0	0	0	0	0
DN_NC_073244.2_47706460_3	DN_NC_073247.2_56899135_7	3	7	3	0	0	0	0.0	0.0	0.0	0	1	0	0	0	0	0
DN_NC_073244.2_47706460_3	DN_NC_073247.2_58372296_6	3	5	3	0	0	0	0.0	0.0	0.0	0	2	0	0	0	0	0
DN_NC_073244.2_47706466_2	DN_NC_073244.2_48093173_7	2	7	2	0	0	0	0.0	0.0	0.0	0	2	1	0	0	0	0
DN_NC_073244.2_47706466_2	DN_NC_073244.2_48352926_4	2	4	2	0	0	0	0.0	0.0	0.0	0	0	0	0	0	0	0
DN_NC_073244.2_47706466_2	DN_NC_073244.2_48620420_5	2	5	2	0	0	0	0.0	0.0	0.0	0	1	0	0	0	0	0
DN_NC_073244.2_47706466_2	DN_NC_073245.2_58728682_5	2	5	2	0	0	0	0.0	0.0	0.0	0	1	0	0	0	0	0
DN_NC_073244.2_47706466_2	DN_NC_073247.2_57761829_5	2	5	2	0	0	0	0.0	0.0	0.0	0	1	0	0	0	0	0
DN_NC_073244.2_47706466_2	DN_NC_086017.1_85766278_5	2	5	2	0	0	0	0.0	0.0	0.0	0	1	0	0	0	0	0
DN_NC_073244.2_47739503_5	DN_NC_073244.2_47831779_6	5	6	5	1	1	1	0.2	0.754	0.754	1	4	2	1	1	1	0
DN_NC_073244.2_47739503_5	DN_NC_073244.2_47997304_5	5	5	5	1	1	1	0.2	0.7561	0.7561	1	3	1	1	1	1	0
DN_NC_073244.2_47739503_5	DN_NC_073244.2_48030811_4	5	4	4	0	0	0	0.0	0.0	0.0	0	3	1	0	0	0	0
DN_NC_073244.2_47739503_5	DN_NC_073244.2_48242798_5	5	5	5	1	1	1	0.2	0.7857	0.7857	1	4	1	1	1	1	0
DN_NC_073244.2_47739503_5	DN_NC_073244.2_48384768_7	5	7	5	1	1	1	0.2	0.754	0.754	1	3	2	1	1	1	0
DN_NC_073244.2_47739503_5	DN_NC_073244.2_48980018_5	5	5	5	1	1	1	0.2	0.746	0.746	1	2	2	1	1	0	0
DN_NC_073244.2_47739503_5	DN_NC_073244.2_49072464_4	5	4	4	1	1	1	0.25	0.8175	0.8175	1	4	2	1	1	1	1
DN_NC_073244.2_47739503_5	DN_NC_073244.2_49246931_6	5	6	5	1	1	1	0.2	0.8016	0.8016	1	4	2	1	1	1	1
DN_NC_073244.2_47739503_5	DN_NC_073244.2_51783968_5	5	5	5	1	1	1	0.2	0.8095	0.8095	1	3	2	1	1	1	1
DN_NC_073244.2_47739503_5	DN_NC_073244.2_51825388_5	5	5	5	1	1	1	0.2	0.8175	0.8175	1	3	2	1	1	1	1
DN_NC_073244.2_47739503_5	DN_NC_073244.2_65470296_6	5	6	5	1	1	1	0.2	0.7778	0.7778	1	5	3	1	1	1	0
DN_NC_073244.2_47739503_5	DN_NC_073244.2_68491976_5	5	5	5	1	1	1	0.2	0.7381	0.7381	1	4	1	1	1	0	0
DN_NC_073244.2_47798559_5	DN_NC_073244.2_47878793_6	5	6	5	2	2	2	0.4	0.8126	0.881	0	4	4	3	2	1	1
DN_NC_073244.2_47798559_5	DN_NC_073244.2_48620420_5	5	5	5	0	0	0	0.0	0.0	0.0	0	4	2	1	0	0	0
DN_NC_073244.2_47798559_5	DN_NC_073244.2_55989141_5	5	5	5	0	0	0	0.0	0.0	0.0	0	4	1	1	0	0	0
DN_NC_073244.2_47798559_5	DN_NC_073244.2_63895938_6	5	6	5	1	1	1	0.2	0.7778	0.7778	1	4	2	1	1	1	0
DN_NC_073244.2_47798559_5	DN_NC_073247.2_56899135_7	5	7	5	1	1	1	0.2	0.8016	0.8016	1	3	3	1	1	1	1
DN_NC_073244.2_47798559_5	DN_NC_073247.2_57761829_5	5	5	5	1	1	1	0.2	0.7857	0.7857	1	4	2	1	1	1	0
DN_NC_073244.2_47798559_5	DN_NC_073247.2_58228088_5	5	5	5	1	1	1	0.2	0.8016	0.8016	1	2	2	1	1	1	1
DN_NC_073244.2_47831779_6	DN_NC_073244.2_48030811_4	6	4	4	0	0	0	0.0	0.0	0.0	0	3	1	0	0	0	0
DN_NC_073244.2_47831779_6	DN_NC_073244.2_48242798_5	6	5	5	1	1	1	0.2	0.8016	0.8016	1	4	3	1	1	1	1
DN_NC_073244.2_47831779_6	DN_NC_073244.2_48384768_7	6	7	6	2	2	2	0.3333	0.7455	0.7857	0	5	3	3	2	1	0
DN_NC_073244.2_47831779_6	DN_NC_073244.2_48980018_5	6	5	5	1	1	1	0.2	0.754	0.754	1	4	3	3	1	1	0
DN_NC_073244.2_47831779_6	DN_NC_073244.2_49072464_4	6	4	4	1	1	1	0.25	0.8095	0.8095	1	4	2	1	1	1	1
DN_NC_073244.2_47831779_6	DN_NC_073244.2_49246931_6	6	6	6	1	1	1	0.1667	0.7857	0.7857	1	4	3	2	1	1	0
DN_NC_073244.2_47831779_6	DN_NC_073244.2_51825388_5	6	5	5	2	2	2	0.4	0.7626	0.7778	0	5	3	2	2	1	0
DN_NC_073244.2_47831779_6	DN_NC_073244.2_55341363_7	6	7	6	1	1	1	0.1667	0.8333	0.8333	1	3	3	1	1	1	1
DN_NC_073244.2_47831779_6	DN_NC_073244.2_65102393_4	6	4	4	1	1	1	0.25	0.7937	0.7937	1	3	1	1	1	1	0
DN_NC_073244.2_47831779_6	DN_NC_073244.2_65470296_6	6	6	6	1	1	1	0.1667	0.746	0.746	1	4	2	1	1	0	0
DN_NC_073244.2_47831779_6	DN_NC_073244.2_68491976_5	6	5	5	2	2	2	0.4	0.7217	0.754	0	5	4	2	2	1	0
DN_NC_073244.2_47831779_6	DN_NC_073244.2_68513423_5	6	5	5	2	2	2	0.4	0.8022	0.8254	0	4	2	2	2	2	1
DN_NC_073244.2_47831779_6	DN_NC_073244.2_68643423_8	6	8	6	2	3	3	0.5	0.7514	0.7698	0	3	2	2	2	2	0
DN_NC_073244.2_47878793_6	DN_NC_073244.2_48319142_5	6	5	5	1	1	1	0.2	0.746	0.754	1	4	1	1	1	1	0
DN_NC_073244.2_47878793_6	DN_NC_073244.2_48352926_4	6	4	4	1	1	1	0.25	0.754	0.7619	1	2	2	1	1	1	0
DN_NC_073244.2_47878793_6	DN_NC_073244.2_48919547_6	6	6	6	1	1	1	0.1667	0.7143	0.7222	1	4	3	2	1	0	0
DN_NC_073244.2_47878793_6	DN_NC_073244.2_55989141_5	6	5	5	0	0	0	0.0	0.0	0.0	0	4	2	1	0	0	0
DN_NC_073244.2_47878793_6	DN_NC_073244.2_63882905_5	6	5	5	1	1	1	0.2	0.7302	0.7381	1	4	2	1	1	0	0
DN_NC_073244.2_47878793_6	DN_NC_073244.2_63895938_6	6	6	6	1	1	1	0.1667	0.754	0.754	1	3	2	2	1	1	0
DN_NC_073244.2_47878793_6	DN_NC_073244.2_63983979_5	6	5	5	1	1	1	0.2	0.746	0.754	1	3	2	2	1	1	0
DN_NC_073244.2_47878793_6	DN_NC_073244.2_64004232_5	6	5	5	1	1	1	0.2	0.7063	0.7063	1	3	3	2	1	0	0
DN_NC_073244.2_47878793_6	DN_NC_073245.2_58728682_5	6	5	5	1	1	1	0.2	0.7698	0.7698	1	5	3	2	1	1	0
DN_NC_073244.2_47878793_6	DN_NC_073247.2_57761829_5	6	5	5	1	1	1	0.2	0.7381	0.746	1	4	3	2	1	0	0
DN_NC_073244.2_47878793_6	DN_NC_073247.2_58228088_5	6	5	5	1	1	1	0.2	0.7937	0.7937	1	3	2	2	1	1	0
DN_NC_073244.2_47878793_6	DN_NC_073247.2_58372296_6	6	5	5	1	1	1	0.2	0.7302	0.7302	1	3	3	1	1	0	0
DN_NC_073244.2_47878793_6	DN_NC_086017.1_85766278_5	6	5	5	1	1	1	0.2	0.7063	0.7143	1	5	3	2	1	0	0
DN_NC_073244.2_47997304_5	DN_NC_073244.2_48030811_4	5	4	4	0	0	0	0.0	0.0	0.0	0	3	1	0	0	0	0
DN_NC_073244.2_47997304_5	DN_NC_073244.2_48066692_6	5	6	5	2	2	2	0.4	0.7591	0.813	0	5	2	2	2	1	1
DN_NC_073244.2_47997304_5	DN_NC_073244.2_48242798_5	5	5	5	1	1	1	0.2	0.8293	0.8293	1	4	3	1	1	1	1
DN_NC_073244.2_47997304_5	DN_NC_073244.2_48384768_7	5	7	5	1	1	1	0.2	0.8455	0.8455	1	3	2	2	1	1	1
DN_NC_073244.2_47997304_5	DN_NC_073244.2_49072464_4	5	4	4	1	1	1	0.25	0.8455	0.8455	1	3	2	2	1	1	1
DN_NC_073244.2_47997304_5	DN_NC_073244.2_49205215_5	5	5	5	2	2	2	0.4	0.7314	0.7474	0	4	3	2	2	0	0
DN_NC_073244.2_47997304_5	DN_NC_073244.2_49246931_6	5	6	5	1	1	1	0.2	0.8211	0.8211	1	4	3	3	1	1	1
DN_NC_073244.2_47997304_5	DN_NC_073244.2_51749194_6	5	6	5	2	2	2	0.4	0.7591	0.813	0	4	2	2	2	1	1
DN_NC_073244.2_47997304_5	DN_NC_073244.2_51825388_5	5	5	5	1	1	1	0.2	0.8293	0.8293	1	4	4	2	1	1	1
DN_NC_073244.2_47997304_5	DN_NC_073244.2_55341363_7	5	7	5	1	1	1	0.2	0.8049	0.8049	1	4	2	1	1	1	1
DN_NC_073244.2_47997304_5	DN_NC_073244.2_65102393_4	5	4	4	1	1	1	0.25	0.7724	0.7724	1	3	2	1	1	1	0
DN_NC_073244.2_47997304_5	DN_NC_073244.2_65470296_6	5	6	5	1	1	1	0.2	0.748	0.748	1	4	2	1	1	0	0
DN_NC_073244.2_47997304_5	DN_NC_073244.2_68491976_5	5	5	5	1	1	1	0.2	0.8049	0.8049	1	4	4	3	1	1	1
DN_NC_073244.2_47997304_5	DN_NC_073244.2_68643423_8	5	8	5	1	1	1	0.2	0.7805	0.7805	1	4	3	2	1	1	0
DN_NC_073244.2_48030384_3	DN_NC_073244.2_48242798_5	3	5	3	0	0	0	0.0	0.0	0.0	0	3	1	0	0	0	0
DN_NC_073244.2_48030384_3	DN_NC_073244.2_48384768_7	3	7	3	0	0	0	0.0	0.0	0.0	0	2	0	0	0	0	0
DN_NC_073244.2_48030384_3	DN_NC_073244.2_49176797_4	3	4	3	0	0	0	0.0	0.0	0.0	0	2	1	0	0	0	0
DN_NC_073244.2_48030384_3	DN_NC_073244.2_49205215_5	3	5	3	0	0	0	0.0	0.0	0.0	0	3	0	0	0	0	0
DN_NC_073244.2_48030384_3	DN_NC_073244.2_51749194_6	3	6	3	0	0	0	0.0	0.0	0.0	0	2	1	0	0	0	0
DN_NC_073244.2_48030384_3	DN_NC_073244.2_55341363_7	3	7	3	0	0	0	0.0	0.0	0.0	0	2	1	0	0	0	0
DN_NC_073244.2_48030384_3	DN_NC_073244.2_65102393_4	3	4	3	0	0	0	0.0	0.0	0.0	0	2	1	0	0	0	0
DN_NC_073244.2_48030384_3	DN_NC_073244.2_70224599_4	3	4	3	0	0	0	0.0	0.0	0.0	0	3	0	0	0	0	0
DN_NC_073244.2_48030811_4	DN_NC_073244.2_48066692_6	4	6	4	0	0	0	0.0	0.0	0.0	0	3	1	1	0	0	0
DN_NC_073244.2_48030811_4	DN_NC_073244.2_48980018_5	4	5	4	0	0	0	0.0	0.0	0.0	0	4	1	1	0	0	0
DN_NC_073244.2_48030811_4	DN_NC_073244.2_49072464_4	4	4	4	0	0	0	0.0	0.0	0.0	0	2	2	1	0	0	0
DN_NC_073244.2_48030811_4	DN_NC_073244.2_49101177_5	4	5	4	0	0	0	0.0	0.0	0.0	0	3	1	0	0	0	0
DN_NC_073244.2_48030811_4	DN_NC_073244.2_49246931_6	4	6	4	0	0	0	0.0	0.0	0.0	0	3	1	0	0	0	0
DN_NC_073244.2_48030811_4	DN_NC_073244.2_51783968_5	4	5	4	0	0	0	0.0	0.0	0.0	0	3	2	0	0	0	0
DN_NC_073244.2_48030811_4	DN_NC_073244.2_51825388_5	4	5	4	0	0	0	0.0	0.0	0.0	0	2	2	0	0	0	0
DN_NC_073244.2_48030811_4	DN_NC_073244.2_65470296_6	4	6	4	0	0	0	0.0	0.0	0.0	0	3	2	0	0	0	0
DN_NC_073244.2_48030811_4	DN_NC_073244.2_68477557_5	4	5	4	0	0	0	0.0	0.0	0.0	0	3	0	0	0	0	0
DN_NC_073244.2_48030811_4	DN_NC_073244.2_68491976_5	4	5	4	0	0	0	0.0	0.0	0.0	0	3	1	0	0	0	0
DN_NC_073244.2_48030811_4	DN_NC_073244.2_68513423_5	4	5	4	0	0	0	0.0	0.0	0.0	0	2	1	0	0	0	0
DN_NC_073244.2_48030811_4	DN_NC_073244.2_68611978_5	4	5	4	0	0	0	0.0	0.0	0.0	0	2	0	0	0	0	0
DN_NC_073244.2_48066692_6	DN_NC_073244.2_48242798_5	6	5	5	1	1	1	0.2	0.7857	0.7857	1	3	2	1	1	1	0
DN_NC_073244.2_48066692_6	DN_NC_073244.2_49072464_4	6	4	4	1	1	1	0.25	0.7937	0.7937	1	3	1	1	1	1	0
DN_NC_073244.2_48066692_6	DN_NC_073244.2_49176797_4	6	4	4	0	0	0	0.0	0.0	0.0	0	3	1	0	0	0	0
DN_NC_073244.2_48066692_6	DN_NC_073244.2_49246931_6	6	6	6	1	1	1	0.1667	0.7698	0.7698	1	4	2	2	1	1	0
DN_NC_073244.2_48066692_6	DN_NC_073244.2_51749194_6	6	6	6	2	2	2	0.3333	0.7587	0.8016	0	5	3	2	2	1	1
DN_NC_073244.2_48066692_6	DN_NC_073244.2_51783968_5	6	5	5	2	2	2	0.4	0.7717	0.7778	0	5	3	2	2	2	0
DN_NC_073244.2_48066692_6	DN_NC_073244.2_55341363_7	6	7	6	1	1	1	0.1667	0.7778	0.7778	1	4	1	1	1	1	0
DN_NC_073244.2_48066692_6	DN_NC_073244.2_65470296_6	6	6	6	1	1	1	0.1667	0.7063	0.7143	1	3	1	1	1	0	0
DN_NC_073244.2_48066692_6	DN_NC_073244.2_68491976_5	6	5	5	2	2	2	0.4	0.7876	0.7937	0	4	2	2	2	2	0
DN_NC_073244.2_48066692_6	DN_NC_073244.2_68513423_5	6	5	5	2	2	2	0.4	0.7665	0.7789	0	4	2	2	2	2	0
DN_NC_073244.2_48093173_7	DN_NC_073244.2_48319142_5	7	5	5	1	1	1	0.2	0.746	0.746	1	4	2	1	1	0	0
DN_NC_073244.2_48093173_7	DN_NC_073244.2_48352926_4	7	4	4	1	1	1	0.25	0.746	0.746	1	4	2	1	1	0	0
DN_NC_073244.2_48093173_7	DN_NC_073244.2_48620420_5	7	5	5	0	0	0	0.0	0.0	0.0	0	4	2	1	0	0	0
DN_NC_073244.2_48093173_7	DN_NC_073244.2_48660338_4	7	4	4	0	0	0	0.0	0.0	0.0	0	4	1	0	0	0	0
DN_NC_073244.2_48093173_7	DN_NC_073244.2_48919547_6	7	6	6	2	2	2	0.3333	0.7889	0.8	0	6	4	2	2	2	1
DN_NC_073244.2_48093173_7	DN_NC_073244.2_55989141_5	7	5	5	0	0	0	0.0	0.0	0.0	0	4	1	1	0	0	0
DN_NC_073244.2_48093173_7	DN_NC_073244.2_63542066_5	7	5	5	1	1	1	0.2	0.754	0.754	1	4	2	1	1	1	0
DN_NC_073244.2_48093173_7	DN_NC_073245.2_58728682_5	7	5	5	1	1	1	0.2	0.7619	0.7619	1	4	3	2	1	1	0
DN_NC_073244.2_48093173_7	DN_NC_073247.2_56899135_7	7	7	7	1	1	1	0.1429	0.746	0.746	1	3	2	1	1	0	0
DN_NC_073244.2_48093173_7	DN_NC_073247.2_57761829_5	7	5	5	1	1	1	0.2	0.7381	0.7381	1	5	2	2	1	0	0
DN_NC_073244.2_48093173_7	DN_NC_073247.2_57840463_5	7	5	5	1	1	1	0.2	0.7302	0.7302	1	4	2	2	1	0	0
DN_NC_073244.2_48093173_7	DN_NC_073247.2_58372296_6	7	5	5	1	1	1	0.2	0.746	0.746	1	5	3	1	1	0	0
DN_NC_073244.2_48093173_7	DN_NC_086017.1_85766278_5	7	5	5	0	0	0	0.0	0.0	0.0	0	5	2	1	0	0	0
DN_NC_073244.2_48242798_5	DN_NC_073244.2_48384768_7	5	7	5	1	1	1	0.2	0.8413	0.8413	1	3	2	1	1	1	1
DN_NC_073244.2_48242798_5	DN_NC_073244.2_48980018_5	5	5	5	1	1	1	0.2	0.754	0.754	1	3	2	2	1	1	0
DN_NC_073244.2_48242798_5	DN_NC_073244.2_49072464_4	5	4	4	1	1	1	0.25	0.8413	0.8413	1	4	2	2	1	1	1
DN_NC_073244.2_48242798_5	DN_NC_073244.2_49101177_5	5	5	5	1	1	1	0.2	0.8254	0.8254	1	3	3	2	1	1	1
DN_NC_073244.2_48242798_5	DN_NC_073244.2_49176797_4	5	4	4	0	0	0	0.0	0.0	0.0	0	2	2	1	0	0	0
DN_NC_073244.2_48242798_5	DN_NC_073244.2_49205215_5	5	5	5	1	1	1	0.2	0.7302	0.7302	1	4	3	2	1	0	0
DN_NC_073244.2_48242798_5	DN_NC_073244.2_49246931_6	5	6	5	2	2	2	0.4	0.7769	0.8492	0	3	3	3	2	1	1
DN_NC_073244.2_48242798_5	DN_NC_073244.2_51749194_6	5	6	5	1	1	1	0.2	0.7937	0.7937	1	5	4	2	1	1	0
DN_NC_073244.2_48242798_5	DN_NC_073244.2_51783968_5	5	5	5	1	1	1	0.2	0.8333	0.8333	1	3	3	2	1	1	1
DN_NC_073244.2_48242798_5	DN_NC_073244.2_51825388_5	5	5	5	1	1	1	0.2	0.8254	0.8254	1	3	3	1	1	1	1
DN_NC_073244.2_48242798_5	DN_NC_073244.2_55341363_7	5	7	5	1	1	1	0.2	0.8492	0.8492	1	5	4	3	1	1	1
DN_NC_073244.2_48242798_5	DN_NC_073244.2_65102393_4	5	4	4	1	1	1	0.25	0.7937	0.7937	1	3	2	1	1	1	0
DN_NC_073244.2_48242798_5	DN_NC_073244.2_65470296_6	5	6	5	2	2	2	0.4	0.7368	0.7698	0	5	2	2	2	1	0
DN_NC_073244.2_48242798_5	DN_NC_073244.2_68491976_5	5	5	5	1	1	1	0.2	0.7857	0.7857	1	4	3	2	1	1	0
DN_NC_073244.2_48242798_5	DN_NC_073244.2_68513423_5	5	5	5	1	1	1	0.2	0.754	0.754	1	4	2	1	1	1	0
DN_NC_073244.2_48242798_5	DN_NC_073244.2_68611978_5	5	5	5	1	1	1	0.2	0.7619	0.7619	1	4	2	1	1	1	0
DN_NC_073244.2_48242798_5	DN_NC_073244.2_68643423_8	5	8	5	1	1	1	0.2	0.7222	0.7222	1	4	1	1	1	0	0
DN_NC_073244.2_48242798_5	DN_NC_073244.2_70224599_4	5	4	4	0	0	0	0.0	0.0	0.0	0	3	0	0	0	0	0
DN_NC_073244.2_48319142_5	DN_NC_073244.2_48352926_4	5	4	4	4	4	4	1.0	0.9304	0.9841	0	4	4	4	4	4	4
DN_NC_073244.2_48319142_5	DN_NC_073244.2_48660338_4	5	4	4	0	0	0	0.0	0.0	0.0	0	3	0	0	0	0	0
DN_NC_073244.2_48319142_5	DN_NC_073244.2_48919547_6	5	6	5	1	1	1	0.2	0.7381	0.7381	1	3	2	1	1	0	0
DN_NC_073244.2_48319142_5	DN_NC_073244.2_55989141_5	5	5	5	0	0	0	0.0	0.0	0.0	0	3	1	1	0	0	0
DN_NC_073244.2_48319142_5	DN_NC_073244.2_63855100_5	5	5	5	1	1	1	0.2	0.7778	0.7778	1	4	2	1	1	1	0
DN_NC_073244.2_48319142_5	DN_NC_073244.2_63882905_5	5	5	5	1	1	1	0.2	0.754	0.754	1	3	3	2	1	1	0
DN_NC_073244.2_48319142_5	DN_NC_073244.2_63895938_6	5	6	5	1	1	1	0.2	0.7381	0.7381	1	4	2	1	1	0	0
DN_NC_073244.2_48319142_5	DN_NC_073244.2_63934684_6	5	6	5	1	1	1	0.2	0.7302	0.7302	1	5	2	1	1	0	0
DN_NC_073244.2_48319142_5	DN_NC_073244.2_63961971_6	5	6	5	1	1	1	0.2	0.7302	0.7302	1	3	1	1	1	0	0
DN_NC_073244.2_48319142_5	DN_NC_073244.2_63983979_5	5	5	5	1	1	1	0.2	0.7778	0.7778	1	4	1	1	1	1	0
DN_NC_073244.2_48319142_5	DN_NC_073244.2_70077616_7	5	7	5	1	1	1	0.2	0.7857	0.7857	1	4	2	1	1	1	0
DN_NC_073244.2_48319142_5	DN_NC_073245.2_58728682_5	5	5	5	1	1	1	0.2	0.7778	0.7778	1	3	2	2	1	1	0
DN_NC_073244.2_48319142_5	DN_NC_073247.2_56899135_7	5	7	5	1	1	1	0.2	0.754	0.754	1	3	1	1	1	1	0
DN_NC_073244.2_48319142_5	DN_NC_073247.2_57761829_5	5	5	5	1	1	1	0.2	0.7778	0.7778	1	3	2	1	1	1	0
DN_NC_073244.2_48319142_5	DN_NC_073247.2_57840463_5	5	5	5	2	2	2	0.4	0.7704	0.8016	0	4	4	2	2	1	1
DN_NC_073244.2_48319142_5	DN_NC_073247.2_58228088_5	5	5	5	2	2	2	0.4	0.7674	0.8175	0	4	3	2	2	1	1
DN_NC_073244.2_48319142_5	DN_NC_073247.2_58372296_6	5	5	5	1	1	1	0.2	0.746	0.746	1	2	1	1	1	0	0
DN_NC_073244.2_48319142_5	DN_NC_086017.1_54629198_3	5	3	3	0	0	0	0.0	0.0	0.0	0	2	0	0	0	0	0
DN_NC_073244.2_48319142_5	DN_NC_086017.1_85766278_5	5	5	5	1	1	1	0.2	0.7302	0.7381	1	3	1	1	1	0	0
DN_NC_073244.2_48352926_4	DN_NC_073244.2_48620420_5	4	5	4	0	0	0	0.0	0.0	0.0	0	2	1	1	0	0	0
DN_NC_073244.2_48352926_4	DN_NC_073244.2_48660338_4	4	4	4	0	0	0	0.0	0.0	0.0	0	2	1	0	0	0	0
DN_NC_073244.2_48352926_4	DN_NC_073244.2_48919547_6	4	6	4	1	1	1	0.25	0.7381	0.7381	1	3	2	1	1	0	0
DN_NC_073244.2_48352926_4	DN_NC_073244.2_55989141_5	4	5	4	0	0	0	0.0	0.0	0.0	0	3	1	1	0	0	0
DN_NC_073244.2_48352926_4	DN_NC_073244.2_63542066_5	4	5	4	1	1	1	0.25	0.8016	0.8016	1	3	2	1	1	1	1
DN_NC_073244.2_48352926_4	DN_NC_073244.2_63855100_5	4	5	4	1	1	1	0.25	0.7778	0.7778	1	2	1	1	1	1	0
DN_NC_073244.2_48352926_4	DN_NC_073244.2_63882905_5	4	5	4	1	1	1	0.25	0.754	0.754	1	3	2	1	1	1	0
DN_NC_073244.2_48352926_4	DN_NC_073244.2_63895938_6	4	6	4	1	1	1	0.25	0.7381	0.7381	1	3	2	1	1	0	0
DN_NC_073244.2_48352926_4	DN_NC_073244.2_63934684_6	4	6	4	1	1	1	0.25	0.7302	0.7302	1	3	1	1	1	0	0
DN_NC_073244.2_48352926_4	DN_NC_073244.2_63961971_6	4	6	4	1	1	1	0.25	0.7302	0.7302	1	3	2	1	1	0	0
DN_NC_073244.2_48352926_4	DN_NC_073244.2_64004232_5	4	5	4	1	1	1	0.25	0.746	0.746	1	2	2	1	1	0	0
DN_NC_073244.2_48352926_4	DN_NC_073244.2_70077616_7	4	7	4	1	1	1	0.25	0.7857	0.7857	1	3	1	1	1	1	0
DN_NC_073244.2_48352926_4	DN_NC_073245.2_58728682_5	4	5	4	1	1	1	0.25	0.7778	0.7778	1	3	1	1	1	1	0
DN_NC_073244.2_48352926_4	DN_NC_073247.2_56899135_7	4	7	4	1	1	1	0.25	0.754	0.754	1	3	2	1	1	1	0
DN_NC_073244.2_48352926_4	DN_NC_073247.2_57761829_5	4	5	4	1	1	1	0.25	0.7778	0.7778	1	3	2	1	1	1	0
DN_NC_073244.2_48352926_4	DN_NC_073247.2_57840463_5	4	5	4	1	1	1	0.25	0.8016	0.8016	1	4	3	1	1	1	1
DN_NC_073244.2_48352926_4	DN_NC_073247.2_58228088_5	4	5	4	1	1	1	0.25	0.8175	0.8175	1	3	2	1	1	1	1
DN_NC_073244.2_48352926_4	DN_NC_073247.2_58372296_6	4	5	4	1	1	1	0.25	0.746	0.746	1	2	2	1	1	0	0
DN_NC_073244.2_48352926_4	DN_NC_086017.1_54629198_3	4	3	3	0	0	0	0.0	0.0	0.0	0	2	0	0	0	0	0
DN_NC_073244.2_48352926_4	DN_NC_086017.1_85766278_5	4	5	4	1	1	1	0.25	0.7381	0.746	1	3	2	1	1	0	0
DN_NC_073244.2_48384768_7	DN_NC_073244.2_49072464_4	7	4	4	1	1	1	0.25	0.8571	0.8571	1	4	2	2	1	1	1
DN_NC_073244.2_48384768_7	DN_NC_073244.2_49176797_4	7	4	4	0	0	0	0.0	0.0	0.0	0	4	1	1	0	0	0
DN_NC_073244.2_48384768_7	DN_NC_073244.2_49205215_5	7	5	5	1	1	1	0.2	0.7381	0.7381	1	4	3	2	1	0	0
DN_NC_073244.2_48384768_7	DN_NC_073244.2_49246931_6	7	6	6	1	1	1	0.1667	0.8571	0.8571	1	5	4	2	1	1	1
DN_NC_073244.2_48384768_7	DN_NC_073244.2_51749194_6	7	6	6	2	2	2	0.3333	0.7785	0.8413	0	4	3	2	2	1	1
DN_NC_073244.2_48384768_7	DN_NC_073244.2_51825388_5	7	5	5	1	1	1	0.2	0.8492	0.8492	1	3	3	3	1	1	1
DN_NC_073244.2_48384768_7	DN_NC_073244.2_55341363_7	7	7	7	1	1	1	0.1429	0.8333	0.8333	1	4	3	2	1	1	1
DN_NC_073244.2_48384768_7	DN_NC_073244.2_65102393_4	7	4	4	1	1	1	0.25	0.7937	0.7937	1	3	3	1	1	1	0
DN_NC_073244.2_48384768_7	DN_NC_073244.2_65470296_6	7	6	6	1	1	1	0.1667	0.7778	0.7778	1	4	2	2	1	1	0
DN_NC_073244.2_48384768_7	DN_NC_073244.2_68491976_5	7	5	5	2	2	2	0.4	0.7692	0.8016	0	5	3	3	2	1	1
DN_NC_073244.2_48384768_7	DN_NC_073244.2_68513423_5	7	5	5	2	2	2	0.4	0.7414	0.754	0	4	3	2	2	1	0
DN_NC_073244.2_48384768_7	DN_NC_073244.2_68643423_8	7	8	7	2	3	3	0.4286	0.7347	0.7619	0	4	2	2	2	1	0
DN_NC_073244.2_48583045_5	DN_NC_073245.2_12403861_6	6	6	6	0	0	0	0.0	0.0	0.0	0	4	2	1	0	0	0
DN_NC_073244.2_48583045_5	DN_NC_073245.2_28291357_5	6	5	5	2	2	2	0.4	0.8351	0.8492	0	3	3	3	2	2	2
DN_NC_073244.2_48583045_5	DN_NC_073245.2_35678363_2	6	2	2	0	0	0	0.0	0.0	0.0	0	2	1	0	0	0	0
DN_NC_073244.2_48583045_5	DN_NC_086017.1_58115065_4	6	4	4	0	0	0	0.0	0.0	0.0	0	3	1	1	0	0	0
DN_NC_073244.2_48620420_5	DN_NC_073244.2_48919547_6	5	6	5	0	0	0	0.0	0.0	0.0	0	3	2	0	0	0	0
DN_NC_073244.2_48620420_5	DN_NC_073244.2_55989141_5	5	5	5	0	0	0	0.0	0.0	0.0	0	4	1	1	0	0	0
DN_NC_073244.2_48620420_5	DN_NC_073245.2_58728682_5	5	5	5	0	0	0	0.0	0.0	0.0	0	5	2	1	0	0	0
DN_NC_073244.2_48620420_5	DN_NC_073247.2_56899135_7	5	7	5	0	0	0	0.0	0.0	0.0	0	4	1	1	0	0	0
DN_NC_073244.2_48620420_5	DN_NC_073247.2_57761829_5	5	5	5	0	0	0	0.0	0.0	0.0	0	4	3	1	0	0	0
DN_NC_073244.2_48620420_5	DN_NC_086017.1_85766278_5	5	5	5	0	0	0	0.0	0.0	0.0	0	5	1	0	0	0	0
DN_NC_073244.2_48660338_4	DN_NC_073244.2_48919547_6	4	6	4	1	1	1	0.25	0.9952	0.9952	1	3	1	1	1	1	1
DN_NC_073244.2_48660338_4	DN_NC_073244.2_63542066_5	4	5	4	0	0	0	0.0	0.0	0.0	0	3	0	0	0	0	0
DN_NC_073244.2_48660338_4	DN_NC_073245.2_58728682_5	4	5	4	0	0	0	0.0	0.0	0.0	0	3	1	0	0	0	0
DN_NC_073244.2_48660338_4	DN_NC_073247.2_57840463_5	4	5	4	0	0	0	0.0	0.0	0.0	0	3	0	0	0	0	0
DN_NC_073244.2_48660338_4	DN_NC_086017.1_54629198_3	4	3	3	0	0	0	0.0	0.0	0.0	0	2	0	0	0	0	0
DN_NC_073244.2_48919547_6	DN_NC_073245.2_58728682_5	6	5	5	2	2	2	0.4	0.7213	0.7283	0	4	2	2	2	0	0
DN_NC_073244.2_48919547_6	DN_NC_073247.2_56899135_7	6	7	6	0	0	0	0.0	0.0	0.0	0	3	3	1	0	0	0
DN_NC_073244.2_48919547_6	DN_NC_073247.2_57840463_5	6	5	5	0	0	0	0.0	0.0	0.0	0	3	2	2	0	0	0
DN_NC_073244.2_48919547_6	DN_NC_086017.1_85766278_5	6	5	5	0	0	0	0.0	0.0	0.0	0	4	2	2	0	0	0
DN_NC_073244.2_48980018_5	DN_NC_073244.2_49072464_4	5	4	4	1	1	1	0.25	0.754	0.754	1	4	2	1	1	1	0
DN_NC_073244.2_48980018_5	DN_NC_073244.2_49101177_5	5	5	5	1	1	1	0.2	0.7857	0.7857	1	4	3	1	1	1	0
DN_NC_073244.2_48980018_5	DN_NC_073244.2_49176797_4	5	4	4	0	0	0	0.0	0.0	0.0	0	3	2	1	0	0	0
DN_NC_073244.2_48980018_5	DN_NC_073244.2_49205215_5	5	5	5	0	0	0	0.0	0.0	0.0	0	2	2	1	0	0	0
DN_NC_073244.2_48980018_5	DN_NC_073244.2_51749194_6	5	6	5	1	1	1	0.2	0.7222	0.7302	1	4	3	2	1	0	0
DN_NC_073244.2_48980018_5	DN_NC_073244.2_65102393_4	5	4	4	1	1	1	0.25	0.7222	0.7222	1	3	3	1	1	0	0
DN_NC_073244.2_48980018_5	DN_NC_073244.2_68491976_5	5	5	5	2	2	2	0.4	0.7177	0.7302	0	5	4	4	2	0	0
DN_NC_073244.2_48980018_5	DN_NC_073244.2_68513423_5	5	5	5	2	2	2	0.4	0.7784	0.8095	0	4	3	2	2	1	1
DN_NC_073244.2_48980018_5	DN_NC_073244.2_68611978_5	5	5	5	2	2	2	0.4	0.7177	0.7302	0	4	3	3	2	0	0
DN_NC_073244.2_48980018_5	DN_NC_073244.2_68643423_8	5	8	5	2	2	2	0.4	0.7639	0.7698	0	4	3	2	2	2	0
DN_NC_073244.2_49072464_4	DN_NC_073244.2_49101177_5	4	5	4	1	1	1	0.25	0.8333	0.8413	1	3	3	2	1	1	1
DN_NC_073244.2_49072464_4	DN_NC_073244.2_49176797_4	4	4	4	0	0	0	0.0	0.0	0.0	0	2	1	1	0	0	0
DN_NC_073244.2_49072464_4	DN_NC_073244.2_49205215_5	4	5	4	1	1	1	0.25	0.746	0.754	1	4	2	1	1	1	0
DN_NC_073244.2_49072464_4	DN_NC_073244.2_49246931_6	4	6	4	1	1	1	0.25	0.8571	0.8571	1	3	2	2	1	1	1
DN_NC_073244.2_49072464_4	DN_NC_073244.2_51749194_6	4	6	4	1	1	1	0.25	0.8571	0.8571	1	4	3	2	1	1	1
DN_NC_073244.2_49072464_4	DN_NC_073244.2_51783968_5	4	5	4	1	1	1	0.25	0.8889	0.8968	1	2	2	1	1	1	1
DN_NC_073244.2_49072464_4	DN_NC_073244.2_65102393_4	4	4	4	1	1	1	0.25	0.8254	0.8254	1	3	2	1	1	1	1
DN_NC_073244.2_49072464_4	DN_NC_073244.2_65470296_6	4	6	4	1	1	1	0.25	0.8095	0.8095	1	4	3	1	1	1	1
DN_NC_073244.2_49072464_4	DN_NC_073244.2_68491976_5	4	5	4	1	1	1	0.25	0.8016	0.8175	1	4	2	1	1	1	1
DN_NC_073244.2_49072464_4	DN_NC_073244.2_68513423_5	4	5	4	1	1	1	0.25	0.8016	0.8016	1	3	1	1	1	1	1
DN_NC_073244.2_49072464_4	DN_NC_073244.2_68611978_5	4	5	4	1	1	1	0.25	0.7302	0.746	1	3	1	1	1	0	0
DN_NC_073244.2_49101177_5	DN_NC_073244.2_49246931_6	5	6	5	1	1	1	0.2	0.8413	0.8413	1	4	4	2	1	1	1
DN_NC_073244.2_49101177_5	DN_NC_073244.2_51749194_6	5	6	5	3	3	3	0.6	0.738	0.7857	0	4	4	3	3	1	0
DN_NC_073244.2_49101177_5	DN_NC_073244.2_51825388_5	5	5	5	1	1	1	0.2	0.8175	0.8175	1	5	4	3	1	1	1
DN_NC_073244.2_49101177_5	DN_NC_073244.2_55341363_7	5	7	5	1	1	1	0.2	0.8492	0.8492	1	3	3	2	1	1	1
DN_NC_073244.2_49101177_5	DN_NC_073244.2_65102393_4	5	4	4	1	1	1	0.25	0.8016	0.8016	1	3	2	1	1	1	1
DN_NC_073244.2_49101177_5	DN_NC_073244.2_68491976_5	5	5	5	2	2	2	0.4	0.7455	0.7937	0	4	3	2	2	1	0
DN_NC_073244.2_49176797_4	DN_NC_073244.2_49205215_5	4	5	4	0	0	0	0.0	0.0	0.0	0	3	1	0	0	0	0
DN_NC_073244.2_49176797_4	DN_NC_073244.2_49246931_6	4	6	4	0	0	0	0.0	0.0	0.0	0	3	1	1	0	0	0
DN_NC_073244.2_49176797_4	DN_NC_073244.2_51749194_6	4	6	4	0	0	0	0.0	0.0	0.0	0	3	2	0	0	0	0
DN_NC_073244.2_49176797_4	DN_NC_073244.2_65102393_4	4	4	4	0	0	0	0.0	0.0	0.0	0	3	1	0	0	0	0
DN_NC_073244.2_49176797_4	DN_NC_073244.2_68491976_5	4	5	4	0	0	0	0.0	0.0	0.0	0	2	0	0	0	0	0
DN_NC_073244.2_49176797_4	DN_NC_073244.2_68611978_5	4	5	4	0	0	0	0.0	0.0	0.0	0	2	1	0	0	0	0
DN_NC_073244.2_49205215_5	DN_NC_073244.2_49246931_6	5	6	5	2	2	2	0.4	0.7396	0.7619	0	4	4	3	2	1	0
DN_NC_073244.2_49205215_5	DN_NC_073244.2_51749194_6	5	6	5	2	2	2	0.4	0.7269	0.746	0	4	4	3	2	0	0
DN_NC_073244.2_49205215_5	DN_NC_073244.2_51783968_5	5	5	5	2	2	2	0.4	0.7484	0.7937	0	4	3	2	2	1	0
DN_NC_073244.2_49205215_5	DN_NC_073244.2_51825388_5	5	5	5	2	2	2	0.4	0.7587	0.8016	0	5	3	2	2	1	1
DN_NC_073244.2_49205215_5	DN_NC_073244.2_65102393_4	5	4	4	1	1	1	0.25	0.746	0.746	1	3	2	1	1	0	0
DN_NC_073244.2_49205215_5	DN_NC_073244.2_68513423_5	5	5	5	2	2	2	0.4	0.7388	0.7474	0	4	2	2	2	0	0
DN_NC_073244.2_49246931_6	DN_NC_073244.2_51749194_6	6	6	6	2	2	2	0.3333	0.762	0.8175	0	5	4	3	2	1	1
DN_NC_073244.2_49246931_6	DN_NC_073244.2_51825388_5	6	5	5	2	2	2	0.4	0.809	0.8571	0	4	4	3	2	2	1
DN_NC_073244.2_49246931_6	DN_NC_073244.2_55341363_7	6	7	6	1	1	1	0.1667	0.873	0.873	1	4	3	3	1	1	1
DN_NC_073244.2_49246931_6	DN_NC_073244.2_65102393_4	6	4	4	1	1	1	0.25	0.8175	0.8175	1	3	3	1	1	1	1
DN_NC_073244.2_49246931_6	DN_NC_073244.2_65470296_6	6	6	6	1	1	1	0.1667	0.7778	0.7778	1	4	2	2	1	1	0
DN_NC_073244.2_49246931_6	DN_NC_073244.2_68477557_5	6	5	5	1	1	1	0.2	0.7698	0.7698	1	3	2	1	1	1	0
DN_NC_073244.2_49246931_6	DN_NC_073244.2_68491976_5	6	5	5	1	1	1	0.2	0.754	0.754	1	4	3	1	1	1	0
DN_NC_073244.2_49246931_6	DN_NC_073244.2_68513423_5	6	5	5	2	2	2	0.4	0.7461	0.7857	0	4	2	2	2	1	0
DN_NC_073244.2_49246931_6	DN_NC_073244.2_68611978_5	6	5	5	1	1	1	0.2	0.7778	0.7778	1	3	2	2	1	1	0
DN_NC_073244.2_51749194_6	DN_NC_073244.2_51783968_5	6	5	5	2	2	2	0.4	0.8307	0.8333	0	4	4	3	2	2	2
DN_NC_073244.2_51749194_6	DN_NC_073244.2_51825388_5	6	5	5	2	2	2	0.4	0.8048	0.8413	0	4	4	3	2	2	1
DN_NC_073244.2_51749194_6	DN_NC_073244.2_55341363_7	6	7	6	2	2	2	0.3333	0.7732	0.8254	0	4	4	2	2	1	1
DN_NC_073244.2_51749194_6	DN_NC_073244.2_65102393_4	6	4	4	1	1	1	0.25	0.7778	0.7778	1	3	3	1	1	1	0
DN_NC_073244.2_51749194_6	DN_NC_073244.2_68477557_5	6	5	5	1	1	1	0.2	0.746	0.746	1	5	1	1	1	0	0
DN_NC_073244.2_51749194_6	DN_NC_073244.2_68491976_5	6	5	5	1	1	1	0.2	0.8016	0.8016	1	4	3	1	1	1	1
DN_NC_073244.2_51749194_6	DN_NC_073244.2_68513423_5	6	5	5	2	2	2	0.4	0.7546	0.7619	0	4	3	2	2	1	0
DN_NC_073244.2_51749194_6	DN_NC_073244.2_68611978_5	6	5	5	1	1	1	0.2	0.7143	0.7143	1	5	3	2	1	0	0
DN_NC_073244.2_51749194_6	DN_NC_073244.2_68643423_8	6	8	6	1	1	1	0.1667	0.7937	0.8016	1	5	2	2	1	1	1
DN_NC_073244.2_51783968_5	DN_NC_073244.2_51825388_5	5	5	5	4	4	4	0.8	0.9142	0.9921	0	4	4	4	4	4	3
DN_NC_073244.2_51783968_5	DN_NC_073244.2_55341363_7	5	7	5	2	2	2	0.4	0.7723	0.8413	0	3	3	2	2	1	1
DN_NC_073244.2_51783968_5	DN_NC_073244.2_68477557_5	5	5	5	1	1	1	0.2	0.7778	0.7778	1	3	2	1	1	1	0
DN_NC_073244.2_51783968_5	DN_NC_073244.2_68491976_5	5	5	5	2	2	2	0.4	0.76	0.7857	0	4	3	2	2	1	0
DN_NC_073244.2_51783968_5	DN_NC_073244.2_68513423_5	5	5	5	2	2	2	0.4	0.7873	0.7969	0	4	3	3	2	2	0
DN_NC_073244.2_51825388_5	DN_NC_073244.2_55341363_7	5	7	5	1	1	1	0.2	0.8413	0.8413	1	3	3	2	1	1	1
DN_NC_073244.2_51825388_5	DN_NC_073244.2_65102393_4	5	4	4	1	1	1	0.25	0.8333	0.8333	1	3	2	1	1	1	1
DN_NC_073244.2_51825388_5	DN_NC_073244.2_68491976_5	5	5	5	1	1	1	0.2	0.7937	0.7937	1	5	3	2	1	1	0
DN_NC_073244.2_55341363_7	DN_NC_073244.2_65102393_4	7	4	4	1	1	1	0.25	0.8254	0.8254	1	4	2	1	1	1	1
DN_NC_073244.2_55341363_7	DN_NC_073244.2_65470296_6	7	6	6	1	1	1	0.1667	0.8333	0.8333	1	5	2	1	1	1	1
DN_NC_073244.2_55341363_7	DN_NC_073244.2_68491976_5	7	5	5	1	1	1	0.2	0.754	0.7619	1	3	2	1	1	1	0
DN_NC_073244.2_55426973_9	DN_NC_073244.2_55464824_5	9	5	5	2	2	2	0.4	0.8111	0.9048	0	5	3	3	2	1	1
DN_NC_073244.2_55426973_9	DN_NC_073244.2_55497464_5	9	5	5	1	1	1	0.2	0.9048	0.9048	1	4	2	2	1	1	1
DN_NC_073244.2_55426973_9	DN_NC_073244.2_55516115_5	9	5	5	1	1	1	0.2	0.8571	0.8571	1	5	3	3	1	1	1
DN_NC_073244.2_55426973_9	DN_NC_073244.2_55607411_6	9	6	6	1	1	1	0.1667	0.8968	0.8968	1	6	3	3	1	1	1
DN_NC_073244.2_55426973_9	DN_NC_073244.2_55618657_2	9	2	2	0	0	0	0.0	0.0	0.0	0	2	0	0	0	0	0
DN_NC_073244.2_55426973_9	DN_NC_073244.2_55626504_5	9	5	5	1	1	1	0.2	0.9127	0.9127	1	5	3	3	1	1	1
DN_NC_073244.2_55426973_9	DN_NC_073244.2_55654796_6	9	6	6	2	2	2	0.3333	0.7912	0.8651	0	5	3	3	2	1	1
DN_NC_073244.2_55426973_9	DN_NC_073244.2_55678004_6	9	6	6	1	1	1	0.1667	0.8571	0.8571	1	5	4	2	1	1	1
DN_NC_073244.2_55426973_9	DN_NC_073244.2_55771764_5	9	5	5	2	2	2	0.4	0.8159	0.8492	0	5	5	4	2	2	1
DN_NC_073244.2_55426973_9	DN_NC_073244.2_55797441_5	9	5	5	3	3	3	0.6	0.7871	0.9048	0	5	4	3	3	1	1
DN_NC_073244.2_55426973_9	DN_NC_073244.2_55835875_4	9	4	4	1	1	1	0.25	0.873	0.873	1	4	4	2	1	1	1
DN_NC_073244.2_55426973_9	DN_NC_073244.2_55899006_4	9	4	4	1	1	1	0.25	0.7857	0.7857	1	4	2	2	1	1	0
DN_NC_073244.2_55464824_5	DN_NC_073244.2_55497464_5	5	5	5	3	3	3	0.6	0.8927	0.9683	0	5	4	4	3	3	3
DN_NC_073244.2_55464824_5	DN_NC_073244.2_55516115_5	5	5	5	3	3	3	0.6	0.8488	0.9286	0	5	5	3	3	3	2
DN_NC_073244.2_55464824_5	DN_NC_073244.2_55538420_4	5	4	4	2	2	2	0.5	0.9298	0.9683	0	3	2	2	2	2	2
DN_NC_073244.2_55464824_5	DN_NC_073244.2_55565140_5	5	5	5	3	3	3	0.6	0.8731	0.9365	0	5	4	4	3	3	2
DN_NC_073244.2_55464824_5	DN_NC_073244.2_55585242_5	5	5	5	3	3	3	0.6	0.8466	0.9127	0	5	4	4	3	3	2
DN_NC_073244.2_55464824_5	DN_NC_073244.2_55607411_6	5	6	5	4	4	4	0.8	0.8241	0.9286	0	5	5	5	4	3	2
DN_NC_073244.2_55464824_5	DN_NC_073244.2_55618657_2	5	2	2	0	0	0	0.0	0.0	0.0	0	1	1	0	0	0	0
DN_NC_073244.2_55464824_5	DN_NC_073244.2_55626504_5	5	5	5	3	3	3	0.6	0.8581	0.9365	0	5	5	5	3	3	2
DN_NC_073244.2_55464824_5	DN_NC_073244.2_55654796_6	5	6	5	3	3	3	0.6	0.8129	0.9286	0	5	5	3	3	2	1
DN_NC_073244.2_55464824_5	DN_NC_073244.2_55678004_6	5	6	5	3	3	3	0.6	0.7934	0.9048	0	5	4	3	3	2	1
DN_NC_073244.2_55464824_5	DN_NC_073244.2_55771764_5	5	5	5	2	2	2	0.4	0.8173	0.8968	0	5	3	3	2	1	1
DN_NC_073244.2_55464824_5	DN_NC_073244.2_55797441_5	5	5	5	2	2	2	0.4	0.8231	0.9365	0	4	3	2	2	1	1
DN_NC_073244.2_55464824_5	DN_NC_073244.2_55835875_4	5	4	4	1	1	1	0.25	0.9286	0.9286	1	2	2	2	1	1	1
DN_NC_073244.2_55464824_5	DN_NC_073244.2_55940471_6	5	6	5	0	0	0	0.0	0.0	0.0	0	3	1	1	0	0	0
DN_NC_073244.2_55497464_5	DN_NC_073244.2_55516115_5	5	5	5	3	3	3	0.6	0.8752	0.9365	0	5	4	3	3	3	3
DN_NC_073244.2_55497464_5	DN_NC_073244.2_55538420_4	5	4	4	2	2	2	0.5	0.9392	0.9762	0	3	2	2	2	2	2
DN_NC_073244.2_55497464_5	DN_NC_073244.2_55565140_5	5	5	5	3	3	3	0.6	0.886	0.9524	0	5	4	4	3	3	2
DN_NC_073244.2_55497464_5	DN_NC_073244.2_55585242_5	5	5	5	3	3	3	0.6	0.8829	0.9286	0	5	4	3	3	3	3
DN_NC_073244.2_55497464_5	DN_NC_073244.2_55607411_6	5	6	5	3	3	3	0.6	0.8693	0.9444	0	5	4	3	3	3	3
DN_NC_073244.2_55497464_5	DN_NC_073244.2_55618657_2	5	2	2	0	0	0	0.0	0.0	0.0	0	1	0	0	0	0	0
DN_NC_073244.2_55497464_5	DN_NC_073244.2_55626504_5	5	5	5	3	3	3	0.6	0.8869	0.9524	0	5	4	3	3	3	3
DN_NC_073244.2_55497464_5	DN_NC_073244.2_55654796_6	5	6	5	3	3	3	0.6	0.8354	0.9444	0	5	3	3	3	2	2
DN_NC_073244.2_55497464_5	DN_NC_073244.2_55797441_5	5	5	5	1	1	1	0.2	0.9365	0.9365	1	4	3	3	1	1	1
DN_NC_073244.2_55497464_5	DN_NC_073244.2_55835875_4	5	4	4	1	1	1	0.25	0.9127	0.9127	1	4	2	2	1	1	1
DN_NC_073244.2_55516115_5	DN_NC_073244.2_55538420_4	5	4	4	3	3	3	0.75	0.8436	0.9524	0	3	3	3	3	2	2
DN_NC_073244.2_55516115_5	DN_NC_073244.2_55565140_5	5	5	5	5	5	5	1.0	0.8125	0.9286	0	5	5	5	5	4	2
DN_NC_073244.2_55516115_5	DN_NC_073244.2_55585242_5	5	5	5	3	3	3	0.6	0.8353	0.8889	0	5	4	3	3	3	2
DN_NC_073244.2_55516115_5	DN_NC_073244.2_55618657_2	5	2	2	0	0	0	0.0	0.0	0.0	0	1	0	0	0	0	0
DN_NC_073244.2_55516115_5	DN_NC_073244.2_55626504_5	5	5	5	3	3	3	0.6	0.8431	0.9127	0	5	4	4	3	3	2
DN_NC_073244.2_55516115_5	DN_NC_073244.2_55654796_6	5	6	5	2	2	2	0.4	0.8484	0.9286	0	5	4	3	2	2	1
DN_NC_073244.2_55516115_5	DN_NC_073244.2_55797441_5	5	5	5	1	1	1	0.2	0.8968	0.8968	1	4	3	3	1	1	1
DN_NC_073244.2_55516115_5	DN_NC_073244.2_55835875_4	5	4	4	1	1	1	0.25	0.8651	0.8651	1	3	2	2	1	1	1
DN_NC_073244.2_55538420_4	DN_NC_073244.2_55565140_5	4	5	4	4	4	4	1.0	0.8611	0.9603	0	4	4	4	4	3	3
DN_NC_073244.2_55538420_4	DN_NC_073244.2_55585242_5	4	5	4	2	2	2	0.5	0.8951	0.9206	0	3	3	3	2	2	2
DN_NC_073244.2_55538420_4	DN_NC_073244.2_55607411_6	4	6	4	2	2	2	0.5	0.903	0.9365	0	3	3	2	2	2	2
DN_NC_073244.2_55538420_4	DN_NC_073244.2_55618657_2	4	2	2	0	0	0	0.0	0.0	0.0	0	0	0	0	0	0	0
DN_NC_073244.2_55538420_4	DN_NC_073244.2_55626504_5	4	5	4	2	2	2	0.5	0.9179	0.9444	0	3	3	2	2	2	2
DN_NC_073244.2_55538420_4	DN_NC_073244.2_55654796_6	4	6	4	1	1	1	0.25	0.9365	0.9365	1	3	3	2	1	1	1
DN_NC_073244.2_55538420_4	DN_NC_073244.2_55678004_6	4	6	4	1	1	1	0.25	0.9127	0.9127	1	2	2	2	1	1	1
DN_NC_073244.2_55538420_4	DN_NC_073244.2_55771764_5	4	5	4	1	1	1	0.25	0.8889	0.8889	1	2	2	2	1	1	1
DN_NC_073244.2_55538420_4	DN_NC_073244.2_55797441_5	4	5	4	1	1	1	0.25	0.9286	0.9286	1	2	2	2	1	1	1
DN_NC_073244.2_55538420_4	DN_NC_073244.2_55835875_4	4	4	4	1	1	1	0.25	0.9048	0.9048	1	2	2	1	1	1	1
DN_NC_073244.2_55538420_4	DN_NC_073244.2_55940471_6	4	6	4	0	0	0	0.0	0.0	0.0	0	2	0	0	0	0	0
DN_NC_073244.2_55565140_5	DN_NC_073244.2_55585242_5	5	5	5	3	3	3	0.6	0.8821	0.9365	0	4	4	3	3	3	3
DN_NC_073244.2_55565140_5	DN_NC_073244.2_55607411_6	5	6	5	3	3	3	0.6	0.8775	0.9444	0	5	5	4	3	3	3
DN_NC_073244.2_55565140_5	DN_NC_073244.2_55618657_2	5	2	2	0	0	0	0.0	0.0	0.0	0	1	1	1	0	0	0
DN_NC_073244.2_55565140_5	DN_NC_073244.2_55626504_5	5	5	5	3	3	3	0.6	0.8857	0.9365	0	4	4	3	3	3	3
DN_NC_073244.2_55565140_5	DN_NC_073244.2_55654796_6	5	6	5	3	3	3	0.6	0.8048	0.9286	0	4	3	3	3	2	1
DN_NC_073244.2_55565140_5	DN_NC_073244.2_55678004_6	5	6	5	3	3	3	0.6	0.7737	0.9048	0	5	4	3	3	1	1
DN_NC_073244.2_55565140_5	DN_NC_073244.2_55771764_5	5	5	5	1	1	1	0.2	0.8968	0.8968	1	4	3	3	1	1	1
DN_NC_073244.2_55565140_5	DN_NC_073244.2_55797441_5	5	5	5	1	1	1	0.2	0.9127	0.9127	1	4	3	3	1	1	1
DN_NC_073244.2_55565140_5	DN_NC_073244.2_55835875_4	5	4	4	1	1	1	0.25	0.881	0.881	1	2	2	2	1	1	1
DN_NC_073244.2_55585242_5	DN_NC_073244.2_55607411_6	5	6	5	3	3	3	0.6	0.8537	0.9206	0	5	5	4	3	3	2
DN_NC_073244.2_55585242_5	DN_NC_073244.2_55618657_2	5	2	2	0	0	0	0.0	0.0	0.0	0	1	0	0	0	0	0
DN_NC_073244.2_55585242_5	DN_NC_073244.2_55626504_5	5	5	5	3	3	3	0.6	0.8574	0.9127	0	5	5	3	3	3	2
DN_NC_073244.2_55585242_5	DN_NC_073244.2_55654796_6	5	6	5	3	3	3	0.6	0.8071	0.8968	0	5	5	3	3	2	2
DN_NC_073244.2_55585242_5	DN_NC_073244.2_55678004_6	5	6	5	3	3	3	0.6	0.7783	0.881	0	5	3	3	3	1	1
DN_NC_073244.2_55585242_5	DN_NC_073244.2_55797441_5	5	5	5	2	2	2	0.4	0.8033	0.8968	0	4	3	3	2	1	1
DN_NC_073244.2_55585242_5	DN_NC_073244.2_55835875_4	5	4	4	1	1	1	0.25	0.8651	0.8651	1	3	2	2	1	1	1
DN_NC_073244.2_55607411_6	DN_NC_073244.2_55618657_2	6	2	2	0	0	0	0.0	0.0	0.0	0	1	1	1	0	0	0
DN_NC_073244.2_55607411_6	DN_NC_073244.2_55626504_5	6	5	5	4	4	4	0.8	0.8679	0.9444	0	5	5	5	4	4	4
DN_NC_073244.2_55607411_6	DN_NC_073244.2_55654796_6	6	6	6	3	3	3	0.5	0.8121	0.9127	0	6	6	4	3	2	2
DN_NC_073244.2_55607411_6	DN_NC_073244.2_55678004_6	6	6	6	2	2	2	0.3333	0.8033	0.8968	0	5	4	3	2	1	1
DN_NC_073244.2_55607411_6	DN_NC_073244.2_55771764_5	6	5	5	1	1	1	0.2	0.873	0.873	1	4	3	3	1	1	1
DN_NC_073244.2_55607411_6	DN_NC_073244.2_55797441_5	6	5	5	2	2	2	0.4	0.8033	0.8968	0	4	3	3	2	1	1
DN_NC_073244.2_55607411_6	DN_NC_073244.2_55835875_4	6	4	4	1	1	1	0.25	0.8889	0.8889	1	3	2	2	1	1	1
DN_NC_073244.2_55607411_6	DN_NC_073244.2_55940471_6	6	6	6	0	0	0	0.0	0.0	0.0	0	4	1	0	0	0	0
DN_NC_073244.2_55618657_2	DN_NC_073244.2_55626504_5	2	5	2	0	0	0	0.0	0.0	0.0	0	1	0	0	0	0	0
DN_NC_073244.2_55618657_2	DN_NC_073244.2_55654796_6	2	6	2	0	0	0	0.0	0.0	0.0	0	1	0	0	0	0	0
DN_NC_073244.2_55618657_2	DN_NC_073244.2_55678004_6	2	6	2	0	0	0	0.0	0.0	0.0	0	2	0	0	0	0	0
DN_NC_073244.2_55618657_2	DN_NC_073244.2_55771764_5	2	5	2	0	0	0	0.0	0.0	0.0	0	1	0	0	0	0	0
DN_NC_073244.2_55618657_2	DN_NC_073244.2_55797441_5	2	5	2	0	0	0	0.0	0.0	0.0	0	1	0	0	0	0	0
DN_NC_073244.2_55618657_2	DN_NC_073244.2_55835875_4	2	4	2	0	0	0	0.0	0.0	0.0	0	1	0	0	0	0	0
DN_NC_073244.2_55618657_2	DN_NC_073244.2_55940471_6	2	6	2	0	0	0	0.0	0.0	0.0	0	2	0	0	0	0	0
DN_NC_073244.2_55626504_5	DN_NC_073244.2_55654796_6	5	6	5	3	3	3	0.6	0.822	0.9206	0	5	4	3	3	2	2
DN_NC_073244.2_55626504_5	DN_NC_073244.2_55771764_5	5	5	5	2	2	2	0.4	0.7937	0.881	0	5	3	3	2	1	1
DN_NC_073244.2_55626504_5	DN_NC_073244.2_55797441_5	5	5	5	1	1	1	0.2	0.9206	0.9206	1	4	3	3	1	1	1
DN_NC_073244.2_55626504_5	DN_NC_073244.2_55835875_4	5	4	4	1	1	1	0.25	0.8968	0.8968	1	3	2	2	1	1	1
DN_NC_073244.2_55654796_6	DN_NC_073244.2_55678004_6	6	6	6	2	2	2	0.3333	0.8125	0.8968	0	4	4	3	2	1	1
DN_NC_073244.2_55654796_6	DN_NC_073244.2_55771764_5	6	5	5	1	1	1	0.2	0.9048	0.9048	1	5	3	3	1	1	1
DN_NC_073244.2_55654796_6	DN_NC_073244.2_55797441_5	6	5	5	2	2	2	0.4	0.8112	0.9127	0	5	3	3	2	1	1
DN_NC_073244.2_55654796_6	DN_NC_073244.2_55835875_4	6	4	4	1	1	1	0.25	0.9048	0.9048	1	4	2	1	1	1	1
DN_NC_073244.2_55678004_6	DN_NC_073244.2_55771764_5	6	5	5	2	2	2	0.4	0.8014	0.8651	0	4	4	3	2	1	1
DN_NC_073244.2_55678004_6	DN_NC_073244.2_55797441_5	6	5	5	1	1	1	0.2	0.8968	0.8968	1	4	4	2	1	1	1
DN_NC_073244.2_55678004_6	DN_NC_073244.2_55835875_4	6	4	4	1	1	1	0.25	0.873	0.873	1	3	3	2	1	1	1
DN_NC_073244.2_55678004_6	DN_NC_073244.2_55940471_6	6	6	6	0	0	0	0.0	0.0	0.0	0	5	1	0	0	0	0
DN_NC_073244.2_55771764_5	DN_NC_073244.2_55797441_5	5	5	5	3	3	3	0.6	0.8079	0.873	0	5	5	4	3	2	2
DN_NC_073244.2_55771764_5	DN_NC_073244.2_55835875_4	5	4	4	2	2	2	0.5	0.8299	0.8889	0	4	3	2	2	2	1
DN_NC_073244.2_55771764_5	DN_NC_073244.2_55899006_4	5	4	4	1	1	1	0.25	0.8254	0.8254	1	3	2	2	1	1	1
DN_NC_073244.2_55771764_5	DN_NC_073244.2_55940471_6	5	6	5	0	0	0	0.0	0.0	0.0	0	3	1	1	0	0	0
DN_NC_073244.2_55797441_5	DN_NC_073244.2_55835875_4	5	4	4	2	2	2	0.5	0.8419	0.9048	0	4	4	3	2	2	1
DN_NC_073244.2_55797441_5	DN_NC_073244.2_55940471_6	5	6	5	0	0	0	0.0	0.0	0.0	0	3	1	0	0	0	0
DN_NC_073244.2_55835875_4	DN_NC_073244.2_55940471_6	4	6	4	0	0	0	0.0	0.0	0.0	0	3	1	0	0	0	0
DN_NC_073244.2_55899006_4	DN_NC_073244.2_55940471_6	4	6	4	0	0	0	0.0	0.0	0.0	0	3	1	0	0	0	0
DN_NC_073244.2_55989141_5	DN_NC_073244.2_63961971_6	5	6	5	0	0	0	0.0	0.0	0.0	0	4	1	1	0	0	0
DN_NC_073244.2_55989141_5	DN_NC_073244.2_70077616_7	5	7	5	1	1	1	0.2	0.7063	0.7063	1	3	2	2	1	0	0
DN_NC_073244.2_55989141_5	DN_NC_073247.2_58372296_6	5	5	5	1	1	1	0.2	0.7143	0.7302	1	4	1	1	1	0	0
DN_NC_073244.2_56915266_3	DN_NC_073244.2_56916454_10	3	10	3	1	1	1	0.3333	0.9607	0.9607	1	2	1	1	1	1	1
DN_NC_073244.2_59724372_5	DN_NC_073244.2_59726455_2	5	2	2	1	1	1	0.5	1.0	1.0	1	2	1	1	1	1	1
DN_NC_073244.2_59726455_2	DN_NC_073244.2_69294668_4	2	4	2	0	0	0	0.0	0.0	0.0	0	2	0	0	0	0	0
DN_NC_073244.2_59726455_2	DN_NC_086017.1_54551513_4	2	4	2	0	0	0	0.0	0.0	0.0	0	2	0	0	0	0	0
DN_NC_073244.2_61417620_12	DN_NC_086018.1_35282535_13	12	13	12	8	8	8	0.6667	0.7892	0.8947	0	10	10	9	8	5	4
DN_NC_073244.2_6165323_3	DN_NC_086017.1_112545872_3	3	3	3	1	1	1	0.3333	0.9351	0.9351	1	2	1	1	1	1	1
DN_NC_073244.2_62231648_10	DN_NC_086018.1_34278584_41	10	41	10	6	6	6	0.6	0.7294	0.7614	0	9	8	8	6	2	0
DN_NC_073244.2_63542066_5	DN_NC_073245.2_58728682_5	5	5	5	1	1	1	0.2	0.7937	0.7937	1	3	2	1	1	1	0
DN_NC_073244.2_63542066_5	DN_NC_073247.2_56899135_7	5	7	5	1	1	1	0.2	0.7778	0.7778	1	2	1	1	1	1	0
DN_NC_073244.2_63542066_5	DN_NC_073247.2_57840463_5	5	5	5	1	1	1	0.2	0.881	0.881	1	4	4	2	1	1	1
DN_NC_073244.2_63542066_5	DN_NC_073247.2_58228088_5	5	5	5	1	1	1	0.2	0.8571	0.8571	1	4	2	2	1	1	1
DN_NC_073244.2_63542066_5	DN_NC_073247.2_58372296_6	5	5	5	1	1	1	0.2	0.7381	0.7381	1	3	1	1	1	0	0
DN_NC_073244.2_63732072_2	DN_NC_073244.2_63765159_2	2	2	2	0	0	0	0.0	0.0	0.0	0	2	1	0	0	0	0
DN_NC_073244.2_63840101_6	DN_NC_073244.2_63882905_5	6	5	5	2	2	2	0.4	0.7491	0.7698	0	4	2	2	2	1	0
DN_NC_073244.2_63840101_6	DN_NC_073244.2_63934684_6	6	6	6	2	2	2	0.3333	0.7507	0.754	0	4	2	2	2	1	0
DN_NC_073244.2_63840101_6	DN_NC_073247.2_57761829_5	6	5	5	1	1	1	0.2	0.7619	0.7619	1	4	2	2	1	1	0
DN_NC_073244.2_63855100_5	DN_NC_073244.2_63895938_6	5	6	5	3	3	3	0.6	0.8089	0.9127	0	4	3	3	3	2	1
DN_NC_073244.2_63855100_5	DN_NC_073244.2_63934684_6	5	6	5	2	2	2	0.4	0.8589	0.8968	0	4	3	3	2	2	2
DN_NC_073244.2_63855100_5	DN_NC_073247.2_58372296_6	5	5	5	1	1	1	0.2	0.7381	0.7381	1	3	1	1	1	0	0
DN_NC_073244.2_63882905_5	DN_NC_073244.2_63934684_6	5	6	5	2	2	2	0.4	0.7302	0.754	0	4	2	2	2	1	0
DN_NC_073244.2_63882905_5	DN_NC_073244.2_63961971_6	5	6	5	1	1	1	0.2	0.754	0.754	1	3	3	1	1	1	0
DN_NC_073244.2_63882905_5	DN_NC_073247.2_56899135_7	5	7	5	1	1	1	0.2	0.7222	0.7222	1	4	4	1	1	0	0
DN_NC_073244.2_63882905_5	DN_NC_073247.2_57761829_5	5	5	5	1	1	1	0.2	0.746	0.746	1	3	2	2	1	0	0
DN_NC_073244.2_63882905_5	DN_NC_073247.2_58372296_6	5	5	5	1	1	1	0.2	0.7222	0.7222	1	3	2	1	1	0	0
DN_NC_073244.2_63895938_6	DN_NC_073244.2_63934684_6	6	6	6	2	2	2	0.3333	0.856	0.8968	0	5	4	2	2	2	2
DN_NC_073244.2_63895938_6	DN_NC_073244.2_63961971_6	6	6	6	2	2	2	0.3333	0.8249	0.8889	0	5	5	4	2	2	1
DN_NC_073244.2_63895938_6	DN_NC_073244.2_64004232_5	6	5	5	2	2	2	0.4	0.8406	0.8478	0	5	4	3	2	2	2
DN_NC_073244.2_63895938_6	DN_NC_073247.2_56899135_7	6	7	6	1	1	1	0.1667	0.7619	0.7619	1	3	1	1	1	1	0
DN_NC_073244.2_63895938_6	DN_NC_073247.2_57761829_5	6	5	5	1	1	1	0.2	0.7381	0.7381	1	4	2	1	1	0	0
DN_NC_073244.2_63934684_6	DN_NC_073244.2_70077616_7	6	7	6	1	1	1	0.1667	0.7063	0.7063	1	4	2	1	1	0	0
DN_NC_073244.2_63934684_6	DN_NC_073247.2_57840463_5	6	5	5	1	1	1	0.2	0.746	0.754	1	4	2	2	1	1	0
DN_NC_073244.2_63934684_6	DN_NC_073247.2_58372296_6	6	5	5	1	1	1	0.2	0.7302	0.7381	1	4	1	1	1	0	0
DN_NC_073244.2_63961971_6	DN_NC_073244.2_63983979_5	6	5	5	2	2	2	0.4	0.7785	0.8413	0	5	4	2	2	1	1
DN_NC_073244.2_63961971_6	DN_NC_073244.2_64004232_5	6	5	5	2	2	2	0.4	0.8364	0.8413	0	5	4	4	2	2	2
DN_NC_073244.2_63961971_6	DN_NC_073247.2_58372296_6	6	5	5	1	1	1	0.2	0.7619	0.7698	1	4	1	1	1	1	0
DN_NC_073244.2_63961971_6	DN_NC_086017.1_85766278_5	6	5	5	1	1	1	0.2	0.7698	0.7698	1	4	1	1	1	1	0
DN_NC_073244.2_63983979_5	DN_NC_073244.2_64004232_5	5	5	5	2	2	2	0.4	0.7956	0.8333	0	5	4	2	2	2	1
DN_NC_073244.2_63983979_5	DN_NC_073247.2_57761829_5	5	5	5	1	1	1	0.2	0.7302	0.7302	1	5	2	1	1	0	0
DN_NC_073244.2_64004232_5	DN_NC_073247.2_58372296_6	5	5	5	1	1	1	0.2	0.7222	0.7222	1	4	1	1	1	0	0
DN_NC_073244.2_64004232_5	DN_NC_086017.1_85766278_5	5	5	5	1	1	1	0.2	0.754	0.754	1	3	2	1	1	1	0
DN_NC_073244.2_64034715_7	DN_NC_073244.2_64081943_4	7	4	4	3	3	3	0.75	0.8202	0.8889	0	4	4	4	3	2	2
DN_NC_073244.2_64034715_7	DN_NC_073244.2_64125568_5	7	5	5	5	5	5	1.0	0.826	0.9127	0	5	5	5	5	5	2
DN_NC_073244.2_64034715_7	DN_NC_073244.2_64340366_4	7	4	4	2	2	2	0.5	0.8154	0.8651	0	4	3	3	2	2	1
DN_NC_073244.2_64034715_7	DN_NC_073244.2_64368633_7	7	7	7	2	2	2	0.2857	0.8035	0.8492	0	6	5	2	2	2	1
DN_NC_073244.2_64034715_7	DN_NC_073244.2_64400145_5	7	5	5	2	2	2	0.4	0.8074	0.8571	0	5	4	3	2	2	1
DN_NC_073244.2_64034715_7	DN_NC_073244.2_64500861_5	7	5	5	2	2	2	0.4	0.765	0.8016	0	4	4	3	2	1	1
DN_NC_073244.2_64034715_7	DN_NC_073244.2_64543447_4	7	4	4	2	2	2	0.5	0.7889	0.873	0	4	2	2	2	1	1
DN_NC_073244.2_64034715_7	DN_NC_073244.2_64585864_4	7	4	4	2	2	2	0.5	0.7871	0.873	0	4	3	3	2	1	1
DN_NC_073244.2_64034715_7	DN_NC_073244.2_64618758_7	7	7	7	2	2	3	0.4286	0.7701	0.8532	0	4	3	3	2	2	1
DN_NC_073244.2_64034715_7	DN_NC_073244.2_64672255_4	7	4	4	2	2	2	0.5	0.7837	0.8175	0	3	3	2	2	2	1
DN_NC_073244.2_64034715_7	DN_NC_073244.2_64724127_4	7	4	4	2	2	2	0.5	0.7775	0.8175	0	4	3	2	2	1	1
DN_NC_073244.2_64034715_7	DN_NC_073244.2_64759228_5	7	5	5	2	2	2	0.4	0.8119	0.8651	0	4	3	2	2	2	1
DN_NC_073244.2_64034715_7	DN_NC_073244.2_64797239_5	7	5	5	2	2	2	0.4	0.8277	0.8968	0	4	3	2	2	2	1
DN_NC_073244.2_64034715_7	DN_NC_073244.2_64836827_4	7	4	4	2	2	2	0.5	0.7844	0.8651	0	4	2	2	2	1	1
DN_NC_073244.2_64034715_7	DN_NC_073244.2_64860608_4	7	4	4	2	2	2	0.5	0.8065	0.8889	0	3	3	2	2	1	1
DN_NC_073244.2_64034715_7	DN_NC_073244.2_64908457_4	7	4	4	2	2	2	0.5	0.7947	0.8492	0	4	3	3	2	1	1
DN_NC_073244.2_64034715_7	DN_NC_073244.2_65003440_7	7	7	7	3	3	3	0.4286	0.8086	0.8571	0	6	4	3	3	3	1
DN_NC_073244.2_64034715_7	DN_NC_073244.2_65046428_2	7	4	4	2	2	2	0.5	0.7956	0.8333	0	4	3	3	2	2	1
DN_NC_073244.2_64034715_7	DN_NC_073244.2_65073171_5	7	5	5	2	2	2	0.4	0.8311	0.881	0	4	3	3	2	2	1
DN_NC_073244.2_64034715_7	DN_NC_073244.2_65266359_4	7	4	4	1	1	1	0.25	0.8571	0.8651	1	3	3	2	1	1	1
DN_NC_073244.2_64034715_7	DN_NC_073244.2_65293743_4	7	4	4	2	2	2	0.5	0.7923	0.8889	0	3	3	2	2	1	1
DN_NC_073244.2_64034715_7	DN_NC_073244.2_65362909_5	7	5	5	2	2	2	0.4	0.7791	0.8651	0	4	3	2	2	1	1
DN_NC_073244.2_64034715_7	DN_NC_073244.2_65398487_4	7	4	4	2	2	2	0.5	0.7986	0.881	0	3	3	2	2	1	1
DN_NC_073244.2_64034715_7	DN_NC_086017.1_41849524_2	7	2	2	0	0	0	0.0	0.0	0.0	0	1	0	0	0	0	0
DN_NC_073244.2_64081943_4	DN_NC_073244.2_64231369_4	4	4	4	1	1	1	0.25	0.9048	0.9048	1	1	1	1	1	1	1
DN_NC_073244.2_64081943_4	DN_NC_073244.2_64265252_5	4	5	4	2	2	2	0.5	0.8008	0.8889	0	3	2	2	2	1	1
DN_NC_073244.2_64081943_4	DN_NC_073244.2_64306022_6	4	6	4	1	1	1	0.25	0.8651	0.8651	1	3	2	2	1	1	1
DN_NC_073244.2_64081943_4	DN_NC_073244.2_64400145_5	4	5	4	1	1	1	0.25	0.881	0.881	1	2	2	2	1	1	1
DN_NC_073244.2_64081943_4	DN_NC_073244.2_64500861_5	4	5	4	1	1	1	0.25	0.7778	0.7857	1	3	2	1	1	1	0
DN_NC_073244.2_64081943_4	DN_NC_073244.2_64585864_4	4	4	4	1	1	1	0.25	0.8413	0.8413	1	2	2	2	1	1	1
DN_NC_073244.2_64081943_4	DN_NC_073244.2_64724127_4	4	4	4	1	1	1	0.25	0.7937	0.7937	1	4	3	2	1	1	0
DN_NC_073244.2_64081943_4	DN_NC_073244.2_64759228_5	4	5	4	2	2	2	0.5	0.7867	0.8492	0	3	2	2	2	1	1
DN_NC_073244.2_64081943_4	DN_NC_073244.2_64797239_5	4	5	4	2	2	2	0.5	0.7672	0.8333	0	3	3	2	2	1	1
DN_NC_073244.2_64081943_4	DN_NC_073244.2_64860608_4	4	4	4	2	2	2	0.5	0.7712	0.8413	0	3	2	2	2	1	1
DN_NC_073244.2_64081943_4	DN_NC_073244.2_64908457_4	4	4	4	1	1	1	0.25	0.8333	0.8333	1	3	2	2	1	1	1
DN_NC_073244.2_64081943_4	DN_NC_073244.2_65003440_7	4	7	4	2	2	2	0.5	0.8195	0.8254	0	4	2	2	2	2	2
DN_NC_073244.2_64081943_4	DN_NC_073244.2_65046428_4	4	3	3	1	1	1	0.3333	0.8333	0.8333	1	2	1	1	1	1	1
DN_NC_073244.2_64081943_4	DN_NC_073244.2_65073171_5	4	5	4	2	2	2	0.5	0.7956	0.8413	0	3	2	2	2	2	1
DN_NC_073244.2_64081943_4	DN_NC_073244.2_65266359_4	4	4	4	1	1	1	0.25	0.8254	0.8254	1	3	2	2	1	1	1
DN_NC_073244.2_64081943_4	DN_NC_073244.2_65362909_5	4	5	4	2	2	2	0.5	0.7633	0.8254	0	3	2	2	2	1	1
DN_NC_073244.2_64081943_4	DN_NC_073244.2_65398487_4	4	4	4	1	1	1	0.25	0.8492	0.8492	1	3	2	2	1	1	1
DN_NC_073244.2_64081943_4	DN_NC_073246.2_15789320_2	4	2	2	0	0	0	0.0	0.0	0.0	0	2	0	0	0	0	0
DN_NC_073244.2_64125568_5	DN_NC_073244.2_64340366_4	5	4	4	1	1	1	0.25	0.881	0.881	1	4	2	1	1	1	1
DN_NC_073244.2_64125568_5	DN_NC_073244.2_64368633_7	5	7	5	2	2	2	0.4	0.7765	0.8492	0	4	3	2	2	1	1
DN_NC_073244.2_64125568_5	DN_NC_073244.2_64400145_5	5	5	5	1	1	1	0.2	0.873	0.873	1	3	3	3	1	1	1
DN_NC_073244.2_64125568_5	DN_NC_073244.2_64500861_5	5	5	5	1	1	1	0.2	0.8095	0.8095	1	4	4	2	1	1	1
DN_NC_073244.2_64125568_5	DN_NC_073244.2_64543447_4	5	4	4	2	2	2	0.5	0.777	0.8492	0	4	2	2	2	1	1
DN_NC_073244.2_64125568_5	DN_NC_073244.2_64585864_4	5	4	4	2	2	2	0.5	0.7849	0.8571	0	4	3	3	2	1	1
DN_NC_073244.2_64125568_5	DN_NC_073244.2_64618758_7	5	7	5	1	1	1	0.2	0.8257	0.8257	1	4	3	3	1	1	1
DN_NC_073244.2_64125568_5	DN_NC_073244.2_64672255_4	5	4	4	2	2	2	0.5	0.765	0.8175	0	4	3	2	2	1	1
DN_NC_073244.2_64125568_5	DN_NC_073244.2_64724127_4	5	4	4	2	2	2	0.5	0.7587	0.8175	0	4	3	2	2	1	1
DN_NC_073244.2_64125568_5	DN_NC_073244.2_64759228_5	5	5	5	2	2	3	0.6	0.7722	0.8571	0	4	3	2	2	2	1
DN_NC_073244.2_64125568_5	DN_NC_073244.2_64797239_5	5	5	5	2	2	3	0.6	0.7698	0.8413	0	4	3	2	2	2	1
DN_NC_073244.2_64125568_5	DN_NC_073244.2_64836827_4	5	4	4	2	2	2	0.5	0.7787	0.8413	0	4	2	2	2	1	1
DN_NC_073244.2_64125568_5	DN_NC_073244.2_64860608_4	5	4	4	2	2	2	0.5	0.7867	0.8492	0	4	3	2	2	1	1
DN_NC_073244.2_64125568_5	DN_NC_073244.2_64908457_4	5	4	4	2	2	2	0.5	0.7832	0.8651	0	3	3	3	2	1	1
DN_NC_073244.2_64125568_5	DN_NC_073244.2_65003440_7	5	7	5	2	2	2	0.4	0.8568	0.8644	0	5	3	2	2	2	2
DN_NC_073244.2_64125568_5	DN_NC_073244.2_65046428_2	5	4	4	1	1	1	0.25	0.8583	0.8583	1	2	2	2	1	1	1
DN_NC_073244.2_64125568_5	DN_NC_073244.2_65073171_5	5	5	5	2	2	2	0.4	0.8163	0.8492	0	2	2	2	2	2	1
DN_NC_073244.2_64125568_5	DN_NC_073244.2_65266359_4	5	4	4	2	2	2	0.5	0.7646	0.8333	0	3	3	2	2	1	1
DN_NC_073244.2_64125568_5	DN_NC_073244.2_65293743_4	5	4	4	1	1	1	0.25	0.8571	0.8651	1	3	3	2	1	1	1
DN_NC_073244.2_64125568_5	DN_NC_073244.2_65362909_5	5	5	5	2	2	2	0.4	0.769	0.8333	0	4	4	3	2	1	1
DN_NC_073244.2_64125568_5	DN_NC_073244.2_65398487_4	5	4	4	2	2	2	0.5	0.7867	0.8571	0	4	3	2	2	1	1
DN_NC_073244.2_64125568_5	DN_NC_086017.1_41849470_3	5	3	3	0	0	0	0.0	0.0	0.0	0	2	0	0	0	0	0
DN_NC_073244.2_64231369_4	DN_NC_073244.2_64265252_5	4	5	4	3	3	3	0.75	0.8247	0.9524	0	4	4	3	3	2	2
DN_NC_073244.2_64231369_4	DN_NC_073244.2_64340366_4	4	4	4	2	2	2	0.5	0.8705	0.9286	0	3	3	2	2	2	2
DN_NC_073244.2_64231369_4	DN_NC_073244.2_64368633_7	4	7	4	2	2	2	0.5	0.8429	0.8968	0	4	4	2	2	2	1
DN_NC_073244.2_64231369_4	DN_NC_073244.2_64400145_5	4	5	4	2	2	2	0.5	0.8587	0.9127	0	4	4	3	2	2	2
DN_NC_073244.2_64231369_4	DN_NC_073244.2_64500861_5	4	5	4	1	1	1	0.25	0.8333	0.8333	1	3	2	1	1	1	1
DN_NC_073244.2_64231369_4	DN_NC_073244.2_64585864_4	4	4	4	1	1	1	0.25	0.881	0.881	1	3	3	2	1	1	1
DN_NC_073244.2_64231369_4	DN_NC_073244.2_64618758_7	4	7	4	2	2	2	0.5	0.7895	0.8624	0	3	2	2	2	1	1
DN_NC_073244.2_64231369_4	DN_NC_073244.2_64672255_4	4	4	4	1	1	1	0.25	0.8333	0.8333	1	3	2	2	1	1	1
DN_NC_073244.2_64231369_4	DN_NC_073244.2_64759228_5	4	5	4	1	1	1	0.25	0.9048	0.9048	1	4	2	2	1	1	1
DN_NC_073244.2_64231369_4	DN_NC_073244.2_64797239_5	4	5	4	1	1	1	0.25	0.873	0.873	1	2	1	1	1	1	1
DN_NC_073244.2_64231369_4	DN_NC_073244.2_64836827_4	4	4	4	1	1	1	0.25	0.873	0.873	1	3	1	1	1	1	1
DN_NC_073244.2_64231369_4	DN_NC_073244.2_64908457_4	4	4	4	1	1	1	0.25	0.873	0.873	1	3	1	1	1	1	1
DN_NC_073244.2_64231369_4	DN_NC_073244.2_65046428_2	4	4	4	2	2	2	0.5	0.8174	0.9083	0	4	3	3	2	1	1
DN_NC_073244.2_64231369_4	DN_NC_073244.2_65073171_5	4	5	4	2	2	2	0.5	0.8037	0.873	0	3	3	2	2	1	1
DN_NC_073244.2_64231369_4	DN_NC_073244.2_65293743_4	4	4	4	2	2	2	0.5	0.8168	0.9048	0	3	2	2	2	1	1
DN_NC_073244.2_64231369_4	DN_NC_073244.2_65398487_4	4	4	4	1	1	1	0.25	0.8968	0.8968	1	2	1	1	1	1	1
DN_NC_073244.2_64231369_4	DN_NC_073246.2_15789285_3	4	3	3	1	1	1	0.3333	0.873	0.873	1	2	1	1	1	1	1
DN_NC_073244.2_64231369_4	DN_NC_086017.1_41849470_3	4	3	3	0	0	0	0.0	0.0	0.0	0	2	0	0	0	0	0
DN_NC_073244.2_64265252_5	DN_NC_073244.2_64340366_4	5	4	4	2	2	2	0.5	0.9058	0.9365	0	3	3	2	2	2	2
DN_NC_073244.2_64265252_5	DN_NC_073244.2_64368633_7	5	7	5	2	2	2	0.4	0.886	0.9127	0	4	4	3	2	2	2
DN_NC_073244.2_64265252_5	DN_NC_073244.2_64400145_5	5	5	5	2	2	2	0.4	0.8819	0.8889	0	3	3	3	2	2	2
DN_NC_073244.2_64265252_5	DN_NC_073244.2_64426370_6	5	6	5	3	4	4	0.8	0.7704	0.8651	0	4	3	3	3	2	1
DN_NC_073244.2_64265252_5	DN_NC_073244.2_64500861_5	5	5	5	3	3	3	0.6	0.8068	0.8492	0	4	3	3	3	3	2
DN_NC_073244.2_64265252_5	DN_NC_073244.2_64543447_4	5	4	4	3	3	3	0.75	0.8651	0.8968	0	4	3	3	3	3	3
DN_NC_073244.2_64265252_5	DN_NC_073244.2_64585864_4	5	4	4	2	2	2	0.5	0.841	0.8889	0	3	3	2	2	2	1
DN_NC_073244.2_64265252_5	DN_NC_073244.2_64618758_7	5	7	5	2	2	2	0.4	0.8767	0.8807	0	3	3	3	2	2	2
DN_NC_073244.2_64265252_5	DN_NC_073244.2_64724127_4	5	4	4	2	2	2	0.5	0.7911	0.8571	0	3	2	2	2	1	1
DN_NC_073244.2_64265252_5	DN_NC_073244.2_64759228_5	5	5	5	3	3	3	0.6	0.8673	0.8968	0	4	3	3	3	3	3
DN_NC_073244.2_64265252_5	DN_NC_073244.2_64797239_5	5	5	5	2	2	2	0.4	0.8658	0.881	0	4	2	2	2	2	2
DN_NC_073244.2_64265252_5	DN_NC_073244.2_64836827_4	5	4	4	2	2	2	0.5	0.817	0.881	0	3	2	2	2	2	1
DN_NC_073244.2_64265252_5	DN_NC_073244.2_64860608_4	5	4	4	3	3	3	0.75	0.8532	0.8889	0	4	3	3	3	3	3
DN_NC_073244.2_64265252_5	DN_NC_073244.2_64908457_4	5	4	4	2	2	2	0.5	0.7857	0.8571	0	3	3	2	2	1	1
DN_NC_073244.2_64265252_5	DN_NC_073244.2_65046428_2	5	4	4	3	3	3	0.75	0.8098	0.9083	0	3	3	3	3	3	1
DN_NC_073244.2_64265252_5	DN_NC_073244.2_65266359_4	5	4	4	3	3	3	0.75	0.8317	0.881	0	4	3	3	3	3	2
DN_NC_073244.2_64265252_5	DN_NC_073244.2_65293743_4	5	4	4	3	3	3	0.75	0.8302	0.9127	0	4	3	3	3	3	2
DN_NC_073244.2_64265252_5	DN_NC_073244.2_65326089_4	5	4	4	3	3	3	0.75	0.859	0.8968	0	4	3	3	3	3	3
DN_NC_073244.2_64265252_5	DN_NC_073244.2_65362909_5	5	5	5	2	2	2	0.4	0.8543	0.881	0	3	2	2	2	2	2
DN_NC_073244.2_64265252_5	DN_NC_073244.2_65398487_4	5	4	4	2	2	2	0.5	0.8777	0.9048	0	3	2	2	2	2	2
DN_NC_073244.2_64306022_6	DN_NC_073244.2_64368633_7	6	7	6	3	3	3	0.5	0.8197	0.8889	0	4	4	3	3	3	2
DN_NC_073244.2_64306022_6	DN_NC_073244.2_64400145_5	6	5	5	3	3	3	0.6	0.8221	0.8651	0	5	4	3	3	3	2
DN_NC_073244.2_64306022_6	DN_NC_073244.2_64860608_4	6	4	4	2	2	2	0.5	0.8073	0.8492	0	2	2	2	2	2	1
DN_NC_073244.2_64306022_6	DN_NC_073244.2_65046428_2	6	4	4	2	2	2	0.5	0.8172	0.9	0	4	3	2	2	1	1
DN_NC_073244.2_64306022_6	DN_NC_073244.2_65073171_5	6	5	5	3	3	3	0.6	0.7638	0.8413	0	3	3	3	3	2	1
DN_NC_073244.2_64306022_6	DN_NC_073244.2_65326089_4	6	4	4	2	2	2	0.5	0.8501	0.873	0	2	2	2	2	2	2
DN_NC_073244.2_64306022_6	DN_NC_086017.1_41849470_3	6	3	3	0	0	0	0.0	0.0	0.0	0	2	2	0	0	0	0
DN_NC_073244.2_64340366_4	DN_NC_073244.2_64426370_6	4	6	4	1	1	1	0.25	0.8492	0.8492	1	3	2	1	1	1	1
DN_NC_073244.2_64340366_4	DN_NC_073244.2_64500861_5	4	5	4	1	1	1	0.25	0.8413	0.8413	1	3	2	1	1	1	1
DN_NC_073244.2_64340366_4	DN_NC_073244.2_64543447_4	4	4	4	1	1	1	0.25	0.8889	0.8889	1	2	1	1	1	1	1
DN_NC_073244.2_64340366_4	DN_NC_073244.2_64585864_4	4	4	4	1	1	1	0.25	0.8968	0.8968	1	2	2	2	1	1	1
DN_NC_073244.2_64340366_4	DN_NC_073244.2_64618758_7	4	7	4	1	1	1	0.25	0.8716	0.8716	1	3	2	2	1	1	1
DN_NC_073244.2_64340366_4	DN_NC_073244.2_64672255_4	4	4	4	1	1	1	0.25	0.8492	0.8492	1	2	2	1	1	1	1
DN_NC_073244.2_64340366_4	DN_NC_073244.2_64724127_4	4	4	4	1	1	1	0.25	0.8492	0.8492	1	3	2	1	1	1	1
DN_NC_073244.2_64340366_4	DN_NC_073244.2_64759228_5	4	5	4	1	1	1	0.25	0.8968	0.8968	1	3	2	1	1	1	1
DN_NC_073244.2_64340366_4	DN_NC_073244.2_64797239_5	4	5	4	1	1	1	0.25	0.8889	0.8889	1	4	2	1	1	1	1
DN_NC_073244.2_64340366_4	DN_NC_073244.2_64836827_4	4	4	4	1	1	1	0.25	0.8889	0.8889	1	2	1	1	1	1	1
DN_NC_073244.2_64340366_4	DN_NC_073244.2_64908457_4	4	4	4	1	1	1	0.25	0.8651	0.8651	1	3	2	1	1	1	1
DN_NC_073244.2_64340366_4	DN_NC_073244.2_65003440_7	4	7	4	2	2	2	0.5	0.8196	0.9048	0	4	3	3	2	1	1
DN_NC_073244.2_64340366_4	DN_NC_073244.2_65266359_4	4	4	4	1	1	1	0.25	0.8889	0.8889	1	2	2	1	1	1	1
DN_NC_073244.2_64340366_4	DN_NC_073244.2_65293743_4	4	4	4	1	1	1	0.25	0.9206	0.9206	1	2	2	1	1	1	1
DN_NC_073244.2_64340366_4	DN_NC_073244.2_65362909_5	4	5	4	1	1	1	0.25	0.8889	0.8889	1	2	2	1	1	1	1
DN_NC_073244.2_64340366_4	DN_NC_073244.2_65398487_4	4	4	4	1	1	1	0.25	0.9127	0.9127	1	3	2	1	1	1	1
DN_NC_073244.2_64340366_4	DN_NC_073246.2_15789285_3	4	3	3	1	1	1	0.3333	0.8571	0.8571	1	3	1	1	1	1	1
DN_NC_073244.2_64368633_7	DN_NC_073244.2_64400145_5	7	5	5	3	3	3	0.6	0.9176	0.9531	0	5	5	5	3	3	3
DN_NC_073244.2_64368633_7	DN_NC_073244.2_64426370_6	7	6	6	2	2	2	0.3333	0.8016	0.8254	0	3	3	2	2	2	1
DN_NC_073244.2_64368633_7	DN_NC_073244.2_64500861_5	7	5	5	2	2	2	0.4	0.7998	0.8095	0	4	3	2	2	2	1
DN_NC_073244.2_64368633_7	DN_NC_073244.2_64585864_4	7	4	4	1	1	1	0.25	0.9048	0.9048	1	4	4	2	1	1	1
DN_NC_073244.2_64368633_7	DN_NC_073244.2_64724127_4	7	4	4	2	2	2	0.5	0.7962	0.8175	0	4	2	2	2	2	1
DN_NC_073244.2_64368633_7	DN_NC_073244.2_65046428_2	7	4	4	2	2	2	0.5	0.8049	0.8833	0	4	3	3	2	1	1
DN_NC_073244.2_64368633_7	DN_NC_073244.2_65073171_5	7	5	5	3	3	3	0.6	0.7696	0.8889	0	3	3	3	3	1	1
DN_NC_073244.2_64368633_7	DN_NC_073244.2_65266359_4	7	4	4	2	2	2	0.5	0.8452	0.9127	0	3	3	2	2	2	1
DN_NC_073244.2_64368633_7	DN_NC_073244.2_65398487_4	7	4	4	2	2	2	0.5	0.8183	0.9206	0	3	3	2	2	1	1
DN_NC_073244.2_64368633_7	DN_NC_073246.2_15789320_2	7	2	2	0	0	0	0.0	0.0	0.0	0	2	0	0	0	0	0
DN_NC_073244.2_64368633_7	DN_NC_086017.1_41849524_2	7	2	2	0	0	0	0.0	0.0	0.0	0	1	0	0	0	0	0
DN_NC_073244.2_64400145_5	DN_NC_073244.2_64426370_6	5	6	5	2	2	2	0.4	0.7778	0.7857	0	3	3	3	2	2	0
DN_NC_073244.2_64400145_5	DN_NC_073244.2_64500861_5	5	5	5	3	3	3	0.6	0.7614	0.7901	0	3	3	3	3	2	0
DN_NC_073244.2_64400145_5	DN_NC_073244.2_64585864_4	5	4	4	1	1	1	0.25	0.8571	0.8571	1	4	3	3	1	1	1
DN_NC_073244.2_64400145_5	DN_NC_073244.2_64618758_7	5	7	5	1	1	1	0.2	0.8532	0.8532	1	3	3	3	1	1	1
DN_NC_073244.2_64400145_5	DN_NC_073244.2_64724127_4	5	4	4	2	2	2	0.5	0.7741	0.7937	0	3	3	3	2	2	0
DN_NC_073244.2_64400145_5	DN_NC_073244.2_64759228_5	5	5	5	1	1	1	0.2	0.8571	0.8571	1	3	3	3	1	1	1
DN_NC_073244.2_64400145_5	DN_NC_073244.2_64836827_4	5	4	4	2	2	2	0.5	0.791	0.8413	0	2	2	2	2	1	1
DN_NC_073244.2_64400145_5	DN_NC_073244.2_64860608_4	5	4	4	1	1	1	0.25	0.8492	0.8492	1	3	2	2	1	1	1
DN_NC_073244.2_64400145_5	DN_NC_073244.2_64908457_4	5	4	4	2	2	2	0.5	0.7749	0.8175	0	4	3	3	2	1	1
DN_NC_073244.2_64400145_5	DN_NC_073244.2_65003440_7	5	7	5	3	3	3	0.6	0.7712	0.8413	0	4	3	3	3	1	1
DN_NC_073244.2_64400145_5	DN_NC_073244.2_65046428_2	5	4	4	2	2	2	0.5	0.788	0.8417	0	4	3	3	2	1	1
DN_NC_073244.2_64400145_5	DN_NC_073244.2_65073171_5	5	5	5	3	3	3	0.6	0.7618	0.8333	0	3	3	3	3	1	1
DN_NC_073244.2_64400145_5	DN_NC_073244.2_65293743_4	5	4	4	2	2	2	0.5	0.8047	0.881	0	2	2	2	2	1	1
DN_NC_073244.2_64400145_5	DN_NC_073244.2_65326089_4	5	4	4	2	2	2	0.5	0.7844	0.8651	0	2	2	2	2	1	1
DN_NC_073244.2_64400145_5	DN_NC_073244.2_65362909_5	5	5	5	1	1	1	0.2	0.8413	0.8413	1	3	2	2	1	1	1
DN_NC_073244.2_64400145_5	DN_NC_073246.2_15789320_2	5	2	2	0	0	0	0.0	0.0	0.0	0	2	1	0	0	0	0
DN_NC_073244.2_64400145_5	DN_NC_086017.1_41849470_3	5	3	3	0	0	0	0.0	0.0	0.0	0	2	1	0	0	0	0
DN_NC_073244.2_64426370_6	DN_NC_073244.2_64500861_5	6	5	5	3	3	3	0.6	0.9741	0.9877	0	5	5	4	3	3	3
DN_NC_073244.2_64426370_6	DN_NC_073244.2_64543447_4	6	4	4	2	2	2	0.5	0.7919	0.7937	0	4	4	3	2	2	0
DN_NC_073244.2_64426370_6	DN_NC_073244.2_64585864_4	6	4	4	2	2	2	0.5	0.7756	0.7857	0	3	3	3	2	2	0
DN_NC_073244.2_64426370_6	DN_NC_073244.2_64618758_7	6	7	6	2	2	2	0.3333	0.8723	0.9174	0	4	4	3	2	2	2
DN_NC_073244.2_64426370_6	DN_NC_073244.2_64672255_4	6	4	4	3	3	3	0.75	0.9011	0.9841	0	4	4	4	3	2	2
DN_NC_073244.2_64426370_6	DN_NC_073244.2_64724127_4	6	4	4	3	3	3	0.75	0.891	0.9762	0	3	3	3	3	2	2
DN_NC_073244.2_64426370_6	DN_NC_073244.2_64759228_5	6	5	5	2	3	3	0.6	0.7628	0.7901	0	4	4	3	2	2	0
DN_NC_073244.2_64426370_6	DN_NC_073244.2_64797239_5	6	5	5	2	2	2	0.4	0.7795	0.7937	0	3	3	3	2	2	0
DN_NC_073244.2_64426370_6	DN_NC_073244.2_64860608_4	6	4	4	2	2	2	0.5	0.7959	0.8016	0	4	4	3	2	2	1
DN_NC_073244.2_64426370_6	DN_NC_073244.2_64908457_4	6	4	4	2	2	2	0.5	0.8835	0.8968	0	3	2	2	2	2	2
DN_NC_073244.2_64426370_6	DN_NC_073244.2_65003440_7	6	7	6	2	3	3	0.5	0.7896	0.8305	0	5	2	2	2	2	2
DN_NC_073244.2_64426370_6	DN_NC_073244.2_65046428_2	6	4	4	2	2	2	0.5	0.7639	0.8167	0	2	2	2	2	1	1
DN_NC_073244.2_64426370_6	DN_NC_073244.2_65073171_5	6	5	5	2	2	2	0.4	0.7798	0.8095	0	4	3	3	2	2	1
DN_NC_073244.2_64426370_6	DN_NC_073244.2_65266359_4	6	4	4	2	2	2	0.5	0.8289	0.8642	0	4	4	3	2	2	1
DN_NC_073244.2_64426370_6	DN_NC_073244.2_65293743_4	6	4	4	2	2	2	0.5	0.8245	0.8395	0	4	4	3	2	2	2
DN_NC_073244.2_64426370_6	DN_NC_073244.2_65326089_4	6	4	4	3	4	4	1.0	0.7532	0.7937	0	4	4	3	3	2	0
DN_NC_073244.2_64426370_6	DN_NC_073244.2_65362909_5	6	5	5	2	2	2	0.4	0.7778	0.7778	0	5	5	4	2	2	0
DN_NC_073244.2_64426370_6	DN_NC_073244.2_65398487_4	6	4	4	2	3	3	0.75	0.764	0.8016	0	3	3	2	2	2	1
DN_NC_073244.2_64426370_6	DN_NC_086017.1_41849524_2	6	2	2	0	0	0	0.0	0.0	0.0	0	1	1	0	0	0	0
DN_NC_073244.2_64500861_5	DN_NC_073244.2_64543447_4	5	4	4	3	3	3	0.75	0.7831	0.8025	0	4	4	3	3	3	1
DN_NC_073244.2_64500861_5	DN_NC_073244.2_64618758_7	5	7	5	3	3	3	0.6	0.838	0.8991	0	3	3	3	3	3	3
DN_NC_073244.2_64500861_5	DN_NC_073244.2_64672255_4	5	4	4	3	3	3	0.75	0.9421	0.9683	0	4	4	4	3	3	3
DN_NC_073244.2_64500861_5	DN_NC_073244.2_64724127_4	5	4	4	3	3	3	0.75	0.8772	0.9762	0	3	3	3	3	2	2
DN_NC_073244.2_64500861_5	DN_NC_073244.2_64759228_5	5	5	5	4	4	4	0.8	0.7753	0.8025	0	4	4	4	4	3	1
DN_NC_073244.2_64500861_5	DN_NC_073244.2_64797239_5	5	5	5	2	2	2	0.4	0.7817	0.7857	0	3	3	3	2	2	0
DN_NC_073244.2_64500861_5	DN_NC_073244.2_64836827_4	5	4	4	2	2	2	0.5	0.8108	0.8519	0	4	2	2	2	2	1
DN_NC_073244.2_64500861_5	DN_NC_073244.2_64860608_4	5	4	4	3	3	3	0.75	0.7808	0.8025	0	4	4	4	3	2	1
DN_NC_073244.2_64500861_5	DN_NC_073244.2_64908457_4	5	4	4	3	3	3	0.75	0.8419	0.8968	0	4	3	3	3	2	2
DN_NC_073244.2_64500861_5	DN_NC_073244.2_65003440_7	5	7	5	2	2	2	0.4	0.7652	0.8016	0	4	2	2	2	1	1
DN_NC_073244.2_64500861_5	DN_NC_073244.2_65046428_4	5	3	3	1	1	1	0.3333	0.8	0.8	1	2	1	1	1	1	1
DN_NC_073244.2_64500861_5	DN_NC_073244.2_65073171_5	5	5	5	1	1	1	0.2	0.8016	0.8016	1	4	4	3	1	1	1
DN_NC_073244.2_64500861_5	DN_NC_073244.2_65266359_4	5	4	4	3	3	3	0.75	0.8336	0.8765	0	4	4	4	3	3	3
DN_NC_073244.2_64500861_5	DN_NC_073244.2_65293743_4	5	4	4	4	4	4	1.0	0.7755	0.8519	0	4	4	4	4	2	2
DN_NC_073244.2_64500861_5	DN_NC_073244.2_65326089_4	5	4	4	3	3	3	0.75	0.7862	0.8025	0	4	4	4	3	3	1
DN_NC_073244.2_64500861_5	DN_NC_073244.2_65362909_5	5	5	5	4	4	4	0.8	0.7596	0.7901	0	5	5	4	4	2	0
DN_NC_073244.2_64500861_5	DN_NC_073244.2_65398487_4	5	4	4	2	2	2	0.5	0.7919	0.7937	0	3	3	3	2	2	0
DN_NC_073244.2_64500861_5	DN_NC_086017.1_41849524_2	5	2	2	0	0	0	0.0	0.0	0.0	0	1	1	0	0	0	0
DN_NC_073244.2_64543447_4	DN_NC_073244.2_64585864_4	4	4	4	3	3	3	0.75	0.8935	0.9603	0	4	4	3	3	3	3
DN_NC_073244.2_64543447_4	DN_NC_073244.2_64618758_7	4	7	4	4	4	4	1.0	0.7998	0.85	0	4	4	4	4	3	2
DN_NC_073244.2_64543447_4	DN_NC_073244.2_64672255_4	4	4	4	3	3	3	0.75	0.7876	0.7941	0	4	4	3	3	3	0
DN_NC_073244.2_64543447_4	DN_NC_073244.2_64724127_4	4	4	4	2	2	2	0.5	0.7906	0.7937	0	3	3	2	2	2	0
DN_NC_073244.2_64543447_4	DN_NC_073244.2_64759228_5	4	5	4	3	3	3	0.75	0.9107	0.9425	0	4	4	4	3	3	3
DN_NC_073244.2_64543447_4	DN_NC_073244.2_64797239_5	4	5	4	2	2	2	0.5	0.9395	0.9425	0	3	3	2	2	2	2
DN_NC_073244.2_64543447_4	DN_NC_073244.2_64836827_4	4	4	4	2	2	2	0.5	0.9123	0.9603	0	3	3	2	2	2	2
DN_NC_073244.2_64543447_4	DN_NC_073244.2_64860608_4	4	4	4	3	3	3	0.75	0.8936	0.9524	0	4	4	4	3	3	3
DN_NC_073244.2_64543447_4	DN_NC_073244.2_64908457_4	4	4	4	3	3	3	0.75	0.7757	0.8095	0	3	3	3	3	2	1
DN_NC_073244.2_64543447_4	DN_NC_073244.2_65046428_2	4	4	4	1	1	1	0.25	0.8583	0.8583	1	3	3	3	1	1	1
DN_NC_073244.2_64543447_4	DN_NC_073244.2_65266359_4	4	4	4	3	3	3	0.75	0.8987	0.9524	0	4	4	4	3	3	3
DN_NC_073244.2_64543447_4	DN_NC_073244.2_65293743_4	4	4	4	3	3	3	0.75	0.8902	0.9683	0	4	4	3	3	3	3
DN_NC_073244.2_64543447_4	DN_NC_073244.2_65326089_4	4	4	4	3	3	3	0.75	0.9031	0.9683	0	4	4	3	3	3	2
DN_NC_073244.2_64543447_4	DN_NC_073244.2_65362909_5	4	5	4	3	3	3	0.75	0.9137	0.9603	0	4	4	4	3	3	3
DN_NC_073244.2_64543447_4	DN_NC_073244.2_65398487_4	4	4	4	2	2	2	0.5	0.9594	0.9762	0	3	3	3	2	2	2
DN_NC_073244.2_64585864_4	DN_NC_073244.2_64618758_7	4	7	4	3	3	3	0.75	0.8064	0.8532	0	4	4	4	3	2	2
DN_NC_073244.2_64585864_4	DN_NC_073244.2_64672255_4	4	4	4	3	3	3	0.75	0.8005	0.825	0	4	4	4	3	3	2
DN_NC_073244.2_64585864_4	DN_NC_073244.2_64724127_4	4	4	4	2	2	2	0.5	0.7945	0.8016	0	3	3	3	2	2	1
DN_NC_073244.2_64585864_4	DN_NC_073244.2_64759228_5	4	5	4	3	3	3	0.75	0.8955	0.9603	0	4	4	4	3	3	3
DN_NC_073244.2_64585864_4	DN_NC_073244.2_64797239_5	4	5	4	2	2	2	0.5	0.9342	0.9603	0	3	3	3	2	2	2
DN_NC_073244.2_64585864_4	DN_NC_073244.2_64836827_4	4	4	4	2	2	2	0.5	0.9101	0.9683	0	3	2	2	2	2	2
DN_NC_073244.2_64585864_4	DN_NC_073244.2_64860608_4	4	4	4	3	3	3	0.75	0.8714	0.9603	0	4	4	4	3	3	2
DN_NC_073244.2_64585864_4	DN_NC_073244.2_64908457_4	4	4	4	2	2	2	0.5	0.7789	0.8175	0	3	3	3	2	1	1
DN_NC_073244.2_64585864_4	DN_NC_073244.2_65003440_7	4	7	4	2	2	2	0.5	0.8388	0.8889	0	3	3	3	2	2	1
DN_NC_073244.2_64585864_4	DN_NC_073244.2_65046428_2	4	4	4	1	1	1	0.25	0.8833	0.8833	1	3	3	2	1	1	1
DN_NC_073244.2_64585864_4	DN_NC_073244.2_65266359_4	4	4	4	3	3	3	0.75	0.8849	0.9603	0	3	3	3	3	3	3
DN_NC_073244.2_64585864_4	DN_NC_073244.2_65293743_4	4	4	4	3	3	3	0.75	0.8651	0.9762	0	4	4	4	3	3	2
DN_NC_073244.2_64585864_4	DN_NC_073244.2_65326089_4	4	4	4	3	3	3	0.75	0.892	0.9762	0	4	4	4	3	3	3
DN_NC_073244.2_64585864_4	DN_NC_073244.2_65362909_5	4	5	4	3	3	3	0.75	0.8927	0.9524	0	4	4	4	3	3	3
DN_NC_073244.2_64585864_4	DN_NC_073244.2_65398487_4	4	4	4	2	2	2	0.5	0.9346	0.9841	0	3	3	3	2	2	2
DN_NC_073244.2_64585864_4	DN_NC_073246.2_15789285_3	4	3	3	1	1	1	0.3333	0.8254	0.8333	1	3	1	1	1	1	1
DN_NC_073244.2_64585864_4	DN_NC_086017.1_41849524_2	4	2	2	0	0	0	0.0	0.0	0.0	0	1	1	0	0	0	0
DN_NC_073244.2_64618758_7	DN_NC_073244.2_64672255_4	7	4	4	3	3	3	0.75	0.8647	0.9358	0	3	3	3	3	3	3
DN_NC_073244.2_64618758_7	DN_NC_073244.2_64724127_4	7	4	4	3	3	3	0.75	0.8416	0.9266	0	3	3	3	3	3	2
DN_NC_073244.2_64618758_7	DN_NC_073244.2_64759228_5	7	5	5	3	3	4	0.8	0.8076	0.8833	0	3	3	3	3	2	2
DN_NC_073244.2_64618758_7	DN_NC_073244.2_64797239_5	7	5	5	3	3	4	0.8	0.7783	0.8624	0	3	3	3	3	1	1
DN_NC_073244.2_64618758_7	DN_NC_073244.2_64836827_4	7	4	4	2	2	2	0.5	0.8233	0.844	0	2	2	2	2	2	2
DN_NC_073244.2_64618758_7	DN_NC_073244.2_64860608_4	7	4	4	3	3	3	0.75	0.8181	0.8716	0	3	3	3	3	2	2
DN_NC_073244.2_64618758_7	DN_NC_073244.2_64908457_4	7	4	4	3	3	3	0.75	0.8883	0.9633	0	3	3	3	3	3	2
DN_NC_073244.2_64618758_7	DN_NC_073244.2_65003440_7	7	7	7	2	2	2	0.2857	0.8048	0.8807	0	3	3	3	2	1	1
DN_NC_073244.2_64618758_7	DN_NC_073244.2_65046428_2	7	4	4	1	1	1	0.25	0.8532	0.8532	1	3	3	3	1	1	1
DN_NC_073244.2_64618758_7	DN_NC_073244.2_65073171_5	7	5	5	3	3	3	0.6	0.7597	0.8624	0	3	3	3	3	1	1
DN_NC_073244.2_64618758_7	DN_NC_073244.2_65266359_4	7	4	4	3	3	3	0.75	0.8275	0.8667	0	3	3	3	3	3	2
DN_NC_073244.2_64618758_7	DN_NC_073244.2_65293743_4	7	4	4	3	3	3	0.75	0.8025	0.8624	0	3	3	3	3	3	1
DN_NC_073244.2_64618758_7	DN_NC_073244.2_65326089_4	7	4	4	3	3	3	0.75	0.8075	0.85	0	3	3	3	3	2	2
DN_NC_073244.2_64618758_7	DN_NC_073244.2_65362909_5	7	5	5	3	3	4	0.8	0.7882	0.8833	0	4	3	3	3	2	2
DN_NC_073244.2_64618758_7	DN_NC_073244.2_65398487_4	7	4	4	2	2	2	0.5	0.7846	0.8532	0	2	2	2	2	1	1
DN_NC_073244.2_64618758_7	DN_NC_086017.1_41849470_3	7	3	3	1	1	1	0.3333	0.7303	0.7303	1	2	1	1	1	0	0
DN_NC_073244.2_64672255_4	DN_NC_073244.2_64724127_4	4	4	4	3	3	3	0.75	0.9552	0.9875	0	3	3	3	3	3	3
DN_NC_073244.2_64672255_4	DN_NC_073244.2_64759228_5	4	5	4	3	3	3	0.75	0.8089	0.825	0	4	4	4	3	3	3
DN_NC_073244.2_64672255_4	DN_NC_073244.2_64797239_5	4	5	4	3	3	3	0.75	0.7721	0.8095	0	3	3	3	3	2	1
DN_NC_073244.2_64672255_4	DN_NC_073244.2_64836827_4	4	4	4	2	2	2	0.5	0.8281	0.8625	0	3	3	2	2	2	1
DN_NC_073244.2_64672255_4	DN_NC_073244.2_64860608_4	4	4	4	4	4	4	1.0	0.7724	0.8175	0	4	4	4	4	3	2
DN_NC_073244.2_64672255_4	DN_NC_073244.2_64908457_4	4	4	4	3	3	3	0.75	0.8443	0.9127	0	3	3	3	3	3	2
DN_NC_073244.2_64672255_4	DN_NC_073244.2_65003440_7	4	7	4	2	2	2	0.5	0.7856	0.8254	0	4	3	2	2	1	1
DN_NC_073244.2_64672255_4	DN_NC_073244.2_65046428_2	4	4	4	2	2	2	0.5	0.7833	0.8333	0	3	3	3	2	1	1
DN_NC_073244.2_64672255_4	DN_NC_073244.2_65073171_5	4	5	4	2	2	2	0.5	0.7627	0.8254	0	4	4	3	2	1	1
DN_NC_073244.2_64672255_4	DN_NC_073244.2_65266359_4	4	4	4	3	3	3	0.75	0.8275	0.85	0	4	4	4	3	3	2
DN_NC_073244.2_64672255_4	DN_NC_073244.2_65293743_4	4	4	4	3	3	3	0.75	0.7934	0.825	0	4	4	4	3	2	2
DN_NC_073244.2_64672255_4	DN_NC_073244.2_65326089_4	4	4	4	3	3	3	0.75	0.7906	0.8033	0	4	4	4	3	3	1
DN_NC_073244.2_64672255_4	DN_NC_073244.2_65362909_5	4	5	4	3	3	3	0.75	0.7843	0.8125	0	4	4	4	3	3	1
DN_NC_073244.2_64672255_4	DN_NC_073244.2_65398487_4	4	4	4	2	2	2	0.5	0.782	0.8016	0	3	3	3	2	2	1
DN_NC_073244.2_64724127_4	DN_NC_073244.2_64759228_5	4	5	4	2	2	2	0.5	0.807	0.8125	0	3	3	3	2	2	2
DN_NC_073244.2_64724127_4	DN_NC_073244.2_64797239_5	4	5	4	3	3	3	0.75	0.7742	0.8095	0	4	3	3	3	2	1
DN_NC_073244.2_64724127_4	DN_NC_073244.2_64836827_4	4	4	4	3	3	3	0.75	0.8037	0.875	0	4	3	3	3	2	1
DN_NC_073244.2_64724127_4	DN_NC_073244.2_64860608_4	4	4	4	3	3	3	0.75	0.7843	0.8175	0	3	3	3	3	2	2
DN_NC_073244.2_64724127_4	DN_NC_073244.2_64908457_4	4	4	4	3	3	3	0.75	0.851	0.9206	0	4	4	3	3	2	2
DN_NC_073244.2_64724127_4	DN_NC_073244.2_65003440_7	4	7	4	2	2	2	0.5	0.7856	0.8254	0	4	4	2	2	1	1
DN_NC_073244.2_64724127_4	DN_NC_073244.2_65046428_2	4	4	4	1	1	1	0.25	0.825	0.825	1	3	2	2	1	1	1
DN_NC_073244.2_64724127_4	DN_NC_073244.2_65073171_5	4	5	4	2	2	2	0.5	0.771	0.8254	0	3	3	2	2	1	1
DN_NC_073244.2_64724127_4	DN_NC_073244.2_65266359_4	4	4	4	2	2	2	0.5	0.8281	0.8625	0	3	3	3	2	2	1
DN_NC_073244.2_64724127_4	DN_NC_073244.2_65293743_4	4	4	4	2	2	2	0.5	0.8235	0.8375	0	3	3	3	2	2	2
DN_NC_073244.2_64724127_4	DN_NC_073244.2_65326089_4	4	4	4	2	2	2	0.5	0.7906	0.7937	0	3	3	3	2	2	0
DN_NC_073244.2_64724127_4	DN_NC_073244.2_65362909_5	4	5	4	2	2	2	0.5	0.7764	0.7778	0	3	3	3	2	2	0
DN_NC_073244.2_64724127_4	DN_NC_073244.2_65398487_4	4	4	4	2	2	2	0.5	0.7883	0.8016	0	3	3	3	2	2	1
DN_NC_073244.2_64724127_4	DN_NC_073246.2_15789285_3	4	3	3	1	1	1	0.3333	0.7778	0.7857	1	3	1	1	1	1	0
DN_NC_073244.2_64724127_4	DN_NC_086017.1_41849524_2	4	2	2	0	0	0	0.0	0.0	0.0	0	1	1	0	0	0	0
DN_NC_073244.2_64759228_5	DN_NC_073244.2_64797239_5	5	5	5	4	4	4	0.8	0.9052	0.954	0	4	4	4	4	4	3
DN_NC_073244.2_64759228_5	DN_NC_073244.2_64836827_4	5	4	4	2	2	2	0.5	0.9167	0.9444	0	4	2	2	2	2	2
DN_NC_073244.2_64759228_5	DN_NC_073244.2_64860608_4	5	4	4	3	3	3	0.75	0.8892	0.9524	0	4	4	4	3	3	2
DN_NC_073244.2_64759228_5	DN_NC_073244.2_64908457_4	5	4	4	3	3	3	0.75	0.7906	0.8254	0	4	3	3	3	3	1
DN_NC_073244.2_64759228_5	DN_NC_073244.2_65003440_7	5	7	5	2	2	2	0.4	0.8602	0.881	0	4	4	2	2	2	2
DN_NC_073244.2_64759228_5	DN_NC_073244.2_65046428_4	5	3	3	1	1	1	0.3333	0.9083	0.9083	1	2	1	1	1	1	1
DN_NC_073244.2_64759228_5	DN_NC_073244.2_65073171_5	5	5	5	2	2	2	0.4	0.8401	0.8968	0	4	4	3	2	2	1
DN_NC_073244.2_64759228_5	DN_NC_073244.2_65266359_4	5	4	4	4	4	4	1.0	0.8469	0.9365	0	4	4	4	4	3	3
DN_NC_073244.2_64759228_5	DN_NC_073244.2_65293743_4	5	4	4	4	4	4	1.0	0.8345	0.9683	0	4	4	4	4	3	2
DN_NC_073244.2_64759228_5	DN_NC_073244.2_65326089_4	5	4	4	4	4	4	1.0	0.8815	0.9683	0	4	4	4	4	4	3
DN_NC_073244.2_64759228_5	DN_NC_073244.2_65362909_5	5	5	5	4	4	5	1.0	0.8522	0.9444	0	4	4	4	4	3	3
DN_NC_073244.2_64759228_5	DN_NC_073244.2_65398487_4	5	4	4	2	2	2	0.5	0.9457	0.9603	0	3	3	3	2	2	2
DN_NC_073244.2_64797239_5	DN_NC_073244.2_64836827_4	5	4	4	2	2	2	0.5	0.9105	0.9444	0	4	2	2	2	2	2
DN_NC_073244.2_64797239_5	DN_NC_073244.2_64860608_4	5	4	4	3	3	3	0.75	0.8728	0.9524	0	3	3	3	3	2	2
DN_NC_073244.2_64797239_5	DN_NC_073244.2_64908457_4	5	4	4	3	3	3	0.75	0.7819	0.8254	0	4	3	3	3	2	1
DN_NC_073244.2_64797239_5	DN_NC_073244.2_65003440_7	5	7	5	2	2	2	0.4	0.8642	0.8889	0	4	3	2	2	2	2
DN_NC_073244.2_64797239_5	DN_NC_073244.2_65046428_2	5	4	4	1	1	1	0.25	0.875	0.875	1	4	2	2	1	1	1
DN_NC_073244.2_64797239_5	DN_NC_073244.2_65073171_5	5	5	5	2	2	2	0.4	0.848	0.9127	0	2	2	2	2	2	1
DN_NC_073244.2_64797239_5	DN_NC_073244.2_65266359_4	5	4	4	2	2	2	0.5	0.9105	0.9444	0	3	3	3	2	2	2
DN_NC_073244.2_64797239_5	DN_NC_073244.2_65293743_4	5	4	4	2	2	2	0.5	0.9145	0.9524	0	3	3	3	2	2	2
DN_NC_073244.2_64797239_5	DN_NC_073244.2_65326089_4	5	4	4	3	3	3	0.75	0.8799	0.9655	0	3	3	3	3	2	2
DN_NC_073244.2_64797239_5	DN_NC_073244.2_65362909_5	5	5	5	3	3	4	0.8	0.8375	0.9365	0	3	3	3	3	2	2
DN_NC_073244.2_64797239_5	DN_NC_073244.2_65398487_4	5	4	4	3	3	3	0.75	0.8831	0.9603	0	3	3	3	3	2	2
DN_NC_073244.2_64836827_4	DN_NC_073244.2_64908457_4	4	4	4	3	3	3	0.75	0.8007	0.8442	0	4	4	3	3	2	2
DN_NC_073244.2_64836827_4	DN_NC_073244.2_65003440_7	4	7	4	2	2	2	0.5	0.8218	0.8889	0	4	2	2	2	2	1
DN_NC_073244.2_64836827_4	DN_NC_073244.2_65046428_2	4	4	4	1	1	1	0.25	0.875	0.875	1	3	3	1	1	1	1
DN_NC_073244.2_64836827_4	DN_NC_073244.2_65266359_4	4	4	4	2	2	2	0.5	0.9599	0.9753	0	3	2	2	2	2	2
DN_NC_073244.2_64836827_4	DN_NC_073244.2_65293743_4	4	4	4	2	2	2	0.5	0.9431	0.9603	0	3	2	2	2	2	2
DN_NC_073244.2_64836827_4	DN_NC_073244.2_65326089_4	4	4	4	2	2	2	0.5	0.9123	0.9603	0	3	3	2	2	2	2
DN_NC_073244.2_64836827_4	DN_NC_073244.2_65362909_5	4	5	4	2	2	2	0.5	0.9224	0.9683	0	4	2	2	2	2	2
DN_NC_073244.2_64836827_4	DN_NC_073244.2_65398487_4	4	4	4	2	2	2	0.5	0.9101	0.9683	0	3	2	2	2	2	2
DN_NC_073244.2_64860608_4	DN_NC_073244.2_64908457_4	4	4	4	2	2	2	0.5	0.7998	0.8333	0	3	2	2	2	2	1
DN_NC_073244.2_64860608_4	DN_NC_073244.2_65003440_7	4	7	4	2	2	2	0.5	0.8597	0.8968	0	4	3	2	2	2	2
DN_NC_073244.2_64860608_4	DN_NC_073244.2_65046428_2	4	4	4	1	1	1	0.25	0.8833	0.8833	1	2	1	1	1	1	1
DN_NC_073244.2_64860608_4	DN_NC_073244.2_65073171_5	4	5	4	2	2	2	0.5	0.8476	0.9286	0	4	3	2	2	2	1
DN_NC_073244.2_64860608_4	DN_NC_073244.2_65266359_4	4	4	4	3	3	3	0.75	0.8811	0.9365	0	4	4	3	3	3	3
DN_NC_073244.2_64860608_4	DN_NC_073244.2_65293743_4	4	4	4	3	3	3	0.75	0.8666	0.9683	0	4	4	4	3	3	2
DN_NC_073244.2_64860608_4	DN_NC_073244.2_65326089_4	4	4	4	3	3	3	0.75	0.8988	0.9524	0	4	4	3	3	3	3
DN_NC_073244.2_64860608_4	DN_NC_073244.2_65362909_5	4	5	4	3	3	3	0.75	0.8937	0.9603	0	4	4	4	3	3	3
DN_NC_073244.2_64860608_4	DN_NC_073244.2_65398487_4	4	4	4	2	2	2	0.5	0.9284	0.9603	0	3	3	3	2	2	2
DN_NC_073244.2_64860608_4	DN_NC_073246.2_15789285_3	4	3	3	1	1	1	0.3333	0.8413	0.8492	1	2	1	1	1	1	1
DN_NC_073244.2_64860608_4	DN_NC_086017.1_41849524_2	4	2	2	0	0	0	0.0	0.0	0.0	0	1	1	0	0	0	0
DN_NC_073244.2_64908457_4	DN_NC_073244.2_65003440_7	4	7	4	2	2	2	0.5	0.802	0.8413	0	3	2	2	2	2	1
DN_NC_073244.2_64908457_4	DN_NC_073244.2_65046428_2	4	4	4	1	1	1	0.25	0.8417	0.8417	1	3	2	2	1	1	1
DN_NC_073244.2_64908457_4	DN_NC_073244.2_65073171_5	4	5	4	2	2	2	0.5	0.7627	0.8254	0	2	2	2	2	1	1
DN_NC_073244.2_64908457_4	DN_NC_073244.2_65266359_4	4	4	4	2	2	2	0.5	0.8189	0.8442	0	2	2	2	2	2	1
DN_NC_073244.2_64908457_4	DN_NC_073244.2_65293743_4	4	4	4	3	3	3	0.75	0.7989	0.8254	0	3	3	3	3	3	2
DN_NC_073244.2_64908457_4	DN_NC_073244.2_65326089_4	4	4	4	2	2	2	0.5	0.7944	0.8095	0	2	2	2	2	2	1
DN_NC_073244.2_64908457_4	DN_NC_073244.2_65362909_5	4	5	4	3	3	3	0.75	0.7647	0.7937	0	4	3	3	3	2	0
DN_NC_073244.2_64908457_4	DN_NC_073244.2_65398487_4	4	4	4	3	3	3	0.75	0.7854	0.8175	0	3	3	3	3	3	1
DN_NC_073244.2_64908457_4	DN_NC_073246.2_15789285_3	4	3	3	1	1	1	0.3333	0.7778	0.7857	1	2	2	1	1	1	0
DN_NC_073244.2_64908457_4	DN_NC_086017.1_41849524_2	4	2	2	0	0	0	0.0	0.0	0.0	0	1	1	1	0	0	0
DN_NC_073244.2_65003440_7	DN_NC_073244.2_65046428_2	7	4	4	2	2	2	0.5	0.8047	0.875	0	3	2	2	2	1	1
DN_NC_073244.2_65003440_7	DN_NC_073244.2_65073171_5	7	5	5	3	3	3	0.6	0.8122	0.873	0	5	5	4	3	3	2
DN_NC_073244.2_65003440_7	DN_NC_073244.2_65266359_4	7	4	4	2	2	2	0.5	0.8094	0.873	0	4	3	2	2	1	1
DN_NC_073244.2_65003440_7	DN_NC_073244.2_65293743_4	7	4	4	2	2	2	0.5	0.8213	0.8968	0	4	4	2	2	1	1
DN_NC_073244.2_65003440_7	DN_NC_073244.2_65326089_4	7	4	4	2	2	2	0.5	0.8642	0.881	0	4	3	2	2	2	2
DN_NC_073244.2_65003440_7	DN_NC_073244.2_65362909_5	7	5	5	2	2	2	0.4	0.8388	0.881	0	5	4	2	2	2	1
DN_NC_073244.2_65003440_7	DN_NC_073244.2_65398487_4	7	4	4	2	2	2	0.5	0.8682	0.8889	0	3	3	2	2	2	2
DN_NC_073244.2_65003440_7	DN_NC_086017.1_41849524_2	7	2	2	0	0	0	0.0	0.0	0.0	0	1	0	0	0	0	0
DN_NC_073244.2_65046428_2	DN_NC_073244.2_65073171_5	4	5	4	3	3	3	0.75	0.8112	0.8667	0	3	3	3	3	3	1
DN_NC_073244.2_65046428_2	DN_NC_073244.2_65293743_4	4	4	4	2	2	2	0.5	0.8014	0.8917	0	2	2	2	2	1	1
DN_NC_073244.2_65046428_2	DN_NC_073244.2_65362909_5	4	5	4	1	1	1	0.25	0.875	0.875	1	2	1	1	1	1	1
DN_NC_073244.2_65046428_2	DN_NC_073244.2_65398487_4	4	4	4	1	1	1	0.25	0.8833	0.8833	1	2	1	1	1	1	1
DN_NC_073244.2_65046428_2	DN_NC_086017.1_41849470_3	4	3	3	0	0	0	0.0	0.0	0.0	0	2	1	1	0	0	0
DN_NC_073244.2_65046428_4	DN_NC_073244.2_65266359_4	3	4	3	1	1	1	0.3333	0.8667	0.8667	1	2	1	1	1	1	1
DN_NC_073244.2_65046428_4	DN_NC_073244.2_65326089_4	3	4	3	1	1	1	0.3333	0.8917	0.8917	1	2	1	1	1	1	1
DN_NC_073244.2_65046428_4	DN_NC_073246.2_15789285_3	3	3	3	1	1	1	0.3333	0.8583	0.8583	1	3	2	1	1	1	1
DN_NC_073244.2_65073171_5	DN_NC_073244.2_65266359_4	5	4	4	2	2	2	0.5	0.7988	0.881	0	4	3	3	2	1	1
DN_NC_073244.2_65073171_5	DN_NC_073244.2_65293743_4	5	4	4	2	2	2	0.5	0.8063	0.9127	0	4	4	2	2	1	1
DN_NC_073244.2_65073171_5	DN_NC_073244.2_65362909_5	5	5	5	2	2	2	0.4	0.8111	0.8889	0	4	4	3	2	1	1
DN_NC_073244.2_65073171_5	DN_NC_073244.2_65398487_4	5	4	4	2	2	2	0.5	0.844	0.9048	0	3	3	2	2	2	1
DN_NC_073244.2_65102393_4	DN_NC_073244.2_68513423_5	4	5	4	1	1	1	0.25	0.7619	0.7698	1	2	1	1	1	1	0
DN_NC_073244.2_65102393_4	DN_NC_073244.2_68611978_5	4	5	4	1	1	1	0.25	0.7619	0.7698	1	2	1	1	1	1	0
DN_NC_073244.2_65102393_4	DN_NC_073244.2_68643423_8	4	8	4	1	1	1	0.25	0.746	0.754	1	2	1	1	1	1	0
DN_NC_073244.2_65266359_4	DN_NC_073244.2_65293743_4	4	4	4	4	4	4	1.0	0.8913	0.9683	0	4	4	4	4	4	4
DN_NC_073244.2_65266359_4	DN_NC_073244.2_65326089_4	4	4	4	3	3	3	0.75	0.9087	0.9683	0	4	4	4	3	3	3
DN_NC_073244.2_65266359_4	DN_NC_073244.2_65362909_5	4	5	4	4	4	4	1.0	0.869	0.9603	0	4	4	4	4	3	3
DN_NC_073244.2_65266359_4	DN_NC_073244.2_65398487_4	4	4	4	2	2	2	0.5	0.9264	0.9762	0	3	3	3	2	2	2
DN_NC_073244.2_65293743_4	DN_NC_073244.2_65326089_4	4	4	4	4	4	4	1.0	0.8562	0.9841	0	4	4	4	4	4	2
DN_NC_073244.2_65293743_4	DN_NC_073244.2_65362909_5	4	5	4	4	4	4	1.0	0.8342	0.9603	0	4	4	4	4	3	2
DN_NC_073244.2_65293743_4	DN_NC_073244.2_65398487_4	4	4	4	2	2	2	0.5	0.9343	0.9921	0	3	3	3	2	2	2
DN_NC_073244.2_65293743_4	DN_NC_086017.1_41849524_2	4	2	2	0	0	0	0.0	0.0	0.0	0	1	0	0	0	0	0
DN_NC_073244.2_65326089_4	DN_NC_073244.2_65362909_5	4	5	4	4	4	4	1.0	0.8919	0.9762	0	4	4	4	4	4	3
DN_NC_073244.2_65326089_4	DN_NC_073244.2_65398487_4	4	4	4	3	3	3	0.75	0.8936	0.9921	0	3	3	3	3	2	2
DN_NC_073244.2_65362909_5	DN_NC_073244.2_65398487_4	5	4	4	3	3	3	0.75	0.8962	0.9683	0	3	3	3	3	3	2
DN_NC_073244.2_65362909_5	DN_NC_073246.2_15789285_3	5	3	3	1	1	1	0.3333	0.8333	0.8333	1	3	1	1	1	1	1
DN_NC_073244.2_65470296_6	DN_NC_073244.2_68477557_5	6	5	5	1	1	1	0.2	0.7381	0.7381	1	3	1	1	1	0	0
DN_NC_073244.2_66923641_8	DN_NC_073244.2_66965840_13	8	13	8	3	3	3	0.375	0.8266	0.9235	0	8	6	4	3	2	2
DN_NC_073244.2_67776054_3	DN_NC_073244.2_67840893_3	3	3	3	3	3	3	1.0	0.9819	1.0	0	3	3	3	3	3	3
DN_NC_073244.2_67840893_3	DN_NC_086018.1_30368542_3	3	3	3	1	1	1	0.3333	0.731	0.731	1	2	2	2	1	0	0
DN_NC_073244.2_68258639_5	DN_NC_073244.2_68293337_5	5	5	5	5	5	5	1.0	0.8932	0.9933	0	5	5	5	5	5	5
DN_NC_073244.2_68258639_5	DN_NC_073244.2_68333010_5	5	5	5	5	5	5	1.0	0.8941	0.9933	0	5	5	5	5	5	5
DN_NC_073244.2_68293337_5	DN_NC_073244.2_68333010_5	5	5	5	5	5	5	1.0	0.9988	1.0	0	5	5	5	5	5	5
DN_NC_073244.2_68477557_5	DN_NC_073244.2_68491976_5	5	5	5	1	1	1	0.2	0.7381	0.7381	1	5	1	1	1	0	0
DN_NC_073244.2_68491976_5	DN_NC_073244.2_68513423_5	5	5	5	2	2	2	0.4	0.7454	0.754	0	5	3	2	2	1	0
DN_NC_073244.2_68548768_5	DN_NC_086017.1_54551513_4	5	4	4	0	0	0	0.0	0.0	0.0	0	3	0	0	0	0	0
DN_NC_073244.2_68611978_5	DN_NC_073244.2_68643423_8	5	8	5	2	3	3	0.6	0.7426	0.7579	0	5	2	2	2	2	0
DN_NC_073244.2_68699723_3	DN_NC_073244.2_68766684_2	3	2	2	0	0	0	0.0	0.0	0.0	0	2	0	0	0	0	0
DN_NC_073244.2_68699723_3	DN_NC_073244.2_70558480_2	3	2	2	0	0	0	0.0	0.0	0.0	0	1	0	0	0	0	0
DN_NC_073244.2_68699723_3	DN_NC_086018.1_17871581_2	3	2	2	0	0	0	0.0	0.0	0.0	0	1	0	0	0	0	0
DN_NC_073244.2_68766684_2	DN_NC_073244.2_70544393_4	2	4	2	0	0	0	0.0	0.0	0.0	0	1	0	0	0	0	0
DN_NC_073244.2_68766684_2	DN_NC_073244.2_70558480_2	2	2	2	0	0	0	0.0	0.0	0.0	0	1	0	0	0	0	0
DN_NC_073244.2_68766684_2	DN_NC_086018.1_17871581_2	2	2	2	0	0	0	0.0	0.0	0.0	0	2	0	0	0	0	0
DN_NC_073244.2_69294668_4	DN_NC_073244.2_69343714_4	4	4	4	3	3	3	0.75	0.8915	0.9762	0	4	3	3	3	2	2
DN_NC_073244.2_69294668_4	DN_NC_073244.2_69382679_3	4	3	3	1	1	1	0.3333	0.8095	0.8095	1	2	1	1	1	1	1
DN_NC_073244.2_69294668_4	DN_NC_073244.2_69422908_4	4	4	4	2	2	2	0.5	0.7839	0.8492	0	4	3	3	2	1	1
DN_NC_073244.2_69294668_4	DN_NC_073244.2_69643403_5	4	5	4	2	2	2	0.5	0.7759	0.8333	0	3	2	2	2	1	1
DN_NC_073244.2_69343714_4	DN_NC_073244.2_69422908_4	4	4	4	3	3	3	0.75	0.7618	0.8571	0	4	3	3	3	1	1
DN_NC_073244.2_69343714_4	DN_NC_086017.1_54551513_4	4	4	4	0	0	0	0.0	0.0	0.0	0	2	0	0	0	0	0
DN_NC_073244.2_69382679_3	DN_NC_073244.2_69643403_5	3	5	3	1	1	1	0.3333	0.8413	0.8492	1	1	1	1	1	1	1
DN_NC_073244.2_69422908_4	DN_NC_073244.2_69643403_5	4	5	4	1	1	1	0.25	0.7937	0.8016	1	4	3	3	1	1	1
DN_NC_073244.2_69422908_4	DN_NC_086017.1_54551513_4	4	4	4	0	0	0	0.0	0.0	0.0	0	3	0	0	0	0	0
DN_NC_073244.2_69454247_3	DN_NC_073244.2_69821764_4	3	4	3	1	1	1	0.3333	0.8175	0.8175	1	2	1	1	1	1	1
DN_NC_073244.2_69454247_3	DN_NC_073244.2_69923242_3	3	3	3	1	1	1	0.3333	0.7143	0.7143	1	2	1	1	1	0	0
DN_NC_073244.2_69454318_2	DN_NC_073244.2_69492904_4	2	4	2	0	0	0	0.0	0.0	0.0	0	2	0	0	0	0	0
DN_NC_073244.2_69454318_2	DN_NC_073244.2_69514207_2	2	2	2	0	0	0	0.0	0.0	0.0	0	2	1	0	0	0	0
DN_NC_073244.2_69454318_2	DN_NC_073244.2_69672458_4	2	4	2	0	0	0	0.0	0.0	0.0	0	2	1	0	0	0	0
DN_NC_073244.2_69454318_2	DN_NC_073244.2_69685713_2	2	2	2	0	0	0	0.0	0.0	0.0	0	2	0	0	0	0	0
DN_NC_073244.2_69454318_2	DN_NC_073244.2_69715659_3	2	3	2	0	0	0	0.0	0.0	0.0	0	2	0	0	0	0	0
DN_NC_073244.2_69454318_2	DN_NC_073244.2_69783488_3	2	3	2	0	0	0	0.0	0.0	0.0	0	2	1	0	0	0	0
DN_NC_073244.2_69454318_2	DN_NC_073244.2_69873255_2	2	3	2	0	0	0	0.0	0.0	0.0	0	2	0	0	0	0	0
DN_NC_073244.2_69454318_2	DN_NC_073244.2_70009554_3	2	3	2	0	0	0	0.0	0.0	0.0	0	2	0	0	0	0	0
DN_NC_073244.2_69454318_2	DN_NC_073244.2_70024584_5	2	5	2	0	0	0	0.0	0.0	0.0	0	2	1	0	0	0	0
DN_NC_073244.2_69454318_2	DN_NC_073244.2_70043245_2	2	2	2	0	0	0	0.0	0.0	0.0	0	2	1	1	0	0	0
DN_NC_073244.2_69466443_4	DN_NC_073244.2_69492904_4	4	4	4	3	3	3	0.75	0.8612	0.9841	0	4	3	3	3	2	2
DN_NC_073244.2_69466443_4	DN_NC_073244.2_69601170_4	4	4	4	1	1	1	0.25	0.746	0.746	1	3	1	1	1	0	0
DN_NC_073244.2_69466443_4	DN_NC_073244.2_69715828_2	4	2	2	0	0	0	0.0	0.0	0.0	0	2	0	0	0	0	0
DN_NC_073244.2_69466443_4	DN_NC_073244.2_69848672_3	4	3	3	1	1	1	0.3333	0.7381	0.7381	1	3	1	1	1	0	0
DN_NC_073244.2_69466443_4	DN_NC_073244.2_69873255_2	4	3	3	1	1	1	0.3333	0.754	0.754	1	3	1	1	1	1	0
DN_NC_073244.2_69466443_4	DN_NC_073244.2_70043245_2	4	2	2	0	0	0	0.0	0.0	0.0	0	1	0	0	0	0	0
DN_NC_073244.2_69466469_2	DN_NC_073247.2_24180353_4	2	4	2	1	1	1	0.5	0.883	0.883	1	2	1	1	1	1	1
DN_NC_073244.2_69492904_4	DN_NC_073244.2_69514207_2	4	2	2	0	0	0	0.0	0.0	0.0	0	1	1	0	0	0	0
DN_NC_073244.2_69492904_4	DN_NC_073244.2_69672458_4	4	4	4	1	1	1	0.25	0.8175	0.8175	1	4	1	1	1	1	1
DN_NC_073244.2_69492904_4	DN_NC_073244.2_69685721_4	4	4	4	1	1	1	0.25	0.8254	0.8254	1	4	2	2	1	1	1
DN_NC_073244.2_69492904_4	DN_NC_073244.2_69783488_3	4	3	3	1	1	1	0.3333	0.7967	0.7967	1	2	1	1	1	1	0
DN_NC_073244.2_69492904_4	DN_NC_073244.2_69799604_5	4	5	4	1	1	1	0.25	0.8175	0.8175	1	2	1	1	1	1	1
DN_NC_073244.2_69492904_4	DN_NC_073244.2_69821764_4	4	4	4	1	1	1	0.25	0.7937	0.7937	1	2	1	1	1	1	0
DN_NC_073244.2_69492904_4	DN_NC_073244.2_69848672_3	4	3	3	1	1	1	0.3333	0.754	0.754	1	3	1	1	1	1	0
DN_NC_073244.2_69492904_4	DN_NC_073244.2_69873255_2	4	3	3	1	1	1	0.3333	0.7698	0.7698	1	3	1	1	1	1	0
DN_NC_073244.2_69492904_4	DN_NC_073244.2_69910623_3	4	3	3	1	1	1	0.3333	0.7619	0.7619	1	2	1	1	1	1	0
DN_NC_073244.2_69492904_4	DN_NC_073244.2_69923243_2	4	2	2	0	0	0	0.0	0.0	0.0	0	2	0	0	0	0	0
DN_NC_073244.2_69492904_4	DN_NC_073244.2_70009554_3	4	3	3	1	1	1	0.3333	0.754	0.754	1	3	1	1	1	1	0
DN_NC_073244.2_69492904_4	DN_NC_073244.2_70024584_5	4	5	4	1	1	1	0.25	0.7381	0.7381	1	2	1	1	1	0	0
DN_NC_073244.2_69492904_4	DN_NC_073244.2_70043245_2	4	2	2	0	0	0	0.0	0.0	0.0	0	1	1	0	0	0	0
DN_NC_073244.2_69492904_4	DN_NC_073244.2_70525717_3	4	3	3	1	1	1	0.3333	0.7302	0.7302	1	3	1	1	1	0	0
DN_NC_073244.2_69514207_2	DN_NC_073244.2_69572632_2	2	2	2	0	0	0	0.0	0.0	0.0	0	1	0	0	0	0	0
DN_NC_073244.2_69514207_2	DN_NC_073244.2_69601170_4	2	4	2	0	0	0	0.0	0.0	0.0	0	2	0	0	0	0	0
DN_NC_073244.2_69514207_2	DN_NC_073244.2_69672458_4	2	4	2	0	0	0	0.0	0.0	0.0	0	2	1	0	0	0	0
DN_NC_073244.2_69514207_2	DN_NC_073244.2_69685698_2	2	2	2	0	0	0	0.0	0.0	0.0	0	2	0	0	0	0	0
DN_NC_073244.2_69514207_2	DN_NC_073244.2_69715659_3	2	3	2	0	0	0	0.0	0.0	0.0	0	2	0	0	0	0	0
DN_NC_073244.2_69514207_2	DN_NC_073244.2_69783488_3	2	3	2	0	0	0	0.0	0.0	0.0	0	1	1	0	0	0	0
DN_NC_073244.2_69514207_2	DN_NC_073244.2_69799604_5	2	5	2	0	0	0	0.0	0.0	0.0	0	1	1	0	0	0	0
DN_NC_073244.2_69514207_2	DN_NC_073244.2_69923243_2	2	2	2	0	0	0	0.0	0.0	0.0	0	2	0	0	0	0	0
DN_NC_073244.2_69514207_2	DN_NC_073244.2_69975553_3	2	3	2	0	0	0	0.0	0.0	0.0	0	2	1	0	0	0	0
DN_NC_073244.2_69514207_2	DN_NC_073244.2_70024584_5	2	5	2	0	0	0	0.0	0.0	0.0	0	2	1	0	0	0	0
DN_NC_073244.2_69514207_2	DN_NC_073244.2_70043245_2	2	2	2	0	0	0	0.0	0.0	0.0	0	2	1	1	0	0	0
DN_NC_073244.2_69514207_2	DN_NC_073244.2_70501781_3	2	3	2	0	0	0	0.0	0.0	0.0	0	1	0	0	0	0	0
DN_NC_073244.2_69514207_2	DN_NC_073244.2_70525717_3	2	3	2	0	0	0	0.0	0.0	0.0	0	2	1	0	0	0	0
DN_NC_073244.2_69538312_3	DN_NC_073244.2_69799604_5	3	5	3	0	0	0	0.0	0.0	0.0	0	1	1	0	0	0	0
DN_NC_073244.2_69572632_2	DN_NC_073244.2_69685713_2	2	2	2	0	0	0	0.0	0.0	0.0	0	2	0	0	0	0	0
DN_NC_073244.2_69572632_2	DN_NC_073244.2_69923243_2	2	2	2	0	0	0	0.0	0.0	0.0	0	2	0	0	0	0	0
DN_NC_073244.2_69572632_2	DN_NC_073244.2_70009554_3	2	3	2	0	0	0	0.0	0.0	0.0	0	2	0	0	0	0	0
DN_NC_073244.2_69572632_2	DN_NC_073244.2_70043245_2	2	2	2	0	0	0	0.0	0.0	0.0	0	1	1	0	0	0	0
DN_NC_073244.2_69572632_3	DN_NC_073244.2_69601170_4	3	4	3	0	0	0	0.0	0.0	0.0	0	2	0	0	0	0	0
DN_NC_073244.2_69572632_3	DN_NC_073244.2_69821764_4	3	4	3	0	0	0	0.0	0.0	0.0	0	1	0	0	0	0	0
DN_NC_073244.2_69572632_3	DN_NC_073244.2_70024584_5	3	5	3	0	0	0	0.0	0.0	0.0	0	1	0	0	0	0	0
DN_NC_073244.2_69572632_3	DN_NC_073244.2_70525717_3	3	3	3	0	0	0	0.0	0.0	0.0	0	2	0	0	0	0	0
DN_NC_073244.2_69601170_4	DN_NC_073244.2_69672458_4	4	4	4	1	1	1	0.25	0.8333	0.8333	1	3	1	1	1	1	1
DN_NC_073244.2_69601170_4	DN_NC_073244.2_69685698_2	4	2	2	0	0	0	0.0	0.0	0.0	0	2	1	0	0	0	0
DN_NC_073244.2_69601170_4	DN_NC_073244.2_69715828_2	4	2	2	0	0	0	0.0	0.0	0.0	0	2	0	0	0	0	0
DN_NC_073244.2_69601170_4	DN_NC_073244.2_69783488_3	4	3	3	1	1	1	0.3333	0.7724	0.7724	1	2	1	1	1	1	0
DN_NC_073244.2_69601170_4	DN_NC_073244.2_69799604_5	4	5	4	1	1	1	0.25	0.7619	0.7698	1	2	1	1	1	1	0
DN_NC_073244.2_69601170_4	DN_NC_073244.2_69821764_4	4	4	4	1	1	1	0.25	0.7857	0.7857	1	4	2	1	1	1	0
DN_NC_073244.2_69601170_4	DN_NC_073244.2_69923243_2	4	2	2	0	0	0	0.0	0.0	0.0	0	2	0	0	0	0	0
DN_NC_073244.2_69601170_4	DN_NC_073244.2_70009554_3	4	3	3	1	1	1	0.3333	0.7381	0.7381	1	3	1	1	1	0	0
DN_NC_073244.2_69601170_4	DN_NC_073244.2_70043245_2	4	2	2	0	0	0	0.0	0.0	0.0	0	2	1	0	0	0	0
DN_NC_073244.2_69601170_4	DN_NC_073244.2_70525717_3	4	3	3	1	1	1	0.3333	0.7619	0.7619	1	3	1	1	1	1	0
DN_NC_073244.2_69628878_4	DN_NC_073244.2_69799604_5	4	5	4	1	1	1	0.25	0.7937	0.7937	1	2	1	1	1	1	0
DN_NC_073244.2_69628878_4	DN_NC_073244.2_70043245_2	4	2	2	0	0	0	0.0	0.0	0.0	0	2	1	0	0	0	0
DN_NC_073244.2_69643403_5	DN_NC_086017.1_54551513_4	5	4	4	0	0	0	0.0	0.0	0.0	0	3	0	0	0	0	0
DN_NC_073244.2_69672458_4	DN_NC_073244.2_69685698_2	4	2	2	0	0	0	0.0	0.0	0.0	0	2	1	1	0	0	0
DN_NC_073244.2_69672458_4	DN_NC_073244.2_69715659_3	4	3	3	0	0	0	0.0	0.0	0.0	0	3	0	0	0	0	0
DN_NC_073244.2_69672458_4	DN_NC_073244.2_69783488_3	4	3	3	1	1	1	0.3333	0.878	0.878	1	2	2	1	1	1	1
DN_NC_073244.2_69672458_4	DN_NC_073244.2_69799604_5	4	5	4	1	1	1	0.25	0.8175	0.8175	1	3	2	2	1	1	1
DN_NC_073244.2_69672458_4	DN_NC_073244.2_69821764_4	4	4	4	1	1	1	0.25	0.8175	0.8175	1	3	2	1	1	1	1
DN_NC_073244.2_69672458_4	DN_NC_073244.2_69873255_2	4	3	3	1	1	1	0.3333	0.7857	0.7857	1	3	1	1	1	1	0
DN_NC_073244.2_69672458_4	DN_NC_073244.2_69923243_2	4	2	2	0	0	0	0.0	0.0	0.0	0	2	0	0	0	0	0
DN_NC_073244.2_69672458_4	DN_NC_073244.2_69974453_2	4	2	2	0	0	0	0.0	0.0	0.0	0	2	0	0	0	0	0
DN_NC_073244.2_69672458_4	DN_NC_073244.2_70024584_5	4	5	4	1	1	1	0.25	0.754	0.754	1	3	2	1	1	1	0
DN_NC_073244.2_69672458_4	DN_NC_073244.2_70043245_2	4	2	2	0	0	0	0.0	0.0	0.0	0	2	2	0	0	0	0
DN_NC_073244.2_69672458_4	DN_NC_073244.2_70525717_3	4	3	3	1	1	1	0.3333	0.7619	0.7619	1	3	2	1	1	1	0
DN_NC_073244.2_69685698_2	DN_NC_073244.2_69715828_2	2	2	2	0	0	0	0.0	0.0	0.0	0	2	1	0	0	0	0
DN_NC_073244.2_69685698_2	DN_NC_073244.2_69799604_5	2	5	2	0	0	0	0.0	0.0	0.0	0	1	0	0	0	0	0
DN_NC_073244.2_69685698_2	DN_NC_073244.2_69821764_4	2	4	2	0	0	0	0.0	0.0	0.0	0	1	0	0	0	0	0
DN_NC_073244.2_69685698_2	DN_NC_073244.2_69873255_2	2	3	2	0	0	0	0.0	0.0	0.0	0	1	0	0	0	0	0
DN_NC_073244.2_69685698_2	DN_NC_073244.2_69975553_3	2	3	2	0	0	0	0.0	0.0	0.0	0	2	0	0	0	0	0
DN_NC_073244.2_69685698_2	DN_NC_073244.2_70024584_5	2	5	2	0	0	0	0.0	0.0	0.0	0	2	0	0	0	0	0
DN_NC_073244.2_69685698_2	DN_NC_073244.2_70043245_2	2	2	2	0	0	0	0.0	0.0	0.0	0	2	2	0	0	0	0
DN_NC_073244.2_69685721_4	DN_NC_073244.2_70525717_3	4	3	3	1	1	1	0.3333	0.7222	0.7222	1	3	1	1	1	0	0
DN_NC_073244.2_69715659_3	DN_NC_073244.2_69799604_5	3	5	3	0	0	0	0.0	0.0	0.0	0	2	0	0	0	0	0
DN_NC_073244.2_69715659_3	DN_NC_073244.2_70525717_3	3	3	3	0	0	0	0.0	0.0	0.0	0	3	0	0	0	0	0
DN_NC_073244.2_69715828_2	DN_NC_073244.2_69783488_3	2	3	2	0	0	0	0.0	0.0	0.0	0	1	0	0	0	0	0
DN_NC_073244.2_69715828_2	DN_NC_073244.2_69821764_4	2	4	2	0	0	0	0.0	0.0	0.0	0	2	1	0	0	0	0
DN_NC_073244.2_69715828_2	DN_NC_073244.2_70009554_3	2	3	2	0	0	0	0.0	0.0	0.0	0	2	0	0	0	0	0
DN_NC_073244.2_69715828_2	DN_NC_073244.2_70043245_2	2	2	2	0	0	0	0.0	0.0	0.0	0	2	2	0	0	0	0
DN_NC_073244.2_69783488_3	DN_NC_073244.2_69799604_5	3	5	3	1	1	1	0.3333	0.7724	0.7724	1	2	1	1	1	1	0
DN_NC_073244.2_69783488_3	DN_NC_073244.2_69821764_4	3	4	3	1	1	1	0.3333	0.7642	0.7642	1	1	1	1	1	1	0
DN_NC_073244.2_69783488_3	DN_NC_073244.2_69873255_2	3	3	3	1	1	1	0.3333	0.7561	0.7561	1	2	2	1	1	1	0
DN_NC_073244.2_69783488_3	DN_NC_073244.2_69923243_2	3	2	2	0	0	0	0.0	0.0	0.0	0	2	0	0	0	0	0
DN_NC_073244.2_69783488_3	DN_NC_073244.2_69975553_3	3	3	3	1	1	1	0.3333	0.7236	0.7236	1	2	2	1	1	0	0
DN_NC_073244.2_69783488_3	DN_NC_073244.2_70024584_5	3	5	3	1	1	1	0.3333	0.7154	0.7154	1	2	2	1	1	0	0
DN_NC_073244.2_69783488_3	DN_NC_073244.2_70043245_2	3	2	2	0	0	0	0.0	0.0	0.0	0	0	0	0	0	0	0
DN_NC_073244.2_69783488_3	DN_NC_073244.2_70525717_3	3	3	3	1	1	1	0.3333	0.7967	0.7967	1	3	2	1	1	1	0
DN_NC_073244.2_69799604_5	DN_NC_073244.2_69821764_4	5	4	4	1	1	1	0.25	0.7857	0.7857	1	2	2	1	1	1	0
DN_NC_073244.2_69799604_5	DN_NC_073244.2_69848672_3	5	3	3	1	1	1	0.3333	0.8413	0.8413	1	2	2	1	1	1	1
DN_NC_073244.2_69799604_5	DN_NC_073244.2_69910623_3	5	3	3	1	1	1	0.3333	0.8095	0.8095	1	2	2	1	1	1	1
DN_NC_073244.2_69799604_5	DN_NC_073244.2_69923243_2	5	2	2	0	0	0	0.0	0.0	0.0	0	2	1	1	0	0	0
DN_NC_073244.2_69799604_5	DN_NC_073244.2_70009554_3	5	3	3	1	1	1	0.3333	0.8333	0.8333	1	1	1	1	1	1	1
DN_NC_073244.2_69799604_5	DN_NC_073244.2_70024584_5	5	5	5	1	1	1	0.2	0.8175	0.8175	1	2	2	2	1	1	1
DN_NC_073244.2_69799604_5	DN_NC_073244.2_70043245_2	5	2	2	1	1	1	0.5	0.7084	0.7084	1	2	2	1	1	0	0
DN_NC_073244.2_69799604_5	DN_NC_073244.2_70525717_3	5	3	3	1	1	1	0.3333	0.746	0.746	1	3	2	1	1	0	0
DN_NC_073244.2_69821764_4	DN_NC_073244.2_69848672_3	4	3	3	1	1	1	0.3333	0.7302	0.7302	1	2	1	1	1	0	0
DN_NC_073244.2_69821764_4	DN_NC_073244.2_69923243_2	4	2	2	0	0	0	0.0	0.0	0.0	0	2	0	0	0	0	0
DN_NC_073244.2_69821764_4	DN_NC_073244.2_70009554_3	4	3	3	1	1	1	0.3333	0.7381	0.7381	1	3	1	1	1	0	0
DN_NC_073244.2_69821764_4	DN_NC_073244.2_70024584_5	4	5	4	1	1	1	0.25	0.746	0.746	1	3	3	1	1	0	0
DN_NC_073244.2_69821764_4	DN_NC_073244.2_70043245_2	4	2	2	0	0	0	0.0	0.0	0.0	0	2	1	0	0	0	0
DN_NC_073244.2_69821764_4	DN_NC_073244.2_70525717_3	4	3	3	1	1	1	0.3333	0.7381	0.7381	1	3	2	1	1	0	0
DN_NC_073244.2_69848672_3	DN_NC_073244.2_69910623_3	3	3	3	1	1	1	0.3333	0.873	0.873	1	2	1	1	1	1	1
DN_NC_073244.2_69848672_3	DN_NC_073244.2_70525717_3	3	3	3	1	1	1	0.3333	0.7222	0.7222	1	3	1	1	1	0	0
DN_NC_073244.2_69848694_2	DN_NC_073244.2_69873255_2	2	3	2	0	0	0	0.0	0.0	0.0	0	2	0	0	0	0	0
DN_NC_073244.2_69848694_2	DN_NC_073244.2_69923242_3	2	3	2	0	0	0	0.0	0.0	0.0	0	2	0	0	0	0	0
DN_NC_073244.2_69848694_2	DN_NC_073244.2_70009554_3	2	3	2	0	0	0	0.0	0.0	0.0	0	2	1	0	0	0	0
DN_NC_073244.2_69848694_2	DN_NC_073244.2_70024584_5	2	5	2	0	0	0	0.0	0.0	0.0	0	1	0	0	0	0	0
DN_NC_073244.2_69848694_2	DN_NC_073244.2_70043245_2	2	2	2	0	0	0	0.0	0.0	0.0	0	1	1	0	0	0	0
DN_NC_073244.2_69873255_2	DN_NC_073244.2_69923243_2	3	2	2	0	0	0	0.0	0.0	0.0	0	2	0	0	0	0	0
DN_NC_073244.2_69873255_2	DN_NC_073244.2_69975553_3	3	3	3	1	1	1	0.3333	0.8651	0.8651	1	3	1	1	1	1	1
DN_NC_073244.2_69873255_2	DN_NC_073244.2_70024584_5	3	5	3	1	1	1	0.3333	0.881	0.881	1	3	1	1	1	1	1
DN_NC_073244.2_69873255_2	DN_NC_073244.2_70525717_3	3	3	3	1	1	1	0.3333	0.7381	0.7381	1	3	1	1	1	0	0
DN_NC_073244.2_69910623_3	DN_NC_073244.2_69923242_3	3	3	3	1	1	1	0.3333	0.8492	0.8492	1	2	2	2	1	1	1
DN_NC_073244.2_69910623_3	DN_NC_073244.2_70009554_3	3	3	3	1	1	1	0.3333	0.8651	0.8651	1	3	3	2	1	1	1
DN_NC_073244.2_69910623_3	DN_NC_073244.2_70024584_5	3	5	3	1	1	1	0.3333	0.873	0.873	1	3	3	2	1	1	1
DN_NC_073244.2_69923242_3	DN_NC_073244.2_70009554_3	3	3	3	3	3	3	1.0	0.8602	0.9841	0	3	3	3	3	3	2
DN_NC_073244.2_69923242_3	DN_NC_073244.2_70043245_2	3	2	2	0	0	0	0.0	0.0	0.0	0	1	1	0	0	0	0
DN_NC_073244.2_69923243_2	DN_NC_073244.2_70024584_5	2	5	2	0	0	0	0.0	0.0	0.0	0	2	2	2	0	0	0
DN_NC_073244.2_69923243_2	DN_NC_073244.2_70525717_3	2	3	2	0	0	0	0.0	0.0	0.0	0	2	0	0	0	0	0
DN_NC_073244.2_69974453_2	DN_NC_073244.2_70525717_3	2	3	2	0	0	0	0.0	0.0	0.0	0	2	1	0	0	0	0
DN_NC_073244.2_69975553_3	DN_NC_073244.2_70024584_5	3	5	3	2	2	2	0.6667	0.7999	0.873	0	3	2	2	2	1	1
DN_NC_073244.2_69975553_3	DN_NC_073244.2_70043245_2	3	2	2	0	0	0	0.0	0.0	0.0	0	2	2	1	0	0	0
DN_NC_073244.2_70024584_5	DN_NC_073244.2_70042341_3	5	3	3	1	1	1	0.3333	0.8016	0.8016	1	3	3	2	1	1	1
DN_NC_073244.2_70024584_5	DN_NC_073244.2_70525717_3	5	3	3	0	0	0	0.0	0.0	0.0	0	3	2	1	0	0	0
DN_NC_073244.2_70043245_2	DN_NC_073244.2_70525717_3	2	3	2	0	0	0	0.0	0.0	0.0	0	2	1	1	0	0	0
DN_NC_073244.2_70077616_7	DN_NC_073247.2_56899135_7	7	7	7	1	1	1	0.1429	0.7698	0.7698	1	3	2	1	1	1	0
DN_NC_073244.2_70077616_7	DN_NC_073247.2_58372296_6	7	5	5	1	1	1	0.2	0.7381	0.7381	1	3	1	1	1	0	0
DN_NC_073244.2_70077616_7	DN_NC_086017.1_85766278_5	7	5	5	1	1	1	0.2	0.7222	0.7222	1	4	2	1	1	0	0
DN_NC_073244.2_70159242_5	DN_NC_073244.2_70323040_7	5	7	5	1	1	1	0.2	0.7143	0.7222	1	4	2	1	1	0	0
DN_NC_073244.2_70159242_5	DN_NC_086018.1_21231592_2	5	2	2	0	0	0	0.0	0.0	0.0	0	2	0	0	0	0	0
DN_NC_073244.2_70544393_4	DN_NC_073244.2_70556426_4	4	4	4	3	3	3	0.75	0.855	0.9048	0	3	3	3	3	3	2
DN_NC_073244.2_70818649_5	DN_NC_086017.1_211655827_5	5	5	5	5	5	5	1.0	0.9827	1.0	0	5	5	5	5	5	5
DN_NC_073244.2_70818649_5	DN_NC_086017.1_9337960_4	5	4	4	3	3	3	0.75	0.9793	0.9939	0	3	3	3	3	3	3
DN_NC_073244.2_7138158_14	DN_NC_073247.2_117958904_5	14	5	5	0	0	0	0.0	0.0	0.0	0	3	0	0	0	0	0
DN_NC_073244.2_8619131_4	DN_NC_073244.2_8680135_4	4	4	4	2	2	2	0.5	0.8615	0.9921	0	3	3	2	2	1	1
DN_NC_073244.2_8619131_4	DN_NC_073244.2_8711681_4	4	4	4	1	1	1	0.25	0.8571	0.8571	1	2	2	1	1	1	1
DN_NC_073244.2_8680135_4	DN_NC_073244.2_8711681_4	4	4	4	2	2	2	0.5	0.8066	0.8651	0	4	4	2	2	1	1
DN_NC_073245.2_11562885_6	DN_NC_073245.2_11814428_9	6	9	6	3	3	3	0.5	0.8961	0.9243	0	6	3	3	3	3	3
DN_NC_073245.2_12403861_6	DN_NC_073245.2_28291357_5	6	5	5	1	1	1	0.2	0.7302	0.7302	1	3	2	2	1	0	0
DN_NC_073245.2_12403861_6	DN_NC_073245.2_35678363_2	6	2	2	0	0	0	0.0	0.0	0.0	0	2	1	0	0	0	0
DN_NC_073245.2_12403861_6	DN_NC_086017.1_58115065_4	6	4	4	1	1	1	0.25	0.8175	0.8175	1	4	3	1	1	1	1
DN_NC_073245.2_15006691_4	DN_NC_073247.2_119718095_2	4	2	2	0	0	0	0.0	0.0	0.0	0	1	0	0	0	0	0
DN_NC_073245.2_28291357_5	DN_NC_073245.2_35678256_5	5	5	5	2	2	2	0.4	0.7759	0.8333	0	3	3	2	2	1	1
DN_NC_073245.2_30021133_6	DN_NC_073245.2_30036345_14	6	14	6	1	1	1	0.1667	0.9978	0.9978	1	4	1	1	1	1	1
DN_NC_073245.2_35160176_6	DN_NC_073247.2_105439613_2	6	2	2	0	0	0	0.0	0.0	0.0	0	2	0	0	0	0	0
DN_NC_073245.2_35742393_2	DN_NC_073245.2_35910982_4	2	4	2	1	1	1	0.5	0.9649	0.9649	1	2	1	1	1	1	1
DN_NC_073245.2_47429376_4	DN_NC_086018.1_24877691_3	4	3	3	0	0	0	0.0	0.0	0.0	0	3	1	0	0	0	0
DN_NC_073245.2_47878766_13	DN_NC_073245.2_47908723_3	13	3	3	0	0	0	0.0	0.0	0.0	0	3	0	0	0	0	0
DN_NC_073245.2_56763975_4	DN_NC_073245.2_56852545_12	4	12	4	0	0	0	0.0	0.0	0.0	0	3	0	0	0	0	0
DN_NC_073245.2_58117175_2	DN_NC_073245.2_58118781_15	2	15	2	1	1	1	0.5	1.0	1.0	1	2	1	1	1	1	1
DN_NC_073245.2_58728682_5	DN_NC_073247.2_58372296_6	5	5	5	1	1	1	0.2	0.7857	0.7857	1	4	3	1	1	1	0
DN_NC_073245.2_58728682_5	DN_NC_086017.1_85766278_5	5	5	5	2	2	2	0.4	0.7332	0.7391	0	5	3	2	2	0	0
DN_NC_073245.2_68791722_2	DN_NC_073245.2_68800206_2	2	2	2	2	2	2	1.0	0.9518	0.9833	0	2	2	2	2	2	2
DN_NC_073245.2_71261640_15	DN_NC_073245.2_71275662_6	15	6	6	0	0	0	0.0	0.0	0.0	0	4	0	0	0	0	0
DN_NC_073245.2_9841009_7	DN_NC_073247.2_30010111_18	7	18	7	5	5	5	0.7143	0.987	1.0	0	6	5	5	5	5	5
DN_NC_073246.2_11287585_8	DN_NC_073248.2_45277558_8	8	8	8	7	7	7	0.875	0.9553	0.981	0	7	7	7	7	7	7
DN_NC_073246.2_2173988_2	DN_NC_086018.1_1713296_2	2	2	2	2	2	2	1.0	0.9999	1.0	0	2	2	2	2	2	2
DN_NC_073246.2_2235416_3	DN_NC_086018.1_1774757_3	3	3	3	3	3	3	1.0	0.998	1.0	0	3	3	3	3	3	3
DN_NC_073246.2_2464898_3	DN_NC_086018.1_2012052_3	3	3	3	2	2	2	0.6667	0.9852	0.9927	0	2	2	2	2	2	2
DN_NC_073246.2_34687084_3	DN_NC_073246.2_34687085_2	3	2	2	2	2	2	1.0	1.0	1.0	0	2	2	2	2	2	2
DN_NC_073246.2_37979530_3	DN_NC_073246.2_38044178_3	3	3	3	2	2	2	0.6667	0.779	0.8384	0	3	3	3	2	1	1
DN_NC_073246.2_43257837_14	DN_NC_073246.2_43317314_17	14	17	14	5	5	5	0.3571	0.8187	0.9271	0	11	10	8	5	4	2
DN_NC_073247.2_113908222_3	DN_NC_073247.2_113922705_3	3	3	3	2	2	2	0.6667	0.9194	0.9222	0	3	3	2	2	2	2
DN_NC_073247.2_113908222_3	DN_NC_073247.2_115371773_3	3	3	3	1	1	1	0.3333	0.9722	0.9722	1	2	1	1	1	1	1
DN_NC_073247.2_113908222_3	DN_NC_073247.2_115394224_3	3	3	3	2	2	2	0.6667	0.921	0.929	0	2	2	2	2	2	2
DN_NC_073247.2_113922705_3	DN_NC_073247.2_115050911_3	3	3	3	0	0	0	0.0	0.0	0.0	0	2	1	0	0	0	0
DN_NC_073247.2_113922705_3	DN_NC_073247.2_115394224_3	3	3	3	2	2	2	0.6667	0.8856	0.9162	0	2	2	2	2	2	2
DN_NC_073247.2_113936318_3	DN_NC_073247.2_115162367_2	3	2	2	0	0	0	0.0	0.0	0.0	0	2	1	1	0	0	0
DN_NC_073247.2_114041704_23	DN_NC_073247.2_114140052_23	23	23	23	23	23	23	1.0	0.9883	1.0	0	23	23	23	23	23	23
DN_NC_073247.2_114041704_23	DN_NC_073247.2_114854872_20	23	20	20	10	10	10	0.5	0.8429	0.9861	0	17	15	13	10	9	8
DN_NC_073247.2_114140052_23	DN_NC_073247.2_114854872_20	23	20	20	10	10	10	0.5	0.8522	1.0	0	18	16	14	10	9	8
DN_NC_073247.2_114234875_11	DN_NC_073247.2_147586730_5	11	5	5	0	0	0	0.0	0.0	0.0	0	4	1	0	0	0	0
DN_NC_073247.2_114842677_3	DN_NC_073247.2_115094764_3	3	3	3	2	2	2	0.6667	0.8632	0.8667	0	3	2	2	2	2	2
DN_NC_073247.2_114994295_3	DN_NC_073247.2_115162367_2	3	2	2	0	0	0	0.0	0.0	0.0	0	2	1	1	0	0	0
DN_NC_073247.2_115050911_3	DN_NC_073247.2_115394224_3	3	3	3	0	0	0	0.0	0.0	0.0	0	3	1	0	0	0	0
DN_NC_073247.2_115708949_2	DN_NC_073247.2_147586730_5	2	5	2	0	0	0	0.0	0.0	0.0	0	2	1	0	0	0	0
DN_NC_073247.2_115884983_3	DN_NC_073247.2_130545427_4	3	4	3	2	2	2	0.6667	0.8691	0.902	0	3	3	3	2	2	2
DN_NC_073247.2_11741821_2	DN_NC_073248.2_9064807_2	2	2	2	1	1	1	0.5	0.9965	0.9965	1	2	2	1	1	1	1
DN_NC_073247.2_119410020_7	DN_NC_073247.2_23260131_7	7	7	7	5	5	5	0.7143	0.7926	0.8671	0	7	5	5	5	5	1
DN_NC_073247.2_131152949_4	DN_NC_073248.2_8111002_4	4	4	4	2	2	2	0.5	0.7915	0.7929	0	4	3	2	2	2	0
DN_NC_073247.2_131468464_3	DN_NC_086017.1_198207851_3	3	3	3	0	0	0	0.0	0.0	0.0	0	2	0	0	0	0	0
DN_NC_073247.2_131774354_4	DN_NC_073247.2_131863961_4	4	4	4	4	4	4	1.0	0.9929	1.0	0	4	4	4	4	4	4
DN_NC_073247.2_137840069_2	DN_NC_073247.2_138224742_2	2	2	2	1	1	1	0.5	0.8492	0.8492	1	2	1	1	1	1	1
DN_NC_073247.2_147316506_18	DN_NC_073247.2_147600611_20	18	20	18	3	3	3	0.1667	0.7926	0.871	0	7	4	3	3	2	2
DN_NC_073247.2_147692428_16	DN_NC_073247.2_57005939_17	16	17	16	11	11	11	0.6875	0.7454	0.8052	0	15	15	13	11	6	1
DN_NC_073247.2_153600158_4	DN_NC_073247.2_153901396_3	4	3	3	1	1	1	0.3333	0.828	0.828	1	1	1	1	1	1	1
DN_NC_073247.2_161158664_6	DN_NC_073247.2_161607555_5	6	5	5	4	4	4	0.8	0.9919	1.0	0	4	4	4	4	4	4
DN_NC_073247.2_161251228_4	DN_NC_073247.2_161458538_3	4	3	3	3	3	3	1.0	0.936	1.0	0	3	3	3	3	3	3
DN_NC_073247.2_161251228_4	DN_NC_073247.2_161556098_3	4	3	3	3	3	3	1.0	0.7952	0.8442	0	3	3	3	3	3	1
DN_NC_073247.2_161251228_4	DN_NC_073247.2_163590486_3	4	3	3	3	3	3	1.0	0.747	0.7563	0	3	3	3	3	2	0
DN_NC_073247.2_161251228_4	DN_NC_073247.2_163809311_4	4	4	4	2	2	2	0.5	0.7811	0.8193	0	4	3	2	2	1	1
DN_NC_073247.2_161251228_4	DN_NC_073247.2_164381237_2	4	2	2	2	2	2	1.0	0.7462	0.7556	0	2	2	2	2	1	0
DN_NC_073247.2_161251228_4	DN_NC_073247.2_164397061_3	4	3	3	2	2	2	0.6667	0.7477	0.7573	0	3	3	3	2	1	0
DN_NC_073247.2_161251228_4	DN_NC_073247.2_164407414_2	4	2	2	1	1	1	0.5	0.7632	0.7632	1	2	1	1	1	1	0
DN_NC_073247.2_161251228_4	DN_NC_073247.2_164426194_3	4	3	3	2	2	2	0.6667	0.7481	0.7573	0	3	3	3	2	1	0
DN_NC_073247.2_161251228_4	DN_NC_073247.2_164442447_2	4	2	2	2	2	2	1.0	0.7391	0.7556	0	2	2	2	2	1	0
DN_NC_073247.2_161251228_4	DN_NC_073247.2_164861277_3	4	3	3	3	3	3	1.0	0.7559	0.7692	0	3	3	3	3	2	0
DN_NC_073247.2_161266095_3	DN_NC_073247.2_161413981_7	3	7	3	2	2	2	0.6667	0.9959	1.0	0	2	2	2	2	2	2
DN_NC_073247.2_161458538_3	DN_NC_073247.2_161556098_3	3	3	3	3	3	3	1.0	0.7908	0.8312	0	3	3	3	3	3	1
DN_NC_073247.2_161458538_3	DN_NC_073247.2_163590486_3	3	3	3	3	3	3	1.0	0.7521	0.7757	0	3	3	3	3	1	0
DN_NC_073247.2_161458538_3	DN_NC_073247.2_163809311_4	3	4	3	2	2	2	0.6667	0.7679	0.8072	0	3	3	2	2	1	1
DN_NC_073247.2_161458538_3	DN_NC_073247.2_164381237_2	3	2	2	2	2	2	1.0	0.7225	0.7397	0	2	2	2	2	0	0
DN_NC_073247.2_161458538_3	DN_NC_073247.2_164397061_3	3	3	3	2	2	2	0.6667	0.7435	0.7476	0	3	3	3	2	0	0
DN_NC_073247.2_161458538_3	DN_NC_073247.2_164407414_2	3	2	2	1	1	1	0.5	0.7637	0.7637	1	2	1	1	1	1	0
DN_NC_073247.2_161458538_3	DN_NC_073247.2_164426194_3	3	3	3	2	2	2	0.6667	0.7384	0.7389	0	3	3	3	2	0	0
DN_NC_073247.2_161458538_3	DN_NC_073247.2_164442447_2	3	2	2	1	1	1	0.5	0.7386	0.7386	1	2	2	2	1	0	0
DN_NC_073247.2_161458538_3	DN_NC_073247.2_164861277_3	3	3	3	3	3	3	1.0	0.7576	0.7596	0	3	3	3	3	3	0
DN_NC_073247.2_161556098_3	DN_NC_073247.2_163590486_3	3	3	3	2	2	2	0.6667	0.7648	0.7792	0	3	3	2	2	2	0
DN_NC_073247.2_161556098_3	DN_NC_073247.2_164381237_2	3	2	2	2	2	2	1.0	0.7189	0.7365	0	2	2	2	2	0	0
DN_NC_073247.2_161556098_3	DN_NC_073247.2_164397061_3	3	3	3	2	2	2	0.6667	0.7405	0.7408	0	3	3	3	2	0	0
DN_NC_073247.2_161556098_3	DN_NC_073247.2_164407411_3	3	3	3	2	2	2	0.6667	0.7334	0.7656	0	2	2	2	2	1	0
DN_NC_073247.2_161556098_3	DN_NC_073247.2_164426194_3	3	3	3	2	2	2	0.6667	0.7402	0.7403	0	3	3	2	2	0	0
DN_NC_073247.2_161556098_3	DN_NC_073247.2_164442447_2	3	2	2	2	2	2	1.0	0.7184	0.7354	0	2	2	2	2	0	0
DN_NC_073247.2_161556098_3	DN_NC_073247.2_164861277_3	3	3	3	2	2	2	0.6667	0.7652	0.7792	0	3	3	3	2	2	0
DN_NC_073247.2_163590486_3	DN_NC_073247.2_163809311_4	3	4	3	1	1	1	0.3333	0.759	0.759	1	3	3	2	1	1	0
DN_NC_073247.2_163590486_3	DN_NC_073247.2_164381237_2	3	2	2	2	2	2	1.0	0.763	0.814	0	2	2	2	2	1	1
DN_NC_073247.2_163590486_3	DN_NC_073247.2_164397061_3	3	3	3	2	2	2	0.6667	0.8044	0.8127	0	3	3	3	2	2	1
DN_NC_073247.2_163590486_3	DN_NC_073247.2_164405406_2	3	2	2	1	1	1	0.5	0.7982	0.7982	1	1	1	1	1	1	0
DN_NC_073247.2_163590486_3	DN_NC_073247.2_164426194_3	3	3	3	2	2	2	0.6667	0.7996	0.8127	0	3	3	3	2	2	1
DN_NC_073247.2_163590486_3	DN_NC_073247.2_164442447_2	3	2	2	2	2	2	1.0	0.7731	0.8102	0	2	2	2	2	1	1
DN_NC_073247.2_163590486_3	DN_NC_073247.2_164861277_3	3	3	3	3	3	3	1.0	0.8311	0.9155	0	3	3	3	3	3	2
DN_NC_073247.2_163809311_4	DN_NC_073247.2_164861277_3	4	3	3	2	2	2	0.6667	0.7828	0.8434	0	3	3	2	2	1	1
DN_NC_073247.2_164381222_3	DN_NC_073247.2_164442447_3	3	3	3	3	3	3	1.0	0.9918	1.0	0	3	3	3	3	3	3
DN_NC_073247.2_164381237_2	DN_NC_073247.2_164397061_3	2	3	2	2	2	2	1.0	0.8908	0.9185	0	2	2	2	2	2	2
DN_NC_073247.2_164381237_2	DN_NC_073247.2_164405406_2	2	2	2	1	1	1	0.5	0.8421	0.8421	1	1	1	1	1	1	1
DN_NC_073247.2_164381237_2	DN_NC_073247.2_164426194_3	2	3	2	2	2	2	1.0	0.8905	0.9178	0	2	2	2	2	2	2
DN_NC_073247.2_164381237_2	DN_NC_073247.2_164861277_3	2	3	2	2	2	2	1.0	0.7693	0.8229	0	2	2	2	2	1	1
DN_NC_073247.2_164397061_3	DN_NC_073247.2_164405406_2	3	2	2	1	1	1	0.5	0.9709	0.9709	1	1	1	1	1	1	1
DN_NC_073247.2_164397061_3	DN_NC_073247.2_164426194_3	3	3	3	3	3	3	1.0	0.9914	0.9994	0	3	3	3	3	3	3
DN_NC_073247.2_164397061_3	DN_NC_073247.2_164442447_3	3	3	3	3	3	3	1.0	0.876	0.9178	0	3	3	3	3	3	3
DN_NC_073247.2_164397061_3	DN_NC_073247.2_164861277_3	3	3	3	2	2	2	0.6667	0.8034	0.8204	0	3	3	3	2	2	1
DN_NC_073247.2_164405406_2	DN_NC_073247.2_164426194_3	2	3	2	1	1	1	0.5	0.9709	0.9709	1	1	1	1	1	1	1
DN_NC_073247.2_164405406_2	DN_NC_073247.2_164861277_3	2	3	2	1	1	1	0.5	0.7885	0.7885	1	1	1	1	1	1	0
DN_NC_073247.2_164407411_3	DN_NC_073247.2_164442447_2	3	2	2	2	2	2	1.0	0.8654	0.9036	0	2	2	2	2	2	2
DN_NC_073247.2_164407414_2	DN_NC_073247.2_36669088_2	2	2	2	0	0	0	0.0	0.0	0.0	0	1	0	0	0	0	0
DN_NC_073247.2_164426194_3	DN_NC_073247.2_164442447_3	3	3	3	3	3	3	1.0	0.8846	0.9185	0	3	3	3	3	3	3
DN_NC_073247.2_164426194_3	DN_NC_073247.2_164861277_3	3	3	3	2	2	2	0.6667	0.7982	0.8197	0	3	3	3	2	2	1
DN_NC_073247.2_164442447_2	DN_NC_073247.2_164861277_3	2	3	2	2	2	2	1.0	0.7814	0.8223	0	2	2	2	2	1	1
DN_NC_073247.2_165002679_2	DN_NC_073247.2_165081266_2	2	2	2	1	1	1	0.5	0.7944	0.7944	1	1	1	1	1	1	0
DN_NC_073247.2_165490291_8	DN_NC_086017.1_83275067_10	8	10	8	3	3	3	0.375	0.7601	0.8226	0	7	5	3	3	1	1
DN_NC_073247.2_166164942_10	DN_NC_073247.2_166250782_8	10	8	8	7	7	7	0.875	0.9918	0.9986	0	7	7	7	7	7	7
DN_NC_073247.2_167707352_7	DN_NC_086018.1_48818439_9	7	9	7	5	5	5	0.7143	0.9897	1.0	0	5	5	5	5	5	5
DN_NC_073247.2_17003459_2	DN_NC_073247.2_18318973_2	2	2	2	2	2	2	1.0	0.8796	0.9814	0	2	2	2	2	2	1
DN_NC_073247.2_17003459_2	DN_NC_073247.2_18638732_2	2	2	2	2	2	2	1.0	0.9571	0.9876	0	2	2	2	2	2	2
DN_NC_073247.2_17003459_2	DN_NC_073247.2_18934892_2	2	2	2	2	2	2	1.0	0.9342	0.9938	0	2	2	2	2	2	2
DN_NC_073247.2_17003459_2	DN_NC_073248.2_30080680_2	2	2	2	2	2	2	1.0	0.8343	0.8696	0	2	2	2	2	2	1
DN_NC_073247.2_18318973_2	DN_NC_073247.2_18638732_2	2	2	2	2	2	2	1.0	0.8914	0.9948	0	2	2	2	2	2	1
DN_NC_073247.2_18318973_2	DN_NC_073247.2_18934892_2	2	2	2	2	2	2	1.0	0.8841	0.9827	0	2	2	2	2	2	1
DN_NC_073247.2_18318973_2	DN_NC_073248.2_30080680_2	2	2	2	2	2	2	1.0	0.8277	0.865	0	2	2	2	2	2	1
DN_NC_073247.2_18638732_2	DN_NC_073247.2_18934892_2	2	2	2	2	2	2	1.0	0.9659	0.9827	0	2	2	2	2	2	2
DN_NC_073247.2_18638732_2	DN_NC_073248.2_30080680_2	2	2	2	2	2	2	1.0	0.8705	0.8712	0	2	2	2	2	2	2
DN_NC_073247.2_18934892_2	DN_NC_073248.2_30080680_2	2	2	2	2	2	2	1.0	0.8847	0.9045	0	2	2	2	2	2	2
DN_NC_073247.2_23442611_3	DN_NC_073248.2_30409029_3	3	3	3	1	1	1	0.3333	0.9109	0.9109	1	1	1	1	1	1	1
DN_NC_073247.2_30604924_7	DN_NC_073248.2_26554434_7	7	7	7	5	5	5	0.7143	0.9198	0.963	0	5	5	5	5	5	5
DN_NC_073247.2_30634906_22	DN_NC_073247.2_95843403_22	22	22	22	17	17	17	0.7727	0.7818	0.8375	0	20	20	17	17	16	3
DN_NC_073247.2_34649963_8	DN_NC_073248.2_9517725_8	8	8	8	6	6	6	0.75	0.9141	0.9786	0	7	7	7	6	6	6
DN_NC_073247.2_36669088_2	DN_NC_073247.2_36702175_2	2	2	2	1	1	1	0.5	0.8674	0.8674	1	1	1	1	1	1	1
DN_NC_073247.2_36669088_2	DN_NC_073247.2_40731967_2	2	2	2	0	0	0	0.0	0.0	0.0	0	2	0	0	0	0	0
DN_NC_073247.2_36669088_2	DN_NC_073247.2_40764337_2	2	2	2	0	0	0	0.0	0.0	0.0	0	1	1	0	0	0	0
DN_NC_073247.2_36702175_2	DN_NC_073247.2_40764337_2	2	2	2	0	0	0	0.0	0.0	0.0	0	2	1	0	0	0	0
DN_NC_073247.2_38333222_3	DN_NC_073247.2_40760693_3	3	3	3	0	0	0	0.0	0.0	0.0	0	1	0	0	0	0	0
DN_NC_073247.2_38356425_2	DN_NC_073247.2_40747465_5	2	5	2	0	0	0	0.0	0.0	0.0	0	2	1	1	0	0	0
DN_NC_073247.2_40732536_2	DN_NC_073247.2_40764337_2	2	2	2	1	1	1	0.5	0.7315	0.7651	1	1	1	1	1	1	0
DN_NC_073247.2_40747465_5	DN_NC_073247.2_40764337_2	5	2	2	0	0	0	0.0	0.0	0.0	0	2	1	1	0	0	0
DN_NC_073247.2_51197700_2	DN_NC_086018.1_19844955_6	2	9	2	1	1	1	0.5	0.7942	0.7942	1	1	1	1	1	1	0
DN_NC_073247.2_51578190_11	DN_NC_073248.2_31260866_11	11	11	11	10	10	10	0.9091	0.8814	0.9245	0	10	10	10	10	10	9
DN_NC_073247.2_51699012_17	DN_NC_073248.2_31199793_17	17	17	17	15	15	15	0.8824	0.8658	0.9437	0	15	15	15	15	14	14
DN_NC_073247.2_54047427_15	DN_NC_073247.2_54163080_15	15	15	15	9	9	9	0.6	0.7686	0.9278	0	14	13	11	9	5	1
DN_NC_073247.2_56848572_6	DN_NC_073247.2_56899135_7	6	7	6	5	5	5	0.8333	0.8818	0.9921	0	5	5	5	5	4	4
DN_NC_073247.2_56899135_7	DN_NC_073247.2_57761829_5	7	5	5	1	1	1	0.2	0.746	0.746	1	4	3	2	1	0	0
DN_NC_073247.2_56899135_7	DN_NC_073247.2_57840463_5	7	5	5	1	1	1	0.2	0.7857	0.7857	1	2	2	1	1	1	0
DN_NC_073247.2_56899135_7	DN_NC_073247.2_58228088_5	7	5	5	1	1	1	0.2	0.7698	0.7698	1	3	2	1	1	1	0
DN_NC_073247.2_56899135_7	DN_NC_073247.2_58372296_6	7	5	5	1	1	1	0.2	0.7302	0.7302	1	4	3	3	1	0	0
DN_NC_073247.2_56899135_7	DN_NC_086017.1_85766278_5	7	5	5	1	1	1	0.2	0.7302	0.7302	1	4	2	1	1	0	0
DN_NC_073247.2_57005939_17	DN_NC_086017.1_154449519_16	17	16	16	7	7	7	0.4375	0.7557	0.8182	0	15	13	10	7	3	1
DN_NC_073247.2_57761829_5	DN_NC_073247.2_58372296_6	5	5	5	1	1	1	0.2	0.7857	0.7857	1	4	1	1	1	1	0
DN_NC_073247.2_57761829_5	DN_NC_086017.1_85766278_5	5	5	5	2	2	2	0.4	0.7396	0.7619	0	4	3	2	2	1	0
DN_NC_073247.2_57840463_5	DN_NC_073247.2_58228088_5	5	5	5	2	2	2	0.4	0.8509	0.8571	0	5	3	2	2	2	2
DN_NC_073247.2_57840463_5	DN_NC_073247.2_58372296_6	5	5	5	1	1	1	0.2	0.754	0.754	1	4	1	1	1	1	0
DN_NC_073247.2_57840463_5	DN_NC_086017.1_85766278_5	5	5	5	1	1	1	0.2	0.7619	0.7619	1	4	2	2	1	1	0
DN_NC_073247.2_58228088_5	DN_NC_073247.2_58372296_6	5	5	5	1	1	1	0.2	0.7381	0.7381	1	2	2	1	1	0	0
DN_NC_073247.2_58372296_6	DN_NC_086017.1_85766278_5	5	5	5	1	1	1	0.2	0.7937	0.7937	1	4	3	1	1	1	0
DN_NC_073247.2_58634411_8	DN_NC_073247.2_62823555_8	8	8	8	7	7	7	0.875	0.8951	0.9592	0	7	7	7	7	7	7
DN_NC_073247.2_58634411_8	DN_NC_073247.2_62876862_8	8	8	8	7	7	7	0.875	0.904	0.9796	0	7	7	7	7	7	7
DN_NC_073247.2_59696701_5	DN_NC_073247.2_59706220_5	5	5	5	5	5	5	1.0	1.0	1.0	0	5	5	5	5	5	5
DN_NC_073247.2_59696701_5	DN_NC_073247.2_59715729_5	5	5	5	5	5	5	1.0	1.0	1.0	0	5	5	5	5	5	5
DN_NC_073247.2_59696701_5	DN_NC_073247.2_59725264_5	5	5	5	5	5	5	1.0	0.9993	1.0	0	5	5	5	5	5	5
DN_NC_073247.2_59696701_5	DN_NC_073247.2_59744368_5	5	5	5	4	4	4	0.8	0.998	1.0	0	4	4	4	4	4	4
DN_NC_073247.2_59696701_5	DN_NC_073247.2_59772963_5	5	5	5	5	5	5	1.0	0.9998	1.0	0	5	5	5	5	5	5
DN_NC_073247.2_59696701_5	DN_NC_073247.2_59782481_5	5	5	5	4	4	4	0.8	1.0	1.0	0	4	4	4	4	4	4
DN_NC_073247.2_59696701_5	DN_NC_073247.2_59792068_6	5	6	5	4	4	4	0.8	1.0	1.0	0	4	4	4	4	4	4
DN_NC_073247.2_59696701_5	DN_NC_073247.2_59878462_6	5	6	5	3	4	4	0.8	0.7829	0.84	0	4	3	3	3	3	1
DN_NC_073247.2_59706220_5	DN_NC_073247.2_59715729_5	5	5	5	5	5	5	1.0	1.0	1.0	0	5	5	5	5	5	5
DN_NC_073247.2_59706220_5	DN_NC_073247.2_59725264_5	5	5	5	5	5	5	1.0	0.9993	1.0	0	5	5	5	5	5	5
DN_NC_073247.2_59706220_5	DN_NC_073247.2_59744368_5	5	5	5	4	4	4	0.8	0.998	1.0	0	4	4	4	4	4	4
DN_NC_073247.2_59706220_5	DN_NC_073247.2_59772963_5	5	5	5	5	5	5	1.0	0.9998	1.0	0	5	5	5	5	5	5
DN_NC_073247.2_59706220_5	DN_NC_073247.2_59782481_5	5	5	5	4	4	4	0.8	1.0	1.0	0	4	4	4	4	4	4
DN_NC_073247.2_59706220_5	DN_NC_073247.2_59792068_6	5	6	5	4	4	4	0.8	1.0	1.0	0	4	4	4	4	4	4
DN_NC_073247.2_59706220_5	DN_NC_073247.2_59878462_6	5	6	5	3	4	4	0.8	0.7829	0.84	0	4	3	3	3	3	1
DN_NC_073247.2_59715729_5	DN_NC_073247.2_59725264_5	5	5	5	5	5	5	1.0	0.9993	1.0	0	5	5	5	5	5	5
DN_NC_073247.2_59715729_5	DN_NC_073247.2_59744368_5	5	5	5	4	4	4	0.8	0.998	1.0	0	4	4	4	4	4	4
DN_NC_073247.2_59715729_5	DN_NC_073247.2_59772963_5	5	5	5	5	5	5	1.0	0.9998	1.0	0	5	5	5	5	5	5
DN_NC_073247.2_59715729_5	DN_NC_073247.2_59782481_5	5	5	5	4	4	4	0.8	1.0	1.0	0	4	4	4	4	4	4
DN_NC_073247.2_59715729_5	DN_NC_073247.2_59792068_6	5	6	5	4	4	4	0.8	1.0	1.0	0	4	4	4	4	4	4
DN_NC_073247.2_59715729_5	DN_NC_073247.2_59878462_6	5	6	5	3	4	4	0.8	0.7829	0.84	0	4	3	3	3	3	1
DN_NC_073247.2_59725264_5	DN_NC_073247.2_59744368_5	5	5	5	4	4	4	0.8	0.998	1.0	0	4	4	4	4	4	4
DN_NC_073247.2_59725264_5	DN_NC_073247.2_59772963_5	5	5	5	5	5	5	1.0	0.9994	1.0	0	5	5	5	5	5	5
DN_NC_073247.2_59725264_5	DN_NC_073247.2_59782481_5	5	5	5	4	4	4	0.8	1.0	1.0	0	4	4	4	4	4	4
DN_NC_073247.2_59725264_5	DN_NC_073247.2_59792068_6	5	6	5	4	4	4	0.8	1.0	1.0	0	4	4	4	4	4	4
DN_NC_073247.2_59725264_5	DN_NC_073247.2_59878462_6	5	6	5	3	4	4	0.8	0.7829	0.84	0	4	3	3	3	3	1
DN_NC_073247.2_59744368_5	DN_NC_073247.2_59753367_5	5	5	5	4	4	4	0.8	1.0	1.0	0	4	4	4	4	4	4
DN_NC_073247.2_59744368_5	DN_NC_073247.2_59772963_5	5	5	5	4	4	4	0.8	0.998	1.0	0	4	4	4	4	4	4
DN_NC_073247.2_59744368_5	DN_NC_073247.2_59782481_5	5	5	5	5	5	5	1.0	0.9984	1.0	0	5	5	5	5	5	5
DN_NC_073247.2_59744368_5	DN_NC_073247.2_59792068_6	5	6	5	4	4	4	0.8	0.998	1.0	0	5	4	4	4	4	4
DN_NC_073247.2_59744368_5	DN_NC_073247.2_59878462_6	5	6	5	4	5	5	1.0	0.8115	0.9099	0	5	5	5	4	4	2
DN_NC_073247.2_59753367_5	DN_NC_073247.2_59782481_5	5	5	5	4	4	4	0.8	0.998	1.0	0	4	4	4	4	4	4
DN_NC_073247.2_59753367_5	DN_NC_073247.2_59878462_6	5	6	5	4	5	5	1.0	0.8133	0.9189	0	4	4	4	4	4	2
DN_NC_073247.2_59772963_5	DN_NC_073247.2_59782481_5	5	5	5	4	4	4	0.8	1.0	1.0	0	4	4	4	4	4	4
DN_NC_073247.2_59772963_5	DN_NC_073247.2_59792068_6	5	6	5	4	4	4	0.8	1.0	1.0	0	4	4	4	4	4	4
DN_NC_073247.2_59772963_5	DN_NC_073247.2_59878462_6	5	6	5	3	4	4	0.8	0.7829	0.84	0	4	4	3	3	3	1
DN_NC_073247.2_59782481_5	DN_NC_073247.2_59792068_6	5	6	5	4	4	4	0.8	1.0	1.0	0	5	4	4	4	4	4
DN_NC_073247.2_59782481_5	DN_NC_073247.2_59878462_6	5	6	5	4	5	5	1.0	0.8101	0.9189	0	5	4	4	4	4	2
DN_NC_073247.2_59792068_6	DN_NC_073247.2_59878462_6	6	6	6	4	5	5	0.8333	0.7913	0.84	0	4	4	4	4	4	2
DN_NC_073247.2_61509959_2	DN_NC_073247.2_61690478_2	2	2	2	1	1	1	0.5	0.8998	0.8998	1	2	1	1	1	1	1
DN_NC_073247.2_62249491_13	DN_NC_073247.2_62361057_13	13	13	13	13	13	13	1.0	0.9908	1.0	0	13	13	13	13	13	13
DN_NC_073247.2_62249491_13	DN_NC_073247.2_64998786_13	13	13	13	7	7	7	0.5385	0.8085	0.8608	0	11	8	8	7	6	5
DN_NC_073247.2_62361057_13	DN_NC_073247.2_64998786_13	13	13	13	6	6	6	0.4615	0.8392	0.8734	0	10	8	8	6	6	5
DN_NC_073247.2_62664010_4	DN_NC_073247.2_62680287_4	4	4	4	4	4	4	1.0	0.9916	0.9929	0	4	4	4	4	4	4
DN_NC_073247.2_62823555_8	DN_NC_073247.2_62876862_8	8	8	8	8	8	8	1.0	0.99	0.9983	0	8	8	8	8	8	8
DN_NC_073247.2_63315044_26	DN_NC_073248.2_27118037_27	26	27	26	23	23	23	0.8846	0.8547	0.9196	0	25	24	23	23	23	20
DN_NC_073247.2_64556424_5	DN_NC_073247.2_64561534_19	5	19	5	0	0	0	0.0	0.0	0.0	0	4	0	0	0	0	0
DN_NC_073247.2_64921939_13	DN_NC_073247.2_64998786_13	13	13	13	7	7	7	0.5385	0.8405	1.0	0	9	8	7	7	6	5
DN_NC_073247.2_67140263_2	DN_NC_073247.2_67278734_2	2	2	2	0	0	0	0.0	0.0	0.0	0	0	0	0	0	0	0
DN_NC_073247.2_84011480_7	DN_NC_073248.2_26366947_7	7	7	7	5	5	5	0.7143	0.821	0.8312	0	6	5	5	5	5	5
DN_NC_073247.2_84011480_7	DN_NC_073248.2_9423438_7	7	7	7	5	5	5	0.7143	0.811	0.8344	0	5	5	5	5	5	3
DN_NC_073247.2_84517974_3	DN_NC_073247.2_84653260_2	3	2	2	2	2	2	1.0	0.9594	0.9917	0	2	2	2	2	2	2
DN_NC_073247.2_84517974_3	DN_NC_073247.2_84678651_3	3	3	3	3	3	3	1.0	0.9934	0.9939	0	3	3	3	3	3	3
DN_NC_073247.2_84653260_2	DN_NC_073247.2_84678651_3	2	3	2	2	2	2	1.0	0.9627	0.9917	0	2	2	2	2	2	2
DN_NC_073248.2_15918163_7	DN_NC_073248.2_16416010_5	7	5	5	5	5	5	1.0	0.9566	0.9762	0	5	5	5	5	5	5
DN_NC_073248.2_15918163_7	DN_NC_073248.2_19602755_10	7	10	7	5	5	5	0.7143	0.982	1.0	0	6	5	5	5	5	5
DN_NC_073248.2_15918163_7	DN_NC_073248.2_19671639_11	7	11	7	5	5	5	0.7143	0.9823	0.9903	0	5	5	5	5	5	5
DN_NC_073248.2_15918163_7	DN_NC_073248.2_19694607_11	7	11	7	5	5	5	0.7143	0.9842	0.9944	0	5	5	5	5	5	5
DN_NC_073248.2_15918163_7	DN_NC_073248.2_25704431_6	7	6	6	6	6	6	1.0	0.9547	0.9855	0	6	6	6	6	6	6
DN_NC_073248.2_15918163_7	DN_NC_073248.2_25725363_11	7	11	7	5	5	5	0.7143	0.9838	0.9887	0	5	5	5	5	5	5
DN_NC_073248.2_16416010_5	DN_NC_073248.2_19602755_10	5	10	5	4	4	4	0.8	0.966	0.9709	0	4	4	4	4	4	4
DN_NC_073248.2_16416010_5	DN_NC_073248.2_19671639_11	5	11	5	4	4	4	0.8	0.9636	0.9806	0	4	4	4	4	4	4
DN_NC_073248.2_16416010_5	DN_NC_073248.2_19694607_11	5	11	5	4	4	4	0.8	0.9684	0.9806	0	4	4	4	4	4	4
DN_NC_073248.2_16416010_5	DN_NC_073248.2_25704431_6	5	6	5	5	5	5	1.0	0.972	0.9848	0	5	5	5	5	5	5
DN_NC_073248.2_16416010_5	DN_NC_073248.2_25725363_11	5	11	5	4	4	4	0.8	0.9689	0.9803	0	4	4	4	4	4	4
DN_NC_073248.2_19602755_10	DN_NC_073248.2_25704431_6	10	6	6	5	5	5	0.8333	0.9849	0.9928	0	5	5	5	5	5	5
DN_NC_073248.2_19625716_11	DN_NC_073248.2_19671639_11	11	11	11	11	11	11	1.0	0.9969	1.0	0	11	11	11	11	11	11
DN_NC_073248.2_19648671_11	DN_NC_073248.2_19694607_11	11	11	11	11	11	11	1.0	0.9973	1.0	0	11	11	11	11	11	11
DN_NC_073248.2_19648671_11	DN_NC_073248.2_25725363_11	11	11	11	11	11	11	1.0	0.9867	1.0	0	11	11	11	11	11	11
DN_NC_073248.2_19671639_11	DN_NC_073248.2_19694607_11	11	11	11	11	11	11	1.0	0.997	1.0	0	11	11	11	11	11	11
DN_NC_073248.2_19671639_11	DN_NC_073248.2_25704431_6	11	6	6	5	5	5	0.8333	0.9782	1.0	0	5	5	5	5	5	5
DN_NC_073248.2_19671639_11	DN_NC_073248.2_25725363_11	11	11	11	11	11	11	1.0	0.987	1.0	0	11	11	11	11	11	11
DN_NC_073248.2_19694607_11	DN_NC_073248.2_25704431_6	11	6	6	5	5	5	0.8333	0.9779	0.9928	0	5	5	5	5	5	5
DN_NC_073248.2_19694607_11	DN_NC_073248.2_25725363_11	11	11	11	11	11	11	1.0	0.9884	1.0	0	11	11	11	11	11	11
DN_NC_073248.2_25704431_6	DN_NC_073248.2_25725363_11	6	11	6	5	5	5	0.8333	0.9841	1.0	0	5	5	5	5	5	5
DN_NC_073248.2_26366947_7	DN_NC_073248.2_9423438_7	7	7	7	6	6	6	0.8571	0.9182	0.95	0	6	6	6	6	6	6
DN_NC_073248.2_34736504_6	DN_NC_073248.2_34798633_6	6	6	6	6	6	6	1.0	1.0	1.0	0	6	6	6	6	6	6
DN_NC_073248.2_34736504_6	DN_NC_073248.2_34819290_6	6	6	6	6	6	6	1.0	1.0	1.0	0	6	6	6	6	6	6
DN_NC_073248.2_34736504_6	DN_NC_073248.2_34839953_6	6	6	6	6	6	6	1.0	1.0	1.0	0	6	6	6	6	6	6
DN_NC_073248.2_34798633_6	DN_NC_073248.2_34819290_6	6	6	6	6	6	6	1.0	1.0	1.0	0	6	6	6	6	6	6
DN_NC_073248.2_34798633_6	DN_NC_073248.2_34839953_6	6	6	6	6	6	6	1.0	1.0	1.0	0	6	6	6	6	6	6
DN_NC_073248.2_34819290_6	DN_NC_073248.2_34839953_6	6	6	6	6	6	6	1.0	1.0	1.0	0	6	6	6	6	6	6
DN_NC_073248.2_42783128_31	DN_NC_086017.1_26423028_11	31	11	11	9	22	30	2.7273	0.9113	0.9577	0	9	9	9	9	9	9
DN_NC_086017.1_12917334_8	DN_NC_086017.1_12936527_11	8	11	8	1	1	1	0.125	0.8183	0.8183	1	5	1	1	1	1	1
DN_NC_086017.1_134833806_5	DN_NC_086017.1_136815000_6	5	6	5	5	5	5	1.0	0.9596	0.9821	0	5	5	5	5	5	5
DN_NC_086017.1_136773097_2	DN_NC_086017.1_141278779_5	2	5	2	1	1	1	0.5	0.9139	0.9139	1	1	1	1	1	1	1
DN_NC_086017.1_136773097_2	DN_NC_086017.1_85330170_7	2	7	2	1	1	1	0.5	0.8882	0.8882	1	1	1	1	1	1	1
DN_NC_086017.1_140746758_18	DN_NC_086017.1_58271357_16	18	16	16	2	2	2	0.125	0.7285	0.7562	0	11	6	3	2	1	0
DN_NC_086017.1_141278779_5	DN_NC_086017.1_85330170_7	5	7	5	4	4	4	0.8	0.949	0.9839	0	5	5	5	4	4	4
DN_NC_086017.1_145972418_16	DN_NC_086017.1_195677389_14	16	14	14	7	7	7	0.5	0.7645	0.8419	0	14	13	11	7	5	2
DN_NC_086017.1_150515222_8	DN_NC_086017.1_150527432_22	8	22	8	0	0	0	0.0	0.0	0.0	0	4	2	0	0	0	0
DN_NC_086017.1_156500672_2	DN_NC_086017.1_156500672_3	2	3	2	1	1	1	0.5	1.0	1.0	1	2	1	1	1	1	1
DN_NC_086017.1_190656695_14	DN_NC_086017.1_190680196_7	14	7	7	0	0	0	0.0	0.0	0.0	0	4	0	0	0	0	0
DN_NC_086017.1_19569853_12	DN_NC_086018.1_47820238_12	12	12	12	2	2	2	0.1667	0.7344	0.7405	0	10	8	6	2	0	0
DN_NC_086017.1_19795280_8	DN_NC_086017.1_19858571_3	8	3	3	0	0	0	0.0	0.0	0.0	0	2	0	0	0	0	0
DN_NC_086017.1_207228653_16	DN_NC_086017.1_207540432_15	16	15	15	13	13	13	0.8667	0.9677	0.994	0	13	13	13	13	13	13
DN_NC_086017.1_207540432_15	DN_NC_086017.1_209174437_6	15	6	6	5	5	5	0.8333	0.9538	0.9752	0	6	5	5	5	5	5
DN_NC_086017.1_211655827_5	DN_NC_086017.1_9337960_4	5	4	4	3	3	3	0.75	0.9712	0.9939	0	3	3	3	3	3	3
DN_NC_086017.1_22368298_8	DN_NC_086017.1_22395793_17	8	17	8	1	1	1	0.125	0.998	0.998	1	5	1	1	1	1	1
DN_NC_086017.1_22612673_15	DN_NC_086017.1_22648299_4	15	4	4	0	0	0	0.0	0.0	0.0	0	3	1	0	0	0	0
DN_NC_086017.1_24755691_2	DN_NC_086017.1_24755694_2	2	2	2	1	1	1	0.5	1.0	1.0	1	1	1	1	1	1	1
DN_NC_086017.1_29787177_6	DN_NC_086017.1_29831691_3	6	3	3	0	0	0	0.0	0.0	0.0	0	1	0	0	0	0	0
DN_NC_086017.1_33635296_6	DN_NC_086017.1_33716761_5	6	5	5	0	0	0	0.0	0.0	0.0	0	3	0	0	0	0	0
DN_NC_086017.1_47078826_3	DN_NC_086018.1_22567705_3	3	3	3	0	0	0	0.0	0.0	0.0	0	2	0	0	0	0	0
DN_NC_086017.1_50382141_5	DN_NC_086017.1_50412575_3	5	5	5	2	2	2	0.4	0.8276	0.9206	0	5	2	2	2	1	1
DN_NC_086017.1_54457640_6	DN_NC_086017.1_54487757_3	6	3	3	0	0	0	0.0	0.0	0.0	0	2	0	0	0	0	0
DN_NC_086017.1_54457640_6	DN_NC_086017.1_54527845_6	6	6	6	0	0	0	0.0	0.0	0.0	0	4	3	1	0	0	0
DN_NC_086017.1_54487757_3	DN_NC_086017.1_54527845_6	3	6	3	0	0	0	0.0	0.0	0.0	0	3	0	0	0	0	0
DN_NC_086017.1_56236992_2	DN_NC_086017.1_56254132_2	2	2	2	0	0	0	0.0	0.0	0.0	0	1	0	0	0	0	0
DN_NC_086017.1_58271357_16	DN_NC_086018.1_48324966_37	16	37	16	6	6	6	0.375	0.7499	0.8	0	16	14	9	6	2	1
DN_NC_086017.1_60157910_4	DN_NC_086017.1_60161487_2	4	2	2	1	1	1	0.5	1.0	1.0	1	2	1	1	1	1	1
DN_NC_086018.1_16134008_5	DN_NC_086018.1_18552717_3	5	3	3	0	0	0	0.0	0.0	0.0	0	2	0	0	0	0	0
DN_NC_086018.1_16346801_5	DN_NC_086018.1_17748702_5	5	5	5	4	4	4	0.8	0.9623	0.99	0	4	4	4	4	4	4
DN_NC_086018.1_17871480_5	DN_NC_086018.1_18821463_5	5	5	5	4	4	4	0.8	0.9904	0.9921	0	4	4	4	4	4	4
DN_NC_086018.1_18253436_31	DN_NC_086018.1_19032395_10	31	10	10	9	9	9	0.9	0.9831	0.9937	0	9	9	9	9	9	9
DN_NC_086018.1_18646417_6	DN_NC_086018.1_20765108_15	6	15	6	4	4	4	0.6667	0.9794	0.9925	0	6	4	4	4	4	4
DN_NC_086018.1_18646417_6	DN_NC_086018.1_22166696_9	6	7	6	4	4	4	0.6667	0.9721	0.9851	0	4	4	4	4	4	4
DN_NC_086018.1_18646417_6	DN_NC_086018.1_22406144_7	6	7	6	4	4	4	0.6667	0.9661	0.9784	0	5	4	4	4	4	4
DN_NC_086018.1_19196747_2	DN_NC_086018.1_19202967_5	2	5	2	0	0	0	0.0	0.0	0.0	0	1	0	0	0	0	0
DN_NC_086018.1_19935965_4	DN_NC_086018.1_21140998_4	4	4	4	1	1	1	0.25	0.8385	0.8385	1	2	1	1	1	1	1
DN_NC_086018.1_19935965_4	DN_NC_086018.1_23370474_4	4	4	4	1	1	1	0.25	0.8568	0.8568	1	2	1	1	1	1	1
DN_NC_086018.1_19995243_3	DN_NC_086018.1_20024455_2	3	2	2	0	0	0	0.0	0.0	0.0	0	0	0	0	0	0	0
DN_NC_086018.1_20765108_15	DN_NC_086018.1_22166696_9	15	7	7	6	6	6	0.8571	0.9568	0.9928	0	7	6	6	6	6	6
DN_NC_086018.1_20765108_15	DN_NC_086018.1_22406144_7	15	7	7	6	6	6	0.8571	0.9448	0.9928	0	7	6	6	6	6	6
DN_NC_086018.1_21140998_4	DN_NC_086018.1_23370474_4	4	4	4	1	1	1	0.25	0.9181	0.9181	1	3	1	1	1	1	1
DN_NC_086018.1_22166696_9	DN_NC_086018.1_22406144_7	7	7	7	7	7	7	1.0	0.9826	0.993	0	7	7	7	7	7	7
DN_NC_086018.1_24502908_7	DN_NC_086018.1_24509591_14	7	14	7	0	0	0	0.0	0.0	0.0	0	5	1	1	0	0	0
DN_NC_086018.1_27470342_2	DN_NC_086018.1_30368542_3	2	3	2	0	0	0	0.0	0.0	0.0	0	1	1	0	0	0	0
DN_NC_086018.1_34137538_4	DN_NC_086018.1_34186611_4	4	4	4	1	1	1	0.25	0.881	0.881	1	2	2	2	1	1	1
DN_NC_086018.1_34137538_4	DN_NC_086018.1_34223461_5	4	5	4	1	1	1	0.25	0.8068	0.8068	1	4	4	3	1	1	1
DN_NC_086018.1_36987543_6	DN_NC_086018.1_37016890_4	6	4	4	2	2	3	0.75	0.8338	0.9283	0	3	3	3	2	2	2
DN_NC_086018.1_36987543_6	DN_NC_086018.1_37043543_7	6	7	6	6	6	6	1.0	0.9193	0.9872	0	6	6	6	6	6	5
DN_NC_086018.1_37016890_4	DN_NC_086018.1_37043543_7	4	7	4	2	2	3	0.75	0.8416	0.9355	0	4	4	4	2	2	2
DN_NC_086018.1_39469630_18	DN_NC_086018.1_39525778_6	18	6	6	0	0	0	0.0	0.0	0.0	0	4	1	0	0	0	0
DN_NC_086018.1_40516247_7	DN_NC_086018.1_40570429_6	7	6	6	5	5	5	0.8333	0.9734	1.0	0	5	5	5	5	5	5
DN_NC_086018.1_48564680_20	DN_NC_086018.1_48579325_2	20	2	2	1	1	1	0.5	1.0	1.0	1	2	1	1	1	1	1
