gene_a	gene_b	cls	in_ep	core	bridge_dn_a	bridge_dn_b	mask_a	mask_b	bridge_mask
ABCA10	ABCA8	truthbar	1	0.1809	DN_NC_073228.2_22763468_38	DN_NC_073228.2_23038330_39	0.1032	0.0995	0.1032
ABCA10	ABCA9	truthbar	1	0.3553	DN_NC_073228.2_22763468_38	DN_NC_073228.2_22930246_39	0.1032	0.1887	0.1887
ABCA13	ITSN1	genuine	0	0.1409	DN_NC_073230.2_56036026_15	DN_NC_073246.2_35769268_8	0.2345	0.2124	0.2345
ABCA13	LOC101150644	genuine	0	0.1360	DN_NC_073230.2_56036026_15	DN_NC_073233.2_11450665_3	0.2345	0.3132	0.3132
ABCA13	LOC129532904	genuine	0	0.1346	DN_NC_073227.2_36265860_3	DN_NC_073230.2_56036026_15	0.3216	0.2345	0.3216
ABCA8	ABCA9	truthbar	1	0.4182	DN_NC_073228.2_22930246_39	DN_NC_073228.2_23038330_39	0.1887	0.0995	0.1887
ABCD1	LOC129526391	TP	0	0.4426	DN_NC_073236.2_25270756_7	DN_NC_073247.2_165410205_10	0.0245	0.0445	0.0445
ABCD1	LOC129526471	TP	0	0.3255	DN_NC_073236.2_22701854_7	DN_NC_073247.2_165410205_10	0.0268	0.0445	0.0445
ABCD1	LOC129531453	TP	0	0.3224	DN_NC_073240.2_15970659_7	DN_NC_073247.2_165410205_10	0.0223	0.0445	0.0445
ABITRAM	CTNNAL1	genuine	0	0.7593	DN_NC_073237.2_105179643_6	DN_NC_073237.2_105184979_19	0.1638	0.1334	0.1638
ACAD10	SBK3	genuine	0						
ACADL	C3H4orf36	genuine	0	0.2241	DN_NC_073227.2_107202270_4	DN_NC_073235.2_112807340_11	0.3974	0.3029	0.3974
ACADL	C9H11orf65	genuine	0						
ACADL	CCDC152	genuine	0						
ACADL	COPS9	genuine	0						
ACADL	DCAF16	genuine	0						
ACADL	GIMAP4	genuine	0						
ACADL	KLHL33	genuine	0						
ACADL	LIPA	genuine	0						
ACADL	LOC101126025	genuine	0						
ACADL	LOC101143448	genuine	0						
ACADL	LOC101145464	genuine	0						
ACADL	LOC109023154	genuine	0						
ACADL	LOC109024560	genuine	0						
ACADL	LOC109025730	genuine	0						
ACADL	LOC109028669	genuine	0						
ACADL	LOC129530096	genuine	0						
ACADL	LOC129530131	genuine	0						
ACADL	LOC129533438	genuine	0						
ACADL	LOC134756589	genuine	0						
ACADL	LRFN5	genuine	0						
ACADL	MINPP1	genuine	0						
ACADL	MMP24OS	genuine	0						
ACADL	NCALD	genuine	0						
ACADL	NCR3LG1	genuine	0						
ACADL	NFXL1	genuine	0						
ACADL	OXCT1	genuine	0						
ACADL	PDCD5	genuine	0						
ACADL	SELENOP	genuine	0						
ACADL	SEM1	genuine	0						
ACADL	SMYD3	genuine	0						
ACADL	SPATA33	genuine	0						
ACADL	SPC25	genuine	0	0.1610	DN_NC_073235.2_112807340_11	DN_NC_073235.2_71373985_7	0.3029	0.4132	0.4132
ACADL	THNSL1	genuine	0						
ACADL	TMEM38B	genuine	0						
ACADL	TSPAN8	genuine	0						
ACADL	UCHL1	genuine	0						
ACAT2	TCP1	genuine	0	0.1573	DN_NC_073229.2_183992530_9	DN_NC_073229.2_184008587_12	0.0635	0.0449	0.0635
ACO2	POLR3H	genuine	0	0.2132	DN_NC_086018.1_39469630_18	DN_NC_086018.1_39525778_6	0.0728	0.0518	0.0728
ACOT4	ACOT6	truthbar	1						
ACOT4	CDKN2AIPNL	genuine	0						
ACOT6	CDKN2AIPNL	genuine	0	0.1320	DN_NC_073228.2_138307166_3	DN_NC_073239.2_90471291_2	0.4691	0.2657	0.4691
ACOT9	LOC129525165	genuine	0	0.1880	DN_NC_073232.2_145623155_3	DN_NC_073247.2_34199522_16	0.2373	0.2501	0.2501
ACOT9	SLC35F6	genuine	0						
ACP1	ALKAL2	genuine	0	0.8616	DN_NC_073236.2_139618373_5	DN_NC_073236.2_139624268_6	0.1440	0.1211	0.1440
ACSBG1	IDH3A	TP	0	0.5137	DN_NC_073240.2_79048326_11	DN_NC_073240.2_79068535_14	0.0698	0.0605	0.0698
ACSL3	ACSL4	truthbar	1	0.1790	DN_NC_073235.2_125539339_16	DN_NC_073247.2_121395319_16	0.1388	0.1322	0.1388
ACSM1	LOC129528956	genuine	0	0.1515	DN_NC_073242.2_20304889_2	DN_NC_073244.2_28133171_2	0.1629	0.1964	0.1964
ACSM1	LOC134757664	genuine	0						
ACTA2	ACTB	truthbar	1	0.6390	DN_NC_073230.2_12962256_6	DN_NC_073232.2_101260375_9	0.1127	0.0404	0.1127
ACTA2	ACTG1	truthbar	1	0.6350	DN_NC_073228.2_10434405_6	DN_NC_073232.2_101260375_9	0.0385	0.0404	0.0404
ACTB	ACTG1	TP	1	0.5384	DN_NC_073228.2_10434405_6	DN_NC_073230.2_12962256_6	0.0385	0.1127	0.1127
ACTL6A	MRPL47	genuine	0	0.4282	DN_NC_086017.1_190656695_14	DN_NC_086017.1_190680196_7	0.1383	0.2165	0.2165
ACTN1	ACTN3	truthbar	1	0.3588	DN_NC_073233.2_74467231_21	DN_NC_073239.2_85769342_21	0.0168	0.0866	0.0866
ACTN1	ACTN4	truthbar	1	0.6757	DN_NC_073239.2_85769342_21	DN_NC_073244.2_50412691_21	0.0866	0.0805	0.0866
ACTN3	ACTN4	truthbar	1	0.7921	DN_NC_073233.2_74467231_21	DN_NC_073244.2_50412691_21	0.0168	0.0805	0.0805
ADA	PKIG	genuine	0	0.2136	DN_NC_073245.2_56763975_4	DN_NC_073245.2_56852545_12	0.0430	0.0315	0.0430
ADAM29	LOC101154164	truthbar	1	0.3251	DN_NC_073227.2_195911333_4	DN_NC_073239.2_87316371_2	0.0665	0.0710	0.0710
ADAT1	LOC109026802	genuine	0	0.2491	DN_NC_073228.2_185199640_2	DN_NC_073242.2_106088342_11	0.4280	0.3729	0.4280
ADAT1	SMIM15	genuine	0						
ADGRF5	LOC109023105	genuine	0	0.2208	DN_NC_073229.2_64639535_22	DN_NC_073238.2_32078126_7	0.0714	0.1398	0.1398
ADH1B	LOC101136823	TP	1	0.3518	DN_NC_073227.2_119617950_9	DN_NC_073227.2_119647764_9	0.2359	0.1016	0.2359
ADORA1	CHIT1	genuine	0	0.4714	DN_NC_073224.2_53524414_11	DN_NC_073224.2_53535059_3	0.0195	0.0387	0.0387
AFG3L2	TUBB6	genuine	0	0.2395	DN_NC_073241.2_37890028_17	DN_NC_073241.2_37935842_4	0.0760	0.3383	0.3383
AK6	TAF9B	genuine	0	0.3182	DN_NC_073243.2_40875168_3	DN_NC_073247.2_89808941_7	0.0552	0.1683	0.1683
AKR1B10	LOC115935241	TP	1	0.4206	DN_NC_073230.2_143596666_10	DN_NC_073230.2_143617302_10	0.3018	0.0738	0.3018
AKR1C3	LOC129525965	genuine	0						
AKR1C3	LOC129532059	genuine	0						
AKR1C3	LOC129532348	genuine	0						
AKR1C3	PASD1	genuine	0						
AKR1C3	RTP4	genuine	0						
AKR7A2	LOC115933748	TP	1	0.7366	DN_NC_073224.2_220588830_7	DN_NC_073224.2_220611411_7	0.0305	0.2469	0.2469
AKT1	AKT2	truthbar	1	0.2018	DN_NC_073239.2_121772610_13	DN_NC_073244.2_51984253_14	0.0666	0.1000	0.1000
AKTIP	RBL2	genuine	0	0.3117	DN_NC_073242.2_82507839_22	DN_NC_073242.2_82560306_10	0.0990	0.2095	0.2095
ALB	AVEN	genuine	0	0.1543	DN_NC_073227.2_93560991_18	DN_NC_073240.2_34703303_6	0.1899	0.3271	0.3271
ALDH1B1	ALDH2	truthbar	1	0.4238	DN_NC_073234.2_127179897_13	DN_NC_073237.2_24562366_2	0.1566	0.1689	0.1689
ALDH1B1	LOC115935842	TP	1	0.3444	DN_NC_073236.2_32676987_2	DN_NC_073237.2_24562366_2	0.1603	0.1689	0.1689
ALDH1B1	LOC129524687	TP	1	0.8829	DN_NC_073237.2_24562360_2	DN_NC_073237.2_31692944_2	0.1663	0.1547	0.1663
ALDH1L1	ALDH1L2	truthbar	1	0.5237	DN_NC_073234.2_120456173_23	DN_NC_086017.1_136950625_23	0.0436	0.0043	0.0436
ALDH2	LOC115935842	truthbar	1						
ALDH2	LOC129524687	truthbar	1	0.2743	DN_NC_073234.2_127179897_13	DN_NC_073237.2_31692944_2	0.1566	0.1547	0.1566
ALG1	EEF2KMT	genuine	0						
ALG1	LOC101125415	genuine	0						
ALG1	LOC101133440	genuine	0						
ALG1	LOC101137806	genuine	0						
ALG1	LOC101139163	genuine	0	0.1538	DN_NC_073242.2_8725127_13	DN_NC_086017.1_141278779_5	0.0363	0.0477	0.0477
ALG1	LOC101152938	genuine	0	0.1724	DN_NC_073233.2_75718276_6	DN_NC_073242.2_8725127_13	0.0604	0.0363	0.0604
ALG1	LOC115934341	genuine	0						
ALG10	ALG10B	TP	1	0.5702	DN_NC_073234.2_62953363_3	DN_NC_073234.2_67151860_3	0.2850	0.2430	0.2850
ALG1L1P	LOC101127338	genuine	0	0.6561	DN_NC_086017.1_134833806_5	DN_NC_086017.1_136815000_6	0.0498	0.0020	0.0498
AMN1	ETFBKMT	genuine	0	0.6472	DN_NC_073234.2_69501458_7	DN_NC_073234.2_69557459_4	0.1214	0.3050	0.3050
AMPD2	AMPD3	truthbar	1	0.1647	DN_NC_073224.2_130449319_18	DN_NC_073233.2_16844162_15	0.0386	0.0587	0.0587
AMY2A	KRBOX5	genuine	0						
AMY2A	LOC101123988	genuine	0						
AMY2A	LOC101124778	genuine	0						
AMY2A	LOC101126065	genuine	0						
AMY2A	LOC101128106	genuine	0						
AMY2A	LOC101128844	genuine	0						
AMY2A	LOC101129171	genuine	0						
AMY2A	LOC101130023	genuine	0						
AMY2A	LOC101133546	genuine	0						
AMY2A	LOC101133668	genuine	0						
AMY2A	LOC101136009	genuine	0						
AMY2A	LOC101137462	genuine	0						
AMY2A	LOC101141027	genuine	0						
AMY2A	LOC101142646	genuine	0						
AMY2A	LOC101144119	genuine	0						
AMY2A	LOC101144471	genuine	0						
AMY2A	LOC101144838	genuine	0						
AMY2A	LOC101145945	genuine	0						
AMY2A	LOC101146634	genuine	0						
AMY2A	LOC101147715	genuine	0						
AMY2A	LOC101150965	genuine	0						
AMY2A	LOC101151892	genuine	0						
AMY2A	LOC101152401	genuine	0						
AMY2A	LOC101153126	genuine	0						
AMY2A	LOC101153131	genuine	0						
AMY2A	LOC109024216	genuine	0						
AMY2A	LOC109026610	genuine	0						
AMY2A	LOC115930172	genuine	0						
AMY2A	LOC115931567	genuine	0						
AMY2A	LOC115931568	genuine	0						
AMY2A	LOC115931576	genuine	0						
AMY2A	LOC115931654	genuine	0						
AMY2A	LOC115931857	genuine	0						
AMY2A	LOC129527827	genuine	0						
AMY2A	LOC129528947	genuine	0						
AMY2A	OSBPL10	genuine	0						
AMY2A	ZNF141	genuine	0						
AMY2A	ZNF195	genuine	0						
AMY2A	ZNF254	genuine	0						
AMY2A	ZNF267	genuine	0						
AMY2A	ZNF273	genuine	0						
AMY2A	ZNF28	genuine	0						
AMY2A	ZNF347	genuine	0						
AMY2A	ZNF415	genuine	0						
AMY2A	ZNF429	genuine	0						
AMY2A	ZNF43	genuine	0						
AMY2A	ZNF430	genuine	0						
AMY2A	ZNF468	genuine	0						
AMY2A	ZNF480	genuine	0						
AMY2A	ZNF486	genuine	0						
AMY2A	ZNF506	genuine	0						
AMY2A	ZNF519	genuine	0						
AMY2A	ZNF528	genuine	0						
AMY2A	ZNF578	genuine	0						
AMY2A	ZNF595	genuine	0						
AMY2A	ZNF600	genuine	0						
AMY2A	ZNF611	genuine	0						
AMY2A	ZNF616	genuine	0						
AMY2A	ZNF626	genuine	0						
AMY2A	ZNF655	genuine	0						
AMY2A	ZNF675	genuine	0						
AMY2A	ZNF678	genuine	0						
AMY2A	ZNF680	genuine	0						
AMY2A	ZNF681	genuine	0						
AMY2A	ZNF682	genuine	0						
AMY2A	ZNF695	genuine	0						
AMY2A	ZNF701	genuine	0						
AMY2A	ZNF721	genuine	0						
AMY2A	ZNF723	genuine	0						
AMY2A	ZNF727	genuine	0						
AMY2A	ZNF736	genuine	0						
AMY2A	ZNF761	genuine	0						
AMY2A	ZNF766	genuine	0						
AMY2A	ZNF8	genuine	0						
AMY2A	ZNF808	genuine	0						
AMY2A	ZNF813	genuine	0						
AMY2A	ZNF83	genuine	0						
AMY2A	ZNF836	genuine	0						
AMY2A	ZNF841	genuine	0						
AMY2A	ZNF888	genuine	0	0.1698	DN_NC_073224.2_136262916_11	DN_NC_073244.2_64860608_4	0.1511	0.4244	0.4244
AMY2A	ZNF91	genuine	0						
AMY2A	ZNF92	genuine	0						
AMZ2	LOC101129405	genuine	0	0.1651	DN_NC_073228.2_23742950_7	DN_NC_073228.2_27022347_6	0.0752	0.0778	0.0778
ANKRD18A	ANKRD18B	TP	1	0.2528	DN_NC_073237.2_24387014_11	DN_NC_073237.2_31481917_11	0.1510	0.1933	0.1933
ANKRD18A	FOXO1	genuine	0						
ANKRD18A	LOC101142783	TP	1	0.3383	DN_NC_073237.2_24387014_11	DN_NC_073237.2_29418618_13	0.1510	0.1295	0.1510
ANKRD18A	LOC101147259	TP	1						
ANKRD18A	LOC115933254	TP	1	0.2170	DN_NC_073236.2_32935295_3	DN_NC_073237.2_24387014_11	0.0838	0.1510	0.1510
ANKRD18A	LOC129524732	genuine	0						
ANKRD18B	FOXO1	genuine	0						
ANKRD18B	LOC101142783	TP	1	0.5768	DN_NC_073237.2_29418618_13	DN_NC_073237.2_31481917_11	0.1295	0.1933	0.1933
ANKRD18B	LOC101147259	TP	1	0.2605	DN_NC_073237.2_31481917_11	DN_NC_073237.2_93516915_6	0.1933	0.2186	0.2186
ANKRD18B	LOC115933254	TP	1	0.5644	DN_NC_073236.2_32866582_11	DN_NC_073237.2_31481917_11	0.1595	0.1933	0.1933
ANKRD18B	LOC129524732	genuine	0						
ANKRD36C	ANKRD62	genuine	0						
ANKRD36C	LOC101125154	truthbar	1	0.1925	DN_NC_073236.2_33699714_3	DN_NC_073236.2_35163364_4	0.5403	0.5830	0.5830
ANKRD36C	LOC109025523	TP	1	0.5033	DN_NC_073236.2_33791336_41	DN_NC_073236.2_35320202_37	0.1204	0.1464	0.1464
ANKRD37	UFSP2	genuine	0	0.2174	DN_NC_073227.2_206378182_5	DN_NC_073227.2_206379213_12	0.0464	0.1900	0.1900
ANKRD6	LYRM2	genuine	0	0.6194	DN_NC_073229.2_113642543_16	DN_NC_073229.2_113787300_3	0.1408	0.2837	0.2837
ANKRD62	LOC109025523	genuine	0	0.2212	DN_NC_073236.2_35320202_37	DN_NC_073241.2_38130293_13	0.1464	0.1629	0.1629
ANO1	ANO2	truthbar	1	0.2128	DN_NC_073233.2_78027084_24	DN_NC_073234.2_21213540_25	0.0602	0.0331	0.0602
ANO1	DFFB	genuine	0						
ANO1	MTHFD2	genuine	0						
ANO1	MTHFD2L	genuine	0						
ANO1	PRKAR2A	genuine	0	0.1371	DN_NC_073233.2_78071205_2	DN_NC_086017.1_58705155_2	0.2901	0.6819	0.6819
ANO1	PRKAR2B	genuine	0						
AP1B1	AP2B1	truthbar	1	0.4286	DN_NC_073228.2_57285795_22	DN_NC_086018.1_27357888_21	0.0566	0.0312	0.0566
AP1M1	AP1M2	truthbar	1	0.3873	DN_NC_073244.2_16606086_12	DN_NC_073244.2_22635247_12	0.0633	0.0463	0.0633
AP1S2	BDP1	genuine	0	0.2271	DN_NC_073243.2_40339828_3	DN_NC_073247.2_26298821_5	0.2051	0.1709	0.2051
AP2A1	AP2A2	truthbar	1	0.2691	DN_NC_073233.2_7370930_22	DN_NC_073244.2_59973129_7	0.0276	0.2243	0.2243
APBA2	APBA3	truthbar	1	0.1630	DN_NC_073240.2_29886021_14	DN_NC_073244.2_9529410_11	0.0386	0.1298	0.1298
APOBEC3C	APOBEC3D	genuine	0	0.2709	DN_NC_086018.1_36987543_6	DN_NC_086018.1_37016890_4	0.3990	0.2651	0.3990
APOBEC3C	APOBEC3F	genuine	0	0.3030	DN_NC_086018.1_37016890_4	DN_NC_086018.1_37043543_7	0.2651	0.4450	0.4450
APOBEC3D	APOBEC3F	TP	1	0.3807	DN_NC_086018.1_36987543_6	DN_NC_086018.1_37043543_7	0.3990	0.4450	0.4450
APOL2	APOL3	truthbar	1	0.3708	DN_NC_086018.1_34137538_4	DN_NC_086018.1_34223461_5	0.0792	0.1408	0.1408
APOL2	APOL4	truthbar	1						
APOL2	LOC109024811	genuine	0						
APOL2	LOC115934372	genuine	0						
APOL2	LOC129526178	genuine	0						
APOL2	LOC129527096	genuine	0						
APOL2	PP2D1	genuine	0						
APOL2	RAB5A	genuine	0						
APOL3	APOL4	truthbar	1	0.2863	DN_NC_086018.1_34137538_4	DN_NC_086018.1_34186611_4	0.0792	0.3524	0.3524
APOL3	LOC109024811	genuine	0						
APOL3	LOC115934372	genuine	0						
APOL3	LOC129526178	genuine	0						
APOL3	LOC129527096	genuine	0						
APOL3	PP2D1	genuine	0						
APOL3	RAB5A	genuine	0						
APOL4	LOC109024811	genuine	0						
APOL4	LOC115934372	genuine	0						
APOL4	LOC129526178	genuine	0						
APOL4	LOC129527096	genuine	0	0.2801	DN_NC_073240.2_41396094_2	DN_NC_086018.1_34186611_4	0.8061	0.3524	0.8061
APOL4	PP2D1	genuine	0						
APOL4	RAB5A	genuine	0						
ARFGEF1	ARFGEF2	truthbar	1	0.2362	DN_NC_073231.2_53153474_12	DN_NC_073245.2_61178675_39	0.1039	0.0922	0.1039
ARHGEF39	CCDC107	genuine	0	0.4694	DN_NC_073237.2_27307884_9	DN_NC_073237.2_27311993_5	0.1613	0.0475	0.1613
ARHGEF4	SPATA13	genuine	0	0.2424	DN_NC_073235.2_32368514_11	DN_NC_073238.2_38585508_10	0.0484	0.1325	0.1325
ARID1A	ARID1B	truthbar	1	0.2719	DN_NC_073224.2_213161178_3	DN_NC_073229.2_181371301_3	0.1197	0.1602	0.1602
ARL17A	LOC101128092	genuine	0						
ARL17A	LOC101135168	genuine	0	0.5577	DN_NC_073228.2_45686814_4	DN_NC_073228.2_45710800_6	0.0831	0.0627	0.0831
ARL17A	LOC115933002	genuine	0						
ARL17A	LOC115934626	genuine	0	0.4194	DN_NC_073228.2_45686814_4	DN_NC_073228.2_45948292_6	0.0831	0.1392	0.1392
ARL17A	LOC115934680	genuine	0						
ARL17A	LRRC37A3	genuine	0						
ARRB1	ARRB2	truthbar	1	0.5264	DN_NC_073233.2_83154693_15	DN_NC_073243.2_19834097_15	0.0650	0.0645	0.0650
ASB6	NTMT1	TP	0	0.7080	DN_NC_073237.2_126021216_4	DN_NC_073237.2_126029688_6	0.3435	0.1574	0.3435
ASNS	LOC129531864	genuine	0	0.2269	DN_NC_073230.2_90977223_13	DN_NC_073236.2_31570340_7	0.0322	0.3205	0.3205
ASNS	LOC129531867	genuine	0						
ATP12A	ATP1A1	truthbar	1						
ATP12A	ATP1A2	truthbar	1	0.2964	DN_NC_073224.2_96681549_23	DN_NC_073238.2_38964005_23	0.0789	0.0468	0.0789
ATP12A	ATP1A3	truthbar	1	0.5263	DN_NC_073238.2_38964005_23	DN_NC_073244.2_53573424_23	0.0468	0.0417	0.0468
ATP1A1	ATP1A2	truthbar	1	0.5176	DN_NC_073224.2_120787661_19	DN_NC_073224.2_96681549_23	0.0491	0.0789	0.0789
ATP1A1	ATP1A3	truthbar	1	0.8895	DN_NC_073224.2_120787661_19	DN_NC_073244.2_53573424_23	0.0491	0.0417	0.0491
ATP1A2	ATP1A3	truthbar	1	0.4359	DN_NC_073224.2_96681549_23	DN_NC_073244.2_53573424_23	0.0789	0.0417	0.0789
ATP2A1	ATP2A2	truthbar	1	0.4375	DN_NC_073234.2_125738330_13	DN_NC_073242.2_29733807_20	0.0795	0.0363	0.0795
ATP2B3	ATP2B4	truthbar	1	0.3204	DN_NC_073224.2_53012398_21	DN_NC_073247.2_165220768_21	0.0660	0.0348	0.0660
ATP5ME	PDE6B	genuine	0	0.2016	DN_NC_073227.2_9231816_7	DN_NC_073227.2_9238554_4	0.2942	0.2339	0.2942
ATP6V0A2	TCIRG1	truthbar	1	0.1467	DN_NC_073233.2_75965332_20	DN_NC_073234.2_139148650_20	0.0291	0.1554	0.1554
ATP6V1C2	PDIA6	TP	0	0.3828	DN_NC_073236.2_129103377_13	DN_NC_073236.2_129129305_10	0.2220	0.1221	0.2220
ATP9A	ATP9B	truthbar	1	0.3714	DN_NC_073241.2_108384307_29	DN_NC_073245.2_63862966_28	0.0501	0.1002	0.1002
ATPSCKMT	CAB39L	genuine	0						
ATPSCKMT	LOC101133249	genuine	0	0.1790	DN_NC_073227.2_16860393_3	DN_NC_073243.2_101845354_5	0.6879	0.5295	0.6879
ATPSCKMT	LOC109024404	genuine	0						
ATPSCKMT	LOC109026441	genuine	0						
ATPSCKMT	MCFD2	genuine	0						
AUNIP	MTFR1L	genuine	0	0.7245	DN_NC_073224.2_214075309_3	DN_NC_073224.2_214095871_7	0.2668	0.2956	0.2956
B3GAT2	SMAP1	genuine	0	0.4622	DN_NC_073229.2_94771458_11	DN_NC_073229.2_94961202_4	0.0789	0.0914	0.0914
B3GNTL1	TBCD	genuine	0	0.5383	DN_NC_073228.2_8941710_13	DN_NC_073228.2_9043620_39	0.0223	0.0314	0.0314
BBIP1	PDCD4	genuine	0	0.6716	DN_NC_073232.2_123144734_12	DN_NC_073232.2_123171879_4	0.2000	0.2595	0.2595
BCR	LOC101132434	TP	0	0.3002	DN_NC_086018.1_18646417_6	DN_NC_086018.1_20765108_15	0.0508	0.0684	0.0684
BCR	LOC101135843	TP	0	0.2560	DN_NC_086018.1_20765108_15	DN_NC_086018.1_22406144_7	0.0684	0.0671	0.0684
BCR	LOC115932815	TP	0	0.2679	DN_NC_086018.1_20765108_15	DN_NC_086018.1_22166696_9	0.0684	0.0584	0.0684
BEX1	BEX2	truthbar	1	0.3416	DN_NC_073247.2_114842677_3	DN_NC_073247.2_115094764_3	0.0277	0.0333	0.0333
BEX3	BEX5	truthbar	1	0.1691	DN_NC_073247.2_113936318_3	DN_NC_073247.2_115162367_2	0.0662	0.0936	0.0936
BEX3	NXF3	genuine	0	0.1391	DN_NC_073247.2_114994295_3	DN_NC_073247.2_115162367_2	0.1420	0.0936	0.1420
BEX5	NXF3	genuine	0						
BFAR	LOC101150079	TP	1	0.6357	DN_NC_073242.2_32258496_8	DN_NC_073242.2_32495201_8	0.1754	0.1901	0.1901
BIRC2	BIRC3	truthbar	1	0.2775	DN_NC_073233.2_110213303_8	DN_NC_073233.2_110238282_9	0.1944	0.0966	0.1944
BLID	LOC101154388	genuine	0	0.8713	DN_NC_073233.2_130017597_2	DN_NC_073233.2_130017597_4	0.2029	0.1491	0.2029
BLK	HCK	truthbar	1	0.1480	DN_NC_073231.2_12364354_11	DN_NC_073245.2_44289870_13	0.0201	0.0364	0.0364
BLK	LCK	truthbar	1						
BLNK	ZNF518A	genuine	0	0.9746	DN_NC_073232.2_108425417_2	DN_NC_073232.2_108425608_2	0.0940	0.1005	0.1005
BLOC1S6	HMGN2	genuine	0	0.1527	DN_NC_073224.2_213462039_6	DN_NC_073240.2_46341896_2	0.1189	0.1013	0.1189
BLOC1S6	LOC129533754	genuine	0						
BMAL1	BTBD10	genuine	0	0.5174	DN_NC_073233.2_19708960_19	DN_NC_073233.2_19815473_9	0.1033	0.1118	0.1118
BMS1	EXOC3L2	genuine	0						
BMS1	LOC101132325	genuine	0						
BMS1	LOC101136036	genuine	0						
BMS1	LOC101143777	genuine	0	0.1317	DN_NC_073232.2_42022900_16	DN_NC_073232.2_72618921_23	0.0983	0.1926	0.1926
BMS1	LOC101148457	genuine	0	0.1545	DN_NC_073232.2_72618921_23	DN_NC_086018.1_19844955_6	0.1926	0.5974	0.5974
BMS1	LOC109025592	genuine	0						
BMS1	LOC115933090	genuine	0						
BMS1	LOC129524676	genuine	0	0.1696	DN_NC_073232.2_72618921_23	DN_NC_073237.2_22957046_5	0.1926	0.2889	0.2889
BMS1	LOC129525008	genuine	0						
BMS1	LOC129526479	genuine	0	0.1652	DN_NC_073232.2_72618921_23	DN_NC_073238.2_29552503_8	0.1926	0.4889	0.4889
BMS1	LOC134756761	genuine	0	0.1712	DN_NC_073232.2_72618921_23	DN_NC_073236.2_30994185_5	0.1926	0.2807	0.2807
BMS1	MKRN1	genuine	0						
BMS1	TIMM23B	genuine	0						
BMS1	TOR3A	genuine	0						
BMS1	TRAF5	genuine	0						
BRD1	BRPF1	truthbar	1	0.1857	DN_NC_086017.1_19569853_12	DN_NC_086018.1_47820238_12	0.0380	0.0471	0.0471
BRD3	BRD4	genuine	0	0.2222	DN_NC_073237.2_130396115_12	DN_NC_073244.2_21687258_9	0.1488	0.0532	0.1488
BRICD5	MLST8	genuine	0	0.2247	DN_NC_073242.2_5822452_9	DN_NC_073242.2_5827060_6	0.0857	0.0466	0.0857
BTN1A1	BTN2A1	truthbar	1						
BTN1A1	BTN2A2	truthbar	1	0.1411	DN_NC_073229.2_44058305_8	DN_NC_073229.2_44179535_6	0.1799	0.0195	0.1799
BTN2A1	BTN2A2	TP	1	0.2455	DN_NC_073229.2_44058305_8	DN_NC_073229.2_44135507_8	0.1799	0.1164	0.1799
BTN3A1	LOC101147830	truthbar	1	0.3390	DN_NC_073229.2_44079934_10	DN_NC_073229.2_44118209_11	0.1404	0.0990	0.1404
BTRC	FBXW11	truthbar	1	0.2124	DN_NC_073228.2_175667319_12	DN_NC_073232.2_113619502_15	0.1088	0.0772	0.1088
BUD31	PTCD1	genuine	0	0.2119	DN_NC_073230.2_89389986_8	DN_NC_073230.2_89408091_6	0.1863	0.0316	0.1863
C10H12orf56	OOEP	genuine	0	0.1816	DN_NC_073229.2_97456874_3	DN_NC_073234.2_36991193_12	0.0673	0.0718	0.0718
C1H1orf146	GLMN	genuine	0	0.5228	DN_NC_073224.2_147663563_19	DN_NC_073224.2_147715668_5	0.1671	0.3287	0.3287
C1H1orf56	CDC42SE1	genuine	0	0.5756	DN_NC_073224.2_105776266_5	DN_NC_073224.2_105784199_2	0.1259	0.0904	0.1259
C3H4orf36	C9H11orf65	genuine	0						
C3H4orf36	CCDC152	genuine	0						
C3H4orf36	COPS9	genuine	0						
C3H4orf36	DCAF16	genuine	0						
C3H4orf36	GIMAP4	genuine	0						
C3H4orf36	KLHL33	genuine	0						
C3H4orf36	LIPA	genuine	0						
C3H4orf36	LOC101126025	genuine	0						
C3H4orf36	LOC101143448	genuine	0	0.1523	DN_NC_073227.2_107202270_4	DN_NC_073240.2_21986088_4	0.3974	0.2448	0.3974
C3H4orf36	LOC101145464	genuine	0						
C3H4orf36	LOC109023154	genuine	0						
C3H4orf36	LOC109024560	genuine	0						
C3H4orf36	LOC109025730	genuine	0	0.1370	DN_NC_073224.2_123525276_5	DN_NC_073227.2_107202270_4	0.4684	0.3974	0.4684
C3H4orf36	LOC109028669	genuine	0						
C3H4orf36	LOC129530096	genuine	0						
C3H4orf36	LOC129530131	genuine	0						
C3H4orf36	LOC129533438	genuine	0	0.2038	DN_NC_073224.2_219630924_4	DN_NC_073227.2_107202270_4	0.1855	0.3974	0.3974
C3H4orf36	LOC134756589	genuine	0						
C3H4orf36	LRFN5	genuine	0						
C3H4orf36	MINPP1	genuine	0	0.2167	DN_NC_073227.2_107202270_4	DN_NC_073232.2_99830035_5	0.3974	0.2283	0.3974
C3H4orf36	MMP24OS	genuine	0						
C3H4orf36	NCALD	genuine	0						
C3H4orf36	NCR3LG1	genuine	0						
C3H4orf36	NFXL1	genuine	0						
C3H4orf36	OXCT1	genuine	0						
C3H4orf36	PDCD5	genuine	0	0.1448	DN_NC_073227.2_107202270_4	DN_NC_073244.2_43610901_6	0.3974	0.4805	0.4805
C3H4orf36	SELENOP	genuine	0						
C3H4orf36	SEM1	genuine	0	0.2126	DN_NC_073227.2_107202270_4	DN_NC_073230.2_92132360_3	0.3974	0.3708	0.3974
C3H4orf36	SMYD3	genuine	0						
C3H4orf36	SPATA33	genuine	0						
C3H4orf36	SPC25	genuine	0	0.1654	DN_NC_073227.2_107202270_4	DN_NC_073235.2_71373985_7	0.3974	0.4132	0.4132
C3H4orf36	THNSL1	genuine	0						
C3H4orf36	TMEM38B	genuine	0						
C3H4orf36	TSPAN8	genuine	0						
C3H4orf36	UCHL1	genuine	0						
C4A	C4B	TP	1	0.9998	DN_NC_073229.2_49583451_41	DN_NC_073229.2_49609902_41	0.0106	0.0105	0.0106
C7H8orf33	LOC101124557	genuine	0						
C7H8orf33	LOC129527512	genuine	0	0.2129	DN_NC_073231.2_150893284_5	DN_NC_073242.2_6296327_3	0.2837	0.4614	0.4614
C7H8orf33	PPP1R15A	genuine	0						
C7H8orf33	SURF6	genuine	0						
C9H11orf65	CCDC152	genuine	0						
C9H11orf65	COPS9	genuine	0						
C9H11orf65	DCAF16	genuine	0						
C9H11orf65	GIMAP4	genuine	0						
C9H11orf65	KLHL33	genuine	0						
C9H11orf65	LIPA	genuine	0						
C9H11orf65	LOC101126025	genuine	0						
C9H11orf65	LOC101143448	genuine	0						
C9H11orf65	LOC101145464	genuine	0	0.1376	DN_NC_073233.2_116263271_8	DN_NC_073247.2_147586730_5	0.1996	0.4072	0.4072
C9H11orf65	LOC109023154	genuine	0	0.1467	DN_NC_073233.2_116263271_8	DN_NC_073239.2_123333523_2	0.1996	0.2548	0.2548
C9H11orf65	LOC109024560	genuine	0						
C9H11orf65	LOC109025730	genuine	0	0.2508	DN_NC_073224.2_123525276_5	DN_NC_073233.2_116263271_8	0.4684	0.1996	0.4684
C9H11orf65	LOC109028669	genuine	0						
C9H11orf65	LOC129530096	genuine	0						
C9H11orf65	LOC129530131	genuine	0						
C9H11orf65	LOC129533438	genuine	0						
C9H11orf65	LOC134756589	genuine	0						
C9H11orf65	LRFN5	genuine	0						
C9H11orf65	MINPP1	genuine	0						
C9H11orf65	MMP24OS	genuine	0						
C9H11orf65	NCALD	genuine	0						
C9H11orf65	NCR3LG1	genuine	0						
C9H11orf65	NFXL1	genuine	0						
C9H11orf65	OXCT1	genuine	0						
C9H11orf65	PDCD5	genuine	0	0.2665	DN_NC_073233.2_116263271_8	DN_NC_073244.2_43610901_6	0.1996	0.4805	0.4805
C9H11orf65	SELENOP	genuine	0						
C9H11orf65	SEM1	genuine	0						
C9H11orf65	SMYD3	genuine	0						
C9H11orf65	SPATA33	genuine	0						
C9H11orf65	SPC25	genuine	0	0.2449	DN_NC_073233.2_116263271_8	DN_NC_073235.2_71373985_7	0.1996	0.4132	0.4132
C9H11orf65	THNSL1	genuine	0						
C9H11orf65	TMEM38B	genuine	0						
C9H11orf65	TSPAN8	genuine	0						
C9H11orf65	UCHL1	genuine	0						
CAB39L	LOC101133249	genuine	0	0.1539	DN_NC_073227.2_16860393_3	DN_NC_073238.2_63928303_2	0.6879	0.6802	0.6879
CAB39L	LOC109024404	genuine	0						
CAB39L	LOC109026441	genuine	0						
CAB39L	MCFD2	genuine	0						
CACNB1	CACNB3	truthbar	1	0.2270	DN_NC_073228.2_53278878_13	DN_NC_073234.2_52495433_13	0.0662	0.0536	0.0662
CAMK1	CAMK1G	truthbar	1	0.2976	DN_NC_073224.2_47163026_13	DN_NC_086017.1_19588191_12	0.0358	0.0460	0.0460
CAMK2B	CAMK2D	truthbar	1						
CAMK2B	CAMK2G	truthbar	1	0.5365	DN_NC_073230.2_52044244_19	DN_NC_073232.2_41878762_20	0.0054	0.0606	0.0606
CAMK2D	CAMK2G	truthbar	1	0.2228	DN_NC_073227.2_133828574_18	DN_NC_073232.2_41878762_20	0.1387	0.0606	0.1387
CAND2	RPL32	genuine	0	0.4415	DN_NC_086017.1_22612673_15	DN_NC_086017.1_22648299_4	0.1092	0.1566	0.1566
CANX	HMGB3	genuine	0	0.4859	DN_NC_073228.2_183658467_2	DN_NC_073247.2_162650382_5	0.0781	0.1268	0.1268
CAPS2	LOC101126304	genuine	0						
CAPS2	LOC101150995	genuine	0						
CAPS2	LOC134756859	genuine	0						
CAPS2	LOC134759232	genuine	0						
CAPS2	RAPH1	genuine	0	0.1834	DN_NC_073234.2_90680832_2	DN_NC_073235.2_106111443_2	0.6441	0.7450	0.7450
CARD16	LOC101136563	genuine	0	0.1444	DN_NC_073233.2_112912081_9	DN_NC_073233.2_112925764_3	0.1985	0.2255	0.2255
CASP3	CGREF1	genuine	0	0.2026	DN_NC_073227.2_205610166_3	DN_NC_073236.2_112799498_6	0.3436	0.3148	0.3436
CASP3	GGCT	genuine	0						
CASP3	LOC134756666	genuine	0						
CASP3	OTULINL	genuine	0						
CBR1	CBR3	truthbar	1	0.8453	DN_NC_073246.2_37979530_3	DN_NC_073246.2_38044178_3	0.0517	0.0293	0.0517
CCDC144A	LOC101140864	genuine	0						
CCDC144A	LOC109026769	TP	1	0.3998	DN_NC_073228.2_79926211_12	DN_NC_073228.2_83434996_12	0.1248	0.1903	0.1903
CCDC152	COPS9	genuine	0						
CCDC152	DCAF16	genuine	0						
CCDC152	GIMAP4	genuine	0						
CCDC152	KLHL33	genuine	0						
CCDC152	LIPA	genuine	0						
CCDC152	LOC101126025	genuine	0						
CCDC152	LOC101143448	genuine	0						
CCDC152	LOC101145464	genuine	0						
CCDC152	LOC109023154	genuine	0						
CCDC152	LOC109024560	genuine	0						
CCDC152	LOC109025730	genuine	0						
CCDC152	LOC109028669	genuine	0						
CCDC152	LOC129530096	genuine	0						
CCDC152	LOC129530131	genuine	0						
CCDC152	LOC129533438	genuine	0						
CCDC152	LOC134756589	genuine	0						
CCDC152	LRFN5	genuine	0						
CCDC152	MINPP1	genuine	0						
CCDC152	MMP24OS	genuine	0						
CCDC152	NCALD	genuine	0						
CCDC152	NCR3LG1	genuine	0						
CCDC152	NFXL1	genuine	0						
CCDC152	OXCT1	genuine	0						
CCDC152	PDCD5	genuine	0						
CCDC152	SELENOP	TP	0	0.4776	DN_NC_073243.2_69046517_5	DN_NC_073243.2_69056468_9	0.2890	0.2140	0.2890
CCDC152	SEM1	genuine	0						
CCDC152	SMYD3	genuine	0						
CCDC152	SPATA33	genuine	0						
CCDC152	SPC25	genuine	0						
CCDC152	THNSL1	genuine	0						
CCDC152	TMEM38B	genuine	0						
CCDC152	TSPAN8	genuine	0						
CCDC152	UCHL1	genuine	0						
CCDC92	IL20RB	genuine	0	0.1788	DN_NC_073234.2_139370404_3	DN_NC_086017.1_148168205_5	0.1906	0.3988	0.3988
CCDC92	LOC115932679	genuine	0						
CCDC92	LOC129523854	genuine	0						
CCDC92	LOC129524788	genuine	0						
CCDC92	LOC129529528	genuine	0						
CCDC92	LOC129533004	genuine	0						
CCDC92	SLC37A2	genuine	0						
CCDC92	YAE1	genuine	0						
CCL8	LOC101134802	truthbar	1	0.4194	DN_NC_073228.2_58687413_3	DN_NC_073228.2_58745873_3	0.2468	0.1638	0.2468
CCNH	RASA1	genuine	0	0.6116	DN_NC_073228.2_91400267_25	DN_NC_073228.2_91522397_9	0.1484	0.1399	0.1484
CCPG1	LDLR	genuine	0	0.1432	DN_NC_073240.2_56108341_2	DN_NC_073244.2_17124484_18	0.4125	0.1791	0.4125
CCPG1	PRXL2A	genuine	0	0.2110	DN_NC_073232.2_92781991_6	DN_NC_073240.2_56108341_2	0.2375	0.4125	0.4125
CCR2	CCR5	truthbar	1	0.1500	DN_NC_086017.1_56236992_2	DN_NC_086017.1_56254132_2	0.0800	0.0840	0.0840
CCT6A	CCT6B	truthbar	1	0.4597	DN_NC_073228.2_58045766_15	DN_NC_073230.2_64231587_14	0.1594	0.1191	0.1594
CDK4	TSPAN31	genuine	0	0.5438	DN_NC_073234.2_43619064_8	DN_NC_073234.2_43623304_5	0.1766	0.2337	0.2337
CDR2	LOC101131923	genuine	0	0.3045	DN_NC_073242.2_21170576_8	DN_NC_073242.2_21650759_11	0.0394	0.0532	0.0532
CDR2	LOC101142371	genuine	0						
CDR2	RRN3	genuine	0						
CDRT4	TVP23B	TP	0	0.2413	DN_NC_073228.2_81446275_7	DN_NC_073243.2_30823221_7	0.2320	0.2745	0.2745
CENPP	IPPK	TP	0	0.8865	DN_NC_073237.2_89073528_3	DN_NC_073237.2_89075402_13	0.0444	0.0348	0.0444
CENPU	PRIMPOL	genuine	0	0.2158	DN_NC_073227.2_205644909_14	DN_NC_073227.2_205687695_12	0.0777	0.2080	0.2080
CEP192	LOC101137455	genuine	0						
CEP192	LOC129533419	genuine	0	0.1453	DN_NC_073228.2_182473921_9	DN_NC_073241.2_37141428_27	0.0845	0.0631	0.0845
CEP57	MTMR2	genuine	0	0.5439	DN_NC_073233.2_103702122_11	DN_NC_073233.2_103744968_15	0.1224	0.0974	0.1224
CEP76	PSMG2	genuine	0	0.3001	DN_NC_073241.2_37538314_7	DN_NC_073241.2_37560383_12	0.2151	0.2345	0.2345
CES1	LOC101128088	truthbar	1	0.1437	DN_NC_073242.2_84922514_14	DN_NC_073242.2_96161607_12	0.0401	0.1425	0.1425
CES1	LOC101128458	truthbar	1	0.1437	DN_NC_073242.2_84922514_14	DN_NC_073242.2_96060106_12	0.0401	0.0878	0.0878
CES1	LOC115931015	TP	1	0.7709	DN_NC_073242.2_84833963_14	DN_NC_073242.2_84922514_14	0.0398	0.0401	0.0401
CES1	LOC115931020	truthbar	1	0.1437	DN_NC_073242.2_84922514_14	DN_NC_073242.2_96073882_12	0.0401	0.2297	0.2297
CGREF1	GGCT	genuine	0	0.1310	DN_NC_073230.2_37931018_4	DN_NC_073236.2_112799498_6	0.2964	0.3148	0.3148
CGREF1	LOC134756666	genuine	0	0.2135	DN_NC_073235.2_94365284_2	DN_NC_073236.2_112799498_6	0.2383	0.3148	0.3148
CGREF1	OTULINL	genuine	0	0.1568	DN_NC_073236.2_112799498_6	DN_NC_073243.2_97413463_8	0.3148	0.2197	0.3148
CHD1	CHD2	truthbar	1	0.3211	DN_NC_073228.2_103031498_31	DN_NC_073240.2_94115085_33	0.1370	0.1180	0.1370
CHEK2	LOC101136352	genuine	0	0.2828	DN_NC_073240.2_23210840_6	DN_NC_086018.1_26719433_15	0.0859	0.0945	0.0945
CHEK2	LOC101152610	TP	0	0.2914	DN_NC_073240.2_21601841_7	DN_NC_086018.1_26719433_15	0.0635	0.0945	0.0945
CHEK2	LOC129527660	genuine	0	0.3387	DN_NC_073242.2_37476471_6	DN_NC_086018.1_26719433_15	0.1015	0.0945	0.1015
CHM	OPN3	genuine	0	0.2699	DN_NC_073224.2_13850922_2	DN_NC_073247.2_97674612_15	0.0788	0.1808	0.1808
CHRNA3	LOC101123674	genuine	0						
CHRNA3	PCCA	genuine	0	0.1533	DN_NC_073238.2_114796219_2	DN_NC_073240.2_79492690_6	0.3379	0.2626	0.3379
CHST6	TMEM231	genuine	0	0.5166	DN_NC_073242.2_105982851_4	DN_NC_073242.2_106027382_7	0.2246	0.1073	0.2246
CILP	CILP2	truthbar	1	0.1735	DN_NC_073240.2_65970509_9	DN_NC_073244.2_25986503_8	0.0316	0.0241	0.0316
CKB	CKM	truthbar	1	0.6256	DN_NC_073239.2_120499478_8	DN_NC_073244.2_56814281_4	0.0344	0.0033	0.0344
CKLF	GSTM2	genuine	0	0.1305	DN_NC_073224.2_130406472_4	DN_NC_073242.2_95678785_4	0.8909	0.3264	0.8909
CKLF	LOC101140579	genuine	0						
CKLF	LOC101148313	genuine	0						
CKLF	LOC115935025	genuine	0						
CKLF	XAF1	genuine	0						
CLCN3	CLCN5	truthbar	1	0.2517	DN_NC_073227.2_190603026_12	DN_NC_073247.2_60113711_15	0.1905	0.0885	0.1905
CLK1	CLK4	truthbar	1	0.5606	DN_NC_073228.2_182227322_13	DN_NC_073235.2_103471173_13	0.2102	0.0781	0.2102
CLMP	LOC101134145	genuine	0	0.1489	DN_NC_073231.2_53708239_3	DN_NC_073233.2_130995027_7	0.4106	0.2402	0.4106
CLMP	LOC129532639	genuine	0						
CLN8	METTL2A	genuine	0						
CLN8	METTL2B	genuine	0	0.1418	DN_NC_073230.2_137552467_7	DN_NC_073231.2_6126395_2	0.4239	0.5446	0.5446
CLTC	CLTCL1	truthbar	1	0.8862	DN_NC_073228.2_32366054_32	DN_NC_086018.1_16610610_33	0.0715	0.0218	0.0715
CNPY3	CNPY4	truthbar	1	0.2549	DN_NC_073229.2_60720496_6	DN_NC_073230.2_88640144_6	0.0538	0.1089	0.1089
CNTNAP3C	LOC101143875	genuine	0	0.3548	DN_NC_073236.2_33289090_9	DN_NC_073237.2_23692487_10	0.2056	0.1657	0.2056
CNTNAP3C	LOC115933307	genuine	0	0.1558	DN_NC_073236.2_33289090_9	DN_NC_073237.2_30061699_3	0.2056	0.3399	0.3399
COG1	SSTR2	genuine	0	0.5916	DN_NC_073228.2_18779384_3	DN_NC_073228.2_18798859_2	0.0429	0.2107	0.2107
COG1	VCF1	genuine	0	0.5477	DN_NC_073228.2_18740149_2	DN_NC_073228.2_18761647_14	0.0910	0.0416	0.0910
COG5	HBP1	genuine	0	0.4001	DN_NC_073230.2_116119215_11	DN_NC_073230.2_116150343_22	0.0862	0.0997	0.0997
COL1A1	COL1A2	truthbar	1	0.3536	DN_NC_073228.2_41871026_51	DN_NC_073230.2_94413807_52	0.0390	0.0830	0.0830
COL1A1	COL2A1	truthbar	1	0.6005	DN_NC_073228.2_41871026_51	DN_NC_073234.2_53272916_54	0.0390	0.0400	0.0400
COL1A1	COL3A1	truthbar	1	0.5071	DN_NC_073228.2_41871026_51	DN_NC_073235.2_91416644_51	0.0390	0.0761	0.0761
COL1A1	COL5A2	truthbar	1						
COL1A2	COL2A1	truthbar	1	0.5323	DN_NC_073230.2_94413807_52	DN_NC_073234.2_53272916_54	0.0830	0.0400	0.0830
COL1A2	COL3A1	truthbar	1	0.3528	DN_NC_073230.2_94413807_52	DN_NC_073235.2_91416644_51	0.0830	0.0761	0.0830
COL1A2	COL5A2	truthbar	1						
COL2A1	COL3A1	truthbar	1	0.2938	DN_NC_073234.2_53272916_54	DN_NC_073235.2_91416644_51	0.0400	0.0761	0.0761
COL2A1	COL5A2	truthbar	1	0.3487	DN_NC_073234.2_53272916_54	DN_NC_073235.2_91471014_54	0.0400	0.0914	0.0914
COL3A1	COL5A2	truthbar	1						
COMP	THBS4	truthbar	1	0.3155	DN_NC_073243.2_31614985_22	DN_NC_073244.2_25226014_19	0.0537	0.0082	0.0537
COPB2	MRPS22	genuine	0	0.3514	DN_NC_086017.1_150515222_8	DN_NC_086017.1_150527432_22	0.1730	0.0670	0.1730
COPS9	DCAF16	genuine	0						
COPS9	GIMAP4	genuine	0						
COPS9	KLHL33	genuine	0						
COPS9	LIPA	genuine	0						
COPS9	LOC101126025	genuine	0						
COPS9	LOC101143448	genuine	0						
COPS9	LOC101145464	genuine	0	0.1779	DN_NC_073235.2_142785844_3	DN_NC_073247.2_147586730_5	0.2174	0.4072	0.4072
COPS9	LOC109023154	genuine	0	0.1467	DN_NC_073235.2_142785844_3	DN_NC_073239.2_123333523_2	0.2174	0.2548	0.2548
COPS9	LOC109024560	genuine	0						
COPS9	LOC109025730	genuine	0	0.3276	DN_NC_073224.2_123525276_5	DN_NC_073235.2_142785844_3	0.4684	0.2174	0.4684
COPS9	LOC109028669	genuine	0						
COPS9	LOC129530096	genuine	0						
COPS9	LOC129530131	genuine	0	0.1427	DN_NC_073235.2_142785844_3	DN_NC_073247.2_115708949_2	0.2174	0.2180	0.2180
COPS9	LOC129533438	genuine	0						
COPS9	LOC134756589	genuine	0	0.1538	DN_NC_073234.2_126370406_2	DN_NC_073235.2_142785844_3	0.4160	0.2174	0.4160
COPS9	LRFN5	genuine	0						
COPS9	MINPP1	genuine	0						
COPS9	MMP24OS	genuine	0						
COPS9	NCALD	genuine	0						
COPS9	NCR3LG1	genuine	0						
COPS9	NFXL1	genuine	0						
COPS9	OXCT1	genuine	0						
COPS9	PDCD5	genuine	0	0.3405	DN_NC_073235.2_142785844_3	DN_NC_073244.2_43610901_6	0.2174	0.4805	0.4805
COPS9	SELENOP	genuine	0						
COPS9	SEM1	genuine	0	0.1482	DN_NC_073230.2_92132360_3	DN_NC_073235.2_142785844_3	0.3708	0.2174	0.3708
COPS9	SMYD3	genuine	0						
COPS9	SPATA33	genuine	0						
COPS9	SPC25	genuine	0	0.2449	DN_NC_073235.2_142785844_3	DN_NC_073235.2_71373985_7	0.2174	0.4132	0.4132
COPS9	THNSL1	genuine	0						
COPS9	TMEM38B	genuine	0						
COPS9	TSPAN8	genuine	0						
COPS9	UCHL1	genuine	0						
CORO1A	CORO1B	truthbar	1	0.4138	DN_NC_073233.2_75363756_11	DN_NC_073242.2_32113450_11	0.0892	0.0425	0.0892
CORO2A	CORO2B	truthbar	1	0.2648	DN_NC_073237.2_94439193_12	DN_NC_073240.2_69411455_12	0.2591	0.0801	0.2591
CPEB2	CPEB3	truthbar	1						
CPEB2	CPEB4	truthbar	1	0.3725	DN_NC_073227.2_23212119_11	DN_NC_073228.2_177718215_8	0.2269	0.1750	0.2269
CPEB3	CPEB4	truthbar	1	0.3684	DN_NC_073228.2_177718215_8	DN_NC_073232.2_104390833_9	0.1750	0.1674	0.1750
CPLANE1	LOC115933270	TP	1	0.7414	DN_NC_073243.2_82594889_12	DN_NC_073243.2_82739824_8	0.3217	0.3943	0.3943
CPNE6	CPNE7	truthbar	1	0.2391	DN_NC_073239.2_32570025_17	DN_NC_073242.2_120163344_15	0.0408	0.0287	0.0408
CPSF2	NDUFB1	genuine	0	0.4806	DN_NC_073239.2_109052370_3	DN_NC_073239.2_109057706_16	0.0884	0.2474	0.2474
CRBN	TRNT1	genuine	0	0.5988	DN_NC_086017.1_12917334_8	DN_NC_086017.1_12936527_11	0.1619	0.1345	0.1619
CRMP1	DPYSL2	truthbar	1						
CRMP1	DPYSL3	truthbar	1	0.3881	DN_NC_073227.2_15519199_14	DN_NC_073228.2_151255605_14	0.0373	0.0414	0.0414
CRMP1	DPYSL4	truthbar	1	0.5100	DN_NC_073227.2_15519199_14	DN_NC_073232.2_144546965_14	0.0373	0.0232	0.0373
CRMP1	EVC	TP	0	0.3478	DN_NC_073227.2_15519199_14	DN_NC_073227.2_15589297_3	0.0373	0.1769	0.1769
CRNKL1	NAA20	genuine	0	0.8479	DN_NC_073245.2_30021133_6	DN_NC_073245.2_30036345_14	0.1897	0.1555	0.1897
CS	LOC129532516	genuine	0	0.1527	DN_NC_073234.2_45066531_11	DN_NC_086017.1_118126676_3	0.0843	0.1112	0.1112
CSNK1D	CSNK1E	truthbar	1	0.2459	DN_NC_073228.2_9720205_10	DN_NC_086018.1_36304756_7	0.0359	0.1098	0.1098
CTBP1	CTBP2	genuine	0	0.4268	DN_NC_073227.2_9789563_10	DN_NC_073232.2_137259733_11	0.0701	0.1038	0.1038
CTSA	NEURL2	TP	0	0.8084	DN_NC_073245.2_58117175_2	DN_NC_073245.2_58118781_15	0.0000	0.0135	0.0135
CTSV	LOC101145975	truthbar	1	0.3599	DN_NC_073237.2_83935038_8	DN_NC_073237.2_93365361_8	0.0923	0.3295	0.3295
CTSV	LOC129523464	truthbar	1	0.3477	DN_NC_073237.2_84341528_8	DN_NC_073237.2_93365361_8	0.0320	0.3295	0.3295
CTSZ	NELFCD	genuine	0	0.3816	DN_NC_073245.2_71261640_15	DN_NC_073245.2_71275662_6	0.1250	0.0387	0.1250
CTU2	PIEZO1	genuine	0	0.1933	DN_NC_073242.2_119293235_15	DN_NC_073242.2_119301617_14	0.0469	0.0729	0.0729
CUL7	CUL9	truthbar	1	0.2296	DN_NC_073229.2_60831709_26	DN_NC_073229.2_60975828_26	0.0399	0.1095	0.1095
CYFIP1	CYFIP2	truthbar	1	0.2744	DN_NC_073228.2_161096696_31	DN_NC_073240.2_23877041_31	0.0302	0.0831	0.0831
CYTH1	CYTH2	truthbar	1						
CYTH1	CYTH4	truthbar	1	0.3390	DN_NC_073228.2_13195036_13	DN_NC_086018.1_35282535_13	0.1006	0.0879	0.1006
CYTH2	CYTH4	truthbar	1	0.2558	DN_NC_073244.2_61417620_12	DN_NC_086018.1_35282535_13	0.0107	0.0879	0.0879
DAAM1	DAAM2	truthbar	1	0.1703	DN_NC_073229.2_57565568_13	DN_NC_073239.2_76142345_25	0.1085	0.1601	0.1601
DAND5	TRDN	genuine	0	0.1517	DN_NC_073229.2_147682056_8	DN_NC_073244.2_19011585_2	0.3072	0.3466	0.3466
DAP3	GON4L	genuine	0	0.5987	DN_NC_073224.2_100975273_21	DN_NC_073224.2_101136214_11	0.0397	0.0209	0.0397
DAPK1	LOC115935778	TP	1	0.6965	DN_NC_073237.2_83892884_7	DN_NC_073237.2_84363825_25	0.0769	0.0667	0.0769
DAPK2	DAPK3	truthbar	1	0.2742	DN_NC_073240.2_64676115_12	DN_NC_073244.2_9737989_9	0.1891	0.0135	0.1891
DAZ1	DAZL	genuine	0	0.1417	DN_NC_073248.2_42783128_31	DN_NC_086017.1_26423028_11	0.0898	0.1561	0.1561
DCAF12	DCAF12L1	truthbar	1						
DCAF12	DCAF12L2	truthbar	1	0.2262	DN_NC_073237.2_28860054_9	DN_NC_073247.2_137840069_2	0.1506	0.1284	0.1506
DCAF12L1	DCAF12L2	TP	1	0.3940	DN_NC_073247.2_137840069_2	DN_NC_073247.2_138224742_2	0.1284	0.0881	0.1284
DCAF16	GIMAP4	genuine	0	0.1528	DN_NC_073227.2_26000468_4	DN_NC_073230.2_159385621_3	0.4096	0.3755	0.4096
DCAF16	KLHL33	genuine	0						
DCAF16	LIPA	genuine	0						
DCAF16	LOC101126025	genuine	0						
DCAF16	LOC101143448	genuine	0						
DCAF16	LOC101145464	genuine	0	0.1869	DN_NC_073227.2_26000468_4	DN_NC_073247.2_147586730_5	0.4096	0.4072	0.4096
DCAF16	LOC109023154	genuine	0	0.1471	DN_NC_073227.2_26000468_4	DN_NC_073239.2_123333523_2	0.4096	0.2548	0.4096
DCAF16	LOC109024560	genuine	0						
DCAF16	LOC109025730	genuine	0	0.3502	DN_NC_073224.2_123525276_5	DN_NC_073227.2_26000468_4	0.4684	0.4096	0.4684
DCAF16	LOC109028669	genuine	0						
DCAF16	LOC129530096	genuine	0						
DCAF16	LOC129530131	genuine	0	0.1528	DN_NC_073227.2_26000468_4	DN_NC_073247.2_115708949_2	0.4096	0.2180	0.4096
DCAF16	LOC129533438	genuine	0						
DCAF16	LOC134756589	genuine	0	0.1600	DN_NC_073227.2_26000468_4	DN_NC_073234.2_126370406_2	0.4096	0.4160	0.4160
DCAF16	LRFN5	genuine	0						
DCAF16	MINPP1	genuine	0						
DCAF16	MMP24OS	genuine	0						
DCAF16	NCALD	genuine	0	0.1512	DN_NC_073227.2_26000468_4	DN_NC_073231.2_107519754_4	0.4096	0.1799	0.4096
DCAF16	NCR3LG1	genuine	0	0.1522	DN_NC_073227.2_26000468_4	DN_NC_073233.2_23732821_4	0.4096	0.1950	0.4096
DCAF16	NFXL1	genuine	0						
DCAF16	OXCT1	genuine	0						
DCAF16	PDCD5	genuine	0	0.3628	DN_NC_073227.2_26000468_4	DN_NC_073244.2_43610901_6	0.4096	0.4805	0.4805
DCAF16	SELENOP	genuine	0						
DCAF16	SEM1	genuine	0	0.1672	DN_NC_073227.2_26000468_4	DN_NC_073230.2_92132360_3	0.4096	0.3708	0.4096
DCAF16	SMYD3	genuine	0						
DCAF16	SPATA33	genuine	0						
DCAF16	SPC25	genuine	0	0.2426	DN_NC_073227.2_26000468_4	DN_NC_073235.2_71373985_7	0.4096	0.4132	0.4132
DCAF16	THNSL1	genuine	0						
DCAF16	TMEM38B	genuine	0						
DCAF16	TSPAN8	genuine	0						
DCAF16	UCHL1	genuine	0	0.1538	DN_NC_073227.2_26000468_4	DN_NC_073227.2_49278079_9	0.4096	0.3524	0.4096
DCAF4	DCAF4L1	truthbar	1	0.4587	DN_NC_073227.2_50003246_2	DN_NC_073239.2_89803404_14	0.1362	0.0204	0.1362
DCP1B	DOCK1	genuine	0						
DCP1B	FRK	genuine	0	0.1329	DN_NC_073229.2_140139419_8	DN_NC_073234.2_17584207_9	0.2261	0.2532	0.2532
DCP1B	GSTM2	genuine	0						
DCP1B	LOC101126097	genuine	0						
DCP1B	LOC129523564	genuine	0						
DCP1B	LOC129529082	genuine	0	0.1307	DN_NC_073234.2_17584207_9	DN_NC_073245.2_35160176_6	0.2532	0.4645	0.4645
DCP1B	LOC129530428	genuine	0						
DCP1B	LOC134756922	genuine	0						
DCP1B	NAP1L3	genuine	0	0.1329	DN_NC_073234.2_17584207_9	DN_NC_073247.2_105439613_2	0.2532	0.3269	0.3269
DCP1B	NDUFAF2	genuine	0	0.1804	DN_NC_073234.2_17584207_9	DN_NC_073243.2_49045190_4	0.2532	0.3612	0.3612
DCP1B	NGLY1	genuine	0						
DCP1B	RANBP6	genuine	0						
DCP1B	SLC11A2	genuine	0	0.1359	DN_NC_073234.2_17584207_9	DN_NC_073234.2_50306180_17	0.2532	0.2524	0.2532
DCP1B	SOX30	genuine	0	0.1326	DN_NC_073228.2_161454333_5	DN_NC_073234.2_17584207_9	0.1535	0.2532	0.2532
DDX11	LOC109029264	genuine	0	0.2642	DN_NC_073234.2_24978856_8	DN_NC_073234.2_70140848_27	0.1033	0.0623	0.1033
DDX11	LOC115930232	genuine	0						
DDX19A	DDX19B	TP	1	0.5031	DN_NC_073242.2_99745328_12	DN_NC_073242.2_99793055_12	0.0456	0.1643	0.1643
DDX21	DDX50	truthbar	1	0.4870	DN_NC_073232.2_46766506_15	DN_NC_073232.2_46804261_15	0.1024	0.1783	0.1783
DDX3X	DDX3Y	truthbar	1	0.3009	DN_NC_073247.2_51699012_17	DN_NC_073248.2_31199793_17	0.0874	0.0989	0.0989
DDX42	FTSJ3	genuine	0	0.5990	DN_NC_073228.2_28222257_21	DN_NC_073228.2_28230327_9	0.0617	0.0677	0.0677
DEDD	NIT1	genuine	0	0.6935	DN_NC_073224.2_95638704_6	DN_NC_073224.2_95648579_7	0.1049	0.1168	0.1168
DES	PRPH	truthbar	1	0.2824	DN_NC_073234.2_52040112_9	DN_NC_073235.2_122111621_9	0.0000	0.0740	0.0740
DEXI	DLD	genuine	0						
DEXI	EPPIN	genuine	0						
DEXI	LOC101149946	genuine	0	0.5268	DN_NC_073240.2_23725358_9	DN_NC_073242.2_14569289_2	0.2103	0.0715	0.2103
DEXI	LOC134757265	genuine	0	0.5268	DN_NC_073240.2_29803770_8	DN_NC_073242.2_14569289_2	0.2275	0.0715	0.2275
DEXI	PDCD6IP	genuine	0						
DEXI	SDHAF3	genuine	0						
DFFB	MTHFD2	genuine	0						
DFFB	MTHFD2L	genuine	0						
DFFB	PRKAR2A	genuine	0	0.1507	DN_NC_073224.2_236757333_2	DN_NC_086017.1_58705155_2	0.2895	0.6819	0.6819
DFFB	PRKAR2B	genuine	0						
DGCR6	DGCR6L	truthbar	1	0.6517	DN_NC_086018.1_16346801_5	DN_NC_086018.1_17748702_5	0.0000	0.0819	0.0819
DHFR	DHFR2	TP	1	0.1373	DN_NC_073228.2_84714357_6	DN_NC_086017.1_104876268_2	0.2893	0.2763	0.2893
DHRSX	ZBED1	genuine	0	0.9634	DN_NC_073247.2_11741821_2	DN_NC_073248.2_9064807_2	0.1777	0.1677	0.1777
DIMT1	KIF2A	genuine	0	0.7311	DN_NC_073243.2_47785917_12	DN_NC_073243.2_47800408_20	0.1452	0.2050	0.2050
DLD	EPPIN	genuine	0	0.1933	DN_NC_073230.2_116851282_14	DN_NC_073245.2_57775599_4	0.2836	0.3905	0.3905
DLD	LOC101149946	genuine	0						
DLD	LOC134757265	genuine	0						
DLD	PDCD6IP	genuine	0						
DLD	SDHAF3	genuine	0						
DLGAP5	LGALS3	genuine	0	0.4702	DN_NC_073239.2_72077053_6	DN_NC_073239.2_72093949_19	0.2067	0.1817	0.2067
DMTF1	LOC115935379	genuine	0	0.5206	DN_NC_073230.2_101602035_18	DN_NC_073230.2_101646316_2	0.0862	0.0494	0.0862
DMTF1	TMEM243	genuine	0	0.3955	DN_NC_073230.2_101581724_4	DN_NC_073230.2_101602035_18	0.1016	0.0862	0.1016
DNAH17	DNAH9	truthbar	1	0.5882	DN_NC_073228.2_13540554_8	DN_NC_073243.2_27192824_11	0.1270	0.0456	0.1270
DNAJC14	ORMDL2	genuine	0	0.5889	DN_NC_073234.2_45531723_7	DN_NC_073234.2_45539357_4	0.1405	0.1519	0.1519
DNAJC17	GCHFR	TP	0	0.3242	DN_NC_073240.2_41471977_3	DN_NC_073240.2_41473848_11	0.0293	0.1812	0.1812
DND1	LAMTOR3	genuine	0						
DND1	POLR2D	genuine	0						
DND1	RPS26	genuine	0						
DND1	WDR55	genuine	0	0.6266	DN_NC_073228.2_144514226_7	DN_NC_073228.2_144520267_4	0.2629	0.0268	0.2629
DNM2	DNM3	truthbar	1	0.5331	DN_NC_073224.2_84334480_20	DN_NC_073244.2_16753009_21	0.0493	0.0438	0.0493
DOCK1	FRK	genuine	0						
DOCK1	GSTM2	genuine	0						
DOCK1	LOC101126097	genuine	0						
DOCK1	LOC129523564	genuine	0	0.1337	DN_NC_073227.2_211418821_2	DN_NC_073232.2_139190015_27	0.6125	0.1682	0.6125
DOCK1	LOC129529082	genuine	0						
DOCK1	LOC129530428	genuine	0						
DOCK1	LOC134756922	genuine	0						
DOCK1	NAP1L3	genuine	0						
DOCK1	NDUFAF2	genuine	0						
DOCK1	NGLY1	genuine	0						
DOCK1	RANBP6	genuine	0						
DOCK1	SLC11A2	genuine	0						
DOCK1	SOX30	genuine	0						
DOK7	LOC115933190	genuine	0	0.4664	DN_NC_073227.2_12039502_7	DN_NC_073236.2_24822888_6	0.0281	0.0464	0.0464
DPEP2	DPEP3	truthbar	1	0.4305	DN_NC_073242.2_97202362_10	DN_NC_073242.2_97214082_10	0.0297	0.0820	0.0820
DPP4	FAP	truthbar	1	0.2412	DN_NC_073235.2_64458923_26	DN_NC_073235.2_64637479_26	0.1078	0.0999	0.1078
DPY19L2	LOC115935244	TP	0	0.3401	DN_NC_073230.2_98668717_3	DN_NC_073234.2_37699488_22	0.2316	0.1484	0.2316
DPYSL2	DPYSL3	truthbar	1	0.3198	DN_NC_073228.2_151255605_14	DN_NC_073231.2_30794526_14	0.0414	0.1307	0.1307
DPYSL2	DPYSL4	truthbar	1						
DPYSL2	EVC	genuine	0						
DPYSL3	DPYSL4	truthbar	1						
DPYSL3	EVC	genuine	0						
DPYSL4	EVC	genuine	0						
DUSP1	DUSP4	truthbar	1	0.2164	DN_NC_073228.2_176576489_4	DN_NC_073231.2_33560018_4	0.1283	0.0704	0.1283
DUSP5	LOC129532115	genuine	0	0.2144	DN_NC_073224.2_16928217_2	DN_NC_073232.2_122771445_4	0.2580	0.0713	0.2580
DVL1	DVL2	truthbar	1	0.1659	DN_NC_073224.2_239847758_15	DN_NC_073243.2_22365408_15	0.0396	0.0362	0.0396
DVL1	DVL3	truthbar	1	0.2511	DN_NC_073224.2_239847758_15	DN_NC_086017.1_195260184_15	0.0396	0.0256	0.0396
DVL2	DVL3	truthbar	1	0.2003	DN_NC_073243.2_22365408_15	DN_NC_086017.1_195260184_15	0.0362	0.0256	0.0362
ECI2	LOC101130624	genuine	0	0.1748	DN_NC_073229.2_21709541_6	DN_NC_073229.2_21735101_10	0.0844	0.1599	0.1599
ECSIT	EXOG	genuine	0						
ECSIT	RPL18A	genuine	0	0.4925	DN_NC_073244.2_17541226_2	DN_NC_073244.2_24302535_5	0.5428	0.0000	0.5428
EDARADD	ENO1	genuine	0	0.4376	DN_NC_073224.2_231736369_12	DN_NC_073224.2_25093112_7	0.0163	0.0672	0.0672
EDARADD	ENO2	genuine	0						
EDARADD	ENO3	genuine	0	0.5953	DN_NC_073224.2_25093112_7	DN_NC_073243.2_20078090_12	0.0672	0.0000	0.0672
EDARADD	TMEM237	genuine	0						
EEF1A1	LOC101132881	genuine	0	0.2109	DN_NC_073229.2_97606864_8	DN_NC_073239.2_98531685_2	0.1541	0.2834	0.2834
EEF1A1	LOC101148191	genuine	0	0.1544	DN_NC_073229.2_97606864_8	DN_NC_073230.2_28044538_2	0.1541	0.2929	0.2929
EEF1A1	LOC109023808	TP	1	0.6499	DN_NC_073229.2_97606864_8	DN_NC_073243.2_97368870_3	0.1541	0.0757	0.1541
EEF1A1	LOC115930530	genuine	0						
EEF1A1	LOC115931240	genuine	0						
EEF2KMT	LOC101125415	truthbar	1	0.3935	DN_NC_073227.2_17445647_6	DN_NC_073242.2_8737492_8	0.0347	0.0478	0.0478
EEF2KMT	LOC101133440	truthbar	1	0.3648	DN_NC_073231.2_11581641_7	DN_NC_073242.2_8737492_8	0.0598	0.0478	0.0598
EEF2KMT	LOC101137806	genuine	0	0.3144	DN_NC_073242.2_8737492_8	DN_NC_086017.1_136773097_2	0.0478	0.1005	0.1005
EEF2KMT	LOC101139163	truthbar	1	0.3263	DN_NC_073242.2_8737492_8	DN_NC_086017.1_141278779_5	0.0478	0.0477	0.0478
EEF2KMT	LOC101152938	truthbar	1	0.3111	DN_NC_073233.2_75718276_6	DN_NC_073242.2_8737492_8	0.0604	0.0478	0.0604
EEF2KMT	LOC115934341	truthbar	1	0.3526	DN_NC_073242.2_8737492_8	DN_NC_086017.1_85330170_7	0.0478	0.0323	0.0478
EFHC2	RRM2	genuine	0	0.1603	DN_NC_073236.2_129795378_10	DN_NC_073247.2_54705383_3	0.1505	0.1863	0.1863
EHD1	EHD2	truthbar	1	0.3139	DN_NC_073233.2_72751588_5	DN_NC_073244.2_59252668_6	0.0506	0.2020	0.2020
EHD1	EHD3	truthbar	1	0.4502	DN_NC_073233.2_72751588_5	DN_NC_073236.2_108637713_6	0.0506	0.0655	0.0655
EHD1	EHD4	truthbar	1	0.2997	DN_NC_073233.2_72751588_5	DN_NC_073240.2_42709516_6	0.0506	0.1466	0.1466
EHD2	EHD3	truthbar	1						
EHD2	EHD4	truthbar	1	0.3286	DN_NC_073240.2_42709516_6	DN_NC_073244.2_59252668_6	0.1466	0.2020	0.2020
EHD3	EHD4	truthbar	1	0.2157	DN_NC_073236.2_108637713_6	DN_NC_073240.2_42709516_6	0.0655	0.1466	0.1466
EHMT1	EHMT2	truthbar	1	0.2044	DN_NC_073229.2_49484905_28	DN_NC_073237.2_134047852_27	0.0481	0.0704	0.0704
EIF1AX	LOC101137900	TP	0	0.4016	DN_NC_073238.2_32661686_2	DN_NC_073247.2_30604924_7	0.2024	0.1585	0.2024
EIF1AX	LOC129530234	TP	1	0.2257	DN_NC_073247.2_30604924_7	DN_NC_073248.2_26554434_7	0.1585	0.3656	0.3656
EIF2AK4	SRP14	genuine	0	0.2602	DN_NC_073240.2_40710955_17	DN_NC_073240.2_40740697_5	0.2082	0.3204	0.3204
EIF3E	KHDC1	genuine	0	0.2398	DN_NC_073229.2_97353754_3	DN_NC_073231.2_114003443_13	0.2696	0.1658	0.2696
EIF3E	RPSA	genuine	0						
EIF4A1	EIF4A3	truthbar	1	0.3249	DN_NC_073228.2_11820810_12	DN_NC_073243.2_22718660_11	0.2881	0.0978	0.2881
ELMO1	ELMO2	truthbar	1	0.2528	DN_NC_073230.2_44313875_22	DN_NC_073245.2_58594952_21	0.0618	0.0466	0.0618
EMC3	LOC101151509	genuine	0	0.2288	DN_NC_086017.1_19795280_8	DN_NC_086017.1_19858571_3	0.3271	0.0190	0.3271
EMG1	LPCAT3	genuine	0	0.2735	DN_NC_073234.2_22631499_6	DN_NC_073234.2_22636891_13	0.0906	0.1231	0.1231
EML5	ZC3H14	genuine	0	0.6204	DN_NC_073239.2_105498614_17	DN_NC_073239.2_105549018_9	0.1602	0.1651	0.1651
ENO1	ENO2	truthbar	1	0.5436	DN_NC_073224.2_231736369_12	DN_NC_073234.2_22572777_12	0.0163	0.0761	0.0761
ENO1	ENO3	truthbar	1	0.7836	DN_NC_073224.2_231736369_12	DN_NC_073243.2_20078090_12	0.0163	0.0000	0.0163
ENO1	TMEM237	genuine	0	0.1446	DN_NC_073224.2_231736369_12	DN_NC_073235.2_104226160_12	0.0163	0.1811	0.1811
ENO2	ENO3	truthbar	1	0.6277	DN_NC_073234.2_22572777_12	DN_NC_073243.2_20078090_12	0.0761	0.0000	0.0761
ENO2	TMEM237	genuine	0						
ENO3	TMEM237	genuine	0						
EOLA1	EOLA2	TP	1	0.4244	DN_NC_073247.2_161158664_6	DN_NC_073247.2_161607555_5	0.1458	0.0579	0.1458
EP400	LOC101150057	genuine	0	0.3348	DN_NC_073234.2_147445272_9	DN_NC_073234.2_147580679_4	0.0452	0.2734	0.2734
EPB41	HIGD1A	genuine	0						
EPB41	SDHAF4	genuine	0	0.1362	DN_NC_073224.2_210837399_19	DN_NC_073229.2_94673034_3	0.1518	0.5447	0.5447
EPCIP	LOC101137472	genuine	0	0.9472	DN_NC_073246.2_34687084_3	DN_NC_073246.2_34687085_2	0.2979	0.3070	0.3070
EPCIP	NABP2	genuine	0	0.1470	DN_NC_073234.2_45136934_7	DN_NC_073246.2_34687085_2	0.2336	0.3070	0.3070
EPHB1	EPHB2	truthbar	1	0.4079	DN_NC_073224.2_216927976_16	DN_NC_086017.1_145972418_16	0.0620	0.1096	0.1096
EPHB1	EPHB3	truthbar	1	0.2631	DN_NC_086017.1_145972418_16	DN_NC_086017.1_195677389_14	0.1096	0.0273	0.1096
EPHB1	EPHB4	truthbar	1	0.2606	DN_NC_073230.2_87974016_14	DN_NC_086017.1_145972418_16	0.0587	0.1096	0.1096
EPHB2	EPHB3	truthbar	1	0.2642	DN_NC_073224.2_216927976_16	DN_NC_086017.1_195677389_14	0.0620	0.0273	0.0620
EPHB2	EPHB4	truthbar	1	0.3204	DN_NC_073224.2_216927976_16	DN_NC_073230.2_87974016_14	0.0620	0.0587	0.0620
EPHB3	EPHB4	truthbar	1	0.2654	DN_NC_073230.2_87974016_14	DN_NC_086017.1_195677389_14	0.0587	0.0273	0.0587
EPPIN	LOC101149946	genuine	0	0.2055	DN_NC_073240.2_23725358_9	DN_NC_073245.2_57775599_4	0.2103	0.3905	0.3905
EPPIN	LOC134757265	genuine	0						
EPPIN	PDCD6IP	genuine	0						
EPPIN	SDHAF3	genuine	0	0.1377	DN_NC_073230.2_91654449_3	DN_NC_073245.2_57775599_4	0.3876	0.3905	0.3905
ERCC1	POLR1G	TP	0	0.6722	DN_NC_073244.2_56915266_3	DN_NC_073244.2_56916454_10	0.1359	0.1998	0.1998
ESRRA	TPTE2	genuine	0	0.2350	DN_NC_073233.2_72203709_7	DN_NC_073238.2_33853352_3	0.0474	0.2068	0.2068
ETFDH	PPID	TP	0	0.3906	DN_NC_073227.2_179688123_13	DN_NC_073227.2_179727029_10	0.1428	0.2391	0.2391
ETFRF1	KRAS	genuine	0	0.7239	DN_NC_073234.2_76035232_5	DN_NC_073234.2_76077727_3	0.2287	0.2343	0.2343
EXOC3L2	LOC101132325	genuine	0						
EXOC3L2	LOC101136036	genuine	0						
EXOC3L2	LOC101143777	genuine	0						
EXOC3L2	LOC101148457	genuine	0						
EXOC3L2	LOC109025592	genuine	0						
EXOC3L2	LOC115933090	genuine	0						
EXOC3L2	LOC129524676	genuine	0						
EXOC3L2	LOC129525008	genuine	0						
EXOC3L2	LOC129526479	genuine	0						
EXOC3L2	LOC134756761	genuine	0						
EXOC3L2	MKRN1	genuine	0						
EXOC3L2	TIMM23B	genuine	0	0.1308	DN_NC_073232.2_65905862_9	DN_NC_073244.2_56720868_3	0.4373	0.3058	0.4373
EXOC3L2	TOR3A	genuine	0						
EXOC3L2	TRAF5	genuine	0						
EXOG	RPL18A	genuine	0	0.4701	DN_NC_073244.2_24302535_5	DN_NC_086017.1_48397256_6	0.0000	0.1498	0.1498
EXOSC3	TRMT10B	genuine	0	0.6631	DN_NC_073237.2_25172073_4	DN_NC_073237.2_25176692_9	0.1531	0.2496	0.2496
EYA1	EYA4	truthbar	1	0.2023	DN_NC_073229.2_157439925_18	DN_NC_073231.2_49018603_18	0.1223	0.1111	0.1223
EZR	MSN	truthbar	1	0.3807	DN_NC_073229.2_182999268_13	DN_NC_073247.2_77369372_13	0.0757	0.0484	0.0757
EZR	RDX	truthbar	1	0.4567	DN_NC_073229.2_182999268_13	DN_NC_073233.2_118106361_14	0.0757	0.1910	0.1910
FADS1	FADS2	truthbar	1	0.1498	DN_NC_073233.2_69582499_12	DN_NC_073233.2_69678029_12	0.1506	0.1842	0.1842
FADS1	FADS3	truthbar	1						
FADS2	FADS3	truthbar	1	0.2816	DN_NC_073233.2_69678029_12	DN_NC_073233.2_69723982_12	0.1842	0.0804	0.1842
FAHD2B	LOC101146690	genuine	1	0.8537	DN_NC_073236.2_32048256_8	DN_NC_073236.2_34983788_9	0.0000	0.0241	0.0241
FAM136A	LOC101147326	genuine	0	0.4246	DN_NC_073228.2_28439701_5	DN_NC_073236.2_69434930_3	0.1977	0.1140	0.1977
FAM13C	PHYHIPL	genuine	0	0.4794	DN_NC_073232.2_56389207_14	DN_NC_073232.2_56509561_5	0.1913	0.2143	0.2143
FAM200A	LOC101145047	genuine	0	0.5685	DN_NC_073227.2_23893974_2	DN_NC_073230.2_89274458_2	0.2297	0.2536	0.2536
FAM228B	FGD3	genuine	0	0.1568	DN_NC_073236.2_115828789_3	DN_NC_073237.2_89465596_2	0.9139	0.8930	0.9139
FAM228B	IQUB	genuine	0						
FAM228B	LOC101134045	genuine	0						
FAM228B	LOC129526638	genuine	0	0.1656	DN_NC_073236.2_115828789_3	DN_NC_073239.2_70164897_2	0.9139	0.8729	0.9139
FAM228B	LOC134757313	genuine	0						
FAM228B	MTHFD2L	genuine	0	0.3256	DN_NC_073227.2_94499432_2	DN_NC_073236.2_115828789_3	0.9497	0.9139	0.9497
FAM228B	ZNF626	genuine	0	0.2572	DN_NC_073236.2_115828789_3	DN_NC_073244.2_27139185_2	0.9139	0.9324	0.9324
FAM236B	LOC115932943	genuine	0	0.4391	DN_NC_073247.2_84517974_3	DN_NC_073247.2_84653260_2	0.0000	0.0000	0.0000
FAM236B	LOC129530010	genuine	0	0.6974	DN_NC_073247.2_84517974_3	DN_NC_073247.2_84678651_3	0.0000	0.0391	0.0391
FAM50A	FAM50B	truthbar	1	0.3945	DN_NC_073229.2_21470970_2	DN_NC_073247.2_166062772_13	0.0818	0.1090	0.1090
FANCL	VRK2	genuine	0	0.2704	DN_NC_073236.2_81530457_14	DN_NC_073236.2_81606261_13	0.1126	0.1817	0.1817
FBH1	LOC109028588	genuine	0	0.1634	DN_NC_073232.2_14850424_21	DN_NC_073232.2_14895260_2	0.0213	0.0527	0.0527
FBP2	LOC101142525	genuine	0						
FBP2	LOC134756641	genuine	0						
FBP2	LOC134757208	genuine	0						
FBP2	LOC134758618	genuine	0	0.1449	DN_NC_073228.2_179980536_5	DN_NC_073237.2_91001440_7	0.3605	0.2088	0.3605
FBP2	TRHDE	genuine	0						
FBP2	ZNF80	genuine	0						
FBXO17	LOC101138261	genuine	0	0.1462	DN_NC_073232.2_72957232_4	DN_NC_073244.2_50702615_6	0.2221	0.3384	0.3384
FBXO17	LOC101145660	genuine	0						
FBXO17	LOC101152741	genuine	0						
FBXO17	LOC109027124	genuine	0	0.2404	DN_NC_073229.2_194862622_5	DN_NC_073244.2_50702615_6	0.5920	0.3384	0.5920
FBXO17	LOC129527173	genuine	0						
FBXO17	LOC129528096	genuine	0						
FBXO17	MPHOSPH8	genuine	0	0.3166	DN_NC_073238.2_33904146_3	DN_NC_073244.2_50702615_6	0.5102	0.3384	0.5102
FBXO17	SVBP	genuine	0	0.1462	DN_NC_073224.2_197128142_3	DN_NC_073244.2_50702615_6	0.3829	0.3384	0.3829
FBXO44	FBXO6	truthbar	1	0.3528	DN_NC_073224.2_228923130_6	DN_NC_073224.2_228936705_6	0.1922	0.2614	0.2614
FCGR2A	FCGR2B	truthbar	1	0.2621	DN_NC_073224.2_95093869_7	DN_NC_073224.2_95171181_7	0.2086	0.1592	0.2086
FGD1	FGD3	truthbar	1	0.2754	DN_NC_073237.2_89473261_14	DN_NC_073247.2_64561534_19	0.0516	0.0626	0.0626
FGD1	TSR2	genuine	0	0.2796	DN_NC_073247.2_64556424_5	DN_NC_073247.2_64561534_19	0.2488	0.0626	0.2488
FGD3	IQUB	genuine	0						
FGD3	LOC101134045	genuine	0						
FGD3	LOC129526638	genuine	0	0.1452	DN_NC_073237.2_89465596_2	DN_NC_073239.2_70164897_2	0.8930	0.8729	0.8930
FGD3	LOC134757313	genuine	0						
FGD3	MTHFD2L	genuine	0	0.1568	DN_NC_073227.2_94499432_2	DN_NC_073237.2_89465596_2	0.9497	0.8930	0.9497
FGD3	TSR2	genuine	0						
FGD3	ZNF626	genuine	0	0.1664	DN_NC_073237.2_89465596_2	DN_NC_073244.2_27139185_2	0.8930	0.9324	0.9324
FGF2	NUDT6	TP	0	0.4208	DN_NC_073227.2_142943898_3	DN_NC_073227.2_143010447_5	0.2233	0.0136	0.2233
FGFR1	FGFR4	truthbar	1	0.2843	DN_NC_073228.2_180865938_18	DN_NC_073231.2_83007056_9	0.0318	0.1288	0.1288
FIP1L1	LNX1	genuine	0	0.4397	DN_NC_073227.2_72845455_9	DN_NC_073227.2_72905683_18	0.1131	0.1299	0.1299
FKBP15	SLC31A2	genuine	0	0.4088	DN_NC_073237.2_109499325_4	DN_NC_073237.2_109511989_28	0.0889	0.0816	0.0889
FKBP9	LOC101129903	TP	1	0.4661	DN_NC_073230.2_40386475_10	DN_NC_073230.2_63523034_4	0.1565	0.2005	0.2005
FLNB	LOC101142657	truthbar	1	0.3572	DN_NC_073230.2_137926513_11	DN_NC_086017.1_68009077_13	0.0576	0.0315	0.0576
FMO1	FMO4	truthbar	1	0.3416	DN_NC_073224.2_85416146_10	DN_NC_073224.2_85471368_7	0.0828	0.0272	0.0828
FOXO1	LOC101142783	genuine	0						
FOXO1	LOC101147259	genuine	0						
FOXO1	LOC115933254	genuine	0	0.3255	DN_NC_073236.2_32935299_2	DN_NC_073238.2_54832744_2	0.1343	0.1270	0.1343
FOXO1	LOC129524732	genuine	0						
FPR2	LOC129528664	genuine	0	0.3254	DN_NC_073244.2_63732072_2	DN_NC_073244.2_63765159_2	0.2590	0.1588	0.2590
FRG1	LOC101142904	TP	1	0.2852	DN_NC_073227.2_210893336_9	DN_NC_073246.2_2235416_3	0.2129	0.2926	0.2926
FRG1	LOC115933219	TP	0	0.2217	DN_NC_073227.2_210893336_9	DN_NC_073245.2_42779121_5	0.2129	0.2495	0.2495
FRG1	LOC129526395	TP	1	0.4893	DN_NC_073227.2_210893336_9	DN_NC_073238.2_24693721_8	0.2129	0.3596	0.3596
FRG1	LOC129526550	TP	1	0.3984	DN_NC_073227.2_210893336_9	DN_NC_073239.2_44147073_8	0.2129	0.2492	0.2492
FRG1	LOC129526557	genuine	0	0.2939	DN_NC_073227.2_210893336_9	DN_NC_073239.2_44758266_8	0.2129	0.1676	0.2129
FRG1	LOC129527278	TP	1						
FRG1	LOC129530429	truthbar	1	0.4043	DN_NC_073227.2_210893336_9	DN_NC_073248.2_10847471_7	0.2129	0.3223	0.3223
FRG1	LOC129530552	TP	1	0.2852	DN_NC_073227.2_210893336_9	DN_NC_086018.1_1774757_3	0.2129	0.2956	0.2956
FRG1	LOC129531431	TP	0	0.3984	DN_NC_073227.2_210893336_9	DN_NC_073236.2_26203134_8	0.2129	0.2581	0.2581
FRG1	LOC129532222	TP	1	0.2041	DN_NC_073227.2_210893336_9	DN_NC_073235.2_33703802_2	0.2129	0.1782	0.2129
FRG1	LOC129532224	genuine	0	0.2246	DN_NC_073227.2_210893336_9	DN_NC_073235.2_34402342_7	0.2129	0.2777	0.2777
FRK	GSTM2	genuine	0						
FRK	LOC101126097	genuine	0						
FRK	LOC129523564	genuine	0						
FRK	LOC129529082	genuine	0						
FRK	LOC129530428	genuine	0						
FRK	LOC134756922	genuine	0						
FRK	NAP1L3	genuine	0						
FRK	NDUFAF2	genuine	0						
FRK	NGLY1	genuine	0						
FRK	RANBP6	genuine	0						
FRK	SLC11A2	genuine	0						
FRK	SOX30	genuine	0						
FYN	YES1	truthbar	1	0.2767	DN_NC_073229.2_135821332_11	DN_NC_073241.2_49527271_12	0.1150	0.2509	0.2509
FZD3	FZD6	truthbar	1	0.2020	DN_NC_073231.2_109134791_7	DN_NC_073231.2_32715505_7	0.1654	0.0993	0.1654
GALNT1	GALNT13	truthbar	1	0.3915	DN_NC_073235.2_56615771_10	DN_NC_073241.2_64883296_11	0.1236	0.1886	0.1886
GALNT14	GALNT16	truthbar	1	0.3957	DN_NC_073236.2_108768428_15	DN_NC_073239.2_86159949_15	0.0455	0.0426	0.0455
GALNT17	LOC101126070	genuine	0						
GALNT17	LOC115935264	genuine	0	0.4265	DN_NC_073230.2_80576116_9	DN_NC_073230.2_81087606_7	0.0436	0.0844	0.0844
GALNT17	PMS2	genuine	0						
GAPDHS	LOC109024240	genuine	0	0.1422	DN_NC_073244.2_46592534_11	DN_NC_073244.2_46599941_3	0.0274	0.1700	0.1700
GATC	SRSF9	TP	0	0.4406	DN_NC_073234.2_135871466_4	DN_NC_073234.2_135886660_4	0.2782	0.1525	0.2782
GBA1	LOC101127437	TP	1	0.3588	DN_NC_073224.2_101578782_11	DN_NC_073224.2_101602135_9	0.0292	0.0641	0.0641
GBP2	GBP3	truthbar	1	0.3730	DN_NC_073224.2_150859518_11	DN_NC_073224.2_150948916_11	0.1554	0.1170	0.1554
GBP2	GBP4	truthbar	1						
GBP2	GBP5	truthbar	1	0.2943	DN_NC_073224.2_150712594_12	DN_NC_073224.2_150859518_11	0.3280	0.1554	0.3280
GBP2	GBP6	truthbar	1	0.2268	DN_NC_073224.2_150600792_11	DN_NC_073224.2_150859518_11	0.2165	0.1554	0.2165
GBP2	LOC101130426	truthbar	1	0.3176	DN_NC_073224.2_150859518_11	DN_NC_073224.2_150903711_11	0.1554	0.0832	0.1554
GBP2	LOC101137042	genuine	0	0.1569	DN_NC_073224.2_150567709_6	DN_NC_073224.2_150859518_11	0.1166	0.1554	0.1554
GBP3	GBP4	truthbar	1	0.1462	DN_NC_073224.2_150787798_12	DN_NC_073224.2_150948916_11	0.3737	0.1170	0.3737
GBP3	GBP5	truthbar	1	0.3246	DN_NC_073224.2_150712594_12	DN_NC_073224.2_150948916_11	0.3280	0.1170	0.3280
GBP3	GBP6	truthbar	1	0.1515	DN_NC_073224.2_150600792_11	DN_NC_073224.2_150948916_11	0.2165	0.1170	0.2165
GBP3	LOC101130426	truthbar	1	0.5171	DN_NC_073224.2_150903711_11	DN_NC_073224.2_150948916_11	0.0832	0.1170	0.1170
GBP3	LOC101137042	genuine	0	0.1555	DN_NC_073224.2_150567709_6	DN_NC_073224.2_150948916_11	0.1166	0.1170	0.1170
GBP4	GBP5	truthbar	1						
GBP4	GBP6	truthbar	1	0.5839	DN_NC_073224.2_150600792_11	DN_NC_073224.2_150787798_12	0.2165	0.3737	0.3737
GBP4	LOC101130426	truthbar	1						
GBP4	LOC101137042	genuine	0						
GBP5	GBP6	truthbar	1						
GBP5	LOC101130426	truthbar	1	0.2766	DN_NC_073224.2_150712594_12	DN_NC_073224.2_150903711_11	0.3280	0.0832	0.3280
GBP5	LOC101137042	genuine	0						
GBP6	LOC101130426	truthbar	1	0.1515	DN_NC_073224.2_150600792_11	DN_NC_073224.2_150903711_11	0.2165	0.0832	0.2165
GBP6	LOC101137042	genuine	0						
GGA1	GGA3	truthbar	1	0.1543	DN_NC_073228.2_16713346_17	DN_NC_086018.1_35611817_17	0.0497	0.0607	0.0607
GGCT	LOC134756666	genuine	0						
GGCT	OTULINL	genuine	0						
GGT1	IGSF3	genuine	0						
GGT1	LOC129526379	genuine	0	0.1420	DN_NC_073238.2_24435116_16	DN_NC_086018.1_22138206_15	0.0660	0.0745	0.0745
GIMAP4	KLHL33	genuine	0						
GIMAP4	LIPA	genuine	0						
GIMAP4	LOC101126025	genuine	0						
GIMAP4	LOC101143448	genuine	0						
GIMAP4	LOC101145464	genuine	0	0.2032	DN_NC_073230.2_159385621_3	DN_NC_073247.2_147586730_5	0.3755	0.4072	0.4072
GIMAP4	LOC109023154	genuine	0	0.1467	DN_NC_073230.2_159385621_3	DN_NC_073239.2_123333523_2	0.3755	0.2548	0.3755
GIMAP4	LOC109024560	genuine	0						
GIMAP4	LOC109025730	genuine	0	0.3441	DN_NC_073224.2_123525276_5	DN_NC_073230.2_159385621_3	0.4684	0.3755	0.4684
GIMAP4	LOC109028669	genuine	0						
GIMAP4	LOC129530096	genuine	0						
GIMAP4	LOC129530131	genuine	0	0.1512	DN_NC_073230.2_159385621_3	DN_NC_073247.2_115708949_2	0.3755	0.2180	0.3755
GIMAP4	LOC129533438	genuine	0						
GIMAP4	LOC134756589	genuine	0	0.1628	DN_NC_073230.2_159385621_3	DN_NC_073234.2_126370406_2	0.3755	0.4160	0.4160
GIMAP4	LRFN5	genuine	0						
GIMAP4	MINPP1	genuine	0						
GIMAP4	MMP24OS	genuine	0						
GIMAP4	NCALD	genuine	0						
GIMAP4	NCR3LG1	genuine	0						
GIMAP4	NFXL1	genuine	0						
GIMAP4	OXCT1	genuine	0						
GIMAP4	PDCD5	genuine	0	0.3739	DN_NC_073230.2_159385621_3	DN_NC_073244.2_43610901_6	0.3755	0.4805	0.4805
GIMAP4	SELENOP	genuine	0						
GIMAP4	SEM1	genuine	0	0.1718	DN_NC_073230.2_159385621_3	DN_NC_073230.2_92132360_3	0.3755	0.3708	0.3755
GIMAP4	SMYD3	genuine	0						
GIMAP4	SPATA33	genuine	0						
GIMAP4	SPC25	genuine	0	0.2449	DN_NC_073230.2_159385621_3	DN_NC_073235.2_71373985_7	0.3755	0.4132	0.4132
GIMAP4	THNSL1	genuine	0						
GIMAP4	TMEM38B	genuine	0						
GIMAP4	TSPAN8	genuine	0						
GIMAP4	UCHL1	genuine	0						
GLB1	GLB1L	truthbar	1	0.1760	DN_NC_073235.2_121932800_16	DN_NC_086017.1_42871160_16	0.1346	0.1062	0.1346
GLIPR1	KRR1	genuine	0	0.4329	DN_NC_073234.2_90802099_6	DN_NC_073234.2_90815331_10	0.1628	0.1978	0.1978
GLMP	TMEM79	genuine	0	0.3675	DN_NC_073224.2_100532147_6	DN_NC_073224.2_100535401_4	0.2570	0.0344	0.2570
GLT8D2	TDG	genuine	0	0.6238	DN_NC_073234.2_119380821_10	DN_NC_073234.2_119401970_11	0.1557	0.1094	0.1557
GLUD1	GLUD2	TP	1	0.7331	DN_NC_073232.2_99433455_13	DN_NC_073247.2_132688708_2	0.0961	0.0344	0.0961
GMNN	GSPT2	genuine	0						
GMNN	LOC129527626	genuine	0	0.1547	DN_NC_073229.2_42464475_7	DN_NC_073242.2_31473413_2	0.0805	0.3353	0.3353
GMNN	LOC134757427	genuine	0	0.1370	DN_NC_073229.2_42464475_7	DN_NC_073242.2_15582646_2	0.0805	0.3548	0.3548
GMNN	LOC134757432	genuine	0	0.1547	DN_NC_073229.2_42464475_7	DN_NC_073242.2_30609225_2	0.0805	0.3690	0.3690
GMNN	SNX29	genuine	0						
GNAI1	GNAI3	truthbar	1	0.3161	DN_NC_073224.2_130486250_9	DN_NC_073230.2_108545376_8	0.1500	0.1885	0.1885
GNAL	GNAS	truthbar	1	0.5633	DN_NC_073241.2_38359785_12	DN_NC_073245.2_71171979_13	0.1469	0.1309	0.1469
GNB1	GNB2	truthbar	1	0.5258	DN_NC_073224.2_239365488_12	DN_NC_073230.2_88115984_10	0.1298	0.0639	0.1298
GNG5	RPF1	genuine	0	0.6307	DN_NC_073224.2_155484145_3	DN_NC_073224.2_155489872_9	0.1130	0.2222	0.2222
GPAT3	GPAT4	genuine	0	0.3603	DN_NC_073227.2_103831874_13	DN_NC_073231.2_79838229_13	0.1008	0.0264	0.1008
GPAT4	LOC101133668	genuine	0	0.2929	DN_NC_073230.2_74190280_2	DN_NC_073231.2_79866967_2	0.6551	0.9495	0.9495
GPN1	SUPT7L	genuine	0	0.6197	DN_NC_073236.2_112253211_6	DN_NC_073236.2_112264496_14	0.1517	0.1337	0.1517
GPR89A	LOC101128637	genuine	0	0.5039	DN_NC_073224.2_116008764_12	DN_NC_073224.2_124490902_14	0.0726	0.1011	0.1011
GRIA1	GRIA4	truthbar	1	0.1448	DN_NC_073228.2_157310163_16	DN_NC_073233.2_113496230_16	0.0704	0.1012	0.1012
GRK2	GRK3	truthbar	1	0.6349	DN_NC_073233.2_75193065_21	DN_NC_086018.1_23590926_21	0.0462	0.0925	0.0925
GRTP1	LAMP1	genuine	0	0.6147	DN_NC_073238.2_128177434_9	DN_NC_073238.2_128201955_8	0.2008	0.1686	0.2008
GSPT2	LOC129527626	genuine	0						
GSPT2	LOC134757427	genuine	0						
GSPT2	LOC134757432	genuine	0						
GSPT2	SNX29	genuine	0						
GSTM1	GSTM3	truthbar	1	0.6313	DN_NC_073224.2_129169623_8	DN_NC_073224.2_129211328_8	0.0718	0.3265	0.3265
GSTM1	GSTM4	TP	1	0.4365	DN_NC_073224.2_129211328_8	DN_NC_073224.2_130416112_8	0.3265	0.1813	0.3265
GSTM1	GSTM5	truthbar	1	0.4182	DN_NC_073224.2_129191737_8	DN_NC_073224.2_129211328_8	0.0729	0.3265	0.3265
GSTM1	LOC129530196	genuine	0	0.1906	DN_NC_073224.2_129200469_3	DN_NC_073248.2_27104145_4	0.7223	0.5427	0.7223
GSTM2	LOC101126097	genuine	0	0.4230	DN_NC_073224.2_115215234_17	DN_NC_073224.2_130013703_13	0.0359	0.0681	0.0681
GSTM2	LOC101129940	genuine	0	0.7880	DN_NC_073224.2_124983304_5	DN_NC_073224.2_130157457_4	0.2013	0.1630	0.2013
GSTM2	LOC101131274	genuine	0	0.1703	DN_NC_073224.2_129970070_21	DN_NC_073224.2_218361248_19	0.0978	0.1074	0.1074
GSTM2	LOC101135585	genuine	0	0.4989	DN_NC_073224.2_129970070_21	DN_NC_073224.2_130335848_23	0.0978	0.0829	0.0978
GSTM2	LOC101140579	genuine	0	0.1336	DN_NC_073224.2_130406472_4	DN_NC_073233.2_132097253_2	0.8909	0.7089	0.8909
GSTM2	LOC101148313	genuine	0						
GSTM2	LOC109023809	genuine	0	0.2564	DN_NC_073224.2_117447152_14	DN_NC_073224.2_130305133_13	0.2343	0.2275	0.2343
GSTM2	LOC109026404	genuine	0	0.1349	DN_NC_073224.2_130406472_2	DN_NC_086017.1_165200217_5	0.6777	0.4427	0.6777
GSTM2	LOC109029488	genuine	0						
GSTM2	LOC115930164	genuine	0	0.3036	DN_NC_073224.2_129970070_21	DN_NC_073224.2_223156764_8	0.0978	0.1138	0.1138
GSTM2	LOC115930576	genuine	0	0.1703	DN_NC_073224.2_129970070_21	DN_NC_073224.2_218434129_23	0.0978	0.0986	0.0986
GSTM2	LOC115932735	genuine	0	0.1417	DN_NC_073224.2_124254598_20	DN_NC_073224.2_129970070_21	0.0804	0.0978	0.0978
GSTM2	LOC115932984	genuine	0	0.2346	DN_NC_073224.2_129970070_21	DN_NC_073224.2_130224824_25	0.0978	0.1023	0.1023
GSTM2	LOC115933235	genuine	0	0.5893	DN_NC_073224.2_129429039_7	DN_NC_073224.2_129970070_21	0.1781	0.0978	0.1781
GSTM2	LOC115933241	genuine	0	0.3804	DN_NC_073224.2_115073393_19	DN_NC_073224.2_129970070_21	0.1051	0.0978	0.1051
GSTM2	LOC115935025	genuine	0	0.1632	DN_NC_073224.2_130406472_4	DN_NC_073229.2_136550623_3	0.8909	0.3777	0.8909
GSTM2	LOC129523564	genuine	0						
GSTM2	LOC129525330	genuine	0	0.2328	DN_NC_073224.2_125594338_29	DN_NC_073224.2_129970070_21	0.0748	0.0978	0.0978
GSTM2	LOC129525331	genuine	0	0.2143	DN_NC_073224.2_125055626_35	DN_NC_073224.2_129970070_21	0.1114	0.0978	0.1114
GSTM2	LOC129525599	genuine	0	0.6679	DN_NC_073224.2_116807774_25	DN_NC_073224.2_129970070_21	0.1092	0.0978	0.1092
GSTM2	LOC129529082	genuine	0						
GSTM2	LOC129530428	genuine	0						
GSTM2	LOC129532045	genuine	0	0.1429	DN_NC_073224.2_130406472_2	DN_NC_073235.2_137582288_5	0.6777	0.5321	0.6777
GSTM2	LOC134756861	genuine	0	0.6682	DN_NC_073224.2_117494263_25	DN_NC_073224.2_129970070_21	0.1095	0.0978	0.1095
GSTM2	LOC134756922	genuine	0	0.9713	DN_NC_073224.2_117217199_13	DN_NC_073224.2_130013703_13	0.2059	0.0681	0.2059
GSTM2	LOC134757399	genuine	0	0.2493	DN_NC_073224.2_130406472_2	DN_NC_073241.2_80636266_2	0.6777	0.8234	0.8234
GSTM2	MCTP2	genuine	0						
GSTM2	NAP1L3	genuine	0						
GSTM2	NDUFAF2	genuine	0						
GSTM2	NGLY1	genuine	0						
GSTM2	RANBP6	genuine	0						
GSTM2	SEC22B	genuine	0	0.3202	DN_NC_073224.2_117114419_5	DN_NC_073224.2_130157457_4	0.2111	0.1630	0.2111
GSTM2	SLC11A2	genuine	0						
GSTM2	SLC25A12	genuine	0						
GSTM2	SNX14	genuine	0	0.1494	DN_NC_073224.2_130406472_2	DN_NC_073229.2_109663823_28	0.6777	0.3343	0.6777
GSTM2	SOX30	genuine	0						
GSTM2	TRIP13	genuine	0	0.1916	DN_NC_073224.2_130305133_13	DN_NC_073243.2_111262956_13	0.2275	0.1657	0.2275
GSTM2	WDR64	genuine	0	0.2655	DN_NC_073224.2_130406472_2	DN_NC_073224.2_13812644_2	0.6777	0.5624	0.6777
GSTM2	XAF1	genuine	0	0.1601	DN_NC_073224.2_130406472_4	DN_NC_073243.2_21894066_7	0.8909	0.6041	0.8909
GSTM3	GSTM4	truthbar	1	0.6066	DN_NC_073224.2_129169623_8	DN_NC_073224.2_130416112_8	0.0718	0.1813	0.1813
GSTM3	GSTM5	truthbar	1	0.6334	DN_NC_073224.2_129169623_8	DN_NC_073224.2_129191737_8	0.0718	0.0729	0.0729
GSTM4	GSTM5	truthbar	1	0.4402	DN_NC_073224.2_129191737_8	DN_NC_073224.2_130416112_8	0.0729	0.1813	0.1813
GTF3A	MTIF3	genuine	0	0.1981	DN_NC_073238.2_41750994_9	DN_NC_073238.2_41760020_5	0.0750	0.0714	0.0750
H1-4	LOC101133280	genuine	0	0.1557	DN_NC_073229.2_43808975_3	DN_NC_073229.2_43841872_2	0.1885	0.0700	0.1885
HARS1	LOC101146509	truthbar	1	0.5838	DN_NC_073228.2_144523376_13	DN_NC_073228.2_144540580_13	0.0274	0.0266	0.0274
HCFC1R1	THOC6	genuine	0	0.4695	DN_NC_073242.2_6668831_3	DN_NC_073242.2_6668959_13	0.0253	0.0506	0.0506
HCK	LCK	truthbar	1	0.4163	DN_NC_073224.2_207670698_13	DN_NC_073245.2_44289870_13	0.0268	0.0364	0.0364
HDGFL3	TM6SF1	genuine	0	0.6009	DN_NC_073240.2_84645975_10	DN_NC_073240.2_84673981_6	0.2109	0.2340	0.2340
HERC2	LOC109023386	genuine	0	0.1904	DN_NC_073240.2_23447377_5	DN_NC_073240.2_29509629_20	0.1846	0.1821	0.1846
HERC2	LOC115930830	genuine	0	0.2543	DN_NC_073240.2_29509629_20	DN_NC_073240.2_31271054_17	0.1821	0.0842	0.1821
HERC2	LOC129527054	genuine	0	0.6185	DN_NC_073240.2_23337808_11	DN_NC_073240.2_29369420_15	0.0659	0.0530	0.0659
HERC2	LOC129527072	genuine	0	0.2719	DN_NC_073240.2_24965661_3	DN_NC_073240.2_29509629_20	0.3767	0.1821	0.3767
HERC2	LOC134757229	genuine	0						
HERC5	HERC6	truthbar	1	0.2682	DN_NC_073227.2_108696648_23	DN_NC_073227.2_108774177_23	0.0749	0.1927	0.1927
HIGD1A	SDHAF4	genuine	0	0.1692	DN_NC_073229.2_94673034_3	DN_NC_086017.1_52688084_4	0.5447	0.3626	0.5447
HIVEP1	LOC115935615	genuine	0						
HIVEP1	LOC129532538	genuine	0	0.1529	DN_NC_073229.2_29619457_3	DN_NC_086017.1_156500672_3	0.3538	0.6425	0.6425
HIVEP1	LOC129532539	genuine	0	0.1529	DN_NC_073229.2_29619457_3	DN_NC_086017.1_156500672_2	0.3538	0.3216	0.3538
HIVEP1	TNFRSF10A	genuine	0						
HIVEP1	TNFRSF10B	genuine	0	0.1548	DN_NC_073229.2_29619457_3	DN_NC_073231.2_27219653_9	0.3538	0.2618	0.3538
HIVEP1	TNFRSF10D	genuine	0						
HK1	HK2	truthbar	1	0.7510	DN_NC_073232.2_46350686_18	DN_NC_073236.2_64893638_18	0.0146	0.0960	0.0960
HK1	HKDC1	truthbar	1	0.3327	DN_NC_073232.2_46350686_18	DN_NC_073232.2_46484201_18	0.0146	0.0977	0.0977
HK2	HKDC1	truthbar	1	0.2356	DN_NC_073232.2_46484201_18	DN_NC_073236.2_64893638_18	0.0977	0.0960	0.0977
HMGN2	LOC129533754	genuine	0	0.1736	DN_NC_073224.2_213462039_6	DN_NC_073228.2_49710333_4	0.1189	0.3420	0.3420
HNRNPA1	LOC101136459	genuine	0	0.5115	DN_NC_073234.2_47062440_10	DN_NC_073238.2_67037804_5	0.0782	0.1336	0.1336
HNRNPF	HNRNPH1	truthbar	1	0.5570	DN_NC_073228.2_183595646_14	DN_NC_073232.2_72046295_2	0.0723	0.0665	0.0723
HNRNPF	HNRNPH2	truthbar	1	0.5308	DN_NC_073232.2_72046295_2	DN_NC_073247.2_113184310_2	0.0665	0.0981	0.0981
HNRNPH1	HNRNPH2	truthbar	1	0.6090	DN_NC_073228.2_183595646_14	DN_NC_073247.2_113184615_2	0.0723	0.1044	0.1044
HPCAL1	HPCAL4	truthbar	1	0.2494	DN_NC_073224.2_200263910_4	DN_NC_073236.2_129488631_5	0.0745	0.0380	0.0745
HSCB	NBEAL1	genuine	0	0.1598	DN_NC_073235.2_105819742_3	DN_NC_086018.1_26773900_6	0.3146	0.3493	0.3493
HSP90AA1	HSP90AB1	truthbar	1	0.4101	DN_NC_073229.2_62050928_12	DN_NC_073239.2_119046659_11	0.1082	0.0845	0.1082
HSPA12A	HSPA12B	truthbar	1	0.2210	DN_NC_073232.2_128963971_12	DN_NC_073245.2_13635871_13	0.0342	0.0282	0.0342
HSPA1L	HSPA2	truthbar	1	0.4634	DN_NC_073229.2_49412440_2	DN_NC_073239.2_81444992_2	0.0902	0.0555	0.0902
HSPA1L	HSPA8	truthbar	1	0.6566	DN_NC_073229.2_49412455_2	DN_NC_073233.2_130982674_9	0.0207	0.0523	0.0523
HSPA1L	LOC101131586	genuine	1	0.6732	DN_NC_073229.2_49412455_2	DN_NC_073229.2_49429142_2	0.0207	0.0707	0.0707
HSPA2	HSPA8	truthbar	1	0.4915	DN_NC_073233.2_130982674_9	DN_NC_073239.2_81444992_2	0.0523	0.0555	0.0555
HSPA2	LOC101131586	truthbar	1	0.4873	DN_NC_073229.2_49424718_2	DN_NC_073239.2_81444992_2	0.0412	0.0555	0.0555
HSPA4L	HSPH1	truthbar	1	0.2288	DN_NC_073227.2_147946045_19	DN_NC_073238.2_45470660_18	0.1535	0.1457	0.1535
HSPA8	LOC101131586	truthbar	1						
HTRA1	HTRA3	truthbar	1	0.2112	DN_NC_073227.2_13097386_9	DN_NC_073232.2_134750324_9	0.0081	0.0294	0.0294
HYAL3	NAA80	genuine	0	0.1458	DN_NC_086017.1_60157910_4	DN_NC_086017.1_60161487_2	0.0212	0.0152	0.0212
IFITM1	IFITM2	truthbar	1	0.8782	DN_NC_073233.2_6759783_2	DN_NC_073233.2_6761147_2	0.0874	0.0988	0.0988
IFITM1	LOC101128980	truthbar	1	0.4864	DN_NC_073233.2_6765652_2	DN_NC_073233.2_6771931_2	0.0000	0.0543	0.0543
IFITM1	LOC134758331	genuine	0	0.4763	DN_NC_073227.2_97044821_2	DN_NC_073233.2_6765652_2	0.4313	0.0000	0.4313
IFITM1	VCF2	genuine	0	0.1374	DN_NC_073233.2_6761147_2	DN_NC_073247.2_65202088_3	0.0988	0.1333	0.1333
IFITM2	LOC101128980	TP	1	0.5700	DN_NC_073233.2_6759783_2	DN_NC_073233.2_6771931_2	0.0874	0.0543	0.0874
IFITM2	LOC134758331	genuine	0						
IFITM2	VCF2	genuine	0						
IFT20	TMEM97	genuine	0	0.4655	DN_NC_073228.2_64755384_5	DN_NC_073228.2_64760968_3	0.2061	0.2906	0.2906
IGBP1	IGBP1C	TP	1	0.5703	DN_NC_073228.2_33351168_2	DN_NC_073247.2_81944671_6	0.0482	0.0510	0.0510
IGSF3	LOC129526379	TP	1	0.4585	DN_NC_073224.2_120975632_11	DN_NC_073238.2_24435116_16	0.0816	0.0660	0.0816
IKBKG	LOC115932121	TP	1	0.7542	DN_NC_073247.2_166164942_10	DN_NC_073247.2_166250782_8	0.0381	0.0604	0.0604
IKZF5	PSTK	genuine	0	0.8914	DN_NC_073232.2_135254310_6	DN_NC_073232.2_135264721_4	0.2002	0.2196	0.2196
IL20RB	LOC115932679	genuine	0						
IL20RB	LOC129523854	genuine	0						
IL20RB	LOC129524788	genuine	0	0.1788	DN_NC_073224.2_150835184_3	DN_NC_086017.1_148168205_5	0.4046	0.3988	0.4046
IL20RB	LOC129529528	genuine	0						
IL20RB	LOC129533004	genuine	0	0.1599	DN_NC_073227.2_208386894_3	DN_NC_086017.1_148168205_5	0.3244	0.3988	0.3988
IL20RB	SLC37A2	genuine	0	0.1461	DN_NC_073233.2_132992860_18	DN_NC_086017.1_148168205_5	0.2934	0.3988	0.3988
IL20RB	YAE1	genuine	0						
IL37	XIAP	genuine	0	0.1418	DN_NC_073236.2_50448087_2	DN_NC_073247.2_135520853_7	0.3471	0.1486	0.3471
ILF2	SNAPIN	genuine	0	0.4070	DN_NC_073224.2_103138337_14	DN_NC_073224.2_103145991_4	0.1321	0.2184	0.2184
INTS6	INTS6L	truthbar	1	0.2126	DN_NC_073238.2_65876995_17	DN_NC_073247.2_147316506_18	0.0970	0.0919	0.0970
INTS6	SAGE1	genuine	0						
INTS6L	SAGE1	genuine	0	0.1809	DN_NC_073247.2_147316506_18	DN_NC_073247.2_147600611_20	0.0919	0.0436	0.0919
IPO5	RANBP6	truthbar	1	0.5944	DN_NC_073237.2_58583645_2	DN_NC_073238.2_112687980_26	0.0975	0.0962	0.0975
IPO7	IPO8	truthbar	1	0.2341	DN_NC_073233.2_15764817_25	DN_NC_073234.2_70557569_25	0.1642	0.1165	0.1642
IQUB	LOC101134045	genuine	0	0.1719	DN_NC_073230.2_132467242_13	DN_NC_073233.2_14005356_9	0.3269	0.3702	0.3702
IQUB	LOC129526638	genuine	0	0.2477	DN_NC_073230.2_132467242_13	DN_NC_073239.2_70164897_2	0.3269	0.8729	0.8729
IQUB	LOC134757313	genuine	0						
IQUB	MTHFD2L	genuine	0						
IQUB	ZNF626	genuine	0						
IRF5	IRF6	truthbar	1	0.1470	DN_NC_073224.2_46970626_9	DN_NC_073230.2_138011361_9	0.1225	0.0621	0.1225
ITPR1	ITPR2	truthbar	1	0.1858	DN_NC_073234.2_74802518_16	DN_NC_086017.1_14572523_16	0.1299	0.1131	0.1299
ITSN1	LOC101150644	genuine	0	0.1352	DN_NC_073233.2_11450665_3	DN_NC_073246.2_35769268_8	0.3132	0.2124	0.3132
ITSN1	LOC129532904	genuine	0						
JADE1	JADE2	truthbar	1	0.2127	DN_NC_073227.2_149041423_9	DN_NC_073228.2_138430444_12	0.1434	0.0519	0.1434
JAG1	JAG2	truthbar	1	0.1732	DN_NC_073239.2_122136493_25	DN_NC_073245.2_20582467_26	0.0118	0.0870	0.0870
JMJD8	STUB1	TP	0	0.3153	DN_NC_073242.2_4304426_7	DN_NC_073242.2_4305661_8	0.0167	0.0259	0.0259
KAT2A	KAT2B	truthbar	1	0.4015	DN_NC_073228.2_50347799_18	DN_NC_086017.1_29881584_18	0.0291	0.1134	0.1134
KAT5	RNASEH2C	genuine	0	0.2492	DN_NC_073233.2_73623857_14	DN_NC_073233.2_73629498_4	0.0400	0.0787	0.0787
KAT6A	KAT6B	truthbar	1	0.2622	DN_NC_073231.2_79409495_17	DN_NC_073232.2_40728717_16	0.1053	0.1175	0.1175
KCNIP1	LOC101126415	genuine	0						
KCNIP1	LOC101128351	genuine	0						
KCNIP1	LOC101128712	genuine	0						
KCNIP1	LOC101129789	genuine	0						
KCNIP1	LOC101130507	genuine	0						
KCNIP1	LOC101130877	genuine	0						
KCNIP1	LOC101133657	genuine	0						
KCNIP1	LOC101148180	genuine	0						
KCNIP1	LOC101153725	genuine	0						
KCNIP1	LOC101153837	genuine	0						
KCNIP1	LOC101154200	genuine	0						
KCNIP1	LOC109024269	genuine	0						
KCNIP1	LOC109025073	genuine	0						
KCNIP1	LOC129527774	genuine	0						
KCNIP1	RPL14	genuine	0	0.1333	DN_NC_073228.2_174193084_4	DN_NC_086017.1_50362387_6	0.3602	0.4964	0.4964
KCNIP1	ZNF124	genuine	0						
KCNIP1	ZNF136	genuine	0						
KCNIP1	ZNF14	genuine	0						
KCNIP1	ZNF426	genuine	0						
KCNIP1	ZNF433	genuine	0						
KCNIP1	ZNF440	genuine	0						
KCNIP1	ZNF441	genuine	0						
KCNIP1	ZNF443	genuine	0						
KCNIP1	ZNF490	genuine	0						
KCNIP1	ZNF563	genuine	0						
KCNIP1	ZNF564	genuine	0						
KCNIP1	ZNF57	genuine	0						
KCNIP1	ZNF627	genuine	0						
KCNIP1	ZNF669	genuine	0						
KCNIP1	ZNF670	genuine	0						
KCNIP1	ZNF77	genuine	0						
KCNIP1	ZNF791	genuine	0						
KCNIP1	ZNF799	genuine	0						
KCNIP1	ZNF823	genuine	0						
KDM4A	KDM4C	truthbar	1	0.2171	DN_NC_073224.2_196241058_22	DN_NC_073237.2_57425988_22	0.0424	0.0947	0.0947
KDM5B	KDM5C	truthbar	1						
KDM5B	KDM5D	truthbar	1	0.1431	DN_NC_073224.2_53955814_27	DN_NC_073248.2_27118037_27	0.0791	0.0749	0.0791
KDM5C	KDM5D	truthbar	1	0.2697	DN_NC_073247.2_63315044_26	DN_NC_073248.2_27118037_27	0.0937	0.0749	0.0937
KDM7A	PHF8	truthbar	1	0.1605	DN_NC_073230.2_149202220_20	DN_NC_073247.2_64062359_23	0.1289	0.0692	0.1289
KDM8	LOC129523519	TP	1	0.9997	DN_NC_073242.2_26867490_8	DN_NC_073242.2_27157172_8	0.0504	0.0518	0.0518
KHDC1	RPSA	genuine	0	0.2048	DN_NC_073229.2_97353754_3	DN_NC_086017.1_49305793_6	0.2696	0.0390	0.2696
KHNYN	SDR39U1	genuine	0	0.5962	DN_NC_073239.2_32209364_6	DN_NC_073239.2_32210799_7	0.0205	0.0434	0.0434
KIF27	LOC115935769	genuine	0	0.3454	DN_NC_073237.2_80081336_11	DN_NC_073237.2_82042769_5	0.0925	0.1892	0.1892
KIF3B	KIF3C	truthbar	1	0.1327	DN_NC_073236.2_113941675_8	DN_NC_073245.2_44511531_9	0.0920	0.1141	0.1141
KLC1	KLC2	truthbar	1						
KLC1	KLC3	truthbar	1	0.3401	DN_NC_073239.2_120602021_15	DN_NC_073244.2_56850091_13	0.0999	0.0127	0.0999
KLC1	KLC4	truthbar	1						
KLC2	KLC3	truthbar	1						
KLC2	KLC4	truthbar	1	0.2982	DN_NC_073229.2_60853569_16	DN_NC_073233.2_74176850_16	0.0535	0.0124	0.0535
KLC3	KLC4	truthbar	1	0.3500	DN_NC_073229.2_60853569_16	DN_NC_073244.2_56850091_13	0.0535	0.0127	0.0535
KLHL3	L2HGDH	genuine	0						
KLHL3	LOC101130401	genuine	0						
KLHL3	LOC101137734	genuine	0						
KLHL3	LOC101146595	genuine	0						
KLHL3	LOC129527528	genuine	0	0.1673	DN_NC_073228.2_141706476_5	DN_NC_073242.2_7013229_2	0.4286	0.6546	0.6546
KLHL3	LOC129532907	genuine	0						
KLHL3	LOC134756955	genuine	0	0.1683	DN_NC_073228.2_141706476_5	DN_NC_073238.2_33197456_2	0.4286	0.3582	0.4286
KLHL3	ORC4	genuine	0	0.1534	DN_NC_073228.2_141706476_5	DN_NC_073235.2_50441116_14	0.4286	0.3425	0.4286
KLHL3	TCTN1	genuine	0						
KLHL33	LIPA	genuine	0						
KLHL33	LOC101126025	genuine	0						
KLHL33	LOC101143448	genuine	0						
KLHL33	LOC101145464	genuine	0						
KLHL33	LOC109023154	genuine	0						
KLHL33	LOC109024560	genuine	0						
KLHL33	LOC109025730	genuine	0	0.1860	DN_NC_073224.2_123525276_5	DN_NC_073239.2_36370724_4	0.4684	0.2762	0.4684
KLHL33	LOC109028669	genuine	0						
KLHL33	LOC129530096	genuine	0						
KLHL33	LOC129530131	genuine	0						
KLHL33	LOC129533438	genuine	0						
KLHL33	LOC134756589	genuine	0						
KLHL33	LRFN5	genuine	0						
KLHL33	MINPP1	genuine	0						
KLHL33	MMP24OS	genuine	0	0.1474	DN_NC_073239.2_36370724_4	DN_NC_073245.2_47429376_4	0.2762	0.4603	0.4603
KLHL33	NCALD	genuine	0						
KLHL33	NCR3LG1	genuine	0						
KLHL33	NFXL1	genuine	0						
KLHL33	OXCT1	genuine	0						
KLHL33	PDCD5	genuine	0	0.2013	DN_NC_073239.2_36370724_4	DN_NC_073244.2_43610901_6	0.2762	0.4805	0.4805
KLHL33	SELENOP	genuine	0						
KLHL33	SEM1	genuine	0	0.1323	DN_NC_073230.2_92132360_3	DN_NC_073239.2_36370724_4	0.3708	0.2762	0.3708
KLHL33	SMYD3	genuine	0						
KLHL33	SPATA33	genuine	0						
KLHL33	SPC25	genuine	0	0.1603	DN_NC_073235.2_71373985_7	DN_NC_073239.2_36370724_4	0.4132	0.2762	0.4132
KLHL33	THNSL1	genuine	0						
KLHL33	TMEM38B	genuine	0						
KLHL33	TSPAN8	genuine	0						
KLHL33	UCHL1	genuine	0						
KMT2C	LOC129526385	genuine	0	0.3125	DN_NC_073230.2_161022909_27	DN_NC_073238.2_22875925_6	0.0555	0.1445	0.1445
KMT2C	LOC129526398	genuine	0	0.2942	DN_NC_073230.2_161022909_27	DN_NC_073238.2_24580375_8	0.0555	0.1735	0.1735
KMT2C	LOC129526957	genuine	0	0.1887	DN_NC_073230.2_161022909_27	DN_NC_073236.2_21263952_7	0.0555	0.2261	0.2261
KMT2C	LOC134757216	genuine	0	0.1986	DN_NC_073230.2_161022909_27	DN_NC_073240.2_14396114_6	0.0555	0.2066	0.2066
KMT2C	TMEM128	genuine	0						
KRBOX4	LOC101127631	genuine	0						
KRBOX4	LOC101129219	genuine	0						
KRBOX4	LOC101130677	genuine	0						
KRBOX4	LOC101138952	genuine	0						
KRBOX4	LOC129523567	genuine	0						
KRBOX4	LOC129528667	genuine	0						
KRBOX4	ZFP37	genuine	0						
KRBOX4	ZNF10	genuine	0						
KRBOX4	ZNF140	genuine	0						
KRBOX4	ZNF157	genuine	0						
KRBOX4	ZNF175	genuine	0						
KRBOX4	ZNF180	genuine	0						
KRBOX4	ZNF182	genuine	0						
KRBOX4	ZNF25	genuine	0						
KRBOX4	ZNF26	genuine	0						
KRBOX4	ZNF260	genuine	0						
KRBOX4	ZNF268	genuine	0						
KRBOX4	ZNF287	genuine	0						
KRBOX4	ZNF300	genuine	0	0.1306	DN_NC_073228.2_154747841_5	DN_NC_073247.2_56848572_6	0.1543	0.2352	0.2352
KRBOX4	ZNF302	genuine	0						
KRBOX4	ZNF334	genuine	0						
KRBOX4	ZNF33B	genuine	0						
KRBOX4	ZNF354A	genuine	0						
KRBOX4	ZNF354B	genuine	0						
KRBOX4	ZNF382	genuine	0						
KRBOX4	ZNF41	genuine	0						
KRBOX4	ZNF432	genuine	0						
KRBOX4	ZNF484	genuine	0						
KRBOX4	ZNF487	genuine	0						
KRBOX4	ZNF501	genuine	0						
KRBOX4	ZNF510	genuine	0						
KRBOX4	ZNF527	genuine	0						
KRBOX4	ZNF565	genuine	0						
KRBOX4	ZNF567	genuine	0						
KRBOX4	ZNF568	genuine	0						
KRBOX4	ZNF569	genuine	0						
KRBOX4	ZNF577	genuine	0						
KRBOX4	ZNF585A	genuine	0						
KRBOX4	ZNF585B	genuine	0						
KRBOX4	ZNF605	genuine	0						
KRBOX4	ZNF606	genuine	0						
KRBOX4	ZNF613	genuine	0						
KRBOX4	ZNF614	genuine	0						
KRBOX4	ZNF615	genuine	0						
KRBOX4	ZNF624	genuine	0						
KRBOX4	ZNF649	genuine	0						
KRBOX4	ZNF674	TP	0	0.1656	DN_NC_073247.2_56848572_6	DN_NC_073247.2_56899135_7	0.2352	0.2309	0.2352
KRBOX4	ZNF717	genuine	0						
KRBOX4	ZNF782	genuine	0						
KRBOX4	ZNF81	genuine	0						
KRBOX4	ZNF84	genuine	0						
KRBOX4	ZNF883	genuine	0						
KRBOX5	LOC101123988	truthbar	1						
KRBOX5	LOC101124778	truthbar	1						
KRBOX5	LOC101126065	truthbar	1						
KRBOX5	LOC101128106	genuine	0						
KRBOX5	LOC101128844	truthbar	1						
KRBOX5	LOC101129171	truthbar	1						
KRBOX5	LOC101130023	truthbar	1						
KRBOX5	LOC101133546	truthbar	1						
KRBOX5	LOC101133668	genuine	0						
KRBOX5	LOC101136009	truthbar	1						
KRBOX5	LOC101137462	truthbar	1						
KRBOX5	LOC101141027	truthbar	1						
KRBOX5	LOC101142646	truthbar	1						
KRBOX5	LOC101144119	genuine	0						
KRBOX5	LOC101144471	truthbar	1						
KRBOX5	LOC101144838	truthbar	1						
KRBOX5	LOC101145945	truthbar	1						
KRBOX5	LOC101146634	truthbar	1						
KRBOX5	LOC101147715	genuine	0						
KRBOX5	LOC101150965	genuine	0						
KRBOX5	LOC101151892	genuine	0						
KRBOX5	LOC101152401	truthbar	1						
KRBOX5	LOC101153126	truthbar	1						
KRBOX5	LOC101153131	truthbar	1						
KRBOX5	LOC109024216	truthbar	1						
KRBOX5	LOC109026610	truthbar	1						
KRBOX5	LOC115930172	genuine	0						
KRBOX5	LOC115931567	genuine	0						
KRBOX5	LOC115931568	truthbar	1						
KRBOX5	LOC115931576	truthbar	1						
KRBOX5	LOC115931654	truthbar	1						
KRBOX5	LOC115931857	truthbar	1						
KRBOX5	LOC129527827	genuine	0						
KRBOX5	LOC129528947	genuine	0						
KRBOX5	OSBPL10	genuine	0						
KRBOX5	ZNF141	truthbar	1						
KRBOX5	ZNF195	truthbar	1						
KRBOX5	ZNF254	truthbar	1						
KRBOX5	ZNF267	truthbar	1	0.1479	DN_NC_073242.2_37302670_5	DN_NC_073242.2_37386128_4	0.1585	0.2710	0.2710
KRBOX5	ZNF273	truthbar	1						
KRBOX5	ZNF28	truthbar	1						
KRBOX5	ZNF347	truthbar	1						
KRBOX5	ZNF415	truthbar	1						
KRBOX5	ZNF429	truthbar	1						
KRBOX5	ZNF43	truthbar	1						
KRBOX5	ZNF430	truthbar	1						
KRBOX5	ZNF468	truthbar	1						
KRBOX5	ZNF480	truthbar	1						
KRBOX5	ZNF486	truthbar	1						
KRBOX5	ZNF506	truthbar	1						
KRBOX5	ZNF519	truthbar	1						
KRBOX5	ZNF528	truthbar	1						
KRBOX5	ZNF578	truthbar	1						
KRBOX5	ZNF595	truthbar	1						
KRBOX5	ZNF600	truthbar	1						
KRBOX5	ZNF611	truthbar	1						
KRBOX5	ZNF616	truthbar	1						
KRBOX5	ZNF626	truthbar	1						
KRBOX5	ZNF655	truthbar	1						
KRBOX5	ZNF675	truthbar	1						
KRBOX5	ZNF678	truthbar	1						
KRBOX5	ZNF680	truthbar	1						
KRBOX5	ZNF681	truthbar	1						
KRBOX5	ZNF682	truthbar	1						
KRBOX5	ZNF695	truthbar	1						
KRBOX5	ZNF701	truthbar	1						
KRBOX5	ZNF721	truthbar	1						
KRBOX5	ZNF723	truthbar	1						
KRBOX5	ZNF727	truthbar	1						
KRBOX5	ZNF736	truthbar	1						
KRBOX5	ZNF761	truthbar	1						
KRBOX5	ZNF766	truthbar	1						
KRBOX5	ZNF8	truthbar	1						
KRBOX5	ZNF808	truthbar	1						
KRBOX5	ZNF813	truthbar	1						
KRBOX5	ZNF83	truthbar	1						
KRBOX5	ZNF836	truthbar	1						
KRBOX5	ZNF841	truthbar	1						
KRBOX5	ZNF888	truthbar	1						
KRBOX5	ZNF91	genuine	0						
KRBOX5	ZNF92	truthbar	1						
KRCC1	ZMAT1	genuine	0	0.2369	DN_NC_073236.2_52686516_4	DN_NC_073247.2_113660362_2	0.1777	0.2044	0.2044
KRT18	LOC101153891	genuine	0	0.5851	DN_NC_073224.2_27333739_3	DN_NC_073234.2_48400691_7	0.1338	0.0532	0.1338
KRT18	LOC109026917	genuine	0	0.2727	DN_NC_073228.2_64771950_2	DN_NC_073234.2_48400691_7	0.1334	0.0532	0.1334
KRT4	KRT7	truthbar	1	0.3422	DN_NC_073234.2_48529294_9	DN_NC_073234.2_49097599_9	0.0254	0.0332	0.0332
KRT4	KRT8	truthbar	1	0.4019	DN_NC_073234.2_48448103_8	DN_NC_073234.2_48529294_9	0.0445	0.0254	0.0445
KRT4	LOC101136203	truthbar	1	0.3873	DN_NC_073234.2_48529294_9	DN_NC_073234.2_49024482_9	0.0254	0.0109	0.0254
KRT4	LOC109029034	truthbar	1						
KRT4	TTBK2	genuine	0						
KRT7	KRT8	truthbar	1	0.4900	DN_NC_073234.2_48448103_8	DN_NC_073234.2_49097599_9	0.0445	0.0332	0.0445
KRT7	LOC101136203	truthbar	1	0.2800	DN_NC_073234.2_49024482_9	DN_NC_073234.2_49097599_9	0.0109	0.0332	0.0332
KRT7	LOC109029034	truthbar	1	0.4774	DN_NC_073234.2_49087212_9	DN_NC_073234.2_49097599_9	0.0718	0.0332	0.0718
KRT7	TTBK2	genuine	0	0.1853	DN_NC_073234.2_49097599_9	DN_NC_073240.2_43610228_10	0.0332	0.0730	0.0730
KRT8	LOC101136203	truthbar	1	0.2317	DN_NC_073234.2_48448103_8	DN_NC_073234.2_49024482_9	0.0445	0.0109	0.0445
KRT8	LOC109029034	truthbar	1	0.3198	DN_NC_073234.2_48448103_8	DN_NC_073234.2_49087212_9	0.0445	0.0718	0.0718
KRT8	TTBK2	genuine	0	0.2242	DN_NC_073234.2_48448103_8	DN_NC_073240.2_43610228_10	0.0445	0.0730	0.0730
KYAT3	RBMX	genuine	0	0.3394	DN_NC_073224.2_150982352_2	DN_NC_073247.2_148580448_11	0.1475	0.0965	0.1475
L2HGDH	LOC101130401	genuine	0						
L2HGDH	LOC101137734	genuine	0						
L2HGDH	LOC101146595	genuine	0						
L2HGDH	LOC129527528	genuine	0	0.1741	DN_NC_073239.2_67194404_11	DN_NC_073242.2_7013229_2	0.3449	0.6546	0.6546
L2HGDH	LOC129532907	genuine	0						
L2HGDH	LOC134756955	genuine	0	0.1501	DN_NC_073238.2_33197456_2	DN_NC_073239.2_67194404_11	0.3582	0.3449	0.3582
L2HGDH	ORC4	genuine	0						
L2HGDH	TCTN1	genuine	0						
LAGE3	LOC101137029	genuine	0	0.4509	DN_NC_073237.2_30974188_2	DN_NC_073247.2_166096407_3	0.1997	0.0374	0.1997
LAMTOR3	POLR2D	genuine	0						
LAMTOR3	RPS26	genuine	0	0.1352	DN_NC_073227.2_120192697_7	DN_NC_073234.2_45319542_4	0.2658	0.3473	0.3473
LAMTOR3	WDR55	genuine	0						
LARP1B	LOC101126300	genuine	0	0.1301	DN_NC_073227.2_148253939_6	DN_NC_073230.2_53547116_11	0.1888	0.2231	0.2231
LARP1B	LOC109027782	genuine	0						
LARP1B	LOC109028759	genuine	0	0.1376	DN_NC_073227.2_148253939_6	DN_NC_073233.2_55845432_8	0.1888	0.1427	0.1888
LARP1B	LOC129523694	genuine	0	0.1341	DN_NC_073227.2_148253939_6	DN_NC_073230.2_64705365_4	0.1888	0.1183	0.1888
LARP1B	LOC129533124	genuine	0						
LARP1B	LOC129533256	genuine	0	0.1923	DN_NC_073227.2_148253939_6	DN_NC_073227.2_166164041_5	0.1888	0.4572	0.4572
LARP1B	NUPR2	genuine	0	0.1467	DN_NC_073227.2_148253939_6	DN_NC_073230.2_64295055_2	0.1888	0.0252	0.1888
LARP1B	PSPH	genuine	0						
LCP1	PLS1	truthbar	1	0.2315	DN_NC_073238.2_59946195_16	DN_NC_086017.1_153776814_16	0.0796	0.1196	0.1196
LDHA	LDHAL6A	truthbar	1						
LDHA	LDHC	truthbar	1	0.3087	DN_NC_073233.2_24785501_8	DN_NC_073233.2_24803514_8	0.2637	0.3325	0.3325
LDHA	LOC115932756	genuine	0						
LDHA	LOC115932954	genuine	0						
LDHA	LOC115933156	genuine	0						
LDHA	LOC129523503	genuine	0						
LDHA	LOC129523574	genuine	0						
LDHA	LOC129526389	genuine	0						
LDHA	LOC129530227	genuine	0						
LDHA	LOC134756368	genuine	0						
LDHA	LOC134756753	genuine	0						
LDHA	LRPAP1	genuine	0						
LDHA	XRCC2	genuine	0						
LDHAL6A	LDHC	truthbar	1	0.4643	DN_NC_073233.2_24803514_8	DN_NC_073233.2_24846978_8	0.3325	0.2239	0.3325
LDHAL6A	LOC115932756	genuine	0						
LDHAL6A	LOC115932954	genuine	0						
LDHAL6A	LOC115933156	genuine	0						
LDHAL6A	LOC129523503	genuine	0						
LDHAL6A	LOC129523574	genuine	0						
LDHAL6A	LOC129526389	genuine	0						
LDHAL6A	LOC129530227	genuine	0						
LDHAL6A	LOC134756368	genuine	0						
LDHAL6A	LOC134756753	genuine	0						
LDHAL6A	LRPAP1	genuine	0						
LDHAL6A	XRCC2	genuine	0						
LDHC	LOC115932756	genuine	0						
LDHC	LOC115932954	genuine	0						
LDHC	LOC115933156	genuine	0						
LDHC	LOC129523503	genuine	0						
LDHC	LOC129523574	genuine	0						
LDHC	LOC129526389	genuine	0						
LDHC	LOC129530227	genuine	0						
LDHC	LOC134756368	genuine	0						
LDHC	LOC134756753	genuine	0						
LDHC	LRPAP1	genuine	0						
LDHC	XRCC2	genuine	0	0.1461	DN_NC_073230.2_161461454_2	DN_NC_073233.2_24803514_8	0.3377	0.3325	0.3377
LDLR	PRXL2A	genuine	0						
LHX2	LHX9	truthbar	1	0.1527	DN_NC_073224.2_58834163_5	DN_NC_073237.2_120375635_3	0.1838	0.1640	0.1838
LIMK1	LIMK2	truthbar	1	0.1547	DN_NC_073230.2_83196711_9	DN_NC_086018.1_29227554_16	0.0789	0.0219	0.0789
LIMS1	LOC101146691	TP	1	0.3281	DN_NC_073236.2_46553268_10	DN_NC_073236.2_47822803_9	0.2897	0.2418	0.2897
LINC02693	LOC109025320	TP	0	0.2001	DN_NC_073228.2_78970117_3	DN_NC_073242.2_66481481_2	0.0725	0.0728	0.0728
LINC02693	LOC129527663	genuine	0	0.5751	DN_NC_073242.2_66481481_2	DN_NC_073242.2_68108553_2	0.0728	0.0751	0.0751
LIPA	LOC101126025	genuine	0						
LIPA	LOC101143448	genuine	0						
LIPA	LOC101145464	genuine	0						
LIPA	LOC109023154	genuine	0						
LIPA	LOC109024560	genuine	0						
LIPA	LOC109025730	genuine	0	0.2206	DN_NC_073224.2_123525276_5	DN_NC_073232.2_101543079_10	0.4684	0.2254	0.4684
LIPA	LOC109028669	genuine	0						
LIPA	LOC129530096	genuine	0						
LIPA	LOC129530131	genuine	0						
LIPA	LOC129533438	genuine	0						
LIPA	LOC134756589	genuine	0						
LIPA	LRFN5	genuine	0						
LIPA	MINPP1	genuine	0						
LIPA	MMP24OS	genuine	0						
LIPA	NCALD	genuine	0						
LIPA	NCR3LG1	genuine	0						
LIPA	NFXL1	genuine	0						
LIPA	OXCT1	genuine	0						
LIPA	PDCD5	genuine	0	0.2339	DN_NC_073232.2_101543079_10	DN_NC_073244.2_43610901_6	0.2254	0.4805	0.4805
LIPA	SELENOP	genuine	0						
LIPA	SEM1	genuine	0						
LIPA	SMYD3	genuine	0						
LIPA	SPATA33	genuine	0						
LIPA	SPC25	genuine	0	0.2154	DN_NC_073232.2_101543079_10	DN_NC_073235.2_71373985_7	0.2254	0.4132	0.4132
LIPA	THNSL1	genuine	0						
LIPA	TMEM38B	genuine	0						
LIPA	TSPAN8	genuine	0						
LIPA	UCHL1	genuine	0						
LIPK	RNLS	genuine	0	0.8582	DN_NC_073232.2_100896386_2	DN_NC_073232.2_100896386_3	0.1362	0.1659	0.1659
LOC101123674	PCCA	genuine	0	0.1592	DN_NC_073237.2_84711301_3	DN_NC_073238.2_114796219_2	0.2895	0.3379	0.3379
LOC101123872	LOC129523667	genuine	0	0.1413	DN_NC_073230.2_75755711_3	DN_NC_073230.2_75935335_9	0.1213	0.0870	0.1213
LOC101123934	SLC2A14	TP	1	0.5556	DN_NC_073234.2_23452056_11	DN_NC_073234.2_23565467_10	0.0863	0.1877	0.1877
LOC101123970	LOC129527614	TP	1	1.0000	DN_NC_073242.2_26889052_8	DN_NC_073242.2_27178722_8	0.0378	0.1261	0.1261
LOC101123988	LOC101124778	truthbar	1	0.2975	DN_NC_073224.2_8222533_5	DN_NC_073244.2_29557605_4	0.4183	0.5030	0.5030
LOC101123988	LOC101126065	truthbar	1						
LOC101123988	LOC101128106	genuine	0	0.2725	DN_NC_073244.2_29557605_4	DN_NC_073244.2_30090650_6	0.5030	0.1798	0.5030
LOC101123988	LOC101128844	truthbar	1	0.1822	DN_NC_073230.2_74126483_4	DN_NC_073244.2_29557605_4	0.4428	0.5030	0.5030
LOC101123988	LOC101129171	truthbar	1	0.3383	DN_NC_073244.2_26314241_4	DN_NC_073244.2_29557605_4	0.4182	0.5030	0.5030
LOC101123988	LOC101130023	truthbar	1						
LOC101123988	LOC101133546	truthbar	1						
LOC101123988	LOC101133668	genuine	0	0.1701	DN_NC_073230.2_74190289_5	DN_NC_073244.2_29557605_4	0.3756	0.5030	0.5030
LOC101123988	LOC101136009	truthbar	1	0.2091	DN_NC_073244.2_26901109_4	DN_NC_073244.2_29557605_4	0.5314	0.5030	0.5314
LOC101123988	LOC101137462	truthbar	1	0.4375	DN_NC_073244.2_27285351_4	DN_NC_073244.2_29557605_4	0.7315	0.5030	0.7315
LOC101123988	LOC101141027	truthbar	1	0.4801	DN_NC_073244.2_27765726_4	DN_NC_073244.2_29557605_4	0.4666	0.5030	0.5030
LOC101123988	LOC101142646	truthbar	1	0.3534	DN_NC_073244.2_27869273_3	DN_NC_073244.2_29557605_4	0.4816	0.5030	0.5030
LOC101123988	LOC101144119	genuine	0	0.2309	DN_NC_073230.2_64900495_2	DN_NC_073244.2_29557605_4	0.2503	0.5030	0.5030
LOC101123988	LOC101144471	truthbar	1	0.2521	DN_NC_073244.2_29557605_4	DN_NC_073244.2_64340366_4	0.5030	0.3371	0.5030
LOC101123988	LOC101144838	truthbar	1	0.3559	DN_NC_073244.2_28256975_5	DN_NC_073244.2_29557605_4	0.3847	0.5030	0.5030
LOC101123988	LOC101145945	truthbar	1	0.1815	DN_NC_073244.2_28588105_4	DN_NC_073244.2_29557605_4	0.3633	0.5030	0.5030
LOC101123988	LOC101146634	truthbar	1	0.1844	DN_NC_073244.2_28711447_2	DN_NC_073244.2_29557605_4	0.4461	0.5030	0.5030
LOC101123988	LOC101147715	truthbar	1	0.1822	DN_NC_073244.2_28820229_4	DN_NC_073244.2_29557605_4	0.5027	0.5030	0.5030
LOC101123988	LOC101150965	genuine	0						
LOC101123988	LOC101151892	genuine	0	0.1439	DN_NC_073227.2_8792448_3	DN_NC_073244.2_29557605_4	0.5584	0.5030	0.5584
LOC101123988	LOC101152401	truthbar	1	0.1976	DN_NC_073244.2_29557605_4	DN_NC_073244.2_64836827_4	0.5030	0.4177	0.5030
LOC101123988	LOC101153126	truthbar	1	0.4834	DN_NC_073244.2_29297022_4	DN_NC_073244.2_29557605_4	0.4345	0.5030	0.5030
LOC101123988	LOC101153131	truthbar	1	0.2378	DN_NC_073244.2_29557605_4	DN_NC_073244.2_64908457_4	0.5030	0.2438	0.5030
LOC101123988	LOC109024216	truthbar	1						
LOC101123988	LOC109026610	truthbar	1	0.3434	DN_NC_073227.2_8705656_4	DN_NC_073244.2_29557605_4	0.3416	0.5030	0.5030
LOC101123988	LOC115930172	genuine	0	0.3652	DN_NC_073244.2_27051998_4	DN_NC_073244.2_29557605_4	0.4137	0.5030	0.5030
LOC101123988	LOC115931567	genuine	0	0.3906	DN_NC_073244.2_27566430_5	DN_NC_073244.2_29557605_4	0.4258	0.5030	0.5030
LOC101123988	LOC115931568	truthbar	1	0.3588	DN_NC_073244.2_28072858_4	DN_NC_073244.2_29557605_4	0.3930	0.5030	0.5030
LOC101123988	LOC115931576	truthbar	1	0.4275	DN_NC_073244.2_29046961_4	DN_NC_073244.2_29557605_4	0.4500	0.5030	0.5030
LOC101123988	LOC115931654	truthbar	1	0.1310	DN_NC_073244.2_29557605_4	DN_NC_073244.2_65266359_4	0.5030	0.3995	0.5030
LOC101123988	LOC115931857	truthbar	1	0.3226	DN_NC_073244.2_29557605_4	DN_NC_073246.2_15789320_2	0.5030	0.2672	0.5030
LOC101123988	LOC129527827	genuine	0	0.2055	DN_NC_073242.2_66613619_4	DN_NC_073244.2_29557605_4	0.4438	0.5030	0.5030
LOC101123988	LOC129528947	genuine	0	0.4554	DN_NC_073244.2_27408454_4	DN_NC_073244.2_29557605_4	0.5416	0.5030	0.5416
LOC101123988	OSBPL10	genuine	0						
LOC101123988	ZNF141	truthbar	1	0.2692	DN_NC_073227.2_8907801_4	DN_NC_073244.2_29557605_4	0.2847	0.5030	0.5030
LOC101123988	ZNF195	truthbar	1	0.3054	DN_NC_073233.2_9788172_5	DN_NC_073244.2_29557605_4	0.2339	0.5030	0.5030
LOC101123988	ZNF254	truthbar	1	0.4919	DN_NC_073244.2_29557605_4	DN_NC_073244.2_30438340_4	0.5030	0.3798	0.5030
LOC101123988	ZNF267	truthbar	1	0.4221	DN_NC_073242.2_37386128_4	DN_NC_073244.2_29557605_4	0.2710	0.5030	0.5030
LOC101123988	ZNF273	truthbar	1	0.4332	DN_NC_073230.2_74299233_4	DN_NC_073244.2_29557605_4	0.3847	0.5030	0.5030
LOC101123988	ZNF28	truthbar	1	0.1747	DN_NC_073244.2_29557605_4	DN_NC_073244.2_64759228_5	0.5030	0.3434	0.5030
LOC101123988	ZNF347	truthbar	1						
LOC101123988	ZNF415	truthbar	1						
LOC101123988	ZNF429	truthbar	1	0.6180	DN_NC_073244.2_27956158_2	DN_NC_073244.2_29557605_4	0.5265	0.5030	0.5265
LOC101123988	ZNF43	truthbar	1	0.1794	DN_NC_073244.2_28333451_4	DN_NC_073244.2_29557605_4	0.4625	0.5030	0.5030
LOC101123988	ZNF430	truthbar	1	0.3863	DN_NC_073244.2_27504818_5	DN_NC_073244.2_29557605_4	0.4270	0.5030	0.5030
LOC101123988	ZNF468	truthbar	1	0.1475	DN_NC_073244.2_29557605_4	DN_NC_073244.2_64797239_5	0.5030	0.3221	0.5030
LOC101123988	ZNF480	truthbar	1						
LOC101123988	ZNF486	truthbar	1	0.3065	DN_NC_073244.2_26666712_5	DN_NC_073244.2_29557605_4	0.4566	0.5030	0.5030
LOC101123988	ZNF506	truthbar	1	0.2782	DN_NC_073244.2_26240039_2	DN_NC_073244.2_29557605_4	0.4246	0.5030	0.5030
LOC101123988	ZNF519	truthbar	1	0.2673	DN_NC_073241.2_36126198_2	DN_NC_073244.2_29557605_4	0.2075	0.5030	0.5030
LOC101123988	ZNF528	truthbar	1	0.2005	DN_NC_073244.2_29557605_4	DN_NC_073244.2_64368633_7	0.5030	0.2537	0.5030
LOC101123988	ZNF578	truthbar	1						
LOC101123988	ZNF595	truthbar	1	0.4976	DN_NC_073227.2_8633418_2	DN_NC_073244.2_29557605_4	0.5689	0.5030	0.5689
LOC101123988	ZNF600	truthbar	1	0.2632	DN_NC_073244.2_29557605_4	DN_NC_073244.2_64724127_4	0.5030	0.3339	0.5030
LOC101123988	ZNF611	truthbar	1						
LOC101123988	ZNF616	truthbar	1	0.2198	DN_NC_073244.2_29557605_4	DN_NC_073244.2_64081943_4	0.5030	0.2620	0.5030
LOC101123988	ZNF626	truthbar	1	0.3505	DN_NC_073244.2_27131194_2	DN_NC_073244.2_29557605_4	0.4557	0.5030	0.5030
LOC101123988	ZNF655	truthbar	1						
LOC101123988	ZNF675	truthbar	1	0.5395	DN_NC_073244.2_29557605_4	DN_NC_073244.2_29970261_4	0.5030	0.3774	0.5030
LOC101123988	ZNF678	truthbar	1	0.4422	DN_NC_073224.2_40627195_4	DN_NC_073244.2_29557605_4	0.3220	0.5030	0.5030
LOC101123988	ZNF680	truthbar	1	0.4239	DN_NC_073230.2_73977205_4	DN_NC_073244.2_29557605_4	0.3066	0.5030	0.5030
LOC101123988	ZNF681	truthbar	1	0.4805	DN_NC_073244.2_29557605_4	DN_NC_073244.2_30067652_4	0.5030	0.4267	0.5030
LOC101123988	ZNF682	truthbar	1	0.3541	DN_NC_073244.2_26470366_4	DN_NC_073244.2_29557605_4	0.3255	0.5030	0.5030
LOC101123988	ZNF695	truthbar	1	0.3559	DN_NC_073224.2_8422960_4	DN_NC_073244.2_29557605_4	0.3045	0.5030	0.5030
LOC101123988	ZNF701	truthbar	1						
LOC101123988	ZNF721	truthbar	1	0.3752	DN_NC_073227.2_9009655_3	DN_NC_073244.2_29557605_4	0.3750	0.5030	0.5030
LOC101123988	ZNF723	truthbar	1	0.2742	DN_NC_073244.2_29232445_4	DN_NC_073244.2_29557605_4	0.5099	0.5030	0.5099
LOC101123988	ZNF727	truthbar	1	0.2746	DN_NC_073230.2_73508332_4	DN_NC_073244.2_29557605_4	0.3146	0.5030	0.5030
LOC101123988	ZNF736	truthbar	1	0.3154	DN_NC_073230.2_73776646_4	DN_NC_073244.2_29557605_4	0.3000	0.5030	0.5030
LOC101123988	ZNF761	truthbar	1	0.2137	DN_NC_073244.2_29557605_4	DN_NC_073244.2_65362909_5	0.5030	0.3364	0.5030
LOC101123988	ZNF766	truthbar	1						
LOC101123988	ZNF8	truthbar	1						
LOC101123988	ZNF808	truthbar	1	0.1468	DN_NC_073244.2_29557605_4	DN_NC_073244.2_64500861_5	0.5030	0.4373	0.5030
LOC101123988	ZNF813	truthbar	1	0.2302	DN_NC_073244.2_29557605_4	DN_NC_073244.2_65398487_4	0.5030	0.3208	0.5030
LOC101123988	ZNF83	truthbar	1	0.2678	DN_NC_073244.2_29557605_4	DN_NC_073244.2_64585864_4	0.5030	0.3038	0.5030
LOC101123988	ZNF836	truthbar	1	0.4035	DN_NC_073244.2_29557605_4	DN_NC_073244.2_64125568_5	0.5030	0.4107	0.5030
LOC101123988	ZNF841	truthbar	1	0.1776	DN_NC_073244.2_29557605_4	DN_NC_073244.2_64034715_7	0.5030	0.3325	0.5030
LOC101123988	ZNF888	truthbar	1						
LOC101123988	ZNF91	truthbar	1	0.1822	DN_NC_073244.2_29557605_4	DN_NC_073244.2_29680825_4	0.5030	0.4948	0.5030
LOC101123988	ZNF92	truthbar	1	0.4253	DN_NC_073230.2_74637722_4	DN_NC_073244.2_29557605_4	0.3318	0.5030	0.5030
LOC101124026	LOC101141789	TP	1	0.9803	DN_NC_073237.2_109453117_3	DN_NC_073237.2_109461576_3	0.0781	0.0656	0.0781
LOC101124243	NOM1	TP	1	0.5098	DN_NC_073224.2_6827773_11	DN_NC_073230.2_165840202_11	0.1677	0.2459	0.2459
LOC101124545	LOC129526151	TP	1	0.2091	DN_NC_073238.2_59732356_14	DN_NC_073238.2_60756272_9	0.0583	0.1402	0.1402
LOC101124557	LOC129527512	genuine	0	0.1424	DN_NC_073239.2_123469457_3	DN_NC_073242.2_6296327_3	0.3637	0.4614	0.4614
LOC101124557	PPP1R15A	genuine	0						
LOC101124557	SURF6	genuine	0						
LOC101124572	LOC101124938	truthbar	1	0.4593	DN_NC_073242.2_85735381_3	DN_NC_073242.2_85744192_2	0.0650	0.1759	0.1759
LOC101124572	LOC101125671	truthbar	1	0.5975	DN_NC_073242.2_85735381_3	DN_NC_073242.2_85759116_3	0.0650	0.1423	0.1423
LOC101124572	LOC101126623	truthbar	1	0.6200	DN_NC_073242.2_85735381_3	DN_NC_073242.2_85815514_3	0.0650	0.2200	0.2200
LOC101124572	LOC101134211	truthbar	1	0.6550	DN_NC_073242.2_85735381_3	DN_NC_073242.2_85790824_3	0.0650	0.0748	0.0748
LOC101124572	MT3	truthbar	1						
LOC101124683	LOC115930071	TP	0	0.9991	DN_NC_073239.2_35396913_9	DN_NC_073239.2_35520561_9	0.1282	0.1564	0.1564
LOC101124732	LOC101145690	truthbar	1	0.4912	DN_NC_073244.2_69923242_3	DN_NC_073244.2_70009554_3	0.3184	0.1577	0.3184
LOC101124732	LOC101153504	truthbar	1	0.1758	DN_NC_073244.2_69601170_4	DN_NC_073244.2_70009554_3	0.2748	0.1577	0.2748
LOC101124732	LOC109024193	truthbar	1	0.2234	DN_NC_073244.2_69514207_2	DN_NC_073244.2_69975553_3	0.1569	0.0852	0.1569
LOC101124732	LOC115930105	truthbar	1	0.1755	DN_NC_073244.2_69572632_2	DN_NC_073244.2_70009554_3	0.2691	0.1577	0.2691
LOC101124732	ZIK1	truthbar	1	0.2181	DN_NC_073244.2_69685698_2	DN_NC_073244.2_69975553_3	0.1538	0.0852	0.1538
LOC101124732	ZNF132	truthbar	1	0.3077	DN_NC_073244.2_69974453_2	DN_NC_073244.2_70525717_3	0.1511	0.0688	0.1511
LOC101124732	ZNF134	truthbar	1	0.2250	DN_NC_073244.2_69715828_2	DN_NC_073244.2_70009554_3	0.0963	0.1577	0.1577
LOC101124732	ZNF154	truthbar	1	0.2761	DN_NC_073244.2_69799604_5	DN_NC_073244.2_70009554_3	0.1146	0.1577	0.1577
LOC101124732	ZNF256	truthbar	1	0.3449	DN_NC_073244.2_69975553_3	DN_NC_073244.2_70043245_2	0.0852	0.1315	0.1315
LOC101124732	ZNF304	truthbar	1	0.2164	DN_NC_073244.2_69454318_2	DN_NC_073244.2_70009554_3	0.0843	0.1577	0.1577
LOC101124732	ZNF416	truthbar	1	0.1792	DN_NC_073244.2_69672458_4	DN_NC_073244.2_69974453_2	0.0429	0.1511	0.1511
LOC101124732	ZNF418	truthbar	1	0.2174	DN_NC_073244.2_69975553_3	DN_NC_073244.2_70024584_5	0.0852	0.1190	0.1190
LOC101124732	ZNF547	truthbar	1						
LOC101124732	ZNF548	truthbar	1	0.2949	DN_NC_073244.2_69492904_4	DN_NC_073244.2_70009554_3	0.3216	0.1577	0.3216
LOC101124732	ZNF549	truthbar	1						
LOC101124732	ZNF551	truthbar	1	0.2492	DN_NC_073244.2_69783488_3	DN_NC_073244.2_69975553_3	0.2220	0.0852	0.2220
LOC101124732	ZNF552	TP	1	0.2816	DN_NC_073244.2_69910623_3	DN_NC_073244.2_70009554_3	0.2808	0.1577	0.2808
LOC101124732	ZNF584	truthbar	1						
LOC101124732	ZNF586	truthbar	1	0.1736	DN_NC_073244.2_69873255_2	DN_NC_073244.2_69975553_3	0.1093	0.0852	0.1093
LOC101124732	ZNF671	truthbar	1	0.1555	DN_NC_073244.2_69821764_4	DN_NC_073244.2_70009554_3	0.0491	0.1577	0.1577
LOC101124732	ZNF776	truthbar	1	0.2821	DN_NC_073244.2_69848694_2	DN_NC_073244.2_70009554_3	0.1791	0.1577	0.1791
LOC101124732	ZNF792	truthbar	1	0.1340	DN_NC_073244.2_46013405_4	DN_NC_073244.2_69975553_3	0.1794	0.0852	0.1794
LOC101124778	LOC101126065	truthbar	1						
LOC101124778	LOC101128106	genuine	0						
LOC101124778	LOC101128844	truthbar	1	0.1639	DN_NC_073224.2_8222533_5	DN_NC_073230.2_74126483_4	0.4183	0.4428	0.4428
LOC101124778	LOC101129171	genuine	0	0.2267	DN_NC_073224.2_8222533_5	DN_NC_073244.2_26314241_4	0.4183	0.4182	0.4183
LOC101124778	LOC101130023	genuine	0						
LOC101124778	LOC101133546	truthbar	1						
LOC101124778	LOC101133668	genuine	0	0.2427	DN_NC_073224.2_8222533_5	DN_NC_073230.2_74190289_5	0.4183	0.3756	0.4183
LOC101124778	LOC101136009	truthbar	1	0.3114	DN_NC_073224.2_8222533_5	DN_NC_073244.2_26901109_4	0.4183	0.5314	0.5314
LOC101124778	LOC101137462	truthbar	1	0.2614	DN_NC_073224.2_8222533_5	DN_NC_073244.2_27285351_4	0.4183	0.7315	0.7315
LOC101124778	LOC101141027	truthbar	1	0.3835	DN_NC_073224.2_8222533_5	DN_NC_073244.2_27765726_4	0.4183	0.4666	0.4666
LOC101124778	LOC101142646	truthbar	1	0.1562	DN_NC_073224.2_8222533_5	DN_NC_073244.2_27869273_3	0.4183	0.4816	0.4816
LOC101124778	LOC101144119	genuine	0						
LOC101124778	LOC101144471	truthbar	1	0.1586	DN_NC_073224.2_8222533_5	DN_NC_073244.2_64340366_4	0.4183	0.3371	0.4183
LOC101124778	LOC101144838	truthbar	1	0.3094	DN_NC_073224.2_8222533_5	DN_NC_073244.2_28256975_5	0.4183	0.3847	0.4183
LOC101124778	LOC101145945	truthbar	1	0.1800	DN_NC_073224.2_8222533_5	DN_NC_073244.2_28588105_4	0.4183	0.3633	0.4183
LOC101124778	LOC101146634	genuine	0	0.2805	DN_NC_073224.2_8222533_5	DN_NC_073244.2_28711447_4	0.4183	0.4050	0.4183
LOC101124778	LOC101147715	genuine	0	0.1989	DN_NC_073224.2_8222533_5	DN_NC_073244.2_28820229_4	0.4183	0.5027	0.5027
LOC101124778	LOC101150965	genuine	0						
LOC101124778	LOC101151892	genuine	0						
LOC101124778	LOC101152401	truthbar	1	0.1509	DN_NC_073224.2_8222533_5	DN_NC_073244.2_64836827_4	0.4183	0.4177	0.4183
LOC101124778	LOC101153126	truthbar	1	0.3085	DN_NC_073224.2_8222533_5	DN_NC_073244.2_29297022_4	0.4183	0.4345	0.4345
LOC101124778	LOC101153131	genuine	0						
LOC101124778	LOC109024216	genuine	0						
LOC101124778	LOC109026610	truthbar	1	0.2512	DN_NC_073224.2_8222533_5	DN_NC_073227.2_8705656_4	0.4183	0.3416	0.4183
LOC101124778	LOC115930172	genuine	0	0.3535	DN_NC_073224.2_8222533_5	DN_NC_073244.2_27051998_4	0.4183	0.4137	0.4183
LOC101124778	LOC115931567	genuine	0	0.4705	DN_NC_073224.2_8222533_5	DN_NC_073244.2_27566430_5	0.4183	0.4258	0.4258
LOC101124778	LOC115931568	truthbar	1	0.3969	DN_NC_073224.2_8222533_5	DN_NC_073244.2_28072858_4	0.4183	0.3930	0.4183
LOC101124778	LOC115931576	truthbar	1	0.3273	DN_NC_073224.2_8222533_5	DN_NC_073244.2_29046961_4	0.4183	0.4500	0.4500
LOC101124778	LOC115931654	truthbar	1	0.1407	DN_NC_073224.2_8222533_5	DN_NC_073244.2_65266359_4	0.4183	0.3995	0.4183
LOC101124778	LOC115931857	truthbar	1	0.1372	DN_NC_073224.2_8222533_5	DN_NC_073246.2_15789285_3	0.4183	0.2698	0.4183
LOC101124778	LOC129527827	genuine	0	0.2277	DN_NC_073224.2_8222533_5	DN_NC_073242.2_66613619_4	0.4183	0.4438	0.4438
LOC101124778	LOC129528947	genuine	0	0.2929	DN_NC_073224.2_8222533_5	DN_NC_073244.2_27408454_4	0.4183	0.5416	0.5416
LOC101124778	OSBPL10	genuine	0						
LOC101124778	ZNF141	truthbar	1	0.1435	DN_NC_073224.2_8222533_5	DN_NC_073227.2_8907801_4	0.4183	0.2847	0.4183
LOC101124778	ZNF195	truthbar	1	0.1536	DN_NC_073224.2_8222533_5	DN_NC_073233.2_9788172_5	0.4183	0.2339	0.4183
LOC101124778	ZNF254	truthbar	1	0.3281	DN_NC_073224.2_8222533_5	DN_NC_073244.2_30438340_4	0.4183	0.3798	0.4183
LOC101124778	ZNF267	truthbar	1						
LOC101124778	ZNF273	truthbar	1	0.3518	DN_NC_073224.2_8222533_5	DN_NC_073230.2_74299233_4	0.4183	0.3847	0.4183
LOC101124778	ZNF28	genuine	0						
LOC101124778	ZNF347	truthbar	1						
LOC101124778	ZNF415	truthbar	1						
LOC101124778	ZNF429	truthbar	1	0.5094	DN_NC_073224.2_8222533_5	DN_NC_073244.2_27956158_2	0.4183	0.5265	0.5265
LOC101124778	ZNF43	truthbar	1	0.1660	DN_NC_073224.2_8222533_5	DN_NC_073244.2_28333451_4	0.4183	0.4625	0.4625
LOC101124778	ZNF430	truthbar	1	0.3264	DN_NC_073224.2_8222533_5	DN_NC_073244.2_27504818_5	0.4183	0.4270	0.4270
LOC101124778	ZNF468	truthbar	1						
LOC101124778	ZNF480	truthbar	1						
LOC101124778	ZNF486	truthbar	1	0.3648	DN_NC_073224.2_8222533_5	DN_NC_073244.2_26666712_5	0.4183	0.4566	0.4566
LOC101124778	ZNF506	truthbar	1	0.3880	DN_NC_073224.2_8222533_5	DN_NC_073244.2_26240035_4	0.4183	0.3919	0.4183
LOC101124778	ZNF519	truthbar	1	0.1356	DN_NC_073224.2_8222533_5	DN_NC_073241.2_36126183_3	0.4183	0.1960	0.4183
LOC101124778	ZNF528	truthbar	1						
LOC101124778	ZNF578	truthbar	1						
LOC101124778	ZNF595	truthbar	1	0.1931	DN_NC_073224.2_8222533_5	DN_NC_073227.2_8633418_2	0.4183	0.5689	0.5689
LOC101124778	ZNF600	truthbar	1						
LOC101124778	ZNF611	truthbar	1						
LOC101124778	ZNF616	truthbar	1						
LOC101124778	ZNF626	truthbar	1	0.3506	DN_NC_073224.2_8222533_5	DN_NC_073244.2_27131194_2	0.4183	0.4557	0.4557
LOC101124778	ZNF655	truthbar	1						
LOC101124778	ZNF675	truthbar	1	0.4450	DN_NC_073224.2_8222533_5	DN_NC_073244.2_29970261_4	0.4183	0.3774	0.4183
LOC101124778	ZNF678	truthbar	1	0.1538	DN_NC_073224.2_40627195_4	DN_NC_073224.2_8222533_5	0.3220	0.4183	0.4183
LOC101124778	ZNF680	truthbar	1	0.4083	DN_NC_073224.2_8222533_5	DN_NC_073230.2_73977205_4	0.4183	0.3066	0.4183
LOC101124778	ZNF681	truthbar	1						
LOC101124778	ZNF682	truthbar	1	0.2369	DN_NC_073224.2_8222533_5	DN_NC_073244.2_26470366_4	0.4183	0.3255	0.4183
LOC101124778	ZNF695	truthbar	1	0.3152	DN_NC_073224.2_8222533_5	DN_NC_073224.2_8422960_4	0.4183	0.3045	0.4183
LOC101124778	ZNF701	truthbar	1						
LOC101124778	ZNF721	genuine	0	0.2087	DN_NC_073224.2_8222533_5	DN_NC_073227.2_9010062_2	0.4183	0.3953	0.4183
LOC101124778	ZNF723	truthbar	1	0.5743	DN_NC_073224.2_8222533_5	DN_NC_073244.2_29232445_4	0.4183	0.5099	0.5099
LOC101124778	ZNF727	truthbar	1	0.1469	DN_NC_073224.2_8222533_5	DN_NC_073230.2_73508332_4	0.4183	0.3146	0.4183
LOC101124778	ZNF736	truthbar	1	0.3083	DN_NC_073224.2_8222533_5	DN_NC_073230.2_73776646_4	0.4183	0.3000	0.4183
LOC101124778	ZNF761	truthbar	1						
LOC101124778	ZNF766	truthbar	1						
LOC101124778	ZNF8	truthbar	1						
LOC101124778	ZNF808	truthbar	1						
LOC101124778	ZNF813	truthbar	1						
LOC101124778	ZNF83	truthbar	1	0.2207	DN_NC_073224.2_8222533_5	DN_NC_073244.2_64585864_4	0.4183	0.3038	0.4183
LOC101124778	ZNF836	truthbar	1						
LOC101124778	ZNF841	truthbar	1						
LOC101124778	ZNF888	truthbar	1						
LOC101124778	ZNF91	genuine	0	0.1815	DN_NC_073224.2_8222533_5	DN_NC_073244.2_29680825_4	0.4183	0.4948	0.4948
LOC101124778	ZNF92	truthbar	1	0.3193	DN_NC_073224.2_8222533_5	DN_NC_073230.2_74637814_2	0.4183	0.3657	0.4183
LOC101124938	LOC101125671	truthbar	1	0.3596	DN_NC_073242.2_85744192_2	DN_NC_073242.2_85759116_3	0.1759	0.1423	0.1759
LOC101124938	LOC101126623	truthbar	1	0.4199	DN_NC_073242.2_85744192_2	DN_NC_073242.2_85815514_3	0.1759	0.2200	0.2200
LOC101124938	LOC101134211	truthbar	1	0.3832	DN_NC_073242.2_85744192_2	DN_NC_073242.2_85790824_3	0.1759	0.0748	0.1759
LOC101124938	MT3	truthbar	1						
LOC101125309	RUNDC1	genuine	0	0.1635	DN_NC_073228.2_49477319_5	DN_NC_073228.2_61034643_7	0.1905	0.4212	0.4212
LOC101125339	XKR8	genuine	0	0.2302	DN_NC_073224.2_211985035_3	DN_NC_073230.2_12413521_6	0.0310	0.1230	0.1230
LOC101125415	LOC101133440	truthbar	1	0.3745	DN_NC_073227.2_17445647_6	DN_NC_073231.2_11581641_7	0.0347	0.0598	0.0598
LOC101125415	LOC101137806	genuine	0	0.4094	DN_NC_073227.2_17445647_6	DN_NC_086017.1_136773097_2	0.0347	0.1005	0.1005
LOC101125415	LOC101139163	TP	1	0.4138	DN_NC_073227.2_17445647_6	DN_NC_086017.1_141278779_5	0.0347	0.0477	0.0477
LOC101125415	LOC101152938	truthbar	1	0.3388	DN_NC_073227.2_17445647_6	DN_NC_073233.2_75718276_6	0.0347	0.0604	0.0604
LOC101125415	LOC115934341	TP	1	0.3743	DN_NC_073227.2_17445647_6	DN_NC_086017.1_85330170_7	0.0347	0.0323	0.0347
LOC101125458	LOC101130137	truthbar	1						
LOC101125458	LOC101138337	genuine	0						
LOC101125458	LOC101145348	genuine	0						
LOC101125458	LOC101151317	genuine	0	0.2065	DN_NC_073244.2_48030811_4	DN_NC_073244.2_68477557_5	0.4233	0.3364	0.4233
LOC101125458	LOC101153727	genuine	0						
LOC101125458	LOC109024207	genuine	0						
LOC101125458	LOC109027078	genuine	0						
LOC101125458	LOC115931610	genuine	0						
LOC101125458	ZFP28	genuine	0						
LOC101125458	ZFP3	genuine	0						
LOC101125458	ZFP69	truthbar	1						
LOC101125458	ZFP82	genuine	0						
LOC101125458	ZNF177	genuine	0						
LOC101125458	ZNF184	genuine	0						
LOC101125458	ZNF189	genuine	0						
LOC101125458	ZNF266	genuine	0						
LOC101125458	ZNF283	genuine	0						
LOC101125458	ZNF30	genuine	0	0.2312	DN_NC_073244.2_45985550_6	DN_NC_073244.2_68477557_5	0.1432	0.3364	0.3364
LOC101125458	ZNF329	genuine	0						
LOC101125458	ZNF331	genuine	0	0.1593	DN_NC_073244.2_65470296_6	DN_NC_073244.2_68477557_5	0.2293	0.3364	0.3364
LOC101125458	ZNF420	genuine	0						
LOC101125458	ZNF461	truthbar	1						
LOC101125458	ZNF471	genuine	0						
LOC101125458	ZNF529	truthbar	1						
LOC101125458	ZNF540	genuine	0						
LOC101125458	ZNF546	genuine	0	0.1936	DN_NC_073244.2_51749194_6	DN_NC_073244.2_68477557_5	0.3443	0.3364	0.3443
LOC101125458	ZNF560	genuine	0						
LOC101125458	ZNF565	genuine	0						
LOC101125458	ZNF566	genuine	0						
LOC101125458	ZNF571	genuine	0						
LOC101125458	ZNF573	genuine	0	0.2436	DN_NC_073244.2_49246931_6	DN_NC_073244.2_68477557_5	0.3121	0.3364	0.3364
LOC101125458	ZNF582	genuine	0	0.2029	DN_NC_073244.2_68477557_5	DN_NC_073244.2_68491976_5	0.3364	0.1818	0.3364
LOC101125458	ZNF583	genuine	0						
LOC101125458	ZNF596	truthbar	1						
LOC101125458	ZNF607	genuine	0						
LOC101125458	ZNF665	genuine	0						
LOC101125458	ZNF684	truthbar	1						
LOC101125458	ZNF780A	genuine	0						
LOC101125458	ZNF780B	genuine	0	0.1898	DN_NC_073244.2_51783968_5	DN_NC_073244.2_68477557_5	0.2381	0.3364	0.3364
LOC101125458	ZNF790	truthbar	1						
LOC101125458	ZNF829	truthbar	1						
LOC101125458	ZNF891	genuine	0						
LOC101125671	LOC101126623	truthbar	1	0.7475	DN_NC_073242.2_85759116_3	DN_NC_073242.2_85815514_3	0.1423	0.2200	0.2200
LOC101125671	LOC101134211	truthbar	1	0.6922	DN_NC_073242.2_85759116_3	DN_NC_073242.2_85790824_3	0.1423	0.0748	0.1423
LOC101125671	MT3	truthbar	1						
LOC101126025	LOC101143448	genuine	0						
LOC101126025	LOC101145464	genuine	0	0.1889	DN_NC_073239.2_123449122_2	DN_NC_073247.2_147586730_5	0.3475	0.4072	0.4072
LOC101126025	LOC109023154	genuine	0	0.2841	DN_NC_073239.2_123333518_3	DN_NC_073239.2_123454429_2	0.1630	0.0625	0.1630
LOC101126025	LOC109024560	genuine	0						
LOC101126025	LOC109025730	genuine	0	0.3486	DN_NC_073224.2_123525276_5	DN_NC_073239.2_123449122_2	0.4684	0.3475	0.4684
LOC101126025	LOC109028669	genuine	0						
LOC101126025	LOC129530096	genuine	0						
LOC101126025	LOC129530131	genuine	0						
LOC101126025	LOC129533438	genuine	0						
LOC101126025	LOC134756589	genuine	0	0.1607	DN_NC_073234.2_126370406_2	DN_NC_073239.2_123449122_2	0.4160	0.3475	0.4160
LOC101126025	LRFN5	genuine	0						
LOC101126025	MINPP1	genuine	0						
LOC101126025	MMP24OS	genuine	0						
LOC101126025	NCALD	genuine	0						
LOC101126025	NCR3LG1	genuine	0						
LOC101126025	NFXL1	genuine	0						
LOC101126025	OXCT1	genuine	0						
LOC101126025	PDCD5	genuine	0	0.3715	DN_NC_073239.2_123449122_2	DN_NC_073244.2_43610901_6	0.3475	0.4805	0.4805
LOC101126025	SELENOP	genuine	0						
LOC101126025	SEM1	genuine	0	0.1677	DN_NC_073230.2_92132360_3	DN_NC_073239.2_123449122_2	0.3708	0.3475	0.3708
LOC101126025	SMYD3	genuine	0						
LOC101126025	SPATA33	genuine	0						
LOC101126025	SPC25	genuine	0	0.2419	DN_NC_073235.2_71373985_7	DN_NC_073239.2_123449122_2	0.4132	0.3475	0.4132
LOC101126025	THNSL1	genuine	0						
LOC101126025	TMEM38B	genuine	0						
LOC101126025	TSPAN8	genuine	0						
LOC101126025	UCHL1	genuine	0						
LOC101126065	LOC101128106	genuine	0						
LOC101126065	LOC101128844	truthbar	1						
LOC101126065	LOC101129171	truthbar	1						
LOC101126065	LOC101130023	truthbar	1	0.1701	DN_NC_073244.2_64618758_7	DN_NC_073244.2_65003440_7	0.2775	0.3189	0.3189
LOC101126065	LOC101133546	truthbar	1	0.1453	DN_NC_073244.2_65003440_7	DN_NC_073244.2_65326089_4	0.3189	0.3382	0.3382
LOC101126065	LOC101133668	genuine	0						
LOC101126065	LOC101136009	truthbar	1	0.1522	DN_NC_073244.2_26901109_4	DN_NC_073244.2_65003440_7	0.5314	0.3189	0.5314
LOC101126065	LOC101137462	truthbar	1						
LOC101126065	LOC101141027	truthbar	1	0.2563	DN_NC_073244.2_27765726_4	DN_NC_073244.2_65003440_7	0.4666	0.3189	0.4666
LOC101126065	LOC101142646	truthbar	1						
LOC101126065	LOC101144119	genuine	0						
LOC101126065	LOC101144471	truthbar	1	0.2978	DN_NC_073244.2_64340366_4	DN_NC_073244.2_65003440_7	0.3371	0.3189	0.3371
LOC101126065	LOC101144838	truthbar	1						
LOC101126065	LOC101145945	truthbar	1						
LOC101126065	LOC101146634	truthbar	1	0.1390	DN_NC_073244.2_28711447_4	DN_NC_073244.2_65003440_7	0.4050	0.3189	0.4050
LOC101126065	LOC101147715	truthbar	1						
LOC101126065	LOC101150965	genuine	0	0.2038	DN_NC_073244.2_64400145_5	DN_NC_073244.2_65003440_7	0.3365	0.3189	0.3365
LOC101126065	LOC101151892	genuine	0						
LOC101126065	LOC101152401	truthbar	1	0.1677	DN_NC_073244.2_64836827_4	DN_NC_073244.2_65003440_7	0.4177	0.3189	0.4177
LOC101126065	LOC101153126	truthbar	1						
LOC101126065	LOC101153131	truthbar	1	0.3270	DN_NC_073244.2_64908457_4	DN_NC_073244.2_65003440_7	0.2438	0.3189	0.3189
LOC101126065	LOC109024216	truthbar	1	0.3013	DN_NC_073244.2_65003440_7	DN_NC_073244.2_65293743_4	0.3189	0.2768	0.3189
LOC101126065	LOC109026610	truthbar	1						
LOC101126065	LOC115930172	genuine	0						
LOC101126065	LOC115931567	truthbar	1	0.1753	DN_NC_073244.2_27566430_5	DN_NC_073244.2_65003440_7	0.4258	0.3189	0.4258
LOC101126065	LOC115931568	truthbar	1						
LOC101126065	LOC115931576	truthbar	1	0.1528	DN_NC_073244.2_29046961_4	DN_NC_073244.2_65003440_7	0.4500	0.3189	0.4500
LOC101126065	LOC115931654	truthbar	1	0.1518	DN_NC_073244.2_65003440_7	DN_NC_073244.2_65266359_4	0.3189	0.3995	0.3995
LOC101126065	LOC115931857	truthbar	1						
LOC101126065	LOC129527827	genuine	0	0.1942	DN_NC_073242.2_66613619_4	DN_NC_073244.2_65003440_7	0.4438	0.3189	0.4438
LOC101126065	LOC129528947	genuine	0	0.1644	DN_NC_073244.2_27408454_4	DN_NC_073244.2_65003440_7	0.5416	0.3189	0.5416
LOC101126065	OSBPL10	genuine	0	0.1967	DN_NC_073244.2_65003440_7	DN_NC_086017.1_41849524_2	0.3189	0.2669	0.3189
LOC101126065	ZNF141	truthbar	1						
LOC101126065	ZNF195	truthbar	1	0.2210	DN_NC_073233.2_9788172_5	DN_NC_073244.2_65003440_7	0.2339	0.3189	0.3189
LOC101126065	ZNF254	truthbar	1						
LOC101126065	ZNF267	truthbar	1	0.2600	DN_NC_073242.2_37386128_4	DN_NC_073244.2_65003440_7	0.2710	0.3189	0.3189
LOC101126065	ZNF273	truthbar	1	0.1508	DN_NC_073230.2_74299233_4	DN_NC_073244.2_65003440_7	0.3847	0.3189	0.3847
LOC101126065	ZNF28	truthbar	1	0.2963	DN_NC_073244.2_64759228_5	DN_NC_073244.2_65003440_7	0.3434	0.3189	0.3434
LOC101126065	ZNF347	truthbar	1	0.2194	DN_NC_073244.2_65003440_7	DN_NC_073244.2_65073171_5	0.3189	0.3826	0.3826
LOC101126065	ZNF415	truthbar	1	0.1793	DN_NC_073244.2_65003440_7	DN_NC_073244.2_65046428_2	0.3189	0.1755	0.3189
LOC101126065	ZNF429	truthbar	1						
LOC101126065	ZNF43	truthbar	1						
LOC101126065	ZNF430	truthbar	1						
LOC101126065	ZNF468	truthbar	1	0.2189	DN_NC_073244.2_64797239_5	DN_NC_073244.2_65003440_7	0.3221	0.3189	0.3221
LOC101126065	ZNF480	truthbar	1						
LOC101126065	ZNF486	truthbar	1						
LOC101126065	ZNF506	truthbar	1						
LOC101126065	ZNF519	truthbar	1	0.1543	DN_NC_073241.2_36126183_3	DN_NC_073244.2_65003440_7	0.1960	0.3189	0.3189
LOC101126065	ZNF528	truthbar	1						
LOC101126065	ZNF578	truthbar	1	0.1808	DN_NC_073244.2_64426370_6	DN_NC_073244.2_65003440_7	0.4463	0.3189	0.4463
LOC101126065	ZNF595	truthbar	1	0.1449	DN_NC_073227.2_8633418_2	DN_NC_073244.2_65003440_7	0.5689	0.3189	0.5689
LOC101126065	ZNF600	truthbar	1	0.3651	DN_NC_073244.2_64724127_4	DN_NC_073244.2_65003440_7	0.3339	0.3189	0.3339
LOC101126065	ZNF611	truthbar	1	0.1758	DN_NC_073244.2_64672255_4	DN_NC_073244.2_65003440_7	0.3521	0.3189	0.3521
LOC101126065	ZNF616	truthbar	1	0.2270	DN_NC_073244.2_64081943_4	DN_NC_073244.2_65003440_7	0.2620	0.3189	0.3189
LOC101126065	ZNF626	truthbar	1						
LOC101126065	ZNF655	truthbar	1						
LOC101126065	ZNF675	truthbar	1	0.1485	DN_NC_073244.2_29970261_4	DN_NC_073244.2_65003440_7	0.3774	0.3189	0.3774
LOC101126065	ZNF678	truthbar	1						
LOC101126065	ZNF680	truthbar	1	0.1892	DN_NC_073230.2_73977205_4	DN_NC_073244.2_65003440_7	0.3066	0.3189	0.3189
LOC101126065	ZNF681	truthbar	1						
LOC101126065	ZNF682	truthbar	1						
LOC101126065	ZNF695	truthbar	1						
LOC101126065	ZNF701	truthbar	1						
LOC101126065	ZNF721	truthbar	1	0.1604	DN_NC_073227.2_9009655_3	DN_NC_073244.2_65003440_7	0.3750	0.3189	0.3750
LOC101126065	ZNF723	truthbar	1						
LOC101126065	ZNF727	truthbar	1						
LOC101126065	ZNF736	truthbar	1						
LOC101126065	ZNF761	truthbar	1	0.3342	DN_NC_073244.2_65003440_7	DN_NC_073244.2_65362909_5	0.3189	0.3364	0.3364
LOC101126065	ZNF766	truthbar	1						
LOC101126065	ZNF8	truthbar	1						
LOC101126065	ZNF808	truthbar	1	0.1882	DN_NC_073244.2_64500861_5	DN_NC_073244.2_65003440_7	0.4373	0.3189	0.4373
LOC101126065	ZNF813	truthbar	1	0.2573	DN_NC_073244.2_65003440_7	DN_NC_073244.2_65398487_4	0.3189	0.3208	0.3208
LOC101126065	ZNF83	truthbar	1	0.2397	DN_NC_073244.2_64585864_4	DN_NC_073244.2_65003440_7	0.3038	0.3189	0.3189
LOC101126065	ZNF836	truthbar	1	0.3993	DN_NC_073244.2_64125568_5	DN_NC_073244.2_65003440_7	0.4107	0.3189	0.4107
LOC101126065	ZNF841	truthbar	1	0.2389	DN_NC_073244.2_64034715_7	DN_NC_073244.2_65003440_7	0.3325	0.3189	0.3325
LOC101126065	ZNF888	truthbar	1	0.2667	DN_NC_073244.2_64860608_4	DN_NC_073244.2_65003440_7	0.4244	0.3189	0.4244
LOC101126065	ZNF91	truthbar	1	0.1909	DN_NC_073244.2_29680825_4	DN_NC_073244.2_65003440_7	0.4948	0.3189	0.4948
LOC101126065	ZNF92	truthbar	1						
LOC101126070	LOC115935264	genuine	0	0.2134	DN_NC_073230.2_76425037_7	DN_NC_073230.2_81087606_7	0.3909	0.0844	0.3909
LOC101126070	LOC129534728	TP	1	0.4986	DN_NC_073230.2_76190196_16	DN_NC_073230.2_82009167_15	0.0996	0.0482	0.0996
LOC101126070	PMS2	genuine	0	0.1464	DN_NC_073230.2_14161449_15	DN_NC_073230.2_76425037_7	0.1447	0.3909	0.3909
LOC101126097	LOC129523564	genuine	0						
LOC101126097	LOC129529082	genuine	0						
LOC101126097	LOC129530428	genuine	0						
LOC101126097	LOC134756922	genuine	0	0.3076	DN_NC_073224.2_115215234_17	DN_NC_073224.2_117217199_13	0.0359	0.2059	0.2059
LOC101126097	NAP1L3	genuine	0						
LOC101126097	NDUFAF2	genuine	0						
LOC101126097	NGLY1	genuine	0						
LOC101126097	RANBP6	genuine	0						
LOC101126097	SLC11A2	genuine	0						
LOC101126097	SOX30	genuine	0						
LOC101126158	PDXDC1	genuine	0	0.1655	DN_NC_073242.2_103894328_5	DN_NC_073242.2_29484610_23	0.2770	0.0517	0.2770
LOC101126280	PCDHB15	truthbar	1	0.4027	DN_NC_073228.2_144957130_2	DN_NC_073228.2_145079904_2	0.1784	0.1050	0.1784
LOC101126280	PCDHB16	truthbar	1	0.4806	DN_NC_073228.2_144957130_2	DN_NC_073228.2_145022553_2	0.1784	0.2626	0.2626
LOC101126280	PCDHB2	truthbar	1	0.4210	DN_NC_073228.2_144930567_2	DN_NC_073228.2_144957130_2	0.1763	0.1784	0.1784
LOC101126280	PCDHB5	truthbar	1	0.3911	DN_NC_073228.2_144957130_2	DN_NC_073228.2_144970572_2	0.1784	0.2793	0.2793
LOC101126300	LOC109027782	genuine	0						
LOC101126300	LOC109028759	genuine	0	0.1408	DN_NC_073230.2_53547116_11	DN_NC_073233.2_55845432_8	0.2231	0.1427	0.2231
LOC101126300	LOC129523694	genuine	0	0.1546	DN_NC_073230.2_53547116_11	DN_NC_073230.2_64705365_4	0.2231	0.1183	0.2231
LOC101126300	LOC129533124	genuine	0						
LOC101126300	LOC129533256	genuine	0						
LOC101126300	NUPR2	genuine	0	0.1467	DN_NC_073230.2_53547116_11	DN_NC_073230.2_64295055_2	0.2231	0.0252	0.2231
LOC101126300	PSPH	genuine	0						
LOC101126303	LOC101130893	genuine	0	0.2246	DN_NC_073230.2_84149572_5	DN_NC_073230.2_88425670_12	0.1436	0.0539	0.1436
LOC101126304	LOC101150995	genuine	0						
LOC101126304	LOC134756859	genuine	0						
LOC101126304	LOC134759232	genuine	0						
LOC101126304	RAPH1	genuine	0	0.1484	DN_NC_073235.2_106111443_2	DN_NC_073246.2_25308035_5	0.7450	0.5556	0.7450
LOC101126415	LOC101128351	truthbar	1	0.3636	DN_NC_073244.2_17831067_3	DN_NC_073244.2_17876785_4	0.2639	0.3119	0.3119
LOC101126415	LOC101128712	truthbar	1	0.3454	DN_NC_073244.2_17831067_3	DN_NC_073244.2_17922158_4	0.2639	0.6816	0.6816
LOC101126415	LOC101129789	genuine	0	0.1770	DN_NC_073244.2_17831067_3	DN_NC_073244.2_18124193_3	0.2639	0.1991	0.2639
LOC101126415	LOC101130507	truthbar	1	0.2956	DN_NC_073244.2_17831067_3	DN_NC_073244.2_17960497_4	0.2639	0.2843	0.2843
LOC101126415	LOC101130877	truthbar	1	0.1737	DN_NC_073244.2_17831067_3	DN_NC_073244.2_17994654_4	0.2639	0.2973	0.2973
LOC101126415	LOC101133657	truthbar	1	0.2510	DN_NC_073244.2_17831067_3	DN_NC_073244.2_18385030_4	0.2639	0.2917	0.2917
LOC101126415	LOC101148180	truthbar	1	0.1347	DN_NC_073244.2_17831067_3	DN_NC_073244.2_8619131_4	0.2639	0.2256	0.2639
LOC101126415	LOC101153725	truthbar	1	0.4379	DN_NC_073244.2_17678736_4	DN_NC_073244.2_17831067_3	0.3252	0.2639	0.3252
LOC101126415	LOC101153837	truthbar	1	0.3025	DN_NC_073244.2_17831067_3	DN_NC_073244.2_18232282_4	0.2639	0.1848	0.2639
LOC101126415	LOC101154200	truthbar	1	0.2982	DN_NC_073244.2_17831067_3	DN_NC_073244.2_18307855_4	0.2639	0.2845	0.2845
LOC101126415	LOC109024269	genuine	0	0.1790	DN_NC_073244.2_17831067_3	DN_NC_073244.2_18045307_2	0.2639	0.2882	0.2882
LOC101126415	LOC109025073	truthbar	1	0.2432	DN_NC_073244.2_17831067_3	DN_NC_073244.2_18096775_3	0.2639	0.2715	0.2715
LOC101126415	LOC129527774	genuine	0						
LOC101126415	RPL14	genuine	0						
LOC101126415	ZNF124	truthbar	1	0.2079	DN_NC_073224.2_8261601_4	DN_NC_073244.2_17831067_3	0.2609	0.2639	0.2639
LOC101126415	ZNF136	truthbar	1	0.1655	DN_NC_073244.2_17831067_3	DN_NC_073244.2_18201516_4	0.2639	0.2902	0.2902
LOC101126415	ZNF14	truthbar	1	0.2061	DN_NC_073244.2_17831067_3	DN_NC_073244.2_26156853_4	0.2639	0.3080	0.3080
LOC101126415	ZNF426	truthbar	1	0.1463	DN_NC_073244.2_15569240_8	DN_NC_073244.2_17831067_3	0.2474	0.2639	0.2639
LOC101126415	ZNF433	truthbar	1	0.3342	DN_NC_073244.2_17831067_3	DN_NC_073244.2_18047026_4	0.2639	0.2906	0.2906
LOC101126415	ZNF440	truthbar	1	0.3456	DN_NC_073244.2_17831067_3	DN_NC_073244.2_17846610_4	0.2639	0.2517	0.2639
LOC101126415	ZNF441	truthbar	1	0.1717	DN_NC_073244.2_17797611_4	DN_NC_073244.2_17831067_3	0.3134	0.2639	0.3134
LOC101126415	ZNF443	truthbar	1	0.2497	DN_NC_073244.2_17831067_3	DN_NC_073244.2_18470484_4	0.2639	0.1929	0.2639
LOC101126415	ZNF490	truthbar	1						
LOC101126415	ZNF563	truthbar	1	0.3509	DN_NC_073244.2_17831067_3	DN_NC_073244.2_18356684_4	0.2639	0.3045	0.3045
LOC101126415	ZNF564	truthbar	1	0.2107	DN_NC_073244.2_17831067_3	DN_NC_073244.2_18564507_4	0.2639	0.3214	0.3214
LOC101126415	ZNF57	truthbar	1	0.1475	DN_NC_073244.2_17831067_3	DN_NC_073244.2_8680135_4	0.2639	0.2270	0.2639
LOC101126415	ZNF627	truthbar	1	0.3497	DN_NC_073244.2_17635782_4	DN_NC_073244.2_17831067_3	0.2854	0.2639	0.2854
LOC101126415	ZNF669	truthbar	1	0.1633	DN_NC_073224.2_8329397_4	DN_NC_073244.2_17831067_3	0.3619	0.2639	0.3619
LOC101126415	ZNF670	truthbar	1						
LOC101126415	ZNF77	truthbar	1	0.2511	DN_NC_073244.2_17831067_3	DN_NC_073244.2_8711681_4	0.2639	0.1126	0.2639
LOC101126415	ZNF791	truthbar	1	0.1886	DN_NC_073244.2_17831067_3	DN_NC_073244.2_18649721_4	0.2639	0.4193	0.4193
LOC101126415	ZNF799	truthbar	1	0.3042	DN_NC_073244.2_17831067_3	DN_NC_073244.2_18426035_4	0.2639	0.2437	0.2639
LOC101126415	ZNF823	truthbar	1	0.4664	DN_NC_073244.2_17751584_2	DN_NC_073244.2_17831067_3	0.2238	0.2639	0.2639
LOC101126623	LOC101134211	truthbar	1	0.7100	DN_NC_073242.2_85790824_3	DN_NC_073242.2_85815514_3	0.0748	0.2200	0.2200
LOC101126623	MT3	truthbar	1						
LOC101126700	THAP12	genuine	0	0.1689	DN_NC_073224.2_14727985_2	DN_NC_073233.2_84240332_5	0.1351	0.1285	0.1351
LOC101127500	MYL12B	TP	1	0.2707	DN_NC_073241.2_47004815_4	DN_NC_073241.2_47028473_4	0.1159	0.1250	0.1250
LOC101127609	LOC101154433	TP	1	0.4590	DN_NC_073242.2_104912717_12	DN_NC_073242.2_99604879_12	0.0194	0.0139	0.0194
LOC101127609	LOC115930161	TP	1	0.5836	DN_NC_073242.2_104912717_12	DN_NC_073242.2_99181437_12	0.0194	0.0269	0.0269
LOC101127609	LOC129527724	truthbar	1	1.0000	DN_NC_073242.2_104350782_12	DN_NC_073242.2_104912717_12	0.0211	0.0194	0.0211
LOC101127631	LOC101129219	truthbar	1	0.3437	DN_NC_073232.2_81033881_5	DN_NC_073244.2_48660338_4	0.2059	0.1975	0.2059
LOC101127631	LOC101130677	truthbar	1	0.1739	DN_NC_073232.2_80964961_8	DN_NC_073244.2_48660338_4	0.1808	0.1975	0.1975
LOC101127631	LOC101138952	genuine	0						
LOC101127631	LOC129523567	truthbar	1						
LOC101127631	LOC129528667	genuine	0						
LOC101127631	ZFP37	truthbar	1						
LOC101127631	ZNF10	truthbar	1						
LOC101127631	ZNF140	genuine	0						
LOC101127631	ZNF157	truthbar	1						
LOC101127631	ZNF175	truthbar	1	0.1961	DN_NC_073244.2_48660338_4	DN_NC_073244.2_63542066_5	0.1975	0.1827	0.1975
LOC101127631	ZNF180	truthbar	1						
LOC101127631	ZNF182	truthbar	1						
LOC101127631	ZNF25	truthbar	1						
LOC101127631	ZNF26	truthbar	1						
LOC101127631	ZNF260	truthbar	1	0.1899	DN_NC_073244.2_47706460_3	DN_NC_073244.2_48660338_4	0.2910	0.1975	0.2910
LOC101127631	ZNF268	truthbar	1	0.1450	DN_NC_073234.2_148682020_7	DN_NC_073244.2_48660338_4	0.1658	0.1975	0.1975
LOC101127631	ZNF287	truthbar	1	0.3037	DN_NC_073228.2_83600319_6	DN_NC_073244.2_48660338_4	0.1908	0.1975	0.1975
LOC101127631	ZNF300	truthbar	1						
LOC101127631	ZNF302	genuine	0	0.2835	DN_NC_073244.2_45737704_5	DN_NC_073244.2_48660338_4	0.1493	0.1975	0.1975
LOC101127631	ZNF334	truthbar	1	0.1560	DN_NC_073244.2_48660338_4	DN_NC_073245.2_58728682_5	0.1975	0.1278	0.1975
LOC101127631	ZNF33B	truthbar	1	0.3541	DN_NC_073232.2_72820474_5	DN_NC_073244.2_48660338_4	0.2521	0.1975	0.2521
LOC101127631	ZNF354A	truthbar	1	0.1812	DN_NC_073228.2_182334642_5	DN_NC_073244.2_48660338_4	0.1866	0.1975	0.1975
LOC101127631	ZNF354B	truthbar	1						
LOC101127631	ZNF382	truthbar	1						
LOC101127631	ZNF41	truthbar	1	0.1906	DN_NC_073244.2_48660338_4	DN_NC_073247.2_57840463_5	0.1975	0.1565	0.1975
LOC101127631	ZNF432	truthbar	1						
LOC101127631	ZNF484	truthbar	1	0.2071	DN_NC_073237.2_89310571_5	DN_NC_073244.2_48660338_4	0.2190	0.1975	0.2190
LOC101127631	ZNF487	genuine	0	0.2199	DN_NC_073232.2_71973207_3	DN_NC_073244.2_48660338_4	0.0993	0.1975	0.1975
LOC101127631	ZNF501	genuine	0	0.1446	DN_NC_073244.2_48660338_4	DN_NC_086017.1_54629198_3	0.1975	0.2136	0.2136
LOC101127631	ZNF510	truthbar	1						
LOC101127631	ZNF527	truthbar	1						
LOC101127631	ZNF565	truthbar	1	0.2269	DN_NC_073244.2_47288294_4	DN_NC_073244.2_48660338_4	0.2381	0.1975	0.2381
LOC101127631	ZNF567	truthbar	1						
LOC101127631	ZNF568	truthbar	1	0.3214	DN_NC_073244.2_48093173_7	DN_NC_073244.2_48660338_4	0.3190	0.1975	0.3190
LOC101127631	ZNF569	TP	1	0.8963	DN_NC_073244.2_48660338_4	DN_NC_073244.2_48919547_6	0.1975	0.1952	0.1975
LOC101127631	ZNF577	genuine	0						
LOC101127631	ZNF585A	genuine	0	0.2094	DN_NC_073244.2_48319142_5	DN_NC_073244.2_48660338_4	0.1403	0.1975	0.1975
LOC101127631	ZNF585B	truthbar	1	0.1743	DN_NC_073244.2_48352926_4	DN_NC_073244.2_48660338_4	0.1502	0.1975	0.1975
LOC101127631	ZNF605	truthbar	1	0.3045	DN_NC_073234.2_148420424_5	DN_NC_073244.2_48660338_4	0.0953	0.1975	0.1975
LOC101127631	ZNF606	truthbar	1						
LOC101127631	ZNF613	truthbar	1						
LOC101127631	ZNF614	truthbar	1						
LOC101127631	ZNF615	truthbar	1						
LOC101127631	ZNF624	truthbar	1	0.1673	DN_NC_073228.2_83513581_6	DN_NC_073244.2_48660338_4	0.2734	0.1975	0.2734
LOC101127631	ZNF649	truthbar	1						
LOC101127631	ZNF674	truthbar	1						
LOC101127631	ZNF717	truthbar	1						
LOC101127631	ZNF782	truthbar	1						
LOC101127631	ZNF81	truthbar	1						
LOC101127631	ZNF84	truthbar	1	0.3321	DN_NC_073234.2_148537990_5	DN_NC_073244.2_48660338_4	0.2027	0.1975	0.2027
LOC101127631	ZNF883	truthbar	1	0.2680	DN_NC_073237.2_109230975_4	DN_NC_073244.2_48660338_4	0.2819	0.1975	0.2819
LOC101128088	LOC101128458	TP	1	0.4844	DN_NC_073242.2_96060106_12	DN_NC_073242.2_96161607_12	0.0878	0.1425	0.1425
LOC101128088	LOC115931015	truthbar	1						
LOC101128088	LOC115931020	TP	1	0.9583	DN_NC_073242.2_96073882_12	DN_NC_073242.2_96161607_12	0.2297	0.1425	0.2297
LOC101128092	LOC101135168	truthbar	1						
LOC101128092	LOC115933002	truthbar	1	0.2814	DN_NC_073228.2_46729356_10	DN_NC_073228.2_60914130_12	0.0255	0.0912	0.0912
LOC101128092	LOC115934626	truthbar	1						
LOC101128092	LOC115934680	genuine	0	0.1976	DN_NC_073228.2_60914130_12	DN_NC_073228.2_62340772_5	0.0912	0.2669	0.2669
LOC101128092	LRRC37A3	truthbar	1						
LOC101128106	LOC101128844	genuine	0	0.1632	DN_NC_073230.2_74126483_4	DN_NC_073244.2_30090650_6	0.4428	0.1798	0.4428
LOC101128106	LOC101129171	genuine	0	0.1827	DN_NC_073244.2_26314241_4	DN_NC_073244.2_30090650_6	0.4182	0.1798	0.4182
LOC101128106	LOC101130023	genuine	0						
LOC101128106	LOC101133546	genuine	0	0.1430	DN_NC_073244.2_30090650_6	DN_NC_073244.2_65326089_4	0.1798	0.3382	0.3382
LOC101128106	LOC101133668	genuine	0						
LOC101128106	LOC101136009	genuine	0	0.2161	DN_NC_073244.2_26901109_4	DN_NC_073244.2_30090650_6	0.5314	0.1798	0.5314
LOC101128106	LOC101137462	genuine	0	0.1660	DN_NC_073244.2_27285351_4	DN_NC_073244.2_30090650_6	0.7315	0.1798	0.7315
LOC101128106	LOC101141027	genuine	0	0.1627	DN_NC_073244.2_27765726_4	DN_NC_073244.2_30090650_6	0.4666	0.1798	0.4666
LOC101128106	LOC101142646	genuine	0	0.1328	DN_NC_073244.2_27869273_3	DN_NC_073244.2_30090650_6	0.4816	0.1798	0.4816
LOC101128106	LOC101144119	genuine	0						
LOC101128106	LOC101144471	genuine	0						
LOC101128106	LOC101144838	genuine	0	0.1748	DN_NC_073244.2_28256975_5	DN_NC_073244.2_30090650_6	0.3847	0.1798	0.3847
LOC101128106	LOC101145945	genuine	0						
LOC101128106	LOC101146634	genuine	0	0.2042	DN_NC_073244.2_28711447_2	DN_NC_073244.2_30090650_6	0.4461	0.1798	0.4461
LOC101128106	LOC101147715	genuine	0	0.1636	DN_NC_073244.2_28820229_4	DN_NC_073244.2_30090650_6	0.5027	0.1798	0.5027
LOC101128106	LOC101150965	genuine	0						
LOC101128106	LOC101151892	genuine	0						
LOC101128106	LOC101152401	genuine	0						
LOC101128106	LOC101153126	genuine	0	0.1632	DN_NC_073244.2_29297022_4	DN_NC_073244.2_30090650_6	0.4345	0.1798	0.4345
LOC101128106	LOC101153131	genuine	0						
LOC101128106	LOC109024216	genuine	0						
LOC101128106	LOC109026610	genuine	0						
LOC101128106	LOC115930172	genuine	0	0.1659	DN_NC_073244.2_27051998_4	DN_NC_073244.2_30090650_6	0.4137	0.1798	0.4137
LOC101128106	LOC115931567	genuine	0	0.2754	DN_NC_073244.2_27566430_5	DN_NC_073244.2_30090650_6	0.4258	0.1798	0.4258
LOC101128106	LOC115931568	genuine	0	0.1672	DN_NC_073244.2_28072858_4	DN_NC_073244.2_30090650_6	0.3930	0.1798	0.3930
LOC101128106	LOC115931576	genuine	0	0.1907	DN_NC_073244.2_29046961_4	DN_NC_073244.2_30090650_6	0.4500	0.1798	0.4500
LOC101128106	LOC115931654	genuine	0						
LOC101128106	LOC115931857	genuine	0						
LOC101128106	LOC129527827	genuine	0	0.1445	DN_NC_073242.2_66613619_4	DN_NC_073244.2_30090650_6	0.4438	0.1798	0.4438
LOC101128106	LOC129528947	genuine	0	0.2015	DN_NC_073244.2_27408454_4	DN_NC_073244.2_30090650_6	0.5416	0.1798	0.5416
LOC101128106	OSBPL10	genuine	0						
LOC101128106	ZNF141	genuine	0	0.1548	DN_NC_073227.2_8907801_4	DN_NC_073244.2_30090650_6	0.2847	0.1798	0.2847
LOC101128106	ZNF195	genuine	0						
LOC101128106	ZNF254	genuine	0	0.1746	DN_NC_073244.2_30090650_6	DN_NC_073244.2_30438386_2	0.1798	0.3964	0.3964
LOC101128106	ZNF267	genuine	0						
LOC101128106	ZNF273	genuine	0	0.2066	DN_NC_073230.2_74299233_4	DN_NC_073244.2_30090650_6	0.3847	0.1798	0.3847
LOC101128106	ZNF28	genuine	0						
LOC101128106	ZNF347	genuine	0						
LOC101128106	ZNF415	genuine	0						
LOC101128106	ZNF429	genuine	0	0.2029	DN_NC_073244.2_27956158_2	DN_NC_073244.2_30090650_6	0.5265	0.1798	0.5265
LOC101128106	ZNF43	genuine	0	0.1880	DN_NC_073244.2_28333451_4	DN_NC_073244.2_30090650_6	0.4625	0.1798	0.4625
LOC101128106	ZNF430	genuine	0						
LOC101128106	ZNF468	genuine	0						
LOC101128106	ZNF480	genuine	0						
LOC101128106	ZNF486	genuine	0						
LOC101128106	ZNF506	genuine	0	0.2032	DN_NC_073244.2_26240039_2	DN_NC_073244.2_30090650_6	0.4246	0.1798	0.4246
LOC101128106	ZNF519	genuine	0						
LOC101128106	ZNF528	genuine	0						
LOC101128106	ZNF578	genuine	0						
LOC101128106	ZNF595	genuine	0	0.1640	DN_NC_073227.2_8633418_2	DN_NC_073244.2_30090650_6	0.5689	0.1798	0.5689
LOC101128106	ZNF600	genuine	0						
LOC101128106	ZNF611	genuine	0						
LOC101128106	ZNF616	genuine	0						
LOC101128106	ZNF626	genuine	0	0.1997	DN_NC_073244.2_27131194_2	DN_NC_073244.2_30090650_6	0.4557	0.1798	0.4557
LOC101128106	ZNF655	genuine	0						
LOC101128106	ZNF675	genuine	0	0.3447	DN_NC_073244.2_29970261_4	DN_NC_073244.2_30090650_6	0.3774	0.1798	0.3774
LOC101128106	ZNF678	genuine	0	0.1801	DN_NC_073224.2_40627195_4	DN_NC_073244.2_30090650_6	0.3220	0.1798	0.3220
LOC101128106	ZNF680	genuine	0						
LOC101128106	ZNF681	genuine	0	0.1632	DN_NC_073244.2_30067652_4	DN_NC_073244.2_30090650_6	0.4267	0.1798	0.4267
LOC101128106	ZNF682	genuine	0	0.2089	DN_NC_073244.2_26470366_4	DN_NC_073244.2_30090650_6	0.3255	0.1798	0.3255
LOC101128106	ZNF695	genuine	0	0.2171	DN_NC_073224.2_8422960_4	DN_NC_073244.2_30090650_6	0.3045	0.1798	0.3045
LOC101128106	ZNF701	genuine	0						
LOC101128106	ZNF721	genuine	0	0.1671	DN_NC_073227.2_9010062_2	DN_NC_073244.2_30090650_6	0.3953	0.1798	0.3953
LOC101128106	ZNF723	genuine	0	0.1615	DN_NC_073244.2_29232445_4	DN_NC_073244.2_30090650_6	0.5099	0.1798	0.5099
LOC101128106	ZNF727	genuine	0	0.1382	DN_NC_073230.2_73508332_4	DN_NC_073244.2_30090650_6	0.3146	0.1798	0.3146
LOC101128106	ZNF736	genuine	0						
LOC101128106	ZNF761	genuine	0						
LOC101128106	ZNF766	genuine	0						
LOC101128106	ZNF8	genuine	0	0.1787	DN_NC_073244.2_30090650_6	DN_NC_073244.2_70399351_4	0.1798	0.1780	0.1798
LOC101128106	ZNF808	genuine	0						
LOC101128106	ZNF813	genuine	0						
LOC101128106	ZNF83	genuine	0						
LOC101128106	ZNF836	genuine	0						
LOC101128106	ZNF841	genuine	0						
LOC101128106	ZNF888	genuine	0						
LOC101128106	ZNF91	genuine	0						
LOC101128106	ZNF92	genuine	0						
LOC101128351	LOC101128712	TP	1	0.3863	DN_NC_073244.2_17876785_4	DN_NC_073244.2_17922158_4	0.3119	0.6816	0.6816
LOC101128351	LOC101129789	genuine	0	0.1489	DN_NC_073244.2_17876785_4	DN_NC_073244.2_18124175_2	0.3119	0.2027	0.3119
LOC101128351	LOC101130507	truthbar	1	0.3328	DN_NC_073244.2_17876785_4	DN_NC_073244.2_17960497_4	0.3119	0.2843	0.3119
LOC101128351	LOC101130877	truthbar	1	0.2878	DN_NC_073244.2_17876785_4	DN_NC_073244.2_17994654_4	0.3119	0.2973	0.3119
LOC101128351	LOC101133657	truthbar	1						
LOC101128351	LOC101148180	truthbar	1	0.1390	DN_NC_073244.2_17876785_4	DN_NC_073244.2_8619131_4	0.3119	0.2256	0.3119
LOC101128351	LOC101153725	truthbar	1	0.1544	DN_NC_073244.2_17678736_4	DN_NC_073244.2_17876785_4	0.3252	0.3119	0.3252
LOC101128351	LOC101153837	truthbar	1						
LOC101128351	LOC101154200	truthbar	1	0.1579	DN_NC_073244.2_17876785_4	DN_NC_073244.2_18307855_4	0.3119	0.2845	0.3119
LOC101128351	LOC109024269	genuine	0	0.1501	DN_NC_073244.2_17876785_4	DN_NC_073244.2_18045307_2	0.3119	0.2882	0.3119
LOC101128351	LOC109025073	truthbar	1	0.2418	DN_NC_073244.2_17876785_4	DN_NC_073244.2_18096775_3	0.3119	0.2715	0.3119
LOC101128351	LOC129527774	genuine	0						
LOC101128351	RPL14	genuine	0						
LOC101128351	ZNF124	truthbar	1	0.1477	DN_NC_073224.2_8261601_4	DN_NC_073244.2_17876785_4	0.2609	0.3119	0.3119
LOC101128351	ZNF136	truthbar	1	0.2468	DN_NC_073244.2_17876785_4	DN_NC_073244.2_18201516_4	0.3119	0.2902	0.3119
LOC101128351	ZNF14	truthbar	1	0.1623	DN_NC_073244.2_17876785_4	DN_NC_073244.2_26156853_4	0.3119	0.3080	0.3119
LOC101128351	ZNF426	truthbar	1						
LOC101128351	ZNF433	truthbar	1	0.2222	DN_NC_073244.2_17876785_4	DN_NC_073244.2_18047026_4	0.3119	0.2906	0.3119
LOC101128351	ZNF440	truthbar	1	0.4007	DN_NC_073244.2_17846610_4	DN_NC_073244.2_17876785_4	0.2517	0.3119	0.3119
LOC101128351	ZNF441	truthbar	1						
LOC101128351	ZNF443	truthbar	1	0.2164	DN_NC_073244.2_17876785_4	DN_NC_073244.2_18470484_4	0.3119	0.1929	0.3119
LOC101128351	ZNF490	truthbar	1	0.2127	DN_NC_073244.2_17876785_4	DN_NC_073244.2_18614963_5	0.3119	0.3893	0.3893
LOC101128351	ZNF563	truthbar	1	0.2506	DN_NC_073244.2_17876785_4	DN_NC_073244.2_18356684_4	0.3119	0.3045	0.3119
LOC101128351	ZNF564	truthbar	1						
LOC101128351	ZNF57	truthbar	1	0.1815	DN_NC_073244.2_17876785_4	DN_NC_073244.2_8680135_4	0.3119	0.2270	0.3119
LOC101128351	ZNF627	truthbar	1	0.2606	DN_NC_073244.2_17635782_4	DN_NC_073244.2_17876785_4	0.2854	0.3119	0.3119
LOC101128351	ZNF669	truthbar	1	0.2632	DN_NC_073224.2_8329397_4	DN_NC_073244.2_17876785_4	0.3619	0.3119	0.3619
LOC101128351	ZNF670	truthbar	1						
LOC101128351	ZNF77	truthbar	1	0.1570	DN_NC_073244.2_17876785_4	DN_NC_073244.2_8711681_4	0.3119	0.1126	0.3119
LOC101128351	ZNF791	truthbar	1						
LOC101128351	ZNF799	truthbar	1	0.1655	DN_NC_073244.2_17876785_4	DN_NC_073244.2_18426035_4	0.3119	0.2437	0.3119
LOC101128351	ZNF823	truthbar	1	0.4682	DN_NC_073244.2_17751584_2	DN_NC_073244.2_17876785_4	0.2238	0.3119	0.3119
LOC101128458	LOC115931015	truthbar	1						
LOC101128458	LOC115931020	TP	1	0.3547	DN_NC_073242.2_96060106_12	DN_NC_073242.2_96073882_12	0.0878	0.2297	0.2297
LOC101128585	LOC134758598	truthbar	1	0.2600	DN_NC_073228.2_145157318_2	DN_NC_073228.2_145186024_2	0.0862	0.0702	0.0862
LOC101128712	LOC101129789	genuine	0						
LOC101128712	LOC101130507	truthbar	1	0.2571	DN_NC_073244.2_17922158_4	DN_NC_073244.2_17960497_4	0.6816	0.2843	0.6816
LOC101128712	LOC101130877	truthbar	1	0.1975	DN_NC_073244.2_17922158_4	DN_NC_073244.2_17994654_4	0.6816	0.2973	0.6816
LOC101128712	LOC101133657	truthbar	1						
LOC101128712	LOC101148180	truthbar	1						
LOC101128712	LOC101153725	truthbar	1	0.1677	DN_NC_073244.2_17678736_4	DN_NC_073244.2_17922158_4	0.3252	0.6816	0.6816
LOC101128712	LOC101153837	truthbar	1	0.2430	DN_NC_073244.2_17922158_4	DN_NC_073244.2_18232282_4	0.6816	0.1848	0.6816
LOC101128712	LOC101154200	truthbar	1	0.1390	DN_NC_073244.2_17922158_4	DN_NC_073244.2_18307855_4	0.6816	0.2845	0.6816
LOC101128712	LOC109024269	genuine	0	0.1376	DN_NC_073244.2_17922158_4	DN_NC_073244.2_18045307_2	0.6816	0.2882	0.6816
LOC101128712	LOC109025073	truthbar	1	0.2418	DN_NC_073244.2_17922158_4	DN_NC_073244.2_18096775_3	0.6816	0.2715	0.6816
LOC101128712	LOC129527774	genuine	0						
LOC101128712	RPL14	genuine	0						
LOC101128712	ZNF124	truthbar	1	0.1423	DN_NC_073224.2_8261601_4	DN_NC_073244.2_17922158_4	0.2609	0.6816	0.6816
LOC101128712	ZNF136	truthbar	1	0.2229	DN_NC_073244.2_17922158_4	DN_NC_073244.2_18201516_4	0.6816	0.2902	0.6816
LOC101128712	ZNF14	truthbar	1	0.1330	DN_NC_073244.2_17922158_4	DN_NC_073244.2_26156853_4	0.6816	0.3080	0.6816
LOC101128712	ZNF426	truthbar	1						
LOC101128712	ZNF433	truthbar	1	0.2265	DN_NC_073244.2_17922158_4	DN_NC_073244.2_18047026_4	0.6816	0.2906	0.6816
LOC101128712	ZNF440	TP	1	0.4939	DN_NC_073244.2_17846610_4	DN_NC_073244.2_17922158_4	0.2517	0.6816	0.6816
LOC101128712	ZNF441	truthbar	1						
LOC101128712	ZNF443	truthbar	1	0.2000	DN_NC_073244.2_17922158_4	DN_NC_073244.2_18470484_4	0.6816	0.1929	0.6816
LOC101128712	ZNF490	truthbar	1	0.1492	DN_NC_073244.2_17922158_4	DN_NC_073244.2_18614963_5	0.6816	0.3893	0.6816
LOC101128712	ZNF563	truthbar	1	0.2201	DN_NC_073244.2_17922158_4	DN_NC_073244.2_18356684_4	0.6816	0.3045	0.6816
LOC101128712	ZNF564	truthbar	1	0.1619	DN_NC_073244.2_17922158_4	DN_NC_073244.2_18564507_4	0.6816	0.3214	0.6816
LOC101128712	ZNF57	truthbar	1	0.1486	DN_NC_073244.2_17922158_4	DN_NC_073244.2_8680135_4	0.6816	0.2270	0.6816
LOC101128712	ZNF627	truthbar	1	0.2351	DN_NC_073244.2_17635782_4	DN_NC_073244.2_17922158_4	0.2854	0.6816	0.6816
LOC101128712	ZNF669	truthbar	1	0.1727	DN_NC_073224.2_8329397_4	DN_NC_073244.2_17922158_4	0.3619	0.6816	0.6816
LOC101128712	ZNF670	truthbar	1						
LOC101128712	ZNF77	truthbar	1	0.1771	DN_NC_073244.2_17922158_4	DN_NC_073244.2_8711681_4	0.6816	0.1126	0.6816
LOC101128712	ZNF791	truthbar	1						
LOC101128712	ZNF799	truthbar	1	0.1332	DN_NC_073244.2_17922158_4	DN_NC_073244.2_18426035_4	0.6816	0.2437	0.6816
LOC101128712	ZNF823	truthbar	1	0.3392	DN_NC_073244.2_17751584_2	DN_NC_073244.2_17922158_4	0.2238	0.6816	0.6816
LOC101128844	LOC101129171	truthbar	1						
LOC101128844	LOC101130023	truthbar	1						
LOC101128844	LOC101133546	truthbar	1	0.1392	DN_NC_073230.2_74126483_4	DN_NC_073244.2_65326089_4	0.4428	0.3382	0.4428
LOC101128844	LOC101133668	genuine	0	0.2228	DN_NC_073230.2_74126483_4	DN_NC_073230.2_74190289_5	0.4428	0.3756	0.4428
LOC101128844	LOC101136009	truthbar	1	0.1971	DN_NC_073230.2_74126483_4	DN_NC_073244.2_26901109_4	0.4428	0.5314	0.5314
LOC101128844	LOC101137462	truthbar	1	0.2847	DN_NC_073230.2_74126483_4	DN_NC_073244.2_27285351_4	0.4428	0.7315	0.7315
LOC101128844	LOC101141027	truthbar	1	0.1879	DN_NC_073230.2_74126483_4	DN_NC_073244.2_27765726_4	0.4428	0.4666	0.4666
LOC101128844	LOC101142646	truthbar	1	0.1792	DN_NC_073230.2_74126483_4	DN_NC_073244.2_27869273_3	0.4428	0.4816	0.4816
LOC101128844	LOC101144119	genuine	0	0.1443	DN_NC_073230.2_64900495_2	DN_NC_073230.2_74126483_4	0.2503	0.4428	0.4428
LOC101128844	LOC101144471	truthbar	1						
LOC101128844	LOC101144838	truthbar	1	0.2470	DN_NC_073230.2_74126483_4	DN_NC_073244.2_28256975_5	0.4428	0.3847	0.4428
LOC101128844	LOC101145945	truthbar	1	0.2709	DN_NC_073230.2_74126483_4	DN_NC_073244.2_28588105_4	0.4428	0.3633	0.4428
LOC101128844	LOC101146634	truthbar	1	0.2618	DN_NC_073230.2_74126483_4	DN_NC_073244.2_28711447_4	0.4428	0.4050	0.4428
LOC101128844	LOC101147715	truthbar	1	0.2417	DN_NC_073230.2_74126483_4	DN_NC_073244.2_28820229_4	0.4428	0.5027	0.5027
LOC101128844	LOC101150965	genuine	0	0.1348	DN_NC_073230.2_74126483_4	DN_NC_073244.2_64400145_5	0.4428	0.3365	0.4428
LOC101128844	LOC101151892	genuine	0						
LOC101128844	LOC101152401	truthbar	1	0.1450	DN_NC_073230.2_74126483_4	DN_NC_073244.2_64836827_4	0.4428	0.4177	0.4428
LOC101128844	LOC101153126	truthbar	1	0.3888	DN_NC_073230.2_74126483_4	DN_NC_073244.2_29297022_4	0.4428	0.4345	0.4428
LOC101128844	LOC101153131	truthbar	1						
LOC101128844	LOC109024216	truthbar	1						
LOC101128844	LOC109026610	truthbar	1	0.1440	DN_NC_073227.2_8705656_4	DN_NC_073230.2_74126483_4	0.3416	0.4428	0.4428
LOC101128844	LOC115930172	genuine	0	0.1497	DN_NC_073230.2_74126483_4	DN_NC_073244.2_27051998_4	0.4428	0.4137	0.4428
LOC101128844	LOC115931567	truthbar	1	0.4894	DN_NC_073230.2_74126483_4	DN_NC_073244.2_27566430_5	0.4428	0.4258	0.4428
LOC101128844	LOC115931568	truthbar	1	0.3632	DN_NC_073230.2_74126483_4	DN_NC_073244.2_28072858_4	0.4428	0.3930	0.4428
LOC101128844	LOC115931576	truthbar	1	0.4690	DN_NC_073230.2_74126483_4	DN_NC_073244.2_29046961_4	0.4428	0.4500	0.4500
LOC101128844	LOC115931654	truthbar	1	0.3512	DN_NC_073230.2_74126483_4	DN_NC_073244.2_65266359_4	0.4428	0.3995	0.4428
LOC101128844	LOC115931857	truthbar	1	0.1995	DN_NC_073230.2_74126483_4	DN_NC_073246.2_15789285_3	0.4428	0.2698	0.4428
LOC101128844	LOC129527827	genuine	0	0.2277	DN_NC_073230.2_74126483_4	DN_NC_073242.2_66613619_4	0.4428	0.4438	0.4438
LOC101128844	LOC129528947	genuine	0	0.4093	DN_NC_073230.2_74126483_4	DN_NC_073244.2_27408454_4	0.4428	0.5416	0.5416
LOC101128844	OSBPL10	genuine	0						
LOC101128844	ZNF141	truthbar	1	0.1937	DN_NC_073227.2_8907801_4	DN_NC_073230.2_74126483_4	0.2847	0.4428	0.4428
LOC101128844	ZNF195	truthbar	1	0.1687	DN_NC_073230.2_74126483_4	DN_NC_073233.2_9788172_5	0.4428	0.2339	0.4428
LOC101128844	ZNF254	truthbar	1	0.2621	DN_NC_073230.2_74126483_4	DN_NC_073244.2_30438386_2	0.4428	0.3964	0.4428
LOC101128844	ZNF267	truthbar	1	0.3053	DN_NC_073230.2_74126483_4	DN_NC_073242.2_37386128_4	0.4428	0.2710	0.4428
LOC101128844	ZNF273	truthbar	1	0.4169	DN_NC_073230.2_74126483_4	DN_NC_073230.2_74299233_4	0.4428	0.3847	0.4428
LOC101128844	ZNF28	truthbar	1	0.1408	DN_NC_073230.2_74126483_4	DN_NC_073244.2_64759228_5	0.4428	0.3434	0.4428
LOC101128844	ZNF347	truthbar	1						
LOC101128844	ZNF415	truthbar	1	0.1865	DN_NC_073230.2_74126483_4	DN_NC_073244.2_65046428_4	0.4428	0.1840	0.4428
LOC101128844	ZNF429	truthbar	1	0.3026	DN_NC_073230.2_74126483_4	DN_NC_073244.2_27956158_4	0.4428	0.5461	0.5461
LOC101128844	ZNF43	truthbar	1						
LOC101128844	ZNF430	truthbar	1	0.3937	DN_NC_073230.2_74126483_4	DN_NC_073244.2_27504818_5	0.4428	0.4270	0.4428
LOC101128844	ZNF468	truthbar	1	0.1382	DN_NC_073230.2_74126483_4	DN_NC_073244.2_64797239_5	0.4428	0.3221	0.4428
LOC101128844	ZNF480	truthbar	1						
LOC101128844	ZNF486	truthbar	1	0.2185	DN_NC_073230.2_74126483_4	DN_NC_073244.2_26666712_5	0.4428	0.4566	0.4566
LOC101128844	ZNF506	truthbar	1	0.1879	DN_NC_073230.2_74126483_4	DN_NC_073244.2_26240035_4	0.4428	0.3919	0.4428
LOC101128844	ZNF519	truthbar	1	0.2269	DN_NC_073230.2_74126483_4	DN_NC_073241.2_36126198_2	0.4428	0.2075	0.4428
LOC101128844	ZNF528	truthbar	1						
LOC101128844	ZNF578	truthbar	1	0.1880	DN_NC_073230.2_74126483_4	DN_NC_073244.2_64426370_6	0.4428	0.4463	0.4463
LOC101128844	ZNF595	truthbar	1	0.1894	DN_NC_073227.2_8633416_4	DN_NC_073230.2_74126483_4	0.5220	0.4428	0.5220
LOC101128844	ZNF600	truthbar	1						
LOC101128844	ZNF611	truthbar	1	0.2486	DN_NC_073230.2_74126483_4	DN_NC_073244.2_64672255_4	0.4428	0.3521	0.4428
LOC101128844	ZNF616	truthbar	1						
LOC101128844	ZNF626	truthbar	1						
LOC101128844	ZNF655	truthbar	1						
LOC101128844	ZNF675	truthbar	1	0.2357	DN_NC_073230.2_74126483_4	DN_NC_073244.2_29970261_4	0.4428	0.3774	0.4428
LOC101128844	ZNF678	truthbar	1	0.3191	DN_NC_073224.2_40627195_4	DN_NC_073230.2_74126483_4	0.3220	0.4428	0.4428
LOC101128844	ZNF680	truthbar	1	0.3235	DN_NC_073230.2_73977205_4	DN_NC_073230.2_74126483_4	0.3066	0.4428	0.4428
LOC101128844	ZNF681	truthbar	1	0.2810	DN_NC_073230.2_74126483_4	DN_NC_073244.2_30067652_4	0.4428	0.4267	0.4428
LOC101128844	ZNF682	truthbar	1	0.1842	DN_NC_073230.2_74126483_4	DN_NC_073244.2_26470366_4	0.4428	0.3255	0.4428
LOC101128844	ZNF695	truthbar	1	0.1803	DN_NC_073224.2_8422960_4	DN_NC_073230.2_74126483_4	0.3045	0.4428	0.4428
LOC101128844	ZNF701	truthbar	1						
LOC101128844	ZNF721	truthbar	1	0.5053	DN_NC_073227.2_9010062_2	DN_NC_073230.2_74126483_4	0.3953	0.4428	0.4428
LOC101128844	ZNF723	truthbar	1	0.3709	DN_NC_073230.2_74126483_4	DN_NC_073244.2_29232445_4	0.4428	0.5099	0.5099
LOC101128844	ZNF727	truthbar	1	0.1607	DN_NC_073230.2_73508332_4	DN_NC_073230.2_74126483_4	0.3146	0.4428	0.4428
LOC101128844	ZNF736	truthbar	1	0.2698	DN_NC_073230.2_73776646_4	DN_NC_073230.2_74126483_4	0.3000	0.4428	0.4428
LOC101128844	ZNF761	truthbar	1	0.1765	DN_NC_073230.2_74126483_4	DN_NC_073244.2_65362909_5	0.4428	0.3364	0.4428
LOC101128844	ZNF766	truthbar	1						
LOC101128844	ZNF8	truthbar	1						
LOC101128844	ZNF808	truthbar	1	0.3886	DN_NC_073230.2_74126483_4	DN_NC_073244.2_64500861_5	0.4428	0.4373	0.4428
LOC101128844	ZNF813	truthbar	1	0.2374	DN_NC_073230.2_74126483_4	DN_NC_073244.2_65398487_4	0.4428	0.3208	0.4428
LOC101128844	ZNF83	truthbar	1	0.2181	DN_NC_073230.2_74126483_4	DN_NC_073244.2_64585864_4	0.4428	0.3038	0.4428
LOC101128844	ZNF836	truthbar	1	0.2069	DN_NC_073230.2_74126483_4	DN_NC_073244.2_64125568_5	0.4428	0.4107	0.4428
LOC101128844	ZNF841	truthbar	1	0.1440	DN_NC_073230.2_74126483_4	DN_NC_073244.2_64034715_7	0.4428	0.3325	0.4428
LOC101128844	ZNF888	truthbar	1						
LOC101128844	ZNF91	truthbar	1	0.3485	DN_NC_073230.2_74126483_4	DN_NC_073244.2_29680825_4	0.4428	0.4948	0.4948
LOC101128844	ZNF92	truthbar	1	0.1687	DN_NC_073230.2_74126483_4	DN_NC_073230.2_74637814_2	0.4428	0.3657	0.4428
LOC101128980	LOC134758331	genuine	0	0.5290	DN_NC_073227.2_97044821_2	DN_NC_073233.2_6771931_2	0.4313	0.0543	0.4313
LOC101128980	VCF2	genuine	0						
LOC101129171	LOC101130023	truthbar	1						
LOC101129171	LOC101133546	truthbar	1	0.1741	DN_NC_073244.2_26314241_4	DN_NC_073244.2_65326089_4	0.4182	0.3382	0.4182
LOC101129171	LOC101133668	genuine	0	0.2263	DN_NC_073230.2_74190289_5	DN_NC_073244.2_26314241_4	0.3756	0.4182	0.4182
LOC101129171	LOC101136009	truthbar	1	0.2177	DN_NC_073244.2_26314241_4	DN_NC_073244.2_26901109_4	0.4182	0.5314	0.5314
LOC101129171	LOC101137462	truthbar	1	0.1727	DN_NC_073244.2_26314241_4	DN_NC_073244.2_27285351_4	0.4182	0.7315	0.7315
LOC101129171	LOC101141027	truthbar	1	0.4252	DN_NC_073244.2_26314241_4	DN_NC_073244.2_27765726_4	0.4182	0.4666	0.4666
LOC101129171	LOC101142646	truthbar	1	0.1943	DN_NC_073244.2_26314241_4	DN_NC_073244.2_27869273_3	0.4182	0.4816	0.4816
LOC101129171	LOC101144119	genuine	0						
LOC101129171	LOC101144471	truthbar	1						
LOC101129171	LOC101144838	truthbar	1	0.3269	DN_NC_073244.2_26314241_4	DN_NC_073244.2_28256975_5	0.4182	0.3847	0.4182
LOC101129171	LOC101145945	truthbar	1	0.1766	DN_NC_073244.2_26314241_4	DN_NC_073244.2_28588105_4	0.4182	0.3633	0.4182
LOC101129171	LOC101146634	truthbar	1	0.2569	DN_NC_073244.2_26314241_4	DN_NC_073244.2_28711447_4	0.4182	0.4050	0.4182
LOC101129171	LOC101147715	truthbar	1	0.1940	DN_NC_073244.2_26314241_4	DN_NC_073244.2_28820229_4	0.4182	0.5027	0.5027
LOC101129171	LOC101150965	genuine	0	0.1323	DN_NC_073244.2_26314241_4	DN_NC_073244.2_64400145_5	0.4182	0.3365	0.4182
LOC101129171	LOC101151892	genuine	0						
LOC101129171	LOC101152401	truthbar	1						
LOC101129171	LOC101153126	truthbar	1	0.3258	DN_NC_073244.2_26314241_4	DN_NC_073244.2_29297022_4	0.4182	0.4345	0.4345
LOC101129171	LOC101153131	truthbar	1	0.1453	DN_NC_073244.2_26314241_4	DN_NC_073244.2_64908457_4	0.4182	0.2438	0.4182
LOC101129171	LOC109024216	truthbar	1	0.2616	DN_NC_073244.2_26314241_4	DN_NC_073244.2_65293743_4	0.4182	0.2768	0.4182
LOC101129171	LOC109026610	truthbar	1	0.2566	DN_NC_073227.2_8705656_4	DN_NC_073244.2_26314241_4	0.3416	0.4182	0.4182
LOC101129171	LOC115930172	genuine	0	0.3269	DN_NC_073244.2_26314241_4	DN_NC_073244.2_27051998_4	0.4182	0.4137	0.4182
LOC101129171	LOC115931567	truthbar	1	0.3263	DN_NC_073244.2_26314241_4	DN_NC_073244.2_27626411_5	0.4182	0.4704	0.4704
LOC101129171	LOC115931568	truthbar	1	0.3534	DN_NC_073244.2_26314241_4	DN_NC_073244.2_28072858_4	0.4182	0.3930	0.4182
LOC101129171	LOC115931576	truthbar	1	0.2438	DN_NC_073244.2_26314241_4	DN_NC_073244.2_29046961_4	0.4182	0.4500	0.4500
LOC101129171	LOC115931654	truthbar	1	0.1373	DN_NC_073244.2_26314241_4	DN_NC_073244.2_65266359_4	0.4182	0.3995	0.4182
LOC101129171	LOC115931857	truthbar	1						
LOC101129171	LOC129527827	genuine	0	0.2242	DN_NC_073242.2_66613619_4	DN_NC_073244.2_26314241_4	0.4438	0.4182	0.4438
LOC101129171	LOC129528947	genuine	0	0.3269	DN_NC_073244.2_26314241_4	DN_NC_073244.2_27408454_4	0.4182	0.5416	0.5416
LOC101129171	OSBPL10	genuine	0						
LOC101129171	ZNF141	truthbar	1	0.2563	DN_NC_073227.2_8907801_4	DN_NC_073244.2_26314241_4	0.2847	0.4182	0.4182
LOC101129171	ZNF195	truthbar	1						
LOC101129171	ZNF254	truthbar	1	0.2400	DN_NC_073244.2_26314241_4	DN_NC_073244.2_30438340_4	0.4182	0.3798	0.4182
LOC101129171	ZNF267	truthbar	1						
LOC101129171	ZNF273	truthbar	1	0.3258	DN_NC_073230.2_74299233_4	DN_NC_073244.2_26314241_4	0.3847	0.4182	0.4182
LOC101129171	ZNF28	truthbar	1						
LOC101129171	ZNF347	truthbar	1						
LOC101129171	ZNF415	truthbar	1						
LOC101129171	ZNF429	truthbar	1	0.5426	DN_NC_073244.2_26314241_4	DN_NC_073244.2_27956158_2	0.4182	0.5265	0.5265
LOC101129171	ZNF43	truthbar	1	0.2516	DN_NC_073244.2_26314241_4	DN_NC_073244.2_28333451_4	0.4182	0.4625	0.4625
LOC101129171	ZNF430	truthbar	1	0.3258	DN_NC_073244.2_26314241_4	DN_NC_073244.2_27504818_5	0.4182	0.4270	0.4270
LOC101129171	ZNF468	truthbar	1						
LOC101129171	ZNF480	truthbar	1						
LOC101129171	ZNF486	truthbar	1	0.1744	DN_NC_073244.2_26314241_4	DN_NC_073244.2_26666712_5	0.4182	0.4566	0.4566
LOC101129171	ZNF506	truthbar	1	0.1785	DN_NC_073244.2_26240039_2	DN_NC_073244.2_26314241_4	0.4246	0.4182	0.4246
LOC101129171	ZNF519	truthbar	1						
LOC101129171	ZNF528	truthbar	1						
LOC101129171	ZNF578	truthbar	1						
LOC101129171	ZNF595	truthbar	1	0.3328	DN_NC_073227.2_8633418_2	DN_NC_073244.2_26314241_4	0.5689	0.4182	0.5689
LOC101129171	ZNF600	truthbar	1						
LOC101129171	ZNF611	truthbar	1	0.1578	DN_NC_073244.2_26314241_4	DN_NC_073244.2_64672255_4	0.4182	0.3521	0.4182
LOC101129171	ZNF616	truthbar	1						
LOC101129171	ZNF626	truthbar	1	0.3631	DN_NC_073244.2_26314241_4	DN_NC_073244.2_27131194_2	0.4182	0.4557	0.4557
LOC101129171	ZNF655	truthbar	1						
LOC101129171	ZNF675	truthbar	1	0.5005	DN_NC_073244.2_26314241_4	DN_NC_073244.2_29970261_4	0.4182	0.3774	0.4182
LOC101129171	ZNF678	truthbar	1						
LOC101129171	ZNF680	truthbar	1	0.3456	DN_NC_073230.2_73977205_4	DN_NC_073244.2_26314241_4	0.3066	0.4182	0.4182
LOC101129171	ZNF681	truthbar	1	0.2175	DN_NC_073244.2_26314241_4	DN_NC_073244.2_30067652_4	0.4182	0.4267	0.4267
LOC101129171	ZNF682	truthbar	1	0.3097	DN_NC_073244.2_26314241_4	DN_NC_073244.2_26470366_4	0.4182	0.3255	0.4182
LOC101129171	ZNF695	truthbar	1	0.3298	DN_NC_073224.2_8422960_4	DN_NC_073244.2_26314241_4	0.3045	0.4182	0.4182
LOC101129171	ZNF701	truthbar	1						
LOC101129171	ZNF721	truthbar	1	0.2665	DN_NC_073227.2_9010062_2	DN_NC_073244.2_26314241_4	0.3953	0.4182	0.4182
LOC101129171	ZNF723	truthbar	1	0.4836	DN_NC_073244.2_26314241_4	DN_NC_073244.2_29232445_4	0.4182	0.5099	0.5099
LOC101129171	ZNF727	truthbar	1	0.2458	DN_NC_073230.2_73508332_4	DN_NC_073244.2_26314241_4	0.3146	0.4182	0.4182
LOC101129171	ZNF736	truthbar	1	0.2214	DN_NC_073230.2_73776646_4	DN_NC_073244.2_26314241_4	0.3000	0.4182	0.4182
LOC101129171	ZNF761	truthbar	1	0.1365	DN_NC_073244.2_26314241_4	DN_NC_073244.2_65362909_5	0.4182	0.3364	0.4182
LOC101129171	ZNF766	truthbar	1	0.2791	DN_NC_073244.2_26314241_4	DN_NC_073244.2_64231369_4	0.4182	0.2784	0.4182
LOC101129171	ZNF8	truthbar	1						
LOC101129171	ZNF808	truthbar	1	0.1528	DN_NC_073244.2_26314241_4	DN_NC_073244.2_64500861_5	0.4182	0.4373	0.4373
LOC101129171	ZNF813	truthbar	1	0.2187	DN_NC_073244.2_26314241_4	DN_NC_073244.2_65398487_4	0.4182	0.3208	0.4182
LOC101129171	ZNF83	truthbar	1						
LOC101129171	ZNF836	truthbar	1						
LOC101129171	ZNF841	truthbar	1	0.1794	DN_NC_073244.2_26314241_4	DN_NC_073244.2_64034715_7	0.4182	0.3325	0.4182
LOC101129171	ZNF888	truthbar	1						
LOC101129171	ZNF91	truthbar	1	0.2790	DN_NC_073244.2_26314241_4	DN_NC_073244.2_29680825_2	0.4182	0.5202	0.5202
LOC101129171	ZNF92	truthbar	1	0.3563	DN_NC_073230.2_74637814_2	DN_NC_073244.2_26314241_4	0.3657	0.4182	0.4182
LOC101129219	LOC101130677	truthbar	1	0.2025	DN_NC_073232.2_80964961_8	DN_NC_073232.2_81033881_5	0.1808	0.2059	0.2059
LOC101129219	LOC101138952	truthbar	1	0.1964	DN_NC_073232.2_81033881_5	DN_NC_073244.2_63934684_6	0.2059	0.1220	0.2059
LOC101129219	LOC129523567	truthbar	1						
LOC101129219	LOC129528667	truthbar	1						
LOC101129219	ZFP37	truthbar	1	0.1657	DN_NC_073232.2_81033881_5	DN_NC_073237.2_109279481_4	0.2059	0.2257	0.2257
LOC101129219	ZNF10	truthbar	1						
LOC101129219	ZNF140	truthbar	1						
LOC101129219	ZNF157	truthbar	1	0.3651	DN_NC_073232.2_81033881_5	DN_NC_073247.2_57761829_5	0.2059	0.2497	0.2497
LOC101129219	ZNF175	truthbar	1						
LOC101129219	ZNF180	truthbar	1	0.2432	DN_NC_073232.2_81033881_5	DN_NC_073244.2_55989141_5	0.2059	0.1121	0.2059
LOC101129219	ZNF182	truthbar	1	0.3610	DN_NC_073232.2_81033881_5	DN_NC_073247.2_58372296_6	0.2059	0.1467	0.2059
LOC101129219	ZNF25	truthbar	1						
LOC101129219	ZNF26	truthbar	1						
LOC101129219	ZNF260	genuine	0	0.1674	DN_NC_073232.2_81033881_5	DN_NC_073244.2_47706466_2	0.2059	0.2991	0.2991
LOC101129219	ZNF268	truthbar	1	0.2620	DN_NC_073232.2_81033881_5	DN_NC_073234.2_148682020_7	0.2059	0.1658	0.2059
LOC101129219	ZNF287	truthbar	1	0.2302	DN_NC_073228.2_83600319_6	DN_NC_073232.2_81033881_5	0.1908	0.2059	0.2059
LOC101129219	ZNF300	truthbar	1						
LOC101129219	ZNF302	truthbar	1						
LOC101129219	ZNF334	truthbar	1	0.2386	DN_NC_073232.2_81033881_5	DN_NC_073245.2_58728682_5	0.2059	0.1278	0.2059
LOC101129219	ZNF33B	TP	1	0.4566	DN_NC_073232.2_72820474_5	DN_NC_073232.2_81033881_5	0.2521	0.2059	0.2521
LOC101129219	ZNF354A	truthbar	1	0.1831	DN_NC_073228.2_182334642_5	DN_NC_073232.2_81033881_5	0.1866	0.2059	0.2059
LOC101129219	ZNF354B	truthbar	1	0.1560	DN_NC_073228.2_182827930_5	DN_NC_073232.2_81033881_5	0.2209	0.2059	0.2209
LOC101129219	ZNF382	truthbar	1	0.2371	DN_NC_073232.2_81033881_5	DN_NC_073244.2_47798559_5	0.2059	0.2005	0.2059
LOC101129219	ZNF41	truthbar	1	0.1613	DN_NC_073232.2_81033881_5	DN_NC_073247.2_57840463_5	0.2059	0.1565	0.2059
LOC101129219	ZNF432	truthbar	1						
LOC101129219	ZNF484	truthbar	1						
LOC101129219	ZNF487	genuine	0	0.1576	DN_NC_073232.2_71973207_3	DN_NC_073232.2_81033881_5	0.0993	0.2059	0.2059
LOC101129219	ZNF501	genuine	0						
LOC101129219	ZNF510	truthbar	1						
LOC101129219	ZNF527	truthbar	1						
LOC101129219	ZNF565	truthbar	1						
LOC101129219	ZNF567	truthbar	1	0.2898	DN_NC_073232.2_81033881_5	DN_NC_073244.2_47878793_6	0.2059	0.1800	0.2059
LOC101129219	ZNF568	truthbar	1	0.2205	DN_NC_073232.2_81033881_5	DN_NC_073244.2_48093173_7	0.2059	0.3190	0.3190
LOC101129219	ZNF569	truthbar	1	0.2018	DN_NC_073232.2_81033881_5	DN_NC_073244.2_48919547_6	0.2059	0.1952	0.2059
LOC101129219	ZNF577	truthbar	1						
LOC101129219	ZNF585A	truthbar	1						
LOC101129219	ZNF585B	truthbar	1						
LOC101129219	ZNF605	truthbar	1	0.1972	DN_NC_073232.2_81033881_5	DN_NC_073234.2_148420424_5	0.2059	0.0953	0.2059
LOC101129219	ZNF606	truthbar	1						
LOC101129219	ZNF613	truthbar	1	0.1730	DN_NC_073232.2_81033881_5	DN_NC_073244.2_63895938_6	0.2059	0.1312	0.2059
LOC101129219	ZNF614	truthbar	1						
LOC101129219	ZNF615	truthbar	1						
LOC101129219	ZNF624	truthbar	1	0.2604	DN_NC_073228.2_83513581_6	DN_NC_073232.2_81033881_5	0.2734	0.2059	0.2734
LOC101129219	ZNF649	truthbar	1						
LOC101129219	ZNF674	truthbar	1	0.2302	DN_NC_073232.2_81033881_5	DN_NC_073247.2_56899135_7	0.2059	0.2309	0.2309
LOC101129219	ZNF717	truthbar	1	0.3465	DN_NC_073232.2_81033881_5	DN_NC_086017.1_85766278_5	0.2059	0.1562	0.2059
LOC101129219	ZNF782	truthbar	1	0.1502	DN_NC_073232.2_81033881_5	DN_NC_073237.2_93275727_4	0.2059	0.1049	0.2059
LOC101129219	ZNF81	truthbar	1						
LOC101129219	ZNF84	truthbar	1	0.2503	DN_NC_073232.2_81033881_5	DN_NC_073234.2_148537990_5	0.2059	0.2027	0.2059
LOC101129219	ZNF883	genuine	0						
LOC101129558	LOC101135429	TP	1	0.3748	DN_NC_073245.2_11562885_6	DN_NC_073245.2_11814428_9	0.0747	0.0816	0.0816
LOC101129578	ZNF135	truthbar	1						
LOC101129578	ZNF16	truthbar	1	0.2839	DN_NC_073231.2_150777699_3	DN_NC_073231.2_150817007_4	0.1529	0.2427	0.2427
LOC101129578	ZNF250	truthbar	1	0.1468	DN_NC_073231.2_150726059_5	DN_NC_073231.2_150817007_4	0.2356	0.2427	0.2427
LOC101129578	ZNF251	truthbar	1	0.1439	DN_NC_073231.2_150568091_5	DN_NC_073231.2_150817007_4	0.1298	0.2427	0.2427
LOC101129578	ZNF3	genuine	0	0.2203	DN_NC_073230.2_88683937_6	DN_NC_073231.2_150817007_4	0.1096	0.2427	0.2427
LOC101129578	ZNF34	truthbar	1						
LOC101129578	ZNF544	truthbar	1	0.1557	DN_NC_073231.2_150817007_4	DN_NC_073244.2_70323040_7	0.2427	0.1872	0.2427
LOC101129578	ZNF623	genuine	0	0.1688	DN_NC_073231.2_149487156_2	DN_NC_073231.2_150817007_4	0.1457	0.2427	0.2427
LOC101129578	ZNF70	genuine	0						
LOC101129578	ZNF79	genuine	0	0.1752	DN_NC_073231.2_150817007_4	DN_NC_073237.2_123801018_5	0.2427	0.1893	0.2427
LOC101129578	ZNF892	genuine	0	0.1467	DN_NC_073231.2_150817007_4	DN_NC_073236.2_32240619_3	0.2427	0.2534	0.2534
LOC101129712	LOC101134034	genuine	0	0.1482	DN_NC_073232.2_88373590_10	DN_NC_073232.2_89563823_24	0.0932	0.0538	0.0932
LOC101129789	LOC101130507	genuine	0	0.2561	DN_NC_073244.2_17960497_4	DN_NC_073244.2_18124175_2	0.2843	0.2027	0.2843
LOC101129789	LOC101130877	genuine	0						
LOC101129789	LOC101133657	genuine	0						
LOC101129789	LOC101148180	genuine	0						
LOC101129789	LOC101153725	genuine	0	0.1529	DN_NC_073244.2_17700597_4	DN_NC_073244.2_18124175_2	0.2962	0.2027	0.2962
LOC101129789	LOC101153837	genuine	0						
LOC101129789	LOC101154200	genuine	0	0.1438	DN_NC_073244.2_18124175_2	DN_NC_073244.2_18307855_4	0.2027	0.2845	0.2845
LOC101129789	LOC109024269	genuine	0						
LOC101129789	LOC109025073	genuine	0	0.1411	DN_NC_073244.2_18096775_3	DN_NC_073244.2_18124193_3	0.2715	0.1991	0.2715
LOC101129789	LOC129527774	genuine	0						
LOC101129789	RPL14	genuine	0						
LOC101129789	ZNF124	genuine	0	0.1412	DN_NC_073224.2_8261601_4	DN_NC_073244.2_18124193_3	0.2609	0.1991	0.2609
LOC101129789	ZNF136	genuine	0	0.1635	DN_NC_073244.2_18124175_2	DN_NC_073244.2_18201516_4	0.2027	0.2902	0.2902
LOC101129789	ZNF14	genuine	0	0.1545	DN_NC_073244.2_18124175_2	DN_NC_073244.2_26156853_4	0.2027	0.3080	0.3080
LOC101129789	ZNF426	genuine	0						
LOC101129789	ZNF433	genuine	0						
LOC101129789	ZNF440	genuine	0						
LOC101129789	ZNF441	genuine	0						
LOC101129789	ZNF443	genuine	0	0.1429	DN_NC_073244.2_18124193_3	DN_NC_073244.2_18470484_4	0.1991	0.1929	0.1991
LOC101129789	ZNF490	genuine	0	0.1416	DN_NC_073244.2_18124175_2	DN_NC_073244.2_18614963_5	0.2027	0.3893	0.3893
LOC101129789	ZNF563	genuine	0						
LOC101129789	ZNF564	genuine	0						
LOC101129789	ZNF57	genuine	0						
LOC101129789	ZNF627	genuine	0						
LOC101129789	ZNF669	genuine	0	0.3143	DN_NC_073224.2_8329397_4	DN_NC_073244.2_18124175_2	0.3619	0.2027	0.3619
LOC101129789	ZNF670	genuine	0	0.1410	DN_NC_073224.2_8356715_4	DN_NC_073244.2_18124193_3	0.1978	0.1991	0.1991
LOC101129789	ZNF77	genuine	0						
LOC101129789	ZNF791	genuine	0	0.1448	DN_NC_073244.2_18124175_2	DN_NC_073244.2_18649721_4	0.2027	0.4193	0.4193
LOC101129789	ZNF799	genuine	0	0.1436	DN_NC_073244.2_18124175_2	DN_NC_073244.2_18426035_4	0.2027	0.2437	0.2437
LOC101129789	ZNF823	genuine	0	0.2475	DN_NC_073244.2_17751584_2	DN_NC_073244.2_18124193_3	0.2238	0.1991	0.2238
LOC101129910	SDAD1	genuine	0	0.1910	DN_NC_073227.2_96191422_22	DN_NC_073231.2_30601556_2	0.1954	0.1144	0.1954
LOC101129940	SEC22B	TP	1	0.2783	DN_NC_073224.2_117114419_5	DN_NC_073224.2_124983304_5	0.2111	0.2013	0.2111
LOC101129968	PXN	genuine	0	0.1750	DN_NC_073234.2_135608372_3	DN_NC_073234.2_135617419_11	0.4213	0.0511	0.4213
LOC101130023	LOC101133546	truthbar	1	0.1845	DN_NC_073244.2_64618758_7	DN_NC_073244.2_65326089_4	0.2775	0.3382	0.3382
LOC101130023	LOC101133668	genuine	0						
LOC101130023	LOC101136009	truthbar	1	0.3160	DN_NC_073244.2_26901109_4	DN_NC_073244.2_64618758_7	0.5314	0.2775	0.5314
LOC101130023	LOC101137462	truthbar	1						
LOC101130023	LOC101141027	truthbar	1						
LOC101130023	LOC101142646	truthbar	1	0.1432	DN_NC_073244.2_27869273_3	DN_NC_073244.2_64618758_7	0.4816	0.2775	0.4816
LOC101130023	LOC101144119	genuine	0						
LOC101130023	LOC101144471	truthbar	1	0.4157	DN_NC_073244.2_64340366_4	DN_NC_073244.2_64618758_7	0.3371	0.2775	0.3371
LOC101130023	LOC101144838	truthbar	1						
LOC101130023	LOC101145945	truthbar	1						
LOC101130023	LOC101146634	truthbar	1						
LOC101130023	LOC101147715	truthbar	1	0.1551	DN_NC_073244.2_28820229_4	DN_NC_073244.2_64618758_7	0.5027	0.2775	0.5027
LOC101130023	LOC101150965	genuine	0	0.6131	DN_NC_073244.2_64400145_5	DN_NC_073244.2_64618758_7	0.3365	0.2775	0.3365
LOC101130023	LOC101151892	genuine	0						
LOC101130023	LOC101152401	truthbar	1	0.2829	DN_NC_073244.2_64618758_7	DN_NC_073244.2_64836827_4	0.2775	0.4177	0.4177
LOC101130023	LOC101153126	truthbar	1	0.1943	DN_NC_073244.2_29297022_4	DN_NC_073244.2_64618758_7	0.4345	0.2775	0.4345
LOC101130023	LOC101153131	truthbar	1	0.7124	DN_NC_073244.2_64618758_7	DN_NC_073244.2_64908457_4	0.2775	0.2438	0.2775
LOC101130023	LOC109024216	truthbar	1	0.2224	DN_NC_073244.2_64618758_7	DN_NC_073244.2_65293743_4	0.2775	0.2768	0.2775
LOC101130023	LOC109026610	truthbar	1						
LOC101130023	LOC115930172	genuine	0						
LOC101130023	LOC115931567	genuine	0	0.2076	DN_NC_073244.2_27566430_5	DN_NC_073244.2_64618758_7	0.4258	0.2775	0.4258
LOC101130023	LOC115931568	truthbar	1						
LOC101130023	LOC115931576	truthbar	1						
LOC101130023	LOC115931654	truthbar	1	0.1825	DN_NC_073244.2_64618758_7	DN_NC_073244.2_65266359_4	0.2775	0.3995	0.3995
LOC101130023	LOC115931857	truthbar	1						
LOC101130023	LOC129527827	genuine	0						
LOC101130023	LOC129528947	genuine	0						
LOC101130023	OSBPL10	genuine	0	0.3495	DN_NC_073244.2_64618758_7	DN_NC_086017.1_41849470_3	0.2775	0.2556	0.2775
LOC101130023	ZNF141	truthbar	1						
LOC101130023	ZNF195	truthbar	1	0.2717	DN_NC_073233.2_9788172_5	DN_NC_073244.2_64618758_7	0.2339	0.2775	0.2775
LOC101130023	ZNF254	truthbar	1	0.2915	DN_NC_073244.2_30438386_2	DN_NC_073244.2_64618758_7	0.3964	0.2775	0.3964
LOC101130023	ZNF267	truthbar	1	0.3730	DN_NC_073242.2_37386128_4	DN_NC_073244.2_64618758_7	0.2710	0.2775	0.2775
LOC101130023	ZNF273	truthbar	1						
LOC101130023	ZNF28	truthbar	1	0.2099	DN_NC_073244.2_64618758_7	DN_NC_073244.2_64759228_5	0.2775	0.3434	0.3434
LOC101130023	ZNF347	truthbar	1	0.1440	DN_NC_073244.2_64618758_7	DN_NC_073244.2_65073171_5	0.2775	0.3826	0.3826
LOC101130023	ZNF415	truthbar	1	0.3961	DN_NC_073244.2_64618758_7	DN_NC_073244.2_65046428_2	0.2775	0.1755	0.2775
LOC101130023	ZNF429	truthbar	1						
LOC101130023	ZNF43	truthbar	1						
LOC101130023	ZNF430	truthbar	1						
LOC101130023	ZNF468	truthbar	1	0.2103	DN_NC_073244.2_64618758_7	DN_NC_073244.2_64797239_5	0.2775	0.3221	0.3221
LOC101130023	ZNF480	truthbar	1	0.1752	DN_NC_073244.2_64265252_5	DN_NC_073244.2_64618758_7	0.5307	0.2775	0.5307
LOC101130023	ZNF486	truthbar	1						
LOC101130023	ZNF506	truthbar	1						
LOC101130023	ZNF519	truthbar	1						
LOC101130023	ZNF528	truthbar	1						
LOC101130023	ZNF578	truthbar	1	0.2552	DN_NC_073244.2_64426370_6	DN_NC_073244.2_64618758_7	0.4463	0.2775	0.4463
LOC101130023	ZNF595	truthbar	1	0.1948	DN_NC_073227.2_8633416_4	DN_NC_073244.2_64618758_7	0.5220	0.2775	0.5220
LOC101130023	ZNF600	truthbar	1	0.2928	DN_NC_073244.2_64618758_7	DN_NC_073244.2_64724127_4	0.2775	0.3339	0.3339
LOC101130023	ZNF611	truthbar	1	0.2383	DN_NC_073244.2_64618758_7	DN_NC_073244.2_64672255_4	0.2775	0.3521	0.3521
LOC101130023	ZNF616	truthbar	1						
LOC101130023	ZNF626	truthbar	1						
LOC101130023	ZNF655	truthbar	1						
LOC101130023	ZNF675	truthbar	1						
LOC101130023	ZNF678	truthbar	1						
LOC101130023	ZNF680	truthbar	1						
LOC101130023	ZNF681	truthbar	1						
LOC101130023	ZNF682	truthbar	1						
LOC101130023	ZNF695	truthbar	1	0.2166	DN_NC_073224.2_8422960_4	DN_NC_073244.2_64618758_7	0.3045	0.2775	0.3045
LOC101130023	ZNF701	truthbar	1	0.1991	DN_NC_073244.2_64543447_4	DN_NC_073244.2_64618758_7	0.2106	0.2775	0.2775
LOC101130023	ZNF721	truthbar	1						
LOC101130023	ZNF723	truthbar	1						
LOC101130023	ZNF727	truthbar	1						
LOC101130023	ZNF736	truthbar	1						
LOC101130023	ZNF761	truthbar	1	0.2039	DN_NC_073244.2_64618758_7	DN_NC_073244.2_65362909_5	0.2775	0.3364	0.3364
LOC101130023	ZNF766	truthbar	1	0.3267	DN_NC_073244.2_64231369_4	DN_NC_073244.2_64618758_7	0.2784	0.2775	0.2784
LOC101130023	ZNF8	truthbar	1						
LOC101130023	ZNF808	truthbar	1	0.2383	DN_NC_073244.2_64500861_5	DN_NC_073244.2_64618758_7	0.4373	0.2775	0.4373
LOC101130023	ZNF813	truthbar	1	0.1797	DN_NC_073244.2_64618758_7	DN_NC_073244.2_65398487_4	0.2775	0.3208	0.3208
LOC101130023	ZNF83	truthbar	1	0.3621	DN_NC_073244.2_64585864_4	DN_NC_073244.2_64618758_7	0.3038	0.2775	0.3038
LOC101130023	ZNF836	truthbar	1	0.1309	DN_NC_073244.2_64125568_5	DN_NC_073244.2_64618758_7	0.4107	0.2775	0.4107
LOC101130023	ZNF841	truthbar	1	0.2947	DN_NC_073244.2_64034715_7	DN_NC_073244.2_64618758_7	0.3325	0.2775	0.3325
LOC101130023	ZNF888	truthbar	1	0.1848	DN_NC_073244.2_64618758_7	DN_NC_073244.2_64860608_4	0.2775	0.4244	0.4244
LOC101130023	ZNF91	truthbar	1						
LOC101130023	ZNF92	truthbar	1						
LOC101130137	LOC101138337	genuine	0						
LOC101130137	LOC101145348	genuine	0						
LOC101130137	LOC101151317	genuine	0	0.3653	DN_NC_073244.2_48030811_4	DN_NC_073244.2_48980018_5	0.4233	0.2109	0.4233
LOC101130137	LOC101153727	truthbar	1						
LOC101130137	LOC109024207	genuine	0	0.2409	DN_NC_073244.2_48980018_5	DN_NC_073244.2_49176797_4	0.2109	0.2779	0.2779
LOC101130137	LOC109027078	truthbar	1	0.3538	DN_NC_073228.2_182909765_5	DN_NC_073244.2_48980018_5	0.3000	0.2109	0.3000
LOC101130137	LOC115931610	truthbar	1						
LOC101130137	ZFP28	truthbar	1	0.1509	DN_NC_073244.2_48980018_5	DN_NC_073244.2_68643423_8	0.2109	0.2165	0.2165
LOC101130137	ZFP3	truthbar	1	0.3008	DN_NC_073243.2_20204464_2	DN_NC_073244.2_48980018_5	0.2424	0.2109	0.2424
LOC101130137	ZFP69	truthbar	1						
LOC101130137	ZFP82	truthbar	1	0.2864	DN_NC_073244.2_47586219_5	DN_NC_073244.2_48980018_5	0.2963	0.2109	0.2963
LOC101130137	ZNF177	truthbar	1						
LOC101130137	ZNF184	truthbar	1	0.2484	DN_NC_073229.2_45067329_6	DN_NC_073244.2_48980018_5	0.1831	0.2109	0.2109
LOC101130137	ZNF189	truthbar	1						
LOC101130137	ZNF266	truthbar	1						
LOC101130137	ZNF283	genuine	0						
LOC101130137	ZNF30	truthbar	1	0.3153	DN_NC_073244.2_45985550_6	DN_NC_073244.2_48980018_5	0.1432	0.2109	0.2109
LOC101130137	ZNF329	truthbar	1						
LOC101130137	ZNF331	truthbar	1						
LOC101130137	ZNF420	truthbar	1	0.3978	DN_NC_073244.2_48242798_5	DN_NC_073244.2_48980018_5	0.2498	0.2109	0.2498
LOC101130137	ZNF461	truthbar	1	0.3798	DN_NC_073244.2_47831779_6	DN_NC_073244.2_48980018_5	0.2212	0.2109	0.2212
LOC101130137	ZNF471	truthbar	1	0.2324	DN_NC_073244.2_48980018_5	DN_NC_073244.2_68611978_5	0.2109	0.3475	0.3475
LOC101130137	ZNF529	truthbar	1	0.3878	DN_NC_073244.2_47739503_5	DN_NC_073244.2_48980018_5	0.3430	0.2109	0.3430
LOC101130137	ZNF540	truthbar	1	0.1544	DN_NC_073244.2_48980018_5	DN_NC_073244.2_49101177_5	0.2109	0.1716	0.2109
LOC101130137	ZNF546	truthbar	1	0.1594	DN_NC_073244.2_48980018_5	DN_NC_073244.2_51749194_6	0.2109	0.3443	0.3443
LOC101130137	ZNF560	truthbar	1						
LOC101130137	ZNF565	truthbar	1						
LOC101130137	ZNF566	truthbar	1						
LOC101130137	ZNF571	truthbar	1	0.1584	DN_NC_073244.2_48980018_5	DN_NC_073244.2_49072464_4	0.2109	0.1879	0.2109
LOC101130137	ZNF573	truthbar	1						
LOC101130137	ZNF582	truthbar	1	0.3288	DN_NC_073244.2_48980018_5	DN_NC_073244.2_68491976_5	0.2109	0.1818	0.2109
LOC101130137	ZNF583	truthbar	1	0.4358	DN_NC_073244.2_48980018_5	DN_NC_073244.2_68513423_5	0.2109	0.2489	0.2489
LOC101130137	ZNF596	truthbar	1						
LOC101130137	ZNF607	truthbar	1	0.1444	DN_NC_073244.2_48980018_5	DN_NC_073244.2_49205215_5	0.2109	0.1922	0.2109
LOC101130137	ZNF665	truthbar	1	0.4858	DN_NC_073244.2_48980018_5	DN_NC_073244.2_65102393_4	0.2109	0.3815	0.3815
LOC101130137	ZNF684	truthbar	1						
LOC101130137	ZNF780A	truthbar	1						
LOC101130137	ZNF780B	truthbar	1						
LOC101130137	ZNF790	truthbar	1						
LOC101130137	ZNF829	truthbar	1						
LOC101130137	ZNF891	truthbar	1	0.2169	DN_NC_073234.2_148620174_2	DN_NC_073244.2_48980018_5	0.1279	0.2109	0.2109
LOC101130401	LOC101137734	genuine	0	0.1794	DN_NC_073238.2_30171533_2	DN_NC_073246.2_32689693_4	0.3638	0.4727	0.4727
LOC101130401	LOC101146595	genuine	0	0.1369	DN_NC_073239.2_34910171_2	DN_NC_073246.2_32689693_4	0.5527	0.4727	0.5527
LOC101130401	LOC129527528	genuine	0	0.2487	DN_NC_073242.2_7013229_2	DN_NC_073246.2_32689693_4	0.6546	0.4727	0.6546
LOC101130401	LOC129532907	genuine	0						
LOC101130401	LOC134756955	genuine	0	0.2149	DN_NC_073238.2_33197456_2	DN_NC_073246.2_32689693_4	0.3582	0.4727	0.4727
LOC101130401	ORC4	genuine	0						
LOC101130401	TCTN1	genuine	0						
LOC101130426	LOC101137042	genuine	0	0.2895	DN_NC_073224.2_150567709_6	DN_NC_073224.2_150903711_11	0.1166	0.0832	0.1166
LOC101130507	LOC101130877	truthbar	1	0.1925	DN_NC_073244.2_17960497_4	DN_NC_073244.2_17994654_4	0.2843	0.2973	0.2973
LOC101130507	LOC101133657	truthbar	1	0.2946	DN_NC_073244.2_17960497_4	DN_NC_073244.2_18385030_4	0.2843	0.2917	0.2917
LOC101130507	LOC101148180	truthbar	1	0.2231	DN_NC_073244.2_17960497_4	DN_NC_073244.2_8619131_4	0.2843	0.2256	0.2843
LOC101130507	LOC101153725	truthbar	1	0.1952	DN_NC_073244.2_17678736_4	DN_NC_073244.2_17960497_4	0.3252	0.2843	0.3252
LOC101130507	LOC101153837	truthbar	1						
LOC101130507	LOC101154200	truthbar	1	0.3197	DN_NC_073244.2_17960497_4	DN_NC_073244.2_18307855_4	0.2843	0.2845	0.2845
LOC101130507	LOC109024269	genuine	0	0.2107	DN_NC_073244.2_17960497_4	DN_NC_073244.2_18045307_2	0.2843	0.2882	0.2882
LOC101130507	LOC109025073	truthbar	1	0.1819	DN_NC_073244.2_17960497_4	DN_NC_073244.2_18096775_3	0.2843	0.2715	0.2843
LOC101130507	LOC129527774	genuine	0						
LOC101130507	RPL14	genuine	0						
LOC101130507	ZNF124	truthbar	1	0.1346	DN_NC_073224.2_8261601_4	DN_NC_073244.2_17960497_4	0.2609	0.2843	0.2843
LOC101130507	ZNF136	truthbar	1	0.1385	DN_NC_073244.2_17960497_4	DN_NC_073244.2_18201516_4	0.2843	0.2902	0.2902
LOC101130507	ZNF14	truthbar	1	0.2609	DN_NC_073244.2_17960497_4	DN_NC_073244.2_26156853_4	0.2843	0.3080	0.3080
LOC101130507	ZNF426	truthbar	1	0.1382	DN_NC_073244.2_15569240_8	DN_NC_073244.2_17960497_4	0.2474	0.2843	0.2843
LOC101130507	ZNF433	truthbar	1	0.2073	DN_NC_073244.2_17960497_4	DN_NC_073244.2_18047026_4	0.2843	0.2906	0.2906
LOC101130507	ZNF440	truthbar	1	0.2571	DN_NC_073244.2_17846610_4	DN_NC_073244.2_17960497_4	0.2517	0.2843	0.2843
LOC101130507	ZNF441	truthbar	1						
LOC101130507	ZNF443	truthbar	1	0.1777	DN_NC_073244.2_17960497_4	DN_NC_073244.2_18470484_4	0.2843	0.1929	0.2843
LOC101130507	ZNF490	truthbar	1	0.1674	DN_NC_073244.2_17960497_4	DN_NC_073244.2_18614963_5	0.2843	0.3893	0.3893
LOC101130507	ZNF563	truthbar	1	0.3268	DN_NC_073244.2_17960497_4	DN_NC_073244.2_18356684_4	0.2843	0.3045	0.3045
LOC101130507	ZNF564	truthbar	1	0.2111	DN_NC_073244.2_17960497_4	DN_NC_073244.2_18564507_4	0.2843	0.3214	0.3214
LOC101130507	ZNF57	truthbar	1						
LOC101130507	ZNF627	truthbar	1	0.3108	DN_NC_073244.2_17635782_4	DN_NC_073244.2_17960497_4	0.2854	0.2843	0.2854
LOC101130507	ZNF669	truthbar	1	0.1698	DN_NC_073224.2_8329397_4	DN_NC_073244.2_17960497_4	0.3619	0.2843	0.3619
LOC101130507	ZNF670	truthbar	1						
LOC101130507	ZNF77	truthbar	1	0.2835	DN_NC_073244.2_17960497_4	DN_NC_073244.2_8711681_4	0.2843	0.1126	0.2843
LOC101130507	ZNF791	truthbar	1						
LOC101130507	ZNF799	truthbar	1	0.2351	DN_NC_073244.2_17960497_4	DN_NC_073244.2_18426035_4	0.2843	0.2437	0.2843
LOC101130507	ZNF823	truthbar	1	0.2084	DN_NC_073244.2_17751584_2	DN_NC_073244.2_17960497_4	0.2238	0.2843	0.2843
LOC101130542	TCEAL2	truthbar	1	0.1632	DN_NC_073247.2_113908222_3	DN_NC_073247.2_115394224_3	0.1640	0.3500	0.3500
LOC101130542	TCEAL4	truthbar	1						
LOC101130542	TCEAL5	TP	1	0.2431	DN_NC_073247.2_115050911_3	DN_NC_073247.2_115394224_3	0.2425	0.3500	0.3500
LOC101130542	TCEAL6	TP	1	0.4757	DN_NC_073247.2_113922705_3	DN_NC_073247.2_115394224_3	0.1435	0.3500	0.3500
LOC101130677	LOC101138952	truthbar	1						
LOC101130677	LOC129523567	truthbar	1						
LOC101130677	LOC129528667	truthbar	1						
LOC101130677	ZFP37	truthbar	1	0.2319	DN_NC_073232.2_80964961_8	DN_NC_073237.2_109279481_4	0.1808	0.2257	0.2257
LOC101130677	ZNF10	truthbar	1						
LOC101130677	ZNF140	truthbar	1						
LOC101130677	ZNF157	truthbar	1	0.1515	DN_NC_073232.2_80964961_8	DN_NC_073247.2_57761829_5	0.1808	0.2497	0.2497
LOC101130677	ZNF175	truthbar	1						
LOC101130677	ZNF180	truthbar	1	0.1646	DN_NC_073232.2_80964961_8	DN_NC_073244.2_55989141_5	0.1808	0.1121	0.1808
LOC101130677	ZNF182	truthbar	1						
LOC101130677	ZNF25	truthbar	1						
LOC101130677	ZNF26	truthbar	1						
LOC101130677	ZNF260	truthbar	1						
LOC101130677	ZNF268	truthbar	1						
LOC101130677	ZNF287	truthbar	1						
LOC101130677	ZNF300	truthbar	1						
LOC101130677	ZNF302	truthbar	1						
LOC101130677	ZNF334	truthbar	1	0.2229	DN_NC_073232.2_80964961_8	DN_NC_073245.2_58728682_5	0.1808	0.1278	0.1808
LOC101130677	ZNF33B	truthbar	1	0.2055	DN_NC_073232.2_72820474_5	DN_NC_073232.2_80964961_8	0.2521	0.1808	0.2521
LOC101130677	ZNF354A	truthbar	1	0.1862	DN_NC_073228.2_182334642_5	DN_NC_073232.2_80964961_8	0.1866	0.1808	0.1866
LOC101130677	ZNF354B	truthbar	1						
LOC101130677	ZNF382	truthbar	1	0.2256	DN_NC_073232.2_80964961_8	DN_NC_073244.2_47798559_5	0.1808	0.2005	0.2005
LOC101130677	ZNF41	truthbar	1	0.2023	DN_NC_073232.2_80964961_8	DN_NC_073247.2_57840463_5	0.1808	0.1565	0.1808
LOC101130677	ZNF432	truthbar	1						
LOC101130677	ZNF484	truthbar	1						
LOC101130677	ZNF487	genuine	0	0.1398	DN_NC_073232.2_71973207_3	DN_NC_073232.2_80964961_8	0.0993	0.1808	0.1808
LOC101130677	ZNF501	genuine	0						
LOC101130677	ZNF510	truthbar	1						
LOC101130677	ZNF527	truthbar	1	0.1327	DN_NC_073232.2_80964961_8	DN_NC_073244.2_48620420_5	0.1808	0.2697	0.2697
LOC101130677	ZNF565	truthbar	1						
LOC101130677	ZNF567	truthbar	1	0.1454	DN_NC_073232.2_80964961_8	DN_NC_073244.2_47878793_6	0.1808	0.1800	0.1808
LOC101130677	ZNF568	truthbar	1						
LOC101130677	ZNF569	truthbar	1						
LOC101130677	ZNF577	truthbar	1						
LOC101130677	ZNF585A	truthbar	1						
LOC101130677	ZNF585B	truthbar	1						
LOC101130677	ZNF605	truthbar	1						
LOC101130677	ZNF606	truthbar	1						
LOC101130677	ZNF613	truthbar	1						
LOC101130677	ZNF614	truthbar	1						
LOC101130677	ZNF615	truthbar	1						
LOC101130677	ZNF624	truthbar	1	0.1437	DN_NC_073228.2_83513581_6	DN_NC_073232.2_80964961_8	0.2734	0.1808	0.2734
LOC101130677	ZNF649	truthbar	1						
LOC101130677	ZNF674	truthbar	1	0.1602	DN_NC_073232.2_80964961_8	DN_NC_073247.2_56899135_7	0.1808	0.2309	0.2309
LOC101130677	ZNF717	truthbar	1	0.2126	DN_NC_073232.2_80964961_8	DN_NC_086017.1_85766278_5	0.1808	0.1562	0.1808
LOC101130677	ZNF782	truthbar	1	0.2335	DN_NC_073232.2_80964961_8	DN_NC_073237.2_93275727_4	0.1808	0.1049	0.1808
LOC101130677	ZNF81	truthbar	1						
LOC101130677	ZNF84	truthbar	1	0.1901	DN_NC_073232.2_80964961_8	DN_NC_073234.2_148537990_5	0.1808	0.2027	0.2027
LOC101130677	ZNF883	truthbar	1	0.2331	DN_NC_073232.2_80964961_8	DN_NC_073237.2_109230975_4	0.1808	0.2819	0.2819
LOC101130728	LOC129523520	TP	1	0.9993	DN_NC_073224.2_19027212_8	DN_NC_073224.2_19135994_8	0.0020	0.0034	0.0034
LOC101130728	LOC129529226	genuine	0	0.4932	DN_NC_073224.2_15670210_25	DN_NC_073224.2_19135994_8	0.0063	0.0034	0.0063
LOC101130728	LOC129531982	genuine	0	0.6260	DN_NC_073224.2_19135994_8	DN_NC_073224.2_29070818_24	0.0034	0.0156	0.0156
LOC101130728	LOC134756437	TP	1	1.0000	DN_NC_073224.2_19135994_8	DN_NC_073224.2_19235747_8	0.0034	0.0034	0.0034
LOC101130728	LOC134758712	TP	1	1.0000	DN_NC_073224.2_15783681_8	DN_NC_073224.2_19135994_8	0.0027	0.0034	0.0034
LOC101130728	LOC134758754	TP	1	1.0000	DN_NC_073224.2_19135994_8	DN_NC_073224.2_19344252_8	0.0034	0.0028	0.0034
LOC101130783	TCAF1	truthbar	1	0.2062	DN_NC_073230.2_152836468_8	DN_NC_073230.2_152880918_9	0.1492	0.1389	0.1492
LOC101130854	LOC115932779	genuine	0	0.6351	DN_NC_073242.2_15911262_31	DN_NC_073242.2_29051840_13	0.0575	0.2513	0.2513
LOC101130854	LOC115932992	TP	0	0.2915	DN_NC_073242.2_15911262_31	DN_NC_073242.2_16378095_15	0.0575	0.2095	0.2095
LOC101130877	LOC101133657	truthbar	1						
LOC101130877	LOC101148180	truthbar	1						
LOC101130877	LOC101153725	truthbar	1	0.1410	DN_NC_073244.2_17678736_4	DN_NC_073244.2_17994654_4	0.3252	0.2973	0.3252
LOC101130877	LOC101153837	truthbar	1	0.1324	DN_NC_073244.2_17994654_4	DN_NC_073244.2_18232282_4	0.2973	0.1848	0.2973
LOC101130877	LOC101154200	truthbar	1	0.1577	DN_NC_073244.2_17994654_4	DN_NC_073244.2_18307855_4	0.2973	0.2845	0.2973
LOC101130877	LOC109024269	genuine	0						
LOC101130877	LOC109025073	genuine	0	0.2350	DN_NC_073244.2_17994654_4	DN_NC_073244.2_18096775_3	0.2973	0.2715	0.2973
LOC101130877	LOC129527774	genuine	0						
LOC101130877	RPL14	genuine	0						
LOC101130877	ZNF124	truthbar	1						
LOC101130877	ZNF136	truthbar	1	0.1664	DN_NC_073244.2_17994654_4	DN_NC_073244.2_18201516_4	0.2973	0.2902	0.2973
LOC101130877	ZNF14	truthbar	1						
LOC101130877	ZNF426	truthbar	1						
LOC101130877	ZNF433	genuine	0	0.1846	DN_NC_073244.2_17994654_4	DN_NC_073244.2_18047026_4	0.2973	0.2906	0.2973
LOC101130877	ZNF440	truthbar	1	0.2669	DN_NC_073244.2_17846610_4	DN_NC_073244.2_17994654_4	0.2517	0.2973	0.2973
LOC101130877	ZNF441	truthbar	1						
LOC101130877	ZNF443	truthbar	1	0.2032	DN_NC_073244.2_17994654_4	DN_NC_073244.2_18470484_4	0.2973	0.1929	0.2973
LOC101130877	ZNF490	truthbar	1						
LOC101130877	ZNF563	truthbar	1	0.1944	DN_NC_073244.2_17994654_4	DN_NC_073244.2_18356684_4	0.2973	0.3045	0.3045
LOC101130877	ZNF564	truthbar	1						
LOC101130877	ZNF57	truthbar	1						
LOC101130877	ZNF627	truthbar	1						
LOC101130877	ZNF669	truthbar	1						
LOC101130877	ZNF670	truthbar	1						
LOC101130877	ZNF77	truthbar	1	0.1442	DN_NC_073244.2_17994654_4	DN_NC_073244.2_8711681_4	0.2973	0.1126	0.2973
LOC101130877	ZNF791	truthbar	1						
LOC101130877	ZNF799	truthbar	1						
LOC101130877	ZNF823	truthbar	1	0.2738	DN_NC_073244.2_17751584_2	DN_NC_073244.2_17994654_4	0.2238	0.2973	0.2973
LOC101130894	LOC101146405	genuine	0						
LOC101130894	LOC115933167	TP	1	0.5193	DN_NC_073230.2_51812102_9	DN_NC_073230.2_86213678_7	0.2825	0.4994	0.4994
LOC101130894	LOC115935376	genuine	1						
LOC101130894	LOC129523494	TP	1	0.1408	DN_NC_073230.2_112158616_4	DN_NC_073230.2_86213678_7	0.1709	0.4994	0.4994
LOC101130894	LOC129534750	genuine	0	0.4554	DN_NC_073230.2_86128587_5	DN_NC_073230.2_86213678_7	0.1518	0.4994	0.4994
LOC101130894	LRWD1	genuine	0						
LOC101131060	MMP19	genuine	0	0.5901	DN_NC_073234.2_45519337_9	DN_NC_073234.2_45523055_3	0.0773	0.1413	0.1413
LOC101131274	LOC101135585	truthbar	1	0.2067	DN_NC_073224.2_130335848_23	DN_NC_073224.2_218361248_19	0.0829	0.1074	0.1074
LOC101131274	LOC109029488	truthbar	1	0.1768	DN_NC_073224.2_124234032_12	DN_NC_073224.2_218361248_19	0.0470	0.1074	0.1074
LOC101131274	LOC115930164	TP	1	0.9202	DN_NC_073224.2_218361248_19	DN_NC_073224.2_223156764_8	0.1074	0.1138	0.1138
LOC101131274	LOC115930576	TP	1	0.8486	DN_NC_073224.2_218361248_19	DN_NC_073224.2_218434129_23	0.1074	0.0986	0.1074
LOC101131274	LOC115932735	truthbar	1	0.1564	DN_NC_073224.2_124254598_20	DN_NC_073224.2_218361248_19	0.0804	0.1074	0.1074
LOC101131274	LOC115932984	TP	1	0.1952	DN_NC_073224.2_130224824_25	DN_NC_073224.2_218361248_19	0.1023	0.1074	0.1074
LOC101131274	LOC115933235	TP	1	0.4724	DN_NC_073224.2_129429039_7	DN_NC_073224.2_218361248_19	0.1781	0.1074	0.1781
LOC101131274	LOC115933241	genuine	0	0.1967	DN_NC_073224.2_115073393_19	DN_NC_073224.2_218361248_19	0.1051	0.1074	0.1074
LOC101131274	LOC129525330	TP	1	0.1937	DN_NC_073224.2_125594338_29	DN_NC_073224.2_218361248_19	0.0748	0.1074	0.1074
LOC101131274	LOC129525331	TP	1	0.1709	DN_NC_073224.2_125055626_35	DN_NC_073224.2_218361248_19	0.1114	0.1074	0.1114
LOC101131274	LOC129525599	truthbar	1	0.2546	DN_NC_073224.2_116807774_25	DN_NC_073224.2_218361248_19	0.1092	0.1074	0.1092
LOC101131274	LOC134756861	truthbar	1	0.2552	DN_NC_073224.2_117494263_25	DN_NC_073224.2_218361248_19	0.1095	0.1074	0.1095
LOC101131397	LOC101137280	genuine	0	0.1363	DN_NC_073232.2_135159346_4	DN_NC_073232.2_135204586_6	0.1379	0.0892	0.1379
LOC101131416	LOC115930154	TP	1	0.7710	DN_NC_073235.2_31672555_8	DN_NC_073235.2_32750477_8	0.0268	0.0259	0.0268
LOC101131460	THOC3	TP	1	1.0000	DN_NC_073228.2_179795915_6	DN_NC_073228.2_182778476_6	0.1009	0.1364	0.1364
LOC101131561	LOC101136480	genuine	0						
LOC101131561	LOC115933250	genuine	0						
LOC101131561	LOC115933349	genuine	0						
LOC101131561	LOC129527620	genuine	0						
LOC101131561	LOC134757427	genuine	0	0.3331	DN_NC_073242.2_15607160_18	DN_NC_073242.2_28689005_18	0.0202	0.0280	0.0280
LOC101131674	TUBB	truthbar	1	0.7217	DN_NC_073229.2_48413863_4	DN_NC_073242.2_120516047_4	0.0907	0.0190	0.0907
LOC101131674	TUBB2A	TP	1	0.7718	DN_NC_073229.2_20766733_4	DN_NC_073242.2_120516047_4	0.0312	0.0190	0.0312
LOC101131674	TUBB4A	TP	1	0.7011	DN_NC_073242.2_120516047_4	DN_NC_073244.2_12296250_4	0.0190	0.0595	0.0595
LOC101131674	TUBB4B	truthbar	1	0.7245	DN_NC_073237.2_133664160_4	DN_NC_073242.2_120516047_4	0.0215	0.0190	0.0215
LOC101131674	TUBB8	truthbar	1	0.6475	DN_NC_073232.2_8975313_3	DN_NC_073242.2_120516047_4	0.0184	0.0190	0.0190
LOC101131689	LOC101136640	truthbar	1	0.1896	DN_NC_073244.2_55565140_5	DN_NC_073244.2_55678004_6	0.1434	0.1416	0.1434
LOC101131689	LOC109024259	genuine	0	0.2155	DN_NC_073244.2_55618657_2	DN_NC_073244.2_55678004_6	0.2361	0.1416	0.2361
LOC101131689	ZNF112	truthbar	1	0.2646	DN_NC_073244.2_55678004_6	DN_NC_073244.2_55835875_4	0.1416	0.1143	0.1416
LOC101131689	ZNF155	truthbar	1						
LOC101131689	ZNF214	truthbar	1	0.1483	DN_NC_073233.2_13339812_3	DN_NC_073244.2_55678004_6	0.1592	0.1416	0.1592
LOC101131689	ZNF221	truthbar	1	0.1726	DN_NC_073244.2_55464824_5	DN_NC_073244.2_55678004_6	0.1676	0.1416	0.1676
LOC101131689	ZNF222	truthbar	1	0.2641	DN_NC_073244.2_55538420_4	DN_NC_073244.2_55678004_6	0.1228	0.1416	0.1416
LOC101131689	ZNF224	truthbar	1	0.2609	DN_NC_073244.2_55607411_6	DN_NC_073244.2_55678004_6	0.1220	0.1416	0.1416
LOC101131689	ZNF225	truthbar	1						
LOC101131689	ZNF229	truthbar	1	0.1872	DN_NC_073244.2_55678004_6	DN_NC_073244.2_55940471_6	0.1416	0.1795	0.1795
LOC101131689	ZNF230	truthbar	1						
LOC101131689	ZNF233	truthbar	1	0.1368	DN_NC_073244.2_55678004_6	DN_NC_073244.2_55771764_5	0.1416	0.1166	0.1416
LOC101131689	ZNF234	truthbar	1	0.3392	DN_NC_073244.2_55654796_6	DN_NC_073244.2_55678004_6	0.2861	0.1416	0.2861
LOC101131689	ZNF235	truthbar	1	0.1976	DN_NC_073244.2_55678004_6	DN_NC_073244.2_55797441_5	0.1416	0.1122	0.1416
LOC101131689	ZNF239	genuine	0	0.2524	DN_NC_073232.2_71881634_2	DN_NC_073244.2_55678004_6	0.0561	0.1416	0.1416
LOC101131689	ZNF284	truthbar	1	0.1322	DN_NC_073244.2_55585242_5	DN_NC_073244.2_55678004_6	0.3981	0.1416	0.3981
LOC101131689	ZNF285	truthbar	1						
LOC101131689	ZNF45	truthbar	1	0.2519	DN_NC_073244.2_55426973_9	DN_NC_073244.2_55678004_6	0.2262	0.1416	0.2262
LOC101131736	OLFM2	truthbar	1	0.4115	DN_NC_073237.2_131478659_6	DN_NC_073244.2_15891037_6	0.0508	0.0956	0.0956
LOC101131768	LOC101136692	truthbar	1	0.4684	DN_NC_073236.2_46653509_10	DN_NC_073236.2_52824428_4	0.0657	0.1793	0.1793
LOC101131768	LOC101137060	genuine	0						
LOC101131768	LOC109025447	TP	1	0.4680	DN_NC_073236.2_47712811_9	DN_NC_073236.2_52824428_4	0.0870	0.1793	0.1793
LOC101131768	LOC129531666	TP	1	0.7321	DN_NC_073236.2_51202468_4	DN_NC_073236.2_52824428_4	0.1817	0.1793	0.1817
LOC101131768	LOC129531667	TP	1	1.0000	DN_NC_073236.2_51437835_4	DN_NC_073236.2_52824428_4	0.2000	0.1793	0.2000
LOC101131768	RGPD8	TP	1	0.4873	DN_NC_073236.2_49989275_2	DN_NC_073236.2_52824428_4	0.1936	0.1793	0.1936
LOC101131768	RPL39	genuine	0						
LOC101131768	RPL39L	genuine	0						
LOC101131844	NSUN5	truthbar	1	0.4213	DN_NC_073230.2_82396764_10	DN_NC_073230.2_84201987_11	0.0725	0.1195	0.1195
LOC101131852	LOC129528486	genuine	0	0.2029	DN_NC_073231.2_4571400_3	DN_NC_073244.2_6036407_2	0.3122	0.3227	0.3227
LOC101131852	RPL23A	genuine	0	0.1486	DN_NC_073228.2_64369461_5	DN_NC_073231.2_4571400_3	0.1612	0.3122	0.3122
LOC101131923	LOC101142371	genuine	0	0.3100	DN_NC_073242.2_21650759_11	DN_NC_073242.2_31545375_14	0.0532	0.1343	0.1343
LOC101131923	RRN3	genuine	0	0.3308	DN_NC_073242.2_21650759_11	DN_NC_073242.2_29556580_18	0.0532	0.1955	0.1955
LOC101132303	LOC101133052	truthbar	1						
LOC101132303	LOC101141025	truthbar	1						
LOC101132303	LOC115935014	TP	1	0.4727	DN_NC_073229.2_50085643_6	DN_NC_073229.2_50300098_6	0.0748	0.0964	0.0964
LOC101132313	SBDS	genuine	0	0.4180	DN_NC_073230.2_76179541_5	DN_NC_073230.2_82279960_5	0.3159	0.0948	0.3159
LOC101132325	LOC101136036	genuine	0						
LOC101132325	LOC101143777	genuine	0						
LOC101132325	LOC101148457	genuine	0	0.1692	DN_NC_073247.2_51197700_2	DN_NC_086018.1_19844955_6	0.4297	0.5974	0.5974
LOC101132325	LOC109025592	genuine	0						
LOC101132325	LOC115933090	genuine	0						
LOC101132325	LOC129524676	genuine	0						
LOC101132325	LOC129525008	genuine	0						
LOC101132325	LOC129526479	genuine	0						
LOC101132325	LOC134756761	genuine	0						
LOC101132325	MKRN1	TP	1	0.4492	DN_NC_073230.2_149564614_8	DN_NC_073247.2_51197700_2	0.0948	0.4297	0.4297
LOC101132325	TIMM23B	genuine	0						
LOC101132325	TOR3A	genuine	0						
LOC101132325	TRAF5	genuine	0						
LOC101132434	LOC101135843	TP	1	0.8537	DN_NC_086018.1_18646417_6	DN_NC_086018.1_22406144_7	0.0508	0.0671	0.0671
LOC101132434	LOC115932815	TP	1	0.7263	DN_NC_086018.1_18646417_6	DN_NC_086018.1_22166696_9	0.0508	0.0584	0.0584
LOC101132445	LOC129529765	TP	1						
LOC101132445	LOC129529767	TP	1						
LOC101132445	LOC129529768	TP	1						
LOC101132445	LOC129529769	TP	1						
LOC101132445	LOC129529771	TP	1	0.9963	DN_NC_073247.2_59744368_5	DN_NC_073247.2_59753367_5	0.0479	0.0868	0.0868
LOC101132445	LOC129529774	TP	1						
LOC101132445	LOC129529775	TP	1	1.0000	DN_NC_073247.2_59753367_5	DN_NC_073247.2_59782481_5	0.0868	0.0449	0.0868
LOC101132445	LOC129529807	TP	1						
LOC101132445	PAGE1	truthbar	1	0.3645	DN_NC_073247.2_59753367_5	DN_NC_073247.2_59878462_6	0.0868	0.0092	0.0868
LOC101132881	LOC101148191	genuine	0	0.1861	DN_NC_073230.2_28044538_2	DN_NC_073239.2_98531685_2	0.2929	0.2834	0.2929
LOC101132881	LOC109023808	genuine	0	0.2358	DN_NC_073239.2_98531685_2	DN_NC_073243.2_97368870_3	0.2834	0.0757	0.2834
LOC101132881	LOC115930530	genuine	0	0.2317	DN_NC_073239.2_98531685_2	DN_NC_073239.2_98531712_3	0.2834	0.2699	0.2834
LOC101132881	LOC115931240	genuine	0						
LOC101133052	LOC101141025	truthbar	1	0.3603	DN_NC_073229.2_50380193_5	DN_NC_073229.2_50795834_6	0.0883	0.0768	0.0883
LOC101133052	LOC115935014	truthbar	1	0.4002	DN_NC_073229.2_50300098_6	DN_NC_073229.2_50380193_5	0.0964	0.0883	0.0964
LOC101133249	LOC109024404	genuine	0	0.1547	DN_NC_073227.2_16860393_3	DN_NC_073245.2_28784637_3	0.6879	0.7316	0.7316
LOC101133249	LOC109026441	genuine	0	0.1489	DN_NC_073227.2_16860393_3	DN_NC_073227.2_21866694_4	0.6879	0.5727	0.6879
LOC101133249	MCFD2	genuine	0	0.1485	DN_NC_073227.2_16860393_3	DN_NC_073236.2_92822528_4	0.6879	0.5467	0.6879
LOC101133440	LOC101137806	genuine	0	0.2510	DN_NC_073231.2_11581641_7	DN_NC_086017.1_136773097_2	0.0598	0.1005	0.1005
LOC101133440	LOC101139163	TP	1	0.4484	DN_NC_073231.2_11581641_7	DN_NC_086017.1_141278779_5	0.0598	0.0477	0.0598
LOC101133440	LOC101152938	truthbar	1	0.3099	DN_NC_073231.2_11581641_7	DN_NC_073233.2_75718276_6	0.0598	0.0604	0.0604
LOC101133440	LOC115934341	TP	1	0.4945	DN_NC_073231.2_11581641_7	DN_NC_086017.1_85330170_7	0.0598	0.0323	0.0598
LOC101133546	LOC101133668	genuine	0						
LOC101133546	LOC101136009	truthbar	1						
LOC101133546	LOC101137462	truthbar	1						
LOC101133546	LOC101141027	truthbar	1						
LOC101133546	LOC101142646	truthbar	1	0.1355	DN_NC_073244.2_27869273_3	DN_NC_073244.2_65326089_4	0.4816	0.3382	0.4816
LOC101133546	LOC101144119	genuine	0						
LOC101133546	LOC101144471	truthbar	1	0.1380	DN_NC_073244.2_64306022_6	DN_NC_073244.2_65326089_4	0.2974	0.3382	0.3382
LOC101133546	LOC101144838	truthbar	1	0.1384	DN_NC_073244.2_28256975_5	DN_NC_073244.2_65326089_4	0.3847	0.3382	0.3847
LOC101133546	LOC101145945	truthbar	1						
LOC101133546	LOC101146634	truthbar	1	0.1400	DN_NC_073244.2_28711447_2	DN_NC_073244.2_65326089_4	0.4461	0.3382	0.4461
LOC101133546	LOC101147715	truthbar	1						
LOC101133546	LOC101150965	genuine	0	0.2038	DN_NC_073244.2_64400145_5	DN_NC_073244.2_65326089_4	0.3365	0.3382	0.3382
LOC101133546	LOC101151892	genuine	0						
LOC101133546	LOC101152401	truthbar	1	0.2113	DN_NC_073244.2_64836827_4	DN_NC_073244.2_65326089_4	0.4177	0.3382	0.4177
LOC101133546	LOC101153126	truthbar	1	0.1967	DN_NC_073244.2_29297022_4	DN_NC_073244.2_65326089_4	0.4345	0.3382	0.4345
LOC101133546	LOC101153131	truthbar	1	0.2614	DN_NC_073244.2_64908457_4	DN_NC_073244.2_65326089_4	0.2438	0.3382	0.3382
LOC101133546	LOC109024216	truthbar	1	0.2427	DN_NC_073244.2_65293743_4	DN_NC_073244.2_65326089_4	0.2768	0.3382	0.3382
LOC101133546	LOC109026610	truthbar	1						
LOC101133546	LOC115930172	genuine	0						
LOC101133546	LOC115931567	truthbar	1						
LOC101133546	LOC115931568	truthbar	1						
LOC101133546	LOC115931576	truthbar	1						
LOC101133546	LOC115931654	truthbar	1	0.2994	DN_NC_073244.2_65266359_4	DN_NC_073244.2_65326089_4	0.3995	0.3382	0.3995
LOC101133546	LOC115931857	truthbar	1						
LOC101133546	LOC129527827	genuine	0	0.1334	DN_NC_073242.2_66613619_4	DN_NC_073244.2_65326089_4	0.4438	0.3382	0.4438
LOC101133546	LOC129528947	genuine	0						
LOC101133546	OSBPL10	genuine	0						
LOC101133546	ZNF141	truthbar	1						
LOC101133546	ZNF195	truthbar	1						
LOC101133546	ZNF254	truthbar	1	0.1845	DN_NC_073244.2_30438386_2	DN_NC_073244.2_65326089_4	0.3964	0.3382	0.3964
LOC101133546	ZNF267	truthbar	1						
LOC101133546	ZNF273	truthbar	1						
LOC101133546	ZNF28	truthbar	1	0.1575	DN_NC_073244.2_64759228_5	DN_NC_073244.2_65326089_4	0.3434	0.3382	0.3434
LOC101133546	ZNF347	truthbar	1						
LOC101133546	ZNF415	truthbar	1	0.1418	DN_NC_073244.2_65046428_4	DN_NC_073244.2_65326089_4	0.1840	0.3382	0.3382
LOC101133546	ZNF429	truthbar	1	0.1910	DN_NC_073244.2_27956158_2	DN_NC_073244.2_65326089_4	0.5265	0.3382	0.5265
LOC101133546	ZNF43	truthbar	1						
LOC101133546	ZNF430	truthbar	1						
LOC101133546	ZNF468	truthbar	1	0.1694	DN_NC_073244.2_64797239_5	DN_NC_073244.2_65326089_4	0.3221	0.3382	0.3382
LOC101133546	ZNF480	truthbar	1	0.1839	DN_NC_073244.2_64265252_5	DN_NC_073244.2_65326089_4	0.5307	0.3382	0.5307
LOC101133546	ZNF486	truthbar	1						
LOC101133546	ZNF506	truthbar	1	0.1417	DN_NC_073244.2_26240035_4	DN_NC_073244.2_65326089_4	0.3919	0.3382	0.3919
LOC101133546	ZNF519	truthbar	1						
LOC101133546	ZNF528	truthbar	1						
LOC101133546	ZNF578	truthbar	1	0.2789	DN_NC_073244.2_64426370_6	DN_NC_073244.2_65326089_4	0.4463	0.3382	0.4463
LOC101133546	ZNF595	truthbar	1						
LOC101133546	ZNF600	truthbar	1	0.2021	DN_NC_073244.2_64724127_4	DN_NC_073244.2_65326089_4	0.3339	0.3382	0.3382
LOC101133546	ZNF611	truthbar	1	0.2134	DN_NC_073244.2_64672255_4	DN_NC_073244.2_65326089_4	0.3521	0.3382	0.3521
LOC101133546	ZNF616	truthbar	1						
LOC101133546	ZNF626	truthbar	1						
LOC101133546	ZNF655	truthbar	1						
LOC101133546	ZNF675	truthbar	1						
LOC101133546	ZNF678	truthbar	1						
LOC101133546	ZNF680	truthbar	1						
LOC101133546	ZNF681	truthbar	1	0.1300	DN_NC_073244.2_30067652_4	DN_NC_073244.2_65326089_4	0.4267	0.3382	0.4267
LOC101133546	ZNF682	truthbar	1	0.1507	DN_NC_073244.2_26470366_4	DN_NC_073244.2_65326089_4	0.3255	0.3382	0.3382
LOC101133546	ZNF695	truthbar	1	0.1949	DN_NC_073224.2_8422960_4	DN_NC_073244.2_65326089_4	0.3045	0.3382	0.3382
LOC101133546	ZNF701	truthbar	1	0.2320	DN_NC_073244.2_64543447_4	DN_NC_073244.2_65326089_4	0.2106	0.3382	0.3382
LOC101133546	ZNF721	truthbar	1						
LOC101133546	ZNF723	truthbar	1						
LOC101133546	ZNF727	truthbar	1						
LOC101133546	ZNF736	truthbar	1						
LOC101133546	ZNF761	truthbar	1	0.1761	DN_NC_073244.2_65326089_4	DN_NC_073244.2_65362909_5	0.3382	0.3364	0.3382
LOC101133546	ZNF766	truthbar	1						
LOC101133546	ZNF8	truthbar	1						
LOC101133546	ZNF808	truthbar	1	0.3258	DN_NC_073244.2_64500861_5	DN_NC_073244.2_65326089_4	0.4373	0.3382	0.4373
LOC101133546	ZNF813	TP	1	0.2849	DN_NC_073244.2_65326089_4	DN_NC_073244.2_65398487_4	0.3382	0.3208	0.3382
LOC101133546	ZNF83	truthbar	1	0.1787	DN_NC_073244.2_64585864_4	DN_NC_073244.2_65326089_4	0.3038	0.3382	0.3382
LOC101133546	ZNF836	truthbar	1						
LOC101133546	ZNF841	truthbar	1						
LOC101133546	ZNF888	truthbar	1	0.3090	DN_NC_073244.2_64860608_4	DN_NC_073244.2_65326089_4	0.4244	0.3382	0.4244
LOC101133546	ZNF91	truthbar	1						
LOC101133546	ZNF92	truthbar	1						
LOC101133657	LOC101148180	truthbar	1						
LOC101133657	LOC101153725	truthbar	1	0.1716	DN_NC_073244.2_17678736_4	DN_NC_073244.2_18385030_4	0.3252	0.2917	0.3252
LOC101133657	LOC101153837	truthbar	1	0.1324	DN_NC_073244.2_18232282_4	DN_NC_073244.2_18385030_4	0.1848	0.2917	0.2917
LOC101133657	LOC101154200	truthbar	1	0.3554	DN_NC_073244.2_18307855_4	DN_NC_073244.2_18385030_4	0.2845	0.2917	0.2917
LOC101133657	LOC109024269	genuine	0	0.2645	DN_NC_073244.2_18045307_2	DN_NC_073244.2_18385030_4	0.2882	0.2917	0.2917
LOC101133657	LOC109025073	truthbar	1	0.1911	DN_NC_073244.2_18096775_3	DN_NC_073244.2_18385030_4	0.2715	0.2917	0.2917
LOC101133657	LOC129527774	genuine	0						
LOC101133657	RPL14	genuine	0						
LOC101133657	ZNF124	truthbar	1						
LOC101133657	ZNF136	truthbar	1	0.2736	DN_NC_073244.2_18201516_4	DN_NC_073244.2_18385030_4	0.2902	0.2917	0.2917
LOC101133657	ZNF14	truthbar	1						
LOC101133657	ZNF426	truthbar	1						
LOC101133657	ZNF433	truthbar	1	0.2637	DN_NC_073244.2_18047026_4	DN_NC_073244.2_18385030_4	0.2906	0.2917	0.2917
LOC101133657	ZNF440	truthbar	1	0.2042	DN_NC_073244.2_17846610_4	DN_NC_073244.2_18385030_4	0.2517	0.2917	0.2917
LOC101133657	ZNF441	truthbar	1						
LOC101133657	ZNF443	truthbar	1	0.3759	DN_NC_073244.2_18385030_4	DN_NC_073244.2_18470484_4	0.2917	0.1929	0.2917
LOC101133657	ZNF490	truthbar	1						
LOC101133657	ZNF563	truthbar	1	0.3550	DN_NC_073244.2_18356684_4	DN_NC_073244.2_18385030_4	0.3045	0.2917	0.3045
LOC101133657	ZNF564	truthbar	1	0.1551	DN_NC_073244.2_18385030_4	DN_NC_073244.2_18564507_4	0.2917	0.3214	0.3214
LOC101133657	ZNF57	truthbar	1						
LOC101133657	ZNF627	truthbar	1	0.1805	DN_NC_073244.2_17635782_4	DN_NC_073244.2_18385030_4	0.2854	0.2917	0.2917
LOC101133657	ZNF669	truthbar	1	0.1416	DN_NC_073224.2_8329397_4	DN_NC_073244.2_18385030_4	0.3619	0.2917	0.3619
LOC101133657	ZNF670	truthbar	1						
LOC101133657	ZNF77	truthbar	1						
LOC101133657	ZNF791	truthbar	1	0.1385	DN_NC_073244.2_18385030_4	DN_NC_073244.2_18649721_4	0.2917	0.4193	0.4193
LOC101133657	ZNF799	truthbar	1	0.3187	DN_NC_073244.2_18385030_4	DN_NC_073244.2_18426035_4	0.2917	0.2437	0.2917
LOC101133657	ZNF823	truthbar	1	0.6643	DN_NC_073244.2_17751584_2	DN_NC_073244.2_18385030_4	0.2238	0.2917	0.2917
LOC101133668	LOC101136009	genuine	0	0.2492	DN_NC_073230.2_74190289_5	DN_NC_073244.2_26901109_4	0.3756	0.5314	0.5314
LOC101133668	LOC101137462	genuine	0	0.1486	DN_NC_073230.2_74190289_5	DN_NC_073244.2_27285351_4	0.3756	0.7315	0.7315
LOC101133668	LOC101141027	genuine	0	0.2451	DN_NC_073230.2_74190289_5	DN_NC_073244.2_27765726_4	0.3756	0.4666	0.4666
LOC101133668	LOC101142646	genuine	0	0.1499	DN_NC_073230.2_74190289_5	DN_NC_073244.2_27869273_3	0.3756	0.4816	0.4816
LOC101133668	LOC101144119	genuine	0	0.1331	DN_NC_073230.2_64900495_2	DN_NC_073230.2_74190289_5	0.2503	0.3756	0.3756
LOC101133668	LOC101144471	genuine	0						
LOC101133668	LOC101144838	genuine	0	0.1789	DN_NC_073230.2_74190289_5	DN_NC_073244.2_28256975_5	0.3756	0.3847	0.3847
LOC101133668	LOC101145945	genuine	0	0.2163	DN_NC_073230.2_74190289_5	DN_NC_073244.2_28588105_4	0.3756	0.3633	0.3756
LOC101133668	LOC101146634	genuine	0	0.2108	DN_NC_073230.2_74190289_5	DN_NC_073244.2_28711447_4	0.3756	0.4050	0.4050
LOC101133668	LOC101147715	genuine	0	0.1564	DN_NC_073230.2_74190289_5	DN_NC_073244.2_28820229_4	0.3756	0.5027	0.5027
LOC101133668	LOC101150965	genuine	0						
LOC101133668	LOC101151892	genuine	0						
LOC101133668	LOC101152401	genuine	0						
LOC101133668	LOC101153126	genuine	0	0.2402	DN_NC_073230.2_74190289_5	DN_NC_073244.2_29297022_4	0.3756	0.4345	0.4345
LOC101133668	LOC101153131	genuine	0						
LOC101133668	LOC109024216	genuine	0	0.1560	DN_NC_073230.2_74190289_5	DN_NC_073244.2_65293743_4	0.3756	0.2768	0.3756
LOC101133668	LOC109026610	genuine	0	0.2063	DN_NC_073227.2_8705656_4	DN_NC_073230.2_74190289_5	0.3416	0.3756	0.3756
LOC101133668	LOC115930172	genuine	0	0.2376	DN_NC_073230.2_74190289_5	DN_NC_073244.2_27051998_4	0.3756	0.4137	0.4137
LOC101133668	LOC115931567	genuine	0	0.2654	DN_NC_073230.2_74190289_5	DN_NC_073244.2_27566430_5	0.3756	0.4258	0.4258
LOC101133668	LOC115931568	genuine	0	0.2395	DN_NC_073230.2_74190289_5	DN_NC_073244.2_28072858_4	0.3756	0.3930	0.3930
LOC101133668	LOC115931576	genuine	0	0.2434	DN_NC_073230.2_74190289_5	DN_NC_073244.2_29046961_4	0.3756	0.4500	0.4500
LOC101133668	LOC115931654	genuine	0						
LOC101133668	LOC115931857	genuine	0						
LOC101133668	LOC129527827	genuine	0	0.2386	DN_NC_073230.2_74190289_5	DN_NC_073242.2_66613619_4	0.3756	0.4438	0.4438
LOC101133668	LOC129528947	genuine	0	0.2427	DN_NC_073230.2_74190289_5	DN_NC_073244.2_27408454_4	0.3756	0.5416	0.5416
LOC101133668	OSBPL10	genuine	0						
LOC101133668	ZNF141	genuine	0	0.1328	DN_NC_073227.2_8907801_4	DN_NC_073230.2_74190289_5	0.2847	0.3756	0.3756
LOC101133668	ZNF195	genuine	0						
LOC101133668	ZNF254	genuine	0	0.1783	DN_NC_073230.2_74190289_5	DN_NC_073244.2_30438386_2	0.3756	0.3964	0.3964
LOC101133668	ZNF267	genuine	0	0.1467	DN_NC_073230.2_74190289_5	DN_NC_073242.2_37386128_4	0.3756	0.2710	0.3756
LOC101133668	ZNF273	genuine	0	0.2434	DN_NC_073230.2_74190289_5	DN_NC_073230.2_74299233_4	0.3756	0.3847	0.3847
LOC101133668	ZNF28	genuine	0						
LOC101133668	ZNF347	genuine	0						
LOC101133668	ZNF415	genuine	0						
LOC101133668	ZNF429	genuine	0	0.3447	DN_NC_073230.2_74190289_5	DN_NC_073244.2_27956158_2	0.3756	0.5265	0.5265
LOC101133668	ZNF43	genuine	0	0.2405	DN_NC_073230.2_74190289_5	DN_NC_073244.2_28333451_4	0.3756	0.4625	0.4625
LOC101133668	ZNF430	genuine	0	0.2434	DN_NC_073230.2_74190289_5	DN_NC_073244.2_27504818_5	0.3756	0.4270	0.4270
LOC101133668	ZNF468	genuine	0	0.1483	DN_NC_073230.2_74190289_5	DN_NC_073244.2_64797239_5	0.3756	0.3221	0.3756
LOC101133668	ZNF480	genuine	0						
LOC101133668	ZNF486	genuine	0	0.2462	DN_NC_073230.2_74190289_5	DN_NC_073244.2_26666712_5	0.3756	0.4566	0.4566
LOC101133668	ZNF506	genuine	0	0.2460	DN_NC_073230.2_74190289_5	DN_NC_073244.2_26240039_2	0.3756	0.4246	0.4246
LOC101133668	ZNF519	genuine	0	0.2089	DN_NC_073230.2_74190289_5	DN_NC_073241.2_36126183_3	0.3756	0.1960	0.3756
LOC101133668	ZNF528	genuine	0						
LOC101133668	ZNF578	genuine	0						
LOC101133668	ZNF595	genuine	0	0.1696	DN_NC_073227.2_8633418_2	DN_NC_073230.2_74190289_5	0.5689	0.3756	0.5689
LOC101133668	ZNF600	genuine	0	0.1315	DN_NC_073230.2_74190289_5	DN_NC_073244.2_64724127_4	0.3756	0.3339	0.3756
LOC101133668	ZNF611	genuine	0						
LOC101133668	ZNF616	genuine	0						
LOC101133668	ZNF626	genuine	0	0.2411	DN_NC_073230.2_74190289_5	DN_NC_073244.2_27131194_2	0.3756	0.4557	0.4557
LOC101133668	ZNF655	genuine	0						
LOC101133668	ZNF675	genuine	0	0.2693	DN_NC_073230.2_74190289_5	DN_NC_073244.2_29970261_4	0.3756	0.3774	0.3774
LOC101133668	ZNF678	genuine	0	0.1728	DN_NC_073224.2_40627195_4	DN_NC_073230.2_74190289_5	0.3220	0.3756	0.3756
LOC101133668	ZNF680	genuine	0	0.2408	DN_NC_073230.2_73977205_4	DN_NC_073230.2_74190289_5	0.3066	0.3756	0.3756
LOC101133668	ZNF681	genuine	0						
LOC101133668	ZNF682	genuine	0	0.1454	DN_NC_073230.2_74190289_5	DN_NC_073244.2_26470366_4	0.3756	0.3255	0.3756
LOC101133668	ZNF695	genuine	0	0.1460	DN_NC_073224.2_8422960_4	DN_NC_073230.2_74190289_5	0.3045	0.3756	0.3756
LOC101133668	ZNF701	genuine	0						
LOC101133668	ZNF721	genuine	0	0.1483	DN_NC_073227.2_9009888_2	DN_NC_073230.2_74190289_5	0.3764	0.3756	0.3764
LOC101133668	ZNF723	genuine	0	0.3221	DN_NC_073230.2_74190289_5	DN_NC_073244.2_29232445_4	0.3756	0.5099	0.5099
LOC101133668	ZNF727	genuine	0	0.1335	DN_NC_073230.2_73508332_4	DN_NC_073230.2_74190289_5	0.3146	0.3756	0.3756
LOC101133668	ZNF736	genuine	0	0.1489	DN_NC_073230.2_73776646_4	DN_NC_073230.2_74190289_5	0.3000	0.3756	0.3756
LOC101133668	ZNF761	genuine	0						
LOC101133668	ZNF766	genuine	0						
LOC101133668	ZNF8	genuine	0						
LOC101133668	ZNF808	genuine	0						
LOC101133668	ZNF813	genuine	0						
LOC101133668	ZNF83	genuine	0						
LOC101133668	ZNF836	genuine	0						
LOC101133668	ZNF841	genuine	0						
LOC101133668	ZNF888	genuine	0						
LOC101133668	ZNF91	genuine	0	0.1783	DN_NC_073230.2_74190289_5	DN_NC_073244.2_29680825_2	0.3756	0.5202	0.5202
LOC101133668	ZNF92	genuine	0	0.1970	DN_NC_073230.2_74190289_5	DN_NC_073230.2_74637814_2	0.3756	0.3657	0.3756
LOC101133699	NUTF2	TP	1	0.1798	DN_NC_073224.2_126139506_3	DN_NC_073242.2_97073460_5	0.3990	0.0754	0.3990
LOC101133995	LOC101140641	truthbar	1	0.6196	DN_NC_073229.2_50358119_5	DN_NC_073229.2_50716510_5	0.0852	0.2184	0.2184
LOC101133995	LOC101141395	truthbar	1						
LOC101134045	LOC129526638	genuine	0	0.1712	DN_NC_073233.2_14005356_9	DN_NC_073239.2_70164897_2	0.3702	0.8729	0.8729
LOC101134045	LOC134757313	genuine	0						
LOC101134045	MTHFD2L	genuine	0						
LOC101134045	ZNF626	genuine	0						
LOC101134115	TMEM14B	truthbar	1	0.2206	DN_NC_073229.2_28348360_6	DN_NC_073229.2_28419493_6	0.1412	0.2844	0.2844
LOC101134145	LOC129532639	genuine	0	0.1617	DN_NC_073231.2_53708239_3	DN_NC_086017.1_161710205_3	0.4106	0.2837	0.4106
LOC101134211	MT3	truthbar	1	0.2406	DN_NC_073242.2_85715932_3	DN_NC_073242.2_85790824_3	0.0851	0.0748	0.0851
LOC101134596	PI4KA	genuine	0	0.5759	DN_NC_086018.1_18253436_31	DN_NC_086018.1_19032395_10	0.0206	0.2136	0.2136
LOC101135168	LOC115933002	TP	1	0.3937	DN_NC_073228.2_45710800_6	DN_NC_073228.2_46729356_10	0.0627	0.0255	0.0627
LOC101135168	LOC115934626	TP	1	0.7466	DN_NC_073228.2_45710800_6	DN_NC_073228.2_45948292_6	0.0627	0.1392	0.1392
LOC101135168	LOC115934680	genuine	0						
LOC101135168	LRRC37A3	TP	1	0.2107	DN_NC_073228.2_27148471_4	DN_NC_073228.2_45710800_6	0.1111	0.0627	0.1111
LOC101135276	LOC115931069	TP	0	0.1500	DN_NC_073242.2_21673693_21	DN_NC_073242.2_22021271_21	0.1291	0.1369	0.1369
LOC101135276	LOC129527586	TP	0	0.1762	DN_NC_073242.2_21122105_21	DN_NC_073242.2_22021271_21	0.1370	0.1369	0.1370
LOC101135276	SMG1	genuine	0	0.1673	DN_NC_073242.2_18210354_26	DN_NC_073242.2_22021271_21	0.0585	0.1369	0.1369
LOC101135415	LOC101137832	genuine	0	0.2068	DN_NC_073229.2_45764485_6	DN_NC_073241.2_64520240_3	0.1641	0.2340	0.2340
LOC101135415	LOC101153526	genuine	0	0.1638	DN_NC_073229.2_45764485_6	DN_NC_073231.2_150671310_5	0.1641	0.1908	0.1908
LOC101135415	ZKSCAN1	truthbar	1						
LOC101135415	ZNF121	genuine	0						
LOC101135415	ZNF232	truthbar	1						
LOC101135415	ZNF274	truthbar	1						
LOC101135415	ZNF397	truthbar	1						
LOC101135415	ZNF436	truthbar	1						
LOC101135415	ZNF502	genuine	0	0.2463	DN_NC_073229.2_45764485_6	DN_NC_086017.1_54612772_3	0.1641	0.1708	0.1708
LOC101135415	ZSCAN12	truthbar	1						
LOC101135415	ZSCAN16	truthbar	1	0.2085	DN_NC_073229.2_45747170_4	DN_NC_073229.2_45764485_6	0.0506	0.1641	0.1641
LOC101135415	ZSCAN22	truthbar	1						
LOC101135415	ZSCAN9	truthbar	1						
LOC101135518	LOC101151290	TP	1	0.2657	DN_NC_073228.2_27169290_8	DN_NC_073228.2_45974488_9	0.1191	0.0595	0.1191
LOC101135518	PLEKHM1	TP	1	0.2716	DN_NC_073228.2_27169290_8	DN_NC_073228.2_46778774_7	0.1191	0.0501	0.1191
LOC101135585	LOC109029488	truthbar	1	0.1414	DN_NC_073224.2_124234032_12	DN_NC_073224.2_130335848_23	0.0470	0.0829	0.0829
LOC101135585	LOC115930164	truthbar	1						
LOC101135585	LOC115930576	truthbar	1	0.2067	DN_NC_073224.2_130335848_23	DN_NC_073224.2_218434129_23	0.0829	0.0986	0.0986
LOC101135585	LOC115932735	truthbar	1	0.1569	DN_NC_073224.2_124254598_20	DN_NC_073224.2_130335848_23	0.0804	0.0829	0.0829
LOC101135585	LOC115932984	TP	1	0.6456	DN_NC_073224.2_130224824_25	DN_NC_073224.2_130335848_23	0.1023	0.0829	0.1023
LOC101135585	LOC115933235	TP	1						
LOC101135585	LOC115933241	genuine	0						
LOC101135585	LOC129525330	TP	1	0.6522	DN_NC_073224.2_125594338_29	DN_NC_073224.2_130335848_23	0.0748	0.0829	0.0829
LOC101135585	LOC129525331	TP	1	0.5164	DN_NC_073224.2_125055626_35	DN_NC_073224.2_130335848_23	0.1114	0.0829	0.1114
LOC101135585	LOC129525599	genuine	1	0.2336	DN_NC_073224.2_116807774_25	DN_NC_073224.2_130335848_23	0.1092	0.0829	0.1092
LOC101135585	LOC134756861	genuine	1	0.2336	DN_NC_073224.2_117494263_25	DN_NC_073224.2_130335848_23	0.1095	0.0829	0.1095
LOC101135843	LOC115932815	TP	1	0.6481	DN_NC_086018.1_22166696_9	DN_NC_086018.1_22406144_7	0.0584	0.0671	0.0671
LOC101136006	ZFP1	genuine	0						
LOC101136006	ZNF19	truthbar	1						
LOC101136006	ZNF23	genuine	0	0.1326	DN_NC_073229.2_45784439_7	DN_NC_073242.2_100900995_5	0.1178	0.1542	0.1542
LOC101136006	ZNF557	truthbar	1						
LOC101136006	ZNF558	truthbar	1						
LOC101136006	ZNF619	genuine	0	0.1730	DN_NC_073229.2_45784439_7	DN_NC_086017.1_50382141_5	0.1178	0.2532	0.2532
LOC101136006	ZNF620	genuine	0						
LOC101136009	LOC101137462	truthbar	1	0.4380	DN_NC_073244.2_26901109_4	DN_NC_073244.2_27285351_4	0.5314	0.7315	0.7315
LOC101136009	LOC101141027	truthbar	1	0.3591	DN_NC_073244.2_26901109_4	DN_NC_073244.2_27765726_4	0.5314	0.4666	0.5314
LOC101136009	LOC101142646	truthbar	1	0.1806	DN_NC_073244.2_26901109_4	DN_NC_073244.2_27869273_3	0.5314	0.4816	0.5314
LOC101136009	LOC101144119	genuine	0						
LOC101136009	LOC101144471	truthbar	1	0.3345	DN_NC_073244.2_26901109_4	DN_NC_073244.2_64340366_4	0.5314	0.3371	0.5314
LOC101136009	LOC101144838	truthbar	1	0.3591	DN_NC_073244.2_26901109_4	DN_NC_073244.2_28256975_5	0.5314	0.3847	0.5314
LOC101136009	LOC101145945	truthbar	1	0.1893	DN_NC_073244.2_26901109_4	DN_NC_073244.2_28588105_4	0.5314	0.3633	0.5314
LOC101136009	LOC101146634	truthbar	1	0.2621	DN_NC_073244.2_26901109_4	DN_NC_073244.2_28711447_2	0.5314	0.4461	0.5314
LOC101136009	LOC101147715	truthbar	1	0.3030	DN_NC_073244.2_26901109_4	DN_NC_073244.2_28820229_4	0.5314	0.5027	0.5314
LOC101136009	LOC101150965	genuine	0						
LOC101136009	LOC101151892	genuine	0						
LOC101136009	LOC101152401	truthbar	1	0.2294	DN_NC_073244.2_26901109_4	DN_NC_073244.2_64836827_4	0.5314	0.4177	0.5314
LOC101136009	LOC101153126	truthbar	1	0.3072	DN_NC_073244.2_26901109_4	DN_NC_073244.2_29297022_4	0.5314	0.4345	0.5314
LOC101136009	LOC101153131	truthbar	1	0.2079	DN_NC_073244.2_26901109_4	DN_NC_073244.2_64908457_4	0.5314	0.2438	0.5314
LOC101136009	LOC109024216	truthbar	1	0.3504	DN_NC_073244.2_26901109_4	DN_NC_073244.2_65293743_4	0.5314	0.2768	0.5314
LOC101136009	LOC109026610	truthbar	1	0.3134	DN_NC_073227.2_8705656_4	DN_NC_073244.2_26901109_4	0.3416	0.5314	0.5314
LOC101136009	LOC115930172	genuine	0	0.3647	DN_NC_073244.2_26901109_4	DN_NC_073244.2_27051998_4	0.5314	0.4137	0.5314
LOC101136009	LOC115931567	truthbar	1	0.3772	DN_NC_073244.2_26901109_4	DN_NC_073244.2_27626411_5	0.5314	0.4704	0.5314
LOC101136009	LOC115931568	truthbar	1	0.3820	DN_NC_073244.2_26901109_4	DN_NC_073244.2_28072858_4	0.5314	0.3930	0.5314
LOC101136009	LOC115931576	truthbar	1	0.3591	DN_NC_073244.2_26901109_4	DN_NC_073244.2_29046961_4	0.5314	0.4500	0.5314
LOC101136009	LOC115931654	truthbar	1						
LOC101136009	LOC115931857	truthbar	1	0.2495	DN_NC_073244.2_26901109_4	DN_NC_073246.2_15789285_3	0.5314	0.2698	0.5314
LOC101136009	LOC129527827	genuine	0	0.2359	DN_NC_073242.2_66613619_4	DN_NC_073244.2_26901109_4	0.4438	0.5314	0.5314
LOC101136009	LOC129528947	genuine	0	0.4349	DN_NC_073244.2_26901109_4	DN_NC_073244.2_27408454_4	0.5314	0.5416	0.5416
LOC101136009	OSBPL10	genuine	0	0.2049	DN_NC_073244.2_26901109_4	DN_NC_086017.1_41849524_2	0.5314	0.2669	0.5314
LOC101136009	ZNF141	truthbar	1	0.2660	DN_NC_073227.2_8907801_4	DN_NC_073244.2_26901109_4	0.2847	0.5314	0.5314
LOC101136009	ZNF195	truthbar	1	0.2619	DN_NC_073233.2_9788172_5	DN_NC_073244.2_26901109_4	0.2339	0.5314	0.5314
LOC101136009	ZNF254	truthbar	1	0.3192	DN_NC_073244.2_26901109_4	DN_NC_073244.2_30438340_4	0.5314	0.3798	0.5314
LOC101136009	ZNF267	truthbar	1	0.2724	DN_NC_073242.2_37386128_4	DN_NC_073244.2_26901109_4	0.2710	0.5314	0.5314
LOC101136009	ZNF273	truthbar	1	0.4190	DN_NC_073230.2_74299233_4	DN_NC_073244.2_26901109_4	0.3847	0.5314	0.5314
LOC101136009	ZNF28	truthbar	1	0.1787	DN_NC_073244.2_26901109_4	DN_NC_073244.2_64759228_5	0.5314	0.3434	0.5314
LOC101136009	ZNF347	truthbar	1						
LOC101136009	ZNF415	truthbar	1	0.3806	DN_NC_073244.2_26901109_4	DN_NC_073244.2_65046428_2	0.5314	0.1755	0.5314
LOC101136009	ZNF429	truthbar	1	0.5748	DN_NC_073244.2_26901109_4	DN_NC_073244.2_27956158_2	0.5314	0.5265	0.5314
LOC101136009	ZNF43	truthbar	1	0.4608	DN_NC_073244.2_26901109_4	DN_NC_073244.2_28333451_4	0.5314	0.4625	0.5314
LOC101136009	ZNF430	truthbar	1	0.3794	DN_NC_073244.2_26901109_4	DN_NC_073244.2_27504818_5	0.5314	0.4270	0.5314
LOC101136009	ZNF468	truthbar	1	0.2760	DN_NC_073244.2_26901109_4	DN_NC_073244.2_64797239_5	0.5314	0.3221	0.5314
LOC101136009	ZNF480	truthbar	1						
LOC101136009	ZNF486	truthbar	1	0.3723	DN_NC_073244.2_26666712_5	DN_NC_073244.2_26901109_4	0.4566	0.5314	0.5314
LOC101136009	ZNF506	truthbar	1	0.3465	DN_NC_073244.2_26240039_2	DN_NC_073244.2_26901109_4	0.4246	0.5314	0.5314
LOC101136009	ZNF519	truthbar	1	0.1543	DN_NC_073241.2_36126198_2	DN_NC_073244.2_26901109_4	0.2075	0.5314	0.5314
LOC101136009	ZNF528	truthbar	1						
LOC101136009	ZNF578	truthbar	1	0.2236	DN_NC_073244.2_26901109_4	DN_NC_073244.2_64426370_6	0.5314	0.4463	0.5314
LOC101136009	ZNF595	truthbar	1	0.4867	DN_NC_073227.2_8633418_2	DN_NC_073244.2_26901109_4	0.5689	0.5314	0.5689
LOC101136009	ZNF600	truthbar	1	0.3652	DN_NC_073244.2_26901109_4	DN_NC_073244.2_64724127_4	0.5314	0.3339	0.5314
LOC101136009	ZNF611	truthbar	1						
LOC101136009	ZNF616	truthbar	1	0.1754	DN_NC_073244.2_26901109_4	DN_NC_073244.2_64081943_4	0.5314	0.2620	0.5314
LOC101136009	ZNF626	truthbar	1	0.3997	DN_NC_073244.2_26901109_4	DN_NC_073244.2_27131194_2	0.5314	0.4557	0.5314
LOC101136009	ZNF655	truthbar	1						
LOC101136009	ZNF675	truthbar	1	0.3583	DN_NC_073244.2_26901109_4	DN_NC_073244.2_29970261_4	0.5314	0.3774	0.5314
LOC101136009	ZNF678	truthbar	1	0.3421	DN_NC_073224.2_40627195_4	DN_NC_073244.2_26901109_4	0.3220	0.5314	0.5314
LOC101136009	ZNF680	truthbar	1	0.4092	DN_NC_073230.2_73977205_4	DN_NC_073244.2_26901109_4	0.3066	0.5314	0.5314
LOC101136009	ZNF681	truthbar	1	0.4218	DN_NC_073244.2_26901109_4	DN_NC_073244.2_30067652_4	0.5314	0.4267	0.5314
LOC101136009	ZNF682	truthbar	1	0.2853	DN_NC_073244.2_26470366_4	DN_NC_073244.2_26901109_4	0.3255	0.5314	0.5314
LOC101136009	ZNF695	truthbar	1	0.3812	DN_NC_073224.2_8422960_4	DN_NC_073244.2_26901109_4	0.3045	0.5314	0.5314
LOC101136009	ZNF701	truthbar	1						
LOC101136009	ZNF721	truthbar	1	0.3669	DN_NC_073227.2_9010062_2	DN_NC_073244.2_26901109_4	0.3953	0.5314	0.5314
LOC101136009	ZNF723	truthbar	1	0.1801	DN_NC_073244.2_26901109_4	DN_NC_073244.2_29232445_4	0.5314	0.5099	0.5314
LOC101136009	ZNF727	truthbar	1	0.2434	DN_NC_073230.2_73508332_4	DN_NC_073244.2_26901109_4	0.3146	0.5314	0.5314
LOC101136009	ZNF736	truthbar	1						
LOC101136009	ZNF761	truthbar	1	0.3730	DN_NC_073244.2_26901109_4	DN_NC_073244.2_65362909_5	0.5314	0.3364	0.5314
LOC101136009	ZNF766	truthbar	1						
LOC101136009	ZNF8	truthbar	1						
LOC101136009	ZNF808	truthbar	1	0.2052	DN_NC_073244.2_26901109_4	DN_NC_073244.2_64500861_5	0.5314	0.4373	0.5314
LOC101136009	ZNF813	truthbar	1						
LOC101136009	ZNF83	truthbar	1	0.3855	DN_NC_073244.2_26901109_4	DN_NC_073244.2_64585864_4	0.5314	0.3038	0.5314
LOC101136009	ZNF836	truthbar	1						
LOC101136009	ZNF841	truthbar	1						
LOC101136009	ZNF888	truthbar	1	0.1547	DN_NC_073244.2_26901109_4	DN_NC_073244.2_64860608_4	0.5314	0.4244	0.5314
LOC101136009	ZNF91	truthbar	1	0.2322	DN_NC_073244.2_26901109_4	DN_NC_073244.2_29680825_4	0.5314	0.4948	0.5314
LOC101136009	ZNF92	truthbar	1	0.4407	DN_NC_073230.2_74637814_2	DN_NC_073244.2_26901109_4	0.3657	0.5314	0.5314
LOC101136036	LOC101143777	genuine	0						
LOC101136036	LOC101148457	genuine	0	0.1673	DN_NC_073237.2_96675699_5	DN_NC_086018.1_19844955_6	0.6995	0.5974	0.6995
LOC101136036	LOC109025592	genuine	0	0.2083	DN_NC_073224.2_125859316_3	DN_NC_073237.2_96675699_5	0.5571	0.6995	0.6995
LOC101136036	LOC115933090	genuine	0						
LOC101136036	LOC129524676	genuine	0						
LOC101136036	LOC129525008	genuine	0						
LOC101136036	LOC129526479	genuine	0						
LOC101136036	LOC134756761	genuine	0						
LOC101136036	MKRN1	genuine	0						
LOC101136036	TIMM23B	genuine	0						
LOC101136036	TOR3A	genuine	0						
LOC101136036	TRAF5	genuine	0						
LOC101136154	LRP5	genuine	0	0.1784	DN_NC_073233.2_76234750_23	DN_NC_086018.1_23267560_8	0.0497	0.0387	0.0497
LOC101136154	LRP6	genuine	0						
LOC101136203	LOC109029034	TP	1	0.4795	DN_NC_073234.2_49024482_9	DN_NC_073234.2_49087212_9	0.0109	0.0718	0.0718
LOC101136203	TTBK2	genuine	0						
LOC101136352	LOC101152610	TP	0	0.4433	DN_NC_073240.2_21601841_7	DN_NC_073240.2_23210840_6	0.0635	0.0859	0.0859
LOC101136352	LOC129527660	genuine	0	0.3303	DN_NC_073240.2_23210840_6	DN_NC_073242.2_37476471_6	0.0859	0.1015	0.1015
LOC101136398	LOC115932241	TP	1	0.4233	DN_NC_073247.2_18318973_2	DN_NC_073247.2_18638732_2	0.0269	0.0403	0.0403
LOC101136398	LOC115932281	TP	1	0.5745	DN_NC_073247.2_18638732_2	DN_NC_073247.2_18934892_2	0.0403	0.0404	0.0404
LOC101136398	LOC129529790	TP	1	0.7534	DN_NC_073247.2_17003459_2	DN_NC_073247.2_18638732_2	0.0445	0.0403	0.0445
LOC101136398	LOC129530333	genuine	0	0.3798	DN_NC_073247.2_18638732_2	DN_NC_073248.2_30080680_2	0.0403	0.0392	0.0403
LOC101136422	NUDT9	genuine	0	0.2039	DN_NC_073227.2_107737271_8	DN_NC_073232.2_103494970_2	0.3101	0.1905	0.3101
LOC101136480	LOC115933250	TP	1	0.6532	DN_NC_073242.2_15726062_24	DN_NC_073242.2_30717385_31	0.0400	0.0495	0.0495
LOC101136480	LOC115933349	genuine	0						
LOC101136480	LOC129527620	TP	0	0.4953	DN_NC_073242.2_15726062_24	DN_NC_073242.2_28606635_19	0.0400	0.0247	0.0400
LOC101136480	LOC134757427	genuine	0						
LOC101136583	LOC101148853	truthbar	1	0.8487	DN_NC_073235.2_121946440_4	DN_NC_073240.2_22595737_5	0.0273	0.0509	0.0509
LOC101136583	LOC101148972	truthbar	1	0.7504	DN_NC_073234.2_52202911_4	DN_NC_073240.2_22595737_5	0.0411	0.0509	0.0509
LOC101136583	LOC101150168	truthbar	1	0.6794	DN_NC_073234.2_52151326_4	DN_NC_073240.2_22595737_5	0.0581	0.0509	0.0581
LOC101136583	LOC115933728	truthbar	1	0.8922	DN_NC_073235.2_31723374_5	DN_NC_073240.2_22595737_5	0.0123	0.0509	0.0509
LOC101136583	LOC129526434	TP	1	1.0000	DN_NC_073238.2_31467876_5	DN_NC_073240.2_22595737_5	0.0993	0.0509	0.0993
LOC101136583	LOC129529583	genuine	0	0.1677	DN_NC_073240.2_22595737_5	DN_NC_086018.1_18552717_3	0.0509	0.1544	0.1544
LOC101136583	TUBA1C	truthbar	1	0.7933	DN_NC_073234.2_52064465_4	DN_NC_073240.2_22595737_5	0.0558	0.0509	0.0558
LOC101136583	TUBA3E	truthbar	1	0.8725	DN_NC_073235.2_32697745_5	DN_NC_073240.2_22595737_5	0.0120	0.0509	0.0509
LOC101136583	TUBA8	truthbar	1	0.5868	DN_NC_073240.2_22595737_5	DN_NC_086018.1_16134008_5	0.0509	0.0561	0.0561
LOC101136583	TUBAL3	truthbar	1						
LOC101136640	LOC109024259	genuine	0	0.2828	DN_NC_073244.2_55565140_5	DN_NC_073244.2_55618657_2	0.1434	0.2361	0.2361
LOC101136640	ZNF112	genuine	0	0.1793	DN_NC_073244.2_55565140_5	DN_NC_073244.2_55835875_4	0.1434	0.1143	0.1434
LOC101136640	ZNF155	truthbar	1	0.4023	DN_NC_073244.2_55497464_5	DN_NC_073244.2_55565140_5	0.1626	0.1434	0.1626
LOC101136640	ZNF214	genuine	0						
LOC101136640	ZNF221	truthbar	1	0.4192	DN_NC_073244.2_55464824_5	DN_NC_073244.2_55565140_5	0.1676	0.1434	0.1676
LOC101136640	ZNF222	truthbar	1	0.8599	DN_NC_073244.2_55538420_4	DN_NC_073244.2_55565140_5	0.1228	0.1434	0.1434
LOC101136640	ZNF224	truthbar	1	0.4073	DN_NC_073244.2_55565140_5	DN_NC_073244.2_55607411_6	0.1434	0.1220	0.1434
LOC101136640	ZNF225	truthbar	1	0.4081	DN_NC_073244.2_55565140_5	DN_NC_073244.2_55626504_5	0.1434	0.1971	0.1971
LOC101136640	ZNF229	genuine	0						
LOC101136640	ZNF230	truthbar	1	0.4909	DN_NC_073244.2_55516115_5	DN_NC_073244.2_55565140_5	0.1521	0.1434	0.1521
LOC101136640	ZNF233	truthbar	1	0.2267	DN_NC_073244.2_55565140_5	DN_NC_073244.2_55771764_5	0.1434	0.1166	0.1434
LOC101136640	ZNF234	truthbar	1	0.4658	DN_NC_073244.2_55565140_5	DN_NC_073244.2_55654796_6	0.1434	0.2861	0.2861
LOC101136640	ZNF235	truthbar	1	0.1950	DN_NC_073244.2_55565140_5	DN_NC_073244.2_55797441_5	0.1434	0.1122	0.1434
LOC101136640	ZNF239	truthbar	1						
LOC101136640	ZNF284	truthbar	1	0.2333	DN_NC_073244.2_55565140_5	DN_NC_073244.2_55585242_5	0.1434	0.3981	0.3981
LOC101136640	ZNF285	truthbar	1						
LOC101136640	ZNF45	truthbar	1						
LOC101136692	LOC101137060	genuine	0						
LOC101136692	LOC109025447	truthbar	1	0.5126	DN_NC_073236.2_46653509_10	DN_NC_073236.2_47712811_9	0.0657	0.0870	0.0870
LOC101136692	LOC129531666	genuine	1	0.5068	DN_NC_073236.2_46653509_10	DN_NC_073236.2_51202468_4	0.0657	0.1817	0.1817
LOC101136692	LOC129531667	truthbar	1	0.3265	DN_NC_073236.2_46653509_10	DN_NC_073236.2_51437835_4	0.0657	0.2000	0.2000
LOC101136692	RGPD8	genuine	1	0.5344	DN_NC_073236.2_46653509_10	DN_NC_073236.2_49989275_2	0.0657	0.1936	0.1936
LOC101136692	RPL39	genuine	0						
LOC101136692	RPL39L	genuine	0						
LOC101136819	LOC101147313	genuine	0	0.2477	DN_NC_086017.1_207228653_16	DN_NC_086017.1_207540432_15	0.0238	0.1517	0.1517
LOC101136819	LOC115934054	genuine	0						
LOC101136819	SDHA	genuine	0	0.2135	DN_NC_073243.2_112081564_15	DN_NC_086017.1_207228653_16	0.1368	0.0238	0.1368
LOC101136971	LOC115932749	TP	1	0.9632	DN_NC_073242.2_28528734_13	DN_NC_073242.2_35785087_23	0.1442	0.1427	0.1442
LOC101136971	ZC3H7A	TP	1	1.0000	DN_NC_073242.2_15387796_13	DN_NC_073242.2_28528734_13	0.1438	0.1442	0.1442
LOC101137060	LOC109025447	genuine	0	0.2617	DN_NC_073236.2_46676942_15	DN_NC_073236.2_47732210_12	0.2071	0.2216	0.2216
LOC101137060	LOC129531666	genuine	0						
LOC101137060	LOC129531667	genuine	0						
LOC101137060	RGPD8	genuine	0						
LOC101137060	RPL39	genuine	0	0.3458	DN_NC_073236.2_46676942_15	DN_NC_073247.2_131468464_3	0.2071	0.0853	0.2071
LOC101137060	RPL39L	genuine	0						
LOC101137311	LOC129526088	genuine	0	0.1379	DN_NC_073238.2_32460857_5	DN_NC_073240.2_22623333_4	0.3472	0.1313	0.3472
LOC101137311	LOC129527203	genuine	0	0.1445	DN_NC_073238.2_33291944_6	DN_NC_073240.2_22623333_4	0.2331	0.1313	0.2331
LOC101137311	PSPC1	truthbar	1	0.3602	DN_NC_073238.2_34005367_9	DN_NC_073240.2_22623333_4	0.1374	0.1313	0.1374
LOC101137392	MAGEC1	genuine	0	0.2311	DN_NC_073247.2_153600158_4	DN_NC_073247.2_153901396_3	0.0765	0.0710	0.0765
LOC101137455	LOC129533419	TP	0	0.8018	DN_NC_073228.2_182473921_9	DN_NC_073228.2_182638384_11	0.0845	0.0582	0.0845
LOC101137462	LOC101141027	truthbar	1	0.5385	DN_NC_073244.2_27285351_4	DN_NC_073244.2_27765726_4	0.7315	0.4666	0.7315
LOC101137462	LOC101142646	truthbar	1	0.2133	DN_NC_073244.2_27285351_4	DN_NC_073244.2_27869273_3	0.7315	0.4816	0.7315
LOC101137462	LOC101144119	genuine	0	0.1734	DN_NC_073230.2_64900495_2	DN_NC_073244.2_27285351_4	0.2503	0.7315	0.7315
LOC101137462	LOC101144471	truthbar	1						
LOC101137462	LOC101144838	truthbar	1	0.1982	DN_NC_073244.2_27285351_4	DN_NC_073244.2_28256975_5	0.7315	0.3847	0.7315
LOC101137462	LOC101145945	truthbar	1	0.2744	DN_NC_073244.2_27285351_4	DN_NC_073244.2_28588105_4	0.7315	0.3633	0.7315
LOC101137462	LOC101146634	truthbar	1	0.4858	DN_NC_073244.2_27285351_4	DN_NC_073244.2_28711447_4	0.7315	0.4050	0.7315
LOC101137462	LOC101147715	truthbar	1	0.2695	DN_NC_073244.2_27285351_4	DN_NC_073244.2_28820229_4	0.7315	0.5027	0.7315
LOC101137462	LOC101150965	genuine	0	0.2650	DN_NC_073244.2_27285351_4	DN_NC_073244.2_64400145_5	0.7315	0.3365	0.7315
LOC101137462	LOC101151892	genuine	0						
LOC101137462	LOC101152401	truthbar	1						
LOC101137462	LOC101153126	truthbar	1	0.3845	DN_NC_073244.2_27285351_4	DN_NC_073244.2_29297022_4	0.7315	0.4345	0.7315
LOC101137462	LOC101153131	truthbar	1						
LOC101137462	LOC109024216	truthbar	1						
LOC101137462	LOC109026610	TP	1	0.2875	DN_NC_073227.2_8705656_4	DN_NC_073244.2_27285351_4	0.3416	0.7315	0.7315
LOC101137462	LOC115930172	genuine	0	0.3522	DN_NC_073244.2_27051998_4	DN_NC_073244.2_27285351_4	0.4137	0.7315	0.7315
LOC101137462	LOC115931567	genuine	0	0.4079	DN_NC_073244.2_27285351_4	DN_NC_073244.2_27626411_5	0.7315	0.4704	0.7315
LOC101137462	LOC115931568	truthbar	1	0.4711	DN_NC_073244.2_27285351_4	DN_NC_073244.2_28072858_4	0.7315	0.3930	0.7315
LOC101137462	LOC115931576	truthbar	1	0.4798	DN_NC_073244.2_27285351_4	DN_NC_073244.2_29046961_4	0.7315	0.4500	0.7315
LOC101137462	LOC115931654	truthbar	1	0.2211	DN_NC_073244.2_27285351_4	DN_NC_073244.2_65266359_4	0.7315	0.3995	0.7315
LOC101137462	LOC115931857	truthbar	1	0.2068	DN_NC_073244.2_27285351_4	DN_NC_073246.2_15789285_3	0.7315	0.2698	0.7315
LOC101137462	LOC129527827	genuine	0	0.2279	DN_NC_073242.2_66613619_4	DN_NC_073244.2_27285351_4	0.4438	0.7315	0.7315
LOC101137462	LOC129528947	genuine	0	0.4072	DN_NC_073244.2_27285351_4	DN_NC_073244.2_27408454_4	0.7315	0.5416	0.7315
LOC101137462	OSBPL10	genuine	0						
LOC101137462	ZNF141	truthbar	1	0.2014	DN_NC_073227.2_8907801_4	DN_NC_073244.2_27285351_4	0.2847	0.7315	0.7315
LOC101137462	ZNF195	truthbar	1	0.2158	DN_NC_073233.2_9788172_5	DN_NC_073244.2_27285351_4	0.2339	0.7315	0.7315
LOC101137462	ZNF254	truthbar	1	0.4512	DN_NC_073244.2_27285351_4	DN_NC_073244.2_30438340_4	0.7315	0.3798	0.7315
LOC101137462	ZNF267	truthbar	1						
LOC101137462	ZNF273	truthbar	1	0.2776	DN_NC_073230.2_74299233_4	DN_NC_073244.2_27285351_4	0.3847	0.7315	0.7315
LOC101137462	ZNF28	truthbar	1						
LOC101137462	ZNF347	truthbar	1						
LOC101137462	ZNF415	truthbar	1						
LOC101137462	ZNF429	truthbar	1	0.6982	DN_NC_073244.2_27285351_4	DN_NC_073244.2_27956158_4	0.7315	0.5461	0.7315
LOC101137462	ZNF43	truthbar	1	0.3875	DN_NC_073244.2_27285351_4	DN_NC_073244.2_28333451_4	0.7315	0.4625	0.7315
LOC101137462	ZNF430	truthbar	1	0.2046	DN_NC_073244.2_27285351_4	DN_NC_073244.2_27504818_5	0.7315	0.4270	0.7315
LOC101137462	ZNF468	truthbar	1						
LOC101137462	ZNF480	truthbar	1						
LOC101137462	ZNF486	truthbar	1	0.4177	DN_NC_073244.2_26666712_5	DN_NC_073244.2_27285351_4	0.4566	0.7315	0.7315
LOC101137462	ZNF506	truthbar	1	0.2019	DN_NC_073244.2_26240035_4	DN_NC_073244.2_27285351_4	0.3919	0.7315	0.7315
LOC101137462	ZNF519	truthbar	1	0.3049	DN_NC_073241.2_36126198_2	DN_NC_073244.2_27285351_4	0.2075	0.7315	0.7315
LOC101137462	ZNF528	truthbar	1						
LOC101137462	ZNF578	truthbar	1						
LOC101137462	ZNF595	truthbar	1	0.4606	DN_NC_073227.2_8633418_2	DN_NC_073244.2_27285351_4	0.5689	0.7315	0.7315
LOC101137462	ZNF600	truthbar	1						
LOC101137462	ZNF611	truthbar	1						
LOC101137462	ZNF616	truthbar	1						
LOC101137462	ZNF626	truthbar	1	0.1535	DN_NC_073244.2_27131194_2	DN_NC_073244.2_27285351_4	0.4557	0.7315	0.7315
LOC101137462	ZNF655	truthbar	1						
LOC101137462	ZNF675	truthbar	1	0.6144	DN_NC_073244.2_27285351_4	DN_NC_073244.2_29970261_4	0.7315	0.3774	0.7315
LOC101137462	ZNF678	truthbar	1	0.3168	DN_NC_073224.2_40627195_4	DN_NC_073244.2_27285351_4	0.3220	0.7315	0.7315
LOC101137462	ZNF680	truthbar	1	0.3730	DN_NC_073230.2_73977205_4	DN_NC_073244.2_27285351_4	0.3066	0.7315	0.7315
LOC101137462	ZNF681	truthbar	1	0.3069	DN_NC_073244.2_27285351_4	DN_NC_073244.2_30067652_4	0.7315	0.4267	0.7315
LOC101137462	ZNF682	truthbar	1	0.4790	DN_NC_073244.2_26470366_4	DN_NC_073244.2_27285351_4	0.3255	0.7315	0.7315
LOC101137462	ZNF695	truthbar	1	0.3798	DN_NC_073224.2_8422960_4	DN_NC_073244.2_27285351_4	0.3045	0.7315	0.7315
LOC101137462	ZNF701	truthbar	1						
LOC101137462	ZNF721	truthbar	1	0.2944	DN_NC_073227.2_9010062_2	DN_NC_073244.2_27285351_4	0.3953	0.7315	0.7315
LOC101137462	ZNF723	truthbar	1	0.2673	DN_NC_073244.2_27285351_4	DN_NC_073244.2_29232445_4	0.7315	0.5099	0.7315
LOC101137462	ZNF727	truthbar	1	0.1860	DN_NC_073230.2_73508332_4	DN_NC_073244.2_27285351_4	0.3146	0.7315	0.7315
LOC101137462	ZNF736	truthbar	1	0.1700	DN_NC_073230.2_73776646_4	DN_NC_073244.2_27285351_4	0.3000	0.7315	0.7315
LOC101137462	ZNF761	truthbar	1						
LOC101137462	ZNF766	truthbar	1						
LOC101137462	ZNF8	truthbar	1						
LOC101137462	ZNF808	truthbar	1						
LOC101137462	ZNF813	truthbar	1	0.1367	DN_NC_073244.2_27285351_4	DN_NC_073244.2_65398487_4	0.7315	0.3208	0.7315
LOC101137462	ZNF83	truthbar	1						
LOC101137462	ZNF836	truthbar	1						
LOC101137462	ZNF841	truthbar	1						
LOC101137462	ZNF888	truthbar	1						
LOC101137462	ZNF91	truthbar	1	0.2911	DN_NC_073244.2_27285351_4	DN_NC_073244.2_29680825_2	0.7315	0.5202	0.7315
LOC101137462	ZNF92	truthbar	1	0.4407	DN_NC_073230.2_74637814_2	DN_NC_073244.2_27285351_4	0.3657	0.7315	0.7315
LOC101137472	NABP2	genuine	0	0.1470	DN_NC_073234.2_45136934_7	DN_NC_073246.2_34687084_3	0.2336	0.2979	0.2979
LOC101137661	LOC109025815	genuine	0	0.1934	DN_NC_073235.2_31662902_3	DN_NC_073235.2_31973952_17	0.0329	0.0950	0.0950
LOC101137734	LOC101146595	genuine	0						
LOC101137734	LOC129527528	genuine	0	0.2063	DN_NC_073238.2_30171533_2	DN_NC_073242.2_7013229_2	0.3638	0.6546	0.6546
LOC101137734	LOC129532907	genuine	0						
LOC101137734	LOC134756955	genuine	0	0.5447	DN_NC_073238.2_30171533_2	DN_NC_073238.2_33197456_2	0.3638	0.3582	0.3638
LOC101137734	ORC4	genuine	0						
LOC101137734	TCTN1	genuine	0						
LOC101137806	LOC101139163	genuine	0	0.2474	DN_NC_086017.1_136773097_2	DN_NC_086017.1_141278779_5	0.1005	0.0477	0.1005
LOC101137806	LOC101152938	genuine	0	0.1625	DN_NC_073233.2_75718276_6	DN_NC_086017.1_136773097_2	0.0604	0.1005	0.1005
LOC101137806	LOC115934341	genuine	0	0.1954	DN_NC_086017.1_136773097_2	DN_NC_086017.1_85330170_7	0.1005	0.0323	0.1005
LOC101137832	LOC101153526	truthbar	1	0.2312	DN_NC_073231.2_150671310_5	DN_NC_073241.2_64520240_3	0.1908	0.2340	0.2340
LOC101137832	ZKSCAN1	genuine	0						
LOC101137832	ZNF121	truthbar	1	0.2470	DN_NC_073241.2_64520240_3	DN_NC_073244.2_15605841_4	0.2340	0.3827	0.3827
LOC101137832	ZNF232	genuine	0						
LOC101137832	ZNF274	genuine	0						
LOC101137832	ZNF397	genuine	0						
LOC101137832	ZNF436	truthbar	1	0.2707	DN_NC_073224.2_216467757_3	DN_NC_073241.2_64520240_3	0.1508	0.2340	0.2340
LOC101137832	ZNF502	truthbar	1	0.2755	DN_NC_073241.2_64520240_3	DN_NC_086017.1_54612772_3	0.2340	0.1708	0.2340
LOC101137832	ZSCAN12	truthbar	1	0.1347	DN_NC_073229.2_46022147_4	DN_NC_073241.2_64520244_2	0.1240	0.2276	0.2276
LOC101137832	ZSCAN16	genuine	0	0.1828	DN_NC_073229.2_45747170_4	DN_NC_073241.2_64520240_3	0.0506	0.2340	0.2340
LOC101137832	ZSCAN22	genuine	0						
LOC101137832	ZSCAN9	genuine	0						
LOC101137900	LOC109027212	genuine	0	0.2119	DN_NC_073229.2_67950085_3	DN_NC_073238.2_32617313_2	0.7308	0.4197	0.7308
LOC101137900	LOC115934041	genuine	0						
LOC101137900	LOC129528278	genuine	0	0.2114	DN_NC_073238.2_32617313_2	DN_NC_073241.2_83874271_3	0.4197	0.7306	0.7306
LOC101137900	LOC129528791	genuine	0	0.2192	DN_NC_073238.2_32617313_2	DN_NC_073244.2_6165323_3	0.4197	0.7410	0.7410
LOC101137900	LOC129530234	TP	0	0.2407	DN_NC_073238.2_32661686_2	DN_NC_073248.2_26554434_7	0.2024	0.3656	0.3656
LOC101137900	LOC134758719	genuine	0						
LOC101137900	PLGRKT	genuine	0	0.1336	DN_NC_073237.2_58966871_3	DN_NC_073238.2_32617313_2	0.4967	0.4197	0.4967
LOC101137900	RHOT1	genuine	0	0.1354	DN_NC_073228.2_60766049_19	DN_NC_073238.2_32617313_2	0.1091	0.4197	0.4197
LOC101137900	SERPINA3	genuine	0						
LOC101137900	SSBP1	genuine	0						
LOC101137955	LOC115934057	truthbar	1						
LOC101137955	ZFP2	genuine	0	0.2041	DN_NC_073228.2_182864372_4	DN_NC_073229.2_44967262_5	0.1403	0.2021	0.2021
LOC101137955	ZFP69B	genuine	0	0.1752	DN_NC_073224.2_199494304_6	DN_NC_073229.2_44967262_5	0.1174	0.2021	0.2021
LOC101137955	ZFP90	genuine	0	0.2035	DN_NC_073229.2_44967262_5	DN_NC_073242.2_97765438_4	0.2021	0.2426	0.2426
LOC101137955	ZNF181	genuine	0	0.1848	DN_NC_073229.2_44967262_5	DN_NC_073244.2_45796040_6	0.2021	0.1703	0.2021
LOC101137955	ZNF2	genuine	0						
LOC101137955	ZNF248	genuine	0	0.1350	DN_NC_073229.2_44967262_5	DN_NC_073232.2_81253567_6	0.2021	0.1140	0.2021
LOC101137955	ZNF333	genuine	0						
LOC101137955	ZNF391	truthbar	1	0.1865	DN_NC_073229.2_44967262_5	DN_NC_073229.2_45005781_3	0.2021	0.2383	0.2383
LOC101137955	ZNF485	genuine	0	0.2085	DN_NC_073229.2_44967262_5	DN_NC_073232.2_71834982_5	0.2021	0.2724	0.2724
LOC101137955	ZNF514	genuine	0						
LOC101137955	ZNF554	genuine	0						
LOC101137955	ZNF621	genuine	0						
LOC101137955	ZNF879	genuine	0	0.1906	DN_NC_073228.2_182994030_5	DN_NC_073229.2_44967262_5	0.2623	0.2021	0.2623
LOC101137992	LOC101139594	genuine	0	0.1933	DN_NC_073247.2_64921939_13	DN_NC_073247.2_64998786_13	0.0413	0.0138	0.0413
LOC101137992	LOC101144987	genuine	0						
LOC101137992	LOC101146541	genuine	0						
LOC101138011	LOC109025084	genuine	0	0.3253	DN_NC_073224.2_98617594_3	DN_NC_073229.2_52163606_6	0.4853	0.0025	0.4853
LOC101138011	LOC129528550	genuine	0						
LOC101138066	LOC115930840	TP	1	0.2797	DN_NC_073240.2_85708603_4	DN_NC_073240.2_86386259_3	0.2082	0.2093	0.2093
LOC101138261	LOC101145660	genuine	0						
LOC101138261	LOC101152741	genuine	0						
LOC101138261	LOC109027124	genuine	0	0.3288	DN_NC_073229.2_194862622_5	DN_NC_073232.2_72957232_4	0.5920	0.2221	0.5920
LOC101138261	LOC129527173	genuine	0						
LOC101138261	LOC129528096	genuine	0						
LOC101138261	MPHOSPH8	genuine	0	0.4114	DN_NC_073232.2_72957232_4	DN_NC_073238.2_33904146_3	0.2221	0.5102	0.5102
LOC101138261	SVBP	genuine	0						
LOC101138337	LOC101145348	genuine	0						
LOC101138337	LOC101151317	genuine	0	0.1536	DN_NC_073228.2_154780892_3	DN_NC_073244.2_48030811_4	0.1819	0.4233	0.4233
LOC101138337	LOC101153727	genuine	0						
LOC101138337	LOC109024207	genuine	0						
LOC101138337	LOC109027078	genuine	0						
LOC101138337	LOC115931610	genuine	0						
LOC101138337	ZFP28	genuine	0						
LOC101138337	ZFP3	genuine	0						
LOC101138337	ZFP69	genuine	0						
LOC101138337	ZFP82	genuine	0						
LOC101138337	ZNF177	genuine	0						
LOC101138337	ZNF184	genuine	0						
LOC101138337	ZNF189	genuine	0						
LOC101138337	ZNF266	genuine	0						
LOC101138337	ZNF283	genuine	0						
LOC101138337	ZNF30	genuine	0						
LOC101138337	ZNF329	genuine	0						
LOC101138337	ZNF331	genuine	0						
LOC101138337	ZNF420	genuine	0						
LOC101138337	ZNF461	genuine	0						
LOC101138337	ZNF471	genuine	0						
LOC101138337	ZNF529	genuine	0						
LOC101138337	ZNF540	genuine	0						
LOC101138337	ZNF546	genuine	0						
LOC101138337	ZNF560	genuine	0						
LOC101138337	ZNF565	genuine	0						
LOC101138337	ZNF566	genuine	0						
LOC101138337	ZNF571	genuine	0						
LOC101138337	ZNF573	genuine	0						
LOC101138337	ZNF582	genuine	0						
LOC101138337	ZNF583	genuine	0						
LOC101138337	ZNF596	genuine	0						
LOC101138337	ZNF607	genuine	0						
LOC101138337	ZNF665	genuine	0						
LOC101138337	ZNF684	genuine	0						
LOC101138337	ZNF780A	genuine	0						
LOC101138337	ZNF780B	genuine	0						
LOC101138337	ZNF790	genuine	0						
LOC101138337	ZNF829	genuine	0						
LOC101138337	ZNF891	genuine	0						
LOC101138952	LOC129523567	genuine	0						
LOC101138952	LOC129528667	truthbar	1	0.2226	DN_NC_073244.2_63882905_5	DN_NC_073244.2_63934684_6	0.2320	0.1220	0.2320
LOC101138952	ZFP37	truthbar	1	0.1864	DN_NC_073237.2_109279481_4	DN_NC_073244.2_63934684_6	0.2257	0.1220	0.2257
LOC101138952	ZNF10	truthbar	1						
LOC101138952	ZNF140	truthbar	1						
LOC101138952	ZNF157	truthbar	1						
LOC101138952	ZNF175	truthbar	1						
LOC101138952	ZNF180	truthbar	1						
LOC101138952	ZNF182	truthbar	1	0.2412	DN_NC_073244.2_63934684_6	DN_NC_073247.2_58372296_6	0.1220	0.1467	0.1467
LOC101138952	ZNF25	truthbar	1						
LOC101138952	ZNF26	truthbar	1	0.2409	DN_NC_073234.2_148486259_4	DN_NC_073244.2_63934684_6	0.1823	0.1220	0.1823
LOC101138952	ZNF260	genuine	0	0.1833	DN_NC_073244.2_47706460_3	DN_NC_073244.2_63934684_6	0.2910	0.1220	0.2910
LOC101138952	ZNF268	genuine	0						
LOC101138952	ZNF287	truthbar	1						
LOC101138952	ZNF300	truthbar	1	0.1678	DN_NC_073228.2_154747841_5	DN_NC_073244.2_63934684_6	0.1543	0.1220	0.1543
LOC101138952	ZNF302	truthbar	1						
LOC101138952	ZNF334	truthbar	1						
LOC101138952	ZNF33B	truthbar	1	0.1402	DN_NC_073232.2_72820474_5	DN_NC_073244.2_63934684_6	0.2521	0.1220	0.2521
LOC101138952	ZNF354A	truthbar	1						
LOC101138952	ZNF354B	truthbar	1						
LOC101138952	ZNF382	truthbar	1						
LOC101138952	ZNF41	truthbar	1	0.1399	DN_NC_073244.2_63934684_6	DN_NC_073247.2_57840463_5	0.1220	0.1565	0.1565
LOC101138952	ZNF432	truthbar	1						
LOC101138952	ZNF484	truthbar	1	0.1409	DN_NC_073237.2_89310571_5	DN_NC_073244.2_63934684_6	0.2190	0.1220	0.2190
LOC101138952	ZNF487	genuine	0						
LOC101138952	ZNF501	genuine	0						
LOC101138952	ZNF510	truthbar	1						
LOC101138952	ZNF527	truthbar	1						
LOC101138952	ZNF565	truthbar	1						
LOC101138952	ZNF567	truthbar	1						
LOC101138952	ZNF568	truthbar	1						
LOC101138952	ZNF569	truthbar	1						
LOC101138952	ZNF577	truthbar	1	0.1595	DN_NC_073244.2_63840101_6	DN_NC_073244.2_63934684_6	0.1892	0.1220	0.1892
LOC101138952	ZNF585A	truthbar	1	0.1396	DN_NC_073244.2_48319142_5	DN_NC_073244.2_63934684_6	0.1403	0.1220	0.1403
LOC101138952	ZNF585B	truthbar	1	0.1850	DN_NC_073244.2_48352926_4	DN_NC_073244.2_63934684_6	0.1502	0.1220	0.1502
LOC101138952	ZNF605	truthbar	1	0.2195	DN_NC_073234.2_148420424_5	DN_NC_073244.2_63934684_6	0.0953	0.1220	0.1220
LOC101138952	ZNF606	truthbar	1	0.1833	DN_NC_073244.2_63934684_6	DN_NC_073244.2_70077616_7	0.1220	0.1288	0.1288
LOC101138952	ZNF613	truthbar	1	0.1303	DN_NC_073244.2_63895938_6	DN_NC_073244.2_63934684_6	0.1312	0.1220	0.1312
LOC101138952	ZNF614	truthbar	1						
LOC101138952	ZNF615	truthbar	1						
LOC101138952	ZNF624	truthbar	1						
LOC101138952	ZNF649	truthbar	1	0.1602	DN_NC_073244.2_63855100_5	DN_NC_073244.2_63934684_6	0.1720	0.1220	0.1720
LOC101138952	ZNF674	truthbar	1						
LOC101138952	ZNF717	truthbar	1						
LOC101138952	ZNF782	truthbar	1						
LOC101138952	ZNF81	truthbar	1						
LOC101138952	ZNF84	truthbar	1	0.1551	DN_NC_073234.2_148537990_5	DN_NC_073244.2_63934684_6	0.2027	0.1220	0.2027
LOC101138952	ZNF883	truthbar	1						
LOC101139163	LOC101152938	TP	1	0.2500	DN_NC_073233.2_75718276_6	DN_NC_086017.1_141278779_5	0.0604	0.0477	0.0604
LOC101139163	LOC115934341	TP	1	0.2448	DN_NC_086017.1_141278779_5	DN_NC_086017.1_85330170_7	0.0477	0.0323	0.0477
LOC101139594	LOC101144987	genuine	0	0.2368	DN_NC_073247.2_62361057_13	DN_NC_073247.2_64998786_13	0.0316	0.0138	0.0316
LOC101139594	LOC101146541	genuine	0	0.2352	DN_NC_073247.2_62249491_13	DN_NC_073247.2_64998786_13	0.0237	0.0138	0.0237
LOC101139703	LOC129526951	TP	1	0.4479	DN_NC_073237.2_17678391_14	DN_NC_073238.2_22049850_15	0.1128	0.2174	0.2174
LOC101140030	ULBP1	truthbar	1	0.2157	DN_NC_073229.2_174132332_5	DN_NC_073229.2_174168227_4	0.3569	0.2468	0.3569
LOC101140030	ULBP3	truthbar	1	0.3927	DN_NC_073229.2_174168227_4	DN_NC_073229.2_174230881_5	0.2468	0.3181	0.3181
LOC101140402	LOC101141165	genuine	0	0.3016	DN_NC_086018.1_21140998_4	DN_NC_086018.1_23370474_4	0.0446	0.1016	0.1016
LOC101140402	LOC109024546	genuine	0	0.4596	DN_NC_086018.1_19935965_4	DN_NC_086018.1_23370474_4	0.1332	0.1016	0.1332
LOC101140579	LOC101148313	genuine	0						
LOC101140579	LOC115935025	genuine	0						
LOC101140579	XAF1	genuine	0						
LOC101140641	LOC101141395	truthbar	1	0.1995	DN_NC_073229.2_50716510_5	DN_NC_073229.2_50784857_5	0.2184	0.0662	0.2184
LOC101140864	LOC109026769	genuine	0	0.1308	DN_NC_073228.2_79926211_12	DN_NC_073238.2_29962908_11	0.1248	0.0693	0.1248
LOC101140892	RPLP1	genuine	0	0.2191	DN_NC_073228.2_155613898_3	DN_NC_073240.2_70293854_4	0.1955	0.0664	0.1955
LOC101140892	TXNL4B	genuine	0						
LOC101141025	LOC115935014	truthbar	1	0.3442	DN_NC_073229.2_50300098_6	DN_NC_073229.2_50795834_6	0.0964	0.0768	0.0964
LOC101141027	LOC101142646	truthbar	1	0.2830	DN_NC_073244.2_27765726_4	DN_NC_073244.2_27869273_3	0.4666	0.4816	0.4816
LOC101141027	LOC101144119	genuine	0	0.1991	DN_NC_073230.2_64900495_2	DN_NC_073244.2_27765726_4	0.2503	0.4666	0.4666
LOC101141027	LOC101144471	truthbar	1						
LOC101141027	LOC101144838	truthbar	1	0.4468	DN_NC_073244.2_27765726_4	DN_NC_073244.2_28256975_5	0.4666	0.3847	0.4666
LOC101141027	LOC101145945	truthbar	1	0.2114	DN_NC_073244.2_27765726_4	DN_NC_073244.2_28588105_4	0.4666	0.3633	0.4666
LOC101141027	LOC101146634	truthbar	1	0.3533	DN_NC_073244.2_27765726_4	DN_NC_073244.2_28711447_2	0.4666	0.4461	0.4666
LOC101141027	LOC101147715	genuine	0	0.1461	DN_NC_073244.2_27765726_4	DN_NC_073244.2_28820229_4	0.4666	0.5027	0.5027
LOC101141027	LOC101150965	genuine	0						
LOC101141027	LOC101151892	genuine	0	0.1554	DN_NC_073227.2_8792448_3	DN_NC_073244.2_27765726_4	0.5584	0.4666	0.5584
LOC101141027	LOC101152401	truthbar	1						
LOC101141027	LOC101153126	truthbar	1	0.4395	DN_NC_073244.2_27765726_4	DN_NC_073244.2_29297022_4	0.4666	0.4345	0.4666
LOC101141027	LOC101153131	truthbar	1						
LOC101141027	LOC109024216	truthbar	1	0.1542	DN_NC_073244.2_27765726_4	DN_NC_073244.2_65293743_4	0.4666	0.2768	0.4666
LOC101141027	LOC109026610	truthbar	1	0.4302	DN_NC_073227.2_8705656_4	DN_NC_073244.2_27765726_4	0.3416	0.4666	0.4666
LOC101141027	LOC115930172	genuine	0	0.4557	DN_NC_073244.2_27051998_4	DN_NC_073244.2_27765726_4	0.4137	0.4666	0.4666
LOC101141027	LOC115931567	genuine	0	0.4828	DN_NC_073244.2_27566430_5	DN_NC_073244.2_27765726_4	0.4258	0.4666	0.4666
LOC101141027	LOC115931568	truthbar	1	0.4322	DN_NC_073244.2_27765726_4	DN_NC_073244.2_28072858_4	0.4666	0.3930	0.4666
LOC101141027	LOC115931576	truthbar	1	0.5334	DN_NC_073244.2_27765726_4	DN_NC_073244.2_29046961_4	0.4666	0.4500	0.4666
LOC101141027	LOC115931654	truthbar	1	0.2756	DN_NC_073244.2_27765726_4	DN_NC_073244.2_65266359_4	0.4666	0.3995	0.4666
LOC101141027	LOC115931857	truthbar	1	0.3456	DN_NC_073244.2_27765726_4	DN_NC_073246.2_15789285_3	0.4666	0.2698	0.4666
LOC101141027	LOC129527827	genuine	0	0.1859	DN_NC_073242.2_66613619_4	DN_NC_073244.2_27765726_4	0.4438	0.4666	0.4666
LOC101141027	LOC129528947	genuine	0	0.5133	DN_NC_073244.2_27408454_4	DN_NC_073244.2_27765726_4	0.5416	0.4666	0.5416
LOC101141027	OSBPL10	genuine	0						
LOC101141027	ZNF141	truthbar	1	0.1604	DN_NC_073227.2_8907801_4	DN_NC_073244.2_27765726_4	0.2847	0.4666	0.4666
LOC101141027	ZNF195	truthbar	1	0.2412	DN_NC_073233.2_9788172_5	DN_NC_073244.2_27765726_4	0.2339	0.4666	0.4666
LOC101141027	ZNF254	truthbar	1	0.5419	DN_NC_073244.2_27765726_4	DN_NC_073244.2_30438340_4	0.4666	0.3798	0.4666
LOC101141027	ZNF267	truthbar	1	0.2215	DN_NC_073242.2_37386128_4	DN_NC_073244.2_27765726_4	0.2710	0.4666	0.4666
LOC101141027	ZNF273	truthbar	1	0.5307	DN_NC_073230.2_74299233_4	DN_NC_073244.2_27765726_4	0.3847	0.4666	0.4666
LOC101141027	ZNF28	truthbar	1						
LOC101141027	ZNF347	truthbar	1						
LOC101141027	ZNF415	truthbar	1						
LOC101141027	ZNF429	truthbar	1	0.6447	DN_NC_073244.2_27765726_4	DN_NC_073244.2_27956158_2	0.4666	0.5265	0.5265
LOC101141027	ZNF43	truthbar	1	0.3634	DN_NC_073244.2_27765726_4	DN_NC_073244.2_28333451_4	0.4666	0.4625	0.4666
LOC101141027	ZNF430	truthbar	1	0.4785	DN_NC_073244.2_27504818_5	DN_NC_073244.2_27765726_4	0.4270	0.4666	0.4666
LOC101141027	ZNF468	truthbar	1						
LOC101141027	ZNF480	truthbar	1						
LOC101141027	ZNF486	truthbar	1	0.3927	DN_NC_073244.2_26666712_5	DN_NC_073244.2_27765726_4	0.4566	0.4666	0.4666
LOC101141027	ZNF506	truthbar	1	0.2474	DN_NC_073244.2_26240035_4	DN_NC_073244.2_27765726_4	0.3919	0.4666	0.4666
LOC101141027	ZNF519	truthbar	1	0.3643	DN_NC_073241.2_36126198_2	DN_NC_073244.2_27765726_4	0.2075	0.4666	0.4666
LOC101141027	ZNF528	truthbar	1	0.1867	DN_NC_073244.2_27765726_4	DN_NC_073244.2_64368633_7	0.4666	0.2537	0.4666
LOC101141027	ZNF578	truthbar	1						
LOC101141027	ZNF595	truthbar	1	0.4592	DN_NC_073227.2_8633416_4	DN_NC_073244.2_27765726_4	0.5220	0.4666	0.5220
LOC101141027	ZNF600	truthbar	1						
LOC101141027	ZNF611	truthbar	1						
LOC101141027	ZNF616	truthbar	1						
LOC101141027	ZNF626	truthbar	1	0.4403	DN_NC_073244.2_27131194_2	DN_NC_073244.2_27765726_4	0.4557	0.4666	0.4666
LOC101141027	ZNF655	truthbar	1						
LOC101141027	ZNF675	truthbar	1	0.4460	DN_NC_073244.2_27765726_4	DN_NC_073244.2_29970261_4	0.4666	0.3774	0.4666
LOC101141027	ZNF678	truthbar	1	0.4480	DN_NC_073224.2_40627195_4	DN_NC_073244.2_27765726_4	0.3220	0.4666	0.4666
LOC101141027	ZNF680	truthbar	1	0.4983	DN_NC_073230.2_73977205_4	DN_NC_073244.2_27765726_4	0.3066	0.4666	0.4666
LOC101141027	ZNF681	truthbar	1	0.2772	DN_NC_073244.2_27765726_4	DN_NC_073244.2_30067652_4	0.4666	0.4267	0.4666
LOC101141027	ZNF682	truthbar	1	0.4445	DN_NC_073244.2_26470366_4	DN_NC_073244.2_27765726_4	0.3255	0.4666	0.4666
LOC101141027	ZNF695	truthbar	1	0.4743	DN_NC_073224.2_8422960_4	DN_NC_073244.2_27765726_4	0.3045	0.4666	0.4666
LOC101141027	ZNF701	truthbar	1						
LOC101141027	ZNF721	truthbar	1	0.2891	DN_NC_073227.2_9010062_2	DN_NC_073244.2_27765726_4	0.3953	0.4666	0.4666
LOC101141027	ZNF723	truthbar	1	0.5104	DN_NC_073244.2_27765726_4	DN_NC_073244.2_29232445_4	0.4666	0.5099	0.5099
LOC101141027	ZNF727	truthbar	1	0.1546	DN_NC_073230.2_73508332_4	DN_NC_073244.2_27765726_4	0.3146	0.4666	0.4666
LOC101141027	ZNF736	truthbar	1	0.2888	DN_NC_073230.2_73776646_4	DN_NC_073244.2_27765726_4	0.3000	0.4666	0.4666
LOC101141027	ZNF761	truthbar	1						
LOC101141027	ZNF766	truthbar	1						
LOC101141027	ZNF8	truthbar	1						
LOC101141027	ZNF808	truthbar	1						
LOC101141027	ZNF813	truthbar	1						
LOC101141027	ZNF83	truthbar	1						
LOC101141027	ZNF836	truthbar	1						
LOC101141027	ZNF841	truthbar	1						
LOC101141027	ZNF888	truthbar	1						
LOC101141027	ZNF91	genuine	0	0.2845	DN_NC_073244.2_27765726_4	DN_NC_073244.2_29680825_2	0.4666	0.5202	0.5202
LOC101141027	ZNF92	truthbar	1	0.5072	DN_NC_073230.2_74637722_4	DN_NC_073244.2_27765726_4	0.3318	0.4666	0.4666
LOC101141165	LOC109024546	genuine	0	0.3128	DN_NC_086018.1_19935965_4	DN_NC_086018.1_21140998_4	0.1332	0.0446	0.1332
LOC101141171	NUDT10	TP	1	0.2192	DN_NC_073247.2_61509959_2	DN_NC_073247.2_61690478_2	0.0950	0.1929	0.1929
LOC101141192	LOC101146782	genuine	0	0.1585	DN_NC_073232.2_65009281_5	DN_NC_073232.2_65534545_21	0.1361	0.1102	0.1361
LOC101141192	LOC134759160	genuine	0	0.7093	DN_NC_073232.2_64911725_5	DN_NC_073232.2_65009281_5	0.1299	0.1361	0.1361
LOC101141821	LOC115933573	TP	0	0.2778	DN_NC_073236.2_31528778_7	DN_NC_073236.2_32340171_12	0.3211	0.2319	0.3211
LOC101142134	LOC101142998	truthbar	1	0.4851	DN_NC_073229.2_47549272_8	DN_NC_073229.2_48967498_8	0.0339	0.0542	0.0542
LOC101142134	LOC101143844	truthbar	1	0.4831	DN_NC_073229.2_47549272_8	DN_NC_073229.2_49051174_8	0.0339	0.0267	0.0339
LOC101142134	LOC101153360	truthbar	1	0.5387	DN_NC_073229.2_47549272_8	DN_NC_073229.2_48177425_8	0.0339	0.2762	0.2762
LOC101142134	LOC109027174	genuine	0	0.9386	DN_NC_073229.2_47549272_8	DN_NC_073229.2_47663527_8	0.0339	0.0423	0.0423
LOC101142134	MHC-G	truthbar	1	0.8425	DN_NC_073229.2_47377766_7	DN_NC_073229.2_47549272_8	0.0739	0.0339	0.0739
LOC101142371	RRN3	truthbar	1	0.1947	DN_NC_073242.2_29556580_18	DN_NC_073242.2_31545375_14	0.1955	0.1343	0.1955
LOC101142457	LOC129523511	TP	1	0.5635	DN_NC_073227.2_212285016_9	DN_NC_073247.2_167707352_7	0.2376	0.2419	0.2419
LOC101142457	LOC134756389	TP	1	0.4029	DN_NC_073231.2_151170137_9	DN_NC_073247.2_167707352_7	0.2178	0.2419	0.2419
LOC101142457	RABL2A	TP	1	0.3069	DN_NC_073235.2_15131698_9	DN_NC_073247.2_167707352_7	0.2011	0.2419	0.2419
LOC101142457	RABL2B	truthbar	1	0.5125	DN_NC_073247.2_167707352_7	DN_NC_086018.1_48818439_9	0.2419	0.0424	0.2419
LOC101142502	SERPINB9	genuine	0	0.1622	DN_NC_073229.2_20497552_7	DN_NC_073241.2_93292541_7	0.3692	0.1357	0.3692
LOC101142525	LOC134756641	genuine	0						
LOC101142525	LOC134757208	genuine	0						
LOC101142525	LOC134758618	genuine	0	0.1432	DN_NC_073228.2_179980536_5	DN_NC_073230.2_113873404_2	0.3605	0.2405	0.3605
LOC101142525	TRHDE	genuine	0						
LOC101142525	ZNF80	genuine	0						
LOC101142646	LOC101144119	genuine	0						
LOC101142646	LOC101144471	truthbar	1	0.1812	DN_NC_073244.2_27869273_3	DN_NC_073244.2_64306022_6	0.4816	0.2974	0.4816
LOC101142646	LOC101144838	truthbar	1	0.2093	DN_NC_073244.2_27869273_3	DN_NC_073244.2_28256975_5	0.4816	0.3847	0.4816
LOC101142646	LOC101145945	truthbar	1	0.1399	DN_NC_073244.2_27869273_3	DN_NC_073244.2_28588105_4	0.4816	0.3633	0.4816
LOC101142646	LOC101146634	truthbar	1	0.2093	DN_NC_073244.2_27869273_3	DN_NC_073244.2_28711447_4	0.4816	0.4050	0.4816
LOC101142646	LOC101147715	truthbar	1	0.1389	DN_NC_073244.2_27869273_3	DN_NC_073244.2_28820229_4	0.4816	0.5027	0.5027
LOC101142646	LOC101150965	genuine	0						
LOC101142646	LOC101151892	genuine	0	0.1348	DN_NC_073227.2_8792448_3	DN_NC_073244.2_27869273_3	0.5584	0.4816	0.5584
LOC101142646	LOC101152401	truthbar	1						
LOC101142646	LOC101153126	truthbar	1	0.3294	DN_NC_073244.2_27869273_3	DN_NC_073244.2_29297022_4	0.4816	0.4345	0.4816
LOC101142646	LOC101153131	truthbar	1						
LOC101142646	LOC109024216	truthbar	1	0.1389	DN_NC_073244.2_27869273_3	DN_NC_073244.2_65293743_4	0.4816	0.2768	0.4816
LOC101142646	LOC109026610	truthbar	1	0.1989	DN_NC_073227.2_8705656_4	DN_NC_073244.2_27869273_3	0.3416	0.4816	0.4816
LOC101142646	LOC115930172	genuine	0	0.2193	DN_NC_073244.2_27051998_4	DN_NC_073244.2_27869273_3	0.4137	0.4816	0.4816
LOC101142646	LOC115931567	genuine	0	0.2583	DN_NC_073244.2_27566430_5	DN_NC_073244.2_27869273_3	0.4258	0.4816	0.4816
LOC101142646	LOC115931568	truthbar	1	0.2093	DN_NC_073244.2_27869273_3	DN_NC_073244.2_28072858_4	0.4816	0.3930	0.4816
LOC101142646	LOC115931576	truthbar	1	0.3191	DN_NC_073244.2_27869273_3	DN_NC_073244.2_29046961_4	0.4816	0.4500	0.4816
LOC101142646	LOC115931654	truthbar	1	0.3204	DN_NC_073244.2_27869273_3	DN_NC_073244.2_65266359_4	0.4816	0.3995	0.4816
LOC101142646	LOC115931857	truthbar	1	0.2760	DN_NC_073244.2_27869273_3	DN_NC_073246.2_15789285_3	0.4816	0.2698	0.4816
LOC101142646	LOC129527827	genuine	0	0.1395	DN_NC_073242.2_66613619_4	DN_NC_073244.2_27869273_3	0.4438	0.4816	0.4816
LOC101142646	LOC129528947	genuine	0	0.3031	DN_NC_073244.2_27408454_4	DN_NC_073244.2_27869273_3	0.5416	0.4816	0.5416
LOC101142646	OSBPL10	genuine	0						
LOC101142646	ZNF141	truthbar	1	0.2039	DN_NC_073227.2_8907801_4	DN_NC_073244.2_27869273_3	0.2847	0.4816	0.4816
LOC101142646	ZNF195	truthbar	1	0.2714	DN_NC_073233.2_9788172_5	DN_NC_073244.2_27869273_3	0.2339	0.4816	0.4816
LOC101142646	ZNF254	truthbar	1	0.3294	DN_NC_073244.2_27869273_3	DN_NC_073244.2_30438340_4	0.4816	0.3798	0.4816
LOC101142646	ZNF267	truthbar	1	0.1659	DN_NC_073242.2_37386128_4	DN_NC_073244.2_27869273_3	0.2710	0.4816	0.4816
LOC101142646	ZNF273	truthbar	1	0.2840	DN_NC_073230.2_74299233_4	DN_NC_073244.2_27869273_3	0.3847	0.4816	0.4816
LOC101142646	ZNF28	truthbar	1						
LOC101142646	ZNF347	truthbar	1	0.1315	DN_NC_073244.2_27869273_3	DN_NC_073244.2_65073171_5	0.4816	0.3826	0.4816
LOC101142646	ZNF415	truthbar	1	0.2661	DN_NC_073244.2_27869273_3	DN_NC_073244.2_65046428_4	0.4816	0.1840	0.4816
LOC101142646	ZNF429	truthbar	1	0.3642	DN_NC_073244.2_27869273_3	DN_NC_073244.2_27956158_4	0.4816	0.5461	0.5461
LOC101142646	ZNF43	truthbar	1	0.3294	DN_NC_073244.2_27869273_3	DN_NC_073244.2_28333451_4	0.4816	0.4625	0.4816
LOC101142646	ZNF430	truthbar	1	0.2380	DN_NC_073244.2_27504818_5	DN_NC_073244.2_27869273_3	0.4270	0.4816	0.4816
LOC101142646	ZNF468	truthbar	1	0.1719	DN_NC_073244.2_27869273_3	DN_NC_073244.2_64797239_5	0.4816	0.3221	0.4816
LOC101142646	ZNF480	truthbar	1						
LOC101142646	ZNF486	truthbar	1	0.1639	DN_NC_073244.2_26666712_5	DN_NC_073244.2_27869273_3	0.4566	0.4816	0.4816
LOC101142646	ZNF506	truthbar	1	0.1379	DN_NC_073244.2_26240035_4	DN_NC_073244.2_27869273_3	0.3919	0.4816	0.4816
LOC101142646	ZNF519	truthbar	1	0.1658	DN_NC_073241.2_36126198_2	DN_NC_073244.2_27869273_3	0.2075	0.4816	0.4816
LOC101142646	ZNF528	truthbar	1						
LOC101142646	ZNF578	truthbar	1	0.1469	DN_NC_073244.2_27869273_3	DN_NC_073244.2_64426370_6	0.4816	0.4463	0.4816
LOC101142646	ZNF595	truthbar	1	0.3687	DN_NC_073227.2_8633418_2	DN_NC_073244.2_27869273_3	0.5689	0.4816	0.5689
LOC101142646	ZNF600	truthbar	1	0.2036	DN_NC_073244.2_27869273_3	DN_NC_073244.2_64724127_4	0.4816	0.3339	0.4816
LOC101142646	ZNF611	truthbar	1	0.1699	DN_NC_073244.2_27869273_3	DN_NC_073244.2_64672255_4	0.4816	0.3521	0.4816
LOC101142646	ZNF616	truthbar	1	0.2473	DN_NC_073244.2_27869273_3	DN_NC_073244.2_64081943_4	0.4816	0.2620	0.4816
LOC101142646	ZNF626	truthbar	1	0.2063	DN_NC_073244.2_27131194_2	DN_NC_073244.2_27869273_3	0.4557	0.4816	0.4816
LOC101142646	ZNF655	truthbar	1						
LOC101142646	ZNF675	truthbar	1	0.1926	DN_NC_073244.2_27869273_3	DN_NC_073244.2_29970261_4	0.4816	0.3774	0.4816
LOC101142646	ZNF678	truthbar	1	0.3111	DN_NC_073224.2_40627195_4	DN_NC_073244.2_27869273_3	0.3220	0.4816	0.4816
LOC101142646	ZNF680	truthbar	1	0.2744	DN_NC_073230.2_73977205_4	DN_NC_073244.2_27869273_3	0.3066	0.4816	0.4816
LOC101142646	ZNF681	truthbar	1	0.3291	DN_NC_073244.2_27869273_3	DN_NC_073244.2_30067652_4	0.4816	0.4267	0.4816
LOC101142646	ZNF682	truthbar	1	0.2083	DN_NC_073244.2_26470366_4	DN_NC_073244.2_27869273_3	0.3255	0.4816	0.4816
LOC101142646	ZNF695	truthbar	1	0.2316	DN_NC_073224.2_8422960_4	DN_NC_073244.2_27869273_3	0.3045	0.4816	0.4816
LOC101142646	ZNF701	truthbar	1						
LOC101142646	ZNF721	truthbar	1	0.2310	DN_NC_073227.2_9010062_2	DN_NC_073244.2_27869273_3	0.3953	0.4816	0.4816
LOC101142646	ZNF723	truthbar	1	0.3001	DN_NC_073244.2_27869273_3	DN_NC_073244.2_29232445_4	0.4816	0.5099	0.5099
LOC101142646	ZNF727	truthbar	1	0.1636	DN_NC_073230.2_73508332_4	DN_NC_073244.2_27869273_3	0.3146	0.4816	0.4816
LOC101142646	ZNF736	truthbar	1	0.1742	DN_NC_073230.2_73776646_4	DN_NC_073244.2_27869273_3	0.3000	0.4816	0.4816
LOC101142646	ZNF761	truthbar	1	0.3291	DN_NC_073244.2_27869273_3	DN_NC_073244.2_65362909_5	0.4816	0.3364	0.4816
LOC101142646	ZNF766	truthbar	1						
LOC101142646	ZNF8	truthbar	1						
LOC101142646	ZNF808	truthbar	1	0.1929	DN_NC_073244.2_27869273_3	DN_NC_073244.2_64500861_5	0.4816	0.4373	0.4816
LOC101142646	ZNF813	truthbar	1	0.1305	DN_NC_073244.2_27869273_3	DN_NC_073244.2_65398487_4	0.4816	0.3208	0.4816
LOC101142646	ZNF83	truthbar	1						
LOC101142646	ZNF836	truthbar	1						
LOC101142646	ZNF841	truthbar	1						
LOC101142646	ZNF888	truthbar	1	0.1802	DN_NC_073244.2_27869273_3	DN_NC_073244.2_64860608_4	0.4816	0.4244	0.4816
LOC101142646	ZNF91	truthbar	1	0.1782	DN_NC_073244.2_27869273_3	DN_NC_073244.2_29680825_4	0.4816	0.4948	0.4948
LOC101142646	ZNF92	truthbar	1	0.2803	DN_NC_073230.2_74637814_2	DN_NC_073244.2_27869273_3	0.3657	0.4816	0.4816
LOC101142783	LOC101147259	TP	1						
LOC101142783	LOC115933254	TP	1	0.2947	DN_NC_073236.2_32935295_3	DN_NC_073237.2_29418618_13	0.0838	0.1295	0.1295
LOC101142783	LOC129524732	genuine	0						
LOC101142859	LOC134758545	TP	0	0.4722	DN_NC_073228.2_66328056_2	DN_NC_073228.2_70719297_2	0.2816	0.2827	0.2827
LOC101142904	LOC115933219	genuine	0						
LOC101142904	LOC129526395	TP	1						
LOC101142904	LOC129526550	TP	1						
LOC101142904	LOC129526557	genuine	0						
LOC101142904	LOC129527278	TP	1						
LOC101142904	LOC129530429	truthbar	1						
LOC101142904	LOC129530552	TP	1	0.3802	DN_NC_073246.2_2235416_3	DN_NC_086018.1_1774757_3	0.2926	0.2956	0.2956
LOC101142904	LOC129531431	TP	0						
LOC101142904	LOC129532222	TP	1						
LOC101142904	LOC129532224	genuine	0						
LOC101142918	LOC115936005	genuine	0	0.6829	DN_NC_073232.2_92223921_5	DN_NC_073232.2_99723280_5	0.0567	0.0570	0.0570
LOC101142998	LOC101143844	TP	1	0.5176	DN_NC_073229.2_48967498_8	DN_NC_073229.2_49051174_8	0.0542	0.0267	0.0542
LOC101142998	LOC101153360	truthbar	1	0.4590	DN_NC_073229.2_48177425_8	DN_NC_073229.2_48967498_8	0.2762	0.0542	0.2762
LOC101142998	LOC109027174	genuine	0	0.4920	DN_NC_073229.2_47663527_8	DN_NC_073229.2_48967498_8	0.0423	0.0542	0.0542
LOC101142998	MHC-G	truthbar	1	0.8076	DN_NC_073229.2_47377766_7	DN_NC_073229.2_48967498_8	0.0739	0.0542	0.0739
LOC101143038	WASHC2C	TP	1	0.3528	DN_NC_073232.2_65721054_29	DN_NC_073232.2_69588940_31	0.1182	0.1169	0.1182
LOC101143142	LOC129530478	TP	0	0.7828	DN_NC_073246.2_2464898_3	DN_NC_086018.1_2012052_3	0.3498	0.3318	0.3498
LOC101143194	MYH1	truthbar	1	0.7902	DN_NC_073239.2_33219684_14	DN_NC_073243.2_25770609_26	0.0325	0.0605	0.0605
LOC101143194	MYH15	truthbar	1						
LOC101143194	MYH7B	truthbar	1	0.5527	DN_NC_073239.2_33219684_14	DN_NC_073245.2_47207807_14	0.0325	0.0719	0.0719
LOC101143194	MYH8	truthbar	1	0.9368	DN_NC_073239.2_33219684_14	DN_NC_073243.2_25668904_14	0.0325	0.0836	0.0836
LOC101143404	SHQ1	genuine	0	0.3237	DN_NC_073232.2_65161149_4	DN_NC_086017.1_82640717_11	0.2148	0.1274	0.2148
LOC101143406	LOC101144261	TP	1	0.6485	DN_NC_073232.2_68371563_10	DN_NC_073232.2_68618263_8	0.1961	0.2166	0.2166
LOC101143448	LOC101145464	genuine	0	0.1319	DN_NC_073240.2_21986088_4	DN_NC_073247.2_147586730_5	0.2448	0.4072	0.4072
LOC101143448	LOC109023154	genuine	0	0.1454	DN_NC_073239.2_123333523_2	DN_NC_073240.2_21986088_4	0.2548	0.2448	0.2548
LOC101143448	LOC109024560	genuine	0						
LOC101143448	LOC109025730	genuine	0	0.2417	DN_NC_073224.2_123525276_5	DN_NC_073240.2_21986088_4	0.4684	0.2448	0.4684
LOC101143448	LOC109028669	genuine	0						
LOC101143448	LOC129530096	genuine	0						
LOC101143448	LOC129530131	genuine	0						
LOC101143448	LOC129533438	genuine	0						
LOC101143448	LOC134756589	genuine	0						
LOC101143448	LRFN5	genuine	0						
LOC101143448	MINPP1	genuine	0						
LOC101143448	MMP24OS	genuine	0						
LOC101143448	NCALD	genuine	0						
LOC101143448	NCR3LG1	genuine	0						
LOC101143448	NFXL1	genuine	0						
LOC101143448	OXCT1	genuine	0						
LOC101143448	PDCD5	genuine	0	0.2570	DN_NC_073240.2_21986088_4	DN_NC_073244.2_43610901_6	0.2448	0.4805	0.4805
LOC101143448	SELENOP	genuine	0						
LOC101143448	SEM1	genuine	0						
LOC101143448	SMYD3	genuine	0						
LOC101143448	SPATA33	genuine	0						
LOC101143448	SPC25	genuine	0	0.3382	DN_NC_073235.2_71373985_7	DN_NC_073240.2_21986088_4	0.4132	0.2448	0.4132
LOC101143448	THNSL1	genuine	0						
LOC101143448	TMEM38B	genuine	0						
LOC101143448	TSPAN8	genuine	0						
LOC101143448	UCHL1	genuine	0						
LOC101143487	LOC129523491	TP	1	0.8911	DN_NC_073230.2_13358875_21	DN_NC_073230.2_14200490_21	0.1159	0.1512	0.1512
LOC101143714	SLFN11	truthbar	1	0.2308	DN_NC_073228.2_57567147_5	DN_NC_073228.2_57642308_6	0.1842	0.1807	0.1842
LOC101143714	SLFN12	truthbar	1	0.2608	DN_NC_073228.2_57477870_3	DN_NC_073228.2_57583458_4	0.2085	0.1106	0.2085
LOC101143777	LOC101148457	genuine	0						
LOC101143777	LOC109025592	genuine	0						
LOC101143777	LOC115933090	genuine	0						
LOC101143777	LOC129524676	genuine	0						
LOC101143777	LOC129525008	genuine	0						
LOC101143777	LOC129526479	genuine	0						
LOC101143777	LOC134756761	genuine	0						
LOC101143777	MKRN1	genuine	0						
LOC101143777	TIMM23B	genuine	0						
LOC101143777	TOR3A	genuine	0						
LOC101143777	TRAF5	genuine	0						
LOC101143820	LOC101144552	genuine	0						
LOC101143820	RHBDF1	genuine	0						
LOC101143820	RHBDF2	genuine	0						
LOC101143820	SNRNP25	TP	1	0.5829	DN_NC_073235.2_144823500_4	DN_NC_073242.2_3673676_5	0.0211	0.0183	0.0211
LOC101143844	LOC101153360	truthbar	1	0.4854	DN_NC_073229.2_48177425_8	DN_NC_073229.2_49051174_8	0.2762	0.0267	0.2762
LOC101143844	LOC109027174	genuine	0	0.4946	DN_NC_073229.2_47663527_8	DN_NC_073229.2_49051174_8	0.0423	0.0267	0.0423
LOC101143844	MHC-G	truthbar	1	0.8084	DN_NC_073229.2_47377766_7	DN_NC_073229.2_49051174_8	0.0739	0.0267	0.0739
LOC101143855	LOC115935294	TP	1	1.0000	DN_NC_073230.2_13331389_15	DN_NC_073230.2_14245227_15	0.1022	0.1000	0.1022
LOC101143875	LOC115933307	TP	1	0.2502	DN_NC_073237.2_23692487_10	DN_NC_073237.2_30061699_3	0.1657	0.3399	0.3399
LOC101144119	LOC101144471	genuine	0						
LOC101144119	LOC101144838	genuine	0						
LOC101144119	LOC101145945	genuine	0						
LOC101144119	LOC101146634	genuine	0	0.2260	DN_NC_073230.2_64900495_2	DN_NC_073244.2_28711447_2	0.2503	0.4461	0.4461
LOC101144119	LOC101147715	genuine	0						
LOC101144119	LOC101150965	genuine	0						
LOC101144119	LOC101151892	genuine	0						
LOC101144119	LOC101152401	genuine	0						
LOC101144119	LOC101153126	genuine	0						
LOC101144119	LOC101153131	genuine	0						
LOC101144119	LOC109024216	genuine	0						
LOC101144119	LOC109026610	genuine	0	0.1859	DN_NC_073227.2_8705656_4	DN_NC_073230.2_64900495_2	0.3416	0.2503	0.3416
LOC101144119	LOC115930172	genuine	0						
LOC101144119	LOC115931567	genuine	0						
LOC101144119	LOC115931568	genuine	0	0.2420	DN_NC_073230.2_64900495_2	DN_NC_073244.2_28072858_4	0.2503	0.3930	0.3930
LOC101144119	LOC115931576	genuine	0						
LOC101144119	LOC115931654	genuine	0						
LOC101144119	LOC115931857	genuine	0						
LOC101144119	LOC129527827	genuine	0	0.1304	DN_NC_073230.2_64900495_2	DN_NC_073242.2_66613619_4	0.2503	0.4438	0.4438
LOC101144119	LOC129528947	genuine	0						
LOC101144119	OSBPL10	genuine	0						
LOC101144119	ZNF141	genuine	0						
LOC101144119	ZNF195	genuine	0						
LOC101144119	ZNF254	genuine	0	0.1959	DN_NC_073230.2_64900495_2	DN_NC_073244.2_30438386_2	0.2503	0.3964	0.3964
LOC101144119	ZNF267	genuine	0						
LOC101144119	ZNF273	genuine	0	0.1936	DN_NC_073230.2_64900495_2	DN_NC_073230.2_74299233_4	0.2503	0.3847	0.3847
LOC101144119	ZNF28	genuine	0						
LOC101144119	ZNF347	genuine	0						
LOC101144119	ZNF415	genuine	0						
LOC101144119	ZNF429	genuine	0	0.3005	DN_NC_073230.2_64900495_2	DN_NC_073244.2_27956158_2	0.2503	0.5265	0.5265
LOC101144119	ZNF43	genuine	0						
LOC101144119	ZNF430	genuine	0	0.1435	DN_NC_073230.2_64900495_2	DN_NC_073244.2_27504818_5	0.2503	0.4270	0.4270
LOC101144119	ZNF468	genuine	0						
LOC101144119	ZNF480	genuine	0						
LOC101144119	ZNF486	genuine	0	0.1460	DN_NC_073230.2_64900495_2	DN_NC_073244.2_26666712_5	0.2503	0.4566	0.4566
LOC101144119	ZNF506	genuine	0	0.2671	DN_NC_073230.2_64900495_2	DN_NC_073244.2_26240039_2	0.2503	0.4246	0.4246
LOC101144119	ZNF519	genuine	0						
LOC101144119	ZNF528	genuine	0						
LOC101144119	ZNF578	genuine	0						
LOC101144119	ZNF595	genuine	0	0.2462	DN_NC_073227.2_8633418_2	DN_NC_073230.2_64900495_2	0.5689	0.2503	0.5689
LOC101144119	ZNF600	genuine	0						
LOC101144119	ZNF611	genuine	0						
LOC101144119	ZNF616	genuine	0						
LOC101144119	ZNF626	genuine	0	0.2045	DN_NC_073230.2_64900495_2	DN_NC_073244.2_27131194_2	0.2503	0.4557	0.4557
LOC101144119	ZNF655	genuine	0						
LOC101144119	ZNF675	genuine	0	0.1458	DN_NC_073230.2_64900495_2	DN_NC_073244.2_29970261_4	0.2503	0.3774	0.3774
LOC101144119	ZNF678	genuine	0	0.1927	DN_NC_073224.2_40627195_4	DN_NC_073230.2_64900495_2	0.3220	0.2503	0.3220
LOC101144119	ZNF680	genuine	0	0.2227	DN_NC_073230.2_64900495_2	DN_NC_073230.2_73977205_4	0.2503	0.3066	0.3066
LOC101144119	ZNF681	genuine	0						
LOC101144119	ZNF682	genuine	0	0.2247	DN_NC_073230.2_64900495_2	DN_NC_073244.2_26470366_4	0.2503	0.3255	0.3255
LOC101144119	ZNF695	genuine	0						
LOC101144119	ZNF701	genuine	0						
LOC101144119	ZNF721	genuine	0						
LOC101144119	ZNF723	genuine	0	0.3908	DN_NC_073230.2_64900495_2	DN_NC_073244.2_29232445_4	0.2503	0.5099	0.5099
LOC101144119	ZNF727	genuine	0						
LOC101144119	ZNF736	genuine	0						
LOC101144119	ZNF761	genuine	0						
LOC101144119	ZNF766	genuine	0						
LOC101144119	ZNF8	genuine	0						
LOC101144119	ZNF808	genuine	0						
LOC101144119	ZNF813	genuine	0						
LOC101144119	ZNF83	genuine	0						
LOC101144119	ZNF836	genuine	0						
LOC101144119	ZNF841	genuine	0						
LOC101144119	ZNF888	genuine	0						
LOC101144119	ZNF91	genuine	0	0.1424	DN_NC_073230.2_64900495_2	DN_NC_073244.2_29680825_2	0.2503	0.5202	0.5202
LOC101144119	ZNF92	genuine	0						
LOC101144243	VPS13B	genuine	0	0.6453	DN_NC_073231.2_105681903_7	DN_NC_073231.2_105703620_4	0.1593	0.1739	0.1739
LOC101144471	LOC101144838	truthbar	1						
LOC101144471	LOC101145945	truthbar	1						
LOC101144471	LOC101146634	truthbar	1	0.1670	DN_NC_073244.2_28711447_4	DN_NC_073244.2_64340366_4	0.4050	0.3371	0.4050
LOC101144471	LOC101147715	truthbar	1	0.1396	DN_NC_073244.2_28820229_4	DN_NC_073244.2_64340366_4	0.5027	0.3371	0.5027
LOC101144471	LOC101150965	genuine	0	0.4077	DN_NC_073244.2_64306022_6	DN_NC_073244.2_64400145_5	0.2974	0.3365	0.3365
LOC101144471	LOC101151892	genuine	0						
LOC101144471	LOC101152401	truthbar	1	0.2025	DN_NC_073244.2_64340366_4	DN_NC_073244.2_64836827_4	0.3371	0.4177	0.4177
LOC101144471	LOC101153126	truthbar	1						
LOC101144471	LOC101153131	truthbar	1	0.3202	DN_NC_073244.2_64340366_4	DN_NC_073244.2_64908457_4	0.3371	0.2438	0.3371
LOC101144471	LOC109024216	truthbar	1	0.1541	DN_NC_073244.2_64340366_4	DN_NC_073244.2_65293743_4	0.3371	0.2768	0.3371
LOC101144471	LOC109026610	truthbar	1	0.1828	DN_NC_073227.2_8705656_4	DN_NC_073244.2_64340366_4	0.3416	0.3371	0.3416
LOC101144471	LOC115930172	genuine	0						
LOC101144471	LOC115931567	genuine	0	0.2442	DN_NC_073244.2_27626411_5	DN_NC_073244.2_64340366_4	0.4704	0.3371	0.4704
LOC101144471	LOC115931568	truthbar	1	0.1359	DN_NC_073244.2_28072858_4	DN_NC_073244.2_64340366_4	0.3930	0.3371	0.3930
LOC101144471	LOC115931576	truthbar	1	0.3403	DN_NC_073244.2_29046961_4	DN_NC_073244.2_64340366_4	0.4500	0.3371	0.4500
LOC101144471	LOC115931654	truthbar	1	0.3180	DN_NC_073244.2_64340366_4	DN_NC_073244.2_65266359_4	0.3371	0.3995	0.3995
LOC101144471	LOC115931857	truthbar	1	0.2263	DN_NC_073244.2_64340366_4	DN_NC_073246.2_15789285_3	0.3371	0.2698	0.3371
LOC101144471	LOC129527827	genuine	0	0.1612	DN_NC_073242.2_66613619_4	DN_NC_073244.2_64340366_4	0.4438	0.3371	0.4438
LOC101144471	LOC129528947	genuine	0	0.2738	DN_NC_073244.2_27408454_4	DN_NC_073244.2_64340366_4	0.5416	0.3371	0.5416
LOC101144471	OSBPL10	genuine	0	0.2317	DN_NC_073244.2_64306022_6	DN_NC_086017.1_41849470_3	0.2974	0.2556	0.2974
LOC101144471	ZNF141	truthbar	1	0.2235	DN_NC_073227.2_8907801_4	DN_NC_073244.2_64340366_4	0.2847	0.3371	0.3371
LOC101144471	ZNF195	truthbar	1	0.2459	DN_NC_073233.2_9788172_5	DN_NC_073244.2_64340366_4	0.2339	0.3371	0.3371
LOC101144471	ZNF254	truthbar	1	0.2402	DN_NC_073244.2_30438340_4	DN_NC_073244.2_64340366_4	0.3798	0.3371	0.3798
LOC101144471	ZNF267	truthbar	1	0.1842	DN_NC_073242.2_37386128_4	DN_NC_073244.2_64340366_4	0.2710	0.3371	0.3371
LOC101144471	ZNF273	truthbar	1	0.1508	DN_NC_073230.2_74299233_4	DN_NC_073244.2_64340366_4	0.3847	0.3371	0.3847
LOC101144471	ZNF28	truthbar	1	0.2101	DN_NC_073244.2_64340366_4	DN_NC_073244.2_64759228_5	0.3371	0.3434	0.3434
LOC101144471	ZNF347	truthbar	1	0.2489	DN_NC_073244.2_64306022_6	DN_NC_073244.2_65073171_5	0.2974	0.3826	0.3826
LOC101144471	ZNF415	truthbar	1	0.3265	DN_NC_073244.2_64306022_6	DN_NC_073244.2_65046428_2	0.2974	0.1755	0.2974
LOC101144471	ZNF429	truthbar	1	0.2872	DN_NC_073244.2_27956158_2	DN_NC_073244.2_64340366_4	0.5265	0.3371	0.5265
LOC101144471	ZNF43	truthbar	1	0.2038	DN_NC_073244.2_28333451_4	DN_NC_073244.2_64340366_4	0.4625	0.3371	0.4625
LOC101144471	ZNF430	truthbar	1						
LOC101144471	ZNF468	truthbar	1	0.2413	DN_NC_073244.2_64340366_4	DN_NC_073244.2_64797239_5	0.3371	0.3221	0.3371
LOC101144471	ZNF480	truthbar	1	0.2359	DN_NC_073244.2_64265252_5	DN_NC_073244.2_64340366_4	0.5307	0.3371	0.5307
LOC101144471	ZNF486	truthbar	1						
LOC101144471	ZNF506	truthbar	1						
LOC101144471	ZNF519	truthbar	1	0.3032	DN_NC_073241.2_36126198_2	DN_NC_073244.2_64340366_4	0.2075	0.3371	0.3371
LOC101144471	ZNF528	truthbar	1	0.2275	DN_NC_073244.2_64306022_6	DN_NC_073244.2_64368633_7	0.2974	0.2537	0.2974
LOC101144471	ZNF578	truthbar	1	0.2524	DN_NC_073244.2_64340366_4	DN_NC_073244.2_64426370_6	0.3371	0.4463	0.4463
LOC101144471	ZNF595	truthbar	1	0.2220	DN_NC_073227.2_8633416_4	DN_NC_073244.2_64340366_4	0.5220	0.3371	0.5220
LOC101144471	ZNF600	truthbar	1	0.2484	DN_NC_073244.2_64340366_4	DN_NC_073244.2_64724127_4	0.3371	0.3339	0.3371
LOC101144471	ZNF611	truthbar	1	0.2395	DN_NC_073244.2_64340366_4	DN_NC_073244.2_64672255_4	0.3371	0.3521	0.3521
LOC101144471	ZNF616	truthbar	1	0.2271	DN_NC_073244.2_64081943_4	DN_NC_073244.2_64306022_6	0.2620	0.2974	0.2974
LOC101144471	ZNF626	truthbar	1						
LOC101144471	ZNF655	truthbar	1						
LOC101144471	ZNF675	truthbar	1	0.2820	DN_NC_073244.2_29970261_4	DN_NC_073244.2_64340366_4	0.3774	0.3371	0.3774
LOC101144471	ZNF678	truthbar	1	0.1813	DN_NC_073224.2_40627195_4	DN_NC_073244.2_64306022_6	0.3220	0.2974	0.3220
LOC101144471	ZNF680	truthbar	1						
LOC101144471	ZNF681	truthbar	1	0.1678	DN_NC_073244.2_30067652_4	DN_NC_073244.2_64340366_4	0.4267	0.3371	0.4267
LOC101144471	ZNF682	truthbar	1						
LOC101144471	ZNF695	truthbar	1						
LOC101144471	ZNF701	truthbar	1	0.1678	DN_NC_073244.2_64340366_4	DN_NC_073244.2_64543447_4	0.3371	0.2106	0.3371
LOC101144471	ZNF721	truthbar	1						
LOC101144471	ZNF723	truthbar	1						
LOC101144471	ZNF727	truthbar	1						
LOC101144471	ZNF736	truthbar	1						
LOC101144471	ZNF761	truthbar	1	0.2002	DN_NC_073244.2_64340366_4	DN_NC_073244.2_65362909_5	0.3371	0.3364	0.3371
LOC101144471	ZNF766	truthbar	1	0.3769	DN_NC_073244.2_64231369_4	DN_NC_073244.2_64340366_4	0.2784	0.3371	0.3371
LOC101144471	ZNF8	truthbar	1						
LOC101144471	ZNF808	truthbar	1	0.2737	DN_NC_073244.2_64340366_4	DN_NC_073244.2_64500861_5	0.3371	0.4373	0.4373
LOC101144471	ZNF813	truthbar	1	0.1769	DN_NC_073244.2_64340366_4	DN_NC_073244.2_65398487_4	0.3371	0.3208	0.3371
LOC101144471	ZNF83	truthbar	1	0.3098	DN_NC_073244.2_64340366_4	DN_NC_073244.2_64585864_4	0.3371	0.3038	0.3371
LOC101144471	ZNF836	truthbar	1	0.1792	DN_NC_073244.2_64125568_5	DN_NC_073244.2_64340366_4	0.4107	0.3371	0.4107
LOC101144471	ZNF841	truthbar	1	0.4235	DN_NC_073244.2_64034715_7	DN_NC_073244.2_64340366_4	0.3325	0.3371	0.3371
LOC101144471	ZNF888	truthbar	1	0.2489	DN_NC_073244.2_64306022_6	DN_NC_073244.2_64860608_4	0.2974	0.4244	0.4244
LOC101144471	ZNF91	truthbar	1	0.2310	DN_NC_073244.2_29680825_2	DN_NC_073244.2_64306022_6	0.5202	0.2974	0.5202
LOC101144471	ZNF92	truthbar	1						
LOC101144552	RHBDF1	TP	1	0.9661	DN_NC_073235.2_144819821_8	DN_NC_073242.2_3677891_18	0.0272	0.0227	0.0272
LOC101144552	RHBDF2	truthbar	1	0.5458	DN_NC_073228.2_15481792_19	DN_NC_073235.2_144819821_8	0.0361	0.0272	0.0361
LOC101144552	SNRNP25	genuine	0	0.4648	DN_NC_073235.2_144819821_8	DN_NC_073242.2_3673676_5	0.0272	0.0183	0.0272
LOC101144634	LOC115930073	TP	1	1.0000	DN_NC_073224.2_5565564_3	DN_NC_073224.2_5715398_2	0.4049	0.2449	0.4049
LOC101144655	ZMYM5	genuine	0	0.2243	DN_NC_073238.2_34124992_8	DN_NC_073238.2_34259091_25	0.2538	0.0795	0.2538
LOC101144838	LOC101145945	truthbar	1	0.2299	DN_NC_073244.2_28256975_5	DN_NC_073244.2_28588105_4	0.3847	0.3633	0.3847
LOC101144838	LOC101146634	truthbar	1	0.3717	DN_NC_073244.2_28256975_5	DN_NC_073244.2_28711447_4	0.3847	0.4050	0.4050
LOC101144838	LOC101147715	genuine	0	0.1897	DN_NC_073244.2_28256975_5	DN_NC_073244.2_28820229_4	0.3847	0.5027	0.5027
LOC101144838	LOC101150965	genuine	0						
LOC101144838	LOC101151892	genuine	0						
LOC101144838	LOC101152401	truthbar	1						
LOC101144838	LOC101153126	truthbar	1	0.1345	DN_NC_073244.2_28256975_5	DN_NC_073244.2_29297022_4	0.3847	0.4345	0.4345
LOC101144838	LOC101153131	truthbar	1						
LOC101144838	LOC109024216	truthbar	1						
LOC101144838	LOC109026610	truthbar	1	0.2857	DN_NC_073227.2_8705656_4	DN_NC_073244.2_28256975_5	0.3416	0.3847	0.3847
LOC101144838	LOC115930172	genuine	0	0.3973	DN_NC_073244.2_27051998_4	DN_NC_073244.2_28256975_5	0.4137	0.3847	0.4137
LOC101144838	LOC115931567	genuine	0	0.4460	DN_NC_073244.2_27626411_5	DN_NC_073244.2_28256975_5	0.4704	0.3847	0.4704
LOC101144838	LOC115931568	truthbar	1	0.4675	DN_NC_073244.2_28072858_4	DN_NC_073244.2_28256975_5	0.3930	0.3847	0.3930
LOC101144838	LOC115931576	truthbar	1	0.3661	DN_NC_073244.2_28256975_5	DN_NC_073244.2_29046961_4	0.3847	0.4500	0.4500
LOC101144838	LOC115931654	truthbar	1						
LOC101144838	LOC115931857	truthbar	1	0.1650	DN_NC_073244.2_28256975_5	DN_NC_073246.2_15789320_2	0.3847	0.2672	0.3847
LOC101144838	LOC129527827	genuine	0	0.2277	DN_NC_073242.2_66613619_4	DN_NC_073244.2_28256975_5	0.4438	0.3847	0.4438
LOC101144838	LOC129528947	genuine	0	0.3354	DN_NC_073244.2_27408454_4	DN_NC_073244.2_28256975_5	0.5416	0.3847	0.5416
LOC101144838	OSBPL10	genuine	0						
LOC101144838	ZNF141	truthbar	1	0.2124	DN_NC_073227.2_8907801_4	DN_NC_073244.2_28256975_5	0.2847	0.3847	0.3847
LOC101144838	ZNF195	truthbar	1						
LOC101144838	ZNF254	truthbar	1	0.2843	DN_NC_073244.2_28256975_5	DN_NC_073244.2_30438386_2	0.3847	0.3964	0.3964
LOC101144838	ZNF267	truthbar	1						
LOC101144838	ZNF273	truthbar	1	0.3760	DN_NC_073230.2_74299233_4	DN_NC_073244.2_28256975_5	0.3847	0.3847	0.3847
LOC101144838	ZNF28	genuine	0	0.1813	DN_NC_073244.2_28256975_5	DN_NC_073244.2_64759228_5	0.3847	0.3434	0.3847
LOC101144838	ZNF347	truthbar	1						
LOC101144838	ZNF415	truthbar	1						
LOC101144838	ZNF429	truthbar	1	0.5831	DN_NC_073244.2_27956158_2	DN_NC_073244.2_28256975_5	0.5265	0.3847	0.5265
LOC101144838	ZNF43	truthbar	1	0.3156	DN_NC_073244.2_28256975_5	DN_NC_073244.2_28333451_4	0.3847	0.4625	0.4625
LOC101144838	ZNF430	TP	1	0.3717	DN_NC_073244.2_27504818_5	DN_NC_073244.2_28256975_5	0.4270	0.3847	0.4270
LOC101144838	ZNF468	truthbar	1	0.1391	DN_NC_073244.2_28256975_5	DN_NC_073244.2_64797239_5	0.3847	0.3221	0.3847
LOC101144838	ZNF480	truthbar	1						
LOC101144838	ZNF486	truthbar	1	0.1728	DN_NC_073244.2_26666712_5	DN_NC_073244.2_28256975_5	0.4566	0.3847	0.4566
LOC101144838	ZNF506	truthbar	1	0.2497	DN_NC_073244.2_26240039_2	DN_NC_073244.2_28256975_5	0.4246	0.3847	0.4246
LOC101144838	ZNF519	truthbar	1	0.2450	DN_NC_073241.2_36126198_2	DN_NC_073244.2_28256975_5	0.2075	0.3847	0.3847
LOC101144838	ZNF528	truthbar	1						
LOC101144838	ZNF578	truthbar	1						
LOC101144838	ZNF595	truthbar	1	0.3534	DN_NC_073227.2_8633418_2	DN_NC_073244.2_28256975_5	0.5689	0.3847	0.5689
LOC101144838	ZNF600	truthbar	1						
LOC101144838	ZNF611	truthbar	1						
LOC101144838	ZNF616	truthbar	1						
LOC101144838	ZNF626	truthbar	1	0.3987	DN_NC_073244.2_27131194_2	DN_NC_073244.2_28256975_5	0.4557	0.3847	0.4557
LOC101144838	ZNF655	truthbar	1						
LOC101144838	ZNF675	truthbar	1	0.5241	DN_NC_073244.2_28256975_5	DN_NC_073244.2_29970261_4	0.3847	0.3774	0.3847
LOC101144838	ZNF678	truthbar	1	0.2508	DN_NC_073224.2_40627195_4	DN_NC_073244.2_28256975_5	0.3220	0.3847	0.3847
LOC101144838	ZNF680	truthbar	1	0.4375	DN_NC_073230.2_73977205_4	DN_NC_073244.2_28256975_5	0.3066	0.3847	0.3847
LOC101144838	ZNF681	truthbar	1	0.1888	DN_NC_073244.2_28256975_5	DN_NC_073244.2_30067652_4	0.3847	0.4267	0.4267
LOC101144838	ZNF682	truthbar	1	0.4513	DN_NC_073244.2_26470366_4	DN_NC_073244.2_28256975_5	0.3255	0.3847	0.3847
LOC101144838	ZNF695	truthbar	1	0.3629	DN_NC_073224.2_8422960_4	DN_NC_073244.2_28256975_5	0.3045	0.3847	0.3847
LOC101144838	ZNF701	truthbar	1						
LOC101144838	ZNF721	truthbar	1	0.2277	DN_NC_073227.2_9010062_2	DN_NC_073244.2_28256975_5	0.3953	0.3847	0.3953
LOC101144838	ZNF723	truthbar	1	0.4508	DN_NC_073244.2_28256975_5	DN_NC_073244.2_29232445_4	0.3847	0.5099	0.5099
LOC101144838	ZNF727	truthbar	1	0.1982	DN_NC_073230.2_73508332_4	DN_NC_073244.2_28256975_5	0.3146	0.3847	0.3847
LOC101144838	ZNF736	truthbar	1						
LOC101144838	ZNF761	truthbar	1						
LOC101144838	ZNF766	truthbar	1						
LOC101144838	ZNF8	truthbar	1						
LOC101144838	ZNF808	truthbar	1						
LOC101144838	ZNF813	truthbar	1	0.2094	DN_NC_073244.2_28256975_5	DN_NC_073244.2_65398487_4	0.3847	0.3208	0.3847
LOC101144838	ZNF83	truthbar	1	0.2401	DN_NC_073244.2_28256975_5	DN_NC_073244.2_64585864_4	0.3847	0.3038	0.3847
LOC101144838	ZNF836	truthbar	1						
LOC101144838	ZNF841	truthbar	1						
LOC101144838	ZNF888	truthbar	1						
LOC101144838	ZNF91	genuine	0	0.2301	DN_NC_073244.2_28256975_5	DN_NC_073244.2_29680825_2	0.3847	0.5202	0.5202
LOC101144838	ZNF92	truthbar	1	0.3734	DN_NC_073230.2_74637814_2	DN_NC_073244.2_28256975_5	0.3657	0.3847	0.3847
LOC101144919	LOC115930536	TP	1	0.7250	DN_NC_073239.2_32630520_8	DN_NC_073239.2_32663808_8	0.0346	0.2415	0.2415
LOC101144919	RPAP2	genuine	0						
LOC101144919	ZNF208	genuine	0						
LOC101144987	LOC101146541	TP	1	0.9344	DN_NC_073247.2_62249491_13	DN_NC_073247.2_62361057_13	0.0237	0.0316	0.0316
LOC101145348	LOC101151317	genuine	0	0.1799	DN_NC_073237.2_30220066_5	DN_NC_073244.2_48030811_4	0.1814	0.4233	0.4233
LOC101145348	LOC101153727	genuine	0	0.2336	DN_NC_073237.2_30220066_5	DN_NC_073244.2_48384768_7	0.1814	0.2840	0.2840
LOC101145348	LOC109024207	genuine	0	0.1540	DN_NC_073237.2_30220066_5	DN_NC_073244.2_49176797_4	0.1814	0.2779	0.2779
LOC101145348	LOC109027078	genuine	0	0.1510	DN_NC_073228.2_182909765_5	DN_NC_073237.2_30220066_5	0.3000	0.1814	0.3000
LOC101145348	LOC115931610	genuine	0						
LOC101145348	ZFP28	truthbar	1						
LOC101145348	ZFP3	genuine	0						
LOC101145348	ZFP69	genuine	0	0.1591	DN_NC_073224.2_199458269_6	DN_NC_073237.2_30220066_5	0.1084	0.1814	0.1814
LOC101145348	ZFP82	genuine	0						
LOC101145348	ZNF177	genuine	0						
LOC101145348	ZNF184	genuine	0	0.2930	DN_NC_073229.2_45067329_6	DN_NC_073237.2_30220066_5	0.1831	0.1814	0.1831
LOC101145348	ZNF189	genuine	0						
LOC101145348	ZNF266	genuine	0						
LOC101145348	ZNF283	truthbar	1	0.1771	DN_NC_073237.2_30220066_5	DN_NC_073244.2_55341363_7	0.1814	0.3000	0.3000
LOC101145348	ZNF30	genuine	0	0.2785	DN_NC_073237.2_30220066_5	DN_NC_073244.2_45985550_6	0.1814	0.1432	0.1814
LOC101145348	ZNF329	genuine	0						
LOC101145348	ZNF331	genuine	0						
LOC101145348	ZNF420	genuine	0	0.3000	DN_NC_073237.2_30220066_5	DN_NC_073244.2_48242798_5	0.1814	0.2498	0.2498
LOC101145348	ZNF461	genuine	0	0.1999	DN_NC_073237.2_30220066_5	DN_NC_073244.2_47831779_6	0.1814	0.2212	0.2212
LOC101145348	ZNF471	genuine	0						
LOC101145348	ZNF529	genuine	0						
LOC101145348	ZNF540	genuine	0	0.1333	DN_NC_073237.2_30220066_5	DN_NC_073244.2_49101177_5	0.1814	0.1716	0.1814
LOC101145348	ZNF546	truthbar	1	0.1506	DN_NC_073237.2_30220066_5	DN_NC_073244.2_51749194_6	0.1814	0.3443	0.3443
LOC101145348	ZNF560	truthbar	1	0.1341	DN_NC_073237.2_30220066_5	DN_NC_073244.2_15508499_10	0.1814	0.1478	0.1814
LOC101145348	ZNF565	genuine	0	0.1465	DN_NC_073237.2_30220066_5	DN_NC_073244.2_47250467_5	0.1814	0.2541	0.2541
LOC101145348	ZNF566	genuine	0						
LOC101145348	ZNF571	genuine	0						
LOC101145348	ZNF573	genuine	0	0.1777	DN_NC_073237.2_30220066_5	DN_NC_073244.2_49246931_6	0.1814	0.3121	0.3121
LOC101145348	ZNF582	genuine	0						
LOC101145348	ZNF583	genuine	0						
LOC101145348	ZNF596	genuine	0						
LOC101145348	ZNF607	truthbar	1						
LOC101145348	ZNF665	genuine	0						
LOC101145348	ZNF684	genuine	0						
LOC101145348	ZNF780A	genuine	0	0.1394	DN_NC_073237.2_30220066_5	DN_NC_073244.2_51825388_5	0.1814	0.1618	0.1814
LOC101145348	ZNF780B	truthbar	1						
LOC101145348	ZNF790	genuine	0	0.1647	DN_NC_073237.2_30220066_5	DN_NC_073244.2_47997304_5	0.1814	0.2772	0.2772
LOC101145348	ZNF829	genuine	0						
LOC101145348	ZNF891	genuine	0						
LOC101145461	LOC129523474	TP	1	1.0000	DN_NC_073247.2_114041704_23	DN_NC_073247.2_114140052_23	0.0658	0.0645	0.0658
LOC101145461	NXF3	truthbar	1	0.3646	DN_NC_073247.2_114140052_23	DN_NC_073247.2_114854872_20	0.0645	0.1618	0.1618
LOC101145464	LOC109023154	genuine	0	0.1467	DN_NC_073239.2_123333523_2	DN_NC_073247.2_147586730_5	0.2548	0.4072	0.4072
LOC101145464	LOC109024560	genuine	0						
LOC101145464	LOC109025730	genuine	0	0.3539	DN_NC_073224.2_123525276_5	DN_NC_073247.2_147586730_5	0.4684	0.4072	0.4684
LOC101145464	LOC109028669	genuine	0						
LOC101145464	LOC129530096	genuine	0	0.1906	DN_NC_073247.2_114234875_11	DN_NC_073247.2_147586730_5	0.2808	0.4072	0.4072
LOC101145464	LOC129530131	genuine	0	0.1938	DN_NC_073247.2_115708949_2	DN_NC_073247.2_147586730_5	0.2180	0.4072	0.4072
LOC101145464	LOC129533438	genuine	0						
LOC101145464	LOC134756589	genuine	0	0.1954	DN_NC_073234.2_126370406_2	DN_NC_073247.2_147586730_5	0.4160	0.4072	0.4160
LOC101145464	LRFN5	genuine	0	0.1344	DN_NC_073239.2_14838701_6	DN_NC_073247.2_147586730_5	0.1970	0.4072	0.4072
LOC101145464	MINPP1	genuine	0						
LOC101145464	MMP24OS	genuine	0						
LOC101145464	NCALD	genuine	0	0.1889	DN_NC_073231.2_107519754_4	DN_NC_073247.2_147586730_5	0.1799	0.4072	0.4072
LOC101145464	NCR3LG1	genuine	0	0.2186	DN_NC_073233.2_23732821_4	DN_NC_073247.2_147586730_5	0.1950	0.4072	0.4072
LOC101145464	NFXL1	genuine	0						
LOC101145464	OXCT1	genuine	0	0.1417	DN_NC_073243.2_70014918_17	DN_NC_073247.2_147586730_5	0.1710	0.4072	0.4072
LOC101145464	PDCD5	genuine	0	0.3739	DN_NC_073244.2_43610901_6	DN_NC_073247.2_147586730_5	0.4805	0.4072	0.4805
LOC101145464	SELENOP	genuine	0	0.1348	DN_NC_073243.2_69046517_5	DN_NC_073247.2_147586730_5	0.2890	0.4072	0.4072
LOC101145464	SEM1	genuine	0	0.1831	DN_NC_073230.2_92132360_3	DN_NC_073247.2_147586730_5	0.3708	0.4072	0.4072
LOC101145464	SMYD3	genuine	0						
LOC101145464	SPATA33	genuine	0	0.1832	DN_NC_073242.2_120248671_3	DN_NC_073247.2_147586730_5	0.2722	0.4072	0.4072
LOC101145464	SPC25	genuine	0	0.2449	DN_NC_073235.2_71373985_7	DN_NC_073247.2_147586730_5	0.4132	0.4072	0.4132
LOC101145464	THNSL1	genuine	0	0.1771	DN_NC_073232.2_34013134_3	DN_NC_073247.2_147586730_5	0.3464	0.4072	0.4072
LOC101145464	TMEM38B	genuine	0	0.1926	DN_NC_073237.2_101948554_6	DN_NC_073247.2_147586730_5	0.3249	0.4072	0.4072
LOC101145464	TSPAN8	genuine	0						
LOC101145464	UCHL1	genuine	0	0.1889	DN_NC_073227.2_49278079_9	DN_NC_073247.2_147586730_5	0.3524	0.4072	0.4072
LOC101145660	LOC101152741	genuine	0						
LOC101145660	LOC109027124	genuine	0	0.1985	DN_NC_073229.2_194862622_5	DN_NC_073240.2_23674889_10	0.5920	0.4211	0.5920
LOC101145660	LOC129527173	genuine	0	0.4324	DN_NC_073240.2_23674889_10	DN_NC_073240.2_29752710_11	0.4211	0.3538	0.4211
LOC101145660	LOC129528096	genuine	0						
LOC101145660	MPHOSPH8	genuine	0	0.2110	DN_NC_073238.2_33904146_3	DN_NC_073240.2_23674889_10	0.5102	0.4211	0.5102
LOC101145660	SVBP	genuine	0						
LOC101145690	LOC101153504	truthbar	1	0.1907	DN_NC_073244.2_69601170_4	DN_NC_073244.2_69923243_2	0.2748	0.3532	0.3532
LOC101145690	LOC109024193	truthbar	1	0.2058	DN_NC_073244.2_69514207_2	DN_NC_073244.2_69923243_2	0.1569	0.3532	0.3532
LOC101145690	LOC115930105	truthbar	1	0.2620	DN_NC_073244.2_69572632_2	DN_NC_073244.2_69923243_2	0.2691	0.3532	0.3532
LOC101145690	ZIK1	truthbar	1						
LOC101145690	ZNF132	truthbar	1	0.2847	DN_NC_073244.2_69923243_2	DN_NC_073244.2_70525717_3	0.3532	0.0688	0.3532
LOC101145690	ZNF134	truthbar	1						
LOC101145690	ZNF154	truthbar	1	0.2806	DN_NC_073244.2_69799604_5	DN_NC_073244.2_69923243_2	0.1146	0.3532	0.3532
LOC101145690	ZNF256	truthbar	1	0.4798	DN_NC_073244.2_69923242_3	DN_NC_073244.2_70043245_2	0.3184	0.1315	0.3184
LOC101145690	ZNF304	truthbar	1	0.1318	DN_NC_073244.2_69454247_3	DN_NC_073244.2_69923242_3	0.1012	0.3184	0.3184
LOC101145690	ZNF416	truthbar	1	0.2774	DN_NC_073244.2_69672458_4	DN_NC_073244.2_69923243_2	0.0429	0.3532	0.3532
LOC101145690	ZNF418	truthbar	1	0.2110	DN_NC_073244.2_69923243_2	DN_NC_073244.2_70024584_5	0.3532	0.1190	0.3532
LOC101145690	ZNF547	truthbar	1						
LOC101145690	ZNF548	truthbar	1	0.1610	DN_NC_073244.2_69492904_4	DN_NC_073244.2_69923243_2	0.3216	0.3532	0.3532
LOC101145690	ZNF549	truthbar	1						
LOC101145690	ZNF551	truthbar	1	0.2077	DN_NC_073244.2_69783488_3	DN_NC_073244.2_69923243_2	0.2220	0.3532	0.3532
LOC101145690	ZNF552	TP	1	0.2481	DN_NC_073244.2_69910623_3	DN_NC_073244.2_69923242_3	0.2808	0.3184	0.3184
LOC101145690	ZNF584	genuine	0						
LOC101145690	ZNF586	truthbar	1	0.1407	DN_NC_073244.2_69873255_2	DN_NC_073244.2_69923243_2	0.1093	0.3532	0.3532
LOC101145690	ZNF671	truthbar	1	0.1555	DN_NC_073244.2_69821764_4	DN_NC_073244.2_69923243_2	0.0491	0.3532	0.3532
LOC101145690	ZNF776	truthbar	1	0.2814	DN_NC_073244.2_69848694_2	DN_NC_073244.2_69923242_3	0.1791	0.3184	0.3184
LOC101145690	ZNF792	truthbar	1						
LOC101145825	SERHL2	genuine	0	0.4361	DN_NC_086018.1_40516247_7	DN_NC_086018.1_40570429_6	0.1845	0.1924	0.1924
LOC101145839	PTEN	TP	0	0.1538	DN_NC_073232.2_100192352_9	DN_NC_073237.2_29305062_2	0.1781	0.2343	0.2343
LOC101145945	LOC101146634	truthbar	1	0.2681	DN_NC_073244.2_28588105_4	DN_NC_073244.2_28711447_4	0.3633	0.4050	0.4050
LOC101145945	LOC101147715	truthbar	1	0.1319	DN_NC_073244.2_28588105_4	DN_NC_073244.2_28820229_4	0.3633	0.5027	0.5027
LOC101145945	LOC101150965	genuine	0						
LOC101145945	LOC101151892	genuine	0						
LOC101145945	LOC101152401	truthbar	1						
LOC101145945	LOC101153126	truthbar	1	0.2314	DN_NC_073244.2_28588105_4	DN_NC_073244.2_29297022_4	0.3633	0.4345	0.4345
LOC101145945	LOC101153131	truthbar	1						
LOC101145945	LOC109024216	truthbar	1						
LOC101145945	LOC109026610	truthbar	1	0.1425	DN_NC_073227.2_8705656_4	DN_NC_073244.2_28588105_4	0.3416	0.3633	0.3633
LOC101145945	LOC115930172	genuine	0	0.2465	DN_NC_073244.2_27051998_4	DN_NC_073244.2_28588105_4	0.4137	0.3633	0.4137
LOC101145945	LOC115931567	genuine	0	0.3176	DN_NC_073244.2_27566430_5	DN_NC_073244.2_28588105_4	0.4258	0.3633	0.4258
LOC101145945	LOC115931568	truthbar	1	0.2914	DN_NC_073244.2_28072858_4	DN_NC_073244.2_28588105_4	0.3930	0.3633	0.3930
LOC101145945	LOC115931576	truthbar	1	0.2681	DN_NC_073244.2_28588105_4	DN_NC_073244.2_29046961_4	0.3633	0.4500	0.4500
LOC101145945	LOC115931654	truthbar	1						
LOC101145945	LOC115931857	truthbar	1						
LOC101145945	LOC129527827	genuine	0	0.1864	DN_NC_073242.2_66613619_4	DN_NC_073244.2_28588105_4	0.4438	0.3633	0.4438
LOC101145945	LOC129528947	genuine	0	0.1825	DN_NC_073244.2_27408454_4	DN_NC_073244.2_28588105_4	0.5416	0.3633	0.5416
LOC101145945	OSBPL10	genuine	0						
LOC101145945	ZNF141	truthbar	1	0.1337	DN_NC_073227.2_8907801_4	DN_NC_073244.2_28588105_4	0.2847	0.3633	0.3633
LOC101145945	ZNF195	truthbar	1	0.1339	DN_NC_073233.2_9788172_5	DN_NC_073244.2_28588105_4	0.2339	0.3633	0.3633
LOC101145945	ZNF254	truthbar	1	0.2391	DN_NC_073244.2_28588105_4	DN_NC_073244.2_30438340_4	0.3633	0.3798	0.3798
LOC101145945	ZNF267	truthbar	1						
LOC101145945	ZNF273	truthbar	1	0.2800	DN_NC_073230.2_74299233_4	DN_NC_073244.2_28588105_4	0.3847	0.3633	0.3847
LOC101145945	ZNF28	truthbar	1						
LOC101145945	ZNF347	truthbar	1						
LOC101145945	ZNF415	truthbar	1						
LOC101145945	ZNF429	truthbar	1	0.3675	DN_NC_073244.2_27956158_4	DN_NC_073244.2_28588105_4	0.5461	0.3633	0.5461
LOC101145945	ZNF43	truthbar	1						
LOC101145945	ZNF430	truthbar	1	0.2105	DN_NC_073244.2_27504818_5	DN_NC_073244.2_28588105_4	0.4270	0.3633	0.4270
LOC101145945	ZNF468	truthbar	1						
LOC101145945	ZNF480	truthbar	1						
LOC101145945	ZNF486	truthbar	1	0.2178	DN_NC_073244.2_26666712_5	DN_NC_073244.2_28588105_4	0.4566	0.3633	0.4566
LOC101145945	ZNF506	truthbar	1	0.2980	DN_NC_073244.2_26240035_4	DN_NC_073244.2_28588105_4	0.3919	0.3633	0.3919
LOC101145945	ZNF519	truthbar	1	0.1786	DN_NC_073241.2_36126198_2	DN_NC_073244.2_28588105_4	0.2075	0.3633	0.3633
LOC101145945	ZNF528	truthbar	1						
LOC101145945	ZNF578	truthbar	1						
LOC101145945	ZNF595	truthbar	1	0.1894	DN_NC_073227.2_8633416_4	DN_NC_073244.2_28588105_4	0.5220	0.3633	0.5220
LOC101145945	ZNF600	truthbar	1						
LOC101145945	ZNF611	truthbar	1						
LOC101145945	ZNF616	truthbar	1						
LOC101145945	ZNF626	truthbar	1						
LOC101145945	ZNF655	truthbar	1						
LOC101145945	ZNF675	truthbar	1	0.2561	DN_NC_073244.2_28588105_4	DN_NC_073244.2_29970261_4	0.3633	0.3774	0.3774
LOC101145945	ZNF678	truthbar	1						
LOC101145945	ZNF680	truthbar	1	0.2409	DN_NC_073230.2_73977205_4	DN_NC_073244.2_28588105_4	0.3066	0.3633	0.3633
LOC101145945	ZNF681	truthbar	1	0.1387	DN_NC_073244.2_28588105_4	DN_NC_073244.2_30067652_4	0.3633	0.4267	0.4267
LOC101145945	ZNF682	truthbar	1	0.2999	DN_NC_073244.2_26470366_4	DN_NC_073244.2_28588105_4	0.3255	0.3633	0.3633
LOC101145945	ZNF695	truthbar	1	0.1938	DN_NC_073224.2_8422960_4	DN_NC_073244.2_28588105_4	0.3045	0.3633	0.3633
LOC101145945	ZNF701	truthbar	1						
LOC101145945	ZNF721	truthbar	1						
LOC101145945	ZNF723	truthbar	1	0.4175	DN_NC_073244.2_28588105_4	DN_NC_073244.2_29232445_4	0.3633	0.5099	0.5099
LOC101145945	ZNF727	truthbar	1						
LOC101145945	ZNF736	truthbar	1	0.1301	DN_NC_073230.2_73776646_4	DN_NC_073244.2_28588105_4	0.3000	0.3633	0.3633
LOC101145945	ZNF761	truthbar	1						
LOC101145945	ZNF766	truthbar	1						
LOC101145945	ZNF8	truthbar	1						
LOC101145945	ZNF808	truthbar	1						
LOC101145945	ZNF813	truthbar	1						
LOC101145945	ZNF83	truthbar	1						
LOC101145945	ZNF836	truthbar	1						
LOC101145945	ZNF841	truthbar	1						
LOC101145945	ZNF888	truthbar	1						
LOC101145945	ZNF91	truthbar	1	0.1634	DN_NC_073244.2_28588105_4	DN_NC_073244.2_29680825_4	0.3633	0.4948	0.4948
LOC101145945	ZNF92	truthbar	1	0.1741	DN_NC_073230.2_74637814_2	DN_NC_073244.2_28588105_4	0.3657	0.3633	0.3657
LOC101145975	LOC129523464	TP	1	0.4560	DN_NC_073237.2_83935038_8	DN_NC_073237.2_84341528_8	0.0923	0.0320	0.0923
LOC101146324	LOC115936027	TP	1	0.3784	DN_NC_073232.2_13920774_9	DN_NC_073232.2_13945467_9	0.1460	0.1035	0.1460
LOC101146405	LOC115933167	genuine	0						
LOC101146405	LOC115935376	genuine	0	0.2923	DN_NC_073230.2_47098444_23	DN_NC_073230.2_86257459_21	0.1036	0.0182	0.1036
LOC101146405	LOC129523494	genuine	0						
LOC101146405	LOC129534750	genuine	0						
LOC101146405	LRWD1	genuine	0						
LOC101146454	LOC115930226	TP	1	0.6366	DN_NC_073224.2_95894630_7	DN_NC_073224.2_95939283_8	0.0394	0.0386	0.0394
LOC101146458	LOC115936279	genuine	0	0.4791	DN_NC_073233.2_54778450_7	DN_NC_073233.2_54817717_7	0.1083	0.1419	0.1419
LOC101146458	LOC129523488	TP	1	0.9721	DN_NC_073233.2_54817717_7	DN_NC_073233.2_97922937_7	0.1419	0.0481	0.1419
LOC101146595	LOC129527528	genuine	0						
LOC101146595	LOC129532907	genuine	0						
LOC101146595	LOC134756955	genuine	0						
LOC101146595	ORC4	genuine	0						
LOC101146595	TCTN1	genuine	0						
LOC101146634	LOC101147715	truthbar	1	0.1308	DN_NC_073244.2_28711447_2	DN_NC_073244.2_28820229_4	0.4461	0.5027	0.5027
LOC101146634	LOC101150965	genuine	0	0.1693	DN_NC_073244.2_28711447_4	DN_NC_073244.2_64400145_5	0.4050	0.3365	0.4050
LOC101146634	LOC101151892	genuine	0						
LOC101146634	LOC101152401	truthbar	1	0.1657	DN_NC_073244.2_28711447_4	DN_NC_073244.2_64836827_4	0.4050	0.4177	0.4177
LOC101146634	LOC101153126	truthbar	1	0.4641	DN_NC_073244.2_28711447_4	DN_NC_073244.2_29297022_4	0.4050	0.4345	0.4345
LOC101146634	LOC101153131	truthbar	1	0.3064	DN_NC_073244.2_28711447_4	DN_NC_073244.2_64908457_4	0.4050	0.2438	0.4050
LOC101146634	LOC109024216	truthbar	1	0.2620	DN_NC_073244.2_28711447_2	DN_NC_073244.2_65293743_4	0.4461	0.2768	0.4461
LOC101146634	LOC109026610	genuine	0	0.2953	DN_NC_073227.2_8705656_4	DN_NC_073244.2_28711447_2	0.3416	0.4461	0.4461
LOC101146634	LOC115930172	genuine	0	0.1898	DN_NC_073244.2_27051998_4	DN_NC_073244.2_28711447_2	0.4137	0.4461	0.4461
LOC101146634	LOC115931567	truthbar	1	0.4079	DN_NC_073244.2_27626411_5	DN_NC_073244.2_28711447_4	0.4704	0.4050	0.4704
LOC101146634	LOC115931568	truthbar	1	0.4720	DN_NC_073244.2_28072858_4	DN_NC_073244.2_28711447_4	0.3930	0.4050	0.4050
LOC101146634	LOC115931576	truthbar	1	0.3923	DN_NC_073244.2_28711447_2	DN_NC_073244.2_29046961_4	0.4461	0.4500	0.4500
LOC101146634	LOC115931654	truthbar	1	0.2297	DN_NC_073244.2_28711447_4	DN_NC_073244.2_65266359_4	0.4050	0.3995	0.4050
LOC101146634	LOC115931857	truthbar	1	0.2252	DN_NC_073244.2_28711447_4	DN_NC_073246.2_15789285_3	0.4050	0.2698	0.4050
LOC101146634	LOC129527827	genuine	0	0.2307	DN_NC_073242.2_66613619_4	DN_NC_073244.2_28711447_4	0.4438	0.4050	0.4438
LOC101146634	LOC129528947	genuine	0	0.4062	DN_NC_073244.2_27408454_4	DN_NC_073244.2_28711447_4	0.5416	0.4050	0.5416
LOC101146634	OSBPL10	genuine	0						
LOC101146634	ZNF141	genuine	0	0.2483	DN_NC_073227.2_8907801_4	DN_NC_073244.2_28711447_2	0.2847	0.4461	0.4461
LOC101146634	ZNF195	truthbar	1	0.2629	DN_NC_073233.2_9788172_5	DN_NC_073244.2_28711447_2	0.2339	0.4461	0.4461
LOC101146634	ZNF254	truthbar	1	0.3139	DN_NC_073244.2_28711447_4	DN_NC_073244.2_30438340_4	0.4050	0.3798	0.4050
LOC101146634	ZNF267	truthbar	1	0.1716	DN_NC_073242.2_37386128_4	DN_NC_073244.2_28711447_4	0.2710	0.4050	0.4050
LOC101146634	ZNF273	truthbar	1	0.5044	DN_NC_073230.2_74299233_4	DN_NC_073244.2_28711447_4	0.3847	0.4050	0.4050
LOC101146634	ZNF28	truthbar	1	0.3224	DN_NC_073244.2_28711447_2	DN_NC_073244.2_64759228_5	0.4461	0.3434	0.4461
LOC101146634	ZNF347	truthbar	1						
LOC101146634	ZNF415	truthbar	1	0.2205	DN_NC_073244.2_28711447_4	DN_NC_073244.2_65046428_2	0.4050	0.1755	0.4050
LOC101146634	ZNF429	truthbar	1	0.3461	DN_NC_073244.2_27956158_4	DN_NC_073244.2_28711447_2	0.5461	0.4461	0.5461
LOC101146634	ZNF43	truthbar	1	0.4923	DN_NC_073244.2_28333451_4	DN_NC_073244.2_28711447_4	0.4625	0.4050	0.4625
LOC101146634	ZNF430	truthbar	1	0.3937	DN_NC_073244.2_27504818_5	DN_NC_073244.2_28711447_4	0.4270	0.4050	0.4270
LOC101146634	ZNF468	truthbar	1	0.1750	DN_NC_073244.2_28711447_2	DN_NC_073244.2_64797239_5	0.4461	0.3221	0.4461
LOC101146634	ZNF480	truthbar	1						
LOC101146634	ZNF486	genuine	0	0.3361	DN_NC_073244.2_26666712_5	DN_NC_073244.2_28711447_4	0.4566	0.4050	0.4566
LOC101146634	ZNF506	genuine	0	0.4138	DN_NC_073244.2_26240035_4	DN_NC_073244.2_28711447_4	0.3919	0.4050	0.4050
LOC101146634	ZNF519	truthbar	1	0.2307	DN_NC_073241.2_36126183_3	DN_NC_073244.2_28711447_4	0.1960	0.4050	0.4050
LOC101146634	ZNF528	truthbar	1						
LOC101146634	ZNF578	truthbar	1						
LOC101146634	ZNF595	truthbar	1	0.2929	DN_NC_073227.2_8633418_2	DN_NC_073244.2_28711447_2	0.5689	0.4461	0.5689
LOC101146634	ZNF600	truthbar	1	0.3279	DN_NC_073244.2_28711447_2	DN_NC_073244.2_64724127_4	0.4461	0.3339	0.4461
LOC101146634	ZNF611	truthbar	1	0.2593	DN_NC_073244.2_28711447_2	DN_NC_073244.2_64672255_4	0.4461	0.3521	0.4461
LOC101146634	ZNF616	truthbar	1	0.2617	DN_NC_073244.2_28711447_2	DN_NC_073244.2_64081943_4	0.4461	0.2620	0.4461
LOC101146634	ZNF626	genuine	0	0.4025	DN_NC_073244.2_27131194_2	DN_NC_073244.2_28711447_2	0.4557	0.4461	0.4557
LOC101146634	ZNF655	truthbar	1						
LOC101146634	ZNF675	truthbar	1	0.3202	DN_NC_073244.2_28711447_2	DN_NC_073244.2_29970261_4	0.4461	0.3774	0.4461
LOC101146634	ZNF678	truthbar	1	0.3405	DN_NC_073224.2_40627195_4	DN_NC_073244.2_28711447_2	0.3220	0.4461	0.4461
LOC101146634	ZNF680	truthbar	1	0.4101	DN_NC_073230.2_73977205_4	DN_NC_073244.2_28711447_4	0.3066	0.4050	0.4050
LOC101146634	ZNF681	truthbar	1	0.4283	DN_NC_073244.2_28711447_2	DN_NC_073244.2_30067652_4	0.4461	0.4267	0.4461
LOC101146634	ZNF682	truthbar	1	0.4790	DN_NC_073244.2_26470366_4	DN_NC_073244.2_28711447_4	0.3255	0.4050	0.4050
LOC101146634	ZNF695	genuine	0	0.3160	DN_NC_073224.2_8422960_4	DN_NC_073244.2_28711447_2	0.3045	0.4461	0.4461
LOC101146634	ZNF701	genuine	0						
LOC101146634	ZNF721	truthbar	1	0.5029	DN_NC_073227.2_9009888_2	DN_NC_073244.2_28711447_2	0.3764	0.4461	0.4461
LOC101146634	ZNF723	genuine	0	0.3398	DN_NC_073244.2_28711447_4	DN_NC_073244.2_29232445_4	0.4050	0.5099	0.5099
LOC101146634	ZNF727	genuine	0	0.1600	DN_NC_073230.2_73508332_4	DN_NC_073244.2_28711447_2	0.3146	0.4461	0.4461
LOC101146634	ZNF736	genuine	0	0.2709	DN_NC_073230.2_73776646_4	DN_NC_073244.2_28711447_2	0.3000	0.4461	0.4461
LOC101146634	ZNF761	truthbar	1	0.2691	DN_NC_073244.2_28711447_4	DN_NC_073244.2_65362909_5	0.4050	0.3364	0.4050
LOC101146634	ZNF766	genuine	0						
LOC101146634	ZNF8	genuine	0						
LOC101146634	ZNF808	truthbar	1	0.1306	DN_NC_073244.2_28711447_2	DN_NC_073244.2_64500861_5	0.4461	0.4373	0.4461
LOC101146634	ZNF813	truthbar	1	0.1751	DN_NC_073244.2_28711447_4	DN_NC_073244.2_65398487_4	0.4050	0.3208	0.4050
LOC101146634	ZNF83	truthbar	1	0.2454	DN_NC_073244.2_28711447_4	DN_NC_073244.2_64585864_4	0.4050	0.3038	0.4050
LOC101146634	ZNF836	truthbar	1	0.2018	DN_NC_073244.2_28711447_4	DN_NC_073244.2_64125568_5	0.4050	0.4107	0.4107
LOC101146634	ZNF841	truthbar	1	0.3520	DN_NC_073244.2_28711447_4	DN_NC_073244.2_64034715_7	0.4050	0.3325	0.4050
LOC101146634	ZNF888	truthbar	1	0.2522	DN_NC_073244.2_28711447_2	DN_NC_073244.2_64860608_4	0.4461	0.4244	0.4461
LOC101146634	ZNF91	truthbar	1	0.2043	DN_NC_073244.2_28711447_4	DN_NC_073244.2_29680825_2	0.4050	0.5202	0.5202
LOC101146634	ZNF92	truthbar	1	0.4380	DN_NC_073230.2_74637814_2	DN_NC_073244.2_28711447_2	0.3657	0.4461	0.4461
LOC101146782	LOC134759160	genuine	0	0.1585	DN_NC_073232.2_64911725_5	DN_NC_073232.2_65534545_21	0.1299	0.1102	0.1299
LOC101147259	LOC115933254	TP	1	0.2605	DN_NC_073236.2_32866582_11	DN_NC_073237.2_93516915_6	0.1595	0.2186	0.2186
LOC101147259	LOC129524732	genuine	0						
LOC101147313	LOC115934054	genuine	0	0.2452	DN_NC_086017.1_207540432_15	DN_NC_086017.1_209174437_6	0.1517	0.5254	0.5254
LOC101147313	SDHA	genuine	0	0.2192	DN_NC_073243.2_112081564_15	DN_NC_086017.1_207540432_15	0.1368	0.1517	0.1517
LOC101147715	LOC101150965	genuine	0						
LOC101147715	LOC101151892	genuine	0						
LOC101147715	LOC101152401	truthbar	1	0.1677	DN_NC_073244.2_28820229_4	DN_NC_073244.2_64836827_4	0.5027	0.4177	0.5027
LOC101147715	LOC101153126	genuine	0	0.2868	DN_NC_073244.2_28820229_4	DN_NC_073244.2_29297022_4	0.5027	0.4345	0.5027
LOC101147715	LOC101153131	truthbar	1						
LOC101147715	LOC109024216	truthbar	1						
LOC101147715	LOC109026610	genuine	0						
LOC101147715	LOC115930172	genuine	0	0.2216	DN_NC_073244.2_27051998_4	DN_NC_073244.2_28820229_4	0.4137	0.5027	0.5027
LOC101147715	LOC115931567	truthbar	1	0.1636	DN_NC_073244.2_27566430_5	DN_NC_073244.2_28820229_4	0.4258	0.5027	0.5027
LOC101147715	LOC115931568	truthbar	1	0.1764	DN_NC_073244.2_28072858_4	DN_NC_073244.2_28820229_4	0.3930	0.5027	0.5027
LOC101147715	LOC115931576	truthbar	1	0.2328	DN_NC_073244.2_28820229_4	DN_NC_073244.2_29046961_4	0.5027	0.4500	0.5027
LOC101147715	LOC115931654	truthbar	1	0.1696	DN_NC_073244.2_28820229_4	DN_NC_073244.2_65266359_4	0.5027	0.3995	0.5027
LOC101147715	LOC115931857	genuine	0	0.2279	DN_NC_073244.2_28820229_4	DN_NC_073246.2_15789320_2	0.5027	0.2672	0.5027
LOC101147715	LOC129527827	genuine	0	0.1730	DN_NC_073242.2_66613619_4	DN_NC_073244.2_28820229_4	0.4438	0.5027	0.5027
LOC101147715	LOC129528947	genuine	0	0.2399	DN_NC_073244.2_27408454_4	DN_NC_073244.2_28820229_4	0.5416	0.5027	0.5416
LOC101147715	OSBPL10	genuine	0						
LOC101147715	ZNF141	genuine	0	0.1539	DN_NC_073227.2_8907801_4	DN_NC_073244.2_28820229_4	0.2847	0.5027	0.5027
LOC101147715	ZNF195	genuine	0						
LOC101147715	ZNF254	truthbar	1						
LOC101147715	ZNF267	truthbar	1						
LOC101147715	ZNF273	genuine	0	0.2077	DN_NC_073230.2_74299233_4	DN_NC_073244.2_28820229_4	0.3847	0.5027	0.5027
LOC101147715	ZNF28	genuine	0	0.2415	DN_NC_073244.2_28820229_4	DN_NC_073244.2_64759228_5	0.5027	0.3434	0.5027
LOC101147715	ZNF347	truthbar	1						
LOC101147715	ZNF415	genuine	0						
LOC101147715	ZNF429	truthbar	1	0.1941	DN_NC_073244.2_27956158_4	DN_NC_073244.2_28820229_4	0.5461	0.5027	0.5461
LOC101147715	ZNF43	truthbar	1	0.2350	DN_NC_073244.2_28333451_4	DN_NC_073244.2_28820229_4	0.4625	0.5027	0.5027
LOC101147715	ZNF430	genuine	0	0.1389	DN_NC_073244.2_27504818_5	DN_NC_073244.2_28820229_4	0.4270	0.5027	0.5027
LOC101147715	ZNF468	genuine	0	0.1751	DN_NC_073244.2_28820229_4	DN_NC_073244.2_64797239_5	0.5027	0.3221	0.5027
LOC101147715	ZNF480	genuine	0						
LOC101147715	ZNF486	genuine	0	0.2263	DN_NC_073244.2_26666712_5	DN_NC_073244.2_28820229_4	0.4566	0.5027	0.5027
LOC101147715	ZNF506	genuine	0	0.2622	DN_NC_073244.2_26240039_2	DN_NC_073244.2_28820229_4	0.4246	0.5027	0.5027
LOC101147715	ZNF519	genuine	0						
LOC101147715	ZNF528	truthbar	1						
LOC101147715	ZNF578	truthbar	1						
LOC101147715	ZNF595	truthbar	1	0.1991	DN_NC_073227.2_8633418_2	DN_NC_073244.2_28820229_4	0.5689	0.5027	0.5689
LOC101147715	ZNF600	truthbar	1	0.1910	DN_NC_073244.2_28820229_4	DN_NC_073244.2_64724127_4	0.5027	0.3339	0.5027
LOC101147715	ZNF611	truthbar	1						
LOC101147715	ZNF616	truthbar	1						
LOC101147715	ZNF626	genuine	0	0.3013	DN_NC_073244.2_27131194_2	DN_NC_073244.2_28820229_4	0.4557	0.5027	0.5027
LOC101147715	ZNF655	genuine	0						
LOC101147715	ZNF675	genuine	0	0.1767	DN_NC_073244.2_28820229_4	DN_NC_073244.2_29970261_4	0.5027	0.3774	0.5027
LOC101147715	ZNF678	truthbar	1	0.1649	DN_NC_073224.2_40627195_4	DN_NC_073244.2_28820229_4	0.3220	0.5027	0.5027
LOC101147715	ZNF680	genuine	0	0.2233	DN_NC_073230.2_73977205_4	DN_NC_073244.2_28820229_4	0.3066	0.5027	0.5027
LOC101147715	ZNF681	truthbar	1	0.2580	DN_NC_073244.2_28820229_4	DN_NC_073244.2_30067652_4	0.5027	0.4267	0.5027
LOC101147715	ZNF682	genuine	0	0.2512	DN_NC_073244.2_26470366_4	DN_NC_073244.2_28820229_4	0.3255	0.5027	0.5027
LOC101147715	ZNF695	genuine	0						
LOC101147715	ZNF701	genuine	0						
LOC101147715	ZNF721	truthbar	1	0.5083	DN_NC_073227.2_9010062_2	DN_NC_073244.2_28820229_4	0.3953	0.5027	0.5027
LOC101147715	ZNF723	genuine	0	0.2228	DN_NC_073244.2_28820229_4	DN_NC_073244.2_29232445_4	0.5027	0.5099	0.5099
LOC101147715	ZNF727	genuine	0	0.1475	DN_NC_073230.2_73508332_4	DN_NC_073244.2_28820229_4	0.3146	0.5027	0.5027
LOC101147715	ZNF736	genuine	0						
LOC101147715	ZNF761	truthbar	1						
LOC101147715	ZNF766	genuine	0						
LOC101147715	ZNF8	genuine	0						
LOC101147715	ZNF808	truthbar	1	0.1525	DN_NC_073244.2_28820229_4	DN_NC_073244.2_64500861_5	0.5027	0.4373	0.5027
LOC101147715	ZNF813	truthbar	1	0.1903	DN_NC_073244.2_28820229_4	DN_NC_073244.2_65398487_4	0.5027	0.3208	0.5027
LOC101147715	ZNF83	truthbar	1						
LOC101147715	ZNF836	truthbar	1	0.2066	DN_NC_073244.2_28820229_4	DN_NC_073244.2_64125568_5	0.5027	0.4107	0.5027
LOC101147715	ZNF841	truthbar	1						
LOC101147715	ZNF888	truthbar	1	0.1960	DN_NC_073244.2_28820229_4	DN_NC_073244.2_64860608_4	0.5027	0.4244	0.5027
LOC101147715	ZNF91	truthbar	1	0.5120	DN_NC_073244.2_28820229_4	DN_NC_073244.2_29680825_2	0.5027	0.5202	0.5202
LOC101147715	ZNF92	genuine	0	0.1355	DN_NC_073230.2_74637722_4	DN_NC_073244.2_28820229_4	0.3318	0.5027	0.5027
LOC101148088	LOC115932194	TP	1	0.9979	DN_NC_073247.2_62664010_4	DN_NC_073247.2_62680287_4	0.0380	0.0412	0.0412
LOC101148180	LOC101153725	truthbar	1	0.2129	DN_NC_073244.2_17678736_4	DN_NC_073244.2_8619131_4	0.3252	0.2256	0.3252
LOC101148180	LOC101153837	truthbar	1	0.2328	DN_NC_073244.2_18232282_4	DN_NC_073244.2_8619131_4	0.1848	0.2256	0.2256
LOC101148180	LOC101154200	truthbar	1						
LOC101148180	LOC109024269	genuine	0						
LOC101148180	LOC109025073	truthbar	1	0.2219	DN_NC_073244.2_18096775_3	DN_NC_073244.2_8619131_4	0.2715	0.2256	0.2715
LOC101148180	LOC129527774	genuine	0						
LOC101148180	RPL14	genuine	0						
LOC101148180	ZNF124	truthbar	1	0.2210	DN_NC_073224.2_8261601_4	DN_NC_073244.2_8619131_4	0.2609	0.2256	0.2609
LOC101148180	ZNF136	truthbar	1						
LOC101148180	ZNF14	truthbar	1						
LOC101148180	ZNF426	truthbar	1						
LOC101148180	ZNF433	truthbar	1	0.2821	DN_NC_073244.2_18047026_4	DN_NC_073244.2_8619131_4	0.2906	0.2256	0.2906
LOC101148180	ZNF440	truthbar	1						
LOC101148180	ZNF441	truthbar	1						
LOC101148180	ZNF443	truthbar	1						
LOC101148180	ZNF490	truthbar	1						
LOC101148180	ZNF563	truthbar	1						
LOC101148180	ZNF564	truthbar	1						
LOC101148180	ZNF57	truthbar	1	0.2174	DN_NC_073244.2_8619131_4	DN_NC_073244.2_8680135_4	0.2256	0.2270	0.2270
LOC101148180	ZNF627	truthbar	1						
LOC101148180	ZNF669	truthbar	1						
LOC101148180	ZNF670	truthbar	1						
LOC101148180	ZNF77	truthbar	1	0.3990	DN_NC_073244.2_8619131_4	DN_NC_073244.2_8711681_4	0.2256	0.1126	0.2256
LOC101148180	ZNF791	truthbar	1						
LOC101148180	ZNF799	truthbar	1						
LOC101148180	ZNF823	truthbar	1	0.1413	DN_NC_073244.2_17751584_2	DN_NC_073244.2_8619131_4	0.2238	0.2256	0.2256
LOC101148191	LOC109023808	genuine	0	0.2301	DN_NC_073230.2_28044538_2	DN_NC_073243.2_97368870_3	0.2929	0.0757	0.2929
LOC101148191	LOC115930530	genuine	0						
LOC101148191	LOC115931240	genuine	0						
LOC101148313	LOC115935025	TP	1	0.9935	DN_NC_073229.2_136502891_3	DN_NC_073229.2_136550623_3	0.1539	0.3777	0.3777
LOC101148313	XAF1	genuine	0						
LOC101148457	LOC109025592	genuine	0	0.2832	DN_NC_073224.2_125859316_3	DN_NC_086018.1_19844955_6	0.5571	0.5974	0.5974
LOC101148457	LOC115933090	genuine	0						
LOC101148457	LOC129524676	genuine	0						
LOC101148457	LOC129525008	genuine	0						
LOC101148457	LOC129526479	genuine	0	0.1541	DN_NC_073238.2_29552503_8	DN_NC_086018.1_19844955_6	0.4889	0.5974	0.5974
LOC101148457	LOC134756761	genuine	0						
LOC101148457	MKRN1	genuine	0						
LOC101148457	TIMM23B	genuine	0	0.1503	DN_NC_073232.2_65905862_9	DN_NC_086018.1_19844955_6	0.4373	0.5974	0.5974
LOC101148457	TOR3A	genuine	0						
LOC101148457	TRAF5	genuine	0	0.2198	DN_NC_073224.2_45389129_11	DN_NC_086018.1_19844955_6	0.3773	0.5974	0.5974
LOC101148684	LOC101151318	genuine	0						
LOC101148684	LOC101152035	TP	1	0.7841	DN_NC_073229.2_70527768_7	DN_NC_073229.2_70674504_7	0.0287	0.0760	0.0760
LOC101148684	LOC101153366	TP	1	0.7985	DN_NC_073229.2_70527768_7	DN_NC_073229.2_70609285_7	0.0287	0.1205	0.1205
LOC101148684	LOC109027180	TP	1	0.9990	DN_NC_073229.2_70527768_7	DN_NC_073229.2_70567152_7	0.0287	0.0762	0.0762
LOC101148853	LOC101148972	truthbar	1	0.8557	DN_NC_073234.2_52202911_4	DN_NC_073235.2_121946440_4	0.0411	0.0273	0.0411
LOC101148853	LOC101150168	truthbar	1	0.8551	DN_NC_073234.2_52151326_4	DN_NC_073235.2_121946440_4	0.0581	0.0273	0.0581
LOC101148853	LOC115933728	truthbar	1	0.8638	DN_NC_073235.2_121946440_4	DN_NC_073235.2_31723374_5	0.0273	0.0123	0.0273
LOC101148853	LOC129526434	truthbar	1	0.8487	DN_NC_073235.2_121946440_4	DN_NC_073238.2_31467876_5	0.0273	0.0993	0.0993
LOC101148853	LOC129529583	genuine	0						
LOC101148853	TUBA1C	truthbar	1	0.8595	DN_NC_073234.2_52064465_4	DN_NC_073235.2_121946440_4	0.0558	0.0273	0.0558
LOC101148853	TUBA3E	truthbar	1	0.8601	DN_NC_073235.2_121946440_4	DN_NC_073235.2_32697745_5	0.0273	0.0120	0.0273
LOC101148853	TUBA8	truthbar	1	0.7692	DN_NC_073235.2_121946440_4	DN_NC_086018.1_16134008_5	0.0273	0.0561	0.0561
LOC101148853	TUBAL3	truthbar	1	0.7419	DN_NC_073232.2_14351656_4	DN_NC_073235.2_121946440_4	0.0589	0.0273	0.0589
LOC101148972	LOC101150168	TP	1	0.7685	DN_NC_073234.2_52151326_4	DN_NC_073234.2_52202911_4	0.0581	0.0411	0.0581
LOC101148972	LOC115933728	truthbar	1	0.8599	DN_NC_073234.2_52202911_4	DN_NC_073235.2_31723374_5	0.0411	0.0123	0.0411
LOC101148972	LOC129526434	truthbar	1	0.7504	DN_NC_073234.2_52202911_4	DN_NC_073238.2_31467876_5	0.0411	0.0993	0.0993
LOC101148972	LOC129529583	genuine	0						
LOC101148972	TUBA1C	TP	1	0.7928	DN_NC_073234.2_52064465_4	DN_NC_073234.2_52202911_4	0.0558	0.0411	0.0558
LOC101148972	TUBA3E	truthbar	1	0.8409	DN_NC_073234.2_52202911_4	DN_NC_073235.2_32697745_5	0.0411	0.0120	0.0411
LOC101148972	TUBA8	truthbar	1	0.6710	DN_NC_073234.2_52202911_4	DN_NC_086018.1_16134008_5	0.0411	0.0561	0.0561
LOC101148972	TUBAL3	truthbar	1	0.6597	DN_NC_073232.2_14351656_4	DN_NC_073234.2_52202911_4	0.0589	0.0411	0.0589
LOC101149428	LOC115932259	genuine	0	1.0000	DN_NC_073247.2_131774354_4	DN_NC_073247.2_131863961_4	0.1587	0.1580	0.1587
LOC101149915	NAALAD2	truthbar	1	0.5135	DN_NC_073233.2_97509393_19	DN_NC_073233.2_97983776_19	0.1135	0.1501	0.1501
LOC101149946	LOC134757265	genuine	0	0.3844	DN_NC_073240.2_23725358_9	DN_NC_073240.2_29803770_8	0.2103	0.2275	0.2275
LOC101149946	PDCD6IP	genuine	0	0.1418	DN_NC_073240.2_23725358_9	DN_NC_086017.1_43678546_18	0.2103	0.1470	0.2103
LOC101149946	SDHAF3	genuine	0						
LOC101150168	LOC115933728	truthbar	1	0.8612	DN_NC_073234.2_52151326_4	DN_NC_073235.2_31723374_5	0.0581	0.0123	0.0581
LOC101150168	LOC129526434	truthbar	1	0.6794	DN_NC_073234.2_52151326_4	DN_NC_073238.2_31467876_5	0.0581	0.0993	0.0993
LOC101150168	LOC129529583	genuine	0						
LOC101150168	TUBA1C	TP	1	0.8040	DN_NC_073234.2_52064465_4	DN_NC_073234.2_52151326_4	0.0558	0.0581	0.0581
LOC101150168	TUBA3E	truthbar	1	0.8422	DN_NC_073234.2_52151326_4	DN_NC_073235.2_32697745_5	0.0581	0.0120	0.0581
LOC101150168	TUBA8	truthbar	1	0.6070	DN_NC_073234.2_52151326_4	DN_NC_086018.1_16134008_5	0.0581	0.0561	0.0581
LOC101150168	TUBAL3	truthbar	1	0.6019	DN_NC_073232.2_14351656_4	DN_NC_073234.2_52151326_4	0.0589	0.0581	0.0589
LOC101150533	MSL3	TP	1	0.5646	DN_NC_073235.2_136577761_2	DN_NC_073247.2_22225560_12	0.0480	0.0710	0.0710
LOC101150644	LOC129532904	genuine	0						
LOC101150774	LOC109028376	genuine	0	0.4081	DN_NC_073237.2_79912635_2	DN_NC_086017.1_14101436_3	0.4288	0.3907	0.4288
LOC101150774	LOC115934025	genuine	0						
LOC101150774	LOC129526171	genuine	0						
LOC101150774	LOC129527656	genuine	0	0.2990	DN_NC_073242.2_36567597_2	DN_NC_086017.1_14101436_3	0.5595	0.3907	0.5595
LOC101150774	LOC134757969	genuine	0						
LOC101150774	LOC134758232	genuine	0						
LOC101150774	PGM3	genuine	0						
LOC101150953	TRNAA-AGC	genuine	0	0.9158	DN_NC_073229.2_46514381_2	DN_NC_073229.2_46518353_2	0.1692	0.1277	0.1692
LOC101150965	LOC101151892	genuine	0						
LOC101150965	LOC101152401	genuine	0	0.4181	DN_NC_073244.2_64400145_5	DN_NC_073244.2_64836827_4	0.3365	0.4177	0.4177
LOC101150965	LOC101153126	genuine	0	0.2745	DN_NC_073244.2_29297022_4	DN_NC_073244.2_64400145_5	0.4345	0.3365	0.4345
LOC101150965	LOC101153131	genuine	0	0.6223	DN_NC_073244.2_64400145_5	DN_NC_073244.2_64908457_4	0.3365	0.2438	0.3365
LOC101150965	LOC109024216	genuine	0	0.1335	DN_NC_073244.2_64400145_5	DN_NC_073244.2_65293743_4	0.3365	0.2768	0.3365
LOC101150965	LOC109026610	genuine	0						
LOC101150965	LOC115930172	genuine	0						
LOC101150965	LOC115931567	genuine	0	0.3615	DN_NC_073244.2_27566430_5	DN_NC_073244.2_64400145_5	0.4258	0.3365	0.4258
LOC101150965	LOC115931568	genuine	0						
LOC101150965	LOC115931576	genuine	0						
LOC101150965	LOC115931654	genuine	0						
LOC101150965	LOC115931857	genuine	0	0.3066	DN_NC_073244.2_64400145_5	DN_NC_073246.2_15789320_2	0.3365	0.2672	0.3365
LOC101150965	LOC129527827	genuine	0						
LOC101150965	LOC129528947	genuine	0	0.4072	DN_NC_073244.2_27408454_4	DN_NC_073244.2_64400145_5	0.5416	0.3365	0.5416
LOC101150965	OSBPL10	genuine	0	0.2662	DN_NC_073244.2_64400145_5	DN_NC_086017.1_41849470_3	0.3365	0.2556	0.3365
LOC101150965	ZNF141	genuine	0	0.1610	DN_NC_073227.2_8907801_4	DN_NC_073244.2_64400145_5	0.2847	0.3365	0.3365
LOC101150965	ZNF195	genuine	0	0.2903	DN_NC_073233.2_9788172_5	DN_NC_073244.2_64400145_5	0.2339	0.3365	0.3365
LOC101150965	ZNF254	genuine	0						
LOC101150965	ZNF267	genuine	0	0.2408	DN_NC_073242.2_37386128_4	DN_NC_073244.2_64400145_5	0.2710	0.3365	0.3365
LOC101150965	ZNF273	genuine	0						
LOC101150965	ZNF28	genuine	0	0.1331	DN_NC_073244.2_64400145_5	DN_NC_073244.2_64759228_5	0.3365	0.3434	0.3434
LOC101150965	ZNF347	genuine	0	0.2720	DN_NC_073244.2_64400145_5	DN_NC_073244.2_65073171_5	0.3365	0.3826	0.3826
LOC101150965	ZNF415	genuine	0	0.6392	DN_NC_073244.2_64400145_5	DN_NC_073244.2_65046428_2	0.3365	0.1755	0.3365
LOC101150965	ZNF429	genuine	0	0.2845	DN_NC_073244.2_27956158_4	DN_NC_073244.2_64400145_5	0.5461	0.3365	0.5461
LOC101150965	ZNF43	genuine	0	0.4917	DN_NC_073244.2_28333451_4	DN_NC_073244.2_64400145_5	0.4625	0.3365	0.4625
LOC101150965	ZNF430	genuine	0						
LOC101150965	ZNF468	genuine	0						
LOC101150965	ZNF480	genuine	0	0.2146	DN_NC_073244.2_64265252_5	DN_NC_073244.2_64400145_5	0.5307	0.3365	0.5307
LOC101150965	ZNF486	genuine	0						
LOC101150965	ZNF506	genuine	0						
LOC101150965	ZNF519	genuine	0	0.3032	DN_NC_073241.2_36126198_2	DN_NC_073244.2_64400145_5	0.2075	0.3365	0.3365
LOC101150965	ZNF528	genuine	0	0.2820	DN_NC_073244.2_64368633_7	DN_NC_073244.2_64400145_5	0.2537	0.3365	0.3365
LOC101150965	ZNF578	genuine	0	0.2109	DN_NC_073244.2_64400145_5	DN_NC_073244.2_64426370_6	0.3365	0.4463	0.4463
LOC101150965	ZNF595	genuine	0	0.1793	DN_NC_073227.2_8633416_4	DN_NC_073244.2_64400145_5	0.5220	0.3365	0.5220
LOC101150965	ZNF600	genuine	0	0.1768	DN_NC_073244.2_64400145_5	DN_NC_073244.2_64724127_4	0.3365	0.3339	0.3365
LOC101150965	ZNF611	genuine	0						
LOC101150965	ZNF616	genuine	0	0.3007	DN_NC_073244.2_64081943_4	DN_NC_073244.2_64400145_5	0.2620	0.3365	0.3365
LOC101150965	ZNF626	genuine	0						
LOC101150965	ZNF655	genuine	0						
LOC101150965	ZNF675	genuine	0						
LOC101150965	ZNF678	genuine	0						
LOC101150965	ZNF680	genuine	0						
LOC101150965	ZNF681	genuine	0						
LOC101150965	ZNF682	genuine	0						
LOC101150965	ZNF695	genuine	0						
LOC101150965	ZNF701	genuine	0						
LOC101150965	ZNF721	genuine	0						
LOC101150965	ZNF723	genuine	0	0.4465	DN_NC_073244.2_29232445_4	DN_NC_073244.2_64400145_5	0.5099	0.3365	0.5099
LOC101150965	ZNF727	genuine	0						
LOC101150965	ZNF736	genuine	0						
LOC101150965	ZNF761	genuine	0	0.1331	DN_NC_073244.2_64400145_5	DN_NC_073244.2_65362909_5	0.3365	0.3364	0.3365
LOC101150965	ZNF766	genuine	0	0.2604	DN_NC_073244.2_64231369_4	DN_NC_073244.2_64400145_5	0.2784	0.3365	0.3365
LOC101150965	ZNF8	genuine	0						
LOC101150965	ZNF808	genuine	0	0.1922	DN_NC_073244.2_64400145_5	DN_NC_073244.2_64500861_5	0.3365	0.4373	0.4373
LOC101150965	ZNF813	genuine	0						
LOC101150965	ZNF83	genuine	0	0.4929	DN_NC_073244.2_64400145_5	DN_NC_073244.2_64585864_4	0.3365	0.3038	0.3365
LOC101150965	ZNF836	genuine	0	0.1335	DN_NC_073244.2_64125568_5	DN_NC_073244.2_64400145_5	0.4107	0.3365	0.4107
LOC101150965	ZNF841	genuine	0	0.2908	DN_NC_073244.2_64034715_7	DN_NC_073244.2_64400145_5	0.3325	0.3365	0.3365
LOC101150965	ZNF888	genuine	0	0.1498	DN_NC_073244.2_64400145_5	DN_NC_073244.2_64860608_4	0.3365	0.4244	0.4244
LOC101150965	ZNF91	genuine	0	0.2304	DN_NC_073244.2_29680825_2	DN_NC_073244.2_64400145_5	0.5202	0.3365	0.5202
LOC101150965	ZNF92	genuine	0						
LOC101150995	LOC134756859	genuine	0						
LOC101150995	LOC134759232	genuine	0						
LOC101150995	RAPH1	genuine	0	0.3058	DN_NC_073235.2_106111443_2	DN_NC_073237.2_28611397_2	0.7450	0.3882	0.7450
LOC101150998	LOC134756941	genuine	0	0.4696	DN_NC_073237.2_84005209_4	DN_NC_073237.2_84204480_4	0.1783	0.1791	0.1791
LOC101151070	LOC115931277	genuine	0	0.2495	DN_NC_073229.2_44501801_6	DN_NC_073243.2_40356335_7	0.3585	0.2880	0.3585
LOC101151070	LOC115933170	genuine	0	0.1907	DN_NC_073229.2_44501801_6	DN_NC_073243.2_79717303_18	0.3585	0.2832	0.3585
LOC101151070	WDR70	genuine	0						
LOC101151107	NIPSNAP3A	TP	1	0.5449	DN_NC_073237.2_101005198_6	DN_NC_073237.2_101021921_6	0.1131	0.1458	0.1458
LOC101151284	POLR3K	TP	1	0.9941	DN_NC_073235.2_144827388_3	DN_NC_073242.2_3666815_3	0.0823	0.0956	0.0956
LOC101151290	PLEKHM1	TP	1	0.8545	DN_NC_073228.2_45974488_9	DN_NC_073228.2_46778774_7	0.0595	0.0501	0.0595
LOC101151317	LOC101153727	genuine	0	0.3539	DN_NC_073244.2_48030384_3	DN_NC_073244.2_48384768_7	0.3462	0.2840	0.3462
LOC101151317	LOC109024207	genuine	0	0.1882	DN_NC_073244.2_48030384_3	DN_NC_073244.2_49176797_4	0.3462	0.2779	0.3462
LOC101151317	LOC109027078	genuine	0						
LOC101151317	LOC115931610	genuine	0	0.1477	DN_NC_073244.2_15648295_6	DN_NC_073244.2_48030811_4	0.2510	0.4233	0.4233
LOC101151317	ZFP28	genuine	0						
LOC101151317	ZFP3	genuine	0	0.3342	DN_NC_073243.2_20204464_2	DN_NC_073244.2_48030811_4	0.2424	0.4233	0.4233
LOC101151317	ZFP69	genuine	0						
LOC101151317	ZFP82	genuine	0	0.1771	DN_NC_073244.2_47586219_5	DN_NC_073244.2_48030811_4	0.2963	0.4233	0.4233
LOC101151317	ZNF177	genuine	0						
LOC101151317	ZNF184	genuine	0	0.3996	DN_NC_073229.2_45067329_6	DN_NC_073244.2_48030811_4	0.1831	0.4233	0.4233
LOC101151317	ZNF189	genuine	0	0.2437	DN_NC_073237.2_97733433_3	DN_NC_073244.2_48030811_4	0.3112	0.4233	0.4233
LOC101151317	ZNF266	genuine	0	0.2071	DN_NC_073244.2_15453865_9	DN_NC_073244.2_48030811_4	0.1712	0.4233	0.4233
LOC101151317	ZNF283	genuine	0	0.3222	DN_NC_073244.2_48030384_3	DN_NC_073244.2_55341363_7	0.3462	0.3000	0.3462
LOC101151317	ZNF30	genuine	0	0.2621	DN_NC_073244.2_45985550_6	DN_NC_073244.2_48030811_4	0.1432	0.4233	0.4233
LOC101151317	ZNF329	genuine	0	0.3950	DN_NC_073244.2_48030384_3	DN_NC_073244.2_70224599_4	0.3462	0.1048	0.3462
LOC101151317	ZNF331	genuine	0	0.2344	DN_NC_073244.2_48030811_4	DN_NC_073244.2_65470296_6	0.4233	0.2293	0.4233
LOC101151317	ZNF420	genuine	0	0.3381	DN_NC_073244.2_48030384_3	DN_NC_073244.2_48242798_5	0.3462	0.2498	0.3462
LOC101151317	ZNF461	genuine	0	0.1528	DN_NC_073244.2_47831779_6	DN_NC_073244.2_48030811_4	0.2212	0.4233	0.4233
LOC101151317	ZNF471	genuine	0	0.1477	DN_NC_073244.2_48030811_4	DN_NC_073244.2_68611978_5	0.4233	0.3475	0.4233
LOC101151317	ZNF529	genuine	0	0.2772	DN_NC_073244.2_47739503_5	DN_NC_073244.2_48030811_4	0.3430	0.4233	0.4233
LOC101151317	ZNF540	genuine	0	0.2059	DN_NC_073244.2_48030811_4	DN_NC_073244.2_49101177_5	0.4233	0.1716	0.4233
LOC101151317	ZNF546	genuine	0	0.3240	DN_NC_073244.2_48030384_3	DN_NC_073244.2_51749194_6	0.3462	0.3443	0.3462
LOC101151317	ZNF560	genuine	0						
LOC101151317	ZNF565	genuine	0	0.3705	DN_NC_073244.2_47250467_5	DN_NC_073244.2_48030384_3	0.2541	0.3462	0.3462
LOC101151317	ZNF566	genuine	0	0.2331	DN_NC_073244.2_47642985_5	DN_NC_073244.2_48030811_4	0.3037	0.4233	0.4233
LOC101151317	ZNF571	genuine	0	0.3895	DN_NC_073244.2_48030811_4	DN_NC_073244.2_49072464_4	0.4233	0.1879	0.4233
LOC101151317	ZNF573	genuine	0	0.4392	DN_NC_073244.2_48030811_4	DN_NC_073244.2_49246931_6	0.4233	0.3121	0.4233
LOC101151317	ZNF582	genuine	0	0.2732	DN_NC_073244.2_48030811_4	DN_NC_073244.2_68491976_5	0.4233	0.1818	0.4233
LOC101151317	ZNF583	genuine	0	0.2081	DN_NC_073244.2_48030811_4	DN_NC_073244.2_68513423_5	0.4233	0.2489	0.4233
LOC101151317	ZNF596	genuine	0						
LOC101151317	ZNF607	genuine	0	0.2373	DN_NC_073244.2_48030384_3	DN_NC_073244.2_49205215_5	0.3462	0.1922	0.3462
LOC101151317	ZNF665	genuine	0	0.5012	DN_NC_073244.2_48030384_3	DN_NC_073244.2_65102393_4	0.3462	0.3815	0.3815
LOC101151317	ZNF684	genuine	0						
LOC101151317	ZNF780A	genuine	0	0.1971	DN_NC_073244.2_48030811_4	DN_NC_073244.2_51825388_5	0.4233	0.1618	0.4233
LOC101151317	ZNF780B	genuine	0	0.3057	DN_NC_073244.2_48030811_4	DN_NC_073244.2_51783968_5	0.4233	0.2381	0.4233
LOC101151317	ZNF790	genuine	0	0.3946	DN_NC_073244.2_47997304_5	DN_NC_073244.2_48030811_4	0.2772	0.4233	0.4233
LOC101151317	ZNF829	genuine	0	0.2685	DN_NC_073244.2_48030811_4	DN_NC_073244.2_48066692_6	0.4233	0.4705	0.4705
LOC101151317	ZNF891	genuine	0						
LOC101151318	LOC101152035	genuine	0						
LOC101151318	LOC101153366	genuine	0						
LOC101151318	LOC109027180	genuine	0	0.1567	DN_NC_073229.2_70515777_4	DN_NC_073229.2_70567152_7	0.1507	0.0762	0.1507
LOC101151343	LOC101153153	truthbar	1	0.2689	DN_NC_073247.2_58634411_8	DN_NC_073247.2_62823555_8	0.0586	0.0997	0.0997
LOC101151343	LOC129529923	truthbar	1	0.2518	DN_NC_073247.2_58634411_8	DN_NC_073247.2_62876862_8	0.0586	0.0936	0.0936
LOC101151892	LOC101152401	genuine	0						
LOC101151892	LOC101153126	genuine	0						
LOC101151892	LOC101153131	genuine	0						
LOC101151892	LOC109024216	genuine	0						
LOC101151892	LOC109026610	genuine	0						
LOC101151892	LOC115930172	genuine	0						
LOC101151892	LOC115931567	genuine	0	0.1469	DN_NC_073227.2_8792448_3	DN_NC_073244.2_27566430_5	0.5584	0.4258	0.5584
LOC101151892	LOC115931568	genuine	0						
LOC101151892	LOC115931576	genuine	0						
LOC101151892	LOC115931654	genuine	0						
LOC101151892	LOC115931857	genuine	0						
LOC101151892	LOC129527827	genuine	0						
LOC101151892	LOC129528947	genuine	0						
LOC101151892	OSBPL10	genuine	0						
LOC101151892	ZNF141	genuine	0						
LOC101151892	ZNF195	genuine	0						
LOC101151892	ZNF254	genuine	0						
LOC101151892	ZNF267	genuine	0						
LOC101151892	ZNF273	genuine	0						
LOC101151892	ZNF28	genuine	0						
LOC101151892	ZNF347	genuine	0						
LOC101151892	ZNF415	genuine	0						
LOC101151892	ZNF429	genuine	0	0.1845	DN_NC_073227.2_8792448_3	DN_NC_073244.2_27956158_2	0.5584	0.5265	0.5584
LOC101151892	ZNF43	genuine	0						
LOC101151892	ZNF430	genuine	0						
LOC101151892	ZNF468	genuine	0						
LOC101151892	ZNF480	genuine	0						
LOC101151892	ZNF486	genuine	0						
LOC101151892	ZNF506	genuine	0						
LOC101151892	ZNF519	genuine	0						
LOC101151892	ZNF528	genuine	0						
LOC101151892	ZNF578	genuine	0						
LOC101151892	ZNF595	genuine	0	0.1502	DN_NC_073227.2_8633418_2	DN_NC_073227.2_8792448_3	0.5689	0.5584	0.5689
LOC101151892	ZNF600	genuine	0						
LOC101151892	ZNF611	genuine	0						
LOC101151892	ZNF616	genuine	0						
LOC101151892	ZNF626	genuine	0						
LOC101151892	ZNF655	genuine	0						
LOC101151892	ZNF675	genuine	0	0.1826	DN_NC_073227.2_8792448_3	DN_NC_073244.2_29970261_4	0.5584	0.3774	0.5584
LOC101151892	ZNF678	genuine	0						
LOC101151892	ZNF680	genuine	0						
LOC101151892	ZNF681	genuine	0						
LOC101151892	ZNF682	genuine	0						
LOC101151892	ZNF695	genuine	0						
LOC101151892	ZNF701	genuine	0						
LOC101151892	ZNF721	genuine	0						
LOC101151892	ZNF723	genuine	0	0.1585	DN_NC_073227.2_8792448_3	DN_NC_073244.2_29232445_4	0.5584	0.5099	0.5584
LOC101151892	ZNF727	genuine	0						
LOC101151892	ZNF736	genuine	0						
LOC101151892	ZNF761	genuine	0						
LOC101151892	ZNF766	genuine	0						
LOC101151892	ZNF8	genuine	0						
LOC101151892	ZNF808	genuine	0						
LOC101151892	ZNF813	genuine	0						
LOC101151892	ZNF83	genuine	0						
LOC101151892	ZNF836	genuine	0						
LOC101151892	ZNF841	genuine	0						
LOC101151892	ZNF888	genuine	0						
LOC101151892	ZNF91	genuine	0						
LOC101151892	ZNF92	genuine	0	0.1392	DN_NC_073227.2_8792448_3	DN_NC_073230.2_74637814_2	0.5584	0.3657	0.5584
LOC101152035	LOC101153366	TP	1	0.5764	DN_NC_073229.2_70609285_7	DN_NC_073229.2_70674504_7	0.1205	0.0760	0.1205
LOC101152035	LOC109027180	TP	1	0.6239	DN_NC_073229.2_70567152_7	DN_NC_073229.2_70674504_7	0.0762	0.0760	0.0762
LOC101152062	LOC129529929	truthbar	1						
LOC101152062	LOC129529976	truthbar	1						
LOC101152062	LOC129529978	truthbar	1						
LOC101152062	LOC129529983	truthbar	1						
LOC101152062	LOC129529986	truthbar	1						
LOC101152062	LOC129530018	truthbar	1						
LOC101152062	MAGEA1	truthbar	1						
LOC101152062	MAGEA10	truthbar	1						
LOC101152062	MAGEA12	truthbar	1						
LOC101152062	MAGEA4	truthbar	1						
LOC101152062	MAGEA9	truthbar	1						
LOC101152062	MAGEB1	truthbar	1	0.3028	DN_NC_073247.2_38333222_3	DN_NC_073247.2_40760693_3	0.2468	0.0987	0.2468
LOC101152062	MAGEB2	truthbar	1						
LOC101152062	MAGEB3	truthbar	1	0.3114	DN_NC_073247.2_38356425_2	DN_NC_073247.2_40747465_5	0.0910	0.1428	0.1428
LOC101152062	MAGEB6	truthbar	1						
LOC101152062	MAGEB6B	truthbar	1						
LOC101152401	LOC101153126	truthbar	1	0.2414	DN_NC_073244.2_29297022_4	DN_NC_073244.2_64836827_4	0.4345	0.4177	0.4345
LOC101152401	LOC101153131	truthbar	1	0.1846	DN_NC_073244.2_64836827_4	DN_NC_073244.2_64908457_4	0.4177	0.2438	0.4177
LOC101152401	LOC109024216	truthbar	1	0.2181	DN_NC_073244.2_64836827_4	DN_NC_073244.2_65293743_4	0.4177	0.2768	0.4177
LOC101152401	LOC109026610	truthbar	1						
LOC101152401	LOC115930172	genuine	0						
LOC101152401	LOC115931567	genuine	0	0.1732	DN_NC_073244.2_27566430_5	DN_NC_073244.2_64836827_4	0.4258	0.4177	0.4258
LOC101152401	LOC115931568	truthbar	1	0.2846	DN_NC_073244.2_28072858_4	DN_NC_073244.2_64836827_4	0.3930	0.4177	0.4177
LOC101152401	LOC115931576	truthbar	1	0.2251	DN_NC_073244.2_29046961_4	DN_NC_073244.2_64836827_4	0.4500	0.4177	0.4500
LOC101152401	LOC115931654	truthbar	1	0.2176	DN_NC_073244.2_64836827_4	DN_NC_073244.2_65266359_4	0.4177	0.3995	0.4177
LOC101152401	LOC115931857	truthbar	1						
LOC101152401	LOC129527827	genuine	0						
LOC101152401	LOC129528947	genuine	0						
LOC101152401	OSBPL10	genuine	0						
LOC101152401	ZNF141	truthbar	1						
LOC101152401	ZNF195	truthbar	1						
LOC101152401	ZNF254	truthbar	1						
LOC101152401	ZNF267	genuine	0						
LOC101152401	ZNF273	truthbar	1	0.2436	DN_NC_073230.2_74299233_4	DN_NC_073244.2_64836827_4	0.3847	0.4177	0.4177
LOC101152401	ZNF28	truthbar	1	0.2240	DN_NC_073244.2_64759228_5	DN_NC_073244.2_64836827_4	0.3434	0.4177	0.4177
LOC101152401	ZNF347	truthbar	1						
LOC101152401	ZNF415	truthbar	1	0.3723	DN_NC_073244.2_64836827_4	DN_NC_073244.2_65046428_2	0.4177	0.1755	0.4177
LOC101152401	ZNF429	truthbar	1						
LOC101152401	ZNF43	truthbar	1	0.1612	DN_NC_073244.2_28333451_4	DN_NC_073244.2_64836827_4	0.4625	0.4177	0.4625
LOC101152401	ZNF430	truthbar	1						
LOC101152401	ZNF468	truthbar	1	0.2298	DN_NC_073244.2_64797239_5	DN_NC_073244.2_64836827_4	0.3221	0.4177	0.4177
LOC101152401	ZNF480	truthbar	1	0.1464	DN_NC_073244.2_64265252_5	DN_NC_073244.2_64836827_4	0.5307	0.4177	0.5307
LOC101152401	ZNF486	truthbar	1						
LOC101152401	ZNF506	truthbar	1						
LOC101152401	ZNF519	truthbar	1	0.2310	DN_NC_073241.2_36126198_2	DN_NC_073244.2_64836827_4	0.2075	0.4177	0.4177
LOC101152401	ZNF528	truthbar	1						
LOC101152401	ZNF578	truthbar	1						
LOC101152401	ZNF595	truthbar	1						
LOC101152401	ZNF600	truthbar	1	0.2257	DN_NC_073244.2_64724127_4	DN_NC_073244.2_64836827_4	0.3339	0.4177	0.4177
LOC101152401	ZNF611	truthbar	1	0.1325	DN_NC_073244.2_64672255_4	DN_NC_073244.2_64836827_4	0.3521	0.4177	0.4177
LOC101152401	ZNF616	truthbar	1						
LOC101152401	ZNF626	truthbar	1						
LOC101152401	ZNF655	truthbar	1						
LOC101152401	ZNF675	truthbar	1	0.4155	DN_NC_073244.2_29970261_4	DN_NC_073244.2_64836827_4	0.3774	0.4177	0.4177
LOC101152401	ZNF678	truthbar	1						
LOC101152401	ZNF680	truthbar	1						
LOC101152401	ZNF681	truthbar	1						
LOC101152401	ZNF682	truthbar	1						
LOC101152401	ZNF695	truthbar	1						
LOC101152401	ZNF701	truthbar	1	0.1691	DN_NC_073244.2_64543447_4	DN_NC_073244.2_64836827_4	0.2106	0.4177	0.4177
LOC101152401	ZNF721	truthbar	1	0.1498	DN_NC_073227.2_9009655_3	DN_NC_073244.2_64836827_4	0.3750	0.4177	0.4177
LOC101152401	ZNF723	truthbar	1						
LOC101152401	ZNF727	truthbar	1						
LOC101152401	ZNF736	truthbar	1	0.1845	DN_NC_073230.2_73776646_4	DN_NC_073244.2_64836827_4	0.3000	0.4177	0.4177
LOC101152401	ZNF761	truthbar	1	0.1958	DN_NC_073244.2_64836827_4	DN_NC_073244.2_65362909_5	0.4177	0.3364	0.4177
LOC101152401	ZNF766	truthbar	1	0.2754	DN_NC_073244.2_64231369_4	DN_NC_073244.2_64836827_4	0.2784	0.4177	0.4177
LOC101152401	ZNF8	truthbar	1						
LOC101152401	ZNF808	truthbar	1	0.2176	DN_NC_073244.2_64500861_5	DN_NC_073244.2_64836827_4	0.4373	0.4177	0.4373
LOC101152401	ZNF813	truthbar	1	0.1396	DN_NC_073244.2_64836827_4	DN_NC_073244.2_65398487_4	0.4177	0.3208	0.4177
LOC101152401	ZNF83	truthbar	1	0.2104	DN_NC_073244.2_64585864_4	DN_NC_073244.2_64836827_4	0.3038	0.4177	0.4177
LOC101152401	ZNF836	truthbar	1	0.2987	DN_NC_073244.2_64125568_5	DN_NC_073244.2_64836827_4	0.4107	0.4177	0.4177
LOC101152401	ZNF841	truthbar	1	0.2199	DN_NC_073244.2_64034715_7	DN_NC_073244.2_64836827_4	0.3325	0.4177	0.4177
LOC101152401	ZNF888	truthbar	1						
LOC101152401	ZNF91	genuine	0	0.2419	DN_NC_073244.2_29680825_4	DN_NC_073244.2_64836827_4	0.4948	0.4177	0.4948
LOC101152401	ZNF92	truthbar	1						
LOC101152610	LOC129527660	genuine	0	0.2518	DN_NC_073240.2_21601841_7	DN_NC_073242.2_37476471_6	0.0635	0.1015	0.1015
LOC101152665	SPIN1	truthbar	1	0.5207	DN_NC_073237.2_84822135_6	DN_NC_073247.2_67278734_2	0.1857	0.0740	0.1857
LOC101152665	SPIN3	truthbar	1	0.6178	DN_NC_073247.2_67140263_2	DN_NC_073247.2_67278734_2	0.1080	0.0740	0.1080
LOC101152741	LOC109027124	genuine	0	0.1339	DN_NC_073227.2_204398881_3	DN_NC_073229.2_194862622_5	0.3994	0.5920	0.5920
LOC101152741	LOC129527173	genuine	0						
LOC101152741	LOC129528096	genuine	0						
LOC101152741	MPHOSPH8	genuine	0	0.1704	DN_NC_073227.2_204398881_3	DN_NC_073238.2_33904146_3	0.3994	0.5102	0.5102
LOC101152741	SVBP	genuine	0						
LOC101152843	SUGT1	genuine	0	0.2250	DN_NC_073238.2_55186881_2	DN_NC_073238.2_67074273_14	0.3185	0.2661	0.3185
LOC101152938	LOC115934341	truthbar	1	0.3030	DN_NC_073233.2_75718276_6	DN_NC_086017.1_85330170_7	0.0604	0.0323	0.0604
LOC101152972	LOC115931074	truthbar	1	0.3711	DN_NC_073240.2_21546861_14	DN_NC_073242.2_37435648_13	0.0525	0.2538	0.2538
LOC101152972	LOC129527053	TP	1	0.5334	DN_NC_073240.2_21546861_14	DN_NC_073240.2_23219746_14	0.0525	0.1131	0.1131
LOC101152972	RHPN2	TP	1	0.4869	DN_NC_073240.2_21546861_14	DN_NC_073244.2_44006563_15	0.0525	0.1362	0.1362
LOC101153126	LOC101153131	truthbar	1	0.3764	DN_NC_073244.2_29297022_4	DN_NC_073244.2_64908457_4	0.4345	0.2438	0.4345
LOC101153126	LOC109024216	truthbar	1	0.2891	DN_NC_073244.2_29297022_4	DN_NC_073244.2_65293743_4	0.4345	0.2768	0.4345
LOC101153126	LOC109026610	truthbar	1						
LOC101153126	LOC115930172	genuine	0	0.4084	DN_NC_073244.2_27051998_4	DN_NC_073244.2_29297022_4	0.4137	0.4345	0.4345
LOC101153126	LOC115931567	genuine	0	0.4089	DN_NC_073244.2_27626411_5	DN_NC_073244.2_29297022_4	0.4704	0.4345	0.4704
LOC101153126	LOC115931568	truthbar	1	0.4496	DN_NC_073244.2_28072858_4	DN_NC_073244.2_29297022_4	0.3930	0.4345	0.4345
LOC101153126	LOC115931576	truthbar	1	0.1447	DN_NC_073244.2_29046961_4	DN_NC_073244.2_29297022_4	0.4500	0.4345	0.4500
LOC101153126	LOC115931654	truthbar	1	0.1898	DN_NC_073244.2_29297022_4	DN_NC_073244.2_65266359_4	0.4345	0.3995	0.4345
LOC101153126	LOC115931857	truthbar	1	0.1993	DN_NC_073244.2_29297022_4	DN_NC_073246.2_15789285_3	0.4345	0.2698	0.4345
LOC101153126	LOC129527827	genuine	0	0.2279	DN_NC_073242.2_66613619_4	DN_NC_073244.2_29297022_4	0.4438	0.4345	0.4438
LOC101153126	LOC129528947	genuine	0	0.4090	DN_NC_073244.2_27408454_4	DN_NC_073244.2_29297022_4	0.5416	0.4345	0.5416
LOC101153126	OSBPL10	genuine	0						
LOC101153126	ZNF141	truthbar	1						
LOC101153126	ZNF195	truthbar	1	0.1373	DN_NC_073233.2_9788172_5	DN_NC_073244.2_29297022_4	0.2339	0.4345	0.4345
LOC101153126	ZNF254	truthbar	1	0.2445	DN_NC_073244.2_29297022_4	DN_NC_073244.2_30438386_2	0.4345	0.3964	0.4345
LOC101153126	ZNF267	truthbar	1	0.1760	DN_NC_073242.2_37386128_4	DN_NC_073244.2_29297022_4	0.2710	0.4345	0.4345
LOC101153126	ZNF273	truthbar	1	0.1654	DN_NC_073230.2_74299233_4	DN_NC_073244.2_29297022_4	0.3847	0.4345	0.4345
LOC101153126	ZNF28	truthbar	1	0.1854	DN_NC_073244.2_29297022_4	DN_NC_073244.2_64759228_5	0.4345	0.3434	0.4345
LOC101153126	ZNF347	truthbar	1						
LOC101153126	ZNF415	truthbar	1						
LOC101153126	ZNF429	truthbar	1	0.6889	DN_NC_073244.2_27956158_2	DN_NC_073244.2_29297022_4	0.5265	0.4345	0.5265
LOC101153126	ZNF43	truthbar	1	0.4022	DN_NC_073244.2_28333451_4	DN_NC_073244.2_29297022_4	0.4625	0.4345	0.4625
LOC101153126	ZNF430	truthbar	1	0.3934	DN_NC_073244.2_27504818_5	DN_NC_073244.2_29297022_4	0.4270	0.4345	0.4345
LOC101153126	ZNF468	truthbar	1	0.2298	DN_NC_073244.2_29297022_4	DN_NC_073244.2_64797239_5	0.4345	0.3221	0.4345
LOC101153126	ZNF480	truthbar	1						
LOC101153126	ZNF486	truthbar	1	0.2276	DN_NC_073244.2_26666712_5	DN_NC_073244.2_29297022_4	0.4566	0.4345	0.4566
LOC101153126	ZNF506	truthbar	1	0.2118	DN_NC_073244.2_26240039_2	DN_NC_073244.2_29297022_4	0.4246	0.4345	0.4345
LOC101153126	ZNF519	truthbar	1	0.2736	DN_NC_073241.2_36126183_3	DN_NC_073244.2_29297022_4	0.1960	0.4345	0.4345
LOC101153126	ZNF528	truthbar	1						
LOC101153126	ZNF578	truthbar	1						
LOC101153126	ZNF595	truthbar	1	0.3340	DN_NC_073227.2_8633418_2	DN_NC_073244.2_29297022_4	0.5689	0.4345	0.5689
LOC101153126	ZNF600	truthbar	1	0.2377	DN_NC_073244.2_29297022_4	DN_NC_073244.2_64724127_4	0.4345	0.3339	0.4345
LOC101153126	ZNF611	truthbar	1	0.1825	DN_NC_073244.2_29297022_4	DN_NC_073244.2_64672255_4	0.4345	0.3521	0.4345
LOC101153126	ZNF616	truthbar	1						
LOC101153126	ZNF626	truthbar	1	0.3685	DN_NC_073244.2_27131194_2	DN_NC_073244.2_29297022_4	0.4557	0.4345	0.4557
LOC101153126	ZNF655	truthbar	1						
LOC101153126	ZNF675	truthbar	1	0.2252	DN_NC_073244.2_29297022_4	DN_NC_073244.2_29970261_4	0.4345	0.3774	0.4345
LOC101153126	ZNF678	truthbar	1	0.2990	DN_NC_073224.2_40627195_4	DN_NC_073244.2_29297022_4	0.3220	0.4345	0.4345
LOC101153126	ZNF680	truthbar	1	0.2323	DN_NC_073230.2_73977205_4	DN_NC_073244.2_29297022_4	0.3066	0.4345	0.4345
LOC101153126	ZNF681	truthbar	1	0.2514	DN_NC_073244.2_29297022_4	DN_NC_073244.2_30067652_4	0.4345	0.4267	0.4345
LOC101153126	ZNF682	truthbar	1	0.2929	DN_NC_073244.2_26470366_4	DN_NC_073244.2_29297022_4	0.3255	0.4345	0.4345
LOC101153126	ZNF695	truthbar	1						
LOC101153126	ZNF701	truthbar	1						
LOC101153126	ZNF721	truthbar	1	0.2785	DN_NC_073227.2_9009655_3	DN_NC_073244.2_29297022_4	0.3750	0.4345	0.4345
LOC101153126	ZNF723	truthbar	1	0.3152	DN_NC_073244.2_29232445_4	DN_NC_073244.2_29297022_4	0.5099	0.4345	0.5099
LOC101153126	ZNF727	truthbar	1	0.1748	DN_NC_073230.2_73508332_4	DN_NC_073244.2_29297022_4	0.3146	0.4345	0.4345
LOC101153126	ZNF736	truthbar	1	0.2136	DN_NC_073230.2_73776646_4	DN_NC_073244.2_29297022_4	0.3000	0.4345	0.4345
LOC101153126	ZNF761	truthbar	1	0.2585	DN_NC_073244.2_29297022_4	DN_NC_073244.2_65362909_5	0.4345	0.3364	0.4345
LOC101153126	ZNF766	truthbar	1						
LOC101153126	ZNF8	truthbar	1						
LOC101153126	ZNF808	truthbar	1						
LOC101153126	ZNF813	truthbar	1	0.1648	DN_NC_073244.2_29297022_4	DN_NC_073244.2_65398487_4	0.4345	0.3208	0.4345
LOC101153126	ZNF83	truthbar	1	0.3384	DN_NC_073244.2_29297022_4	DN_NC_073244.2_64585864_4	0.4345	0.3038	0.4345
LOC101153126	ZNF836	truthbar	1	0.2485	DN_NC_073244.2_29297022_4	DN_NC_073244.2_64125568_5	0.4345	0.4107	0.4345
LOC101153126	ZNF841	truthbar	1	0.1359	DN_NC_073244.2_29297022_4	DN_NC_073244.2_64034715_7	0.4345	0.3325	0.4345
LOC101153126	ZNF888	truthbar	1	0.2174	DN_NC_073244.2_29297022_4	DN_NC_073244.2_64860608_4	0.4345	0.4244	0.4345
LOC101153126	ZNF91	truthbar	1	0.3899	DN_NC_073244.2_29297022_4	DN_NC_073244.2_29680825_4	0.4345	0.4948	0.4948
LOC101153126	ZNF92	truthbar	1	0.1637	DN_NC_073230.2_74637814_2	DN_NC_073244.2_29297022_4	0.3657	0.4345	0.4345
LOC101153131	LOC109024216	truthbar	1	0.2614	DN_NC_073244.2_64908457_4	DN_NC_073244.2_65293743_4	0.2438	0.2768	0.2768
LOC101153131	LOC109026610	truthbar	1						
LOC101153131	LOC115930172	genuine	0						
LOC101153131	LOC115931567	genuine	0	0.2738	DN_NC_073244.2_27566430_5	DN_NC_073244.2_64908457_4	0.4258	0.2438	0.4258
LOC101153131	LOC115931568	truthbar	1						
LOC101153131	LOC115931576	truthbar	1						
LOC101153131	LOC115931654	truthbar	1	0.2734	DN_NC_073244.2_64908457_4	DN_NC_073244.2_65266359_4	0.2438	0.3995	0.3995
LOC101153131	LOC115931857	truthbar	1	0.1790	DN_NC_073244.2_64908457_4	DN_NC_073246.2_15789285_3	0.2438	0.2698	0.2698
LOC101153131	LOC129527827	genuine	0						
LOC101153131	LOC129528947	genuine	0						
LOC101153131	OSBPL10	genuine	0	0.4704	DN_NC_073244.2_64908457_4	DN_NC_086017.1_41849524_2	0.2438	0.2669	0.2669
LOC101153131	ZNF141	truthbar	1						
LOC101153131	ZNF195	truthbar	1						
LOC101153131	ZNF254	truthbar	1						
LOC101153131	ZNF267	truthbar	1	0.3700	DN_NC_073242.2_37386128_4	DN_NC_073244.2_64908457_4	0.2710	0.2438	0.2710
LOC101153131	ZNF273	truthbar	1						
LOC101153131	ZNF28	truthbar	1	0.2390	DN_NC_073244.2_64759228_5	DN_NC_073244.2_64908457_4	0.3434	0.2438	0.3434
LOC101153131	ZNF347	truthbar	1	0.2667	DN_NC_073244.2_64908457_4	DN_NC_073244.2_65073171_5	0.2438	0.3826	0.3826
LOC101153131	ZNF415	truthbar	1	0.4012	DN_NC_073244.2_64908457_4	DN_NC_073244.2_65046428_2	0.2438	0.1755	0.2438
LOC101153131	ZNF429	truthbar	1						
LOC101153131	ZNF43	truthbar	1						
LOC101153131	ZNF430	truthbar	1						
LOC101153131	ZNF468	truthbar	1	0.2464	DN_NC_073244.2_64797239_5	DN_NC_073244.2_64908457_4	0.3221	0.2438	0.3221
LOC101153131	ZNF480	truthbar	1	0.3270	DN_NC_073244.2_64265252_5	DN_NC_073244.2_64908457_4	0.5307	0.2438	0.5307
LOC101153131	ZNF486	truthbar	1						
LOC101153131	ZNF506	truthbar	1						
LOC101153131	ZNF519	truthbar	1	0.2892	DN_NC_073241.2_36126183_3	DN_NC_073244.2_64908457_4	0.1960	0.2438	0.2438
LOC101153131	ZNF528	truthbar	1						
LOC101153131	ZNF578	truthbar	1	0.2150	DN_NC_073244.2_64426370_6	DN_NC_073244.2_64908457_4	0.4463	0.2438	0.4463
LOC101153131	ZNF595	truthbar	1	0.2180	DN_NC_073227.2_8633416_4	DN_NC_073244.2_64908457_4	0.5220	0.2438	0.5220
LOC101153131	ZNF600	truthbar	1	0.3165	DN_NC_073244.2_64724127_4	DN_NC_073244.2_64908457_4	0.3339	0.2438	0.3339
LOC101153131	ZNF611	truthbar	1	0.2794	DN_NC_073244.2_64672255_4	DN_NC_073244.2_64908457_4	0.3521	0.2438	0.3521
LOC101153131	ZNF616	truthbar	1	0.1453	DN_NC_073244.2_64081943_4	DN_NC_073244.2_64908457_4	0.2620	0.2438	0.2620
LOC101153131	ZNF626	truthbar	1						
LOC101153131	ZNF655	truthbar	1	0.1378	DN_NC_073230.2_89256114_4	DN_NC_073244.2_64908457_4	0.1979	0.2438	0.2438
LOC101153131	ZNF675	truthbar	1						
LOC101153131	ZNF678	truthbar	1						
LOC101153131	ZNF680	truthbar	1						
LOC101153131	ZNF681	truthbar	1						
LOC101153131	ZNF682	truthbar	1						
LOC101153131	ZNF695	truthbar	1						
LOC101153131	ZNF701	truthbar	1	0.2348	DN_NC_073244.2_64543447_4	DN_NC_073244.2_64908457_4	0.2106	0.2438	0.2438
LOC101153131	ZNF721	truthbar	1						
LOC101153131	ZNF723	truthbar	1						
LOC101153131	ZNF727	truthbar	1						
LOC101153131	ZNF736	truthbar	1						
LOC101153131	ZNF761	truthbar	1	0.1966	DN_NC_073244.2_64908457_4	DN_NC_073244.2_65362909_5	0.2438	0.3364	0.3364
LOC101153131	ZNF766	truthbar	1	0.3685	DN_NC_073244.2_64231369_4	DN_NC_073244.2_64908457_4	0.2784	0.2438	0.2784
LOC101153131	ZNF8	truthbar	1						
LOC101153131	ZNF808	truthbar	1	0.3105	DN_NC_073244.2_64500861_5	DN_NC_073244.2_64908457_4	0.4373	0.2438	0.4373
LOC101153131	ZNF813	truthbar	1	0.3367	DN_NC_073244.2_64908457_4	DN_NC_073244.2_65398487_4	0.2438	0.3208	0.3208
LOC101153131	ZNF83	truthbar	1	0.4790	DN_NC_073244.2_64585864_4	DN_NC_073244.2_64908457_4	0.3038	0.2438	0.3038
LOC101153131	ZNF836	truthbar	1	0.3019	DN_NC_073244.2_64125568_5	DN_NC_073244.2_64908457_4	0.4107	0.2438	0.4107
LOC101153131	ZNF841	truthbar	1	0.1453	DN_NC_073244.2_64034715_7	DN_NC_073244.2_64908457_4	0.3325	0.2438	0.3325
LOC101153131	ZNF888	truthbar	1	0.5873	DN_NC_073244.2_64860608_4	DN_NC_073244.2_64908457_4	0.4244	0.2438	0.4244
LOC101153131	ZNF91	truthbar	1	0.2180	DN_NC_073244.2_29680825_2	DN_NC_073244.2_64908457_4	0.5202	0.2438	0.5202
LOC101153131	ZNF92	truthbar	1	0.3876	DN_NC_073230.2_74637722_4	DN_NC_073244.2_64908457_4	0.3318	0.2438	0.3318
LOC101153153	LOC129529923	TP	1	0.9969	DN_NC_073247.2_62823555_8	DN_NC_073247.2_62876862_8	0.0997	0.0936	0.0997
LOC101153360	LOC109027174	genuine	0	0.5493	DN_NC_073229.2_47663527_8	DN_NC_073229.2_48177425_8	0.0423	0.2762	0.2762
LOC101153360	MHC-G	truthbar	1	0.4188	DN_NC_073229.2_47377766_7	DN_NC_073229.2_48177425_8	0.0739	0.2762	0.2762
LOC101153366	LOC109027180	TP	1	0.6583	DN_NC_073229.2_70567152_7	DN_NC_073229.2_70609285_7	0.0762	0.1205	0.1205
LOC101153504	LOC109024193	truthbar	1	0.1706	DN_NC_073244.2_69514207_2	DN_NC_073244.2_69601170_4	0.1569	0.2748	0.2748
LOC101153504	LOC115930105	truthbar	1	0.2598	DN_NC_073244.2_69572632_3	DN_NC_073244.2_69601170_4	0.2668	0.2748	0.2748
LOC101153504	ZIK1	truthbar	1	0.2816	DN_NC_073244.2_69601170_4	DN_NC_073244.2_69685698_2	0.2748	0.1538	0.2748
LOC101153504	ZNF132	truthbar	1	0.1842	DN_NC_073244.2_69601170_4	DN_NC_073244.2_70525717_3	0.2748	0.0688	0.2748
LOC101153504	ZNF134	truthbar	1	0.1839	DN_NC_073244.2_69601170_4	DN_NC_073244.2_69715828_2	0.2748	0.0963	0.2748
LOC101153504	ZNF154	truthbar	1	0.3290	DN_NC_073244.2_69601170_4	DN_NC_073244.2_69799604_5	0.2748	0.1146	0.2748
LOC101153504	ZNF256	truthbar	1	0.3423	DN_NC_073244.2_69601170_4	DN_NC_073244.2_70043245_2	0.2748	0.1315	0.2748
LOC101153504	ZNF304	truthbar	1						
LOC101153504	ZNF416	truthbar	1	0.2037	DN_NC_073244.2_69601170_4	DN_NC_073244.2_69672458_4	0.2748	0.0429	0.2748
LOC101153504	ZNF418	truthbar	1						
LOC101153504	ZNF547	truthbar	1	0.1401	DN_NC_073244.2_69466443_4	DN_NC_073244.2_69601170_4	0.1876	0.2748	0.2748
LOC101153504	ZNF548	truthbar	1						
LOC101153504	ZNF549	truthbar	1						
LOC101153504	ZNF551	truthbar	1	0.2088	DN_NC_073244.2_69601170_4	DN_NC_073244.2_69783488_3	0.2748	0.2220	0.2748
LOC101153504	ZNF552	truthbar	1						
LOC101153504	ZNF584	truthbar	1						
LOC101153504	ZNF586	truthbar	1						
LOC101153504	ZNF671	truthbar	1	0.2009	DN_NC_073244.2_69601170_4	DN_NC_073244.2_69821764_4	0.2748	0.0491	0.2748
LOC101153504	ZNF776	truthbar	1						
LOC101153504	ZNF792	truthbar	1	0.2378	DN_NC_073244.2_46013405_4	DN_NC_073244.2_69601170_4	0.1794	0.2748	0.2748
LOC101153526	LOC109024129	genuine	0	0.1693	DN_NC_073231.2_150671293_2	DN_NC_073244.2_59726455_2	0.1037	0.0334	0.1037
LOC101153526	ZKSCAN1	genuine	0	0.1623	DN_NC_073230.2_88726357_6	DN_NC_073231.2_150671310_5	0.2681	0.1908	0.2681
LOC101153526	ZNF121	truthbar	1						
LOC101153526	ZNF232	genuine	0						
LOC101153526	ZNF264	truthbar	1	0.1434	DN_NC_073231.2_150671293_2	DN_NC_073244.2_69294668_4	0.1037	0.1742	0.1742
LOC101153526	ZNF274	truthbar	1						
LOC101153526	ZNF311	truthbar	1	0.1734	DN_NC_073229.2_46656086_7	DN_NC_073231.2_150671293_2	0.2332	0.1037	0.2332
LOC101153526	ZNF35	genuine	0	0.2293	DN_NC_073231.2_150671293_2	DN_NC_086017.1_54551513_4	0.1037	0.1422	0.1422
LOC101153526	ZNF397	genuine	0	0.1601	DN_NC_073231.2_150671310_5	DN_NC_073241.2_64468689_4	0.1908	0.2853	0.2853
LOC101153526	ZNF436	truthbar	1	0.1582	DN_NC_073224.2_216467757_3	DN_NC_073231.2_150671310_5	0.1508	0.1908	0.1908
LOC101153526	ZNF460	truthbar	1						
LOC101153526	ZNF473	truthbar	1	0.2313	DN_NC_073231.2_150671293_2	DN_NC_073244.2_59724372_5	0.1037	0.0567	0.1037
LOC101153526	ZNF502	truthbar	1	0.2008	DN_NC_073231.2_150671310_5	DN_NC_086017.1_54612772_3	0.1908	0.1708	0.1908
LOC101153526	ZNF543	truthbar	1	0.2176	DN_NC_073231.2_150671293_2	DN_NC_073244.2_69422908_4	0.1037	0.1121	0.1121
LOC101153526	ZNF550	truthbar	1	0.1896	DN_NC_073231.2_150671293_2	DN_NC_073244.2_69643403_5	0.1037	0.1071	0.1071
LOC101153526	ZNF594	truthbar	1	0.1800	DN_NC_073231.2_150671293_2	DN_NC_073243.2_20322881_2	0.1037	0.3175	0.3175
LOC101153526	ZNF667	truthbar	1	0.2725	DN_NC_073231.2_150671293_2	DN_NC_073244.2_68548768_5	0.1037	0.2719	0.2719
LOC101153526	ZNF805	truthbar	1	0.1484	DN_NC_073231.2_150671293_2	DN_NC_073244.2_69343714_4	0.1037	0.2557	0.2557
LOC101153526	ZSCAN12	genuine	0	0.1686	DN_NC_073229.2_46022147_4	DN_NC_073231.2_150671310_5	0.1240	0.1908	0.1908
LOC101153526	ZSCAN16	genuine	0						
LOC101153526	ZSCAN20	genuine	0						
LOC101153526	ZSCAN22	genuine	0	0.1467	DN_NC_073231.2_150671310_5	DN_NC_073244.2_70422477_3	0.1908	0.1123	0.1908
LOC101153526	ZSCAN9	genuine	0						
LOC101153611	LOC115931590	TP	1	1.0000	DN_NC_073244.2_68293337_5	DN_NC_073244.2_68333010_5	0.0346	0.0340	0.0346
LOC101153611	ZSCAN5B	truthbar	1	0.4856	DN_NC_073244.2_68258639_5	DN_NC_073244.2_68333010_5	0.0240	0.0340	0.0340
LOC101153725	LOC101153837	truthbar	1	0.1950	DN_NC_073244.2_17678736_4	DN_NC_073244.2_18232282_4	0.3252	0.1848	0.3252
LOC101153725	LOC101154200	truthbar	1	0.2105	DN_NC_073244.2_17678736_4	DN_NC_073244.2_18307855_4	0.3252	0.2845	0.3252
LOC101153725	LOC109024269	genuine	0	0.3119	DN_NC_073244.2_17678736_4	DN_NC_073244.2_18045307_2	0.3252	0.2882	0.3252
LOC101153725	LOC109025073	truthbar	1	0.2667	DN_NC_073244.2_17678736_4	DN_NC_073244.2_18096775_3	0.3252	0.2715	0.3252
LOC101153725	LOC129527774	genuine	0						
LOC101153725	RPL14	genuine	0						
LOC101153725	ZNF124	truthbar	1	0.3556	DN_NC_073224.2_8261601_4	DN_NC_073244.2_17678736_4	0.2609	0.3252	0.3252
LOC101153725	ZNF136	truthbar	1	0.3288	DN_NC_073244.2_17678736_4	DN_NC_073244.2_18201516_4	0.3252	0.2902	0.3252
LOC101153725	ZNF14	truthbar	1	0.2761	DN_NC_073244.2_17678736_4	DN_NC_073244.2_26156853_4	0.3252	0.3080	0.3252
LOC101153725	ZNF426	truthbar	1	0.2522	DN_NC_073244.2_15569240_8	DN_NC_073244.2_17678736_4	0.2474	0.3252	0.3252
LOC101153725	ZNF433	truthbar	1	0.3419	DN_NC_073244.2_17678736_4	DN_NC_073244.2_18047026_4	0.3252	0.2906	0.3252
LOC101153725	ZNF440	truthbar	1	0.2396	DN_NC_073244.2_17678736_4	DN_NC_073244.2_17846610_4	0.3252	0.2517	0.3252
LOC101153725	ZNF441	truthbar	1	0.1555	DN_NC_073244.2_17678736_4	DN_NC_073244.2_17797611_4	0.3252	0.3134	0.3252
LOC101153725	ZNF443	truthbar	1	0.3209	DN_NC_073244.2_17678736_4	DN_NC_073244.2_18470484_4	0.3252	0.1929	0.3252
LOC101153725	ZNF490	truthbar	1	0.1705	DN_NC_073244.2_17678736_4	DN_NC_073244.2_18614963_5	0.3252	0.3893	0.3893
LOC101153725	ZNF563	truthbar	1	0.2781	DN_NC_073244.2_17678736_4	DN_NC_073244.2_18356684_4	0.3252	0.3045	0.3252
LOC101153725	ZNF564	truthbar	1	0.1885	DN_NC_073244.2_17678736_4	DN_NC_073244.2_18564507_4	0.3252	0.3214	0.3252
LOC101153725	ZNF57	truthbar	1	0.3103	DN_NC_073244.2_17678736_4	DN_NC_073244.2_8680135_4	0.3252	0.2270	0.3252
LOC101153725	ZNF627	truthbar	1	0.3940	DN_NC_073244.2_17635782_4	DN_NC_073244.2_17678736_4	0.2854	0.3252	0.3252
LOC101153725	ZNF669	truthbar	1	0.3754	DN_NC_073224.2_8329397_4	DN_NC_073244.2_17678736_4	0.3619	0.3252	0.3619
LOC101153725	ZNF670	truthbar	1						
LOC101153725	ZNF77	truthbar	1	0.2224	DN_NC_073244.2_17700597_4	DN_NC_073244.2_8711681_4	0.2962	0.1126	0.2962
LOC101153725	ZNF791	truthbar	1						
LOC101153725	ZNF799	truthbar	1	0.2557	DN_NC_073244.2_17678736_4	DN_NC_073244.2_18426035_4	0.3252	0.2437	0.3252
LOC101153725	ZNF823	truthbar	1	0.3642	DN_NC_073244.2_17678736_4	DN_NC_073244.2_17751584_2	0.3252	0.2238	0.3252
LOC101153727	LOC109024207	genuine	0	0.2005	DN_NC_073244.2_48384768_7	DN_NC_073244.2_49176797_4	0.2840	0.2779	0.2840
LOC101153727	LOC109027078	truthbar	1	0.1587	DN_NC_073228.2_182909765_5	DN_NC_073244.2_48384768_7	0.3000	0.2840	0.3000
LOC101153727	LOC115931610	truthbar	1						
LOC101153727	ZFP28	truthbar	1	0.2377	DN_NC_073244.2_48384768_7	DN_NC_073244.2_68643423_8	0.2840	0.2165	0.2840
LOC101153727	ZFP3	truthbar	1						
LOC101153727	ZFP69	truthbar	1						
LOC101153727	ZFP82	truthbar	1	0.1856	DN_NC_073244.2_47586219_5	DN_NC_073244.2_48384768_7	0.2963	0.2840	0.2963
LOC101153727	ZNF177	truthbar	1	0.2526	DN_NC_073244.2_15357025_8	DN_NC_073244.2_48384768_7	0.1936	0.2840	0.2840
LOC101153727	ZNF184	truthbar	1	0.2563	DN_NC_073229.2_45067329_6	DN_NC_073244.2_48384768_7	0.1831	0.2840	0.2840
LOC101153727	ZNF189	truthbar	1	0.1554	DN_NC_073237.2_97733433_3	DN_NC_073244.2_48384768_7	0.3112	0.2840	0.3112
LOC101153727	ZNF266	truthbar	1						
LOC101153727	ZNF283	genuine	0	0.2848	DN_NC_073244.2_48384768_7	DN_NC_073244.2_55341363_7	0.2840	0.3000	0.3000
LOC101153727	ZNF30	truthbar	1	0.2460	DN_NC_073244.2_45985550_6	DN_NC_073244.2_48384768_7	0.1432	0.2840	0.2840
LOC101153727	ZNF329	truthbar	1						
LOC101153727	ZNF331	truthbar	1	0.2075	DN_NC_073244.2_48384768_7	DN_NC_073244.2_65470296_6	0.2840	0.2293	0.2840
LOC101153727	ZNF420	truthbar	1	0.3898	DN_NC_073244.2_48242798_5	DN_NC_073244.2_48384768_7	0.2498	0.2840	0.2840
LOC101153727	ZNF461	truthbar	1	0.3080	DN_NC_073244.2_47831779_6	DN_NC_073244.2_48384768_7	0.2212	0.2840	0.2840
LOC101153727	ZNF471	truthbar	1						
LOC101153727	ZNF529	truthbar	1	0.1339	DN_NC_073244.2_47739503_5	DN_NC_073244.2_48384768_7	0.3430	0.2840	0.3430
LOC101153727	ZNF540	truthbar	1						
LOC101153727	ZNF546	truthbar	1	0.3423	DN_NC_073244.2_48384768_7	DN_NC_073244.2_51749194_6	0.2840	0.3443	0.3443
LOC101153727	ZNF560	truthbar	1	0.3146	DN_NC_073244.2_15508499_10	DN_NC_073244.2_48384768_7	0.1478	0.2840	0.2840
LOC101153727	ZNF565	truthbar	1	0.3625	DN_NC_073244.2_47250467_5	DN_NC_073244.2_48384768_7	0.2541	0.2840	0.2840
LOC101153727	ZNF566	truthbar	1	0.3807	DN_NC_073244.2_47642985_5	DN_NC_073244.2_48384768_7	0.3037	0.2840	0.3037
LOC101153727	ZNF571	truthbar	1	0.2522	DN_NC_073244.2_48384768_7	DN_NC_073244.2_49072464_4	0.2840	0.1879	0.2840
LOC101153727	ZNF573	truthbar	1	0.2894	DN_NC_073244.2_48384768_7	DN_NC_073244.2_49246931_6	0.2840	0.3121	0.3121
LOC101153727	ZNF582	truthbar	1	0.4580	DN_NC_073244.2_48384768_7	DN_NC_073244.2_68491976_5	0.2840	0.1818	0.2840
LOC101153727	ZNF583	truthbar	1	0.2303	DN_NC_073244.2_48384768_7	DN_NC_073244.2_68513423_5	0.2840	0.2489	0.2840
LOC101153727	ZNF596	truthbar	1						
LOC101153727	ZNF607	truthbar	1	0.1422	DN_NC_073244.2_48384768_7	DN_NC_073244.2_49205215_5	0.2840	0.1922	0.2840
LOC101153727	ZNF665	truthbar	1	0.4043	DN_NC_073244.2_48384768_7	DN_NC_073244.2_65102393_4	0.2840	0.3815	0.3815
LOC101153727	ZNF684	truthbar	1						
LOC101153727	ZNF780A	truthbar	1	0.1331	DN_NC_073244.2_48384768_7	DN_NC_073244.2_51825388_5	0.2840	0.1618	0.2840
LOC101153727	ZNF780B	truthbar	1						
LOC101153727	ZNF790	truthbar	1	0.1914	DN_NC_073244.2_47997304_5	DN_NC_073244.2_48384768_7	0.2772	0.2840	0.2840
LOC101153727	ZNF829	truthbar	1						
LOC101153727	ZNF891	truthbar	1						
LOC101153837	LOC101154200	truthbar	1	0.1324	DN_NC_073244.2_18232282_4	DN_NC_073244.2_18307855_4	0.1848	0.2845	0.2845
LOC101153837	LOC109024269	genuine	0	0.3878	DN_NC_073244.2_18045307_2	DN_NC_073244.2_18232282_4	0.2882	0.1848	0.2882
LOC101153837	LOC109025073	genuine	0	0.1555	DN_NC_073244.2_18096775_3	DN_NC_073244.2_18232282_4	0.2715	0.1848	0.2715
LOC101153837	LOC129527774	genuine	0						
LOC101153837	RPL14	genuine	0						
LOC101153837	ZNF124	truthbar	1	0.1936	DN_NC_073224.2_8261601_4	DN_NC_073244.2_18232282_4	0.2609	0.1848	0.2609
LOC101153837	ZNF136	truthbar	1	0.2457	DN_NC_073244.2_18201516_4	DN_NC_073244.2_18232282_4	0.2902	0.1848	0.2902
LOC101153837	ZNF14	truthbar	1						
LOC101153837	ZNF426	truthbar	1						
LOC101153837	ZNF433	genuine	0						
LOC101153837	ZNF440	truthbar	1						
LOC101153837	ZNF441	truthbar	1						
LOC101153837	ZNF443	truthbar	1						
LOC101153837	ZNF490	truthbar	1	0.2479	DN_NC_073244.2_18232282_4	DN_NC_073244.2_18614963_5	0.1848	0.3893	0.3893
LOC101153837	ZNF563	truthbar	1						
LOC101153837	ZNF564	truthbar	1	0.1617	DN_NC_073244.2_18232282_4	DN_NC_073244.2_18564507_4	0.1848	0.3214	0.3214
LOC101153837	ZNF57	truthbar	1	0.1422	DN_NC_073244.2_18232282_4	DN_NC_073244.2_8680135_4	0.1848	0.2270	0.2270
LOC101153837	ZNF627	truthbar	1	0.2021	DN_NC_073244.2_17635782_4	DN_NC_073244.2_18232282_4	0.2854	0.1848	0.2854
LOC101153837	ZNF669	truthbar	1	0.1857	DN_NC_073224.2_8329397_4	DN_NC_073244.2_18232282_4	0.3619	0.1848	0.3619
LOC101153837	ZNF670	truthbar	1						
LOC101153837	ZNF77	truthbar	1	0.3632	DN_NC_073244.2_18232282_4	DN_NC_073244.2_8711681_4	0.1848	0.1126	0.1848
LOC101153837	ZNF791	truthbar	1	0.1795	DN_NC_073244.2_18232282_4	DN_NC_073244.2_18649721_4	0.1848	0.4193	0.4193
LOC101153837	ZNF799	truthbar	1						
LOC101153837	ZNF823	truthbar	1						
LOC101153891	LOC109026917	genuine	0	0.1345	DN_NC_073224.2_27333739_3	DN_NC_073228.2_64771915_4	0.1338	0.1815	0.1815
LOC101153990	TLE2	truthbar	1	0.4067	DN_NC_073237.2_75784390_20	DN_NC_073244.2_8775501_20	0.1129	0.0397	0.1129
LOC101154200	LOC109024269	genuine	0	0.2207	DN_NC_073244.2_18045307_2	DN_NC_073244.2_18307855_4	0.2882	0.2845	0.2882
LOC101154200	LOC109025073	truthbar	1	0.2393	DN_NC_073244.2_18096775_3	DN_NC_073244.2_18307855_4	0.2715	0.2845	0.2845
LOC101154200	LOC129527774	genuine	0						
LOC101154200	RPL14	genuine	0						
LOC101154200	ZNF124	truthbar	1	0.1840	DN_NC_073224.2_8261601_4	DN_NC_073244.2_18307855_4	0.2609	0.2845	0.2845
LOC101154200	ZNF136	truthbar	1	0.2838	DN_NC_073244.2_18201516_4	DN_NC_073244.2_18307855_4	0.2902	0.2845	0.2902
LOC101154200	ZNF14	truthbar	1						
LOC101154200	ZNF426	truthbar	1	0.1321	DN_NC_073244.2_15569240_8	DN_NC_073244.2_18307855_4	0.2474	0.2845	0.2845
LOC101154200	ZNF433	truthbar	1	0.3231	DN_NC_073244.2_18047026_4	DN_NC_073244.2_18307855_4	0.2906	0.2845	0.2906
LOC101154200	ZNF440	truthbar	1	0.2805	DN_NC_073244.2_17846610_4	DN_NC_073244.2_18307855_4	0.2517	0.2845	0.2845
LOC101154200	ZNF441	truthbar	1						
LOC101154200	ZNF443	truthbar	1	0.3451	DN_NC_073244.2_18307855_4	DN_NC_073244.2_18470484_4	0.2845	0.1929	0.2845
LOC101154200	ZNF490	truthbar	1						
LOC101154200	ZNF563	truthbar	1	0.4825	DN_NC_073244.2_18307855_4	DN_NC_073244.2_18356684_4	0.2845	0.3045	0.3045
LOC101154200	ZNF564	truthbar	1	0.2073	DN_NC_073244.2_18307855_4	DN_NC_073244.2_18564507_4	0.2845	0.3214	0.3214
LOC101154200	ZNF57	truthbar	1	0.1734	DN_NC_073244.2_18307855_4	DN_NC_073244.2_8680135_4	0.2845	0.2270	0.2845
LOC101154200	ZNF627	truthbar	1						
LOC101154200	ZNF669	truthbar	1	0.2368	DN_NC_073224.2_8329397_4	DN_NC_073244.2_18307855_4	0.3619	0.2845	0.3619
LOC101154200	ZNF670	truthbar	1						
LOC101154200	ZNF77	truthbar	1	0.1470	DN_NC_073244.2_18307855_4	DN_NC_073244.2_8711681_4	0.2845	0.1126	0.2845
LOC101154200	ZNF791	truthbar	1	0.1476	DN_NC_073244.2_18307855_4	DN_NC_073244.2_18649721_4	0.2845	0.4193	0.4193
LOC101154200	ZNF799	truthbar	1	0.4324	DN_NC_073244.2_18307855_4	DN_NC_073244.2_18426035_4	0.2845	0.2437	0.2845
LOC101154200	ZNF823	truthbar	1	0.6977	DN_NC_073244.2_17751584_2	DN_NC_073244.2_18307855_4	0.2238	0.2845	0.2845
LOC101154261	RBM4	genuine	0	0.3674	DN_NC_073233.2_74557606_4	DN_NC_073233.2_74583920_4	0.0821	0.0940	0.0940
LOC101154433	LOC115930161	TP	1	0.7692	DN_NC_073242.2_99181437_12	DN_NC_073242.2_99604879_12	0.0269	0.0139	0.0269
LOC101154433	LOC129527724	TP	1	0.4590	DN_NC_073242.2_104350782_12	DN_NC_073242.2_99604879_12	0.0211	0.0139	0.0211
LOC101154437	TUBG2	TP	1	0.7854	DN_NC_073228.2_49804904_11	DN_NC_073228.2_49856055_11	0.0011	0.0176	0.0176
LOC101154556	TOM1L1	genuine	0	0.4554	DN_NC_073228.2_37084614_4	DN_NC_073228.2_37089052_16	0.1147	0.1086	0.1147
LOC109023154	LOC109024560	genuine	0						
LOC109023154	LOC109025730	genuine	0	0.2485	DN_NC_073224.2_123525276_5	DN_NC_073239.2_123333523_2	0.4684	0.2548	0.4684
LOC109023154	LOC109028669	genuine	0						
LOC109023154	LOC129530096	genuine	0						
LOC109023154	LOC129530131	genuine	0	0.1467	DN_NC_073239.2_123333523_2	DN_NC_073247.2_115708949_2	0.2548	0.2180	0.2548
LOC109023154	LOC129533438	genuine	0						
LOC109023154	LOC134756589	genuine	0	0.1467	DN_NC_073234.2_126370406_2	DN_NC_073239.2_123333523_2	0.4160	0.2548	0.4160
LOC109023154	LRFN5	genuine	0						
LOC109023154	MINPP1	genuine	0						
LOC109023154	MMP24OS	genuine	0						
LOC109023154	NCALD	genuine	0	0.1445	DN_NC_073231.2_107519754_4	DN_NC_073239.2_123333523_2	0.1799	0.2548	0.2548
LOC109023154	NCR3LG1	genuine	0	0.1454	DN_NC_073233.2_23732821_4	DN_NC_073239.2_123333523_2	0.1950	0.2548	0.2548
LOC109023154	NFXL1	genuine	0						
LOC109023154	OXCT1	genuine	0						
LOC109023154	PDCD5	genuine	0	0.2641	DN_NC_073239.2_123333523_2	DN_NC_073244.2_43610901_6	0.2548	0.4805	0.4805
LOC109023154	SELENOP	genuine	0	0.1436	DN_NC_073239.2_123333523_2	DN_NC_073243.2_69046517_5	0.2548	0.2890	0.2890
LOC109023154	SEM1	genuine	0						
LOC109023154	SMYD3	genuine	0						
LOC109023154	SPATA33	genuine	0						
LOC109023154	SPC25	genuine	0	0.2449	DN_NC_073235.2_71373985_7	DN_NC_073239.2_123333523_2	0.4132	0.2548	0.4132
LOC109023154	THNSL1	genuine	0						
LOC109023154	TMEM38B	genuine	0	0.1467	DN_NC_073237.2_101948554_6	DN_NC_073239.2_123333523_2	0.3249	0.2548	0.3249
LOC109023154	TSPAN8	genuine	0	0.1388	DN_NC_073234.2_86426177_10	DN_NC_073239.2_123333523_2	0.3965	0.2548	0.3965
LOC109023154	UCHL1	genuine	0	0.1454	DN_NC_073227.2_49278079_9	DN_NC_073239.2_123333523_2	0.3524	0.2548	0.3524
LOC109023261	LOC109023855	genuine	0						
LOC109023261	LOC109029389	genuine	0						
LOC109023261	LOC129526123	genuine	0						
LOC109023261	LOC129532125	genuine	0	0.1483	DN_NC_073235.2_83159862_3	DN_NC_073239.2_87154592_2	0.3187	0.3862	0.3862
LOC109023261	LOC129532145	genuine	0						
LOC109023261	LOC129532854	genuine	0	0.1649	DN_NC_073227.2_109806788_5	DN_NC_073239.2_87154592_2	0.5110	0.3862	0.5110
LOC109023261	NLGN1	genuine	0						
LOC109023386	LOC115930830	TP	1	0.2988	DN_NC_073240.2_23447377_5	DN_NC_073240.2_31271054_17	0.1846	0.0842	0.1846
LOC109023386	LOC129527072	TP	0						
LOC109023386	LOC134757229	TP	0	0.3211	DN_NC_073240.2_23459848_11	DN_NC_073240.2_24764672_4	0.1035	0.4845	0.4845
LOC109023808	LOC115930530	genuine	0						
LOC109023808	LOC115931240	genuine	0	0.7007	DN_NC_073243.2_97368865_2	DN_NC_073243.2_97368870_3	0.1087	0.0757	0.1087
LOC109023809	TRIP13	genuine	0	0.3281	DN_NC_073224.2_117447152_14	DN_NC_073243.2_111262956_13	0.2343	0.1657	0.2343
LOC109023855	LOC109029389	genuine	0						
LOC109023855	LOC129526123	genuine	0	0.1348	DN_NC_073238.2_125561692_4	DN_NC_073243.2_94988262_4	0.3042	0.3381	0.3381
LOC109023855	LOC129532125	genuine	0						
LOC109023855	LOC129532145	genuine	0						
LOC109023855	LOC129532854	genuine	0	0.2026	DN_NC_073227.2_109806788_5	DN_NC_073243.2_94988262_4	0.5110	0.3381	0.5110
LOC109023855	NLGN1	genuine	0	0.1432	DN_NC_073243.2_94988262_4	DN_NC_086017.1_185299820_2	0.3381	0.3208	0.3381
LOC109024129	ZNF264	genuine	0	0.2021	DN_NC_073244.2_59726455_2	DN_NC_073244.2_69294668_4	0.0334	0.1742	0.1742
LOC109024129	ZNF311	genuine	0						
LOC109024129	ZNF35	genuine	0	0.2238	DN_NC_073244.2_59726455_2	DN_NC_086017.1_54551513_4	0.0334	0.1422	0.1422
LOC109024129	ZNF460	genuine	0						
LOC109024129	ZNF473	genuine	0	0.9195	DN_NC_073244.2_59724372_5	DN_NC_073244.2_59726455_2	0.0567	0.0334	0.0567
LOC109024129	ZNF543	genuine	0						
LOC109024129	ZNF550	genuine	0						
LOC109024129	ZNF594	genuine	0	0.1797	DN_NC_073243.2_20322881_2	DN_NC_073244.2_59726455_2	0.3175	0.0334	0.3175
LOC109024129	ZNF667	genuine	0						
LOC109024129	ZNF805	genuine	0						
LOC109024129	ZSCAN20	genuine	0	0.1345	DN_NC_073224.2_206460331_8	DN_NC_073244.2_59726455_2	0.0571	0.0334	0.0571
LOC109024193	LOC115930105	truthbar	1	0.1780	DN_NC_073244.2_69514207_2	DN_NC_073244.2_69572632_2	0.1569	0.2691	0.2691
LOC109024193	ZIK1	truthbar	1	0.1886	DN_NC_073244.2_69514207_2	DN_NC_073244.2_69685698_2	0.1569	0.1538	0.1569
LOC109024193	ZNF132	truthbar	1	0.3905	DN_NC_073244.2_69514207_2	DN_NC_073244.2_70525717_3	0.1569	0.0688	0.1569
LOC109024193	ZNF134	truthbar	1	0.1749	DN_NC_073244.2_69514207_2	DN_NC_073244.2_69715659_3	0.1569	0.1130	0.1569
LOC109024193	ZNF154	truthbar	1	0.3083	DN_NC_073244.2_69514207_2	DN_NC_073244.2_69799604_5	0.1569	0.1146	0.1569
LOC109024193	ZNF256	truthbar	1	0.2139	DN_NC_073244.2_69514207_2	DN_NC_073244.2_70043245_2	0.1569	0.1315	0.1569
LOC109024193	ZNF304	truthbar	1	0.3189	DN_NC_073244.2_69454318_2	DN_NC_073244.2_69514207_2	0.0843	0.1569	0.1569
LOC109024193	ZNF416	truthbar	1	0.2238	DN_NC_073244.2_69514207_2	DN_NC_073244.2_69672458_4	0.1569	0.0429	0.1569
LOC109024193	ZNF418	truthbar	1	0.1581	DN_NC_073244.2_69514207_2	DN_NC_073244.2_70024584_5	0.1569	0.1190	0.1569
LOC109024193	ZNF547	truthbar	1						
LOC109024193	ZNF548	truthbar	1	0.1839	DN_NC_073244.2_69492904_4	DN_NC_073244.2_69514207_2	0.3216	0.1569	0.3216
LOC109024193	ZNF549	truthbar	1						
LOC109024193	ZNF551	truthbar	1	0.1573	DN_NC_073244.2_69514207_2	DN_NC_073244.2_69783488_3	0.1569	0.2220	0.2220
LOC109024193	ZNF552	truthbar	1						
LOC109024193	ZNF584	truthbar	1	0.1929	DN_NC_073244.2_69514207_2	DN_NC_073244.2_70501781_3	0.1569	0.2138	0.2138
LOC109024193	ZNF586	truthbar	1						
LOC109024193	ZNF671	truthbar	1						
LOC109024193	ZNF776	truthbar	1						
LOC109024193	ZNF792	truthbar	1	0.2019	DN_NC_073244.2_46013405_4	DN_NC_073244.2_69514207_2	0.1794	0.1569	0.1794
LOC109024207	LOC109027078	genuine	0	0.1835	DN_NC_073228.2_182909765_5	DN_NC_073244.2_49176797_4	0.3000	0.2779	0.3000
LOC109024207	LOC115931610	genuine	0						
LOC109024207	ZFP28	genuine	0						
LOC109024207	ZFP3	genuine	0						
LOC109024207	ZFP69	genuine	0						
LOC109024207	ZFP82	genuine	0						
LOC109024207	ZNF177	genuine	0						
LOC109024207	ZNF184	genuine	0	0.1828	DN_NC_073229.2_45067329_6	DN_NC_073244.2_49176797_4	0.1831	0.2779	0.2779
LOC109024207	ZNF189	genuine	0						
LOC109024207	ZNF266	genuine	0						
LOC109024207	ZNF283	genuine	0						
LOC109024207	ZNF30	genuine	0	0.2185	DN_NC_073244.2_45985550_6	DN_NC_073244.2_49176797_4	0.1432	0.2779	0.2779
LOC109024207	ZNF329	genuine	0						
LOC109024207	ZNF331	genuine	0						
LOC109024207	ZNF420	genuine	0	0.1575	DN_NC_073244.2_48242798_5	DN_NC_073244.2_49176797_4	0.2498	0.2779	0.2779
LOC109024207	ZNF461	genuine	0						
LOC109024207	ZNF471	genuine	0	0.1825	DN_NC_073244.2_49176797_4	DN_NC_073244.2_68611978_5	0.2779	0.3475	0.3475
LOC109024207	ZNF529	genuine	0						
LOC109024207	ZNF540	genuine	0						
LOC109024207	ZNF546	genuine	0	0.1565	DN_NC_073244.2_49176797_4	DN_NC_073244.2_51749194_6	0.2779	0.3443	0.3443
LOC109024207	ZNF560	genuine	0	0.1902	DN_NC_073244.2_15508499_10	DN_NC_073244.2_49176797_4	0.1478	0.2779	0.2779
LOC109024207	ZNF565	genuine	0	0.1811	DN_NC_073244.2_47250467_5	DN_NC_073244.2_49176797_4	0.2541	0.2779	0.2779
LOC109024207	ZNF566	genuine	0						
LOC109024207	ZNF571	genuine	0	0.2327	DN_NC_073244.2_49072464_4	DN_NC_073244.2_49176797_4	0.1879	0.2779	0.2779
LOC109024207	ZNF573	genuine	0	0.2136	DN_NC_073244.2_49176797_4	DN_NC_073244.2_49246931_6	0.2779	0.3121	0.3121
LOC109024207	ZNF582	genuine	0	0.1489	DN_NC_073244.2_49176797_4	DN_NC_073244.2_68491976_5	0.2779	0.1818	0.2779
LOC109024207	ZNF583	genuine	0						
LOC109024207	ZNF596	genuine	0						
LOC109024207	ZNF607	genuine	0	0.1521	DN_NC_073244.2_49176797_4	DN_NC_073244.2_49205215_5	0.2779	0.1922	0.2779
LOC109024207	ZNF665	genuine	0	0.1948	DN_NC_073244.2_49176797_4	DN_NC_073244.2_65102393_4	0.2779	0.3815	0.3815
LOC109024207	ZNF684	genuine	0						
LOC109024207	ZNF780A	genuine	0						
LOC109024207	ZNF780B	genuine	0						
LOC109024207	ZNF790	genuine	0						
LOC109024207	ZNF829	genuine	0	0.1461	DN_NC_073244.2_48066692_6	DN_NC_073244.2_49176797_4	0.4705	0.2779	0.4705
LOC109024207	ZNF891	genuine	0						
LOC109024216	LOC109026610	genuine	0	0.1417	DN_NC_073227.2_8705656_4	DN_NC_073244.2_65293743_4	0.3416	0.2768	0.3416
LOC109024216	LOC115930172	genuine	0	0.1919	DN_NC_073244.2_27051998_4	DN_NC_073244.2_65293743_4	0.4137	0.2768	0.4137
LOC109024216	LOC115931567	truthbar	1	0.1636	DN_NC_073244.2_27566430_5	DN_NC_073244.2_65293743_4	0.4258	0.2768	0.4258
LOC109024216	LOC115931568	truthbar	1	0.1910	DN_NC_073244.2_28072858_4	DN_NC_073244.2_65293743_4	0.3930	0.2768	0.3930
LOC109024216	LOC115931576	truthbar	1	0.3211	DN_NC_073244.2_29046961_4	DN_NC_073244.2_65293743_4	0.4500	0.2768	0.4500
LOC109024216	LOC115931654	truthbar	1	0.4760	DN_NC_073244.2_65266359_4	DN_NC_073244.2_65293743_4	0.3995	0.2768	0.3995
LOC109024216	LOC115931857	truthbar	1						
LOC109024216	LOC129527827	genuine	0	0.1570	DN_NC_073242.2_66613619_4	DN_NC_073244.2_65293743_4	0.4438	0.2768	0.4438
LOC109024216	LOC129528947	genuine	0	0.1644	DN_NC_073244.2_27408454_4	DN_NC_073244.2_65293743_4	0.5416	0.2768	0.5416
LOC109024216	OSBPL10	genuine	0	0.1640	DN_NC_073244.2_65293743_4	DN_NC_086017.1_41849524_2	0.2768	0.2669	0.2768
LOC109024216	ZNF141	genuine	0						
LOC109024216	ZNF195	truthbar	1						
LOC109024216	ZNF254	truthbar	1	0.3692	DN_NC_073244.2_30438386_2	DN_NC_073244.2_65293743_4	0.3964	0.2768	0.3964
LOC109024216	ZNF267	truthbar	1						
LOC109024216	ZNF273	truthbar	1	0.3276	DN_NC_073230.2_74299233_4	DN_NC_073244.2_65293743_4	0.3847	0.2768	0.3847
LOC109024216	ZNF28	truthbar	1	0.1933	DN_NC_073244.2_64759228_5	DN_NC_073244.2_65293743_4	0.3434	0.2768	0.3434
LOC109024216	ZNF347	truthbar	1	0.3150	DN_NC_073244.2_65073171_5	DN_NC_073244.2_65293743_4	0.3826	0.2768	0.3826
LOC109024216	ZNF415	genuine	0	0.3966	DN_NC_073244.2_65046428_2	DN_NC_073244.2_65293743_4	0.1755	0.2768	0.2768
LOC109024216	ZNF429	truthbar	1	0.1458	DN_NC_073244.2_27956158_4	DN_NC_073244.2_65293743_4	0.5461	0.2768	0.5461
LOC109024216	ZNF43	truthbar	1	0.3045	DN_NC_073244.2_28333451_4	DN_NC_073244.2_65293743_4	0.4625	0.2768	0.4625
LOC109024216	ZNF430	truthbar	1	0.1392	DN_NC_073244.2_27504818_5	DN_NC_073244.2_65293743_4	0.4270	0.2768	0.4270
LOC109024216	ZNF468	genuine	0	0.1694	DN_NC_073244.2_64797239_5	DN_NC_073244.2_65293743_4	0.3221	0.2768	0.3221
LOC109024216	ZNF480	genuine	0	0.2179	DN_NC_073244.2_64265252_5	DN_NC_073244.2_65293743_4	0.5307	0.2768	0.5307
LOC109024216	ZNF486	genuine	0	0.2080	DN_NC_073244.2_26666712_5	DN_NC_073244.2_65293743_4	0.4566	0.2768	0.4566
LOC109024216	ZNF506	genuine	0	0.1528	DN_NC_073244.2_26240039_2	DN_NC_073244.2_65293743_4	0.4246	0.2768	0.4246
LOC109024216	ZNF519	truthbar	1						
LOC109024216	ZNF528	truthbar	1						
LOC109024216	ZNF578	truthbar	1	0.2522	DN_NC_073244.2_64426370_6	DN_NC_073244.2_65293743_4	0.4463	0.2768	0.4463
LOC109024216	ZNF595	truthbar	1						
LOC109024216	ZNF600	truthbar	1	0.2837	DN_NC_073244.2_64724127_4	DN_NC_073244.2_65293743_4	0.3339	0.2768	0.3339
LOC109024216	ZNF611	truthbar	1	0.2509	DN_NC_073244.2_64672255_4	DN_NC_073244.2_65293743_4	0.3521	0.2768	0.3521
LOC109024216	ZNF616	truthbar	1						
LOC109024216	ZNF626	genuine	0	0.1573	DN_NC_073244.2_27131194_2	DN_NC_073244.2_65293743_4	0.4557	0.2768	0.4557
LOC109024216	ZNF655	genuine	0						
LOC109024216	ZNF675	truthbar	1						
LOC109024216	ZNF678	truthbar	1						
LOC109024216	ZNF680	truthbar	1						
LOC109024216	ZNF681	truthbar	1	0.1512	DN_NC_073244.2_30067652_4	DN_NC_073244.2_65293743_4	0.4267	0.2768	0.4267
LOC109024216	ZNF682	genuine	0	0.3024	DN_NC_073244.2_26470366_4	DN_NC_073244.2_65293743_4	0.3255	0.2768	0.3255
LOC109024216	ZNF695	truthbar	1						
LOC109024216	ZNF701	genuine	0	0.2184	DN_NC_073244.2_64543447_4	DN_NC_073244.2_65293743_4	0.2106	0.2768	0.2768
LOC109024216	ZNF721	truthbar	1	0.1758	DN_NC_073227.2_9009655_3	DN_NC_073244.2_65293743_4	0.3750	0.2768	0.3750
LOC109024216	ZNF723	truthbar	1						
LOC109024216	ZNF727	truthbar	1						
LOC109024216	ZNF736	genuine	0						
LOC109024216	ZNF761	truthbar	1	0.1678	DN_NC_073244.2_65293743_4	DN_NC_073244.2_65362909_5	0.2768	0.3364	0.3364
LOC109024216	ZNF766	genuine	0	0.2202	DN_NC_073244.2_64231369_4	DN_NC_073244.2_65293743_4	0.2784	0.2768	0.2784
LOC109024216	ZNF8	genuine	0						
LOC109024216	ZNF808	truthbar	1	0.2481	DN_NC_073244.2_64500861_5	DN_NC_073244.2_65293743_4	0.4373	0.2768	0.4373
LOC109024216	ZNF813	truthbar	1	0.4378	DN_NC_073244.2_65293743_4	DN_NC_073244.2_65398487_4	0.2768	0.3208	0.3208
LOC109024216	ZNF83	truthbar	1	0.2114	DN_NC_073244.2_64585864_4	DN_NC_073244.2_65293743_4	0.3038	0.2768	0.3038
LOC109024216	ZNF836	truthbar	1	0.1369	DN_NC_073244.2_64125568_5	DN_NC_073244.2_65293743_4	0.4107	0.2768	0.4107
LOC109024216	ZNF841	truthbar	1	0.1321	DN_NC_073244.2_64034715_7	DN_NC_073244.2_65293743_4	0.3325	0.2768	0.3325
LOC109024216	ZNF888	truthbar	1	0.4644	DN_NC_073244.2_64860608_4	DN_NC_073244.2_65293743_4	0.4244	0.2768	0.4244
LOC109024216	ZNF91	truthbar	1	0.2195	DN_NC_073244.2_29680825_4	DN_NC_073244.2_65293743_4	0.4948	0.2768	0.4948
LOC109024216	ZNF92	truthbar	1						
LOC109024259	ZNF112	genuine	0	0.1621	DN_NC_073244.2_55618657_2	DN_NC_073244.2_55835875_4	0.2361	0.1143	0.2361
LOC109024259	ZNF155	genuine	0	0.4177	DN_NC_073244.2_55497464_5	DN_NC_073244.2_55618657_2	0.1626	0.2361	0.2361
LOC109024259	ZNF214	genuine	0						
LOC109024259	ZNF221	genuine	0	0.4563	DN_NC_073244.2_55464824_5	DN_NC_073244.2_55618657_2	0.1676	0.2361	0.2361
LOC109024259	ZNF222	genuine	0	0.4108	DN_NC_073244.2_55538420_4	DN_NC_073244.2_55618657_2	0.1228	0.2361	0.2361
LOC109024259	ZNF224	TP	0	0.5993	DN_NC_073244.2_55607411_6	DN_NC_073244.2_55618657_2	0.1220	0.2361	0.2361
LOC109024259	ZNF225	genuine	0	0.3758	DN_NC_073244.2_55618657_2	DN_NC_073244.2_55626504_5	0.2361	0.1971	0.2361
LOC109024259	ZNF229	genuine	0	0.2250	DN_NC_073244.2_55618657_2	DN_NC_073244.2_55940471_6	0.2361	0.1795	0.2361
LOC109024259	ZNF230	genuine	0	0.1628	DN_NC_073244.2_55516115_5	DN_NC_073244.2_55618657_2	0.1521	0.2361	0.2361
LOC109024259	ZNF233	genuine	0	0.1569	DN_NC_073244.2_55618657_2	DN_NC_073244.2_55771764_5	0.2361	0.1166	0.2361
LOC109024259	ZNF234	genuine	0	0.2555	DN_NC_073244.2_55618657_2	DN_NC_073244.2_55654796_6	0.2361	0.2861	0.2861
LOC109024259	ZNF235	genuine	0	0.3748	DN_NC_073244.2_55618657_2	DN_NC_073244.2_55797441_5	0.2361	0.1122	0.2361
LOC109024259	ZNF239	genuine	0	0.2817	DN_NC_073232.2_71881634_2	DN_NC_073244.2_55618657_2	0.0561	0.2361	0.2361
LOC109024259	ZNF284	genuine	0	0.3912	DN_NC_073244.2_55585242_5	DN_NC_073244.2_55618657_2	0.3981	0.2361	0.3981
LOC109024259	ZNF285	genuine	0						
LOC109024259	ZNF45	genuine	0	0.2269	DN_NC_073244.2_55426973_9	DN_NC_073244.2_55618657_2	0.2262	0.2361	0.2361
LOC109024269	LOC109025073	genuine	0	0.3017	DN_NC_073244.2_18045307_2	DN_NC_073244.2_18096775_3	0.2882	0.2715	0.2882
LOC109024269	LOC129527774	genuine	0						
LOC109024269	RPL14	genuine	0						
LOC109024269	ZNF124	genuine	0	0.2430	DN_NC_073224.2_8261601_4	DN_NC_073244.2_18045307_2	0.2609	0.2882	0.2882
LOC109024269	ZNF136	genuine	0	0.1927	DN_NC_073244.2_18045307_2	DN_NC_073244.2_18201516_4	0.2882	0.2902	0.2902
LOC109024269	ZNF14	genuine	0	0.3383	DN_NC_073244.2_18045307_2	DN_NC_073244.2_26156853_4	0.2882	0.3080	0.3080
LOC109024269	ZNF426	genuine	0						
LOC109024269	ZNF433	genuine	0	0.8342	DN_NC_073244.2_18045307_2	DN_NC_073244.2_18047026_4	0.2882	0.2906	0.2906
LOC109024269	ZNF440	genuine	0	0.1741	DN_NC_073244.2_17846610_4	DN_NC_073244.2_18045307_2	0.2517	0.2882	0.2882
LOC109024269	ZNF441	genuine	0						
LOC109024269	ZNF443	genuine	0	0.1990	DN_NC_073244.2_18045307_2	DN_NC_073244.2_18470484_4	0.2882	0.1929	0.2882
LOC109024269	ZNF490	genuine	0						
LOC109024269	ZNF563	genuine	0	0.2119	DN_NC_073244.2_18045307_2	DN_NC_073244.2_18356684_4	0.2882	0.3045	0.3045
LOC109024269	ZNF564	genuine	0	0.1639	DN_NC_073244.2_18045307_2	DN_NC_073244.2_18564507_4	0.2882	0.3214	0.3214
LOC109024269	ZNF57	genuine	0						
LOC109024269	ZNF627	genuine	0	0.1947	DN_NC_073244.2_17635782_4	DN_NC_073244.2_18045307_2	0.2854	0.2882	0.2882
LOC109024269	ZNF669	genuine	0	0.1686	DN_NC_073224.2_8329397_4	DN_NC_073244.2_18045307_2	0.3619	0.2882	0.3619
LOC109024269	ZNF670	genuine	0						
LOC109024269	ZNF77	genuine	0	0.1909	DN_NC_073244.2_18045307_2	DN_NC_073244.2_8711681_4	0.2882	0.1126	0.2882
LOC109024269	ZNF791	genuine	0	0.2338	DN_NC_073244.2_18045307_2	DN_NC_073244.2_18649721_4	0.2882	0.4193	0.4193
LOC109024269	ZNF799	genuine	0	0.1898	DN_NC_073244.2_18045307_2	DN_NC_073244.2_18426035_4	0.2882	0.2437	0.2882
LOC109024269	ZNF823	genuine	0	0.2751	DN_NC_073244.2_17751584_2	DN_NC_073244.2_18045307_2	0.2238	0.2882	0.2882
LOC109024404	LOC109026441	genuine	0						
LOC109024404	MCFD2	genuine	0						
LOC109024546	ZNF280B	genuine	0	0.2770	DN_NC_086018.1_19995243_3	DN_NC_086018.1_20024455_2	0.1967	0.0597	0.1967
LOC109024560	LOC109025730	genuine	0	0.1950	DN_NC_073224.2_123525276_5	DN_NC_086018.1_24877691_3	0.4684	0.5470	0.5470
LOC109024560	LOC109028669	genuine	0						
LOC109024560	LOC129530096	genuine	0						
LOC109024560	LOC129530131	genuine	0						
LOC109024560	LOC129533438	genuine	0						
LOC109024560	LOC134756589	genuine	0						
LOC109024560	LRFN5	genuine	0						
LOC109024560	MINPP1	genuine	0						
LOC109024560	MMP24OS	genuine	0	0.1419	DN_NC_073245.2_47429376_4	DN_NC_086018.1_24877691_3	0.4603	0.5470	0.5470
LOC109024560	NCALD	genuine	0						
LOC109024560	NCR3LG1	genuine	0						
LOC109024560	NFXL1	genuine	0						
LOC109024560	OXCT1	genuine	0						
LOC109024560	PDCD5	genuine	0	0.2084	DN_NC_073244.2_43610901_6	DN_NC_086018.1_24877691_3	0.4805	0.5470	0.5470
LOC109024560	SELENOP	genuine	0						
LOC109024560	SEM1	genuine	0	0.1451	DN_NC_073230.2_92132360_3	DN_NC_086018.1_24877691_3	0.3708	0.5470	0.5470
LOC109024560	SMYD3	genuine	0						
LOC109024560	SPATA33	genuine	0						
LOC109024560	SPC25	genuine	0	0.1537	DN_NC_073235.2_71373985_7	DN_NC_086018.1_24877691_3	0.4132	0.5470	0.5470
LOC109024560	THNSL1	genuine	0						
LOC109024560	TMEM38B	genuine	0						
LOC109024560	TSPAN8	genuine	0						
LOC109024560	UCHL1	genuine	0						
LOC109024800	THSD1	genuine	0	0.2479	DN_NC_073238.2_66682517_7	DN_NC_073238.2_66830454_5	0.3871	0.0425	0.3871
LOC109024811	LOC115934372	genuine	0						
LOC109024811	LOC129526178	genuine	0						
LOC109024811	LOC129527096	genuine	0	0.2931	DN_NC_073240.2_41396094_2	DN_NC_073244.2_15689625_6	0.8061	0.3866	0.8061
LOC109024811	PP2D1	genuine	0						
LOC109024811	RAB5A	genuine	0						
LOC109024957	LOC134758217	genuine	0						
LOC109024957	RFPL3	truthbar	1	0.6056	DN_NC_073244.2_67840893_3	DN_NC_086018.1_30368542_3	0.0273	0.0534	0.0534
LOC109024957	RFPL4A	TP	1	0.7860	DN_NC_073244.2_67776054_3	DN_NC_073244.2_67840893_3	0.0493	0.0273	0.0493
LOC109025073	LOC129527774	genuine	0						
LOC109025073	RPL14	genuine	0						
LOC109025073	ZNF124	genuine	0	0.2370	DN_NC_073224.2_8261601_4	DN_NC_073244.2_18096775_3	0.2609	0.2715	0.2715
LOC109025073	ZNF136	truthbar	1	0.2644	DN_NC_073244.2_18096775_3	DN_NC_073244.2_18201516_4	0.2715	0.2902	0.2902
LOC109025073	ZNF14	truthbar	1	0.2169	DN_NC_073244.2_18096775_3	DN_NC_073244.2_26156853_4	0.2715	0.3080	0.3080
LOC109025073	ZNF426	truthbar	1	0.1425	DN_NC_073244.2_15569240_8	DN_NC_073244.2_18096775_3	0.2474	0.2715	0.2715
LOC109025073	ZNF433	truthbar	1	0.3658	DN_NC_073244.2_18047026_4	DN_NC_073244.2_18096775_3	0.2906	0.2715	0.2906
LOC109025073	ZNF440	truthbar	1	0.2418	DN_NC_073244.2_17846610_4	DN_NC_073244.2_18096775_3	0.2517	0.2715	0.2715
LOC109025073	ZNF441	truthbar	1	0.1390	DN_NC_073244.2_17797611_4	DN_NC_073244.2_18096775_3	0.3134	0.2715	0.3134
LOC109025073	ZNF443	truthbar	1	0.2414	DN_NC_073244.2_18096775_3	DN_NC_073244.2_18470484_4	0.2715	0.1929	0.2715
LOC109025073	ZNF490	truthbar	1	0.2414	DN_NC_073244.2_18096775_3	DN_NC_073244.2_18614963_5	0.2715	0.3893	0.3893
LOC109025073	ZNF563	truthbar	1	0.2539	DN_NC_073244.2_18096775_3	DN_NC_073244.2_18356684_4	0.2715	0.3045	0.3045
LOC109025073	ZNF564	truthbar	1	0.1833	DN_NC_073244.2_18096775_3	DN_NC_073244.2_18564507_4	0.2715	0.3214	0.3214
LOC109025073	ZNF57	truthbar	1	0.2081	DN_NC_073244.2_18096775_3	DN_NC_073244.2_8680135_4	0.2715	0.2270	0.2715
LOC109025073	ZNF627	truthbar	1	0.2680	DN_NC_073244.2_17635782_4	DN_NC_073244.2_18096775_3	0.2854	0.2715	0.2854
LOC109025073	ZNF669	genuine	0	0.2656	DN_NC_073224.2_8329397_4	DN_NC_073244.2_18096775_3	0.3619	0.2715	0.3619
LOC109025073	ZNF670	genuine	0						
LOC109025073	ZNF77	truthbar	1	0.1971	DN_NC_073244.2_18096775_3	DN_NC_073244.2_8711681_4	0.2715	0.1126	0.2715
LOC109025073	ZNF791	truthbar	1	0.1336	DN_NC_073244.2_18096775_3	DN_NC_073244.2_18649721_4	0.2715	0.4193	0.4193
LOC109025073	ZNF799	truthbar	1	0.2421	DN_NC_073244.2_18096775_3	DN_NC_073244.2_18426035_4	0.2715	0.2437	0.2715
LOC109025073	ZNF823	truthbar	1	0.2914	DN_NC_073244.2_17751584_2	DN_NC_073244.2_18096775_3	0.2238	0.2715	0.2715
LOC109025084	LOC129528550	genuine	0	0.6089	DN_NC_073229.2_52163606_6	DN_NC_073244.2_54257531_4	0.0025	0.2278	0.2278
LOC109025132	LOC129523505	TP	1	0.7362	DN_NC_073229.2_17702988_11	DN_NC_086017.1_9790451_11	0.0517	0.1231	0.1231
LOC109025132	LOC129525643	genuine	0	0.7705	DN_NC_073229.2_17702988_11	DN_NC_073234.2_15631092_11	0.0517	0.0619	0.0619
LOC109025320	LOC129527663	genuine	0	0.1985	DN_NC_073228.2_78970101_2	DN_NC_073242.2_68108553_2	0.0590	0.0751	0.0751
LOC109025447	LOC129531666	TP	1	0.5030	DN_NC_073236.2_47712811_9	DN_NC_073236.2_51202468_4	0.0870	0.1817	0.1817
LOC109025447	LOC129531667	TP	1	0.3389	DN_NC_073236.2_47732210_12	DN_NC_073236.2_51437835_4	0.2216	0.2000	0.2216
LOC109025447	RGPD8	TP	1	0.5344	DN_NC_073236.2_47712811_9	DN_NC_073236.2_49989275_2	0.0870	0.1936	0.1936
LOC109025447	RPL39	genuine	0						
LOC109025447	RPL39L	genuine	0						
LOC109025592	LOC115933090	genuine	0						
LOC109025592	LOC129524676	genuine	0						
LOC109025592	LOC129525008	genuine	0						
LOC109025592	LOC129526479	genuine	0						
LOC109025592	LOC134756761	genuine	0						
LOC109025592	MKRN1	genuine	0						
LOC109025592	TIMM23B	genuine	0	0.2458	DN_NC_073224.2_125859316_3	DN_NC_073232.2_65905862_9	0.5571	0.4373	0.5571
LOC109025592	TOR3A	genuine	0	0.3078	DN_NC_073224.2_125859316_3	DN_NC_073224.2_77707994_7	0.5571	0.3547	0.5571
LOC109025592	TRAF5	genuine	0	0.2984	DN_NC_073224.2_125859316_3	DN_NC_073224.2_45389129_11	0.5571	0.3773	0.5571
LOC109025730	LOC109028669	genuine	0	0.1762	DN_NC_073224.2_123525276_5	DN_NC_073232.2_50172230_4	0.4684	0.4435	0.4684
LOC109025730	LOC129530096	genuine	0	0.3464	DN_NC_073224.2_123525276_5	DN_NC_073247.2_114234875_11	0.4684	0.2808	0.4684
LOC109025730	LOC129530131	genuine	0	0.3569	DN_NC_073224.2_123525276_5	DN_NC_073247.2_115708949_2	0.4684	0.2180	0.4684
LOC109025730	LOC129533438	genuine	0						
LOC109025730	LOC134756589	genuine	0	0.3539	DN_NC_073224.2_123525276_5	DN_NC_073234.2_126370406_2	0.4684	0.4160	0.4684
LOC109025730	LRFN5	genuine	0	0.2447	DN_NC_073224.2_123525276_5	DN_NC_073239.2_14838701_6	0.4684	0.1970	0.4684
LOC109025730	MINPP1	genuine	0	0.2161	DN_NC_073224.2_123525276_5	DN_NC_073232.2_99830035_5	0.4684	0.2283	0.4684
LOC109025730	MMP24OS	genuine	0	0.1958	DN_NC_073224.2_123525276_5	DN_NC_073245.2_47429376_4	0.4684	0.4603	0.4684
LOC109025730	NCALD	genuine	0	0.3464	DN_NC_073224.2_123525276_5	DN_NC_073231.2_107519754_4	0.4684	0.1799	0.4684
LOC109025730	NCR3LG1	genuine	0	0.3464	DN_NC_073224.2_123525276_5	DN_NC_073233.2_23732821_4	0.4684	0.1950	0.4684
LOC109025730	NFXL1	genuine	0	0.2086	DN_NC_073224.2_123525276_5	DN_NC_073227.2_55859426_23	0.4684	0.2162	0.4684
LOC109025730	OXCT1	genuine	0	0.2613	DN_NC_073224.2_123525276_5	DN_NC_073243.2_70014918_17	0.4684	0.1710	0.4684
LOC109025730	PDCD5	genuine	0	0.3683	DN_NC_073224.2_123525276_5	DN_NC_073244.2_43610901_6	0.4684	0.4805	0.4805
LOC109025730	SELENOP	genuine	0	0.2425	DN_NC_073224.2_123525276_5	DN_NC_073243.2_69046517_5	0.4684	0.2890	0.4684
LOC109025730	SEM1	genuine	0	0.2425	DN_NC_073224.2_123525276_5	DN_NC_073230.2_92132360_3	0.4684	0.3708	0.4684
LOC109025730	SMYD3	genuine	0	0.2364	DN_NC_073224.2_123525276_5	DN_NC_073224.2_9521619_7	0.4684	0.2404	0.4684
LOC109025730	SPATA33	genuine	0	0.3389	DN_NC_073224.2_123525276_5	DN_NC_073242.2_120248671_3	0.4684	0.2722	0.4684
LOC109025730	SPC25	genuine	0	0.2470	DN_NC_073224.2_123525276_5	DN_NC_073235.2_71373985_7	0.4684	0.4132	0.4684
LOC109025730	THNSL1	genuine	0	0.2681	DN_NC_073224.2_123525276_5	DN_NC_073232.2_34013134_3	0.4684	0.3464	0.4684
LOC109025730	TMEM38B	genuine	0	0.3554	DN_NC_073224.2_123525276_5	DN_NC_073237.2_101948554_6	0.4684	0.3249	0.4684
LOC109025730	TSPAN8	genuine	0	0.2387	DN_NC_073224.2_123525276_5	DN_NC_073234.2_86426177_10	0.4684	0.3965	0.4684
LOC109025730	UCHL1	genuine	0	0.3464	DN_NC_073224.2_123525276_5	DN_NC_073227.2_49278079_9	0.4684	0.3524	0.4684
LOC109025772	LRATD1	genuine	0	0.3605	DN_NC_073236.2_125241687_3	DN_NC_073236.2_125270757_2	0.1420	0.1222	0.1420
LOC109025815	LOC109025979	genuine	0	0.9773	DN_NC_073235.2_31713963_3	DN_NC_073235.2_32705529_3	0.0000	0.0000	0.0000
LOC109026404	LOC129532045	genuine	0						
LOC109026404	LOC134757399	genuine	0	0.1302	DN_NC_073241.2_80636266_2	DN_NC_086017.1_165200217_5	0.8234	0.4427	0.8234
LOC109026404	MCTP2	genuine	0						
LOC109026404	SLC25A12	genuine	0						
LOC109026404	SNX14	genuine	0						
LOC109026404	WDR64	genuine	0	0.1379	DN_NC_073224.2_13812644_2	DN_NC_086017.1_165200217_5	0.5624	0.4427	0.5624
LOC109026441	MCFD2	genuine	0						
LOC109026610	LOC115930172	genuine	0	0.2956	DN_NC_073227.2_8705656_4	DN_NC_073244.2_27051998_4	0.3416	0.4137	0.4137
LOC109026610	LOC115931567	genuine	0	0.3989	DN_NC_073227.2_8705656_4	DN_NC_073244.2_27566430_5	0.3416	0.4258	0.4258
LOC109026610	LOC115931568	truthbar	1	0.3355	DN_NC_073227.2_8705656_4	DN_NC_073244.2_28072858_4	0.3416	0.3930	0.3930
LOC109026610	LOC115931576	truthbar	1	0.2083	DN_NC_073227.2_8705656_4	DN_NC_073244.2_29046961_4	0.3416	0.4500	0.4500
LOC109026610	LOC115931654	truthbar	1						
LOC109026610	LOC115931857	truthbar	1	0.2065	DN_NC_073227.2_8705656_4	DN_NC_073246.2_15789320_2	0.3416	0.2672	0.3416
LOC109026610	LOC129527827	genuine	0	0.1884	DN_NC_073227.2_8705656_4	DN_NC_073242.2_66613619_4	0.3416	0.4438	0.4438
LOC109026610	LOC129528947	genuine	0	0.2934	DN_NC_073227.2_8705656_4	DN_NC_073244.2_27408454_4	0.3416	0.5416	0.5416
LOC109026610	OSBPL10	genuine	0						
LOC109026610	ZNF141	truthbar	1						
LOC109026610	ZNF195	truthbar	1	0.1499	DN_NC_073227.2_8705656_4	DN_NC_073233.2_9788172_5	0.3416	0.2339	0.3416
LOC109026610	ZNF254	truthbar	1	0.2870	DN_NC_073227.2_8705656_4	DN_NC_073244.2_30438340_4	0.3416	0.3798	0.3798
LOC109026610	ZNF267	truthbar	1						
LOC109026610	ZNF273	truthbar	1	0.2989	DN_NC_073227.2_8705656_4	DN_NC_073230.2_74299233_4	0.3416	0.3847	0.3847
LOC109026610	ZNF28	genuine	0						
LOC109026610	ZNF347	truthbar	1						
LOC109026610	ZNF415	truthbar	1						
LOC109026610	ZNF429	truthbar	1	0.4505	DN_NC_073227.2_8705656_4	DN_NC_073244.2_27956158_2	0.3416	0.5265	0.5265
LOC109026610	ZNF43	truthbar	1	0.2875	DN_NC_073227.2_8705656_4	DN_NC_073244.2_28333451_4	0.3416	0.4625	0.4625
LOC109026610	ZNF430	truthbar	1	0.3047	DN_NC_073227.2_8705656_4	DN_NC_073244.2_27504818_5	0.3416	0.4270	0.4270
LOC109026610	ZNF468	truthbar	1						
LOC109026610	ZNF480	truthbar	1	0.1695	DN_NC_073227.2_8705656_4	DN_NC_073244.2_64265252_5	0.3416	0.5307	0.5307
LOC109026610	ZNF486	truthbar	1	0.1780	DN_NC_073227.2_8705656_4	DN_NC_073244.2_26666712_5	0.3416	0.4566	0.4566
LOC109026610	ZNF506	truthbar	1	0.3103	DN_NC_073227.2_8705656_4	DN_NC_073244.2_26240039_2	0.3416	0.4246	0.4246
LOC109026610	ZNF519	truthbar	1	0.1650	DN_NC_073227.2_8705656_4	DN_NC_073241.2_36126198_2	0.3416	0.2075	0.3416
LOC109026610	ZNF528	truthbar	1						
LOC109026610	ZNF578	truthbar	1						
LOC109026610	ZNF595	truthbar	1	0.2553	DN_NC_073227.2_8633416_4	DN_NC_073227.2_8705656_4	0.5220	0.3416	0.5220
LOC109026610	ZNF600	truthbar	1	0.1493	DN_NC_073227.2_8705656_4	DN_NC_073244.2_64724127_4	0.3416	0.3339	0.3416
LOC109026610	ZNF611	truthbar	1						
LOC109026610	ZNF616	truthbar	1						
LOC109026610	ZNF626	truthbar	1	0.2997	DN_NC_073227.2_8705656_4	DN_NC_073244.2_27131194_2	0.3416	0.4557	0.4557
LOC109026610	ZNF655	truthbar	1						
LOC109026610	ZNF675	truthbar	1	0.5082	DN_NC_073227.2_8705656_4	DN_NC_073244.2_29970261_4	0.3416	0.3774	0.3774
LOC109026610	ZNF678	truthbar	1	0.2337	DN_NC_073224.2_40627195_4	DN_NC_073227.2_8705656_4	0.3220	0.3416	0.3416
LOC109026610	ZNF680	truthbar	1	0.3232	DN_NC_073227.2_8705656_4	DN_NC_073230.2_73977205_4	0.3416	0.3066	0.3416
LOC109026610	ZNF681	truthbar	1						
LOC109026610	ZNF682	truthbar	1	0.3426	DN_NC_073227.2_8705656_4	DN_NC_073244.2_26470366_4	0.3416	0.3255	0.3416
LOC109026610	ZNF695	truthbar	1	0.3160	DN_NC_073224.2_8422960_4	DN_NC_073227.2_8705656_4	0.3045	0.3416	0.3416
LOC109026610	ZNF701	truthbar	1						
LOC109026610	ZNF721	genuine	0	0.2328	DN_NC_073227.2_8705656_4	DN_NC_073227.2_9010062_2	0.3416	0.3953	0.3953
LOC109026610	ZNF723	truthbar	1	0.4853	DN_NC_073227.2_8705656_4	DN_NC_073244.2_29232445_4	0.3416	0.5099	0.5099
LOC109026610	ZNF727	truthbar	1	0.1721	DN_NC_073227.2_8705656_4	DN_NC_073230.2_73508332_4	0.3416	0.3146	0.3416
LOC109026610	ZNF736	truthbar	1	0.2653	DN_NC_073227.2_8705656_4	DN_NC_073230.2_73776646_4	0.3416	0.3000	0.3416
LOC109026610	ZNF761	truthbar	1						
LOC109026610	ZNF766	truthbar	1						
LOC109026610	ZNF8	truthbar	1						
LOC109026610	ZNF808	truthbar	1						
LOC109026610	ZNF813	truthbar	1						
LOC109026610	ZNF83	truthbar	1						
LOC109026610	ZNF836	truthbar	1	0.1570	DN_NC_073227.2_8705656_4	DN_NC_073244.2_64125568_5	0.3416	0.4107	0.4107
LOC109026610	ZNF841	truthbar	1						
LOC109026610	ZNF888	truthbar	1						
LOC109026610	ZNF91	genuine	0	0.2589	DN_NC_073227.2_8705656_4	DN_NC_073244.2_29680825_2	0.3416	0.5202	0.5202
LOC109026610	ZNF92	truthbar	1	0.3395	DN_NC_073227.2_8705656_4	DN_NC_073230.2_74637814_2	0.3416	0.3657	0.3657
LOC109026704	RPS27A	genuine	0						
LOC109026704	UBB	genuine	0	0.6965	DN_NC_073228.2_70438436_2	DN_NC_073228.2_83796015_2	0.2419	0.0000	0.2419
LOC109026704	UBC	genuine	0	0.3670	DN_NC_073228.2_70438436_2	DN_NC_073234.2_140369418_2	0.2419	0.0111	0.2419
LOC109026767	LOC115934575	genuine	0	0.3100	DN_NC_073228.2_79859997_3	DN_NC_073228.2_83368453_5	0.1813	0.2146	0.2146
LOC109026767	USP32	genuine	0	0.1541	DN_NC_073228.2_31824273_3	DN_NC_073228.2_79859997_3	0.2001	0.1813	0.2001
LOC109026802	SMIM15	genuine	0	0.1393	DN_NC_073228.2_185199640_2	DN_NC_073243.2_49037226_3	0.4280	0.3309	0.4280
LOC109027078	LOC115931610	truthbar	1						
LOC109027078	ZFP28	truthbar	1						
LOC109027078	ZFP3	truthbar	1	0.1564	DN_NC_073228.2_182909765_5	DN_NC_073243.2_20204464_2	0.3000	0.2424	0.3000
LOC109027078	ZFP69	truthbar	1						
LOC109027078	ZFP82	truthbar	1						
LOC109027078	ZNF177	truthbar	1						
LOC109027078	ZNF184	truthbar	1	0.1359	DN_NC_073228.2_182909765_5	DN_NC_073229.2_45067329_6	0.3000	0.1831	0.3000
LOC109027078	ZNF189	truthbar	1						
LOC109027078	ZNF266	truthbar	1	0.1734	DN_NC_073228.2_182909765_5	DN_NC_073244.2_15453865_9	0.3000	0.1712	0.3000
LOC109027078	ZNF283	genuine	0						
LOC109027078	ZNF30	truthbar	1	0.1324	DN_NC_073228.2_182909765_5	DN_NC_073244.2_45985550_6	0.3000	0.1432	0.3000
LOC109027078	ZNF329	truthbar	1						
LOC109027078	ZNF331	truthbar	1	0.1560	DN_NC_073228.2_182909765_5	DN_NC_073244.2_65470296_6	0.3000	0.2293	0.3000
LOC109027078	ZNF420	truthbar	1						
LOC109027078	ZNF461	truthbar	1						
LOC109027078	ZNF471	truthbar	1						
LOC109027078	ZNF529	truthbar	1						
LOC109027078	ZNF540	truthbar	1						
LOC109027078	ZNF546	truthbar	1	0.2331	DN_NC_073228.2_182909765_5	DN_NC_073244.2_51749194_6	0.3000	0.3443	0.3443
LOC109027078	ZNF560	truthbar	1	0.2249	DN_NC_073228.2_182909765_5	DN_NC_073244.2_15508499_10	0.3000	0.1478	0.3000
LOC109027078	ZNF565	truthbar	1						
LOC109027078	ZNF566	genuine	0						
LOC109027078	ZNF571	truthbar	1						
LOC109027078	ZNF573	truthbar	1	0.2389	DN_NC_073228.2_182909765_5	DN_NC_073244.2_49246931_6	0.3000	0.3121	0.3121
LOC109027078	ZNF582	truthbar	1	0.2180	DN_NC_073228.2_182909765_5	DN_NC_073244.2_68491976_5	0.3000	0.1818	0.3000
LOC109027078	ZNF583	truthbar	1						
LOC109027078	ZNF596	truthbar	1						
LOC109027078	ZNF607	truthbar	1						
LOC109027078	ZNF665	truthbar	1	0.2900	DN_NC_073228.2_182909765_5	DN_NC_073244.2_65102393_4	0.3000	0.3815	0.3815
LOC109027078	ZNF684	truthbar	1						
LOC109027078	ZNF780A	truthbar	1	0.2025	DN_NC_073228.2_182909765_5	DN_NC_073244.2_51825388_5	0.3000	0.1618	0.3000
LOC109027078	ZNF780B	truthbar	1						
LOC109027078	ZNF790	truthbar	1	0.1583	DN_NC_073228.2_182909765_5	DN_NC_073244.2_47997304_5	0.3000	0.2772	0.3000
LOC109027078	ZNF829	truthbar	1	0.2025	DN_NC_073228.2_182909765_5	DN_NC_073244.2_48066692_6	0.3000	0.4705	0.4705
LOC109027078	ZNF891	truthbar	1						
LOC109027124	LOC129527173	genuine	0	0.3015	DN_NC_073229.2_194862622_5	DN_NC_073240.2_29752710_11	0.5920	0.3538	0.5920
LOC109027124	LOC129528096	genuine	0	0.3288	DN_NC_073229.2_194862622_5	DN_NC_073243.2_111186227_2	0.5920	0.4988	0.5920
LOC109027124	MPHOSPH8	genuine	0	0.3524	DN_NC_073229.2_194862622_5	DN_NC_073238.2_33904146_3	0.5920	0.5102	0.5920
LOC109027124	SVBP	genuine	0	0.2641	DN_NC_073224.2_197128142_3	DN_NC_073229.2_194862622_5	0.3829	0.5920	0.5920
LOC109027174	MHC-G	genuine	0	0.8425	DN_NC_073229.2_47377766_7	DN_NC_073229.2_47663527_8	0.0739	0.0423	0.0739
LOC109027212	LOC115934041	genuine	0	0.3612	DN_NC_073229.2_67950085_3	DN_NC_086017.1_112545872_3	0.7308	0.7821	0.7821
LOC109027212	LOC129528278	genuine	0	0.9992	DN_NC_073229.2_67950085_3	DN_NC_073241.2_83874271_3	0.7308	0.7306	0.7308
LOC109027212	LOC129528791	genuine	0	0.4540	DN_NC_073229.2_67950085_3	DN_NC_073244.2_6165323_3	0.7308	0.7410	0.7410
LOC109027212	LOC134758719	genuine	0	0.1659	DN_NC_073229.2_43677378_4	DN_NC_073229.2_67950085_3	0.4013	0.7308	0.7308
LOC109027212	PLGRKT	genuine	0	0.1998	DN_NC_073229.2_67950085_3	DN_NC_073237.2_58966871_3	0.7308	0.4967	0.7308
LOC109027212	RHOT1	genuine	0						
LOC109027212	SERPINA3	genuine	0						
LOC109027212	SSBP1	genuine	0	0.2225	DN_NC_073229.2_67950085_3	DN_NC_073230.2_150857421_7	0.7308	0.3754	0.7308
LOC109027782	LOC109028759	genuine	0						
LOC109027782	LOC129523694	TP	0	0.5883	DN_NC_073230.2_63938060_3	DN_NC_073230.2_64705365_4	0.0824	0.1183	0.1183
LOC109027782	LOC129533124	genuine	0						
LOC109027782	LOC129533256	genuine	0						
LOC109027782	NUPR2	genuine	0	0.1309	DN_NC_073230.2_63938060_3	DN_NC_073230.2_64295055_2	0.0824	0.0252	0.0824
LOC109027782	PSPH	TP	0	0.2595	DN_NC_073230.2_63938060_3	DN_NC_073230.2_64191496_8	0.0824	0.2031	0.2031
LOC109028376	LOC115934025	genuine	0	0.2882	DN_NC_073237.2_79912635_2	DN_NC_086017.1_24755690_2	0.4288	0.3142	0.4288
LOC109028376	LOC129526171	genuine	0	0.1752	DN_NC_073237.2_79912635_2	DN_NC_073238.2_38269853_5	0.4288	0.3365	0.4288
LOC109028376	LOC129527656	genuine	0	0.2519	DN_NC_073237.2_79912635_2	DN_NC_073242.2_36567597_2	0.4288	0.5595	0.5595
LOC109028376	LOC134757969	genuine	0	0.2882	DN_NC_073237.2_79912635_2	DN_NC_086017.1_24755694_2	0.4288	0.3190	0.4288
LOC109028376	LOC134758232	genuine	0	0.3261	DN_NC_073237.2_79912635_2	DN_NC_086018.1_25932455_2	0.4288	0.4562	0.4562
LOC109028376	PGM3	genuine	0	0.2243	DN_NC_073229.2_107305414_13	DN_NC_073237.2_79912635_2	0.1794	0.4288	0.4288
LOC109028502	VIM	genuine	0	0.2988	DN_NC_073232.2_26196651_3	DN_NC_073232.2_26211167_9	0.0738	0.0601	0.0738
LOC109028604	OXA1L	genuine	0	0.2773	DN_NC_073239.2_33872730_10	DN_NC_073239.2_33878048_2	0.2641	0.0545	0.2641
LOC109028669	LOC129530096	genuine	0						
LOC109028669	LOC129530131	genuine	0						
LOC109028669	LOC129533438	genuine	0						
LOC109028669	LOC134756589	genuine	0						
LOC109028669	LRFN5	genuine	0						
LOC109028669	MINPP1	genuine	0						
LOC109028669	MMP24OS	genuine	0						
LOC109028669	NCALD	genuine	0						
LOC109028669	NCR3LG1	genuine	0						
LOC109028669	NFXL1	genuine	0						
LOC109028669	OXCT1	genuine	0						
LOC109028669	PDCD5	genuine	0						
LOC109028669	SELENOP	genuine	0						
LOC109028669	SEM1	genuine	0						
LOC109028669	SMYD3	genuine	0						
LOC109028669	SPATA33	genuine	0						
LOC109028669	SPC25	genuine	0	0.1743	DN_NC_073232.2_50172230_4	DN_NC_073235.2_71373985_7	0.4435	0.4132	0.4435
LOC109028669	THNSL1	genuine	0						
LOC109028669	TMEM38B	genuine	0						
LOC109028669	TSPAN8	genuine	0						
LOC109028669	UCHL1	genuine	0						
LOC109028759	LOC129523694	genuine	0						
LOC109028759	LOC129533124	genuine	0	0.1402	DN_NC_073227.2_139561252_10	DN_NC_073233.2_55845432_8	0.3010	0.1427	0.3010
LOC109028759	LOC129533256	genuine	0	0.1408	DN_NC_073227.2_166164041_5	DN_NC_073233.2_55845432_8	0.4572	0.1427	0.4572
LOC109028759	NUPR2	genuine	0						
LOC109028759	PSPH	genuine	0						
LOC109028900	SESN3	genuine	0	0.4955	DN_NC_073233.2_103065421_4	DN_NC_073233.2_103150044_4	0.1850	0.1529	0.1850
LOC109029034	TTBK2	genuine	0						
LOC109029066	YWHAQ	genuine	0	0.1488	DN_NC_073234.2_44474713_2	DN_NC_073236.2_130303191_6	0.1860	0.0957	0.1860
LOC109029264	LOC115930232	TP	1	0.3267	DN_NC_073234.2_24956987_7	DN_NC_073234.2_24978856_8	0.2422	0.1033	0.2422
LOC109029389	LOC129526123	genuine	0						
LOC109029389	LOC129532125	genuine	0	0.1394	DN_NC_073235.2_83159862_3	DN_NC_073238.2_124443812_2	0.3187	0.3388	0.3388
LOC109029389	LOC129532145	genuine	0						
LOC109029389	LOC129532854	genuine	0	0.1515	DN_NC_073227.2_109806788_5	DN_NC_073238.2_124443812_2	0.5110	0.3388	0.5110
LOC109029389	NLGN1	genuine	0						
LOC109029488	LOC115930164	truthbar	1	0.1315	DN_NC_073224.2_124234032_12	DN_NC_073224.2_223156764_8	0.0470	0.1138	0.1138
LOC109029488	LOC115930576	truthbar	1	0.1768	DN_NC_073224.2_124234032_12	DN_NC_073224.2_218434129_23	0.0470	0.0986	0.0986
LOC109029488	LOC115932735	TP	1	0.2450	DN_NC_073224.2_124234032_12	DN_NC_073224.2_124254598_20	0.0470	0.0804	0.0804
LOC109029488	LOC115932984	TP	1	0.1335	DN_NC_073224.2_124234032_12	DN_NC_073224.2_130224824_25	0.0470	0.1023	0.1023
LOC109029488	LOC115933235	truthbar	1						
LOC109029488	LOC115933241	genuine	0						
LOC109029488	LOC129525330	truthbar	1	0.1325	DN_NC_073224.2_124234032_12	DN_NC_073224.2_125594338_29	0.0470	0.0748	0.0748
LOC109029488	LOC129525331	truthbar	1						
LOC109029488	LOC129525599	truthbar	1	0.1527	DN_NC_073224.2_116807774_25	DN_NC_073224.2_124234032_12	0.1092	0.0470	0.1092
LOC109029488	LOC134756861	truthbar	1	0.1527	DN_NC_073224.2_117494263_25	DN_NC_073224.2_124234032_12	0.1095	0.0470	0.1095
LOC115930105	ZIK1	truthbar	1	0.1731	DN_NC_073244.2_69572632_2	DN_NC_073244.2_69685713_2	0.2691	0.1623	0.2691
LOC115930105	ZNF132	truthbar	1	0.1658	DN_NC_073244.2_69572632_3	DN_NC_073244.2_70525717_3	0.2668	0.0688	0.2668
LOC115930105	ZNF134	truthbar	1						
LOC115930105	ZNF154	truthbar	1	0.1791	DN_NC_073244.2_69538312_3	DN_NC_073244.2_69799604_5	0.1767	0.1146	0.1767
LOC115930105	ZNF256	truthbar	1	0.3072	DN_NC_073244.2_69572632_2	DN_NC_073244.2_70043245_2	0.2691	0.1315	0.2691
LOC115930105	ZNF304	truthbar	1						
LOC115930105	ZNF416	truthbar	1						
LOC115930105	ZNF418	truthbar	1	0.1697	DN_NC_073244.2_69572632_3	DN_NC_073244.2_70024584_5	0.2668	0.1190	0.2668
LOC115930105	ZNF547	truthbar	1						
LOC115930105	ZNF548	truthbar	1						
LOC115930105	ZNF549	truthbar	1						
LOC115930105	ZNF551	truthbar	1						
LOC115930105	ZNF552	truthbar	1						
LOC115930105	ZNF584	truthbar	1						
LOC115930105	ZNF586	truthbar	1						
LOC115930105	ZNF671	truthbar	1	0.1510	DN_NC_073244.2_69572632_3	DN_NC_073244.2_69821764_4	0.2668	0.0491	0.2668
LOC115930105	ZNF776	truthbar	1						
LOC115930105	ZNF792	truthbar	1						
LOC115930142	SUPT20H	truthbar	1	0.2073	DN_NC_073238.2_51309642_26	DN_NC_073247.2_34808557_3	0.1568	0.1784	0.1784
LOC115930161	LOC129527724	genuine	1	0.5482	DN_NC_073242.2_104350782_12	DN_NC_073242.2_99181437_12	0.0211	0.0269	0.0269
LOC115930164	LOC115930576	TP	1	0.9460	DN_NC_073224.2_218434129_23	DN_NC_073224.2_223156764_8	0.0986	0.1138	0.1138
LOC115930164	LOC115932735	truthbar	1						
LOC115930164	LOC115932984	truthbar	1						
LOC115930164	LOC115933235	truthbar	1	0.4724	DN_NC_073224.2_129429039_7	DN_NC_073224.2_223478295_8	0.1781	0.1899	0.1899
LOC115930164	LOC115933241	genuine	0	0.2175	DN_NC_073224.2_115073393_19	DN_NC_073224.2_223156764_8	0.1051	0.1138	0.1138
LOC115930164	LOC129525330	truthbar	1						
LOC115930164	LOC129525331	truthbar	1						
LOC115930164	LOC129525599	truthbar	1						
LOC115930164	LOC134756861	truthbar	1						
LOC115930172	LOC115931567	genuine	0	0.5373	DN_NC_073244.2_27051998_4	DN_NC_073244.2_27566430_5	0.4137	0.4258	0.4258
LOC115930172	LOC115931568	genuine	0	0.4541	DN_NC_073244.2_27051998_4	DN_NC_073244.2_28072858_4	0.4137	0.3930	0.4137
LOC115930172	LOC115931576	genuine	0	0.4100	DN_NC_073244.2_27051998_4	DN_NC_073244.2_29046961_4	0.4137	0.4500	0.4500
LOC115930172	LOC115931654	genuine	0	0.1452	DN_NC_073244.2_27051998_4	DN_NC_073244.2_65266359_4	0.4137	0.3995	0.4137
LOC115930172	LOC115931857	genuine	0						
LOC115930172	LOC129527827	genuine	0	0.2455	DN_NC_073242.2_66613619_4	DN_NC_073244.2_27051998_4	0.4438	0.4137	0.4438
LOC115930172	LOC129528947	genuine	0	0.3490	DN_NC_073244.2_27051998_4	DN_NC_073244.2_27408454_4	0.4137	0.5416	0.5416
LOC115930172	OSBPL10	genuine	0						
LOC115930172	ZNF141	genuine	0	0.2505	DN_NC_073227.2_8907801_4	DN_NC_073244.2_27051998_4	0.2847	0.4137	0.4137
LOC115930172	ZNF195	genuine	0	0.2124	DN_NC_073233.2_9788172_5	DN_NC_073244.2_27051998_4	0.2339	0.4137	0.4137
LOC115930172	ZNF254	genuine	0	0.4100	DN_NC_073244.2_27051998_4	DN_NC_073244.2_30438340_4	0.4137	0.3798	0.4137
LOC115930172	ZNF267	genuine	0						
LOC115930172	ZNF273	genuine	0	0.4108	DN_NC_073230.2_74299233_4	DN_NC_073244.2_27051998_4	0.3847	0.4137	0.4137
LOC115930172	ZNF28	genuine	0	0.1725	DN_NC_073244.2_27051998_4	DN_NC_073244.2_64759228_5	0.4137	0.3434	0.4137
LOC115930172	ZNF347	genuine	0						
LOC115930172	ZNF415	genuine	0						
LOC115930172	ZNF429	genuine	0	0.5941	DN_NC_073244.2_27051998_4	DN_NC_073244.2_27956158_2	0.4137	0.5265	0.5265
LOC115930172	ZNF43	genuine	0	0.2611	DN_NC_073244.2_27051998_4	DN_NC_073244.2_28333451_4	0.4137	0.4625	0.4625
LOC115930172	ZNF430	genuine	0	0.3779	DN_NC_073244.2_27051998_4	DN_NC_073244.2_27504818_5	0.4137	0.4270	0.4270
LOC115930172	ZNF468	genuine	0						
LOC115930172	ZNF480	genuine	0						
LOC115930172	ZNF486	genuine	0	0.4504	DN_NC_073244.2_26666712_5	DN_NC_073244.2_27051998_4	0.4566	0.4137	0.4566
LOC115930172	ZNF506	genuine	0	0.2113	DN_NC_073244.2_26240035_4	DN_NC_073244.2_27051998_4	0.3919	0.4137	0.4137
LOC115930172	ZNF519	genuine	0	0.2101	DN_NC_073241.2_36126183_3	DN_NC_073244.2_27051998_4	0.1960	0.4137	0.4137
LOC115930172	ZNF528	genuine	0						
LOC115930172	ZNF578	genuine	0						
LOC115930172	ZNF595	genuine	0	0.3609	DN_NC_073227.2_8633418_2	DN_NC_073244.2_27051998_4	0.5689	0.4137	0.5689
LOC115930172	ZNF600	genuine	0						
LOC115930172	ZNF611	genuine	0						
LOC115930172	ZNF616	genuine	0						
LOC115930172	ZNF626	genuine	0	0.1322	DN_NC_073244.2_27051998_4	DN_NC_073244.2_27131194_2	0.4137	0.4557	0.4557
LOC115930172	ZNF655	genuine	0						
LOC115930172	ZNF675	genuine	0	0.5359	DN_NC_073244.2_27051998_4	DN_NC_073244.2_29970261_4	0.4137	0.3774	0.4137
LOC115930172	ZNF678	genuine	0	0.2749	DN_NC_073224.2_40627195_4	DN_NC_073244.2_27051998_4	0.3220	0.4137	0.4137
LOC115930172	ZNF680	genuine	0	0.1751	DN_NC_073230.2_73977205_4	DN_NC_073244.2_27051998_4	0.3066	0.4137	0.4137
LOC115930172	ZNF681	genuine	0	0.1860	DN_NC_073244.2_27051998_4	DN_NC_073244.2_30067652_4	0.4137	0.4267	0.4267
LOC115930172	ZNF682	genuine	0	0.4616	DN_NC_073244.2_26470366_4	DN_NC_073244.2_27051998_4	0.3255	0.4137	0.4137
LOC115930172	ZNF695	genuine	0	0.3562	DN_NC_073224.2_8422960_4	DN_NC_073244.2_27051998_4	0.3045	0.4137	0.4137
LOC115930172	ZNF701	genuine	0						
LOC115930172	ZNF721	genuine	0	0.2757	DN_NC_073227.2_9010062_2	DN_NC_073244.2_27051998_4	0.3953	0.4137	0.4137
LOC115930172	ZNF723	genuine	0	0.5009	DN_NC_073244.2_27051998_4	DN_NC_073244.2_29232445_4	0.4137	0.5099	0.5099
LOC115930172	ZNF727	genuine	0	0.2128	DN_NC_073230.2_73508332_4	DN_NC_073244.2_27051998_4	0.3146	0.4137	0.4137
LOC115930172	ZNF736	genuine	0	0.3678	DN_NC_073230.2_73776646_4	DN_NC_073244.2_27051998_4	0.3000	0.4137	0.4137
LOC115930172	ZNF761	genuine	0						
LOC115930172	ZNF766	genuine	0						
LOC115930172	ZNF8	genuine	0						
LOC115930172	ZNF808	genuine	0	0.1720	DN_NC_073244.2_27051998_4	DN_NC_073244.2_64500861_5	0.4137	0.4373	0.4373
LOC115930172	ZNF813	genuine	0	0.1900	DN_NC_073244.2_27051998_4	DN_NC_073244.2_65398487_4	0.4137	0.3208	0.4137
LOC115930172	ZNF83	genuine	0						
LOC115930172	ZNF836	genuine	0	0.1436	DN_NC_073244.2_27051998_4	DN_NC_073244.2_64125568_5	0.4137	0.4107	0.4137
LOC115930172	ZNF841	genuine	0						
LOC115930172	ZNF888	genuine	0						
LOC115930172	ZNF91	genuine	0	0.2755	DN_NC_073244.2_27051998_4	DN_NC_073244.2_29680825_2	0.4137	0.5202	0.5202
LOC115930172	ZNF92	genuine	0	0.1953	DN_NC_073230.2_74637814_2	DN_NC_073244.2_27051998_4	0.3657	0.4137	0.4137
LOC115930530	LOC115931240	genuine	0						
LOC115930536	RPAP2	genuine	0	0.1412	DN_NC_073224.2_147572773_13	DN_NC_073239.2_32663808_8	0.3603	0.2415	0.3603
LOC115930536	ZNF208	genuine	0						
LOC115930550	LOC115933127	TP	0	0.7356	DN_NC_073239.2_122741455_4	DN_NC_073239.2_122796928_6	0.0168	0.0000	0.0168
LOC115930550	LOC115933128	TP	0	0.6962	DN_NC_073239.2_122634080_4	DN_NC_073239.2_122796928_6	0.0322	0.0000	0.0322
LOC115930550	LOC115933240	TP	0	0.7230	DN_NC_073239.2_122615409_4	DN_NC_073239.2_122796928_6	0.0000	0.0000	0.0000
LOC115930550	LOC134757171	genuine	0	0.6891	DN_NC_073239.2_122769394_7	DN_NC_073239.2_122796928_6	0.0000	0.0000	0.0000
LOC115930576	LOC115932735	truthbar	1	0.1719	DN_NC_073224.2_124254598_20	DN_NC_073224.2_218434129_23	0.0804	0.0986	0.0986
LOC115930576	LOC115932984	truthbar	1	0.2014	DN_NC_073224.2_130224824_25	DN_NC_073224.2_218434129_23	0.1023	0.0986	0.1023
LOC115930576	LOC115933235	truthbar	1	0.4724	DN_NC_073224.2_129429039_7	DN_NC_073224.2_218434129_23	0.1781	0.0986	0.1781
LOC115930576	LOC115933241	genuine	0	0.1746	DN_NC_073224.2_115073393_19	DN_NC_073224.2_218434129_23	0.1051	0.0986	0.1051
LOC115930576	LOC129525330	TP	1	0.1937	DN_NC_073224.2_125594338_29	DN_NC_073224.2_218434129_23	0.0748	0.0986	0.0986
LOC115930576	LOC129525331	TP	1	0.1702	DN_NC_073224.2_125055626_35	DN_NC_073224.2_218434129_23	0.1114	0.0986	0.1114
LOC115930576	LOC129525599	truthbar	1	0.2546	DN_NC_073224.2_116807774_25	DN_NC_073224.2_218434129_23	0.1092	0.0986	0.1092
LOC115930576	LOC134756861	truthbar	1	0.2552	DN_NC_073224.2_117494263_25	DN_NC_073224.2_218434129_23	0.1095	0.0986	0.1095
LOC115930830	LOC129527072	TP	0						
LOC115930830	LOC134757229	TP	0	0.1357	DN_NC_073240.2_24764672_4	DN_NC_073240.2_31271054_17	0.4845	0.0842	0.4845
LOC115931015	LOC115931020	truthbar	1						
LOC115931054	PDPR	genuine	1	0.4692	DN_NC_073242.2_103773356_15	DN_NC_073242.2_99543624_18	0.0817	0.0515	0.0817
LOC115931054	PSMD7	genuine	0	0.5884	DN_NC_073242.2_103765562_7	DN_NC_073242.2_103773356_15	0.0954	0.0817	0.0954
LOC115931067	LOC134757486	TP	1	1.0000	DN_NC_073242.2_3790652_3	DN_NC_073242.2_3794469_3	0.0331	0.0335	0.0335
LOC115931069	LOC129527586	TP	1	0.3070	DN_NC_073242.2_21122105_21	DN_NC_073242.2_21673693_21	0.1370	0.1291	0.1370
LOC115931069	SMG1	TP	0	0.1792	DN_NC_073242.2_18210354_26	DN_NC_073242.2_21673693_21	0.0585	0.1291	0.1291
LOC115931074	LOC129527053	TP	1	0.2100	DN_NC_073240.2_23219746_14	DN_NC_073242.2_37435648_13	0.1131	0.2538	0.2538
LOC115931074	RHPN2	TP	1	0.5027	DN_NC_073242.2_37435648_13	DN_NC_073244.2_44006563_15	0.2538	0.1362	0.2538
LOC115931277	LOC115933170	genuine	0						
LOC115931277	WDR70	genuine	0						
LOC115931432	LOC129525065	TP	0	0.4165	DN_NC_073232.2_8894424_4	DN_NC_073242.2_120770730_3	0.0717	0.0499	0.0717
LOC115931547	LOC129523842	genuine	0	0.1486	DN_NC_073230.2_47332274_8	DN_NC_073244.2_63917963_3	0.1693	0.0963	0.1693
LOC115931567	LOC115931568	truthbar	1	0.5291	DN_NC_073244.2_27566430_5	DN_NC_073244.2_28072858_4	0.4258	0.3930	0.4258
LOC115931567	LOC115931576	genuine	0	0.3858	DN_NC_073244.2_27626411_5	DN_NC_073244.2_29046961_4	0.4704	0.4500	0.4704
LOC115931567	LOC115931654	truthbar	1	0.1696	DN_NC_073244.2_27566430_5	DN_NC_073244.2_65266359_4	0.4258	0.3995	0.4258
LOC115931567	LOC115931857	genuine	0	0.3116	DN_NC_073244.2_27566430_5	DN_NC_073246.2_15789285_3	0.4258	0.2698	0.4258
LOC115931567	LOC129527827	genuine	0	0.2382	DN_NC_073242.2_66613619_4	DN_NC_073244.2_27626411_5	0.4438	0.4704	0.4704
LOC115931567	LOC129528947	genuine	0	0.4915	DN_NC_073244.2_27408454_4	DN_NC_073244.2_27566430_5	0.5416	0.4258	0.5416
LOC115931567	OSBPL10	genuine	0						
LOC115931567	ZNF141	genuine	0	0.2449	DN_NC_073227.2_8907801_4	DN_NC_073244.2_27626411_5	0.2847	0.4704	0.4704
LOC115931567	ZNF195	genuine	0	0.2700	DN_NC_073233.2_9788172_5	DN_NC_073244.2_27566430_5	0.2339	0.4258	0.4258
LOC115931567	ZNF254	genuine	0	0.4074	DN_NC_073244.2_27626411_5	DN_NC_073244.2_30438340_4	0.4704	0.3798	0.4704
LOC115931567	ZNF267	truthbar	1	0.1842	DN_NC_073242.2_37386128_4	DN_NC_073244.2_27566430_5	0.2710	0.4258	0.4258
LOC115931567	ZNF273	genuine	0	0.4180	DN_NC_073230.2_74299233_4	DN_NC_073244.2_27626411_5	0.3847	0.4704	0.4704
LOC115931567	ZNF28	genuine	0	0.2405	DN_NC_073244.2_27626411_5	DN_NC_073244.2_64759228_5	0.4704	0.3434	0.4704
LOC115931567	ZNF347	truthbar	1						
LOC115931567	ZNF415	genuine	0						
LOC115931567	ZNF429	genuine	0	0.6268	DN_NC_073244.2_27566430_5	DN_NC_073244.2_27956158_2	0.4258	0.5265	0.5265
LOC115931567	ZNF43	truthbar	1	0.3527	DN_NC_073244.2_27566430_5	DN_NC_073244.2_28333451_4	0.4258	0.4625	0.4625
LOC115931567	ZNF430	genuine	0	0.2452	DN_NC_073244.2_27504818_5	DN_NC_073244.2_27566430_5	0.4270	0.4258	0.4270
LOC115931567	ZNF468	genuine	0	0.1736	DN_NC_073244.2_27626411_5	DN_NC_073244.2_64797239_5	0.4704	0.3221	0.4704
LOC115931567	ZNF480	genuine	0						
LOC115931567	ZNF486	genuine	0	0.1920	DN_NC_073244.2_26666712_5	DN_NC_073244.2_27566430_5	0.4566	0.4258	0.4566
LOC115931567	ZNF506	genuine	0	0.2527	DN_NC_073244.2_26240035_4	DN_NC_073244.2_27566430_5	0.3919	0.4258	0.4258
LOC115931567	ZNF519	genuine	0	0.3548	DN_NC_073241.2_36126198_2	DN_NC_073244.2_27566430_5	0.2075	0.4258	0.4258
LOC115931567	ZNF528	genuine	0						
LOC115931567	ZNF578	genuine	0						
LOC115931567	ZNF595	genuine	0	0.3885	DN_NC_073227.2_8633418_2	DN_NC_073244.2_27566430_5	0.5689	0.4258	0.5689
LOC115931567	ZNF600	truthbar	1	0.1991	DN_NC_073244.2_27566430_5	DN_NC_073244.2_64724127_4	0.4258	0.3339	0.4258
LOC115931567	ZNF611	genuine	0						
LOC115931567	ZNF616	truthbar	1						
LOC115931567	ZNF626	genuine	0	0.3997	DN_NC_073244.2_27131194_2	DN_NC_073244.2_27626411_5	0.4557	0.4704	0.4704
LOC115931567	ZNF655	genuine	0						
LOC115931567	ZNF675	genuine	0	0.5631	DN_NC_073244.2_27566430_5	DN_NC_073244.2_29970261_4	0.4258	0.3774	0.4258
LOC115931567	ZNF678	genuine	0	0.3683	DN_NC_073224.2_40627195_4	DN_NC_073244.2_27566430_5	0.3220	0.4258	0.4258
LOC115931567	ZNF680	genuine	0	0.2793	DN_NC_073230.2_73977205_4	DN_NC_073244.2_27566430_5	0.3066	0.4258	0.4258
LOC115931567	ZNF681	genuine	0	0.3181	DN_NC_073244.2_27626411_5	DN_NC_073244.2_30067652_4	0.4704	0.4267	0.4704
LOC115931567	ZNF682	genuine	0	0.5263	DN_NC_073244.2_26470366_4	DN_NC_073244.2_27566430_5	0.3255	0.4258	0.4258
LOC115931567	ZNF695	genuine	0	0.3840	DN_NC_073224.2_8422960_4	DN_NC_073244.2_27626411_5	0.3045	0.4704	0.4704
LOC115931567	ZNF701	genuine	0	0.2214	DN_NC_073244.2_27566430_5	DN_NC_073244.2_64543447_4	0.4258	0.2106	0.4258
LOC115931567	ZNF721	truthbar	1	0.3946	DN_NC_073227.2_9010062_2	DN_NC_073244.2_27566430_5	0.3953	0.4258	0.4258
LOC115931567	ZNF723	genuine	0	0.6546	DN_NC_073244.2_27626411_5	DN_NC_073244.2_29232445_4	0.4704	0.5099	0.5099
LOC115931567	ZNF727	genuine	0	0.2257	DN_NC_073230.2_73508332_4	DN_NC_073244.2_27626411_5	0.3146	0.4704	0.4704
LOC115931567	ZNF736	genuine	0	0.3586	DN_NC_073230.2_73776646_4	DN_NC_073244.2_27626411_5	0.3000	0.4704	0.4704
LOC115931567	ZNF761	truthbar	1	0.1405	DN_NC_073244.2_27566430_5	DN_NC_073244.2_65362909_5	0.4258	0.3364	0.4258
LOC115931567	ZNF766	genuine	0						
LOC115931567	ZNF8	genuine	0						
LOC115931567	ZNF808	truthbar	1						
LOC115931567	ZNF813	genuine	0	0.1767	DN_NC_073244.2_27566430_5	DN_NC_073244.2_65398487_4	0.4258	0.3208	0.4258
LOC115931567	ZNF83	genuine	0	0.3641	DN_NC_073244.2_27566430_5	DN_NC_073244.2_64585864_4	0.4258	0.3038	0.4258
LOC115931567	ZNF836	truthbar	1	0.3602	DN_NC_073244.2_27566430_5	DN_NC_073244.2_64125568_5	0.4258	0.4107	0.4258
LOC115931567	ZNF841	truthbar	1						
LOC115931567	ZNF888	genuine	0	0.3165	DN_NC_073244.2_27566430_5	DN_NC_073244.2_64860608_4	0.4258	0.4244	0.4258
LOC115931567	ZNF91	truthbar	1	0.3389	DN_NC_073244.2_27566430_5	DN_NC_073244.2_29680825_2	0.4258	0.5202	0.5202
LOC115931567	ZNF92	genuine	0	0.3997	DN_NC_073230.2_74637814_2	DN_NC_073244.2_27626411_5	0.3657	0.4704	0.4704
LOC115931568	LOC115931576	truthbar	1	0.4720	DN_NC_073244.2_28072858_4	DN_NC_073244.2_29046961_4	0.3930	0.4500	0.4500
LOC115931568	LOC115931654	truthbar	1						
LOC115931568	LOC115931857	truthbar	1	0.2533	DN_NC_073244.2_28072858_4	DN_NC_073246.2_15789320_2	0.3930	0.2672	0.3930
LOC115931568	LOC129527827	genuine	0	0.1850	DN_NC_073242.2_66613619_4	DN_NC_073244.2_28072858_4	0.4438	0.3930	0.4438
LOC115931568	LOC129528947	genuine	0	0.3844	DN_NC_073244.2_27408454_4	DN_NC_073244.2_28072858_4	0.5416	0.3930	0.5416
LOC115931568	OSBPL10	genuine	0						
LOC115931568	ZNF141	truthbar	1	0.2825	DN_NC_073227.2_8907801_4	DN_NC_073244.2_28072858_4	0.2847	0.3930	0.3930
LOC115931568	ZNF195	truthbar	1	0.2068	DN_NC_073233.2_9788172_5	DN_NC_073244.2_28072858_4	0.2339	0.3930	0.3930
LOC115931568	ZNF254	truthbar	1	0.3164	DN_NC_073244.2_28072858_4	DN_NC_073244.2_30438386_2	0.3930	0.3964	0.3964
LOC115931568	ZNF267	truthbar	1	0.1555	DN_NC_073242.2_37386128_4	DN_NC_073244.2_28072858_4	0.2710	0.3930	0.3930
LOC115931568	ZNF273	truthbar	1	0.4729	DN_NC_073230.2_74299233_4	DN_NC_073244.2_28072858_4	0.3847	0.3930	0.3930
LOC115931568	ZNF28	truthbar	1						
LOC115931568	ZNF347	truthbar	1						
LOC115931568	ZNF415	truthbar	1	0.2281	DN_NC_073244.2_28072858_4	DN_NC_073244.2_65046428_4	0.3930	0.1840	0.3930
LOC115931568	ZNF429	truthbar	1	0.5881	DN_NC_073244.2_27956158_2	DN_NC_073244.2_28072858_4	0.5265	0.3930	0.5265
LOC115931568	ZNF43	truthbar	1	0.2753	DN_NC_073244.2_28072858_4	DN_NC_073244.2_28333451_4	0.3930	0.4625	0.4625
LOC115931568	ZNF430	truthbar	1	0.4088	DN_NC_073244.2_27504818_5	DN_NC_073244.2_28072858_4	0.4270	0.3930	0.4270
LOC115931568	ZNF468	truthbar	1						
LOC115931568	ZNF480	truthbar	1						
LOC115931568	ZNF486	truthbar	1	0.2629	DN_NC_073244.2_26666712_5	DN_NC_073244.2_28072858_4	0.4566	0.3930	0.4566
LOC115931568	ZNF506	genuine	0	0.3706	DN_NC_073244.2_26240035_4	DN_NC_073244.2_28072858_4	0.3919	0.3930	0.3930
LOC115931568	ZNF519	truthbar	1	0.2822	DN_NC_073241.2_36126198_2	DN_NC_073244.2_28072858_4	0.2075	0.3930	0.3930
LOC115931568	ZNF528	truthbar	1	0.1418	DN_NC_073244.2_28072858_4	DN_NC_073244.2_64368633_7	0.3930	0.2537	0.3930
LOC115931568	ZNF578	truthbar	1						
LOC115931568	ZNF595	truthbar	1	0.3541	DN_NC_073227.2_8633418_2	DN_NC_073244.2_28072858_4	0.5689	0.3930	0.5689
LOC115931568	ZNF600	truthbar	1						
LOC115931568	ZNF611	truthbar	1						
LOC115931568	ZNF616	truthbar	1						
LOC115931568	ZNF626	truthbar	1	0.4006	DN_NC_073244.2_27131194_2	DN_NC_073244.2_28072858_4	0.4557	0.3930	0.4557
LOC115931568	ZNF655	truthbar	1						
LOC115931568	ZNF675	truthbar	1	0.5250	DN_NC_073244.2_28072858_4	DN_NC_073244.2_29970261_4	0.3930	0.3774	0.3930
LOC115931568	ZNF678	truthbar	1	0.3206	DN_NC_073224.2_40627195_4	DN_NC_073244.2_28072858_4	0.3220	0.3930	0.3930
LOC115931568	ZNF680	truthbar	1	0.4879	DN_NC_073230.2_73977205_4	DN_NC_073244.2_28072858_4	0.3066	0.3930	0.3930
LOC115931568	ZNF681	truthbar	1	0.1681	DN_NC_073244.2_28072858_4	DN_NC_073244.2_30067652_4	0.3930	0.4267	0.4267
LOC115931568	ZNF682	truthbar	1	0.4772	DN_NC_073244.2_26470366_4	DN_NC_073244.2_28072858_4	0.3255	0.3930	0.3930
LOC115931568	ZNF695	truthbar	1	0.3850	DN_NC_073224.2_8422960_4	DN_NC_073244.2_28072858_4	0.3045	0.3930	0.3930
LOC115931568	ZNF701	truthbar	1						
LOC115931568	ZNF721	truthbar	1	0.2807	DN_NC_073227.2_9010062_2	DN_NC_073244.2_28072858_4	0.3953	0.3930	0.3953
LOC115931568	ZNF723	truthbar	1	0.6788	DN_NC_073244.2_28072858_4	DN_NC_073244.2_29232445_4	0.3930	0.5099	0.5099
LOC115931568	ZNF727	truthbar	1	0.2586	DN_NC_073230.2_73508332_4	DN_NC_073244.2_28072858_4	0.3146	0.3930	0.3930
LOC115931568	ZNF736	truthbar	1	0.4190	DN_NC_073230.2_73776646_4	DN_NC_073244.2_28072858_4	0.3000	0.3930	0.3930
LOC115931568	ZNF761	truthbar	1						
LOC115931568	ZNF766	truthbar	1						
LOC115931568	ZNF8	truthbar	1						
LOC115931568	ZNF808	truthbar	1						
LOC115931568	ZNF813	truthbar	1	0.3144	DN_NC_073244.2_28072858_4	DN_NC_073244.2_65398487_4	0.3930	0.3208	0.3930
LOC115931568	ZNF83	truthbar	1	0.1911	DN_NC_073244.2_28072858_4	DN_NC_073244.2_64585864_4	0.3930	0.3038	0.3930
LOC115931568	ZNF836	truthbar	1						
LOC115931568	ZNF841	truthbar	1						
LOC115931568	ZNF888	truthbar	1						
LOC115931568	ZNF91	truthbar	1	0.3164	DN_NC_073244.2_28072858_4	DN_NC_073244.2_29680825_2	0.3930	0.5202	0.5202
LOC115931568	ZNF92	truthbar	1	0.3348	DN_NC_073230.2_74637814_2	DN_NC_073244.2_28072858_4	0.3657	0.3930	0.3930
LOC115931576	LOC115931654	truthbar	1	0.1710	DN_NC_073244.2_29046961_4	DN_NC_073244.2_65266359_4	0.4500	0.3995	0.4500
LOC115931576	LOC115931857	truthbar	1	0.2173	DN_NC_073244.2_29046961_4	DN_NC_073246.2_15789285_3	0.4500	0.2698	0.4500
LOC115931576	LOC129527827	genuine	0	0.2279	DN_NC_073242.2_66613619_4	DN_NC_073244.2_29046961_4	0.4438	0.4500	0.4500
LOC115931576	LOC129528947	genuine	0	0.4067	DN_NC_073244.2_27408454_4	DN_NC_073244.2_29046961_4	0.5416	0.4500	0.5416
LOC115931576	OSBPL10	genuine	0						
LOC115931576	ZNF141	truthbar	1	0.2350	DN_NC_073227.2_8907801_4	DN_NC_073244.2_29046961_4	0.2847	0.4500	0.4500
LOC115931576	ZNF195	truthbar	1	0.1970	DN_NC_073233.2_9788172_5	DN_NC_073244.2_29046961_4	0.2339	0.4500	0.4500
LOC115931576	ZNF254	truthbar	1	0.3089	DN_NC_073244.2_29046961_4	DN_NC_073244.2_30438386_2	0.4500	0.3964	0.4500
LOC115931576	ZNF267	truthbar	1						
LOC115931576	ZNF273	truthbar	1	0.2414	DN_NC_073230.2_74299233_4	DN_NC_073244.2_29046961_4	0.3847	0.4500	0.4500
LOC115931576	ZNF28	truthbar	1	0.2443	DN_NC_073244.2_29046961_4	DN_NC_073244.2_64759228_5	0.4500	0.3434	0.4500
LOC115931576	ZNF347	truthbar	1						
LOC115931576	ZNF415	truthbar	1	0.4718	DN_NC_073244.2_29046961_4	DN_NC_073244.2_65046428_2	0.4500	0.1755	0.4500
LOC115931576	ZNF429	truthbar	1	0.7322	DN_NC_073244.2_27956158_2	DN_NC_073244.2_29046961_4	0.5265	0.4500	0.5265
LOC115931576	ZNF43	truthbar	1	0.4085	DN_NC_073244.2_28333451_4	DN_NC_073244.2_29046961_4	0.4625	0.4500	0.4625
LOC115931576	ZNF430	truthbar	1	0.3937	DN_NC_073244.2_27504818_5	DN_NC_073244.2_29046961_4	0.4270	0.4500	0.4500
LOC115931576	ZNF468	truthbar	1	0.2446	DN_NC_073244.2_29046961_4	DN_NC_073244.2_64797239_5	0.4500	0.3221	0.4500
LOC115931576	ZNF480	truthbar	1						
LOC115931576	ZNF486	truthbar	1	0.2227	DN_NC_073244.2_26666712_5	DN_NC_073244.2_29046961_4	0.4566	0.4500	0.4566
LOC115931576	ZNF506	truthbar	1	0.4147	DN_NC_073244.2_26240035_4	DN_NC_073244.2_29046961_4	0.3919	0.4500	0.4500
LOC115931576	ZNF519	truthbar	1	0.2727	DN_NC_073241.2_36126198_2	DN_NC_073244.2_29046961_4	0.2075	0.4500	0.4500
LOC115931576	ZNF528	truthbar	1						
LOC115931576	ZNF578	truthbar	1						
LOC115931576	ZNF595	truthbar	1	0.4860	DN_NC_073227.2_8633418_2	DN_NC_073244.2_29046961_4	0.5689	0.4500	0.5689
LOC115931576	ZNF600	truthbar	1	0.2015	DN_NC_073244.2_29046961_4	DN_NC_073244.2_64724127_4	0.4500	0.3339	0.4500
LOC115931576	ZNF611	truthbar	1	0.1398	DN_NC_073244.2_29046961_4	DN_NC_073244.2_64672255_4	0.4500	0.3521	0.4500
LOC115931576	ZNF616	truthbar	1						
LOC115931576	ZNF626	truthbar	1	0.2924	DN_NC_073244.2_27131194_2	DN_NC_073244.2_29046961_4	0.4557	0.4500	0.4557
LOC115931576	ZNF655	truthbar	1						
LOC115931576	ZNF675	truthbar	1	0.6122	DN_NC_073244.2_29046961_4	DN_NC_073244.2_29970261_4	0.4500	0.3774	0.4500
LOC115931576	ZNF678	truthbar	1	0.3026	DN_NC_073224.2_40627195_4	DN_NC_073244.2_29046961_4	0.3220	0.4500	0.4500
LOC115931576	ZNF680	truthbar	1	0.2747	DN_NC_073230.2_73977205_4	DN_NC_073244.2_29046961_4	0.3066	0.4500	0.4500
LOC115931576	ZNF681	truthbar	1	0.2827	DN_NC_073244.2_29046961_4	DN_NC_073244.2_30067652_4	0.4500	0.4267	0.4500
LOC115931576	ZNF682	truthbar	1	0.2862	DN_NC_073244.2_26470366_4	DN_NC_073244.2_29046961_4	0.3255	0.4500	0.4500
LOC115931576	ZNF695	truthbar	1	0.2309	DN_NC_073224.2_8422960_4	DN_NC_073244.2_29046961_4	0.3045	0.4500	0.4500
LOC115931576	ZNF701	truthbar	1						
LOC115931576	ZNF721	truthbar	1	0.3194	DN_NC_073227.2_9010062_2	DN_NC_073244.2_29046961_4	0.3953	0.4500	0.4500
LOC115931576	ZNF723	truthbar	1	0.3748	DN_NC_073244.2_29046961_4	DN_NC_073244.2_29232445_4	0.4500	0.5099	0.5099
LOC115931576	ZNF727	truthbar	1	0.2121	DN_NC_073230.2_73508332_4	DN_NC_073244.2_29046961_4	0.3146	0.4500	0.4500
LOC115931576	ZNF736	truthbar	1	0.3484	DN_NC_073230.2_73776646_4	DN_NC_073244.2_29046961_4	0.3000	0.4500	0.4500
LOC115931576	ZNF761	truthbar	1						
LOC115931576	ZNF766	truthbar	1						
LOC115931576	ZNF8	truthbar	1						
LOC115931576	ZNF808	truthbar	1	0.1366	DN_NC_073244.2_29046961_4	DN_NC_073244.2_64500861_5	0.4500	0.4373	0.4500
LOC115931576	ZNF813	truthbar	1	0.3022	DN_NC_073244.2_29046961_4	DN_NC_073244.2_65398487_4	0.4500	0.3208	0.4500
LOC115931576	ZNF83	truthbar	1	0.3234	DN_NC_073244.2_29046961_4	DN_NC_073244.2_64585864_4	0.4500	0.3038	0.4500
LOC115931576	ZNF836	truthbar	1	0.2982	DN_NC_073244.2_29046961_4	DN_NC_073244.2_64125568_5	0.4500	0.4107	0.4500
LOC115931576	ZNF841	truthbar	1						
LOC115931576	ZNF888	truthbar	1						
LOC115931576	ZNF91	genuine	0	0.2136	DN_NC_073244.2_29046961_4	DN_NC_073244.2_29680825_2	0.4500	0.5202	0.5202
LOC115931576	ZNF92	truthbar	1	0.4376	DN_NC_073230.2_74637814_2	DN_NC_073244.2_29046961_4	0.3657	0.4500	0.4500
LOC115931590	ZSCAN5B	TP	1	0.4856	DN_NC_073244.2_68258639_5	DN_NC_073244.2_68293337_5	0.0240	0.0346	0.0346
LOC115931610	ZFP28	genuine	0						
LOC115931610	ZFP3	truthbar	1						
LOC115931610	ZFP69	truthbar	1						
LOC115931610	ZFP82	truthbar	1						
LOC115931610	ZNF177	truthbar	1	0.1362	DN_NC_073244.2_15357025_8	DN_NC_073244.2_15648295_6	0.1936	0.2510	0.2510
LOC115931610	ZNF184	truthbar	1						
LOC115931610	ZNF189	truthbar	1						
LOC115931610	ZNF266	truthbar	1	0.1553	DN_NC_073244.2_15453865_9	DN_NC_073244.2_15648295_6	0.1712	0.2510	0.2510
LOC115931610	ZNF283	genuine	0	0.1761	DN_NC_073244.2_15648295_6	DN_NC_073244.2_55341363_7	0.2510	0.3000	0.3000
LOC115931610	ZNF30	truthbar	1						
LOC115931610	ZNF329	truthbar	1						
LOC115931610	ZNF331	truthbar	1						
LOC115931610	ZNF420	truthbar	1	0.1826	DN_NC_073244.2_15648295_6	DN_NC_073244.2_48242798_5	0.2510	0.2498	0.2510
LOC115931610	ZNF461	truthbar	1						
LOC115931610	ZNF471	truthbar	1						
LOC115931610	ZNF529	truthbar	1						
LOC115931610	ZNF540	truthbar	1						
LOC115931610	ZNF546	truthbar	1						
LOC115931610	ZNF560	truthbar	1	0.1678	DN_NC_073244.2_15508499_10	DN_NC_073244.2_15648295_6	0.1478	0.2510	0.2510
LOC115931610	ZNF565	truthbar	1						
LOC115931610	ZNF566	genuine	0						
LOC115931610	ZNF571	truthbar	1	0.2399	DN_NC_073244.2_15648295_6	DN_NC_073244.2_49072464_4	0.2510	0.1879	0.2510
LOC115931610	ZNF573	truthbar	1						
LOC115931610	ZNF582	truthbar	1						
LOC115931610	ZNF583	truthbar	1						
LOC115931610	ZNF596	truthbar	1						
LOC115931610	ZNF607	truthbar	1						
LOC115931610	ZNF665	truthbar	1						
LOC115931610	ZNF684	truthbar	1						
LOC115931610	ZNF780A	truthbar	1						
LOC115931610	ZNF780B	genuine	0						
LOC115931610	ZNF790	truthbar	1	0.2405	DN_NC_073244.2_15648295_6	DN_NC_073244.2_47997304_5	0.2510	0.2772	0.2772
LOC115931610	ZNF829	truthbar	1	0.2522	DN_NC_073244.2_15648295_6	DN_NC_073244.2_48066692_6	0.2510	0.4705	0.4705
LOC115931610	ZNF891	truthbar	1						
LOC115931654	LOC115931857	truthbar	1						
LOC115931654	LOC129527827	genuine	0	0.2038	DN_NC_073242.2_66613619_4	DN_NC_073244.2_65266359_4	0.4438	0.3995	0.4438
LOC115931654	LOC129528947	genuine	0						
LOC115931654	OSBPL10	genuine	0						
LOC115931654	ZNF141	truthbar	1	0.1939	DN_NC_073227.2_8907801_4	DN_NC_073244.2_65266359_4	0.2847	0.3995	0.3995
LOC115931654	ZNF195	truthbar	1						
LOC115931654	ZNF254	truthbar	1	0.1490	DN_NC_073244.2_30438386_2	DN_NC_073244.2_65266359_4	0.3964	0.3995	0.3995
LOC115931654	ZNF267	truthbar	1	0.2832	DN_NC_073242.2_37386128_4	DN_NC_073244.2_65266359_4	0.2710	0.3995	0.3995
LOC115931654	ZNF273	truthbar	1	0.1428	DN_NC_073230.2_74299233_4	DN_NC_073244.2_65266359_4	0.3847	0.3995	0.3995
LOC115931654	ZNF28	truthbar	1	0.1709	DN_NC_073244.2_64759228_5	DN_NC_073244.2_65266359_4	0.3434	0.3995	0.3995
LOC115931654	ZNF347	truthbar	1	0.1478	DN_NC_073244.2_65073171_5	DN_NC_073244.2_65266359_4	0.3826	0.3995	0.3995
LOC115931654	ZNF415	truthbar	1	0.2828	DN_NC_073244.2_65046428_4	DN_NC_073244.2_65266359_4	0.1840	0.3995	0.3995
LOC115931654	ZNF429	truthbar	1	0.1827	DN_NC_073244.2_27956158_2	DN_NC_073244.2_65266359_4	0.5265	0.3995	0.5265
LOC115931654	ZNF43	truthbar	1						
LOC115931654	ZNF430	truthbar	1	0.1761	DN_NC_073244.2_27504818_5	DN_NC_073244.2_65266359_4	0.4270	0.3995	0.4270
LOC115931654	ZNF468	truthbar	1	0.1609	DN_NC_073244.2_64797239_5	DN_NC_073244.2_65266359_4	0.3221	0.3995	0.3995
LOC115931654	ZNF480	truthbar	1	0.2016	DN_NC_073244.2_64265252_5	DN_NC_073244.2_65266359_4	0.5307	0.3995	0.5307
LOC115931654	ZNF486	truthbar	1						
LOC115931654	ZNF506	genuine	0						
LOC115931654	ZNF519	truthbar	1						
LOC115931654	ZNF528	truthbar	1	0.1934	DN_NC_073244.2_64368633_7	DN_NC_073244.2_65266359_4	0.2537	0.3995	0.3995
LOC115931654	ZNF578	truthbar	1	0.2909	DN_NC_073244.2_64426370_6	DN_NC_073244.2_65266359_4	0.4463	0.3995	0.4463
LOC115931654	ZNF595	truthbar	1						
LOC115931654	ZNF600	truthbar	1	0.2795	DN_NC_073244.2_64724127_4	DN_NC_073244.2_65266359_4	0.3339	0.3995	0.3995
LOC115931654	ZNF611	truthbar	1	0.2502	DN_NC_073244.2_64672255_4	DN_NC_073244.2_65266359_4	0.3521	0.3995	0.3995
LOC115931654	ZNF616	truthbar	1	0.1466	DN_NC_073244.2_64081943_4	DN_NC_073244.2_65266359_4	0.2620	0.3995	0.3995
LOC115931654	ZNF626	truthbar	1						
LOC115931654	ZNF655	truthbar	1						
LOC115931654	ZNF675	truthbar	1	0.1857	DN_NC_073244.2_29970261_4	DN_NC_073244.2_65266359_4	0.3774	0.3995	0.3995
LOC115931654	ZNF678	truthbar	1						
LOC115931654	ZNF680	truthbar	1	0.1782	DN_NC_073230.2_73977205_4	DN_NC_073244.2_65266359_4	0.3066	0.3995	0.3995
LOC115931654	ZNF681	truthbar	1	0.2447	DN_NC_073244.2_30067652_4	DN_NC_073244.2_65266359_4	0.4267	0.3995	0.4267
LOC115931654	ZNF682	truthbar	1						
LOC115931654	ZNF695	truthbar	1						
LOC115931654	ZNF701	genuine	0	0.2190	DN_NC_073244.2_64543447_4	DN_NC_073244.2_65266359_4	0.2106	0.3995	0.3995
LOC115931654	ZNF721	truthbar	1	0.1774	DN_NC_073227.2_9010062_2	DN_NC_073244.2_65266359_4	0.3953	0.3995	0.3995
LOC115931654	ZNF723	truthbar	1						
LOC115931654	ZNF727	truthbar	1	0.1476	DN_NC_073230.2_73508332_4	DN_NC_073244.2_65266359_4	0.3146	0.3995	0.3995
LOC115931654	ZNF736	truthbar	1						
LOC115931654	ZNF761	truthbar	1	0.1626	DN_NC_073244.2_65266359_4	DN_NC_073244.2_65362909_5	0.3995	0.3364	0.3995
LOC115931654	ZNF766	genuine	0						
LOC115931654	ZNF8	truthbar	1						
LOC115931654	ZNF808	truthbar	1	0.2371	DN_NC_073244.2_64500861_5	DN_NC_073244.2_65266359_4	0.4373	0.3995	0.4373
LOC115931654	ZNF813	truthbar	1	0.1755	DN_NC_073244.2_65266359_4	DN_NC_073244.2_65398487_4	0.3995	0.3208	0.3995
LOC115931654	ZNF83	truthbar	1	0.3841	DN_NC_073244.2_64585864_4	DN_NC_073244.2_65266359_4	0.3038	0.3995	0.3995
LOC115931654	ZNF836	truthbar	1	0.3248	DN_NC_073244.2_64125568_5	DN_NC_073244.2_65266359_4	0.4107	0.3995	0.4107
LOC115931654	ZNF841	truthbar	1	0.2251	DN_NC_073244.2_64034715_7	DN_NC_073244.2_65266359_4	0.3325	0.3995	0.3995
LOC115931654	ZNF888	truthbar	1	0.2095	DN_NC_073244.2_64860608_4	DN_NC_073244.2_65266359_4	0.4244	0.3995	0.4244
LOC115931654	ZNF91	truthbar	1	0.3248	DN_NC_073244.2_29680825_2	DN_NC_073244.2_65266359_4	0.5202	0.3995	0.5202
LOC115931654	ZNF92	truthbar	1						
LOC115931857	LOC129527827	genuine	0						
LOC115931857	LOC129528947	genuine	0	0.2354	DN_NC_073244.2_27408454_4	DN_NC_073246.2_15789320_2	0.5416	0.2672	0.5416
LOC115931857	OSBPL10	genuine	0						
LOC115931857	ZNF141	truthbar	1						
LOC115931857	ZNF195	truthbar	1	0.1419	DN_NC_073233.2_9788172_5	DN_NC_073246.2_15789285_3	0.2339	0.2698	0.2698
LOC115931857	ZNF254	truthbar	1	0.1830	DN_NC_073244.2_30438340_4	DN_NC_073246.2_15789285_3	0.3798	0.2698	0.3798
LOC115931857	ZNF267	truthbar	1	0.2027	DN_NC_073242.2_37386128_4	DN_NC_073246.2_15789285_3	0.2710	0.2698	0.2710
LOC115931857	ZNF273	truthbar	1	0.2372	DN_NC_073230.2_74299233_4	DN_NC_073246.2_15789285_3	0.3847	0.2698	0.3847
LOC115931857	ZNF28	truthbar	1						
LOC115931857	ZNF347	truthbar	1						
LOC115931857	ZNF415	truthbar	1	0.2147	DN_NC_073244.2_65046428_4	DN_NC_073246.2_15789285_3	0.1840	0.2698	0.2698
LOC115931857	ZNF429	truthbar	1	0.3419	DN_NC_073244.2_27956158_2	DN_NC_073246.2_15789285_3	0.5265	0.2698	0.5265
LOC115931857	ZNF43	truthbar	1	0.2302	DN_NC_073244.2_28333451_4	DN_NC_073246.2_15789320_2	0.4625	0.2672	0.4625
LOC115931857	ZNF430	truthbar	1	0.2401	DN_NC_073244.2_27504818_5	DN_NC_073246.2_15789320_2	0.4270	0.2672	0.4270
LOC115931857	ZNF468	truthbar	1						
LOC115931857	ZNF480	truthbar	1						
LOC115931857	ZNF486	truthbar	1						
LOC115931857	ZNF506	truthbar	1						
LOC115931857	ZNF519	TP	1	0.8535	DN_NC_073241.2_36126183_3	DN_NC_073246.2_15789285_3	0.1960	0.2698	0.2698
LOC115931857	ZNF528	truthbar	1	0.1331	DN_NC_073244.2_64368633_7	DN_NC_073246.2_15789320_2	0.2537	0.2672	0.2672
LOC115931857	ZNF578	truthbar	1						
LOC115931857	ZNF595	truthbar	1	0.2775	DN_NC_073227.2_8633418_2	DN_NC_073246.2_15789285_3	0.5689	0.2698	0.5689
LOC115931857	ZNF600	truthbar	1	0.2076	DN_NC_073244.2_64724127_4	DN_NC_073246.2_15789285_3	0.3339	0.2698	0.3339
LOC115931857	ZNF611	truthbar	1						
LOC115931857	ZNF616	truthbar	1	0.2259	DN_NC_073244.2_64081943_4	DN_NC_073246.2_15789320_2	0.2620	0.2672	0.2672
LOC115931857	ZNF626	truthbar	1						
LOC115931857	ZNF655	truthbar	1						
LOC115931857	ZNF675	truthbar	1	0.4005	DN_NC_073244.2_29970261_4	DN_NC_073246.2_15789320_2	0.3774	0.2672	0.3774
LOC115931857	ZNF678	truthbar	1	0.2307	DN_NC_073224.2_40627195_4	DN_NC_073246.2_15789285_3	0.3220	0.2698	0.3220
LOC115931857	ZNF680	truthbar	1	0.2713	DN_NC_073230.2_73977205_4	DN_NC_073246.2_15789285_3	0.3066	0.2698	0.3066
LOC115931857	ZNF681	truthbar	1						
LOC115931857	ZNF682	truthbar	1	0.2561	DN_NC_073244.2_26470366_4	DN_NC_073246.2_15789320_2	0.3255	0.2672	0.3255
LOC115931857	ZNF695	truthbar	1	0.2070	DN_NC_073224.2_8422960_4	DN_NC_073246.2_15789285_3	0.3045	0.2698	0.3045
LOC115931857	ZNF701	truthbar	1						
LOC115931857	ZNF721	truthbar	1	0.1331	DN_NC_073227.2_9009655_3	DN_NC_073246.2_15789285_3	0.3750	0.2698	0.3750
LOC115931857	ZNF723	truthbar	1	0.3869	DN_NC_073244.2_29232445_4	DN_NC_073246.2_15789285_3	0.5099	0.2698	0.5099
LOC115931857	ZNF727	truthbar	1						
LOC115931857	ZNF736	truthbar	1						
LOC115931857	ZNF761	truthbar	1	0.1698	DN_NC_073244.2_65362909_5	DN_NC_073246.2_15789285_3	0.3364	0.2698	0.3364
LOC115931857	ZNF766	truthbar	1	0.1633	DN_NC_073244.2_64231369_4	DN_NC_073246.2_15789285_3	0.2784	0.2698	0.2784
LOC115931857	ZNF8	truthbar	1						
LOC115931857	ZNF808	truthbar	1						
LOC115931857	ZNF813	truthbar	1						
LOC115931857	ZNF83	truthbar	1	0.3004	DN_NC_073244.2_64585864_4	DN_NC_073246.2_15789285_3	0.3038	0.2698	0.3038
LOC115931857	ZNF836	truthbar	1						
LOC115931857	ZNF841	truthbar	1						
LOC115931857	ZNF888	truthbar	1	0.2022	DN_NC_073244.2_64860608_4	DN_NC_073246.2_15789285_3	0.4244	0.2698	0.4244
LOC115931857	ZNF91	genuine	0	0.2274	DN_NC_073244.2_29680825_4	DN_NC_073246.2_15789320_2	0.4948	0.2672	0.4948
LOC115931857	ZNF92	truthbar	1	0.2696	DN_NC_073230.2_74637814_2	DN_NC_073246.2_15789285_3	0.3657	0.2698	0.3657
LOC115932055	TFDP1	genuine	0	0.4303	DN_NC_073238.2_128463727_12	DN_NC_073247.2_47501169_3	0.1558	0.2172	0.2172
LOC115932241	LOC115932281	genuine	1	0.3944	DN_NC_073247.2_18318973_2	DN_NC_073247.2_18934892_2	0.0269	0.0404	0.0404
LOC115932241	LOC129529790	truthbar	1	0.4144	DN_NC_073247.2_17003459_2	DN_NC_073247.2_18318973_2	0.0445	0.0269	0.0445
LOC115932241	LOC129530333	genuine	0	0.3675	DN_NC_073247.2_18318973_2	DN_NC_073248.2_30080680_2	0.0269	0.0392	0.0392
LOC115932281	LOC129529790	TP	1	0.4178	DN_NC_073247.2_17003459_2	DN_NC_073247.2_18934892_2	0.0445	0.0404	0.0445
LOC115932281	LOC129530333	genuine	0	0.6366	DN_NC_073247.2_18934892_2	DN_NC_073248.2_30080680_2	0.0404	0.0392	0.0404
LOC115932634	PPIF	genuine	0	0.4936	DN_NC_073232.2_36391573_6	DN_NC_073232.2_91788490_6	0.1591	0.1754	0.1754
LOC115932679	LOC129523854	genuine	0	0.1543	DN_NC_073230.2_47037167_3	DN_NC_073230.2_51605178_3	0.6624	0.2372	0.6624
LOC115932679	LOC129524788	genuine	0						
LOC115932679	LOC129529528	genuine	0	0.1367	DN_NC_073230.2_47037167_3	DN_NC_086018.1_40100382_3	0.6624	0.2555	0.6624
LOC115932679	LOC129533004	genuine	0						
LOC115932679	SLC37A2	genuine	0	0.1420	DN_NC_073230.2_47037167_3	DN_NC_073233.2_132992860_18	0.6624	0.2934	0.6624
LOC115932679	YAE1	genuine	0						
LOC115932683	TUBGCP5	TP	1	0.9977	DN_NC_073240.2_21430216_23	DN_NC_073240.2_24008961_23	0.1709	0.1794	0.1794
LOC115932735	LOC115932984	truthbar	1	0.1569	DN_NC_073224.2_124254598_20	DN_NC_073224.2_130224824_25	0.0804	0.1023	0.1023
LOC115932735	LOC115933235	truthbar	1						
LOC115932735	LOC115933241	genuine	0	0.1552	DN_NC_073224.2_115073393_19	DN_NC_073224.2_124254598_20	0.1051	0.0804	0.1051
LOC115932735	LOC129525330	truthbar	1	0.1569	DN_NC_073224.2_124254598_20	DN_NC_073224.2_125594338_29	0.0804	0.0748	0.0804
LOC115932735	LOC129525331	truthbar	1	0.1569	DN_NC_073224.2_124254598_20	DN_NC_073224.2_125055626_35	0.0804	0.1114	0.1114
LOC115932735	LOC129525599	truthbar	1	0.1527	DN_NC_073224.2_116807774_25	DN_NC_073224.2_124254598_20	0.1092	0.0804	0.1092
LOC115932735	LOC134756861	truthbar	1	0.1527	DN_NC_073224.2_117494263_25	DN_NC_073224.2_124254598_20	0.1095	0.0804	0.1095
LOC115932749	ZC3H7A	TP	1	0.9672	DN_NC_073242.2_15387796_13	DN_NC_073242.2_35785087_23	0.1438	0.1427	0.1438
LOC115932756	LOC115932954	TP	1	0.6332	DN_NC_073238.2_25250945_5	DN_NC_073240.2_17174470_5	0.2408	0.4192	0.4192
LOC115932756	LOC115933156	genuine	0	0.1567	DN_NC_073236.2_24785599_8	DN_NC_073240.2_17174470_5	0.0669	0.4192	0.4192
LOC115932756	LOC129523503	TP	1						
LOC115932756	LOC129523574	genuine	0						
LOC115932756	LOC129526389	TP	1						
LOC115932756	LOC129530227	genuine	0	0.2710	DN_NC_073240.2_17174470_5	DN_NC_073248.2_45277558_8	0.4192	0.0161	0.4192
LOC115932756	LOC134756368	TP	1	0.8018	DN_NC_073236.2_23070420_5	DN_NC_073240.2_17174470_5	0.2222	0.4192	0.4192
LOC115932756	LOC134756753	TP	1						
LOC115932756	LRPAP1	TP	1						
LOC115932756	XRCC2	TP	0	0.4120	DN_NC_073230.2_161461454_2	DN_NC_073240.2_17174470_5	0.3377	0.4192	0.4192
LOC115932762	LOC129524026	genuine	0	0.1352	DN_NC_073231.2_148826481_3	DN_NC_073236.2_30490104_2	0.3960	0.8425	0.8425
LOC115932762	LOC129527190	genuine	0	0.4069	DN_NC_073236.2_30501599_2	DN_NC_073238.2_22111250_2	0.5312	0.4448	0.5312
LOC115932762	NOSTRIN	genuine	0	0.2562	DN_NC_073235.2_71287360_16	DN_NC_073236.2_30490104_2	0.5731	0.8425	0.8425
LOC115932779	LOC115932992	genuine	0	0.3379	DN_NC_073242.2_16378095_15	DN_NC_073242.2_29051840_13	0.2095	0.2513	0.2513
LOC115932779	LOC115933039	TP	1	1.0000	DN_NC_073242.2_28854512_28	DN_NC_073244.2_20936541_9	0.0352	0.0888	0.0888
LOC115932779	SORL1	TP	0	0.6033	DN_NC_073233.2_129388517_48	DN_NC_073242.2_28854512_28	0.0360	0.0352	0.0360
LOC115932787	MAP2K3	TP	0	0.2592	DN_NC_073228.2_78724694_4	DN_NC_073228.2_79204251_5	0.2670	0.1689	0.2670
LOC115932794	LOC129529083	TP	0	0.2048	DN_NC_073228.2_78872851_5	DN_NC_073245.2_35742393_2	0.3905	0.3788	0.3905
LOC115932794	LOC134757821	genuine	0	0.1655	DN_NC_073228.2_78872851_5	DN_NC_073245.2_35910982_4	0.3905	0.3371	0.3905
LOC115932943	LOC129530010	genuine	0	0.4391	DN_NC_073247.2_84653260_2	DN_NC_073247.2_84678651_3	0.0000	0.0391	0.0391
LOC115932954	LOC115933156	genuine	0	0.2221	DN_NC_073236.2_24785599_8	DN_NC_073238.2_25250945_5	0.0669	0.2408	0.2408
LOC115932954	LOC129523503	TP	1	0.3097	DN_NC_073236.2_30205531_7	DN_NC_073238.2_25250945_5	0.1710	0.2408	0.2408
LOC115932954	LOC129523574	genuine	0	0.2250	DN_NC_073238.2_25250945_5	DN_NC_073246.2_11287585_8	0.2408	0.2426	0.2426
LOC115932954	LOC129526389	TP	1	0.3085	DN_NC_073238.2_23392840_7	DN_NC_073238.2_25250945_5	0.1694	0.2408	0.2408
LOC115932954	LOC129530227	genuine	0	0.4835	DN_NC_073238.2_25250945_5	DN_NC_073248.2_45277558_8	0.2408	0.0161	0.2408
LOC115932954	LOC134756368	TP	1	0.8403	DN_NC_073236.2_23070420_5	DN_NC_073238.2_25250945_5	0.2222	0.2408	0.2408
LOC115932954	LOC134756753	TP	1	0.3097	DN_NC_073236.2_22549336_8	DN_NC_073238.2_25250945_5	0.2004	0.2408	0.2408
LOC115932954	LRPAP1	TP	1	0.3097	DN_NC_073227.2_12088225_8	DN_NC_073238.2_25250945_5	0.1260	0.2408	0.2408
LOC115932954	XRCC2	TP	0	0.4120	DN_NC_073230.2_161461454_2	DN_NC_073238.2_25250945_5	0.3377	0.2408	0.3377
LOC115932984	LOC115933235	TP	1						
LOC115932984	LOC115933241	genuine	0						
LOC115932984	LOC129525330	TP	1	0.7950	DN_NC_073224.2_125594338_29	DN_NC_073224.2_130224824_25	0.0748	0.1023	0.1023
LOC115932984	LOC129525331	TP	1	0.8055	DN_NC_073224.2_125055626_35	DN_NC_073224.2_130224824_25	0.1114	0.1023	0.1114
LOC115932984	LOC129525599	TP	1	0.3123	DN_NC_073224.2_116807774_25	DN_NC_073224.2_130224824_25	0.1092	0.1023	0.1092
LOC115932984	LOC134756861	TP	1	0.3123	DN_NC_073224.2_117494263_25	DN_NC_073224.2_130224824_25	0.1095	0.1023	0.1095
LOC115932994	LOC129533365	TP	0	0.1661	DN_NC_073228.2_81689164_6	DN_NC_073228.2_83259868_7	0.1082	0.0762	0.1082
LOC115933002	LOC115934626	TP	1						
LOC115933002	LOC115934680	genuine	0	0.1776	DN_NC_073228.2_46729356_10	DN_NC_073228.2_62340772_5	0.0255	0.2669	0.2669
LOC115933002	LRRC37A3	truthbar	1						
LOC115933006	LOC115933189	TP	1	0.5613	DN_NC_073228.2_182513643_26	DN_NC_073228.2_182587557_24	0.2579	0.2893	0.2893
LOC115933039	SORL1	TP	0	0.9015	DN_NC_073233.2_129388517_48	DN_NC_073244.2_20936541_9	0.0360	0.0888	0.0888
LOC115933090	LOC129524676	genuine	0	0.3751	DN_NC_073237.2_22957046_5	DN_NC_073238.2_31858801_4	0.2889	0.3038	0.3038
LOC115933090	LOC129525008	genuine	0						
LOC115933090	LOC129526479	genuine	0						
LOC115933090	LOC134756761	genuine	0	0.3299	DN_NC_073236.2_30994185_5	DN_NC_073238.2_31858801_4	0.2807	0.3038	0.3038
LOC115933090	MKRN1	genuine	0						
LOC115933090	TIMM23B	genuine	0						
LOC115933090	TOR3A	genuine	0						
LOC115933090	TRAF5	genuine	0						
LOC115933127	LOC115933128	TP	0	0.6988	DN_NC_073239.2_122634080_4	DN_NC_073239.2_122741455_4	0.0322	0.0168	0.0322
LOC115933127	LOC115933240	TP	0	0.7230	DN_NC_073239.2_122615409_4	DN_NC_073239.2_122741455_4	0.0000	0.0168	0.0168
LOC115933127	LOC134757171	genuine	0	0.7091	DN_NC_073239.2_122741455_4	DN_NC_073239.2_122769394_7	0.0168	0.0000	0.0168
LOC115933128	LOC115933240	TP	0	0.6962	DN_NC_073239.2_122615409_4	DN_NC_073239.2_122634080_4	0.0000	0.0322	0.0322
LOC115933128	LOC134757171	genuine	0	0.6917	DN_NC_073239.2_122634080_4	DN_NC_073239.2_122769394_7	0.0322	0.0000	0.0322
LOC115933144	LOC129527341	TP	1	0.6106	DN_NC_073242.2_35270505_17	DN_NC_073242.2_35624699_9	0.0798	0.1272	0.1272
LOC115933152	TEX14	TP	1	0.2605	DN_NC_073228.2_33351152_31	DN_NC_073236.2_29195344_14	0.0475	0.2581	0.2581
LOC115933156	LOC129523503	genuine	0	0.5609	DN_NC_073236.2_24785599_8	DN_NC_073236.2_30205531_7	0.0669	0.1710	0.1710
LOC115933156	LOC129523574	genuine	0	0.1497	DN_NC_073236.2_24785599_8	DN_NC_073246.2_11287585_8	0.0669	0.2426	0.2426
LOC115933156	LOC129526389	genuine	0	0.5605	DN_NC_073236.2_24785599_8	DN_NC_073238.2_23392840_7	0.0669	0.1694	0.1694
LOC115933156	LOC129530227	genuine	0	0.8608	DN_NC_073236.2_24785599_8	DN_NC_073248.2_45277558_8	0.0669	0.0161	0.0669
LOC115933156	LOC134756368	genuine	0	0.1571	DN_NC_073236.2_23070420_5	DN_NC_073236.2_24785599_8	0.2222	0.0669	0.2222
LOC115933156	LOC134756753	genuine	0	0.8731	DN_NC_073236.2_22549336_8	DN_NC_073236.2_24785599_8	0.2004	0.0669	0.2004
LOC115933156	LRPAP1	genuine	0	0.4178	DN_NC_073227.2_12088225_8	DN_NC_073236.2_24785599_8	0.1260	0.0669	0.1260
LOC115933156	XRCC2	genuine	0						
LOC115933167	LOC115935376	genuine	1	0.2253	DN_NC_073230.2_47098444_23	DN_NC_073230.2_51812102_9	0.1036	0.2825	0.2825
LOC115933167	LOC129523494	TP	1	0.2259	DN_NC_073230.2_112158616_4	DN_NC_073230.2_51812102_9	0.1709	0.2825	0.2825
LOC115933167	LOC129534750	genuine	0	0.3882	DN_NC_073230.2_51812102_9	DN_NC_073230.2_86128587_5	0.2825	0.1518	0.2825
LOC115933167	LRWD1	genuine	0						
LOC115933170	WDR70	genuine	0	0.1387	DN_NC_073243.2_74160733_18	DN_NC_073243.2_79717303_18	0.0876	0.2832	0.2832
LOC115933187	SH3KBP1	TP	0	0.4068	DN_NC_073245.2_9841009_7	DN_NC_073247.2_30010111_18	0.1563	0.1440	0.1563
LOC115933219	LOC129526395	genuine	0						
LOC115933219	LOC129526550	TP	0						
LOC115933219	LOC129526557	genuine	0						
LOC115933219	LOC129527278	genuine	0	0.1667	DN_NC_073236.2_21829724_2	DN_NC_073245.2_42779121_5	0.4382	0.2495	0.4382
LOC115933219	LOC129530429	genuine	0						
LOC115933219	LOC129530552	genuine	0						
LOC115933219	LOC129531431	genuine	0						
LOC115933219	LOC129532222	genuine	0	0.1354	DN_NC_073235.2_33703802_2	DN_NC_073245.2_42779121_5	0.1782	0.2495	0.2495
LOC115933219	LOC129532224	TP	0	0.3336	DN_NC_073235.2_34402342_7	DN_NC_073245.2_42779121_5	0.2777	0.2495	0.2777
LOC115933235	LOC115933241	genuine	0	0.3423	DN_NC_073224.2_115073393_19	DN_NC_073224.2_129429039_7	0.1051	0.1781	0.1781
LOC115933235	LOC129525330	TP	1						
LOC115933235	LOC129525331	TP	1						
LOC115933235	LOC129525599	TP	1						
LOC115933235	LOC134756861	TP	1						
LOC115933240	LOC134757171	genuine	0	0.7230	DN_NC_073239.2_122615409_4	DN_NC_073239.2_122769394_7	0.0000	0.0000	0.0000
LOC115933241	LOC129525330	genuine	0						
LOC115933241	LOC129525331	genuine	0						
LOC115933241	LOC129525599	genuine	0	0.5070	DN_NC_073224.2_115073393_19	DN_NC_073224.2_116807774_25	0.1051	0.1092	0.1092
LOC115933241	LOC134756861	genuine	0	0.5070	DN_NC_073224.2_115073393_19	DN_NC_073224.2_117494263_25	0.1051	0.1095	0.1095
LOC115933250	LOC115933349	genuine	0	0.7050	DN_NC_073242.2_30717385_31	DN_NC_073242.2_31497679_8	0.0495	0.0847	0.0847
LOC115933250	LOC129527620	TP	0	0.4950	DN_NC_073242.2_28606635_19	DN_NC_073242.2_30717385_31	0.0247	0.0495	0.0495
LOC115933250	LOC134757427	genuine	0						
LOC115933254	LOC129524732	genuine	0						
LOC115933306	LOC115934662	TP	1	1.0000	DN_NC_073228.2_54243403_14	DN_NC_073228.2_56462402_14	0.0425	0.0425	0.0425
LOC115933306	LOC129533797	TP	1	0.9480	DN_NC_073228.2_54243403_14	DN_NC_073228.2_56531257_20	0.0425	0.0500	0.0500
LOC115933349	LOC129527620	genuine	0						
LOC115933349	LOC134757427	TP	0	0.2941	DN_NC_073242.2_15607160_18	DN_NC_073242.2_31497679_8	0.0202	0.0847	0.0847
LOC115933369	LOC129527725	TP	1	0.4771	DN_NC_073242.2_104701006_6	DN_NC_073242.2_99381861_11	0.2494	0.1677	0.2494
LOC115933429	MPHOSPH8	TP	1	0.5457	DN_NC_073238.2_33938258_14	DN_NC_073240.2_20710887_3	0.2495	0.2652	0.2652
LOC115933728	LOC129526434	truthbar	1	0.8922	DN_NC_073235.2_31723374_5	DN_NC_073238.2_31467876_5	0.0123	0.0993	0.0993
LOC115933728	LOC129529583	genuine	0	0.2382	DN_NC_073235.2_31723374_5	DN_NC_086018.1_18552717_3	0.0123	0.1544	0.1544
LOC115933728	TUBA1C	truthbar	1	0.8599	DN_NC_073234.2_52064465_4	DN_NC_073235.2_31723374_5	0.0558	0.0123	0.0558
LOC115933728	TUBA3E	TP	1	1.0000	DN_NC_073235.2_31723374_5	DN_NC_073235.2_32697745_5	0.0123	0.0120	0.0123
LOC115933728	TUBA8	truthbar	1	0.7708	DN_NC_073235.2_31723374_5	DN_NC_086018.1_16134008_5	0.0123	0.0561	0.0561
LOC115933728	TUBAL3	truthbar	1	0.7547	DN_NC_073232.2_14351656_4	DN_NC_073235.2_31723374_5	0.0589	0.0123	0.0589
LOC115933986	LOC134757408	genuine	0	0.1471	DN_NC_073241.2_103649905_2	DN_NC_086017.1_47078826_3	0.3536	0.5045	0.5045
LOC115933986	LOC134758214	genuine	0	0.1592	DN_NC_086017.1_47078826_3	DN_NC_086018.1_22567705_3	0.5045	0.3546	0.5045
LOC115934025	LOC129526171	genuine	0						
LOC115934025	LOC129527656	genuine	0						
LOC115934025	LOC134757969	genuine	0	0.9674	DN_NC_086017.1_24755691_2	DN_NC_086017.1_24755694_2	0.3514	0.3190	0.3514
LOC115934025	LOC134758232	genuine	0						
LOC115934025	PGM3	genuine	0						
LOC115934041	LOC129528278	genuine	0	0.3597	DN_NC_073241.2_83874271_3	DN_NC_086017.1_112545872_3	0.7306	0.7821	0.7821
LOC115934041	LOC129528791	genuine	0	0.3729	DN_NC_073244.2_6165323_3	DN_NC_086017.1_112545872_3	0.7410	0.7821	0.7821
LOC115934041	LOC134758719	genuine	0						
LOC115934041	PLGRKT	genuine	0						
LOC115934041	RHOT1	genuine	0						
LOC115934041	SERPINA3	genuine	0						
LOC115934041	SSBP1	genuine	0						
LOC115934054	SDHA	genuine	0						
LOC115934057	ZFP2	genuine	0	0.1656	DN_NC_073228.2_182864372_4	DN_NC_086017.1_54583506_2	0.1403	0.1399	0.1403
LOC115934057	ZFP69B	genuine	0						
LOC115934057	ZFP90	genuine	0						
LOC115934057	ZNF181	genuine	0						
LOC115934057	ZNF2	genuine	0						
LOC115934057	ZNF248	genuine	0						
LOC115934057	ZNF333	genuine	0						
LOC115934057	ZNF391	genuine	0						
LOC115934057	ZNF485	genuine	0						
LOC115934057	ZNF514	genuine	0						
LOC115934057	ZNF554	genuine	0						
LOC115934057	ZNF621	genuine	0						
LOC115934057	ZNF879	genuine	0						
LOC115934372	LOC129526178	genuine	0	0.1550	DN_NC_073227.2_148229831_8	DN_NC_073238.2_39529658_9	0.4914	0.3616	0.4914
LOC115934372	LOC129527096	genuine	0	0.1716	DN_NC_073227.2_148229831_8	DN_NC_073240.2_41396094_2	0.4914	0.8061	0.8061
LOC115934372	PP2D1	genuine	0						
LOC115934372	RAB5A	genuine	0						
LOC115934550	WDR45B	TP	1	0.3837	DN_NC_073228.2_62433488_6	DN_NC_073228.2_9345525_10	0.0679	0.0835	0.0835
LOC115934575	USP32	TP	0	0.1485	DN_NC_073228.2_31824273_3	DN_NC_073228.2_83368453_5	0.2001	0.2146	0.2146
LOC115934626	LOC115934680	genuine	0						
LOC115934626	LRRC37A3	TP	1	0.3107	DN_NC_073228.2_27148471_4	DN_NC_073228.2_45948292_6	0.1111	0.1392	0.1392
LOC115934662	LOC129533797	TP	1	0.9480	DN_NC_073228.2_56462402_14	DN_NC_073228.2_56531257_20	0.0425	0.0500	0.0500
LOC115934680	LRRC37A3	genuine	0						
LOC115935025	XAF1	genuine	0						
LOC115935264	PMS2	genuine	0	0.1647	DN_NC_073230.2_14161449_15	DN_NC_073230.2_81087606_7	0.1447	0.0844	0.1447
LOC115935268	LOC129534750	genuine	0	0.4659	DN_NC_073230.2_86077849_4	DN_NC_073230.2_86186055_4	0.2334	0.2313	0.2334
LOC115935369	LOC129523646	genuine	0	0.1471	DN_NC_073230.2_72857214_2	DN_NC_073230.2_73388327_2	0.3335	0.4016	0.4016
LOC115935369	LOC129523647	genuine	0	0.1461	DN_NC_073230.2_72907176_2	DN_NC_073230.2_73388327_2	0.3303	0.4016	0.4016
LOC115935376	LOC129523494	TP	1						
LOC115935376	LOC129534750	genuine	0	0.3413	DN_NC_073230.2_47098444_23	DN_NC_073230.2_86128587_5	0.1036	0.1518	0.1518
LOC115935376	LRWD1	genuine	0						
LOC115935379	TMEM243	genuine	0						
LOC115935615	LOC129532538	genuine	0						
LOC115935615	LOC129532539	genuine	0						
LOC115935615	TNFRSF10A	truthbar	1						
LOC115935615	TNFRSF10B	truthbar	1						
LOC115935615	TNFRSF10D	TP	1	0.2354	DN_NC_073231.2_27335163_6	DN_NC_073231.2_27367940_9	0.0981	0.0893	0.0981
LOC115935842	LOC129524687	TP	1	0.3419	DN_NC_073236.2_32676987_2	DN_NC_073237.2_31692944_2	0.1603	0.1547	0.1603
LOC115935989	RHEB	genuine	0	0.3408	DN_NC_073230.2_160290576_8	DN_NC_073232.2_68914292_6	0.0773	0.1110	0.1110
LOC115935989	SHLD2	TP	1	0.5602	DN_NC_073232.2_68914292_6	DN_NC_073232.2_99479042_10	0.1110	0.1215	0.1215
LOC115936279	LOC129523488	genuine	0	0.6194	DN_NC_073233.2_54778450_7	DN_NC_073233.2_97922937_7	0.1083	0.0481	0.1083
LOC129523474	NXF3	truthbar	1	0.3718	DN_NC_073247.2_114041704_23	DN_NC_073247.2_114854872_20	0.0658	0.1618	0.1618
LOC129523494	LOC129534750	genuine	0	0.3330	DN_NC_073230.2_112158616_4	DN_NC_073230.2_86128587_5	0.1709	0.1518	0.1709
LOC129523494	LRWD1	genuine	0	0.1355	DN_NC_073230.2_112158616_4	DN_NC_073230.2_86050165_15	0.1709	0.0519	0.1709
LOC129523503	LOC129523574	genuine	0	0.1867	DN_NC_073236.2_30205531_7	DN_NC_073246.2_11287585_8	0.1710	0.2426	0.2426
LOC129523503	LOC129526389	truthbar	1	0.9939	DN_NC_073236.2_30205531_7	DN_NC_073238.2_23392840_7	0.1710	0.1694	0.1710
LOC129523503	LOC129530227	genuine	0	0.6584	DN_NC_073236.2_30205531_7	DN_NC_073248.2_45277558_8	0.1710	0.0161	0.1710
LOC129523503	LOC134756368	TP	1	0.1553	DN_NC_073236.2_23070420_5	DN_NC_073236.2_30205531_7	0.2222	0.1710	0.2222
LOC129523503	LOC134756753	TP	1	0.2745	DN_NC_073236.2_22549336_8	DN_NC_073236.2_30205531_7	0.2004	0.1710	0.2004
LOC129523503	LRPAP1	TP	1	0.2822	DN_NC_073227.2_12088225_8	DN_NC_073236.2_30205531_7	0.1260	0.1710	0.1710
LOC129523503	XRCC2	genuine	0						
LOC129523505	LOC129525643	genuine	0	0.7716	DN_NC_073234.2_15631092_11	DN_NC_086017.1_9790451_11	0.0619	0.1231	0.1231
LOC129523511	LOC134756389	TP	1	0.4222	DN_NC_073227.2_212285016_9	DN_NC_073231.2_151170137_9	0.2376	0.2178	0.2376
LOC129523511	RABL2A	TP	1	0.2724	DN_NC_073227.2_212285016_9	DN_NC_073235.2_15131698_9	0.2376	0.2011	0.2376
LOC129523511	RABL2B	truthbar	1	0.6088	DN_NC_073227.2_212285016_9	DN_NC_086018.1_48818439_9	0.2376	0.0424	0.2376
LOC129523520	LOC129529226	genuine	0	0.4918	DN_NC_073224.2_15670210_25	DN_NC_073224.2_19027212_8	0.0063	0.0020	0.0063
LOC129523520	LOC129531982	genuine	0	0.6243	DN_NC_073224.2_19027212_8	DN_NC_073224.2_29070818_24	0.0020	0.0156	0.0156
LOC129523520	LOC134756437	TP	1	1.0000	DN_NC_073224.2_19027212_8	DN_NC_073224.2_19235747_8	0.0020	0.0034	0.0034
LOC129523520	LOC134758712	TP	1	1.0000	DN_NC_073224.2_15783681_8	DN_NC_073224.2_19027212_8	0.0027	0.0020	0.0027
LOC129523520	LOC134758754	TP	1	0.9993	DN_NC_073224.2_19027212_8	DN_NC_073224.2_19344252_8	0.0020	0.0028	0.0028
LOC129523521	LOC129527828	TP	1	0.9975	DN_NC_073242.2_66060664_2	DN_NC_073242.2_66832276_2	0.1605	0.1789	0.1789
LOC129523564	LOC129529082	genuine	0	0.1406	DN_NC_073227.2_211418821_2	DN_NC_073245.2_35160176_6	0.6125	0.4645	0.6125
LOC129523564	LOC129530428	genuine	0	0.1619	DN_NC_073227.2_211418821_2	DN_NC_073248.2_10670113_2	0.6125	0.1619	0.6125
LOC129523564	LOC134756922	genuine	0						
LOC129523564	NAP1L3	genuine	0	0.1440	DN_NC_073227.2_211418821_2	DN_NC_073247.2_105439613_2	0.6125	0.3269	0.6125
LOC129523564	NDUFAF2	genuine	0	0.1454	DN_NC_073227.2_211418821_2	DN_NC_073243.2_49045190_4	0.6125	0.3612	0.6125
LOC129523564	NGLY1	genuine	0	0.1344	DN_NC_073227.2_211418821_2	DN_NC_086017.1_35538439_12	0.6125	0.2280	0.6125
LOC129523564	RANBP6	genuine	0						
LOC129523564	SLC11A2	genuine	0						
LOC129523564	SOX30	genuine	0	0.1351	DN_NC_073227.2_211418821_2	DN_NC_073228.2_161454333_5	0.6125	0.1535	0.6125
LOC129523567	LOC129528667	genuine	0	0.3291	DN_NC_073237.2_23553596_5	DN_NC_073244.2_63882905_5	0.2031	0.2320	0.2320
LOC129523567	ZFP37	genuine	0	0.1866	DN_NC_073237.2_109279481_4	DN_NC_073237.2_23553596_5	0.2257	0.2031	0.2257
LOC129523567	ZNF10	genuine	0						
LOC129523567	ZNF140	genuine	0						
LOC129523567	ZNF157	genuine	0	0.1492	DN_NC_073237.2_23553596_5	DN_NC_073247.2_57761829_5	0.2031	0.2497	0.2497
LOC129523567	ZNF175	genuine	0	0.1780	DN_NC_073237.2_23553596_5	DN_NC_073244.2_63542066_5	0.2031	0.1827	0.2031
LOC129523567	ZNF180	genuine	0	0.1326	DN_NC_073237.2_23553596_5	DN_NC_073244.2_55989141_5	0.2031	0.1121	0.2031
LOC129523567	ZNF182	genuine	0	0.3032	DN_NC_073237.2_23553596_5	DN_NC_073247.2_58372296_6	0.2031	0.1467	0.2031
LOC129523567	ZNF25	genuine	0						
LOC129523567	ZNF26	genuine	0						
LOC129523567	ZNF260	genuine	0						
LOC129523567	ZNF268	truthbar	1	0.2347	DN_NC_073234.2_148682020_7	DN_NC_073237.2_23553596_5	0.1658	0.2031	0.2031
LOC129523567	ZNF287	genuine	0						
LOC129523567	ZNF300	truthbar	1	0.2591	DN_NC_073228.2_154747841_5	DN_NC_073237.2_23553596_5	0.1543	0.2031	0.2031
LOC129523567	ZNF302	genuine	0						
LOC129523567	ZNF334	genuine	0						
LOC129523567	ZNF33B	truthbar	1						
LOC129523567	ZNF354A	genuine	0	0.2240	DN_NC_073228.2_182334642_5	DN_NC_073237.2_23553596_5	0.1866	0.2031	0.2031
LOC129523567	ZNF354B	genuine	0						
LOC129523567	ZNF382	genuine	0						
LOC129523567	ZNF41	genuine	0	0.1517	DN_NC_073237.2_23553596_5	DN_NC_073247.2_57840463_5	0.2031	0.1565	0.2031
LOC129523567	ZNF432	genuine	0						
LOC129523567	ZNF484	truthbar	1	0.2247	DN_NC_073237.2_23553596_5	DN_NC_073237.2_89310571_5	0.2031	0.2190	0.2190
LOC129523567	ZNF487	genuine	0	0.2638	DN_NC_073232.2_71973207_3	DN_NC_073237.2_23553596_5	0.0993	0.2031	0.2031
LOC129523567	ZNF501	genuine	0						
LOC129523567	ZNF510	truthbar	1						
LOC129523567	ZNF527	genuine	0	0.1542	DN_NC_073237.2_23553596_5	DN_NC_073244.2_48620420_5	0.2031	0.2697	0.2697
LOC129523567	ZNF565	genuine	0						
LOC129523567	ZNF567	truthbar	1	0.3707	DN_NC_073237.2_23553596_5	DN_NC_073244.2_47878793_6	0.2031	0.1800	0.2031
LOC129523567	ZNF568	genuine	0	0.2131	DN_NC_073237.2_23553596_5	DN_NC_073244.2_48093173_7	0.2031	0.3190	0.3190
LOC129523567	ZNF569	truthbar	1	0.1735	DN_NC_073237.2_23553596_5	DN_NC_073244.2_48919547_6	0.2031	0.1952	0.2031
LOC129523567	ZNF577	genuine	0						
LOC129523567	ZNF585A	truthbar	1						
LOC129523567	ZNF585B	truthbar	1						
LOC129523567	ZNF605	genuine	0						
LOC129523567	ZNF606	genuine	0						
LOC129523567	ZNF613	genuine	0						
LOC129523567	ZNF614	genuine	0						
LOC129523567	ZNF615	truthbar	1						
LOC129523567	ZNF624	truthbar	1	0.1587	DN_NC_073228.2_83513581_6	DN_NC_073237.2_23553596_5	0.2734	0.2031	0.2734
LOC129523567	ZNF649	genuine	0						
LOC129523567	ZNF674	genuine	0						
LOC129523567	ZNF717	truthbar	1	0.3198	DN_NC_073237.2_23553596_5	DN_NC_086017.1_85766278_5	0.2031	0.1562	0.2031
LOC129523567	ZNF782	truthbar	1	0.2176	DN_NC_073237.2_23553596_5	DN_NC_073237.2_93275727_4	0.2031	0.1049	0.2031
LOC129523567	ZNF81	genuine	0						
LOC129523567	ZNF84	genuine	0						
LOC129523567	ZNF883	genuine	0	0.2853	DN_NC_073237.2_109230975_4	DN_NC_073237.2_23553596_5	0.2819	0.2031	0.2819
LOC129523574	LOC129526389	genuine	0	0.1867	DN_NC_073238.2_23392840_7	DN_NC_073246.2_11287585_8	0.1694	0.2426	0.2426
LOC129523574	LOC129530227	genuine	0	0.3450	DN_NC_073246.2_11287585_8	DN_NC_073248.2_45277558_8	0.2426	0.0161	0.2426
LOC129523574	LOC134756368	genuine	0	0.1383	DN_NC_073236.2_23070420_5	DN_NC_073246.2_11287585_8	0.2222	0.2426	0.2426
LOC129523574	LOC134756753	genuine	0	0.3439	DN_NC_073236.2_22549336_8	DN_NC_073246.2_11287585_8	0.2004	0.2426	0.2426
LOC129523574	LRPAP1	genuine	0	0.1867	DN_NC_073227.2_12088225_8	DN_NC_073246.2_11287585_8	0.1260	0.2426	0.2426
LOC129523574	XRCC2	genuine	0						
LOC129523582	SLC9B1	genuine	0	0.2320	DN_NC_073227.2_123234622_13	DN_NC_073242.2_37667715_4	0.1066	0.4445	0.4445
LOC129523646	LOC129523647	TP	0	1.0000	DN_NC_073230.2_72857214_2	DN_NC_073230.2_72907176_2	0.3335	0.3303	0.3335
LOC129523664	LOC129523899	genuine	0	0.4388	DN_NC_073230.2_74930869_10	DN_NC_073230.2_74941165_2	0.1195	0.2835	0.2835
LOC129523694	LOC129533124	genuine	0	0.1467	DN_NC_073227.2_139561252_10	DN_NC_073230.2_64705365_4	0.3010	0.1183	0.3010
LOC129523694	LOC129533256	genuine	0	0.1546	DN_NC_073227.2_166164041_5	DN_NC_073230.2_64705365_4	0.4572	0.1183	0.4572
LOC129523694	NUPR2	genuine	0						
LOC129523694	PSPH	genuine	0	0.1782	DN_NC_073230.2_64191496_8	DN_NC_073230.2_64705365_4	0.2031	0.1183	0.2031
LOC129523822	LOC129525064	genuine	0	0.9797	DN_NC_073230.2_168783006_4	DN_NC_073232.2_8583099_4	0.0728	0.1237	0.1237
LOC129523822	LOC129525175	genuine	0	0.3508	DN_NC_073230.2_168783006_4	DN_NC_073232.2_146269317_5	0.0728	0.2648	0.2648
LOC129523822	LOC129527285	genuine	0	0.9582	DN_NC_073230.2_168783006_4	DN_NC_073239.2_124648897_4	0.0728	0.1186	0.1186
LOC129523822	LOC129527429	genuine	0	0.9988	DN_NC_073230.2_168783006_4	DN_NC_073242.2_121237165_4	0.0728	0.1184	0.1184
LOC129523822	LOC129528751	genuine	0	0.3508	DN_NC_073230.2_168783006_4	DN_NC_073244.2_70818649_5	0.0728	0.2645	0.2645
LOC129523822	LOC129531751	genuine	0	0.3508	DN_NC_073230.2_168783006_4	DN_NC_073236.2_140400059_5	0.0728	0.2608	0.2608
LOC129523822	LOC129532625	genuine	0	0.3508	DN_NC_073230.2_168783006_4	DN_NC_086017.1_211655827_5	0.0728	0.2599	0.2599
LOC129523822	LOC129532709	genuine	0	0.7403	DN_NC_073230.2_168783006_4	DN_NC_086017.1_9337960_4	0.0728	0.0737	0.0737
LOC129523822	LOC129532808	genuine	0	0.9964	DN_NC_073227.2_211080863_4	DN_NC_073230.2_168783006_4	0.1229	0.0728	0.1229
LOC129523822	LOC129533287	genuine	0	0.9988	DN_NC_073227.2_8155721_4	DN_NC_073230.2_168783006_4	0.1223	0.0728	0.1223
LOC129523822	LOC129534552	genuine	0	0.3508	DN_NC_073229.2_195378107_3	DN_NC_073230.2_168783006_4	0.4780	0.0728	0.4780
LOC129523822	LOC134756415	genuine	0	0.3508	DN_NC_073230.2_168783006_4	DN_NC_073241.2_110003031_5	0.0728	0.2616	0.2616
LOC129523822	LOC134757299	genuine	0	0.9737	DN_NC_073230.2_168783006_4	DN_NC_073240.2_103747497_4	0.0728	0.1185	0.1185
LOC129523822	LOC134759133	genuine	0	0.5716	DN_NC_073230.2_168783006_4	DN_NC_073231.2_150902261_3	0.0728	0.4184	0.4184
LOC129523822	NDUFA8	genuine	0	0.7303	DN_NC_073230.2_168783006_4	DN_NC_073237.2_118498911_4	0.0728	0.1085	0.1085
LOC129523854	LOC129524788	genuine	0						
LOC129523854	LOC129529528	genuine	0						
LOC129523854	LOC129533004	genuine	0						
LOC129523854	SLC37A2	genuine	0						
LOC129523854	YAE1	genuine	0	0.2482	DN_NC_073230.2_47037104_3	DN_NC_073230.2_51605178_3	0.2692	0.2372	0.2692
LOC129524026	NOSTRIN	genuine	0						
LOC129524028	SLC35F5	TP	1	0.3011	DN_NC_073231.2_151095996_10	DN_NC_073235.2_15191747_16	0.4717	0.3261	0.4717
LOC129524439	SLC38A6	genuine	0	0.1390	DN_NC_073237.2_90033004_3	DN_NC_073239.2_77917590_16	0.4454	0.6770	0.6770
LOC129524676	LOC129525008	genuine	0						
LOC129524676	LOC129526479	genuine	0	0.2213	DN_NC_073237.2_22957046_5	DN_NC_073238.2_29552503_8	0.2889	0.4889	0.4889
LOC129524676	LOC134756761	genuine	0	0.4405	DN_NC_073236.2_30994185_5	DN_NC_073237.2_22957046_5	0.2807	0.2889	0.2889
LOC129524676	MKRN1	genuine	0						
LOC129524676	TIMM23B	genuine	0						
LOC129524676	TOR3A	genuine	0						
LOC129524676	TRAF5	genuine	0						
LOC129524788	LOC129529528	genuine	0						
LOC129524788	LOC129533004	genuine	0						
LOC129524788	SLC37A2	genuine	0	0.1629	DN_NC_073224.2_150835184_3	DN_NC_073233.2_132992860_18	0.4046	0.2934	0.4046
LOC129524788	YAE1	genuine	0						
LOC129525008	LOC129526479	genuine	0						
LOC129525008	LOC134756761	genuine	0						
LOC129525008	MKRN1	genuine	0						
LOC129525008	TIMM23B	TP	0	0.1570	DN_NC_073232.2_65905862_9	DN_NC_073232.2_69473322_8	0.4373	0.3330	0.4373
LOC129525008	TOR3A	genuine	0						
LOC129525008	TRAF5	genuine	0						
LOC129525064	LOC129525175	genuine	0	0.1349	DN_NC_073232.2_146269317_5	DN_NC_073232.2_8583099_4	0.2648	0.1237	0.2648
LOC129525064	LOC129527285	genuine	0	0.4278	DN_NC_073232.2_8583099_4	DN_NC_073239.2_124648897_4	0.1237	0.1186	0.1237
LOC129525064	LOC129527429	genuine	0	0.4707	DN_NC_073232.2_8583099_4	DN_NC_073242.2_121237165_4	0.1237	0.1184	0.1237
LOC129525064	LOC129528751	genuine	0	0.1352	DN_NC_073232.2_8583099_4	DN_NC_073244.2_70818649_5	0.1237	0.2645	0.2645
LOC129525064	LOC129531751	genuine	0	0.1366	DN_NC_073232.2_8583099_4	DN_NC_073236.2_140400059_5	0.1237	0.2608	0.2608
LOC129525064	LOC129532625	genuine	0	0.1338	DN_NC_073232.2_8583099_4	DN_NC_086017.1_211655827_5	0.1237	0.2599	0.2599
LOC129525064	LOC129532709	genuine	0	0.7391	DN_NC_073232.2_8583099_4	DN_NC_086017.1_9337960_4	0.1237	0.0737	0.1237
LOC129525064	LOC129532808	genuine	0	0.4300	DN_NC_073227.2_211080863_4	DN_NC_073232.2_8583099_4	0.1229	0.1237	0.1237
LOC129525064	LOC129533287	genuine	0	0.4300	DN_NC_073227.2_8155721_4	DN_NC_073232.2_8583099_4	0.1223	0.1237	0.1237
LOC129525064	LOC129534552	genuine	0						
LOC129525064	LOC134756415	genuine	0	0.1358	DN_NC_073232.2_8583099_4	DN_NC_073241.2_110003031_5	0.1237	0.2616	0.2616
LOC129525064	LOC134757299	genuine	0	0.4294	DN_NC_073232.2_8583099_4	DN_NC_073240.2_103747497_4	0.1237	0.1185	0.1237
LOC129525064	LOC134759133	genuine	0	0.2123	DN_NC_073231.2_150902261_3	DN_NC_073232.2_8583099_4	0.4184	0.1237	0.4184
LOC129525064	NDUFA8	genuine	0	0.3254	DN_NC_073232.2_8583099_4	DN_NC_073237.2_118498911_4	0.1237	0.1085	0.1237
LOC129525165	SLC35F6	genuine	0	0.1542	DN_NC_073232.2_145623155_3	DN_NC_073236.2_113129170_6	0.2373	0.3063	0.3063
LOC129525175	LOC129527285	genuine	0	0.1349	DN_NC_073232.2_146269317_5	DN_NC_073239.2_124648897_4	0.2648	0.1186	0.2648
LOC129525175	LOC129527429	genuine	0	0.1349	DN_NC_073232.2_146269317_5	DN_NC_073242.2_121237165_4	0.2648	0.1184	0.2648
LOC129525175	LOC129528751	genuine	0	1.0000	DN_NC_073232.2_146269317_5	DN_NC_073244.2_70818649_5	0.2648	0.2645	0.2648
LOC129525175	LOC129531751	genuine	0	0.7511	DN_NC_073232.2_146269317_5	DN_NC_073236.2_140400059_5	0.2648	0.2608	0.2648
LOC129525175	LOC129532625	genuine	0	0.7478	DN_NC_073232.2_146269317_5	DN_NC_086017.1_211655827_5	0.2648	0.2599	0.2648
LOC129525175	LOC129532709	genuine	0	0.5954	DN_NC_073232.2_146269317_5	DN_NC_086017.1_9337960_4	0.2648	0.0737	0.2648
LOC129525175	LOC129532808	genuine	0	0.1349	DN_NC_073227.2_211080863_4	DN_NC_073232.2_146269317_5	0.1229	0.2648	0.2648
LOC129525175	LOC129533287	genuine	0	0.1349	DN_NC_073227.2_8155721_4	DN_NC_073232.2_146269317_5	0.1223	0.2648	0.2648
LOC129525175	LOC129534552	genuine	0	0.2187	DN_NC_073229.2_195378107_3	DN_NC_073232.2_146269317_5	0.4780	0.2648	0.4780
LOC129525175	LOC134756415	genuine	0	0.3833	DN_NC_073232.2_146269317_5	DN_NC_073241.2_110003031_5	0.2648	0.2616	0.2648
LOC129525175	LOC134757299	genuine	0	0.1349	DN_NC_073232.2_146269317_5	DN_NC_073240.2_103747497_4	0.2648	0.1185	0.2648
LOC129525175	LOC134759133	genuine	0	0.1363	DN_NC_073231.2_150902261_3	DN_NC_073232.2_146269317_5	0.4184	0.2648	0.4184
LOC129525175	NDUFA8	genuine	0	0.2250	DN_NC_073232.2_146269317_5	DN_NC_073237.2_118498911_4	0.2648	0.1085	0.2648
LOC129525330	LOC129525331	truthbar	1	0.8728	DN_NC_073224.2_125055626_35	DN_NC_073224.2_125594338_29	0.1114	0.0748	0.1114
LOC129525330	LOC129525599	TP	1	0.3123	DN_NC_073224.2_116807774_25	DN_NC_073224.2_125594338_29	0.1092	0.0748	0.1092
LOC129525330	LOC134756861	TP	1	0.3123	DN_NC_073224.2_117494263_25	DN_NC_073224.2_125594338_29	0.1095	0.0748	0.1095
LOC129525331	LOC129525599	TP	1	0.8345	DN_NC_073224.2_116807774_25	DN_NC_073224.2_125055626_35	0.1092	0.1114	0.1114
LOC129525331	LOC134756861	TP	1	0.8345	DN_NC_073224.2_117494263_25	DN_NC_073224.2_125055626_35	0.1095	0.1114	0.1114
LOC129525599	LOC134756861	TP	1	1.0000	DN_NC_073224.2_116807774_25	DN_NC_073224.2_117494263_25	0.1092	0.1095	0.1095
LOC129525654	RPL7	TP	0	0.2939	DN_NC_073231.2_47085106_7	DN_NC_073234.2_95346893_3	0.1783	0.2666	0.2666
LOC129525965	LOC129532059	genuine	0	0.1321	DN_NC_073234.2_106852963_2	DN_NC_073235.2_38606855_2	0.4335	0.2658	0.4335
LOC129525965	LOC129532348	genuine	0	0.1354	DN_NC_073234.2_106852963_2	DN_NC_086017.1_93233442_3	0.4335	0.3172	0.4335
LOC129525965	PASD1	genuine	0	0.1302	DN_NC_073234.2_106852963_2	DN_NC_073247.2_163244071_16	0.4335	0.1410	0.4335
LOC129525965	RTP4	genuine	0	0.1311	DN_NC_073234.2_106852963_2	DN_NC_086017.1_198455801_2	0.4335	0.3000	0.4335
LOC129526088	LOC129527203	genuine	0	0.7027	DN_NC_073238.2_32460857_5	DN_NC_073238.2_33291944_6	0.3472	0.2331	0.3472
LOC129526088	PSPC1	genuine	0						
LOC129526123	LOC129532125	genuine	0						
LOC129526123	LOC129532145	genuine	0	0.1594	DN_NC_073235.2_91038771_5	DN_NC_073238.2_125561692_4	0.3882	0.3042	0.3882
LOC129526123	LOC129532854	genuine	0	0.1550	DN_NC_073227.2_109806788_5	DN_NC_073238.2_125561692_4	0.5110	0.3042	0.5110
LOC129526123	NLGN1	genuine	0						
LOC129526138	LOC129527231	genuine	0	0.9969	DN_NC_073238.2_32266743_7	DN_NC_073238.2_33425477_7	0.2504	0.2417	0.2504
LOC129526171	LOC129527656	genuine	0						
LOC129526171	LOC134757969	genuine	0						
LOC129526171	LOC134758232	genuine	0						
LOC129526171	PGM3	genuine	0						
LOC129526178	LOC129527096	genuine	0						
LOC129526178	PP2D1	genuine	0						
LOC129526178	RAB5A	genuine	0						
LOC129526385	LOC129526398	TP	0	0.5078	DN_NC_073238.2_22875925_6	DN_NC_073238.2_24580375_8	0.1445	0.1735	0.1735
LOC129526385	LOC129526957	TP	0	0.8082	DN_NC_073236.2_21263952_7	DN_NC_073238.2_22875925_6	0.2261	0.1445	0.2261
LOC129526385	LOC134757216	TP	0	0.7700	DN_NC_073238.2_22875925_6	DN_NC_073240.2_14396114_6	0.1445	0.2066	0.2066
LOC129526385	TMEM128	genuine	0						
LOC129526389	LOC129530227	genuine	0	0.6584	DN_NC_073238.2_23392840_7	DN_NC_073248.2_45277558_8	0.1694	0.0161	0.1694
LOC129526389	LOC134756368	TP	1	0.1553	DN_NC_073236.2_23070420_5	DN_NC_073238.2_23392840_7	0.2222	0.1694	0.2222
LOC129526389	LOC134756753	TP	1	0.2583	DN_NC_073236.2_22549336_8	DN_NC_073238.2_23392840_7	0.2004	0.1694	0.2004
LOC129526389	LRPAP1	TP	1	0.2822	DN_NC_073227.2_12088225_8	DN_NC_073238.2_23392840_7	0.1260	0.1694	0.1694
LOC129526389	XRCC2	genuine	0						
LOC129526391	LOC129526471	TP	0	0.5363	DN_NC_073236.2_22701854_7	DN_NC_073236.2_25270756_7	0.0268	0.0245	0.0268
LOC129526391	LOC129531453	TP	1	0.5327	DN_NC_073236.2_25270756_7	DN_NC_073240.2_15970659_7	0.0245	0.0223	0.0245
LOC129526395	LOC129526550	TP	1	0.1473	DN_NC_073238.2_24693721_8	DN_NC_073239.2_44147073_8	0.3596	0.2492	0.3596
LOC129526395	LOC129526557	genuine	0						
LOC129526395	LOC129527278	TP	1	1.0000	DN_NC_073236.2_21829724_2	DN_NC_073238.2_24693721_8	0.4382	0.3596	0.4382
LOC129526395	LOC129530429	truthbar	1						
LOC129526395	LOC129530552	truthbar	1						
LOC129526395	LOC129531431	TP	0	0.1403	DN_NC_073236.2_26203134_8	DN_NC_073238.2_24693721_8	0.2581	0.3596	0.3596
LOC129526395	LOC129532222	TP	1	0.1451	DN_NC_073235.2_33703802_2	DN_NC_073238.2_24693721_8	0.1782	0.3596	0.3596
LOC129526395	LOC129532224	genuine	0	0.2409	DN_NC_073235.2_34402342_7	DN_NC_073238.2_24693721_8	0.2777	0.3596	0.3596
LOC129526398	LOC129526957	TP	1	0.4795	DN_NC_073236.2_21263952_7	DN_NC_073238.2_24580375_8	0.2261	0.1735	0.2261
LOC129526398	LOC134757216	TP	1	0.4435	DN_NC_073238.2_24580375_8	DN_NC_073240.2_14396114_6	0.1735	0.2066	0.2066
LOC129526398	TMEM128	TP	0	0.6070	DN_NC_073227.2_17184793_5	DN_NC_073238.2_24580375_8	0.2147	0.1735	0.2147
LOC129526403	LOC134756951	genuine	0	0.4683	DN_NC_073238.2_23273370_7	DN_NC_073238.2_24372581_9	0.0709	0.0849	0.0849
LOC129526434	LOC129529583	genuine	0	0.1600	DN_NC_073238.2_31467876_5	DN_NC_086018.1_18552717_3	0.0993	0.1544	0.1544
LOC129526434	TUBA1C	truthbar	1	0.7933	DN_NC_073234.2_52064465_4	DN_NC_073238.2_31467876_5	0.0558	0.0993	0.0993
LOC129526434	TUBA3E	truthbar	1	0.8725	DN_NC_073235.2_32697745_5	DN_NC_073238.2_31467876_5	0.0120	0.0993	0.0993
LOC129526434	TUBA8	truthbar	1	0.5868	DN_NC_073238.2_31467876_5	DN_NC_086018.1_16134008_5	0.0993	0.0561	0.0993
LOC129526434	TUBAL3	truthbar	1						
LOC129526471	LOC129531453	TP	0	0.5363	DN_NC_073236.2_22701854_7	DN_NC_073240.2_15970659_7	0.0268	0.0223	0.0268
LOC129526479	LOC134756761	genuine	0	0.2220	DN_NC_073236.2_30994185_5	DN_NC_073238.2_29552503_8	0.2807	0.4889	0.4889
LOC129526479	MKRN1	genuine	0						
LOC129526479	TIMM23B	genuine	0						
LOC129526479	TOR3A	genuine	0						
LOC129526479	TRAF5	genuine	0						
LOC129526550	LOC129526557	genuine	0						
LOC129526550	LOC129527278	TP	1						
LOC129526550	LOC129530429	truthbar	1	0.1324	DN_NC_073239.2_44147073_8	DN_NC_073248.2_10847471_7	0.2492	0.3223	0.3223
LOC129526550	LOC129530552	truthbar	1						
LOC129526550	LOC129531431	TP	0	0.3215	DN_NC_073236.2_26203134_8	DN_NC_073239.2_44147073_8	0.2581	0.2492	0.2581
LOC129526550	LOC129532222	truthbar	1						
LOC129526550	LOC129532224	TP	0						
LOC129526557	LOC129527278	genuine	0						
LOC129526557	LOC129530429	genuine	0						
LOC129526557	LOC129530552	genuine	0						
LOC129526557	LOC129531431	genuine	0						
LOC129526557	LOC129532222	genuine	0						
LOC129526557	LOC129532224	genuine	0						
LOC129526566	LOC129531752	truthbar	1	0.8879	DN_NC_073236.2_140396809_2	DN_NC_073239.2_124645701_2	0.2914	0.2869	0.2914
LOC129526566	LOC129532807	truthbar	1	0.8879	DN_NC_073227.2_211100517_2	DN_NC_073239.2_124645701_2	0.2715	0.2869	0.2869
LOC129526566	MORN5	truthbar	1	0.1537	DN_NC_073237.2_118518303_5	DN_NC_073239.2_124645701_2	0.0055	0.2869	0.2869
LOC129526638	LOC134757313	genuine	0	0.2695	DN_NC_073239.2_70164897_2	DN_NC_073240.2_44461085_2	0.8729	0.8596	0.8729
LOC129526638	MTHFD2L	genuine	0						
LOC129526638	ZNF626	genuine	0						
LOC129526706	LOC134757171	TP	0	0.7092	DN_NC_073239.2_122577448_3	DN_NC_073239.2_122707562_3	0.0000	0.0000	0.0000
LOC129526855	LOC134758386	genuine	0	0.7208	DN_NC_073227.2_211898132_4	DN_NC_073240.2_103158559_3	0.3562	0.3385	0.3562
LOC129526957	LOC134757216	TP	1	0.8798	DN_NC_073236.2_21263952_7	DN_NC_073240.2_14396114_6	0.2261	0.2066	0.2261
LOC129526957	TMEM128	genuine	0						
LOC129527017	LOC129527071	TP	1	0.8419	DN_NC_073240.2_24900197_18	DN_NC_073240.2_33035459_18	0.1088	0.1018	0.1088
LOC129527017	LOC134757267	genuine	0	1.0000	DN_NC_073240.2_33035459_18	DN_NC_073240.2_33337179_18	0.1018	0.1114	0.1114
LOC129527053	RHPN2	TP	1	0.2263	DN_NC_073240.2_23219746_14	DN_NC_073244.2_44006563_15	0.1131	0.1362	0.1362
LOC129527067	PAK2	genuine	0	0.3213	DN_NC_073240.2_24402639_2	DN_NC_086017.1_208307881_15	0.1332	0.2331	0.2331
LOC129527071	LOC134757267	genuine	0	0.6601	DN_NC_073240.2_24900197_18	DN_NC_073240.2_33337179_18	0.1088	0.1114	0.1114
LOC129527072	LOC134757229	genuine	0						
LOC129527096	PP2D1	genuine	0						
LOC129527096	RAB5A	genuine	0	0.2588	DN_NC_073240.2_41396094_2	DN_NC_086017.1_29787177_6	0.8061	0.3516	0.8061
LOC129527173	LOC129528096	genuine	0						
LOC129527173	MPHOSPH8	genuine	0	0.3330	DN_NC_073238.2_33904146_3	DN_NC_073240.2_29752710_11	0.5102	0.3538	0.5102
LOC129527173	SVBP	genuine	0						
LOC129527203	PSPC1	genuine	0						
LOC129527278	LOC129530429	truthbar	1						
LOC129527278	LOC129530552	truthbar	1						
LOC129527278	LOC129531431	TP	0						
LOC129527278	LOC129532222	TP	1	0.2107	DN_NC_073235.2_33703802_2	DN_NC_073236.2_21829724_2	0.1782	0.4382	0.4382
LOC129527278	LOC129532224	genuine	0	0.2409	DN_NC_073235.2_34402342_7	DN_NC_073236.2_21829724_2	0.2777	0.4382	0.4382
LOC129527285	LOC129527429	genuine	0	0.4278	DN_NC_073239.2_124648897_4	DN_NC_073242.2_121237165_4	0.1186	0.1184	0.1186
LOC129527285	LOC129528751	genuine	0	0.1352	DN_NC_073239.2_124648897_4	DN_NC_073244.2_70818649_5	0.1186	0.2645	0.2645
LOC129527285	LOC129531751	genuine	0	0.1366	DN_NC_073236.2_140400059_5	DN_NC_073239.2_124648897_4	0.2608	0.1186	0.2608
LOC129527285	LOC129532625	genuine	0	0.1338	DN_NC_073239.2_124648897_4	DN_NC_086017.1_211655827_5	0.1186	0.2599	0.2599
LOC129527285	LOC129532709	genuine	0	0.7391	DN_NC_073239.2_124648897_4	DN_NC_086017.1_9337960_4	0.1186	0.0737	0.1186
LOC129527285	LOC129532808	genuine	0	0.8286	DN_NC_073227.2_211080863_4	DN_NC_073239.2_124648897_4	0.1229	0.1186	0.1229
LOC129527285	LOC129533287	genuine	0	0.8286	DN_NC_073227.2_8155721_4	DN_NC_073239.2_124648897_4	0.1223	0.1186	0.1223
LOC129527285	LOC129534552	genuine	0						
LOC129527285	LOC134756415	genuine	0	0.1358	DN_NC_073239.2_124648897_4	DN_NC_073241.2_110003031_5	0.1186	0.2616	0.2616
LOC129527285	LOC134757299	genuine	0	0.8286	DN_NC_073239.2_124648897_4	DN_NC_073240.2_103747497_4	0.1186	0.1185	0.1186
LOC129527285	LOC134759133	genuine	0	0.2123	DN_NC_073231.2_150902261_3	DN_NC_073239.2_124648897_4	0.4184	0.1186	0.4184
LOC129527285	NDUFA8	genuine	0	0.2253	DN_NC_073237.2_118498911_4	DN_NC_073239.2_124648897_4	0.1085	0.1186	0.1186
LOC129527429	LOC129528751	genuine	0	0.1352	DN_NC_073242.2_121237165_4	DN_NC_073244.2_70818649_5	0.1184	0.2645	0.2645
LOC129527429	LOC129531751	genuine	0	0.1366	DN_NC_073236.2_140400059_5	DN_NC_073242.2_121237165_4	0.2608	0.1184	0.2608
LOC129527429	LOC129532625	genuine	0	0.1338	DN_NC_073242.2_121237165_4	DN_NC_086017.1_211655827_5	0.1184	0.2599	0.2599
LOC129527429	LOC129532709	genuine	0	0.7391	DN_NC_073242.2_121237165_4	DN_NC_086017.1_9337960_4	0.1184	0.0737	0.1184
LOC129527429	LOC129532808	genuine	0	0.5272	DN_NC_073227.2_211080863_4	DN_NC_073242.2_121237165_4	0.1229	0.1184	0.1229
LOC129527429	LOC129533287	genuine	0	0.5271	DN_NC_073227.2_8155721_4	DN_NC_073242.2_121237165_4	0.1223	0.1184	0.1223
LOC129527429	LOC129534552	genuine	0						
LOC129527429	LOC134756415	genuine	0	0.1358	DN_NC_073241.2_110003031_5	DN_NC_073242.2_121237165_4	0.2616	0.1184	0.2616
LOC129527429	LOC134757299	genuine	0	0.5294	DN_NC_073240.2_103747497_4	DN_NC_073242.2_121237165_4	0.1185	0.1184	0.1185
LOC129527429	LOC134759133	genuine	0	0.2123	DN_NC_073231.2_150902261_3	DN_NC_073242.2_121237165_4	0.4184	0.1184	0.4184
LOC129527429	NDUFA8	genuine	0	0.3254	DN_NC_073237.2_118498911_4	DN_NC_073242.2_121237165_4	0.1085	0.1184	0.1184
LOC129527512	PPP1R15A	genuine	0	0.2169	DN_NC_073242.2_6296327_3	DN_NC_073244.2_61016337_3	0.4614	0.3045	0.4614
LOC129527512	SURF6	genuine	0	0.2404	DN_NC_073237.2_129707941_5	DN_NC_073242.2_6296327_3	0.3555	0.4614	0.4614
LOC129527528	LOC129532907	genuine	0	0.1495	DN_NC_073227.2_138626266_4	DN_NC_073242.2_7013229_2	0.6731	0.6546	0.6731
LOC129527528	LOC134756955	genuine	0	0.2786	DN_NC_073238.2_33197456_2	DN_NC_073242.2_7013229_2	0.3582	0.6546	0.6546
LOC129527528	ORC4	genuine	0	0.1472	DN_NC_073235.2_50441116_14	DN_NC_073242.2_7013229_2	0.3425	0.6546	0.6546
LOC129527528	TCTN1	genuine	0	0.1614	DN_NC_073234.2_126026608_4	DN_NC_073242.2_7013229_2	0.4903	0.6546	0.6546
LOC129527586	SMG1	TP	0	0.2820	DN_NC_073242.2_18210354_26	DN_NC_073242.2_21122105_21	0.0585	0.1370	0.1370
LOC129527620	LOC134757427	genuine	0						
LOC129527626	LOC134757427	TP	0	0.3415	DN_NC_073242.2_15582850_2	DN_NC_073242.2_31473281_2	0.3358	0.3631	0.3631
LOC129527626	LOC134757432	genuine	0	0.2616	DN_NC_073242.2_30609225_2	DN_NC_073242.2_31473281_2	0.3690	0.3631	0.3690
LOC129527626	SNX29	genuine	0	0.1677	DN_NC_073242.2_31473413_2	DN_NC_073242.2_35192809_3	0.3353	0.1269	0.3353
LOC129527656	LOC134757969	genuine	0						
LOC129527656	LOC134758232	genuine	0	0.2112	DN_NC_073242.2_36567597_2	DN_NC_086018.1_25932455_2	0.5595	0.4562	0.5595
LOC129527656	PGM3	genuine	0	0.1343	DN_NC_073229.2_107305414_13	DN_NC_073242.2_36567597_2	0.1794	0.5595	0.5595
LOC129527774	RPL14	genuine	0						
LOC129527774	ZNF124	genuine	0						
LOC129527774	ZNF136	genuine	0						
LOC129527774	ZNF14	genuine	0						
LOC129527774	ZNF426	genuine	0						
LOC129527774	ZNF433	genuine	0						
LOC129527774	ZNF440	genuine	0						
LOC129527774	ZNF441	genuine	0						
LOC129527774	ZNF443	genuine	0						
LOC129527774	ZNF490	genuine	0						
LOC129527774	ZNF563	genuine	0						
LOC129527774	ZNF564	genuine	0						
LOC129527774	ZNF57	genuine	0						
LOC129527774	ZNF627	genuine	0						
LOC129527774	ZNF669	genuine	0	0.1663	DN_NC_073224.2_8329397_4	DN_NC_073242.2_74755277_3	0.3619	0.3324	0.3619
LOC129527774	ZNF670	genuine	0						
LOC129527774	ZNF77	genuine	0						
LOC129527774	ZNF791	genuine	0						
LOC129527774	ZNF799	genuine	0						
LOC129527774	ZNF823	genuine	0						
LOC129527827	LOC129528947	genuine	0	0.2279	DN_NC_073242.2_66613619_4	DN_NC_073244.2_27408454_4	0.4438	0.5416	0.5416
LOC129527827	OSBPL10	genuine	0						
LOC129527827	ZNF141	genuine	0	0.1346	DN_NC_073227.2_8907801_4	DN_NC_073242.2_66613619_4	0.2847	0.4438	0.4438
LOC129527827	ZNF195	genuine	0						
LOC129527827	ZNF254	genuine	0	0.2278	DN_NC_073242.2_66613619_4	DN_NC_073244.2_30438340_4	0.4438	0.3798	0.4438
LOC129527827	ZNF267	genuine	0	0.1750	DN_NC_073242.2_37386128_4	DN_NC_073242.2_66613619_4	0.2710	0.4438	0.4438
LOC129527827	ZNF273	genuine	0	0.2459	DN_NC_073230.2_74299233_4	DN_NC_073242.2_66613619_4	0.3847	0.4438	0.4438
LOC129527827	ZNF28	genuine	0	0.1819	DN_NC_073242.2_66613619_4	DN_NC_073244.2_64759228_5	0.4438	0.3434	0.4438
LOC129527827	ZNF347	genuine	0	0.1681	DN_NC_073242.2_66613619_4	DN_NC_073244.2_65073171_5	0.4438	0.3826	0.4438
LOC129527827	ZNF415	genuine	0						
LOC129527827	ZNF429	genuine	0	0.3912	DN_NC_073242.2_66613619_4	DN_NC_073244.2_27956158_2	0.4438	0.5265	0.5265
LOC129527827	ZNF43	genuine	0	0.2176	DN_NC_073242.2_66613619_4	DN_NC_073244.2_28333451_4	0.4438	0.4625	0.4625
LOC129527827	ZNF430	genuine	0	0.2512	DN_NC_073242.2_66613619_4	DN_NC_073244.2_27504818_5	0.4438	0.4270	0.4438
LOC129527827	ZNF468	genuine	0						
LOC129527827	ZNF480	genuine	0						
LOC129527827	ZNF486	genuine	0	0.1538	DN_NC_073242.2_66613619_4	DN_NC_073244.2_26666712_5	0.4438	0.4566	0.4566
LOC129527827	ZNF506	genuine	0	0.2809	DN_NC_073242.2_66613619_4	DN_NC_073244.2_26240035_4	0.4438	0.3919	0.4438
LOC129527827	ZNF519	genuine	0						
LOC129527827	ZNF528	genuine	0						
LOC129527827	ZNF578	genuine	0						
LOC129527827	ZNF595	genuine	0	0.1920	DN_NC_073227.2_8633418_2	DN_NC_073242.2_66613619_4	0.5689	0.4438	0.5689
LOC129527827	ZNF600	genuine	0						
LOC129527827	ZNF611	genuine	0						
LOC129527827	ZNF616	genuine	0	0.1728	DN_NC_073242.2_66613619_4	DN_NC_073244.2_64081943_4	0.4438	0.2620	0.4438
LOC129527827	ZNF626	genuine	0	0.2697	DN_NC_073242.2_66613619_4	DN_NC_073244.2_27131194_2	0.4438	0.4557	0.4557
LOC129527827	ZNF655	genuine	0						
LOC129527827	ZNF675	genuine	0	0.2180	DN_NC_073242.2_66613619_4	DN_NC_073244.2_29970261_4	0.4438	0.3774	0.4438
LOC129527827	ZNF678	genuine	0	0.1308	DN_NC_073224.2_40627195_4	DN_NC_073242.2_66613619_4	0.3220	0.4438	0.4438
LOC129527827	ZNF680	genuine	0	0.1447	DN_NC_073230.2_73977205_4	DN_NC_073242.2_66613619_4	0.3066	0.4438	0.4438
LOC129527827	ZNF681	genuine	0	0.1787	DN_NC_073242.2_66613619_4	DN_NC_073244.2_30067652_4	0.4438	0.4267	0.4438
LOC129527827	ZNF682	genuine	0	0.1410	DN_NC_073242.2_66613619_4	DN_NC_073244.2_26470366_4	0.4438	0.3255	0.4438
LOC129527827	ZNF695	genuine	0	0.2424	DN_NC_073224.2_8422960_4	DN_NC_073242.2_66613619_4	0.3045	0.4438	0.4438
LOC129527827	ZNF701	genuine	0						
LOC129527827	ZNF721	genuine	0	0.2033	DN_NC_073227.2_9009888_2	DN_NC_073242.2_66613619_4	0.3764	0.4438	0.4438
LOC129527827	ZNF723	genuine	0	0.2073	DN_NC_073242.2_66613619_4	DN_NC_073244.2_29232445_4	0.4438	0.5099	0.5099
LOC129527827	ZNF727	genuine	0	0.1312	DN_NC_073230.2_73508332_4	DN_NC_073242.2_66613619_4	0.3146	0.4438	0.4438
LOC129527827	ZNF736	genuine	0	0.1396	DN_NC_073230.2_73776646_4	DN_NC_073242.2_66613619_4	0.3000	0.4438	0.4438
LOC129527827	ZNF761	genuine	0						
LOC129527827	ZNF766	genuine	0						
LOC129527827	ZNF8	genuine	0						
LOC129527827	ZNF808	genuine	0						
LOC129527827	ZNF813	genuine	0	0.1386	DN_NC_073242.2_66613619_4	DN_NC_073244.2_65398487_4	0.4438	0.3208	0.4438
LOC129527827	ZNF83	genuine	0	0.1591	DN_NC_073242.2_66613619_4	DN_NC_073244.2_64585864_4	0.4438	0.3038	0.4438
LOC129527827	ZNF836	genuine	0						
LOC129527827	ZNF841	genuine	0						
LOC129527827	ZNF888	genuine	0						
LOC129527827	ZNF91	genuine	0	0.2035	DN_NC_073242.2_66613619_4	DN_NC_073244.2_29680825_4	0.4438	0.4948	0.4948
LOC129527827	ZNF92	genuine	0	0.1382	DN_NC_073230.2_74637814_2	DN_NC_073242.2_66613619_4	0.3657	0.4438	0.4438
LOC129528096	MPHOSPH8	genuine	0	0.3572	DN_NC_073238.2_33904146_3	DN_NC_073243.2_111186227_2	0.5102	0.4988	0.5102
LOC129528096	SVBP	genuine	0						
LOC129528278	LOC129528791	genuine	0	0.4540	DN_NC_073241.2_83874271_3	DN_NC_073244.2_6165323_3	0.7306	0.7410	0.7410
LOC129528278	LOC134758719	genuine	0	0.1670	DN_NC_073229.2_43677378_4	DN_NC_073241.2_83874271_3	0.4013	0.7306	0.7306
LOC129528278	PLGRKT	genuine	0	0.1994	DN_NC_073237.2_58966871_3	DN_NC_073241.2_83874271_3	0.4967	0.7306	0.7306
LOC129528278	RHOT1	genuine	0						
LOC129528278	SERPINA3	genuine	0						
LOC129528278	SSBP1	genuine	0	0.2220	DN_NC_073230.2_150857421_7	DN_NC_073241.2_83874271_3	0.3754	0.7306	0.7306
LOC129528486	RPL23A	genuine	0	0.1525	DN_NC_073228.2_64369461_5	DN_NC_073244.2_6036407_2	0.1612	0.3227	0.3227
LOC129528551	ZFAND5	genuine	0	0.2499	DN_NC_073237.2_68560894_6	DN_NC_073244.2_54031930_2	0.2322	0.2091	0.2322
LOC129528667	ZFP37	truthbar	1						
LOC129528667	ZNF10	truthbar	1						
LOC129528667	ZNF140	truthbar	1						
LOC129528667	ZNF157	truthbar	1	0.2172	DN_NC_073244.2_63882905_5	DN_NC_073247.2_57761829_5	0.2320	0.2497	0.2497
LOC129528667	ZNF175	truthbar	1						
LOC129528667	ZNF180	genuine	0						
LOC129528667	ZNF182	truthbar	1	0.1978	DN_NC_073244.2_63882905_5	DN_NC_073247.2_58372296_6	0.2320	0.1467	0.2320
LOC129528667	ZNF25	truthbar	1						
LOC129528667	ZNF26	truthbar	1						
LOC129528667	ZNF260	truthbar	1						
LOC129528667	ZNF268	genuine	0	0.3145	DN_NC_073234.2_148682020_7	DN_NC_073244.2_63882905_5	0.1658	0.2320	0.2320
LOC129528667	ZNF287	truthbar	1						
LOC129528667	ZNF300	truthbar	1	0.2846	DN_NC_073228.2_154747841_5	DN_NC_073244.2_63882905_5	0.1543	0.2320	0.2320
LOC129528667	ZNF302	truthbar	1						
LOC129528667	ZNF334	truthbar	1						
LOC129528667	ZNF33B	truthbar	1						
LOC129528667	ZNF354A	truthbar	1						
LOC129528667	ZNF354B	truthbar	1						
LOC129528667	ZNF382	truthbar	1						
LOC129528667	ZNF41	truthbar	1						
LOC129528667	ZNF432	truthbar	1						
LOC129528667	ZNF484	truthbar	1	0.1337	DN_NC_073237.2_89310571_5	DN_NC_073244.2_63882905_5	0.2190	0.2320	0.2320
LOC129528667	ZNF487	truthbar	1	0.2589	DN_NC_073232.2_71973207_3	DN_NC_073244.2_63882905_5	0.0993	0.2320	0.2320
LOC129528667	ZNF501	truthbar	1						
LOC129528667	ZNF510	truthbar	1						
LOC129528667	ZNF527	truthbar	1						
LOC129528667	ZNF565	truthbar	1						
LOC129528667	ZNF567	truthbar	1	0.2875	DN_NC_073244.2_47878793_6	DN_NC_073244.2_63882905_5	0.1800	0.2320	0.2320
LOC129528667	ZNF568	truthbar	1						
LOC129528667	ZNF569	truthbar	1						
LOC129528667	ZNF577	truthbar	1	0.1402	DN_NC_073244.2_63840101_6	DN_NC_073244.2_63882905_5	0.1892	0.2320	0.2320
LOC129528667	ZNF585A	genuine	0	0.1847	DN_NC_073244.2_48319142_5	DN_NC_073244.2_63882905_5	0.1403	0.2320	0.2320
LOC129528667	ZNF585B	truthbar	1	0.4522	DN_NC_073244.2_48352926_4	DN_NC_073244.2_63882905_5	0.1502	0.2320	0.2320
LOC129528667	ZNF605	truthbar	1						
LOC129528667	ZNF606	truthbar	1						
LOC129528667	ZNF613	truthbar	1						
LOC129528667	ZNF614	truthbar	1						
LOC129528667	ZNF615	truthbar	1	0.2981	DN_NC_073244.2_63882905_5	DN_NC_073244.2_63961971_6	0.2320	0.1868	0.2320
LOC129528667	ZNF624	truthbar	1						
LOC129528667	ZNF649	truthbar	1						
LOC129528667	ZNF674	truthbar	1	0.2306	DN_NC_073244.2_63882905_5	DN_NC_073247.2_56899135_7	0.2320	0.2309	0.2320
LOC129528667	ZNF717	truthbar	1						
LOC129528667	ZNF782	truthbar	1						
LOC129528667	ZNF81	truthbar	1						
LOC129528667	ZNF84	truthbar	1						
LOC129528667	ZNF883	truthbar	1	0.1358	DN_NC_073237.2_109230975_4	DN_NC_073244.2_63882905_5	0.2819	0.2320	0.2819
LOC129528751	LOC129531751	genuine	0	0.7511	DN_NC_073236.2_140400059_5	DN_NC_073244.2_70818649_5	0.2608	0.2645	0.2645
LOC129528751	LOC129532625	genuine	0	0.7473	DN_NC_073244.2_70818649_5	DN_NC_086017.1_211655827_5	0.2645	0.2599	0.2645
LOC129528751	LOC129532709	genuine	0	0.5894	DN_NC_073244.2_70818649_5	DN_NC_086017.1_9337960_4	0.2645	0.0737	0.2645
LOC129528751	LOC129532808	genuine	0	0.1352	DN_NC_073227.2_211080863_4	DN_NC_073244.2_70818649_5	0.1229	0.2645	0.2645
LOC129528751	LOC129533287	genuine	0	0.1352	DN_NC_073227.2_8155721_4	DN_NC_073244.2_70818649_5	0.1223	0.2645	0.2645
LOC129528751	LOC129534552	genuine	0	0.2191	DN_NC_073229.2_195378107_3	DN_NC_073244.2_70818649_5	0.4780	0.2645	0.4780
LOC129528751	LOC134756415	genuine	0	0.3833	DN_NC_073241.2_110003031_5	DN_NC_073244.2_70818649_5	0.2616	0.2645	0.2645
LOC129528751	LOC134757299	genuine	0	0.1352	DN_NC_073240.2_103747497_4	DN_NC_073244.2_70818649_5	0.1185	0.2645	0.2645
LOC129528751	LOC134759133	genuine	0	0.1366	DN_NC_073231.2_150902261_3	DN_NC_073244.2_70818649_5	0.4184	0.2645	0.4184
LOC129528751	NDUFA8	genuine	0	0.2232	DN_NC_073237.2_118498911_4	DN_NC_073244.2_70818649_5	0.1085	0.2645	0.2645
LOC129528791	LOC134758719	genuine	0	0.1708	DN_NC_073229.2_43677378_4	DN_NC_073244.2_6165323_3	0.4013	0.7410	0.7410
LOC129528791	PLGRKT	genuine	0	0.1763	DN_NC_073237.2_58966871_3	DN_NC_073244.2_6165323_3	0.4967	0.7410	0.7410
LOC129528791	RHOT1	genuine	0						
LOC129528791	SERPINA3	genuine	0						
LOC129528791	SSBP1	genuine	0	0.2215	DN_NC_073230.2_150857421_7	DN_NC_073244.2_6165323_3	0.3754	0.7410	0.7410
LOC129528947	OSBPL10	genuine	0						
LOC129528947	ZNF141	genuine	0	0.1404	DN_NC_073227.2_8907801_4	DN_NC_073244.2_27408454_4	0.2847	0.5416	0.5416
LOC129528947	ZNF195	genuine	0	0.2124	DN_NC_073233.2_9788172_5	DN_NC_073244.2_27408454_4	0.2339	0.5416	0.5416
LOC129528947	ZNF254	genuine	0	0.4127	DN_NC_073244.2_27408454_4	DN_NC_073244.2_30438386_2	0.5416	0.3964	0.5416
LOC129528947	ZNF267	genuine	0	0.1859	DN_NC_073242.2_37386128_4	DN_NC_073244.2_27408454_4	0.2710	0.5416	0.5416
LOC129528947	ZNF273	genuine	0	0.4028	DN_NC_073230.2_74299233_4	DN_NC_073244.2_27408454_4	0.3847	0.5416	0.5416
LOC129528947	ZNF28	genuine	0	0.1861	DN_NC_073244.2_27408454_4	DN_NC_073244.2_64759228_5	0.5416	0.3434	0.5416
LOC129528947	ZNF347	genuine	0	0.1733	DN_NC_073244.2_27408454_4	DN_NC_073244.2_65073171_5	0.5416	0.3826	0.5416
LOC129528947	ZNF415	genuine	0	0.3374	DN_NC_073244.2_27408454_4	DN_NC_073244.2_65046428_4	0.5416	0.1840	0.5416
LOC129528947	ZNF429	genuine	0	0.7124	DN_NC_073244.2_27408454_4	DN_NC_073244.2_27956158_2	0.5416	0.5265	0.5416
LOC129528947	ZNF43	genuine	0	0.2221	DN_NC_073244.2_27408454_4	DN_NC_073244.2_28333451_4	0.5416	0.4625	0.5416
LOC129528947	ZNF430	genuine	0	0.3730	DN_NC_073244.2_27408454_4	DN_NC_073244.2_27504818_5	0.5416	0.4270	0.5416
LOC129528947	ZNF468	genuine	0						
LOC129528947	ZNF480	genuine	0	0.1827	DN_NC_073244.2_27408454_4	DN_NC_073244.2_64265252_5	0.5416	0.5307	0.5416
LOC129528947	ZNF486	genuine	0	0.2707	DN_NC_073244.2_26666712_5	DN_NC_073244.2_27408454_4	0.4566	0.5416	0.5416
LOC129528947	ZNF506	genuine	0	0.3468	DN_NC_073244.2_26240039_2	DN_NC_073244.2_27408454_4	0.4246	0.5416	0.5416
LOC129528947	ZNF519	genuine	0	0.3210	DN_NC_073241.2_36126198_2	DN_NC_073244.2_27408454_4	0.2075	0.5416	0.5416
LOC129528947	ZNF528	genuine	0						
LOC129528947	ZNF578	genuine	0						
LOC129528947	ZNF595	genuine	0	0.4550	DN_NC_073227.2_8633418_2	DN_NC_073244.2_27408454_4	0.5689	0.5416	0.5689
LOC129528947	ZNF600	genuine	0						
LOC129528947	ZNF611	genuine	0	0.2242	DN_NC_073244.2_27408454_4	DN_NC_073244.2_64672255_4	0.5416	0.3521	0.5416
LOC129528947	ZNF616	genuine	0						
LOC129528947	ZNF626	genuine	0	0.4006	DN_NC_073244.2_27131194_2	DN_NC_073244.2_27408454_4	0.4557	0.5416	0.5416
LOC129528947	ZNF655	genuine	0						
LOC129528947	ZNF675	genuine	0	0.5799	DN_NC_073244.2_27408454_4	DN_NC_073244.2_29970261_4	0.5416	0.3774	0.5416
LOC129528947	ZNF678	genuine	0	0.3025	DN_NC_073224.2_40627195_4	DN_NC_073244.2_27408454_4	0.3220	0.5416	0.5416
LOC129528947	ZNF680	genuine	0	0.2786	DN_NC_073230.2_73977205_4	DN_NC_073244.2_27408454_4	0.3066	0.5416	0.5416
LOC129528947	ZNF681	genuine	0	0.3717	DN_NC_073244.2_27408454_4	DN_NC_073244.2_30067652_4	0.5416	0.4267	0.5416
LOC129528947	ZNF682	genuine	0	0.3901	DN_NC_073244.2_26470366_4	DN_NC_073244.2_27408454_4	0.3255	0.5416	0.5416
LOC129528947	ZNF695	genuine	0	0.2820	DN_NC_073224.2_8422960_4	DN_NC_073244.2_27408454_4	0.3045	0.5416	0.5416
LOC129528947	ZNF701	genuine	0						
LOC129528947	ZNF721	genuine	0	0.3158	DN_NC_073227.2_9009888_2	DN_NC_073244.2_27408454_4	0.3764	0.5416	0.5416
LOC129528947	ZNF723	genuine	0	0.4758	DN_NC_073244.2_27408454_4	DN_NC_073244.2_29232445_4	0.5416	0.5099	0.5416
LOC129528947	ZNF727	genuine	0	0.2279	DN_NC_073230.2_73508332_4	DN_NC_073244.2_27408454_4	0.3146	0.5416	0.5416
LOC129528947	ZNF736	genuine	0	0.3078	DN_NC_073230.2_73776646_4	DN_NC_073244.2_27408454_4	0.3000	0.5416	0.5416
LOC129528947	ZNF761	genuine	0						
LOC129528947	ZNF766	genuine	0	0.2754	DN_NC_073244.2_27408454_4	DN_NC_073244.2_64231369_4	0.5416	0.2784	0.5416
LOC129528947	ZNF8	genuine	0						
LOC129528947	ZNF808	genuine	0						
LOC129528947	ZNF813	genuine	0	0.3203	DN_NC_073244.2_27408454_4	DN_NC_073244.2_65398487_4	0.5416	0.3208	0.5416
LOC129528947	ZNF83	genuine	0	0.2187	DN_NC_073244.2_27408454_4	DN_NC_073244.2_64585864_4	0.5416	0.3038	0.5416
LOC129528947	ZNF836	genuine	0	0.3171	DN_NC_073244.2_27408454_4	DN_NC_073244.2_64125568_5	0.5416	0.4107	0.5416
LOC129528947	ZNF841	genuine	0						
LOC129528947	ZNF888	genuine	0	0.2036	DN_NC_073244.2_27408454_4	DN_NC_073244.2_64860608_4	0.5416	0.4244	0.5416
LOC129528947	ZNF91	genuine	0	0.3490	DN_NC_073244.2_27408454_4	DN_NC_073244.2_29680825_2	0.5416	0.5202	0.5416
LOC129528947	ZNF92	genuine	0	0.2397	DN_NC_073230.2_74637814_2	DN_NC_073244.2_27408454_4	0.3657	0.5416	0.5416
LOC129528956	LOC134757664	genuine	0						
LOC129529082	LOC129530428	genuine	0						
LOC129529082	LOC134756922	genuine	0						
LOC129529082	NAP1L3	genuine	0	0.1661	DN_NC_073245.2_35160176_6	DN_NC_073247.2_105439613_2	0.4645	0.3269	0.4645
LOC129529082	NDUFAF2	genuine	0	0.2105	DN_NC_073243.2_49045190_4	DN_NC_073245.2_35160176_6	0.3612	0.4645	0.4645
LOC129529082	NGLY1	genuine	0						
LOC129529082	RANBP6	genuine	0						
LOC129529082	SLC11A2	genuine	0	0.1312	DN_NC_073234.2_50306180_17	DN_NC_073245.2_35160176_6	0.2524	0.4645	0.4645
LOC129529082	SOX30	genuine	0						
LOC129529083	LOC134757821	genuine	0	0.2220	DN_NC_073245.2_35742393_2	DN_NC_073245.2_35910982_4	0.3788	0.3371	0.3788
LOC129529084	SEPTIN10	genuine	0						
LOC129529084	SEPTIN14	genuine	0	0.1377	DN_NC_073230.2_63974160_10	DN_NC_073245.2_35625538_4	0.3386	0.7640	0.7640
LOC129529112	LOC129529113	TP	1	1.0000	DN_NC_073245.2_68791722_2	DN_NC_073245.2_68800206_2	0.0485	0.0363	0.0485
LOC129529226	LOC129531982	TP	1	0.5741	DN_NC_073224.2_15670210_25	DN_NC_073224.2_29070818_24	0.0063	0.0156	0.0156
LOC129529226	LOC134756437	genuine	0	0.4912	DN_NC_073224.2_15670210_25	DN_NC_073224.2_19235747_8	0.0063	0.0034	0.0063
LOC129529226	LOC134758712	genuine	0	0.4912	DN_NC_073224.2_15670210_25	DN_NC_073224.2_15783681_8	0.0063	0.0027	0.0063
LOC129529226	LOC134758754	genuine	0	0.5024	DN_NC_073224.2_15670210_25	DN_NC_073224.2_19344252_8	0.0063	0.0028	0.0063
LOC129529456	NCAPH2	TP	0	0.8247	DN_NC_086018.1_48564680_20	DN_NC_086018.1_48579325_2	0.0442	0.0250	0.0442
LOC129529528	LOC129533004	genuine	0						
LOC129529528	SLC37A2	genuine	0						
LOC129529528	YAE1	genuine	0						
LOC129529583	TUBA1C	genuine	0						
LOC129529583	TUBA3E	genuine	0	0.2330	DN_NC_073235.2_32697745_5	DN_NC_086018.1_18552717_3	0.0120	0.1544	0.1544
LOC129529583	TUBA8	genuine	0	0.1810	DN_NC_086018.1_16134008_5	DN_NC_086018.1_18552717_3	0.0561	0.1544	0.1544
LOC129529583	TUBAL3	genuine	0						
LOC129529591	MZF1	genuine	0						
LOC129529591	ZNF205	genuine	0						
LOC129529591	ZNF317	genuine	0						
LOC129529591	ZNF324	genuine	0						
LOC129529591	ZNF324B	genuine	0						
LOC129529591	ZNF497	genuine	0						
LOC129529591	ZNF572	genuine	0						
LOC129529591	ZNF629	genuine	0						
LOC129529591	ZNF672	genuine	0						
LOC129529591	ZNF696	genuine	0						
LOC129529591	ZNF697	genuine	0						
LOC129529591	ZNF71	genuine	0						
LOC129529591	ZNF74	genuine	0	0.2451	DN_NC_086018.1_17871480_5	DN_NC_086018.1_18821463_5	0.0932	0.2027	0.2027
LOC129529591	ZNF768	genuine	0						
LOC129529591	ZNF771	genuine	0						
LOC129529591	ZNF774	genuine	0						
LOC129529591	ZNF835	genuine	0						
LOC129529684	TMEM230	genuine	0	0.1351	DN_NC_073245.2_15006691_4	DN_NC_073247.2_119718095_2	0.1018	0.2164	0.2164
LOC129529765	LOC129529767	TP	1	0.9994	DN_NC_073247.2_59696701_5	DN_NC_073247.2_59706220_5	0.3644	0.4275	0.4275
LOC129529765	LOC129529768	TP	1	1.0000	DN_NC_073247.2_59696701_5	DN_NC_073247.2_59715729_5	0.3644	0.4224	0.4224
LOC129529765	LOC129529769	TP	1	0.9266	DN_NC_073247.2_59696701_5	DN_NC_073247.2_59725264_5	0.3644	0.3503	0.3644
LOC129529765	LOC129529771	TP	1	1.0000	DN_NC_073247.2_59696701_5	DN_NC_073247.2_59744368_5	0.3644	0.0479	0.3644
LOC129529765	LOC129529774	TP	1	0.9993	DN_NC_073247.2_59696701_5	DN_NC_073247.2_59772963_5	0.3644	0.3641	0.3644
LOC129529765	LOC129529775	TP	1	0.9827	DN_NC_073247.2_59696701_5	DN_NC_073247.2_59782481_5	0.3644	0.0449	0.3644
LOC129529765	LOC129529807	TP	1	0.2562	DN_NC_073247.2_59696701_5	DN_NC_073247.2_59792068_6	0.3644	0.0474	0.3644
LOC129529765	PAGE1	truthbar	1	0.3262	DN_NC_073247.2_59696701_5	DN_NC_073247.2_59878462_6	0.3644	0.0092	0.3644
LOC129529767	LOC129529768	TP	1	1.0000	DN_NC_073247.2_59706220_5	DN_NC_073247.2_59715729_5	0.4275	0.4224	0.4275
LOC129529767	LOC129529769	TP	1	0.9292	DN_NC_073247.2_59706220_5	DN_NC_073247.2_59725264_5	0.4275	0.3503	0.4275
LOC129529767	LOC129529771	TP	1	1.0000	DN_NC_073247.2_59706220_5	DN_NC_073247.2_59744368_5	0.4275	0.0479	0.4275
LOC129529767	LOC129529774	TP	1	0.9987	DN_NC_073247.2_59706220_5	DN_NC_073247.2_59772963_5	0.4275	0.3641	0.4275
LOC129529767	LOC129529775	TP	1	0.9896	DN_NC_073247.2_59706220_5	DN_NC_073247.2_59782481_5	0.4275	0.0449	0.4275
LOC129529767	LOC129529807	TP	1	0.2046	DN_NC_073247.2_59706220_5	DN_NC_073247.2_59792068_6	0.4275	0.0474	0.4275
LOC129529767	PAGE1	truthbar	1	0.3262	DN_NC_073247.2_59706220_5	DN_NC_073247.2_59878462_6	0.4275	0.0092	0.4275
LOC129529768	LOC129529769	TP	1	0.9408	DN_NC_073247.2_59715729_5	DN_NC_073247.2_59725264_5	0.4224	0.3503	0.4224
LOC129529768	LOC129529771	TP	1	1.0000	DN_NC_073247.2_59715729_5	DN_NC_073247.2_59744368_5	0.4224	0.0479	0.4224
LOC129529768	LOC129529774	TP	1	1.0000	DN_NC_073247.2_59715729_5	DN_NC_073247.2_59772963_5	0.4224	0.3641	0.4224
LOC129529768	LOC129529775	TP	1	1.0000	DN_NC_073247.2_59715729_5	DN_NC_073247.2_59782481_5	0.4224	0.0449	0.4224
LOC129529768	LOC129529807	TP	1	0.2022	DN_NC_073247.2_59715729_5	DN_NC_073247.2_59792068_6	0.4224	0.0474	0.4224
LOC129529768	PAGE1	truthbar	1	0.3262	DN_NC_073247.2_59715729_5	DN_NC_073247.2_59878462_6	0.4224	0.0092	0.4224
LOC129529769	LOC129529771	TP	1	0.9982	DN_NC_073247.2_59725264_5	DN_NC_073247.2_59744368_5	0.3503	0.0479	0.3503
LOC129529769	LOC129529774	TP	1	0.9352	DN_NC_073247.2_59725264_5	DN_NC_073247.2_59772963_5	0.3503	0.3641	0.3641
LOC129529769	LOC129529775	TP	1	1.0000	DN_NC_073247.2_59725264_5	DN_NC_073247.2_59782481_5	0.3503	0.0449	0.3503
LOC129529769	LOC129529807	TP	1	0.2743	DN_NC_073247.2_59725264_5	DN_NC_073247.2_59792068_6	0.3503	0.0474	0.3503
LOC129529769	PAGE1	truthbar	1	0.3262	DN_NC_073247.2_59725264_5	DN_NC_073247.2_59878462_6	0.3503	0.0092	0.3503
LOC129529771	LOC129529774	TP	1	1.0000	DN_NC_073247.2_59744368_5	DN_NC_073247.2_59772963_5	0.0479	0.3641	0.3641
LOC129529771	LOC129529775	TP	1	1.0000	DN_NC_073247.2_59744368_5	DN_NC_073247.2_59782481_5	0.0479	0.0449	0.0479
LOC129529771	LOC129529807	TP	1	0.7698	DN_NC_073247.2_59744368_5	DN_NC_073247.2_59792068_6	0.0479	0.0474	0.0479
LOC129529771	PAGE1	truthbar	1	0.4530	DN_NC_073247.2_59744368_5	DN_NC_073247.2_59878462_6	0.0479	0.0092	0.0479
LOC129529774	LOC129529775	TP	1	0.9637	DN_NC_073247.2_59772963_5	DN_NC_073247.2_59782481_5	0.3641	0.0449	0.3641
LOC129529774	LOC129529807	TP	1	0.2790	DN_NC_073247.2_59772963_5	DN_NC_073247.2_59792068_6	0.3641	0.0474	0.3641
LOC129529774	PAGE1	truthbar	1	0.3262	DN_NC_073247.2_59772963_5	DN_NC_073247.2_59878462_6	0.3641	0.0092	0.3641
LOC129529775	LOC129529807	TP	1	0.7219	DN_NC_073247.2_59782481_5	DN_NC_073247.2_59792068_6	0.0449	0.0474	0.0474
LOC129529775	PAGE1	truthbar	1	0.4249	DN_NC_073247.2_59782481_5	DN_NC_073247.2_59878462_6	0.0449	0.0092	0.0449
LOC129529790	LOC129530333	genuine	0	0.4161	DN_NC_073247.2_17003459_2	DN_NC_073248.2_30080680_2	0.0445	0.0392	0.0445
LOC129529807	PAGE1	truthbar	1	0.3308	DN_NC_073247.2_59792068_6	DN_NC_073247.2_59878462_6	0.0474	0.0092	0.0474
LOC129529929	LOC129529976	truthbar	1	0.3862	DN_NC_073247.2_161556098_3	DN_NC_073247.2_164381237_2	0.0865	0.0419	0.0865
LOC129529929	LOC129529978	truthbar	1	0.3679	DN_NC_073247.2_161556098_3	DN_NC_073247.2_164397061_3	0.0865	0.1024	0.1024
LOC129529929	LOC129529983	truthbar	1	0.3679	DN_NC_073247.2_161556098_3	DN_NC_073247.2_164426194_3	0.0865	0.1024	0.1024
LOC129529929	LOC129529986	truthbar	1	0.3759	DN_NC_073247.2_161556098_3	DN_NC_073247.2_164442447_2	0.0865	0.0408	0.0865
LOC129529929	LOC129530018	truthbar	1	0.4608	DN_NC_073247.2_161251228_4	DN_NC_073247.2_161556098_3	0.0572	0.0865	0.0865
LOC129529929	MAGEA1	truthbar	1	0.3593	DN_NC_073247.2_161556098_3	DN_NC_073247.2_164861277_3	0.0865	0.0754	0.0865
LOC129529929	MAGEA10	truthbar	1						
LOC129529929	MAGEA12	truthbar	1	0.3720	DN_NC_073247.2_161556098_3	DN_NC_073247.2_164407411_3	0.0865	0.0676	0.0865
LOC129529929	MAGEA4	truthbar	1	0.2099	DN_NC_073247.2_161556098_3	DN_NC_073247.2_163590486_3	0.0865	0.0621	0.0865
LOC129529929	MAGEA9	truthbar	1	0.4608	DN_NC_073247.2_161458538_3	DN_NC_073247.2_161556098_3	0.0772	0.0865	0.0865
LOC129529929	MAGEB1	truthbar	1						
LOC129529929	MAGEB2	truthbar	1						
LOC129529929	MAGEB3	truthbar	1						
LOC129529929	MAGEB6	truthbar	1						
LOC129529929	MAGEB6B	truthbar	1						
LOC129529976	LOC129529978	TP	1	0.7150	DN_NC_073247.2_164381237_2	DN_NC_073247.2_164397061_3	0.0419	0.1024	0.1024
LOC129529976	LOC129529983	TP	1	0.7150	DN_NC_073247.2_164381237_2	DN_NC_073247.2_164426194_3	0.0419	0.1024	0.1024
LOC129529976	LOC129529986	TP	1	1.0000	DN_NC_073247.2_164381222_3	DN_NC_073247.2_164442447_3	0.0399	0.0400	0.0400
LOC129529976	LOC129530018	truthbar	1	0.4132	DN_NC_073247.2_161251228_4	DN_NC_073247.2_164381237_2	0.0572	0.0419	0.0572
LOC129529976	MAGEA1	truthbar	1	0.4826	DN_NC_073247.2_164381237_2	DN_NC_073247.2_164861277_3	0.0419	0.0754	0.0754
LOC129529976	MAGEA10	truthbar	1						
LOC129529976	MAGEA12	TP	1	0.7036	DN_NC_073247.2_164381237_2	DN_NC_073247.2_164405406_2	0.0419	0.1964	0.1964
LOC129529976	MAGEA4	truthbar	1	0.2737	DN_NC_073247.2_163590486_3	DN_NC_073247.2_164381237_2	0.0621	0.0419	0.0621
LOC129529976	MAGEA9	truthbar	1	0.4132	DN_NC_073247.2_161458538_3	DN_NC_073247.2_164381237_2	0.0772	0.0419	0.0772
LOC129529976	MAGEB1	truthbar	1						
LOC129529976	MAGEB2	truthbar	1						
LOC129529976	MAGEB3	truthbar	1						
LOC129529976	MAGEB6	truthbar	1						
LOC129529976	MAGEB6B	truthbar	1						
LOC129529978	LOC129529983	TP	1	1.0000	DN_NC_073247.2_164397061_3	DN_NC_073247.2_164426194_3	0.1024	0.1024	0.1024
LOC129529978	LOC129529986	TP	1	0.7033	DN_NC_073247.2_164397061_3	DN_NC_073247.2_164442447_3	0.1024	0.0400	0.1024
LOC129529978	LOC129530018	truthbar	1	0.3962	DN_NC_073247.2_161251228_4	DN_NC_073247.2_164397061_3	0.0572	0.1024	0.1024
LOC129529978	MAGEA1	truthbar	1	0.4641	DN_NC_073247.2_164397061_3	DN_NC_073247.2_164861277_3	0.1024	0.0754	0.1024
LOC129529978	MAGEA10	truthbar	1						
LOC129529978	MAGEA12	TP	1	0.7936	DN_NC_073247.2_164397061_3	DN_NC_073247.2_164405406_2	0.1024	0.1964	0.1964
LOC129529978	MAGEA4	truthbar	1	0.2622	DN_NC_073247.2_163590486_3	DN_NC_073247.2_164397061_3	0.0621	0.1024	0.1024
LOC129529978	MAGEA9	truthbar	1	0.3962	DN_NC_073247.2_161458538_3	DN_NC_073247.2_164397061_3	0.0772	0.1024	0.1024
LOC129529978	MAGEB1	truthbar	1						
LOC129529978	MAGEB2	truthbar	1						
LOC129529978	MAGEB3	truthbar	1						
LOC129529978	MAGEB6	truthbar	1						
LOC129529978	MAGEB6B	truthbar	1						
LOC129529983	LOC129529986	TP	1	0.7033	DN_NC_073247.2_164426194_3	DN_NC_073247.2_164442447_3	0.1024	0.0400	0.1024
LOC129529983	LOC129530018	truthbar	1	0.3962	DN_NC_073247.2_161251228_4	DN_NC_073247.2_164426194_3	0.0572	0.1024	0.1024
LOC129529983	MAGEA1	truthbar	1	0.4641	DN_NC_073247.2_164426194_3	DN_NC_073247.2_164861277_3	0.1024	0.0754	0.1024
LOC129529983	MAGEA10	truthbar	1						
LOC129529983	MAGEA12	TP	1	0.7936	DN_NC_073247.2_164405406_2	DN_NC_073247.2_164426194_3	0.1964	0.1024	0.1964
LOC129529983	MAGEA4	truthbar	1	0.2622	DN_NC_073247.2_163590486_3	DN_NC_073247.2_164426194_3	0.0621	0.1024	0.1024
LOC129529983	MAGEA9	truthbar	1	0.3962	DN_NC_073247.2_161458538_3	DN_NC_073247.2_164426194_3	0.0772	0.1024	0.1024
LOC129529983	MAGEB1	truthbar	1						
LOC129529983	MAGEB2	truthbar	1						
LOC129529983	MAGEB3	truthbar	1						
LOC129529983	MAGEB6	truthbar	1						
LOC129529983	MAGEB6B	truthbar	1						
LOC129529986	LOC129530018	truthbar	1	0.4021	DN_NC_073247.2_161251228_4	DN_NC_073247.2_164442447_2	0.0572	0.0408	0.0572
LOC129529986	MAGEA1	truthbar	1	0.4697	DN_NC_073247.2_164442447_2	DN_NC_073247.2_164861277_3	0.0408	0.0754	0.0754
LOC129529986	MAGEA10	truthbar	1						
LOC129529986	MAGEA12	TP	1	0.6847	DN_NC_073247.2_164407411_3	DN_NC_073247.2_164442447_2	0.0676	0.0408	0.0676
LOC129529986	MAGEA4	truthbar	1	0.2663	DN_NC_073247.2_163590486_3	DN_NC_073247.2_164442447_2	0.0621	0.0408	0.0621
LOC129529986	MAGEA9	truthbar	1	0.4021	DN_NC_073247.2_161458538_3	DN_NC_073247.2_164442447_2	0.0772	0.0408	0.0772
LOC129529986	MAGEB1	truthbar	1						
LOC129529986	MAGEB2	truthbar	1						
LOC129529986	MAGEB3	truthbar	1						
LOC129529986	MAGEB6	truthbar	1						
LOC129529986	MAGEB6B	truthbar	1						
LOC129530018	MAGEA1	truthbar	1	0.3524	DN_NC_073247.2_161251228_4	DN_NC_073247.2_164861277_3	0.0572	0.0754	0.0754
LOC129530018	MAGEA10	truthbar	1	0.3283	DN_NC_073247.2_161251228_4	DN_NC_073247.2_163809311_4	0.0572	0.3557	0.3557
LOC129530018	MAGEA12	truthbar	1	0.3781	DN_NC_073247.2_161251228_4	DN_NC_073247.2_164407414_2	0.0572	0.0680	0.0680
LOC129530018	MAGEA4	truthbar	1	0.2223	DN_NC_073247.2_161251228_4	DN_NC_073247.2_163590486_3	0.0572	0.0621	0.0621
LOC129530018	MAGEA9	TP	1	0.9387	DN_NC_073247.2_161251228_4	DN_NC_073247.2_161458538_3	0.0572	0.0772	0.0772
LOC129530018	MAGEB1	truthbar	1						
LOC129530018	MAGEB2	truthbar	1						
LOC129530018	MAGEB3	truthbar	1						
LOC129530018	MAGEB6	truthbar	1						
LOC129530018	MAGEB6B	truthbar	1						
LOC129530020	TMEM185A	TP	0	1.0000	DN_NC_073247.2_161266095_3	DN_NC_073247.2_161413981_7	0.0334	0.0343	0.0343
LOC129530050	SLC25A5	truthbar	1	0.5903	DN_NC_073247.2_131152949_4	DN_NC_073248.2_8111002_4	0.1239	0.0563	0.1239
LOC129530096	LOC129530131	genuine	0						
LOC129530096	LOC129533438	genuine	0						
LOC129530096	LOC134756589	genuine	0						
LOC129530096	LRFN5	genuine	0						
LOC129530096	MINPP1	genuine	0						
LOC129530096	MMP24OS	genuine	0						
LOC129530096	NCALD	genuine	0						
LOC129530096	NCR3LG1	genuine	0						
LOC129530096	NFXL1	genuine	0						
LOC129530096	OXCT1	genuine	0						
LOC129530096	PDCD5	genuine	0	0.3819	DN_NC_073244.2_43610901_6	DN_NC_073247.2_114234875_11	0.4805	0.2808	0.4805
LOC129530096	SELENOP	genuine	0						
LOC129530096	SEM1	genuine	0	0.1749	DN_NC_073230.2_92132360_3	DN_NC_073247.2_114234875_11	0.3708	0.2808	0.3708
LOC129530096	SMYD3	genuine	0						
LOC129530096	SPATA33	genuine	0						
LOC129530096	SPC25	genuine	0	0.2419	DN_NC_073235.2_71373985_7	DN_NC_073247.2_114234875_11	0.4132	0.2808	0.4132
LOC129530096	THNSL1	genuine	0						
LOC129530096	TMEM38B	genuine	0						
LOC129530096	TSPAN8	genuine	0						
LOC129530096	UCHL1	genuine	0						
LOC129530123	RAB40B	genuine	0	0.2845	DN_NC_073228.2_9291784_6	DN_NC_073247.2_115190067_8	0.2271	0.1152	0.2271
LOC129530123	RAB40C	genuine	0	0.2934	DN_NC_073242.2_4214750_6	DN_NC_073247.2_115190067_8	0.0084	0.1152	0.1152
LOC129530131	LOC129533438	genuine	0						
LOC129530131	LOC134756589	genuine	0	0.1691	DN_NC_073234.2_126370406_2	DN_NC_073247.2_115708949_2	0.4160	0.2180	0.4160
LOC129530131	LRFN5	genuine	0						
LOC129530131	MINPP1	genuine	0						
LOC129530131	MMP24OS	genuine	0						
LOC129530131	NCALD	genuine	0	0.1516	DN_NC_073231.2_107519754_4	DN_NC_073247.2_115708949_2	0.1799	0.2180	0.2180
LOC129530131	NCR3LG1	genuine	0	0.1565	DN_NC_073233.2_23732821_4	DN_NC_073247.2_115708949_2	0.1950	0.2180	0.2180
LOC129530131	NFXL1	genuine	0						
LOC129530131	OXCT1	genuine	0						
LOC129530131	PDCD5	genuine	0	0.3747	DN_NC_073244.2_43610901_6	DN_NC_073247.2_115708949_2	0.4805	0.2180	0.4805
LOC129530131	SELENOP	genuine	0						
LOC129530131	SEM1	genuine	0	0.1682	DN_NC_073230.2_92132360_3	DN_NC_073247.2_115708949_2	0.3708	0.2180	0.3708
LOC129530131	SMYD3	genuine	0						
LOC129530131	SPATA33	genuine	0						
LOC129530131	SPC25	genuine	0	0.2449	DN_NC_073235.2_71373985_7	DN_NC_073247.2_115708949_2	0.4132	0.2180	0.4132
LOC129530131	THNSL1	genuine	0						
LOC129530131	TMEM38B	genuine	0	0.1568	DN_NC_073237.2_101948554_6	DN_NC_073247.2_115708949_2	0.3249	0.2180	0.3249
LOC129530131	TSPAN8	genuine	0						
LOC129530131	UCHL1	genuine	0	0.1525	DN_NC_073227.2_49278079_9	DN_NC_073247.2_115708949_2	0.3524	0.2180	0.3524
LOC129530205	LOC129530238	genuine	0	1.0000	DN_NC_073248.2_19625716_11	DN_NC_073248.2_19671639_11	0.0334	0.0346	0.0346
LOC129530205	LOC129530241	genuine	0	1.0000	DN_NC_073248.2_19648671_11	DN_NC_073248.2_19694607_11	0.0334	0.0334	0.0334
LOC129530205	LOC129530249	genuine	0	1.0000	DN_NC_073248.2_19648671_11	DN_NC_073248.2_25725363_11	0.0334	0.0335	0.0335
LOC129530205	LOC129530259	genuine	0	0.4058	DN_NC_073248.2_15918163_7	DN_NC_073248.2_19602755_10	0.1898	0.0348	0.1898
LOC129530205	LOC129530266	genuine	0	0.2020	DN_NC_073248.2_16416010_5	DN_NC_073248.2_19602755_10	0.2846	0.0348	0.2846
LOC129530205	LOC129530271	genuine	0	0.4731	DN_NC_073248.2_19602755_10	DN_NC_073248.2_25704431_6	0.0348	0.3001	0.3001
LOC129530227	LOC134756368	genuine	0	0.2710	DN_NC_073236.2_23070420_5	DN_NC_073248.2_45277558_8	0.2222	0.0161	0.2222
LOC129530227	LOC134756753	genuine	0	0.9758	DN_NC_073236.2_22549336_8	DN_NC_073248.2_45277558_8	0.2004	0.0161	0.2004
LOC129530227	LRPAP1	genuine	0	0.8413	DN_NC_073227.2_12088225_8	DN_NC_073248.2_45277558_8	0.1260	0.0161	0.1260
LOC129530227	XRCC2	genuine	0						
LOC129530238	LOC129530241	TP	1	1.0000	DN_NC_073248.2_19671639_11	DN_NC_073248.2_19694607_11	0.0346	0.0334	0.0346
LOC129530238	LOC129530249	truthbar	1	1.0000	DN_NC_073248.2_19671639_11	DN_NC_073248.2_25725363_11	0.0346	0.0335	0.0346
LOC129530238	LOC129530259	TP	1	0.3657	DN_NC_073248.2_15918163_7	DN_NC_073248.2_19671639_11	0.1898	0.0346	0.1898
LOC129530238	LOC129530266	TP	1	0.1732	DN_NC_073248.2_16416010_5	DN_NC_073248.2_19671639_11	0.2846	0.0346	0.2846
LOC129530238	LOC129530271	genuine	0	0.4435	DN_NC_073248.2_19671639_11	DN_NC_073248.2_25704431_6	0.0346	0.3001	0.3001
LOC129530241	LOC129530249	TP	1	1.0000	DN_NC_073248.2_19694607_11	DN_NC_073248.2_25725363_11	0.0334	0.0335	0.0335
LOC129530241	LOC129530259	TP	1	0.3837	DN_NC_073248.2_15918163_7	DN_NC_073248.2_19694607_11	0.1898	0.0334	0.1898
LOC129530241	LOC129530266	TP	1	0.1872	DN_NC_073248.2_16416010_5	DN_NC_073248.2_19694607_11	0.2846	0.0334	0.2846
LOC129530241	LOC129530271	genuine	0	0.4384	DN_NC_073248.2_19694607_11	DN_NC_073248.2_25704431_6	0.0334	0.3001	0.3001
LOC129530249	LOC129530259	TP	1	0.3845	DN_NC_073248.2_15918163_7	DN_NC_073248.2_25725363_11	0.1898	0.0335	0.1898
LOC129530249	LOC129530266	TP	1	0.1876	DN_NC_073248.2_16416010_5	DN_NC_073248.2_25725363_11	0.2846	0.0335	0.2846
LOC129530249	LOC129530271	genuine	0	0.4504	DN_NC_073248.2_25704431_6	DN_NC_073248.2_25725363_11	0.3001	0.0335	0.3001
LOC129530250	RPS4X	truthbar	1	0.7286	DN_NC_073247.2_84011480_7	DN_NC_073248.2_26366947_7	0.0952	0.0288	0.0952
LOC129530250	RPS4Y1	truthbar	1	0.7500	DN_NC_073248.2_26366947_7	DN_NC_073248.2_9423438_7	0.0288	0.0332	0.0332
LOC129530259	LOC129530266	TP	1	0.3685	DN_NC_073248.2_15918163_7	DN_NC_073248.2_16416010_5	0.1898	0.2846	0.2846
LOC129530259	LOC129530271	genuine	0	0.2763	DN_NC_073248.2_15918163_7	DN_NC_073248.2_25704431_6	0.1898	0.3001	0.3001
LOC129530266	LOC129530271	genuine	0	0.6269	DN_NC_073248.2_16416010_5	DN_NC_073248.2_25704431_6	0.2846	0.3001	0.3001
LOC129530270	TMSB4X	truthbar	1	0.4392	DN_NC_073247.2_23442611_3	DN_NC_073248.2_30409029_3	0.1796	0.3566	0.3566
LOC129530275	LOC129530278	TP	1	1.0000	DN_NC_073248.2_34736504_6	DN_NC_073248.2_34798633_6	0.0446	0.0460	0.0460
LOC129530275	LOC129530279	TP	1	1.0000	DN_NC_073248.2_34736504_6	DN_NC_073248.2_34819290_6	0.0446	0.0456	0.0456
LOC129530275	LOC129530280	TP	1	1.0000	DN_NC_073248.2_34736504_6	DN_NC_073248.2_34839953_6	0.0446	0.0448	0.0448
LOC129530278	LOC129530279	TP	1	1.0000	DN_NC_073248.2_34798633_6	DN_NC_073248.2_34819290_6	0.0460	0.0456	0.0460
LOC129530278	LOC129530280	TP	1	1.0000	DN_NC_073248.2_34798633_6	DN_NC_073248.2_34839953_6	0.0460	0.0448	0.0460
LOC129530279	LOC129530280	TP	1	1.0000	DN_NC_073248.2_34819290_6	DN_NC_073248.2_34839953_6	0.0456	0.0448	0.0456
LOC129530428	LOC134756922	genuine	0						
LOC129530428	NAP1L3	genuine	0						
LOC129530428	NDUFAF2	genuine	0						
LOC129530428	NGLY1	genuine	0						
LOC129530428	RANBP6	genuine	0						
LOC129530428	SLC11A2	genuine	0						
LOC129530428	SOX30	genuine	0						
LOC129530429	LOC129530552	truthbar	1						
LOC129530429	LOC129531431	genuine	0	0.1309	DN_NC_073236.2_26203134_8	DN_NC_073248.2_10847471_7	0.2581	0.3223	0.3223
LOC129530429	LOC129532222	truthbar	1						
LOC129530429	LOC129532224	genuine	0						
LOC129530473	LOC129530554	TP	1	0.6071	DN_NC_073246.2_2173988_2	DN_NC_086018.1_1713296_2	0.1273	0.1264	0.1273
LOC129530552	LOC129531431	genuine	0						
LOC129530552	LOC129532222	truthbar	1						
LOC129530552	LOC129532224	genuine	0						
LOC129530593	LOC129531205	genuine	0	0.4443	DN_NC_073240.2_4575875_4	DN_NC_073241.2_195924_6	0.1728	0.0960	0.1728
LOC129530593	LOC129531501	genuine	0	0.6191	DN_NC_073238.2_8052138_7	DN_NC_073241.2_195924_6	0.0558	0.0960	0.0960
LOC129530593	SAFB	genuine	0						
LOC129530593	SAFB2	genuine	0	0.2918	DN_NC_073241.2_195924_6	DN_NC_073244.2_11377962_21	0.0960	0.0635	0.0960
LOC129531205	LOC129531501	truthbar	1	0.1767	DN_NC_073238.2_8052138_7	DN_NC_073240.2_4575875_4	0.0558	0.1728	0.1728
LOC129531205	SAFB	genuine	0						
LOC129531205	SAFB2	TP	0						
LOC129531431	LOC129532222	genuine	0						
LOC129531431	LOC129532224	genuine	0						
LOC129531501	SAFB	genuine	0	0.1418	DN_NC_073238.2_8052138_7	DN_NC_073244.2_11413820_21	0.0558	0.0338	0.0558
LOC129531501	SAFB2	genuine	0	0.8894	DN_NC_073238.2_8052138_7	DN_NC_073244.2_11377962_21	0.0558	0.0635	0.0635
LOC129531666	LOC129531667	TP	1	0.6614	DN_NC_073236.2_51202468_4	DN_NC_073236.2_51437835_4	0.1817	0.2000	0.2000
LOC129531666	RGPD8	TP	1	0.5341	DN_NC_073236.2_49989275_2	DN_NC_073236.2_51202468_4	0.1936	0.1817	0.1936
LOC129531666	RPL39	genuine	0						
LOC129531666	RPL39L	genuine	0						
LOC129531667	RGPD8	TP	1	0.3591	DN_NC_073236.2_49989275_2	DN_NC_073236.2_51437835_4	0.1936	0.2000	0.2000
LOC129531667	RPL39	genuine	0						
LOC129531667	RPL39L	genuine	0						
LOC129531751	LOC129532625	genuine	0	0.7511	DN_NC_073236.2_140400059_5	DN_NC_086017.1_211655827_5	0.2608	0.2599	0.2608
LOC129531751	LOC129532709	genuine	0	0.5797	DN_NC_073236.2_140400059_5	DN_NC_086017.1_9337960_4	0.2608	0.0737	0.2608
LOC129531751	LOC129532808	genuine	0	0.1366	DN_NC_073227.2_211080863_4	DN_NC_073236.2_140400059_5	0.1229	0.2608	0.2608
LOC129531751	LOC129533287	genuine	0	0.1366	DN_NC_073227.2_8155721_4	DN_NC_073236.2_140400059_5	0.1223	0.2608	0.2608
LOC129531751	LOC129534552	genuine	0	0.2214	DN_NC_073229.2_195378107_3	DN_NC_073236.2_140400059_5	0.4780	0.2608	0.4780
LOC129531751	LOC134756415	genuine	0	0.3854	DN_NC_073236.2_140400059_5	DN_NC_073241.2_110003031_5	0.2608	0.2616	0.2616
LOC129531751	LOC134757299	genuine	0	0.1366	DN_NC_073236.2_140400059_5	DN_NC_073240.2_103747497_4	0.2608	0.1185	0.2608
LOC129531751	LOC134759133	genuine	0	0.1379	DN_NC_073231.2_150902261_3	DN_NC_073236.2_140400059_5	0.4184	0.2608	0.4184
LOC129531751	NDUFA8	genuine	0	0.2218	DN_NC_073236.2_140400059_5	DN_NC_073237.2_118498911_4	0.2608	0.1085	0.2608
LOC129531752	LOC129532807	TP	1	0.9992	DN_NC_073227.2_211100517_2	DN_NC_073236.2_140396809_2	0.2715	0.2914	0.2914
LOC129531752	MORN5	TP	1	0.1759	DN_NC_073236.2_140396809_2	DN_NC_073237.2_118518303_5	0.2914	0.0055	0.2914
LOC129531864	LOC129531867	genuine	0	0.1985	DN_NC_073236.2_31364804_7	DN_NC_073236.2_31570340_7	0.4241	0.3205	0.4241
LOC129531982	LOC134756437	genuine	0	0.6235	DN_NC_073224.2_19235747_8	DN_NC_073224.2_29070818_24	0.0034	0.0156	0.0156
LOC129531982	LOC134758712	genuine	0	0.6235	DN_NC_073224.2_15783681_8	DN_NC_073224.2_29070818_24	0.0027	0.0156	0.0156
LOC129531982	LOC134758754	genuine	0	0.6378	DN_NC_073224.2_19344252_8	DN_NC_073224.2_29070818_24	0.0028	0.0156	0.0156
LOC129532045	LOC134757399	genuine	0	0.1429	DN_NC_073235.2_137582288_5	DN_NC_073241.2_80636266_2	0.5321	0.8234	0.8234
LOC129532045	MCTP2	genuine	0						
LOC129532045	SLC25A12	genuine	0						
LOC129532045	SNX14	genuine	0						
LOC129532045	WDR64	genuine	0	0.1433	DN_NC_073224.2_13812644_2	DN_NC_073235.2_137582288_5	0.5624	0.5321	0.5624
LOC129532059	LOC129532348	genuine	0						
LOC129532059	PASD1	genuine	0						
LOC129532059	RTP4	genuine	0						
LOC129532125	LOC129532145	genuine	0						
LOC129532125	LOC129532854	genuine	0	0.1394	DN_NC_073227.2_109806788_5	DN_NC_073235.2_83159862_3	0.5110	0.3187	0.5110
LOC129532125	NLGN1	genuine	0						
LOC129532145	LOC129532854	genuine	0						
LOC129532145	NLGN1	genuine	0						
LOC129532222	LOC129532224	genuine	0	0.1461	DN_NC_073235.2_33703802_2	DN_NC_073235.2_34402342_7	0.1782	0.2777	0.2777
LOC129532348	PASD1	genuine	0						
LOC129532348	RTP4	genuine	0						
LOC129532538	LOC129532539	genuine	0	0.1451	DN_NC_086017.1_156500672_2	DN_NC_086017.1_156500672_3	0.3216	0.6425	0.6425
LOC129532538	TNFRSF10A	genuine	0						
LOC129532538	TNFRSF10B	genuine	0						
LOC129532538	TNFRSF10D	genuine	0						
LOC129532539	TNFRSF10A	genuine	0						
LOC129532539	TNFRSF10B	genuine	0						
LOC129532539	TNFRSF10D	genuine	0						
LOC129532625	LOC129532709	genuine	0	0.6147	DN_NC_086017.1_211655827_5	DN_NC_086017.1_9337960_4	0.2599	0.0737	0.2599
LOC129532625	LOC129532808	genuine	0	0.1338	DN_NC_073227.2_211080863_4	DN_NC_086017.1_211655827_5	0.1229	0.2599	0.2599
LOC129532625	LOC129533287	genuine	0	0.1338	DN_NC_073227.2_8155721_4	DN_NC_086017.1_211655827_5	0.1223	0.2599	0.2599
LOC129532625	LOC129534552	genuine	0	0.2168	DN_NC_073229.2_195378107_3	DN_NC_086017.1_211655827_5	0.4780	0.2599	0.4780
LOC129532625	LOC134756415	genuine	0	0.3833	DN_NC_073241.2_110003031_5	DN_NC_086017.1_211655827_5	0.2616	0.2599	0.2616
LOC129532625	LOC134757299	genuine	0	0.1338	DN_NC_073240.2_103747497_4	DN_NC_086017.1_211655827_5	0.1185	0.2599	0.2599
LOC129532625	LOC134759133	genuine	0	0.1351	DN_NC_073231.2_150902261_3	DN_NC_086017.1_211655827_5	0.4184	0.2599	0.4184
LOC129532625	NDUFA8	genuine	0	0.2343	DN_NC_073237.2_118498911_4	DN_NC_086017.1_211655827_5	0.1085	0.2599	0.2599
LOC129532709	LOC129532808	genuine	0	0.7391	DN_NC_073227.2_211080863_4	DN_NC_086017.1_9337960_4	0.1229	0.0737	0.1229
LOC129532709	LOC129533287	genuine	0	0.7391	DN_NC_073227.2_8155721_4	DN_NC_086017.1_9337960_4	0.1223	0.0737	0.1223
LOC129532709	LOC129534552	genuine	0	0.5749	DN_NC_073229.2_195378107_3	DN_NC_086017.1_9337960_4	0.4780	0.0737	0.4780
LOC129532709	LOC134756415	genuine	0	0.5918	DN_NC_073241.2_110003031_5	DN_NC_086017.1_9337960_4	0.2616	0.0737	0.2616
LOC129532709	LOC134757299	genuine	0	0.7403	DN_NC_073240.2_103747497_4	DN_NC_086017.1_9337960_4	0.1185	0.0737	0.1185
LOC129532709	LOC134759133	genuine	0	0.3551	DN_NC_073231.2_150902261_3	DN_NC_086017.1_9337960_4	0.4184	0.0737	0.4184
LOC129532709	NDUFA8	genuine	0	0.9988	DN_NC_073237.2_118498911_4	DN_NC_086017.1_9337960_4	0.1085	0.0737	0.1085
LOC129532807	MORN5	TP	1	0.1759	DN_NC_073227.2_211100517_2	DN_NC_073237.2_118518303_5	0.2715	0.0055	0.2715
LOC129532808	LOC129533287	genuine	0	1.0000	DN_NC_073227.2_211080863_4	DN_NC_073227.2_8155721_4	0.1229	0.1223	0.1229
LOC129532808	LOC129534552	genuine	0						
LOC129532808	LOC134756415	genuine	0	0.1358	DN_NC_073227.2_211080863_4	DN_NC_073241.2_110003031_5	0.1229	0.2616	0.2616
LOC129532808	LOC134757299	genuine	0	1.0000	DN_NC_073227.2_211080863_4	DN_NC_073240.2_103747497_4	0.1229	0.1185	0.1229
LOC129532808	LOC134759133	genuine	0	0.2123	DN_NC_073227.2_211080863_4	DN_NC_073231.2_150902261_3	0.1229	0.4184	0.4184
LOC129532808	NDUFA8	genuine	0	0.3254	DN_NC_073227.2_211080863_4	DN_NC_073237.2_118498911_4	0.1229	0.1085	0.1229
LOC129532854	NLGN1	genuine	0	0.1348	DN_NC_073227.2_109806788_5	DN_NC_086017.1_185299820_2	0.5110	0.3208	0.5110
LOC129532907	LOC134756955	genuine	0						
LOC129532907	ORC4	genuine	0						
LOC129532907	TCTN1	genuine	0						
LOC129532935	SORT1	genuine	0	0.3095	DN_NC_073224.2_116693847_11	DN_NC_073224.2_130686217_20	0.2299	0.0954	0.2299
LOC129533004	SLC37A2	genuine	0						
LOC129533004	YAE1	genuine	0						
LOC129533124	LOC129533256	genuine	0						
LOC129533124	NUPR2	genuine	0	0.1719	DN_NC_073227.2_139561252_10	DN_NC_073230.2_64295055_2	0.3010	0.0252	0.3010
LOC129533124	PSPH	genuine	0						
LOC129533256	NUPR2	genuine	0						
LOC129533256	PSPH	genuine	0						
LOC129533273	TFEC	genuine	0	0.1387	DN_NC_073227.2_22580407_2	DN_NC_073230.2_124939640_5	0.3022	0.3003	0.3022
LOC129533287	LOC129534552	genuine	0						
LOC129533287	LOC134756415	genuine	0	0.1358	DN_NC_073227.2_8155721_4	DN_NC_073241.2_110003031_5	0.1223	0.2616	0.2616
LOC129533287	LOC134757299	genuine	0	1.0000	DN_NC_073227.2_8155721_4	DN_NC_073240.2_103747497_4	0.1223	0.1185	0.1223
LOC129533287	LOC134759133	genuine	0	0.2123	DN_NC_073227.2_8155721_4	DN_NC_073231.2_150902261_3	0.1223	0.4184	0.4184
LOC129533287	NDUFA8	genuine	0	0.3254	DN_NC_073227.2_8155721_4	DN_NC_073237.2_118498911_4	0.1223	0.1085	0.1223
LOC129533438	LOC134756589	genuine	0						
LOC129533438	LRFN5	genuine	0						
LOC129533438	MINPP1	genuine	0						
LOC129533438	MMP24OS	genuine	0						
LOC129533438	NCALD	genuine	0						
LOC129533438	NCR3LG1	genuine	0						
LOC129533438	NFXL1	genuine	0						
LOC129533438	OXCT1	genuine	0						
LOC129533438	PDCD5	genuine	0						
LOC129533438	SELENOP	genuine	0						
LOC129533438	SEM1	genuine	0						
LOC129533438	SMYD3	genuine	0						
LOC129533438	SPATA33	genuine	0						
LOC129533438	SPC25	genuine	0	0.1463	DN_NC_073224.2_219630924_4	DN_NC_073235.2_71373985_7	0.1855	0.4132	0.4132
LOC129533438	THNSL1	genuine	0						
LOC129533438	TMEM38B	genuine	0						
LOC129533438	TSPAN8	genuine	0						
LOC129533438	UCHL1	genuine	0						
LOC129533692	NREP	genuine	0	0.5490	DN_NC_073228.2_115483850_5	DN_NC_073228.2_115545008_4	0.1598	0.1687	0.1687
LOC129533739	TMEM87A	genuine	0	0.2791	DN_NC_073228.2_47938018_2	DN_NC_073240.2_43072375_7	0.3857	0.3017	0.3857
LOC129534465	LOC134756566	genuine	0	0.1570	DN_NC_073229.2_86209092_3	DN_NC_073234.2_71885470_2	0.1700	0.1878	0.1878
LOC129534465	LOC134757610	genuine	0	0.1549	DN_NC_073229.2_86209092_3	DN_NC_073243.2_86703688_5	0.1700	0.2300	0.2300
LOC129534552	LOC134756415	genuine	0	0.2201	DN_NC_073229.2_195378107_3	DN_NC_073241.2_110003031_5	0.4780	0.2616	0.4780
LOC129534552	LOC134757299	genuine	0						
LOC129534552	LOC134759133	genuine	0	0.4154	DN_NC_073229.2_195378107_3	DN_NC_073231.2_150902261_3	0.4780	0.4184	0.4780
LOC129534552	NDUFA8	genuine	0	0.1581	DN_NC_073229.2_195378107_3	DN_NC_073237.2_118498911_4	0.4780	0.1085	0.4780
LOC129534750	LRWD1	genuine	0						
LOC134756368	LOC134756753	TP	1	0.1553	DN_NC_073236.2_22549336_8	DN_NC_073236.2_23070420_5	0.2004	0.2222	0.2222
LOC134756368	LRPAP1	TP	1	0.1553	DN_NC_073227.2_12088225_8	DN_NC_073236.2_23070420_5	0.1260	0.2222	0.2222
LOC134756368	XRCC2	TP	0	0.4120	DN_NC_073230.2_161461454_2	DN_NC_073236.2_23070420_5	0.3377	0.2222	0.3377
LOC134756389	RABL2A	TP	1	0.2620	DN_NC_073231.2_151170137_9	DN_NC_073235.2_15131698_9	0.2178	0.2011	0.2178
LOC134756389	RABL2B	truthbar	1	0.9992	DN_NC_073231.2_151170137_9	DN_NC_086018.1_48818439_9	0.2178	0.0424	0.2178
LOC134756415	LOC134757299	genuine	0	0.1358	DN_NC_073240.2_103747497_4	DN_NC_073241.2_110003031_5	0.1185	0.2616	0.2616
LOC134756415	LOC134759133	genuine	0	0.1372	DN_NC_073231.2_150902261_3	DN_NC_073241.2_110003031_5	0.4184	0.2616	0.4184
LOC134756415	NDUFA8	genuine	0	0.2252	DN_NC_073237.2_118498911_4	DN_NC_073241.2_110003031_5	0.1085	0.2616	0.2616
LOC134756437	LOC134758712	TP	1	0.9993	DN_NC_073224.2_15783681_8	DN_NC_073224.2_19235747_8	0.0027	0.0034	0.0034
LOC134756437	LOC134758754	TP	1	1.0000	DN_NC_073224.2_19235747_8	DN_NC_073224.2_19344252_8	0.0034	0.0028	0.0034
LOC134756566	LOC134757610	genuine	0						
LOC134756589	LRFN5	genuine	0						
LOC134756589	MINPP1	genuine	0						
LOC134756589	MMP24OS	genuine	0						
LOC134756589	NCALD	genuine	0	0.1681	DN_NC_073231.2_107519754_4	DN_NC_073234.2_126370406_2	0.1799	0.4160	0.4160
LOC134756589	NCR3LG1	genuine	0	0.1674	DN_NC_073233.2_23732821_4	DN_NC_073234.2_126370406_2	0.1950	0.4160	0.4160
LOC134756589	NFXL1	genuine	0						
LOC134756589	OXCT1	genuine	0						
LOC134756589	PDCD5	genuine	0	0.3850	DN_NC_073234.2_126370406_2	DN_NC_073244.2_43610901_6	0.4160	0.4805	0.4805
LOC134756589	SELENOP	genuine	0						
LOC134756589	SEM1	genuine	0	0.1682	DN_NC_073230.2_92132360_3	DN_NC_073234.2_126370406_2	0.3708	0.4160	0.4160
LOC134756589	SMYD3	genuine	0						
LOC134756589	SPATA33	genuine	0						
LOC134756589	SPC25	genuine	0	0.2449	DN_NC_073234.2_126370406_2	DN_NC_073235.2_71373985_7	0.4160	0.4132	0.4160
LOC134756589	THNSL1	genuine	0						
LOC134756589	TMEM38B	genuine	0	0.1712	DN_NC_073234.2_126370406_2	DN_NC_073237.2_101948554_6	0.4160	0.3249	0.4160
LOC134756589	TSPAN8	genuine	0						
LOC134756589	UCHL1	genuine	0	0.1611	DN_NC_073227.2_49278079_9	DN_NC_073234.2_126370406_2	0.3524	0.4160	0.4160
LOC134756641	LOC134757208	genuine	0						
LOC134756641	LOC134758618	genuine	0	0.1582	DN_NC_073228.2_179980536_5	DN_NC_073235.2_41950647_3	0.3605	0.3036	0.3605
LOC134756641	TRHDE	genuine	0						
LOC134756641	ZNF80	genuine	0						
LOC134756666	OTULINL	genuine	0						
LOC134756743	TRNAQ-CUG	genuine	0	0.2798	DN_NC_073224.2_114480077_3	DN_NC_073224.2_115073534_2	0.3322	0.3065	0.3322
LOC134756753	LRPAP1	TP	1	0.3487	DN_NC_073227.2_12088225_8	DN_NC_073236.2_22549336_8	0.1260	0.2004	0.2004
LOC134756753	XRCC2	genuine	0						
LOC134756761	MKRN1	genuine	0						
LOC134756761	TIMM23B	genuine	0						
LOC134756761	TOR3A	genuine	0						
LOC134756761	TRAF5	genuine	0						
LOC134756859	LOC134759232	genuine	0						
LOC134756859	RAPH1	genuine	0	0.1939	DN_NC_073235.2_106111443_2	DN_NC_073237.2_32419572_2	0.7450	0.6242	0.7450
LOC134756922	NAP1L3	genuine	0						
LOC134756922	NDUFAF2	genuine	0	0.1374	DN_NC_073224.2_117217199_13	DN_NC_073243.2_49045190_4	0.2059	0.3612	0.3612
LOC134756922	NGLY1	genuine	0						
LOC134756922	RANBP6	genuine	0						
LOC134756922	SLC11A2	genuine	0						
LOC134756922	SOX30	genuine	0						
LOC134756955	ORC4	genuine	0						
LOC134756955	TCTN1	genuine	0						
LOC134757145	ZNF429	genuine	0	0.1412	DN_NC_073239.2_120173605_3	DN_NC_073244.2_27956142_2	0.1555	0.4615	0.4615
LOC134757208	LOC134758618	genuine	0	0.1366	DN_NC_073228.2_179980536_5	DN_NC_073239.2_28798849_2	0.3605	0.4567	0.4567
LOC134757208	TRHDE	genuine	0						
LOC134757208	ZNF80	genuine	0						
LOC134757216	TMEM128	genuine	0						
LOC134757257	PAQR5	genuine	0	0.2510	DN_NC_073240.2_70140109_8	DN_NC_073240.2_70243341_2	0.2484	0.2822	0.2822
LOC134757265	PDCD6IP	genuine	0						
LOC134757265	SDHAF3	genuine	0						
LOC134757299	LOC134759133	genuine	0	0.2123	DN_NC_073231.2_150902261_3	DN_NC_073240.2_103747497_4	0.4184	0.1185	0.4184
LOC134757299	NDUFA8	genuine	0	0.3256	DN_NC_073237.2_118498911_4	DN_NC_073240.2_103747497_4	0.1085	0.1185	0.1185
LOC134757313	MTHFD2L	genuine	0	0.6141	DN_NC_073227.2_94499432_2	DN_NC_073240.2_44461085_2	0.9497	0.8596	0.9497
LOC134757313	ZNF626	genuine	0						
LOC134757399	MCTP2	genuine	0						
LOC134757399	SLC25A12	genuine	0						
LOC134757399	SNX14	genuine	0						
LOC134757399	WDR64	genuine	0	0.2639	DN_NC_073224.2_13812644_2	DN_NC_073241.2_80636266_2	0.5624	0.8234	0.8234
LOC134757408	LOC134758214	genuine	0						
LOC134757427	LOC134757432	TP	0	0.3523	DN_NC_073242.2_15582850_2	DN_NC_073242.2_30609225_2	0.3358	0.3690	0.3690
LOC134757427	SNX29	genuine	0	0.1677	DN_NC_073242.2_15582850_2	DN_NC_073242.2_35192809_3	0.3358	0.1269	0.3358
LOC134757432	SNX29	genuine	0	0.1820	DN_NC_073242.2_30609335_2	DN_NC_073242.2_35192809_3	0.3380	0.1269	0.3380
LOC134757436	LOC134757438	genuine	0	0.8972	DN_NC_073242.2_65850805_2	DN_NC_073242.2_68751082_2	0.1390	0.1794	0.1794
LOC134757440	NOB1	genuine	0	0.2612	DN_NC_073242.2_98958086_2	DN_NC_073242.2_98974496_9	0.2149	0.0705	0.2149
LOC134757574	TXN	genuine	0	0.2520	DN_NC_073237.2_106488614_5	DN_NC_073243.2_19688237_2	0.0745	0.2148	0.2148
LOC134757969	LOC134758232	genuine	0						
LOC134757969	PGM3	genuine	0						
LOC134758217	RFPL3	TP	0	0.4228	DN_NC_086018.1_27470342_2	DN_NC_086018.1_30368542_3	0.1701	0.0534	0.1701
LOC134758217	RFPL4A	genuine	0						
LOC134758232	PGM3	genuine	0						
LOC134758331	VCF2	genuine	0						
LOC134758618	TRHDE	genuine	0	0.1990	DN_NC_073228.2_179980536_5	DN_NC_073234.2_87500533_19	0.3605	0.2247	0.3605
LOC134758618	ZNF80	genuine	0	0.1823	DN_NC_073228.2_179980536_5	DN_NC_086017.1_125108432_2	0.3605	0.3002	0.3605
LOC134758712	LOC134758754	TP	1	1.0000	DN_NC_073224.2_15783681_8	DN_NC_073224.2_19344252_8	0.0027	0.0028	0.0028
LOC134758719	PLGRKT	genuine	0						
LOC134758719	RHOT1	genuine	0						
LOC134758719	SERPINA3	genuine	0						
LOC134758719	SSBP1	genuine	0	0.1343	DN_NC_073229.2_43677378_4	DN_NC_073230.2_150857421_7	0.4013	0.3754	0.4013
LOC134759133	NDUFA8	genuine	0	0.1311	DN_NC_073231.2_150902261_3	DN_NC_073237.2_118498911_4	0.4184	0.1085	0.4184
LOC134759232	RAPH1	genuine	0	0.1719	DN_NC_073232.2_108139494_4	DN_NC_073235.2_106111443_2	0.3956	0.7450	0.7450
LRFN5	MINPP1	genuine	0						
LRFN5	MMP24OS	genuine	0						
LRFN5	NCALD	genuine	0						
LRFN5	NCR3LG1	genuine	0						
LRFN5	NFXL1	genuine	0						
LRFN5	OXCT1	genuine	0						
LRFN5	PDCD5	genuine	0	0.2625	DN_NC_073239.2_14838701_6	DN_NC_073244.2_43610901_6	0.1970	0.4805	0.4805
LRFN5	SELENOP	genuine	0						
LRFN5	SEM1	genuine	0	0.1687	DN_NC_073230.2_92132360_3	DN_NC_073239.2_14838701_6	0.3708	0.1970	0.3708
LRFN5	SMYD3	genuine	0						
LRFN5	SPATA33	genuine	0						
LRFN5	SPC25	genuine	0	0.1346	DN_NC_073235.2_71373985_7	DN_NC_073239.2_14838701_6	0.4132	0.1970	0.4132
LRFN5	THNSL1	genuine	0						
LRFN5	TMEM38B	genuine	0						
LRFN5	TSPAN8	genuine	0						
LRFN5	UCHL1	genuine	0						
LRP5	LRP6	truthbar	1	0.2047	DN_NC_073233.2_76234750_23	DN_NC_073234.2_27515614_23	0.0497	0.0604	0.0604
LRPAP1	XRCC2	genuine	0						
LRRC8A	LRRC8E	truthbar	1	0.2790	DN_NC_073237.2_125291669_2	DN_NC_073244.2_13768230_3	0.0549	0.0654	0.0654
LTB4R2	NOP9	genuine	0	0.2625	DN_NC_073239.2_32339840_6	DN_NC_073239.2_32342111_10	0.0245	0.0400	0.0400
LYSMD1	SCNM1	genuine	0	0.5832	DN_NC_073224.2_105669663_7	DN_NC_073224.2_105672200_3	0.0327	0.0899	0.0899
MAGEA1	MAGEA10	truthbar	1	0.3552	DN_NC_073247.2_163809311_4	DN_NC_073247.2_164861277_3	0.3557	0.0754	0.3557
MAGEA1	MAGEA12	truthbar	1	0.4572	DN_NC_073247.2_164405406_2	DN_NC_073247.2_164861277_3	0.1964	0.0754	0.1964
MAGEA1	MAGEA4	truthbar	1	0.2640	DN_NC_073247.2_163590486_3	DN_NC_073247.2_164861277_3	0.0621	0.0754	0.0754
MAGEA1	MAGEA9	truthbar	1	0.3532	DN_NC_073247.2_161458538_3	DN_NC_073247.2_164861277_3	0.0772	0.0754	0.0772
MAGEA1	MAGEB1	truthbar	1						
MAGEA1	MAGEB2	truthbar	1						
MAGEA1	MAGEB3	truthbar	1						
MAGEA1	MAGEB6	truthbar	1						
MAGEA1	MAGEB6B	truthbar	1						
MAGEA10	MAGEA12	truthbar	1						
MAGEA10	MAGEA4	truthbar	1	0.2370	DN_NC_073247.2_163590486_3	DN_NC_073247.2_163809311_4	0.0621	0.3557	0.3557
MAGEA10	MAGEA9	truthbar	1	0.3453	DN_NC_073247.2_161458538_3	DN_NC_073247.2_163809311_4	0.0772	0.3557	0.3557
MAGEA10	MAGEB1	truthbar	1						
MAGEA10	MAGEB2	truthbar	1						
MAGEA10	MAGEB3	truthbar	1						
MAGEA10	MAGEB6	truthbar	1						
MAGEA10	MAGEB6B	truthbar	1						
MAGEA12	MAGEA4	truthbar	1	0.2573	DN_NC_073247.2_163590486_3	DN_NC_073247.2_164405406_2	0.0621	0.1964	0.1964
MAGEA12	MAGEA9	truthbar	1	0.3850	DN_NC_073247.2_161458538_3	DN_NC_073247.2_164407414_2	0.0772	0.0680	0.0772
MAGEA12	MAGEB1	truthbar	1						
MAGEA12	MAGEB2	truthbar	1						
MAGEA12	MAGEB3	truthbar	1						
MAGEA12	MAGEB6	truthbar	1						
MAGEA12	MAGEB6B	truthbar	1	0.1656	DN_NC_073247.2_164407414_2	DN_NC_073247.2_36669088_2	0.0680	0.0620	0.0680
MAGEA4	MAGEA9	truthbar	1	0.2237	DN_NC_073247.2_161458538_3	DN_NC_073247.2_163590486_3	0.0772	0.0621	0.0772
MAGEA4	MAGEB1	truthbar	1						
MAGEA4	MAGEB2	truthbar	1						
MAGEA4	MAGEB3	truthbar	1						
MAGEA4	MAGEB6	truthbar	1						
MAGEA4	MAGEB6B	truthbar	1						
MAGEA9	MAGEB1	truthbar	1						
MAGEA9	MAGEB2	truthbar	1						
MAGEA9	MAGEB3	truthbar	1						
MAGEA9	MAGEB6	truthbar	1						
MAGEA9	MAGEB6B	truthbar	1						
MAGEB1	MAGEB2	truthbar	1	0.3903	DN_NC_073247.2_40732536_2	DN_NC_073247.2_40764337_2	0.2316	0.0935	0.2316
MAGEB1	MAGEB3	truthbar	1	0.3961	DN_NC_073247.2_40747465_5	DN_NC_073247.2_40764337_2	0.1428	0.0935	0.1428
MAGEB1	MAGEB6	truthbar	1	0.3695	DN_NC_073247.2_36702175_2	DN_NC_073247.2_40764337_2	0.0629	0.0935	0.0935
MAGEB1	MAGEB6B	truthbar	1	0.3678	DN_NC_073247.2_36669088_2	DN_NC_073247.2_40764337_2	0.0620	0.0935	0.0935
MAGEB2	MAGEB3	truthbar	1						
MAGEB2	MAGEB6	truthbar	1						
MAGEB2	MAGEB6B	truthbar	1	0.3524	DN_NC_073247.2_36669088_2	DN_NC_073247.2_40731967_2	0.0620	0.0885	0.0885
MAGEB3	MAGEB6	truthbar	1						
MAGEB3	MAGEB6B	truthbar	1						
MAGEB6	MAGEB6B	TP	1	0.4114	DN_NC_073247.2_36669088_2	DN_NC_073247.2_36702175_2	0.0620	0.0629	0.0629
MAGOH	MAGOHB	truthbar	1	0.7301	DN_NC_073224.2_186733859_5	DN_NC_073234.2_26006928_5	0.0407	0.1136	0.1136
MAOA	MAOB	truthbar	1	0.5383	DN_NC_073247.2_54047427_15	DN_NC_073247.2_54163080_15	0.0624	0.0172	0.0624
MAP2K1	MAP2K2	truthbar	1	0.4937	DN_NC_073240.2_67174761_11	DN_NC_073244.2_9875870_11	0.0641	0.0581	0.0641
MAPKAPK2	MAPKAPK3	truthbar	1	0.1906	DN_NC_073224.2_50024137_10	DN_NC_086017.1_60479047_11	0.1071	0.0591	0.1071
MCTP2	SLC25A12	genuine	0						
MCTP2	SNX14	genuine	0						
MCTP2	WDR64	genuine	0	0.1736	DN_NC_073224.2_13812644_2	DN_NC_073240.2_95564610_15	0.5624	0.1874	0.5624
MED22	RPL21	genuine	0	0.3318	DN_NC_073237.2_129717495_4	DN_NC_073238.2_41579503_4	0.1083	0.1912	0.1912
MED31	TXNDC17	genuine	0	0.7865	DN_NC_073243.2_21779153_4	DN_NC_073243.2_21780781_4	0.1101	0.1077	0.1101
MEIS1	MEIS2	truthbar	1	0.2213	DN_NC_073236.2_73173266_13	DN_NC_073240.2_37591091_13	0.1253	0.1700	0.1700
METTL2A	METTL2B	TP	1	0.2097	DN_NC_073228.2_29619142_9	DN_NC_073230.2_137552467_7	0.4419	0.4239	0.4419
MEX3B	MEX3C	truthbar	1	0.1622	DN_NC_073240.2_83447932_2	DN_NC_073241.2_80464602_2	0.1302	0.0977	0.1302
MICAL2	MICAL3	truthbar	1	0.2787	DN_NC_073233.2_18540673_22	DN_NC_086018.1_15884108_19	0.0376	0.0989	0.0989
MIF4GD	MRPS7	genuine	0	0.5530	DN_NC_073228.2_16703728_6	DN_NC_073228.2_16706128_5	0.0721	0.1671	0.1671
MINPP1	MMP24OS	genuine	0						
MINPP1	NCALD	genuine	0						
MINPP1	NCR3LG1	genuine	0						
MINPP1	NFXL1	genuine	0						
MINPP1	OXCT1	genuine	0						
MINPP1	PDCD5	genuine	0						
MINPP1	SELENOP	genuine	0						
MINPP1	SEM1	genuine	0						
MINPP1	SMYD3	genuine	0						
MINPP1	SPATA33	genuine	0						
MINPP1	SPC25	genuine	0	0.2368	DN_NC_073232.2_99830035_5	DN_NC_073235.2_71373985_7	0.2283	0.4132	0.4132
MINPP1	THNSL1	genuine	0						
MINPP1	TMEM38B	genuine	0						
MINPP1	TSPAN8	genuine	0						
MINPP1	UCHL1	genuine	0						
MKRN1	TIMM23B	genuine	0						
MKRN1	TOR3A	genuine	0						
MKRN1	TRAF5	genuine	0						
MKRN2	RAF1	genuine	0	0.4747	DN_NC_086017.1_22368298_8	DN_NC_086017.1_22395793_17	0.0591	0.0624	0.0624
MMP24OS	NCALD	genuine	0						
MMP24OS	NCR3LG1	genuine	0						
MMP24OS	NFXL1	genuine	0						
MMP24OS	OXCT1	genuine	0						
MMP24OS	PDCD5	genuine	0	0.2092	DN_NC_073244.2_43610901_6	DN_NC_073245.2_47429376_4	0.4805	0.4603	0.4805
MMP24OS	SELENOP	genuine	0						
MMP24OS	SEM1	genuine	0						
MMP24OS	SMYD3	genuine	0						
MMP24OS	SPATA33	genuine	0						
MMP24OS	SPC25	TP	0	0.1956	DN_NC_073235.2_71373985_7	DN_NC_073245.2_47429376_4	0.4132	0.4603	0.4603
MMP24OS	THNSL1	genuine	0	0.1587	DN_NC_073232.2_34013134_3	DN_NC_073245.2_47429376_4	0.3464	0.4603	0.4603
MMP24OS	TMEM38B	genuine	0						
MMP24OS	TSPAN8	genuine	0						
MMP24OS	UCHL1	genuine	0						
MORC2	OSBP	genuine	0						
MORC2	OSBP2	genuine	0						
MOV10	RHOC	genuine	0	0.5360	DN_NC_073224.2_126184593_6	DN_NC_073224.2_126189262_21	0.0403	0.0522	0.0522
MPDU1	MPDU1-AS1	TP	0	0.6061	DN_NC_073243.2_22727924_2	DN_NC_073243.2_22729136_7	0.0507	0.0778	0.0778
MPHOSPH8	SVBP	genuine	0	0.3398	DN_NC_073224.2_197128142_3	DN_NC_073238.2_33904146_3	0.3829	0.5102	0.5102
MRFAP1	MRFAP1L1	truthbar	1	0.2445	DN_NC_073227.2_14699796_2	DN_NC_073227.2_14766891_2	0.1065	0.0502	0.1065
MRNIP	SQSTM1	genuine	0	0.4846	DN_NC_073228.2_183798210_8	DN_NC_073228.2_183812935_7	0.0687	0.0000	0.0687
MSN	RDX	truthbar	1	0.2990	DN_NC_073233.2_118106361_14	DN_NC_073247.2_77369372_13	0.1910	0.0484	0.1910
MTA2	MTA3	truthbar	1	0.2185	DN_NC_073233.2_70511026_18	DN_NC_073236.2_97058333_14	0.0612	0.1920	0.1920
MTERF4	SNED1	genuine	0	0.4225	DN_NC_073235.2_143720615_16	DN_NC_073235.2_143747819_4	0.0573	0.1900	0.1900
MTHFD2	MTHFD2L	truthbar	1	0.3803	DN_NC_073227.2_94411155_8	DN_NC_073236.2_65566893_8	0.1616	0.2727	0.2727
MTHFD2	PRKAR2A	genuine	0	0.1367	DN_NC_073236.2_65566893_8	DN_NC_086017.1_58705155_2	0.2727	0.6819	0.6819
MTHFD2	PRKAR2B	genuine	0						
MTHFD2L	PRKAR2A	genuine	0						
MTHFD2L	PRKAR2B	genuine	0						
MTHFD2L	ZNF626	genuine	0						
MTHFS	SLAIN2	genuine	0	0.1382	DN_NC_073227.2_56356744_8	DN_NC_073240.2_81300329_3	0.1648	0.0878	0.1648
MTREX	PLPP1	genuine	0	0.2921	DN_NC_073243.2_54697918_6	DN_NC_073243.2_54805899_27	0.1406	0.1739	0.1739
MX1	MX2	truthbar	1	0.3726	DN_NC_073246.2_43257837_14	DN_NC_073246.2_43317314_17	0.1430	0.0589	0.1430
MYH1	MYH15	truthbar	1	0.2803	DN_NC_073243.2_25770609_26	DN_NC_086017.1_119256163_19	0.0605	0.0641	0.0641
MYH1	MYH7B	truthbar	1	0.3012	DN_NC_073243.2_25770609_26	DN_NC_073245.2_47207807_14	0.0605	0.0719	0.0719
MYH1	MYH8	truthbar	1	0.9443	DN_NC_073243.2_25668904_14	DN_NC_073243.2_25770609_26	0.0836	0.0605	0.0836
MYH11	MYH14	truthbar	1						
MYH11	MYH9	truthbar	1	0.4867	DN_NC_073242.2_30207983_41	DN_NC_086018.1_34278584_41	0.0788	0.0628	0.0788
MYH14	MYH9	truthbar	1	0.2143	DN_NC_073244.2_62231648_10	DN_NC_086018.1_34278584_41	0.1222	0.0628	0.1222
MYH15	MYH7B	truthbar	1						
MYH15	MYH8	truthbar	1						
MYH7B	MYH8	truthbar	1	0.5460	DN_NC_073243.2_25668904_14	DN_NC_073245.2_47207807_14	0.0836	0.0719	0.0836
MYL6	MYL6B	truthbar	1	0.3428	DN_NC_073234.2_45204849_7	DN_NC_073234.2_45208389_7	0.0000	0.0685	0.0685
MYO1E	MYO1F	truthbar	1	0.5447	DN_NC_073240.2_59906966_28	DN_NC_073244.2_14389457_28	0.1123	0.0286	0.1123
MZF1	ZNF205	genuine	0						
MZF1	ZNF317	genuine	0						
MZF1	ZNF324	genuine	0						
MZF1	ZNF324B	genuine	0						
MZF1	ZNF497	truthbar	1						
MZF1	ZNF572	genuine	0						
MZF1	ZNF629	genuine	0						
MZF1	ZNF672	genuine	0						
MZF1	ZNF696	genuine	0						
MZF1	ZNF697	genuine	0						
MZF1	ZNF71	genuine	0						
MZF1	ZNF74	genuine	0						
MZF1	ZNF768	genuine	0						
MZF1	ZNF771	genuine	0	0.1973	DN_NC_073242.2_36121013_3	DN_NC_073244.2_70659480_6	0.0406	0.0151	0.0406
MZF1	ZNF774	genuine	0						
MZF1	ZNF835	genuine	0						
NAA10	NAA11	truthbar	1	0.3162	DN_NC_073227.2_99578163_2	DN_NC_073247.2_165620510_8	0.2465	0.0614	0.2465
NAA15	NAA16	truthbar	1	0.3287	DN_NC_073227.2_160095836_15	DN_NC_073238.2_55588931_20	0.1243	0.1445	0.1445
NAP1L3	NDUFAF2	genuine	0	0.2146	DN_NC_073243.2_49045190_4	DN_NC_073247.2_105439613_2	0.3612	0.3269	0.3612
NAP1L3	NGLY1	genuine	0						
NAP1L3	RANBP6	genuine	0						
NAP1L3	SLC11A2	genuine	0						
NAP1L3	SOX30	genuine	0	0.1704	DN_NC_073228.2_161454333_5	DN_NC_073247.2_105439613_2	0.1535	0.3269	0.3269
NCALD	NCR3LG1	genuine	0						
NCALD	NFXL1	genuine	0						
NCALD	OXCT1	genuine	0						
NCALD	PDCD5	genuine	0	0.3723	DN_NC_073231.2_107519754_4	DN_NC_073244.2_43610901_6	0.1799	0.4805	0.4805
NCALD	SELENOP	genuine	0						
NCALD	SEM1	genuine	0	0.1759	DN_NC_073230.2_92132360_3	DN_NC_073231.2_107519754_4	0.3708	0.1799	0.3708
NCALD	SMYD3	genuine	0						
NCALD	SPATA33	genuine	0						
NCALD	SPC25	genuine	0	0.2412	DN_NC_073231.2_107519754_4	DN_NC_073235.2_71373985_7	0.1799	0.4132	0.4132
NCALD	THNSL1	genuine	0						
NCALD	TMEM38B	genuine	0						
NCALD	TSPAN8	genuine	0						
NCALD	UCHL1	genuine	0						
NCR3LG1	NFXL1	genuine	0						
NCR3LG1	OXCT1	genuine	0						
NCR3LG1	PDCD5	genuine	0	0.3755	DN_NC_073233.2_23732821_4	DN_NC_073244.2_43610901_6	0.1950	0.4805	0.4805
NCR3LG1	SELENOP	genuine	0						
NCR3LG1	SEM1	genuine	0	0.1749	DN_NC_073230.2_92132360_3	DN_NC_073233.2_23732821_4	0.3708	0.1950	0.3708
NCR3LG1	SMYD3	genuine	0						
NCR3LG1	SPATA33	genuine	0						
NCR3LG1	SPC25	genuine	0	0.2426	DN_NC_073233.2_23732821_4	DN_NC_073235.2_71373985_7	0.1950	0.4132	0.4132
NCR3LG1	THNSL1	genuine	0						
NCR3LG1	TMEM38B	genuine	0						
NCR3LG1	TSPAN8	genuine	0						
NCR3LG1	UCHL1	genuine	0						
NDST1	NDST2	truthbar	1	0.3070	DN_NC_073228.2_154339565_7	DN_NC_073232.2_41941662_15	0.0654	0.0296	0.0654
NDUFA2	TMCO6	genuine	0	0.4304	DN_NC_073228.2_144488767_12	DN_NC_073228.2_144494736_3	0.1714	0.0752	0.1714
NDUFAF2	NGLY1	genuine	0						
NDUFAF2	RANBP6	genuine	0	0.1516	DN_NC_073237.2_58341083_8	DN_NC_073243.2_49045190_4	0.2690	0.3612	0.3612
NDUFAF2	SLC11A2	genuine	0	0.2155	DN_NC_073234.2_50306180_17	DN_NC_073243.2_49045190_4	0.2524	0.3612	0.3612
NDUFAF2	SOX30	genuine	0						
NDUFB6	SMIM27	genuine	0	0.6866	DN_NC_073237.2_30511420_2	DN_NC_073237.2_30512124_4	0.3069	0.2330	0.3069
NFS1	ROMO1	genuine	0	0.2617	DN_NC_073245.2_47878766_13	DN_NC_073245.2_47908723_3	0.0962	0.0120	0.0962
NFXL1	OXCT1	genuine	0						
NFXL1	PDCD5	genuine	0	0.2204	DN_NC_073227.2_55859426_23	DN_NC_073244.2_43610901_6	0.2162	0.4805	0.4805
NFXL1	SELENOP	genuine	0						
NFXL1	SEM1	genuine	0	0.1528	DN_NC_073227.2_55859426_23	DN_NC_073230.2_92132360_3	0.2162	0.3708	0.3708
NFXL1	SMYD3	genuine	0						
NFXL1	SPATA33	genuine	0						
NFXL1	SPC25	genuine	0	0.1324	DN_NC_073227.2_55859426_23	DN_NC_073235.2_71373985_7	0.2162	0.4132	0.4132
NFXL1	THNSL1	genuine	0						
NFXL1	TMEM38B	genuine	0						
NFXL1	TSPAN8	genuine	0						
NFXL1	UCHL1	genuine	0						
NGLY1	RANBP6	genuine	0						
NGLY1	SLC11A2	genuine	0						
NGLY1	SOX30	genuine	0						
NHP2	RMND5B	genuine	0	0.4336	DN_NC_073228.2_181756447_11	DN_NC_073228.2_181772207_4	0.0555	0.0414	0.0555
NKIRAS1	UBE2E1	TP	0	0.6902	DN_NC_086017.1_33635296_6	DN_NC_086017.1_33716761_5	0.1431	0.1667	0.1667
NLRP2	NLRP7	TP	1	0.3935	DN_NC_073244.2_66923641_8	DN_NC_073244.2_66965840_13	0.0426	0.0491	0.0491
NMUR1	NMUR2	truthbar	1	0.2429	DN_NC_073228.2_156235200_4	DN_NC_073235.2_134247998_3	0.0933	0.1829	0.1829
NR2F1	NR2F2	truthbar	1	0.4729	DN_NC_073228.2_97705476_2	DN_NC_073240.2_97547891_3	0.1751	0.1807	0.1807
NR4A1	NR4A2	truthbar	1	0.1601	DN_NC_073234.2_49287598_7	DN_NC_073235.2_58805487_6	0.0703	0.1300	0.1300
NT5C1B	RDH14	genuine	0	0.7240	DN_NC_073236.2_121320001_9	DN_NC_073236.2_121349000_3	0.0603	0.0651	0.0651
NUAK1	NUAK2	truthbar	1	0.2171	DN_NC_073224.2_51430719_7	DN_NC_073234.2_121481999_7	0.1207	0.0631	0.1207
NUPR2	PSPH	genuine	0						
OGDH	OGDHL	truthbar	1	0.5508	DN_NC_073230.2_52428682_23	DN_NC_073232.2_66124270_23	0.0521	0.0182	0.0521
OPA3	USP54	genuine	0	0.1432	DN_NC_073232.2_42152672_3	DN_NC_073244.2_57062895_2	0.3881	0.4111	0.4111
ORC4	TCTN1	genuine	0						
OSBP	OSBP2	truthbar	1	0.1508	DN_NC_073233.2_67344582_15	DN_NC_086018.1_28714522_15	0.0860	0.0584	0.0860
OSBPL10	ZNF141	genuine	0						
OSBPL10	ZNF195	genuine	0	0.1616	DN_NC_073233.2_9788172_5	DN_NC_086017.1_41849524_2	0.2339	0.2669	0.2669
OSBPL10	ZNF254	genuine	0						
OSBPL10	ZNF267	genuine	0	0.2137	DN_NC_073242.2_37386128_4	DN_NC_086017.1_41849524_2	0.2710	0.2669	0.2710
OSBPL10	ZNF273	genuine	0						
OSBPL10	ZNF28	genuine	0						
OSBPL10	ZNF347	genuine	0						
OSBPL10	ZNF415	genuine	0	0.4218	DN_NC_073244.2_65046428_2	DN_NC_086017.1_41849470_3	0.1755	0.2556	0.2556
OSBPL10	ZNF429	genuine	0	0.2284	DN_NC_073244.2_27956158_4	DN_NC_086017.1_41849524_2	0.5461	0.2669	0.5461
OSBPL10	ZNF43	genuine	0						
OSBPL10	ZNF430	genuine	0						
OSBPL10	ZNF468	genuine	0						
OSBPL10	ZNF480	genuine	0						
OSBPL10	ZNF486	genuine	0						
OSBPL10	ZNF506	genuine	0						
OSBPL10	ZNF519	genuine	0	0.1496	DN_NC_073241.2_36126183_3	DN_NC_086017.1_41849524_2	0.1960	0.2669	0.2669
OSBPL10	ZNF528	genuine	0	0.2325	DN_NC_073244.2_64368633_7	DN_NC_086017.1_41849524_2	0.2537	0.2669	0.2669
OSBPL10	ZNF578	genuine	0	0.1490	DN_NC_073244.2_64426370_6	DN_NC_086017.1_41849524_2	0.4463	0.2669	0.4463
OSBPL10	ZNF595	genuine	0	0.2011	DN_NC_073227.2_8633416_4	DN_NC_086017.1_41849470_3	0.5220	0.2556	0.5220
OSBPL10	ZNF600	genuine	0	0.1623	DN_NC_073244.2_64724127_4	DN_NC_086017.1_41849524_2	0.3339	0.2669	0.3339
OSBPL10	ZNF611	genuine	0						
OSBPL10	ZNF616	genuine	0						
OSBPL10	ZNF626	genuine	0						
OSBPL10	ZNF655	genuine	0						
OSBPL10	ZNF675	genuine	0						
OSBPL10	ZNF678	genuine	0						
OSBPL10	ZNF680	genuine	0						
OSBPL10	ZNF681	genuine	0						
OSBPL10	ZNF682	genuine	0	0.1763	DN_NC_073244.2_26470366_4	DN_NC_086017.1_41849524_2	0.3255	0.2669	0.3255
OSBPL10	ZNF695	genuine	0						
OSBPL10	ZNF701	genuine	0						
OSBPL10	ZNF721	genuine	0						
OSBPL10	ZNF723	genuine	0						
OSBPL10	ZNF727	genuine	0						
OSBPL10	ZNF736	genuine	0						
OSBPL10	ZNF761	genuine	0						
OSBPL10	ZNF766	genuine	0	0.1617	DN_NC_073244.2_64231369_4	DN_NC_086017.1_41849470_3	0.2784	0.2556	0.2784
OSBPL10	ZNF8	genuine	0						
OSBPL10	ZNF808	genuine	0	0.2029	DN_NC_073244.2_64500861_5	DN_NC_086017.1_41849524_2	0.4373	0.2669	0.4373
OSBPL10	ZNF813	genuine	0						
OSBPL10	ZNF83	genuine	0	0.3938	DN_NC_073244.2_64585864_4	DN_NC_086017.1_41849524_2	0.3038	0.2669	0.3038
OSBPL10	ZNF836	genuine	0	0.2562	DN_NC_073244.2_64125568_5	DN_NC_086017.1_41849470_3	0.4107	0.2556	0.4107
OSBPL10	ZNF841	genuine	0	0.2787	DN_NC_073244.2_64034715_7	DN_NC_086017.1_41849524_2	0.3325	0.2669	0.3325
OSBPL10	ZNF888	genuine	0	0.1731	DN_NC_073244.2_64860608_4	DN_NC_086017.1_41849524_2	0.4244	0.2669	0.4244
OSBPL10	ZNF91	genuine	0	0.2787	DN_NC_073244.2_29680825_4	DN_NC_086017.1_41849524_2	0.4948	0.2669	0.4948
OSBPL10	ZNF92	genuine	0						
OXCT1	PDCD5	genuine	0	0.2761	DN_NC_073243.2_70014918_17	DN_NC_073244.2_43610901_6	0.1710	0.4805	0.4805
OXCT1	SELENOP	genuine	0						
OXCT1	SEM1	genuine	0						
OXCT1	SMYD3	genuine	0						
OXCT1	SPATA33	genuine	0						
OXCT1	SPC25	genuine	0	0.2301	DN_NC_073235.2_71373985_7	DN_NC_073243.2_70014918_17	0.4132	0.1710	0.4132
OXCT1	THNSL1	genuine	0						
OXCT1	TMEM38B	genuine	0						
OXCT1	TSPAN8	genuine	0						
OXCT1	UCHL1	genuine	0						
P4HA1	RPL17	genuine	0	0.1526	DN_NC_073232.2_42645510_15	DN_NC_073241.2_78772517_7	0.1918	0.1157	0.1918
PACSIN1	PACSIN2	truthbar	1	0.2781	DN_NC_073229.2_52271806_8	DN_NC_086018.1_40865904_11	0.0671	0.0441	0.0671
PASD1	RTP4	genuine	0						
PBX1	PBX2	truthbar	1	0.1828	DN_NC_073224.2_91906991_7	DN_NC_073229.2_49774005_9	0.1743	0.1831	0.1831
PCBP2	PCBP3	truthbar	1	0.2660	DN_NC_073234.2_47868349_14	DN_NC_073246.2_47506574_18	0.0951	0.0338	0.0951
PCDHB15	PCDHB16	truthbar	1	0.4570	DN_NC_073228.2_145022553_2	DN_NC_073228.2_145079904_2	0.2626	0.1050	0.2626
PCDHB15	PCDHB2	truthbar	1	0.6808	DN_NC_073228.2_144930638_2	DN_NC_073228.2_145079893_2	0.1865	0.0523	0.1865
PCDHB15	PCDHB5	truthbar	1	0.2448	DN_NC_073228.2_144970572_2	DN_NC_073228.2_145079904_2	0.2793	0.1050	0.2793
PCDHB16	PCDHB2	truthbar	1	0.4810	DN_NC_073228.2_144930567_2	DN_NC_073228.2_145022553_2	0.1763	0.2626	0.2626
PCDHB16	PCDHB5	truthbar	1	0.4830	DN_NC_073228.2_144970572_2	DN_NC_073228.2_145022553_2	0.2793	0.2626	0.2793
PCDHB2	PCDHB5	truthbar	1	0.3103	DN_NC_073228.2_144930567_2	DN_NC_073228.2_144970572_2	0.1763	0.2793	0.2793
PDCD5	SELENOP	genuine	0	0.2546	DN_NC_073243.2_69046517_5	DN_NC_073244.2_43610901_6	0.2890	0.4805	0.4805
PDCD5	SEM1	genuine	0	0.2609	DN_NC_073230.2_92132360_3	DN_NC_073244.2_43610901_6	0.3708	0.4805	0.4805
PDCD5	SMYD3	genuine	0						
PDCD5	SPATA33	genuine	0	0.3675	DN_NC_073242.2_120248671_3	DN_NC_073244.2_43610901_6	0.2722	0.4805	0.4805
PDCD5	SPC25	genuine	0	0.2625	DN_NC_073235.2_71373985_7	DN_NC_073244.2_43610901_6	0.4132	0.4805	0.4805
PDCD5	THNSL1	genuine	0	0.2872	DN_NC_073232.2_34013134_3	DN_NC_073244.2_43610901_6	0.3464	0.4805	0.4805
PDCD5	TMEM38B	genuine	0	0.3787	DN_NC_073237.2_101948554_6	DN_NC_073244.2_43610901_6	0.3249	0.4805	0.4805
PDCD5	TSPAN8	genuine	0	0.2514	DN_NC_073234.2_86426177_10	DN_NC_073244.2_43610901_6	0.3965	0.4805	0.4805
PDCD5	UCHL1	genuine	0	0.3683	DN_NC_073227.2_49278079_9	DN_NC_073244.2_43610901_6	0.3524	0.4805	0.4805
PDCD6IP	SDHAF3	genuine	0						
PDE4A	PDE4D	truthbar	1	0.3556	DN_NC_073243.2_51178324_11	DN_NC_073244.2_16453836_16	0.1535	0.0688	0.1535
PDIA3	PRKAB2	genuine	0	0.4240	DN_NC_073224.2_114825986_4	DN_NC_073240.2_44556092_13	0.1697	0.1334	0.1697
PDPR	PSMD7	genuine	0						
PDZD4	PDZRN3	truthbar	1	0.1321	DN_NC_073247.2_165490291_8	DN_NC_086017.1_83275067_10	0.0630	0.0632	0.0632
PFKFB3	PFKFB4	truthbar	1	0.2039	DN_NC_073232.2_15175774_15	DN_NC_086017.1_58383797_14	0.0517	0.0338	0.0517
PFKL	PFKM	truthbar	1	0.3594	DN_NC_073234.2_53131451_25	DN_NC_073246.2_46134650_22	0.0917	0.0409	0.0917
PFKL	PFKP	truthbar	1	0.4324	DN_NC_073232.2_12004654_22	DN_NC_073246.2_46134650_22	0.0131	0.0409	0.0409
PFKM	PFKP	truthbar	1	0.2673	DN_NC_073232.2_12004654_22	DN_NC_073234.2_53131451_25	0.0131	0.0917	0.0917
PGAM1	PGAM2	truthbar	1	0.8589	DN_NC_073230.2_51889040_3	DN_NC_073232.2_109704136_4	0.0459	0.0415	0.0459
PIP4K2B	PIP4K2C	truthbar	1	0.1395	DN_NC_073228.2_53674812_10	DN_NC_073234.2_43758373_10	0.0737	0.1013	0.1013
PJA1	PJA2	truthbar	1	0.1916	DN_NC_073228.2_113136254_10	DN_NC_073247.2_80936309_3	0.1164	0.0394	0.1164
PLGRKT	RHOT1	genuine	0						
PLGRKT	SERPINA3	genuine	0						
PLGRKT	SSBP1	genuine	0						
PLXNB1	PLXNB2	truthbar	1	0.1986	DN_NC_086017.1_58271357_16	DN_NC_086018.1_48324966_37	0.0300	0.0121	0.0300
PLXNB1	PLXND1	truthbar	1	0.1893	DN_NC_086017.1_140746758_18	DN_NC_086017.1_58271357_16	0.0342	0.0300	0.0342
PLXNB2	PLXND1	truthbar	1						
PNMA6E	PNMA6F	truthbar	1	0.2383	DN_NC_073247.2_165002679_2	DN_NC_073247.2_165081266_2	0.0288	0.0378	0.0378
PNPLA6	PNPLA7	truthbar	1	0.3359	DN_NC_073237.2_133885482_35	DN_NC_073244.2_13399581_32	0.0306	0.0194	0.0306
POLR2D	RPS26	genuine	0	0.1330	DN_NC_073234.2_45319542_4	DN_NC_073235.2_29394327_4	0.3473	0.3672	0.3672
POLR2D	WDR55	genuine	0						
POM121	POM121C	TP	1	0.3818	DN_NC_073230.2_82390460_3	DN_NC_073230.2_84208466_3	0.0742	0.0749	0.0749
PP2D1	RAB5A	genuine	0	0.4931	DN_NC_086017.1_29787177_6	DN_NC_086017.1_29831691_3	0.3516	0.1262	0.3516
PPP1CA	PPP1CC	truthbar	1	0.6271	DN_NC_073233.2_75326481_7	DN_NC_073234.2_126131834_7	0.0394	0.0670	0.0670
PPP1R15A	SURF6	genuine	0						
PPP2CA	PPP2CB	truthbar	1	0.5792	DN_NC_073228.2_138094944_7	DN_NC_073231.2_35021307_7	0.2075	0.0895	0.2075
PPP2R2C	PPP2R2D	truthbar	1	0.2643	DN_NC_073227.2_14847068_10	DN_NC_073232.2_144274206_9	0.1069	0.0609	0.1069
PPP2R5B	PPP2R5D	truthbar	1	0.2668	DN_NC_073229.2_60778300_16	DN_NC_073233.2_72823864_14	0.0647	0.0235	0.0647
PRKAR2A	PRKAR2B	truthbar	1	0.2434	DN_NC_073230.2_115994887_11	DN_NC_086017.1_58612310_12	0.1592	0.1019	0.1592
PRKCI	PRKCZ	truthbar	1	0.1651	DN_NC_073224.2_239070568_18	DN_NC_086017.1_181307962_18	0.0347	0.2236	0.2236
PRKD1	PRKD3	truthbar	1	0.2875	DN_NC_073236.2_102496314_19	DN_NC_073239.2_26918461_17	0.0860	0.0495	0.0860
PRPS1	PRPS2	truthbar	1	0.3813	DN_NC_073247.2_119410020_7	DN_NC_073247.2_23260131_7	0.0305	0.0964	0.0964
PTPN11	PTPN6	truthbar	1	0.1367	DN_NC_073234.2_127819985_16	DN_NC_073234.2_22604826_16	0.1411	0.0004	0.1411
PTPRA	PTPRE	truthbar	1	0.2594	DN_NC_073232.2_140203810_21	DN_NC_073245.2_12872093_19	0.1468	0.0771	0.1468
PTPRF	PTPRS	truthbar	1	0.4497	DN_NC_073224.2_196323176_17	DN_NC_073244.2_10996541_7	0.0640	0.1010	0.1010
PUM1	PUM2	truthbar	1	0.4192	DN_NC_073224.2_208886621_22	DN_NC_073236.2_119568063_21	0.0680	0.1452	0.1452
PWWP3A	PWWP3B	truthbar	1	0.2290	DN_NC_073244.2_7138158_14	DN_NC_073247.2_117958904_5	0.0399	0.0731	0.0731
PYCR1	PYCR2	genuine	0	0.4983	DN_NC_073224.2_38985857_7	DN_NC_073228.2_10057969_7	0.0302	0.0302	0.0302
PYGB	PYGL	truthbar	1	0.5035	DN_NC_073239.2_67861789_20	DN_NC_073245.2_35236141_20	0.0401	0.0280	0.0401
PYGB	PYGM	truthbar	1	0.8658	DN_NC_073233.2_72649199_20	DN_NC_073245.2_35236141_20	0.0108	0.0280	0.0280
PYGL	PYGM	truthbar	1	0.5411	DN_NC_073233.2_72649199_20	DN_NC_073239.2_67861789_20	0.0108	0.0401	0.0401
PYROXD1	RECQL	TP	0	0.4514	DN_NC_073234.2_79789135_15	DN_NC_073234.2_79820285_12	0.1737	0.2075	0.2075
RAB40B	RAB40C	truthbar	1	0.2827	DN_NC_073228.2_9291784_6	DN_NC_073242.2_4214750_6	0.2271	0.0084	0.2271
RABL2A	RABL2B	TP	1	0.4684	DN_NC_073235.2_15131698_9	DN_NC_086018.1_48818439_9	0.2011	0.0424	0.2011
RAC1	RAC2	truthbar	1	0.4173	DN_NC_073230.2_13762772_6	DN_NC_086018.1_35225663_7	0.1186	0.0849	0.1186
RAC1	RAC3	truthbar	1						
RAC2	RAC3	truthbar	1	0.4186	DN_NC_073228.2_9959442_6	DN_NC_086018.1_35225663_7	0.0198	0.0849	0.0849
RANBP17	XPO7	truthbar	1	0.3561	DN_NC_073228.2_174681363_28	DN_NC_073231.2_26115616_28	0.0211	0.0655	0.0655
RANBP6	SLC11A2	genuine	0						
RANBP6	SOX30	genuine	0						
RARA	RARB	truthbar	1	0.3247	DN_NC_073228.2_52119080_9	DN_NC_086017.1_35250847_8	0.0983	0.0808	0.0983
RARA	RARG	truthbar	1	0.3893	DN_NC_073228.2_52119080_9	DN_NC_073234.2_48129944_8	0.0983	0.0833	0.0983
RARB	RARG	truthbar	1						
RBBP4	SYNC	genuine	0	0.6067	DN_NC_073224.2_207257149_3	DN_NC_073224.2_207270226_12	0.0676	0.1753	0.1753
RCBTB1	RCBTB2	truthbar	1	0.3792	DN_NC_073238.2_62894676_12	DN_NC_073238.2_64027356_13	0.0698	0.1039	0.1039
REEP1	REEP2	truthbar	1	0.2240	DN_NC_073228.2_142333279_8	DN_NC_073236.2_53486662_7	0.0678	0.1278	0.1278
RFPL3	RFPL4A	truthbar	1						
RFX6	RPL7A	genuine	0	0.7420	DN_NC_073229.2_141117205_4	DN_NC_073237.2_129726988_8	0.2966	0.0656	0.2966
RGPD8	RPL39	genuine	0						
RGPD8	RPL39L	genuine	0						
RGS6	RGS7	truthbar	1	0.2842	DN_NC_073224.2_14366670_16	DN_NC_073239.2_89227263_15	0.2604	0.0508	0.2604
RHBDF1	RHBDF2	truthbar	1	0.2770	DN_NC_073228.2_15481792_19	DN_NC_073242.2_3677891_18	0.0361	0.0227	0.0361
RHBDF1	SNRNP25	genuine	0						
RHBDF2	SNRNP25	genuine	0						
RHD	SDHD	genuine	0	0.4522	DN_NC_073224.2_214517378_2	DN_NC_073233.2_119992784_4	0.2313	0.1011	0.2313
RHEB	SHLD2	genuine	0						
RHOBTB1	RHOBTB2	truthbar	1	0.2285	DN_NC_073231.2_27206312_6	DN_NC_073232.2_54856348_6	0.0563	0.1346	0.1346
RHOT1	SERPINA3	genuine	0						
RHOT1	SSBP1	genuine	0						
RPAP2	ZNF208	genuine	0						
RPGRIP1	SUPT16H	genuine	0	0.4093	DN_NC_073239.2_35280580_26	DN_NC_073239.2_35311777_12	0.0874	0.1008	0.1008
RPL10	RPL10L	truthbar	1	0.7732	DN_NC_073239.2_63601483_4	DN_NC_073247.2_166018918_6	0.2560	0.0259	0.2560
RPL14	ZNF124	genuine	0						
RPL14	ZNF136	genuine	0						
RPL14	ZNF14	genuine	0						
RPL14	ZNF426	genuine	0						
RPL14	ZNF433	genuine	0						
RPL14	ZNF440	genuine	0						
RPL14	ZNF441	genuine	0						
RPL14	ZNF443	genuine	0						
RPL14	ZNF490	genuine	0	0.1344	DN_NC_073244.2_18614963_5	DN_NC_086017.1_50362387_6	0.3893	0.4964	0.4964
RPL14	ZNF563	genuine	0						
RPL14	ZNF564	genuine	0						
RPL14	ZNF57	genuine	0						
RPL14	ZNF627	genuine	0						
RPL14	ZNF669	genuine	0						
RPL14	ZNF670	genuine	0						
RPL14	ZNF77	genuine	0						
RPL14	ZNF791	genuine	0						
RPL14	ZNF799	genuine	0						
RPL14	ZNF823	genuine	0						
RPL31	TBC1D8	genuine	0	0.7206	DN_NC_073236.2_38854516_5	DN_NC_073236.2_38858247_18	0.0936	0.0383	0.0936
RPL36A	RPL36AL	truthbar	1	0.7511	DN_NC_073239.2_66562547_2	DN_NC_073247.2_113167390_5	0.0406	0.0444	0.0444
RPL39	RPL39L	truthbar	1	0.4551	DN_NC_073247.2_131468464_3	DN_NC_086017.1_198207851_3	0.0853	0.0640	0.0853
RPL9	TIPIN	genuine	0	0.6059	DN_NC_073227.2_47476685_7	DN_NC_073240.2_67167028_2	0.0231	0.3532	0.3532
RPLP1	TXNL4B	genuine	0	0.1967	DN_NC_073240.2_70293854_4	DN_NC_073242.2_101553722_4	0.0664	0.2118	0.2118
RPS15A	WWOX	genuine	0	0.1412	DN_NC_073242.2_108616637_5	DN_NC_073242.2_18137074_5	0.3413	0.3356	0.3413
RPS26	WDR55	genuine	0	0.1369	DN_NC_073228.2_144514226_7	DN_NC_073234.2_45319542_4	0.2629	0.3473	0.3473
RPS27A	UBB	genuine	0						
RPS27A	UBC	genuine	0	0.3693	DN_NC_073234.2_140369418_2	DN_NC_073236.2_84556071_6	0.0111	0.0624	0.0624
RPS4X	RPS4Y1	truthbar	1	0.5698	DN_NC_073247.2_84011480_7	DN_NC_073248.2_9423438_7	0.0952	0.0332	0.0952
RPS6KA1	RPS6KA2	truthbar	1	0.3292	DN_NC_073224.2_213368965_21	DN_NC_073229.2_190755772_21	0.0214	0.0349	0.0349
RPS6KA3	RPS6KA6	truthbar	1	0.2091	DN_NC_073247.2_30634906_22	DN_NC_073247.2_95843403_22	0.1386	0.1126	0.1386
RYR1	RYR2	truthbar	1						
RYR1	RYR3	truthbar	1	0.4182	DN_NC_073240.2_34675462_15	DN_NC_073244.2_50330993_16	0.0752	0.0260	0.0752
RYR2	RYR3	truthbar	1	0.3629	DN_NC_073224.2_26635584_9	DN_NC_073240.2_34675462_15	0.1172	0.0752	0.1172
SAFB	SAFB2	truthbar	1	0.1730	DN_NC_073244.2_11377962_21	DN_NC_073244.2_11413820_21	0.0635	0.0338	0.0635
SAMD9	SAMD9L	truthbar	1	0.1847	DN_NC_073230.2_95688791_4	DN_NC_073230.2_95718597_3	0.1310	0.1153	0.1310
SARM1	SLC46A1	TP	0	0.7251	DN_NC_073228.2_64684384_5	DN_NC_073228.2_64691860_6	0.0755	0.0655	0.0755
SCN7A	SCN9A	truthbar	1	0.2562	DN_NC_073235.2_68674135_11	DN_NC_073235.2_68877817_25	0.0809	0.1150	0.1150
SELENOP	SEM1	genuine	0						
SELENOP	SMYD3	genuine	0						
SELENOP	SPATA33	genuine	0						
SELENOP	SPC25	genuine	0	0.2412	DN_NC_073235.2_71373985_7	DN_NC_073243.2_69046517_5	0.4132	0.2890	0.4132
SELENOP	THNSL1	genuine	0						
SELENOP	TMEM38B	genuine	0						
SELENOP	TSPAN8	genuine	0						
SELENOP	UCHL1	genuine	0						
SEM1	SMYD3	genuine	0						
SEM1	SPATA33	genuine	0	0.1723	DN_NC_073230.2_92132360_3	DN_NC_073242.2_120248671_3	0.3708	0.2722	0.3708
SEM1	SPC25	genuine	0	0.1390	DN_NC_073230.2_92132360_3	DN_NC_073235.2_71373985_7	0.3708	0.4132	0.4132
SEM1	THNSL1	genuine	0	0.1723	DN_NC_073230.2_92132360_3	DN_NC_073232.2_34013134_3	0.3708	0.3464	0.3708
SEM1	TMEM38B	genuine	0	0.1738	DN_NC_073230.2_92132360_3	DN_NC_073237.2_101948554_6	0.3708	0.3249	0.3708
SEM1	TSPAN8	genuine	0						
SEM1	UCHL1	genuine	0	0.1662	DN_NC_073227.2_49278079_9	DN_NC_073230.2_92132360_3	0.3524	0.3708	0.3708
SEPTIN10	SEPTIN14	truthbar	1	0.3071	DN_NC_073230.2_63974160_10	DN_NC_073236.2_47432803_11	0.3386	0.1392	0.3386
SEPTIN4	SEPTIN5	genuine	0	0.3773	DN_NC_073228.2_33518400_11	DN_NC_086018.1_17151658_12	0.0527	0.0124	0.0527
SERF2	SERINC4	genuine	0	0.4008	DN_NC_073240.2_44603034_3	DN_NC_073240.2_44604956_12	0.0973	0.0382	0.0973
SERF2	TTPAL	genuine	0						
SERINC4	TTPAL	genuine	0						
SERPINA3	SSBP1	genuine	0						
SH3GL1	SH3GL2	truthbar	1	0.3263	DN_NC_073237.2_46657799_9	DN_NC_073244.2_10146023_10	0.0387	0.0391	0.0391
SLC11A2	SOX30	genuine	0						
SLC12A4	SLC12A6	truthbar	1	0.4100	DN_NC_073240.2_35071983_25	DN_NC_073242.2_97170214_24	0.0462	0.0233	0.0462
SLC1A3	SLC1A6	truthbar	1	0.2989	DN_NC_073243.2_81969227_10	DN_NC_073244.2_21366814_9	0.1159	0.1547	0.1547
SLC22A4	SLC22A5	truthbar	1	0.3151	DN_NC_073228.2_136205303_10	DN_NC_073228.2_136280772_10	0.0452	0.0651	0.0651
SLC25A12	SNX14	genuine	0						
SLC25A12	WDR64	genuine	0	0.1710	DN_NC_073224.2_13812644_2	DN_NC_073235.2_74414844_11	0.5624	0.3451	0.5624
SLC27A1	SLC27A4	truthbar	1	0.3063	DN_NC_073237.2_124724631_14	DN_NC_073244.2_23914271_12	0.0278	0.1041	0.1041
SLC37A2	YAE1	genuine	0						
SLC43A1	SLC43A2	truthbar	1	0.1659	DN_NC_073233.2_65156508_13	DN_NC_073243.2_16710332_14	0.0534	0.0816	0.0816
SLC4A2	SLC4A3	truthbar	1	0.1915	DN_NC_073230.2_159879400_23	DN_NC_073235.2_122326496_17	0.0158	0.0237	0.0237
SLC4A7	SLC4A8	truthbar	1	0.2014	DN_NC_073234.2_49830161_25	DN_NC_086017.1_37226306_22	0.0630	0.0623	0.0630
SLC6A2	SLC6A3	truthbar	1	0.3340	DN_NC_073242.2_84722201_14	DN_NC_073243.2_110732778_15	0.0794	0.0334	0.0794
SLC7A6	SLC7A6OS	TP	0	0.7972	DN_NC_073242.2_97493790_12	DN_NC_073242.2_97528976_5	0.0643	0.0423	0.0643
SLC7A6	SLC7A7	truthbar	1	0.3957	DN_NC_073239.2_33826105_11	DN_NC_073242.2_97493790_12	0.0363	0.0643	0.0643
SLC7A6OS	SLC7A7	genuine	0						
SLC9A6	SLC9A7	truthbar	1	0.4687	DN_NC_073247.2_147692428_16	DN_NC_073247.2_57005939_17	0.0826	0.0290	0.0826
SLC9A6	SLC9A9	truthbar	1						
SLC9A7	SLC9A9	truthbar	1	0.2693	DN_NC_073247.2_57005939_17	DN_NC_086017.1_154449519_16	0.0290	0.0560	0.0560
SMARCA1	SMARCA5	truthbar	1	0.3227	DN_NC_073227.2_164298818_24	DN_NC_073247.2_141177039_25	0.1803	0.1409	0.1803
SMARCC1	SMARCC2	truthbar	1	0.2026	DN_NC_073234.2_45177188_28	DN_NC_086017.1_57502847_23	0.0938	0.0593	0.0938
SMIM26	TERF2IP	genuine	0	0.2073	DN_NC_073242.2_106138908_3	DN_NC_073245.2_28570800_2	0.1283	0.1037	0.1283
SMYD3	SPATA33	genuine	0						
SMYD3	SPC25	genuine	0	0.2397	DN_NC_073224.2_9521619_7	DN_NC_073235.2_71373985_7	0.2404	0.4132	0.4132
SMYD3	THNSL1	genuine	0						
SMYD3	TMEM38B	genuine	0						
SMYD3	TSPAN8	genuine	0						
SMYD3	UCHL1	genuine	0						
SNRPB	SNURF	truthbar	1	0.7873	DN_NC_073240.2_26182490_10	DN_NC_073245.2_12383621_7	0.0393	0.0229	0.0393
SNX14	WDR64	genuine	0	0.1521	DN_NC_073224.2_13812644_2	DN_NC_073229.2_109663823_28	0.5624	0.3343	0.5624
SP100	SP140L	truthbar	1	0.2915	DN_NC_073235.2_133031264_19	DN_NC_073235.2_133124679_15	0.1873	0.1400	0.1873
SPATA33	SPC25	genuine	0	0.2316	DN_NC_073235.2_71373985_7	DN_NC_073242.2_120248671_3	0.4132	0.2722	0.4132
SPATA33	THNSL1	genuine	0						
SPATA33	TMEM38B	genuine	0						
SPATA33	TSPAN8	genuine	0						
SPATA33	UCHL1	genuine	0						
SPC25	THNSL1	genuine	0	0.1647	DN_NC_073232.2_34013134_3	DN_NC_073235.2_71373985_7	0.3464	0.4132	0.4132
SPC25	TMEM38B	genuine	0	0.2449	DN_NC_073235.2_71373985_7	DN_NC_073237.2_101948554_6	0.4132	0.3249	0.4132
SPC25	TSPAN8	genuine	0	0.2338	DN_NC_073234.2_86426177_10	DN_NC_073235.2_71373985_7	0.3965	0.4132	0.4132
SPC25	UCHL1	genuine	0	0.2426	DN_NC_073227.2_49278079_9	DN_NC_073235.2_71373985_7	0.3524	0.4132	0.4132
SPDYA	TRMT61B	genuine	0	0.1754	DN_NC_073236.2_111042998_7	DN_NC_073236.2_111062321_8	0.3030	0.1997	0.3030
SPIN1	SPIN3	truthbar	1	0.1494	DN_NC_073237.2_84822135_6	DN_NC_073247.2_67140268_2	0.1857	0.1043	0.1857
SPSB2	TPI1	genuine	0	0.4667	DN_NC_073234.2_22528772_7	DN_NC_073234.2_22529951_2	0.0371	0.0674	0.0674
SPTBN1	SPTBN2	truthbar	1	0.3603	DN_NC_073233.2_74603920_22	DN_NC_073236.2_85139103_21	0.0378	0.0557	0.0557
SQLE	WASHC5	genuine	0	0.3650	DN_NC_073231.2_130827518_11	DN_NC_073231.2_130851528_29	0.2487	0.0676	0.2487
SRR	TSR1	genuine	0	0.2879	DN_NC_073243.2_17433799_8	DN_NC_073243.2_17450998_15	0.0389	0.1411	0.1411
SRRD	TFIP11	genuine	0	0.2331	DN_NC_086018.1_24502908_7	DN_NC_086018.1_24509591_14	0.1160	0.1104	0.1160
STEAP1	STEAP1B	TP	1	0.3345	DN_NC_073230.2_29909396_5	DN_NC_073230.2_98628332_5	0.3886	0.0958	0.3886
STK3	STK4	truthbar	1	0.4586	DN_NC_073231.2_104280615_11	DN_NC_073245.2_57199021_10	0.1242	0.0686	0.1242
SULF1	SULF2	truthbar	1	0.3018	DN_NC_073231.2_50727873_22	DN_NC_073245.2_59890561_21	0.1024	0.0536	0.1024
SURF2	SURF4	TP	0	0.7381	DN_NC_073237.2_129735503_6	DN_NC_073237.2_129740502_6	0.0627	0.0677	0.0677
TARS1	TARS3	truthbar	1	0.5427	DN_NC_073240.2_102922989_19	DN_NC_073243.2_79064876_19	0.1287	0.2176	0.2176
TBC1D10A	TBC1D10B	genuine	0	0.3956	DN_NC_073242.2_36070435_9	DN_NC_086018.1_28313237_9	0.0464	0.0306	0.0464
TBX2	TBX3	truthbar	1	0.2308	DN_NC_073228.2_30586164_7	DN_NC_073234.2_130067111_7	0.0578	0.1467	0.1467
TCEAL2	TCEAL4	truthbar	1	0.3810	DN_NC_073247.2_113908222_3	DN_NC_073247.2_115371773_3	0.1640	0.2230	0.2230
TCEAL2	TCEAL5	truthbar	1						
TCEAL2	TCEAL6	truthbar	1	0.2187	DN_NC_073247.2_113908222_3	DN_NC_073247.2_113922705_3	0.1640	0.1435	0.1640
TCEAL4	TCEAL5	truthbar	1						
TCEAL4	TCEAL6	truthbar	1						
TCEAL5	TCEAL6	TP	1	0.4498	DN_NC_073247.2_113922705_3	DN_NC_073247.2_115050911_3	0.1435	0.2425	0.2425
TEAD3	TEAD4	truthbar	1	0.3762	DN_NC_073229.2_53231942_12	DN_NC_073234.2_18597435_13	0.0601	0.0011	0.0601
TESK2	TOE1	genuine	0	0.6233	DN_NC_073224.2_194445089_11	DN_NC_073224.2_194593658_8	0.0460	0.0232	0.0460
THBS1	THBS2	truthbar	1	0.4079	DN_NC_073229.2_193493894_22	DN_NC_073240.2_40283792_22	0.0781	0.0869	0.0869
THNSL1	TMEM38B	genuine	0						
THNSL1	TSPAN8	genuine	0						
THNSL1	UCHL1	genuine	0						
TIMM23B	TOR3A	genuine	0						
TIMM23B	TRAF5	genuine	0						
TLN1	TLN2	truthbar	1	0.6212	DN_NC_073237.2_27266553_20	DN_NC_073240.2_63549614_16	0.0218	0.0506	0.0506
TMEM120A	TMEM120B	genuine	0	0.4335	DN_NC_073230.2_84854491_12	DN_NC_073234.2_137155900_12	0.0897	0.2518	0.2518
TMEM38B	TSPAN8	genuine	0						
TMEM38B	UCHL1	genuine	0						
TMEM63A	TMEM63B	truthbar	1	0.1794	DN_NC_073224.2_38911600_25	DN_NC_073229.2_61929003_23	0.0427	0.1156	0.1156
TNFRSF10A	TNFRSF10B	truthbar	1	0.1833	DN_NC_073231.2_27219653_9	DN_NC_073231.2_27420263_10	0.2618	0.1583	0.2618
TNFRSF10A	TNFRSF10D	truthbar	1	0.1303	DN_NC_073231.2_27367940_9	DN_NC_073231.2_27420263_10	0.0893	0.1583	0.1583
TNFRSF10B	TNFRSF10D	truthbar	1						
TNKS	TNKS2	truthbar	1	0.3854	DN_NC_073231.2_14164248_27	DN_NC_073232.2_104141687_27	0.0900	0.0739	0.0900
TOR3A	TRAF5	genuine	0	0.2059	DN_NC_073224.2_45389129_11	DN_NC_073224.2_77707994_7	0.3773	0.3547	0.3773
TPM1	TPM2	truthbar	1	0.5214	DN_NC_073237.2_27282743_9	DN_NC_073240.2_63815908_8	0.0353	0.0405	0.0405
TPPP	TPPP3	truthbar	1	0.2636	DN_NC_073242.2_96607850_4	DN_NC_073243.2_111657543_4	0.0592	0.0763	0.0763
TPRKB	VAMP1	genuine	0	0.2582	DN_NC_073234.2_22113821_5	DN_NC_073236.2_66023783_5	0.2763	0.4219	0.4219
TRAPPC2	ZNF547	genuine	0	0.2258	DN_NC_073244.2_69466469_2	DN_NC_073247.2_24180353_4	0.4564	0.4156	0.4564
TRHDE	ZNF80	genuine	0						
TRIM21	TRIM22	truthbar	1						
TRIM21	TRIM34	truthbar	1						
TRIM21	TRIM5	truthbar	1						
TRIM21	TRIM6	truthbar	1	0.1615	DN_NC_073233.2_10737351_7	DN_NC_073233.2_11930987_8	0.0673	0.2660	0.2660
TRIM22	TRIM34	truthbar	1	0.3863	DN_NC_073233.2_11960151_8	DN_NC_073233.2_12022944_8	0.1581	0.1413	0.1581
TRIM22	TRIM5	truthbar	1	0.2160	DN_NC_073233.2_11997286_8	DN_NC_073233.2_12022944_8	0.2612	0.1413	0.2612
TRIM22	TRIM6	truthbar	1	0.1728	DN_NC_073233.2_11930987_8	DN_NC_073233.2_12022944_8	0.2660	0.1413	0.2660
TRIM34	TRIM5	truthbar	1						
TRIM34	TRIM6	truthbar	1	0.3655	DN_NC_073233.2_11930987_8	DN_NC_073233.2_11960151_8	0.2660	0.1581	0.2660
TRIM5	TRIM6	truthbar	1						
TRIM50	TRIM73	TP	1	0.4795	DN_NC_073230.2_82405962_7	DN_NC_073230.2_84189831_5	0.0280	0.1303	0.1303
TRIM60	TRIM61	truthbar	1	0.5371	DN_NC_073227.2_185890924_3	DN_NC_073227.2_185943028_3	0.2713	0.1164	0.2713
TSPAN8	UCHL1	genuine	0						
TSPYL1	TSPYL4	truthbar	1	0.1640	DN_NC_073229.2_140449427_2	DN_NC_073229.2_140476081_2	0.0541	0.1467	0.1467
TUBA1C	TUBA3E	truthbar	1	0.8409	DN_NC_073234.2_52064465_4	DN_NC_073235.2_32697745_5	0.0558	0.0120	0.0558
TUBA1C	TUBA8	truthbar	1	0.7173	DN_NC_073234.2_52064465_4	DN_NC_086018.1_16134008_5	0.0558	0.0561	0.0561
TUBA1C	TUBAL3	truthbar	1	0.7025	DN_NC_073232.2_14351656_4	DN_NC_073234.2_52064465_4	0.0589	0.0558	0.0589
TUBA3E	TUBA8	truthbar	1	0.7538	DN_NC_073235.2_32697745_5	DN_NC_086018.1_16134008_5	0.0120	0.0561	0.0561
TUBA3E	TUBAL3	truthbar	1	0.7380	DN_NC_073232.2_14351656_4	DN_NC_073235.2_32697745_5	0.0589	0.0120	0.0589
TUBA8	TUBAL3	truthbar	1						
TUBB	TUBB2A	truthbar	1	0.7841	DN_NC_073229.2_20766733_4	DN_NC_073229.2_48413863_4	0.0312	0.0907	0.0907
TUBB	TUBB4A	truthbar	1	0.5613	DN_NC_073229.2_48413863_4	DN_NC_073244.2_12296250_4	0.0907	0.0595	0.0907
TUBB	TUBB4B	truthbar	1	0.5607	DN_NC_073229.2_48413863_4	DN_NC_073237.2_133664160_4	0.0907	0.0215	0.0907
TUBB	TUBB8	truthbar	1	0.6513	DN_NC_073229.2_48413863_4	DN_NC_073232.2_8975313_3	0.0907	0.0184	0.0907
TUBB2A	TUBB4A	TP	1	0.7624	DN_NC_073229.2_20766733_4	DN_NC_073244.2_12296250_4	0.0312	0.0595	0.0595
TUBB2A	TUBB4B	truthbar	1	0.7994	DN_NC_073229.2_20766733_4	DN_NC_073237.2_133664160_4	0.0312	0.0215	0.0312
TUBB2A	TUBB8	truthbar	1	0.6519	DN_NC_073229.2_20766733_4	DN_NC_073232.2_8975313_3	0.0312	0.0184	0.0312
TUBB4A	TUBB4B	truthbar	1	0.5608	DN_NC_073237.2_133664160_4	DN_NC_073244.2_12296250_4	0.0215	0.0595	0.0595
TUBB4A	TUBB8	truthbar	1	0.6646	DN_NC_073232.2_8975313_3	DN_NC_073244.2_12296250_4	0.0184	0.0595	0.0595
TUBB4B	TUBB8	truthbar	1	0.6525	DN_NC_073232.2_8975313_3	DN_NC_073237.2_133664160_4	0.0184	0.0215	0.0215
TXNL1	U2AF1L4	genuine	0	0.1445	DN_NC_073241.2_85926559_8	DN_NC_073244.2_46809556_3	0.2752	0.3166	0.3166
UBB	UBC	genuine	0	0.6709	DN_NC_073228.2_83796015_2	DN_NC_073234.2_140369418_3	0.0000	0.0038	0.0038
UBE2L3	YDJC	genuine	0	0.1668	DN_NC_086018.1_19196747_2	DN_NC_086018.1_19202967_5	0.0687	0.0160	0.0687
UBE2Q1	UBE2Q2	truthbar	1	0.2525	DN_NC_073224.2_102253297_12	DN_NC_073240.2_76716889_13	0.1252	0.0889	0.1252
UBQLN1	UBQLN2	truthbar	1	0.1426	DN_NC_073237.2_79864647_11	DN_NC_073247.2_66651439_2	0.1125	0.1078	0.1125
UBQLN1	UBQLN4	truthbar	1						
UBQLN2	UBQLN4	truthbar	1	0.1410	DN_NC_073224.2_100772522_11	DN_NC_073247.2_66651439_2	0.0625	0.1078	0.1078
UCK1	UCK2	truthbar	1	0.2150	DN_NC_073224.2_90855831_7	DN_NC_073237.2_127902837_7	0.0661	0.0420	0.0661
ULBP1	ULBP3	truthbar	1	0.1754	DN_NC_073229.2_174132332_5	DN_NC_073229.2_174230881_5	0.3569	0.3181	0.3569
USP9X	USP9Y	truthbar	1	0.3511	DN_NC_073247.2_51578190_11	DN_NC_073248.2_31260866_11	0.1139	0.1070	0.1139
VAV1	VAV2	truthbar	1	0.1580	DN_NC_073237.2_130138569_27	DN_NC_073244.2_12577232_27	0.0399	0.0232	0.0399
WFIKKN1	WFIKKN2	truthbar	1	0.1634	DN_NC_073228.2_41229799_2	DN_NC_073242.2_4252822_2	0.0572	0.0328	0.0572
YWHAG	YWHAH	truthbar	1	0.4025	DN_NC_073230.2_84474222_2	DN_NC_086018.1_29956541_2	0.1634	0.0424	0.1634
ZBTB26	ZBTB6	truthbar	1	0.9856	DN_NC_073237.2_119275968_2	DN_NC_073237.2_119275970_2	0.1713	0.1658	0.1713
ZCCHC12	ZCCHC18	truthbar	1	0.3238	DN_NC_073247.2_115884983_3	DN_NC_073247.2_130545427_4	0.0330	0.0548	0.0548
ZFP1	ZNF19	truthbar	1						
ZFP1	ZNF23	genuine	0						
ZFP1	ZNF557	genuine	0						
ZFP1	ZNF558	truthbar	1						
ZFP1	ZNF619	genuine	0	0.2261	DN_NC_073242.2_105636398_4	DN_NC_086017.1_50382141_5	0.1442	0.2532	0.2532
ZFP1	ZNF620	genuine	0						
ZFP2	ZFP69B	truthbar	1	0.2898	DN_NC_073224.2_199494304_6	DN_NC_073228.2_182864372_4	0.1174	0.1403	0.1403
ZFP2	ZFP90	truthbar	1	0.1704	DN_NC_073228.2_182864372_4	DN_NC_073242.2_97765438_4	0.1403	0.2426	0.2426
ZFP2	ZNF181	truthbar	1						
ZFP2	ZNF2	truthbar	1						
ZFP2	ZNF248	truthbar	1						
ZFP2	ZNF333	truthbar	1						
ZFP2	ZNF391	truthbar	1	0.1455	DN_NC_073228.2_182864372_4	DN_NC_073229.2_45005781_3	0.1403	0.2383	0.2383
ZFP2	ZNF485	truthbar	1	0.1997	DN_NC_073228.2_182864372_4	DN_NC_073232.2_71834982_5	0.1403	0.2724	0.2724
ZFP2	ZNF514	truthbar	1	0.1367	DN_NC_073228.2_182864372_4	DN_NC_073236.2_32302189_6	0.1403	0.1102	0.1403
ZFP2	ZNF554	truthbar	1	0.2747	DN_NC_073228.2_182864372_4	DN_NC_073244.2_8594978_5	0.1403	0.3473	0.3473
ZFP2	ZNF621	truthbar	1	0.2057	DN_NC_073228.2_182864372_4	DN_NC_086017.1_50431420_5	0.1403	0.1784	0.1784
ZFP2	ZNF879	truthbar	1	0.3228	DN_NC_073228.2_182864372_4	DN_NC_073228.2_182994030_5	0.1403	0.2623	0.2623
ZFP28	ZFP3	genuine	0						
ZFP28	ZFP69	genuine	0						
ZFP28	ZFP82	truthbar	1	0.1500	DN_NC_073244.2_47586219_5	DN_NC_073244.2_68643423_8	0.2963	0.2165	0.2963
ZFP28	ZNF177	genuine	0						
ZFP28	ZNF184	truthbar	1	0.1646	DN_NC_073229.2_45067329_6	DN_NC_073244.2_68643423_8	0.1831	0.2165	0.2165
ZFP28	ZNF189	genuine	0						
ZFP28	ZNF266	truthbar	1						
ZFP28	ZNF283	truthbar	1						
ZFP28	ZNF30	truthbar	1	0.1879	DN_NC_073244.2_45985550_6	DN_NC_073244.2_68643423_8	0.1432	0.2165	0.2165
ZFP28	ZNF329	genuine	0						
ZFP28	ZNF331	genuine	0						
ZFP28	ZNF420	truthbar	1	0.1389	DN_NC_073244.2_48242798_5	DN_NC_073244.2_68643423_8	0.2498	0.2165	0.2498
ZFP28	ZNF461	truthbar	1	0.1553	DN_NC_073244.2_47831779_6	DN_NC_073244.2_68643423_8	0.2212	0.2165	0.2212
ZFP28	ZNF471	truthbar	1	0.1812	DN_NC_073244.2_68611978_5	DN_NC_073244.2_68643423_8	0.3475	0.2165	0.3475
ZFP28	ZNF529	genuine	0						
ZFP28	ZNF540	truthbar	1						
ZFP28	ZNF546	truthbar	1	0.1862	DN_NC_073244.2_51749194_6	DN_NC_073244.2_68643423_8	0.3443	0.2165	0.3443
ZFP28	ZNF560	truthbar	1						
ZFP28	ZNF565	truthbar	1	0.1879	DN_NC_073244.2_47250467_5	DN_NC_073244.2_68643423_8	0.2541	0.2165	0.2541
ZFP28	ZNF566	genuine	0						
ZFP28	ZNF571	truthbar	1						
ZFP28	ZNF573	truthbar	1						
ZFP28	ZNF582	truthbar	1						
ZFP28	ZNF583	truthbar	1						
ZFP28	ZNF596	genuine	0						
ZFP28	ZNF607	truthbar	1						
ZFP28	ZNF665	truthbar	1	0.2256	DN_NC_073244.2_65102393_4	DN_NC_073244.2_68643423_8	0.3815	0.2165	0.3815
ZFP28	ZNF684	truthbar	1						
ZFP28	ZNF780A	truthbar	1						
ZFP28	ZNF780B	truthbar	1						
ZFP28	ZNF790	truthbar	1	0.2750	DN_NC_073244.2_47997304_5	DN_NC_073244.2_68643423_8	0.2772	0.2165	0.2772
ZFP28	ZNF829	truthbar	1						
ZFP28	ZNF891	truthbar	1						
ZFP3	ZFP69	truthbar	1						
ZFP3	ZFP82	truthbar	1	0.1682	DN_NC_073243.2_20204464_2	DN_NC_073244.2_47586219_5	0.2424	0.2963	0.2963
ZFP3	ZNF177	truthbar	1						
ZFP3	ZNF184	truthbar	1						
ZFP3	ZNF189	truthbar	1	0.1486	DN_NC_073237.2_97733433_3	DN_NC_073243.2_20204464_2	0.3112	0.2424	0.3112
ZFP3	ZNF266	truthbar	1						
ZFP3	ZNF283	genuine	0	0.2085	DN_NC_073243.2_20204464_2	DN_NC_073244.2_55341363_7	0.2424	0.3000	0.3000
ZFP3	ZNF30	truthbar	1						
ZFP3	ZNF329	truthbar	1						
ZFP3	ZNF331	truthbar	1						
ZFP3	ZNF420	truthbar	1	0.2317	DN_NC_073243.2_20204464_2	DN_NC_073244.2_48242798_5	0.2424	0.2498	0.2498
ZFP3	ZNF461	truthbar	1						
ZFP3	ZNF471	truthbar	1						
ZFP3	ZNF529	truthbar	1						
ZFP3	ZNF540	truthbar	1						
ZFP3	ZNF546	genuine	0						
ZFP3	ZNF560	truthbar	1						
ZFP3	ZNF565	truthbar	1	0.1815	DN_NC_073243.2_20204464_2	DN_NC_073244.2_47250467_5	0.2424	0.2541	0.2541
ZFP3	ZNF566	genuine	0						
ZFP3	ZNF571	truthbar	1	0.2433	DN_NC_073243.2_20204464_2	DN_NC_073244.2_49072464_4	0.2424	0.1879	0.2424
ZFP3	ZNF573	truthbar	1	0.2201	DN_NC_073243.2_20204464_2	DN_NC_073244.2_49246931_6	0.2424	0.3121	0.3121
ZFP3	ZNF582	truthbar	1	0.2374	DN_NC_073243.2_20204464_2	DN_NC_073244.2_68491976_5	0.2424	0.1818	0.2424
ZFP3	ZNF583	truthbar	1	0.1864	DN_NC_073243.2_20204464_2	DN_NC_073244.2_68513423_5	0.2424	0.2489	0.2489
ZFP3	ZNF596	truthbar	1						
ZFP3	ZNF607	truthbar	1						
ZFP3	ZNF665	truthbar	1	0.2592	DN_NC_073243.2_20204464_2	DN_NC_073244.2_65102393_4	0.2424	0.3815	0.3815
ZFP3	ZNF684	truthbar	1						
ZFP3	ZNF780A	truthbar	1	0.1480	DN_NC_073243.2_20204464_2	DN_NC_073244.2_51825388_5	0.2424	0.1618	0.2424
ZFP3	ZNF780B	genuine	0						
ZFP3	ZNF790	truthbar	1	0.3094	DN_NC_073243.2_20204464_2	DN_NC_073244.2_47997304_5	0.2424	0.2772	0.2772
ZFP3	ZNF829	truthbar	1						
ZFP3	ZNF891	truthbar	1						
ZFP37	ZNF10	truthbar	1						
ZFP37	ZNF140	truthbar	1	0.1882	DN_NC_073234.2_148580749_5	DN_NC_073237.2_109279481_4	0.1458	0.2257	0.2257
ZFP37	ZNF157	truthbar	1	0.2192	DN_NC_073237.2_109279481_4	DN_NC_073247.2_57761829_5	0.2257	0.2497	0.2497
ZFP37	ZNF175	truthbar	1						
ZFP37	ZNF180	truthbar	1	0.2848	DN_NC_073237.2_109279481_4	DN_NC_073244.2_55989141_5	0.2257	0.1121	0.2257
ZFP37	ZNF182	truthbar	1	0.1694	DN_NC_073237.2_109279481_4	DN_NC_073247.2_58372296_6	0.2257	0.1467	0.2257
ZFP37	ZNF25	truthbar	1	0.1657	DN_NC_073232.2_81134357_6	DN_NC_073237.2_109279481_4	0.1912	0.2257	0.2257
ZFP37	ZNF26	truthbar	1						
ZFP37	ZNF260	truthbar	1	0.1465	DN_NC_073237.2_109279481_4	DN_NC_073244.2_47706460_3	0.2257	0.2910	0.2910
ZFP37	ZNF268	truthbar	1	0.1332	DN_NC_073234.2_148682020_7	DN_NC_073237.2_109279481_4	0.1658	0.2257	0.2257
ZFP37	ZNF287	truthbar	1	0.2739	DN_NC_073228.2_83600319_6	DN_NC_073237.2_109279481_4	0.1908	0.2257	0.2257
ZFP37	ZNF300	truthbar	1						
ZFP37	ZNF302	genuine	0	0.1839	DN_NC_073237.2_109279481_4	DN_NC_073244.2_45737704_5	0.2257	0.1493	0.2257
ZFP37	ZNF334	truthbar	1	0.1782	DN_NC_073237.2_109279481_4	DN_NC_073245.2_58728682_5	0.2257	0.1278	0.2257
ZFP37	ZNF33B	truthbar	1	0.2191	DN_NC_073232.2_72820474_5	DN_NC_073237.2_109279481_4	0.2521	0.2257	0.2521
ZFP37	ZNF354A	truthbar	1	0.1419	DN_NC_073228.2_182334642_5	DN_NC_073237.2_109279481_4	0.1866	0.2257	0.2257
ZFP37	ZNF354B	truthbar	1	0.1896	DN_NC_073228.2_182827930_5	DN_NC_073237.2_109279481_4	0.2209	0.2257	0.2257
ZFP37	ZNF382	truthbar	1						
ZFP37	ZNF41	truthbar	1						
ZFP37	ZNF432	truthbar	1						
ZFP37	ZNF484	truthbar	1	0.2012	DN_NC_073237.2_109279481_4	DN_NC_073237.2_89310571_5	0.2257	0.2190	0.2257
ZFP37	ZNF487	genuine	0	0.2278	DN_NC_073232.2_71973207_3	DN_NC_073237.2_109279481_4	0.0993	0.2257	0.2257
ZFP37	ZNF501	genuine	0	0.1785	DN_NC_073237.2_109279481_4	DN_NC_086017.1_54629198_3	0.2257	0.2136	0.2257
ZFP37	ZNF510	truthbar	1						
ZFP37	ZNF527	truthbar	1	0.1702	DN_NC_073237.2_109279481_4	DN_NC_073244.2_48620420_5	0.2257	0.2697	0.2697
ZFP37	ZNF565	truthbar	1						
ZFP37	ZNF567	truthbar	1	0.2503	DN_NC_073237.2_109279481_4	DN_NC_073244.2_47878793_6	0.2257	0.1800	0.2257
ZFP37	ZNF568	truthbar	1	0.2216	DN_NC_073237.2_109279481_4	DN_NC_073244.2_48093173_7	0.2257	0.3190	0.3190
ZFP37	ZNF569	truthbar	1	0.2221	DN_NC_073237.2_109279481_4	DN_NC_073244.2_48919547_6	0.2257	0.1952	0.2257
ZFP37	ZNF577	truthbar	1						
ZFP37	ZNF585A	truthbar	1	0.2821	DN_NC_073237.2_109279481_4	DN_NC_073244.2_48319142_5	0.2257	0.1403	0.2257
ZFP37	ZNF585B	truthbar	1	0.3647	DN_NC_073237.2_109279481_4	DN_NC_073244.2_48352926_4	0.2257	0.1502	0.2257
ZFP37	ZNF605	truthbar	1						
ZFP37	ZNF606	truthbar	1	0.1874	DN_NC_073237.2_109279481_4	DN_NC_073244.2_70077616_7	0.2257	0.1288	0.2257
ZFP37	ZNF613	truthbar	1	0.2343	DN_NC_073237.2_109279481_4	DN_NC_073244.2_63895938_6	0.2257	0.1312	0.2257
ZFP37	ZNF614	truthbar	1						
ZFP37	ZNF615	truthbar	1						
ZFP37	ZNF624	truthbar	1	0.2989	DN_NC_073228.2_83513581_6	DN_NC_073237.2_109279481_4	0.2734	0.2257	0.2734
ZFP37	ZNF649	truthbar	1						
ZFP37	ZNF674	truthbar	1						
ZFP37	ZNF717	truthbar	1	0.2815	DN_NC_073237.2_109279481_4	DN_NC_086017.1_85766278_5	0.2257	0.1562	0.2257
ZFP37	ZNF782	truthbar	1	0.1763	DN_NC_073237.2_109279481_4	DN_NC_073237.2_93275727_4	0.2257	0.1049	0.2257
ZFP37	ZNF81	truthbar	1						
ZFP37	ZNF84	truthbar	1	0.1315	DN_NC_073234.2_148537990_5	DN_NC_073237.2_109279481_4	0.2027	0.2257	0.2257
ZFP37	ZNF883	truthbar	1	0.2632	DN_NC_073237.2_109230975_4	DN_NC_073237.2_109279481_4	0.2819	0.2257	0.2819
ZFP62	ZKSCAN7	genuine	0	0.1557	DN_NC_073228.2_184836166_2	DN_NC_086017.1_54457640_6	0.0643	0.1248	0.1248
ZFP62	ZNF165	genuine	0						
ZFP62	ZNF197	truthbar	1	0.2249	DN_NC_073228.2_184836166_2	DN_NC_086017.1_54527845_6	0.0643	0.2099	0.2099
ZFP62	ZNF594	truthbar	1	0.1917	DN_NC_073228.2_184836166_2	DN_NC_073243.2_20324218_2	0.0643	0.2717	0.2717
ZFP62	ZNF660	genuine	0	0.2115	DN_NC_073228.2_184836165_2	DN_NC_086017.1_54487757_3	0.0622	0.2863	0.2863
ZFP62	ZNF699	truthbar	1	0.1826	DN_NC_073228.2_184836166_2	DN_NC_073244.2_15324693_6	0.0643	0.3092	0.3092
ZFP62	ZNF778	genuine	0	0.1472	DN_NC_073228.2_184836166_2	DN_NC_073242.2_119807836_6	0.0643	0.0601	0.0643
ZFP62	ZSCAN2	genuine	0	0.1315	DN_NC_073228.2_184836166_2	DN_NC_073240.2_85898394_3	0.0643	0.1504	0.1504
ZFP69	ZFP82	truthbar	1						
ZFP69	ZNF177	truthbar	1						
ZFP69	ZNF184	truthbar	1	0.2878	DN_NC_073224.2_199458269_6	DN_NC_073229.2_45067329_6	0.1084	0.1831	0.1831
ZFP69	ZNF189	truthbar	1						
ZFP69	ZNF266	truthbar	1						
ZFP69	ZNF283	genuine	0						
ZFP69	ZNF30	truthbar	1						
ZFP69	ZNF329	genuine	0						
ZFP69	ZNF331	truthbar	1						
ZFP69	ZNF420	truthbar	1						
ZFP69	ZNF461	truthbar	1						
ZFP69	ZNF471	truthbar	1						
ZFP69	ZNF529	truthbar	1						
ZFP69	ZNF540	truthbar	1	0.1629	DN_NC_073224.2_199458269_6	DN_NC_073244.2_49101177_5	0.1084	0.1716	0.1716
ZFP69	ZNF546	genuine	0						
ZFP69	ZNF560	truthbar	1						
ZFP69	ZNF565	truthbar	1						
ZFP69	ZNF566	genuine	0						
ZFP69	ZNF571	truthbar	1	0.1364	DN_NC_073224.2_199458269_6	DN_NC_073244.2_49072464_4	0.1084	0.1879	0.1879
ZFP69	ZNF573	truthbar	1						
ZFP69	ZNF582	truthbar	1						
ZFP69	ZNF583	truthbar	1						
ZFP69	ZNF596	truthbar	1						
ZFP69	ZNF607	truthbar	1						
ZFP69	ZNF665	truthbar	1	0.1534	DN_NC_073224.2_199458269_6	DN_NC_073244.2_65102393_4	0.1084	0.3815	0.3815
ZFP69	ZNF684	truthbar	1						
ZFP69	ZNF780A	truthbar	1						
ZFP69	ZNF780B	truthbar	1						
ZFP69	ZNF790	truthbar	1						
ZFP69	ZNF829	truthbar	1						
ZFP69	ZNF891	truthbar	1						
ZFP69B	ZFP90	truthbar	1	0.1959	DN_NC_073224.2_199494304_6	DN_NC_073242.2_97765438_4	0.1174	0.2426	0.2426
ZFP69B	ZNF181	truthbar	1						
ZFP69B	ZNF2	truthbar	1						
ZFP69B	ZNF248	truthbar	1	0.2546	DN_NC_073224.2_199494304_6	DN_NC_073232.2_81253567_6	0.1174	0.1140	0.1174
ZFP69B	ZNF333	truthbar	1						
ZFP69B	ZNF391	truthbar	1						
ZFP69B	ZNF485	truthbar	1						
ZFP69B	ZNF514	truthbar	1	0.1672	DN_NC_073224.2_199494304_6	DN_NC_073236.2_32302189_6	0.1174	0.1102	0.1174
ZFP69B	ZNF554	truthbar	1						
ZFP69B	ZNF621	truthbar	1						
ZFP69B	ZNF879	truthbar	1						
ZFP82	ZNF177	truthbar	1						
ZFP82	ZNF184	truthbar	1						
ZFP82	ZNF189	truthbar	1						
ZFP82	ZNF266	truthbar	1						
ZFP82	ZNF283	genuine	0	0.3120	DN_NC_073244.2_47586219_5	DN_NC_073244.2_55341363_7	0.2963	0.3000	0.3000
ZFP82	ZNF30	truthbar	1	0.2345	DN_NC_073244.2_45985550_6	DN_NC_073244.2_47586219_5	0.1432	0.2963	0.2963
ZFP82	ZNF329	truthbar	1						
ZFP82	ZNF331	truthbar	1						
ZFP82	ZNF420	truthbar	1	0.3217	DN_NC_073244.2_47586219_5	DN_NC_073244.2_48242798_5	0.2963	0.2498	0.2963
ZFP82	ZNF461	truthbar	1						
ZFP82	ZNF471	truthbar	1						
ZFP82	ZNF529	truthbar	1	0.1488	DN_NC_073244.2_47586219_5	DN_NC_073244.2_47739503_5	0.2963	0.3430	0.3430
ZFP82	ZNF540	truthbar	1						
ZFP82	ZNF546	truthbar	1	0.2922	DN_NC_073244.2_47586219_5	DN_NC_073244.2_51749194_6	0.2963	0.3443	0.3443
ZFP82	ZNF560	truthbar	1						
ZFP82	ZNF565	truthbar	1	0.3242	DN_NC_073244.2_47250467_5	DN_NC_073244.2_47586219_5	0.2541	0.2963	0.2963
ZFP82	ZNF566	truthbar	1	0.1375	DN_NC_073244.2_47586219_5	DN_NC_073244.2_47642985_5	0.2963	0.3037	0.3037
ZFP82	ZNF571	truthbar	1	0.2649	DN_NC_073244.2_47586219_5	DN_NC_073244.2_49072464_4	0.2963	0.1879	0.2963
ZFP82	ZNF573	truthbar	1	0.2418	DN_NC_073244.2_47586219_5	DN_NC_073244.2_49246931_6	0.2963	0.3121	0.3121
ZFP82	ZNF582	truthbar	1	0.1967	DN_NC_073244.2_47586219_5	DN_NC_073244.2_68491976_5	0.2963	0.1818	0.2963
ZFP82	ZNF583	truthbar	1	0.2021	DN_NC_073244.2_47586219_5	DN_NC_073244.2_68513423_5	0.2963	0.2489	0.2963
ZFP82	ZNF596	truthbar	1						
ZFP82	ZNF607	truthbar	1						
ZFP82	ZNF665	truthbar	1	0.2666	DN_NC_073244.2_47586219_5	DN_NC_073244.2_65102393_4	0.2963	0.3815	0.3815
ZFP82	ZNF684	truthbar	1	0.1473	DN_NC_073224.2_199406700_5	DN_NC_073244.2_47586219_5	0.1901	0.2963	0.2963
ZFP82	ZNF780A	truthbar	1	0.1362	DN_NC_073244.2_47586219_5	DN_NC_073244.2_51825388_5	0.2963	0.1618	0.2963
ZFP82	ZNF780B	truthbar	1	0.1594	DN_NC_073244.2_47586219_5	DN_NC_073244.2_51783968_5	0.2963	0.2381	0.2963
ZFP82	ZNF790	truthbar	1	0.3780	DN_NC_073244.2_47586219_5	DN_NC_073244.2_47997304_5	0.2963	0.2772	0.2963
ZFP82	ZNF829	truthbar	1	0.1320	DN_NC_073244.2_47586219_5	DN_NC_073244.2_48066692_6	0.2963	0.4705	0.4705
ZFP82	ZNF891	truthbar	1						
ZFP90	ZNF181	truthbar	1						
ZFP90	ZNF2	truthbar	1	0.1636	DN_NC_073236.2_32278873_5	DN_NC_073242.2_97765438_4	0.1257	0.2426	0.2426
ZFP90	ZNF248	truthbar	1						
ZFP90	ZNF333	truthbar	1						
ZFP90	ZNF391	truthbar	1						
ZFP90	ZNF485	truthbar	1						
ZFP90	ZNF514	truthbar	1						
ZFP90	ZNF554	truthbar	1						
ZFP90	ZNF621	truthbar	1						
ZFP90	ZNF879	truthbar	1						
ZFX	ZFY	TP	1	0.3420	DN_NC_073247.2_34649963_8	DN_NC_073248.2_9517725_8	0.1956	0.1483	0.1956
ZIK1	ZNF132	truthbar	1	0.2431	DN_NC_073244.2_69685721_4	DN_NC_073244.2_70525717_3	0.1567	0.0688	0.1567
ZIK1	ZNF134	truthbar	1	0.2202	DN_NC_073244.2_69685698_2	DN_NC_073244.2_69715828_2	0.1538	0.0963	0.1538
ZIK1	ZNF154	truthbar	1	0.2986	DN_NC_073244.2_69685698_2	DN_NC_073244.2_69799604_5	0.1538	0.1146	0.1538
ZIK1	ZNF256	truthbar	1	0.3315	DN_NC_073244.2_69685698_2	DN_NC_073244.2_70043245_2	0.1538	0.1315	0.1538
ZIK1	ZNF304	truthbar	1	0.1873	DN_NC_073244.2_69454318_2	DN_NC_073244.2_69685713_2	0.0843	0.1623	0.1623
ZIK1	ZNF416	truthbar	1	0.1390	DN_NC_073244.2_69672458_4	DN_NC_073244.2_69685698_2	0.0429	0.1538	0.1538
ZIK1	ZNF418	truthbar	1	0.2017	DN_NC_073244.2_69685698_2	DN_NC_073244.2_70024584_5	0.1538	0.1190	0.1538
ZIK1	ZNF547	truthbar	1						
ZIK1	ZNF548	truthbar	1	0.1823	DN_NC_073244.2_69492904_4	DN_NC_073244.2_69685721_4	0.3216	0.1567	0.3216
ZIK1	ZNF549	truthbar	1						
ZIK1	ZNF551	truthbar	1						
ZIK1	ZNF552	truthbar	1						
ZIK1	ZNF584	truthbar	1						
ZIK1	ZNF586	truthbar	1	0.1416	DN_NC_073244.2_69685698_2	DN_NC_073244.2_69873255_2	0.1538	0.1093	0.1538
ZIK1	ZNF671	truthbar	1	0.2443	DN_NC_073244.2_69685698_2	DN_NC_073244.2_69821764_4	0.1538	0.0491	0.1538
ZIK1	ZNF776	truthbar	1						
ZIK1	ZNF792	truthbar	1	0.1837	DN_NC_073244.2_46013405_4	DN_NC_073244.2_69685721_4	0.1794	0.1567	0.1794
ZKSCAN1	ZNF121	genuine	0						
ZKSCAN1	ZNF232	truthbar	1						
ZKSCAN1	ZNF274	truthbar	1						
ZKSCAN1	ZNF397	truthbar	1						
ZKSCAN1	ZNF436	truthbar	1						
ZKSCAN1	ZNF502	genuine	0						
ZKSCAN1	ZSCAN12	truthbar	1						
ZKSCAN1	ZSCAN16	truthbar	1						
ZKSCAN1	ZSCAN22	truthbar	1						
ZKSCAN1	ZSCAN9	truthbar	1						
ZKSCAN2	ZKSCAN3	genuine	0						
ZKSCAN2	ZKSCAN4	genuine	0						
ZKSCAN2	ZKSCAN5	truthbar	1						
ZKSCAN2	ZNF263	truthbar	1						
ZKSCAN2	ZNF394	genuine	0						
ZKSCAN2	ZNF75A	truthbar	1						
ZKSCAN2	ZNF75D	genuine	0						
ZKSCAN2	ZSCAN21	genuine	0						
ZKSCAN2	ZSCAN29	truthbar	1	0.1776	DN_NC_073240.2_44172340_2	DN_NC_073242.2_24889827_7	0.0683	0.0921	0.0921
ZKSCAN2	ZSCAN30	genuine	0						
ZKSCAN2	ZSCAN31	genuine	0						
ZKSCAN3	ZKSCAN4	TP	1	0.2992	DN_NC_073229.2_45875453_5	DN_NC_073229.2_45985816_6	0.1515	0.2702	0.2702
ZKSCAN3	ZKSCAN5	truthbar	1						
ZKSCAN3	ZNF263	truthbar	1						
ZKSCAN3	ZNF394	truthbar	1	0.1319	DN_NC_073229.2_45985816_6	DN_NC_073230.2_89330255_2	0.2702	0.1803	0.2702
ZKSCAN3	ZNF75A	truthbar	1						
ZKSCAN3	ZNF75D	truthbar	1						
ZKSCAN3	ZSCAN21	truthbar	1	0.1803	DN_NC_073229.2_45985816_6	DN_NC_073230.2_88700652_4	0.2702	0.0916	0.2702
ZKSCAN3	ZSCAN29	genuine	0						
ZKSCAN3	ZSCAN30	truthbar	1						
ZKSCAN3	ZSCAN31	truthbar	1	0.1488	DN_NC_073229.2_45959984_4	DN_NC_073229.2_45985816_6	0.1071	0.2702	0.2702
ZKSCAN4	ZKSCAN5	truthbar	1						
ZKSCAN4	ZNF263	truthbar	1						
ZKSCAN4	ZNF394	truthbar	1	0.1411	DN_NC_073229.2_45875453_5	DN_NC_073230.2_89330255_2	0.1515	0.1803	0.1803
ZKSCAN4	ZNF75A	truthbar	1						
ZKSCAN4	ZNF75D	truthbar	1						
ZKSCAN4	ZSCAN21	truthbar	1	0.1583	DN_NC_073229.2_45875453_5	DN_NC_073230.2_88700652_4	0.1515	0.0916	0.1515
ZKSCAN4	ZSCAN29	genuine	0						
ZKSCAN4	ZSCAN30	truthbar	1						
ZKSCAN4	ZSCAN31	truthbar	1	0.1617	DN_NC_073229.2_45875453_5	DN_NC_073229.2_45959984_4	0.1515	0.1071	0.1515
ZKSCAN5	ZNF263	truthbar	1						
ZKSCAN5	ZNF394	truthbar	1						
ZKSCAN5	ZNF75A	truthbar	1						
ZKSCAN5	ZNF75D	genuine	0						
ZKSCAN5	ZSCAN21	truthbar	1	0.1431	DN_NC_073230.2_88700652_4	DN_NC_073230.2_89296262_6	0.0916	0.0624	0.0916
ZKSCAN5	ZSCAN29	truthbar	1						
ZKSCAN5	ZSCAN30	truthbar	1						
ZKSCAN5	ZSCAN31	truthbar	1						
ZKSCAN7	ZNF165	truthbar	1	0.2263	DN_NC_073229.2_45706582_4	DN_NC_086017.1_54457640_6	0.1985	0.1248	0.1985
ZKSCAN7	ZNF197	truthbar	1	0.2943	DN_NC_086017.1_54457640_6	DN_NC_086017.1_54527845_6	0.1248	0.2099	0.2099
ZKSCAN7	ZNF594	truthbar	1						
ZKSCAN7	ZNF660	genuine	0	0.3889	DN_NC_086017.1_54457640_6	DN_NC_086017.1_54487757_3	0.1248	0.2863	0.2863
ZKSCAN7	ZNF699	truthbar	1						
ZKSCAN7	ZNF778	genuine	0						
ZKSCAN7	ZSCAN2	truthbar	1						
ZNF10	ZNF140	truthbar	1						
ZNF10	ZNF157	truthbar	1						
ZNF10	ZNF175	truthbar	1						
ZNF10	ZNF180	truthbar	1	0.1850	DN_NC_073234.2_148630977_5	DN_NC_073244.2_55989141_5	0.1310	0.1121	0.1310
ZNF10	ZNF182	truthbar	1						
ZNF10	ZNF25	truthbar	1						
ZNF10	ZNF26	truthbar	1						
ZNF10	ZNF260	truthbar	1						
ZNF10	ZNF268	truthbar	1						
ZNF10	ZNF287	truthbar	1						
ZNF10	ZNF300	truthbar	1						
ZNF10	ZNF302	truthbar	1						
ZNF10	ZNF334	truthbar	1	0.1962	DN_NC_073234.2_148630977_5	DN_NC_073245.2_58728682_5	0.1310	0.1278	0.1310
ZNF10	ZNF33B	truthbar	1	0.1707	DN_NC_073232.2_72820474_5	DN_NC_073234.2_148630977_5	0.2521	0.1310	0.2521
ZNF10	ZNF354A	truthbar	1						
ZNF10	ZNF354B	truthbar	1						
ZNF10	ZNF382	truthbar	1						
ZNF10	ZNF41	truthbar	1						
ZNF10	ZNF432	truthbar	1						
ZNF10	ZNF484	truthbar	1						
ZNF10	ZNF487	truthbar	1						
ZNF10	ZNF501	genuine	0						
ZNF10	ZNF510	truthbar	1						
ZNF10	ZNF527	truthbar	1						
ZNF10	ZNF565	truthbar	1						
ZNF10	ZNF567	truthbar	1	0.2908	DN_NC_073234.2_148630977_5	DN_NC_073244.2_47878793_6	0.1310	0.1800	0.1800
ZNF10	ZNF568	truthbar	1	0.2036	DN_NC_073234.2_148630977_5	DN_NC_073244.2_48093173_7	0.1310	0.3190	0.3190
ZNF10	ZNF569	truthbar	1						
ZNF10	ZNF577	truthbar	1						
ZNF10	ZNF585A	truthbar	1						
ZNF10	ZNF585B	truthbar	1						
ZNF10	ZNF605	truthbar	1						
ZNF10	ZNF606	truthbar	1						
ZNF10	ZNF613	truthbar	1						
ZNF10	ZNF614	truthbar	1						
ZNF10	ZNF615	truthbar	1						
ZNF10	ZNF624	truthbar	1						
ZNF10	ZNF649	truthbar	1						
ZNF10	ZNF674	truthbar	1						
ZNF10	ZNF717	truthbar	1						
ZNF10	ZNF782	truthbar	1						
ZNF10	ZNF81	truthbar	1						
ZNF10	ZNF84	truthbar	1						
ZNF10	ZNF883	truthbar	1	0.1553	DN_NC_073234.2_148630977_5	DN_NC_073237.2_109230975_4	0.1310	0.2819	0.2819
ZNF112	ZNF155	truthbar	1	0.1581	DN_NC_073244.2_55497464_5	DN_NC_073244.2_55835875_4	0.1626	0.1143	0.1626
ZNF112	ZNF214	genuine	0						
ZNF112	ZNF221	truthbar	1	0.2698	DN_NC_073244.2_55464824_5	DN_NC_073244.2_55835875_4	0.1676	0.1143	0.1676
ZNF112	ZNF222	genuine	0	0.2263	DN_NC_073244.2_55538420_4	DN_NC_073244.2_55835875_4	0.1228	0.1143	0.1228
ZNF112	ZNF224	truthbar	1	0.1644	DN_NC_073244.2_55607411_6	DN_NC_073244.2_55835875_4	0.1220	0.1143	0.1220
ZNF112	ZNF225	truthbar	1	0.1457	DN_NC_073244.2_55626504_5	DN_NC_073244.2_55835875_4	0.1971	0.1143	0.1971
ZNF112	ZNF229	truthbar	1	0.1541	DN_NC_073244.2_55835875_4	DN_NC_073244.2_55940471_6	0.1143	0.1795	0.1795
ZNF112	ZNF230	genuine	0	0.1470	DN_NC_073244.2_55516115_5	DN_NC_073244.2_55835875_4	0.1521	0.1143	0.1521
ZNF112	ZNF233	truthbar	1	0.1836	DN_NC_073244.2_55771764_5	DN_NC_073244.2_55835875_4	0.1166	0.1143	0.1166
ZNF112	ZNF234	truthbar	1	0.2298	DN_NC_073244.2_55654796_6	DN_NC_073244.2_55835875_4	0.2861	0.1143	0.2861
ZNF112	ZNF235	truthbar	1	0.1809	DN_NC_073244.2_55797441_5	DN_NC_073244.2_55835875_4	0.1122	0.1143	0.1143
ZNF112	ZNF239	genuine	0	0.2521	DN_NC_073232.2_71881634_2	DN_NC_073244.2_55835875_4	0.0561	0.1143	0.1143
ZNF112	ZNF284	truthbar	1	0.1924	DN_NC_073244.2_55585242_5	DN_NC_073244.2_55835875_4	0.3981	0.1143	0.3981
ZNF112	ZNF285	truthbar	1						
ZNF112	ZNF45	truthbar	1	0.1767	DN_NC_073244.2_55426973_9	DN_NC_073244.2_55835875_4	0.2262	0.1143	0.2262
ZNF121	ZNF232	genuine	0						
ZNF121	ZNF274	genuine	0						
ZNF121	ZNF397	genuine	0	0.2167	DN_NC_073241.2_64468689_4	DN_NC_073244.2_15605841_4	0.2853	0.3827	0.3827
ZNF121	ZNF436	truthbar	1						
ZNF121	ZNF502	truthbar	1	0.1586	DN_NC_073244.2_15605841_4	DN_NC_086017.1_54612772_3	0.3827	0.1708	0.3827
ZNF121	ZSCAN12	truthbar	1						
ZNF121	ZSCAN16	genuine	0						
ZNF121	ZSCAN22	genuine	0						
ZNF121	ZSCAN9	genuine	0						
ZNF124	ZNF136	truthbar	1						
ZNF124	ZNF14	truthbar	1	0.1840	DN_NC_073224.2_8261601_4	DN_NC_073244.2_26156853_4	0.2609	0.3080	0.3080
ZNF124	ZNF426	truthbar	1	0.1781	DN_NC_073224.2_8261601_4	DN_NC_073244.2_15569240_8	0.2609	0.2474	0.2609
ZNF124	ZNF433	truthbar	1	0.2251	DN_NC_073224.2_8261601_4	DN_NC_073244.2_18047026_4	0.2609	0.2906	0.2906
ZNF124	ZNF440	truthbar	1						
ZNF124	ZNF441	genuine	0	0.1525	DN_NC_073224.2_8261601_4	DN_NC_073244.2_17797611_4	0.2609	0.3134	0.3134
ZNF124	ZNF443	truthbar	1						
ZNF124	ZNF490	truthbar	1	0.1358	DN_NC_073224.2_8261601_4	DN_NC_073244.2_18614963_5	0.2609	0.3893	0.3893
ZNF124	ZNF563	truthbar	1	0.1745	DN_NC_073224.2_8261601_4	DN_NC_073244.2_18356684_4	0.2609	0.3045	0.3045
ZNF124	ZNF564	truthbar	1	0.1340	DN_NC_073224.2_8261601_4	DN_NC_073244.2_18564507_4	0.2609	0.3214	0.3214
ZNF124	ZNF57	truthbar	1						
ZNF124	ZNF627	truthbar	1	0.1674	DN_NC_073224.2_8261601_4	DN_NC_073244.2_17635782_4	0.2609	0.2854	0.2854
ZNF124	ZNF669	truthbar	1	0.2198	DN_NC_073224.2_8261601_4	DN_NC_073224.2_8329397_4	0.2609	0.3619	0.3619
ZNF124	ZNF670	truthbar	1	0.2085	DN_NC_073224.2_8261601_4	DN_NC_073224.2_8356715_4	0.2609	0.1978	0.2609
ZNF124	ZNF77	truthbar	1						
ZNF124	ZNF791	truthbar	1	0.2233	DN_NC_073224.2_8261601_4	DN_NC_073244.2_18649721_4	0.2609	0.4193	0.4193
ZNF124	ZNF799	truthbar	1						
ZNF124	ZNF823	truthbar	1	0.2079	DN_NC_073224.2_8261601_4	DN_NC_073244.2_17751582_4	0.2609	0.2133	0.2609
ZNF132	ZNF134	truthbar	1	0.1938	DN_NC_073244.2_69715659_3	DN_NC_073244.2_70525717_3	0.1130	0.0688	0.1130
ZNF132	ZNF154	truthbar	1	0.1768	DN_NC_073244.2_69799604_5	DN_NC_073244.2_70525717_3	0.1146	0.0688	0.1146
ZNF132	ZNF256	truthbar	1	0.4664	DN_NC_073244.2_70043245_2	DN_NC_073244.2_70525717_3	0.1315	0.0688	0.1315
ZNF132	ZNF304	truthbar	1						
ZNF132	ZNF416	truthbar	1	0.2268	DN_NC_073244.2_69672458_4	DN_NC_073244.2_70525717_3	0.0429	0.0688	0.0688
ZNF132	ZNF418	truthbar	1	0.1446	DN_NC_073244.2_70024584_5	DN_NC_073244.2_70525717_3	0.1190	0.0688	0.1190
ZNF132	ZNF547	truthbar	1						
ZNF132	ZNF548	truthbar	1	0.2346	DN_NC_073244.2_69492904_4	DN_NC_073244.2_70525717_3	0.3216	0.0688	0.3216
ZNF132	ZNF549	truthbar	1						
ZNF132	ZNF551	truthbar	1	0.1923	DN_NC_073244.2_69783488_3	DN_NC_073244.2_70525717_3	0.2220	0.0688	0.2220
ZNF132	ZNF552	truthbar	1						
ZNF132	ZNF584	TP	1						
ZNF132	ZNF586	genuine	0	0.1403	DN_NC_073244.2_69873255_2	DN_NC_073244.2_70525717_3	0.1093	0.0688	0.1093
ZNF132	ZNF671	truthbar	1	0.1854	DN_NC_073244.2_69821764_4	DN_NC_073244.2_70525717_3	0.0491	0.0688	0.0688
ZNF132	ZNF776	truthbar	1	0.1440	DN_NC_073244.2_69848672_3	DN_NC_073244.2_70525717_3	0.1771	0.0688	0.1771
ZNF132	ZNF792	truthbar	1	0.2355	DN_NC_073244.2_46013405_4	DN_NC_073244.2_70525717_3	0.1794	0.0688	0.1794
ZNF133	ZNF169	truthbar	1	0.2094	DN_NC_073237.2_90719098_5	DN_NC_073245.2_28291357_5	0.1495	0.0527	0.1495
ZNF133	ZNF337	truthbar	1	0.1961	DN_NC_073245.2_28291357_5	DN_NC_073245.2_35678256_5	0.0527	0.0612	0.0612
ZNF133	ZNF343	truthbar	1	0.3557	DN_NC_073245.2_12403861_6	DN_NC_073245.2_28291357_5	0.0252	0.0527	0.0527
ZNF133	ZNF589	truthbar	1						
ZNF133	ZNF875	truthbar	1	0.4062	DN_NC_073244.2_48583045_5	DN_NC_073245.2_28291357_5	0.0743	0.0527	0.0743
ZNF134	ZNF154	truthbar	1	0.2402	DN_NC_073244.2_69715659_3	DN_NC_073244.2_69799604_5	0.1130	0.1146	0.1146
ZNF134	ZNF256	truthbar	1	0.2989	DN_NC_073244.2_69715828_2	DN_NC_073244.2_70043245_2	0.0963	0.1315	0.1315
ZNF134	ZNF304	truthbar	1	0.1593	DN_NC_073244.2_69454318_2	DN_NC_073244.2_69715659_3	0.0843	0.1130	0.1130
ZNF134	ZNF416	truthbar	1	0.1411	DN_NC_073244.2_69672458_4	DN_NC_073244.2_69715659_3	0.0429	0.1130	0.1130
ZNF134	ZNF418	truthbar	1						
ZNF134	ZNF547	truthbar	1	0.1430	DN_NC_073244.2_69466443_4	DN_NC_073244.2_69715828_2	0.1876	0.0963	0.1876
ZNF134	ZNF548	truthbar	1						
ZNF134	ZNF549	truthbar	1						
ZNF134	ZNF551	genuine	0	0.2104	DN_NC_073244.2_69715828_2	DN_NC_073244.2_69783488_3	0.0963	0.2220	0.2220
ZNF134	ZNF552	truthbar	1						
ZNF134	ZNF584	truthbar	1						
ZNF134	ZNF586	truthbar	1						
ZNF134	ZNF671	truthbar	1	0.1493	DN_NC_073244.2_69715828_2	DN_NC_073244.2_69821764_4	0.0963	0.0491	0.0963
ZNF134	ZNF776	truthbar	1						
ZNF134	ZNF792	truthbar	1						
ZNF135	ZNF16	truthbar	1	0.3968	DN_NC_073231.2_150777699_3	DN_NC_073244.2_70159242_5	0.1529	0.1078	0.1529
ZNF135	ZNF250	truthbar	1	0.2633	DN_NC_073231.2_150726059_5	DN_NC_073244.2_70159242_5	0.2356	0.1078	0.2356
ZNF135	ZNF251	truthbar	1						
ZNF135	ZNF3	genuine	0	0.2454	DN_NC_073230.2_88683937_6	DN_NC_073244.2_70159242_5	0.1096	0.1078	0.1096
ZNF135	ZNF34	truthbar	1	0.3641	DN_NC_073231.2_150618111_5	DN_NC_073244.2_70159242_5	0.2696	0.1078	0.2696
ZNF135	ZNF544	truthbar	1	0.1963	DN_NC_073244.2_70159242_5	DN_NC_073244.2_70323040_7	0.1078	0.1872	0.1872
ZNF135	ZNF623	truthbar	1						
ZNF135	ZNF70	truthbar	1	0.1868	DN_NC_073244.2_70159242_5	DN_NC_086018.1_21231592_2	0.1078	0.1324	0.1324
ZNF135	ZNF79	truthbar	1	0.1525	DN_NC_073237.2_123801018_5	DN_NC_073244.2_70159242_5	0.1893	0.1078	0.1893
ZNF135	ZNF892	truthbar	1						
ZNF136	ZNF14	truthbar	1						
ZNF136	ZNF426	truthbar	1						
ZNF136	ZNF433	truthbar	1	0.2500	DN_NC_073244.2_18047026_4	DN_NC_073244.2_18201516_4	0.2906	0.2902	0.2906
ZNF136	ZNF440	truthbar	1	0.2755	DN_NC_073244.2_17846610_4	DN_NC_073244.2_18201516_4	0.2517	0.2902	0.2902
ZNF136	ZNF441	truthbar	1	0.1841	DN_NC_073244.2_17797611_4	DN_NC_073244.2_18201516_4	0.3134	0.2902	0.3134
ZNF136	ZNF443	truthbar	1	0.2404	DN_NC_073244.2_18201516_4	DN_NC_073244.2_18470484_4	0.2902	0.1929	0.2902
ZNF136	ZNF490	truthbar	1						
ZNF136	ZNF563	truthbar	1	0.2781	DN_NC_073244.2_18201516_4	DN_NC_073244.2_18356684_4	0.2902	0.3045	0.3045
ZNF136	ZNF564	truthbar	1	0.3634	DN_NC_073244.2_18201516_4	DN_NC_073244.2_18564507_4	0.2902	0.3214	0.3214
ZNF136	ZNF57	truthbar	1	0.1601	DN_NC_073244.2_18201516_4	DN_NC_073244.2_8680135_4	0.2902	0.2270	0.2902
ZNF136	ZNF627	truthbar	1	0.1576	DN_NC_073244.2_17635782_4	DN_NC_073244.2_18201516_4	0.2854	0.2902	0.2902
ZNF136	ZNF669	truthbar	1	0.1739	DN_NC_073224.2_8329397_4	DN_NC_073244.2_18201516_4	0.3619	0.2902	0.3619
ZNF136	ZNF670	truthbar	1	0.1514	DN_NC_073224.2_8356715_4	DN_NC_073244.2_18201516_4	0.1978	0.2902	0.2902
ZNF136	ZNF77	truthbar	1	0.1489	DN_NC_073244.2_18201516_4	DN_NC_073244.2_8711681_4	0.2902	0.1126	0.2902
ZNF136	ZNF791	truthbar	1	0.2780	DN_NC_073244.2_18201516_4	DN_NC_073244.2_18649721_4	0.2902	0.4193	0.4193
ZNF136	ZNF799	truthbar	1	0.2854	DN_NC_073244.2_18201516_4	DN_NC_073244.2_18426035_4	0.2902	0.2437	0.2902
ZNF136	ZNF823	truthbar	1	0.4998	DN_NC_073244.2_17751584_2	DN_NC_073244.2_18201516_4	0.2238	0.2902	0.2902
ZNF14	ZNF426	truthbar	1	0.1382	DN_NC_073244.2_15569240_8	DN_NC_073244.2_26156853_4	0.2474	0.3080	0.3080
ZNF14	ZNF433	truthbar	1	0.3534	DN_NC_073244.2_18047026_4	DN_NC_073244.2_26156853_4	0.2906	0.3080	0.3080
ZNF14	ZNF440	truthbar	1	0.2514	DN_NC_073244.2_17846610_4	DN_NC_073244.2_26156853_4	0.2517	0.3080	0.3080
ZNF14	ZNF441	truthbar	1	0.1870	DN_NC_073244.2_17797611_4	DN_NC_073244.2_26156853_4	0.3134	0.3080	0.3134
ZNF14	ZNF443	truthbar	1	0.1538	DN_NC_073244.2_18470484_4	DN_NC_073244.2_26156853_4	0.1929	0.3080	0.3080
ZNF14	ZNF490	truthbar	1						
ZNF14	ZNF563	truthbar	1	0.2115	DN_NC_073244.2_18356684_4	DN_NC_073244.2_26156853_4	0.3045	0.3080	0.3080
ZNF14	ZNF564	truthbar	1	0.1400	DN_NC_073244.2_18564507_4	DN_NC_073244.2_26156853_4	0.3214	0.3080	0.3214
ZNF14	ZNF57	truthbar	1	0.2651	DN_NC_073244.2_26156853_4	DN_NC_073244.2_8680135_4	0.3080	0.2270	0.3080
ZNF14	ZNF627	truthbar	1	0.1632	DN_NC_073244.2_17635782_4	DN_NC_073244.2_26156853_4	0.2854	0.3080	0.3080
ZNF14	ZNF669	truthbar	1	0.2485	DN_NC_073224.2_8329397_4	DN_NC_073244.2_26156853_4	0.3619	0.3080	0.3619
ZNF14	ZNF670	truthbar	1						
ZNF14	ZNF77	truthbar	1	0.1819	DN_NC_073244.2_26156853_4	DN_NC_073244.2_8711681_4	0.3080	0.1126	0.3080
ZNF14	ZNF791	truthbar	1	0.2009	DN_NC_073244.2_18649721_4	DN_NC_073244.2_26156853_4	0.4193	0.3080	0.4193
ZNF14	ZNF799	truthbar	1						
ZNF14	ZNF823	truthbar	1	0.2018	DN_NC_073244.2_17751584_2	DN_NC_073244.2_26156853_4	0.2238	0.3080	0.3080
ZNF140	ZNF157	truthbar	1						
ZNF140	ZNF175	truthbar	1						
ZNF140	ZNF180	genuine	0						
ZNF140	ZNF182	truthbar	1						
ZNF140	ZNF25	truthbar	1						
ZNF140	ZNF26	truthbar	1						
ZNF140	ZNF260	truthbar	1						
ZNF140	ZNF268	truthbar	1						
ZNF140	ZNF287	truthbar	1						
ZNF140	ZNF300	truthbar	1						
ZNF140	ZNF302	truthbar	1						
ZNF140	ZNF334	truthbar	1						
ZNF140	ZNF33B	truthbar	1	0.1593	DN_NC_073232.2_72820474_5	DN_NC_073234.2_148580749_5	0.2521	0.1458	0.2521
ZNF140	ZNF354A	truthbar	1						
ZNF140	ZNF354B	truthbar	1						
ZNF140	ZNF382	truthbar	1						
ZNF140	ZNF41	truthbar	1						
ZNF140	ZNF432	truthbar	1						
ZNF140	ZNF484	genuine	0						
ZNF140	ZNF487	truthbar	1						
ZNF140	ZNF501	truthbar	1						
ZNF140	ZNF510	truthbar	1						
ZNF140	ZNF527	truthbar	1	0.1900	DN_NC_073234.2_148580749_5	DN_NC_073244.2_48620420_5	0.1458	0.2697	0.2697
ZNF140	ZNF565	truthbar	1						
ZNF140	ZNF567	truthbar	1						
ZNF140	ZNF568	truthbar	1	0.1683	DN_NC_073234.2_148580749_5	DN_NC_073244.2_48093173_7	0.1458	0.3190	0.3190
ZNF140	ZNF569	truthbar	1						
ZNF140	ZNF577	truthbar	1						
ZNF140	ZNF585A	truthbar	1						
ZNF140	ZNF585B	genuine	0						
ZNF140	ZNF605	truthbar	1						
ZNF140	ZNF606	truthbar	1						
ZNF140	ZNF613	truthbar	1						
ZNF140	ZNF614	truthbar	1						
ZNF140	ZNF615	truthbar	1						
ZNF140	ZNF624	truthbar	1						
ZNF140	ZNF649	truthbar	1						
ZNF140	ZNF674	truthbar	1						
ZNF140	ZNF717	truthbar	1	0.1870	DN_NC_073234.2_148580749_5	DN_NC_086017.1_85766278_5	0.1458	0.1562	0.1562
ZNF140	ZNF782	genuine	0						
ZNF140	ZNF81	truthbar	1						
ZNF140	ZNF84	truthbar	1						
ZNF140	ZNF883	truthbar	1	0.1631	DN_NC_073234.2_148580749_5	DN_NC_073237.2_109230975_4	0.1458	0.2819	0.2819
ZNF141	ZNF195	truthbar	1						
ZNF141	ZNF254	truthbar	1	0.1365	DN_NC_073227.2_8907801_4	DN_NC_073244.2_30438340_4	0.2847	0.3798	0.3798
ZNF141	ZNF267	truthbar	1						
ZNF141	ZNF273	truthbar	1	0.2531	DN_NC_073227.2_8907801_4	DN_NC_073230.2_74299233_4	0.2847	0.3847	0.3847
ZNF141	ZNF28	genuine	0						
ZNF141	ZNF347	truthbar	1						
ZNF141	ZNF415	truthbar	1	0.1343	DN_NC_073227.2_8907801_4	DN_NC_073244.2_65046428_2	0.2847	0.1755	0.2847
ZNF141	ZNF429	truthbar	1	0.3424	DN_NC_073227.2_8907801_4	DN_NC_073244.2_27956158_2	0.2847	0.5265	0.5265
ZNF141	ZNF43	truthbar	1	0.2285	DN_NC_073227.2_8907801_4	DN_NC_073244.2_28333451_4	0.2847	0.4625	0.4625
ZNF141	ZNF430	truthbar	1	0.2561	DN_NC_073227.2_8907801_4	DN_NC_073244.2_27504818_5	0.2847	0.4270	0.4270
ZNF141	ZNF468	truthbar	1						
ZNF141	ZNF480	truthbar	1						
ZNF141	ZNF486	truthbar	1	0.1930	DN_NC_073227.2_8907801_4	DN_NC_073244.2_26666712_5	0.2847	0.4566	0.4566
ZNF141	ZNF506	truthbar	1	0.2115	DN_NC_073227.2_8907801_4	DN_NC_073244.2_26240039_2	0.2847	0.4246	0.4246
ZNF141	ZNF519	truthbar	1						
ZNF141	ZNF528	truthbar	1						
ZNF141	ZNF578	truthbar	1	0.1412	DN_NC_073227.2_8907801_4	DN_NC_073244.2_64426370_6	0.2847	0.4463	0.4463
ZNF141	ZNF595	truthbar	1	0.3422	DN_NC_073227.2_8633418_2	DN_NC_073227.2_8907801_4	0.5689	0.2847	0.5689
ZNF141	ZNF600	truthbar	1						
ZNF141	ZNF611	truthbar	1						
ZNF141	ZNF616	truthbar	1						
ZNF141	ZNF626	truthbar	1	0.2398	DN_NC_073227.2_8907801_4	DN_NC_073244.2_27131194_2	0.2847	0.4557	0.4557
ZNF141	ZNF655	truthbar	1						
ZNF141	ZNF675	truthbar	1	0.2475	DN_NC_073227.2_8907801_4	DN_NC_073244.2_29970261_4	0.2847	0.3774	0.3774
ZNF141	ZNF678	truthbar	1	0.1708	DN_NC_073224.2_40627195_4	DN_NC_073227.2_8907801_4	0.3220	0.2847	0.3220
ZNF141	ZNF680	truthbar	1	0.1810	DN_NC_073227.2_8907801_4	DN_NC_073230.2_73977205_4	0.2847	0.3066	0.3066
ZNF141	ZNF681	truthbar	1	0.1529	DN_NC_073227.2_8907801_4	DN_NC_073244.2_30067652_4	0.2847	0.4267	0.4267
ZNF141	ZNF682	truthbar	1	0.2884	DN_NC_073227.2_8907801_4	DN_NC_073244.2_26470366_4	0.2847	0.3255	0.3255
ZNF141	ZNF695	truthbar	1	0.2652	DN_NC_073224.2_8422960_4	DN_NC_073227.2_8907801_4	0.3045	0.2847	0.3045
ZNF141	ZNF701	truthbar	1						
ZNF141	ZNF721	genuine	0	0.1567	DN_NC_073227.2_8907801_4	DN_NC_073227.2_9010062_2	0.2847	0.3953	0.3953
ZNF141	ZNF723	truthbar	1	0.2470	DN_NC_073227.2_8907801_4	DN_NC_073244.2_29232445_4	0.2847	0.5099	0.5099
ZNF141	ZNF727	truthbar	1	0.1812	DN_NC_073227.2_8907801_4	DN_NC_073230.2_73508332_4	0.2847	0.3146	0.3146
ZNF141	ZNF736	truthbar	1	0.1592	DN_NC_073227.2_8907801_4	DN_NC_073230.2_73776646_4	0.2847	0.3000	0.3000
ZNF141	ZNF761	truthbar	1						
ZNF141	ZNF766	truthbar	1						
ZNF141	ZNF8	truthbar	1						
ZNF141	ZNF808	truthbar	1						
ZNF141	ZNF813	truthbar	1						
ZNF141	ZNF83	truthbar	1	0.2171	DN_NC_073227.2_8907801_4	DN_NC_073244.2_64585864_4	0.2847	0.3038	0.3038
ZNF141	ZNF836	truthbar	1						
ZNF141	ZNF841	truthbar	1						
ZNF141	ZNF888	truthbar	1						
ZNF141	ZNF91	genuine	0	0.1927	DN_NC_073227.2_8907801_4	DN_NC_073244.2_29680825_2	0.2847	0.5202	0.5202
ZNF141	ZNF92	truthbar	1	0.1401	DN_NC_073227.2_8907801_4	DN_NC_073230.2_74637722_4	0.2847	0.3318	0.3318
ZNF154	ZNF256	truthbar	1	0.4243	DN_NC_073244.2_69799604_5	DN_NC_073244.2_70043245_2	0.1146	0.1315	0.1315
ZNF154	ZNF304	truthbar	1						
ZNF154	ZNF416	truthbar	1	0.2076	DN_NC_073244.2_69672458_4	DN_NC_073244.2_69799604_5	0.0429	0.1146	0.1146
ZNF154	ZNF418	truthbar	1	0.1514	DN_NC_073244.2_69799604_5	DN_NC_073244.2_70024584_5	0.1146	0.1190	0.1190
ZNF154	ZNF547	truthbar	1						
ZNF154	ZNF548	truthbar	1	0.3316	DN_NC_073244.2_69492904_4	DN_NC_073244.2_69799604_5	0.3216	0.1146	0.3216
ZNF154	ZNF549	truthbar	1	0.1772	DN_NC_073244.2_69628878_4	DN_NC_073244.2_69799604_5	0.1653	0.1146	0.1653
ZNF154	ZNF551	genuine	0	0.1738	DN_NC_073244.2_69783488_3	DN_NC_073244.2_69799604_5	0.2220	0.1146	0.2220
ZNF154	ZNF552	truthbar	1	0.2581	DN_NC_073244.2_69799604_5	DN_NC_073244.2_69910623_3	0.1146	0.2808	0.2808
ZNF154	ZNF584	truthbar	1						
ZNF154	ZNF586	truthbar	1						
ZNF154	ZNF671	truthbar	1	0.2709	DN_NC_073244.2_69799604_5	DN_NC_073244.2_69821764_4	0.1146	0.0491	0.1146
ZNF154	ZNF776	truthbar	1	0.1442	DN_NC_073244.2_69799604_5	DN_NC_073244.2_69848672_3	0.1146	0.1771	0.1771
ZNF154	ZNF792	truthbar	1	0.2829	DN_NC_073244.2_46013405_4	DN_NC_073244.2_69799604_5	0.1794	0.1146	0.1794
ZNF155	ZNF214	truthbar	1						
ZNF155	ZNF221	truthbar	1	0.5165	DN_NC_073244.2_55464824_5	DN_NC_073244.2_55497464_5	0.1676	0.1626	0.1676
ZNF155	ZNF222	truthbar	1	0.5347	DN_NC_073244.2_55497464_5	DN_NC_073244.2_55538420_4	0.1626	0.1228	0.1626
ZNF155	ZNF224	truthbar	1	0.4062	DN_NC_073244.2_55497464_5	DN_NC_073244.2_55607411_6	0.1626	0.1220	0.1626
ZNF155	ZNF225	truthbar	1	0.3945	DN_NC_073244.2_55497464_5	DN_NC_073244.2_55626504_5	0.1626	0.1971	0.1971
ZNF155	ZNF229	genuine	0						
ZNF155	ZNF230	truthbar	1	0.1542	DN_NC_073244.2_55497464_5	DN_NC_073244.2_55516115_5	0.1626	0.1521	0.1626
ZNF155	ZNF233	truthbar	1						
ZNF155	ZNF234	truthbar	1	0.2698	DN_NC_073244.2_55497464_5	DN_NC_073244.2_55654796_6	0.1626	0.2861	0.2861
ZNF155	ZNF235	truthbar	1	0.1905	DN_NC_073244.2_55497464_5	DN_NC_073244.2_55797441_5	0.1626	0.1122	0.1626
ZNF155	ZNF239	truthbar	1						
ZNF155	ZNF284	truthbar	1	0.2560	DN_NC_073244.2_55497464_5	DN_NC_073244.2_55585242_5	0.1626	0.3981	0.3981
ZNF155	ZNF285	truthbar	1						
ZNF155	ZNF45	truthbar	1	0.1949	DN_NC_073244.2_55426973_9	DN_NC_073244.2_55497464_5	0.2262	0.1626	0.2262
ZNF157	ZNF175	truthbar	1						
ZNF157	ZNF180	genuine	0						
ZNF157	ZNF182	truthbar	1	0.3061	DN_NC_073247.2_57761829_5	DN_NC_073247.2_58372296_6	0.2497	0.1467	0.2497
ZNF157	ZNF25	truthbar	1						
ZNF157	ZNF26	truthbar	1						
ZNF157	ZNF260	truthbar	1	0.2038	DN_NC_073244.2_47706466_2	DN_NC_073247.2_57761829_5	0.2991	0.2497	0.2991
ZNF157	ZNF268	truthbar	1						
ZNF157	ZNF287	truthbar	1						
ZNF157	ZNF300	truthbar	1	0.1807	DN_NC_073228.2_154747841_5	DN_NC_073247.2_57761829_5	0.1543	0.2497	0.2497
ZNF157	ZNF302	truthbar	1						
ZNF157	ZNF334	truthbar	1						
ZNF157	ZNF33B	truthbar	1	0.1887	DN_NC_073232.2_72820474_5	DN_NC_073247.2_57761829_5	0.2521	0.2497	0.2521
ZNF157	ZNF354A	truthbar	1						
ZNF157	ZNF354B	truthbar	1						
ZNF157	ZNF382	truthbar	1	0.1636	DN_NC_073244.2_47798559_5	DN_NC_073247.2_57761829_5	0.2005	0.2497	0.2497
ZNF157	ZNF41	truthbar	1						
ZNF157	ZNF432	truthbar	1						
ZNF157	ZNF484	genuine	0						
ZNF157	ZNF487	genuine	0						
ZNF157	ZNF501	truthbar	1						
ZNF157	ZNF510	truthbar	1						
ZNF157	ZNF527	truthbar	1	0.1488	DN_NC_073244.2_48620420_5	DN_NC_073247.2_57761829_5	0.2697	0.2497	0.2697
ZNF157	ZNF565	truthbar	1						
ZNF157	ZNF567	truthbar	1	0.3309	DN_NC_073244.2_47878793_6	DN_NC_073247.2_57761829_5	0.1800	0.2497	0.2497
ZNF157	ZNF568	truthbar	1	0.1901	DN_NC_073244.2_48093173_7	DN_NC_073247.2_57761829_5	0.3190	0.2497	0.3190
ZNF157	ZNF569	truthbar	1						
ZNF157	ZNF577	truthbar	1	0.2062	DN_NC_073244.2_63840101_6	DN_NC_073247.2_57761829_5	0.1892	0.2497	0.2497
ZNF157	ZNF585A	truthbar	1	0.2028	DN_NC_073244.2_48319142_5	DN_NC_073247.2_57761829_5	0.1403	0.2497	0.2497
ZNF157	ZNF585B	truthbar	1	0.2581	DN_NC_073244.2_48352926_4	DN_NC_073247.2_57761829_5	0.1502	0.2497	0.2497
ZNF157	ZNF605	truthbar	1	0.1643	DN_NC_073234.2_148420424_5	DN_NC_073247.2_57761829_5	0.0953	0.2497	0.2497
ZNF157	ZNF606	genuine	0						
ZNF157	ZNF613	truthbar	1	0.2752	DN_NC_073244.2_63895938_6	DN_NC_073247.2_57761829_5	0.1312	0.2497	0.2497
ZNF157	ZNF614	truthbar	1	0.1338	DN_NC_073244.2_63983979_5	DN_NC_073247.2_57761829_5	0.1252	0.2497	0.2497
ZNF157	ZNF615	truthbar	1						
ZNF157	ZNF624	truthbar	1	0.1643	DN_NC_073228.2_83513581_6	DN_NC_073247.2_57761829_5	0.2734	0.2497	0.2734
ZNF157	ZNF649	truthbar	1						
ZNF157	ZNF674	truthbar	1	0.2469	DN_NC_073247.2_56899135_7	DN_NC_073247.2_57761829_5	0.2309	0.2497	0.2497
ZNF157	ZNF717	truthbar	1	0.1475	DN_NC_073247.2_57761829_5	DN_NC_086017.1_85766278_5	0.2497	0.1562	0.2497
ZNF157	ZNF782	truthbar	1	0.1854	DN_NC_073237.2_93275727_4	DN_NC_073247.2_57761829_5	0.1049	0.2497	0.2497
ZNF157	ZNF81	truthbar	1						
ZNF157	ZNF84	truthbar	1						
ZNF157	ZNF883	truthbar	1						
ZNF16	ZNF250	truthbar	1						
ZNF16	ZNF251	genuine	0	0.2866	DN_NC_073231.2_150568091_5	DN_NC_073231.2_150777699_3	0.1298	0.1529	0.1529
ZNF16	ZNF3	genuine	0	0.2148	DN_NC_073230.2_88683937_6	DN_NC_073231.2_150777699_3	0.1096	0.1529	0.1529
ZNF16	ZNF34	truthbar	1	0.1752	DN_NC_073231.2_150618111_5	DN_NC_073231.2_150777699_3	0.2696	0.1529	0.2696
ZNF16	ZNF544	truthbar	1	0.1679	DN_NC_073231.2_150777699_3	DN_NC_073244.2_70323040_7	0.1529	0.1872	0.1872
ZNF16	ZNF623	genuine	0						
ZNF16	ZNF70	genuine	0						
ZNF16	ZNF79	truthbar	1						
ZNF16	ZNF892	truthbar	1						
ZNF165	ZNF197	truthbar	1	0.2273	DN_NC_073229.2_45706582_4	DN_NC_086017.1_54527845_6	0.1985	0.2099	0.2099
ZNF165	ZNF594	genuine	0						
ZNF165	ZNF660	genuine	0						
ZNF165	ZNF699	genuine	0						
ZNF165	ZNF778	genuine	0						
ZNF165	ZSCAN2	truthbar	1						
ZNF169	ZNF337	truthbar	1	0.2672	DN_NC_073237.2_90719098_5	DN_NC_073245.2_35678363_2	0.1495	0.0559	0.1495
ZNF169	ZNF343	truthbar	1	0.2155	DN_NC_073237.2_90719098_5	DN_NC_073245.2_12403861_6	0.1495	0.0252	0.1495
ZNF169	ZNF589	truthbar	1						
ZNF169	ZNF875	truthbar	1	0.1502	DN_NC_073237.2_90719098_5	DN_NC_073244.2_48583045_5	0.1495	0.0743	0.1495
ZNF175	ZNF180	truthbar	1						
ZNF175	ZNF182	truthbar	1	0.3074	DN_NC_073244.2_63542066_5	DN_NC_073247.2_58372296_6	0.1827	0.1467	0.1827
ZNF175	ZNF25	truthbar	1						
ZNF175	ZNF26	truthbar	1	0.1311	DN_NC_073234.2_148486259_4	DN_NC_073244.2_63542066_5	0.1823	0.1827	0.1827
ZNF175	ZNF260	truthbar	1						
ZNF175	ZNF268	truthbar	1	0.3463	DN_NC_073234.2_148682020_7	DN_NC_073244.2_63542066_5	0.1658	0.1827	0.1827
ZNF175	ZNF287	truthbar	1						
ZNF175	ZNF300	truthbar	1	0.2406	DN_NC_073228.2_154747841_5	DN_NC_073244.2_63542066_5	0.1543	0.1827	0.1827
ZNF175	ZNF302	genuine	0						
ZNF175	ZNF334	truthbar	1	0.1515	DN_NC_073244.2_63542066_5	DN_NC_073245.2_58728682_5	0.1827	0.1278	0.1827
ZNF175	ZNF33B	truthbar	1						
ZNF175	ZNF354A	truthbar	1	0.4024	DN_NC_073228.2_182334642_5	DN_NC_073244.2_63542066_5	0.1866	0.1827	0.1866
ZNF175	ZNF354B	truthbar	1						
ZNF175	ZNF382	truthbar	1						
ZNF175	ZNF41	truthbar	1	0.3450	DN_NC_073244.2_63542066_5	DN_NC_073247.2_57840463_5	0.1827	0.1565	0.1827
ZNF175	ZNF432	truthbar	1						
ZNF175	ZNF484	truthbar	1	0.2624	DN_NC_073237.2_89310571_5	DN_NC_073244.2_63542066_5	0.2190	0.1827	0.2190
ZNF175	ZNF487	genuine	0						
ZNF175	ZNF501	genuine	0						
ZNF175	ZNF510	truthbar	1						
ZNF175	ZNF527	truthbar	1						
ZNF175	ZNF565	truthbar	1						
ZNF175	ZNF567	truthbar	1						
ZNF175	ZNF568	truthbar	1	0.1515	DN_NC_073244.2_48093173_7	DN_NC_073244.2_63542066_5	0.3190	0.1827	0.3190
ZNF175	ZNF569	truthbar	1						
ZNF175	ZNF577	genuine	0						
ZNF175	ZNF585A	truthbar	1						
ZNF175	ZNF585B	truthbar	1	0.3994	DN_NC_073244.2_48352926_4	DN_NC_073244.2_63542066_5	0.1502	0.1827	0.1827
ZNF175	ZNF605	truthbar	1						
ZNF175	ZNF606	truthbar	1						
ZNF175	ZNF613	truthbar	1						
ZNF175	ZNF614	truthbar	1						
ZNF175	ZNF615	truthbar	1						
ZNF175	ZNF624	truthbar	1	0.2807	DN_NC_073228.2_83513581_6	DN_NC_073244.2_63542066_5	0.2734	0.1827	0.2734
ZNF175	ZNF649	genuine	0						
ZNF175	ZNF674	truthbar	1	0.2119	DN_NC_073244.2_63542066_5	DN_NC_073247.2_56899135_7	0.1827	0.2309	0.2309
ZNF175	ZNF717	truthbar	1						
ZNF175	ZNF782	truthbar	1						
ZNF175	ZNF81	truthbar	1	0.1934	DN_NC_073244.2_63542066_5	DN_NC_073247.2_58228088_5	0.1827	0.1450	0.1827
ZNF175	ZNF84	truthbar	1	0.2558	DN_NC_073234.2_148537990_5	DN_NC_073244.2_63542066_5	0.2027	0.1827	0.2027
ZNF175	ZNF883	truthbar	1						
ZNF177	ZNF184	truthbar	1						
ZNF177	ZNF189	truthbar	1						
ZNF177	ZNF266	truthbar	1						
ZNF177	ZNF283	genuine	0						
ZNF177	ZNF30	truthbar	1						
ZNF177	ZNF329	truthbar	1						
ZNF177	ZNF331	truthbar	1						
ZNF177	ZNF420	truthbar	1						
ZNF177	ZNF461	truthbar	1						
ZNF177	ZNF471	truthbar	1						
ZNF177	ZNF529	truthbar	1						
ZNF177	ZNF540	truthbar	1						
ZNF177	ZNF546	truthbar	1						
ZNF177	ZNF560	truthbar	1	0.1467	DN_NC_073244.2_15357025_8	DN_NC_073244.2_15508499_10	0.1936	0.1478	0.1936
ZNF177	ZNF565	truthbar	1						
ZNF177	ZNF566	genuine	0						
ZNF177	ZNF571	truthbar	1						
ZNF177	ZNF573	truthbar	1	0.1498	DN_NC_073244.2_15357025_8	DN_NC_073244.2_49246931_6	0.1936	0.3121	0.3121
ZNF177	ZNF582	truthbar	1						
ZNF177	ZNF583	truthbar	1						
ZNF177	ZNF596	truthbar	1						
ZNF177	ZNF607	truthbar	1						
ZNF177	ZNF665	truthbar	1						
ZNF177	ZNF684	truthbar	1						
ZNF177	ZNF780A	truthbar	1						
ZNF177	ZNF780B	truthbar	1						
ZNF177	ZNF790	truthbar	1						
ZNF177	ZNF829	truthbar	1						
ZNF177	ZNF891	truthbar	1						
ZNF180	ZNF182	truthbar	1	0.1843	DN_NC_073244.2_55989141_5	DN_NC_073247.2_58372296_6	0.1121	0.1467	0.1467
ZNF180	ZNF25	truthbar	1						
ZNF180	ZNF26	truthbar	1						
ZNF180	ZNF260	truthbar	1	0.2002	DN_NC_073244.2_47706460_3	DN_NC_073244.2_55989141_5	0.2910	0.1121	0.2910
ZNF180	ZNF268	truthbar	1	0.1674	DN_NC_073234.2_148682020_7	DN_NC_073244.2_55989141_5	0.1658	0.1121	0.1658
ZNF180	ZNF287	truthbar	1	0.2444	DN_NC_073228.2_83600319_6	DN_NC_073244.2_55989141_5	0.1908	0.1121	0.1908
ZNF180	ZNF300	truthbar	1						
ZNF180	ZNF302	genuine	0	0.1490	DN_NC_073244.2_45737704_5	DN_NC_073244.2_55989141_5	0.1493	0.1121	0.1493
ZNF180	ZNF334	truthbar	1						
ZNF180	ZNF33B	truthbar	1						
ZNF180	ZNF354A	truthbar	1						
ZNF180	ZNF354B	truthbar	1						
ZNF180	ZNF382	truthbar	1	0.1799	DN_NC_073244.2_47798559_5	DN_NC_073244.2_55989141_5	0.2005	0.1121	0.2005
ZNF180	ZNF41	truthbar	1						
ZNF180	ZNF432	truthbar	1						
ZNF180	ZNF484	truthbar	1						
ZNF180	ZNF487	genuine	0						
ZNF180	ZNF501	genuine	0						
ZNF180	ZNF510	truthbar	1						
ZNF180	ZNF527	truthbar	1	0.1551	DN_NC_073244.2_48620420_5	DN_NC_073244.2_55989141_5	0.2697	0.1121	0.2697
ZNF180	ZNF565	truthbar	1						
ZNF180	ZNF567	truthbar	1	0.3306	DN_NC_073244.2_47878793_6	DN_NC_073244.2_55989141_5	0.1800	0.1121	0.1800
ZNF180	ZNF568	truthbar	1	0.1501	DN_NC_073244.2_48093173_7	DN_NC_073244.2_55989141_5	0.3190	0.1121	0.3190
ZNF180	ZNF569	truthbar	1						
ZNF180	ZNF577	genuine	0						
ZNF180	ZNF585A	truthbar	1	0.1558	DN_NC_073244.2_48319142_5	DN_NC_073244.2_55989141_5	0.1403	0.1121	0.1403
ZNF180	ZNF585B	truthbar	1	0.3619	DN_NC_073244.2_48352926_4	DN_NC_073244.2_55989141_5	0.1502	0.1121	0.1502
ZNF180	ZNF605	truthbar	1						
ZNF180	ZNF606	truthbar	1	0.1371	DN_NC_073244.2_55989141_5	DN_NC_073244.2_70077616_7	0.1121	0.1288	0.1288
ZNF180	ZNF613	truthbar	1						
ZNF180	ZNF614	truthbar	1						
ZNF180	ZNF615	truthbar	1	0.1320	DN_NC_073244.2_55989141_5	DN_NC_073244.2_63961971_6	0.1121	0.1868	0.1868
ZNF180	ZNF624	truthbar	1						
ZNF180	ZNF649	genuine	0						
ZNF180	ZNF674	truthbar	1						
ZNF180	ZNF717	truthbar	1						
ZNF180	ZNF782	truthbar	1	0.1628	DN_NC_073237.2_93275727_4	DN_NC_073244.2_55989141_5	0.1049	0.1121	0.1121
ZNF180	ZNF81	truthbar	1						
ZNF180	ZNF84	truthbar	1						
ZNF180	ZNF883	truthbar	1						
ZNF181	ZNF2	truthbar	1						
ZNF181	ZNF248	truthbar	1						
ZNF181	ZNF333	truthbar	1	0.1399	DN_NC_073244.2_20723155_12	DN_NC_073244.2_45796040_6	0.1922	0.1703	0.1922
ZNF181	ZNF391	genuine	0						
ZNF181	ZNF485	truthbar	1						
ZNF181	ZNF514	truthbar	1						
ZNF181	ZNF554	truthbar	1						
ZNF181	ZNF621	truthbar	1						
ZNF181	ZNF879	truthbar	1	0.1999	DN_NC_073228.2_182994030_5	DN_NC_073244.2_45796040_6	0.2623	0.1703	0.2623
ZNF182	ZNF25	truthbar	1						
ZNF182	ZNF26	truthbar	1	0.2923	DN_NC_073234.2_148486259_4	DN_NC_073247.2_58372296_6	0.1823	0.1467	0.1823
ZNF182	ZNF260	truthbar	1	0.2449	DN_NC_073244.2_47706460_3	DN_NC_073247.2_58372296_6	0.2910	0.1467	0.2910
ZNF182	ZNF268	truthbar	1	0.2906	DN_NC_073234.2_148682020_7	DN_NC_073247.2_58372296_6	0.1658	0.1467	0.1658
ZNF182	ZNF287	truthbar	1	0.3251	DN_NC_073228.2_83600319_6	DN_NC_073247.2_58372296_6	0.1908	0.1467	0.1908
ZNF182	ZNF300	truthbar	1	0.1787	DN_NC_073228.2_154747841_5	DN_NC_073247.2_58372296_6	0.1543	0.1467	0.1543
ZNF182	ZNF302	truthbar	1						
ZNF182	ZNF334	truthbar	1	0.2429	DN_NC_073245.2_58728682_5	DN_NC_073247.2_58372296_6	0.1278	0.1467	0.1467
ZNF182	ZNF33B	truthbar	1	0.3588	DN_NC_073232.2_72820474_5	DN_NC_073247.2_58372296_6	0.2521	0.1467	0.2521
ZNF182	ZNF354A	truthbar	1						
ZNF182	ZNF354B	truthbar	1						
ZNF182	ZNF382	truthbar	1						
ZNF182	ZNF41	truthbar	1	0.2701	DN_NC_073247.2_57840463_5	DN_NC_073247.2_58372296_6	0.1565	0.1467	0.1565
ZNF182	ZNF432	truthbar	1	0.1635	DN_NC_073244.2_64004232_5	DN_NC_073247.2_58372296_6	0.1825	0.1467	0.1825
ZNF182	ZNF484	truthbar	1						
ZNF182	ZNF487	genuine	0	0.1789	DN_NC_073232.2_71973207_3	DN_NC_073247.2_58372296_6	0.0993	0.1467	0.1467
ZNF182	ZNF501	genuine	0						
ZNF182	ZNF510	truthbar	1						
ZNF182	ZNF527	truthbar	1						
ZNF182	ZNF565	truthbar	1						
ZNF182	ZNF567	truthbar	1	0.3296	DN_NC_073244.2_47878793_6	DN_NC_073247.2_58372296_6	0.1800	0.1467	0.1800
ZNF182	ZNF568	truthbar	1	0.2006	DN_NC_073244.2_48093173_7	DN_NC_073247.2_58372296_6	0.3190	0.1467	0.3190
ZNF182	ZNF569	truthbar	1						
ZNF182	ZNF577	truthbar	1						
ZNF182	ZNF585A	truthbar	1	0.2698	DN_NC_073244.2_48319142_5	DN_NC_073247.2_58372296_6	0.1403	0.1467	0.1467
ZNF182	ZNF585B	truthbar	1	0.2646	DN_NC_073244.2_48352926_4	DN_NC_073247.2_58372296_6	0.1502	0.1467	0.1502
ZNF182	ZNF605	truthbar	1	0.1708	DN_NC_073234.2_148420424_5	DN_NC_073247.2_58372296_6	0.0953	0.1467	0.1467
ZNF182	ZNF606	truthbar	1	0.2533	DN_NC_073244.2_70077616_7	DN_NC_073247.2_58372296_6	0.1288	0.1467	0.1467
ZNF182	ZNF613	truthbar	1						
ZNF182	ZNF614	truthbar	1						
ZNF182	ZNF615	truthbar	1	0.1568	DN_NC_073244.2_63961971_6	DN_NC_073247.2_58372296_6	0.1868	0.1467	0.1868
ZNF182	ZNF624	truthbar	1	0.2025	DN_NC_073228.2_83513581_6	DN_NC_073247.2_58372296_6	0.2734	0.1467	0.2734
ZNF182	ZNF649	truthbar	1	0.2011	DN_NC_073244.2_63855100_5	DN_NC_073247.2_58372296_6	0.1720	0.1467	0.1720
ZNF182	ZNF674	truthbar	1	0.2334	DN_NC_073247.2_56899135_7	DN_NC_073247.2_58372296_6	0.2309	0.1467	0.2309
ZNF182	ZNF717	truthbar	1	0.3229	DN_NC_073247.2_58372296_6	DN_NC_086017.1_85766278_5	0.1467	0.1562	0.1562
ZNF182	ZNF782	truthbar	1	0.3091	DN_NC_073237.2_93275727_4	DN_NC_073247.2_58372296_6	0.1049	0.1467	0.1467
ZNF182	ZNF81	truthbar	1	0.3526	DN_NC_073247.2_58228088_5	DN_NC_073247.2_58372296_6	0.1450	0.1467	0.1467
ZNF182	ZNF84	truthbar	1	0.3363	DN_NC_073234.2_148537990_5	DN_NC_073247.2_58372296_6	0.2027	0.1467	0.2027
ZNF182	ZNF883	truthbar	1	0.2224	DN_NC_073237.2_109230975_4	DN_NC_073247.2_58372296_6	0.2819	0.1467	0.2819
ZNF184	ZNF189	truthbar	1						
ZNF184	ZNF266	truthbar	1						
ZNF184	ZNF283	truthbar	1	0.2049	DN_NC_073229.2_45067329_6	DN_NC_073244.2_55341363_7	0.1831	0.3000	0.3000
ZNF184	ZNF30	truthbar	1	0.1902	DN_NC_073229.2_45067329_6	DN_NC_073244.2_45985550_6	0.1831	0.1432	0.1831
ZNF184	ZNF329	truthbar	1	0.2257	DN_NC_073229.2_45067329_6	DN_NC_073244.2_70224599_4	0.1831	0.1048	0.1831
ZNF184	ZNF331	truthbar	1						
ZNF184	ZNF420	truthbar	1	0.4039	DN_NC_073229.2_45067329_6	DN_NC_073244.2_48242798_5	0.1831	0.2498	0.2498
ZNF184	ZNF461	truthbar	1						
ZNF184	ZNF471	truthbar	1	0.1510	DN_NC_073229.2_45067329_6	DN_NC_073244.2_68611978_5	0.1831	0.3475	0.3475
ZNF184	ZNF529	truthbar	1						
ZNF184	ZNF540	truthbar	1	0.1655	DN_NC_073229.2_45067329_6	DN_NC_073244.2_49101177_5	0.1831	0.1716	0.1831
ZNF184	ZNF546	truthbar	1						
ZNF184	ZNF560	truthbar	1						
ZNF184	ZNF565	truthbar	1	0.1438	DN_NC_073229.2_45067329_6	DN_NC_073244.2_47250467_5	0.1831	0.2541	0.2541
ZNF184	ZNF566	genuine	0						
ZNF184	ZNF571	truthbar	1	0.1842	DN_NC_073229.2_45067329_6	DN_NC_073244.2_49072464_4	0.1831	0.1879	0.1879
ZNF184	ZNF573	truthbar	1	0.2396	DN_NC_073229.2_45067329_6	DN_NC_073244.2_49246931_6	0.1831	0.3121	0.3121
ZNF184	ZNF582	truthbar	1						
ZNF184	ZNF583	truthbar	1	0.1590	DN_NC_073229.2_45067329_6	DN_NC_073244.2_68513423_5	0.1831	0.2489	0.2489
ZNF184	ZNF596	truthbar	1						
ZNF184	ZNF607	truthbar	1						
ZNF184	ZNF665	truthbar	1	0.2683	DN_NC_073229.2_45067329_6	DN_NC_073244.2_65102393_4	0.1831	0.3815	0.3815
ZNF184	ZNF684	truthbar	1						
ZNF184	ZNF780A	truthbar	1	0.1355	DN_NC_073229.2_45067329_6	DN_NC_073244.2_51825388_5	0.1831	0.1618	0.1831
ZNF184	ZNF780B	truthbar	1	0.1413	DN_NC_073229.2_45067329_6	DN_NC_073244.2_51783968_5	0.1831	0.2381	0.2381
ZNF184	ZNF790	truthbar	1						
ZNF184	ZNF829	truthbar	1						
ZNF184	ZNF891	truthbar	1						
ZNF189	ZNF266	truthbar	1						
ZNF189	ZNF283	truthbar	1						
ZNF189	ZNF30	truthbar	1	0.1570	DN_NC_073237.2_97733433_3	DN_NC_073244.2_45985550_6	0.3112	0.1432	0.3112
ZNF189	ZNF329	truthbar	1						
ZNF189	ZNF331	truthbar	1						
ZNF189	ZNF420	truthbar	1	0.2338	DN_NC_073237.2_97733433_3	DN_NC_073244.2_48242798_5	0.3112	0.2498	0.3112
ZNF189	ZNF461	truthbar	1						
ZNF189	ZNF471	truthbar	1						
ZNF189	ZNF529	truthbar	1						
ZNF189	ZNF540	truthbar	1						
ZNF189	ZNF546	truthbar	1	0.1782	DN_NC_073237.2_97733433_3	DN_NC_073244.2_51749194_6	0.3112	0.3443	0.3443
ZNF189	ZNF560	truthbar	1						
ZNF189	ZNF565	truthbar	1	0.1540	DN_NC_073237.2_97733433_3	DN_NC_073244.2_47250467_5	0.3112	0.2541	0.3112
ZNF189	ZNF566	genuine	0						
ZNF189	ZNF571	truthbar	1	0.1970	DN_NC_073237.2_97733433_3	DN_NC_073244.2_49072464_4	0.3112	0.1879	0.3112
ZNF189	ZNF573	truthbar	1						
ZNF189	ZNF582	truthbar	1						
ZNF189	ZNF583	truthbar	1						
ZNF189	ZNF596	truthbar	1						
ZNF189	ZNF607	truthbar	1						
ZNF189	ZNF665	truthbar	1						
ZNF189	ZNF684	truthbar	1						
ZNF189	ZNF780A	truthbar	1						
ZNF189	ZNF780B	truthbar	1	0.1654	DN_NC_073237.2_97733433_3	DN_NC_073244.2_51783968_5	0.3112	0.2381	0.3112
ZNF189	ZNF790	truthbar	1	0.1518	DN_NC_073237.2_97733433_3	DN_NC_073244.2_47997304_5	0.3112	0.2772	0.3112
ZNF189	ZNF829	truthbar	1						
ZNF189	ZNF891	truthbar	1						
ZNF19	ZNF23	truthbar	1	0.1680	DN_NC_073242.2_100900995_5	DN_NC_073242.2_100926924_5	0.1542	0.1452	0.1542
ZNF19	ZNF557	truthbar	1	0.1569	DN_NC_073242.2_100926924_5	DN_NC_073244.2_12909180_8	0.1452	0.2836	0.2836
ZNF19	ZNF558	truthbar	1	0.2314	DN_NC_073242.2_100926924_5	DN_NC_073244.2_14850343_10	0.1452	0.1843	0.1843
ZNF19	ZNF619	truthbar	1						
ZNF19	ZNF620	truthbar	1						
ZNF195	ZNF254	truthbar	1	0.2235	DN_NC_073233.2_9788172_5	DN_NC_073244.2_30438340_4	0.2339	0.3798	0.3798
ZNF195	ZNF267	truthbar	1						
ZNF195	ZNF273	truthbar	1	0.2638	DN_NC_073230.2_74299233_4	DN_NC_073233.2_9788172_5	0.3847	0.2339	0.3847
ZNF195	ZNF28	truthbar	1	0.2053	DN_NC_073233.2_9788172_5	DN_NC_073244.2_64759228_5	0.2339	0.3434	0.3434
ZNF195	ZNF347	truthbar	1	0.1961	DN_NC_073233.2_9788172_5	DN_NC_073244.2_65073171_5	0.2339	0.3826	0.3826
ZNF195	ZNF415	truthbar	1	0.1541	DN_NC_073233.2_9788172_5	DN_NC_073244.2_65046428_4	0.2339	0.1840	0.2339
ZNF195	ZNF429	truthbar	1	0.3916	DN_NC_073233.2_9788172_5	DN_NC_073244.2_27956158_2	0.2339	0.5265	0.5265
ZNF195	ZNF43	truthbar	1	0.2601	DN_NC_073233.2_9788172_5	DN_NC_073244.2_28333451_4	0.2339	0.4625	0.4625
ZNF195	ZNF430	truthbar	1	0.2299	DN_NC_073233.2_9788172_5	DN_NC_073244.2_27504818_5	0.2339	0.4270	0.4270
ZNF195	ZNF468	truthbar	1	0.1484	DN_NC_073233.2_9788172_5	DN_NC_073244.2_64797239_5	0.2339	0.3221	0.3221
ZNF195	ZNF480	truthbar	1						
ZNF195	ZNF486	truthbar	1						
ZNF195	ZNF506	truthbar	1						
ZNF195	ZNF519	truthbar	1	0.1642	DN_NC_073233.2_9788172_5	DN_NC_073241.2_36126198_2	0.2339	0.2075	0.2339
ZNF195	ZNF528	truthbar	1						
ZNF195	ZNF578	truthbar	1						
ZNF195	ZNF595	truthbar	1	0.2615	DN_NC_073227.2_8633418_2	DN_NC_073233.2_9788172_5	0.5689	0.2339	0.5689
ZNF195	ZNF600	truthbar	1	0.1650	DN_NC_073233.2_9788172_5	DN_NC_073244.2_64724127_4	0.2339	0.3339	0.3339
ZNF195	ZNF611	truthbar	1	0.1579	DN_NC_073233.2_9788172_5	DN_NC_073244.2_64672255_4	0.2339	0.3521	0.3521
ZNF195	ZNF616	truthbar	1	0.2241	DN_NC_073233.2_9788172_5	DN_NC_073244.2_64081943_4	0.2339	0.2620	0.2620
ZNF195	ZNF626	truthbar	1						
ZNF195	ZNF655	truthbar	1						
ZNF195	ZNF675	truthbar	1	0.3887	DN_NC_073233.2_9788172_5	DN_NC_073244.2_29970261_4	0.2339	0.3774	0.3774
ZNF195	ZNF678	truthbar	1	0.2644	DN_NC_073224.2_40627195_4	DN_NC_073233.2_9788172_5	0.3220	0.2339	0.3220
ZNF195	ZNF680	truthbar	1	0.1714	DN_NC_073230.2_73977205_4	DN_NC_073233.2_9788172_5	0.3066	0.2339	0.3066
ZNF195	ZNF681	truthbar	1	0.2142	DN_NC_073233.2_9788172_5	DN_NC_073244.2_30067652_4	0.2339	0.4267	0.4267
ZNF195	ZNF682	truthbar	1	0.2022	DN_NC_073233.2_9788172_5	DN_NC_073244.2_26470366_4	0.2339	0.3255	0.3255
ZNF195	ZNF695	truthbar	1	0.2275	DN_NC_073224.2_8422960_4	DN_NC_073233.2_9788172_5	0.3045	0.2339	0.3045
ZNF195	ZNF701	truthbar	1						
ZNF195	ZNF721	truthbar	1	0.2616	DN_NC_073227.2_9010062_2	DN_NC_073233.2_9788172_5	0.3953	0.2339	0.3953
ZNF195	ZNF723	truthbar	1	0.1585	DN_NC_073233.2_9788172_5	DN_NC_073244.2_29232445_4	0.2339	0.5099	0.5099
ZNF195	ZNF727	truthbar	1						
ZNF195	ZNF736	truthbar	1						
ZNF195	ZNF761	truthbar	1						
ZNF195	ZNF766	truthbar	1						
ZNF195	ZNF8	truthbar	1						
ZNF195	ZNF808	truthbar	1						
ZNF195	ZNF813	truthbar	1						
ZNF195	ZNF83	truthbar	1	0.1657	DN_NC_073233.2_9788172_5	DN_NC_073244.2_64585864_4	0.2339	0.3038	0.3038
ZNF195	ZNF836	truthbar	1	0.2644	DN_NC_073233.2_9788172_5	DN_NC_073244.2_64125568_5	0.2339	0.4107	0.4107
ZNF195	ZNF841	truthbar	1	0.2407	DN_NC_073233.2_9788172_5	DN_NC_073244.2_64034715_7	0.2339	0.3325	0.3325
ZNF195	ZNF888	truthbar	1						
ZNF195	ZNF91	truthbar	1	0.2367	DN_NC_073233.2_9788172_5	DN_NC_073244.2_29680825_2	0.2339	0.5202	0.5202
ZNF195	ZNF92	truthbar	1						
ZNF197	ZNF594	truthbar	1	0.1479	DN_NC_073243.2_20324218_2	DN_NC_086017.1_54527845_6	0.2717	0.2099	0.2717
ZNF197	ZNF660	genuine	0	0.2236	DN_NC_086017.1_54487757_3	DN_NC_086017.1_54527845_6	0.2863	0.2099	0.2863
ZNF197	ZNF699	truthbar	1	0.1670	DN_NC_073244.2_15324693_6	DN_NC_086017.1_54527845_6	0.3092	0.2099	0.3092
ZNF197	ZNF778	genuine	0						
ZNF197	ZSCAN2	truthbar	1	0.1538	DN_NC_073240.2_85898394_3	DN_NC_086017.1_54527845_6	0.1504	0.2099	0.2099
ZNF2	ZNF248	truthbar	1						
ZNF2	ZNF333	truthbar	1						
ZNF2	ZNF391	truthbar	1						
ZNF2	ZNF485	truthbar	1						
ZNF2	ZNF514	truthbar	1						
ZNF2	ZNF554	truthbar	1	0.1507	DN_NC_073236.2_32278873_5	DN_NC_073244.2_8594978_5	0.1257	0.3473	0.3473
ZNF2	ZNF621	truthbar	1						
ZNF2	ZNF879	truthbar	1	0.2312	DN_NC_073228.2_182994030_5	DN_NC_073236.2_32278873_5	0.2623	0.1257	0.2623
ZNF205	ZNF317	truthbar	1						
ZNF205	ZNF324	genuine	0						
ZNF205	ZNF324B	truthbar	1						
ZNF205	ZNF497	genuine	0	0.3342	DN_NC_073242.2_6758889_7	DN_NC_073244.2_70451371_2	0.0196	0.4004	0.4004
ZNF205	ZNF572	genuine	0						
ZNF205	ZNF629	genuine	0	0.1973	DN_NC_073242.2_36498381_3	DN_NC_073242.2_6758889_7	0.0487	0.0196	0.0487
ZNF205	ZNF672	genuine	0	0.2496	DN_NC_073224.2_5641112_4	DN_NC_073242.2_6758889_7	0.0076	0.0196	0.0196
ZNF205	ZNF696	genuine	0						
ZNF205	ZNF697	genuine	0	0.1912	DN_NC_073224.2_124008865_3	DN_NC_073242.2_6758889_7	0.0510	0.0196	0.0510
ZNF205	ZNF71	truthbar	1	0.2773	DN_NC_073242.2_6758889_7	DN_NC_073244.2_68699723_3	0.0196	0.0907	0.0907
ZNF205	ZNF74	truthbar	1	0.2959	DN_NC_073242.2_6758889_7	DN_NC_086018.1_17871581_2	0.0196	0.1098	0.1098
ZNF205	ZNF768	genuine	0						
ZNF205	ZNF771	genuine	0						
ZNF205	ZNF774	genuine	0						
ZNF205	ZNF835	genuine	0						
ZNF214	ZNF221	truthbar	1						
ZNF214	ZNF222	truthbar	1						
ZNF214	ZNF224	truthbar	1						
ZNF214	ZNF225	truthbar	1						
ZNF214	ZNF229	genuine	0						
ZNF214	ZNF230	genuine	0						
ZNF214	ZNF233	truthbar	1						
ZNF214	ZNF234	truthbar	1						
ZNF214	ZNF235	truthbar	1	0.1986	DN_NC_073233.2_13339812_3	DN_NC_073244.2_55797441_5	0.1592	0.1122	0.1592
ZNF214	ZNF239	truthbar	1						
ZNF214	ZNF284	truthbar	1						
ZNF214	ZNF285	truthbar	1						
ZNF214	ZNF45	truthbar	1						
ZNF221	ZNF222	truthbar	1	0.3479	DN_NC_073244.2_55464824_5	DN_NC_073244.2_55538420_4	0.1676	0.1228	0.1676
ZNF221	ZNF224	truthbar	1	0.5431	DN_NC_073244.2_55464824_5	DN_NC_073244.2_55607411_6	0.1676	0.1220	0.1676
ZNF221	ZNF225	truthbar	1	0.4890	DN_NC_073244.2_55464824_5	DN_NC_073244.2_55626504_5	0.1676	0.1971	0.1971
ZNF221	ZNF229	truthbar	1	0.1828	DN_NC_073244.2_55464824_5	DN_NC_073244.2_55940471_6	0.1676	0.1795	0.1795
ZNF221	ZNF230	truthbar	1	0.2235	DN_NC_073244.2_55464824_5	DN_NC_073244.2_55516115_5	0.1676	0.1521	0.1676
ZNF221	ZNF233	truthbar	1	0.1683	DN_NC_073244.2_55464824_5	DN_NC_073244.2_55771764_5	0.1676	0.1166	0.1676
ZNF221	ZNF234	truthbar	1	0.3517	DN_NC_073244.2_55464824_5	DN_NC_073244.2_55654796_6	0.1676	0.2861	0.2861
ZNF221	ZNF235	truthbar	1	0.1627	DN_NC_073244.2_55464824_5	DN_NC_073244.2_55797441_5	0.1676	0.1122	0.1676
ZNF221	ZNF239	genuine	0						
ZNF221	ZNF284	truthbar	1	0.4171	DN_NC_073244.2_55464824_5	DN_NC_073244.2_55585242_5	0.1676	0.3981	0.3981
ZNF221	ZNF285	truthbar	1						
ZNF221	ZNF45	truthbar	1	0.1575	DN_NC_073244.2_55426973_9	DN_NC_073244.2_55464824_5	0.2262	0.1676	0.2262
ZNF222	ZNF224	truthbar	1	0.5425	DN_NC_073244.2_55538420_4	DN_NC_073244.2_55607411_6	0.1228	0.1220	0.1228
ZNF222	ZNF225	truthbar	1	0.5425	DN_NC_073244.2_55538420_4	DN_NC_073244.2_55626504_5	0.1228	0.1971	0.1971
ZNF222	ZNF229	genuine	0	0.1317	DN_NC_073244.2_55538420_4	DN_NC_073244.2_55940471_6	0.1228	0.1795	0.1795
ZNF222	ZNF230	truthbar	1	0.7228	DN_NC_073244.2_55516115_5	DN_NC_073244.2_55538420_4	0.1521	0.1228	0.1521
ZNF222	ZNF233	truthbar	1	0.1431	DN_NC_073244.2_55538420_4	DN_NC_073244.2_55771764_5	0.1228	0.1166	0.1228
ZNF222	ZNF234	truthbar	1	0.5665	DN_NC_073244.2_55538420_4	DN_NC_073244.2_55654796_6	0.1228	0.2861	0.2861
ZNF222	ZNF235	truthbar	1	0.2317	DN_NC_073244.2_55538420_4	DN_NC_073244.2_55797441_5	0.1228	0.1122	0.1228
ZNF222	ZNF239	truthbar	1						
ZNF222	ZNF284	truthbar	1	0.3479	DN_NC_073244.2_55538420_4	DN_NC_073244.2_55585242_5	0.1228	0.3981	0.3981
ZNF222	ZNF285	truthbar	1						
ZNF222	ZNF45	truthbar	1						
ZNF224	ZNF225	truthbar	1	0.3660	DN_NC_073244.2_55607411_6	DN_NC_073244.2_55626504_5	0.1220	0.1971	0.1971
ZNF224	ZNF229	truthbar	1	0.1340	DN_NC_073244.2_55607411_6	DN_NC_073244.2_55940471_6	0.1220	0.1795	0.1795
ZNF224	ZNF230	truthbar	1						
ZNF224	ZNF233	truthbar	1	0.1551	DN_NC_073244.2_55607411_6	DN_NC_073244.2_55771764_5	0.1220	0.1166	0.1220
ZNF224	ZNF234	truthbar	1	0.2768	DN_NC_073244.2_55607411_6	DN_NC_073244.2_55654796_6	0.1220	0.2861	0.2861
ZNF224	ZNF235	truthbar	1	0.2167	DN_NC_073244.2_55607411_6	DN_NC_073244.2_55797441_5	0.1220	0.1122	0.1220
ZNF224	ZNF239	genuine	0	0.1412	DN_NC_073232.2_71881610_2	DN_NC_073244.2_55607411_6	0.1904	0.1220	0.1904
ZNF224	ZNF284	truthbar	1	0.3126	DN_NC_073244.2_55585242_5	DN_NC_073244.2_55607411_6	0.3981	0.1220	0.3981
ZNF224	ZNF285	truthbar	1						
ZNF224	ZNF45	truthbar	1	0.2643	DN_NC_073244.2_55426973_9	DN_NC_073244.2_55607411_6	0.2262	0.1220	0.2262
ZNF225	ZNF229	truthbar	1						
ZNF225	ZNF230	truthbar	1	0.1583	DN_NC_073244.2_55516115_5	DN_NC_073244.2_55626504_5	0.1521	0.1971	0.1971
ZNF225	ZNF233	truthbar	1	0.1916	DN_NC_073244.2_55626504_5	DN_NC_073244.2_55771764_5	0.1971	0.1166	0.1971
ZNF225	ZNF234	truthbar	1	0.2604	DN_NC_073244.2_55626504_5	DN_NC_073244.2_55654796_6	0.1971	0.2861	0.2861
ZNF225	ZNF235	truthbar	1	0.1537	DN_NC_073244.2_55626504_5	DN_NC_073244.2_55797441_5	0.1971	0.1122	0.1971
ZNF225	ZNF239	genuine	0						
ZNF225	ZNF284	truthbar	1	0.2199	DN_NC_073244.2_55585242_5	DN_NC_073244.2_55626504_5	0.3981	0.1971	0.3981
ZNF225	ZNF285	truthbar	1						
ZNF225	ZNF45	truthbar	1	0.3005	DN_NC_073244.2_55426973_9	DN_NC_073244.2_55626504_5	0.2262	0.1971	0.2262
ZNF229	ZNF230	genuine	0						
ZNF229	ZNF233	truthbar	1	0.1302	DN_NC_073244.2_55771764_5	DN_NC_073244.2_55940471_6	0.1166	0.1795	0.1795
ZNF229	ZNF234	truthbar	1						
ZNF229	ZNF235	truthbar	1	0.1851	DN_NC_073244.2_55797441_5	DN_NC_073244.2_55940471_6	0.1122	0.1795	0.1795
ZNF229	ZNF239	genuine	0	0.2617	DN_NC_073232.2_71881634_2	DN_NC_073244.2_55940471_6	0.0561	0.1795	0.1795
ZNF229	ZNF284	truthbar	1						
ZNF229	ZNF285	truthbar	1	0.1619	DN_NC_073244.2_55899006_4	DN_NC_073244.2_55940471_6	0.0582	0.1795	0.1795
ZNF229	ZNF45	truthbar	1						
ZNF23	ZNF557	truthbar	1						
ZNF23	ZNF558	truthbar	1						
ZNF23	ZNF619	truthbar	1	0.2875	DN_NC_073242.2_100900995_5	DN_NC_086017.1_50382141_5	0.1542	0.2532	0.2532
ZNF23	ZNF620	truthbar	1						
ZNF230	ZNF233	truthbar	1						
ZNF230	ZNF234	truthbar	1	0.2336	DN_NC_073244.2_55516115_5	DN_NC_073244.2_55654796_6	0.1521	0.2861	0.2861
ZNF230	ZNF235	truthbar	1	0.1335	DN_NC_073244.2_55516115_5	DN_NC_073244.2_55797441_5	0.1521	0.1122	0.1521
ZNF230	ZNF239	truthbar	1						
ZNF230	ZNF284	truthbar	1	0.1386	DN_NC_073244.2_55516115_5	DN_NC_073244.2_55585242_5	0.1521	0.3981	0.3981
ZNF230	ZNF285	truthbar	1						
ZNF230	ZNF45	truthbar	1	0.1355	DN_NC_073244.2_55426973_9	DN_NC_073244.2_55516115_5	0.2262	0.1521	0.2262
ZNF232	ZNF274	truthbar	1	0.1453	DN_NC_073243.2_20232546_4	DN_NC_073244.2_70277256_8	0.1260	0.0906	0.1260
ZNF232	ZNF397	truthbar	1	0.1690	DN_NC_073241.2_64468689_4	DN_NC_073243.2_20232546_4	0.2853	0.1260	0.2853
ZNF232	ZNF436	genuine	0						
ZNF232	ZNF502	genuine	0	0.1486	DN_NC_073243.2_20232546_4	DN_NC_086017.1_54612772_3	0.1260	0.1708	0.1708
ZNF232	ZSCAN12	truthbar	1	0.1808	DN_NC_073229.2_46022147_4	DN_NC_073243.2_20232546_4	0.1240	0.1260	0.1260
ZNF232	ZSCAN16	truthbar	1						
ZNF232	ZSCAN22	truthbar	1						
ZNF232	ZSCAN9	truthbar	1						
ZNF233	ZNF234	truthbar	1	0.2059	DN_NC_073244.2_55654796_6	DN_NC_073244.2_55771764_5	0.2861	0.1166	0.2861
ZNF233	ZNF235	truthbar	1	0.1913	DN_NC_073244.2_55771764_5	DN_NC_073244.2_55797441_5	0.1166	0.1122	0.1166
ZNF233	ZNF239	truthbar	1						
ZNF233	ZNF284	truthbar	1						
ZNF233	ZNF285	truthbar	1	0.1431	DN_NC_073244.2_55771764_5	DN_NC_073244.2_55899006_4	0.1166	0.0582	0.1166
ZNF233	ZNF45	truthbar	1	0.1477	DN_NC_073244.2_55426973_9	DN_NC_073244.2_55771764_5	0.2262	0.1166	0.2262
ZNF234	ZNF235	truthbar	1	0.1667	DN_NC_073244.2_55654796_6	DN_NC_073244.2_55797441_5	0.2861	0.1122	0.2861
ZNF234	ZNF239	genuine	0						
ZNF234	ZNF284	truthbar	1	0.1625	DN_NC_073244.2_55585242_5	DN_NC_073244.2_55654796_6	0.3981	0.2861	0.3981
ZNF234	ZNF285	truthbar	1						
ZNF234	ZNF45	truthbar	1	0.2385	DN_NC_073244.2_55426973_9	DN_NC_073244.2_55654796_6	0.2262	0.2861	0.2861
ZNF235	ZNF239	truthbar	1	0.1692	DN_NC_073232.2_71881634_2	DN_NC_073244.2_55797441_5	0.0561	0.1122	0.1122
ZNF235	ZNF284	truthbar	1	0.2474	DN_NC_073244.2_55585242_5	DN_NC_073244.2_55797441_5	0.3981	0.1122	0.3981
ZNF235	ZNF285	truthbar	1						
ZNF235	ZNF45	truthbar	1	0.3294	DN_NC_073244.2_55426973_9	DN_NC_073244.2_55797441_5	0.2262	0.1122	0.2262
ZNF239	ZNF284	genuine	0						
ZNF239	ZNF285	truthbar	1						
ZNF239	ZNF45	genuine	0						
ZNF248	ZNF333	truthbar	1						
ZNF248	ZNF391	genuine	0						
ZNF248	ZNF485	truthbar	1						
ZNF248	ZNF514	truthbar	1						
ZNF248	ZNF554	truthbar	1						
ZNF248	ZNF621	genuine	0						
ZNF248	ZNF879	truthbar	1						
ZNF25	ZNF26	truthbar	1						
ZNF25	ZNF260	truthbar	1						
ZNF25	ZNF268	truthbar	1						
ZNF25	ZNF287	truthbar	1						
ZNF25	ZNF300	truthbar	1						
ZNF25	ZNF302	truthbar	1						
ZNF25	ZNF334	truthbar	1						
ZNF25	ZNF33B	truthbar	1	0.1760	DN_NC_073232.2_72820474_5	DN_NC_073232.2_81134357_6	0.2521	0.1912	0.2521
ZNF25	ZNF354A	truthbar	1						
ZNF25	ZNF354B	truthbar	1						
ZNF25	ZNF382	truthbar	1						
ZNF25	ZNF41	truthbar	1						
ZNF25	ZNF432	truthbar	1						
ZNF25	ZNF484	genuine	0						
ZNF25	ZNF487	genuine	0						
ZNF25	ZNF501	truthbar	1						
ZNF25	ZNF510	truthbar	1	0.1924	DN_NC_073232.2_81134357_6	DN_NC_073237.2_93211680_6	0.1912	0.1173	0.1912
ZNF25	ZNF527	truthbar	1						
ZNF25	ZNF565	truthbar	1						
ZNF25	ZNF567	truthbar	1						
ZNF25	ZNF568	truthbar	1	0.1794	DN_NC_073232.2_81134357_6	DN_NC_073244.2_48093173_7	0.1912	0.3190	0.3190
ZNF25	ZNF569	truthbar	1						
ZNF25	ZNF577	truthbar	1						
ZNF25	ZNF585A	truthbar	1						
ZNF25	ZNF585B	truthbar	1						
ZNF25	ZNF605	truthbar	1						
ZNF25	ZNF606	genuine	0						
ZNF25	ZNF613	truthbar	1						
ZNF25	ZNF614	truthbar	1						
ZNF25	ZNF615	truthbar	1						
ZNF25	ZNF624	truthbar	1						
ZNF25	ZNF649	truthbar	1						
ZNF25	ZNF674	truthbar	1						
ZNF25	ZNF717	truthbar	1	0.1588	DN_NC_073232.2_81134357_6	DN_NC_086017.1_85766278_5	0.1912	0.1562	0.1912
ZNF25	ZNF782	truthbar	1						
ZNF25	ZNF81	truthbar	1						
ZNF25	ZNF84	truthbar	1						
ZNF25	ZNF883	truthbar	1						
ZNF250	ZNF251	truthbar	1	0.1621	DN_NC_073231.2_150568091_5	DN_NC_073231.2_150726059_5	0.1298	0.2356	0.2356
ZNF250	ZNF3	truthbar	1	0.1608	DN_NC_073230.2_88683937_6	DN_NC_073231.2_150726059_5	0.1096	0.2356	0.2356
ZNF250	ZNF34	truthbar	1	0.2098	DN_NC_073231.2_150618111_5	DN_NC_073231.2_150726059_5	0.2696	0.2356	0.2696
ZNF250	ZNF544	truthbar	1						
ZNF250	ZNF623	truthbar	1						
ZNF250	ZNF70	truthbar	1						
ZNF250	ZNF79	truthbar	1						
ZNF250	ZNF892	truthbar	1						
ZNF251	ZNF3	truthbar	1	0.2210	DN_NC_073230.2_88683937_6	DN_NC_073231.2_150568091_5	0.1096	0.1298	0.1298
ZNF251	ZNF34	truthbar	1	0.2945	DN_NC_073231.2_150568091_5	DN_NC_073231.2_150618111_5	0.1298	0.2696	0.2696
ZNF251	ZNF544	truthbar	1	0.1520	DN_NC_073231.2_150568091_5	DN_NC_073244.2_70323040_7	0.1298	0.1872	0.1872
ZNF251	ZNF623	truthbar	1	0.2901	DN_NC_073231.2_149487156_2	DN_NC_073231.2_150568091_5	0.1457	0.1298	0.1457
ZNF251	ZNF70	truthbar	1	0.1762	DN_NC_073231.2_150568091_5	DN_NC_086018.1_21231592_2	0.1298	0.1324	0.1324
ZNF251	ZNF79	truthbar	1						
ZNF251	ZNF892	truthbar	1						
ZNF254	ZNF267	truthbar	1	0.1938	DN_NC_073242.2_37386128_4	DN_NC_073244.2_30438340_4	0.2710	0.3798	0.3798
ZNF254	ZNF273	truthbar	1	0.4696	DN_NC_073230.2_74299233_4	DN_NC_073244.2_30438340_4	0.3847	0.3798	0.3847
ZNF254	ZNF28	genuine	0	0.3206	DN_NC_073244.2_30438386_2	DN_NC_073244.2_64759228_5	0.3964	0.3434	0.3964
ZNF254	ZNF347	truthbar	1						
ZNF254	ZNF415	truthbar	1						
ZNF254	ZNF429	truthbar	1	0.7925	DN_NC_073244.2_27956158_2	DN_NC_073244.2_30438386_2	0.5265	0.3964	0.5265
ZNF254	ZNF43	truthbar	1	0.4530	DN_NC_073244.2_28333451_4	DN_NC_073244.2_30438386_2	0.4625	0.3964	0.4625
ZNF254	ZNF430	truthbar	1	0.3937	DN_NC_073244.2_27504818_5	DN_NC_073244.2_30438340_4	0.4270	0.3798	0.4270
ZNF254	ZNF468	truthbar	1						
ZNF254	ZNF480	truthbar	1	0.1313	DN_NC_073244.2_30438340_4	DN_NC_073244.2_64265252_5	0.3798	0.5307	0.5307
ZNF254	ZNF486	truthbar	1	0.2943	DN_NC_073244.2_26666712_5	DN_NC_073244.2_30438386_2	0.4566	0.3964	0.4566
ZNF254	ZNF506	truthbar	1	0.2503	DN_NC_073244.2_26240039_2	DN_NC_073244.2_30438340_4	0.4246	0.3798	0.4246
ZNF254	ZNF519	truthbar	1	0.3277	DN_NC_073241.2_36126183_3	DN_NC_073244.2_30438340_4	0.1960	0.3798	0.3798
ZNF254	ZNF528	truthbar	1	0.1433	DN_NC_073244.2_30438340_4	DN_NC_073244.2_64368633_7	0.3798	0.2537	0.3798
ZNF254	ZNF578	truthbar	1	0.1626	DN_NC_073244.2_30438340_4	DN_NC_073244.2_64426370_6	0.3798	0.4463	0.4463
ZNF254	ZNF595	truthbar	1	0.4315	DN_NC_073227.2_8633418_2	DN_NC_073244.2_30438340_4	0.5689	0.3798	0.5689
ZNF254	ZNF600	truthbar	1	0.2026	DN_NC_073244.2_30438386_2	DN_NC_073244.2_64724127_4	0.3964	0.3339	0.3964
ZNF254	ZNF611	truthbar	1	0.2475	DN_NC_073244.2_30438386_2	DN_NC_073244.2_64672255_4	0.3964	0.3521	0.3964
ZNF254	ZNF616	truthbar	1						
ZNF254	ZNF626	truthbar	1	0.4025	DN_NC_073244.2_27131194_2	DN_NC_073244.2_30438386_2	0.4557	0.3964	0.4557
ZNF254	ZNF655	truthbar	1						
ZNF254	ZNF675	truthbar	1	0.5300	DN_NC_073244.2_29970261_4	DN_NC_073244.2_30438386_2	0.3774	0.3964	0.3964
ZNF254	ZNF678	truthbar	1	0.3313	DN_NC_073224.2_40627195_4	DN_NC_073244.2_30438386_2	0.3220	0.3964	0.3964
ZNF254	ZNF680	truthbar	1	0.3290	DN_NC_073230.2_73977205_4	DN_NC_073244.2_30438386_2	0.3066	0.3964	0.3964
ZNF254	ZNF681	truthbar	1	0.3734	DN_NC_073244.2_30067652_4	DN_NC_073244.2_30438340_4	0.4267	0.3798	0.4267
ZNF254	ZNF682	truthbar	1	0.3243	DN_NC_073244.2_26470366_4	DN_NC_073244.2_30438386_2	0.3255	0.3964	0.3964
ZNF254	ZNF695	truthbar	1	0.3126	DN_NC_073224.2_8422960_4	DN_NC_073244.2_30438386_2	0.3045	0.3964	0.3964
ZNF254	ZNF701	truthbar	1						
ZNF254	ZNF721	truthbar	1	0.3594	DN_NC_073227.2_9009888_2	DN_NC_073244.2_30438340_4	0.3764	0.3798	0.3798
ZNF254	ZNF723	truthbar	1	0.3718	DN_NC_073244.2_29232445_4	DN_NC_073244.2_30438340_4	0.5099	0.3798	0.5099
ZNF254	ZNF727	truthbar	1	0.2234	DN_NC_073230.2_73508332_4	DN_NC_073244.2_30438386_2	0.3146	0.3964	0.3964
ZNF254	ZNF736	truthbar	1	0.2355	DN_NC_073230.2_73776646_4	DN_NC_073244.2_30438386_2	0.3000	0.3964	0.3964
ZNF254	ZNF761	truthbar	1	0.3324	DN_NC_073244.2_30438386_2	DN_NC_073244.2_65362909_5	0.3964	0.3364	0.3964
ZNF254	ZNF766	truthbar	1						
ZNF254	ZNF8	truthbar	1						
ZNF254	ZNF808	truthbar	1						
ZNF254	ZNF813	truthbar	1	0.3101	DN_NC_073244.2_30438340_4	DN_NC_073244.2_65398487_4	0.3798	0.3208	0.3798
ZNF254	ZNF83	truthbar	1						
ZNF254	ZNF836	truthbar	1						
ZNF254	ZNF841	truthbar	1						
ZNF254	ZNF888	truthbar	1						
ZNF254	ZNF91	truthbar	1	0.4771	DN_NC_073244.2_29680825_4	DN_NC_073244.2_30438340_4	0.4948	0.3798	0.4948
ZNF254	ZNF92	truthbar	1	0.3409	DN_NC_073230.2_74637722_4	DN_NC_073244.2_30438386_2	0.3318	0.3964	0.3964
ZNF256	ZNF304	truthbar	1	0.2087	DN_NC_073244.2_69454318_2	DN_NC_073244.2_70043245_2	0.0843	0.1315	0.1315
ZNF256	ZNF416	truthbar	1	0.3223	DN_NC_073244.2_69672458_4	DN_NC_073244.2_70043245_2	0.0429	0.1315	0.1315
ZNF256	ZNF418	truthbar	1	0.2071	DN_NC_073244.2_70024584_5	DN_NC_073244.2_70042341_3	0.1190	0.3170	0.3170
ZNF256	ZNF547	truthbar	1	0.2004	DN_NC_073244.2_69466443_4	DN_NC_073244.2_70043245_2	0.1876	0.1315	0.1876
ZNF256	ZNF548	truthbar	1	0.3475	DN_NC_073244.2_69492904_4	DN_NC_073244.2_70043245_2	0.3216	0.1315	0.3216
ZNF256	ZNF549	truthbar	1	0.1809	DN_NC_073244.2_69628878_4	DN_NC_073244.2_70043245_2	0.1653	0.1315	0.1653
ZNF256	ZNF551	truthbar	1	0.3848	DN_NC_073244.2_69783488_3	DN_NC_073244.2_70043245_2	0.2220	0.1315	0.2220
ZNF256	ZNF552	truthbar	1						
ZNF256	ZNF584	truthbar	1						
ZNF256	ZNF586	truthbar	1						
ZNF256	ZNF671	truthbar	1	0.2217	DN_NC_073244.2_69821764_4	DN_NC_073244.2_70043245_2	0.0491	0.1315	0.1315
ZNF256	ZNF776	truthbar	1	0.1770	DN_NC_073244.2_69848694_2	DN_NC_073244.2_70043245_2	0.1791	0.1315	0.1791
ZNF256	ZNF792	truthbar	1	0.1983	DN_NC_073244.2_46013405_4	DN_NC_073244.2_70043245_2	0.1794	0.1315	0.1794
ZNF26	ZNF260	truthbar	1	0.1620	DN_NC_073234.2_148486259_4	DN_NC_073244.2_47706466_2	0.1823	0.2991	0.2991
ZNF26	ZNF268	truthbar	1	0.2180	DN_NC_073234.2_148486259_4	DN_NC_073234.2_148682020_7	0.1823	0.1658	0.1823
ZNF26	ZNF287	truthbar	1						
ZNF26	ZNF300	truthbar	1						
ZNF26	ZNF302	truthbar	1	0.1505	DN_NC_073234.2_148486259_4	DN_NC_073244.2_45737704_5	0.1823	0.1493	0.1823
ZNF26	ZNF334	truthbar	1						
ZNF26	ZNF33B	truthbar	1						
ZNF26	ZNF354A	truthbar	1						
ZNF26	ZNF354B	truthbar	1						
ZNF26	ZNF382	truthbar	1						
ZNF26	ZNF41	truthbar	1						
ZNF26	ZNF432	truthbar	1						
ZNF26	ZNF484	genuine	0	0.2396	DN_NC_073234.2_148486259_4	DN_NC_073237.2_89310571_5	0.1823	0.2190	0.2190
ZNF26	ZNF487	genuine	0						
ZNF26	ZNF501	genuine	0						
ZNF26	ZNF510	truthbar	1						
ZNF26	ZNF527	truthbar	1						
ZNF26	ZNF565	truthbar	1						
ZNF26	ZNF567	truthbar	1						
ZNF26	ZNF568	truthbar	1	0.1800	DN_NC_073234.2_148486259_4	DN_NC_073244.2_48093173_7	0.1823	0.3190	0.3190
ZNF26	ZNF569	truthbar	1						
ZNF26	ZNF577	truthbar	1						
ZNF26	ZNF585A	truthbar	1	0.1474	DN_NC_073234.2_148486259_4	DN_NC_073244.2_48319142_5	0.1823	0.1403	0.1823
ZNF26	ZNF585B	truthbar	1	0.2050	DN_NC_073234.2_148486259_4	DN_NC_073244.2_48352926_4	0.1823	0.1502	0.1823
ZNF26	ZNF605	truthbar	1	0.1646	DN_NC_073234.2_148420424_5	DN_NC_073234.2_148486259_4	0.0953	0.1823	0.1823
ZNF26	ZNF606	truthbar	1						
ZNF26	ZNF613	truthbar	1	0.2251	DN_NC_073234.2_148486259_4	DN_NC_073244.2_63895938_6	0.1823	0.1312	0.1823
ZNF26	ZNF614	truthbar	1						
ZNF26	ZNF615	truthbar	1						
ZNF26	ZNF624	truthbar	1						
ZNF26	ZNF649	truthbar	1	0.1883	DN_NC_073234.2_148486259_4	DN_NC_073244.2_63855100_5	0.1823	0.1720	0.1823
ZNF26	ZNF674	truthbar	1	0.1723	DN_NC_073234.2_148486259_4	DN_NC_073247.2_56899135_7	0.1823	0.2309	0.2309
ZNF26	ZNF717	truthbar	1						
ZNF26	ZNF782	truthbar	1						
ZNF26	ZNF81	truthbar	1						
ZNF26	ZNF84	truthbar	1						
ZNF26	ZNF883	truthbar	1						
ZNF260	ZNF268	genuine	0						
ZNF260	ZNF287	truthbar	1						
ZNF260	ZNF300	truthbar	1						
ZNF260	ZNF302	truthbar	1						
ZNF260	ZNF334	truthbar	1	0.1356	DN_NC_073244.2_47706466_2	DN_NC_073245.2_58728682_5	0.2991	0.1278	0.2991
ZNF260	ZNF33B	genuine	0	0.1584	DN_NC_073232.2_72820474_5	DN_NC_073244.2_47706466_2	0.2521	0.2991	0.2991
ZNF260	ZNF354A	truthbar	1	0.2589	DN_NC_073228.2_182334642_5	DN_NC_073244.2_47706460_3	0.1866	0.2910	0.2910
ZNF260	ZNF354B	truthbar	1	0.1487	DN_NC_073228.2_182827930_5	DN_NC_073244.2_47706466_2	0.2209	0.2991	0.2991
ZNF260	ZNF382	truthbar	1						
ZNF260	ZNF41	genuine	0						
ZNF260	ZNF432	truthbar	1						
ZNF260	ZNF484	genuine	0						
ZNF260	ZNF487	genuine	0	0.1453	DN_NC_073232.2_71973207_3	DN_NC_073244.2_47706466_2	0.0993	0.2991	0.2991
ZNF260	ZNF501	truthbar	1						
ZNF260	ZNF510	truthbar	1						
ZNF260	ZNF527	truthbar	1	0.1615	DN_NC_073244.2_47706466_2	DN_NC_073244.2_48620420_5	0.2991	0.2697	0.2991
ZNF260	ZNF565	truthbar	1	0.1778	DN_NC_073244.2_47288294_4	DN_NC_073244.2_47706466_2	0.2381	0.2991	0.2991
ZNF260	ZNF567	truthbar	1	0.2304	DN_NC_073244.2_47706460_3	DN_NC_073244.2_47878793_6	0.2910	0.1800	0.2910
ZNF260	ZNF568	truthbar	1	0.1667	DN_NC_073244.2_47706466_2	DN_NC_073244.2_48093173_7	0.2991	0.3190	0.3190
ZNF260	ZNF569	truthbar	1	0.1624	DN_NC_073244.2_47706460_3	DN_NC_073244.2_48919547_6	0.2910	0.1952	0.2910
ZNF260	ZNF577	truthbar	1						
ZNF260	ZNF585A	truthbar	1	0.2137	DN_NC_073244.2_47706460_3	DN_NC_073244.2_48319142_5	0.2910	0.1403	0.2910
ZNF260	ZNF585B	truthbar	1	0.2033	DN_NC_073244.2_47706466_2	DN_NC_073244.2_48352926_4	0.2991	0.1502	0.2991
ZNF260	ZNF605	truthbar	1	0.1659	DN_NC_073234.2_148420424_5	DN_NC_073244.2_47706466_2	0.0953	0.2991	0.2991
ZNF260	ZNF606	truthbar	1						
ZNF260	ZNF613	truthbar	1						
ZNF260	ZNF614	truthbar	1						
ZNF260	ZNF615	genuine	0						
ZNF260	ZNF624	genuine	0	0.2000	DN_NC_073228.2_83513581_6	DN_NC_073244.2_47706460_3	0.2734	0.2910	0.2910
ZNF260	ZNF649	truthbar	1						
ZNF260	ZNF674	truthbar	1	0.2032	DN_NC_073244.2_47706460_3	DN_NC_073247.2_56899135_7	0.2910	0.2309	0.2910
ZNF260	ZNF717	genuine	0	0.1808	DN_NC_073244.2_47706466_2	DN_NC_086017.1_85766278_5	0.2991	0.1562	0.2991
ZNF260	ZNF782	genuine	0						
ZNF260	ZNF81	truthbar	1						
ZNF260	ZNF84	truthbar	1						
ZNF260	ZNF883	truthbar	1	0.2206	DN_NC_073237.2_109230975_4	DN_NC_073244.2_47706460_3	0.2819	0.2910	0.2910
ZNF263	ZNF394	truthbar	1	0.1353	DN_NC_073230.2_89330255_2	DN_NC_073242.2_6930599_2	0.1803	0.0961	0.1803
ZNF263	ZNF75A	truthbar	1						
ZNF263	ZNF75D	truthbar	1						
ZNF263	ZSCAN21	truthbar	1						
ZNF263	ZSCAN29	truthbar	1						
ZNF263	ZSCAN30	truthbar	1	0.1407	DN_NC_073241.2_64479147_4	DN_NC_073242.2_6930862_6	0.1978	0.0962	0.1978
ZNF263	ZSCAN31	truthbar	1						
ZNF264	ZNF311	truthbar	1						
ZNF264	ZNF35	truthbar	1						
ZNF264	ZNF460	truthbar	1	0.1343	DN_NC_073244.2_69294668_4	DN_NC_073244.2_69382679_3	0.1742	0.4625	0.4625
ZNF264	ZNF473	genuine	0						
ZNF264	ZNF543	truthbar	1	0.4023	DN_NC_073244.2_69294668_4	DN_NC_073244.2_69422908_4	0.1742	0.1121	0.1742
ZNF264	ZNF550	truthbar	1	0.2186	DN_NC_073244.2_69294668_4	DN_NC_073244.2_69643403_5	0.1742	0.1071	0.1742
ZNF264	ZNF594	truthbar	1						
ZNF264	ZNF667	truthbar	1						
ZNF264	ZNF805	truthbar	1	0.3556	DN_NC_073244.2_69294668_4	DN_NC_073244.2_69343714_4	0.1742	0.2557	0.2557
ZNF264	ZSCAN20	genuine	0						
ZNF266	ZNF283	truthbar	1	0.2461	DN_NC_073244.2_15453865_9	DN_NC_073244.2_55341363_7	0.1712	0.3000	0.3000
ZNF266	ZNF30	truthbar	1	0.1633	DN_NC_073244.2_15453865_9	DN_NC_073244.2_45985550_6	0.1712	0.1432	0.1712
ZNF266	ZNF329	truthbar	1						
ZNF266	ZNF331	truthbar	1						
ZNF266	ZNF420	truthbar	1	0.1717	DN_NC_073244.2_15453865_9	DN_NC_073244.2_48242798_5	0.1712	0.2498	0.2498
ZNF266	ZNF461	truthbar	1						
ZNF266	ZNF471	truthbar	1						
ZNF266	ZNF529	truthbar	1						
ZNF266	ZNF540	truthbar	1						
ZNF266	ZNF546	truthbar	1	0.1911	DN_NC_073244.2_15453865_9	DN_NC_073244.2_51749194_6	0.1712	0.3443	0.3443
ZNF266	ZNF560	truthbar	1	0.2060	DN_NC_073244.2_15453865_9	DN_NC_073244.2_15508499_10	0.1712	0.1478	0.1712
ZNF266	ZNF565	truthbar	1						
ZNF266	ZNF566	genuine	0						
ZNF266	ZNF571	truthbar	1	0.2236	DN_NC_073244.2_15453865_9	DN_NC_073244.2_49072464_4	0.1712	0.1879	0.1879
ZNF266	ZNF573	truthbar	1	0.2659	DN_NC_073244.2_15453865_9	DN_NC_073244.2_49246931_6	0.1712	0.3121	0.3121
ZNF266	ZNF582	truthbar	1						
ZNF266	ZNF583	truthbar	1						
ZNF266	ZNF596	truthbar	1	0.1399	DN_NC_073231.2_4596743_6	DN_NC_073244.2_15453865_9	0.2851	0.1712	0.2851
ZNF266	ZNF607	truthbar	1						
ZNF266	ZNF665	truthbar	1						
ZNF266	ZNF684	truthbar	1						
ZNF266	ZNF780A	truthbar	1						
ZNF266	ZNF780B	truthbar	1						
ZNF266	ZNF790	truthbar	1	0.1562	DN_NC_073244.2_15453865_9	DN_NC_073244.2_47997304_5	0.1712	0.2772	0.2772
ZNF266	ZNF829	truthbar	1	0.2401	DN_NC_073244.2_15453865_9	DN_NC_073244.2_48066692_6	0.1712	0.4705	0.4705
ZNF266	ZNF891	truthbar	1						
ZNF267	ZNF273	truthbar	1	0.1986	DN_NC_073230.2_74299233_4	DN_NC_073242.2_37386128_4	0.3847	0.2710	0.3847
ZNF267	ZNF28	truthbar	1	0.2690	DN_NC_073242.2_37386128_4	DN_NC_073244.2_64759228_5	0.2710	0.3434	0.3434
ZNF267	ZNF347	truthbar	1	0.2387	DN_NC_073242.2_37386128_4	DN_NC_073244.2_65073171_5	0.2710	0.3826	0.3826
ZNF267	ZNF415	truthbar	1	0.3663	DN_NC_073242.2_37386128_4	DN_NC_073244.2_65046428_2	0.2710	0.1755	0.2710
ZNF267	ZNF429	truthbar	1	0.4993	DN_NC_073242.2_37386128_4	DN_NC_073244.2_27956158_2	0.2710	0.5265	0.5265
ZNF267	ZNF43	truthbar	1	0.3067	DN_NC_073242.2_37386128_4	DN_NC_073244.2_28333451_4	0.2710	0.4625	0.4625
ZNF267	ZNF430	truthbar	1	0.1641	DN_NC_073242.2_37386128_4	DN_NC_073244.2_27504818_5	0.2710	0.4270	0.4270
ZNF267	ZNF468	truthbar	1						
ZNF267	ZNF480	truthbar	1						
ZNF267	ZNF486	truthbar	1	0.2077	DN_NC_073242.2_37386128_4	DN_NC_073244.2_26666712_5	0.2710	0.4566	0.4566
ZNF267	ZNF506	truthbar	1						
ZNF267	ZNF519	truthbar	1	0.1522	DN_NC_073241.2_36126198_2	DN_NC_073242.2_37386128_4	0.2075	0.2710	0.2710
ZNF267	ZNF528	truthbar	1						
ZNF267	ZNF578	truthbar	1						
ZNF267	ZNF595	truthbar	1	0.1842	DN_NC_073227.2_8633418_2	DN_NC_073242.2_37386128_4	0.5689	0.2710	0.5689
ZNF267	ZNF600	truthbar	1						
ZNF267	ZNF611	truthbar	1	0.1616	DN_NC_073242.2_37386128_4	DN_NC_073244.2_64672255_4	0.2710	0.3521	0.3521
ZNF267	ZNF616	truthbar	1	0.1760	DN_NC_073242.2_37386128_4	DN_NC_073244.2_64081943_4	0.2710	0.2620	0.2710
ZNF267	ZNF626	truthbar	1						
ZNF267	ZNF655	truthbar	1						
ZNF267	ZNF675	truthbar	1	0.3688	DN_NC_073242.2_37386128_4	DN_NC_073244.2_29970261_4	0.2710	0.3774	0.3774
ZNF267	ZNF678	truthbar	1	0.2799	DN_NC_073224.2_40627195_4	DN_NC_073242.2_37386128_4	0.3220	0.2710	0.3220
ZNF267	ZNF680	truthbar	1	0.2955	DN_NC_073230.2_73977205_4	DN_NC_073242.2_37386128_4	0.3066	0.2710	0.3066
ZNF267	ZNF681	truthbar	1	0.2039	DN_NC_073242.2_37386128_4	DN_NC_073244.2_30067652_4	0.2710	0.4267	0.4267
ZNF267	ZNF682	truthbar	1						
ZNF267	ZNF695	truthbar	1	0.1545	DN_NC_073224.2_8422960_4	DN_NC_073242.2_37386128_4	0.3045	0.2710	0.3045
ZNF267	ZNF701	genuine	0						
ZNF267	ZNF721	truthbar	1	0.1422	DN_NC_073227.2_9009888_2	DN_NC_073242.2_37386128_4	0.3764	0.2710	0.3764
ZNF267	ZNF723	truthbar	1	0.2733	DN_NC_073242.2_37386128_4	DN_NC_073244.2_29232445_4	0.2710	0.5099	0.5099
ZNF267	ZNF727	truthbar	1	0.1373	DN_NC_073230.2_73508332_4	DN_NC_073242.2_37386128_4	0.3146	0.2710	0.3146
ZNF267	ZNF736	truthbar	1						
ZNF267	ZNF761	truthbar	1	0.1432	DN_NC_073242.2_37386128_4	DN_NC_073244.2_65362909_5	0.2710	0.3364	0.3364
ZNF267	ZNF766	truthbar	1	0.1946	DN_NC_073242.2_37386128_4	DN_NC_073244.2_64231369_4	0.2710	0.2784	0.2784
ZNF267	ZNF8	truthbar	1						
ZNF267	ZNF808	truthbar	1	0.2272	DN_NC_073242.2_37386128_4	DN_NC_073244.2_64500861_5	0.2710	0.4373	0.4373
ZNF267	ZNF813	truthbar	1	0.1750	DN_NC_073242.2_37386128_4	DN_NC_073244.2_65398487_4	0.2710	0.3208	0.3208
ZNF267	ZNF83	truthbar	1	0.2497	DN_NC_073242.2_37386128_4	DN_NC_073244.2_64585864_4	0.2710	0.3038	0.3038
ZNF267	ZNF836	truthbar	1	0.2818	DN_NC_073242.2_37386128_4	DN_NC_073244.2_64125568_5	0.2710	0.4107	0.4107
ZNF267	ZNF841	truthbar	1	0.2259	DN_NC_073242.2_37386128_4	DN_NC_073244.2_64034715_7	0.2710	0.3325	0.3325
ZNF267	ZNF888	truthbar	1	0.1373	DN_NC_073242.2_37386128_4	DN_NC_073244.2_64860608_4	0.2710	0.4244	0.4244
ZNF267	ZNF91	truthbar	1	0.3053	DN_NC_073242.2_37386128_4	DN_NC_073244.2_29680825_2	0.2710	0.5202	0.5202
ZNF267	ZNF92	truthbar	1	0.2692	DN_NC_073230.2_74637814_2	DN_NC_073242.2_37386128_4	0.3657	0.2710	0.3657
ZNF268	ZNF287	truthbar	1						
ZNF268	ZNF300	truthbar	1	0.2262	DN_NC_073228.2_154747841_5	DN_NC_073234.2_148682020_7	0.1543	0.1658	0.1658
ZNF268	ZNF302	genuine	0						
ZNF268	ZNF334	truthbar	1	0.2391	DN_NC_073234.2_148682020_7	DN_NC_073245.2_58728682_5	0.1658	0.1278	0.1658
ZNF268	ZNF33B	truthbar	1	0.2220	DN_NC_073232.2_72820474_5	DN_NC_073234.2_148682020_7	0.2521	0.1658	0.2521
ZNF268	ZNF354A	truthbar	1						
ZNF268	ZNF354B	truthbar	1						
ZNF268	ZNF382	truthbar	1	0.1986	DN_NC_073234.2_148682020_7	DN_NC_073244.2_47798559_5	0.1658	0.2005	0.2005
ZNF268	ZNF41	truthbar	1	0.2235	DN_NC_073234.2_148682020_7	DN_NC_073247.2_57840463_5	0.1658	0.1565	0.1658
ZNF268	ZNF432	truthbar	1	0.2036	DN_NC_073234.2_148682020_7	DN_NC_073244.2_64004232_5	0.1658	0.1825	0.1825
ZNF268	ZNF484	truthbar	1	0.2871	DN_NC_073234.2_148682020_7	DN_NC_073237.2_89310571_5	0.1658	0.2190	0.2190
ZNF268	ZNF487	genuine	0	0.1314	DN_NC_073232.2_71973207_3	DN_NC_073234.2_148682020_7	0.0993	0.1658	0.1658
ZNF268	ZNF501	genuine	0						
ZNF268	ZNF510	truthbar	1						
ZNF268	ZNF527	truthbar	1	0.3200	DN_NC_073234.2_148682020_7	DN_NC_073244.2_48620420_5	0.1658	0.2697	0.2697
ZNF268	ZNF565	truthbar	1						
ZNF268	ZNF567	truthbar	1						
ZNF268	ZNF568	truthbar	1						
ZNF268	ZNF569	truthbar	1	0.1311	DN_NC_073234.2_148682020_7	DN_NC_073244.2_48919547_6	0.1658	0.1952	0.1952
ZNF268	ZNF577	genuine	0						
ZNF268	ZNF585A	truthbar	1	0.2870	DN_NC_073234.2_148682020_7	DN_NC_073244.2_48319142_5	0.1658	0.1403	0.1658
ZNF268	ZNF585B	truthbar	1	0.3677	DN_NC_073234.2_148682020_7	DN_NC_073244.2_48352926_4	0.1658	0.1502	0.1658
ZNF268	ZNF605	truthbar	1	0.2499	DN_NC_073234.2_148420424_5	DN_NC_073234.2_148682020_7	0.0953	0.1658	0.1658
ZNF268	ZNF606	truthbar	1	0.1542	DN_NC_073234.2_148682020_7	DN_NC_073244.2_70077616_7	0.1658	0.1288	0.1658
ZNF268	ZNF613	truthbar	1						
ZNF268	ZNF614	truthbar	1	0.1872	DN_NC_073234.2_148682020_7	DN_NC_073244.2_63983979_5	0.1658	0.1252	0.1658
ZNF268	ZNF615	truthbar	1						
ZNF268	ZNF624	truthbar	1	0.4151	DN_NC_073228.2_83513581_6	DN_NC_073234.2_148682020_7	0.2734	0.1658	0.2734
ZNF268	ZNF649	truthbar	1						
ZNF268	ZNF674	truthbar	1	0.1387	DN_NC_073234.2_148682020_7	DN_NC_073247.2_56899135_7	0.1658	0.2309	0.2309
ZNF268	ZNF717	truthbar	1	0.4042	DN_NC_073234.2_148682020_7	DN_NC_086017.1_85766278_5	0.1658	0.1562	0.1658
ZNF268	ZNF782	truthbar	1	0.1703	DN_NC_073234.2_148682020_7	DN_NC_073237.2_93275727_4	0.1658	0.1049	0.1658
ZNF268	ZNF81	truthbar	1						
ZNF268	ZNF84	truthbar	1	0.3020	DN_NC_073234.2_148537990_5	DN_NC_073234.2_148682020_7	0.2027	0.1658	0.2027
ZNF268	ZNF883	genuine	0	0.1590	DN_NC_073234.2_148682020_7	DN_NC_073237.2_109230975_4	0.1658	0.2819	0.2819
ZNF273	ZNF28	truthbar	1	0.1646	DN_NC_073230.2_74299233_4	DN_NC_073244.2_64759228_5	0.3847	0.3434	0.3847
ZNF273	ZNF347	truthbar	1						
ZNF273	ZNF415	truthbar	1	0.3975	DN_NC_073230.2_74299233_4	DN_NC_073244.2_65046428_2	0.3847	0.1755	0.3847
ZNF273	ZNF429	truthbar	1	0.6848	DN_NC_073230.2_74299233_4	DN_NC_073244.2_27956158_2	0.3847	0.5265	0.5265
ZNF273	ZNF43	truthbar	1	0.4055	DN_NC_073230.2_74299233_4	DN_NC_073244.2_28333451_4	0.3847	0.4625	0.4625
ZNF273	ZNF430	truthbar	1	0.3934	DN_NC_073230.2_74299233_4	DN_NC_073244.2_27504818_5	0.3847	0.4270	0.4270
ZNF273	ZNF468	truthbar	1						
ZNF273	ZNF480	truthbar	1	0.1885	DN_NC_073230.2_74299233_4	DN_NC_073244.2_64265252_5	0.3847	0.5307	0.5307
ZNF273	ZNF486	truthbar	1	0.2671	DN_NC_073230.2_74299233_4	DN_NC_073244.2_26666712_5	0.3847	0.4566	0.4566
ZNF273	ZNF506	truthbar	1	0.4147	DN_NC_073230.2_74299233_4	DN_NC_073244.2_26240035_4	0.3847	0.3919	0.3919
ZNF273	ZNF519	truthbar	1	0.2880	DN_NC_073230.2_74299233_4	DN_NC_073241.2_36126198_2	0.3847	0.2075	0.3847
ZNF273	ZNF528	truthbar	1						
ZNF273	ZNF578	truthbar	1						
ZNF273	ZNF595	truthbar	1	0.4352	DN_NC_073227.2_8633418_2	DN_NC_073230.2_74299233_4	0.5689	0.3847	0.5689
ZNF273	ZNF600	truthbar	1						
ZNF273	ZNF611	truthbar	1						
ZNF273	ZNF616	truthbar	1						
ZNF273	ZNF626	truthbar	1	0.3994	DN_NC_073230.2_74299233_4	DN_NC_073244.2_27131194_2	0.3847	0.4557	0.4557
ZNF273	ZNF655	truthbar	1						
ZNF273	ZNF675	truthbar	1	0.5386	DN_NC_073230.2_74299233_4	DN_NC_073244.2_29970261_4	0.3847	0.3774	0.3847
ZNF273	ZNF678	truthbar	1	0.3068	DN_NC_073224.2_40627195_4	DN_NC_073230.2_74299233_4	0.3220	0.3847	0.3847
ZNF273	ZNF680	truthbar	1	0.5742	DN_NC_073230.2_73977205_4	DN_NC_073230.2_74299233_4	0.3066	0.3847	0.3847
ZNF273	ZNF681	truthbar	1	0.1683	DN_NC_073230.2_74299233_4	DN_NC_073244.2_30067652_4	0.3847	0.4267	0.4267
ZNF273	ZNF682	truthbar	1	0.4775	DN_NC_073230.2_74299233_4	DN_NC_073244.2_26470366_4	0.3847	0.3255	0.3847
ZNF273	ZNF695	truthbar	1	0.2475	DN_NC_073224.2_8422960_4	DN_NC_073230.2_74299233_4	0.3045	0.3847	0.3847
ZNF273	ZNF701	truthbar	1						
ZNF273	ZNF721	truthbar	1	0.3087	DN_NC_073227.2_9010062_2	DN_NC_073230.2_74299233_4	0.3953	0.3847	0.3953
ZNF273	ZNF723	truthbar	1	0.6887	DN_NC_073230.2_74299233_4	DN_NC_073244.2_29232445_4	0.3847	0.5099	0.5099
ZNF273	ZNF727	truthbar	1	0.2225	DN_NC_073230.2_73508332_4	DN_NC_073230.2_74299233_4	0.3146	0.3847	0.3847
ZNF273	ZNF736	truthbar	1	0.3741	DN_NC_073230.2_73776646_4	DN_NC_073230.2_74299233_4	0.3000	0.3847	0.3847
ZNF273	ZNF761	truthbar	1	0.2917	DN_NC_073230.2_74299233_4	DN_NC_073244.2_65362909_5	0.3847	0.3364	0.3847
ZNF273	ZNF766	truthbar	1						
ZNF273	ZNF8	truthbar	1						
ZNF273	ZNF808	truthbar	1						
ZNF273	ZNF813	truthbar	1	0.3071	DN_NC_073230.2_74299233_4	DN_NC_073244.2_65398487_4	0.3847	0.3208	0.3847
ZNF273	ZNF83	truthbar	1						
ZNF273	ZNF836	truthbar	1	0.1553	DN_NC_073230.2_74299233_4	DN_NC_073244.2_64125568_5	0.3847	0.4107	0.4107
ZNF273	ZNF841	truthbar	1						
ZNF273	ZNF888	truthbar	1						
ZNF273	ZNF91	genuine	0	0.3305	DN_NC_073230.2_74299233_4	DN_NC_073244.2_29680825_2	0.3847	0.5202	0.5202
ZNF273	ZNF92	truthbar	1	0.3654	DN_NC_073230.2_74299233_4	DN_NC_073230.2_74637814_2	0.3847	0.3657	0.3847
ZNF274	ZNF397	truthbar	1						
ZNF274	ZNF436	truthbar	1						
ZNF274	ZNF502	genuine	0						
ZNF274	ZSCAN12	truthbar	1						
ZNF274	ZSCAN16	truthbar	1						
ZNF274	ZSCAN22	truthbar	1						
ZNF274	ZSCAN9	truthbar	1						
ZNF28	ZNF347	truthbar	1	0.2228	DN_NC_073244.2_64759228_5	DN_NC_073244.2_65073171_5	0.3434	0.3826	0.3826
ZNF28	ZNF415	truthbar	1	0.1612	DN_NC_073244.2_64759228_5	DN_NC_073244.2_65046428_4	0.3434	0.1840	0.3434
ZNF28	ZNF429	truthbar	1						
ZNF28	ZNF43	truthbar	1						
ZNF28	ZNF430	genuine	0						
ZNF28	ZNF468	truthbar	1	0.2527	DN_NC_073244.2_64759228_5	DN_NC_073244.2_64797239_5	0.3434	0.3221	0.3434
ZNF28	ZNF480	truthbar	1	0.2107	DN_NC_073244.2_64265252_5	DN_NC_073244.2_64759228_5	0.5307	0.3434	0.5307
ZNF28	ZNF486	genuine	0						
ZNF28	ZNF506	genuine	0						
ZNF28	ZNF519	truthbar	1						
ZNF28	ZNF528	truthbar	1						
ZNF28	ZNF578	truthbar	1	0.1590	DN_NC_073244.2_64426370_6	DN_NC_073244.2_64759228_5	0.4463	0.3434	0.4463
ZNF28	ZNF595	truthbar	1						
ZNF28	ZNF600	truthbar	1	0.1672	DN_NC_073244.2_64724127_4	DN_NC_073244.2_64759228_5	0.3339	0.3434	0.3434
ZNF28	ZNF611	truthbar	1	0.1652	DN_NC_073244.2_64672255_4	DN_NC_073244.2_64759228_5	0.3521	0.3434	0.3521
ZNF28	ZNF616	truthbar	1	0.1434	DN_NC_073244.2_64081943_4	DN_NC_073244.2_64759228_5	0.2620	0.3434	0.3434
ZNF28	ZNF626	genuine	0						
ZNF28	ZNF655	truthbar	1						
ZNF28	ZNF675	truthbar	1						
ZNF28	ZNF678	truthbar	1						
ZNF28	ZNF680	genuine	0						
ZNF28	ZNF681	genuine	0	0.2019	DN_NC_073244.2_30067652_4	DN_NC_073244.2_64759228_5	0.4267	0.3434	0.4267
ZNF28	ZNF682	genuine	0						
ZNF28	ZNF695	truthbar	1	0.2326	DN_NC_073224.2_8422960_4	DN_NC_073244.2_64759228_5	0.3045	0.3434	0.3434
ZNF28	ZNF701	truthbar	1	0.1737	DN_NC_073244.2_64543447_4	DN_NC_073244.2_64759228_5	0.2106	0.3434	0.3434
ZNF28	ZNF721	genuine	0	0.2411	DN_NC_073227.2_9010062_2	DN_NC_073244.2_64759228_5	0.3953	0.3434	0.3953
ZNF28	ZNF723	genuine	0						
ZNF28	ZNF727	truthbar	1						
ZNF28	ZNF736	genuine	0						
ZNF28	ZNF761	truthbar	1	0.2955	DN_NC_073244.2_64759228_5	DN_NC_073244.2_65362909_5	0.3434	0.3364	0.3434
ZNF28	ZNF766	truthbar	1	0.1387	DN_NC_073244.2_64231369_4	DN_NC_073244.2_64759228_5	0.2784	0.3434	0.3434
ZNF28	ZNF8	genuine	0						
ZNF28	ZNF808	truthbar	1	0.2673	DN_NC_073244.2_64500861_5	DN_NC_073244.2_64759228_5	0.4373	0.3434	0.4373
ZNF28	ZNF813	truthbar	1	0.1575	DN_NC_073244.2_64759228_5	DN_NC_073244.2_65398487_4	0.3434	0.3208	0.3434
ZNF28	ZNF83	truthbar	1	0.2237	DN_NC_073244.2_64585864_4	DN_NC_073244.2_64759228_5	0.3038	0.3434	0.3434
ZNF28	ZNF836	truthbar	1	0.2537	DN_NC_073244.2_64125568_5	DN_NC_073244.2_64759228_5	0.4107	0.3434	0.4107
ZNF28	ZNF841	truthbar	1	0.3097	DN_NC_073244.2_64034715_7	DN_NC_073244.2_64759228_5	0.3325	0.3434	0.3434
ZNF28	ZNF888	truthbar	1	0.3359	DN_NC_073244.2_64759228_5	DN_NC_073244.2_64860608_4	0.3434	0.4244	0.4244
ZNF28	ZNF91	genuine	0	0.3451	DN_NC_073244.2_29680825_4	DN_NC_073244.2_64759228_5	0.4948	0.3434	0.4948
ZNF28	ZNF92	truthbar	1	0.2151	DN_NC_073230.2_74637814_2	DN_NC_073244.2_64759228_5	0.3657	0.3434	0.3657
ZNF280C	ZNF280D	truthbar	1	0.1374	DN_NC_073240.2_57401181_22	DN_NC_073247.2_141930386_19	0.1451	0.2785	0.2785
ZNF283	ZNF30	truthbar	1	0.1409	DN_NC_073244.2_45985550_6	DN_NC_073244.2_55341363_7	0.1432	0.3000	0.3000
ZNF283	ZNF329	genuine	0						
ZNF283	ZNF331	genuine	0	0.2341	DN_NC_073244.2_55341363_7	DN_NC_073244.2_65470296_6	0.3000	0.2293	0.3000
ZNF283	ZNF420	truthbar	1	0.4324	DN_NC_073244.2_48242798_5	DN_NC_073244.2_55341363_7	0.2498	0.3000	0.3000
ZNF283	ZNF461	genuine	0	0.2381	DN_NC_073244.2_47831779_6	DN_NC_073244.2_55341363_7	0.2212	0.3000	0.3000
ZNF283	ZNF471	truthbar	1						
ZNF283	ZNF529	genuine	0						
ZNF283	ZNF540	truthbar	1	0.3115	DN_NC_073244.2_49101177_5	DN_NC_073244.2_55341363_7	0.1716	0.3000	0.3000
ZNF283	ZNF546	truthbar	1	0.2032	DN_NC_073244.2_51749194_6	DN_NC_073244.2_55341363_7	0.3443	0.3000	0.3443
ZNF283	ZNF560	truthbar	1						
ZNF283	ZNF565	genuine	0	0.2210	DN_NC_073244.2_47250467_5	DN_NC_073244.2_55341363_7	0.2541	0.3000	0.3000
ZNF283	ZNF566	genuine	0	0.2396	DN_NC_073244.2_47642985_5	DN_NC_073244.2_55341363_7	0.3037	0.3000	0.3037
ZNF283	ZNF571	truthbar	1						
ZNF283	ZNF573	truthbar	1	0.2275	DN_NC_073244.2_49246931_6	DN_NC_073244.2_55341363_7	0.3121	0.3000	0.3121
ZNF283	ZNF582	genuine	0	0.2032	DN_NC_073244.2_55341363_7	DN_NC_073244.2_68491976_5	0.3000	0.1818	0.3000
ZNF283	ZNF583	genuine	0						
ZNF283	ZNF596	genuine	0						
ZNF283	ZNF607	truthbar	1						
ZNF283	ZNF665	truthbar	1	0.1300	DN_NC_073244.2_55341363_7	DN_NC_073244.2_65102393_4	0.3000	0.3815	0.3815
ZNF283	ZNF684	genuine	0						
ZNF283	ZNF780A	truthbar	1	0.2442	DN_NC_073244.2_51825388_5	DN_NC_073244.2_55341363_7	0.1618	0.3000	0.3000
ZNF283	ZNF780B	truthbar	1	0.1560	DN_NC_073244.2_51783968_5	DN_NC_073244.2_55341363_7	0.2381	0.3000	0.3000
ZNF283	ZNF790	truthbar	1	0.4090	DN_NC_073244.2_47997304_5	DN_NC_073244.2_55341363_7	0.2772	0.3000	0.3000
ZNF283	ZNF829	genuine	0	0.2704	DN_NC_073244.2_48066692_6	DN_NC_073244.2_55341363_7	0.4705	0.3000	0.4705
ZNF283	ZNF891	genuine	0						
ZNF284	ZNF285	truthbar	1						
ZNF284	ZNF45	truthbar	1						
ZNF285	ZNF45	truthbar	1	0.1941	DN_NC_073244.2_55426973_9	DN_NC_073244.2_55899006_4	0.2262	0.0582	0.2262
ZNF287	ZNF300	truthbar	1						
ZNF287	ZNF302	truthbar	1	0.1410	DN_NC_073228.2_83600319_6	DN_NC_073244.2_45737704_5	0.1908	0.1493	0.1908
ZNF287	ZNF334	truthbar	1	0.1516	DN_NC_073228.2_83600319_6	DN_NC_073245.2_58728682_5	0.1908	0.1278	0.1908
ZNF287	ZNF33B	truthbar	1						
ZNF287	ZNF354A	truthbar	1	0.3974	DN_NC_073228.2_182334642_5	DN_NC_073228.2_83600319_6	0.1866	0.1908	0.1908
ZNF287	ZNF354B	truthbar	1						
ZNF287	ZNF382	truthbar	1						
ZNF287	ZNF41	truthbar	1	0.1769	DN_NC_073228.2_83600319_6	DN_NC_073247.2_57840463_5	0.1908	0.1565	0.1908
ZNF287	ZNF432	truthbar	1						
ZNF287	ZNF484	truthbar	1						
ZNF287	ZNF487	genuine	0						
ZNF287	ZNF501	genuine	0	0.1613	DN_NC_073228.2_83600319_6	DN_NC_086017.1_54629198_3	0.1908	0.2136	0.2136
ZNF287	ZNF510	truthbar	1						
ZNF287	ZNF527	truthbar	1						
ZNF287	ZNF565	truthbar	1						
ZNF287	ZNF567	truthbar	1	0.2246	DN_NC_073228.2_83600319_6	DN_NC_073244.2_47878793_6	0.1908	0.1800	0.1908
ZNF287	ZNF568	truthbar	1	0.2231	DN_NC_073228.2_83600319_6	DN_NC_073244.2_48093173_7	0.1908	0.3190	0.3190
ZNF287	ZNF569	truthbar	1	0.2312	DN_NC_073228.2_83600319_6	DN_NC_073244.2_48919547_6	0.1908	0.1952	0.1952
ZNF287	ZNF577	genuine	0						
ZNF287	ZNF585A	truthbar	1	0.1391	DN_NC_073228.2_83600319_6	DN_NC_073244.2_48319142_5	0.1908	0.1403	0.1908
ZNF287	ZNF585B	truthbar	1	0.1927	DN_NC_073228.2_83600319_6	DN_NC_073244.2_48352926_4	0.1908	0.1502	0.1908
ZNF287	ZNF605	truthbar	1	0.1689	DN_NC_073228.2_83600319_6	DN_NC_073234.2_148420424_5	0.1908	0.0953	0.1908
ZNF287	ZNF606	truthbar	1	0.1332	DN_NC_073228.2_83600319_6	DN_NC_073244.2_70077616_7	0.1908	0.1288	0.1908
ZNF287	ZNF613	truthbar	1	0.1763	DN_NC_073228.2_83600319_6	DN_NC_073244.2_63895938_6	0.1908	0.1312	0.1908
ZNF287	ZNF614	truthbar	1						
ZNF287	ZNF615	truthbar	1						
ZNF287	ZNF624	truthbar	1	0.2506	DN_NC_073228.2_83513581_6	DN_NC_073228.2_83600319_6	0.2734	0.1908	0.2734
ZNF287	ZNF649	truthbar	1						
ZNF287	ZNF674	truthbar	1						
ZNF287	ZNF717	truthbar	1	0.1836	DN_NC_073228.2_83600319_6	DN_NC_086017.1_85766278_5	0.1908	0.1562	0.1908
ZNF287	ZNF782	truthbar	1						
ZNF287	ZNF81	truthbar	1						
ZNF287	ZNF84	truthbar	1						
ZNF287	ZNF883	genuine	0	0.2460	DN_NC_073228.2_83600319_6	DN_NC_073237.2_109230975_4	0.1908	0.2819	0.2819
ZNF3	ZNF34	truthbar	1	0.2257	DN_NC_073230.2_88683937_6	DN_NC_073231.2_150618111_5	0.1096	0.2696	0.2696
ZNF3	ZNF544	genuine	0	0.1873	DN_NC_073230.2_88683937_6	DN_NC_073244.2_70323040_7	0.1096	0.1872	0.1872
ZNF3	ZNF623	truthbar	1	0.2378	DN_NC_073230.2_88683937_6	DN_NC_073231.2_149487100_2	0.1096	0.1476	0.1476
ZNF3	ZNF70	truthbar	1						
ZNF3	ZNF79	truthbar	1	0.2168	DN_NC_073230.2_88683937_6	DN_NC_073237.2_123801018_5	0.1096	0.1893	0.1893
ZNF3	ZNF892	genuine	0						
ZNF30	ZNF329	truthbar	1						
ZNF30	ZNF331	truthbar	1	0.1823	DN_NC_073244.2_45985550_6	DN_NC_073244.2_65470296_6	0.1432	0.2293	0.2293
ZNF30	ZNF420	truthbar	1	0.1518	DN_NC_073244.2_45985550_6	DN_NC_073244.2_48242798_5	0.1432	0.2498	0.2498
ZNF30	ZNF461	truthbar	1						
ZNF30	ZNF471	truthbar	1	0.2737	DN_NC_073244.2_45985550_6	DN_NC_073244.2_68611978_5	0.1432	0.3475	0.3475
ZNF30	ZNF529	truthbar	1	0.3020	DN_NC_073244.2_45985550_6	DN_NC_073244.2_47739503_5	0.1432	0.3430	0.3430
ZNF30	ZNF540	truthbar	1	0.3852	DN_NC_073244.2_45985550_6	DN_NC_073244.2_49101177_5	0.1432	0.1716	0.1716
ZNF30	ZNF546	truthbar	1	0.2796	DN_NC_073244.2_45985550_6	DN_NC_073244.2_51749194_6	0.1432	0.3443	0.3443
ZNF30	ZNF560	truthbar	1						
ZNF30	ZNF565	truthbar	1	0.3012	DN_NC_073244.2_45985550_6	DN_NC_073244.2_47250467_5	0.1432	0.2541	0.2541
ZNF30	ZNF566	genuine	0						
ZNF30	ZNF571	truthbar	1	0.3596	DN_NC_073244.2_45985550_6	DN_NC_073244.2_49072464_4	0.1432	0.1879	0.1879
ZNF30	ZNF573	truthbar	1	0.2748	DN_NC_073244.2_45985550_6	DN_NC_073244.2_49246931_6	0.1432	0.3121	0.3121
ZNF30	ZNF582	truthbar	1	0.1887	DN_NC_073244.2_45985550_6	DN_NC_073244.2_68491976_5	0.1432	0.1818	0.1818
ZNF30	ZNF583	truthbar	1	0.2595	DN_NC_073244.2_45985550_6	DN_NC_073244.2_68513423_5	0.1432	0.2489	0.2489
ZNF30	ZNF596	truthbar	1						
ZNF30	ZNF607	truthbar	1	0.3352	DN_NC_073244.2_45985550_6	DN_NC_073244.2_49205215_5	0.1432	0.1922	0.1922
ZNF30	ZNF665	truthbar	1	0.2248	DN_NC_073244.2_45985550_6	DN_NC_073244.2_65102393_4	0.1432	0.3815	0.3815
ZNF30	ZNF684	truthbar	1	0.1336	DN_NC_073224.2_199406700_5	DN_NC_073244.2_45985550_6	0.1901	0.1432	0.1901
ZNF30	ZNF780A	truthbar	1	0.1406	DN_NC_073244.2_45985550_6	DN_NC_073244.2_51825388_5	0.1432	0.1618	0.1618
ZNF30	ZNF780B	truthbar	1	0.1536	DN_NC_073244.2_45985550_6	DN_NC_073244.2_51783968_5	0.1432	0.2381	0.2381
ZNF30	ZNF790	truthbar	1						
ZNF30	ZNF829	truthbar	1	0.2778	DN_NC_073244.2_45985550_6	DN_NC_073244.2_48066692_6	0.1432	0.4705	0.4705
ZNF30	ZNF891	truthbar	1						
ZNF300	ZNF302	truthbar	1						
ZNF300	ZNF334	truthbar	1						
ZNF300	ZNF33B	truthbar	1						
ZNF300	ZNF354A	truthbar	1	0.2729	DN_NC_073228.2_154747841_5	DN_NC_073228.2_182334642_5	0.1543	0.1866	0.1866
ZNF300	ZNF354B	truthbar	1						
ZNF300	ZNF382	truthbar	1						
ZNF300	ZNF41	truthbar	1						
ZNF300	ZNF432	truthbar	1						
ZNF300	ZNF484	truthbar	1						
ZNF300	ZNF487	truthbar	1	0.2535	DN_NC_073228.2_154747841_5	DN_NC_073232.2_71973207_3	0.1543	0.0993	0.1543
ZNF300	ZNF501	genuine	0						
ZNF300	ZNF510	truthbar	1						
ZNF300	ZNF527	truthbar	1	0.1376	DN_NC_073228.2_154747841_5	DN_NC_073244.2_48620420_5	0.1543	0.2697	0.2697
ZNF300	ZNF565	truthbar	1						
ZNF300	ZNF567	truthbar	1	0.3087	DN_NC_073228.2_154747841_5	DN_NC_073244.2_47878793_6	0.1543	0.1800	0.1800
ZNF300	ZNF568	truthbar	1						
ZNF300	ZNF569	truthbar	1	0.1656	DN_NC_073228.2_154747841_5	DN_NC_073244.2_48919547_6	0.1543	0.1952	0.1952
ZNF300	ZNF577	truthbar	1						
ZNF300	ZNF585A	truthbar	1	0.1327	DN_NC_073228.2_154747841_5	DN_NC_073244.2_48319142_5	0.1543	0.1403	0.1543
ZNF300	ZNF585B	truthbar	1	0.2833	DN_NC_073228.2_154747841_5	DN_NC_073244.2_48352926_4	0.1543	0.1502	0.1543
ZNF300	ZNF605	truthbar	1	0.1635	DN_NC_073228.2_154747841_5	DN_NC_073234.2_148420424_5	0.1543	0.0953	0.1543
ZNF300	ZNF606	truthbar	1	0.2801	DN_NC_073228.2_154747841_5	DN_NC_073244.2_70077616_7	0.1543	0.1288	0.1543
ZNF300	ZNF613	truthbar	1						
ZNF300	ZNF614	truthbar	1						
ZNF300	ZNF615	truthbar	1	0.2370	DN_NC_073228.2_154747841_5	DN_NC_073244.2_63961971_6	0.1543	0.1868	0.1868
ZNF300	ZNF624	truthbar	1						
ZNF300	ZNF649	truthbar	1						
ZNF300	ZNF674	truthbar	1	0.2327	DN_NC_073228.2_154747841_5	DN_NC_073247.2_56899135_7	0.1543	0.2309	0.2309
ZNF300	ZNF717	truthbar	1	0.2083	DN_NC_073228.2_154747841_5	DN_NC_086017.1_85766278_5	0.1543	0.1562	0.1562
ZNF300	ZNF782	truthbar	1	0.1723	DN_NC_073228.2_154747841_5	DN_NC_073237.2_93275727_4	0.1543	0.1049	0.1543
ZNF300	ZNF81	truthbar	1						
ZNF300	ZNF84	truthbar	1						
ZNF300	ZNF883	truthbar	1	0.1581	DN_NC_073228.2_154747841_5	DN_NC_073237.2_109230975_4	0.1543	0.2819	0.2819
ZNF302	ZNF334	truthbar	1	0.1353	DN_NC_073244.2_45737704_5	DN_NC_073245.2_58728682_5	0.1493	0.1278	0.1493
ZNF302	ZNF33B	truthbar	1						
ZNF302	ZNF354A	truthbar	1						
ZNF302	ZNF354B	truthbar	1						
ZNF302	ZNF382	truthbar	1						
ZNF302	ZNF41	truthbar	1	0.1782	DN_NC_073244.2_45737704_5	DN_NC_073247.2_57840463_5	0.1493	0.1565	0.1565
ZNF302	ZNF432	truthbar	1						
ZNF302	ZNF484	genuine	0	0.1866	DN_NC_073237.2_89310571_5	DN_NC_073244.2_45737704_5	0.2190	0.1493	0.2190
ZNF302	ZNF487	truthbar	1						
ZNF302	ZNF501	truthbar	1						
ZNF302	ZNF510	truthbar	1						
ZNF302	ZNF527	truthbar	1	0.1481	DN_NC_073244.2_45737704_5	DN_NC_073244.2_48620420_5	0.1493	0.2697	0.2697
ZNF302	ZNF565	truthbar	1	0.1925	DN_NC_073244.2_45737704_5	DN_NC_073244.2_47288294_4	0.1493	0.2381	0.2381
ZNF302	ZNF567	truthbar	1	0.2420	DN_NC_073244.2_45737704_5	DN_NC_073244.2_47878793_6	0.1493	0.1800	0.1800
ZNF302	ZNF568	truthbar	1	0.2873	DN_NC_073244.2_45737704_5	DN_NC_073244.2_48093173_7	0.1493	0.3190	0.3190
ZNF302	ZNF569	truthbar	1	0.1964	DN_NC_073244.2_45737704_5	DN_NC_073244.2_48919547_6	0.1493	0.1952	0.1952
ZNF302	ZNF577	truthbar	1						
ZNF302	ZNF585A	truthbar	1	0.1511	DN_NC_073244.2_45737704_5	DN_NC_073244.2_48319142_5	0.1493	0.1403	0.1493
ZNF302	ZNF585B	genuine	0	0.2114	DN_NC_073244.2_45737704_5	DN_NC_073244.2_48352926_4	0.1493	0.1502	0.1502
ZNF302	ZNF605	truthbar	1	0.1836	DN_NC_073234.2_148420424_5	DN_NC_073244.2_45737704_5	0.0953	0.1493	0.1493
ZNF302	ZNF606	truthbar	1						
ZNF302	ZNF613	truthbar	1	0.2891	DN_NC_073244.2_45737704_5	DN_NC_073244.2_63895938_6	0.1493	0.1312	0.1493
ZNF302	ZNF614	truthbar	1						
ZNF302	ZNF615	genuine	0						
ZNF302	ZNF624	genuine	0						
ZNF302	ZNF649	truthbar	1						
ZNF302	ZNF674	truthbar	1						
ZNF302	ZNF717	truthbar	1						
ZNF302	ZNF782	truthbar	1						
ZNF302	ZNF81	truthbar	1						
ZNF302	ZNF84	truthbar	1						
ZNF302	ZNF883	truthbar	1	0.2593	DN_NC_073237.2_109230975_4	DN_NC_073244.2_45737704_5	0.2819	0.1493	0.2819
ZNF304	ZNF416	truthbar	1	0.1670	DN_NC_073244.2_69454318_2	DN_NC_073244.2_69672458_4	0.0843	0.0429	0.0843
ZNF304	ZNF418	truthbar	1	0.1832	DN_NC_073244.2_69454318_2	DN_NC_073244.2_70024584_5	0.0843	0.1190	0.1190
ZNF304	ZNF547	truthbar	1						
ZNF304	ZNF548	truthbar	1	0.1602	DN_NC_073244.2_69454318_2	DN_NC_073244.2_69492904_4	0.0843	0.3216	0.3216
ZNF304	ZNF549	truthbar	1						
ZNF304	ZNF551	truthbar	1	0.2737	DN_NC_073244.2_69454318_2	DN_NC_073244.2_69783488_3	0.0843	0.2220	0.2220
ZNF304	ZNF552	truthbar	1						
ZNF304	ZNF584	genuine	0						
ZNF304	ZNF586	genuine	0	0.1579	DN_NC_073244.2_69454318_2	DN_NC_073244.2_69873255_2	0.0843	0.1093	0.1093
ZNF304	ZNF671	truthbar	1	0.2103	DN_NC_073244.2_69454247_3	DN_NC_073244.2_69821764_4	0.1012	0.0491	0.1012
ZNF304	ZNF776	truthbar	1						
ZNF304	ZNF792	truthbar	1	0.2112	DN_NC_073244.2_46013405_4	DN_NC_073244.2_69454247_3	0.1794	0.1012	0.1794
ZNF311	ZNF35	genuine	0	0.1320	DN_NC_073229.2_46656086_7	DN_NC_086017.1_54551513_4	0.2332	0.1422	0.2332
ZNF311	ZNF460	truthbar	1						
ZNF311	ZNF473	genuine	0						
ZNF311	ZNF543	truthbar	1						
ZNF311	ZNF550	truthbar	1						
ZNF311	ZNF594	truthbar	1						
ZNF311	ZNF667	truthbar	1						
ZNF311	ZNF805	truthbar	1						
ZNF311	ZSCAN20	genuine	0						
ZNF317	ZNF324	truthbar	1						
ZNF317	ZNF324B	truthbar	1						
ZNF317	ZNF497	truthbar	1						
ZNF317	ZNF572	truthbar	1						
ZNF317	ZNF629	genuine	0						
ZNF317	ZNF672	genuine	0						
ZNF317	ZNF696	genuine	0						
ZNF317	ZNF697	truthbar	1						
ZNF317	ZNF71	truthbar	1						
ZNF317	ZNF74	truthbar	1						
ZNF317	ZNF768	genuine	0						
ZNF317	ZNF771	genuine	0						
ZNF317	ZNF774	truthbar	1						
ZNF317	ZNF835	truthbar	1	0.2611	DN_NC_073244.2_15172509_7	DN_NC_073244.2_68766684_2	0.0549	0.1928	0.1928
ZNF324	ZNF324B	truthbar	1	0.2185	DN_NC_073244.2_70544393_4	DN_NC_073244.2_70556426_4	0.1826	0.0373	0.1826
ZNF324	ZNF497	truthbar	1						
ZNF324	ZNF572	genuine	0						
ZNF324	ZNF629	genuine	0						
ZNF324	ZNF672	genuine	0						
ZNF324	ZNF696	genuine	0						
ZNF324	ZNF697	genuine	0						
ZNF324	ZNF71	truthbar	1	0.2157	DN_NC_073244.2_68699723_3	DN_NC_073244.2_70558480_2	0.0907	0.0431	0.0907
ZNF324	ZNF74	truthbar	1						
ZNF324	ZNF768	genuine	0						
ZNF324	ZNF771	genuine	0						
ZNF324	ZNF774	genuine	0						
ZNF324	ZNF835	genuine	0	0.2171	DN_NC_073244.2_68766684_2	DN_NC_073244.2_70558480_2	0.1928	0.0431	0.1928
ZNF324B	ZNF497	truthbar	1						
ZNF324B	ZNF572	truthbar	1						
ZNF324B	ZNF629	genuine	0						
ZNF324B	ZNF672	genuine	0						
ZNF324B	ZNF696	genuine	0						
ZNF324B	ZNF697	truthbar	1						
ZNF324B	ZNF71	truthbar	1						
ZNF324B	ZNF74	truthbar	1						
ZNF324B	ZNF768	genuine	0						
ZNF324B	ZNF771	genuine	0						
ZNF324B	ZNF774	truthbar	1						
ZNF324B	ZNF835	truthbar	1	0.2224	DN_NC_073244.2_68766684_2	DN_NC_073244.2_70544393_4	0.1928	0.1826	0.1928
ZNF329	ZNF331	truthbar	1						
ZNF329	ZNF420	truthbar	1	0.1572	DN_NC_073244.2_48242798_5	DN_NC_073244.2_70224599_4	0.2498	0.1048	0.2498
ZNF329	ZNF461	truthbar	1						
ZNF329	ZNF471	truthbar	1						
ZNF329	ZNF529	truthbar	1						
ZNF329	ZNF540	truthbar	1						
ZNF329	ZNF546	truthbar	1						
ZNF329	ZNF560	truthbar	1						
ZNF329	ZNF565	truthbar	1						
ZNF329	ZNF566	genuine	0						
ZNF329	ZNF571	truthbar	1						
ZNF329	ZNF573	truthbar	1						
ZNF329	ZNF582	truthbar	1						
ZNF329	ZNF583	truthbar	1						
ZNF329	ZNF596	truthbar	1						
ZNF329	ZNF607	truthbar	1						
ZNF329	ZNF665	truthbar	1						
ZNF329	ZNF684	truthbar	1						
ZNF329	ZNF780A	truthbar	1						
ZNF329	ZNF780B	truthbar	1						
ZNF329	ZNF790	truthbar	1						
ZNF329	ZNF829	truthbar	1						
ZNF329	ZNF891	truthbar	1						
ZNF331	ZNF420	truthbar	1	0.2620	DN_NC_073244.2_48242798_5	DN_NC_073244.2_65470296_6	0.2498	0.2293	0.2498
ZNF331	ZNF461	truthbar	1	0.1419	DN_NC_073244.2_47831779_6	DN_NC_073244.2_65470296_6	0.2212	0.2293	0.2293
ZNF331	ZNF471	truthbar	1						
ZNF331	ZNF529	truthbar	1	0.1523	DN_NC_073244.2_47739503_5	DN_NC_073244.2_65470296_6	0.3430	0.2293	0.3430
ZNF331	ZNF540	truthbar	1						
ZNF331	ZNF546	truthbar	1						
ZNF331	ZNF560	truthbar	1						
ZNF331	ZNF565	truthbar	1	0.1536	DN_NC_073244.2_47250467_5	DN_NC_073244.2_65470296_6	0.2541	0.2293	0.2541
ZNF331	ZNF566	genuine	0	0.1722	DN_NC_073244.2_47642985_5	DN_NC_073244.2_65470296_6	0.3037	0.2293	0.3037
ZNF331	ZNF571	truthbar	1	0.3122	DN_NC_073244.2_49072464_4	DN_NC_073244.2_65470296_6	0.1879	0.2293	0.2293
ZNF331	ZNF573	truthbar	1	0.2722	DN_NC_073244.2_49246931_6	DN_NC_073244.2_65470296_6	0.3121	0.2293	0.3121
ZNF331	ZNF582	truthbar	1						
ZNF331	ZNF583	truthbar	1						
ZNF331	ZNF596	truthbar	1						
ZNF331	ZNF607	truthbar	1						
ZNF331	ZNF665	truthbar	1						
ZNF331	ZNF684	truthbar	1						
ZNF331	ZNF780A	truthbar	1						
ZNF331	ZNF780B	truthbar	1						
ZNF331	ZNF790	truthbar	1	0.2385	DN_NC_073244.2_47997304_5	DN_NC_073244.2_65470296_6	0.2772	0.2293	0.2772
ZNF331	ZNF829	truthbar	1	0.1677	DN_NC_073244.2_48066692_6	DN_NC_073244.2_65470296_6	0.4705	0.2293	0.4705
ZNF331	ZNF891	truthbar	1						
ZNF333	ZNF391	genuine	0						
ZNF333	ZNF485	truthbar	1						
ZNF333	ZNF514	truthbar	1						
ZNF333	ZNF554	truthbar	1	0.1863	DN_NC_073244.2_20723155_12	DN_NC_073244.2_8594978_5	0.1922	0.3473	0.3473
ZNF333	ZNF621	truthbar	1						
ZNF333	ZNF879	truthbar	1	0.2842	DN_NC_073228.2_182994030_5	DN_NC_073244.2_20723155_12	0.2623	0.1922	0.2623
ZNF334	ZNF33B	truthbar	1						
ZNF334	ZNF354A	truthbar	1						
ZNF334	ZNF354B	truthbar	1						
ZNF334	ZNF382	truthbar	1						
ZNF334	ZNF41	truthbar	1						
ZNF334	ZNF432	truthbar	1						
ZNF334	ZNF484	truthbar	1	0.1390	DN_NC_073237.2_89310571_5	DN_NC_073245.2_58728682_5	0.2190	0.1278	0.2190
ZNF334	ZNF487	genuine	0	0.1798	DN_NC_073232.2_71973207_3	DN_NC_073245.2_58728682_5	0.0993	0.1278	0.1278
ZNF334	ZNF501	genuine	0						
ZNF334	ZNF510	truthbar	1	0.2077	DN_NC_073237.2_93211680_6	DN_NC_073245.2_58728682_5	0.1173	0.1278	0.1278
ZNF334	ZNF527	truthbar	1	0.1475	DN_NC_073244.2_48620420_5	DN_NC_073245.2_58728682_5	0.2697	0.1278	0.2697
ZNF334	ZNF565	truthbar	1						
ZNF334	ZNF567	truthbar	1	0.1422	DN_NC_073244.2_47878793_6	DN_NC_073245.2_58728682_5	0.1800	0.1278	0.1800
ZNF334	ZNF568	truthbar	1	0.2156	DN_NC_073244.2_48093173_7	DN_NC_073245.2_58728682_5	0.3190	0.1278	0.3190
ZNF334	ZNF569	truthbar	1	0.1442	DN_NC_073244.2_48919547_6	DN_NC_073245.2_58728682_5	0.1952	0.1278	0.1952
ZNF334	ZNF577	genuine	0						
ZNF334	ZNF585A	truthbar	1	0.2670	DN_NC_073244.2_48319142_5	DN_NC_073245.2_58728682_5	0.1403	0.1278	0.1403
ZNF334	ZNF585B	truthbar	1	0.2737	DN_NC_073244.2_48352926_4	DN_NC_073245.2_58728682_5	0.1502	0.1278	0.1502
ZNF334	ZNF605	truthbar	1	0.2374	DN_NC_073234.2_148420424_5	DN_NC_073245.2_58728682_5	0.0953	0.1278	0.1278
ZNF334	ZNF606	truthbar	1						
ZNF334	ZNF613	truthbar	1						
ZNF334	ZNF614	truthbar	1						
ZNF334	ZNF615	truthbar	1						
ZNF334	ZNF624	truthbar	1	0.2352	DN_NC_073228.2_83513581_6	DN_NC_073245.2_58728682_5	0.2734	0.1278	0.2734
ZNF334	ZNF649	truthbar	1						
ZNF334	ZNF674	truthbar	1						
ZNF334	ZNF717	truthbar	1	0.1714	DN_NC_073245.2_58728682_5	DN_NC_086017.1_85766278_5	0.1278	0.1562	0.1562
ZNF334	ZNF782	truthbar	1						
ZNF334	ZNF81	truthbar	1						
ZNF334	ZNF84	truthbar	1	0.2362	DN_NC_073234.2_148537990_5	DN_NC_073245.2_58728682_5	0.2027	0.1278	0.2027
ZNF334	ZNF883	truthbar	1	0.1509	DN_NC_073237.2_109230975_4	DN_NC_073245.2_58728682_5	0.2819	0.1278	0.2819
ZNF337	ZNF343	truthbar	1	0.2693	DN_NC_073245.2_12403861_6	DN_NC_073245.2_35678363_2	0.0252	0.0559	0.0559
ZNF337	ZNF589	truthbar	1						
ZNF337	ZNF875	truthbar	1	0.2820	DN_NC_073244.2_48583045_5	DN_NC_073245.2_35678363_2	0.0743	0.0559	0.0743
ZNF33B	ZNF354A	truthbar	1	0.2181	DN_NC_073228.2_182334642_5	DN_NC_073232.2_72820474_5	0.1866	0.2521	0.2521
ZNF33B	ZNF354B	truthbar	1	0.1590	DN_NC_073228.2_182827930_5	DN_NC_073232.2_72820474_5	0.2209	0.2521	0.2521
ZNF33B	ZNF382	truthbar	1	0.2007	DN_NC_073232.2_72820474_5	DN_NC_073244.2_47798559_5	0.2521	0.2005	0.2521
ZNF33B	ZNF41	truthbar	1						
ZNF33B	ZNF432	truthbar	1						
ZNF33B	ZNF484	truthbar	1						
ZNF33B	ZNF487	genuine	0	0.1576	DN_NC_073232.2_71973207_3	DN_NC_073232.2_72820474_5	0.0993	0.2521	0.2521
ZNF33B	ZNF501	genuine	0						
ZNF33B	ZNF510	truthbar	1						
ZNF33B	ZNF527	truthbar	1	0.1664	DN_NC_073232.2_72820474_5	DN_NC_073244.2_48620420_5	0.2521	0.2697	0.2697
ZNF33B	ZNF565	truthbar	1						
ZNF33B	ZNF567	truthbar	1	0.2484	DN_NC_073232.2_72820474_5	DN_NC_073244.2_47878793_6	0.2521	0.1800	0.2521
ZNF33B	ZNF568	truthbar	1	0.1865	DN_NC_073232.2_72820474_5	DN_NC_073244.2_48093173_7	0.2521	0.3190	0.3190
ZNF33B	ZNF569	truthbar	1	0.1633	DN_NC_073232.2_72820474_5	DN_NC_073244.2_48919547_6	0.2521	0.1952	0.2521
ZNF33B	ZNF577	truthbar	1						
ZNF33B	ZNF585A	truthbar	1						
ZNF33B	ZNF585B	truthbar	1						
ZNF33B	ZNF605	truthbar	1						
ZNF33B	ZNF606	truthbar	1						
ZNF33B	ZNF613	truthbar	1	0.1861	DN_NC_073232.2_72820474_5	DN_NC_073244.2_63895938_6	0.2521	0.1312	0.2521
ZNF33B	ZNF614	truthbar	1						
ZNF33B	ZNF615	truthbar	1						
ZNF33B	ZNF624	truthbar	1	0.2184	DN_NC_073228.2_83513581_6	DN_NC_073232.2_72820474_5	0.2734	0.2521	0.2734
ZNF33B	ZNF649	truthbar	1						
ZNF33B	ZNF674	truthbar	1						
ZNF33B	ZNF717	truthbar	1	0.3511	DN_NC_073232.2_72820474_5	DN_NC_086017.1_85766278_5	0.2521	0.1562	0.2521
ZNF33B	ZNF782	truthbar	1	0.1406	DN_NC_073232.2_72820474_5	DN_NC_073237.2_93275727_4	0.2521	0.1049	0.2521
ZNF33B	ZNF81	truthbar	1						
ZNF33B	ZNF84	truthbar	1	0.2071	DN_NC_073232.2_72820474_5	DN_NC_073234.2_148537990_5	0.2521	0.2027	0.2521
ZNF33B	ZNF883	genuine	0	0.1545	DN_NC_073232.2_72820474_5	DN_NC_073237.2_109230975_4	0.2521	0.2819	0.2819
ZNF34	ZNF544	genuine	0						
ZNF34	ZNF623	truthbar	1						
ZNF34	ZNF70	truthbar	1	0.1514	DN_NC_073231.2_150618111_5	DN_NC_086018.1_21231592_2	0.2696	0.1324	0.2696
ZNF34	ZNF79	truthbar	1	0.2073	DN_NC_073231.2_150618111_5	DN_NC_073237.2_123801018_5	0.2696	0.1893	0.2696
ZNF34	ZNF892	truthbar	1						
ZNF343	ZNF589	truthbar	1	0.2739	DN_NC_073245.2_12403861_6	DN_NC_086017.1_58115065_4	0.0252	0.2184	0.2184
ZNF343	ZNF875	truthbar	1	0.3927	DN_NC_073244.2_48583045_5	DN_NC_073245.2_12403861_6	0.0743	0.0252	0.0743
ZNF347	ZNF415	truthbar	1	0.1981	DN_NC_073244.2_65046428_2	DN_NC_073244.2_65073171_5	0.1755	0.3826	0.3826
ZNF347	ZNF429	truthbar	1	0.1775	DN_NC_073244.2_27956158_4	DN_NC_073244.2_65073171_5	0.5461	0.3826	0.5461
ZNF347	ZNF43	truthbar	1						
ZNF347	ZNF430	truthbar	1	0.2040	DN_NC_073244.2_27504818_5	DN_NC_073244.2_65073171_5	0.4270	0.3826	0.4270
ZNF347	ZNF468	truthbar	1	0.1765	DN_NC_073244.2_64797239_5	DN_NC_073244.2_65073171_5	0.3221	0.3826	0.3826
ZNF347	ZNF480	truthbar	1						
ZNF347	ZNF486	truthbar	1						
ZNF347	ZNF506	truthbar	1						
ZNF347	ZNF519	truthbar	1						
ZNF347	ZNF528	truthbar	1	0.2608	DN_NC_073244.2_64368633_7	DN_NC_073244.2_65073171_5	0.2537	0.3826	0.3826
ZNF347	ZNF578	truthbar	1	0.1538	DN_NC_073244.2_64426370_6	DN_NC_073244.2_65073171_5	0.4463	0.3826	0.4463
ZNF347	ZNF595	truthbar	1						
ZNF347	ZNF600	truthbar	1	0.2631	DN_NC_073244.2_64724127_4	DN_NC_073244.2_65073171_5	0.3339	0.3826	0.3826
ZNF347	ZNF611	truthbar	1	0.1677	DN_NC_073244.2_64672255_4	DN_NC_073244.2_65073171_5	0.3521	0.3826	0.3826
ZNF347	ZNF616	truthbar	1	0.1362	DN_NC_073244.2_64081943_4	DN_NC_073244.2_65073171_5	0.2620	0.3826	0.3826
ZNF347	ZNF626	truthbar	1						
ZNF347	ZNF655	genuine	0						
ZNF347	ZNF675	truthbar	1						
ZNF347	ZNF678	truthbar	1	0.2079	DN_NC_073224.2_40627195_4	DN_NC_073244.2_65073171_5	0.3220	0.3826	0.3826
ZNF347	ZNF680	truthbar	1						
ZNF347	ZNF681	truthbar	1						
ZNF347	ZNF682	truthbar	1						
ZNF347	ZNF695	truthbar	1						
ZNF347	ZNF701	truthbar	1						
ZNF347	ZNF721	truthbar	1						
ZNF347	ZNF723	truthbar	1						
ZNF347	ZNF727	truthbar	1						
ZNF347	ZNF736	truthbar	1						
ZNF347	ZNF761	truthbar	1	0.2507	DN_NC_073244.2_65073171_5	DN_NC_073244.2_65362909_5	0.3826	0.3364	0.3826
ZNF347	ZNF766	truthbar	1	0.1607	DN_NC_073244.2_64231369_4	DN_NC_073244.2_65073171_5	0.2784	0.3826	0.3826
ZNF347	ZNF8	truthbar	1						
ZNF347	ZNF808	truthbar	1	0.3002	DN_NC_073244.2_64500861_5	DN_NC_073244.2_65073171_5	0.4373	0.3826	0.4373
ZNF347	ZNF813	truthbar	1	0.1406	DN_NC_073244.2_65073171_5	DN_NC_073244.2_65398487_4	0.3826	0.3208	0.3826
ZNF347	ZNF83	truthbar	1						
ZNF347	ZNF836	truthbar	1	0.1963	DN_NC_073244.2_64125568_5	DN_NC_073244.2_65073171_5	0.4107	0.3826	0.4107
ZNF347	ZNF841	truthbar	1	0.2264	DN_NC_073244.2_64034715_7	DN_NC_073244.2_65073171_5	0.3325	0.3826	0.3826
ZNF347	ZNF888	truthbar	1	0.2384	DN_NC_073244.2_64860608_4	DN_NC_073244.2_65073171_5	0.4244	0.3826	0.4244
ZNF347	ZNF91	truthbar	1						
ZNF347	ZNF92	truthbar	1	0.2188	DN_NC_073230.2_74637814_2	DN_NC_073244.2_65073171_5	0.3657	0.3826	0.3826
ZNF35	ZNF460	truthbar	1						
ZNF35	ZNF473	genuine	0						
ZNF35	ZNF543	truthbar	1	0.3704	DN_NC_073244.2_69422908_4	DN_NC_086017.1_54551513_4	0.1121	0.1422	0.1422
ZNF35	ZNF550	genuine	0	0.2426	DN_NC_073244.2_69643403_5	DN_NC_086017.1_54551513_4	0.1071	0.1422	0.1422
ZNF35	ZNF594	truthbar	1	0.1392	DN_NC_073243.2_20322881_2	DN_NC_086017.1_54551513_4	0.3175	0.1422	0.3175
ZNF35	ZNF667	truthbar	1	0.2170	DN_NC_073244.2_68548768_5	DN_NC_086017.1_54551513_4	0.2719	0.1422	0.2719
ZNF35	ZNF805	truthbar	1	0.2256	DN_NC_073244.2_69343714_4	DN_NC_086017.1_54551513_4	0.2557	0.1422	0.2557
ZNF35	ZSCAN20	genuine	0						
ZNF354A	ZNF354B	truthbar	1	0.5012	DN_NC_073228.2_182334642_5	DN_NC_073228.2_182827930_5	0.1866	0.2209	0.2209
ZNF354A	ZNF382	truthbar	1						
ZNF354A	ZNF41	truthbar	1	0.2313	DN_NC_073228.2_182334642_5	DN_NC_073247.2_57840463_5	0.1866	0.1565	0.1866
ZNF354A	ZNF432	truthbar	1						
ZNF354A	ZNF484	truthbar	1						
ZNF354A	ZNF487	genuine	0						
ZNF354A	ZNF501	genuine	0	0.2220	DN_NC_073228.2_182334642_5	DN_NC_086017.1_54629198_3	0.1866	0.2136	0.2136
ZNF354A	ZNF510	truthbar	1						
ZNF354A	ZNF527	truthbar	1						
ZNF354A	ZNF565	truthbar	1						
ZNF354A	ZNF567	truthbar	1						
ZNF354A	ZNF568	truthbar	1	0.4288	DN_NC_073228.2_182334642_5	DN_NC_073244.2_48093173_7	0.1866	0.3190	0.3190
ZNF354A	ZNF569	truthbar	1	0.1812	DN_NC_073228.2_182334642_5	DN_NC_073244.2_48919547_6	0.1866	0.1952	0.1952
ZNF354A	ZNF577	truthbar	1						
ZNF354A	ZNF585A	truthbar	1	0.3243	DN_NC_073228.2_182334642_5	DN_NC_073244.2_48319142_5	0.1866	0.1403	0.1866
ZNF354A	ZNF585B	truthbar	1	0.3538	DN_NC_073228.2_182334642_5	DN_NC_073244.2_48352926_4	0.1866	0.1502	0.1866
ZNF354A	ZNF605	truthbar	1						
ZNF354A	ZNF606	truthbar	1	0.4386	DN_NC_073228.2_182334642_5	DN_NC_073244.2_70077616_7	0.1866	0.1288	0.1866
ZNF354A	ZNF613	truthbar	1						
ZNF354A	ZNF614	truthbar	1						
ZNF354A	ZNF615	truthbar	1						
ZNF354A	ZNF624	truthbar	1	0.3130	DN_NC_073228.2_182334642_5	DN_NC_073228.2_83513581_6	0.1866	0.2734	0.2734
ZNF354A	ZNF649	truthbar	1						
ZNF354A	ZNF674	truthbar	1						
ZNF354A	ZNF717	truthbar	1						
ZNF354A	ZNF782	truthbar	1						
ZNF354A	ZNF81	truthbar	1						
ZNF354A	ZNF84	truthbar	1	0.2080	DN_NC_073228.2_182334642_5	DN_NC_073234.2_148537990_5	0.1866	0.2027	0.2027
ZNF354A	ZNF883	truthbar	1						
ZNF354B	ZNF382	truthbar	1						
ZNF354B	ZNF41	truthbar	1						
ZNF354B	ZNF432	truthbar	1						
ZNF354B	ZNF484	truthbar	1						
ZNF354B	ZNF487	genuine	0						
ZNF354B	ZNF501	genuine	0						
ZNF354B	ZNF510	truthbar	1						
ZNF354B	ZNF527	truthbar	1	0.2211	DN_NC_073228.2_182827930_5	DN_NC_073244.2_48620420_5	0.2209	0.2697	0.2697
ZNF354B	ZNF565	truthbar	1						
ZNF354B	ZNF567	truthbar	1						
ZNF354B	ZNF568	truthbar	1	0.1477	DN_NC_073228.2_182827930_5	DN_NC_073244.2_48093173_7	0.2209	0.3190	0.3190
ZNF354B	ZNF569	truthbar	1						
ZNF354B	ZNF577	truthbar	1						
ZNF354B	ZNF585A	truthbar	1	0.1894	DN_NC_073228.2_182827930_5	DN_NC_073244.2_48319142_5	0.2209	0.1403	0.2209
ZNF354B	ZNF585B	truthbar	1	0.2629	DN_NC_073228.2_182827930_5	DN_NC_073244.2_48352926_4	0.2209	0.1502	0.2209
ZNF354B	ZNF605	truthbar	1						
ZNF354B	ZNF606	truthbar	1						
ZNF354B	ZNF613	truthbar	1						
ZNF354B	ZNF614	truthbar	1						
ZNF354B	ZNF615	truthbar	1						
ZNF354B	ZNF624	truthbar	1	0.1624	DN_NC_073228.2_182827930_5	DN_NC_073228.2_83513581_6	0.2209	0.2734	0.2734
ZNF354B	ZNF649	truthbar	1						
ZNF354B	ZNF674	truthbar	1						
ZNF354B	ZNF717	truthbar	1	0.1516	DN_NC_073228.2_182827930_5	DN_NC_086017.1_85766278_5	0.2209	0.1562	0.2209
ZNF354B	ZNF782	truthbar	1						
ZNF354B	ZNF81	truthbar	1						
ZNF354B	ZNF84	truthbar	1						
ZNF354B	ZNF883	truthbar	1	0.1682	DN_NC_073228.2_182827930_5	DN_NC_073237.2_109230975_4	0.2209	0.2819	0.2819
ZNF382	ZNF41	truthbar	1						
ZNF382	ZNF432	truthbar	1						
ZNF382	ZNF484	truthbar	1	0.2215	DN_NC_073237.2_89310571_5	DN_NC_073244.2_47798559_5	0.2190	0.2005	0.2190
ZNF382	ZNF487	genuine	0	0.1433	DN_NC_073232.2_71973207_3	DN_NC_073244.2_47798559_5	0.0993	0.2005	0.2005
ZNF382	ZNF501	genuine	0						
ZNF382	ZNF510	truthbar	1						
ZNF382	ZNF527	truthbar	1	0.2572	DN_NC_073244.2_47798559_5	DN_NC_073244.2_48620420_5	0.2005	0.2697	0.2697
ZNF382	ZNF565	truthbar	1						
ZNF382	ZNF567	truthbar	1	0.2638	DN_NC_073244.2_47798559_5	DN_NC_073244.2_47878793_6	0.2005	0.1800	0.2005
ZNF382	ZNF568	truthbar	1						
ZNF382	ZNF569	truthbar	1						
ZNF382	ZNF577	truthbar	1						
ZNF382	ZNF585A	truthbar	1						
ZNF382	ZNF585B	truthbar	1						
ZNF382	ZNF605	truthbar	1						
ZNF382	ZNF606	truthbar	1						
ZNF382	ZNF613	truthbar	1	0.2412	DN_NC_073244.2_47798559_5	DN_NC_073244.2_63895938_6	0.2005	0.1312	0.2005
ZNF382	ZNF614	truthbar	1						
ZNF382	ZNF615	truthbar	1						
ZNF382	ZNF624	truthbar	1						
ZNF382	ZNF649	truthbar	1						
ZNF382	ZNF674	truthbar	1	0.1973	DN_NC_073244.2_47798559_5	DN_NC_073247.2_56899135_7	0.2005	0.2309	0.2309
ZNF382	ZNF717	truthbar	1						
ZNF382	ZNF782	truthbar	1	0.1791	DN_NC_073237.2_93275727_4	DN_NC_073244.2_47798559_5	0.1049	0.2005	0.2005
ZNF382	ZNF81	truthbar	1	0.1993	DN_NC_073244.2_47798559_5	DN_NC_073247.2_58228088_5	0.2005	0.1450	0.2005
ZNF382	ZNF84	truthbar	1						
ZNF382	ZNF883	truthbar	1						
ZNF391	ZNF485	truthbar	1	0.1444	DN_NC_073229.2_45005781_3	DN_NC_073232.2_71834982_5	0.2383	0.2724	0.2724
ZNF391	ZNF514	genuine	0						
ZNF391	ZNF554	truthbar	1						
ZNF391	ZNF621	genuine	0						
ZNF391	ZNF879	genuine	0						
ZNF394	ZNF75A	truthbar	1						
ZNF394	ZNF75D	truthbar	1	0.1402	DN_NC_073230.2_89330255_2	DN_NC_073247.2_147064204_6	0.1803	0.0919	0.1803
ZNF394	ZSCAN21	truthbar	1	0.1416	DN_NC_073230.2_88700652_4	DN_NC_073230.2_89330255_2	0.0916	0.1803	0.1803
ZNF394	ZSCAN29	genuine	0	0.1706	DN_NC_073230.2_89330255_2	DN_NC_073240.2_44172340_2	0.1803	0.0683	0.1803
ZNF394	ZSCAN30	truthbar	1	0.1402	DN_NC_073230.2_89330255_2	DN_NC_073241.2_64479147_4	0.1803	0.1978	0.1978
ZNF394	ZSCAN31	truthbar	1						
ZNF397	ZNF436	truthbar	1						
ZNF397	ZNF502	genuine	0						
ZNF397	ZSCAN12	truthbar	1						
ZNF397	ZSCAN16	truthbar	1						
ZNF397	ZSCAN22	truthbar	1						
ZNF397	ZSCAN9	truthbar	1	0.1615	DN_NC_073229.2_45857463_4	DN_NC_073241.2_64468689_4	0.1233	0.2853	0.2853
ZNF41	ZNF432	truthbar	1						
ZNF41	ZNF484	truthbar	1	0.2716	DN_NC_073237.2_89310571_5	DN_NC_073247.2_57840463_5	0.2190	0.1565	0.2190
ZNF41	ZNF487	genuine	0						
ZNF41	ZNF501	genuine	0						
ZNF41	ZNF510	truthbar	1						
ZNF41	ZNF527	truthbar	1						
ZNF41	ZNF565	truthbar	1						
ZNF41	ZNF567	truthbar	1						
ZNF41	ZNF568	truthbar	1	0.1346	DN_NC_073244.2_48093173_7	DN_NC_073247.2_57840463_5	0.3190	0.1565	0.3190
ZNF41	ZNF569	truthbar	1	0.1388	DN_NC_073244.2_48919547_6	DN_NC_073247.2_57840463_5	0.1952	0.1565	0.1952
ZNF41	ZNF577	truthbar	1						
ZNF41	ZNF585A	truthbar	1	0.3660	DN_NC_073244.2_48319142_5	DN_NC_073247.2_57840463_5	0.1403	0.1565	0.1565
ZNF41	ZNF585B	truthbar	1	0.2833	DN_NC_073244.2_48352926_4	DN_NC_073247.2_57840463_5	0.1502	0.1565	0.1565
ZNF41	ZNF605	truthbar	1	0.3740	DN_NC_073234.2_148420424_5	DN_NC_073247.2_57840463_5	0.0953	0.1565	0.1565
ZNF41	ZNF606	truthbar	1						
ZNF41	ZNF613	truthbar	1						
ZNF41	ZNF614	truthbar	1						
ZNF41	ZNF615	truthbar	1						
ZNF41	ZNF624	truthbar	1	0.2921	DN_NC_073228.2_83513581_6	DN_NC_073247.2_57840463_5	0.2734	0.1565	0.2734
ZNF41	ZNF649	truthbar	1						
ZNF41	ZNF674	truthbar	1	0.1401	DN_NC_073247.2_56899135_7	DN_NC_073247.2_57840463_5	0.2309	0.1565	0.2309
ZNF41	ZNF717	truthbar	1	0.3388	DN_NC_073247.2_57840463_5	DN_NC_086017.1_85766278_5	0.1565	0.1562	0.1565
ZNF41	ZNF782	truthbar	1						
ZNF41	ZNF81	truthbar	1	0.2631	DN_NC_073247.2_57840463_5	DN_NC_073247.2_58228088_5	0.1565	0.1450	0.1565
ZNF41	ZNF84	truthbar	1	0.2606	DN_NC_073234.2_148537990_5	DN_NC_073247.2_57840463_5	0.2027	0.1565	0.2027
ZNF41	ZNF883	genuine	0						
ZNF415	ZNF429	truthbar	1	0.5283	DN_NC_073244.2_27956158_2	DN_NC_073244.2_65046428_4	0.5265	0.1840	0.5265
ZNF415	ZNF43	truthbar	1						
ZNF415	ZNF430	truthbar	1						
ZNF415	ZNF468	truthbar	1	0.2893	DN_NC_073244.2_64797239_5	DN_NC_073244.2_65046428_2	0.3221	0.1755	0.3221
ZNF415	ZNF480	truthbar	1	0.4154	DN_NC_073244.2_64265252_5	DN_NC_073244.2_65046428_2	0.5307	0.1755	0.5307
ZNF415	ZNF486	truthbar	1	0.3278	DN_NC_073244.2_26666712_5	DN_NC_073244.2_65046428_2	0.4566	0.1755	0.4566
ZNF415	ZNF506	truthbar	1						
ZNF415	ZNF519	truthbar	1	0.2265	DN_NC_073241.2_36126183_3	DN_NC_073244.2_65046428_2	0.1960	0.1755	0.1960
ZNF415	ZNF528	truthbar	1	0.2641	DN_NC_073244.2_64368633_7	DN_NC_073244.2_65046428_2	0.2537	0.1755	0.2537
ZNF415	ZNF578	truthbar	1	0.3159	DN_NC_073244.2_64426370_6	DN_NC_073244.2_65046428_2	0.4463	0.1755	0.4463
ZNF415	ZNF595	truthbar	1	0.3897	DN_NC_073227.2_8633416_4	DN_NC_073244.2_65046428_4	0.5220	0.1840	0.5220
ZNF415	ZNF600	truthbar	1	0.2889	DN_NC_073244.2_64724127_4	DN_NC_073244.2_65046428_2	0.3339	0.1755	0.3339
ZNF415	ZNF611	truthbar	1	0.2118	DN_NC_073244.2_64672255_4	DN_NC_073244.2_65046428_2	0.3521	0.1755	0.3521
ZNF415	ZNF616	truthbar	1	0.2495	DN_NC_073244.2_64081943_4	DN_NC_073244.2_65046428_4	0.2620	0.1840	0.2620
ZNF415	ZNF626	truthbar	1						
ZNF415	ZNF655	truthbar	1						
ZNF415	ZNF675	truthbar	1						
ZNF415	ZNF678	truthbar	1	0.4392	DN_NC_073224.2_40627195_4	DN_NC_073244.2_65046428_2	0.3220	0.1755	0.3220
ZNF415	ZNF680	truthbar	1						
ZNF415	ZNF681	truthbar	1						
ZNF415	ZNF682	truthbar	1						
ZNF415	ZNF695	truthbar	1	0.3338	DN_NC_073224.2_8422960_4	DN_NC_073244.2_65046428_2	0.3045	0.1755	0.3045
ZNF415	ZNF701	truthbar	1	0.2182	DN_NC_073244.2_64543447_4	DN_NC_073244.2_65046428_2	0.2106	0.1755	0.2106
ZNF415	ZNF721	truthbar	1	0.1501	DN_NC_073227.2_9009655_3	DN_NC_073244.2_65046428_4	0.3750	0.1840	0.3750
ZNF415	ZNF723	truthbar	1	0.4425	DN_NC_073244.2_29232445_4	DN_NC_073244.2_65046428_2	0.5099	0.1755	0.5099
ZNF415	ZNF727	truthbar	1	0.1564	DN_NC_073230.2_73508332_4	DN_NC_073244.2_65046428_2	0.3146	0.1755	0.3146
ZNF415	ZNF736	truthbar	1						
ZNF415	ZNF761	truthbar	1	0.2352	DN_NC_073244.2_65046428_2	DN_NC_073244.2_65362909_5	0.1755	0.3364	0.3364
ZNF415	ZNF766	truthbar	1	0.4851	DN_NC_073244.2_64231369_4	DN_NC_073244.2_65046428_2	0.2784	0.1755	0.2784
ZNF415	ZNF8	truthbar	1						
ZNF415	ZNF808	truthbar	1	0.2547	DN_NC_073244.2_64500861_5	DN_NC_073244.2_65046428_4	0.4373	0.1840	0.4373
ZNF415	ZNF813	truthbar	1	0.1449	DN_NC_073244.2_65046428_2	DN_NC_073244.2_65398487_4	0.1755	0.3208	0.3208
ZNF415	ZNF83	truthbar	1	0.2105	DN_NC_073244.2_64585864_4	DN_NC_073244.2_65046428_2	0.3038	0.1755	0.3038
ZNF415	ZNF836	truthbar	1	0.1376	DN_NC_073244.2_64125568_5	DN_NC_073244.2_65046428_2	0.4107	0.1755	0.4107
ZNF415	ZNF841	truthbar	1	0.3058	DN_NC_073244.2_64034715_7	DN_NC_073244.2_65046428_2	0.3325	0.1755	0.3325
ZNF415	ZNF888	truthbar	1	0.1875	DN_NC_073244.2_64860608_4	DN_NC_073244.2_65046428_2	0.4244	0.1755	0.4244
ZNF415	ZNF91	genuine	0	0.2490	DN_NC_073244.2_29680825_4	DN_NC_073244.2_65046428_2	0.4948	0.1755	0.4948
ZNF415	ZNF92	truthbar	1	0.4686	DN_NC_073230.2_74637722_4	DN_NC_073244.2_65046428_2	0.3318	0.1755	0.3318
ZNF416	ZNF418	truthbar	1	0.1458	DN_NC_073244.2_69672458_4	DN_NC_073244.2_70024584_5	0.0429	0.1190	0.1190
ZNF416	ZNF547	truthbar	1						
ZNF416	ZNF548	truthbar	1	0.2362	DN_NC_073244.2_69492904_4	DN_NC_073244.2_69672458_4	0.3216	0.0429	0.3216
ZNF416	ZNF549	truthbar	1						
ZNF416	ZNF551	truthbar	1	0.3126	DN_NC_073244.2_69672458_4	DN_NC_073244.2_69783488_3	0.0429	0.2220	0.2220
ZNF416	ZNF552	truthbar	1						
ZNF416	ZNF584	truthbar	1						
ZNF416	ZNF586	truthbar	1	0.1419	DN_NC_073244.2_69672458_4	DN_NC_073244.2_69873255_2	0.0429	0.1093	0.1093
ZNF416	ZNF671	truthbar	1	0.2111	DN_NC_073244.2_69672458_4	DN_NC_073244.2_69821764_4	0.0429	0.0491	0.0491
ZNF416	ZNF776	truthbar	1						
ZNF416	ZNF792	truthbar	1	0.2329	DN_NC_073244.2_46013405_4	DN_NC_073244.2_69672458_4	0.1794	0.0429	0.1794
ZNF418	ZNF547	truthbar	1						
ZNF418	ZNF548	truthbar	1	0.2328	DN_NC_073244.2_69492904_4	DN_NC_073244.2_70024584_5	0.3216	0.1190	0.3216
ZNF418	ZNF549	truthbar	1						
ZNF418	ZNF551	truthbar	1	0.1493	DN_NC_073244.2_69783488_3	DN_NC_073244.2_70024584_5	0.2220	0.1190	0.2220
ZNF418	ZNF552	truthbar	1	0.1507	DN_NC_073244.2_69910623_3	DN_NC_073244.2_70024584_5	0.2808	0.1190	0.2808
ZNF418	ZNF584	genuine	0						
ZNF418	ZNF586	truthbar	1	0.1432	DN_NC_073244.2_69873255_2	DN_NC_073244.2_70024584_5	0.1093	0.1190	0.1190
ZNF418	ZNF671	truthbar	1	0.1453	DN_NC_073244.2_69821764_4	DN_NC_073244.2_70024584_5	0.0491	0.1190	0.1190
ZNF418	ZNF776	truthbar	1	0.1947	DN_NC_073244.2_69848694_2	DN_NC_073244.2_70024584_5	0.1791	0.1190	0.1791
ZNF418	ZNF792	truthbar	1	0.2585	DN_NC_073244.2_46013405_4	DN_NC_073244.2_70024584_5	0.1794	0.1190	0.1794
ZNF420	ZNF461	truthbar	1	0.2511	DN_NC_073244.2_47831779_6	DN_NC_073244.2_48242798_5	0.2212	0.2498	0.2498
ZNF420	ZNF471	truthbar	1	0.1867	DN_NC_073244.2_48242798_5	DN_NC_073244.2_68611978_5	0.2498	0.3475	0.3475
ZNF420	ZNF529	truthbar	1	0.1471	DN_NC_073244.2_47739503_5	DN_NC_073244.2_48242798_5	0.3430	0.2498	0.3430
ZNF420	ZNF540	truthbar	1	0.2909	DN_NC_073244.2_48242798_5	DN_NC_073244.2_49101177_5	0.2498	0.1716	0.2498
ZNF420	ZNF546	truthbar	1	0.4311	DN_NC_073244.2_48242798_5	DN_NC_073244.2_51749194_6	0.2498	0.3443	0.3443
ZNF420	ZNF560	truthbar	1	0.1446	DN_NC_073244.2_15508499_10	DN_NC_073244.2_48242798_5	0.1478	0.2498	0.2498
ZNF420	ZNF565	truthbar	1	0.3904	DN_NC_073244.2_47250467_5	DN_NC_073244.2_48242798_5	0.2541	0.2498	0.2541
ZNF420	ZNF566	genuine	0	0.2589	DN_NC_073244.2_47642985_5	DN_NC_073244.2_48242798_5	0.3037	0.2498	0.3037
ZNF420	ZNF571	truthbar	1	0.3873	DN_NC_073244.2_48242798_5	DN_NC_073244.2_49072464_4	0.2498	0.1879	0.2498
ZNF420	ZNF573	truthbar	1	0.3330	DN_NC_073244.2_48242798_5	DN_NC_073244.2_49246931_6	0.2498	0.3121	0.3121
ZNF420	ZNF582	truthbar	1	0.2849	DN_NC_073244.2_48242798_5	DN_NC_073244.2_68491976_5	0.2498	0.1818	0.2498
ZNF420	ZNF583	truthbar	1	0.2245	DN_NC_073244.2_48242798_5	DN_NC_073244.2_68513423_5	0.2498	0.2489	0.2498
ZNF420	ZNF596	truthbar	1						
ZNF420	ZNF607	truthbar	1	0.1927	DN_NC_073244.2_48242798_5	DN_NC_073244.2_49205215_5	0.2498	0.1922	0.2498
ZNF420	ZNF665	truthbar	1	0.4081	DN_NC_073244.2_48242798_5	DN_NC_073244.2_65102393_4	0.2498	0.3815	0.3815
ZNF420	ZNF684	truthbar	1						
ZNF420	ZNF780A	truthbar	1	0.3711	DN_NC_073244.2_48242798_5	DN_NC_073244.2_51825388_5	0.2498	0.1618	0.2498
ZNF420	ZNF780B	truthbar	1	0.2630	DN_NC_073244.2_48242798_5	DN_NC_073244.2_51783968_5	0.2498	0.2381	0.2498
ZNF420	ZNF790	truthbar	1	0.3829	DN_NC_073244.2_47997304_5	DN_NC_073244.2_48242798_5	0.2772	0.2498	0.2772
ZNF420	ZNF829	truthbar	1	0.2619	DN_NC_073244.2_48066692_6	DN_NC_073244.2_48242798_5	0.4705	0.2498	0.4705
ZNF420	ZNF891	truthbar	1						
ZNF426	ZNF433	truthbar	1	0.1735	DN_NC_073244.2_15569240_8	DN_NC_073244.2_18047026_4	0.2474	0.2906	0.2906
ZNF426	ZNF440	truthbar	1						
ZNF426	ZNF441	truthbar	1						
ZNF426	ZNF443	truthbar	1						
ZNF426	ZNF490	truthbar	1						
ZNF426	ZNF563	truthbar	1						
ZNF426	ZNF564	truthbar	1						
ZNF426	ZNF57	truthbar	1						
ZNF426	ZNF627	truthbar	1						
ZNF426	ZNF669	truthbar	1						
ZNF426	ZNF670	truthbar	1						
ZNF426	ZNF77	truthbar	1						
ZNF426	ZNF791	truthbar	1	0.1463	DN_NC_073244.2_15569240_8	DN_NC_073244.2_18649721_4	0.2474	0.4193	0.4193
ZNF426	ZNF799	truthbar	1						
ZNF426	ZNF823	truthbar	1						
ZNF429	ZNF43	truthbar	1	0.3267	DN_NC_073244.2_27956158_2	DN_NC_073244.2_28333451_4	0.5265	0.4625	0.5265
ZNF429	ZNF430	truthbar	1	0.6199	DN_NC_073244.2_27504818_5	DN_NC_073244.2_27956158_2	0.4270	0.5265	0.5265
ZNF429	ZNF468	truthbar	1						
ZNF429	ZNF480	truthbar	1						
ZNF429	ZNF486	truthbar	1	0.3642	DN_NC_073244.2_26666712_5	DN_NC_073244.2_27956158_4	0.4566	0.5461	0.5461
ZNF429	ZNF506	truthbar	1	0.5232	DN_NC_073244.2_26240039_2	DN_NC_073244.2_27956158_2	0.4246	0.5265	0.5265
ZNF429	ZNF519	truthbar	1	0.4114	DN_NC_073241.2_36126198_2	DN_NC_073244.2_27956158_2	0.2075	0.5265	0.5265
ZNF429	ZNF528	truthbar	1	0.2218	DN_NC_073244.2_27956158_2	DN_NC_073244.2_64368633_7	0.5265	0.2537	0.5265
ZNF429	ZNF578	truthbar	1						
ZNF429	ZNF595	truthbar	1	0.6328	DN_NC_073227.2_8633416_4	DN_NC_073244.2_27956158_2	0.5220	0.5265	0.5265
ZNF429	ZNF600	truthbar	1	0.1450	DN_NC_073244.2_27956158_2	DN_NC_073244.2_64724127_4	0.5265	0.3339	0.5265
ZNF429	ZNF611	truthbar	1						
ZNF429	ZNF616	truthbar	1	0.2283	DN_NC_073244.2_27956158_2	DN_NC_073244.2_64081943_4	0.5265	0.2620	0.5265
ZNF429	ZNF626	truthbar	1	0.5808	DN_NC_073244.2_27131194_2	DN_NC_073244.2_27956158_2	0.4557	0.5265	0.5265
ZNF429	ZNF655	truthbar	1						
ZNF429	ZNF675	truthbar	1	0.6203	DN_NC_073244.2_27956158_2	DN_NC_073244.2_29970261_4	0.5265	0.3774	0.5265
ZNF429	ZNF678	truthbar	1	0.5509	DN_NC_073224.2_40627195_4	DN_NC_073244.2_27956158_2	0.3220	0.5265	0.5265
ZNF429	ZNF680	truthbar	1	0.6549	DN_NC_073230.2_73977205_4	DN_NC_073244.2_27956158_2	0.3066	0.5265	0.5265
ZNF429	ZNF681	truthbar	1	0.6940	DN_NC_073244.2_27956158_2	DN_NC_073244.2_30067652_4	0.5265	0.4267	0.5265
ZNF429	ZNF682	truthbar	1	0.5821	DN_NC_073244.2_26470366_4	DN_NC_073244.2_27956158_2	0.3255	0.5265	0.5265
ZNF429	ZNF695	truthbar	1	0.6093	DN_NC_073224.2_8422960_4	DN_NC_073244.2_27956158_2	0.3045	0.5265	0.5265
ZNF429	ZNF701	truthbar	1						
ZNF429	ZNF721	truthbar	1	0.3173	DN_NC_073227.2_9010062_2	DN_NC_073244.2_27956158_4	0.3953	0.5461	0.5461
ZNF429	ZNF723	truthbar	1	0.5992	DN_NC_073244.2_27956158_2	DN_NC_073244.2_29232445_4	0.5265	0.5099	0.5265
ZNF429	ZNF727	truthbar	1	0.2885	DN_NC_073230.2_73508332_4	DN_NC_073244.2_27956158_2	0.3146	0.5265	0.5265
ZNF429	ZNF736	truthbar	1	0.3378	DN_NC_073230.2_73776646_4	DN_NC_073244.2_27956158_2	0.3000	0.5265	0.5265
ZNF429	ZNF761	truthbar	1						
ZNF429	ZNF766	truthbar	1	0.1454	DN_NC_073244.2_27956158_2	DN_NC_073244.2_64231369_4	0.5265	0.2784	0.5265
ZNF429	ZNF8	truthbar	1						
ZNF429	ZNF808	truthbar	1	0.1417	DN_NC_073244.2_27956158_2	DN_NC_073244.2_64500861_5	0.5265	0.4373	0.5265
ZNF429	ZNF813	truthbar	1						
ZNF429	ZNF83	truthbar	1	0.2668	DN_NC_073244.2_27956158_4	DN_NC_073244.2_64585864_4	0.5461	0.3038	0.5461
ZNF429	ZNF836	truthbar	1	0.1590	DN_NC_073244.2_27956158_4	DN_NC_073244.2_64125568_5	0.5461	0.4107	0.5461
ZNF429	ZNF841	truthbar	1	0.1500	DN_NC_073244.2_27956158_2	DN_NC_073244.2_64034715_7	0.5265	0.3325	0.5265
ZNF429	ZNF888	truthbar	1						
ZNF429	ZNF91	truthbar	1	0.2196	DN_NC_073244.2_27956158_4	DN_NC_073244.2_29680825_4	0.5461	0.4948	0.5461
ZNF429	ZNF92	truthbar	1	0.6038	DN_NC_073230.2_74637722_4	DN_NC_073244.2_27956158_2	0.3318	0.5265	0.5265
ZNF43	ZNF430	truthbar	1	0.3768	DN_NC_073244.2_27504818_5	DN_NC_073244.2_28333451_4	0.4270	0.4625	0.4625
ZNF43	ZNF468	truthbar	1						
ZNF43	ZNF480	truthbar	1						
ZNF43	ZNF486	truthbar	1	0.2580	DN_NC_073244.2_26666712_5	DN_NC_073244.2_28333451_4	0.4566	0.4625	0.4625
ZNF43	ZNF506	truthbar	1	0.2428	DN_NC_073244.2_26240039_2	DN_NC_073244.2_28333451_4	0.4246	0.4625	0.4625
ZNF43	ZNF519	truthbar	1	0.3606	DN_NC_073241.2_36126198_2	DN_NC_073244.2_28333451_4	0.2075	0.4625	0.4625
ZNF43	ZNF528	truthbar	1						
ZNF43	ZNF578	truthbar	1						
ZNF43	ZNF595	truthbar	1	0.4494	DN_NC_073227.2_8633418_2	DN_NC_073244.2_28333451_4	0.5689	0.4625	0.5689
ZNF43	ZNF600	truthbar	1	0.2536	DN_NC_073244.2_28333451_4	DN_NC_073244.2_64724127_4	0.4625	0.3339	0.4625
ZNF43	ZNF611	truthbar	1	0.1367	DN_NC_073244.2_28333451_4	DN_NC_073244.2_64672255_4	0.4625	0.3521	0.4625
ZNF43	ZNF616	truthbar	1						
ZNF43	ZNF626	truthbar	1	0.2971	DN_NC_073244.2_27131194_2	DN_NC_073244.2_28333451_4	0.4557	0.4625	0.4625
ZNF43	ZNF655	truthbar	1						
ZNF43	ZNF675	truthbar	1	0.2171	DN_NC_073244.2_28333451_4	DN_NC_073244.2_29970261_4	0.4625	0.3774	0.4625
ZNF43	ZNF678	truthbar	1	0.2990	DN_NC_073224.2_40627195_4	DN_NC_073244.2_28333451_4	0.3220	0.4625	0.4625
ZNF43	ZNF680	truthbar	1						
ZNF43	ZNF681	truthbar	1	0.3526	DN_NC_073244.2_28333451_4	DN_NC_073244.2_30067652_4	0.4625	0.4267	0.4625
ZNF43	ZNF682	truthbar	1	0.2795	DN_NC_073244.2_26470366_4	DN_NC_073244.2_28333451_4	0.3255	0.4625	0.4625
ZNF43	ZNF695	truthbar	1	0.2817	DN_NC_073224.2_8422960_4	DN_NC_073244.2_28333451_4	0.3045	0.4625	0.4625
ZNF43	ZNF701	truthbar	1						
ZNF43	ZNF721	truthbar	1	0.4446	DN_NC_073227.2_9010062_2	DN_NC_073244.2_28333451_4	0.3953	0.4625	0.4625
ZNF43	ZNF723	truthbar	1	0.2703	DN_NC_073244.2_28333451_4	DN_NC_073244.2_29232445_4	0.4625	0.5099	0.5099
ZNF43	ZNF727	truthbar	1	0.2030	DN_NC_073230.2_73508332_4	DN_NC_073244.2_28333451_4	0.3146	0.4625	0.4625
ZNF43	ZNF736	truthbar	1	0.2909	DN_NC_073230.2_73776646_4	DN_NC_073244.2_28333451_4	0.3000	0.4625	0.4625
ZNF43	ZNF761	truthbar	1						
ZNF43	ZNF766	truthbar	1						
ZNF43	ZNF8	truthbar	1						
ZNF43	ZNF808	truthbar	1						
ZNF43	ZNF813	truthbar	1	0.2335	DN_NC_073244.2_28333451_4	DN_NC_073244.2_65398487_4	0.4625	0.3208	0.4625
ZNF43	ZNF83	truthbar	1	0.2054	DN_NC_073244.2_28333451_4	DN_NC_073244.2_64585864_4	0.4625	0.3038	0.4625
ZNF43	ZNF836	truthbar	1						
ZNF43	ZNF841	truthbar	1						
ZNF43	ZNF888	truthbar	1						
ZNF43	ZNF91	truthbar	1	0.4695	DN_NC_073244.2_28333451_4	DN_NC_073244.2_29680825_2	0.4625	0.5202	0.5202
ZNF43	ZNF92	truthbar	1	0.2444	DN_NC_073230.2_74637814_2	DN_NC_073244.2_28333451_4	0.3657	0.4625	0.4625
ZNF430	ZNF468	truthbar	1						
ZNF430	ZNF480	truthbar	1						
ZNF430	ZNF486	truthbar	1	0.2596	DN_NC_073244.2_26666712_5	DN_NC_073244.2_27504818_5	0.4566	0.4270	0.4566
ZNF430	ZNF506	truthbar	1	0.2421	DN_NC_073244.2_26240039_2	DN_NC_073244.2_27504818_5	0.4246	0.4270	0.4270
ZNF430	ZNF519	truthbar	1	0.2797	DN_NC_073241.2_36126198_2	DN_NC_073244.2_27504818_5	0.2075	0.4270	0.4270
ZNF430	ZNF528	truthbar	1						
ZNF430	ZNF578	truthbar	1						
ZNF430	ZNF595	truthbar	1	0.3848	DN_NC_073227.2_8633418_2	DN_NC_073244.2_27504818_5	0.5689	0.4270	0.5689
ZNF430	ZNF600	truthbar	1						
ZNF430	ZNF611	truthbar	1	0.2306	DN_NC_073244.2_27504818_5	DN_NC_073244.2_64672255_4	0.4270	0.3521	0.4270
ZNF430	ZNF616	truthbar	1						
ZNF430	ZNF626	truthbar	1	0.3987	DN_NC_073244.2_27131194_2	DN_NC_073244.2_27504818_5	0.4557	0.4270	0.4557
ZNF430	ZNF655	truthbar	1						
ZNF430	ZNF675	truthbar	1	0.4886	DN_NC_073244.2_27504818_5	DN_NC_073244.2_29970261_4	0.4270	0.3774	0.4270
ZNF430	ZNF678	truthbar	1	0.2770	DN_NC_073224.2_40627195_4	DN_NC_073244.2_27504818_5	0.3220	0.4270	0.4270
ZNF430	ZNF680	truthbar	1	0.3871	DN_NC_073230.2_73977205_4	DN_NC_073244.2_27504818_5	0.3066	0.4270	0.4270
ZNF430	ZNF681	truthbar	1	0.3340	DN_NC_073244.2_27504818_5	DN_NC_073244.2_30067652_4	0.4270	0.4267	0.4270
ZNF430	ZNF682	truthbar	1	0.4147	DN_NC_073244.2_26470366_4	DN_NC_073244.2_27504818_5	0.3255	0.4270	0.4270
ZNF430	ZNF695	truthbar	1	0.3826	DN_NC_073224.2_8422960_4	DN_NC_073244.2_27504818_5	0.3045	0.4270	0.4270
ZNF430	ZNF701	truthbar	1						
ZNF430	ZNF721	truthbar	1	0.2830	DN_NC_073227.2_9010062_2	DN_NC_073244.2_27504818_5	0.3953	0.4270	0.4270
ZNF430	ZNF723	truthbar	1	0.6019	DN_NC_073244.2_27504818_5	DN_NC_073244.2_29232445_4	0.4270	0.5099	0.5099
ZNF430	ZNF727	truthbar	1	0.2273	DN_NC_073230.2_73508332_4	DN_NC_073244.2_27504818_5	0.3146	0.4270	0.4270
ZNF430	ZNF736	truthbar	1	0.2233	DN_NC_073230.2_73776646_4	DN_NC_073244.2_27504818_5	0.3000	0.4270	0.4270
ZNF430	ZNF761	truthbar	1						
ZNF430	ZNF766	truthbar	1						
ZNF430	ZNF8	truthbar	1						
ZNF430	ZNF808	truthbar	1						
ZNF430	ZNF813	truthbar	1						
ZNF430	ZNF83	truthbar	1						
ZNF430	ZNF836	truthbar	1						
ZNF430	ZNF841	truthbar	1	0.1834	DN_NC_073244.2_27504818_5	DN_NC_073244.2_64034715_7	0.4270	0.3325	0.4270
ZNF430	ZNF888	truthbar	1						
ZNF430	ZNF91	genuine	0	0.2249	DN_NC_073244.2_27504818_5	DN_NC_073244.2_29680825_4	0.4270	0.4948	0.4948
ZNF430	ZNF92	truthbar	1	0.4020	DN_NC_073230.2_74637814_2	DN_NC_073244.2_27504818_5	0.3657	0.4270	0.4270
ZNF432	ZNF484	truthbar	1						
ZNF432	ZNF487	genuine	0						
ZNF432	ZNF501	genuine	0						
ZNF432	ZNF510	truthbar	1						
ZNF432	ZNF527	truthbar	1						
ZNF432	ZNF565	truthbar	1						
ZNF432	ZNF567	truthbar	1	0.3607	DN_NC_073244.2_47878793_6	DN_NC_073244.2_64004232_5	0.1800	0.1825	0.1825
ZNF432	ZNF568	truthbar	1						
ZNF432	ZNF569	truthbar	1						
ZNF432	ZNF577	truthbar	1						
ZNF432	ZNF585A	truthbar	1						
ZNF432	ZNF585B	truthbar	1	0.1566	DN_NC_073244.2_48352926_4	DN_NC_073244.2_64004232_5	0.1502	0.1825	0.1825
ZNF432	ZNF605	truthbar	1	0.1893	DN_NC_073234.2_148420424_5	DN_NC_073244.2_64004232_5	0.0953	0.1825	0.1825
ZNF432	ZNF606	truthbar	1						
ZNF432	ZNF613	truthbar	1	0.2519	DN_NC_073244.2_63895938_6	DN_NC_073244.2_64004232_5	0.1312	0.1825	0.1825
ZNF432	ZNF614	truthbar	1	0.1674	DN_NC_073244.2_63983979_5	DN_NC_073244.2_64004232_5	0.1252	0.1825	0.1825
ZNF432	ZNF615	truthbar	1	0.3161	DN_NC_073244.2_63961971_6	DN_NC_073244.2_64004232_5	0.1868	0.1825	0.1868
ZNF432	ZNF624	truthbar	1						
ZNF432	ZNF649	truthbar	1						
ZNF432	ZNF674	truthbar	1						
ZNF432	ZNF717	truthbar	1	0.2380	DN_NC_073244.2_64004232_5	DN_NC_086017.1_85766278_5	0.1825	0.1562	0.1825
ZNF432	ZNF782	truthbar	1						
ZNF432	ZNF81	truthbar	1						
ZNF432	ZNF84	truthbar	1						
ZNF432	ZNF883	truthbar	1						
ZNF433	ZNF440	truthbar	1	0.2239	DN_NC_073244.2_17846610_4	DN_NC_073244.2_18047026_4	0.2517	0.2906	0.2906
ZNF433	ZNF441	truthbar	1	0.2026	DN_NC_073244.2_17797611_4	DN_NC_073244.2_18047026_4	0.3134	0.2906	0.3134
ZNF433	ZNF443	truthbar	1	0.4252	DN_NC_073244.2_18047026_4	DN_NC_073244.2_18470484_4	0.2906	0.1929	0.2906
ZNF433	ZNF490	truthbar	1	0.1688	DN_NC_073244.2_18047026_4	DN_NC_073244.2_18614963_5	0.2906	0.3893	0.3893
ZNF433	ZNF563	truthbar	1	0.2077	DN_NC_073244.2_18047026_4	DN_NC_073244.2_18356684_4	0.2906	0.3045	0.3045
ZNF433	ZNF564	truthbar	1	0.2440	DN_NC_073244.2_18047026_4	DN_NC_073244.2_18564507_4	0.2906	0.3214	0.3214
ZNF433	ZNF57	truthbar	1						
ZNF433	ZNF627	truthbar	1	0.3205	DN_NC_073244.2_17635782_4	DN_NC_073244.2_18047026_4	0.2854	0.2906	0.2906
ZNF433	ZNF669	genuine	0	0.2838	DN_NC_073224.2_8329397_4	DN_NC_073244.2_18047026_4	0.3619	0.2906	0.3619
ZNF433	ZNF670	genuine	0	0.1897	DN_NC_073224.2_8356715_4	DN_NC_073244.2_18047026_4	0.1978	0.2906	0.2906
ZNF433	ZNF77	truthbar	1	0.4678	DN_NC_073244.2_18047026_4	DN_NC_073244.2_8711681_4	0.2906	0.1126	0.2906
ZNF433	ZNF791	truthbar	1	0.2085	DN_NC_073244.2_18047026_4	DN_NC_073244.2_18649721_4	0.2906	0.4193	0.4193
ZNF433	ZNF799	truthbar	1	0.3132	DN_NC_073244.2_18047026_4	DN_NC_073244.2_18426035_4	0.2906	0.2437	0.2906
ZNF433	ZNF823	truthbar	1	0.2922	DN_NC_073244.2_17751584_2	DN_NC_073244.2_18047026_4	0.2238	0.2906	0.2906
ZNF436	ZNF502	truthbar	1						
ZNF436	ZSCAN12	genuine	0						
ZNF436	ZSCAN16	genuine	0						
ZNF436	ZSCAN22	genuine	0						
ZNF436	ZSCAN9	genuine	0						
ZNF440	ZNF441	truthbar	1						
ZNF440	ZNF443	truthbar	1	0.2227	DN_NC_073244.2_17846610_4	DN_NC_073244.2_18470484_4	0.2517	0.1929	0.2517
ZNF440	ZNF490	truthbar	1						
ZNF440	ZNF563	truthbar	1	0.2506	DN_NC_073244.2_17846610_4	DN_NC_073244.2_18356684_4	0.2517	0.3045	0.3045
ZNF440	ZNF564	truthbar	1	0.2785	DN_NC_073244.2_17846610_4	DN_NC_073244.2_18564507_4	0.2517	0.3214	0.3214
ZNF440	ZNF57	truthbar	1	0.1486	DN_NC_073244.2_17846610_4	DN_NC_073244.2_8680135_4	0.2517	0.2270	0.2517
ZNF440	ZNF627	truthbar	1	0.3413	DN_NC_073244.2_17635782_4	DN_NC_073244.2_17846610_4	0.2854	0.2517	0.2854
ZNF440	ZNF669	truthbar	1	0.1939	DN_NC_073224.2_8329397_4	DN_NC_073244.2_17846610_4	0.3619	0.2517	0.3619
ZNF440	ZNF670	truthbar	1						
ZNF440	ZNF77	truthbar	1	0.1518	DN_NC_073244.2_17846610_4	DN_NC_073244.2_8711681_4	0.2517	0.1126	0.2517
ZNF440	ZNF791	truthbar	1	0.1632	DN_NC_073244.2_17846610_4	DN_NC_073244.2_18649721_4	0.2517	0.4193	0.4193
ZNF440	ZNF799	truthbar	1	0.1397	DN_NC_073244.2_17846610_4	DN_NC_073244.2_18426035_4	0.2517	0.2437	0.2517
ZNF440	ZNF823	truthbar	1	0.3322	DN_NC_073244.2_17751584_2	DN_NC_073244.2_17846610_4	0.2238	0.2517	0.2517
ZNF441	ZNF443	truthbar	1	0.1942	DN_NC_073244.2_17797611_4	DN_NC_073244.2_18470484_4	0.3134	0.1929	0.3134
ZNF441	ZNF490	truthbar	1						
ZNF441	ZNF563	truthbar	1						
ZNF441	ZNF564	truthbar	1						
ZNF441	ZNF57	truthbar	1						
ZNF441	ZNF627	truthbar	1						
ZNF441	ZNF669	truthbar	1						
ZNF441	ZNF670	truthbar	1						
ZNF441	ZNF77	truthbar	1						
ZNF441	ZNF791	truthbar	1	0.1999	DN_NC_073244.2_17797611_4	DN_NC_073244.2_18649721_4	0.3134	0.4193	0.4193
ZNF441	ZNF799	truthbar	1						
ZNF441	ZNF823	truthbar	1	0.1698	DN_NC_073244.2_17751584_2	DN_NC_073244.2_17797611_4	0.2238	0.3134	0.3134
ZNF443	ZNF490	truthbar	1	0.2896	DN_NC_073244.2_18470484_4	DN_NC_073244.2_18614963_5	0.1929	0.3893	0.3893
ZNF443	ZNF563	truthbar	1	0.2929	DN_NC_073244.2_18356684_4	DN_NC_073244.2_18470484_4	0.3045	0.1929	0.3045
ZNF443	ZNF564	truthbar	1	0.2340	DN_NC_073244.2_18470484_4	DN_NC_073244.2_18564507_4	0.1929	0.3214	0.3214
ZNF443	ZNF57	truthbar	1	0.1457	DN_NC_073244.2_18470484_4	DN_NC_073244.2_8680135_4	0.1929	0.2270	0.2270
ZNF443	ZNF627	truthbar	1	0.2022	DN_NC_073244.2_17635782_4	DN_NC_073244.2_18470484_4	0.2854	0.1929	0.2854
ZNF443	ZNF669	genuine	0	0.2427	DN_NC_073224.2_8329397_4	DN_NC_073244.2_18470484_4	0.3619	0.1929	0.3619
ZNF443	ZNF670	truthbar	1	0.1900	DN_NC_073224.2_8356715_4	DN_NC_073244.2_18470484_4	0.1978	0.1929	0.1978
ZNF443	ZNF77	truthbar	1						
ZNF443	ZNF791	truthbar	1	0.2575	DN_NC_073244.2_18470484_4	DN_NC_073244.2_18649721_4	0.1929	0.4193	0.4193
ZNF443	ZNF799	TP	1	0.3291	DN_NC_073244.2_18426035_4	DN_NC_073244.2_18470484_4	0.2437	0.1929	0.2437
ZNF443	ZNF823	truthbar	1	0.4506	DN_NC_073244.2_17751584_2	DN_NC_073244.2_18470484_4	0.2238	0.1929	0.2238
ZNF460	ZNF473	genuine	0						
ZNF460	ZNF543	truthbar	1						
ZNF460	ZNF550	truthbar	1	0.1505	DN_NC_073244.2_69382679_3	DN_NC_073244.2_69643403_5	0.4625	0.1071	0.4625
ZNF460	ZNF594	truthbar	1						
ZNF460	ZNF667	truthbar	1						
ZNF460	ZNF805	truthbar	1						
ZNF460	ZSCAN20	genuine	0						
ZNF461	ZNF471	truthbar	1						
ZNF461	ZNF529	truthbar	1	0.1779	DN_NC_073244.2_47739503_5	DN_NC_073244.2_47831779_6	0.3430	0.2212	0.3430
ZNF461	ZNF540	truthbar	1						
ZNF461	ZNF546	truthbar	1						
ZNF461	ZNF560	truthbar	1						
ZNF461	ZNF565	truthbar	1	0.3001	DN_NC_073244.2_47250467_5	DN_NC_073244.2_47831779_6	0.2541	0.2212	0.2541
ZNF461	ZNF566	truthbar	1	0.1305	DN_NC_073244.2_47642985_5	DN_NC_073244.2_47831779_6	0.3037	0.2212	0.3037
ZNF461	ZNF571	truthbar	1	0.1550	DN_NC_073244.2_47831779_6	DN_NC_073244.2_49072464_4	0.2212	0.1879	0.2212
ZNF461	ZNF573	truthbar	1	0.2000	DN_NC_073244.2_47831779_6	DN_NC_073244.2_49246931_6	0.2212	0.3121	0.3121
ZNF461	ZNF582	truthbar	1	0.2202	DN_NC_073244.2_47831779_6	DN_NC_073244.2_68491976_5	0.2212	0.1818	0.2212
ZNF461	ZNF583	truthbar	1	0.1687	DN_NC_073244.2_47831779_6	DN_NC_073244.2_68513423_5	0.2212	0.2489	0.2489
ZNF461	ZNF596	truthbar	1						
ZNF461	ZNF607	truthbar	1						
ZNF461	ZNF665	truthbar	1	0.2248	DN_NC_073244.2_47831779_6	DN_NC_073244.2_65102393_4	0.2212	0.3815	0.3815
ZNF461	ZNF684	truthbar	1						
ZNF461	ZNF780A	truthbar	1	0.2377	DN_NC_073244.2_47831779_6	DN_NC_073244.2_51825388_5	0.2212	0.1618	0.2212
ZNF461	ZNF780B	truthbar	1						
ZNF461	ZNF790	truthbar	1						
ZNF461	ZNF829	truthbar	1						
ZNF461	ZNF891	truthbar	1						
ZNF468	ZNF480	truthbar	1	0.2201	DN_NC_073244.2_64265252_5	DN_NC_073244.2_64797239_5	0.5307	0.3221	0.5307
ZNF468	ZNF486	truthbar	1						
ZNF468	ZNF506	truthbar	1						
ZNF468	ZNF519	truthbar	1						
ZNF468	ZNF528	truthbar	1						
ZNF468	ZNF578	truthbar	1	0.1746	DN_NC_073244.2_64426370_6	DN_NC_073244.2_64797239_5	0.4463	0.3221	0.4463
ZNF468	ZNF595	truthbar	1						
ZNF468	ZNF600	truthbar	1	0.1716	DN_NC_073244.2_64724127_4	DN_NC_073244.2_64797239_5	0.3339	0.3221	0.3339
ZNF468	ZNF611	truthbar	1	0.1697	DN_NC_073244.2_64672255_4	DN_NC_073244.2_64797239_5	0.3521	0.3221	0.3521
ZNF468	ZNF616	truthbar	1	0.2295	DN_NC_073244.2_64081943_4	DN_NC_073244.2_64797239_5	0.2620	0.3221	0.3221
ZNF468	ZNF626	truthbar	1	0.1806	DN_NC_073244.2_27131194_2	DN_NC_073244.2_64797239_5	0.4557	0.3221	0.4557
ZNF468	ZNF655	truthbar	1						
ZNF468	ZNF675	truthbar	1						
ZNF468	ZNF678	truthbar	1	0.1538	DN_NC_073224.2_40627195_4	DN_NC_073244.2_64797239_5	0.3220	0.3221	0.3221
ZNF468	ZNF680	truthbar	1						
ZNF468	ZNF681	truthbar	1						
ZNF468	ZNF682	truthbar	1	0.2074	DN_NC_073244.2_26470366_4	DN_NC_073244.2_64797239_5	0.3255	0.3221	0.3255
ZNF468	ZNF695	truthbar	1						
ZNF468	ZNF701	truthbar	1	0.1737	DN_NC_073244.2_64543447_4	DN_NC_073244.2_64797239_5	0.2106	0.3221	0.3221
ZNF468	ZNF721	truthbar	1	0.1304	DN_NC_073227.2_9010062_2	DN_NC_073244.2_64797239_5	0.3953	0.3221	0.3953
ZNF468	ZNF723	truthbar	1						
ZNF468	ZNF727	truthbar	1						
ZNF468	ZNF736	truthbar	1						
ZNF468	ZNF761	truthbar	1	0.1372	DN_NC_073244.2_64797239_5	DN_NC_073244.2_65362909_5	0.3221	0.3364	0.3364
ZNF468	ZNF766	truthbar	1	0.2605	DN_NC_073244.2_64231369_4	DN_NC_073244.2_64797239_5	0.2784	0.3221	0.3221
ZNF468	ZNF8	truthbar	1						
ZNF468	ZNF808	truthbar	1	0.1768	DN_NC_073244.2_64500861_5	DN_NC_073244.2_64797239_5	0.4373	0.3221	0.4373
ZNF468	ZNF813	truthbar	1	0.1744	DN_NC_073244.2_64797239_5	DN_NC_073244.2_65398487_4	0.3221	0.3208	0.3221
ZNF468	ZNF83	truthbar	1	0.1804	DN_NC_073244.2_64585864_4	DN_NC_073244.2_64797239_5	0.3038	0.3221	0.3221
ZNF468	ZNF836	truthbar	1	0.2172	DN_NC_073244.2_64125568_5	DN_NC_073244.2_64797239_5	0.4107	0.3221	0.4107
ZNF468	ZNF841	truthbar	1	0.2184	DN_NC_073244.2_64034715_7	DN_NC_073244.2_64797239_5	0.3325	0.3221	0.3325
ZNF468	ZNF888	truthbar	1	0.1640	DN_NC_073244.2_64797239_5	DN_NC_073244.2_64860608_4	0.3221	0.4244	0.4244
ZNF468	ZNF91	genuine	0	0.1548	DN_NC_073244.2_29680825_4	DN_NC_073244.2_64797239_5	0.4948	0.3221	0.4948
ZNF468	ZNF92	truthbar	1						
ZNF471	ZNF529	truthbar	1						
ZNF471	ZNF540	truthbar	1						
ZNF471	ZNF546	truthbar	1	0.1442	DN_NC_073244.2_51749194_6	DN_NC_073244.2_68611978_5	0.3443	0.3475	0.3475
ZNF471	ZNF560	truthbar	1						
ZNF471	ZNF565	truthbar	1	0.2398	DN_NC_073244.2_47250467_5	DN_NC_073244.2_68611978_5	0.2541	0.3475	0.3475
ZNF471	ZNF566	genuine	0						
ZNF471	ZNF571	truthbar	1	0.2179	DN_NC_073244.2_49072464_4	DN_NC_073244.2_68611978_5	0.1879	0.3475	0.3475
ZNF471	ZNF573	truthbar	1	0.2110	DN_NC_073244.2_49246931_6	DN_NC_073244.2_68611978_5	0.3121	0.3475	0.3475
ZNF471	ZNF582	truthbar	1						
ZNF471	ZNF583	truthbar	1						
ZNF471	ZNF596	truthbar	1						
ZNF471	ZNF607	truthbar	1						
ZNF471	ZNF665	truthbar	1	0.2625	DN_NC_073244.2_65102393_4	DN_NC_073244.2_68611978_5	0.3815	0.3475	0.3815
ZNF471	ZNF684	truthbar	1	0.1562	DN_NC_073224.2_199406700_5	DN_NC_073244.2_68611978_5	0.1901	0.3475	0.3475
ZNF471	ZNF780A	truthbar	1						
ZNF471	ZNF780B	truthbar	1						
ZNF471	ZNF790	truthbar	1						
ZNF471	ZNF829	truthbar	1						
ZNF471	ZNF891	truthbar	1						
ZNF473	ZNF543	genuine	0						
ZNF473	ZNF550	genuine	0						
ZNF473	ZNF594	truthbar	1						
ZNF473	ZNF667	truthbar	1						
ZNF473	ZNF805	genuine	0						
ZNF473	ZSCAN20	genuine	0						
ZNF480	ZNF486	truthbar	1						
ZNF480	ZNF506	truthbar	1						
ZNF480	ZNF519	truthbar	1	0.1306	DN_NC_073241.2_36126183_3	DN_NC_073244.2_64265252_5	0.1960	0.5307	0.5307
ZNF480	ZNF528	truthbar	1	0.2345	DN_NC_073244.2_64265252_5	DN_NC_073244.2_64368633_7	0.5307	0.2537	0.5307
ZNF480	ZNF578	truthbar	1	0.2039	DN_NC_073244.2_64265252_5	DN_NC_073244.2_64426370_6	0.5307	0.4463	0.5307
ZNF480	ZNF595	truthbar	1						
ZNF480	ZNF600	truthbar	1	0.2240	DN_NC_073244.2_64265252_5	DN_NC_073244.2_64724127_4	0.5307	0.3339	0.5307
ZNF480	ZNF611	truthbar	1						
ZNF480	ZNF616	truthbar	1	0.1894	DN_NC_073244.2_64081943_4	DN_NC_073244.2_64265252_5	0.2620	0.5307	0.5307
ZNF480	ZNF626	truthbar	1						
ZNF480	ZNF655	truthbar	1						
ZNF480	ZNF675	truthbar	1						
ZNF480	ZNF678	truthbar	1	0.2588	DN_NC_073224.2_40627195_4	DN_NC_073244.2_64265252_5	0.3220	0.5307	0.5307
ZNF480	ZNF680	truthbar	1						
ZNF480	ZNF681	truthbar	1	0.1797	DN_NC_073244.2_30067652_4	DN_NC_073244.2_64265252_5	0.4267	0.5307	0.5307
ZNF480	ZNF682	truthbar	1						
ZNF480	ZNF695	truthbar	1						
ZNF480	ZNF701	truthbar	1	0.1688	DN_NC_073244.2_64265252_5	DN_NC_073244.2_64543447_4	0.5307	0.2106	0.5307
ZNF480	ZNF721	truthbar	1						
ZNF480	ZNF723	truthbar	1						
ZNF480	ZNF727	truthbar	1						
ZNF480	ZNF736	truthbar	1	0.1751	DN_NC_073230.2_73776646_4	DN_NC_073244.2_64265252_5	0.3000	0.5307	0.5307
ZNF480	ZNF761	truthbar	1	0.2042	DN_NC_073244.2_64265252_5	DN_NC_073244.2_65362909_5	0.5307	0.3364	0.5307
ZNF480	ZNF766	truthbar	1	0.1597	DN_NC_073244.2_64231369_4	DN_NC_073244.2_64265252_5	0.2784	0.5307	0.5307
ZNF480	ZNF8	truthbar	1						
ZNF480	ZNF808	truthbar	1	0.2016	DN_NC_073244.2_64265252_5	DN_NC_073244.2_64500861_5	0.5307	0.4373	0.5307
ZNF480	ZNF813	truthbar	1	0.2016	DN_NC_073244.2_64265252_5	DN_NC_073244.2_65398487_4	0.5307	0.3208	0.5307
ZNF480	ZNF83	truthbar	1	0.3208	DN_NC_073244.2_64265252_5	DN_NC_073244.2_64585864_4	0.5307	0.3038	0.5307
ZNF480	ZNF836	truthbar	1						
ZNF480	ZNF841	truthbar	1						
ZNF480	ZNF888	truthbar	1	0.2039	DN_NC_073244.2_64265252_5	DN_NC_073244.2_64860608_4	0.5307	0.4244	0.5307
ZNF480	ZNF91	genuine	0						
ZNF480	ZNF92	truthbar	1						
ZNF484	ZNF487	genuine	0						
ZNF484	ZNF501	genuine	0						
ZNF484	ZNF510	truthbar	1						
ZNF484	ZNF527	truthbar	1						
ZNF484	ZNF565	genuine	0						
ZNF484	ZNF567	truthbar	1	0.1977	DN_NC_073237.2_89310571_5	DN_NC_073244.2_47878793_6	0.2190	0.1800	0.2190
ZNF484	ZNF568	truthbar	1	0.1518	DN_NC_073237.2_89310571_5	DN_NC_073244.2_48093173_7	0.2190	0.3190	0.3190
ZNF484	ZNF569	truthbar	1	0.1893	DN_NC_073237.2_89310571_5	DN_NC_073244.2_48919547_6	0.2190	0.1952	0.2190
ZNF484	ZNF577	genuine	0						
ZNF484	ZNF585A	truthbar	1	0.1771	DN_NC_073237.2_89310571_5	DN_NC_073244.2_48319142_5	0.2190	0.1403	0.2190
ZNF484	ZNF585B	truthbar	1	0.2458	DN_NC_073237.2_89310571_5	DN_NC_073244.2_48352926_4	0.2190	0.1502	0.2190
ZNF484	ZNF605	truthbar	1	0.2116	DN_NC_073234.2_148420424_5	DN_NC_073237.2_89310571_5	0.0953	0.2190	0.2190
ZNF484	ZNF606	truthbar	1						
ZNF484	ZNF613	truthbar	1	0.2219	DN_NC_073237.2_89310571_5	DN_NC_073244.2_63895938_6	0.2190	0.1312	0.2190
ZNF484	ZNF614	truthbar	1						
ZNF484	ZNF615	truthbar	1						
ZNF484	ZNF624	truthbar	1	0.2510	DN_NC_073228.2_83513581_6	DN_NC_073237.2_89310571_5	0.2734	0.2190	0.2734
ZNF484	ZNF649	genuine	0						
ZNF484	ZNF674	truthbar	1						
ZNF484	ZNF717	truthbar	1	0.3219	DN_NC_073237.2_89310571_5	DN_NC_086017.1_85766278_5	0.2190	0.1562	0.2190
ZNF484	ZNF782	truthbar	1	0.1336	DN_NC_073237.2_89310571_5	DN_NC_073237.2_93275727_4	0.2190	0.1049	0.2190
ZNF484	ZNF81	truthbar	1	0.1970	DN_NC_073237.2_89310571_5	DN_NC_073247.2_58228088_5	0.2190	0.1450	0.2190
ZNF484	ZNF84	truthbar	1	0.2364	DN_NC_073234.2_148537990_5	DN_NC_073237.2_89310571_5	0.2027	0.2190	0.2190
ZNF484	ZNF883	genuine	0	0.1550	DN_NC_073237.2_109230975_4	DN_NC_073237.2_89310571_5	0.2819	0.2190	0.2819
ZNF485	ZNF514	truthbar	1						
ZNF485	ZNF554	truthbar	1						
ZNF485	ZNF621	truthbar	1						
ZNF485	ZNF879	truthbar	1	0.2011	DN_NC_073228.2_182994030_5	DN_NC_073232.2_71834982_5	0.2623	0.2724	0.2724
ZNF486	ZNF506	truthbar	1	0.3165	DN_NC_073244.2_26240035_4	DN_NC_073244.2_26666712_5	0.3919	0.4566	0.4566
ZNF486	ZNF519	truthbar	1						
ZNF486	ZNF528	truthbar	1						
ZNF486	ZNF578	truthbar	1						
ZNF486	ZNF595	truthbar	1	0.2309	DN_NC_073227.2_8633418_2	DN_NC_073244.2_26666712_5	0.5689	0.4566	0.5689
ZNF486	ZNF600	truthbar	1	0.1590	DN_NC_073244.2_26666712_5	DN_NC_073244.2_64724127_4	0.4566	0.3339	0.4566
ZNF486	ZNF611	truthbar	1						
ZNF486	ZNF616	truthbar	1						
ZNF486	ZNF626	truthbar	1	0.3690	DN_NC_073244.2_26666712_5	DN_NC_073244.2_27131194_2	0.4566	0.4557	0.4566
ZNF486	ZNF655	truthbar	1						
ZNF486	ZNF675	truthbar	1	0.4605	DN_NC_073244.2_26666712_5	DN_NC_073244.2_29970261_4	0.4566	0.3774	0.4566
ZNF486	ZNF678	truthbar	1	0.3050	DN_NC_073224.2_40627195_4	DN_NC_073244.2_26666712_5	0.3220	0.4566	0.4566
ZNF486	ZNF680	truthbar	1	0.4889	DN_NC_073230.2_73977205_4	DN_NC_073244.2_26666712_5	0.3066	0.4566	0.4566
ZNF486	ZNF681	truthbar	1	0.2263	DN_NC_073244.2_26666712_5	DN_NC_073244.2_30067652_4	0.4566	0.4267	0.4566
ZNF486	ZNF682	truthbar	1	0.4680	DN_NC_073244.2_26470366_4	DN_NC_073244.2_26666712_5	0.3255	0.4566	0.4566
ZNF486	ZNF695	truthbar	1	0.2577	DN_NC_073224.2_8422960_4	DN_NC_073244.2_26666712_5	0.3045	0.4566	0.4566
ZNF486	ZNF701	truthbar	1						
ZNF486	ZNF721	genuine	0	0.1496	DN_NC_073227.2_9009655_3	DN_NC_073244.2_26666712_5	0.3750	0.4566	0.4566
ZNF486	ZNF723	truthbar	1	0.6166	DN_NC_073244.2_26666712_5	DN_NC_073244.2_29232445_4	0.4566	0.5099	0.5099
ZNF486	ZNF727	truthbar	1	0.1636	DN_NC_073230.2_73508332_4	DN_NC_073244.2_26666712_5	0.3146	0.4566	0.4566
ZNF486	ZNF736	truthbar	1	0.2838	DN_NC_073230.2_73776646_4	DN_NC_073244.2_26666712_5	0.3000	0.4566	0.4566
ZNF486	ZNF761	truthbar	1						
ZNF486	ZNF766	truthbar	1						
ZNF486	ZNF8	truthbar	1						
ZNF486	ZNF808	truthbar	1						
ZNF486	ZNF813	truthbar	1						
ZNF486	ZNF83	truthbar	1						
ZNF486	ZNF836	truthbar	1	0.2818	DN_NC_073244.2_26666712_5	DN_NC_073244.2_64125568_5	0.4566	0.4107	0.4566
ZNF486	ZNF841	truthbar	1						
ZNF486	ZNF888	truthbar	1						
ZNF486	ZNF91	genuine	0	0.3031	DN_NC_073244.2_26666712_5	DN_NC_073244.2_29680825_2	0.4566	0.5202	0.5202
ZNF486	ZNF92	truthbar	1	0.3257	DN_NC_073230.2_74637814_2	DN_NC_073244.2_26666712_5	0.3657	0.4566	0.4566
ZNF487	ZNF501	genuine	0						
ZNF487	ZNF510	genuine	0	0.2144	DN_NC_073232.2_71973207_3	DN_NC_073237.2_93211680_6	0.0993	0.1173	0.1173
ZNF487	ZNF527	genuine	0	0.1423	DN_NC_073232.2_71973207_3	DN_NC_073244.2_48620420_5	0.0993	0.2697	0.2697
ZNF487	ZNF565	genuine	0						
ZNF487	ZNF567	genuine	0	0.2129	DN_NC_073232.2_71973207_3	DN_NC_073244.2_47878793_6	0.0993	0.1800	0.1800
ZNF487	ZNF568	genuine	0	0.2139	DN_NC_073232.2_71973207_3	DN_NC_073244.2_48093173_7	0.0993	0.3190	0.3190
ZNF487	ZNF569	genuine	0	0.2199	DN_NC_073232.2_71973207_3	DN_NC_073244.2_48919547_6	0.0993	0.1952	0.1952
ZNF487	ZNF577	truthbar	1	0.1754	DN_NC_073232.2_71973207_3	DN_NC_073244.2_63840101_6	0.0993	0.1892	0.1892
ZNF487	ZNF585A	genuine	0	0.2372	DN_NC_073232.2_71973207_3	DN_NC_073244.2_48319142_5	0.0993	0.1403	0.1403
ZNF487	ZNF585B	genuine	0	0.2372	DN_NC_073232.2_71973207_3	DN_NC_073244.2_48352926_4	0.0993	0.1502	0.1502
ZNF487	ZNF605	genuine	0	0.1611	DN_NC_073232.2_71973207_3	DN_NC_073234.2_148420424_5	0.0993	0.0953	0.0993
ZNF487	ZNF606	genuine	0						
ZNF487	ZNF613	genuine	0						
ZNF487	ZNF614	genuine	0						
ZNF487	ZNF615	genuine	0						
ZNF487	ZNF624	genuine	0	0.1700	DN_NC_073228.2_83513581_6	DN_NC_073232.2_71973207_3	0.2734	0.0993	0.2734
ZNF487	ZNF649	genuine	0						
ZNF487	ZNF674	genuine	0						
ZNF487	ZNF717	genuine	0	0.1472	DN_NC_073232.2_71973207_3	DN_NC_086017.1_85766278_5	0.0993	0.1562	0.1562
ZNF487	ZNF782	genuine	0	0.2317	DN_NC_073232.2_71973207_3	DN_NC_073237.2_93275727_4	0.0993	0.1049	0.1049
ZNF487	ZNF81	genuine	0						
ZNF487	ZNF84	genuine	0	0.1497	DN_NC_073232.2_71973207_3	DN_NC_073234.2_148537990_5	0.0993	0.2027	0.2027
ZNF487	ZNF883	genuine	0	0.1512	DN_NC_073232.2_71973207_3	DN_NC_073237.2_109230975_4	0.0993	0.2819	0.2819
ZNF490	ZNF563	truthbar	1	0.1996	DN_NC_073244.2_18356684_4	DN_NC_073244.2_18614963_5	0.3045	0.3893	0.3893
ZNF490	ZNF564	truthbar	1	0.2342	DN_NC_073244.2_18564507_4	DN_NC_073244.2_18614963_5	0.3214	0.3893	0.3893
ZNF490	ZNF57	truthbar	1	0.1397	DN_NC_073244.2_18614963_5	DN_NC_073244.2_8680135_4	0.3893	0.2270	0.3893
ZNF490	ZNF627	truthbar	1						
ZNF490	ZNF669	truthbar	1	0.1457	DN_NC_073224.2_8329397_4	DN_NC_073244.2_18614963_5	0.3619	0.3893	0.3893
ZNF490	ZNF670	truthbar	1						
ZNF490	ZNF77	truthbar	1						
ZNF490	ZNF791	truthbar	1	0.1517	DN_NC_073244.2_18614963_5	DN_NC_073244.2_18649721_4	0.3893	0.4193	0.4193
ZNF490	ZNF799	truthbar	1	0.1661	DN_NC_073244.2_18426035_4	DN_NC_073244.2_18614963_5	0.2437	0.3893	0.3893
ZNF490	ZNF823	truthbar	1	0.1681	DN_NC_073244.2_17751584_2	DN_NC_073244.2_18614963_5	0.2238	0.3893	0.3893
ZNF497	ZNF572	truthbar	1						
ZNF497	ZNF629	genuine	0						
ZNF497	ZNF672	truthbar	1						
ZNF497	ZNF696	genuine	0						
ZNF497	ZNF697	genuine	0						
ZNF497	ZNF71	truthbar	1						
ZNF497	ZNF74	truthbar	1						
ZNF497	ZNF768	genuine	0						
ZNF497	ZNF771	genuine	0						
ZNF497	ZNF774	genuine	0						
ZNF497	ZNF835	truthbar	1						
ZNF501	ZNF510	genuine	0						
ZNF501	ZNF527	genuine	0						
ZNF501	ZNF565	genuine	0						
ZNF501	ZNF567	genuine	0						
ZNF501	ZNF568	genuine	0						
ZNF501	ZNF569	genuine	0						
ZNF501	ZNF577	truthbar	1						
ZNF501	ZNF585A	genuine	0	0.1452	DN_NC_073244.2_48319142_5	DN_NC_086017.1_54629198_3	0.1403	0.2136	0.2136
ZNF501	ZNF585B	genuine	0	0.1723	DN_NC_073244.2_48352926_4	DN_NC_086017.1_54629198_3	0.1502	0.2136	0.2136
ZNF501	ZNF605	genuine	0						
ZNF501	ZNF606	genuine	0						
ZNF501	ZNF613	genuine	0						
ZNF501	ZNF614	genuine	0						
ZNF501	ZNF615	genuine	0						
ZNF501	ZNF624	genuine	0						
ZNF501	ZNF649	truthbar	1						
ZNF501	ZNF674	truthbar	1						
ZNF501	ZNF717	genuine	0						
ZNF501	ZNF782	genuine	0						
ZNF501	ZNF81	genuine	0						
ZNF501	ZNF84	genuine	0						
ZNF501	ZNF883	truthbar	1						
ZNF502	ZSCAN12	truthbar	1						
ZNF502	ZSCAN16	genuine	0	0.2462	DN_NC_073229.2_45747170_4	DN_NC_086017.1_54612772_3	0.0506	0.1708	0.1708
ZNF502	ZSCAN22	genuine	0						
ZNF502	ZSCAN9	genuine	0						
ZNF506	ZNF519	truthbar	1						
ZNF506	ZNF528	truthbar	1						
ZNF506	ZNF578	truthbar	1	0.1703	DN_NC_073244.2_26240035_4	DN_NC_073244.2_64426370_6	0.3919	0.4463	0.4463
ZNF506	ZNF595	truthbar	1	0.2693	DN_NC_073227.2_8633418_2	DN_NC_073244.2_26240035_4	0.5689	0.3919	0.5689
ZNF506	ZNF600	truthbar	1						
ZNF506	ZNF611	truthbar	1						
ZNF506	ZNF616	truthbar	1						
ZNF506	ZNF626	truthbar	1	0.1782	DN_NC_073244.2_26240039_2	DN_NC_073244.2_27131194_2	0.4246	0.4557	0.4557
ZNF506	ZNF655	truthbar	1						
ZNF506	ZNF675	truthbar	1	0.4255	DN_NC_073244.2_26240039_2	DN_NC_073244.2_29970261_4	0.4246	0.3774	0.4246
ZNF506	ZNF678	truthbar	1	0.2619	DN_NC_073224.2_40627195_4	DN_NC_073244.2_26240039_2	0.3220	0.4246	0.4246
ZNF506	ZNF680	truthbar	1	0.2151	DN_NC_073230.2_73977205_4	DN_NC_073244.2_26240035_4	0.3066	0.3919	0.3919
ZNF506	ZNF681	truthbar	1	0.3043	DN_NC_073244.2_26240039_2	DN_NC_073244.2_30067652_4	0.4246	0.4267	0.4267
ZNF506	ZNF682	truthbar	1	0.4123	DN_NC_073244.2_26240035_4	DN_NC_073244.2_26470366_4	0.3919	0.3255	0.3919
ZNF506	ZNF695	truthbar	1	0.3468	DN_NC_073224.2_8422960_4	DN_NC_073244.2_26240039_2	0.3045	0.4246	0.4246
ZNF506	ZNF701	truthbar	1						
ZNF506	ZNF721	genuine	0	0.2429	DN_NC_073227.2_9010062_2	DN_NC_073244.2_26240035_4	0.3953	0.3919	0.3953
ZNF506	ZNF723	truthbar	1	0.5842	DN_NC_073244.2_26240035_4	DN_NC_073244.2_29232445_4	0.3919	0.5099	0.5099
ZNF506	ZNF727	truthbar	1	0.1374	DN_NC_073230.2_73508332_4	DN_NC_073244.2_26240035_4	0.3146	0.3919	0.3919
ZNF506	ZNF736	truthbar	1	0.3950	DN_NC_073230.2_73776646_4	DN_NC_073244.2_26240035_4	0.3000	0.3919	0.3919
ZNF506	ZNF761	truthbar	1	0.1532	DN_NC_073244.2_26240039_2	DN_NC_073244.2_65362909_5	0.4246	0.3364	0.4246
ZNF506	ZNF766	truthbar	1						
ZNF506	ZNF8	truthbar	1						
ZNF506	ZNF808	truthbar	1						
ZNF506	ZNF813	truthbar	1						
ZNF506	ZNF83	truthbar	1	0.1757	DN_NC_073244.2_26240039_2	DN_NC_073244.2_64585864_4	0.4246	0.3038	0.4246
ZNF506	ZNF836	truthbar	1						
ZNF506	ZNF841	truthbar	1	0.2599	DN_NC_073244.2_26240039_2	DN_NC_073244.2_64034715_7	0.4246	0.3325	0.4246
ZNF506	ZNF888	truthbar	1						
ZNF506	ZNF91	genuine	0	0.2503	DN_NC_073244.2_26240039_2	DN_NC_073244.2_29680825_4	0.4246	0.4948	0.4948
ZNF506	ZNF92	truthbar	1	0.2998	DN_NC_073230.2_74637814_2	DN_NC_073244.2_26240035_4	0.3657	0.3919	0.3919
ZNF510	ZNF527	truthbar	1	0.1379	DN_NC_073237.2_93211680_6	DN_NC_073244.2_48620420_5	0.1173	0.2697	0.2697
ZNF510	ZNF565	truthbar	1						
ZNF510	ZNF567	truthbar	1						
ZNF510	ZNF568	truthbar	1						
ZNF510	ZNF569	truthbar	1						
ZNF510	ZNF577	truthbar	1						
ZNF510	ZNF585A	truthbar	1						
ZNF510	ZNF585B	truthbar	1						
ZNF510	ZNF605	truthbar	1						
ZNF510	ZNF606	truthbar	1						
ZNF510	ZNF613	truthbar	1						
ZNF510	ZNF614	truthbar	1						
ZNF510	ZNF615	truthbar	1						
ZNF510	ZNF624	truthbar	1						
ZNF510	ZNF649	truthbar	1						
ZNF510	ZNF674	truthbar	1	0.1588	DN_NC_073237.2_93211680_6	DN_NC_073247.2_56899135_7	0.1173	0.2309	0.2309
ZNF510	ZNF717	truthbar	1						
ZNF510	ZNF782	truthbar	1						
ZNF510	ZNF81	truthbar	1						
ZNF510	ZNF84	truthbar	1						
ZNF510	ZNF883	genuine	0						
ZNF514	ZNF554	truthbar	1						
ZNF514	ZNF621	truthbar	1						
ZNF514	ZNF879	truthbar	1	0.1558	DN_NC_073228.2_182994030_5	DN_NC_073236.2_32302189_6	0.2623	0.1102	0.2623
ZNF519	ZNF528	truthbar	1	0.2021	DN_NC_073241.2_36126198_2	DN_NC_073244.2_64368633_7	0.2075	0.2537	0.2537
ZNF519	ZNF578	truthbar	1						
ZNF519	ZNF595	truthbar	1	0.3688	DN_NC_073227.2_8633416_4	DN_NC_073241.2_36126198_2	0.5220	0.2075	0.5220
ZNF519	ZNF600	truthbar	1	0.1372	DN_NC_073241.2_36126183_3	DN_NC_073244.2_64724127_4	0.1960	0.3339	0.3339
ZNF519	ZNF611	truthbar	1						
ZNF519	ZNF616	truthbar	1	0.1613	DN_NC_073241.2_36126198_2	DN_NC_073244.2_64081943_4	0.2075	0.2620	0.2620
ZNF519	ZNF626	truthbar	1						
ZNF519	ZNF655	truthbar	1						
ZNF519	ZNF675	truthbar	1	0.3987	DN_NC_073241.2_36126183_3	DN_NC_073244.2_29970261_4	0.1960	0.3774	0.3774
ZNF519	ZNF678	truthbar	1	0.1559	DN_NC_073224.2_40627195_4	DN_NC_073241.2_36126183_3	0.3220	0.1960	0.3220
ZNF519	ZNF680	truthbar	1	0.2050	DN_NC_073230.2_73977205_4	DN_NC_073241.2_36126198_2	0.3066	0.2075	0.3066
ZNF519	ZNF681	truthbar	1	0.2728	DN_NC_073241.2_36126183_3	DN_NC_073244.2_30067652_4	0.1960	0.4267	0.4267
ZNF519	ZNF682	truthbar	1	0.2112	DN_NC_073241.2_36126198_2	DN_NC_073244.2_26470366_4	0.2075	0.3255	0.3255
ZNF519	ZNF695	truthbar	1	0.3053	DN_NC_073224.2_8422960_4	DN_NC_073241.2_36126198_2	0.3045	0.2075	0.3045
ZNF519	ZNF701	truthbar	1						
ZNF519	ZNF721	truthbar	1	0.1913	DN_NC_073227.2_9010062_2	DN_NC_073241.2_36126183_3	0.3953	0.1960	0.3953
ZNF519	ZNF723	truthbar	1	0.3428	DN_NC_073241.2_36126198_2	DN_NC_073244.2_29232445_4	0.2075	0.5099	0.5099
ZNF519	ZNF727	truthbar	1						
ZNF519	ZNF736	truthbar	1						
ZNF519	ZNF761	truthbar	1						
ZNF519	ZNF766	truthbar	1	0.1621	DN_NC_073241.2_36126198_2	DN_NC_073244.2_64231369_4	0.2075	0.2784	0.2784
ZNF519	ZNF8	truthbar	1						
ZNF519	ZNF808	truthbar	1						
ZNF519	ZNF813	truthbar	1	0.1520	DN_NC_073241.2_36126183_3	DN_NC_073244.2_65398487_4	0.1960	0.3208	0.3208
ZNF519	ZNF83	truthbar	1	0.3445	DN_NC_073241.2_36126183_3	DN_NC_073244.2_64585864_4	0.1960	0.3038	0.3038
ZNF519	ZNF836	truthbar	1	0.1875	DN_NC_073241.2_36126183_3	DN_NC_073244.2_64125568_5	0.1960	0.4107	0.4107
ZNF519	ZNF841	truthbar	1						
ZNF519	ZNF888	truthbar	1	0.1642	DN_NC_073241.2_36126198_2	DN_NC_073244.2_64860608_4	0.2075	0.4244	0.4244
ZNF519	ZNF91	genuine	0	0.1349	DN_NC_073241.2_36126198_2	DN_NC_073244.2_29680825_4	0.2075	0.4948	0.4948
ZNF519	ZNF92	truthbar	1	0.2554	DN_NC_073230.2_74637722_4	DN_NC_073241.2_36126198_2	0.3318	0.2075	0.3318
ZNF527	ZNF565	truthbar	1						
ZNF527	ZNF567	truthbar	1						
ZNF527	ZNF568	truthbar	1	0.1644	DN_NC_073244.2_48093173_7	DN_NC_073244.2_48620420_5	0.3190	0.2697	0.3190
ZNF527	ZNF569	truthbar	1	0.2226	DN_NC_073244.2_48620420_5	DN_NC_073244.2_48919547_6	0.2697	0.1952	0.2697
ZNF527	ZNF577	truthbar	1						
ZNF527	ZNF585A	truthbar	1						
ZNF527	ZNF585B	truthbar	1	0.1818	DN_NC_073244.2_48352926_4	DN_NC_073244.2_48620420_5	0.1502	0.2697	0.2697
ZNF527	ZNF605	truthbar	1						
ZNF527	ZNF606	truthbar	1						
ZNF527	ZNF613	truthbar	1						
ZNF527	ZNF614	truthbar	1						
ZNF527	ZNF615	truthbar	1						
ZNF527	ZNF624	truthbar	1	0.2252	DN_NC_073228.2_83513581_6	DN_NC_073244.2_48620420_5	0.2734	0.2697	0.2734
ZNF527	ZNF649	truthbar	1						
ZNF527	ZNF674	truthbar	1	0.1696	DN_NC_073244.2_48620420_5	DN_NC_073247.2_56899135_7	0.2697	0.2309	0.2697
ZNF527	ZNF717	truthbar	1	0.1618	DN_NC_073244.2_48620420_5	DN_NC_086017.1_85766278_5	0.2697	0.1562	0.2697
ZNF527	ZNF782	truthbar	1						
ZNF527	ZNF81	truthbar	1						
ZNF527	ZNF84	truthbar	1	0.1484	DN_NC_073234.2_148537990_5	DN_NC_073244.2_48620420_5	0.2027	0.2697	0.2697
ZNF527	ZNF883	truthbar	1	0.1397	DN_NC_073237.2_109230975_4	DN_NC_073244.2_48620420_5	0.2819	0.2697	0.2819
ZNF528	ZNF578	truthbar	1	0.2143	DN_NC_073244.2_64368633_7	DN_NC_073244.2_64426370_6	0.2537	0.4463	0.4463
ZNF528	ZNF595	truthbar	1						
ZNF528	ZNF600	truthbar	1	0.3132	DN_NC_073244.2_64368633_7	DN_NC_073244.2_64724127_4	0.2537	0.3339	0.3339
ZNF528	ZNF611	truthbar	1						
ZNF528	ZNF616	truthbar	1						
ZNF528	ZNF626	truthbar	1						
ZNF528	ZNF655	truthbar	1						
ZNF528	ZNF675	truthbar	1	0.2625	DN_NC_073244.2_29970261_4	DN_NC_073244.2_64368633_7	0.3774	0.2537	0.3774
ZNF528	ZNF678	truthbar	1	0.1460	DN_NC_073224.2_40627195_4	DN_NC_073244.2_64368633_7	0.3220	0.2537	0.3220
ZNF528	ZNF680	truthbar	1						
ZNF528	ZNF681	truthbar	1						
ZNF528	ZNF682	truthbar	1						
ZNF528	ZNF695	truthbar	1						
ZNF528	ZNF701	truthbar	1						
ZNF528	ZNF721	truthbar	1	0.1430	DN_NC_073227.2_9009655_3	DN_NC_073244.2_64368633_7	0.3750	0.2537	0.3750
ZNF528	ZNF723	truthbar	1	0.4197	DN_NC_073244.2_29232445_4	DN_NC_073244.2_64368633_7	0.5099	0.2537	0.5099
ZNF528	ZNF727	truthbar	1						
ZNF528	ZNF736	truthbar	1						
ZNF528	ZNF761	truthbar	1						
ZNF528	ZNF766	truthbar	1	0.1969	DN_NC_073244.2_64231369_4	DN_NC_073244.2_64368633_7	0.2784	0.2537	0.2784
ZNF528	ZNF8	truthbar	1						
ZNF528	ZNF808	truthbar	1	0.1828	DN_NC_073244.2_64368633_7	DN_NC_073244.2_64500861_5	0.2537	0.4373	0.4373
ZNF528	ZNF813	truthbar	1	0.1750	DN_NC_073244.2_64368633_7	DN_NC_073244.2_65398487_4	0.2537	0.3208	0.3208
ZNF528	ZNF83	truthbar	1	0.2588	DN_NC_073244.2_64368633_7	DN_NC_073244.2_64585864_4	0.2537	0.3038	0.3038
ZNF528	ZNF836	truthbar	1	0.3142	DN_NC_073244.2_64125568_5	DN_NC_073244.2_64368633_7	0.4107	0.2537	0.4107
ZNF528	ZNF841	truthbar	1	0.1688	DN_NC_073244.2_64034715_7	DN_NC_073244.2_64368633_7	0.3325	0.2537	0.3325
ZNF528	ZNF888	truthbar	1						
ZNF528	ZNF91	truthbar	1	0.2576	DN_NC_073244.2_29680825_2	DN_NC_073244.2_64368633_7	0.5202	0.2537	0.5202
ZNF528	ZNF92	truthbar	1						
ZNF529	ZNF540	truthbar	1						
ZNF529	ZNF546	truthbar	1						
ZNF529	ZNF560	truthbar	1						
ZNF529	ZNF565	truthbar	1	0.2075	DN_NC_073244.2_47250467_5	DN_NC_073244.2_47739503_5	0.2541	0.3430	0.3430
ZNF529	ZNF566	genuine	0						
ZNF529	ZNF571	truthbar	1	0.2933	DN_NC_073244.2_47739503_5	DN_NC_073244.2_49072464_4	0.3430	0.1879	0.3430
ZNF529	ZNF573	truthbar	1	0.2117	DN_NC_073244.2_47739503_5	DN_NC_073244.2_49246931_6	0.3430	0.3121	0.3430
ZNF529	ZNF582	truthbar	1	0.1494	DN_NC_073244.2_47739503_5	DN_NC_073244.2_68491976_5	0.3430	0.1818	0.3430
ZNF529	ZNF583	truthbar	1						
ZNF529	ZNF596	truthbar	1						
ZNF529	ZNF607	truthbar	1						
ZNF529	ZNF665	truthbar	1						
ZNF529	ZNF684	truthbar	1						
ZNF529	ZNF780A	truthbar	1	0.2353	DN_NC_073244.2_47739503_5	DN_NC_073244.2_51825388_5	0.3430	0.1618	0.3430
ZNF529	ZNF780B	truthbar	1	0.1835	DN_NC_073244.2_47739503_5	DN_NC_073244.2_51783968_5	0.3430	0.2381	0.3430
ZNF529	ZNF790	truthbar	1	0.1331	DN_NC_073244.2_47739503_5	DN_NC_073244.2_47997304_5	0.3430	0.2772	0.3430
ZNF529	ZNF829	truthbar	1						
ZNF529	ZNF891	truthbar	1						
ZNF540	ZNF546	truthbar	1	0.2791	DN_NC_073244.2_49101177_5	DN_NC_073244.2_51749194_6	0.1716	0.3443	0.3443
ZNF540	ZNF560	truthbar	1						
ZNF540	ZNF565	truthbar	1	0.1660	DN_NC_073244.2_47250467_5	DN_NC_073244.2_49101177_5	0.2541	0.1716	0.2541
ZNF540	ZNF566	truthbar	1						
ZNF540	ZNF571	truthbar	1	0.1304	DN_NC_073244.2_49072464_4	DN_NC_073244.2_49101177_5	0.1879	0.1716	0.1879
ZNF540	ZNF573	truthbar	1	0.2791	DN_NC_073244.2_49101177_5	DN_NC_073244.2_49246931_6	0.1716	0.3121	0.3121
ZNF540	ZNF582	truthbar	1	0.2100	DN_NC_073244.2_49101177_5	DN_NC_073244.2_68491976_5	0.1716	0.1818	0.1818
ZNF540	ZNF583	truthbar	1						
ZNF540	ZNF596	truthbar	1						
ZNF540	ZNF607	truthbar	1						
ZNF540	ZNF665	truthbar	1	0.1801	DN_NC_073244.2_49101177_5	DN_NC_073244.2_65102393_4	0.1716	0.3815	0.3815
ZNF540	ZNF684	truthbar	1						
ZNF540	ZNF780A	truthbar	1	0.3098	DN_NC_073244.2_49101177_5	DN_NC_073244.2_51825388_5	0.1716	0.1618	0.1716
ZNF540	ZNF780B	truthbar	1						
ZNF540	ZNF790	truthbar	1						
ZNF540	ZNF829	truthbar	1						
ZNF540	ZNF891	truthbar	1						
ZNF543	ZNF550	truthbar	1	0.2177	DN_NC_073244.2_69422908_4	DN_NC_073244.2_69643403_5	0.1121	0.1071	0.1121
ZNF543	ZNF594	truthbar	1						
ZNF543	ZNF667	truthbar	1						
ZNF543	ZNF805	truthbar	1	0.4620	DN_NC_073244.2_69343714_4	DN_NC_073244.2_69422908_4	0.2557	0.1121	0.2557
ZNF543	ZSCAN20	genuine	0						
ZNF544	ZNF623	genuine	0						
ZNF544	ZNF70	truthbar	1						
ZNF544	ZNF79	genuine	0						
ZNF544	ZNF892	genuine	0						
ZNF546	ZNF560	truthbar	1						
ZNF546	ZNF565	truthbar	1	0.2688	DN_NC_073244.2_47250467_5	DN_NC_073244.2_51749194_6	0.2541	0.3443	0.3443
ZNF546	ZNF566	genuine	0	0.1953	DN_NC_073244.2_47642985_5	DN_NC_073244.2_51749194_6	0.3037	0.3443	0.3443
ZNF546	ZNF571	truthbar	1	0.3592	DN_NC_073244.2_49072464_4	DN_NC_073244.2_51749194_6	0.1879	0.3443	0.3443
ZNF546	ZNF573	truthbar	1	0.2619	DN_NC_073244.2_49246931_6	DN_NC_073244.2_51749194_6	0.3121	0.3443	0.3443
ZNF546	ZNF582	truthbar	1	0.2769	DN_NC_073244.2_51749194_6	DN_NC_073244.2_68491976_5	0.3443	0.1818	0.3443
ZNF546	ZNF583	truthbar	1	0.1898	DN_NC_073244.2_51749194_6	DN_NC_073244.2_68513423_5	0.3443	0.2489	0.3443
ZNF546	ZNF596	truthbar	1						
ZNF546	ZNF607	truthbar	1	0.2579	DN_NC_073244.2_49205215_5	DN_NC_073244.2_51749194_6	0.1922	0.3443	0.3443
ZNF546	ZNF665	truthbar	1	0.2170	DN_NC_073244.2_51749194_6	DN_NC_073244.2_65102393_4	0.3443	0.3815	0.3815
ZNF546	ZNF684	truthbar	1						
ZNF546	ZNF780A	truthbar	1	0.3714	DN_NC_073244.2_51749194_6	DN_NC_073244.2_51825388_5	0.3443	0.1618	0.3443
ZNF546	ZNF780B	truthbar	1	0.3706	DN_NC_073244.2_51749194_6	DN_NC_073244.2_51783968_5	0.3443	0.2381	0.3443
ZNF546	ZNF790	truthbar	1	0.3461	DN_NC_073244.2_47997304_5	DN_NC_073244.2_51749194_6	0.2772	0.3443	0.3443
ZNF546	ZNF829	truthbar	1	0.2619	DN_NC_073244.2_48066692_6	DN_NC_073244.2_51749194_6	0.4705	0.3443	0.4705
ZNF546	ZNF891	truthbar	1						
ZNF547	ZNF548	truthbar	1	0.1412	DN_NC_073244.2_69466443_4	DN_NC_073244.2_69492904_4	0.1876	0.3216	0.3216
ZNF547	ZNF549	truthbar	1						
ZNF547	ZNF551	truthbar	1						
ZNF547	ZNF552	truthbar	1						
ZNF547	ZNF584	truthbar	1						
ZNF547	ZNF586	truthbar	1	0.1827	DN_NC_073244.2_69466443_4	DN_NC_073244.2_69873255_2	0.1876	0.1093	0.1876
ZNF547	ZNF671	truthbar	1						
ZNF547	ZNF776	truthbar	1	0.1383	DN_NC_073244.2_69466443_4	DN_NC_073244.2_69848672_3	0.1876	0.1771	0.1876
ZNF547	ZNF792	truthbar	1						
ZNF548	ZNF549	truthbar	1						
ZNF548	ZNF551	truthbar	1	0.1749	DN_NC_073244.2_69492904_4	DN_NC_073244.2_69783488_3	0.3216	0.2220	0.3216
ZNF548	ZNF552	truthbar	1	0.2147	DN_NC_073244.2_69492904_4	DN_NC_073244.2_69910623_3	0.3216	0.2808	0.3216
ZNF548	ZNF584	truthbar	1						
ZNF548	ZNF586	truthbar	1	0.1661	DN_NC_073244.2_69492904_4	DN_NC_073244.2_69873255_2	0.3216	0.1093	0.3216
ZNF548	ZNF671	truthbar	1	0.1845	DN_NC_073244.2_69492904_4	DN_NC_073244.2_69821764_4	0.3216	0.0491	0.3216
ZNF548	ZNF776	truthbar	1	0.1962	DN_NC_073244.2_69492904_4	DN_NC_073244.2_69848672_3	0.3216	0.1771	0.3216
ZNF548	ZNF792	truthbar	1	0.1612	DN_NC_073244.2_46013405_4	DN_NC_073244.2_69492904_4	0.1794	0.3216	0.3216
ZNF549	ZNF551	truthbar	1						
ZNF549	ZNF552	truthbar	1						
ZNF549	ZNF584	truthbar	1						
ZNF549	ZNF586	truthbar	1						
ZNF549	ZNF671	truthbar	1						
ZNF549	ZNF776	truthbar	1						
ZNF549	ZNF792	truthbar	1						
ZNF550	ZNF594	genuine	0						
ZNF550	ZNF667	genuine	0						
ZNF550	ZNF805	truthbar	1						
ZNF550	ZSCAN20	genuine	0						
ZNF551	ZNF552	truthbar	1						
ZNF551	ZNF584	truthbar	1						
ZNF551	ZNF586	genuine	0	0.1397	DN_NC_073244.2_69783488_3	DN_NC_073244.2_69873255_2	0.2220	0.1093	0.2220
ZNF551	ZNF671	truthbar	1	0.2013	DN_NC_073244.2_69783488_3	DN_NC_073244.2_69821764_4	0.2220	0.0491	0.2220
ZNF551	ZNF776	truthbar	1						
ZNF551	ZNF792	truthbar	1	0.1967	DN_NC_073244.2_46013405_4	DN_NC_073244.2_69783488_3	0.1794	0.2220	0.2220
ZNF552	ZNF584	truthbar	1						
ZNF552	ZNF586	truthbar	1						
ZNF552	ZNF671	truthbar	1						
ZNF552	ZNF776	truthbar	1	0.1656	DN_NC_073244.2_69848672_3	DN_NC_073244.2_69910623_3	0.1771	0.2808	0.2808
ZNF552	ZNF792	truthbar	1						
ZNF554	ZNF621	truthbar	1						
ZNF554	ZNF879	truthbar	1	0.1999	DN_NC_073228.2_182994030_5	DN_NC_073244.2_8594978_5	0.2623	0.3473	0.3473
ZNF557	ZNF558	truthbar	1	0.1486	DN_NC_073244.2_12909180_8	DN_NC_073244.2_14850343_10	0.2836	0.1843	0.2836
ZNF557	ZNF619	truthbar	1						
ZNF557	ZNF620	truthbar	1						
ZNF558	ZNF619	truthbar	1						
ZNF558	ZNF620	truthbar	1	0.1591	DN_NC_073244.2_14850343_10	DN_NC_086017.1_50412575_3	0.1843	0.3196	0.3196
ZNF560	ZNF565	truthbar	1						
ZNF560	ZNF566	genuine	0						
ZNF560	ZNF571	truthbar	1	0.2887	DN_NC_073244.2_15508499_10	DN_NC_073244.2_49072464_4	0.1478	0.1879	0.1879
ZNF560	ZNF573	truthbar	1	0.1747	DN_NC_073244.2_15508499_10	DN_NC_073244.2_49246931_6	0.1478	0.3121	0.3121
ZNF560	ZNF582	truthbar	1						
ZNF560	ZNF583	truthbar	1						
ZNF560	ZNF596	truthbar	1	0.1618	DN_NC_073231.2_4596743_6	DN_NC_073244.2_15508499_10	0.2851	0.1478	0.2851
ZNF560	ZNF607	truthbar	1						
ZNF560	ZNF665	truthbar	1						
ZNF560	ZNF684	truthbar	1						
ZNF560	ZNF780A	truthbar	1						
ZNF560	ZNF780B	truthbar	1						
ZNF560	ZNF790	truthbar	1	0.2001	DN_NC_073244.2_15508499_10	DN_NC_073244.2_47997304_5	0.1478	0.2772	0.2772
ZNF560	ZNF829	truthbar	1						
ZNF560	ZNF891	truthbar	1	0.2378	DN_NC_073234.2_148620174_2	DN_NC_073244.2_15508499_10	0.1279	0.1478	0.1478
ZNF563	ZNF564	truthbar	1	0.2717	DN_NC_073244.2_18356684_4	DN_NC_073244.2_18564507_4	0.3045	0.3214	0.3214
ZNF563	ZNF57	truthbar	1	0.1703	DN_NC_073244.2_18356684_4	DN_NC_073244.2_8680135_4	0.3045	0.2270	0.3045
ZNF563	ZNF627	truthbar	1	0.3892	DN_NC_073244.2_17635782_4	DN_NC_073244.2_18356684_4	0.2854	0.3045	0.3045
ZNF563	ZNF669	truthbar	1	0.2479	DN_NC_073224.2_8329397_4	DN_NC_073244.2_18356684_4	0.3619	0.3045	0.3619
ZNF563	ZNF670	truthbar	1						
ZNF563	ZNF77	truthbar	1	0.1885	DN_NC_073244.2_18356684_4	DN_NC_073244.2_8711681_4	0.3045	0.1126	0.3045
ZNF563	ZNF791	truthbar	1	0.2056	DN_NC_073244.2_18356684_4	DN_NC_073244.2_18649721_4	0.3045	0.4193	0.4193
ZNF563	ZNF799	truthbar	1	0.4885	DN_NC_073244.2_18356684_4	DN_NC_073244.2_18426035_4	0.3045	0.2437	0.3045
ZNF563	ZNF823	truthbar	1	0.4348	DN_NC_073244.2_17751584_2	DN_NC_073244.2_18356684_4	0.2238	0.3045	0.3045
ZNF564	ZNF57	truthbar	1	0.3124	DN_NC_073244.2_18564507_4	DN_NC_073244.2_8680135_4	0.3214	0.2270	0.3214
ZNF564	ZNF627	truthbar	1	0.1840	DN_NC_073244.2_17635782_4	DN_NC_073244.2_18564507_4	0.2854	0.3214	0.3214
ZNF564	ZNF669	truthbar	1	0.2462	DN_NC_073224.2_8329397_4	DN_NC_073244.2_18564507_4	0.3619	0.3214	0.3619
ZNF564	ZNF670	truthbar	1	0.1362	DN_NC_073224.2_8356715_4	DN_NC_073244.2_18564507_4	0.1978	0.3214	0.3214
ZNF564	ZNF77	truthbar	1	0.3661	DN_NC_073244.2_18564507_4	DN_NC_073244.2_8711681_4	0.3214	0.1126	0.3214
ZNF564	ZNF791	truthbar	1	0.2203	DN_NC_073244.2_18564507_4	DN_NC_073244.2_18649721_4	0.3214	0.4193	0.4193
ZNF564	ZNF799	truthbar	1	0.2068	DN_NC_073244.2_18426035_4	DN_NC_073244.2_18564507_4	0.2437	0.3214	0.3214
ZNF564	ZNF823	truthbar	1	0.1803	DN_NC_073244.2_17751584_2	DN_NC_073244.2_18564507_4	0.2238	0.3214	0.3214
ZNF565	ZNF566	truthbar	1						
ZNF565	ZNF567	truthbar	1						
ZNF565	ZNF568	truthbar	1	0.1997	DN_NC_073244.2_47288294_4	DN_NC_073244.2_48093173_7	0.2381	0.3190	0.3190
ZNF565	ZNF569	truthbar	1	0.1923	DN_NC_073244.2_47288294_4	DN_NC_073244.2_48919547_6	0.2381	0.1952	0.2381
ZNF565	ZNF571	truthbar	1	0.3630	DN_NC_073244.2_47250467_5	DN_NC_073244.2_49072464_4	0.2541	0.1879	0.2541
ZNF565	ZNF573	truthbar	1	0.2368	DN_NC_073244.2_47250467_5	DN_NC_073244.2_49246931_6	0.2541	0.3121	0.3121
ZNF565	ZNF577	truthbar	1						
ZNF565	ZNF582	truthbar	1	0.2225	DN_NC_073244.2_47250467_5	DN_NC_073244.2_68491976_5	0.2541	0.1818	0.2541
ZNF565	ZNF583	truthbar	1	0.3588	DN_NC_073244.2_47250467_5	DN_NC_073244.2_68513423_5	0.2541	0.2489	0.2541
ZNF565	ZNF585A	truthbar	1						
ZNF565	ZNF585B	truthbar	1						
ZNF565	ZNF596	truthbar	1						
ZNF565	ZNF605	truthbar	1	0.1545	DN_NC_073234.2_148420424_5	DN_NC_073244.2_47288294_4	0.0953	0.2381	0.2381
ZNF565	ZNF606	truthbar	1						
ZNF565	ZNF607	truthbar	1	0.2556	DN_NC_073244.2_47250467_5	DN_NC_073244.2_49205215_5	0.2541	0.1922	0.2541
ZNF565	ZNF613	truthbar	1						
ZNF565	ZNF614	truthbar	1						
ZNF565	ZNF615	truthbar	1						
ZNF565	ZNF624	truthbar	1						
ZNF565	ZNF649	truthbar	1						
ZNF565	ZNF665	truthbar	1						
ZNF565	ZNF674	truthbar	1						
ZNF565	ZNF684	truthbar	1						
ZNF565	ZNF717	truthbar	1						
ZNF565	ZNF780A	truthbar	1	0.2873	DN_NC_073244.2_47250467_5	DN_NC_073244.2_51825388_5	0.2541	0.1618	0.2541
ZNF565	ZNF780B	truthbar	1	0.2575	DN_NC_073244.2_47250467_5	DN_NC_073244.2_51783968_5	0.2541	0.2381	0.2541
ZNF565	ZNF782	genuine	0						
ZNF565	ZNF790	truthbar	1	0.2884	DN_NC_073244.2_47250467_5	DN_NC_073244.2_47997304_5	0.2541	0.2772	0.2772
ZNF565	ZNF81	truthbar	1						
ZNF565	ZNF829	truthbar	1	0.2632	DN_NC_073244.2_47250467_5	DN_NC_073244.2_48066692_6	0.2541	0.4705	0.4705
ZNF565	ZNF84	truthbar	1						
ZNF565	ZNF883	truthbar	1						
ZNF565	ZNF891	truthbar	1						
ZNF566	ZNF571	truthbar	1	0.3232	DN_NC_073244.2_47642985_5	DN_NC_073244.2_49072464_4	0.3037	0.1879	0.3037
ZNF566	ZNF573	genuine	0	0.2850	DN_NC_073244.2_47642985_5	DN_NC_073244.2_49246931_6	0.3037	0.3121	0.3121
ZNF566	ZNF582	truthbar	1	0.3711	DN_NC_073244.2_47642985_5	DN_NC_073244.2_68491976_5	0.3037	0.1818	0.3037
ZNF566	ZNF583	truthbar	1						
ZNF566	ZNF596	genuine	0						
ZNF566	ZNF607	genuine	0						
ZNF566	ZNF665	genuine	0	0.2543	DN_NC_073244.2_47642985_5	DN_NC_073244.2_65102393_4	0.3037	0.3815	0.3815
ZNF566	ZNF684	genuine	0						
ZNF566	ZNF780A	genuine	0	0.1797	DN_NC_073244.2_47642985_5	DN_NC_073244.2_51825388_5	0.3037	0.1618	0.3037
ZNF566	ZNF780B	genuine	0						
ZNF566	ZNF790	truthbar	1	0.3379	DN_NC_073244.2_47642985_5	DN_NC_073244.2_47997304_5	0.3037	0.2772	0.3037
ZNF566	ZNF829	truthbar	1						
ZNF566	ZNF891	genuine	0						
ZNF567	ZNF568	truthbar	1						
ZNF567	ZNF569	truthbar	1	0.3508	DN_NC_073244.2_47878793_6	DN_NC_073244.2_48919547_6	0.1800	0.1952	0.1952
ZNF567	ZNF577	truthbar	1						
ZNF567	ZNF585A	truthbar	1	0.2275	DN_NC_073244.2_47878793_6	DN_NC_073244.2_48319142_5	0.1800	0.1403	0.1800
ZNF567	ZNF585B	truthbar	1	0.3970	DN_NC_073244.2_47878793_6	DN_NC_073244.2_48352926_4	0.1800	0.1502	0.1800
ZNF567	ZNF605	truthbar	1	0.1415	DN_NC_073234.2_148420424_5	DN_NC_073244.2_47878793_6	0.0953	0.1800	0.1800
ZNF567	ZNF606	truthbar	1						
ZNF567	ZNF613	truthbar	1	0.1444	DN_NC_073244.2_47878793_6	DN_NC_073244.2_63895938_6	0.1800	0.1312	0.1800
ZNF567	ZNF614	truthbar	1	0.1441	DN_NC_073244.2_47878793_6	DN_NC_073244.2_63983979_5	0.1800	0.1252	0.1800
ZNF567	ZNF615	truthbar	1						
ZNF567	ZNF624	truthbar	1						
ZNF567	ZNF649	truthbar	1						
ZNF567	ZNF674	truthbar	1						
ZNF567	ZNF717	truthbar	1	0.3707	DN_NC_073244.2_47878793_6	DN_NC_086017.1_85766278_5	0.1800	0.1562	0.1800
ZNF567	ZNF782	truthbar	1	0.3655	DN_NC_073237.2_93275727_4	DN_NC_073244.2_47878793_6	0.1049	0.1800	0.1800
ZNF567	ZNF81	truthbar	1	0.1489	DN_NC_073244.2_47878793_6	DN_NC_073247.2_58228088_5	0.1800	0.1450	0.1800
ZNF567	ZNF84	truthbar	1	0.3338	DN_NC_073234.2_148537990_5	DN_NC_073244.2_47878793_6	0.2027	0.1800	0.2027
ZNF567	ZNF883	truthbar	1						
ZNF568	ZNF569	truthbar	1	0.2749	DN_NC_073244.2_48093173_7	DN_NC_073244.2_48919547_6	0.3190	0.1952	0.3190
ZNF568	ZNF577	truthbar	1						
ZNF568	ZNF585A	truthbar	1	0.2355	DN_NC_073244.2_48093173_7	DN_NC_073244.2_48319142_5	0.3190	0.1403	0.3190
ZNF568	ZNF585B	truthbar	1	0.2601	DN_NC_073244.2_48093173_7	DN_NC_073244.2_48352926_4	0.3190	0.1502	0.3190
ZNF568	ZNF605	truthbar	1	0.1461	DN_NC_073234.2_148420424_5	DN_NC_073244.2_48093173_7	0.0953	0.3190	0.3190
ZNF568	ZNF606	truthbar	1						
ZNF568	ZNF613	truthbar	1						
ZNF568	ZNF614	truthbar	1						
ZNF568	ZNF615	truthbar	1						
ZNF568	ZNF624	truthbar	1	0.2259	DN_NC_073228.2_83513581_6	DN_NC_073244.2_48093173_7	0.2734	0.3190	0.3190
ZNF568	ZNF649	truthbar	1						
ZNF568	ZNF674	truthbar	1	0.2126	DN_NC_073244.2_48093173_7	DN_NC_073247.2_56899135_7	0.3190	0.2309	0.3190
ZNF568	ZNF717	truthbar	1	0.1603	DN_NC_073244.2_48093173_7	DN_NC_086017.1_85766278_5	0.3190	0.1562	0.3190
ZNF568	ZNF782	truthbar	1	0.3089	DN_NC_073237.2_93275727_4	DN_NC_073244.2_48093173_7	0.1049	0.3190	0.3190
ZNF568	ZNF81	truthbar	1						
ZNF568	ZNF84	truthbar	1	0.2613	DN_NC_073234.2_148537990_5	DN_NC_073244.2_48093173_7	0.2027	0.3190	0.3190
ZNF568	ZNF883	truthbar	1	0.2596	DN_NC_073237.2_109230975_4	DN_NC_073244.2_48093173_7	0.2819	0.3190	0.3190
ZNF569	ZNF577	truthbar	1						
ZNF569	ZNF585A	truthbar	1	0.1369	DN_NC_073244.2_48319142_5	DN_NC_073244.2_48919547_6	0.1403	0.1952	0.1952
ZNF569	ZNF585B	truthbar	1	0.2737	DN_NC_073244.2_48352926_4	DN_NC_073244.2_48919547_6	0.1502	0.1952	0.1952
ZNF569	ZNF605	truthbar	1	0.2784	DN_NC_073234.2_148420424_5	DN_NC_073244.2_48919547_6	0.0953	0.1952	0.1952
ZNF569	ZNF606	truthbar	1						
ZNF569	ZNF613	truthbar	1						
ZNF569	ZNF614	truthbar	1						
ZNF569	ZNF615	truthbar	1						
ZNF569	ZNF624	truthbar	1	0.2273	DN_NC_073228.2_83513581_6	DN_NC_073244.2_48919547_6	0.2734	0.1952	0.2734
ZNF569	ZNF649	truthbar	1						
ZNF569	ZNF674	truthbar	1	0.2178	DN_NC_073244.2_48919547_6	DN_NC_073247.2_56899135_7	0.1952	0.2309	0.2309
ZNF569	ZNF717	truthbar	1	0.2336	DN_NC_073244.2_48919547_6	DN_NC_086017.1_85766278_5	0.1952	0.1562	0.1952
ZNF569	ZNF782	truthbar	1						
ZNF569	ZNF81	truthbar	1						
ZNF569	ZNF84	truthbar	1	0.1808	DN_NC_073234.2_148537990_5	DN_NC_073244.2_48919547_6	0.2027	0.1952	0.2027
ZNF569	ZNF883	truthbar	1	0.2632	DN_NC_073237.2_109230975_4	DN_NC_073244.2_48919547_6	0.2819	0.1952	0.2819
ZNF57	ZNF627	truthbar	1	0.1675	DN_NC_073244.2_17635782_4	DN_NC_073244.2_8680135_4	0.2854	0.2270	0.2854
ZNF57	ZNF669	truthbar	1						
ZNF57	ZNF670	truthbar	1						
ZNF57	ZNF77	truthbar	1	0.2740	DN_NC_073244.2_8680135_4	DN_NC_073244.2_8711681_4	0.2270	0.1126	0.2270
ZNF57	ZNF791	truthbar	1	0.1834	DN_NC_073244.2_18649721_4	DN_NC_073244.2_8680135_4	0.4193	0.2270	0.4193
ZNF57	ZNF799	truthbar	1						
ZNF57	ZNF823	truthbar	1						
ZNF571	ZNF573	truthbar	1	0.1368	DN_NC_073244.2_49072464_4	DN_NC_073244.2_49246931_6	0.1879	0.3121	0.3121
ZNF571	ZNF582	truthbar	1	0.3653	DN_NC_073244.2_49072464_4	DN_NC_073244.2_68491976_5	0.1879	0.1818	0.1879
ZNF571	ZNF583	truthbar	1	0.2236	DN_NC_073244.2_49072464_4	DN_NC_073244.2_68513423_5	0.1879	0.2489	0.2489
ZNF571	ZNF596	truthbar	1						
ZNF571	ZNF607	truthbar	1	0.2179	DN_NC_073244.2_49072464_4	DN_NC_073244.2_49205215_5	0.1879	0.1922	0.1922
ZNF571	ZNF665	truthbar	1	0.2666	DN_NC_073244.2_49072464_4	DN_NC_073244.2_65102393_4	0.1879	0.3815	0.3815
ZNF571	ZNF684	truthbar	1	0.1656	DN_NC_073224.2_199406700_5	DN_NC_073244.2_49072464_4	0.1901	0.1879	0.1901
ZNF571	ZNF780A	truthbar	1						
ZNF571	ZNF780B	truthbar	1	0.1538	DN_NC_073244.2_49072464_4	DN_NC_073244.2_51783968_5	0.1879	0.2381	0.2381
ZNF571	ZNF790	truthbar	1	0.2891	DN_NC_073244.2_47997304_5	DN_NC_073244.2_49072464_4	0.2772	0.1879	0.2772
ZNF571	ZNF829	truthbar	1	0.3395	DN_NC_073244.2_48066692_6	DN_NC_073244.2_49072464_4	0.4705	0.1879	0.4705
ZNF571	ZNF891	truthbar	1						
ZNF572	ZNF629	genuine	0						
ZNF572	ZNF672	truthbar	1						
ZNF572	ZNF696	truthbar	1						
ZNF572	ZNF697	truthbar	1						
ZNF572	ZNF71	truthbar	1						
ZNF572	ZNF74	truthbar	1						
ZNF572	ZNF768	genuine	0						
ZNF572	ZNF771	truthbar	1						
ZNF572	ZNF774	truthbar	1	0.1587	DN_NC_073231.2_130802378_3	DN_NC_073240.2_91564233_4	0.2361	0.1491	0.2361
ZNF572	ZNF835	truthbar	1						
ZNF573	ZNF582	truthbar	1	0.1842	DN_NC_073244.2_49246931_6	DN_NC_073244.2_68491976_5	0.3121	0.1818	0.3121
ZNF573	ZNF583	truthbar	1	0.3747	DN_NC_073244.2_49246931_6	DN_NC_073244.2_68513423_5	0.3121	0.2489	0.3121
ZNF573	ZNF596	truthbar	1						
ZNF573	ZNF607	truthbar	1	0.1396	DN_NC_073244.2_49205215_5	DN_NC_073244.2_49246931_6	0.1922	0.3121	0.3121
ZNF573	ZNF665	truthbar	1	0.2822	DN_NC_073244.2_49246931_6	DN_NC_073244.2_65102393_4	0.3121	0.3815	0.3815
ZNF573	ZNF684	truthbar	1	0.1332	DN_NC_073224.2_199406700_5	DN_NC_073244.2_49246931_6	0.1901	0.3121	0.3121
ZNF573	ZNF780A	truthbar	1	0.1663	DN_NC_073244.2_49246931_6	DN_NC_073244.2_51825388_5	0.3121	0.1618	0.3121
ZNF573	ZNF780B	truthbar	1						
ZNF573	ZNF790	truthbar	1	0.3359	DN_NC_073244.2_47997304_5	DN_NC_073244.2_49246931_6	0.2772	0.3121	0.3121
ZNF573	ZNF829	truthbar	1	0.2018	DN_NC_073244.2_48066692_6	DN_NC_073244.2_49246931_6	0.4705	0.3121	0.4705
ZNF573	ZNF891	truthbar	1						
ZNF577	ZNF585A	truthbar	1						
ZNF577	ZNF585B	truthbar	1						
ZNF577	ZNF605	truthbar	1						
ZNF577	ZNF606	genuine	0						
ZNF577	ZNF613	truthbar	1						
ZNF577	ZNF614	truthbar	1						
ZNF577	ZNF615	truthbar	1						
ZNF577	ZNF624	genuine	0						
ZNF577	ZNF649	truthbar	1						
ZNF577	ZNF674	truthbar	1						
ZNF577	ZNF717	truthbar	1						
ZNF577	ZNF782	genuine	0						
ZNF577	ZNF81	truthbar	1						
ZNF577	ZNF84	truthbar	1						
ZNF577	ZNF883	truthbar	1						
ZNF578	ZNF595	truthbar	1						
ZNF578	ZNF600	truthbar	1	0.2183	DN_NC_073244.2_64426370_6	DN_NC_073244.2_64724127_4	0.4463	0.3339	0.4463
ZNF578	ZNF611	truthbar	1	0.2175	DN_NC_073244.2_64426370_6	DN_NC_073244.2_64672255_4	0.4463	0.3521	0.4463
ZNF578	ZNF616	truthbar	1						
ZNF578	ZNF626	truthbar	1						
ZNF578	ZNF655	truthbar	1						
ZNF578	ZNF675	truthbar	1						
ZNF578	ZNF678	truthbar	1						
ZNF578	ZNF680	truthbar	1						
ZNF578	ZNF681	truthbar	1						
ZNF578	ZNF682	truthbar	1	0.1885	DN_NC_073244.2_26470366_4	DN_NC_073244.2_64426370_6	0.3255	0.4463	0.4463
ZNF578	ZNF695	truthbar	1						
ZNF578	ZNF701	truthbar	1	0.2187	DN_NC_073244.2_64426370_6	DN_NC_073244.2_64543447_4	0.4463	0.2106	0.4463
ZNF578	ZNF721	truthbar	1						
ZNF578	ZNF723	truthbar	1						
ZNF578	ZNF727	truthbar	1						
ZNF578	ZNF736	truthbar	1						
ZNF578	ZNF761	truthbar	1	0.1632	DN_NC_073244.2_64426370_6	DN_NC_073244.2_65362909_5	0.4463	0.3364	0.4463
ZNF578	ZNF766	truthbar	1						
ZNF578	ZNF8	truthbar	1						
ZNF578	ZNF808	truthbar	1	0.3782	DN_NC_073244.2_64426370_6	DN_NC_073244.2_64500861_5	0.4463	0.4373	0.4463
ZNF578	ZNF813	truthbar	1	0.3362	DN_NC_073244.2_64426370_6	DN_NC_073244.2_65398487_4	0.4463	0.3208	0.4463
ZNF578	ZNF83	truthbar	1	0.3601	DN_NC_073244.2_64426370_6	DN_NC_073244.2_64585864_4	0.4463	0.3038	0.4463
ZNF578	ZNF836	truthbar	1						
ZNF578	ZNF841	truthbar	1						
ZNF578	ZNF888	truthbar	1	0.1876	DN_NC_073244.2_64426370_6	DN_NC_073244.2_64860608_4	0.4463	0.4244	0.4463
ZNF578	ZNF91	truthbar	1						
ZNF578	ZNF92	truthbar	1						
ZNF582	ZNF583	truthbar	1	0.2605	DN_NC_073244.2_68491976_5	DN_NC_073244.2_68513423_5	0.1818	0.2489	0.2489
ZNF582	ZNF596	truthbar	1						
ZNF582	ZNF607	truthbar	1						
ZNF582	ZNF665	truthbar	1						
ZNF582	ZNF684	truthbar	1						
ZNF582	ZNF780A	truthbar	1	0.2653	DN_NC_073244.2_51825388_5	DN_NC_073244.2_68491976_5	0.1618	0.1818	0.1818
ZNF582	ZNF780B	truthbar	1	0.1548	DN_NC_073244.2_51783968_5	DN_NC_073244.2_68491976_5	0.2381	0.1818	0.2381
ZNF582	ZNF790	truthbar	1	0.2543	DN_NC_073244.2_47997304_5	DN_NC_073244.2_68491976_5	0.2772	0.1818	0.2772
ZNF582	ZNF829	truthbar	1	0.2470	DN_NC_073244.2_48066692_6	DN_NC_073244.2_68491976_5	0.4705	0.1818	0.4705
ZNF582	ZNF891	truthbar	1						
ZNF583	ZNF596	truthbar	1						
ZNF583	ZNF607	truthbar	1	0.2077	DN_NC_073244.2_49205215_5	DN_NC_073244.2_68513423_5	0.1922	0.2489	0.2489
ZNF583	ZNF665	truthbar	1	0.1731	DN_NC_073244.2_65102393_4	DN_NC_073244.2_68513423_5	0.3815	0.2489	0.3815
ZNF583	ZNF684	truthbar	1						
ZNF583	ZNF780A	truthbar	1						
ZNF583	ZNF780B	truthbar	1	0.1791	DN_NC_073244.2_51783968_5	DN_NC_073244.2_68513423_5	0.2381	0.2489	0.2489
ZNF583	ZNF790	truthbar	1						
ZNF583	ZNF829	truthbar	1	0.1756	DN_NC_073244.2_48066692_6	DN_NC_073244.2_68513423_5	0.4705	0.2489	0.4705
ZNF583	ZNF891	truthbar	1	0.1560	DN_NC_073234.2_148620174_2	DN_NC_073244.2_68513423_5	0.1279	0.2489	0.2489
ZNF584	ZNF586	truthbar	1						
ZNF584	ZNF671	truthbar	1						
ZNF584	ZNF776	truthbar	1						
ZNF584	ZNF792	truthbar	1						
ZNF585A	ZNF585B	TP	1	0.8219	DN_NC_073244.2_48319142_5	DN_NC_073244.2_48352926_4	0.1403	0.1502	0.1502
ZNF585A	ZNF605	truthbar	1	0.3490	DN_NC_073234.2_148420424_5	DN_NC_073244.2_48319142_5	0.0953	0.1403	0.1403
ZNF585A	ZNF606	truthbar	1	0.2105	DN_NC_073244.2_48319142_5	DN_NC_073244.2_70077616_7	0.1403	0.1288	0.1403
ZNF585A	ZNF613	truthbar	1	0.1695	DN_NC_073244.2_48319142_5	DN_NC_073244.2_63895938_6	0.1403	0.1312	0.1403
ZNF585A	ZNF614	truthbar	1	0.1408	DN_NC_073244.2_48319142_5	DN_NC_073244.2_63983979_5	0.1403	0.1252	0.1403
ZNF585A	ZNF615	truthbar	1	0.2458	DN_NC_073244.2_48319142_5	DN_NC_073244.2_63961971_6	0.1403	0.1868	0.1868
ZNF585A	ZNF624	truthbar	1	0.3400	DN_NC_073228.2_83513581_6	DN_NC_073244.2_48319142_5	0.2734	0.1403	0.2734
ZNF585A	ZNF649	truthbar	1	0.1823	DN_NC_073244.2_48319142_5	DN_NC_073244.2_63855100_5	0.1403	0.1720	0.1720
ZNF585A	ZNF674	truthbar	1	0.1512	DN_NC_073244.2_48319142_5	DN_NC_073247.2_56899135_7	0.1403	0.2309	0.2309
ZNF585A	ZNF717	truthbar	1	0.2085	DN_NC_073244.2_48319142_5	DN_NC_086017.1_85766278_5	0.1403	0.1562	0.1562
ZNF585A	ZNF782	truthbar	1						
ZNF585A	ZNF81	truthbar	1	0.2537	DN_NC_073244.2_48319142_5	DN_NC_073247.2_58228088_5	0.1403	0.1450	0.1450
ZNF585A	ZNF84	truthbar	1	0.1460	DN_NC_073234.2_148537990_5	DN_NC_073244.2_48319142_5	0.2027	0.1403	0.2027
ZNF585A	ZNF883	genuine	0	0.2038	DN_NC_073237.2_109230975_4	DN_NC_073244.2_48319142_5	0.2819	0.1403	0.2819
ZNF585B	ZNF605	truthbar	1	0.4396	DN_NC_073234.2_148420424_5	DN_NC_073244.2_48352926_4	0.0953	0.1502	0.1502
ZNF585B	ZNF606	truthbar	1	0.4484	DN_NC_073244.2_48352926_4	DN_NC_073244.2_70077616_7	0.1502	0.1288	0.1502
ZNF585B	ZNF613	truthbar	1	0.2016	DN_NC_073244.2_48352926_4	DN_NC_073244.2_63895938_6	0.1502	0.1312	0.1502
ZNF585B	ZNF614	truthbar	1						
ZNF585B	ZNF615	truthbar	1	0.1798	DN_NC_073244.2_48352926_4	DN_NC_073244.2_63961971_6	0.1502	0.1868	0.1868
ZNF585B	ZNF624	truthbar	1	0.3606	DN_NC_073228.2_83513581_6	DN_NC_073244.2_48352926_4	0.2734	0.1502	0.2734
ZNF585B	ZNF649	genuine	0	0.1359	DN_NC_073244.2_48352926_4	DN_NC_073244.2_63855100_5	0.1502	0.1720	0.1720
ZNF585B	ZNF674	truthbar	1	0.2334	DN_NC_073244.2_48352926_4	DN_NC_073247.2_56899135_7	0.1502	0.2309	0.2309
ZNF585B	ZNF717	truthbar	1	0.2407	DN_NC_073244.2_48352926_4	DN_NC_086017.1_85766278_5	0.1502	0.1562	0.1562
ZNF585B	ZNF782	truthbar	1						
ZNF585B	ZNF81	truthbar	1	0.3538	DN_NC_073244.2_48352926_4	DN_NC_073247.2_58228088_5	0.1502	0.1450	0.1502
ZNF585B	ZNF84	truthbar	1	0.1672	DN_NC_073234.2_148537990_5	DN_NC_073244.2_48352926_4	0.2027	0.1502	0.2027
ZNF585B	ZNF883	genuine	0	0.1971	DN_NC_073237.2_109230975_4	DN_NC_073244.2_48352926_4	0.2819	0.1502	0.2819
ZNF586	ZNF671	truthbar	1						
ZNF586	ZNF776	TP	1	0.1906	DN_NC_073244.2_69848694_2	DN_NC_073244.2_69873255_2	0.1791	0.1093	0.1791
ZNF586	ZNF792	genuine	0	0.1350	DN_NC_073244.2_46013405_4	DN_NC_073244.2_69873255_2	0.1794	0.1093	0.1794
ZNF589	ZNF875	truthbar	1	0.3403	DN_NC_073244.2_48583045_5	DN_NC_086017.1_58115065_4	0.0743	0.2184	0.2184
ZNF594	ZNF660	genuine	0	0.2339	DN_NC_073243.2_20324218_2	DN_NC_086017.1_54487757_3	0.2717	0.2863	0.2863
ZNF594	ZNF667	truthbar	1						
ZNF594	ZNF699	truthbar	1	0.1386	DN_NC_073243.2_20324218_2	DN_NC_073244.2_15324693_6	0.2717	0.3092	0.3092
ZNF594	ZNF778	genuine	0						
ZNF594	ZNF805	truthbar	1						
ZNF594	ZSCAN2	truthbar	1						
ZNF594	ZSCAN20	genuine	0						
ZNF595	ZNF600	truthbar	1						
ZNF595	ZNF611	truthbar	1	0.1319	DN_NC_073227.2_8633416_4	DN_NC_073244.2_64672255_4	0.5220	0.3521	0.5220
ZNF595	ZNF616	truthbar	1	0.1666	DN_NC_073227.2_8633418_2	DN_NC_073244.2_64081943_4	0.5689	0.2620	0.5689
ZNF595	ZNF626	truthbar	1	0.3474	DN_NC_073227.2_8633418_2	DN_NC_073244.2_27131194_2	0.5689	0.4557	0.5689
ZNF595	ZNF655	truthbar	1						
ZNF595	ZNF675	truthbar	1	0.4314	DN_NC_073227.2_8633416_4	DN_NC_073244.2_29970261_4	0.5220	0.3774	0.5220
ZNF595	ZNF678	truthbar	1	0.4329	DN_NC_073224.2_40627195_4	DN_NC_073227.2_8633418_2	0.3220	0.5689	0.5689
ZNF595	ZNF680	truthbar	1	0.4221	DN_NC_073227.2_8633418_2	DN_NC_073230.2_73977205_4	0.5689	0.3066	0.5689
ZNF595	ZNF681	truthbar	1	0.3825	DN_NC_073227.2_8633418_2	DN_NC_073244.2_30067652_4	0.5689	0.4267	0.5689
ZNF595	ZNF682	truthbar	1	0.3482	DN_NC_073227.2_8633418_2	DN_NC_073244.2_26470366_4	0.5689	0.3255	0.5689
ZNF595	ZNF695	truthbar	1	0.3728	DN_NC_073224.2_8422960_4	DN_NC_073227.2_8633418_2	0.3045	0.5689	0.5689
ZNF595	ZNF701	truthbar	1						
ZNF595	ZNF721	truthbar	1	0.2174	DN_NC_073227.2_8633418_2	DN_NC_073227.2_9010062_2	0.5689	0.3953	0.5689
ZNF595	ZNF723	truthbar	1	0.4180	DN_NC_073227.2_8633418_2	DN_NC_073244.2_29232445_4	0.5689	0.5099	0.5689
ZNF595	ZNF727	truthbar	1	0.4225	DN_NC_073227.2_8633416_4	DN_NC_073230.2_73508332_4	0.5220	0.3146	0.5220
ZNF595	ZNF736	truthbar	1	0.2858	DN_NC_073227.2_8633418_2	DN_NC_073230.2_73776646_4	0.5689	0.3000	0.5689
ZNF595	ZNF761	truthbar	1						
ZNF595	ZNF766	truthbar	1						
ZNF595	ZNF8	truthbar	1						
ZNF595	ZNF808	truthbar	1						
ZNF595	ZNF813	truthbar	1	0.1335	DN_NC_073227.2_8633416_4	DN_NC_073244.2_65398487_4	0.5220	0.3208	0.5220
ZNF595	ZNF83	truthbar	1						
ZNF595	ZNF836	truthbar	1	0.1588	DN_NC_073227.2_8633416_4	DN_NC_073244.2_64125568_5	0.5220	0.4107	0.5220
ZNF595	ZNF841	truthbar	1						
ZNF595	ZNF888	truthbar	1						
ZNF595	ZNF91	truthbar	1	0.4645	DN_NC_073227.2_8633416_4	DN_NC_073244.2_29680825_2	0.5220	0.5202	0.5220
ZNF595	ZNF92	truthbar	1	0.4270	DN_NC_073227.2_8633418_2	DN_NC_073230.2_74637722_4	0.5689	0.3318	0.5689
ZNF596	ZNF607	truthbar	1						
ZNF596	ZNF665	truthbar	1						
ZNF596	ZNF684	truthbar	1						
ZNF596	ZNF780A	truthbar	1						
ZNF596	ZNF780B	truthbar	1						
ZNF596	ZNF790	truthbar	1						
ZNF596	ZNF829	truthbar	1						
ZNF596	ZNF891	truthbar	1						
ZNF600	ZNF611	TP	1	0.2534	DN_NC_073244.2_64672255_4	DN_NC_073244.2_64724127_4	0.3521	0.3339	0.3521
ZNF600	ZNF616	truthbar	1	0.1831	DN_NC_073244.2_64081943_4	DN_NC_073244.2_64724127_4	0.2620	0.3339	0.3339
ZNF600	ZNF626	truthbar	1	0.2137	DN_NC_073244.2_27131194_2	DN_NC_073244.2_64724127_4	0.4557	0.3339	0.4557
ZNF600	ZNF655	truthbar	1						
ZNF600	ZNF675	truthbar	1	0.1426	DN_NC_073244.2_29970261_4	DN_NC_073244.2_64724127_4	0.3774	0.3339	0.3774
ZNF600	ZNF678	truthbar	1						
ZNF600	ZNF680	truthbar	1						
ZNF600	ZNF681	truthbar	1						
ZNF600	ZNF682	truthbar	1						
ZNF600	ZNF695	truthbar	1						
ZNF600	ZNF701	truthbar	1	0.2192	DN_NC_073244.2_64543447_4	DN_NC_073244.2_64724127_4	0.2106	0.3339	0.3339
ZNF600	ZNF721	truthbar	1						
ZNF600	ZNF723	truthbar	1						
ZNF600	ZNF727	truthbar	1						
ZNF600	ZNF736	truthbar	1						
ZNF600	ZNF761	truthbar	1	0.2051	DN_NC_073244.2_64724127_4	DN_NC_073244.2_65362909_5	0.3339	0.3364	0.3364
ZNF600	ZNF766	truthbar	1						
ZNF600	ZNF8	truthbar	1						
ZNF600	ZNF808	truthbar	1	0.2449	DN_NC_073244.2_64500861_5	DN_NC_073244.2_64724127_4	0.4373	0.3339	0.4373
ZNF600	ZNF813	truthbar	1	0.2786	DN_NC_073244.2_64724127_4	DN_NC_073244.2_65398487_4	0.3339	0.3208	0.3339
ZNF600	ZNF83	truthbar	1	0.3064	DN_NC_073244.2_64585864_4	DN_NC_073244.2_64724127_4	0.3038	0.3339	0.3339
ZNF600	ZNF836	truthbar	1	0.1898	DN_NC_073244.2_64125568_5	DN_NC_073244.2_64724127_4	0.4107	0.3339	0.4107
ZNF600	ZNF841	truthbar	1	0.1935	DN_NC_073244.2_64034715_7	DN_NC_073244.2_64724127_4	0.3325	0.3339	0.3339
ZNF600	ZNF888	truthbar	1	0.2973	DN_NC_073244.2_64724127_4	DN_NC_073244.2_64860608_4	0.3339	0.4244	0.4244
ZNF600	ZNF91	truthbar	1	0.1889	DN_NC_073244.2_29680825_2	DN_NC_073244.2_64724127_4	0.5202	0.3339	0.5202
ZNF600	ZNF92	truthbar	1						
ZNF605	ZNF606	truthbar	1	0.1765	DN_NC_073234.2_148420424_5	DN_NC_073244.2_70077616_7	0.0953	0.1288	0.1288
ZNF605	ZNF613	truthbar	1	0.2697	DN_NC_073234.2_148420424_5	DN_NC_073244.2_63895938_6	0.0953	0.1312	0.1312
ZNF605	ZNF614	truthbar	1	0.1323	DN_NC_073234.2_148420424_5	DN_NC_073244.2_63983979_5	0.0953	0.1252	0.1252
ZNF605	ZNF615	truthbar	1	0.1540	DN_NC_073234.2_148420424_5	DN_NC_073244.2_63961971_6	0.0953	0.1868	0.1868
ZNF605	ZNF624	truthbar	1	0.2178	DN_NC_073228.2_83513581_6	DN_NC_073234.2_148420424_5	0.2734	0.0953	0.2734
ZNF605	ZNF649	truthbar	1	0.1453	DN_NC_073234.2_148420424_5	DN_NC_073244.2_63855100_5	0.0953	0.1720	0.1720
ZNF605	ZNF674	truthbar	1	0.2136	DN_NC_073234.2_148420424_5	DN_NC_073247.2_56899135_7	0.0953	0.2309	0.2309
ZNF605	ZNF717	truthbar	1						
ZNF605	ZNF782	truthbar	1						
ZNF605	ZNF81	truthbar	1						
ZNF605	ZNF84	truthbar	1	0.3523	DN_NC_073234.2_148420424_5	DN_NC_073234.2_148537990_5	0.0953	0.2027	0.2027
ZNF605	ZNF883	truthbar	1						
ZNF606	ZNF613	truthbar	1						
ZNF606	ZNF614	truthbar	1						
ZNF606	ZNF615	truthbar	1						
ZNF606	ZNF624	truthbar	1	0.1342	DN_NC_073228.2_83513581_6	DN_NC_073244.2_70077616_7	0.2734	0.1288	0.2734
ZNF606	ZNF649	truthbar	1						
ZNF606	ZNF674	truthbar	1	0.2178	DN_NC_073244.2_70077616_7	DN_NC_073247.2_56899135_7	0.1288	0.2309	0.2309
ZNF606	ZNF717	truthbar	1	0.1913	DN_NC_073244.2_70077616_7	DN_NC_086017.1_85766278_5	0.1288	0.1562	0.1562
ZNF606	ZNF782	truthbar	1	0.2176	DN_NC_073237.2_93275727_4	DN_NC_073244.2_70077616_7	0.1049	0.1288	0.1288
ZNF606	ZNF81	truthbar	1						
ZNF606	ZNF84	truthbar	1						
ZNF606	ZNF883	genuine	0	0.2348	DN_NC_073237.2_109230975_4	DN_NC_073244.2_70077616_7	0.2819	0.1288	0.2819
ZNF607	ZNF665	truthbar	1	0.1969	DN_NC_073244.2_49205215_5	DN_NC_073244.2_65102393_4	0.1922	0.3815	0.3815
ZNF607	ZNF684	truthbar	1						
ZNF607	ZNF780A	truthbar	1	0.2806	DN_NC_073244.2_49205215_5	DN_NC_073244.2_51825388_5	0.1922	0.1618	0.1922
ZNF607	ZNF780B	truthbar	1	0.2094	DN_NC_073244.2_49205215_5	DN_NC_073244.2_51783968_5	0.1922	0.2381	0.2381
ZNF607	ZNF790	truthbar	1	0.2756	DN_NC_073244.2_47997304_5	DN_NC_073244.2_49205215_5	0.2772	0.1922	0.2772
ZNF607	ZNF829	truthbar	1						
ZNF607	ZNF891	truthbar	1						
ZNF611	ZNF616	truthbar	1						
ZNF611	ZNF626	truthbar	1						
ZNF611	ZNF655	truthbar	1						
ZNF611	ZNF675	truthbar	1	0.1458	DN_NC_073244.2_29970261_4	DN_NC_073244.2_64672255_4	0.3774	0.3521	0.3774
ZNF611	ZNF678	truthbar	1						
ZNF611	ZNF680	truthbar	1						
ZNF611	ZNF681	truthbar	1						
ZNF611	ZNF682	truthbar	1						
ZNF611	ZNF695	truthbar	1						
ZNF611	ZNF701	truthbar	1	0.2187	DN_NC_073244.2_64543447_4	DN_NC_073244.2_64672255_4	0.2106	0.3521	0.3521
ZNF611	ZNF721	truthbar	1						
ZNF611	ZNF723	truthbar	1						
ZNF611	ZNF727	truthbar	1						
ZNF611	ZNF736	truthbar	1						
ZNF611	ZNF761	truthbar	1	0.1970	DN_NC_073244.2_64672255_4	DN_NC_073244.2_65362909_5	0.3521	0.3364	0.3521
ZNF611	ZNF766	truthbar	1	0.1384	DN_NC_073244.2_64231369_4	DN_NC_073244.2_64672255_4	0.2784	0.3521	0.3521
ZNF611	ZNF8	genuine	0						
ZNF611	ZNF808	truthbar	1	0.2509	DN_NC_073244.2_64500861_5	DN_NC_073244.2_64672255_4	0.4373	0.3521	0.4373
ZNF611	ZNF813	truthbar	1	0.2435	DN_NC_073244.2_64672255_4	DN_NC_073244.2_65398487_4	0.3521	0.3208	0.3521
ZNF611	ZNF83	truthbar	1	0.1464	DN_NC_073244.2_64585864_4	DN_NC_073244.2_64672255_4	0.3038	0.3521	0.3521
ZNF611	ZNF836	truthbar	1	0.2512	DN_NC_073244.2_64125568_5	DN_NC_073244.2_64672255_4	0.4107	0.3521	0.4107
ZNF611	ZNF841	truthbar	1	0.1705	DN_NC_073244.2_64034715_7	DN_NC_073244.2_64672255_4	0.3325	0.3521	0.3521
ZNF611	ZNF888	truthbar	1	0.2392	DN_NC_073244.2_64672255_4	DN_NC_073244.2_64860608_4	0.3521	0.4244	0.4244
ZNF611	ZNF91	truthbar	1						
ZNF611	ZNF92	truthbar	1						
ZNF613	ZNF614	truthbar	1						
ZNF613	ZNF615	truthbar	1	0.1357	DN_NC_073244.2_63895938_6	DN_NC_073244.2_63961971_6	0.1312	0.1868	0.1868
ZNF613	ZNF624	truthbar	1						
ZNF613	ZNF649	truthbar	1	0.1961	DN_NC_073244.2_63855100_5	DN_NC_073244.2_63895938_6	0.1720	0.1312	0.1720
ZNF613	ZNF674	truthbar	1	0.1477	DN_NC_073244.2_63895938_6	DN_NC_073247.2_56899135_7	0.1312	0.2309	0.2309
ZNF613	ZNF717	truthbar	1						
ZNF613	ZNF782	truthbar	1						
ZNF613	ZNF81	truthbar	1						
ZNF613	ZNF84	truthbar	1	0.2161	DN_NC_073234.2_148537990_5	DN_NC_073244.2_63895938_6	0.2027	0.1312	0.2027
ZNF613	ZNF883	truthbar	1						
ZNF614	ZNF615	truthbar	1	0.1763	DN_NC_073244.2_63961971_6	DN_NC_073244.2_63983979_5	0.1868	0.1252	0.1868
ZNF614	ZNF624	truthbar	1						
ZNF614	ZNF649	truthbar	1						
ZNF614	ZNF674	truthbar	1						
ZNF614	ZNF717	truthbar	1						
ZNF614	ZNF782	truthbar	1						
ZNF614	ZNF81	truthbar	1						
ZNF614	ZNF84	truthbar	1						
ZNF614	ZNF883	truthbar	1						
ZNF615	ZNF624	truthbar	1	0.1545	DN_NC_073228.2_83513581_6	DN_NC_073244.2_63961971_6	0.2734	0.1868	0.2734
ZNF615	ZNF649	truthbar	1						
ZNF615	ZNF674	truthbar	1						
ZNF615	ZNF717	truthbar	1	0.2134	DN_NC_073244.2_63961971_6	DN_NC_086017.1_85766278_5	0.1868	0.1562	0.1868
ZNF615	ZNF782	truthbar	1						
ZNF615	ZNF81	truthbar	1						
ZNF615	ZNF84	truthbar	1						
ZNF615	ZNF883	genuine	0						
ZNF616	ZNF626	truthbar	1						
ZNF616	ZNF655	truthbar	1						
ZNF616	ZNF675	truthbar	1						
ZNF616	ZNF678	truthbar	1	0.2095	DN_NC_073224.2_40627195_4	DN_NC_073244.2_64081943_4	0.3220	0.2620	0.3220
ZNF616	ZNF680	truthbar	1						
ZNF616	ZNF681	truthbar	1						
ZNF616	ZNF682	truthbar	1						
ZNF616	ZNF695	truthbar	1						
ZNF616	ZNF701	truthbar	1						
ZNF616	ZNF721	truthbar	1						
ZNF616	ZNF723	truthbar	1						
ZNF616	ZNF727	truthbar	1						
ZNF616	ZNF736	truthbar	1						
ZNF616	ZNF761	truthbar	1	0.2693	DN_NC_073244.2_64081943_4	DN_NC_073244.2_65362909_5	0.2620	0.3364	0.3364
ZNF616	ZNF766	truthbar	1	0.1936	DN_NC_073244.2_64081943_4	DN_NC_073244.2_64231369_4	0.2620	0.2784	0.2784
ZNF616	ZNF8	genuine	0						
ZNF616	ZNF808	truthbar	1	0.2559	DN_NC_073244.2_64081943_4	DN_NC_073244.2_64500861_5	0.2620	0.4373	0.4373
ZNF616	ZNF813	truthbar	1	0.1901	DN_NC_073244.2_64081943_4	DN_NC_073244.2_65398487_4	0.2620	0.3208	0.3208
ZNF616	ZNF83	truthbar	1	0.2951	DN_NC_073244.2_64081943_4	DN_NC_073244.2_64585864_4	0.2620	0.3038	0.3038
ZNF616	ZNF836	truthbar	1						
ZNF616	ZNF841	truthbar	1	0.3614	DN_NC_073244.2_64034715_7	DN_NC_073244.2_64081943_4	0.3325	0.2620	0.3325
ZNF616	ZNF888	truthbar	1	0.1345	DN_NC_073244.2_64081943_4	DN_NC_073244.2_64860608_4	0.2620	0.4244	0.4244
ZNF616	ZNF91	truthbar	1	0.1815	DN_NC_073244.2_29680825_4	DN_NC_073244.2_64081943_4	0.4948	0.2620	0.4948
ZNF616	ZNF92	truthbar	1						
ZNF619	ZNF620	truthbar	1	0.2081	DN_NC_086017.1_50382141_5	DN_NC_086017.1_50412575_3	0.2532	0.3196	0.3196
ZNF621	ZNF879	truthbar	1						
ZNF623	ZNF70	truthbar	1						
ZNF623	ZNF79	truthbar	1						
ZNF623	ZNF892	truthbar	1	0.1672	DN_NC_073231.2_149487100_2	DN_NC_073236.2_32240619_3	0.1476	0.2534	0.2534
ZNF624	ZNF649	truthbar	1						
ZNF624	ZNF674	truthbar	1						
ZNF624	ZNF717	truthbar	1	0.2521	DN_NC_073228.2_83513581_6	DN_NC_086017.1_85766278_5	0.2734	0.1562	0.2734
ZNF624	ZNF782	truthbar	1						
ZNF624	ZNF81	truthbar	1						
ZNF624	ZNF84	truthbar	1						
ZNF624	ZNF883	genuine	0	0.1595	DN_NC_073228.2_83513581_6	DN_NC_073237.2_109230975_4	0.2734	0.2819	0.2819
ZNF626	ZNF655	truthbar	1						
ZNF626	ZNF675	truthbar	1	0.2688	DN_NC_073244.2_27131194_2	DN_NC_073244.2_29970261_4	0.4557	0.3774	0.4557
ZNF626	ZNF678	truthbar	1	0.3382	DN_NC_073224.2_40627195_4	DN_NC_073244.2_27131194_2	0.3220	0.4557	0.4557
ZNF626	ZNF680	truthbar	1	0.2366	DN_NC_073230.2_73977205_4	DN_NC_073244.2_27131194_2	0.3066	0.4557	0.4557
ZNF626	ZNF681	truthbar	1	0.2334	DN_NC_073244.2_27131194_2	DN_NC_073244.2_30067652_4	0.4557	0.4267	0.4557
ZNF626	ZNF682	truthbar	1	0.3997	DN_NC_073244.2_26470366_4	DN_NC_073244.2_27131194_2	0.3255	0.4557	0.4557
ZNF626	ZNF695	truthbar	1	0.2952	DN_NC_073224.2_8422960_4	DN_NC_073244.2_27131194_2	0.3045	0.4557	0.4557
ZNF626	ZNF701	truthbar	1						
ZNF626	ZNF721	genuine	0	0.1822	DN_NC_073227.2_9009888_2	DN_NC_073244.2_27131194_2	0.3764	0.4557	0.4557
ZNF626	ZNF723	truthbar	1	0.5449	DN_NC_073244.2_27131194_2	DN_NC_073244.2_29232445_4	0.4557	0.5099	0.5099
ZNF626	ZNF727	truthbar	1	0.1764	DN_NC_073230.2_73508332_4	DN_NC_073244.2_27131194_2	0.3146	0.4557	0.4557
ZNF626	ZNF736	truthbar	1						
ZNF626	ZNF761	truthbar	1						
ZNF626	ZNF766	truthbar	1						
ZNF626	ZNF8	truthbar	1						
ZNF626	ZNF808	truthbar	1	0.2615	DN_NC_073244.2_27131194_2	DN_NC_073244.2_64500861_5	0.4557	0.4373	0.4557
ZNF626	ZNF813	truthbar	1	0.2134	DN_NC_073244.2_27131194_2	DN_NC_073244.2_65398487_4	0.4557	0.3208	0.4557
ZNF626	ZNF83	truthbar	1						
ZNF626	ZNF836	truthbar	1						
ZNF626	ZNF841	truthbar	1	0.3070	DN_NC_073244.2_27131194_2	DN_NC_073244.2_64034715_7	0.4557	0.3325	0.4557
ZNF626	ZNF888	truthbar	1						
ZNF626	ZNF91	genuine	0	0.2869	DN_NC_073244.2_27131194_2	DN_NC_073244.2_29680825_4	0.4557	0.4948	0.4948
ZNF626	ZNF92	truthbar	1	0.3697	DN_NC_073230.2_74637814_2	DN_NC_073244.2_27131194_2	0.3657	0.4557	0.4557
ZNF627	ZNF669	truthbar	1	0.1892	DN_NC_073224.2_8329397_4	DN_NC_073244.2_17635782_4	0.3619	0.2854	0.3619
ZNF627	ZNF670	truthbar	1						
ZNF627	ZNF77	truthbar	1	0.2530	DN_NC_073244.2_17635782_4	DN_NC_073244.2_8711681_4	0.2854	0.1126	0.2854
ZNF627	ZNF791	truthbar	1	0.2071	DN_NC_073244.2_17635782_4	DN_NC_073244.2_18649721_4	0.2854	0.4193	0.4193
ZNF627	ZNF799	truthbar	1	0.1911	DN_NC_073244.2_17635782_4	DN_NC_073244.2_18426035_4	0.2854	0.2437	0.2854
ZNF627	ZNF823	truthbar	1	0.2541	DN_NC_073244.2_17635782_4	DN_NC_073244.2_17751584_2	0.2854	0.2238	0.2854
ZNF629	ZNF672	genuine	0						
ZNF629	ZNF696	genuine	0						
ZNF629	ZNF697	genuine	0	0.1587	DN_NC_073224.2_124008865_3	DN_NC_073242.2_36498381_3	0.0510	0.0487	0.0510
ZNF629	ZNF71	genuine	0	0.3126	DN_NC_073242.2_36498381_3	DN_NC_073244.2_68699723_3	0.0487	0.0907	0.0907
ZNF629	ZNF74	genuine	0	0.1454	DN_NC_073242.2_36498381_3	DN_NC_086018.1_17871581_2	0.0487	0.1098	0.1098
ZNF629	ZNF768	genuine	0	0.2827	DN_NC_073242.2_36238906_2	DN_NC_073242.2_36498381_3	0.0398	0.0487	0.0487
ZNF629	ZNF771	genuine	0						
ZNF629	ZNF774	genuine	0						
ZNF629	ZNF835	genuine	0	0.1305	DN_NC_073242.2_36498381_3	DN_NC_073244.2_68766684_2	0.0487	0.1928	0.1928
ZNF649	ZNF674	truthbar	1						
ZNF649	ZNF717	truthbar	1						
ZNF649	ZNF782	truthbar	1						
ZNF649	ZNF81	truthbar	1						
ZNF649	ZNF84	truthbar	1	0.1478	DN_NC_073234.2_148537990_5	DN_NC_073244.2_63855100_5	0.2027	0.1720	0.2027
ZNF649	ZNF883	truthbar	1						
ZNF655	ZNF675	truthbar	1						
ZNF655	ZNF678	truthbar	1						
ZNF655	ZNF680	truthbar	1						
ZNF655	ZNF681	truthbar	1						
ZNF655	ZNF682	truthbar	1						
ZNF655	ZNF695	truthbar	1						
ZNF655	ZNF701	truthbar	1						
ZNF655	ZNF721	truthbar	1						
ZNF655	ZNF723	truthbar	1						
ZNF655	ZNF727	truthbar	1						
ZNF655	ZNF736	truthbar	1						
ZNF655	ZNF761	truthbar	1						
ZNF655	ZNF766	truthbar	1						
ZNF655	ZNF8	truthbar	1						
ZNF655	ZNF808	truthbar	1						
ZNF655	ZNF813	truthbar	1						
ZNF655	ZNF83	truthbar	1						
ZNF655	ZNF836	truthbar	1						
ZNF655	ZNF841	truthbar	1						
ZNF655	ZNF888	truthbar	1						
ZNF655	ZNF91	genuine	0						
ZNF655	ZNF92	truthbar	1						
ZNF660	ZNF699	genuine	0	0.1815	DN_NC_073244.2_15324693_6	DN_NC_086017.1_54487757_3	0.3092	0.2863	0.3092
ZNF660	ZNF778	truthbar	1						
ZNF660	ZSCAN2	genuine	0						
ZNF665	ZNF684	truthbar	1						
ZNF665	ZNF780A	truthbar	1	0.1432	DN_NC_073244.2_51825388_5	DN_NC_073244.2_65102393_4	0.1618	0.3815	0.3815
ZNF665	ZNF780B	truthbar	1						
ZNF665	ZNF790	truthbar	1	0.2691	DN_NC_073244.2_47997304_5	DN_NC_073244.2_65102393_4	0.2772	0.3815	0.3815
ZNF665	ZNF829	truthbar	1						
ZNF665	ZNF891	truthbar	1						
ZNF667	ZNF805	truthbar	1						
ZNF667	ZSCAN20	genuine	0						
ZNF669	ZNF670	truthbar	1	0.3202	DN_NC_073224.2_8329397_4	DN_NC_073224.2_8356715_4	0.3619	0.1978	0.3619
ZNF669	ZNF77	truthbar	1						
ZNF669	ZNF791	truthbar	1	0.1675	DN_NC_073224.2_8329397_4	DN_NC_073244.2_18649721_4	0.3619	0.4193	0.4193
ZNF669	ZNF799	truthbar	1	0.2427	DN_NC_073224.2_8329397_4	DN_NC_073244.2_18426035_4	0.3619	0.2437	0.3619
ZNF669	ZNF823	truthbar	1	0.2356	DN_NC_073224.2_8329397_4	DN_NC_073244.2_17751582_4	0.3619	0.2133	0.3619
ZNF670	ZNF77	truthbar	1						
ZNF670	ZNF791	truthbar	1						
ZNF670	ZNF799	truthbar	1						
ZNF670	ZNF823	truthbar	1	0.1694	DN_NC_073224.2_8356715_4	DN_NC_073244.2_17751584_2	0.1978	0.2238	0.2238
ZNF671	ZNF776	truthbar	1	0.2091	DN_NC_073244.2_69821764_4	DN_NC_073244.2_69848672_3	0.0491	0.1771	0.1771
ZNF671	ZNF792	truthbar	1	0.1510	DN_NC_073244.2_46013405_4	DN_NC_073244.2_69821764_4	0.1794	0.0491	0.1794
ZNF672	ZNF696	genuine	0						
ZNF672	ZNF697	truthbar	1						
ZNF672	ZNF71	truthbar	1						
ZNF672	ZNF74	truthbar	1						
ZNF672	ZNF768	genuine	0						
ZNF672	ZNF771	truthbar	1	0.2785	DN_NC_073224.2_5641112_4	DN_NC_073242.2_36121013_3	0.0076	0.0406	0.0406
ZNF672	ZNF774	truthbar	1						
ZNF672	ZNF835	truthbar	1						
ZNF674	ZNF717	truthbar	1	0.1623	DN_NC_073247.2_56899135_7	DN_NC_086017.1_85766278_5	0.2309	0.1562	0.2309
ZNF674	ZNF782	truthbar	1						
ZNF674	ZNF81	truthbar	1	0.1387	DN_NC_073247.2_56899135_7	DN_NC_073247.2_58228088_5	0.2309	0.1450	0.2309
ZNF674	ZNF84	truthbar	1	0.1387	DN_NC_073234.2_148537990_5	DN_NC_073247.2_56899135_7	0.2027	0.2309	0.2309
ZNF674	ZNF883	truthbar	1	0.1377	DN_NC_073237.2_109230975_4	DN_NC_073247.2_56899135_7	0.2819	0.2309	0.2819
ZNF675	ZNF678	truthbar	1	0.5159	DN_NC_073224.2_40627195_4	DN_NC_073244.2_29970261_4	0.3220	0.3774	0.3774
ZNF675	ZNF680	truthbar	1	0.5881	DN_NC_073230.2_73977205_4	DN_NC_073244.2_29970261_4	0.3066	0.3774	0.3774
ZNF675	ZNF681	truthbar	1	0.4046	DN_NC_073244.2_29970261_4	DN_NC_073244.2_30067652_4	0.3774	0.4267	0.4267
ZNF675	ZNF682	truthbar	1	0.5227	DN_NC_073244.2_26470366_4	DN_NC_073244.2_29970261_4	0.3255	0.3774	0.3774
ZNF675	ZNF695	truthbar	1	0.5504	DN_NC_073224.2_8422960_4	DN_NC_073244.2_29970261_4	0.3045	0.3774	0.3774
ZNF675	ZNF701	truthbar	1	0.2198	DN_NC_073244.2_29970261_4	DN_NC_073244.2_64543447_4	0.3774	0.2106	0.3774
ZNF675	ZNF721	truthbar	1	0.2175	DN_NC_073227.2_9009888_2	DN_NC_073244.2_29970261_4	0.3764	0.3774	0.3774
ZNF675	ZNF723	truthbar	1	0.5368	DN_NC_073244.2_29232445_4	DN_NC_073244.2_29970261_4	0.5099	0.3774	0.5099
ZNF675	ZNF727	truthbar	1	0.3951	DN_NC_073230.2_73508332_4	DN_NC_073244.2_29970261_4	0.3146	0.3774	0.3774
ZNF675	ZNF736	truthbar	1						
ZNF675	ZNF761	truthbar	1						
ZNF675	ZNF766	truthbar	1						
ZNF675	ZNF8	truthbar	1						
ZNF675	ZNF808	truthbar	1						
ZNF675	ZNF813	truthbar	1	0.1803	DN_NC_073244.2_29970261_4	DN_NC_073244.2_65398487_4	0.3774	0.3208	0.3774
ZNF675	ZNF83	truthbar	1	0.2979	DN_NC_073244.2_29970261_4	DN_NC_073244.2_64585864_4	0.3774	0.3038	0.3774
ZNF675	ZNF836	truthbar	1	0.1667	DN_NC_073244.2_29970261_4	DN_NC_073244.2_64125568_5	0.3774	0.4107	0.4107
ZNF675	ZNF841	truthbar	1						
ZNF675	ZNF888	truthbar	1						
ZNF675	ZNF91	genuine	0	0.1730	DN_NC_073244.2_29680825_4	DN_NC_073244.2_29970261_4	0.4948	0.3774	0.4948
ZNF675	ZNF92	truthbar	1	0.5804	DN_NC_073230.2_74637722_4	DN_NC_073244.2_29970261_4	0.3318	0.3774	0.3774
ZNF678	ZNF680	truthbar	1	0.3407	DN_NC_073224.2_40627195_4	DN_NC_073230.2_73977205_4	0.3220	0.3066	0.3220
ZNF678	ZNF681	truthbar	1	0.3217	DN_NC_073224.2_40627195_4	DN_NC_073244.2_30067652_4	0.3220	0.4267	0.4267
ZNF678	ZNF682	truthbar	1	0.3255	DN_NC_073224.2_40627195_4	DN_NC_073244.2_26470366_4	0.3220	0.3255	0.3255
ZNF678	ZNF695	truthbar	1	0.1770	DN_NC_073224.2_40627195_4	DN_NC_073224.2_8422960_4	0.3220	0.3045	0.3220
ZNF678	ZNF701	truthbar	1						
ZNF678	ZNF721	truthbar	1	0.2998	DN_NC_073224.2_40627195_4	DN_NC_073227.2_9010062_2	0.3220	0.3953	0.3953
ZNF678	ZNF723	truthbar	1	0.3333	DN_NC_073224.2_40627195_4	DN_NC_073244.2_29232445_4	0.3220	0.5099	0.5099
ZNF678	ZNF727	truthbar	1	0.2159	DN_NC_073224.2_40627195_4	DN_NC_073230.2_73508332_4	0.3220	0.3146	0.3220
ZNF678	ZNF736	truthbar	1	0.2105	DN_NC_073224.2_40627195_4	DN_NC_073230.2_73776646_4	0.3220	0.3000	0.3220
ZNF678	ZNF761	truthbar	1						
ZNF678	ZNF766	truthbar	1						
ZNF678	ZNF8	truthbar	1						
ZNF678	ZNF808	truthbar	1	0.1901	DN_NC_073224.2_40627195_4	DN_NC_073244.2_64500861_5	0.3220	0.4373	0.4373
ZNF678	ZNF813	truthbar	1						
ZNF678	ZNF83	truthbar	1	0.2207	DN_NC_073224.2_40627195_4	DN_NC_073244.2_64585864_4	0.3220	0.3038	0.3220
ZNF678	ZNF836	truthbar	1	0.1930	DN_NC_073224.2_40627195_4	DN_NC_073244.2_64125568_5	0.3220	0.4107	0.4107
ZNF678	ZNF841	genuine	0	0.1891	DN_NC_073224.2_40627195_4	DN_NC_073244.2_64034715_7	0.3220	0.3325	0.3325
ZNF678	ZNF888	truthbar	1						
ZNF678	ZNF91	genuine	0	0.3344	DN_NC_073224.2_40627195_4	DN_NC_073244.2_29680825_2	0.3220	0.5202	0.5202
ZNF678	ZNF92	truthbar	1	0.3845	DN_NC_073224.2_40627195_4	DN_NC_073230.2_74637814_2	0.3220	0.3657	0.3657
ZNF680	ZNF681	truthbar	1	0.3180	DN_NC_073230.2_73977205_4	DN_NC_073244.2_30067652_4	0.3066	0.4267	0.4267
ZNF680	ZNF682	truthbar	1	0.4823	DN_NC_073230.2_73977205_4	DN_NC_073244.2_26470366_4	0.3066	0.3255	0.3255
ZNF680	ZNF695	truthbar	1	0.4120	DN_NC_073224.2_8422960_4	DN_NC_073230.2_73977205_4	0.3045	0.3066	0.3066
ZNF680	ZNF701	truthbar	1						
ZNF680	ZNF721	truthbar	1	0.1499	DN_NC_073227.2_9009888_2	DN_NC_073230.2_73977205_4	0.3764	0.3066	0.3764
ZNF680	ZNF723	truthbar	1	0.6878	DN_NC_073230.2_73977205_4	DN_NC_073244.2_29232445_4	0.3066	0.5099	0.5099
ZNF680	ZNF727	truthbar	1	0.2421	DN_NC_073230.2_73508332_4	DN_NC_073230.2_73977205_4	0.3146	0.3066	0.3146
ZNF680	ZNF736	truthbar	1	0.4071	DN_NC_073230.2_73776646_4	DN_NC_073230.2_73977205_4	0.3000	0.3066	0.3066
ZNF680	ZNF761	truthbar	1						
ZNF680	ZNF766	truthbar	1						
ZNF680	ZNF8	truthbar	1						
ZNF680	ZNF808	truthbar	1						
ZNF680	ZNF813	truthbar	1						
ZNF680	ZNF83	truthbar	1	0.2528	DN_NC_073230.2_73977205_4	DN_NC_073244.2_64585864_4	0.3066	0.3038	0.3066
ZNF680	ZNF836	truthbar	1	0.2504	DN_NC_073230.2_73977205_4	DN_NC_073244.2_64125568_5	0.3066	0.4107	0.4107
ZNF680	ZNF841	truthbar	1						
ZNF680	ZNF888	truthbar	1						
ZNF680	ZNF91	genuine	0	0.1911	DN_NC_073230.2_73977205_4	DN_NC_073244.2_29680825_4	0.3066	0.4948	0.4948
ZNF680	ZNF92	truthbar	1	0.3650	DN_NC_073230.2_73977205_4	DN_NC_073230.2_74637814_2	0.3066	0.3657	0.3657
ZNF681	ZNF682	truthbar	1	0.2820	DN_NC_073244.2_26470366_4	DN_NC_073244.2_30067652_4	0.3255	0.4267	0.4267
ZNF681	ZNF695	truthbar	1	0.2289	DN_NC_073224.2_8422960_4	DN_NC_073244.2_30067652_4	0.3045	0.4267	0.4267
ZNF681	ZNF701	truthbar	1						
ZNF681	ZNF721	truthbar	1	0.2246	DN_NC_073227.2_9010062_2	DN_NC_073244.2_30067652_4	0.3953	0.4267	0.4267
ZNF681	ZNF723	truthbar	1	0.1706	DN_NC_073244.2_29232445_4	DN_NC_073244.2_30067652_4	0.5099	0.4267	0.5099
ZNF681	ZNF727	truthbar	1	0.1539	DN_NC_073230.2_73508332_4	DN_NC_073244.2_30067652_4	0.3146	0.4267	0.4267
ZNF681	ZNF736	truthbar	1	0.1790	DN_NC_073230.2_73776646_4	DN_NC_073244.2_30067652_4	0.3000	0.4267	0.4267
ZNF681	ZNF761	truthbar	1						
ZNF681	ZNF766	truthbar	1						
ZNF681	ZNF8	truthbar	1						
ZNF681	ZNF808	truthbar	1						
ZNF681	ZNF813	truthbar	1	0.2131	DN_NC_073244.2_30067652_4	DN_NC_073244.2_65398487_4	0.4267	0.3208	0.4267
ZNF681	ZNF83	truthbar	1	0.1490	DN_NC_073244.2_30067652_4	DN_NC_073244.2_64585864_4	0.4267	0.3038	0.4267
ZNF681	ZNF836	truthbar	1	0.2453	DN_NC_073244.2_30067652_4	DN_NC_073244.2_64125568_5	0.4267	0.4107	0.4267
ZNF681	ZNF841	truthbar	1						
ZNF681	ZNF888	truthbar	1						
ZNF681	ZNF91	truthbar	1	0.3155	DN_NC_073244.2_29680825_2	DN_NC_073244.2_30067652_4	0.5202	0.4267	0.5202
ZNF681	ZNF92	truthbar	1	0.3224	DN_NC_073230.2_74637814_2	DN_NC_073244.2_30067652_4	0.3657	0.4267	0.4267
ZNF682	ZNF695	truthbar	1	0.2850	DN_NC_073224.2_8422960_4	DN_NC_073244.2_26470366_4	0.3045	0.3255	0.3255
ZNF682	ZNF701	truthbar	1						
ZNF682	ZNF721	genuine	0	0.1602	DN_NC_073227.2_9009888_2	DN_NC_073244.2_26470366_4	0.3764	0.3255	0.3764
ZNF682	ZNF723	truthbar	1	0.3377	DN_NC_073244.2_26470366_4	DN_NC_073244.2_29232445_4	0.3255	0.5099	0.5099
ZNF682	ZNF727	truthbar	1	0.1480	DN_NC_073230.2_73508332_4	DN_NC_073244.2_26470366_4	0.3146	0.3255	0.3255
ZNF682	ZNF736	truthbar	1	0.2588	DN_NC_073230.2_73776646_4	DN_NC_073244.2_26470366_4	0.3000	0.3255	0.3255
ZNF682	ZNF761	truthbar	1						
ZNF682	ZNF766	truthbar	1						
ZNF682	ZNF8	truthbar	1						
ZNF682	ZNF808	truthbar	1						
ZNF682	ZNF813	truthbar	1						
ZNF682	ZNF83	truthbar	1						
ZNF682	ZNF836	truthbar	1	0.3203	DN_NC_073244.2_26470366_4	DN_NC_073244.2_64125568_5	0.3255	0.4107	0.4107
ZNF682	ZNF841	truthbar	1	0.1471	DN_NC_073244.2_26470366_4	DN_NC_073244.2_64034715_7	0.3255	0.3325	0.3325
ZNF682	ZNF888	truthbar	1	0.1452	DN_NC_073244.2_26470366_4	DN_NC_073244.2_64860608_4	0.3255	0.4244	0.4244
ZNF682	ZNF91	genuine	0	0.2619	DN_NC_073244.2_26470366_4	DN_NC_073244.2_29680825_4	0.3255	0.4948	0.4948
ZNF682	ZNF92	truthbar	1	0.3721	DN_NC_073230.2_74637814_2	DN_NC_073244.2_26470366_4	0.3657	0.3255	0.3657
ZNF684	ZNF780A	truthbar	1						
ZNF684	ZNF780B	genuine	0						
ZNF684	ZNF790	truthbar	1						
ZNF684	ZNF829	truthbar	1						
ZNF684	ZNF891	truthbar	1						
ZNF695	ZNF701	truthbar	1						
ZNF695	ZNF721	truthbar	1	0.3140	DN_NC_073224.2_8422960_4	DN_NC_073227.2_9009888_2	0.3045	0.3764	0.3764
ZNF695	ZNF723	truthbar	1	0.3454	DN_NC_073224.2_8422960_4	DN_NC_073244.2_29232445_4	0.3045	0.5099	0.5099
ZNF695	ZNF727	truthbar	1	0.1463	DN_NC_073224.2_8422960_4	DN_NC_073230.2_73508332_4	0.3045	0.3146	0.3146
ZNF695	ZNF736	truthbar	1	0.2435	DN_NC_073224.2_8422960_4	DN_NC_073230.2_73776646_4	0.3045	0.3000	0.3045
ZNF695	ZNF761	truthbar	1	0.2781	DN_NC_073224.2_8422960_4	DN_NC_073244.2_65362909_5	0.3045	0.3364	0.3364
ZNF695	ZNF766	truthbar	1						
ZNF695	ZNF8	truthbar	1						
ZNF695	ZNF808	truthbar	1						
ZNF695	ZNF813	truthbar	1	0.1402	DN_NC_073224.2_8422960_4	DN_NC_073244.2_65398487_4	0.3045	0.3208	0.3208
ZNF695	ZNF83	truthbar	1						
ZNF695	ZNF836	truthbar	1	0.3090	DN_NC_073224.2_8422960_4	DN_NC_073244.2_64125568_5	0.3045	0.4107	0.4107
ZNF695	ZNF841	truthbar	1						
ZNF695	ZNF888	truthbar	1						
ZNF695	ZNF91	genuine	0	0.2576	DN_NC_073224.2_8422960_4	DN_NC_073244.2_29680825_4	0.3045	0.4948	0.4948
ZNF695	ZNF92	truthbar	1	0.3973	DN_NC_073224.2_8422960_4	DN_NC_073230.2_74637814_2	0.3045	0.3657	0.3657
ZNF696	ZNF697	genuine	0						
ZNF696	ZNF71	genuine	0	0.2239	DN_NC_073231.2_149140314_3	DN_NC_073244.2_68699723_3	0.2403	0.0907	0.2403
ZNF696	ZNF74	genuine	0	0.1582	DN_NC_073231.2_149140314_3	DN_NC_086018.1_17871581_2	0.2403	0.1098	0.2403
ZNF696	ZNF768	genuine	0						
ZNF696	ZNF771	truthbar	1						
ZNF696	ZNF774	truthbar	1						
ZNF696	ZNF835	genuine	0						
ZNF697	ZNF71	truthbar	1						
ZNF697	ZNF74	genuine	0						
ZNF697	ZNF768	truthbar	1						
ZNF697	ZNF771	genuine	0	0.2237	DN_NC_073224.2_124008865_3	DN_NC_073242.2_36121013_3	0.0510	0.0406	0.0510
ZNF697	ZNF774	truthbar	1						
ZNF697	ZNF835	truthbar	1	0.1537	DN_NC_073224.2_124008865_3	DN_NC_073244.2_68766684_2	0.0510	0.1928	0.1928
ZNF699	ZNF778	truthbar	1						
ZNF699	ZSCAN2	truthbar	1						
ZNF70	ZNF79	truthbar	1	0.2067	DN_NC_073237.2_123801018_5	DN_NC_086018.1_21231592_2	0.1893	0.1324	0.1893
ZNF70	ZNF892	truthbar	1						
ZNF701	ZNF721	genuine	0						
ZNF701	ZNF723	truthbar	1						
ZNF701	ZNF727	truthbar	1						
ZNF701	ZNF736	truthbar	1						
ZNF701	ZNF761	truthbar	1	0.2160	DN_NC_073244.2_64543447_4	DN_NC_073244.2_65362909_5	0.2106	0.3364	0.3364
ZNF701	ZNF766	truthbar	1						
ZNF701	ZNF8	truthbar	1						
ZNF701	ZNF808	truthbar	1	0.2190	DN_NC_073244.2_64500861_5	DN_NC_073244.2_64543447_4	0.4373	0.2106	0.4373
ZNF701	ZNF813	truthbar	1	0.2317	DN_NC_073244.2_64543447_4	DN_NC_073244.2_65398487_4	0.2106	0.3208	0.3208
ZNF701	ZNF83	truthbar	1	0.2067	DN_NC_073244.2_64543447_4	DN_NC_073244.2_64585864_4	0.2106	0.3038	0.3038
ZNF701	ZNF836	truthbar	1	0.1688	DN_NC_073244.2_64125568_5	DN_NC_073244.2_64543447_4	0.4107	0.2106	0.4107
ZNF701	ZNF841	truthbar	1	0.1575	DN_NC_073244.2_64034715_7	DN_NC_073244.2_64543447_4	0.3325	0.2106	0.3325
ZNF701	ZNF888	truthbar	1	0.2466	DN_NC_073244.2_64543447_4	DN_NC_073244.2_64860608_4	0.2106	0.4244	0.4244
ZNF701	ZNF91	genuine	0						
ZNF701	ZNF92	truthbar	1						
ZNF71	ZNF74	truthbar	1	0.3132	DN_NC_073244.2_68699723_3	DN_NC_086018.1_17871581_2	0.0907	0.1098	0.1098
ZNF71	ZNF768	genuine	0						
ZNF71	ZNF771	genuine	0						
ZNF71	ZNF774	truthbar	1						
ZNF71	ZNF835	truthbar	1	0.3076	DN_NC_073244.2_68699723_3	DN_NC_073244.2_68766684_2	0.0907	0.1928	0.1928
ZNF717	ZNF782	truthbar	1	0.1544	DN_NC_073237.2_93275727_4	DN_NC_086017.1_85766278_5	0.1049	0.1562	0.1562
ZNF717	ZNF81	truthbar	1						
ZNF717	ZNF84	truthbar	1	0.3570	DN_NC_073234.2_148537990_5	DN_NC_086017.1_85766278_5	0.2027	0.1562	0.2027
ZNF717	ZNF883	genuine	0	0.2538	DN_NC_073237.2_109230975_4	DN_NC_086017.1_85766278_5	0.2819	0.1562	0.2819
ZNF721	ZNF723	truthbar	1	0.1541	DN_NC_073227.2_9010062_2	DN_NC_073244.2_29232445_4	0.3953	0.5099	0.5099
ZNF721	ZNF727	truthbar	1	0.1919	DN_NC_073227.2_9010062_2	DN_NC_073230.2_73508332_4	0.3953	0.3146	0.3953
ZNF721	ZNF736	genuine	0	0.1934	DN_NC_073227.2_9010062_2	DN_NC_073230.2_73776646_4	0.3953	0.3000	0.3953
ZNF721	ZNF761	truthbar	1						
ZNF721	ZNF766	genuine	0						
ZNF721	ZNF8	truthbar	1						
ZNF721	ZNF808	truthbar	1	0.1525	DN_NC_073227.2_9009655_3	DN_NC_073244.2_64500861_5	0.3750	0.4373	0.4373
ZNF721	ZNF813	truthbar	1	0.1442	DN_NC_073227.2_9010062_2	DN_NC_073244.2_65398487_4	0.3953	0.3208	0.3953
ZNF721	ZNF83	truthbar	1						
ZNF721	ZNF836	truthbar	1	0.1781	DN_NC_073227.2_9009655_3	DN_NC_073244.2_64125568_5	0.3750	0.4107	0.4107
ZNF721	ZNF841	truthbar	1						
ZNF721	ZNF888	truthbar	1						
ZNF721	ZNF91	truthbar	1	0.3946	DN_NC_073227.2_9010062_2	DN_NC_073244.2_29680825_2	0.3953	0.5202	0.5202
ZNF721	ZNF92	truthbar	1	0.1677	DN_NC_073227.2_9010062_2	DN_NC_073230.2_74637814_2	0.3953	0.3657	0.3953
ZNF723	ZNF727	truthbar	1	0.2012	DN_NC_073230.2_73508332_4	DN_NC_073244.2_29232445_4	0.3146	0.5099	0.5099
ZNF723	ZNF736	truthbar	1	0.3459	DN_NC_073230.2_73776646_4	DN_NC_073244.2_29232445_4	0.3000	0.5099	0.5099
ZNF723	ZNF761	truthbar	1						
ZNF723	ZNF766	truthbar	1	0.2396	DN_NC_073244.2_29232445_4	DN_NC_073244.2_64231369_4	0.5099	0.2784	0.5099
ZNF723	ZNF8	truthbar	1						
ZNF723	ZNF808	truthbar	1						
ZNF723	ZNF813	truthbar	1						
ZNF723	ZNF83	truthbar	1						
ZNF723	ZNF836	truthbar	1	0.1403	DN_NC_073244.2_29232445_4	DN_NC_073244.2_64125568_5	0.5099	0.4107	0.5099
ZNF723	ZNF841	truthbar	1						
ZNF723	ZNF888	truthbar	1						
ZNF723	ZNF91	genuine	0	0.2569	DN_NC_073244.2_29232445_4	DN_NC_073244.2_29680825_4	0.5099	0.4948	0.5099
ZNF723	ZNF92	truthbar	1	0.2362	DN_NC_073230.2_74637722_4	DN_NC_073244.2_29232445_4	0.3318	0.5099	0.5099
ZNF727	ZNF736	truthbar	1						
ZNF727	ZNF761	truthbar	1						
ZNF727	ZNF766	truthbar	1						
ZNF727	ZNF8	truthbar	1						
ZNF727	ZNF808	truthbar	1						
ZNF727	ZNF813	truthbar	1						
ZNF727	ZNF83	truthbar	1						
ZNF727	ZNF836	truthbar	1						
ZNF727	ZNF841	truthbar	1						
ZNF727	ZNF888	truthbar	1						
ZNF727	ZNF91	genuine	0	0.1721	DN_NC_073230.2_73508332_4	DN_NC_073244.2_29680825_2	0.3146	0.5202	0.5202
ZNF727	ZNF92	truthbar	1	0.2924	DN_NC_073230.2_73508332_4	DN_NC_073230.2_74637814_2	0.3146	0.3657	0.3657
ZNF736	ZNF761	truthbar	1						
ZNF736	ZNF766	truthbar	1						
ZNF736	ZNF8	truthbar	1						
ZNF736	ZNF808	truthbar	1						
ZNF736	ZNF813	truthbar	1						
ZNF736	ZNF83	truthbar	1	0.2041	DN_NC_073230.2_73776646_4	DN_NC_073244.2_64585864_4	0.3000	0.3038	0.3038
ZNF736	ZNF836	truthbar	1						
ZNF736	ZNF841	truthbar	1						
ZNF736	ZNF888	truthbar	1						
ZNF736	ZNF91	genuine	0	0.1855	DN_NC_073230.2_73776646_4	DN_NC_073244.2_29680825_2	0.3000	0.5202	0.5202
ZNF736	ZNF92	truthbar	1	0.3385	DN_NC_073230.2_73776646_4	DN_NC_073230.2_74637814_2	0.3000	0.3657	0.3657
ZNF74	ZNF768	genuine	0	0.1646	DN_NC_073242.2_36238906_2	DN_NC_086018.1_17871581_2	0.0398	0.1098	0.1098
ZNF74	ZNF771	genuine	0						
ZNF74	ZNF774	truthbar	1						
ZNF74	ZNF835	truthbar	1	0.1827	DN_NC_073244.2_68766684_2	DN_NC_086018.1_17871581_2	0.1928	0.1098	0.1928
ZNF75A	ZNF75D	truthbar	1	0.2279	DN_NC_073242.2_6953229_7	DN_NC_073247.2_147064204_6	0.1522	0.0919	0.1522
ZNF75A	ZSCAN21	truthbar	1						
ZNF75A	ZSCAN29	truthbar	1						
ZNF75A	ZSCAN30	truthbar	1						
ZNF75A	ZSCAN31	truthbar	1						
ZNF75D	ZSCAN21	truthbar	1						
ZNF75D	ZSCAN29	genuine	0						
ZNF75D	ZSCAN30	truthbar	1						
ZNF75D	ZSCAN31	truthbar	1						
ZNF761	ZNF766	truthbar	1						
ZNF761	ZNF8	truthbar	1						
ZNF761	ZNF808	truthbar	1	0.3344	DN_NC_073244.2_64500861_5	DN_NC_073244.2_65362909_5	0.4373	0.3364	0.4373
ZNF761	ZNF813	truthbar	1	0.1759	DN_NC_073244.2_65362909_5	DN_NC_073244.2_65398487_4	0.3364	0.3208	0.3364
ZNF761	ZNF83	truthbar	1	0.3601	DN_NC_073244.2_64585864_4	DN_NC_073244.2_65362909_5	0.3038	0.3364	0.3364
ZNF761	ZNF836	truthbar	1	0.3227	DN_NC_073244.2_64125568_5	DN_NC_073244.2_65362909_5	0.4107	0.3364	0.4107
ZNF761	ZNF841	truthbar	1	0.2137	DN_NC_073244.2_64034715_7	DN_NC_073244.2_65362909_5	0.3325	0.3364	0.3364
ZNF761	ZNF888	truthbar	1	0.1763	DN_NC_073244.2_64860608_4	DN_NC_073244.2_65362909_5	0.4244	0.3364	0.4244
ZNF761	ZNF91	truthbar	1						
ZNF761	ZNF92	truthbar	1						
ZNF766	ZNF8	truthbar	1						
ZNF766	ZNF808	truthbar	1	0.2488	DN_NC_073244.2_64231369_4	DN_NC_073244.2_64500861_5	0.2784	0.4373	0.4373
ZNF766	ZNF813	truthbar	1	0.1407	DN_NC_073244.2_64231369_4	DN_NC_073244.2_65398487_4	0.2784	0.3208	0.3208
ZNF766	ZNF83	truthbar	1	0.2604	DN_NC_073244.2_64231369_4	DN_NC_073244.2_64585864_4	0.2784	0.3038	0.3038
ZNF766	ZNF836	truthbar	1						
ZNF766	ZNF841	truthbar	1						
ZNF766	ZNF888	truthbar	1						
ZNF766	ZNF91	genuine	0						
ZNF766	ZNF92	truthbar	1						
ZNF768	ZNF771	genuine	0						
ZNF768	ZNF774	genuine	0						
ZNF768	ZNF835	genuine	0	0.2058	DN_NC_073242.2_36238906_2	DN_NC_073244.2_68766684_2	0.0398	0.1928	0.1928
ZNF77	ZNF791	truthbar	1	0.1924	DN_NC_073244.2_18649721_4	DN_NC_073244.2_8711681_4	0.4193	0.1126	0.4193
ZNF77	ZNF799	truthbar	1	0.1733	DN_NC_073244.2_18426035_4	DN_NC_073244.2_8711681_4	0.2437	0.1126	0.2437
ZNF77	ZNF823	truthbar	1						
ZNF771	ZNF774	genuine	0						
ZNF771	ZNF835	genuine	0	0.1966	DN_NC_073242.2_36121013_3	DN_NC_073244.2_68766684_2	0.0406	0.1928	0.1928
ZNF774	ZNF835	truthbar	1	0.2001	DN_NC_073240.2_91564233_4	DN_NC_073244.2_68766684_2	0.1491	0.1928	0.1928
ZNF776	ZNF792	truthbar	1						
ZNF778	ZSCAN2	genuine	0	0.2071	DN_NC_073240.2_85898394_3	DN_NC_073242.2_119807836_6	0.1504	0.0601	0.1504
ZNF780A	ZNF780B	truthbar	1	0.3600	DN_NC_073244.2_51783968_5	DN_NC_073244.2_51825388_5	0.2381	0.1618	0.2381
ZNF780A	ZNF790	truthbar	1	0.2525	DN_NC_073244.2_47997304_5	DN_NC_073244.2_51825388_5	0.2772	0.1618	0.2772
ZNF780A	ZNF829	truthbar	1						
ZNF780A	ZNF891	truthbar	1						
ZNF780B	ZNF790	truthbar	1						
ZNF780B	ZNF829	truthbar	1	0.2122	DN_NC_073244.2_48066692_6	DN_NC_073244.2_51783968_5	0.4705	0.2381	0.4705
ZNF780B	ZNF891	truthbar	1						
ZNF782	ZNF81	truthbar	1						
ZNF782	ZNF84	truthbar	1	0.2450	DN_NC_073234.2_148537990_5	DN_NC_073237.2_93275727_4	0.2027	0.1049	0.2027
ZNF782	ZNF883	genuine	0						
ZNF79	ZNF892	truthbar	1						
ZNF790	ZNF829	truthbar	1	0.2474	DN_NC_073244.2_47997304_5	DN_NC_073244.2_48066692_6	0.2772	0.4705	0.4705
ZNF790	ZNF891	truthbar	1						
ZNF791	ZNF799	truthbar	1	0.1301	DN_NC_073244.2_18426035_4	DN_NC_073244.2_18649721_4	0.2437	0.4193	0.4193
ZNF791	ZNF823	truthbar	1	0.1869	DN_NC_073244.2_17751584_2	DN_NC_073244.2_18649721_4	0.2238	0.4193	0.4193
ZNF799	ZNF823	truthbar	1	0.6762	DN_NC_073244.2_17751584_2	DN_NC_073244.2_18426035_4	0.2238	0.2437	0.2437
ZNF8	ZNF808	truthbar	1						
ZNF8	ZNF813	truthbar	1						
ZNF8	ZNF83	truthbar	1						
ZNF8	ZNF836	truthbar	1						
ZNF8	ZNF841	truthbar	1						
ZNF8	ZNF888	truthbar	1						
ZNF8	ZNF91	genuine	0						
ZNF8	ZNF92	truthbar	1						
ZNF805	ZSCAN20	genuine	0						
ZNF808	ZNF813	truthbar	1	0.1935	DN_NC_073244.2_64500861_5	DN_NC_073244.2_65398487_4	0.4373	0.3208	0.4373
ZNF808	ZNF83	truthbar	1						
ZNF808	ZNF836	truthbar	1	0.3525	DN_NC_073244.2_64125568_5	DN_NC_073244.2_64500861_5	0.4107	0.4373	0.4373
ZNF808	ZNF841	truthbar	1	0.2181	DN_NC_073244.2_64034715_7	DN_NC_073244.2_64500861_5	0.3325	0.4373	0.4373
ZNF808	ZNF888	truthbar	1	0.4464	DN_NC_073244.2_64500861_5	DN_NC_073244.2_64860608_4	0.4373	0.4244	0.4373
ZNF808	ZNF91	truthbar	1	0.2576	DN_NC_073244.2_29680825_4	DN_NC_073244.2_64500861_5	0.4948	0.4373	0.4948
ZNF808	ZNF92	truthbar	1						
ZNF81	ZNF84	truthbar	1						
ZNF81	ZNF883	truthbar	1						
ZNF813	ZNF83	truthbar	1	0.1684	DN_NC_073244.2_64585864_4	DN_NC_073244.2_65398487_4	0.3038	0.3208	0.3208
ZNF813	ZNF836	truthbar	1	0.1595	DN_NC_073244.2_64125568_5	DN_NC_073244.2_65398487_4	0.4107	0.3208	0.4107
ZNF813	ZNF841	truthbar	1	0.2545	DN_NC_073244.2_64034715_7	DN_NC_073244.2_65398487_4	0.3325	0.3208	0.3325
ZNF813	ZNF888	truthbar	1	0.1796	DN_NC_073244.2_64860608_4	DN_NC_073244.2_65398487_4	0.4244	0.3208	0.4244
ZNF813	ZNF91	truthbar	1	0.1554	DN_NC_073244.2_29680825_4	DN_NC_073244.2_65398487_4	0.4948	0.3208	0.4948
ZNF813	ZNF92	truthbar	1						
ZNF829	ZNF891	truthbar	1						
ZNF83	ZNF836	truthbar	1	0.2668	DN_NC_073244.2_64125568_5	DN_NC_073244.2_64585864_4	0.4107	0.3038	0.4107
ZNF83	ZNF841	truthbar	1	0.1467	DN_NC_073244.2_64034715_7	DN_NC_073244.2_64585864_4	0.3325	0.3038	0.3325
ZNF83	ZNF888	truthbar	1	0.4028	DN_NC_073244.2_64585864_4	DN_NC_073244.2_64860608_4	0.3038	0.4244	0.4244
ZNF83	ZNF91	truthbar	1						
ZNF83	ZNF92	truthbar	1						
ZNF836	ZNF841	truthbar	1	0.3742	DN_NC_073244.2_64034715_7	DN_NC_073244.2_64125568_5	0.3325	0.4107	0.4107
ZNF836	ZNF888	truthbar	1	0.1666	DN_NC_073244.2_64125568_5	DN_NC_073244.2_64860608_4	0.4107	0.4244	0.4244
ZNF836	ZNF91	truthbar	1	0.4855	DN_NC_073244.2_29680825_4	DN_NC_073244.2_64125568_5	0.4948	0.4107	0.4948
ZNF836	ZNF92	truthbar	1	0.3485	DN_NC_073230.2_74637722_4	DN_NC_073244.2_64125568_5	0.3318	0.4107	0.4107
ZNF84	ZNF883	genuine	0	0.2231	DN_NC_073234.2_148537990_5	DN_NC_073237.2_109230975_4	0.2027	0.2819	0.2819
ZNF841	ZNF888	truthbar	1	0.1425	DN_NC_073244.2_64034715_7	DN_NC_073244.2_64860608_4	0.3325	0.4244	0.4244
ZNF841	ZNF91	truthbar	1						
ZNF841	ZNF92	truthbar	1	0.3516	DN_NC_073230.2_74637814_2	DN_NC_073244.2_64034715_7	0.3657	0.3325	0.3657
ZNF888	ZNF91	truthbar	1	0.2273	DN_NC_073244.2_29680825_4	DN_NC_073244.2_64860608_4	0.4948	0.4244	0.4948
ZNF888	ZNF92	truthbar	1						
ZNF91	ZNF92	genuine	0	0.2312	DN_NC_073230.2_74637722_4	DN_NC_073244.2_29680825_2	0.3318	0.5202	0.5202
ZSCAN12	ZSCAN16	truthbar	1	0.2953	DN_NC_073229.2_45747170_4	DN_NC_073229.2_46022147_4	0.0506	0.1240	0.1240
ZSCAN12	ZSCAN22	truthbar	1						
ZSCAN12	ZSCAN9	truthbar	1						
ZSCAN16	ZSCAN22	truthbar	1						
ZSCAN16	ZSCAN9	truthbar	1	0.2568	DN_NC_073229.2_45747170_4	DN_NC_073229.2_45857463_4	0.0506	0.1233	0.1233
ZSCAN21	ZSCAN29	genuine	0						
ZSCAN21	ZSCAN30	truthbar	1						
ZSCAN21	ZSCAN31	truthbar	1	0.1578	DN_NC_073229.2_45959984_4	DN_NC_073230.2_88700652_4	0.1071	0.0916	0.1071
ZSCAN22	ZSCAN9	truthbar	1						
ZSCAN29	ZSCAN30	genuine	0						
ZSCAN29	ZSCAN31	genuine	0						
ZSCAN30	ZSCAN31	truthbar	1						
