gene_a	gene_b	dn_a	dn_b	cls	in_dna_loose	n_exon_a	n_exon_b	n_exon_min	stratum	both_single	core_recip	aln_frac	contain_ab	contain_ba	recip_contain	fold
ABCA10	ABCA8	DN_NC_073228.2_22763468_38	DN_NC_073228.2_23038330_39	truthbar	0	38	39	38	multi	0	0.1809	0.0000	0.0000	0.0000	0.0000	1
ABCA10	ABCA9	DN_NC_073228.2_22763468_38	DN_NC_073228.2_22930246_39	truthbar	0	38	39	38	multi	0	0.3553	0.0000	0.0000	0.0000	0.0000	1
ABCA13	ITSN1	DN_NC_073230.2_56036026_15	DN_NC_073246.2_35769268_8	genuine	0	15	8	8	multi	0	0.1409	0.1400	0.0667	0.1250	0.0667	3
ABCA13	LOC101150644	DN_NC_073230.2_56036026_15	DN_NC_073233.2_11450665_3	genuine	0	15	3	3	multi	0	0.1360	0.0000	0.0000	0.0000	0.0000	3
ABCA13	LOC129532904	DN_NC_073227.2_36265860_3	DN_NC_073230.2_56036026_15	genuine	0	3	15	3	multi	0	0.1346	0.0000	0.0000	0.0000	0.0000	3
ABCA8	ABCA9	DN_NC_073228.2_22930246_39	DN_NC_073228.2_23038330_39	truthbar	0	39	39	39	multi	0	0.4182	0.1727	0.2308	0.2308	0.2308	1
ABCD1	LOC129526391	DN_NC_073236.2_25270756_7	DN_NC_073247.2_165410205_10	TP	1	7	10	7	multi	0	0.4426	0.8100	0.4286	0.3000	0.3000	2
ABCD1	LOC129526471	DN_NC_073236.2_22701854_7	DN_NC_073247.2_165410205_10	TP	1	7	10	7	multi	0	0.3255	0.8083	0.4286	0.3000	0.3000	2
ABCD1	LOC129531453	DN_NC_073240.2_15970659_7	DN_NC_073247.2_165410205_10	TP	1	7	10	7	multi	0	0.3224	0.8056	0.4286	0.3000	0.3000	2
ABITRAM	CTNNAL1	DN_NC_073237.2_105179643_6	DN_NC_073237.2_105184979_19	genuine	0	6	19	6	multi	0	0.7593	0.7599	0.1667	0.0526	0.0526	1
ACADL	C3H4orf36	DN_NC_073227.2_107202270_4	DN_NC_073235.2_112807340_11	genuine	0	4	11	4	multi	0	0.2241	0.0000	0.0000	0.0000	0.0000	0
ACADL	SPC25	DN_NC_073235.2_112807340_11	DN_NC_073235.2_71373985_7	genuine	0	11	7	7	multi	0	0.1610	0.0000	0.0000	0.0000	0.0000	0
ACAT2	TCP1	DN_NC_073229.2_183992530_9	DN_NC_073229.2_184008587_12	genuine	0	9	12	9	multi	0	0.1573	0.1576	0.0000	0.0833	0.0000	3
ACO2	POLR3H	DN_NC_086018.1_39469630_18	DN_NC_086018.1_39525778_6	genuine	0	18	6	6	multi	0	0.2132	0.0000	0.0000	0.0000	0.0000	1
ACOT6	CDKN2AIPNL	DN_NC_073228.2_138307166_3	DN_NC_073239.2_90471291_2	genuine	0	3	2	2	multi	0	0.1320	0.0000	0.0000	0.0000	0.0000	1
ACOT9	LOC129525165	DN_NC_073232.2_145623155_3	DN_NC_073247.2_34199522_16	genuine	0	2	16	2	multi	0	0.1880	0.0000	0.0000	0.0000	0.0000	1
ACP1	ALKAL2	DN_NC_073236.2_139618373_5	DN_NC_073236.2_139624268_6	genuine	0	5	6	5	multi	0	0.8616	0.8616	0.2000	0.0000	0.0000	1
ACSBG1	IDH3A	DN_NC_073240.2_79048326_11	DN_NC_073240.2_79068535_14	TP	1	11	14	11	multi	0	0.5137	0.5130	0.0909	0.0714	0.0714	4
ACSL3	ACSL4	DN_NC_073235.2_125539339_16	DN_NC_073247.2_121395319_16	truthbar	0	16	16	16	multi	0	0.1790	0.0000	0.0000	0.0000	0.0000	3
ACSM1	LOC129528956	DN_NC_073242.2_20304889_2	DN_NC_073244.2_28133171_2	genuine	0	2	2	2	multi	0	0.1515	0.9663	0.5000	0.5000	0.5000	3
ACTA2	ACTB	DN_NC_073230.2_12962256_6	DN_NC_073232.2_101260375_9	truthbar	0	6	9	6	multi	0	0.6390	0.0000	0.0000	0.0000	0.0000	1
ACTA2	ACTG1	DN_NC_073228.2_10434405_6	DN_NC_073232.2_101260375_9	truthbar	0	6	9	6	multi	0	0.6350	0.0000	0.0000	0.0000	0.0000	1
ACTB	ACTG1	DN_NC_073228.2_10434405_6	DN_NC_073230.2_12962256_6	TP	1	6	6	6	multi	0	0.5384	0.5257	0.6667	0.6667	0.6667	1
ACTL6A	MRPL47	DN_NC_086017.1_190656695_14	DN_NC_086017.1_190680196_7	genuine	0	14	7	7	multi	0	0.4282	0.4274	0.0714	0.0000	0.0000	3
ACTN1	ACTN3	DN_NC_073233.2_74467231_21	DN_NC_073239.2_85769342_21	truthbar	0	21	21	21	multi	0	0.3588	0.0000	0.0000	0.0000	0.0000	3
ACTN1	ACTN4	DN_NC_073239.2_85769342_21	DN_NC_073244.2_50412691_21	truthbar	0	21	21	21	multi	0	0.6757	0.5804	0.8571	0.8571	0.8571	3
ACTN3	ACTN4	DN_NC_073233.2_74467231_21	DN_NC_073244.2_50412691_21	truthbar	0	21	21	21	multi	0	0.7921	0.0000	0.0000	0.0000	0.0000	3
ADA	PKIG	DN_NC_073245.2_56763975_4	DN_NC_073245.2_56852545_12	genuine	0	4	12	4	multi	0	0.2136	0.2136	0.0000	0.0833	0.0000	1
ADAM29	LOC101154164	DN_NC_073227.2_195911333_4	DN_NC_073239.2_87316371_2	truthbar	0	4	2	2	multi	0	0.3251	0.0000	0.0000	0.0000	0.0000	3
ADAT1	LOC109026802	DN_NC_073228.2_185199640_2	DN_NC_073242.2_106088342_11	genuine	0	2	11	2	multi	0	0.2491	0.0000	0.0000	0.0000	0.0000	1
ADGRF5	LOC109023105	DN_NC_073229.2_64639535_22	DN_NC_073238.2_32078126_7	genuine	0	22	7	7	multi	0	0.2208	0.9057	0.2273	0.7143	0.2273	3
ADH1B	LOC101136823	DN_NC_073227.2_119617950_9	DN_NC_073227.2_119647764_9	TP	1	9	9	9	multi	0	0.3518	0.7835	0.8889	0.8889	0.8889	0
ADORA1	CHIT1	DN_NC_073224.2_53524414_11	DN_NC_073224.2_53535059_3	genuine	0	11	3	3	multi	0	0.4714	0.4710	0.0909	0.0000	0.0000	3
AFG3L2	TUBB6	DN_NC_073241.2_37890028_17	DN_NC_073241.2_37935842_4	genuine	0	17	4	4	multi	0	0.2395	0.2391	0.0588	0.0000	0.0000	1
AK6	TAF9B	DN_NC_073243.2_40875168_3	DN_NC_073247.2_89808941_7	genuine	0	3	7	3	multi	0	0.3182	0.0000	0.0000	0.0000	0.0000	1
AKR1B10	LOC115935241	DN_NC_073230.2_143596666_10	DN_NC_073230.2_143617302_10	TP	1	10	10	10	multi	0	0.4206	0.4203	0.8000	0.9000	0.8000	3
AKR7A2	LOC115933748	DN_NC_073224.2_220588830_7	DN_NC_073224.2_220611411_7	TP	1	7	7	7	multi	0	0.7366	0.7337	0.8571	0.7143	0.7143	3
AKT1	AKT2	DN_NC_073239.2_121772610_13	DN_NC_073244.2_51984253_14	truthbar	0	13	14	13	multi	0	0.2018	0.2889	0.6154	0.5714	0.5714	1
AKTIP	RBL2	DN_NC_073242.2_82507839_22	DN_NC_073242.2_82560306_10	genuine	0	22	10	10	multi	0	0.3117	0.3105	0.0455	0.0000	0.0000	3
ALB	AVEN	DN_NC_073227.2_93560991_18	DN_NC_073240.2_34703303_6	genuine	0	18	6	6	multi	0	0.1543	0.0000	0.0000	0.0000	0.0000	1
ALDH1B1	ALDH2	DN_NC_073234.2_127179897_13	DN_NC_073237.2_24562366_2	truthbar	0	13	2	2	multi	0	0.4238	0.0000	0.0000	0.0000	0.0000	4
ALDH1B1	LOC115935842	DN_NC_073236.2_32676987_2	DN_NC_073237.2_24562366_2	TP	1	2	2	2	multi	0	0.3444	1.0010	1.0000	1.0000	1.0000	4
ALDH1B1	LOC129524687	DN_NC_073237.2_24562360_2	DN_NC_073237.2_31692944_2	TP	1	2	2	2	multi	0	0.8829	1.0000	1.0000	1.0000	1.0000	4
ALDH1L1	ALDH1L2	DN_NC_073234.2_120456173_23	DN_NC_086017.1_136950625_23	truthbar	0	23	23	23	multi	0	0.5237	0.0000	0.0000	0.0000	0.0000	3
ALDH2	LOC129524687	DN_NC_073234.2_127179897_13	DN_NC_073237.2_31692944_2	truthbar	0	13	2	2	multi	0	0.2743	0.0000	0.0000	0.0000	0.0000	4
ALG1	LOC101139163	DN_NC_073242.2_8725127_13	DN_NC_086017.1_141278779_5	genuine	0	13	5	5	multi	0	0.1538	0.4459	0.0769	0.2000	0.0769	0
ALG1	LOC101152938	DN_NC_073233.2_75718276_6	DN_NC_073242.2_8725127_13	genuine	0	6	13	6	multi	0	0.1724	0.4199	0.0000	0.0769	0.0000	0
ALG10	ALG10B	DN_NC_073234.2_62953363_3	DN_NC_073234.2_67151860_3	TP	1	3	3	3	multi	0	0.5702	0.9802	1.0000	1.0000	1.0000	3
ALG1L1P	LOC101127338	DN_NC_086017.1_134833806_5	DN_NC_086017.1_136815000_6	genuine	0	5	6	5	multi	0	0.6561	1.1244	1.0000	1.0000	1.0000	1
AMN1	ETFBKMT	DN_NC_073234.2_69501458_7	DN_NC_073234.2_69557459_4	genuine	0	7	4	4	multi	0	0.6472	0.6468	0.1429	0.0000	0.0000	1
AMPD2	AMPD3	DN_NC_073224.2_130449319_18	DN_NC_073233.2_16844162_15	truthbar	0	18	15	15	multi	0	0.1647	0.0000	0.0000	0.0000	0.0000	1
AMY2A	ZNF888	DN_NC_073224.2_136262916_11	DN_NC_073244.2_64860608_4	genuine	0	11	4	4	multi	0	0.1698	0.0000	0.0000	0.0000	0.0000	4
AMZ2	LOC101129405	DN_NC_073228.2_23742950_7	DN_NC_073228.2_27022347_6	genuine	0	7	6	6	multi	0	0.1651	0.7199	0.1429	0.1667	0.1429	1
ANKRD18A	ANKRD18B	DN_NC_073237.2_24387014_11	DN_NC_073237.2_31481917_11	TP	1	11	11	11	multi	0	0.2528	0.8900	0.9091	1.0000	0.9091	4
ANKRD18A	LOC101142783	DN_NC_073237.2_24387014_11	DN_NC_073237.2_29418618_13	TP	1	11	13	11	multi	0	0.3383	0.9090	1.0000	0.8462	0.8462	4
ANKRD18A	LOC115933254	DN_NC_073236.2_32935295_3	DN_NC_073237.2_24387014_11	TP	1	3	11	3	multi	0	0.2170	0.5114	0.3333	0.0909	0.0909	4
ANKRD18B	LOC101142783	DN_NC_073237.2_29418618_13	DN_NC_073237.2_31481917_11	TP	1	13	11	11	multi	0	0.5768	0.6244	0.7692	1.0000	0.7692	4
ANKRD18B	LOC101147259	DN_NC_073237.2_31481917_11	DN_NC_073237.2_93516915_6	TP	1	11	6	6	multi	0	0.2605	0.5576	0.1818	0.3333	0.1818	4
ANKRD18B	LOC115933254	DN_NC_073236.2_32866582_11	DN_NC_073237.2_31481917_11	TP	1	11	11	11	multi	0	0.5644	0.9919	0.9091	1.0000	0.9091	4
ANKRD36C	LOC101125154	DN_NC_073236.2_33699714_3	DN_NC_073236.2_35163364_4	truthbar	0	3	4	3	multi	0	0.1925	0.8081	0.3333	0.2500	0.2500	1
ANKRD36C	LOC109025523	DN_NC_073236.2_33791336_41	DN_NC_073236.2_35320202_37	TP	1	41	37	37	multi	0	0.5033	0.5014	0.2439	0.2703	0.2439	1
ANKRD37	UFSP2	DN_NC_073227.2_206378182_5	DN_NC_073227.2_206379213_12	genuine	0	5	12	5	multi	0	0.2174	0.2174	0.2000	0.0000	0.0000	3
ANKRD6	LYRM2	DN_NC_073229.2_113642543_16	DN_NC_073229.2_113787300_3	genuine	0	16	3	3	multi	0	0.6194	0.6194	0.0625	0.0000	0.0000	1
ANKRD62	LOC109025523	DN_NC_073236.2_35320202_37	DN_NC_073241.2_38130293_13	genuine	0	37	13	13	multi	0	0.2212	0.0000	0.0000	0.0000	0.0000	1
ANO1	ANO2	DN_NC_073233.2_78027084_24	DN_NC_073234.2_21213540_25	truthbar	0	24	25	24	multi	0	0.2128	0.0000	0.0000	0.0000	0.0000	4
ANO1	PRKAR2A	DN_NC_073233.2_78071205_2	DN_NC_086017.1_58705155_2	genuine	0	2	2	2	multi	0	0.1371	0.0000	0.0000	0.0000	0.0000	4
AP1B1	AP2B1	DN_NC_073228.2_57285795_22	DN_NC_086018.1_27357888_21	truthbar	0	22	21	21	multi	0	0.4286	0.0000	0.0000	0.0000	0.0000	1
AP1M1	AP1M2	DN_NC_073244.2_16606086_12	DN_NC_073244.2_22635247_12	truthbar	0	12	12	12	multi	0	0.3873	0.0000	0.0000	0.0000	0.0000	1
AP1S2	BDP1	DN_NC_073243.2_40339828_3	DN_NC_073247.2_26298821_5	genuine	0	3	5	3	multi	0	0.2271	0.2262	0.0000	0.6000	0.0000	1
AP2A1	AP2A2	DN_NC_073233.2_7370930_22	DN_NC_073244.2_59973129_7	truthbar	0	22	7	7	multi	0	0.2691	0.0000	0.0000	0.0000	0.0000	3
APBA2	APBA3	DN_NC_073240.2_29886021_14	DN_NC_073244.2_9529410_11	truthbar	0	14	11	11	multi	0	0.1630	0.0000	0.0000	0.0000	0.0000	1
APOBEC3C	APOBEC3D	DN_NC_086018.1_36987543_6	DN_NC_086018.1_37016890_4	genuine	0	6	4	4	multi	0	0.2709	0.3080	0.3333	0.5000	0.3333	4
APOBEC3C	APOBEC3F	DN_NC_086018.1_37016890_4	DN_NC_086018.1_37043543_7	genuine	0	4	7	4	multi	0	0.3030	0.6780	0.7500	0.2857	0.2857	4
APOBEC3D	APOBEC3F	DN_NC_086018.1_36987543_6	DN_NC_086018.1_37043543_7	TP	1	6	7	6	multi	0	0.3807	0.9775	0.8333	0.7143	0.7143	4
APOL2	APOL3	DN_NC_086018.1_34137538_4	DN_NC_086018.1_34223461_5	truthbar	0	4	5	4	multi	0	0.3708	0.3042	0.0000	0.0000	0.0000	3
APOL3	APOL4	DN_NC_086018.1_34137538_4	DN_NC_086018.1_34186611_4	truthbar	0	4	4	4	multi	0	0.2863	0.4186	0.0000	0.0000	0.0000	3
APOL4	LOC129527096	DN_NC_073240.2_41396094_2	DN_NC_086018.1_34186611_4	genuine	0	2	4	2	multi	0	0.2801	0.7764	0.5000	0.0000	0.0000	3
ARFGEF1	ARFGEF2	DN_NC_073231.2_53153474_12	DN_NC_073245.2_61178675_39	truthbar	0	12	39	12	multi	0	0.2362	0.0000	0.0000	0.0000	0.0000	3
ARHGEF39	CCDC107	DN_NC_073237.2_27307884_9	DN_NC_073237.2_27311993_5	genuine	0	9	5	5	multi	0	0.4694	0.4705	0.0000	0.2000	0.0000	3
ARHGEF4	SPATA13	DN_NC_073235.2_32368514_11	DN_NC_073238.2_38585508_10	genuine	0	11	10	10	multi	0	0.2424	0.0000	0.0000	0.0000	0.0000	1
ARID1A	ARID1B	DN_NC_073224.2_213161178_3	DN_NC_073229.2_181371301_3	truthbar	0	3	3	3	multi	0	0.2719	0.0000	0.0000	0.0000	0.0000	3
ARL17A	LOC101135168	DN_NC_073228.2_45686814_4	DN_NC_073228.2_45710800_6	genuine	0	4	6	4	multi	0	0.5577	0.5577	0.2500	0.1667	0.1667	3
ARL17A	LOC115934626	DN_NC_073228.2_45686814_4	DN_NC_073228.2_45948292_6	genuine	0	4	6	4	multi	0	0.4194	0.6153	0.2500	0.1667	0.1667	3
ARRB1	ARRB2	DN_NC_073233.2_83154693_15	DN_NC_073243.2_19834097_15	truthbar	0	15	15	15	multi	0	0.5264	0.0000	0.0000	0.0000	0.0000	3
ASB6	NTMT1	DN_NC_073237.2_126021216_4	DN_NC_073237.2_126029688_6	TP	1	4	6	4	multi	0	0.7080	0.7066	0.2500	0.0000	0.0000	2
ASNS	LOC129531864	DN_NC_073230.2_90977223_13	DN_NC_073236.2_31570340_7	genuine	0	13	7	7	multi	0	0.2269	0.2159	0.1538	0.1429	0.1429	1
ATP12A	ATP1A2	DN_NC_073224.2_96681549_23	DN_NC_073238.2_38964005_23	truthbar	0	23	23	23	multi	0	0.2964	0.0000	0.0000	0.0000	0.0000	3
ATP12A	ATP1A3	DN_NC_073238.2_38964005_23	DN_NC_073244.2_53573424_23	truthbar	0	23	23	23	multi	0	0.5263	0.0000	0.0000	0.0000	0.0000	3
ATP1A1	ATP1A2	DN_NC_073224.2_120787661_19	DN_NC_073224.2_96681549_23	truthbar	0	19	23	19	multi	0	0.5176	0.0000	0.0000	0.0000	0.0000	3
ATP1A1	ATP1A3	DN_NC_073224.2_120787661_19	DN_NC_073244.2_53573424_23	truthbar	0	19	23	19	multi	0	0.8895	0.0000	0.0000	0.0000	0.0000	3
ATP1A2	ATP1A3	DN_NC_073224.2_96681549_23	DN_NC_073244.2_53573424_23	truthbar	0	23	23	23	multi	0	0.4359	0.7730	0.8261	0.8261	0.8261	3
ATP2A1	ATP2A2	DN_NC_073234.2_125738330_13	DN_NC_073242.2_29733807_20	truthbar	0	13	20	13	multi	0	0.4375	0.0000	0.0000	0.0000	0.0000	1
ATP2B3	ATP2B4	DN_NC_073224.2_53012398_21	DN_NC_073247.2_165220768_21	truthbar	0	21	21	21	multi	0	0.3204	0.0000	0.0000	0.0000	0.0000	1
ATP5ME	PDE6B	DN_NC_073227.2_9231816_7	DN_NC_073227.2_9238554_4	genuine	0	7	4	4	multi	0	0.2016	0.3748	0.1429	0.0000	0.0000	3
ATP6V0A2	TCIRG1	DN_NC_073233.2_75965332_20	DN_NC_073234.2_139148650_20	truthbar	0	20	20	20	multi	0	0.1467	0.0000	0.0000	0.0000	0.0000	3
ATP6V1C2	PDIA6	DN_NC_073236.2_129103377_13	DN_NC_073236.2_129129305_10	TP	1	13	10	10	multi	0	0.3828	0.3800	0.0000	0.1000	0.0000	4
ATP9A	ATP9B	DN_NC_073241.2_108384307_29	DN_NC_073245.2_63862966_28	truthbar	0	29	28	28	multi	0	0.3714	0.0000	0.0000	0.0000	0.0000	1
ATPSCKMT	LOC101133249	DN_NC_073227.2_16860393_3	DN_NC_073243.2_101845354_5	genuine	0	3	5	3	multi	0	0.1790	0.7193	0.3333	0.0000	0.0000	1
AUNIP	MTFR1L	DN_NC_073224.2_214075309_3	DN_NC_073224.2_214095871_7	genuine	0	3	7	3	multi	0	0.7245	0.7245	0.3333	0.1429	0.1429	3
B3GAT2	SMAP1	DN_NC_073229.2_94771458_11	DN_NC_073229.2_94961202_4	genuine	0	11	4	4	multi	0	0.4622	0.5285	0.1818	0.2500	0.1818	1
B3GNTL1	TBCD	DN_NC_073228.2_8941710_13	DN_NC_073228.2_9043620_39	genuine	0	13	39	13	multi	0	0.5383	0.5360	0.0769	0.0256	0.0256	3
BBIP1	PDCD4	DN_NC_073232.2_123144734_12	DN_NC_073232.2_123171879_4	genuine	0	12	4	4	multi	0	0.6716	0.6716	0.0833	0.2500	0.0833	3
BCR	LOC101132434	DN_NC_086018.1_18646417_6	DN_NC_086018.1_20765108_15	TP	1	6	15	6	multi	0	0.3002	0.6622	0.1667	0.0667	0.0667	0
BCR	LOC101135843	DN_NC_086018.1_20765108_15	DN_NC_086018.1_22406144_7	TP	1	15	7	7	multi	0	0.2560	0.5649	0.0667	0.1429	0.0667	0
BCR	LOC115932815	DN_NC_086018.1_20765108_15	DN_NC_086018.1_22166696_9	TP	1	15	7	7	multi	0	0.2679	0.5461	0.0667	0.1429	0.0667	0
BEX1	BEX2	DN_NC_073247.2_114842677_3	DN_NC_073247.2_115094764_3	truthbar	0	3	3	3	multi	0	0.3416	0.6782	0.6667	0.6667	0.6667	3
BEX3	BEX5	DN_NC_073247.2_113936318_3	DN_NC_073247.2_115162367_2	truthbar	0	3	2	2	multi	0	0.1691	0.0000	0.0000	0.0000	0.0000	2
BEX3	NXF3	DN_NC_073247.2_114994295_3	DN_NC_073247.2_115162367_2	genuine	0	3	2	2	multi	0	0.1391	0.0000	0.0000	0.0000	0.0000	2
BFAR	LOC101150079	DN_NC_073242.2_32258496_8	DN_NC_073242.2_32495201_8	TP	1	8	8	8	multi	0	0.6357	1.0030	1.0000	1.0000	1.0000	3
BIRC2	BIRC3	DN_NC_073233.2_110213303_8	DN_NC_073233.2_110238282_9	truthbar	0	8	9	8	multi	0	0.2775	0.0000	0.0000	0.0000	0.0000	3
BLID	LOC101154388	DN_NC_073233.2_130017597_2	DN_NC_073233.2_130017597_4	genuine	0	2	4	2	multi	0	0.8713	0.8713	0.5000	0.2500	0.2500	3
BLK	HCK	DN_NC_073231.2_12364354_11	DN_NC_073245.2_44289870_13	truthbar	0	11	13	11	multi	0	0.1480	0.0000	0.0000	0.0000	0.0000	3
BLNK	ZNF518A	DN_NC_073232.2_108425417_2	DN_NC_073232.2_108425608_2	genuine	0	2	2	2	multi	0	0.9746	0.9746	0.5000	0.5000	0.5000	1
BLOC1S6	HMGN2	DN_NC_073224.2_213462039_6	DN_NC_073240.2_46341896_2	genuine	0	6	2	2	multi	0	0.1527	0.4889	0.6667	0.5000	0.5000	3
BMAL1	BTBD10	DN_NC_073233.2_19708960_19	DN_NC_073233.2_19815473_9	genuine	0	19	9	9	multi	0	0.5174	0.5152	0.0526	0.1111	0.0526	3
BMS1	LOC101143777	DN_NC_073232.2_42022900_16	DN_NC_073232.2_72618921_23	genuine	0	16	23	16	multi	0	0.1317	0.3085	0.4375	0.2609	0.2609	0
BMS1	LOC101148457	DN_NC_073232.2_72618921_23	DN_NC_086018.1_19844955_6	genuine	0	23	9	9	multi	0	0.1545	0.4509	0.3478	0.7778	0.3478	0
BMS1	LOC129524676	DN_NC_073232.2_72618921_23	DN_NC_073237.2_22957046_5	genuine	0	23	5	5	multi	0	0.1696	0.2013	0.1739	0.6000	0.1739	0
BMS1	LOC129526479	DN_NC_073232.2_72618921_23	DN_NC_073238.2_29552503_8	genuine	0	23	8	8	multi	0	0.1652	0.3563	0.3478	0.7500	0.3478	0
BMS1	LOC134756761	DN_NC_073232.2_72618921_23	DN_NC_073236.2_30994185_5	genuine	0	23	5	5	multi	0	0.1712	0.2019	0.1739	0.6000	0.1739	0
BRD1	BRPF1	DN_NC_086017.1_19569853_12	DN_NC_086018.1_47820238_12	truthbar	0	12	12	12	multi	0	0.1857	0.0000	0.0000	0.0000	0.0000	3
BRD3	BRD4	DN_NC_073237.2_130396115_12	DN_NC_073244.2_21687258_9	genuine	0	12	9	9	multi	0	0.2222	0.0000	0.0000	0.0000	0.0000	1
BRICD5	MLST8	DN_NC_073242.2_5822452_9	DN_NC_073242.2_5827060_6	genuine	0	9	6	6	multi	0	0.2247	0.3912	0.0000	0.3333	0.0000	3
BTN1A1	BTN2A2	DN_NC_073229.2_44058305_8	DN_NC_073229.2_44179535_6	truthbar	0	8	6	6	multi	0	0.1411	0.0000	0.0000	0.0000	0.0000	1
BTN2A1	BTN2A2	DN_NC_073229.2_44058305_8	DN_NC_073229.2_44135507_8	TP	1	8	8	8	multi	0	0.2455	0.7791	0.8750	0.8750	0.8750	1
BTN3A1	LOC101147830	DN_NC_073229.2_44079934_10	DN_NC_073229.2_44118209_11	truthbar	0	10	10	10	multi	0	0.3390	0.5166	0.1000	0.1000	0.1000	1
BTRC	FBXW11	DN_NC_073228.2_175667319_12	DN_NC_073232.2_113619502_15	truthbar	0	12	15	12	multi	0	0.2124	0.0000	0.0000	0.0000	0.0000	3
BUD31	PTCD1	DN_NC_073230.2_89389986_8	DN_NC_073230.2_89408091_6	genuine	0	8	6	6	multi	0	0.2119	0.2128	0.0000	0.1667	0.0000	1
C10H12orf56	OOEP	DN_NC_073229.2_97456874_3	DN_NC_073234.2_36991193_12	genuine	0	3	12	3	multi	0	0.1816	0.0000	0.0000	0.0000	0.0000	1
C1H1orf146	GLMN	DN_NC_073224.2_147663563_19	DN_NC_073224.2_147715668_5	genuine	0	19	5	5	multi	0	0.5228	0.5228	0.0526	0.2000	0.0526	1
C1H1orf56	CDC42SE1	DN_NC_073224.2_105776266_5	DN_NC_073224.2_105784199_2	genuine	0	5	2	2	multi	0	0.5756	0.5760	0.0000	0.5000	0.0000	1
C3H4orf36	LOC101143448	DN_NC_073227.2_107202270_4	DN_NC_073240.2_21986088_4	genuine	0	4	4	4	multi	0	0.1523	0.3142	0.0000	0.0000	0.0000	0
C3H4orf36	LOC109025730	DN_NC_073224.2_123525276_5	DN_NC_073227.2_107202270_4	genuine	0	5	4	4	multi	0	0.1370	0.3524	0.2000	0.0000	0.0000	0
C3H4orf36	LOC129533438	DN_NC_073224.2_219630924_4	DN_NC_073227.2_107202270_4	genuine	0	4	4	4	multi	0	0.2038	0.0000	0.0000	0.0000	0.0000	0
C3H4orf36	MINPP1	DN_NC_073227.2_107202270_4	DN_NC_073232.2_99830035_5	genuine	0	4	5	4	multi	0	0.2167	0.2837	0.0000	0.0000	0.0000	0
C3H4orf36	PDCD5	DN_NC_073227.2_107202270_4	DN_NC_073244.2_43610901_6	genuine	0	4	6	4	multi	0	0.1448	0.3707	0.0000	0.1667	0.0000	0
C3H4orf36	SEM1	DN_NC_073227.2_107202270_4	DN_NC_073230.2_92132360_3	genuine	0	4	3	3	multi	0	0.2126	0.3182	0.0000	0.0000	0.0000	0
C3H4orf36	SPC25	DN_NC_073227.2_107202270_4	DN_NC_073235.2_71373985_7	genuine	0	4	7	4	multi	0	0.1654	0.3449	0.0000	0.1429	0.0000	0
C4A	C4B	DN_NC_073229.2_49583451_41	DN_NC_073229.2_49609902_41	TP	1	41	41	41	multi	0	0.9998	1.0000	1.0000	1.0000	1.0000	0
C7H8orf33	LOC129527512	DN_NC_073231.2_150893284_5	DN_NC_073242.2_6296327_3	genuine	0	5	3	3	multi	0	0.2129	0.6145	0.0000	0.3333	0.0000	3
C9H11orf65	LOC101145464	DN_NC_073233.2_116263271_8	DN_NC_073247.2_147586730_5	genuine	0	8	5	5	multi	0	0.1376	0.1934	0.0000	0.0000	0.0000	0
C9H11orf65	LOC109023154	DN_NC_073233.2_116263271_8	DN_NC_073239.2_123333523_2	genuine	0	8	2	2	multi	0	0.1467	0.2176	0.0000	0.0000	0.0000	0
C9H11orf65	LOC109025730	DN_NC_073224.2_123525276_5	DN_NC_073233.2_116263271_8	genuine	0	5	8	5	multi	0	0.2508	0.3517	0.2000	0.0000	0.0000	0
C9H11orf65	PDCD5	DN_NC_073233.2_116263271_8	DN_NC_073244.2_43610901_6	genuine	0	8	6	6	multi	0	0.2665	0.3779	0.0000	0.1667	0.0000	0
C9H11orf65	SPC25	DN_NC_073233.2_116263271_8	DN_NC_073235.2_71373985_7	genuine	0	8	7	7	multi	0	0.2449	0.3515	0.0000	0.1429	0.0000	0
CAB39L	LOC101133249	DN_NC_073227.2_16860393_3	DN_NC_073238.2_63928303_2	genuine	0	3	3	3	multi	0	0.1539	0.0000	0.0000	0.0000	0.0000	1
CACNB1	CACNB3	DN_NC_073228.2_53278878_13	DN_NC_073234.2_52495433_13	truthbar	0	13	13	13	multi	0	0.2270	0.0000	0.0000	0.0000	0.0000	1
CAMK1	CAMK1G	DN_NC_073224.2_47163026_13	DN_NC_086017.1_19588191_12	truthbar	0	13	12	12	multi	0	0.2976	0.0000	0.0000	0.0000	0.0000	1
CAMK2B	CAMK2G	DN_NC_073230.2_52044244_19	DN_NC_073232.2_41878762_20	truthbar	0	19	20	19	multi	0	0.5365	0.0000	0.0000	0.0000	0.0000	1
CAMK2D	CAMK2G	DN_NC_073227.2_133828574_18	DN_NC_073232.2_41878762_20	truthbar	0	18	20	18	multi	0	0.2228	0.0000	0.0000	0.0000	0.0000	1
CAND2	RPL32	DN_NC_086017.1_22612673_15	DN_NC_086017.1_22648299_4	genuine	0	15	4	4	multi	0	0.4415	0.4415	0.0667	0.0000	0.0000	3
CANX	HMGB3	DN_NC_073228.2_183658467_2	DN_NC_073247.2_162650382_5	genuine	0	2	5	2	multi	0	0.4859	0.7031	0.5000	0.4000	0.4000	3
CAPS2	RAPH1	DN_NC_073234.2_90680832_2	DN_NC_073235.2_106111443_2	genuine	0	2	2	2	multi	0	0.1834	0.0000	0.0000	0.0000	0.0000	1
CARD16	LOC101136563	DN_NC_073233.2_112912081_9	DN_NC_073233.2_112925764_3	genuine	0	9	3	3	multi	0	0.1444	0.1444	0.1111	0.6667	0.1111	1
CASP3	CGREF1	DN_NC_073227.2_205610166_3	DN_NC_073236.2_112799498_6	genuine	0	3	6	3	multi	0	0.2026	0.0000	0.0000	0.0000	0.0000	1
CBR1	CBR3	DN_NC_073246.2_37979530_3	DN_NC_073246.2_38044178_3	truthbar	0	3	3	3	multi	0	0.8453	0.0000	0.0000	0.0000	0.0000	3
CCDC144A	LOC109026769	DN_NC_073228.2_79926211_12	DN_NC_073228.2_83434996_12	TP	1	12	12	12	multi	0	0.3998	1.0048	1.0000	0.9167	0.9167	1
CCDC152	SELENOP	DN_NC_073243.2_69046517_5	DN_NC_073243.2_69056468_9	TP	1	5	9	5	multi	0	0.4776	0.4768	0.0000	0.1111	0.0000	0
CCDC92	IL20RB	DN_NC_073234.2_139370404_3	DN_NC_086017.1_148168205_5	genuine	0	3	5	3	multi	0	0.1788	0.3442	0.0000	0.2000	0.0000	3
CCL8	LOC101134802	DN_NC_073228.2_58687413_3	DN_NC_073228.2_58745873_3	truthbar	0	3	3	3	multi	0	0.4194	0.0000	0.0000	0.0000	0.0000	1
CCNH	RASA1	DN_NC_073228.2_91400267_25	DN_NC_073228.2_91522397_9	genuine	0	25	9	9	multi	0	0.6116	0.6114	0.0400	0.1111	0.0400	1
CCPG1	LDLR	DN_NC_073240.2_56108341_2	DN_NC_073244.2_17124484_18	genuine	0	2	18	2	multi	0	0.1432	0.0000	0.0000	0.0000	0.0000	3
CCPG1	PRXL2A	DN_NC_073232.2_92781991_6	DN_NC_073240.2_56108341_2	genuine	0	6	2	2	multi	0	0.2110	0.0000	0.0000	0.0000	0.0000	3
CCR2	CCR5	DN_NC_086017.1_56236992_2	DN_NC_086017.1_56254132_2	truthbar	0	2	2	2	multi	0	0.1500	0.2522	0.0000	0.0000	0.0000	3
CCT6A	CCT6B	DN_NC_073228.2_58045766_15	DN_NC_073230.2_64231587_14	truthbar	0	15	14	14	multi	0	0.4597	0.0000	0.0000	0.0000	0.0000	1
CDK4	TSPAN31	DN_NC_073234.2_43619064_8	DN_NC_073234.2_43623304_5	genuine	0	8	5	5	multi	0	0.5438	0.5358	0.1250	0.2000	0.1250	1
CDR2	LOC101131923	DN_NC_073242.2_21170576_8	DN_NC_073242.2_21650759_11	genuine	0	8	11	8	multi	0	0.3045	0.4426	0.5000	0.3636	0.3636	1
CDRT4	TVP23B	DN_NC_073228.2_81446275_7	DN_NC_073243.2_30823221_7	TP	1	7	7	7	multi	0	0.2413	0.5110	0.1429	0.1429	0.1429	0
CENPP	IPPK	DN_NC_073237.2_89073528_3	DN_NC_073237.2_89075402_13	TP	1	3	13	3	multi	0	0.8865	0.8865	0.3333	0.0769	0.0769	3
CENPU	PRIMPOL	DN_NC_073227.2_205644909_14	DN_NC_073227.2_205687695_12	genuine	0	14	12	12	multi	0	0.2158	0.2140	0.0714	0.0000	0.0000	1
CEP192	LOC129533419	DN_NC_073228.2_182473921_9	DN_NC_073241.2_37141428_27	genuine	0	9	27	9	multi	0	0.1453	0.0000	0.0000	0.0000	0.0000	4
CEP57	MTMR2	DN_NC_073233.2_103702122_11	DN_NC_073233.2_103744968_15	genuine	0	11	15	11	multi	0	0.5439	0.5439	0.0000	0.0667	0.0000	1
CEP76	PSMG2	DN_NC_073241.2_37538314_7	DN_NC_073241.2_37560383_12	genuine	0	7	12	7	multi	0	0.3001	0.2988	0.1429	0.0000	0.0000	3
CES1	LOC101128088	DN_NC_073242.2_84922514_14	DN_NC_073242.2_96161607_12	truthbar	0	14	12	12	multi	0	0.1437	0.0000	0.0000	0.0000	0.0000	1
CES1	LOC101128458	DN_NC_073242.2_84922514_14	DN_NC_073242.2_96060106_12	truthbar	0	14	12	12	multi	0	0.1437	0.0000	0.0000	0.0000	0.0000	1
CES1	LOC115931015	DN_NC_073242.2_84833963_14	DN_NC_073242.2_84922514_14	TP	1	14	14	14	multi	0	0.7709	0.9729	1.0000	1.0000	1.0000	1
CES1	LOC115931020	DN_NC_073242.2_84922514_14	DN_NC_073242.2_96073882_12	truthbar	0	14	12	12	multi	0	0.1437	0.0000	0.0000	0.0000	0.0000	1
CGREF1	GGCT	DN_NC_073230.2_37931018_4	DN_NC_073236.2_112799498_6	genuine	0	4	6	4	multi	0	0.1310	0.0000	0.0000	0.0000	0.0000	1
CGREF1	LOC134756666	DN_NC_073235.2_94365284_2	DN_NC_073236.2_112799498_6	genuine	0	2	6	2	multi	0	0.2135	0.0000	0.0000	0.0000	0.0000	1
CGREF1	OTULINL	DN_NC_073236.2_112799498_6	DN_NC_073243.2_97413463_8	genuine	0	6	8	6	multi	0	0.1568	0.0000	0.0000	0.0000	0.0000	1
CHD1	CHD2	DN_NC_073228.2_103031498_31	DN_NC_073240.2_94115085_33	truthbar	0	31	33	31	multi	0	0.3211	0.0000	0.0000	0.0000	0.0000	3
CHEK2	LOC101136352	DN_NC_073240.2_23210840_6	DN_NC_086018.1_26719433_15	genuine	0	6	15	6	multi	0	0.2828	0.7071	0.8333	0.3333	0.3333	2
CHEK2	LOC101152610	DN_NC_073240.2_21601841_7	DN_NC_086018.1_26719433_15	TP	1	7	15	7	multi	0	0.2914	0.8668	0.8571	0.3333	0.3333	2
CHEK2	LOC129527660	DN_NC_073242.2_37476471_6	DN_NC_086018.1_26719433_15	genuine	0	6	15	6	multi	0	0.3387	0.7035	0.8333	0.3333	0.3333	2
CHM	OPN3	DN_NC_073224.2_13850922_2	DN_NC_073247.2_97674612_15	genuine	0	2	15	2	multi	0	0.2699	0.0000	0.0000	0.0000	0.0000	1
CHRNA3	PCCA	DN_NC_073238.2_114796219_2	DN_NC_073240.2_79492690_6	genuine	0	2	6	2	multi	0	0.1533	0.0000	0.0000	0.0000	0.0000	3
CHST6	TMEM231	DN_NC_073242.2_105982851_4	DN_NC_073242.2_106027382_7	genuine	0	4	6	4	multi	0	0.5166	0.5206	0.5000	0.5000	0.5000	3
CILP	CILP2	DN_NC_073240.2_65970509_9	DN_NC_073244.2_25986503_8	truthbar	0	9	8	8	multi	0	0.1735	0.0000	0.0000	0.0000	0.0000	3
CKB	CKM	DN_NC_073239.2_120499478_8	DN_NC_073244.2_56814281_4	truthbar	0	8	4	4	multi	0	0.6256	0.0000	0.0000	0.0000	0.0000	1
CKLF	GSTM2	DN_NC_073224.2_130406472_4	DN_NC_073242.2_95678785_4	genuine	0	4	4	4	multi	0	0.1305	0.0000	0.0000	0.0000	0.0000	1
CLCN3	CLCN5	DN_NC_073227.2_190603026_12	DN_NC_073247.2_60113711_15	truthbar	0	12	15	12	multi	0	0.2517	0.0000	0.0000	0.0000	0.0000	1
CLK1	CLK4	DN_NC_073228.2_182227322_13	DN_NC_073235.2_103471173_13	truthbar	0	13	13	13	multi	0	0.5606	0.0000	0.0000	0.0000	0.0000	3
CLMP	LOC101134145	DN_NC_073231.2_53708239_3	DN_NC_073233.2_130995027_7	genuine	0	3	7	3	multi	0	0.1489	0.0000	0.0000	0.0000	0.0000	1
CLN8	METTL2B	DN_NC_073230.2_137552467_7	DN_NC_073231.2_6126395_2	genuine	0	7	2	2	multi	0	0.1418	0.0000	0.0000	0.0000	0.0000	2
CLTC	CLTCL1	DN_NC_073228.2_32366054_32	DN_NC_086018.1_16610610_33	truthbar	0	32	33	32	multi	0	0.8862	0.0000	0.0000	0.0000	0.0000	3
CNPY3	CNPY4	DN_NC_073229.2_60720496_6	DN_NC_073230.2_88640144_6	truthbar	0	6	6	6	multi	0	0.2549	0.0000	0.0000	0.0000	0.0000	3
CNTNAP3C	LOC101143875	DN_NC_073236.2_33289090_9	DN_NC_073237.2_23692487_10	genuine	0	9	10	9	multi	0	0.3548	0.7301	0.8889	0.9000	0.8889	4
CNTNAP3C	LOC115933307	DN_NC_073236.2_33289090_9	DN_NC_073237.2_30061699_3	genuine	0	9	3	3	multi	0	0.1558	0.1744	0.2222	0.6667	0.2222	4
COG1	SSTR2	DN_NC_073228.2_18779384_3	DN_NC_073228.2_18798859_2	genuine	0	3	2	2	multi	0	0.5916	0.5920	0.6667	0.0000	0.0000	1
COG1	VCF1	DN_NC_073228.2_18740149_2	DN_NC_073228.2_18761647_14	genuine	0	2	14	2	multi	0	0.5477	0.5447	0.5000	0.0714	0.0714	1
COG5	HBP1	DN_NC_073230.2_116119215_11	DN_NC_073230.2_116150343_22	genuine	0	11	22	11	multi	0	0.4001	0.4005	0.0909	0.0000	0.0000	3
COL1A1	COL1A2	DN_NC_073228.2_41871026_51	DN_NC_073230.2_94413807_52	truthbar	0	51	52	51	multi	0	0.3536	0.0000	0.0000	0.0000	0.0000	3
COL1A1	COL2A1	DN_NC_073228.2_41871026_51	DN_NC_073234.2_53272916_54	truthbar	0	51	54	51	multi	0	0.6005	0.0000	0.0000	0.0000	0.0000	3
COL1A1	COL3A1	DN_NC_073228.2_41871026_51	DN_NC_073235.2_91416644_51	truthbar	0	51	51	51	multi	0	0.5071	0.0000	0.0000	0.0000	0.0000	3
COL1A2	COL2A1	DN_NC_073230.2_94413807_52	DN_NC_073234.2_53272916_54	truthbar	0	52	54	52	multi	0	0.5323	0.0000	0.0000	0.0000	0.0000	3
COL1A2	COL3A1	DN_NC_073230.2_94413807_52	DN_NC_073235.2_91416644_51	truthbar	0	52	51	51	multi	0	0.3528	0.0000	0.0000	0.0000	0.0000	3
COL2A1	COL3A1	DN_NC_073234.2_53272916_54	DN_NC_073235.2_91416644_51	truthbar	0	54	51	51	multi	0	0.2938	0.0000	0.0000	0.0000	0.0000	3
COL2A1	COL5A2	DN_NC_073234.2_53272916_54	DN_NC_073235.2_91471014_54	truthbar	0	54	54	54	multi	0	0.3487	0.0000	0.0000	0.0000	0.0000	3
COMP	THBS4	DN_NC_073243.2_31614985_22	DN_NC_073244.2_25226014_19	truthbar	0	22	19	19	multi	0	0.3155	0.0000	0.0000	0.0000	0.0000	3
COPB2	MRPS22	DN_NC_086017.1_150515222_8	DN_NC_086017.1_150527432_22	genuine	0	8	22	8	multi	0	0.3514	0.3514	0.1250	0.0455	0.0455	3
COPS9	LOC101145464	DN_NC_073235.2_142785844_3	DN_NC_073247.2_147586730_5	genuine	0	3	5	3	multi	0	0.1779	0.1942	0.0000	0.0000	0.0000	0
COPS9	LOC109023154	DN_NC_073235.2_142785844_3	DN_NC_073239.2_123333523_2	genuine	0	3	2	2	multi	0	0.1467	0.2067	0.0000	0.0000	0.0000	0
COPS9	LOC109025730	DN_NC_073224.2_123525276_5	DN_NC_073235.2_142785844_3	genuine	0	5	3	3	multi	0	0.3276	0.3208	0.2000	0.0000	0.0000	0
COPS9	LOC129530131	DN_NC_073235.2_142785844_3	DN_NC_073247.2_115708949_2	genuine	0	3	2	2	multi	0	0.1427	0.1545	0.0000	0.0000	0.0000	0
COPS9	LOC134756589	DN_NC_073234.2_126370406_2	DN_NC_073235.2_142785844_3	genuine	0	2	3	2	multi	0	0.1538	0.1663	0.0000	0.0000	0.0000	0
COPS9	PDCD5	DN_NC_073235.2_142785844_3	DN_NC_073244.2_43610901_6	genuine	0	3	6	3	multi	0	0.3405	0.3699	0.0000	0.1667	0.0000	0
COPS9	SEM1	DN_NC_073230.2_92132360_3	DN_NC_073235.2_142785844_3	genuine	0	3	3	3	multi	0	0.1482	0.2405	0.0000	0.0000	0.0000	0
COPS9	SPC25	DN_NC_073235.2_142785844_3	DN_NC_073235.2_71373985_7	genuine	0	3	7	3	multi	0	0.2449	0.3441	0.0000	0.1429	0.0000	0
CORO1A	CORO1B	DN_NC_073233.2_75363756_11	DN_NC_073242.2_32113450_11	truthbar	0	11	11	11	multi	0	0.4138	0.0000	0.0000	0.0000	0.0000	1
CORO2A	CORO2B	DN_NC_073237.2_94439193_12	DN_NC_073240.2_69411455_12	truthbar	0	12	12	12	multi	0	0.2648	0.0000	0.0000	0.0000	0.0000	1
CPEB2	CPEB4	DN_NC_073227.2_23212119_11	DN_NC_073228.2_177718215_8	truthbar	0	11	8	8	multi	0	0.3725	0.0000	0.0000	0.0000	0.0000	1
CPEB3	CPEB4	DN_NC_073228.2_177718215_8	DN_NC_073232.2_104390833_9	truthbar	0	8	9	8	multi	0	0.3684	0.0000	0.0000	0.0000	0.0000	1
CPLANE1	LOC115933270	DN_NC_073243.2_82594889_12	DN_NC_073243.2_82739824_8	TP	1	12	8	8	multi	0	0.7414	0.8699	0.3333	0.5000	0.3333	3
CPNE6	CPNE7	DN_NC_073239.2_32570025_17	DN_NC_073242.2_120163344_15	truthbar	0	17	15	15	multi	0	0.2391	0.0000	0.0000	0.0000	0.0000	1
CPSF2	NDUFB1	DN_NC_073239.2_109052370_3	DN_NC_073239.2_109057706_16	genuine	0	3	16	3	multi	0	0.4806	0.4777	0.3333	0.0625	0.0625	3
CRBN	TRNT1	DN_NC_086017.1_12917334_8	DN_NC_086017.1_12936527_11	genuine	0	8	11	8	multi	0	0.5988	0.6856	0.2500	0.0909	0.0909	3
CRMP1	DPYSL3	DN_NC_073227.2_15519199_14	DN_NC_073228.2_151255605_14	truthbar	0	14	14	14	multi	0	0.3881	0.0000	0.0000	0.0000	0.0000	3
CRMP1	DPYSL4	DN_NC_073227.2_15519199_14	DN_NC_073232.2_144546965_14	truthbar	0	14	14	14	multi	0	0.5100	0.0000	0.0000	0.0000	0.0000	3
CRMP1	EVC	DN_NC_073227.2_15519199_14	DN_NC_073227.2_15589297_3	TP	1	14	3	3	multi	0	0.3478	0.3472	0.0714	0.0000	0.0000	3
CRNKL1	NAA20	DN_NC_073245.2_30021133_6	DN_NC_073245.2_30036345_14	genuine	0	6	14	6	multi	0	0.8479	0.8458	0.1667	0.0714	0.0714	1
CS	LOC129532516	DN_NC_073234.2_45066531_11	DN_NC_086017.1_118126676_3	genuine	0	11	3	3	multi	0	0.1527	0.9173	0.9091	0.3333	0.3333	1
CSNK1D	CSNK1E	DN_NC_073228.2_9720205_10	DN_NC_086018.1_36304756_7	truthbar	0	10	7	7	multi	0	0.2459	0.0000	0.0000	0.0000	0.0000	1
CTBP1	CTBP2	DN_NC_073227.2_9789563_10	DN_NC_073232.2_137259733_11	genuine	0	10	11	10	multi	0	0.4268	0.0000	0.0000	0.0000	0.0000	3
CTSA	NEURL2	DN_NC_073245.2_58117175_2	DN_NC_073245.2_58118781_15	TP	1	2	15	2	multi	0	0.8084	0.8099	0.5000	0.0667	0.0667	1
CTSV	LOC101145975	DN_NC_073237.2_83935038_8	DN_NC_073237.2_93365361_8	truthbar	0	8	8	8	multi	0	0.3599	0.4764	0.6250	0.6250	0.6250	4
CTSV	LOC129523464	DN_NC_073237.2_84341528_8	DN_NC_073237.2_93365361_8	truthbar	0	8	8	8	multi	0	0.3477	0.5631	0.6250	0.6250	0.6250	4
CTSZ	NELFCD	DN_NC_073245.2_71261640_15	DN_NC_073245.2_71275662_6	genuine	0	15	6	6	multi	0	0.3816	0.3797	0.0000	0.1667	0.0000	1
CTU2	PIEZO1	DN_NC_073242.2_119293235_15	DN_NC_073242.2_119301617_14	genuine	0	15	14	14	multi	0	0.1933	0.7143	0.0667	0.5000	0.0667	3
CUL7	CUL9	DN_NC_073229.2_60831709_26	DN_NC_073229.2_60975828_26	truthbar	0	26	26	26	multi	0	0.2296	0.1420	0.2308	0.2308	0.2308	3
CYFIP1	CYFIP2	DN_NC_073228.2_161096696_31	DN_NC_073240.2_23877041_31	truthbar	0	31	31	31	multi	0	0.2744	0.0000	0.0000	0.0000	0.0000	1
CYTH1	CYTH4	DN_NC_073228.2_13195036_13	DN_NC_086018.1_35282535_13	truthbar	0	13	13	13	multi	0	0.3390	0.0000	0.0000	0.0000	0.0000	3
CYTH2	CYTH4	DN_NC_073244.2_61417620_12	DN_NC_086018.1_35282535_13	truthbar	0	12	13	12	multi	0	0.2558	0.0000	0.0000	0.0000	0.0000	3
DAAM1	DAAM2	DN_NC_073229.2_57565568_13	DN_NC_073239.2_76142345_25	truthbar	0	13	25	13	multi	0	0.1703	0.0000	0.0000	0.0000	0.0000	1
DAND5	TRDN	DN_NC_073229.2_147682056_8	DN_NC_073244.2_19011585_2	genuine	0	8	2	2	multi	0	0.1517	0.0000	0.0000	0.0000	0.0000	1
DAP3	GON4L	DN_NC_073224.2_100975273_21	DN_NC_073224.2_101136214_11	genuine	0	21	10	10	multi	0	0.5987	0.8618	0.4286	0.9000	0.4286	1
DAPK1	LOC115935778	DN_NC_073237.2_83892884_7	DN_NC_073237.2_84363825_25	TP	1	7	25	7	multi	0	0.6965	0.7914	0.8571	0.2400	0.2400	1
DAPK2	DAPK3	DN_NC_073240.2_64676115_12	DN_NC_073244.2_9737989_9	truthbar	0	12	9	9	multi	0	0.2742	0.0000	0.0000	0.0000	0.0000	1
DAZ1	DAZL	DN_NC_073248.2_42783128_31	DN_NC_086017.1_26423028_11	genuine	0	31	11	11	multi	0	0.1417	0.5884	0.0645	0.1818	0.0645	3
DCAF12	DCAF12L2	DN_NC_073237.2_28860054_9	DN_NC_073247.2_137840069_2	truthbar	0	9	2	2	multi	0	0.2262	0.0000	0.0000	0.0000	0.0000	0
DCAF12L1	DCAF12L2	DN_NC_073247.2_137840069_2	DN_NC_073247.2_138224742_2	TP	1	2	2	2	multi	0	0.3940	0.3869	0.5000	0.5000	0.5000	0
DCAF16	GIMAP4	DN_NC_073227.2_26000468_4	DN_NC_073230.2_159385621_3	genuine	0	4	3	3	multi	0	0.1528	0.1528	0.0000	0.0000	0.0000	0
DCAF16	LOC101145464	DN_NC_073227.2_26000468_4	DN_NC_073247.2_147586730_5	genuine	0	4	5	4	multi	0	0.1869	0.1869	0.0000	0.0000	0.0000	0
DCAF16	LOC109023154	DN_NC_073227.2_26000468_4	DN_NC_073239.2_123333523_2	genuine	0	4	2	2	multi	0	0.1471	0.2010	0.0000	0.0000	0.0000	0
DCAF16	LOC109025730	DN_NC_073224.2_123525276_5	DN_NC_073227.2_26000468_4	genuine	0	5	4	4	multi	0	0.3502	0.3419	0.2000	0.0000	0.0000	0
DCAF16	LOC129530131	DN_NC_073227.2_26000468_4	DN_NC_073247.2_115708949_2	genuine	0	4	2	2	multi	0	0.1528	0.1528	0.0000	0.0000	0.0000	0
DCAF16	LOC134756589	DN_NC_073227.2_26000468_4	DN_NC_073234.2_126370406_2	genuine	0	4	2	2	multi	0	0.1600	0.1600	0.0000	0.0000	0.0000	0
DCAF16	NCALD	DN_NC_073227.2_26000468_4	DN_NC_073231.2_107519754_4	genuine	0	4	4	4	multi	0	0.1512	0.1515	0.0000	0.0000	0.0000	0
DCAF16	NCR3LG1	DN_NC_073227.2_26000468_4	DN_NC_073233.2_23732821_4	genuine	0	4	4	4	multi	0	0.1522	0.1518	0.0000	0.0000	0.0000	0
DCAF16	PDCD5	DN_NC_073227.2_26000468_4	DN_NC_073244.2_43610901_6	genuine	0	4	6	4	multi	0	0.3628	0.3628	0.0000	0.1667	0.0000	0
DCAF16	SEM1	DN_NC_073227.2_26000468_4	DN_NC_073230.2_92132360_3	genuine	0	4	3	3	multi	0	0.1672	0.2359	0.0000	0.0000	0.0000	0
DCAF16	SPC25	DN_NC_073227.2_26000468_4	DN_NC_073235.2_71373985_7	genuine	0	4	7	4	multi	0	0.2426	0.3375	0.0000	0.1429	0.0000	0
DCAF16	UCHL1	DN_NC_073227.2_26000468_4	DN_NC_073227.2_49278079_9	genuine	0	4	9	4	multi	0	0.1538	0.1522	0.0000	0.0000	0.0000	0
DCAF4	DCAF4L1	DN_NC_073227.2_50003246_2	DN_NC_073239.2_89803404_14	truthbar	0	2	14	2	multi	0	0.4587	0.5944	0.5000	0.7143	0.5000	3
DCP1B	FRK	DN_NC_073229.2_140139419_8	DN_NC_073234.2_17584207_9	genuine	0	8	9	8	multi	0	0.1329	0.0000	0.0000	0.0000	0.0000	1
DCP1B	LOC129529082	DN_NC_073234.2_17584207_9	DN_NC_073245.2_35160176_6	genuine	0	9	6	6	multi	0	0.1307	0.0000	0.0000	0.0000	0.0000	1
DCP1B	NAP1L3	DN_NC_073234.2_17584207_9	DN_NC_073247.2_105439613_2	genuine	0	9	2	2	multi	0	0.1329	0.1736	0.1111	0.0000	0.0000	1
DCP1B	NDUFAF2	DN_NC_073234.2_17584207_9	DN_NC_073243.2_49045190_4	genuine	0	9	4	4	multi	0	0.1804	0.2160	0.1111	0.0000	0.0000	1
DCP1B	SLC11A2	DN_NC_073234.2_17584207_9	DN_NC_073234.2_50306180_17	genuine	0	9	17	9	multi	0	0.1359	0.0000	0.0000	0.0000	0.0000	1
DCP1B	SOX30	DN_NC_073228.2_161454333_5	DN_NC_073234.2_17584207_9	genuine	0	5	9	5	multi	0	0.1326	0.1703	0.0000	0.1111	0.0000	1
DDX11	LOC109029264	DN_NC_073234.2_24978856_8	DN_NC_073234.2_70140848_27	genuine	0	8	27	8	multi	0	0.2642	0.2612	0.1250	0.0370	0.0370	3
DDX19A	DDX19B	DN_NC_073242.2_99745328_12	DN_NC_073242.2_99793055_12	TP	1	12	12	12	multi	0	0.5031	0.5369	0.8333	0.8333	0.8333	4
DDX21	DDX50	DN_NC_073232.2_46766506_15	DN_NC_073232.2_46804261_15	truthbar	0	15	15	15	multi	0	0.4870	0.0000	0.0000	0.0000	0.0000	3
DDX3X	DDX3Y	DN_NC_073247.2_51699012_17	DN_NC_073248.2_31199793_17	truthbar	0	17	17	17	multi	0	0.3009	0.7349	0.8824	0.8235	0.8235	3
DDX42	FTSJ3	DN_NC_073228.2_28222257_21	DN_NC_073228.2_28230327_9	genuine	0	21	9	9	multi	0	0.5990	0.5994	0.0476	0.1111	0.0476	1
DEDD	NIT1	DN_NC_073224.2_95638704_6	DN_NC_073224.2_95648579_7	genuine	0	6	7	6	multi	0	0.6935	0.6884	0.1667	0.1429	0.1429	1
DES	PRPH	DN_NC_073234.2_52040112_9	DN_NC_073235.2_122111621_9	truthbar	0	9	9	9	multi	0	0.2824	0.0000	0.0000	0.0000	0.0000	1
DEXI	LOC101149946	DN_NC_073240.2_23725358_9	DN_NC_073242.2_14569289_2	genuine	0	9	2	2	multi	0	0.5268	0.8729	0.1111	1.0000	0.1111	1
DEXI	LOC134757265	DN_NC_073240.2_29803770_8	DN_NC_073242.2_14569289_2	genuine	0	8	2	2	multi	0	0.5268	0.8614	0.1250	1.0000	0.1250	1
DFFB	PRKAR2A	DN_NC_073224.2_236757333_2	DN_NC_086017.1_58705155_2	genuine	0	2	2	2	multi	0	0.1507	0.0000	0.0000	0.0000	0.0000	4
DGCR6	DGCR6L	DN_NC_086018.1_16346801_5	DN_NC_086018.1_17748702_5	truthbar	0	5	5	5	multi	0	0.6517	0.9712	1.0000	0.8000	0.8000	1
DHFR	DHFR2	DN_NC_073228.2_84714357_6	DN_NC_086017.1_104876268_2	TP	1	6	2	2	multi	0	0.1373	0.9308	0.8333	0.5000	0.5000	3
DHRSX	ZBED1	DN_NC_073247.2_11741821_2	DN_NC_073248.2_9064807_2	genuine	0	2	2	2	multi	0	0.9634	0.9620	0.5000	0.5000	0.5000	1
DIMT1	KIF2A	DN_NC_073243.2_47785917_12	DN_NC_073243.2_47800408_20	genuine	0	12	20	12	multi	0	0.7311	0.7301	0.0833	0.0500	0.0500	1
DLD	EPPIN	DN_NC_073230.2_116851282_14	DN_NC_073245.2_57775599_4	genuine	0	14	4	4	multi	0	0.1933	0.0000	0.0000	0.0000	0.0000	1
DLGAP5	LGALS3	DN_NC_073239.2_72077053_6	DN_NC_073239.2_72093949_19	genuine	0	6	19	6	multi	0	0.4702	0.4702	0.1667	0.0526	0.0526	3
DMTF1	LOC115935379	DN_NC_073230.2_101602035_18	DN_NC_073230.2_101646316_2	genuine	0	18	2	2	multi	0	0.5206	0.5144	0.0556	0.5000	0.0556	1
DMTF1	TMEM243	DN_NC_073230.2_101581724_4	DN_NC_073230.2_101602035_18	genuine	0	4	18	4	multi	0	0.3955	0.4745	0.2500	0.1111	0.1111	1
DNAH17	DNAH9	DN_NC_073228.2_13540554_8	DN_NC_073243.2_27192824_11	truthbar	0	8	11	8	multi	0	0.5882	0.0000	0.0000	0.0000	0.0000	3
DNAJC14	ORMDL2	DN_NC_073234.2_45531723_7	DN_NC_073234.2_45539357_4	genuine	0	7	4	4	multi	0	0.5889	0.5889	0.1429	0.2500	0.1429	1
DNAJC17	GCHFR	DN_NC_073240.2_41471977_3	DN_NC_073240.2_41473848_11	TP	1	3	11	3	multi	0	0.3242	0.3242	0.3333	0.0000	0.0000	4
DND1	WDR55	DN_NC_073228.2_144514226_7	DN_NC_073228.2_144520267_4	genuine	0	7	4	4	multi	0	0.6266	0.6266	0.0000	0.2500	0.0000	3
DNM2	DNM3	DN_NC_073224.2_84334480_20	DN_NC_073244.2_16753009_21	truthbar	0	20	21	20	multi	0	0.5331	0.0000	0.0000	0.0000	0.0000	1
DOCK1	LOC129523564	DN_NC_073227.2_211418821_2	DN_NC_073232.2_139190015_27	genuine	0	2	27	2	multi	0	0.1337	0.0000	0.0000	0.0000	0.0000	1
DOK7	LOC115933190	DN_NC_073227.2_12039502_7	DN_NC_073236.2_24822888_6	genuine	0	7	6	6	multi	0	0.4664	1.0512	1.0000	1.0000	1.0000	1
DPEP2	DPEP3	DN_NC_073242.2_97202362_10	DN_NC_073242.2_97214082_10	truthbar	0	10	10	10	multi	0	0.4305	0.0000	0.0000	0.0000	0.0000	1
DPP4	FAP	DN_NC_073235.2_64458923_26	DN_NC_073235.2_64637479_26	truthbar	0	26	26	26	multi	0	0.2412	0.0000	0.0000	0.0000	0.0000	1
DPY19L2	LOC115935244	DN_NC_073230.2_98668717_3	DN_NC_073234.2_37699488_22	TP	1	3	22	3	multi	0	0.3401	0.5289	1.0000	0.1818	0.1818	3
DPYSL2	DPYSL3	DN_NC_073228.2_151255605_14	DN_NC_073231.2_30794526_14	truthbar	0	14	14	14	multi	0	0.3198	0.0000	0.0000	0.0000	0.0000	3
DUSP1	DUSP4	DN_NC_073228.2_176576489_4	DN_NC_073231.2_33560018_4	truthbar	0	4	4	4	multi	0	0.2164	0.0000	0.0000	0.0000	0.0000	3
DUSP5	LOC129532115	DN_NC_073224.2_16928217_2	DN_NC_073232.2_122771445_4	genuine	0	2	4	2	multi	0	0.2144	0.5022	0.0000	0.5000	0.0000	1
DVL1	DVL2	DN_NC_073224.2_239847758_15	DN_NC_073243.2_22365408_15	truthbar	0	15	15	15	multi	0	0.1659	0.0000	0.0000	0.0000	0.0000	1
DVL1	DVL3	DN_NC_073224.2_239847758_15	DN_NC_086017.1_195260184_15	truthbar	0	15	15	15	multi	0	0.2511	0.0000	0.0000	0.0000	0.0000	1
DVL2	DVL3	DN_NC_073243.2_22365408_15	DN_NC_086017.1_195260184_15	truthbar	0	15	15	15	multi	0	0.2003	0.0000	0.0000	0.0000	0.0000	1
ECI2	LOC101130624	DN_NC_073229.2_21709541_6	DN_NC_073229.2_21735101_10	genuine	0	6	10	6	multi	0	0.1748	0.1725	0.1667	0.0000	0.0000	1
ECSIT	RPL18A	DN_NC_073244.2_17541226_2	DN_NC_073244.2_24302535_5	genuine	0	2	5	2	multi	0	0.4925	0.8731	0.0000	0.8000	0.0000	1
EDARADD	ENO1	DN_NC_073224.2_231736369_12	DN_NC_073224.2_25093112_7	genuine	0	12	7	7	multi	0	0.4376	0.6492	0.9167	0.1429	0.1429	3
EDARADD	ENO3	DN_NC_073224.2_25093112_7	DN_NC_073243.2_20078090_12	genuine	0	7	12	7	multi	0	0.5953	0.0000	0.0000	0.0000	0.0000	3
EEF1A1	LOC101132881	DN_NC_073229.2_97606864_8	DN_NC_073239.2_98531685_2	genuine	0	8	2	2	multi	0	0.2109	0.4759	0.7500	0.5000	0.5000	2
EEF1A1	LOC101148191	DN_NC_073229.2_97606864_8	DN_NC_073230.2_28044538_2	genuine	0	8	2	2	multi	0	0.1544	0.2096	0.2500	0.0000	0.0000	2
EEF1A1	LOC109023808	DN_NC_073229.2_97606864_8	DN_NC_073243.2_97368870_3	TP	1	8	3	3	multi	0	0.6499	0.6488	0.7500	0.3333	0.3333	2
EEF2KMT	LOC101125415	DN_NC_073227.2_17445647_6	DN_NC_073242.2_8737492_8	truthbar	0	6	8	6	multi	0	0.3935	0.8784	0.6667	0.5000	0.5000	0
EEF2KMT	LOC101133440	DN_NC_073231.2_11581641_7	DN_NC_073242.2_8737492_8	truthbar	0	7	8	7	multi	0	0.3648	1.0510	1.0000	0.8750	0.8750	0
EEF2KMT	LOC101137806	DN_NC_073242.2_8737492_8	DN_NC_086017.1_136773097_2	genuine	0	8	2	2	multi	0	0.3144	0.6310	0.2500	0.5000	0.2500	0
EEF2KMT	LOC101139163	DN_NC_073242.2_8737492_8	DN_NC_086017.1_141278779_5	truthbar	0	8	5	5	multi	0	0.3263	0.8163	0.2500	0.4000	0.2500	0
EEF2KMT	LOC101152938	DN_NC_073233.2_75718276_6	DN_NC_073242.2_8737492_8	truthbar	0	6	8	6	multi	0	0.3111	0.8745	0.8333	0.7500	0.7500	0
EEF2KMT	LOC115934341	DN_NC_073242.2_8737492_8	DN_NC_086017.1_85330170_7	truthbar	0	8	7	7	multi	0	0.3526	1.0536	0.8750	1.0000	0.8750	0
EFHC2	RRM2	DN_NC_073236.2_129795378_10	DN_NC_073247.2_54705383_3	genuine	0	10	3	3	multi	0	0.1603	0.9175	0.9000	0.3333	0.3333	3
EHD1	EHD2	DN_NC_073233.2_72751588_5	DN_NC_073244.2_59252668_6	truthbar	0	5	6	5	multi	0	0.3139	0.0000	0.0000	0.0000	0.0000	3
EHD1	EHD3	DN_NC_073233.2_72751588_5	DN_NC_073236.2_108637713_6	truthbar	0	5	6	5	multi	0	0.4502	0.4111	0.6000	0.6667	0.6000	3
EHD1	EHD4	DN_NC_073233.2_72751588_5	DN_NC_073240.2_42709516_6	truthbar	0	5	6	5	multi	0	0.2997	0.0000	0.0000	0.0000	0.0000	3
EHD2	EHD4	DN_NC_073240.2_42709516_6	DN_NC_073244.2_59252668_6	truthbar	0	6	6	6	multi	0	0.3286	0.0000	0.0000	0.0000	0.0000	3
EHD3	EHD4	DN_NC_073236.2_108637713_6	DN_NC_073240.2_42709516_6	truthbar	0	6	6	6	multi	0	0.2157	0.0000	0.0000	0.0000	0.0000	3
EHMT1	EHMT2	DN_NC_073229.2_49484905_28	DN_NC_073237.2_134047852_27	truthbar	0	28	27	27	multi	0	0.2044	0.0000	0.0000	0.0000	0.0000	1
EIF1AX	LOC101137900	DN_NC_073238.2_32661686_2	DN_NC_073247.2_30604924_7	TP	1	2	7	2	multi	0	0.4016	0.8687	0.5000	0.8571	0.5000	1
EIF1AX	LOC129530234	DN_NC_073247.2_30604924_7	DN_NC_073248.2_26554434_7	TP	1	7	7	7	multi	0	0.2257	0.2132	0.7143	0.7143	0.7143	1
EIF2AK4	SRP14	DN_NC_073240.2_40710955_17	DN_NC_073240.2_40740697_5	genuine	0	17	5	5	multi	0	0.2602	0.2589	0.0588	0.0000	0.0000	3
EIF3E	KHDC1	DN_NC_073229.2_97353754_3	DN_NC_073231.2_114003443_13	genuine	0	3	13	3	multi	0	0.2398	0.5410	0.0000	0.9231	0.0000	3
EIF4A1	EIF4A3	DN_NC_073228.2_11820810_12	DN_NC_073243.2_22718660_11	truthbar	0	12	11	11	multi	0	0.3249	0.0000	0.0000	0.0000	0.0000	3
ELMO1	ELMO2	DN_NC_073230.2_44313875_22	DN_NC_073245.2_58594952_21	truthbar	0	22	21	21	multi	0	0.2528	0.0000	0.0000	0.0000	0.0000	1
EMC3	LOC101151509	DN_NC_086017.1_19795280_8	DN_NC_086017.1_19858571_3	genuine	0	8	3	3	multi	0	0.2288	0.0000	0.0000	0.0000	0.0000	1
EMG1	LPCAT3	DN_NC_073234.2_22631499_6	DN_NC_073234.2_22636891_13	genuine	0	6	13	6	multi	0	0.2735	0.6022	0.0000	0.3077	0.0000	1
EML5	ZC3H14	DN_NC_073239.2_105498614_17	DN_NC_073239.2_105549018_9	genuine	0	17	9	9	multi	0	0.6204	0.6206	0.0588	0.1111	0.0588	1
ENO1	ENO2	DN_NC_073224.2_231736369_12	DN_NC_073234.2_22572777_12	truthbar	0	12	12	12	multi	0	0.5436	0.0000	0.0000	0.0000	0.0000	3
ENO1	ENO3	DN_NC_073224.2_231736369_12	DN_NC_073243.2_20078090_12	truthbar	0	12	12	12	multi	0	0.7836	0.0000	0.0000	0.0000	0.0000	3
ENO1	TMEM237	DN_NC_073224.2_231736369_12	DN_NC_073235.2_104226160_12	genuine	0	12	12	12	multi	0	0.1446	0.0000	0.0000	0.0000	0.0000	3
ENO2	ENO3	DN_NC_073234.2_22572777_12	DN_NC_073243.2_20078090_12	truthbar	0	12	12	12	multi	0	0.6277	0.0000	0.0000	0.0000	0.0000	3
EOLA1	EOLA2	DN_NC_073247.2_161158664_6	DN_NC_073247.2_161607555_5	TP	1	6	5	5	multi	0	0.4244	0.4244	0.8333	0.8000	0.8000	1
EP400	LOC101150057	DN_NC_073234.2_147445272_9	DN_NC_073234.2_147580679_4	genuine	0	9	4	4	multi	0	0.3348	0.3352	0.1111	0.2500	0.1111	3
EPB41	SDHAF4	DN_NC_073224.2_210837399_19	DN_NC_073229.2_94673034_3	genuine	0	19	3	3	multi	0	0.1362	0.0000	0.0000	0.0000	0.0000	3
EPCIP	LOC101137472	DN_NC_073246.2_34687084_3	DN_NC_073246.2_34687085_2	genuine	0	3	2	2	multi	0	0.9472	1.0277	1.0000	1.0000	1.0000	3
EPCIP	NABP2	DN_NC_073234.2_45136934_7	DN_NC_073246.2_34687085_2	genuine	0	7	2	2	multi	0	0.1470	0.0000	0.0000	0.0000	0.0000	3
EPHB1	EPHB2	DN_NC_073224.2_216927976_16	DN_NC_086017.1_145972418_16	truthbar	0	16	16	16	multi	0	0.4079	0.0000	0.0000	0.0000	0.0000	3
EPHB1	EPHB3	DN_NC_086017.1_145972418_16	DN_NC_086017.1_195677389_14	truthbar	0	16	14	14	multi	0	0.2631	0.0000	0.0000	0.0000	0.0000	3
EPHB1	EPHB4	DN_NC_073230.2_87974016_14	DN_NC_086017.1_145972418_16	truthbar	0	14	16	14	multi	0	0.2606	0.0000	0.0000	0.0000	0.0000	3
EPHB2	EPHB3	DN_NC_073224.2_216927976_16	DN_NC_086017.1_195677389_14	truthbar	0	16	14	14	multi	0	0.2642	0.0000	0.0000	0.0000	0.0000	3
EPHB2	EPHB4	DN_NC_073224.2_216927976_16	DN_NC_073230.2_87974016_14	truthbar	0	16	14	14	multi	0	0.3204	0.0000	0.0000	0.0000	0.0000	3
EPHB3	EPHB4	DN_NC_073230.2_87974016_14	DN_NC_086017.1_195677389_14	truthbar	0	14	14	14	multi	0	0.2654	0.0000	0.0000	0.0000	0.0000	3
EPPIN	LOC101149946	DN_NC_073240.2_23725358_9	DN_NC_073245.2_57775599_4	genuine	0	9	4	4	multi	0	0.2055	0.0000	0.0000	0.0000	0.0000	1
EPPIN	SDHAF3	DN_NC_073230.2_91654449_3	DN_NC_073245.2_57775599_4	genuine	0	3	4	3	multi	0	0.1377	0.0000	0.0000	0.0000	0.0000	1
ERCC1	POLR1G	DN_NC_073244.2_56915266_3	DN_NC_073244.2_56916454_10	TP	1	3	10	3	multi	0	0.6722	0.6722	0.3333	0.1000	0.1000	2
ESRRA	TPTE2	DN_NC_073233.2_72203709_7	DN_NC_073238.2_33853352_3	genuine	0	7	3	3	multi	0	0.2350	0.5485	0.7143	0.3333	0.3333	3
ETFDH	PPID	DN_NC_073227.2_179688123_13	DN_NC_073227.2_179727029_10	TP	1	13	10	10	multi	0	0.3906	0.3861	0.0769	0.1000	0.0769	3
ETFRF1	KRAS	DN_NC_073234.2_76035232_5	DN_NC_073234.2_76077727_3	genuine	0	5	3	3	multi	0	0.7239	0.7239	0.2000	0.3333	0.2000	3
EXOC3L2	TIMM23B	DN_NC_073232.2_65905862_9	DN_NC_073244.2_56720868_3	genuine	0	9	3	3	multi	0	0.1308	0.0000	0.0000	0.0000	0.0000	0
EXOG	RPL18A	DN_NC_073244.2_24302535_5	DN_NC_086017.1_48397256_6	genuine	0	5	6	5	multi	0	0.4701	0.8687	0.8000	0.0000	0.0000	1
EXOSC3	TRMT10B	DN_NC_073237.2_25172073_4	DN_NC_073237.2_25176692_9	genuine	0	4	9	4	multi	0	0.6631	0.6631	0.2500	0.1111	0.1111	1
EYA1	EYA4	DN_NC_073229.2_157439925_18	DN_NC_073231.2_49018603_18	truthbar	0	18	18	18	multi	0	0.2023	0.0000	0.0000	0.0000	0.0000	3
EZR	MSN	DN_NC_073229.2_182999268_13	DN_NC_073247.2_77369372_13	truthbar	0	13	13	13	multi	0	0.3807	0.0000	0.0000	0.0000	0.0000	3
EZR	RDX	DN_NC_073229.2_182999268_13	DN_NC_073233.2_118106361_14	truthbar	0	13	14	13	multi	0	0.4567	0.0000	0.0000	0.0000	0.0000	3
FADS1	FADS2	DN_NC_073233.2_69582499_12	DN_NC_073233.2_69678029_12	truthbar	0	12	12	12	multi	0	0.1498	0.0000	0.0000	0.0000	0.0000	3
FADS2	FADS3	DN_NC_073233.2_69678029_12	DN_NC_073233.2_69723982_12	truthbar	0	12	12	12	multi	0	0.2816	0.0000	0.0000	0.0000	0.0000	3
FAHD2B	LOC101146690	DN_NC_073236.2_32048256_8	DN_NC_073236.2_34983788_9	genuine	0	8	9	8	multi	0	0.8537	0.8537	0.8750	0.7778	0.7778	3
FAM136A	LOC101147326	DN_NC_073228.2_28439701_5	DN_NC_073236.2_69434930_3	genuine	0	5	3	3	multi	0	0.4246	0.9543	0.0000	1.0000	0.0000	1
FAM13C	PHYHIPL	DN_NC_073232.2_56389207_14	DN_NC_073232.2_56509561_5	genuine	0	14	5	5	multi	0	0.4794	0.4773	0.0714	0.0000	0.0000	1
FAM200A	LOC101145047	DN_NC_073227.2_23893974_2	DN_NC_073230.2_89274458_2	genuine	0	2	2	2	multi	0	0.5685	0.6331	0.0000	0.5000	0.0000	3
FAM228B	FGD3	DN_NC_073236.2_115828789_3	DN_NC_073237.2_89465596_2	genuine	0	3	2	2	multi	0	0.1568	0.9162	0.3333	0.5000	0.3333	4
FAM228B	LOC129526638	DN_NC_073236.2_115828789_3	DN_NC_073239.2_70164897_2	genuine	0	3	2	2	multi	0	0.1656	0.6317	0.0000	0.5000	0.0000	4
FAM228B	MTHFD2L	DN_NC_073227.2_94499432_2	DN_NC_073236.2_115828789_3	genuine	0	2	3	2	multi	0	0.3256	0.6271	0.5000	0.3333	0.3333	4
FAM228B	ZNF626	DN_NC_073236.2_115828789_3	DN_NC_073244.2_27139185_2	genuine	0	3	2	2	multi	0	0.2572	0.7533	0.3333	0.5000	0.3333	4
FAM236B	LOC115932943	DN_NC_073247.2_84517974_3	DN_NC_073247.2_84653260_2	genuine	0	3	2	2	multi	0	0.4391	0.0000	0.0000	0.0000	0.0000	3
FAM236B	LOC129530010	DN_NC_073247.2_84517974_3	DN_NC_073247.2_84678651_3	genuine	0	3	3	3	multi	0	0.6974	1.0263	1.0000	1.0000	1.0000	3
FAM50A	FAM50B	DN_NC_073229.2_21470970_2	DN_NC_073247.2_166062772_13	truthbar	0	2	13	2	multi	0	0.3945	0.0000	0.0000	0.0000	0.0000	3
FANCL	VRK2	DN_NC_073236.2_81530457_14	DN_NC_073236.2_81606261_13	genuine	0	14	13	13	multi	0	0.2704	0.2709	0.0714	0.0000	0.0000	1
FBH1	LOC109028588	DN_NC_073232.2_14850424_21	DN_NC_073232.2_14895260_2	genuine	0	21	2	2	multi	0	0.1634	0.1622	0.0476	0.0000	0.0000	3
FBP2	LOC134758618	DN_NC_073228.2_179980536_5	DN_NC_073237.2_91001440_7	genuine	0	5	7	5	multi	0	0.1449	0.0000	0.0000	0.0000	0.0000	1
FBXO17	LOC101138261	DN_NC_073232.2_72957232_4	DN_NC_073244.2_50702615_6	genuine	0	4	6	4	multi	0	0.1462	0.0000	0.0000	0.0000	0.0000	2
FBXO17	LOC109027124	DN_NC_073229.2_194862622_5	DN_NC_073244.2_50702615_6	genuine	0	5	6	5	multi	0	0.2404	0.3780	0.2000	0.0000	0.0000	2
FBXO17	MPHOSPH8	DN_NC_073238.2_33904146_3	DN_NC_073244.2_50702615_6	genuine	0	3	6	3	multi	0	0.3166	0.0000	0.0000	0.0000	0.0000	2
FBXO17	SVBP	DN_NC_073224.2_197128142_3	DN_NC_073244.2_50702615_6	genuine	0	3	6	3	multi	0	0.1462	0.0000	0.0000	0.0000	0.0000	2
FBXO44	FBXO6	DN_NC_073224.2_228923130_6	DN_NC_073224.2_228936705_6	truthbar	0	6	6	6	multi	0	0.3528	0.1147	0.1667	0.1667	0.1667	1
FCGR2A	FCGR2B	DN_NC_073224.2_95093869_7	DN_NC_073224.2_95171181_7	truthbar	0	7	7	7	multi	0	0.2621	0.3175	0.5714	0.4286	0.4286	1
FGD1	FGD3	DN_NC_073237.2_89473261_14	DN_NC_073247.2_64561534_19	truthbar	0	14	19	14	multi	0	0.2754	0.0000	0.0000	0.0000	0.0000	4
FGD1	TSR2	DN_NC_073247.2_64556424_5	DN_NC_073247.2_64561534_19	genuine	0	5	19	5	multi	0	0.2796	0.2768	0.0000	0.0526	0.0000	4
FGD3	LOC129526638	DN_NC_073237.2_89465596_2	DN_NC_073239.2_70164897_2	genuine	0	2	2	2	multi	0	0.1452	0.6456	0.0000	0.5000	0.0000	4
FGD3	MTHFD2L	DN_NC_073227.2_94499432_2	DN_NC_073237.2_89465596_2	genuine	0	2	2	2	multi	0	0.1568	0.6127	0.5000	0.5000	0.5000	4
FGD3	ZNF626	DN_NC_073237.2_89465596_2	DN_NC_073244.2_27139185_2	genuine	0	2	2	2	multi	0	0.1664	0.9654	0.5000	0.5000	0.5000	4
FGF2	NUDT6	DN_NC_073227.2_142943898_3	DN_NC_073227.2_143010447_5	TP	1	3	5	3	multi	0	0.4208	0.4208	0.0000	0.2000	0.0000	0
FGFR1	FGFR4	DN_NC_073228.2_180865938_18	DN_NC_073231.2_83007056_9	truthbar	0	18	9	9	multi	0	0.2843	0.0000	0.0000	0.0000	0.0000	3
FIP1L1	LNX1	DN_NC_073227.2_72845455_9	DN_NC_073227.2_72905683_18	genuine	0	9	18	9	multi	0	0.4397	0.4382	0.1111	0.0000	0.0000	3
FKBP15	SLC31A2	DN_NC_073237.2_109499325_4	DN_NC_073237.2_109511989_28	genuine	0	4	28	4	multi	0	0.4088	0.4088	0.0000	0.0357	0.0000	3
FKBP9	LOC101129903	DN_NC_073230.2_40386475_10	DN_NC_073230.2_63523034_4	TP	1	10	4	4	multi	0	0.4661	0.7798	0.3000	0.7500	0.3000	2
FLNB	LOC101142657	DN_NC_073230.2_137926513_11	DN_NC_086017.1_68009077_13	truthbar	0	11	13	11	multi	0	0.3572	0.0000	0.0000	0.0000	0.0000	3
FMO1	FMO4	DN_NC_073224.2_85416146_10	DN_NC_073224.2_85471368_7	truthbar	0	10	7	7	multi	0	0.3416	0.0000	0.0000	0.0000	0.0000	3
FOXO1	LOC115933254	DN_NC_073236.2_32935299_2	DN_NC_073238.2_54832744_2	genuine	0	2	2	2	multi	0	0.3255	0.8849	0.5000	0.5000	0.5000	4
FPR2	LOC129528664	DN_NC_073244.2_63732072_2	DN_NC_073244.2_63765159_2	genuine	0	2	2	2	multi	0	0.3254	0.0000	0.0000	0.0000	0.0000	1
FRG1	LOC101142904	DN_NC_073227.2_210893336_9	DN_NC_073246.2_2235416_3	TP	1	9	3	3	multi	0	0.2852	0.0000	0.0000	0.0000	0.0000	3
FRG1	LOC115933219	DN_NC_073227.2_210893336_9	DN_NC_073245.2_42779121_5	TP	1	9	5	5	multi	0	0.2217	0.5957	0.6667	0.6000	0.6000	3
FRG1	LOC129526395	DN_NC_073227.2_210893336_9	DN_NC_073238.2_24693721_8	TP	1	9	8	8	multi	0	0.4893	0.5557	0.6667	0.6250	0.6250	3
FRG1	LOC129526550	DN_NC_073227.2_210893336_9	DN_NC_073239.2_44147073_8	TP	1	9	8	8	multi	0	0.3984	0.4561	0.5556	0.6250	0.5556	3
FRG1	LOC129526557	DN_NC_073227.2_210893336_9	DN_NC_073239.2_44758266_8	genuine	0	9	8	8	multi	0	0.2939	0.8828	0.8889	0.8750	0.8750	3
FRG1	LOC129530429	DN_NC_073227.2_210893336_9	DN_NC_073248.2_10847471_7	truthbar	0	9	7	7	multi	0	0.4043	0.6836	0.6667	0.8571	0.6667	3
FRG1	LOC129530552	DN_NC_073227.2_210893336_9	DN_NC_086018.1_1774757_3	TP	1	9	3	3	multi	0	0.2852	0.0000	0.0000	0.0000	0.0000	3
FRG1	LOC129531431	DN_NC_073227.2_210893336_9	DN_NC_073236.2_26203134_8	TP	1	9	8	8	multi	0	0.3984	0.4648	0.5556	0.6250	0.5556	3
FRG1	LOC129532222	DN_NC_073227.2_210893336_9	DN_NC_073235.2_33703802_2	TP	1	9	2	2	multi	0	0.2041	0.0000	0.0000	0.0000	0.0000	3
FRG1	LOC129532224	DN_NC_073227.2_210893336_9	DN_NC_073235.2_34402342_7	genuine	0	9	7	7	multi	0	0.2246	0.5586	0.0000	0.0000	0.0000	3
FYN	YES1	DN_NC_073229.2_135821332_11	DN_NC_073241.2_49527271_12	truthbar	0	11	12	11	multi	0	0.2767	0.0000	0.0000	0.0000	0.0000	1
FZD3	FZD6	DN_NC_073231.2_109134791_7	DN_NC_073231.2_32715505_7	truthbar	0	7	7	7	multi	0	0.2020	0.0000	0.0000	0.0000	0.0000	3
GALNT1	GALNT13	DN_NC_073235.2_56615771_10	DN_NC_073241.2_64883296_11	truthbar	0	10	11	10	multi	0	0.3915	0.0000	0.0000	0.0000	0.0000	1
GALNT14	GALNT16	DN_NC_073236.2_108768428_15	DN_NC_073239.2_86159949_15	truthbar	0	15	15	15	multi	0	0.3957	0.0000	0.0000	0.0000	0.0000	1
GALNT17	LOC115935264	DN_NC_073230.2_80576116_9	DN_NC_073230.2_81087606_7	genuine	0	9	7	7	multi	0	0.4265	0.6203	0.2222	0.2857	0.2222	4
GAPDHS	LOC109024240	DN_NC_073244.2_46592534_11	DN_NC_073244.2_46599941_3	genuine	0	11	3	3	multi	0	0.1422	0.0000	0.0000	0.0000	0.0000	3
GATC	SRSF9	DN_NC_073234.2_135871466_4	DN_NC_073234.2_135886660_4	TP	1	4	4	4	multi	0	0.4406	0.4406	0.0000	0.2500	0.0000	4
GBA1	LOC101127437	DN_NC_073224.2_101578782_11	DN_NC_073224.2_101602135_9	TP	1	11	9	9	multi	0	0.3588	0.8320	0.6364	0.6667	0.6364	3
GBP2	GBP3	DN_NC_073224.2_150859518_11	DN_NC_073224.2_150948916_11	truthbar	0	12	11	11	multi	0	0.3730	0.4962	0.7500	0.8182	0.7500	3
GBP2	GBP5	DN_NC_073224.2_150712594_12	DN_NC_073224.2_150859518_11	truthbar	0	12	12	12	multi	0	0.2943	0.0000	0.0000	0.0000	0.0000	3
GBP2	GBP6	DN_NC_073224.2_150600792_11	DN_NC_073224.2_150859518_11	truthbar	0	11	12	11	multi	0	0.2268	0.0000	0.0000	0.0000	0.0000	3
GBP2	LOC101130426	DN_NC_073224.2_150859518_11	DN_NC_073224.2_150903711_11	truthbar	0	12	11	11	multi	0	0.3176	0.4033	0.7500	0.8182	0.7500	3
GBP2	LOC101137042	DN_NC_073224.2_150567709_6	DN_NC_073224.2_150859518_11	genuine	0	6	12	6	multi	0	0.1569	0.0000	0.0000	0.0000	0.0000	3
GBP3	GBP4	DN_NC_073224.2_150787798_12	DN_NC_073224.2_150948916_11	truthbar	0	12	11	11	multi	0	0.1462	0.0000	0.0000	0.0000	0.0000	3
GBP3	GBP5	DN_NC_073224.2_150712594_12	DN_NC_073224.2_150948916_11	truthbar	0	12	11	11	multi	0	0.3246	0.0000	0.0000	0.0000	0.0000	3
GBP3	GBP6	DN_NC_073224.2_150600792_11	DN_NC_073224.2_150948916_11	truthbar	0	11	11	11	multi	0	0.1515	0.0000	0.0000	0.0000	0.0000	3
GBP3	LOC101130426	DN_NC_073224.2_150903711_11	DN_NC_073224.2_150948916_11	truthbar	0	11	11	11	multi	0	0.5171	0.7380	0.8182	0.9091	0.8182	3
GBP3	LOC101137042	DN_NC_073224.2_150567709_6	DN_NC_073224.2_150948916_11	genuine	0	6	11	6	multi	0	0.1555	0.1481	0.5000	0.2727	0.2727	3
GBP4	GBP6	DN_NC_073224.2_150600792_11	DN_NC_073224.2_150787798_12	truthbar	0	11	12	11	multi	0	0.5839	0.3518	0.4545	0.5000	0.4545	3
GBP5	LOC101130426	DN_NC_073224.2_150712594_12	DN_NC_073224.2_150903711_11	truthbar	0	12	11	11	multi	0	0.2766	0.0000	0.0000	0.0000	0.0000	3
GBP6	LOC101130426	DN_NC_073224.2_150600792_11	DN_NC_073224.2_150903711_11	truthbar	0	11	11	11	multi	0	0.1515	0.0000	0.0000	0.0000	0.0000	3
GGA1	GGA3	DN_NC_073228.2_16713346_17	DN_NC_086018.1_35611817_17	truthbar	0	17	17	17	multi	0	0.1543	0.0000	0.0000	0.0000	0.0000	1
GGT1	LOC129526379	DN_NC_073238.2_24435116_16	DN_NC_086018.1_22138206_15	genuine	0	16	15	15	multi	0	0.1420	0.6684	0.5000	0.6000	0.5000	4
GIMAP4	LOC101145464	DN_NC_073230.2_159385621_3	DN_NC_073247.2_147586730_5	genuine	0	3	5	3	multi	0	0.2032	0.1926	0.0000	0.0000	0.0000	0
GIMAP4	LOC109023154	DN_NC_073230.2_159385621_3	DN_NC_073239.2_123333523_2	genuine	0	3	2	2	multi	0	0.1467	0.2049	0.0000	0.0000	0.0000	0
GIMAP4	LOC109025730	DN_NC_073224.2_123525276_5	DN_NC_073230.2_159385621_3	genuine	0	5	3	3	multi	0	0.3441	0.3562	0.2000	0.0000	0.0000	0
GIMAP4	LOC129530131	DN_NC_073230.2_159385621_3	DN_NC_073247.2_115708949_2	genuine	0	3	2	2	multi	0	0.1512	0.1565	0.0000	0.0000	0.0000	0
GIMAP4	LOC134756589	DN_NC_073230.2_159385621_3	DN_NC_073234.2_126370406_2	genuine	0	3	2	2	multi	0	0.1628	0.1674	0.0000	0.0000	0.0000	0
GIMAP4	PDCD5	DN_NC_073230.2_159385621_3	DN_NC_073244.2_43610901_6	genuine	0	3	6	3	multi	0	0.3739	0.3747	0.0000	0.1667	0.0000	0
GIMAP4	SEM1	DN_NC_073230.2_159385621_3	DN_NC_073230.2_92132360_3	genuine	0	3	3	3	multi	0	0.1718	0.2421	0.0000	0.0000	0.0000	0
GIMAP4	SPC25	DN_NC_073230.2_159385621_3	DN_NC_073235.2_71373985_7	genuine	0	3	7	3	multi	0	0.2449	0.3463	0.0000	0.1429	0.0000	0
GLB1	GLB1L	DN_NC_073235.2_121932800_16	DN_NC_086017.1_42871160_16	truthbar	0	16	16	16	multi	0	0.1760	0.0000	0.0000	0.0000	0.0000	1
GLIPR1	KRR1	DN_NC_073234.2_90802099_6	DN_NC_073234.2_90815331_10	genuine	0	6	10	6	multi	0	0.4329	0.4333	0.1667	0.0000	0.0000	3
GLMP	TMEM79	DN_NC_073224.2_100532147_6	DN_NC_073224.2_100535401_4	genuine	0	6	4	4	multi	0	0.3675	0.3675	0.0000	0.2500	0.0000	3
GLT8D2	TDG	DN_NC_073234.2_119380821_10	DN_NC_073234.2_119401970_11	genuine	0	10	11	10	multi	0	0.6238	0.6238	0.1000	0.0909	0.0909	3
GLUD1	GLUD2	DN_NC_073232.2_99433455_13	DN_NC_073247.2_132688708_2	TP	1	13	2	2	multi	0	0.7331	0.8402	0.9231	0.5000	0.5000	1
GMNN	LOC129527626	DN_NC_073229.2_42464475_7	DN_NC_073242.2_31473413_2	genuine	0	7	2	2	multi	0	0.1547	0.0000	0.0000	0.0000	0.0000	4
GMNN	LOC134757427	DN_NC_073229.2_42464475_7	DN_NC_073242.2_15582646_2	genuine	0	7	2	2	multi	0	0.1370	0.0000	0.0000	0.0000	0.0000	4
GMNN	LOC134757432	DN_NC_073229.2_42464475_7	DN_NC_073242.2_30609225_2	genuine	0	7	2	2	multi	0	0.1547	0.0000	0.0000	0.0000	0.0000	4
GNAI1	GNAI3	DN_NC_073224.2_130486250_9	DN_NC_073230.2_108545376_8	truthbar	0	9	8	8	multi	0	0.3161	0.0000	0.0000	0.0000	0.0000	3
GNAL	GNAS	DN_NC_073241.2_38359785_12	DN_NC_073245.2_71171979_13	truthbar	0	12	13	12	multi	0	0.5633	0.0000	0.0000	0.0000	0.0000	3
GNB1	GNB2	DN_NC_073224.2_239365488_12	DN_NC_073230.2_88115984_10	truthbar	0	12	10	10	multi	0	0.5258	0.0000	0.0000	0.0000	0.0000	1
GNG5	RPF1	DN_NC_073224.2_155484145_3	DN_NC_073224.2_155489872_9	genuine	0	3	9	3	multi	0	0.6307	0.6273	0.3333	0.0000	0.0000	3
GPAT3	GPAT4	DN_NC_073227.2_103831874_13	DN_NC_073231.2_79838229_13	genuine	0	13	13	13	multi	0	0.3603	0.0000	0.0000	0.0000	0.0000	4
GPAT4	LOC101133668	DN_NC_073230.2_74190280_2	DN_NC_073231.2_79866967_2	genuine	0	2	2	2	multi	0	0.2929	0.8579	0.5000	0.5000	0.5000	4
GPN1	SUPT7L	DN_NC_073236.2_112253211_6	DN_NC_073236.2_112264496_14	genuine	0	6	14	6	multi	0	0.6197	0.6197	0.1667	0.0714	0.0714	3
GPR89A	LOC101128637	DN_NC_073224.2_116008764_12	DN_NC_073224.2_124490902_14	genuine	0	12	14	12	multi	0	0.5039	1.0877	1.0000	0.9286	0.9286	3
GRIA1	GRIA4	DN_NC_073228.2_157310163_16	DN_NC_073233.2_113496230_16	truthbar	0	16	16	16	multi	0	0.1448	0.0000	0.0000	0.0000	0.0000	3
GRK2	GRK3	DN_NC_073233.2_75193065_21	DN_NC_086018.1_23590926_21	truthbar	0	21	21	21	multi	0	0.6349	0.0000	0.0000	0.0000	0.0000	1
GRTP1	LAMP1	DN_NC_073238.2_128177434_9	DN_NC_073238.2_128201955_8	genuine	0	9	8	8	multi	0	0.6147	0.6147	0.1111	0.1250	0.1111	1
GSTM1	GSTM3	DN_NC_073224.2_129169623_8	DN_NC_073224.2_129211328_8	truthbar	0	8	8	8	multi	0	0.6313	0.0000	0.0000	0.0000	0.0000	1
GSTM1	GSTM4	DN_NC_073224.2_129211328_8	DN_NC_073224.2_130416112_8	TP	1	8	8	8	multi	0	0.4365	0.4365	0.7500	0.8750	0.7500	1
GSTM1	GSTM5	DN_NC_073224.2_129191737_8	DN_NC_073224.2_129211328_8	truthbar	0	8	8	8	multi	0	0.4182	0.5565	0.8750	0.8750	0.8750	1
GSTM1	LOC129530196	DN_NC_073224.2_129200469_3	DN_NC_073248.2_27104145_4	genuine	0	3	4	3	multi	0	0.1906	0.4821	0.3333	0.0000	0.0000	1
GSTM2	LOC101126097	DN_NC_073224.2_115215234_17	DN_NC_073224.2_130013703_13	genuine	0	17	13	13	multi	0	0.4230	0.9984	0.8235	0.9231	0.8235	1
GSTM2	LOC101129940	DN_NC_073224.2_124983304_5	DN_NC_073224.2_130157457_4	genuine	0	5	4	4	multi	0	0.7880	1.0214	0.8000	1.0000	0.8000	1
GSTM2	LOC101131274	DN_NC_073224.2_129970070_21	DN_NC_073224.2_218361248_19	genuine	0	21	19	19	multi	0	0.1703	0.9713	0.9524	0.9474	0.9474	1
GSTM2	LOC101135585	DN_NC_073224.2_129970070_21	DN_NC_073224.2_130335848_23	genuine	0	21	23	21	multi	0	0.4989	0.6547	0.8571	0.8261	0.8261	1
GSTM2	LOC101140579	DN_NC_073224.2_130406472_4	DN_NC_073233.2_132097253_2	genuine	0	4	2	2	multi	0	0.1336	0.0000	0.0000	0.0000	0.0000	1
GSTM2	LOC109023809	DN_NC_073224.2_117447152_14	DN_NC_073224.2_130305133_13	genuine	0	14	13	13	multi	0	0.2564	1.0181	1.0000	1.0000	1.0000	1
GSTM2	LOC109026404	DN_NC_073224.2_130406472_2	DN_NC_086017.1_165200217_5	genuine	0	2	5	2	multi	0	0.1349	0.2299	0.0000	0.0000	0.0000	1
GSTM2	LOC115930164	DN_NC_073224.2_129970070_21	DN_NC_073224.2_223156764_8	genuine	0	21	8	8	multi	0	0.3036	0.8901	0.2381	0.6250	0.2381	1
GSTM2	LOC115930576	DN_NC_073224.2_129970070_21	DN_NC_073224.2_218434129_23	genuine	0	21	23	21	multi	0	0.1703	0.9702	0.9524	0.9565	0.9524	1
GSTM2	LOC115932735	DN_NC_073224.2_124254598_20	DN_NC_073224.2_129970070_21	genuine	0	20	21	20	multi	0	0.1417	0.1739	0.2000	0.3810	0.2000	1
GSTM2	LOC115932984	DN_NC_073224.2_129970070_21	DN_NC_073224.2_130224824_25	genuine	0	21	25	21	multi	0	0.2346	0.6288	0.9048	0.9600	0.9048	1
GSTM2	LOC115933235	DN_NC_073224.2_129429039_7	DN_NC_073224.2_129970070_21	genuine	0	7	21	7	multi	0	0.5893	1.0000	1.0000	0.3333	0.3333	1
GSTM2	LOC115933241	DN_NC_073224.2_115073393_19	DN_NC_073224.2_129970070_21	genuine	0	19	21	19	multi	0	0.3804	0.8149	0.7895	0.9524	0.7895	1
GSTM2	LOC115935025	DN_NC_073224.2_130406472_4	DN_NC_073229.2_136550623_3	genuine	0	4	3	3	multi	0	0.1632	0.0000	0.0000	0.0000	0.0000	1
GSTM2	LOC129525330	DN_NC_073224.2_125594338_29	DN_NC_073224.2_129970070_21	genuine	0	29	21	21	multi	0	0.2328	0.6135	1.0000	0.8571	0.8571	1
GSTM2	LOC129525331	DN_NC_073224.2_125055626_35	DN_NC_073224.2_129970070_21	genuine	0	35	21	21	multi	0	0.2143	0.5952	1.0000	0.9048	0.9048	1
GSTM2	LOC129525599	DN_NC_073224.2_116807774_25	DN_NC_073224.2_129970070_21	genuine	0	25	21	21	multi	0	0.6679	0.8251	1.0000	0.9048	0.9048	1
GSTM2	LOC129532045	DN_NC_073224.2_130406472_2	DN_NC_073235.2_137582288_5	genuine	0	2	5	2	multi	0	0.1429	0.0000	0.0000	0.0000	0.0000	1
GSTM2	LOC134756861	DN_NC_073224.2_117494263_25	DN_NC_073224.2_129970070_21	genuine	0	25	21	21	multi	0	0.6682	0.8251	0.7600	0.9048	0.7600	1
GSTM2	LOC134756922	DN_NC_073224.2_117217199_13	DN_NC_073224.2_130013703_13	genuine	0	13	13	13	multi	0	0.9713	1.0000	0.9231	1.0000	0.9231	1
GSTM2	LOC134757399	DN_NC_073224.2_130406472_2	DN_NC_073241.2_80636266_2	genuine	0	2	2	2	multi	0	0.2493	0.2917	0.0000	0.0000	0.0000	1
GSTM2	SEC22B	DN_NC_073224.2_117114419_5	DN_NC_073224.2_130157457_4	genuine	0	5	4	4	multi	0	0.3202	1.0212	0.8000	1.0000	0.8000	1
GSTM2	SNX14	DN_NC_073224.2_130406472_2	DN_NC_073229.2_109663823_28	genuine	0	2	28	2	multi	0	0.1494	0.2396	0.0000	0.0357	0.0000	1
GSTM2	TRIP13	DN_NC_073224.2_130305133_13	DN_NC_073243.2_111262956_13	genuine	0	13	13	13	multi	0	0.1916	0.3212	0.9231	0.8462	0.8462	1
GSTM2	WDR64	DN_NC_073224.2_130406472_2	DN_NC_073224.2_13812644_2	genuine	0	2	2	2	multi	0	0.2655	0.0000	0.0000	0.0000	0.0000	1
GSTM2	XAF1	DN_NC_073224.2_130406472_4	DN_NC_073243.2_21894066_7	genuine	0	4	7	4	multi	0	0.1601	0.0000	0.0000	0.0000	0.0000	1
GSTM3	GSTM4	DN_NC_073224.2_129169623_8	DN_NC_073224.2_130416112_8	truthbar	0	8	8	8	multi	0	0.6066	0.0000	0.0000	0.0000	0.0000	1
GSTM3	GSTM5	DN_NC_073224.2_129169623_8	DN_NC_073224.2_129191737_8	truthbar	0	8	8	8	multi	0	0.6334	0.0000	0.0000	0.0000	0.0000	1
GSTM4	GSTM5	DN_NC_073224.2_129191737_8	DN_NC_073224.2_130416112_8	truthbar	0	8	8	8	multi	0	0.4402	0.4365	0.7500	0.7500	0.7500	1
GTF3A	MTIF3	DN_NC_073238.2_41750994_9	DN_NC_073238.2_41760020_5	genuine	0	9	5	5	multi	0	0.1981	0.1981	0.0000	0.0000	0.0000	1
H1-4	LOC101133280	DN_NC_073229.2_43808975_3	DN_NC_073229.2_43841872_2	genuine	0	3	2	2	multi	0	0.1557	0.1415	0.0000	0.0000	0.0000	3
HARS1	LOC101146509	DN_NC_073228.2_144523376_13	DN_NC_073228.2_144540580_13	truthbar	0	13	13	13	multi	0	0.5838	0.2220	0.0769	0.0769	0.0769	1
HCFC1R1	THOC6	DN_NC_073242.2_6668831_3	DN_NC_073242.2_6668959_13	genuine	0	3	13	3	multi	0	0.4695	0.4737	0.3333	0.0000	0.0000	3
HCK	LCK	DN_NC_073224.2_207670698_13	DN_NC_073245.2_44289870_13	truthbar	0	12	13	12	multi	0	0.4163	0.0000	0.0000	0.0000	0.0000	3
HDGFL3	TM6SF1	DN_NC_073240.2_84645975_10	DN_NC_073240.2_84673981_6	genuine	0	10	6	6	multi	0	0.6009	0.5986	0.1000	0.0000	0.0000	3
HERC2	LOC109023386	DN_NC_073240.2_23447377_5	DN_NC_073240.2_29509629_20	genuine	0	5	20	5	multi	0	0.1904	0.2243	0.6000	0.2500	0.2500	1
HERC2	LOC115930830	DN_NC_073240.2_29509629_20	DN_NC_073240.2_31271054_17	genuine	0	20	17	17	multi	0	0.2543	0.6675	0.6500	0.6471	0.6471	1
HERC2	LOC129527054	DN_NC_073240.2_23337808_11	DN_NC_073240.2_29369420_15	genuine	0	11	15	11	multi	0	0.6185	0.9029	0.9091	0.6667	0.6667	1
HERC2	LOC129527072	DN_NC_073240.2_24965661_3	DN_NC_073240.2_29509629_20	genuine	0	3	20	3	multi	0	0.2719	0.8098	0.6667	0.1500	0.1500	1
HERC5	HERC6	DN_NC_073227.2_108696648_23	DN_NC_073227.2_108774177_23	truthbar	0	23	23	23	multi	0	0.2682	0.0000	0.0000	0.0000	0.0000	1
HIGD1A	SDHAF4	DN_NC_073229.2_94673034_3	DN_NC_086017.1_52688084_4	genuine	0	3	4	3	multi	0	0.1692	0.0000	0.0000	0.0000	0.0000	3
HIVEP1	LOC129532538	DN_NC_073229.2_29619457_3	DN_NC_086017.1_156500672_3	genuine	0	3	3	3	multi	0	0.1529	0.0000	0.0000	0.0000	0.0000	3
HIVEP1	LOC129532539	DN_NC_073229.2_29619457_3	DN_NC_086017.1_156500672_2	genuine	0	3	2	2	multi	0	0.1529	0.0000	0.0000	0.0000	0.0000	3
HIVEP1	TNFRSF10B	DN_NC_073229.2_29619457_3	DN_NC_073231.2_27219653_9	genuine	0	3	9	3	multi	0	0.1548	0.0000	0.0000	0.0000	0.0000	3
HK1	HK2	DN_NC_073232.2_46350686_18	DN_NC_073236.2_64893638_18	truthbar	0	18	18	18	multi	0	0.7510	0.0000	0.0000	0.0000	0.0000	1
HK1	HKDC1	DN_NC_073232.2_46350686_18	DN_NC_073232.2_46484201_18	truthbar	0	18	18	18	multi	0	0.3327	0.0000	0.0000	0.0000	0.0000	1
HK2	HKDC1	DN_NC_073232.2_46484201_18	DN_NC_073236.2_64893638_18	truthbar	0	18	18	18	multi	0	0.2356	0.0000	0.0000	0.0000	0.0000	1
HMGN2	LOC129533754	DN_NC_073224.2_213462039_6	DN_NC_073228.2_49710333_4	genuine	0	6	4	4	multi	0	0.1736	0.3792	0.6667	0.0000	0.0000	3
HNRNPA1	LOC101136459	DN_NC_073234.2_47062440_10	DN_NC_073238.2_67037804_5	genuine	0	10	5	5	multi	0	0.5115	0.5866	0.8000	0.2000	0.2000	3
HNRNPF	HNRNPH1	DN_NC_073228.2_183595646_14	DN_NC_073232.2_72046295_2	truthbar	0	14	2	2	multi	0	0.5570	0.0000	0.0000	0.0000	0.0000	1
HNRNPF	HNRNPH2	DN_NC_073232.2_72046295_2	DN_NC_073247.2_113184310_2	truthbar	0	2	2	2	multi	0	0.5308	0.0000	0.0000	0.0000	0.0000	1
HNRNPH1	HNRNPH2	DN_NC_073228.2_183595646_14	DN_NC_073247.2_113184615_2	truthbar	0	14	2	2	multi	0	0.6090	0.5292	0.7857	0.5000	0.5000	1
HPCAL1	HPCAL4	DN_NC_073224.2_200263910_4	DN_NC_073236.2_129488631_5	truthbar	0	4	5	4	multi	0	0.2494	0.0000	0.0000	0.0000	0.0000	3
HSCB	NBEAL1	DN_NC_073235.2_105819742_3	DN_NC_086018.1_26773900_6	genuine	0	3	6	3	multi	0	0.1598	0.0000	0.0000	0.0000	0.0000	1
HSP90AA1	HSP90AB1	DN_NC_073229.2_62050928_12	DN_NC_073239.2_119046659_11	truthbar	0	12	11	11	multi	0	0.4101	0.0000	0.0000	0.0000	0.0000	1
HSPA12A	HSPA12B	DN_NC_073232.2_128963971_12	DN_NC_073245.2_13635871_13	truthbar	0	12	13	12	multi	0	0.2210	0.0000	0.0000	0.0000	0.0000	3
HSPA1L	HSPA2	DN_NC_073229.2_49412440_2	DN_NC_073239.2_81444992_2	truthbar	0	2	2	2	multi	0	0.4634	0.0000	0.0000	0.0000	0.0000	3
HSPA1L	HSPA8	DN_NC_073229.2_49412455_2	DN_NC_073233.2_130982674_9	truthbar	0	2	9	2	multi	0	0.6566	0.0000	0.0000	0.0000	0.0000	3
HSPA1L	LOC101131586	DN_NC_073229.2_49412455_2	DN_NC_073229.2_49429142_2	genuine	0	2	2	2	multi	0	0.6732	0.5668	1.0000	0.5000	0.5000	3
HSPA2	HSPA8	DN_NC_073233.2_130982674_9	DN_NC_073239.2_81444992_2	truthbar	0	9	2	2	multi	0	0.4915	0.0000	0.0000	0.0000	0.0000	3
HSPA2	LOC101131586	DN_NC_073229.2_49424718_2	DN_NC_073239.2_81444992_2	truthbar	0	2	2	2	multi	0	0.4873	0.4992	0.0000	0.5000	0.0000	3
HSPA4L	HSPH1	DN_NC_073227.2_147946045_19	DN_NC_073238.2_45470660_18	truthbar	0	19	18	18	multi	0	0.2288	0.0000	0.0000	0.0000	0.0000	3
HTRA1	HTRA3	DN_NC_073227.2_13097386_9	DN_NC_073232.2_134750324_9	truthbar	0	9	9	9	multi	0	0.2112	0.0000	0.0000	0.0000	0.0000	1
HYAL3	NAA80	DN_NC_086017.1_60157910_4	DN_NC_086017.1_60161487_2	genuine	0	4	2	2	multi	0	0.1458	0.0000	0.0000	0.0000	0.0000	1
IFITM1	IFITM2	DN_NC_073233.2_6759783_2	DN_NC_073233.2_6761147_2	truthbar	0	2	2	2	multi	0	0.8782	0.8782	0.5000	0.5000	0.5000	0
IFITM1	LOC101128980	DN_NC_073233.2_6765652_2	DN_NC_073233.2_6771931_2	truthbar	0	2	2	2	multi	0	0.4864	0.0000	0.0000	0.0000	0.0000	0
IFITM1	LOC134758331	DN_NC_073227.2_97044821_2	DN_NC_073233.2_6765652_2	genuine	0	2	2	2	multi	0	0.4763	0.0000	0.0000	0.0000	0.0000	0
IFITM1	VCF2	DN_NC_073233.2_6761147_2	DN_NC_073247.2_65202088_3	genuine	0	2	3	2	multi	0	0.1374	0.0000	0.0000	0.0000	0.0000	0
IFITM2	LOC101128980	DN_NC_073233.2_6759783_2	DN_NC_073233.2_6771931_2	TP	1	2	2	2	multi	0	0.5700	0.8394	0.5000	1.0000	0.5000	0
IFT20	TMEM97	DN_NC_073228.2_64755384_5	DN_NC_073228.2_64760968_3	genuine	0	5	3	3	multi	0	0.4655	0.4655	0.2000	0.0000	0.0000	3
IGBP1	IGBP1C	DN_NC_073228.2_33351168_2	DN_NC_073247.2_81944671_6	TP	1	2	6	2	multi	0	0.5703	0.7309	0.5000	0.8333	0.5000	1
IGSF3	LOC129526379	DN_NC_073224.2_120975632_11	DN_NC_073238.2_24435116_16	TP	1	11	16	11	multi	0	0.4585	0.4676	0.3636	0.2500	0.2500	4
IKBKG	LOC115932121	DN_NC_073247.2_166164942_10	DN_NC_073247.2_166250782_8	TP	1	10	8	8	multi	0	0.7542	0.7547	0.7000	0.8750	0.7000	0
IKZF5	PSTK	DN_NC_073232.2_135254310_6	DN_NC_073232.2_135264721_4	genuine	0	6	4	4	multi	0	0.8914	0.8914	0.1667	0.2500	0.1667	3
IL20RB	LOC129524788	DN_NC_073224.2_150835184_3	DN_NC_086017.1_148168205_5	genuine	0	3	5	3	multi	0	0.1788	0.3275	0.3333	0.2000	0.2000	3
IL20RB	LOC129533004	DN_NC_073227.2_208386894_3	DN_NC_086017.1_148168205_5	genuine	0	3	5	3	multi	0	0.1599	0.2897	0.3333	0.2000	0.2000	3
IL20RB	SLC37A2	DN_NC_073233.2_132992860_18	DN_NC_086017.1_148168205_5	genuine	0	18	5	5	multi	0	0.1461	0.2968	0.0000	0.2000	0.0000	3
IL37	XIAP	DN_NC_073236.2_50448087_2	DN_NC_073247.2_135520853_7	genuine	0	2	7	2	multi	0	0.1418	0.8389	0.5000	0.1429	0.1429	3
ILF2	SNAPIN	DN_NC_073224.2_103138337_14	DN_NC_073224.2_103145991_4	genuine	0	14	4	4	multi	0	0.4070	0.4070	0.0714	0.0000	0.0000	3
INTS6	INTS6L	DN_NC_073238.2_65876995_17	DN_NC_073247.2_147316506_18	truthbar	0	17	18	17	multi	0	0.2126	0.0000	0.0000	0.0000	0.0000	3
INTS6L	SAGE1	DN_NC_073247.2_147316506_18	DN_NC_073247.2_147600611_20	genuine	0	18	20	18	multi	0	0.1809	0.0000	0.0000	0.0000	0.0000	3
IPO5	RANBP6	DN_NC_073237.2_58583645_2	DN_NC_073238.2_112687980_26	truthbar	0	2	26	2	multi	0	0.5944	0.0000	0.0000	0.0000	0.0000	1
IPO7	IPO8	DN_NC_073233.2_15764817_25	DN_NC_073234.2_70557569_25	truthbar	0	25	25	25	multi	0	0.2341	0.0000	0.0000	0.0000	0.0000	3
IQUB	LOC101134045	DN_NC_073230.2_132467242_13	DN_NC_073233.2_14005356_9	genuine	0	13	9	9	multi	0	0.1719	0.3469	0.0000	0.0000	0.0000	4
IQUB	LOC129526638	DN_NC_073230.2_132467242_13	DN_NC_073239.2_70164897_2	genuine	0	13	2	2	multi	0	0.2477	0.6582	0.0000	0.5000	0.0000	4
IRF5	IRF6	DN_NC_073224.2_46970626_9	DN_NC_073230.2_138011361_9	truthbar	0	9	9	9	multi	0	0.1470	0.0000	0.0000	0.0000	0.0000	3
ITPR1	ITPR2	DN_NC_073234.2_74802518_16	DN_NC_086017.1_14572523_16	truthbar	0	16	16	16	multi	0	0.1858	0.0000	0.0000	0.0000	0.0000	3
ITSN1	LOC101150644	DN_NC_073233.2_11450665_3	DN_NC_073246.2_35769268_8	genuine	0	3	8	3	multi	0	0.1352	0.0000	0.0000	0.0000	0.0000	3
JADE1	JADE2	DN_NC_073227.2_149041423_9	DN_NC_073228.2_138430444_12	truthbar	0	9	12	9	multi	0	0.2127	0.0000	0.0000	0.0000	0.0000	1
JAG1	JAG2	DN_NC_073239.2_122136493_25	DN_NC_073245.2_20582467_26	truthbar	0	25	26	25	multi	0	0.1732	0.0000	0.0000	0.0000	0.0000	1
JMJD8	STUB1	DN_NC_073242.2_4304426_7	DN_NC_073242.2_4305661_8	TP	1	7	8	7	multi	0	0.3153	0.4650	0.2857	0.1250	0.1250	4
KAT2A	KAT2B	DN_NC_073228.2_50347799_18	DN_NC_086017.1_29881584_18	truthbar	0	18	18	18	multi	0	0.4015	0.0000	0.0000	0.0000	0.0000	1
KAT5	RNASEH2C	DN_NC_073233.2_73623857_14	DN_NC_073233.2_73629498_4	genuine	0	14	4	4	multi	0	0.2492	0.4531	0.2143	0.0000	0.0000	3
KAT6A	KAT6B	DN_NC_073231.2_79409495_17	DN_NC_073232.2_40728717_16	truthbar	0	17	16	16	multi	0	0.2622	0.0000	0.0000	0.0000	0.0000	1
KCNIP1	RPL14	DN_NC_073228.2_174193084_4	DN_NC_086017.1_50362387_6	genuine	0	4	6	4	multi	0	0.1333	0.0000	0.0000	0.0000	0.0000	4
KDM4A	KDM4C	DN_NC_073224.2_196241058_22	DN_NC_073237.2_57425988_22	truthbar	0	22	22	22	multi	0	0.2171	0.0000	0.0000	0.0000	0.0000	1
KDM5B	KDM5D	DN_NC_073224.2_53955814_27	DN_NC_073248.2_27118037_27	truthbar	0	27	27	27	multi	0	0.1431	0.0000	0.0000	0.0000	0.0000	3
KDM5C	KDM5D	DN_NC_073247.2_63315044_26	DN_NC_073248.2_27118037_27	truthbar	0	26	27	26	multi	0	0.2697	0.6332	0.9231	0.9259	0.9231	3
KDM7A	PHF8	DN_NC_073230.2_149202220_20	DN_NC_073247.2_64062359_23	truthbar	0	20	23	20	multi	0	0.1605	0.0000	0.0000	0.0000	0.0000	1
KDM8	LOC129523519	DN_NC_073242.2_26867490_8	DN_NC_073242.2_27157172_8	TP	1	8	8	8	multi	0	0.9997	1.0000	1.0000	1.0000	1.0000	3
KHDC1	RPSA	DN_NC_073229.2_97353754_3	DN_NC_086017.1_49305793_6	genuine	0	3	6	3	multi	0	0.2048	0.0000	0.0000	0.0000	0.0000	3
KHNYN	SDR39U1	DN_NC_073239.2_32209364_6	DN_NC_073239.2_32210799_7	genuine	0	6	7	6	multi	0	0.5962	0.5962	0.1667	0.0000	0.0000	1
KIF27	LOC115935769	DN_NC_073237.2_80081336_11	DN_NC_073237.2_82042769_5	genuine	0	11	5	5	multi	0	0.3454	0.4060	0.4545	0.8000	0.4545	3
KIF3B	KIF3C	DN_NC_073236.2_113941675_8	DN_NC_073245.2_44511531_9	truthbar	0	8	9	8	multi	0	0.1327	0.0000	0.0000	0.0000	0.0000	1
KLC1	KLC3	DN_NC_073239.2_120602021_15	DN_NC_073244.2_56850091_13	truthbar	0	15	13	13	multi	0	0.3401	0.0000	0.0000	0.0000	0.0000	1
KLC2	KLC4	DN_NC_073229.2_60853569_16	DN_NC_073233.2_74176850_16	truthbar	0	16	16	16	multi	0	0.2982	0.0000	0.0000	0.0000	0.0000	1
KLC3	KLC4	DN_NC_073229.2_60853569_16	DN_NC_073244.2_56850091_13	truthbar	0	16	13	13	multi	0	0.3500	0.0000	0.0000	0.0000	0.0000	1
KLHL3	LOC129527528	DN_NC_073228.2_141706476_5	DN_NC_073242.2_7013229_2	genuine	0	5	2	2	multi	0	0.1673	0.1653	0.0000	0.0000	0.0000	1
KLHL3	LOC134756955	DN_NC_073228.2_141706476_5	DN_NC_073238.2_33197456_2	genuine	0	5	2	2	multi	0	0.1683	0.1680	0.0000	0.0000	0.0000	1
KLHL3	ORC4	DN_NC_073228.2_141706476_5	DN_NC_073235.2_50441116_14	genuine	0	5	14	5	multi	0	0.1534	0.1669	0.0000	0.0000	0.0000	1
KLHL33	LOC109025730	DN_NC_073224.2_123525276_5	DN_NC_073239.2_36370724_4	genuine	0	5	4	4	multi	0	0.1860	0.3471	0.2000	0.0000	0.0000	0
KLHL33	MMP24OS	DN_NC_073239.2_36370724_4	DN_NC_073245.2_47429376_4	genuine	0	4	4	4	multi	0	0.1474	0.2413	0.0000	0.0000	0.0000	0
KLHL33	PDCD5	DN_NC_073239.2_36370724_4	DN_NC_073244.2_43610901_6	genuine	0	4	6	4	multi	0	0.2013	0.3731	0.0000	0.1667	0.0000	0
KLHL33	SEM1	DN_NC_073230.2_92132360_3	DN_NC_073239.2_36370724_4	genuine	0	3	4	3	multi	0	0.1323	0.2431	0.0000	0.0000	0.0000	0
KLHL33	SPC25	DN_NC_073235.2_71373985_7	DN_NC_073239.2_36370724_4	genuine	0	7	4	4	multi	0	0.1603	0.3471	0.1429	0.0000	0.0000	0
KMT2C	LOC129526385	DN_NC_073230.2_161022909_27	DN_NC_073238.2_22875925_6	genuine	0	27	6	6	multi	0	0.3125	0.3125	0.0370	0.1667	0.0370	3
KMT2C	LOC129526398	DN_NC_073230.2_161022909_27	DN_NC_073238.2_24580375_8	genuine	0	27	8	8	multi	0	0.2942	0.2942	0.0370	0.1250	0.0370	3
KMT2C	LOC129526957	DN_NC_073230.2_161022909_27	DN_NC_073236.2_21263952_7	genuine	0	27	7	7	multi	0	0.1887	0.1895	0.0370	0.0000	0.0000	3
KMT2C	LOC134757216	DN_NC_073230.2_161022909_27	DN_NC_073240.2_14396114_6	genuine	0	27	6	6	multi	0	0.1986	0.1994	0.0370	0.0000	0.0000	3
KRBOX4	ZNF300	DN_NC_073228.2_154747841_5	DN_NC_073247.2_56848572_6	genuine	0	5	6	5	multi	0	0.1306	0.0000	0.0000	0.0000	0.0000	0
KRBOX4	ZNF674	DN_NC_073247.2_56848572_6	DN_NC_073247.2_56899135_7	TP	1	6	7	6	multi	0	0.1656	0.3636	0.6667	0.5714	0.5714	0
KRBOX5	ZNF267	DN_NC_073242.2_37302670_5	DN_NC_073242.2_37386128_4	truthbar	0	5	4	4	multi	0	0.1479	0.0000	0.0000	0.0000	0.0000	4
KRCC1	ZMAT1	DN_NC_073236.2_52686516_4	DN_NC_073247.2_113660362_2	genuine	0	4	2	2	multi	0	0.2369	0.0000	0.0000	0.0000	0.0000	1
KRT18	LOC101153891	DN_NC_073224.2_27333739_3	DN_NC_073234.2_48400691_7	genuine	0	3	7	3	multi	0	0.5851	0.8792	0.3333	1.0000	0.3333	1
KRT18	LOC109026917	DN_NC_073228.2_64771950_2	DN_NC_073234.2_48400691_7	genuine	0	2	7	2	multi	0	0.2727	0.8890	0.0000	1.0000	0.0000	1
KRT4	KRT7	DN_NC_073234.2_48529294_9	DN_NC_073234.2_49097599_9	truthbar	0	9	9	9	multi	0	0.3422	0.0000	0.0000	0.0000	0.0000	4
KRT4	KRT8	DN_NC_073234.2_48448103_8	DN_NC_073234.2_48529294_9	truthbar	0	8	9	8	multi	0	0.4019	0.0000	0.0000	0.0000	0.0000	4
KRT4	LOC101136203	DN_NC_073234.2_48529294_9	DN_NC_073234.2_49024482_9	truthbar	0	9	9	9	multi	0	0.3873	0.0000	0.0000	0.0000	0.0000	4
KRT7	KRT8	DN_NC_073234.2_48448103_8	DN_NC_073234.2_49097599_9	truthbar	0	8	9	8	multi	0	0.4900	0.0000	0.0000	0.0000	0.0000	4
KRT7	LOC101136203	DN_NC_073234.2_49024482_9	DN_NC_073234.2_49097599_9	truthbar	0	9	9	9	multi	0	0.2800	0.0000	0.0000	0.0000	0.0000	4
KRT7	LOC109029034	DN_NC_073234.2_49087212_9	DN_NC_073234.2_49097599_9	truthbar	0	9	9	9	multi	0	0.4774	0.0000	0.0000	0.0000	0.0000	4
KRT7	TTBK2	DN_NC_073234.2_49097599_9	DN_NC_073240.2_43610228_10	genuine	0	9	10	9	multi	0	0.1853	0.0000	0.0000	0.0000	0.0000	4
KRT8	LOC101136203	DN_NC_073234.2_48448103_8	DN_NC_073234.2_49024482_9	truthbar	0	8	9	8	multi	0	0.2317	0.0000	0.0000	0.0000	0.0000	4
KRT8	LOC109029034	DN_NC_073234.2_48448103_8	DN_NC_073234.2_49087212_9	truthbar	0	8	9	8	multi	0	0.3198	0.0000	0.0000	0.0000	0.0000	4
KRT8	TTBK2	DN_NC_073234.2_48448103_8	DN_NC_073240.2_43610228_10	genuine	0	8	10	8	multi	0	0.2242	0.6877	0.8750	0.1000	0.1000	4
KYAT3	RBMX	DN_NC_073224.2_150982352_2	DN_NC_073247.2_148580448_11	genuine	0	2	11	2	multi	0	0.3394	0.9860	0.5000	1.0000	0.5000	1
L2HGDH	LOC129527528	DN_NC_073239.2_67194404_11	DN_NC_073242.2_7013229_2	genuine	0	11	2	2	multi	0	0.1741	0.2188	0.0000	0.0000	0.0000	1
L2HGDH	LOC134756955	DN_NC_073238.2_33197456_2	DN_NC_073239.2_67194404_11	genuine	0	2	11	2	multi	0	0.1501	0.1924	0.0000	0.0000	0.0000	1
LAGE3	LOC101137029	DN_NC_073237.2_30974188_2	DN_NC_073247.2_166096407_3	genuine	0	2	3	2	multi	0	0.4509	0.8799	0.5000	1.0000	0.5000	1
LAMTOR3	RPS26	DN_NC_073227.2_120192697_7	DN_NC_073234.2_45319542_4	genuine	0	6	4	4	multi	0	0.1352	0.0000	0.0000	0.0000	0.0000	3
LARP1B	LOC101126300	DN_NC_073227.2_148253939_6	DN_NC_073230.2_53547116_11	genuine	0	6	11	6	multi	0	0.1301	0.2602	0.8333	0.3636	0.3636	4
LARP1B	LOC109028759	DN_NC_073227.2_148253939_6	DN_NC_073233.2_55845432_8	genuine	0	6	8	6	multi	0	0.1376	0.0000	0.0000	0.0000	0.0000	4
LARP1B	LOC129523694	DN_NC_073227.2_148253939_6	DN_NC_073230.2_64705365_4	genuine	0	6	4	4	multi	0	0.1341	0.0000	0.0000	0.0000	0.0000	4
LARP1B	LOC129533256	DN_NC_073227.2_148253939_6	DN_NC_073227.2_166164041_5	genuine	0	6	5	5	multi	0	0.1923	0.1883	0.6667	0.8000	0.6667	4
LARP1B	NUPR2	DN_NC_073227.2_148253939_6	DN_NC_073230.2_64295055_2	genuine	0	6	2	2	multi	0	0.1467	0.0000	0.0000	0.0000	0.0000	4
LCP1	PLS1	DN_NC_073238.2_59946195_16	DN_NC_086017.1_153776814_16	truthbar	0	16	16	16	multi	0	0.2315	0.0000	0.0000	0.0000	0.0000	1
LDHA	LDHC	DN_NC_073233.2_24785501_8	DN_NC_073233.2_24803514_8	truthbar	0	8	8	8	multi	0	0.3087	0.0000	0.0000	0.0000	0.0000	2
LDHAL6A	LDHC	DN_NC_073233.2_24803514_8	DN_NC_073233.2_24846978_8	truthbar	0	8	8	8	multi	0	0.4643	0.0000	0.0000	0.0000	0.0000	2
LDHC	XRCC2	DN_NC_073230.2_161461454_2	DN_NC_073233.2_24803514_8	genuine	0	2	8	2	multi	0	0.1461	0.0000	0.0000	0.0000	0.0000	2
LHX2	LHX9	DN_NC_073224.2_58834163_5	DN_NC_073237.2_120375635_3	truthbar	0	5	3	3	multi	0	0.1527	0.0000	0.0000	0.0000	0.0000	1
LIMK1	LIMK2	DN_NC_073230.2_83196711_9	DN_NC_086018.1_29227554_16	truthbar	0	9	16	9	multi	0	0.1547	0.0000	0.0000	0.0000	0.0000	3
LIMS1	LOC101146691	DN_NC_073236.2_46553268_10	DN_NC_073236.2_47822803_9	TP	1	10	9	9	multi	0	0.3281	0.9074	1.0000	1.0000	1.0000	2
LINC02693	LOC109025320	DN_NC_073228.2_78970117_3	DN_NC_073242.2_66481481_2	TP	1	3	2	2	multi	0	0.2001	1.0208	1.0000	1.0000	1.0000	3
LINC02693	LOC129527663	DN_NC_073242.2_66481481_2	DN_NC_073242.2_68108553_2	genuine	0	2	2	2	multi	0	0.5751	1.0082	1.0000	1.0000	1.0000	3
LIPA	LOC109025730	DN_NC_073224.2_123525276_5	DN_NC_073232.2_101543079_10	genuine	0	5	10	5	multi	0	0.2206	0.3486	0.2000	0.0000	0.0000	0
LIPA	PDCD5	DN_NC_073232.2_101543079_10	DN_NC_073244.2_43610901_6	genuine	0	10	6	6	multi	0	0.2339	0.3739	0.0000	0.1667	0.0000	0
LIPA	SPC25	DN_NC_073232.2_101543079_10	DN_NC_073235.2_71373985_7	genuine	0	10	7	7	multi	0	0.2154	0.3456	0.0000	0.1429	0.0000	0
LIPK	RNLS	DN_NC_073232.2_100896386_2	DN_NC_073232.2_100896386_3	genuine	0	2	3	2	multi	0	0.8582	0.8582	0.5000	0.3333	0.3333	1
LOC101123674	PCCA	DN_NC_073237.2_84711301_3	DN_NC_073238.2_114796219_2	genuine	0	3	2	2	multi	0	0.1592	0.0000	0.0000	0.0000	0.0000	3
LOC101123872	LOC129523667	DN_NC_073230.2_75755711_3	DN_NC_073230.2_75935335_9	genuine	0	5	9	5	multi	0	0.1413	0.1621	0.4000	0.2222	0.2222	1
LOC101123934	SLC2A14	DN_NC_073234.2_23452056_11	DN_NC_073234.2_23565467_10	TP	1	11	10	10	multi	0	0.5556	0.9256	0.8182	0.9000	0.8182	2
LOC101123970	LOC129527614	DN_NC_073242.2_26889052_8	DN_NC_073242.2_27178722_8	TP	1	8	8	8	multi	0	1.0000	1.0000	1.0000	0.8750	0.8750	1
LOC101123988	LOC101124778	DN_NC_073224.2_8222533_5	DN_NC_073244.2_29557605_4	truthbar	0	5	4	4	multi	0	0.2975	0.0000	0.0000	0.0000	0.0000	4
LOC101123988	LOC101128106	DN_NC_073244.2_29557605_4	DN_NC_073244.2_30090650_6	genuine	0	4	6	4	multi	0	0.2725	0.0000	0.0000	0.0000	0.0000	4
LOC101123988	LOC101128844	DN_NC_073230.2_74126483_4	DN_NC_073244.2_29557605_4	truthbar	0	4	4	4	multi	0	0.1822	0.8657	0.0000	0.0000	0.0000	4
LOC101123988	LOC101129171	DN_NC_073244.2_26314241_4	DN_NC_073244.2_29557605_4	truthbar	0	4	4	4	multi	0	0.3383	0.5900	0.5000	1.0000	0.5000	4
LOC101123988	LOC101133668	DN_NC_073230.2_74190289_5	DN_NC_073244.2_29557605_4	genuine	0	5	4	4	multi	0	0.1701	0.6287	0.8000	1.0000	0.8000	4
LOC101123988	LOC101136009	DN_NC_073244.2_26901109_4	DN_NC_073244.2_29557605_4	truthbar	0	4	4	4	multi	0	0.2091	0.0000	0.0000	0.0000	0.0000	4
LOC101123988	LOC101137462	DN_NC_073244.2_27285351_4	DN_NC_073244.2_29557605_4	truthbar	0	4	4	4	multi	0	0.4375	0.6770	0.5000	1.0000	0.5000	4
LOC101123988	LOC101141027	DN_NC_073244.2_27765726_4	DN_NC_073244.2_29557605_4	truthbar	0	4	4	4	multi	0	0.4801	0.7526	1.0000	1.0000	1.0000	4
LOC101123988	LOC101142646	DN_NC_073244.2_27869273_3	DN_NC_073244.2_29557605_4	truthbar	0	3	4	3	multi	0	0.3534	0.5485	0.3333	0.2500	0.2500	4
LOC101123988	LOC101144119	DN_NC_073230.2_64900495_2	DN_NC_073244.2_29557605_4	genuine	0	2	4	2	multi	0	0.2309	0.0000	0.0000	0.0000	0.0000	4
LOC101123988	LOC101144471	DN_NC_073244.2_29557605_4	DN_NC_073244.2_64340366_4	truthbar	0	4	4	4	multi	0	0.2521	0.0000	0.0000	0.0000	0.0000	4
LOC101123988	LOC101144838	DN_NC_073244.2_28256975_5	DN_NC_073244.2_29557605_4	truthbar	0	5	4	4	multi	0	0.3559	0.6309	0.4000	0.7500	0.4000	4
LOC101123988	LOC101145945	DN_NC_073244.2_28588105_4	DN_NC_073244.2_29557605_4	truthbar	0	4	4	4	multi	0	0.1815	0.6645	0.7500	1.0000	0.7500	4
LOC101123988	LOC101146634	DN_NC_073244.2_28711447_2	DN_NC_073244.2_29557605_4	truthbar	0	2	4	2	multi	0	0.1844	0.1980	0.0000	0.0000	0.0000	4
LOC101123988	LOC101147715	DN_NC_073244.2_28820229_4	DN_NC_073244.2_29557605_4	truthbar	0	4	4	4	multi	0	0.1822	0.3537	0.0000	0.0000	0.0000	4
LOC101123988	LOC101151892	DN_NC_073227.2_8792448_3	DN_NC_073244.2_29557605_4	genuine	0	3	4	3	multi	0	0.1439	0.0000	0.0000	0.0000	0.0000	4
LOC101123988	LOC101152401	DN_NC_073244.2_29557605_4	DN_NC_073244.2_64836827_4	truthbar	0	4	4	4	multi	0	0.1976	0.0000	0.0000	0.0000	0.0000	4
LOC101123988	LOC101153126	DN_NC_073244.2_29297022_4	DN_NC_073244.2_29557605_4	truthbar	0	4	4	4	multi	0	0.4834	0.6502	0.5000	1.0000	0.5000	4
LOC101123988	LOC101153131	DN_NC_073244.2_29557605_4	DN_NC_073244.2_64908457_4	truthbar	0	4	4	4	multi	0	0.2378	0.0000	0.0000	0.0000	0.0000	4
LOC101123988	LOC109026610	DN_NC_073227.2_8705656_4	DN_NC_073244.2_29557605_4	truthbar	0	4	4	4	multi	0	0.3434	0.0000	0.0000	0.0000	0.0000	4
LOC101123988	LOC115930172	DN_NC_073244.2_27051998_4	DN_NC_073244.2_29557605_4	genuine	0	4	4	4	multi	0	0.3652	0.6864	0.7500	1.0000	0.7500	4
LOC101123988	LOC115931567	DN_NC_073244.2_27566430_5	DN_NC_073244.2_29557605_4	genuine	0	5	4	4	multi	0	0.3906	0.5883	0.6000	0.7500	0.6000	4
LOC101123988	LOC115931568	DN_NC_073244.2_28072858_4	DN_NC_073244.2_29557605_4	truthbar	0	4	4	4	multi	0	0.3588	0.6090	0.5000	0.7500	0.5000	4
LOC101123988	LOC115931576	DN_NC_073244.2_29046961_4	DN_NC_073244.2_29557605_4	truthbar	0	4	4	4	multi	0	0.4275	0.6817	0.7500	1.0000	0.7500	4
LOC101123988	LOC115931654	DN_NC_073244.2_29557605_4	DN_NC_073244.2_65266359_4	truthbar	0	4	4	4	multi	0	0.1310	0.0000	0.0000	0.0000	0.0000	4
LOC101123988	LOC115931857	DN_NC_073244.2_29557605_4	DN_NC_073246.2_15789320_2	truthbar	0	4	2	2	multi	0	0.3226	0.0000	0.0000	0.0000	0.0000	4
LOC101123988	LOC129527827	DN_NC_073242.2_66613619_4	DN_NC_073244.2_29557605_4	genuine	0	4	4	4	multi	0	0.2055	0.6917	0.7500	1.0000	0.7500	4
LOC101123988	LOC129528947	DN_NC_073244.2_27408454_4	DN_NC_073244.2_29557605_4	genuine	0	4	4	4	multi	0	0.4554	0.6953	0.7500	1.0000	0.7500	4
LOC101123988	ZNF141	DN_NC_073227.2_8907801_4	DN_NC_073244.2_29557605_4	truthbar	0	4	4	4	multi	0	0.2692	0.0000	0.0000	0.0000	0.0000	4
LOC101123988	ZNF195	DN_NC_073233.2_9788172_5	DN_NC_073244.2_29557605_4	truthbar	0	5	4	4	multi	0	0.3054	0.0000	0.0000	0.0000	0.0000	4
LOC101123988	ZNF254	DN_NC_073244.2_29557605_4	DN_NC_073244.2_30438340_4	truthbar	0	4	4	4	multi	0	0.4919	0.3208	1.0000	0.5000	0.5000	4
LOC101123988	ZNF267	DN_NC_073242.2_37386128_4	DN_NC_073244.2_29557605_4	truthbar	0	4	4	4	multi	0	0.4221	0.0000	0.0000	0.0000	0.0000	4
LOC101123988	ZNF273	DN_NC_073230.2_74299233_4	DN_NC_073244.2_29557605_4	truthbar	0	4	4	4	multi	0	0.4332	0.6026	0.7500	1.0000	0.7500	4
LOC101123988	ZNF28	DN_NC_073244.2_29557605_4	DN_NC_073244.2_64759228_5	truthbar	0	4	5	4	multi	0	0.1747	0.0000	0.0000	0.0000	0.0000	4
LOC101123988	ZNF429	DN_NC_073244.2_27956158_2	DN_NC_073244.2_29557605_4	truthbar	0	2	4	2	multi	0	0.6180	0.5398	0.5000	0.0000	0.0000	4
LOC101123988	ZNF43	DN_NC_073244.2_28333451_4	DN_NC_073244.2_29557605_4	truthbar	0	4	4	4	multi	0	0.1794	0.7802	0.7500	0.7500	0.7500	4
LOC101123988	ZNF430	DN_NC_073244.2_27504818_5	DN_NC_073244.2_29557605_4	truthbar	0	5	4	4	multi	0	0.3863	0.6430	0.4000	0.7500	0.4000	4
LOC101123988	ZNF468	DN_NC_073244.2_29557605_4	DN_NC_073244.2_64797239_5	truthbar	0	4	5	4	multi	0	0.1475	0.0000	0.0000	0.0000	0.0000	4
LOC101123988	ZNF486	DN_NC_073244.2_26666712_5	DN_NC_073244.2_29557605_4	truthbar	0	5	4	4	multi	0	0.3065	0.0000	0.0000	0.0000	0.0000	4
LOC101123988	ZNF506	DN_NC_073244.2_26240039_2	DN_NC_073244.2_29557605_4	truthbar	0	2	4	2	multi	0	0.2782	0.0000	0.0000	0.0000	0.0000	4
LOC101123988	ZNF519	DN_NC_073241.2_36126198_2	DN_NC_073244.2_29557605_4	truthbar	0	2	4	2	multi	0	0.2673	0.0000	0.0000	0.0000	0.0000	4
LOC101123988	ZNF528	DN_NC_073244.2_29557605_4	DN_NC_073244.2_64368633_7	truthbar	0	4	7	4	multi	0	0.2005	0.0000	0.0000	0.0000	0.0000	4
LOC101123988	ZNF595	DN_NC_073227.2_8633418_2	DN_NC_073244.2_29557605_4	truthbar	0	2	4	2	multi	0	0.4976	0.0000	0.0000	0.0000	0.0000	4
LOC101123988	ZNF600	DN_NC_073244.2_29557605_4	DN_NC_073244.2_64724127_4	truthbar	0	4	4	4	multi	0	0.2632	0.0000	0.0000	0.0000	0.0000	4
LOC101123988	ZNF616	DN_NC_073244.2_29557605_4	DN_NC_073244.2_64081943_4	truthbar	0	4	4	4	multi	0	0.2198	0.0000	0.0000	0.0000	0.0000	4
LOC101123988	ZNF626	DN_NC_073244.2_27131194_2	DN_NC_073244.2_29557605_4	truthbar	0	2	4	2	multi	0	0.3505	0.3262	0.0000	0.0000	0.0000	4
LOC101123988	ZNF675	DN_NC_073244.2_29557605_4	DN_NC_073244.2_29970261_4	truthbar	0	4	4	4	multi	0	0.5395	0.8924	1.0000	1.0000	1.0000	4
LOC101123988	ZNF678	DN_NC_073224.2_40627195_4	DN_NC_073244.2_29557605_4	truthbar	0	4	4	4	multi	0	0.4422	0.0000	0.0000	0.0000	0.0000	4
LOC101123988	ZNF680	DN_NC_073230.2_73977205_4	DN_NC_073244.2_29557605_4	truthbar	0	4	4	4	multi	0	0.4239	0.6942	0.5000	1.0000	0.5000	4
LOC101123988	ZNF681	DN_NC_073244.2_29557605_4	DN_NC_073244.2_30067652_4	truthbar	0	4	4	4	multi	0	0.4805	0.6917	1.0000	0.7500	0.7500	4
LOC101123988	ZNF682	DN_NC_073244.2_26470366_4	DN_NC_073244.2_29557605_4	truthbar	0	4	4	4	multi	0	0.3541	0.0000	0.0000	0.0000	0.0000	4
LOC101123988	ZNF695	DN_NC_073224.2_8422960_4	DN_NC_073244.2_29557605_4	truthbar	0	4	4	4	multi	0	0.3559	0.0000	0.0000	0.0000	0.0000	4
LOC101123988	ZNF721	DN_NC_073227.2_9009655_3	DN_NC_073244.2_29557605_4	truthbar	0	3	4	3	multi	0	0.3752	0.0000	0.0000	0.0000	0.0000	4
LOC101123988	ZNF723	DN_NC_073244.2_29232445_4	DN_NC_073244.2_29557605_4	truthbar	0	4	4	4	multi	0	0.2742	0.4154	0.5000	0.5000	0.5000	4
LOC101123988	ZNF727	DN_NC_073230.2_73508332_4	DN_NC_073244.2_29557605_4	truthbar	0	4	4	4	multi	0	0.2746	0.0000	0.0000	0.0000	0.0000	4
LOC101123988	ZNF736	DN_NC_073230.2_73776646_4	DN_NC_073244.2_29557605_4	truthbar	0	4	4	4	multi	0	0.3154	0.0000	0.0000	0.0000	0.0000	4
LOC101123988	ZNF761	DN_NC_073244.2_29557605_4	DN_NC_073244.2_65362909_5	truthbar	0	4	5	4	multi	0	0.2137	0.0000	0.0000	0.0000	0.0000	4
LOC101123988	ZNF808	DN_NC_073244.2_29557605_4	DN_NC_073244.2_64500861_5	truthbar	0	4	5	4	multi	0	0.1468	0.0000	0.0000	0.0000	0.0000	4
LOC101123988	ZNF813	DN_NC_073244.2_29557605_4	DN_NC_073244.2_65398487_4	truthbar	0	4	4	4	multi	0	0.2302	0.0000	0.0000	0.0000	0.0000	4
LOC101123988	ZNF83	DN_NC_073244.2_29557605_4	DN_NC_073244.2_64585864_4	truthbar	0	4	4	4	multi	0	0.2678	0.0000	0.0000	0.0000	0.0000	4
LOC101123988	ZNF836	DN_NC_073244.2_29557605_4	DN_NC_073244.2_64125568_5	truthbar	0	4	5	4	multi	0	0.4035	0.0000	0.0000	0.0000	0.0000	4
LOC101123988	ZNF841	DN_NC_073244.2_29557605_4	DN_NC_073244.2_64034715_7	truthbar	0	4	7	4	multi	0	0.1776	0.0000	0.0000	0.0000	0.0000	4
LOC101123988	ZNF91	DN_NC_073244.2_29557605_4	DN_NC_073244.2_29680825_4	truthbar	0	4	4	4	multi	0	0.1822	0.7207	1.0000	1.0000	1.0000	4
LOC101123988	ZNF92	DN_NC_073230.2_74637722_4	DN_NC_073244.2_29557605_4	truthbar	0	4	4	4	multi	0	0.4253	0.6627	0.7500	0.7500	0.7500	4
LOC101124026	LOC101141789	DN_NC_073237.2_109453117_3	DN_NC_073237.2_109461576_3	TP	1	3	3	3	multi	0	0.9803	0.9982	1.0000	1.0000	1.0000	3
LOC101124243	NOM1	DN_NC_073224.2_6827773_11	DN_NC_073230.2_165840202_11	TP	1	11	11	11	multi	0	0.5098	0.9997	1.0000	1.0000	1.0000	4
LOC101124545	LOC129526151	DN_NC_073238.2_59732356_14	DN_NC_073238.2_60756272_9	TP	1	14	9	9	multi	0	0.2091	0.2055	0.5000	0.6667	0.5000	2
LOC101124557	LOC129527512	DN_NC_073239.2_123469457_3	DN_NC_073242.2_6296327_3	genuine	0	3	3	3	multi	0	0.1424	0.6158	0.0000	0.3333	0.0000	3
LOC101124572	LOC101124938	DN_NC_073242.2_85735381_3	DN_NC_073242.2_85744192_2	truthbar	0	3	2	2	multi	0	0.4593	0.0000	0.0000	0.0000	0.0000	1
LOC101124572	LOC101125671	DN_NC_073242.2_85735381_3	DN_NC_073242.2_85759116_3	truthbar	0	3	3	3	multi	0	0.5975	0.0000	0.0000	0.0000	0.0000	1
LOC101124572	LOC101126623	DN_NC_073242.2_85735381_3	DN_NC_073242.2_85815514_3	truthbar	0	3	3	3	multi	0	0.6200	0.0000	0.0000	0.0000	0.0000	1
LOC101124572	LOC101134211	DN_NC_073242.2_85735381_3	DN_NC_073242.2_85790824_3	truthbar	0	3	3	3	multi	0	0.6550	0.0000	0.0000	0.0000	0.0000	1
LOC101124683	LOC115930071	DN_NC_073239.2_35396913_9	DN_NC_073239.2_35520561_9	TP	1	9	9	9	multi	0	0.9991	1.0000	1.0000	1.0000	1.0000	2
LOC101124732	LOC101145690	DN_NC_073244.2_69923242_3	DN_NC_073244.2_70009554_3	truthbar	0	3	3	3	multi	0	0.4912	0.5786	0.6667	1.0000	0.6667	3
LOC101124732	LOC101153504	DN_NC_073244.2_69601170_4	DN_NC_073244.2_70009554_3	truthbar	0	4	3	3	multi	0	0.1758	0.0000	0.0000	0.0000	0.0000	3
LOC101124732	LOC109024193	DN_NC_073244.2_69514207_2	DN_NC_073244.2_69975553_3	truthbar	0	2	3	2	multi	0	0.2234	0.0000	0.0000	0.0000	0.0000	3
LOC101124732	LOC115930105	DN_NC_073244.2_69572632_2	DN_NC_073244.2_70009554_3	truthbar	0	2	3	2	multi	0	0.1755	0.0000	0.0000	0.0000	0.0000	3
LOC101124732	ZIK1	DN_NC_073244.2_69685698_2	DN_NC_073244.2_69975553_3	truthbar	0	2	3	2	multi	0	0.2181	0.0000	0.0000	0.0000	0.0000	3
LOC101124732	ZNF132	DN_NC_073244.2_69974453_2	DN_NC_073244.2_70525717_3	truthbar	0	2	3	2	multi	0	0.3077	0.0000	0.0000	0.0000	0.0000	3
LOC101124732	ZNF134	DN_NC_073244.2_69715828_2	DN_NC_073244.2_70009554_3	truthbar	0	2	3	2	multi	0	0.2250	0.0000	0.0000	0.0000	0.0000	3
LOC101124732	ZNF154	DN_NC_073244.2_69799604_5	DN_NC_073244.2_70009554_3	truthbar	0	5	3	3	multi	0	0.2761	0.0000	0.0000	0.0000	0.0000	3
LOC101124732	ZNF256	DN_NC_073244.2_69975553_3	DN_NC_073244.2_70043245_2	truthbar	0	3	2	2	multi	0	0.3449	0.0000	0.0000	0.0000	0.0000	3
LOC101124732	ZNF304	DN_NC_073244.2_69454318_2	DN_NC_073244.2_70009554_3	truthbar	0	2	3	2	multi	0	0.2164	0.0000	0.0000	0.0000	0.0000	3
LOC101124732	ZNF416	DN_NC_073244.2_69672458_4	DN_NC_073244.2_69974453_2	truthbar	0	4	2	2	multi	0	0.1792	0.0000	0.0000	0.0000	0.0000	3
LOC101124732	ZNF418	DN_NC_073244.2_69975553_3	DN_NC_073244.2_70024584_5	truthbar	0	3	5	3	multi	0	0.2174	0.5270	0.6667	0.2000	0.2000	3
LOC101124732	ZNF548	DN_NC_073244.2_69492904_4	DN_NC_073244.2_70009554_3	truthbar	0	4	3	3	multi	0	0.2949	0.0000	0.0000	0.0000	0.0000	3
LOC101124732	ZNF551	DN_NC_073244.2_69783488_3	DN_NC_073244.2_69975553_3	truthbar	0	3	3	3	multi	0	0.2492	0.0000	0.0000	0.0000	0.0000	3
LOC101124732	ZNF552	DN_NC_073244.2_69910623_3	DN_NC_073244.2_70009554_3	TP	1	3	3	3	multi	0	0.2816	0.0000	0.0000	0.0000	0.0000	3
LOC101124732	ZNF586	DN_NC_073244.2_69873255_2	DN_NC_073244.2_69975553_3	truthbar	0	3	3	3	multi	0	0.1736	0.0000	0.0000	0.0000	0.0000	3
LOC101124732	ZNF671	DN_NC_073244.2_69821764_4	DN_NC_073244.2_70009554_3	truthbar	0	4	3	3	multi	0	0.1555	0.0000	0.0000	0.0000	0.0000	3
LOC101124732	ZNF776	DN_NC_073244.2_69848694_2	DN_NC_073244.2_70009554_3	truthbar	0	2	3	2	multi	0	0.2821	0.0000	0.0000	0.0000	0.0000	3
LOC101124732	ZNF792	DN_NC_073244.2_46013405_4	DN_NC_073244.2_69975553_3	truthbar	0	4	3	3	multi	0	0.1340	0.0000	0.0000	0.0000	0.0000	3
LOC101124778	LOC101128844	DN_NC_073224.2_8222533_5	DN_NC_073230.2_74126483_4	truthbar	0	5	4	4	multi	0	0.1639	0.0000	0.0000	0.0000	0.0000	4
LOC101124778	LOC101129171	DN_NC_073224.2_8222533_5	DN_NC_073244.2_26314241_4	genuine	0	5	4	4	multi	0	0.2267	0.0000	0.0000	0.0000	0.0000	4
LOC101124778	LOC101133668	DN_NC_073224.2_8222533_5	DN_NC_073230.2_74190289_5	genuine	0	5	5	5	multi	0	0.2427	0.0000	0.0000	0.0000	0.0000	4
LOC101124778	LOC101136009	DN_NC_073224.2_8222533_5	DN_NC_073244.2_26901109_4	truthbar	0	5	4	4	multi	0	0.3114	0.0000	0.0000	0.0000	0.0000	4
LOC101124778	LOC101137462	DN_NC_073224.2_8222533_5	DN_NC_073244.2_27285351_4	truthbar	0	5	4	4	multi	0	0.2614	0.0000	0.0000	0.0000	0.0000	4
LOC101124778	LOC101141027	DN_NC_073224.2_8222533_5	DN_NC_073244.2_27765726_4	truthbar	0	5	4	4	multi	0	0.3835	0.0000	0.0000	0.0000	0.0000	4
LOC101124778	LOC101142646	DN_NC_073224.2_8222533_5	DN_NC_073244.2_27869273_3	truthbar	0	5	3	3	multi	0	0.1562	0.0000	0.0000	0.0000	0.0000	4
LOC101124778	LOC101144471	DN_NC_073224.2_8222533_5	DN_NC_073244.2_64340366_4	truthbar	0	5	4	4	multi	0	0.1586	0.0000	0.0000	0.0000	0.0000	4
LOC101124778	LOC101144838	DN_NC_073224.2_8222533_5	DN_NC_073244.2_28256975_5	truthbar	0	5	5	5	multi	0	0.3094	0.0000	0.0000	0.0000	0.0000	4
LOC101124778	LOC101145945	DN_NC_073224.2_8222533_5	DN_NC_073244.2_28588105_4	truthbar	0	5	4	4	multi	0	0.1800	0.0000	0.0000	0.0000	0.0000	4
LOC101124778	LOC101146634	DN_NC_073224.2_8222533_5	DN_NC_073244.2_28711447_4	genuine	0	5	5	5	multi	0	0.2805	0.0000	0.0000	0.0000	0.0000	4
LOC101124778	LOC101147715	DN_NC_073224.2_8222533_5	DN_NC_073244.2_28820229_4	genuine	0	5	4	4	multi	0	0.1989	0.0000	0.0000	0.0000	0.0000	4
LOC101124778	LOC101152401	DN_NC_073224.2_8222533_5	DN_NC_073244.2_64836827_4	truthbar	0	5	4	4	multi	0	0.1509	0.0000	0.0000	0.0000	0.0000	4
LOC101124778	LOC101153126	DN_NC_073224.2_8222533_5	DN_NC_073244.2_29297022_4	truthbar	0	5	4	4	multi	0	0.3085	0.0000	0.0000	0.0000	0.0000	4
LOC101124778	LOC109026610	DN_NC_073224.2_8222533_5	DN_NC_073227.2_8705656_4	truthbar	0	5	4	4	multi	0	0.2512	0.0000	0.0000	0.0000	0.0000	4
LOC101124778	LOC115930172	DN_NC_073224.2_8222533_5	DN_NC_073244.2_27051998_4	genuine	0	5	4	4	multi	0	0.3535	0.0000	0.0000	0.0000	0.0000	4
LOC101124778	LOC115931567	DN_NC_073224.2_8222533_5	DN_NC_073244.2_27566430_5	genuine	0	5	5	5	multi	0	0.4705	0.0000	0.0000	0.0000	0.0000	4
LOC101124778	LOC115931568	DN_NC_073224.2_8222533_5	DN_NC_073244.2_28072858_4	truthbar	0	5	4	4	multi	0	0.3969	0.0000	0.0000	0.0000	0.0000	4
LOC101124778	LOC115931576	DN_NC_073224.2_8222533_5	DN_NC_073244.2_29046961_4	truthbar	0	5	4	4	multi	0	0.3273	0.0000	0.0000	0.0000	0.0000	4
LOC101124778	LOC115931654	DN_NC_073224.2_8222533_5	DN_NC_073244.2_65266359_4	truthbar	0	5	4	4	multi	0	0.1407	0.0000	0.0000	0.0000	0.0000	4
LOC101124778	LOC115931857	DN_NC_073224.2_8222533_5	DN_NC_073246.2_15789285_3	truthbar	0	5	3	3	multi	0	0.1372	0.0000	0.0000	0.0000	0.0000	4
LOC101124778	LOC129527827	DN_NC_073224.2_8222533_5	DN_NC_073242.2_66613619_4	genuine	0	5	4	4	multi	0	0.2277	0.0000	0.0000	0.0000	0.0000	4
LOC101124778	LOC129528947	DN_NC_073224.2_8222533_5	DN_NC_073244.2_27408454_4	genuine	0	5	4	4	multi	0	0.2929	0.0000	0.0000	0.0000	0.0000	4
LOC101124778	ZNF141	DN_NC_073224.2_8222533_5	DN_NC_073227.2_8907801_4	truthbar	0	5	4	4	multi	0	0.1435	0.0000	0.0000	0.0000	0.0000	4
LOC101124778	ZNF195	DN_NC_073224.2_8222533_5	DN_NC_073233.2_9788172_5	truthbar	0	5	5	5	multi	0	0.1536	0.0000	0.0000	0.0000	0.0000	4
LOC101124778	ZNF254	DN_NC_073224.2_8222533_5	DN_NC_073244.2_30438340_4	truthbar	0	5	4	4	multi	0	0.3281	0.0000	0.0000	0.0000	0.0000	4
LOC101124778	ZNF273	DN_NC_073224.2_8222533_5	DN_NC_073230.2_74299233_4	truthbar	0	5	4	4	multi	0	0.3518	0.0000	0.0000	0.0000	0.0000	4
LOC101124778	ZNF429	DN_NC_073224.2_8222533_5	DN_NC_073244.2_27956158_2	truthbar	0	5	2	2	multi	0	0.5094	0.0000	0.0000	0.0000	0.0000	4
LOC101124778	ZNF43	DN_NC_073224.2_8222533_5	DN_NC_073244.2_28333451_4	truthbar	0	5	4	4	multi	0	0.1660	0.0000	0.0000	0.0000	0.0000	4
LOC101124778	ZNF430	DN_NC_073224.2_8222533_5	DN_NC_073244.2_27504818_5	truthbar	0	5	5	5	multi	0	0.3264	0.0000	0.0000	0.0000	0.0000	4
LOC101124778	ZNF486	DN_NC_073224.2_8222533_5	DN_NC_073244.2_26666712_5	truthbar	0	5	5	5	multi	0	0.3648	0.0000	0.0000	0.0000	0.0000	4
LOC101124778	ZNF506	DN_NC_073224.2_8222533_5	DN_NC_073244.2_26240035_4	truthbar	0	5	4	4	multi	0	0.3880	0.0000	0.0000	0.0000	0.0000	4
LOC101124778	ZNF519	DN_NC_073224.2_8222533_5	DN_NC_073241.2_36126183_3	truthbar	0	5	3	3	multi	0	0.1356	0.0000	0.0000	0.0000	0.0000	4
LOC101124778	ZNF595	DN_NC_073224.2_8222533_5	DN_NC_073227.2_8633418_2	truthbar	0	5	2	2	multi	0	0.1931	0.0000	0.0000	0.0000	0.0000	4
LOC101124778	ZNF626	DN_NC_073224.2_8222533_5	DN_NC_073244.2_27131194_2	truthbar	0	5	2	2	multi	0	0.3506	0.0000	0.0000	0.0000	0.0000	4
LOC101124778	ZNF675	DN_NC_073224.2_8222533_5	DN_NC_073244.2_29970261_4	truthbar	0	5	4	4	multi	0	0.4450	0.0000	0.0000	0.0000	0.0000	4
LOC101124778	ZNF678	DN_NC_073224.2_40627195_4	DN_NC_073224.2_8222533_5	truthbar	0	4	5	4	multi	0	0.1538	0.0000	0.0000	0.0000	0.0000	4
LOC101124778	ZNF680	DN_NC_073224.2_8222533_5	DN_NC_073230.2_73977205_4	truthbar	0	5	4	4	multi	0	0.4083	0.0000	0.0000	0.0000	0.0000	4
LOC101124778	ZNF682	DN_NC_073224.2_8222533_5	DN_NC_073244.2_26470366_4	truthbar	0	5	4	4	multi	0	0.2369	0.0000	0.0000	0.0000	0.0000	4
LOC101124778	ZNF695	DN_NC_073224.2_8222533_5	DN_NC_073224.2_8422960_4	truthbar	0	5	4	4	multi	0	0.3152	0.0000	0.0000	0.0000	0.0000	4
LOC101124778	ZNF721	DN_NC_073224.2_8222533_5	DN_NC_073227.2_9010062_2	genuine	0	5	2	2	multi	0	0.2087	0.0000	0.0000	0.0000	0.0000	4
LOC101124778	ZNF723	DN_NC_073224.2_8222533_5	DN_NC_073244.2_29232445_4	truthbar	0	5	4	4	multi	0	0.5743	0.0000	0.0000	0.0000	0.0000	4
LOC101124778	ZNF727	DN_NC_073224.2_8222533_5	DN_NC_073230.2_73508332_4	truthbar	0	5	4	4	multi	0	0.1469	0.0000	0.0000	0.0000	0.0000	4
LOC101124778	ZNF736	DN_NC_073224.2_8222533_5	DN_NC_073230.2_73776646_4	truthbar	0	5	4	4	multi	0	0.3083	0.0000	0.0000	0.0000	0.0000	4
LOC101124778	ZNF83	DN_NC_073224.2_8222533_5	DN_NC_073244.2_64585864_4	truthbar	0	5	4	4	multi	0	0.2207	0.0000	0.0000	0.0000	0.0000	4
LOC101124778	ZNF91	DN_NC_073224.2_8222533_5	DN_NC_073244.2_29680825_4	genuine	0	5	4	4	multi	0	0.1815	0.0000	0.0000	0.0000	0.0000	4
LOC101124778	ZNF92	DN_NC_073224.2_8222533_5	DN_NC_073230.2_74637814_2	truthbar	0	5	2	2	multi	0	0.3193	0.0000	0.0000	0.0000	0.0000	4
LOC101124938	LOC101125671	DN_NC_073242.2_85744192_2	DN_NC_073242.2_85759116_3	truthbar	0	2	3	2	multi	0	0.3596	0.0000	0.0000	0.0000	0.0000	1
LOC101124938	LOC101126623	DN_NC_073242.2_85744192_2	DN_NC_073242.2_85815514_3	truthbar	0	2	3	2	multi	0	0.4199	0.0000	0.0000	0.0000	0.0000	1
LOC101124938	LOC101134211	DN_NC_073242.2_85744192_2	DN_NC_073242.2_85790824_3	truthbar	0	2	3	2	multi	0	0.3832	0.0000	0.0000	0.0000	0.0000	1
LOC101125309	RUNDC1	DN_NC_073228.2_49477319_5	DN_NC_073228.2_61034643_7	genuine	0	5	7	5	multi	0	0.1635	0.0000	0.0000	0.0000	0.0000	1
LOC101125339	XKR8	DN_NC_073224.2_211985035_3	DN_NC_073230.2_12413521_6	genuine	0	3	6	3	multi	0	0.2302	0.7194	0.3333	0.0000	0.0000	3
LOC101125415	LOC101133440	DN_NC_073227.2_17445647_6	DN_NC_073231.2_11581641_7	truthbar	0	6	7	6	multi	0	0.3745	0.9402	0.6667	0.5714	0.5714	0
LOC101125415	LOC101137806	DN_NC_073227.2_17445647_6	DN_NC_086017.1_136773097_2	genuine	0	6	2	2	multi	0	0.4094	0.7114	0.3333	0.5000	0.3333	0
LOC101125415	LOC101139163	DN_NC_073227.2_17445647_6	DN_NC_086017.1_141278779_5	TP	1	6	5	5	multi	0	0.4138	0.7543	0.3333	0.4000	0.3333	0
LOC101125415	LOC101152938	DN_NC_073227.2_17445647_6	DN_NC_073233.2_75718276_6	truthbar	0	6	6	6	multi	0	0.3388	0.8229	0.5000	0.5000	0.5000	0
LOC101125415	LOC115934341	DN_NC_073227.2_17445647_6	DN_NC_086017.1_85330170_7	TP	1	6	7	6	multi	0	0.3743	0.8743	0.6667	0.5714	0.5714	0
LOC101125458	LOC101151317	DN_NC_073244.2_48030811_4	DN_NC_073244.2_68477557_5	genuine	0	4	5	4	multi	0	0.2065	0.0000	0.0000	0.0000	0.0000	0
LOC101125458	ZNF30	DN_NC_073244.2_45985550_6	DN_NC_073244.2_68477557_5	genuine	0	6	5	5	multi	0	0.2312	0.0000	0.0000	0.0000	0.0000	0
LOC101125458	ZNF331	DN_NC_073244.2_65470296_6	DN_NC_073244.2_68477557_5	genuine	0	6	5	5	multi	0	0.1593	0.0000	0.0000	0.0000	0.0000	0
LOC101125458	ZNF546	DN_NC_073244.2_51749194_6	DN_NC_073244.2_68477557_5	genuine	0	6	5	5	multi	0	0.1936	0.0000	0.0000	0.0000	0.0000	0
LOC101125458	ZNF573	DN_NC_073244.2_49246931_6	DN_NC_073244.2_68477557_5	genuine	0	6	5	5	multi	0	0.2436	0.0000	0.0000	0.0000	0.0000	0
LOC101125458	ZNF582	DN_NC_073244.2_68477557_5	DN_NC_073244.2_68491976_5	genuine	0	5	5	5	multi	0	0.2029	0.0000	0.0000	0.0000	0.0000	0
LOC101125458	ZNF780B	DN_NC_073244.2_51783968_5	DN_NC_073244.2_68477557_5	genuine	0	5	5	5	multi	0	0.1898	0.0000	0.0000	0.0000	0.0000	0
LOC101125671	LOC101126623	DN_NC_073242.2_85759116_3	DN_NC_073242.2_85815514_3	truthbar	0	3	3	3	multi	0	0.7475	0.0000	0.0000	0.0000	0.0000	1
LOC101125671	LOC101134211	DN_NC_073242.2_85759116_3	DN_NC_073242.2_85790824_3	truthbar	0	3	3	3	multi	0	0.6922	0.0000	0.0000	0.0000	0.0000	1
LOC101126025	LOC101145464	DN_NC_073239.2_123449122_2	DN_NC_073247.2_147586730_5	genuine	0	2	5	2	multi	0	0.1889	0.1853	0.0000	0.0000	0.0000	0
LOC101126025	LOC109023154	DN_NC_073239.2_123333518_3	DN_NC_073239.2_123454429_2	genuine	0	3	2	2	multi	0	0.2841	0.3009	0.3333	0.5000	0.3333	0
LOC101126025	LOC109025730	DN_NC_073224.2_123525276_5	DN_NC_073239.2_123449122_2	genuine	0	5	2	2	multi	0	0.3486	0.3411	0.2000	0.0000	0.0000	0
LOC101126025	LOC134756589	DN_NC_073234.2_126370406_2	DN_NC_073239.2_123449122_2	genuine	0	2	2	2	multi	0	0.1607	0.1586	0.0000	0.0000	0.0000	0
LOC101126025	PDCD5	DN_NC_073239.2_123449122_2	DN_NC_073244.2_43610901_6	genuine	0	2	6	2	multi	0	0.3715	0.3620	0.0000	0.1667	0.0000	0
LOC101126025	SEM1	DN_NC_073230.2_92132360_3	DN_NC_073239.2_123449122_2	genuine	0	3	2	2	multi	0	0.1677	0.2338	0.0000	0.0000	0.0000	0
LOC101126025	SPC25	DN_NC_073235.2_71373985_7	DN_NC_073239.2_123449122_2	genuine	0	7	2	2	multi	0	0.2419	0.3346	0.1429	0.0000	0.0000	0
LOC101126065	LOC101130023	DN_NC_073244.2_64618758_7	DN_NC_073244.2_65003440_7	truthbar	0	7	7	7	multi	0	0.1701	0.0000	0.0000	0.0000	0.0000	4
LOC101126065	LOC101133546	DN_NC_073244.2_65003440_7	DN_NC_073244.2_65326089_4	truthbar	0	7	4	4	multi	0	0.1453	0.0000	0.0000	0.0000	0.0000	4
LOC101126065	LOC101136009	DN_NC_073244.2_26901109_4	DN_NC_073244.2_65003440_7	truthbar	0	4	7	4	multi	0	0.1522	0.0000	0.0000	0.0000	0.0000	4
LOC101126065	LOC101141027	DN_NC_073244.2_27765726_4	DN_NC_073244.2_65003440_7	truthbar	0	4	7	4	multi	0	0.2563	0.0000	0.0000	0.0000	0.0000	4
LOC101126065	LOC101144471	DN_NC_073244.2_64340366_4	DN_NC_073244.2_65003440_7	truthbar	0	4	7	4	multi	0	0.2978	0.0000	0.0000	0.0000	0.0000	4
LOC101126065	LOC101146634	DN_NC_073244.2_28711447_4	DN_NC_073244.2_65003440_7	truthbar	0	5	7	5	multi	0	0.1390	0.0000	0.0000	0.0000	0.0000	4
LOC101126065	LOC101150965	DN_NC_073244.2_64400145_5	DN_NC_073244.2_65003440_7	genuine	0	5	7	5	multi	0	0.2038	0.0000	0.0000	0.0000	0.0000	4
LOC101126065	LOC101152401	DN_NC_073244.2_64836827_4	DN_NC_073244.2_65003440_7	truthbar	0	4	7	4	multi	0	0.1677	0.0000	0.0000	0.0000	0.0000	4
LOC101126065	LOC101153131	DN_NC_073244.2_64908457_4	DN_NC_073244.2_65003440_7	truthbar	0	4	7	4	multi	0	0.3270	0.0000	0.0000	0.0000	0.0000	4
LOC101126065	LOC109024216	DN_NC_073244.2_65003440_7	DN_NC_073244.2_65293743_4	truthbar	0	7	4	4	multi	0	0.3013	0.0000	0.0000	0.0000	0.0000	4
LOC101126065	LOC115931567	DN_NC_073244.2_27566430_5	DN_NC_073244.2_65003440_7	truthbar	0	5	7	5	multi	0	0.1753	0.0000	0.0000	0.0000	0.0000	4
LOC101126065	LOC115931576	DN_NC_073244.2_29046961_4	DN_NC_073244.2_65003440_7	truthbar	0	4	7	4	multi	0	0.1528	0.0000	0.0000	0.0000	0.0000	4
LOC101126065	LOC115931654	DN_NC_073244.2_65003440_7	DN_NC_073244.2_65266359_4	truthbar	0	7	4	4	multi	0	0.1518	0.0000	0.0000	0.0000	0.0000	4
LOC101126065	LOC129527827	DN_NC_073242.2_66613619_4	DN_NC_073244.2_65003440_7	genuine	0	4	7	4	multi	0	0.1942	0.0000	0.0000	0.0000	0.0000	4
LOC101126065	LOC129528947	DN_NC_073244.2_27408454_4	DN_NC_073244.2_65003440_7	genuine	0	4	7	4	multi	0	0.1644	0.0000	0.0000	0.0000	0.0000	4
LOC101126065	OSBPL10	DN_NC_073244.2_65003440_7	DN_NC_086017.1_41849524_2	genuine	0	7	2	2	multi	0	0.1967	0.0000	0.0000	0.0000	0.0000	4
LOC101126065	ZNF195	DN_NC_073233.2_9788172_5	DN_NC_073244.2_65003440_7	truthbar	0	5	7	5	multi	0	0.2210	0.0000	0.0000	0.0000	0.0000	4
LOC101126065	ZNF267	DN_NC_073242.2_37386128_4	DN_NC_073244.2_65003440_7	truthbar	0	4	7	4	multi	0	0.2600	0.0000	0.0000	0.0000	0.0000	4
LOC101126065	ZNF273	DN_NC_073230.2_74299233_4	DN_NC_073244.2_65003440_7	truthbar	0	4	7	4	multi	0	0.1508	0.0000	0.0000	0.0000	0.0000	4
LOC101126065	ZNF28	DN_NC_073244.2_64759228_5	DN_NC_073244.2_65003440_7	truthbar	0	5	7	5	multi	0	0.2963	0.0000	0.0000	0.0000	0.0000	4
LOC101126065	ZNF347	DN_NC_073244.2_65003440_7	DN_NC_073244.2_65073171_5	truthbar	0	7	5	5	multi	0	0.2194	0.3803	0.2857	0.4000	0.2857	4
LOC101126065	ZNF415	DN_NC_073244.2_65003440_7	DN_NC_073244.2_65046428_2	truthbar	0	7	4	4	multi	0	0.1793	0.0000	0.0000	0.0000	0.0000	4
LOC101126065	ZNF468	DN_NC_073244.2_64797239_5	DN_NC_073244.2_65003440_7	truthbar	0	5	7	5	multi	0	0.2189	0.0000	0.0000	0.0000	0.0000	4
LOC101126065	ZNF519	DN_NC_073241.2_36126183_3	DN_NC_073244.2_65003440_7	truthbar	0	3	7	3	multi	0	0.1543	0.0000	0.0000	0.0000	0.0000	4
LOC101126065	ZNF578	DN_NC_073244.2_64426370_6	DN_NC_073244.2_65003440_7	truthbar	0	6	7	6	multi	0	0.1808	0.0000	0.0000	0.0000	0.0000	4
LOC101126065	ZNF595	DN_NC_073227.2_8633418_2	DN_NC_073244.2_65003440_7	truthbar	0	2	7	2	multi	0	0.1449	0.0000	0.0000	0.0000	0.0000	4
LOC101126065	ZNF600	DN_NC_073244.2_64724127_4	DN_NC_073244.2_65003440_7	truthbar	0	4	7	4	multi	0	0.3651	0.0000	0.0000	0.0000	0.0000	4
LOC101126065	ZNF611	DN_NC_073244.2_64672255_4	DN_NC_073244.2_65003440_7	truthbar	0	4	7	4	multi	0	0.1758	0.0000	0.0000	0.0000	0.0000	4
LOC101126065	ZNF616	DN_NC_073244.2_64081943_4	DN_NC_073244.2_65003440_7	truthbar	0	4	7	4	multi	0	0.2270	0.0000	0.0000	0.0000	0.0000	4
LOC101126065	ZNF675	DN_NC_073244.2_29970261_4	DN_NC_073244.2_65003440_7	truthbar	0	4	7	4	multi	0	0.1485	0.0000	0.0000	0.0000	0.0000	4
LOC101126065	ZNF680	DN_NC_073230.2_73977205_4	DN_NC_073244.2_65003440_7	truthbar	0	4	7	4	multi	0	0.1892	0.0000	0.0000	0.0000	0.0000	4
LOC101126065	ZNF721	DN_NC_073227.2_9009655_3	DN_NC_073244.2_65003440_7	truthbar	0	3	7	3	multi	0	0.1604	0.0000	0.0000	0.0000	0.0000	4
LOC101126065	ZNF761	DN_NC_073244.2_65003440_7	DN_NC_073244.2_65362909_5	truthbar	0	7	5	5	multi	0	0.3342	0.0000	0.0000	0.0000	0.0000	4
LOC101126065	ZNF808	DN_NC_073244.2_64500861_5	DN_NC_073244.2_65003440_7	truthbar	0	5	7	5	multi	0	0.1882	0.0000	0.0000	0.0000	0.0000	4
LOC101126065	ZNF813	DN_NC_073244.2_65003440_7	DN_NC_073244.2_65398487_4	truthbar	0	7	4	4	multi	0	0.2573	0.0000	0.0000	0.0000	0.0000	4
LOC101126065	ZNF83	DN_NC_073244.2_64585864_4	DN_NC_073244.2_65003440_7	truthbar	0	4	7	4	multi	0	0.2397	0.0000	0.0000	0.0000	0.0000	4
LOC101126065	ZNF836	DN_NC_073244.2_64125568_5	DN_NC_073244.2_65003440_7	truthbar	0	5	7	5	multi	0	0.3993	0.0000	0.0000	0.0000	0.0000	4
LOC101126065	ZNF841	DN_NC_073244.2_64034715_7	DN_NC_073244.2_65003440_7	truthbar	0	7	7	7	multi	0	0.2389	0.0000	0.0000	0.0000	0.0000	4
LOC101126065	ZNF888	DN_NC_073244.2_64860608_4	DN_NC_073244.2_65003440_7	truthbar	0	4	7	4	multi	0	0.2667	0.0000	0.0000	0.0000	0.0000	4
LOC101126065	ZNF91	DN_NC_073244.2_29680825_4	DN_NC_073244.2_65003440_7	truthbar	0	4	7	4	multi	0	0.1909	0.0000	0.0000	0.0000	0.0000	4
LOC101126070	LOC115935264	DN_NC_073230.2_76425037_7	DN_NC_073230.2_81087606_7	genuine	0	7	7	7	multi	0	0.2134	0.4139	0.8571	0.5714	0.5714	4
LOC101126070	LOC129534728	DN_NC_073230.2_76190196_16	DN_NC_073230.2_82009167_15	TP	1	16	15	15	multi	0	0.4986	1.0161	1.0000	1.0000	1.0000	4
LOC101126070	PMS2	DN_NC_073230.2_14161449_15	DN_NC_073230.2_76425037_7	genuine	0	15	7	7	multi	0	0.1464	0.1957	0.2000	0.5714	0.2000	4
LOC101126097	LOC134756922	DN_NC_073224.2_115215234_17	DN_NC_073224.2_117217199_13	genuine	0	17	13	13	multi	0	0.3076	0.7265	0.8235	0.8462	0.8235	1
LOC101126158	PDXDC1	DN_NC_073242.2_103894328_5	DN_NC_073242.2_29484610_23	genuine	0	5	23	5	multi	0	0.1655	0.3018	0.8000	0.2174	0.2174	3
LOC101126280	PCDHB15	DN_NC_073228.2_144957130_2	DN_NC_073228.2_145079904_2	truthbar	0	2	2	2	multi	0	0.4027	0.3581	0.0000	0.0000	0.0000	3
LOC101126280	PCDHB16	DN_NC_073228.2_144957130_2	DN_NC_073228.2_145022553_2	truthbar	0	2	2	2	multi	0	0.4806	0.4239	0.0000	0.0000	0.0000	3
LOC101126280	PCDHB2	DN_NC_073228.2_144930567_2	DN_NC_073228.2_144957130_2	truthbar	0	2	2	2	multi	0	0.4210	0.3605	0.0000	0.0000	0.0000	3
LOC101126280	PCDHB5	DN_NC_073228.2_144957130_2	DN_NC_073228.2_144970572_2	truthbar	0	2	2	2	multi	0	0.3911	0.3605	0.0000	0.0000	0.0000	3
LOC101126300	LOC109028759	DN_NC_073230.2_53547116_11	DN_NC_073233.2_55845432_8	genuine	0	11	8	8	multi	0	0.1408	0.0000	0.0000	0.0000	0.0000	4
LOC101126300	LOC129523694	DN_NC_073230.2_53547116_11	DN_NC_073230.2_64705365_4	genuine	0	11	4	4	multi	0	0.1546	0.0000	0.0000	0.0000	0.0000	4
LOC101126300	NUPR2	DN_NC_073230.2_53547116_11	DN_NC_073230.2_64295055_2	genuine	0	11	2	2	multi	0	0.1467	0.0000	0.0000	0.0000	0.0000	4
LOC101126303	LOC101130893	DN_NC_073230.2_84149572_5	DN_NC_073230.2_88425670_12	genuine	0	5	12	5	multi	0	0.2246	0.2343	0.6000	0.2500	0.2500	1
LOC101126304	RAPH1	DN_NC_073235.2_106111443_2	DN_NC_073246.2_25308035_5	genuine	0	2	5	2	multi	0	0.1484	0.0000	0.0000	0.0000	0.0000	1
LOC101126415	LOC101128351	DN_NC_073244.2_17831067_3	DN_NC_073244.2_17876785_4	truthbar	0	3	4	3	multi	0	0.3636	0.0000	0.0000	0.0000	0.0000	4
LOC101126415	LOC101128712	DN_NC_073244.2_17831067_3	DN_NC_073244.2_17922158_4	truthbar	0	3	4	3	multi	0	0.3454	0.0000	0.0000	0.0000	0.0000	4
LOC101126415	LOC101129789	DN_NC_073244.2_17831067_3	DN_NC_073244.2_18124193_3	genuine	0	3	3	3	multi	0	0.1770	0.0000	0.0000	0.0000	0.0000	4
LOC101126415	LOC101130507	DN_NC_073244.2_17831067_3	DN_NC_073244.2_17960497_4	truthbar	0	3	4	3	multi	0	0.2956	0.0000	0.0000	0.0000	0.0000	4
LOC101126415	LOC101130877	DN_NC_073244.2_17831067_3	DN_NC_073244.2_17994654_4	truthbar	0	3	4	3	multi	0	0.1737	0.0000	0.0000	0.0000	0.0000	4
LOC101126415	LOC101133657	DN_NC_073244.2_17831067_3	DN_NC_073244.2_18385030_4	truthbar	0	3	4	3	multi	0	0.2510	0.0000	0.0000	0.0000	0.0000	4
LOC101126415	LOC101148180	DN_NC_073244.2_17831067_3	DN_NC_073244.2_8619131_4	truthbar	0	3	4	3	multi	0	0.1347	0.0000	0.0000	0.0000	0.0000	4
LOC101126415	LOC101153725	DN_NC_073244.2_17678736_4	DN_NC_073244.2_17831067_3	truthbar	0	4	3	3	multi	0	0.4379	0.0000	0.0000	0.0000	0.0000	4
LOC101126415	LOC101153837	DN_NC_073244.2_17831067_3	DN_NC_073244.2_18232282_4	truthbar	0	3	4	3	multi	0	0.3025	0.0000	0.0000	0.0000	0.0000	4
LOC101126415	LOC101154200	DN_NC_073244.2_17831067_3	DN_NC_073244.2_18307855_4	truthbar	0	3	4	3	multi	0	0.2982	0.0000	0.0000	0.0000	0.0000	4
LOC101126415	LOC109024269	DN_NC_073244.2_17831067_3	DN_NC_073244.2_18045307_2	genuine	0	3	2	2	multi	0	0.1790	0.0000	0.0000	0.0000	0.0000	4
LOC101126415	LOC109025073	DN_NC_073244.2_17831067_3	DN_NC_073244.2_18096775_3	truthbar	0	3	3	3	multi	0	0.2432	0.0000	0.0000	0.0000	0.0000	4
LOC101126415	ZNF124	DN_NC_073224.2_8261601_4	DN_NC_073244.2_17831067_3	truthbar	0	4	3	3	multi	0	0.2079	0.0000	0.0000	0.0000	0.0000	4
LOC101126415	ZNF136	DN_NC_073244.2_17831067_3	DN_NC_073244.2_18201516_4	truthbar	0	3	4	3	multi	0	0.1655	0.0000	0.0000	0.0000	0.0000	4
LOC101126415	ZNF14	DN_NC_073244.2_17831067_3	DN_NC_073244.2_26156853_4	truthbar	0	3	4	3	multi	0	0.2061	0.0000	0.0000	0.0000	0.0000	4
LOC101126415	ZNF426	DN_NC_073244.2_15569240_8	DN_NC_073244.2_17831067_3	truthbar	0	8	3	3	multi	0	0.1463	0.0000	0.0000	0.0000	0.0000	4
LOC101126415	ZNF433	DN_NC_073244.2_17831067_3	DN_NC_073244.2_18047026_4	truthbar	0	3	4	3	multi	0	0.3342	0.0000	0.0000	0.0000	0.0000	4
LOC101126415	ZNF440	DN_NC_073244.2_17831067_3	DN_NC_073244.2_17846610_4	truthbar	0	3	4	3	multi	0	0.3456	0.0000	0.0000	0.0000	0.0000	4
LOC101126415	ZNF441	DN_NC_073244.2_17797611_4	DN_NC_073244.2_17831067_3	truthbar	0	4	3	3	multi	0	0.1717	0.0000	0.0000	0.0000	0.0000	4
LOC101126415	ZNF443	DN_NC_073244.2_17831067_3	DN_NC_073244.2_18470484_4	truthbar	0	3	4	3	multi	0	0.2497	0.0000	0.0000	0.0000	0.0000	4
LOC101126415	ZNF563	DN_NC_073244.2_17831067_3	DN_NC_073244.2_18356684_4	truthbar	0	3	4	3	multi	0	0.3509	0.0000	0.0000	0.0000	0.0000	4
LOC101126415	ZNF564	DN_NC_073244.2_17831067_3	DN_NC_073244.2_18564507_4	truthbar	0	3	4	3	multi	0	0.2107	0.0000	0.0000	0.0000	0.0000	4
LOC101126415	ZNF57	DN_NC_073244.2_17831067_3	DN_NC_073244.2_8680135_4	truthbar	0	3	4	3	multi	0	0.1475	0.0000	0.0000	0.0000	0.0000	4
LOC101126415	ZNF627	DN_NC_073244.2_17635782_4	DN_NC_073244.2_17831067_3	truthbar	0	4	3	3	multi	0	0.3497	0.0000	0.0000	0.0000	0.0000	4
LOC101126415	ZNF669	DN_NC_073224.2_8329397_4	DN_NC_073244.2_17831067_3	truthbar	0	4	3	3	multi	0	0.1633	0.0000	0.0000	0.0000	0.0000	4
LOC101126415	ZNF77	DN_NC_073244.2_17831067_3	DN_NC_073244.2_8711681_4	truthbar	0	3	4	3	multi	0	0.2511	0.0000	0.0000	0.0000	0.0000	4
LOC101126415	ZNF791	DN_NC_073244.2_17831067_3	DN_NC_073244.2_18649721_4	truthbar	0	3	4	3	multi	0	0.1886	0.0000	0.0000	0.0000	0.0000	4
LOC101126415	ZNF799	DN_NC_073244.2_17831067_3	DN_NC_073244.2_18426035_4	truthbar	0	3	4	3	multi	0	0.3042	0.0000	0.0000	0.0000	0.0000	4
LOC101126415	ZNF823	DN_NC_073244.2_17751584_2	DN_NC_073244.2_17831067_3	truthbar	0	2	3	2	multi	0	0.4664	0.0000	0.0000	0.0000	0.0000	4
LOC101126623	LOC101134211	DN_NC_073242.2_85790824_3	DN_NC_073242.2_85815514_3	truthbar	0	3	3	3	multi	0	0.7100	0.0000	0.0000	0.0000	0.0000	1
LOC101126700	THAP12	DN_NC_073224.2_14727985_2	DN_NC_073233.2_84240332_5	genuine	0	2	5	2	multi	0	0.1689	0.8404	0.5000	0.6000	0.5000	1
LOC101127500	MYL12B	DN_NC_073241.2_47004815_4	DN_NC_073241.2_47028473_4	TP	1	4	4	4	multi	0	0.2707	0.2909	0.5000	0.5000	0.5000	3
LOC101127609	LOC101154433	DN_NC_073242.2_104912717_12	DN_NC_073242.2_99604879_12	TP	1	12	12	12	multi	0	0.4590	1.0026	0.9167	1.0000	0.9167	2
LOC101127609	LOC115930161	DN_NC_073242.2_104912717_12	DN_NC_073242.2_99181437_12	TP	1	12	12	12	multi	0	0.5836	1.0000	1.0000	1.0000	1.0000	2
LOC101127609	LOC129527724	DN_NC_073242.2_104350782_12	DN_NC_073242.2_104912717_12	truthbar	0	12	12	12	multi	0	1.0000	1.0000	1.0000	1.0000	1.0000	2
LOC101127631	LOC101129219	DN_NC_073232.2_81033881_5	DN_NC_073244.2_48660338_4	truthbar	0	5	4	4	multi	0	0.3437	0.0000	0.0000	0.0000	0.0000	0
LOC101127631	LOC101130677	DN_NC_073232.2_80964961_8	DN_NC_073244.2_48660338_4	truthbar	0	8	4	4	multi	0	0.1739	0.0000	0.0000	0.0000	0.0000	0
LOC101127631	ZNF175	DN_NC_073244.2_48660338_4	DN_NC_073244.2_63542066_5	truthbar	0	4	5	4	multi	0	0.1961	0.0000	0.0000	0.0000	0.0000	0
LOC101127631	ZNF260	DN_NC_073244.2_47706460_3	DN_NC_073244.2_48660338_4	truthbar	0	3	4	3	multi	0	0.1899	0.0000	0.0000	0.0000	0.0000	0
LOC101127631	ZNF268	DN_NC_073234.2_148682020_7	DN_NC_073244.2_48660338_4	truthbar	0	7	4	4	multi	0	0.1450	0.0000	0.0000	0.0000	0.0000	0
LOC101127631	ZNF287	DN_NC_073228.2_83600319_6	DN_NC_073244.2_48660338_4	truthbar	0	6	4	4	multi	0	0.3037	0.0000	0.0000	0.0000	0.0000	0
LOC101127631	ZNF302	DN_NC_073244.2_45737704_5	DN_NC_073244.2_48660338_4	genuine	0	5	4	4	multi	0	0.2835	0.0000	0.0000	0.0000	0.0000	0
LOC101127631	ZNF334	DN_NC_073244.2_48660338_4	DN_NC_073245.2_58728682_5	truthbar	0	4	5	4	multi	0	0.1560	0.0000	0.0000	0.0000	0.0000	0
LOC101127631	ZNF33B	DN_NC_073232.2_72820474_5	DN_NC_073244.2_48660338_4	truthbar	0	5	4	4	multi	0	0.3541	0.0000	0.0000	0.0000	0.0000	0
LOC101127631	ZNF354A	DN_NC_073228.2_182334642_5	DN_NC_073244.2_48660338_4	truthbar	0	5	4	4	multi	0	0.1812	0.0000	0.0000	0.0000	0.0000	0
LOC101127631	ZNF41	DN_NC_073244.2_48660338_4	DN_NC_073247.2_57840463_5	truthbar	0	4	5	4	multi	0	0.1906	0.0000	0.0000	0.0000	0.0000	0
LOC101127631	ZNF484	DN_NC_073237.2_89310571_5	DN_NC_073244.2_48660338_4	truthbar	0	5	4	4	multi	0	0.2071	0.0000	0.0000	0.0000	0.0000	0
LOC101127631	ZNF487	DN_NC_073232.2_71973207_3	DN_NC_073244.2_48660338_4	genuine	0	3	4	3	multi	0	0.2199	0.0000	0.0000	0.0000	0.0000	0
LOC101127631	ZNF501	DN_NC_073244.2_48660338_4	DN_NC_086017.1_54629198_3	genuine	0	4	3	3	multi	0	0.1446	0.0000	0.0000	0.0000	0.0000	0
LOC101127631	ZNF565	DN_NC_073244.2_47288294_4	DN_NC_073244.2_48660338_4	truthbar	0	4	4	4	multi	0	0.2269	0.0000	0.0000	0.0000	0.0000	0
LOC101127631	ZNF568	DN_NC_073244.2_48093173_7	DN_NC_073244.2_48660338_4	truthbar	0	7	4	4	multi	0	0.3214	0.0000	0.0000	0.0000	0.0000	0
LOC101127631	ZNF569	DN_NC_073244.2_48660338_4	DN_NC_073244.2_48919547_6	TP	1	4	6	4	multi	0	0.8963	0.8963	0.2500	0.1667	0.1667	0
LOC101127631	ZNF585A	DN_NC_073244.2_48319142_5	DN_NC_073244.2_48660338_4	genuine	0	5	4	4	multi	0	0.2094	0.0000	0.0000	0.0000	0.0000	0
LOC101127631	ZNF585B	DN_NC_073244.2_48352926_4	DN_NC_073244.2_48660338_4	truthbar	0	4	4	4	multi	0	0.1743	0.0000	0.0000	0.0000	0.0000	0
LOC101127631	ZNF605	DN_NC_073234.2_148420424_5	DN_NC_073244.2_48660338_4	truthbar	0	5	4	4	multi	0	0.3045	0.0000	0.0000	0.0000	0.0000	0
LOC101127631	ZNF624	DN_NC_073228.2_83513581_6	DN_NC_073244.2_48660338_4	truthbar	0	6	4	4	multi	0	0.1673	0.0000	0.0000	0.0000	0.0000	0
LOC101127631	ZNF84	DN_NC_073234.2_148537990_5	DN_NC_073244.2_48660338_4	truthbar	0	5	4	4	multi	0	0.3321	0.0000	0.0000	0.0000	0.0000	0
LOC101127631	ZNF883	DN_NC_073237.2_109230975_4	DN_NC_073244.2_48660338_4	truthbar	0	4	4	4	multi	0	0.2680	0.0000	0.0000	0.0000	0.0000	0
LOC101128088	LOC101128458	DN_NC_073242.2_96060106_12	DN_NC_073242.2_96161607_12	TP	1	12	12	12	multi	0	0.4844	0.9962	0.9167	1.0000	0.9167	1
LOC101128088	LOC115931020	DN_NC_073242.2_96073882_12	DN_NC_073242.2_96161607_12	TP	1	12	12	12	multi	0	0.9583	0.9983	0.9167	1.0000	0.9167	1
LOC101128092	LOC115933002	DN_NC_073228.2_46729356_10	DN_NC_073228.2_60914130_12	truthbar	0	10	12	10	multi	0	0.2814	0.4110	0.7000	0.6667	0.6667	3
LOC101128092	LOC115934680	DN_NC_073228.2_60914130_12	DN_NC_073228.2_62340772_5	genuine	0	12	5	5	multi	0	0.1976	0.2672	0.3333	0.6000	0.3333	3
LOC101128106	LOC101128844	DN_NC_073230.2_74126483_4	DN_NC_073244.2_30090650_6	genuine	0	4	6	4	multi	0	0.1632	0.0000	0.0000	0.0000	0.0000	4
LOC101128106	LOC101129171	DN_NC_073244.2_26314241_4	DN_NC_073244.2_30090650_6	genuine	0	4	6	4	multi	0	0.1827	0.0000	0.0000	0.0000	0.0000	4
LOC101128106	LOC101133546	DN_NC_073244.2_30090650_6	DN_NC_073244.2_65326089_4	genuine	0	6	4	4	multi	0	0.1430	0.0000	0.0000	0.0000	0.0000	4
LOC101128106	LOC101136009	DN_NC_073244.2_26901109_4	DN_NC_073244.2_30090650_6	genuine	0	4	6	4	multi	0	0.2161	0.0000	0.0000	0.0000	0.0000	4
LOC101128106	LOC101137462	DN_NC_073244.2_27285351_4	DN_NC_073244.2_30090650_6	genuine	0	4	6	4	multi	0	0.1660	0.0000	0.0000	0.0000	0.0000	4
LOC101128106	LOC101141027	DN_NC_073244.2_27765726_4	DN_NC_073244.2_30090650_6	genuine	0	4	6	4	multi	0	0.1627	0.0000	0.0000	0.0000	0.0000	4
LOC101128106	LOC101142646	DN_NC_073244.2_27869273_3	DN_NC_073244.2_30090650_6	genuine	0	3	6	3	multi	0	0.1328	0.0000	0.0000	0.0000	0.0000	4
LOC101128106	LOC101144838	DN_NC_073244.2_28256975_5	DN_NC_073244.2_30090650_6	genuine	0	5	6	5	multi	0	0.1748	0.0000	0.0000	0.0000	0.0000	4
LOC101128106	LOC101146634	DN_NC_073244.2_28711447_2	DN_NC_073244.2_30090650_6	genuine	0	2	6	2	multi	0	0.2042	0.0000	0.0000	0.0000	0.0000	4
LOC101128106	LOC101147715	DN_NC_073244.2_28820229_4	DN_NC_073244.2_30090650_6	genuine	0	4	6	4	multi	0	0.1636	0.0000	0.0000	0.0000	0.0000	4
LOC101128106	LOC101153126	DN_NC_073244.2_29297022_4	DN_NC_073244.2_30090650_6	genuine	0	4	6	4	multi	0	0.1632	0.0000	0.0000	0.0000	0.0000	4
LOC101128106	LOC115930172	DN_NC_073244.2_27051998_4	DN_NC_073244.2_30090650_6	genuine	0	4	6	4	multi	0	0.1659	0.0000	0.0000	0.0000	0.0000	4
LOC101128106	LOC115931567	DN_NC_073244.2_27566430_5	DN_NC_073244.2_30090650_6	genuine	0	5	6	5	multi	0	0.2754	0.0000	0.0000	0.0000	0.0000	4
LOC101128106	LOC115931568	DN_NC_073244.2_28072858_4	DN_NC_073244.2_30090650_6	genuine	0	4	6	4	multi	0	0.1672	0.0000	0.0000	0.0000	0.0000	4
LOC101128106	LOC115931576	DN_NC_073244.2_29046961_4	DN_NC_073244.2_30090650_6	genuine	0	4	6	4	multi	0	0.1907	0.0000	0.0000	0.0000	0.0000	4
LOC101128106	LOC129527827	DN_NC_073242.2_66613619_4	DN_NC_073244.2_30090650_6	genuine	0	4	6	4	multi	0	0.1445	0.0000	0.0000	0.0000	0.0000	4
LOC101128106	LOC129528947	DN_NC_073244.2_27408454_4	DN_NC_073244.2_30090650_6	genuine	0	4	6	4	multi	0	0.2015	0.0000	0.0000	0.0000	0.0000	4
LOC101128106	ZNF141	DN_NC_073227.2_8907801_4	DN_NC_073244.2_30090650_6	genuine	0	4	6	4	multi	0	0.1548	0.0000	0.0000	0.0000	0.0000	4
LOC101128106	ZNF254	DN_NC_073244.2_30090650_6	DN_NC_073244.2_30438386_2	genuine	0	6	2	2	multi	0	0.1746	0.5160	0.1667	0.5000	0.1667	4
LOC101128106	ZNF273	DN_NC_073230.2_74299233_4	DN_NC_073244.2_30090650_6	genuine	0	4	6	4	multi	0	0.2066	0.0000	0.0000	0.0000	0.0000	4
LOC101128106	ZNF429	DN_NC_073244.2_27956158_2	DN_NC_073244.2_30090650_6	genuine	0	2	6	2	multi	0	0.2029	0.0000	0.0000	0.0000	0.0000	4
LOC101128106	ZNF43	DN_NC_073244.2_28333451_4	DN_NC_073244.2_30090650_6	genuine	0	4	6	4	multi	0	0.1880	0.0000	0.0000	0.0000	0.0000	4
LOC101128106	ZNF506	DN_NC_073244.2_26240039_2	DN_NC_073244.2_30090650_6	genuine	0	2	6	2	multi	0	0.2032	0.0000	0.0000	0.0000	0.0000	4
LOC101128106	ZNF595	DN_NC_073227.2_8633418_2	DN_NC_073244.2_30090650_6	genuine	0	2	6	2	multi	0	0.1640	0.0000	0.0000	0.0000	0.0000	4
LOC101128106	ZNF626	DN_NC_073244.2_27131194_2	DN_NC_073244.2_30090650_6	genuine	0	2	6	2	multi	0	0.1997	0.0000	0.0000	0.0000	0.0000	4
LOC101128106	ZNF675	DN_NC_073244.2_29970261_4	DN_NC_073244.2_30090650_6	genuine	0	4	6	4	multi	0	0.3447	0.0000	0.0000	0.0000	0.0000	4
LOC101128106	ZNF678	DN_NC_073224.2_40627195_4	DN_NC_073244.2_30090650_6	genuine	0	4	6	4	multi	0	0.1801	0.0000	0.0000	0.0000	0.0000	4
LOC101128106	ZNF681	DN_NC_073244.2_30067652_4	DN_NC_073244.2_30090650_6	genuine	0	4	6	4	multi	0	0.1632	0.0000	0.0000	0.0000	0.0000	4
LOC101128106	ZNF682	DN_NC_073244.2_26470366_4	DN_NC_073244.2_30090650_6	genuine	0	4	6	4	multi	0	0.2089	0.0000	0.0000	0.0000	0.0000	4
LOC101128106	ZNF695	DN_NC_073224.2_8422960_4	DN_NC_073244.2_30090650_6	genuine	0	4	6	4	multi	0	0.2171	0.0000	0.0000	0.0000	0.0000	4
LOC101128106	ZNF721	DN_NC_073227.2_9010062_2	DN_NC_073244.2_30090650_6	genuine	0	2	6	2	multi	0	0.1671	0.0000	0.0000	0.0000	0.0000	4
LOC101128106	ZNF723	DN_NC_073244.2_29232445_4	DN_NC_073244.2_30090650_6	genuine	0	4	6	4	multi	0	0.1615	0.0000	0.0000	0.0000	0.0000	4
LOC101128106	ZNF727	DN_NC_073230.2_73508332_4	DN_NC_073244.2_30090650_6	genuine	0	4	6	4	multi	0	0.1382	0.0000	0.0000	0.0000	0.0000	4
LOC101128106	ZNF8	DN_NC_073244.2_30090650_6	DN_NC_073244.2_70399351_4	genuine	0	6	4	4	multi	0	0.1787	0.0000	0.0000	0.0000	0.0000	4
LOC101128351	LOC101128712	DN_NC_073244.2_17876785_4	DN_NC_073244.2_17922158_4	TP	1	4	4	4	multi	0	0.3863	0.3797	0.7500	0.7500	0.7500	4
LOC101128351	LOC101129789	DN_NC_073244.2_17876785_4	DN_NC_073244.2_18124175_2	genuine	0	4	2	2	multi	0	0.1489	0.0000	0.0000	0.0000	0.0000	4
LOC101128351	LOC101130507	DN_NC_073244.2_17876785_4	DN_NC_073244.2_17960497_4	truthbar	0	4	4	4	multi	0	0.3328	0.8408	0.7500	1.0000	0.7500	4
LOC101128351	LOC101130877	DN_NC_073244.2_17876785_4	DN_NC_073244.2_17994654_4	truthbar	0	4	4	4	multi	0	0.2878	0.4769	0.5000	0.7500	0.5000	4
LOC101128351	LOC101148180	DN_NC_073244.2_17876785_4	DN_NC_073244.2_8619131_4	truthbar	0	4	4	4	multi	0	0.1390	0.0000	0.0000	0.0000	0.0000	4
LOC101128351	LOC101153725	DN_NC_073244.2_17678736_4	DN_NC_073244.2_17876785_4	truthbar	0	4	4	4	multi	0	0.1544	0.0000	0.0000	0.0000	0.0000	4
LOC101128351	LOC101154200	DN_NC_073244.2_17876785_4	DN_NC_073244.2_18307855_4	truthbar	0	4	4	4	multi	0	0.1579	0.0000	0.0000	0.0000	0.0000	4
LOC101128351	LOC109024269	DN_NC_073244.2_17876785_4	DN_NC_073244.2_18045307_2	genuine	0	4	2	2	multi	0	0.1501	0.0000	0.0000	0.0000	0.0000	4
LOC101128351	LOC109025073	DN_NC_073244.2_17876785_4	DN_NC_073244.2_18096775_3	truthbar	0	4	3	3	multi	0	0.2418	0.0000	0.0000	0.0000	0.0000	4
LOC101128351	ZNF124	DN_NC_073224.2_8261601_4	DN_NC_073244.2_17876785_4	truthbar	0	4	4	4	multi	0	0.1477	0.0000	0.0000	0.0000	0.0000	4
LOC101128351	ZNF136	DN_NC_073244.2_17876785_4	DN_NC_073244.2_18201516_4	truthbar	0	4	4	4	multi	0	0.2468	0.0000	0.0000	0.0000	0.0000	4
LOC101128351	ZNF14	DN_NC_073244.2_17876785_4	DN_NC_073244.2_26156853_4	truthbar	0	4	4	4	multi	0	0.1623	0.0000	0.0000	0.0000	0.0000	4
LOC101128351	ZNF433	DN_NC_073244.2_17876785_4	DN_NC_073244.2_18047026_4	truthbar	0	4	4	4	multi	0	0.2222	0.3556	0.0000	0.0000	0.0000	4
LOC101128351	ZNF440	DN_NC_073244.2_17846610_4	DN_NC_073244.2_17876785_4	truthbar	0	4	4	4	multi	0	0.4007	0.9349	0.7500	0.7500	0.7500	4
LOC101128351	ZNF443	DN_NC_073244.2_17876785_4	DN_NC_073244.2_18470484_4	truthbar	0	4	4	4	multi	0	0.2164	0.0000	0.0000	0.0000	0.0000	4
LOC101128351	ZNF490	DN_NC_073244.2_17876785_4	DN_NC_073244.2_18614963_5	truthbar	0	4	5	4	multi	0	0.2127	0.0000	0.0000	0.0000	0.0000	4
LOC101128351	ZNF563	DN_NC_073244.2_17876785_4	DN_NC_073244.2_18356684_4	truthbar	0	4	4	4	multi	0	0.2506	0.0000	0.0000	0.0000	0.0000	4
LOC101128351	ZNF57	DN_NC_073244.2_17876785_4	DN_NC_073244.2_8680135_4	truthbar	0	4	4	4	multi	0	0.1815	0.0000	0.0000	0.0000	0.0000	4
LOC101128351	ZNF627	DN_NC_073244.2_17635782_4	DN_NC_073244.2_17876785_4	truthbar	0	4	4	4	multi	0	0.2606	0.0000	0.0000	0.0000	0.0000	4
LOC101128351	ZNF669	DN_NC_073224.2_8329397_4	DN_NC_073244.2_17876785_4	truthbar	0	4	4	4	multi	0	0.2632	0.0000	0.0000	0.0000	0.0000	4
LOC101128351	ZNF77	DN_NC_073244.2_17876785_4	DN_NC_073244.2_8711681_4	truthbar	0	4	4	4	multi	0	0.1570	0.0000	0.0000	0.0000	0.0000	4
LOC101128351	ZNF799	DN_NC_073244.2_17876785_4	DN_NC_073244.2_18426035_4	truthbar	0	4	4	4	multi	0	0.1655	0.0000	0.0000	0.0000	0.0000	4
LOC101128351	ZNF823	DN_NC_073244.2_17751584_2	DN_NC_073244.2_17876785_4	truthbar	0	2	4	2	multi	0	0.4682	0.0000	0.0000	0.0000	0.0000	4
LOC101128458	LOC115931020	DN_NC_073242.2_96060106_12	DN_NC_073242.2_96073882_12	TP	1	12	12	12	multi	0	0.3547	0.7913	0.9167	0.9167	0.9167	1
LOC101128585	LOC134758598	DN_NC_073228.2_145157318_2	DN_NC_073228.2_145186024_2	truthbar	0	2	2	2	multi	0	0.2600	0.2303	0.0000	0.0000	0.0000	3
LOC101128712	LOC101130507	DN_NC_073244.2_17922158_4	DN_NC_073244.2_17960497_4	truthbar	0	4	4	4	multi	0	0.2571	0.6707	0.5000	1.0000	0.5000	4
LOC101128712	LOC101130877	DN_NC_073244.2_17922158_4	DN_NC_073244.2_17994654_4	truthbar	0	4	4	4	multi	0	0.1975	0.4111	0.5000	0.7500	0.5000	4
LOC101128712	LOC101153725	DN_NC_073244.2_17678736_4	DN_NC_073244.2_17922158_4	truthbar	0	4	4	4	multi	0	0.1677	0.0000	0.0000	0.0000	0.0000	4
LOC101128712	LOC101153837	DN_NC_073244.2_17922158_4	DN_NC_073244.2_18232282_4	truthbar	0	4	4	4	multi	0	0.2430	0.0000	0.0000	0.0000	0.0000	4
LOC101128712	LOC101154200	DN_NC_073244.2_17922158_4	DN_NC_073244.2_18307855_4	truthbar	0	4	4	4	multi	0	0.1390	0.0000	0.0000	0.0000	0.0000	4
LOC101128712	LOC109024269	DN_NC_073244.2_17922158_4	DN_NC_073244.2_18045307_2	genuine	0	4	2	2	multi	0	0.1376	0.0000	0.0000	0.0000	0.0000	4
LOC101128712	LOC109025073	DN_NC_073244.2_17922158_4	DN_NC_073244.2_18096775_3	truthbar	0	4	3	3	multi	0	0.2418	0.0000	0.0000	0.0000	0.0000	4
LOC101128712	ZNF124	DN_NC_073224.2_8261601_4	DN_NC_073244.2_17922158_4	truthbar	0	4	4	4	multi	0	0.1423	0.0000	0.0000	0.0000	0.0000	4
LOC101128712	ZNF136	DN_NC_073244.2_17922158_4	DN_NC_073244.2_18201516_4	truthbar	0	4	4	4	multi	0	0.2229	0.0000	0.0000	0.0000	0.0000	4
LOC101128712	ZNF14	DN_NC_073244.2_17922158_4	DN_NC_073244.2_26156853_4	truthbar	0	4	4	4	multi	0	0.1330	0.0000	0.0000	0.0000	0.0000	4
LOC101128712	ZNF433	DN_NC_073244.2_17922158_4	DN_NC_073244.2_18047026_4	truthbar	0	4	4	4	multi	0	0.2265	0.0000	0.0000	0.0000	0.0000	4
LOC101128712	ZNF440	DN_NC_073244.2_17846610_4	DN_NC_073244.2_17922158_4	TP	1	4	4	4	multi	0	0.4939	0.5917	0.7500	0.5000	0.5000	4
LOC101128712	ZNF443	DN_NC_073244.2_17922158_4	DN_NC_073244.2_18470484_4	truthbar	0	4	4	4	multi	0	0.2000	0.0000	0.0000	0.0000	0.0000	4
LOC101128712	ZNF490	DN_NC_073244.2_17922158_4	DN_NC_073244.2_18614963_5	truthbar	0	4	5	4	multi	0	0.1492	0.0000	0.0000	0.0000	0.0000	4
LOC101128712	ZNF563	DN_NC_073244.2_17922158_4	DN_NC_073244.2_18356684_4	truthbar	0	4	4	4	multi	0	0.2201	0.0000	0.0000	0.0000	0.0000	4
LOC101128712	ZNF564	DN_NC_073244.2_17922158_4	DN_NC_073244.2_18564507_4	truthbar	0	4	4	4	multi	0	0.1619	0.0000	0.0000	0.0000	0.0000	4
LOC101128712	ZNF57	DN_NC_073244.2_17922158_4	DN_NC_073244.2_8680135_4	truthbar	0	4	4	4	multi	0	0.1486	0.0000	0.0000	0.0000	0.0000	4
LOC101128712	ZNF627	DN_NC_073244.2_17635782_4	DN_NC_073244.2_17922158_4	truthbar	0	4	4	4	multi	0	0.2351	0.0000	0.0000	0.0000	0.0000	4
LOC101128712	ZNF669	DN_NC_073224.2_8329397_4	DN_NC_073244.2_17922158_4	truthbar	0	4	4	4	multi	0	0.1727	0.0000	0.0000	0.0000	0.0000	4
LOC101128712	ZNF77	DN_NC_073244.2_17922158_4	DN_NC_073244.2_8711681_4	truthbar	0	4	4	4	multi	0	0.1771	0.0000	0.0000	0.0000	0.0000	4
LOC101128712	ZNF799	DN_NC_073244.2_17922158_4	DN_NC_073244.2_18426035_4	truthbar	0	4	4	4	multi	0	0.1332	0.0000	0.0000	0.0000	0.0000	4
LOC101128712	ZNF823	DN_NC_073244.2_17751584_2	DN_NC_073244.2_17922158_4	truthbar	0	2	4	2	multi	0	0.3392	0.0000	0.0000	0.0000	0.0000	4
LOC101128844	LOC101133546	DN_NC_073230.2_74126483_4	DN_NC_073244.2_65326089_4	truthbar	0	4	4	4	multi	0	0.1392	0.0000	0.0000	0.0000	0.0000	4
LOC101128844	LOC101133668	DN_NC_073230.2_74126483_4	DN_NC_073230.2_74190289_5	genuine	0	4	5	4	multi	0	0.2228	0.0000	0.0000	0.0000	0.0000	4
LOC101128844	LOC101136009	DN_NC_073230.2_74126483_4	DN_NC_073244.2_26901109_4	truthbar	0	4	4	4	multi	0	0.1971	0.0000	0.0000	0.0000	0.0000	4
LOC101128844	LOC101137462	DN_NC_073230.2_74126483_4	DN_NC_073244.2_27285351_4	truthbar	0	4	4	4	multi	0	0.2847	0.5651	0.0000	0.0000	0.0000	4
LOC101128844	LOC101141027	DN_NC_073230.2_74126483_4	DN_NC_073244.2_27765726_4	truthbar	0	4	4	4	multi	0	0.1879	1.1330	0.7500	0.7500	0.7500	4
LOC101128844	LOC101142646	DN_NC_073230.2_74126483_4	DN_NC_073244.2_27869273_3	truthbar	0	4	3	3	multi	0	0.1792	0.0000	0.0000	0.0000	0.0000	4
LOC101128844	LOC101144119	DN_NC_073230.2_64900495_2	DN_NC_073230.2_74126483_4	genuine	0	2	4	2	multi	0	0.1443	0.0000	0.0000	0.0000	0.0000	4
LOC101128844	LOC101144838	DN_NC_073230.2_74126483_4	DN_NC_073244.2_28256975_5	truthbar	0	4	5	4	multi	0	0.2470	0.3831	0.5000	0.4000	0.4000	4
LOC101128844	LOC101145945	DN_NC_073230.2_74126483_4	DN_NC_073244.2_28588105_4	truthbar	0	4	4	4	multi	0	0.2709	0.4926	0.7500	0.7500	0.7500	4
LOC101128844	LOC101146634	DN_NC_073230.2_74126483_4	DN_NC_073244.2_28711447_4	truthbar	0	4	5	4	multi	0	0.2618	0.0000	0.0000	0.0000	0.0000	4
LOC101128844	LOC101147715	DN_NC_073230.2_74126483_4	DN_NC_073244.2_28820229_4	truthbar	0	4	4	4	multi	0	0.2417	0.4532	0.0000	0.0000	0.0000	4
LOC101128844	LOC101150965	DN_NC_073230.2_74126483_4	DN_NC_073244.2_64400145_5	genuine	0	4	5	4	multi	0	0.1348	0.0000	0.0000	0.0000	0.0000	4
LOC101128844	LOC101152401	DN_NC_073230.2_74126483_4	DN_NC_073244.2_64836827_4	truthbar	0	4	4	4	multi	0	0.1450	0.0000	0.0000	0.0000	0.0000	4
LOC101128844	LOC101153126	DN_NC_073230.2_74126483_4	DN_NC_073244.2_29297022_4	truthbar	0	4	4	4	multi	0	0.3888	0.4022	0.7500	0.7500	0.7500	4
LOC101128844	LOC109026610	DN_NC_073227.2_8705656_4	DN_NC_073230.2_74126483_4	truthbar	0	4	4	4	multi	0	0.1440	0.0000	0.0000	0.0000	0.0000	4
LOC101128844	LOC115930172	DN_NC_073230.2_74126483_4	DN_NC_073244.2_27051998_4	genuine	0	4	4	4	multi	0	0.1497	0.4939	0.7500	0.7500	0.7500	4
LOC101128844	LOC115931567	DN_NC_073230.2_74126483_4	DN_NC_073244.2_27566430_5	truthbar	0	4	5	4	multi	0	0.4894	0.5447	0.7500	0.6000	0.6000	4
LOC101128844	LOC115931568	DN_NC_073230.2_74126483_4	DN_NC_073244.2_28072858_4	truthbar	0	4	4	4	multi	0	0.3632	0.0000	0.0000	0.0000	0.0000	4
LOC101128844	LOC115931576	DN_NC_073230.2_74126483_4	DN_NC_073244.2_29046961_4	truthbar	0	4	4	4	multi	0	0.4690	0.3219	0.0000	0.0000	0.0000	4
LOC101128844	LOC115931654	DN_NC_073230.2_74126483_4	DN_NC_073244.2_65266359_4	truthbar	0	4	4	4	multi	0	0.3512	0.0000	0.0000	0.0000	0.0000	4
LOC101128844	LOC115931857	DN_NC_073230.2_74126483_4	DN_NC_073246.2_15789285_3	truthbar	0	4	3	3	multi	0	0.1995	0.0000	0.0000	0.0000	0.0000	4
LOC101128844	LOC129527827	DN_NC_073230.2_74126483_4	DN_NC_073242.2_66613619_4	genuine	0	4	4	4	multi	0	0.2277	0.7197	1.0000	1.0000	1.0000	4
LOC101128844	LOC129528947	DN_NC_073230.2_74126483_4	DN_NC_073244.2_27408454_4	genuine	0	4	4	4	multi	0	0.4093	0.6032	0.2500	0.0000	0.0000	4
LOC101128844	ZNF141	DN_NC_073227.2_8907801_4	DN_NC_073230.2_74126483_4	truthbar	0	4	4	4	multi	0	0.1937	0.0000	0.0000	0.0000	0.0000	4
LOC101128844	ZNF195	DN_NC_073230.2_74126483_4	DN_NC_073233.2_9788172_5	truthbar	0	4	5	4	multi	0	0.1687	0.0000	0.0000	0.0000	0.0000	4
LOC101128844	ZNF254	DN_NC_073230.2_74126483_4	DN_NC_073244.2_30438386_2	truthbar	0	4	2	2	multi	0	0.2621	0.0000	0.0000	0.0000	0.0000	4
LOC101128844	ZNF267	DN_NC_073230.2_74126483_4	DN_NC_073242.2_37386128_4	truthbar	0	4	4	4	multi	0	0.3053	0.0000	0.0000	0.0000	0.0000	4
LOC101128844	ZNF273	DN_NC_073230.2_74126483_4	DN_NC_073230.2_74299233_4	truthbar	0	4	4	4	multi	0	0.4169	0.5642	0.0000	0.0000	0.0000	4
LOC101128844	ZNF28	DN_NC_073230.2_74126483_4	DN_NC_073244.2_64759228_5	truthbar	0	4	5	4	multi	0	0.1408	0.0000	0.0000	0.0000	0.0000	4
LOC101128844	ZNF415	DN_NC_073230.2_74126483_4	DN_NC_073244.2_65046428_4	truthbar	0	4	3	3	multi	0	0.1865	0.0000	0.0000	0.0000	0.0000	4
LOC101128844	ZNF429	DN_NC_073230.2_74126483_4	DN_NC_073244.2_27956158_4	truthbar	0	4	4	4	multi	0	0.3026	0.9210	0.0000	0.0000	0.0000	4
LOC101128844	ZNF430	DN_NC_073230.2_74126483_4	DN_NC_073244.2_27504818_5	truthbar	0	4	5	4	multi	0	0.3937	0.5293	0.0000	0.0000	0.0000	4
LOC101128844	ZNF468	DN_NC_073230.2_74126483_4	DN_NC_073244.2_64797239_5	truthbar	0	4	5	4	multi	0	0.1382	0.0000	0.0000	0.0000	0.0000	4
LOC101128844	ZNF486	DN_NC_073230.2_74126483_4	DN_NC_073244.2_26666712_5	truthbar	0	4	5	4	multi	0	0.2185	0.0000	0.0000	0.0000	0.0000	4
LOC101128844	ZNF506	DN_NC_073230.2_74126483_4	DN_NC_073244.2_26240035_4	truthbar	0	4	4	4	multi	0	0.1879	0.0000	0.0000	0.0000	0.0000	4
LOC101128844	ZNF519	DN_NC_073230.2_74126483_4	DN_NC_073241.2_36126198_2	truthbar	0	4	2	2	multi	0	0.2269	0.0000	0.0000	0.0000	0.0000	4
LOC101128844	ZNF578	DN_NC_073230.2_74126483_4	DN_NC_073244.2_64426370_6	truthbar	0	4	6	4	multi	0	0.1880	0.0000	0.0000	0.0000	0.0000	4
LOC101128844	ZNF595	DN_NC_073227.2_8633416_4	DN_NC_073230.2_74126483_4	truthbar	0	4	4	4	multi	0	0.1894	0.0000	0.0000	0.0000	0.0000	4
LOC101128844	ZNF611	DN_NC_073230.2_74126483_4	DN_NC_073244.2_64672255_4	truthbar	0	4	4	4	multi	0	0.2486	0.0000	0.0000	0.0000	0.0000	4
LOC101128844	ZNF675	DN_NC_073230.2_74126483_4	DN_NC_073244.2_29970261_4	truthbar	0	4	4	4	multi	0	0.2357	0.8447	1.0000	1.0000	1.0000	4
LOC101128844	ZNF678	DN_NC_073224.2_40627195_4	DN_NC_073230.2_74126483_4	truthbar	0	4	4	4	multi	0	0.3191	0.0000	0.0000	0.0000	0.0000	4
LOC101128844	ZNF680	DN_NC_073230.2_73977205_4	DN_NC_073230.2_74126483_4	truthbar	0	4	4	4	multi	0	0.3235	0.5558	0.7500	0.7500	0.7500	4
LOC101128844	ZNF681	DN_NC_073230.2_74126483_4	DN_NC_073244.2_30067652_4	truthbar	0	4	4	4	multi	0	0.2810	0.3983	0.7500	0.7500	0.7500	4
LOC101128844	ZNF682	DN_NC_073230.2_74126483_4	DN_NC_073244.2_26470366_4	truthbar	0	4	4	4	multi	0	0.1842	0.0000	0.0000	0.0000	0.0000	4
LOC101128844	ZNF695	DN_NC_073224.2_8422960_4	DN_NC_073230.2_74126483_4	truthbar	0	4	4	4	multi	0	0.1803	0.0000	0.0000	0.0000	0.0000	4
LOC101128844	ZNF721	DN_NC_073227.2_9010062_2	DN_NC_073230.2_74126483_4	truthbar	0	2	4	2	multi	0	0.5053	0.0000	0.0000	0.0000	0.0000	4
LOC101128844	ZNF723	DN_NC_073230.2_74126483_4	DN_NC_073244.2_29232445_4	truthbar	0	4	4	4	multi	0	0.3709	0.7293	0.5000	1.0000	0.5000	4
LOC101128844	ZNF727	DN_NC_073230.2_73508332_4	DN_NC_073230.2_74126483_4	truthbar	0	4	4	4	multi	0	0.1607	0.0000	0.0000	0.0000	0.0000	4
LOC101128844	ZNF736	DN_NC_073230.2_73776646_4	DN_NC_073230.2_74126483_4	truthbar	0	4	4	4	multi	0	0.2698	0.0000	0.0000	0.0000	0.0000	4
LOC101128844	ZNF761	DN_NC_073230.2_74126483_4	DN_NC_073244.2_65362909_5	truthbar	0	4	5	4	multi	0	0.1765	0.0000	0.0000	0.0000	0.0000	4
LOC101128844	ZNF808	DN_NC_073230.2_74126483_4	DN_NC_073244.2_64500861_5	truthbar	0	4	5	4	multi	0	0.3886	0.0000	0.0000	0.0000	0.0000	4
LOC101128844	ZNF813	DN_NC_073230.2_74126483_4	DN_NC_073244.2_65398487_4	truthbar	0	4	4	4	multi	0	0.2374	0.0000	0.0000	0.0000	0.0000	4
LOC101128844	ZNF83	DN_NC_073230.2_74126483_4	DN_NC_073244.2_64585864_4	truthbar	0	4	4	4	multi	0	0.2181	0.0000	0.0000	0.0000	0.0000	4
LOC101128844	ZNF836	DN_NC_073230.2_74126483_4	DN_NC_073244.2_64125568_5	truthbar	0	4	5	4	multi	0	0.2069	0.0000	0.0000	0.0000	0.0000	4
LOC101128844	ZNF841	DN_NC_073230.2_74126483_4	DN_NC_073244.2_64034715_7	truthbar	0	4	7	4	multi	0	0.1440	0.0000	0.0000	0.0000	0.0000	4
LOC101128844	ZNF91	DN_NC_073230.2_74126483_4	DN_NC_073244.2_29680825_4	truthbar	0	4	4	4	multi	0	0.3485	0.4613	0.0000	0.2500	0.0000	4
LOC101128844	ZNF92	DN_NC_073230.2_74126483_4	DN_NC_073230.2_74637814_2	truthbar	0	4	2	2	multi	0	0.1687	0.0000	0.0000	0.0000	0.0000	4
LOC101128980	LOC134758331	DN_NC_073227.2_97044821_2	DN_NC_073233.2_6771931_2	genuine	0	2	2	2	multi	0	0.5290	0.5302	0.0000	0.5000	0.0000	0
LOC101129171	LOC101133546	DN_NC_073244.2_26314241_4	DN_NC_073244.2_65326089_4	truthbar	0	4	4	4	multi	0	0.1741	0.0000	0.0000	0.0000	0.0000	4
LOC101129171	LOC101133668	DN_NC_073230.2_74190289_5	DN_NC_073244.2_26314241_4	genuine	0	5	4	4	multi	0	0.2263	0.0000	0.0000	0.0000	0.0000	4
LOC101129171	LOC101136009	DN_NC_073244.2_26314241_4	DN_NC_073244.2_26901109_4	truthbar	0	4	4	4	multi	0	0.2177	0.7784	0.0000	0.0000	0.0000	4
LOC101129171	LOC101137462	DN_NC_073244.2_26314241_4	DN_NC_073244.2_27285351_4	truthbar	0	4	4	4	multi	0	0.1727	0.5771	0.5000	0.5000	0.5000	4
LOC101129171	LOC101141027	DN_NC_073244.2_26314241_4	DN_NC_073244.2_27765726_4	truthbar	0	4	4	4	multi	0	0.4252	0.6645	0.5000	0.7500	0.5000	4
LOC101129171	LOC101142646	DN_NC_073244.2_26314241_4	DN_NC_073244.2_27869273_3	truthbar	0	4	3	3	multi	0	0.1943	0.0000	0.0000	0.0000	0.0000	4
LOC101129171	LOC101144838	DN_NC_073244.2_26314241_4	DN_NC_073244.2_28256975_5	truthbar	0	4	5	4	multi	0	0.3269	0.0000	0.0000	0.0000	0.0000	4
LOC101129171	LOC101145945	DN_NC_073244.2_26314241_4	DN_NC_073244.2_28588105_4	truthbar	0	4	4	4	multi	0	0.1766	0.0000	0.0000	0.0000	0.0000	4
LOC101129171	LOC101146634	DN_NC_073244.2_26314241_4	DN_NC_073244.2_28711447_4	truthbar	0	4	5	4	multi	0	0.2569	0.0000	0.0000	0.0000	0.0000	4
LOC101129171	LOC101147715	DN_NC_073244.2_26314241_4	DN_NC_073244.2_28820229_4	truthbar	0	4	4	4	multi	0	0.1940	0.0000	0.0000	0.0000	0.0000	4
LOC101129171	LOC101150965	DN_NC_073244.2_26314241_4	DN_NC_073244.2_64400145_5	genuine	0	4	5	4	multi	0	0.1323	0.0000	0.0000	0.0000	0.0000	4
LOC101129171	LOC101153126	DN_NC_073244.2_26314241_4	DN_NC_073244.2_29297022_4	truthbar	0	4	4	4	multi	0	0.3258	0.0000	0.0000	0.0000	0.0000	4
LOC101129171	LOC101153131	DN_NC_073244.2_26314241_4	DN_NC_073244.2_64908457_4	truthbar	0	4	4	4	multi	0	0.1453	0.0000	0.0000	0.0000	0.0000	4
LOC101129171	LOC109024216	DN_NC_073244.2_26314241_4	DN_NC_073244.2_65293743_4	truthbar	0	4	4	4	multi	0	0.2616	0.0000	0.0000	0.0000	0.0000	4
LOC101129171	LOC109026610	DN_NC_073227.2_8705656_4	DN_NC_073244.2_26314241_4	truthbar	0	4	4	4	multi	0	0.2566	0.0000	0.0000	0.0000	0.0000	4
LOC101129171	LOC115930172	DN_NC_073244.2_26314241_4	DN_NC_073244.2_27051998_4	genuine	0	4	4	4	multi	0	0.3269	0.9250	0.7500	0.7500	0.7500	4
LOC101129171	LOC115931567	DN_NC_073244.2_26314241_4	DN_NC_073244.2_27626411_5	truthbar	0	4	5	4	multi	0	0.3263	0.3883	0.5000	0.4000	0.4000	4
LOC101129171	LOC115931568	DN_NC_073244.2_26314241_4	DN_NC_073244.2_28072858_4	truthbar	0	4	4	4	multi	0	0.3534	0.0000	0.0000	0.0000	0.0000	4
LOC101129171	LOC115931576	DN_NC_073244.2_26314241_4	DN_NC_073244.2_29046961_4	truthbar	0	4	4	4	multi	0	0.2438	0.4783	0.5000	0.5000	0.5000	4
LOC101129171	LOC115931654	DN_NC_073244.2_26314241_4	DN_NC_073244.2_65266359_4	truthbar	0	4	4	4	multi	0	0.1373	0.0000	0.0000	0.0000	0.0000	4
LOC101129171	LOC129527827	DN_NC_073242.2_66613619_4	DN_NC_073244.2_26314241_4	genuine	0	4	4	4	multi	0	0.2242	0.0000	0.0000	0.0000	0.0000	4
LOC101129171	LOC129528947	DN_NC_073244.2_26314241_4	DN_NC_073244.2_27408454_4	genuine	0	4	4	4	multi	0	0.3269	0.4938	0.5000	0.5000	0.5000	4
LOC101129171	ZNF141	DN_NC_073227.2_8907801_4	DN_NC_073244.2_26314241_4	truthbar	0	4	4	4	multi	0	0.2563	0.0000	0.0000	0.0000	0.0000	4
LOC101129171	ZNF254	DN_NC_073244.2_26314241_4	DN_NC_073244.2_30438340_4	truthbar	0	4	4	4	multi	0	0.2400	0.4791	0.5000	0.5000	0.5000	4
LOC101129171	ZNF273	DN_NC_073230.2_74299233_4	DN_NC_073244.2_26314241_4	truthbar	0	4	4	4	multi	0	0.3258	0.4409	0.5000	0.5000	0.5000	4
LOC101129171	ZNF429	DN_NC_073244.2_26314241_4	DN_NC_073244.2_27956158_2	truthbar	0	4	2	2	multi	0	0.5426	0.0000	0.0000	0.0000	0.0000	4
LOC101129171	ZNF43	DN_NC_073244.2_26314241_4	DN_NC_073244.2_28333451_4	truthbar	0	4	4	4	multi	0	0.2516	0.4564	0.5000	0.7500	0.5000	4
LOC101129171	ZNF430	DN_NC_073244.2_26314241_4	DN_NC_073244.2_27504818_5	truthbar	0	4	5	4	multi	0	0.3258	0.4487	0.5000	0.4000	0.4000	4
LOC101129171	ZNF486	DN_NC_073244.2_26314241_4	DN_NC_073244.2_26666712_5	truthbar	0	4	5	4	multi	0	0.1744	0.5010	0.5000	0.8000	0.5000	4
LOC101129171	ZNF506	DN_NC_073244.2_26240039_2	DN_NC_073244.2_26314241_4	truthbar	0	2	4	2	multi	0	0.1785	0.9213	0.5000	0.2500	0.2500	4
LOC101129171	ZNF595	DN_NC_073227.2_8633418_2	DN_NC_073244.2_26314241_4	truthbar	0	2	4	2	multi	0	0.3328	0.0000	0.0000	0.0000	0.0000	4
LOC101129171	ZNF611	DN_NC_073244.2_26314241_4	DN_NC_073244.2_64672255_4	truthbar	0	4	4	4	multi	0	0.1578	0.0000	0.0000	0.0000	0.0000	4
LOC101129171	ZNF626	DN_NC_073244.2_26314241_4	DN_NC_073244.2_27131194_2	truthbar	0	4	2	2	multi	0	0.3631	0.8446	0.2500	0.5000	0.2500	4
LOC101129171	ZNF675	DN_NC_073244.2_26314241_4	DN_NC_073244.2_29970261_4	truthbar	0	4	4	4	multi	0	0.5005	0.0000	0.0000	0.0000	0.0000	4
LOC101129171	ZNF680	DN_NC_073230.2_73977205_4	DN_NC_073244.2_26314241_4	truthbar	0	4	4	4	multi	0	0.3456	0.4544	0.5000	0.5000	0.5000	4
LOC101129171	ZNF681	DN_NC_073244.2_26314241_4	DN_NC_073244.2_30067652_4	truthbar	0	4	4	4	multi	0	0.2175	0.2953	0.0000	0.0000	0.0000	4
LOC101129171	ZNF682	DN_NC_073244.2_26314241_4	DN_NC_073244.2_26470366_4	truthbar	0	4	4	4	multi	0	0.3097	0.0000	0.0000	0.0000	0.0000	4
LOC101129171	ZNF695	DN_NC_073224.2_8422960_4	DN_NC_073244.2_26314241_4	truthbar	0	4	4	4	multi	0	0.3298	0.0000	0.0000	0.0000	0.0000	4
LOC101129171	ZNF721	DN_NC_073227.2_9010062_2	DN_NC_073244.2_26314241_4	truthbar	0	2	4	2	multi	0	0.2665	0.0000	0.0000	0.0000	0.0000	4
LOC101129171	ZNF723	DN_NC_073244.2_26314241_4	DN_NC_073244.2_29232445_4	truthbar	0	4	4	4	multi	0	0.4836	0.6429	0.5000	0.7500	0.5000	4
LOC101129171	ZNF727	DN_NC_073230.2_73508332_4	DN_NC_073244.2_26314241_4	truthbar	0	4	4	4	multi	0	0.2458	0.0000	0.0000	0.0000	0.0000	4
LOC101129171	ZNF736	DN_NC_073230.2_73776646_4	DN_NC_073244.2_26314241_4	truthbar	0	4	4	4	multi	0	0.2214	0.0000	0.0000	0.0000	0.0000	4
LOC101129171	ZNF761	DN_NC_073244.2_26314241_4	DN_NC_073244.2_65362909_5	truthbar	0	4	5	4	multi	0	0.1365	0.0000	0.0000	0.0000	0.0000	4
LOC101129171	ZNF766	DN_NC_073244.2_26314241_4	DN_NC_073244.2_64231369_4	truthbar	0	4	4	4	multi	0	0.2791	0.0000	0.0000	0.0000	0.0000	4
LOC101129171	ZNF808	DN_NC_073244.2_26314241_4	DN_NC_073244.2_64500861_5	truthbar	0	4	5	4	multi	0	0.1528	0.0000	0.0000	0.0000	0.0000	4
LOC101129171	ZNF813	DN_NC_073244.2_26314241_4	DN_NC_073244.2_65398487_4	truthbar	0	4	4	4	multi	0	0.2187	0.0000	0.0000	0.0000	0.0000	4
LOC101129171	ZNF841	DN_NC_073244.2_26314241_4	DN_NC_073244.2_64034715_7	truthbar	0	4	7	4	multi	0	0.1794	0.0000	0.0000	0.0000	0.0000	4
LOC101129171	ZNF91	DN_NC_073244.2_26314241_4	DN_NC_073244.2_29680825_2	truthbar	0	4	2	2	multi	0	0.2790	0.0000	0.0000	0.0000	0.0000	4
LOC101129171	ZNF92	DN_NC_073230.2_74637814_2	DN_NC_073244.2_26314241_4	truthbar	0	2	4	2	multi	0	0.3563	0.0000	0.0000	0.0000	0.0000	4
LOC101129219	LOC101130677	DN_NC_073232.2_80964961_8	DN_NC_073232.2_81033881_5	truthbar	0	8	5	5	multi	0	0.2025	0.0000	0.0000	0.0000	0.0000	0
LOC101129219	LOC101138952	DN_NC_073232.2_81033881_5	DN_NC_073244.2_63934684_6	truthbar	0	5	6	5	multi	0	0.1964	0.0000	0.0000	0.0000	0.0000	0
LOC101129219	ZFP37	DN_NC_073232.2_81033881_5	DN_NC_073237.2_109279481_4	truthbar	0	5	4	4	multi	0	0.1657	0.0000	0.0000	0.0000	0.0000	0
LOC101129219	ZNF157	DN_NC_073232.2_81033881_5	DN_NC_073247.2_57761829_5	truthbar	0	5	5	5	multi	0	0.3651	0.0000	0.0000	0.0000	0.0000	0
LOC101129219	ZNF180	DN_NC_073232.2_81033881_5	DN_NC_073244.2_55989141_5	truthbar	0	5	5	5	multi	0	0.2432	0.0000	0.0000	0.0000	0.0000	0
LOC101129219	ZNF182	DN_NC_073232.2_81033881_5	DN_NC_073247.2_58372296_6	truthbar	0	5	5	5	multi	0	0.3610	0.0000	0.0000	0.0000	0.0000	0
LOC101129219	ZNF260	DN_NC_073232.2_81033881_5	DN_NC_073244.2_47706466_2	genuine	0	5	2	2	multi	0	0.1674	0.0000	0.0000	0.0000	0.0000	0
LOC101129219	ZNF268	DN_NC_073232.2_81033881_5	DN_NC_073234.2_148682020_7	truthbar	0	5	7	5	multi	0	0.2620	0.0000	0.0000	0.0000	0.0000	0
LOC101129219	ZNF287	DN_NC_073228.2_83600319_6	DN_NC_073232.2_81033881_5	truthbar	0	6	5	5	multi	0	0.2302	0.0000	0.0000	0.0000	0.0000	0
LOC101129219	ZNF334	DN_NC_073232.2_81033881_5	DN_NC_073245.2_58728682_5	truthbar	0	5	5	5	multi	0	0.2386	0.0000	0.0000	0.0000	0.0000	0
LOC101129219	ZNF33B	DN_NC_073232.2_72820474_5	DN_NC_073232.2_81033881_5	TP	1	5	5	5	multi	0	0.4566	1.0068	1.0000	1.0000	1.0000	0
LOC101129219	ZNF354A	DN_NC_073228.2_182334642_5	DN_NC_073232.2_81033881_5	truthbar	0	5	5	5	multi	0	0.1831	0.0000	0.0000	0.0000	0.0000	0
LOC101129219	ZNF354B	DN_NC_073228.2_182827930_5	DN_NC_073232.2_81033881_5	truthbar	0	5	5	5	multi	0	0.1560	0.0000	0.0000	0.0000	0.0000	0
LOC101129219	ZNF382	DN_NC_073232.2_81033881_5	DN_NC_073244.2_47798559_5	truthbar	0	5	5	5	multi	0	0.2371	0.0000	0.0000	0.0000	0.0000	0
LOC101129219	ZNF41	DN_NC_073232.2_81033881_5	DN_NC_073247.2_57840463_5	truthbar	0	5	5	5	multi	0	0.1613	0.0000	0.0000	0.0000	0.0000	0
LOC101129219	ZNF487	DN_NC_073232.2_71973207_3	DN_NC_073232.2_81033881_5	genuine	0	3	5	3	multi	0	0.1576	0.0000	0.0000	0.0000	0.0000	0
LOC101129219	ZNF567	DN_NC_073232.2_81033881_5	DN_NC_073244.2_47878793_6	truthbar	0	5	6	5	multi	0	0.2898	0.0000	0.0000	0.0000	0.0000	0
LOC101129219	ZNF568	DN_NC_073232.2_81033881_5	DN_NC_073244.2_48093173_7	truthbar	0	5	7	5	multi	0	0.2205	0.0000	0.0000	0.0000	0.0000	0
LOC101129219	ZNF569	DN_NC_073232.2_81033881_5	DN_NC_073244.2_48919547_6	truthbar	0	5	6	5	multi	0	0.2018	0.0000	0.0000	0.0000	0.0000	0
LOC101129219	ZNF605	DN_NC_073232.2_81033881_5	DN_NC_073234.2_148420424_5	truthbar	0	5	5	5	multi	0	0.1972	0.0000	0.0000	0.0000	0.0000	0
LOC101129219	ZNF613	DN_NC_073232.2_81033881_5	DN_NC_073244.2_63895938_6	truthbar	0	5	6	5	multi	0	0.1730	0.0000	0.0000	0.0000	0.0000	0
LOC101129219	ZNF624	DN_NC_073228.2_83513581_6	DN_NC_073232.2_81033881_5	truthbar	0	6	5	5	multi	0	0.2604	0.0000	0.0000	0.0000	0.0000	0
LOC101129219	ZNF674	DN_NC_073232.2_81033881_5	DN_NC_073247.2_56899135_7	truthbar	0	5	7	5	multi	0	0.2302	0.0000	0.0000	0.0000	0.0000	0
LOC101129219	ZNF717	DN_NC_073232.2_81033881_5	DN_NC_086017.1_85766278_5	truthbar	0	5	5	5	multi	0	0.3465	0.0000	0.0000	0.0000	0.0000	0
LOC101129219	ZNF782	DN_NC_073232.2_81033881_5	DN_NC_073237.2_93275727_4	truthbar	0	5	4	4	multi	0	0.1502	0.0000	0.0000	0.0000	0.0000	0
LOC101129219	ZNF84	DN_NC_073232.2_81033881_5	DN_NC_073234.2_148537990_5	truthbar	0	5	5	5	multi	0	0.2503	0.0000	0.0000	0.0000	0.0000	0
LOC101129558	LOC101135429	DN_NC_073245.2_11562885_6	DN_NC_073245.2_11814428_9	TP	1	6	9	6	multi	0	0.3748	0.3459	0.5000	0.3333	0.3333	1
LOC101129578	ZNF16	DN_NC_073231.2_150777699_3	DN_NC_073231.2_150817007_4	truthbar	0	3	4	3	multi	0	0.2839	0.0000	0.0000	0.0000	0.0000	1
LOC101129578	ZNF250	DN_NC_073231.2_150726059_5	DN_NC_073231.2_150817007_4	truthbar	0	5	4	4	multi	0	0.1468	0.0000	0.0000	0.0000	0.0000	1
LOC101129578	ZNF251	DN_NC_073231.2_150568091_5	DN_NC_073231.2_150817007_4	truthbar	0	5	4	4	multi	0	0.1439	0.0000	0.0000	0.0000	0.0000	1
LOC101129578	ZNF3	DN_NC_073230.2_88683937_6	DN_NC_073231.2_150817007_4	genuine	0	6	4	4	multi	0	0.2203	0.0000	0.0000	0.0000	0.0000	1
LOC101129578	ZNF544	DN_NC_073231.2_150817007_4	DN_NC_073244.2_70323040_7	truthbar	0	4	7	4	multi	0	0.1557	0.0000	0.0000	0.0000	0.0000	1
LOC101129578	ZNF623	DN_NC_073231.2_149487156_2	DN_NC_073231.2_150817007_4	genuine	0	2	4	2	multi	0	0.1688	0.0000	0.0000	0.0000	0.0000	1
LOC101129578	ZNF79	DN_NC_073231.2_150817007_4	DN_NC_073237.2_123801018_5	genuine	0	4	5	4	multi	0	0.1752	0.0000	0.0000	0.0000	0.0000	1
LOC101129578	ZNF892	DN_NC_073231.2_150817007_4	DN_NC_073236.2_32240619_3	genuine	0	4	3	3	multi	0	0.1467	0.0000	0.0000	0.0000	0.0000	1
LOC101129712	LOC101134034	DN_NC_073232.2_88373590_10	DN_NC_073232.2_89563823_24	genuine	0	10	24	10	multi	0	0.1482	0.5474	0.3000	0.2083	0.2083	3
LOC101129789	LOC101130507	DN_NC_073244.2_17960497_4	DN_NC_073244.2_18124175_2	genuine	0	4	2	2	multi	0	0.2561	0.0000	0.0000	0.0000	0.0000	4
LOC101129789	LOC101153725	DN_NC_073244.2_17700597_4	DN_NC_073244.2_18124175_2	genuine	0	4	2	2	multi	0	0.1529	0.0000	0.0000	0.0000	0.0000	4
LOC101129789	LOC101154200	DN_NC_073244.2_18124175_2	DN_NC_073244.2_18307855_4	genuine	0	2	4	2	multi	0	0.1438	0.0000	0.0000	0.0000	0.0000	4
LOC101129789	LOC109025073	DN_NC_073244.2_18096775_3	DN_NC_073244.2_18124193_3	genuine	0	3	3	3	multi	0	0.1411	0.0000	0.0000	0.0000	0.0000	4
LOC101129789	ZNF124	DN_NC_073224.2_8261601_4	DN_NC_073244.2_18124193_3	genuine	0	4	3	3	multi	0	0.1412	0.0000	0.0000	0.0000	0.0000	4
LOC101129789	ZNF136	DN_NC_073244.2_18124175_2	DN_NC_073244.2_18201516_4	genuine	0	2	4	2	multi	0	0.1635	0.0000	0.0000	0.0000	0.0000	4
LOC101129789	ZNF14	DN_NC_073244.2_18124175_2	DN_NC_073244.2_26156853_4	genuine	0	2	4	2	multi	0	0.1545	0.0000	0.0000	0.0000	0.0000	4
LOC101129789	ZNF443	DN_NC_073244.2_18124193_3	DN_NC_073244.2_18470484_4	genuine	0	3	4	3	multi	0	0.1429	0.0000	0.0000	0.0000	0.0000	4
LOC101129789	ZNF490	DN_NC_073244.2_18124175_2	DN_NC_073244.2_18614963_5	genuine	0	2	5	2	multi	0	0.1416	0.0000	0.0000	0.0000	0.0000	4
LOC101129789	ZNF669	DN_NC_073224.2_8329397_4	DN_NC_073244.2_18124175_2	genuine	0	4	2	2	multi	0	0.3143	0.0000	0.0000	0.0000	0.0000	4
LOC101129789	ZNF670	DN_NC_073224.2_8356715_4	DN_NC_073244.2_18124193_3	genuine	0	4	3	3	multi	0	0.1410	0.0000	0.0000	0.0000	0.0000	4
LOC101129789	ZNF791	DN_NC_073244.2_18124175_2	DN_NC_073244.2_18649721_4	genuine	0	2	4	2	multi	0	0.1448	0.0000	0.0000	0.0000	0.0000	4
LOC101129789	ZNF799	DN_NC_073244.2_18124175_2	DN_NC_073244.2_18426035_4	genuine	0	2	4	2	multi	0	0.1436	0.0000	0.0000	0.0000	0.0000	4
LOC101129789	ZNF823	DN_NC_073244.2_17751584_2	DN_NC_073244.2_18124193_3	genuine	0	2	3	2	multi	0	0.2475	0.0000	0.0000	0.0000	0.0000	4
LOC101129910	SDAD1	DN_NC_073227.2_96191422_22	DN_NC_073231.2_30601556_2	genuine	0	22	2	2	multi	0	0.1910	0.7906	0.9545	0.5000	0.5000	1
LOC101129940	SEC22B	DN_NC_073224.2_117114419_5	DN_NC_073224.2_124983304_5	TP	1	5	5	5	multi	0	0.2783	1.0017	1.0000	1.0000	1.0000	1
LOC101129968	PXN	DN_NC_073234.2_135608372_3	DN_NC_073234.2_135617419_11	genuine	0	3	11	3	multi	0	0.1750	0.1750	0.0000	0.0000	0.0000	1
LOC101130023	LOC101133546	DN_NC_073244.2_64618758_7	DN_NC_073244.2_65326089_4	truthbar	0	7	4	4	multi	0	0.1845	0.3874	0.1429	0.0000	0.0000	4
LOC101130023	LOC101136009	DN_NC_073244.2_26901109_4	DN_NC_073244.2_64618758_7	truthbar	0	4	7	4	multi	0	0.3160	0.0000	0.0000	0.0000	0.0000	4
LOC101130023	LOC101142646	DN_NC_073244.2_27869273_3	DN_NC_073244.2_64618758_7	truthbar	0	3	7	3	multi	0	0.1432	0.0000	0.0000	0.0000	0.0000	4
LOC101130023	LOC101144471	DN_NC_073244.2_64340366_4	DN_NC_073244.2_64618758_7	truthbar	0	4	7	4	multi	0	0.4157	0.0000	0.0000	0.0000	0.0000	4
LOC101130023	LOC101147715	DN_NC_073244.2_28820229_4	DN_NC_073244.2_64618758_7	truthbar	0	4	7	4	multi	0	0.1551	0.0000	0.0000	0.0000	0.0000	4
LOC101130023	LOC101150965	DN_NC_073244.2_64400145_5	DN_NC_073244.2_64618758_7	genuine	0	5	7	5	multi	0	0.6131	0.0000	0.0000	0.0000	0.0000	4
LOC101130023	LOC101152401	DN_NC_073244.2_64618758_7	DN_NC_073244.2_64836827_4	truthbar	0	7	4	4	multi	0	0.2829	0.0000	0.0000	0.0000	0.0000	4
LOC101130023	LOC101153126	DN_NC_073244.2_29297022_4	DN_NC_073244.2_64618758_7	truthbar	0	4	7	4	multi	0	0.1943	0.0000	0.0000	0.0000	0.0000	4
LOC101130023	LOC101153131	DN_NC_073244.2_64618758_7	DN_NC_073244.2_64908457_4	truthbar	0	7	4	4	multi	0	0.7124	0.8210	0.2857	0.5000	0.2857	4
LOC101130023	LOC109024216	DN_NC_073244.2_64618758_7	DN_NC_073244.2_65293743_4	truthbar	0	7	4	4	multi	0	0.2224	0.2775	0.1429	0.2500	0.1429	4
LOC101130023	LOC115931567	DN_NC_073244.2_27566430_5	DN_NC_073244.2_64618758_7	genuine	0	5	7	5	multi	0	0.2076	0.0000	0.0000	0.0000	0.0000	4
LOC101130023	LOC115931654	DN_NC_073244.2_64618758_7	DN_NC_073244.2_65266359_4	truthbar	0	7	4	4	multi	0	0.1825	0.6276	0.2857	0.2500	0.2500	4
LOC101130023	OSBPL10	DN_NC_073244.2_64618758_7	DN_NC_086017.1_41849470_3	genuine	0	7	3	3	multi	0	0.3495	0.3390	0.1429	0.0000	0.0000	4
LOC101130023	ZNF195	DN_NC_073233.2_9788172_5	DN_NC_073244.2_64618758_7	truthbar	0	5	7	5	multi	0	0.2717	0.0000	0.0000	0.0000	0.0000	4
LOC101130023	ZNF254	DN_NC_073244.2_30438386_2	DN_NC_073244.2_64618758_7	truthbar	0	2	7	2	multi	0	0.2915	0.0000	0.0000	0.0000	0.0000	4
LOC101130023	ZNF267	DN_NC_073242.2_37386128_4	DN_NC_073244.2_64618758_7	truthbar	0	4	7	4	multi	0	0.3730	0.0000	0.0000	0.0000	0.0000	4
LOC101130023	ZNF28	DN_NC_073244.2_64618758_7	DN_NC_073244.2_64759228_5	truthbar	0	7	5	5	multi	0	0.2099	0.6314	0.0000	0.0000	0.0000	4
LOC101130023	ZNF347	DN_NC_073244.2_64618758_7	DN_NC_073244.2_65073171_5	truthbar	0	7	5	5	multi	0	0.1440	0.0000	0.0000	0.0000	0.0000	4
LOC101130023	ZNF415	DN_NC_073244.2_64618758_7	DN_NC_073244.2_65046428_2	truthbar	0	7	4	4	multi	0	0.3961	0.0000	0.0000	0.0000	0.0000	4
LOC101130023	ZNF468	DN_NC_073244.2_64618758_7	DN_NC_073244.2_64797239_5	truthbar	0	7	5	5	multi	0	0.2103	0.0000	0.0000	0.0000	0.0000	4
LOC101130023	ZNF480	DN_NC_073244.2_64265252_5	DN_NC_073244.2_64618758_7	truthbar	0	5	7	5	multi	0	0.1752	0.0000	0.0000	0.0000	0.0000	4
LOC101130023	ZNF578	DN_NC_073244.2_64426370_6	DN_NC_073244.2_64618758_7	truthbar	0	6	7	6	multi	0	0.2552	0.6770	0.1667	0.2857	0.1667	4
LOC101130023	ZNF595	DN_NC_073227.2_8633416_4	DN_NC_073244.2_64618758_7	truthbar	0	4	7	4	multi	0	0.1948	0.0000	0.0000	0.0000	0.0000	4
LOC101130023	ZNF600	DN_NC_073244.2_64618758_7	DN_NC_073244.2_64724127_4	truthbar	0	7	4	4	multi	0	0.2928	0.8203	0.2857	0.2500	0.2500	4
LOC101130023	ZNF611	DN_NC_073244.2_64618758_7	DN_NC_073244.2_64672255_4	truthbar	0	7	4	4	multi	0	0.2383	0.8140	0.0000	0.0000	0.0000	4
LOC101130023	ZNF695	DN_NC_073224.2_8422960_4	DN_NC_073244.2_64618758_7	truthbar	0	4	7	4	multi	0	0.2166	0.0000	0.0000	0.0000	0.0000	4
LOC101130023	ZNF701	DN_NC_073244.2_64543447_4	DN_NC_073244.2_64618758_7	truthbar	0	4	7	4	multi	0	0.1991	0.0000	0.0000	0.0000	0.0000	4
LOC101130023	ZNF761	DN_NC_073244.2_64618758_7	DN_NC_073244.2_65362909_5	truthbar	0	7	5	5	multi	0	0.2039	0.4756	0.1429	0.0000	0.0000	4
LOC101130023	ZNF766	DN_NC_073244.2_64231369_4	DN_NC_073244.2_64618758_7	truthbar	0	4	7	4	multi	0	0.3267	0.0000	0.0000	0.0000	0.0000	4
LOC101130023	ZNF808	DN_NC_073244.2_64500861_5	DN_NC_073244.2_64618758_7	truthbar	0	5	7	5	multi	0	0.2383	0.5451	0.2000	0.2857	0.2000	4
LOC101130023	ZNF813	DN_NC_073244.2_64618758_7	DN_NC_073244.2_65398487_4	truthbar	0	7	4	4	multi	0	0.1797	0.3106	0.1429	0.2500	0.1429	4
LOC101130023	ZNF83	DN_NC_073244.2_64585864_4	DN_NC_073244.2_64618758_7	truthbar	0	4	7	4	multi	0	0.3621	0.0000	0.0000	0.0000	0.0000	4
LOC101130023	ZNF836	DN_NC_073244.2_64125568_5	DN_NC_073244.2_64618758_7	truthbar	0	5	7	5	multi	0	0.1309	0.0000	0.0000	0.0000	0.0000	4
LOC101130023	ZNF841	DN_NC_073244.2_64034715_7	DN_NC_073244.2_64618758_7	truthbar	0	7	7	7	multi	0	0.2947	0.0000	0.0000	0.0000	0.0000	4
LOC101130023	ZNF888	DN_NC_073244.2_64618758_7	DN_NC_073244.2_64860608_4	truthbar	0	7	4	4	multi	0	0.1848	0.7658	0.2857	0.2500	0.2500	4
LOC101130137	LOC101151317	DN_NC_073244.2_48030811_4	DN_NC_073244.2_48980018_5	genuine	0	4	5	4	multi	0	0.3653	0.0000	0.0000	0.0000	0.0000	0
LOC101130137	LOC109024207	DN_NC_073244.2_48980018_5	DN_NC_073244.2_49176797_4	genuine	0	5	4	4	multi	0	0.2409	0.0000	0.0000	0.0000	0.0000	0
LOC101130137	LOC109027078	DN_NC_073228.2_182909765_5	DN_NC_073244.2_48980018_5	truthbar	0	5	5	5	multi	0	0.3538	0.0000	0.0000	0.0000	0.0000	0
LOC101130137	ZFP28	DN_NC_073244.2_48980018_5	DN_NC_073244.2_68643423_8	truthbar	0	5	8	5	multi	0	0.1509	0.0000	0.0000	0.0000	0.0000	0
LOC101130137	ZFP3	DN_NC_073243.2_20204464_2	DN_NC_073244.2_48980018_5	truthbar	0	2	5	2	multi	0	0.3008	0.0000	0.0000	0.0000	0.0000	0
LOC101130137	ZFP82	DN_NC_073244.2_47586219_5	DN_NC_073244.2_48980018_5	truthbar	0	5	5	5	multi	0	0.2864	0.0000	0.0000	0.0000	0.0000	0
LOC101130137	ZNF184	DN_NC_073229.2_45067329_6	DN_NC_073244.2_48980018_5	truthbar	0	6	5	5	multi	0	0.2484	0.0000	0.0000	0.0000	0.0000	0
LOC101130137	ZNF30	DN_NC_073244.2_45985550_6	DN_NC_073244.2_48980018_5	truthbar	0	6	5	5	multi	0	0.3153	0.0000	0.0000	0.0000	0.0000	0
LOC101130137	ZNF420	DN_NC_073244.2_48242798_5	DN_NC_073244.2_48980018_5	truthbar	0	5	5	5	multi	0	0.3978	0.0000	0.0000	0.0000	0.0000	0
LOC101130137	ZNF461	DN_NC_073244.2_47831779_6	DN_NC_073244.2_48980018_5	truthbar	0	6	5	5	multi	0	0.3798	0.0000	0.0000	0.0000	0.0000	0
LOC101130137	ZNF471	DN_NC_073244.2_48980018_5	DN_NC_073244.2_68611978_5	truthbar	0	5	5	5	multi	0	0.2324	0.0000	0.0000	0.0000	0.0000	0
LOC101130137	ZNF529	DN_NC_073244.2_47739503_5	DN_NC_073244.2_48980018_5	truthbar	0	5	5	5	multi	0	0.3878	0.0000	0.0000	0.0000	0.0000	0
LOC101130137	ZNF540	DN_NC_073244.2_48980018_5	DN_NC_073244.2_49101177_5	truthbar	0	5	5	5	multi	0	0.1544	0.0000	0.0000	0.0000	0.0000	0
LOC101130137	ZNF546	DN_NC_073244.2_48980018_5	DN_NC_073244.2_51749194_6	truthbar	0	5	6	5	multi	0	0.1594	0.0000	0.0000	0.0000	0.0000	0
LOC101130137	ZNF571	DN_NC_073244.2_48980018_5	DN_NC_073244.2_49072464_4	truthbar	0	5	4	4	multi	0	0.1584	0.0000	0.0000	0.0000	0.0000	0
LOC101130137	ZNF582	DN_NC_073244.2_48980018_5	DN_NC_073244.2_68491976_5	truthbar	0	5	5	5	multi	0	0.3288	0.0000	0.0000	0.0000	0.0000	0
LOC101130137	ZNF583	DN_NC_073244.2_48980018_5	DN_NC_073244.2_68513423_5	truthbar	0	5	5	5	multi	0	0.4358	0.3583	0.0000	0.0000	0.0000	0
LOC101130137	ZNF607	DN_NC_073244.2_48980018_5	DN_NC_073244.2_49205215_5	truthbar	0	5	5	5	multi	0	0.1444	0.0000	0.0000	0.0000	0.0000	0
LOC101130137	ZNF665	DN_NC_073244.2_48980018_5	DN_NC_073244.2_65102393_4	truthbar	0	5	4	4	multi	0	0.4858	0.0000	0.0000	0.0000	0.0000	0
LOC101130137	ZNF891	DN_NC_073234.2_148620174_2	DN_NC_073244.2_48980018_5	truthbar	0	2	5	2	multi	0	0.2169	0.0000	0.0000	0.0000	0.0000	0
LOC101130401	LOC101137734	DN_NC_073238.2_30171533_2	DN_NC_073246.2_32689693_4	genuine	0	2	4	2	multi	0	0.1794	0.2367	0.0000	0.0000	0.0000	1
LOC101130401	LOC101146595	DN_NC_073239.2_34910171_2	DN_NC_073246.2_32689693_4	genuine	0	2	4	2	multi	0	0.1369	0.0000	0.0000	0.0000	0.0000	1
LOC101130401	LOC129527528	DN_NC_073242.2_7013229_2	DN_NC_073246.2_32689693_4	genuine	0	2	4	2	multi	0	0.2487	0.3747	0.0000	0.0000	0.0000	1
LOC101130401	LOC134756955	DN_NC_073238.2_33197456_2	DN_NC_073246.2_32689693_4	genuine	0	2	4	2	multi	0	0.2149	0.2365	0.0000	0.0000	0.0000	1
LOC101130426	LOC101137042	DN_NC_073224.2_150567709_6	DN_NC_073224.2_150903711_11	genuine	0	6	11	6	multi	0	0.2895	0.7296	0.3333	0.1818	0.1818	3
LOC101130507	LOC101130877	DN_NC_073244.2_17960497_4	DN_NC_073244.2_17994654_4	truthbar	0	4	4	4	multi	0	0.1925	0.7267	1.0000	0.7500	0.7500	4
LOC101130507	LOC101133657	DN_NC_073244.2_17960497_4	DN_NC_073244.2_18385030_4	truthbar	0	4	4	4	multi	0	0.2946	0.0000	0.0000	0.0000	0.0000	4
LOC101130507	LOC101148180	DN_NC_073244.2_17960497_4	DN_NC_073244.2_8619131_4	truthbar	0	4	4	4	multi	0	0.2231	0.0000	0.0000	0.0000	0.0000	4
LOC101130507	LOC101153725	DN_NC_073244.2_17678736_4	DN_NC_073244.2_17960497_4	truthbar	0	4	4	4	multi	0	0.1952	0.0000	0.0000	0.0000	0.0000	4
LOC101130507	LOC101154200	DN_NC_073244.2_17960497_4	DN_NC_073244.2_18307855_4	truthbar	0	4	4	4	multi	0	0.3197	0.0000	0.0000	0.0000	0.0000	4
LOC101130507	LOC109024269	DN_NC_073244.2_17960497_4	DN_NC_073244.2_18045307_2	genuine	0	4	2	2	multi	0	0.2107	0.0000	0.0000	0.0000	0.0000	4
LOC101130507	LOC109025073	DN_NC_073244.2_17960497_4	DN_NC_073244.2_18096775_3	truthbar	0	4	3	3	multi	0	0.1819	0.3148	0.0000	0.0000	0.0000	4
LOC101130507	ZNF124	DN_NC_073224.2_8261601_4	DN_NC_073244.2_17960497_4	truthbar	0	4	4	4	multi	0	0.1346	0.0000	0.0000	0.0000	0.0000	4
LOC101130507	ZNF136	DN_NC_073244.2_17960497_4	DN_NC_073244.2_18201516_4	truthbar	0	4	4	4	multi	0	0.1385	0.0000	0.0000	0.0000	0.0000	4
LOC101130507	ZNF14	DN_NC_073244.2_17960497_4	DN_NC_073244.2_26156853_4	truthbar	0	4	4	4	multi	0	0.2609	0.0000	0.0000	0.0000	0.0000	4
LOC101130507	ZNF426	DN_NC_073244.2_15569240_8	DN_NC_073244.2_17960497_4	truthbar	0	8	4	4	multi	0	0.1382	0.0000	0.0000	0.0000	0.0000	4
LOC101130507	ZNF433	DN_NC_073244.2_17960497_4	DN_NC_073244.2_18047026_4	truthbar	0	4	4	4	multi	0	0.2073	0.0000	0.0000	0.0000	0.0000	4
LOC101130507	ZNF440	DN_NC_073244.2_17846610_4	DN_NC_073244.2_17960497_4	truthbar	0	4	4	4	multi	0	0.2571	1.0320	0.7500	0.7500	0.7500	4
LOC101130507	ZNF443	DN_NC_073244.2_17960497_4	DN_NC_073244.2_18470484_4	truthbar	0	4	4	4	multi	0	0.1777	0.0000	0.0000	0.0000	0.0000	4
LOC101130507	ZNF490	DN_NC_073244.2_17960497_4	DN_NC_073244.2_18614963_5	truthbar	0	4	5	4	multi	0	0.1674	0.0000	0.0000	0.0000	0.0000	4
LOC101130507	ZNF563	DN_NC_073244.2_17960497_4	DN_NC_073244.2_18356684_4	truthbar	0	4	4	4	multi	0	0.3268	0.0000	0.0000	0.0000	0.0000	4
LOC101130507	ZNF564	DN_NC_073244.2_17960497_4	DN_NC_073244.2_18564507_4	truthbar	0	4	4	4	multi	0	0.2111	0.0000	0.0000	0.0000	0.0000	4
LOC101130507	ZNF627	DN_NC_073244.2_17635782_4	DN_NC_073244.2_17960497_4	truthbar	0	4	4	4	multi	0	0.3108	0.0000	0.0000	0.0000	0.0000	4
LOC101130507	ZNF669	DN_NC_073224.2_8329397_4	DN_NC_073244.2_17960497_4	truthbar	0	4	4	4	multi	0	0.1698	0.0000	0.0000	0.0000	0.0000	4
LOC101130507	ZNF77	DN_NC_073244.2_17960497_4	DN_NC_073244.2_8711681_4	truthbar	0	4	4	4	multi	0	0.2835	0.0000	0.0000	0.0000	0.0000	4
LOC101130507	ZNF799	DN_NC_073244.2_17960497_4	DN_NC_073244.2_18426035_4	truthbar	0	4	4	4	multi	0	0.2351	0.0000	0.0000	0.0000	0.0000	4
LOC101130507	ZNF823	DN_NC_073244.2_17751584_2	DN_NC_073244.2_17960497_4	truthbar	0	2	4	2	multi	0	0.2084	0.0000	0.0000	0.0000	0.0000	4
LOC101130542	TCEAL2	DN_NC_073247.2_113908222_3	DN_NC_073247.2_115394224_3	truthbar	0	3	3	3	multi	0	0.1632	0.2624	0.6667	0.6667	0.6667	0
LOC101130542	TCEAL5	DN_NC_073247.2_115050911_3	DN_NC_073247.2_115394224_3	TP	1	3	3	3	multi	0	0.2431	0.2299	0.0000	0.0000	0.0000	0
LOC101130542	TCEAL6	DN_NC_073247.2_113922705_3	DN_NC_073247.2_115394224_3	TP	1	3	3	3	multi	0	0.4757	0.8272	1.0000	0.6667	0.6667	0
LOC101130677	ZFP37	DN_NC_073232.2_80964961_8	DN_NC_073237.2_109279481_4	truthbar	0	8	4	4	multi	0	0.2319	0.0000	0.0000	0.0000	0.0000	0
LOC101130677	ZNF157	DN_NC_073232.2_80964961_8	DN_NC_073247.2_57761829_5	truthbar	0	8	5	5	multi	0	0.1515	0.0000	0.0000	0.0000	0.0000	0
LOC101130677	ZNF180	DN_NC_073232.2_80964961_8	DN_NC_073244.2_55989141_5	truthbar	0	8	5	5	multi	0	0.1646	0.0000	0.0000	0.0000	0.0000	0
LOC101130677	ZNF334	DN_NC_073232.2_80964961_8	DN_NC_073245.2_58728682_5	truthbar	0	8	5	5	multi	0	0.2229	0.0000	0.0000	0.0000	0.0000	0
LOC101130677	ZNF33B	DN_NC_073232.2_72820474_5	DN_NC_073232.2_80964961_8	truthbar	0	5	8	5	multi	0	0.2055	0.0000	0.0000	0.0000	0.0000	0
LOC101130677	ZNF354A	DN_NC_073228.2_182334642_5	DN_NC_073232.2_80964961_8	truthbar	0	5	8	5	multi	0	0.1862	0.0000	0.0000	0.0000	0.0000	0
LOC101130677	ZNF382	DN_NC_073232.2_80964961_8	DN_NC_073244.2_47798559_5	truthbar	0	8	5	5	multi	0	0.2256	0.0000	0.0000	0.0000	0.0000	0
LOC101130677	ZNF41	DN_NC_073232.2_80964961_8	DN_NC_073247.2_57840463_5	truthbar	0	8	5	5	multi	0	0.2023	0.0000	0.0000	0.0000	0.0000	0
LOC101130677	ZNF487	DN_NC_073232.2_71973207_3	DN_NC_073232.2_80964961_8	genuine	0	3	8	3	multi	0	0.1398	0.0000	0.0000	0.0000	0.0000	0
LOC101130677	ZNF527	DN_NC_073232.2_80964961_8	DN_NC_073244.2_48620420_5	truthbar	0	8	5	5	multi	0	0.1327	0.0000	0.0000	0.0000	0.0000	0
LOC101130677	ZNF567	DN_NC_073232.2_80964961_8	DN_NC_073244.2_47878793_6	truthbar	0	8	6	6	multi	0	0.1454	0.0000	0.0000	0.0000	0.0000	0
LOC101130677	ZNF624	DN_NC_073228.2_83513581_6	DN_NC_073232.2_80964961_8	truthbar	0	6	8	6	multi	0	0.1437	0.0000	0.0000	0.0000	0.0000	0
LOC101130677	ZNF674	DN_NC_073232.2_80964961_8	DN_NC_073247.2_56899135_7	truthbar	0	8	7	7	multi	0	0.1602	0.0000	0.0000	0.0000	0.0000	0
LOC101130677	ZNF717	DN_NC_073232.2_80964961_8	DN_NC_086017.1_85766278_5	truthbar	0	8	5	5	multi	0	0.2126	0.0000	0.0000	0.0000	0.0000	0
LOC101130677	ZNF782	DN_NC_073232.2_80964961_8	DN_NC_073237.2_93275727_4	truthbar	0	8	4	4	multi	0	0.2335	0.0000	0.0000	0.0000	0.0000	0
LOC101130677	ZNF84	DN_NC_073232.2_80964961_8	DN_NC_073234.2_148537990_5	truthbar	0	8	5	5	multi	0	0.1901	0.0000	0.0000	0.0000	0.0000	0
LOC101130677	ZNF883	DN_NC_073232.2_80964961_8	DN_NC_073237.2_109230975_4	truthbar	0	8	4	4	multi	0	0.2331	0.0000	0.0000	0.0000	0.0000	0
LOC101130728	LOC129523520	DN_NC_073224.2_19027212_8	DN_NC_073224.2_19135994_8	TP	1	8	8	8	multi	0	0.9993	0.9993	1.0000	1.0000	1.0000	4
LOC101130728	LOC129529226	DN_NC_073224.2_15670210_25	DN_NC_073224.2_19135994_8	genuine	0	25	8	8	multi	0	0.4932	0.4952	0.2400	0.7500	0.2400	4
LOC101130728	LOC129531982	DN_NC_073224.2_19135994_8	DN_NC_073224.2_29070818_24	genuine	0	8	24	8	multi	0	0.6260	0.6267	0.8750	0.2917	0.2917	4
LOC101130728	LOC134756437	DN_NC_073224.2_19135994_8	DN_NC_073224.2_19235747_8	TP	1	8	8	8	multi	0	1.0000	1.0000	1.0000	1.0000	1.0000	4
LOC101130728	LOC134758712	DN_NC_073224.2_15783681_8	DN_NC_073224.2_19135994_8	TP	1	8	8	8	multi	0	1.0000	1.0000	1.0000	1.0000	1.0000	4
LOC101130728	LOC134758754	DN_NC_073224.2_19135994_8	DN_NC_073224.2_19344252_8	TP	1	8	8	8	multi	0	1.0000	1.0000	1.0000	1.0000	1.0000	4
LOC101130783	TCAF1	DN_NC_073230.2_152836468_8	DN_NC_073230.2_152880918_9	truthbar	0	8	9	8	multi	0	0.2062	0.0000	0.0000	0.0000	0.0000	3
LOC101130854	LOC115932779	DN_NC_073242.2_15911262_31	DN_NC_073242.2_29051840_13	genuine	0	31	13	13	multi	0	0.6351	0.6580	0.3871	0.8462	0.3871	0
LOC101130854	LOC115932992	DN_NC_073242.2_15911262_31	DN_NC_073242.2_16378095_15	TP	1	31	15	15	multi	0	0.2915	0.6031	0.3871	0.9333	0.3871	0
LOC101130877	LOC101153725	DN_NC_073244.2_17678736_4	DN_NC_073244.2_17994654_4	truthbar	0	4	4	4	multi	0	0.1410	0.0000	0.0000	0.0000	0.0000	4
LOC101130877	LOC101153837	DN_NC_073244.2_17994654_4	DN_NC_073244.2_18232282_4	truthbar	0	4	4	4	multi	0	0.1324	0.0000	0.0000	0.0000	0.0000	4
LOC101130877	LOC101154200	DN_NC_073244.2_17994654_4	DN_NC_073244.2_18307855_4	truthbar	0	4	4	4	multi	0	0.1577	0.0000	0.0000	0.0000	0.0000	4
LOC101130877	LOC109025073	DN_NC_073244.2_17994654_4	DN_NC_073244.2_18096775_3	genuine	0	4	3	3	multi	0	0.2350	0.4406	0.0000	0.0000	0.0000	4
LOC101130877	ZNF136	DN_NC_073244.2_17994654_4	DN_NC_073244.2_18201516_4	truthbar	0	4	4	4	multi	0	0.1664	0.0000	0.0000	0.0000	0.0000	4
LOC101130877	ZNF433	DN_NC_073244.2_17994654_4	DN_NC_073244.2_18047026_4	genuine	0	4	4	4	multi	0	0.1846	0.6162	0.0000	0.2500	0.0000	4
LOC101130877	ZNF440	DN_NC_073244.2_17846610_4	DN_NC_073244.2_17994654_4	truthbar	0	4	4	4	multi	0	0.2669	0.7199	0.7500	0.5000	0.5000	4
LOC101130877	ZNF443	DN_NC_073244.2_17994654_4	DN_NC_073244.2_18470484_4	truthbar	0	4	4	4	multi	0	0.2032	0.0000	0.0000	0.0000	0.0000	4
LOC101130877	ZNF563	DN_NC_073244.2_17994654_4	DN_NC_073244.2_18356684_4	truthbar	0	4	4	4	multi	0	0.1944	0.0000	0.0000	0.0000	0.0000	4
LOC101130877	ZNF77	DN_NC_073244.2_17994654_4	DN_NC_073244.2_8711681_4	truthbar	0	4	4	4	multi	0	0.1442	0.0000	0.0000	0.0000	0.0000	4
LOC101130877	ZNF823	DN_NC_073244.2_17751584_2	DN_NC_073244.2_17994654_4	truthbar	0	2	4	2	multi	0	0.2738	0.0000	0.0000	0.0000	0.0000	4
LOC101130894	LOC115933167	DN_NC_073230.2_51812102_9	DN_NC_073230.2_86213678_7	TP	1	9	7	7	multi	0	0.5193	0.5428	0.7778	0.8571	0.7778	2
LOC101130894	LOC129523494	DN_NC_073230.2_112158616_4	DN_NC_073230.2_86213678_7	TP	1	4	7	4	multi	0	0.1408	0.1684	0.7500	0.4286	0.4286	2
LOC101130894	LOC129534750	DN_NC_073230.2_86128587_5	DN_NC_073230.2_86213678_7	genuine	0	5	7	5	multi	0	0.4554	0.4572	0.8000	0.5714	0.5714	2
LOC101131060	MMP19	DN_NC_073234.2_45519337_9	DN_NC_073234.2_45523055_3	genuine	0	9	3	3	multi	0	0.5901	0.6851	0.2222	0.3333	0.2222	3
LOC101131274	LOC101135585	DN_NC_073224.2_130335848_23	DN_NC_073224.2_218361248_19	truthbar	0	23	19	19	multi	0	0.2067	0.6189	0.7391	0.8947	0.7391	1
LOC101131274	LOC109029488	DN_NC_073224.2_124234032_12	DN_NC_073224.2_218361248_19	truthbar	0	12	19	12	multi	0	0.1768	0.1813	0.4167	0.5263	0.4167	1
LOC101131274	LOC115930164	DN_NC_073224.2_218361248_19	DN_NC_073224.2_223156764_8	TP	1	19	8	8	multi	0	0.9202	0.9468	0.3684	0.8750	0.3684	1
LOC101131274	LOC115930576	DN_NC_073224.2_218361248_19	DN_NC_073224.2_218434129_23	TP	1	19	23	19	multi	0	0.8486	0.8902	0.9474	0.7826	0.7826	1
LOC101131274	LOC115932735	DN_NC_073224.2_124254598_20	DN_NC_073224.2_218361248_19	truthbar	0	20	19	19	multi	0	0.1564	0.1671	0.2000	0.4211	0.2000	1
LOC101131274	LOC115932984	DN_NC_073224.2_130224824_25	DN_NC_073224.2_218361248_19	TP	1	25	19	19	multi	0	0.1952	0.5846	0.8800	0.8947	0.8800	1
LOC101131274	LOC115933235	DN_NC_073224.2_129429039_7	DN_NC_073224.2_218361248_19	TP	1	7	19	7	multi	0	0.4724	0.9123	0.7143	0.2632	0.2632	1
LOC101131274	LOC115933241	DN_NC_073224.2_115073393_19	DN_NC_073224.2_218361248_19	genuine	0	19	19	19	multi	0	0.1967	0.8191	0.7895	0.9474	0.7895	1
LOC101131274	LOC129525330	DN_NC_073224.2_125594338_29	DN_NC_073224.2_218361248_19	TP	1	29	19	19	multi	0	0.1937	0.5802	0.9310	0.8947	0.8947	1
LOC101131274	LOC129525331	DN_NC_073224.2_125055626_35	DN_NC_073224.2_218361248_19	TP	1	35	19	19	multi	0	0.1709	0.5360	0.8857	0.8421	0.8421	1
LOC101131274	LOC129525599	DN_NC_073224.2_116807774_25	DN_NC_073224.2_218361248_19	truthbar	0	25	19	19	multi	0	0.2546	0.7752	0.7200	0.8421	0.7200	1
LOC101131274	LOC134756861	DN_NC_073224.2_117494263_25	DN_NC_073224.2_218361248_19	truthbar	0	25	19	19	multi	0	0.2552	0.7406	0.6800	0.8947	0.6800	1
LOC101131397	LOC101137280	DN_NC_073232.2_135159346_4	DN_NC_073232.2_135204586_6	genuine	0	4	6	4	multi	0	0.1363	0.1348	0.0000	0.1667	0.0000	1
LOC101131416	LOC115930154	DN_NC_073235.2_31672555_8	DN_NC_073235.2_32750477_8	TP	1	8	8	8	multi	0	0.7710	1.0110	1.0000	1.0000	1.0000	0
LOC101131460	THOC3	DN_NC_073228.2_179795915_6	DN_NC_073228.2_182778476_6	TP	1	6	6	6	multi	0	1.0000	1.0000	1.0000	0.8333	0.8333	2
LOC101131561	LOC134757427	DN_NC_073242.2_15607160_18	DN_NC_073242.2_28689005_18	genuine	0	18	18	18	multi	0	0.3331	0.9448	0.9444	0.9444	0.9444	4
LOC101131674	TUBB	DN_NC_073229.2_48413863_4	DN_NC_073242.2_120516047_4	truthbar	0	4	4	4	multi	0	0.7217	0.0000	0.0000	0.0000	0.0000	4
LOC101131674	TUBB2A	DN_NC_073229.2_20766733_4	DN_NC_073242.2_120516047_4	TP	1	4	4	4	multi	0	0.7718	0.7565	0.7500	0.7500	0.7500	4
LOC101131674	TUBB4A	DN_NC_073242.2_120516047_4	DN_NC_073244.2_12296250_4	TP	1	4	4	4	multi	0	0.7011	0.7027	0.7500	0.7500	0.7500	4
LOC101131674	TUBB4B	DN_NC_073237.2_133664160_4	DN_NC_073242.2_120516047_4	truthbar	0	4	4	4	multi	0	0.7245	0.5495	0.2500	0.2500	0.2500	4
LOC101131674	TUBB8	DN_NC_073232.2_8975313_3	DN_NC_073242.2_120516047_4	truthbar	0	3	4	3	multi	0	0.6475	0.0000	0.0000	0.0000	0.0000	4
LOC101131689	LOC101136640	DN_NC_073244.2_55565140_5	DN_NC_073244.2_55678004_6	truthbar	0	5	6	5	multi	0	0.1896	0.0000	0.0000	0.0000	0.0000	4
LOC101131689	LOC109024259	DN_NC_073244.2_55618657_2	DN_NC_073244.2_55678004_6	genuine	0	2	6	2	multi	0	0.2155	0.0000	0.0000	0.0000	0.0000	4
LOC101131689	ZNF112	DN_NC_073244.2_55678004_6	DN_NC_073244.2_55835875_4	truthbar	0	6	4	4	multi	0	0.2646	0.0000	0.0000	0.0000	0.0000	4
LOC101131689	ZNF214	DN_NC_073233.2_13339812_3	DN_NC_073244.2_55678004_6	truthbar	0	4	6	4	multi	0	0.1483	0.0000	0.0000	0.0000	0.0000	4
LOC101131689	ZNF221	DN_NC_073244.2_55464824_5	DN_NC_073244.2_55678004_6	truthbar	0	5	6	5	multi	0	0.1726	0.0000	0.0000	0.0000	0.0000	4
LOC101131689	ZNF222	DN_NC_073244.2_55538420_4	DN_NC_073244.2_55678004_6	truthbar	0	4	6	4	multi	0	0.2641	0.0000	0.0000	0.0000	0.0000	4
LOC101131689	ZNF224	DN_NC_073244.2_55607411_6	DN_NC_073244.2_55678004_6	truthbar	0	6	6	6	multi	0	0.2609	0.0000	0.0000	0.0000	0.0000	4
LOC101131689	ZNF229	DN_NC_073244.2_55678004_6	DN_NC_073244.2_55940471_6	truthbar	0	6	6	6	multi	0	0.1872	0.0000	0.0000	0.0000	0.0000	4
LOC101131689	ZNF233	DN_NC_073244.2_55678004_6	DN_NC_073244.2_55771764_5	truthbar	0	6	5	5	multi	0	0.1368	0.0000	0.0000	0.0000	0.0000	4
LOC101131689	ZNF234	DN_NC_073244.2_55654796_6	DN_NC_073244.2_55678004_6	truthbar	0	6	6	6	multi	0	0.3392	0.3636	0.0000	0.0000	0.0000	4
LOC101131689	ZNF235	DN_NC_073244.2_55678004_6	DN_NC_073244.2_55797441_5	truthbar	0	6	5	5	multi	0	0.1976	0.0000	0.0000	0.0000	0.0000	4
LOC101131689	ZNF239	DN_NC_073232.2_71881634_2	DN_NC_073244.2_55678004_6	genuine	0	2	6	2	multi	0	0.2524	0.0000	0.0000	0.0000	0.0000	4
LOC101131689	ZNF284	DN_NC_073244.2_55585242_5	DN_NC_073244.2_55678004_6	truthbar	0	5	6	5	multi	0	0.1322	0.0000	0.0000	0.0000	0.0000	4
LOC101131689	ZNF45	DN_NC_073244.2_55426973_9	DN_NC_073244.2_55678004_6	truthbar	0	9	6	6	multi	0	0.2519	0.0000	0.0000	0.0000	0.0000	4
LOC101131736	OLFM2	DN_NC_073237.2_131478659_6	DN_NC_073244.2_15891037_6	truthbar	0	6	6	6	multi	0	0.4115	0.0000	0.0000	0.0000	0.0000	1
LOC101131768	LOC101136692	DN_NC_073236.2_46653509_10	DN_NC_073236.2_52824428_4	truthbar	0	10	4	4	multi	0	0.4684	0.4680	0.0000	0.2500	0.0000	3
LOC101131768	LOC109025447	DN_NC_073236.2_47712811_9	DN_NC_073236.2_52824428_4	TP	1	9	4	4	multi	0	0.4680	0.4680	0.1111	0.2500	0.1111	3
LOC101131768	LOC129531666	DN_NC_073236.2_51202468_4	DN_NC_073236.2_52824428_4	TP	1	4	4	4	multi	0	0.7321	0.9993	1.0000	1.0000	1.0000	3
LOC101131768	LOC129531667	DN_NC_073236.2_51437835_4	DN_NC_073236.2_52824428_4	TP	1	4	4	4	multi	0	1.0000	1.0000	1.0000	1.0000	1.0000	3
LOC101131768	RGPD8	DN_NC_073236.2_49989275_2	DN_NC_073236.2_52824428_4	TP	1	2	4	2	multi	0	0.4873	1.0397	1.0000	1.0000	1.0000	3
LOC101131844	NSUN5	DN_NC_073230.2_82396764_10	DN_NC_073230.2_84201987_11	truthbar	0	10	11	10	multi	0	0.4213	1.0146	1.0000	1.0000	1.0000	1
LOC101131852	LOC129528486	DN_NC_073231.2_4571400_3	DN_NC_073244.2_6036407_2	genuine	0	3	2	2	multi	0	0.2029	0.9314	0.0000	0.5000	0.0000	1
LOC101131852	RPL23A	DN_NC_073228.2_64369461_5	DN_NC_073231.2_4571400_3	genuine	0	5	3	3	multi	0	0.1486	0.3695	0.6000	0.0000	0.0000	1
LOC101131923	LOC101142371	DN_NC_073242.2_21650759_11	DN_NC_073242.2_31545375_14	genuine	0	11	14	11	multi	0	0.3100	0.2896	0.3636	0.2857	0.2857	1
LOC101131923	RRN3	DN_NC_073242.2_21650759_11	DN_NC_073242.2_29556580_18	genuine	0	11	18	11	multi	0	0.3308	0.3323	0.4545	0.2778	0.2778	1
LOC101132303	LOC115935014	DN_NC_073229.2_50085643_6	DN_NC_073229.2_50300098_6	TP	1	6	6	6	multi	0	0.4727	0.6563	0.8333	0.8333	0.8333	1
LOC101132313	SBDS	DN_NC_073230.2_76179541_5	DN_NC_073230.2_82279960_5	genuine	0	5	5	5	multi	0	0.4180	1.0070	0.8000	1.0000	0.8000	3
LOC101132325	LOC101148457	DN_NC_073247.2_51197700_2	DN_NC_086018.1_19844955_6	genuine	0	2	9	2	multi	0	0.1692	0.2756	0.5000	0.1111	0.1111	0
LOC101132325	MKRN1	DN_NC_073230.2_149564614_8	DN_NC_073247.2_51197700_2	TP	1	8	2	2	multi	0	0.4492	0.4466	0.7500	0.5000	0.5000	0
LOC101132434	LOC101135843	DN_NC_086018.1_18646417_6	DN_NC_086018.1_22406144_7	TP	1	6	7	6	multi	0	0.8537	0.8492	0.6667	0.5714	0.5714	0
LOC101132434	LOC115932815	DN_NC_086018.1_18646417_6	DN_NC_086018.1_22166696_9	TP	1	6	7	6	multi	0	0.7263	0.8479	0.6667	0.5714	0.5714	0
LOC101132445	LOC129529771	DN_NC_073247.2_59744368_5	DN_NC_073247.2_59753367_5	TP	1	5	5	5	multi	0	0.9963	1.0000	1.0000	0.8000	0.8000	0
LOC101132445	LOC129529775	DN_NC_073247.2_59753367_5	DN_NC_073247.2_59782481_5	TP	1	5	5	5	multi	0	1.0000	1.0000	0.8000	1.0000	0.8000	0
LOC101132445	PAGE1	DN_NC_073247.2_59753367_5	DN_NC_073247.2_59878462_6	truthbar	0	5	6	5	multi	0	0.3645	0.0000	0.0000	0.0000	0.0000	0
LOC101132881	LOC101148191	DN_NC_073230.2_28044538_2	DN_NC_073239.2_98531685_2	genuine	0	2	2	2	multi	0	0.1861	0.0000	0.0000	0.0000	0.0000	2
LOC101132881	LOC109023808	DN_NC_073239.2_98531685_2	DN_NC_073243.2_97368870_3	genuine	0	2	3	2	multi	0	0.2358	0.5476	0.5000	0.3333	0.3333	2
LOC101132881	LOC115930530	DN_NC_073239.2_98531685_2	DN_NC_073239.2_98531712_3	genuine	0	2	3	2	multi	0	0.2317	0.2317	0.5000	0.3333	0.3333	2
LOC101133052	LOC101141025	DN_NC_073229.2_50380193_5	DN_NC_073229.2_50795834_6	truthbar	0	5	6	5	multi	0	0.3603	0.0000	0.0000	0.0000	0.0000	1
LOC101133052	LOC115935014	DN_NC_073229.2_50300098_6	DN_NC_073229.2_50380193_5	truthbar	0	6	5	5	multi	0	0.4002	0.0000	0.0000	0.0000	0.0000	1
LOC101133249	LOC109024404	DN_NC_073227.2_16860393_3	DN_NC_073245.2_28784637_3	genuine	0	3	3	3	multi	0	0.1547	0.6709	0.3333	0.3333	0.3333	1
LOC101133249	LOC109026441	DN_NC_073227.2_16860393_3	DN_NC_073227.2_21866694_4	genuine	0	3	4	3	multi	0	0.1489	0.0000	0.0000	0.0000	0.0000	1
LOC101133249	MCFD2	DN_NC_073227.2_16860393_3	DN_NC_073236.2_92822528_4	genuine	0	3	4	3	multi	0	0.1485	0.7510	0.3333	0.0000	0.0000	1
LOC101133440	LOC101137806	DN_NC_073231.2_11581641_7	DN_NC_086017.1_136773097_2	genuine	0	7	2	2	multi	0	0.2510	0.7648	0.2857	0.5000	0.2857	0
LOC101133440	LOC101139163	DN_NC_073231.2_11581641_7	DN_NC_086017.1_141278779_5	TP	1	7	5	5	multi	0	0.4484	0.7415	0.2857	0.4000	0.2857	0
LOC101133440	LOC101152938	DN_NC_073231.2_11581641_7	DN_NC_073233.2_75718276_6	truthbar	0	7	6	6	multi	0	0.3099	0.9446	0.7143	0.8333	0.7143	0
LOC101133440	LOC115934341	DN_NC_073231.2_11581641_7	DN_NC_086017.1_85330170_7	TP	1	7	7	7	multi	0	0.4945	1.0466	1.0000	1.0000	1.0000	0
LOC101133546	LOC101142646	DN_NC_073244.2_27869273_3	DN_NC_073244.2_65326089_4	truthbar	0	3	4	3	multi	0	0.1355	0.0000	0.0000	0.0000	0.0000	4
LOC101133546	LOC101144471	DN_NC_073244.2_64306022_6	DN_NC_073244.2_65326089_4	truthbar	0	6	4	4	multi	0	0.1380	0.0000	0.0000	0.0000	0.0000	4
LOC101133546	LOC101144838	DN_NC_073244.2_28256975_5	DN_NC_073244.2_65326089_4	truthbar	0	5	4	4	multi	0	0.1384	0.0000	0.0000	0.0000	0.0000	4
LOC101133546	LOC101146634	DN_NC_073244.2_28711447_2	DN_NC_073244.2_65326089_4	truthbar	0	2	4	2	multi	0	0.1400	0.0000	0.0000	0.0000	0.0000	4
LOC101133546	LOC101150965	DN_NC_073244.2_64400145_5	DN_NC_073244.2_65326089_4	genuine	0	5	4	4	multi	0	0.2038	0.0000	0.0000	0.0000	0.0000	4
LOC101133546	LOC101152401	DN_NC_073244.2_64836827_4	DN_NC_073244.2_65326089_4	truthbar	0	4	4	4	multi	0	0.2113	0.6957	0.0000	0.0000	0.0000	4
LOC101133546	LOC101153126	DN_NC_073244.2_29297022_4	DN_NC_073244.2_65326089_4	truthbar	0	4	4	4	multi	0	0.1967	0.0000	0.0000	0.0000	0.0000	4
LOC101133546	LOC101153131	DN_NC_073244.2_64908457_4	DN_NC_073244.2_65326089_4	truthbar	0	4	4	4	multi	0	0.2614	0.0000	0.0000	0.0000	0.0000	4
LOC101133546	LOC109024216	DN_NC_073244.2_65293743_4	DN_NC_073244.2_65326089_4	truthbar	0	4	4	4	multi	0	0.2427	0.9486	1.0000	1.0000	1.0000	4
LOC101133546	LOC115931654	DN_NC_073244.2_65266359_4	DN_NC_073244.2_65326089_4	truthbar	0	4	4	4	multi	0	0.2994	0.4475	1.0000	1.0000	1.0000	4
LOC101133546	LOC129527827	DN_NC_073242.2_66613619_4	DN_NC_073244.2_65326089_4	genuine	0	4	4	4	multi	0	0.1334	0.0000	0.0000	0.0000	0.0000	4
LOC101133546	ZNF254	DN_NC_073244.2_30438386_2	DN_NC_073244.2_65326089_4	truthbar	0	2	4	2	multi	0	0.1845	0.0000	0.0000	0.0000	0.0000	4
LOC101133546	ZNF28	DN_NC_073244.2_64759228_5	DN_NC_073244.2_65326089_4	truthbar	0	5	4	4	multi	0	0.1575	0.3520	0.8000	0.7500	0.7500	4
LOC101133546	ZNF415	DN_NC_073244.2_65046428_4	DN_NC_073244.2_65326089_4	truthbar	0	3	4	3	multi	0	0.1418	0.0000	0.0000	0.0000	0.0000	4
LOC101133546	ZNF429	DN_NC_073244.2_27956158_2	DN_NC_073244.2_65326089_4	truthbar	0	2	4	2	multi	0	0.1910	0.0000	0.0000	0.0000	0.0000	4
LOC101133546	ZNF468	DN_NC_073244.2_64797239_5	DN_NC_073244.2_65326089_4	truthbar	0	5	4	4	multi	0	0.1694	0.3306	0.8000	0.7500	0.7500	4
LOC101133546	ZNF480	DN_NC_073244.2_64265252_5	DN_NC_073244.2_65326089_4	truthbar	0	5	4	4	multi	0	0.1839	0.0000	0.0000	0.0000	0.0000	4
LOC101133546	ZNF506	DN_NC_073244.2_26240035_4	DN_NC_073244.2_65326089_4	truthbar	0	4	4	4	multi	0	0.1417	0.0000	0.0000	0.0000	0.0000	4
LOC101133546	ZNF578	DN_NC_073244.2_64426370_6	DN_NC_073244.2_65326089_4	truthbar	0	6	4	4	multi	0	0.2789	0.4132	0.0000	0.0000	0.0000	4
LOC101133546	ZNF600	DN_NC_073244.2_64724127_4	DN_NC_073244.2_65326089_4	truthbar	0	4	4	4	multi	0	0.2021	0.5242	0.0000	0.0000	0.0000	4
LOC101133546	ZNF611	DN_NC_073244.2_64672255_4	DN_NC_073244.2_65326089_4	truthbar	0	4	4	4	multi	0	0.2134	0.4650	0.2500	0.2500	0.2500	4
LOC101133546	ZNF681	DN_NC_073244.2_30067652_4	DN_NC_073244.2_65326089_4	truthbar	0	4	4	4	multi	0	0.1300	0.0000	0.0000	0.0000	0.0000	4
LOC101133546	ZNF682	DN_NC_073244.2_26470366_4	DN_NC_073244.2_65326089_4	truthbar	0	4	4	4	multi	0	0.1507	0.0000	0.0000	0.0000	0.0000	4
LOC101133546	ZNF695	DN_NC_073224.2_8422960_4	DN_NC_073244.2_65326089_4	truthbar	0	4	4	4	multi	0	0.1949	0.0000	0.0000	0.0000	0.0000	4
LOC101133546	ZNF701	DN_NC_073244.2_64543447_4	DN_NC_073244.2_65326089_4	truthbar	0	4	4	4	multi	0	0.2320	1.0154	0.0000	0.0000	0.0000	4
LOC101133546	ZNF761	DN_NC_073244.2_65326089_4	DN_NC_073244.2_65362909_5	truthbar	0	4	5	4	multi	0	0.1761	1.0848	0.7500	0.6000	0.6000	4
LOC101133546	ZNF808	DN_NC_073244.2_64500861_5	DN_NC_073244.2_65326089_4	truthbar	0	5	4	4	multi	0	0.3258	0.1892	0.2000	0.2500	0.2000	4
LOC101133546	ZNF813	DN_NC_073244.2_65326089_4	DN_NC_073244.2_65398487_4	TP	1	4	4	4	multi	0	0.2849	0.6130	0.7500	0.5000	0.5000	4
LOC101133546	ZNF83	DN_NC_073244.2_64585864_4	DN_NC_073244.2_65326089_4	truthbar	0	4	4	4	multi	0	0.1787	0.0000	0.0000	0.0000	0.0000	4
LOC101133546	ZNF888	DN_NC_073244.2_64860608_4	DN_NC_073244.2_65326089_4	truthbar	0	4	4	4	multi	0	0.3090	0.2913	0.7500	0.7500	0.7500	4
LOC101133657	LOC101153725	DN_NC_073244.2_17678736_4	DN_NC_073244.2_18385030_4	truthbar	0	4	4	4	multi	0	0.1716	0.0000	0.0000	0.0000	0.0000	4
LOC101133657	LOC101153837	DN_NC_073244.2_18232282_4	DN_NC_073244.2_18385030_4	truthbar	0	4	4	4	multi	0	0.1324	0.0000	0.0000	0.0000	0.0000	4
LOC101133657	LOC101154200	DN_NC_073244.2_18307855_4	DN_NC_073244.2_18385030_4	truthbar	0	4	4	4	multi	0	0.3554	0.3481	0.0000	0.0000	0.0000	4
LOC101133657	LOC109024269	DN_NC_073244.2_18045307_2	DN_NC_073244.2_18385030_4	genuine	0	2	4	2	multi	0	0.2645	0.0000	0.0000	0.0000	0.0000	4
LOC101133657	LOC109025073	DN_NC_073244.2_18096775_3	DN_NC_073244.2_18385030_4	truthbar	0	3	4	3	multi	0	0.1911	0.0000	0.0000	0.0000	0.0000	4
LOC101133657	ZNF136	DN_NC_073244.2_18201516_4	DN_NC_073244.2_18385030_4	truthbar	0	4	4	4	multi	0	0.2736	0.0000	0.0000	0.0000	0.0000	4
LOC101133657	ZNF433	DN_NC_073244.2_18047026_4	DN_NC_073244.2_18385030_4	truthbar	0	4	4	4	multi	0	0.2637	0.0000	0.0000	0.0000	0.0000	4
LOC101133657	ZNF440	DN_NC_073244.2_17846610_4	DN_NC_073244.2_18385030_4	truthbar	0	4	4	4	multi	0	0.2042	0.0000	0.0000	0.0000	0.0000	4
LOC101133657	ZNF443	DN_NC_073244.2_18385030_4	DN_NC_073244.2_18470484_4	truthbar	0	4	4	4	multi	0	0.3759	0.4934	0.0000	0.2500	0.0000	4
LOC101133657	ZNF563	DN_NC_073244.2_18356684_4	DN_NC_073244.2_18385030_4	truthbar	0	4	4	4	multi	0	0.3550	0.4937	0.2500	0.0000	0.0000	4
LOC101133657	ZNF564	DN_NC_073244.2_18385030_4	DN_NC_073244.2_18564507_4	truthbar	0	4	4	4	multi	0	0.1551	0.0000	0.0000	0.0000	0.0000	4
LOC101133657	ZNF627	DN_NC_073244.2_17635782_4	DN_NC_073244.2_18385030_4	truthbar	0	4	4	4	multi	0	0.1805	0.0000	0.0000	0.0000	0.0000	4
LOC101133657	ZNF669	DN_NC_073224.2_8329397_4	DN_NC_073244.2_18385030_4	truthbar	0	4	4	4	multi	0	0.1416	0.0000	0.0000	0.0000	0.0000	4
LOC101133657	ZNF791	DN_NC_073244.2_18385030_4	DN_NC_073244.2_18649721_4	truthbar	0	4	4	4	multi	0	0.1385	0.0000	0.0000	0.0000	0.0000	4
LOC101133657	ZNF799	DN_NC_073244.2_18385030_4	DN_NC_073244.2_18426035_4	truthbar	0	4	4	4	multi	0	0.3187	0.3306	0.0000	0.0000	0.0000	4
LOC101133657	ZNF823	DN_NC_073244.2_17751584_2	DN_NC_073244.2_18385030_4	truthbar	0	2	4	2	multi	0	0.6643	0.6384	0.5000	0.0000	0.0000	4
LOC101133668	LOC101136009	DN_NC_073230.2_74190289_5	DN_NC_073244.2_26901109_4	genuine	0	5	4	4	multi	0	0.2492	0.0000	0.0000	0.0000	0.0000	4
LOC101133668	LOC101137462	DN_NC_073230.2_74190289_5	DN_NC_073244.2_27285351_4	genuine	0	5	4	4	multi	0	0.1486	0.0000	0.0000	0.0000	0.0000	4
LOC101133668	LOC101141027	DN_NC_073230.2_74190289_5	DN_NC_073244.2_27765726_4	genuine	0	5	4	4	multi	0	0.2451	0.0000	0.0000	0.0000	0.0000	4
LOC101133668	LOC101142646	DN_NC_073230.2_74190289_5	DN_NC_073244.2_27869273_3	genuine	0	5	3	3	multi	0	0.1499	0.0000	0.0000	0.0000	0.0000	4
LOC101133668	LOC101144119	DN_NC_073230.2_64900495_2	DN_NC_073230.2_74190289_5	genuine	0	2	5	2	multi	0	0.1331	0.0000	0.0000	0.0000	0.0000	4
LOC101133668	LOC101144838	DN_NC_073230.2_74190289_5	DN_NC_073244.2_28256975_5	genuine	0	5	5	5	multi	0	0.1789	0.0000	0.0000	0.0000	0.0000	4
LOC101133668	LOC101145945	DN_NC_073230.2_74190289_5	DN_NC_073244.2_28588105_4	genuine	0	5	4	4	multi	0	0.2163	0.4346	0.8000	0.5000	0.5000	4
LOC101133668	LOC101146634	DN_NC_073230.2_74190289_5	DN_NC_073244.2_28711447_4	genuine	0	5	5	5	multi	0	0.2108	0.0000	0.0000	0.0000	0.0000	4
LOC101133668	LOC101147715	DN_NC_073230.2_74190289_5	DN_NC_073244.2_28820229_4	genuine	0	5	4	4	multi	0	0.1564	0.0000	0.0000	0.0000	0.0000	4
LOC101133668	LOC101153126	DN_NC_073230.2_74190289_5	DN_NC_073244.2_29297022_4	genuine	0	5	4	4	multi	0	0.2402	0.0000	0.0000	0.0000	0.0000	4
LOC101133668	LOC109024216	DN_NC_073230.2_74190289_5	DN_NC_073244.2_65293743_4	genuine	0	5	4	4	multi	0	0.1560	0.0000	0.0000	0.0000	0.0000	4
LOC101133668	LOC109026610	DN_NC_073227.2_8705656_4	DN_NC_073230.2_74190289_5	genuine	0	4	5	4	multi	0	0.2063	0.0000	0.0000	0.0000	0.0000	4
LOC101133668	LOC115930172	DN_NC_073230.2_74190289_5	DN_NC_073244.2_27051998_4	genuine	0	5	4	4	multi	0	0.2376	0.0000	0.0000	0.0000	0.0000	4
LOC101133668	LOC115931567	DN_NC_073230.2_74190289_5	DN_NC_073244.2_27566430_5	genuine	0	5	5	5	multi	0	0.2654	0.0000	0.0000	0.0000	0.0000	4
LOC101133668	LOC115931568	DN_NC_073230.2_74190289_5	DN_NC_073244.2_28072858_4	genuine	0	5	4	4	multi	0	0.2395	0.0000	0.0000	0.0000	0.0000	4
LOC101133668	LOC115931576	DN_NC_073230.2_74190289_5	DN_NC_073244.2_29046961_4	genuine	0	5	4	4	multi	0	0.2434	0.0000	0.0000	0.0000	0.0000	4
LOC101133668	LOC129527827	DN_NC_073230.2_74190289_5	DN_NC_073242.2_66613619_4	genuine	0	5	4	4	multi	0	0.2386	0.0000	0.0000	0.0000	0.0000	4
LOC101133668	LOC129528947	DN_NC_073230.2_74190289_5	DN_NC_073244.2_27408454_4	genuine	0	5	4	4	multi	0	0.2427	0.4007	0.0000	0.0000	0.0000	4
LOC101133668	ZNF141	DN_NC_073227.2_8907801_4	DN_NC_073230.2_74190289_5	genuine	0	4	5	4	multi	0	0.1328	0.0000	0.0000	0.0000	0.0000	4
LOC101133668	ZNF254	DN_NC_073230.2_74190289_5	DN_NC_073244.2_30438386_2	genuine	0	5	2	2	multi	0	0.1783	0.0000	0.0000	0.0000	0.0000	4
LOC101133668	ZNF267	DN_NC_073230.2_74190289_5	DN_NC_073242.2_37386128_4	genuine	0	5	4	4	multi	0	0.1467	0.0000	0.0000	0.0000	0.0000	4
LOC101133668	ZNF273	DN_NC_073230.2_74190289_5	DN_NC_073230.2_74299233_4	genuine	0	5	4	4	multi	0	0.2434	0.0000	0.0000	0.0000	0.0000	4
LOC101133668	ZNF429	DN_NC_073230.2_74190289_5	DN_NC_073244.2_27956158_2	genuine	0	5	2	2	multi	0	0.3447	0.0000	0.0000	0.0000	0.0000	4
LOC101133668	ZNF43	DN_NC_073230.2_74190289_5	DN_NC_073244.2_28333451_4	genuine	0	5	4	4	multi	0	0.2405	0.0000	0.0000	0.0000	0.0000	4
LOC101133668	ZNF430	DN_NC_073230.2_74190289_5	DN_NC_073244.2_27504818_5	genuine	0	5	5	5	multi	0	0.2434	0.0000	0.0000	0.0000	0.0000	4
LOC101133668	ZNF468	DN_NC_073230.2_74190289_5	DN_NC_073244.2_64797239_5	genuine	0	5	5	5	multi	0	0.1483	0.0000	0.0000	0.0000	0.0000	4
LOC101133668	ZNF486	DN_NC_073230.2_74190289_5	DN_NC_073244.2_26666712_5	genuine	0	5	5	5	multi	0	0.2462	0.0000	0.0000	0.0000	0.0000	4
LOC101133668	ZNF506	DN_NC_073230.2_74190289_5	DN_NC_073244.2_26240039_2	genuine	0	5	2	2	multi	0	0.2460	0.0000	0.0000	0.0000	0.0000	4
LOC101133668	ZNF519	DN_NC_073230.2_74190289_5	DN_NC_073241.2_36126183_3	genuine	0	5	3	3	multi	0	0.2089	0.0000	0.0000	0.0000	0.0000	4
LOC101133668	ZNF595	DN_NC_073227.2_8633418_2	DN_NC_073230.2_74190289_5	genuine	0	2	5	2	multi	0	0.1696	0.0000	0.0000	0.0000	0.0000	4
LOC101133668	ZNF600	DN_NC_073230.2_74190289_5	DN_NC_073244.2_64724127_4	genuine	0	5	4	4	multi	0	0.1315	0.0000	0.0000	0.0000	0.0000	4
LOC101133668	ZNF626	DN_NC_073230.2_74190289_5	DN_NC_073244.2_27131194_2	genuine	0	5	2	2	multi	0	0.2411	0.0000	0.0000	0.0000	0.0000	4
LOC101133668	ZNF675	DN_NC_073230.2_74190289_5	DN_NC_073244.2_29970261_4	genuine	0	5	4	4	multi	0	0.2693	0.0000	0.0000	0.0000	0.0000	4
LOC101133668	ZNF678	DN_NC_073224.2_40627195_4	DN_NC_073230.2_74190289_5	genuine	0	4	5	4	multi	0	0.1728	0.0000	0.0000	0.0000	0.0000	4
LOC101133668	ZNF680	DN_NC_073230.2_73977205_4	DN_NC_073230.2_74190289_5	genuine	0	4	5	4	multi	0	0.2408	0.0000	0.0000	0.0000	0.0000	4
LOC101133668	ZNF682	DN_NC_073230.2_74190289_5	DN_NC_073244.2_26470366_4	genuine	0	5	4	4	multi	0	0.1454	0.0000	0.0000	0.0000	0.0000	4
LOC101133668	ZNF695	DN_NC_073224.2_8422960_4	DN_NC_073230.2_74190289_5	genuine	0	4	5	4	multi	0	0.1460	0.0000	0.0000	0.0000	0.0000	4
LOC101133668	ZNF721	DN_NC_073227.2_9009888_2	DN_NC_073230.2_74190289_5	genuine	0	2	5	2	multi	0	0.1483	0.0000	0.0000	0.0000	0.0000	4
LOC101133668	ZNF723	DN_NC_073230.2_74190289_5	DN_NC_073244.2_29232445_4	genuine	0	5	4	4	multi	0	0.3221	0.5017	0.0000	0.2500	0.0000	4
LOC101133668	ZNF727	DN_NC_073230.2_73508332_4	DN_NC_073230.2_74190289_5	genuine	0	4	5	4	multi	0	0.1335	0.0000	0.0000	0.0000	0.0000	4
LOC101133668	ZNF736	DN_NC_073230.2_73776646_4	DN_NC_073230.2_74190289_5	genuine	0	4	5	4	multi	0	0.1489	0.0000	0.0000	0.0000	0.0000	4
LOC101133668	ZNF91	DN_NC_073230.2_74190289_5	DN_NC_073244.2_29680825_2	genuine	0	5	2	2	multi	0	0.1783	0.0000	0.0000	0.0000	0.0000	4
LOC101133668	ZNF92	DN_NC_073230.2_74190289_5	DN_NC_073230.2_74637814_2	genuine	0	5	2	2	multi	0	0.1970	0.3886	0.0000	0.0000	0.0000	4
LOC101133699	NUTF2	DN_NC_073224.2_126139506_3	DN_NC_073242.2_97073460_5	TP	1	3	5	3	multi	0	0.1798	0.3828	0.0000	0.6000	0.0000	2
LOC101133995	LOC101140641	DN_NC_073229.2_50358119_5	DN_NC_073229.2_50716510_5	truthbar	0	5	5	5	multi	0	0.6196	0.0000	0.0000	0.0000	0.0000	3
LOC101134045	LOC129526638	DN_NC_073233.2_14005356_9	DN_NC_073239.2_70164897_2	genuine	0	9	2	2	multi	0	0.1712	0.6642	0.0000	0.5000	0.0000	4
LOC101134115	TMEM14B	DN_NC_073229.2_28348360_6	DN_NC_073229.2_28419493_6	truthbar	0	6	6	6	multi	0	0.2206	0.7454	0.8333	0.8333	0.8333	3
LOC101134145	LOC129532639	DN_NC_073231.2_53708239_3	DN_NC_086017.1_161710205_3	genuine	0	3	3	3	multi	0	0.1617	0.0000	0.0000	0.0000	0.0000	1
LOC101134211	MT3	DN_NC_073242.2_85715932_3	DN_NC_073242.2_85790824_3	truthbar	0	3	3	3	multi	0	0.2406	0.0000	0.0000	0.0000	0.0000	1
LOC101134596	PI4KA	DN_NC_086018.1_18253436_31	DN_NC_086018.1_19032395_10	genuine	0	31	10	10	multi	0	0.5759	0.6088	0.3226	0.9000	0.3226	1
LOC101135168	LOC115933002	DN_NC_073228.2_45710800_6	DN_NC_073228.2_46729356_10	TP	1	6	10	6	multi	0	0.3937	0.4235	0.1667	0.1000	0.1000	3
LOC101135168	LOC115934626	DN_NC_073228.2_45710800_6	DN_NC_073228.2_45948292_6	TP	1	6	6	6	multi	0	0.7466	0.9453	0.8333	0.6667	0.6667	3
LOC101135168	LRRC37A3	DN_NC_073228.2_27148471_4	DN_NC_073228.2_45710800_6	TP	1	4	6	4	multi	0	0.2107	0.7408	0.7500	0.5000	0.5000	3
LOC101135276	LOC115931069	DN_NC_073242.2_21673693_21	DN_NC_073242.2_22021271_21	TP	1	22	21	21	multi	0	0.1500	0.9103	0.9545	0.9524	0.9524	2
LOC101135276	LOC129527586	DN_NC_073242.2_21122105_21	DN_NC_073242.2_22021271_21	TP	1	21	21	21	multi	0	0.1762	0.9227	0.9524	0.9524	0.9524	2
LOC101135276	SMG1	DN_NC_073242.2_18210354_26	DN_NC_073242.2_22021271_21	genuine	0	26	21	21	multi	0	0.1673	0.7029	0.7692	0.8571	0.7692	2
LOC101135415	LOC101137832	DN_NC_073229.2_45764485_6	DN_NC_073241.2_64520240_3	genuine	0	6	3	3	multi	0	0.2068	0.0000	0.0000	0.0000	0.0000	3
LOC101135415	LOC101153526	DN_NC_073229.2_45764485_6	DN_NC_073231.2_150671310_5	genuine	0	6	5	5	multi	0	0.1638	0.0000	0.0000	0.0000	0.0000	3
LOC101135415	ZNF502	DN_NC_073229.2_45764485_6	DN_NC_086017.1_54612772_3	genuine	0	6	3	3	multi	0	0.2463	0.0000	0.0000	0.0000	0.0000	3
LOC101135415	ZSCAN16	DN_NC_073229.2_45747170_4	DN_NC_073229.2_45764485_6	truthbar	0	4	6	4	multi	0	0.2085	0.0000	0.0000	0.0000	0.0000	3
LOC101135518	LOC101151290	DN_NC_073228.2_27169290_8	DN_NC_073228.2_45974488_9	TP	1	8	9	8	multi	0	0.2657	0.8611	0.8750	0.7778	0.7778	2
LOC101135518	PLEKHM1	DN_NC_073228.2_27169290_8	DN_NC_073228.2_46778774_7	TP	1	8	7	7	multi	0	0.2716	1.0016	0.7500	1.0000	0.7500	2
LOC101135585	LOC109029488	DN_NC_073224.2_124234032_12	DN_NC_073224.2_130335848_23	truthbar	0	12	23	12	multi	0	0.1414	0.2062	0.4167	0.4348	0.4167	1
LOC101135585	LOC115930576	DN_NC_073224.2_130335848_23	DN_NC_073224.2_218434129_23	truthbar	0	23	23	23	multi	0	0.2067	0.6189	0.7391	0.9130	0.7391	1
LOC101135585	LOC115932735	DN_NC_073224.2_124254598_20	DN_NC_073224.2_130335848_23	truthbar	0	20	23	20	multi	0	0.1569	0.1730	0.3500	0.3043	0.3043	1
LOC101135585	LOC115932984	DN_NC_073224.2_130224824_25	DN_NC_073224.2_130335848_23	TP	1	25	23	23	multi	0	0.6456	0.6522	0.7600	0.8261	0.7600	1
LOC101135585	LOC129525330	DN_NC_073224.2_125594338_29	DN_NC_073224.2_130335848_23	TP	1	29	23	23	multi	0	0.6522	0.6522	1.0000	0.8261	0.8261	1
LOC101135585	LOC129525331	DN_NC_073224.2_125055626_35	DN_NC_073224.2_130335848_23	TP	1	35	23	23	multi	0	0.5164	0.6522	0.9714	0.8261	0.8261	1
LOC101135585	LOC129525599	DN_NC_073224.2_116807774_25	DN_NC_073224.2_130335848_23	genuine	0	25	23	23	multi	0	0.2336	0.7801	0.9600	0.8261	0.8261	1
LOC101135585	LOC134756861	DN_NC_073224.2_117494263_25	DN_NC_073224.2_130335848_23	genuine	0	25	23	23	multi	0	0.2336	0.7801	0.7200	0.8261	0.7200	1
LOC101135843	LOC115932815	DN_NC_086018.1_22166696_9	DN_NC_086018.1_22406144_7	TP	1	7	7	7	multi	0	0.6481	0.9989	1.0000	1.0000	1.0000	0
LOC101136006	ZNF23	DN_NC_073229.2_45784439_7	DN_NC_073242.2_100900995_5	genuine	0	7	5	5	multi	0	0.1326	0.0000	0.0000	0.0000	0.0000	1
LOC101136006	ZNF619	DN_NC_073229.2_45784439_7	DN_NC_086017.1_50382141_5	genuine	0	7	5	5	multi	0	0.1730	0.0000	0.0000	0.0000	0.0000	1
LOC101136009	LOC101137462	DN_NC_073244.2_26901109_4	DN_NC_073244.2_27285351_4	truthbar	0	4	4	4	multi	0	0.4380	0.5077	0.0000	0.0000	0.0000	4
LOC101136009	LOC101141027	DN_NC_073244.2_26901109_4	DN_NC_073244.2_27765726_4	truthbar	0	4	4	4	multi	0	0.3591	0.0000	0.0000	0.0000	0.0000	4
LOC101136009	LOC101142646	DN_NC_073244.2_26901109_4	DN_NC_073244.2_27869273_3	truthbar	0	4	3	3	multi	0	0.1806	0.0000	0.0000	0.0000	0.0000	4
LOC101136009	LOC101144471	DN_NC_073244.2_26901109_4	DN_NC_073244.2_64340366_4	truthbar	0	4	4	4	multi	0	0.3345	0.0000	0.0000	0.0000	0.0000	4
LOC101136009	LOC101144838	DN_NC_073244.2_26901109_4	DN_NC_073244.2_28256975_5	truthbar	0	4	5	4	multi	0	0.3591	0.0000	0.0000	0.0000	0.0000	4
LOC101136009	LOC101145945	DN_NC_073244.2_26901109_4	DN_NC_073244.2_28588105_4	truthbar	0	4	4	4	multi	0	0.1893	0.0000	0.0000	0.0000	0.0000	4
LOC101136009	LOC101146634	DN_NC_073244.2_26901109_4	DN_NC_073244.2_28711447_2	truthbar	0	4	2	2	multi	0	0.2621	0.0000	0.0000	0.0000	0.0000	4
LOC101136009	LOC101147715	DN_NC_073244.2_26901109_4	DN_NC_073244.2_28820229_4	truthbar	0	4	4	4	multi	0	0.3030	0.0000	0.0000	0.0000	0.0000	4
LOC101136009	LOC101152401	DN_NC_073244.2_26901109_4	DN_NC_073244.2_64836827_4	truthbar	0	4	4	4	multi	0	0.2294	0.0000	0.0000	0.0000	0.0000	4
LOC101136009	LOC101153126	DN_NC_073244.2_26901109_4	DN_NC_073244.2_29297022_4	truthbar	0	4	4	4	multi	0	0.3072	0.0000	0.0000	0.0000	0.0000	4
LOC101136009	LOC101153131	DN_NC_073244.2_26901109_4	DN_NC_073244.2_64908457_4	truthbar	0	4	4	4	multi	0	0.2079	0.0000	0.0000	0.0000	0.0000	4
LOC101136009	LOC109024216	DN_NC_073244.2_26901109_4	DN_NC_073244.2_65293743_4	truthbar	0	4	4	4	multi	0	0.3504	0.0000	0.0000	0.0000	0.0000	4
LOC101136009	LOC109026610	DN_NC_073227.2_8705656_4	DN_NC_073244.2_26901109_4	truthbar	0	4	4	4	multi	0	0.3134	0.0000	0.0000	0.0000	0.0000	4
LOC101136009	LOC115930172	DN_NC_073244.2_26901109_4	DN_NC_073244.2_27051998_4	genuine	0	4	4	4	multi	0	0.3647	0.3454	0.0000	0.0000	0.0000	4
LOC101136009	LOC115931567	DN_NC_073244.2_26901109_4	DN_NC_073244.2_27626411_5	truthbar	0	4	5	4	multi	0	0.3772	0.0000	0.0000	0.0000	0.0000	4
LOC101136009	LOC115931568	DN_NC_073244.2_26901109_4	DN_NC_073244.2_28072858_4	truthbar	0	4	4	4	multi	0	0.3820	0.0000	0.0000	0.0000	0.0000	4
LOC101136009	LOC115931576	DN_NC_073244.2_26901109_4	DN_NC_073244.2_29046961_4	truthbar	0	4	4	4	multi	0	0.3591	0.0000	0.0000	0.0000	0.0000	4
LOC101136009	LOC115931857	DN_NC_073244.2_26901109_4	DN_NC_073246.2_15789285_3	truthbar	0	4	3	3	multi	0	0.2495	0.0000	0.0000	0.0000	0.0000	4
LOC101136009	LOC129527827	DN_NC_073242.2_66613619_4	DN_NC_073244.2_26901109_4	genuine	0	4	4	4	multi	0	0.2359	0.0000	0.0000	0.0000	0.0000	4
LOC101136009	LOC129528947	DN_NC_073244.2_26901109_4	DN_NC_073244.2_27408454_4	genuine	0	4	4	4	multi	0	0.4349	0.0000	0.0000	0.0000	0.0000	4
LOC101136009	OSBPL10	DN_NC_073244.2_26901109_4	DN_NC_086017.1_41849524_2	genuine	0	4	2	2	multi	0	0.2049	0.0000	0.0000	0.0000	0.0000	4
LOC101136009	ZNF141	DN_NC_073227.2_8907801_4	DN_NC_073244.2_26901109_4	truthbar	0	4	4	4	multi	0	0.2660	0.0000	0.0000	0.0000	0.0000	4
LOC101136009	ZNF195	DN_NC_073233.2_9788172_5	DN_NC_073244.2_26901109_4	truthbar	0	5	4	4	multi	0	0.2619	0.0000	0.0000	0.0000	0.0000	4
LOC101136009	ZNF254	DN_NC_073244.2_26901109_4	DN_NC_073244.2_30438340_4	truthbar	0	4	4	4	multi	0	0.3192	0.0000	0.0000	0.0000	0.0000	4
LOC101136009	ZNF267	DN_NC_073242.2_37386128_4	DN_NC_073244.2_26901109_4	truthbar	0	4	4	4	multi	0	0.2724	0.0000	0.0000	0.0000	0.0000	4
LOC101136009	ZNF273	DN_NC_073230.2_74299233_4	DN_NC_073244.2_26901109_4	truthbar	0	4	4	4	multi	0	0.4190	0.0000	0.0000	0.0000	0.0000	4
LOC101136009	ZNF28	DN_NC_073244.2_26901109_4	DN_NC_073244.2_64759228_5	truthbar	0	4	5	4	multi	0	0.1787	0.0000	0.0000	0.0000	0.0000	4
LOC101136009	ZNF415	DN_NC_073244.2_26901109_4	DN_NC_073244.2_65046428_2	truthbar	0	4	4	4	multi	0	0.3806	0.0000	0.0000	0.0000	0.0000	4
LOC101136009	ZNF429	DN_NC_073244.2_26901109_4	DN_NC_073244.2_27956158_2	truthbar	0	4	2	2	multi	0	0.5748	0.0000	0.0000	0.0000	0.0000	4
LOC101136009	ZNF43	DN_NC_073244.2_26901109_4	DN_NC_073244.2_28333451_4	truthbar	0	4	4	4	multi	0	0.4608	0.0000	0.0000	0.0000	0.0000	4
LOC101136009	ZNF430	DN_NC_073244.2_26901109_4	DN_NC_073244.2_27504818_5	truthbar	0	4	5	4	multi	0	0.3794	0.0000	0.0000	0.0000	0.0000	4
LOC101136009	ZNF468	DN_NC_073244.2_26901109_4	DN_NC_073244.2_64797239_5	truthbar	0	4	5	4	multi	0	0.2760	0.0000	0.0000	0.0000	0.0000	4
LOC101136009	ZNF486	DN_NC_073244.2_26666712_5	DN_NC_073244.2_26901109_4	truthbar	0	5	4	4	multi	0	0.3723	0.3880	0.2000	0.0000	0.0000	4
LOC101136009	ZNF506	DN_NC_073244.2_26240039_2	DN_NC_073244.2_26901109_4	truthbar	0	2	4	2	multi	0	0.3465	0.3814	0.0000	0.0000	0.0000	4
LOC101136009	ZNF519	DN_NC_073241.2_36126198_2	DN_NC_073244.2_26901109_4	truthbar	0	2	4	2	multi	0	0.1543	0.0000	0.0000	0.0000	0.0000	4
LOC101136009	ZNF578	DN_NC_073244.2_26901109_4	DN_NC_073244.2_64426370_6	truthbar	0	4	6	4	multi	0	0.2236	0.0000	0.0000	0.0000	0.0000	4
LOC101136009	ZNF595	DN_NC_073227.2_8633418_2	DN_NC_073244.2_26901109_4	truthbar	0	2	4	2	multi	0	0.4867	0.0000	0.0000	0.0000	0.0000	4
LOC101136009	ZNF600	DN_NC_073244.2_26901109_4	DN_NC_073244.2_64724127_4	truthbar	0	4	4	4	multi	0	0.3652	0.0000	0.0000	0.0000	0.0000	4
LOC101136009	ZNF616	DN_NC_073244.2_26901109_4	DN_NC_073244.2_64081943_4	truthbar	0	4	4	4	multi	0	0.1754	0.0000	0.0000	0.0000	0.0000	4
LOC101136009	ZNF626	DN_NC_073244.2_26901109_4	DN_NC_073244.2_27131194_2	truthbar	0	4	2	2	multi	0	0.3997	0.5519	0.0000	0.0000	0.0000	4
LOC101136009	ZNF675	DN_NC_073244.2_26901109_4	DN_NC_073244.2_29970261_4	truthbar	0	4	4	4	multi	0	0.3583	0.0000	0.0000	0.0000	0.0000	4
LOC101136009	ZNF678	DN_NC_073224.2_40627195_4	DN_NC_073244.2_26901109_4	truthbar	0	4	4	4	multi	0	0.3421	0.0000	0.0000	0.0000	0.0000	4
LOC101136009	ZNF680	DN_NC_073230.2_73977205_4	DN_NC_073244.2_26901109_4	truthbar	0	4	4	4	multi	0	0.4092	0.0000	0.0000	0.0000	0.0000	4
LOC101136009	ZNF681	DN_NC_073244.2_26901109_4	DN_NC_073244.2_30067652_4	truthbar	0	4	4	4	multi	0	0.4218	0.0000	0.0000	0.0000	0.0000	4
LOC101136009	ZNF682	DN_NC_073244.2_26470366_4	DN_NC_073244.2_26901109_4	truthbar	0	4	4	4	multi	0	0.2853	0.0000	0.0000	0.0000	0.0000	4
LOC101136009	ZNF695	DN_NC_073224.2_8422960_4	DN_NC_073244.2_26901109_4	truthbar	0	4	4	4	multi	0	0.3812	0.0000	0.0000	0.0000	0.0000	4
LOC101136009	ZNF721	DN_NC_073227.2_9010062_2	DN_NC_073244.2_26901109_4	truthbar	0	2	4	2	multi	0	0.3669	0.0000	0.0000	0.0000	0.0000	4
LOC101136009	ZNF723	DN_NC_073244.2_26901109_4	DN_NC_073244.2_29232445_4	truthbar	0	4	4	4	multi	0	0.1801	0.0000	0.0000	0.0000	0.0000	4
LOC101136009	ZNF727	DN_NC_073230.2_73508332_4	DN_NC_073244.2_26901109_4	truthbar	0	4	4	4	multi	0	0.2434	0.0000	0.0000	0.0000	0.0000	4
LOC101136009	ZNF761	DN_NC_073244.2_26901109_4	DN_NC_073244.2_65362909_5	truthbar	0	4	5	4	multi	0	0.3730	0.0000	0.0000	0.0000	0.0000	4
LOC101136009	ZNF808	DN_NC_073244.2_26901109_4	DN_NC_073244.2_64500861_5	truthbar	0	4	5	4	multi	0	0.2052	0.0000	0.0000	0.0000	0.0000	4
LOC101136009	ZNF83	DN_NC_073244.2_26901109_4	DN_NC_073244.2_64585864_4	truthbar	0	4	4	4	multi	0	0.3855	0.0000	0.0000	0.0000	0.0000	4
LOC101136009	ZNF888	DN_NC_073244.2_26901109_4	DN_NC_073244.2_64860608_4	truthbar	0	4	4	4	multi	0	0.1547	0.0000	0.0000	0.0000	0.0000	4
LOC101136009	ZNF91	DN_NC_073244.2_26901109_4	DN_NC_073244.2_29680825_4	truthbar	0	4	4	4	multi	0	0.2322	0.0000	0.0000	0.0000	0.0000	4
LOC101136009	ZNF92	DN_NC_073230.2_74637814_2	DN_NC_073244.2_26901109_4	truthbar	0	2	4	2	multi	0	0.4407	0.0000	0.0000	0.0000	0.0000	4
LOC101136036	LOC101148457	DN_NC_073237.2_96675699_5	DN_NC_086018.1_19844955_6	genuine	0	5	9	5	multi	0	0.1673	0.7268	0.0000	0.0000	0.0000	0
LOC101136036	LOC109025592	DN_NC_073224.2_125859316_3	DN_NC_073237.2_96675699_5	genuine	0	3	5	3	multi	0	0.2083	0.3844	0.3333	0.0000	0.0000	0
LOC101136154	LRP5	DN_NC_073233.2_76234750_23	DN_NC_086018.1_23267560_8	genuine	0	23	8	8	multi	0	0.1784	0.9212	0.3913	0.8750	0.3913	3
LOC101136203	LOC109029034	DN_NC_073234.2_49024482_9	DN_NC_073234.2_49087212_9	TP	1	9	9	9	multi	0	0.4795	0.6480	0.8889	0.7778	0.7778	4
LOC101136352	LOC101152610	DN_NC_073240.2_21601841_7	DN_NC_073240.2_23210840_6	TP	1	7	6	6	multi	0	0.4433	0.9407	1.0000	0.8333	0.8333	2
LOC101136352	LOC129527660	DN_NC_073240.2_23210840_6	DN_NC_073242.2_37476471_6	genuine	0	6	6	6	multi	0	0.3303	1.0030	1.0000	1.0000	1.0000	2
LOC101136398	LOC115932241	DN_NC_073247.2_18318973_2	DN_NC_073247.2_18638732_2	TP	1	2	2	2	multi	0	0.4233	0.9070	1.0000	1.0000	1.0000	4
LOC101136398	LOC115932281	DN_NC_073247.2_18638732_2	DN_NC_073247.2_18934892_2	TP	1	2	2	2	multi	0	0.5745	1.0000	1.0000	1.0000	1.0000	4
LOC101136398	LOC129529790	DN_NC_073247.2_17003459_2	DN_NC_073247.2_18638732_2	TP	1	2	2	2	multi	0	0.7534	1.0514	1.0000	1.0000	1.0000	4
LOC101136398	LOC129530333	DN_NC_073247.2_18638732_2	DN_NC_073248.2_30080680_2	genuine	0	2	2	2	multi	0	0.3798	1.0295	1.0000	1.0000	1.0000	4
LOC101136422	NUDT9	DN_NC_073227.2_107737271_8	DN_NC_073232.2_103494970_2	genuine	0	8	2	2	multi	0	0.2039	0.0000	0.0000	0.0000	0.0000	3
LOC101136480	LOC115933250	DN_NC_073242.2_15726062_24	DN_NC_073242.2_30717385_31	TP	1	24	31	24	multi	0	0.6532	1.0000	1.0000	0.7742	0.7742	4
LOC101136480	LOC129527620	DN_NC_073242.2_15726062_24	DN_NC_073242.2_28606635_19	TP	1	24	19	19	multi	0	0.4953	0.6730	0.6250	0.7895	0.6250	4
LOC101136583	LOC101148853	DN_NC_073235.2_121946440_4	DN_NC_073240.2_22595737_5	truthbar	0	4	5	4	multi	0	0.8487	0.8195	0.7500	0.8000	0.7500	3
LOC101136583	LOC101148972	DN_NC_073234.2_52202911_4	DN_NC_073240.2_22595737_5	truthbar	0	4	5	4	multi	0	0.7504	0.0000	0.0000	0.0000	0.0000	3
LOC101136583	LOC101150168	DN_NC_073234.2_52151326_4	DN_NC_073240.2_22595737_5	truthbar	0	4	5	4	multi	0	0.6794	0.0000	0.0000	0.0000	0.0000	3
LOC101136583	LOC115933728	DN_NC_073235.2_31723374_5	DN_NC_073240.2_22595737_5	truthbar	0	5	5	5	multi	0	0.8922	0.9316	0.8000	0.8000	0.8000	3
LOC101136583	LOC129526434	DN_NC_073238.2_31467876_5	DN_NC_073240.2_22595737_5	TP	1	5	5	5	multi	0	1.0000	1.0000	1.0000	1.0000	1.0000	3
LOC101136583	LOC129529583	DN_NC_073240.2_22595737_5	DN_NC_086018.1_18552717_3	genuine	0	5	3	3	multi	0	0.1677	0.2968	0.2000	0.0000	0.0000	3
LOC101136583	TUBA1C	DN_NC_073234.2_52064465_4	DN_NC_073240.2_22595737_5	truthbar	0	4	5	4	multi	0	0.7933	0.0000	0.0000	0.0000	0.0000	3
LOC101136583	TUBA3E	DN_NC_073235.2_32697745_5	DN_NC_073240.2_22595737_5	truthbar	0	5	5	5	multi	0	0.8725	0.9110	0.8000	0.8000	0.8000	3
LOC101136583	TUBA8	DN_NC_073240.2_22595737_5	DN_NC_086018.1_16134008_5	truthbar	0	5	5	5	multi	0	0.5868	0.4496	0.4000	0.4000	0.4000	3
LOC101136640	LOC109024259	DN_NC_073244.2_55565140_5	DN_NC_073244.2_55618657_2	genuine	0	5	2	2	multi	0	0.2828	0.0000	0.0000	0.0000	0.0000	4
LOC101136640	ZNF112	DN_NC_073244.2_55565140_5	DN_NC_073244.2_55835875_4	genuine	0	5	4	4	multi	0	0.1793	0.0000	0.0000	0.0000	0.0000	4
LOC101136640	ZNF155	DN_NC_073244.2_55497464_5	DN_NC_073244.2_55565140_5	truthbar	0	5	5	5	multi	0	0.4023	0.6987	0.6000	0.8000	0.6000	4
LOC101136640	ZNF221	DN_NC_073244.2_55464824_5	DN_NC_073244.2_55565140_5	truthbar	0	5	5	5	multi	0	0.4192	0.3953	0.6000	0.6000	0.6000	4
LOC101136640	ZNF222	DN_NC_073244.2_55538420_4	DN_NC_073244.2_55565140_5	truthbar	0	4	5	4	multi	0	0.8599	0.8569	0.7500	0.6000	0.6000	4
LOC101136640	ZNF224	DN_NC_073244.2_55565140_5	DN_NC_073244.2_55607411_6	truthbar	0	5	6	5	multi	0	0.4073	0.4555	0.6000	0.5000	0.5000	4
LOC101136640	ZNF225	DN_NC_073244.2_55565140_5	DN_NC_073244.2_55626504_5	truthbar	0	5	5	5	multi	0	0.4081	0.3883	0.6000	0.6000	0.6000	4
LOC101136640	ZNF230	DN_NC_073244.2_55516115_5	DN_NC_073244.2_55565140_5	truthbar	0	5	5	5	multi	0	0.4909	0.6764	0.8000	1.0000	0.8000	4
LOC101136640	ZNF233	DN_NC_073244.2_55565140_5	DN_NC_073244.2_55771764_5	truthbar	0	5	5	5	multi	0	0.2267	0.0000	0.0000	0.0000	0.0000	4
LOC101136640	ZNF234	DN_NC_073244.2_55565140_5	DN_NC_073244.2_55654796_6	truthbar	0	5	6	5	multi	0	0.4658	0.0000	0.0000	0.0000	0.0000	4
LOC101136640	ZNF235	DN_NC_073244.2_55565140_5	DN_NC_073244.2_55797441_5	truthbar	0	5	5	5	multi	0	0.1950	0.0000	0.0000	0.0000	0.0000	4
LOC101136640	ZNF284	DN_NC_073244.2_55565140_5	DN_NC_073244.2_55585242_5	truthbar	0	5	5	5	multi	0	0.2333	0.3714	0.6000	0.6000	0.6000	4
LOC101136692	LOC109025447	DN_NC_073236.2_46653509_10	DN_NC_073236.2_47712811_9	truthbar	0	10	9	9	multi	0	0.5126	1.0174	0.9000	1.0000	0.9000	3
LOC101136692	LOC129531666	DN_NC_073236.2_46653509_10	DN_NC_073236.2_51202468_4	genuine	0	10	4	4	multi	0	0.5068	0.5071	0.0000	0.2500	0.0000	3
LOC101136692	LOC129531667	DN_NC_073236.2_46653509_10	DN_NC_073236.2_51437835_4	truthbar	0	10	4	4	multi	0	0.3265	0.3265	0.0000	0.2500	0.0000	3
LOC101136692	RGPD8	DN_NC_073236.2_46653509_10	DN_NC_073236.2_49989275_2	genuine	0	10	2	2	multi	0	0.5344	0.5344	0.0000	0.5000	0.0000	3
LOC101136819	LOC101147313	DN_NC_086017.1_207228653_16	DN_NC_086017.1_207540432_15	genuine	0	16	15	15	multi	0	0.2477	0.6701	0.6875	0.6000	0.6000	1
LOC101136819	SDHA	DN_NC_073243.2_112081564_15	DN_NC_086017.1_207228653_16	genuine	0	15	16	15	multi	0	0.2135	1.0133	0.8667	1.0000	0.8667	1
LOC101136971	LOC115932749	DN_NC_073242.2_28528734_13	DN_NC_073242.2_35785087_23	TP	1	13	23	13	multi	0	0.9632	0.9632	0.9231	0.5652	0.5652	1
LOC101136971	ZC3H7A	DN_NC_073242.2_15387796_13	DN_NC_073242.2_28528734_13	TP	1	13	13	13	multi	0	1.0000	1.0000	1.0000	1.0000	1.0000	1
LOC101137060	LOC109025447	DN_NC_073236.2_46676942_15	DN_NC_073236.2_47732210_12	genuine	0	15	12	12	multi	0	0.2617	0.3892	0.6667	0.7500	0.6667	3
LOC101137060	RPL39	DN_NC_073236.2_46676942_15	DN_NC_073247.2_131468464_3	genuine	0	15	3	3	multi	0	0.3458	0.0000	0.0000	0.0000	0.0000	3
LOC101137311	LOC129526088	DN_NC_073238.2_32460857_5	DN_NC_073240.2_22623333_4	genuine	0	5	4	4	multi	0	0.1379	0.0000	0.0000	0.0000	0.0000	1
LOC101137311	LOC129527203	DN_NC_073238.2_33291944_6	DN_NC_073240.2_22623333_4	genuine	0	6	4	4	multi	0	0.1445	0.0000	0.0000	0.0000	0.0000	1
LOC101137311	PSPC1	DN_NC_073238.2_34005367_9	DN_NC_073240.2_22623333_4	truthbar	0	9	4	4	multi	0	0.3602	0.6276	0.1111	0.5000	0.1111	1
LOC101137392	MAGEC1	DN_NC_073247.2_153600158_4	DN_NC_073247.2_153901396_3	genuine	0	4	3	3	multi	0	0.2311	0.0000	0.0000	0.0000	0.0000	3
LOC101137455	LOC129533419	DN_NC_073228.2_182473921_9	DN_NC_073228.2_182638384_11	TP	1	9	11	9	multi	0	0.8018	0.8018	0.7778	0.6364	0.6364	4
LOC101137462	LOC101141027	DN_NC_073244.2_27285351_4	DN_NC_073244.2_27765726_4	truthbar	0	4	4	4	multi	0	0.5385	0.7004	0.7500	1.0000	0.7500	4
LOC101137462	LOC101142646	DN_NC_073244.2_27285351_4	DN_NC_073244.2_27869273_3	truthbar	0	4	3	3	multi	0	0.2133	0.0000	0.0000	0.0000	0.0000	4
LOC101137462	LOC101144119	DN_NC_073230.2_64900495_2	DN_NC_073244.2_27285351_4	genuine	0	2	4	2	multi	0	0.1734	0.0000	0.0000	0.0000	0.0000	4
LOC101137462	LOC101144838	DN_NC_073244.2_27285351_4	DN_NC_073244.2_28256975_5	truthbar	0	4	5	4	multi	0	0.1982	0.3645	0.5000	0.4000	0.4000	4
LOC101137462	LOC101145945	DN_NC_073244.2_27285351_4	DN_NC_073244.2_28588105_4	truthbar	0	4	4	4	multi	0	0.2744	0.4425	0.7500	0.7500	0.7500	4
LOC101137462	LOC101146634	DN_NC_073244.2_27285351_4	DN_NC_073244.2_28711447_4	truthbar	0	4	5	4	multi	0	0.4858	0.0000	0.0000	0.0000	0.0000	4
LOC101137462	LOC101147715	DN_NC_073244.2_27285351_4	DN_NC_073244.2_28820229_4	truthbar	0	4	4	4	multi	0	0.2695	0.0000	0.0000	0.0000	0.0000	4
LOC101137462	LOC101150965	DN_NC_073244.2_27285351_4	DN_NC_073244.2_64400145_5	genuine	0	4	5	4	multi	0	0.2650	0.0000	0.0000	0.0000	0.0000	4
LOC101137462	LOC101153126	DN_NC_073244.2_27285351_4	DN_NC_073244.2_29297022_4	truthbar	0	4	4	4	multi	0	0.3845	0.4231	0.5000	0.5000	0.5000	4
LOC101137462	LOC109026610	DN_NC_073227.2_8705656_4	DN_NC_073244.2_27285351_4	TP	1	4	4	4	multi	0	0.2875	0.0000	0.0000	0.0000	0.0000	4
LOC101137462	LOC115930172	DN_NC_073244.2_27051998_4	DN_NC_073244.2_27285351_4	genuine	0	4	4	4	multi	0	0.3522	0.6176	1.0000	0.7500	0.7500	4
LOC101137462	LOC115931567	DN_NC_073244.2_27285351_4	DN_NC_073244.2_27626411_5	genuine	0	4	5	4	multi	0	0.4079	0.2431	0.0000	0.0000	0.0000	4
LOC101137462	LOC115931568	DN_NC_073244.2_27285351_4	DN_NC_073244.2_28072858_4	truthbar	0	4	4	4	multi	0	0.4711	0.0000	0.0000	0.0000	0.0000	4
LOC101137462	LOC115931576	DN_NC_073244.2_27285351_4	DN_NC_073244.2_29046961_4	truthbar	0	4	4	4	multi	0	0.4798	0.4257	0.5000	0.5000	0.5000	4
LOC101137462	LOC115931654	DN_NC_073244.2_27285351_4	DN_NC_073244.2_65266359_4	truthbar	0	4	4	4	multi	0	0.2211	0.0000	0.0000	0.0000	0.0000	4
LOC101137462	LOC115931857	DN_NC_073244.2_27285351_4	DN_NC_073246.2_15789285_3	truthbar	0	4	3	3	multi	0	0.2068	0.0000	0.0000	0.0000	0.0000	4
LOC101137462	LOC129527827	DN_NC_073242.2_66613619_4	DN_NC_073244.2_27285351_4	genuine	0	4	4	4	multi	0	0.2279	0.5046	0.0000	0.0000	0.0000	4
LOC101137462	LOC129528947	DN_NC_073244.2_27285351_4	DN_NC_073244.2_27408454_4	genuine	0	4	4	4	multi	0	0.4072	0.4500	0.5000	0.7500	0.5000	4
LOC101137462	ZNF141	DN_NC_073227.2_8907801_4	DN_NC_073244.2_27285351_4	truthbar	0	4	4	4	multi	0	0.2014	0.0000	0.0000	0.0000	0.0000	4
LOC101137462	ZNF195	DN_NC_073233.2_9788172_5	DN_NC_073244.2_27285351_4	truthbar	0	5	4	4	multi	0	0.2158	0.0000	0.0000	0.0000	0.0000	4
LOC101137462	ZNF254	DN_NC_073244.2_27285351_4	DN_NC_073244.2_30438340_4	truthbar	0	4	4	4	multi	0	0.4512	0.4333	0.7500	0.5000	0.5000	4
LOC101137462	ZNF273	DN_NC_073230.2_74299233_4	DN_NC_073244.2_27285351_4	truthbar	0	4	4	4	multi	0	0.2776	0.4964	0.7500	0.7500	0.7500	4
LOC101137462	ZNF429	DN_NC_073244.2_27285351_4	DN_NC_073244.2_27956158_4	truthbar	0	4	4	4	multi	0	0.6982	0.7004	0.5000	0.7500	0.5000	4
LOC101137462	ZNF43	DN_NC_073244.2_27285351_4	DN_NC_073244.2_28333451_4	truthbar	0	4	4	4	multi	0	0.3875	0.4247	0.5000	0.7500	0.5000	4
LOC101137462	ZNF430	DN_NC_073244.2_27285351_4	DN_NC_073244.2_27504818_5	truthbar	0	4	5	4	multi	0	0.2046	0.2113	0.0000	0.0000	0.0000	4
LOC101137462	ZNF486	DN_NC_073244.2_26666712_5	DN_NC_073244.2_27285351_4	truthbar	0	5	4	4	multi	0	0.4177	0.4713	0.8000	0.7500	0.7500	4
LOC101137462	ZNF506	DN_NC_073244.2_26240035_4	DN_NC_073244.2_27285351_4	truthbar	0	4	4	4	multi	0	0.2019	0.4202	0.5000	0.5000	0.5000	4
LOC101137462	ZNF519	DN_NC_073241.2_36126198_2	DN_NC_073244.2_27285351_4	truthbar	0	2	4	2	multi	0	0.3049	0.0000	0.0000	0.0000	0.0000	4
LOC101137462	ZNF595	DN_NC_073227.2_8633418_2	DN_NC_073244.2_27285351_4	truthbar	0	2	4	2	multi	0	0.4606	0.0000	0.0000	0.0000	0.0000	4
LOC101137462	ZNF626	DN_NC_073244.2_27131194_2	DN_NC_073244.2_27285351_4	truthbar	0	2	4	2	multi	0	0.1535	0.5774	0.0000	0.0000	0.0000	4
LOC101137462	ZNF675	DN_NC_073244.2_27285351_4	DN_NC_073244.2_29970261_4	truthbar	0	4	4	4	multi	0	0.6144	0.9205	0.7500	1.0000	0.7500	4
LOC101137462	ZNF678	DN_NC_073224.2_40627195_4	DN_NC_073244.2_27285351_4	truthbar	0	4	4	4	multi	0	0.3168	0.0000	0.0000	0.0000	0.0000	4
LOC101137462	ZNF680	DN_NC_073230.2_73977205_4	DN_NC_073244.2_27285351_4	truthbar	0	4	4	4	multi	0	0.3730	0.5573	0.7500	0.7500	0.7500	4
LOC101137462	ZNF681	DN_NC_073244.2_27285351_4	DN_NC_073244.2_30067652_4	truthbar	0	4	4	4	multi	0	0.3069	0.2384	0.0000	0.0000	0.0000	4
LOC101137462	ZNF682	DN_NC_073244.2_26470366_4	DN_NC_073244.2_27285351_4	truthbar	0	4	4	4	multi	0	0.4790	0.0000	0.0000	0.0000	0.0000	4
LOC101137462	ZNF695	DN_NC_073224.2_8422960_4	DN_NC_073244.2_27285351_4	truthbar	0	4	4	4	multi	0	0.3798	0.0000	0.0000	0.0000	0.0000	4
LOC101137462	ZNF721	DN_NC_073227.2_9010062_2	DN_NC_073244.2_27285351_4	truthbar	0	2	4	2	multi	0	0.2944	0.0000	0.0000	0.0000	0.0000	4
LOC101137462	ZNF723	DN_NC_073244.2_27285351_4	DN_NC_073244.2_29232445_4	truthbar	0	4	4	4	multi	0	0.2673	0.6520	0.5000	1.0000	0.5000	4
LOC101137462	ZNF727	DN_NC_073230.2_73508332_4	DN_NC_073244.2_27285351_4	truthbar	0	4	4	4	multi	0	0.1860	0.0000	0.0000	0.0000	0.0000	4
LOC101137462	ZNF736	DN_NC_073230.2_73776646_4	DN_NC_073244.2_27285351_4	truthbar	0	4	4	4	multi	0	0.1700	0.0000	0.0000	0.0000	0.0000	4
LOC101137462	ZNF813	DN_NC_073244.2_27285351_4	DN_NC_073244.2_65398487_4	truthbar	0	4	4	4	multi	0	0.1367	0.0000	0.0000	0.0000	0.0000	4
LOC101137462	ZNF91	DN_NC_073244.2_27285351_4	DN_NC_073244.2_29680825_2	truthbar	0	4	2	2	multi	0	0.2911	0.0000	0.0000	0.0000	0.0000	4
LOC101137462	ZNF92	DN_NC_073230.2_74637814_2	DN_NC_073244.2_27285351_4	truthbar	0	2	4	2	multi	0	0.4407	0.3617	0.5000	0.0000	0.0000	4
LOC101137472	NABP2	DN_NC_073234.2_45136934_7	DN_NC_073246.2_34687084_3	genuine	0	7	3	3	multi	0	0.1470	0.0000	0.0000	0.0000	0.0000	3
LOC101137661	LOC109025815	DN_NC_073235.2_31662902_3	DN_NC_073235.2_31973952_17	genuine	0	3	17	3	multi	0	0.1934	0.3432	0.6667	0.1176	0.1176	3
LOC101137734	LOC129527528	DN_NC_073238.2_30171533_2	DN_NC_073242.2_7013229_2	genuine	0	2	2	2	multi	0	0.2063	0.2907	0.0000	0.0000	0.0000	1
LOC101137734	LOC134756955	DN_NC_073238.2_30171533_2	DN_NC_073238.2_33197456_2	genuine	0	2	2	2	multi	0	0.5447	1.0009	1.0000	1.0000	1.0000	1
LOC101137806	LOC101139163	DN_NC_086017.1_136773097_2	DN_NC_086017.1_141278779_5	genuine	0	2	5	2	multi	0	0.2474	0.7556	0.5000	0.4000	0.4000	0
LOC101137806	LOC101152938	DN_NC_073233.2_75718276_6	DN_NC_086017.1_136773097_2	genuine	0	6	2	2	multi	0	0.1625	0.5085	0.3333	0.5000	0.3333	0
LOC101137806	LOC115934341	DN_NC_086017.1_136773097_2	DN_NC_086017.1_85330170_7	genuine	0	2	7	2	multi	0	0.1954	0.6875	0.5000	0.2857	0.2857	0
LOC101137832	LOC101153526	DN_NC_073231.2_150671310_5	DN_NC_073241.2_64520240_3	truthbar	0	5	3	3	multi	0	0.2312	0.0000	0.0000	0.0000	0.0000	3
LOC101137832	ZNF121	DN_NC_073241.2_64520240_3	DN_NC_073244.2_15605841_4	truthbar	0	3	4	3	multi	0	0.2470	0.0000	0.0000	0.0000	0.0000	3
LOC101137832	ZNF436	DN_NC_073224.2_216467757_3	DN_NC_073241.2_64520240_3	truthbar	0	3	3	3	multi	0	0.2707	0.0000	0.0000	0.0000	0.0000	3
LOC101137832	ZNF502	DN_NC_073241.2_64520240_3	DN_NC_086017.1_54612772_3	truthbar	0	3	3	3	multi	0	0.2755	0.0000	0.0000	0.0000	0.0000	3
LOC101137832	ZSCAN12	DN_NC_073229.2_46022147_4	DN_NC_073241.2_64520244_2	truthbar	0	4	2	2	multi	0	0.1347	0.0000	0.0000	0.0000	0.0000	3
LOC101137832	ZSCAN16	DN_NC_073229.2_45747170_4	DN_NC_073241.2_64520240_3	genuine	0	4	3	3	multi	0	0.1828	0.0000	0.0000	0.0000	0.0000	3
LOC101137900	LOC109027212	DN_NC_073229.2_67950085_3	DN_NC_073238.2_32617313_2	genuine	0	3	2	2	multi	0	0.2119	0.2888	0.0000	0.0000	0.0000	1
LOC101137900	LOC129528278	DN_NC_073238.2_32617313_2	DN_NC_073241.2_83874271_3	genuine	0	2	3	2	multi	0	0.2114	0.2882	0.0000	0.0000	0.0000	1
LOC101137900	LOC129528791	DN_NC_073238.2_32617313_2	DN_NC_073244.2_6165323_3	genuine	0	2	3	2	multi	0	0.2192	0.2988	0.0000	0.0000	0.0000	1
LOC101137900	LOC129530234	DN_NC_073238.2_32661686_2	DN_NC_073248.2_26554434_7	TP	1	2	7	2	multi	0	0.2407	0.2274	0.0000	0.7143	0.0000	1
LOC101137900	PLGRKT	DN_NC_073237.2_58966871_3	DN_NC_073238.2_32617313_2	genuine	0	3	2	2	multi	0	0.1336	0.2391	0.0000	0.0000	0.0000	1
LOC101137900	RHOT1	DN_NC_073228.2_60766049_19	DN_NC_073238.2_32617313_2	genuine	0	19	2	2	multi	0	0.1354	0.1296	0.2632	0.0000	0.0000	1
LOC101137955	ZFP2	DN_NC_073228.2_182864372_4	DN_NC_073229.2_44967262_5	genuine	0	4	5	4	multi	0	0.2041	0.0000	0.0000	0.0000	0.0000	3
LOC101137955	ZFP69B	DN_NC_073224.2_199494304_6	DN_NC_073229.2_44967262_5	genuine	0	6	5	5	multi	0	0.1752	0.0000	0.0000	0.0000	0.0000	3
LOC101137955	ZFP90	DN_NC_073229.2_44967262_5	DN_NC_073242.2_97765438_4	genuine	0	5	4	4	multi	0	0.2035	0.0000	0.0000	0.0000	0.0000	3
LOC101137955	ZNF181	DN_NC_073229.2_44967262_5	DN_NC_073244.2_45796040_6	genuine	0	5	6	5	multi	0	0.1848	0.0000	0.0000	0.0000	0.0000	3
LOC101137955	ZNF248	DN_NC_073229.2_44967262_5	DN_NC_073232.2_81253567_6	genuine	0	5	6	5	multi	0	0.1350	0.0000	0.0000	0.0000	0.0000	3
LOC101137955	ZNF391	DN_NC_073229.2_44967262_5	DN_NC_073229.2_45005781_3	truthbar	0	5	3	3	multi	0	0.1865	0.0000	0.0000	0.0000	0.0000	3
LOC101137955	ZNF485	DN_NC_073229.2_44967262_5	DN_NC_073232.2_71834982_5	genuine	0	5	5	5	multi	0	0.2085	0.0000	0.0000	0.0000	0.0000	3
LOC101137955	ZNF879	DN_NC_073228.2_182994030_5	DN_NC_073229.2_44967262_5	genuine	0	5	5	5	multi	0	0.1906	0.0000	0.0000	0.0000	0.0000	3
LOC101137992	LOC101139594	DN_NC_073247.2_64921939_13	DN_NC_073247.2_64998786_13	genuine	0	13	13	13	multi	0	0.1933	0.0000	0.0000	0.0000	0.0000	0
LOC101138011	LOC109025084	DN_NC_073224.2_98617594_3	DN_NC_073229.2_52163606_6	genuine	0	3	6	3	multi	0	0.3253	0.6987	0.0000	0.8333	0.0000	3
LOC101138066	LOC115930840	DN_NC_073240.2_85708603_4	DN_NC_073240.2_86386259_3	TP	1	4	3	3	multi	0	0.2797	0.8329	0.2500	0.3333	0.2500	2
LOC101138261	LOC109027124	DN_NC_073229.2_194862622_5	DN_NC_073232.2_72957232_4	genuine	0	5	4	4	multi	0	0.3288	0.0000	0.0000	0.0000	0.0000	2
LOC101138261	MPHOSPH8	DN_NC_073232.2_72957232_4	DN_NC_073238.2_33904146_3	genuine	0	4	3	3	multi	0	0.4114	0.4114	0.0000	0.3333	0.0000	2
LOC101138337	LOC101151317	DN_NC_073228.2_154780892_3	DN_NC_073244.2_48030811_4	genuine	0	3	4	3	multi	0	0.1536	0.0000	0.0000	0.0000	0.0000	0
LOC101138952	LOC129528667	DN_NC_073244.2_63882905_5	DN_NC_073244.2_63934684_6	truthbar	0	5	6	5	multi	0	0.2226	0.0000	0.0000	0.0000	0.0000	0
LOC101138952	ZFP37	DN_NC_073237.2_109279481_4	DN_NC_073244.2_63934684_6	truthbar	0	4	6	4	multi	0	0.1864	0.0000	0.0000	0.0000	0.0000	0
LOC101138952	ZNF182	DN_NC_073244.2_63934684_6	DN_NC_073247.2_58372296_6	truthbar	0	6	5	5	multi	0	0.2412	0.0000	0.0000	0.0000	0.0000	0
LOC101138952	ZNF26	DN_NC_073234.2_148486259_4	DN_NC_073244.2_63934684_6	truthbar	0	4	6	4	multi	0	0.2409	0.0000	0.0000	0.0000	0.0000	0
LOC101138952	ZNF260	DN_NC_073244.2_47706460_3	DN_NC_073244.2_63934684_6	genuine	0	3	6	3	multi	0	0.1833	0.0000	0.0000	0.0000	0.0000	0
LOC101138952	ZNF300	DN_NC_073228.2_154747841_5	DN_NC_073244.2_63934684_6	truthbar	0	5	6	5	multi	0	0.1678	0.0000	0.0000	0.0000	0.0000	0
LOC101138952	ZNF33B	DN_NC_073232.2_72820474_5	DN_NC_073244.2_63934684_6	truthbar	0	5	6	5	multi	0	0.1402	0.0000	0.0000	0.0000	0.0000	0
LOC101138952	ZNF41	DN_NC_073244.2_63934684_6	DN_NC_073247.2_57840463_5	truthbar	0	6	5	5	multi	0	0.1399	0.0000	0.0000	0.0000	0.0000	0
LOC101138952	ZNF484	DN_NC_073237.2_89310571_5	DN_NC_073244.2_63934684_6	truthbar	0	5	6	5	multi	0	0.1409	0.0000	0.0000	0.0000	0.0000	0
LOC101138952	ZNF577	DN_NC_073244.2_63840101_6	DN_NC_073244.2_63934684_6	truthbar	0	6	6	6	multi	0	0.1595	0.0000	0.0000	0.0000	0.0000	0
LOC101138952	ZNF585A	DN_NC_073244.2_48319142_5	DN_NC_073244.2_63934684_6	truthbar	0	5	6	5	multi	0	0.1396	0.0000	0.0000	0.0000	0.0000	0
LOC101138952	ZNF585B	DN_NC_073244.2_48352926_4	DN_NC_073244.2_63934684_6	truthbar	0	4	6	4	multi	0	0.1850	0.0000	0.0000	0.0000	0.0000	0
LOC101138952	ZNF605	DN_NC_073234.2_148420424_5	DN_NC_073244.2_63934684_6	truthbar	0	5	6	5	multi	0	0.2195	0.0000	0.0000	0.0000	0.0000	0
LOC101138952	ZNF606	DN_NC_073244.2_63934684_6	DN_NC_073244.2_70077616_7	truthbar	0	6	7	6	multi	0	0.1833	0.0000	0.0000	0.0000	0.0000	0
LOC101138952	ZNF613	DN_NC_073244.2_63895938_6	DN_NC_073244.2_63934684_6	truthbar	0	6	6	6	multi	0	0.1303	0.0000	0.0000	0.0000	0.0000	0
LOC101138952	ZNF649	DN_NC_073244.2_63855100_5	DN_NC_073244.2_63934684_6	truthbar	0	5	6	5	multi	0	0.1602	0.0000	0.0000	0.0000	0.0000	0
LOC101138952	ZNF84	DN_NC_073234.2_148537990_5	DN_NC_073244.2_63934684_6	truthbar	0	5	6	5	multi	0	0.1551	0.0000	0.0000	0.0000	0.0000	0
LOC101139163	LOC101152938	DN_NC_073233.2_75718276_6	DN_NC_086017.1_141278779_5	TP	1	6	5	5	multi	0	0.2500	0.8302	0.3333	0.4000	0.3333	0
LOC101139163	LOC115934341	DN_NC_086017.1_141278779_5	DN_NC_086017.1_85330170_7	TP	1	5	7	5	multi	0	0.2448	0.8085	0.4000	0.2857	0.2857	0
LOC101139594	LOC101144987	DN_NC_073247.2_62361057_13	DN_NC_073247.2_64998786_13	genuine	0	13	13	13	multi	0	0.2368	0.0000	0.0000	0.0000	0.0000	0
LOC101139594	LOC101146541	DN_NC_073247.2_62249491_13	DN_NC_073247.2_64998786_13	genuine	0	13	13	13	multi	0	0.2352	0.0000	0.0000	0.0000	0.0000	0
LOC101139703	LOC129526951	DN_NC_073237.2_17678391_14	DN_NC_073238.2_22049850_15	TP	1	14	15	14	multi	0	0.4479	1.0319	1.0000	1.0000	1.0000	0
LOC101140030	ULBP1	DN_NC_073229.2_174132332_5	DN_NC_073229.2_174168227_4	truthbar	0	5	5	5	multi	0	0.2157	0.9873	0.6000	0.8000	0.6000	3
LOC101140030	ULBP3	DN_NC_073229.2_174168227_4	DN_NC_073229.2_174230881_5	truthbar	0	5	5	5	multi	0	0.3927	0.4621	0.4000	0.2000	0.2000	3
LOC101140402	LOC101141165	DN_NC_086018.1_21140998_4	DN_NC_086018.1_23370474_4	genuine	0	4	4	4	multi	0	0.3016	0.4735	0.2500	0.2500	0.2500	3
LOC101140402	LOC109024546	DN_NC_086018.1_19935965_4	DN_NC_086018.1_23370474_4	genuine	0	4	4	4	multi	0	0.4596	0.0000	0.0000	0.0000	0.0000	3
LOC101140641	LOC101141395	DN_NC_073229.2_50716510_5	DN_NC_073229.2_50784857_5	truthbar	0	5	5	5	multi	0	0.1995	0.0000	0.0000	0.0000	0.0000	3
LOC101140864	LOC109026769	DN_NC_073228.2_79926211_12	DN_NC_073238.2_29962908_11	genuine	0	12	11	11	multi	0	0.1308	0.0000	0.0000	0.0000	0.0000	1
LOC101140892	RPLP1	DN_NC_073228.2_155613898_3	DN_NC_073240.2_70293854_4	genuine	0	3	4	3	multi	0	0.2191	0.6041	0.0000	0.7500	0.0000	1
LOC101141025	LOC115935014	DN_NC_073229.2_50300098_6	DN_NC_073229.2_50795834_6	truthbar	0	6	6	6	multi	0	0.3442	0.0000	0.0000	0.0000	0.0000	1
LOC101141027	LOC101142646	DN_NC_073244.2_27765726_4	DN_NC_073244.2_27869273_3	truthbar	0	4	3	3	multi	0	0.2830	0.5528	0.2500	0.3333	0.2500	4
LOC101141027	LOC101144119	DN_NC_073230.2_64900495_2	DN_NC_073244.2_27765726_4	genuine	0	2	4	2	multi	0	0.1991	0.0000	0.0000	0.0000	0.0000	4
LOC101141027	LOC101144838	DN_NC_073244.2_27765726_4	DN_NC_073244.2_28256975_5	truthbar	0	4	5	4	multi	0	0.4468	0.8980	0.7500	0.4000	0.4000	4
LOC101141027	LOC101145945	DN_NC_073244.2_27765726_4	DN_NC_073244.2_28588105_4	truthbar	0	4	4	4	multi	0	0.2114	0.7109	1.0000	0.7500	0.7500	4
LOC101141027	LOC101146634	DN_NC_073244.2_27765726_4	DN_NC_073244.2_28711447_2	truthbar	0	4	2	2	multi	0	0.3533	0.4426	0.2500	0.5000	0.2500	4
LOC101141027	LOC101147715	DN_NC_073244.2_27765726_4	DN_NC_073244.2_28820229_4	genuine	0	4	4	4	multi	0	0.1461	0.5102	0.7500	0.7500	0.7500	4
LOC101141027	LOC101151892	DN_NC_073227.2_8792448_3	DN_NC_073244.2_27765726_4	genuine	0	3	4	3	multi	0	0.1554	0.0000	0.0000	0.0000	0.0000	4
LOC101141027	LOC101153126	DN_NC_073244.2_27765726_4	DN_NC_073244.2_29297022_4	truthbar	0	4	4	4	multi	0	0.4395	0.7074	0.7500	0.7500	0.7500	4
LOC101141027	LOC109024216	DN_NC_073244.2_27765726_4	DN_NC_073244.2_65293743_4	truthbar	0	4	4	4	multi	0	0.1542	0.0000	0.0000	0.0000	0.0000	4
LOC101141027	LOC109026610	DN_NC_073227.2_8705656_4	DN_NC_073244.2_27765726_4	truthbar	0	4	4	4	multi	0	0.4302	0.0000	0.0000	0.0000	0.0000	4
LOC101141027	LOC115930172	DN_NC_073244.2_27051998_4	DN_NC_073244.2_27765726_4	genuine	0	4	4	4	multi	0	0.4557	0.6850	0.7500	1.0000	0.7500	4
LOC101141027	LOC115931567	DN_NC_073244.2_27566430_5	DN_NC_073244.2_27765726_4	genuine	0	5	4	4	multi	0	0.4828	0.3402	0.6000	0.7500	0.6000	4
LOC101141027	LOC115931568	DN_NC_073244.2_27765726_4	DN_NC_073244.2_28072858_4	truthbar	0	4	4	4	multi	0	0.4322	0.6699	0.7500	0.5000	0.5000	4
LOC101141027	LOC115931576	DN_NC_073244.2_27765726_4	DN_NC_073244.2_29046961_4	truthbar	0	4	4	4	multi	0	0.5334	0.6904	0.7500	0.7500	0.7500	4
LOC101141027	LOC115931654	DN_NC_073244.2_27765726_4	DN_NC_073244.2_65266359_4	truthbar	0	4	4	4	multi	0	0.2756	0.0000	0.0000	0.0000	0.0000	4
LOC101141027	LOC115931857	DN_NC_073244.2_27765726_4	DN_NC_073246.2_15789285_3	truthbar	0	4	3	3	multi	0	0.3456	0.0000	0.0000	0.0000	0.0000	4
LOC101141027	LOC129527827	DN_NC_073242.2_66613619_4	DN_NC_073244.2_27765726_4	genuine	0	4	4	4	multi	0	0.1859	0.8554	0.7500	1.0000	0.7500	4
LOC101141027	LOC129528947	DN_NC_073244.2_27408454_4	DN_NC_073244.2_27765726_4	genuine	0	4	4	4	multi	0	0.5133	0.6749	0.5000	0.7500	0.5000	4
LOC101141027	ZNF141	DN_NC_073227.2_8907801_4	DN_NC_073244.2_27765726_4	truthbar	0	4	4	4	multi	0	0.1604	0.0000	0.0000	0.0000	0.0000	4
LOC101141027	ZNF195	DN_NC_073233.2_9788172_5	DN_NC_073244.2_27765726_4	truthbar	0	5	4	4	multi	0	0.2412	0.0000	0.0000	0.0000	0.0000	4
LOC101141027	ZNF254	DN_NC_073244.2_27765726_4	DN_NC_073244.2_30438340_4	truthbar	0	4	4	4	multi	0	0.5419	0.7731	1.0000	0.7500	0.7500	4
LOC101141027	ZNF267	DN_NC_073242.2_37386128_4	DN_NC_073244.2_27765726_4	truthbar	0	4	4	4	multi	0	0.2215	0.0000	0.0000	0.0000	0.0000	4
LOC101141027	ZNF273	DN_NC_073230.2_74299233_4	DN_NC_073244.2_27765726_4	truthbar	0	4	4	4	multi	0	0.5307	0.6363	0.7500	1.0000	0.7500	4
LOC101141027	ZNF429	DN_NC_073244.2_27765726_4	DN_NC_073244.2_27956158_2	truthbar	0	4	2	2	multi	0	0.6447	0.5251	0.2500	0.5000	0.2500	4
LOC101141027	ZNF43	DN_NC_073244.2_27765726_4	DN_NC_073244.2_28333451_4	truthbar	0	4	4	4	multi	0	0.3634	1.0390	0.7500	0.7500	0.7500	4
LOC101141027	ZNF430	DN_NC_073244.2_27504818_5	DN_NC_073244.2_27765726_4	truthbar	0	5	4	4	multi	0	0.4785	0.6428	0.4000	0.7500	0.4000	4
LOC101141027	ZNF486	DN_NC_073244.2_26666712_5	DN_NC_073244.2_27765726_4	truthbar	0	5	4	4	multi	0	0.3927	0.0000	0.0000	0.0000	0.0000	4
LOC101141027	ZNF506	DN_NC_073244.2_26240035_4	DN_NC_073244.2_27765726_4	truthbar	0	4	4	4	multi	0	0.2474	0.6664	0.5000	0.7500	0.5000	4
LOC101141027	ZNF519	DN_NC_073241.2_36126198_2	DN_NC_073244.2_27765726_4	truthbar	0	2	4	2	multi	0	0.3643	0.0000	0.0000	0.0000	0.0000	4
LOC101141027	ZNF528	DN_NC_073244.2_27765726_4	DN_NC_073244.2_64368633_7	truthbar	0	4	7	4	multi	0	0.1867	0.0000	0.0000	0.0000	0.0000	4
LOC101141027	ZNF595	DN_NC_073227.2_8633416_4	DN_NC_073244.2_27765726_4	truthbar	0	4	4	4	multi	0	0.4592	0.0000	0.0000	0.0000	0.0000	4
LOC101141027	ZNF626	DN_NC_073244.2_27131194_2	DN_NC_073244.2_27765726_4	truthbar	0	2	4	2	multi	0	0.4403	0.3525	0.0000	0.0000	0.0000	4
LOC101141027	ZNF675	DN_NC_073244.2_27765726_4	DN_NC_073244.2_29970261_4	truthbar	0	4	4	4	multi	0	0.4460	0.8333	1.0000	1.0000	1.0000	4
LOC101141027	ZNF678	DN_NC_073224.2_40627195_4	DN_NC_073244.2_27765726_4	truthbar	0	4	4	4	multi	0	0.4480	0.0000	0.0000	0.0000	0.0000	4
LOC101141027	ZNF680	DN_NC_073230.2_73977205_4	DN_NC_073244.2_27765726_4	truthbar	0	4	4	4	multi	0	0.4983	0.6664	0.7500	1.0000	0.7500	4
LOC101141027	ZNF681	DN_NC_073244.2_27765726_4	DN_NC_073244.2_30067652_4	truthbar	0	4	4	4	multi	0	0.2772	1.0043	1.0000	0.7500	0.7500	4
LOC101141027	ZNF682	DN_NC_073244.2_26470366_4	DN_NC_073244.2_27765726_4	truthbar	0	4	4	4	multi	0	0.4445	0.0000	0.0000	0.0000	0.0000	4
LOC101141027	ZNF695	DN_NC_073224.2_8422960_4	DN_NC_073244.2_27765726_4	truthbar	0	4	4	4	multi	0	0.4743	0.0000	0.0000	0.0000	0.0000	4
LOC101141027	ZNF721	DN_NC_073227.2_9010062_2	DN_NC_073244.2_27765726_4	truthbar	0	2	4	2	multi	0	0.2891	0.0000	0.0000	0.0000	0.0000	4
LOC101141027	ZNF723	DN_NC_073244.2_27765726_4	DN_NC_073244.2_29232445_4	truthbar	0	4	4	4	multi	0	0.5104	0.7461	0.7500	1.0000	0.7500	4
LOC101141027	ZNF727	DN_NC_073230.2_73508332_4	DN_NC_073244.2_27765726_4	truthbar	0	4	4	4	multi	0	0.1546	0.0000	0.0000	0.0000	0.0000	4
LOC101141027	ZNF736	DN_NC_073230.2_73776646_4	DN_NC_073244.2_27765726_4	truthbar	0	4	4	4	multi	0	0.2888	0.0000	0.0000	0.0000	0.0000	4
LOC101141027	ZNF91	DN_NC_073244.2_27765726_4	DN_NC_073244.2_29680825_2	genuine	0	4	2	2	multi	0	0.2845	0.4496	0.2500	0.5000	0.2500	4
LOC101141027	ZNF92	DN_NC_073230.2_74637722_4	DN_NC_073244.2_27765726_4	truthbar	0	4	4	4	multi	0	0.5072	0.8628	0.7500	0.7500	0.7500	4
LOC101141165	LOC109024546	DN_NC_086018.1_19935965_4	DN_NC_086018.1_21140998_4	genuine	0	4	4	4	multi	0	0.3128	0.0000	0.0000	0.0000	0.0000	3
LOC101141171	NUDT10	DN_NC_073247.2_61509959_2	DN_NC_073247.2_61690478_2	TP	1	2	2	2	multi	0	0.2192	0.5069	0.5000	0.5000	0.5000	2
LOC101141192	LOC101146782	DN_NC_073232.2_65009281_5	DN_NC_073232.2_65534545_21	genuine	0	5	21	5	multi	0	0.1585	0.5502	0.6000	0.1429	0.1429	3
LOC101141192	LOC134759160	DN_NC_073232.2_64911725_5	DN_NC_073232.2_65009281_5	genuine	0	5	5	5	multi	0	0.7093	0.9998	1.0000	1.0000	1.0000	3
LOC101141821	LOC115933573	DN_NC_073236.2_31528778_7	DN_NC_073236.2_32340171_12	TP	1	7	12	7	multi	0	0.2778	0.7459	0.7143	0.5000	0.5000	0
LOC101142134	LOC101142998	DN_NC_073229.2_47549272_8	DN_NC_073229.2_48967498_8	truthbar	0	8	8	8	multi	0	0.4851	0.7400	0.8750	0.8750	0.8750	3
LOC101142134	LOC101143844	DN_NC_073229.2_47549272_8	DN_NC_073229.2_49051174_8	truthbar	0	8	8	8	multi	0	0.4831	0.7567	0.8750	0.8750	0.8750	3
LOC101142134	LOC101153360	DN_NC_073229.2_47549272_8	DN_NC_073229.2_48177425_8	truthbar	0	8	8	8	multi	0	0.5387	0.5463	0.7500	0.7500	0.7500	3
LOC101142134	LOC109027174	DN_NC_073229.2_47549272_8	DN_NC_073229.2_47663527_8	genuine	0	8	8	8	multi	0	0.9386	1.0026	1.0000	1.0000	1.0000	3
LOC101142134	MHC-G	DN_NC_073229.2_47377766_7	DN_NC_073229.2_47549272_8	truthbar	0	7	8	7	multi	0	0.8425	0.8920	0.8571	0.6250	0.6250	3
LOC101142371	RRN3	DN_NC_073242.2_29556580_18	DN_NC_073242.2_31545375_14	truthbar	0	18	14	14	multi	0	0.1947	0.5407	0.8333	0.9286	0.8333	1
LOC101142457	LOC129523511	DN_NC_073227.2_212285016_9	DN_NC_073247.2_167707352_7	TP	1	9	7	7	multi	0	0.5635	1.0274	0.8889	0.8571	0.8571	2
LOC101142457	LOC134756389	DN_NC_073231.2_151170137_9	DN_NC_073247.2_167707352_7	TP	1	9	7	7	multi	0	0.4029	1.0960	1.0000	1.0000	1.0000	2
LOC101142457	RABL2A	DN_NC_073235.2_15131698_9	DN_NC_073247.2_167707352_7	TP	1	9	7	7	multi	0	0.3069	0.9812	0.7778	0.8571	0.7778	2
LOC101142457	RABL2B	DN_NC_073247.2_167707352_7	DN_NC_086018.1_48818439_9	truthbar	0	7	9	7	multi	0	0.5125	1.0000	0.8571	1.0000	0.8571	2
LOC101142502	SERPINB9	DN_NC_073229.2_20497552_7	DN_NC_073241.2_93292541_7	genuine	0	7	7	7	multi	0	0.1622	0.0000	0.0000	0.0000	0.0000	3
LOC101142525	LOC134758618	DN_NC_073228.2_179980536_5	DN_NC_073230.2_113873404_2	genuine	0	5	2	2	multi	0	0.1432	0.0000	0.0000	0.0000	0.0000	1
LOC101142646	LOC101144471	DN_NC_073244.2_27869273_3	DN_NC_073244.2_64306022_6	truthbar	0	3	6	3	multi	0	0.1812	0.0000	0.0000	0.0000	0.0000	4
LOC101142646	LOC101144838	DN_NC_073244.2_27869273_3	DN_NC_073244.2_28256975_5	truthbar	0	3	5	3	multi	0	0.2093	0.0000	0.0000	0.0000	0.0000	4
LOC101142646	LOC101145945	DN_NC_073244.2_27869273_3	DN_NC_073244.2_28588105_4	truthbar	0	3	4	3	multi	0	0.1399	0.0000	0.0000	0.0000	0.0000	4
LOC101142646	LOC101146634	DN_NC_073244.2_27869273_3	DN_NC_073244.2_28711447_4	truthbar	0	3	5	3	multi	0	0.2093	0.0000	0.0000	0.0000	0.0000	4
LOC101142646	LOC101147715	DN_NC_073244.2_27869273_3	DN_NC_073244.2_28820229_4	truthbar	0	3	4	3	multi	0	0.1389	0.0000	0.0000	0.0000	0.0000	4
LOC101142646	LOC101151892	DN_NC_073227.2_8792448_3	DN_NC_073244.2_27869273_3	genuine	0	3	3	3	multi	0	0.1348	0.0000	0.0000	0.0000	0.0000	4
LOC101142646	LOC101153126	DN_NC_073244.2_27869273_3	DN_NC_073244.2_29297022_4	truthbar	0	3	4	3	multi	0	0.3294	0.0000	0.0000	0.0000	0.0000	4
LOC101142646	LOC109024216	DN_NC_073244.2_27869273_3	DN_NC_073244.2_65293743_4	truthbar	0	3	4	3	multi	0	0.1389	0.0000	0.0000	0.0000	0.0000	4
LOC101142646	LOC109026610	DN_NC_073227.2_8705656_4	DN_NC_073244.2_27869273_3	truthbar	0	4	3	3	multi	0	0.1989	0.0000	0.0000	0.0000	0.0000	4
LOC101142646	LOC115930172	DN_NC_073244.2_27051998_4	DN_NC_073244.2_27869273_3	genuine	0	4	3	3	multi	0	0.2193	0.0000	0.0000	0.0000	0.0000	4
LOC101142646	LOC115931567	DN_NC_073244.2_27566430_5	DN_NC_073244.2_27869273_3	genuine	0	5	3	3	multi	0	0.2583	0.0000	0.0000	0.0000	0.0000	4
LOC101142646	LOC115931568	DN_NC_073244.2_27869273_3	DN_NC_073244.2_28072858_4	truthbar	0	3	4	3	multi	0	0.2093	0.0000	0.0000	0.0000	0.0000	4
LOC101142646	LOC115931576	DN_NC_073244.2_27869273_3	DN_NC_073244.2_29046961_4	truthbar	0	3	4	3	multi	0	0.3191	0.0000	0.0000	0.0000	0.0000	4
LOC101142646	LOC115931654	DN_NC_073244.2_27869273_3	DN_NC_073244.2_65266359_4	truthbar	0	3	4	3	multi	0	0.3204	0.0000	0.0000	0.0000	0.0000	4
LOC101142646	LOC115931857	DN_NC_073244.2_27869273_3	DN_NC_073246.2_15789285_3	truthbar	0	3	3	3	multi	0	0.2760	0.0000	0.0000	0.0000	0.0000	4
LOC101142646	LOC129527827	DN_NC_073242.2_66613619_4	DN_NC_073244.2_27869273_3	genuine	0	4	3	3	multi	0	0.1395	0.0000	0.0000	0.0000	0.0000	4
LOC101142646	LOC129528947	DN_NC_073244.2_27408454_4	DN_NC_073244.2_27869273_3	genuine	0	4	3	3	multi	0	0.3031	0.0000	0.0000	0.0000	0.0000	4
LOC101142646	ZNF141	DN_NC_073227.2_8907801_4	DN_NC_073244.2_27869273_3	truthbar	0	4	3	3	multi	0	0.2039	0.0000	0.0000	0.0000	0.0000	4
LOC101142646	ZNF195	DN_NC_073233.2_9788172_5	DN_NC_073244.2_27869273_3	truthbar	0	5	3	3	multi	0	0.2714	0.0000	0.0000	0.0000	0.0000	4
LOC101142646	ZNF254	DN_NC_073244.2_27869273_3	DN_NC_073244.2_30438340_4	truthbar	0	3	4	3	multi	0	0.3294	0.0000	0.0000	0.0000	0.0000	4
LOC101142646	ZNF267	DN_NC_073242.2_37386128_4	DN_NC_073244.2_27869273_3	truthbar	0	4	3	3	multi	0	0.1659	0.0000	0.0000	0.0000	0.0000	4
LOC101142646	ZNF273	DN_NC_073230.2_74299233_4	DN_NC_073244.2_27869273_3	truthbar	0	4	3	3	multi	0	0.2840	0.0000	0.0000	0.0000	0.0000	4
LOC101142646	ZNF347	DN_NC_073244.2_27869273_3	DN_NC_073244.2_65073171_5	truthbar	0	3	5	3	multi	0	0.1315	0.0000	0.0000	0.0000	0.0000	4
LOC101142646	ZNF415	DN_NC_073244.2_27869273_3	DN_NC_073244.2_65046428_4	truthbar	0	3	3	3	multi	0	0.2661	0.0000	0.0000	0.0000	0.0000	4
LOC101142646	ZNF429	DN_NC_073244.2_27869273_3	DN_NC_073244.2_27956158_4	truthbar	0	3	4	3	multi	0	0.3642	0.0000	0.0000	0.0000	0.0000	4
LOC101142646	ZNF43	DN_NC_073244.2_27869273_3	DN_NC_073244.2_28333451_4	truthbar	0	3	4	3	multi	0	0.3294	0.0000	0.0000	0.0000	0.0000	4
LOC101142646	ZNF430	DN_NC_073244.2_27504818_5	DN_NC_073244.2_27869273_3	truthbar	0	5	3	3	multi	0	0.2380	0.5527	0.2000	0.6667	0.2000	4
LOC101142646	ZNF468	DN_NC_073244.2_27869273_3	DN_NC_073244.2_64797239_5	truthbar	0	3	5	3	multi	0	0.1719	0.0000	0.0000	0.0000	0.0000	4
LOC101142646	ZNF486	DN_NC_073244.2_26666712_5	DN_NC_073244.2_27869273_3	truthbar	0	5	3	3	multi	0	0.1639	0.0000	0.0000	0.0000	0.0000	4
LOC101142646	ZNF506	DN_NC_073244.2_26240035_4	DN_NC_073244.2_27869273_3	truthbar	0	4	3	3	multi	0	0.1379	0.0000	0.0000	0.0000	0.0000	4
LOC101142646	ZNF519	DN_NC_073241.2_36126198_2	DN_NC_073244.2_27869273_3	truthbar	0	2	3	2	multi	0	0.1658	0.0000	0.0000	0.0000	0.0000	4
LOC101142646	ZNF578	DN_NC_073244.2_27869273_3	DN_NC_073244.2_64426370_6	truthbar	0	3	6	3	multi	0	0.1469	0.0000	0.0000	0.0000	0.0000	4
LOC101142646	ZNF595	DN_NC_073227.2_8633418_2	DN_NC_073244.2_27869273_3	truthbar	0	2	3	2	multi	0	0.3687	0.0000	0.0000	0.0000	0.0000	4
LOC101142646	ZNF600	DN_NC_073244.2_27869273_3	DN_NC_073244.2_64724127_4	truthbar	0	3	4	3	multi	0	0.2036	0.0000	0.0000	0.0000	0.0000	4
LOC101142646	ZNF611	DN_NC_073244.2_27869273_3	DN_NC_073244.2_64672255_4	truthbar	0	3	4	3	multi	0	0.1699	0.0000	0.0000	0.0000	0.0000	4
LOC101142646	ZNF616	DN_NC_073244.2_27869273_3	DN_NC_073244.2_64081943_4	truthbar	0	3	4	3	multi	0	0.2473	0.0000	0.0000	0.0000	0.0000	4
LOC101142646	ZNF626	DN_NC_073244.2_27131194_2	DN_NC_073244.2_27869273_3	truthbar	0	2	3	2	multi	0	0.2063	0.0000	0.0000	0.0000	0.0000	4
LOC101142646	ZNF675	DN_NC_073244.2_27869273_3	DN_NC_073244.2_29970261_4	truthbar	0	3	4	3	multi	0	0.1926	0.0000	0.0000	0.0000	0.0000	4
LOC101142646	ZNF678	DN_NC_073224.2_40627195_4	DN_NC_073244.2_27869273_3	truthbar	0	4	3	3	multi	0	0.3111	0.0000	0.0000	0.0000	0.0000	4
LOC101142646	ZNF680	DN_NC_073230.2_73977205_4	DN_NC_073244.2_27869273_3	truthbar	0	4	3	3	multi	0	0.2744	0.0000	0.0000	0.0000	0.0000	4
LOC101142646	ZNF681	DN_NC_073244.2_27869273_3	DN_NC_073244.2_30067652_4	truthbar	0	3	4	3	multi	0	0.3291	0.0000	0.0000	0.0000	0.0000	4
LOC101142646	ZNF682	DN_NC_073244.2_26470366_4	DN_NC_073244.2_27869273_3	truthbar	0	4	3	3	multi	0	0.2083	0.0000	0.0000	0.0000	0.0000	4
LOC101142646	ZNF695	DN_NC_073224.2_8422960_4	DN_NC_073244.2_27869273_3	truthbar	0	4	3	3	multi	0	0.2316	0.0000	0.0000	0.0000	0.0000	4
LOC101142646	ZNF721	DN_NC_073227.2_9010062_2	DN_NC_073244.2_27869273_3	truthbar	0	2	3	2	multi	0	0.2310	0.0000	0.0000	0.0000	0.0000	4
LOC101142646	ZNF723	DN_NC_073244.2_27869273_3	DN_NC_073244.2_29232445_4	truthbar	0	3	4	3	multi	0	0.3001	0.6749	0.6667	0.5000	0.5000	4
LOC101142646	ZNF727	DN_NC_073230.2_73508332_4	DN_NC_073244.2_27869273_3	truthbar	0	4	3	3	multi	0	0.1636	0.0000	0.0000	0.0000	0.0000	4
LOC101142646	ZNF736	DN_NC_073230.2_73776646_4	DN_NC_073244.2_27869273_3	truthbar	0	4	3	3	multi	0	0.1742	0.0000	0.0000	0.0000	0.0000	4
LOC101142646	ZNF761	DN_NC_073244.2_27869273_3	DN_NC_073244.2_65362909_5	truthbar	0	3	5	3	multi	0	0.3291	0.0000	0.0000	0.0000	0.0000	4
LOC101142646	ZNF808	DN_NC_073244.2_27869273_3	DN_NC_073244.2_64500861_5	truthbar	0	3	5	3	multi	0	0.1929	0.0000	0.0000	0.0000	0.0000	4
LOC101142646	ZNF813	DN_NC_073244.2_27869273_3	DN_NC_073244.2_65398487_4	truthbar	0	3	4	3	multi	0	0.1305	0.0000	0.0000	0.0000	0.0000	4
LOC101142646	ZNF888	DN_NC_073244.2_27869273_3	DN_NC_073244.2_64860608_4	truthbar	0	3	4	3	multi	0	0.1802	0.0000	0.0000	0.0000	0.0000	4
LOC101142646	ZNF91	DN_NC_073244.2_27869273_3	DN_NC_073244.2_29680825_4	truthbar	0	3	4	3	multi	0	0.1782	0.0000	0.0000	0.0000	0.0000	4
LOC101142646	ZNF92	DN_NC_073230.2_74637814_2	DN_NC_073244.2_27869273_3	truthbar	0	2	3	2	multi	0	0.2803	0.0000	0.0000	0.0000	0.0000	4
LOC101142783	LOC115933254	DN_NC_073236.2_32935295_3	DN_NC_073237.2_29418618_13	TP	1	3	13	3	multi	0	0.2947	0.4930	0.3333	0.0769	0.0769	4
LOC101142859	LOC134758545	DN_NC_073228.2_66328056_2	DN_NC_073228.2_70719297_2	TP	1	2	2	2	multi	0	0.4722	1.1398	1.0000	0.5000	0.5000	3
LOC101142904	LOC129530552	DN_NC_073246.2_2235416_3	DN_NC_086018.1_1774757_3	TP	1	3	3	3	multi	0	0.3802	1.0013	1.0000	1.0000	1.0000	3
LOC101142918	LOC115936005	DN_NC_073232.2_92223921_5	DN_NC_073232.2_99723280_5	genuine	0	5	5	5	multi	0	0.6829	1.0009	1.0000	1.0000	1.0000	1
LOC101142998	LOC101143844	DN_NC_073229.2_48967498_8	DN_NC_073229.2_49051174_8	TP	1	8	8	8	multi	0	0.5176	0.8016	0.8750	0.8750	0.8750	3
LOC101142998	LOC101153360	DN_NC_073229.2_48177425_8	DN_NC_073229.2_48967498_8	truthbar	0	8	8	8	multi	0	0.4590	0.5617	0.7500	0.7500	0.7500	3
LOC101142998	LOC109027174	DN_NC_073229.2_47663527_8	DN_NC_073229.2_48967498_8	genuine	0	8	8	8	multi	0	0.4920	0.7530	0.8750	0.8750	0.8750	3
LOC101142998	MHC-G	DN_NC_073229.2_47377766_7	DN_NC_073229.2_48967498_8	truthbar	0	7	8	7	multi	0	0.8076	0.7670	0.4286	0.3750	0.3750	3
LOC101143038	WASHC2C	DN_NC_073232.2_65721054_29	DN_NC_073232.2_69588940_31	TP	1	29	31	29	multi	0	0.3528	0.9953	1.0000	1.0000	1.0000	0
LOC101143142	LOC129530478	DN_NC_073246.2_2464898_3	DN_NC_086018.1_2012052_3	TP	1	3	3	3	multi	0	0.7828	1.0624	1.0000	1.0000	1.0000	4
LOC101143194	MYH1	DN_NC_073239.2_33219684_14	DN_NC_073243.2_25770609_26	truthbar	0	14	26	14	multi	0	0.7902	0.0000	0.0000	0.0000	0.0000	1
LOC101143194	MYH7B	DN_NC_073239.2_33219684_14	DN_NC_073245.2_47207807_14	truthbar	0	14	13	13	multi	0	0.5527	0.0000	0.0000	0.0000	0.0000	1
LOC101143194	MYH8	DN_NC_073239.2_33219684_14	DN_NC_073243.2_25668904_14	truthbar	0	14	14	14	multi	0	0.9368	0.0000	0.0000	0.0000	0.0000	1
LOC101143404	SHQ1	DN_NC_073232.2_65161149_4	DN_NC_086017.1_82640717_11	genuine	0	4	11	4	multi	0	0.3237	0.5863	0.0000	0.9091	0.0000	1
LOC101143406	LOC101144261	DN_NC_073232.2_68371563_10	DN_NC_073232.2_68618263_8	TP	1	10	8	8	multi	0	0.6485	0.9738	0.9000	1.0000	0.9000	4
LOC101143448	LOC101145464	DN_NC_073240.2_21986088_4	DN_NC_073247.2_147586730_5	genuine	0	4	5	4	multi	0	0.1319	0.1889	0.0000	0.0000	0.0000	0
LOC101143448	LOC109023154	DN_NC_073239.2_123333523_2	DN_NC_073240.2_21986088_4	genuine	0	2	4	2	multi	0	0.1454	0.2018	0.0000	0.0000	0.0000	0
LOC101143448	LOC109025730	DN_NC_073224.2_123525276_5	DN_NC_073240.2_21986088_4	genuine	0	5	4	4	multi	0	0.2417	0.3404	0.2000	0.0000	0.0000	0
LOC101143448	PDCD5	DN_NC_073240.2_21986088_4	DN_NC_073244.2_43610901_6	genuine	0	4	6	4	multi	0	0.2570	0.3652	0.0000	0.1667	0.0000	0
LOC101143448	SPC25	DN_NC_073235.2_71373985_7	DN_NC_073240.2_21986088_4	genuine	0	7	4	4	multi	0	0.3382	0.3390	0.1429	0.0000	0.0000	0
LOC101143487	LOC129523491	DN_NC_073230.2_13358875_21	DN_NC_073230.2_14200490_21	TP	1	21	21	21	multi	0	0.8911	0.9650	0.9524	0.9048	0.9048	1
LOC101143714	SLFN11	DN_NC_073228.2_57567147_5	DN_NC_073228.2_57642308_6	truthbar	0	5	6	5	multi	0	0.2308	0.6159	0.8000	0.6667	0.6667	1
LOC101143714	SLFN12	DN_NC_073228.2_57477870_3	DN_NC_073228.2_57583458_4	truthbar	0	3	4	3	multi	0	0.2608	0.2572	0.0000	0.2500	0.0000	1
LOC101143820	SNRNP25	DN_NC_073235.2_144823500_4	DN_NC_073242.2_3673676_5	TP	1	4	5	4	multi	0	0.5829	1.0754	1.0000	0.8000	0.8000	1
LOC101143844	LOC101153360	DN_NC_073229.2_48177425_8	DN_NC_073229.2_49051174_8	truthbar	0	8	8	8	multi	0	0.4854	0.6158	0.7500	0.7500	0.7500	3
LOC101143844	LOC109027174	DN_NC_073229.2_47663527_8	DN_NC_073229.2_49051174_8	genuine	0	8	8	8	multi	0	0.4946	0.8577	1.0000	1.0000	1.0000	3
LOC101143844	MHC-G	DN_NC_073229.2_47377766_7	DN_NC_073229.2_49051174_8	truthbar	0	7	8	7	multi	0	0.8084	0.8555	0.7143	0.6250	0.6250	3
LOC101143855	LOC115935294	DN_NC_073230.2_13331389_15	DN_NC_073230.2_14245227_15	TP	1	15	15	15	multi	0	1.0000	1.0000	1.0000	1.0000	1.0000	1
LOC101143875	LOC115933307	DN_NC_073237.2_23692487_10	DN_NC_073237.2_30061699_3	TP	1	10	3	3	multi	0	0.2502	0.2517	0.2000	0.6667	0.2000	4
LOC101144119	LOC101146634	DN_NC_073230.2_64900495_2	DN_NC_073244.2_28711447_2	genuine	0	2	2	2	multi	0	0.2260	0.0000	0.0000	0.0000	0.0000	4
LOC101144119	LOC109026610	DN_NC_073227.2_8705656_4	DN_NC_073230.2_64900495_2	genuine	0	4	2	2	multi	0	0.1859	0.0000	0.0000	0.0000	0.0000	4
LOC101144119	LOC115931568	DN_NC_073230.2_64900495_2	DN_NC_073244.2_28072858_4	genuine	0	2	4	2	multi	0	0.2420	0.0000	0.0000	0.0000	0.0000	4
LOC101144119	LOC129527827	DN_NC_073230.2_64900495_2	DN_NC_073242.2_66613619_4	genuine	0	2	4	2	multi	0	0.1304	0.0000	0.0000	0.0000	0.0000	4
LOC101144119	ZNF254	DN_NC_073230.2_64900495_2	DN_NC_073244.2_30438386_2	genuine	0	2	2	2	multi	0	0.1959	0.0000	0.0000	0.0000	0.0000	4
LOC101144119	ZNF273	DN_NC_073230.2_64900495_2	DN_NC_073230.2_74299233_4	genuine	0	2	4	2	multi	0	0.1936	0.0000	0.0000	0.0000	0.0000	4
LOC101144119	ZNF429	DN_NC_073230.2_64900495_2	DN_NC_073244.2_27956158_2	genuine	0	2	2	2	multi	0	0.3005	0.0000	0.0000	0.0000	0.0000	4
LOC101144119	ZNF430	DN_NC_073230.2_64900495_2	DN_NC_073244.2_27504818_5	genuine	0	2	5	2	multi	0	0.1435	0.0000	0.0000	0.0000	0.0000	4
LOC101144119	ZNF486	DN_NC_073230.2_64900495_2	DN_NC_073244.2_26666712_5	genuine	0	2	5	2	multi	0	0.1460	0.0000	0.0000	0.0000	0.0000	4
LOC101144119	ZNF506	DN_NC_073230.2_64900495_2	DN_NC_073244.2_26240039_2	genuine	0	2	2	2	multi	0	0.2671	0.0000	0.0000	0.0000	0.0000	4
LOC101144119	ZNF595	DN_NC_073227.2_8633418_2	DN_NC_073230.2_64900495_2	genuine	0	2	2	2	multi	0	0.2462	0.0000	0.0000	0.0000	0.0000	4
LOC101144119	ZNF626	DN_NC_073230.2_64900495_2	DN_NC_073244.2_27131194_2	genuine	0	2	2	2	multi	0	0.2045	0.0000	0.0000	0.0000	0.0000	4
LOC101144119	ZNF675	DN_NC_073230.2_64900495_2	DN_NC_073244.2_29970261_4	genuine	0	2	4	2	multi	0	0.1458	0.0000	0.0000	0.0000	0.0000	4
LOC101144119	ZNF678	DN_NC_073224.2_40627195_4	DN_NC_073230.2_64900495_2	genuine	0	4	2	2	multi	0	0.1927	0.0000	0.0000	0.0000	0.0000	4
LOC101144119	ZNF680	DN_NC_073230.2_64900495_2	DN_NC_073230.2_73977205_4	genuine	0	2	4	2	multi	0	0.2227	0.0000	0.0000	0.0000	0.0000	4
LOC101144119	ZNF682	DN_NC_073230.2_64900495_2	DN_NC_073244.2_26470366_4	genuine	0	2	4	2	multi	0	0.2247	0.0000	0.0000	0.0000	0.0000	4
LOC101144119	ZNF723	DN_NC_073230.2_64900495_2	DN_NC_073244.2_29232445_4	genuine	0	2	4	2	multi	0	0.3908	0.0000	0.0000	0.0000	0.0000	4
LOC101144119	ZNF91	DN_NC_073230.2_64900495_2	DN_NC_073244.2_29680825_2	genuine	0	2	2	2	multi	0	0.1424	0.0000	0.0000	0.0000	0.0000	4
LOC101144243	VPS13B	DN_NC_073231.2_105681903_7	DN_NC_073231.2_105703620_4	genuine	0	7	4	4	multi	0	0.6453	0.6450	0.1429	0.2500	0.1429	1
LOC101144471	LOC101146634	DN_NC_073244.2_28711447_4	DN_NC_073244.2_64340366_4	truthbar	0	5	4	4	multi	0	0.1670	0.0000	0.0000	0.0000	0.0000	4
LOC101144471	LOC101147715	DN_NC_073244.2_28820229_4	DN_NC_073244.2_64340366_4	truthbar	0	4	4	4	multi	0	0.1396	0.0000	0.0000	0.0000	0.0000	4
LOC101144471	LOC101150965	DN_NC_073244.2_64306022_6	DN_NC_073244.2_64400145_5	genuine	0	6	5	5	multi	0	0.4077	0.0000	0.0000	0.0000	0.0000	4
LOC101144471	LOC101152401	DN_NC_073244.2_64340366_4	DN_NC_073244.2_64836827_4	truthbar	0	4	4	4	multi	0	0.2025	0.0000	0.0000	0.0000	0.0000	4
LOC101144471	LOC101153131	DN_NC_073244.2_64340366_4	DN_NC_073244.2_64908457_4	truthbar	0	4	4	4	multi	0	0.3202	0.0000	0.0000	0.0000	0.0000	4
LOC101144471	LOC109024216	DN_NC_073244.2_64340366_4	DN_NC_073244.2_65293743_4	truthbar	0	4	4	4	multi	0	0.1541	0.0000	0.0000	0.0000	0.0000	4
LOC101144471	LOC109026610	DN_NC_073227.2_8705656_4	DN_NC_073244.2_64340366_4	truthbar	0	4	4	4	multi	0	0.1828	0.0000	0.0000	0.0000	0.0000	4
LOC101144471	LOC115931567	DN_NC_073244.2_27626411_5	DN_NC_073244.2_64340366_4	genuine	0	5	4	4	multi	0	0.2442	0.0000	0.0000	0.0000	0.0000	4
LOC101144471	LOC115931568	DN_NC_073244.2_28072858_4	DN_NC_073244.2_64340366_4	truthbar	0	4	4	4	multi	0	0.1359	0.0000	0.0000	0.0000	0.0000	4
LOC101144471	LOC115931576	DN_NC_073244.2_29046961_4	DN_NC_073244.2_64340366_4	truthbar	0	4	4	4	multi	0	0.3403	0.0000	0.0000	0.0000	0.0000	4
LOC101144471	LOC115931654	DN_NC_073244.2_64340366_4	DN_NC_073244.2_65266359_4	truthbar	0	4	4	4	multi	0	0.3180	0.0000	0.0000	0.0000	0.0000	4
LOC101144471	LOC115931857	DN_NC_073244.2_64340366_4	DN_NC_073246.2_15789285_3	truthbar	0	4	3	3	multi	0	0.2263	0.0000	0.0000	0.0000	0.0000	4
LOC101144471	LOC129527827	DN_NC_073242.2_66613619_4	DN_NC_073244.2_64340366_4	genuine	0	4	4	4	multi	0	0.1612	0.0000	0.0000	0.0000	0.0000	4
LOC101144471	LOC129528947	DN_NC_073244.2_27408454_4	DN_NC_073244.2_64340366_4	genuine	0	4	4	4	multi	0	0.2738	0.0000	0.0000	0.0000	0.0000	4
LOC101144471	OSBPL10	DN_NC_073244.2_64306022_6	DN_NC_086017.1_41849470_3	genuine	0	6	3	3	multi	0	0.2317	0.0000	0.0000	0.0000	0.0000	4
LOC101144471	ZNF141	DN_NC_073227.2_8907801_4	DN_NC_073244.2_64340366_4	truthbar	0	4	4	4	multi	0	0.2235	0.0000	0.0000	0.0000	0.0000	4
LOC101144471	ZNF195	DN_NC_073233.2_9788172_5	DN_NC_073244.2_64340366_4	truthbar	0	5	4	4	multi	0	0.2459	0.0000	0.0000	0.0000	0.0000	4
LOC101144471	ZNF254	DN_NC_073244.2_30438340_4	DN_NC_073244.2_64340366_4	truthbar	0	4	4	4	multi	0	0.2402	0.0000	0.0000	0.0000	0.0000	4
LOC101144471	ZNF267	DN_NC_073242.2_37386128_4	DN_NC_073244.2_64340366_4	truthbar	0	4	4	4	multi	0	0.1842	0.0000	0.0000	0.0000	0.0000	4
LOC101144471	ZNF273	DN_NC_073230.2_74299233_4	DN_NC_073244.2_64340366_4	truthbar	0	4	4	4	multi	0	0.1508	0.0000	0.0000	0.0000	0.0000	4
LOC101144471	ZNF28	DN_NC_073244.2_64340366_4	DN_NC_073244.2_64759228_5	truthbar	0	4	5	4	multi	0	0.2101	0.0000	0.0000	0.0000	0.0000	4
LOC101144471	ZNF347	DN_NC_073244.2_64306022_6	DN_NC_073244.2_65073171_5	truthbar	0	6	5	5	multi	0	0.2489	0.0000	0.0000	0.0000	0.0000	4
LOC101144471	ZNF415	DN_NC_073244.2_64306022_6	DN_NC_073244.2_65046428_2	truthbar	0	6	4	4	multi	0	0.3265	0.0000	0.0000	0.0000	0.0000	4
LOC101144471	ZNF429	DN_NC_073244.2_27956158_2	DN_NC_073244.2_64340366_4	truthbar	0	2	4	2	multi	0	0.2872	0.0000	0.0000	0.0000	0.0000	4
LOC101144471	ZNF43	DN_NC_073244.2_28333451_4	DN_NC_073244.2_64340366_4	truthbar	0	4	4	4	multi	0	0.2038	0.0000	0.0000	0.0000	0.0000	4
LOC101144471	ZNF468	DN_NC_073244.2_64340366_4	DN_NC_073244.2_64797239_5	truthbar	0	4	5	4	multi	0	0.2413	0.0000	0.0000	0.0000	0.0000	4
LOC101144471	ZNF480	DN_NC_073244.2_64265252_5	DN_NC_073244.2_64340366_4	truthbar	0	5	4	4	multi	0	0.2359	0.0000	0.0000	0.0000	0.0000	4
LOC101144471	ZNF519	DN_NC_073241.2_36126198_2	DN_NC_073244.2_64340366_4	truthbar	0	2	4	2	multi	0	0.3032	0.0000	0.0000	0.0000	0.0000	4
LOC101144471	ZNF528	DN_NC_073244.2_64306022_6	DN_NC_073244.2_64368633_7	truthbar	0	6	7	6	multi	0	0.2275	0.0000	0.0000	0.0000	0.0000	4
LOC101144471	ZNF578	DN_NC_073244.2_64340366_4	DN_NC_073244.2_64426370_6	truthbar	0	4	6	4	multi	0	0.2524	0.0000	0.0000	0.0000	0.0000	4
LOC101144471	ZNF595	DN_NC_073227.2_8633416_4	DN_NC_073244.2_64340366_4	truthbar	0	4	4	4	multi	0	0.2220	0.0000	0.0000	0.0000	0.0000	4
LOC101144471	ZNF600	DN_NC_073244.2_64340366_4	DN_NC_073244.2_64724127_4	truthbar	0	4	4	4	multi	0	0.2484	0.0000	0.0000	0.0000	0.0000	4
LOC101144471	ZNF611	DN_NC_073244.2_64340366_4	DN_NC_073244.2_64672255_4	truthbar	0	4	4	4	multi	0	0.2395	0.0000	0.0000	0.0000	0.0000	4
LOC101144471	ZNF616	DN_NC_073244.2_64081943_4	DN_NC_073244.2_64306022_6	truthbar	0	4	6	4	multi	0	0.2271	0.0000	0.0000	0.0000	0.0000	4
LOC101144471	ZNF675	DN_NC_073244.2_29970261_4	DN_NC_073244.2_64340366_4	truthbar	0	4	4	4	multi	0	0.2820	0.0000	0.0000	0.0000	0.0000	4
LOC101144471	ZNF678	DN_NC_073224.2_40627195_4	DN_NC_073244.2_64306022_6	truthbar	0	4	6	4	multi	0	0.1813	0.0000	0.0000	0.0000	0.0000	4
LOC101144471	ZNF681	DN_NC_073244.2_30067652_4	DN_NC_073244.2_64340366_4	truthbar	0	4	4	4	multi	0	0.1678	0.0000	0.0000	0.0000	0.0000	4
LOC101144471	ZNF701	DN_NC_073244.2_64340366_4	DN_NC_073244.2_64543447_4	truthbar	0	4	4	4	multi	0	0.1678	0.0000	0.0000	0.0000	0.0000	4
LOC101144471	ZNF761	DN_NC_073244.2_64340366_4	DN_NC_073244.2_65362909_5	truthbar	0	4	5	4	multi	0	0.2002	0.0000	0.0000	0.0000	0.0000	4
LOC101144471	ZNF766	DN_NC_073244.2_64231369_4	DN_NC_073244.2_64340366_4	truthbar	0	4	4	4	multi	0	0.3769	0.0000	0.0000	0.0000	0.0000	4
LOC101144471	ZNF808	DN_NC_073244.2_64340366_4	DN_NC_073244.2_64500861_5	truthbar	0	4	5	4	multi	0	0.2737	0.0000	0.0000	0.0000	0.0000	4
LOC101144471	ZNF813	DN_NC_073244.2_64340366_4	DN_NC_073244.2_65398487_4	truthbar	0	4	4	4	multi	0	0.1769	0.0000	0.0000	0.0000	0.0000	4
LOC101144471	ZNF83	DN_NC_073244.2_64340366_4	DN_NC_073244.2_64585864_4	truthbar	0	4	4	4	multi	0	0.3098	0.0000	0.0000	0.0000	0.0000	4
LOC101144471	ZNF836	DN_NC_073244.2_64125568_5	DN_NC_073244.2_64340366_4	truthbar	0	5	4	4	multi	0	0.1792	0.0000	0.0000	0.0000	0.0000	4
LOC101144471	ZNF841	DN_NC_073244.2_64034715_7	DN_NC_073244.2_64340366_4	truthbar	0	7	4	4	multi	0	0.4235	0.0000	0.0000	0.0000	0.0000	4
LOC101144471	ZNF888	DN_NC_073244.2_64306022_6	DN_NC_073244.2_64860608_4	truthbar	0	6	4	4	multi	0	0.2489	0.0000	0.0000	0.0000	0.0000	4
LOC101144471	ZNF91	DN_NC_073244.2_29680825_2	DN_NC_073244.2_64306022_6	truthbar	0	2	6	2	multi	0	0.2310	0.0000	0.0000	0.0000	0.0000	4
LOC101144552	RHBDF1	DN_NC_073235.2_144819821_8	DN_NC_073242.2_3677891_18	TP	1	8	17	8	multi	0	0.9661	0.9655	1.0000	0.4706	0.4706	1
LOC101144552	RHBDF2	DN_NC_073228.2_15481792_19	DN_NC_073235.2_144819821_8	truthbar	0	19	8	8	multi	0	0.5458	0.0000	0.0000	0.0000	0.0000	1
LOC101144552	SNRNP25	DN_NC_073235.2_144819821_8	DN_NC_073242.2_3673676_5	genuine	0	8	5	5	multi	0	0.4648	0.4661	0.1250	0.0000	0.0000	1
LOC101144634	LOC115930073	DN_NC_073224.2_5565564_3	DN_NC_073224.2_5715398_2	TP	1	3	2	2	multi	0	1.0000	1.0000	0.6667	1.0000	0.6667	1
LOC101144655	ZMYM5	DN_NC_073238.2_34124992_8	DN_NC_073238.2_34259091_25	genuine	0	8	25	8	multi	0	0.2243	0.1969	0.5000	0.1200	0.1200	1
LOC101144838	LOC101145945	DN_NC_073244.2_28256975_5	DN_NC_073244.2_28588105_4	truthbar	0	5	4	4	multi	0	0.2299	0.3905	0.4000	0.5000	0.4000	4
LOC101144838	LOC101146634	DN_NC_073244.2_28256975_5	DN_NC_073244.2_28711447_4	truthbar	0	5	5	5	multi	0	0.3717	0.2615	0.0000	0.0000	0.0000	4
LOC101144838	LOC101147715	DN_NC_073244.2_28256975_5	DN_NC_073244.2_28820229_4	genuine	0	5	4	4	multi	0	0.1897	0.0000	0.0000	0.0000	0.0000	4
LOC101144838	LOC101153126	DN_NC_073244.2_28256975_5	DN_NC_073244.2_29297022_4	truthbar	0	5	4	4	multi	0	0.1345	0.3456	0.4000	0.5000	0.4000	4
LOC101144838	LOC109026610	DN_NC_073227.2_8705656_4	DN_NC_073244.2_28256975_5	truthbar	0	4	5	4	multi	0	0.2857	0.0000	0.0000	0.0000	0.0000	4
LOC101144838	LOC115930172	DN_NC_073244.2_27051998_4	DN_NC_073244.2_28256975_5	genuine	0	4	5	4	multi	0	0.3973	0.4050	0.5000	0.4000	0.4000	4
LOC101144838	LOC115931567	DN_NC_073244.2_27626411_5	DN_NC_073244.2_28256975_5	genuine	0	5	5	5	multi	0	0.4460	0.4834	0.8000	0.8000	0.8000	4
LOC101144838	LOC115931568	DN_NC_073244.2_28072858_4	DN_NC_073244.2_28256975_5	truthbar	0	4	5	4	multi	0	0.4675	0.0000	0.0000	0.0000	0.0000	4
LOC101144838	LOC115931576	DN_NC_073244.2_28256975_5	DN_NC_073244.2_29046961_4	truthbar	0	5	4	4	multi	0	0.3661	0.6051	0.6000	0.7500	0.6000	4
LOC101144838	LOC115931857	DN_NC_073244.2_28256975_5	DN_NC_073246.2_15789320_2	truthbar	0	5	2	2	multi	0	0.1650	0.0000	0.0000	0.0000	0.0000	4
LOC101144838	LOC129527827	DN_NC_073242.2_66613619_4	DN_NC_073244.2_28256975_5	genuine	0	4	5	4	multi	0	0.2277	0.0000	0.0000	0.0000	0.0000	4
LOC101144838	LOC129528947	DN_NC_073244.2_27408454_4	DN_NC_073244.2_28256975_5	genuine	0	4	5	4	multi	0	0.3354	0.4161	0.5000	0.4000	0.4000	4
LOC101144838	ZNF141	DN_NC_073227.2_8907801_4	DN_NC_073244.2_28256975_5	truthbar	0	4	5	4	multi	0	0.2124	0.0000	0.0000	0.0000	0.0000	4
LOC101144838	ZNF254	DN_NC_073244.2_28256975_5	DN_NC_073244.2_30438386_2	truthbar	0	5	2	2	multi	0	0.2843	0.0000	0.0000	0.0000	0.0000	4
LOC101144838	ZNF273	DN_NC_073230.2_74299233_4	DN_NC_073244.2_28256975_5	truthbar	0	4	5	4	multi	0	0.3760	0.5137	0.5000	0.4000	0.4000	4
LOC101144838	ZNF28	DN_NC_073244.2_28256975_5	DN_NC_073244.2_64759228_5	genuine	0	5	5	5	multi	0	0.1813	0.0000	0.0000	0.0000	0.0000	4
LOC101144838	ZNF429	DN_NC_073244.2_27956158_2	DN_NC_073244.2_28256975_5	truthbar	0	2	5	2	multi	0	0.5831	0.3341	0.0000	0.0000	0.0000	4
LOC101144838	ZNF43	DN_NC_073244.2_28256975_5	DN_NC_073244.2_28333451_4	truthbar	0	5	4	4	multi	0	0.3156	0.5288	0.0000	0.0000	0.0000	4
LOC101144838	ZNF430	DN_NC_073244.2_27504818_5	DN_NC_073244.2_28256975_5	TP	1	5	5	5	multi	0	0.3717	0.5570	0.8000	0.8000	0.8000	4
LOC101144838	ZNF468	DN_NC_073244.2_28256975_5	DN_NC_073244.2_64797239_5	truthbar	0	5	5	5	multi	0	0.1391	0.0000	0.0000	0.0000	0.0000	4
LOC101144838	ZNF486	DN_NC_073244.2_26666712_5	DN_NC_073244.2_28256975_5	truthbar	0	5	5	5	multi	0	0.1728	0.0000	0.0000	0.0000	0.0000	4
LOC101144838	ZNF506	DN_NC_073244.2_26240039_2	DN_NC_073244.2_28256975_5	truthbar	0	2	5	2	multi	0	0.2497	0.0000	0.0000	0.0000	0.0000	4
LOC101144838	ZNF519	DN_NC_073241.2_36126198_2	DN_NC_073244.2_28256975_5	truthbar	0	2	5	2	multi	0	0.2450	0.0000	0.0000	0.0000	0.0000	4
LOC101144838	ZNF595	DN_NC_073227.2_8633418_2	DN_NC_073244.2_28256975_5	truthbar	0	2	5	2	multi	0	0.3534	0.0000	0.0000	0.0000	0.0000	4
LOC101144838	ZNF626	DN_NC_073244.2_27131194_2	DN_NC_073244.2_28256975_5	truthbar	0	2	5	2	multi	0	0.3987	0.0000	0.0000	0.0000	0.0000	4
LOC101144838	ZNF675	DN_NC_073244.2_28256975_5	DN_NC_073244.2_29970261_4	truthbar	0	5	4	4	multi	0	0.5241	0.9196	0.4000	0.7500	0.4000	4
LOC101144838	ZNF678	DN_NC_073224.2_40627195_4	DN_NC_073244.2_28256975_5	truthbar	0	4	5	4	multi	0	0.2508	0.0000	0.0000	0.0000	0.0000	4
LOC101144838	ZNF680	DN_NC_073230.2_73977205_4	DN_NC_073244.2_28256975_5	truthbar	0	4	5	4	multi	0	0.4375	0.4857	0.5000	0.4000	0.4000	4
LOC101144838	ZNF681	DN_NC_073244.2_28256975_5	DN_NC_073244.2_30067652_4	truthbar	0	5	4	4	multi	0	0.1888	0.4054	0.0000	0.0000	0.0000	4
LOC101144838	ZNF682	DN_NC_073244.2_26470366_4	DN_NC_073244.2_28256975_5	truthbar	0	4	5	4	multi	0	0.4513	0.0000	0.0000	0.0000	0.0000	4
LOC101144838	ZNF695	DN_NC_073224.2_8422960_4	DN_NC_073244.2_28256975_5	truthbar	0	4	5	4	multi	0	0.3629	0.0000	0.0000	0.0000	0.0000	4
LOC101144838	ZNF721	DN_NC_073227.2_9010062_2	DN_NC_073244.2_28256975_5	truthbar	0	2	5	2	multi	0	0.2277	0.0000	0.0000	0.0000	0.0000	4
LOC101144838	ZNF723	DN_NC_073244.2_28256975_5	DN_NC_073244.2_29232445_4	truthbar	0	5	4	4	multi	0	0.4508	0.6701	0.4000	0.7500	0.4000	4
LOC101144838	ZNF727	DN_NC_073230.2_73508332_4	DN_NC_073244.2_28256975_5	truthbar	0	4	5	4	multi	0	0.1982	0.0000	0.0000	0.0000	0.0000	4
LOC101144838	ZNF813	DN_NC_073244.2_28256975_5	DN_NC_073244.2_65398487_4	truthbar	0	5	4	4	multi	0	0.2094	0.0000	0.0000	0.0000	0.0000	4
LOC101144838	ZNF83	DN_NC_073244.2_28256975_5	DN_NC_073244.2_64585864_4	truthbar	0	5	4	4	multi	0	0.2401	0.0000	0.0000	0.0000	0.0000	4
LOC101144838	ZNF91	DN_NC_073244.2_28256975_5	DN_NC_073244.2_29680825_2	genuine	0	5	2	2	multi	0	0.2301	0.0000	0.0000	0.0000	0.0000	4
LOC101144838	ZNF92	DN_NC_073230.2_74637814_2	DN_NC_073244.2_28256975_5	truthbar	0	2	5	2	multi	0	0.3734	0.7025	0.5000	0.2000	0.2000	4
LOC101144919	LOC115930536	DN_NC_073239.2_32630520_8	DN_NC_073239.2_32663808_8	TP	1	8	8	8	multi	0	0.7250	0.9816	1.0000	0.8750	0.8750	0
LOC101144987	LOC101146541	DN_NC_073247.2_62249491_13	DN_NC_073247.2_62361057_13	TP	1	13	13	13	multi	0	0.9344	1.0000	1.0000	1.0000	1.0000	0
LOC101145348	LOC101151317	DN_NC_073237.2_30220066_5	DN_NC_073244.2_48030811_4	genuine	0	5	4	4	multi	0	0.1799	0.0000	0.0000	0.0000	0.0000	0
LOC101145348	LOC101153727	DN_NC_073237.2_30220066_5	DN_NC_073244.2_48384768_7	genuine	0	5	7	5	multi	0	0.2336	0.0000	0.0000	0.0000	0.0000	0
LOC101145348	LOC109024207	DN_NC_073237.2_30220066_5	DN_NC_073244.2_49176797_4	genuine	0	5	4	4	multi	0	0.1540	0.0000	0.0000	0.0000	0.0000	0
LOC101145348	LOC109027078	DN_NC_073228.2_182909765_5	DN_NC_073237.2_30220066_5	genuine	0	5	5	5	multi	0	0.1510	0.0000	0.0000	0.0000	0.0000	0
LOC101145348	ZFP69	DN_NC_073224.2_199458269_6	DN_NC_073237.2_30220066_5	genuine	0	6	5	5	multi	0	0.1591	0.0000	0.0000	0.0000	0.0000	0
LOC101145348	ZNF184	DN_NC_073229.2_45067329_6	DN_NC_073237.2_30220066_5	genuine	0	6	5	5	multi	0	0.2930	0.0000	0.0000	0.0000	0.0000	0
LOC101145348	ZNF283	DN_NC_073237.2_30220066_5	DN_NC_073244.2_55341363_7	truthbar	0	5	7	5	multi	0	0.1771	0.0000	0.0000	0.0000	0.0000	0
LOC101145348	ZNF30	DN_NC_073237.2_30220066_5	DN_NC_073244.2_45985550_6	genuine	0	5	6	5	multi	0	0.2785	0.0000	0.0000	0.0000	0.0000	0
LOC101145348	ZNF420	DN_NC_073237.2_30220066_5	DN_NC_073244.2_48242798_5	genuine	0	5	5	5	multi	0	0.3000	0.0000	0.0000	0.0000	0.0000	0
LOC101145348	ZNF461	DN_NC_073237.2_30220066_5	DN_NC_073244.2_47831779_6	genuine	0	5	6	5	multi	0	0.1999	0.0000	0.0000	0.0000	0.0000	0
LOC101145348	ZNF540	DN_NC_073237.2_30220066_5	DN_NC_073244.2_49101177_5	genuine	0	5	5	5	multi	0	0.1333	0.0000	0.0000	0.0000	0.0000	0
LOC101145348	ZNF546	DN_NC_073237.2_30220066_5	DN_NC_073244.2_51749194_6	truthbar	0	5	6	5	multi	0	0.1506	0.0000	0.0000	0.0000	0.0000	0
LOC101145348	ZNF560	DN_NC_073237.2_30220066_5	DN_NC_073244.2_15508499_10	truthbar	0	5	10	5	multi	0	0.1341	0.0000	0.0000	0.0000	0.0000	0
LOC101145348	ZNF565	DN_NC_073237.2_30220066_5	DN_NC_073244.2_47250467_5	genuine	0	5	5	5	multi	0	0.1465	0.0000	0.0000	0.0000	0.0000	0
LOC101145348	ZNF573	DN_NC_073237.2_30220066_5	DN_NC_073244.2_49246931_6	genuine	0	5	6	5	multi	0	0.1777	0.0000	0.0000	0.0000	0.0000	0
LOC101145348	ZNF780A	DN_NC_073237.2_30220066_5	DN_NC_073244.2_51825388_5	genuine	0	5	5	5	multi	0	0.1394	0.0000	0.0000	0.0000	0.0000	0
LOC101145348	ZNF790	DN_NC_073237.2_30220066_5	DN_NC_073244.2_47997304_5	genuine	0	5	5	5	multi	0	0.1647	0.0000	0.0000	0.0000	0.0000	0
LOC101145461	LOC129523474	DN_NC_073247.2_114041704_23	DN_NC_073247.2_114140052_23	TP	1	23	23	23	multi	0	1.0000	1.0000	1.0000	1.0000	1.0000	2
LOC101145461	NXF3	DN_NC_073247.2_114140052_23	DN_NC_073247.2_114854872_20	truthbar	0	23	20	20	multi	0	0.3646	0.2385	0.2609	0.3000	0.2609	2
LOC101145464	LOC109023154	DN_NC_073239.2_123333523_2	DN_NC_073247.2_147586730_5	genuine	0	2	5	2	multi	0	0.1467	0.2071	0.0000	0.0000	0.0000	0
LOC101145464	LOC109025730	DN_NC_073224.2_123525276_5	DN_NC_073247.2_147586730_5	genuine	0	5	5	5	multi	0	0.3539	0.3539	0.2000	0.0000	0.0000	0
LOC101145464	LOC129530096	DN_NC_073247.2_114234875_11	DN_NC_073247.2_147586730_5	genuine	0	11	5	5	multi	0	0.1906	0.1906	0.0000	0.0000	0.0000	0
LOC101145464	LOC129530131	DN_NC_073247.2_115708949_2	DN_NC_073247.2_147586730_5	genuine	0	2	5	2	multi	0	0.1938	0.1934	0.0000	0.0000	0.0000	0
LOC101145464	LOC134756589	DN_NC_073234.2_126370406_2	DN_NC_073247.2_147586730_5	genuine	0	2	5	2	multi	0	0.1954	0.1954	0.0000	0.0000	0.0000	0
LOC101145464	LRFN5	DN_NC_073239.2_14838701_6	DN_NC_073247.2_147586730_5	genuine	0	6	5	5	multi	0	0.1344	0.1901	0.0000	0.0000	0.0000	0
LOC101145464	NCALD	DN_NC_073231.2_107519754_4	DN_NC_073247.2_147586730_5	genuine	0	4	5	4	multi	0	0.1889	0.1889	0.0000	0.0000	0.0000	0
LOC101145464	NCR3LG1	DN_NC_073233.2_23732821_4	DN_NC_073247.2_147586730_5	genuine	0	4	5	4	multi	0	0.2186	0.1922	0.0000	0.0000	0.0000	0
LOC101145464	OXCT1	DN_NC_073243.2_70014918_17	DN_NC_073247.2_147586730_5	genuine	0	17	5	5	multi	0	0.1417	0.1889	0.0000	0.0000	0.0000	0
LOC101145464	PDCD5	DN_NC_073244.2_43610901_6	DN_NC_073247.2_147586730_5	genuine	0	6	5	5	multi	0	0.3739	0.3747	0.1667	0.0000	0.0000	0
LOC101145464	SELENOP	DN_NC_073243.2_69046517_5	DN_NC_073247.2_147586730_5	genuine	0	5	5	5	multi	0	0.1348	0.1930	0.0000	0.0000	0.0000	0
LOC101145464	SEM1	DN_NC_073230.2_92132360_3	DN_NC_073247.2_147586730_5	genuine	0	3	5	3	multi	0	0.1831	0.2405	0.0000	0.0000	0.0000	0
LOC101145464	SPATA33	DN_NC_073242.2_120248671_3	DN_NC_073247.2_147586730_5	genuine	0	3	5	3	multi	0	0.1832	0.1954	0.0000	0.0000	0.0000	0
LOC101145464	SPC25	DN_NC_073235.2_71373985_7	DN_NC_073247.2_147586730_5	genuine	0	7	5	5	multi	0	0.2449	0.3485	0.1429	0.0000	0.0000	0
LOC101145464	THNSL1	DN_NC_073232.2_34013134_3	DN_NC_073247.2_147586730_5	genuine	0	3	5	3	multi	0	0.1771	0.1938	0.0000	0.0000	0.0000	0
LOC101145464	TMEM38B	DN_NC_073237.2_101948554_6	DN_NC_073247.2_147586730_5	genuine	0	6	5	5	multi	0	0.1926	0.1954	0.0000	0.0000	0.0000	0
LOC101145464	UCHL1	DN_NC_073227.2_49278079_9	DN_NC_073247.2_147586730_5	genuine	0	9	5	5	multi	0	0.1889	0.1885	0.0000	0.0000	0.0000	0
LOC101145660	LOC109027124	DN_NC_073229.2_194862622_5	DN_NC_073240.2_23674889_10	genuine	0	5	10	5	multi	0	0.1985	0.0000	0.0000	0.0000	0.0000	2
LOC101145660	LOC129527173	DN_NC_073240.2_23674889_10	DN_NC_073240.2_29752710_11	genuine	0	10	11	10	multi	0	0.4324	1.5425	0.0000	0.0000	0.0000	2
LOC101145660	MPHOSPH8	DN_NC_073238.2_33904146_3	DN_NC_073240.2_23674889_10	genuine	0	3	10	3	multi	0	0.2110	0.4211	0.3333	0.0000	0.0000	2
LOC101145690	LOC101153504	DN_NC_073244.2_69601170_4	DN_NC_073244.2_69923243_2	truthbar	0	4	2	2	multi	0	0.1907	0.0000	0.0000	0.0000	0.0000	3
LOC101145690	LOC109024193	DN_NC_073244.2_69514207_2	DN_NC_073244.2_69923243_2	truthbar	0	2	2	2	multi	0	0.2058	0.0000	0.0000	0.0000	0.0000	3
LOC101145690	LOC115930105	DN_NC_073244.2_69572632_2	DN_NC_073244.2_69923243_2	truthbar	0	2	2	2	multi	0	0.2620	0.0000	0.0000	0.0000	0.0000	3
LOC101145690	ZNF132	DN_NC_073244.2_69923243_2	DN_NC_073244.2_70525717_3	truthbar	0	2	3	2	multi	0	0.2847	0.0000	0.0000	0.0000	0.0000	3
LOC101145690	ZNF154	DN_NC_073244.2_69799604_5	DN_NC_073244.2_69923243_2	truthbar	0	5	2	2	multi	0	0.2806	0.0000	0.0000	0.0000	0.0000	3
LOC101145690	ZNF256	DN_NC_073244.2_69923242_3	DN_NC_073244.2_70043245_2	truthbar	0	3	2	2	multi	0	0.4798	0.0000	0.0000	0.0000	0.0000	3
LOC101145690	ZNF304	DN_NC_073244.2_69454247_3	DN_NC_073244.2_69923242_3	truthbar	0	3	3	3	multi	0	0.1318	0.0000	0.0000	0.0000	0.0000	3
LOC101145690	ZNF416	DN_NC_073244.2_69672458_4	DN_NC_073244.2_69923243_2	truthbar	0	4	2	2	multi	0	0.2774	0.0000	0.0000	0.0000	0.0000	3
LOC101145690	ZNF418	DN_NC_073244.2_69923243_2	DN_NC_073244.2_70024584_5	truthbar	0	2	5	2	multi	0	0.2110	0.0000	0.0000	0.0000	0.0000	3
LOC101145690	ZNF548	DN_NC_073244.2_69492904_4	DN_NC_073244.2_69923243_2	truthbar	0	4	2	2	multi	0	0.1610	0.0000	0.0000	0.0000	0.0000	3
LOC101145690	ZNF551	DN_NC_073244.2_69783488_3	DN_NC_073244.2_69923243_2	truthbar	0	3	2	2	multi	0	0.2077	0.0000	0.0000	0.0000	0.0000	3
LOC101145690	ZNF552	DN_NC_073244.2_69910623_3	DN_NC_073244.2_69923242_3	TP	1	3	3	3	multi	0	0.2481	0.0000	0.0000	0.0000	0.0000	3
LOC101145690	ZNF586	DN_NC_073244.2_69873255_2	DN_NC_073244.2_69923243_2	truthbar	0	3	2	2	multi	0	0.1407	0.0000	0.0000	0.0000	0.0000	3
LOC101145690	ZNF671	DN_NC_073244.2_69821764_4	DN_NC_073244.2_69923243_2	truthbar	0	4	2	2	multi	0	0.1555	0.0000	0.0000	0.0000	0.0000	3
LOC101145690	ZNF776	DN_NC_073244.2_69848694_2	DN_NC_073244.2_69923242_3	truthbar	0	2	3	2	multi	0	0.2814	0.0000	0.0000	0.0000	0.0000	3
LOC101145825	SERHL2	DN_NC_086018.1_40516247_7	DN_NC_086018.1_40570429_6	genuine	0	7	6	6	multi	0	0.4361	0.6427	0.7143	0.6667	0.6667	1
LOC101145839	PTEN	DN_NC_073232.2_100192352_9	DN_NC_073237.2_29305062_2	TP	1	9	2	2	multi	0	0.1538	0.8121	1.0000	0.5000	0.5000	2
LOC101145945	LOC101146634	DN_NC_073244.2_28588105_4	DN_NC_073244.2_28711447_4	truthbar	0	4	5	4	multi	0	0.2681	0.0000	0.0000	0.0000	0.0000	4
LOC101145945	LOC101147715	DN_NC_073244.2_28588105_4	DN_NC_073244.2_28820229_4	truthbar	0	4	4	4	multi	0	0.1319	0.4822	0.5000	0.7500	0.5000	4
LOC101145945	LOC101153126	DN_NC_073244.2_28588105_4	DN_NC_073244.2_29297022_4	truthbar	0	4	4	4	multi	0	0.2314	0.0000	0.2500	0.2500	0.2500	4
LOC101145945	LOC109026610	DN_NC_073227.2_8705656_4	DN_NC_073244.2_28588105_4	truthbar	0	4	4	4	multi	0	0.1425	0.0000	0.0000	0.0000	0.0000	4
LOC101145945	LOC115930172	DN_NC_073244.2_27051998_4	DN_NC_073244.2_28588105_4	genuine	0	4	4	4	multi	0	0.2465	0.4509	0.7500	0.7500	0.7500	4
LOC101145945	LOC115931567	DN_NC_073244.2_27566430_5	DN_NC_073244.2_28588105_4	genuine	0	5	4	4	multi	0	0.3176	0.5518	0.6000	0.5000	0.5000	4
LOC101145945	LOC115931568	DN_NC_073244.2_28072858_4	DN_NC_073244.2_28588105_4	truthbar	0	4	4	4	multi	0	0.2914	0.5116	0.5000	0.5000	0.5000	4
LOC101145945	LOC115931576	DN_NC_073244.2_28588105_4	DN_NC_073244.2_29046961_4	truthbar	0	4	4	4	multi	0	0.2681	0.4868	0.5000	0.7500	0.5000	4
LOC101145945	LOC129527827	DN_NC_073242.2_66613619_4	DN_NC_073244.2_28588105_4	genuine	0	4	4	4	multi	0	0.1864	0.0000	0.0000	0.0000	0.0000	4
LOC101145945	LOC129528947	DN_NC_073244.2_27408454_4	DN_NC_073244.2_28588105_4	genuine	0	4	4	4	multi	0	0.1825	0.4839	0.7500	0.5000	0.5000	4
LOC101145945	ZNF141	DN_NC_073227.2_8907801_4	DN_NC_073244.2_28588105_4	truthbar	0	4	4	4	multi	0	0.1337	0.0000	0.0000	0.0000	0.0000	4
LOC101145945	ZNF195	DN_NC_073233.2_9788172_5	DN_NC_073244.2_28588105_4	truthbar	0	5	4	4	multi	0	0.1339	0.0000	0.0000	0.0000	0.0000	4
LOC101145945	ZNF254	DN_NC_073244.2_28588105_4	DN_NC_073244.2_30438340_4	truthbar	0	4	4	4	multi	0	0.2391	0.4789	0.7500	0.7500	0.7500	4
LOC101145945	ZNF273	DN_NC_073230.2_74299233_4	DN_NC_073244.2_28588105_4	truthbar	0	4	4	4	multi	0	0.2800	0.4571	0.7500	0.7500	0.7500	4
LOC101145945	ZNF429	DN_NC_073244.2_27956158_4	DN_NC_073244.2_28588105_4	truthbar	0	4	4	4	multi	0	0.3675	0.7395	1.0000	0.5000	0.5000	4
LOC101145945	ZNF430	DN_NC_073244.2_27504818_5	DN_NC_073244.2_28588105_4	truthbar	0	5	4	4	multi	0	0.2105	0.4886	0.4000	0.5000	0.4000	4
LOC101145945	ZNF486	DN_NC_073244.2_26666712_5	DN_NC_073244.2_28588105_4	truthbar	0	5	4	4	multi	0	0.2178	0.0000	0.0000	0.0000	0.0000	4
LOC101145945	ZNF506	DN_NC_073244.2_26240035_4	DN_NC_073244.2_28588105_4	truthbar	0	4	4	4	multi	0	0.2980	0.4998	0.5000	0.5000	0.5000	4
LOC101145945	ZNF519	DN_NC_073241.2_36126198_2	DN_NC_073244.2_28588105_4	truthbar	0	2	4	2	multi	0	0.1786	0.0000	0.0000	0.0000	0.0000	4
LOC101145945	ZNF595	DN_NC_073227.2_8633416_4	DN_NC_073244.2_28588105_4	truthbar	0	4	4	4	multi	0	0.1894	0.0000	0.0000	0.0000	0.0000	4
LOC101145945	ZNF675	DN_NC_073244.2_28588105_4	DN_NC_073244.2_29970261_4	truthbar	0	4	4	4	multi	0	0.2561	0.8065	0.7500	1.0000	0.7500	4
LOC101145945	ZNF680	DN_NC_073230.2_73977205_4	DN_NC_073244.2_28588105_4	truthbar	0	4	4	4	multi	0	0.2409	0.5435	0.7500	0.7500	0.7500	4
LOC101145945	ZNF681	DN_NC_073244.2_28588105_4	DN_NC_073244.2_30067652_4	truthbar	0	4	4	4	multi	0	0.1387	0.5127	0.7500	0.7500	0.7500	4
LOC101145945	ZNF682	DN_NC_073244.2_26470366_4	DN_NC_073244.2_28588105_4	truthbar	0	4	4	4	multi	0	0.2999	0.0000	0.0000	0.0000	0.0000	4
LOC101145945	ZNF695	DN_NC_073224.2_8422960_4	DN_NC_073244.2_28588105_4	truthbar	0	4	4	4	multi	0	0.1938	0.0000	0.0000	0.0000	0.0000	4
LOC101145945	ZNF723	DN_NC_073244.2_28588105_4	DN_NC_073244.2_29232445_4	truthbar	0	4	4	4	multi	0	0.4175	0.6947	0.5000	1.0000	0.5000	4
LOC101145945	ZNF736	DN_NC_073230.2_73776646_4	DN_NC_073244.2_28588105_4	truthbar	0	4	4	4	multi	0	0.1301	0.0000	0.0000	0.0000	0.0000	4
LOC101145945	ZNF91	DN_NC_073244.2_28588105_4	DN_NC_073244.2_29680825_4	truthbar	0	4	4	4	multi	0	0.1634	0.4509	0.7500	0.7500	0.7500	4
LOC101145945	ZNF92	DN_NC_073230.2_74637814_2	DN_NC_073244.2_28588105_4	truthbar	0	2	4	2	multi	0	0.1741	0.2914	0.0000	0.0000	0.0000	4
LOC101145975	LOC129523464	DN_NC_073237.2_83935038_8	DN_NC_073237.2_84341528_8	TP	1	8	8	8	multi	0	0.4560	1.0000	1.0000	1.0000	1.0000	4
LOC101146324	LOC115936027	DN_NC_073232.2_13920774_9	DN_NC_073232.2_13945467_9	TP	1	9	9	9	multi	0	0.3784	1.0003	1.0000	1.0000	1.0000	4
LOC101146405	LOC115935376	DN_NC_073230.2_47098444_23	DN_NC_073230.2_86257459_21	genuine	0	23	21	21	multi	0	0.2923	0.3028	0.5652	0.6667	0.5652	2
LOC101146454	LOC115930226	DN_NC_073224.2_95894630_7	DN_NC_073224.2_95939283_8	TP	1	7	8	7	multi	0	0.6366	1.1060	1.0000	1.0000	1.0000	0
LOC101146458	LOC115936279	DN_NC_073233.2_54778450_7	DN_NC_073233.2_54817717_7	genuine	0	7	7	7	multi	0	0.4791	0.9786	1.0000	0.8571	0.8571	2
LOC101146458	LOC129523488	DN_NC_073233.2_54817717_7	DN_NC_073233.2_97922937_7	TP	1	7	7	7	multi	0	0.9721	0.9721	0.8571	1.0000	0.8571	2
LOC101146634	LOC101147715	DN_NC_073244.2_28711447_2	DN_NC_073244.2_28820229_4	truthbar	0	2	4	2	multi	0	0.1308	0.0000	0.0000	0.0000	0.0000	4
LOC101146634	LOC101150965	DN_NC_073244.2_28711447_4	DN_NC_073244.2_64400145_5	genuine	0	5	5	5	multi	0	0.1693	0.0000	0.0000	0.0000	0.0000	4
LOC101146634	LOC101152401	DN_NC_073244.2_28711447_4	DN_NC_073244.2_64836827_4	truthbar	0	5	4	4	multi	0	0.1657	0.0000	0.0000	0.0000	0.0000	4
LOC101146634	LOC101153126	DN_NC_073244.2_28711447_4	DN_NC_073244.2_29297022_4	truthbar	0	5	4	4	multi	0	0.4641	0.9703	1.0000	1.0000	1.0000	4
LOC101146634	LOC101153131	DN_NC_073244.2_28711447_4	DN_NC_073244.2_64908457_4	truthbar	0	5	4	4	multi	0	0.3064	0.0000	0.0000	0.0000	0.0000	4
LOC101146634	LOC109024216	DN_NC_073244.2_28711447_2	DN_NC_073244.2_65293743_4	truthbar	0	2	4	2	multi	0	0.2620	0.0000	0.0000	0.0000	0.0000	4
LOC101146634	LOC109026610	DN_NC_073227.2_8705656_4	DN_NC_073244.2_28711447_2	genuine	0	4	2	2	multi	0	0.2953	0.0000	0.0000	0.0000	0.0000	4
LOC101146634	LOC115930172	DN_NC_073244.2_27051998_4	DN_NC_073244.2_28711447_2	genuine	0	4	2	2	multi	0	0.1898	0.0000	0.0000	0.0000	0.0000	4
LOC101146634	LOC115931567	DN_NC_073244.2_27626411_5	DN_NC_073244.2_28711447_4	truthbar	0	5	5	5	multi	0	0.4079	0.3334	0.0000	0.0000	0.0000	4
LOC101146634	LOC115931568	DN_NC_073244.2_28072858_4	DN_NC_073244.2_28711447_4	truthbar	0	4	5	4	multi	0	0.4720	0.0000	0.0000	0.0000	0.0000	4
LOC101146634	LOC115931576	DN_NC_073244.2_28711447_2	DN_NC_073244.2_29046961_4	truthbar	0	2	4	2	multi	0	0.3923	0.2367	0.0000	0.0000	0.0000	4
LOC101146634	LOC115931654	DN_NC_073244.2_28711447_4	DN_NC_073244.2_65266359_4	truthbar	0	5	4	4	multi	0	0.2297	0.0000	0.0000	0.0000	0.0000	4
LOC101146634	LOC115931857	DN_NC_073244.2_28711447_4	DN_NC_073246.2_15789285_3	truthbar	0	5	3	3	multi	0	0.2252	0.0000	0.0000	0.0000	0.0000	4
LOC101146634	LOC129527827	DN_NC_073242.2_66613619_4	DN_NC_073244.2_28711447_4	genuine	0	4	5	4	multi	0	0.2307	0.0000	0.0000	0.0000	0.0000	4
LOC101146634	LOC129528947	DN_NC_073244.2_27408454_4	DN_NC_073244.2_28711447_4	genuine	0	4	5	4	multi	0	0.4062	0.0000	0.0000	0.0000	0.0000	4
LOC101146634	ZNF141	DN_NC_073227.2_8907801_4	DN_NC_073244.2_28711447_2	genuine	0	4	2	2	multi	0	0.2483	0.0000	0.0000	0.0000	0.0000	4
LOC101146634	ZNF195	DN_NC_073233.2_9788172_5	DN_NC_073244.2_28711447_2	truthbar	0	5	2	2	multi	0	0.2629	0.0000	0.0000	0.0000	0.0000	4
LOC101146634	ZNF254	DN_NC_073244.2_28711447_4	DN_NC_073244.2_30438340_4	truthbar	0	5	4	4	multi	0	0.3139	0.6116	0.0000	0.0000	0.0000	4
LOC101146634	ZNF267	DN_NC_073242.2_37386128_4	DN_NC_073244.2_28711447_4	truthbar	0	4	5	4	multi	0	0.1716	0.0000	0.0000	0.0000	0.0000	4
LOC101146634	ZNF273	DN_NC_073230.2_74299233_4	DN_NC_073244.2_28711447_4	truthbar	0	4	5	4	multi	0	0.5044	0.2042	0.0000	0.0000	0.0000	4
LOC101146634	ZNF28	DN_NC_073244.2_28711447_2	DN_NC_073244.2_64759228_5	truthbar	0	2	5	2	multi	0	0.3224	0.0000	0.0000	0.0000	0.0000	4
LOC101146634	ZNF415	DN_NC_073244.2_28711447_4	DN_NC_073244.2_65046428_2	truthbar	0	5	4	4	multi	0	0.2205	0.0000	0.0000	0.0000	0.0000	4
LOC101146634	ZNF429	DN_NC_073244.2_27956158_4	DN_NC_073244.2_28711447_2	truthbar	0	4	2	2	multi	0	0.3461	0.0000	0.0000	0.0000	0.0000	4
LOC101146634	ZNF43	DN_NC_073244.2_28333451_4	DN_NC_073244.2_28711447_4	truthbar	0	4	5	4	multi	0	0.4923	0.5721	0.2500	0.2000	0.2000	4
LOC101146634	ZNF430	DN_NC_073244.2_27504818_5	DN_NC_073244.2_28711447_4	truthbar	0	5	5	5	multi	0	0.3937	0.4737	0.0000	0.0000	0.0000	4
LOC101146634	ZNF468	DN_NC_073244.2_28711447_2	DN_NC_073244.2_64797239_5	truthbar	0	2	5	2	multi	0	0.1750	0.0000	0.0000	0.0000	0.0000	4
LOC101146634	ZNF486	DN_NC_073244.2_26666712_5	DN_NC_073244.2_28711447_4	genuine	0	5	5	5	multi	0	0.3361	0.0000	0.0000	0.0000	0.0000	4
LOC101146634	ZNF506	DN_NC_073244.2_26240035_4	DN_NC_073244.2_28711447_4	genuine	0	4	5	4	multi	0	0.4138	0.0000	0.0000	0.0000	0.0000	4
LOC101146634	ZNF519	DN_NC_073241.2_36126183_3	DN_NC_073244.2_28711447_4	truthbar	0	3	5	3	multi	0	0.2307	0.0000	0.0000	0.0000	0.0000	4
LOC101146634	ZNF595	DN_NC_073227.2_8633418_2	DN_NC_073244.2_28711447_2	truthbar	0	2	2	2	multi	0	0.2929	0.0000	0.0000	0.0000	0.0000	4
LOC101146634	ZNF600	DN_NC_073244.2_28711447_2	DN_NC_073244.2_64724127_4	truthbar	0	2	4	2	multi	0	0.3279	0.0000	0.0000	0.0000	0.0000	4
LOC101146634	ZNF611	DN_NC_073244.2_28711447_2	DN_NC_073244.2_64672255_4	truthbar	0	2	4	2	multi	0	0.2593	0.0000	0.0000	0.0000	0.0000	4
LOC101146634	ZNF616	DN_NC_073244.2_28711447_2	DN_NC_073244.2_64081943_4	truthbar	0	2	4	2	multi	0	0.2617	0.0000	0.0000	0.0000	0.0000	4
LOC101146634	ZNF626	DN_NC_073244.2_27131194_2	DN_NC_073244.2_28711447_2	genuine	0	2	2	2	multi	0	0.4025	0.0000	0.0000	0.0000	0.0000	4
LOC101146634	ZNF675	DN_NC_073244.2_28711447_2	DN_NC_073244.2_29970261_4	truthbar	0	2	4	2	multi	0	0.3202	0.0000	0.0000	0.0000	0.0000	4
LOC101146634	ZNF678	DN_NC_073224.2_40627195_4	DN_NC_073244.2_28711447_2	truthbar	0	4	2	2	multi	0	0.3405	0.0000	0.0000	0.0000	0.0000	4
LOC101146634	ZNF680	DN_NC_073230.2_73977205_4	DN_NC_073244.2_28711447_4	truthbar	0	4	5	4	multi	0	0.4101	0.0000	0.0000	0.0000	0.0000	4
LOC101146634	ZNF681	DN_NC_073244.2_28711447_2	DN_NC_073244.2_30067652_4	truthbar	0	2	4	2	multi	0	0.4283	0.3008	0.0000	0.0000	0.0000	4
LOC101146634	ZNF682	DN_NC_073244.2_26470366_4	DN_NC_073244.2_28711447_4	truthbar	0	4	5	4	multi	0	0.4790	0.0000	0.0000	0.0000	0.0000	4
LOC101146634	ZNF695	DN_NC_073224.2_8422960_4	DN_NC_073244.2_28711447_2	genuine	0	4	2	2	multi	0	0.3160	0.0000	0.0000	0.0000	0.0000	4
LOC101146634	ZNF721	DN_NC_073227.2_9009888_2	DN_NC_073244.2_28711447_2	truthbar	0	2	2	2	multi	0	0.5029	0.0000	0.0000	0.0000	0.0000	4
LOC101146634	ZNF723	DN_NC_073244.2_28711447_4	DN_NC_073244.2_29232445_4	genuine	0	5	4	4	multi	0	0.3398	0.5142	0.0000	0.2500	0.0000	4
LOC101146634	ZNF727	DN_NC_073230.2_73508332_4	DN_NC_073244.2_28711447_2	genuine	0	4	2	2	multi	0	0.1600	0.0000	0.0000	0.0000	0.0000	4
LOC101146634	ZNF736	DN_NC_073230.2_73776646_4	DN_NC_073244.2_28711447_2	genuine	0	4	2	2	multi	0	0.2709	0.0000	0.0000	0.0000	0.0000	4
LOC101146634	ZNF761	DN_NC_073244.2_28711447_4	DN_NC_073244.2_65362909_5	truthbar	0	5	5	5	multi	0	0.2691	0.0000	0.0000	0.0000	0.0000	4
LOC101146634	ZNF808	DN_NC_073244.2_28711447_2	DN_NC_073244.2_64500861_5	truthbar	0	2	5	2	multi	0	0.1306	0.0000	0.0000	0.0000	0.0000	4
LOC101146634	ZNF813	DN_NC_073244.2_28711447_4	DN_NC_073244.2_65398487_4	truthbar	0	5	4	4	multi	0	0.1751	0.0000	0.0000	0.0000	0.0000	4
LOC101146634	ZNF83	DN_NC_073244.2_28711447_4	DN_NC_073244.2_64585864_4	truthbar	0	5	4	4	multi	0	0.2454	0.0000	0.0000	0.0000	0.0000	4
LOC101146634	ZNF836	DN_NC_073244.2_28711447_4	DN_NC_073244.2_64125568_5	truthbar	0	5	5	5	multi	0	0.2018	0.0000	0.0000	0.0000	0.0000	4
LOC101146634	ZNF841	DN_NC_073244.2_28711447_4	DN_NC_073244.2_64034715_7	truthbar	0	5	7	5	multi	0	0.3520	0.0000	0.0000	0.0000	0.0000	4
LOC101146634	ZNF888	DN_NC_073244.2_28711447_2	DN_NC_073244.2_64860608_4	truthbar	0	2	4	2	multi	0	0.2522	0.0000	0.0000	0.0000	0.0000	4
LOC101146634	ZNF91	DN_NC_073244.2_28711447_4	DN_NC_073244.2_29680825_2	truthbar	0	5	2	2	multi	0	0.2043	0.7532	0.0000	0.0000	0.0000	4
LOC101146634	ZNF92	DN_NC_073230.2_74637814_2	DN_NC_073244.2_28711447_2	truthbar	0	2	2	2	multi	0	0.4380	0.4050	0.0000	0.0000	0.0000	4
LOC101146782	LOC134759160	DN_NC_073232.2_64911725_5	DN_NC_073232.2_65534545_21	genuine	0	5	21	5	multi	0	0.1585	0.5502	0.6000	0.1429	0.1429	3
LOC101147259	LOC115933254	DN_NC_073236.2_32866582_11	DN_NC_073237.2_93516915_6	TP	1	11	6	6	multi	0	0.2605	0.8161	0.1818	0.3333	0.1818	4
LOC101147313	LOC115934054	DN_NC_086017.1_207540432_15	DN_NC_086017.1_209174437_6	genuine	0	15	6	6	multi	0	0.2452	0.2964	0.3333	0.8333	0.3333	1
LOC101147313	SDHA	DN_NC_073243.2_112081564_15	DN_NC_086017.1_207540432_15	genuine	0	15	15	15	multi	0	0.2192	0.5354	0.6667	0.6000	0.6000	1
LOC101147715	LOC101152401	DN_NC_073244.2_28820229_4	DN_NC_073244.2_64836827_4	truthbar	0	4	4	4	multi	0	0.1677	0.0000	0.0000	0.0000	0.0000	4
LOC101147715	LOC101153126	DN_NC_073244.2_28820229_4	DN_NC_073244.2_29297022_4	genuine	0	4	4	4	multi	0	0.2868	0.0000	0.0000	0.0000	0.0000	4
LOC101147715	LOC115930172	DN_NC_073244.2_27051998_4	DN_NC_073244.2_28820229_4	genuine	0	4	4	4	multi	0	0.2216	0.0000	0.0000	0.0000	0.0000	4
LOC101147715	LOC115931567	DN_NC_073244.2_27566430_5	DN_NC_073244.2_28820229_4	truthbar	0	5	4	4	multi	0	0.1636	0.4336	0.0000	0.0000	0.0000	4
LOC101147715	LOC115931568	DN_NC_073244.2_28072858_4	DN_NC_073244.2_28820229_4	truthbar	0	4	4	4	multi	0	0.1764	0.0000	0.0000	0.0000	0.0000	4
LOC101147715	LOC115931576	DN_NC_073244.2_28820229_4	DN_NC_073244.2_29046961_4	truthbar	0	4	4	4	multi	0	0.2328	0.4213	0.7500	0.5000	0.5000	4
LOC101147715	LOC115931654	DN_NC_073244.2_28820229_4	DN_NC_073244.2_65266359_4	truthbar	0	4	4	4	multi	0	0.1696	0.0000	0.0000	0.0000	0.0000	4
LOC101147715	LOC115931857	DN_NC_073244.2_28820229_4	DN_NC_073246.2_15789320_2	genuine	0	4	2	2	multi	0	0.2279	0.0000	0.0000	0.0000	0.0000	4
LOC101147715	LOC129527827	DN_NC_073242.2_66613619_4	DN_NC_073244.2_28820229_4	genuine	0	4	4	4	multi	0	0.1730	0.0000	0.0000	0.0000	0.0000	4
LOC101147715	LOC129528947	DN_NC_073244.2_27408454_4	DN_NC_073244.2_28820229_4	genuine	0	4	4	4	multi	0	0.2399	0.3161	0.2500	0.5000	0.2500	4
LOC101147715	ZNF141	DN_NC_073227.2_8907801_4	DN_NC_073244.2_28820229_4	genuine	0	4	4	4	multi	0	0.1539	0.0000	0.0000	0.0000	0.0000	4
LOC101147715	ZNF273	DN_NC_073230.2_74299233_4	DN_NC_073244.2_28820229_4	genuine	0	4	4	4	multi	0	0.2077	0.4318	0.5000	0.5000	0.5000	4
LOC101147715	ZNF28	DN_NC_073244.2_28820229_4	DN_NC_073244.2_64759228_5	genuine	0	4	5	4	multi	0	0.2415	0.0000	0.0000	0.0000	0.0000	4
LOC101147715	ZNF429	DN_NC_073244.2_27956158_4	DN_NC_073244.2_28820229_4	truthbar	0	4	4	4	multi	0	0.1941	0.4458	0.2500	0.0000	0.0000	4
LOC101147715	ZNF43	DN_NC_073244.2_28333451_4	DN_NC_073244.2_28820229_4	truthbar	0	4	4	4	multi	0	0.2350	0.5300	0.0000	0.2500	0.0000	4
LOC101147715	ZNF430	DN_NC_073244.2_27504818_5	DN_NC_073244.2_28820229_4	genuine	0	5	4	4	multi	0	0.1389	0.2252	0.0000	0.0000	0.0000	4
LOC101147715	ZNF468	DN_NC_073244.2_28820229_4	DN_NC_073244.2_64797239_5	genuine	0	4	5	4	multi	0	0.1751	0.0000	0.0000	0.0000	0.0000	4
LOC101147715	ZNF486	DN_NC_073244.2_26666712_5	DN_NC_073244.2_28820229_4	genuine	0	5	4	4	multi	0	0.2263	0.0000	0.0000	0.0000	0.0000	4
LOC101147715	ZNF506	DN_NC_073244.2_26240039_2	DN_NC_073244.2_28820229_4	genuine	0	2	4	2	multi	0	0.2622	0.0000	0.0000	0.0000	0.0000	4
LOC101147715	ZNF595	DN_NC_073227.2_8633418_2	DN_NC_073244.2_28820229_4	truthbar	0	2	4	2	multi	0	0.1991	0.0000	0.0000	0.0000	0.0000	4
LOC101147715	ZNF600	DN_NC_073244.2_28820229_4	DN_NC_073244.2_64724127_4	truthbar	0	4	4	4	multi	0	0.1910	0.0000	0.0000	0.0000	0.0000	4
LOC101147715	ZNF626	DN_NC_073244.2_27131194_2	DN_NC_073244.2_28820229_4	genuine	0	2	4	2	multi	0	0.3013	0.0000	0.0000	0.0000	0.0000	4
LOC101147715	ZNF675	DN_NC_073244.2_28820229_4	DN_NC_073244.2_29970261_4	genuine	0	4	4	4	multi	0	0.1767	0.4346	0.0000	0.0000	0.0000	4
LOC101147715	ZNF678	DN_NC_073224.2_40627195_4	DN_NC_073244.2_28820229_4	truthbar	0	4	4	4	multi	0	0.1649	0.0000	0.0000	0.0000	0.0000	4
LOC101147715	ZNF680	DN_NC_073230.2_73977205_4	DN_NC_073244.2_28820229_4	genuine	0	4	4	4	multi	0	0.2233	0.0000	0.0000	0.0000	0.0000	4
LOC101147715	ZNF681	DN_NC_073244.2_28820229_4	DN_NC_073244.2_30067652_4	truthbar	0	4	4	4	multi	0	0.2580	0.2715	0.2500	0.0000	0.0000	4
LOC101147715	ZNF682	DN_NC_073244.2_26470366_4	DN_NC_073244.2_28820229_4	genuine	0	4	4	4	multi	0	0.2512	0.0000	0.0000	0.0000	0.0000	4
LOC101147715	ZNF721	DN_NC_073227.2_9010062_2	DN_NC_073244.2_28820229_4	truthbar	0	2	4	2	multi	0	0.5083	0.0000	0.0000	0.0000	0.0000	4
LOC101147715	ZNF723	DN_NC_073244.2_28820229_4	DN_NC_073244.2_29232445_4	genuine	0	4	4	4	multi	0	0.2228	0.0000	0.2500	0.5000	0.2500	4
LOC101147715	ZNF727	DN_NC_073230.2_73508332_4	DN_NC_073244.2_28820229_4	genuine	0	4	4	4	multi	0	0.1475	0.0000	0.0000	0.0000	0.0000	4
LOC101147715	ZNF808	DN_NC_073244.2_28820229_4	DN_NC_073244.2_64500861_5	truthbar	0	4	5	4	multi	0	0.1525	0.0000	0.0000	0.0000	0.0000	4
LOC101147715	ZNF813	DN_NC_073244.2_28820229_4	DN_NC_073244.2_65398487_4	truthbar	0	4	4	4	multi	0	0.1903	0.0000	0.0000	0.0000	0.0000	4
LOC101147715	ZNF836	DN_NC_073244.2_28820229_4	DN_NC_073244.2_64125568_5	truthbar	0	4	5	4	multi	0	0.2066	0.0000	0.0000	0.0000	0.0000	4
LOC101147715	ZNF888	DN_NC_073244.2_28820229_4	DN_NC_073244.2_64860608_4	truthbar	0	4	4	4	multi	0	0.1960	0.0000	0.0000	0.0000	0.0000	4
LOC101147715	ZNF91	DN_NC_073244.2_28820229_4	DN_NC_073244.2_29680825_2	truthbar	0	4	2	2	multi	0	0.5120	0.5345	0.2500	0.5000	0.2500	4
LOC101147715	ZNF92	DN_NC_073230.2_74637722_4	DN_NC_073244.2_28820229_4	genuine	0	4	4	4	multi	0	0.1355	0.5281	0.7500	0.5000	0.5000	4
LOC101148088	LOC115932194	DN_NC_073247.2_62664010_4	DN_NC_073247.2_62680287_4	TP	1	4	4	4	multi	0	0.9979	0.9979	1.0000	1.0000	1.0000	1
LOC101148180	LOC101153725	DN_NC_073244.2_17678736_4	DN_NC_073244.2_8619131_4	truthbar	0	4	4	4	multi	0	0.2129	0.0000	0.0000	0.0000	0.0000	4
LOC101148180	LOC101153837	DN_NC_073244.2_18232282_4	DN_NC_073244.2_8619131_4	truthbar	0	4	4	4	multi	0	0.2328	0.0000	0.0000	0.0000	0.0000	4
LOC101148180	LOC109025073	DN_NC_073244.2_18096775_3	DN_NC_073244.2_8619131_4	truthbar	0	3	4	3	multi	0	0.2219	0.0000	0.0000	0.0000	0.0000	4
LOC101148180	ZNF124	DN_NC_073224.2_8261601_4	DN_NC_073244.2_8619131_4	truthbar	0	4	4	4	multi	0	0.2210	0.0000	0.0000	0.0000	0.0000	4
LOC101148180	ZNF433	DN_NC_073244.2_18047026_4	DN_NC_073244.2_8619131_4	truthbar	0	4	4	4	multi	0	0.2821	0.0000	0.0000	0.0000	0.0000	4
LOC101148180	ZNF57	DN_NC_073244.2_8619131_4	DN_NC_073244.2_8680135_4	truthbar	0	4	4	4	multi	0	0.2174	0.0000	0.0000	0.0000	0.0000	4
LOC101148180	ZNF77	DN_NC_073244.2_8619131_4	DN_NC_073244.2_8711681_4	truthbar	0	4	4	4	multi	0	0.3990	0.0000	0.0000	0.0000	0.0000	4
LOC101148180	ZNF823	DN_NC_073244.2_17751584_2	DN_NC_073244.2_8619131_4	truthbar	0	2	4	2	multi	0	0.1413	0.0000	0.0000	0.0000	0.0000	4
LOC101148191	LOC109023808	DN_NC_073230.2_28044538_2	DN_NC_073243.2_97368870_3	genuine	0	2	3	2	multi	0	0.2301	0.0000	0.0000	0.0000	0.0000	2
LOC101148313	LOC115935025	DN_NC_073229.2_136502891_3	DN_NC_073229.2_136550623_3	TP	1	3	3	3	multi	0	0.9935	0.9935	1.0000	1.0000	1.0000	1
LOC101148457	LOC109025592	DN_NC_073224.2_125859316_3	DN_NC_086018.1_19844955_6	genuine	0	3	9	3	multi	0	0.2832	0.3944	0.3333	0.0000	0.0000	0
LOC101148457	LOC129526479	DN_NC_073238.2_29552503_8	DN_NC_086018.1_19844955_6	genuine	0	8	9	8	multi	0	0.1541	0.4469	0.8750	0.8889	0.8750	0
LOC101148457	TIMM23B	DN_NC_073232.2_65905862_9	DN_NC_086018.1_19844955_6	genuine	0	9	9	9	multi	0	0.1503	0.2252	0.1111	0.0000	0.0000	0
LOC101148457	TRAF5	DN_NC_073224.2_45389129_11	DN_NC_086018.1_19844955_6	genuine	0	11	9	9	multi	0	0.2198	0.5116	0.0000	0.1111	0.0000	0
LOC101148684	LOC101152035	DN_NC_073229.2_70527768_7	DN_NC_073229.2_70674504_7	TP	1	7	7	7	multi	0	0.7841	0.8606	0.8571	0.8571	0.8571	3
LOC101148684	LOC101153366	DN_NC_073229.2_70527768_7	DN_NC_073229.2_70609285_7	TP	1	7	7	7	multi	0	0.7985	0.9924	1.0000	1.0000	1.0000	3
LOC101148684	LOC109027180	DN_NC_073229.2_70527768_7	DN_NC_073229.2_70567152_7	TP	1	7	7	7	multi	0	0.9990	0.9971	1.0000	0.7143	0.7143	3
LOC101148853	LOC101148972	DN_NC_073234.2_52202911_4	DN_NC_073235.2_121946440_4	truthbar	0	4	4	4	multi	0	0.8557	0.8290	0.7500	0.7500	0.7500	3
LOC101148853	LOC101150168	DN_NC_073234.2_52151326_4	DN_NC_073235.2_121946440_4	truthbar	0	4	4	4	multi	0	0.8551	0.8309	0.7500	0.7500	0.7500	3
LOC101148853	LOC115933728	DN_NC_073235.2_121946440_4	DN_NC_073235.2_31723374_5	truthbar	0	4	5	4	multi	0	0.8638	0.8321	0.7500	0.8000	0.7500	3
LOC101148853	LOC129526434	DN_NC_073235.2_121946440_4	DN_NC_073238.2_31467876_5	truthbar	0	4	5	4	multi	0	0.8487	0.8169	0.7500	0.8000	0.7500	3
LOC101148853	TUBA1C	DN_NC_073234.2_52064465_4	DN_NC_073235.2_121946440_4	truthbar	0	4	4	4	multi	0	0.8595	0.8296	0.7500	0.7500	0.7500	3
LOC101148853	TUBA3E	DN_NC_073235.2_121946440_4	DN_NC_073235.2_32697745_5	truthbar	0	4	5	4	multi	0	0.8601	0.8195	0.7500	0.8000	0.7500	3
LOC101148853	TUBA8	DN_NC_073235.2_121946440_4	DN_NC_086018.1_16134008_5	truthbar	0	4	5	4	multi	0	0.7692	0.8296	0.7500	0.8000	0.7500	3
LOC101148853	TUBAL3	DN_NC_073232.2_14351656_4	DN_NC_073235.2_121946440_4	truthbar	0	4	4	4	multi	0	0.7419	0.0000	0.0000	0.0000	0.0000	3
LOC101148972	LOC101150168	DN_NC_073234.2_52151326_4	DN_NC_073234.2_52202911_4	TP	1	4	4	4	multi	0	0.7685	0.7639	0.7500	0.7500	0.7500	3
LOC101148972	LOC115933728	DN_NC_073234.2_52202911_4	DN_NC_073235.2_31723374_5	truthbar	0	4	5	4	multi	0	0.8599	0.0000	0.0000	0.0000	0.0000	3
LOC101148972	LOC129526434	DN_NC_073234.2_52202911_4	DN_NC_073238.2_31467876_5	truthbar	0	4	5	4	multi	0	0.7504	0.0000	0.0000	0.0000	0.0000	3
LOC101148972	TUBA1C	DN_NC_073234.2_52064465_4	DN_NC_073234.2_52202911_4	TP	1	4	4	4	multi	0	0.7928	0.7761	0.7500	0.7500	0.7500	3
LOC101148972	TUBA3E	DN_NC_073234.2_52202911_4	DN_NC_073235.2_32697745_5	truthbar	0	4	5	4	multi	0	0.8409	0.0000	0.0000	0.0000	0.0000	3
LOC101148972	TUBA8	DN_NC_073234.2_52202911_4	DN_NC_086018.1_16134008_5	truthbar	0	4	5	4	multi	0	0.6710	0.0000	0.0000	0.0000	0.0000	3
LOC101148972	TUBAL3	DN_NC_073232.2_14351656_4	DN_NC_073234.2_52202911_4	truthbar	0	4	4	4	multi	0	0.6597	0.0000	0.0000	0.0000	0.0000	3
LOC101149428	LOC115932259	DN_NC_073247.2_131774354_4	DN_NC_073247.2_131863961_4	genuine	0	4	4	4	multi	0	1.0000	1.0000	1.0000	1.0000	1.0000	1
LOC101149915	NAALAD2	DN_NC_073233.2_97509393_19	DN_NC_073233.2_97983776_19	truthbar	0	19	19	19	multi	0	0.5135	0.0000	0.0000	0.0000	0.0000	3
LOC101149946	LOC134757265	DN_NC_073240.2_23725358_9	DN_NC_073240.2_29803770_8	genuine	0	9	8	8	multi	0	0.3844	0.4710	0.8889	0.8750	0.8750	1
LOC101149946	PDCD6IP	DN_NC_073240.2_23725358_9	DN_NC_086017.1_43678546_18	genuine	0	9	18	9	multi	0	0.1418	0.1815	0.5556	0.3333	0.3333	1
LOC101150168	LOC115933728	DN_NC_073234.2_52151326_4	DN_NC_073235.2_31723374_5	truthbar	0	4	5	4	multi	0	0.8612	0.0000	0.0000	0.0000	0.0000	3
LOC101150168	LOC129526434	DN_NC_073234.2_52151326_4	DN_NC_073238.2_31467876_5	truthbar	0	4	5	4	multi	0	0.6794	0.0000	0.0000	0.0000	0.0000	3
LOC101150168	TUBA1C	DN_NC_073234.2_52064465_4	DN_NC_073234.2_52151326_4	TP	1	4	4	4	multi	0	0.8040	0.7767	0.7500	0.7500	0.7500	3
LOC101150168	TUBA3E	DN_NC_073234.2_52151326_4	DN_NC_073235.2_32697745_5	truthbar	0	4	5	4	multi	0	0.8422	0.0000	0.0000	0.0000	0.0000	3
LOC101150168	TUBA8	DN_NC_073234.2_52151326_4	DN_NC_086018.1_16134008_5	truthbar	0	4	5	4	multi	0	0.6070	0.0000	0.0000	0.0000	0.0000	3
LOC101150168	TUBAL3	DN_NC_073232.2_14351656_4	DN_NC_073234.2_52151326_4	truthbar	0	4	4	4	multi	0	0.6019	0.0000	0.0000	0.0000	0.0000	3
LOC101150533	MSL3	DN_NC_073235.2_136577761_2	DN_NC_073247.2_22225560_12	TP	1	2	12	2	multi	0	0.5646	0.8795	0.5000	0.7500	0.5000	2
LOC101150774	LOC109028376	DN_NC_073237.2_79912635_2	DN_NC_086017.1_14101436_3	genuine	0	2	3	2	multi	0	0.4081	0.8550	0.5000	0.0000	0.0000	3
LOC101150774	LOC129527656	DN_NC_073242.2_36567597_2	DN_NC_086017.1_14101436_3	genuine	0	2	3	2	multi	0	0.2990	0.5370	0.5000	0.0000	0.0000	3
LOC101150953	TRNAA-AGC	DN_NC_073229.2_46514381_2	DN_NC_073229.2_46518353_2	genuine	0	2	2	2	multi	0	0.9158	0.9158	0.5000	0.5000	0.5000	3
LOC101150965	LOC101152401	DN_NC_073244.2_64400145_5	DN_NC_073244.2_64836827_4	genuine	0	5	4	4	multi	0	0.4181	0.0000	0.0000	0.0000	0.0000	4
LOC101150965	LOC101153126	DN_NC_073244.2_29297022_4	DN_NC_073244.2_64400145_5	genuine	0	4	5	4	multi	0	0.2745	0.0000	0.0000	0.0000	0.0000	4
LOC101150965	LOC101153131	DN_NC_073244.2_64400145_5	DN_NC_073244.2_64908457_4	genuine	0	5	4	4	multi	0	0.6223	0.0000	0.0000	0.0000	0.0000	4
LOC101150965	LOC109024216	DN_NC_073244.2_64400145_5	DN_NC_073244.2_65293743_4	genuine	0	5	4	4	multi	0	0.1335	0.0000	0.0000	0.0000	0.0000	4
LOC101150965	LOC115931567	DN_NC_073244.2_27566430_5	DN_NC_073244.2_64400145_5	genuine	0	5	5	5	multi	0	0.3615	0.0000	0.0000	0.0000	0.0000	4
LOC101150965	LOC115931857	DN_NC_073244.2_64400145_5	DN_NC_073246.2_15789320_2	genuine	0	5	2	2	multi	0	0.3066	0.0000	0.0000	0.0000	0.0000	4
LOC101150965	LOC129528947	DN_NC_073244.2_27408454_4	DN_NC_073244.2_64400145_5	genuine	0	4	5	4	multi	0	0.4072	0.0000	0.0000	0.0000	0.0000	4
LOC101150965	OSBPL10	DN_NC_073244.2_64400145_5	DN_NC_086017.1_41849470_3	genuine	0	5	3	3	multi	0	0.2662	0.0000	0.0000	0.0000	0.0000	4
LOC101150965	ZNF141	DN_NC_073227.2_8907801_4	DN_NC_073244.2_64400145_5	genuine	0	4	5	4	multi	0	0.1610	0.0000	0.0000	0.0000	0.0000	4
LOC101150965	ZNF195	DN_NC_073233.2_9788172_5	DN_NC_073244.2_64400145_5	genuine	0	5	5	5	multi	0	0.2903	0.0000	0.0000	0.0000	0.0000	4
LOC101150965	ZNF267	DN_NC_073242.2_37386128_4	DN_NC_073244.2_64400145_5	genuine	0	4	5	4	multi	0	0.2408	0.0000	0.0000	0.0000	0.0000	4
LOC101150965	ZNF28	DN_NC_073244.2_64400145_5	DN_NC_073244.2_64759228_5	genuine	0	5	5	5	multi	0	0.1331	0.0000	0.0000	0.0000	0.0000	4
LOC101150965	ZNF347	DN_NC_073244.2_64400145_5	DN_NC_073244.2_65073171_5	genuine	0	5	5	5	multi	0	0.2720	0.0000	0.0000	0.0000	0.0000	4
LOC101150965	ZNF415	DN_NC_073244.2_64400145_5	DN_NC_073244.2_65046428_2	genuine	0	5	4	4	multi	0	0.6392	0.0000	0.0000	0.0000	0.0000	4
LOC101150965	ZNF429	DN_NC_073244.2_27956158_4	DN_NC_073244.2_64400145_5	genuine	0	4	5	4	multi	0	0.2845	0.0000	0.0000	0.0000	0.0000	4
LOC101150965	ZNF43	DN_NC_073244.2_28333451_4	DN_NC_073244.2_64400145_5	genuine	0	4	5	4	multi	0	0.4917	0.0000	0.0000	0.0000	0.0000	4
LOC101150965	ZNF480	DN_NC_073244.2_64265252_5	DN_NC_073244.2_64400145_5	genuine	0	5	5	5	multi	0	0.2146	0.0000	0.0000	0.0000	0.0000	4
LOC101150965	ZNF519	DN_NC_073241.2_36126198_2	DN_NC_073244.2_64400145_5	genuine	0	2	5	2	multi	0	0.3032	0.0000	0.0000	0.0000	0.0000	4
LOC101150965	ZNF528	DN_NC_073244.2_64368633_7	DN_NC_073244.2_64400145_5	genuine	0	7	5	5	multi	0	0.2820	0.4459	0.4286	0.6000	0.4286	4
LOC101150965	ZNF578	DN_NC_073244.2_64400145_5	DN_NC_073244.2_64426370_6	genuine	0	5	6	5	multi	0	0.2109	0.0000	0.0000	0.0000	0.0000	4
LOC101150965	ZNF595	DN_NC_073227.2_8633416_4	DN_NC_073244.2_64400145_5	genuine	0	4	5	4	multi	0	0.1793	0.0000	0.0000	0.0000	0.0000	4
LOC101150965	ZNF600	DN_NC_073244.2_64400145_5	DN_NC_073244.2_64724127_4	genuine	0	5	4	4	multi	0	0.1768	0.0000	0.0000	0.0000	0.0000	4
LOC101150965	ZNF616	DN_NC_073244.2_64081943_4	DN_NC_073244.2_64400145_5	genuine	0	4	5	4	multi	0	0.3007	0.0000	0.0000	0.0000	0.0000	4
LOC101150965	ZNF723	DN_NC_073244.2_29232445_4	DN_NC_073244.2_64400145_5	genuine	0	4	5	4	multi	0	0.4465	0.0000	0.0000	0.0000	0.0000	4
LOC101150965	ZNF761	DN_NC_073244.2_64400145_5	DN_NC_073244.2_65362909_5	genuine	0	5	5	5	multi	0	0.1331	0.0000	0.0000	0.0000	0.0000	4
LOC101150965	ZNF766	DN_NC_073244.2_64231369_4	DN_NC_073244.2_64400145_5	genuine	0	4	5	4	multi	0	0.2604	0.0000	0.0000	0.0000	0.0000	4
LOC101150965	ZNF808	DN_NC_073244.2_64400145_5	DN_NC_073244.2_64500861_5	genuine	0	5	5	5	multi	0	0.1922	0.0000	0.0000	0.0000	0.0000	4
LOC101150965	ZNF83	DN_NC_073244.2_64400145_5	DN_NC_073244.2_64585864_4	genuine	0	5	4	4	multi	0	0.4929	0.0000	0.0000	0.0000	0.0000	4
LOC101150965	ZNF836	DN_NC_073244.2_64125568_5	DN_NC_073244.2_64400145_5	genuine	0	5	5	5	multi	0	0.1335	0.0000	0.0000	0.0000	0.0000	4
LOC101150965	ZNF841	DN_NC_073244.2_64034715_7	DN_NC_073244.2_64400145_5	genuine	0	7	5	5	multi	0	0.2908	0.0000	0.0000	0.0000	0.0000	4
LOC101150965	ZNF888	DN_NC_073244.2_64400145_5	DN_NC_073244.2_64860608_4	genuine	0	5	4	4	multi	0	0.1498	0.0000	0.0000	0.0000	0.0000	4
LOC101150965	ZNF91	DN_NC_073244.2_29680825_2	DN_NC_073244.2_64400145_5	genuine	0	2	5	2	multi	0	0.2304	0.0000	0.0000	0.0000	0.0000	4
LOC101150995	RAPH1	DN_NC_073235.2_106111443_2	DN_NC_073237.2_28611397_2	genuine	0	2	2	2	multi	0	0.3058	0.0000	0.0000	0.0000	0.0000	1
LOC101150998	LOC134756941	DN_NC_073237.2_84005209_4	DN_NC_073237.2_84204480_4	genuine	0	4	4	4	multi	0	0.4696	1.0012	1.0000	1.0000	1.0000	3
LOC101151070	LOC115931277	DN_NC_073229.2_44501801_6	DN_NC_073243.2_40356335_7	genuine	0	6	7	6	multi	0	0.2495	0.5521	0.8333	0.7143	0.7143	3
LOC101151070	LOC115933170	DN_NC_073229.2_44501801_6	DN_NC_073243.2_79717303_18	genuine	0	6	18	6	multi	0	0.1907	0.1907	0.5000	0.1667	0.1667	3
LOC101151107	NIPSNAP3A	DN_NC_073237.2_101005198_6	DN_NC_073237.2_101021921_6	TP	1	6	6	6	multi	0	0.5449	0.5401	0.8333	0.8333	0.8333	4
LOC101151284	POLR3K	DN_NC_073235.2_144827388_3	DN_NC_073242.2_3666815_3	TP	1	3	3	3	multi	0	0.9941	0.9941	1.0000	1.0000	1.0000	4
LOC101151290	PLEKHM1	DN_NC_073228.2_45974488_9	DN_NC_073228.2_46778774_7	TP	1	9	7	7	multi	0	0.8545	0.8545	0.7778	1.0000	0.7778	2
LOC101151317	LOC101153727	DN_NC_073244.2_48030384_3	DN_NC_073244.2_48384768_7	genuine	0	3	7	3	multi	0	0.3539	0.0000	0.0000	0.0000	0.0000	0
LOC101151317	LOC109024207	DN_NC_073244.2_48030384_3	DN_NC_073244.2_49176797_4	genuine	0	3	4	3	multi	0	0.1882	0.0000	0.0000	0.0000	0.0000	0
LOC101151317	LOC115931610	DN_NC_073244.2_15648295_6	DN_NC_073244.2_48030811_4	genuine	0	6	4	4	multi	0	0.1477	0.0000	0.0000	0.0000	0.0000	0
LOC101151317	ZFP3	DN_NC_073243.2_20204464_2	DN_NC_073244.2_48030811_4	genuine	0	2	4	2	multi	0	0.3342	0.0000	0.0000	0.0000	0.0000	0
LOC101151317	ZFP82	DN_NC_073244.2_47586219_5	DN_NC_073244.2_48030811_4	genuine	0	5	4	4	multi	0	0.1771	0.0000	0.0000	0.0000	0.0000	0
LOC101151317	ZNF184	DN_NC_073229.2_45067329_6	DN_NC_073244.2_48030811_4	genuine	0	6	4	4	multi	0	0.3996	0.0000	0.0000	0.0000	0.0000	0
LOC101151317	ZNF189	DN_NC_073237.2_97733433_3	DN_NC_073244.2_48030811_4	genuine	0	3	4	3	multi	0	0.2437	0.0000	0.0000	0.0000	0.0000	0
LOC101151317	ZNF266	DN_NC_073244.2_15453865_9	DN_NC_073244.2_48030811_4	genuine	0	9	4	4	multi	0	0.2071	0.0000	0.0000	0.0000	0.0000	0
LOC101151317	ZNF283	DN_NC_073244.2_48030384_3	DN_NC_073244.2_55341363_7	genuine	0	3	7	3	multi	0	0.3222	0.0000	0.0000	0.0000	0.0000	0
LOC101151317	ZNF30	DN_NC_073244.2_45985550_6	DN_NC_073244.2_48030811_4	genuine	0	6	4	4	multi	0	0.2621	0.0000	0.0000	0.0000	0.0000	0
LOC101151317	ZNF329	DN_NC_073244.2_48030384_3	DN_NC_073244.2_70224599_4	genuine	0	3	4	3	multi	0	0.3950	0.0000	0.0000	0.0000	0.0000	0
LOC101151317	ZNF331	DN_NC_073244.2_48030811_4	DN_NC_073244.2_65470296_6	genuine	0	4	6	4	multi	0	0.2344	0.0000	0.0000	0.0000	0.0000	0
LOC101151317	ZNF420	DN_NC_073244.2_48030384_3	DN_NC_073244.2_48242798_5	genuine	0	3	5	3	multi	0	0.3381	0.0000	0.0000	0.0000	0.0000	0
LOC101151317	ZNF461	DN_NC_073244.2_47831779_6	DN_NC_073244.2_48030811_4	genuine	0	6	4	4	multi	0	0.1528	0.0000	0.0000	0.0000	0.0000	0
LOC101151317	ZNF471	DN_NC_073244.2_48030811_4	DN_NC_073244.2_68611978_5	genuine	0	4	5	4	multi	0	0.1477	0.0000	0.0000	0.0000	0.0000	0
LOC101151317	ZNF529	DN_NC_073244.2_47739503_5	DN_NC_073244.2_48030811_4	genuine	0	5	4	4	multi	0	0.2772	0.0000	0.0000	0.0000	0.0000	0
LOC101151317	ZNF540	DN_NC_073244.2_48030811_4	DN_NC_073244.2_49101177_5	genuine	0	4	5	4	multi	0	0.2059	0.0000	0.0000	0.0000	0.0000	0
LOC101151317	ZNF546	DN_NC_073244.2_48030384_3	DN_NC_073244.2_51749194_6	genuine	0	3	6	3	multi	0	0.3240	0.0000	0.0000	0.0000	0.0000	0
LOC101151317	ZNF565	DN_NC_073244.2_47250467_5	DN_NC_073244.2_48030384_3	genuine	0	5	3	3	multi	0	0.3705	0.0000	0.0000	0.0000	0.0000	0
LOC101151317	ZNF566	DN_NC_073244.2_47642985_5	DN_NC_073244.2_48030811_4	genuine	0	5	4	4	multi	0	0.2331	0.0000	0.0000	0.0000	0.0000	0
LOC101151317	ZNF571	DN_NC_073244.2_48030811_4	DN_NC_073244.2_49072464_4	genuine	0	4	4	4	multi	0	0.3895	0.0000	0.0000	0.0000	0.0000	0
LOC101151317	ZNF573	DN_NC_073244.2_48030811_4	DN_NC_073244.2_49246931_6	genuine	0	4	6	4	multi	0	0.4392	0.0000	0.0000	0.0000	0.0000	0
LOC101151317	ZNF582	DN_NC_073244.2_48030811_4	DN_NC_073244.2_68491976_5	genuine	0	4	5	4	multi	0	0.2732	0.0000	0.0000	0.0000	0.0000	0
LOC101151317	ZNF583	DN_NC_073244.2_48030811_4	DN_NC_073244.2_68513423_5	genuine	0	4	5	4	multi	0	0.2081	0.0000	0.0000	0.0000	0.0000	0
LOC101151317	ZNF607	DN_NC_073244.2_48030384_3	DN_NC_073244.2_49205215_5	genuine	0	3	5	3	multi	0	0.2373	0.0000	0.0000	0.0000	0.0000	0
LOC101151317	ZNF665	DN_NC_073244.2_48030384_3	DN_NC_073244.2_65102393_4	genuine	0	3	4	3	multi	0	0.5012	0.0000	0.0000	0.0000	0.0000	0
LOC101151317	ZNF780A	DN_NC_073244.2_48030811_4	DN_NC_073244.2_51825388_5	genuine	0	4	5	4	multi	0	0.1971	0.0000	0.0000	0.0000	0.0000	0
LOC101151317	ZNF780B	DN_NC_073244.2_48030811_4	DN_NC_073244.2_51783968_5	genuine	0	4	5	4	multi	0	0.3057	0.0000	0.0000	0.0000	0.0000	0
LOC101151317	ZNF790	DN_NC_073244.2_47997304_5	DN_NC_073244.2_48030811_4	genuine	0	5	4	4	multi	0	0.3946	0.0000	0.0000	0.0000	0.0000	0
LOC101151317	ZNF829	DN_NC_073244.2_48030811_4	DN_NC_073244.2_48066692_6	genuine	0	4	6	4	multi	0	0.2685	0.0000	0.0000	0.0000	0.0000	0
LOC101151318	LOC109027180	DN_NC_073229.2_70515777_4	DN_NC_073229.2_70567152_7	genuine	0	4	7	4	multi	0	0.1567	0.0000	0.0000	0.0000	0.0000	3
LOC101151343	LOC101153153	DN_NC_073247.2_58634411_8	DN_NC_073247.2_62823555_8	truthbar	0	8	8	8	multi	0	0.2689	0.9351	0.8750	0.8750	0.8750	2
LOC101151343	LOC129529923	DN_NC_073247.2_58634411_8	DN_NC_073247.2_62876862_8	truthbar	0	8	8	8	multi	0	0.2518	0.8781	0.8750	0.8750	0.8750	2
LOC101151892	LOC115931567	DN_NC_073227.2_8792448_3	DN_NC_073244.2_27566430_5	genuine	0	3	5	3	multi	0	0.1469	0.0000	0.0000	0.0000	0.0000	4
LOC101151892	ZNF429	DN_NC_073227.2_8792448_3	DN_NC_073244.2_27956158_2	genuine	0	3	2	2	multi	0	0.1845	0.0000	0.0000	0.0000	0.0000	4
LOC101151892	ZNF595	DN_NC_073227.2_8633418_2	DN_NC_073227.2_8792448_3	genuine	0	2	3	2	multi	0	0.1502	0.5390	1.0000	0.6667	0.6667	4
LOC101151892	ZNF675	DN_NC_073227.2_8792448_3	DN_NC_073244.2_29970261_4	genuine	0	3	4	3	multi	0	0.1826	0.0000	0.0000	0.0000	0.0000	4
LOC101151892	ZNF723	DN_NC_073227.2_8792448_3	DN_NC_073244.2_29232445_4	genuine	0	3	4	3	multi	0	0.1585	0.0000	0.0000	0.0000	0.0000	4
LOC101151892	ZNF92	DN_NC_073227.2_8792448_3	DN_NC_073230.2_74637814_2	genuine	0	3	2	2	multi	0	0.1392	0.0000	0.0000	0.0000	0.0000	4
LOC101152035	LOC101153366	DN_NC_073229.2_70609285_7	DN_NC_073229.2_70674504_7	TP	1	7	7	7	multi	0	0.5764	0.9079	0.8571	0.8571	0.8571	3
LOC101152035	LOC109027180	DN_NC_073229.2_70567152_7	DN_NC_073229.2_70674504_7	TP	1	7	7	7	multi	0	0.6239	0.8769	0.7143	0.8571	0.7143	3
LOC101152062	MAGEB1	DN_NC_073247.2_38333222_3	DN_NC_073247.2_40760693_3	truthbar	0	3	3	3	multi	0	0.3028	0.0000	0.0000	0.0000	0.0000	4
LOC101152062	MAGEB3	DN_NC_073247.2_38356425_2	DN_NC_073247.2_40747465_5	truthbar	0	2	5	2	multi	0	0.3114	0.0000	0.0000	0.0000	0.0000	4
LOC101152401	LOC101153126	DN_NC_073244.2_29297022_4	DN_NC_073244.2_64836827_4	truthbar	0	4	4	4	multi	0	0.2414	0.0000	0.0000	0.0000	0.0000	4
LOC101152401	LOC101153131	DN_NC_073244.2_64836827_4	DN_NC_073244.2_64908457_4	truthbar	0	4	4	4	multi	0	0.1846	0.0000	0.0000	0.0000	0.0000	4
LOC101152401	LOC109024216	DN_NC_073244.2_64836827_4	DN_NC_073244.2_65293743_4	truthbar	0	4	4	4	multi	0	0.2181	0.1144	0.5000	0.5000	0.5000	4
LOC101152401	LOC115931567	DN_NC_073244.2_27566430_5	DN_NC_073244.2_64836827_4	genuine	0	5	4	4	multi	0	0.1732	0.0000	0.0000	0.0000	0.0000	4
LOC101152401	LOC115931568	DN_NC_073244.2_28072858_4	DN_NC_073244.2_64836827_4	truthbar	0	4	4	4	multi	0	0.2846	0.0000	0.0000	0.0000	0.0000	4
LOC101152401	LOC115931576	DN_NC_073244.2_29046961_4	DN_NC_073244.2_64836827_4	truthbar	0	4	4	4	multi	0	0.2251	0.0000	0.0000	0.0000	0.0000	4
LOC101152401	LOC115931654	DN_NC_073244.2_64836827_4	DN_NC_073244.2_65266359_4	truthbar	0	4	4	4	multi	0	0.2176	0.1144	0.5000	0.5000	0.5000	4
LOC101152401	ZNF273	DN_NC_073230.2_74299233_4	DN_NC_073244.2_64836827_4	truthbar	0	4	4	4	multi	0	0.2436	0.0000	0.0000	0.0000	0.0000	4
LOC101152401	ZNF28	DN_NC_073244.2_64759228_5	DN_NC_073244.2_64836827_4	truthbar	0	5	4	4	multi	0	0.2240	0.2818	0.2000	0.2500	0.2000	4
LOC101152401	ZNF415	DN_NC_073244.2_64836827_4	DN_NC_073244.2_65046428_2	truthbar	0	4	4	4	multi	0	0.3723	0.0000	0.0000	0.0000	0.0000	4
LOC101152401	ZNF43	DN_NC_073244.2_28333451_4	DN_NC_073244.2_64836827_4	truthbar	0	4	4	4	multi	0	0.1612	0.0000	0.0000	0.0000	0.0000	4
LOC101152401	ZNF468	DN_NC_073244.2_64797239_5	DN_NC_073244.2_64836827_4	truthbar	0	5	4	4	multi	0	0.2298	0.3994	0.0000	0.0000	0.0000	4
LOC101152401	ZNF480	DN_NC_073244.2_64265252_5	DN_NC_073244.2_64836827_4	truthbar	0	5	4	4	multi	0	0.1464	0.0000	0.0000	0.0000	0.0000	4
LOC101152401	ZNF519	DN_NC_073241.2_36126198_2	DN_NC_073244.2_64836827_4	truthbar	0	2	4	2	multi	0	0.2310	0.0000	0.0000	0.0000	0.0000	4
LOC101152401	ZNF600	DN_NC_073244.2_64724127_4	DN_NC_073244.2_64836827_4	truthbar	0	4	4	4	multi	0	0.2257	0.2765	0.0000	0.0000	0.0000	4
LOC101152401	ZNF611	DN_NC_073244.2_64672255_4	DN_NC_073244.2_64836827_4	truthbar	0	4	4	4	multi	0	0.1325	0.0000	0.0000	0.0000	0.0000	4
LOC101152401	ZNF675	DN_NC_073244.2_29970261_4	DN_NC_073244.2_64836827_4	truthbar	0	4	4	4	multi	0	0.4155	0.0000	0.0000	0.0000	0.0000	4
LOC101152401	ZNF701	DN_NC_073244.2_64543447_4	DN_NC_073244.2_64836827_4	truthbar	0	4	4	4	multi	0	0.1691	0.0000	0.0000	0.0000	0.0000	4
LOC101152401	ZNF721	DN_NC_073227.2_9009655_3	DN_NC_073244.2_64836827_4	truthbar	0	3	4	3	multi	0	0.1498	0.0000	0.0000	0.0000	0.0000	4
LOC101152401	ZNF736	DN_NC_073230.2_73776646_4	DN_NC_073244.2_64836827_4	truthbar	0	4	4	4	multi	0	0.1845	0.0000	0.0000	0.0000	0.0000	4
LOC101152401	ZNF761	DN_NC_073244.2_64836827_4	DN_NC_073244.2_65362909_5	truthbar	0	4	5	4	multi	0	0.1958	0.3622	0.5000	0.4000	0.4000	4
LOC101152401	ZNF766	DN_NC_073244.2_64231369_4	DN_NC_073244.2_64836827_4	truthbar	0	4	4	4	multi	0	0.2754	0.0000	0.0000	0.0000	0.0000	4
LOC101152401	ZNF808	DN_NC_073244.2_64500861_5	DN_NC_073244.2_64836827_4	truthbar	0	5	4	4	multi	0	0.2176	0.2453	0.0000	0.0000	0.0000	4
LOC101152401	ZNF813	DN_NC_073244.2_64836827_4	DN_NC_073244.2_65398487_4	truthbar	0	4	4	4	multi	0	0.1396	0.4838	0.0000	0.0000	0.0000	4
LOC101152401	ZNF83	DN_NC_073244.2_64585864_4	DN_NC_073244.2_64836827_4	truthbar	0	4	4	4	multi	0	0.2104	0.0000	0.0000	0.0000	0.0000	4
LOC101152401	ZNF836	DN_NC_073244.2_64125568_5	DN_NC_073244.2_64836827_4	truthbar	0	5	4	4	multi	0	0.2987	0.0000	0.0000	0.0000	0.0000	4
LOC101152401	ZNF841	DN_NC_073244.2_64034715_7	DN_NC_073244.2_64836827_4	truthbar	0	7	4	4	multi	0	0.2199	0.0000	0.0000	0.0000	0.0000	4
LOC101152401	ZNF91	DN_NC_073244.2_29680825_4	DN_NC_073244.2_64836827_4	genuine	0	4	4	4	multi	0	0.2419	0.0000	0.0000	0.0000	0.0000	4
LOC101152610	LOC129527660	DN_NC_073240.2_21601841_7	DN_NC_073242.2_37476471_6	genuine	0	7	6	6	multi	0	0.2518	0.9396	1.0000	0.8333	0.8333	2
LOC101152665	SPIN1	DN_NC_073237.2_84822135_6	DN_NC_073247.2_67278734_2	truthbar	0	6	2	2	multi	0	0.5207	0.0000	0.0000	0.0000	0.0000	1
LOC101152665	SPIN3	DN_NC_073247.2_67140263_2	DN_NC_073247.2_67278734_2	truthbar	0	2	2	2	multi	0	0.6178	0.0000	0.0000	0.0000	0.0000	1
LOC101152741	LOC109027124	DN_NC_073227.2_204398881_3	DN_NC_073229.2_194862622_5	genuine	0	3	5	3	multi	0	0.1339	0.4035	0.0000	0.2000	0.0000	2
LOC101152741	MPHOSPH8	DN_NC_073227.2_204398881_3	DN_NC_073238.2_33904146_3	genuine	0	3	3	3	multi	0	0.1704	0.0000	0.0000	0.0000	0.0000	2
LOC101152843	SUGT1	DN_NC_073238.2_55186881_2	DN_NC_073238.2_67074273_14	genuine	0	2	14	2	multi	0	0.2250	0.0000	0.0000	0.0000	0.0000	3
LOC101152938	LOC115934341	DN_NC_073233.2_75718276_6	DN_NC_086017.1_85330170_7	truthbar	0	6	7	6	multi	0	0.3030	0.9326	0.8333	0.7143	0.7143	0
LOC101152972	LOC115931074	DN_NC_073240.2_21546861_14	DN_NC_073242.2_37435648_13	truthbar	0	14	13	13	multi	0	0.3711	0.6301	0.8571	0.8462	0.8462	1
LOC101152972	LOC129527053	DN_NC_073240.2_21546861_14	DN_NC_073240.2_23219746_14	TP	1	14	14	14	multi	0	0.5334	0.9621	0.9286	0.8571	0.8571	1
LOC101152972	RHPN2	DN_NC_073240.2_21546861_14	DN_NC_073244.2_44006563_15	TP	1	14	15	14	multi	0	0.4869	0.9774	0.8571	0.8667	0.8571	1
LOC101153126	LOC101153131	DN_NC_073244.2_29297022_4	DN_NC_073244.2_64908457_4	truthbar	0	4	4	4	multi	0	0.3764	0.0000	0.0000	0.0000	0.0000	4
LOC101153126	LOC109024216	DN_NC_073244.2_29297022_4	DN_NC_073244.2_65293743_4	truthbar	0	4	4	4	multi	0	0.2891	0.0000	0.0000	0.0000	0.0000	4
LOC101153126	LOC115930172	DN_NC_073244.2_27051998_4	DN_NC_073244.2_29297022_4	genuine	0	4	4	4	multi	0	0.4084	0.4867	0.7500	0.7500	0.7500	4
LOC101153126	LOC115931567	DN_NC_073244.2_27626411_5	DN_NC_073244.2_29297022_4	genuine	0	5	4	4	multi	0	0.4089	0.4702	0.4000	0.5000	0.4000	4
LOC101153126	LOC115931568	DN_NC_073244.2_28072858_4	DN_NC_073244.2_29297022_4	truthbar	0	4	4	4	multi	0	0.4496	0.0000	0.0000	0.0000	0.0000	4
LOC101153126	LOC115931576	DN_NC_073244.2_29046961_4	DN_NC_073244.2_29297022_4	truthbar	0	4	4	4	multi	0	0.1447	0.4710	0.7500	0.7500	0.7500	4
LOC101153126	LOC115931654	DN_NC_073244.2_29297022_4	DN_NC_073244.2_65266359_4	truthbar	0	4	4	4	multi	0	0.1898	0.0000	0.0000	0.0000	0.0000	4
LOC101153126	LOC115931857	DN_NC_073244.2_29297022_4	DN_NC_073246.2_15789285_3	truthbar	0	4	3	3	multi	0	0.1993	0.0000	0.0000	0.0000	0.0000	4
LOC101153126	LOC129527827	DN_NC_073242.2_66613619_4	DN_NC_073244.2_29297022_4	genuine	0	4	4	4	multi	0	0.2279	0.0000	0.0000	0.0000	0.0000	4
LOC101153126	LOC129528947	DN_NC_073244.2_27408454_4	DN_NC_073244.2_29297022_4	genuine	0	4	4	4	multi	0	0.4090	0.4785	0.5000	0.5000	0.5000	4
LOC101153126	ZNF195	DN_NC_073233.2_9788172_5	DN_NC_073244.2_29297022_4	truthbar	0	5	4	4	multi	0	0.1373	0.0000	0.0000	0.0000	0.0000	4
LOC101153126	ZNF254	DN_NC_073244.2_29297022_4	DN_NC_073244.2_30438386_2	truthbar	0	4	2	2	multi	0	0.2445	0.0000	0.0000	0.0000	0.0000	4
LOC101153126	ZNF267	DN_NC_073242.2_37386128_4	DN_NC_073244.2_29297022_4	truthbar	0	4	4	4	multi	0	0.1760	0.0000	0.0000	0.0000	0.0000	4
LOC101153126	ZNF273	DN_NC_073230.2_74299233_4	DN_NC_073244.2_29297022_4	truthbar	0	4	4	4	multi	0	0.1654	0.7966	0.0000	0.0000	0.0000	4
LOC101153126	ZNF28	DN_NC_073244.2_29297022_4	DN_NC_073244.2_64759228_5	truthbar	0	4	5	4	multi	0	0.1854	0.0000	0.0000	0.0000	0.0000	4
LOC101153126	ZNF429	DN_NC_073244.2_27956158_2	DN_NC_073244.2_29297022_4	truthbar	0	2	4	2	multi	0	0.6889	0.0000	0.5000	0.0000	0.0000	4
LOC101153126	ZNF43	DN_NC_073244.2_28333451_4	DN_NC_073244.2_29297022_4	truthbar	0	4	4	4	multi	0	0.4022	0.6951	0.7500	0.7500	0.7500	4
LOC101153126	ZNF430	DN_NC_073244.2_27504818_5	DN_NC_073244.2_29297022_4	truthbar	0	5	4	4	multi	0	0.3934	0.4661	0.4000	0.5000	0.4000	4
LOC101153126	ZNF468	DN_NC_073244.2_29297022_4	DN_NC_073244.2_64797239_5	truthbar	0	4	5	4	multi	0	0.2298	0.0000	0.0000	0.0000	0.0000	4
LOC101153126	ZNF486	DN_NC_073244.2_26666712_5	DN_NC_073244.2_29297022_4	truthbar	0	5	4	4	multi	0	0.2276	0.0000	0.0000	0.0000	0.0000	4
LOC101153126	ZNF506	DN_NC_073244.2_26240039_2	DN_NC_073244.2_29297022_4	truthbar	0	2	4	2	multi	0	0.2118	0.0000	0.0000	0.0000	0.0000	4
LOC101153126	ZNF519	DN_NC_073241.2_36126183_3	DN_NC_073244.2_29297022_4	truthbar	0	3	4	3	multi	0	0.2736	0.0000	0.0000	0.0000	0.0000	4
LOC101153126	ZNF595	DN_NC_073227.2_8633418_2	DN_NC_073244.2_29297022_4	truthbar	0	2	4	2	multi	0	0.3340	0.0000	0.0000	0.0000	0.0000	4
LOC101153126	ZNF600	DN_NC_073244.2_29297022_4	DN_NC_073244.2_64724127_4	truthbar	0	4	4	4	multi	0	0.2377	0.0000	0.0000	0.0000	0.0000	4
LOC101153126	ZNF611	DN_NC_073244.2_29297022_4	DN_NC_073244.2_64672255_4	truthbar	0	4	4	4	multi	0	0.1825	0.0000	0.0000	0.0000	0.0000	4
LOC101153126	ZNF626	DN_NC_073244.2_27131194_2	DN_NC_073244.2_29297022_4	truthbar	0	2	4	2	multi	0	0.3685	0.0000	0.0000	0.0000	0.0000	4
LOC101153126	ZNF675	DN_NC_073244.2_29297022_4	DN_NC_073244.2_29970261_4	truthbar	0	4	4	4	multi	0	0.2252	0.7657	0.5000	0.7500	0.5000	4
LOC101153126	ZNF678	DN_NC_073224.2_40627195_4	DN_NC_073244.2_29297022_4	truthbar	0	4	4	4	multi	0	0.2990	0.0000	0.0000	0.0000	0.0000	4
LOC101153126	ZNF680	DN_NC_073230.2_73977205_4	DN_NC_073244.2_29297022_4	truthbar	0	4	4	4	multi	0	0.2323	0.5376	0.7500	0.7500	0.7500	4
LOC101153126	ZNF681	DN_NC_073244.2_29297022_4	DN_NC_073244.2_30067652_4	truthbar	0	4	4	4	multi	0	0.2514	0.3928	0.5000	0.5000	0.5000	4
LOC101153126	ZNF682	DN_NC_073244.2_26470366_4	DN_NC_073244.2_29297022_4	truthbar	0	4	4	4	multi	0	0.2929	0.0000	0.0000	0.0000	0.0000	4
LOC101153126	ZNF721	DN_NC_073227.2_9009655_3	DN_NC_073244.2_29297022_4	truthbar	0	3	4	3	multi	0	0.2785	0.0000	0.0000	0.0000	0.0000	4
LOC101153126	ZNF723	DN_NC_073244.2_29232445_4	DN_NC_073244.2_29297022_4	truthbar	0	4	4	4	multi	0	0.3152	0.7275	1.0000	0.5000	0.5000	4
LOC101153126	ZNF727	DN_NC_073230.2_73508332_4	DN_NC_073244.2_29297022_4	truthbar	0	4	4	4	multi	0	0.1748	0.0000	0.0000	0.0000	0.0000	4
LOC101153126	ZNF736	DN_NC_073230.2_73776646_4	DN_NC_073244.2_29297022_4	truthbar	0	4	4	4	multi	0	0.2136	0.0000	0.0000	0.0000	0.0000	4
LOC101153126	ZNF761	DN_NC_073244.2_29297022_4	DN_NC_073244.2_65362909_5	truthbar	0	4	5	4	multi	0	0.2585	0.0000	0.0000	0.0000	0.0000	4
LOC101153126	ZNF813	DN_NC_073244.2_29297022_4	DN_NC_073244.2_65398487_4	truthbar	0	4	4	4	multi	0	0.1648	0.0000	0.0000	0.0000	0.0000	4
LOC101153126	ZNF83	DN_NC_073244.2_29297022_4	DN_NC_073244.2_64585864_4	truthbar	0	4	4	4	multi	0	0.3384	0.0000	0.0000	0.0000	0.0000	4
LOC101153126	ZNF836	DN_NC_073244.2_29297022_4	DN_NC_073244.2_64125568_5	truthbar	0	4	5	4	multi	0	0.2485	0.0000	0.0000	0.0000	0.0000	4
LOC101153126	ZNF841	DN_NC_073244.2_29297022_4	DN_NC_073244.2_64034715_7	truthbar	0	4	7	4	multi	0	0.1359	0.0000	0.0000	0.0000	0.0000	4
LOC101153126	ZNF888	DN_NC_073244.2_29297022_4	DN_NC_073244.2_64860608_4	truthbar	0	4	4	4	multi	0	0.2174	0.0000	0.0000	0.0000	0.0000	4
LOC101153126	ZNF91	DN_NC_073244.2_29297022_4	DN_NC_073244.2_29680825_4	truthbar	0	4	4	4	multi	0	0.3899	0.5232	0.7500	0.7500	0.7500	4
LOC101153126	ZNF92	DN_NC_073230.2_74637814_2	DN_NC_073244.2_29297022_4	truthbar	0	2	4	2	multi	0	0.1637	0.4155	0.0000	0.0000	0.0000	4
LOC101153131	LOC109024216	DN_NC_073244.2_64908457_4	DN_NC_073244.2_65293743_4	truthbar	0	4	4	4	multi	0	0.2614	0.7828	0.0000	0.0000	0.0000	4
LOC101153131	LOC115931567	DN_NC_073244.2_27566430_5	DN_NC_073244.2_64908457_4	genuine	0	5	4	4	multi	0	0.2738	0.0000	0.0000	0.0000	0.0000	4
LOC101153131	LOC115931654	DN_NC_073244.2_64908457_4	DN_NC_073244.2_65266359_4	truthbar	0	4	4	4	multi	0	0.2734	0.8318	0.7500	0.5000	0.5000	4
LOC101153131	LOC115931857	DN_NC_073244.2_64908457_4	DN_NC_073246.2_15789285_3	truthbar	0	4	3	3	multi	0	0.1790	0.0000	0.0000	0.0000	0.0000	4
LOC101153131	OSBPL10	DN_NC_073244.2_64908457_4	DN_NC_086017.1_41849524_2	genuine	0	4	2	2	multi	0	0.4704	0.0000	0.0000	0.0000	0.0000	4
LOC101153131	ZNF267	DN_NC_073242.2_37386128_4	DN_NC_073244.2_64908457_4	truthbar	0	4	4	4	multi	0	0.3700	0.0000	0.0000	0.0000	0.0000	4
LOC101153131	ZNF28	DN_NC_073244.2_64759228_5	DN_NC_073244.2_64908457_4	truthbar	0	5	4	4	multi	0	0.2390	0.4236	0.0000	0.0000	0.0000	4
LOC101153131	ZNF347	DN_NC_073244.2_64908457_4	DN_NC_073244.2_65073171_5	truthbar	0	4	5	4	multi	0	0.2667	0.0000	0.0000	0.0000	0.0000	4
LOC101153131	ZNF415	DN_NC_073244.2_64908457_4	DN_NC_073244.2_65046428_2	truthbar	0	4	4	4	multi	0	0.4012	0.0000	0.0000	0.0000	0.0000	4
LOC101153131	ZNF468	DN_NC_073244.2_64797239_5	DN_NC_073244.2_64908457_4	truthbar	0	5	4	4	multi	0	0.2464	0.0000	0.0000	0.0000	0.0000	4
LOC101153131	ZNF480	DN_NC_073244.2_64265252_5	DN_NC_073244.2_64908457_4	truthbar	0	5	4	4	multi	0	0.3270	0.0000	0.0000	0.0000	0.0000	4
LOC101153131	ZNF519	DN_NC_073241.2_36126183_3	DN_NC_073244.2_64908457_4	truthbar	0	3	4	3	multi	0	0.2892	0.0000	0.0000	0.0000	0.0000	4
LOC101153131	ZNF578	DN_NC_073244.2_64426370_6	DN_NC_073244.2_64908457_4	truthbar	0	6	4	4	multi	0	0.2150	0.9607	0.3333	0.7500	0.3333	4
LOC101153131	ZNF595	DN_NC_073227.2_8633416_4	DN_NC_073244.2_64908457_4	truthbar	0	4	4	4	multi	0	0.2180	0.0000	0.0000	0.0000	0.0000	4
LOC101153131	ZNF600	DN_NC_073244.2_64724127_4	DN_NC_073244.2_64908457_4	truthbar	0	4	4	4	multi	0	0.3165	0.6891	0.7500	0.7500	0.7500	4
LOC101153131	ZNF611	DN_NC_073244.2_64672255_4	DN_NC_073244.2_64908457_4	truthbar	0	4	4	4	multi	0	0.2794	0.4498	0.5000	0.5000	0.5000	4
LOC101153131	ZNF616	DN_NC_073244.2_64081943_4	DN_NC_073244.2_64908457_4	truthbar	0	4	4	4	multi	0	0.1453	0.0000	0.0000	0.0000	0.0000	4
LOC101153131	ZNF655	DN_NC_073230.2_89256114_4	DN_NC_073244.2_64908457_4	truthbar	0	4	4	4	multi	0	0.1378	0.0000	0.0000	0.0000	0.0000	4
LOC101153131	ZNF701	DN_NC_073244.2_64543447_4	DN_NC_073244.2_64908457_4	truthbar	0	4	4	4	multi	0	0.2348	0.7041	0.0000	0.0000	0.0000	4
LOC101153131	ZNF761	DN_NC_073244.2_64908457_4	DN_NC_073244.2_65362909_5	truthbar	0	4	5	4	multi	0	0.1966	0.7386	0.2500	0.0000	0.0000	4
LOC101153131	ZNF766	DN_NC_073244.2_64231369_4	DN_NC_073244.2_64908457_4	truthbar	0	4	4	4	multi	0	0.3685	0.0000	0.0000	0.0000	0.0000	4
LOC101153131	ZNF808	DN_NC_073244.2_64500861_5	DN_NC_073244.2_64908457_4	truthbar	0	5	4	4	multi	0	0.3105	1.1794	0.0000	0.0000	0.0000	4
LOC101153131	ZNF813	DN_NC_073244.2_64908457_4	DN_NC_073244.2_65398487_4	truthbar	0	4	4	4	multi	0	0.3367	0.7315	0.7500	0.2500	0.2500	4
LOC101153131	ZNF83	DN_NC_073244.2_64585864_4	DN_NC_073244.2_64908457_4	truthbar	0	4	4	4	multi	0	0.4790	0.0000	0.0000	0.0000	0.0000	4
LOC101153131	ZNF836	DN_NC_073244.2_64125568_5	DN_NC_073244.2_64908457_4	truthbar	0	5	4	4	multi	0	0.3019	0.0000	0.0000	0.0000	0.0000	4
LOC101153131	ZNF841	DN_NC_073244.2_64034715_7	DN_NC_073244.2_64908457_4	truthbar	0	7	4	4	multi	0	0.1453	0.0000	0.0000	0.0000	0.0000	4
LOC101153131	ZNF888	DN_NC_073244.2_64860608_4	DN_NC_073244.2_64908457_4	truthbar	0	4	4	4	multi	0	0.5873	0.6940	0.2500	0.5000	0.2500	4
LOC101153131	ZNF91	DN_NC_073244.2_29680825_2	DN_NC_073244.2_64908457_4	truthbar	0	2	4	2	multi	0	0.2180	0.0000	0.0000	0.0000	0.0000	4
LOC101153131	ZNF92	DN_NC_073230.2_74637722_4	DN_NC_073244.2_64908457_4	truthbar	0	4	4	4	multi	0	0.3876	0.0000	0.0000	0.0000	0.0000	4
LOC101153153	LOC129529923	DN_NC_073247.2_62823555_8	DN_NC_073247.2_62876862_8	TP	1	8	8	8	multi	0	0.9969	0.9977	1.0000	1.0000	1.0000	2
LOC101153360	LOC109027174	DN_NC_073229.2_47663527_8	DN_NC_073229.2_48177425_8	genuine	0	8	8	8	multi	0	0.5493	0.5854	0.7500	0.7500	0.7500	3
LOC101153360	MHC-G	DN_NC_073229.2_47377766_7	DN_NC_073229.2_48177425_8	truthbar	0	7	8	7	multi	0	0.4188	0.7881	0.5714	0.5000	0.5000	3
LOC101153366	LOC109027180	DN_NC_073229.2_70567152_7	DN_NC_073229.2_70609285_7	TP	1	7	7	7	multi	0	0.6583	1.0047	0.7143	1.0000	0.7143	3
LOC101153504	LOC109024193	DN_NC_073244.2_69514207_2	DN_NC_073244.2_69601170_4	truthbar	0	2	4	2	multi	0	0.1706	0.0000	0.0000	0.0000	0.0000	3
LOC101153504	LOC115930105	DN_NC_073244.2_69572632_3	DN_NC_073244.2_69601170_4	truthbar	0	3	4	3	multi	0	0.2598	0.0000	0.0000	0.0000	0.0000	3
LOC101153504	ZIK1	DN_NC_073244.2_69601170_4	DN_NC_073244.2_69685698_2	truthbar	0	4	2	2	multi	0	0.2816	0.0000	0.0000	0.0000	0.0000	3
LOC101153504	ZNF132	DN_NC_073244.2_69601170_4	DN_NC_073244.2_70525717_3	truthbar	0	4	3	3	multi	0	0.1842	0.0000	0.0000	0.0000	0.0000	3
LOC101153504	ZNF134	DN_NC_073244.2_69601170_4	DN_NC_073244.2_69715828_2	truthbar	0	4	2	2	multi	0	0.1839	0.0000	0.0000	0.0000	0.0000	3
LOC101153504	ZNF154	DN_NC_073244.2_69601170_4	DN_NC_073244.2_69799604_5	truthbar	0	4	5	4	multi	0	0.3290	0.0000	0.0000	0.0000	0.0000	3
LOC101153504	ZNF256	DN_NC_073244.2_69601170_4	DN_NC_073244.2_70043245_2	truthbar	0	4	2	2	multi	0	0.3423	0.0000	0.0000	0.0000	0.0000	3
LOC101153504	ZNF416	DN_NC_073244.2_69601170_4	DN_NC_073244.2_69672458_4	truthbar	0	4	4	4	multi	0	0.2037	0.0000	0.0000	0.0000	0.0000	3
LOC101153504	ZNF547	DN_NC_073244.2_69466443_4	DN_NC_073244.2_69601170_4	truthbar	0	4	4	4	multi	0	0.1401	0.0000	0.0000	0.0000	0.0000	3
LOC101153504	ZNF551	DN_NC_073244.2_69601170_4	DN_NC_073244.2_69783488_3	truthbar	0	4	3	3	multi	0	0.2088	0.0000	0.0000	0.0000	0.0000	3
LOC101153504	ZNF671	DN_NC_073244.2_69601170_4	DN_NC_073244.2_69821764_4	truthbar	0	4	4	4	multi	0	0.2009	0.0000	0.0000	0.0000	0.0000	3
LOC101153504	ZNF792	DN_NC_073244.2_46013405_4	DN_NC_073244.2_69601170_4	truthbar	0	4	4	4	multi	0	0.2378	0.0000	0.0000	0.0000	0.0000	3
LOC101153526	LOC109024129	DN_NC_073231.2_150671293_2	DN_NC_073244.2_59726455_2	genuine	0	2	2	2	multi	0	0.1693	0.0000	0.0000	0.0000	0.0000	3
LOC101153526	ZKSCAN1	DN_NC_073230.2_88726357_6	DN_NC_073231.2_150671310_5	genuine	0	6	5	5	multi	0	0.1623	0.0000	0.0000	0.0000	0.0000	3
LOC101153526	ZNF264	DN_NC_073231.2_150671293_2	DN_NC_073244.2_69294668_4	truthbar	0	2	4	2	multi	0	0.1434	0.0000	0.0000	0.0000	0.0000	3
LOC101153526	ZNF311	DN_NC_073229.2_46656086_7	DN_NC_073231.2_150671293_2	truthbar	0	7	2	2	multi	0	0.1734	0.0000	0.0000	0.0000	0.0000	3
LOC101153526	ZNF35	DN_NC_073231.2_150671293_2	DN_NC_086017.1_54551513_4	genuine	0	2	4	2	multi	0	0.2293	0.0000	0.0000	0.0000	0.0000	3
LOC101153526	ZNF397	DN_NC_073231.2_150671310_5	DN_NC_073241.2_64468689_4	genuine	0	5	4	4	multi	0	0.1601	0.0000	0.0000	0.0000	0.0000	3
LOC101153526	ZNF436	DN_NC_073224.2_216467757_3	DN_NC_073231.2_150671310_5	truthbar	0	3	5	3	multi	0	0.1582	0.0000	0.0000	0.0000	0.0000	3
LOC101153526	ZNF473	DN_NC_073231.2_150671293_2	DN_NC_073244.2_59724372_5	truthbar	0	2	5	2	multi	0	0.2313	0.0000	0.0000	0.0000	0.0000	3
LOC101153526	ZNF502	DN_NC_073231.2_150671310_5	DN_NC_086017.1_54612772_3	truthbar	0	5	3	3	multi	0	0.2008	0.0000	0.0000	0.0000	0.0000	3
LOC101153526	ZNF543	DN_NC_073231.2_150671293_2	DN_NC_073244.2_69422908_4	truthbar	0	2	4	2	multi	0	0.2176	0.0000	0.0000	0.0000	0.0000	3
LOC101153526	ZNF550	DN_NC_073231.2_150671293_2	DN_NC_073244.2_69643403_5	truthbar	0	2	5	2	multi	0	0.1896	0.0000	0.0000	0.0000	0.0000	3
LOC101153526	ZNF594	DN_NC_073231.2_150671293_2	DN_NC_073243.2_20322881_2	truthbar	0	2	2	2	multi	0	0.1800	0.0000	0.0000	0.0000	0.0000	3
LOC101153526	ZNF667	DN_NC_073231.2_150671293_2	DN_NC_073244.2_68548768_5	truthbar	0	2	5	2	multi	0	0.2725	0.0000	0.0000	0.0000	0.0000	3
LOC101153526	ZNF805	DN_NC_073231.2_150671293_2	DN_NC_073244.2_69343714_4	truthbar	0	2	4	2	multi	0	0.1484	0.0000	0.0000	0.0000	0.0000	3
LOC101153526	ZSCAN12	DN_NC_073229.2_46022147_4	DN_NC_073231.2_150671310_5	genuine	0	4	5	4	multi	0	0.1686	0.0000	0.0000	0.0000	0.0000	3
LOC101153526	ZSCAN22	DN_NC_073231.2_150671310_5	DN_NC_073244.2_70422477_3	genuine	0	5	3	3	multi	0	0.1467	0.0000	0.0000	0.0000	0.0000	3
LOC101153611	LOC115931590	DN_NC_073244.2_68293337_5	DN_NC_073244.2_68333010_5	TP	1	5	5	5	multi	0	1.0000	1.0000	1.0000	1.0000	1.0000	3
LOC101153611	ZSCAN5B	DN_NC_073244.2_68258639_5	DN_NC_073244.2_68333010_5	truthbar	0	5	5	5	multi	0	0.4856	0.8817	1.0000	1.0000	1.0000	3
LOC101153725	LOC101153837	DN_NC_073244.2_17678736_4	DN_NC_073244.2_18232282_4	truthbar	0	4	4	4	multi	0	0.1950	0.0000	0.0000	0.0000	0.0000	4
LOC101153725	LOC101154200	DN_NC_073244.2_17678736_4	DN_NC_073244.2_18307855_4	truthbar	0	4	4	4	multi	0	0.2105	0.0000	0.0000	0.0000	0.0000	4
LOC101153725	LOC109024269	DN_NC_073244.2_17678736_4	DN_NC_073244.2_18045307_2	genuine	0	4	2	2	multi	0	0.3119	0.0000	0.0000	0.0000	0.0000	4
LOC101153725	LOC109025073	DN_NC_073244.2_17678736_4	DN_NC_073244.2_18096775_3	truthbar	0	4	3	3	multi	0	0.2667	0.0000	0.0000	0.0000	0.0000	4
LOC101153725	ZNF124	DN_NC_073224.2_8261601_4	DN_NC_073244.2_17678736_4	truthbar	0	4	4	4	multi	0	0.3556	0.0000	0.0000	0.0000	0.0000	4
LOC101153725	ZNF136	DN_NC_073244.2_17678736_4	DN_NC_073244.2_18201516_4	truthbar	0	4	4	4	multi	0	0.3288	0.0000	0.0000	0.0000	0.0000	4
LOC101153725	ZNF14	DN_NC_073244.2_17678736_4	DN_NC_073244.2_26156853_4	truthbar	0	4	4	4	multi	0	0.2761	0.0000	0.0000	0.0000	0.0000	4
LOC101153725	ZNF426	DN_NC_073244.2_15569240_8	DN_NC_073244.2_17678736_4	truthbar	0	8	4	4	multi	0	0.2522	0.0000	0.0000	0.0000	0.0000	4
LOC101153725	ZNF433	DN_NC_073244.2_17678736_4	DN_NC_073244.2_18047026_4	truthbar	0	4	4	4	multi	0	0.3419	0.0000	0.0000	0.0000	0.0000	4
LOC101153725	ZNF440	DN_NC_073244.2_17678736_4	DN_NC_073244.2_17846610_4	truthbar	0	4	4	4	multi	0	0.2396	0.0000	0.0000	0.0000	0.0000	4
LOC101153725	ZNF441	DN_NC_073244.2_17678736_4	DN_NC_073244.2_17797611_4	truthbar	0	4	4	4	multi	0	0.1555	0.0000	0.0000	0.0000	0.0000	4
LOC101153725	ZNF443	DN_NC_073244.2_17678736_4	DN_NC_073244.2_18470484_4	truthbar	0	4	4	4	multi	0	0.3209	0.0000	0.0000	0.0000	0.0000	4
LOC101153725	ZNF490	DN_NC_073244.2_17678736_4	DN_NC_073244.2_18614963_5	truthbar	0	4	5	4	multi	0	0.1705	0.0000	0.0000	0.0000	0.0000	4
LOC101153725	ZNF563	DN_NC_073244.2_17678736_4	DN_NC_073244.2_18356684_4	truthbar	0	4	4	4	multi	0	0.2781	0.0000	0.0000	0.0000	0.0000	4
LOC101153725	ZNF564	DN_NC_073244.2_17678736_4	DN_NC_073244.2_18564507_4	truthbar	0	4	4	4	multi	0	0.1885	0.0000	0.0000	0.0000	0.0000	4
LOC101153725	ZNF57	DN_NC_073244.2_17678736_4	DN_NC_073244.2_8680135_4	truthbar	0	4	4	4	multi	0	0.3103	0.0000	0.0000	0.0000	0.0000	4
LOC101153725	ZNF627	DN_NC_073244.2_17635782_4	DN_NC_073244.2_17678736_4	truthbar	0	4	4	4	multi	0	0.3940	0.0000	0.0000	0.0000	0.0000	4
LOC101153725	ZNF669	DN_NC_073224.2_8329397_4	DN_NC_073244.2_17678736_4	truthbar	0	4	4	4	multi	0	0.3754	0.0000	0.0000	0.0000	0.0000	4
LOC101153725	ZNF77	DN_NC_073244.2_17700597_4	DN_NC_073244.2_8711681_4	truthbar	0	4	4	4	multi	0	0.2224	0.0000	0.0000	0.0000	0.0000	4
LOC101153725	ZNF799	DN_NC_073244.2_17678736_4	DN_NC_073244.2_18426035_4	truthbar	0	4	4	4	multi	0	0.2557	0.0000	0.0000	0.0000	0.0000	4
LOC101153725	ZNF823	DN_NC_073244.2_17678736_4	DN_NC_073244.2_17751584_2	truthbar	0	4	2	2	multi	0	0.3642	0.0000	0.0000	0.0000	0.0000	4
LOC101153727	LOC109024207	DN_NC_073244.2_48384768_7	DN_NC_073244.2_49176797_4	genuine	0	7	4	4	multi	0	0.2005	0.0000	0.0000	0.0000	0.0000	0
LOC101153727	LOC109027078	DN_NC_073228.2_182909765_5	DN_NC_073244.2_48384768_7	truthbar	0	5	7	5	multi	0	0.1587	0.0000	0.0000	0.0000	0.0000	0
LOC101153727	ZFP28	DN_NC_073244.2_48384768_7	DN_NC_073244.2_68643423_8	truthbar	0	7	8	7	multi	0	0.2377	0.0000	0.0000	0.0000	0.0000	0
LOC101153727	ZFP82	DN_NC_073244.2_47586219_5	DN_NC_073244.2_48384768_7	truthbar	0	5	7	5	multi	0	0.1856	0.0000	0.0000	0.0000	0.0000	0
LOC101153727	ZNF177	DN_NC_073244.2_15357025_8	DN_NC_073244.2_48384768_7	truthbar	0	8	7	7	multi	0	0.2526	0.0000	0.0000	0.0000	0.0000	0
LOC101153727	ZNF184	DN_NC_073229.2_45067329_6	DN_NC_073244.2_48384768_7	truthbar	0	6	7	6	multi	0	0.2563	0.0000	0.0000	0.0000	0.0000	0
LOC101153727	ZNF189	DN_NC_073237.2_97733433_3	DN_NC_073244.2_48384768_7	truthbar	0	3	7	3	multi	0	0.1554	0.0000	0.0000	0.0000	0.0000	0
LOC101153727	ZNF283	DN_NC_073244.2_48384768_7	DN_NC_073244.2_55341363_7	genuine	0	7	7	7	multi	0	0.2848	0.0000	0.0000	0.0000	0.0000	0
LOC101153727	ZNF30	DN_NC_073244.2_45985550_6	DN_NC_073244.2_48384768_7	truthbar	0	6	7	6	multi	0	0.2460	0.0000	0.0000	0.0000	0.0000	0
LOC101153727	ZNF331	DN_NC_073244.2_48384768_7	DN_NC_073244.2_65470296_6	truthbar	0	7	6	6	multi	0	0.2075	0.0000	0.0000	0.0000	0.0000	0
LOC101153727	ZNF420	DN_NC_073244.2_48242798_5	DN_NC_073244.2_48384768_7	truthbar	0	5	7	5	multi	0	0.3898	0.0000	0.0000	0.0000	0.0000	0
LOC101153727	ZNF461	DN_NC_073244.2_47831779_6	DN_NC_073244.2_48384768_7	truthbar	0	6	7	6	multi	0	0.3080	0.0000	0.0000	0.0000	0.0000	0
LOC101153727	ZNF529	DN_NC_073244.2_47739503_5	DN_NC_073244.2_48384768_7	truthbar	0	5	7	5	multi	0	0.1339	0.0000	0.0000	0.0000	0.0000	0
LOC101153727	ZNF546	DN_NC_073244.2_48384768_7	DN_NC_073244.2_51749194_6	truthbar	0	7	6	6	multi	0	0.3423	0.0000	0.0000	0.0000	0.0000	0
LOC101153727	ZNF560	DN_NC_073244.2_15508499_10	DN_NC_073244.2_48384768_7	truthbar	0	10	7	7	multi	0	0.3146	0.0000	0.0000	0.0000	0.0000	0
LOC101153727	ZNF565	DN_NC_073244.2_47250467_5	DN_NC_073244.2_48384768_7	truthbar	0	5	7	5	multi	0	0.3625	0.0000	0.0000	0.0000	0.0000	0
LOC101153727	ZNF566	DN_NC_073244.2_47642985_5	DN_NC_073244.2_48384768_7	truthbar	0	5	7	5	multi	0	0.3807	0.0000	0.0000	0.0000	0.0000	0
LOC101153727	ZNF571	DN_NC_073244.2_48384768_7	DN_NC_073244.2_49072464_4	truthbar	0	7	4	4	multi	0	0.2522	0.0000	0.0000	0.0000	0.0000	0
LOC101153727	ZNF573	DN_NC_073244.2_48384768_7	DN_NC_073244.2_49246931_6	truthbar	0	7	6	6	multi	0	0.2894	0.0000	0.0000	0.0000	0.0000	0
LOC101153727	ZNF582	DN_NC_073244.2_48384768_7	DN_NC_073244.2_68491976_5	truthbar	0	7	5	5	multi	0	0.4580	0.0000	0.0000	0.0000	0.0000	0
LOC101153727	ZNF583	DN_NC_073244.2_48384768_7	DN_NC_073244.2_68513423_5	truthbar	0	7	5	5	multi	0	0.2303	0.0000	0.0000	0.0000	0.0000	0
LOC101153727	ZNF607	DN_NC_073244.2_48384768_7	DN_NC_073244.2_49205215_5	truthbar	0	7	5	5	multi	0	0.1422	0.0000	0.0000	0.0000	0.0000	0
LOC101153727	ZNF665	DN_NC_073244.2_48384768_7	DN_NC_073244.2_65102393_4	truthbar	0	7	4	4	multi	0	0.4043	0.0000	0.0000	0.0000	0.0000	0
LOC101153727	ZNF780A	DN_NC_073244.2_48384768_7	DN_NC_073244.2_51825388_5	truthbar	0	7	5	5	multi	0	0.1331	0.0000	0.0000	0.0000	0.0000	0
LOC101153727	ZNF790	DN_NC_073244.2_47997304_5	DN_NC_073244.2_48384768_7	truthbar	0	5	7	5	multi	0	0.1914	0.0000	0.0000	0.0000	0.0000	0
LOC101153837	LOC101154200	DN_NC_073244.2_18232282_4	DN_NC_073244.2_18307855_4	truthbar	0	4	4	4	multi	0	0.1324	0.0000	0.0000	0.0000	0.0000	4
LOC101153837	LOC109024269	DN_NC_073244.2_18045307_2	DN_NC_073244.2_18232282_4	genuine	0	2	4	2	multi	0	0.3878	0.0000	0.0000	0.0000	0.0000	4
LOC101153837	LOC109025073	DN_NC_073244.2_18096775_3	DN_NC_073244.2_18232282_4	genuine	0	3	4	3	multi	0	0.1555	0.0000	0.0000	0.0000	0.0000	4
LOC101153837	ZNF124	DN_NC_073224.2_8261601_4	DN_NC_073244.2_18232282_4	truthbar	0	4	4	4	multi	0	0.1936	0.0000	0.0000	0.0000	0.0000	4
LOC101153837	ZNF136	DN_NC_073244.2_18201516_4	DN_NC_073244.2_18232282_4	truthbar	0	4	4	4	multi	0	0.2457	0.0000	0.0000	0.0000	0.0000	4
LOC101153837	ZNF490	DN_NC_073244.2_18232282_4	DN_NC_073244.2_18614963_5	truthbar	0	4	5	4	multi	0	0.2479	0.0000	0.0000	0.0000	0.0000	4
LOC101153837	ZNF564	DN_NC_073244.2_18232282_4	DN_NC_073244.2_18564507_4	truthbar	0	4	4	4	multi	0	0.1617	0.0000	0.0000	0.0000	0.0000	4
LOC101153837	ZNF57	DN_NC_073244.2_18232282_4	DN_NC_073244.2_8680135_4	truthbar	0	4	4	4	multi	0	0.1422	0.0000	0.0000	0.0000	0.0000	4
LOC101153837	ZNF627	DN_NC_073244.2_17635782_4	DN_NC_073244.2_18232282_4	truthbar	0	4	4	4	multi	0	0.2021	0.0000	0.0000	0.0000	0.0000	4
LOC101153837	ZNF669	DN_NC_073224.2_8329397_4	DN_NC_073244.2_18232282_4	truthbar	0	4	4	4	multi	0	0.1857	0.0000	0.0000	0.0000	0.0000	4
LOC101153837	ZNF77	DN_NC_073244.2_18232282_4	DN_NC_073244.2_8711681_4	truthbar	0	4	4	4	multi	0	0.3632	0.0000	0.0000	0.0000	0.0000	4
LOC101153837	ZNF791	DN_NC_073244.2_18232282_4	DN_NC_073244.2_18649721_4	truthbar	0	4	4	4	multi	0	0.1795	0.0000	0.0000	0.0000	0.0000	4
LOC101153891	LOC109026917	DN_NC_073224.2_27333739_3	DN_NC_073228.2_64771915_4	genuine	0	3	4	3	multi	0	0.1345	0.4073	0.0000	0.0000	0.0000	1
LOC101153990	TLE2	DN_NC_073237.2_75784390_20	DN_NC_073244.2_8775501_20	truthbar	0	20	20	20	multi	0	0.4067	0.0000	0.0000	0.0000	0.0000	3
LOC101154200	LOC109024269	DN_NC_073244.2_18045307_2	DN_NC_073244.2_18307855_4	genuine	0	2	4	2	multi	0	0.2207	0.0000	0.0000	0.0000	0.0000	4
LOC101154200	LOC109025073	DN_NC_073244.2_18096775_3	DN_NC_073244.2_18307855_4	truthbar	0	3	4	3	multi	0	0.2393	0.0000	0.0000	0.0000	0.0000	4
LOC101154200	ZNF124	DN_NC_073224.2_8261601_4	DN_NC_073244.2_18307855_4	truthbar	0	4	4	4	multi	0	0.1840	0.0000	0.0000	0.0000	0.0000	4
LOC101154200	ZNF136	DN_NC_073244.2_18201516_4	DN_NC_073244.2_18307855_4	truthbar	0	4	4	4	multi	0	0.2838	0.0000	0.0000	0.0000	0.0000	4
LOC101154200	ZNF426	DN_NC_073244.2_15569240_8	DN_NC_073244.2_18307855_4	truthbar	0	8	4	4	multi	0	0.1321	0.0000	0.0000	0.0000	0.0000	4
LOC101154200	ZNF433	DN_NC_073244.2_18047026_4	DN_NC_073244.2_18307855_4	truthbar	0	4	4	4	multi	0	0.3231	0.0000	0.0000	0.0000	0.0000	4
LOC101154200	ZNF440	DN_NC_073244.2_17846610_4	DN_NC_073244.2_18307855_4	truthbar	0	4	4	4	multi	0	0.2805	0.0000	0.0000	0.0000	0.0000	4
LOC101154200	ZNF443	DN_NC_073244.2_18307855_4	DN_NC_073244.2_18470484_4	truthbar	0	4	4	4	multi	0	0.3451	0.6180	0.5000	0.7500	0.5000	4
LOC101154200	ZNF563	DN_NC_073244.2_18307855_4	DN_NC_073244.2_18356684_4	truthbar	0	4	4	4	multi	0	0.4825	0.4814	0.5000	0.5000	0.5000	4
LOC101154200	ZNF564	DN_NC_073244.2_18307855_4	DN_NC_073244.2_18564507_4	truthbar	0	4	4	4	multi	0	0.2073	0.0000	0.0000	0.0000	0.0000	4
LOC101154200	ZNF57	DN_NC_073244.2_18307855_4	DN_NC_073244.2_8680135_4	truthbar	0	4	4	4	multi	0	0.1734	0.0000	0.0000	0.0000	0.0000	4
LOC101154200	ZNF669	DN_NC_073224.2_8329397_4	DN_NC_073244.2_18307855_4	truthbar	0	4	4	4	multi	0	0.2368	0.0000	0.0000	0.0000	0.0000	4
LOC101154200	ZNF77	DN_NC_073244.2_18307855_4	DN_NC_073244.2_8711681_4	truthbar	0	4	4	4	multi	0	0.1470	0.0000	0.0000	0.0000	0.0000	4
LOC101154200	ZNF791	DN_NC_073244.2_18307855_4	DN_NC_073244.2_18649721_4	truthbar	0	4	4	4	multi	0	0.1476	0.0000	0.0000	0.0000	0.0000	4
LOC101154200	ZNF799	DN_NC_073244.2_18307855_4	DN_NC_073244.2_18426035_4	truthbar	0	4	4	4	multi	0	0.4324	0.4312	0.5000	0.5000	0.5000	4
LOC101154200	ZNF823	DN_NC_073244.2_17751584_2	DN_NC_073244.2_18307855_4	truthbar	0	2	4	2	multi	0	0.6977	0.6744	0.5000	0.0000	0.0000	4
LOC101154261	RBM4	DN_NC_073233.2_74557606_4	DN_NC_073233.2_74583920_4	genuine	0	4	4	4	multi	0	0.3674	0.3506	0.2500	0.2500	0.2500	1
LOC101154433	LOC115930161	DN_NC_073242.2_99181437_12	DN_NC_073242.2_99604879_12	TP	1	12	12	12	multi	0	0.7692	1.0000	0.9167	1.0000	0.9167	2
LOC101154433	LOC129527724	DN_NC_073242.2_104350782_12	DN_NC_073242.2_99604879_12	TP	1	12	12	12	multi	0	0.4590	0.9866	0.9167	1.0000	0.9167	2
LOC101154437	TUBG2	DN_NC_073228.2_49804904_11	DN_NC_073228.2_49856055_11	TP	1	11	11	11	multi	0	0.7854	0.7490	0.8182	0.8182	0.8182	0
LOC101154556	TOM1L1	DN_NC_073228.2_37084614_4	DN_NC_073228.2_37089052_16	genuine	0	4	16	4	multi	0	0.4554	0.4554	0.2500	0.0000	0.0000	1
LOC109023154	LOC109025730	DN_NC_073224.2_123525276_5	DN_NC_073239.2_123333523_2	genuine	0	5	2	2	multi	0	0.2485	0.3569	0.2000	0.0000	0.0000	0
LOC109023154	LOC129530131	DN_NC_073239.2_123333523_2	DN_NC_073247.2_115708949_2	genuine	0	2	2	2	multi	0	0.1467	0.2106	0.0000	0.0000	0.0000	0
LOC109023154	LOC134756589	DN_NC_073234.2_126370406_2	DN_NC_073239.2_123333523_2	genuine	0	2	2	2	multi	0	0.1467	0.2071	0.0000	0.0000	0.0000	0
LOC109023154	NCALD	DN_NC_073231.2_107519754_4	DN_NC_073239.2_123333523_2	genuine	0	4	2	2	multi	0	0.1445	0.2032	0.0000	0.0000	0.0000	0
LOC109023154	NCR3LG1	DN_NC_073233.2_23732821_4	DN_NC_073239.2_123333523_2	genuine	0	4	2	2	multi	0	0.1454	0.2093	0.0000	0.0000	0.0000	0
LOC109023154	PDCD5	DN_NC_073239.2_123333523_2	DN_NC_073244.2_43610901_6	genuine	0	2	6	2	multi	0	0.2641	0.3699	0.0000	0.1667	0.0000	0
LOC109023154	SELENOP	DN_NC_073239.2_123333523_2	DN_NC_073243.2_69046517_5	genuine	0	2	5	2	multi	0	0.1436	0.2053	0.0000	0.0000	0.0000	0
LOC109023154	SPC25	DN_NC_073235.2_71373985_7	DN_NC_073239.2_123333523_2	genuine	0	7	2	2	multi	0	0.2449	0.3434	0.1429	0.0000	0.0000	0
LOC109023154	TMEM38B	DN_NC_073237.2_101948554_6	DN_NC_073239.2_123333523_2	genuine	0	6	2	2	multi	0	0.1467	0.2097	0.0000	0.0000	0.0000	0
LOC109023154	TSPAN8	DN_NC_073234.2_86426177_10	DN_NC_073239.2_123333523_2	genuine	0	10	2	2	multi	0	0.1388	0.2062	0.0000	0.0000	0.0000	0
LOC109023154	UCHL1	DN_NC_073227.2_49278079_9	DN_NC_073239.2_123333523_2	genuine	0	9	2	2	multi	0	0.1454	0.2027	0.0000	0.0000	0.0000	0
LOC109023261	LOC129532125	DN_NC_073235.2_83159862_3	DN_NC_073239.2_87154592_2	genuine	0	3	2	2	multi	0	0.1483	0.0000	0.0000	0.0000	0.0000	1
LOC109023261	LOC129532854	DN_NC_073227.2_109806788_5	DN_NC_073239.2_87154592_2	genuine	0	5	2	2	multi	0	0.1649	0.0000	0.0000	0.0000	0.0000	1
LOC109023386	LOC115930830	DN_NC_073240.2_23447377_5	DN_NC_073240.2_31271054_17	TP	1	5	17	5	multi	0	0.2988	0.2988	0.6000	0.2941	0.2941	1
LOC109023386	LOC134757229	DN_NC_073240.2_23459848_11	DN_NC_073240.2_24764672_4	TP	1	11	4	4	multi	0	0.3211	0.3192	0.3636	0.7500	0.3636	1
LOC109023808	LOC115931240	DN_NC_073243.2_97368865_2	DN_NC_073243.2_97368870_3	genuine	0	2	3	2	multi	0	0.7007	0.7017	0.5000	0.3333	0.3333	2
LOC109023809	TRIP13	DN_NC_073224.2_117447152_14	DN_NC_073243.2_111262956_13	genuine	0	14	13	13	multi	0	0.3281	0.3274	0.9286	0.8462	0.8462	1
LOC109023855	LOC129526123	DN_NC_073238.2_125561692_4	DN_NC_073243.2_94988262_4	genuine	0	4	3	3	multi	0	0.1348	0.0000	0.0000	0.0000	0.0000	1
LOC109023855	LOC129532854	DN_NC_073227.2_109806788_5	DN_NC_073243.2_94988262_4	genuine	0	5	3	3	multi	0	0.2026	0.0000	0.0000	0.0000	0.0000	1
LOC109023855	NLGN1	DN_NC_073243.2_94988262_4	DN_NC_086017.1_185299820_2	genuine	0	3	2	2	multi	0	0.1432	0.0000	0.0000	0.0000	0.0000	1
LOC109024129	ZNF264	DN_NC_073244.2_59726455_2	DN_NC_073244.2_69294668_4	genuine	0	2	4	2	multi	0	0.2021	0.0000	0.0000	0.0000	0.0000	3
LOC109024129	ZNF35	DN_NC_073244.2_59726455_2	DN_NC_086017.1_54551513_4	genuine	0	2	4	2	multi	0	0.2238	0.0000	0.0000	0.0000	0.0000	3
LOC109024129	ZNF473	DN_NC_073244.2_59724372_5	DN_NC_073244.2_59726455_2	genuine	0	5	2	2	multi	0	0.9195	0.9195	0.2000	0.5000	0.2000	3
LOC109024129	ZNF594	DN_NC_073243.2_20322881_2	DN_NC_073244.2_59726455_2	genuine	0	2	2	2	multi	0	0.1797	0.0000	0.0000	0.0000	0.0000	3
LOC109024129	ZSCAN20	DN_NC_073224.2_206460331_8	DN_NC_073244.2_59726455_2	genuine	0	8	2	2	multi	0	0.1345	0.0000	0.0000	0.0000	0.0000	3
LOC109024193	LOC115930105	DN_NC_073244.2_69514207_2	DN_NC_073244.2_69572632_2	truthbar	0	2	2	2	multi	0	0.1780	0.0000	0.0000	0.0000	0.0000	3
LOC109024193	ZIK1	DN_NC_073244.2_69514207_2	DN_NC_073244.2_69685698_2	truthbar	0	2	2	2	multi	0	0.1886	0.0000	0.0000	0.0000	0.0000	3
LOC109024193	ZNF132	DN_NC_073244.2_69514207_2	DN_NC_073244.2_70525717_3	truthbar	0	2	3	2	multi	0	0.3905	0.0000	0.0000	0.0000	0.0000	3
LOC109024193	ZNF134	DN_NC_073244.2_69514207_2	DN_NC_073244.2_69715659_3	truthbar	0	2	3	2	multi	0	0.1749	0.0000	0.0000	0.0000	0.0000	3
LOC109024193	ZNF154	DN_NC_073244.2_69514207_2	DN_NC_073244.2_69799604_5	truthbar	0	2	5	2	multi	0	0.3083	0.0000	0.0000	0.0000	0.0000	3
LOC109024193	ZNF256	DN_NC_073244.2_69514207_2	DN_NC_073244.2_70043245_2	truthbar	0	2	2	2	multi	0	0.2139	0.0000	0.0000	0.0000	0.0000	3
LOC109024193	ZNF304	DN_NC_073244.2_69454318_2	DN_NC_073244.2_69514207_2	truthbar	0	2	2	2	multi	0	0.3189	0.0000	0.0000	0.0000	0.0000	3
LOC109024193	ZNF416	DN_NC_073244.2_69514207_2	DN_NC_073244.2_69672458_4	truthbar	0	2	4	2	multi	0	0.2238	0.0000	0.0000	0.0000	0.0000	3
LOC109024193	ZNF418	DN_NC_073244.2_69514207_2	DN_NC_073244.2_70024584_5	truthbar	0	2	5	2	multi	0	0.1581	0.0000	0.0000	0.0000	0.0000	3
LOC109024193	ZNF548	DN_NC_073244.2_69492904_4	DN_NC_073244.2_69514207_2	truthbar	0	4	2	2	multi	0	0.1839	0.0000	0.0000	0.0000	0.0000	3
LOC109024193	ZNF551	DN_NC_073244.2_69514207_2	DN_NC_073244.2_69783488_3	truthbar	0	2	3	2	multi	0	0.1573	0.0000	0.0000	0.0000	0.0000	3
LOC109024193	ZNF584	DN_NC_073244.2_69514207_2	DN_NC_073244.2_70501781_3	truthbar	0	2	3	2	multi	0	0.1929	0.0000	0.0000	0.0000	0.0000	3
LOC109024193	ZNF792	DN_NC_073244.2_46013405_4	DN_NC_073244.2_69514207_2	truthbar	0	4	2	2	multi	0	0.2019	0.0000	0.0000	0.0000	0.0000	3
LOC109024207	LOC109027078	DN_NC_073228.2_182909765_5	DN_NC_073244.2_49176797_4	genuine	0	5	4	4	multi	0	0.1835	0.0000	0.0000	0.0000	0.0000	0
LOC109024207	ZNF184	DN_NC_073229.2_45067329_6	DN_NC_073244.2_49176797_4	genuine	0	6	4	4	multi	0	0.1828	0.0000	0.0000	0.0000	0.0000	0
LOC109024207	ZNF30	DN_NC_073244.2_45985550_6	DN_NC_073244.2_49176797_4	genuine	0	6	4	4	multi	0	0.2185	0.0000	0.0000	0.0000	0.0000	0
LOC109024207	ZNF420	DN_NC_073244.2_48242798_5	DN_NC_073244.2_49176797_4	genuine	0	5	4	4	multi	0	0.1575	0.0000	0.0000	0.0000	0.0000	0
LOC109024207	ZNF471	DN_NC_073244.2_49176797_4	DN_NC_073244.2_68611978_5	genuine	0	4	5	4	multi	0	0.1825	0.0000	0.0000	0.0000	0.0000	0
LOC109024207	ZNF546	DN_NC_073244.2_49176797_4	DN_NC_073244.2_51749194_6	genuine	0	4	6	4	multi	0	0.1565	0.0000	0.0000	0.0000	0.0000	0
LOC109024207	ZNF560	DN_NC_073244.2_15508499_10	DN_NC_073244.2_49176797_4	genuine	0	10	4	4	multi	0	0.1902	0.0000	0.0000	0.0000	0.0000	0
LOC109024207	ZNF565	DN_NC_073244.2_47250467_5	DN_NC_073244.2_49176797_4	genuine	0	5	4	4	multi	0	0.1811	0.0000	0.0000	0.0000	0.0000	0
LOC109024207	ZNF571	DN_NC_073244.2_49072464_4	DN_NC_073244.2_49176797_4	genuine	0	4	4	4	multi	0	0.2327	0.0000	0.0000	0.0000	0.0000	0
LOC109024207	ZNF573	DN_NC_073244.2_49176797_4	DN_NC_073244.2_49246931_6	genuine	0	4	6	4	multi	0	0.2136	0.0000	0.0000	0.0000	0.0000	0
LOC109024207	ZNF582	DN_NC_073244.2_49176797_4	DN_NC_073244.2_68491976_5	genuine	0	4	5	4	multi	0	0.1489	0.0000	0.0000	0.0000	0.0000	0
LOC109024207	ZNF607	DN_NC_073244.2_49176797_4	DN_NC_073244.2_49205215_5	genuine	0	4	5	4	multi	0	0.1521	0.0000	0.0000	0.0000	0.0000	0
LOC109024207	ZNF665	DN_NC_073244.2_49176797_4	DN_NC_073244.2_65102393_4	genuine	0	4	4	4	multi	0	0.1948	0.0000	0.0000	0.0000	0.0000	0
LOC109024207	ZNF829	DN_NC_073244.2_48066692_6	DN_NC_073244.2_49176797_4	genuine	0	6	4	4	multi	0	0.1461	0.0000	0.0000	0.0000	0.0000	0
LOC109024216	LOC109026610	DN_NC_073227.2_8705656_4	DN_NC_073244.2_65293743_4	genuine	0	4	4	4	multi	0	0.1417	0.0000	0.0000	0.0000	0.0000	4
LOC109024216	LOC115930172	DN_NC_073244.2_27051998_4	DN_NC_073244.2_65293743_4	genuine	0	4	4	4	multi	0	0.1919	0.0000	0.0000	0.0000	0.0000	4
LOC109024216	LOC115931567	DN_NC_073244.2_27566430_5	DN_NC_073244.2_65293743_4	truthbar	0	5	4	4	multi	0	0.1636	0.0000	0.0000	0.0000	0.0000	4
LOC109024216	LOC115931568	DN_NC_073244.2_28072858_4	DN_NC_073244.2_65293743_4	truthbar	0	4	4	4	multi	0	0.1910	0.0000	0.0000	0.0000	0.0000	4
LOC109024216	LOC115931576	DN_NC_073244.2_29046961_4	DN_NC_073244.2_65293743_4	truthbar	0	4	4	4	multi	0	0.3211	0.0000	0.0000	0.0000	0.0000	4
LOC109024216	LOC115931654	DN_NC_073244.2_65266359_4	DN_NC_073244.2_65293743_4	truthbar	0	4	4	4	multi	0	0.4760	0.3596	1.0000	1.0000	1.0000	4
LOC109024216	LOC129527827	DN_NC_073242.2_66613619_4	DN_NC_073244.2_65293743_4	genuine	0	4	4	4	multi	0	0.1570	0.0000	0.0000	0.0000	0.0000	4
LOC109024216	LOC129528947	DN_NC_073244.2_27408454_4	DN_NC_073244.2_65293743_4	genuine	0	4	4	4	multi	0	0.1644	0.0000	0.0000	0.0000	0.0000	4
LOC109024216	OSBPL10	DN_NC_073244.2_65293743_4	DN_NC_086017.1_41849524_2	genuine	0	4	2	2	multi	0	0.1640	0.3737	0.5000	0.5000	0.5000	4
LOC109024216	ZNF254	DN_NC_073244.2_30438386_2	DN_NC_073244.2_65293743_4	truthbar	0	2	4	2	multi	0	0.3692	0.0000	0.0000	0.0000	0.0000	4
LOC109024216	ZNF273	DN_NC_073230.2_74299233_4	DN_NC_073244.2_65293743_4	truthbar	0	4	4	4	multi	0	0.3276	0.0000	0.0000	0.0000	0.0000	4
LOC109024216	ZNF28	DN_NC_073244.2_64759228_5	DN_NC_073244.2_65293743_4	truthbar	0	5	4	4	multi	0	0.1933	0.4662	0.6000	0.5000	0.5000	4
LOC109024216	ZNF347	DN_NC_073244.2_65073171_5	DN_NC_073244.2_65293743_4	truthbar	0	5	4	4	multi	0	0.3150	0.0000	0.0000	0.0000	0.0000	4
LOC109024216	ZNF415	DN_NC_073244.2_65046428_2	DN_NC_073244.2_65293743_4	genuine	0	4	4	4	multi	0	0.3966	0.0000	0.0000	0.0000	0.0000	4
LOC109024216	ZNF429	DN_NC_073244.2_27956158_4	DN_NC_073244.2_65293743_4	truthbar	0	4	4	4	multi	0	0.1458	0.0000	0.0000	0.0000	0.0000	4
LOC109024216	ZNF43	DN_NC_073244.2_28333451_4	DN_NC_073244.2_65293743_4	truthbar	0	4	4	4	multi	0	0.3045	0.0000	0.0000	0.0000	0.0000	4
LOC109024216	ZNF430	DN_NC_073244.2_27504818_5	DN_NC_073244.2_65293743_4	truthbar	0	5	4	4	multi	0	0.1392	0.0000	0.0000	0.0000	0.0000	4
LOC109024216	ZNF468	DN_NC_073244.2_64797239_5	DN_NC_073244.2_65293743_4	genuine	0	5	4	4	multi	0	0.1694	0.8566	0.0000	0.0000	0.0000	4
LOC109024216	ZNF480	DN_NC_073244.2_64265252_5	DN_NC_073244.2_65293743_4	genuine	0	5	4	4	multi	0	0.2179	0.0000	0.0000	0.0000	0.0000	4
LOC109024216	ZNF486	DN_NC_073244.2_26666712_5	DN_NC_073244.2_65293743_4	genuine	0	5	4	4	multi	0	0.2080	0.0000	0.0000	0.0000	0.0000	4
LOC109024216	ZNF506	DN_NC_073244.2_26240039_2	DN_NC_073244.2_65293743_4	genuine	0	2	4	2	multi	0	0.1528	0.0000	0.0000	0.0000	0.0000	4
LOC109024216	ZNF578	DN_NC_073244.2_64426370_6	DN_NC_073244.2_65293743_4	truthbar	0	6	4	4	multi	0	0.2522	0.5383	0.1667	0.5000	0.1667	4
LOC109024216	ZNF600	DN_NC_073244.2_64724127_4	DN_NC_073244.2_65293743_4	truthbar	0	4	4	4	multi	0	0.2837	0.9057	0.0000	0.0000	0.0000	4
LOC109024216	ZNF611	DN_NC_073244.2_64672255_4	DN_NC_073244.2_65293743_4	truthbar	0	4	4	4	multi	0	0.2509	0.4592	0.0000	0.0000	0.0000	4
LOC109024216	ZNF626	DN_NC_073244.2_27131194_2	DN_NC_073244.2_65293743_4	genuine	0	2	4	2	multi	0	0.1573	0.0000	0.0000	0.0000	0.0000	4
LOC109024216	ZNF681	DN_NC_073244.2_30067652_4	DN_NC_073244.2_65293743_4	truthbar	0	4	4	4	multi	0	0.1512	0.0000	0.0000	0.0000	0.0000	4
LOC109024216	ZNF682	DN_NC_073244.2_26470366_4	DN_NC_073244.2_65293743_4	genuine	0	4	4	4	multi	0	0.3024	0.0000	0.0000	0.0000	0.0000	4
LOC109024216	ZNF701	DN_NC_073244.2_64543447_4	DN_NC_073244.2_65293743_4	genuine	0	4	4	4	multi	0	0.2184	0.5385	1.0000	1.0000	1.0000	4
LOC109024216	ZNF721	DN_NC_073227.2_9009655_3	DN_NC_073244.2_65293743_4	truthbar	0	3	4	3	multi	0	0.1758	0.0000	0.0000	0.0000	0.0000	4
LOC109024216	ZNF761	DN_NC_073244.2_65293743_4	DN_NC_073244.2_65362909_5	truthbar	0	4	5	4	multi	0	0.1678	0.9923	0.7500	0.6000	0.6000	4
LOC109024216	ZNF766	DN_NC_073244.2_64231369_4	DN_NC_073244.2_65293743_4	genuine	0	4	4	4	multi	0	0.2202	0.0000	0.0000	0.0000	0.0000	4
LOC109024216	ZNF808	DN_NC_073244.2_64500861_5	DN_NC_073244.2_65293743_4	truthbar	0	5	4	4	multi	0	0.2481	0.2076	0.0000	0.0000	0.0000	4
LOC109024216	ZNF813	DN_NC_073244.2_65293743_4	DN_NC_073244.2_65398487_4	truthbar	0	4	4	4	multi	0	0.4378	1.0212	0.0000	0.0000	0.0000	4
LOC109024216	ZNF83	DN_NC_073244.2_64585864_4	DN_NC_073244.2_65293743_4	truthbar	0	4	4	4	multi	0	0.2114	0.0000	0.0000	0.0000	0.0000	4
LOC109024216	ZNF836	DN_NC_073244.2_64125568_5	DN_NC_073244.2_65293743_4	truthbar	0	5	4	4	multi	0	0.1369	0.0000	0.0000	0.0000	0.0000	4
LOC109024216	ZNF841	DN_NC_073244.2_64034715_7	DN_NC_073244.2_65293743_4	truthbar	0	7	4	4	multi	0	0.1321	0.0000	0.0000	0.0000	0.0000	4
LOC109024216	ZNF888	DN_NC_073244.2_64860608_4	DN_NC_073244.2_65293743_4	truthbar	0	4	4	4	multi	0	0.4644	0.9072	0.0000	0.0000	0.0000	4
LOC109024216	ZNF91	DN_NC_073244.2_29680825_4	DN_NC_073244.2_65293743_4	truthbar	0	4	4	4	multi	0	0.2195	0.0000	0.0000	0.0000	0.0000	4
LOC109024259	ZNF112	DN_NC_073244.2_55618657_2	DN_NC_073244.2_55835875_4	genuine	0	2	4	2	multi	0	0.1621	0.0000	0.0000	0.0000	0.0000	4
LOC109024259	ZNF155	DN_NC_073244.2_55497464_5	DN_NC_073244.2_55618657_2	genuine	0	5	2	2	multi	0	0.4177	0.3711	0.0000	0.0000	0.0000	4
LOC109024259	ZNF221	DN_NC_073244.2_55464824_5	DN_NC_073244.2_55618657_2	genuine	0	5	2	2	multi	0	0.4563	0.4693	0.2000	0.5000	0.2000	4
LOC109024259	ZNF222	DN_NC_073244.2_55538420_4	DN_NC_073244.2_55618657_2	genuine	0	4	2	2	multi	0	0.4108	0.4251	0.2500	0.0000	0.0000	4
LOC109024259	ZNF224	DN_NC_073244.2_55607411_6	DN_NC_073244.2_55618657_2	TP	1	6	2	2	multi	0	0.5993	0.5996	0.1667	0.5000	0.1667	4
LOC109024259	ZNF225	DN_NC_073244.2_55618657_2	DN_NC_073244.2_55626504_5	genuine	0	2	5	2	multi	0	0.3758	0.5290	0.5000	0.0000	0.0000	4
LOC109024259	ZNF229	DN_NC_073244.2_55618657_2	DN_NC_073244.2_55940471_6	genuine	0	2	6	2	multi	0	0.2250	0.0000	0.0000	0.0000	0.0000	4
LOC109024259	ZNF230	DN_NC_073244.2_55516115_5	DN_NC_073244.2_55618657_2	genuine	0	5	2	2	multi	0	0.1628	0.0000	0.0000	0.0000	0.0000	4
LOC109024259	ZNF233	DN_NC_073244.2_55618657_2	DN_NC_073244.2_55771764_5	genuine	0	2	5	2	multi	0	0.1569	0.0000	0.0000	0.0000	0.0000	4
LOC109024259	ZNF234	DN_NC_073244.2_55618657_2	DN_NC_073244.2_55654796_6	genuine	0	2	6	2	multi	0	0.2555	0.1739	0.0000	0.0000	0.0000	4
LOC109024259	ZNF235	DN_NC_073244.2_55618657_2	DN_NC_073244.2_55797441_5	genuine	0	2	5	2	multi	0	0.3748	0.0000	0.0000	0.0000	0.0000	4
LOC109024259	ZNF239	DN_NC_073232.2_71881634_2	DN_NC_073244.2_55618657_2	genuine	0	2	2	2	multi	0	0.2817	0.0000	0.0000	0.0000	0.0000	4
LOC109024259	ZNF284	DN_NC_073244.2_55585242_5	DN_NC_073244.2_55618657_2	genuine	0	5	2	2	multi	0	0.3912	0.3366	0.0000	0.0000	0.0000	4
LOC109024259	ZNF45	DN_NC_073244.2_55426973_9	DN_NC_073244.2_55618657_2	genuine	0	9	2	2	multi	0	0.2269	0.0000	0.0000	0.0000	0.0000	4
LOC109024269	LOC109025073	DN_NC_073244.2_18045307_2	DN_NC_073244.2_18096775_3	genuine	0	2	3	2	multi	0	0.3017	0.0000	0.0000	0.0000	0.0000	4
LOC109024269	ZNF124	DN_NC_073224.2_8261601_4	DN_NC_073244.2_18045307_2	genuine	0	4	2	2	multi	0	0.2430	0.0000	0.0000	0.0000	0.0000	4
LOC109024269	ZNF136	DN_NC_073244.2_18045307_2	DN_NC_073244.2_18201516_4	genuine	0	2	4	2	multi	0	0.1927	0.0000	0.0000	0.0000	0.0000	4
LOC109024269	ZNF14	DN_NC_073244.2_18045307_2	DN_NC_073244.2_26156853_4	genuine	0	2	4	2	multi	0	0.3383	0.0000	0.0000	0.0000	0.0000	4
LOC109024269	ZNF433	DN_NC_073244.2_18045307_2	DN_NC_073244.2_18047026_4	genuine	0	2	4	2	multi	0	0.8342	0.8346	0.5000	0.2500	0.2500	4
LOC109024269	ZNF440	DN_NC_073244.2_17846610_4	DN_NC_073244.2_18045307_2	genuine	0	4	2	2	multi	0	0.1741	0.0000	0.0000	0.0000	0.0000	4
LOC109024269	ZNF443	DN_NC_073244.2_18045307_2	DN_NC_073244.2_18470484_4	genuine	0	2	4	2	multi	0	0.1990	0.0000	0.0000	0.0000	0.0000	4
LOC109024269	ZNF563	DN_NC_073244.2_18045307_2	DN_NC_073244.2_18356684_4	genuine	0	2	4	2	multi	0	0.2119	0.0000	0.0000	0.0000	0.0000	4
LOC109024269	ZNF564	DN_NC_073244.2_18045307_2	DN_NC_073244.2_18564507_4	genuine	0	2	4	2	multi	0	0.1639	0.0000	0.0000	0.0000	0.0000	4
LOC109024269	ZNF627	DN_NC_073244.2_17635782_4	DN_NC_073244.2_18045307_2	genuine	0	4	2	2	multi	0	0.1947	0.0000	0.0000	0.0000	0.0000	4
LOC109024269	ZNF669	DN_NC_073224.2_8329397_4	DN_NC_073244.2_18045307_2	genuine	0	4	2	2	multi	0	0.1686	0.0000	0.0000	0.0000	0.0000	4
LOC109024269	ZNF77	DN_NC_073244.2_18045307_2	DN_NC_073244.2_8711681_4	genuine	0	2	4	2	multi	0	0.1909	0.0000	0.0000	0.0000	0.0000	4
LOC109024269	ZNF791	DN_NC_073244.2_18045307_2	DN_NC_073244.2_18649721_4	genuine	0	2	4	2	multi	0	0.2338	0.0000	0.0000	0.0000	0.0000	4
LOC109024269	ZNF799	DN_NC_073244.2_18045307_2	DN_NC_073244.2_18426035_4	genuine	0	2	4	2	multi	0	0.1898	0.0000	0.0000	0.0000	0.0000	4
LOC109024269	ZNF823	DN_NC_073244.2_17751584_2	DN_NC_073244.2_18045307_2	genuine	0	2	2	2	multi	0	0.2751	0.0000	0.0000	0.0000	0.0000	4
LOC109024546	ZNF280B	DN_NC_086018.1_19995243_3	DN_NC_086018.1_20024455_2	genuine	0	3	2	2	multi	0	0.2770	0.2092	0.0000	0.0000	0.0000	3
LOC109024560	LOC109025730	DN_NC_073224.2_123525276_5	DN_NC_086018.1_24877691_3	genuine	0	5	3	3	multi	0	0.1950	0.3524	0.2000	0.0000	0.0000	0
LOC109024560	MMP24OS	DN_NC_073245.2_47429376_4	DN_NC_086018.1_24877691_3	genuine	0	4	3	3	multi	0	0.1419	0.2413	0.0000	0.0000	0.0000	0
LOC109024560	PDCD5	DN_NC_073244.2_43610901_6	DN_NC_086018.1_24877691_3	genuine	0	6	3	3	multi	0	0.2084	0.3938	0.1667	0.0000	0.0000	0
LOC109024560	SEM1	DN_NC_073230.2_92132360_3	DN_NC_086018.1_24877691_3	genuine	0	3	3	3	multi	0	0.1451	0.2467	0.0000	0.0000	0.0000	0
LOC109024560	SPC25	DN_NC_073235.2_71373985_7	DN_NC_086018.1_24877691_3	genuine	0	7	3	3	multi	0	0.1537	0.3522	0.1429	0.0000	0.0000	0
LOC109024800	THSD1	DN_NC_073238.2_66682517_7	DN_NC_073238.2_66830454_5	genuine	0	6	5	5	multi	0	0.2479	0.2782	0.0000	0.0000	0.0000	3
LOC109024811	LOC129527096	DN_NC_073240.2_41396094_2	DN_NC_073244.2_15689625_6	genuine	0	2	6	2	multi	0	0.2931	0.7727	0.5000	0.0000	0.0000	3
LOC109024957	RFPL3	DN_NC_073244.2_67840893_3	DN_NC_086018.1_30368542_3	truthbar	0	3	3	3	multi	0	0.6056	0.0000	0.0000	0.0000	0.0000	0
LOC109024957	RFPL4A	DN_NC_073244.2_67776054_3	DN_NC_073244.2_67840893_3	TP	1	3	3	3	multi	0	0.7860	0.9992	1.0000	1.0000	1.0000	0
LOC109025073	ZNF124	DN_NC_073224.2_8261601_4	DN_NC_073244.2_18096775_3	genuine	0	4	3	3	multi	0	0.2370	0.0000	0.0000	0.0000	0.0000	4
LOC109025073	ZNF136	DN_NC_073244.2_18096775_3	DN_NC_073244.2_18201516_4	truthbar	0	3	4	3	multi	0	0.2644	0.0000	0.0000	0.0000	0.0000	4
LOC109025073	ZNF14	DN_NC_073244.2_18096775_3	DN_NC_073244.2_26156853_4	truthbar	0	3	4	3	multi	0	0.2169	0.0000	0.0000	0.0000	0.0000	4
LOC109025073	ZNF426	DN_NC_073244.2_15569240_8	DN_NC_073244.2_18096775_3	truthbar	0	8	3	3	multi	0	0.1425	0.0000	0.0000	0.0000	0.0000	4
LOC109025073	ZNF433	DN_NC_073244.2_18047026_4	DN_NC_073244.2_18096775_3	truthbar	0	4	3	3	multi	0	0.3658	0.0000	0.0000	0.0000	0.0000	4
LOC109025073	ZNF440	DN_NC_073244.2_17846610_4	DN_NC_073244.2_18096775_3	truthbar	0	4	3	3	multi	0	0.2418	0.0000	0.0000	0.0000	0.0000	4
LOC109025073	ZNF441	DN_NC_073244.2_17797611_4	DN_NC_073244.2_18096775_3	truthbar	0	4	3	3	multi	0	0.1390	0.0000	0.0000	0.0000	0.0000	4
LOC109025073	ZNF443	DN_NC_073244.2_18096775_3	DN_NC_073244.2_18470484_4	truthbar	0	3	4	3	multi	0	0.2414	0.0000	0.0000	0.0000	0.0000	4
LOC109025073	ZNF490	DN_NC_073244.2_18096775_3	DN_NC_073244.2_18614963_5	truthbar	0	3	5	3	multi	0	0.2414	0.0000	0.0000	0.0000	0.0000	4
LOC109025073	ZNF563	DN_NC_073244.2_18096775_3	DN_NC_073244.2_18356684_4	truthbar	0	3	4	3	multi	0	0.2539	0.0000	0.0000	0.0000	0.0000	4
LOC109025073	ZNF564	DN_NC_073244.2_18096775_3	DN_NC_073244.2_18564507_4	truthbar	0	3	4	3	multi	0	0.1833	0.0000	0.0000	0.0000	0.0000	4
LOC109025073	ZNF57	DN_NC_073244.2_18096775_3	DN_NC_073244.2_8680135_4	truthbar	0	3	4	3	multi	0	0.2081	0.0000	0.0000	0.0000	0.0000	4
LOC109025073	ZNF627	DN_NC_073244.2_17635782_4	DN_NC_073244.2_18096775_3	truthbar	0	4	3	3	multi	0	0.2680	0.0000	0.0000	0.0000	0.0000	4
LOC109025073	ZNF669	DN_NC_073224.2_8329397_4	DN_NC_073244.2_18096775_3	genuine	0	4	3	3	multi	0	0.2656	0.0000	0.0000	0.0000	0.0000	4
LOC109025073	ZNF77	DN_NC_073244.2_18096775_3	DN_NC_073244.2_8711681_4	truthbar	0	3	4	3	multi	0	0.1971	0.0000	0.0000	0.0000	0.0000	4
LOC109025073	ZNF791	DN_NC_073244.2_18096775_3	DN_NC_073244.2_18649721_4	truthbar	0	3	4	3	multi	0	0.1336	0.0000	0.0000	0.0000	0.0000	4
LOC109025073	ZNF799	DN_NC_073244.2_18096775_3	DN_NC_073244.2_18426035_4	truthbar	0	3	4	3	multi	0	0.2421	0.0000	0.0000	0.0000	0.0000	4
LOC109025073	ZNF823	DN_NC_073244.2_17751584_2	DN_NC_073244.2_18096775_3	truthbar	0	2	3	2	multi	0	0.2914	0.0000	0.0000	0.0000	0.0000	4
LOC109025084	LOC129528550	DN_NC_073229.2_52163606_6	DN_NC_073244.2_54257531_4	genuine	0	6	4	4	multi	0	0.6089	0.6443	0.8333	0.0000	0.0000	3
LOC109025132	LOC129523505	DN_NC_073229.2_17702988_11	DN_NC_086017.1_9790451_11	TP	1	11	11	11	multi	0	0.7362	0.7330	0.8182	0.8182	0.8182	0
LOC109025132	LOC129525643	DN_NC_073229.2_17702988_11	DN_NC_073234.2_15631092_11	genuine	0	11	11	11	multi	0	0.7705	1.0011	0.9091	1.0000	0.9091	0
LOC109025320	LOC129527663	DN_NC_073228.2_78970101_2	DN_NC_073242.2_68108553_2	genuine	0	2	2	2	multi	0	0.1985	1.0079	1.0000	1.0000	1.0000	3
LOC109025447	LOC129531666	DN_NC_073236.2_47712811_9	DN_NC_073236.2_51202468_4	TP	1	9	4	4	multi	0	0.5030	0.5032	0.1111	0.2500	0.1111	3
LOC109025447	LOC129531667	DN_NC_073236.2_47732210_12	DN_NC_073236.2_51437835_4	TP	1	12	4	4	multi	0	0.3389	0.6753	0.2500	0.7500	0.2500	3
LOC109025447	RGPD8	DN_NC_073236.2_47712811_9	DN_NC_073236.2_49989275_2	TP	1	9	2	2	multi	0	0.5344	0.5344	0.1111	0.5000	0.1111	3
LOC109025592	TIMM23B	DN_NC_073224.2_125859316_3	DN_NC_073232.2_65905862_9	genuine	0	3	9	3	multi	0	0.2458	0.3019	0.0000	0.1111	0.0000	0
LOC109025592	TOR3A	DN_NC_073224.2_125859316_3	DN_NC_073224.2_77707994_7	genuine	0	3	7	3	multi	0	0.3078	0.3095	0.3333	0.1429	0.1429	0
LOC109025592	TRAF5	DN_NC_073224.2_125859316_3	DN_NC_073224.2_45389129_11	genuine	0	3	11	3	multi	0	0.2984	0.3786	0.3333	0.0000	0.0000	0
LOC109025730	LOC109028669	DN_NC_073224.2_123525276_5	DN_NC_073232.2_50172230_4	genuine	0	5	4	4	multi	0	0.1762	0.0000	0.0000	0.0000	0.0000	0
LOC109025730	LOC129530096	DN_NC_073224.2_123525276_5	DN_NC_073247.2_114234875_11	genuine	0	5	11	5	multi	0	0.3464	0.3464	0.2000	0.0000	0.0000	0
LOC109025730	LOC129530131	DN_NC_073224.2_123525276_5	DN_NC_073247.2_115708949_2	genuine	0	5	2	2	multi	0	0.3569	0.3569	0.2000	0.0000	0.0000	0
LOC109025730	LOC134756589	DN_NC_073224.2_123525276_5	DN_NC_073234.2_126370406_2	genuine	0	5	2	2	multi	0	0.3539	0.3539	0.2000	0.0000	0.0000	0
LOC109025730	LRFN5	DN_NC_073224.2_123525276_5	DN_NC_073239.2_14838701_6	genuine	0	5	6	5	multi	0	0.2447	0.3464	0.2000	0.0000	0.0000	0
LOC109025730	MINPP1	DN_NC_073224.2_123525276_5	DN_NC_073232.2_99830035_5	genuine	0	5	5	5	multi	0	0.2161	0.3313	0.2000	0.0000	0.0000	0
LOC109025730	MMP24OS	DN_NC_073224.2_123525276_5	DN_NC_073245.2_47429376_4	genuine	0	5	4	4	multi	0	0.1958	0.3456	0.2000	0.0000	0.0000	0
LOC109025730	NCALD	DN_NC_073224.2_123525276_5	DN_NC_073231.2_107519754_4	genuine	0	5	4	4	multi	0	0.3464	0.3464	0.2000	0.0000	0.0000	0
LOC109025730	NCR3LG1	DN_NC_073224.2_123525276_5	DN_NC_073233.2_23732821_4	genuine	0	5	4	4	multi	0	0.3464	0.3569	0.2000	0.0000	0.0000	0
LOC109025730	NFXL1	DN_NC_073224.2_123525276_5	DN_NC_073227.2_55859426_23	genuine	0	5	23	5	multi	0	0.2086	0.3396	0.2000	0.0000	0.0000	0
LOC109025730	OXCT1	DN_NC_073224.2_123525276_5	DN_NC_073243.2_70014918_17	genuine	0	5	17	5	multi	0	0.2613	0.3486	0.2000	0.0000	0.0000	0
LOC109025730	PDCD5	DN_NC_073224.2_123525276_5	DN_NC_073244.2_43610901_6	genuine	0	5	6	5	multi	0	0.3683	0.3660	0.2000	0.1667	0.1667	0
LOC109025730	SELENOP	DN_NC_073224.2_123525276_5	DN_NC_073243.2_69046517_5	genuine	0	5	5	5	multi	0	0.2425	0.3471	0.2000	0.0000	0.0000	0
LOC109025730	SEM1	DN_NC_073224.2_123525276_5	DN_NC_073230.2_92132360_3	genuine	0	5	3	3	multi	0	0.2425	0.3471	0.2000	0.0000	0.0000	0
LOC109025730	SMYD3	DN_NC_073224.2_123525276_5	DN_NC_073224.2_9521619_7	genuine	0	5	7	5	multi	0	0.2364	0.0000	0.0000	0.0000	0.0000	0
LOC109025730	SPATA33	DN_NC_073224.2_123525276_5	DN_NC_073242.2_120248671_3	genuine	0	5	3	3	multi	0	0.3389	0.3569	0.2000	0.0000	0.0000	0
LOC109025730	SPC25	DN_NC_073224.2_123525276_5	DN_NC_073235.2_71373985_7	genuine	0	5	7	5	multi	0	0.2470	0.3464	0.2000	0.1429	0.1429	0
LOC109025730	THNSL1	DN_NC_073224.2_123525276_5	DN_NC_073232.2_34013134_3	genuine	0	5	3	3	multi	0	0.2681	0.3411	0.2000	0.0000	0.0000	0
LOC109025730	TMEM38B	DN_NC_073224.2_123525276_5	DN_NC_073237.2_101948554_6	genuine	0	5	6	5	multi	0	0.3554	0.3569	0.2000	0.0000	0.0000	0
LOC109025730	TSPAN8	DN_NC_073224.2_123525276_5	DN_NC_073234.2_86426177_10	genuine	0	5	10	5	multi	0	0.2387	0.3539	0.2000	0.0000	0.0000	0
LOC109025730	UCHL1	DN_NC_073224.2_123525276_5	DN_NC_073227.2_49278079_9	genuine	0	5	9	5	multi	0	0.3464	0.3464	0.2000	0.0000	0.0000	0
LOC109025772	LRATD1	DN_NC_073236.2_125241687_3	DN_NC_073236.2_125270757_2	genuine	0	3	2	2	multi	0	0.3605	0.3595	0.3333	0.0000	0.0000	1
LOC109025815	LOC109025979	DN_NC_073235.2_31713963_3	DN_NC_073235.2_32705529_3	genuine	0	3	3	3	multi	0	0.9773	0.9773	1.0000	1.0000	1.0000	3
LOC109026404	LOC134757399	DN_NC_073241.2_80636266_2	DN_NC_086017.1_165200217_5	genuine	0	2	5	2	multi	0	0.1302	0.2046	0.0000	0.0000	0.0000	1
LOC109026404	WDR64	DN_NC_073224.2_13812644_2	DN_NC_086017.1_165200217_5	genuine	0	2	5	2	multi	0	0.1379	0.0000	0.0000	0.0000	0.0000	1
LOC109026610	LOC115930172	DN_NC_073227.2_8705656_4	DN_NC_073244.2_27051998_4	genuine	0	4	4	4	multi	0	0.2956	0.0000	0.0000	0.0000	0.0000	4
LOC109026610	LOC115931567	DN_NC_073227.2_8705656_4	DN_NC_073244.2_27566430_5	genuine	0	4	5	4	multi	0	0.3989	0.0000	0.0000	0.0000	0.0000	4
LOC109026610	LOC115931568	DN_NC_073227.2_8705656_4	DN_NC_073244.2_28072858_4	truthbar	0	4	4	4	multi	0	0.3355	0.0000	0.0000	0.0000	0.0000	4
LOC109026610	LOC115931576	DN_NC_073227.2_8705656_4	DN_NC_073244.2_29046961_4	truthbar	0	4	4	4	multi	0	0.2083	0.0000	0.0000	0.0000	0.0000	4
LOC109026610	LOC115931857	DN_NC_073227.2_8705656_4	DN_NC_073246.2_15789320_2	truthbar	0	4	2	2	multi	0	0.2065	0.0000	0.0000	0.0000	0.0000	4
LOC109026610	LOC129527827	DN_NC_073227.2_8705656_4	DN_NC_073242.2_66613619_4	genuine	0	4	4	4	multi	0	0.1884	0.0000	0.0000	0.0000	0.0000	4
LOC109026610	LOC129528947	DN_NC_073227.2_8705656_4	DN_NC_073244.2_27408454_4	genuine	0	4	4	4	multi	0	0.2934	0.0000	0.0000	0.0000	0.0000	4
LOC109026610	ZNF195	DN_NC_073227.2_8705656_4	DN_NC_073233.2_9788172_5	truthbar	0	4	5	4	multi	0	0.1499	0.0000	0.0000	0.0000	0.0000	4
LOC109026610	ZNF254	DN_NC_073227.2_8705656_4	DN_NC_073244.2_30438340_4	truthbar	0	4	4	4	multi	0	0.2870	0.0000	0.0000	0.0000	0.0000	4
LOC109026610	ZNF273	DN_NC_073227.2_8705656_4	DN_NC_073230.2_74299233_4	truthbar	0	4	4	4	multi	0	0.2989	0.0000	0.0000	0.0000	0.0000	4
LOC109026610	ZNF429	DN_NC_073227.2_8705656_4	DN_NC_073244.2_27956158_2	truthbar	0	4	2	2	multi	0	0.4505	0.0000	0.0000	0.0000	0.0000	4
LOC109026610	ZNF43	DN_NC_073227.2_8705656_4	DN_NC_073244.2_28333451_4	truthbar	0	4	4	4	multi	0	0.2875	0.0000	0.0000	0.0000	0.0000	4
LOC109026610	ZNF430	DN_NC_073227.2_8705656_4	DN_NC_073244.2_27504818_5	truthbar	0	4	5	4	multi	0	0.3047	0.0000	0.0000	0.0000	0.0000	4
LOC109026610	ZNF480	DN_NC_073227.2_8705656_4	DN_NC_073244.2_64265252_5	truthbar	0	4	5	4	multi	0	0.1695	0.0000	0.0000	0.0000	0.0000	4
LOC109026610	ZNF486	DN_NC_073227.2_8705656_4	DN_NC_073244.2_26666712_5	truthbar	0	4	5	4	multi	0	0.1780	0.0000	0.0000	0.0000	0.0000	4
LOC109026610	ZNF506	DN_NC_073227.2_8705656_4	DN_NC_073244.2_26240039_2	truthbar	0	4	2	2	multi	0	0.3103	0.0000	0.0000	0.0000	0.0000	4
LOC109026610	ZNF519	DN_NC_073227.2_8705656_4	DN_NC_073241.2_36126198_2	truthbar	0	4	2	2	multi	0	0.1650	0.0000	0.0000	0.0000	0.0000	4
LOC109026610	ZNF595	DN_NC_073227.2_8633416_4	DN_NC_073227.2_8705656_4	truthbar	0	4	4	4	multi	0	0.2553	0.5200	0.7500	0.5000	0.5000	4
LOC109026610	ZNF600	DN_NC_073227.2_8705656_4	DN_NC_073244.2_64724127_4	truthbar	0	4	4	4	multi	0	0.1493	0.0000	0.0000	0.0000	0.0000	4
LOC109026610	ZNF626	DN_NC_073227.2_8705656_4	DN_NC_073244.2_27131194_2	truthbar	0	4	2	2	multi	0	0.2997	0.0000	0.0000	0.0000	0.0000	4
LOC109026610	ZNF675	DN_NC_073227.2_8705656_4	DN_NC_073244.2_29970261_4	truthbar	0	4	4	4	multi	0	0.5082	0.0000	0.0000	0.0000	0.0000	4
LOC109026610	ZNF678	DN_NC_073224.2_40627195_4	DN_NC_073227.2_8705656_4	truthbar	0	4	4	4	multi	0	0.2337	0.0000	0.0000	0.0000	0.0000	4
LOC109026610	ZNF680	DN_NC_073227.2_8705656_4	DN_NC_073230.2_73977205_4	truthbar	0	4	4	4	multi	0	0.3232	0.0000	0.0000	0.0000	0.0000	4
LOC109026610	ZNF682	DN_NC_073227.2_8705656_4	DN_NC_073244.2_26470366_4	truthbar	0	4	4	4	multi	0	0.3426	0.0000	0.0000	0.0000	0.0000	4
LOC109026610	ZNF695	DN_NC_073224.2_8422960_4	DN_NC_073227.2_8705656_4	truthbar	0	4	4	4	multi	0	0.3160	0.0000	0.0000	0.0000	0.0000	4
LOC109026610	ZNF721	DN_NC_073227.2_8705656_4	DN_NC_073227.2_9010062_2	genuine	0	4	2	2	multi	0	0.2328	0.0000	0.0000	0.0000	0.0000	4
LOC109026610	ZNF723	DN_NC_073227.2_8705656_4	DN_NC_073244.2_29232445_4	truthbar	0	4	4	4	multi	0	0.4853	0.0000	0.0000	0.0000	0.0000	4
LOC109026610	ZNF727	DN_NC_073227.2_8705656_4	DN_NC_073230.2_73508332_4	truthbar	0	4	4	4	multi	0	0.1721	0.0000	0.0000	0.0000	0.0000	4
LOC109026610	ZNF736	DN_NC_073227.2_8705656_4	DN_NC_073230.2_73776646_4	truthbar	0	4	4	4	multi	0	0.2653	0.0000	0.0000	0.0000	0.0000	4
LOC109026610	ZNF836	DN_NC_073227.2_8705656_4	DN_NC_073244.2_64125568_5	truthbar	0	4	5	4	multi	0	0.1570	0.0000	0.0000	0.0000	0.0000	4
LOC109026610	ZNF91	DN_NC_073227.2_8705656_4	DN_NC_073244.2_29680825_2	genuine	0	4	2	2	multi	0	0.2589	0.0000	0.0000	0.0000	0.0000	4
LOC109026610	ZNF92	DN_NC_073227.2_8705656_4	DN_NC_073230.2_74637814_2	truthbar	0	4	2	2	multi	0	0.3395	0.0000	0.0000	0.0000	0.0000	4
LOC109026704	UBB	DN_NC_073228.2_70438436_2	DN_NC_073228.2_83796015_2	genuine	0	2	2	2	multi	0	0.6965	0.8271	0.5000	0.5000	0.5000	1
LOC109026704	UBC	DN_NC_073228.2_70438436_2	DN_NC_073234.2_140369418_2	genuine	0	2	2	2	multi	0	0.3670	0.0000	0.0000	0.0000	0.0000	1
LOC109026767	LOC115934575	DN_NC_073228.2_79859997_3	DN_NC_073228.2_83368453_5	genuine	0	3	5	3	multi	0	0.3100	0.9982	1.0000	0.6000	0.6000	3
LOC109026767	USP32	DN_NC_073228.2_31824273_3	DN_NC_073228.2_79859997_3	genuine	0	3	3	3	multi	0	0.1541	1.0092	1.0000	1.0000	1.0000	3
LOC109026802	SMIM15	DN_NC_073228.2_185199640_2	DN_NC_073243.2_49037226_3	genuine	0	2	3	2	multi	0	0.1393	0.0000	0.0000	0.0000	0.0000	1
LOC109027078	ZFP3	DN_NC_073228.2_182909765_5	DN_NC_073243.2_20204464_2	truthbar	0	5	2	2	multi	0	0.1564	0.0000	0.0000	0.0000	0.0000	0
LOC109027078	ZNF184	DN_NC_073228.2_182909765_5	DN_NC_073229.2_45067329_6	truthbar	0	5	6	5	multi	0	0.1359	0.0000	0.0000	0.0000	0.0000	0
LOC109027078	ZNF266	DN_NC_073228.2_182909765_5	DN_NC_073244.2_15453865_9	truthbar	0	5	9	5	multi	0	0.1734	0.0000	0.0000	0.0000	0.0000	0
LOC109027078	ZNF30	DN_NC_073228.2_182909765_5	DN_NC_073244.2_45985550_6	truthbar	0	5	6	5	multi	0	0.1324	0.0000	0.0000	0.0000	0.0000	0
LOC109027078	ZNF331	DN_NC_073228.2_182909765_5	DN_NC_073244.2_65470296_6	truthbar	0	5	6	5	multi	0	0.1560	0.0000	0.0000	0.0000	0.0000	0
LOC109027078	ZNF546	DN_NC_073228.2_182909765_5	DN_NC_073244.2_51749194_6	truthbar	0	5	6	5	multi	0	0.2331	0.0000	0.0000	0.0000	0.0000	0
LOC109027078	ZNF560	DN_NC_073228.2_182909765_5	DN_NC_073244.2_15508499_10	truthbar	0	5	10	5	multi	0	0.2249	0.0000	0.0000	0.0000	0.0000	0
LOC109027078	ZNF573	DN_NC_073228.2_182909765_5	DN_NC_073244.2_49246931_6	truthbar	0	5	6	5	multi	0	0.2389	0.0000	0.0000	0.0000	0.0000	0
LOC109027078	ZNF582	DN_NC_073228.2_182909765_5	DN_NC_073244.2_68491976_5	truthbar	0	5	5	5	multi	0	0.2180	0.0000	0.0000	0.0000	0.0000	0
LOC109027078	ZNF665	DN_NC_073228.2_182909765_5	DN_NC_073244.2_65102393_4	truthbar	0	5	4	4	multi	0	0.2900	0.0000	0.0000	0.0000	0.0000	0
LOC109027078	ZNF780A	DN_NC_073228.2_182909765_5	DN_NC_073244.2_51825388_5	truthbar	0	5	5	5	multi	0	0.2025	0.0000	0.0000	0.0000	0.0000	0
LOC109027078	ZNF790	DN_NC_073228.2_182909765_5	DN_NC_073244.2_47997304_5	truthbar	0	5	5	5	multi	0	0.1583	0.0000	0.0000	0.0000	0.0000	0
LOC109027078	ZNF829	DN_NC_073228.2_182909765_5	DN_NC_073244.2_48066692_6	truthbar	0	5	6	5	multi	0	0.2025	0.0000	0.0000	0.0000	0.0000	0
LOC109027124	LOC129527173	DN_NC_073229.2_194862622_5	DN_NC_073240.2_29752710_11	genuine	0	5	11	5	multi	0	0.3015	0.0000	0.0000	0.0000	0.0000	2
LOC109027124	LOC129528096	DN_NC_073229.2_194862622_5	DN_NC_073243.2_111186227_2	genuine	0	5	2	2	multi	0	0.3288	0.0000	0.0000	0.0000	0.0000	2
LOC109027124	MPHOSPH8	DN_NC_073229.2_194862622_5	DN_NC_073238.2_33904146_3	genuine	0	5	3	3	multi	0	0.3524	0.7648	0.4000	0.6667	0.4000	2
LOC109027124	SVBP	DN_NC_073224.2_197128142_3	DN_NC_073229.2_194862622_5	genuine	0	3	5	3	multi	0	0.2641	0.0000	0.0000	0.0000	0.0000	2
LOC109027174	MHC-G	DN_NC_073229.2_47377766_7	DN_NC_073229.2_47663527_8	genuine	0	7	8	7	multi	0	0.8425	0.8393	0.7143	0.6250	0.6250	3
LOC109027212	LOC115934041	DN_NC_073229.2_67950085_3	DN_NC_086017.1_112545872_3	genuine	0	3	3	3	multi	0	0.3612	0.7323	0.3333	0.3333	0.3333	1
LOC109027212	LOC129528278	DN_NC_073229.2_67950085_3	DN_NC_073241.2_83874271_3	genuine	0	3	3	3	multi	0	0.9992	1.0000	1.0000	1.0000	1.0000	1
LOC109027212	LOC129528791	DN_NC_073229.2_67950085_3	DN_NC_073244.2_6165323_3	genuine	0	3	3	3	multi	0	0.4540	0.7637	0.3333	0.3333	0.3333	1
LOC109027212	LOC134758719	DN_NC_073229.2_43677378_4	DN_NC_073229.2_67950085_3	genuine	0	4	3	3	multi	0	0.1659	0.6380	0.0000	0.3333	0.0000	1
LOC109027212	PLGRKT	DN_NC_073229.2_67950085_3	DN_NC_073237.2_58966871_3	genuine	0	3	3	3	multi	0	0.1998	0.0000	0.0000	0.0000	0.0000	1
LOC109027212	SSBP1	DN_NC_073229.2_67950085_3	DN_NC_073230.2_150857421_7	genuine	0	3	7	3	multi	0	0.2225	0.5596	0.3333	0.0000	0.0000	1
LOC109027782	LOC129523694	DN_NC_073230.2_63938060_3	DN_NC_073230.2_64705365_4	TP	1	3	4	3	multi	0	0.5883	0.5883	0.6667	0.7500	0.6667	4
LOC109027782	NUPR2	DN_NC_073230.2_63938060_3	DN_NC_073230.2_64295055_2	genuine	0	3	2	2	multi	0	0.1309	0.0000	0.0000	0.0000	0.0000	4
LOC109027782	PSPH	DN_NC_073230.2_63938060_3	DN_NC_073230.2_64191496_8	TP	1	3	8	3	multi	0	0.2595	0.3708	0.3333	0.0000	0.0000	4
LOC109028376	LOC115934025	DN_NC_073237.2_79912635_2	DN_NC_086017.1_24755690_2	genuine	0	2	2	2	multi	0	0.2882	0.8499	0.5000	0.0000	0.0000	3
LOC109028376	LOC129526171	DN_NC_073237.2_79912635_2	DN_NC_073238.2_38269853_5	genuine	0	2	5	2	multi	0	0.1752	0.0000	0.0000	0.0000	0.0000	3
LOC109028376	LOC129527656	DN_NC_073237.2_79912635_2	DN_NC_073242.2_36567597_2	genuine	0	2	2	2	multi	0	0.2519	0.6419	0.5000	0.5000	0.5000	3
LOC109028376	LOC134757969	DN_NC_073237.2_79912635_2	DN_NC_086017.1_24755694_2	genuine	0	2	2	2	multi	0	0.2882	0.8499	0.5000	0.0000	0.0000	3
LOC109028376	LOC134758232	DN_NC_073237.2_79912635_2	DN_NC_086018.1_25932455_2	genuine	0	2	2	2	multi	0	0.3261	0.0000	0.0000	0.0000	0.0000	3
LOC109028376	PGM3	DN_NC_073229.2_107305414_13	DN_NC_073237.2_79912635_2	genuine	0	13	2	2	multi	0	0.2243	0.8628	0.0000	0.5000	0.0000	3
LOC109028502	VIM	DN_NC_073232.2_26196651_3	DN_NC_073232.2_26211167_9	genuine	0	3	9	3	multi	0	0.2988	0.2955	0.3333	0.0000	0.0000	3
LOC109028604	OXA1L	DN_NC_073239.2_33872730_10	DN_NC_073239.2_33878048_2	genuine	0	10	2	2	multi	0	0.2773	0.2642	0.0000	0.0000	0.0000	3
LOC109028669	SPC25	DN_NC_073232.2_50172230_4	DN_NC_073235.2_71373985_7	genuine	0	4	7	4	multi	0	0.1743	0.3235	0.0000	0.1429	0.0000	0
LOC109028759	LOC129533124	DN_NC_073227.2_139561252_10	DN_NC_073233.2_55845432_8	genuine	0	10	8	8	multi	0	0.1402	0.0000	0.0000	0.0000	0.0000	4
LOC109028759	LOC129533256	DN_NC_073227.2_166164041_5	DN_NC_073233.2_55845432_8	genuine	0	5	8	5	multi	0	0.1408	0.0000	0.0000	0.0000	0.0000	4
LOC109028900	SESN3	DN_NC_073233.2_103065421_4	DN_NC_073233.2_103150044_4	genuine	0	4	4	4	multi	0	0.4955	0.4945	0.2500	0.2500	0.2500	1
LOC109029066	YWHAQ	DN_NC_073234.2_44474713_2	DN_NC_073236.2_130303191_6	genuine	0	2	6	2	multi	0	0.1488	0.3381	0.0000	0.5000	0.0000	3
LOC109029264	LOC115930232	DN_NC_073234.2_24956987_7	DN_NC_073234.2_24978856_8	TP	1	7	8	7	multi	0	0.3267	0.6018	0.8571	0.7500	0.7500	3
LOC109029389	LOC129532125	DN_NC_073235.2_83159862_3	DN_NC_073238.2_124443812_2	genuine	0	3	2	2	multi	0	0.1394	0.0000	0.0000	0.0000	0.0000	1
LOC109029389	LOC129532854	DN_NC_073227.2_109806788_5	DN_NC_073238.2_124443812_2	genuine	0	5	2	2	multi	0	0.1515	0.0000	0.0000	0.0000	0.0000	1
LOC109029488	LOC115930164	DN_NC_073224.2_124234032_12	DN_NC_073224.2_223156764_8	truthbar	0	12	8	8	multi	0	0.1315	0.2531	0.0000	0.0000	0.0000	1
LOC109029488	LOC115930576	DN_NC_073224.2_124234032_12	DN_NC_073224.2_218434129_23	truthbar	0	12	23	12	multi	0	0.1768	0.1781	0.4167	0.6087	0.4167	1
LOC109029488	LOC115932735	DN_NC_073224.2_124234032_12	DN_NC_073224.2_124254598_20	TP	1	12	20	12	multi	0	0.2450	0.2450	0.5000	0.3000	0.3000	1
LOC109029488	LOC115932984	DN_NC_073224.2_124234032_12	DN_NC_073224.2_130224824_25	TP	1	12	25	12	multi	0	0.1335	0.1947	0.4167	0.6000	0.4167	1
LOC109029488	LOC129525330	DN_NC_073224.2_124234032_12	DN_NC_073224.2_125594338_29	truthbar	0	12	29	12	multi	0	0.1325	0.1932	0.4167	0.6897	0.4167	1
LOC109029488	LOC129525599	DN_NC_073224.2_116807774_25	DN_NC_073224.2_124234032_12	truthbar	0	25	12	12	multi	0	0.1527	0.2467	0.4000	0.4167	0.4000	1
LOC109029488	LOC134756861	DN_NC_073224.2_117494263_25	DN_NC_073224.2_124234032_12	truthbar	0	25	12	12	multi	0	0.1527	0.2467	0.4000	0.4167	0.4000	1
LOC115930105	ZIK1	DN_NC_073244.2_69572632_2	DN_NC_073244.2_69685713_2	truthbar	0	2	2	2	multi	0	0.1731	0.0000	0.0000	0.0000	0.0000	3
LOC115930105	ZNF132	DN_NC_073244.2_69572632_3	DN_NC_073244.2_70525717_3	truthbar	0	3	3	3	multi	0	0.1658	0.0000	0.0000	0.0000	0.0000	3
LOC115930105	ZNF154	DN_NC_073244.2_69538312_3	DN_NC_073244.2_69799604_5	truthbar	0	3	5	3	multi	0	0.1791	0.0000	0.0000	0.0000	0.0000	3
LOC115930105	ZNF256	DN_NC_073244.2_69572632_2	DN_NC_073244.2_70043245_2	truthbar	0	2	2	2	multi	0	0.3072	0.0000	0.0000	0.0000	0.0000	3
LOC115930105	ZNF418	DN_NC_073244.2_69572632_3	DN_NC_073244.2_70024584_5	truthbar	0	3	5	3	multi	0	0.1697	0.0000	0.0000	0.0000	0.0000	3
LOC115930105	ZNF671	DN_NC_073244.2_69572632_3	DN_NC_073244.2_69821764_4	truthbar	0	3	4	3	multi	0	0.1510	0.0000	0.0000	0.0000	0.0000	3
LOC115930142	SUPT20H	DN_NC_073238.2_51309642_26	DN_NC_073247.2_34808557_3	truthbar	0	26	3	3	multi	0	0.2073	0.0000	0.0000	0.0000	0.0000	1
LOC115930161	LOC129527724	DN_NC_073242.2_104350782_12	DN_NC_073242.2_99181437_12	genuine	0	12	12	12	multi	0	0.5482	1.0000	1.0000	1.0000	1.0000	2
LOC115930164	LOC115930576	DN_NC_073224.2_218434129_23	DN_NC_073224.2_223156764_8	TP	1	23	8	8	multi	0	0.9460	0.9464	0.3043	0.8750	0.3043	1
LOC115930164	LOC115933235	DN_NC_073224.2_129429039_7	DN_NC_073224.2_223478295_8	truthbar	0	7	8	7	multi	0	0.4724	0.7002	0.7143	0.5000	0.5000	1
LOC115930164	LOC115933241	DN_NC_073224.2_115073393_19	DN_NC_073224.2_223156764_8	genuine	0	19	8	8	multi	0	0.2175	0.8905	0.2632	0.6250	0.2632	1
LOC115930172	LOC115931567	DN_NC_073244.2_27051998_4	DN_NC_073244.2_27566430_5	genuine	0	4	5	4	multi	0	0.5373	0.3229	0.0000	0.0000	0.0000	4
LOC115930172	LOC115931568	DN_NC_073244.2_27051998_4	DN_NC_073244.2_28072858_4	genuine	0	4	4	4	multi	0	0.4541	0.4800	0.5000	0.5000	0.5000	4
LOC115930172	LOC115931576	DN_NC_073244.2_27051998_4	DN_NC_073244.2_29046961_4	genuine	0	4	4	4	multi	0	0.4100	0.4376	0.7500	0.7500	0.7500	4
LOC115930172	LOC115931654	DN_NC_073244.2_27051998_4	DN_NC_073244.2_65266359_4	genuine	0	4	4	4	multi	0	0.1452	0.0000	0.0000	0.0000	0.0000	4
LOC115930172	LOC129527827	DN_NC_073242.2_66613619_4	DN_NC_073244.2_27051998_4	genuine	0	4	4	4	multi	0	0.2455	0.0000	0.0000	0.0000	0.0000	4
LOC115930172	LOC129528947	DN_NC_073244.2_27051998_4	DN_NC_073244.2_27408454_4	genuine	0	4	4	4	multi	0	0.3490	0.4554	0.5000	0.7500	0.5000	4
LOC115930172	ZNF141	DN_NC_073227.2_8907801_4	DN_NC_073244.2_27051998_4	genuine	0	4	4	4	multi	0	0.2505	0.0000	0.0000	0.0000	0.0000	4
LOC115930172	ZNF195	DN_NC_073233.2_9788172_5	DN_NC_073244.2_27051998_4	genuine	0	5	4	4	multi	0	0.2124	0.0000	0.0000	0.0000	0.0000	4
LOC115930172	ZNF254	DN_NC_073244.2_27051998_4	DN_NC_073244.2_30438340_4	genuine	0	4	4	4	multi	0	0.4100	0.4867	0.7500	0.5000	0.5000	4
LOC115930172	ZNF273	DN_NC_073230.2_74299233_4	DN_NC_073244.2_27051998_4	genuine	0	4	4	4	multi	0	0.4108	0.4432	0.7500	0.7500	0.7500	4
LOC115930172	ZNF28	DN_NC_073244.2_27051998_4	DN_NC_073244.2_64759228_5	genuine	0	4	5	4	multi	0	0.1725	0.0000	0.0000	0.0000	0.0000	4
LOC115930172	ZNF429	DN_NC_073244.2_27051998_4	DN_NC_073244.2_27956158_2	genuine	0	4	2	2	multi	0	0.5941	0.0000	0.0000	0.0000	0.0000	4
LOC115930172	ZNF43	DN_NC_073244.2_27051998_4	DN_NC_073244.2_28333451_4	genuine	0	4	4	4	multi	0	0.2611	0.4583	0.5000	0.7500	0.5000	4
LOC115930172	ZNF430	DN_NC_073244.2_27051998_4	DN_NC_073244.2_27504818_5	genuine	0	4	5	4	multi	0	0.3779	0.4156	0.5000	0.4000	0.4000	4
LOC115930172	ZNF486	DN_NC_073244.2_26666712_5	DN_NC_073244.2_27051998_4	genuine	0	5	4	4	multi	0	0.4504	0.5405	0.8000	0.7500	0.7500	4
LOC115930172	ZNF506	DN_NC_073244.2_26240035_4	DN_NC_073244.2_27051998_4	genuine	0	4	4	4	multi	0	0.2113	0.8538	0.7500	0.7500	0.7500	4
LOC115930172	ZNF519	DN_NC_073241.2_36126183_3	DN_NC_073244.2_27051998_4	genuine	0	3	4	3	multi	0	0.2101	0.0000	0.0000	0.0000	0.0000	4
LOC115930172	ZNF595	DN_NC_073227.2_8633418_2	DN_NC_073244.2_27051998_4	genuine	0	2	4	2	multi	0	0.3609	0.0000	0.0000	0.0000	0.0000	4
LOC115930172	ZNF626	DN_NC_073244.2_27051998_4	DN_NC_073244.2_27131194_2	genuine	0	4	2	2	multi	0	0.1322	0.8070	0.2500	0.5000	0.2500	4
LOC115930172	ZNF675	DN_NC_073244.2_27051998_4	DN_NC_073244.2_29970261_4	genuine	0	4	4	4	multi	0	0.5359	0.7684	0.7500	1.0000	0.7500	4
LOC115930172	ZNF678	DN_NC_073224.2_40627195_4	DN_NC_073244.2_27051998_4	genuine	0	4	4	4	multi	0	0.2749	0.0000	0.0000	0.0000	0.0000	4
LOC115930172	ZNF680	DN_NC_073230.2_73977205_4	DN_NC_073244.2_27051998_4	genuine	0	4	4	4	multi	0	0.1751	0.5174	0.7500	0.7500	0.7500	4
LOC115930172	ZNF681	DN_NC_073244.2_27051998_4	DN_NC_073244.2_30067652_4	genuine	0	4	4	4	multi	0	0.1860	0.4692	0.7500	0.7500	0.7500	4
LOC115930172	ZNF682	DN_NC_073244.2_26470366_4	DN_NC_073244.2_27051998_4	genuine	0	4	4	4	multi	0	0.4616	0.0000	0.0000	0.0000	0.0000	4
LOC115930172	ZNF695	DN_NC_073224.2_8422960_4	DN_NC_073244.2_27051998_4	genuine	0	4	4	4	multi	0	0.3562	0.0000	0.0000	0.0000	0.0000	4
LOC115930172	ZNF721	DN_NC_073227.2_9010062_2	DN_NC_073244.2_27051998_4	genuine	0	2	4	2	multi	0	0.2757	0.0000	0.0000	0.0000	0.0000	4
LOC115930172	ZNF723	DN_NC_073244.2_27051998_4	DN_NC_073244.2_29232445_4	genuine	0	4	4	4	multi	0	0.5009	0.6926	0.5000	1.0000	0.5000	4
LOC115930172	ZNF727	DN_NC_073230.2_73508332_4	DN_NC_073244.2_27051998_4	genuine	0	4	4	4	multi	0	0.2128	0.0000	0.0000	0.0000	0.0000	4
LOC115930172	ZNF736	DN_NC_073230.2_73776646_4	DN_NC_073244.2_27051998_4	genuine	0	4	4	4	multi	0	0.3678	0.0000	0.0000	0.0000	0.0000	4
LOC115930172	ZNF808	DN_NC_073244.2_27051998_4	DN_NC_073244.2_64500861_5	genuine	0	4	5	4	multi	0	0.1720	0.0000	0.0000	0.0000	0.0000	4
LOC115930172	ZNF813	DN_NC_073244.2_27051998_4	DN_NC_073244.2_65398487_4	genuine	0	4	4	4	multi	0	0.1900	0.0000	0.0000	0.0000	0.0000	4
LOC115930172	ZNF836	DN_NC_073244.2_27051998_4	DN_NC_073244.2_64125568_5	genuine	0	4	5	4	multi	0	0.1436	0.0000	0.0000	0.0000	0.0000	4
LOC115930172	ZNF91	DN_NC_073244.2_27051998_4	DN_NC_073244.2_29680825_2	genuine	0	4	2	2	multi	0	0.2755	0.0000	0.0000	0.0000	0.0000	4
LOC115930172	ZNF92	DN_NC_073230.2_74637814_2	DN_NC_073244.2_27051998_4	genuine	0	2	4	2	multi	0	0.1953	0.4454	0.0000	0.0000	0.0000	4
LOC115930536	RPAP2	DN_NC_073224.2_147572773_13	DN_NC_073239.2_32663808_8	genuine	0	13	8	8	multi	0	0.1412	0.2938	0.0000	0.0000	0.0000	0
LOC115930550	LOC115933127	DN_NC_073239.2_122741455_4	DN_NC_073239.2_122796928_6	TP	1	4	6	4	multi	0	0.7356	1.0389	1.0000	0.8333	0.8333	1
LOC115930550	LOC115933128	DN_NC_073239.2_122634080_4	DN_NC_073239.2_122796928_6	TP	1	4	6	4	multi	0	0.6962	1.0500	1.0000	0.8333	0.8333	1
LOC115930550	LOC115933240	DN_NC_073239.2_122615409_4	DN_NC_073239.2_122796928_6	TP	1	4	6	4	multi	0	0.7230	1.0545	1.0000	0.8333	0.8333	1
LOC115930550	LOC134757171	DN_NC_073239.2_122769394_7	DN_NC_073239.2_122796928_6	genuine	0	7	6	6	multi	0	0.6891	1.0377	1.0000	0.8333	0.8333	1
LOC115930576	LOC115932735	DN_NC_073224.2_124254598_20	DN_NC_073224.2_218434129_23	truthbar	0	20	23	20	multi	0	0.1719	0.1671	0.2000	0.5217	0.2000	1
LOC115930576	LOC115932984	DN_NC_073224.2_130224824_25	DN_NC_073224.2_218434129_23	truthbar	0	25	23	23	multi	0	0.2014	0.7289	0.8800	0.9130	0.8800	1
LOC115930576	LOC115933235	DN_NC_073224.2_129429039_7	DN_NC_073224.2_218434129_23	truthbar	0	7	23	7	multi	0	0.4724	0.9123	0.7143	0.2174	0.2174	1
LOC115930576	LOC115933241	DN_NC_073224.2_115073393_19	DN_NC_073224.2_218434129_23	genuine	0	19	23	19	multi	0	0.1746	0.8165	0.7895	0.9565	0.7895	1
LOC115930576	LOC129525330	DN_NC_073224.2_125594338_29	DN_NC_073224.2_218434129_23	TP	1	29	23	23	multi	0	0.1937	0.7203	0.9310	0.9130	0.9130	1
LOC115930576	LOC129525331	DN_NC_073224.2_125055626_35	DN_NC_073224.2_218434129_23	TP	1	35	23	23	multi	0	0.1702	0.6364	0.8857	0.8696	0.8696	1
LOC115930576	LOC129525599	DN_NC_073224.2_116807774_25	DN_NC_073224.2_218434129_23	truthbar	0	25	23	23	multi	0	0.2546	0.7759	0.7200	0.8696	0.7200	1
LOC115930576	LOC134756861	DN_NC_073224.2_117494263_25	DN_NC_073224.2_218434129_23	truthbar	0	25	23	23	multi	0	0.2552	0.7412	0.6800	0.9130	0.6800	1
LOC115930830	LOC134757229	DN_NC_073240.2_24764672_4	DN_NC_073240.2_31271054_17	TP	1	4	17	4	multi	0	0.1357	0.1284	0.2500	0.1176	0.1176	1
LOC115931054	PDPR	DN_NC_073242.2_103773356_15	DN_NC_073242.2_99543624_18	genuine	0	15	18	15	multi	0	0.4692	0.4699	0.8667	0.7222	0.7222	1
LOC115931054	PSMD7	DN_NC_073242.2_103765562_7	DN_NC_073242.2_103773356_15	genuine	0	7	15	7	multi	0	0.5884	0.5884	0.1429	0.0000	0.0000	1
LOC115931067	LOC134757486	DN_NC_073242.2_3790652_3	DN_NC_073242.2_3794469_3	TP	1	3	3	3	multi	0	1.0000	1.0000	1.0000	1.0000	1.0000	3
LOC115931069	LOC129527586	DN_NC_073242.2_21122105_21	DN_NC_073242.2_21673693_21	TP	1	21	22	21	multi	0	0.3070	1.0346	1.0000	1.0000	1.0000	2
LOC115931069	SMG1	DN_NC_073242.2_18210354_26	DN_NC_073242.2_21673693_21	TP	1	26	22	22	multi	0	0.1792	0.9041	0.8846	0.9545	0.8846	2
LOC115931074	LOC129527053	DN_NC_073240.2_23219746_14	DN_NC_073242.2_37435648_13	TP	1	14	13	13	multi	0	0.2100	0.6941	0.9286	0.9231	0.9231	1
LOC115931074	RHPN2	DN_NC_073242.2_37435648_13	DN_NC_073244.2_44006563_15	TP	1	13	15	13	multi	0	0.5027	0.5697	0.7692	0.8000	0.7692	1
LOC115931432	LOC129525065	DN_NC_073232.2_8894424_4	DN_NC_073242.2_120770730_3	TP	1	4	3	3	multi	0	0.4165	0.9065	0.5000	0.6667	0.5000	0
LOC115931547	LOC129523842	DN_NC_073230.2_47332274_8	DN_NC_073244.2_63917963_3	genuine	0	8	3	3	multi	0	0.1486	0.0000	0.0000	0.0000	0.0000	1
LOC115931567	LOC115931568	DN_NC_073244.2_27566430_5	DN_NC_073244.2_28072858_4	truthbar	0	5	4	4	multi	0	0.5291	0.0000	0.0000	0.0000	0.0000	4
LOC115931567	LOC115931576	DN_NC_073244.2_27626411_5	DN_NC_073244.2_29046961_4	genuine	0	5	4	4	multi	0	0.3858	0.4198	0.4000	0.5000	0.4000	4
LOC115931567	LOC115931654	DN_NC_073244.2_27566430_5	DN_NC_073244.2_65266359_4	truthbar	0	5	4	4	multi	0	0.1696	0.0000	0.0000	0.0000	0.0000	4
LOC115931567	LOC115931857	DN_NC_073244.2_27566430_5	DN_NC_073246.2_15789285_3	genuine	0	5	3	3	multi	0	0.3116	0.0000	0.0000	0.0000	0.0000	4
LOC115931567	LOC129527827	DN_NC_073242.2_66613619_4	DN_NC_073244.2_27626411_5	genuine	0	4	5	4	multi	0	0.2382	0.0000	0.0000	0.0000	0.0000	4
LOC115931567	LOC129528947	DN_NC_073244.2_27408454_4	DN_NC_073244.2_27566430_5	genuine	0	4	5	4	multi	0	0.4915	0.6054	0.5000	0.6000	0.5000	4
LOC115931567	ZNF141	DN_NC_073227.2_8907801_4	DN_NC_073244.2_27626411_5	genuine	0	4	5	4	multi	0	0.2449	0.0000	0.0000	0.0000	0.0000	4
LOC115931567	ZNF195	DN_NC_073233.2_9788172_5	DN_NC_073244.2_27566430_5	genuine	0	5	5	5	multi	0	0.2700	0.0000	0.0000	0.0000	0.0000	4
LOC115931567	ZNF254	DN_NC_073244.2_27626411_5	DN_NC_073244.2_30438340_4	genuine	0	5	4	4	multi	0	0.4074	0.4419	0.4000	0.5000	0.4000	4
LOC115931567	ZNF267	DN_NC_073242.2_37386128_4	DN_NC_073244.2_27566430_5	truthbar	0	4	5	4	multi	0	0.1842	0.0000	0.0000	0.0000	0.0000	4
LOC115931567	ZNF273	DN_NC_073230.2_74299233_4	DN_NC_073244.2_27626411_5	genuine	0	4	5	4	multi	0	0.4180	0.4366	0.5000	0.4000	0.4000	4
LOC115931567	ZNF28	DN_NC_073244.2_27626411_5	DN_NC_073244.2_64759228_5	genuine	0	5	5	5	multi	0	0.2405	0.0000	0.0000	0.0000	0.0000	4
LOC115931567	ZNF429	DN_NC_073244.2_27566430_5	DN_NC_073244.2_27956158_2	genuine	0	5	2	2	multi	0	0.6268	0.8325	0.0000	0.0000	0.0000	4
LOC115931567	ZNF43	DN_NC_073244.2_27566430_5	DN_NC_073244.2_28333451_4	truthbar	0	5	4	4	multi	0	0.3527	0.5809	0.6000	0.7500	0.6000	4
LOC115931567	ZNF430	DN_NC_073244.2_27504818_5	DN_NC_073244.2_27566430_5	genuine	0	5	5	5	multi	0	0.2452	0.6015	0.8000	1.0000	0.8000	4
LOC115931567	ZNF468	DN_NC_073244.2_27626411_5	DN_NC_073244.2_64797239_5	genuine	0	5	5	5	multi	0	0.1736	0.0000	0.0000	0.0000	0.0000	4
LOC115931567	ZNF486	DN_NC_073244.2_26666712_5	DN_NC_073244.2_27566430_5	genuine	0	5	5	5	multi	0	0.1920	0.0000	0.0000	0.0000	0.0000	4
LOC115931567	ZNF506	DN_NC_073244.2_26240035_4	DN_NC_073244.2_27566430_5	genuine	0	4	5	4	multi	0	0.2527	0.0000	0.0000	0.0000	0.0000	4
LOC115931567	ZNF519	DN_NC_073241.2_36126198_2	DN_NC_073244.2_27566430_5	genuine	0	2	5	2	multi	0	0.3548	0.0000	0.0000	0.0000	0.0000	4
LOC115931567	ZNF595	DN_NC_073227.2_8633418_2	DN_NC_073244.2_27566430_5	genuine	0	2	5	2	multi	0	0.3885	0.0000	0.0000	0.0000	0.0000	4
LOC115931567	ZNF600	DN_NC_073244.2_27566430_5	DN_NC_073244.2_64724127_4	truthbar	0	5	4	4	multi	0	0.1991	0.0000	0.0000	0.0000	0.0000	4
LOC115931567	ZNF626	DN_NC_073244.2_27131194_2	DN_NC_073244.2_27626411_5	genuine	0	2	5	2	multi	0	0.3997	0.4395	0.0000	0.0000	0.0000	4
LOC115931567	ZNF675	DN_NC_073244.2_27566430_5	DN_NC_073244.2_29970261_4	genuine	0	5	4	4	multi	0	0.5631	0.7257	0.6000	0.7500	0.6000	4
LOC115931567	ZNF678	DN_NC_073224.2_40627195_4	DN_NC_073244.2_27566430_5	genuine	0	4	5	4	multi	0	0.3683	0.0000	0.0000	0.0000	0.0000	4
LOC115931567	ZNF680	DN_NC_073230.2_73977205_4	DN_NC_073244.2_27566430_5	genuine	0	4	5	4	multi	0	0.2793	0.4872	0.5000	0.6000	0.5000	4
LOC115931567	ZNF681	DN_NC_073244.2_27626411_5	DN_NC_073244.2_30067652_4	genuine	0	5	4	4	multi	0	0.3181	0.4777	0.4000	0.5000	0.4000	4
LOC115931567	ZNF682	DN_NC_073244.2_26470366_4	DN_NC_073244.2_27566430_5	genuine	0	4	5	4	multi	0	0.5263	0.0000	0.0000	0.0000	0.0000	4
LOC115931567	ZNF695	DN_NC_073224.2_8422960_4	DN_NC_073244.2_27626411_5	genuine	0	4	5	4	multi	0	0.3840	0.0000	0.0000	0.0000	0.0000	4
LOC115931567	ZNF701	DN_NC_073244.2_27566430_5	DN_NC_073244.2_64543447_4	genuine	0	5	4	4	multi	0	0.2214	0.0000	0.0000	0.0000	0.0000	4
LOC115931567	ZNF721	DN_NC_073227.2_9010062_2	DN_NC_073244.2_27566430_5	truthbar	0	2	5	2	multi	0	0.3946	0.0000	0.0000	0.0000	0.0000	4
LOC115931567	ZNF723	DN_NC_073244.2_27626411_5	DN_NC_073244.2_29232445_4	genuine	0	5	4	4	multi	0	0.6546	1.0484	0.6000	0.7500	0.6000	4
LOC115931567	ZNF727	DN_NC_073230.2_73508332_4	DN_NC_073244.2_27626411_5	genuine	0	4	5	4	multi	0	0.2257	0.0000	0.0000	0.0000	0.0000	4
LOC115931567	ZNF736	DN_NC_073230.2_73776646_4	DN_NC_073244.2_27626411_5	genuine	0	4	5	4	multi	0	0.3586	0.0000	0.0000	0.0000	0.0000	4
LOC115931567	ZNF761	DN_NC_073244.2_27566430_5	DN_NC_073244.2_65362909_5	truthbar	0	5	5	5	multi	0	0.1405	0.0000	0.0000	0.0000	0.0000	4
LOC115931567	ZNF813	DN_NC_073244.2_27566430_5	DN_NC_073244.2_65398487_4	genuine	0	5	4	4	multi	0	0.1767	0.0000	0.0000	0.0000	0.0000	4
LOC115931567	ZNF83	DN_NC_073244.2_27566430_5	DN_NC_073244.2_64585864_4	genuine	0	5	4	4	multi	0	0.3641	0.0000	0.0000	0.0000	0.0000	4
LOC115931567	ZNF836	DN_NC_073244.2_27566430_5	DN_NC_073244.2_64125568_5	truthbar	0	5	5	5	multi	0	0.3602	0.0000	0.0000	0.0000	0.0000	4
LOC115931567	ZNF888	DN_NC_073244.2_27566430_5	DN_NC_073244.2_64860608_4	genuine	0	5	4	4	multi	0	0.3165	0.0000	0.0000	0.0000	0.0000	4
LOC115931567	ZNF91	DN_NC_073244.2_27566430_5	DN_NC_073244.2_29680825_2	truthbar	0	5	2	2	multi	0	0.3389	0.3552	0.2000	0.5000	0.2000	4
LOC115931567	ZNF92	DN_NC_073230.2_74637814_2	DN_NC_073244.2_27626411_5	genuine	0	2	5	2	multi	0	0.3997	0.4760	0.5000	0.0000	0.0000	4
LOC115931568	LOC115931576	DN_NC_073244.2_28072858_4	DN_NC_073244.2_29046961_4	truthbar	0	4	4	4	multi	0	0.4720	0.5074	0.5000	0.5000	0.5000	4
LOC115931568	LOC115931857	DN_NC_073244.2_28072858_4	DN_NC_073246.2_15789320_2	truthbar	0	4	2	2	multi	0	0.2533	0.0000	0.0000	0.0000	0.0000	4
LOC115931568	LOC129527827	DN_NC_073242.2_66613619_4	DN_NC_073244.2_28072858_4	genuine	0	4	4	4	multi	0	0.1850	0.0000	0.0000	0.0000	0.0000	4
LOC115931568	LOC129528947	DN_NC_073244.2_27408454_4	DN_NC_073244.2_28072858_4	genuine	0	4	4	4	multi	0	0.3844	0.5051	0.5000	0.5000	0.5000	4
LOC115931568	ZNF141	DN_NC_073227.2_8907801_4	DN_NC_073244.2_28072858_4	truthbar	0	4	4	4	multi	0	0.2825	0.0000	0.0000	0.0000	0.0000	4
LOC115931568	ZNF195	DN_NC_073233.2_9788172_5	DN_NC_073244.2_28072858_4	truthbar	0	5	4	4	multi	0	0.2068	0.0000	0.0000	0.0000	0.0000	4
LOC115931568	ZNF254	DN_NC_073244.2_28072858_4	DN_NC_073244.2_30438386_2	truthbar	0	4	2	2	multi	0	0.3164	0.0000	0.0000	0.0000	0.0000	4
LOC115931568	ZNF267	DN_NC_073242.2_37386128_4	DN_NC_073244.2_28072858_4	truthbar	0	4	4	4	multi	0	0.1555	0.0000	0.0000	0.0000	0.0000	4
LOC115931568	ZNF273	DN_NC_073230.2_74299233_4	DN_NC_073244.2_28072858_4	truthbar	0	4	4	4	multi	0	0.4729	0.4550	0.5000	0.5000	0.5000	4
LOC115931568	ZNF415	DN_NC_073244.2_28072858_4	DN_NC_073244.2_65046428_4	truthbar	0	4	3	3	multi	0	0.2281	0.0000	0.0000	0.0000	0.0000	4
LOC115931568	ZNF429	DN_NC_073244.2_27956158_2	DN_NC_073244.2_28072858_4	truthbar	0	2	4	2	multi	0	0.5881	0.0000	0.0000	0.0000	0.0000	4
LOC115931568	ZNF43	DN_NC_073244.2_28072858_4	DN_NC_073244.2_28333451_4	truthbar	0	4	4	4	multi	0	0.2753	0.5244	0.5000	0.5000	0.5000	4
LOC115931568	ZNF430	DN_NC_073244.2_27504818_5	DN_NC_073244.2_28072858_4	truthbar	0	5	4	4	multi	0	0.4088	0.0000	0.0000	0.0000	0.0000	4
LOC115931568	ZNF486	DN_NC_073244.2_26666712_5	DN_NC_073244.2_28072858_4	truthbar	0	5	4	4	multi	0	0.2629	0.0000	0.0000	0.0000	0.0000	4
LOC115931568	ZNF506	DN_NC_073244.2_26240035_4	DN_NC_073244.2_28072858_4	genuine	0	4	4	4	multi	0	0.3706	0.0000	0.0000	0.0000	0.0000	4
LOC115931568	ZNF519	DN_NC_073241.2_36126198_2	DN_NC_073244.2_28072858_4	truthbar	0	2	4	2	multi	0	0.2822	0.0000	0.0000	0.0000	0.0000	4
LOC115931568	ZNF528	DN_NC_073244.2_28072858_4	DN_NC_073244.2_64368633_7	truthbar	0	4	7	4	multi	0	0.1418	0.0000	0.0000	0.0000	0.0000	4
LOC115931568	ZNF595	DN_NC_073227.2_8633418_2	DN_NC_073244.2_28072858_4	truthbar	0	2	4	2	multi	0	0.3541	0.0000	0.0000	0.0000	0.0000	4
LOC115931568	ZNF626	DN_NC_073244.2_27131194_2	DN_NC_073244.2_28072858_4	truthbar	0	2	4	2	multi	0	0.4006	0.0000	0.0000	0.0000	0.0000	4
LOC115931568	ZNF675	DN_NC_073244.2_28072858_4	DN_NC_073244.2_29970261_4	truthbar	0	4	4	4	multi	0	0.5250	0.7598	0.5000	0.7500	0.5000	4
LOC115931568	ZNF678	DN_NC_073224.2_40627195_4	DN_NC_073244.2_28072858_4	truthbar	0	4	4	4	multi	0	0.3206	0.0000	0.0000	0.0000	0.0000	4
LOC115931568	ZNF680	DN_NC_073230.2_73977205_4	DN_NC_073244.2_28072858_4	truthbar	0	4	4	4	multi	0	0.4879	0.0000	0.5000	0.5000	0.5000	4
LOC115931568	ZNF681	DN_NC_073244.2_28072858_4	DN_NC_073244.2_30067652_4	truthbar	0	4	4	4	multi	0	0.1681	0.4812	0.5000	0.5000	0.5000	4
LOC115931568	ZNF682	DN_NC_073244.2_26470366_4	DN_NC_073244.2_28072858_4	truthbar	0	4	4	4	multi	0	0.4772	0.0000	0.0000	0.0000	0.0000	4
LOC115931568	ZNF695	DN_NC_073224.2_8422960_4	DN_NC_073244.2_28072858_4	truthbar	0	4	4	4	multi	0	0.3850	0.0000	0.0000	0.0000	0.0000	4
LOC115931568	ZNF721	DN_NC_073227.2_9010062_2	DN_NC_073244.2_28072858_4	truthbar	0	2	4	2	multi	0	0.2807	0.0000	0.0000	0.0000	0.0000	4
LOC115931568	ZNF723	DN_NC_073244.2_28072858_4	DN_NC_073244.2_29232445_4	truthbar	0	4	4	4	multi	0	0.6788	0.6192	0.5000	1.0000	0.5000	4
LOC115931568	ZNF727	DN_NC_073230.2_73508332_4	DN_NC_073244.2_28072858_4	truthbar	0	4	4	4	multi	0	0.2586	0.0000	0.0000	0.0000	0.0000	4
LOC115931568	ZNF736	DN_NC_073230.2_73776646_4	DN_NC_073244.2_28072858_4	truthbar	0	4	4	4	multi	0	0.4190	0.0000	0.0000	0.0000	0.0000	4
LOC115931568	ZNF813	DN_NC_073244.2_28072858_4	DN_NC_073244.2_65398487_4	truthbar	0	4	4	4	multi	0	0.3144	0.0000	0.0000	0.0000	0.0000	4
LOC115931568	ZNF83	DN_NC_073244.2_28072858_4	DN_NC_073244.2_64585864_4	truthbar	0	4	4	4	multi	0	0.1911	0.0000	0.0000	0.0000	0.0000	4
LOC115931568	ZNF91	DN_NC_073244.2_28072858_4	DN_NC_073244.2_29680825_2	truthbar	0	4	2	2	multi	0	0.3164	0.0000	0.0000	0.0000	0.0000	4
LOC115931568	ZNF92	DN_NC_073230.2_74637814_2	DN_NC_073244.2_28072858_4	truthbar	0	2	4	2	multi	0	0.3348	0.0000	0.0000	0.0000	0.0000	4
LOC115931576	LOC115931654	DN_NC_073244.2_29046961_4	DN_NC_073244.2_65266359_4	truthbar	0	4	4	4	multi	0	0.1710	0.0000	0.0000	0.0000	0.0000	4
LOC115931576	LOC115931857	DN_NC_073244.2_29046961_4	DN_NC_073246.2_15789285_3	truthbar	0	4	3	3	multi	0	0.2173	0.0000	0.0000	0.0000	0.0000	4
LOC115931576	LOC129527827	DN_NC_073242.2_66613619_4	DN_NC_073244.2_29046961_4	genuine	0	4	4	4	multi	0	0.2279	0.0000	0.0000	0.0000	0.0000	4
LOC115931576	LOC129528947	DN_NC_073244.2_27408454_4	DN_NC_073244.2_29046961_4	genuine	0	4	4	4	multi	0	0.4067	0.4680	0.5000	0.5000	0.5000	4
LOC115931576	ZNF141	DN_NC_073227.2_8907801_4	DN_NC_073244.2_29046961_4	truthbar	0	4	4	4	multi	0	0.2350	0.0000	0.0000	0.0000	0.0000	4
LOC115931576	ZNF195	DN_NC_073233.2_9788172_5	DN_NC_073244.2_29046961_4	truthbar	0	5	4	4	multi	0	0.1970	0.0000	0.0000	0.0000	0.0000	4
LOC115931576	ZNF254	DN_NC_073244.2_29046961_4	DN_NC_073244.2_30438386_2	truthbar	0	4	2	2	multi	0	0.3089	0.7072	0.2500	0.5000	0.2500	4
LOC115931576	ZNF273	DN_NC_073230.2_74299233_4	DN_NC_073244.2_29046961_4	truthbar	0	4	4	4	multi	0	0.2414	0.9133	1.0000	1.0000	1.0000	4
LOC115931576	ZNF28	DN_NC_073244.2_29046961_4	DN_NC_073244.2_64759228_5	truthbar	0	4	5	4	multi	0	0.2443	0.0000	0.0000	0.0000	0.0000	4
LOC115931576	ZNF415	DN_NC_073244.2_29046961_4	DN_NC_073244.2_65046428_2	truthbar	0	4	4	4	multi	0	0.4718	0.0000	0.0000	0.0000	0.0000	4
LOC115931576	ZNF429	DN_NC_073244.2_27956158_2	DN_NC_073244.2_29046961_4	truthbar	0	2	4	2	multi	0	0.7322	0.4924	0.5000	0.0000	0.0000	4
LOC115931576	ZNF43	DN_NC_073244.2_28333451_4	DN_NC_073244.2_29046961_4	truthbar	0	4	4	4	multi	0	0.4085	0.4021	0.7500	0.5000	0.5000	4
LOC115931576	ZNF430	DN_NC_073244.2_27504818_5	DN_NC_073244.2_29046961_4	truthbar	0	5	4	4	multi	0	0.3937	0.5016	0.4000	0.5000	0.4000	4
LOC115931576	ZNF468	DN_NC_073244.2_29046961_4	DN_NC_073244.2_64797239_5	truthbar	0	4	5	4	multi	0	0.2446	0.0000	0.0000	0.0000	0.0000	4
LOC115931576	ZNF486	DN_NC_073244.2_26666712_5	DN_NC_073244.2_29046961_4	truthbar	0	5	4	4	multi	0	0.2227	0.0000	0.8000	0.7500	0.7500	4
LOC115931576	ZNF506	DN_NC_073244.2_26240035_4	DN_NC_073244.2_29046961_4	truthbar	0	4	4	4	multi	0	0.4147	0.5272	0.5000	0.5000	0.5000	4
LOC115931576	ZNF519	DN_NC_073241.2_36126198_2	DN_NC_073244.2_29046961_4	truthbar	0	2	4	2	multi	0	0.2727	0.0000	0.0000	0.0000	0.0000	4
LOC115931576	ZNF595	DN_NC_073227.2_8633418_2	DN_NC_073244.2_29046961_4	truthbar	0	2	4	2	multi	0	0.4860	0.0000	0.0000	0.0000	0.0000	4
LOC115931576	ZNF600	DN_NC_073244.2_29046961_4	DN_NC_073244.2_64724127_4	truthbar	0	4	4	4	multi	0	0.2015	0.0000	0.0000	0.0000	0.0000	4
LOC115931576	ZNF611	DN_NC_073244.2_29046961_4	DN_NC_073244.2_64672255_4	truthbar	0	4	4	4	multi	0	0.1398	0.0000	0.0000	0.0000	0.0000	4
LOC115931576	ZNF626	DN_NC_073244.2_27131194_2	DN_NC_073244.2_29046961_4	truthbar	0	2	4	2	multi	0	0.2924	0.3366	0.0000	0.0000	0.0000	4
LOC115931576	ZNF675	DN_NC_073244.2_29046961_4	DN_NC_073244.2_29970261_4	truthbar	0	4	4	4	multi	0	0.6122	0.9846	0.7500	1.0000	0.7500	4
LOC115931576	ZNF678	DN_NC_073224.2_40627195_4	DN_NC_073244.2_29046961_4	truthbar	0	4	4	4	multi	0	0.3026	0.0000	0.0000	0.0000	0.0000	4
LOC115931576	ZNF680	DN_NC_073230.2_73977205_4	DN_NC_073244.2_29046961_4	truthbar	0	4	4	4	multi	0	0.2747	0.4842	0.5000	0.7500	0.5000	4
LOC115931576	ZNF681	DN_NC_073244.2_29046961_4	DN_NC_073244.2_30067652_4	truthbar	0	4	4	4	multi	0	0.2827	0.7020	1.0000	0.7500	0.7500	4
LOC115931576	ZNF682	DN_NC_073244.2_26470366_4	DN_NC_073244.2_29046961_4	truthbar	0	4	4	4	multi	0	0.2862	0.0000	0.0000	0.0000	0.0000	4
LOC115931576	ZNF695	DN_NC_073224.2_8422960_4	DN_NC_073244.2_29046961_4	truthbar	0	4	4	4	multi	0	0.2309	0.0000	0.0000	0.0000	0.0000	4
LOC115931576	ZNF721	DN_NC_073227.2_9010062_2	DN_NC_073244.2_29046961_4	truthbar	0	2	4	2	multi	0	0.3194	0.0000	0.0000	0.0000	0.0000	4
LOC115931576	ZNF723	DN_NC_073244.2_29046961_4	DN_NC_073244.2_29232445_4	truthbar	0	4	4	4	multi	0	0.3748	0.3877	0.5000	1.0000	0.5000	4
LOC115931576	ZNF727	DN_NC_073230.2_73508332_4	DN_NC_073244.2_29046961_4	truthbar	0	4	4	4	multi	0	0.2121	0.0000	0.0000	0.0000	0.0000	4
LOC115931576	ZNF736	DN_NC_073230.2_73776646_4	DN_NC_073244.2_29046961_4	truthbar	0	4	4	4	multi	0	0.3484	0.0000	0.0000	0.0000	0.0000	4
LOC115931576	ZNF808	DN_NC_073244.2_29046961_4	DN_NC_073244.2_64500861_5	truthbar	0	4	5	4	multi	0	0.1366	0.0000	0.0000	0.0000	0.0000	4
LOC115931576	ZNF813	DN_NC_073244.2_29046961_4	DN_NC_073244.2_65398487_4	truthbar	0	4	4	4	multi	0	0.3022	0.0000	0.0000	0.0000	0.0000	4
LOC115931576	ZNF83	DN_NC_073244.2_29046961_4	DN_NC_073244.2_64585864_4	truthbar	0	4	4	4	multi	0	0.3234	0.0000	0.0000	0.0000	0.0000	4
LOC115931576	ZNF836	DN_NC_073244.2_29046961_4	DN_NC_073244.2_64125568_5	truthbar	0	4	5	4	multi	0	0.2982	0.0000	0.0000	0.0000	0.0000	4
LOC115931576	ZNF91	DN_NC_073244.2_29046961_4	DN_NC_073244.2_29680825_2	genuine	0	4	2	2	multi	0	0.2136	0.3829	0.0000	0.5000	0.0000	4
LOC115931576	ZNF92	DN_NC_073230.2_74637814_2	DN_NC_073244.2_29046961_4	truthbar	0	2	4	2	multi	0	0.4376	0.6689	0.5000	0.2500	0.2500	4
LOC115931590	ZSCAN5B	DN_NC_073244.2_68258639_5	DN_NC_073244.2_68293337_5	TP	1	5	5	5	multi	0	0.4856	0.7030	0.8000	0.8000	0.8000	3
LOC115931610	ZNF177	DN_NC_073244.2_15357025_8	DN_NC_073244.2_15648295_6	truthbar	0	8	6	6	multi	0	0.1362	0.0000	0.0000	0.0000	0.0000	0
LOC115931610	ZNF266	DN_NC_073244.2_15453865_9	DN_NC_073244.2_15648295_6	truthbar	0	9	6	6	multi	0	0.1553	0.0000	0.0000	0.0000	0.0000	0
LOC115931610	ZNF283	DN_NC_073244.2_15648295_6	DN_NC_073244.2_55341363_7	genuine	0	6	7	6	multi	0	0.1761	0.0000	0.0000	0.0000	0.0000	0
LOC115931610	ZNF420	DN_NC_073244.2_15648295_6	DN_NC_073244.2_48242798_5	truthbar	0	6	5	5	multi	0	0.1826	0.0000	0.0000	0.0000	0.0000	0
LOC115931610	ZNF560	DN_NC_073244.2_15508499_10	DN_NC_073244.2_15648295_6	truthbar	0	10	6	6	multi	0	0.1678	0.0000	0.0000	0.0000	0.0000	0
LOC115931610	ZNF571	DN_NC_073244.2_15648295_6	DN_NC_073244.2_49072464_4	truthbar	0	6	4	4	multi	0	0.2399	0.0000	0.0000	0.0000	0.0000	0
LOC115931610	ZNF790	DN_NC_073244.2_15648295_6	DN_NC_073244.2_47997304_5	truthbar	0	6	5	5	multi	0	0.2405	0.0000	0.0000	0.0000	0.0000	0
LOC115931610	ZNF829	DN_NC_073244.2_15648295_6	DN_NC_073244.2_48066692_6	truthbar	0	6	6	6	multi	0	0.2522	0.0000	0.0000	0.0000	0.0000	0
LOC115931654	LOC129527827	DN_NC_073242.2_66613619_4	DN_NC_073244.2_65266359_4	genuine	0	4	4	4	multi	0	0.2038	0.0000	0.0000	0.0000	0.0000	4
LOC115931654	ZNF141	DN_NC_073227.2_8907801_4	DN_NC_073244.2_65266359_4	truthbar	0	4	4	4	multi	0	0.1939	0.0000	0.0000	0.0000	0.0000	4
LOC115931654	ZNF254	DN_NC_073244.2_30438386_2	DN_NC_073244.2_65266359_4	truthbar	0	2	4	2	multi	0	0.1490	0.0000	0.0000	0.0000	0.0000	4
LOC115931654	ZNF267	DN_NC_073242.2_37386128_4	DN_NC_073244.2_65266359_4	truthbar	0	4	4	4	multi	0	0.2832	0.0000	0.0000	0.0000	0.0000	4
LOC115931654	ZNF273	DN_NC_073230.2_74299233_4	DN_NC_073244.2_65266359_4	truthbar	0	4	4	4	multi	0	0.1428	0.0000	0.0000	0.0000	0.0000	4
LOC115931654	ZNF28	DN_NC_073244.2_64759228_5	DN_NC_073244.2_65266359_4	truthbar	0	5	4	4	multi	0	0.1709	0.8885	0.8000	0.7500	0.7500	4
LOC115931654	ZNF347	DN_NC_073244.2_65073171_5	DN_NC_073244.2_65266359_4	truthbar	0	5	4	4	multi	0	0.1478	0.0000	0.0000	0.0000	0.0000	4
LOC115931654	ZNF415	DN_NC_073244.2_65046428_4	DN_NC_073244.2_65266359_4	truthbar	0	3	4	3	multi	0	0.2828	0.0000	0.0000	0.0000	0.0000	4
LOC115931654	ZNF429	DN_NC_073244.2_27956158_2	DN_NC_073244.2_65266359_4	truthbar	0	2	4	2	multi	0	0.1827	0.0000	0.0000	0.0000	0.0000	4
LOC115931654	ZNF430	DN_NC_073244.2_27504818_5	DN_NC_073244.2_65266359_4	truthbar	0	5	4	4	multi	0	0.1761	0.0000	0.0000	0.0000	0.0000	4
LOC115931654	ZNF468	DN_NC_073244.2_64797239_5	DN_NC_073244.2_65266359_4	truthbar	0	5	4	4	multi	0	0.1609	0.9411	0.0000	0.0000	0.0000	4
LOC115931654	ZNF480	DN_NC_073244.2_64265252_5	DN_NC_073244.2_65266359_4	truthbar	0	5	4	4	multi	0	0.2016	0.0000	0.0000	0.0000	0.0000	4
LOC115931654	ZNF528	DN_NC_073244.2_64368633_7	DN_NC_073244.2_65266359_4	truthbar	0	7	4	4	multi	0	0.1934	0.0000	0.0000	0.0000	0.0000	4
LOC115931654	ZNF578	DN_NC_073244.2_64426370_6	DN_NC_073244.2_65266359_4	truthbar	0	6	4	4	multi	0	0.2909	0.0000	0.0000	0.0000	0.0000	4
LOC115931654	ZNF600	DN_NC_073244.2_64724127_4	DN_NC_073244.2_65266359_4	truthbar	0	4	4	4	multi	0	0.2795	0.3970	0.7500	0.5000	0.5000	4
LOC115931654	ZNF611	DN_NC_073244.2_64672255_4	DN_NC_073244.2_65266359_4	truthbar	0	4	4	4	multi	0	0.2502	0.9184	0.0000	0.0000	0.0000	4
LOC115931654	ZNF616	DN_NC_073244.2_64081943_4	DN_NC_073244.2_65266359_4	truthbar	0	4	4	4	multi	0	0.1466	0.0000	0.0000	0.0000	0.0000	4
LOC115931654	ZNF675	DN_NC_073244.2_29970261_4	DN_NC_073244.2_65266359_4	truthbar	0	4	4	4	multi	0	0.1857	0.0000	0.0000	0.0000	0.0000	4
LOC115931654	ZNF680	DN_NC_073230.2_73977205_4	DN_NC_073244.2_65266359_4	truthbar	0	4	4	4	multi	0	0.1782	0.0000	0.0000	0.0000	0.0000	4
LOC115931654	ZNF681	DN_NC_073244.2_30067652_4	DN_NC_073244.2_65266359_4	truthbar	0	4	4	4	multi	0	0.2447	0.0000	0.0000	0.0000	0.0000	4
LOC115931654	ZNF701	DN_NC_073244.2_64543447_4	DN_NC_073244.2_65266359_4	genuine	0	4	4	4	multi	0	0.2190	0.6024	0.2500	0.2500	0.2500	4
LOC115931654	ZNF721	DN_NC_073227.2_9010062_2	DN_NC_073244.2_65266359_4	truthbar	0	2	4	2	multi	0	0.1774	0.0000	0.0000	0.0000	0.0000	4
LOC115931654	ZNF727	DN_NC_073230.2_73508332_4	DN_NC_073244.2_65266359_4	truthbar	0	4	4	4	multi	0	0.1476	0.0000	0.0000	0.0000	0.0000	4
LOC115931654	ZNF761	DN_NC_073244.2_65266359_4	DN_NC_073244.2_65362909_5	truthbar	0	4	5	4	multi	0	0.1626	0.8826	0.7500	0.6000	0.6000	4
LOC115931654	ZNF808	DN_NC_073244.2_64500861_5	DN_NC_073244.2_65266359_4	truthbar	0	5	4	4	multi	0	0.2371	0.3602	0.6000	0.5000	0.5000	4
LOC115931654	ZNF813	DN_NC_073244.2_65266359_4	DN_NC_073244.2_65398487_4	truthbar	0	4	4	4	multi	0	0.1755	0.7561	0.0000	0.0000	0.0000	4
LOC115931654	ZNF83	DN_NC_073244.2_64585864_4	DN_NC_073244.2_65266359_4	truthbar	0	4	4	4	multi	0	0.3841	0.0000	0.0000	0.0000	0.0000	4
LOC115931654	ZNF836	DN_NC_073244.2_64125568_5	DN_NC_073244.2_65266359_4	truthbar	0	5	4	4	multi	0	0.3248	0.0000	0.0000	0.0000	0.0000	4
LOC115931654	ZNF841	DN_NC_073244.2_64034715_7	DN_NC_073244.2_65266359_4	truthbar	0	7	4	4	multi	0	0.2251	0.0000	0.0000	0.0000	0.0000	4
LOC115931654	ZNF888	DN_NC_073244.2_64860608_4	DN_NC_073244.2_65266359_4	truthbar	0	4	4	4	multi	0	0.2095	0.7408	0.0000	0.0000	0.0000	4
LOC115931654	ZNF91	DN_NC_073244.2_29680825_2	DN_NC_073244.2_65266359_4	truthbar	0	2	4	2	multi	0	0.3248	0.0000	0.0000	0.0000	0.0000	4
LOC115931857	LOC129528947	DN_NC_073244.2_27408454_4	DN_NC_073246.2_15789320_2	genuine	0	4	2	2	multi	0	0.2354	0.0000	0.0000	0.0000	0.0000	4
LOC115931857	ZNF195	DN_NC_073233.2_9788172_5	DN_NC_073246.2_15789285_3	truthbar	0	5	3	3	multi	0	0.1419	0.0000	0.0000	0.0000	0.0000	4
LOC115931857	ZNF254	DN_NC_073244.2_30438340_4	DN_NC_073246.2_15789285_3	truthbar	0	4	3	3	multi	0	0.1830	0.0000	0.0000	0.0000	0.0000	4
LOC115931857	ZNF267	DN_NC_073242.2_37386128_4	DN_NC_073246.2_15789285_3	truthbar	0	4	3	3	multi	0	0.2027	0.0000	0.0000	0.0000	0.0000	4
LOC115931857	ZNF273	DN_NC_073230.2_74299233_4	DN_NC_073246.2_15789285_3	truthbar	0	4	3	3	multi	0	0.2372	0.0000	0.0000	0.0000	0.0000	4
LOC115931857	ZNF415	DN_NC_073244.2_65046428_4	DN_NC_073246.2_15789285_3	truthbar	0	3	3	3	multi	0	0.2147	0.0000	0.0000	0.0000	0.0000	4
LOC115931857	ZNF429	DN_NC_073244.2_27956158_2	DN_NC_073246.2_15789285_3	truthbar	0	2	3	2	multi	0	0.3419	0.0000	0.0000	0.0000	0.0000	4
LOC115931857	ZNF43	DN_NC_073244.2_28333451_4	DN_NC_073246.2_15789320_2	truthbar	0	4	2	2	multi	0	0.2302	0.0000	0.0000	0.0000	0.0000	4
LOC115931857	ZNF430	DN_NC_073244.2_27504818_5	DN_NC_073246.2_15789320_2	truthbar	0	5	2	2	multi	0	0.2401	0.0000	0.0000	0.0000	0.0000	4
LOC115931857	ZNF519	DN_NC_073241.2_36126183_3	DN_NC_073246.2_15789285_3	TP	1	3	3	3	multi	0	0.8535	1.0105	1.0000	1.0000	1.0000	4
LOC115931857	ZNF528	DN_NC_073244.2_64368633_7	DN_NC_073246.2_15789320_2	truthbar	0	7	2	2	multi	0	0.1331	0.0000	0.0000	0.0000	0.0000	4
LOC115931857	ZNF595	DN_NC_073227.2_8633418_2	DN_NC_073246.2_15789285_3	truthbar	0	2	3	2	multi	0	0.2775	0.0000	0.0000	0.0000	0.0000	4
LOC115931857	ZNF600	DN_NC_073244.2_64724127_4	DN_NC_073246.2_15789285_3	truthbar	0	4	3	3	multi	0	0.2076	0.0000	0.0000	0.0000	0.0000	4
LOC115931857	ZNF616	DN_NC_073244.2_64081943_4	DN_NC_073246.2_15789320_2	truthbar	0	4	2	2	multi	0	0.2259	0.0000	0.0000	0.0000	0.0000	4
LOC115931857	ZNF675	DN_NC_073244.2_29970261_4	DN_NC_073246.2_15789320_2	truthbar	0	4	2	2	multi	0	0.4005	0.0000	0.0000	0.0000	0.0000	4
LOC115931857	ZNF678	DN_NC_073224.2_40627195_4	DN_NC_073246.2_15789285_3	truthbar	0	4	3	3	multi	0	0.2307	0.0000	0.0000	0.0000	0.0000	4
LOC115931857	ZNF680	DN_NC_073230.2_73977205_4	DN_NC_073246.2_15789285_3	truthbar	0	4	3	3	multi	0	0.2713	0.0000	0.0000	0.0000	0.0000	4
LOC115931857	ZNF682	DN_NC_073244.2_26470366_4	DN_NC_073246.2_15789320_2	truthbar	0	4	2	2	multi	0	0.2561	0.0000	0.0000	0.0000	0.0000	4
LOC115931857	ZNF695	DN_NC_073224.2_8422960_4	DN_NC_073246.2_15789285_3	truthbar	0	4	3	3	multi	0	0.2070	0.0000	0.0000	0.0000	0.0000	4
LOC115931857	ZNF721	DN_NC_073227.2_9009655_3	DN_NC_073246.2_15789285_3	truthbar	0	3	3	3	multi	0	0.1331	0.0000	0.0000	0.0000	0.0000	4
LOC115931857	ZNF723	DN_NC_073244.2_29232445_4	DN_NC_073246.2_15789285_3	truthbar	0	4	3	3	multi	0	0.3869	0.0000	0.0000	0.0000	0.0000	4
LOC115931857	ZNF761	DN_NC_073244.2_65362909_5	DN_NC_073246.2_15789285_3	truthbar	0	5	3	3	multi	0	0.1698	0.0000	0.0000	0.0000	0.0000	4
LOC115931857	ZNF766	DN_NC_073244.2_64231369_4	DN_NC_073246.2_15789285_3	truthbar	0	4	3	3	multi	0	0.1633	0.0000	0.0000	0.0000	0.0000	4
LOC115931857	ZNF83	DN_NC_073244.2_64585864_4	DN_NC_073246.2_15789285_3	truthbar	0	4	3	3	multi	0	0.3004	0.0000	0.0000	0.0000	0.0000	4
LOC115931857	ZNF888	DN_NC_073244.2_64860608_4	DN_NC_073246.2_15789285_3	truthbar	0	4	3	3	multi	0	0.2022	0.0000	0.0000	0.0000	0.0000	4
LOC115931857	ZNF91	DN_NC_073244.2_29680825_4	DN_NC_073246.2_15789320_2	genuine	0	4	2	2	multi	0	0.2274	0.0000	0.0000	0.0000	0.0000	4
LOC115931857	ZNF92	DN_NC_073230.2_74637814_2	DN_NC_073246.2_15789285_3	truthbar	0	2	3	2	multi	0	0.2696	0.0000	0.0000	0.0000	0.0000	4
LOC115932055	TFDP1	DN_NC_073238.2_128463727_12	DN_NC_073247.2_47501169_3	genuine	0	12	3	3	multi	0	0.4303	0.9234	0.9167	0.3333	0.3333	1
LOC115932241	LOC115932281	DN_NC_073247.2_18318973_2	DN_NC_073247.2_18934892_2	genuine	0	2	2	2	multi	0	0.3944	0.8711	1.0000	1.0000	1.0000	4
LOC115932241	LOC129529790	DN_NC_073247.2_17003459_2	DN_NC_073247.2_18318973_2	truthbar	0	2	2	2	multi	0	0.4144	0.8973	1.0000	0.5000	0.5000	4
LOC115932241	LOC129530333	DN_NC_073247.2_18318973_2	DN_NC_073248.2_30080680_2	genuine	0	2	2	2	multi	0	0.3675	0.8750	1.0000	1.0000	1.0000	4
LOC115932281	LOC129529790	DN_NC_073247.2_17003459_2	DN_NC_073247.2_18934892_2	TP	1	2	2	2	multi	0	0.4178	1.0822	1.0000	1.0000	1.0000	4
LOC115932281	LOC129530333	DN_NC_073247.2_18934892_2	DN_NC_073248.2_30080680_2	genuine	0	2	2	2	multi	0	0.6366	1.0311	1.0000	1.0000	1.0000	4
LOC115932634	PPIF	DN_NC_073232.2_36391573_6	DN_NC_073232.2_91788490_6	genuine	0	6	6	6	multi	0	0.4936	1.0004	0.8333	1.0000	0.8333	3
LOC115932679	LOC129523854	DN_NC_073230.2_47037167_3	DN_NC_073230.2_51605178_3	genuine	0	3	3	3	multi	0	0.1543	0.1543	0.6667	0.6667	0.6667	3
LOC115932679	LOC129529528	DN_NC_073230.2_47037167_3	DN_NC_086018.1_40100382_3	genuine	0	3	3	3	multi	0	0.1367	0.0000	0.0000	0.0000	0.0000	3
LOC115932679	SLC37A2	DN_NC_073230.2_47037167_3	DN_NC_073233.2_132992860_18	genuine	0	3	18	3	multi	0	0.1420	0.0000	0.0000	0.0000	0.0000	3
LOC115932683	TUBGCP5	DN_NC_073240.2_21430216_23	DN_NC_073240.2_24008961_23	TP	1	23	23	23	multi	0	0.9977	0.9977	1.0000	1.0000	1.0000	2
LOC115932735	LOC115932984	DN_NC_073224.2_124254598_20	DN_NC_073224.2_130224824_25	truthbar	0	20	25	20	multi	0	0.1569	0.1705	0.2000	0.4800	0.2000	1
LOC115932735	LOC115933241	DN_NC_073224.2_115073393_19	DN_NC_073224.2_124254598_20	genuine	0	19	20	19	multi	0	0.1552	0.1439	0.1053	0.1500	0.1053	1
LOC115932735	LOC129525330	DN_NC_073224.2_124254598_20	DN_NC_073224.2_125594338_29	truthbar	0	20	29	20	multi	0	0.1569	0.1688	0.2000	0.5517	0.2000	1
LOC115932735	LOC129525331	DN_NC_073224.2_124254598_20	DN_NC_073224.2_125055626_35	truthbar	0	20	35	20	multi	0	0.1569	0.1688	0.2000	0.4571	0.2000	1
LOC115932735	LOC129525599	DN_NC_073224.2_116807774_25	DN_NC_073224.2_124254598_20	truthbar	0	25	20	20	multi	0	0.1527	0.1837	0.3200	0.2000	0.2000	1
LOC115932735	LOC134756861	DN_NC_073224.2_117494263_25	DN_NC_073224.2_124254598_20	truthbar	0	25	20	20	multi	0	0.1527	0.1837	0.3200	0.2000	0.2000	1
LOC115932749	ZC3H7A	DN_NC_073242.2_15387796_13	DN_NC_073242.2_35785087_23	TP	1	13	23	13	multi	0	0.9672	0.9672	0.9231	0.5652	0.5652	1
LOC115932756	LOC115932954	DN_NC_073238.2_25250945_5	DN_NC_073240.2_17174470_5	TP	1	5	5	5	multi	0	0.6332	1.0612	1.0000	1.0000	1.0000	2
LOC115932756	LOC115933156	DN_NC_073236.2_24785599_8	DN_NC_073240.2_17174470_5	genuine	0	8	5	5	multi	0	0.1567	0.3872	0.6250	0.8000	0.6250	2
LOC115932756	LOC129530227	DN_NC_073240.2_17174470_5	DN_NC_073248.2_45277558_8	genuine	0	5	8	5	multi	0	0.2710	0.6093	0.8000	0.6250	0.6250	2
LOC115932756	LOC134756368	DN_NC_073236.2_23070420_5	DN_NC_073240.2_17174470_5	TP	1	5	5	5	multi	0	0.8018	1.0000	1.0000	1.0000	1.0000	2
LOC115932756	XRCC2	DN_NC_073230.2_161461454_2	DN_NC_073240.2_17174470_5	TP	1	2	5	2	multi	0	0.4120	0.7303	0.5000	0.0000	0.0000	2
LOC115932762	LOC129524026	DN_NC_073231.2_148826481_3	DN_NC_073236.2_30490104_2	genuine	0	3	2	2	multi	0	0.1352	0.0000	0.0000	0.0000	0.0000	3
LOC115932762	LOC129527190	DN_NC_073236.2_30501599_2	DN_NC_073238.2_22111250_2	genuine	0	2	2	2	multi	0	0.4069	0.9400	1.0000	1.0000	1.0000	3
LOC115932762	NOSTRIN	DN_NC_073235.2_71287360_16	DN_NC_073236.2_30490104_2	genuine	0	16	2	2	multi	0	0.2562	0.6086	0.0000	0.5000	0.0000	3
LOC115932779	LOC115932992	DN_NC_073242.2_16378095_15	DN_NC_073242.2_29051840_13	genuine	0	15	13	13	multi	0	0.3379	0.9075	1.0000	0.9231	0.9231	0
LOC115932779	LOC115933039	DN_NC_073242.2_28854512_28	DN_NC_073244.2_20936541_9	TP	1	28	9	9	multi	0	1.0000	1.0000	0.3214	1.0000	0.3214	0
LOC115932779	SORL1	DN_NC_073233.2_129388517_48	DN_NC_073242.2_28854512_28	TP	1	48	28	28	multi	0	0.6033	1.0000	0.5417	1.0000	0.5417	0
LOC115932787	MAP2K3	DN_NC_073228.2_78724694_4	DN_NC_073228.2_79204251_5	TP	1	4	5	4	multi	0	0.2592	0.8756	0.7500	0.6000	0.6000	2
LOC115932794	LOC129529083	DN_NC_073228.2_78872851_5	DN_NC_073245.2_35742393_2	TP	1	5	2	2	multi	0	0.2048	0.9538	0.2000	0.5000	0.2000	2
LOC115932794	LOC134757821	DN_NC_073228.2_78872851_5	DN_NC_073245.2_35910982_4	genuine	0	5	4	4	multi	0	0.1655	0.9104	0.4000	0.5000	0.4000	2
LOC115932943	LOC129530010	DN_NC_073247.2_84653260_2	DN_NC_073247.2_84678651_3	genuine	0	2	3	2	multi	0	0.4391	0.0000	0.0000	0.0000	0.0000	3
LOC115932954	LOC115933156	DN_NC_073236.2_24785599_8	DN_NC_073238.2_25250945_5	genuine	0	8	5	5	multi	0	0.2221	0.3445	0.6250	0.8000	0.6250	2
LOC115932954	LOC129523503	DN_NC_073236.2_30205531_7	DN_NC_073238.2_25250945_5	TP	1	7	5	5	multi	0	0.3097	0.3101	0.7143	0.8000	0.7143	2
LOC115932954	LOC129523574	DN_NC_073238.2_25250945_5	DN_NC_073246.2_11287585_8	genuine	0	5	8	5	multi	0	0.2250	0.3085	0.8000	0.6250	0.6250	2
LOC115932954	LOC129526389	DN_NC_073238.2_23392840_7	DN_NC_073238.2_25250945_5	TP	1	7	5	5	multi	0	0.3085	0.3089	0.7143	0.8000	0.7143	2
LOC115932954	LOC129530227	DN_NC_073238.2_25250945_5	DN_NC_073248.2_45277558_8	genuine	0	5	8	5	multi	0	0.4835	0.5077	0.8000	0.6250	0.6250	2
LOC115932954	LOC134756368	DN_NC_073236.2_23070420_5	DN_NC_073238.2_25250945_5	TP	1	5	5	5	multi	0	0.8403	1.0490	1.0000	1.0000	1.0000	2
LOC115932954	LOC134756753	DN_NC_073236.2_22549336_8	DN_NC_073238.2_25250945_5	TP	1	8	5	5	multi	0	0.3097	0.3101	0.5000	0.8000	0.5000	2
LOC115932954	LRPAP1	DN_NC_073227.2_12088225_8	DN_NC_073238.2_25250945_5	TP	1	8	5	5	multi	0	0.3097	0.3101	0.6250	0.8000	0.6250	2
LOC115932954	XRCC2	DN_NC_073230.2_161461454_2	DN_NC_073238.2_25250945_5	TP	1	2	5	2	multi	0	0.4120	0.7303	0.5000	0.2000	0.2000	2
LOC115932984	LOC129525330	DN_NC_073224.2_125594338_29	DN_NC_073224.2_130224824_25	TP	1	29	25	25	multi	0	0.7950	0.8118	1.0000	0.9600	0.9600	1
LOC115932984	LOC129525331	DN_NC_073224.2_125055626_35	DN_NC_073224.2_130224824_25	TP	1	35	25	25	multi	0	0.8055	0.8223	1.0000	0.9600	0.9600	1
LOC115932984	LOC129525599	DN_NC_073224.2_116807774_25	DN_NC_073224.2_130224824_25	TP	1	25	25	25	multi	0	0.3123	0.7944	1.0000	0.9600	0.9600	1
LOC115932984	LOC134756861	DN_NC_073224.2_117494263_25	DN_NC_073224.2_130224824_25	TP	1	25	25	25	multi	0	0.3123	0.7944	0.7600	0.9600	0.7600	1
LOC115932994	LOC129533365	DN_NC_073228.2_81689164_6	DN_NC_073228.2_83259868_7	TP	1	8	6	6	multi	0	0.1661	1.0813	0.7500	0.6667	0.6667	2
LOC115933002	LOC115934680	DN_NC_073228.2_46729356_10	DN_NC_073228.2_62340772_5	genuine	0	10	5	5	multi	0	0.1776	0.2815	0.4000	0.6000	0.4000	3
LOC115933006	LOC115933189	DN_NC_073228.2_182513643_26	DN_NC_073228.2_182587557_24	TP	1	26	25	25	multi	0	0.5613	1.0000	0.9231	1.0000	0.9231	1
LOC115933039	SORL1	DN_NC_073233.2_129388517_48	DN_NC_073244.2_20936541_9	TP	1	48	9	9	multi	0	0.9015	1.0000	0.1667	1.0000	0.1667	0
LOC115933090	LOC129524676	DN_NC_073237.2_22957046_5	DN_NC_073238.2_31858801_4	genuine	0	5	4	4	multi	0	0.3751	1.0564	0.8000	0.7500	0.7500	0
LOC115933090	LOC134756761	DN_NC_073236.2_30994185_5	DN_NC_073238.2_31858801_4	genuine	0	5	4	4	multi	0	0.3299	1.0640	1.0000	1.0000	1.0000	0
LOC115933127	LOC115933128	DN_NC_073239.2_122634080_4	DN_NC_073239.2_122741455_4	TP	1	4	4	4	multi	0	0.6988	1.0107	1.0000	1.0000	1.0000	1
LOC115933127	LOC115933240	DN_NC_073239.2_122615409_4	DN_NC_073239.2_122741455_4	TP	1	4	4	4	multi	0	0.7230	1.0036	1.0000	1.0000	1.0000	1
LOC115933127	LOC134757171	DN_NC_073239.2_122741455_4	DN_NC_073239.2_122769394_7	genuine	0	4	7	4	multi	0	0.7091	1.1229	1.0000	1.0000	1.0000	1
LOC115933128	LOC115933240	DN_NC_073239.2_122615409_4	DN_NC_073239.2_122634080_4	TP	1	4	4	4	multi	0	0.6962	0.9973	1.0000	1.0000	1.0000	1
LOC115933128	LOC134757171	DN_NC_073239.2_122634080_4	DN_NC_073239.2_122769394_7	genuine	0	4	7	4	multi	0	0.6917	1.1349	1.0000	1.0000	1.0000	1
LOC115933144	LOC129527341	DN_NC_073242.2_35270505_17	DN_NC_073242.2_35624699_9	TP	1	17	9	9	multi	0	0.6106	0.6254	0.5294	0.8889	0.5294	1
LOC115933152	TEX14	DN_NC_073228.2_33351152_31	DN_NC_073236.2_29195344_14	TP	1	31	14	14	multi	0	0.2605	0.2600	0.1613	0.4286	0.1613	4
LOC115933156	LOC129523503	DN_NC_073236.2_24785599_8	DN_NC_073236.2_30205531_7	genuine	0	8	7	7	multi	0	0.5609	0.5609	0.1250	0.0000	0.0000	2
LOC115933156	LOC129523574	DN_NC_073236.2_24785599_8	DN_NC_073246.2_11287585_8	genuine	0	8	8	8	multi	0	0.1497	0.4008	0.8750	0.8750	0.8750	2
LOC115933156	LOC129526389	DN_NC_073236.2_24785599_8	DN_NC_073238.2_23392840_7	genuine	0	8	7	7	multi	0	0.5605	0.5609	0.1250	0.0000	0.0000	2
LOC115933156	LOC129530227	DN_NC_073236.2_24785599_8	DN_NC_073248.2_45277558_8	genuine	0	8	8	8	multi	0	0.8608	1.0639	0.8750	1.0000	0.8750	2
LOC115933156	LOC134756368	DN_NC_073236.2_23070420_5	DN_NC_073236.2_24785599_8	genuine	0	5	8	5	multi	0	0.1571	0.3872	0.8000	0.6250	0.6250	2
LOC115933156	LOC134756753	DN_NC_073236.2_22549336_8	DN_NC_073236.2_24785599_8	genuine	0	8	8	8	multi	0	0.8731	1.0023	0.7500	1.0000	0.7500	2
LOC115933156	LRPAP1	DN_NC_073227.2_12088225_8	DN_NC_073236.2_24785599_8	genuine	0	8	8	8	multi	0	0.4178	1.0031	0.8750	1.0000	0.8750	2
LOC115933167	LOC115935376	DN_NC_073230.2_47098444_23	DN_NC_073230.2_51812102_9	genuine	0	23	9	9	multi	0	0.2253	0.2120	0.1304	0.3333	0.1304	2
LOC115933167	LOC129523494	DN_NC_073230.2_112158616_4	DN_NC_073230.2_51812102_9	TP	1	4	9	4	multi	0	0.2259	0.2259	0.5000	0.3333	0.3333	2
LOC115933167	LOC129534750	DN_NC_073230.2_51812102_9	DN_NC_073230.2_86128587_5	genuine	0	9	5	5	multi	0	0.3882	0.4149	0.4444	0.8000	0.4444	2
LOC115933170	WDR70	DN_NC_073243.2_74160733_18	DN_NC_073243.2_79717303_18	genuine	0	18	18	18	multi	0	0.1387	0.1387	0.2222	0.2222	0.2222	3
LOC115933187	SH3KBP1	DN_NC_073245.2_9841009_7	DN_NC_073247.2_30010111_18	TP	1	7	18	7	multi	0	0.4068	0.9353	0.7143	0.2778	0.2778	3
LOC115933219	LOC129527278	DN_NC_073236.2_21829724_2	DN_NC_073245.2_42779121_5	genuine	0	2	5	2	multi	0	0.1667	0.5485	0.5000	0.0000	0.0000	3
LOC115933219	LOC129532222	DN_NC_073235.2_33703802_2	DN_NC_073245.2_42779121_5	genuine	0	2	5	2	multi	0	0.1354	0.7541	0.5000	0.4000	0.4000	3
LOC115933219	LOC129532224	DN_NC_073235.2_34402342_7	DN_NC_073245.2_42779121_5	TP	1	7	5	5	multi	0	0.3336	0.9996	1.0000	0.8000	0.8000	3
LOC115933235	LOC115933241	DN_NC_073224.2_115073393_19	DN_NC_073224.2_129429039_7	genuine	0	19	7	7	multi	0	0.3423	1.0008	0.3684	1.0000	0.3684	1
LOC115933240	LOC134757171	DN_NC_073239.2_122615409_4	DN_NC_073239.2_122769394_7	genuine	0	4	7	4	multi	0	0.7230	1.1296	1.0000	1.0000	1.0000	1
LOC115933241	LOC129525599	DN_NC_073224.2_115073393_19	DN_NC_073224.2_116807774_25	genuine	0	19	25	19	multi	0	0.5070	0.5739	0.7368	1.0000	0.7368	1
LOC115933241	LOC134756861	DN_NC_073224.2_115073393_19	DN_NC_073224.2_117494263_25	genuine	0	19	25	19	multi	0	0.5070	0.5739	0.7368	1.0000	0.7368	1
LOC115933250	LOC115933349	DN_NC_073242.2_30717385_31	DN_NC_073242.2_31497679_8	genuine	0	31	8	8	multi	0	0.7050	0.7059	0.2258	0.8750	0.2258	4
LOC115933250	LOC129527620	DN_NC_073242.2_28606635_19	DN_NC_073242.2_30717385_31	TP	1	19	31	19	multi	0	0.4950	0.6727	0.7895	0.4839	0.4839	4
LOC115933306	LOC115934662	DN_NC_073228.2_54243403_14	DN_NC_073228.2_56462402_14	TP	1	14	14	14	multi	0	1.0000	1.0000	1.0000	1.0000	1.0000	3
LOC115933306	LOC129533797	DN_NC_073228.2_54243403_14	DN_NC_073228.2_56531257_20	TP	1	14	20	14	multi	0	0.9480	0.9480	0.9286	0.6500	0.6500	3
LOC115933349	LOC134757427	DN_NC_073242.2_15607160_18	DN_NC_073242.2_31497679_8	TP	1	18	8	8	multi	0	0.2941	0.2950	0.0556	0.1250	0.0556	4
LOC115933369	LOC129527725	DN_NC_073242.2_104701006_6	DN_NC_073242.2_99381861_11	TP	1	6	11	6	multi	0	0.4771	0.4767	0.8333	0.4545	0.4545	1
LOC115933429	MPHOSPH8	DN_NC_073238.2_33938258_14	DN_NC_073240.2_20710887_3	TP	1	14	3	3	multi	0	0.5457	0.5457	0.2143	0.6667	0.2143	2
LOC115933728	LOC129526434	DN_NC_073235.2_31723374_5	DN_NC_073238.2_31467876_5	truthbar	0	5	5	5	multi	0	0.8922	0.9322	0.8000	0.8000	0.8000	3
LOC115933728	LOC129529583	DN_NC_073235.2_31723374_5	DN_NC_086018.1_18552717_3	genuine	0	5	3	3	multi	0	0.2382	0.4416	0.2000	0.0000	0.0000	3
LOC115933728	TUBA1C	DN_NC_073234.2_52064465_4	DN_NC_073235.2_31723374_5	truthbar	0	4	5	4	multi	0	0.8599	0.0000	0.0000	0.0000	0.0000	3
LOC115933728	TUBA3E	DN_NC_073235.2_31723374_5	DN_NC_073235.2_32697745_5	TP	1	5	5	5	multi	0	1.0000	1.0000	1.0000	1.0000	1.0000	3
LOC115933728	TUBA8	DN_NC_073235.2_31723374_5	DN_NC_086018.1_16134008_5	truthbar	0	5	5	5	multi	0	0.7708	0.5617	0.4000	0.4000	0.4000	3
LOC115933728	TUBAL3	DN_NC_073232.2_14351656_4	DN_NC_073235.2_31723374_5	truthbar	0	4	5	4	multi	0	0.7547	0.0000	0.0000	0.0000	0.0000	3
LOC115933986	LOC134757408	DN_NC_073241.2_103649905_2	DN_NC_086017.1_47078826_3	genuine	0	2	3	2	multi	0	0.1471	0.0000	0.0000	0.0000	0.0000	1
LOC115933986	LOC134758214	DN_NC_086017.1_47078826_3	DN_NC_086018.1_22567705_3	genuine	0	3	3	3	multi	0	0.1592	0.0000	0.0000	0.0000	0.0000	1
LOC115934025	LOC134757969	DN_NC_086017.1_24755691_2	DN_NC_086017.1_24755694_2	genuine	0	2	2	2	multi	0	0.9674	0.9674	0.5000	0.5000	0.5000	3
LOC115934041	LOC129528278	DN_NC_073241.2_83874271_3	DN_NC_086017.1_112545872_3	genuine	0	3	3	3	multi	0	0.3597	0.7306	0.3333	0.3333	0.3333	1
LOC115934041	LOC129528791	DN_NC_073244.2_6165323_3	DN_NC_086017.1_112545872_3	genuine	0	3	3	3	multi	0	0.3729	0.7629	0.3333	0.3333	0.3333	1
LOC115934057	ZFP2	DN_NC_073228.2_182864372_4	DN_NC_086017.1_54583506_2	genuine	0	4	2	2	multi	0	0.1656	0.0000	0.0000	0.0000	0.0000	3
LOC115934372	LOC129526178	DN_NC_073227.2_148229831_8	DN_NC_073238.2_39529658_9	genuine	0	8	9	8	multi	0	0.1550	0.1550	0.5000	0.4444	0.4444	3
LOC115934372	LOC129527096	DN_NC_073227.2_148229831_8	DN_NC_073240.2_41396094_2	genuine	0	8	2	2	multi	0	0.1716	0.7801	0.0000	0.5000	0.0000	3
LOC115934550	WDR45B	DN_NC_073228.2_62433488_6	DN_NC_073228.2_9345525_10	TP	1	6	10	6	multi	0	0.3837	0.8795	0.1667	0.9000	0.1667	4
LOC115934575	USP32	DN_NC_073228.2_31824273_3	DN_NC_073228.2_83368453_5	TP	1	3	5	3	multi	0	0.1485	1.0069	1.0000	0.6000	0.6000	3
LOC115934626	LRRC37A3	DN_NC_073228.2_27148471_4	DN_NC_073228.2_45948292_6	TP	1	4	6	4	multi	0	0.3107	1.0509	1.0000	1.0000	1.0000	3
LOC115934662	LOC129533797	DN_NC_073228.2_56462402_14	DN_NC_073228.2_56531257_20	TP	1	14	20	14	multi	0	0.9480	0.9480	0.9286	0.6500	0.6500	3
LOC115935264	PMS2	DN_NC_073230.2_14161449_15	DN_NC_073230.2_81087606_7	genuine	0	15	7	7	multi	0	0.1647	0.3714	0.3333	0.5714	0.3333	4
LOC115935268	LOC129534750	DN_NC_073230.2_86077849_4	DN_NC_073230.2_86186055_4	genuine	0	4	4	4	multi	0	0.4659	1.0020	1.0000	1.0000	1.0000	2
LOC115935369	LOC129523646	DN_NC_073230.2_72857214_2	DN_NC_073230.2_73388327_2	genuine	0	2	2	2	multi	0	0.1471	0.9957	1.0000	1.0000	1.0000	0
LOC115935369	LOC129523647	DN_NC_073230.2_72907176_2	DN_NC_073230.2_73388327_2	genuine	0	2	2	2	multi	0	0.1461	0.9892	1.0000	1.0000	1.0000	0
LOC115935376	LOC129534750	DN_NC_073230.2_47098444_23	DN_NC_073230.2_86128587_5	genuine	0	23	5	5	multi	0	0.3413	0.3247	0.1304	0.6000	0.1304	2
LOC115935615	TNFRSF10D	DN_NC_073231.2_27335163_6	DN_NC_073231.2_27367940_9	TP	1	6	9	6	multi	0	0.2354	0.8394	0.8333	0.5556	0.5556	3
LOC115935842	LOC129524687	DN_NC_073236.2_32676987_2	DN_NC_073237.2_31692944_2	TP	1	2	2	2	multi	0	0.3419	1.0100	1.0000	1.0000	1.0000	4
LOC115935989	RHEB	DN_NC_073230.2_160290576_8	DN_NC_073232.2_68914292_6	genuine	0	8	6	6	multi	0	0.3408	0.3408	0.8750	0.1667	0.1667	2
LOC115935989	SHLD2	DN_NC_073232.2_68914292_6	DN_NC_073232.2_99479042_10	TP	1	6	10	6	multi	0	0.5602	0.7860	0.8333	0.6000	0.6000	2
LOC115936279	LOC129523488	DN_NC_073233.2_54778450_7	DN_NC_073233.2_97922937_7	genuine	0	7	7	7	multi	0	0.6194	0.9964	0.8571	1.0000	0.8571	2
LOC129523474	NXF3	DN_NC_073247.2_114041704_23	DN_NC_073247.2_114854872_20	truthbar	0	23	20	20	multi	0	0.3718	0.2431	0.2609	0.3000	0.2609	2
LOC129523494	LOC129534750	DN_NC_073230.2_112158616_4	DN_NC_073230.2_86128587_5	genuine	0	4	5	4	multi	0	0.3330	0.3330	0.5000	0.6000	0.5000	2
LOC129523494	LRWD1	DN_NC_073230.2_112158616_4	DN_NC_073230.2_86050165_15	genuine	0	4	15	4	multi	0	0.1355	0.3869	0.0000	0.2000	0.0000	2
LOC129523503	LOC129523574	DN_NC_073236.2_30205531_7	DN_NC_073246.2_11287585_8	genuine	0	7	8	7	multi	0	0.1867	0.3190	0.8571	0.8750	0.8571	2
LOC129523503	LOC129526389	DN_NC_073236.2_30205531_7	DN_NC_073238.2_23392840_7	truthbar	0	7	7	7	multi	0	0.9939	0.9996	1.0000	1.0000	1.0000	2
LOC129523503	LOC129530227	DN_NC_073236.2_30205531_7	DN_NC_073248.2_45277558_8	genuine	0	7	8	7	multi	0	0.6584	0.6846	0.8571	0.8750	0.8571	2
LOC129523503	LOC134756368	DN_NC_073236.2_23070420_5	DN_NC_073236.2_30205531_7	TP	1	5	7	5	multi	0	0.1553	0.3539	0.8000	0.7143	0.7143	2
LOC129523503	LOC134756753	DN_NC_073236.2_22549336_8	DN_NC_073236.2_30205531_7	TP	1	8	7	7	multi	0	0.2745	0.5079	0.1250	0.1429	0.1250	2
LOC129523503	LRPAP1	DN_NC_073227.2_12088225_8	DN_NC_073236.2_30205531_7	TP	1	8	7	7	multi	0	0.2822	0.6815	0.1250	0.1429	0.1250	2
LOC129523505	LOC129525643	DN_NC_073234.2_15631092_11	DN_NC_086017.1_9790451_11	genuine	0	11	11	11	multi	0	0.7716	0.8877	0.8182	0.8182	0.8182	0
LOC129523511	LOC134756389	DN_NC_073227.2_212285016_9	DN_NC_073231.2_151170137_9	TP	1	9	9	9	multi	0	0.4222	1.0316	1.0000	1.0000	1.0000	2
LOC129523511	RABL2A	DN_NC_073227.2_212285016_9	DN_NC_073235.2_15131698_9	TP	1	9	9	9	multi	0	0.2724	0.9160	0.8889	0.7778	0.7778	2
LOC129523511	RABL2B	DN_NC_073227.2_212285016_9	DN_NC_086018.1_48818439_9	truthbar	0	9	9	9	multi	0	0.6088	0.9111	0.7778	0.8889	0.7778	2
LOC129523520	LOC129529226	DN_NC_073224.2_15670210_25	DN_NC_073224.2_19027212_8	genuine	0	25	8	8	multi	0	0.4918	0.4939	0.2400	0.7500	0.2400	4
LOC129523520	LOC129531982	DN_NC_073224.2_19027212_8	DN_NC_073224.2_29070818_24	genuine	0	8	24	8	multi	0	0.6243	0.6250	0.8750	0.2917	0.2917	4
LOC129523520	LOC134756437	DN_NC_073224.2_19027212_8	DN_NC_073224.2_19235747_8	TP	1	8	8	8	multi	0	1.0000	1.0000	1.0000	1.0000	1.0000	4
LOC129523520	LOC134758712	DN_NC_073224.2_15783681_8	DN_NC_073224.2_19027212_8	TP	1	8	8	8	multi	0	1.0000	1.0000	1.0000	1.0000	1.0000	4
LOC129523520	LOC134758754	DN_NC_073224.2_19027212_8	DN_NC_073224.2_19344252_8	TP	1	8	8	8	multi	0	0.9993	0.9993	1.0000	1.0000	1.0000	4
LOC129523521	LOC129527828	DN_NC_073242.2_66060664_2	DN_NC_073242.2_66832276_2	TP	1	2	2	2	multi	0	0.9975	0.9975	1.0000	1.0000	1.0000	1
LOC129523564	LOC129529082	DN_NC_073227.2_211418821_2	DN_NC_073245.2_35160176_6	genuine	0	2	6	2	multi	0	0.1406	0.0000	0.0000	0.0000	0.0000	1
LOC129523564	LOC129530428	DN_NC_073227.2_211418821_2	DN_NC_073248.2_10670113_2	genuine	0	2	2	2	multi	0	0.1619	0.0000	0.0000	0.0000	0.0000	1
LOC129523564	NAP1L3	DN_NC_073227.2_211418821_2	DN_NC_073247.2_105439613_2	genuine	0	2	2	2	multi	0	0.1440	0.0000	0.0000	0.0000	0.0000	1
LOC129523564	NDUFAF2	DN_NC_073227.2_211418821_2	DN_NC_073243.2_49045190_4	genuine	0	2	4	2	multi	0	0.1454	0.0000	0.0000	0.0000	0.0000	1
LOC129523564	NGLY1	DN_NC_073227.2_211418821_2	DN_NC_086017.1_35538439_12	genuine	0	2	12	2	multi	0	0.1344	0.0000	0.0000	0.0000	0.0000	1
LOC129523564	SOX30	DN_NC_073227.2_211418821_2	DN_NC_073228.2_161454333_5	genuine	0	2	5	2	multi	0	0.1351	0.0000	0.0000	0.0000	0.0000	1
LOC129523567	LOC129528667	DN_NC_073237.2_23553596_5	DN_NC_073244.2_63882905_5	genuine	0	5	5	5	multi	0	0.3291	0.0000	0.0000	0.0000	0.0000	0
LOC129523567	ZFP37	DN_NC_073237.2_109279481_4	DN_NC_073237.2_23553596_5	genuine	0	4	5	4	multi	0	0.1866	0.0000	0.0000	0.0000	0.0000	0
LOC129523567	ZNF157	DN_NC_073237.2_23553596_5	DN_NC_073247.2_57761829_5	genuine	0	5	5	5	multi	0	0.1492	0.0000	0.0000	0.0000	0.0000	0
LOC129523567	ZNF175	DN_NC_073237.2_23553596_5	DN_NC_073244.2_63542066_5	genuine	0	5	5	5	multi	0	0.1780	0.0000	0.0000	0.0000	0.0000	0
LOC129523567	ZNF180	DN_NC_073237.2_23553596_5	DN_NC_073244.2_55989141_5	genuine	0	5	5	5	multi	0	0.1326	0.0000	0.0000	0.0000	0.0000	0
LOC129523567	ZNF182	DN_NC_073237.2_23553596_5	DN_NC_073247.2_58372296_6	genuine	0	5	5	5	multi	0	0.3032	0.0000	0.0000	0.0000	0.0000	0
LOC129523567	ZNF268	DN_NC_073234.2_148682020_7	DN_NC_073237.2_23553596_5	truthbar	0	7	5	5	multi	0	0.2347	0.0000	0.0000	0.0000	0.0000	0
LOC129523567	ZNF300	DN_NC_073228.2_154747841_5	DN_NC_073237.2_23553596_5	truthbar	0	5	5	5	multi	0	0.2591	0.0000	0.0000	0.0000	0.0000	0
LOC129523567	ZNF354A	DN_NC_073228.2_182334642_5	DN_NC_073237.2_23553596_5	genuine	0	5	5	5	multi	0	0.2240	0.0000	0.0000	0.0000	0.0000	0
LOC129523567	ZNF41	DN_NC_073237.2_23553596_5	DN_NC_073247.2_57840463_5	genuine	0	5	5	5	multi	0	0.1517	0.0000	0.0000	0.0000	0.0000	0
LOC129523567	ZNF484	DN_NC_073237.2_23553596_5	DN_NC_073237.2_89310571_5	truthbar	0	5	5	5	multi	0	0.2247	0.0000	0.0000	0.0000	0.0000	0
LOC129523567	ZNF487	DN_NC_073232.2_71973207_3	DN_NC_073237.2_23553596_5	genuine	0	3	5	3	multi	0	0.2638	0.0000	0.0000	0.0000	0.0000	0
LOC129523567	ZNF527	DN_NC_073237.2_23553596_5	DN_NC_073244.2_48620420_5	genuine	0	5	5	5	multi	0	0.1542	0.0000	0.0000	0.0000	0.0000	0
LOC129523567	ZNF567	DN_NC_073237.2_23553596_5	DN_NC_073244.2_47878793_6	truthbar	0	5	6	5	multi	0	0.3707	0.0000	0.0000	0.0000	0.0000	0
LOC129523567	ZNF568	DN_NC_073237.2_23553596_5	DN_NC_073244.2_48093173_7	genuine	0	5	7	5	multi	0	0.2131	0.0000	0.0000	0.0000	0.0000	0
LOC129523567	ZNF569	DN_NC_073237.2_23553596_5	DN_NC_073244.2_48919547_6	truthbar	0	5	6	5	multi	0	0.1735	0.0000	0.0000	0.0000	0.0000	0
LOC129523567	ZNF624	DN_NC_073228.2_83513581_6	DN_NC_073237.2_23553596_5	truthbar	0	6	5	5	multi	0	0.1587	0.0000	0.0000	0.0000	0.0000	0
LOC129523567	ZNF717	DN_NC_073237.2_23553596_5	DN_NC_086017.1_85766278_5	truthbar	0	5	5	5	multi	0	0.3198	0.0000	0.0000	0.0000	0.0000	0
LOC129523567	ZNF782	DN_NC_073237.2_23553596_5	DN_NC_073237.2_93275727_4	truthbar	0	5	4	4	multi	0	0.2176	0.0000	0.0000	0.0000	0.0000	0
LOC129523567	ZNF883	DN_NC_073237.2_109230975_4	DN_NC_073237.2_23553596_5	genuine	0	4	5	4	multi	0	0.2853	0.0000	0.0000	0.0000	0.0000	0
LOC129523574	LOC129526389	DN_NC_073238.2_23392840_7	DN_NC_073246.2_11287585_8	genuine	0	7	8	7	multi	0	0.1867	0.3190	0.8571	0.8750	0.8571	2
LOC129523574	LOC129530227	DN_NC_073246.2_11287585_8	DN_NC_073248.2_45277558_8	genuine	0	8	8	8	multi	0	0.3450	0.6328	0.8750	0.8750	0.8750	2
LOC129523574	LOC134756368	DN_NC_073236.2_23070420_5	DN_NC_073246.2_11287585_8	genuine	0	5	8	5	multi	0	0.1383	0.3524	0.8000	0.6250	0.6250	2
LOC129523574	LOC134756753	DN_NC_073236.2_22549336_8	DN_NC_073246.2_11287585_8	genuine	0	8	8	8	multi	0	0.3439	0.6851	0.0000	0.1250	0.0000	2
LOC129523574	LRPAP1	DN_NC_073227.2_12088225_8	DN_NC_073246.2_11287585_8	genuine	0	8	8	8	multi	0	0.1867	0.3190	0.8750	0.8750	0.8750	2
LOC129523582	SLC9B1	DN_NC_073227.2_123234622_13	DN_NC_073242.2_37667715_4	genuine	0	13	4	4	multi	0	0.2320	0.2257	0.2308	0.5000	0.2308	3
LOC129523646	LOC129523647	DN_NC_073230.2_72857214_2	DN_NC_073230.2_72907176_2	TP	1	2	2	2	multi	0	1.0000	1.0000	1.0000	1.0000	1.0000	0
LOC129523664	LOC129523899	DN_NC_073230.2_74930869_10	DN_NC_073230.2_74941165_2	genuine	0	10	2	2	multi	0	0.4388	0.4393	0.1000	0.0000	0.0000	1
LOC129523694	LOC129533124	DN_NC_073227.2_139561252_10	DN_NC_073230.2_64705365_4	genuine	0	10	4	4	multi	0	0.1467	0.0000	0.0000	0.0000	0.0000	4
LOC129523694	LOC129533256	DN_NC_073227.2_166164041_5	DN_NC_073230.2_64705365_4	genuine	0	5	4	4	multi	0	0.1546	0.0000	0.0000	0.0000	0.0000	4
LOC129523694	PSPH	DN_NC_073230.2_64191496_8	DN_NC_073230.2_64705365_4	genuine	0	8	4	4	multi	0	0.1782	0.0000	0.0000	0.0000	0.0000	4
LOC129523822	LOC129525064	DN_NC_073230.2_168783006_4	DN_NC_073232.2_8583099_4	genuine	0	4	4	4	multi	0	0.9797	0.9773	1.0000	0.7500	0.7500	1
LOC129523822	LOC129525175	DN_NC_073230.2_168783006_4	DN_NC_073232.2_146269317_5	genuine	0	4	5	4	multi	0	0.3508	0.5847	0.7500	0.6000	0.6000	1
LOC129523822	LOC129527285	DN_NC_073230.2_168783006_4	DN_NC_073239.2_124648897_4	genuine	0	4	4	4	multi	0	0.9582	0.9535	1.0000	0.7500	0.7500	1
LOC129523822	LOC129527429	DN_NC_073230.2_168783006_4	DN_NC_073242.2_121237165_4	genuine	0	4	4	4	multi	0	0.9988	1.0000	1.0000	0.7500	0.7500	1
LOC129523822	LOC129528751	DN_NC_073230.2_168783006_4	DN_NC_073244.2_70818649_5	genuine	0	4	5	4	multi	0	0.3508	0.5835	0.7500	0.6000	0.6000	1
LOC129523822	LOC129531751	DN_NC_073230.2_168783006_4	DN_NC_073236.2_140400059_5	genuine	0	4	5	4	multi	0	0.3508	0.5740	0.7500	0.6000	0.6000	1
LOC129523822	LOC129532625	DN_NC_073230.2_168783006_4	DN_NC_086017.1_211655827_5	genuine	0	4	5	4	multi	0	0.3508	0.6193	0.7500	0.6000	0.6000	1
LOC129523822	LOC129532709	DN_NC_073230.2_168783006_4	DN_NC_086017.1_9337960_4	genuine	0	4	4	4	multi	0	0.7403	0.9988	1.0000	1.0000	1.0000	1
LOC129523822	LOC129532808	DN_NC_073227.2_211080863_4	DN_NC_073230.2_168783006_4	genuine	0	4	4	4	multi	0	0.9964	0.9976	0.7500	1.0000	0.7500	1
LOC129523822	LOC129533287	DN_NC_073227.2_8155721_4	DN_NC_073230.2_168783006_4	genuine	0	4	4	4	multi	0	0.9988	1.0000	0.7500	1.0000	0.7500	1
LOC129523822	LOC129534552	DN_NC_073229.2_195378107_3	DN_NC_073230.2_168783006_4	genuine	0	3	4	3	multi	0	0.3508	0.5716	0.6667	0.7500	0.6667	1
LOC129523822	LOC134756415	DN_NC_073230.2_168783006_4	DN_NC_073241.2_110003031_5	genuine	0	4	5	4	multi	0	0.3508	0.5859	0.7500	0.6000	0.6000	1
LOC129523822	LOC134757299	DN_NC_073230.2_168783006_4	DN_NC_073240.2_103747497_4	genuine	0	4	4	4	multi	0	0.9737	0.9737	1.0000	0.7500	0.7500	1
LOC129523822	LOC134759133	DN_NC_073230.2_168783006_4	DN_NC_073231.2_150902261_3	genuine	0	4	3	3	multi	0	0.5716	0.5752	0.7500	0.6667	0.6667	1
LOC129523822	NDUFA8	DN_NC_073230.2_168783006_4	DN_NC_073237.2_118498911_4	genuine	0	4	4	4	multi	0	0.7303	1.0012	1.0000	0.7500	0.7500	1
LOC129523854	YAE1	DN_NC_073230.2_47037104_3	DN_NC_073230.2_51605178_3	genuine	0	3	3	3	multi	0	0.2482	1.0436	0.6667	0.6667	0.6667	3
LOC129524028	SLC35F5	DN_NC_073231.2_151095996_10	DN_NC_073235.2_15191747_16	TP	1	10	16	10	multi	0	0.3011	0.6778	0.9000	0.5000	0.5000	4
LOC129524439	SLC38A6	DN_NC_073237.2_90033004_3	DN_NC_073239.2_77917590_16	genuine	0	3	16	3	multi	0	0.1390	0.0000	0.0000	0.0000	0.0000	3
LOC129524676	LOC129526479	DN_NC_073237.2_22957046_5	DN_NC_073238.2_29552503_8	genuine	0	5	8	5	multi	0	0.2213	0.2184	0.8000	0.6250	0.6250	0
LOC129524676	LOC134756761	DN_NC_073236.2_30994185_5	DN_NC_073237.2_22957046_5	genuine	0	5	5	5	multi	0	0.4405	1.0029	1.0000	1.0000	1.0000	0
LOC129524788	SLC37A2	DN_NC_073224.2_150835184_3	DN_NC_073233.2_132992860_18	genuine	0	3	18	3	multi	0	0.1629	0.3003	0.3333	0.0000	0.0000	3
LOC129525008	TIMM23B	DN_NC_073232.2_65905862_9	DN_NC_073232.2_69473322_8	TP	1	9	8	8	multi	0	0.1570	0.6588	0.1111	0.1250	0.1111	0
LOC129525064	LOC129525175	DN_NC_073232.2_146269317_5	DN_NC_073232.2_8583099_4	genuine	0	5	4	4	multi	0	0.1349	0.2236	0.6000	0.7500	0.6000	1
LOC129525064	LOC129527285	DN_NC_073232.2_8583099_4	DN_NC_073239.2_124648897_4	genuine	0	4	4	4	multi	0	0.4278	1.0004	1.0000	1.0000	1.0000	1
LOC129525064	LOC129527429	DN_NC_073232.2_8583099_4	DN_NC_073242.2_121237165_4	genuine	0	4	4	4	multi	0	0.4707	1.0002	1.0000	1.0000	1.0000	1
LOC129525064	LOC129528751	DN_NC_073232.2_8583099_4	DN_NC_073244.2_70818649_5	genuine	0	4	5	4	multi	0	0.1352	0.2219	0.7500	0.6000	0.6000	1
LOC129525064	LOC129531751	DN_NC_073232.2_8583099_4	DN_NC_073236.2_140400059_5	genuine	0	4	5	4	multi	0	0.1366	0.2204	0.7500	0.6000	0.6000	1
LOC129525064	LOC129532625	DN_NC_073232.2_8583099_4	DN_NC_086017.1_211655827_5	genuine	0	4	5	4	multi	0	0.1338	0.2253	0.7500	0.6000	0.6000	1
LOC129525064	LOC129532709	DN_NC_073232.2_8583099_4	DN_NC_086017.1_9337960_4	genuine	0	4	4	4	multi	0	0.7391	0.9903	0.7500	1.0000	0.7500	1
LOC129525064	LOC129532808	DN_NC_073227.2_211080863_4	DN_NC_073232.2_8583099_4	genuine	0	4	4	4	multi	0	0.4300	0.9996	1.0000	1.0000	1.0000	1
LOC129525064	LOC129533287	DN_NC_073227.2_8155721_4	DN_NC_073232.2_8583099_4	genuine	0	4	4	4	multi	0	0.4300	0.9996	1.0000	1.0000	1.0000	1
LOC129525064	LOC134756415	DN_NC_073232.2_8583099_4	DN_NC_073241.2_110003031_5	genuine	0	4	5	4	multi	0	0.1358	0.2233	0.7500	0.6000	0.6000	1
LOC129525064	LOC134757299	DN_NC_073232.2_8583099_4	DN_NC_073240.2_103747497_4	genuine	0	4	4	4	multi	0	0.4294	1.0002	1.0000	1.0000	1.0000	1
LOC129525064	LOC134759133	DN_NC_073231.2_150902261_3	DN_NC_073232.2_8583099_4	genuine	0	3	4	3	multi	0	0.2123	0.2114	0.6667	0.7500	0.6667	1
LOC129525064	NDUFA8	DN_NC_073232.2_8583099_4	DN_NC_073237.2_118498911_4	genuine	0	4	4	4	multi	0	0.3254	0.9966	1.0000	1.0000	1.0000	1
LOC129525165	SLC35F6	DN_NC_073232.2_145623155_3	DN_NC_073236.2_113129170_6	genuine	0	2	6	2	multi	0	0.1542	0.0000	0.0000	0.0000	0.0000	1
LOC129525175	LOC129527285	DN_NC_073232.2_146269317_5	DN_NC_073239.2_124648897_4	genuine	0	5	4	4	multi	0	0.1349	0.2205	0.6000	0.7500	0.6000	1
LOC129525175	LOC129527429	DN_NC_073232.2_146269317_5	DN_NC_073242.2_121237165_4	genuine	0	5	4	4	multi	0	0.1349	0.2236	0.6000	0.7500	0.6000	1
LOC129525175	LOC129528751	DN_NC_073232.2_146269317_5	DN_NC_073244.2_70818649_5	genuine	0	5	5	5	multi	0	1.0000	1.0000	1.0000	1.0000	1.0000	1
LOC129525175	LOC129531751	DN_NC_073232.2_146269317_5	DN_NC_073236.2_140400059_5	genuine	0	5	5	5	multi	0	0.7511	1.0064	1.0000	1.0000	1.0000	1
LOC129525175	LOC129532625	DN_NC_073232.2_146269317_5	DN_NC_086017.1_211655827_5	genuine	0	5	5	5	multi	0	0.7478	0.9982	1.0000	1.0000	1.0000	1
LOC129525175	LOC129532709	DN_NC_073232.2_146269317_5	DN_NC_086017.1_9337960_4	genuine	0	5	4	4	multi	0	0.5954	0.5966	0.6000	0.7500	0.6000	1
LOC129525175	LOC129532808	DN_NC_073227.2_211080863_4	DN_NC_073232.2_146269317_5	genuine	0	4	5	4	multi	0	0.1349	0.2236	0.7500	0.6000	0.6000	1
LOC129525175	LOC129533287	DN_NC_073227.2_8155721_4	DN_NC_073232.2_146269317_5	genuine	0	4	5	4	multi	0	0.1349	0.2236	0.7500	0.6000	0.6000	1
LOC129525175	LOC129534552	DN_NC_073229.2_195378107_3	DN_NC_073232.2_146269317_5	genuine	0	3	5	3	multi	0	0.2187	0.2159	0.6667	0.6000	0.6000	1
LOC129525175	LOC134756415	DN_NC_073232.2_146269317_5	DN_NC_073241.2_110003031_5	genuine	0	5	5	5	multi	0	0.3833	1.0050	1.0000	1.0000	1.0000	1
LOC129525175	LOC134757299	DN_NC_073232.2_146269317_5	DN_NC_073240.2_103747497_4	genuine	0	5	4	4	multi	0	0.1349	0.2236	0.6000	0.7500	0.6000	1
LOC129525175	LOC134759133	DN_NC_073231.2_150902261_3	DN_NC_073232.2_146269317_5	genuine	0	3	5	3	multi	0	0.1363	0.2177	0.6667	0.6000	0.6000	1
LOC129525175	NDUFA8	DN_NC_073232.2_146269317_5	DN_NC_073237.2_118498911_4	genuine	0	5	4	4	multi	0	0.2250	0.2218	0.6000	0.7500	0.6000	1
LOC129525330	LOC129525331	DN_NC_073224.2_125055626_35	DN_NC_073224.2_125594338_29	truthbar	0	35	29	29	multi	0	0.8728	1.0000	0.9714	1.0000	0.9714	1
LOC129525330	LOC129525599	DN_NC_073224.2_116807774_25	DN_NC_073224.2_125594338_29	TP	1	25	29	25	multi	0	0.3123	0.7810	0.9600	1.0000	0.9600	1
LOC129525330	LOC134756861	DN_NC_073224.2_117494263_25	DN_NC_073224.2_125594338_29	TP	1	25	29	25	multi	0	0.3123	0.7810	0.7200	1.0000	0.7200	1
LOC129525331	LOC129525599	DN_NC_073224.2_116807774_25	DN_NC_073224.2_125055626_35	TP	1	25	35	25	multi	0	0.8345	1.0036	1.0000	1.0000	1.0000	1
LOC129525331	LOC134756861	DN_NC_073224.2_117494263_25	DN_NC_073224.2_125055626_35	TP	1	25	35	25	multi	0	0.8345	1.0036	1.0000	1.0000	1.0000	1
LOC129525599	LOC134756861	DN_NC_073224.2_116807774_25	DN_NC_073224.2_117494263_25	TP	1	25	25	25	multi	0	1.0000	1.0000	1.0000	1.0000	1.0000	1
LOC129525654	RPL7	DN_NC_073231.2_47085106_7	DN_NC_073234.2_95346893_3	TP	1	7	3	3	multi	0	0.2939	0.3249	0.7143	0.0000	0.0000	3
LOC129525965	LOC129532059	DN_NC_073234.2_106852963_2	DN_NC_073235.2_38606855_2	genuine	0	2	2	2	multi	0	0.1321	0.0000	0.0000	0.0000	0.0000	3
LOC129525965	LOC129532348	DN_NC_073234.2_106852963_2	DN_NC_086017.1_93233442_3	genuine	0	2	3	2	multi	0	0.1354	0.0000	0.0000	0.0000	0.0000	3
LOC129525965	PASD1	DN_NC_073234.2_106852963_2	DN_NC_073247.2_163244071_16	genuine	0	2	16	2	multi	0	0.1302	0.0000	0.0000	0.0000	0.0000	3
LOC129525965	RTP4	DN_NC_073234.2_106852963_2	DN_NC_086017.1_198455801_2	genuine	0	2	2	2	multi	0	0.1311	0.0000	0.0000	0.0000	0.0000	3
LOC129526088	LOC129527203	DN_NC_073238.2_32460857_5	DN_NC_073238.2_33291944_6	genuine	0	5	6	5	multi	0	0.7027	0.7027	0.2000	0.0000	0.0000	1
LOC129526123	LOC129532145	DN_NC_073235.2_91038771_5	DN_NC_073238.2_125561692_4	genuine	0	5	4	4	multi	0	0.1594	0.0000	0.0000	0.0000	0.0000	1
LOC129526123	LOC129532854	DN_NC_073227.2_109806788_5	DN_NC_073238.2_125561692_4	genuine	0	5	4	4	multi	0	0.1550	0.0000	0.0000	0.0000	0.0000	1
LOC129526138	LOC129527231	DN_NC_073238.2_32266743_7	DN_NC_073238.2_33425477_7	genuine	0	7	8	7	multi	0	0.9969	1.0321	1.0000	1.0000	1.0000	1
LOC129526385	LOC129526398	DN_NC_073238.2_22875925_6	DN_NC_073238.2_24580375_8	TP	1	6	8	6	multi	0	0.5078	0.7023	1.0000	0.7500	0.7500	3
LOC129526385	LOC129526957	DN_NC_073236.2_21263952_7	DN_NC_073238.2_22875925_6	TP	1	7	6	6	multi	0	0.8082	1.0360	0.8571	1.0000	0.8571	3
LOC129526385	LOC134757216	DN_NC_073238.2_22875925_6	DN_NC_073240.2_14396114_6	TP	1	6	6	6	multi	0	0.7700	0.9965	1.0000	1.0000	1.0000	3
LOC129526389	LOC129530227	DN_NC_073238.2_23392840_7	DN_NC_073248.2_45277558_8	genuine	0	7	8	7	multi	0	0.6584	0.6839	0.8571	0.8750	0.8571	2
LOC129526389	LOC134756368	DN_NC_073236.2_23070420_5	DN_NC_073238.2_23392840_7	TP	1	5	7	5	multi	0	0.1553	0.3528	0.8000	0.7143	0.7143	2
LOC129526389	LOC134756753	DN_NC_073236.2_22549336_8	DN_NC_073238.2_23392840_7	TP	1	8	7	7	multi	0	0.2583	0.5369	0.1250	0.1429	0.1250	2
LOC129526389	LRPAP1	DN_NC_073227.2_12088225_8	DN_NC_073238.2_23392840_7	TP	1	8	7	7	multi	0	0.2822	0.7318	0.1250	0.1429	0.1250	2
LOC129526391	LOC129526471	DN_NC_073236.2_22701854_7	DN_NC_073236.2_25270756_7	TP	1	7	7	7	multi	0	0.5363	1.0000	1.0000	1.0000	1.0000	2
LOC129526391	LOC129531453	DN_NC_073236.2_25270756_7	DN_NC_073240.2_15970659_7	TP	1	7	7	7	multi	0	0.5327	0.9956	1.0000	1.0000	1.0000	2
LOC129526395	LOC129526550	DN_NC_073238.2_24693721_8	DN_NC_073239.2_44147073_8	TP	1	8	8	8	multi	0	0.1473	0.2557	0.8750	0.8750	0.8750	3
LOC129526395	LOC129527278	DN_NC_073236.2_21829724_2	DN_NC_073238.2_24693721_8	TP	1	2	8	2	multi	0	1.0000	1.0000	1.0000	0.2500	0.2500	3
LOC129526395	LOC129531431	DN_NC_073236.2_26203134_8	DN_NC_073238.2_24693721_8	TP	1	8	8	8	multi	0	0.1403	0.2437	0.8750	0.8750	0.8750	3
LOC129526395	LOC129532222	DN_NC_073235.2_33703802_2	DN_NC_073238.2_24693721_8	TP	1	2	8	2	multi	0	0.1451	0.4928	0.0000	0.1250	0.0000	3
LOC129526395	LOC129532224	DN_NC_073235.2_34402342_7	DN_NC_073238.2_24693721_8	genuine	0	7	8	7	multi	0	0.2409	0.5948	0.1429	0.0000	0.0000	3
LOC129526398	LOC129526957	DN_NC_073236.2_21263952_7	DN_NC_073238.2_24580375_8	TP	1	7	8	7	multi	0	0.4795	0.6878	0.8571	0.7500	0.7500	3
LOC129526398	LOC134757216	DN_NC_073238.2_24580375_8	DN_NC_073240.2_14396114_6	TP	1	8	6	6	multi	0	0.4435	0.6620	0.7500	0.8333	0.7500	3
LOC129526398	TMEM128	DN_NC_073227.2_17184793_5	DN_NC_073238.2_24580375_8	TP	1	5	8	5	multi	0	0.6070	0.6411	0.4000	0.2500	0.2500	3
LOC129526403	LOC134756951	DN_NC_073238.2_23273370_7	DN_NC_073238.2_24372581_9	genuine	0	7	9	7	multi	0	0.4683	1.0020	1.0000	0.7778	0.7778	1
LOC129526434	LOC129529583	DN_NC_073238.2_31467876_5	DN_NC_086018.1_18552717_3	genuine	0	5	3	3	multi	0	0.1600	0.2832	0.2000	0.0000	0.0000	3
LOC129526434	TUBA1C	DN_NC_073234.2_52064465_4	DN_NC_073238.2_31467876_5	truthbar	0	4	5	4	multi	0	0.7933	0.0000	0.0000	0.0000	0.0000	3
LOC129526434	TUBA3E	DN_NC_073235.2_32697745_5	DN_NC_073238.2_31467876_5	truthbar	0	5	5	5	multi	0	0.8725	0.9116	0.8000	0.8000	0.8000	3
LOC129526434	TUBA8	DN_NC_073238.2_31467876_5	DN_NC_086018.1_16134008_5	truthbar	0	5	5	5	multi	0	0.5868	0.4466	0.4000	0.4000	0.4000	3
LOC129526471	LOC129531453	DN_NC_073236.2_22701854_7	DN_NC_073240.2_15970659_7	TP	1	7	7	7	multi	0	0.5363	1.0000	1.0000	1.0000	1.0000	2
LOC129526479	LOC134756761	DN_NC_073236.2_30994185_5	DN_NC_073238.2_29552503_8	genuine	0	5	8	5	multi	0	0.2220	0.2191	0.8000	0.6250	0.6250	0
LOC129526550	LOC129530429	DN_NC_073239.2_44147073_8	DN_NC_073248.2_10847471_7	truthbar	0	8	7	7	multi	0	0.1324	0.8050	0.7500	0.8571	0.7500	3
LOC129526550	LOC129531431	DN_NC_073236.2_26203134_8	DN_NC_073239.2_44147073_8	TP	1	8	8	8	multi	0	0.3215	1.0133	1.0000	1.0000	1.0000	3
LOC129526566	LOC129531752	DN_NC_073236.2_140396809_2	DN_NC_073239.2_124645701_2	truthbar	0	2	2	2	multi	0	0.8879	1.0000	1.0000	1.0000	1.0000	3
LOC129526566	LOC129532807	DN_NC_073227.2_211100517_2	DN_NC_073239.2_124645701_2	truthbar	0	2	2	2	multi	0	0.8879	1.0000	1.0000	1.0000	1.0000	3
LOC129526566	MORN5	DN_NC_073237.2_118518303_5	DN_NC_073239.2_124645701_2	truthbar	0	5	2	2	multi	0	0.1537	0.0000	0.0000	0.0000	0.0000	3
LOC129526638	LOC134757313	DN_NC_073239.2_70164897_2	DN_NC_073240.2_44461085_2	genuine	0	2	2	2	multi	0	0.2695	0.6795	0.5000	0.0000	0.0000	4
LOC129526706	LOC134757171	DN_NC_073239.2_122577448_3	DN_NC_073239.2_122707562_3	TP	1	3	3	3	multi	0	0.7092	1.0363	1.0000	1.0000	1.0000	1
LOC129526855	LOC134758386	DN_NC_073227.2_211898132_4	DN_NC_073240.2_103158559_3	genuine	0	4	3	3	multi	0	0.7208	0.9724	0.5000	0.6667	0.5000	1
LOC129526957	LOC134757216	DN_NC_073236.2_21263952_7	DN_NC_073240.2_14396114_6	TP	1	7	6	6	multi	0	0.8798	1.0496	1.0000	1.0000	1.0000	3
LOC129527017	LOC129527071	DN_NC_073240.2_24900197_18	DN_NC_073240.2_33035459_18	TP	1	18	18	18	multi	0	0.8419	1.0000	1.0000	1.0000	1.0000	1
LOC129527017	LOC134757267	DN_NC_073240.2_33035459_18	DN_NC_073240.2_33337179_18	genuine	0	18	18	18	multi	0	1.0000	1.0000	1.0000	1.0000	1.0000	1
LOC129527053	RHPN2	DN_NC_073240.2_23219746_14	DN_NC_073244.2_44006563_15	TP	1	14	15	14	multi	0	0.2263	0.7709	0.7857	0.8667	0.7857	1
LOC129527067	PAK2	DN_NC_073240.2_24402639_2	DN_NC_086017.1_208307881_15	genuine	0	2	15	2	multi	0	0.3213	0.7453	0.5000	0.8000	0.5000	3
LOC129527071	LOC134757267	DN_NC_073240.2_24900197_18	DN_NC_073240.2_33337179_18	genuine	0	18	18	18	multi	0	0.6601	1.0003	1.0000	1.0000	1.0000	1
LOC129527096	RAB5A	DN_NC_073240.2_41396094_2	DN_NC_086017.1_29787177_6	genuine	0	2	6	2	multi	0	0.2588	0.7032	0.5000	0.0000	0.0000	3
LOC129527173	MPHOSPH8	DN_NC_073238.2_33904146_3	DN_NC_073240.2_29752710_11	genuine	0	3	11	3	multi	0	0.3330	0.4114	0.3333	0.0000	0.0000	2
LOC129527278	LOC129532222	DN_NC_073235.2_33703802_2	DN_NC_073236.2_21829724_2	TP	1	2	2	2	multi	0	0.2107	0.5469	0.0000	0.5000	0.0000	3
LOC129527278	LOC129532224	DN_NC_073235.2_34402342_7	DN_NC_073236.2_21829724_2	genuine	0	7	2	2	multi	0	0.2409	0.5923	0.1429	0.5000	0.1429	3
LOC129527285	LOC129527429	DN_NC_073239.2_124648897_4	DN_NC_073242.2_121237165_4	genuine	0	4	4	4	multi	0	0.4278	1.0004	1.0000	1.0000	1.0000	1
LOC129527285	LOC129528751	DN_NC_073239.2_124648897_4	DN_NC_073244.2_70818649_5	genuine	0	4	5	4	multi	0	0.1352	0.2210	0.7500	0.6000	0.6000	1
LOC129527285	LOC129531751	DN_NC_073236.2_140400059_5	DN_NC_073239.2_124648897_4	genuine	0	5	4	4	multi	0	0.1366	0.2204	0.6000	0.7500	0.6000	1
LOC129527285	LOC129532625	DN_NC_073239.2_124648897_4	DN_NC_086017.1_211655827_5	genuine	0	4	5	4	multi	0	0.1338	0.2186	0.7500	0.6000	0.6000	1
LOC129527285	LOC129532709	DN_NC_073239.2_124648897_4	DN_NC_086017.1_9337960_4	genuine	0	4	4	4	multi	0	0.7391	0.9722	0.7500	1.0000	0.7500	1
LOC129527285	LOC129532808	DN_NC_073227.2_211080863_4	DN_NC_073239.2_124648897_4	genuine	0	4	4	4	multi	0	0.8286	1.0002	1.0000	1.0000	1.0000	1
LOC129527285	LOC129533287	DN_NC_073227.2_8155721_4	DN_NC_073239.2_124648897_4	genuine	0	4	4	4	multi	0	0.8286	1.0002	1.0000	1.0000	1.0000	1
LOC129527285	LOC134756415	DN_NC_073239.2_124648897_4	DN_NC_073241.2_110003031_5	genuine	0	4	5	4	multi	0	0.1358	0.2220	0.7500	0.6000	0.6000	1
LOC129527285	LOC134757299	DN_NC_073239.2_124648897_4	DN_NC_073240.2_103747497_4	genuine	0	4	4	4	multi	0	0.8286	1.0000	1.0000	1.0000	1.0000	1
LOC129527285	LOC134759133	DN_NC_073231.2_150902261_3	DN_NC_073239.2_124648897_4	genuine	0	3	4	3	multi	0	0.2123	0.2114	0.6667	0.7500	0.6667	1
LOC129527285	NDUFA8	DN_NC_073237.2_118498911_4	DN_NC_073239.2_124648897_4	genuine	0	4	4	4	multi	0	0.2253	0.9930	1.0000	1.0000	1.0000	1
LOC129527429	LOC129528751	DN_NC_073242.2_121237165_4	DN_NC_073244.2_70818649_5	genuine	0	4	5	4	multi	0	0.1352	0.2219	0.7500	0.6000	0.6000	1
LOC129527429	LOC129531751	DN_NC_073236.2_140400059_5	DN_NC_073242.2_121237165_4	genuine	0	5	4	4	multi	0	0.1366	0.2204	0.6000	0.7500	0.6000	1
LOC129527429	LOC129532625	DN_NC_073242.2_121237165_4	DN_NC_086017.1_211655827_5	genuine	0	4	5	4	multi	0	0.1338	0.2329	0.7500	0.6000	0.6000	1
LOC129527429	LOC129532709	DN_NC_073242.2_121237165_4	DN_NC_086017.1_9337960_4	genuine	0	4	4	4	multi	0	0.7391	1.0000	0.7500	1.0000	0.7500	1
LOC129527429	LOC129532808	DN_NC_073227.2_211080863_4	DN_NC_073242.2_121237165_4	genuine	0	4	4	4	multi	0	0.5272	1.0002	1.0000	1.0000	1.0000	1
LOC129527429	LOC129533287	DN_NC_073227.2_8155721_4	DN_NC_073242.2_121237165_4	genuine	0	4	4	4	multi	0	0.5271	1.0007	1.0000	1.0000	1.0000	1
LOC129527429	LOC134756415	DN_NC_073241.2_110003031_5	DN_NC_073242.2_121237165_4	genuine	0	5	4	4	multi	0	0.1358	0.2233	0.6000	0.7500	0.6000	1
LOC129527429	LOC134757299	DN_NC_073240.2_103747497_4	DN_NC_073242.2_121237165_4	genuine	0	4	4	4	multi	0	0.5294	1.0002	1.0000	1.0000	1.0000	1
LOC129527429	LOC134759133	DN_NC_073231.2_150902261_3	DN_NC_073242.2_121237165_4	genuine	0	3	4	3	multi	0	0.2123	0.2114	0.6667	0.7500	0.6667	1
LOC129527429	NDUFA8	DN_NC_073237.2_118498911_4	DN_NC_073242.2_121237165_4	genuine	0	4	4	4	multi	0	0.3254	1.0011	1.0000	1.0000	1.0000	1
LOC129527512	PPP1R15A	DN_NC_073242.2_6296327_3	DN_NC_073244.2_61016337_3	genuine	0	3	3	3	multi	0	0.2169	0.6132	0.3333	0.0000	0.0000	3
LOC129527512	SURF6	DN_NC_073237.2_129707941_5	DN_NC_073242.2_6296327_3	genuine	0	5	3	3	multi	0	0.2404	0.6158	0.0000	0.3333	0.0000	3
LOC129527528	LOC129532907	DN_NC_073227.2_138626266_4	DN_NC_073242.2_7013229_2	genuine	0	4	2	2	multi	0	0.1495	0.0000	0.0000	0.0000	0.0000	1
LOC129527528	LOC134756955	DN_NC_073238.2_33197456_2	DN_NC_073242.2_7013229_2	genuine	0	2	2	2	multi	0	0.2786	0.2907	0.0000	0.0000	0.0000	1
LOC129527528	ORC4	DN_NC_073235.2_50441116_14	DN_NC_073242.2_7013229_2	genuine	0	14	2	2	multi	0	0.1472	0.2295	0.0000	0.0000	0.0000	1
LOC129527528	TCTN1	DN_NC_073234.2_126026608_4	DN_NC_073242.2_7013229_2	genuine	0	4	2	2	multi	0	0.1614	0.3699	0.0000	0.0000	0.0000	1
LOC129527586	SMG1	DN_NC_073242.2_18210354_26	DN_NC_073242.2_21122105_21	TP	1	26	21	21	multi	0	0.2820	0.8943	0.8846	0.9524	0.8846	2
LOC129527626	LOC134757427	DN_NC_073242.2_15582850_2	DN_NC_073242.2_31473281_2	TP	1	2	2	2	multi	0	0.3415	0.9882	0.5000	0.5000	0.5000	4
LOC129527626	LOC134757432	DN_NC_073242.2_30609225_2	DN_NC_073242.2_31473281_2	genuine	0	2	2	2	multi	0	0.2616	1.0017	1.0000	1.0000	1.0000	4
LOC129527626	SNX29	DN_NC_073242.2_31473413_2	DN_NC_073242.2_35192809_3	genuine	0	2	3	2	multi	0	0.1677	0.4305	0.5000	0.3333	0.3333	4
LOC129527656	LOC134758232	DN_NC_073242.2_36567597_2	DN_NC_086018.1_25932455_2	genuine	0	2	2	2	multi	0	0.2112	0.0000	0.0000	0.0000	0.0000	3
LOC129527656	PGM3	DN_NC_073229.2_107305414_13	DN_NC_073242.2_36567597_2	genuine	0	13	2	2	multi	0	0.1343	0.0000	0.0000	0.0000	0.0000	3
LOC129527774	ZNF669	DN_NC_073224.2_8329397_4	DN_NC_073242.2_74755277_3	genuine	0	4	3	3	multi	0	0.1663	0.0000	0.0000	0.0000	0.0000	4
LOC129527827	LOC129528947	DN_NC_073242.2_66613619_4	DN_NC_073244.2_27408454_4	genuine	0	4	4	4	multi	0	0.2279	0.5667	0.7500	0.5000	0.5000	4
LOC129527827	ZNF141	DN_NC_073227.2_8907801_4	DN_NC_073242.2_66613619_4	genuine	0	4	4	4	multi	0	0.1346	0.0000	0.0000	0.0000	0.0000	4
LOC129527827	ZNF254	DN_NC_073242.2_66613619_4	DN_NC_073244.2_30438340_4	genuine	0	4	4	4	multi	0	0.2278	0.0000	0.0000	0.0000	0.0000	4
LOC129527827	ZNF267	DN_NC_073242.2_37386128_4	DN_NC_073242.2_66613619_4	genuine	0	4	4	4	multi	0	0.1750	0.0000	0.0000	0.0000	0.0000	4
LOC129527827	ZNF273	DN_NC_073230.2_74299233_4	DN_NC_073242.2_66613619_4	genuine	0	4	4	4	multi	0	0.2459	0.4472	0.5000	0.5000	0.5000	4
LOC129527827	ZNF28	DN_NC_073242.2_66613619_4	DN_NC_073244.2_64759228_5	genuine	0	4	5	4	multi	0	0.1819	0.0000	0.0000	0.0000	0.0000	4
LOC129527827	ZNF347	DN_NC_073242.2_66613619_4	DN_NC_073244.2_65073171_5	genuine	0	4	5	4	multi	0	0.1681	0.0000	0.0000	0.0000	0.0000	4
LOC129527827	ZNF429	DN_NC_073242.2_66613619_4	DN_NC_073244.2_27956158_2	genuine	0	4	2	2	multi	0	0.3912	0.0000	0.0000	0.0000	0.0000	4
LOC129527827	ZNF43	DN_NC_073242.2_66613619_4	DN_NC_073244.2_28333451_4	genuine	0	4	4	4	multi	0	0.2176	0.6042	0.7500	0.7500	0.7500	4
LOC129527827	ZNF430	DN_NC_073242.2_66613619_4	DN_NC_073244.2_27504818_5	genuine	0	4	5	4	multi	0	0.2512	0.4021	0.0000	0.0000	0.0000	4
LOC129527827	ZNF486	DN_NC_073242.2_66613619_4	DN_NC_073244.2_26666712_5	genuine	0	4	5	4	multi	0	0.1538	0.0000	0.0000	0.0000	0.0000	4
LOC129527827	ZNF506	DN_NC_073242.2_66613619_4	DN_NC_073244.2_26240035_4	genuine	0	4	4	4	multi	0	0.2809	0.0000	0.0000	0.0000	0.0000	4
LOC129527827	ZNF595	DN_NC_073227.2_8633418_2	DN_NC_073242.2_66613619_4	genuine	0	2	4	2	multi	0	0.1920	0.0000	0.0000	0.0000	0.0000	4
LOC129527827	ZNF616	DN_NC_073242.2_66613619_4	DN_NC_073244.2_64081943_4	genuine	0	4	4	4	multi	0	0.1728	0.0000	0.0000	0.0000	0.0000	4
LOC129527827	ZNF626	DN_NC_073242.2_66613619_4	DN_NC_073244.2_27131194_2	genuine	0	4	2	2	multi	0	0.2697	0.0000	0.0000	0.0000	0.0000	4
LOC129527827	ZNF675	DN_NC_073242.2_66613619_4	DN_NC_073244.2_29970261_4	genuine	0	4	4	4	multi	0	0.2180	0.0000	0.0000	0.0000	0.0000	4
LOC129527827	ZNF678	DN_NC_073224.2_40627195_4	DN_NC_073242.2_66613619_4	genuine	0	4	4	4	multi	0	0.1308	0.0000	0.0000	0.0000	0.0000	4
LOC129527827	ZNF680	DN_NC_073230.2_73977205_4	DN_NC_073242.2_66613619_4	genuine	0	4	4	4	multi	0	0.1447	0.0000	0.0000	0.0000	0.0000	4
LOC129527827	ZNF681	DN_NC_073242.2_66613619_4	DN_NC_073244.2_30067652_4	genuine	0	4	4	4	multi	0	0.1787	0.4750	0.7500	0.7500	0.7500	4
LOC129527827	ZNF682	DN_NC_073242.2_66613619_4	DN_NC_073244.2_26470366_4	genuine	0	4	4	4	multi	0	0.1410	0.0000	0.0000	0.0000	0.0000	4
LOC129527827	ZNF695	DN_NC_073224.2_8422960_4	DN_NC_073242.2_66613619_4	genuine	0	4	4	4	multi	0	0.2424	0.0000	0.0000	0.0000	0.0000	4
LOC129527827	ZNF721	DN_NC_073227.2_9009888_2	DN_NC_073242.2_66613619_4	genuine	0	2	4	2	multi	0	0.2033	0.0000	0.0000	0.0000	0.0000	4
LOC129527827	ZNF723	DN_NC_073242.2_66613619_4	DN_NC_073244.2_29232445_4	genuine	0	4	4	4	multi	0	0.2073	0.7988	0.5000	1.0000	0.5000	4
LOC129527827	ZNF727	DN_NC_073230.2_73508332_4	DN_NC_073242.2_66613619_4	genuine	0	4	4	4	multi	0	0.1312	0.0000	0.0000	0.0000	0.0000	4
LOC129527827	ZNF736	DN_NC_073230.2_73776646_4	DN_NC_073242.2_66613619_4	genuine	0	4	4	4	multi	0	0.1396	0.0000	0.0000	0.0000	0.0000	4
LOC129527827	ZNF813	DN_NC_073242.2_66613619_4	DN_NC_073244.2_65398487_4	genuine	0	4	4	4	multi	0	0.1386	0.0000	0.0000	0.0000	0.0000	4
LOC129527827	ZNF83	DN_NC_073242.2_66613619_4	DN_NC_073244.2_64585864_4	genuine	0	4	4	4	multi	0	0.1591	0.0000	0.0000	0.0000	0.0000	4
LOC129527827	ZNF91	DN_NC_073242.2_66613619_4	DN_NC_073244.2_29680825_4	genuine	0	4	4	4	multi	0	0.2035	0.0000	0.0000	0.0000	0.0000	4
LOC129527827	ZNF92	DN_NC_073230.2_74637814_2	DN_NC_073242.2_66613619_4	genuine	0	2	4	2	multi	0	0.1382	0.0000	0.0000	0.0000	0.0000	4
LOC129528096	MPHOSPH8	DN_NC_073238.2_33904146_3	DN_NC_073243.2_111186227_2	genuine	0	3	2	2	multi	0	0.3572	0.4124	0.3333	0.0000	0.0000	2
LOC129528278	LOC129528791	DN_NC_073241.2_83874271_3	DN_NC_073244.2_6165323_3	genuine	0	3	3	3	multi	0	0.4540	0.7637	0.3333	0.3333	0.3333	1
LOC129528278	LOC134758719	DN_NC_073229.2_43677378_4	DN_NC_073241.2_83874271_3	genuine	0	4	3	3	multi	0	0.1670	0.6366	0.0000	0.3333	0.0000	1
LOC129528278	PLGRKT	DN_NC_073237.2_58966871_3	DN_NC_073241.2_83874271_3	genuine	0	3	3	3	multi	0	0.1994	0.0000	0.0000	0.0000	0.0000	1
LOC129528278	SSBP1	DN_NC_073230.2_150857421_7	DN_NC_073241.2_83874271_3	genuine	0	7	3	3	multi	0	0.2220	0.5591	0.0000	0.3333	0.0000	1
LOC129528486	RPL23A	DN_NC_073228.2_64369461_5	DN_NC_073244.2_6036407_2	genuine	0	5	2	2	multi	0	0.1525	0.3829	0.6000	0.0000	0.0000	1
LOC129528551	ZFAND5	DN_NC_073237.2_68560894_6	DN_NC_073244.2_54031930_2	genuine	0	6	2	2	multi	0	0.2499	0.2866	0.6667	0.0000	0.0000	3
LOC129528667	ZNF157	DN_NC_073244.2_63882905_5	DN_NC_073247.2_57761829_5	truthbar	0	5	5	5	multi	0	0.2172	0.0000	0.0000	0.0000	0.0000	0
LOC129528667	ZNF182	DN_NC_073244.2_63882905_5	DN_NC_073247.2_58372296_6	truthbar	0	5	5	5	multi	0	0.1978	0.0000	0.0000	0.0000	0.0000	0
LOC129528667	ZNF268	DN_NC_073234.2_148682020_7	DN_NC_073244.2_63882905_5	genuine	0	7	5	5	multi	0	0.3145	0.0000	0.0000	0.0000	0.0000	0
LOC129528667	ZNF300	DN_NC_073228.2_154747841_5	DN_NC_073244.2_63882905_5	truthbar	0	5	5	5	multi	0	0.2846	0.0000	0.0000	0.0000	0.0000	0
LOC129528667	ZNF484	DN_NC_073237.2_89310571_5	DN_NC_073244.2_63882905_5	truthbar	0	5	5	5	multi	0	0.1337	0.0000	0.0000	0.0000	0.0000	0
LOC129528667	ZNF487	DN_NC_073232.2_71973207_3	DN_NC_073244.2_63882905_5	truthbar	0	3	5	3	multi	0	0.2589	0.0000	0.0000	0.0000	0.0000	0
LOC129528667	ZNF567	DN_NC_073244.2_47878793_6	DN_NC_073244.2_63882905_5	truthbar	0	6	5	5	multi	0	0.2875	0.0000	0.0000	0.0000	0.0000	0
LOC129528667	ZNF577	DN_NC_073244.2_63840101_6	DN_NC_073244.2_63882905_5	truthbar	0	6	5	5	multi	0	0.1402	0.0000	0.0000	0.0000	0.0000	0
LOC129528667	ZNF585A	DN_NC_073244.2_48319142_5	DN_NC_073244.2_63882905_5	genuine	0	5	5	5	multi	0	0.1847	0.0000	0.0000	0.0000	0.0000	0
LOC129528667	ZNF585B	DN_NC_073244.2_48352926_4	DN_NC_073244.2_63882905_5	truthbar	0	4	5	4	multi	0	0.4522	0.0000	0.0000	0.0000	0.0000	0
LOC129528667	ZNF615	DN_NC_073244.2_63882905_5	DN_NC_073244.2_63961971_6	truthbar	0	5	6	5	multi	0	0.2981	0.0000	0.0000	0.0000	0.0000	0
LOC129528667	ZNF674	DN_NC_073244.2_63882905_5	DN_NC_073247.2_56899135_7	truthbar	0	5	7	5	multi	0	0.2306	0.0000	0.0000	0.0000	0.0000	0
LOC129528667	ZNF883	DN_NC_073237.2_109230975_4	DN_NC_073244.2_63882905_5	truthbar	0	4	5	4	multi	0	0.1358	0.0000	0.0000	0.0000	0.0000	0
LOC129528751	LOC129531751	DN_NC_073236.2_140400059_5	DN_NC_073244.2_70818649_5	genuine	0	5	5	5	multi	0	0.7511	1.0064	1.0000	1.0000	1.0000	1
LOC129528751	LOC129532625	DN_NC_073244.2_70818649_5	DN_NC_086017.1_211655827_5	genuine	0	5	5	5	multi	0	0.7473	1.0000	1.0000	1.0000	1.0000	1
LOC129528751	LOC129532709	DN_NC_073244.2_70818649_5	DN_NC_086017.1_9337960_4	genuine	0	5	4	4	multi	0	0.5894	0.5906	0.6000	0.7500	0.6000	1
LOC129528751	LOC129532808	DN_NC_073227.2_211080863_4	DN_NC_073244.2_70818649_5	genuine	0	4	5	4	multi	0	0.1352	0.2219	0.7500	0.6000	0.6000	1
LOC129528751	LOC129533287	DN_NC_073227.2_8155721_4	DN_NC_073244.2_70818649_5	genuine	0	4	5	4	multi	0	0.1352	0.2219	0.7500	0.6000	0.6000	1
LOC129528751	LOC129534552	DN_NC_073229.2_195378107_3	DN_NC_073244.2_70818649_5	genuine	0	3	5	3	multi	0	0.2191	0.2164	0.6667	0.6000	0.6000	1
LOC129528751	LOC134756415	DN_NC_073241.2_110003031_5	DN_NC_073244.2_70818649_5	genuine	0	5	5	5	multi	0	0.3833	1.0046	1.0000	1.0000	1.0000	1
LOC129528751	LOC134757299	DN_NC_073240.2_103747497_4	DN_NC_073244.2_70818649_5	genuine	0	4	5	4	multi	0	0.1352	0.2219	0.7500	0.6000	0.6000	1
LOC129528751	LOC134759133	DN_NC_073231.2_150902261_3	DN_NC_073244.2_70818649_5	genuine	0	3	5	3	multi	0	0.1366	0.2182	0.6667	0.6000	0.6000	1
LOC129528751	NDUFA8	DN_NC_073237.2_118498911_4	DN_NC_073244.2_70818649_5	genuine	0	4	5	4	multi	0	0.2232	0.2219	0.7500	0.6000	0.6000	1
LOC129528791	LOC134758719	DN_NC_073229.2_43677378_4	DN_NC_073244.2_6165323_3	genuine	0	4	3	3	multi	0	0.1708	0.6661	0.0000	0.3333	0.0000	1
LOC129528791	PLGRKT	DN_NC_073237.2_58966871_3	DN_NC_073244.2_6165323_3	genuine	0	3	3	3	multi	0	0.1763	0.0000	0.0000	0.0000	0.0000	1
LOC129528791	SSBP1	DN_NC_073230.2_150857421_7	DN_NC_073244.2_6165323_3	genuine	0	7	3	3	multi	0	0.2215	0.5858	0.0000	0.3333	0.0000	1
LOC129528947	ZNF141	DN_NC_073227.2_8907801_4	DN_NC_073244.2_27408454_4	genuine	0	4	4	4	multi	0	0.1404	0.0000	0.0000	0.0000	0.0000	4
LOC129528947	ZNF195	DN_NC_073233.2_9788172_5	DN_NC_073244.2_27408454_4	genuine	0	5	4	4	multi	0	0.2124	0.0000	0.0000	0.0000	0.0000	4
LOC129528947	ZNF254	DN_NC_073244.2_27408454_4	DN_NC_073244.2_30438386_2	genuine	0	4	2	2	multi	0	0.4127	0.2902	0.0000	0.0000	0.0000	4
LOC129528947	ZNF267	DN_NC_073242.2_37386128_4	DN_NC_073244.2_27408454_4	genuine	0	4	4	4	multi	0	0.1859	0.0000	0.0000	0.0000	0.0000	4
LOC129528947	ZNF273	DN_NC_073230.2_74299233_4	DN_NC_073244.2_27408454_4	genuine	0	4	4	4	multi	0	0.4028	0.5012	0.7500	0.7500	0.7500	4
LOC129528947	ZNF28	DN_NC_073244.2_27408454_4	DN_NC_073244.2_64759228_5	genuine	0	4	5	4	multi	0	0.1861	0.0000	0.0000	0.0000	0.0000	4
LOC129528947	ZNF347	DN_NC_073244.2_27408454_4	DN_NC_073244.2_65073171_5	genuine	0	4	5	4	multi	0	0.1733	0.0000	0.0000	0.0000	0.0000	4
LOC129528947	ZNF415	DN_NC_073244.2_27408454_4	DN_NC_073244.2_65046428_4	genuine	0	4	3	3	multi	0	0.3374	0.0000	0.0000	0.0000	0.0000	4
LOC129528947	ZNF429	DN_NC_073244.2_27408454_4	DN_NC_073244.2_27956158_2	genuine	0	4	2	2	multi	0	0.7124	0.7446	0.0000	0.5000	0.0000	4
LOC129528947	ZNF43	DN_NC_073244.2_27408454_4	DN_NC_073244.2_28333451_4	genuine	0	4	4	4	multi	0	0.2221	0.7643	0.7500	0.7500	0.7500	4
LOC129528947	ZNF430	DN_NC_073244.2_27408454_4	DN_NC_073244.2_27504818_5	genuine	0	4	5	4	multi	0	0.3730	0.7070	0.7500	0.6000	0.6000	4
LOC129528947	ZNF480	DN_NC_073244.2_27408454_4	DN_NC_073244.2_64265252_5	genuine	0	4	5	4	multi	0	0.1827	0.0000	0.0000	0.0000	0.0000	4
LOC129528947	ZNF486	DN_NC_073244.2_26666712_5	DN_NC_073244.2_27408454_4	genuine	0	5	4	4	multi	0	0.2707	0.4494	0.6000	0.5000	0.5000	4
LOC129528947	ZNF506	DN_NC_073244.2_26240039_2	DN_NC_073244.2_27408454_4	genuine	0	2	4	2	multi	0	0.3468	0.4937	0.0000	0.0000	0.0000	4
LOC129528947	ZNF519	DN_NC_073241.2_36126198_2	DN_NC_073244.2_27408454_4	genuine	0	2	4	2	multi	0	0.3210	0.0000	0.0000	0.0000	0.0000	4
LOC129528947	ZNF595	DN_NC_073227.2_8633418_2	DN_NC_073244.2_27408454_4	genuine	0	2	4	2	multi	0	0.4550	0.0000	0.0000	0.0000	0.0000	4
LOC129528947	ZNF611	DN_NC_073244.2_27408454_4	DN_NC_073244.2_64672255_4	genuine	0	4	4	4	multi	0	0.2242	0.0000	0.0000	0.0000	0.0000	4
LOC129528947	ZNF626	DN_NC_073244.2_27131194_2	DN_NC_073244.2_27408454_4	genuine	0	2	4	2	multi	0	0.4006	0.3420	0.0000	0.0000	0.0000	4
LOC129528947	ZNF675	DN_NC_073244.2_27408454_4	DN_NC_073244.2_29970261_4	genuine	0	4	4	4	multi	0	0.5799	0.8401	0.7500	1.0000	0.7500	4
LOC129528947	ZNF678	DN_NC_073224.2_40627195_4	DN_NC_073244.2_27408454_4	genuine	0	4	4	4	multi	0	0.3025	0.0000	0.0000	0.0000	0.0000	4
LOC129528947	ZNF680	DN_NC_073230.2_73977205_4	DN_NC_073244.2_27408454_4	genuine	0	4	4	4	multi	0	0.2786	0.4857	0.5000	0.5000	0.5000	4
LOC129528947	ZNF681	DN_NC_073244.2_27408454_4	DN_NC_073244.2_30067652_4	genuine	0	4	4	4	multi	0	0.3717	0.4745	0.5000	0.5000	0.5000	4
LOC129528947	ZNF682	DN_NC_073244.2_26470366_4	DN_NC_073244.2_27408454_4	genuine	0	4	4	4	multi	0	0.3901	0.0000	0.0000	0.0000	0.0000	4
LOC129528947	ZNF695	DN_NC_073224.2_8422960_4	DN_NC_073244.2_27408454_4	genuine	0	4	4	4	multi	0	0.2820	0.0000	0.0000	0.0000	0.0000	4
LOC129528947	ZNF721	DN_NC_073227.2_9009888_2	DN_NC_073244.2_27408454_4	genuine	0	2	4	2	multi	0	0.3158	0.0000	0.0000	0.0000	0.0000	4
LOC129528947	ZNF723	DN_NC_073244.2_27408454_4	DN_NC_073244.2_29232445_4	genuine	0	4	4	4	multi	0	0.4758	0.6546	0.5000	1.0000	0.5000	4
LOC129528947	ZNF727	DN_NC_073230.2_73508332_4	DN_NC_073244.2_27408454_4	genuine	0	4	4	4	multi	0	0.2279	0.0000	0.0000	0.0000	0.0000	4
LOC129528947	ZNF736	DN_NC_073230.2_73776646_4	DN_NC_073244.2_27408454_4	genuine	0	4	4	4	multi	0	0.3078	0.0000	0.0000	0.0000	0.0000	4
LOC129528947	ZNF766	DN_NC_073244.2_27408454_4	DN_NC_073244.2_64231369_4	genuine	0	4	4	4	multi	0	0.2754	0.0000	0.0000	0.0000	0.0000	4
LOC129528947	ZNF813	DN_NC_073244.2_27408454_4	DN_NC_073244.2_65398487_4	genuine	0	4	4	4	multi	0	0.3203	0.0000	0.0000	0.0000	0.0000	4
LOC129528947	ZNF83	DN_NC_073244.2_27408454_4	DN_NC_073244.2_64585864_4	genuine	0	4	4	4	multi	0	0.2187	0.0000	0.0000	0.0000	0.0000	4
LOC129528947	ZNF836	DN_NC_073244.2_27408454_4	DN_NC_073244.2_64125568_5	genuine	0	4	5	4	multi	0	0.3171	0.0000	0.0000	0.0000	0.0000	4
LOC129528947	ZNF888	DN_NC_073244.2_27408454_4	DN_NC_073244.2_64860608_4	genuine	0	4	4	4	multi	0	0.2036	0.0000	0.0000	0.0000	0.0000	4
LOC129528947	ZNF91	DN_NC_073244.2_27408454_4	DN_NC_073244.2_29680825_2	genuine	0	4	2	2	multi	0	0.3490	0.3829	0.0000	0.5000	0.0000	4
LOC129528947	ZNF92	DN_NC_073230.2_74637814_2	DN_NC_073244.2_27408454_4	genuine	0	2	4	2	multi	0	0.2397	0.6985	0.5000	0.2500	0.2500	4
LOC129529082	NAP1L3	DN_NC_073245.2_35160176_6	DN_NC_073247.2_105439613_2	genuine	0	6	2	2	multi	0	0.1661	0.1615	0.0000	0.0000	0.0000	1
LOC129529082	NDUFAF2	DN_NC_073243.2_49045190_4	DN_NC_073245.2_35160176_6	genuine	0	4	6	4	multi	0	0.2105	0.2073	0.0000	0.0000	0.0000	1
LOC129529082	SLC11A2	DN_NC_073234.2_50306180_17	DN_NC_073245.2_35160176_6	genuine	0	17	6	6	multi	0	0.1312	0.0000	0.0000	0.0000	0.0000	1
LOC129529083	LOC134757821	DN_NC_073245.2_35742393_2	DN_NC_073245.2_35910982_4	genuine	0	2	4	2	multi	0	0.2220	0.8579	0.5000	0.2500	0.2500	2
LOC129529084	SEPTIN14	DN_NC_073230.2_63974160_10	DN_NC_073245.2_35625538_4	genuine	0	10	4	4	multi	0	0.1377	0.0000	0.0000	0.0000	0.0000	3
LOC129529112	LOC129529113	DN_NC_073245.2_68791722_2	DN_NC_073245.2_68800206_2	TP	1	2	2	2	multi	0	1.0000	1.0000	1.0000	1.0000	1.0000	1
LOC129529226	LOC129531982	DN_NC_073224.2_15670210_25	DN_NC_073224.2_29070818_24	TP	1	25	24	24	multi	0	0.5741	1.1616	1.0000	1.0000	1.0000	4
LOC129529226	LOC134756437	DN_NC_073224.2_15670210_25	DN_NC_073224.2_19235747_8	genuine	0	25	8	8	multi	0	0.4912	0.4932	0.2400	0.7500	0.2400	4
LOC129529226	LOC134758712	DN_NC_073224.2_15670210_25	DN_NC_073224.2_15783681_8	genuine	0	25	8	8	multi	0	0.4912	0.4932	0.2400	0.7500	0.2400	4
LOC129529226	LOC134758754	DN_NC_073224.2_15670210_25	DN_NC_073224.2_19344252_8	genuine	0	25	8	8	multi	0	0.5024	0.5045	0.2400	0.7500	0.2400	4
LOC129529456	NCAPH2	DN_NC_086018.1_48564680_20	DN_NC_086018.1_48579325_2	TP	1	20	2	2	multi	0	0.8247	0.8247	0.0500	0.5000	0.0500	2
LOC129529583	TUBA3E	DN_NC_073235.2_32697745_5	DN_NC_086018.1_18552717_3	genuine	0	5	3	3	multi	0	0.2330	0.4318	0.2000	0.0000	0.0000	3
LOC129529583	TUBA8	DN_NC_086018.1_16134008_5	DN_NC_086018.1_18552717_3	genuine	0	5	3	3	multi	0	0.1810	0.0000	0.0000	0.0000	0.0000	3
LOC129529591	ZNF74	DN_NC_086018.1_17871480_5	DN_NC_086018.1_18821463_5	genuine	0	5	5	5	multi	0	0.2451	0.2438	0.8000	0.8000	0.8000	1
LOC129529684	TMEM230	DN_NC_073245.2_15006691_4	DN_NC_073247.2_119718095_2	genuine	0	4	2	2	multi	0	0.1351	0.0000	0.0000	0.0000	0.0000	1
LOC129529765	LOC129529767	DN_NC_073247.2_59696701_5	DN_NC_073247.2_59706220_5	TP	1	5	5	5	multi	0	0.9994	1.0000	1.0000	1.0000	1.0000	0
LOC129529765	LOC129529768	DN_NC_073247.2_59696701_5	DN_NC_073247.2_59715729_5	TP	1	5	5	5	multi	0	1.0000	1.0000	1.0000	1.0000	1.0000	0
LOC129529765	LOC129529769	DN_NC_073247.2_59696701_5	DN_NC_073247.2_59725264_5	TP	1	5	5	5	multi	0	0.9266	0.9858	1.0000	1.0000	1.0000	0
LOC129529765	LOC129529771	DN_NC_073247.2_59696701_5	DN_NC_073247.2_59744368_5	TP	1	5	5	5	multi	0	1.0000	1.0000	0.8000	1.0000	0.8000	0
LOC129529765	LOC129529774	DN_NC_073247.2_59696701_5	DN_NC_073247.2_59772963_5	TP	1	5	5	5	multi	0	0.9993	1.0000	1.0000	1.0000	1.0000	0
LOC129529765	LOC129529775	DN_NC_073247.2_59696701_5	DN_NC_073247.2_59782481_5	TP	1	5	5	5	multi	0	0.9827	0.9845	0.8000	1.0000	0.8000	0
LOC129529765	LOC129529807	DN_NC_073247.2_59696701_5	DN_NC_073247.2_59792068_6	TP	1	5	6	5	multi	0	0.2562	0.2514	0.8000	0.6667	0.6667	0
LOC129529765	PAGE1	DN_NC_073247.2_59696701_5	DN_NC_073247.2_59878462_6	truthbar	0	5	6	5	multi	0	0.3262	0.0000	0.0000	0.0000	0.0000	0
LOC129529767	LOC129529768	DN_NC_073247.2_59706220_5	DN_NC_073247.2_59715729_5	TP	1	5	5	5	multi	0	1.0000	1.0000	1.0000	1.0000	1.0000	0
LOC129529767	LOC129529769	DN_NC_073247.2_59706220_5	DN_NC_073247.2_59725264_5	TP	1	5	5	5	multi	0	0.9292	0.9884	1.0000	1.0000	1.0000	0
LOC129529767	LOC129529771	DN_NC_073247.2_59706220_5	DN_NC_073247.2_59744368_5	TP	1	5	5	5	multi	0	1.0000	1.0000	0.8000	1.0000	0.8000	0
LOC129529767	LOC129529774	DN_NC_073247.2_59706220_5	DN_NC_073247.2_59772963_5	TP	1	5	5	5	multi	0	0.9987	1.0000	1.0000	1.0000	1.0000	0
LOC129529767	LOC129529775	DN_NC_073247.2_59706220_5	DN_NC_073247.2_59782481_5	TP	1	5	5	5	multi	0	0.9896	0.9914	0.8000	1.0000	0.8000	0
LOC129529767	LOC129529807	DN_NC_073247.2_59706220_5	DN_NC_073247.2_59792068_6	TP	1	5	6	5	multi	0	0.2046	0.2008	0.8000	0.6667	0.6667	0
LOC129529767	PAGE1	DN_NC_073247.2_59706220_5	DN_NC_073247.2_59878462_6	truthbar	0	5	6	5	multi	0	0.3262	0.0000	0.0000	0.0000	0.0000	0
LOC129529768	LOC129529769	DN_NC_073247.2_59715729_5	DN_NC_073247.2_59725264_5	TP	1	5	5	5	multi	0	0.9408	1.0000	1.0000	1.0000	1.0000	0
LOC129529768	LOC129529771	DN_NC_073247.2_59715729_5	DN_NC_073247.2_59744368_5	TP	1	5	5	5	multi	0	1.0000	1.0000	0.8000	1.0000	0.8000	0
LOC129529768	LOC129529774	DN_NC_073247.2_59715729_5	DN_NC_073247.2_59772963_5	TP	1	5	5	5	multi	0	1.0000	1.0000	1.0000	1.0000	1.0000	0
LOC129529768	LOC129529775	DN_NC_073247.2_59715729_5	DN_NC_073247.2_59782481_5	TP	1	5	5	5	multi	0	1.0000	1.0000	0.8000	1.0000	0.8000	0
LOC129529768	LOC129529807	DN_NC_073247.2_59715729_5	DN_NC_073247.2_59792068_6	TP	1	5	6	5	multi	0	0.2022	0.1984	0.8000	0.6667	0.6667	0
LOC129529768	PAGE1	DN_NC_073247.2_59715729_5	DN_NC_073247.2_59878462_6	truthbar	0	5	6	5	multi	0	0.3262	0.0000	0.0000	0.0000	0.0000	0
LOC129529769	LOC129529771	DN_NC_073247.2_59725264_5	DN_NC_073247.2_59744368_5	TP	1	5	5	5	multi	0	0.9982	1.0000	0.8000	1.0000	0.8000	0
LOC129529769	LOC129529774	DN_NC_073247.2_59725264_5	DN_NC_073247.2_59772963_5	TP	1	5	5	5	multi	0	0.9352	0.9954	1.0000	1.0000	1.0000	0
LOC129529769	LOC129529775	DN_NC_073247.2_59725264_5	DN_NC_073247.2_59782481_5	TP	1	5	5	5	multi	0	1.0000	1.0000	0.8000	1.0000	0.8000	0
LOC129529769	LOC129529807	DN_NC_073247.2_59725264_5	DN_NC_073247.2_59792068_6	TP	1	5	6	5	multi	0	0.2743	0.2692	0.8000	0.6667	0.6667	0
LOC129529769	PAGE1	DN_NC_073247.2_59725264_5	DN_NC_073247.2_59878462_6	truthbar	0	5	6	5	multi	0	0.3262	0.0000	0.0000	0.0000	0.0000	0
LOC129529771	LOC129529774	DN_NC_073247.2_59744368_5	DN_NC_073247.2_59772963_5	TP	1	5	5	5	multi	0	1.0000	1.0000	1.0000	0.8000	0.8000	0
LOC129529771	LOC129529775	DN_NC_073247.2_59744368_5	DN_NC_073247.2_59782481_5	TP	1	5	5	5	multi	0	1.0000	1.0000	1.0000	1.0000	1.0000	0
LOC129529771	LOC129529807	DN_NC_073247.2_59744368_5	DN_NC_073247.2_59792068_6	TP	1	5	6	5	multi	0	0.7698	0.7698	0.8000	0.6667	0.6667	0
LOC129529771	PAGE1	DN_NC_073247.2_59744368_5	DN_NC_073247.2_59878462_6	truthbar	0	5	6	5	multi	0	0.4530	0.0000	0.0000	0.0000	0.0000	0
LOC129529774	LOC129529775	DN_NC_073247.2_59772963_5	DN_NC_073247.2_59782481_5	TP	1	5	5	5	multi	0	0.9637	0.9655	0.8000	1.0000	0.8000	0
LOC129529774	LOC129529807	DN_NC_073247.2_59772963_5	DN_NC_073247.2_59792068_6	TP	1	5	6	5	multi	0	0.2790	0.2737	0.8000	0.6667	0.6667	0
LOC129529774	PAGE1	DN_NC_073247.2_59772963_5	DN_NC_073247.2_59878462_6	truthbar	0	5	6	5	multi	0	0.3262	0.0000	0.0000	0.0000	0.0000	0
LOC129529775	LOC129529807	DN_NC_073247.2_59782481_5	DN_NC_073247.2_59792068_6	TP	1	5	6	5	multi	0	0.7219	0.7219	0.8000	0.6667	0.6667	0
LOC129529775	PAGE1	DN_NC_073247.2_59782481_5	DN_NC_073247.2_59878462_6	truthbar	0	5	6	5	multi	0	0.4249	0.0000	0.0000	0.0000	0.0000	0
LOC129529790	LOC129530333	DN_NC_073247.2_17003459_2	DN_NC_073248.2_30080680_2	genuine	0	2	2	2	multi	0	0.4161	1.1267	1.0000	1.0000	1.0000	4
LOC129529807	PAGE1	DN_NC_073247.2_59792068_6	DN_NC_073247.2_59878462_6	truthbar	0	6	6	6	multi	0	0.3308	0.0000	0.0000	0.0000	0.0000	0
LOC129529929	LOC129529976	DN_NC_073247.2_161556098_3	DN_NC_073247.2_164381237_2	truthbar	0	3	2	2	multi	0	0.3862	0.0000	0.0000	0.0000	0.0000	4
LOC129529929	LOC129529978	DN_NC_073247.2_161556098_3	DN_NC_073247.2_164397061_3	truthbar	0	3	3	3	multi	0	0.3679	0.0000	0.0000	0.0000	0.0000	4
LOC129529929	LOC129529983	DN_NC_073247.2_161556098_3	DN_NC_073247.2_164426194_3	truthbar	0	3	3	3	multi	0	0.3679	0.0000	0.0000	0.0000	0.0000	4
LOC129529929	LOC129529986	DN_NC_073247.2_161556098_3	DN_NC_073247.2_164442447_2	truthbar	0	3	2	2	multi	0	0.3759	0.0000	0.0000	0.0000	0.0000	4
LOC129529929	LOC129530018	DN_NC_073247.2_161251228_4	DN_NC_073247.2_161556098_3	truthbar	0	4	3	3	multi	0	0.4608	0.0000	0.0000	0.0000	0.0000	4
LOC129529929	MAGEA1	DN_NC_073247.2_161556098_3	DN_NC_073247.2_164861277_3	truthbar	0	3	3	3	multi	0	0.3593	0.0000	0.0000	0.0000	0.0000	4
LOC129529929	MAGEA12	DN_NC_073247.2_161556098_3	DN_NC_073247.2_164407411_3	truthbar	0	3	3	3	multi	0	0.3720	0.0000	0.0000	0.0000	0.0000	4
LOC129529929	MAGEA4	DN_NC_073247.2_161556098_3	DN_NC_073247.2_163590486_3	truthbar	0	3	3	3	multi	0	0.2099	0.0000	0.0000	0.0000	0.0000	4
LOC129529929	MAGEA9	DN_NC_073247.2_161458538_3	DN_NC_073247.2_161556098_3	truthbar	0	3	3	3	multi	0	0.4608	0.0000	0.0000	0.0000	0.0000	4
LOC129529976	LOC129529978	DN_NC_073247.2_164381237_2	DN_NC_073247.2_164397061_3	TP	1	2	3	2	multi	0	0.7150	0.9455	0.5000	0.3333	0.3333	4
LOC129529976	LOC129529983	DN_NC_073247.2_164381237_2	DN_NC_073247.2_164426194_3	TP	1	2	3	2	multi	0	0.7150	0.9455	0.5000	0.3333	0.3333	4
LOC129529976	LOC129529986	DN_NC_073247.2_164381222_3	DN_NC_073247.2_164442447_3	TP	1	3	3	3	multi	0	1.0000	1.0000	1.0000	1.0000	1.0000	4
LOC129529976	LOC129530018	DN_NC_073247.2_161251228_4	DN_NC_073247.2_164381237_2	truthbar	0	4	2	2	multi	0	0.4132	0.0000	0.0000	0.0000	0.0000	4
LOC129529976	MAGEA1	DN_NC_073247.2_164381237_2	DN_NC_073247.2_164861277_3	truthbar	0	2	3	2	multi	0	0.4826	0.9611	0.5000	0.3333	0.3333	4
LOC129529976	MAGEA12	DN_NC_073247.2_164381237_2	DN_NC_073247.2_164405406_2	TP	1	2	2	2	multi	0	0.7036	0.9359	0.5000	0.0000	0.0000	4
LOC129529976	MAGEA4	DN_NC_073247.2_163590486_3	DN_NC_073247.2_164381237_2	truthbar	0	3	2	2	multi	0	0.2737	0.0000	0.0000	0.0000	0.0000	4
LOC129529976	MAGEA9	DN_NC_073247.2_161458538_3	DN_NC_073247.2_164381237_2	truthbar	0	3	2	2	multi	0	0.4132	0.0000	0.0000	0.0000	0.0000	4
LOC129529978	LOC129529983	DN_NC_073247.2_164397061_3	DN_NC_073247.2_164426194_3	TP	1	3	3	3	multi	0	1.0000	1.0000	1.0000	1.0000	1.0000	4
LOC129529978	LOC129529986	DN_NC_073247.2_164397061_3	DN_NC_073247.2_164442447_3	TP	1	3	3	3	multi	0	0.7033	1.0098	1.0000	1.0000	1.0000	4
LOC129529978	LOC129530018	DN_NC_073247.2_161251228_4	DN_NC_073247.2_164397061_3	truthbar	0	4	3	3	multi	0	0.3962	0.0000	0.0000	0.0000	0.0000	4
LOC129529978	MAGEA1	DN_NC_073247.2_164397061_3	DN_NC_073247.2_164861277_3	truthbar	0	3	3	3	multi	0	0.4641	0.8838	0.3333	0.3333	0.3333	4
LOC129529978	MAGEA12	DN_NC_073247.2_164397061_3	DN_NC_073247.2_164405406_2	TP	1	3	2	2	multi	0	0.7936	0.9580	1.0000	0.5000	0.5000	4
LOC129529978	MAGEA4	DN_NC_073247.2_163590486_3	DN_NC_073247.2_164397061_3	truthbar	0	3	3	3	multi	0	0.2622	0.9229	0.3333	0.3333	0.3333	4
LOC129529978	MAGEA9	DN_NC_073247.2_161458538_3	DN_NC_073247.2_164397061_3	truthbar	0	3	3	3	multi	0	0.3962	0.0000	0.0000	0.0000	0.0000	4
LOC129529983	LOC129529986	DN_NC_073247.2_164426194_3	DN_NC_073247.2_164442447_3	TP	1	3	3	3	multi	0	0.7033	1.0098	1.0000	1.0000	1.0000	4
LOC129529983	LOC129530018	DN_NC_073247.2_161251228_4	DN_NC_073247.2_164426194_3	truthbar	0	4	3	3	multi	0	0.3962	0.0000	0.0000	0.0000	0.0000	4
LOC129529983	MAGEA1	DN_NC_073247.2_164426194_3	DN_NC_073247.2_164861277_3	truthbar	0	3	3	3	multi	0	0.4641	0.8838	0.3333	0.3333	0.3333	4
LOC129529983	MAGEA12	DN_NC_073247.2_164405406_2	DN_NC_073247.2_164426194_3	TP	1	2	3	2	multi	0	0.7936	0.9580	0.5000	1.0000	0.5000	4
LOC129529983	MAGEA4	DN_NC_073247.2_163590486_3	DN_NC_073247.2_164426194_3	truthbar	0	3	3	3	multi	0	0.2622	0.9229	0.3333	0.3333	0.3333	4
LOC129529983	MAGEA9	DN_NC_073247.2_161458538_3	DN_NC_073247.2_164426194_3	truthbar	0	3	3	3	multi	0	0.3962	0.0000	0.0000	0.0000	0.0000	4
LOC129529986	LOC129530018	DN_NC_073247.2_161251228_4	DN_NC_073247.2_164442447_2	truthbar	0	4	2	2	multi	0	0.4021	0.0000	0.0000	0.0000	0.0000	4
LOC129529986	MAGEA1	DN_NC_073247.2_164442447_2	DN_NC_073247.2_164861277_3	truthbar	0	2	3	2	multi	0	0.4697	0.9353	0.5000	0.3333	0.3333	4
LOC129529986	MAGEA12	DN_NC_073247.2_164407411_3	DN_NC_073247.2_164442447_2	TP	1	3	2	2	multi	0	0.6847	0.9108	0.3333	0.5000	0.3333	4
LOC129529986	MAGEA4	DN_NC_073247.2_163590486_3	DN_NC_073247.2_164442447_2	truthbar	0	3	2	2	multi	0	0.2663	0.0000	0.0000	0.0000	0.0000	4
LOC129529986	MAGEA9	DN_NC_073247.2_161458538_3	DN_NC_073247.2_164442447_2	truthbar	0	3	2	2	multi	0	0.4021	0.0000	0.0000	0.0000	0.0000	4
LOC129530018	MAGEA1	DN_NC_073247.2_161251228_4	DN_NC_073247.2_164861277_3	truthbar	0	4	3	3	multi	0	0.3524	0.0000	0.0000	0.0000	0.0000	4
LOC129530018	MAGEA10	DN_NC_073247.2_161251228_4	DN_NC_073247.2_163809311_4	truthbar	0	4	4	4	multi	0	0.3283	0.0000	0.0000	0.0000	0.0000	4
LOC129530018	MAGEA12	DN_NC_073247.2_161251228_4	DN_NC_073247.2_164407414_2	truthbar	0	4	2	2	multi	0	0.3781	0.0000	0.0000	0.0000	0.0000	4
LOC129530018	MAGEA4	DN_NC_073247.2_161251228_4	DN_NC_073247.2_163590486_3	truthbar	0	4	3	3	multi	0	0.2223	0.0000	0.0000	0.0000	0.0000	4
LOC129530018	MAGEA9	DN_NC_073247.2_161251228_4	DN_NC_073247.2_161458538_3	TP	1	4	3	3	multi	0	0.9387	0.9364	0.5000	0.6667	0.5000	4
LOC129530020	TMEM185A	DN_NC_073247.2_161266095_3	DN_NC_073247.2_161413981_7	TP	1	3	7	3	multi	0	1.0000	1.0000	1.0000	0.2857	0.2857	1
LOC129530050	SLC25A5	DN_NC_073247.2_131152949_4	DN_NC_073248.2_8111002_4	truthbar	0	4	4	4	multi	0	0.5903	0.0000	0.0000	0.0000	0.0000	3
LOC129530096	PDCD5	DN_NC_073244.2_43610901_6	DN_NC_073247.2_114234875_11	genuine	0	6	11	6	multi	0	0.3819	0.3811	0.1667	0.0000	0.0000	0
LOC129530096	SEM1	DN_NC_073230.2_92132360_3	DN_NC_073247.2_114234875_11	genuine	0	3	11	3	multi	0	0.1749	0.2426	0.0000	0.0000	0.0000	0
LOC129530096	SPC25	DN_NC_073235.2_71373985_7	DN_NC_073247.2_114234875_11	genuine	0	7	11	7	multi	0	0.2419	0.3463	0.1429	0.0000	0.0000	0
LOC129530123	RAB40B	DN_NC_073228.2_9291784_6	DN_NC_073247.2_115190067_8	genuine	0	6	8	6	multi	0	0.2845	0.3000	0.8333	0.0000	0.0000	3
LOC129530123	RAB40C	DN_NC_073242.2_4214750_6	DN_NC_073247.2_115190067_8	genuine	0	6	8	6	multi	0	0.2934	0.0000	0.0000	0.0000	0.0000	3
LOC129530131	LOC134756589	DN_NC_073234.2_126370406_2	DN_NC_073247.2_115708949_2	genuine	0	2	2	2	multi	0	0.1691	0.1656	0.0000	0.0000	0.0000	0
LOC129530131	NCALD	DN_NC_073231.2_107519754_4	DN_NC_073247.2_115708949_2	genuine	0	4	2	2	multi	0	0.1516	0.1561	0.0000	0.0000	0.0000	0
LOC129530131	NCR3LG1	DN_NC_073233.2_23732821_4	DN_NC_073247.2_115708949_2	genuine	0	4	2	2	multi	0	0.1565	0.1565	0.0000	0.0000	0.0000	0
LOC129530131	PDCD5	DN_NC_073244.2_43610901_6	DN_NC_073247.2_115708949_2	genuine	0	6	2	2	multi	0	0.3747	0.3747	0.1667	0.0000	0.0000	0
LOC129530131	SEM1	DN_NC_073230.2_92132360_3	DN_NC_073247.2_115708949_2	genuine	0	3	2	2	multi	0	0.1682	0.2503	0.0000	0.0000	0.0000	0
LOC129530131	SPC25	DN_NC_073235.2_71373985_7	DN_NC_073247.2_115708949_2	genuine	0	7	2	2	multi	0	0.2449	0.3485	0.1429	0.0000	0.0000	0
LOC129530131	TMEM38B	DN_NC_073237.2_101948554_6	DN_NC_073247.2_115708949_2	genuine	0	6	2	2	multi	0	0.1568	0.1568	0.0000	0.0000	0.0000	0
LOC129530131	UCHL1	DN_NC_073227.2_49278079_9	DN_NC_073247.2_115708949_2	genuine	0	9	2	2	multi	0	0.1525	0.1516	0.0000	0.0000	0.0000	0
LOC129530205	LOC129530238	DN_NC_073248.2_19625716_11	DN_NC_073248.2_19671639_11	genuine	0	11	11	11	multi	0	1.0000	1.0000	1.0000	1.0000	1.0000	2
LOC129530205	LOC129530241	DN_NC_073248.2_19648671_11	DN_NC_073248.2_19694607_11	genuine	0	11	11	11	multi	0	1.0000	1.0000	1.0000	1.0000	1.0000	2
LOC129530205	LOC129530249	DN_NC_073248.2_19648671_11	DN_NC_073248.2_25725363_11	genuine	0	11	11	11	multi	0	1.0000	1.0000	1.0000	1.0000	1.0000	2
LOC129530205	LOC129530259	DN_NC_073248.2_15918163_7	DN_NC_073248.2_19602755_10	genuine	0	7	10	7	multi	0	0.4058	0.5174	0.8571	0.6000	0.6000	2
LOC129530205	LOC129530266	DN_NC_073248.2_16416010_5	DN_NC_073248.2_19602755_10	genuine	0	5	10	5	multi	0	0.2020	0.4660	0.8000	0.6000	0.6000	2
LOC129530205	LOC129530271	DN_NC_073248.2_19602755_10	DN_NC_073248.2_25704431_6	genuine	0	10	6	6	multi	0	0.4731	0.4731	0.6000	0.8333	0.6000	2
LOC129530227	LOC134756368	DN_NC_073236.2_23070420_5	DN_NC_073248.2_45277558_8	genuine	0	5	8	5	multi	0	0.2710	0.6093	0.8000	0.6250	0.6250	2
LOC129530227	LOC134756753	DN_NC_073236.2_22549336_8	DN_NC_073248.2_45277558_8	genuine	0	8	8	8	multi	0	0.9758	1.0000	0.7500	1.0000	0.7500	2
LOC129530227	LRPAP1	DN_NC_073227.2_12088225_8	DN_NC_073248.2_45277558_8	genuine	0	8	8	8	multi	0	0.8413	1.0013	0.8750	1.0000	0.8750	2
LOC129530238	LOC129530241	DN_NC_073248.2_19671639_11	DN_NC_073248.2_19694607_11	TP	1	11	11	11	multi	0	1.0000	1.0000	1.0000	1.0000	1.0000	2
LOC129530238	LOC129530249	DN_NC_073248.2_19671639_11	DN_NC_073248.2_25725363_11	truthbar	0	11	11	11	multi	0	1.0000	1.0000	1.0000	1.0000	1.0000	2
LOC129530238	LOC129530259	DN_NC_073248.2_15918163_7	DN_NC_073248.2_19671639_11	TP	1	7	11	7	multi	0	0.3657	0.4730	0.8571	0.5455	0.5455	2
LOC129530238	LOC129530266	DN_NC_073248.2_16416010_5	DN_NC_073248.2_19671639_11	TP	1	5	11	5	multi	0	0.1732	0.4270	0.8000	0.5455	0.5455	2
LOC129530238	LOC129530271	DN_NC_073248.2_19671639_11	DN_NC_073248.2_25704431_6	genuine	0	11	6	6	multi	0	0.4435	0.4321	0.5455	0.8333	0.5455	2
LOC129530241	LOC129530249	DN_NC_073248.2_19694607_11	DN_NC_073248.2_25725363_11	TP	1	11	11	11	multi	0	1.0000	1.0000	1.0000	1.0000	1.0000	2
LOC129530241	LOC129530259	DN_NC_073248.2_15918163_7	DN_NC_073248.2_19694607_11	TP	1	7	11	7	multi	0	0.3837	0.4871	0.8571	0.5455	0.5455	2
LOC129530241	LOC129530266	DN_NC_073248.2_16416010_5	DN_NC_073248.2_19694607_11	TP	1	5	11	5	multi	0	0.1872	0.4319	0.8000	0.5455	0.5455	2
LOC129530241	LOC129530271	DN_NC_073248.2_19694607_11	DN_NC_073248.2_25704431_6	genuine	0	11	6	6	multi	0	0.4384	0.4384	0.5455	0.8333	0.5455	2
LOC129530249	LOC129530259	DN_NC_073248.2_15918163_7	DN_NC_073248.2_25725363_11	TP	1	7	11	7	multi	0	0.3845	0.4882	0.8571	0.5455	0.5455	2
LOC129530249	LOC129530266	DN_NC_073248.2_16416010_5	DN_NC_073248.2_25725363_11	TP	1	5	11	5	multi	0	0.1876	0.4328	0.8000	0.5455	0.5455	2
LOC129530249	LOC129530271	DN_NC_073248.2_25704431_6	DN_NC_073248.2_25725363_11	genuine	0	6	11	6	multi	0	0.4504	0.4394	0.8333	0.5455	0.5455	2
LOC129530250	RPS4X	DN_NC_073247.2_84011480_7	DN_NC_073248.2_26366947_7	truthbar	0	7	7	7	multi	0	0.7286	0.0000	0.0000	0.0000	0.0000	3
LOC129530250	RPS4Y1	DN_NC_073248.2_26366947_7	DN_NC_073248.2_9423438_7	truthbar	0	7	7	7	multi	0	0.7500	0.7779	0.8571	0.8571	0.8571	3
LOC129530259	LOC129530266	DN_NC_073248.2_15918163_7	DN_NC_073248.2_16416010_5	TP	1	7	5	5	multi	0	0.3685	1.0679	0.8571	1.0000	0.8571	2
LOC129530259	LOC129530271	DN_NC_073248.2_15918163_7	DN_NC_073248.2_25704431_6	genuine	0	7	6	6	multi	0	0.2763	0.7890	0.8571	1.0000	0.8571	2
LOC129530266	LOC129530271	DN_NC_073248.2_16416010_5	DN_NC_073248.2_25704431_6	genuine	0	5	6	5	multi	0	0.6269	1.0926	1.0000	1.0000	1.0000	2
LOC129530270	TMSB4X	DN_NC_073247.2_23442611_3	DN_NC_073248.2_30409029_3	truthbar	0	3	3	3	multi	0	0.4392	0.0000	0.0000	0.0000	0.0000	1
LOC129530275	LOC129530278	DN_NC_073248.2_34736504_6	DN_NC_073248.2_34798633_6	TP	1	6	6	6	multi	0	1.0000	1.0000	1.0000	1.0000	1.0000	1
LOC129530275	LOC129530279	DN_NC_073248.2_34736504_6	DN_NC_073248.2_34819290_6	TP	1	6	6	6	multi	0	1.0000	1.0000	1.0000	1.0000	1.0000	1
LOC129530275	LOC129530280	DN_NC_073248.2_34736504_6	DN_NC_073248.2_34839953_6	TP	1	6	6	6	multi	0	1.0000	1.0000	1.0000	1.0000	1.0000	1
LOC129530278	LOC129530279	DN_NC_073248.2_34798633_6	DN_NC_073248.2_34819290_6	TP	1	6	6	6	multi	0	1.0000	1.0000	1.0000	1.0000	1.0000	1
LOC129530278	LOC129530280	DN_NC_073248.2_34798633_6	DN_NC_073248.2_34839953_6	TP	1	6	6	6	multi	0	1.0000	1.0000	1.0000	1.0000	1.0000	1
LOC129530279	LOC129530280	DN_NC_073248.2_34819290_6	DN_NC_073248.2_34839953_6	TP	1	6	6	6	multi	0	1.0000	1.0000	1.0000	1.0000	1.0000	1
LOC129530429	LOC129531431	DN_NC_073236.2_26203134_8	DN_NC_073248.2_10847471_7	genuine	0	8	7	7	multi	0	0.1309	0.8026	0.7500	0.8571	0.7500	3
LOC129530473	LOC129530554	DN_NC_073246.2_2173988_2	DN_NC_086018.1_1713296_2	TP	1	2	2	2	multi	0	0.6071	1.0003	1.0000	1.0000	1.0000	2
LOC129530593	LOC129531205	DN_NC_073240.2_4575875_4	DN_NC_073241.2_195924_6	genuine	0	4	6	4	multi	0	0.4443	0.5640	0.2500	0.1667	0.1667	1
LOC129530593	LOC129531501	DN_NC_073238.2_8052138_7	DN_NC_073241.2_195924_6	genuine	0	7	6	6	multi	0	0.6191	0.7183	0.7143	0.8333	0.7143	1
LOC129530593	SAFB2	DN_NC_073241.2_195924_6	DN_NC_073244.2_11377962_21	genuine	0	6	21	6	multi	0	0.2918	0.3348	0.8333	0.2381	0.2381	1
LOC129531205	LOC129531501	DN_NC_073238.2_8052138_7	DN_NC_073240.2_4575875_4	truthbar	0	7	4	4	multi	0	0.1767	0.0000	0.0000	0.0000	0.0000	1
LOC129531501	SAFB	DN_NC_073238.2_8052138_7	DN_NC_073244.2_11413820_21	genuine	0	7	21	7	multi	0	0.1418	0.0000	0.0000	0.0000	0.0000	1
LOC129531501	SAFB2	DN_NC_073238.2_8052138_7	DN_NC_073244.2_11377962_21	genuine	0	7	21	7	multi	0	0.8894	0.9896	1.0000	0.3333	0.3333	1
LOC129531666	LOC129531667	DN_NC_073236.2_51202468_4	DN_NC_073236.2_51437835_4	TP	1	4	4	4	multi	0	0.6614	1.0000	0.7500	1.0000	0.7500	3
LOC129531666	RGPD8	DN_NC_073236.2_49989275_2	DN_NC_073236.2_51202468_4	TP	1	2	4	2	multi	0	0.5341	1.0865	1.0000	1.0000	1.0000	3
LOC129531667	RGPD8	DN_NC_073236.2_49989275_2	DN_NC_073236.2_51437835_4	TP	1	2	4	2	multi	0	0.3591	0.9963	0.5000	1.0000	0.5000	3
LOC129531751	LOC129532625	DN_NC_073236.2_140400059_5	DN_NC_086017.1_211655827_5	genuine	0	5	5	5	multi	0	0.7511	1.0037	1.0000	1.0000	1.0000	1
LOC129531751	LOC129532709	DN_NC_073236.2_140400059_5	DN_NC_086017.1_9337960_4	genuine	0	5	4	4	multi	0	0.5797	0.5809	0.6000	0.7500	0.6000	1
LOC129531751	LOC129532808	DN_NC_073227.2_211080863_4	DN_NC_073236.2_140400059_5	genuine	0	4	5	4	multi	0	0.1366	0.2204	0.7500	0.6000	0.6000	1
LOC129531751	LOC129533287	DN_NC_073227.2_8155721_4	DN_NC_073236.2_140400059_5	genuine	0	4	5	4	multi	0	0.1366	0.2204	0.7500	0.6000	0.6000	1
LOC129531751	LOC129534552	DN_NC_073229.2_195378107_3	DN_NC_073236.2_140400059_5	genuine	0	3	5	3	multi	0	0.2214	0.2186	0.6667	0.6000	0.6000	1
LOC129531751	LOC134756415	DN_NC_073236.2_140400059_5	DN_NC_073241.2_110003031_5	genuine	0	5	5	5	multi	0	0.3854	1.0023	1.0000	1.0000	1.0000	1
LOC129531751	LOC134757299	DN_NC_073236.2_140400059_5	DN_NC_073240.2_103747497_4	genuine	0	5	4	4	multi	0	0.1366	0.2204	0.6000	0.7500	0.6000	1
LOC129531751	LOC134759133	DN_NC_073231.2_150902261_3	DN_NC_073236.2_140400059_5	genuine	0	3	5	3	multi	0	0.1379	0.2204	0.6667	0.6000	0.6000	1
LOC129531751	NDUFA8	DN_NC_073236.2_140400059_5	DN_NC_073237.2_118498911_4	genuine	0	5	4	4	multi	0	0.2218	0.2204	0.6000	0.7500	0.6000	1
LOC129531752	LOC129532807	DN_NC_073227.2_211100517_2	DN_NC_073236.2_140396809_2	TP	1	2	2	2	multi	0	0.9992	1.0000	1.0000	1.0000	1.0000	3
LOC129531752	MORN5	DN_NC_073236.2_140396809_2	DN_NC_073237.2_118518303_5	TP	1	2	5	2	multi	0	0.1759	0.0000	0.0000	0.0000	0.0000	3
LOC129531864	LOC129531867	DN_NC_073236.2_31364804_7	DN_NC_073236.2_31570340_7	genuine	0	7	7	7	multi	0	0.1985	0.1985	0.7143	0.7143	0.7143	1
LOC129531982	LOC134756437	DN_NC_073224.2_19235747_8	DN_NC_073224.2_29070818_24	genuine	0	8	24	8	multi	0	0.6235	0.6242	0.8750	0.2917	0.2917	4
LOC129531982	LOC134758712	DN_NC_073224.2_15783681_8	DN_NC_073224.2_29070818_24	genuine	0	8	24	8	multi	0	0.6235	0.6242	0.8750	0.2917	0.2917	4
LOC129531982	LOC134758754	DN_NC_073224.2_19344252_8	DN_NC_073224.2_29070818_24	genuine	0	8	24	8	multi	0	0.6378	0.6384	0.8750	0.2917	0.2917	4
LOC129532045	LOC134757399	DN_NC_073235.2_137582288_5	DN_NC_073241.2_80636266_2	genuine	0	5	2	2	multi	0	0.1429	0.0000	0.0000	0.0000	0.0000	1
LOC129532045	WDR64	DN_NC_073224.2_13812644_2	DN_NC_073235.2_137582288_5	genuine	0	2	5	2	multi	0	0.1433	0.0000	0.0000	0.0000	0.0000	1
LOC129532125	LOC129532854	DN_NC_073227.2_109806788_5	DN_NC_073235.2_83159862_3	genuine	0	5	3	3	multi	0	0.1394	0.1904	0.2000	0.3333	0.2000	1
LOC129532222	LOC129532224	DN_NC_073235.2_33703802_2	DN_NC_073235.2_34402342_7	genuine	0	2	7	2	multi	0	0.1461	0.6338	0.0000	0.2857	0.0000	3
LOC129532538	LOC129532539	DN_NC_086017.1_156500672_2	DN_NC_086017.1_156500672_3	genuine	0	2	3	2	multi	0	0.1451	0.1451	0.5000	0.3333	0.3333	3
LOC129532625	LOC129532709	DN_NC_086017.1_211655827_5	DN_NC_086017.1_9337960_4	genuine	0	5	4	4	multi	0	0.6147	0.6147	0.6000	0.7500	0.6000	1
LOC129532625	LOC129532808	DN_NC_073227.2_211080863_4	DN_NC_086017.1_211655827_5	genuine	0	4	5	4	multi	0	0.1338	0.2329	0.7500	0.6000	0.6000	1
LOC129532625	LOC129533287	DN_NC_073227.2_8155721_4	DN_NC_086017.1_211655827_5	genuine	0	4	5	4	multi	0	0.1338	0.2329	0.7500	0.6000	0.6000	1
LOC129532625	LOC129534552	DN_NC_073229.2_195378107_3	DN_NC_086017.1_211655827_5	genuine	0	3	5	3	multi	0	0.2168	0.2141	0.6667	0.6000	0.6000	1
LOC129532625	LOC134756415	DN_NC_073241.2_110003031_5	DN_NC_086017.1_211655827_5	genuine	0	5	5	5	multi	0	0.3833	1.0027	1.0000	1.0000	1.0000	1
LOC129532625	LOC134757299	DN_NC_073240.2_103747497_4	DN_NC_086017.1_211655827_5	genuine	0	4	5	4	multi	0	0.1338	0.2240	0.7500	0.6000	0.6000	1
LOC129532625	LOC134759133	DN_NC_073231.2_150902261_3	DN_NC_086017.1_211655827_5	genuine	0	3	5	3	multi	0	0.1351	0.2159	0.6667	0.6000	0.6000	1
LOC129532625	NDUFA8	DN_NC_073237.2_118498911_4	DN_NC_086017.1_211655827_5	genuine	0	4	5	4	multi	0	0.2343	0.2329	0.7500	0.6000	0.6000	1
LOC129532709	LOC129532808	DN_NC_073227.2_211080863_4	DN_NC_086017.1_9337960_4	genuine	0	4	4	4	multi	0	0.7391	1.0000	0.7500	1.0000	0.7500	1
LOC129532709	LOC129533287	DN_NC_073227.2_8155721_4	DN_NC_086017.1_9337960_4	genuine	0	4	4	4	multi	0	0.7391	1.0000	0.7500	1.0000	0.7500	1
LOC129532709	LOC129534552	DN_NC_073229.2_195378107_3	DN_NC_086017.1_9337960_4	genuine	0	3	4	3	multi	0	0.5749	0.5785	0.6667	0.7500	0.6667	1
LOC129532709	LOC134756415	DN_NC_073241.2_110003031_5	DN_NC_086017.1_9337960_4	genuine	0	5	4	4	multi	0	0.5918	0.5918	0.6000	0.7500	0.6000	1
LOC129532709	LOC134757299	DN_NC_073240.2_103747497_4	DN_NC_086017.1_9337960_4	genuine	0	4	4	4	multi	0	0.7403	0.9867	0.7500	1.0000	0.7500	1
LOC129532709	LOC134759133	DN_NC_073231.2_150902261_3	DN_NC_086017.1_9337960_4	genuine	0	3	4	3	multi	0	0.3551	0.5833	0.6667	0.7500	0.6667	1
LOC129532709	NDUFA8	DN_NC_073237.2_118498911_4	DN_NC_086017.1_9337960_4	genuine	0	4	4	4	multi	0	0.9988	1.0000	0.7500	1.0000	0.7500	1
LOC129532807	MORN5	DN_NC_073227.2_211100517_2	DN_NC_073237.2_118518303_5	TP	1	2	5	2	multi	0	0.1759	0.0000	0.0000	0.0000	0.0000	3
LOC129532808	LOC129533287	DN_NC_073227.2_211080863_4	DN_NC_073227.2_8155721_4	genuine	0	4	4	4	multi	0	1.0000	1.0000	1.0000	1.0000	1.0000	1
LOC129532808	LOC134756415	DN_NC_073227.2_211080863_4	DN_NC_073241.2_110003031_5	genuine	0	4	5	4	multi	0	0.1358	0.2233	0.7500	0.6000	0.6000	1
LOC129532808	LOC134757299	DN_NC_073227.2_211080863_4	DN_NC_073240.2_103747497_4	genuine	0	4	4	4	multi	0	1.0000	1.0000	1.0000	1.0000	1.0000	1
LOC129532808	LOC134759133	DN_NC_073227.2_211080863_4	DN_NC_073231.2_150902261_3	genuine	0	4	3	3	multi	0	0.2123	0.2114	0.7500	0.6667	0.6667	1
LOC129532808	NDUFA8	DN_NC_073227.2_211080863_4	DN_NC_073237.2_118498911_4	genuine	0	4	4	4	multi	0	0.3254	1.0002	1.0000	1.0000	1.0000	1
LOC129532854	NLGN1	DN_NC_073227.2_109806788_5	DN_NC_086017.1_185299820_2	genuine	0	5	2	2	multi	0	0.1348	0.1645	0.2000	0.5000	0.2000	1
LOC129532935	SORT1	DN_NC_073224.2_116693847_11	DN_NC_073224.2_130686217_20	genuine	0	11	20	11	multi	0	0.3095	0.3647	0.7273	0.4000	0.4000	1
LOC129533124	NUPR2	DN_NC_073227.2_139561252_10	DN_NC_073230.2_64295055_2	genuine	0	10	2	2	multi	0	0.1719	0.0000	0.0000	0.0000	0.0000	4
LOC129533273	TFEC	DN_NC_073227.2_22580407_2	DN_NC_073230.2_124939640_5	genuine	0	2	5	2	multi	0	0.1387	0.0000	0.0000	0.0000	0.0000	1
LOC129533287	LOC134756415	DN_NC_073227.2_8155721_4	DN_NC_073241.2_110003031_5	genuine	0	4	5	4	multi	0	0.1358	0.2233	0.7500	0.6000	0.6000	1
LOC129533287	LOC134757299	DN_NC_073227.2_8155721_4	DN_NC_073240.2_103747497_4	genuine	0	4	4	4	multi	0	1.0000	1.0000	1.0000	1.0000	1.0000	1
LOC129533287	LOC134759133	DN_NC_073227.2_8155721_4	DN_NC_073231.2_150902261_3	genuine	0	4	3	3	multi	0	0.2123	0.2114	0.7500	0.6667	0.6667	1
LOC129533287	NDUFA8	DN_NC_073227.2_8155721_4	DN_NC_073237.2_118498911_4	genuine	0	4	4	4	multi	0	0.3254	1.0009	1.0000	1.0000	1.0000	1
LOC129533438	SPC25	DN_NC_073224.2_219630924_4	DN_NC_073235.2_71373985_7	genuine	0	4	7	4	multi	0	0.1463	0.0000	0.0000	0.0000	0.0000	0
LOC129533692	NREP	DN_NC_073228.2_115483850_5	DN_NC_073228.2_115545008_4	genuine	0	5	4	4	multi	0	0.5490	0.5483	0.2000	0.2500	0.2000	1
LOC129533739	TMEM87A	DN_NC_073228.2_47938018_2	DN_NC_073240.2_43072375_7	genuine	0	2	7	2	multi	0	0.2791	0.0000	0.0000	0.0000	0.0000	3
LOC129534465	LOC134756566	DN_NC_073229.2_86209092_3	DN_NC_073234.2_71885470_2	genuine	0	3	2	2	multi	0	0.1570	0.1543	0.3333	0.0000	0.0000	1
LOC129534465	LOC134757610	DN_NC_073229.2_86209092_3	DN_NC_073243.2_86703688_5	genuine	0	3	5	3	multi	0	0.1549	0.0000	0.0000	0.0000	0.0000	1
LOC129534552	LOC134756415	DN_NC_073229.2_195378107_3	DN_NC_073241.2_110003031_5	genuine	0	3	5	3	multi	0	0.2201	0.2174	0.6667	0.6000	0.6000	1
LOC129534552	LOC134759133	DN_NC_073229.2_195378107_3	DN_NC_073231.2_150902261_3	genuine	0	3	3	3	multi	0	0.4154	1.0013	1.0000	1.0000	1.0000	1
LOC129534552	NDUFA8	DN_NC_073229.2_195378107_3	DN_NC_073237.2_118498911_4	genuine	0	3	4	3	multi	0	0.1581	0.1581	0.6667	0.7500	0.6667	1
LOC134756368	LOC134756753	DN_NC_073236.2_22549336_8	DN_NC_073236.2_23070420_5	TP	1	8	5	5	multi	0	0.1553	0.3539	0.5000	0.8000	0.5000	2
LOC134756368	LRPAP1	DN_NC_073227.2_12088225_8	DN_NC_073236.2_23070420_5	TP	1	8	5	5	multi	0	0.1553	0.3539	0.6250	0.8000	0.6250	2
LOC134756368	XRCC2	DN_NC_073230.2_161461454_2	DN_NC_073236.2_23070420_5	TP	1	2	5	2	multi	0	0.4120	0.7303	0.5000	0.2000	0.2000	2
LOC134756389	RABL2A	DN_NC_073231.2_151170137_9	DN_NC_073235.2_15131698_9	TP	1	9	9	9	multi	0	0.2620	0.9340	0.8889	0.7778	0.7778	2
LOC134756389	RABL2B	DN_NC_073231.2_151170137_9	DN_NC_086018.1_48818439_9	truthbar	0	9	9	9	multi	0	0.9992	1.0000	0.8889	1.0000	0.8889	2
LOC134756415	LOC134757299	DN_NC_073240.2_103747497_4	DN_NC_073241.2_110003031_5	genuine	0	4	5	4	multi	0	0.1358	0.2233	0.7500	0.6000	0.6000	1
LOC134756415	LOC134759133	DN_NC_073231.2_150902261_3	DN_NC_073241.2_110003031_5	genuine	0	3	5	3	multi	0	0.1372	0.2192	0.6667	0.6000	0.6000	1
LOC134756415	NDUFA8	DN_NC_073237.2_118498911_4	DN_NC_073241.2_110003031_5	genuine	0	4	5	4	multi	0	0.2252	0.2238	0.7500	0.6000	0.6000	1
LOC134756437	LOC134758712	DN_NC_073224.2_15783681_8	DN_NC_073224.2_19235747_8	TP	1	8	8	8	multi	0	0.9993	0.9993	1.0000	1.0000	1.0000	4
LOC134756437	LOC134758754	DN_NC_073224.2_19235747_8	DN_NC_073224.2_19344252_8	TP	1	8	8	8	multi	0	1.0000	1.0000	1.0000	1.0000	1.0000	4
LOC134756589	NCALD	DN_NC_073231.2_107519754_4	DN_NC_073234.2_126370406_2	genuine	0	4	2	2	multi	0	0.1681	0.1618	0.0000	0.0000	0.0000	0
LOC134756589	NCR3LG1	DN_NC_073233.2_23732821_4	DN_NC_073234.2_126370406_2	genuine	0	4	2	2	multi	0	0.1674	0.1646	0.0000	0.0000	0.0000	0
LOC134756589	PDCD5	DN_NC_073234.2_126370406_2	DN_NC_073244.2_43610901_6	genuine	0	2	6	2	multi	0	0.3850	0.3747	0.0000	0.1667	0.0000	0
LOC134756589	SEM1	DN_NC_073230.2_92132360_3	DN_NC_073234.2_126370406_2	genuine	0	3	2	2	multi	0	0.1682	0.2405	0.0000	0.0000	0.0000	0
LOC134756589	SPC25	DN_NC_073234.2_126370406_2	DN_NC_073235.2_71373985_7	genuine	0	2	7	2	multi	0	0.2449	0.3485	0.0000	0.1429	0.0000	0
LOC134756589	TMEM38B	DN_NC_073234.2_126370406_2	DN_NC_073237.2_101948554_6	genuine	0	2	6	2	multi	0	0.1712	0.1674	0.0000	0.0000	0.0000	0
LOC134756589	UCHL1	DN_NC_073227.2_49278079_9	DN_NC_073234.2_126370406_2	genuine	0	9	2	2	multi	0	0.1611	0.1614	0.0000	0.0000	0.0000	0
LOC134756641	LOC134758618	DN_NC_073228.2_179980536_5	DN_NC_073235.2_41950647_3	genuine	0	5	3	3	multi	0	0.1582	0.0000	0.0000	0.0000	0.0000	1
LOC134756743	TRNAQ-CUG	DN_NC_073224.2_114480077_3	DN_NC_073224.2_115073534_2	genuine	0	3	2	2	multi	0	0.2798	0.8226	0.3333	0.5000	0.3333	3
LOC134756753	LRPAP1	DN_NC_073227.2_12088225_8	DN_NC_073236.2_22549336_8	TP	1	8	8	8	multi	0	0.3487	1.0152	1.0000	1.0000	1.0000	2
LOC134756859	RAPH1	DN_NC_073235.2_106111443_2	DN_NC_073237.2_32419572_2	genuine	0	2	2	2	multi	0	0.1939	0.0000	0.0000	0.0000	0.0000	1
LOC134756922	NDUFAF2	DN_NC_073224.2_117217199_13	DN_NC_073243.2_49045190_4	genuine	0	13	4	4	multi	0	0.1374	0.2032	0.0000	0.0000	0.0000	1
LOC134757145	ZNF429	DN_NC_073239.2_120173605_3	DN_NC_073244.2_27956142_2	genuine	0	3	2	2	multi	0	0.1412	0.0000	0.0000	0.0000	0.0000	4
LOC134757208	LOC134758618	DN_NC_073228.2_179980536_5	DN_NC_073239.2_28798849_2	genuine	0	5	2	2	multi	0	0.1366	0.0000	0.0000	0.0000	0.0000	1
LOC134757257	PAQR5	DN_NC_073240.2_70140109_8	DN_NC_073240.2_70243341_2	genuine	0	8	2	2	multi	0	0.2510	0.2492	0.0000	0.0000	0.0000	1
LOC134757299	LOC134759133	DN_NC_073231.2_150902261_3	DN_NC_073240.2_103747497_4	genuine	0	3	4	3	multi	0	0.2123	0.2114	0.6667	0.7500	0.6667	1
LOC134757299	NDUFA8	DN_NC_073237.2_118498911_4	DN_NC_073240.2_103747497_4	genuine	0	4	4	4	multi	0	0.3256	0.9957	1.0000	1.0000	1.0000	1
LOC134757313	MTHFD2L	DN_NC_073227.2_94499432_2	DN_NC_073240.2_44461085_2	genuine	0	2	2	2	multi	0	0.6141	0.6126	0.5000	0.5000	0.5000	4
LOC134757399	WDR64	DN_NC_073224.2_13812644_2	DN_NC_073241.2_80636266_2	genuine	0	2	2	2	multi	0	0.2639	0.0000	0.0000	0.0000	0.0000	1
LOC134757427	LOC134757432	DN_NC_073242.2_15582850_2	DN_NC_073242.2_30609225_2	TP	1	2	2	2	multi	0	0.3523	0.9902	0.5000	0.5000	0.5000	4
LOC134757427	SNX29	DN_NC_073242.2_15582850_2	DN_NC_073242.2_35192809_3	genuine	0	2	3	2	multi	0	0.1677	0.4305	0.5000	0.3333	0.3333	4
LOC134757432	SNX29	DN_NC_073242.2_30609335_2	DN_NC_073242.2_35192809_3	genuine	0	2	3	2	multi	0	0.1820	0.4502	0.5000	0.3333	0.3333	4
LOC134757436	LOC134757438	DN_NC_073242.2_65850805_2	DN_NC_073242.2_68751082_2	genuine	0	2	2	2	multi	0	0.8972	0.8972	0.5000	1.0000	0.5000	1
LOC134757440	NOB1	DN_NC_073242.2_98958086_2	DN_NC_073242.2_98974496_9	genuine	0	2	9	2	multi	0	0.2612	0.2590	0.0000	0.1111	0.0000	3
LOC134757574	TXN	DN_NC_073237.2_106488614_5	DN_NC_073243.2_19688237_2	genuine	0	5	2	2	multi	0	0.2520	0.7464	0.8000	0.0000	0.0000	1
LOC134758217	RFPL3	DN_NC_086018.1_27470342_2	DN_NC_086018.1_30368542_3	TP	1	2	3	2	multi	0	0.4228	0.4108	0.0000	0.3333	0.0000	0
LOC134758618	TRHDE	DN_NC_073228.2_179980536_5	DN_NC_073234.2_87500533_19	genuine	0	5	19	5	multi	0	0.1990	0.0000	0.0000	0.0000	0.0000	1
LOC134758618	ZNF80	DN_NC_073228.2_179980536_5	DN_NC_086017.1_125108432_2	genuine	0	5	2	2	multi	0	0.1823	0.3289	0.2000	0.0000	0.0000	1
LOC134758712	LOC134758754	DN_NC_073224.2_15783681_8	DN_NC_073224.2_19344252_8	TP	1	8	8	8	multi	0	1.0000	1.0000	1.0000	1.0000	1.0000	4
LOC134758719	SSBP1	DN_NC_073229.2_43677378_4	DN_NC_073230.2_150857421_7	genuine	0	4	7	4	multi	0	0.1343	0.3349	0.0000	0.0000	0.0000	1
LOC134759133	NDUFA8	DN_NC_073231.2_150902261_3	DN_NC_073237.2_118498911_4	genuine	0	3	4	3	multi	0	0.1311	0.2118	0.6667	0.7500	0.6667	1
LOC134759232	RAPH1	DN_NC_073232.2_108139494_4	DN_NC_073235.2_106111443_2	genuine	0	4	2	2	multi	0	0.1719	0.6427	0.0000	0.5000	0.0000	1
LRFN5	PDCD5	DN_NC_073239.2_14838701_6	DN_NC_073244.2_43610901_6	genuine	0	6	6	6	multi	0	0.2625	0.3731	0.0000	0.1667	0.0000	0
LRFN5	SEM1	DN_NC_073230.2_92132360_3	DN_NC_073239.2_14838701_6	genuine	0	3	6	3	multi	0	0.1687	0.2497	0.0000	0.0000	0.0000	0
LRFN5	SPC25	DN_NC_073235.2_71373985_7	DN_NC_073239.2_14838701_6	genuine	0	7	6	6	multi	0	0.1346	0.3471	0.1429	0.0000	0.0000	0
LRP5	LRP6	DN_NC_073233.2_76234750_23	DN_NC_073234.2_27515614_23	truthbar	0	23	23	23	multi	0	0.2047	0.0000	0.0000	0.0000	0.0000	3
LRRC8A	LRRC8E	DN_NC_073237.2_125291669_2	DN_NC_073244.2_13768230_3	truthbar	0	2	3	2	multi	0	0.2790	0.0000	0.0000	0.0000	0.0000	3
LTB4R2	NOP9	DN_NC_073239.2_32339840_6	DN_NC_073239.2_32342111_10	genuine	0	6	10	6	multi	0	0.2625	0.6047	0.0000	0.0000	0.0000	3
LYSMD1	SCNM1	DN_NC_073224.2_105669663_7	DN_NC_073224.2_105672200_3	genuine	0	7	3	3	multi	0	0.5832	0.5802	0.1429	0.3333	0.1429	3
MAGEA1	MAGEA10	DN_NC_073247.2_163809311_4	DN_NC_073247.2_164861277_3	truthbar	0	4	3	3	multi	0	0.3552	0.0000	0.0000	0.0000	0.0000	4
MAGEA1	MAGEA12	DN_NC_073247.2_164405406_2	DN_NC_073247.2_164861277_3	truthbar	0	2	3	2	multi	0	0.4572	0.9048	0.0000	0.3333	0.0000	4
MAGEA1	MAGEA4	DN_NC_073247.2_163590486_3	DN_NC_073247.2_164861277_3	truthbar	0	3	3	3	multi	0	0.2640	0.9694	0.6667	0.6667	0.6667	4
MAGEA1	MAGEA9	DN_NC_073247.2_161458538_3	DN_NC_073247.2_164861277_3	truthbar	0	3	3	3	multi	0	0.3532	0.0000	0.0000	0.0000	0.0000	4
MAGEA10	MAGEA4	DN_NC_073247.2_163590486_3	DN_NC_073247.2_163809311_4	truthbar	0	3	4	3	multi	0	0.2370	0.0000	0.0000	0.0000	0.0000	4
MAGEA10	MAGEA9	DN_NC_073247.2_161458538_3	DN_NC_073247.2_163809311_4	truthbar	0	3	4	3	multi	0	0.3453	0.0000	0.0000	0.0000	0.0000	4
MAGEA12	MAGEA4	DN_NC_073247.2_163590486_3	DN_NC_073247.2_164405406_2	truthbar	0	3	2	2	multi	0	0.2573	0.7630	0.3333	0.0000	0.0000	4
MAGEA12	MAGEA9	DN_NC_073247.2_161458538_3	DN_NC_073247.2_164407414_2	truthbar	0	3	2	2	multi	0	0.3850	0.0000	0.0000	0.0000	0.0000	4
MAGEA12	MAGEB6B	DN_NC_073247.2_164407414_2	DN_NC_073247.2_36669088_2	truthbar	0	2	2	2	multi	0	0.1656	0.0000	0.0000	0.0000	0.0000	4
MAGEA4	MAGEA9	DN_NC_073247.2_161458538_3	DN_NC_073247.2_163590486_3	truthbar	0	3	3	3	multi	0	0.2237	0.0000	0.0000	0.0000	0.0000	4
MAGEB1	MAGEB2	DN_NC_073247.2_40732536_2	DN_NC_073247.2_40764337_2	truthbar	0	2	2	2	multi	0	0.3903	0.0000	0.0000	0.0000	0.0000	4
MAGEB1	MAGEB3	DN_NC_073247.2_40747465_5	DN_NC_073247.2_40764337_2	truthbar	0	5	2	2	multi	0	0.3961	0.0000	0.0000	0.0000	0.0000	4
MAGEB1	MAGEB6	DN_NC_073247.2_36702175_2	DN_NC_073247.2_40764337_2	truthbar	0	2	2	2	multi	0	0.3695	0.0000	0.0000	0.0000	0.0000	4
MAGEB1	MAGEB6B	DN_NC_073247.2_36669088_2	DN_NC_073247.2_40764337_2	truthbar	0	2	2	2	multi	0	0.3678	0.0000	0.0000	0.0000	0.0000	4
MAGEB2	MAGEB6B	DN_NC_073247.2_36669088_2	DN_NC_073247.2_40731967_2	truthbar	0	2	2	2	multi	0	0.3524	0.0000	0.0000	0.0000	0.0000	4
MAGEB6	MAGEB6B	DN_NC_073247.2_36669088_2	DN_NC_073247.2_36702175_2	TP	1	2	2	2	multi	0	0.4114	0.7594	0.5000	0.5000	0.5000	4
MAGOH	MAGOHB	DN_NC_073224.2_186733859_5	DN_NC_073234.2_26006928_5	truthbar	0	5	5	5	multi	0	0.7301	0.0000	0.0000	0.0000	0.0000	1
MAOA	MAOB	DN_NC_073247.2_54047427_15	DN_NC_073247.2_54163080_15	truthbar	0	15	15	15	multi	0	0.5383	0.0000	0.0000	0.0000	0.0000	1
MAP2K1	MAP2K2	DN_NC_073240.2_67174761_11	DN_NC_073244.2_9875870_11	truthbar	0	11	11	11	multi	0	0.4937	0.0000	0.0000	0.0000	0.0000	3
MAPKAPK2	MAPKAPK3	DN_NC_073224.2_50024137_10	DN_NC_086017.1_60479047_11	truthbar	0	10	11	10	multi	0	0.1906	0.0000	0.0000	0.0000	0.0000	3
MCTP2	WDR64	DN_NC_073224.2_13812644_2	DN_NC_073240.2_95564610_15	genuine	0	2	15	2	multi	0	0.1736	0.0000	0.0000	0.0000	0.0000	1
MED22	RPL21	DN_NC_073237.2_129717495_4	DN_NC_073238.2_41579503_4	genuine	0	4	4	4	multi	0	0.3318	0.8779	0.0000	1.0000	0.0000	1
MED31	TXNDC17	DN_NC_073243.2_21779153_4	DN_NC_073243.2_21780781_4	genuine	0	4	4	4	multi	0	0.7865	0.7865	0.2500	0.2500	0.2500	1
MEIS1	MEIS2	DN_NC_073236.2_73173266_13	DN_NC_073240.2_37591091_13	truthbar	0	13	13	13	multi	0	0.2213	0.0000	0.0000	0.0000	0.0000	3
METTL2A	METTL2B	DN_NC_073228.2_29619142_9	DN_NC_073230.2_137552467_7	TP	1	9	7	7	multi	0	0.2097	0.9572	0.8889	0.8571	0.8571	2
MEX3B	MEX3C	DN_NC_073240.2_83447932_2	DN_NC_073241.2_80464602_2	truthbar	0	2	2	2	multi	0	0.1622	0.0000	0.0000	0.0000	0.0000	1
MICAL2	MICAL3	DN_NC_073233.2_18540673_22	DN_NC_086018.1_15884108_19	truthbar	0	22	19	19	multi	0	0.2787	0.0000	0.0000	0.0000	0.0000	1
MIF4GD	MRPS7	DN_NC_073228.2_16703728_6	DN_NC_073228.2_16706128_5	genuine	0	6	5	5	multi	0	0.5530	0.5545	0.1667	0.0000	0.0000	3
MINPP1	SPC25	DN_NC_073232.2_99830035_5	DN_NC_073235.2_71373985_7	genuine	0	5	7	5	multi	0	0.2368	0.3081	0.0000	0.1429	0.0000	0
MKRN2	RAF1	DN_NC_086017.1_22368298_8	DN_NC_086017.1_22395793_17	genuine	0	8	17	8	multi	0	0.4747	0.4749	0.1250	0.0588	0.0588	3
MMP24OS	PDCD5	DN_NC_073244.2_43610901_6	DN_NC_073245.2_47429376_4	genuine	0	6	4	4	multi	0	0.2092	0.3699	0.1667	0.0000	0.0000	0
MMP24OS	SPC25	DN_NC_073235.2_71373985_7	DN_NC_073245.2_47429376_4	TP	1	7	4	4	multi	0	0.1956	0.3456	0.1429	0.0000	0.0000	0
MMP24OS	THNSL1	DN_NC_073232.2_34013134_3	DN_NC_073245.2_47429376_4	genuine	0	3	4	3	multi	0	0.1587	0.2918	0.0000	0.0000	0.0000	0
MOV10	RHOC	DN_NC_073224.2_126184593_6	DN_NC_073224.2_126189262_21	genuine	0	6	21	6	multi	0	0.5360	0.5060	0.1667	0.0000	0.0000	3
MPDU1	MPDU1-AS1	DN_NC_073243.2_22727924_2	DN_NC_073243.2_22729136_7	TP	1	2	7	2	multi	0	0.6061	0.6061	0.5000	0.1429	0.1429	0
MPHOSPH8	SVBP	DN_NC_073224.2_197128142_3	DN_NC_073238.2_33904146_3	genuine	0	3	3	3	multi	0	0.3398	0.4095	0.0000	0.3333	0.0000	2
MRFAP1	MRFAP1L1	DN_NC_073227.2_14699796_2	DN_NC_073227.2_14766891_2	truthbar	0	2	2	2	multi	0	0.2445	0.0000	0.0000	0.0000	0.0000	3
MRNIP	SQSTM1	DN_NC_073228.2_183798210_8	DN_NC_073228.2_183812935_7	genuine	0	8	7	7	multi	0	0.4846	0.4792	0.0000	0.1429	0.0000	1
MSN	RDX	DN_NC_073233.2_118106361_14	DN_NC_073247.2_77369372_13	truthbar	0	14	13	13	multi	0	0.2990	0.0000	0.0000	0.0000	0.0000	3
MTA2	MTA3	DN_NC_073233.2_70511026_18	DN_NC_073236.2_97058333_14	truthbar	0	18	14	14	multi	0	0.2185	0.0000	0.0000	0.0000	0.0000	3
MTERF4	SNED1	DN_NC_073235.2_143720615_16	DN_NC_073235.2_143747819_4	genuine	0	16	4	4	multi	0	0.4225	0.4225	0.0625	0.0000	0.0000	3
MTHFD2	MTHFD2L	DN_NC_073227.2_94411155_8	DN_NC_073236.2_65566893_8	truthbar	0	8	8	8	multi	0	0.3803	0.0000	0.0000	0.0000	0.0000	4
MTHFD2	PRKAR2A	DN_NC_073236.2_65566893_8	DN_NC_086017.1_58705155_2	genuine	0	8	2	2	multi	0	0.1367	0.0000	0.0000	0.0000	0.0000	4
MTHFS	SLAIN2	DN_NC_073227.2_56356744_8	DN_NC_073240.2_81300329_3	genuine	0	8	3	3	multi	0	0.1382	0.0000	0.0000	0.0000	0.0000	3
MTREX	PLPP1	DN_NC_073243.2_54697918_6	DN_NC_073243.2_54805899_27	genuine	0	6	27	6	multi	0	0.2921	0.2921	0.1667	0.0000	0.0000	3
MX1	MX2	DN_NC_073246.2_43257837_14	DN_NC_073246.2_43317314_17	truthbar	0	14	17	14	multi	0	0.3726	0.0000	0.0000	0.0000	0.0000	1
MYH1	MYH15	DN_NC_073243.2_25770609_26	DN_NC_086017.1_119256163_19	truthbar	0	26	19	19	multi	0	0.2803	0.0000	0.0000	0.0000	0.0000	1
MYH1	MYH7B	DN_NC_073243.2_25770609_26	DN_NC_073245.2_47207807_14	truthbar	0	26	13	13	multi	0	0.3012	0.0000	0.0000	0.0000	0.0000	1
MYH1	MYH8	DN_NC_073243.2_25668904_14	DN_NC_073243.2_25770609_26	truthbar	0	14	26	14	multi	0	0.9443	0.9447	0.9286	0.5385	0.5385	1
MYH11	MYH9	DN_NC_073242.2_30207983_41	DN_NC_086018.1_34278584_41	truthbar	0	41	41	41	multi	0	0.4867	0.3346	0.4390	0.4390	0.4390	3
MYH14	MYH9	DN_NC_073244.2_62231648_10	DN_NC_086018.1_34278584_41	truthbar	0	10	41	10	multi	0	0.2143	0.0000	0.0000	0.0000	0.0000	3
MYH7B	MYH8	DN_NC_073243.2_25668904_14	DN_NC_073245.2_47207807_14	truthbar	0	14	13	13	multi	0	0.5460	0.0000	0.0000	0.0000	0.0000	1
MYL6	MYL6B	DN_NC_073234.2_45204849_7	DN_NC_073234.2_45208389_7	truthbar	0	7	7	7	multi	0	0.3428	0.0000	0.0000	0.0000	0.0000	1
MYO1E	MYO1F	DN_NC_073240.2_59906966_28	DN_NC_073244.2_14389457_28	truthbar	0	28	28	28	multi	0	0.5447	0.0000	0.0000	0.0000	0.0000	1
MZF1	ZNF771	DN_NC_073242.2_36121013_3	DN_NC_073244.2_70659480_6	genuine	0	3	6	3	multi	0	0.1973	0.0000	0.0000	0.0000	0.0000	1
NAA10	NAA11	DN_NC_073227.2_99578163_2	DN_NC_073247.2_165620510_8	truthbar	0	2	8	2	multi	0	0.3162	0.0000	0.0000	0.0000	0.0000	1
NAA15	NAA16	DN_NC_073227.2_160095836_15	DN_NC_073238.2_55588931_20	truthbar	0	15	20	15	multi	0	0.3287	0.0000	0.0000	0.0000	0.0000	1
NAP1L3	NDUFAF2	DN_NC_073243.2_49045190_4	DN_NC_073247.2_105439613_2	genuine	0	4	2	2	multi	0	0.2146	0.2110	0.0000	0.0000	0.0000	1
NAP1L3	SOX30	DN_NC_073228.2_161454333_5	DN_NC_073247.2_105439613_2	genuine	0	5	2	2	multi	0	0.1704	0.1640	0.0000	0.0000	0.0000	1
NCALD	PDCD5	DN_NC_073231.2_107519754_4	DN_NC_073244.2_43610901_6	genuine	0	4	6	4	multi	0	0.3723	0.3858	0.0000	0.1667	0.0000	0
NCALD	SEM1	DN_NC_073230.2_92132360_3	DN_NC_073231.2_107519754_4	genuine	0	3	4	3	multi	0	0.1759	0.2462	0.0000	0.0000	0.0000	0
NCALD	SPC25	DN_NC_073231.2_107519754_4	DN_NC_073235.2_71373985_7	genuine	0	4	7	4	multi	0	0.2412	0.3441	0.0000	0.1429	0.0000	0
NCR3LG1	PDCD5	DN_NC_073233.2_23732821_4	DN_NC_073244.2_43610901_6	genuine	0	4	6	4	multi	0	0.3755	0.3747	0.0000	0.1667	0.0000	0
NCR3LG1	SEM1	DN_NC_073230.2_92132360_3	DN_NC_073233.2_23732821_4	genuine	0	3	4	3	multi	0	0.1749	0.2390	0.0000	0.0000	0.0000	0
NCR3LG1	SPC25	DN_NC_073233.2_23732821_4	DN_NC_073235.2_71373985_7	genuine	0	4	7	4	multi	0	0.2426	0.3463	0.0000	0.1429	0.0000	0
NDST1	NDST2	DN_NC_073228.2_154339565_7	DN_NC_073232.2_41941662_15	truthbar	0	7	15	7	multi	0	0.3070	0.0000	0.0000	0.0000	0.0000	1
NDUFA2	TMCO6	DN_NC_073228.2_144488767_12	DN_NC_073228.2_144494736_3	genuine	0	12	3	3	multi	0	0.4304	0.4304	0.0000	0.3333	0.0000	3
NDUFAF2	RANBP6	DN_NC_073237.2_58341083_8	DN_NC_073243.2_49045190_4	genuine	0	8	4	4	multi	0	0.1516	0.0000	0.0000	0.0000	0.0000	1
NDUFAF2	SLC11A2	DN_NC_073234.2_50306180_17	DN_NC_073243.2_49045190_4	genuine	0	17	4	4	multi	0	0.2155	0.2155	0.0000	0.0000	0.0000	1
NDUFB6	SMIM27	DN_NC_073237.2_30511420_2	DN_NC_073237.2_30512124_4	genuine	0	2	4	2	multi	0	0.6866	0.6866	0.5000	0.2500	0.2500	1
NFS1	ROMO1	DN_NC_073245.2_47878766_13	DN_NC_073245.2_47908723_3	genuine	0	13	3	3	multi	0	0.2617	0.2597	0.0000	0.0000	0.0000	1
NFXL1	PDCD5	DN_NC_073227.2_55859426_23	DN_NC_073244.2_43610901_6	genuine	0	23	6	6	multi	0	0.2204	0.3723	0.0000	0.1667	0.0000	0
NFXL1	SEM1	DN_NC_073227.2_55859426_23	DN_NC_073230.2_92132360_3	genuine	0	23	3	3	multi	0	0.1528	0.2421	0.0000	0.0000	0.0000	0
NFXL1	SPC25	DN_NC_073227.2_55859426_23	DN_NC_073235.2_71373985_7	genuine	0	23	7	7	multi	0	0.1324	0.3456	0.0000	0.1429	0.0000	0
NHP2	RMND5B	DN_NC_073228.2_181756447_11	DN_NC_073228.2_181772207_4	genuine	0	11	4	4	multi	0	0.4336	0.4887	0.1818	0.2500	0.1818	1
NKIRAS1	UBE2E1	DN_NC_086017.1_33635296_6	DN_NC_086017.1_33716761_5	TP	1	6	5	5	multi	0	0.6902	0.6885	0.1667	0.0000	0.0000	3
NLRP2	NLRP7	DN_NC_073244.2_66923641_8	DN_NC_073244.2_66965840_13	TP	1	8	13	8	multi	0	0.3935	0.3857	0.1250	0.0769	0.0769	0
NMUR1	NMUR2	DN_NC_073228.2_156235200_4	DN_NC_073235.2_134247998_3	truthbar	0	4	3	3	multi	0	0.2429	0.0000	0.0000	0.0000	0.0000	3
NR2F1	NR2F2	DN_NC_073228.2_97705476_2	DN_NC_073240.2_97547891_3	truthbar	0	2	3	2	multi	0	0.4729	0.4292	0.5000	0.3333	0.3333	1
NR4A1	NR4A2	DN_NC_073234.2_49287598_7	DN_NC_073235.2_58805487_6	truthbar	0	7	6	6	multi	0	0.1601	0.0000	0.0000	0.0000	0.0000	3
NT5C1B	RDH14	DN_NC_073236.2_121320001_9	DN_NC_073236.2_121349000_3	genuine	0	9	3	3	multi	0	0.7240	0.7220	0.1111	0.3333	0.1111	1
NUAK1	NUAK2	DN_NC_073224.2_51430719_7	DN_NC_073234.2_121481999_7	truthbar	0	7	7	7	multi	0	0.2171	0.0000	0.0000	0.0000	0.0000	3
OGDH	OGDHL	DN_NC_073230.2_52428682_23	DN_NC_073232.2_66124270_23	truthbar	0	23	23	23	multi	0	0.5508	0.0000	0.0000	0.0000	0.0000	1
OPA3	USP54	DN_NC_073232.2_42152672_3	DN_NC_073244.2_57062895_2	genuine	0	3	2	2	multi	0	0.1432	0.0000	0.0000	0.0000	0.0000	3
OSBP	OSBP2	DN_NC_073233.2_67344582_15	DN_NC_086018.1_28714522_15	truthbar	0	15	15	15	multi	0	0.1508	0.0000	0.0000	0.0000	0.0000	1
OSBPL10	ZNF195	DN_NC_073233.2_9788172_5	DN_NC_086017.1_41849524_2	genuine	0	5	2	2	multi	0	0.1616	0.0000	0.0000	0.0000	0.0000	4
OSBPL10	ZNF267	DN_NC_073242.2_37386128_4	DN_NC_086017.1_41849524_2	genuine	0	4	2	2	multi	0	0.2137	0.0000	0.0000	0.0000	0.0000	4
OSBPL10	ZNF415	DN_NC_073244.2_65046428_2	DN_NC_086017.1_41849470_3	genuine	0	4	3	3	multi	0	0.4218	0.0000	0.0000	0.0000	0.0000	4
OSBPL10	ZNF429	DN_NC_073244.2_27956158_4	DN_NC_086017.1_41849524_2	genuine	0	4	2	2	multi	0	0.2284	0.0000	0.0000	0.0000	0.0000	4
OSBPL10	ZNF519	DN_NC_073241.2_36126183_3	DN_NC_086017.1_41849524_2	genuine	0	3	2	2	multi	0	0.1496	0.0000	0.0000	0.0000	0.0000	4
OSBPL10	ZNF528	DN_NC_073244.2_64368633_7	DN_NC_086017.1_41849524_2	genuine	0	7	2	2	multi	0	0.2325	0.0000	0.0000	0.0000	0.0000	4
OSBPL10	ZNF578	DN_NC_073244.2_64426370_6	DN_NC_086017.1_41849524_2	genuine	0	6	2	2	multi	0	0.1490	0.4896	0.0000	0.0000	0.0000	4
OSBPL10	ZNF595	DN_NC_073227.2_8633416_4	DN_NC_086017.1_41849470_3	genuine	0	4	3	3	multi	0	0.2011	0.0000	0.0000	0.0000	0.0000	4
OSBPL10	ZNF600	DN_NC_073244.2_64724127_4	DN_NC_086017.1_41849524_2	genuine	0	4	2	2	multi	0	0.1623	0.3038	0.5000	0.0000	0.0000	4
OSBPL10	ZNF682	DN_NC_073244.2_26470366_4	DN_NC_086017.1_41849524_2	genuine	0	4	2	2	multi	0	0.1763	0.0000	0.0000	0.0000	0.0000	4
OSBPL10	ZNF766	DN_NC_073244.2_64231369_4	DN_NC_086017.1_41849470_3	genuine	0	4	3	3	multi	0	0.1617	0.0000	0.0000	0.0000	0.0000	4
OSBPL10	ZNF808	DN_NC_073244.2_64500861_5	DN_NC_086017.1_41849524_2	genuine	0	5	2	2	multi	0	0.2029	0.3369	0.0000	0.0000	0.0000	4
OSBPL10	ZNF83	DN_NC_073244.2_64585864_4	DN_NC_086017.1_41849524_2	genuine	0	4	2	2	multi	0	0.3938	0.0000	0.0000	0.0000	0.0000	4
OSBPL10	ZNF836	DN_NC_073244.2_64125568_5	DN_NC_086017.1_41849470_3	genuine	0	5	3	3	multi	0	0.2562	0.0000	0.0000	0.0000	0.0000	4
OSBPL10	ZNF841	DN_NC_073244.2_64034715_7	DN_NC_086017.1_41849524_2	genuine	0	7	2	2	multi	0	0.2787	0.0000	0.0000	0.0000	0.0000	4
OSBPL10	ZNF888	DN_NC_073244.2_64860608_4	DN_NC_086017.1_41849524_2	genuine	0	4	2	2	multi	0	0.1731	0.6413	0.0000	0.0000	0.0000	4
OSBPL10	ZNF91	DN_NC_073244.2_29680825_4	DN_NC_086017.1_41849524_2	genuine	0	4	2	2	multi	0	0.2787	0.0000	0.0000	0.0000	0.0000	4
OXCT1	PDCD5	DN_NC_073243.2_70014918_17	DN_NC_073244.2_43610901_6	genuine	0	17	6	6	multi	0	0.2761	0.3683	0.0000	0.1667	0.0000	0
OXCT1	SPC25	DN_NC_073235.2_71373985_7	DN_NC_073243.2_70014918_17	genuine	0	7	17	7	multi	0	0.2301	0.3412	0.1429	0.0000	0.0000	0
P4HA1	RPL17	DN_NC_073232.2_42645510_15	DN_NC_073241.2_78772517_7	genuine	0	15	7	7	multi	0	0.1526	0.2193	0.0000	0.4286	0.0000	1
PACSIN1	PACSIN2	DN_NC_073229.2_52271806_8	DN_NC_086018.1_40865904_11	truthbar	0	8	11	8	multi	0	0.2781	0.0000	0.0000	0.0000	0.0000	3
PBX1	PBX2	DN_NC_073224.2_91906991_7	DN_NC_073229.2_49774005_9	truthbar	0	6	9	6	multi	0	0.1828	0.0000	0.0000	0.0000	0.0000	1
PCBP2	PCBP3	DN_NC_073234.2_47868349_14	DN_NC_073246.2_47506574_18	truthbar	0	14	18	14	multi	0	0.2660	0.0000	0.0000	0.0000	0.0000	1
PCDHB15	PCDHB16	DN_NC_073228.2_145022553_2	DN_NC_073228.2_145079904_2	truthbar	0	2	2	2	multi	0	0.4570	0.4338	0.0000	0.0000	0.0000	3
PCDHB15	PCDHB2	DN_NC_073228.2_144930638_2	DN_NC_073228.2_145079893_2	truthbar	0	2	2	2	multi	0	0.6808	0.3906	0.0000	0.0000	0.0000	3
PCDHB15	PCDHB5	DN_NC_073228.2_144970572_2	DN_NC_073228.2_145079904_2	truthbar	0	2	2	2	multi	0	0.2448	0.2275	0.0000	0.0000	0.0000	3
PCDHB16	PCDHB2	DN_NC_073228.2_144930567_2	DN_NC_073228.2_145022553_2	truthbar	0	2	2	2	multi	0	0.4810	0.4239	0.0000	0.0000	0.0000	3
PCDHB16	PCDHB5	DN_NC_073228.2_144970572_2	DN_NC_073228.2_145022553_2	truthbar	0	2	2	2	multi	0	0.4830	0.4504	0.0000	0.0000	0.0000	3
PCDHB2	PCDHB5	DN_NC_073228.2_144930567_2	DN_NC_073228.2_144970572_2	truthbar	0	2	2	2	multi	0	0.3103	0.2964	0.0000	0.0000	0.0000	3
PDCD5	SELENOP	DN_NC_073243.2_69046517_5	DN_NC_073244.2_43610901_6	genuine	0	5	6	5	multi	0	0.2546	0.3731	0.0000	0.1667	0.0000	0
PDCD5	SEM1	DN_NC_073230.2_92132360_3	DN_NC_073244.2_43610901_6	genuine	0	3	6	3	multi	0	0.2609	0.3731	0.0000	0.1667	0.0000	0
PDCD5	SPATA33	DN_NC_073242.2_120248671_3	DN_NC_073244.2_43610901_6	genuine	0	3	6	3	multi	0	0.3675	0.3628	0.0000	0.1667	0.0000	0
PDCD5	SPC25	DN_NC_073235.2_71373985_7	DN_NC_073244.2_43610901_6	genuine	0	7	6	6	multi	0	0.2625	0.3747	0.1429	0.1667	0.1429	0
PDCD5	THNSL1	DN_NC_073232.2_34013134_3	DN_NC_073244.2_43610901_6	genuine	0	3	6	3	multi	0	0.2872	0.3620	0.0000	0.1667	0.0000	0
PDCD5	TMEM38B	DN_NC_073237.2_101948554_6	DN_NC_073244.2_43610901_6	genuine	0	6	6	6	multi	0	0.3787	0.3747	0.0000	0.1667	0.0000	0
PDCD5	TSPAN8	DN_NC_073234.2_86426177_10	DN_NC_073244.2_43610901_6	genuine	0	10	6	6	multi	0	0.2514	0.3699	0.0000	0.1667	0.0000	0
PDCD5	UCHL1	DN_NC_073227.2_49278079_9	DN_NC_073244.2_43610901_6	genuine	0	9	6	6	multi	0	0.3683	0.3683	0.0000	0.1667	0.0000	0
PDE4A	PDE4D	DN_NC_073243.2_51178324_11	DN_NC_073244.2_16453836_16	truthbar	0	11	16	11	multi	0	0.3556	0.0000	0.0000	0.0000	0.0000	1
PDIA3	PRKAB2	DN_NC_073224.2_114825986_4	DN_NC_073240.2_44556092_13	genuine	0	4	13	4	multi	0	0.4240	0.5733	0.2500	0.8462	0.2500	3
PDZD4	PDZRN3	DN_NC_073247.2_165490291_8	DN_NC_086017.1_83275067_10	truthbar	0	8	10	8	multi	0	0.1321	0.0000	0.0000	0.0000	0.0000	3
PFKFB3	PFKFB4	DN_NC_073232.2_15175774_15	DN_NC_086017.1_58383797_14	truthbar	0	15	14	14	multi	0	0.2039	0.0000	0.0000	0.0000	0.0000	3
PFKL	PFKM	DN_NC_073234.2_53131451_25	DN_NC_073246.2_46134650_22	truthbar	0	25	22	22	multi	0	0.3594	0.0000	0.0000	0.0000	0.0000	1
PFKL	PFKP	DN_NC_073232.2_12004654_22	DN_NC_073246.2_46134650_22	truthbar	0	22	22	22	multi	0	0.4324	0.0000	0.0000	0.0000	0.0000	1
PFKM	PFKP	DN_NC_073232.2_12004654_22	DN_NC_073234.2_53131451_25	truthbar	0	22	25	22	multi	0	0.2673	0.0000	0.0000	0.0000	0.0000	1
PGAM1	PGAM2	DN_NC_073230.2_51889040_3	DN_NC_073232.2_109704136_4	truthbar	0	3	4	3	multi	0	0.8589	0.0000	0.0000	0.0000	0.0000	3
PIP4K2B	PIP4K2C	DN_NC_073228.2_53674812_10	DN_NC_073234.2_43758373_10	truthbar	0	10	10	10	multi	0	0.1395	0.0000	0.0000	0.0000	0.0000	1
PJA1	PJA2	DN_NC_073228.2_113136254_10	DN_NC_073247.2_80936309_3	truthbar	0	10	3	3	multi	0	0.1916	0.0000	0.0000	0.0000	0.0000	3
PLXNB1	PLXNB2	DN_NC_086017.1_58271357_16	DN_NC_086018.1_48324966_37	truthbar	0	16	37	16	multi	0	0.1986	0.0000	0.0000	0.0000	0.0000	1
PLXNB1	PLXND1	DN_NC_086017.1_140746758_18	DN_NC_086017.1_58271357_16	truthbar	0	18	16	16	multi	0	0.1893	0.0000	0.0000	0.0000	0.0000	1
PNMA6E	PNMA6F	DN_NC_073247.2_165002679_2	DN_NC_073247.2_165081266_2	truthbar	0	2	2	2	multi	0	0.2383	0.9679	0.5000	0.5000	0.5000	1
PNPLA6	PNPLA7	DN_NC_073237.2_133885482_35	DN_NC_073244.2_13399581_32	truthbar	0	35	32	32	multi	0	0.3359	0.0000	0.0000	0.0000	0.0000	1
POLR2D	RPS26	DN_NC_073234.2_45319542_4	DN_NC_073235.2_29394327_4	genuine	0	4	4	4	multi	0	0.1330	0.0000	0.0000	0.0000	0.0000	3
POM121	POM121C	DN_NC_073230.2_82390460_3	DN_NC_073230.2_84208466_3	TP	1	3	3	3	multi	0	0.3818	0.6479	0.6667	0.6667	0.6667	4
PP2D1	RAB5A	DN_NC_086017.1_29787177_6	DN_NC_086017.1_29831691_3	genuine	0	6	3	3	multi	0	0.4931	0.4931	0.0000	0.3333	0.0000	3
PPP1CA	PPP1CC	DN_NC_073233.2_75326481_7	DN_NC_073234.2_126131834_7	truthbar	0	7	7	7	multi	0	0.6271	0.0000	0.0000	0.0000	0.0000	3
PPP2CA	PPP2CB	DN_NC_073228.2_138094944_7	DN_NC_073231.2_35021307_7	truthbar	0	7	7	7	multi	0	0.5792	0.0000	0.0000	0.0000	0.0000	3
PPP2R2C	PPP2R2D	DN_NC_073227.2_14847068_10	DN_NC_073232.2_144274206_9	truthbar	0	10	9	9	multi	0	0.2643	0.0000	0.0000	0.0000	0.0000	1
PPP2R5B	PPP2R5D	DN_NC_073229.2_60778300_16	DN_NC_073233.2_72823864_14	truthbar	0	16	14	14	multi	0	0.2668	0.0000	0.0000	0.0000	0.0000	3
PRKAR2A	PRKAR2B	DN_NC_073230.2_115994887_11	DN_NC_086017.1_58612310_12	truthbar	0	11	12	11	multi	0	0.2434	0.0000	0.0000	0.0000	0.0000	4
PRKCI	PRKCZ	DN_NC_073224.2_239070568_18	DN_NC_086017.1_181307962_18	truthbar	0	18	18	18	multi	0	0.1651	0.0000	0.0000	0.0000	0.0000	1
PRKD1	PRKD3	DN_NC_073236.2_102496314_19	DN_NC_073239.2_26918461_17	truthbar	0	19	17	17	multi	0	0.2875	0.0000	0.0000	0.0000	0.0000	1
PRPS1	PRPS2	DN_NC_073247.2_119410020_7	DN_NC_073247.2_23260131_7	truthbar	0	7	7	7	multi	0	0.3813	0.0000	0.0000	0.0000	0.0000	3
PTPN11	PTPN6	DN_NC_073234.2_127819985_16	DN_NC_073234.2_22604826_16	truthbar	0	16	16	16	multi	0	0.1367	0.0000	0.0000	0.0000	0.0000	3
PTPRA	PTPRE	DN_NC_073232.2_140203810_21	DN_NC_073245.2_12872093_19	truthbar	0	21	19	19	multi	0	0.2594	0.0000	0.0000	0.0000	0.0000	3
PTPRF	PTPRS	DN_NC_073224.2_196323176_17	DN_NC_073244.2_10996541_7	truthbar	0	17	7	7	multi	0	0.4497	0.4155	0.3529	0.8571	0.3529	3
PUM1	PUM2	DN_NC_073224.2_208886621_22	DN_NC_073236.2_119568063_21	truthbar	0	22	21	21	multi	0	0.4192	0.0000	0.0000	0.0000	0.0000	3
PWWP3A	PWWP3B	DN_NC_073244.2_7138158_14	DN_NC_073247.2_117958904_5	truthbar	0	14	5	5	multi	0	0.2290	0.0000	0.0000	0.0000	0.0000	1
PYCR1	PYCR2	DN_NC_073224.2_38985857_7	DN_NC_073228.2_10057969_7	genuine	0	7	7	7	multi	0	0.4983	0.0000	0.0000	0.0000	0.0000	1
PYGB	PYGL	DN_NC_073239.2_67861789_20	DN_NC_073245.2_35236141_20	truthbar	0	20	20	20	multi	0	0.5035	0.0000	0.0000	0.0000	0.0000	1
PYGB	PYGM	DN_NC_073233.2_72649199_20	DN_NC_073245.2_35236141_20	truthbar	0	20	20	20	multi	0	0.8658	0.0000	0.0000	0.0000	0.0000	1
PYGL	PYGM	DN_NC_073233.2_72649199_20	DN_NC_073239.2_67861789_20	truthbar	0	20	20	20	multi	0	0.5411	0.0000	0.0000	0.0000	0.0000	1
PYROXD1	RECQL	DN_NC_073234.2_79789135_15	DN_NC_073234.2_79820285_12	TP	1	15	12	12	multi	0	0.4514	0.4487	0.0667	0.0833	0.0667	0
RAB40B	RAB40C	DN_NC_073228.2_9291784_6	DN_NC_073242.2_4214750_6	truthbar	0	6	6	6	multi	0	0.2827	0.0000	0.0000	0.0000	0.0000	3
RABL2A	RABL2B	DN_NC_073235.2_15131698_9	DN_NC_086018.1_48818439_9	TP	1	9	9	9	multi	0	0.4684	0.8962	0.6667	0.8889	0.6667	2
RAC1	RAC2	DN_NC_073230.2_13762772_6	DN_NC_086018.1_35225663_7	truthbar	0	6	7	6	multi	0	0.4173	0.0000	0.0000	0.0000	0.0000	1
RAC2	RAC3	DN_NC_073228.2_9959442_6	DN_NC_086018.1_35225663_7	truthbar	0	6	7	6	multi	0	0.4186	0.0000	0.0000	0.0000	0.0000	1
RANBP17	XPO7	DN_NC_073228.2_174681363_28	DN_NC_073231.2_26115616_28	truthbar	0	28	28	28	multi	0	0.3561	0.0000	0.0000	0.0000	0.0000	1
RARA	RARB	DN_NC_073228.2_52119080_9	DN_NC_086017.1_35250847_8	truthbar	0	9	8	8	multi	0	0.3247	0.0000	0.0000	0.0000	0.0000	3
RARA	RARG	DN_NC_073228.2_52119080_9	DN_NC_073234.2_48129944_8	truthbar	0	9	8	8	multi	0	0.3893	0.0000	0.0000	0.0000	0.0000	3
RBBP4	SYNC	DN_NC_073224.2_207257149_3	DN_NC_073224.2_207270226_12	genuine	0	3	12	3	multi	0	0.6067	0.6047	0.3333	0.0833	0.0833	1
RCBTB1	RCBTB2	DN_NC_073238.2_62894676_12	DN_NC_073238.2_64027356_13	truthbar	0	12	13	12	multi	0	0.3792	0.0000	0.0000	0.0000	0.0000	3
REEP1	REEP2	DN_NC_073228.2_142333279_8	DN_NC_073236.2_53486662_7	truthbar	0	8	7	7	multi	0	0.2240	0.0000	0.0000	0.0000	0.0000	3
RFX6	RPL7A	DN_NC_073229.2_141117205_4	DN_NC_073237.2_129726988_8	genuine	0	4	8	4	multi	0	0.7420	0.7377	0.0000	0.8750	0.0000	3
RGS6	RGS7	DN_NC_073224.2_14366670_16	DN_NC_073239.2_89227263_15	truthbar	0	16	15	15	multi	0	0.2842	0.0000	0.0000	0.0000	0.0000	3
RHBDF1	RHBDF2	DN_NC_073228.2_15481792_19	DN_NC_073242.2_3677891_18	truthbar	0	19	17	17	multi	0	0.2770	0.0000	0.0000	0.0000	0.0000	1
RHD	SDHD	DN_NC_073224.2_214517378_2	DN_NC_073233.2_119992784_4	genuine	0	2	4	2	multi	0	0.4522	0.9108	0.5000	0.7500	0.5000	3
RHOBTB1	RHOBTB2	DN_NC_073231.2_27206312_6	DN_NC_073232.2_54856348_6	truthbar	0	6	6	6	multi	0	0.2285	0.0000	0.0000	0.0000	0.0000	3
RPGRIP1	SUPT16H	DN_NC_073239.2_35280580_26	DN_NC_073239.2_35311777_12	genuine	0	26	12	12	multi	0	0.4093	0.4091	0.0385	0.0833	0.0385	3
RPL10	RPL10L	DN_NC_073239.2_63601483_4	DN_NC_073247.2_166018918_6	truthbar	0	4	6	4	multi	0	0.7732	0.7744	0.0000	0.8333	0.0000	1
RPL14	ZNF490	DN_NC_073244.2_18614963_5	DN_NC_086017.1_50362387_6	genuine	0	5	6	5	multi	0	0.1344	0.0000	0.0000	0.0000	0.0000	4
RPL31	TBC1D8	DN_NC_073236.2_38854516_5	DN_NC_073236.2_38858247_18	genuine	0	5	18	5	multi	0	0.7206	0.7069	0.2000	0.0556	0.0556	3
RPL36A	RPL36AL	DN_NC_073239.2_66562547_2	DN_NC_073247.2_113167390_5	truthbar	0	2	5	2	multi	0	0.7511	0.0000	0.0000	0.0000	0.0000	1
RPL39	RPL39L	DN_NC_073247.2_131468464_3	DN_NC_086017.1_198207851_3	truthbar	0	3	3	3	multi	0	0.4551	0.0000	0.0000	0.0000	0.0000	3
RPL9	TIPIN	DN_NC_073227.2_47476685_7	DN_NC_073240.2_67167028_2	genuine	0	7	2	2	multi	0	0.6059	0.6059	0.8571	0.0000	0.0000	1
RPLP1	TXNL4B	DN_NC_073240.2_70293854_4	DN_NC_073242.2_101553722_4	genuine	0	4	4	4	multi	0	0.1967	0.4274	0.7500	0.0000	0.0000	1
RPS15A	WWOX	DN_NC_073242.2_108616637_5	DN_NC_073242.2_18137074_5	genuine	0	5	5	5	multi	0	0.1412	0.0000	0.0000	0.0000	0.0000	3
RPS26	WDR55	DN_NC_073228.2_144514226_7	DN_NC_073234.2_45319542_4	genuine	0	7	4	4	multi	0	0.1369	0.0000	0.0000	0.0000	0.0000	3
RPS27A	UBC	DN_NC_073234.2_140369418_2	DN_NC_073236.2_84556071_6	genuine	0	2	6	2	multi	0	0.3693	0.0000	0.0000	0.0000	0.0000	1
RPS4X	RPS4Y1	DN_NC_073247.2_84011480_7	DN_NC_073248.2_9423438_7	truthbar	0	7	7	7	multi	0	0.5698	0.0000	0.0000	0.0000	0.0000	3
RPS6KA1	RPS6KA2	DN_NC_073224.2_213368965_21	DN_NC_073229.2_190755772_21	truthbar	0	21	21	21	multi	0	0.3292	0.0000	0.0000	0.0000	0.0000	1
RPS6KA3	RPS6KA6	DN_NC_073247.2_30634906_22	DN_NC_073247.2_95843403_22	truthbar	0	22	22	22	multi	0	0.2091	0.0000	0.0000	0.0000	0.0000	3
RYR1	RYR3	DN_NC_073240.2_34675462_15	DN_NC_073244.2_50330993_16	truthbar	0	15	16	15	multi	0	0.4182	0.0000	0.0000	0.0000	0.0000	1
RYR2	RYR3	DN_NC_073224.2_26635584_9	DN_NC_073240.2_34675462_15	truthbar	0	9	15	9	multi	0	0.3629	0.0000	0.0000	0.0000	0.0000	1
SAFB	SAFB2	DN_NC_073244.2_11377962_21	DN_NC_073244.2_11413820_21	truthbar	0	21	21	21	multi	0	0.1730	0.1570	0.0476	0.0476	0.0476	1
SAMD9	SAMD9L	DN_NC_073230.2_95688791_4	DN_NC_073230.2_95718597_3	truthbar	0	4	3	3	multi	0	0.1847	0.0000	0.0000	0.0000	0.0000	3
SARM1	SLC46A1	DN_NC_073228.2_64684384_5	DN_NC_073228.2_64691860_6	TP	1	5	6	5	multi	0	0.7251	0.7245	0.2000	0.1667	0.1667	4
SCN7A	SCN9A	DN_NC_073235.2_68674135_11	DN_NC_073235.2_68877817_25	truthbar	0	11	25	11	multi	0	0.2562	0.0000	0.0000	0.0000	0.0000	3
SELENOP	SPC25	DN_NC_073235.2_71373985_7	DN_NC_073243.2_69046517_5	genuine	0	7	5	5	multi	0	0.2412	0.3471	0.1429	0.0000	0.0000	0
SEM1	SPATA33	DN_NC_073230.2_92132360_3	DN_NC_073242.2_120248671_3	genuine	0	3	3	3	multi	0	0.1723	0.2421	0.0000	0.0000	0.0000	0
SEM1	SPC25	DN_NC_073230.2_92132360_3	DN_NC_073235.2_71373985_7	genuine	0	3	7	3	multi	0	0.1390	0.3471	0.0000	0.1429	0.0000	0
SEM1	THNSL1	DN_NC_073230.2_92132360_3	DN_NC_073232.2_34013134_3	genuine	0	3	3	3	multi	0	0.1723	0.2354	0.0000	0.0000	0.0000	0
SEM1	TMEM38B	DN_NC_073230.2_92132360_3	DN_NC_073237.2_101948554_6	genuine	0	3	6	3	multi	0	0.1738	0.2421	0.0000	0.0000	0.0000	0
SEM1	UCHL1	DN_NC_073227.2_49278079_9	DN_NC_073230.2_92132360_3	genuine	0	9	3	3	multi	0	0.1662	0.2379	0.0000	0.0000	0.0000	0
SEPTIN10	SEPTIN14	DN_NC_073230.2_63974160_10	DN_NC_073236.2_47432803_11	truthbar	0	10	11	10	multi	0	0.3071	0.0000	0.0000	0.0000	0.0000	3
SEPTIN4	SEPTIN5	DN_NC_073228.2_33518400_11	DN_NC_086018.1_17151658_12	genuine	0	11	12	11	multi	0	0.3773	0.0000	0.0000	0.0000	0.0000	3
SERF2	SERINC4	DN_NC_073240.2_44603034_3	DN_NC_073240.2_44604956_12	genuine	0	3	12	3	multi	0	0.4008	0.4012	0.0000	0.0833	0.0000	1
SH3GL1	SH3GL2	DN_NC_073237.2_46657799_9	DN_NC_073244.2_10146023_10	truthbar	0	9	10	9	multi	0	0.3263	0.0000	0.0000	0.0000	0.0000	1
SLC12A4	SLC12A6	DN_NC_073240.2_35071983_25	DN_NC_073242.2_97170214_24	truthbar	0	25	24	24	multi	0	0.4100	0.0000	0.0000	0.0000	0.0000	3
SLC1A3	SLC1A6	DN_NC_073243.2_81969227_10	DN_NC_073244.2_21366814_9	truthbar	0	10	9	9	multi	0	0.2989	0.0000	0.0000	0.0000	0.0000	1
SLC22A4	SLC22A5	DN_NC_073228.2_136205303_10	DN_NC_073228.2_136280772_10	truthbar	0	10	10	10	multi	0	0.3151	0.2794	0.3000	0.3000	0.3000	3
SLC25A12	WDR64	DN_NC_073224.2_13812644_2	DN_NC_073235.2_74414844_11	genuine	0	2	11	2	multi	0	0.1710	0.0000	0.0000	0.0000	0.0000	1
SLC27A1	SLC27A4	DN_NC_073237.2_124724631_14	DN_NC_073244.2_23914271_12	truthbar	0	14	12	12	multi	0	0.3063	0.0000	0.0000	0.0000	0.0000	3
SLC43A1	SLC43A2	DN_NC_073233.2_65156508_13	DN_NC_073243.2_16710332_14	truthbar	0	13	14	13	multi	0	0.1659	0.0000	0.0000	0.0000	0.0000	1
SLC4A2	SLC4A3	DN_NC_073230.2_159879400_23	DN_NC_073235.2_122326496_17	truthbar	0	23	17	17	multi	0	0.1915	0.0000	0.0000	0.0000	0.0000	3
SLC4A7	SLC4A8	DN_NC_073234.2_49830161_25	DN_NC_086017.1_37226306_22	truthbar	0	25	22	22	multi	0	0.2014	0.0000	0.0000	0.0000	0.0000	1
SLC6A2	SLC6A3	DN_NC_073242.2_84722201_14	DN_NC_073243.2_110732778_15	truthbar	0	14	15	14	multi	0	0.3340	0.0000	0.0000	0.0000	0.0000	1
SLC7A6	SLC7A6OS	DN_NC_073242.2_97493790_12	DN_NC_073242.2_97528976_5	TP	1	12	5	5	multi	0	0.7972	0.7977	0.0833	0.2000	0.0833	3
SLC7A6	SLC7A7	DN_NC_073239.2_33826105_11	DN_NC_073242.2_97493790_12	truthbar	0	11	12	11	multi	0	0.3957	0.0000	0.0000	0.0000	0.0000	3
SLC9A6	SLC9A7	DN_NC_073247.2_147692428_16	DN_NC_073247.2_57005939_17	truthbar	0	16	17	16	multi	0	0.4687	0.0000	0.0000	0.0000	0.0000	3
SLC9A7	SLC9A9	DN_NC_073247.2_57005939_17	DN_NC_086017.1_154449519_16	truthbar	0	17	16	16	multi	0	0.2693	0.0000	0.0000	0.0000	0.0000	3
SMARCA1	SMARCA5	DN_NC_073227.2_164298818_24	DN_NC_073247.2_141177039_25	truthbar	0	24	25	24	multi	0	0.3227	0.0000	0.0000	0.0000	0.0000	3
SMARCC1	SMARCC2	DN_NC_073234.2_45177188_28	DN_NC_086017.1_57502847_23	truthbar	0	29	23	23	multi	0	0.2026	0.0000	0.0000	0.0000	0.0000	3
SMIM26	TERF2IP	DN_NC_073242.2_106138908_3	DN_NC_073245.2_28570800_2	genuine	0	3	2	2	multi	0	0.2073	0.0000	0.0000	0.0000	0.0000	3
SMYD3	SPC25	DN_NC_073224.2_9521619_7	DN_NC_073235.2_71373985_7	genuine	0	7	7	7	multi	0	0.2397	0.0000	0.0000	0.0000	0.0000	0
SNRPB	SNURF	DN_NC_073240.2_26182490_10	DN_NC_073245.2_12383621_7	truthbar	0	10	7	7	multi	0	0.7873	0.0000	0.0000	0.0000	0.0000	1
SNX14	WDR64	DN_NC_073224.2_13812644_2	DN_NC_073229.2_109663823_28	genuine	0	2	28	2	multi	0	0.1521	0.0000	0.0000	0.0000	0.0000	1
SP100	SP140L	DN_NC_073235.2_133031264_19	DN_NC_073235.2_133124679_15	truthbar	0	19	15	15	multi	0	0.2915	0.2659	0.2105	0.2000	0.2000	3
SPATA33	SPC25	DN_NC_073235.2_71373985_7	DN_NC_073242.2_120248671_3	genuine	0	7	3	3	multi	0	0.2316	0.3485	0.1429	0.0000	0.0000	0
SPC25	THNSL1	DN_NC_073232.2_34013134_3	DN_NC_073235.2_71373985_7	genuine	0	3	7	3	multi	0	0.1647	0.3368	0.0000	0.1429	0.0000	0
SPC25	TMEM38B	DN_NC_073235.2_71373985_7	DN_NC_073237.2_101948554_6	genuine	0	7	6	6	multi	0	0.2449	0.3485	0.1429	0.0000	0.0000	0
SPC25	TSPAN8	DN_NC_073234.2_86426177_10	DN_NC_073235.2_71373985_7	genuine	0	10	7	7	multi	0	0.2338	0.3419	0.0000	0.1429	0.0000	0
SPC25	UCHL1	DN_NC_073227.2_49278079_9	DN_NC_073235.2_71373985_7	genuine	0	9	7	7	multi	0	0.2426	0.3404	0.0000	0.1429	0.0000	0
SPDYA	TRMT61B	DN_NC_073236.2_111042998_7	DN_NC_073236.2_111062321_8	genuine	0	7	8	7	multi	0	0.1754	0.1754	0.0000	0.0000	0.0000	3
SPIN1	SPIN3	DN_NC_073237.2_84822135_6	DN_NC_073247.2_67140268_2	truthbar	0	6	2	2	multi	0	0.1494	0.1426	0.3333	0.0000	0.0000	1
SPSB2	TPI1	DN_NC_073234.2_22528772_7	DN_NC_073234.2_22529951_2	genuine	0	7	2	2	multi	0	0.4667	0.6151	0.2857	0.0000	0.0000	3
SPTBN1	SPTBN2	DN_NC_073233.2_74603920_22	DN_NC_073236.2_85139103_21	truthbar	0	22	21	21	multi	0	0.3603	0.0000	0.0000	0.0000	0.0000	3
SQLE	WASHC5	DN_NC_073231.2_130827518_11	DN_NC_073231.2_130851528_29	genuine	0	11	29	11	multi	0	0.3650	0.3650	0.0000	0.0345	0.0000	1
SRR	TSR1	DN_NC_073243.2_17433799_8	DN_NC_073243.2_17450998_15	genuine	0	8	15	8	multi	0	0.2879	0.2871	0.0000	0.0000	0.0000	1
SRRD	TFIP11	DN_NC_086018.1_24502908_7	DN_NC_086018.1_24509591_14	genuine	0	7	14	7	multi	0	0.2331	0.2288	0.0000	0.0714	0.0000	1
STEAP1	STEAP1B	DN_NC_073230.2_29909396_5	DN_NC_073230.2_98628332_5	TP	1	5	5	5	multi	0	0.3345	0.3345	0.6000	0.8000	0.6000	0
STK3	STK4	DN_NC_073231.2_104280615_11	DN_NC_073245.2_57199021_10	truthbar	0	11	10	10	multi	0	0.4586	0.0000	0.0000	0.0000	0.0000	1
SULF1	SULF2	DN_NC_073231.2_50727873_22	DN_NC_073245.2_59890561_21	truthbar	0	22	21	21	multi	0	0.3018	0.0000	0.0000	0.0000	0.0000	3
SURF2	SURF4	DN_NC_073237.2_129735503_6	DN_NC_073237.2_129740502_6	TP	1	6	6	6	multi	0	0.7381	0.7381	0.1667	0.1667	0.1667	0
TARS1	TARS3	DN_NC_073240.2_102922989_19	DN_NC_073243.2_79064876_19	truthbar	0	19	19	19	multi	0	0.5427	0.0000	0.0000	0.0000	0.0000	1
TBC1D10A	TBC1D10B	DN_NC_073242.2_36070435_9	DN_NC_086018.1_28313237_9	genuine	0	9	9	9	multi	0	0.3956	0.0000	0.0000	0.0000	0.0000	1
TBX2	TBX3	DN_NC_073228.2_30586164_7	DN_NC_073234.2_130067111_7	truthbar	0	7	7	7	multi	0	0.2308	0.0000	0.0000	0.0000	0.0000	3
TCEAL2	TCEAL4	DN_NC_073247.2_113908222_3	DN_NC_073247.2_115371773_3	truthbar	0	3	3	3	multi	0	0.3810	0.7157	0.6667	0.3333	0.3333	0
TCEAL2	TCEAL6	DN_NC_073247.2_113908222_3	DN_NC_073247.2_113922705_3	truthbar	0	3	3	3	multi	0	0.2187	0.0000	0.0000	0.0000	0.0000	0
TCEAL5	TCEAL6	DN_NC_073247.2_113922705_3	DN_NC_073247.2_115050911_3	TP	1	3	3	3	multi	0	0.4498	0.4990	0.3333	0.0000	0.0000	0
TEAD3	TEAD4	DN_NC_073229.2_53231942_12	DN_NC_073234.2_18597435_13	truthbar	0	12	13	12	multi	0	0.3762	0.0000	0.0000	0.0000	0.0000	3
TESK2	TOE1	DN_NC_073224.2_194445089_11	DN_NC_073224.2_194593658_8	genuine	0	11	8	8	multi	0	0.6233	0.6233	0.0909	0.1250	0.0909	3
THBS1	THBS2	DN_NC_073229.2_193493894_22	DN_NC_073240.2_40283792_22	truthbar	0	22	22	22	multi	0	0.4079	0.0000	0.0000	0.0000	0.0000	1
TLN1	TLN2	DN_NC_073237.2_27266553_20	DN_NC_073240.2_63549614_16	truthbar	0	20	16	16	multi	0	0.6212	0.0000	0.0000	0.0000	0.0000	1
TMEM120A	TMEM120B	DN_NC_073230.2_84854491_12	DN_NC_073234.2_137155900_12	genuine	0	12	12	12	multi	0	0.4335	0.0000	0.0000	0.0000	0.0000	1
TMEM63A	TMEM63B	DN_NC_073224.2_38911600_25	DN_NC_073229.2_61929003_23	truthbar	0	25	23	23	multi	0	0.1794	0.0000	0.0000	0.0000	0.0000	1
TNFRSF10A	TNFRSF10B	DN_NC_073231.2_27219653_9	DN_NC_073231.2_27420263_10	truthbar	0	9	10	9	multi	0	0.1833	0.0000	0.0000	0.0000	0.0000	3
TNFRSF10A	TNFRSF10D	DN_NC_073231.2_27367940_9	DN_NC_073231.2_27420263_10	truthbar	0	9	10	9	multi	0	0.1303	0.0000	0.0000	0.0000	0.0000	3
TNKS	TNKS2	DN_NC_073231.2_14164248_27	DN_NC_073232.2_104141687_27	truthbar	0	27	27	27	multi	0	0.3854	0.0000	0.0000	0.0000	0.0000	1
TOR3A	TRAF5	DN_NC_073224.2_45389129_11	DN_NC_073224.2_77707994_7	genuine	0	11	7	7	multi	0	0.2059	0.2059	0.0000	0.0000	0.0000	0
TPM1	TPM2	DN_NC_073237.2_27282743_9	DN_NC_073240.2_63815908_8	truthbar	0	9	8	8	multi	0	0.5214	0.0000	0.0000	0.0000	0.0000	3
TPPP	TPPP3	DN_NC_073242.2_96607850_4	DN_NC_073243.2_111657543_4	truthbar	0	4	4	4	multi	0	0.2636	0.0000	0.0000	0.0000	0.0000	3
TPRKB	VAMP1	DN_NC_073234.2_22113821_5	DN_NC_073236.2_66023783_5	genuine	0	5	5	5	multi	0	0.2582	0.0000	0.0000	0.0000	0.0000	3
TRAPPC2	ZNF547	DN_NC_073244.2_69466469_2	DN_NC_073247.2_24180353_4	genuine	0	2	4	2	multi	0	0.2258	0.9262	0.5000	0.7500	0.5000	3
TRIM21	TRIM6	DN_NC_073233.2_10737351_7	DN_NC_073233.2_11930987_8	truthbar	0	7	8	7	multi	0	0.1615	0.0000	0.0000	0.0000	0.0000	1
TRIM22	TRIM34	DN_NC_073233.2_11960151_8	DN_NC_073233.2_12022944_8	truthbar	0	8	8	8	multi	0	0.3863	0.0000	0.0000	0.0000	0.0000	1
TRIM22	TRIM5	DN_NC_073233.2_11997286_8	DN_NC_073233.2_12022944_8	truthbar	0	8	8	8	multi	0	0.2160	0.0000	0.0000	0.0000	0.0000	1
TRIM22	TRIM6	DN_NC_073233.2_11930987_8	DN_NC_073233.2_12022944_8	truthbar	0	8	8	8	multi	0	0.1728	0.0000	0.0000	0.0000	0.0000	1
TRIM34	TRIM6	DN_NC_073233.2_11930987_8	DN_NC_073233.2_11960151_8	truthbar	0	8	8	8	multi	0	0.3655	0.0000	0.0000	0.0000	0.0000	1
TRIM50	TRIM73	DN_NC_073230.2_82405962_7	DN_NC_073230.2_84189831_5	TP	1	7	5	5	multi	0	0.4795	0.5848	0.5714	0.6000	0.5714	0
TRIM60	TRIM61	DN_NC_073227.2_185890924_3	DN_NC_073227.2_185943028_3	truthbar	0	3	3	3	multi	0	0.5371	0.0000	0.0000	0.0000	0.0000	3
TSPYL1	TSPYL4	DN_NC_073229.2_140449427_2	DN_NC_073229.2_140476081_2	truthbar	0	2	2	2	multi	0	0.1640	0.0000	0.0000	0.0000	0.0000	3
TUBA1C	TUBA3E	DN_NC_073234.2_52064465_4	DN_NC_073235.2_32697745_5	truthbar	0	4	5	4	multi	0	0.8409	0.0000	0.0000	0.0000	0.0000	3
TUBA1C	TUBA8	DN_NC_073234.2_52064465_4	DN_NC_086018.1_16134008_5	truthbar	0	4	5	4	multi	0	0.7173	0.0000	0.0000	0.0000	0.0000	3
TUBA1C	TUBAL3	DN_NC_073232.2_14351656_4	DN_NC_073234.2_52064465_4	truthbar	0	4	4	4	multi	0	0.7025	0.0000	0.0000	0.0000	0.0000	3
TUBA3E	TUBA8	DN_NC_073235.2_32697745_5	DN_NC_086018.1_16134008_5	truthbar	0	5	5	5	multi	0	0.7538	0.5492	0.4000	0.4000	0.4000	3
TUBA3E	TUBAL3	DN_NC_073232.2_14351656_4	DN_NC_073235.2_32697745_5	truthbar	0	4	5	4	multi	0	0.7380	0.0000	0.0000	0.0000	0.0000	3
TUBB	TUBB2A	DN_NC_073229.2_20766733_4	DN_NC_073229.2_48413863_4	truthbar	0	4	4	4	multi	0	0.7841	0.7512	0.7500	0.5000	0.5000	4
TUBB	TUBB4A	DN_NC_073229.2_48413863_4	DN_NC_073244.2_12296250_4	truthbar	0	4	4	4	multi	0	0.5613	0.0000	0.0000	0.0000	0.0000	4
TUBB	TUBB4B	DN_NC_073229.2_48413863_4	DN_NC_073237.2_133664160_4	truthbar	0	4	4	4	multi	0	0.5607	0.5421	0.5000	0.7500	0.5000	4
TUBB	TUBB8	DN_NC_073229.2_48413863_4	DN_NC_073232.2_8975313_3	truthbar	0	4	3	3	multi	0	0.6513	0.0000	0.0000	0.0000	0.0000	4
TUBB2A	TUBB4A	DN_NC_073229.2_20766733_4	DN_NC_073244.2_12296250_4	TP	1	4	4	4	multi	0	0.7624	0.7612	0.7500	0.7500	0.7500	4
TUBB2A	TUBB4B	DN_NC_073229.2_20766733_4	DN_NC_073237.2_133664160_4	truthbar	0	4	4	4	multi	0	0.7994	0.7547	0.7500	0.7500	0.7500	4
TUBB2A	TUBB8	DN_NC_073229.2_20766733_4	DN_NC_073232.2_8975313_3	truthbar	0	4	3	3	multi	0	0.6519	0.0000	0.0000	0.0000	0.0000	4
TUBB4A	TUBB4B	DN_NC_073237.2_133664160_4	DN_NC_073244.2_12296250_4	truthbar	0	4	4	4	multi	0	0.5608	0.5773	0.7500	0.7500	0.7500	4
TUBB4A	TUBB8	DN_NC_073232.2_8975313_3	DN_NC_073244.2_12296250_4	truthbar	0	3	4	3	multi	0	0.6646	0.0000	0.0000	0.0000	0.0000	4
TUBB4B	TUBB8	DN_NC_073232.2_8975313_3	DN_NC_073237.2_133664160_4	truthbar	0	3	4	3	multi	0	0.6525	0.6614	0.3333	0.2500	0.2500	4
TXNL1	U2AF1L4	DN_NC_073241.2_85926559_8	DN_NC_073244.2_46809556_3	genuine	0	8	3	3	multi	0	0.1445	0.0000	0.0000	0.0000	0.0000	3
UBB	UBC	DN_NC_073228.2_83796015_2	DN_NC_073234.2_140369418_3	genuine	0	2	3	2	multi	0	0.6709	0.6680	0.5000	0.6667	0.5000	1
UBE2L3	YDJC	DN_NC_086018.1_19196747_2	DN_NC_086018.1_19202967_5	genuine	0	2	5	2	multi	0	0.1668	0.3547	0.5000	0.4000	0.4000	1
UBE2Q1	UBE2Q2	DN_NC_073224.2_102253297_12	DN_NC_073240.2_76716889_13	truthbar	0	12	13	12	multi	0	0.2525	0.0000	0.0000	0.0000	0.0000	3
UBQLN1	UBQLN2	DN_NC_073237.2_79864647_11	DN_NC_073247.2_66651439_2	truthbar	0	11	2	2	multi	0	0.1426	0.0000	0.0000	0.0000	0.0000	1
UBQLN2	UBQLN4	DN_NC_073224.2_100772522_11	DN_NC_073247.2_66651439_2	truthbar	0	11	2	2	multi	0	0.1410	0.0000	0.0000	0.0000	0.0000	1
UCK1	UCK2	DN_NC_073224.2_90855831_7	DN_NC_073237.2_127902837_7	truthbar	0	7	7	7	multi	0	0.2150	0.0000	0.0000	0.0000	0.0000	3
ULBP1	ULBP3	DN_NC_073229.2_174132332_5	DN_NC_073229.2_174230881_5	truthbar	0	5	5	5	multi	0	0.1754	0.8307	0.6000	0.6000	0.6000	3
USP9X	USP9Y	DN_NC_073247.2_51578190_11	DN_NC_073248.2_31260866_11	truthbar	0	11	11	11	multi	0	0.3511	0.7296	0.9091	0.9091	0.9091	3
VAV1	VAV2	DN_NC_073237.2_130138569_27	DN_NC_073244.2_12577232_27	truthbar	0	27	27	27	multi	0	0.1580	0.0000	0.0000	0.0000	0.0000	3
WFIKKN1	WFIKKN2	DN_NC_073228.2_41229799_2	DN_NC_073242.2_4252822_2	truthbar	0	2	2	2	multi	0	0.1634	0.0000	0.0000	0.0000	0.0000	3
YWHAG	YWHAH	DN_NC_073230.2_84474222_2	DN_NC_086018.1_29956541_2	truthbar	0	2	2	2	multi	0	0.4025	0.0000	0.0000	0.0000	0.0000	3
ZBTB26	ZBTB6	DN_NC_073237.2_119275968_2	DN_NC_073237.2_119275970_2	truthbar	0	2	2	2	multi	0	0.9856	0.9841	0.5000	0.5000	0.5000	1
ZCCHC12	ZCCHC18	DN_NC_073247.2_115884983_3	DN_NC_073247.2_130545427_4	truthbar	0	3	4	3	multi	0	0.3238	0.5354	0.3333	0.2500	0.2500	3
ZFP1	ZNF619	DN_NC_073242.2_105636398_4	DN_NC_086017.1_50382141_5	genuine	0	4	5	4	multi	0	0.2261	0.0000	0.0000	0.0000	0.0000	1
ZFP2	ZFP69B	DN_NC_073224.2_199494304_6	DN_NC_073228.2_182864372_4	truthbar	0	6	4	4	multi	0	0.2898	0.0000	0.0000	0.0000	0.0000	3
ZFP2	ZFP90	DN_NC_073228.2_182864372_4	DN_NC_073242.2_97765438_4	truthbar	0	4	4	4	multi	0	0.1704	0.0000	0.0000	0.0000	0.0000	3
ZFP2	ZNF391	DN_NC_073228.2_182864372_4	DN_NC_073229.2_45005781_3	truthbar	0	4	3	3	multi	0	0.1455	0.0000	0.0000	0.0000	0.0000	3
ZFP2	ZNF485	DN_NC_073228.2_182864372_4	DN_NC_073232.2_71834982_5	truthbar	0	4	5	4	multi	0	0.1997	0.0000	0.0000	0.0000	0.0000	3
ZFP2	ZNF514	DN_NC_073228.2_182864372_4	DN_NC_073236.2_32302189_6	truthbar	0	4	6	4	multi	0	0.1367	0.0000	0.0000	0.0000	0.0000	3
ZFP2	ZNF554	DN_NC_073228.2_182864372_4	DN_NC_073244.2_8594978_5	truthbar	0	4	5	4	multi	0	0.2747	0.0000	0.0000	0.0000	0.0000	3
ZFP2	ZNF621	DN_NC_073228.2_182864372_4	DN_NC_086017.1_50431420_5	truthbar	0	4	5	4	multi	0	0.2057	0.0000	0.0000	0.0000	0.0000	3
ZFP2	ZNF879	DN_NC_073228.2_182864372_4	DN_NC_073228.2_182994030_5	truthbar	0	4	5	4	multi	0	0.3228	0.0000	0.0000	0.0000	0.0000	3
ZFP28	ZFP82	DN_NC_073244.2_47586219_5	DN_NC_073244.2_68643423_8	truthbar	0	5	8	5	multi	0	0.1500	0.0000	0.0000	0.0000	0.0000	0
ZFP28	ZNF184	DN_NC_073229.2_45067329_6	DN_NC_073244.2_68643423_8	truthbar	0	6	8	6	multi	0	0.1646	0.0000	0.0000	0.0000	0.0000	0
ZFP28	ZNF30	DN_NC_073244.2_45985550_6	DN_NC_073244.2_68643423_8	truthbar	0	6	8	6	multi	0	0.1879	0.0000	0.0000	0.0000	0.0000	0
ZFP28	ZNF420	DN_NC_073244.2_48242798_5	DN_NC_073244.2_68643423_8	truthbar	0	5	8	5	multi	0	0.1389	0.0000	0.0000	0.0000	0.0000	0
ZFP28	ZNF461	DN_NC_073244.2_47831779_6	DN_NC_073244.2_68643423_8	truthbar	0	6	8	6	multi	0	0.1553	0.0000	0.0000	0.0000	0.0000	0
ZFP28	ZNF471	DN_NC_073244.2_68611978_5	DN_NC_073244.2_68643423_8	truthbar	0	5	8	5	multi	0	0.1812	0.0000	0.0000	0.0000	0.0000	0
ZFP28	ZNF546	DN_NC_073244.2_51749194_6	DN_NC_073244.2_68643423_8	truthbar	0	6	8	6	multi	0	0.1862	0.0000	0.0000	0.0000	0.0000	0
ZFP28	ZNF565	DN_NC_073244.2_47250467_5	DN_NC_073244.2_68643423_8	truthbar	0	5	8	5	multi	0	0.1879	0.0000	0.0000	0.0000	0.0000	0
ZFP28	ZNF665	DN_NC_073244.2_65102393_4	DN_NC_073244.2_68643423_8	truthbar	0	4	8	4	multi	0	0.2256	0.0000	0.0000	0.0000	0.0000	0
ZFP28	ZNF790	DN_NC_073244.2_47997304_5	DN_NC_073244.2_68643423_8	truthbar	0	5	8	5	multi	0	0.2750	0.0000	0.0000	0.0000	0.0000	0
ZFP3	ZFP82	DN_NC_073243.2_20204464_2	DN_NC_073244.2_47586219_5	truthbar	0	2	5	2	multi	0	0.1682	0.0000	0.0000	0.0000	0.0000	0
ZFP3	ZNF189	DN_NC_073237.2_97733433_3	DN_NC_073243.2_20204464_2	truthbar	0	3	2	2	multi	0	0.1486	0.0000	0.0000	0.0000	0.0000	0
ZFP3	ZNF283	DN_NC_073243.2_20204464_2	DN_NC_073244.2_55341363_7	genuine	0	2	7	2	multi	0	0.2085	0.0000	0.0000	0.0000	0.0000	0
ZFP3	ZNF420	DN_NC_073243.2_20204464_2	DN_NC_073244.2_48242798_5	truthbar	0	2	5	2	multi	0	0.2317	0.0000	0.0000	0.0000	0.0000	0
ZFP3	ZNF565	DN_NC_073243.2_20204464_2	DN_NC_073244.2_47250467_5	truthbar	0	2	5	2	multi	0	0.1815	0.0000	0.0000	0.0000	0.0000	0
ZFP3	ZNF571	DN_NC_073243.2_20204464_2	DN_NC_073244.2_49072464_4	truthbar	0	2	4	2	multi	0	0.2433	0.0000	0.0000	0.0000	0.0000	0
ZFP3	ZNF573	DN_NC_073243.2_20204464_2	DN_NC_073244.2_49246931_6	truthbar	0	2	6	2	multi	0	0.2201	0.0000	0.0000	0.0000	0.0000	0
ZFP3	ZNF582	DN_NC_073243.2_20204464_2	DN_NC_073244.2_68491976_5	truthbar	0	2	5	2	multi	0	0.2374	0.0000	0.0000	0.0000	0.0000	0
ZFP3	ZNF583	DN_NC_073243.2_20204464_2	DN_NC_073244.2_68513423_5	truthbar	0	2	5	2	multi	0	0.1864	0.0000	0.0000	0.0000	0.0000	0
ZFP3	ZNF665	DN_NC_073243.2_20204464_2	DN_NC_073244.2_65102393_4	truthbar	0	2	4	2	multi	0	0.2592	0.0000	0.0000	0.0000	0.0000	0
ZFP3	ZNF780A	DN_NC_073243.2_20204464_2	DN_NC_073244.2_51825388_5	truthbar	0	2	5	2	multi	0	0.1480	0.0000	0.0000	0.0000	0.0000	0
ZFP3	ZNF790	DN_NC_073243.2_20204464_2	DN_NC_073244.2_47997304_5	truthbar	0	2	5	2	multi	0	0.3094	0.0000	0.0000	0.0000	0.0000	0
ZFP37	ZNF140	DN_NC_073234.2_148580749_5	DN_NC_073237.2_109279481_4	truthbar	0	5	4	4	multi	0	0.1882	0.0000	0.0000	0.0000	0.0000	0
ZFP37	ZNF157	DN_NC_073237.2_109279481_4	DN_NC_073247.2_57761829_5	truthbar	0	4	5	4	multi	0	0.2192	0.0000	0.0000	0.0000	0.0000	0
ZFP37	ZNF180	DN_NC_073237.2_109279481_4	DN_NC_073244.2_55989141_5	truthbar	0	4	5	4	multi	0	0.2848	0.0000	0.0000	0.0000	0.0000	0
ZFP37	ZNF182	DN_NC_073237.2_109279481_4	DN_NC_073247.2_58372296_6	truthbar	0	4	5	4	multi	0	0.1694	0.0000	0.0000	0.0000	0.0000	0
ZFP37	ZNF25	DN_NC_073232.2_81134357_6	DN_NC_073237.2_109279481_4	truthbar	0	6	4	4	multi	0	0.1657	0.0000	0.0000	0.0000	0.0000	0
ZFP37	ZNF260	DN_NC_073237.2_109279481_4	DN_NC_073244.2_47706460_3	truthbar	0	4	3	3	multi	0	0.1465	0.0000	0.0000	0.0000	0.0000	0
ZFP37	ZNF268	DN_NC_073234.2_148682020_7	DN_NC_073237.2_109279481_4	truthbar	0	7	4	4	multi	0	0.1332	0.0000	0.0000	0.0000	0.0000	0
ZFP37	ZNF287	DN_NC_073228.2_83600319_6	DN_NC_073237.2_109279481_4	truthbar	0	6	4	4	multi	0	0.2739	0.0000	0.0000	0.0000	0.0000	0
ZFP37	ZNF302	DN_NC_073237.2_109279481_4	DN_NC_073244.2_45737704_5	genuine	0	4	5	4	multi	0	0.1839	0.0000	0.0000	0.0000	0.0000	0
ZFP37	ZNF334	DN_NC_073237.2_109279481_4	DN_NC_073245.2_58728682_5	truthbar	0	4	5	4	multi	0	0.1782	0.0000	0.0000	0.0000	0.0000	0
ZFP37	ZNF33B	DN_NC_073232.2_72820474_5	DN_NC_073237.2_109279481_4	truthbar	0	5	4	4	multi	0	0.2191	0.0000	0.0000	0.0000	0.0000	0
ZFP37	ZNF354A	DN_NC_073228.2_182334642_5	DN_NC_073237.2_109279481_4	truthbar	0	5	4	4	multi	0	0.1419	0.0000	0.0000	0.0000	0.0000	0
ZFP37	ZNF354B	DN_NC_073228.2_182827930_5	DN_NC_073237.2_109279481_4	truthbar	0	5	4	4	multi	0	0.1896	0.0000	0.0000	0.0000	0.0000	0
ZFP37	ZNF484	DN_NC_073237.2_109279481_4	DN_NC_073237.2_89310571_5	truthbar	0	4	5	4	multi	0	0.2012	0.0000	0.0000	0.0000	0.0000	0
ZFP37	ZNF487	DN_NC_073232.2_71973207_3	DN_NC_073237.2_109279481_4	genuine	0	3	4	3	multi	0	0.2278	0.0000	0.0000	0.0000	0.0000	0
ZFP37	ZNF501	DN_NC_073237.2_109279481_4	DN_NC_086017.1_54629198_3	genuine	0	4	3	3	multi	0	0.1785	0.0000	0.0000	0.0000	0.0000	0
ZFP37	ZNF527	DN_NC_073237.2_109279481_4	DN_NC_073244.2_48620420_5	truthbar	0	4	5	4	multi	0	0.1702	0.0000	0.0000	0.0000	0.0000	0
ZFP37	ZNF567	DN_NC_073237.2_109279481_4	DN_NC_073244.2_47878793_6	truthbar	0	4	6	4	multi	0	0.2503	0.0000	0.0000	0.0000	0.0000	0
ZFP37	ZNF568	DN_NC_073237.2_109279481_4	DN_NC_073244.2_48093173_7	truthbar	0	4	7	4	multi	0	0.2216	0.0000	0.0000	0.0000	0.0000	0
ZFP37	ZNF569	DN_NC_073237.2_109279481_4	DN_NC_073244.2_48919547_6	truthbar	0	4	6	4	multi	0	0.2221	0.0000	0.0000	0.0000	0.0000	0
ZFP37	ZNF585A	DN_NC_073237.2_109279481_4	DN_NC_073244.2_48319142_5	truthbar	0	4	5	4	multi	0	0.2821	0.0000	0.0000	0.0000	0.0000	0
ZFP37	ZNF585B	DN_NC_073237.2_109279481_4	DN_NC_073244.2_48352926_4	truthbar	0	4	4	4	multi	0	0.3647	0.0000	0.0000	0.0000	0.0000	0
ZFP37	ZNF606	DN_NC_073237.2_109279481_4	DN_NC_073244.2_70077616_7	truthbar	0	4	7	4	multi	0	0.1874	0.0000	0.0000	0.0000	0.0000	0
ZFP37	ZNF613	DN_NC_073237.2_109279481_4	DN_NC_073244.2_63895938_6	truthbar	0	4	6	4	multi	0	0.2343	0.0000	0.0000	0.0000	0.0000	0
ZFP37	ZNF624	DN_NC_073228.2_83513581_6	DN_NC_073237.2_109279481_4	truthbar	0	6	4	4	multi	0	0.2989	0.0000	0.0000	0.0000	0.0000	0
ZFP37	ZNF717	DN_NC_073237.2_109279481_4	DN_NC_086017.1_85766278_5	truthbar	0	4	5	4	multi	0	0.2815	0.0000	0.0000	0.0000	0.0000	0
ZFP37	ZNF782	DN_NC_073237.2_109279481_4	DN_NC_073237.2_93275727_4	truthbar	0	4	4	4	multi	0	0.1763	0.0000	0.0000	0.0000	0.0000	0
ZFP37	ZNF84	DN_NC_073234.2_148537990_5	DN_NC_073237.2_109279481_4	truthbar	0	5	4	4	multi	0	0.1315	0.0000	0.0000	0.0000	0.0000	0
ZFP37	ZNF883	DN_NC_073237.2_109230975_4	DN_NC_073237.2_109279481_4	truthbar	0	4	4	4	multi	0	0.2632	0.0000	0.0000	0.0000	0.0000	0
ZFP62	ZKSCAN7	DN_NC_073228.2_184836166_2	DN_NC_086017.1_54457640_6	genuine	0	2	6	2	multi	0	0.1557	0.0000	0.0000	0.0000	0.0000	3
ZFP62	ZNF197	DN_NC_073228.2_184836166_2	DN_NC_086017.1_54527845_6	truthbar	0	2	6	2	multi	0	0.2249	0.0000	0.0000	0.0000	0.0000	3
ZFP62	ZNF594	DN_NC_073228.2_184836166_2	DN_NC_073243.2_20324218_2	truthbar	0	2	2	2	multi	0	0.1917	0.0000	0.0000	0.0000	0.0000	3
ZFP62	ZNF660	DN_NC_073228.2_184836165_2	DN_NC_086017.1_54487757_3	genuine	0	2	3	2	multi	0	0.2115	0.0000	0.0000	0.0000	0.0000	3
ZFP62	ZNF699	DN_NC_073228.2_184836166_2	DN_NC_073244.2_15324693_6	truthbar	0	2	6	2	multi	0	0.1826	0.0000	0.0000	0.0000	0.0000	3
ZFP62	ZNF778	DN_NC_073228.2_184836166_2	DN_NC_073242.2_119807836_6	genuine	0	2	6	2	multi	0	0.1472	0.0000	0.0000	0.0000	0.0000	3
ZFP62	ZSCAN2	DN_NC_073228.2_184836166_2	DN_NC_073240.2_85898394_3	genuine	0	2	3	2	multi	0	0.1315	0.0000	0.0000	0.0000	0.0000	3
ZFP69	ZNF184	DN_NC_073224.2_199458269_6	DN_NC_073229.2_45067329_6	truthbar	0	6	6	6	multi	0	0.2878	0.0000	0.0000	0.0000	0.0000	0
ZFP69	ZNF540	DN_NC_073224.2_199458269_6	DN_NC_073244.2_49101177_5	truthbar	0	6	5	5	multi	0	0.1629	0.0000	0.0000	0.0000	0.0000	0
ZFP69	ZNF571	DN_NC_073224.2_199458269_6	DN_NC_073244.2_49072464_4	truthbar	0	6	4	4	multi	0	0.1364	0.0000	0.0000	0.0000	0.0000	0
ZFP69	ZNF665	DN_NC_073224.2_199458269_6	DN_NC_073244.2_65102393_4	truthbar	0	6	4	4	multi	0	0.1534	0.0000	0.0000	0.0000	0.0000	0
ZFP69B	ZFP90	DN_NC_073224.2_199494304_6	DN_NC_073242.2_97765438_4	truthbar	0	6	4	4	multi	0	0.1959	0.0000	0.0000	0.0000	0.0000	3
ZFP69B	ZNF248	DN_NC_073224.2_199494304_6	DN_NC_073232.2_81253567_6	truthbar	0	6	6	6	multi	0	0.2546	0.0000	0.0000	0.0000	0.0000	3
ZFP69B	ZNF514	DN_NC_073224.2_199494304_6	DN_NC_073236.2_32302189_6	truthbar	0	6	6	6	multi	0	0.1672	0.0000	0.0000	0.0000	0.0000	3
ZFP82	ZNF283	DN_NC_073244.2_47586219_5	DN_NC_073244.2_55341363_7	genuine	0	5	7	5	multi	0	0.3120	0.0000	0.0000	0.0000	0.0000	0
ZFP82	ZNF30	DN_NC_073244.2_45985550_6	DN_NC_073244.2_47586219_5	truthbar	0	6	5	5	multi	0	0.2345	0.0000	0.0000	0.0000	0.0000	0
ZFP82	ZNF420	DN_NC_073244.2_47586219_5	DN_NC_073244.2_48242798_5	truthbar	0	5	5	5	multi	0	0.3217	0.0000	0.0000	0.0000	0.0000	0
ZFP82	ZNF529	DN_NC_073244.2_47586219_5	DN_NC_073244.2_47739503_5	truthbar	0	5	5	5	multi	0	0.1488	0.0000	0.0000	0.0000	0.0000	0
ZFP82	ZNF546	DN_NC_073244.2_47586219_5	DN_NC_073244.2_51749194_6	truthbar	0	5	6	5	multi	0	0.2922	0.0000	0.0000	0.0000	0.0000	0
ZFP82	ZNF565	DN_NC_073244.2_47250467_5	DN_NC_073244.2_47586219_5	truthbar	0	5	5	5	multi	0	0.3242	0.0000	0.0000	0.0000	0.0000	0
ZFP82	ZNF566	DN_NC_073244.2_47586219_5	DN_NC_073244.2_47642985_5	truthbar	0	5	5	5	multi	0	0.1375	0.0000	0.0000	0.0000	0.0000	0
ZFP82	ZNF571	DN_NC_073244.2_47586219_5	DN_NC_073244.2_49072464_4	truthbar	0	5	4	4	multi	0	0.2649	0.0000	0.0000	0.0000	0.0000	0
ZFP82	ZNF573	DN_NC_073244.2_47586219_5	DN_NC_073244.2_49246931_6	truthbar	0	5	6	5	multi	0	0.2418	0.0000	0.0000	0.0000	0.0000	0
ZFP82	ZNF582	DN_NC_073244.2_47586219_5	DN_NC_073244.2_68491976_5	truthbar	0	5	5	5	multi	0	0.1967	0.0000	0.0000	0.0000	0.0000	0
ZFP82	ZNF583	DN_NC_073244.2_47586219_5	DN_NC_073244.2_68513423_5	truthbar	0	5	5	5	multi	0	0.2021	0.0000	0.0000	0.0000	0.0000	0
ZFP82	ZNF665	DN_NC_073244.2_47586219_5	DN_NC_073244.2_65102393_4	truthbar	0	5	4	4	multi	0	0.2666	0.0000	0.0000	0.0000	0.0000	0
ZFP82	ZNF684	DN_NC_073224.2_199406700_5	DN_NC_073244.2_47586219_5	truthbar	0	5	5	5	multi	0	0.1473	0.0000	0.0000	0.0000	0.0000	0
ZFP82	ZNF780A	DN_NC_073244.2_47586219_5	DN_NC_073244.2_51825388_5	truthbar	0	5	5	5	multi	0	0.1362	0.0000	0.0000	0.0000	0.0000	0
ZFP82	ZNF780B	DN_NC_073244.2_47586219_5	DN_NC_073244.2_51783968_5	truthbar	0	5	5	5	multi	0	0.1594	0.0000	0.0000	0.0000	0.0000	0
ZFP82	ZNF790	DN_NC_073244.2_47586219_5	DN_NC_073244.2_47997304_5	truthbar	0	5	5	5	multi	0	0.3780	0.0000	0.0000	0.0000	0.0000	0
ZFP82	ZNF829	DN_NC_073244.2_47586219_5	DN_NC_073244.2_48066692_6	truthbar	0	5	6	5	multi	0	0.1320	0.0000	0.0000	0.0000	0.0000	0
ZFP90	ZNF2	DN_NC_073236.2_32278873_5	DN_NC_073242.2_97765438_4	truthbar	0	5	4	4	multi	0	0.1636	0.0000	0.0000	0.0000	0.0000	3
ZFX	ZFY	DN_NC_073247.2_34649963_8	DN_NC_073248.2_9517725_8	TP	1	8	8	8	multi	0	0.3420	0.4450	0.7500	0.7500	0.7500	4
ZIK1	ZNF132	DN_NC_073244.2_69685721_4	DN_NC_073244.2_70525717_3	truthbar	0	4	3	3	multi	0	0.2431	0.0000	0.0000	0.0000	0.0000	3
ZIK1	ZNF134	DN_NC_073244.2_69685698_2	DN_NC_073244.2_69715828_2	truthbar	0	2	2	2	multi	0	0.2202	0.0000	0.0000	0.0000	0.0000	3
ZIK1	ZNF154	DN_NC_073244.2_69685698_2	DN_NC_073244.2_69799604_5	truthbar	0	2	5	2	multi	0	0.2986	0.0000	0.0000	0.0000	0.0000	3
ZIK1	ZNF256	DN_NC_073244.2_69685698_2	DN_NC_073244.2_70043245_2	truthbar	0	2	2	2	multi	0	0.3315	0.0000	0.0000	0.0000	0.0000	3
ZIK1	ZNF304	DN_NC_073244.2_69454318_2	DN_NC_073244.2_69685713_2	truthbar	0	2	2	2	multi	0	0.1873	0.0000	0.0000	0.0000	0.0000	3
ZIK1	ZNF416	DN_NC_073244.2_69672458_4	DN_NC_073244.2_69685698_2	truthbar	0	4	2	2	multi	0	0.1390	0.0000	0.0000	0.0000	0.0000	3
ZIK1	ZNF418	DN_NC_073244.2_69685698_2	DN_NC_073244.2_70024584_5	truthbar	0	2	5	2	multi	0	0.2017	0.0000	0.0000	0.0000	0.0000	3
ZIK1	ZNF548	DN_NC_073244.2_69492904_4	DN_NC_073244.2_69685721_4	truthbar	0	4	4	4	multi	0	0.1823	0.0000	0.0000	0.0000	0.0000	3
ZIK1	ZNF586	DN_NC_073244.2_69685698_2	DN_NC_073244.2_69873255_2	truthbar	0	2	3	2	multi	0	0.1416	0.0000	0.0000	0.0000	0.0000	3
ZIK1	ZNF671	DN_NC_073244.2_69685698_2	DN_NC_073244.2_69821764_4	truthbar	0	2	4	2	multi	0	0.2443	0.0000	0.0000	0.0000	0.0000	3
ZIK1	ZNF792	DN_NC_073244.2_46013405_4	DN_NC_073244.2_69685721_4	truthbar	0	4	4	4	multi	0	0.1837	0.0000	0.0000	0.0000	0.0000	3
ZKSCAN2	ZSCAN29	DN_NC_073240.2_44172340_2	DN_NC_073242.2_24889827_7	truthbar	0	2	7	2	multi	0	0.1776	0.0000	0.0000	0.0000	0.0000	1
ZKSCAN3	ZKSCAN4	DN_NC_073229.2_45875453_5	DN_NC_073229.2_45985816_6	TP	1	5	6	5	multi	0	0.2992	0.3684	0.6000	0.6667	0.6000	1
ZKSCAN3	ZNF394	DN_NC_073229.2_45985816_6	DN_NC_073230.2_89330255_2	truthbar	0	6	2	2	multi	0	0.1319	0.0000	0.0000	0.0000	0.0000	1
ZKSCAN3	ZSCAN21	DN_NC_073229.2_45985816_6	DN_NC_073230.2_88700652_4	truthbar	0	6	4	4	multi	0	0.1803	0.0000	0.0000	0.0000	0.0000	1
ZKSCAN3	ZSCAN31	DN_NC_073229.2_45959984_4	DN_NC_073229.2_45985816_6	truthbar	0	4	6	4	multi	0	0.1488	0.0000	0.0000	0.0000	0.0000	1
ZKSCAN4	ZNF394	DN_NC_073229.2_45875453_5	DN_NC_073230.2_89330255_2	truthbar	0	5	2	2	multi	0	0.1411	0.0000	0.0000	0.0000	0.0000	1
ZKSCAN4	ZSCAN21	DN_NC_073229.2_45875453_5	DN_NC_073230.2_88700652_4	truthbar	0	5	4	4	multi	0	0.1583	0.0000	0.0000	0.0000	0.0000	1
ZKSCAN4	ZSCAN31	DN_NC_073229.2_45875453_5	DN_NC_073229.2_45959984_4	truthbar	0	5	4	4	multi	0	0.1617	0.0000	0.0000	0.0000	0.0000	1
ZKSCAN5	ZSCAN21	DN_NC_073230.2_88700652_4	DN_NC_073230.2_89296262_6	truthbar	0	4	6	4	multi	0	0.1431	0.0000	0.0000	0.0000	0.0000	1
ZKSCAN7	ZNF165	DN_NC_073229.2_45706582_4	DN_NC_086017.1_54457640_6	truthbar	0	4	6	4	multi	0	0.2263	0.0000	0.0000	0.0000	0.0000	3
ZKSCAN7	ZNF197	DN_NC_086017.1_54457640_6	DN_NC_086017.1_54527845_6	truthbar	0	6	6	6	multi	0	0.2943	0.0000	0.0000	0.0000	0.0000	3
ZKSCAN7	ZNF660	DN_NC_086017.1_54457640_6	DN_NC_086017.1_54487757_3	genuine	0	6	3	3	multi	0	0.3889	0.0000	0.0000	0.0000	0.0000	3
ZNF10	ZNF180	DN_NC_073234.2_148630977_5	DN_NC_073244.2_55989141_5	truthbar	0	5	5	5	multi	0	0.1850	0.0000	0.0000	0.0000	0.0000	0
ZNF10	ZNF334	DN_NC_073234.2_148630977_5	DN_NC_073245.2_58728682_5	truthbar	0	5	5	5	multi	0	0.1962	0.0000	0.0000	0.0000	0.0000	0
ZNF10	ZNF33B	DN_NC_073232.2_72820474_5	DN_NC_073234.2_148630977_5	truthbar	0	5	5	5	multi	0	0.1707	0.0000	0.0000	0.0000	0.0000	0
ZNF10	ZNF567	DN_NC_073234.2_148630977_5	DN_NC_073244.2_47878793_6	truthbar	0	5	6	5	multi	0	0.2908	0.0000	0.0000	0.0000	0.0000	0
ZNF10	ZNF568	DN_NC_073234.2_148630977_5	DN_NC_073244.2_48093173_7	truthbar	0	5	7	5	multi	0	0.2036	0.0000	0.0000	0.0000	0.0000	0
ZNF10	ZNF883	DN_NC_073234.2_148630977_5	DN_NC_073237.2_109230975_4	truthbar	0	5	4	4	multi	0	0.1553	0.0000	0.0000	0.0000	0.0000	0
ZNF112	ZNF155	DN_NC_073244.2_55497464_5	DN_NC_073244.2_55835875_4	truthbar	0	5	4	4	multi	0	0.1581	0.0000	0.0000	0.0000	0.0000	4
ZNF112	ZNF221	DN_NC_073244.2_55464824_5	DN_NC_073244.2_55835875_4	truthbar	0	5	4	4	multi	0	0.2698	0.0000	0.0000	0.0000	0.0000	4
ZNF112	ZNF222	DN_NC_073244.2_55538420_4	DN_NC_073244.2_55835875_4	genuine	0	4	4	4	multi	0	0.2263	0.0000	0.0000	0.0000	0.0000	4
ZNF112	ZNF224	DN_NC_073244.2_55607411_6	DN_NC_073244.2_55835875_4	truthbar	0	6	4	4	multi	0	0.1644	0.0000	0.0000	0.0000	0.0000	4
ZNF112	ZNF225	DN_NC_073244.2_55626504_5	DN_NC_073244.2_55835875_4	truthbar	0	5	4	4	multi	0	0.1457	0.0000	0.0000	0.0000	0.0000	4
ZNF112	ZNF229	DN_NC_073244.2_55835875_4	DN_NC_073244.2_55940471_6	truthbar	0	4	6	4	multi	0	0.1541	0.0000	0.0000	0.0000	0.0000	4
ZNF112	ZNF230	DN_NC_073244.2_55516115_5	DN_NC_073244.2_55835875_4	genuine	0	5	4	4	multi	0	0.1470	0.0000	0.0000	0.0000	0.0000	4
ZNF112	ZNF233	DN_NC_073244.2_55771764_5	DN_NC_073244.2_55835875_4	truthbar	0	5	4	4	multi	0	0.1836	0.0000	0.0000	0.0000	0.0000	4
ZNF112	ZNF234	DN_NC_073244.2_55654796_6	DN_NC_073244.2_55835875_4	truthbar	0	6	4	4	multi	0	0.2298	0.0000	0.0000	0.0000	0.0000	4
ZNF112	ZNF235	DN_NC_073244.2_55797441_5	DN_NC_073244.2_55835875_4	truthbar	0	5	4	4	multi	0	0.1809	0.0000	0.0000	0.0000	0.0000	4
ZNF112	ZNF239	DN_NC_073232.2_71881634_2	DN_NC_073244.2_55835875_4	genuine	0	2	4	2	multi	0	0.2521	0.0000	0.0000	0.0000	0.0000	4
ZNF112	ZNF284	DN_NC_073244.2_55585242_5	DN_NC_073244.2_55835875_4	truthbar	0	5	4	4	multi	0	0.1924	0.0000	0.0000	0.0000	0.0000	4
ZNF112	ZNF45	DN_NC_073244.2_55426973_9	DN_NC_073244.2_55835875_4	truthbar	0	9	4	4	multi	0	0.1767	0.0000	0.0000	0.0000	0.0000	4
ZNF121	ZNF397	DN_NC_073241.2_64468689_4	DN_NC_073244.2_15605841_4	genuine	0	4	4	4	multi	0	0.2167	0.0000	0.0000	0.0000	0.0000	3
ZNF121	ZNF502	DN_NC_073244.2_15605841_4	DN_NC_086017.1_54612772_3	truthbar	0	4	3	3	multi	0	0.1586	0.0000	0.0000	0.0000	0.0000	3
ZNF124	ZNF14	DN_NC_073224.2_8261601_4	DN_NC_073244.2_26156853_4	truthbar	0	4	4	4	multi	0	0.1840	0.0000	0.0000	0.0000	0.0000	4
ZNF124	ZNF426	DN_NC_073224.2_8261601_4	DN_NC_073244.2_15569240_8	truthbar	0	4	8	4	multi	0	0.1781	0.0000	0.0000	0.0000	0.0000	4
ZNF124	ZNF433	DN_NC_073224.2_8261601_4	DN_NC_073244.2_18047026_4	truthbar	0	4	4	4	multi	0	0.2251	0.0000	0.0000	0.0000	0.0000	4
ZNF124	ZNF441	DN_NC_073224.2_8261601_4	DN_NC_073244.2_17797611_4	genuine	0	4	4	4	multi	0	0.1525	0.0000	0.0000	0.0000	0.0000	4
ZNF124	ZNF490	DN_NC_073224.2_8261601_4	DN_NC_073244.2_18614963_5	truthbar	0	4	5	4	multi	0	0.1358	0.0000	0.0000	0.0000	0.0000	4
ZNF124	ZNF563	DN_NC_073224.2_8261601_4	DN_NC_073244.2_18356684_4	truthbar	0	4	4	4	multi	0	0.1745	0.0000	0.0000	0.0000	0.0000	4
ZNF124	ZNF564	DN_NC_073224.2_8261601_4	DN_NC_073244.2_18564507_4	truthbar	0	4	4	4	multi	0	0.1340	0.0000	0.0000	0.0000	0.0000	4
ZNF124	ZNF627	DN_NC_073224.2_8261601_4	DN_NC_073244.2_17635782_4	truthbar	0	4	4	4	multi	0	0.1674	0.0000	0.0000	0.0000	0.0000	4
ZNF124	ZNF669	DN_NC_073224.2_8261601_4	DN_NC_073224.2_8329397_4	truthbar	0	4	4	4	multi	0	0.2198	0.0000	0.0000	0.0000	0.0000	4
ZNF124	ZNF670	DN_NC_073224.2_8261601_4	DN_NC_073224.2_8356715_4	truthbar	0	4	4	4	multi	0	0.2085	0.0000	0.0000	0.0000	0.0000	4
ZNF124	ZNF791	DN_NC_073224.2_8261601_4	DN_NC_073244.2_18649721_4	truthbar	0	4	4	4	multi	0	0.2233	0.0000	0.0000	0.0000	0.0000	4
ZNF124	ZNF823	DN_NC_073224.2_8261601_4	DN_NC_073244.2_17751582_4	truthbar	0	4	4	4	multi	0	0.2079	0.0000	0.0000	0.0000	0.0000	4
ZNF132	ZNF134	DN_NC_073244.2_69715659_3	DN_NC_073244.2_70525717_3	truthbar	0	3	3	3	multi	0	0.1938	0.0000	0.0000	0.0000	0.0000	3
ZNF132	ZNF154	DN_NC_073244.2_69799604_5	DN_NC_073244.2_70525717_3	truthbar	0	5	3	3	multi	0	0.1768	0.0000	0.0000	0.0000	0.0000	3
ZNF132	ZNF256	DN_NC_073244.2_70043245_2	DN_NC_073244.2_70525717_3	truthbar	0	2	3	2	multi	0	0.4664	0.0000	0.0000	0.0000	0.0000	3
ZNF132	ZNF416	DN_NC_073244.2_69672458_4	DN_NC_073244.2_70525717_3	truthbar	0	4	3	3	multi	0	0.2268	0.0000	0.0000	0.0000	0.0000	3
ZNF132	ZNF418	DN_NC_073244.2_70024584_5	DN_NC_073244.2_70525717_3	truthbar	0	5	3	3	multi	0	0.1446	0.0000	0.0000	0.0000	0.0000	3
ZNF132	ZNF548	DN_NC_073244.2_69492904_4	DN_NC_073244.2_70525717_3	truthbar	0	4	3	3	multi	0	0.2346	0.0000	0.0000	0.0000	0.0000	3
ZNF132	ZNF551	DN_NC_073244.2_69783488_3	DN_NC_073244.2_70525717_3	truthbar	0	3	3	3	multi	0	0.1923	0.0000	0.0000	0.0000	0.0000	3
ZNF132	ZNF586	DN_NC_073244.2_69873255_2	DN_NC_073244.2_70525717_3	genuine	0	3	3	3	multi	0	0.1403	0.0000	0.0000	0.0000	0.0000	3
ZNF132	ZNF671	DN_NC_073244.2_69821764_4	DN_NC_073244.2_70525717_3	truthbar	0	4	3	3	multi	0	0.1854	0.0000	0.0000	0.0000	0.0000	3
ZNF132	ZNF776	DN_NC_073244.2_69848672_3	DN_NC_073244.2_70525717_3	truthbar	0	3	3	3	multi	0	0.1440	0.0000	0.0000	0.0000	0.0000	3
ZNF132	ZNF792	DN_NC_073244.2_46013405_4	DN_NC_073244.2_70525717_3	truthbar	0	4	3	3	multi	0	0.2355	0.0000	0.0000	0.0000	0.0000	3
ZNF133	ZNF169	DN_NC_073237.2_90719098_5	DN_NC_073245.2_28291357_5	truthbar	0	5	5	5	multi	0	0.2094	0.0000	0.0000	0.0000	0.0000	1
ZNF133	ZNF337	DN_NC_073245.2_28291357_5	DN_NC_073245.2_35678256_5	truthbar	0	5	5	5	multi	0	0.1961	0.0000	0.0000	0.0000	0.0000	1
ZNF133	ZNF343	DN_NC_073245.2_12403861_6	DN_NC_073245.2_28291357_5	truthbar	0	6	5	5	multi	0	0.3557	0.0000	0.0000	0.0000	0.0000	1
ZNF133	ZNF875	DN_NC_073244.2_48583045_5	DN_NC_073245.2_28291357_5	truthbar	0	6	5	5	multi	0	0.4062	0.0000	0.0000	0.0000	0.0000	1
ZNF134	ZNF154	DN_NC_073244.2_69715659_3	DN_NC_073244.2_69799604_5	truthbar	0	3	5	3	multi	0	0.2402	0.0000	0.0000	0.0000	0.0000	3
ZNF134	ZNF256	DN_NC_073244.2_69715828_2	DN_NC_073244.2_70043245_2	truthbar	0	2	2	2	multi	0	0.2989	0.0000	0.0000	0.0000	0.0000	3
ZNF134	ZNF304	DN_NC_073244.2_69454318_2	DN_NC_073244.2_69715659_3	truthbar	0	2	3	2	multi	0	0.1593	0.0000	0.0000	0.0000	0.0000	3
ZNF134	ZNF416	DN_NC_073244.2_69672458_4	DN_NC_073244.2_69715659_3	truthbar	0	4	3	3	multi	0	0.1411	0.0000	0.0000	0.0000	0.0000	3
ZNF134	ZNF547	DN_NC_073244.2_69466443_4	DN_NC_073244.2_69715828_2	truthbar	0	4	2	2	multi	0	0.1430	0.0000	0.0000	0.0000	0.0000	3
ZNF134	ZNF551	DN_NC_073244.2_69715828_2	DN_NC_073244.2_69783488_3	genuine	0	2	3	2	multi	0	0.2104	0.0000	0.0000	0.0000	0.0000	3
ZNF134	ZNF671	DN_NC_073244.2_69715828_2	DN_NC_073244.2_69821764_4	truthbar	0	2	4	2	multi	0	0.1493	0.0000	0.0000	0.0000	0.0000	3
ZNF135	ZNF16	DN_NC_073231.2_150777699_3	DN_NC_073244.2_70159242_5	truthbar	0	3	5	3	multi	0	0.3968	0.0000	0.0000	0.0000	0.0000	1
ZNF135	ZNF250	DN_NC_073231.2_150726059_5	DN_NC_073244.2_70159242_5	truthbar	0	5	5	5	multi	0	0.2633	0.0000	0.0000	0.0000	0.0000	1
ZNF135	ZNF3	DN_NC_073230.2_88683937_6	DN_NC_073244.2_70159242_5	genuine	0	6	5	5	multi	0	0.2454	0.0000	0.0000	0.0000	0.0000	1
ZNF135	ZNF34	DN_NC_073231.2_150618111_5	DN_NC_073244.2_70159242_5	truthbar	0	5	5	5	multi	0	0.3641	0.0000	0.0000	0.0000	0.0000	1
ZNF135	ZNF544	DN_NC_073244.2_70159242_5	DN_NC_073244.2_70323040_7	truthbar	0	5	7	5	multi	0	0.1963	0.0000	0.0000	0.0000	0.0000	1
ZNF135	ZNF70	DN_NC_073244.2_70159242_5	DN_NC_086018.1_21231592_2	truthbar	0	5	2	2	multi	0	0.1868	0.0000	0.0000	0.0000	0.0000	1
ZNF135	ZNF79	DN_NC_073237.2_123801018_5	DN_NC_073244.2_70159242_5	truthbar	0	5	5	5	multi	0	0.1525	0.0000	0.0000	0.0000	0.0000	1
ZNF136	ZNF433	DN_NC_073244.2_18047026_4	DN_NC_073244.2_18201516_4	truthbar	0	4	4	4	multi	0	0.2500	0.0000	0.0000	0.0000	0.0000	4
ZNF136	ZNF440	DN_NC_073244.2_17846610_4	DN_NC_073244.2_18201516_4	truthbar	0	4	4	4	multi	0	0.2755	0.0000	0.0000	0.0000	0.0000	4
ZNF136	ZNF441	DN_NC_073244.2_17797611_4	DN_NC_073244.2_18201516_4	truthbar	0	4	4	4	multi	0	0.1841	0.0000	0.0000	0.0000	0.0000	4
ZNF136	ZNF443	DN_NC_073244.2_18201516_4	DN_NC_073244.2_18470484_4	truthbar	0	4	4	4	multi	0	0.2404	0.0000	0.0000	0.0000	0.0000	4
ZNF136	ZNF563	DN_NC_073244.2_18201516_4	DN_NC_073244.2_18356684_4	truthbar	0	4	4	4	multi	0	0.2781	0.0000	0.0000	0.0000	0.0000	4
ZNF136	ZNF564	DN_NC_073244.2_18201516_4	DN_NC_073244.2_18564507_4	truthbar	0	4	4	4	multi	0	0.3634	0.0000	0.0000	0.0000	0.0000	4
ZNF136	ZNF57	DN_NC_073244.2_18201516_4	DN_NC_073244.2_8680135_4	truthbar	0	4	4	4	multi	0	0.1601	0.0000	0.0000	0.0000	0.0000	4
ZNF136	ZNF627	DN_NC_073244.2_17635782_4	DN_NC_073244.2_18201516_4	truthbar	0	4	4	4	multi	0	0.1576	0.0000	0.0000	0.0000	0.0000	4
ZNF136	ZNF669	DN_NC_073224.2_8329397_4	DN_NC_073244.2_18201516_4	truthbar	0	4	4	4	multi	0	0.1739	0.0000	0.0000	0.0000	0.0000	4
ZNF136	ZNF670	DN_NC_073224.2_8356715_4	DN_NC_073244.2_18201516_4	truthbar	0	4	4	4	multi	0	0.1514	0.0000	0.0000	0.0000	0.0000	4
ZNF136	ZNF77	DN_NC_073244.2_18201516_4	DN_NC_073244.2_8711681_4	truthbar	0	4	4	4	multi	0	0.1489	0.0000	0.0000	0.0000	0.0000	4
ZNF136	ZNF791	DN_NC_073244.2_18201516_4	DN_NC_073244.2_18649721_4	truthbar	0	4	4	4	multi	0	0.2780	0.0000	0.0000	0.0000	0.0000	4
ZNF136	ZNF799	DN_NC_073244.2_18201516_4	DN_NC_073244.2_18426035_4	truthbar	0	4	4	4	multi	0	0.2854	0.0000	0.0000	0.0000	0.0000	4
ZNF136	ZNF823	DN_NC_073244.2_17751584_2	DN_NC_073244.2_18201516_4	truthbar	0	2	4	2	multi	0	0.4998	0.0000	0.0000	0.0000	0.0000	4
ZNF14	ZNF426	DN_NC_073244.2_15569240_8	DN_NC_073244.2_26156853_4	truthbar	0	8	4	4	multi	0	0.1382	0.0000	0.0000	0.0000	0.0000	4
ZNF14	ZNF433	DN_NC_073244.2_18047026_4	DN_NC_073244.2_26156853_4	truthbar	0	4	4	4	multi	0	0.3534	0.0000	0.0000	0.0000	0.0000	4
ZNF14	ZNF440	DN_NC_073244.2_17846610_4	DN_NC_073244.2_26156853_4	truthbar	0	4	4	4	multi	0	0.2514	0.0000	0.0000	0.0000	0.0000	4
ZNF14	ZNF441	DN_NC_073244.2_17797611_4	DN_NC_073244.2_26156853_4	truthbar	0	4	4	4	multi	0	0.1870	0.0000	0.0000	0.0000	0.0000	4
ZNF14	ZNF443	DN_NC_073244.2_18470484_4	DN_NC_073244.2_26156853_4	truthbar	0	4	4	4	multi	0	0.1538	0.0000	0.0000	0.0000	0.0000	4
ZNF14	ZNF563	DN_NC_073244.2_18356684_4	DN_NC_073244.2_26156853_4	truthbar	0	4	4	4	multi	0	0.2115	0.0000	0.0000	0.0000	0.0000	4
ZNF14	ZNF564	DN_NC_073244.2_18564507_4	DN_NC_073244.2_26156853_4	truthbar	0	4	4	4	multi	0	0.1400	0.0000	0.0000	0.0000	0.0000	4
ZNF14	ZNF57	DN_NC_073244.2_26156853_4	DN_NC_073244.2_8680135_4	truthbar	0	4	4	4	multi	0	0.2651	0.0000	0.0000	0.0000	0.0000	4
ZNF14	ZNF627	DN_NC_073244.2_17635782_4	DN_NC_073244.2_26156853_4	truthbar	0	4	4	4	multi	0	0.1632	0.0000	0.0000	0.0000	0.0000	4
ZNF14	ZNF669	DN_NC_073224.2_8329397_4	DN_NC_073244.2_26156853_4	truthbar	0	4	4	4	multi	0	0.2485	0.0000	0.0000	0.0000	0.0000	4
ZNF14	ZNF77	DN_NC_073244.2_26156853_4	DN_NC_073244.2_8711681_4	truthbar	0	4	4	4	multi	0	0.1819	0.0000	0.0000	0.0000	0.0000	4
ZNF14	ZNF791	DN_NC_073244.2_18649721_4	DN_NC_073244.2_26156853_4	truthbar	0	4	4	4	multi	0	0.2009	0.0000	0.0000	0.0000	0.0000	4
ZNF14	ZNF823	DN_NC_073244.2_17751584_2	DN_NC_073244.2_26156853_4	truthbar	0	2	4	2	multi	0	0.2018	0.0000	0.0000	0.0000	0.0000	4
ZNF140	ZNF33B	DN_NC_073232.2_72820474_5	DN_NC_073234.2_148580749_5	truthbar	0	5	5	5	multi	0	0.1593	0.0000	0.0000	0.0000	0.0000	0
ZNF140	ZNF527	DN_NC_073234.2_148580749_5	DN_NC_073244.2_48620420_5	truthbar	0	5	5	5	multi	0	0.1900	0.0000	0.0000	0.0000	0.0000	0
ZNF140	ZNF568	DN_NC_073234.2_148580749_5	DN_NC_073244.2_48093173_7	truthbar	0	5	7	5	multi	0	0.1683	0.0000	0.0000	0.0000	0.0000	0
ZNF140	ZNF717	DN_NC_073234.2_148580749_5	DN_NC_086017.1_85766278_5	truthbar	0	5	5	5	multi	0	0.1870	0.0000	0.0000	0.0000	0.0000	0
ZNF140	ZNF883	DN_NC_073234.2_148580749_5	DN_NC_073237.2_109230975_4	truthbar	0	5	4	4	multi	0	0.1631	0.0000	0.0000	0.0000	0.0000	0
ZNF141	ZNF254	DN_NC_073227.2_8907801_4	DN_NC_073244.2_30438340_4	truthbar	0	4	4	4	multi	0	0.1365	0.0000	0.0000	0.0000	0.0000	4
ZNF141	ZNF273	DN_NC_073227.2_8907801_4	DN_NC_073230.2_74299233_4	truthbar	0	4	4	4	multi	0	0.2531	0.0000	0.0000	0.0000	0.0000	4
ZNF141	ZNF415	DN_NC_073227.2_8907801_4	DN_NC_073244.2_65046428_2	truthbar	0	4	4	4	multi	0	0.1343	0.0000	0.0000	0.0000	0.0000	4
ZNF141	ZNF429	DN_NC_073227.2_8907801_4	DN_NC_073244.2_27956158_2	truthbar	0	4	2	2	multi	0	0.3424	0.0000	0.0000	0.0000	0.0000	4
ZNF141	ZNF43	DN_NC_073227.2_8907801_4	DN_NC_073244.2_28333451_4	truthbar	0	4	4	4	multi	0	0.2285	0.0000	0.0000	0.0000	0.0000	4
ZNF141	ZNF430	DN_NC_073227.2_8907801_4	DN_NC_073244.2_27504818_5	truthbar	0	4	5	4	multi	0	0.2561	0.0000	0.0000	0.0000	0.0000	4
ZNF141	ZNF486	DN_NC_073227.2_8907801_4	DN_NC_073244.2_26666712_5	truthbar	0	4	5	4	multi	0	0.1930	0.0000	0.0000	0.0000	0.0000	4
ZNF141	ZNF506	DN_NC_073227.2_8907801_4	DN_NC_073244.2_26240039_2	truthbar	0	4	2	2	multi	0	0.2115	0.0000	0.0000	0.0000	0.0000	4
ZNF141	ZNF578	DN_NC_073227.2_8907801_4	DN_NC_073244.2_64426370_6	truthbar	0	4	6	4	multi	0	0.1412	0.0000	0.0000	0.0000	0.0000	4
ZNF141	ZNF595	DN_NC_073227.2_8633418_2	DN_NC_073227.2_8907801_4	truthbar	0	2	4	2	multi	0	0.3422	0.0000	0.0000	0.0000	0.0000	4
ZNF141	ZNF626	DN_NC_073227.2_8907801_4	DN_NC_073244.2_27131194_2	truthbar	0	4	2	2	multi	0	0.2398	0.0000	0.0000	0.0000	0.0000	4
ZNF141	ZNF675	DN_NC_073227.2_8907801_4	DN_NC_073244.2_29970261_4	truthbar	0	4	4	4	multi	0	0.2475	0.0000	0.0000	0.0000	0.0000	4
ZNF141	ZNF678	DN_NC_073224.2_40627195_4	DN_NC_073227.2_8907801_4	truthbar	0	4	4	4	multi	0	0.1708	0.0000	0.0000	0.0000	0.0000	4
ZNF141	ZNF680	DN_NC_073227.2_8907801_4	DN_NC_073230.2_73977205_4	truthbar	0	4	4	4	multi	0	0.1810	0.0000	0.0000	0.0000	0.0000	4
ZNF141	ZNF681	DN_NC_073227.2_8907801_4	DN_NC_073244.2_30067652_4	truthbar	0	4	4	4	multi	0	0.1529	0.0000	0.0000	0.0000	0.0000	4
ZNF141	ZNF682	DN_NC_073227.2_8907801_4	DN_NC_073244.2_26470366_4	truthbar	0	4	4	4	multi	0	0.2884	0.0000	0.0000	0.0000	0.0000	4
ZNF141	ZNF695	DN_NC_073224.2_8422960_4	DN_NC_073227.2_8907801_4	truthbar	0	4	4	4	multi	0	0.2652	0.0000	0.0000	0.0000	0.0000	4
ZNF141	ZNF721	DN_NC_073227.2_8907801_4	DN_NC_073227.2_9010062_2	genuine	0	4	2	2	multi	0	0.1567	0.3579	0.0000	0.0000	0.0000	4
ZNF141	ZNF723	DN_NC_073227.2_8907801_4	DN_NC_073244.2_29232445_4	truthbar	0	4	4	4	multi	0	0.2470	0.0000	0.0000	0.0000	0.0000	4
ZNF141	ZNF727	DN_NC_073227.2_8907801_4	DN_NC_073230.2_73508332_4	truthbar	0	4	4	4	multi	0	0.1812	0.0000	0.0000	0.0000	0.0000	4
ZNF141	ZNF736	DN_NC_073227.2_8907801_4	DN_NC_073230.2_73776646_4	truthbar	0	4	4	4	multi	0	0.1592	0.0000	0.0000	0.0000	0.0000	4
ZNF141	ZNF83	DN_NC_073227.2_8907801_4	DN_NC_073244.2_64585864_4	truthbar	0	4	4	4	multi	0	0.2171	0.0000	0.0000	0.0000	0.0000	4
ZNF141	ZNF91	DN_NC_073227.2_8907801_4	DN_NC_073244.2_29680825_2	genuine	0	4	2	2	multi	0	0.1927	0.0000	0.0000	0.0000	0.0000	4
ZNF141	ZNF92	DN_NC_073227.2_8907801_4	DN_NC_073230.2_74637722_4	truthbar	0	4	4	4	multi	0	0.1401	0.0000	0.0000	0.0000	0.0000	4
ZNF154	ZNF256	DN_NC_073244.2_69799604_5	DN_NC_073244.2_70043245_2	truthbar	0	5	2	2	multi	0	0.4243	0.0000	0.0000	0.0000	0.0000	3
ZNF154	ZNF416	DN_NC_073244.2_69672458_4	DN_NC_073244.2_69799604_5	truthbar	0	4	5	4	multi	0	0.2076	0.0000	0.0000	0.0000	0.0000	3
ZNF154	ZNF418	DN_NC_073244.2_69799604_5	DN_NC_073244.2_70024584_5	truthbar	0	5	5	5	multi	0	0.1514	0.0000	0.0000	0.0000	0.0000	3
ZNF154	ZNF548	DN_NC_073244.2_69492904_4	DN_NC_073244.2_69799604_5	truthbar	0	4	5	4	multi	0	0.3316	0.0000	0.0000	0.0000	0.0000	3
ZNF154	ZNF549	DN_NC_073244.2_69628878_4	DN_NC_073244.2_69799604_5	truthbar	0	4	5	4	multi	0	0.1772	0.0000	0.0000	0.0000	0.0000	3
ZNF154	ZNF551	DN_NC_073244.2_69783488_3	DN_NC_073244.2_69799604_5	genuine	0	3	5	3	multi	0	0.1738	0.0000	0.0000	0.0000	0.0000	3
ZNF154	ZNF552	DN_NC_073244.2_69799604_5	DN_NC_073244.2_69910623_3	truthbar	0	5	3	3	multi	0	0.2581	0.0000	0.0000	0.0000	0.0000	3
ZNF154	ZNF671	DN_NC_073244.2_69799604_5	DN_NC_073244.2_69821764_4	truthbar	0	5	4	4	multi	0	0.2709	0.0000	0.0000	0.0000	0.0000	3
ZNF154	ZNF776	DN_NC_073244.2_69799604_5	DN_NC_073244.2_69848672_3	truthbar	0	5	3	3	multi	0	0.1442	0.0000	0.0000	0.0000	0.0000	3
ZNF154	ZNF792	DN_NC_073244.2_46013405_4	DN_NC_073244.2_69799604_5	truthbar	0	4	5	4	multi	0	0.2829	0.0000	0.0000	0.0000	0.0000	3
ZNF155	ZNF221	DN_NC_073244.2_55464824_5	DN_NC_073244.2_55497464_5	truthbar	0	5	5	5	multi	0	0.5165	0.4671	0.6000	0.6000	0.6000	4
ZNF155	ZNF222	DN_NC_073244.2_55497464_5	DN_NC_073244.2_55538420_4	truthbar	0	5	4	4	multi	0	0.5347	0.9575	0.4000	0.7500	0.4000	4
ZNF155	ZNF224	DN_NC_073244.2_55497464_5	DN_NC_073244.2_55607411_6	truthbar	0	5	6	5	multi	0	0.4062	0.3635	0.6000	0.5000	0.5000	4
ZNF155	ZNF225	DN_NC_073244.2_55497464_5	DN_NC_073244.2_55626504_5	truthbar	0	5	5	5	multi	0	0.3945	0.3426	0.4000	0.4000	0.4000	4
ZNF155	ZNF230	DN_NC_073244.2_55497464_5	DN_NC_073244.2_55516115_5	truthbar	0	5	5	5	multi	0	0.1542	0.3898	0.4000	0.4000	0.4000	4
ZNF155	ZNF234	DN_NC_073244.2_55497464_5	DN_NC_073244.2_55654796_6	truthbar	0	5	6	5	multi	0	0.2698	0.2191	0.6000	0.5000	0.5000	4
ZNF155	ZNF235	DN_NC_073244.2_55497464_5	DN_NC_073244.2_55797441_5	truthbar	0	5	5	5	multi	0	0.1905	0.0000	0.0000	0.0000	0.0000	4
ZNF155	ZNF284	DN_NC_073244.2_55497464_5	DN_NC_073244.2_55585242_5	truthbar	0	5	5	5	multi	0	0.2560	0.3466	0.4000	0.6000	0.4000	4
ZNF155	ZNF45	DN_NC_073244.2_55426973_9	DN_NC_073244.2_55497464_5	truthbar	0	9	5	5	multi	0	0.1949	0.0000	0.0000	0.0000	0.0000	4
ZNF157	ZNF182	DN_NC_073247.2_57761829_5	DN_NC_073247.2_58372296_6	truthbar	0	5	5	5	multi	0	0.3061	0.0000	0.0000	0.0000	0.0000	0
ZNF157	ZNF260	DN_NC_073244.2_47706466_2	DN_NC_073247.2_57761829_5	truthbar	0	2	5	2	multi	0	0.2038	0.0000	0.0000	0.0000	0.0000	0
ZNF157	ZNF300	DN_NC_073228.2_154747841_5	DN_NC_073247.2_57761829_5	truthbar	0	5	5	5	multi	0	0.1807	0.0000	0.0000	0.0000	0.0000	0
ZNF157	ZNF33B	DN_NC_073232.2_72820474_5	DN_NC_073247.2_57761829_5	truthbar	0	5	5	5	multi	0	0.1887	0.0000	0.0000	0.0000	0.0000	0
ZNF157	ZNF382	DN_NC_073244.2_47798559_5	DN_NC_073247.2_57761829_5	truthbar	0	5	5	5	multi	0	0.1636	0.0000	0.0000	0.0000	0.0000	0
ZNF157	ZNF527	DN_NC_073244.2_48620420_5	DN_NC_073247.2_57761829_5	truthbar	0	5	5	5	multi	0	0.1488	0.0000	0.0000	0.0000	0.0000	0
ZNF157	ZNF567	DN_NC_073244.2_47878793_6	DN_NC_073247.2_57761829_5	truthbar	0	6	5	5	multi	0	0.3309	0.0000	0.0000	0.0000	0.0000	0
ZNF157	ZNF568	DN_NC_073244.2_48093173_7	DN_NC_073247.2_57761829_5	truthbar	0	7	5	5	multi	0	0.1901	0.0000	0.0000	0.0000	0.0000	0
ZNF157	ZNF577	DN_NC_073244.2_63840101_6	DN_NC_073247.2_57761829_5	truthbar	0	6	5	5	multi	0	0.2062	0.0000	0.0000	0.0000	0.0000	0
ZNF157	ZNF585A	DN_NC_073244.2_48319142_5	DN_NC_073247.2_57761829_5	truthbar	0	5	5	5	multi	0	0.2028	0.0000	0.0000	0.0000	0.0000	0
ZNF157	ZNF585B	DN_NC_073244.2_48352926_4	DN_NC_073247.2_57761829_5	truthbar	0	4	5	4	multi	0	0.2581	0.0000	0.0000	0.0000	0.0000	0
ZNF157	ZNF605	DN_NC_073234.2_148420424_5	DN_NC_073247.2_57761829_5	truthbar	0	5	5	5	multi	0	0.1643	0.0000	0.0000	0.0000	0.0000	0
ZNF157	ZNF613	DN_NC_073244.2_63895938_6	DN_NC_073247.2_57761829_5	truthbar	0	6	5	5	multi	0	0.2752	0.0000	0.0000	0.0000	0.0000	0
ZNF157	ZNF614	DN_NC_073244.2_63983979_5	DN_NC_073247.2_57761829_5	truthbar	0	5	5	5	multi	0	0.1338	0.0000	0.0000	0.0000	0.0000	0
ZNF157	ZNF624	DN_NC_073228.2_83513581_6	DN_NC_073247.2_57761829_5	truthbar	0	6	5	5	multi	0	0.1643	0.0000	0.0000	0.0000	0.0000	0
ZNF157	ZNF674	DN_NC_073247.2_56899135_7	DN_NC_073247.2_57761829_5	truthbar	0	7	5	5	multi	0	0.2469	0.0000	0.0000	0.0000	0.0000	0
ZNF157	ZNF717	DN_NC_073247.2_57761829_5	DN_NC_086017.1_85766278_5	truthbar	0	5	5	5	multi	0	0.1475	0.0000	0.0000	0.0000	0.0000	0
ZNF157	ZNF782	DN_NC_073237.2_93275727_4	DN_NC_073247.2_57761829_5	truthbar	0	4	5	4	multi	0	0.1854	0.0000	0.0000	0.0000	0.0000	0
ZNF16	ZNF251	DN_NC_073231.2_150568091_5	DN_NC_073231.2_150777699_3	genuine	0	5	3	3	multi	0	0.2866	0.0000	0.0000	0.0000	0.0000	1
ZNF16	ZNF3	DN_NC_073230.2_88683937_6	DN_NC_073231.2_150777699_3	genuine	0	6	3	3	multi	0	0.2148	0.0000	0.0000	0.0000	0.0000	1
ZNF16	ZNF34	DN_NC_073231.2_150618111_5	DN_NC_073231.2_150777699_3	truthbar	0	5	3	3	multi	0	0.1752	0.0000	0.0000	0.0000	0.0000	1
ZNF16	ZNF544	DN_NC_073231.2_150777699_3	DN_NC_073244.2_70323040_7	truthbar	0	3	7	3	multi	0	0.1679	0.0000	0.0000	0.0000	0.0000	1
ZNF165	ZNF197	DN_NC_073229.2_45706582_4	DN_NC_086017.1_54527845_6	truthbar	0	4	6	4	multi	0	0.2273	0.0000	0.0000	0.0000	0.0000	3
ZNF169	ZNF337	DN_NC_073237.2_90719098_5	DN_NC_073245.2_35678363_2	truthbar	0	5	2	2	multi	0	0.2672	0.0000	0.0000	0.0000	0.0000	1
ZNF169	ZNF343	DN_NC_073237.2_90719098_5	DN_NC_073245.2_12403861_6	truthbar	0	5	6	5	multi	0	0.2155	0.0000	0.0000	0.0000	0.0000	1
ZNF169	ZNF875	DN_NC_073237.2_90719098_5	DN_NC_073244.2_48583045_5	truthbar	0	5	6	5	multi	0	0.1502	0.0000	0.0000	0.0000	0.0000	1
ZNF175	ZNF182	DN_NC_073244.2_63542066_5	DN_NC_073247.2_58372296_6	truthbar	0	5	5	5	multi	0	0.3074	0.0000	0.0000	0.0000	0.0000	0
ZNF175	ZNF26	DN_NC_073234.2_148486259_4	DN_NC_073244.2_63542066_5	truthbar	0	4	5	4	multi	0	0.1311	0.0000	0.0000	0.0000	0.0000	0
ZNF175	ZNF268	DN_NC_073234.2_148682020_7	DN_NC_073244.2_63542066_5	truthbar	0	7	5	5	multi	0	0.3463	0.0000	0.0000	0.0000	0.0000	0
ZNF175	ZNF300	DN_NC_073228.2_154747841_5	DN_NC_073244.2_63542066_5	truthbar	0	5	5	5	multi	0	0.2406	0.0000	0.0000	0.0000	0.0000	0
ZNF175	ZNF334	DN_NC_073244.2_63542066_5	DN_NC_073245.2_58728682_5	truthbar	0	5	5	5	multi	0	0.1515	0.0000	0.0000	0.0000	0.0000	0
ZNF175	ZNF354A	DN_NC_073228.2_182334642_5	DN_NC_073244.2_63542066_5	truthbar	0	5	5	5	multi	0	0.4024	0.0000	0.0000	0.0000	0.0000	0
ZNF175	ZNF41	DN_NC_073244.2_63542066_5	DN_NC_073247.2_57840463_5	truthbar	0	5	5	5	multi	0	0.3450	0.0000	0.0000	0.0000	0.0000	0
ZNF175	ZNF484	DN_NC_073237.2_89310571_5	DN_NC_073244.2_63542066_5	truthbar	0	5	5	5	multi	0	0.2624	0.0000	0.0000	0.0000	0.0000	0
ZNF175	ZNF568	DN_NC_073244.2_48093173_7	DN_NC_073244.2_63542066_5	truthbar	0	7	5	5	multi	0	0.1515	0.0000	0.0000	0.0000	0.0000	0
ZNF175	ZNF585B	DN_NC_073244.2_48352926_4	DN_NC_073244.2_63542066_5	truthbar	0	4	5	4	multi	0	0.3994	0.0000	0.0000	0.0000	0.0000	0
ZNF175	ZNF624	DN_NC_073228.2_83513581_6	DN_NC_073244.2_63542066_5	truthbar	0	6	5	5	multi	0	0.2807	0.0000	0.0000	0.0000	0.0000	0
ZNF175	ZNF674	DN_NC_073244.2_63542066_5	DN_NC_073247.2_56899135_7	truthbar	0	5	7	5	multi	0	0.2119	0.0000	0.0000	0.0000	0.0000	0
ZNF175	ZNF81	DN_NC_073244.2_63542066_5	DN_NC_073247.2_58228088_5	truthbar	0	5	5	5	multi	0	0.1934	0.0000	0.0000	0.0000	0.0000	0
ZNF175	ZNF84	DN_NC_073234.2_148537990_5	DN_NC_073244.2_63542066_5	truthbar	0	5	5	5	multi	0	0.2558	0.0000	0.0000	0.0000	0.0000	0
ZNF177	ZNF560	DN_NC_073244.2_15357025_8	DN_NC_073244.2_15508499_10	truthbar	0	8	10	8	multi	0	0.1467	0.0000	0.0000	0.0000	0.0000	0
ZNF177	ZNF573	DN_NC_073244.2_15357025_8	DN_NC_073244.2_49246931_6	truthbar	0	8	6	6	multi	0	0.1498	0.0000	0.0000	0.0000	0.0000	0
ZNF180	ZNF182	DN_NC_073244.2_55989141_5	DN_NC_073247.2_58372296_6	truthbar	0	5	5	5	multi	0	0.1843	0.0000	0.0000	0.0000	0.0000	0
ZNF180	ZNF260	DN_NC_073244.2_47706460_3	DN_NC_073244.2_55989141_5	truthbar	0	3	5	3	multi	0	0.2002	0.0000	0.0000	0.0000	0.0000	0
ZNF180	ZNF268	DN_NC_073234.2_148682020_7	DN_NC_073244.2_55989141_5	truthbar	0	7	5	5	multi	0	0.1674	0.0000	0.0000	0.0000	0.0000	0
ZNF180	ZNF287	DN_NC_073228.2_83600319_6	DN_NC_073244.2_55989141_5	truthbar	0	6	5	5	multi	0	0.2444	0.0000	0.0000	0.0000	0.0000	0
ZNF180	ZNF302	DN_NC_073244.2_45737704_5	DN_NC_073244.2_55989141_5	genuine	0	5	5	5	multi	0	0.1490	0.0000	0.0000	0.0000	0.0000	0
ZNF180	ZNF382	DN_NC_073244.2_47798559_5	DN_NC_073244.2_55989141_5	truthbar	0	5	5	5	multi	0	0.1799	0.0000	0.0000	0.0000	0.0000	0
ZNF180	ZNF527	DN_NC_073244.2_48620420_5	DN_NC_073244.2_55989141_5	truthbar	0	5	5	5	multi	0	0.1551	0.0000	0.0000	0.0000	0.0000	0
ZNF180	ZNF567	DN_NC_073244.2_47878793_6	DN_NC_073244.2_55989141_5	truthbar	0	6	5	5	multi	0	0.3306	0.0000	0.0000	0.0000	0.0000	0
ZNF180	ZNF568	DN_NC_073244.2_48093173_7	DN_NC_073244.2_55989141_5	truthbar	0	7	5	5	multi	0	0.1501	0.0000	0.0000	0.0000	0.0000	0
ZNF180	ZNF585A	DN_NC_073244.2_48319142_5	DN_NC_073244.2_55989141_5	truthbar	0	5	5	5	multi	0	0.1558	0.0000	0.0000	0.0000	0.0000	0
ZNF180	ZNF585B	DN_NC_073244.2_48352926_4	DN_NC_073244.2_55989141_5	truthbar	0	4	5	4	multi	0	0.3619	0.0000	0.0000	0.0000	0.0000	0
ZNF180	ZNF606	DN_NC_073244.2_55989141_5	DN_NC_073244.2_70077616_7	truthbar	0	5	7	5	multi	0	0.1371	0.0000	0.0000	0.0000	0.0000	0
ZNF180	ZNF615	DN_NC_073244.2_55989141_5	DN_NC_073244.2_63961971_6	truthbar	0	5	6	5	multi	0	0.1320	0.0000	0.0000	0.0000	0.0000	0
ZNF180	ZNF782	DN_NC_073237.2_93275727_4	DN_NC_073244.2_55989141_5	truthbar	0	4	5	4	multi	0	0.1628	0.0000	0.0000	0.0000	0.0000	0
ZNF181	ZNF333	DN_NC_073244.2_20723155_12	DN_NC_073244.2_45796040_6	truthbar	0	12	6	6	multi	0	0.1399	0.0000	0.0000	0.0000	0.0000	3
ZNF181	ZNF879	DN_NC_073228.2_182994030_5	DN_NC_073244.2_45796040_6	truthbar	0	5	6	5	multi	0	0.1999	0.0000	0.0000	0.0000	0.0000	3
ZNF182	ZNF26	DN_NC_073234.2_148486259_4	DN_NC_073247.2_58372296_6	truthbar	0	4	5	4	multi	0	0.2923	0.0000	0.0000	0.0000	0.0000	0
ZNF182	ZNF260	DN_NC_073244.2_47706460_3	DN_NC_073247.2_58372296_6	truthbar	0	3	5	3	multi	0	0.2449	0.0000	0.0000	0.0000	0.0000	0
ZNF182	ZNF268	DN_NC_073234.2_148682020_7	DN_NC_073247.2_58372296_6	truthbar	0	7	5	5	multi	0	0.2906	0.0000	0.0000	0.0000	0.0000	0
ZNF182	ZNF287	DN_NC_073228.2_83600319_6	DN_NC_073247.2_58372296_6	truthbar	0	6	5	5	multi	0	0.3251	0.0000	0.0000	0.0000	0.0000	0
ZNF182	ZNF300	DN_NC_073228.2_154747841_5	DN_NC_073247.2_58372296_6	truthbar	0	5	5	5	multi	0	0.1787	0.0000	0.0000	0.0000	0.0000	0
ZNF182	ZNF334	DN_NC_073245.2_58728682_5	DN_NC_073247.2_58372296_6	truthbar	0	5	5	5	multi	0	0.2429	0.0000	0.0000	0.0000	0.0000	0
ZNF182	ZNF33B	DN_NC_073232.2_72820474_5	DN_NC_073247.2_58372296_6	truthbar	0	5	5	5	multi	0	0.3588	0.0000	0.0000	0.0000	0.0000	0
ZNF182	ZNF41	DN_NC_073247.2_57840463_5	DN_NC_073247.2_58372296_6	truthbar	0	5	5	5	multi	0	0.2701	0.0000	0.0000	0.0000	0.0000	0
ZNF182	ZNF432	DN_NC_073244.2_64004232_5	DN_NC_073247.2_58372296_6	truthbar	0	5	5	5	multi	0	0.1635	0.0000	0.0000	0.0000	0.0000	0
ZNF182	ZNF487	DN_NC_073232.2_71973207_3	DN_NC_073247.2_58372296_6	genuine	0	3	5	3	multi	0	0.1789	0.0000	0.0000	0.0000	0.0000	0
ZNF182	ZNF567	DN_NC_073244.2_47878793_6	DN_NC_073247.2_58372296_6	truthbar	0	6	5	5	multi	0	0.3296	0.0000	0.0000	0.0000	0.0000	0
ZNF182	ZNF568	DN_NC_073244.2_48093173_7	DN_NC_073247.2_58372296_6	truthbar	0	7	5	5	multi	0	0.2006	0.0000	0.0000	0.0000	0.0000	0
ZNF182	ZNF585A	DN_NC_073244.2_48319142_5	DN_NC_073247.2_58372296_6	truthbar	0	5	5	5	multi	0	0.2698	0.0000	0.0000	0.0000	0.0000	0
ZNF182	ZNF585B	DN_NC_073244.2_48352926_4	DN_NC_073247.2_58372296_6	truthbar	0	4	5	4	multi	0	0.2646	0.0000	0.0000	0.0000	0.0000	0
ZNF182	ZNF605	DN_NC_073234.2_148420424_5	DN_NC_073247.2_58372296_6	truthbar	0	5	5	5	multi	0	0.1708	0.0000	0.0000	0.0000	0.0000	0
ZNF182	ZNF606	DN_NC_073244.2_70077616_7	DN_NC_073247.2_58372296_6	truthbar	0	7	5	5	multi	0	0.2533	0.0000	0.0000	0.0000	0.0000	0
ZNF182	ZNF615	DN_NC_073244.2_63961971_6	DN_NC_073247.2_58372296_6	truthbar	0	6	5	5	multi	0	0.1568	0.0000	0.0000	0.0000	0.0000	0
ZNF182	ZNF624	DN_NC_073228.2_83513581_6	DN_NC_073247.2_58372296_6	truthbar	0	6	5	5	multi	0	0.2025	0.0000	0.0000	0.0000	0.0000	0
ZNF182	ZNF649	DN_NC_073244.2_63855100_5	DN_NC_073247.2_58372296_6	truthbar	0	5	5	5	multi	0	0.2011	0.0000	0.0000	0.0000	0.0000	0
ZNF182	ZNF674	DN_NC_073247.2_56899135_7	DN_NC_073247.2_58372296_6	truthbar	0	7	5	5	multi	0	0.2334	0.0000	0.0000	0.0000	0.0000	0
ZNF182	ZNF717	DN_NC_073247.2_58372296_6	DN_NC_086017.1_85766278_5	truthbar	0	5	5	5	multi	0	0.3229	0.0000	0.0000	0.0000	0.0000	0
ZNF182	ZNF782	DN_NC_073237.2_93275727_4	DN_NC_073247.2_58372296_6	truthbar	0	4	5	4	multi	0	0.3091	0.0000	0.0000	0.0000	0.0000	0
ZNF182	ZNF81	DN_NC_073247.2_58228088_5	DN_NC_073247.2_58372296_6	truthbar	0	5	5	5	multi	0	0.3526	0.0000	0.0000	0.0000	0.0000	0
ZNF182	ZNF84	DN_NC_073234.2_148537990_5	DN_NC_073247.2_58372296_6	truthbar	0	5	5	5	multi	0	0.3363	0.0000	0.0000	0.0000	0.0000	0
ZNF182	ZNF883	DN_NC_073237.2_109230975_4	DN_NC_073247.2_58372296_6	truthbar	0	4	5	4	multi	0	0.2224	0.0000	0.0000	0.0000	0.0000	0
ZNF184	ZNF283	DN_NC_073229.2_45067329_6	DN_NC_073244.2_55341363_7	truthbar	0	6	7	6	multi	0	0.2049	0.0000	0.0000	0.0000	0.0000	0
ZNF184	ZNF30	DN_NC_073229.2_45067329_6	DN_NC_073244.2_45985550_6	truthbar	0	6	6	6	multi	0	0.1902	0.0000	0.0000	0.0000	0.0000	0
ZNF184	ZNF329	DN_NC_073229.2_45067329_6	DN_NC_073244.2_70224599_4	truthbar	0	6	4	4	multi	0	0.2257	0.0000	0.0000	0.0000	0.0000	0
ZNF184	ZNF420	DN_NC_073229.2_45067329_6	DN_NC_073244.2_48242798_5	truthbar	0	6	5	5	multi	0	0.4039	0.0000	0.0000	0.0000	0.0000	0
ZNF184	ZNF471	DN_NC_073229.2_45067329_6	DN_NC_073244.2_68611978_5	truthbar	0	6	5	5	multi	0	0.1510	0.0000	0.0000	0.0000	0.0000	0
ZNF184	ZNF540	DN_NC_073229.2_45067329_6	DN_NC_073244.2_49101177_5	truthbar	0	6	5	5	multi	0	0.1655	0.0000	0.0000	0.0000	0.0000	0
ZNF184	ZNF565	DN_NC_073229.2_45067329_6	DN_NC_073244.2_47250467_5	truthbar	0	6	5	5	multi	0	0.1438	0.0000	0.0000	0.0000	0.0000	0
ZNF184	ZNF571	DN_NC_073229.2_45067329_6	DN_NC_073244.2_49072464_4	truthbar	0	6	4	4	multi	0	0.1842	0.0000	0.0000	0.0000	0.0000	0
ZNF184	ZNF573	DN_NC_073229.2_45067329_6	DN_NC_073244.2_49246931_6	truthbar	0	6	6	6	multi	0	0.2396	0.0000	0.0000	0.0000	0.0000	0
ZNF184	ZNF583	DN_NC_073229.2_45067329_6	DN_NC_073244.2_68513423_5	truthbar	0	6	5	5	multi	0	0.1590	0.0000	0.0000	0.0000	0.0000	0
ZNF184	ZNF665	DN_NC_073229.2_45067329_6	DN_NC_073244.2_65102393_4	truthbar	0	6	4	4	multi	0	0.2683	0.0000	0.0000	0.0000	0.0000	0
ZNF184	ZNF780A	DN_NC_073229.2_45067329_6	DN_NC_073244.2_51825388_5	truthbar	0	6	5	5	multi	0	0.1355	0.0000	0.0000	0.0000	0.0000	0
ZNF184	ZNF780B	DN_NC_073229.2_45067329_6	DN_NC_073244.2_51783968_5	truthbar	0	6	5	5	multi	0	0.1413	0.0000	0.0000	0.0000	0.0000	0
ZNF189	ZNF30	DN_NC_073237.2_97733433_3	DN_NC_073244.2_45985550_6	truthbar	0	3	6	3	multi	0	0.1570	0.0000	0.0000	0.0000	0.0000	0
ZNF189	ZNF420	DN_NC_073237.2_97733433_3	DN_NC_073244.2_48242798_5	truthbar	0	3	5	3	multi	0	0.2338	0.0000	0.0000	0.0000	0.0000	0
ZNF189	ZNF546	DN_NC_073237.2_97733433_3	DN_NC_073244.2_51749194_6	truthbar	0	3	6	3	multi	0	0.1782	0.0000	0.0000	0.0000	0.0000	0
ZNF189	ZNF565	DN_NC_073237.2_97733433_3	DN_NC_073244.2_47250467_5	truthbar	0	3	5	3	multi	0	0.1540	0.0000	0.0000	0.0000	0.0000	0
ZNF189	ZNF571	DN_NC_073237.2_97733433_3	DN_NC_073244.2_49072464_4	truthbar	0	3	4	3	multi	0	0.1970	0.0000	0.0000	0.0000	0.0000	0
ZNF189	ZNF780B	DN_NC_073237.2_97733433_3	DN_NC_073244.2_51783968_5	truthbar	0	3	5	3	multi	0	0.1654	0.0000	0.0000	0.0000	0.0000	0
ZNF189	ZNF790	DN_NC_073237.2_97733433_3	DN_NC_073244.2_47997304_5	truthbar	0	3	5	3	multi	0	0.1518	0.0000	0.0000	0.0000	0.0000	0
ZNF19	ZNF23	DN_NC_073242.2_100900995_5	DN_NC_073242.2_100926924_5	truthbar	0	5	5	5	multi	0	0.1680	0.0000	0.0000	0.0000	0.0000	1
ZNF19	ZNF557	DN_NC_073242.2_100926924_5	DN_NC_073244.2_12909180_8	truthbar	0	5	8	5	multi	0	0.1569	0.0000	0.0000	0.0000	0.0000	1
ZNF19	ZNF558	DN_NC_073242.2_100926924_5	DN_NC_073244.2_14850343_10	truthbar	0	5	10	5	multi	0	0.2314	0.0000	0.0000	0.0000	0.0000	1
ZNF195	ZNF254	DN_NC_073233.2_9788172_5	DN_NC_073244.2_30438340_4	truthbar	0	5	4	4	multi	0	0.2235	0.0000	0.0000	0.0000	0.0000	4
ZNF195	ZNF273	DN_NC_073230.2_74299233_4	DN_NC_073233.2_9788172_5	truthbar	0	4	5	4	multi	0	0.2638	0.0000	0.0000	0.0000	0.0000	4
ZNF195	ZNF28	DN_NC_073233.2_9788172_5	DN_NC_073244.2_64759228_5	truthbar	0	5	5	5	multi	0	0.2053	0.0000	0.0000	0.0000	0.0000	4
ZNF195	ZNF347	DN_NC_073233.2_9788172_5	DN_NC_073244.2_65073171_5	truthbar	0	5	5	5	multi	0	0.1961	0.0000	0.0000	0.0000	0.0000	4
ZNF195	ZNF415	DN_NC_073233.2_9788172_5	DN_NC_073244.2_65046428_4	truthbar	0	5	3	3	multi	0	0.1541	0.0000	0.0000	0.0000	0.0000	4
ZNF195	ZNF429	DN_NC_073233.2_9788172_5	DN_NC_073244.2_27956158_2	truthbar	0	5	2	2	multi	0	0.3916	0.0000	0.0000	0.0000	0.0000	4
ZNF195	ZNF43	DN_NC_073233.2_9788172_5	DN_NC_073244.2_28333451_4	truthbar	0	5	4	4	multi	0	0.2601	0.0000	0.0000	0.0000	0.0000	4
ZNF195	ZNF430	DN_NC_073233.2_9788172_5	DN_NC_073244.2_27504818_5	truthbar	0	5	5	5	multi	0	0.2299	0.0000	0.0000	0.0000	0.0000	4
ZNF195	ZNF468	DN_NC_073233.2_9788172_5	DN_NC_073244.2_64797239_5	truthbar	0	5	5	5	multi	0	0.1484	0.0000	0.0000	0.0000	0.0000	4
ZNF195	ZNF519	DN_NC_073233.2_9788172_5	DN_NC_073241.2_36126198_2	truthbar	0	5	2	2	multi	0	0.1642	0.0000	0.0000	0.0000	0.0000	4
ZNF195	ZNF595	DN_NC_073227.2_8633418_2	DN_NC_073233.2_9788172_5	truthbar	0	2	5	2	multi	0	0.2615	0.0000	0.0000	0.0000	0.0000	4
ZNF195	ZNF600	DN_NC_073233.2_9788172_5	DN_NC_073244.2_64724127_4	truthbar	0	5	4	4	multi	0	0.1650	0.0000	0.0000	0.0000	0.0000	4
ZNF195	ZNF611	DN_NC_073233.2_9788172_5	DN_NC_073244.2_64672255_4	truthbar	0	5	4	4	multi	0	0.1579	0.0000	0.0000	0.0000	0.0000	4
ZNF195	ZNF616	DN_NC_073233.2_9788172_5	DN_NC_073244.2_64081943_4	truthbar	0	5	4	4	multi	0	0.2241	0.0000	0.0000	0.0000	0.0000	4
ZNF195	ZNF675	DN_NC_073233.2_9788172_5	DN_NC_073244.2_29970261_4	truthbar	0	5	4	4	multi	0	0.3887	0.0000	0.0000	0.0000	0.0000	4
ZNF195	ZNF678	DN_NC_073224.2_40627195_4	DN_NC_073233.2_9788172_5	truthbar	0	4	5	4	multi	0	0.2644	0.0000	0.0000	0.0000	0.0000	4
ZNF195	ZNF680	DN_NC_073230.2_73977205_4	DN_NC_073233.2_9788172_5	truthbar	0	4	5	4	multi	0	0.1714	0.0000	0.0000	0.0000	0.0000	4
ZNF195	ZNF681	DN_NC_073233.2_9788172_5	DN_NC_073244.2_30067652_4	truthbar	0	5	4	4	multi	0	0.2142	0.0000	0.0000	0.0000	0.0000	4
ZNF195	ZNF682	DN_NC_073233.2_9788172_5	DN_NC_073244.2_26470366_4	truthbar	0	5	4	4	multi	0	0.2022	0.0000	0.0000	0.0000	0.0000	4
ZNF195	ZNF695	DN_NC_073224.2_8422960_4	DN_NC_073233.2_9788172_5	truthbar	0	4	5	4	multi	0	0.2275	0.0000	0.0000	0.0000	0.0000	4
ZNF195	ZNF721	DN_NC_073227.2_9010062_2	DN_NC_073233.2_9788172_5	truthbar	0	2	5	2	multi	0	0.2616	0.0000	0.0000	0.0000	0.0000	4
ZNF195	ZNF723	DN_NC_073233.2_9788172_5	DN_NC_073244.2_29232445_4	truthbar	0	5	4	4	multi	0	0.1585	0.0000	0.0000	0.0000	0.0000	4
ZNF195	ZNF83	DN_NC_073233.2_9788172_5	DN_NC_073244.2_64585864_4	truthbar	0	5	4	4	multi	0	0.1657	0.0000	0.0000	0.0000	0.0000	4
ZNF195	ZNF836	DN_NC_073233.2_9788172_5	DN_NC_073244.2_64125568_5	truthbar	0	5	5	5	multi	0	0.2644	0.0000	0.0000	0.0000	0.0000	4
ZNF195	ZNF841	DN_NC_073233.2_9788172_5	DN_NC_073244.2_64034715_7	truthbar	0	5	7	5	multi	0	0.2407	0.0000	0.0000	0.0000	0.0000	4
ZNF195	ZNF91	DN_NC_073233.2_9788172_5	DN_NC_073244.2_29680825_2	truthbar	0	5	2	2	multi	0	0.2367	0.0000	0.0000	0.0000	0.0000	4
ZNF197	ZNF594	DN_NC_073243.2_20324218_2	DN_NC_086017.1_54527845_6	truthbar	0	2	6	2	multi	0	0.1479	0.0000	0.0000	0.0000	0.0000	3
ZNF197	ZNF660	DN_NC_086017.1_54487757_3	DN_NC_086017.1_54527845_6	genuine	0	3	6	3	multi	0	0.2236	0.0000	0.0000	0.0000	0.0000	3
ZNF197	ZNF699	DN_NC_073244.2_15324693_6	DN_NC_086017.1_54527845_6	truthbar	0	6	6	6	multi	0	0.1670	0.0000	0.0000	0.0000	0.0000	3
ZNF197	ZSCAN2	DN_NC_073240.2_85898394_3	DN_NC_086017.1_54527845_6	truthbar	0	3	6	3	multi	0	0.1538	0.0000	0.0000	0.0000	0.0000	3
ZNF2	ZNF554	DN_NC_073236.2_32278873_5	DN_NC_073244.2_8594978_5	truthbar	0	5	5	5	multi	0	0.1507	0.0000	0.0000	0.0000	0.0000	3
ZNF2	ZNF879	DN_NC_073228.2_182994030_5	DN_NC_073236.2_32278873_5	truthbar	0	5	5	5	multi	0	0.2312	0.0000	0.0000	0.0000	0.0000	3
ZNF205	ZNF497	DN_NC_073242.2_6758889_7	DN_NC_073244.2_70451371_2	genuine	0	7	2	2	multi	0	0.3342	0.0000	0.0000	0.0000	0.0000	1
ZNF205	ZNF629	DN_NC_073242.2_36498381_3	DN_NC_073242.2_6758889_7	genuine	0	3	7	3	multi	0	0.1973	0.0000	0.0000	0.0000	0.0000	1
ZNF205	ZNF672	DN_NC_073224.2_5641112_4	DN_NC_073242.2_6758889_7	genuine	0	4	7	4	multi	0	0.2496	0.0000	0.0000	0.0000	0.0000	1
ZNF205	ZNF697	DN_NC_073224.2_124008865_3	DN_NC_073242.2_6758889_7	genuine	0	3	7	3	multi	0	0.1912	0.0000	0.0000	0.0000	0.0000	1
ZNF205	ZNF71	DN_NC_073242.2_6758889_7	DN_NC_073244.2_68699723_3	truthbar	0	7	3	3	multi	0	0.2773	0.0000	0.0000	0.0000	0.0000	1
ZNF205	ZNF74	DN_NC_073242.2_6758889_7	DN_NC_086018.1_17871581_2	truthbar	0	7	2	2	multi	0	0.2959	0.0000	0.0000	0.0000	0.0000	1
ZNF214	ZNF235	DN_NC_073233.2_13339812_3	DN_NC_073244.2_55797441_5	truthbar	0	4	5	4	multi	0	0.1986	0.0000	0.0000	0.0000	0.0000	4
ZNF221	ZNF222	DN_NC_073244.2_55464824_5	DN_NC_073244.2_55538420_4	truthbar	0	5	4	4	multi	0	0.3479	0.5443	0.4000	0.7500	0.4000	4
ZNF221	ZNF224	DN_NC_073244.2_55464824_5	DN_NC_073244.2_55607411_6	truthbar	0	5	6	5	multi	0	0.5431	0.5421	0.6000	0.3333	0.3333	4
ZNF221	ZNF225	DN_NC_073244.2_55464824_5	DN_NC_073244.2_55626504_5	truthbar	0	5	5	5	multi	0	0.4890	0.4733	0.6000	0.6000	0.6000	4
ZNF221	ZNF229	DN_NC_073244.2_55464824_5	DN_NC_073244.2_55940471_6	truthbar	0	5	6	5	multi	0	0.1828	0.0000	0.0000	0.0000	0.0000	4
ZNF221	ZNF230	DN_NC_073244.2_55464824_5	DN_NC_073244.2_55516115_5	truthbar	0	5	5	5	multi	0	0.2235	0.2921	0.4000	0.4000	0.4000	4
ZNF221	ZNF233	DN_NC_073244.2_55464824_5	DN_NC_073244.2_55771764_5	truthbar	0	5	5	5	multi	0	0.1683	0.0000	0.0000	0.0000	0.0000	4
ZNF221	ZNF234	DN_NC_073244.2_55464824_5	DN_NC_073244.2_55654796_6	truthbar	0	5	6	5	multi	0	0.3517	0.3032	0.6000	0.5000	0.5000	4
ZNF221	ZNF235	DN_NC_073244.2_55464824_5	DN_NC_073244.2_55797441_5	truthbar	0	5	5	5	multi	0	0.1627	0.0000	0.0000	0.0000	0.0000	4
ZNF221	ZNF284	DN_NC_073244.2_55464824_5	DN_NC_073244.2_55585242_5	truthbar	0	5	5	5	multi	0	0.4171	0.4721	0.6000	0.6000	0.6000	4
ZNF221	ZNF45	DN_NC_073244.2_55426973_9	DN_NC_073244.2_55464824_5	truthbar	0	9	5	5	multi	0	0.1575	0.0000	0.0000	0.0000	0.0000	4
ZNF222	ZNF224	DN_NC_073244.2_55538420_4	DN_NC_073244.2_55607411_6	truthbar	0	4	6	4	multi	0	0.5425	0.5569	0.7500	0.3333	0.3333	4
ZNF222	ZNF225	DN_NC_073244.2_55538420_4	DN_NC_073244.2_55626504_5	truthbar	0	4	5	4	multi	0	0.5425	0.5257	0.7500	0.4000	0.4000	4
ZNF222	ZNF229	DN_NC_073244.2_55538420_4	DN_NC_073244.2_55940471_6	genuine	0	4	6	4	multi	0	0.1317	0.0000	0.0000	0.0000	0.0000	4
ZNF222	ZNF230	DN_NC_073244.2_55516115_5	DN_NC_073244.2_55538420_4	truthbar	0	5	4	4	multi	0	0.7228	0.8557	0.4000	0.7500	0.4000	4
ZNF222	ZNF233	DN_NC_073244.2_55538420_4	DN_NC_073244.2_55771764_5	truthbar	0	4	5	4	multi	0	0.1431	0.0000	0.0000	0.0000	0.0000	4
ZNF222	ZNF234	DN_NC_073244.2_55538420_4	DN_NC_073244.2_55654796_6	truthbar	0	4	6	4	multi	0	0.5665	0.0000	0.0000	0.0000	0.0000	4
ZNF222	ZNF235	DN_NC_073244.2_55538420_4	DN_NC_073244.2_55797441_5	truthbar	0	4	5	4	multi	0	0.2317	0.0000	0.0000	0.0000	0.0000	4
ZNF222	ZNF284	DN_NC_073244.2_55538420_4	DN_NC_073244.2_55585242_5	truthbar	0	4	5	4	multi	0	0.3479	0.0000	0.0000	0.0000	0.0000	4
ZNF224	ZNF225	DN_NC_073244.2_55607411_6	DN_NC_073244.2_55626504_5	truthbar	0	6	5	5	multi	0	0.3660	0.4780	0.3333	0.4000	0.3333	4
ZNF224	ZNF229	DN_NC_073244.2_55607411_6	DN_NC_073244.2_55940471_6	truthbar	0	6	6	6	multi	0	0.1340	0.0000	0.0000	0.0000	0.0000	4
ZNF224	ZNF233	DN_NC_073244.2_55607411_6	DN_NC_073244.2_55771764_5	truthbar	0	6	5	5	multi	0	0.1551	0.0000	0.0000	0.0000	0.0000	4
ZNF224	ZNF234	DN_NC_073244.2_55607411_6	DN_NC_073244.2_55654796_6	truthbar	0	6	6	6	multi	0	0.2768	0.2663	0.5000	0.5000	0.5000	4
ZNF224	ZNF235	DN_NC_073244.2_55607411_6	DN_NC_073244.2_55797441_5	truthbar	0	6	5	5	multi	0	0.2167	0.0000	0.0000	0.0000	0.0000	4
ZNF224	ZNF239	DN_NC_073232.2_71881610_2	DN_NC_073244.2_55607411_6	genuine	0	2	6	2	multi	0	0.1412	0.0000	0.0000	0.0000	0.0000	4
ZNF224	ZNF284	DN_NC_073244.2_55585242_5	DN_NC_073244.2_55607411_6	truthbar	0	5	6	5	multi	0	0.3126	0.3831	0.4000	0.3333	0.3333	4
ZNF224	ZNF45	DN_NC_073244.2_55426973_9	DN_NC_073244.2_55607411_6	truthbar	0	9	6	6	multi	0	0.2643	0.0000	0.0000	0.0000	0.0000	4
ZNF225	ZNF230	DN_NC_073244.2_55516115_5	DN_NC_073244.2_55626504_5	truthbar	0	5	5	5	multi	0	0.1583	0.2164	0.4000	0.4000	0.4000	4
ZNF225	ZNF233	DN_NC_073244.2_55626504_5	DN_NC_073244.2_55771764_5	truthbar	0	5	5	5	multi	0	0.1916	0.0000	0.0000	0.0000	0.0000	4
ZNF225	ZNF234	DN_NC_073244.2_55626504_5	DN_NC_073244.2_55654796_6	truthbar	0	5	6	5	multi	0	0.2604	0.0000	0.0000	0.0000	0.0000	4
ZNF225	ZNF235	DN_NC_073244.2_55626504_5	DN_NC_073244.2_55797441_5	truthbar	0	5	5	5	multi	0	0.1537	0.0000	0.0000	0.0000	0.0000	4
ZNF225	ZNF284	DN_NC_073244.2_55585242_5	DN_NC_073244.2_55626504_5	truthbar	0	5	5	5	multi	0	0.2199	0.3464	0.4000	0.4000	0.4000	4
ZNF225	ZNF45	DN_NC_073244.2_55426973_9	DN_NC_073244.2_55626504_5	truthbar	0	9	5	5	multi	0	0.3005	0.0000	0.0000	0.0000	0.0000	4
ZNF229	ZNF233	DN_NC_073244.2_55771764_5	DN_NC_073244.2_55940471_6	truthbar	0	5	6	5	multi	0	0.1302	0.0000	0.0000	0.0000	0.0000	4
ZNF229	ZNF235	DN_NC_073244.2_55797441_5	DN_NC_073244.2_55940471_6	truthbar	0	5	6	5	multi	0	0.1851	0.0000	0.0000	0.0000	0.0000	4
ZNF229	ZNF239	DN_NC_073232.2_71881634_2	DN_NC_073244.2_55940471_6	genuine	0	2	6	2	multi	0	0.2617	0.0000	0.0000	0.0000	0.0000	4
ZNF229	ZNF285	DN_NC_073244.2_55899006_4	DN_NC_073244.2_55940471_6	truthbar	0	4	6	4	multi	0	0.1619	0.0000	0.0000	0.0000	0.0000	4
ZNF23	ZNF619	DN_NC_073242.2_100900995_5	DN_NC_086017.1_50382141_5	truthbar	0	5	5	5	multi	0	0.2875	0.0000	0.0000	0.0000	0.0000	1
ZNF230	ZNF234	DN_NC_073244.2_55516115_5	DN_NC_073244.2_55654796_6	truthbar	0	5	6	5	multi	0	0.2336	0.0000	0.0000	0.0000	0.0000	4
ZNF230	ZNF235	DN_NC_073244.2_55516115_5	DN_NC_073244.2_55797441_5	truthbar	0	5	5	5	multi	0	0.1335	0.0000	0.0000	0.0000	0.0000	4
ZNF230	ZNF284	DN_NC_073244.2_55516115_5	DN_NC_073244.2_55585242_5	truthbar	0	5	5	5	multi	0	0.1386	0.2161	0.4000	0.4000	0.4000	4
ZNF230	ZNF45	DN_NC_073244.2_55426973_9	DN_NC_073244.2_55516115_5	truthbar	0	9	5	5	multi	0	0.1355	0.0000	0.0000	0.0000	0.0000	4
ZNF232	ZNF274	DN_NC_073243.2_20232546_4	DN_NC_073244.2_70277256_8	truthbar	0	4	8	4	multi	0	0.1453	0.0000	0.0000	0.0000	0.0000	3
ZNF232	ZNF397	DN_NC_073241.2_64468689_4	DN_NC_073243.2_20232546_4	truthbar	0	4	4	4	multi	0	0.1690	0.0000	0.0000	0.0000	0.0000	3
ZNF232	ZNF502	DN_NC_073243.2_20232546_4	DN_NC_086017.1_54612772_3	genuine	0	4	3	3	multi	0	0.1486	0.0000	0.0000	0.0000	0.0000	3
ZNF232	ZSCAN12	DN_NC_073229.2_46022147_4	DN_NC_073243.2_20232546_4	truthbar	0	4	4	4	multi	0	0.1808	0.0000	0.0000	0.0000	0.0000	3
ZNF233	ZNF234	DN_NC_073244.2_55654796_6	DN_NC_073244.2_55771764_5	truthbar	0	6	5	5	multi	0	0.2059	0.0000	0.0000	0.0000	0.0000	4
ZNF233	ZNF235	DN_NC_073244.2_55771764_5	DN_NC_073244.2_55797441_5	truthbar	0	5	5	5	multi	0	0.1913	0.0000	0.0000	0.0000	0.0000	4
ZNF233	ZNF285	DN_NC_073244.2_55771764_5	DN_NC_073244.2_55899006_4	truthbar	0	5	4	4	multi	0	0.1431	0.0000	0.0000	0.0000	0.0000	4
ZNF233	ZNF45	DN_NC_073244.2_55426973_9	DN_NC_073244.2_55771764_5	truthbar	0	9	5	5	multi	0	0.1477	0.0000	0.0000	0.0000	0.0000	4
ZNF234	ZNF235	DN_NC_073244.2_55654796_6	DN_NC_073244.2_55797441_5	truthbar	0	6	5	5	multi	0	0.1667	0.0000	0.0000	0.0000	0.0000	4
ZNF234	ZNF284	DN_NC_073244.2_55585242_5	DN_NC_073244.2_55654796_6	truthbar	0	5	6	5	multi	0	0.1625	0.0000	0.0000	0.0000	0.0000	4
ZNF234	ZNF45	DN_NC_073244.2_55426973_9	DN_NC_073244.2_55654796_6	truthbar	0	9	6	6	multi	0	0.2385	0.0000	0.0000	0.0000	0.0000	4
ZNF235	ZNF239	DN_NC_073232.2_71881634_2	DN_NC_073244.2_55797441_5	truthbar	0	2	5	2	multi	0	0.1692	0.0000	0.0000	0.0000	0.0000	4
ZNF235	ZNF284	DN_NC_073244.2_55585242_5	DN_NC_073244.2_55797441_5	truthbar	0	5	5	5	multi	0	0.2474	0.0000	0.0000	0.0000	0.0000	4
ZNF235	ZNF45	DN_NC_073244.2_55426973_9	DN_NC_073244.2_55797441_5	truthbar	0	9	5	5	multi	0	0.3294	0.0000	0.0000	0.0000	0.0000	4
ZNF25	ZNF33B	DN_NC_073232.2_72820474_5	DN_NC_073232.2_81134357_6	truthbar	0	5	6	5	multi	0	0.1760	0.0000	0.0000	0.0000	0.0000	0
ZNF25	ZNF510	DN_NC_073232.2_81134357_6	DN_NC_073237.2_93211680_6	truthbar	0	6	6	6	multi	0	0.1924	0.0000	0.0000	0.0000	0.0000	0
ZNF25	ZNF568	DN_NC_073232.2_81134357_6	DN_NC_073244.2_48093173_7	truthbar	0	6	7	6	multi	0	0.1794	0.0000	0.0000	0.0000	0.0000	0
ZNF25	ZNF717	DN_NC_073232.2_81134357_6	DN_NC_086017.1_85766278_5	truthbar	0	6	5	5	multi	0	0.1588	0.0000	0.0000	0.0000	0.0000	0
ZNF250	ZNF251	DN_NC_073231.2_150568091_5	DN_NC_073231.2_150726059_5	truthbar	0	5	5	5	multi	0	0.1621	0.0000	0.0000	0.0000	0.0000	1
ZNF250	ZNF3	DN_NC_073230.2_88683937_6	DN_NC_073231.2_150726059_5	truthbar	0	6	5	5	multi	0	0.1608	0.0000	0.0000	0.0000	0.0000	1
ZNF250	ZNF34	DN_NC_073231.2_150618111_5	DN_NC_073231.2_150726059_5	truthbar	0	5	5	5	multi	0	0.2098	0.0000	0.0000	0.0000	0.0000	1
ZNF251	ZNF3	DN_NC_073230.2_88683937_6	DN_NC_073231.2_150568091_5	truthbar	0	6	5	5	multi	0	0.2210	0.0000	0.0000	0.0000	0.0000	1
ZNF251	ZNF34	DN_NC_073231.2_150568091_5	DN_NC_073231.2_150618111_5	truthbar	0	5	5	5	multi	0	0.2945	0.0000	0.0000	0.0000	0.0000	1
ZNF251	ZNF544	DN_NC_073231.2_150568091_5	DN_NC_073244.2_70323040_7	truthbar	0	5	7	5	multi	0	0.1520	0.0000	0.0000	0.0000	0.0000	1
ZNF251	ZNF623	DN_NC_073231.2_149487156_2	DN_NC_073231.2_150568091_5	truthbar	0	2	5	2	multi	0	0.2901	0.0000	0.0000	0.0000	0.0000	1
ZNF251	ZNF70	DN_NC_073231.2_150568091_5	DN_NC_086018.1_21231592_2	truthbar	0	5	2	2	multi	0	0.1762	0.0000	0.0000	0.0000	0.0000	1
ZNF254	ZNF267	DN_NC_073242.2_37386128_4	DN_NC_073244.2_30438340_4	truthbar	0	4	4	4	multi	0	0.1938	0.0000	0.0000	0.0000	0.0000	4
ZNF254	ZNF273	DN_NC_073230.2_74299233_4	DN_NC_073244.2_30438340_4	truthbar	0	4	4	4	multi	0	0.4696	0.3326	0.0000	0.0000	0.0000	4
ZNF254	ZNF28	DN_NC_073244.2_30438386_2	DN_NC_073244.2_64759228_5	genuine	0	2	5	2	multi	0	0.3206	0.0000	0.0000	0.0000	0.0000	4
ZNF254	ZNF429	DN_NC_073244.2_27956158_2	DN_NC_073244.2_30438386_2	truthbar	0	2	2	2	multi	0	0.7925	0.0000	0.0000	0.0000	0.0000	4
ZNF254	ZNF43	DN_NC_073244.2_28333451_4	DN_NC_073244.2_30438386_2	truthbar	0	4	2	2	multi	0	0.4530	0.5024	0.0000	0.0000	0.0000	4
ZNF254	ZNF430	DN_NC_073244.2_27504818_5	DN_NC_073244.2_30438340_4	truthbar	0	5	4	4	multi	0	0.3937	0.4878	0.4000	0.5000	0.4000	4
ZNF254	ZNF480	DN_NC_073244.2_30438340_4	DN_NC_073244.2_64265252_5	truthbar	0	4	5	4	multi	0	0.1313	0.0000	0.0000	0.0000	0.0000	4
ZNF254	ZNF486	DN_NC_073244.2_26666712_5	DN_NC_073244.2_30438386_2	truthbar	0	5	2	2	multi	0	0.2943	0.0000	0.0000	0.0000	0.0000	4
ZNF254	ZNF506	DN_NC_073244.2_26240039_2	DN_NC_073244.2_30438340_4	truthbar	0	2	4	2	multi	0	0.2503	0.0000	0.0000	0.0000	0.0000	4
ZNF254	ZNF519	DN_NC_073241.2_36126183_3	DN_NC_073244.2_30438340_4	truthbar	0	3	4	3	multi	0	0.3277	0.0000	0.0000	0.0000	0.0000	4
ZNF254	ZNF528	DN_NC_073244.2_30438340_4	DN_NC_073244.2_64368633_7	truthbar	0	4	7	4	multi	0	0.1433	0.0000	0.0000	0.0000	0.0000	4
ZNF254	ZNF578	DN_NC_073244.2_30438340_4	DN_NC_073244.2_64426370_6	truthbar	0	4	6	4	multi	0	0.1626	0.0000	0.0000	0.0000	0.0000	4
ZNF254	ZNF595	DN_NC_073227.2_8633418_2	DN_NC_073244.2_30438340_4	truthbar	0	2	4	2	multi	0	0.4315	0.0000	0.0000	0.0000	0.0000	4
ZNF254	ZNF600	DN_NC_073244.2_30438386_2	DN_NC_073244.2_64724127_4	truthbar	0	2	4	2	multi	0	0.2026	0.0000	0.0000	0.0000	0.0000	4
ZNF254	ZNF611	DN_NC_073244.2_30438386_2	DN_NC_073244.2_64672255_4	truthbar	0	2	4	2	multi	0	0.2475	0.0000	0.0000	0.0000	0.0000	4
ZNF254	ZNF626	DN_NC_073244.2_27131194_2	DN_NC_073244.2_30438386_2	truthbar	0	2	2	2	multi	0	0.4025	0.0000	0.0000	0.0000	0.0000	4
ZNF254	ZNF675	DN_NC_073244.2_29970261_4	DN_NC_073244.2_30438386_2	truthbar	0	4	2	2	multi	0	0.5300	0.0000	0.0000	0.0000	0.0000	4
ZNF254	ZNF678	DN_NC_073224.2_40627195_4	DN_NC_073244.2_30438386_2	truthbar	0	4	2	2	multi	0	0.3313	0.0000	0.0000	0.0000	0.0000	4
ZNF254	ZNF680	DN_NC_073230.2_73977205_4	DN_NC_073244.2_30438386_2	truthbar	0	4	2	2	multi	0	0.3290	0.0000	0.0000	0.0000	0.0000	4
ZNF254	ZNF681	DN_NC_073244.2_30067652_4	DN_NC_073244.2_30438340_4	truthbar	0	4	4	4	multi	0	0.3734	0.5081	0.7500	0.7500	0.7500	4
ZNF254	ZNF682	DN_NC_073244.2_26470366_4	DN_NC_073244.2_30438386_2	truthbar	0	4	2	2	multi	0	0.3243	0.0000	0.0000	0.0000	0.0000	4
ZNF254	ZNF695	DN_NC_073224.2_8422960_4	DN_NC_073244.2_30438386_2	truthbar	0	4	2	2	multi	0	0.3126	0.0000	0.0000	0.0000	0.0000	4
ZNF254	ZNF721	DN_NC_073227.2_9009888_2	DN_NC_073244.2_30438340_4	truthbar	0	2	4	2	multi	0	0.3594	0.0000	0.0000	0.0000	0.0000	4
ZNF254	ZNF723	DN_NC_073244.2_29232445_4	DN_NC_073244.2_30438340_4	truthbar	0	4	4	4	multi	0	0.3718	0.6723	1.0000	0.5000	0.5000	4
ZNF254	ZNF727	DN_NC_073230.2_73508332_4	DN_NC_073244.2_30438386_2	truthbar	0	4	2	2	multi	0	0.2234	0.0000	0.0000	0.0000	0.0000	4
ZNF254	ZNF736	DN_NC_073230.2_73776646_4	DN_NC_073244.2_30438386_2	truthbar	0	4	2	2	multi	0	0.2355	0.0000	0.0000	0.0000	0.0000	4
ZNF254	ZNF761	DN_NC_073244.2_30438386_2	DN_NC_073244.2_65362909_5	truthbar	0	2	5	2	multi	0	0.3324	0.0000	0.0000	0.0000	0.0000	4
ZNF254	ZNF813	DN_NC_073244.2_30438340_4	DN_NC_073244.2_65398487_4	truthbar	0	4	4	4	multi	0	0.3101	0.0000	0.0000	0.0000	0.0000	4
ZNF254	ZNF91	DN_NC_073244.2_29680825_4	DN_NC_073244.2_30438340_4	truthbar	0	4	4	4	multi	0	0.4771	0.8313	1.0000	1.0000	1.0000	4
ZNF254	ZNF92	DN_NC_073230.2_74637722_4	DN_NC_073244.2_30438386_2	truthbar	0	4	2	2	multi	0	0.3409	0.6068	0.2500	0.5000	0.2500	4
ZNF256	ZNF304	DN_NC_073244.2_69454318_2	DN_NC_073244.2_70043245_2	truthbar	0	2	2	2	multi	0	0.2087	0.0000	0.0000	0.0000	0.0000	3
ZNF256	ZNF416	DN_NC_073244.2_69672458_4	DN_NC_073244.2_70043245_2	truthbar	0	4	2	2	multi	0	0.3223	0.0000	0.0000	0.0000	0.0000	3
ZNF256	ZNF418	DN_NC_073244.2_70024584_5	DN_NC_073244.2_70042341_3	truthbar	0	5	3	3	multi	0	0.2071	0.0000	0.0000	0.0000	0.0000	3
ZNF256	ZNF547	DN_NC_073244.2_69466443_4	DN_NC_073244.2_70043245_2	truthbar	0	4	2	2	multi	0	0.2004	0.0000	0.0000	0.0000	0.0000	3
ZNF256	ZNF548	DN_NC_073244.2_69492904_4	DN_NC_073244.2_70043245_2	truthbar	0	4	2	2	multi	0	0.3475	0.0000	0.0000	0.0000	0.0000	3
ZNF256	ZNF549	DN_NC_073244.2_69628878_4	DN_NC_073244.2_70043245_2	truthbar	0	4	2	2	multi	0	0.1809	0.0000	0.0000	0.0000	0.0000	3
ZNF256	ZNF551	DN_NC_073244.2_69783488_3	DN_NC_073244.2_70043245_2	truthbar	0	3	2	2	multi	0	0.3848	0.0000	0.0000	0.0000	0.0000	3
ZNF256	ZNF671	DN_NC_073244.2_69821764_4	DN_NC_073244.2_70043245_2	truthbar	0	4	2	2	multi	0	0.2217	0.0000	0.0000	0.0000	0.0000	3
ZNF256	ZNF776	DN_NC_073244.2_69848694_2	DN_NC_073244.2_70043245_2	truthbar	0	2	2	2	multi	0	0.1770	0.0000	0.0000	0.0000	0.0000	3
ZNF256	ZNF792	DN_NC_073244.2_46013405_4	DN_NC_073244.2_70043245_2	truthbar	0	4	2	2	multi	0	0.1983	0.0000	0.0000	0.0000	0.0000	3
ZNF26	ZNF260	DN_NC_073234.2_148486259_4	DN_NC_073244.2_47706466_2	truthbar	0	4	2	2	multi	0	0.1620	0.0000	0.0000	0.0000	0.0000	0
ZNF26	ZNF268	DN_NC_073234.2_148486259_4	DN_NC_073234.2_148682020_7	truthbar	0	4	7	4	multi	0	0.2180	0.0000	0.0000	0.0000	0.0000	0
ZNF26	ZNF302	DN_NC_073234.2_148486259_4	DN_NC_073244.2_45737704_5	truthbar	0	4	5	4	multi	0	0.1505	0.0000	0.0000	0.0000	0.0000	0
ZNF26	ZNF484	DN_NC_073234.2_148486259_4	DN_NC_073237.2_89310571_5	genuine	0	4	5	4	multi	0	0.2396	0.0000	0.0000	0.0000	0.0000	0
ZNF26	ZNF568	DN_NC_073234.2_148486259_4	DN_NC_073244.2_48093173_7	truthbar	0	4	7	4	multi	0	0.1800	0.0000	0.0000	0.0000	0.0000	0
ZNF26	ZNF585A	DN_NC_073234.2_148486259_4	DN_NC_073244.2_48319142_5	truthbar	0	4	5	4	multi	0	0.1474	0.0000	0.0000	0.0000	0.0000	0
ZNF26	ZNF585B	DN_NC_073234.2_148486259_4	DN_NC_073244.2_48352926_4	truthbar	0	4	4	4	multi	0	0.2050	0.0000	0.0000	0.0000	0.0000	0
ZNF26	ZNF605	DN_NC_073234.2_148420424_5	DN_NC_073234.2_148486259_4	truthbar	0	5	4	4	multi	0	0.1646	0.0000	0.0000	0.0000	0.0000	0
ZNF26	ZNF613	DN_NC_073234.2_148486259_4	DN_NC_073244.2_63895938_6	truthbar	0	4	6	4	multi	0	0.2251	0.0000	0.0000	0.0000	0.0000	0
ZNF26	ZNF649	DN_NC_073234.2_148486259_4	DN_NC_073244.2_63855100_5	truthbar	0	4	5	4	multi	0	0.1883	0.0000	0.0000	0.0000	0.0000	0
ZNF26	ZNF674	DN_NC_073234.2_148486259_4	DN_NC_073247.2_56899135_7	truthbar	0	4	7	4	multi	0	0.1723	0.0000	0.0000	0.0000	0.0000	0
ZNF260	ZNF334	DN_NC_073244.2_47706466_2	DN_NC_073245.2_58728682_5	truthbar	0	2	5	2	multi	0	0.1356	0.0000	0.0000	0.0000	0.0000	0
ZNF260	ZNF33B	DN_NC_073232.2_72820474_5	DN_NC_073244.2_47706466_2	genuine	0	5	2	2	multi	0	0.1584	0.0000	0.0000	0.0000	0.0000	0
ZNF260	ZNF354A	DN_NC_073228.2_182334642_5	DN_NC_073244.2_47706460_3	truthbar	0	5	3	3	multi	0	0.2589	0.0000	0.0000	0.0000	0.0000	0
ZNF260	ZNF354B	DN_NC_073228.2_182827930_5	DN_NC_073244.2_47706466_2	truthbar	0	5	2	2	multi	0	0.1487	0.0000	0.0000	0.0000	0.0000	0
ZNF260	ZNF487	DN_NC_073232.2_71973207_3	DN_NC_073244.2_47706466_2	genuine	0	3	2	2	multi	0	0.1453	0.0000	0.0000	0.0000	0.0000	0
ZNF260	ZNF527	DN_NC_073244.2_47706466_2	DN_NC_073244.2_48620420_5	truthbar	0	2	5	2	multi	0	0.1615	0.0000	0.0000	0.0000	0.0000	0
ZNF260	ZNF565	DN_NC_073244.2_47288294_4	DN_NC_073244.2_47706466_2	truthbar	0	4	2	2	multi	0	0.1778	0.1533	0.0000	0.0000	0.0000	0
ZNF260	ZNF567	DN_NC_073244.2_47706460_3	DN_NC_073244.2_47878793_6	truthbar	0	3	6	3	multi	0	0.2304	0.0000	0.0000	0.0000	0.0000	0
ZNF260	ZNF568	DN_NC_073244.2_47706466_2	DN_NC_073244.2_48093173_7	truthbar	0	2	7	2	multi	0	0.1667	0.0000	0.0000	0.0000	0.0000	0
ZNF260	ZNF569	DN_NC_073244.2_47706460_3	DN_NC_073244.2_48919547_6	truthbar	0	3	6	3	multi	0	0.1624	0.0000	0.0000	0.0000	0.0000	0
ZNF260	ZNF585A	DN_NC_073244.2_47706460_3	DN_NC_073244.2_48319142_5	truthbar	0	3	5	3	multi	0	0.2137	0.0000	0.0000	0.0000	0.0000	0
ZNF260	ZNF585B	DN_NC_073244.2_47706466_2	DN_NC_073244.2_48352926_4	truthbar	0	2	4	2	multi	0	0.2033	0.0000	0.0000	0.0000	0.0000	0
ZNF260	ZNF605	DN_NC_073234.2_148420424_5	DN_NC_073244.2_47706466_2	truthbar	0	5	2	2	multi	0	0.1659	0.0000	0.0000	0.0000	0.0000	0
ZNF260	ZNF624	DN_NC_073228.2_83513581_6	DN_NC_073244.2_47706460_3	genuine	0	6	3	3	multi	0	0.2000	0.0000	0.0000	0.0000	0.0000	0
ZNF260	ZNF674	DN_NC_073244.2_47706460_3	DN_NC_073247.2_56899135_7	truthbar	0	3	7	3	multi	0	0.2032	0.0000	0.0000	0.0000	0.0000	0
ZNF260	ZNF717	DN_NC_073244.2_47706466_2	DN_NC_086017.1_85766278_5	genuine	0	2	5	2	multi	0	0.1808	0.0000	0.0000	0.0000	0.0000	0
ZNF260	ZNF883	DN_NC_073237.2_109230975_4	DN_NC_073244.2_47706460_3	truthbar	0	4	3	3	multi	0	0.2206	0.0000	0.0000	0.0000	0.0000	0
ZNF263	ZNF394	DN_NC_073230.2_89330255_2	DN_NC_073242.2_6930599_2	truthbar	0	2	2	2	multi	0	0.1353	0.0000	0.0000	0.0000	0.0000	1
ZNF263	ZSCAN30	DN_NC_073241.2_64479147_4	DN_NC_073242.2_6930862_6	truthbar	0	4	6	4	multi	0	0.1407	0.0000	0.0000	0.0000	0.0000	1
ZNF264	ZNF460	DN_NC_073244.2_69294668_4	DN_NC_073244.2_69382679_3	truthbar	0	4	3	3	multi	0	0.1343	0.0000	0.0000	0.0000	0.0000	3
ZNF264	ZNF543	DN_NC_073244.2_69294668_4	DN_NC_073244.2_69422908_4	truthbar	0	4	4	4	multi	0	0.4023	0.0000	0.0000	0.0000	0.0000	3
ZNF264	ZNF550	DN_NC_073244.2_69294668_4	DN_NC_073244.2_69643403_5	truthbar	0	4	5	4	multi	0	0.2186	0.0000	0.0000	0.0000	0.0000	3
ZNF264	ZNF805	DN_NC_073244.2_69294668_4	DN_NC_073244.2_69343714_4	truthbar	0	4	4	4	multi	0	0.3556	0.4780	0.7500	0.5000	0.5000	3
ZNF266	ZNF283	DN_NC_073244.2_15453865_9	DN_NC_073244.2_55341363_7	truthbar	0	9	7	7	multi	0	0.2461	0.0000	0.0000	0.0000	0.0000	0
ZNF266	ZNF30	DN_NC_073244.2_15453865_9	DN_NC_073244.2_45985550_6	truthbar	0	9	6	6	multi	0	0.1633	0.0000	0.0000	0.0000	0.0000	0
ZNF266	ZNF420	DN_NC_073244.2_15453865_9	DN_NC_073244.2_48242798_5	truthbar	0	9	5	5	multi	0	0.1717	0.0000	0.0000	0.0000	0.0000	0
ZNF266	ZNF546	DN_NC_073244.2_15453865_9	DN_NC_073244.2_51749194_6	truthbar	0	9	6	6	multi	0	0.1911	0.0000	0.0000	0.0000	0.0000	0
ZNF266	ZNF560	DN_NC_073244.2_15453865_9	DN_NC_073244.2_15508499_10	truthbar	0	9	10	9	multi	0	0.2060	0.0000	0.0000	0.0000	0.0000	0
ZNF266	ZNF571	DN_NC_073244.2_15453865_9	DN_NC_073244.2_49072464_4	truthbar	0	9	4	4	multi	0	0.2236	0.0000	0.0000	0.0000	0.0000	0
ZNF266	ZNF573	DN_NC_073244.2_15453865_9	DN_NC_073244.2_49246931_6	truthbar	0	9	6	6	multi	0	0.2659	0.0000	0.0000	0.0000	0.0000	0
ZNF266	ZNF596	DN_NC_073231.2_4596743_6	DN_NC_073244.2_15453865_9	truthbar	0	6	9	6	multi	0	0.1399	0.0000	0.0000	0.0000	0.0000	0
ZNF266	ZNF790	DN_NC_073244.2_15453865_9	DN_NC_073244.2_47997304_5	truthbar	0	9	5	5	multi	0	0.1562	0.0000	0.0000	0.0000	0.0000	0
ZNF266	ZNF829	DN_NC_073244.2_15453865_9	DN_NC_073244.2_48066692_6	truthbar	0	9	6	6	multi	0	0.2401	0.0000	0.0000	0.0000	0.0000	0
ZNF267	ZNF273	DN_NC_073230.2_74299233_4	DN_NC_073242.2_37386128_4	truthbar	0	4	4	4	multi	0	0.1986	0.0000	0.0000	0.0000	0.0000	4
ZNF267	ZNF28	DN_NC_073242.2_37386128_4	DN_NC_073244.2_64759228_5	truthbar	0	4	5	4	multi	0	0.2690	0.0000	0.0000	0.0000	0.0000	4
ZNF267	ZNF347	DN_NC_073242.2_37386128_4	DN_NC_073244.2_65073171_5	truthbar	0	4	5	4	multi	0	0.2387	0.0000	0.0000	0.0000	0.0000	4
ZNF267	ZNF415	DN_NC_073242.2_37386128_4	DN_NC_073244.2_65046428_2	truthbar	0	4	4	4	multi	0	0.3663	0.0000	0.0000	0.0000	0.0000	4
ZNF267	ZNF429	DN_NC_073242.2_37386128_4	DN_NC_073244.2_27956158_2	truthbar	0	4	2	2	multi	0	0.4993	0.0000	0.0000	0.0000	0.0000	4
ZNF267	ZNF43	DN_NC_073242.2_37386128_4	DN_NC_073244.2_28333451_4	truthbar	0	4	4	4	multi	0	0.3067	0.0000	0.0000	0.0000	0.0000	4
ZNF267	ZNF430	DN_NC_073242.2_37386128_4	DN_NC_073244.2_27504818_5	truthbar	0	4	5	4	multi	0	0.1641	0.0000	0.0000	0.0000	0.0000	4
ZNF267	ZNF486	DN_NC_073242.2_37386128_4	DN_NC_073244.2_26666712_5	truthbar	0	4	5	4	multi	0	0.2077	0.0000	0.0000	0.0000	0.0000	4
ZNF267	ZNF519	DN_NC_073241.2_36126198_2	DN_NC_073242.2_37386128_4	truthbar	0	2	4	2	multi	0	0.1522	0.0000	0.0000	0.0000	0.0000	4
ZNF267	ZNF595	DN_NC_073227.2_8633418_2	DN_NC_073242.2_37386128_4	truthbar	0	2	4	2	multi	0	0.1842	0.0000	0.0000	0.0000	0.0000	4
ZNF267	ZNF611	DN_NC_073242.2_37386128_4	DN_NC_073244.2_64672255_4	truthbar	0	4	4	4	multi	0	0.1616	0.0000	0.0000	0.0000	0.0000	4
ZNF267	ZNF616	DN_NC_073242.2_37386128_4	DN_NC_073244.2_64081943_4	truthbar	0	4	4	4	multi	0	0.1760	0.0000	0.0000	0.0000	0.0000	4
ZNF267	ZNF675	DN_NC_073242.2_37386128_4	DN_NC_073244.2_29970261_4	truthbar	0	4	4	4	multi	0	0.3688	0.0000	0.0000	0.0000	0.0000	4
ZNF267	ZNF678	DN_NC_073224.2_40627195_4	DN_NC_073242.2_37386128_4	truthbar	0	4	4	4	multi	0	0.2799	0.0000	0.0000	0.0000	0.0000	4
ZNF267	ZNF680	DN_NC_073230.2_73977205_4	DN_NC_073242.2_37386128_4	truthbar	0	4	4	4	multi	0	0.2955	0.0000	0.0000	0.0000	0.0000	4
ZNF267	ZNF681	DN_NC_073242.2_37386128_4	DN_NC_073244.2_30067652_4	truthbar	0	4	4	4	multi	0	0.2039	0.0000	0.0000	0.0000	0.0000	4
ZNF267	ZNF695	DN_NC_073224.2_8422960_4	DN_NC_073242.2_37386128_4	truthbar	0	4	4	4	multi	0	0.1545	0.0000	0.0000	0.0000	0.0000	4
ZNF267	ZNF721	DN_NC_073227.2_9009888_2	DN_NC_073242.2_37386128_4	truthbar	0	2	4	2	multi	0	0.1422	0.0000	0.0000	0.0000	0.0000	4
ZNF267	ZNF723	DN_NC_073242.2_37386128_4	DN_NC_073244.2_29232445_4	truthbar	0	4	4	4	multi	0	0.2733	0.0000	0.0000	0.0000	0.0000	4
ZNF267	ZNF727	DN_NC_073230.2_73508332_4	DN_NC_073242.2_37386128_4	truthbar	0	4	4	4	multi	0	0.1373	0.0000	0.0000	0.0000	0.0000	4
ZNF267	ZNF761	DN_NC_073242.2_37386128_4	DN_NC_073244.2_65362909_5	truthbar	0	4	5	4	multi	0	0.1432	0.0000	0.0000	0.0000	0.0000	4
ZNF267	ZNF766	DN_NC_073242.2_37386128_4	DN_NC_073244.2_64231369_4	truthbar	0	4	4	4	multi	0	0.1946	0.0000	0.0000	0.0000	0.0000	4
ZNF267	ZNF808	DN_NC_073242.2_37386128_4	DN_NC_073244.2_64500861_5	truthbar	0	4	5	4	multi	0	0.2272	0.0000	0.0000	0.0000	0.0000	4
ZNF267	ZNF813	DN_NC_073242.2_37386128_4	DN_NC_073244.2_65398487_4	truthbar	0	4	4	4	multi	0	0.1750	0.0000	0.0000	0.0000	0.0000	4
ZNF267	ZNF83	DN_NC_073242.2_37386128_4	DN_NC_073244.2_64585864_4	truthbar	0	4	4	4	multi	0	0.2497	0.0000	0.0000	0.0000	0.0000	4
ZNF267	ZNF836	DN_NC_073242.2_37386128_4	DN_NC_073244.2_64125568_5	truthbar	0	4	5	4	multi	0	0.2818	0.0000	0.0000	0.0000	0.0000	4
ZNF267	ZNF841	DN_NC_073242.2_37386128_4	DN_NC_073244.2_64034715_7	truthbar	0	4	7	4	multi	0	0.2259	0.0000	0.0000	0.0000	0.0000	4
ZNF267	ZNF888	DN_NC_073242.2_37386128_4	DN_NC_073244.2_64860608_4	truthbar	0	4	4	4	multi	0	0.1373	0.0000	0.0000	0.0000	0.0000	4
ZNF267	ZNF91	DN_NC_073242.2_37386128_4	DN_NC_073244.2_29680825_2	truthbar	0	4	2	2	multi	0	0.3053	0.0000	0.0000	0.0000	0.0000	4
ZNF267	ZNF92	DN_NC_073230.2_74637814_2	DN_NC_073242.2_37386128_4	truthbar	0	2	4	2	multi	0	0.2692	0.0000	0.0000	0.0000	0.0000	4
ZNF268	ZNF300	DN_NC_073228.2_154747841_5	DN_NC_073234.2_148682020_7	truthbar	0	5	7	5	multi	0	0.2262	0.0000	0.0000	0.0000	0.0000	0
ZNF268	ZNF334	DN_NC_073234.2_148682020_7	DN_NC_073245.2_58728682_5	truthbar	0	7	5	5	multi	0	0.2391	0.0000	0.0000	0.0000	0.0000	0
ZNF268	ZNF33B	DN_NC_073232.2_72820474_5	DN_NC_073234.2_148682020_7	truthbar	0	5	7	5	multi	0	0.2220	0.0000	0.0000	0.0000	0.0000	0
ZNF268	ZNF382	DN_NC_073234.2_148682020_7	DN_NC_073244.2_47798559_5	truthbar	0	7	5	5	multi	0	0.1986	0.0000	0.0000	0.0000	0.0000	0
ZNF268	ZNF41	DN_NC_073234.2_148682020_7	DN_NC_073247.2_57840463_5	truthbar	0	7	5	5	multi	0	0.2235	0.0000	0.0000	0.0000	0.0000	0
ZNF268	ZNF432	DN_NC_073234.2_148682020_7	DN_NC_073244.2_64004232_5	truthbar	0	7	5	5	multi	0	0.2036	0.0000	0.0000	0.0000	0.0000	0
ZNF268	ZNF484	DN_NC_073234.2_148682020_7	DN_NC_073237.2_89310571_5	truthbar	0	7	5	5	multi	0	0.2871	0.0000	0.0000	0.0000	0.0000	0
ZNF268	ZNF487	DN_NC_073232.2_71973207_3	DN_NC_073234.2_148682020_7	genuine	0	3	7	3	multi	0	0.1314	0.0000	0.0000	0.0000	0.0000	0
ZNF268	ZNF527	DN_NC_073234.2_148682020_7	DN_NC_073244.2_48620420_5	truthbar	0	7	5	5	multi	0	0.3200	0.0000	0.0000	0.0000	0.0000	0
ZNF268	ZNF569	DN_NC_073234.2_148682020_7	DN_NC_073244.2_48919547_6	truthbar	0	7	6	6	multi	0	0.1311	0.0000	0.0000	0.0000	0.0000	0
ZNF268	ZNF585A	DN_NC_073234.2_148682020_7	DN_NC_073244.2_48319142_5	truthbar	0	7	5	5	multi	0	0.2870	0.0000	0.0000	0.0000	0.0000	0
ZNF268	ZNF585B	DN_NC_073234.2_148682020_7	DN_NC_073244.2_48352926_4	truthbar	0	7	4	4	multi	0	0.3677	0.0000	0.0000	0.0000	0.0000	0
ZNF268	ZNF605	DN_NC_073234.2_148420424_5	DN_NC_073234.2_148682020_7	truthbar	0	5	7	5	multi	0	0.2499	0.0000	0.0000	0.0000	0.0000	0
ZNF268	ZNF606	DN_NC_073234.2_148682020_7	DN_NC_073244.2_70077616_7	truthbar	0	7	7	7	multi	0	0.1542	0.0000	0.0000	0.0000	0.0000	0
ZNF268	ZNF614	DN_NC_073234.2_148682020_7	DN_NC_073244.2_63983979_5	truthbar	0	7	5	5	multi	0	0.1872	0.0000	0.0000	0.0000	0.0000	0
ZNF268	ZNF624	DN_NC_073228.2_83513581_6	DN_NC_073234.2_148682020_7	truthbar	0	6	7	6	multi	0	0.4151	0.0000	0.0000	0.0000	0.0000	0
ZNF268	ZNF674	DN_NC_073234.2_148682020_7	DN_NC_073247.2_56899135_7	truthbar	0	7	7	7	multi	0	0.1387	0.0000	0.0000	0.0000	0.0000	0
ZNF268	ZNF717	DN_NC_073234.2_148682020_7	DN_NC_086017.1_85766278_5	truthbar	0	7	5	5	multi	0	0.4042	0.0000	0.0000	0.0000	0.0000	0
ZNF268	ZNF782	DN_NC_073234.2_148682020_7	DN_NC_073237.2_93275727_4	truthbar	0	7	4	4	multi	0	0.1703	0.0000	0.0000	0.0000	0.0000	0
ZNF268	ZNF84	DN_NC_073234.2_148537990_5	DN_NC_073234.2_148682020_7	truthbar	0	5	7	5	multi	0	0.3020	0.0000	0.0000	0.0000	0.0000	0
ZNF268	ZNF883	DN_NC_073234.2_148682020_7	DN_NC_073237.2_109230975_4	genuine	0	7	4	4	multi	0	0.1590	0.0000	0.0000	0.0000	0.0000	0
ZNF273	ZNF28	DN_NC_073230.2_74299233_4	DN_NC_073244.2_64759228_5	truthbar	0	4	5	4	multi	0	0.1646	0.0000	0.0000	0.0000	0.0000	4
ZNF273	ZNF415	DN_NC_073230.2_74299233_4	DN_NC_073244.2_65046428_2	truthbar	0	4	4	4	multi	0	0.3975	0.0000	0.0000	0.0000	0.0000	4
ZNF273	ZNF429	DN_NC_073230.2_74299233_4	DN_NC_073244.2_27956158_2	truthbar	0	4	2	2	multi	0	0.6848	0.6397	0.0000	0.5000	0.0000	4
ZNF273	ZNF43	DN_NC_073230.2_74299233_4	DN_NC_073244.2_28333451_4	truthbar	0	4	4	4	multi	0	0.4055	0.4310	0.7500	0.7500	0.7500	4
ZNF273	ZNF430	DN_NC_073230.2_74299233_4	DN_NC_073244.2_27504818_5	truthbar	0	4	5	4	multi	0	0.3934	0.7157	0.2500	0.2000	0.2000	4
ZNF273	ZNF480	DN_NC_073230.2_74299233_4	DN_NC_073244.2_64265252_5	truthbar	0	4	5	4	multi	0	0.1885	0.0000	0.0000	0.0000	0.0000	4
ZNF273	ZNF486	DN_NC_073230.2_74299233_4	DN_NC_073244.2_26666712_5	truthbar	0	4	5	4	multi	0	0.2671	0.5036	0.7500	0.8000	0.7500	4
ZNF273	ZNF506	DN_NC_073230.2_74299233_4	DN_NC_073244.2_26240035_4	truthbar	0	4	4	4	multi	0	0.4147	0.4856	0.5000	0.5000	0.5000	4
ZNF273	ZNF519	DN_NC_073230.2_74299233_4	DN_NC_073241.2_36126198_2	truthbar	0	4	2	2	multi	0	0.2880	0.0000	0.0000	0.0000	0.0000	4
ZNF273	ZNF595	DN_NC_073227.2_8633418_2	DN_NC_073230.2_74299233_4	truthbar	0	2	4	2	multi	0	0.4352	0.0000	0.0000	0.0000	0.0000	4
ZNF273	ZNF626	DN_NC_073230.2_74299233_4	DN_NC_073244.2_27131194_2	truthbar	0	4	2	2	multi	0	0.3994	0.4137	0.0000	0.0000	0.0000	4
ZNF273	ZNF675	DN_NC_073230.2_74299233_4	DN_NC_073244.2_29970261_4	truthbar	0	4	4	4	multi	0	0.5386	0.9587	0.7500	1.0000	0.7500	4
ZNF273	ZNF678	DN_NC_073224.2_40627195_4	DN_NC_073230.2_74299233_4	truthbar	0	4	4	4	multi	0	0.3068	0.0000	0.0000	0.0000	0.0000	4
ZNF273	ZNF680	DN_NC_073230.2_73977205_4	DN_NC_073230.2_74299233_4	truthbar	0	4	4	4	multi	0	0.5742	0.5742	1.0000	0.7500	0.7500	4
ZNF273	ZNF681	DN_NC_073230.2_74299233_4	DN_NC_073244.2_30067652_4	truthbar	0	4	4	4	multi	0	0.1683	0.6900	1.0000	0.7500	0.7500	4
ZNF273	ZNF682	DN_NC_073230.2_74299233_4	DN_NC_073244.2_26470366_4	truthbar	0	4	4	4	multi	0	0.4775	0.0000	0.0000	0.0000	0.0000	4
ZNF273	ZNF695	DN_NC_073224.2_8422960_4	DN_NC_073230.2_74299233_4	truthbar	0	4	4	4	multi	0	0.2475	0.0000	0.0000	0.0000	0.0000	4
ZNF273	ZNF721	DN_NC_073227.2_9010062_2	DN_NC_073230.2_74299233_4	truthbar	0	2	4	2	multi	0	0.3087	0.0000	0.0000	0.0000	0.0000	4
ZNF273	ZNF723	DN_NC_073230.2_74299233_4	DN_NC_073244.2_29232445_4	truthbar	0	4	4	4	multi	0	0.6887	0.6576	0.5000	1.0000	0.5000	4
ZNF273	ZNF727	DN_NC_073230.2_73508332_4	DN_NC_073230.2_74299233_4	truthbar	0	4	4	4	multi	0	0.2225	0.0000	0.0000	0.0000	0.0000	4
ZNF273	ZNF736	DN_NC_073230.2_73776646_4	DN_NC_073230.2_74299233_4	truthbar	0	4	4	4	multi	0	0.3741	0.0000	0.0000	0.0000	0.0000	4
ZNF273	ZNF761	DN_NC_073230.2_74299233_4	DN_NC_073244.2_65362909_5	truthbar	0	4	5	4	multi	0	0.2917	0.0000	0.0000	0.0000	0.0000	4
ZNF273	ZNF813	DN_NC_073230.2_74299233_4	DN_NC_073244.2_65398487_4	truthbar	0	4	4	4	multi	0	0.3071	0.0000	0.0000	0.0000	0.0000	4
ZNF273	ZNF836	DN_NC_073230.2_74299233_4	DN_NC_073244.2_64125568_5	truthbar	0	4	5	4	multi	0	0.1553	0.0000	0.0000	0.0000	0.0000	4
ZNF273	ZNF91	DN_NC_073230.2_74299233_4	DN_NC_073244.2_29680825_2	genuine	0	4	2	2	multi	0	0.3305	0.0000	0.0000	0.0000	0.0000	4
ZNF273	ZNF92	DN_NC_073230.2_74299233_4	DN_NC_073230.2_74637814_2	truthbar	0	4	2	2	multi	0	0.3654	0.6091	0.0000	0.5000	0.0000	4
ZNF28	ZNF347	DN_NC_073244.2_64759228_5	DN_NC_073244.2_65073171_5	truthbar	0	5	5	5	multi	0	0.2228	0.0000	0.0000	0.0000	0.0000	4
ZNF28	ZNF415	DN_NC_073244.2_64759228_5	DN_NC_073244.2_65046428_4	truthbar	0	5	3	3	multi	0	0.1612	0.0000	0.0000	0.0000	0.0000	4
ZNF28	ZNF468	DN_NC_073244.2_64759228_5	DN_NC_073244.2_64797239_5	truthbar	0	5	5	5	multi	0	0.2527	1.0819	1.0000	0.8000	0.8000	4
ZNF28	ZNF480	DN_NC_073244.2_64265252_5	DN_NC_073244.2_64759228_5	truthbar	0	5	5	5	multi	0	0.2107	0.0000	0.0000	0.0000	0.0000	4
ZNF28	ZNF578	DN_NC_073244.2_64426370_6	DN_NC_073244.2_64759228_5	truthbar	0	6	5	5	multi	0	0.1590	0.4267	0.0000	0.0000	0.0000	4
ZNF28	ZNF600	DN_NC_073244.2_64724127_4	DN_NC_073244.2_64759228_5	truthbar	0	4	5	4	multi	0	0.1672	0.7487	0.2500	0.2000	0.2000	4
ZNF28	ZNF611	DN_NC_073244.2_64672255_4	DN_NC_073244.2_64759228_5	truthbar	0	4	5	4	multi	0	0.1652	0.7758	0.2500	0.2000	0.2000	4
ZNF28	ZNF616	DN_NC_073244.2_64081943_4	DN_NC_073244.2_64759228_5	truthbar	0	4	5	4	multi	0	0.1434	0.0000	0.0000	0.0000	0.0000	4
ZNF28	ZNF681	DN_NC_073244.2_30067652_4	DN_NC_073244.2_64759228_5	genuine	0	4	5	4	multi	0	0.2019	0.0000	0.0000	0.0000	0.0000	4
ZNF28	ZNF695	DN_NC_073224.2_8422960_4	DN_NC_073244.2_64759228_5	truthbar	0	4	5	4	multi	0	0.2326	0.0000	0.0000	0.0000	0.0000	4
ZNF28	ZNF701	DN_NC_073244.2_64543447_4	DN_NC_073244.2_64759228_5	truthbar	0	4	5	4	multi	0	0.1737	0.5152	0.7500	0.8000	0.7500	4
ZNF28	ZNF721	DN_NC_073227.2_9010062_2	DN_NC_073244.2_64759228_5	genuine	0	2	5	2	multi	0	0.2411	0.0000	0.0000	0.0000	0.0000	4
ZNF28	ZNF761	DN_NC_073244.2_64759228_5	DN_NC_073244.2_65362909_5	truthbar	0	5	5	5	multi	0	0.2955	0.7940	0.8000	0.6000	0.6000	4
ZNF28	ZNF766	DN_NC_073244.2_64231369_4	DN_NC_073244.2_64759228_5	truthbar	0	4	5	4	multi	0	0.1387	0.0000	0.0000	0.0000	0.0000	4
ZNF28	ZNF808	DN_NC_073244.2_64500861_5	DN_NC_073244.2_64759228_5	truthbar	0	5	5	5	multi	0	0.2673	0.2998	0.0000	0.0000	0.0000	4
ZNF28	ZNF813	DN_NC_073244.2_64759228_5	DN_NC_073244.2_65398487_4	truthbar	0	5	4	4	multi	0	0.1575	0.2448	0.8000	0.5000	0.5000	4
ZNF28	ZNF83	DN_NC_073244.2_64585864_4	DN_NC_073244.2_64759228_5	truthbar	0	4	5	4	multi	0	0.2237	0.0000	0.0000	0.0000	0.0000	4
ZNF28	ZNF836	DN_NC_073244.2_64125568_5	DN_NC_073244.2_64759228_5	truthbar	0	5	5	5	multi	0	0.2537	0.0000	0.0000	0.0000	0.0000	4
ZNF28	ZNF841	DN_NC_073244.2_64034715_7	DN_NC_073244.2_64759228_5	truthbar	0	7	5	5	multi	0	0.3097	0.0000	0.0000	0.0000	0.0000	4
ZNF28	ZNF888	DN_NC_073244.2_64759228_5	DN_NC_073244.2_64860608_4	truthbar	0	5	4	4	multi	0	0.3359	0.7983	0.0000	0.0000	0.0000	4
ZNF28	ZNF91	DN_NC_073244.2_29680825_4	DN_NC_073244.2_64759228_5	genuine	0	4	5	4	multi	0	0.3451	0.0000	0.0000	0.0000	0.0000	4
ZNF28	ZNF92	DN_NC_073230.2_74637814_2	DN_NC_073244.2_64759228_5	truthbar	0	2	5	2	multi	0	0.2151	0.0000	0.0000	0.0000	0.0000	4
ZNF280C	ZNF280D	DN_NC_073240.2_57401181_22	DN_NC_073247.2_141930386_19	truthbar	0	22	19	19	multi	0	0.1374	0.2721	0.3636	0.4211	0.3636	3
ZNF283	ZNF30	DN_NC_073244.2_45985550_6	DN_NC_073244.2_55341363_7	truthbar	0	6	7	6	multi	0	0.1409	0.0000	0.0000	0.0000	0.0000	0
ZNF283	ZNF331	DN_NC_073244.2_55341363_7	DN_NC_073244.2_65470296_6	genuine	0	7	6	6	multi	0	0.2341	0.0000	0.0000	0.0000	0.0000	0
ZNF283	ZNF420	DN_NC_073244.2_48242798_5	DN_NC_073244.2_55341363_7	truthbar	0	5	7	5	multi	0	0.4324	0.0000	0.0000	0.0000	0.0000	0
ZNF283	ZNF461	DN_NC_073244.2_47831779_6	DN_NC_073244.2_55341363_7	genuine	0	6	7	6	multi	0	0.2381	0.0000	0.0000	0.0000	0.0000	0
ZNF283	ZNF540	DN_NC_073244.2_49101177_5	DN_NC_073244.2_55341363_7	truthbar	0	5	7	5	multi	0	0.3115	0.0000	0.0000	0.0000	0.0000	0
ZNF283	ZNF546	DN_NC_073244.2_51749194_6	DN_NC_073244.2_55341363_7	truthbar	0	6	7	6	multi	0	0.2032	0.0000	0.0000	0.0000	0.0000	0
ZNF283	ZNF565	DN_NC_073244.2_47250467_5	DN_NC_073244.2_55341363_7	genuine	0	5	7	5	multi	0	0.2210	0.0000	0.0000	0.0000	0.0000	0
ZNF283	ZNF566	DN_NC_073244.2_47642985_5	DN_NC_073244.2_55341363_7	genuine	0	5	7	5	multi	0	0.2396	0.0000	0.0000	0.0000	0.0000	0
ZNF283	ZNF573	DN_NC_073244.2_49246931_6	DN_NC_073244.2_55341363_7	truthbar	0	6	7	6	multi	0	0.2275	0.0000	0.0000	0.0000	0.0000	0
ZNF283	ZNF582	DN_NC_073244.2_55341363_7	DN_NC_073244.2_68491976_5	genuine	0	7	5	5	multi	0	0.2032	0.0000	0.0000	0.0000	0.0000	0
ZNF283	ZNF665	DN_NC_073244.2_55341363_7	DN_NC_073244.2_65102393_4	truthbar	0	7	4	4	multi	0	0.1300	0.0000	0.0000	0.0000	0.0000	0
ZNF283	ZNF780A	DN_NC_073244.2_51825388_5	DN_NC_073244.2_55341363_7	truthbar	0	5	7	5	multi	0	0.2442	0.0000	0.0000	0.0000	0.0000	0
ZNF283	ZNF780B	DN_NC_073244.2_51783968_5	DN_NC_073244.2_55341363_7	truthbar	0	5	7	5	multi	0	0.1560	0.0000	0.0000	0.0000	0.0000	0
ZNF283	ZNF790	DN_NC_073244.2_47997304_5	DN_NC_073244.2_55341363_7	truthbar	0	5	7	5	multi	0	0.4090	0.0000	0.0000	0.0000	0.0000	0
ZNF283	ZNF829	DN_NC_073244.2_48066692_6	DN_NC_073244.2_55341363_7	genuine	0	6	7	6	multi	0	0.2704	0.0000	0.0000	0.0000	0.0000	0
ZNF285	ZNF45	DN_NC_073244.2_55426973_9	DN_NC_073244.2_55899006_4	truthbar	0	9	4	4	multi	0	0.1941	0.0000	0.0000	0.0000	0.0000	4
ZNF287	ZNF302	DN_NC_073228.2_83600319_6	DN_NC_073244.2_45737704_5	truthbar	0	6	5	5	multi	0	0.1410	0.0000	0.0000	0.0000	0.0000	0
ZNF287	ZNF334	DN_NC_073228.2_83600319_6	DN_NC_073245.2_58728682_5	truthbar	0	6	5	5	multi	0	0.1516	0.0000	0.0000	0.0000	0.0000	0
ZNF287	ZNF354A	DN_NC_073228.2_182334642_5	DN_NC_073228.2_83600319_6	truthbar	0	5	6	5	multi	0	0.3974	0.0000	0.0000	0.0000	0.0000	0
ZNF287	ZNF41	DN_NC_073228.2_83600319_6	DN_NC_073247.2_57840463_5	truthbar	0	6	5	5	multi	0	0.1769	0.0000	0.0000	0.0000	0.0000	0
ZNF287	ZNF501	DN_NC_073228.2_83600319_6	DN_NC_086017.1_54629198_3	genuine	0	6	3	3	multi	0	0.1613	0.0000	0.0000	0.0000	0.0000	0
ZNF287	ZNF567	DN_NC_073228.2_83600319_6	DN_NC_073244.2_47878793_6	truthbar	0	6	6	6	multi	0	0.2246	0.0000	0.0000	0.0000	0.0000	0
ZNF287	ZNF568	DN_NC_073228.2_83600319_6	DN_NC_073244.2_48093173_7	truthbar	0	6	7	6	multi	0	0.2231	0.0000	0.0000	0.0000	0.0000	0
ZNF287	ZNF569	DN_NC_073228.2_83600319_6	DN_NC_073244.2_48919547_6	truthbar	0	6	6	6	multi	0	0.2312	0.0000	0.0000	0.0000	0.0000	0
ZNF287	ZNF585A	DN_NC_073228.2_83600319_6	DN_NC_073244.2_48319142_5	truthbar	0	6	5	5	multi	0	0.1391	0.0000	0.0000	0.0000	0.0000	0
ZNF287	ZNF585B	DN_NC_073228.2_83600319_6	DN_NC_073244.2_48352926_4	truthbar	0	6	4	4	multi	0	0.1927	0.0000	0.0000	0.0000	0.0000	0
ZNF287	ZNF605	DN_NC_073228.2_83600319_6	DN_NC_073234.2_148420424_5	truthbar	0	6	5	5	multi	0	0.1689	0.0000	0.0000	0.0000	0.0000	0
ZNF287	ZNF606	DN_NC_073228.2_83600319_6	DN_NC_073244.2_70077616_7	truthbar	0	6	7	6	multi	0	0.1332	0.0000	0.0000	0.0000	0.0000	0
ZNF287	ZNF613	DN_NC_073228.2_83600319_6	DN_NC_073244.2_63895938_6	truthbar	0	6	6	6	multi	0	0.1763	0.0000	0.0000	0.0000	0.0000	0
ZNF287	ZNF624	DN_NC_073228.2_83513581_6	DN_NC_073228.2_83600319_6	truthbar	0	6	6	6	multi	0	0.2506	0.0000	0.0000	0.0000	0.0000	0
ZNF287	ZNF717	DN_NC_073228.2_83600319_6	DN_NC_086017.1_85766278_5	truthbar	0	6	5	5	multi	0	0.1836	0.0000	0.0000	0.0000	0.0000	0
ZNF287	ZNF883	DN_NC_073228.2_83600319_6	DN_NC_073237.2_109230975_4	genuine	0	6	4	4	multi	0	0.2460	0.0000	0.0000	0.0000	0.0000	0
ZNF3	ZNF34	DN_NC_073230.2_88683937_6	DN_NC_073231.2_150618111_5	truthbar	0	6	5	5	multi	0	0.2257	0.0000	0.0000	0.0000	0.0000	1
ZNF3	ZNF544	DN_NC_073230.2_88683937_6	DN_NC_073244.2_70323040_7	genuine	0	6	7	6	multi	0	0.1873	0.0000	0.0000	0.0000	0.0000	1
ZNF3	ZNF623	DN_NC_073230.2_88683937_6	DN_NC_073231.2_149487100_2	truthbar	0	6	2	2	multi	0	0.2378	0.0000	0.0000	0.0000	0.0000	1
ZNF3	ZNF79	DN_NC_073230.2_88683937_6	DN_NC_073237.2_123801018_5	truthbar	0	6	5	5	multi	0	0.2168	0.0000	0.0000	0.0000	0.0000	1
ZNF30	ZNF331	DN_NC_073244.2_45985550_6	DN_NC_073244.2_65470296_6	truthbar	0	6	6	6	multi	0	0.1823	0.0000	0.0000	0.0000	0.0000	0
ZNF30	ZNF420	DN_NC_073244.2_45985550_6	DN_NC_073244.2_48242798_5	truthbar	0	6	5	5	multi	0	0.1518	0.0000	0.0000	0.0000	0.0000	0
ZNF30	ZNF471	DN_NC_073244.2_45985550_6	DN_NC_073244.2_68611978_5	truthbar	0	6	5	5	multi	0	0.2737	0.0000	0.0000	0.0000	0.0000	0
ZNF30	ZNF529	DN_NC_073244.2_45985550_6	DN_NC_073244.2_47739503_5	truthbar	0	6	5	5	multi	0	0.3020	0.0000	0.0000	0.0000	0.0000	0
ZNF30	ZNF540	DN_NC_073244.2_45985550_6	DN_NC_073244.2_49101177_5	truthbar	0	6	5	5	multi	0	0.3852	0.0000	0.0000	0.0000	0.0000	0
ZNF30	ZNF546	DN_NC_073244.2_45985550_6	DN_NC_073244.2_51749194_6	truthbar	0	6	6	6	multi	0	0.2796	0.0000	0.0000	0.0000	0.0000	0
ZNF30	ZNF565	DN_NC_073244.2_45985550_6	DN_NC_073244.2_47250467_5	truthbar	0	6	5	5	multi	0	0.3012	0.0000	0.0000	0.0000	0.0000	0
ZNF30	ZNF571	DN_NC_073244.2_45985550_6	DN_NC_073244.2_49072464_4	truthbar	0	6	4	4	multi	0	0.3596	0.0000	0.0000	0.0000	0.0000	0
ZNF30	ZNF573	DN_NC_073244.2_45985550_6	DN_NC_073244.2_49246931_6	truthbar	0	6	6	6	multi	0	0.2748	0.0000	0.0000	0.0000	0.0000	0
ZNF30	ZNF582	DN_NC_073244.2_45985550_6	DN_NC_073244.2_68491976_5	truthbar	0	6	5	5	multi	0	0.1887	0.0000	0.0000	0.0000	0.0000	0
ZNF30	ZNF583	DN_NC_073244.2_45985550_6	DN_NC_073244.2_68513423_5	truthbar	0	6	5	5	multi	0	0.2595	0.0000	0.0000	0.0000	0.0000	0
ZNF30	ZNF607	DN_NC_073244.2_45985550_6	DN_NC_073244.2_49205215_5	truthbar	0	6	5	5	multi	0	0.3352	0.0000	0.0000	0.0000	0.0000	0
ZNF30	ZNF665	DN_NC_073244.2_45985550_6	DN_NC_073244.2_65102393_4	truthbar	0	6	4	4	multi	0	0.2248	0.0000	0.0000	0.0000	0.0000	0
ZNF30	ZNF684	DN_NC_073224.2_199406700_5	DN_NC_073244.2_45985550_6	truthbar	0	5	6	5	multi	0	0.1336	0.0000	0.0000	0.0000	0.0000	0
ZNF30	ZNF780A	DN_NC_073244.2_45985550_6	DN_NC_073244.2_51825388_5	truthbar	0	6	5	5	multi	0	0.1406	0.0000	0.0000	0.0000	0.0000	0
ZNF30	ZNF780B	DN_NC_073244.2_45985550_6	DN_NC_073244.2_51783968_5	truthbar	0	6	5	5	multi	0	0.1536	0.0000	0.0000	0.0000	0.0000	0
ZNF30	ZNF829	DN_NC_073244.2_45985550_6	DN_NC_073244.2_48066692_6	truthbar	0	6	6	6	multi	0	0.2778	0.0000	0.0000	0.0000	0.0000	0
ZNF300	ZNF354A	DN_NC_073228.2_154747841_5	DN_NC_073228.2_182334642_5	truthbar	0	5	5	5	multi	0	0.2729	0.0000	0.0000	0.0000	0.0000	0
ZNF300	ZNF487	DN_NC_073228.2_154747841_5	DN_NC_073232.2_71973207_3	truthbar	0	5	3	3	multi	0	0.2535	0.0000	0.0000	0.0000	0.0000	0
ZNF300	ZNF527	DN_NC_073228.2_154747841_5	DN_NC_073244.2_48620420_5	truthbar	0	5	5	5	multi	0	0.1376	0.0000	0.0000	0.0000	0.0000	0
ZNF300	ZNF567	DN_NC_073228.2_154747841_5	DN_NC_073244.2_47878793_6	truthbar	0	5	6	5	multi	0	0.3087	0.0000	0.0000	0.0000	0.0000	0
ZNF300	ZNF569	DN_NC_073228.2_154747841_5	DN_NC_073244.2_48919547_6	truthbar	0	5	6	5	multi	0	0.1656	0.0000	0.0000	0.0000	0.0000	0
ZNF300	ZNF585A	DN_NC_073228.2_154747841_5	DN_NC_073244.2_48319142_5	truthbar	0	5	5	5	multi	0	0.1327	0.0000	0.0000	0.0000	0.0000	0
ZNF300	ZNF585B	DN_NC_073228.2_154747841_5	DN_NC_073244.2_48352926_4	truthbar	0	5	4	4	multi	0	0.2833	0.0000	0.0000	0.0000	0.0000	0
ZNF300	ZNF605	DN_NC_073228.2_154747841_5	DN_NC_073234.2_148420424_5	truthbar	0	5	5	5	multi	0	0.1635	0.0000	0.0000	0.0000	0.0000	0
ZNF300	ZNF606	DN_NC_073228.2_154747841_5	DN_NC_073244.2_70077616_7	truthbar	0	5	7	5	multi	0	0.2801	0.0000	0.0000	0.0000	0.0000	0
ZNF300	ZNF615	DN_NC_073228.2_154747841_5	DN_NC_073244.2_63961971_6	truthbar	0	5	6	5	multi	0	0.2370	0.0000	0.0000	0.0000	0.0000	0
ZNF300	ZNF674	DN_NC_073228.2_154747841_5	DN_NC_073247.2_56899135_7	truthbar	0	5	7	5	multi	0	0.2327	0.0000	0.0000	0.0000	0.0000	0
ZNF300	ZNF717	DN_NC_073228.2_154747841_5	DN_NC_086017.1_85766278_5	truthbar	0	5	5	5	multi	0	0.2083	0.0000	0.0000	0.0000	0.0000	0
ZNF300	ZNF782	DN_NC_073228.2_154747841_5	DN_NC_073237.2_93275727_4	truthbar	0	5	4	4	multi	0	0.1723	0.0000	0.0000	0.0000	0.0000	0
ZNF300	ZNF883	DN_NC_073228.2_154747841_5	DN_NC_073237.2_109230975_4	truthbar	0	5	4	4	multi	0	0.1581	0.0000	0.0000	0.0000	0.0000	0
ZNF302	ZNF334	DN_NC_073244.2_45737704_5	DN_NC_073245.2_58728682_5	truthbar	0	5	5	5	multi	0	0.1353	0.0000	0.0000	0.0000	0.0000	0
ZNF302	ZNF41	DN_NC_073244.2_45737704_5	DN_NC_073247.2_57840463_5	truthbar	0	5	5	5	multi	0	0.1782	0.0000	0.0000	0.0000	0.0000	0
ZNF302	ZNF484	DN_NC_073237.2_89310571_5	DN_NC_073244.2_45737704_5	genuine	0	5	5	5	multi	0	0.1866	0.0000	0.0000	0.0000	0.0000	0
ZNF302	ZNF527	DN_NC_073244.2_45737704_5	DN_NC_073244.2_48620420_5	truthbar	0	5	5	5	multi	0	0.1481	0.0000	0.0000	0.0000	0.0000	0
ZNF302	ZNF565	DN_NC_073244.2_45737704_5	DN_NC_073244.2_47288294_4	truthbar	0	5	4	4	multi	0	0.1925	0.0000	0.0000	0.0000	0.0000	0
ZNF302	ZNF567	DN_NC_073244.2_45737704_5	DN_NC_073244.2_47878793_6	truthbar	0	5	6	5	multi	0	0.2420	0.0000	0.0000	0.0000	0.0000	0
ZNF302	ZNF568	DN_NC_073244.2_45737704_5	DN_NC_073244.2_48093173_7	truthbar	0	5	7	5	multi	0	0.2873	0.0000	0.0000	0.0000	0.0000	0
ZNF302	ZNF569	DN_NC_073244.2_45737704_5	DN_NC_073244.2_48919547_6	truthbar	0	5	6	5	multi	0	0.1964	0.0000	0.0000	0.0000	0.0000	0
ZNF302	ZNF585A	DN_NC_073244.2_45737704_5	DN_NC_073244.2_48319142_5	truthbar	0	5	5	5	multi	0	0.1511	0.0000	0.0000	0.0000	0.0000	0
ZNF302	ZNF585B	DN_NC_073244.2_45737704_5	DN_NC_073244.2_48352926_4	genuine	0	5	4	4	multi	0	0.2114	0.0000	0.0000	0.0000	0.0000	0
ZNF302	ZNF605	DN_NC_073234.2_148420424_5	DN_NC_073244.2_45737704_5	truthbar	0	5	5	5	multi	0	0.1836	0.0000	0.0000	0.0000	0.0000	0
ZNF302	ZNF613	DN_NC_073244.2_45737704_5	DN_NC_073244.2_63895938_6	truthbar	0	5	6	5	multi	0	0.2891	0.0000	0.0000	0.0000	0.0000	0
ZNF302	ZNF883	DN_NC_073237.2_109230975_4	DN_NC_073244.2_45737704_5	truthbar	0	4	5	4	multi	0	0.2593	0.0000	0.0000	0.0000	0.0000	0
ZNF304	ZNF416	DN_NC_073244.2_69454318_2	DN_NC_073244.2_69672458_4	truthbar	0	2	4	2	multi	0	0.1670	0.0000	0.0000	0.0000	0.0000	3
ZNF304	ZNF418	DN_NC_073244.2_69454318_2	DN_NC_073244.2_70024584_5	truthbar	0	2	5	2	multi	0	0.1832	0.0000	0.0000	0.0000	0.0000	3
ZNF304	ZNF548	DN_NC_073244.2_69454318_2	DN_NC_073244.2_69492904_4	truthbar	0	2	4	2	multi	0	0.1602	0.0000	0.0000	0.0000	0.0000	3
ZNF304	ZNF551	DN_NC_073244.2_69454318_2	DN_NC_073244.2_69783488_3	truthbar	0	2	3	2	multi	0	0.2737	0.0000	0.0000	0.0000	0.0000	3
ZNF304	ZNF586	DN_NC_073244.2_69454318_2	DN_NC_073244.2_69873255_2	genuine	0	2	3	2	multi	0	0.1579	0.0000	0.0000	0.0000	0.0000	3
ZNF304	ZNF671	DN_NC_073244.2_69454247_3	DN_NC_073244.2_69821764_4	truthbar	0	3	4	3	multi	0	0.2103	0.0000	0.0000	0.0000	0.0000	3
ZNF304	ZNF792	DN_NC_073244.2_46013405_4	DN_NC_073244.2_69454247_3	truthbar	0	4	3	3	multi	0	0.2112	0.0000	0.0000	0.0000	0.0000	3
ZNF311	ZNF35	DN_NC_073229.2_46656086_7	DN_NC_086017.1_54551513_4	genuine	0	7	4	4	multi	0	0.1320	0.0000	0.0000	0.0000	0.0000	3
ZNF317	ZNF835	DN_NC_073244.2_15172509_7	DN_NC_073244.2_68766684_2	truthbar	0	7	2	2	multi	0	0.2611	0.0000	0.0000	0.0000	0.0000	1
ZNF324	ZNF324B	DN_NC_073244.2_70544393_4	DN_NC_073244.2_70556426_4	truthbar	0	4	4	4	multi	0	0.2185	0.7839	0.7500	0.7500	0.7500	1
ZNF324	ZNF71	DN_NC_073244.2_68699723_3	DN_NC_073244.2_70558480_2	truthbar	0	3	2	2	multi	0	0.2157	0.0000	0.0000	0.0000	0.0000	1
ZNF324	ZNF835	DN_NC_073244.2_68766684_2	DN_NC_073244.2_70558480_2	genuine	0	2	2	2	multi	0	0.2171	0.0000	0.0000	0.0000	0.0000	1
ZNF324B	ZNF835	DN_NC_073244.2_68766684_2	DN_NC_073244.2_70544393_4	truthbar	0	2	4	2	multi	0	0.2224	0.0000	0.0000	0.0000	0.0000	1
ZNF329	ZNF420	DN_NC_073244.2_48242798_5	DN_NC_073244.2_70224599_4	truthbar	0	5	4	4	multi	0	0.1572	0.0000	0.0000	0.0000	0.0000	0
ZNF331	ZNF420	DN_NC_073244.2_48242798_5	DN_NC_073244.2_65470296_6	truthbar	0	5	6	5	multi	0	0.2620	0.0000	0.0000	0.0000	0.0000	0
ZNF331	ZNF461	DN_NC_073244.2_47831779_6	DN_NC_073244.2_65470296_6	truthbar	0	6	6	6	multi	0	0.1419	0.0000	0.0000	0.0000	0.0000	0
ZNF331	ZNF529	DN_NC_073244.2_47739503_5	DN_NC_073244.2_65470296_6	truthbar	0	5	6	5	multi	0	0.1523	0.0000	0.0000	0.0000	0.0000	0
ZNF331	ZNF565	DN_NC_073244.2_47250467_5	DN_NC_073244.2_65470296_6	truthbar	0	5	6	5	multi	0	0.1536	0.0000	0.0000	0.0000	0.0000	0
ZNF331	ZNF566	DN_NC_073244.2_47642985_5	DN_NC_073244.2_65470296_6	genuine	0	5	6	5	multi	0	0.1722	0.0000	0.0000	0.0000	0.0000	0
ZNF331	ZNF571	DN_NC_073244.2_49072464_4	DN_NC_073244.2_65470296_6	truthbar	0	4	6	4	multi	0	0.3122	0.0000	0.0000	0.0000	0.0000	0
ZNF331	ZNF573	DN_NC_073244.2_49246931_6	DN_NC_073244.2_65470296_6	truthbar	0	6	6	6	multi	0	0.2722	0.0000	0.0000	0.0000	0.0000	0
ZNF331	ZNF790	DN_NC_073244.2_47997304_5	DN_NC_073244.2_65470296_6	truthbar	0	5	6	5	multi	0	0.2385	0.0000	0.0000	0.0000	0.0000	0
ZNF331	ZNF829	DN_NC_073244.2_48066692_6	DN_NC_073244.2_65470296_6	truthbar	0	6	6	6	multi	0	0.1677	0.0000	0.0000	0.0000	0.0000	0
ZNF333	ZNF554	DN_NC_073244.2_20723155_12	DN_NC_073244.2_8594978_5	truthbar	0	12	5	5	multi	0	0.1863	0.0000	0.0000	0.0000	0.0000	3
ZNF333	ZNF879	DN_NC_073228.2_182994030_5	DN_NC_073244.2_20723155_12	truthbar	0	5	12	5	multi	0	0.2842	0.0000	0.0000	0.0000	0.0000	3
ZNF334	ZNF484	DN_NC_073237.2_89310571_5	DN_NC_073245.2_58728682_5	truthbar	0	5	5	5	multi	0	0.1390	0.0000	0.0000	0.0000	0.0000	0
ZNF334	ZNF487	DN_NC_073232.2_71973207_3	DN_NC_073245.2_58728682_5	genuine	0	3	5	3	multi	0	0.1798	0.0000	0.0000	0.0000	0.0000	0
ZNF334	ZNF510	DN_NC_073237.2_93211680_6	DN_NC_073245.2_58728682_5	truthbar	0	6	5	5	multi	0	0.2077	0.0000	0.0000	0.0000	0.0000	0
ZNF334	ZNF527	DN_NC_073244.2_48620420_5	DN_NC_073245.2_58728682_5	truthbar	0	5	5	5	multi	0	0.1475	0.0000	0.0000	0.0000	0.0000	0
ZNF334	ZNF567	DN_NC_073244.2_47878793_6	DN_NC_073245.2_58728682_5	truthbar	0	6	5	5	multi	0	0.1422	0.0000	0.0000	0.0000	0.0000	0
ZNF334	ZNF568	DN_NC_073244.2_48093173_7	DN_NC_073245.2_58728682_5	truthbar	0	7	5	5	multi	0	0.2156	0.0000	0.0000	0.0000	0.0000	0
ZNF334	ZNF569	DN_NC_073244.2_48919547_6	DN_NC_073245.2_58728682_5	truthbar	0	6	5	5	multi	0	0.1442	0.0000	0.0000	0.0000	0.0000	0
ZNF334	ZNF585A	DN_NC_073244.2_48319142_5	DN_NC_073245.2_58728682_5	truthbar	0	5	5	5	multi	0	0.2670	0.0000	0.0000	0.0000	0.0000	0
ZNF334	ZNF585B	DN_NC_073244.2_48352926_4	DN_NC_073245.2_58728682_5	truthbar	0	4	5	4	multi	0	0.2737	0.0000	0.0000	0.0000	0.0000	0
ZNF334	ZNF605	DN_NC_073234.2_148420424_5	DN_NC_073245.2_58728682_5	truthbar	0	5	5	5	multi	0	0.2374	0.0000	0.0000	0.0000	0.0000	0
ZNF334	ZNF624	DN_NC_073228.2_83513581_6	DN_NC_073245.2_58728682_5	truthbar	0	6	5	5	multi	0	0.2352	0.0000	0.0000	0.0000	0.0000	0
ZNF334	ZNF717	DN_NC_073245.2_58728682_5	DN_NC_086017.1_85766278_5	truthbar	0	5	5	5	multi	0	0.1714	0.0000	0.0000	0.0000	0.0000	0
ZNF334	ZNF84	DN_NC_073234.2_148537990_5	DN_NC_073245.2_58728682_5	truthbar	0	5	5	5	multi	0	0.2362	0.0000	0.0000	0.0000	0.0000	0
ZNF334	ZNF883	DN_NC_073237.2_109230975_4	DN_NC_073245.2_58728682_5	truthbar	0	4	5	4	multi	0	0.1509	0.0000	0.0000	0.0000	0.0000	0
ZNF337	ZNF343	DN_NC_073245.2_12403861_6	DN_NC_073245.2_35678363_2	truthbar	0	6	2	2	multi	0	0.2693	0.0000	0.0000	0.0000	0.0000	1
ZNF337	ZNF875	DN_NC_073244.2_48583045_5	DN_NC_073245.2_35678363_2	truthbar	0	6	2	2	multi	0	0.2820	0.0000	0.0000	0.0000	0.0000	1
ZNF33B	ZNF354A	DN_NC_073228.2_182334642_5	DN_NC_073232.2_72820474_5	truthbar	0	5	5	5	multi	0	0.2181	0.0000	0.0000	0.0000	0.0000	0
ZNF33B	ZNF354B	DN_NC_073228.2_182827930_5	DN_NC_073232.2_72820474_5	truthbar	0	5	5	5	multi	0	0.1590	0.0000	0.0000	0.0000	0.0000	0
ZNF33B	ZNF382	DN_NC_073232.2_72820474_5	DN_NC_073244.2_47798559_5	truthbar	0	5	5	5	multi	0	0.2007	0.0000	0.0000	0.0000	0.0000	0
ZNF33B	ZNF487	DN_NC_073232.2_71973207_3	DN_NC_073232.2_72820474_5	genuine	0	3	5	3	multi	0	0.1576	0.0000	0.0000	0.0000	0.0000	0
ZNF33B	ZNF527	DN_NC_073232.2_72820474_5	DN_NC_073244.2_48620420_5	truthbar	0	5	5	5	multi	0	0.1664	0.0000	0.0000	0.0000	0.0000	0
ZNF33B	ZNF567	DN_NC_073232.2_72820474_5	DN_NC_073244.2_47878793_6	truthbar	0	5	6	5	multi	0	0.2484	0.0000	0.0000	0.0000	0.0000	0
ZNF33B	ZNF568	DN_NC_073232.2_72820474_5	DN_NC_073244.2_48093173_7	truthbar	0	5	7	5	multi	0	0.1865	0.0000	0.0000	0.0000	0.0000	0
ZNF33B	ZNF569	DN_NC_073232.2_72820474_5	DN_NC_073244.2_48919547_6	truthbar	0	5	6	5	multi	0	0.1633	0.0000	0.0000	0.0000	0.0000	0
ZNF33B	ZNF613	DN_NC_073232.2_72820474_5	DN_NC_073244.2_63895938_6	truthbar	0	5	6	5	multi	0	0.1861	0.0000	0.0000	0.0000	0.0000	0
ZNF33B	ZNF624	DN_NC_073228.2_83513581_6	DN_NC_073232.2_72820474_5	truthbar	0	6	5	5	multi	0	0.2184	0.0000	0.0000	0.0000	0.0000	0
ZNF33B	ZNF717	DN_NC_073232.2_72820474_5	DN_NC_086017.1_85766278_5	truthbar	0	5	5	5	multi	0	0.3511	0.0000	0.0000	0.0000	0.0000	0
ZNF33B	ZNF782	DN_NC_073232.2_72820474_5	DN_NC_073237.2_93275727_4	truthbar	0	5	4	4	multi	0	0.1406	0.0000	0.0000	0.0000	0.0000	0
ZNF33B	ZNF84	DN_NC_073232.2_72820474_5	DN_NC_073234.2_148537990_5	truthbar	0	5	5	5	multi	0	0.2071	0.0000	0.0000	0.0000	0.0000	0
ZNF33B	ZNF883	DN_NC_073232.2_72820474_5	DN_NC_073237.2_109230975_4	genuine	0	5	4	4	multi	0	0.1545	0.0000	0.0000	0.0000	0.0000	0
ZNF34	ZNF70	DN_NC_073231.2_150618111_5	DN_NC_086018.1_21231592_2	truthbar	0	5	2	2	multi	0	0.1514	0.0000	0.0000	0.0000	0.0000	1
ZNF34	ZNF79	DN_NC_073231.2_150618111_5	DN_NC_073237.2_123801018_5	truthbar	0	5	5	5	multi	0	0.2073	0.0000	0.0000	0.0000	0.0000	1
ZNF343	ZNF589	DN_NC_073245.2_12403861_6	DN_NC_086017.1_58115065_4	truthbar	0	6	4	4	multi	0	0.2739	0.0000	0.0000	0.0000	0.0000	1
ZNF343	ZNF875	DN_NC_073244.2_48583045_5	DN_NC_073245.2_12403861_6	truthbar	0	6	6	6	multi	0	0.3927	0.0000	0.0000	0.0000	0.0000	1
ZNF347	ZNF415	DN_NC_073244.2_65046428_2	DN_NC_073244.2_65073171_5	truthbar	0	4	5	4	multi	0	0.1981	0.0000	0.0000	0.0000	0.0000	4
ZNF347	ZNF429	DN_NC_073244.2_27956158_4	DN_NC_073244.2_65073171_5	truthbar	0	4	5	4	multi	0	0.1775	0.0000	0.0000	0.0000	0.0000	4
ZNF347	ZNF430	DN_NC_073244.2_27504818_5	DN_NC_073244.2_65073171_5	truthbar	0	5	5	5	multi	0	0.2040	0.0000	0.0000	0.0000	0.0000	4
ZNF347	ZNF468	DN_NC_073244.2_64797239_5	DN_NC_073244.2_65073171_5	truthbar	0	5	5	5	multi	0	0.1765	0.0000	0.0000	0.0000	0.0000	4
ZNF347	ZNF528	DN_NC_073244.2_64368633_7	DN_NC_073244.2_65073171_5	truthbar	0	7	5	5	multi	0	0.2608	0.0000	0.0000	0.0000	0.0000	4
ZNF347	ZNF578	DN_NC_073244.2_64426370_6	DN_NC_073244.2_65073171_5	truthbar	0	6	5	5	multi	0	0.1538	0.0000	0.0000	0.0000	0.0000	4
ZNF347	ZNF600	DN_NC_073244.2_64724127_4	DN_NC_073244.2_65073171_5	truthbar	0	4	5	4	multi	0	0.2631	0.0000	0.0000	0.0000	0.0000	4
ZNF347	ZNF611	DN_NC_073244.2_64672255_4	DN_NC_073244.2_65073171_5	truthbar	0	4	5	4	multi	0	0.1677	0.0000	0.0000	0.0000	0.0000	4
ZNF347	ZNF616	DN_NC_073244.2_64081943_4	DN_NC_073244.2_65073171_5	truthbar	0	4	5	4	multi	0	0.1362	0.0000	0.0000	0.0000	0.0000	4
ZNF347	ZNF678	DN_NC_073224.2_40627195_4	DN_NC_073244.2_65073171_5	truthbar	0	4	5	4	multi	0	0.2079	0.0000	0.0000	0.0000	0.0000	4
ZNF347	ZNF761	DN_NC_073244.2_65073171_5	DN_NC_073244.2_65362909_5	truthbar	0	5	5	5	multi	0	0.2507	0.0000	0.0000	0.0000	0.0000	4
ZNF347	ZNF766	DN_NC_073244.2_64231369_4	DN_NC_073244.2_65073171_5	truthbar	0	4	5	4	multi	0	0.1607	0.0000	0.0000	0.0000	0.0000	4
ZNF347	ZNF808	DN_NC_073244.2_64500861_5	DN_NC_073244.2_65073171_5	truthbar	0	5	5	5	multi	0	0.3002	0.0000	0.0000	0.0000	0.0000	4
ZNF347	ZNF813	DN_NC_073244.2_65073171_5	DN_NC_073244.2_65398487_4	truthbar	0	5	4	4	multi	0	0.1406	0.0000	0.0000	0.0000	0.0000	4
ZNF347	ZNF836	DN_NC_073244.2_64125568_5	DN_NC_073244.2_65073171_5	truthbar	0	5	5	5	multi	0	0.1963	0.0000	0.0000	0.0000	0.0000	4
ZNF347	ZNF841	DN_NC_073244.2_64034715_7	DN_NC_073244.2_65073171_5	truthbar	0	7	5	5	multi	0	0.2264	0.0000	0.0000	0.0000	0.0000	4
ZNF347	ZNF888	DN_NC_073244.2_64860608_4	DN_NC_073244.2_65073171_5	truthbar	0	4	5	4	multi	0	0.2384	0.0000	0.0000	0.0000	0.0000	4
ZNF347	ZNF92	DN_NC_073230.2_74637814_2	DN_NC_073244.2_65073171_5	truthbar	0	2	5	2	multi	0	0.2188	0.0000	0.0000	0.0000	0.0000	4
ZNF35	ZNF543	DN_NC_073244.2_69422908_4	DN_NC_086017.1_54551513_4	truthbar	0	4	4	4	multi	0	0.3704	0.0000	0.0000	0.0000	0.0000	3
ZNF35	ZNF550	DN_NC_073244.2_69643403_5	DN_NC_086017.1_54551513_4	genuine	0	5	4	4	multi	0	0.2426	0.0000	0.0000	0.0000	0.0000	3
ZNF35	ZNF594	DN_NC_073243.2_20322881_2	DN_NC_086017.1_54551513_4	truthbar	0	2	4	2	multi	0	0.1392	0.0000	0.0000	0.0000	0.0000	3
ZNF35	ZNF667	DN_NC_073244.2_68548768_5	DN_NC_086017.1_54551513_4	truthbar	0	5	4	4	multi	0	0.2170	0.0000	0.0000	0.0000	0.0000	3
ZNF35	ZNF805	DN_NC_073244.2_69343714_4	DN_NC_086017.1_54551513_4	truthbar	0	4	4	4	multi	0	0.2256	0.0000	0.0000	0.0000	0.0000	3
ZNF354A	ZNF354B	DN_NC_073228.2_182334642_5	DN_NC_073228.2_182827930_5	truthbar	0	5	5	5	multi	0	0.5012	0.7632	0.8000	0.6000	0.6000	0
ZNF354A	ZNF41	DN_NC_073228.2_182334642_5	DN_NC_073247.2_57840463_5	truthbar	0	5	5	5	multi	0	0.2313	0.0000	0.0000	0.0000	0.0000	0
ZNF354A	ZNF501	DN_NC_073228.2_182334642_5	DN_NC_086017.1_54629198_3	genuine	0	5	3	3	multi	0	0.2220	0.0000	0.0000	0.0000	0.0000	0
ZNF354A	ZNF568	DN_NC_073228.2_182334642_5	DN_NC_073244.2_48093173_7	truthbar	0	5	7	5	multi	0	0.4288	0.0000	0.0000	0.0000	0.0000	0
ZNF354A	ZNF569	DN_NC_073228.2_182334642_5	DN_NC_073244.2_48919547_6	truthbar	0	5	6	5	multi	0	0.1812	0.0000	0.0000	0.0000	0.0000	0
ZNF354A	ZNF585A	DN_NC_073228.2_182334642_5	DN_NC_073244.2_48319142_5	truthbar	0	5	5	5	multi	0	0.3243	0.0000	0.0000	0.0000	0.0000	0
ZNF354A	ZNF585B	DN_NC_073228.2_182334642_5	DN_NC_073244.2_48352926_4	truthbar	0	5	4	4	multi	0	0.3538	0.0000	0.0000	0.0000	0.0000	0
ZNF354A	ZNF606	DN_NC_073228.2_182334642_5	DN_NC_073244.2_70077616_7	truthbar	0	5	7	5	multi	0	0.4386	0.0000	0.0000	0.0000	0.0000	0
ZNF354A	ZNF624	DN_NC_073228.2_182334642_5	DN_NC_073228.2_83513581_6	truthbar	0	5	6	5	multi	0	0.3130	0.0000	0.0000	0.0000	0.0000	0
ZNF354A	ZNF84	DN_NC_073228.2_182334642_5	DN_NC_073234.2_148537990_5	truthbar	0	5	5	5	multi	0	0.2080	0.0000	0.0000	0.0000	0.0000	0
ZNF354B	ZNF527	DN_NC_073228.2_182827930_5	DN_NC_073244.2_48620420_5	truthbar	0	5	5	5	multi	0	0.2211	0.0000	0.0000	0.0000	0.0000	0
ZNF354B	ZNF568	DN_NC_073228.2_182827930_5	DN_NC_073244.2_48093173_7	truthbar	0	5	7	5	multi	0	0.1477	0.0000	0.0000	0.0000	0.0000	0
ZNF354B	ZNF585A	DN_NC_073228.2_182827930_5	DN_NC_073244.2_48319142_5	truthbar	0	5	5	5	multi	0	0.1894	0.0000	0.0000	0.0000	0.0000	0
ZNF354B	ZNF585B	DN_NC_073228.2_182827930_5	DN_NC_073244.2_48352926_4	truthbar	0	5	4	4	multi	0	0.2629	0.0000	0.0000	0.0000	0.0000	0
ZNF354B	ZNF624	DN_NC_073228.2_182827930_5	DN_NC_073228.2_83513581_6	truthbar	0	5	6	5	multi	0	0.1624	0.0000	0.0000	0.0000	0.0000	0
ZNF354B	ZNF717	DN_NC_073228.2_182827930_5	DN_NC_086017.1_85766278_5	truthbar	0	5	5	5	multi	0	0.1516	0.0000	0.0000	0.0000	0.0000	0
ZNF354B	ZNF883	DN_NC_073228.2_182827930_5	DN_NC_073237.2_109230975_4	truthbar	0	5	4	4	multi	0	0.1682	0.0000	0.0000	0.0000	0.0000	0
ZNF382	ZNF484	DN_NC_073237.2_89310571_5	DN_NC_073244.2_47798559_5	truthbar	0	5	5	5	multi	0	0.2215	0.0000	0.0000	0.0000	0.0000	0
ZNF382	ZNF487	DN_NC_073232.2_71973207_3	DN_NC_073244.2_47798559_5	genuine	0	3	5	3	multi	0	0.1433	0.0000	0.0000	0.0000	0.0000	0
ZNF382	ZNF527	DN_NC_073244.2_47798559_5	DN_NC_073244.2_48620420_5	truthbar	0	5	5	5	multi	0	0.2572	0.0000	0.0000	0.0000	0.0000	0
ZNF382	ZNF567	DN_NC_073244.2_47798559_5	DN_NC_073244.2_47878793_6	truthbar	0	5	6	5	multi	0	0.2638	0.0000	0.0000	0.0000	0.0000	0
ZNF382	ZNF613	DN_NC_073244.2_47798559_5	DN_NC_073244.2_63895938_6	truthbar	0	5	6	5	multi	0	0.2412	0.0000	0.0000	0.0000	0.0000	0
ZNF382	ZNF674	DN_NC_073244.2_47798559_5	DN_NC_073247.2_56899135_7	truthbar	0	5	7	5	multi	0	0.1973	0.0000	0.0000	0.0000	0.0000	0
ZNF382	ZNF782	DN_NC_073237.2_93275727_4	DN_NC_073244.2_47798559_5	truthbar	0	4	5	4	multi	0	0.1791	0.0000	0.0000	0.0000	0.0000	0
ZNF382	ZNF81	DN_NC_073244.2_47798559_5	DN_NC_073247.2_58228088_5	truthbar	0	5	5	5	multi	0	0.1993	0.0000	0.0000	0.0000	0.0000	0
ZNF391	ZNF485	DN_NC_073229.2_45005781_3	DN_NC_073232.2_71834982_5	truthbar	0	3	5	3	multi	0	0.1444	0.0000	0.0000	0.0000	0.0000	3
ZNF394	ZNF75D	DN_NC_073230.2_89330255_2	DN_NC_073247.2_147064204_6	truthbar	0	2	6	2	multi	0	0.1402	0.0000	0.0000	0.0000	0.0000	1
ZNF394	ZSCAN21	DN_NC_073230.2_88700652_4	DN_NC_073230.2_89330255_2	truthbar	0	4	2	2	multi	0	0.1416	0.0000	0.0000	0.0000	0.0000	1
ZNF394	ZSCAN29	DN_NC_073230.2_89330255_2	DN_NC_073240.2_44172340_2	genuine	0	2	2	2	multi	0	0.1706	0.0000	0.0000	0.0000	0.0000	1
ZNF394	ZSCAN30	DN_NC_073230.2_89330255_2	DN_NC_073241.2_64479147_4	truthbar	0	2	4	2	multi	0	0.1402	0.0000	0.0000	0.0000	0.0000	1
ZNF397	ZSCAN9	DN_NC_073229.2_45857463_4	DN_NC_073241.2_64468689_4	truthbar	0	4	4	4	multi	0	0.1615	0.0000	0.0000	0.0000	0.0000	3
ZNF41	ZNF484	DN_NC_073237.2_89310571_5	DN_NC_073247.2_57840463_5	truthbar	0	5	5	5	multi	0	0.2716	0.0000	0.0000	0.0000	0.0000	0
ZNF41	ZNF568	DN_NC_073244.2_48093173_7	DN_NC_073247.2_57840463_5	truthbar	0	7	5	5	multi	0	0.1346	0.0000	0.0000	0.0000	0.0000	0
ZNF41	ZNF569	DN_NC_073244.2_48919547_6	DN_NC_073247.2_57840463_5	truthbar	0	6	5	5	multi	0	0.1388	0.0000	0.0000	0.0000	0.0000	0
ZNF41	ZNF585A	DN_NC_073244.2_48319142_5	DN_NC_073247.2_57840463_5	truthbar	0	5	5	5	multi	0	0.3660	0.0000	0.0000	0.0000	0.0000	0
ZNF41	ZNF585B	DN_NC_073244.2_48352926_4	DN_NC_073247.2_57840463_5	truthbar	0	4	5	4	multi	0	0.2833	0.0000	0.0000	0.0000	0.0000	0
ZNF41	ZNF605	DN_NC_073234.2_148420424_5	DN_NC_073247.2_57840463_5	truthbar	0	5	5	5	multi	0	0.3740	0.0000	0.0000	0.0000	0.0000	0
ZNF41	ZNF624	DN_NC_073228.2_83513581_6	DN_NC_073247.2_57840463_5	truthbar	0	6	5	5	multi	0	0.2921	0.0000	0.0000	0.0000	0.0000	0
ZNF41	ZNF674	DN_NC_073247.2_56899135_7	DN_NC_073247.2_57840463_5	truthbar	0	7	5	5	multi	0	0.1401	0.0000	0.0000	0.0000	0.0000	0
ZNF41	ZNF717	DN_NC_073247.2_57840463_5	DN_NC_086017.1_85766278_5	truthbar	0	5	5	5	multi	0	0.3388	0.0000	0.0000	0.0000	0.0000	0
ZNF41	ZNF81	DN_NC_073247.2_57840463_5	DN_NC_073247.2_58228088_5	truthbar	0	5	5	5	multi	0	0.2631	0.0000	0.0000	0.0000	0.0000	0
ZNF41	ZNF84	DN_NC_073234.2_148537990_5	DN_NC_073247.2_57840463_5	truthbar	0	5	5	5	multi	0	0.2606	0.0000	0.0000	0.0000	0.0000	0
ZNF415	ZNF429	DN_NC_073244.2_27956158_2	DN_NC_073244.2_65046428_4	truthbar	0	2	3	2	multi	0	0.5283	0.0000	0.0000	0.0000	0.0000	4
ZNF415	ZNF468	DN_NC_073244.2_64797239_5	DN_NC_073244.2_65046428_2	truthbar	0	5	4	4	multi	0	0.2893	0.0000	0.0000	0.0000	0.0000	4
ZNF415	ZNF480	DN_NC_073244.2_64265252_5	DN_NC_073244.2_65046428_2	truthbar	0	5	4	4	multi	0	0.4154	0.0000	0.0000	0.0000	0.0000	4
ZNF415	ZNF486	DN_NC_073244.2_26666712_5	DN_NC_073244.2_65046428_2	truthbar	0	5	4	4	multi	0	0.3278	0.0000	0.0000	0.0000	0.0000	4
ZNF415	ZNF519	DN_NC_073241.2_36126183_3	DN_NC_073244.2_65046428_2	truthbar	0	3	4	3	multi	0	0.2265	0.0000	0.0000	0.0000	0.0000	4
ZNF415	ZNF528	DN_NC_073244.2_64368633_7	DN_NC_073244.2_65046428_2	truthbar	0	7	4	4	multi	0	0.2641	0.0000	0.0000	0.0000	0.0000	4
ZNF415	ZNF578	DN_NC_073244.2_64426370_6	DN_NC_073244.2_65046428_2	truthbar	0	6	4	4	multi	0	0.3159	0.0000	0.0000	0.0000	0.0000	4
ZNF415	ZNF595	DN_NC_073227.2_8633416_4	DN_NC_073244.2_65046428_4	truthbar	0	4	3	3	multi	0	0.3897	0.0000	0.0000	0.0000	0.0000	4
ZNF415	ZNF600	DN_NC_073244.2_64724127_4	DN_NC_073244.2_65046428_2	truthbar	0	4	4	4	multi	0	0.2889	0.0000	0.0000	0.0000	0.0000	4
ZNF415	ZNF611	DN_NC_073244.2_64672255_4	DN_NC_073244.2_65046428_2	truthbar	0	4	4	4	multi	0	0.2118	0.0000	0.0000	0.0000	0.0000	4
ZNF415	ZNF616	DN_NC_073244.2_64081943_4	DN_NC_073244.2_65046428_4	truthbar	0	4	3	3	multi	0	0.2495	0.0000	0.0000	0.0000	0.0000	4
ZNF415	ZNF678	DN_NC_073224.2_40627195_4	DN_NC_073244.2_65046428_2	truthbar	0	4	4	4	multi	0	0.4392	0.0000	0.0000	0.0000	0.0000	4
ZNF415	ZNF695	DN_NC_073224.2_8422960_4	DN_NC_073244.2_65046428_2	truthbar	0	4	4	4	multi	0	0.3338	0.0000	0.0000	0.0000	0.0000	4
ZNF415	ZNF701	DN_NC_073244.2_64543447_4	DN_NC_073244.2_65046428_2	truthbar	0	4	4	4	multi	0	0.2182	0.0000	0.0000	0.0000	0.0000	4
ZNF415	ZNF721	DN_NC_073227.2_9009655_3	DN_NC_073244.2_65046428_4	truthbar	0	3	3	3	multi	0	0.1501	0.0000	0.0000	0.0000	0.0000	4
ZNF415	ZNF723	DN_NC_073244.2_29232445_4	DN_NC_073244.2_65046428_2	truthbar	0	4	4	4	multi	0	0.4425	0.0000	0.0000	0.0000	0.0000	4
ZNF415	ZNF727	DN_NC_073230.2_73508332_4	DN_NC_073244.2_65046428_2	truthbar	0	4	4	4	multi	0	0.1564	0.0000	0.0000	0.0000	0.0000	4
ZNF415	ZNF761	DN_NC_073244.2_65046428_2	DN_NC_073244.2_65362909_5	truthbar	0	4	5	4	multi	0	0.2352	0.0000	0.0000	0.0000	0.0000	4
ZNF415	ZNF766	DN_NC_073244.2_64231369_4	DN_NC_073244.2_65046428_2	truthbar	0	4	4	4	multi	0	0.4851	0.0000	0.0000	0.0000	0.0000	4
ZNF415	ZNF808	DN_NC_073244.2_64500861_5	DN_NC_073244.2_65046428_4	truthbar	0	5	3	3	multi	0	0.2547	0.0000	0.0000	0.0000	0.0000	4
ZNF415	ZNF813	DN_NC_073244.2_65046428_2	DN_NC_073244.2_65398487_4	truthbar	0	4	4	4	multi	0	0.1449	0.0000	0.0000	0.0000	0.0000	4
ZNF415	ZNF83	DN_NC_073244.2_64585864_4	DN_NC_073244.2_65046428_2	truthbar	0	4	4	4	multi	0	0.2105	0.0000	0.0000	0.0000	0.0000	4
ZNF415	ZNF836	DN_NC_073244.2_64125568_5	DN_NC_073244.2_65046428_2	truthbar	0	5	4	4	multi	0	0.1376	0.0000	0.0000	0.0000	0.0000	4
ZNF415	ZNF841	DN_NC_073244.2_64034715_7	DN_NC_073244.2_65046428_2	truthbar	0	7	4	4	multi	0	0.3058	0.0000	0.0000	0.0000	0.0000	4
ZNF415	ZNF888	DN_NC_073244.2_64860608_4	DN_NC_073244.2_65046428_2	truthbar	0	4	4	4	multi	0	0.1875	0.0000	0.0000	0.0000	0.0000	4
ZNF415	ZNF91	DN_NC_073244.2_29680825_4	DN_NC_073244.2_65046428_2	genuine	0	4	4	4	multi	0	0.2490	0.0000	0.0000	0.0000	0.0000	4
ZNF415	ZNF92	DN_NC_073230.2_74637722_4	DN_NC_073244.2_65046428_2	truthbar	0	4	4	4	multi	0	0.4686	0.0000	0.0000	0.0000	0.0000	4
ZNF416	ZNF418	DN_NC_073244.2_69672458_4	DN_NC_073244.2_70024584_5	truthbar	0	4	5	4	multi	0	0.1458	0.0000	0.0000	0.0000	0.0000	3
ZNF416	ZNF548	DN_NC_073244.2_69492904_4	DN_NC_073244.2_69672458_4	truthbar	0	4	4	4	multi	0	0.2362	0.0000	0.0000	0.0000	0.0000	3
ZNF416	ZNF551	DN_NC_073244.2_69672458_4	DN_NC_073244.2_69783488_3	truthbar	0	4	3	3	multi	0	0.3126	0.0000	0.0000	0.0000	0.0000	3
ZNF416	ZNF586	DN_NC_073244.2_69672458_4	DN_NC_073244.2_69873255_2	truthbar	0	4	3	3	multi	0	0.1419	0.0000	0.0000	0.0000	0.0000	3
ZNF416	ZNF671	DN_NC_073244.2_69672458_4	DN_NC_073244.2_69821764_4	truthbar	0	4	4	4	multi	0	0.2111	0.0000	0.0000	0.0000	0.0000	3
ZNF416	ZNF792	DN_NC_073244.2_46013405_4	DN_NC_073244.2_69672458_4	truthbar	0	4	4	4	multi	0	0.2329	0.0000	0.0000	0.0000	0.0000	3
ZNF418	ZNF548	DN_NC_073244.2_69492904_4	DN_NC_073244.2_70024584_5	truthbar	0	4	5	4	multi	0	0.2328	0.0000	0.0000	0.0000	0.0000	3
ZNF418	ZNF551	DN_NC_073244.2_69783488_3	DN_NC_073244.2_70024584_5	truthbar	0	3	5	3	multi	0	0.1493	0.0000	0.0000	0.0000	0.0000	3
ZNF418	ZNF552	DN_NC_073244.2_69910623_3	DN_NC_073244.2_70024584_5	truthbar	0	3	5	3	multi	0	0.1507	0.2601	0.3333	0.2000	0.2000	3
ZNF418	ZNF586	DN_NC_073244.2_69873255_2	DN_NC_073244.2_70024584_5	truthbar	0	3	5	3	multi	0	0.1432	0.0000	0.0000	0.0000	0.0000	3
ZNF418	ZNF671	DN_NC_073244.2_69821764_4	DN_NC_073244.2_70024584_5	truthbar	0	4	5	4	multi	0	0.1453	0.0000	0.0000	0.0000	0.0000	3
ZNF418	ZNF776	DN_NC_073244.2_69848694_2	DN_NC_073244.2_70024584_5	truthbar	0	2	5	2	multi	0	0.1947	0.0000	0.0000	0.0000	0.0000	3
ZNF418	ZNF792	DN_NC_073244.2_46013405_4	DN_NC_073244.2_70024584_5	truthbar	0	4	5	4	multi	0	0.2585	0.0000	0.0000	0.0000	0.0000	3
ZNF420	ZNF461	DN_NC_073244.2_47831779_6	DN_NC_073244.2_48242798_5	truthbar	0	6	5	5	multi	0	0.2511	0.0000	0.0000	0.0000	0.0000	0
ZNF420	ZNF471	DN_NC_073244.2_48242798_5	DN_NC_073244.2_68611978_5	truthbar	0	5	5	5	multi	0	0.1867	0.0000	0.0000	0.0000	0.0000	0
ZNF420	ZNF529	DN_NC_073244.2_47739503_5	DN_NC_073244.2_48242798_5	truthbar	0	5	5	5	multi	0	0.1471	0.0000	0.0000	0.0000	0.0000	0
ZNF420	ZNF540	DN_NC_073244.2_48242798_5	DN_NC_073244.2_49101177_5	truthbar	0	5	5	5	multi	0	0.2909	0.0000	0.0000	0.0000	0.0000	0
ZNF420	ZNF546	DN_NC_073244.2_48242798_5	DN_NC_073244.2_51749194_6	truthbar	0	5	6	5	multi	0	0.4311	0.0000	0.0000	0.0000	0.0000	0
ZNF420	ZNF560	DN_NC_073244.2_15508499_10	DN_NC_073244.2_48242798_5	truthbar	0	10	5	5	multi	0	0.1446	0.0000	0.0000	0.0000	0.0000	0
ZNF420	ZNF565	DN_NC_073244.2_47250467_5	DN_NC_073244.2_48242798_5	truthbar	0	5	5	5	multi	0	0.3904	0.0000	0.0000	0.0000	0.0000	0
ZNF420	ZNF566	DN_NC_073244.2_47642985_5	DN_NC_073244.2_48242798_5	genuine	0	5	5	5	multi	0	0.2589	0.0000	0.0000	0.0000	0.0000	0
ZNF420	ZNF571	DN_NC_073244.2_48242798_5	DN_NC_073244.2_49072464_4	truthbar	0	5	4	4	multi	0	0.3873	0.0000	0.0000	0.0000	0.0000	0
ZNF420	ZNF573	DN_NC_073244.2_48242798_5	DN_NC_073244.2_49246931_6	truthbar	0	5	6	5	multi	0	0.3330	0.0000	0.0000	0.0000	0.0000	0
ZNF420	ZNF582	DN_NC_073244.2_48242798_5	DN_NC_073244.2_68491976_5	truthbar	0	5	5	5	multi	0	0.2849	0.0000	0.0000	0.0000	0.0000	0
ZNF420	ZNF583	DN_NC_073244.2_48242798_5	DN_NC_073244.2_68513423_5	truthbar	0	5	5	5	multi	0	0.2245	0.0000	0.0000	0.0000	0.0000	0
ZNF420	ZNF607	DN_NC_073244.2_48242798_5	DN_NC_073244.2_49205215_5	truthbar	0	5	5	5	multi	0	0.1927	0.0000	0.0000	0.0000	0.0000	0
ZNF420	ZNF665	DN_NC_073244.2_48242798_5	DN_NC_073244.2_65102393_4	truthbar	0	5	4	4	multi	0	0.4081	0.0000	0.0000	0.0000	0.0000	0
ZNF420	ZNF780A	DN_NC_073244.2_48242798_5	DN_NC_073244.2_51825388_5	truthbar	0	5	5	5	multi	0	0.3711	0.0000	0.0000	0.0000	0.0000	0
ZNF420	ZNF780B	DN_NC_073244.2_48242798_5	DN_NC_073244.2_51783968_5	truthbar	0	5	5	5	multi	0	0.2630	0.0000	0.0000	0.0000	0.0000	0
ZNF420	ZNF790	DN_NC_073244.2_47997304_5	DN_NC_073244.2_48242798_5	truthbar	0	5	5	5	multi	0	0.3829	0.0000	0.0000	0.0000	0.0000	0
ZNF420	ZNF829	DN_NC_073244.2_48066692_6	DN_NC_073244.2_48242798_5	truthbar	0	6	5	5	multi	0	0.2619	0.0000	0.0000	0.0000	0.0000	0
ZNF426	ZNF433	DN_NC_073244.2_15569240_8	DN_NC_073244.2_18047026_4	truthbar	0	8	4	4	multi	0	0.1735	0.0000	0.0000	0.0000	0.0000	4
ZNF426	ZNF791	DN_NC_073244.2_15569240_8	DN_NC_073244.2_18649721_4	truthbar	0	8	4	4	multi	0	0.1463	0.0000	0.0000	0.0000	0.0000	4
ZNF429	ZNF43	DN_NC_073244.2_27956158_2	DN_NC_073244.2_28333451_4	truthbar	0	2	4	2	multi	0	0.3267	0.8017	0.5000	0.2500	0.2500	4
ZNF429	ZNF430	DN_NC_073244.2_27504818_5	DN_NC_073244.2_27956158_2	truthbar	0	5	2	2	multi	0	0.6199	0.4376	0.0000	0.0000	0.0000	4
ZNF429	ZNF486	DN_NC_073244.2_26666712_5	DN_NC_073244.2_27956158_4	truthbar	0	5	4	4	multi	0	0.3642	0.0000	0.0000	0.0000	0.0000	4
ZNF429	ZNF506	DN_NC_073244.2_26240039_2	DN_NC_073244.2_27956158_2	truthbar	0	2	2	2	multi	0	0.5232	0.0000	0.0000	0.0000	0.0000	4
ZNF429	ZNF519	DN_NC_073241.2_36126198_2	DN_NC_073244.2_27956158_2	truthbar	0	2	2	2	multi	0	0.4114	0.0000	0.0000	0.0000	0.0000	4
ZNF429	ZNF528	DN_NC_073244.2_27956158_2	DN_NC_073244.2_64368633_7	truthbar	0	2	7	2	multi	0	0.2218	0.0000	0.0000	0.0000	0.0000	4
ZNF429	ZNF595	DN_NC_073227.2_8633416_4	DN_NC_073244.2_27956158_2	truthbar	0	4	2	2	multi	0	0.6328	0.0000	0.0000	0.0000	0.0000	4
ZNF429	ZNF600	DN_NC_073244.2_27956158_2	DN_NC_073244.2_64724127_4	truthbar	0	2	4	2	multi	0	0.1450	0.0000	0.0000	0.0000	0.0000	4
ZNF429	ZNF616	DN_NC_073244.2_27956158_2	DN_NC_073244.2_64081943_4	truthbar	0	2	4	2	multi	0	0.2283	0.0000	0.0000	0.0000	0.0000	4
ZNF429	ZNF626	DN_NC_073244.2_27131194_2	DN_NC_073244.2_27956158_2	truthbar	0	2	2	2	multi	0	0.5808	0.3953	0.0000	0.0000	0.0000	4
ZNF429	ZNF675	DN_NC_073244.2_27956158_2	DN_NC_073244.2_29970261_4	truthbar	0	2	4	2	multi	0	0.6203	0.3958	0.5000	0.0000	0.0000	4
ZNF429	ZNF678	DN_NC_073224.2_40627195_4	DN_NC_073244.2_27956158_2	truthbar	0	4	2	2	multi	0	0.5509	0.0000	0.0000	0.0000	0.0000	4
ZNF429	ZNF680	DN_NC_073230.2_73977205_4	DN_NC_073244.2_27956158_2	truthbar	0	4	2	2	multi	0	0.6549	0.0000	0.0000	0.0000	0.0000	4
ZNF429	ZNF681	DN_NC_073244.2_27956158_2	DN_NC_073244.2_30067652_4	truthbar	0	2	4	2	multi	0	0.6940	0.7446	0.5000	0.0000	0.0000	4
ZNF429	ZNF682	DN_NC_073244.2_26470366_4	DN_NC_073244.2_27956158_2	truthbar	0	4	2	2	multi	0	0.5821	0.0000	0.0000	0.0000	0.0000	4
ZNF429	ZNF695	DN_NC_073224.2_8422960_4	DN_NC_073244.2_27956158_2	truthbar	0	4	2	2	multi	0	0.6093	0.0000	0.0000	0.0000	0.0000	4
ZNF429	ZNF721	DN_NC_073227.2_9010062_2	DN_NC_073244.2_27956158_4	truthbar	0	2	4	2	multi	0	0.3173	0.0000	0.0000	0.0000	0.0000	4
ZNF429	ZNF723	DN_NC_073244.2_27956158_2	DN_NC_073244.2_29232445_4	truthbar	0	2	4	2	multi	0	0.5992	0.4376	0.0000	0.0000	0.0000	4
ZNF429	ZNF727	DN_NC_073230.2_73508332_4	DN_NC_073244.2_27956158_2	truthbar	0	4	2	2	multi	0	0.2885	0.0000	0.0000	0.0000	0.0000	4
ZNF429	ZNF736	DN_NC_073230.2_73776646_4	DN_NC_073244.2_27956158_2	truthbar	0	4	2	2	multi	0	0.3378	0.0000	0.0000	0.0000	0.0000	4
ZNF429	ZNF766	DN_NC_073244.2_27956158_2	DN_NC_073244.2_64231369_4	truthbar	0	2	4	2	multi	0	0.1454	0.0000	0.0000	0.0000	0.0000	4
ZNF429	ZNF808	DN_NC_073244.2_27956158_2	DN_NC_073244.2_64500861_5	truthbar	0	2	5	2	multi	0	0.1417	0.0000	0.0000	0.0000	0.0000	4
ZNF429	ZNF83	DN_NC_073244.2_27956158_4	DN_NC_073244.2_64585864_4	truthbar	0	4	4	4	multi	0	0.2668	0.0000	0.0000	0.0000	0.0000	4
ZNF429	ZNF836	DN_NC_073244.2_27956158_4	DN_NC_073244.2_64125568_5	truthbar	0	4	5	4	multi	0	0.1590	0.0000	0.0000	0.0000	0.0000	4
ZNF429	ZNF841	DN_NC_073244.2_27956158_2	DN_NC_073244.2_64034715_7	truthbar	0	2	7	2	multi	0	0.1500	0.0000	0.0000	0.0000	0.0000	4
ZNF429	ZNF91	DN_NC_073244.2_27956158_4	DN_NC_073244.2_29680825_4	truthbar	0	4	4	4	multi	0	0.2196	0.8672	0.7500	0.7500	0.7500	4
ZNF429	ZNF92	DN_NC_073230.2_74637722_4	DN_NC_073244.2_27956158_2	truthbar	0	4	2	2	multi	0	0.6038	0.7285	0.2500	0.5000	0.2500	4
ZNF43	ZNF430	DN_NC_073244.2_27504818_5	DN_NC_073244.2_28333451_4	truthbar	0	5	4	4	multi	0	0.3768	0.4653	0.4000	0.7500	0.4000	4
ZNF43	ZNF486	DN_NC_073244.2_26666712_5	DN_NC_073244.2_28333451_4	truthbar	0	5	4	4	multi	0	0.2580	0.5271	0.0000	0.0000	0.0000	4
ZNF43	ZNF506	DN_NC_073244.2_26240039_2	DN_NC_073244.2_28333451_4	truthbar	0	2	4	2	multi	0	0.2428	0.0000	0.0000	0.0000	0.0000	4
ZNF43	ZNF519	DN_NC_073241.2_36126198_2	DN_NC_073244.2_28333451_4	truthbar	0	2	4	2	multi	0	0.3606	0.0000	0.0000	0.0000	0.0000	4
ZNF43	ZNF595	DN_NC_073227.2_8633418_2	DN_NC_073244.2_28333451_4	truthbar	0	2	4	2	multi	0	0.4494	0.0000	0.0000	0.0000	0.0000	4
ZNF43	ZNF600	DN_NC_073244.2_28333451_4	DN_NC_073244.2_64724127_4	truthbar	0	4	4	4	multi	0	0.2536	0.0000	0.0000	0.0000	0.0000	4
ZNF43	ZNF611	DN_NC_073244.2_28333451_4	DN_NC_073244.2_64672255_4	truthbar	0	4	4	4	multi	0	0.1367	0.0000	0.0000	0.0000	0.0000	4
ZNF43	ZNF626	DN_NC_073244.2_27131194_2	DN_NC_073244.2_28333451_4	truthbar	0	2	4	2	multi	0	0.2971	0.3529	0.0000	0.0000	0.0000	4
ZNF43	ZNF675	DN_NC_073244.2_28333451_4	DN_NC_073244.2_29970261_4	truthbar	0	4	4	4	multi	0	0.2171	0.8079	0.7500	0.7500	0.7500	4
ZNF43	ZNF678	DN_NC_073224.2_40627195_4	DN_NC_073244.2_28333451_4	truthbar	0	4	4	4	multi	0	0.2990	0.0000	0.0000	0.0000	0.0000	4
ZNF43	ZNF681	DN_NC_073244.2_28333451_4	DN_NC_073244.2_30067652_4	truthbar	0	4	4	4	multi	0	0.3526	0.5346	0.7500	0.5000	0.5000	4
ZNF43	ZNF682	DN_NC_073244.2_26470366_4	DN_NC_073244.2_28333451_4	truthbar	0	4	4	4	multi	0	0.2795	0.0000	0.0000	0.0000	0.0000	4
ZNF43	ZNF695	DN_NC_073224.2_8422960_4	DN_NC_073244.2_28333451_4	truthbar	0	4	4	4	multi	0	0.2817	0.0000	0.0000	0.0000	0.0000	4
ZNF43	ZNF721	DN_NC_073227.2_9010062_2	DN_NC_073244.2_28333451_4	truthbar	0	2	4	2	multi	0	0.4446	0.0000	0.0000	0.0000	0.0000	4
ZNF43	ZNF723	DN_NC_073244.2_28333451_4	DN_NC_073244.2_29232445_4	truthbar	0	4	4	4	multi	0	0.2703	0.4862	0.7500	0.7500	0.7500	4
ZNF43	ZNF727	DN_NC_073230.2_73508332_4	DN_NC_073244.2_28333451_4	truthbar	0	4	4	4	multi	0	0.2030	0.0000	0.0000	0.0000	0.0000	4
ZNF43	ZNF736	DN_NC_073230.2_73776646_4	DN_NC_073244.2_28333451_4	truthbar	0	4	4	4	multi	0	0.2909	0.0000	0.0000	0.0000	0.0000	4
ZNF43	ZNF813	DN_NC_073244.2_28333451_4	DN_NC_073244.2_65398487_4	truthbar	0	4	4	4	multi	0	0.2335	0.0000	0.0000	0.0000	0.0000	4
ZNF43	ZNF83	DN_NC_073244.2_28333451_4	DN_NC_073244.2_64585864_4	truthbar	0	4	4	4	multi	0	0.2054	0.0000	0.0000	0.0000	0.0000	4
ZNF43	ZNF91	DN_NC_073244.2_28333451_4	DN_NC_073244.2_29680825_2	truthbar	0	4	2	2	multi	0	0.4695	0.5895	0.2500	0.5000	0.2500	4
ZNF43	ZNF92	DN_NC_073230.2_74637814_2	DN_NC_073244.2_28333451_4	truthbar	0	2	4	2	multi	0	0.2444	0.4608	0.0000	0.2500	0.0000	4
ZNF430	ZNF486	DN_NC_073244.2_26666712_5	DN_NC_073244.2_27504818_5	truthbar	0	5	5	5	multi	0	0.2596	0.0000	0.0000	0.0000	0.0000	4
ZNF430	ZNF506	DN_NC_073244.2_26240039_2	DN_NC_073244.2_27504818_5	truthbar	0	2	5	2	multi	0	0.2421	0.0000	0.0000	0.0000	0.0000	4
ZNF430	ZNF519	DN_NC_073241.2_36126198_2	DN_NC_073244.2_27504818_5	truthbar	0	2	5	2	multi	0	0.2797	0.0000	0.0000	0.0000	0.0000	4
ZNF430	ZNF595	DN_NC_073227.2_8633418_2	DN_NC_073244.2_27504818_5	truthbar	0	2	5	2	multi	0	0.3848	0.0000	0.0000	0.0000	0.0000	4
ZNF430	ZNF611	DN_NC_073244.2_27504818_5	DN_NC_073244.2_64672255_4	truthbar	0	5	4	4	multi	0	0.2306	0.0000	0.0000	0.0000	0.0000	4
ZNF430	ZNF626	DN_NC_073244.2_27131194_2	DN_NC_073244.2_27504818_5	truthbar	0	2	5	2	multi	0	0.3987	0.3010	0.0000	0.0000	0.0000	4
ZNF430	ZNF675	DN_NC_073244.2_27504818_5	DN_NC_073244.2_29970261_4	truthbar	0	5	4	4	multi	0	0.4886	0.7289	0.4000	0.7500	0.4000	4
ZNF430	ZNF678	DN_NC_073224.2_40627195_4	DN_NC_073244.2_27504818_5	truthbar	0	4	5	4	multi	0	0.2770	0.0000	0.0000	0.0000	0.0000	4
ZNF430	ZNF680	DN_NC_073230.2_73977205_4	DN_NC_073244.2_27504818_5	truthbar	0	4	5	4	multi	0	0.3871	0.3982	0.5000	0.4000	0.4000	4
ZNF430	ZNF681	DN_NC_073244.2_27504818_5	DN_NC_073244.2_30067652_4	truthbar	0	5	4	4	multi	0	0.3340	0.4921	0.4000	0.5000	0.4000	4
ZNF430	ZNF682	DN_NC_073244.2_26470366_4	DN_NC_073244.2_27504818_5	truthbar	0	4	5	4	multi	0	0.4147	0.0000	0.0000	0.0000	0.0000	4
ZNF430	ZNF695	DN_NC_073224.2_8422960_4	DN_NC_073244.2_27504818_5	truthbar	0	4	5	4	multi	0	0.3826	0.0000	0.0000	0.0000	0.0000	4
ZNF430	ZNF721	DN_NC_073227.2_9010062_2	DN_NC_073244.2_27504818_5	truthbar	0	2	5	2	multi	0	0.2830	0.0000	0.0000	0.0000	0.0000	4
ZNF430	ZNF723	DN_NC_073244.2_27504818_5	DN_NC_073244.2_29232445_4	truthbar	0	5	4	4	multi	0	0.6019	0.8687	0.6000	0.7500	0.6000	4
ZNF430	ZNF727	DN_NC_073230.2_73508332_4	DN_NC_073244.2_27504818_5	truthbar	0	4	5	4	multi	0	0.2273	0.0000	0.0000	0.0000	0.0000	4
ZNF430	ZNF736	DN_NC_073230.2_73776646_4	DN_NC_073244.2_27504818_5	truthbar	0	4	5	4	multi	0	0.2233	0.0000	0.0000	0.0000	0.0000	4
ZNF430	ZNF841	DN_NC_073244.2_27504818_5	DN_NC_073244.2_64034715_7	truthbar	0	5	7	5	multi	0	0.1834	0.0000	0.0000	0.0000	0.0000	4
ZNF430	ZNF91	DN_NC_073244.2_27504818_5	DN_NC_073244.2_29680825_4	genuine	0	5	4	4	multi	0	0.2249	0.5117	0.0000	0.0000	0.0000	4
ZNF430	ZNF92	DN_NC_073230.2_74637814_2	DN_NC_073244.2_27504818_5	truthbar	0	2	5	2	multi	0	0.4020	0.4726	0.5000	0.0000	0.0000	4
ZNF432	ZNF567	DN_NC_073244.2_47878793_6	DN_NC_073244.2_64004232_5	truthbar	0	6	5	5	multi	0	0.3607	0.0000	0.0000	0.0000	0.0000	0
ZNF432	ZNF585B	DN_NC_073244.2_48352926_4	DN_NC_073244.2_64004232_5	truthbar	0	4	5	4	multi	0	0.1566	0.0000	0.0000	0.0000	0.0000	0
ZNF432	ZNF605	DN_NC_073234.2_148420424_5	DN_NC_073244.2_64004232_5	truthbar	0	5	5	5	multi	0	0.1893	0.0000	0.0000	0.0000	0.0000	0
ZNF432	ZNF613	DN_NC_073244.2_63895938_6	DN_NC_073244.2_64004232_5	truthbar	0	6	5	5	multi	0	0.2519	0.0000	0.0000	0.0000	0.0000	0
ZNF432	ZNF614	DN_NC_073244.2_63983979_5	DN_NC_073244.2_64004232_5	truthbar	0	5	5	5	multi	0	0.1674	0.0000	0.0000	0.0000	0.0000	0
ZNF432	ZNF615	DN_NC_073244.2_63961971_6	DN_NC_073244.2_64004232_5	truthbar	0	6	5	5	multi	0	0.3161	0.0000	0.0000	0.0000	0.0000	0
ZNF432	ZNF717	DN_NC_073244.2_64004232_5	DN_NC_086017.1_85766278_5	truthbar	0	5	5	5	multi	0	0.2380	0.0000	0.0000	0.0000	0.0000	0
ZNF433	ZNF440	DN_NC_073244.2_17846610_4	DN_NC_073244.2_18047026_4	truthbar	0	4	4	4	multi	0	0.2239	0.0000	0.0000	0.0000	0.0000	4
ZNF433	ZNF441	DN_NC_073244.2_17797611_4	DN_NC_073244.2_18047026_4	truthbar	0	4	4	4	multi	0	0.2026	0.0000	0.0000	0.0000	0.0000	4
ZNF433	ZNF443	DN_NC_073244.2_18047026_4	DN_NC_073244.2_18470484_4	truthbar	0	4	4	4	multi	0	0.4252	0.0000	0.0000	0.0000	0.0000	4
ZNF433	ZNF490	DN_NC_073244.2_18047026_4	DN_NC_073244.2_18614963_5	truthbar	0	4	5	4	multi	0	0.1688	0.0000	0.0000	0.0000	0.0000	4
ZNF433	ZNF563	DN_NC_073244.2_18047026_4	DN_NC_073244.2_18356684_4	truthbar	0	4	4	4	multi	0	0.2077	0.0000	0.0000	0.0000	0.0000	4
ZNF433	ZNF564	DN_NC_073244.2_18047026_4	DN_NC_073244.2_18564507_4	truthbar	0	4	4	4	multi	0	0.2440	0.0000	0.0000	0.0000	0.0000	4
ZNF433	ZNF627	DN_NC_073244.2_17635782_4	DN_NC_073244.2_18047026_4	truthbar	0	4	4	4	multi	0	0.3205	0.0000	0.0000	0.0000	0.0000	4
ZNF433	ZNF669	DN_NC_073224.2_8329397_4	DN_NC_073244.2_18047026_4	genuine	0	4	4	4	multi	0	0.2838	0.0000	0.0000	0.0000	0.0000	4
ZNF433	ZNF670	DN_NC_073224.2_8356715_4	DN_NC_073244.2_18047026_4	genuine	0	4	4	4	multi	0	0.1897	0.0000	0.0000	0.0000	0.0000	4
ZNF433	ZNF77	DN_NC_073244.2_18047026_4	DN_NC_073244.2_8711681_4	truthbar	0	4	4	4	multi	0	0.4678	0.0000	0.0000	0.0000	0.0000	4
ZNF433	ZNF791	DN_NC_073244.2_18047026_4	DN_NC_073244.2_18649721_4	truthbar	0	4	4	4	multi	0	0.2085	0.0000	0.0000	0.0000	0.0000	4
ZNF433	ZNF799	DN_NC_073244.2_18047026_4	DN_NC_073244.2_18426035_4	truthbar	0	4	4	4	multi	0	0.3132	0.0000	0.0000	0.0000	0.0000	4
ZNF433	ZNF823	DN_NC_073244.2_17751584_2	DN_NC_073244.2_18047026_4	truthbar	0	2	4	2	multi	0	0.2922	0.0000	0.0000	0.0000	0.0000	4
ZNF440	ZNF443	DN_NC_073244.2_17846610_4	DN_NC_073244.2_18470484_4	truthbar	0	4	4	4	multi	0	0.2227	0.0000	0.0000	0.0000	0.0000	4
ZNF440	ZNF563	DN_NC_073244.2_17846610_4	DN_NC_073244.2_18356684_4	truthbar	0	4	4	4	multi	0	0.2506	0.0000	0.0000	0.0000	0.0000	4
ZNF440	ZNF564	DN_NC_073244.2_17846610_4	DN_NC_073244.2_18564507_4	truthbar	0	4	4	4	multi	0	0.2785	0.0000	0.0000	0.0000	0.0000	4
ZNF440	ZNF57	DN_NC_073244.2_17846610_4	DN_NC_073244.2_8680135_4	truthbar	0	4	4	4	multi	0	0.1486	0.0000	0.0000	0.0000	0.0000	4
ZNF440	ZNF627	DN_NC_073244.2_17635782_4	DN_NC_073244.2_17846610_4	truthbar	0	4	4	4	multi	0	0.3413	0.0000	0.0000	0.0000	0.0000	4
ZNF440	ZNF669	DN_NC_073224.2_8329397_4	DN_NC_073244.2_17846610_4	truthbar	0	4	4	4	multi	0	0.1939	0.0000	0.0000	0.0000	0.0000	4
ZNF440	ZNF77	DN_NC_073244.2_17846610_4	DN_NC_073244.2_8711681_4	truthbar	0	4	4	4	multi	0	0.1518	0.0000	0.0000	0.0000	0.0000	4
ZNF440	ZNF791	DN_NC_073244.2_17846610_4	DN_NC_073244.2_18649721_4	truthbar	0	4	4	4	multi	0	0.1632	0.0000	0.0000	0.0000	0.0000	4
ZNF440	ZNF799	DN_NC_073244.2_17846610_4	DN_NC_073244.2_18426035_4	truthbar	0	4	4	4	multi	0	0.1397	0.0000	0.0000	0.0000	0.0000	4
ZNF440	ZNF823	DN_NC_073244.2_17751584_2	DN_NC_073244.2_17846610_4	truthbar	0	2	4	2	multi	0	0.3322	0.0000	0.0000	0.0000	0.0000	4
ZNF441	ZNF443	DN_NC_073244.2_17797611_4	DN_NC_073244.2_18470484_4	truthbar	0	4	4	4	multi	0	0.1942	0.0000	0.0000	0.0000	0.0000	4
ZNF441	ZNF791	DN_NC_073244.2_17797611_4	DN_NC_073244.2_18649721_4	truthbar	0	4	4	4	multi	0	0.1999	0.0000	0.0000	0.0000	0.0000	4
ZNF441	ZNF823	DN_NC_073244.2_17751584_2	DN_NC_073244.2_17797611_4	truthbar	0	2	4	2	multi	0	0.1698	0.0000	0.0000	0.0000	0.0000	4
ZNF443	ZNF490	DN_NC_073244.2_18470484_4	DN_NC_073244.2_18614963_5	truthbar	0	4	5	4	multi	0	0.2896	0.0000	0.0000	0.0000	0.0000	4
ZNF443	ZNF563	DN_NC_073244.2_18356684_4	DN_NC_073244.2_18470484_4	truthbar	0	4	4	4	multi	0	0.2929	0.5141	0.5000	0.5000	0.5000	4
ZNF443	ZNF564	DN_NC_073244.2_18470484_4	DN_NC_073244.2_18564507_4	truthbar	0	4	4	4	multi	0	0.2340	0.0000	0.0000	0.0000	0.0000	4
ZNF443	ZNF57	DN_NC_073244.2_18470484_4	DN_NC_073244.2_8680135_4	truthbar	0	4	4	4	multi	0	0.1457	0.0000	0.0000	0.0000	0.0000	4
ZNF443	ZNF627	DN_NC_073244.2_17635782_4	DN_NC_073244.2_18470484_4	truthbar	0	4	4	4	multi	0	0.2022	0.0000	0.0000	0.0000	0.0000	4
ZNF443	ZNF669	DN_NC_073224.2_8329397_4	DN_NC_073244.2_18470484_4	genuine	0	4	4	4	multi	0	0.2427	0.0000	0.0000	0.0000	0.0000	4
ZNF443	ZNF670	DN_NC_073224.2_8356715_4	DN_NC_073244.2_18470484_4	truthbar	0	4	4	4	multi	0	0.1900	0.0000	0.0000	0.0000	0.0000	4
ZNF443	ZNF791	DN_NC_073244.2_18470484_4	DN_NC_073244.2_18649721_4	truthbar	0	4	4	4	multi	0	0.2575	0.0000	0.0000	0.0000	0.0000	4
ZNF443	ZNF799	DN_NC_073244.2_18426035_4	DN_NC_073244.2_18470484_4	TP	1	4	4	4	multi	0	0.3291	0.9997	0.7500	1.0000	0.7500	4
ZNF443	ZNF823	DN_NC_073244.2_17751584_2	DN_NC_073244.2_18470484_4	truthbar	0	2	4	2	multi	0	0.4506	0.5226	0.5000	0.0000	0.0000	4
ZNF460	ZNF550	DN_NC_073244.2_69382679_3	DN_NC_073244.2_69643403_5	truthbar	0	3	5	3	multi	0	0.1505	0.0000	0.0000	0.0000	0.0000	3
ZNF461	ZNF529	DN_NC_073244.2_47739503_5	DN_NC_073244.2_47831779_6	truthbar	0	5	6	5	multi	0	0.1779	0.0000	0.0000	0.0000	0.0000	0
ZNF461	ZNF565	DN_NC_073244.2_47250467_5	DN_NC_073244.2_47831779_6	truthbar	0	5	6	5	multi	0	0.3001	0.0000	0.0000	0.0000	0.0000	0
ZNF461	ZNF566	DN_NC_073244.2_47642985_5	DN_NC_073244.2_47831779_6	truthbar	0	5	6	5	multi	0	0.1305	0.0000	0.0000	0.0000	0.0000	0
ZNF461	ZNF571	DN_NC_073244.2_47831779_6	DN_NC_073244.2_49072464_4	truthbar	0	6	4	4	multi	0	0.1550	0.0000	0.0000	0.0000	0.0000	0
ZNF461	ZNF573	DN_NC_073244.2_47831779_6	DN_NC_073244.2_49246931_6	truthbar	0	6	6	6	multi	0	0.2000	0.0000	0.0000	0.0000	0.0000	0
ZNF461	ZNF582	DN_NC_073244.2_47831779_6	DN_NC_073244.2_68491976_5	truthbar	0	6	5	5	multi	0	0.2202	0.0000	0.0000	0.0000	0.0000	0
ZNF461	ZNF583	DN_NC_073244.2_47831779_6	DN_NC_073244.2_68513423_5	truthbar	0	6	5	5	multi	0	0.1687	0.0000	0.0000	0.0000	0.0000	0
ZNF461	ZNF665	DN_NC_073244.2_47831779_6	DN_NC_073244.2_65102393_4	truthbar	0	6	4	4	multi	0	0.2248	0.0000	0.0000	0.0000	0.0000	0
ZNF461	ZNF780A	DN_NC_073244.2_47831779_6	DN_NC_073244.2_51825388_5	truthbar	0	6	5	5	multi	0	0.2377	0.0000	0.0000	0.0000	0.0000	0
ZNF468	ZNF480	DN_NC_073244.2_64265252_5	DN_NC_073244.2_64797239_5	truthbar	0	5	5	5	multi	0	0.2201	0.0000	0.0000	0.0000	0.0000	4
ZNF468	ZNF578	DN_NC_073244.2_64426370_6	DN_NC_073244.2_64797239_5	truthbar	0	6	5	5	multi	0	0.1746	0.6583	0.0000	0.0000	0.0000	4
ZNF468	ZNF600	DN_NC_073244.2_64724127_4	DN_NC_073244.2_64797239_5	truthbar	0	4	5	4	multi	0	0.1716	0.2137	0.0000	0.0000	0.0000	4
ZNF468	ZNF611	DN_NC_073244.2_64672255_4	DN_NC_073244.2_64797239_5	truthbar	0	4	5	4	multi	0	0.1697	0.2132	0.0000	0.0000	0.0000	4
ZNF468	ZNF616	DN_NC_073244.2_64081943_4	DN_NC_073244.2_64797239_5	truthbar	0	4	5	4	multi	0	0.2295	0.0000	0.0000	0.0000	0.0000	4
ZNF468	ZNF626	DN_NC_073244.2_27131194_2	DN_NC_073244.2_64797239_5	truthbar	0	2	5	2	multi	0	0.1806	0.0000	0.0000	0.0000	0.0000	4
ZNF468	ZNF678	DN_NC_073224.2_40627195_4	DN_NC_073244.2_64797239_5	truthbar	0	4	5	4	multi	0	0.1538	0.0000	0.0000	0.0000	0.0000	4
ZNF468	ZNF682	DN_NC_073244.2_26470366_4	DN_NC_073244.2_64797239_5	truthbar	0	4	5	4	multi	0	0.2074	0.0000	0.0000	0.0000	0.0000	4
ZNF468	ZNF701	DN_NC_073244.2_64543447_4	DN_NC_073244.2_64797239_5	truthbar	0	4	5	4	multi	0	0.1737	0.5344	0.0000	0.0000	0.0000	4
ZNF468	ZNF721	DN_NC_073227.2_9010062_2	DN_NC_073244.2_64797239_5	truthbar	0	2	5	2	multi	0	0.1304	0.0000	0.0000	0.0000	0.0000	4
ZNF468	ZNF761	DN_NC_073244.2_64797239_5	DN_NC_073244.2_65362909_5	truthbar	0	5	5	5	multi	0	0.1372	0.3270	0.2000	0.2000	0.2000	4
ZNF468	ZNF766	DN_NC_073244.2_64231369_4	DN_NC_073244.2_64797239_5	truthbar	0	4	5	4	multi	0	0.2605	0.0000	0.0000	0.0000	0.0000	4
ZNF468	ZNF808	DN_NC_073244.2_64500861_5	DN_NC_073244.2_64797239_5	truthbar	0	5	5	5	multi	0	0.1768	0.3263	0.0000	0.2000	0.0000	4
ZNF468	ZNF813	DN_NC_073244.2_64797239_5	DN_NC_073244.2_65398487_4	truthbar	0	5	4	4	multi	0	0.1744	0.3377	0.8000	0.7500	0.7500	4
ZNF468	ZNF83	DN_NC_073244.2_64585864_4	DN_NC_073244.2_64797239_5	truthbar	0	4	5	4	multi	0	0.1804	0.0000	0.0000	0.0000	0.0000	4
ZNF468	ZNF836	DN_NC_073244.2_64125568_5	DN_NC_073244.2_64797239_5	truthbar	0	5	5	5	multi	0	0.2172	0.0000	0.0000	0.0000	0.0000	4
ZNF468	ZNF841	DN_NC_073244.2_64034715_7	DN_NC_073244.2_64797239_5	truthbar	0	7	5	5	multi	0	0.2184	0.0000	0.0000	0.0000	0.0000	4
ZNF468	ZNF888	DN_NC_073244.2_64797239_5	DN_NC_073244.2_64860608_4	truthbar	0	5	4	4	multi	0	0.1640	0.4965	0.8000	0.7500	0.7500	4
ZNF468	ZNF91	DN_NC_073244.2_29680825_4	DN_NC_073244.2_64797239_5	genuine	0	4	5	4	multi	0	0.1548	0.0000	0.0000	0.0000	0.0000	4
ZNF471	ZNF546	DN_NC_073244.2_51749194_6	DN_NC_073244.2_68611978_5	truthbar	0	6	5	5	multi	0	0.1442	0.0000	0.0000	0.0000	0.0000	0
ZNF471	ZNF565	DN_NC_073244.2_47250467_5	DN_NC_073244.2_68611978_5	truthbar	0	5	5	5	multi	0	0.2398	0.0000	0.0000	0.0000	0.0000	0
ZNF471	ZNF571	DN_NC_073244.2_49072464_4	DN_NC_073244.2_68611978_5	truthbar	0	4	5	4	multi	0	0.2179	0.0000	0.0000	0.0000	0.0000	0
ZNF471	ZNF573	DN_NC_073244.2_49246931_6	DN_NC_073244.2_68611978_5	truthbar	0	6	5	5	multi	0	0.2110	0.0000	0.0000	0.0000	0.0000	0
ZNF471	ZNF665	DN_NC_073244.2_65102393_4	DN_NC_073244.2_68611978_5	truthbar	0	4	5	4	multi	0	0.2625	0.0000	0.0000	0.0000	0.0000	0
ZNF471	ZNF684	DN_NC_073224.2_199406700_5	DN_NC_073244.2_68611978_5	truthbar	0	5	5	5	multi	0	0.1562	0.0000	0.0000	0.0000	0.0000	0
ZNF480	ZNF519	DN_NC_073241.2_36126183_3	DN_NC_073244.2_64265252_5	truthbar	0	3	5	3	multi	0	0.1306	0.0000	0.0000	0.0000	0.0000	4
ZNF480	ZNF528	DN_NC_073244.2_64265252_5	DN_NC_073244.2_64368633_7	truthbar	0	5	7	5	multi	0	0.2345	0.0000	0.0000	0.0000	0.0000	4
ZNF480	ZNF578	DN_NC_073244.2_64265252_5	DN_NC_073244.2_64426370_6	truthbar	0	5	6	5	multi	0	0.2039	0.0000	0.0000	0.0000	0.0000	4
ZNF480	ZNF600	DN_NC_073244.2_64265252_5	DN_NC_073244.2_64724127_4	truthbar	0	5	4	4	multi	0	0.2240	0.0000	0.0000	0.0000	0.0000	4
ZNF480	ZNF616	DN_NC_073244.2_64081943_4	DN_NC_073244.2_64265252_5	truthbar	0	4	5	4	multi	0	0.1894	0.0000	0.0000	0.0000	0.0000	4
ZNF480	ZNF678	DN_NC_073224.2_40627195_4	DN_NC_073244.2_64265252_5	truthbar	0	4	5	4	multi	0	0.2588	0.0000	0.0000	0.0000	0.0000	4
ZNF480	ZNF681	DN_NC_073244.2_30067652_4	DN_NC_073244.2_64265252_5	truthbar	0	4	5	4	multi	0	0.1797	0.0000	0.0000	0.0000	0.0000	4
ZNF480	ZNF701	DN_NC_073244.2_64265252_5	DN_NC_073244.2_64543447_4	truthbar	0	5	4	4	multi	0	0.1688	0.0000	0.0000	0.0000	0.0000	4
ZNF480	ZNF736	DN_NC_073230.2_73776646_4	DN_NC_073244.2_64265252_5	truthbar	0	4	5	4	multi	0	0.1751	0.0000	0.0000	0.0000	0.0000	4
ZNF480	ZNF761	DN_NC_073244.2_64265252_5	DN_NC_073244.2_65362909_5	truthbar	0	5	5	5	multi	0	0.2042	0.0000	0.0000	0.0000	0.0000	4
ZNF480	ZNF766	DN_NC_073244.2_64231369_4	DN_NC_073244.2_64265252_5	truthbar	0	4	5	4	multi	0	0.1597	0.0000	0.0000	0.0000	0.0000	4
ZNF480	ZNF808	DN_NC_073244.2_64265252_5	DN_NC_073244.2_64500861_5	truthbar	0	5	5	5	multi	0	0.2016	0.0000	0.0000	0.0000	0.0000	4
ZNF480	ZNF813	DN_NC_073244.2_64265252_5	DN_NC_073244.2_65398487_4	truthbar	0	5	4	4	multi	0	0.2016	0.0000	0.0000	0.0000	0.0000	4
ZNF480	ZNF83	DN_NC_073244.2_64265252_5	DN_NC_073244.2_64585864_4	truthbar	0	5	4	4	multi	0	0.3208	0.0000	0.0000	0.0000	0.0000	4
ZNF480	ZNF888	DN_NC_073244.2_64265252_5	DN_NC_073244.2_64860608_4	truthbar	0	5	4	4	multi	0	0.2039	0.0000	0.0000	0.0000	0.0000	4
ZNF484	ZNF567	DN_NC_073237.2_89310571_5	DN_NC_073244.2_47878793_6	truthbar	0	5	6	5	multi	0	0.1977	0.0000	0.0000	0.0000	0.0000	0
ZNF484	ZNF568	DN_NC_073237.2_89310571_5	DN_NC_073244.2_48093173_7	truthbar	0	5	7	5	multi	0	0.1518	0.0000	0.0000	0.0000	0.0000	0
ZNF484	ZNF569	DN_NC_073237.2_89310571_5	DN_NC_073244.2_48919547_6	truthbar	0	5	6	5	multi	0	0.1893	0.0000	0.0000	0.0000	0.0000	0
ZNF484	ZNF585A	DN_NC_073237.2_89310571_5	DN_NC_073244.2_48319142_5	truthbar	0	5	5	5	multi	0	0.1771	0.0000	0.0000	0.0000	0.0000	0
ZNF484	ZNF585B	DN_NC_073237.2_89310571_5	DN_NC_073244.2_48352926_4	truthbar	0	5	4	4	multi	0	0.2458	0.0000	0.0000	0.0000	0.0000	0
ZNF484	ZNF605	DN_NC_073234.2_148420424_5	DN_NC_073237.2_89310571_5	truthbar	0	5	5	5	multi	0	0.2116	0.0000	0.0000	0.0000	0.0000	0
ZNF484	ZNF613	DN_NC_073237.2_89310571_5	DN_NC_073244.2_63895938_6	truthbar	0	5	6	5	multi	0	0.2219	0.0000	0.0000	0.0000	0.0000	0
ZNF484	ZNF624	DN_NC_073228.2_83513581_6	DN_NC_073237.2_89310571_5	truthbar	0	6	5	5	multi	0	0.2510	0.0000	0.0000	0.0000	0.0000	0
ZNF484	ZNF717	DN_NC_073237.2_89310571_5	DN_NC_086017.1_85766278_5	truthbar	0	5	5	5	multi	0	0.3219	0.0000	0.0000	0.0000	0.0000	0
ZNF484	ZNF782	DN_NC_073237.2_89310571_5	DN_NC_073237.2_93275727_4	truthbar	0	5	4	4	multi	0	0.1336	0.0000	0.0000	0.0000	0.0000	0
ZNF484	ZNF81	DN_NC_073237.2_89310571_5	DN_NC_073247.2_58228088_5	truthbar	0	5	5	5	multi	0	0.1970	0.0000	0.0000	0.0000	0.0000	0
ZNF484	ZNF84	DN_NC_073234.2_148537990_5	DN_NC_073237.2_89310571_5	truthbar	0	5	5	5	multi	0	0.2364	0.0000	0.0000	0.0000	0.0000	0
ZNF484	ZNF883	DN_NC_073237.2_109230975_4	DN_NC_073237.2_89310571_5	genuine	0	4	5	4	multi	0	0.1550	0.0000	0.0000	0.0000	0.0000	0
ZNF485	ZNF879	DN_NC_073228.2_182994030_5	DN_NC_073232.2_71834982_5	truthbar	0	5	5	5	multi	0	0.2011	0.0000	0.0000	0.0000	0.0000	3
ZNF486	ZNF506	DN_NC_073244.2_26240035_4	DN_NC_073244.2_26666712_5	truthbar	0	4	5	4	multi	0	0.3165	0.4706	0.5000	0.8000	0.5000	4
ZNF486	ZNF595	DN_NC_073227.2_8633418_2	DN_NC_073244.2_26666712_5	truthbar	0	2	5	2	multi	0	0.2309	0.0000	0.0000	0.0000	0.0000	4
ZNF486	ZNF600	DN_NC_073244.2_26666712_5	DN_NC_073244.2_64724127_4	truthbar	0	5	4	4	multi	0	0.1590	0.0000	0.0000	0.0000	0.0000	4
ZNF486	ZNF626	DN_NC_073244.2_26666712_5	DN_NC_073244.2_27131194_2	truthbar	0	5	2	2	multi	0	0.3690	0.3514	0.2000	0.0000	0.0000	4
ZNF486	ZNF675	DN_NC_073244.2_26666712_5	DN_NC_073244.2_29970261_4	truthbar	0	5	4	4	multi	0	0.4605	0.7361	0.8000	1.0000	0.8000	4
ZNF486	ZNF678	DN_NC_073224.2_40627195_4	DN_NC_073244.2_26666712_5	truthbar	0	4	5	4	multi	0	0.3050	0.0000	0.0000	0.0000	0.0000	4
ZNF486	ZNF680	DN_NC_073230.2_73977205_4	DN_NC_073244.2_26666712_5	truthbar	0	4	5	4	multi	0	0.4889	0.0000	0.0000	0.0000	0.0000	4
ZNF486	ZNF681	DN_NC_073244.2_26666712_5	DN_NC_073244.2_30067652_4	truthbar	0	5	4	4	multi	0	0.2263	0.0000	0.0000	0.0000	0.0000	4
ZNF486	ZNF682	DN_NC_073244.2_26470366_4	DN_NC_073244.2_26666712_5	truthbar	0	4	5	4	multi	0	0.4680	0.0000	0.0000	0.0000	0.0000	4
ZNF486	ZNF695	DN_NC_073224.2_8422960_4	DN_NC_073244.2_26666712_5	truthbar	0	4	5	4	multi	0	0.2577	0.0000	0.0000	0.0000	0.0000	4
ZNF486	ZNF721	DN_NC_073227.2_9009655_3	DN_NC_073244.2_26666712_5	genuine	0	3	5	3	multi	0	0.1496	0.0000	0.0000	0.0000	0.0000	4
ZNF486	ZNF723	DN_NC_073244.2_26666712_5	DN_NC_073244.2_29232445_4	truthbar	0	5	4	4	multi	0	0.6166	0.0000	0.0000	0.0000	0.0000	4
ZNF486	ZNF727	DN_NC_073230.2_73508332_4	DN_NC_073244.2_26666712_5	truthbar	0	4	5	4	multi	0	0.1636	0.0000	0.0000	0.0000	0.0000	4
ZNF486	ZNF736	DN_NC_073230.2_73776646_4	DN_NC_073244.2_26666712_5	truthbar	0	4	5	4	multi	0	0.2838	0.0000	0.0000	0.0000	0.0000	4
ZNF486	ZNF836	DN_NC_073244.2_26666712_5	DN_NC_073244.2_64125568_5	truthbar	0	5	5	5	multi	0	0.2818	0.0000	0.0000	0.0000	0.0000	4
ZNF486	ZNF91	DN_NC_073244.2_26666712_5	DN_NC_073244.2_29680825_2	genuine	0	5	2	2	multi	0	0.3031	0.0000	0.0000	0.0000	0.0000	4
ZNF486	ZNF92	DN_NC_073230.2_74637814_2	DN_NC_073244.2_26666712_5	truthbar	0	2	5	2	multi	0	0.3257	0.0000	0.0000	0.0000	0.0000	4
ZNF487	ZNF510	DN_NC_073232.2_71973207_3	DN_NC_073237.2_93211680_6	genuine	0	3	6	3	multi	0	0.2144	0.0000	0.0000	0.0000	0.0000	0
ZNF487	ZNF527	DN_NC_073232.2_71973207_3	DN_NC_073244.2_48620420_5	genuine	0	3	5	3	multi	0	0.1423	0.0000	0.0000	0.0000	0.0000	0
ZNF487	ZNF567	DN_NC_073232.2_71973207_3	DN_NC_073244.2_47878793_6	genuine	0	3	6	3	multi	0	0.2129	0.0000	0.0000	0.0000	0.0000	0
ZNF487	ZNF568	DN_NC_073232.2_71973207_3	DN_NC_073244.2_48093173_7	genuine	0	3	7	3	multi	0	0.2139	0.0000	0.0000	0.0000	0.0000	0
ZNF487	ZNF569	DN_NC_073232.2_71973207_3	DN_NC_073244.2_48919547_6	genuine	0	3	6	3	multi	0	0.2199	0.0000	0.0000	0.0000	0.0000	0
ZNF487	ZNF577	DN_NC_073232.2_71973207_3	DN_NC_073244.2_63840101_6	truthbar	0	3	6	3	multi	0	0.1754	0.0000	0.0000	0.0000	0.0000	0
ZNF487	ZNF585A	DN_NC_073232.2_71973207_3	DN_NC_073244.2_48319142_5	genuine	0	3	5	3	multi	0	0.2372	0.0000	0.0000	0.0000	0.0000	0
ZNF487	ZNF585B	DN_NC_073232.2_71973207_3	DN_NC_073244.2_48352926_4	genuine	0	3	4	3	multi	0	0.2372	0.0000	0.0000	0.0000	0.0000	0
ZNF487	ZNF605	DN_NC_073232.2_71973207_3	DN_NC_073234.2_148420424_5	genuine	0	3	5	3	multi	0	0.1611	0.0000	0.0000	0.0000	0.0000	0
ZNF487	ZNF624	DN_NC_073228.2_83513581_6	DN_NC_073232.2_71973207_3	genuine	0	6	3	3	multi	0	0.1700	0.0000	0.0000	0.0000	0.0000	0
ZNF487	ZNF717	DN_NC_073232.2_71973207_3	DN_NC_086017.1_85766278_5	genuine	0	3	5	3	multi	0	0.1472	0.0000	0.0000	0.0000	0.0000	0
ZNF487	ZNF782	DN_NC_073232.2_71973207_3	DN_NC_073237.2_93275727_4	genuine	0	3	4	3	multi	0	0.2317	0.0000	0.0000	0.0000	0.0000	0
ZNF487	ZNF84	DN_NC_073232.2_71973207_3	DN_NC_073234.2_148537990_5	genuine	0	3	5	3	multi	0	0.1497	0.0000	0.0000	0.0000	0.0000	0
ZNF487	ZNF883	DN_NC_073232.2_71973207_3	DN_NC_073237.2_109230975_4	genuine	0	3	4	3	multi	0	0.1512	0.0000	0.0000	0.0000	0.0000	0
ZNF490	ZNF563	DN_NC_073244.2_18356684_4	DN_NC_073244.2_18614963_5	truthbar	0	4	5	4	multi	0	0.1996	0.0000	0.0000	0.0000	0.0000	4
ZNF490	ZNF564	DN_NC_073244.2_18564507_4	DN_NC_073244.2_18614963_5	truthbar	0	4	5	4	multi	0	0.2342	0.0000	0.0000	0.0000	0.0000	4
ZNF490	ZNF57	DN_NC_073244.2_18614963_5	DN_NC_073244.2_8680135_4	truthbar	0	5	4	4	multi	0	0.1397	0.0000	0.0000	0.0000	0.0000	4
ZNF490	ZNF669	DN_NC_073224.2_8329397_4	DN_NC_073244.2_18614963_5	truthbar	0	4	5	4	multi	0	0.1457	0.0000	0.0000	0.0000	0.0000	4
ZNF490	ZNF791	DN_NC_073244.2_18614963_5	DN_NC_073244.2_18649721_4	truthbar	0	5	4	4	multi	0	0.1517	0.0000	0.0000	0.0000	0.0000	4
ZNF490	ZNF799	DN_NC_073244.2_18426035_4	DN_NC_073244.2_18614963_5	truthbar	0	4	5	4	multi	0	0.1661	0.0000	0.0000	0.0000	0.0000	4
ZNF490	ZNF823	DN_NC_073244.2_17751584_2	DN_NC_073244.2_18614963_5	truthbar	0	2	5	2	multi	0	0.1681	0.0000	0.0000	0.0000	0.0000	4
ZNF501	ZNF585A	DN_NC_073244.2_48319142_5	DN_NC_086017.1_54629198_3	genuine	0	5	3	3	multi	0	0.1452	0.0000	0.0000	0.0000	0.0000	0
ZNF501	ZNF585B	DN_NC_073244.2_48352926_4	DN_NC_086017.1_54629198_3	genuine	0	4	3	3	multi	0	0.1723	0.0000	0.0000	0.0000	0.0000	0
ZNF502	ZSCAN16	DN_NC_073229.2_45747170_4	DN_NC_086017.1_54612772_3	genuine	0	4	3	3	multi	0	0.2462	0.0000	0.0000	0.0000	0.0000	3
ZNF506	ZNF578	DN_NC_073244.2_26240035_4	DN_NC_073244.2_64426370_6	truthbar	0	4	6	4	multi	0	0.1703	0.0000	0.0000	0.0000	0.0000	4
ZNF506	ZNF595	DN_NC_073227.2_8633418_2	DN_NC_073244.2_26240035_4	truthbar	0	2	4	2	multi	0	0.2693	0.0000	0.0000	0.0000	0.0000	4
ZNF506	ZNF626	DN_NC_073244.2_26240039_2	DN_NC_073244.2_27131194_2	truthbar	0	2	2	2	multi	0	0.1782	0.8267	0.5000	0.5000	0.5000	4
ZNF506	ZNF675	DN_NC_073244.2_26240039_2	DN_NC_073244.2_29970261_4	truthbar	0	2	4	2	multi	0	0.4255	0.0000	0.0000	0.0000	0.0000	4
ZNF506	ZNF678	DN_NC_073224.2_40627195_4	DN_NC_073244.2_26240039_2	truthbar	0	4	2	2	multi	0	0.2619	0.0000	0.0000	0.0000	0.0000	4
ZNF506	ZNF680	DN_NC_073230.2_73977205_4	DN_NC_073244.2_26240035_4	truthbar	0	4	4	4	multi	0	0.2151	0.0000	0.0000	0.0000	0.0000	4
ZNF506	ZNF681	DN_NC_073244.2_26240039_2	DN_NC_073244.2_30067652_4	truthbar	0	2	4	2	multi	0	0.3043	0.0000	0.0000	0.0000	0.0000	4
ZNF506	ZNF682	DN_NC_073244.2_26240035_4	DN_NC_073244.2_26470366_4	truthbar	0	4	4	4	multi	0	0.4123	0.0000	0.0000	0.0000	0.0000	4
ZNF506	ZNF695	DN_NC_073224.2_8422960_4	DN_NC_073244.2_26240039_2	truthbar	0	4	2	2	multi	0	0.3468	0.0000	0.0000	0.0000	0.0000	4
ZNF506	ZNF721	DN_NC_073227.2_9010062_2	DN_NC_073244.2_26240035_4	genuine	0	2	4	2	multi	0	0.2429	0.0000	0.0000	0.0000	0.0000	4
ZNF506	ZNF723	DN_NC_073244.2_26240035_4	DN_NC_073244.2_29232445_4	truthbar	0	4	4	4	multi	0	0.5842	0.6874	0.5000	0.7500	0.5000	4
ZNF506	ZNF727	DN_NC_073230.2_73508332_4	DN_NC_073244.2_26240035_4	truthbar	0	4	4	4	multi	0	0.1374	0.0000	0.0000	0.0000	0.0000	4
ZNF506	ZNF736	DN_NC_073230.2_73776646_4	DN_NC_073244.2_26240035_4	truthbar	0	4	4	4	multi	0	0.3950	0.0000	0.0000	0.0000	0.0000	4
ZNF506	ZNF761	DN_NC_073244.2_26240039_2	DN_NC_073244.2_65362909_5	truthbar	0	2	5	2	multi	0	0.1532	0.0000	0.0000	0.0000	0.0000	4
ZNF506	ZNF83	DN_NC_073244.2_26240039_2	DN_NC_073244.2_64585864_4	truthbar	0	2	4	2	multi	0	0.1757	0.0000	0.0000	0.0000	0.0000	4
ZNF506	ZNF841	DN_NC_073244.2_26240039_2	DN_NC_073244.2_64034715_7	truthbar	0	2	7	2	multi	0	0.2599	0.0000	0.0000	0.0000	0.0000	4
ZNF506	ZNF91	DN_NC_073244.2_26240039_2	DN_NC_073244.2_29680825_4	genuine	0	2	4	2	multi	0	0.2503	0.0000	0.0000	0.0000	0.0000	4
ZNF506	ZNF92	DN_NC_073230.2_74637814_2	DN_NC_073244.2_26240035_4	truthbar	0	2	4	2	multi	0	0.2998	0.0000	0.0000	0.0000	0.0000	4
ZNF510	ZNF527	DN_NC_073237.2_93211680_6	DN_NC_073244.2_48620420_5	truthbar	0	6	5	5	multi	0	0.1379	0.0000	0.0000	0.0000	0.0000	0
ZNF510	ZNF674	DN_NC_073237.2_93211680_6	DN_NC_073247.2_56899135_7	truthbar	0	6	7	6	multi	0	0.1588	0.0000	0.0000	0.0000	0.0000	0
ZNF514	ZNF879	DN_NC_073228.2_182994030_5	DN_NC_073236.2_32302189_6	truthbar	0	5	6	5	multi	0	0.1558	0.0000	0.0000	0.0000	0.0000	3
ZNF519	ZNF528	DN_NC_073241.2_36126198_2	DN_NC_073244.2_64368633_7	truthbar	0	2	7	2	multi	0	0.2021	0.0000	0.0000	0.0000	0.0000	4
ZNF519	ZNF595	DN_NC_073227.2_8633416_4	DN_NC_073241.2_36126198_2	truthbar	0	4	2	2	multi	0	0.3688	0.0000	0.0000	0.0000	0.0000	4
ZNF519	ZNF600	DN_NC_073241.2_36126183_3	DN_NC_073244.2_64724127_4	truthbar	0	3	4	3	multi	0	0.1372	0.0000	0.0000	0.0000	0.0000	4
ZNF519	ZNF616	DN_NC_073241.2_36126198_2	DN_NC_073244.2_64081943_4	truthbar	0	2	4	2	multi	0	0.1613	0.0000	0.0000	0.0000	0.0000	4
ZNF519	ZNF675	DN_NC_073241.2_36126183_3	DN_NC_073244.2_29970261_4	truthbar	0	3	4	3	multi	0	0.3987	0.0000	0.0000	0.0000	0.0000	4
ZNF519	ZNF678	DN_NC_073224.2_40627195_4	DN_NC_073241.2_36126183_3	truthbar	0	4	3	3	multi	0	0.1559	0.0000	0.0000	0.0000	0.0000	4
ZNF519	ZNF680	DN_NC_073230.2_73977205_4	DN_NC_073241.2_36126198_2	truthbar	0	4	2	2	multi	0	0.2050	0.0000	0.0000	0.0000	0.0000	4
ZNF519	ZNF681	DN_NC_073241.2_36126183_3	DN_NC_073244.2_30067652_4	truthbar	0	3	4	3	multi	0	0.2728	0.0000	0.0000	0.0000	0.0000	4
ZNF519	ZNF682	DN_NC_073241.2_36126198_2	DN_NC_073244.2_26470366_4	truthbar	0	2	4	2	multi	0	0.2112	0.0000	0.0000	0.0000	0.0000	4
ZNF519	ZNF695	DN_NC_073224.2_8422960_4	DN_NC_073241.2_36126198_2	truthbar	0	4	2	2	multi	0	0.3053	0.0000	0.0000	0.0000	0.0000	4
ZNF519	ZNF721	DN_NC_073227.2_9010062_2	DN_NC_073241.2_36126183_3	truthbar	0	2	3	2	multi	0	0.1913	0.0000	0.0000	0.0000	0.0000	4
ZNF519	ZNF723	DN_NC_073241.2_36126198_2	DN_NC_073244.2_29232445_4	truthbar	0	2	4	2	multi	0	0.3428	0.0000	0.0000	0.0000	0.0000	4
ZNF519	ZNF766	DN_NC_073241.2_36126198_2	DN_NC_073244.2_64231369_4	truthbar	0	2	4	2	multi	0	0.1621	0.0000	0.0000	0.0000	0.0000	4
ZNF519	ZNF813	DN_NC_073241.2_36126183_3	DN_NC_073244.2_65398487_4	truthbar	0	3	4	3	multi	0	0.1520	0.0000	0.0000	0.0000	0.0000	4
ZNF519	ZNF83	DN_NC_073241.2_36126183_3	DN_NC_073244.2_64585864_4	truthbar	0	3	4	3	multi	0	0.3445	0.0000	0.0000	0.0000	0.0000	4
ZNF519	ZNF836	DN_NC_073241.2_36126183_3	DN_NC_073244.2_64125568_5	truthbar	0	3	5	3	multi	0	0.1875	0.0000	0.0000	0.0000	0.0000	4
ZNF519	ZNF888	DN_NC_073241.2_36126198_2	DN_NC_073244.2_64860608_4	truthbar	0	2	4	2	multi	0	0.1642	0.0000	0.0000	0.0000	0.0000	4
ZNF519	ZNF91	DN_NC_073241.2_36126198_2	DN_NC_073244.2_29680825_4	genuine	0	2	4	2	multi	0	0.1349	0.0000	0.0000	0.0000	0.0000	4
ZNF519	ZNF92	DN_NC_073230.2_74637722_4	DN_NC_073241.2_36126198_2	truthbar	0	4	2	2	multi	0	0.2554	0.0000	0.0000	0.0000	0.0000	4
ZNF527	ZNF568	DN_NC_073244.2_48093173_7	DN_NC_073244.2_48620420_5	truthbar	0	7	5	5	multi	0	0.1644	0.0000	0.0000	0.0000	0.0000	0
ZNF527	ZNF569	DN_NC_073244.2_48620420_5	DN_NC_073244.2_48919547_6	truthbar	0	5	6	5	multi	0	0.2226	0.0000	0.0000	0.0000	0.0000	0
ZNF527	ZNF585B	DN_NC_073244.2_48352926_4	DN_NC_073244.2_48620420_5	truthbar	0	4	5	4	multi	0	0.1818	0.0000	0.0000	0.0000	0.0000	0
ZNF527	ZNF624	DN_NC_073228.2_83513581_6	DN_NC_073244.2_48620420_5	truthbar	0	6	5	5	multi	0	0.2252	0.0000	0.0000	0.0000	0.0000	0
ZNF527	ZNF674	DN_NC_073244.2_48620420_5	DN_NC_073247.2_56899135_7	truthbar	0	5	7	5	multi	0	0.1696	0.0000	0.0000	0.0000	0.0000	0
ZNF527	ZNF717	DN_NC_073244.2_48620420_5	DN_NC_086017.1_85766278_5	truthbar	0	5	5	5	multi	0	0.1618	0.0000	0.0000	0.0000	0.0000	0
ZNF527	ZNF84	DN_NC_073234.2_148537990_5	DN_NC_073244.2_48620420_5	truthbar	0	5	5	5	multi	0	0.1484	0.0000	0.0000	0.0000	0.0000	0
ZNF527	ZNF883	DN_NC_073237.2_109230975_4	DN_NC_073244.2_48620420_5	truthbar	0	4	5	4	multi	0	0.1397	0.0000	0.0000	0.0000	0.0000	0
ZNF528	ZNF578	DN_NC_073244.2_64368633_7	DN_NC_073244.2_64426370_6	truthbar	0	7	6	6	multi	0	0.2143	0.0000	0.0000	0.0000	0.0000	4
ZNF528	ZNF600	DN_NC_073244.2_64368633_7	DN_NC_073244.2_64724127_4	truthbar	0	7	4	4	multi	0	0.3132	0.0000	0.0000	0.0000	0.0000	4
ZNF528	ZNF675	DN_NC_073244.2_29970261_4	DN_NC_073244.2_64368633_7	truthbar	0	4	7	4	multi	0	0.2625	0.0000	0.0000	0.0000	0.0000	4
ZNF528	ZNF678	DN_NC_073224.2_40627195_4	DN_NC_073244.2_64368633_7	truthbar	0	4	7	4	multi	0	0.1460	0.0000	0.0000	0.0000	0.0000	4
ZNF528	ZNF721	DN_NC_073227.2_9009655_3	DN_NC_073244.2_64368633_7	truthbar	0	3	7	3	multi	0	0.1430	0.0000	0.0000	0.0000	0.0000	4
ZNF528	ZNF723	DN_NC_073244.2_29232445_4	DN_NC_073244.2_64368633_7	truthbar	0	4	7	4	multi	0	0.4197	0.0000	0.0000	0.0000	0.0000	4
ZNF528	ZNF766	DN_NC_073244.2_64231369_4	DN_NC_073244.2_64368633_7	truthbar	0	4	7	4	multi	0	0.1969	0.0000	0.0000	0.0000	0.0000	4
ZNF528	ZNF808	DN_NC_073244.2_64368633_7	DN_NC_073244.2_64500861_5	truthbar	0	7	5	5	multi	0	0.1828	0.0000	0.0000	0.0000	0.0000	4
ZNF528	ZNF813	DN_NC_073244.2_64368633_7	DN_NC_073244.2_65398487_4	truthbar	0	7	4	4	multi	0	0.1750	0.0000	0.0000	0.0000	0.0000	4
ZNF528	ZNF83	DN_NC_073244.2_64368633_7	DN_NC_073244.2_64585864_4	truthbar	0	7	4	4	multi	0	0.2588	0.0000	0.0000	0.0000	0.0000	4
ZNF528	ZNF836	DN_NC_073244.2_64125568_5	DN_NC_073244.2_64368633_7	truthbar	0	5	7	5	multi	0	0.3142	0.0000	0.0000	0.0000	0.0000	4
ZNF528	ZNF841	DN_NC_073244.2_64034715_7	DN_NC_073244.2_64368633_7	truthbar	0	7	7	7	multi	0	0.1688	0.0000	0.0000	0.0000	0.0000	4
ZNF528	ZNF91	DN_NC_073244.2_29680825_2	DN_NC_073244.2_64368633_7	truthbar	0	2	7	2	multi	0	0.2576	0.0000	0.0000	0.0000	0.0000	4
ZNF529	ZNF565	DN_NC_073244.2_47250467_5	DN_NC_073244.2_47739503_5	truthbar	0	5	5	5	multi	0	0.2075	0.0000	0.0000	0.0000	0.0000	0
ZNF529	ZNF571	DN_NC_073244.2_47739503_5	DN_NC_073244.2_49072464_4	truthbar	0	5	4	4	multi	0	0.2933	0.0000	0.0000	0.0000	0.0000	0
ZNF529	ZNF573	DN_NC_073244.2_47739503_5	DN_NC_073244.2_49246931_6	truthbar	0	5	6	5	multi	0	0.2117	0.0000	0.0000	0.0000	0.0000	0
ZNF529	ZNF582	DN_NC_073244.2_47739503_5	DN_NC_073244.2_68491976_5	truthbar	0	5	5	5	multi	0	0.1494	0.0000	0.0000	0.0000	0.0000	0
ZNF529	ZNF780A	DN_NC_073244.2_47739503_5	DN_NC_073244.2_51825388_5	truthbar	0	5	5	5	multi	0	0.2353	0.0000	0.0000	0.0000	0.0000	0
ZNF529	ZNF780B	DN_NC_073244.2_47739503_5	DN_NC_073244.2_51783968_5	truthbar	0	5	5	5	multi	0	0.1835	0.0000	0.0000	0.0000	0.0000	0
ZNF529	ZNF790	DN_NC_073244.2_47739503_5	DN_NC_073244.2_47997304_5	truthbar	0	5	5	5	multi	0	0.1331	0.0000	0.0000	0.0000	0.0000	0
ZNF540	ZNF546	DN_NC_073244.2_49101177_5	DN_NC_073244.2_51749194_6	truthbar	0	5	6	5	multi	0	0.2791	0.0000	0.0000	0.0000	0.0000	0
ZNF540	ZNF565	DN_NC_073244.2_47250467_5	DN_NC_073244.2_49101177_5	truthbar	0	5	5	5	multi	0	0.1660	0.0000	0.0000	0.0000	0.0000	0
ZNF540	ZNF571	DN_NC_073244.2_49072464_4	DN_NC_073244.2_49101177_5	truthbar	0	4	5	4	multi	0	0.1304	0.1349	0.2500	0.0000	0.0000	0
ZNF540	ZNF573	DN_NC_073244.2_49101177_5	DN_NC_073244.2_49246931_6	truthbar	0	5	6	5	multi	0	0.2791	0.0000	0.0000	0.0000	0.0000	0
ZNF540	ZNF582	DN_NC_073244.2_49101177_5	DN_NC_073244.2_68491976_5	truthbar	0	5	5	5	multi	0	0.2100	0.0000	0.0000	0.0000	0.0000	0
ZNF540	ZNF665	DN_NC_073244.2_49101177_5	DN_NC_073244.2_65102393_4	truthbar	0	5	4	4	multi	0	0.1801	0.0000	0.0000	0.0000	0.0000	0
ZNF540	ZNF780A	DN_NC_073244.2_49101177_5	DN_NC_073244.2_51825388_5	truthbar	0	5	5	5	multi	0	0.3098	0.0000	0.0000	0.0000	0.0000	0
ZNF543	ZNF550	DN_NC_073244.2_69422908_4	DN_NC_073244.2_69643403_5	truthbar	0	4	5	4	multi	0	0.2177	0.0000	0.0000	0.0000	0.0000	3
ZNF543	ZNF805	DN_NC_073244.2_69343714_4	DN_NC_073244.2_69422908_4	truthbar	0	4	4	4	multi	0	0.4620	0.3297	0.0000	0.0000	0.0000	3
ZNF546	ZNF565	DN_NC_073244.2_47250467_5	DN_NC_073244.2_51749194_6	truthbar	0	5	6	5	multi	0	0.2688	0.0000	0.0000	0.0000	0.0000	0
ZNF546	ZNF566	DN_NC_073244.2_47642985_5	DN_NC_073244.2_51749194_6	genuine	0	5	6	5	multi	0	0.1953	0.0000	0.0000	0.0000	0.0000	0
ZNF546	ZNF571	DN_NC_073244.2_49072464_4	DN_NC_073244.2_51749194_6	truthbar	0	4	6	4	multi	0	0.3592	0.0000	0.0000	0.0000	0.0000	0
ZNF546	ZNF573	DN_NC_073244.2_49246931_6	DN_NC_073244.2_51749194_6	truthbar	0	6	6	6	multi	0	0.2619	0.0000	0.0000	0.0000	0.0000	0
ZNF546	ZNF582	DN_NC_073244.2_51749194_6	DN_NC_073244.2_68491976_5	truthbar	0	6	5	5	multi	0	0.2769	0.0000	0.0000	0.0000	0.0000	0
ZNF546	ZNF583	DN_NC_073244.2_51749194_6	DN_NC_073244.2_68513423_5	truthbar	0	6	5	5	multi	0	0.1898	0.0000	0.0000	0.0000	0.0000	0
ZNF546	ZNF607	DN_NC_073244.2_49205215_5	DN_NC_073244.2_51749194_6	truthbar	0	5	6	5	multi	0	0.2579	0.0000	0.0000	0.0000	0.0000	0
ZNF546	ZNF665	DN_NC_073244.2_51749194_6	DN_NC_073244.2_65102393_4	truthbar	0	6	4	4	multi	0	0.2170	0.0000	0.0000	0.0000	0.0000	0
ZNF546	ZNF780A	DN_NC_073244.2_51749194_6	DN_NC_073244.2_51825388_5	truthbar	0	6	5	5	multi	0	0.3714	0.0000	0.0000	0.0000	0.0000	0
ZNF546	ZNF780B	DN_NC_073244.2_51749194_6	DN_NC_073244.2_51783968_5	truthbar	0	6	5	5	multi	0	0.3706	0.0000	0.0000	0.0000	0.0000	0
ZNF546	ZNF790	DN_NC_073244.2_47997304_5	DN_NC_073244.2_51749194_6	truthbar	0	5	6	5	multi	0	0.3461	0.0000	0.0000	0.0000	0.0000	0
ZNF546	ZNF829	DN_NC_073244.2_48066692_6	DN_NC_073244.2_51749194_6	truthbar	0	6	6	6	multi	0	0.2619	0.0000	0.0000	0.0000	0.0000	0
ZNF547	ZNF548	DN_NC_073244.2_69466443_4	DN_NC_073244.2_69492904_4	truthbar	0	4	4	4	multi	0	0.1412	0.0000	0.0000	0.0000	0.0000	3
ZNF547	ZNF586	DN_NC_073244.2_69466443_4	DN_NC_073244.2_69873255_2	truthbar	0	4	3	3	multi	0	0.1827	0.0000	0.0000	0.0000	0.0000	3
ZNF547	ZNF776	DN_NC_073244.2_69466443_4	DN_NC_073244.2_69848672_3	truthbar	0	4	3	3	multi	0	0.1383	0.0000	0.0000	0.0000	0.0000	3
ZNF548	ZNF551	DN_NC_073244.2_69492904_4	DN_NC_073244.2_69783488_3	truthbar	0	4	3	3	multi	0	0.1749	0.0000	0.0000	0.0000	0.0000	3
ZNF548	ZNF552	DN_NC_073244.2_69492904_4	DN_NC_073244.2_69910623_3	truthbar	0	4	3	3	multi	0	0.2147	0.0000	0.0000	0.0000	0.0000	3
ZNF548	ZNF586	DN_NC_073244.2_69492904_4	DN_NC_073244.2_69873255_2	truthbar	0	4	3	3	multi	0	0.1661	0.0000	0.0000	0.0000	0.0000	3
ZNF548	ZNF671	DN_NC_073244.2_69492904_4	DN_NC_073244.2_69821764_4	truthbar	0	4	4	4	multi	0	0.1845	0.0000	0.0000	0.0000	0.0000	3
ZNF548	ZNF776	DN_NC_073244.2_69492904_4	DN_NC_073244.2_69848672_3	truthbar	0	4	3	3	multi	0	0.1962	0.0000	0.0000	0.0000	0.0000	3
ZNF548	ZNF792	DN_NC_073244.2_46013405_4	DN_NC_073244.2_69492904_4	truthbar	0	4	4	4	multi	0	0.1612	0.0000	0.0000	0.0000	0.0000	3
ZNF551	ZNF586	DN_NC_073244.2_69783488_3	DN_NC_073244.2_69873255_2	genuine	0	3	3	3	multi	0	0.1397	0.0000	0.0000	0.0000	0.0000	3
ZNF551	ZNF671	DN_NC_073244.2_69783488_3	DN_NC_073244.2_69821764_4	truthbar	0	3	4	3	multi	0	0.2013	0.0000	0.0000	0.0000	0.0000	3
ZNF551	ZNF792	DN_NC_073244.2_46013405_4	DN_NC_073244.2_69783488_3	truthbar	0	4	3	3	multi	0	0.1967	0.0000	0.0000	0.0000	0.0000	3
ZNF552	ZNF776	DN_NC_073244.2_69848672_3	DN_NC_073244.2_69910623_3	truthbar	0	3	3	3	multi	0	0.1656	0.0000	0.0000	0.0000	0.0000	3
ZNF554	ZNF879	DN_NC_073228.2_182994030_5	DN_NC_073244.2_8594978_5	truthbar	0	5	5	5	multi	0	0.1999	0.0000	0.0000	0.0000	0.0000	3
ZNF557	ZNF558	DN_NC_073244.2_12909180_8	DN_NC_073244.2_14850343_10	truthbar	0	8	10	8	multi	0	0.1486	0.3048	0.6250	0.5000	0.5000	1
ZNF558	ZNF620	DN_NC_073244.2_14850343_10	DN_NC_086017.1_50412575_3	truthbar	0	10	5	5	multi	0	0.1591	0.0000	0.0000	0.0000	0.0000	1
ZNF560	ZNF571	DN_NC_073244.2_15508499_10	DN_NC_073244.2_49072464_4	truthbar	0	10	4	4	multi	0	0.2887	0.0000	0.0000	0.0000	0.0000	0
ZNF560	ZNF573	DN_NC_073244.2_15508499_10	DN_NC_073244.2_49246931_6	truthbar	0	10	6	6	multi	0	0.1747	0.0000	0.0000	0.0000	0.0000	0
ZNF560	ZNF596	DN_NC_073231.2_4596743_6	DN_NC_073244.2_15508499_10	truthbar	0	6	10	6	multi	0	0.1618	0.0000	0.0000	0.0000	0.0000	0
ZNF560	ZNF790	DN_NC_073244.2_15508499_10	DN_NC_073244.2_47997304_5	truthbar	0	10	5	5	multi	0	0.2001	0.0000	0.0000	0.0000	0.0000	0
ZNF560	ZNF891	DN_NC_073234.2_148620174_2	DN_NC_073244.2_15508499_10	truthbar	0	2	10	2	multi	0	0.2378	0.0000	0.0000	0.0000	0.0000	0
ZNF563	ZNF564	DN_NC_073244.2_18356684_4	DN_NC_073244.2_18564507_4	truthbar	0	4	4	4	multi	0	0.2717	0.0000	0.0000	0.0000	0.0000	4
ZNF563	ZNF57	DN_NC_073244.2_18356684_4	DN_NC_073244.2_8680135_4	truthbar	0	4	4	4	multi	0	0.1703	0.0000	0.0000	0.0000	0.0000	4
ZNF563	ZNF627	DN_NC_073244.2_17635782_4	DN_NC_073244.2_18356684_4	truthbar	0	4	4	4	multi	0	0.3892	0.0000	0.0000	0.0000	0.0000	4
ZNF563	ZNF669	DN_NC_073224.2_8329397_4	DN_NC_073244.2_18356684_4	truthbar	0	4	4	4	multi	0	0.2479	0.0000	0.0000	0.0000	0.0000	4
ZNF563	ZNF77	DN_NC_073244.2_18356684_4	DN_NC_073244.2_8711681_4	truthbar	0	4	4	4	multi	0	0.1885	0.0000	0.0000	0.0000	0.0000	4
ZNF563	ZNF791	DN_NC_073244.2_18356684_4	DN_NC_073244.2_18649721_4	truthbar	0	4	4	4	multi	0	0.2056	0.0000	0.0000	0.0000	0.0000	4
ZNF563	ZNF799	DN_NC_073244.2_18356684_4	DN_NC_073244.2_18426035_4	truthbar	0	4	4	4	multi	0	0.4885	0.4743	0.5000	0.5000	0.5000	4
ZNF563	ZNF823	DN_NC_073244.2_17751584_2	DN_NC_073244.2_18356684_4	truthbar	0	2	4	2	multi	0	0.4348	0.3962	0.0000	0.0000	0.0000	4
ZNF564	ZNF57	DN_NC_073244.2_18564507_4	DN_NC_073244.2_8680135_4	truthbar	0	4	4	4	multi	0	0.3124	0.0000	0.0000	0.0000	0.0000	4
ZNF564	ZNF627	DN_NC_073244.2_17635782_4	DN_NC_073244.2_18564507_4	truthbar	0	4	4	4	multi	0	0.1840	0.0000	0.0000	0.0000	0.0000	4
ZNF564	ZNF669	DN_NC_073224.2_8329397_4	DN_NC_073244.2_18564507_4	truthbar	0	4	4	4	multi	0	0.2462	0.0000	0.0000	0.0000	0.0000	4
ZNF564	ZNF670	DN_NC_073224.2_8356715_4	DN_NC_073244.2_18564507_4	truthbar	0	4	4	4	multi	0	0.1362	0.0000	0.0000	0.0000	0.0000	4
ZNF564	ZNF77	DN_NC_073244.2_18564507_4	DN_NC_073244.2_8711681_4	truthbar	0	4	4	4	multi	0	0.3661	0.0000	0.0000	0.0000	0.0000	4
ZNF564	ZNF791	DN_NC_073244.2_18564507_4	DN_NC_073244.2_18649721_4	truthbar	0	4	4	4	multi	0	0.2203	0.0000	0.0000	0.0000	0.0000	4
ZNF564	ZNF799	DN_NC_073244.2_18426035_4	DN_NC_073244.2_18564507_4	truthbar	0	4	4	4	multi	0	0.2068	0.0000	0.0000	0.0000	0.0000	4
ZNF564	ZNF823	DN_NC_073244.2_17751584_2	DN_NC_073244.2_18564507_4	truthbar	0	2	4	2	multi	0	0.1803	0.0000	0.0000	0.0000	0.0000	4
ZNF565	ZNF568	DN_NC_073244.2_47288294_4	DN_NC_073244.2_48093173_7	truthbar	0	4	7	4	multi	0	0.1997	0.0000	0.0000	0.0000	0.0000	0
ZNF565	ZNF569	DN_NC_073244.2_47288294_4	DN_NC_073244.2_48919547_6	truthbar	0	4	6	4	multi	0	0.1923	0.0000	0.0000	0.0000	0.0000	0
ZNF565	ZNF571	DN_NC_073244.2_47250467_5	DN_NC_073244.2_49072464_4	truthbar	0	5	4	4	multi	0	0.3630	0.0000	0.0000	0.0000	0.0000	0
ZNF565	ZNF573	DN_NC_073244.2_47250467_5	DN_NC_073244.2_49246931_6	truthbar	0	5	6	5	multi	0	0.2368	0.0000	0.0000	0.0000	0.0000	0
ZNF565	ZNF582	DN_NC_073244.2_47250467_5	DN_NC_073244.2_68491976_5	truthbar	0	5	5	5	multi	0	0.2225	0.0000	0.0000	0.0000	0.0000	0
ZNF565	ZNF583	DN_NC_073244.2_47250467_5	DN_NC_073244.2_68513423_5	truthbar	0	5	5	5	multi	0	0.3588	0.0000	0.0000	0.0000	0.0000	0
ZNF565	ZNF605	DN_NC_073234.2_148420424_5	DN_NC_073244.2_47288294_4	truthbar	0	5	4	4	multi	0	0.1545	0.0000	0.0000	0.0000	0.0000	0
ZNF565	ZNF607	DN_NC_073244.2_47250467_5	DN_NC_073244.2_49205215_5	truthbar	0	5	5	5	multi	0	0.2556	0.0000	0.0000	0.0000	0.0000	0
ZNF565	ZNF780A	DN_NC_073244.2_47250467_5	DN_NC_073244.2_51825388_5	truthbar	0	5	5	5	multi	0	0.2873	0.0000	0.0000	0.0000	0.0000	0
ZNF565	ZNF780B	DN_NC_073244.2_47250467_5	DN_NC_073244.2_51783968_5	truthbar	0	5	5	5	multi	0	0.2575	0.0000	0.0000	0.0000	0.0000	0
ZNF565	ZNF790	DN_NC_073244.2_47250467_5	DN_NC_073244.2_47997304_5	truthbar	0	5	5	5	multi	0	0.2884	0.0000	0.0000	0.0000	0.0000	0
ZNF565	ZNF829	DN_NC_073244.2_47250467_5	DN_NC_073244.2_48066692_6	truthbar	0	5	6	5	multi	0	0.2632	0.0000	0.0000	0.0000	0.0000	0
ZNF566	ZNF571	DN_NC_073244.2_47642985_5	DN_NC_073244.2_49072464_4	truthbar	0	5	4	4	multi	0	0.3232	0.0000	0.0000	0.0000	0.0000	0
ZNF566	ZNF573	DN_NC_073244.2_47642985_5	DN_NC_073244.2_49246931_6	genuine	0	5	6	5	multi	0	0.2850	0.0000	0.0000	0.0000	0.0000	0
ZNF566	ZNF582	DN_NC_073244.2_47642985_5	DN_NC_073244.2_68491976_5	truthbar	0	5	5	5	multi	0	0.3711	0.0000	0.0000	0.0000	0.0000	0
ZNF566	ZNF665	DN_NC_073244.2_47642985_5	DN_NC_073244.2_65102393_4	genuine	0	5	4	4	multi	0	0.2543	0.0000	0.0000	0.0000	0.0000	0
ZNF566	ZNF780A	DN_NC_073244.2_47642985_5	DN_NC_073244.2_51825388_5	genuine	0	5	5	5	multi	0	0.1797	0.0000	0.0000	0.0000	0.0000	0
ZNF566	ZNF790	DN_NC_073244.2_47642985_5	DN_NC_073244.2_47997304_5	truthbar	0	5	5	5	multi	0	0.3379	0.0000	0.0000	0.0000	0.0000	0
ZNF567	ZNF569	DN_NC_073244.2_47878793_6	DN_NC_073244.2_48919547_6	truthbar	0	6	6	6	multi	0	0.3508	0.0000	0.0000	0.0000	0.0000	0
ZNF567	ZNF585A	DN_NC_073244.2_47878793_6	DN_NC_073244.2_48319142_5	truthbar	0	6	5	5	multi	0	0.2275	0.0000	0.0000	0.0000	0.0000	0
ZNF567	ZNF585B	DN_NC_073244.2_47878793_6	DN_NC_073244.2_48352926_4	truthbar	0	6	4	4	multi	0	0.3970	0.0000	0.0000	0.0000	0.0000	0
ZNF567	ZNF605	DN_NC_073234.2_148420424_5	DN_NC_073244.2_47878793_6	truthbar	0	5	6	5	multi	0	0.1415	0.0000	0.0000	0.0000	0.0000	0
ZNF567	ZNF613	DN_NC_073244.2_47878793_6	DN_NC_073244.2_63895938_6	truthbar	0	6	6	6	multi	0	0.1444	0.0000	0.0000	0.0000	0.0000	0
ZNF567	ZNF614	DN_NC_073244.2_47878793_6	DN_NC_073244.2_63983979_5	truthbar	0	6	5	5	multi	0	0.1441	0.0000	0.0000	0.0000	0.0000	0
ZNF567	ZNF717	DN_NC_073244.2_47878793_6	DN_NC_086017.1_85766278_5	truthbar	0	6	5	5	multi	0	0.3707	0.0000	0.0000	0.0000	0.0000	0
ZNF567	ZNF782	DN_NC_073237.2_93275727_4	DN_NC_073244.2_47878793_6	truthbar	0	4	6	4	multi	0	0.3655	0.0000	0.0000	0.0000	0.0000	0
ZNF567	ZNF81	DN_NC_073244.2_47878793_6	DN_NC_073247.2_58228088_5	truthbar	0	6	5	5	multi	0	0.1489	0.0000	0.0000	0.0000	0.0000	0
ZNF567	ZNF84	DN_NC_073234.2_148537990_5	DN_NC_073244.2_47878793_6	truthbar	0	5	6	5	multi	0	0.3338	0.0000	0.0000	0.0000	0.0000	0
ZNF568	ZNF569	DN_NC_073244.2_48093173_7	DN_NC_073244.2_48919547_6	truthbar	0	7	6	6	multi	0	0.2749	0.2259	0.0000	0.0000	0.0000	0
ZNF568	ZNF585A	DN_NC_073244.2_48093173_7	DN_NC_073244.2_48319142_5	truthbar	0	7	5	5	multi	0	0.2355	0.0000	0.0000	0.0000	0.0000	0
ZNF568	ZNF585B	DN_NC_073244.2_48093173_7	DN_NC_073244.2_48352926_4	truthbar	0	7	4	4	multi	0	0.2601	0.0000	0.0000	0.0000	0.0000	0
ZNF568	ZNF605	DN_NC_073234.2_148420424_5	DN_NC_073244.2_48093173_7	truthbar	0	5	7	5	multi	0	0.1461	0.0000	0.0000	0.0000	0.0000	0
ZNF568	ZNF624	DN_NC_073228.2_83513581_6	DN_NC_073244.2_48093173_7	truthbar	0	6	7	6	multi	0	0.2259	0.0000	0.0000	0.0000	0.0000	0
ZNF568	ZNF674	DN_NC_073244.2_48093173_7	DN_NC_073247.2_56899135_7	truthbar	0	7	7	7	multi	0	0.2126	0.0000	0.0000	0.0000	0.0000	0
ZNF568	ZNF717	DN_NC_073244.2_48093173_7	DN_NC_086017.1_85766278_5	truthbar	0	7	5	5	multi	0	0.1603	0.0000	0.0000	0.0000	0.0000	0
ZNF568	ZNF782	DN_NC_073237.2_93275727_4	DN_NC_073244.2_48093173_7	truthbar	0	4	7	4	multi	0	0.3089	0.0000	0.0000	0.0000	0.0000	0
ZNF568	ZNF84	DN_NC_073234.2_148537990_5	DN_NC_073244.2_48093173_7	truthbar	0	5	7	5	multi	0	0.2613	0.0000	0.0000	0.0000	0.0000	0
ZNF568	ZNF883	DN_NC_073237.2_109230975_4	DN_NC_073244.2_48093173_7	truthbar	0	4	7	4	multi	0	0.2596	0.0000	0.0000	0.0000	0.0000	0
ZNF569	ZNF585A	DN_NC_073244.2_48319142_5	DN_NC_073244.2_48919547_6	truthbar	0	5	6	5	multi	0	0.1369	0.0000	0.0000	0.0000	0.0000	0
ZNF569	ZNF585B	DN_NC_073244.2_48352926_4	DN_NC_073244.2_48919547_6	truthbar	0	4	6	4	multi	0	0.2737	0.0000	0.0000	0.0000	0.0000	0
ZNF569	ZNF605	DN_NC_073234.2_148420424_5	DN_NC_073244.2_48919547_6	truthbar	0	5	6	5	multi	0	0.2784	0.0000	0.0000	0.0000	0.0000	0
ZNF569	ZNF624	DN_NC_073228.2_83513581_6	DN_NC_073244.2_48919547_6	truthbar	0	6	6	6	multi	0	0.2273	0.0000	0.0000	0.0000	0.0000	0
ZNF569	ZNF674	DN_NC_073244.2_48919547_6	DN_NC_073247.2_56899135_7	truthbar	0	6	7	6	multi	0	0.2178	0.0000	0.0000	0.0000	0.0000	0
ZNF569	ZNF717	DN_NC_073244.2_48919547_6	DN_NC_086017.1_85766278_5	truthbar	0	6	5	5	multi	0	0.2336	0.0000	0.0000	0.0000	0.0000	0
ZNF569	ZNF84	DN_NC_073234.2_148537990_5	DN_NC_073244.2_48919547_6	truthbar	0	5	6	5	multi	0	0.1808	0.0000	0.0000	0.0000	0.0000	0
ZNF569	ZNF883	DN_NC_073237.2_109230975_4	DN_NC_073244.2_48919547_6	truthbar	0	4	6	4	multi	0	0.2632	0.0000	0.0000	0.0000	0.0000	0
ZNF57	ZNF627	DN_NC_073244.2_17635782_4	DN_NC_073244.2_8680135_4	truthbar	0	4	4	4	multi	0	0.1675	0.0000	0.0000	0.0000	0.0000	4
ZNF57	ZNF77	DN_NC_073244.2_8680135_4	DN_NC_073244.2_8711681_4	truthbar	0	4	4	4	multi	0	0.2740	0.0000	0.0000	0.0000	0.0000	4
ZNF57	ZNF791	DN_NC_073244.2_18649721_4	DN_NC_073244.2_8680135_4	truthbar	0	4	4	4	multi	0	0.1834	0.0000	0.0000	0.0000	0.0000	4
ZNF571	ZNF573	DN_NC_073244.2_49072464_4	DN_NC_073244.2_49246931_6	truthbar	0	4	6	4	multi	0	0.1368	0.0000	0.0000	0.0000	0.0000	0
ZNF571	ZNF582	DN_NC_073244.2_49072464_4	DN_NC_073244.2_68491976_5	truthbar	0	4	5	4	multi	0	0.3653	0.0000	0.0000	0.0000	0.0000	0
ZNF571	ZNF583	DN_NC_073244.2_49072464_4	DN_NC_073244.2_68513423_5	truthbar	0	4	5	4	multi	0	0.2236	0.0000	0.0000	0.0000	0.0000	0
ZNF571	ZNF607	DN_NC_073244.2_49072464_4	DN_NC_073244.2_49205215_5	truthbar	0	4	5	4	multi	0	0.2179	0.0000	0.0000	0.0000	0.0000	0
ZNF571	ZNF665	DN_NC_073244.2_49072464_4	DN_NC_073244.2_65102393_4	truthbar	0	4	4	4	multi	0	0.2666	0.0000	0.0000	0.0000	0.0000	0
ZNF571	ZNF684	DN_NC_073224.2_199406700_5	DN_NC_073244.2_49072464_4	truthbar	0	5	4	4	multi	0	0.1656	0.0000	0.0000	0.0000	0.0000	0
ZNF571	ZNF780B	DN_NC_073244.2_49072464_4	DN_NC_073244.2_51783968_5	truthbar	0	4	5	4	multi	0	0.1538	0.0000	0.0000	0.0000	0.0000	0
ZNF571	ZNF790	DN_NC_073244.2_47997304_5	DN_NC_073244.2_49072464_4	truthbar	0	5	4	4	multi	0	0.2891	0.0000	0.0000	0.0000	0.0000	0
ZNF571	ZNF829	DN_NC_073244.2_48066692_6	DN_NC_073244.2_49072464_4	truthbar	0	6	4	4	multi	0	0.3395	0.0000	0.0000	0.0000	0.0000	0
ZNF572	ZNF774	DN_NC_073231.2_130802378_3	DN_NC_073240.2_91564233_4	truthbar	0	3	4	3	multi	0	0.1587	0.0000	0.0000	0.0000	0.0000	1
ZNF573	ZNF582	DN_NC_073244.2_49246931_6	DN_NC_073244.2_68491976_5	truthbar	0	6	5	5	multi	0	0.1842	0.0000	0.0000	0.0000	0.0000	0
ZNF573	ZNF583	DN_NC_073244.2_49246931_6	DN_NC_073244.2_68513423_5	truthbar	0	6	5	5	multi	0	0.3747	0.0000	0.0000	0.0000	0.0000	0
ZNF573	ZNF607	DN_NC_073244.2_49205215_5	DN_NC_073244.2_49246931_6	truthbar	0	5	6	5	multi	0	0.1396	0.0000	0.0000	0.0000	0.0000	0
ZNF573	ZNF665	DN_NC_073244.2_49246931_6	DN_NC_073244.2_65102393_4	truthbar	0	6	4	4	multi	0	0.2822	0.0000	0.0000	0.0000	0.0000	0
ZNF573	ZNF684	DN_NC_073224.2_199406700_5	DN_NC_073244.2_49246931_6	truthbar	0	5	6	5	multi	0	0.1332	0.0000	0.0000	0.0000	0.0000	0
ZNF573	ZNF780A	DN_NC_073244.2_49246931_6	DN_NC_073244.2_51825388_5	truthbar	0	6	5	5	multi	0	0.1663	0.0000	0.0000	0.0000	0.0000	0
ZNF573	ZNF790	DN_NC_073244.2_47997304_5	DN_NC_073244.2_49246931_6	truthbar	0	5	6	5	multi	0	0.3359	0.0000	0.0000	0.0000	0.0000	0
ZNF573	ZNF829	DN_NC_073244.2_48066692_6	DN_NC_073244.2_49246931_6	truthbar	0	6	6	6	multi	0	0.2018	0.0000	0.0000	0.0000	0.0000	0
ZNF578	ZNF600	DN_NC_073244.2_64426370_6	DN_NC_073244.2_64724127_4	truthbar	0	6	4	4	multi	0	0.2183	0.6005	0.5000	0.7500	0.5000	4
ZNF578	ZNF611	DN_NC_073244.2_64426370_6	DN_NC_073244.2_64672255_4	truthbar	0	6	4	4	multi	0	0.2175	0.7224	0.5000	0.7500	0.5000	4
ZNF578	ZNF682	DN_NC_073244.2_26470366_4	DN_NC_073244.2_64426370_6	truthbar	0	4	6	4	multi	0	0.1885	0.0000	0.0000	0.0000	0.0000	4
ZNF578	ZNF701	DN_NC_073244.2_64426370_6	DN_NC_073244.2_64543447_4	truthbar	0	6	4	4	multi	0	0.2187	0.3859	0.1667	0.5000	0.1667	4
ZNF578	ZNF761	DN_NC_073244.2_64426370_6	DN_NC_073244.2_65362909_5	truthbar	0	6	5	5	multi	0	0.1632	0.6833	0.0000	0.0000	0.0000	4
ZNF578	ZNF808	DN_NC_073244.2_64426370_6	DN_NC_073244.2_64500861_5	truthbar	0	6	5	5	multi	0	0.3782	0.7850	0.0000	0.0000	0.0000	4
ZNF578	ZNF813	DN_NC_073244.2_64426370_6	DN_NC_073244.2_65398487_4	truthbar	0	6	4	4	multi	0	0.3362	0.5741	0.1667	0.5000	0.1667	4
ZNF578	ZNF83	DN_NC_073244.2_64426370_6	DN_NC_073244.2_64585864_4	truthbar	0	6	4	4	multi	0	0.3601	0.0000	0.0000	0.0000	0.0000	4
ZNF578	ZNF888	DN_NC_073244.2_64426370_6	DN_NC_073244.2_64860608_4	truthbar	0	6	4	4	multi	0	0.1876	0.5064	0.1667	0.5000	0.1667	4
ZNF582	ZNF583	DN_NC_073244.2_68491976_5	DN_NC_073244.2_68513423_5	truthbar	0	5	5	5	multi	0	0.2605	0.0000	0.0000	0.0000	0.0000	0
ZNF582	ZNF780A	DN_NC_073244.2_51825388_5	DN_NC_073244.2_68491976_5	truthbar	0	5	5	5	multi	0	0.2653	0.0000	0.0000	0.0000	0.0000	0
ZNF582	ZNF780B	DN_NC_073244.2_51783968_5	DN_NC_073244.2_68491976_5	truthbar	0	5	5	5	multi	0	0.1548	0.0000	0.0000	0.0000	0.0000	0
ZNF582	ZNF790	DN_NC_073244.2_47997304_5	DN_NC_073244.2_68491976_5	truthbar	0	5	5	5	multi	0	0.2543	0.0000	0.0000	0.0000	0.0000	0
ZNF582	ZNF829	DN_NC_073244.2_48066692_6	DN_NC_073244.2_68491976_5	truthbar	0	6	5	5	multi	0	0.2470	0.0000	0.0000	0.0000	0.0000	0
ZNF583	ZNF607	DN_NC_073244.2_49205215_5	DN_NC_073244.2_68513423_5	truthbar	0	5	5	5	multi	0	0.2077	0.0000	0.0000	0.0000	0.0000	0
ZNF583	ZNF665	DN_NC_073244.2_65102393_4	DN_NC_073244.2_68513423_5	truthbar	0	4	5	4	multi	0	0.1731	0.0000	0.0000	0.0000	0.0000	0
ZNF583	ZNF780B	DN_NC_073244.2_51783968_5	DN_NC_073244.2_68513423_5	truthbar	0	5	5	5	multi	0	0.1791	0.0000	0.0000	0.0000	0.0000	0
ZNF583	ZNF829	DN_NC_073244.2_48066692_6	DN_NC_073244.2_68513423_5	truthbar	0	6	5	5	multi	0	0.1756	0.0000	0.0000	0.0000	0.0000	0
ZNF583	ZNF891	DN_NC_073234.2_148620174_2	DN_NC_073244.2_68513423_5	truthbar	0	2	5	2	multi	0	0.1560	0.0000	0.0000	0.0000	0.0000	0
ZNF585A	ZNF585B	DN_NC_073244.2_48319142_5	DN_NC_073244.2_48352926_4	TP	1	5	4	4	multi	0	0.8219	1.0048	1.0000	1.0000	1.0000	0
ZNF585A	ZNF605	DN_NC_073234.2_148420424_5	DN_NC_073244.2_48319142_5	truthbar	0	5	5	5	multi	0	0.3490	0.0000	0.0000	0.0000	0.0000	0
ZNF585A	ZNF606	DN_NC_073244.2_48319142_5	DN_NC_073244.2_70077616_7	truthbar	0	5	7	5	multi	0	0.2105	0.0000	0.0000	0.0000	0.0000	0
ZNF585A	ZNF613	DN_NC_073244.2_48319142_5	DN_NC_073244.2_63895938_6	truthbar	0	5	6	5	multi	0	0.1695	0.0000	0.0000	0.0000	0.0000	0
ZNF585A	ZNF614	DN_NC_073244.2_48319142_5	DN_NC_073244.2_63983979_5	truthbar	0	5	5	5	multi	0	0.1408	0.0000	0.0000	0.0000	0.0000	0
ZNF585A	ZNF615	DN_NC_073244.2_48319142_5	DN_NC_073244.2_63961971_6	truthbar	0	5	6	5	multi	0	0.2458	0.0000	0.0000	0.0000	0.0000	0
ZNF585A	ZNF624	DN_NC_073228.2_83513581_6	DN_NC_073244.2_48319142_5	truthbar	0	6	5	5	multi	0	0.3400	0.0000	0.0000	0.0000	0.0000	0
ZNF585A	ZNF649	DN_NC_073244.2_48319142_5	DN_NC_073244.2_63855100_5	truthbar	0	5	5	5	multi	0	0.1823	0.0000	0.0000	0.0000	0.0000	0
ZNF585A	ZNF674	DN_NC_073244.2_48319142_5	DN_NC_073247.2_56899135_7	truthbar	0	5	7	5	multi	0	0.1512	0.0000	0.0000	0.0000	0.0000	0
ZNF585A	ZNF717	DN_NC_073244.2_48319142_5	DN_NC_086017.1_85766278_5	truthbar	0	5	5	5	multi	0	0.2085	0.0000	0.0000	0.0000	0.0000	0
ZNF585A	ZNF81	DN_NC_073244.2_48319142_5	DN_NC_073247.2_58228088_5	truthbar	0	5	5	5	multi	0	0.2537	0.0000	0.0000	0.0000	0.0000	0
ZNF585A	ZNF84	DN_NC_073234.2_148537990_5	DN_NC_073244.2_48319142_5	truthbar	0	5	5	5	multi	0	0.1460	0.0000	0.0000	0.0000	0.0000	0
ZNF585A	ZNF883	DN_NC_073237.2_109230975_4	DN_NC_073244.2_48319142_5	genuine	0	4	5	4	multi	0	0.2038	0.0000	0.0000	0.0000	0.0000	0
ZNF585B	ZNF605	DN_NC_073234.2_148420424_5	DN_NC_073244.2_48352926_4	truthbar	0	5	4	4	multi	0	0.4396	0.0000	0.0000	0.0000	0.0000	0
ZNF585B	ZNF606	DN_NC_073244.2_48352926_4	DN_NC_073244.2_70077616_7	truthbar	0	4	7	4	multi	0	0.4484	0.0000	0.0000	0.0000	0.0000	0
ZNF585B	ZNF613	DN_NC_073244.2_48352926_4	DN_NC_073244.2_63895938_6	truthbar	0	4	6	4	multi	0	0.2016	0.0000	0.0000	0.0000	0.0000	0
ZNF585B	ZNF615	DN_NC_073244.2_48352926_4	DN_NC_073244.2_63961971_6	truthbar	0	4	6	4	multi	0	0.1798	0.0000	0.0000	0.0000	0.0000	0
ZNF585B	ZNF624	DN_NC_073228.2_83513581_6	DN_NC_073244.2_48352926_4	truthbar	0	6	4	4	multi	0	0.3606	0.0000	0.0000	0.0000	0.0000	0
ZNF585B	ZNF649	DN_NC_073244.2_48352926_4	DN_NC_073244.2_63855100_5	genuine	0	4	5	4	multi	0	0.1359	0.0000	0.0000	0.0000	0.0000	0
ZNF585B	ZNF674	DN_NC_073244.2_48352926_4	DN_NC_073247.2_56899135_7	truthbar	0	4	7	4	multi	0	0.2334	0.0000	0.0000	0.0000	0.0000	0
ZNF585B	ZNF717	DN_NC_073244.2_48352926_4	DN_NC_086017.1_85766278_5	truthbar	0	4	5	4	multi	0	0.2407	0.0000	0.0000	0.0000	0.0000	0
ZNF585B	ZNF81	DN_NC_073244.2_48352926_4	DN_NC_073247.2_58228088_5	truthbar	0	4	5	4	multi	0	0.3538	0.0000	0.0000	0.0000	0.0000	0
ZNF585B	ZNF84	DN_NC_073234.2_148537990_5	DN_NC_073244.2_48352926_4	truthbar	0	5	4	4	multi	0	0.1672	0.0000	0.0000	0.0000	0.0000	0
ZNF585B	ZNF883	DN_NC_073237.2_109230975_4	DN_NC_073244.2_48352926_4	genuine	0	4	4	4	multi	0	0.1971	0.0000	0.0000	0.0000	0.0000	0
ZNF586	ZNF776	DN_NC_073244.2_69848694_2	DN_NC_073244.2_69873255_2	TP	1	2	3	2	multi	0	0.1906	0.0000	0.0000	0.0000	0.0000	3
ZNF586	ZNF792	DN_NC_073244.2_46013405_4	DN_NC_073244.2_69873255_2	genuine	0	4	3	3	multi	0	0.1350	0.0000	0.0000	0.0000	0.0000	3
ZNF589	ZNF875	DN_NC_073244.2_48583045_5	DN_NC_086017.1_58115065_4	truthbar	0	6	4	4	multi	0	0.3403	0.0000	0.0000	0.0000	0.0000	1
ZNF594	ZNF660	DN_NC_073243.2_20324218_2	DN_NC_086017.1_54487757_3	genuine	0	2	3	2	multi	0	0.2339	0.0000	0.0000	0.0000	0.0000	3
ZNF594	ZNF699	DN_NC_073243.2_20324218_2	DN_NC_073244.2_15324693_6	truthbar	0	2	6	2	multi	0	0.1386	0.0000	0.0000	0.0000	0.0000	3
ZNF595	ZNF611	DN_NC_073227.2_8633416_4	DN_NC_073244.2_64672255_4	truthbar	0	4	4	4	multi	0	0.1319	0.0000	0.0000	0.0000	0.0000	4
ZNF595	ZNF616	DN_NC_073227.2_8633418_2	DN_NC_073244.2_64081943_4	truthbar	0	2	4	2	multi	0	0.1666	0.0000	0.0000	0.0000	0.0000	4
ZNF595	ZNF626	DN_NC_073227.2_8633418_2	DN_NC_073244.2_27131194_2	truthbar	0	2	2	2	multi	0	0.3474	0.0000	0.0000	0.0000	0.0000	4
ZNF595	ZNF675	DN_NC_073227.2_8633416_4	DN_NC_073244.2_29970261_4	truthbar	0	4	4	4	multi	0	0.4314	0.0000	0.0000	0.0000	0.0000	4
ZNF595	ZNF678	DN_NC_073224.2_40627195_4	DN_NC_073227.2_8633418_2	truthbar	0	4	2	2	multi	0	0.4329	0.0000	0.0000	0.0000	0.0000	4
ZNF595	ZNF680	DN_NC_073227.2_8633418_2	DN_NC_073230.2_73977205_4	truthbar	0	2	4	2	multi	0	0.4221	0.0000	0.0000	0.0000	0.0000	4
ZNF595	ZNF681	DN_NC_073227.2_8633418_2	DN_NC_073244.2_30067652_4	truthbar	0	2	4	2	multi	0	0.3825	0.0000	0.0000	0.0000	0.0000	4
ZNF595	ZNF682	DN_NC_073227.2_8633418_2	DN_NC_073244.2_26470366_4	truthbar	0	2	4	2	multi	0	0.3482	0.0000	0.0000	0.0000	0.0000	4
ZNF595	ZNF695	DN_NC_073224.2_8422960_4	DN_NC_073227.2_8633418_2	truthbar	0	4	2	2	multi	0	0.3728	0.0000	0.0000	0.0000	0.0000	4
ZNF595	ZNF721	DN_NC_073227.2_8633418_2	DN_NC_073227.2_9010062_2	truthbar	0	2	2	2	multi	0	0.2174	0.0000	0.0000	0.0000	0.0000	4
ZNF595	ZNF723	DN_NC_073227.2_8633418_2	DN_NC_073244.2_29232445_4	truthbar	0	2	4	2	multi	0	0.4180	0.0000	0.0000	0.0000	0.0000	4
ZNF595	ZNF727	DN_NC_073227.2_8633416_4	DN_NC_073230.2_73508332_4	truthbar	0	4	4	4	multi	0	0.4225	0.0000	0.0000	0.0000	0.0000	4
ZNF595	ZNF736	DN_NC_073227.2_8633418_2	DN_NC_073230.2_73776646_4	truthbar	0	2	4	2	multi	0	0.2858	0.0000	0.0000	0.0000	0.0000	4
ZNF595	ZNF813	DN_NC_073227.2_8633416_4	DN_NC_073244.2_65398487_4	truthbar	0	4	4	4	multi	0	0.1335	0.0000	0.0000	0.0000	0.0000	4
ZNF595	ZNF836	DN_NC_073227.2_8633416_4	DN_NC_073244.2_64125568_5	truthbar	0	4	5	4	multi	0	0.1588	0.0000	0.0000	0.0000	0.0000	4
ZNF595	ZNF91	DN_NC_073227.2_8633416_4	DN_NC_073244.2_29680825_2	truthbar	0	4	2	2	multi	0	0.4645	0.0000	0.0000	0.0000	0.0000	4
ZNF595	ZNF92	DN_NC_073227.2_8633418_2	DN_NC_073230.2_74637722_4	truthbar	0	2	4	2	multi	0	0.4270	0.0000	0.0000	0.0000	0.0000	4
ZNF600	ZNF611	DN_NC_073244.2_64672255_4	DN_NC_073244.2_64724127_4	TP	1	4	4	4	multi	0	0.2534	0.9477	0.7500	0.7500	0.7500	4
ZNF600	ZNF616	DN_NC_073244.2_64081943_4	DN_NC_073244.2_64724127_4	truthbar	0	4	4	4	multi	0	0.1831	0.0000	0.0000	0.0000	0.0000	4
ZNF600	ZNF626	DN_NC_073244.2_27131194_2	DN_NC_073244.2_64724127_4	truthbar	0	2	4	2	multi	0	0.2137	0.0000	0.0000	0.0000	0.0000	4
ZNF600	ZNF675	DN_NC_073244.2_29970261_4	DN_NC_073244.2_64724127_4	truthbar	0	4	4	4	multi	0	0.1426	0.0000	0.0000	0.0000	0.0000	4
ZNF600	ZNF701	DN_NC_073244.2_64543447_4	DN_NC_073244.2_64724127_4	truthbar	0	4	4	4	multi	0	0.2192	0.4222	0.0000	0.0000	0.0000	4
ZNF600	ZNF761	DN_NC_073244.2_64724127_4	DN_NC_073244.2_65362909_5	truthbar	0	4	5	4	multi	0	0.2051	0.7142	0.2500	0.2000	0.2000	4
ZNF600	ZNF808	DN_NC_073244.2_64500861_5	DN_NC_073244.2_64724127_4	truthbar	0	5	4	4	multi	0	0.2449	0.8109	0.6000	0.7500	0.6000	4
ZNF600	ZNF813	DN_NC_073244.2_64724127_4	DN_NC_073244.2_65398487_4	truthbar	0	4	4	4	multi	0	0.2786	0.3346	0.2500	0.2500	0.2500	4
ZNF600	ZNF83	DN_NC_073244.2_64585864_4	DN_NC_073244.2_64724127_4	truthbar	0	4	4	4	multi	0	0.3064	0.0000	0.0000	0.0000	0.0000	4
ZNF600	ZNF836	DN_NC_073244.2_64125568_5	DN_NC_073244.2_64724127_4	truthbar	0	5	4	4	multi	0	0.1898	0.0000	0.0000	0.0000	0.0000	4
ZNF600	ZNF841	DN_NC_073244.2_64034715_7	DN_NC_073244.2_64724127_4	truthbar	0	7	4	4	multi	0	0.1935	0.0000	0.0000	0.0000	0.0000	4
ZNF600	ZNF888	DN_NC_073244.2_64724127_4	DN_NC_073244.2_64860608_4	truthbar	0	4	4	4	multi	0	0.2973	0.6661	0.5000	0.5000	0.5000	4
ZNF600	ZNF91	DN_NC_073244.2_29680825_2	DN_NC_073244.2_64724127_4	truthbar	0	2	4	2	multi	0	0.1889	0.0000	0.0000	0.0000	0.0000	4
ZNF605	ZNF606	DN_NC_073234.2_148420424_5	DN_NC_073244.2_70077616_7	truthbar	0	5	7	5	multi	0	0.1765	0.0000	0.0000	0.0000	0.0000	0
ZNF605	ZNF613	DN_NC_073234.2_148420424_5	DN_NC_073244.2_63895938_6	truthbar	0	5	6	5	multi	0	0.2697	0.0000	0.0000	0.0000	0.0000	0
ZNF605	ZNF614	DN_NC_073234.2_148420424_5	DN_NC_073244.2_63983979_5	truthbar	0	5	5	5	multi	0	0.1323	0.0000	0.0000	0.0000	0.0000	0
ZNF605	ZNF615	DN_NC_073234.2_148420424_5	DN_NC_073244.2_63961971_6	truthbar	0	5	6	5	multi	0	0.1540	0.0000	0.0000	0.0000	0.0000	0
ZNF605	ZNF624	DN_NC_073228.2_83513581_6	DN_NC_073234.2_148420424_5	truthbar	0	6	5	5	multi	0	0.2178	0.0000	0.0000	0.0000	0.0000	0
ZNF605	ZNF649	DN_NC_073234.2_148420424_5	DN_NC_073244.2_63855100_5	truthbar	0	5	5	5	multi	0	0.1453	0.0000	0.0000	0.0000	0.0000	0
ZNF605	ZNF674	DN_NC_073234.2_148420424_5	DN_NC_073247.2_56899135_7	truthbar	0	5	7	5	multi	0	0.2136	0.0000	0.0000	0.0000	0.0000	0
ZNF605	ZNF84	DN_NC_073234.2_148420424_5	DN_NC_073234.2_148537990_5	truthbar	0	5	5	5	multi	0	0.3523	0.0000	0.0000	0.0000	0.0000	0
ZNF606	ZNF624	DN_NC_073228.2_83513581_6	DN_NC_073244.2_70077616_7	truthbar	0	6	7	6	multi	0	0.1342	0.0000	0.0000	0.0000	0.0000	0
ZNF606	ZNF674	DN_NC_073244.2_70077616_7	DN_NC_073247.2_56899135_7	truthbar	0	7	7	7	multi	0	0.2178	0.0000	0.0000	0.0000	0.0000	0
ZNF606	ZNF717	DN_NC_073244.2_70077616_7	DN_NC_086017.1_85766278_5	truthbar	0	7	5	5	multi	0	0.1913	0.0000	0.0000	0.0000	0.0000	0
ZNF606	ZNF782	DN_NC_073237.2_93275727_4	DN_NC_073244.2_70077616_7	truthbar	0	4	7	4	multi	0	0.2176	0.0000	0.0000	0.0000	0.0000	0
ZNF606	ZNF883	DN_NC_073237.2_109230975_4	DN_NC_073244.2_70077616_7	genuine	0	4	7	4	multi	0	0.2348	0.0000	0.0000	0.0000	0.0000	0
ZNF607	ZNF665	DN_NC_073244.2_49205215_5	DN_NC_073244.2_65102393_4	truthbar	0	5	4	4	multi	0	0.1969	0.0000	0.0000	0.0000	0.0000	0
ZNF607	ZNF780A	DN_NC_073244.2_49205215_5	DN_NC_073244.2_51825388_5	truthbar	0	5	5	5	multi	0	0.2806	0.0000	0.0000	0.0000	0.0000	0
ZNF607	ZNF780B	DN_NC_073244.2_49205215_5	DN_NC_073244.2_51783968_5	truthbar	0	5	5	5	multi	0	0.2094	0.0000	0.0000	0.0000	0.0000	0
ZNF607	ZNF790	DN_NC_073244.2_47997304_5	DN_NC_073244.2_49205215_5	truthbar	0	5	5	5	multi	0	0.2756	0.0000	0.0000	0.0000	0.0000	0
ZNF611	ZNF675	DN_NC_073244.2_29970261_4	DN_NC_073244.2_64672255_4	truthbar	0	4	4	4	multi	0	0.1458	0.0000	0.0000	0.0000	0.0000	4
ZNF611	ZNF701	DN_NC_073244.2_64543447_4	DN_NC_073244.2_64672255_4	truthbar	0	4	4	4	multi	0	0.2187	0.3499	0.5000	0.5000	0.5000	4
ZNF611	ZNF761	DN_NC_073244.2_64672255_4	DN_NC_073244.2_65362909_5	truthbar	0	4	5	4	multi	0	0.1970	0.2233	0.0000	0.0000	0.0000	4
ZNF611	ZNF766	DN_NC_073244.2_64231369_4	DN_NC_073244.2_64672255_4	truthbar	0	4	4	4	multi	0	0.1384	0.0000	0.0000	0.0000	0.0000	4
ZNF611	ZNF808	DN_NC_073244.2_64500861_5	DN_NC_073244.2_64672255_4	truthbar	0	5	4	4	multi	0	0.2509	0.8067	0.6000	0.7500	0.6000	4
ZNF611	ZNF813	DN_NC_073244.2_64672255_4	DN_NC_073244.2_65398487_4	truthbar	0	4	4	4	multi	0	0.2435	0.3323	0.2500	0.2500	0.2500	4
ZNF611	ZNF83	DN_NC_073244.2_64585864_4	DN_NC_073244.2_64672255_4	truthbar	0	4	4	4	multi	0	0.1464	0.0000	0.0000	0.0000	0.0000	4
ZNF611	ZNF836	DN_NC_073244.2_64125568_5	DN_NC_073244.2_64672255_4	truthbar	0	5	4	4	multi	0	0.2512	0.0000	0.0000	0.0000	0.0000	4
ZNF611	ZNF841	DN_NC_073244.2_64034715_7	DN_NC_073244.2_64672255_4	truthbar	0	7	4	4	multi	0	0.1705	0.0000	0.0000	0.0000	0.0000	4
ZNF611	ZNF888	DN_NC_073244.2_64672255_4	DN_NC_073244.2_64860608_4	truthbar	0	4	4	4	multi	0	0.2392	0.6956	0.5000	0.5000	0.5000	4
ZNF613	ZNF615	DN_NC_073244.2_63895938_6	DN_NC_073244.2_63961971_6	truthbar	0	6	6	6	multi	0	0.1357	0.0000	0.0000	0.0000	0.0000	0
ZNF613	ZNF649	DN_NC_073244.2_63855100_5	DN_NC_073244.2_63895938_6	truthbar	0	5	6	5	multi	0	0.1961	0.0000	0.0000	0.0000	0.0000	0
ZNF613	ZNF674	DN_NC_073244.2_63895938_6	DN_NC_073247.2_56899135_7	truthbar	0	6	7	6	multi	0	0.1477	0.0000	0.0000	0.0000	0.0000	0
ZNF613	ZNF84	DN_NC_073234.2_148537990_5	DN_NC_073244.2_63895938_6	truthbar	0	5	6	5	multi	0	0.2161	0.0000	0.0000	0.0000	0.0000	0
ZNF614	ZNF615	DN_NC_073244.2_63961971_6	DN_NC_073244.2_63983979_5	truthbar	0	6	5	5	multi	0	0.1763	0.0000	0.0000	0.0000	0.0000	0
ZNF615	ZNF624	DN_NC_073228.2_83513581_6	DN_NC_073244.2_63961971_6	truthbar	0	6	6	6	multi	0	0.1545	0.0000	0.0000	0.0000	0.0000	0
ZNF615	ZNF717	DN_NC_073244.2_63961971_6	DN_NC_086017.1_85766278_5	truthbar	0	6	5	5	multi	0	0.2134	0.0000	0.0000	0.0000	0.0000	0
ZNF616	ZNF678	DN_NC_073224.2_40627195_4	DN_NC_073244.2_64081943_4	truthbar	0	4	4	4	multi	0	0.2095	0.0000	0.0000	0.0000	0.0000	4
ZNF616	ZNF761	DN_NC_073244.2_64081943_4	DN_NC_073244.2_65362909_5	truthbar	0	4	5	4	multi	0	0.2693	0.0000	0.0000	0.0000	0.0000	4
ZNF616	ZNF766	DN_NC_073244.2_64081943_4	DN_NC_073244.2_64231369_4	truthbar	0	4	4	4	multi	0	0.1936	0.0000	0.0000	0.0000	0.0000	4
ZNF616	ZNF808	DN_NC_073244.2_64081943_4	DN_NC_073244.2_64500861_5	truthbar	0	4	5	4	multi	0	0.2559	0.0000	0.0000	0.0000	0.0000	4
ZNF616	ZNF813	DN_NC_073244.2_64081943_4	DN_NC_073244.2_65398487_4	truthbar	0	4	4	4	multi	0	0.1901	0.0000	0.0000	0.0000	0.0000	4
ZNF616	ZNF83	DN_NC_073244.2_64081943_4	DN_NC_073244.2_64585864_4	truthbar	0	4	4	4	multi	0	0.2951	0.0000	0.0000	0.0000	0.0000	4
ZNF616	ZNF841	DN_NC_073244.2_64034715_7	DN_NC_073244.2_64081943_4	truthbar	0	7	4	4	multi	0	0.3614	0.3404	0.0000	0.0000	0.0000	4
ZNF616	ZNF888	DN_NC_073244.2_64081943_4	DN_NC_073244.2_64860608_4	truthbar	0	4	4	4	multi	0	0.1345	0.0000	0.0000	0.0000	0.0000	4
ZNF616	ZNF91	DN_NC_073244.2_29680825_4	DN_NC_073244.2_64081943_4	truthbar	0	4	4	4	multi	0	0.1815	0.0000	0.0000	0.0000	0.0000	4
ZNF619	ZNF620	DN_NC_086017.1_50382141_5	DN_NC_086017.1_50412575_3	truthbar	0	5	5	5	multi	0	0.2081	0.0000	0.0000	0.0000	0.0000	1
ZNF623	ZNF892	DN_NC_073231.2_149487100_2	DN_NC_073236.2_32240619_3	truthbar	0	2	3	2	multi	0	0.1672	0.0000	0.0000	0.0000	0.0000	1
ZNF624	ZNF717	DN_NC_073228.2_83513581_6	DN_NC_086017.1_85766278_5	truthbar	0	6	5	5	multi	0	0.2521	0.0000	0.0000	0.0000	0.0000	0
ZNF624	ZNF883	DN_NC_073228.2_83513581_6	DN_NC_073237.2_109230975_4	genuine	0	6	4	4	multi	0	0.1595	0.0000	0.0000	0.0000	0.0000	0
ZNF626	ZNF675	DN_NC_073244.2_27131194_2	DN_NC_073244.2_29970261_4	truthbar	0	2	4	2	multi	0	0.2688	0.3837	0.0000	0.0000	0.0000	4
ZNF626	ZNF678	DN_NC_073224.2_40627195_4	DN_NC_073244.2_27131194_2	truthbar	0	4	2	2	multi	0	0.3382	0.0000	0.0000	0.0000	0.0000	4
ZNF626	ZNF680	DN_NC_073230.2_73977205_4	DN_NC_073244.2_27131194_2	truthbar	0	4	2	2	multi	0	0.2366	0.0000	0.0000	0.0000	0.0000	4
ZNF626	ZNF681	DN_NC_073244.2_27131194_2	DN_NC_073244.2_30067652_4	truthbar	0	2	4	2	multi	0	0.2334	0.3325	0.0000	0.0000	0.0000	4
ZNF626	ZNF682	DN_NC_073244.2_26470366_4	DN_NC_073244.2_27131194_2	truthbar	0	4	2	2	multi	0	0.3997	0.0000	0.0000	0.0000	0.0000	4
ZNF626	ZNF695	DN_NC_073224.2_8422960_4	DN_NC_073244.2_27131194_2	truthbar	0	4	2	2	multi	0	0.2952	0.0000	0.0000	0.0000	0.0000	4
ZNF626	ZNF721	DN_NC_073227.2_9009888_2	DN_NC_073244.2_27131194_2	genuine	0	2	2	2	multi	0	0.1822	0.0000	0.0000	0.0000	0.0000	4
ZNF626	ZNF723	DN_NC_073244.2_27131194_2	DN_NC_073244.2_29232445_4	truthbar	0	2	4	2	multi	0	0.5449	0.4486	0.0000	0.2500	0.0000	4
ZNF626	ZNF727	DN_NC_073230.2_73508332_4	DN_NC_073244.2_27131194_2	truthbar	0	4	2	2	multi	0	0.1764	0.0000	0.0000	0.0000	0.0000	4
ZNF626	ZNF808	DN_NC_073244.2_27131194_2	DN_NC_073244.2_64500861_5	truthbar	0	2	5	2	multi	0	0.2615	0.0000	0.0000	0.0000	0.0000	4
ZNF626	ZNF813	DN_NC_073244.2_27131194_2	DN_NC_073244.2_65398487_4	truthbar	0	2	4	2	multi	0	0.2134	0.0000	0.0000	0.0000	0.0000	4
ZNF626	ZNF841	DN_NC_073244.2_27131194_2	DN_NC_073244.2_64034715_7	truthbar	0	2	7	2	multi	0	0.3070	0.0000	0.0000	0.0000	0.0000	4
ZNF626	ZNF91	DN_NC_073244.2_27131194_2	DN_NC_073244.2_29680825_4	genuine	0	2	4	2	multi	0	0.2869	0.0000	0.0000	0.0000	0.0000	4
ZNF626	ZNF92	DN_NC_073230.2_74637814_2	DN_NC_073244.2_27131194_2	truthbar	0	2	2	2	multi	0	0.3697	0.0000	0.0000	0.0000	0.0000	4
ZNF627	ZNF669	DN_NC_073224.2_8329397_4	DN_NC_073244.2_17635782_4	truthbar	0	4	4	4	multi	0	0.1892	0.0000	0.0000	0.0000	0.0000	4
ZNF627	ZNF77	DN_NC_073244.2_17635782_4	DN_NC_073244.2_8711681_4	truthbar	0	4	4	4	multi	0	0.2530	0.0000	0.0000	0.0000	0.0000	4
ZNF627	ZNF791	DN_NC_073244.2_17635782_4	DN_NC_073244.2_18649721_4	truthbar	0	4	4	4	multi	0	0.2071	0.0000	0.0000	0.0000	0.0000	4
ZNF627	ZNF799	DN_NC_073244.2_17635782_4	DN_NC_073244.2_18426035_4	truthbar	0	4	4	4	multi	0	0.1911	0.0000	0.0000	0.0000	0.0000	4
ZNF627	ZNF823	DN_NC_073244.2_17635782_4	DN_NC_073244.2_17751584_2	truthbar	0	4	2	2	multi	0	0.2541	0.0000	0.0000	0.0000	0.0000	4
ZNF629	ZNF697	DN_NC_073224.2_124008865_3	DN_NC_073242.2_36498381_3	genuine	0	3	3	3	multi	0	0.1587	0.0000	0.0000	0.0000	0.0000	1
ZNF629	ZNF71	DN_NC_073242.2_36498381_3	DN_NC_073244.2_68699723_3	genuine	0	3	3	3	multi	0	0.3126	0.0000	0.0000	0.0000	0.0000	1
ZNF629	ZNF74	DN_NC_073242.2_36498381_3	DN_NC_086018.1_17871581_2	genuine	0	3	2	2	multi	0	0.1454	0.0000	0.0000	0.0000	0.0000	1
ZNF629	ZNF768	DN_NC_073242.2_36238906_2	DN_NC_073242.2_36498381_3	genuine	0	2	3	2	multi	0	0.2827	0.0000	0.0000	0.0000	0.0000	1
ZNF629	ZNF835	DN_NC_073242.2_36498381_3	DN_NC_073244.2_68766684_2	genuine	0	3	2	2	multi	0	0.1305	0.0000	0.0000	0.0000	0.0000	1
ZNF649	ZNF84	DN_NC_073234.2_148537990_5	DN_NC_073244.2_63855100_5	truthbar	0	5	5	5	multi	0	0.1478	0.0000	0.0000	0.0000	0.0000	0
ZNF660	ZNF699	DN_NC_073244.2_15324693_6	DN_NC_086017.1_54487757_3	genuine	0	6	3	3	multi	0	0.1815	0.0000	0.0000	0.0000	0.0000	3
ZNF665	ZNF780A	DN_NC_073244.2_51825388_5	DN_NC_073244.2_65102393_4	truthbar	0	5	4	4	multi	0	0.1432	0.0000	0.0000	0.0000	0.0000	0
ZNF665	ZNF790	DN_NC_073244.2_47997304_5	DN_NC_073244.2_65102393_4	truthbar	0	5	4	4	multi	0	0.2691	0.0000	0.0000	0.0000	0.0000	0
ZNF669	ZNF670	DN_NC_073224.2_8329397_4	DN_NC_073224.2_8356715_4	truthbar	0	4	4	4	multi	0	0.3202	0.0000	0.0000	0.0000	0.0000	4
ZNF669	ZNF791	DN_NC_073224.2_8329397_4	DN_NC_073244.2_18649721_4	truthbar	0	4	4	4	multi	0	0.1675	0.0000	0.0000	0.0000	0.0000	4
ZNF669	ZNF799	DN_NC_073224.2_8329397_4	DN_NC_073244.2_18426035_4	truthbar	0	4	4	4	multi	0	0.2427	0.0000	0.0000	0.0000	0.0000	4
ZNF669	ZNF823	DN_NC_073224.2_8329397_4	DN_NC_073244.2_17751582_4	truthbar	0	4	4	4	multi	0	0.2356	0.0000	0.0000	0.0000	0.0000	4
ZNF670	ZNF823	DN_NC_073224.2_8356715_4	DN_NC_073244.2_17751584_2	truthbar	0	4	2	2	multi	0	0.1694	0.0000	0.0000	0.0000	0.0000	4
ZNF671	ZNF776	DN_NC_073244.2_69821764_4	DN_NC_073244.2_69848672_3	truthbar	0	4	3	3	multi	0	0.2091	0.0000	0.0000	0.0000	0.0000	3
ZNF671	ZNF792	DN_NC_073244.2_46013405_4	DN_NC_073244.2_69821764_4	truthbar	0	4	4	4	multi	0	0.1510	0.0000	0.0000	0.0000	0.0000	3
ZNF672	ZNF771	DN_NC_073224.2_5641112_4	DN_NC_073242.2_36121013_3	truthbar	0	4	3	3	multi	0	0.2785	0.0000	0.0000	0.0000	0.0000	1
ZNF674	ZNF717	DN_NC_073247.2_56899135_7	DN_NC_086017.1_85766278_5	truthbar	0	7	5	5	multi	0	0.1623	0.0000	0.0000	0.0000	0.0000	0
ZNF674	ZNF81	DN_NC_073247.2_56899135_7	DN_NC_073247.2_58228088_5	truthbar	0	7	5	5	multi	0	0.1387	0.0000	0.0000	0.0000	0.0000	0
ZNF674	ZNF84	DN_NC_073234.2_148537990_5	DN_NC_073247.2_56899135_7	truthbar	0	5	7	5	multi	0	0.1387	0.0000	0.0000	0.0000	0.0000	0
ZNF674	ZNF883	DN_NC_073237.2_109230975_4	DN_NC_073247.2_56899135_7	truthbar	0	4	7	4	multi	0	0.1377	0.0000	0.0000	0.0000	0.0000	0
ZNF675	ZNF678	DN_NC_073224.2_40627195_4	DN_NC_073244.2_29970261_4	truthbar	0	4	4	4	multi	0	0.5159	0.0000	0.0000	0.0000	0.0000	4
ZNF675	ZNF680	DN_NC_073230.2_73977205_4	DN_NC_073244.2_29970261_4	truthbar	0	4	4	4	multi	0	0.5881	0.8070	0.7500	1.0000	0.7500	4
ZNF675	ZNF681	DN_NC_073244.2_29970261_4	DN_NC_073244.2_30067652_4	truthbar	0	4	4	4	multi	0	0.4046	0.9196	1.0000	0.7500	0.7500	4
ZNF675	ZNF682	DN_NC_073244.2_26470366_4	DN_NC_073244.2_29970261_4	truthbar	0	4	4	4	multi	0	0.5227	0.0000	0.0000	0.0000	0.0000	4
ZNF675	ZNF695	DN_NC_073224.2_8422960_4	DN_NC_073244.2_29970261_4	truthbar	0	4	4	4	multi	0	0.5504	0.0000	0.0000	0.0000	0.0000	4
ZNF675	ZNF701	DN_NC_073244.2_29970261_4	DN_NC_073244.2_64543447_4	truthbar	0	4	4	4	multi	0	0.2198	0.0000	0.0000	0.0000	0.0000	4
ZNF675	ZNF721	DN_NC_073227.2_9009888_2	DN_NC_073244.2_29970261_4	truthbar	0	2	4	2	multi	0	0.2175	0.0000	0.0000	0.0000	0.0000	4
ZNF675	ZNF723	DN_NC_073244.2_29232445_4	DN_NC_073244.2_29970261_4	truthbar	0	4	4	4	multi	0	0.5368	0.7257	1.0000	0.7500	0.7500	4
ZNF675	ZNF727	DN_NC_073230.2_73508332_4	DN_NC_073244.2_29970261_4	truthbar	0	4	4	4	multi	0	0.3951	0.0000	0.0000	0.0000	0.0000	4
ZNF675	ZNF813	DN_NC_073244.2_29970261_4	DN_NC_073244.2_65398487_4	truthbar	0	4	4	4	multi	0	0.1803	0.0000	0.0000	0.0000	0.0000	4
ZNF675	ZNF83	DN_NC_073244.2_29970261_4	DN_NC_073244.2_64585864_4	truthbar	0	4	4	4	multi	0	0.2979	0.0000	0.0000	0.0000	0.0000	4
ZNF675	ZNF836	DN_NC_073244.2_29970261_4	DN_NC_073244.2_64125568_5	truthbar	0	4	5	4	multi	0	0.1667	0.0000	0.0000	0.0000	0.0000	4
ZNF675	ZNF91	DN_NC_073244.2_29680825_4	DN_NC_073244.2_29970261_4	genuine	0	4	4	4	multi	0	0.1730	0.8824	0.7500	1.0000	0.7500	4
ZNF675	ZNF92	DN_NC_073230.2_74637722_4	DN_NC_073244.2_29970261_4	truthbar	0	4	4	4	multi	0	0.5804	0.7602	0.7500	0.7500	0.7500	4
ZNF678	ZNF680	DN_NC_073224.2_40627195_4	DN_NC_073230.2_73977205_4	truthbar	0	4	4	4	multi	0	0.3407	0.0000	0.0000	0.0000	0.0000	4
ZNF678	ZNF681	DN_NC_073224.2_40627195_4	DN_NC_073244.2_30067652_4	truthbar	0	4	4	4	multi	0	0.3217	0.2985	0.0000	0.0000	0.0000	4
ZNF678	ZNF682	DN_NC_073224.2_40627195_4	DN_NC_073244.2_26470366_4	truthbar	0	4	4	4	multi	0	0.3255	0.0000	0.0000	0.0000	0.0000	4
ZNF678	ZNF695	DN_NC_073224.2_40627195_4	DN_NC_073224.2_8422960_4	truthbar	0	4	4	4	multi	0	0.1770	0.0000	0.0000	0.0000	0.0000	4
ZNF678	ZNF721	DN_NC_073224.2_40627195_4	DN_NC_073227.2_9010062_2	truthbar	0	4	2	2	multi	0	0.2998	0.0000	0.0000	0.0000	0.0000	4
ZNF678	ZNF723	DN_NC_073224.2_40627195_4	DN_NC_073244.2_29232445_4	truthbar	0	4	4	4	multi	0	0.3333	0.0000	0.0000	0.0000	0.0000	4
ZNF678	ZNF727	DN_NC_073224.2_40627195_4	DN_NC_073230.2_73508332_4	truthbar	0	4	4	4	multi	0	0.2159	0.0000	0.0000	0.0000	0.0000	4
ZNF678	ZNF736	DN_NC_073224.2_40627195_4	DN_NC_073230.2_73776646_4	truthbar	0	4	4	4	multi	0	0.2105	0.0000	0.0000	0.0000	0.0000	4
ZNF678	ZNF808	DN_NC_073224.2_40627195_4	DN_NC_073244.2_64500861_5	truthbar	0	4	5	4	multi	0	0.1901	0.0000	0.0000	0.0000	0.0000	4
ZNF678	ZNF83	DN_NC_073224.2_40627195_4	DN_NC_073244.2_64585864_4	truthbar	0	4	4	4	multi	0	0.2207	0.0000	0.0000	0.0000	0.0000	4
ZNF678	ZNF836	DN_NC_073224.2_40627195_4	DN_NC_073244.2_64125568_5	truthbar	0	4	5	4	multi	0	0.1930	0.0000	0.0000	0.0000	0.0000	4
ZNF678	ZNF841	DN_NC_073224.2_40627195_4	DN_NC_073244.2_64034715_7	genuine	0	4	7	4	multi	0	0.1891	0.0000	0.0000	0.0000	0.0000	4
ZNF678	ZNF91	DN_NC_073224.2_40627195_4	DN_NC_073244.2_29680825_2	genuine	0	4	2	2	multi	0	0.3344	0.0000	0.0000	0.0000	0.0000	4
ZNF678	ZNF92	DN_NC_073224.2_40627195_4	DN_NC_073230.2_74637814_2	truthbar	0	4	2	2	multi	0	0.3845	0.0000	0.0000	0.0000	0.0000	4
ZNF680	ZNF681	DN_NC_073230.2_73977205_4	DN_NC_073244.2_30067652_4	truthbar	0	4	4	4	multi	0	0.3180	0.9386	1.0000	0.7500	0.7500	4
ZNF680	ZNF682	DN_NC_073230.2_73977205_4	DN_NC_073244.2_26470366_4	truthbar	0	4	4	4	multi	0	0.4823	0.0000	0.0000	0.0000	0.0000	4
ZNF680	ZNF695	DN_NC_073224.2_8422960_4	DN_NC_073230.2_73977205_4	truthbar	0	4	4	4	multi	0	0.4120	0.0000	0.0000	0.0000	0.0000	4
ZNF680	ZNF721	DN_NC_073227.2_9009888_2	DN_NC_073230.2_73977205_4	truthbar	0	2	4	2	multi	0	0.1499	0.0000	0.0000	0.0000	0.0000	4
ZNF680	ZNF723	DN_NC_073230.2_73977205_4	DN_NC_073244.2_29232445_4	truthbar	0	4	4	4	multi	0	0.6878	0.6572	0.5000	1.0000	0.5000	4
ZNF680	ZNF727	DN_NC_073230.2_73508332_4	DN_NC_073230.2_73977205_4	truthbar	0	4	4	4	multi	0	0.2421	0.0000	0.0000	0.0000	0.0000	4
ZNF680	ZNF736	DN_NC_073230.2_73776646_4	DN_NC_073230.2_73977205_4	truthbar	0	4	4	4	multi	0	0.4071	0.0000	0.0000	0.0000	0.0000	4
ZNF680	ZNF83	DN_NC_073230.2_73977205_4	DN_NC_073244.2_64585864_4	truthbar	0	4	4	4	multi	0	0.2528	0.0000	0.0000	0.0000	0.0000	4
ZNF680	ZNF836	DN_NC_073230.2_73977205_4	DN_NC_073244.2_64125568_5	truthbar	0	4	5	4	multi	0	0.2504	0.0000	0.0000	0.0000	0.0000	4
ZNF680	ZNF91	DN_NC_073230.2_73977205_4	DN_NC_073244.2_29680825_4	genuine	0	4	4	4	multi	0	0.1911	0.5333	0.7500	0.7500	0.7500	4
ZNF680	ZNF92	DN_NC_073230.2_73977205_4	DN_NC_073230.2_74637814_2	truthbar	0	4	2	2	multi	0	0.3650	0.5896	0.2500	0.5000	0.2500	4
ZNF681	ZNF682	DN_NC_073244.2_26470366_4	DN_NC_073244.2_30067652_4	truthbar	0	4	4	4	multi	0	0.2820	0.0000	0.0000	0.0000	0.0000	4
ZNF681	ZNF695	DN_NC_073224.2_8422960_4	DN_NC_073244.2_30067652_4	truthbar	0	4	4	4	multi	0	0.2289	0.0000	0.0000	0.0000	0.0000	4
ZNF681	ZNF721	DN_NC_073227.2_9010062_2	DN_NC_073244.2_30067652_4	truthbar	0	2	4	2	multi	0	0.2246	0.0000	0.0000	0.0000	0.0000	4
ZNF681	ZNF723	DN_NC_073244.2_29232445_4	DN_NC_073244.2_30067652_4	truthbar	0	4	4	4	multi	0	0.1706	0.7850	0.7500	0.5000	0.5000	4
ZNF681	ZNF727	DN_NC_073230.2_73508332_4	DN_NC_073244.2_30067652_4	truthbar	0	4	4	4	multi	0	0.1539	0.0000	0.0000	0.0000	0.0000	4
ZNF681	ZNF736	DN_NC_073230.2_73776646_4	DN_NC_073244.2_30067652_4	truthbar	0	4	4	4	multi	0	0.1790	0.0000	0.0000	0.0000	0.0000	4
ZNF681	ZNF813	DN_NC_073244.2_30067652_4	DN_NC_073244.2_65398487_4	truthbar	0	4	4	4	multi	0	0.2131	0.0000	0.0000	0.0000	0.0000	4
ZNF681	ZNF83	DN_NC_073244.2_30067652_4	DN_NC_073244.2_64585864_4	truthbar	0	4	4	4	multi	0	0.1490	0.0000	0.0000	0.0000	0.0000	4
ZNF681	ZNF836	DN_NC_073244.2_30067652_4	DN_NC_073244.2_64125568_5	truthbar	0	4	5	4	multi	0	0.2453	0.0000	0.0000	0.0000	0.0000	4
ZNF681	ZNF91	DN_NC_073244.2_29680825_2	DN_NC_073244.2_30067652_4	truthbar	0	2	4	2	multi	0	0.3155	0.2646	0.0000	0.0000	0.0000	4
ZNF681	ZNF92	DN_NC_073230.2_74637814_2	DN_NC_073244.2_30067652_4	truthbar	0	2	4	2	multi	0	0.3224	0.6249	0.5000	0.0000	0.0000	4
ZNF682	ZNF695	DN_NC_073224.2_8422960_4	DN_NC_073244.2_26470366_4	truthbar	0	4	4	4	multi	0	0.2850	0.0000	0.0000	0.0000	0.0000	4
ZNF682	ZNF721	DN_NC_073227.2_9009888_2	DN_NC_073244.2_26470366_4	genuine	0	2	4	2	multi	0	0.1602	0.0000	0.0000	0.0000	0.0000	4
ZNF682	ZNF723	DN_NC_073244.2_26470366_4	DN_NC_073244.2_29232445_4	truthbar	0	4	4	4	multi	0	0.3377	0.0000	0.0000	0.0000	0.0000	4
ZNF682	ZNF727	DN_NC_073230.2_73508332_4	DN_NC_073244.2_26470366_4	truthbar	0	4	4	4	multi	0	0.1480	0.0000	0.0000	0.0000	0.0000	4
ZNF682	ZNF736	DN_NC_073230.2_73776646_4	DN_NC_073244.2_26470366_4	truthbar	0	4	4	4	multi	0	0.2588	0.0000	0.0000	0.0000	0.0000	4
ZNF682	ZNF836	DN_NC_073244.2_26470366_4	DN_NC_073244.2_64125568_5	truthbar	0	4	5	4	multi	0	0.3203	0.0000	0.0000	0.0000	0.0000	4
ZNF682	ZNF841	DN_NC_073244.2_26470366_4	DN_NC_073244.2_64034715_7	truthbar	0	4	7	4	multi	0	0.1471	0.0000	0.0000	0.0000	0.0000	4
ZNF682	ZNF888	DN_NC_073244.2_26470366_4	DN_NC_073244.2_64860608_4	truthbar	0	4	4	4	multi	0	0.1452	0.0000	0.0000	0.0000	0.0000	4
ZNF682	ZNF91	DN_NC_073244.2_26470366_4	DN_NC_073244.2_29680825_4	genuine	0	4	4	4	multi	0	0.2619	0.0000	0.0000	0.0000	0.0000	4
ZNF682	ZNF92	DN_NC_073230.2_74637814_2	DN_NC_073244.2_26470366_4	truthbar	0	2	4	2	multi	0	0.3721	0.0000	0.0000	0.0000	0.0000	4
ZNF695	ZNF721	DN_NC_073224.2_8422960_4	DN_NC_073227.2_9009888_2	truthbar	0	4	2	2	multi	0	0.3140	0.0000	0.0000	0.0000	0.0000	4
ZNF695	ZNF723	DN_NC_073224.2_8422960_4	DN_NC_073244.2_29232445_4	truthbar	0	4	4	4	multi	0	0.3454	0.0000	0.0000	0.0000	0.0000	4
ZNF695	ZNF727	DN_NC_073224.2_8422960_4	DN_NC_073230.2_73508332_4	truthbar	0	4	4	4	multi	0	0.1463	0.0000	0.0000	0.0000	0.0000	4
ZNF695	ZNF736	DN_NC_073224.2_8422960_4	DN_NC_073230.2_73776646_4	truthbar	0	4	4	4	multi	0	0.2435	0.0000	0.0000	0.0000	0.0000	4
ZNF695	ZNF761	DN_NC_073224.2_8422960_4	DN_NC_073244.2_65362909_5	truthbar	0	4	5	4	multi	0	0.2781	0.0000	0.0000	0.0000	0.0000	4
ZNF695	ZNF813	DN_NC_073224.2_8422960_4	DN_NC_073244.2_65398487_4	truthbar	0	4	4	4	multi	0	0.1402	0.0000	0.0000	0.0000	0.0000	4
ZNF695	ZNF836	DN_NC_073224.2_8422960_4	DN_NC_073244.2_64125568_5	truthbar	0	4	5	4	multi	0	0.3090	0.0000	0.0000	0.0000	0.0000	4
ZNF695	ZNF91	DN_NC_073224.2_8422960_4	DN_NC_073244.2_29680825_4	genuine	0	4	4	4	multi	0	0.2576	0.0000	0.0000	0.0000	0.0000	4
ZNF695	ZNF92	DN_NC_073224.2_8422960_4	DN_NC_073230.2_74637814_2	truthbar	0	4	2	2	multi	0	0.3973	0.0000	0.0000	0.0000	0.0000	4
ZNF696	ZNF71	DN_NC_073231.2_149140314_3	DN_NC_073244.2_68699723_3	genuine	0	3	3	3	multi	0	0.2239	0.0000	0.0000	0.0000	0.0000	1
ZNF696	ZNF74	DN_NC_073231.2_149140314_3	DN_NC_086018.1_17871581_2	genuine	0	3	2	2	multi	0	0.1582	0.0000	0.0000	0.0000	0.0000	1
ZNF697	ZNF771	DN_NC_073224.2_124008865_3	DN_NC_073242.2_36121013_3	genuine	0	3	3	3	multi	0	0.2237	0.0000	0.0000	0.0000	0.0000	1
ZNF697	ZNF835	DN_NC_073224.2_124008865_3	DN_NC_073244.2_68766684_2	truthbar	0	3	2	2	multi	0	0.1537	0.0000	0.0000	0.0000	0.0000	1
ZNF70	ZNF79	DN_NC_073237.2_123801018_5	DN_NC_086018.1_21231592_2	truthbar	0	5	2	2	multi	0	0.2067	0.0000	0.0000	0.0000	0.0000	1
ZNF701	ZNF761	DN_NC_073244.2_64543447_4	DN_NC_073244.2_65362909_5	truthbar	0	4	5	4	multi	0	0.2160	1.0268	0.0000	0.0000	0.0000	4
ZNF701	ZNF808	DN_NC_073244.2_64500861_5	DN_NC_073244.2_64543447_4	truthbar	0	5	4	4	multi	0	0.2190	0.5537	0.0000	0.0000	0.0000	4
ZNF701	ZNF813	DN_NC_073244.2_64543447_4	DN_NC_073244.2_65398487_4	truthbar	0	4	4	4	multi	0	0.2317	0.9973	0.0000	0.0000	0.0000	4
ZNF701	ZNF83	DN_NC_073244.2_64543447_4	DN_NC_073244.2_64585864_4	truthbar	0	4	4	4	multi	0	0.2067	0.0000	0.0000	0.0000	0.0000	4
ZNF701	ZNF836	DN_NC_073244.2_64125568_5	DN_NC_073244.2_64543447_4	truthbar	0	5	4	4	multi	0	0.1688	0.0000	0.0000	0.0000	0.0000	4
ZNF701	ZNF841	DN_NC_073244.2_64034715_7	DN_NC_073244.2_64543447_4	truthbar	0	7	4	4	multi	0	0.1575	0.0000	0.0000	0.0000	0.0000	4
ZNF701	ZNF888	DN_NC_073244.2_64543447_4	DN_NC_073244.2_64860608_4	truthbar	0	4	4	4	multi	0	0.2466	0.4442	0.2500	0.2500	0.2500	4
ZNF71	ZNF74	DN_NC_073244.2_68699723_3	DN_NC_086018.1_17871581_2	truthbar	0	3	2	2	multi	0	0.3132	0.0000	0.0000	0.0000	0.0000	1
ZNF71	ZNF835	DN_NC_073244.2_68699723_3	DN_NC_073244.2_68766684_2	truthbar	0	3	2	2	multi	0	0.3076	0.0000	0.0000	0.0000	0.0000	1
ZNF717	ZNF782	DN_NC_073237.2_93275727_4	DN_NC_086017.1_85766278_5	truthbar	0	4	5	4	multi	0	0.1544	0.0000	0.0000	0.0000	0.0000	0
ZNF717	ZNF84	DN_NC_073234.2_148537990_5	DN_NC_086017.1_85766278_5	truthbar	0	5	5	5	multi	0	0.3570	0.0000	0.0000	0.0000	0.0000	0
ZNF717	ZNF883	DN_NC_073237.2_109230975_4	DN_NC_086017.1_85766278_5	genuine	0	4	5	4	multi	0	0.2538	0.0000	0.0000	0.0000	0.0000	0
ZNF721	ZNF723	DN_NC_073227.2_9010062_2	DN_NC_073244.2_29232445_4	truthbar	0	2	4	2	multi	0	0.1541	0.0000	0.0000	0.0000	0.0000	4
ZNF721	ZNF727	DN_NC_073227.2_9010062_2	DN_NC_073230.2_73508332_4	truthbar	0	2	4	2	multi	0	0.1919	0.0000	0.0000	0.0000	0.0000	4
ZNF721	ZNF736	DN_NC_073227.2_9010062_2	DN_NC_073230.2_73776646_4	genuine	0	2	4	2	multi	0	0.1934	0.0000	0.0000	0.0000	0.0000	4
ZNF721	ZNF808	DN_NC_073227.2_9009655_3	DN_NC_073244.2_64500861_5	truthbar	0	3	5	3	multi	0	0.1525	0.0000	0.0000	0.0000	0.0000	4
ZNF721	ZNF813	DN_NC_073227.2_9010062_2	DN_NC_073244.2_65398487_4	truthbar	0	2	4	2	multi	0	0.1442	0.0000	0.0000	0.0000	0.0000	4
ZNF721	ZNF836	DN_NC_073227.2_9009655_3	DN_NC_073244.2_64125568_5	truthbar	0	3	5	3	multi	0	0.1781	0.0000	0.0000	0.0000	0.0000	4
ZNF721	ZNF91	DN_NC_073227.2_9010062_2	DN_NC_073244.2_29680825_2	truthbar	0	2	2	2	multi	0	0.3946	0.0000	0.0000	0.0000	0.0000	4
ZNF721	ZNF92	DN_NC_073227.2_9010062_2	DN_NC_073230.2_74637814_2	truthbar	0	2	2	2	multi	0	0.1677	0.0000	0.0000	0.0000	0.0000	4
ZNF723	ZNF727	DN_NC_073230.2_73508332_4	DN_NC_073244.2_29232445_4	truthbar	0	4	4	4	multi	0	0.2012	0.0000	0.0000	0.0000	0.0000	4
ZNF723	ZNF736	DN_NC_073230.2_73776646_4	DN_NC_073244.2_29232445_4	truthbar	0	4	4	4	multi	0	0.3459	0.0000	0.0000	0.0000	0.0000	4
ZNF723	ZNF766	DN_NC_073244.2_29232445_4	DN_NC_073244.2_64231369_4	truthbar	0	4	4	4	multi	0	0.2396	0.0000	0.0000	0.0000	0.0000	4
ZNF723	ZNF836	DN_NC_073244.2_29232445_4	DN_NC_073244.2_64125568_5	truthbar	0	4	5	4	multi	0	0.1403	0.0000	0.0000	0.0000	0.0000	4
ZNF723	ZNF91	DN_NC_073244.2_29232445_4	DN_NC_073244.2_29680825_4	genuine	0	4	4	4	multi	0	0.2569	0.6900	1.0000	0.5000	0.5000	4
ZNF723	ZNF92	DN_NC_073230.2_74637722_4	DN_NC_073244.2_29232445_4	truthbar	0	4	4	4	multi	0	0.2362	0.6541	0.5000	0.7500	0.5000	4
ZNF727	ZNF91	DN_NC_073230.2_73508332_4	DN_NC_073244.2_29680825_2	genuine	0	4	2	2	multi	0	0.1721	0.0000	0.0000	0.0000	0.0000	4
ZNF727	ZNF92	DN_NC_073230.2_73508332_4	DN_NC_073230.2_74637814_2	truthbar	0	4	2	2	multi	0	0.2924	0.0000	0.0000	0.0000	0.0000	4
ZNF736	ZNF83	DN_NC_073230.2_73776646_4	DN_NC_073244.2_64585864_4	truthbar	0	4	4	4	multi	0	0.2041	0.0000	0.0000	0.0000	0.0000	4
ZNF736	ZNF91	DN_NC_073230.2_73776646_4	DN_NC_073244.2_29680825_2	genuine	0	4	2	2	multi	0	0.1855	0.0000	0.0000	0.0000	0.0000	4
ZNF736	ZNF92	DN_NC_073230.2_73776646_4	DN_NC_073230.2_74637814_2	truthbar	0	4	2	2	multi	0	0.3385	0.0000	0.0000	0.0000	0.0000	4
ZNF74	ZNF768	DN_NC_073242.2_36238906_2	DN_NC_086018.1_17871581_2	genuine	0	2	2	2	multi	0	0.1646	0.0000	0.0000	0.0000	0.0000	1
ZNF74	ZNF835	DN_NC_073244.2_68766684_2	DN_NC_086018.1_17871581_2	truthbar	0	2	2	2	multi	0	0.1827	0.0000	0.0000	0.0000	0.0000	1
ZNF75A	ZNF75D	DN_NC_073242.2_6953229_7	DN_NC_073247.2_147064204_6	truthbar	0	7	6	6	multi	0	0.2279	0.4224	0.5714	0.5000	0.5000	1
ZNF761	ZNF808	DN_NC_073244.2_64500861_5	DN_NC_073244.2_65362909_5	truthbar	0	5	5	5	multi	0	0.3344	0.5378	0.2000	0.2000	0.2000	4
ZNF761	ZNF813	DN_NC_073244.2_65362909_5	DN_NC_073244.2_65398487_4	truthbar	0	5	4	4	multi	0	0.1759	0.9717	0.6000	0.7500	0.6000	4
ZNF761	ZNF83	DN_NC_073244.2_64585864_4	DN_NC_073244.2_65362909_5	truthbar	0	4	5	4	multi	0	0.3601	0.0000	0.0000	0.0000	0.0000	4
ZNF761	ZNF836	DN_NC_073244.2_64125568_5	DN_NC_073244.2_65362909_5	truthbar	0	5	5	5	multi	0	0.3227	0.0000	0.0000	0.0000	0.0000	4
ZNF761	ZNF841	DN_NC_073244.2_64034715_7	DN_NC_073244.2_65362909_5	truthbar	0	7	5	5	multi	0	0.2137	0.0000	0.0000	0.0000	0.0000	4
ZNF761	ZNF888	DN_NC_073244.2_64860608_4	DN_NC_073244.2_65362909_5	truthbar	0	4	5	4	multi	0	0.1763	0.7599	0.7500	0.6000	0.6000	4
ZNF766	ZNF808	DN_NC_073244.2_64231369_4	DN_NC_073244.2_64500861_5	truthbar	0	4	5	4	multi	0	0.2488	0.0000	0.0000	0.0000	0.0000	4
ZNF766	ZNF813	DN_NC_073244.2_64231369_4	DN_NC_073244.2_65398487_4	truthbar	0	4	4	4	multi	0	0.1407	0.0000	0.0000	0.0000	0.0000	4
ZNF766	ZNF83	DN_NC_073244.2_64231369_4	DN_NC_073244.2_64585864_4	truthbar	0	4	4	4	multi	0	0.2604	0.0000	0.0000	0.0000	0.0000	4
ZNF768	ZNF835	DN_NC_073242.2_36238906_2	DN_NC_073244.2_68766684_2	genuine	0	2	2	2	multi	0	0.2058	0.0000	0.0000	0.0000	0.0000	1
ZNF77	ZNF791	DN_NC_073244.2_18649721_4	DN_NC_073244.2_8711681_4	truthbar	0	4	4	4	multi	0	0.1924	0.0000	0.0000	0.0000	0.0000	4
ZNF77	ZNF799	DN_NC_073244.2_18426035_4	DN_NC_073244.2_8711681_4	truthbar	0	4	4	4	multi	0	0.1733	0.0000	0.0000	0.0000	0.0000	4
ZNF771	ZNF835	DN_NC_073242.2_36121013_3	DN_NC_073244.2_68766684_2	genuine	0	3	2	2	multi	0	0.1966	0.0000	0.0000	0.0000	0.0000	1
ZNF774	ZNF835	DN_NC_073240.2_91564233_4	DN_NC_073244.2_68766684_2	truthbar	0	4	2	2	multi	0	0.2001	0.0000	0.0000	0.0000	0.0000	1
ZNF778	ZSCAN2	DN_NC_073240.2_85898394_3	DN_NC_073242.2_119807836_6	genuine	0	3	6	3	multi	0	0.2071	0.0000	0.0000	0.0000	0.0000	3
ZNF780A	ZNF780B	DN_NC_073244.2_51783968_5	DN_NC_073244.2_51825388_5	truthbar	0	5	5	5	multi	0	0.3600	0.6140	0.6000	0.8000	0.6000	0
ZNF780A	ZNF790	DN_NC_073244.2_47997304_5	DN_NC_073244.2_51825388_5	truthbar	0	5	5	5	multi	0	0.2525	0.0000	0.0000	0.0000	0.0000	0
ZNF780B	ZNF829	DN_NC_073244.2_48066692_6	DN_NC_073244.2_51783968_5	truthbar	0	6	5	5	multi	0	0.2122	0.0000	0.0000	0.0000	0.0000	0
ZNF782	ZNF84	DN_NC_073234.2_148537990_5	DN_NC_073237.2_93275727_4	truthbar	0	5	4	4	multi	0	0.2450	0.0000	0.0000	0.0000	0.0000	0
ZNF790	ZNF829	DN_NC_073244.2_47997304_5	DN_NC_073244.2_48066692_6	truthbar	0	5	6	5	multi	0	0.2474	0.0000	0.0000	0.0000	0.0000	0
ZNF791	ZNF799	DN_NC_073244.2_18426035_4	DN_NC_073244.2_18649721_4	truthbar	0	4	4	4	multi	0	0.1301	0.0000	0.0000	0.0000	0.0000	4
ZNF791	ZNF823	DN_NC_073244.2_17751584_2	DN_NC_073244.2_18649721_4	truthbar	0	2	4	2	multi	0	0.1869	0.0000	0.0000	0.0000	0.0000	4
ZNF799	ZNF823	DN_NC_073244.2_17751584_2	DN_NC_073244.2_18426035_4	truthbar	0	2	4	2	multi	0	0.6762	0.6209	0.5000	0.0000	0.0000	4
ZNF808	ZNF813	DN_NC_073244.2_64500861_5	DN_NC_073244.2_65398487_4	truthbar	0	5	4	4	multi	0	0.1935	0.1892	0.2000	0.2500	0.2000	4
ZNF808	ZNF836	DN_NC_073244.2_64125568_5	DN_NC_073244.2_64500861_5	truthbar	0	5	5	5	multi	0	0.3525	0.0000	0.0000	0.0000	0.0000	4
ZNF808	ZNF841	DN_NC_073244.2_64034715_7	DN_NC_073244.2_64500861_5	truthbar	0	7	5	5	multi	0	0.2181	0.0000	0.0000	0.0000	0.0000	4
ZNF808	ZNF888	DN_NC_073244.2_64500861_5	DN_NC_073244.2_64860608_4	truthbar	0	5	4	4	multi	0	0.4464	0.4128	0.0000	0.0000	0.0000	4
ZNF808	ZNF91	DN_NC_073244.2_29680825_4	DN_NC_073244.2_64500861_5	truthbar	0	4	5	4	multi	0	0.2576	0.0000	0.0000	0.0000	0.0000	4
ZNF813	ZNF83	DN_NC_073244.2_64585864_4	DN_NC_073244.2_65398487_4	truthbar	0	4	4	4	multi	0	0.1684	0.0000	0.0000	0.0000	0.0000	4
ZNF813	ZNF836	DN_NC_073244.2_64125568_5	DN_NC_073244.2_65398487_4	truthbar	0	5	4	4	multi	0	0.1595	0.0000	0.0000	0.0000	0.0000	4
ZNF813	ZNF841	DN_NC_073244.2_64034715_7	DN_NC_073244.2_65398487_4	truthbar	0	7	4	4	multi	0	0.2545	0.0000	0.0000	0.0000	0.0000	4
ZNF813	ZNF888	DN_NC_073244.2_64860608_4	DN_NC_073244.2_65398487_4	truthbar	0	4	4	4	multi	0	0.1796	0.6404	1.0000	0.7500	0.7500	4
ZNF813	ZNF91	DN_NC_073244.2_29680825_4	DN_NC_073244.2_65398487_4	truthbar	0	4	4	4	multi	0	0.1554	0.0000	0.0000	0.0000	0.0000	4
ZNF83	ZNF836	DN_NC_073244.2_64125568_5	DN_NC_073244.2_64585864_4	truthbar	0	5	4	4	multi	0	0.2668	0.0000	0.0000	0.0000	0.0000	4
ZNF83	ZNF841	DN_NC_073244.2_64034715_7	DN_NC_073244.2_64585864_4	truthbar	0	7	4	4	multi	0	0.1467	0.0000	0.0000	0.0000	0.0000	4
ZNF83	ZNF888	DN_NC_073244.2_64585864_4	DN_NC_073244.2_64860608_4	truthbar	0	4	4	4	multi	0	0.4028	0.0000	0.0000	0.0000	0.0000	4
ZNF836	ZNF841	DN_NC_073244.2_64034715_7	DN_NC_073244.2_64125568_5	truthbar	0	7	5	5	multi	0	0.3742	0.8178	1.0000	1.0000	1.0000	4
ZNF836	ZNF888	DN_NC_073244.2_64125568_5	DN_NC_073244.2_64860608_4	truthbar	0	5	4	4	multi	0	0.1666	0.0000	0.0000	0.0000	0.0000	4
ZNF836	ZNF91	DN_NC_073244.2_29680825_4	DN_NC_073244.2_64125568_5	truthbar	0	4	5	4	multi	0	0.4855	0.0000	0.0000	0.0000	0.0000	4
ZNF836	ZNF92	DN_NC_073230.2_74637722_4	DN_NC_073244.2_64125568_5	truthbar	0	4	5	4	multi	0	0.3485	0.0000	0.0000	0.0000	0.0000	4
ZNF84	ZNF883	DN_NC_073234.2_148537990_5	DN_NC_073237.2_109230975_4	genuine	0	5	4	4	multi	0	0.2231	0.0000	0.0000	0.0000	0.0000	0
ZNF841	ZNF888	DN_NC_073244.2_64034715_7	DN_NC_073244.2_64860608_4	truthbar	0	7	4	4	multi	0	0.1425	0.0000	0.0000	0.0000	0.0000	4
ZNF841	ZNF92	DN_NC_073230.2_74637814_2	DN_NC_073244.2_64034715_7	truthbar	0	2	7	2	multi	0	0.3516	0.0000	0.0000	0.0000	0.0000	4
ZNF888	ZNF91	DN_NC_073244.2_29680825_4	DN_NC_073244.2_64860608_4	truthbar	0	4	4	4	multi	0	0.2273	0.0000	0.0000	0.0000	0.0000	4
ZNF91	ZNF92	DN_NC_073230.2_74637722_4	DN_NC_073244.2_29680825_2	genuine	0	4	2	2	multi	0	0.2312	0.3428	0.0000	0.0000	0.0000	4
ZSCAN12	ZSCAN16	DN_NC_073229.2_45747170_4	DN_NC_073229.2_46022147_4	truthbar	0	4	4	4	multi	0	0.2953	0.0000	0.0000	0.0000	0.0000	3
ZSCAN16	ZSCAN9	DN_NC_073229.2_45747170_4	DN_NC_073229.2_45857463_4	truthbar	0	4	4	4	multi	0	0.2568	0.0000	0.0000	0.0000	0.0000	3
ZSCAN21	ZSCAN31	DN_NC_073229.2_45959984_4	DN_NC_073230.2_88700652_4	truthbar	0	4	4	4	multi	0	0.1578	0.0000	0.0000	0.0000	0.0000	1
