gene_a	gene_b	dn_a	dn_b	cls	core	aln_frac	aln_len	matches_best	blocklen_best	matches_sum	len_a	len_b	recip_id_best	recip_id_sum
ABCD1	LOC129526391	DN_NC_073236.2_25270756_7	DN_NC_073247.2_165410205_10	TP	0.4426	0.81	1488	1381	1488	1381	1837	3821	0.3614	0.3614
ABCD1	LOC129526471	DN_NC_073236.2_22701854_7	DN_NC_073247.2_165410205_10	TP	0.3255	0.8083	1480	1372	1480	1372	1831	3821	0.3591	0.3591
ABCD1	LOC129531453	DN_NC_073240.2_15970659_7	DN_NC_073247.2_165410205_10	TP	0.3224	0.8056	1479	1363	1479	1363	1836	3821	0.3567	0.3567
ABITRAM	CTNNAL1	DN_NC_073237.2_105179643_6	DN_NC_073237.2_105184979_19	genuine	0.7593	0.7599	2431	2431	2431	2431	3199	5675	0.4284	0.4284
ACP1	ALKAL2	DN_NC_073236.2_139618373_5	DN_NC_073236.2_139624268_6	genuine	0.8616	0.8616	1867	1867	1867	1867	2167	6234	0.2995	0.2995
ACSBG1	IDH3A	DN_NC_073240.2_79048326_11	DN_NC_073240.2_79068535_14	TP	0.5137	0.513	2175	2175	2175	2175	4240	4711	0.4617	0.4617
ACTB	ACTG1	DN_NC_073228.2_10434405_6	DN_NC_073230.2_12962256_6	TP	0.5384	0.5257	1115	1023	1115	1023	2233	2121	0.4581	0.4581
ACTL6A	MRPL47	DN_NC_086017.1_190656695_14	DN_NC_086017.1_190680196_7	genuine	0.4282	0.4274	1069	1069	1069	1069	2501	3571	0.2994	0.2994
ACTN1	ACTN4	DN_NC_073239.2_85769342_21	DN_NC_073244.2_50412691_21	truthbar	0.6757	0.5804	2280	1903	2280	1903	3928	3964	0.4801	0.4801
ADGRF5	LOC109023105	DN_NC_073229.2_64639535_22	DN_NC_073238.2_32078126_7	genuine	0.2208	0.9057	3064	2916	3064	2916	6038	3383	0.4829	0.4829
ADH1B	LOC101136823	DN_NC_073227.2_119617950_9	DN_NC_073227.2_119647764_9	TP	0.3518	0.7835	2768	2442	2768	2442	4603	3533	0.5305	0.5305
ADORA1	CHIT1	DN_NC_073224.2_53524414_11	DN_NC_073224.2_53535059_3	genuine	0.4714	0.471	1063	1063	1063	1063	2257	3924	0.2709	0.2709
AKR1B10	LOC115935241	DN_NC_073230.2_143596666_10	DN_NC_073230.2_143617302_10	TP	0.4206	0.4203	1202	1157	1202	1157	3913	2860	0.2957	0.2957
AKR7A2	LOC115933748	DN_NC_073224.2_220588830_7	DN_NC_073224.2_220611411_7	TP	0.7366	0.7337	1011	929	1011	929	1378	2900	0.3203	0.3203
AKT1	AKT2	DN_NC_073239.2_121772610_13	DN_NC_073244.2_51984253_14	truthbar	0.2018	0.2889	939	785	939	785	4489	3250	0.1749	0.1749
AKTIP	RBL2	DN_NC_073242.2_82507839_22	DN_NC_073242.2_82560306_10	genuine	0.3117	0.3105	1525	1525	1525	1525	4911	6617	0.2305	0.2305
ALDH1B1	LOC115935842	DN_NC_073236.2_32676987_2	DN_NC_073237.2_24562366_2	TP	0.3444	1.001	3081	2969	3081	2969	3100	3078	0.9577	0.9577
ALDH1B1	LOC129524687	DN_NC_073237.2_24562360_2	DN_NC_073237.2_31692944_2	TP	0.8829	1.0	3126	3051	3126	3051	3126	3212	0.9499	0.9499
ALG10	ALG10B	DN_NC_073234.2_62953363_3	DN_NC_073234.2_67151860_3	TP	0.5702	0.9802	4215	4050	4215	4050	5706	4300	0.7098	0.7098
ALG1L1P	LOC101127338	DN_NC_086017.1_134833806_5	DN_NC_086017.1_136815000_6	genuine	0.6561	1.1244	994	840	994	840	884	1008	0.8333	0.8333
AMN1	ETFBKMT	DN_NC_073234.2_69501458_7	DN_NC_073234.2_69557459_4	genuine	0.6472	0.6468	1540	1540	1540	1540	2381	6285	0.2450	0.2450
ANKRD18A	ANKRD18B	DN_NC_073237.2_24387014_11	DN_NC_073237.2_31481917_11	TP	0.2528	0.89	3310	3044	3310	3044	4617	3719	0.6593	0.6593
ANKRD18A	LOC101142783	DN_NC_073237.2_24387014_11	DN_NC_073237.2_29418618_13	TP	0.3383	0.909	4197	4142	4197	4142	4617	4927	0.8407	0.8407
ANKRD18A	LOC115933254	DN_NC_073236.2_32935295_3	DN_NC_073237.2_24387014_11	TP	0.217	0.5114	2361	2278	2361	2278	7097	4617	0.3210	0.3210
ANKRD18B	LOC101142783	DN_NC_073237.2_29418618_13	DN_NC_073237.2_31481917_11	TP	0.5768	0.6244	2322	2249	2322	2249	4927	3719	0.4565	0.4565
ANKRD18B	LOC101147259	DN_NC_073237.2_31481917_11	DN_NC_073237.2_93516915_6	TP	0.2605	0.5576	1916	1784	1916	1784	3719	3436	0.4797	0.4797
ANKRD18B	LOC115933254	DN_NC_073236.2_32866582_11	DN_NC_073237.2_31481917_11	TP	0.5644	0.9919	3689	3431	3689	3431	6125	3719	0.5602	0.5602
ANKRD36C	LOC101125154	DN_NC_073236.2_33699714_3	DN_NC_073236.2_35163364_4	truthbar	0.1925	0.8081	2804	2686	2804	2686	3781	3470	0.7104	0.7104
ANKRD36C	LOC109025523	DN_NC_073236.2_33791336_41	DN_NC_073236.2_35320202_37	TP	0.5033	0.5014	1586	1503	1586	1503	3282	3163	0.4580	0.4580
ANKRD6	LYRM2	DN_NC_073229.2_113642543_16	DN_NC_073229.2_113787300_3	genuine	0.6194	0.6194	3402	3402	3402	3402	5492	9322	0.3649	0.3649
APOBEC3C	APOBEC3D	DN_NC_086018.1_36987543_6	DN_NC_086018.1_37016890_4	genuine	0.2709	0.308	855	751	855	751	3110	2776	0.2415	0.2415
APOBEC3C	APOBEC3F	DN_NC_086018.1_37016890_4	DN_NC_086018.1_37043543_7	genuine	0.303	0.678	1882	1403	1882	1403	2776	4492	0.3123	0.3123
APOBEC3D	APOBEC3F	DN_NC_086018.1_36987543_6	DN_NC_086018.1_37043543_7	TP	0.3807	0.9775	3040	2761	3040	2761	3110	4492	0.6146	0.6146
APOL2	APOL3	DN_NC_086018.1_34137538_4	DN_NC_086018.1_34223461_5	truthbar	0.3708	0.3042	630	558	630	558	2071	2556	0.2183	0.2183
APOL3	APOL4	DN_NC_086018.1_34137538_4	DN_NC_086018.1_34186611_4	truthbar	0.2863	0.4186	867	747	867	747	2071	3150	0.2371	0.2371
APOL4	LOC129527096	DN_NC_073240.2_41396094_2	DN_NC_086018.1_34186611_4	genuine	0.2801	0.7764	837	731	837	731	1078	3150	0.2321	0.2321
ARHGEF39	CCDC107	DN_NC_073237.2_27307884_9	DN_NC_073237.2_27311993_5	genuine	0.4694	0.4705	446	446	446	446	3094	948	0.1441	0.1441
ARL17A	LOC101135168	DN_NC_073228.2_45686814_4	DN_NC_073228.2_45710800_6	genuine	0.5577	0.5577	1705	1705	1705	1705	3057	3256	0.5236	0.5236
ARL17A	LOC115934626	DN_NC_073228.2_45686814_4	DN_NC_073228.2_45948292_6	genuine	0.4194	0.6153	1881	1867	1881	1867	3057	5605	0.3331	0.3331
ASB6	NTMT1	DN_NC_073237.2_126021216_4	DN_NC_073237.2_126029688_6	TP	0.708	0.7066	1522	1522	1522	1522	2154	4827	0.3153	0.3153
ATP1A2	ATP1A3	DN_NC_073224.2_96681549_23	DN_NC_073244.2_53573424_23	truthbar	0.4359	0.773	2779	2302	2779	2302	5488	3595	0.4195	0.4195
ATP5ME	PDE6B	DN_NC_073227.2_9231816_7	DN_NC_073227.2_9238554_4	genuine	0.2016	0.3748	530	530	530	530	1414	2928	0.1810	0.1810
ATP6V1C2	PDIA6	DN_NC_073236.2_129103377_13	DN_NC_073236.2_129129305_10	TP	0.3828	0.38	1083	1083	1083	1083	3906	2850	0.2773	0.2773
AUNIP	MTFR1L	DN_NC_073224.2_214075309_3	DN_NC_073224.2_214095871_7	genuine	0.7245	0.7245	2696	2696	2696	2696	4336	3721	0.6218	0.6218
B3GAT2	SMAP1	DN_NC_073229.2_94771458_11	DN_NC_073229.2_94961202_4	genuine	0.4622	0.5285	1809	1729	1809	2038	3423	6355	0.2721	0.3207
B3GNTL1	TBCD	DN_NC_073228.2_8941710_13	DN_NC_073228.2_9043620_39	genuine	0.5383	0.536	1632	1632	1632	1632	3045	6939	0.2352	0.2352
BBIP1	PDCD4	DN_NC_073232.2_123144734_12	DN_NC_073232.2_123171879_4	genuine	0.6716	0.6716	1483	1483	1483	1483	4030	2208	0.3680	0.3680
BCR	LOC101132434	DN_NC_086018.1_18646417_6	DN_NC_086018.1_20765108_15	TP	0.3002	0.6622	1498	1457	1498	1457	2262	4416	0.3299	0.3299
BCR	LOC101135843	DN_NC_086018.1_20765108_15	DN_NC_086018.1_22406144_7	TP	0.256	0.5649	1498	1460	1498	1460	4416	2652	0.3306	0.3306
BCR	LOC115932815	DN_NC_086018.1_20765108_15	DN_NC_086018.1_22166696_9	TP	0.2679	0.5461	1450	1422	1450	1422	4416	2655	0.3220	0.3220
BEX1	BEX2	DN_NC_073247.2_114842677_3	DN_NC_073247.2_115094764_3	truthbar	0.3416	0.6782	685	601	685	601	1010	1112	0.5405	0.5405
BFAR	LOC101150079	DN_NC_073242.2_32258496_8	DN_NC_073242.2_32495201_8	TP	0.6357	1.003	3042	3023	3042	3023	3033	3198	0.9453	0.9453
BLID	LOC101154388	DN_NC_073233.2_130017597_2	DN_NC_073233.2_130017597_4	genuine	0.8713	0.8713	2607	2607	2607	2607	2992	3406	0.7654	0.7654
BLNK	ZNF518A	DN_NC_073232.2_108425417_2	DN_NC_073232.2_108425608_2	genuine	0.9746	0.9746	3916	3916	3916	3916	5477	4018	0.7150	0.7150
BMAL1	BTBD10	DN_NC_073233.2_19708960_19	DN_NC_073233.2_19815473_9	genuine	0.5174	0.5152	2558	2558	2558	2558	4965	5742	0.4455	0.4455
BRICD5	MLST8	DN_NC_073242.2_5822452_9	DN_NC_073242.2_5827060_6	genuine	0.2247	0.3912	336	262	336	262	5903	859	0.0444	0.0444
BTN2A1	BTN2A2	DN_NC_073229.2_44058305_8	DN_NC_073229.2_44135507_8	TP	0.2455	0.7791	2536	2211	2536	2211	3603	3255	0.6137	0.6137
BTN3A1	LOC101147830	DN_NC_073229.2_44079934_10	DN_NC_073229.2_44118209_11	truthbar	0.339	0.5166	1539	1383	1539	1383	4181	2979	0.3308	0.3308
C1H1orf146	GLMN	DN_NC_073224.2_147663563_19	DN_NC_073224.2_147715668_5	genuine	0.5228	0.5228	1102	1102	1102	1102	3729	2108	0.2955	0.2955
C1H1orf56	CDC42SE1	DN_NC_073224.2_105776266_5	DN_NC_073224.2_105784199_2	genuine	0.5756	0.576	1542	1542	1542	1542	4036	2677	0.3821	0.3821
C3H4orf36	MINPP1	DN_NC_073227.2_107202270_4	DN_NC_073232.2_99830035_5	genuine	0.2167	0.2837	419	391	419	391	1477	4192	0.0933	0.0933
C3H4orf36	SEM1	DN_NC_073227.2_107202270_4	DN_NC_073230.2_92132360_3	genuine	0.2126	0.3182	470	436	470	436	1477	1950	0.2236	0.2236
C4A	C4B	DN_NC_073229.2_49583451_41	DN_NC_073229.2_49609902_41	TP	0.9998	1.0	5948	5937	5948	5937	5948	5976	0.9935	0.9935
C7H8orf33	LOC129527512	DN_NC_073231.2_150893284_5	DN_NC_073242.2_6296327_3	genuine	0.2129	0.6145	915	778	915	778	3993	1489	0.1948	0.1948
C9H11orf65	LOC109025730	DN_NC_073224.2_123525276_5	DN_NC_073233.2_116263271_8	genuine	0.2508	0.3517	467	434	467	434	1328	4774	0.0909	0.0909
C9H11orf65	PDCD5	DN_NC_073233.2_116263271_8	DN_NC_073244.2_43610901_6	genuine	0.2665	0.3779	475	452	475	452	4774	1257	0.0947	0.0947
C9H11orf65	SPC25	DN_NC_073233.2_116263271_8	DN_NC_073235.2_71373985_7	genuine	0.2449	0.3515	478	452	478	452	4774	1360	0.0947	0.0947
CAND2	RPL32	DN_NC_086017.1_22612673_15	DN_NC_086017.1_22648299_4	genuine	0.4415	0.4415	1920	1920	1920	1920	5671	4349	0.3386	0.3386
CANX	HMGB3	DN_NC_073228.2_183658467_2	DN_NC_073247.2_162650382_5	genuine	0.4859	0.7031	450	412	450	412	640	3581	0.1151	0.1151
CCDC144A	LOC109026769	DN_NC_073228.2_79926211_12	DN_NC_073228.2_83434996_12	TP	0.3998	1.0048	3536	3476	3536	3476	3519	4483	0.7754	0.7754
CCDC152	SELENOP	DN_NC_073243.2_69046517_5	DN_NC_073243.2_69056468_9	TP	0.4776	0.4768	1673	1673	1673	1673	6999	3509	0.2390	0.2390
CCNH	RASA1	DN_NC_073228.2_91400267_25	DN_NC_073228.2_91522397_9	genuine	0.6116	0.6114	3641	3641	3641	3641	7378	5955	0.4935	0.4935
CDK4	TSPAN31	DN_NC_073234.2_43619064_8	DN_NC_073234.2_43623304_5	genuine	0.5438	0.5358	1009	1009	1009	1009	3109	1883	0.3245	0.3245
CDR2	LOC101131923	DN_NC_073242.2_21170576_8	DN_NC_073242.2_21650759_11	genuine	0.3045	0.4426	891	889	891	889	3270	2013	0.2719	0.2719
CDRT4	TVP23B	DN_NC_073228.2_81446275_7	DN_NC_073243.2_30823221_7	TP	0.2413	0.511	1692	1663	1692	1663	3991	3311	0.4167	0.4167
CENPP	IPPK	DN_NC_073237.2_89073528_3	DN_NC_073237.2_89075402_13	TP	0.8865	0.8865	2874	2874	2874	2874	3242	4821	0.5961	0.5961
CEP57	MTMR2	DN_NC_073233.2_103702122_11	DN_NC_073233.2_103744968_15	genuine	0.5439	0.5439	2597	2597	2597	2597	7906	4775	0.3285	0.3285
CEP76	PSMG2	DN_NC_073241.2_37538314_7	DN_NC_073241.2_37560383_12	genuine	0.3001	0.2988	678	678	678	678	2269	5125	0.1323	0.1323
CES1	LOC115931015	DN_NC_073242.2_84833963_14	DN_NC_073242.2_84922514_14	TP	0.7709	0.9729	2085	1922	2085	1922	2209	2143	0.8701	0.8701
CHEK2	LOC101136352	DN_NC_073240.2_23210840_6	DN_NC_086018.1_26719433_15	genuine	0.2828	0.7071	700	671	700	671	990	2741	0.2448	0.2448
CHEK2	LOC101152610	DN_NC_073240.2_21601841_7	DN_NC_086018.1_26719433_15	TP	0.2914	0.8668	833	672	833	672	961	2741	0.2452	0.2452
CHEK2	LOC129527660	DN_NC_073242.2_37476471_6	DN_NC_086018.1_26719433_15	genuine	0.3387	0.7035	700	649	700	649	995	2741	0.2368	0.2368
CHST6	TMEM231	DN_NC_073242.2_105982851_4	DN_NC_073242.2_106027382_7	genuine	0.5166	0.5206	1684	1631	1684	1887	6105	3235	0.2672	0.3091
CNTNAP3C	LOC101143875	DN_NC_073236.2_33289090_9	DN_NC_073237.2_23692487_10	genuine	0.3548	0.7301	1961	1721	1961	1721	5558	2686	0.3096	0.3096
COG1	SSTR2	DN_NC_073228.2_18779384_3	DN_NC_073228.2_18798859_2	genuine	0.5916	0.592	1477	1477	1477	1707	2495	4258	0.3469	0.4009
COG1	VCF1	DN_NC_073228.2_18740149_2	DN_NC_073228.2_18761647_14	genuine	0.5477	0.5447	1455	1455	1455	1455	2671	5117	0.2843	0.2843
COG5	HBP1	DN_NC_073230.2_116119215_11	DN_NC_073230.2_116150343_22	genuine	0.4001	0.4005	1129	1129	1129	1129	2819	6530	0.1729	0.1729
COPB2	MRPS22	DN_NC_086017.1_150515222_8	DN_NC_086017.1_150527432_22	genuine	0.3514	0.3514	1044	1044	1044	1044	2971	4986	0.2094	0.2094
COPS9	LOC109025730	DN_NC_073224.2_123525276_5	DN_NC_073235.2_142785844_3	genuine	0.3276	0.3208	426	397	426	397	1328	4462	0.0890	0.0890
COPS9	PDCD5	DN_NC_073235.2_142785844_3	DN_NC_073244.2_43610901_6	genuine	0.3405	0.3699	465	440	465	440	4462	1257	0.0986	0.0986
COPS9	SPC25	DN_NC_073235.2_142785844_3	DN_NC_073235.2_71373985_7	genuine	0.2449	0.3441	468	436	468	436	4462	1360	0.0977	0.0977
CPLANE1	LOC115933270	DN_NC_073243.2_82594889_12	DN_NC_073243.2_82739824_8	TP	0.7414	0.8699	2802	2789	2802	2789	4243	3221	0.6573	0.6573
CPSF2	NDUFB1	DN_NC_073239.2_109052370_3	DN_NC_073239.2_109057706_16	genuine	0.4806	0.4777	481	481	481	481	1007	5674	0.0848	0.0848
CRBN	TRNT1	DN_NC_086017.1_12917334_8	DN_NC_086017.1_12936527_11	genuine	0.5988	0.6856	3568	3366	3568	3366	6780	5204	0.4965	0.4965
CRMP1	EVC	DN_NC_073227.2_15519199_14	DN_NC_073227.2_15589297_3	TP	0.3478	0.3472	1070	1070	1070	1070	3082	4866	0.2199	0.2199
CRNKL1	NAA20	DN_NC_073245.2_30021133_6	DN_NC_073245.2_30036345_14	genuine	0.8479	0.8458	3237	3237	3237	3237	3827	6143	0.5269	0.5269
CTSA	NEURL2	DN_NC_073245.2_58117175_2	DN_NC_073245.2_58118781_15	TP	0.8084	0.8099	1044	1044	1044	1044	1289	2957	0.3531	0.3531
CTSV	LOC101145975	DN_NC_073237.2_83935038_8	DN_NC_073237.2_93365361_8	truthbar	0.3599	0.4764	908	768	908	768	1906	4907	0.1565	0.1565
CTSV	LOC129523464	DN_NC_073237.2_84341528_8	DN_NC_073237.2_93365361_8	truthbar	0.3477	0.5631	915	770	915	770	1625	4907	0.1569	0.1569
CTSZ	NELFCD	DN_NC_073245.2_71261640_15	DN_NC_073245.2_71275662_6	genuine	0.3816	0.3797	579	579	579	579	4375	1525	0.1323	0.1323
CTU2	PIEZO1	DN_NC_073242.2_119293235_15	DN_NC_073242.2_119301617_14	genuine	0.1933	0.7143	1863	1351	1863	1351	4183	2608	0.3230	0.3230
DAP3	GON4L	DN_NC_073224.2_100975273_21	DN_NC_073224.2_101136214_11	genuine	0.5987	0.8618	2307	2178	2307	2178	4789	2677	0.4548	0.4548
DAPK1	LOC115935778	DN_NC_073237.2_83892884_7	DN_NC_073237.2_84363825_25	TP	0.6965	0.7914	3776	3770	3776	3770	4771	6131	0.6149	0.6149
DCAF12L1	DCAF12L2	DN_NC_073247.2_137840069_2	DN_NC_073247.2_138224742_2	TP	0.394	0.3869	1413	1295	1413	1295	3652	3836	0.3376	0.3376
DCAF16	LOC109025730	DN_NC_073224.2_123525276_5	DN_NC_073227.2_26000468_4	genuine	0.3502	0.3419	454	424	454	424	1328	3003	0.1412	0.1412
DCAF16	PDCD5	DN_NC_073227.2_26000468_4	DN_NC_073244.2_43610901_6	genuine	0.3628	0.3628	456	421	456	421	3003	1257	0.1402	0.1402
DCAF16	SPC25	DN_NC_073227.2_26000468_4	DN_NC_073235.2_71373985_7	genuine	0.2426	0.3375	459	436	459	436	3003	1360	0.1452	0.1452
DCAF4	DCAF4L1	DN_NC_073227.2_50003246_2	DN_NC_073239.2_89803404_14	truthbar	0.4587	0.5944	1489	1224	1489	1224	3993	2505	0.3065	0.3065
DDX11	LOC109029264	DN_NC_073234.2_24978856_8	DN_NC_073234.2_70140848_27	genuine	0.2642	0.2612	263	257	263	257	1007	3964	0.0648	0.0648
DDX19A	DDX19B	DN_NC_073242.2_99745328_12	DN_NC_073242.2_99793055_12	TP	0.5031	0.5369	1621	1543	1621	1543	3287	3019	0.4694	0.4694
DDX3X	DDX3Y	DN_NC_073247.2_51699012_17	DN_NC_073248.2_31199793_17	truthbar	0.3009	0.7349	4086	3466	4086	3466	5560	7661	0.4524	0.4524
DDX42	FTSJ3	DN_NC_073228.2_28222257_21	DN_NC_073228.2_28230327_9	genuine	0.599	0.5994	1628	1628	1628	1628	5287	2716	0.3079	0.3079
DEDD	NIT1	DN_NC_073224.2_95638704_6	DN_NC_073224.2_95648579_7	genuine	0.6935	0.6884	2028	2028	2028	2028	3803	2946	0.5333	0.5333
DEXI	LOC101149946	DN_NC_073240.2_23725358_9	DN_NC_073242.2_14569289_2	genuine	0.5268	0.8729	1367	1308	1367	1308	5344	1566	0.2448	0.2448
DEXI	LOC134757265	DN_NC_073240.2_29803770_8	DN_NC_073242.2_14569289_2	genuine	0.5268	0.8614	1349	1295	1349	1295	6660	1566	0.1944	0.1944
DGCR6	DGCR6L	DN_NC_086018.1_16346801_5	DN_NC_086018.1_17748702_5	truthbar	0.6517	0.9712	1146	1068	1146	1068	1180	3259	0.3277	0.3277
DHRSX	ZBED1	DN_NC_073247.2_11741821_2	DN_NC_073248.2_9064807_2	genuine	0.9634	0.962	4332	4320	4332	4320	4503	4638	0.9314	0.9314
DIMT1	KIF2A	DN_NC_073243.2_47785917_12	DN_NC_073243.2_47800408_20	genuine	0.7311	0.7301	2892	2892	2892	2892	3961	6381	0.4532	0.4532
DLGAP5	LGALS3	DN_NC_073239.2_72077053_6	DN_NC_073239.2_72093949_19	genuine	0.4702	0.4702	2461	2461	2461	2461	5234	5453	0.4513	0.4513
DMTF1	LOC115935379	DN_NC_073230.2_101602035_18	DN_NC_073230.2_101646316_2	genuine	0.5206	0.5144	250	250	250	250	4580	486	0.0546	0.0546
DMTF1	TMEM243	DN_NC_073230.2_101581724_4	DN_NC_073230.2_101602035_18	genuine	0.3955	0.4745	2073	1871	2073	1871	4369	4580	0.4085	0.4085
DNAJC14	ORMDL2	DN_NC_073234.2_45531723_7	DN_NC_073234.2_45539357_4	genuine	0.5889	0.5889	1935	1935	1935	1935	5479	3286	0.3532	0.3532
DNAJC17	GCHFR	DN_NC_073240.2_41471977_3	DN_NC_073240.2_41473848_11	TP	0.3242	0.3242	487	487	487	487	1502	3730	0.1306	0.1306
DND1	WDR55	DN_NC_073228.2_144514226_7	DN_NC_073228.2_144520267_4	genuine	0.6266	0.6266	958	958	958	958	3968	1529	0.2414	0.2414
DOK7	LOC115933190	DN_NC_073227.2_12039502_7	DN_NC_073236.2_24822888_6	genuine	0.4664	1.0512	2628	2306	2628	2306	2558	2500	0.9015	0.9015
DPY19L2	LOC115935244	DN_NC_073230.2_98668717_3	DN_NC_073234.2_37699488_22	TP	0.3401	0.5289	1199	1170	1199	1722	2267	4069	0.2875	0.4232
DUSP5	LOC129532115	DN_NC_073224.2_16928217_2	DN_NC_073232.2_122771445_4	genuine	0.2144	0.5022	1267	1124	1267	1124	3396	2523	0.3310	0.3310
ECSIT	RPL18A	DN_NC_073244.2_17541226_2	DN_NC_073244.2_24302535_5	genuine	0.4925	0.8731	585	527	585	527	2069	670	0.2547	0.2547
EDARADD	ENO1	DN_NC_073224.2_231736369_12	DN_NC_073224.2_25093112_7	genuine	0.4376	0.6492	1549	1419	1549	1419	2386	3704	0.3831	0.3831
EEF1A1	LOC101132881	DN_NC_073229.2_97606864_8	DN_NC_073239.2_98531685_2	genuine	0.2109	0.4759	1419	1204	1419	1204	4055	2982	0.2969	0.2969
EEF1A1	LOC109023808	DN_NC_073229.2_97606864_8	DN_NC_073243.2_97368870_3	TP	0.6499	0.6488	1731	1700	1731	1700	4055	2668	0.4192	0.4192
EEF2KMT	LOC101125415	DN_NC_073227.2_17445647_6	DN_NC_073242.2_8737492_8	truthbar	0.3935	0.8784	2152	1881	2152	1881	2450	2764	0.6805	0.6805
EEF2KMT	LOC101133440	DN_NC_073231.2_11581641_7	DN_NC_073242.2_8737492_8	truthbar	0.3648	1.051	2391	2145	2391	2145	2275	2764	0.7760	0.7760
EEF2KMT	LOC101137806	DN_NC_073242.2_8737492_8	DN_NC_086017.1_136773097_2	genuine	0.3144	0.631	1744	1514	1744	1514	2764	3501	0.4324	0.4324
EEF2KMT	LOC101139163	DN_NC_073242.2_8737492_8	DN_NC_086017.1_141278779_5	truthbar	0.3263	0.8163	1884	1687	1884	1687	2764	2308	0.6103	0.6103
EEF2KMT	LOC101152938	DN_NC_073233.2_75718276_6	DN_NC_073242.2_8737492_8	truthbar	0.3111	0.8745	2417	2113	2417	2113	3428	2764	0.6164	0.6164
EEF2KMT	LOC115934341	DN_NC_073242.2_8737492_8	DN_NC_086017.1_85330170_7	truthbar	0.3526	1.0536	2674	2314	2674	2314	2764	2538	0.8372	0.8372
EHD1	EHD3	DN_NC_073233.2_72751588_5	DN_NC_073236.2_108637713_6	truthbar	0.4502	0.4111	1461	1223	1461	1223	3554	4980	0.2456	0.2456
EIF1AX	LOC101137900	DN_NC_073238.2_32661686_2	DN_NC_073247.2_30604924_7	TP	0.4016	0.8687	1700	1617	1700	1617	1957	4535	0.3566	0.3566
EIF2AK4	SRP14	DN_NC_073240.2_40710955_17	DN_NC_073240.2_40740697_5	genuine	0.2602	0.2589	562	562	562	562	2171	3830	0.1467	0.1467
EIF3E	KHDC1	DN_NC_073229.2_97353754_3	DN_NC_073231.2_114003443_13	genuine	0.2398	0.541	1498	1396	1498	1396	3769	2769	0.3704	0.3704
EMG1	LPCAT3	DN_NC_073234.2_22631499_6	DN_NC_073234.2_22636891_13	genuine	0.2735	0.6022	1570	1152	1570	1152	4991	2607	0.2308	0.2308
EML5	ZC3H14	DN_NC_073239.2_105498614_17	DN_NC_073239.2_105549018_9	genuine	0.6204	0.6206	3003	3003	3003	3003	6081	4839	0.4938	0.4938
EOLA1	EOLA2	DN_NC_073247.2_161158664_6	DN_NC_073247.2_161607555_5	TP	0.4244	0.4244	1173	1173	1173	1173	6113	2764	0.1919	0.1919
EP400	LOC101150057	DN_NC_073234.2_147445272_9	DN_NC_073234.2_147580679_4	genuine	0.3348	0.3352	705	699	705	699	2719	2103	0.2571	0.2571
EPCIP	LOC101137472	DN_NC_073246.2_34687084_3	DN_NC_073246.2_34687085_2	genuine	0.9472	1.0277	2785	2704	2785	2704	2796	2710	0.9671	0.9671
ERCC1	POLR1G	DN_NC_073244.2_56915266_3	DN_NC_073244.2_56916454_10	TP	0.6722	0.6722	1593	1593	1593	1593	2370	3388	0.4702	0.4702
ESRRA	TPTE2	DN_NC_073233.2_72203709_7	DN_NC_073238.2_33853352_3	genuine	0.235	0.5485	1482	1388	1482	1388	2702	3501	0.3965	0.3965
ETFDH	PPID	DN_NC_073227.2_179688123_13	DN_NC_073227.2_179727029_10	TP	0.3906	0.3861	1466	1466	1466	1466	5373	3797	0.2728	0.2728
ETFRF1	KRAS	DN_NC_073234.2_76035232_5	DN_NC_073234.2_76077727_3	genuine	0.7239	0.7239	3275	3275	3275	3275	5410	4524	0.6054	0.6054
EXOG	RPL18A	DN_NC_073244.2_24302535_5	DN_NC_086017.1_48397256_6	genuine	0.4701	0.8687	582	520	582	520	670	4320	0.1204	0.1204
EXOSC3	TRMT10B	DN_NC_073237.2_25172073_4	DN_NC_073237.2_25176692_9	genuine	0.6631	0.6631	2114	2114	2114	2114	3188	3846	0.5497	0.5497
FAHD2B	LOC101146690	DN_NC_073236.2_32048256_8	DN_NC_073236.2_34983788_9	genuine	0.8537	0.8537	1126	1107	1126	1107	1319	1454	0.7613	0.7613
FAM136A	LOC101147326	DN_NC_073228.2_28439701_5	DN_NC_073236.2_69434930_3	genuine	0.4246	0.9543	1733	1600	1733	1600	5307	1816	0.3015	0.3015
FAM13C	PHYHIPL	DN_NC_073232.2_56389207_14	DN_NC_073232.2_56509561_5	genuine	0.4794	0.4773	1609	1609	1609	1609	3371	5311	0.3030	0.3030
FAM200A	LOC101145047	DN_NC_073227.2_23893974_2	DN_NC_073230.2_89274458_2	genuine	0.5685	0.6331	1558	1314	1558	1314	4262	2461	0.3083	0.3083
FAM228B	MTHFD2L	DN_NC_073227.2_94499432_2	DN_NC_073236.2_115828789_3	genuine	0.3256	0.6271	2556	2341	2556	2341	4076	4287	0.5461	0.5461
FAM228B	ZNF626	DN_NC_073236.2_115828789_3	DN_NC_073244.2_27139185_2	genuine	0.2572	0.7533	2308	2038	2308	2038	4287	3064	0.4754	0.4754
FAM236B	LOC129530010	DN_NC_073247.2_84517974_3	DN_NC_073247.2_84678651_3	genuine	0.6974	1.0263	468	456	468	456	456	563	0.8099	0.8099
FANCL	VRK2	DN_NC_073236.2_81530457_14	DN_NC_073236.2_81606261_13	genuine	0.2704	0.2709	479	479	479	479	1768	7784	0.0615	0.0615
FBXO17	LOC109027124	DN_NC_073229.2_194862622_5	DN_NC_073244.2_50702615_6	genuine	0.2404	0.378	415	376	415	376	1098	2237	0.1681	0.1681
FCGR2A	FCGR2B	DN_NC_073224.2_95093869_7	DN_NC_073224.2_95171181_7	truthbar	0.2621	0.3175	682	595	682	1217	2148	2694	0.2209	0.4517
FGD1	TSR2	DN_NC_073247.2_64556424_5	DN_NC_073247.2_64561534_19	genuine	0.2796	0.2768	969	969	969	969	4747	3501	0.2041	0.2041
FGF2	NUDT6	DN_NC_073227.2_142943898_3	DN_NC_073227.2_143010447_5	TP	0.4208	0.4208	648	648	648	648	6346	1540	0.1021	0.1021
FIP1L1	LNX1	DN_NC_073227.2_72845455_9	DN_NC_073227.2_72905683_18	genuine	0.4397	0.4382	1751	1751	1751	1751	3996	5428	0.3226	0.3226
FKBP15	SLC31A2	DN_NC_073237.2_109499325_4	DN_NC_073237.2_109511989_28	genuine	0.4088	0.4088	2631	2631	2631	2631	6626	6436	0.3971	0.3971
FKBP9	LOC101129903	DN_NC_073230.2_40386475_10	DN_NC_073230.2_63523034_4	TP	0.4661	0.7798	2061	2026	2061	2026	3470	2643	0.5839	0.5839
FOXO1	LOC115933254	DN_NC_073236.2_32935299_2	DN_NC_073238.2_54832744_2	genuine	0.3255	0.8849	3368	3329	3368	3329	3806	4725	0.7046	0.7046
FRG1	LOC115933219	DN_NC_073227.2_210893336_9	DN_NC_073245.2_42779121_5	TP	0.2217	0.5957	610	432	610	432	1024	5287	0.0817	0.0817
FRG1	LOC129526395	DN_NC_073227.2_210893336_9	DN_NC_073238.2_24693721_8	TP	0.4893	0.5557	569	556	569	556	1024	3701	0.1502	0.1502
FRG1	LOC129526550	DN_NC_073227.2_210893336_9	DN_NC_073239.2_44147073_8	TP	0.3984	0.4561	467	450	467	450	1024	3375	0.1333	0.1333
FRG1	LOC129526557	DN_NC_073227.2_210893336_9	DN_NC_073239.2_44758266_8	genuine	0.2939	0.8828	904	747	904	747	1024	3544	0.2108	0.2108
FRG1	LOC129530429	DN_NC_073227.2_210893336_9	DN_NC_073248.2_10847471_7	truthbar	0.4043	0.6836	700	653	700	653	1024	3677	0.1776	0.1776
FRG1	LOC129531431	DN_NC_073227.2_210893336_9	DN_NC_073236.2_26203134_8	TP	0.3984	0.4648	476	460	476	460	1024	3414	0.1347	0.1347
FRG1	LOC129532224	DN_NC_073227.2_210893336_9	DN_NC_073235.2_34402342_7	genuine	0.2246	0.5586	572	400	572	400	1024	2362	0.1693	0.1693
GALNT17	LOC115935264	DN_NC_073230.2_80576116_9	DN_NC_073230.2_81087606_7	genuine	0.4265	0.6203	1751	1722	1751	1722	2823	2975	0.5788	0.5788
GATC	SRSF9	DN_NC_073234.2_135871466_4	DN_NC_073234.2_135886660_4	TP	0.4406	0.4406	497	497	497	497	4234	1128	0.1174	0.1174
GBA1	LOC101127437	DN_NC_073224.2_101578782_11	DN_NC_073224.2_101602135_9	TP	0.3588	0.832	1936	1621	1936	1621	2327	2588	0.6264	0.6264
GBP2	GBP3	DN_NC_073224.2_150859518_11	DN_NC_073224.2_150948916_11	truthbar	0.373	0.4962	1680	1425	1680	1425	4433	3386	0.3215	0.3215
GBP2	LOC101130426	DN_NC_073224.2_150859518_11	DN_NC_073224.2_150903711_11	truthbar	0.3176	0.4033	1604	1340	1604	1340	4433	3977	0.3023	0.3023
GBP3	LOC101130426	DN_NC_073224.2_150903711_11	DN_NC_073224.2_150948916_11	truthbar	0.5171	0.738	2499	2233	2499	2233	3977	3386	0.5615	0.5615
GBP4	GBP6	DN_NC_073224.2_150600792_11	DN_NC_073224.2_150787798_12	truthbar	0.5839	0.3518	1061	906	1061	906	3016	3984	0.2274	0.2274
GIMAP4	LOC109025730	DN_NC_073224.2_123525276_5	DN_NC_073230.2_159385621_3	genuine	0.3441	0.3562	473	434	473	863	1328	3688	0.1177	0.2340
GIMAP4	PDCD5	DN_NC_073230.2_159385621_3	DN_NC_073244.2_43610901_6	genuine	0.3739	0.3747	471	454	471	454	3688	1257	0.1231	0.1231
GIMAP4	SPC25	DN_NC_073230.2_159385621_3	DN_NC_073235.2_71373985_7	genuine	0.2449	0.3463	471	445	471	445	3688	1360	0.1207	0.1207
GLIPR1	KRR1	DN_NC_073234.2_90802099_6	DN_NC_073234.2_90815331_10	genuine	0.4329	0.4333	1134	1134	1134	1134	2617	8408	0.1349	0.1349
GLMP	TMEM79	DN_NC_073224.2_100532147_6	DN_NC_073224.2_100535401_4	genuine	0.3675	0.3675	1046	1046	1046	1046	4225	2846	0.2476	0.2476
GLT8D2	TDG	DN_NC_073234.2_119380821_10	DN_NC_073234.2_119401970_11	genuine	0.6238	0.6238	2628	2628	2628	2628	4272	4213	0.6152	0.6152
GLUD1	GLUD2	DN_NC_073232.2_99433455_13	DN_NC_073247.2_132688708_2	TP	0.7331	0.8402	2197	2113	2197	2113	3474	2615	0.6082	0.6082
GNG5	RPF1	DN_NC_073224.2_155484145_3	DN_NC_073224.2_155489872_9	genuine	0.6307	0.6273	1121	1121	1121	1121	1787	4829	0.2321	0.2321
GPAT4	LOC101133668	DN_NC_073230.2_74190280_2	DN_NC_073231.2_79866967_2	genuine	0.2929	0.8579	2463	2403	2463	2403	4221	2871	0.5693	0.5693
GPN1	SUPT7L	DN_NC_073236.2_112253211_6	DN_NC_073236.2_112264496_14	genuine	0.6197	0.6197	2397	2397	2397	2397	5828	3868	0.4113	0.4113
GPR89A	LOC101128637	DN_NC_073224.2_116008764_12	DN_NC_073224.2_124490902_14	genuine	0.5039	1.0877	2368	2156	2368	2156	2177	5527	0.3901	0.3901
GRTP1	LAMP1	DN_NC_073238.2_128177434_9	DN_NC_073238.2_128201955_8	genuine	0.6147	0.6147	1611	1611	1611	1611	4282	2621	0.3762	0.3762
GSTM1	GSTM4	DN_NC_073224.2_129211328_8	DN_NC_073224.2_130416112_8	TP	0.4365	0.4365	602	553	602	1006	6652	1379	0.0831	0.1512
GSTM1	GSTM5	DN_NC_073224.2_129191737_8	DN_NC_073224.2_129211328_8	truthbar	0.4182	0.5565	1122	1055	1122	1055	2016	6652	0.1586	0.1586
GSTM1	LOC129530196	DN_NC_073224.2_129200469_3	DN_NC_073248.2_27104145_4	genuine	0.1906	0.4821	592	517	592	517	1228	3599	0.1437	0.1437
GSTM2	LOC101126097	DN_NC_073224.2_115215234_17	DN_NC_073224.2_130013703_13	genuine	0.423	0.9984	3196	2797	3196	2797	4399	3201	0.6358	0.6358
GSTM2	LOC101129940	DN_NC_073224.2_124983304_5	DN_NC_073224.2_130157457_4	genuine	0.788	1.0214	5873	5723	5873	5723	6616	5750	0.8650	0.8650
GSTM2	LOC101135585	DN_NC_073224.2_129970070_21	DN_NC_073224.2_130335848_23	genuine	0.4989	0.6547	2575	2541	2575	2541	4558	3933	0.5575	0.5575
GSTM2	LOC109023809	DN_NC_073224.2_117447152_14	DN_NC_073224.2_130305133_13	genuine	0.2564	1.0181	6412	6212	6412	6212	6411	6298	0.9690	0.9690
GSTM2	LOC115930164	DN_NC_073224.2_129970070_21	DN_NC_073224.2_223156764_8	genuine	0.3036	0.8901	2275	2024	2275	2024	4558	2556	0.4441	0.4441
GSTM2	LOC115932984	DN_NC_073224.2_129970070_21	DN_NC_073224.2_130224824_25	genuine	0.2346	0.6288	2619	2582	2619	4119	4558	4165	0.5665	0.9037
GSTM2	LOC115933235	DN_NC_073224.2_129429039_7	DN_NC_073224.2_129970070_21	genuine	0.5893	1.0	2498	2482	2498	2482	2498	4558	0.5445	0.5445
GSTM2	LOC115933241	DN_NC_073224.2_115073393_19	DN_NC_073224.2_129970070_21	genuine	0.3804	0.8149	3576	3460	3576	4158	4388	4558	0.7591	0.9122
GSTM2	LOC129525330	DN_NC_073224.2_125594338_29	DN_NC_073224.2_129970070_21	genuine	0.2328	0.6135	2575	2534	2575	2534	4197	4558	0.5559	0.5559
GSTM2	LOC129525331	DN_NC_073224.2_125055626_35	DN_NC_073224.2_129970070_21	genuine	0.2143	0.5952	2713	2662	2713	2662	4929	4558	0.5401	0.5401
GSTM2	LOC129525599	DN_NC_073224.2_116807774_25	DN_NC_073224.2_129970070_21	genuine	0.6679	0.8251	2713	2644	2713	2644	3288	4558	0.5801	0.5801
GSTM2	LOC134756861	DN_NC_073224.2_117494263_25	DN_NC_073224.2_129970070_21	genuine	0.6682	0.8251	2713	2651	2713	2651	3288	4558	0.5816	0.5816
GSTM2	LOC134756922	DN_NC_073224.2_117217199_13	DN_NC_073224.2_130013703_13	genuine	0.9713	1.0	3201	3149	3201	3149	5630	3201	0.5593	0.5593
GSTM2	LOC134757399	DN_NC_073224.2_130406472_2	DN_NC_073241.2_80636266_2	genuine	0.2493	0.2917	783	698	783	698	2684	4286	0.1629	0.1629
GSTM2	SEC22B	DN_NC_073224.2_117114419_5	DN_NC_073224.2_130157457_4	genuine	0.3202	1.0212	5872	5658	5872	5658	6641	5750	0.8520	0.8520
GSTM2	TRIP13	DN_NC_073224.2_130305133_13	DN_NC_073243.2_111262956_13	genuine	0.1916	0.3212	1462	1335	1462	1335	6298	4551	0.2120	0.2120
GSTM4	GSTM5	DN_NC_073224.2_129191737_8	DN_NC_073224.2_130416112_8	truthbar	0.4402	0.4365	602	545	602	545	2016	1379	0.2703	0.2703
HCFC1R1	THOC6	DN_NC_073242.2_6668831_3	DN_NC_073242.2_6668959_13	genuine	0.4695	0.4737	450	450	450	450	950	2708	0.1662	0.1662
HDGFL3	TM6SF1	DN_NC_073240.2_84645975_10	DN_NC_073240.2_84673981_6	genuine	0.6009	0.5986	1524	1524	1524	1524	2546	4714	0.3233	0.3233
HERC2	LOC115930830	DN_NC_073240.2_29509629_20	DN_NC_073240.2_31271054_17	genuine	0.2543	0.6675	2236	2024	2236	2024	4459	3350	0.4539	0.4539
HERC2	LOC129527054	DN_NC_073240.2_23337808_11	DN_NC_073240.2_29369420_15	genuine	0.6185	0.9029	2426	2402	2426	2402	2687	3206	0.7492	0.7492
HERC2	LOC129527072	DN_NC_073240.2_24965661_3	DN_NC_073240.2_29509629_20	genuine	0.2719	0.8098	1754	1597	1754	1597	2166	4459	0.3582	0.3582
HNRNPA1	LOC101136459	DN_NC_073234.2_47062440_10	DN_NC_073238.2_67037804_5	genuine	0.5115	0.5866	1352	1322	1352	1322	3311	2305	0.3993	0.3993
HNRNPH1	HNRNPH2	DN_NC_073228.2_183595646_14	DN_NC_073247.2_113184615_2	truthbar	0.609	0.5292	1206	1070	1206	1070	2296	2279	0.4660	0.4660
HSPA1L	LOC101131586	DN_NC_073229.2_49412455_2	DN_NC_073229.2_49429142_2	genuine	0.6732	0.5668	1535	1287	1535	1613	2708	3197	0.4026	0.5045
HSPA2	LOC101131586	DN_NC_073229.2_49424718_2	DN_NC_073239.2_81444992_2	truthbar	0.4873	0.4992	1296	1081	1296	1081	3516	2596	0.3075	0.3075
IFITM1	IFITM2	DN_NC_073233.2_6759783_2	DN_NC_073233.2_6761147_2	truthbar	0.8782	0.8782	1067	1067	1067	1067	1865	1215	0.5721	0.5721
IFITM2	LOC101128980	DN_NC_073233.2_6759783_2	DN_NC_073233.2_6771931_2	TP	0.57	0.8394	695	637	695	637	1865	828	0.3416	0.3416
IFT20	TMEM97	DN_NC_073228.2_64755384_5	DN_NC_073228.2_64760968_3	genuine	0.4655	0.4655	411	411	411	411	883	4395	0.0935	0.0935
IGBP1	IGBP1C	DN_NC_073228.2_33351168_2	DN_NC_073247.2_81944671_6	TP	0.5703	0.7309	1138	1035	1138	1035	1557	1861	0.5562	0.5562
IGSF3	LOC129526379	DN_NC_073224.2_120975632_11	DN_NC_073238.2_24435116_16	TP	0.4585	0.4676	1567	1370	1567	1370	7341	3351	0.1866	0.1866
IKBKG	LOC115932121	DN_NC_073247.2_166164942_10	DN_NC_073247.2_166250782_8	TP	0.7542	0.7547	1449	1449	1449	1449	2310	1920	0.6273	0.6273
IKZF5	PSTK	DN_NC_073232.2_135254310_6	DN_NC_073232.2_135264721_4	genuine	0.8914	0.8914	3925	3925	3925	3925	5714	4403	0.6869	0.6869
ILF2	SNAPIN	DN_NC_073224.2_103138337_14	DN_NC_073224.2_103145991_4	genuine	0.407	0.407	770	770	770	770	1892	3090	0.2492	0.2492
IQUB	LOC129526638	DN_NC_073230.2_132467242_13	DN_NC_073239.2_70164897_2	genuine	0.2477	0.6582	1419	1143	1419	1143	5785	2156	0.1976	0.1976
JMJD8	STUB1	DN_NC_073242.2_4304426_7	DN_NC_073242.2_4305661_8	TP	0.3153	0.465	612	530	612	530	1316	1856	0.2856	0.2856
KAT5	RNASEH2C	DN_NC_073233.2_73623857_14	DN_NC_073233.2_73629498_4	genuine	0.2492	0.4531	1020	801	1020	801	2251	2860	0.2801	0.2801
KDM5C	KDM5D	DN_NC_073247.2_63315044_26	DN_NC_073248.2_27118037_27	truthbar	0.2697	0.6332	4320	3673	4320	3673	6823	7303	0.5029	0.5029
KDM8	LOC129523519	DN_NC_073242.2_26867490_8	DN_NC_073242.2_27157172_8	TP	0.9997	1.0	3961	3957	3961	3957	4066	3961	0.9732	0.9732
KHNYN	SDR39U1	DN_NC_073239.2_32209364_6	DN_NC_073239.2_32210799_7	genuine	0.5962	0.5962	728	728	728	728	1221	6571	0.1108	0.1108
KIF27	LOC115935769	DN_NC_073237.2_80081336_11	DN_NC_073237.2_82042769_5	genuine	0.3454	0.406	1427	1396	1427	1396	3515	3816	0.3658	0.3658
KLHL33	PDCD5	DN_NC_073239.2_36370724_4	DN_NC_073244.2_43610901_6	genuine	0.2013	0.3731	469	444	469	444	7296	1257	0.0609	0.0609
KMT2C	LOC129526385	DN_NC_073230.2_161022909_27	DN_NC_073238.2_22875925_6	genuine	0.3125	0.3125	720	704	720	704	4127	2304	0.1706	0.1706
KMT2C	LOC129526398	DN_NC_073230.2_161022909_27	DN_NC_073238.2_24580375_8	genuine	0.2942	0.2942	719	704	719	704	4127	2444	0.1706	0.1706
KRT18	LOC101153891	DN_NC_073224.2_27333739_3	DN_NC_073234.2_48400691_7	genuine	0.5851	0.8792	1354	1228	1354	1228	3123	1540	0.3932	0.3932
KRT18	LOC109026917	DN_NC_073228.2_64771950_2	DN_NC_073234.2_48400691_7	genuine	0.2727	0.889	1369	1231	1369	1231	3427	1540	0.3592	0.3592
KRT8	TTBK2	DN_NC_073234.2_48448103_8	DN_NC_073240.2_43610228_10	genuine	0.2242	0.6877	1374	1244	1374	1244	1998	2670	0.4659	0.4659
KYAT3	RBMX	DN_NC_073224.2_150982352_2	DN_NC_073247.2_148580448_11	genuine	0.3394	0.986	3585	3366	3585	3366	4914	3636	0.6850	0.6850
LAGE3	LOC101137029	DN_NC_073237.2_30974188_2	DN_NC_073247.2_166096407_3	genuine	0.4509	0.8799	564	499	564	499	1227	641	0.4067	0.4067
LIMS1	LOC101146691	DN_NC_073236.2_46553268_10	DN_NC_073236.2_47822803_9	TP	0.3281	0.9074	3607	3440	3607	3440	4611	3975	0.7460	0.7460
LINC02693	LOC109025320	DN_NC_073228.2_78970117_3	DN_NC_073242.2_66481481_2	TP	0.2001	1.0208	5495	5149	5495	5149	5504	5383	0.9355	0.9355
LINC02693	LOC129527663	DN_NC_073242.2_66481481_2	DN_NC_073242.2_68108553_2	genuine	0.5751	1.0082	5427	5375	5427	5375	5383	6042	0.8896	0.8896
LIPA	LOC109025730	DN_NC_073224.2_123525276_5	DN_NC_073232.2_101543079_10	genuine	0.2206	0.3486	463	426	463	426	1328	3767	0.1131	0.1131
LIPA	PDCD5	DN_NC_073232.2_101543079_10	DN_NC_073244.2_43610901_6	genuine	0.2339	0.3739	470	444	470	444	3767	1257	0.1179	0.1179
LIPA	SPC25	DN_NC_073232.2_101543079_10	DN_NC_073235.2_71373985_7	genuine	0.2154	0.3456	470	443	470	443	3767	1360	0.1176	0.1176
LIPK	RNLS	DN_NC_073232.2_100896386_2	DN_NC_073232.2_100896386_3	genuine	0.8582	0.8582	2064	2064	2064	2064	3083	2405	0.6695	0.6695
LOC101123934	SLC2A14	DN_NC_073234.2_23452056_11	DN_NC_073234.2_23565467_10	TP	0.5556	0.9256	3197	3017	3197	3017	3454	4065	0.7422	0.7422
LOC101123970	LOC129527614	DN_NC_073242.2_26889052_8	DN_NC_073242.2_27178722_8	TP	1.0	1.0	1032	1028	1032	1028	1032	1523	0.6750	0.6750
LOC101123988	LOC101129171	DN_NC_073244.2_26314241_4	DN_NC_073244.2_29557605_4	truthbar	0.3383	0.59	1648	1362	1648	1941	3613	2793	0.3770	0.5372
LOC101123988	LOC101137462	DN_NC_073244.2_27285351_4	DN_NC_073244.2_29557605_4	truthbar	0.4375	0.677	1891	1470	1891	1470	4682	2793	0.3140	0.3140
LOC101123988	LOC101141027	DN_NC_073244.2_27765726_4	DN_NC_073244.2_29557605_4	truthbar	0.4801	0.7526	1947	1595	1947	1595	2587	2793	0.5711	0.5711
LOC101123988	LOC101142646	DN_NC_073244.2_27869273_3	DN_NC_073244.2_29557605_4	truthbar	0.3534	0.5485	1532	1204	1532	1204	2996	2793	0.4019	0.4019
LOC101123988	LOC101144838	DN_NC_073244.2_28256975_5	DN_NC_073244.2_29557605_4	truthbar	0.3559	0.6309	1762	1359	1762	1359	4445	2793	0.3057	0.3057
LOC101123988	LOC101153126	DN_NC_073244.2_29297022_4	DN_NC_073244.2_29557605_4	truthbar	0.4834	0.6502	1816	1515	1816	1515	4794	2793	0.3160	0.3160
LOC101123988	LOC115930172	DN_NC_073244.2_27051998_4	DN_NC_073244.2_29557605_4	genuine	0.3652	0.6864	1917	1435	1917	1435	3768	2793	0.3808	0.3808
LOC101123988	LOC115931567	DN_NC_073244.2_27566430_5	DN_NC_073244.2_29557605_4	genuine	0.3906	0.5883	1643	1332	1643	1332	2818	2793	0.4727	0.4727
LOC101123988	LOC115931568	DN_NC_073244.2_28072858_4	DN_NC_073244.2_29557605_4	truthbar	0.3588	0.609	1701	1269	1701	1269	3356	2793	0.3781	0.3781
LOC101123988	LOC115931576	DN_NC_073244.2_29046961_4	DN_NC_073244.2_29557605_4	truthbar	0.4275	0.6817	1904	1503	1904	1503	4064	2793	0.3698	0.3698
LOC101123988	LOC129527827	DN_NC_073242.2_66613619_4	DN_NC_073244.2_29557605_4	genuine	0.2055	0.6917	1932	1527	1932	1527	4063	2793	0.3758	0.3758
LOC101123988	LOC129528947	DN_NC_073244.2_27408454_4	DN_NC_073244.2_29557605_4	genuine	0.4554	0.6953	1942	1533	1942	1533	3831	2793	0.4002	0.4002
LOC101123988	ZNF254	DN_NC_073244.2_29557605_4	DN_NC_073244.2_30438340_4	truthbar	0.4919	0.3208	896	761	896	761	2793	4060	0.1874	0.1874
LOC101123988	ZNF273	DN_NC_073230.2_74299233_4	DN_NC_073244.2_29557605_4	truthbar	0.4332	0.6026	1683	1424	1683	1424	3761	2793	0.3786	0.3786
LOC101123988	ZNF429	DN_NC_073244.2_27956158_2	DN_NC_073244.2_29557605_4	truthbar	0.618	0.5398	1173	920	1173	920	2173	2793	0.3294	0.3294
LOC101123988	ZNF430	DN_NC_073244.2_27504818_5	DN_NC_073244.2_29557605_4	truthbar	0.3863	0.643	1796	1380	1796	1380	3686	2793	0.3744	0.3744
LOC101123988	ZNF626	DN_NC_073244.2_27131194_2	DN_NC_073244.2_29557605_4	truthbar	0.3505	0.3262	911	770	911	770	3140	2793	0.2452	0.2452
LOC101123988	ZNF675	DN_NC_073244.2_29557605_4	DN_NC_073244.2_29970261_4	truthbar	0.5395	0.8924	1965	1525	1965	1525	2793	2202	0.5460	0.5460
LOC101123988	ZNF680	DN_NC_073230.2_73977205_4	DN_NC_073244.2_29557605_4	truthbar	0.4239	0.6942	1939	1369	1939	1369	3255	2793	0.4206	0.4206
LOC101123988	ZNF681	DN_NC_073244.2_29557605_4	DN_NC_073244.2_30067652_4	truthbar	0.4805	0.6917	1932	1567	1932	1567	2793	5815	0.2695	0.2695
LOC101123988	ZNF723	DN_NC_073244.2_29232445_4	DN_NC_073244.2_29557605_4	truthbar	0.2742	0.4154	962	752	962	752	2316	2793	0.2692	0.2692
LOC101123988	ZNF92	DN_NC_073230.2_74637722_4	DN_NC_073244.2_29557605_4	truthbar	0.4253	0.6627	1851	1436	1851	1436	3291	2793	0.4363	0.4363
LOC101124026	LOC101141789	DN_NC_073237.2_109453117_3	DN_NC_073237.2_109461576_3	TP	0.9803	0.9982	5661	5648	5661	5648	5865	5671	0.9630	0.9630
LOC101124243	NOM1	DN_NC_073224.2_6827773_11	DN_NC_073230.2_165840202_11	TP	0.5098	0.9997	3153	3071	3153	3071	3154	3831	0.8016	0.8016
LOC101124683	LOC115930071	DN_NC_073239.2_35396913_9	DN_NC_073239.2_35520561_9	TP	0.9991	1.0	3191	3190	3191	3190	3191	4560	0.6996	0.6996
LOC101124732	LOC101145690	DN_NC_073244.2_69923242_3	DN_NC_073244.2_70009554_3	truthbar	0.4912	0.5786	2080	1945	2080	1945	4651	3595	0.4182	0.4182
LOC101124732	ZNF418	DN_NC_073244.2_69975553_3	DN_NC_073244.2_70024584_5	truthbar	0.2174	0.527	1491	1068	1491	1068	2829	3570	0.2992	0.2992
LOC101125339	XKR8	DN_NC_073224.2_211985035_3	DN_NC_073230.2_12413521_6	genuine	0.2302	0.7194	1600	1414	1600	1414	2224	4081	0.3465	0.3465
LOC101125415	LOC101133440	DN_NC_073227.2_17445647_6	DN_NC_073231.2_11581641_7	truthbar	0.3745	0.9402	2139	1877	2139	1877	2450	2275	0.7661	0.7661
LOC101125415	LOC101137806	DN_NC_073227.2_17445647_6	DN_NC_086017.1_136773097_2	genuine	0.4094	0.7114	1743	1623	1743	1623	2450	3501	0.4636	0.4636
LOC101125415	LOC101139163	DN_NC_073227.2_17445647_6	DN_NC_086017.1_141278779_5	TP	0.4138	0.7543	1741	1627	1741	1627	2450	2308	0.6641	0.6641
LOC101125415	LOC101152938	DN_NC_073227.2_17445647_6	DN_NC_073233.2_75718276_6	truthbar	0.3388	0.8229	2016	1767	2016	1767	2450	3428	0.5155	0.5155
LOC101125415	LOC115934341	DN_NC_073227.2_17445647_6	DN_NC_086017.1_85330170_7	TP	0.3743	0.8743	2142	1970	2142	1970	2450	2538	0.7762	0.7762
LOC101126025	LOC109023154	DN_NC_073239.2_123333518_3	DN_NC_073239.2_123454429_2	genuine	0.2841	0.3009	968	907	968	907	3602	3217	0.2518	0.2518
LOC101126025	LOC109025730	DN_NC_073224.2_123525276_5	DN_NC_073239.2_123449122_2	genuine	0.3486	0.3411	453	425	453	425	1328	4495	0.0945	0.0945
LOC101126025	PDCD5	DN_NC_073239.2_123449122_2	DN_NC_073244.2_43610901_6	genuine	0.3715	0.362	455	422	455	422	4495	1257	0.0939	0.0939
LOC101126025	SPC25	DN_NC_073235.2_71373985_7	DN_NC_073239.2_123449122_2	genuine	0.2419	0.3346	455	431	455	431	1360	4495	0.0959	0.0959
LOC101126065	ZNF347	DN_NC_073244.2_65003440_7	DN_NC_073244.2_65073171_5	truthbar	0.2194	0.3803	2307	1628	2307	1628	6067	7944	0.2049	0.2049
LOC101126070	LOC115935264	DN_NC_073230.2_76425037_7	DN_NC_073230.2_81087606_7	genuine	0.2134	0.4139	865	745	865	745	2090	2975	0.2504	0.2504
LOC101126070	LOC129534728	DN_NC_073230.2_76190196_16	DN_NC_073230.2_82009167_15	TP	0.4986	1.0161	3350	3213	3350	3213	3674	3297	0.8745	0.8745
LOC101126097	LOC134756922	DN_NC_073224.2_115215234_17	DN_NC_073224.2_117217199_13	genuine	0.3076	0.7265	3196	2793	3196	2793	4399	5630	0.4961	0.4961
LOC101126280	PCDHB15	DN_NC_073228.2_144957130_2	DN_NC_073228.2_145079904_2	truthbar	0.4027	0.3581	1054	1004	1054	1004	2943	6798	0.1477	0.1477
LOC101126280	PCDHB16	DN_NC_073228.2_144957130_2	DN_NC_073228.2_145022553_2	truthbar	0.4806	0.4239	1025	980	1025	980	2943	2418	0.3330	0.3330
LOC101126280	PCDHB2	DN_NC_073228.2_144930567_2	DN_NC_073228.2_144957130_2	truthbar	0.421	0.3605	1061	1013	1061	1013	3590	2943	0.2822	0.2822
LOC101126280	PCDHB5	DN_NC_073228.2_144957130_2	DN_NC_073228.2_144970572_2	truthbar	0.3911	0.3605	1061	1009	1061	1009	2943	4562	0.2212	0.2212
LOC101127500	MYL12B	DN_NC_073241.2_47004815_4	DN_NC_073241.2_47028473_4	TP	0.2707	0.2909	533	507	533	507	3331	1832	0.1522	0.1522
LOC101127609	LOC101154433	DN_NC_073242.2_104912717_12	DN_NC_073242.2_99604879_12	TP	0.459	1.0026	1942	1913	1942	1913	2577	1937	0.7423	0.7423
LOC101127609	LOC115930161	DN_NC_073242.2_104912717_12	DN_NC_073242.2_99181437_12	TP	0.5836	1.0	2577	2552	2577	2552	2577	2640	0.9667	0.9667
LOC101127609	LOC129527724	DN_NC_073242.2_104350782_12	DN_NC_073242.2_104912717_12	truthbar	1.0	1.0	2375	2375	2375	2375	2375	2577	0.9216	0.9216
LOC101127631	ZNF569	DN_NC_073244.2_48660338_4	DN_NC_073244.2_48919547_6	TP	0.8963	0.8963	3536	3519	3536	3519	3945	4697	0.7492	0.7492
LOC101128088	LOC101128458	DN_NC_073242.2_96060106_12	DN_NC_073242.2_96161607_12	TP	0.4844	0.9962	2363	2230	2363	2230	3256	2372	0.6849	0.6849
LOC101128088	LOC115931020	DN_NC_073242.2_96073882_12	DN_NC_073242.2_96161607_12	TP	0.9583	0.9983	2368	2297	2368	2297	3239	2372	0.7092	0.7092
LOC101128092	LOC115933002	DN_NC_073228.2_46729356_10	DN_NC_073228.2_60914130_12	truthbar	0.2814	0.411	1275	1146	1275	1146	4664	3102	0.2457	0.2457
LOC101128092	LOC115934680	DN_NC_073228.2_60914130_12	DN_NC_073228.2_62340772_5	genuine	0.1976	0.2672	829	744	829	744	3102	4515	0.1648	0.1648
LOC101128351	LOC101128712	DN_NC_073244.2_17876785_4	DN_NC_073244.2_17922158_4	TP	0.3863	0.3797	1546	1437	1546	1437	4072	5059	0.2840	0.2840
LOC101128351	LOC101130507	DN_NC_073244.2_17876785_4	DN_NC_073244.2_17960497_4	truthbar	0.3328	0.8408	2446	2049	2446	2049	4072	2909	0.5032	0.5032
LOC101128351	LOC101130877	DN_NC_073244.2_17876785_4	DN_NC_073244.2_17994654_4	truthbar	0.2878	0.4769	1942	1539	1942	1539	4072	5497	0.2800	0.2800
LOC101128351	ZNF433	DN_NC_073244.2_17876785_4	DN_NC_073244.2_18047026_4	truthbar	0.2222	0.3556	832	644	832	644	4072	2340	0.1582	0.1582
LOC101128351	ZNF440	DN_NC_073244.2_17846610_4	DN_NC_073244.2_17876785_4	truthbar	0.4007	0.9349	2830	2151	2830	2151	3027	4072	0.5282	0.5282
LOC101128458	LOC115931020	DN_NC_073242.2_96060106_12	DN_NC_073242.2_96073882_12	TP	0.3547	0.7913	2563	2410	2563	2410	3256	3239	0.7402	0.7402
LOC101128712	LOC101130507	DN_NC_073244.2_17922158_4	DN_NC_073244.2_17960497_4	truthbar	0.2571	0.6707	1951	1694	1951	1694	5059	2909	0.3348	0.3348
LOC101128712	LOC101130877	DN_NC_073244.2_17922158_4	DN_NC_073244.2_17994654_4	truthbar	0.1975	0.4111	2080	1754	2080	1754	5059	5497	0.3191	0.3191
LOC101128712	ZNF440	DN_NC_073244.2_17846610_4	DN_NC_073244.2_17922158_4	TP	0.4939	0.5917	1791	1696	1791	1696	3027	5059	0.3352	0.3352
LOC101128844	LOC101137462	DN_NC_073230.2_74126483_4	DN_NC_073244.2_27285351_4	truthbar	0.2847	0.5651	2646	1705	2646	1705	5185	4682	0.3288	0.3288
LOC101128844	LOC101144838	DN_NC_073230.2_74126483_4	DN_NC_073244.2_28256975_5	truthbar	0.247	0.3831	1703	1240	1703	1240	5185	4445	0.2392	0.2392
LOC101128844	LOC101145945	DN_NC_073230.2_74126483_4	DN_NC_073244.2_28588105_4	truthbar	0.2709	0.4926	1935	1426	1935	1426	5185	3928	0.2750	0.2750
LOC101128844	LOC101147715	DN_NC_073230.2_74126483_4	DN_NC_073244.2_28820229_4	truthbar	0.2417	0.4532	2350	1518	2350	1518	5185	6414	0.2367	0.2367
LOC101128844	LOC101153126	DN_NC_073230.2_74126483_4	DN_NC_073244.2_29297022_4	truthbar	0.3888	0.4022	1928	1592	1928	1592	5185	4794	0.3070	0.3070
LOC101128844	LOC115931567	DN_NC_073230.2_74126483_4	DN_NC_073244.2_27566430_5	truthbar	0.4894	0.5447	1535	1282	1535	1282	5185	2818	0.2473	0.2473
LOC101128844	LOC115931576	DN_NC_073230.2_74126483_4	DN_NC_073244.2_29046961_4	truthbar	0.469	0.3219	1308	914	1308	1614	5185	4064	0.1763	0.3113
LOC101128844	LOC129527827	DN_NC_073230.2_74126483_4	DN_NC_073242.2_66613619_4	genuine	0.2277	0.7197	2924	2112	2924	2112	5185	4063	0.4073	0.4073
LOC101128844	LOC129528947	DN_NC_073230.2_74126483_4	DN_NC_073244.2_27408454_4	genuine	0.4093	0.6032	2311	1560	2311	2926	5185	3831	0.3009	0.5643
LOC101128844	ZNF273	DN_NC_073230.2_74126483_4	DN_NC_073230.2_74299233_4	truthbar	0.4169	0.5642	2122	1462	2122	1462	5185	3761	0.2820	0.2820
LOC101128844	ZNF429	DN_NC_073230.2_74126483_4	DN_NC_073244.2_27956158_4	truthbar	0.3026	0.921	2496	1743	2496	1743	5185	2710	0.3362	0.3362
LOC101128844	ZNF430	DN_NC_073230.2_74126483_4	DN_NC_073244.2_27504818_5	truthbar	0.3937	0.5293	1951	1365	1951	1365	5185	3686	0.2633	0.2633
LOC101128844	ZNF675	DN_NC_073230.2_74126483_4	DN_NC_073244.2_29970261_4	truthbar	0.2357	0.8447	1860	1508	1860	1508	5185	2202	0.2908	0.2908
LOC101128844	ZNF680	DN_NC_073230.2_73977205_4	DN_NC_073230.2_74126483_4	truthbar	0.3235	0.5558	1809	1461	1809	1461	3255	5185	0.2818	0.2818
LOC101128844	ZNF681	DN_NC_073230.2_74126483_4	DN_NC_073244.2_30067652_4	truthbar	0.281	0.3983	2065	1739	2065	1739	5185	5815	0.2991	0.2991
LOC101128844	ZNF723	DN_NC_073230.2_74126483_4	DN_NC_073244.2_29232445_4	truthbar	0.3709	0.7293	1689	1302	1689	1302	5185	2316	0.2511	0.2511
LOC101128844	ZNF91	DN_NC_073230.2_74126483_4	DN_NC_073244.2_29680825_4	truthbar	0.3485	0.4613	2392	1753	2392	1753	5185	5437	0.3224	0.3224
LOC101128980	LOC134758331	DN_NC_073227.2_97044821_2	DN_NC_073233.2_6771931_2	genuine	0.529	0.5302	439	436	439	436	3673	828	0.1187	0.1187
LOC101129171	LOC101136009	DN_NC_073244.2_26314241_4	DN_NC_073244.2_26901109_4	truthbar	0.2177	0.7784	2792	1638	2792	1638	3613	3587	0.4534	0.4534
LOC101129171	LOC101141027	DN_NC_073244.2_26314241_4	DN_NC_073244.2_27765726_4	truthbar	0.4252	0.6645	1719	1376	1719	1376	3613	2587	0.3808	0.3808
LOC101129171	LOC115930172	DN_NC_073244.2_26314241_4	DN_NC_073244.2_27051998_4	genuine	0.3269	0.925	3342	2635	3342	2635	3613	3768	0.6993	0.6993
LOC101129171	LOC115931567	DN_NC_073244.2_26314241_4	DN_NC_073244.2_27626411_5	truthbar	0.3263	0.3883	1403	1173	1403	2055	3613	3854	0.3044	0.5332
LOC101129171	LOC115931576	DN_NC_073244.2_26314241_4	DN_NC_073244.2_29046961_4	truthbar	0.2438	0.4783	1728	1270	1728	1270	3613	4064	0.3125	0.3125
LOC101129171	LOC129528947	DN_NC_073244.2_26314241_4	DN_NC_073244.2_27408454_4	genuine	0.3269	0.4938	1784	1423	1784	1423	3613	3831	0.3714	0.3714
LOC101129171	ZNF254	DN_NC_073244.2_26314241_4	DN_NC_073244.2_30438340_4	truthbar	0.24	0.4791	1731	1301	1731	1301	3613	4060	0.3204	0.3204
LOC101129171	ZNF273	DN_NC_073230.2_74299233_4	DN_NC_073244.2_26314241_4	truthbar	0.3258	0.4409	1593	1196	1593	1196	3761	3613	0.3180	0.3180
LOC101129171	ZNF43	DN_NC_073244.2_26314241_4	DN_NC_073244.2_28333451_4	truthbar	0.2516	0.4564	1649	1318	1649	3497	3613	4132	0.3190	0.8463
LOC101129171	ZNF430	DN_NC_073244.2_26314241_4	DN_NC_073244.2_27504818_5	truthbar	0.3258	0.4487	1621	1270	1621	1270	3613	3686	0.3445	0.3445
LOC101129171	ZNF626	DN_NC_073244.2_26314241_4	DN_NC_073244.2_27131194_2	truthbar	0.3631	0.8446	2652	2112	2652	2112	3613	3140	0.5846	0.5846
LOC101129171	ZNF680	DN_NC_073230.2_73977205_4	DN_NC_073244.2_26314241_4	truthbar	0.3456	0.4544	1479	1090	1479	1090	3255	3613	0.3017	0.3017
LOC101129171	ZNF681	DN_NC_073244.2_26314241_4	DN_NC_073244.2_30067652_4	truthbar	0.2175	0.2953	1067	840	1067	1509	3613	5815	0.1445	0.2595
LOC101129171	ZNF723	DN_NC_073244.2_26314241_4	DN_NC_073244.2_29232445_4	truthbar	0.4836	0.6429	1489	1192	1489	1192	3613	2316	0.3299	0.3299
LOC101129219	ZNF33B	DN_NC_073232.2_72820474_5	DN_NC_073232.2_81033881_5	TP	0.4566	1.0068	5466	5016	5466	5016	9116	5429	0.5502	0.5502
LOC101129558	LOC101135429	DN_NC_073245.2_11562885_6	DN_NC_073245.2_11814428_9	TP	0.3748	0.3459	935	849	935	849	2703	4033	0.2105	0.2105
LOC101129910	SDAD1	DN_NC_073227.2_96191422_22	DN_NC_073231.2_30601556_2	genuine	0.191	0.7906	3088	2771	3088	2771	4955	3906	0.5592	0.5592
LOC101129940	SEC22B	DN_NC_073224.2_117114419_5	DN_NC_073224.2_124983304_5	TP	0.2783	1.0017	6627	6496	6627	6496	6641	6616	0.9782	0.9782
LOC101130023	LOC101153131	DN_NC_073244.2_64618758_7	DN_NC_073244.2_64908457_4	truthbar	0.7124	0.821	2192	1729	2192	1729	3139	2670	0.5508	0.5508
LOC101130023	LOC109024216	DN_NC_073244.2_64618758_7	DN_NC_073244.2_65293743_4	truthbar	0.2224	0.2775	871	742	871	742	3139	4397	0.1688	0.1688
LOC101130023	OSBPL10	DN_NC_073244.2_64618758_7	DN_NC_086017.1_41849470_3	genuine	0.3495	0.339	1064	838	1064	838	3139	4410	0.1900	0.1900
LOC101130023	ZNF28	DN_NC_073244.2_64618758_7	DN_NC_073244.2_64759228_5	truthbar	0.2099	0.6314	1982	1269	1982	1269	3139	4546	0.2791	0.2791
LOC101130023	ZNF578	DN_NC_073244.2_64426370_6	DN_NC_073244.2_64618758_7	truthbar	0.2552	0.677	2125	1663	2125	1663	6763	3139	0.2459	0.2459
LOC101130023	ZNF600	DN_NC_073244.2_64618758_7	DN_NC_073244.2_64724127_4	truthbar	0.2928	0.8203	2575	1696	2575	1696	3139	4325	0.3921	0.3921
LOC101130023	ZNF611	DN_NC_073244.2_64618758_7	DN_NC_073244.2_64672255_4	truthbar	0.2383	0.814	2555	1691	2555	1691	3139	4340	0.3896	0.3896
LOC101130023	ZNF761	DN_NC_073244.2_64618758_7	DN_NC_073244.2_65362909_5	truthbar	0.2039	0.4756	1493	1092	1493	1092	3139	4515	0.2419	0.2419
LOC101130023	ZNF808	DN_NC_073244.2_64500861_5	DN_NC_073244.2_64618758_7	truthbar	0.2383	0.5451	1711	1261	1711	1261	4884	3139	0.2582	0.2582
LOC101130137	ZNF583	DN_NC_073244.2_48980018_5	DN_NC_073244.2_68513423_5	truthbar	0.4358	0.3583	717	621	717	621	2001	5280	0.1176	0.1176
LOC101130401	LOC129527528	DN_NC_073242.2_7013229_2	DN_NC_073246.2_32689693_4	genuine	0.2487	0.3747	1115	1024	1115	1024	2976	5255	0.1949	0.1949
LOC101130426	LOC101137042	DN_NC_073224.2_150567709_6	DN_NC_073224.2_150903711_11	genuine	0.2895	0.7296	2064	1936	2064	1936	2829	3977	0.4868	0.4868
LOC101130507	LOC101130877	DN_NC_073244.2_17960497_4	DN_NC_073244.2_17994654_4	truthbar	0.1925	0.7267	2114	1699	2114	2419	2909	5497	0.3091	0.4401
LOC101130507	ZNF440	DN_NC_073244.2_17846610_4	DN_NC_073244.2_17960497_4	truthbar	0.2571	1.032	3002	2275	3002	2275	3027	2909	0.7516	0.7516
LOC101130542	TCEAL6	DN_NC_073247.2_113922705_3	DN_NC_073247.2_115394224_3	TP	0.4757	0.8272	1245	1169	1245	1169	1505	6002	0.1948	0.1948
LOC101130728	LOC129523520	DN_NC_073224.2_19027212_8	DN_NC_073224.2_19135994_8	TP	0.9993	0.9993	1467	1459	1467	1459	1472	1468	0.9912	0.9912
LOC101130728	LOC129529226	DN_NC_073224.2_15670210_25	DN_NC_073224.2_19135994_8	genuine	0.4932	0.4952	727	725	727	725	3348	1468	0.2165	0.2165
LOC101130728	LOC129531982	DN_NC_073224.2_19135994_8	DN_NC_073224.2_29070818_24	genuine	0.626	0.6267	920	914	920	914	1468	3917	0.2333	0.2333
LOC101130728	LOC134756437	DN_NC_073224.2_19135994_8	DN_NC_073224.2_19235747_8	TP	1.0	1.0	1468	1459	1468	1459	1468	1474	0.9898	0.9898
LOC101130728	LOC134758712	DN_NC_073224.2_15783681_8	DN_NC_073224.2_19135994_8	TP	1.0	1.0	1468	1461	1468	1461	1474	1468	0.9912	0.9912
LOC101130728	LOC134758754	DN_NC_073224.2_19135994_8	DN_NC_073224.2_19344252_8	TP	1.0	1.0	1441	1440	1441	1440	1468	1441	0.9809	0.9809
LOC101130854	LOC115932779	DN_NC_073242.2_15911262_31	DN_NC_073242.2_29051840_13	genuine	0.6351	0.658	1778	1746	1778	1746	6507	2702	0.2683	0.2683
LOC101130854	LOC115932992	DN_NC_073242.2_15911262_31	DN_NC_073242.2_16378095_15	TP	0.2915	0.6031	1779	1669	1779	2092	6507	2950	0.2565	0.3215
LOC101130877	LOC109025073	DN_NC_073244.2_17994654_4	DN_NC_073244.2_18096775_3	genuine	0.235	0.4406	1243	861	1243	861	5497	2821	0.1566	0.1566
LOC101130877	ZNF440	DN_NC_073244.2_17846610_4	DN_NC_073244.2_17994654_4	truthbar	0.2669	0.7199	2179	1846	2179	1846	3027	5497	0.3358	0.3358
LOC101130894	LOC115933167	DN_NC_073230.2_51812102_9	DN_NC_073230.2_86213678_7	TP	0.5193	0.5428	901	883	901	883	1660	2571	0.3434	0.3434
LOC101130894	LOC129534750	DN_NC_073230.2_86128587_5	DN_NC_073230.2_86213678_7	genuine	0.4554	0.4572	497	496	497	496	1087	2571	0.1929	0.1929
LOC101131060	MMP19	DN_NC_073234.2_45519337_9	DN_NC_073234.2_45523055_3	genuine	0.5901	0.6851	2223	2043	2223	2043	3245	6249	0.3269	0.3269
LOC101131274	LOC101135585	DN_NC_073224.2_130335848_23	DN_NC_073224.2_218361248_19	truthbar	0.2067	0.6189	2434	2155	2434	2155	3933	4756	0.4531	0.4531
LOC101131274	LOC115930164	DN_NC_073224.2_218361248_19	DN_NC_073224.2_223156764_8	TP	0.9202	0.9468	2420	2373	2420	2373	4756	2556	0.4989	0.4989
LOC101131274	LOC115930576	DN_NC_073224.2_218361248_19	DN_NC_073224.2_218434129_23	TP	0.8486	0.8902	4234	4214	4234	4214	4756	5272	0.7993	0.7993
LOC101131274	LOC115932984	DN_NC_073224.2_130224824_25	DN_NC_073224.2_218361248_19	TP	0.1952	0.5846	2435	2153	2435	2153	4165	4756	0.4527	0.4527
LOC101131274	LOC115933235	DN_NC_073224.2_129429039_7	DN_NC_073224.2_218361248_19	TP	0.4724	0.9123	2279	2026	2279	2026	2498	4756	0.4260	0.4260
LOC101131274	LOC115933241	DN_NC_073224.2_115073393_19	DN_NC_073224.2_218361248_19	genuine	0.1967	0.8191	3594	2996	3594	3682	4388	4756	0.6299	0.7742
LOC101131274	LOC129525330	DN_NC_073224.2_125594338_29	DN_NC_073224.2_218361248_19	TP	0.1937	0.5802	2435	2155	2435	2155	4197	4756	0.4531	0.4531
LOC101131274	LOC129525599	DN_NC_073224.2_116807774_25	DN_NC_073224.2_218361248_19	truthbar	0.2546	0.7752	2549	2071	2549	2071	3288	4756	0.4354	0.4354
LOC101131274	LOC134756861	DN_NC_073224.2_117494263_25	DN_NC_073224.2_218361248_19	truthbar	0.2552	0.7406	2435	2144	2435	2144	3288	4756	0.4508	0.4508
LOC101131416	LOC115930154	DN_NC_073235.2_31672555_8	DN_NC_073235.2_32750477_8	TP	0.771	1.011	1470	1430	1470	1430	1454	1507	0.9489	0.9489
LOC101131460	THOC3	DN_NC_073228.2_179795915_6	DN_NC_073228.2_182778476_6	TP	1.0	1.0	2518	2499	2518	2499	2518	3080	0.8114	0.8114
LOC101131561	LOC134757427	DN_NC_073242.2_15607160_18	DN_NC_073242.2_28689005_18	genuine	0.3331	0.9448	6643	6537	6643	6537	7031	7138	0.9158	0.9158
LOC101131674	TUBB2A	DN_NC_073229.2_20766733_4	DN_NC_073242.2_120516047_4	TP	0.7718	0.7565	1286	1149	1286	1149	1700	1840	0.6245	0.6245
LOC101131674	TUBB4A	DN_NC_073242.2_120516047_4	DN_NC_073244.2_12296250_4	TP	0.7011	0.7027	1293	1157	1293	1157	1840	2302	0.5026	0.5026
LOC101131674	TUBB4B	DN_NC_073237.2_133664160_4	DN_NC_073242.2_120516047_4	truthbar	0.7245	0.5495	1011	888	1011	888	2374	1840	0.3741	0.3741
LOC101131689	ZNF234	DN_NC_073244.2_55654796_6	DN_NC_073244.2_55678004_6	truthbar	0.3392	0.3636	1579	1373	1579	1373	5083	4343	0.2701	0.2701
LOC101131768	LOC101136692	DN_NC_073236.2_46653509_10	DN_NC_073236.2_52824428_4	truthbar	0.4684	0.468	1913	1881	1913	1881	8832	4088	0.2130	0.2130
LOC101131768	LOC109025447	DN_NC_073236.2_47712811_9	DN_NC_073236.2_52824428_4	TP	0.468	0.468	1913	1879	1913	1879	5851	4088	0.3211	0.3211
LOC101131768	LOC129531666	DN_NC_073236.2_51202468_4	DN_NC_073236.2_52824428_4	TP	0.7321	0.9993	4085	4016	4085	4016	4386	4088	0.9156	0.9156
LOC101131768	LOC129531667	DN_NC_073236.2_51437835_4	DN_NC_073236.2_52824428_4	TP	1.0	1.0	3225	3173	3225	3173	3225	4088	0.7762	0.7762
LOC101131768	RGPD8	DN_NC_073236.2_49989275_2	DN_NC_073236.2_52824428_4	TP	0.4873	1.0397	4086	3680	4086	3680	3930	4088	0.9002	0.9002
LOC101131844	NSUN5	DN_NC_073230.2_82396764_10	DN_NC_073230.2_84201987_11	truthbar	0.4213	1.0146	1806	1613	1806	1613	1780	1799	0.8966	0.8966
LOC101131852	LOC129528486	DN_NC_073231.2_4571400_3	DN_NC_073244.2_6036407_2	genuine	0.2029	0.9314	1983	1887	1983	1887	5641	2129	0.3345	0.3345
LOC101131923	LOC101142371	DN_NC_073242.2_21650759_11	DN_NC_073242.2_31545375_14	genuine	0.31	0.2896	583	576	583	576	2013	3216	0.1791	0.1791
LOC101131923	RRN3	DN_NC_073242.2_21650759_11	DN_NC_073242.2_29556580_18	genuine	0.3308	0.3323	669	661	669	661	2013	6802	0.0972	0.0972
LOC101132303	LOC115935014	DN_NC_073229.2_50085643_6	DN_NC_073229.2_50300098_6	TP	0.4727	0.6563	1226	1158	1226	1158	2353	1868	0.4921	0.4921
LOC101132313	SBDS	DN_NC_073230.2_76179541_5	DN_NC_073230.2_82279960_5	genuine	0.418	1.007	1720	1662	1720	1662	3488	1708	0.4765	0.4765
LOC101132325	MKRN1	DN_NC_073230.2_149564614_8	DN_NC_073247.2_51197700_2	TP	0.4492	0.4466	1191	1111	1191	1111	3144	2667	0.3534	0.3534
LOC101132434	LOC101135843	DN_NC_086018.1_18646417_6	DN_NC_086018.1_22406144_7	TP	0.8537	0.8492	1921	1876	1921	1876	2262	2652	0.7074	0.7074
LOC101132434	LOC115932815	DN_NC_086018.1_18646417_6	DN_NC_086018.1_22166696_9	TP	0.7263	0.8479	1918	1878	1918	1878	2262	2655	0.7073	0.7073
LOC101132445	LOC129529771	DN_NC_073247.2_59744368_5	DN_NC_073247.2_59753367_5	TP	0.9963	1.0	543	543	543	543	543	1095	0.4959	0.4959
LOC101132445	LOC129529775	DN_NC_073247.2_59753367_5	DN_NC_073247.2_59782481_5	TP	1.0	1.0	579	578	579	578	1095	579	0.5279	0.5279
LOC101132881	LOC109023808	DN_NC_073239.2_98531685_2	DN_NC_073243.2_97368870_3	genuine	0.2358	0.5476	1461	1225	1461	1225	2982	2668	0.4108	0.4108
LOC101133440	LOC101137806	DN_NC_073231.2_11581641_7	DN_NC_086017.1_136773097_2	genuine	0.251	0.7648	1740	1467	1740	1467	2275	3501	0.4190	0.4190
LOC101133440	LOC101139163	DN_NC_073231.2_11581641_7	DN_NC_086017.1_141278779_5	TP	0.4484	0.7415	1687	1512	1687	1512	2275	2308	0.6551	0.6551
LOC101133440	LOC101152938	DN_NC_073231.2_11581641_7	DN_NC_073233.2_75718276_6	truthbar	0.3099	0.9446	2149	1847	2149	1847	2275	3428	0.5388	0.5388
LOC101133440	LOC115934341	DN_NC_073231.2_11581641_7	DN_NC_086017.1_85330170_7	TP	0.4945	1.0466	2381	2141	2381	2141	2275	2538	0.8436	0.8436
LOC101133546	LOC101152401	DN_NC_073244.2_64836827_4	DN_NC_073244.2_65326089_4	truthbar	0.2113	0.6957	3066	1827	3066	1827	4407	5314	0.3438	0.3438
LOC101133546	LOC109024216	DN_NC_073244.2_65293743_4	DN_NC_073244.2_65326089_4	truthbar	0.2427	0.9486	4171	3184	4171	3184	4397	5314	0.5992	0.5992
LOC101133546	LOC115931654	DN_NC_073244.2_65266359_4	DN_NC_073244.2_65326089_4	truthbar	0.2994	0.4475	2378	1968	2378	2959	5995	5314	0.3283	0.4936
LOC101133546	ZNF578	DN_NC_073244.2_64426370_6	DN_NC_073244.2_65326089_4	truthbar	0.2789	0.4132	2196	1472	2196	1472	6763	5314	0.2177	0.2177
LOC101133546	ZNF600	DN_NC_073244.2_64724127_4	DN_NC_073244.2_65326089_4	truthbar	0.2021	0.5242	2267	1553	2267	1553	4325	5314	0.2922	0.2922
LOC101133546	ZNF611	DN_NC_073244.2_64672255_4	DN_NC_073244.2_65326089_4	truthbar	0.2134	0.465	2018	1192	2018	2312	4340	5314	0.2243	0.4351
LOC101133546	ZNF701	DN_NC_073244.2_64543447_4	DN_NC_073244.2_65326089_4	truthbar	0.232	1.0154	3747	2153	3747	2153	3690	5314	0.4052	0.4052
LOC101133546	ZNF813	DN_NC_073244.2_65326089_4	DN_NC_073244.2_65398487_4	TP	0.2849	0.613	3109	2170	3109	3438	5314	5072	0.4084	0.6470
LOC101133546	ZNF888	DN_NC_073244.2_64860608_4	DN_NC_073244.2_65326089_4	truthbar	0.309	0.2913	1548	1165	1548	1968	5389	5314	0.2162	0.3652
LOC101133657	LOC101154200	DN_NC_073244.2_18307855_4	DN_NC_073244.2_18385030_4	truthbar	0.3554	0.3481	1483	1293	1483	1293	4260	4700	0.2751	0.2751
LOC101133657	ZNF443	DN_NC_073244.2_18385030_4	DN_NC_073244.2_18470484_4	truthbar	0.3759	0.4934	1537	1318	1537	1318	4700	3115	0.2804	0.2804
LOC101133657	ZNF563	DN_NC_073244.2_18356684_4	DN_NC_073244.2_18385030_4	truthbar	0.355	0.4937	1328	1017	1328	1017	2690	4700	0.2164	0.2164
LOC101133657	ZNF799	DN_NC_073244.2_18385030_4	DN_NC_073244.2_18426035_4	truthbar	0.3187	0.3306	1554	1394	1554	1394	4700	5769	0.2416	0.2416
LOC101133657	ZNF823	DN_NC_073244.2_17751584_2	DN_NC_073244.2_18385030_4	truthbar	0.6643	0.6384	1455	1299	1455	1299	2279	4700	0.2764	0.2764
LOC101133668	LOC101145945	DN_NC_073230.2_74190289_5	DN_NC_073244.2_28588105_4	genuine	0.2163	0.4346	1348	978	1348	978	3102	3928	0.2490	0.2490
LOC101133668	LOC129528947	DN_NC_073230.2_74190289_5	DN_NC_073244.2_27408454_4	genuine	0.2427	0.4007	1243	985	1243	985	3102	3831	0.2571	0.2571
LOC101133668	ZNF723	DN_NC_073230.2_74190289_5	DN_NC_073244.2_29232445_4	genuine	0.3221	0.5017	1162	974	1162	974	3102	2316	0.3140	0.3140
LOC101133668	ZNF92	DN_NC_073230.2_74190289_5	DN_NC_073230.2_74637814_2	genuine	0.197	0.3886	1156	972	1156	972	3102	2975	0.3133	0.3133
LOC101134115	TMEM14B	DN_NC_073229.2_28348360_6	DN_NC_073229.2_28419493_6	truthbar	0.2206	0.7454	855	762	855	762	1147	1505	0.5063	0.5063
LOC101134596	PI4KA	DN_NC_086018.1_18253436_31	DN_NC_086018.1_19032395_10	genuine	0.5759	0.6088	1351	1332	1351	1332	3795	2219	0.3510	0.3510
LOC101135168	LOC115933002	DN_NC_073228.2_45710800_6	DN_NC_073228.2_46729356_10	TP	0.3937	0.4235	1379	1375	1379	1375	3256	4664	0.2948	0.2948
LOC101135168	LOC115934626	DN_NC_073228.2_45710800_6	DN_NC_073228.2_45948292_6	TP	0.7466	0.9453	3078	3056	3078	3056	3256	5605	0.5452	0.5452
LOC101135168	LRRC37A3	DN_NC_073228.2_27148471_4	DN_NC_073228.2_45710800_6	TP	0.2107	0.7408	2412	2073	2412	2073	3988	3256	0.5198	0.5198
LOC101135518	LOC101151290	DN_NC_073228.2_27169290_8	DN_NC_073228.2_45974488_9	TP	0.2657	0.8611	2722	2469	2722	2469	4964	3161	0.4974	0.4974
LOC101135518	PLEKHM1	DN_NC_073228.2_27169290_8	DN_NC_073228.2_46778774_7	TP	0.2716	1.0016	3098	2840	3098	2840	4964	3093	0.5721	0.5721
LOC101135585	LOC115930576	DN_NC_073224.2_130335848_23	DN_NC_073224.2_218434129_23	truthbar	0.2067	0.6189	2434	2156	2434	3387	3933	5272	0.4090	0.6425
LOC101135585	LOC115932984	DN_NC_073224.2_130224824_25	DN_NC_073224.2_130335848_23	TP	0.6456	0.6522	2565	2561	2565	2561	4165	3933	0.6149	0.6149
LOC101135585	LOC129525330	DN_NC_073224.2_125594338_29	DN_NC_073224.2_130335848_23	TP	0.6522	0.6522	2565	2548	2565	2548	4197	3933	0.6071	0.6071
LOC101135585	LOC129525331	DN_NC_073224.2_125055626_35	DN_NC_073224.2_130335848_23	TP	0.5164	0.6522	2565	2548	2565	2548	4929	3933	0.5169	0.5169
LOC101135585	LOC129525599	DN_NC_073224.2_116807774_25	DN_NC_073224.2_130335848_23	genuine	0.2336	0.7801	2565	2522	2565	2522	3288	3933	0.6412	0.6412
LOC101135585	LOC134756861	DN_NC_073224.2_117494263_25	DN_NC_073224.2_130335848_23	genuine	0.2336	0.7801	2565	2529	2565	2529	3288	3933	0.6430	0.6430
LOC101135843	LOC115932815	DN_NC_086018.1_22166696_9	DN_NC_086018.1_22406144_7	TP	0.6481	0.9989	2649	2622	2649	2622	2655	2652	0.9876	0.9876
LOC101136009	LOC101137462	DN_NC_073244.2_26901109_4	DN_NC_073244.2_27285351_4	truthbar	0.438	0.5077	1821	1218	1821	1218	3587	4682	0.2601	0.2601
LOC101136009	LOC115930172	DN_NC_073244.2_26901109_4	DN_NC_073244.2_27051998_4	genuine	0.3647	0.3454	1239	924	1239	924	3587	3768	0.2452	0.2452
LOC101136009	ZNF486	DN_NC_073244.2_26666712_5	DN_NC_073244.2_26901109_4	truthbar	0.3723	0.388	1188	633	1188	633	3062	3587	0.1765	0.1765
LOC101136009	ZNF506	DN_NC_073244.2_26240039_2	DN_NC_073244.2_26901109_4	truthbar	0.3465	0.3814	1158	993	1158	993	3036	3587	0.2768	0.2768
LOC101136009	ZNF626	DN_NC_073244.2_26901109_4	DN_NC_073244.2_27131194_2	truthbar	0.3997	0.5519	1733	1187	1733	1187	3587	3140	0.3309	0.3309
LOC101136036	LOC109025592	DN_NC_073224.2_125859316_3	DN_NC_073237.2_96675699_5	genuine	0.2083	0.3844	657	556	657	556	1709	2745	0.2026	0.2026
LOC101136203	LOC109029034	DN_NC_073234.2_49024482_9	DN_NC_073234.2_49087212_9	TP	0.4795	0.648	1362	1253	1362	1253	2102	2675	0.4684	0.4684
LOC101136352	LOC101152610	DN_NC_073240.2_21601841_7	DN_NC_073240.2_23210840_6	TP	0.4433	0.9407	904	768	904	768	961	990	0.7758	0.7758
LOC101136352	LOC129527660	DN_NC_073240.2_23210840_6	DN_NC_073242.2_37476471_6	genuine	0.3303	1.003	993	908	993	908	990	995	0.9126	0.9126
LOC101136398	LOC115932241	DN_NC_073247.2_18318973_2	DN_NC_073247.2_18638732_2	TP	0.4233	0.907	585	510	585	510	966	645	0.5280	0.5280
LOC101136398	LOC115932281	DN_NC_073247.2_18638732_2	DN_NC_073247.2_18934892_2	TP	0.5745	1.0	644	619	644	619	645	644	0.9597	0.9597
LOC101136398	LOC129529790	DN_NC_073247.2_17003459_2	DN_NC_073247.2_18638732_2	TP	0.7534	1.0514	614	581	614	581	584	645	0.9008	0.9008
LOC101136398	LOC129530333	DN_NC_073247.2_18638732_2	DN_NC_073248.2_30080680_2	genuine	0.3798	1.0295	664	583	664	583	645	664	0.8780	0.8780
LOC101136480	LOC115933250	DN_NC_073242.2_15726062_24	DN_NC_073242.2_30717385_31	TP	0.6532	1.0	3503	3424	3503	3424	3503	4305	0.7954	0.7954
LOC101136480	LOC129527620	DN_NC_073242.2_15726062_24	DN_NC_073242.2_28606635_19	TP	0.4953	0.673	2291	2272	2291	2272	3503	3404	0.6486	0.6486
LOC101136583	LOC101148853	DN_NC_073235.2_121946440_4	DN_NC_073240.2_22595737_5	truthbar	0.8487	0.8195	1289	1098	1289	1098	1573	2200	0.4991	0.4991
LOC101136583	LOC115933728	DN_NC_073235.2_31723374_5	DN_NC_073240.2_22595737_5	truthbar	0.8922	0.9316	1443	1383	1443	1383	1549	2200	0.6286	0.6286
LOC101136583	LOC129526434	DN_NC_073238.2_31467876_5	DN_NC_073240.2_22595737_5	TP	1.0	1.0	2200	2185	2200	2185	2306	2200	0.9475	0.9475
LOC101136583	TUBA3E	DN_NC_073235.2_32697745_5	DN_NC_073240.2_22595737_5	truthbar	0.8725	0.911	1443	1383	1443	1383	1584	2200	0.6286	0.6286
LOC101136583	TUBA8	DN_NC_073240.2_22595737_5	DN_NC_086018.1_16134008_5	truthbar	0.5868	0.4496	914	774	914	774	2200	2033	0.3518	0.3518
LOC101136640	ZNF155	DN_NC_073244.2_55497464_5	DN_NC_073244.2_55565140_5	truthbar	0.4023	0.6987	1695	1334	1695	1334	4218	2426	0.3163	0.3163
LOC101136640	ZNF221	DN_NC_073244.2_55464824_5	DN_NC_073244.2_55565140_5	truthbar	0.4192	0.3953	959	832	959	832	3239	2426	0.2569	0.2569
LOC101136640	ZNF222	DN_NC_073244.2_55538420_4	DN_NC_073244.2_55565140_5	truthbar	0.8599	0.8569	1431	1263	1431	1263	1670	2426	0.5206	0.5206
LOC101136640	ZNF224	DN_NC_073244.2_55565140_5	DN_NC_073244.2_55607411_6	truthbar	0.4073	0.4555	1105	922	1105	922	2426	4082	0.2259	0.2259
LOC101136640	ZNF225	DN_NC_073244.2_55565140_5	DN_NC_073244.2_55626504_5	truthbar	0.4081	0.3883	942	799	942	799	2426	4728	0.1690	0.1690
LOC101136640	ZNF230	DN_NC_073244.2_55516115_5	DN_NC_073244.2_55565140_5	truthbar	0.4909	0.6764	1641	1392	1641	1392	4169	2426	0.3339	0.3339
LOC101136640	ZNF284	DN_NC_073244.2_55565140_5	DN_NC_073244.2_55585242_5	truthbar	0.2333	0.3714	901	762	901	762	2426	4351	0.1751	0.1751
LOC101136692	LOC109025447	DN_NC_073236.2_46653509_10	DN_NC_073236.2_47712811_9	truthbar	0.5126	1.0174	5953	5796	5953	5796	8832	5851	0.6562	0.6562
LOC101136692	LOC129531666	DN_NC_073236.2_46653509_10	DN_NC_073236.2_51202468_4	genuine	0.5068	0.5071	2224	2178	2224	2178	8832	4386	0.2466	0.2466
LOC101136692	LOC129531667	DN_NC_073236.2_46653509_10	DN_NC_073236.2_51437835_4	truthbar	0.3265	0.3265	1053	1029	1053	1029	8832	3225	0.1165	0.1165
LOC101136692	RGPD8	DN_NC_073236.2_46653509_10	DN_NC_073236.2_49989275_2	genuine	0.5344	0.5344	2100	2058	2100	2058	8832	3930	0.2330	0.2330
LOC101136819	LOC101147313	DN_NC_086017.1_207228653_16	DN_NC_086017.1_207540432_15	genuine	0.2477	0.6701	1607	1421	1607	1421	2398	3987	0.3564	0.3564
LOC101136819	SDHA	DN_NC_073243.2_112081564_15	DN_NC_086017.1_207228653_16	genuine	0.2135	1.0133	2430	2187	2430	2187	3005	2398	0.7278	0.7278
LOC101136971	LOC115932749	DN_NC_073242.2_28528734_13	DN_NC_073242.2_35785087_23	TP	0.9632	0.9632	2539	2524	2539	2524	2636	3846	0.6563	0.6563
LOC101136971	ZC3H7A	DN_NC_073242.2_15387796_13	DN_NC_073242.2_28528734_13	TP	1.0	1.0	2621	2610	2621	2610	2621	2636	0.9901	0.9901
LOC101137060	LOC109025447	DN_NC_073236.2_46676942_15	DN_NC_073236.2_47732210_12	genuine	0.2617	0.3892	1310	1183	1310	1183	4910	3366	0.2409	0.2409
LOC101137311	PSPC1	DN_NC_073238.2_34005367_9	DN_NC_073240.2_22623333_4	truthbar	0.3602	0.6276	669	658	669	658	4213	1066	0.1562	0.1562
LOC101137455	LOC129533419	DN_NC_073228.2_182473921_9	DN_NC_073228.2_182638384_11	TP	0.8018	0.8018	1319	1313	1319	1313	1645	2785	0.4715	0.4715
LOC101137462	LOC101141027	DN_NC_073244.2_27285351_4	DN_NC_073244.2_27765726_4	truthbar	0.5385	0.7004	1812	1406	1812	1406	4682	2587	0.3003	0.3003
LOC101137462	LOC101144838	DN_NC_073244.2_27285351_4	DN_NC_073244.2_28256975_5	truthbar	0.1982	0.3645	1620	1289	1620	1289	4682	4445	0.2753	0.2753
LOC101137462	LOC101145945	DN_NC_073244.2_27285351_4	DN_NC_073244.2_28588105_4	truthbar	0.2744	0.4425	1738	1260	1738	1260	4682	3928	0.2691	0.2691
LOC101137462	LOC101153126	DN_NC_073244.2_27285351_4	DN_NC_073244.2_29297022_4	truthbar	0.3845	0.4231	1981	1452	1981	2826	4682	4794	0.3029	0.5895
LOC101137462	LOC115930172	DN_NC_073244.2_27051998_4	DN_NC_073244.2_27285351_4	genuine	0.3522	0.6176	2327	2003	2327	2003	3768	4682	0.4278	0.4278
LOC101137462	LOC115931567	DN_NC_073244.2_27285351_4	DN_NC_073244.2_27626411_5	genuine	0.4079	0.2431	937	803	937	1514	4682	3854	0.1715	0.3234
LOC101137462	LOC115931576	DN_NC_073244.2_27285351_4	DN_NC_073244.2_29046961_4	truthbar	0.4798	0.4257	1730	1327	1730	1327	4682	4064	0.2834	0.2834
LOC101137462	LOC129527827	DN_NC_073242.2_66613619_4	DN_NC_073244.2_27285351_4	genuine	0.2279	0.5046	2050	1424	2050	1424	4063	4682	0.3041	0.3041
LOC101137462	LOC129528947	DN_NC_073244.2_27285351_4	DN_NC_073244.2_27408454_4	genuine	0.4072	0.45	1724	1470	1724	1470	4682	3831	0.3140	0.3140
LOC101137462	ZNF254	DN_NC_073244.2_27285351_4	DN_NC_073244.2_30438340_4	truthbar	0.4512	0.4333	1759	1391	1759	1391	4682	4060	0.2971	0.2971
LOC101137462	ZNF273	DN_NC_073230.2_74299233_4	DN_NC_073244.2_27285351_4	truthbar	0.2776	0.4964	1867	1443	1867	1443	3761	4682	0.3082	0.3082
LOC101137462	ZNF429	DN_NC_073244.2_27285351_4	DN_NC_073244.2_27956158_4	truthbar	0.6982	0.7004	1898	1440	1898	1440	4682	2710	0.3076	0.3076
LOC101137462	ZNF43	DN_NC_073244.2_27285351_4	DN_NC_073244.2_28333451_4	truthbar	0.3875	0.4247	1755	1403	1755	2528	4682	4132	0.2997	0.5399
LOC101137462	ZNF486	DN_NC_073244.2_26666712_5	DN_NC_073244.2_27285351_4	truthbar	0.4177	0.4713	1443	1187	1443	1187	3062	4682	0.2535	0.2535
LOC101137462	ZNF506	DN_NC_073244.2_26240035_4	DN_NC_073244.2_27285351_4	truthbar	0.2019	0.4202	1382	997	1382	997	3289	4682	0.2129	0.2129
LOC101137462	ZNF675	DN_NC_073244.2_27285351_4	DN_NC_073244.2_29970261_4	truthbar	0.6144	0.9205	2027	1473	2027	1473	4682	2202	0.3146	0.3146
LOC101137462	ZNF680	DN_NC_073230.2_73977205_4	DN_NC_073244.2_27285351_4	truthbar	0.373	0.5573	1814	1434	1814	1434	3255	4682	0.3063	0.3063
LOC101137462	ZNF723	DN_NC_073244.2_27285351_4	DN_NC_073244.2_29232445_4	truthbar	0.2673	0.652	1510	1207	1510	1207	4682	2316	0.2578	0.2578
LOC101137462	ZNF92	DN_NC_073230.2_74637814_2	DN_NC_073244.2_27285351_4	truthbar	0.4407	0.3617	1076	838	1076	838	2975	4682	0.1790	0.1790
LOC101137661	LOC109025815	DN_NC_073235.2_31662902_3	DN_NC_073235.2_31973952_17	genuine	0.1934	0.3432	417	403	417	403	1215	3874	0.1040	0.1040
LOC101137734	LOC129527528	DN_NC_073238.2_30171533_2	DN_NC_073242.2_7013229_2	genuine	0.2063	0.2907	865	800	865	800	3422	2976	0.2338	0.2338
LOC101137734	LOC134756955	DN_NC_073238.2_30171533_2	DN_NC_073238.2_33197456_2	genuine	0.5447	1.0009	3425	3411	3425	3411	3422	3425	0.9959	0.9959
LOC101137806	LOC101139163	DN_NC_086017.1_136773097_2	DN_NC_086017.1_141278779_5	genuine	0.2474	0.7556	1744	1598	1744	1598	3501	2308	0.4564	0.4564
LOC101137806	LOC115934341	DN_NC_086017.1_136773097_2	DN_NC_086017.1_85330170_7	genuine	0.1954	0.6875	1745	1556	1745	1556	3501	2538	0.4444	0.4444
LOC101137900	LOC109027212	DN_NC_073229.2_67950085_3	DN_NC_073238.2_32617313_2	genuine	0.2119	0.2888	383	355	383	355	1326	4410	0.0805	0.0805
LOC101137900	LOC129528278	DN_NC_073238.2_32617313_2	DN_NC_073241.2_83874271_3	genuine	0.2114	0.2882	383	356	383	356	4410	1329	0.0807	0.0807
LOC101137900	LOC129528791	DN_NC_073238.2_32617313_2	DN_NC_073244.2_6165323_3	genuine	0.2192	0.2988	383	349	383	349	4410	1282	0.0791	0.0791
LOC101138011	LOC109025084	DN_NC_073224.2_98617594_3	DN_NC_073229.2_52163606_6	genuine	0.3253	0.6987	552	503	552	503	3515	790	0.1431	0.1431
LOC101138066	LOC115930840	DN_NC_073240.2_85708603_4	DN_NC_073240.2_86386259_3	TP	0.2797	0.8329	2996	2852	2996	2852	3597	4495	0.6345	0.6345
LOC101138261	MPHOSPH8	DN_NC_073232.2_72957232_4	DN_NC_073238.2_33904146_3	genuine	0.4114	0.4114	425	391	425	391	3972	1033	0.0984	0.0984
LOC101139163	LOC101152938	DN_NC_073233.2_75718276_6	DN_NC_086017.1_141278779_5	TP	0.25	0.8302	1916	1735	1916	1735	3428	2308	0.5061	0.5061
LOC101139163	LOC115934341	DN_NC_086017.1_141278779_5	DN_NC_086017.1_85330170_7	TP	0.2448	0.8085	1866	1778	1866	1778	2308	2538	0.7006	0.7006
LOC101139703	LOC129526951	DN_NC_073237.2_17678391_14	DN_NC_073238.2_22049850_15	TP	0.4479	1.0319	3138	2995	3138	2995	3041	4646	0.6446	0.6446
LOC101140030	ULBP1	DN_NC_073229.2_174132332_5	DN_NC_073229.2_174168227_4	truthbar	0.2157	0.9873	1628	1329	1628	1329	3519	1649	0.3777	0.3777
LOC101140030	ULBP3	DN_NC_073229.2_174168227_4	DN_NC_073229.2_174230881_5	truthbar	0.3927	0.4621	762	712	762	712	1649	2930	0.2430	0.2430
LOC101140402	LOC101141165	DN_NC_086018.1_21140998_4	DN_NC_086018.1_23370474_4	genuine	0.3016	0.4735	438	407	438	407	5892	925	0.0691	0.0691
LOC101140892	RPLP1	DN_NC_073228.2_155613898_3	DN_NC_073240.2_70293854_4	genuine	0.2191	0.6041	728	671	728	671	2159	1205	0.3108	0.3108
LOC101141027	LOC101142646	DN_NC_073244.2_27765726_4	DN_NC_073244.2_27869273_3	truthbar	0.283	0.5528	1430	1009	1430	1009	2587	2996	0.3368	0.3368
LOC101141027	LOC101144838	DN_NC_073244.2_27765726_4	DN_NC_073244.2_28256975_5	truthbar	0.4468	0.898	2323	1728	2323	1728	2587	4445	0.3888	0.3888
LOC101141027	LOC101145945	DN_NC_073244.2_27765726_4	DN_NC_073244.2_28588105_4	truthbar	0.2114	0.7109	1839	1502	1839	1502	2587	3928	0.3824	0.3824
LOC101141027	LOC101146634	DN_NC_073244.2_27765726_4	DN_NC_073244.2_28711447_2	truthbar	0.3533	0.4426	1145	897	1145	2618	2587	3806	0.2357	0.6879
LOC101141027	LOC101153126	DN_NC_073244.2_27765726_4	DN_NC_073244.2_29297022_4	truthbar	0.4395	0.7074	1830	1470	1830	1470	2587	4794	0.3066	0.3066
LOC101141027	LOC115930172	DN_NC_073244.2_27051998_4	DN_NC_073244.2_27765726_4	genuine	0.4557	0.685	1772	1432	1772	1432	3768	2587	0.3800	0.3800
LOC101141027	LOC115931567	DN_NC_073244.2_27566430_5	DN_NC_073244.2_27765726_4	genuine	0.4828	0.3402	880	748	880	748	2818	2587	0.2654	0.2654
LOC101141027	LOC115931568	DN_NC_073244.2_27765726_4	DN_NC_073244.2_28072858_4	truthbar	0.4322	0.6699	1733	1372	1733	1372	2587	3356	0.4088	0.4088
LOC101141027	LOC115931576	DN_NC_073244.2_27765726_4	DN_NC_073244.2_29046961_4	truthbar	0.5334	0.6904	1786	1462	1786	1462	2587	4064	0.3597	0.3597
LOC101141027	LOC129528947	DN_NC_073244.2_27408454_4	DN_NC_073244.2_27765726_4	genuine	0.5133	0.6749	1746	1501	1746	1501	3831	2587	0.3918	0.3918
LOC101141027	ZNF254	DN_NC_073244.2_27765726_4	DN_NC_073244.2_30438340_4	truthbar	0.5419	0.7731	2000	1549	2000	1549	2587	4060	0.3815	0.3815
LOC101141027	ZNF273	DN_NC_073230.2_74299233_4	DN_NC_073244.2_27765726_4	truthbar	0.5307	0.6363	1646	1283	1646	1283	3761	2587	0.3411	0.3411
LOC101141027	ZNF429	DN_NC_073244.2_27765726_4	DN_NC_073244.2_27956158_2	truthbar	0.6447	0.5251	1141	906	1141	906	2587	2173	0.3502	0.3502
LOC101141027	ZNF43	DN_NC_073244.2_27765726_4	DN_NC_073244.2_28333451_4	truthbar	0.3634	1.039	2688	1928	2688	1928	2587	4132	0.4666	0.4666
LOC101141027	ZNF430	DN_NC_073244.2_27504818_5	DN_NC_073244.2_27765726_4	truthbar	0.4785	0.6428	1663	1414	1663	1414	3686	2587	0.3836	0.3836
LOC101141027	ZNF506	DN_NC_073244.2_26240035_4	DN_NC_073244.2_27765726_4	truthbar	0.2474	0.6664	1724	1352	1724	1352	3289	2587	0.4111	0.4111
LOC101141027	ZNF626	DN_NC_073244.2_27131194_2	DN_NC_073244.2_27765726_4	truthbar	0.4403	0.3525	912	777	912	777	3140	2587	0.2475	0.2475
LOC101141027	ZNF675	DN_NC_073244.2_27765726_4	DN_NC_073244.2_29970261_4	truthbar	0.446	0.8333	1835	1550	1835	1550	2587	2202	0.5991	0.5991
LOC101141027	ZNF680	DN_NC_073230.2_73977205_4	DN_NC_073244.2_27765726_4	truthbar	0.4983	0.6664	1724	1458	1724	1458	3255	2587	0.4479	0.4479
LOC101141027	ZNF681	DN_NC_073244.2_27765726_4	DN_NC_073244.2_30067652_4	truthbar	0.2772	1.0043	2598	1973	2598	1973	2587	5815	0.3393	0.3393
LOC101141027	ZNF723	DN_NC_073244.2_27765726_4	DN_NC_073244.2_29232445_4	truthbar	0.5104	0.7461	1728	1337	1728	1337	2587	2316	0.5168	0.5168
LOC101141027	ZNF91	DN_NC_073244.2_27765726_4	DN_NC_073244.2_29680825_2	genuine	0.2845	0.4496	1163	907	1163	907	2587	5154	0.1760	0.1760
LOC101141027	ZNF92	DN_NC_073230.2_74637722_4	DN_NC_073244.2_27765726_4	truthbar	0.5072	0.8628	2232	1727	2232	1727	3291	2587	0.5248	0.5248
LOC101141171	NUDT10	DN_NC_073247.2_61509959_2	DN_NC_073247.2_61690478_2	TP	0.2192	0.5069	1281	1144	1281	1144	2527	3841	0.2978	0.2978
LOC101141192	LOC134759160	DN_NC_073232.2_64911725_5	DN_NC_073232.2_65009281_5	genuine	0.7093	0.9998	5251	5213	5251	5213	5252	5364	0.9718	0.9718
LOC101141821	LOC115933573	DN_NC_073236.2_31528778_7	DN_NC_073236.2_32340171_12	TP	0.2778	0.7459	2615	2565	2615	2565	5631	3506	0.4555	0.4555
LOC101142134	LOC101142998	DN_NC_073229.2_47549272_8	DN_NC_073229.2_48967498_8	truthbar	0.4851	0.74	1463	1294	1463	1294	1977	2122	0.6098	0.6098
LOC101142134	LOC101143844	DN_NC_073229.2_47549272_8	DN_NC_073229.2_49051174_8	truthbar	0.4831	0.7567	1496	1305	1496	1305	1977	1986	0.6571	0.6571
LOC101142134	LOC101153360	DN_NC_073229.2_47549272_8	DN_NC_073229.2_48177425_8	truthbar	0.5387	0.5463	1080	936	1080	936	1977	4178	0.2240	0.2240
LOC101142134	LOC109027174	DN_NC_073229.2_47549272_8	DN_NC_073229.2_47663527_8	genuine	0.9386	1.0026	1944	1819	1944	1819	1977	1939	0.9201	0.9201
LOC101142134	MHC-G	DN_NC_073229.2_47377766_7	DN_NC_073229.2_47549272_8	truthbar	0.8425	0.892	1099	949	1099	949	1232	1977	0.4800	0.4800
LOC101142371	RRN3	DN_NC_073242.2_29556580_18	DN_NC_073242.2_31545375_14	truthbar	0.1947	0.5407	1739	1387	1739	1387	6802	3216	0.2039	0.2039
LOC101142457	LOC129523511	DN_NC_073227.2_212285016_9	DN_NC_073247.2_167707352_7	TP	0.5635	1.0274	2022	1805	2022	1805	2214	1968	0.8153	0.8153
LOC101142457	LOC134756389	DN_NC_073231.2_151170137_9	DN_NC_073247.2_167707352_7	TP	0.4029	1.096	2157	1952	2157	1952	2153	1968	0.9066	0.9066
LOC101142457	RABL2A	DN_NC_073235.2_15131698_9	DN_NC_073247.2_167707352_7	TP	0.3069	0.9812	1931	1805	1931	1805	2472	1968	0.7302	0.7302
LOC101142457	RABL2B	DN_NC_073247.2_167707352_7	DN_NC_086018.1_48818439_9	truthbar	0.5125	1.0	1204	1002	1204	1002	1968	1204	0.5091	0.5091
LOC101142646	ZNF430	DN_NC_073244.2_27504818_5	DN_NC_073244.2_27869273_3	truthbar	0.238	0.5527	1656	1261	1656	1261	3686	2996	0.3421	0.3421
LOC101142646	ZNF723	DN_NC_073244.2_27869273_3	DN_NC_073244.2_29232445_4	truthbar	0.3001	0.6749	1563	1114	1563	1114	2996	2316	0.3718	0.3718
LOC101142783	LOC115933254	DN_NC_073236.2_32935295_3	DN_NC_073237.2_29418618_13	TP	0.2947	0.493	2429	2358	2429	2358	7097	4927	0.3323	0.3323
LOC101142859	LOC134758545	DN_NC_073228.2_66328056_2	DN_NC_073228.2_70719297_2	TP	0.4722	1.1398	4565	3970	4565	3970	4005	5218	0.7608	0.7608
LOC101142904	LOC129530552	DN_NC_073246.2_2235416_3	DN_NC_086018.1_1774757_3	TP	0.3802	1.0013	3181	3164	3181	3164	3178	3177	0.9956	0.9956
LOC101142918	LOC115936005	DN_NC_073232.2_92223921_5	DN_NC_073232.2_99723280_5	genuine	0.6829	1.0009	3339	3324	3339	3324	3336	3686	0.9018	0.9018
LOC101142998	LOC101143844	DN_NC_073229.2_48967498_8	DN_NC_073229.2_49051174_8	TP	0.5176	0.8016	1592	1466	1592	1466	2122	1986	0.6909	0.6909
LOC101142998	LOC101153360	DN_NC_073229.2_48177425_8	DN_NC_073229.2_48967498_8	truthbar	0.459	0.5617	1192	1044	1192	1044	4178	2122	0.2499	0.2499
LOC101142998	LOC109027174	DN_NC_073229.2_47663527_8	DN_NC_073229.2_48967498_8	genuine	0.492	0.753	1460	1291	1460	1291	1939	2122	0.6084	0.6084
LOC101142998	MHC-G	DN_NC_073229.2_47377766_7	DN_NC_073229.2_48967498_8	truthbar	0.8076	0.767	945	819	945	819	1232	2122	0.3860	0.3860
LOC101143038	WASHC2C	DN_NC_073232.2_65721054_29	DN_NC_073232.2_69588940_31	TP	0.3528	0.9953	5083	4873	5083	4873	5211	5107	0.9351	0.9351
LOC101143142	LOC129530478	DN_NC_073246.2_2464898_3	DN_NC_086018.1_2012052_3	TP	0.7828	1.0624	1482	1358	1482	1358	1395	1504	0.9029	0.9029
LOC101143404	SHQ1	DN_NC_073232.2_65161149_4	DN_NC_086017.1_82640717_11	genuine	0.3237	0.5863	1726	1605	1726	1605	4591	2944	0.3496	0.3496
LOC101143406	LOC101144261	DN_NC_073232.2_68371563_10	DN_NC_073232.2_68618263_8	TP	0.6485	0.9738	3646	3424	3646	3424	4049	3744	0.8456	0.8456
LOC101143448	LOC109025730	DN_NC_073224.2_123525276_5	DN_NC_073240.2_21986088_4	genuine	0.2417	0.3404	452	416	452	416	1328	3202	0.1299	0.1299
LOC101143448	PDCD5	DN_NC_073240.2_21986088_4	DN_NC_073244.2_43610901_6	genuine	0.257	0.3652	459	437	459	437	3202	1257	0.1365	0.1365
LOC101143448	SPC25	DN_NC_073235.2_71373985_7	DN_NC_073240.2_21986088_4	genuine	0.3382	0.339	461	431	461	431	1360	3202	0.1346	0.1346
LOC101143487	LOC129523491	DN_NC_073230.2_13358875_21	DN_NC_073230.2_14200490_21	TP	0.8911	0.965	3031	3017	3031	3017	3141	3830	0.7877	0.7877
LOC101143714	SLFN11	DN_NC_073228.2_57567147_5	DN_NC_073228.2_57642308_6	truthbar	0.2308	0.6159	3295	2875	3295	3894	5423	5350	0.5301	0.7181
LOC101143714	SLFN12	DN_NC_073228.2_57477870_3	DN_NC_073228.2_57583458_4	truthbar	0.2608	0.2572	1070	949	1070	949	5157	4160	0.1840	0.1840
LOC101143820	SNRNP25	DN_NC_073235.2_144823500_4	DN_NC_073242.2_3673676_5	TP	0.5829	1.0754	1070	994	1070	994	995	3436	0.2893	0.2893
LOC101143844	LOC101153360	DN_NC_073229.2_48177425_8	DN_NC_073229.2_49051174_8	truthbar	0.4854	0.6158	1223	1058	1223	1058	4178	1986	0.2532	0.2532
LOC101143844	LOC109027174	DN_NC_073229.2_47663527_8	DN_NC_073229.2_49051174_8	genuine	0.4946	0.8577	1663	1447	1663	1447	1939	1986	0.7286	0.7286
LOC101143844	MHC-G	DN_NC_073229.2_47377766_7	DN_NC_073229.2_49051174_8	truthbar	0.8084	0.8555	1054	901	1054	901	1232	1986	0.4537	0.4537
LOC101143855	LOC115935294	DN_NC_073230.2_13331389_15	DN_NC_073230.2_14245227_15	TP	1.0	1.0	1762	1758	1762	1758	1762	1810	0.9713	0.9713
LOC101143875	LOC115933307	DN_NC_073237.2_23692487_10	DN_NC_073237.2_30061699_3	TP	0.2502	0.2517	676	666	676	666	2686	3916	0.1701	0.1701
LOC101144243	VPS13B	DN_NC_073231.2_105681903_7	DN_NC_073231.2_105703620_4	genuine	0.6453	0.645	2133	2133	2133	2133	3728	3307	0.5722	0.5722
LOC101144552	RHBDF1	DN_NC_073235.2_144819821_8	DN_NC_073242.2_3677891_18	TP	0.9661	0.9655	1454	1452	1454	1452	1506	3036	0.4783	0.4783
LOC101144552	SNRNP25	DN_NC_073235.2_144819821_8	DN_NC_073242.2_3673676_5	genuine	0.4648	0.4661	702	700	702	700	1506	3436	0.2037	0.2037
LOC101144634	LOC115930073	DN_NC_073224.2_5565564_3	DN_NC_073224.2_5715398_2	TP	1.0	1.0	3038	3037	3038	3037	4250	3038	0.7146	0.7146
LOC101144838	LOC101145945	DN_NC_073244.2_28256975_5	DN_NC_073244.2_28588105_4	truthbar	0.2299	0.3905	1534	1291	1534	2063	4445	3928	0.2904	0.4641
LOC101144838	LOC101146634	DN_NC_073244.2_28256975_5	DN_NC_073244.2_28711447_4	truthbar	0.3717	0.2615	1099	792	1099	792	4445	4202	0.1782	0.1782
LOC101144838	LOC115930172	DN_NC_073244.2_27051998_4	DN_NC_073244.2_28256975_5	genuine	0.3973	0.405	1526	1076	1526	1076	3768	4445	0.2421	0.2421
LOC101144838	LOC115931567	DN_NC_073244.2_27626411_5	DN_NC_073244.2_28256975_5	genuine	0.446	0.4834	1863	1573	1863	1573	3854	4445	0.3539	0.3539
LOC101144838	LOC115931576	DN_NC_073244.2_28256975_5	DN_NC_073244.2_29046961_4	truthbar	0.3661	0.6051	2459	2077	2459	2077	4445	4064	0.4673	0.4673
LOC101144838	LOC129528947	DN_NC_073244.2_27408454_4	DN_NC_073244.2_28256975_5	genuine	0.3354	0.4161	1594	1225	1594	1225	3831	4445	0.2756	0.2756
LOC101144838	ZNF273	DN_NC_073230.2_74299233_4	DN_NC_073244.2_28256975_5	truthbar	0.376	0.5137	1932	1472	1932	1472	3761	4445	0.3312	0.3312
LOC101144838	ZNF429	DN_NC_073244.2_27956158_2	DN_NC_073244.2_28256975_5	truthbar	0.5831	0.3341	726	624	726	624	2173	4445	0.1404	0.1404
LOC101144838	ZNF43	DN_NC_073244.2_28256975_5	DN_NC_073244.2_28333451_4	truthbar	0.3156	0.5288	2185	1366	2185	1366	4445	4132	0.3073	0.3073
LOC101144838	ZNF430	DN_NC_073244.2_27504818_5	DN_NC_073244.2_28256975_5	TP	0.3717	0.557	2053	1763	2053	1763	3686	4445	0.3966	0.3966
LOC101144838	ZNF675	DN_NC_073244.2_28256975_5	DN_NC_073244.2_29970261_4	truthbar	0.5241	0.9196	2025	1665	2025	1665	4445	2202	0.3746	0.3746
LOC101144838	ZNF680	DN_NC_073230.2_73977205_4	DN_NC_073244.2_28256975_5	truthbar	0.4375	0.4857	1581	1259	1581	1259	3255	4445	0.2832	0.2832
LOC101144838	ZNF723	DN_NC_073244.2_28256975_5	DN_NC_073244.2_29232445_4	truthbar	0.4508	0.6701	1552	1246	1552	1246	4445	2316	0.2803	0.2803
LOC101144838	ZNF92	DN_NC_073230.2_74637814_2	DN_NC_073244.2_28256975_5	truthbar	0.3734	0.7025	2090	1665	2090	1665	2975	4445	0.3746	0.3746
LOC101144919	LOC115930536	DN_NC_073239.2_32630520_8	DN_NC_073239.2_32663808_8	TP	0.725	0.9816	1278	1245	1278	1245	1302	3441	0.3618	0.3618
LOC101144987	LOC101146541	DN_NC_073247.2_62249491_13	DN_NC_073247.2_62361057_13	TP	0.9344	1.0	2593	2563	2593	2563	2611	2593	0.9816	0.9816
LOC101145461	LOC129523474	DN_NC_073247.2_114041704_23	DN_NC_073247.2_114140052_23	TP	1.0	1.0	2402	2402	2402	2402	2402	2449	0.9808	0.9808
LOC101145464	LOC109025730	DN_NC_073224.2_123525276_5	DN_NC_073247.2_147586730_5	genuine	0.3539	0.3539	470	448	470	448	1328	2456	0.1824	0.1824
LOC101145464	PDCD5	DN_NC_073244.2_43610901_6	DN_NC_073247.2_147586730_5	genuine	0.3739	0.3747	471	440	471	440	1257	2456	0.1792	0.1792
LOC101145464	SPC25	DN_NC_073235.2_71373985_7	DN_NC_073247.2_147586730_5	genuine	0.2449	0.3485	474	451	474	451	1360	2456	0.1836	0.1836
LOC101145660	LOC129527173	DN_NC_073240.2_23674889_10	DN_NC_073240.2_29752710_11	genuine	0.4324	1.5425	4905	3099	4905	3099	5098	3180	0.6079	0.6079
LOC101145660	MPHOSPH8	DN_NC_073238.2_33904146_3	DN_NC_073240.2_23674889_10	genuine	0.211	0.4211	435	386	435	386	1033	5098	0.0757	0.0757
LOC101145825	SERHL2	DN_NC_086018.1_40516247_7	DN_NC_086018.1_40570429_6	genuine	0.4361	0.6427	1804	1718	1804	1718	2807	5000	0.3436	0.3436
LOC101145945	LOC115930172	DN_NC_073244.2_27051998_4	DN_NC_073244.2_28588105_4	genuine	0.2465	0.4509	1699	1422	1699	1422	3768	3928	0.3620	0.3620
LOC101145945	LOC115931567	DN_NC_073244.2_27566430_5	DN_NC_073244.2_28588105_4	genuine	0.3176	0.5518	1555	1235	1555	1235	2818	3928	0.3144	0.3144
LOC101145945	LOC115931568	DN_NC_073244.2_28072858_4	DN_NC_073244.2_28588105_4	truthbar	0.2914	0.5116	1717	1299	1717	1299	3356	3928	0.3307	0.3307
LOC101145945	LOC115931576	DN_NC_073244.2_28588105_4	DN_NC_073244.2_29046961_4	truthbar	0.2681	0.4868	1912	1475	1912	1475	3928	4064	0.3629	0.3629
LOC101145945	ZNF254	DN_NC_073244.2_28588105_4	DN_NC_073244.2_30438340_4	truthbar	0.2391	0.4789	1881	1447	1881	1447	3928	4060	0.3564	0.3564
LOC101145945	ZNF273	DN_NC_073230.2_74299233_4	DN_NC_073244.2_28588105_4	truthbar	0.28	0.4571	1719	1452	1719	1452	3761	3928	0.3697	0.3697
LOC101145945	ZNF429	DN_NC_073244.2_27956158_4	DN_NC_073244.2_28588105_4	truthbar	0.3675	0.7395	2004	1559	2004	1559	2710	3928	0.3969	0.3969
LOC101145945	ZNF430	DN_NC_073244.2_27504818_5	DN_NC_073244.2_28588105_4	truthbar	0.2105	0.4886	1801	1366	1801	1366	3686	3928	0.3478	0.3478
LOC101145945	ZNF506	DN_NC_073244.2_26240035_4	DN_NC_073244.2_28588105_4	truthbar	0.298	0.4998	1644	1218	1644	1218	3289	3928	0.3101	0.3101
LOC101145945	ZNF675	DN_NC_073244.2_28588105_4	DN_NC_073244.2_29970261_4	truthbar	0.2561	0.8065	1776	1419	1776	1419	3928	2202	0.3613	0.3613
LOC101145945	ZNF680	DN_NC_073230.2_73977205_4	DN_NC_073244.2_28588105_4	truthbar	0.2409	0.5435	1769	1415	1769	1415	3255	3928	0.3602	0.3602
LOC101145945	ZNF723	DN_NC_073244.2_28588105_4	DN_NC_073244.2_29232445_4	truthbar	0.4175	0.6947	1609	1291	1609	1291	3928	2316	0.3287	0.3287
LOC101145975	LOC129523464	DN_NC_073237.2_83935038_8	DN_NC_073237.2_84341528_8	TP	0.456	1.0	1625	1465	1625	1465	1906	1625	0.7686	0.7686
LOC101146324	LOC115936027	DN_NC_073232.2_13920774_9	DN_NC_073232.2_13945467_9	TP	0.3784	1.0003	3257	3171	3257	3171	4534	3256	0.6994	0.6994
LOC101146405	LOC115935376	DN_NC_073230.2_47098444_23	DN_NC_073230.2_86257459_21	genuine	0.2923	0.3028	898	885	898	1756	3744	2966	0.2364	0.4690
LOC101146454	LOC115930226	DN_NC_073224.2_95894630_7	DN_NC_073224.2_95939283_8	TP	0.6366	1.106	1263	1110	1263	1110	1142	1271	0.8733	0.8733
LOC101146458	LOC115936279	DN_NC_073233.2_54778450_7	DN_NC_073233.2_54817717_7	genuine	0.4791	0.9786	2061	1859	2061	1859	2106	4778	0.3891	0.3891
LOC101146458	LOC129523488	DN_NC_073233.2_54817717_7	DN_NC_073233.2_97922937_7	TP	0.9721	0.9721	1637	1499	1637	1499	4778	1684	0.3137	0.3137
LOC101146634	LOC101153126	DN_NC_073244.2_28711447_4	DN_NC_073244.2_29297022_4	truthbar	0.4641	0.9703	4077	2966	4077	2966	4202	4794	0.6187	0.6187
LOC101146634	LOC115931567	DN_NC_073244.2_27626411_5	DN_NC_073244.2_28711447_4	truthbar	0.4079	0.3334	1285	888	1285	888	3854	4202	0.2113	0.2113
LOC101146634	ZNF254	DN_NC_073244.2_28711447_4	DN_NC_073244.2_30438340_4	truthbar	0.3139	0.6116	2483	1677	2483	1677	4202	4060	0.3991	0.3991
LOC101146634	ZNF43	DN_NC_073244.2_28333451_4	DN_NC_073244.2_28711447_4	truthbar	0.4923	0.5721	2364	1802	2364	3161	4132	4202	0.4288	0.7523
LOC101146634	ZNF430	DN_NC_073244.2_27504818_5	DN_NC_073244.2_28711447_4	truthbar	0.3937	0.4737	1746	1194	1746	1194	3686	4202	0.2842	0.2842
LOC101146634	ZNF681	DN_NC_073244.2_28711447_2	DN_NC_073244.2_30067652_4	truthbar	0.4283	0.3008	1145	832	1145	1522	3806	5815	0.1431	0.2617
LOC101146634	ZNF723	DN_NC_073244.2_28711447_4	DN_NC_073244.2_29232445_4	genuine	0.3398	0.5142	1191	936	1191	1675	4202	2316	0.2228	0.3986
LOC101146634	ZNF91	DN_NC_073244.2_28711447_4	DN_NC_073244.2_29680825_2	truthbar	0.2043	0.7532	3165	1805	3165	1805	4202	5154	0.3502	0.3502
LOC101146634	ZNF92	DN_NC_073230.2_74637814_2	DN_NC_073244.2_28711447_2	truthbar	0.438	0.405	1205	880	1205	880	2975	3806	0.2312	0.2312
LOC101147259	LOC115933254	DN_NC_073236.2_32866582_11	DN_NC_073237.2_93516915_6	TP	0.2605	0.8161	2804	2614	2804	2614	6125	3436	0.4268	0.4268
LOC101147313	LOC115934054	DN_NC_086017.1_207540432_15	DN_NC_086017.1_209174437_6	genuine	0.2452	0.2964	695	666	695	666	3987	2345	0.1670	0.1670
LOC101147313	SDHA	DN_NC_073243.2_112081564_15	DN_NC_086017.1_207540432_15	genuine	0.2192	0.5354	1609	1399	1609	1399	3005	3987	0.3509	0.3509
LOC101147715	LOC115931576	DN_NC_073244.2_28820229_4	DN_NC_073244.2_29046961_4	truthbar	0.2328	0.4213	1712	1351	1712	3106	6414	4064	0.2106	0.4843
LOC101147715	LOC129528947	DN_NC_073244.2_27408454_4	DN_NC_073244.2_28820229_4	genuine	0.2399	0.3161	1211	944	1211	3718	3831	6414	0.1472	0.5797
LOC101147715	ZNF273	DN_NC_073230.2_74299233_4	DN_NC_073244.2_28820229_4	genuine	0.2077	0.4318	1624	1283	1624	1283	3761	6414	0.2000	0.2000
LOC101147715	ZNF429	DN_NC_073244.2_27956158_4	DN_NC_073244.2_28820229_4	truthbar	0.1941	0.4458	1208	1016	1208	1016	2710	6414	0.1584	0.1584
LOC101147715	ZNF43	DN_NC_073244.2_28333451_4	DN_NC_073244.2_28820229_4	truthbar	0.235	0.53	2190	1366	2190	6617	4132	6414	0.2130	1.0000
LOC101147715	ZNF681	DN_NC_073244.2_28820229_4	DN_NC_073244.2_30067652_4	truthbar	0.258	0.2715	1579	1159	1579	2246	6414	5815	0.1807	0.3502
LOC101147715	ZNF91	DN_NC_073244.2_28820229_4	DN_NC_073244.2_29680825_2	truthbar	0.512	0.5345	2755	2259	2755	2259	6414	5154	0.3522	0.3522
LOC101148088	LOC115932194	DN_NC_073247.2_62664010_4	DN_NC_073247.2_62680287_4	TP	0.9979	0.9979	484	484	484	484	526	485	0.9202	0.9202
LOC101148313	LOC115935025	DN_NC_073229.2_136502891_3	DN_NC_073229.2_136550623_3	TP	0.9935	0.9935	2446	2446	2446	2446	2462	4530	0.5400	0.5400
LOC101148457	LOC109025592	DN_NC_073224.2_125859316_3	DN_NC_086018.1_19844955_6	genuine	0.2832	0.3944	674	603	674	603	1709	2504	0.2408	0.2408
LOC101148457	TRAF5	DN_NC_073224.2_45389129_11	DN_NC_086018.1_19844955_6	genuine	0.2198	0.5116	1281	1122	1281	1122	4143	2504	0.2708	0.2708
LOC101148684	LOC101152035	DN_NC_073229.2_70527768_7	DN_NC_073229.2_70674504_7	TP	0.7841	0.8606	901	816	901	816	1047	1316	0.6201	0.6201
LOC101148684	LOC101153366	DN_NC_073229.2_70527768_7	DN_NC_073229.2_70609285_7	TP	0.7985	0.9924	1039	946	1039	946	1047	1270	0.7449	0.7449
LOC101148684	LOC109027180	DN_NC_073229.2_70527768_7	DN_NC_073229.2_70567152_7	TP	0.999	0.9971	1044	989	1044	989	1047	2519	0.3926	0.3926
LOC101148853	LOC101148972	DN_NC_073234.2_52202911_4	DN_NC_073235.2_121946440_4	truthbar	0.8557	0.829	1304	1132	1304	1132	1775	1573	0.6377	0.6377
LOC101148853	LOC101150168	DN_NC_073234.2_52151326_4	DN_NC_073235.2_121946440_4	truthbar	0.8551	0.8309	1307	1123	1307	1123	1962	1573	0.5724	0.5724
LOC101148853	LOC115933728	DN_NC_073235.2_121946440_4	DN_NC_073235.2_31723374_5	truthbar	0.8638	0.8321	1289	1090	1289	1090	1573	1549	0.6929	0.6929
LOC101148853	LOC129526434	DN_NC_073235.2_121946440_4	DN_NC_073238.2_31467876_5	truthbar	0.8487	0.8169	1285	1093	1285	1093	1573	2306	0.4740	0.4740
LOC101148853	TUBA1C	DN_NC_073234.2_52064465_4	DN_NC_073235.2_121946440_4	truthbar	0.8595	0.8296	1305	1128	1305	1128	1684	1573	0.6698	0.6698
LOC101148853	TUBA3E	DN_NC_073235.2_121946440_4	DN_NC_073235.2_32697745_5	truthbar	0.8601	0.8195	1289	1091	1289	1091	1573	1584	0.6888	0.6888
LOC101148853	TUBA8	DN_NC_073235.2_121946440_4	DN_NC_086018.1_16134008_5	truthbar	0.7692	0.8296	1305	1080	1305	1080	1573	2033	0.5312	0.5312
LOC101148972	LOC101150168	DN_NC_073234.2_52151326_4	DN_NC_073234.2_52202911_4	TP	0.7685	0.7639	1356	1321	1356	1321	1962	1775	0.6733	0.6733
LOC101148972	TUBA1C	DN_NC_073234.2_52064465_4	DN_NC_073234.2_52202911_4	TP	0.7928	0.7761	1307	1281	1307	1281	1684	1775	0.7217	0.7217
LOC101149428	LOC115932259	DN_NC_073247.2_131774354_4	DN_NC_073247.2_131863961_4	genuine	1.0	1.0	2892	2892	2892	2892	2892	2905	0.9955	0.9955
LOC101149946	LOC134757265	DN_NC_073240.2_23725358_9	DN_NC_073240.2_29803770_8	genuine	0.3844	0.471	2517	2476	2517	2476	5344	6660	0.3718	0.3718
LOC101150168	TUBA1C	DN_NC_073234.2_52064465_4	DN_NC_073234.2_52151326_4	TP	0.804	0.7767	1308	1275	1308	1275	1684	1962	0.6498	0.6498
LOC101150533	MSL3	DN_NC_073235.2_136577761_2	DN_NC_073247.2_22225560_12	TP	0.5646	0.8795	1905	1724	1905	1724	2166	3477	0.4958	0.4958
LOC101150774	LOC109028376	DN_NC_073237.2_79912635_2	DN_NC_086017.1_14101436_3	genuine	0.4081	0.855	991	885	991	885	1159	4756	0.1861	0.1861
LOC101150774	LOC129527656	DN_NC_073242.2_36567597_2	DN_NC_086017.1_14101436_3	genuine	0.299	0.537	740	647	740	647	1378	4756	0.1360	0.1360
LOC101150953	TRNAA-AGC	DN_NC_073229.2_46514381_2	DN_NC_073229.2_46518353_2	genuine	0.9158	0.9158	2588	2588	2588	2588	4975	2826	0.5202	0.5202
LOC101150965	ZNF528	DN_NC_073244.2_64368633_7	DN_NC_073244.2_64400145_5	genuine	0.282	0.4459	1072	892	1072	892	4064	2404	0.2195	0.2195
LOC101150998	LOC134756941	DN_NC_073237.2_84005209_4	DN_NC_073237.2_84204480_4	genuine	0.4696	1.0012	4281	4258	4281	4258	4280	4276	0.9949	0.9949
LOC101151070	LOC115931277	DN_NC_073229.2_44501801_6	DN_NC_073243.2_40356335_7	genuine	0.2495	0.5521	1297	1087	1297	1087	2349	3753	0.2896	0.2896
LOC101151107	NIPSNAP3A	DN_NC_073237.2_101005198_6	DN_NC_073237.2_101021921_6	TP	0.5449	0.5401	1011	922	1011	922	1954	1872	0.4719	0.4719
LOC101151284	POLR3K	DN_NC_073235.2_144827388_3	DN_NC_073242.2_3666815_3	TP	0.9941	0.9941	842	841	842	841	984	847	0.8547	0.8547
LOC101151290	PLEKHM1	DN_NC_073228.2_45974488_9	DN_NC_073228.2_46778774_7	TP	0.8545	0.8545	2643	2639	2643	2639	3161	3093	0.8349	0.8349
LOC101151343	LOC101153153	DN_NC_073247.2_58634411_8	DN_NC_073247.2_62823555_8	truthbar	0.2689	0.9351	1210	1075	1210	1075	1433	1294	0.7502	0.7502
LOC101151343	LOC129529923	DN_NC_073247.2_58634411_8	DN_NC_073247.2_62876862_8	truthbar	0.2518	0.8781	1210	1075	1210	1075	1433	1378	0.7502	0.7502
LOC101152035	LOC101153366	DN_NC_073229.2_70609285_7	DN_NC_073229.2_70674504_7	TP	0.5764	0.9079	1153	1036	1153	1036	1270	1316	0.7872	0.7872
LOC101152035	LOC109027180	DN_NC_073229.2_70567152_7	DN_NC_073229.2_70674504_7	TP	0.6239	0.8769	1154	1041	1154	1041	2519	1316	0.4133	0.4133
LOC101152401	ZNF28	DN_NC_073244.2_64759228_5	DN_NC_073244.2_64836827_4	truthbar	0.224	0.2818	1242	1065	1242	1796	4546	4407	0.2343	0.3951
LOC101152401	ZNF468	DN_NC_073244.2_64797239_5	DN_NC_073244.2_64836827_4	truthbar	0.2298	0.3994	1688	1289	1688	1289	4226	4407	0.2925	0.2925
LOC101152401	ZNF600	DN_NC_073244.2_64724127_4	DN_NC_073244.2_64836827_4	truthbar	0.2257	0.2765	1196	858	1196	858	4325	4407	0.1947	0.1947
LOC101152401	ZNF761	DN_NC_073244.2_64836827_4	DN_NC_073244.2_65362909_5	truthbar	0.1958	0.3622	1596	1113	1596	1568	4407	4515	0.2465	0.3473
LOC101152401	ZNF808	DN_NC_073244.2_64500861_5	DN_NC_073244.2_64836827_4	truthbar	0.2176	0.2453	1081	820	1081	820	4884	4407	0.1679	0.1679
LOC101152610	LOC129527660	DN_NC_073240.2_21601841_7	DN_NC_073242.2_37476471_6	genuine	0.2518	0.9396	903	703	903	703	961	995	0.7065	0.7065
LOC101152938	LOC115934341	DN_NC_073233.2_75718276_6	DN_NC_086017.1_85330170_7	truthbar	0.303	0.9326	2367	2049	2367	2049	3428	2538	0.5977	0.5977
LOC101152972	LOC115931074	DN_NC_073240.2_21546861_14	DN_NC_073242.2_37435648_13	truthbar	0.3711	0.6301	1727	1426	1727	1426	2741	2805	0.5084	0.5084
LOC101152972	LOC129527053	DN_NC_073240.2_21546861_14	DN_NC_073240.2_23219746_14	TP	0.5334	0.9621	2637	2627	2637	2627	2741	6090	0.4314	0.4314
LOC101152972	RHPN2	DN_NC_073240.2_21546861_14	DN_NC_073244.2_44006563_15	TP	0.4869	0.9774	2679	2423	2679	2423	2741	3540	0.6845	0.6845
LOC101153126	LOC115930172	DN_NC_073244.2_27051998_4	DN_NC_073244.2_29297022_4	genuine	0.4084	0.4867	1834	1403	1834	1403	3768	4794	0.2927	0.2927
LOC101153126	LOC115931567	DN_NC_073244.2_27626411_5	DN_NC_073244.2_29297022_4	genuine	0.4089	0.4702	1812	1252	1812	2550	3854	4794	0.2612	0.5319
LOC101153126	LOC129528947	DN_NC_073244.2_27408454_4	DN_NC_073244.2_29297022_4	genuine	0.409	0.4785	1833	1532	1833	1532	3831	4794	0.3196	0.3196
LOC101153126	ZNF43	DN_NC_073244.2_28333451_4	DN_NC_073244.2_29297022_4	truthbar	0.4022	0.6951	2872	2226	2872	2226	4132	4794	0.4643	0.4643
LOC101153126	ZNF430	DN_NC_073244.2_27504818_5	DN_NC_073244.2_29297022_4	truthbar	0.3934	0.4661	1718	1389	1718	1389	3686	4794	0.2897	0.2897
LOC101153126	ZNF675	DN_NC_073244.2_29297022_4	DN_NC_073244.2_29970261_4	truthbar	0.2252	0.7657	1686	1392	1686	1392	4794	2202	0.2904	0.2904
LOC101153126	ZNF680	DN_NC_073230.2_73977205_4	DN_NC_073244.2_29297022_4	truthbar	0.2323	0.5376	1750	1395	1750	1395	3255	4794	0.2910	0.2910
LOC101153126	ZNF681	DN_NC_073244.2_29297022_4	DN_NC_073244.2_30067652_4	truthbar	0.2514	0.3928	1883	1504	1883	1504	4794	5815	0.2586	0.2586
LOC101153126	ZNF723	DN_NC_073244.2_29232445_4	DN_NC_073244.2_29297022_4	truthbar	0.3152	0.7275	1685	1288	1685	1288	2316	4794	0.2687	0.2687
LOC101153126	ZNF91	DN_NC_073244.2_29297022_4	DN_NC_073244.2_29680825_4	truthbar	0.3899	0.5232	2508	1622	2508	1622	4794	5437	0.2983	0.2983
LOC101153131	LOC109024216	DN_NC_073244.2_64908457_4	DN_NC_073244.2_65293743_4	truthbar	0.2614	0.7828	2090	1388	2090	1388	2670	4397	0.3157	0.3157
LOC101153131	LOC115931654	DN_NC_073244.2_64908457_4	DN_NC_073244.2_65266359_4	truthbar	0.2734	0.8318	2221	1674	2221	2428	2670	5995	0.2792	0.4050
LOC101153131	ZNF28	DN_NC_073244.2_64759228_5	DN_NC_073244.2_64908457_4	truthbar	0.239	0.4236	1131	806	1131	806	4546	2670	0.1773	0.1773
LOC101153131	ZNF578	DN_NC_073244.2_64426370_6	DN_NC_073244.2_64908457_4	truthbar	0.215	0.9607	2565	1960	2565	1960	6763	2670	0.2898	0.2898
LOC101153131	ZNF600	DN_NC_073244.2_64724127_4	DN_NC_073244.2_64908457_4	truthbar	0.3165	0.6891	1840	1412	1840	1871	4325	2670	0.3265	0.4326
LOC101153131	ZNF611	DN_NC_073244.2_64672255_4	DN_NC_073244.2_64908457_4	truthbar	0.2794	0.4498	1201	961	1201	961	4340	2670	0.2214	0.2214
LOC101153131	ZNF701	DN_NC_073244.2_64543447_4	DN_NC_073244.2_64908457_4	truthbar	0.2348	0.7041	1880	1164	1880	1164	3690	2670	0.3154	0.3154
LOC101153131	ZNF761	DN_NC_073244.2_64908457_4	DN_NC_073244.2_65362909_5	truthbar	0.1966	0.7386	1972	1386	1972	1386	2670	4515	0.3070	0.3070
LOC101153131	ZNF808	DN_NC_073244.2_64500861_5	DN_NC_073244.2_64908457_4	truthbar	0.3105	1.1794	3149	2073	3149	2073	4884	2670	0.4244	0.4244
LOC101153131	ZNF813	DN_NC_073244.2_64908457_4	DN_NC_073244.2_65398487_4	truthbar	0.3367	0.7315	1953	1469	1953	1469	2670	5072	0.2896	0.2896
LOC101153131	ZNF888	DN_NC_073244.2_64860608_4	DN_NC_073244.2_64908457_4	truthbar	0.5873	0.694	1853	1477	1853	1477	5389	2670	0.2741	0.2741
LOC101153153	LOC129529923	DN_NC_073247.2_62823555_8	DN_NC_073247.2_62876862_8	TP	0.9969	0.9977	1291	1291	1291	1291	1294	1378	0.9369	0.9369
LOC101153360	LOC109027174	DN_NC_073229.2_47663527_8	DN_NC_073229.2_48177425_8	genuine	0.5493	0.5854	1135	984	1135	984	1939	4178	0.2355	0.2355
LOC101153360	MHC-G	DN_NC_073229.2_47377766_7	DN_NC_073229.2_48177425_8	truthbar	0.4188	0.7881	971	823	971	823	1232	4178	0.1970	0.1970
LOC101153366	LOC109027180	DN_NC_073229.2_70567152_7	DN_NC_073229.2_70609285_7	TP	0.6583	1.0047	1276	1179	1276	1179	2519	1270	0.4680	0.4680
LOC101153611	LOC115931590	DN_NC_073244.2_68293337_5	DN_NC_073244.2_68333010_5	TP	1.0	1.0	1995	1989	1995	1989	1995	2029	0.9803	0.9803
LOC101153611	ZSCAN5B	DN_NC_073244.2_68258639_5	DN_NC_073244.2_68333010_5	truthbar	0.4856	0.8817	1618	1440	1618	1440	1835	2029	0.7097	0.7097
LOC101154200	ZNF443	DN_NC_073244.2_18307855_4	DN_NC_073244.2_18470484_4	truthbar	0.3451	0.618	1925	1573	1925	1573	4260	3115	0.3692	0.3692
LOC101154200	ZNF563	DN_NC_073244.2_18307855_4	DN_NC_073244.2_18356684_4	truthbar	0.4825	0.4814	1295	1126	1295	1126	4260	2690	0.2643	0.2643
LOC101154200	ZNF799	DN_NC_073244.2_18307855_4	DN_NC_073244.2_18426035_4	truthbar	0.4324	0.4312	1837	1564	1837	1564	4260	5769	0.2711	0.2711
LOC101154200	ZNF823	DN_NC_073244.2_17751584_2	DN_NC_073244.2_18307855_4	truthbar	0.6977	0.6744	1537	1315	1537	1315	2279	4260	0.3087	0.3087
LOC101154261	RBM4	DN_NC_073233.2_74557606_4	DN_NC_073233.2_74583920_4	genuine	0.3674	0.3506	649	596	649	596	2752	1851	0.2166	0.2166
LOC101154433	LOC115930161	DN_NC_073242.2_99181437_12	DN_NC_073242.2_99604879_12	TP	0.7692	1.0	1937	1912	1937	1912	2640	1937	0.7242	0.7242
LOC101154433	LOC129527724	DN_NC_073242.2_104350782_12	DN_NC_073242.2_99604879_12	TP	0.459	0.9866	1911	1882	1911	1882	2375	1937	0.7924	0.7924
LOC101154437	TUBG2	DN_NC_073228.2_49804904_11	DN_NC_073228.2_49856055_11	TP	0.7854	0.749	1361	1291	1361	1291	1817	2447	0.5276	0.5276
LOC101154556	TOM1L1	DN_NC_073228.2_37084614_4	DN_NC_073228.2_37089052_16	genuine	0.4554	0.4554	1683	1683	1683	1683	3696	5192	0.3242	0.3242
LOC109023154	LOC109025730	DN_NC_073224.2_123525276_5	DN_NC_073239.2_123333523_2	genuine	0.2485	0.3569	474	436	474	436	1328	2284	0.1909	0.1909
LOC109023154	PDCD5	DN_NC_073239.2_123333523_2	DN_NC_073244.2_43610901_6	genuine	0.2641	0.3699	465	447	465	447	2284	1257	0.1957	0.1957
LOC109023154	SPC25	DN_NC_073235.2_71373985_7	DN_NC_073239.2_123333523_2	genuine	0.2449	0.3434	467	441	467	441	1360	2284	0.1931	0.1931
LOC109023386	LOC115930830	DN_NC_073240.2_23447377_5	DN_NC_073240.2_31271054_17	TP	0.2988	0.2988	1001	996	1001	996	5779	3350	0.1723	0.1723
LOC109023386	LOC134757229	DN_NC_073240.2_23459848_11	DN_NC_073240.2_24764672_4	TP	0.3211	0.3192	875	864	875	864	3875	2741	0.2230	0.2230
LOC109023808	LOC115931240	DN_NC_073243.2_97368865_2	DN_NC_073243.2_97368870_3	genuine	0.7007	0.7017	755	755	755	755	1076	2668	0.2830	0.2830
LOC109023809	TRIP13	DN_NC_073224.2_117447152_14	DN_NC_073243.2_111262956_13	genuine	0.3281	0.3274	1490	1465	1490	1465	6411	4551	0.2285	0.2285
LOC109024129	ZNF473	DN_NC_073244.2_59724372_5	DN_NC_073244.2_59726455_2	genuine	0.9195	0.9195	2502	2502	2502	2502	5927	2721	0.4221	0.4221
LOC109024216	LOC115931654	DN_NC_073244.2_65266359_4	DN_NC_073244.2_65293743_4	truthbar	0.476	0.3596	1581	1329	1581	2550	5995	4397	0.2217	0.4254
LOC109024216	ZNF28	DN_NC_073244.2_64759228_5	DN_NC_073244.2_65293743_4	truthbar	0.1933	0.4662	2050	1410	2050	2223	4546	4397	0.3102	0.4890
LOC109024216	ZNF578	DN_NC_073244.2_64426370_6	DN_NC_073244.2_65293743_4	truthbar	0.2522	0.5383	2367	1726	2367	2468	6763	4397	0.2552	0.3649
LOC109024216	ZNF600	DN_NC_073244.2_64724127_4	DN_NC_073244.2_65293743_4	truthbar	0.2837	0.9057	3917	2578	3917	2578	4325	4397	0.5863	0.5863
LOC109024216	ZNF611	DN_NC_073244.2_64672255_4	DN_NC_073244.2_65293743_4	truthbar	0.2509	0.4592	1993	1128	1993	2166	4340	4397	0.2565	0.4926
LOC109024216	ZNF701	DN_NC_073244.2_64543447_4	DN_NC_073244.2_65293743_4	genuine	0.2184	0.5385	1987	1544	1987	2496	3690	4397	0.3511	0.5677
LOC109024216	ZNF813	DN_NC_073244.2_65293743_4	DN_NC_073244.2_65398487_4	truthbar	0.4378	1.0212	4490	3106	4490	3106	4397	5072	0.6124	0.6124
LOC109024216	ZNF888	DN_NC_073244.2_64860608_4	DN_NC_073244.2_65293743_4	truthbar	0.4644	0.9072	3989	2551	3989	2551	5389	4397	0.4734	0.4734
LOC109024259	ZNF155	DN_NC_073244.2_55497464_5	DN_NC_073244.2_55618657_2	genuine	0.4177	0.3711	1204	1041	1204	1041	4218	3244	0.2468	0.2468
LOC109024259	ZNF221	DN_NC_073244.2_55464824_5	DN_NC_073244.2_55618657_2	genuine	0.4563	0.4693	1520	1345	1520	1345	3239	3244	0.4146	0.4146
LOC109024259	ZNF222	DN_NC_073244.2_55538420_4	DN_NC_073244.2_55618657_2	genuine	0.4108	0.4251	710	608	710	608	1670	3244	0.1874	0.1874
LOC109024259	ZNF224	DN_NC_073244.2_55607411_6	DN_NC_073244.2_55618657_2	TP	0.5993	0.5996	1945	1945	1945	1945	4082	3244	0.4765	0.4765
LOC109024259	ZNF225	DN_NC_073244.2_55618657_2	DN_NC_073244.2_55626504_5	genuine	0.3758	0.529	1716	1424	1716	1424	3244	4728	0.3012	0.3012
LOC109024259	ZNF284	DN_NC_073244.2_55585242_5	DN_NC_073244.2_55618657_2	genuine	0.3912	0.3366	1092	919	1092	919	4351	3244	0.2112	0.2112
LOC109024269	ZNF433	DN_NC_073244.2_18045307_2	DN_NC_073244.2_18047026_4	genuine	0.8342	0.8346	1953	1953	1953	1953	3852	2340	0.5070	0.5070
LOC109024560	LOC109025730	DN_NC_073224.2_123525276_5	DN_NC_086018.1_24877691_3	genuine	0.195	0.3524	468	434	468	434	1328	3137	0.1383	0.1383
LOC109024560	PDCD5	DN_NC_073244.2_43610901_6	DN_NC_086018.1_24877691_3	genuine	0.2084	0.3938	495	451	495	451	1257	3137	0.1438	0.1438
LOC109024800	THSD1	DN_NC_073238.2_66682517_7	DN_NC_073238.2_66830454_5	genuine	0.2479	0.2782	605	581	605	581	2175	3506	0.1657	0.1657
LOC109024811	LOC129527096	DN_NC_073240.2_41396094_2	DN_NC_073244.2_15689625_6	genuine	0.2931	0.7727	833	719	833	719	1078	5704	0.1261	0.1261
LOC109024957	RFPL4A	DN_NC_073244.2_67776054_3	DN_NC_073244.2_67840893_3	TP	0.786	0.9992	1195	1163	1195	1163	1196	1207	0.9635	0.9635
LOC109025084	LOC129528550	DN_NC_073229.2_52163606_6	DN_NC_073244.2_54257531_4	genuine	0.6089	0.6443	509	476	509	476	790	2660	0.1789	0.1789
LOC109025132	LOC129523505	DN_NC_073229.2_17702988_11	DN_NC_086017.1_9790451_11	TP	0.7362	0.733	1603	1588	1603	1588	2187	2251	0.7055	0.7055
LOC109025132	LOC129525643	DN_NC_073229.2_17702988_11	DN_NC_073234.2_15631092_11	genuine	0.7705	1.0011	1810	1788	1810	1788	2187	1808	0.8176	0.8176
LOC109025320	LOC129527663	DN_NC_073228.2_78970101_2	DN_NC_073242.2_68108553_2	genuine	0.1985	1.0079	5469	5177	5469	5177	5426	6042	0.8568	0.8568
LOC109025447	LOC129531666	DN_NC_073236.2_47712811_9	DN_NC_073236.2_51202468_4	TP	0.503	0.5032	2207	2197	2207	2197	5851	4386	0.3755	0.3755
LOC109025447	LOC129531667	DN_NC_073236.2_47732210_12	DN_NC_073236.2_51437835_4	TP	0.3389	0.6753	2178	2139	2178	2139	3366	3225	0.6355	0.6355
LOC109025447	RGPD8	DN_NC_073236.2_47712811_9	DN_NC_073236.2_49989275_2	TP	0.5344	0.5344	2100	2062	2100	2062	5851	3930	0.3524	0.3524
LOC109025592	TIMM23B	DN_NC_073224.2_125859316_3	DN_NC_073232.2_65905862_9	genuine	0.2458	0.3019	516	468	516	468	1709	3128	0.1496	0.1496
LOC109025592	TOR3A	DN_NC_073224.2_125859316_3	DN_NC_073224.2_77707994_7	genuine	0.3078	0.3095	529	510	529	510	1709	2492	0.2047	0.2047
LOC109025592	TRAF5	DN_NC_073224.2_125859316_3	DN_NC_073224.2_45389129_11	genuine	0.2984	0.3786	647	580	647	580	1709	4143	0.1400	0.1400
LOC109025730	LOC129530096	DN_NC_073224.2_123525276_5	DN_NC_073247.2_114234875_11	genuine	0.3464	0.3464	460	417	460	417	1328	3162	0.1319	0.1319
LOC109025730	LOC129530131	DN_NC_073224.2_123525276_5	DN_NC_073247.2_115708949_2	genuine	0.3569	0.3569	474	437	474	437	1328	3055	0.1430	0.1430
LOC109025730	LOC134756589	DN_NC_073224.2_123525276_5	DN_NC_073234.2_126370406_2	genuine	0.3539	0.3539	470	431	470	431	1328	2868	0.1503	0.1503
LOC109025730	LRFN5	DN_NC_073224.2_123525276_5	DN_NC_073239.2_14838701_6	genuine	0.2447	0.3464	460	431	460	431	1328	6854	0.0629	0.0629
LOC109025730	MINPP1	DN_NC_073224.2_123525276_5	DN_NC_073232.2_99830035_5	genuine	0.2161	0.3313	440	404	440	404	1328	4192	0.0964	0.0964
LOC109025730	MMP24OS	DN_NC_073224.2_123525276_5	DN_NC_073245.2_47429376_4	genuine	0.1958	0.3456	459	425	459	425	1328	2748	0.1547	0.1547
LOC109025730	NCALD	DN_NC_073224.2_123525276_5	DN_NC_073231.2_107519754_4	genuine	0.3464	0.3464	460	425	460	425	1328	5059	0.0840	0.0840
LOC109025730	NCR3LG1	DN_NC_073224.2_123525276_5	DN_NC_073233.2_23732821_4	genuine	0.3464	0.3569	474	444	474	444	1328	3570	0.1244	0.1244
LOC109025730	NFXL1	DN_NC_073224.2_123525276_5	DN_NC_073227.2_55859426_23	genuine	0.2086	0.3396	451	426	451	426	1328	4455	0.0956	0.0956
LOC109025730	OXCT1	DN_NC_073224.2_123525276_5	DN_NC_073243.2_70014918_17	genuine	0.2613	0.3486	463	413	463	413	1328	4386	0.0942	0.0942
LOC109025730	PDCD5	DN_NC_073224.2_123525276_5	DN_NC_073244.2_43610901_6	genuine	0.3683	0.366	460	427	460	427	1328	1257	0.3215	0.3215
LOC109025730	SELENOP	DN_NC_073224.2_123525276_5	DN_NC_073243.2_69046517_5	genuine	0.2425	0.3471	461	430	461	430	1328	6999	0.0614	0.0614
LOC109025730	SEM1	DN_NC_073224.2_123525276_5	DN_NC_073230.2_92132360_3	genuine	0.2425	0.3471	461	432	461	432	1328	1950	0.2215	0.2215
LOC109025730	SPATA33	DN_NC_073224.2_123525276_5	DN_NC_073242.2_120248671_3	genuine	0.3389	0.3569	474	440	474	440	1328	4140	0.1063	0.1063
LOC109025730	SPC25	DN_NC_073224.2_123525276_5	DN_NC_073235.2_71373985_7	genuine	0.247	0.3464	460	437	460	437	1328	1360	0.3213	0.3213
LOC109025730	THNSL1	DN_NC_073224.2_123525276_5	DN_NC_073232.2_34013134_3	genuine	0.2681	0.3411	453	420	453	420	1328	5858	0.0717	0.0717
LOC109025730	TMEM38B	DN_NC_073224.2_123525276_5	DN_NC_073237.2_101948554_6	genuine	0.3554	0.3569	474	433	474	433	1328	4500	0.0962	0.0962
LOC109025730	TSPAN8	DN_NC_073224.2_123525276_5	DN_NC_073234.2_86426177_10	genuine	0.2387	0.3539	470	433	470	433	1328	3218	0.1346	0.1346
LOC109025730	UCHL1	DN_NC_073224.2_123525276_5	DN_NC_073227.2_49278079_9	genuine	0.3464	0.3464	460	437	460	437	1328	3774	0.1158	0.1158
LOC109025772	LRATD1	DN_NC_073236.2_125241687_3	DN_NC_073236.2_125270757_2	genuine	0.3605	0.3595	1073	1073	1073	1073	2985	4183	0.2565	0.2565
LOC109025815	LOC109025979	DN_NC_073235.2_31713963_3	DN_NC_073235.2_32705529_3	genuine	0.9773	0.9773	559	543	559	543	572	574	0.9460	0.9460
LOC109026610	ZNF595	DN_NC_073227.2_8633416_4	DN_NC_073227.2_8705656_4	truthbar	0.2553	0.52	1546	1258	1546	1258	2973	3917	0.3212	0.3212
LOC109026704	UBB	DN_NC_073228.2_70438436_2	DN_NC_073228.2_83796015_2	genuine	0.6965	0.8271	842	798	842	798	1902	1018	0.4196	0.4196
LOC109026767	LOC115934575	DN_NC_073228.2_79859997_3	DN_NC_073228.2_83368453_5	genuine	0.31	0.9982	2708	2620	2708	2620	2713	4563	0.5742	0.5742
LOC109027124	MPHOSPH8	DN_NC_073229.2_194862622_5	DN_NC_073238.2_33904146_3	genuine	0.3524	0.7648	790	693	790	693	1098	1033	0.6311	0.6311
LOC109027174	MHC-G	DN_NC_073229.2_47377766_7	DN_NC_073229.2_47663527_8	genuine	0.8425	0.8393	1034	890	1034	890	1232	1939	0.4590	0.4590
LOC109027212	LOC115934041	DN_NC_073229.2_67950085_3	DN_NC_086017.1_112545872_3	genuine	0.3612	0.7323	971	925	971	925	1326	1707	0.5419	0.5419
LOC109027212	LOC129528278	DN_NC_073229.2_67950085_3	DN_NC_073241.2_83874271_3	genuine	0.9992	1.0	1326	1322	1326	1322	1326	1329	0.9947	0.9947
LOC109027212	LOC129528791	DN_NC_073229.2_67950085_3	DN_NC_073244.2_6165323_3	genuine	0.454	0.7637	979	919	979	919	1326	1282	0.6931	0.6931
LOC109027212	SSBP1	DN_NC_073229.2_67950085_3	DN_NC_073230.2_150857421_7	genuine	0.2225	0.5596	742	659	742	659	1326	2323	0.2837	0.2837
LOC109027782	LOC129523694	DN_NC_073230.2_63938060_3	DN_NC_073230.2_64705365_4	TP	0.5883	0.5883	373	371	373	371	898	634	0.4131	0.4131
LOC109027782	PSPH	DN_NC_073230.2_63938060_3	DN_NC_073230.2_64191496_8	TP	0.2595	0.3708	333	308	333	308	898	2230	0.1381	0.1381
LOC109028376	LOC115934025	DN_NC_073237.2_79912635_2	DN_NC_086017.1_24755690_2	genuine	0.2882	0.8499	985	808	985	808	1159	3829	0.2110	0.2110
LOC109028376	LOC129527656	DN_NC_073237.2_79912635_2	DN_NC_073242.2_36567597_2	genuine	0.2519	0.6419	744	640	744	640	1159	1378	0.4644	0.4644
LOC109028376	LOC134757969	DN_NC_073237.2_79912635_2	DN_NC_086017.1_24755694_2	genuine	0.2882	0.8499	985	808	985	808	1159	3771	0.2143	0.2143
LOC109028376	PGM3	DN_NC_073229.2_107305414_13	DN_NC_073237.2_79912635_2	genuine	0.2243	0.8628	1000	843	1000	843	6824	1159	0.1235	0.1235
LOC109028502	VIM	DN_NC_073232.2_26196651_3	DN_NC_073232.2_26211167_9	genuine	0.2988	0.2955	641	641	641	641	2169	2579	0.2485	0.2485
LOC109028604	OXA1L	DN_NC_073239.2_33872730_10	DN_NC_073239.2_33878048_2	genuine	0.2773	0.2642	344	344	344	344	3113	1302	0.1105	0.1105
LOC109028900	SESN3	DN_NC_073233.2_103065421_4	DN_NC_073233.2_103150044_4	genuine	0.4955	0.4945	938	938	938	938	2400	1897	0.3908	0.3908
LOC109029264	LOC115930232	DN_NC_073234.2_24956987_7	DN_NC_073234.2_24978856_8	TP	0.3267	0.6018	606	598	606	598	1371	1007	0.4362	0.4362
LOC109029488	LOC115932735	DN_NC_073224.2_124234032_12	DN_NC_073224.2_124254598_20	TP	0.245	0.245	868	809	868	809	4401	3543	0.1838	0.1838
LOC115930161	LOC129527724	DN_NC_073242.2_104350782_12	DN_NC_073242.2_99181437_12	genuine	0.5482	1.0	2375	2352	2375	2352	2375	2640	0.8909	0.8909
LOC115930164	LOC115930576	DN_NC_073224.2_218434129_23	DN_NC_073224.2_223156764_8	TP	0.946	0.9464	2419	2374	2419	2374	5272	2556	0.4503	0.4503
LOC115930164	LOC115933235	DN_NC_073224.2_129429039_7	DN_NC_073224.2_223478295_8	truthbar	0.4724	0.7002	1749	1550	1749	1550	2498	3760	0.4122	0.4122
LOC115930164	LOC115933241	DN_NC_073224.2_115073393_19	DN_NC_073224.2_223156764_8	genuine	0.2175	0.8905	2276	2020	2276	2020	4388	2556	0.4603	0.4603
LOC115930172	LOC115931567	DN_NC_073244.2_27051998_4	DN_NC_073244.2_27566430_5	genuine	0.5373	0.3229	910	714	910	714	3768	2818	0.1895	0.1895
LOC115930172	LOC115931568	DN_NC_073244.2_27051998_4	DN_NC_073244.2_28072858_4	genuine	0.4541	0.48	1611	1273	1611	1273	3768	3356	0.3378	0.3378
LOC115930172	LOC115931576	DN_NC_073244.2_27051998_4	DN_NC_073244.2_29046961_4	genuine	0.41	0.4376	1649	1406	1649	1406	3768	4064	0.3460	0.3460
LOC115930172	LOC129528947	DN_NC_073244.2_27051998_4	DN_NC_073244.2_27408454_4	genuine	0.349	0.4554	1716	1385	1716	1385	3768	3831	0.3615	0.3615
LOC115930172	ZNF254	DN_NC_073244.2_27051998_4	DN_NC_073244.2_30438340_4	genuine	0.41	0.4867	1834	1384	1834	1384	3768	4060	0.3409	0.3409
LOC115930172	ZNF273	DN_NC_073230.2_74299233_4	DN_NC_073244.2_27051998_4	genuine	0.4108	0.4432	1667	1357	1667	1357	3761	3768	0.3601	0.3601
LOC115930172	ZNF43	DN_NC_073244.2_27051998_4	DN_NC_073244.2_28333451_4	genuine	0.2611	0.4583	1727	1330	1727	1330	3768	4132	0.3219	0.3219
LOC115930172	ZNF430	DN_NC_073244.2_27051998_4	DN_NC_073244.2_27504818_5	genuine	0.3779	0.4156	1532	1165	1532	1890	3768	3686	0.3092	0.5016
LOC115930172	ZNF486	DN_NC_073244.2_26666712_5	DN_NC_073244.2_27051998_4	genuine	0.4504	0.5405	1655	1223	1655	1223	3062	3768	0.3246	0.3246
LOC115930172	ZNF506	DN_NC_073244.2_26240035_4	DN_NC_073244.2_27051998_4	genuine	0.2113	0.8538	2808	2063	2808	2063	3289	3768	0.5475	0.5475
LOC115930172	ZNF675	DN_NC_073244.2_27051998_4	DN_NC_073244.2_29970261_4	genuine	0.5359	0.7684	1692	1418	1692	1418	3768	2202	0.3763	0.3763
LOC115930172	ZNF723	DN_NC_073244.2_27051998_4	DN_NC_073244.2_29232445_4	genuine	0.5009	0.6926	1604	1237	1604	1237	3768	2316	0.3283	0.3283
LOC115930172	ZNF92	DN_NC_073230.2_74637814_2	DN_NC_073244.2_27051998_4	genuine	0.1953	0.4454	1325	1057	1325	1057	2975	3768	0.2805	0.2805
LOC115930550	LOC115933127	DN_NC_073239.2_122741455_4	DN_NC_073239.2_122796928_6	TP	0.7356	1.0389	1175	1085	1175	1085	1131	1219	0.8901	0.8901
LOC115930550	LOC115933128	DN_NC_073239.2_122634080_4	DN_NC_073239.2_122796928_6	TP	0.6962	1.05	1175	1067	1175	1067	1119	1219	0.8753	0.8753
LOC115930550	LOC115933240	DN_NC_073239.2_122615409_4	DN_NC_073239.2_122796928_6	TP	0.723	1.0545	1180	1067	1180	1067	1119	1219	0.8753	0.8753
LOC115930550	LOC134757171	DN_NC_073239.2_122769394_7	DN_NC_073239.2_122796928_6	genuine	0.6891	1.0377	1265	1156	1265	1156	1270	1219	0.9102	0.9102
LOC115930576	LOC115932984	DN_NC_073224.2_130224824_25	DN_NC_073224.2_218434129_23	truthbar	0.2014	0.7289	3036	2701	3036	2701	4165	5272	0.5123	0.5123
LOC115930576	LOC115933235	DN_NC_073224.2_129429039_7	DN_NC_073224.2_218434129_23	truthbar	0.4724	0.9123	2279	2022	2279	2022	2498	5272	0.3835	0.3835
LOC115930576	LOC129525330	DN_NC_073224.2_125594338_29	DN_NC_073224.2_218434129_23	TP	0.1937	0.7203	3023	2693	3023	2693	4197	5272	0.5108	0.5108
LOC115930576	LOC129525599	DN_NC_073224.2_116807774_25	DN_NC_073224.2_218434129_23	truthbar	0.2546	0.7759	2551	2074	2551	3296	3288	5272	0.3934	0.6252
LOC115930576	LOC134756861	DN_NC_073224.2_117494263_25	DN_NC_073224.2_218434129_23	truthbar	0.2552	0.7412	2437	2147	2437	3367	3288	5272	0.4072	0.6387
LOC115931054	PDPR	DN_NC_073242.2_103773356_15	DN_NC_073242.2_99543624_18	genuine	0.4692	0.4699	1984	1976	1984	1976	4222	7299	0.2707	0.2707
LOC115931054	PSMD7	DN_NC_073242.2_103765562_7	DN_NC_073242.2_103773356_15	genuine	0.5884	0.5884	1005	1005	1005	1005	1708	4222	0.2380	0.2380
LOC115931067	LOC134757486	DN_NC_073242.2_3790652_3	DN_NC_073242.2_3794469_3	TP	1.0	1.0	626	626	626	626	634	626	0.9874	0.9874
LOC115931069	LOC129527586	DN_NC_073242.2_21122105_21	DN_NC_073242.2_21673693_21	TP	0.307	1.0346	4539	4255	4539	4255	4387	4439	0.9585	0.9585
LOC115931074	LOC129527053	DN_NC_073240.2_23219746_14	DN_NC_073242.2_37435648_13	TP	0.21	0.6941	1947	1637	1947	1637	6090	2805	0.2688	0.2688
LOC115931074	RHPN2	DN_NC_073242.2_37435648_13	DN_NC_073244.2_44006563_15	TP	0.5027	0.5697	1598	1465	1598	1465	2805	3540	0.4138	0.4138
LOC115931432	LOC129525065	DN_NC_073232.2_8894424_4	DN_NC_073242.2_120770730_3	TP	0.4165	0.9065	2161	2141	2161	2141	2595	2384	0.8250	0.8250
LOC115931567	LOC115931576	DN_NC_073244.2_27626411_5	DN_NC_073244.2_29046961_4	genuine	0.3858	0.4198	1618	1332	1618	1332	3854	4064	0.3278	0.3278
LOC115931567	LOC129528947	DN_NC_073244.2_27408454_4	DN_NC_073244.2_27566430_5	genuine	0.4915	0.6054	1706	1311	1706	1311	3831	2818	0.3422	0.3422
LOC115931567	ZNF254	DN_NC_073244.2_27626411_5	DN_NC_073244.2_30438340_4	genuine	0.4074	0.4419	1703	1383	1703	1383	3854	4060	0.3406	0.3406
LOC115931567	ZNF273	DN_NC_073230.2_74299233_4	DN_NC_073244.2_27626411_5	genuine	0.418	0.4366	1642	1255	1642	1255	3761	3854	0.3256	0.3256
LOC115931567	ZNF429	DN_NC_073244.2_27566430_5	DN_NC_073244.2_27956158_2	genuine	0.6268	0.8325	1809	1239	1809	1239	2818	2173	0.4397	0.4397
LOC115931567	ZNF43	DN_NC_073244.2_27566430_5	DN_NC_073244.2_28333451_4	truthbar	0.3527	0.5809	1637	1302	1637	3537	2818	4132	0.3151	0.8560
LOC115931567	ZNF430	DN_NC_073244.2_27504818_5	DN_NC_073244.2_27566430_5	genuine	0.2452	0.6015	1695	1481	1695	1481	3686	2818	0.4018	0.4018
LOC115931567	ZNF626	DN_NC_073244.2_27131194_2	DN_NC_073244.2_27626411_5	genuine	0.3997	0.4395	1380	1021	1380	1021	3140	3854	0.2649	0.2649
LOC115931567	ZNF675	DN_NC_073244.2_27566430_5	DN_NC_073244.2_29970261_4	genuine	0.5631	0.7257	1598	1290	1598	1290	2818	2202	0.4578	0.4578
LOC115931567	ZNF680	DN_NC_073230.2_73977205_4	DN_NC_073244.2_27566430_5	genuine	0.2793	0.4872	1373	1090	1373	1090	3255	2818	0.3349	0.3349
LOC115931567	ZNF681	DN_NC_073244.2_27626411_5	DN_NC_073244.2_30067652_4	genuine	0.3181	0.4777	1841	1297	1841	1297	3854	5815	0.2230	0.2230
LOC115931567	ZNF723	DN_NC_073244.2_27626411_5	DN_NC_073244.2_29232445_4	genuine	0.6546	1.0484	2428	1825	2428	1825	3854	2316	0.4735	0.4735
LOC115931567	ZNF91	DN_NC_073244.2_27566430_5	DN_NC_073244.2_29680825_2	truthbar	0.3389	0.3552	1001	799	1001	1499	2818	5154	0.1550	0.2908
LOC115931567	ZNF92	DN_NC_073230.2_74637814_2	DN_NC_073244.2_27626411_5	genuine	0.3997	0.476	1416	1206	1416	1206	2975	3854	0.3129	0.3129
LOC115931568	LOC115931576	DN_NC_073244.2_28072858_4	DN_NC_073244.2_29046961_4	truthbar	0.472	0.5074	1703	1346	1703	1346	3356	4064	0.3312	0.3312
LOC115931568	LOC129528947	DN_NC_073244.2_27408454_4	DN_NC_073244.2_28072858_4	genuine	0.3844	0.5051	1695	1270	1695	1270	3831	3356	0.3315	0.3315
LOC115931568	ZNF273	DN_NC_073230.2_74299233_4	DN_NC_073244.2_28072858_4	truthbar	0.4729	0.455	1527	1272	1527	1272	3761	3356	0.3382	0.3382
LOC115931568	ZNF43	DN_NC_073244.2_28072858_4	DN_NC_073244.2_28333451_4	truthbar	0.2753	0.5244	1760	1256	1760	1256	3356	4132	0.3040	0.3040
LOC115931568	ZNF675	DN_NC_073244.2_28072858_4	DN_NC_073244.2_29970261_4	truthbar	0.525	0.7598	1673	1253	1673	1253	3356	2202	0.3734	0.3734
LOC115931568	ZNF723	DN_NC_073244.2_28072858_4	DN_NC_073244.2_29232445_4	truthbar	0.6788	0.6192	1434	1205	1434	1205	3356	2316	0.3591	0.3591
LOC115931576	LOC129528947	DN_NC_073244.2_27408454_4	DN_NC_073244.2_29046961_4	genuine	0.4067	0.468	1793	1465	1793	1465	3831	4064	0.3605	0.3605
LOC115931576	ZNF254	DN_NC_073244.2_29046961_4	DN_NC_073244.2_30438386_2	truthbar	0.3089	0.7072	2649	1909	2649	2595	4064	3746	0.4697	0.6385
LOC115931576	ZNF273	DN_NC_073230.2_74299233_4	DN_NC_073244.2_29046961_4	truthbar	0.2414	0.9133	3435	2640	3435	2640	3761	4064	0.6496	0.6496
LOC115931576	ZNF429	DN_NC_073244.2_27956158_2	DN_NC_073244.2_29046961_4	truthbar	0.7322	0.4924	1070	904	1070	904	2173	4064	0.2224	0.2224
LOC115931576	ZNF43	DN_NC_073244.2_28333451_4	DN_NC_073244.2_29046961_4	truthbar	0.4085	0.4021	1634	1320	1634	3202	4132	4064	0.3195	0.7749
LOC115931576	ZNF430	DN_NC_073244.2_27504818_5	DN_NC_073244.2_29046961_4	truthbar	0.3937	0.5016	1849	1292	1849	2726	3686	4064	0.3179	0.6708
LOC115931576	ZNF506	DN_NC_073244.2_26240035_4	DN_NC_073244.2_29046961_4	truthbar	0.4147	0.5272	1734	1376	1734	1376	3289	4064	0.3386	0.3386
LOC115931576	ZNF626	DN_NC_073244.2_27131194_2	DN_NC_073244.2_29046961_4	truthbar	0.2924	0.3366	1057	826	1057	2130	3140	4064	0.2032	0.5241
LOC115931576	ZNF675	DN_NC_073244.2_29046961_4	DN_NC_073244.2_29970261_4	truthbar	0.6122	0.9846	2168	1810	2168	1810	4064	2202	0.4454	0.4454
LOC115931576	ZNF680	DN_NC_073230.2_73977205_4	DN_NC_073244.2_29046961_4	truthbar	0.2747	0.4842	1576	1319	1576	1319	3255	4064	0.3246	0.3246
LOC115931576	ZNF681	DN_NC_073244.2_29046961_4	DN_NC_073244.2_30067652_4	truthbar	0.2827	0.702	2853	2263	2853	2263	4064	5815	0.3892	0.3892
LOC115931576	ZNF723	DN_NC_073244.2_29046961_4	DN_NC_073244.2_29232445_4	truthbar	0.3748	0.3877	898	788	898	788	4064	2316	0.1939	0.1939
LOC115931576	ZNF91	DN_NC_073244.2_29046961_4	DN_NC_073244.2_29680825_2	genuine	0.2136	0.3829	1556	1173	1556	2889	4064	5154	0.2276	0.5605
LOC115931576	ZNF92	DN_NC_073230.2_74637814_2	DN_NC_073244.2_29046961_4	truthbar	0.4376	0.6689	1990	1532	1990	1532	2975	4064	0.3770	0.3770
LOC115931590	ZSCAN5B	DN_NC_073244.2_68258639_5	DN_NC_073244.2_68293337_5	TP	0.4856	0.703	1290	1175	1290	1175	1835	1995	0.5890	0.5890
LOC115931654	ZNF600	DN_NC_073244.2_64724127_4	DN_NC_073244.2_65266359_4	truthbar	0.2795	0.397	1717	1301	1717	2571	4325	5995	0.2170	0.4289
LOC115931654	ZNF611	DN_NC_073244.2_64672255_4	DN_NC_073244.2_65266359_4	truthbar	0.2502	0.9184	3986	2693	3986	2693	4340	5995	0.4492	0.4492
LOC115931654	ZNF701	DN_NC_073244.2_64543447_4	DN_NC_073244.2_65266359_4	genuine	0.219	0.6024	2223	1516	2223	2945	3690	5995	0.2529	0.4912
LOC115931654	ZNF808	DN_NC_073244.2_64500861_5	DN_NC_073244.2_65266359_4	truthbar	0.2371	0.3602	1759	1311	1759	2433	4884	5995	0.2187	0.4058
LOC115931654	ZNF888	DN_NC_073244.2_64860608_4	DN_NC_073244.2_65266359_4	truthbar	0.2095	0.7408	3992	2604	3992	2604	5389	5995	0.4344	0.4344
LOC115931857	ZNF519	DN_NC_073241.2_36126183_3	DN_NC_073246.2_15789285_3	TP	0.8535	1.0105	2593	2534	2593	2534	2566	4381	0.5784	0.5784
LOC115932055	TFDP1	DN_NC_073238.2_128463727_12	DN_NC_073247.2_47501169_3	genuine	0.4303	0.9234	2496	2334	2496	2334	2703	3868	0.6034	0.6034
LOC115932241	LOC115932281	DN_NC_073247.2_18318973_2	DN_NC_073247.2_18934892_2	genuine	0.3944	0.8711	561	498	561	498	966	644	0.5155	0.5155
LOC115932241	LOC129529790	DN_NC_073247.2_17003459_2	DN_NC_073247.2_18318973_2	truthbar	0.4144	0.8973	524	449	524	449	584	966	0.4648	0.4648
LOC115932241	LOC129530333	DN_NC_073247.2_18318973_2	DN_NC_073248.2_30080680_2	genuine	0.3675	0.875	581	494	581	494	966	664	0.5114	0.5114
LOC115932281	LOC129529790	DN_NC_073247.2_17003459_2	DN_NC_073247.2_18934892_2	TP	0.4178	1.0822	632	580	632	580	584	644	0.9006	0.9006
LOC115932281	LOC129530333	DN_NC_073247.2_18934892_2	DN_NC_073248.2_30080680_2	genuine	0.6366	1.0311	664	599	664	599	644	664	0.9021	0.9021
LOC115932634	PPIF	DN_NC_073232.2_36391573_6	DN_NC_073232.2_91788490_6	genuine	0.4936	1.0004	2270	2257	2270	2257	2823	2269	0.7995	0.7995
LOC115932683	TUBGCP5	DN_NC_073240.2_21430216_23	DN_NC_073240.2_24008961_23	TP	0.9977	0.9977	3825	3818	3825	3818	3974	3834	0.9607	0.9607
LOC115932749	ZC3H7A	DN_NC_073242.2_15387796_13	DN_NC_073242.2_35785087_23	TP	0.9672	0.9672	2535	2519	2535	2519	2621	3846	0.6550	0.6550
LOC115932756	LOC115932954	DN_NC_073238.2_25250945_5	DN_NC_073240.2_17174470_5	TP	0.6332	1.0612	2618	2450	2618	2450	2467	4156	0.5895	0.5895
LOC115932756	LOC129530227	DN_NC_073240.2_17174470_5	DN_NC_073248.2_45277558_8	genuine	0.271	0.6093	906	739	906	739	4156	1487	0.1778	0.1778
LOC115932756	LOC134756368	DN_NC_073236.2_23070420_5	DN_NC_073240.2_17174470_5	TP	0.8018	1.0	2588	2573	2588	2573	2588	4156	0.6191	0.6191
LOC115932756	XRCC2	DN_NC_073230.2_161461454_2	DN_NC_073240.2_17174470_5	TP	0.412	0.7303	1170	1159	1170	1159	1602	4156	0.2789	0.2789
LOC115932762	LOC129527190	DN_NC_073236.2_30501599_2	DN_NC_073238.2_22111250_2	genuine	0.4069	0.94	1959	1905	1959	1905	2225	2084	0.8562	0.8562
LOC115932762	NOSTRIN	DN_NC_073235.2_71287360_16	DN_NC_073236.2_30490104_2	genuine	0.2562	0.6086	1233	1128	1233	1128	5538	2026	0.2037	0.2037
LOC115932779	LOC115932992	DN_NC_073242.2_16378095_15	DN_NC_073242.2_29051840_13	genuine	0.3379	0.9075	2452	2325	2452	2325	2950	2702	0.7881	0.7881
LOC115932779	LOC115933039	DN_NC_073242.2_28854512_28	DN_NC_073244.2_20936541_9	TP	1.0	1.0	1442	1437	1442	1437	3748	1442	0.3834	0.3834
LOC115932779	SORL1	DN_NC_073233.2_129388517_48	DN_NC_073242.2_28854512_28	TP	0.6033	1.0	3748	3688	3748	3688	7093	3748	0.5199	0.5199
LOC115932787	MAP2K3	DN_NC_073228.2_78724694_4	DN_NC_073228.2_79204251_5	TP	0.2592	0.8756	1260	1211	1260	1211	1678	1439	0.7217	0.7217
LOC115932794	LOC129529083	DN_NC_073228.2_78872851_5	DN_NC_073245.2_35742393_2	TP	0.2048	0.9538	3507	3310	3507	3310	4502	3677	0.7352	0.7352
LOC115932954	LOC115933156	DN_NC_073236.2_24785599_8	DN_NC_073238.2_25250945_5	genuine	0.2221	0.3445	850	742	850	742	2585	2467	0.2870	0.2870
LOC115932954	LOC129523503	DN_NC_073236.2_30205531_7	DN_NC_073238.2_25250945_5	TP	0.3097	0.3101	765	761	765	761	5556	2467	0.1370	0.1370
LOC115932954	LOC129523574	DN_NC_073238.2_25250945_5	DN_NC_073246.2_11287585_8	genuine	0.225	0.3085	761	736	761	736	2467	2972	0.2476	0.2476
LOC115932954	LOC129526389	DN_NC_073238.2_23392840_7	DN_NC_073238.2_25250945_5	TP	0.3085	0.3089	762	754	762	754	5904	2467	0.1277	0.1277
LOC115932954	LOC129530227	DN_NC_073238.2_25250945_5	DN_NC_073248.2_45277558_8	genuine	0.4835	0.5077	755	739	755	739	2467	1487	0.2996	0.2996
LOC115932954	LOC134756368	DN_NC_073236.2_23070420_5	DN_NC_073238.2_25250945_5	TP	0.8403	1.049	2588	2433	2588	2433	2588	2467	0.9401	0.9401
LOC115932954	LOC134756753	DN_NC_073236.2_22549336_8	DN_NC_073238.2_25250945_5	TP	0.3097	0.3101	765	758	765	758	6197	2467	0.1223	0.1223
LOC115932954	LRPAP1	DN_NC_073227.2_12088225_8	DN_NC_073238.2_25250945_5	TP	0.3097	0.3101	765	755	765	755	4135	2467	0.1826	0.1826
LOC115932954	XRCC2	DN_NC_073230.2_161461454_2	DN_NC_073238.2_25250945_5	TP	0.412	0.7303	1170	1159	1170	1159	1602	2467	0.4698	0.4698
LOC115932984	LOC129525330	DN_NC_073224.2_125594338_29	DN_NC_073224.2_130224824_25	TP	0.795	0.8118	3381	3358	3381	3358	4197	4165	0.8001	0.8001
LOC115932984	LOC129525331	DN_NC_073224.2_125055626_35	DN_NC_073224.2_130224824_25	TP	0.8055	0.8223	3425	3401	3425	3401	4929	4165	0.6900	0.6900
LOC115932984	LOC129525599	DN_NC_073224.2_116807774_25	DN_NC_073224.2_130224824_25	TP	0.3123	0.7944	2612	2568	2612	4101	3288	4165	0.6166	0.9846
LOC115932984	LOC134756861	DN_NC_073224.2_117494263_25	DN_NC_073224.2_130224824_25	TP	0.3123	0.7944	2612	2575	2612	4107	3288	4165	0.6182	0.9861
LOC115933006	LOC115933189	DN_NC_073228.2_182513643_26	DN_NC_073228.2_182587557_24	TP	0.5613	1.0	2534	2339	2534	2339	2598	2534	0.9003	0.9003
LOC115933039	SORL1	DN_NC_073233.2_129388517_48	DN_NC_073244.2_20936541_9	TP	0.9015	1.0	1442	1433	1442	1433	7093	1442	0.2020	0.2020
LOC115933090	LOC129524676	DN_NC_073237.2_22957046_5	DN_NC_073238.2_31858801_4	genuine	0.3751	1.0564	3036	2795	3036	2795	3095	2874	0.9031	0.9031
LOC115933090	LOC134756761	DN_NC_073236.2_30994185_5	DN_NC_073238.2_31858801_4	genuine	0.3299	1.064	3058	2816	3058	2816	3085	2874	0.9128	0.9128
LOC115933127	LOC115933128	DN_NC_073239.2_122634080_4	DN_NC_073239.2_122741455_4	TP	0.6988	1.0107	1131	1080	1131	1080	1119	1131	0.9549	0.9549
LOC115933127	LOC115933240	DN_NC_073239.2_122615409_4	DN_NC_073239.2_122741455_4	TP	0.723	1.0036	1123	1068	1123	1068	1119	1131	0.9443	0.9443
LOC115933127	LOC134757171	DN_NC_073239.2_122741455_4	DN_NC_073239.2_122769394_7	genuine	0.7091	1.1229	1270	1095	1270	1095	1131	1270	0.8622	0.8622
LOC115933128	LOC115933240	DN_NC_073239.2_122615409_4	DN_NC_073239.2_122634080_4	TP	0.6962	0.9973	1116	1070	1116	1070	1119	1119	0.9562	0.9562
LOC115933128	LOC134757171	DN_NC_073239.2_122634080_4	DN_NC_073239.2_122769394_7	genuine	0.6917	1.1349	1270	1078	1270	1078	1119	1270	0.8488	0.8488
LOC115933144	LOC129527341	DN_NC_073242.2_35270505_17	DN_NC_073242.2_35624699_9	TP	0.6106	0.6254	1905	1901	1905	1901	3046	3499	0.5433	0.5433
LOC115933152	TEX14	DN_NC_073228.2_33351152_31	DN_NC_073236.2_29195344_14	TP	0.2605	0.26	1080	1060	1080	1060	4720	4154	0.2246	0.2246
LOC115933156	LOC129523503	DN_NC_073236.2_24785599_8	DN_NC_073236.2_30205531_7	genuine	0.5609	0.5609	1450	1428	1450	1428	2585	5556	0.2570	0.2570
LOC115933156	LOC129526389	DN_NC_073236.2_24785599_8	DN_NC_073238.2_23392840_7	genuine	0.5605	0.5609	1450	1431	1450	1431	2585	5904	0.2424	0.2424
LOC115933156	LOC129530227	DN_NC_073236.2_24785599_8	DN_NC_073248.2_45277558_8	genuine	0.8608	1.0639	1582	1471	1582	1471	2585	1487	0.5691	0.5691
LOC115933156	LOC134756753	DN_NC_073236.2_22549336_8	DN_NC_073236.2_24785599_8	genuine	0.8731	1.0023	2591	2466	2591	2466	6197	2585	0.3979	0.3979
LOC115933156	LRPAP1	DN_NC_073227.2_12088225_8	DN_NC_073236.2_24785599_8	genuine	0.4178	1.0031	2593	2402	2593	2402	4135	2585	0.5809	0.5809
LOC115933167	LOC129534750	DN_NC_073230.2_51812102_9	DN_NC_073230.2_86128587_5	genuine	0.3882	0.4149	451	439	451	439	1660	1087	0.2645	0.2645
LOC115933187	SH3KBP1	DN_NC_073245.2_9841009_7	DN_NC_073247.2_30010111_18	TP	0.4068	0.9353	3051	3012	3051	3012	3262	4825	0.6242	0.6242
LOC115933219	LOC129532224	DN_NC_073235.2_34402342_7	DN_NC_073245.2_42779121_5	TP	0.3336	0.9996	2361	2125	2361	2125	2362	5287	0.4019	0.4019
LOC115933235	LOC115933241	DN_NC_073224.2_115073393_19	DN_NC_073224.2_129429039_7	genuine	0.3423	1.0008	2500	2435	2500	2435	4388	2498	0.5549	0.5549
LOC115933240	LOC134757171	DN_NC_073239.2_122615409_4	DN_NC_073239.2_122769394_7	genuine	0.723	1.1296	1264	1072	1264	1072	1119	1270	0.8441	0.8441
LOC115933241	LOC129525599	DN_NC_073224.2_115073393_19	DN_NC_073224.2_116807774_25	genuine	0.507	0.5739	1887	1811	1887	3170	4388	3288	0.4127	0.7224
LOC115933241	LOC134756861	DN_NC_073224.2_115073393_19	DN_NC_073224.2_117494263_25	genuine	0.507	0.5739	1887	1809	1887	3165	4388	3288	0.4123	0.7213
LOC115933250	LOC115933349	DN_NC_073242.2_30717385_31	DN_NC_073242.2_31497679_8	genuine	0.705	0.7059	792	790	792	790	4305	1122	0.1835	0.1835
LOC115933250	LOC129527620	DN_NC_073242.2_28606635_19	DN_NC_073242.2_30717385_31	TP	0.495	0.6727	2290	2273	2290	2273	3404	4305	0.5280	0.5280
LOC115933306	LOC115934662	DN_NC_073228.2_54243403_14	DN_NC_073228.2_56462402_14	TP	1.0	1.0	2116	2113	2116	2113	2116	2116	0.9986	0.9986
LOC115933306	LOC129533797	DN_NC_073228.2_54243403_14	DN_NC_073228.2_56531257_20	TP	0.948	0.948	2006	2002	2006	2002	2116	3019	0.6631	0.6631
LOC115933349	LOC134757427	DN_NC_073242.2_15607160_18	DN_NC_073242.2_31497679_8	TP	0.2941	0.295	331	330	331	330	7031	1122	0.0469	0.0469
LOC115933369	LOC129527725	DN_NC_073242.2_104701006_6	DN_NC_073242.2_99381861_11	TP	0.4771	0.4767	1053	1046	1053	2056	2209	2445	0.4278	0.8409
LOC115933429	MPHOSPH8	DN_NC_073238.2_33938258_14	DN_NC_073240.2_20710887_3	TP	0.5457	0.5457	1319	1317	1319	1317	3695	2417	0.3564	0.3564
LOC115933728	LOC129526434	DN_NC_073235.2_31723374_5	DN_NC_073238.2_31467876_5	truthbar	0.8922	0.9322	1444	1387	1444	1387	1549	2306	0.6015	0.6015
LOC115933728	LOC129529583	DN_NC_073235.2_31723374_5	DN_NC_086018.1_18552717_3	genuine	0.2382	0.4416	684	604	684	604	1549	2662	0.2269	0.2269
LOC115933728	TUBA3E	DN_NC_073235.2_31723374_5	DN_NC_073235.2_32697745_5	TP	1.0	1.0	1549	1531	1549	1531	1549	1584	0.9665	0.9665
LOC115933728	TUBA8	DN_NC_073235.2_31723374_5	DN_NC_086018.1_16134008_5	truthbar	0.7708	0.5617	870	742	870	742	1549	2033	0.3650	0.3650
LOC115934025	LOC134757969	DN_NC_086017.1_24755691_2	DN_NC_086017.1_24755694_2	genuine	0.9674	0.9674	3383	3383	3383	3383	3497	3771	0.8971	0.8971
LOC115934041	LOC129528278	DN_NC_073241.2_83874271_3	DN_NC_086017.1_112545872_3	genuine	0.3597	0.7306	971	925	971	925	1329	1707	0.5419	0.5419
LOC115934041	LOC129528791	DN_NC_073244.2_6165323_3	DN_NC_086017.1_112545872_3	genuine	0.3729	0.7629	978	917	978	917	1282	1707	0.5372	0.5372
LOC115934550	WDR45B	DN_NC_073228.2_62433488_6	DN_NC_073228.2_9345525_10	TP	0.3837	0.8795	2496	2325	2496	2325	3478	2838	0.6685	0.6685
LOC115934626	LRRC37A3	DN_NC_073228.2_27148471_4	DN_NC_073228.2_45948292_6	TP	0.3107	1.0509	4191	3577	4191	3577	3988	5605	0.6382	0.6382
LOC115934662	LOC129533797	DN_NC_073228.2_56462402_14	DN_NC_073228.2_56531257_20	TP	0.948	0.948	2006	2005	2006	2005	2116	3019	0.6641	0.6641
LOC115935268	LOC129534750	DN_NC_073230.2_86077849_4	DN_NC_073230.2_86186055_4	genuine	0.4659	1.002	2026	2007	2026	2007	2022	2032	0.9877	0.9877
LOC115935376	LOC129534750	DN_NC_073230.2_47098444_23	DN_NC_073230.2_86128587_5	genuine	0.3413	0.3247	353	347	353	347	3744	1087	0.0927	0.0927
LOC115935615	TNFRSF10D	DN_NC_073231.2_27335163_6	DN_NC_073231.2_27367940_9	TP	0.2354	0.8394	2953	2780	2953	2780	3518	3650	0.7616	0.7616
LOC115935842	LOC129524687	DN_NC_073236.2_32676987_2	DN_NC_073237.2_31692944_2	TP	0.3419	1.01	3131	3045	3131	3045	3100	3212	0.9480	0.9480
LOC115935989	RHEB	DN_NC_073230.2_160290576_8	DN_NC_073232.2_68914292_6	genuine	0.3408	0.3408	714	706	714	706	2095	2369	0.2980	0.2980
LOC115935989	SHLD2	DN_NC_073232.2_68914292_6	DN_NC_073232.2_99479042_10	TP	0.5602	0.786	1862	1639	1862	1639	2369	3688	0.4444	0.4444
LOC115936279	LOC129523488	DN_NC_073233.2_54778450_7	DN_NC_073233.2_97922937_7	genuine	0.6194	0.9964	1678	1573	1678	1573	2106	1684	0.7469	0.7469
LOC129523474	NXF3	DN_NC_073247.2_114041704_23	DN_NC_073247.2_114854872_20	truthbar	0.3718	0.2431	584	522	584	522	2402	3114	0.1676	0.1676
LOC129523494	LOC129534750	DN_NC_073230.2_112158616_4	DN_NC_073230.2_86128587_5	genuine	0.333	0.333	362	353	362	353	3184	1087	0.1109	0.1109
LOC129523503	LOC129526389	DN_NC_073236.2_30205531_7	DN_NC_073238.2_23392840_7	truthbar	0.9939	0.9996	5554	5497	5554	5497	5556	5904	0.9311	0.9311
LOC129523503	LOC129530227	DN_NC_073236.2_30205531_7	DN_NC_073248.2_45277558_8	genuine	0.6584	0.6846	1018	997	1018	997	5556	1487	0.1794	0.1794
LOC129523503	LOC134756753	DN_NC_073236.2_22549336_8	DN_NC_073236.2_30205531_7	TP	0.2745	0.5079	2822	2781	2822	2781	6197	5556	0.4488	0.4488
LOC129523503	LRPAP1	DN_NC_073227.2_12088225_8	DN_NC_073236.2_30205531_7	TP	0.2822	0.6815	2818	2715	2818	2715	4135	5556	0.4887	0.4887
LOC129523505	LOC129525643	DN_NC_073234.2_15631092_11	DN_NC_086017.1_9790451_11	genuine	0.7716	0.8877	1605	1579	1605	1579	1808	2251	0.7015	0.7015
LOC129523511	LOC134756389	DN_NC_073227.2_212285016_9	DN_NC_073231.2_151170137_9	TP	0.4222	1.0316	2221	2078	2221	2078	2214	2153	0.9386	0.9386
LOC129523511	RABL2A	DN_NC_073227.2_212285016_9	DN_NC_073235.2_15131698_9	TP	0.2724	0.916	2028	1914	2028	1914	2214	2472	0.7743	0.7743
LOC129523511	RABL2B	DN_NC_073227.2_212285016_9	DN_NC_086018.1_48818439_9	truthbar	0.6088	0.9111	1097	1037	1097	1037	2214	1204	0.4684	0.4684
LOC129523520	LOC129529226	DN_NC_073224.2_15670210_25	DN_NC_073224.2_19027212_8	genuine	0.4918	0.4939	727	726	727	726	3348	1472	0.2168	0.2168
LOC129523520	LOC129531982	DN_NC_073224.2_19027212_8	DN_NC_073224.2_29070818_24	genuine	0.6243	0.625	920	915	920	915	1472	3917	0.2336	0.2336
LOC129523520	LOC134756437	DN_NC_073224.2_19027212_8	DN_NC_073224.2_19235747_8	TP	1.0	1.0	1472	1457	1472	1457	1472	1474	0.9885	0.9885
LOC129523520	LOC134758712	DN_NC_073224.2_15783681_8	DN_NC_073224.2_19027212_8	TP	1.0	1.0	1472	1469	1472	1469	1474	1472	0.9966	0.9966
LOC129523520	LOC134758754	DN_NC_073224.2_19027212_8	DN_NC_073224.2_19344252_8	TP	0.9993	0.9993	1440	1431	1440	1431	1472	1441	0.9721	0.9721
LOC129523521	LOC129527828	DN_NC_073242.2_66060664_2	DN_NC_073242.2_66832276_2	TP	0.9975	0.9975	1572	1572	1572	1572	1745	1576	0.9009	0.9009
LOC129523574	LOC129530227	DN_NC_073246.2_11287585_8	DN_NC_073248.2_45277558_8	genuine	0.345	0.6328	941	905	941	905	2972	1487	0.3045	0.3045
LOC129523574	LOC134756753	DN_NC_073236.2_22549336_8	DN_NC_073246.2_11287585_8	genuine	0.3439	0.6851	2036	1951	2036	1951	6197	2972	0.3148	0.3148
LOC129523646	LOC129523647	DN_NC_073230.2_72857214_2	DN_NC_073230.2_72907176_2	TP	1.0	1.0	2570	2570	2570	2570	2570	2595	0.9904	0.9904
LOC129523664	LOC129523899	DN_NC_073230.2_74930869_10	DN_NC_073230.2_74941165_2	genuine	0.4388	0.4393	941	941	941	941	2142	4074	0.2310	0.2310
LOC129523822	LOC129525064	DN_NC_073230.2_168783006_4	DN_NC_073232.2_8583099_4	genuine	0.9797	0.9773	819	809	819	809	838	4495	0.1800	0.1800
LOC129523822	LOC129525175	DN_NC_073230.2_168783006_4	DN_NC_073232.2_146269317_5	genuine	0.3508	0.5847	490	479	490	479	838	2209	0.2168	0.2168
LOC129523822	LOC129527285	DN_NC_073230.2_168783006_4	DN_NC_073239.2_124648897_4	genuine	0.9582	0.9535	799	794	799	794	838	4476	0.1774	0.1774
LOC129523822	LOC129527429	DN_NC_073230.2_168783006_4	DN_NC_073242.2_121237165_4	genuine	0.9988	1.0	838	830	838	830	838	4510	0.1840	0.1840
LOC129523822	LOC129528751	DN_NC_073230.2_168783006_4	DN_NC_073244.2_70818649_5	genuine	0.3508	0.5835	489	481	489	481	838	2204	0.2182	0.2182
LOC129523822	LOC129531751	DN_NC_073230.2_168783006_4	DN_NC_073236.2_140400059_5	genuine	0.3508	0.574	481	475	481	475	838	2182	0.2177	0.2177
LOC129523822	LOC129532625	DN_NC_073230.2_168783006_4	DN_NC_086017.1_211655827_5	genuine	0.3508	0.6193	519	510	519	510	838	2228	0.2289	0.2289
LOC129523822	LOC129532709	DN_NC_073230.2_168783006_4	DN_NC_086017.1_9337960_4	genuine	0.7403	0.9988	827	815	827	815	838	828	0.9726	0.9726
LOC129523822	LOC129532808	DN_NC_073227.2_211080863_4	DN_NC_073230.2_168783006_4	genuine	0.9964	0.9976	836	826	836	826	4509	838	0.1832	0.1832
LOC129523822	LOC129533287	DN_NC_073227.2_8155721_4	DN_NC_073230.2_168783006_4	genuine	0.9988	1.0	838	827	838	827	4522	838	0.1829	0.1829
LOC129523822	LOC129534552	DN_NC_073229.2_195378107_3	DN_NC_073230.2_168783006_4	genuine	0.3508	0.5716	479	473	479	473	3029	838	0.1562	0.1562
LOC129523822	LOC134756415	DN_NC_073230.2_168783006_4	DN_NC_073241.2_110003031_5	genuine	0.3508	0.5859	491	483	491	483	838	2194	0.2201	0.2201
LOC129523822	LOC134757299	DN_NC_073230.2_168783006_4	DN_NC_073240.2_103747497_4	genuine	0.9737	0.9737	816	805	816	805	838	4488	0.1794	0.1794
LOC129523822	LOC134759133	DN_NC_073230.2_168783006_4	DN_NC_073231.2_150902261_3	genuine	0.5716	0.5752	482	474	482	474	838	2280	0.2079	0.2079
LOC129523822	NDUFA8	DN_NC_073230.2_168783006_4	DN_NC_073237.2_118498911_4	genuine	0.7303	1.0012	839	828	839	828	838	4426	0.1871	0.1871
LOC129523854	YAE1	DN_NC_073230.2_47037104_3	DN_NC_073230.2_51605178_3	genuine	0.2482	1.0436	3616	3228	3616	3228	4338	3465	0.7441	0.7441
LOC129524028	SLC35F5	DN_NC_073231.2_151095996_10	DN_NC_073235.2_15191747_16	TP	0.3011	0.6778	2253	2075	2253	2075	3324	5072	0.4091	0.4091
LOC129524676	LOC134756761	DN_NC_073236.2_30994185_5	DN_NC_073237.2_22957046_5	genuine	0.4405	1.0029	3094	3024	3094	3024	3085	3095	0.9771	0.9771
LOC129525064	LOC129527285	DN_NC_073232.2_8583099_4	DN_NC_073239.2_124648897_4	genuine	0.4278	1.0004	4478	4459	4478	4459	4495	4476	0.9920	0.9920
LOC129525064	LOC129527429	DN_NC_073232.2_8583099_4	DN_NC_073242.2_121237165_4	genuine	0.4707	1.0002	4496	4476	4496	4476	4495	4510	0.9925	0.9925
LOC129525064	LOC129532709	DN_NC_073232.2_8583099_4	DN_NC_086017.1_9337960_4	genuine	0.7391	0.9903	820	812	820	812	4495	828	0.1806	0.1806
LOC129525064	LOC129532808	DN_NC_073227.2_211080863_4	DN_NC_073232.2_8583099_4	genuine	0.43	0.9996	4493	4474	4493	4474	4509	4495	0.9922	0.9922
LOC129525064	LOC129533287	DN_NC_073227.2_8155721_4	DN_NC_073232.2_8583099_4	genuine	0.43	0.9996	4493	4474	4493	4474	4522	4495	0.9894	0.9894
LOC129525064	LOC134757299	DN_NC_073232.2_8583099_4	DN_NC_073240.2_103747497_4	genuine	0.4294	1.0002	4489	4462	4489	4462	4495	4488	0.9927	0.9927
LOC129525064	NDUFA8	DN_NC_073232.2_8583099_4	DN_NC_073237.2_118498911_4	genuine	0.3254	0.9966	4411	4345	4411	4345	4495	4426	0.9666	0.9666
LOC129525175	LOC129528751	DN_NC_073232.2_146269317_5	DN_NC_073244.2_70818649_5	genuine	1.0	1.0	2204	2186	2204	2186	2209	2204	0.9896	0.9896
LOC129525175	LOC129531751	DN_NC_073232.2_146269317_5	DN_NC_073236.2_140400059_5	genuine	0.7511	1.0064	2196	2164	2196	2164	2209	2182	0.9796	0.9796
LOC129525175	LOC129532625	DN_NC_073232.2_146269317_5	DN_NC_086017.1_211655827_5	genuine	0.7478	0.9982	2205	2180	2205	2180	2209	2228	0.9785	0.9785
LOC129525175	LOC129532709	DN_NC_073232.2_146269317_5	DN_NC_086017.1_9337960_4	genuine	0.5954	0.5966	494	484	494	484	2209	828	0.2191	0.2191
LOC129525175	LOC134756415	DN_NC_073232.2_146269317_5	DN_NC_073241.2_110003031_5	genuine	0.3833	1.005	2205	2171	2205	2171	2209	2194	0.9828	0.9828
LOC129525330	LOC129525331	DN_NC_073224.2_125055626_35	DN_NC_073224.2_125594338_29	truthbar	0.8728	1.0	4197	4172	4197	4172	4929	4197	0.8464	0.8464
LOC129525330	LOC129525599	DN_NC_073224.2_116807774_25	DN_NC_073224.2_125594338_29	TP	0.3123	0.781	2568	2523	2568	5588	3288	4197	0.6011	1.0000
LOC129525330	LOC134756861	DN_NC_073224.2_117494263_25	DN_NC_073224.2_125594338_29	TP	0.3123	0.781	2568	2532	2568	5595	3288	4197	0.6033	1.0000
LOC129525331	LOC129525599	DN_NC_073224.2_116807774_25	DN_NC_073224.2_125055626_35	TP	0.8345	1.0036	3300	3243	3300	6302	3288	4929	0.6579	1.0000
LOC129525331	LOC134756861	DN_NC_073224.2_117494263_25	DN_NC_073224.2_125055626_35	TP	0.8345	1.0036	3300	3262	3300	6319	3288	4929	0.6618	1.0000
LOC129525599	LOC134756861	DN_NC_073224.2_116807774_25	DN_NC_073224.2_117494263_25	TP	1.0	1.0	3288	3253	3288	3253	3288	3288	0.9894	0.9894
LOC129525654	RPL7	DN_NC_073231.2_47085106_7	DN_NC_073234.2_95346893_3	TP	0.2939	0.3249	767	703	767	703	2361	4771	0.1473	0.1473
LOC129526088	LOC129527203	DN_NC_073238.2_32460857_5	DN_NC_073238.2_33291944_6	genuine	0.7027	0.7027	1182	1179	1182	1179	1682	3307	0.3565	0.3565
LOC129526138	LOC129527231	DN_NC_073238.2_32266743_7	DN_NC_073238.2_33425477_7	genuine	0.9969	1.0321	5619	5420	5619	5420	5444	5648	0.9596	0.9596
LOC129526385	LOC129526398	DN_NC_073238.2_22875925_6	DN_NC_073238.2_24580375_8	TP	0.5078	0.7023	1618	1584	1618	1584	2304	2444	0.6481	0.6481
LOC129526385	LOC129526957	DN_NC_073236.2_21263952_7	DN_NC_073238.2_22875925_6	TP	0.8082	1.036	2387	2288	2387	2288	3799	2304	0.6023	0.6023
LOC129526385	LOC134757216	DN_NC_073238.2_22875925_6	DN_NC_073240.2_14396114_6	TP	0.77	0.9965	2296	2201	2296	2201	2304	3611	0.6095	0.6095
LOC129526389	LOC129530227	DN_NC_073238.2_23392840_7	DN_NC_073248.2_45277558_8	genuine	0.6584	0.6839	1017	1000	1017	1000	5904	1487	0.1694	0.1694
LOC129526389	LOC134756753	DN_NC_073236.2_22549336_8	DN_NC_073238.2_23392840_7	TP	0.2583	0.5369	3170	3124	3170	3124	6197	5904	0.5041	0.5041
LOC129526389	LRPAP1	DN_NC_073227.2_12088225_8	DN_NC_073238.2_23392840_7	TP	0.2822	0.7318	3026	2913	3026	2913	4135	5904	0.4934	0.4934
LOC129526391	LOC129526471	DN_NC_073236.2_22701854_7	DN_NC_073236.2_25270756_7	TP	0.5363	1.0	1831	1812	1831	1812	1831	1837	0.9864	0.9864
LOC129526391	LOC129531453	DN_NC_073236.2_25270756_7	DN_NC_073240.2_15970659_7	TP	0.5327	0.9956	1828	1803	1828	1803	1837	1836	0.9815	0.9815
LOC129526395	LOC129527278	DN_NC_073236.2_21829724_2	DN_NC_073238.2_24693721_8	TP	1.0	1.0	2549	2542	2549	2542	2549	3701	0.6868	0.6868
LOC129526395	LOC129532224	DN_NC_073235.2_34402342_7	DN_NC_073238.2_24693721_8	genuine	0.2409	0.5948	1405	1360	1405	1360	2362	3701	0.3675	0.3675
LOC129526398	LOC129526957	DN_NC_073236.2_21263952_7	DN_NC_073238.2_24580375_8	TP	0.4795	0.6878	1681	1597	1681	1597	3799	2444	0.4204	0.4204
LOC129526398	LOC134757216	DN_NC_073238.2_24580375_8	DN_NC_073240.2_14396114_6	TP	0.4435	0.662	1618	1495	1618	1495	2444	3611	0.4140	0.4140
LOC129526398	TMEM128	DN_NC_073227.2_17184793_5	DN_NC_073238.2_24580375_8	TP	0.607	0.6411	827	797	827	797	1290	2444	0.3261	0.3261
LOC129526403	LOC134756951	DN_NC_073238.2_23273370_7	DN_NC_073238.2_24372581_9	genuine	0.4683	1.002	3068	3042	3068	3042	3062	5088	0.5979	0.5979
LOC129526434	TUBA3E	DN_NC_073235.2_32697745_5	DN_NC_073238.2_31467876_5	truthbar	0.8725	0.9116	1444	1387	1444	1387	1584	2306	0.6015	0.6015
LOC129526434	TUBA8	DN_NC_073238.2_31467876_5	DN_NC_086018.1_16134008_5	truthbar	0.5868	0.4466	908	769	908	769	2306	2033	0.3335	0.3335
LOC129526471	LOC129531453	DN_NC_073236.2_22701854_7	DN_NC_073240.2_15970659_7	TP	0.5363	1.0	1831	1801	1831	1801	1831	1836	0.9809	0.9809
LOC129526550	LOC129531431	DN_NC_073236.2_26203134_8	DN_NC_073239.2_44147073_8	TP	0.3215	1.0133	3420	3274	3420	3274	3414	3375	0.9590	0.9590
LOC129526566	LOC129531752	DN_NC_073236.2_140396809_2	DN_NC_073239.2_124645701_2	truthbar	0.8879	1.0	2471	2451	2471	2451	2598	2471	0.9434	0.9434
LOC129526566	LOC129532807	DN_NC_073227.2_211100517_2	DN_NC_073239.2_124645701_2	truthbar	0.8879	1.0	2471	2448	2471	2448	2490	2471	0.9831	0.9831
LOC129526638	LOC134757313	DN_NC_073239.2_70164897_2	DN_NC_073240.2_44461085_2	genuine	0.2695	0.6795	1465	1186	1465	1186	2156	4522	0.2623	0.2623
LOC129526706	LOC134757171	DN_NC_073239.2_122577448_3	DN_NC_073239.2_122707562_3	TP	0.7092	1.0363	1112	1047	1112	1047	1073	1112	0.9415	0.9415
LOC129526855	LOC134758386	DN_NC_073227.2_211898132_4	DN_NC_073240.2_103158559_3	genuine	0.7208	0.9724	3350	3339	3350	3339	3633	3445	0.9191	0.9191
LOC129526957	LOC134757216	DN_NC_073236.2_21263952_7	DN_NC_073240.2_14396114_6	TP	0.8798	1.0496	3790	3611	3790	3611	3799	3611	0.9505	0.9505
LOC129527017	LOC129527071	DN_NC_073240.2_24900197_18	DN_NC_073240.2_33035459_18	TP	0.8419	1.0	2505	2375	2505	2375	3217	2505	0.7383	0.7383
LOC129527017	LOC134757267	DN_NC_073240.2_33035459_18	DN_NC_073240.2_33337179_18	genuine	1.0	1.0	2505	2496	2505	2496	2505	3195	0.7812	0.7812
LOC129527053	RHPN2	DN_NC_073240.2_23219746_14	DN_NC_073244.2_44006563_15	TP	0.2263	0.7709	2729	2472	2729	2472	6090	3540	0.4059	0.4059
LOC129527067	PAK2	DN_NC_073240.2_24402639_2	DN_NC_086017.1_208307881_15	genuine	0.3213	0.7453	1958	1887	1958	1887	2627	6087	0.3100	0.3100
LOC129527071	LOC134757267	DN_NC_073240.2_24900197_18	DN_NC_073240.2_33337179_18	genuine	0.6601	1.0003	3196	3055	3196	3055	3217	3195	0.9496	0.9496
LOC129527096	RAB5A	DN_NC_073240.2_41396094_2	DN_NC_086017.1_29787177_6	genuine	0.2588	0.7032	758	661	758	661	1078	6471	0.1021	0.1021
LOC129527173	MPHOSPH8	DN_NC_073238.2_33904146_3	DN_NC_073240.2_29752710_11	genuine	0.333	0.4114	425	382	425	382	1033	3180	0.1201	0.1201
LOC129527278	LOC129532222	DN_NC_073235.2_33703802_2	DN_NC_073236.2_21829724_2	TP	0.2107	0.5469	1394	1354	1394	1354	5472	2549	0.2474	0.2474
LOC129527278	LOC129532224	DN_NC_073235.2_34402342_7	DN_NC_073236.2_21829724_2	genuine	0.2409	0.5923	1399	1355	1399	1355	2362	2549	0.5316	0.5316
LOC129527285	LOC129527429	DN_NC_073239.2_124648897_4	DN_NC_073242.2_121237165_4	genuine	0.4278	1.0004	4478	4459	4478	4459	4476	4510	0.9887	0.9887
LOC129527285	LOC129532709	DN_NC_073239.2_124648897_4	DN_NC_086017.1_9337960_4	genuine	0.7391	0.9722	805	796	805	796	4476	828	0.1778	0.1778
LOC129527285	LOC129532808	DN_NC_073227.2_211080863_4	DN_NC_073239.2_124648897_4	genuine	0.8286	1.0002	4477	4465	4477	4465	4509	4476	0.9902	0.9902
LOC129527285	LOC129533287	DN_NC_073227.2_8155721_4	DN_NC_073239.2_124648897_4	genuine	0.8286	1.0002	4477	4465	4477	4465	4522	4476	0.9874	0.9874
LOC129527285	LOC134757299	DN_NC_073239.2_124648897_4	DN_NC_073240.2_103747497_4	genuine	0.8286	1.0	4476	4456	4476	4456	4476	4488	0.9929	0.9929
LOC129527285	NDUFA8	DN_NC_073237.2_118498911_4	DN_NC_073239.2_124648897_4	genuine	0.2253	0.993	4395	4336	4395	4336	4426	4476	0.9687	0.9687
LOC129527429	LOC129532709	DN_NC_073242.2_121237165_4	DN_NC_086017.1_9337960_4	genuine	0.7391	1.0	828	817	828	817	4510	828	0.1812	0.1812
LOC129527429	LOC129532808	DN_NC_073227.2_211080863_4	DN_NC_073242.2_121237165_4	genuine	0.5272	1.0002	4510	4492	4510	4492	4509	4510	0.9960	0.9960
LOC129527429	LOC129533287	DN_NC_073227.2_8155721_4	DN_NC_073242.2_121237165_4	genuine	0.5271	1.0007	4513	4493	4513	4493	4522	4510	0.9936	0.9936
LOC129527429	LOC134757299	DN_NC_073240.2_103747497_4	DN_NC_073242.2_121237165_4	genuine	0.5294	1.0002	4489	4462	4489	4462	4488	4510	0.9894	0.9894
LOC129527429	NDUFA8	DN_NC_073237.2_118498911_4	DN_NC_073242.2_121237165_4	genuine	0.3254	1.0011	4431	4364	4431	4364	4426	4510	0.9676	0.9676
LOC129527512	PPP1R15A	DN_NC_073242.2_6296327_3	DN_NC_073244.2_61016337_3	genuine	0.2169	0.6132	913	784	913	784	1489	4628	0.1694	0.1694
LOC129527512	SURF6	DN_NC_073237.2_129707941_5	DN_NC_073242.2_6296327_3	genuine	0.2404	0.6158	917	824	917	824	4337	1489	0.1900	0.1900
LOC129527528	LOC134756955	DN_NC_073238.2_33197456_2	DN_NC_073242.2_7013229_2	genuine	0.2786	0.2907	865	804	865	804	3425	2976	0.2347	0.2347
LOC129527586	SMG1	DN_NC_073242.2_18210354_26	DN_NC_073242.2_21122105_21	TP	0.282	0.8943	3748	3354	3748	3354	4191	4387	0.7645	0.7645
LOC129527626	LOC134757427	DN_NC_073242.2_15582850_2	DN_NC_073242.2_31473281_2	TP	0.3415	0.9882	2836	2816	2836	2816	3401	2870	0.8280	0.8280
LOC129527626	LOC134757432	DN_NC_073242.2_30609225_2	DN_NC_073242.2_31473281_2	genuine	0.2616	1.0017	2872	2834	2872	2834	2867	2870	0.9875	0.9875
LOC129527827	LOC129528947	DN_NC_073242.2_66613619_4	DN_NC_073244.2_27408454_4	genuine	0.2279	0.5667	2171	1543	2171	1543	4063	3831	0.3798	0.3798
LOC129527827	ZNF273	DN_NC_073230.2_74299233_4	DN_NC_073242.2_66613619_4	genuine	0.2459	0.4472	1682	1316	1682	1316	3761	4063	0.3239	0.3239
LOC129527827	ZNF43	DN_NC_073242.2_66613619_4	DN_NC_073244.2_28333451_4	genuine	0.2176	0.6042	2455	1960	2455	3922	4063	4132	0.4743	0.9492
LOC129527827	ZNF430	DN_NC_073242.2_66613619_4	DN_NC_073244.2_27504818_5	genuine	0.2512	0.4021	1482	1174	1482	1174	4063	3686	0.2889	0.2889
LOC129527827	ZNF723	DN_NC_073242.2_66613619_4	DN_NC_073244.2_29232445_4	genuine	0.2073	0.7988	1850	1272	1850	2402	4063	2316	0.3131	0.5912
LOC129528096	MPHOSPH8	DN_NC_073238.2_33904146_3	DN_NC_073243.2_111186227_2	genuine	0.3572	0.4124	426	397	426	397	1033	4555	0.0872	0.0872
LOC129528278	LOC129528791	DN_NC_073241.2_83874271_3	DN_NC_073244.2_6165323_3	genuine	0.454	0.7637	979	919	979	919	1329	1282	0.6915	0.6915
LOC129528278	SSBP1	DN_NC_073230.2_150857421_7	DN_NC_073241.2_83874271_3	genuine	0.222	0.5591	743	659	743	659	2323	1329	0.2837	0.2837
LOC129528551	ZFAND5	DN_NC_073237.2_68560894_6	DN_NC_073244.2_54031930_2	genuine	0.2499	0.2866	632	623	632	623	5956	2205	0.1046	0.1046
LOC129528751	LOC129531751	DN_NC_073236.2_140400059_5	DN_NC_073244.2_70818649_5	genuine	0.7511	1.0064	2196	2158	2196	2158	2182	2204	0.9791	0.9791
LOC129528751	LOC129532625	DN_NC_073244.2_70818649_5	DN_NC_086017.1_211655827_5	genuine	0.7473	1.0	2204	2171	2204	2171	2204	2228	0.9744	0.9744
LOC129528751	LOC129532709	DN_NC_073244.2_70818649_5	DN_NC_086017.1_9337960_4	genuine	0.5894	0.5906	489	482	489	482	2204	828	0.2187	0.2187
LOC129528751	LOC134756415	DN_NC_073241.2_110003031_5	DN_NC_073244.2_70818649_5	genuine	0.3833	1.0046	2204	2164	2204	2164	2194	2204	0.9819	0.9819
LOC129528791	SSBP1	DN_NC_073230.2_150857421_7	DN_NC_073244.2_6165323_3	genuine	0.2215	0.5858	751	653	751	653	2323	1282	0.2811	0.2811
LOC129528947	ZNF254	DN_NC_073244.2_27408454_4	DN_NC_073244.2_30438386_2	genuine	0.4127	0.2902	1087	918	1087	918	3831	3746	0.2396	0.2396
LOC129528947	ZNF273	DN_NC_073230.2_74299233_4	DN_NC_073244.2_27408454_4	genuine	0.4028	0.5012	1885	1532	1885	1532	3761	3831	0.3999	0.3999
LOC129528947	ZNF429	DN_NC_073244.2_27408454_4	DN_NC_073244.2_27956158_2	genuine	0.7124	0.7446	1618	1295	1618	1295	3831	2173	0.3380	0.3380
LOC129528947	ZNF43	DN_NC_073244.2_27408454_4	DN_NC_073244.2_28333451_4	genuine	0.2221	0.7643	2928	2075	2928	2075	3831	4132	0.5022	0.5022
LOC129528947	ZNF430	DN_NC_073244.2_27408454_4	DN_NC_073244.2_27504818_5	genuine	0.373	0.707	2606	1983	2606	1983	3831	3686	0.5176	0.5176
LOC129528947	ZNF486	DN_NC_073244.2_26666712_5	DN_NC_073244.2_27408454_4	genuine	0.2707	0.4494	1376	1084	1376	1084	3062	3831	0.2830	0.2830
LOC129528947	ZNF506	DN_NC_073244.2_26240039_2	DN_NC_073244.2_27408454_4	genuine	0.3468	0.4937	1499	1047	1499	1047	3036	3831	0.2733	0.2733
LOC129528947	ZNF626	DN_NC_073244.2_27131194_2	DN_NC_073244.2_27408454_4	genuine	0.4006	0.342	1074	776	1074	776	3140	3831	0.2026	0.2026
LOC129528947	ZNF675	DN_NC_073244.2_27408454_4	DN_NC_073244.2_29970261_4	genuine	0.5799	0.8401	1850	1507	1850	1507	3831	2202	0.3934	0.3934
LOC129528947	ZNF680	DN_NC_073230.2_73977205_4	DN_NC_073244.2_27408454_4	genuine	0.2786	0.4857	1581	1343	1581	1343	3255	3831	0.3506	0.3506
LOC129528947	ZNF681	DN_NC_073244.2_27408454_4	DN_NC_073244.2_30067652_4	genuine	0.3717	0.4745	1818	1489	1818	1489	3831	5815	0.2561	0.2561
LOC129528947	ZNF723	DN_NC_073244.2_27408454_4	DN_NC_073244.2_29232445_4	genuine	0.4758	0.6546	1516	1321	1516	1321	3831	2316	0.3448	0.3448
LOC129528947	ZNF91	DN_NC_073244.2_27408454_4	DN_NC_073244.2_29680825_2	genuine	0.349	0.3829	1467	963	1467	2842	3831	5154	0.1868	0.5514
LOC129528947	ZNF92	DN_NC_073230.2_74637814_2	DN_NC_073244.2_27408454_4	genuine	0.2397	0.6985	2078	1627	2078	1627	2975	3831	0.4247	0.4247
LOC129529083	LOC134757821	DN_NC_073245.2_35742393_2	DN_NC_073245.2_35910982_4	genuine	0.222	0.8579	3084	2977	3084	2977	3677	3595	0.8096	0.8096
LOC129529112	LOC129529113	DN_NC_073245.2_68791722_2	DN_NC_073245.2_68800206_2	TP	1.0	1.0	639	607	639	607	639	661	0.9183	0.9183
LOC129529226	LOC129531982	DN_NC_073224.2_15670210_25	DN_NC_073224.2_29070818_24	TP	0.5741	1.1616	3889	3323	3889	3323	3348	3917	0.8484	0.8484
LOC129529226	LOC134756437	DN_NC_073224.2_15670210_25	DN_NC_073224.2_19235747_8	genuine	0.4912	0.4932	727	719	727	719	3348	1474	0.2148	0.2148
LOC129529226	LOC134758712	DN_NC_073224.2_15670210_25	DN_NC_073224.2_15783681_8	genuine	0.4912	0.4932	727	727	727	727	3348	1474	0.2171	0.2171
LOC129529226	LOC134758754	DN_NC_073224.2_15670210_25	DN_NC_073224.2_19344252_8	genuine	0.5024	0.5045	727	724	727	724	3348	1441	0.2162	0.2162
LOC129529456	NCAPH2	DN_NC_086018.1_48564680_20	DN_NC_086018.1_48579325_2	TP	0.8247	0.8247	856	856	856	856	3594	1038	0.2382	0.2382
LOC129529583	TUBA3E	DN_NC_073235.2_32697745_5	DN_NC_086018.1_18552717_3	genuine	0.233	0.4318	684	605	684	605	1584	2662	0.2273	0.2273
LOC129529591	ZNF74	DN_NC_086018.1_17871480_5	DN_NC_086018.1_18821463_5	genuine	0.2451	0.2438	919	914	919	914	4004	3770	0.2283	0.2283
LOC129529765	LOC129529767	DN_NC_073247.2_59696701_5	DN_NC_073247.2_59706220_5	TP	0.9994	1.0	1663	1663	1663	1663	1663	2082	0.7988	0.7988
LOC129529765	LOC129529768	DN_NC_073247.2_59696701_5	DN_NC_073247.2_59715729_5	TP	1.0	1.0	1663	1663	1663	1663	1663	2107	0.7893	0.7893
LOC129529765	LOC129529769	DN_NC_073247.2_59696701_5	DN_NC_073247.2_59725264_5	TP	0.9266	0.9858	1531	1527	1531	1527	1663	1553	0.9182	0.9182
LOC129529765	LOC129529771	DN_NC_073247.2_59696701_5	DN_NC_073247.2_59744368_5	TP	1.0	1.0	543	541	543	541	1663	543	0.3253	0.3253
LOC129529765	LOC129529774	DN_NC_073247.2_59696701_5	DN_NC_073247.2_59772963_5	TP	0.9993	1.0	1527	1526	1527	1526	1663	1527	0.9176	0.9176
LOC129529765	LOC129529775	DN_NC_073247.2_59696701_5	DN_NC_073247.2_59782481_5	TP	0.9827	0.9845	570	569	570	569	1663	579	0.3422	0.3422
LOC129529765	LOC129529807	DN_NC_073247.2_59696701_5	DN_NC_073247.2_59792068_6	TP	0.2562	0.2514	418	418	418	418	1663	4238	0.0986	0.0986
LOC129529767	LOC129529768	DN_NC_073247.2_59706220_5	DN_NC_073247.2_59715729_5	TP	1.0	1.0	2082	2082	2082	2082	2082	2107	0.9881	0.9881
LOC129529767	LOC129529769	DN_NC_073247.2_59706220_5	DN_NC_073247.2_59725264_5	TP	0.9292	0.9884	1535	1531	1535	1531	2082	1553	0.7354	0.7354
LOC129529767	LOC129529771	DN_NC_073247.2_59706220_5	DN_NC_073247.2_59744368_5	TP	1.0	1.0	543	541	543	541	2082	543	0.2598	0.2598
LOC129529767	LOC129529774	DN_NC_073247.2_59706220_5	DN_NC_073247.2_59772963_5	TP	0.9987	1.0	1527	1526	1527	1526	2082	1527	0.7329	0.7329
LOC129529767	LOC129529775	DN_NC_073247.2_59706220_5	DN_NC_073247.2_59782481_5	TP	0.9896	0.9914	574	573	574	573	2082	579	0.2752	0.2752
LOC129529768	LOC129529769	DN_NC_073247.2_59715729_5	DN_NC_073247.2_59725264_5	TP	0.9408	1.0	1553	1549	1553	1549	2107	1553	0.7352	0.7352
LOC129529768	LOC129529771	DN_NC_073247.2_59715729_5	DN_NC_073247.2_59744368_5	TP	1.0	1.0	543	541	543	541	2107	543	0.2568	0.2568
LOC129529768	LOC129529774	DN_NC_073247.2_59715729_5	DN_NC_073247.2_59772963_5	TP	1.0	1.0	1527	1526	1527	1526	2107	1527	0.7243	0.7243
LOC129529768	LOC129529775	DN_NC_073247.2_59715729_5	DN_NC_073247.2_59782481_5	TP	1.0	1.0	579	578	579	578	2107	579	0.2743	0.2743
LOC129529769	LOC129529771	DN_NC_073247.2_59725264_5	DN_NC_073247.2_59744368_5	TP	0.9982	1.0	543	541	543	541	1553	543	0.3484	0.3484
LOC129529769	LOC129529774	DN_NC_073247.2_59725264_5	DN_NC_073247.2_59772963_5	TP	0.9352	0.9954	1520	1517	1520	1517	1553	1527	0.9768	0.9768
LOC129529769	LOC129529775	DN_NC_073247.2_59725264_5	DN_NC_073247.2_59782481_5	TP	1.0	1.0	579	578	579	578	1553	579	0.3722	0.3722
LOC129529769	LOC129529807	DN_NC_073247.2_59725264_5	DN_NC_073247.2_59792068_6	TP	0.2743	0.2692	418	418	418	418	1553	4238	0.0986	0.0986
LOC129529771	LOC129529774	DN_NC_073247.2_59744368_5	DN_NC_073247.2_59772963_5	TP	1.0	1.0	543	541	543	541	543	1527	0.3543	0.3543
LOC129529771	LOC129529775	DN_NC_073247.2_59744368_5	DN_NC_073247.2_59782481_5	TP	1.0	1.0	543	542	543	542	543	579	0.9361	0.9361
LOC129529771	LOC129529807	DN_NC_073247.2_59744368_5	DN_NC_073247.2_59792068_6	TP	0.7698	0.7698	418	417	418	417	543	4238	0.0984	0.0984
LOC129529774	LOC129529775	DN_NC_073247.2_59772963_5	DN_NC_073247.2_59782481_5	TP	0.9637	0.9655	559	558	559	558	1527	579	0.3654	0.3654
LOC129529774	LOC129529807	DN_NC_073247.2_59772963_5	DN_NC_073247.2_59792068_6	TP	0.279	0.2737	418	418	418	418	1527	4238	0.0986	0.0986
LOC129529775	LOC129529807	DN_NC_073247.2_59782481_5	DN_NC_073247.2_59792068_6	TP	0.7219	0.7219	418	418	418	418	579	4238	0.0986	0.0986
LOC129529790	LOC129530333	DN_NC_073247.2_17003459_2	DN_NC_073248.2_30080680_2	genuine	0.4161	1.1267	658	548	658	548	584	664	0.8253	0.8253
LOC129529976	LOC129529978	DN_NC_073247.2_164381237_2	DN_NC_073247.2_164397061_3	TP	0.715	0.9455	1579	1447	1579	1447	1670	1739	0.8321	0.8321
LOC129529976	LOC129529983	DN_NC_073247.2_164381237_2	DN_NC_073247.2_164426194_3	TP	0.715	0.9455	1579	1447	1579	1447	1670	1739	0.8321	0.8321
LOC129529976	LOC129529986	DN_NC_073247.2_164381222_3	DN_NC_073247.2_164442447_3	TP	1.0	1.0	1752	1752	1752	1752	1754	1752	0.9989	0.9989
LOC129529976	MAGEA1	DN_NC_073247.2_164381237_2	DN_NC_073247.2_164861277_3	truthbar	0.4826	0.9611	1605	1322	1605	1322	1670	1765	0.7490	0.7490
LOC129529976	MAGEA12	DN_NC_073247.2_164381237_2	DN_NC_073247.2_164405406_2	TP	0.7036	0.9359	1563	1424	1563	1424	1670	3732	0.3816	0.3816
LOC129529978	LOC129529983	DN_NC_073247.2_164397061_3	DN_NC_073247.2_164426194_3	TP	1.0	1.0	1739	1739	1739	1739	1739	1739	1.0000	1.0000
LOC129529978	LOC129529986	DN_NC_073247.2_164397061_3	DN_NC_073247.2_164442447_3	TP	0.7033	1.0098	1756	1602	1756	1602	1739	1752	0.9144	0.9144
LOC129529978	MAGEA1	DN_NC_073247.2_164397061_3	DN_NC_073247.2_164861277_3	truthbar	0.4641	0.8838	1537	1267	1537	1267	1739	1765	0.7178	0.7178
LOC129529978	MAGEA12	DN_NC_073247.2_164397061_3	DN_NC_073247.2_164405406_2	TP	0.7936	0.958	1666	1518	1666	1518	1739	3732	0.4068	0.4068
LOC129529978	MAGEA4	DN_NC_073247.2_163590486_3	DN_NC_073247.2_164397061_3	truthbar	0.2622	0.9229	1605	1304	1605	1304	1772	1739	0.7359	0.7359
LOC129529983	LOC129529986	DN_NC_073247.2_164426194_3	DN_NC_073247.2_164442447_3	TP	0.7033	1.0098	1756	1602	1756	1602	1739	1752	0.9144	0.9144
LOC129529983	MAGEA1	DN_NC_073247.2_164426194_3	DN_NC_073247.2_164861277_3	truthbar	0.4641	0.8838	1537	1267	1537	1267	1739	1765	0.7178	0.7178
LOC129529983	MAGEA12	DN_NC_073247.2_164405406_2	DN_NC_073247.2_164426194_3	TP	0.7936	0.958	1666	1518	1666	1518	3732	1739	0.4068	0.4068
LOC129529983	MAGEA4	DN_NC_073247.2_163590486_3	DN_NC_073247.2_164426194_3	truthbar	0.2622	0.9229	1605	1304	1605	1304	1772	1739	0.7359	0.7359
LOC129529986	MAGEA1	DN_NC_073247.2_164442447_2	DN_NC_073247.2_164861277_3	truthbar	0.4697	0.9353	1605	1322	1605	1322	1716	1765	0.7490	0.7490
LOC129529986	MAGEA12	DN_NC_073247.2_164407411_3	DN_NC_073247.2_164442447_2	TP	0.6847	0.9108	1563	1424	1563	1424	1805	1716	0.7889	0.7889
LOC129530018	MAGEA9	DN_NC_073247.2_161251228_4	DN_NC_073247.2_161458538_3	TP	0.9387	0.9364	1649	1649	1649	1649	1852	1761	0.8904	0.8904
LOC129530020	TMEM185A	DN_NC_073247.2_161266095_3	DN_NC_073247.2_161413981_7	TP	1.0	1.0	2006	2003	2006	2003	2006	6971	0.2873	0.2873
LOC129530096	PDCD5	DN_NC_073244.2_43610901_6	DN_NC_073247.2_114234875_11	genuine	0.3819	0.3811	479	445	479	445	1257	3162	0.1407	0.1407
LOC129530096	SPC25	DN_NC_073235.2_71373985_7	DN_NC_073247.2_114234875_11	genuine	0.2419	0.3463	471	440	471	440	1360	3162	0.1392	0.1392
LOC129530123	RAB40B	DN_NC_073228.2_9291784_6	DN_NC_073247.2_115190067_8	genuine	0.2845	0.3	852	762	852	762	2840	3307	0.2304	0.2304
LOC129530131	PDCD5	DN_NC_073244.2_43610901_6	DN_NC_073247.2_115708949_2	genuine	0.3747	0.3747	471	450	471	450	1257	3055	0.1473	0.1473
LOC129530131	SPC25	DN_NC_073235.2_71373985_7	DN_NC_073247.2_115708949_2	genuine	0.2449	0.3485	474	444	474	444	1360	3055	0.1453	0.1453
LOC129530205	LOC129530238	DN_NC_073248.2_19625716_11	DN_NC_073248.2_19671639_11	genuine	1.0	1.0	1761	1757	1761	1757	1827	1761	0.9617	0.9617
LOC129530205	LOC129530241	DN_NC_073248.2_19648671_11	DN_NC_073248.2_19694607_11	genuine	1.0	1.0	1827	1823	1827	1823	1827	1827	0.9978	0.9978
LOC129530205	LOC129530249	DN_NC_073248.2_19648671_11	DN_NC_073248.2_25725363_11	genuine	1.0	1.0	1823	1800	1823	1800	1827	1823	0.9852	0.9852
LOC129530205	LOC129530259	DN_NC_073248.2_15918163_7	DN_NC_073248.2_19602755_10	genuine	0.4058	0.5174	876	789	876	789	3604	1693	0.2189	0.2189
LOC129530205	LOC129530266	DN_NC_073248.2_16416010_5	DN_NC_073248.2_19602755_10	genuine	0.202	0.466	789	595	789	595	1943	1693	0.3062	0.3062
LOC129530205	LOC129530271	DN_NC_073248.2_19602755_10	DN_NC_073248.2_25704431_6	genuine	0.4731	0.4731	801	788	801	788	1693	2649	0.2975	0.2975
LOC129530227	LOC134756368	DN_NC_073236.2_23070420_5	DN_NC_073248.2_45277558_8	genuine	0.271	0.6093	906	739	906	739	2588	1487	0.2855	0.2855
LOC129530227	LOC134756753	DN_NC_073236.2_22549336_8	DN_NC_073248.2_45277558_8	genuine	0.9758	1.0	1487	1465	1487	1465	6197	1487	0.2364	0.2364
LOC129530227	LRPAP1	DN_NC_073227.2_12088225_8	DN_NC_073248.2_45277558_8	genuine	0.8413	1.0013	1489	1462	1489	1462	4135	1487	0.3536	0.3536
LOC129530238	LOC129530241	DN_NC_073248.2_19671639_11	DN_NC_073248.2_19694607_11	TP	1.0	1.0	1761	1757	1761	1757	1761	1827	0.9617	0.9617
LOC129530238	LOC129530249	DN_NC_073248.2_19671639_11	DN_NC_073248.2_25725363_11	truthbar	1.0	1.0	1761	1739	1761	1739	1761	1823	0.9539	0.9539
LOC129530238	LOC129530259	DN_NC_073248.2_15918163_7	DN_NC_073248.2_19671639_11	TP	0.3657	0.473	833	743	833	743	3604	1761	0.2062	0.2062
LOC129530238	LOC129530271	DN_NC_073248.2_19671639_11	DN_NC_073248.2_25704431_6	genuine	0.4435	0.4321	761	740	761	740	1761	2649	0.2794	0.2794
LOC129530241	LOC129530249	DN_NC_073248.2_19694607_11	DN_NC_073248.2_25725363_11	TP	1.0	1.0	1823	1802	1823	1802	1827	1823	0.9863	0.9863
LOC129530241	LOC129530259	DN_NC_073248.2_15918163_7	DN_NC_073248.2_19694607_11	TP	0.3837	0.4871	890	802	890	802	3604	1827	0.2225	0.2225
LOC129530241	LOC129530271	DN_NC_073248.2_19694607_11	DN_NC_073248.2_25704431_6	genuine	0.4384	0.4384	801	781	801	781	1827	2649	0.2948	0.2948
LOC129530249	LOC129530259	DN_NC_073248.2_15918163_7	DN_NC_073248.2_25725363_11	TP	0.3845	0.4882	890	803	890	803	3604	1823	0.2228	0.2228
LOC129530249	LOC129530271	DN_NC_073248.2_25704431_6	DN_NC_073248.2_25725363_11	genuine	0.4504	0.4394	801	786	801	786	2649	1823	0.2967	0.2967
LOC129530250	RPS4Y1	DN_NC_073248.2_26366947_7	DN_NC_073248.2_9423438_7	truthbar	0.75	0.7779	837	779	837	779	1076	1446	0.5387	0.5387
LOC129530259	LOC129530266	DN_NC_073248.2_15918163_7	DN_NC_073248.2_16416010_5	TP	0.3685	1.0679	2075	1740	2075	1740	3604	1943	0.4828	0.4828
LOC129530259	LOC129530271	DN_NC_073248.2_15918163_7	DN_NC_073248.2_25704431_6	genuine	0.2763	0.789	2090	1930	2090	1930	3604	2649	0.5355	0.5355
LOC129530266	LOC129530271	DN_NC_073248.2_16416010_5	DN_NC_073248.2_25704431_6	genuine	0.6269	1.0926	2123	1912	2123	1912	1943	2649	0.7218	0.7218
LOC129530275	LOC129530278	DN_NC_073248.2_34736504_6	DN_NC_073248.2_34798633_6	TP	1.0	1.0	1086	1086	1086	1086	1143	1086	0.9501	0.9501
LOC129530275	LOC129530279	DN_NC_073248.2_34736504_6	DN_NC_073248.2_34819290_6	TP	1.0	1.0	1118	1118	1118	1118	1143	1118	0.9781	0.9781
LOC129530275	LOC129530280	DN_NC_073248.2_34736504_6	DN_NC_073248.2_34839953_6	TP	1.0	1.0	1139	1139	1139	1139	1143	1139	0.9965	0.9965
LOC129530278	LOC129530279	DN_NC_073248.2_34798633_6	DN_NC_073248.2_34819290_6	TP	1.0	1.0	1086	1086	1086	1086	1086	1118	0.9714	0.9714
LOC129530278	LOC129530280	DN_NC_073248.2_34798633_6	DN_NC_073248.2_34839953_6	TP	1.0	1.0	1086	1086	1086	1086	1086	1139	0.9535	0.9535
LOC129530279	LOC129530280	DN_NC_073248.2_34819290_6	DN_NC_073248.2_34839953_6	TP	1.0	1.0	1118	1118	1118	1118	1118	1139	0.9816	0.9816
LOC129530473	LOC129530554	DN_NC_073246.2_2173988_2	DN_NC_086018.1_1713296_2	TP	0.6071	1.0003	3600	3599	3600	3599	3599	3632	0.9909	0.9909
LOC129530593	LOC129531205	DN_NC_073240.2_4575875_4	DN_NC_073241.2_195924_6	genuine	0.4443	0.564	1287	1269	1287	1269	4758	2282	0.2667	0.2667
LOC129530593	LOC129531501	DN_NC_073238.2_8052138_7	DN_NC_073241.2_195924_6	genuine	0.6191	0.7183	760	749	760	749	1058	2282	0.3282	0.3282
LOC129530593	SAFB2	DN_NC_073241.2_195924_6	DN_NC_073244.2_11377962_21	genuine	0.2918	0.3348	764	754	764	754	2282	3415	0.2208	0.2208
LOC129531501	SAFB2	DN_NC_073238.2_8052138_7	DN_NC_073244.2_11377962_21	genuine	0.8894	0.9896	1047	1024	1047	1024	1058	3415	0.2999	0.2999
LOC129531666	LOC129531667	DN_NC_073236.2_51202468_4	DN_NC_073236.2_51437835_4	TP	0.6614	1.0	3225	3200	3225	3200	4386	3225	0.7296	0.7296
LOC129531666	RGPD8	DN_NC_073236.2_49989275_2	DN_NC_073236.2_51202468_4	TP	0.5341	1.0865	4270	3857	4270	3857	3930	4386	0.8794	0.8794
LOC129531667	RGPD8	DN_NC_073236.2_49989275_2	DN_NC_073236.2_51437835_4	TP	0.3591	0.9963	3213	2827	3213	2827	3930	3225	0.7193	0.7193
LOC129531751	LOC129532625	DN_NC_073236.2_140400059_5	DN_NC_086017.1_211655827_5	genuine	0.7511	1.0037	2190	2157	2190	2157	2182	2228	0.9681	0.9681
LOC129531751	LOC129532709	DN_NC_073236.2_140400059_5	DN_NC_086017.1_9337960_4	genuine	0.5797	0.5809	481	473	481	473	2182	828	0.2168	0.2168
LOC129531751	LOC134756415	DN_NC_073236.2_140400059_5	DN_NC_073241.2_110003031_5	genuine	0.3854	1.0023	2187	2158	2187	2158	2182	2194	0.9836	0.9836
LOC129531752	LOC129532807	DN_NC_073227.2_211100517_2	DN_NC_073236.2_140396809_2	TP	0.9992	1.0	2490	2477	2490	2477	2490	2598	0.9534	0.9534
LOC129531982	LOC134756437	DN_NC_073224.2_19235747_8	DN_NC_073224.2_29070818_24	genuine	0.6235	0.6242	920	908	920	908	1474	3917	0.2318	0.2318
LOC129531982	LOC134758712	DN_NC_073224.2_15783681_8	DN_NC_073224.2_29070818_24	genuine	0.6235	0.6242	920	916	920	916	1474	3917	0.2339	0.2339
LOC129531982	LOC134758754	DN_NC_073224.2_19344252_8	DN_NC_073224.2_29070818_24	genuine	0.6378	0.6384	920	913	920	913	1441	3917	0.2331	0.2331
LOC129532625	LOC129532709	DN_NC_086017.1_211655827_5	DN_NC_086017.1_9337960_4	genuine	0.6147	0.6147	509	498	509	498	2228	828	0.2235	0.2235
LOC129532625	LOC134756415	DN_NC_073241.2_110003031_5	DN_NC_086017.1_211655827_5	genuine	0.3833	1.0027	2200	2165	2200	2165	2194	2228	0.9717	0.9717
LOC129532709	LOC129532808	DN_NC_073227.2_211080863_4	DN_NC_086017.1_9337960_4	genuine	0.7391	1.0	828	815	828	815	4509	828	0.1807	0.1807
LOC129532709	LOC129533287	DN_NC_073227.2_8155721_4	DN_NC_086017.1_9337960_4	genuine	0.7391	1.0	828	816	828	816	4522	828	0.1805	0.1805
LOC129532709	LOC129534552	DN_NC_073229.2_195378107_3	DN_NC_086017.1_9337960_4	genuine	0.5749	0.5785	479	471	479	471	3029	828	0.1555	0.1555
LOC129532709	LOC134756415	DN_NC_073241.2_110003031_5	DN_NC_086017.1_9337960_4	genuine	0.5918	0.5918	490	481	490	481	2194	828	0.2192	0.2192
LOC129532709	LOC134757299	DN_NC_073240.2_103747497_4	DN_NC_086017.1_9337960_4	genuine	0.7403	0.9867	817	804	817	804	4488	828	0.1791	0.1791
LOC129532709	LOC134759133	DN_NC_073231.2_150902261_3	DN_NC_086017.1_9337960_4	genuine	0.3551	0.5833	483	475	483	475	2280	828	0.2083	0.2083
LOC129532709	NDUFA8	DN_NC_073237.2_118498911_4	DN_NC_086017.1_9337960_4	genuine	0.9988	1.0	828	814	828	814	4426	828	0.1839	0.1839
LOC129532808	LOC129533287	DN_NC_073227.2_211080863_4	DN_NC_073227.2_8155721_4	genuine	1.0	1.0	4509	4497	4509	4497	4509	4522	0.9945	0.9945
LOC129532808	LOC134757299	DN_NC_073227.2_211080863_4	DN_NC_073240.2_103747497_4	genuine	1.0	1.0	4488	4468	4488	4468	4509	4488	0.9909	0.9909
LOC129532808	NDUFA8	DN_NC_073227.2_211080863_4	DN_NC_073237.2_118498911_4	genuine	0.3254	1.0002	4427	4366	4427	4366	4509	4426	0.9683	0.9683
LOC129532935	SORT1	DN_NC_073224.2_116693847_11	DN_NC_073224.2_130686217_20	genuine	0.3095	0.3647	985	968	985	968	2701	7013	0.1380	0.1380
LOC129533287	LOC134757299	DN_NC_073227.2_8155721_4	DN_NC_073240.2_103747497_4	genuine	1.0	1.0	4488	4468	4488	4468	4522	4488	0.9881	0.9881
LOC129533287	NDUFA8	DN_NC_073227.2_8155721_4	DN_NC_073237.2_118498911_4	genuine	0.3254	1.0009	4430	4369	4430	4369	4522	4426	0.9662	0.9662
LOC129533692	NREP	DN_NC_073228.2_115483850_5	DN_NC_073228.2_115545008_4	genuine	0.549	0.5483	1554	1554	1554	1554	2834	3449	0.4506	0.4506
LOC129534552	LOC134759133	DN_NC_073229.2_195378107_3	DN_NC_073231.2_150902261_3	genuine	0.4154	1.0013	2283	2243	2283	2243	3029	2280	0.7405	0.7405
LOC134756368	XRCC2	DN_NC_073230.2_161461454_2	DN_NC_073236.2_23070420_5	TP	0.412	0.7303	1170	1159	1170	1159	1602	2588	0.4478	0.4478
LOC134756389	RABL2A	DN_NC_073231.2_151170137_9	DN_NC_073235.2_15131698_9	TP	0.262	0.934	2011	1907	2011	1907	2153	2472	0.7714	0.7714
LOC134756389	RABL2B	DN_NC_073231.2_151170137_9	DN_NC_086018.1_48818439_9	truthbar	0.9992	1.0	1204	1191	1204	1191	2153	1204	0.5532	0.5532
LOC134756437	LOC134758712	DN_NC_073224.2_15783681_8	DN_NC_073224.2_19235747_8	TP	0.9993	0.9993	1473	1459	1473	1459	1474	1474	0.9898	0.9898
LOC134756437	LOC134758754	DN_NC_073224.2_19235747_8	DN_NC_073224.2_19344252_8	TP	1.0	1.0	1441	1431	1441	1431	1474	1441	0.9708	0.9708
LOC134756589	PDCD5	DN_NC_073234.2_126370406_2	DN_NC_073244.2_43610901_6	genuine	0.385	0.3747	471	450	471	450	2868	1257	0.1569	0.1569
LOC134756589	SPC25	DN_NC_073234.2_126370406_2	DN_NC_073235.2_71373985_7	genuine	0.2449	0.3485	474	442	474	442	2868	1360	0.1541	0.1541
LOC134756743	TRNAQ-CUG	DN_NC_073224.2_114480077_3	DN_NC_073224.2_115073534_2	genuine	0.2798	0.8226	1679	1308	1679	1308	2041	2754	0.4749	0.4749
LOC134756753	LRPAP1	DN_NC_073227.2_12088225_8	DN_NC_073236.2_22549336_8	TP	0.3487	1.0152	4198	4072	4198	4072	4135	6197	0.6571	0.6571
LOC134757257	PAQR5	DN_NC_073240.2_70140109_8	DN_NC_073240.2_70243341_2	genuine	0.251	0.2492	702	702	702	702	5092	2817	0.1379	0.1379
LOC134757299	NDUFA8	DN_NC_073237.2_118498911_4	DN_NC_073240.2_103747497_4	genuine	0.3256	0.9957	4407	4342	4407	4342	4426	4488	0.9675	0.9675
LOC134757313	MTHFD2L	DN_NC_073227.2_94499432_2	DN_NC_073240.2_44461085_2	genuine	0.6141	0.6126	2497	2401	2497	2401	4076	4522	0.5310	0.5310
LOC134757427	LOC134757432	DN_NC_073242.2_15582850_2	DN_NC_073242.2_30609225_2	TP	0.3523	0.9902	2839	2803	2839	2803	3401	2867	0.8242	0.8242
LOC134757436	LOC134757438	DN_NC_073242.2_65850805_2	DN_NC_073242.2_68751082_2	genuine	0.8972	0.8972	4086	4081	4086	4081	4554	4765	0.8565	0.8565
LOC134757440	NOB1	DN_NC_073242.2_98958086_2	DN_NC_073242.2_98974496_9	genuine	0.2612	0.259	481	481	481	481	2959	1857	0.1626	0.1626
LOC134757574	TXN	DN_NC_073237.2_106488614_5	DN_NC_073243.2_19688237_2	genuine	0.252	0.7464	471	432	471	432	631	2290	0.1886	0.1886
LOC134758217	RFPL3	DN_NC_086018.1_27470342_2	DN_NC_086018.1_30368542_3	TP	0.4228	0.4108	585	554	585	554	2346	1424	0.2361	0.2361
LOC134758712	LOC134758754	DN_NC_073224.2_15783681_8	DN_NC_073224.2_19344252_8	TP	1.0	1.0	1441	1433	1441	1433	1474	1441	0.9722	0.9722
LRFN5	PDCD5	DN_NC_073239.2_14838701_6	DN_NC_073244.2_43610901_6	genuine	0.2625	0.3731	469	447	469	447	6854	1257	0.0652	0.0652
LTB4R2	NOP9	DN_NC_073239.2_32339840_6	DN_NC_073239.2_32342111_10	genuine	0.2625	0.6047	1334	917	1334	917	2206	6172	0.1486	0.1486
LYSMD1	SCNM1	DN_NC_073224.2_105669663_7	DN_NC_073224.2_105672200_3	genuine	0.5832	0.5802	959	959	959	959	1653	3159	0.3036	0.3036
MAGEA1	MAGEA12	DN_NC_073247.2_164405406_2	DN_NC_073247.2_164861277_3	truthbar	0.4572	0.9048	1597	1330	1597	1330	3732	1765	0.3564	0.3564
MAGEA1	MAGEA4	DN_NC_073247.2_163590486_3	DN_NC_073247.2_164861277_3	truthbar	0.264	0.9694	1711	1429	1711	1429	1772	1765	0.8064	0.8064
MAGEA12	MAGEA4	DN_NC_073247.2_163590486_3	DN_NC_073247.2_164405406_2	truthbar	0.2573	0.763	1352	1133	1352	1133	1772	3732	0.3036	0.3036
MAGEB6	MAGEB6B	DN_NC_073247.2_36669088_2	DN_NC_073247.2_36702175_2	TP	0.4114	0.7594	1521	1409	1521	1409	2112	2003	0.6671	0.6671
MED22	RPL21	DN_NC_073237.2_129717495_4	DN_NC_073238.2_41579503_4	genuine	0.3318	0.8779	381	345	381	345	6362	434	0.0542	0.0542
MED31	TXNDC17	DN_NC_073243.2_21779153_4	DN_NC_073243.2_21780781_4	genuine	0.7865	0.7865	1658	1658	1658	1658	2108	6109	0.2714	0.2714
METTL2A	METTL2B	DN_NC_073228.2_29619142_9	DN_NC_073230.2_137552467_7	TP	0.2097	0.9572	3195	2979	3195	2979	3338	3456	0.8620	0.8620
MIF4GD	MRPS7	DN_NC_073228.2_16703728_6	DN_NC_073228.2_16706128_5	genuine	0.553	0.5545	738	738	738	738	1331	3842	0.1921	0.1921
MINPP1	SPC25	DN_NC_073232.2_99830035_5	DN_NC_073235.2_71373985_7	genuine	0.2368	0.3081	419	391	419	391	4192	1360	0.0933	0.0933
MKRN2	RAF1	DN_NC_086017.1_22368298_8	DN_NC_086017.1_22395793_17	genuine	0.4747	0.4749	2526	2526	2526	2526	5603	5319	0.4508	0.4508
MMP24OS	PDCD5	DN_NC_073244.2_43610901_6	DN_NC_073245.2_47429376_4	genuine	0.2092	0.3699	465	434	465	434	1257	2748	0.1579	0.1579
MMP24OS	SPC25	DN_NC_073235.2_71373985_7	DN_NC_073245.2_47429376_4	TP	0.1956	0.3456	470	444	470	444	1360	2748	0.1616	0.1616
MOV10	RHOC	DN_NC_073224.2_126184593_6	DN_NC_073224.2_126189262_21	genuine	0.536	0.506	590	590	590	590	1166	5291	0.1115	0.1115
MPDU1	MPDU1-AS1	DN_NC_073243.2_22727924_2	DN_NC_073243.2_22729136_7	TP	0.6061	0.6061	837	837	837	837	1381	2263	0.3699	0.3699
MPHOSPH8	SVBP	DN_NC_073224.2_197128142_3	DN_NC_073238.2_33904146_3	genuine	0.3398	0.4095	423	395	423	395	3575	1033	0.1105	0.1105
MRNIP	SQSTM1	DN_NC_073228.2_183798210_8	DN_NC_073228.2_183812935_7	genuine	0.4846	0.4792	621	621	621	621	3348	1296	0.1855	0.1855
MTERF4	SNED1	DN_NC_073235.2_143720615_16	DN_NC_073235.2_143747819_4	genuine	0.4225	0.4225	1444	1444	1444	1444	3418	6917	0.2088	0.2088
MTREX	PLPP1	DN_NC_073243.2_54697918_6	DN_NC_073243.2_54805899_27	genuine	0.2921	0.2921	486	486	486	486	1664	5784	0.0840	0.0840
MYH1	MYH8	DN_NC_073243.2_25668904_14	DN_NC_073243.2_25770609_26	truthbar	0.9443	0.9447	2407	2108	2407	2108	2548	4681	0.4503	0.4503
MYH11	MYH9	DN_NC_073242.2_30207983_41	DN_NC_086018.1_34278584_41	truthbar	0.4867	0.3346	2403	1948	2403	1948	7181	7548	0.2581	0.2581
NCALD	PDCD5	DN_NC_073231.2_107519754_4	DN_NC_073244.2_43610901_6	genuine	0.3723	0.3858	485	461	485	461	5059	1257	0.0911	0.0911
NCALD	SPC25	DN_NC_073231.2_107519754_4	DN_NC_073235.2_71373985_7	genuine	0.2412	0.3441	468	438	468	438	5059	1360	0.0866	0.0866
NCR3LG1	PDCD5	DN_NC_073233.2_23732821_4	DN_NC_073244.2_43610901_6	genuine	0.3755	0.3747	471	455	471	455	3570	1257	0.1275	0.1275
NCR3LG1	SPC25	DN_NC_073233.2_23732821_4	DN_NC_073235.2_71373985_7	genuine	0.2426	0.3463	471	448	471	448	3570	1360	0.1255	0.1255
NDUFA2	TMCO6	DN_NC_073228.2_144488767_12	DN_NC_073228.2_144494736_3	genuine	0.4304	0.4304	309	309	309	309	3093	718	0.0999	0.0999
NDUFB6	SMIM27	DN_NC_073237.2_30511420_2	DN_NC_073237.2_30512124_4	genuine	0.6866	0.6866	839	839	839	839	1222	1485	0.5650	0.5650
NFS1	ROMO1	DN_NC_073245.2_47878766_13	DN_NC_073245.2_47908723_3	genuine	0.2617	0.2597	260	260	260	260	3692	1001	0.0704	0.0704
NFXL1	PDCD5	DN_NC_073227.2_55859426_23	DN_NC_073244.2_43610901_6	genuine	0.2204	0.3723	468	435	468	435	4455	1257	0.0976	0.0976
NHP2	RMND5B	DN_NC_073228.2_181756447_11	DN_NC_073228.2_181772207_4	genuine	0.4336	0.4887	2112	2027	2112	2027	4363	4322	0.4646	0.4646
NKIRAS1	UBE2E1	DN_NC_086017.1_33635296_6	DN_NC_086017.1_33716761_5	TP	0.6902	0.6885	1689	1689	1689	1689	2453	5802	0.2911	0.2911
NLRP2	NLRP7	DN_NC_073244.2_66923641_8	DN_NC_073244.2_66965840_13	TP	0.3935	0.3857	1141	1046	1141	1046	2958	3728	0.2806	0.2806
NR2F1	NR2F2	DN_NC_073228.2_97705476_2	DN_NC_073240.2_97547891_3	truthbar	0.4729	0.4292	728	628	728	628	1696	2756	0.2279	0.2279
NT5C1B	RDH14	DN_NC_073236.2_121320001_9	DN_NC_073236.2_121349000_3	genuine	0.724	0.722	1075	1075	1075	1075	2505	1489	0.4291	0.4291
OSBPL10	ZNF808	DN_NC_073244.2_64500861_5	DN_NC_086017.1_41849524_2	genuine	0.2029	0.3369	1483	1020	1483	1390	4884	4402	0.2088	0.2846
OXCT1	PDCD5	DN_NC_073243.2_70014918_17	DN_NC_073244.2_43610901_6	genuine	0.2761	0.3683	463	409	463	409	4386	1257	0.0933	0.0933
OXCT1	SPC25	DN_NC_073235.2_71373985_7	DN_NC_073243.2_70014918_17	genuine	0.2301	0.3412	464	420	464	420	1360	4386	0.0958	0.0958
PCDHB15	PCDHB16	DN_NC_073228.2_145022553_2	DN_NC_073228.2_145079904_2	truthbar	0.457	0.4338	1049	991	1049	991	2418	6798	0.1458	0.1458
PCDHB15	PCDHB2	DN_NC_073228.2_144930638_2	DN_NC_073228.2_145079893_2	truthbar	0.6808	0.3906	1023	979	1023	979	3925	2619	0.2494	0.2494
PCDHB16	PCDHB2	DN_NC_073228.2_144930567_2	DN_NC_073228.2_145022553_2	truthbar	0.481	0.4239	1025	981	1025	981	3590	2418	0.2733	0.2733
PCDHB16	PCDHB5	DN_NC_073228.2_144970572_2	DN_NC_073228.2_145022553_2	truthbar	0.483	0.4504	1089	1027	1089	1027	4562	2418	0.2251	0.2251
PCDHB2	PCDHB5	DN_NC_073228.2_144930567_2	DN_NC_073228.2_144970572_2	truthbar	0.3103	0.2964	1064	1016	1064	1016	3590	4562	0.2227	0.2227
PDCD5	SELENOP	DN_NC_073243.2_69046517_5	DN_NC_073244.2_43610901_6	genuine	0.2546	0.3731	469	445	469	445	6999	1257	0.0636	0.0636
PDCD5	SEM1	DN_NC_073230.2_92132360_3	DN_NC_073244.2_43610901_6	genuine	0.2609	0.3731	469	449	469	449	1950	1257	0.2303	0.2303
PDCD5	SPATA33	DN_NC_073242.2_120248671_3	DN_NC_073244.2_43610901_6	genuine	0.3675	0.3628	456	422	456	422	4140	1257	0.1019	0.1019
PDCD5	SPC25	DN_NC_073235.2_71373985_7	DN_NC_073244.2_43610901_6	genuine	0.2625	0.3747	471	448	471	448	1360	1257	0.3294	0.3294
PDCD5	THNSL1	DN_NC_073232.2_34013134_3	DN_NC_073244.2_43610901_6	genuine	0.2872	0.362	455	437	455	437	5858	1257	0.0746	0.0746
PDCD5	TMEM38B	DN_NC_073237.2_101948554_6	DN_NC_073244.2_43610901_6	genuine	0.3787	0.3747	471	448	471	448	4500	1257	0.0996	0.0996
PDCD5	TSPAN8	DN_NC_073234.2_86426177_10	DN_NC_073244.2_43610901_6	genuine	0.2514	0.3699	465	444	465	444	3218	1257	0.1380	0.1380
PDCD5	UCHL1	DN_NC_073227.2_49278079_9	DN_NC_073244.2_43610901_6	genuine	0.3683	0.3683	463	439	463	439	3774	1257	0.1163	0.1163
PDIA3	PRKAB2	DN_NC_073224.2_114825986_4	DN_NC_073240.2_44556092_13	genuine	0.424	0.5733	1919	1867	1919	1867	3347	4775	0.3910	0.3910
PNMA6E	PNMA6F	DN_NC_073247.2_165002679_2	DN_NC_073247.2_165081266_2	truthbar	0.2383	0.9679	3380	2684	3380	2684	3751	3492	0.7155	0.7155
POM121	POM121C	DN_NC_073230.2_82390460_3	DN_NC_073230.2_84208466_3	TP	0.3818	0.6479	1590	1516	1590	1516	2454	3725	0.4070	0.4070
PP2D1	RAB5A	DN_NC_086017.1_29787177_6	DN_NC_086017.1_29831691_3	genuine	0.4931	0.4931	1246	1246	1246	1246	6471	2527	0.1926	0.1926
PTPRF	PTPRS	DN_NC_073224.2_196323176_17	DN_NC_073244.2_10996541_7	truthbar	0.4497	0.4155	959	807	959	807	4251	2308	0.1898	0.1898
PYROXD1	RECQL	DN_NC_073234.2_79789135_15	DN_NC_073234.2_79820285_12	TP	0.4514	0.4487	1847	1847	1847	1847	5077	4116	0.3638	0.3638
RABL2A	RABL2B	DN_NC_073235.2_15131698_9	DN_NC_086018.1_48818439_9	TP	0.4684	0.8962	1079	988	1079	988	2472	1204	0.3997	0.3997
RBBP4	SYNC	DN_NC_073224.2_207257149_3	DN_NC_073224.2_207270226_12	genuine	0.6067	0.6047	1788	1788	1788	1788	2957	5116	0.3495	0.3495
RFX6	RPL7A	DN_NC_073229.2_141117205_4	DN_NC_073237.2_129726988_8	genuine	0.742	0.7377	855	843	855	843	4845	1159	0.1740	0.1740
RHD	SDHD	DN_NC_073224.2_214517378_2	DN_NC_073233.2_119992784_4	genuine	0.4522	0.9108	1297	1252	1297	1252	1595	1424	0.7850	0.7850
RPGRIP1	SUPT16H	DN_NC_073239.2_35280580_26	DN_NC_073239.2_35311777_12	genuine	0.4093	0.4091	1712	1712	1712	1712	5951	4185	0.2877	0.2877
RPL10	RPL10L	DN_NC_073239.2_63601483_4	DN_NC_073247.2_166018918_6	truthbar	0.7732	0.7744	659	591	659	591	2418	851	0.2444	0.2444
RPL31	TBC1D8	DN_NC_073236.2_38854516_5	DN_NC_073236.2_38858247_18	genuine	0.7206	0.7069	1956	1956	1956	1956	2767	5222	0.3746	0.3746
RPL9	TIPIN	DN_NC_073227.2_47476685_7	DN_NC_073240.2_67167028_2	genuine	0.6059	0.6059	681	648	681	648	1124	1614	0.4015	0.4015
RPLP1	TXNL4B	DN_NC_073240.2_70293854_4	DN_NC_073242.2_101553722_4	genuine	0.1967	0.4274	515	427	515	427	1205	5000	0.0854	0.0854
SARM1	SLC46A1	DN_NC_073228.2_64684384_5	DN_NC_073228.2_64691860_6	TP	0.7251	0.7245	2588	2588	2588	2588	5443	3572	0.4755	0.4755
SELENOP	SPC25	DN_NC_073235.2_71373985_7	DN_NC_073243.2_69046517_5	genuine	0.2412	0.3471	472	448	472	448	1360	6999	0.0640	0.0640
SERF2	SERINC4	DN_NC_073240.2_44603034_3	DN_NC_073240.2_44604956_12	genuine	0.4008	0.4012	1052	1052	1052	1052	2622	2957	0.3558	0.3558
SLC22A4	SLC22A5	DN_NC_073228.2_136205303_10	DN_NC_073228.2_136280772_10	truthbar	0.3151	0.2794	853	756	853	756	3053	3546	0.2132	0.2132
SLC7A6	SLC7A6OS	DN_NC_073242.2_97493790_12	DN_NC_073242.2_97528976_5	TP	0.7972	0.7977	3375	3375	3375	3375	6301	4231	0.5356	0.5356
SP100	SP140L	DN_NC_073235.2_133031264_19	DN_NC_073235.2_133124679_15	truthbar	0.2915	0.2659	581	531	581	531	7324	2185	0.0725	0.0725
SPATA33	SPC25	DN_NC_073235.2_71373985_7	DN_NC_073242.2_120248671_3	genuine	0.2316	0.3485	474	447	474	447	1360	4140	0.1080	0.1080
SPC25	TMEM38B	DN_NC_073235.2_71373985_7	DN_NC_073237.2_101948554_6	genuine	0.2449	0.3485	474	442	474	442	1360	4500	0.0982	0.0982
SPC25	TSPAN8	DN_NC_073234.2_86426177_10	DN_NC_073235.2_71373985_7	genuine	0.2338	0.3419	465	434	465	434	3218	1360	0.1349	0.1349
SPC25	UCHL1	DN_NC_073227.2_49278079_9	DN_NC_073235.2_71373985_7	genuine	0.2426	0.3404	463	443	463	443	3774	1360	0.1174	0.1174
SPSB2	TPI1	DN_NC_073234.2_22528772_7	DN_NC_073234.2_22529951_2	genuine	0.4667	0.6151	895	767	895	767	1455	4512	0.1700	0.1700
SQLE	WASHC5	DN_NC_073231.2_130827518_11	DN_NC_073231.2_130851528_29	genuine	0.365	0.365	2180	2180	2180	2180	8555	5973	0.2548	0.2548
SRR	TSR1	DN_NC_073243.2_17433799_8	DN_NC_073243.2_17450998_15	genuine	0.2879	0.2871	716	716	716	716	2494	5140	0.1393	0.1393
STEAP1	STEAP1B	DN_NC_073230.2_29909396_5	DN_NC_073230.2_98628332_5	TP	0.3345	0.3345	929	916	929	916	4300	2777	0.2130	0.2130
SURF2	SURF4	DN_NC_073237.2_129735503_6	DN_NC_073237.2_129740502_6	TP	0.7381	0.7381	2322	2322	2322	2322	3541	3146	0.6557	0.6557
TCEAL2	TCEAL4	DN_NC_073247.2_113908222_3	DN_NC_073247.2_115371773_3	truthbar	0.381	0.7157	851	752	851	752	1189	3763	0.1998	0.1998
TCEAL5	TCEAL6	DN_NC_073247.2_113922705_3	DN_NC_073247.2_115050911_3	TP	0.4498	0.499	751	690	751	690	1505	3262	0.2115	0.2115
TESK2	TOE1	DN_NC_073224.2_194445089_11	DN_NC_073224.2_194593658_8	genuine	0.6233	0.6233	2369	2369	2369	2369	3801	4004	0.5917	0.5917
TRAPPC2	ZNF547	DN_NC_073244.2_69466469_2	DN_NC_073247.2_24180353_4	genuine	0.2258	0.9262	2675	2342	2675	2342	2888	3150	0.7435	0.7435
TRIM50	TRIM73	DN_NC_073230.2_82405962_7	DN_NC_073230.2_84189831_5	TP	0.4795	0.5848	772	743	772	743	2073	1320	0.3584	0.3584
TUBA3E	TUBA8	DN_NC_073235.2_32697745_5	DN_NC_086018.1_16134008_5	truthbar	0.7538	0.5492	870	744	870	744	1584	2033	0.3660	0.3660
TUBB	TUBB2A	DN_NC_073229.2_20766733_4	DN_NC_073229.2_48413863_4	truthbar	0.7841	0.7512	1277	1090	1277	1090	1700	2656	0.4104	0.4104
TUBB	TUBB4B	DN_NC_073229.2_48413863_4	DN_NC_073237.2_133664160_4	truthbar	0.5607	0.5421	1287	1089	1287	1089	2656	2374	0.4100	0.4100
TUBB2A	TUBB4A	DN_NC_073229.2_20766733_4	DN_NC_073244.2_12296250_4	TP	0.7624	0.7612	1294	1173	1294	1173	1700	2302	0.5096	0.5096
TUBB2A	TUBB4B	DN_NC_073229.2_20766733_4	DN_NC_073237.2_133664160_4	truthbar	0.7994	0.7547	1283	1125	1283	1125	1700	2374	0.4739	0.4739
TUBB4A	TUBB4B	DN_NC_073237.2_133664160_4	DN_NC_073244.2_12296250_4	truthbar	0.5608	0.5773	1329	1156	1329	1156	2374	2302	0.4869	0.4869
TUBB4B	TUBB8	DN_NC_073232.2_8975313_3	DN_NC_073237.2_133664160_4	truthbar	0.6525	0.6614	1045	918	1045	918	1580	2374	0.3867	0.3867
UBB	UBC	DN_NC_073228.2_83796015_2	DN_NC_073234.2_140369418_3	genuine	0.6709	0.668	680	605	680	3950	1018	2356	0.2568	1.0000
USP9X	USP9Y	DN_NC_073247.2_51578190_11	DN_NC_073248.2_31260866_11	truthbar	0.3511	0.7296	2558	2106	2558	2106	3803	3506	0.5538	0.5538
ZBTB26	ZBTB6	DN_NC_073237.2_119275968_2	DN_NC_073237.2_119275970_2	truthbar	0.9856	0.9841	4022	4022	4022	4022	4087	4444	0.9050	0.9050
ZCCHC12	ZCCHC18	DN_NC_073247.2_115884983_3	DN_NC_073247.2_130545427_4	truthbar	0.3238	0.5354	1407	1226	1407	1226	2822	2628	0.4344	0.4344
ZFX	ZFY	DN_NC_073247.2_34649963_8	DN_NC_073248.2_9517725_8	TP	0.342	0.445	2580	2374	2580	2374	5798	6156	0.3856	0.3856
ZKSCAN3	ZKSCAN4	DN_NC_073229.2_45875453_5	DN_NC_073229.2_45985816_6	TP	0.2992	0.3684	1532	1401	1532	1401	4158	4707	0.2976	0.2976
ZNF155	ZNF221	DN_NC_073244.2_55464824_5	DN_NC_073244.2_55497464_5	truthbar	0.5165	0.4671	1513	1333	1513	1333	3239	4218	0.3160	0.3160
ZNF155	ZNF222	DN_NC_073244.2_55497464_5	DN_NC_073244.2_55538420_4	truthbar	0.5347	0.9575	1599	1251	1599	1251	4218	1670	0.2966	0.2966
ZNF155	ZNF224	DN_NC_073244.2_55497464_5	DN_NC_073244.2_55607411_6	truthbar	0.4062	0.3635	1484	1294	1484	1294	4218	4082	0.3068	0.3068
ZNF155	ZNF225	DN_NC_073244.2_55497464_5	DN_NC_073244.2_55626504_5	truthbar	0.3945	0.3426	1445	1243	1445	1243	4218	4728	0.2629	0.2629
ZNF155	ZNF284	DN_NC_073244.2_55497464_5	DN_NC_073244.2_55585242_5	truthbar	0.256	0.3466	1462	1238	1462	1238	4218	4351	0.2845	0.2845
ZNF221	ZNF222	DN_NC_073244.2_55464824_5	DN_NC_073244.2_55538420_4	truthbar	0.3479	0.5443	909	804	909	804	3239	1670	0.2482	0.2482
ZNF221	ZNF224	DN_NC_073244.2_55464824_5	DN_NC_073244.2_55607411_6	truthbar	0.5431	0.5421	1756	1558	1756	1558	3239	4082	0.3817	0.3817
ZNF221	ZNF225	DN_NC_073244.2_55464824_5	DN_NC_073244.2_55626504_5	truthbar	0.489	0.4733	1533	1335	1533	1335	3239	4728	0.2824	0.2824
ZNF221	ZNF230	DN_NC_073244.2_55464824_5	DN_NC_073244.2_55516115_5	truthbar	0.2235	0.2921	946	796	946	796	3239	4169	0.1909	0.1909
ZNF221	ZNF234	DN_NC_073244.2_55464824_5	DN_NC_073244.2_55654796_6	truthbar	0.3517	0.3032	982	835	982	835	3239	5083	0.1643	0.1643
ZNF221	ZNF284	DN_NC_073244.2_55464824_5	DN_NC_073244.2_55585242_5	truthbar	0.4171	0.4721	1529	1281	1529	1281	3239	4351	0.2944	0.2944
ZNF222	ZNF224	DN_NC_073244.2_55538420_4	DN_NC_073244.2_55607411_6	truthbar	0.5425	0.5569	930	808	930	808	1670	4082	0.1979	0.1979
ZNF222	ZNF225	DN_NC_073244.2_55538420_4	DN_NC_073244.2_55626504_5	truthbar	0.5425	0.5257	878	755	878	755	1670	4728	0.1597	0.1597
ZNF222	ZNF230	DN_NC_073244.2_55516115_5	DN_NC_073244.2_55538420_4	truthbar	0.7228	0.8557	1429	1248	1429	1248	4169	1670	0.2994	0.2994
ZNF224	ZNF225	DN_NC_073244.2_55607411_6	DN_NC_073244.2_55626504_5	truthbar	0.366	0.478	1951	1640	1951	1640	4082	4728	0.3469	0.3469
ZNF224	ZNF234	DN_NC_073244.2_55607411_6	DN_NC_073244.2_55654796_6	truthbar	0.2768	0.2663	1087	857	1087	857	4082	5083	0.1686	0.1686
ZNF224	ZNF284	DN_NC_073244.2_55585242_5	DN_NC_073244.2_55607411_6	truthbar	0.3126	0.3831	1564	1314	1564	1314	4351	4082	0.3020	0.3020
ZNF225	ZNF284	DN_NC_073244.2_55585242_5	DN_NC_073244.2_55626504_5	truthbar	0.2199	0.3464	1507	1295	1507	1295	4351	4728	0.2739	0.2739
ZNF254	ZNF273	DN_NC_073230.2_74299233_4	DN_NC_073244.2_30438340_4	truthbar	0.4696	0.3326	1251	909	1251	909	3761	4060	0.2239	0.2239
ZNF254	ZNF43	DN_NC_073244.2_28333451_4	DN_NC_073244.2_30438386_2	truthbar	0.453	0.5024	1882	1309	1882	2125	4132	3746	0.3168	0.5143
ZNF254	ZNF430	DN_NC_073244.2_27504818_5	DN_NC_073244.2_30438340_4	truthbar	0.3937	0.4878	1798	1398	1798	1398	3686	4060	0.3443	0.3443
ZNF254	ZNF681	DN_NC_073244.2_30067652_4	DN_NC_073244.2_30438340_4	truthbar	0.3734	0.5081	2063	1642	2063	1642	5815	4060	0.2824	0.2824
ZNF254	ZNF723	DN_NC_073244.2_29232445_4	DN_NC_073244.2_30438340_4	truthbar	0.3718	0.6723	1557	1302	1557	1302	2316	4060	0.3207	0.3207
ZNF254	ZNF91	DN_NC_073244.2_29680825_4	DN_NC_073244.2_30438340_4	truthbar	0.4771	0.8313	3375	1565	3375	2204	5437	4060	0.2878	0.4054
ZNF254	ZNF92	DN_NC_073230.2_74637722_4	DN_NC_073244.2_30438386_2	truthbar	0.3409	0.6068	1997	1455	1997	1455	3291	3746	0.3884	0.3884
ZNF264	ZNF805	DN_NC_073244.2_69294668_4	DN_NC_073244.2_69343714_4	truthbar	0.3556	0.478	2058	1836	2058	1836	4305	5916	0.3103	0.3103
ZNF273	ZNF429	DN_NC_073230.2_74299233_4	DN_NC_073244.2_27956158_2	truthbar	0.6848	0.6397	1390	1094	1390	1094	3761	2173	0.2909	0.2909
ZNF273	ZNF43	DN_NC_073230.2_74299233_4	DN_NC_073244.2_28333451_4	truthbar	0.4055	0.431	1621	1308	1621	2542	3761	4132	0.3166	0.6152
ZNF273	ZNF430	DN_NC_073230.2_74299233_4	DN_NC_073244.2_27504818_5	truthbar	0.3934	0.7157	2638	1745	2638	1745	3761	3686	0.4640	0.4640
ZNF273	ZNF486	DN_NC_073230.2_74299233_4	DN_NC_073244.2_26666712_5	truthbar	0.2671	0.5036	1542	1228	1542	1228	3761	3062	0.3265	0.3265
ZNF273	ZNF506	DN_NC_073230.2_74299233_4	DN_NC_073244.2_26240035_4	truthbar	0.4147	0.4856	1597	1205	1597	1205	3761	3289	0.3204	0.3204
ZNF273	ZNF626	DN_NC_073230.2_74299233_4	DN_NC_073244.2_27131194_2	truthbar	0.3994	0.4137	1299	899	1299	899	3761	3140	0.2390	0.2390
ZNF273	ZNF675	DN_NC_073230.2_74299233_4	DN_NC_073244.2_29970261_4	truthbar	0.5386	0.9587	2111	1647	2111	1647	3761	2202	0.4379	0.4379
ZNF273	ZNF680	DN_NC_073230.2_73977205_4	DN_NC_073230.2_74299233_4	truthbar	0.5742	0.5742	1869	1613	1869	1613	3255	3761	0.4289	0.4289
ZNF273	ZNF723	DN_NC_073230.2_74299233_4	DN_NC_073244.2_29232445_4	truthbar	0.6887	0.6576	1523	1262	1523	1262	3761	2316	0.3355	0.3355
ZNF273	ZNF92	DN_NC_073230.2_74299233_4	DN_NC_073230.2_74637814_2	truthbar	0.3654	0.6091	1812	1354	1812	1354	3761	2975	0.3600	0.3600
ZNF28	ZNF468	DN_NC_073244.2_64759228_5	DN_NC_073244.2_64797239_5	truthbar	0.2527	1.0819	4572	3659	4572	3659	4546	4226	0.8049	0.8049
ZNF28	ZNF761	DN_NC_073244.2_64759228_5	DN_NC_073244.2_65362909_5	truthbar	0.2955	0.794	3585	2689	3585	2689	4546	4515	0.5915	0.5915
ZNF28	ZNF808	DN_NC_073244.2_64500861_5	DN_NC_073244.2_64759228_5	truthbar	0.2673	0.2998	1363	1026	1363	1611	4884	4546	0.2101	0.3299
ZNF28	ZNF888	DN_NC_073244.2_64759228_5	DN_NC_073244.2_64860608_4	truthbar	0.3359	0.7983	3629	2454	3629	2454	4546	5389	0.4554	0.4554
ZNF324	ZNF324B	DN_NC_073244.2_70544393_4	DN_NC_073244.2_70556426_4	truthbar	0.2185	0.7839	2928	2449	2928	2449	3735	5122	0.4781	0.4781
ZNF354A	ZNF354B	DN_NC_073228.2_182334642_5	DN_NC_073228.2_182827930_5	truthbar	0.5012	0.7632	1963	1761	1963	1761	2572	7447	0.2365	0.2365
ZNF429	ZNF43	DN_NC_073244.2_27956158_2	DN_NC_073244.2_28333451_4	truthbar	0.3267	0.8017	1742	1383	1742	2410	2173	4132	0.3347	0.5833
ZNF429	ZNF430	DN_NC_073244.2_27504818_5	DN_NC_073244.2_27956158_2	truthbar	0.6199	0.4376	951	680	951	680	3686	2173	0.1845	0.1845
ZNF429	ZNF626	DN_NC_073244.2_27131194_2	DN_NC_073244.2_27956158_2	truthbar	0.5808	0.3953	859	729	859	729	3140	2173	0.2322	0.2322
ZNF429	ZNF675	DN_NC_073244.2_27956158_2	DN_NC_073244.2_29970261_4	truthbar	0.6203	0.3958	860	746	860	746	2173	2202	0.3388	0.3388
ZNF429	ZNF681	DN_NC_073244.2_27956158_2	DN_NC_073244.2_30067652_4	truthbar	0.694	0.7446	1618	1331	1618	1331	2173	5815	0.2289	0.2289
ZNF429	ZNF723	DN_NC_073244.2_27956158_2	DN_NC_073244.2_29232445_4	truthbar	0.5992	0.4376	951	739	951	739	2173	2316	0.3191	0.3191
ZNF429	ZNF91	DN_NC_073244.2_27956158_4	DN_NC_073244.2_29680825_4	truthbar	0.2196	0.8672	2350	1685	2350	3033	2710	5437	0.3099	0.5578
ZNF429	ZNF92	DN_NC_073230.2_74637722_4	DN_NC_073244.2_27956158_2	truthbar	0.6038	0.7285	1583	1190	1583	1190	3291	2173	0.3616	0.3616
ZNF43	ZNF430	DN_NC_073244.2_27504818_5	DN_NC_073244.2_28333451_4	truthbar	0.3768	0.4653	1715	1447	1715	1447	3686	4132	0.3502	0.3502
ZNF43	ZNF486	DN_NC_073244.2_26666712_5	DN_NC_073244.2_28333451_4	truthbar	0.258	0.5271	1614	1080	1614	1080	3062	4132	0.2614	0.2614
ZNF43	ZNF626	DN_NC_073244.2_27131194_2	DN_NC_073244.2_28333451_4	truthbar	0.2971	0.3529	1108	898	1108	1679	3140	4132	0.2173	0.4063
ZNF43	ZNF675	DN_NC_073244.2_28333451_4	DN_NC_073244.2_29970261_4	truthbar	0.2171	0.8079	1779	1445	1779	2383	4132	2202	0.3497	0.5767
ZNF43	ZNF681	DN_NC_073244.2_28333451_4	DN_NC_073244.2_30067652_4	truthbar	0.3526	0.5346	2209	1609	2209	1609	4132	5815	0.2767	0.2767
ZNF43	ZNF723	DN_NC_073244.2_28333451_4	DN_NC_073244.2_29232445_4	truthbar	0.2703	0.4862	1126	771	1126	771	4132	2316	0.1866	0.1866
ZNF43	ZNF91	DN_NC_073244.2_28333451_4	DN_NC_073244.2_29680825_2	truthbar	0.4695	0.5895	2436	1367	2436	3984	4132	5154	0.2652	0.7730
ZNF43	ZNF92	DN_NC_073230.2_74637814_2	DN_NC_073244.2_28333451_4	truthbar	0.2444	0.4608	1371	1082	1371	2666	2975	4132	0.2619	0.6452
ZNF430	ZNF626	DN_NC_073244.2_27131194_2	DN_NC_073244.2_27504818_5	truthbar	0.3987	0.301	945	734	945	734	3140	3686	0.1991	0.1991
ZNF430	ZNF675	DN_NC_073244.2_27504818_5	DN_NC_073244.2_29970261_4	truthbar	0.4886	0.7289	1605	1296	1605	1296	3686	2202	0.3516	0.3516
ZNF430	ZNF680	DN_NC_073230.2_73977205_4	DN_NC_073244.2_27504818_5	truthbar	0.3871	0.3982	1296	1115	1296	1115	3255	3686	0.3025	0.3025
ZNF430	ZNF681	DN_NC_073244.2_27504818_5	DN_NC_073244.2_30067652_4	truthbar	0.334	0.4921	1814	1339	1814	1339	3686	5815	0.2303	0.2303
ZNF430	ZNF723	DN_NC_073244.2_27504818_5	DN_NC_073244.2_29232445_4	truthbar	0.6019	0.8687	2012	1543	2012	1543	3686	2316	0.4186	0.4186
ZNF430	ZNF91	DN_NC_073244.2_27504818_5	DN_NC_073244.2_29680825_4	genuine	0.2249	0.5117	1886	1183	1886	2626	3686	5437	0.2176	0.4830
ZNF430	ZNF92	DN_NC_073230.2_74637814_2	DN_NC_073244.2_27504818_5	truthbar	0.402	0.4726	1406	1203	1406	1810	2975	3686	0.3264	0.4910
ZNF443	ZNF563	DN_NC_073244.2_18356684_4	DN_NC_073244.2_18470484_4	truthbar	0.2929	0.5141	1383	1136	1383	1136	2690	3115	0.3647	0.3647
ZNF443	ZNF799	DN_NC_073244.2_18426035_4	DN_NC_073244.2_18470484_4	TP	0.3291	0.9997	3114	2836	3114	2836	5769	3115	0.4916	0.4916
ZNF443	ZNF823	DN_NC_073244.2_17751584_2	DN_NC_073244.2_18470484_4	truthbar	0.4506	0.5226	1191	1055	1191	1055	2279	3115	0.3387	0.3387
ZNF486	ZNF506	DN_NC_073244.2_26240035_4	DN_NC_073244.2_26666712_5	truthbar	0.3165	0.4706	1441	1214	1441	1214	3289	3062	0.3691	0.3691
ZNF486	ZNF626	DN_NC_073244.2_26666712_5	DN_NC_073244.2_27131194_2	truthbar	0.369	0.3514	1076	848	1076	848	3062	3140	0.2701	0.2701
ZNF486	ZNF675	DN_NC_073244.2_26666712_5	DN_NC_073244.2_29970261_4	truthbar	0.4605	0.7361	1621	1225	1621	1225	3062	2202	0.4001	0.4001
ZNF506	ZNF723	DN_NC_073244.2_26240035_4	DN_NC_073244.2_29232445_4	truthbar	0.5842	0.6874	1592	1253	1592	1253	3289	2316	0.3810	0.3810
ZNF543	ZNF805	DN_NC_073244.2_69343714_4	DN_NC_073244.2_69422908_4	truthbar	0.462	0.3297	1127	984	1127	984	5916	3418	0.1663	0.1663
ZNF563	ZNF799	DN_NC_073244.2_18356684_4	DN_NC_073244.2_18426035_4	truthbar	0.4885	0.4743	1276	1109	1276	1109	2690	5769	0.1922	0.1922
ZNF563	ZNF823	DN_NC_073244.2_17751584_2	DN_NC_073244.2_18356684_4	truthbar	0.4348	0.3962	903	778	903	778	2279	2690	0.2892	0.2892
ZNF578	ZNF600	DN_NC_073244.2_64426370_6	DN_NC_073244.2_64724127_4	truthbar	0.2183	0.6005	2597	1866	2597	3040	6763	4325	0.2759	0.4495
ZNF578	ZNF611	DN_NC_073244.2_64426370_6	DN_NC_073244.2_64672255_4	truthbar	0.2175	0.7224	3135	2265	3135	3124	6763	4340	0.3349	0.4619
ZNF578	ZNF701	DN_NC_073244.2_64426370_6	DN_NC_073244.2_64543447_4	truthbar	0.2187	0.3859	1424	985	1424	1720	6763	3690	0.1456	0.2543
ZNF578	ZNF808	DN_NC_073244.2_64426370_6	DN_NC_073244.2_64500861_5	truthbar	0.3782	0.785	3834	2683	3834	2683	6763	4884	0.3967	0.3967
ZNF578	ZNF813	DN_NC_073244.2_64426370_6	DN_NC_073244.2_65398487_4	truthbar	0.3362	0.5741	2912	2047	2912	2047	6763	5072	0.3027	0.3027
ZNF585A	ZNF585B	DN_NC_073244.2_48319142_5	DN_NC_073244.2_48352926_4	TP	0.8219	1.0048	2951	2726	2951	2726	4076	2937	0.6688	0.6688
ZNF600	ZNF611	DN_NC_073244.2_64672255_4	DN_NC_073244.2_64724127_4	TP	0.2534	0.9477	4099	3715	4099	3715	4340	4325	0.8560	0.8560
ZNF600	ZNF701	DN_NC_073244.2_64543447_4	DN_NC_073244.2_64724127_4	truthbar	0.2192	0.4222	1558	1225	1558	1225	3690	4325	0.2832	0.2832
ZNF600	ZNF761	DN_NC_073244.2_64724127_4	DN_NC_073244.2_65362909_5	truthbar	0.2051	0.7142	3089	2276	3089	2276	4325	4515	0.5041	0.5041
ZNF600	ZNF808	DN_NC_073244.2_64500861_5	DN_NC_073244.2_64724127_4	truthbar	0.2449	0.8109	3507	2787	3507	2787	4884	4325	0.5706	0.5706
ZNF600	ZNF813	DN_NC_073244.2_64724127_4	DN_NC_073244.2_65398487_4	truthbar	0.2786	0.3346	1447	1085	1447	1610	4325	5072	0.2139	0.3174
ZNF600	ZNF888	DN_NC_073244.2_64724127_4	DN_NC_073244.2_64860608_4	truthbar	0.2973	0.6661	2881	2289	2881	2289	4325	5389	0.4248	0.4248
ZNF611	ZNF701	DN_NC_073244.2_64543447_4	DN_NC_073244.2_64672255_4	truthbar	0.2187	0.3499	1291	1016	1291	1016	3690	4340	0.2341	0.2341
ZNF611	ZNF808	DN_NC_073244.2_64500861_5	DN_NC_073244.2_64672255_4	truthbar	0.2509	0.8067	3501	2780	3501	2780	4884	4340	0.5692	0.5692
ZNF611	ZNF813	DN_NC_073244.2_64672255_4	DN_NC_073244.2_65398487_4	truthbar	0.2435	0.3323	1442	1091	1442	1627	4340	5072	0.2151	0.3208
ZNF611	ZNF888	DN_NC_073244.2_64672255_4	DN_NC_073244.2_64860608_4	truthbar	0.2392	0.6956	3019	2407	3019	2407	4340	5389	0.4467	0.4467
ZNF616	ZNF841	DN_NC_073244.2_64034715_7	DN_NC_073244.2_64081943_4	truthbar	0.3614	0.3404	1550	1150	1550	1150	4554	7321	0.1571	0.1571
ZNF626	ZNF675	DN_NC_073244.2_27131194_2	DN_NC_073244.2_29970261_4	truthbar	0.2688	0.3837	845	717	845	1313	3140	2202	0.2283	0.4182
ZNF626	ZNF681	DN_NC_073244.2_27131194_2	DN_NC_073244.2_30067652_4	truthbar	0.2334	0.3325	1044	761	1044	761	3140	5815	0.1309	0.1309
ZNF626	ZNF723	DN_NC_073244.2_27131194_2	DN_NC_073244.2_29232445_4	truthbar	0.5449	0.4486	1039	829	1039	829	3140	2316	0.2640	0.2640
ZNF675	ZNF680	DN_NC_073230.2_73977205_4	DN_NC_073244.2_29970261_4	truthbar	0.5881	0.807	1777	1417	1777	1417	3255	2202	0.4353	0.4353
ZNF675	ZNF681	DN_NC_073244.2_29970261_4	DN_NC_073244.2_30067652_4	truthbar	0.4046	0.9196	2025	1533	2025	1533	2202	5815	0.2636	0.2636
ZNF675	ZNF723	DN_NC_073244.2_29232445_4	DN_NC_073244.2_29970261_4	truthbar	0.5368	0.7257	1598	1224	1598	1224	2316	2202	0.5285	0.5285
ZNF675	ZNF92	DN_NC_073230.2_74637722_4	DN_NC_073244.2_29970261_4	truthbar	0.5804	0.7602	1674	1351	1674	1351	3291	2202	0.4105	0.4105
ZNF678	ZNF681	DN_NC_073224.2_40627195_4	DN_NC_073244.2_30067652_4	truthbar	0.3217	0.2985	1157	890	1157	1631	3876	5815	0.1531	0.2805
ZNF680	ZNF681	DN_NC_073230.2_73977205_4	DN_NC_073244.2_30067652_4	truthbar	0.318	0.9386	3055	2244	3055	2244	3255	5815	0.3859	0.3859
ZNF680	ZNF723	DN_NC_073230.2_73977205_4	DN_NC_073244.2_29232445_4	truthbar	0.6878	0.6572	1522	1239	1522	1239	3255	2316	0.3806	0.3806
ZNF680	ZNF91	DN_NC_073230.2_73977205_4	DN_NC_073244.2_29680825_4	genuine	0.1911	0.5333	1736	1442	1736	1442	3255	5437	0.2652	0.2652
ZNF680	ZNF92	DN_NC_073230.2_73977205_4	DN_NC_073230.2_74637814_2	truthbar	0.365	0.5896	1754	1285	1754	1285	3255	2975	0.3948	0.3948
ZNF681	ZNF91	DN_NC_073244.2_29680825_2	DN_NC_073244.2_30067652_4	truthbar	0.3155	0.2646	1364	996	1364	2011	5154	5815	0.1713	0.3458
ZNF681	ZNF92	DN_NC_073230.2_74637814_2	DN_NC_073244.2_30067652_4	truthbar	0.3224	0.6249	1859	1372	1859	2554	2975	5815	0.2359	0.4392
ZNF701	ZNF761	DN_NC_073244.2_64543447_4	DN_NC_073244.2_65362909_5	truthbar	0.216	1.0268	3789	2439	3789	2439	3690	4515	0.5402	0.5402
ZNF701	ZNF808	DN_NC_073244.2_64500861_5	DN_NC_073244.2_64543447_4	truthbar	0.219	0.5537	2043	1343	2043	1343	4884	3690	0.2750	0.2750
ZNF701	ZNF813	DN_NC_073244.2_64543447_4	DN_NC_073244.2_65398487_4	truthbar	0.2317	0.9973	3680	2450	3680	2450	3690	5072	0.4830	0.4830
ZNF701	ZNF888	DN_NC_073244.2_64543447_4	DN_NC_073244.2_64860608_4	truthbar	0.2466	0.4442	1639	1437	1639	1437	3690	5389	0.2667	0.2667
ZNF723	ZNF91	DN_NC_073244.2_29232445_4	DN_NC_073244.2_29680825_4	genuine	0.2569	0.69	1598	1264	1598	2006	2316	5437	0.2325	0.3690
ZNF723	ZNF92	DN_NC_073230.2_74637722_4	DN_NC_073244.2_29232445_4	truthbar	0.2362	0.6541	1515	1243	1515	1243	3291	2316	0.3777	0.3777
ZNF75A	ZNF75D	DN_NC_073242.2_6953229_7	DN_NC_073247.2_147064204_6	truthbar	0.2279	0.4224	1383	1046	1383	1046	4324	3274	0.2419	0.2419
ZNF761	ZNF808	DN_NC_073244.2_64500861_5	DN_NC_073244.2_65362909_5	truthbar	0.3344	0.5378	2428	1822	2428	2497	4884	4515	0.3731	0.5113
ZNF780A	ZNF780B	DN_NC_073244.2_51783968_5	DN_NC_073244.2_51825388_5	truthbar	0.36	0.614	2497	2129	2497	2129	5253	4067	0.4053	0.4053
ZNF799	ZNF823	DN_NC_073244.2_17751584_2	DN_NC_073244.2_18426035_4	truthbar	0.6762	0.6209	1415	1247	1415	1247	2279	5769	0.2162	0.2162
ZNF808	ZNF888	DN_NC_073244.2_64500861_5	DN_NC_073244.2_64860608_4	truthbar	0.4464	0.4128	2016	1301	2016	2270	4884	5389	0.2414	0.4212
ZNF836	ZNF841	DN_NC_073244.2_64034715_7	DN_NC_073244.2_64125568_5	truthbar	0.3742	0.8178	3578	2781	3578	2781	4554	4375	0.6107	0.6107
ZNF91	ZNF92	DN_NC_073230.2_74637722_4	DN_NC_073244.2_29680825_2	genuine	0.2312	0.3428	1128	815	1128	815	3291	5154	0.1581	0.1581
