# generated 2026-09-22 by tools/audit_cleanup_candidates.py at dna-from-genome@f0dc0d33; read-only audit, nothing was moved
path	git_status	bytes	last_touched	class	confidence	superseded_by	n_anchor_citers	anchor_citers	ledger_sections	weak_citers	evidence
.cargo/config.toml	tracked	713	2026-04-22	PROTECTED	-		0				
.gitignore	tracked	4152	2026-09-20	PROTECTED	-		0				
Cargo.lock	tracked	29858	2026-09-20	PROTECTED	-		1	via tools/audit_cleanup_candidates.py		tools/audit_cleanup_candidates.py	
Cargo.toml	tracked	3442	2026-09-20	PROTECTED	-		7	docs/MODULE_STATUS.md;docs/NEGATIVE_RESULTS_REGISTER.md;docs/o1_ledger.md;memory:project_pipeline_performance.md	§6j1	bench/core_gate_gw.sh;bench/gw_threeway.sh;tools/audit_cleanup_candidates.py	named-beside-stale-language-by:memory:project_pipeline_performance.md
LICENSE	tracked	1637	2026-04-14	PROTECTED	-		0				
README.md	tracked	31584	2026-09-19	PROTECTED	-		0		§6q9	AGENTS.md;REPRODUCE.md;tools/audit_cleanup_candidates.py;tools/cleanup_wave2_bench.py	match:basename-ambiguous
docs/MEMORY_DIGEST.md	tracked	123173	2026-09-22	PROTECTED	-		5	docs/O3_STATUS.md;docs/OPEN_ITEMS_2026-09-09.md;docs/o1_ledger.md;memory:MEMORY.md	§6dr,§6i6,§6q8,§6q9b,⚠ 3. CORRECTIONS TO THE R	tools/audit_cleanup_candidates.py;tools/cleanup_wave2_bench.py	named-beside-stale-language-by:docs/O3_STATUS.md;match:exact+glob-wide+suffix
docs/NEGATIVE_RESULTS_REGISTER.md	tracked	593575	2026-09-22	PROTECTED	-		18	README.md;docs/ACTIVE_WORKING_SET.md;docs/ADVISOR_QUESTIONS.md;docs/MEMORY_DIGEST.md	§6i6,§6iz,§6ky,§6q8,§6q9b,⚠ THE RECOVERED DENSITY R	REPRODUCE.md;bench/TBC1D3_GUITART_TRUTH_CORRECTION.md;bench/mcl_annotation.py;bench/o1_competitor_resolved.py	named-beside-stale-language-by:docs/MEMORY_DIGEST.md;match:exact+glob-wide+suffix
docs/PREREG_aligner_disagreement_2026-09-09.md	tracked	5054	2026-09-09	PROTECTED	-		0		§6i6,§6q8,§6q9b	docs/superpowers/plans/2026-09-15-fuzzy-junction-merge.md;tools/audit_cleanup_candidates.py;tools/cleanup_wave2_bench.py	match:glob-wide
docs/PREREG_annotation_ablation_2026-09-07.md	tracked	4111	2026-09-07	PROTECTED	-		2	docs/PREREG_core_projection_2026-09-07.md;docs/o1_ledger.md	§6fu,§6i6,§6iz,§6q8,§6q9b	docs/superpowers/plans/2026-09-15-fuzzy-junction-merge.md;tools/audit_cleanup_candidates.py;tools/cleanup_wave2_bench.py	match:exact+glob-wide+suffix
docs/PREREG_as_tied_only_2026-09-09.md	tracked	3824	2026-09-09	PROTECTED	-		2	docs/o1_ledger.md;src/bin/copy_assign.rs	§6gv,§6i6,§6q8,§6q9b	docs/superpowers/plans/2026-09-15-fuzzy-junction-merge.md;tools/audit_cleanup_candidates.py;tools/cleanup_wave2_bench.py	match:exact+glob-wide+suffix
docs/PREREG_assembler_widening_2026-09-18.md	tracked	3443	2026-09-18	PROTECTED	-		4	docs/NEGATIVE_RESULTS_REGISTER.md;docs/o1_ledger.md;memory:project_assembler_widening.md;src/bin/copy_assign.rs	§6i6,§6m6,§6q8,§6q9b	bench/ASSEMBLER_WIDENING.md;docs/superpowers/plans/2026-09-15-fuzzy-junction-merge.md;tools/audit_cleanup_candidates.py;tools/cleanup_wave2_bench.py	match:exact+glob-wide
docs/PREREG_assembly_polish_2026-09-19.md	tracked	14325	2026-09-19	PROTECTED	-		3	docs/o1_ledger.md;memory:project_assembly_polish.md;src/bin/copy_assign.rs	§6i6,§6p8,§6p9,§6q0,§6q8,§6q9b	bench/ASSEMBLY_POLISH.md;bench/assembly_polish.py;docs/superpowers/plans/2026-09-15-fuzzy-junction-merge.md;tools/audit_cleanup_candidates.py	match:exact+glob-wide
docs/PREREG_asymmetry_metric_2026-09-20.md	tracked	3341	2026-09-20	PROTECTED	-		2	docs/ASYMMETRY_METRIC_RESULT_2026-09-20.md;docs/NEGATIVE_RESULTS_REGISTER.md	§6i6,§6q8,§6q9b	bench/pair_metric_sweep.py;docs/superpowers/plans/2026-09-15-fuzzy-junction-merge.md;tools/audit_cleanup_candidates.py;tools/cleanup_wave2_bench.py	match:exact+glob-wide
docs/PREREG_best_by_duel_2026-09-09.md	tracked	4351	2026-09-09	PROTECTED	-		0		§6i6,§6q8,§6q9b	docs/superpowers/plans/2026-09-15-fuzzy-junction-merge.md;tools/audit_cleanup_candidates.py;tools/cleanup_wave2_bench.py	match:glob-wide
docs/PREREG_best_by_psv_score_2026-09-09.md	tracked	5689	2026-09-09	PROTECTED	-		2	src/bin/copy_assign.rs;src/rustle/vg_family/copy_assign.rs	§6i6,§6q8,§6q9b	docs/superpowers/plans/2026-09-15-fuzzy-junction-merge.md;tools/audit_cleanup_candidates.py;tools/cleanup_wave2_bench.py	match:glob-wide+suffix
docs/PREREG_boundary_outlier_2026-09-10.md	tracked	7061	2026-09-10	PROTECTED	-		0		§6i6,§6q8,§6q9b	docs/superpowers/plans/2026-09-15-fuzzy-junction-merge.md;tools/audit_cleanup_candidates.py;tools/cleanup_wave2_bench.py	match:glob-wide
docs/PREREG_chained_jaccard_2026-09-20.md	tracked	3491	2026-09-20	PROTECTED	-		2	docs/CHAINED_JACCARD_RESULT_2026-09-20.md;docs/NEGATIVE_RESULTS_REGISTER.md	§6i6,§6q8,§6q9b	bench/chained_pair_score.py;docs/superpowers/plans/2026-09-15-fuzzy-junction-merge.md;tools/audit_cleanup_candidates.py;tools/cleanup_wave2_bench.py	match:exact+glob-wide
docs/PREREG_chimera_policy_2026-09-18.md	tracked	7050	2026-09-18	PROTECTED	-		2	docs/NEGATIVE_RESULTS_REGISTER.md;docs/o1_ledger.md	§6i6,§6m2,§6q8,§6q9b	bench/CHIMERA_POLICY.md;docs/superpowers/plans/2026-09-15-fuzzy-junction-merge.md;tools/audit_cleanup_candidates.py;tools/cleanup_wave2_bench.py	match:exact+glob-wide
docs/PREREG_closure_definition_2026-09-07.md	tracked	6522	2026-09-07	PROTECTED	-		1	docs/o1_ledger.md	§6fy,§6i6,§6q8,§6q9b	docs/superpowers/plans/2026-09-15-fuzzy-junction-merge.md;tools/audit_cleanup_candidates.py;tools/cleanup_wave2_bench.py	match:exact+glob-wide
docs/PREREG_colinearity_conjunct_2026-09-21.md	tracked	7352	2026-09-22	PROTECTED	-		2	docs/MEMORY_DIGEST.md;docs/NEGATIVE_RESULTS_REGISTER.md	§6i6,§6q8,§6q9b	bench/colinearity_conjunct.py;docs/superpowers/plans/2026-09-15-fuzzy-junction-merge.md;tools/audit_cleanup_candidates.py;tools/cleanup_wave2_bench.py	match:exact+glob-wide
docs/PREREG_containment_poset_2026-09-22.md	tracked	9007	2026-09-22	PROTECTED	-		1	docs/NEGATIVE_RESULTS_REGISTER.md	§6i6,§6q8,§6q9b	bench/edge_probes.py;docs/superpowers/plans/2026-09-15-fuzzy-junction-merge.md;tools/audit_cleanup_candidates.py;tools/cleanup_wave2_bench.py	match:exact+glob-wide
docs/PREREG_core_definition_2026-09-12.md	tracked	131462	2026-09-16	PROTECTED	-		5	docs/MEMORY_DIGEST.md;docs/PREREG_junction_fuzz_2026-09-15.md;docs/o1_ledger.md;src/rustle/vg_family/denovo_pipeline.rs	§6jv,§6jw,§6jx,§6ks,§6q8,§6q9b	bench/TBC1D3_GUITART_TRUTH_CORRECTION.md;docs/superpowers/plans/2026-09-15-fuzzy-junction-merge.md;docs/superpowers/plans/2026-09-16-gtf-refine-and-dedup-fix.md;docs/superpowers/specs/2026-09-14-evidence-agnostic-family-definition-design.md	match:exact+glob-wide
docs/PREREG_core_projection_2026-09-07.md	tracked	5758	2026-09-07	PROTECTED	-		1	docs/o1_ledger.md	§6fu,§6i6,§6q8,§6q9b	docs/superpowers/plans/2026-09-15-fuzzy-junction-merge.md;tools/audit_cleanup_candidates.py;tools/cleanup_wave2_bench.py	match:exact+glob-wide
docs/PREREG_corroborated_union_rep_2026-09-22.md	tracked	3322	2026-09-22	PROTECTED	-		1	docs/NEGATIVE_RESULTS_REGISTER.md	§6i6,§6q8,§6q9b	docs/superpowers/plans/2026-09-15-fuzzy-junction-merge.md;tools/audit_cleanup_candidates.py;tools/cleanup_wave2_bench.py	match:exact+glob-wide
docs/PREREG_cov_shorter_adoption_2026-09-22.md	tracked	10552	2026-09-22	PROTECTED	-		2	docs/NEGATIVE_RESULTS_REGISTER.md;docs/NODE_DEFINITION_2026-09-22.md	§6i6,§6q8,§6q9b	docs/superpowers/plans/2026-09-15-fuzzy-junction-merge.md;tools/audit_cleanup_candidates.py;tools/cleanup_wave2_bench.py	match:exact+glob-wide+suffix
docs/PREREG_cov_shorter_conjunct_2026-09-22.md	tracked	6976	2026-09-22	PROTECTED	-		1	docs/NEGATIVE_RESULTS_REGISTER.md	§6i6,§6q8,§6q9b	bench/edge_probes.py;docs/superpowers/plans/2026-09-15-fuzzy-junction-merge.md;tools/audit_cleanup_candidates.py;tools/cleanup_wave2_bench.py	match:exact+glob-wide
docs/PREREG_cover_and_jn_weight_2026-09-21.md	tracked	7677	2026-09-21	PROTECTED	-		2	docs/COVER_AND_JN_DEFINITION_2026-09-21.md;docs/NEGATIVE_RESULTS_REGISTER.md	§6i6,§6q8,§6q9b	bench/cover_and_jn_definition.py;docs/superpowers/plans/2026-09-15-fuzzy-junction-merge.md;tools/audit_cleanup_candidates.py;tools/cleanup_wave2_bench.py	match:exact+glob-wide
docs/PREREG_cross_family_overlap_default_2026-09-08.md	tracked	2419	2026-09-08	PROTECTED	-		1	docs/o1_ledger.md	§6gn,§6i6,§6q8,§6q9b	docs/superpowers/plans/2026-09-15-fuzzy-junction-merge.md;tools/audit_cleanup_candidates.py;tools/cleanup_wave2_bench.py	match:exact+glob-wide
docs/PREREG_crossspecies_junctions_2026-09-07.md	tracked	2568	2026-09-07	PROTECTED	-		1	docs/o1_ledger.md	§6gc,§6i6,§6q8,§6q9b	docs/superpowers/plans/2026-09-15-fuzzy-junction-merge.md;tools/audit_cleanup_candidates.py;tools/cleanup_wave2_bench.py	match:exact+glob-wide
docs/PREREG_d3_molecule_observation_2026-09-05.md	tracked	1830	2026-09-05	PROTECTED	-		1	docs/o1_ledger.md	§6ez,§6i6,§6q8,§6q9b	docs/superpowers/plans/2026-09-15-fuzzy-junction-merge.md;tools/audit_cleanup_candidates.py;tools/cleanup_wave2_bench.py	match:exact+glob-wide
docs/PREREG_depth_adaptive_k_2026-09-22.md	tracked	8547	2026-09-22	PROTECTED	-		3	docs/NEGATIVE_RESULTS_REGISTER.md;memory:project_locus_formation_gap.md;src/rustle/vg_family/denovo_assemble.rs	§6i6,§6q8,§6q9b	docs/superpowers/plans/2026-09-15-fuzzy-junction-merge.md;tools/audit_cleanup_candidates.py;tools/cleanup_wave2_bench.py	match:exact+glob-wide
docs/PREREG_excision_2026-09-05.md	tracked	2181	2026-09-05	PROTECTED	-		3	docs/ADVISOR_QUESTIONS.md;docs/PREREG_excision_extension_2026-09-15.md;docs/o1_ledger.md	§6ff,§6i6,§6kv,§6q8,§6q9b	docs/superpowers/plans/2026-09-15-fuzzy-junction-merge.md;tools/audit_cleanup_candidates.py;tools/cleanup_wave2_bench.py	match:exact+glob-wide
docs/PREREG_excision_extension_2026-09-15.md	tracked	4290	2026-09-15	PROTECTED	-		1	docs/o1_ledger.md	§6i6,§6kv,§6q8,§6q9b	docs/superpowers/plans/2026-09-15-fuzzy-junction-merge.md;tools/audit_cleanup_candidates.py;tools/cleanup_wave2_bench.py	match:exact+glob-wide
docs/PREREG_excision_odi_2026-09-09.md	tracked	1887	2026-09-09	PROTECTED	-		1	docs/o1_ledger.md	§6hc,§6i6,§6q8,§6q9b	docs/superpowers/plans/2026-09-15-fuzzy-junction-merge.md;tools/audit_cleanup_candidates.py;tools/cleanup_wave2_bench.py	match:exact+glob-wide
docs/PREREG_excision_sweep_2026-09-09.md	tracked	4150	2026-09-09	PROTECTED	-		0		§6i6,§6q8,§6q9b	docs/superpowers/plans/2026-09-15-fuzzy-junction-merge.md;tools/audit_cleanup_candidates.py;tools/cleanup_wave2_bench.py	match:glob-wide
docs/PREREG_exon_sum_width_bias_2026-09-09.md	tracked	8461	2026-09-09	PROTECTED	-		0		§6i6,§6q8,§6q9b	docs/superpowers/plans/2026-09-15-fuzzy-junction-merge.md;tools/audit_cleanup_candidates.py;tools/cleanup_wave2_bench.py	match:glob-wide
docs/PREREG_false_negative_rules_2026-09-21.md	tracked	3044	2026-09-21	PROTECTED	-		2	docs/FALSE_NEGATIVE_RULES_RESULT_2026-09-21.md;docs/NEGATIVE_RESULTS_REGISTER.md	§6i6,§6q8,§6q9b	bench/fn_merge_rules.py;docs/superpowers/plans/2026-09-15-fuzzy-junction-merge.md;tools/audit_cleanup_candidates.py;tools/cleanup_wave2_bench.py	match:exact+glob-wide
docs/PREREG_five_prime_deficit_2026-09-21.md	tracked	10557	2026-09-22	PROTECTED	-		2	docs/NEGATIVE_RESULTS_REGISTER.md;memory:project_locus_formation_gap.md	§6i6,§6q8,§6q9b	bench/five_prime_deficit.py;docs/superpowers/plans/2026-09-15-fuzzy-junction-merge.md;tools/audit_cleanup_candidates.py;tools/cleanup_wave2_bench.py	match:exact+glob-wide
docs/PREREG_fold_within_clusters_2026-09-05.md	tracked	1611	2026-09-05	PROTECTED	-		1	docs/o1_ledger.md	§6ey,§6i6,§6q8,§6q9b	docs/superpowers/plans/2026-09-15-fuzzy-junction-merge.md;tools/audit_cleanup_candidates.py;tools/cleanup_wave2_bench.py	match:exact+glob-wide
docs/PREREG_full_protein_homology_2026-09-22.md	tracked	7549	2026-09-22	PROTECTED	-		1	docs/NEGATIVE_RESULTS_REGISTER.md	§6i6,§6q8,§6q9b	docs/superpowers/plans/2026-09-15-fuzzy-junction-merge.md;tools/audit_cleanup_candidates.py;tools/cleanup_wave2_bench.py	match:exact+glob-wide
docs/PREREG_g3_thresholds_2026-09-05.md	tracked	1828	2026-09-05	PROTECTED	-		1	docs/o1_ledger.md	§6ez,§6i6,§6q8,§6q9b	docs/superpowers/plans/2026-09-15-fuzzy-junction-merge.md;tools/audit_cleanup_candidates.py;tools/cleanup_wave2_bench.py	match:exact+glob-wide
docs/PREREG_genomic_read_star_2026-09-05.md	tracked	1803	2026-09-05	PROTECTED	-		1	docs/o1_ledger.md	§6fd,§6i6,§6q8,§6q9b	docs/superpowers/plans/2026-09-15-fuzzy-junction-merge.md;tools/audit_cleanup_candidates.py;tools/cleanup_wave2_bench.py	match:exact+glob-wide
docs/PREREG_gtf_copy_set_2026-09-09.md	tracked	4369	2026-09-09	PROTECTED	-		0		§6i6,§6q8,§6q9b	docs/superpowers/plans/2026-09-15-fuzzy-junction-merge.md;tools/audit_cleanup_candidates.py;tools/cleanup_wave2_bench.py	match:glob-wide
docs/PREREG_guarded_containment_admission_2026-09-22.md	tracked	6452	2026-09-22	PROTECTED	-		2	docs/NEGATIVE_RESULTS_REGISTER.md;docs/NODE_DEFINITION_2026-09-22.md	§6i6,§6q8,§6q9b	docs/superpowers/plans/2026-09-15-fuzzy-junction-merge.md;tools/audit_cleanup_candidates.py;tools/cleanup_wave2_bench.py	match:exact+glob-wide+suffix
docs/PREREG_hard_locus_bakeoff_2026-09-09.md	tracked	5793	2026-09-09	PROTECTED	-		0		§6i6,§6q8,§6q9b	docs/superpowers/plans/2026-09-15-fuzzy-junction-merge.md;tools/audit_cleanup_candidates.py;tools/cleanup_wave2_bench.py	match:glob-wide
docs/PREREG_heldout_families_2026-09-20.md	tracked	11147	2026-09-20	PROTECTED	-		2	docs/HELDOUT_FAMILIES_RESULT_2026-09-20.md;memory:project_cleanup_audit.md	§6i6,§6q8,§6q9b	bench/heldout_family_score.py;docs/superpowers/plans/2026-09-15-fuzzy-junction-merge.md;tools/audit_cleanup_candidates.py;tools/cleanup_wave2_bench.py	match:exact+glob-wide
docs/PREREG_holdout_mcl58_2026-09-09.md	tracked	3420	2026-09-09	PROTECTED	-		0		§6i6,§6q8,§6q9b	docs/superpowers/plans/2026-09-15-fuzzy-junction-merge.md;tools/audit_cleanup_candidates.py;tools/cleanup_wave2_bench.py	match:glob-wide
docs/PREREG_ideal_chromosome_sim_2026-09-21.md	tracked	4048	2026-09-21	PROTECTED	-		2	docs/IDEAL_CHROMOSOME_SIM_2026-09-21.md;docs/NEGATIVE_RESULTS_REGISTER.md	§6i6,§6q8,§6q9b	bench/ideal_chromosome_sim.py;docs/superpowers/plans/2026-09-15-fuzzy-junction-merge.md;tools/audit_cleanup_candidates.py;tools/cleanup_wave2_bench.py	match:exact+glob-wide
docs/PREREG_identity_weighted_density_2026-09-10.md	tracked	6729	2026-09-10	PROTECTED	-		0		§6i6,§6q8,§6q9b	docs/superpowers/plans/2026-09-15-fuzzy-junction-merge.md;tools/audit_cleanup_candidates.py;tools/cleanup_wave2_bench.py	match:glob-wide
docs/PREREG_indel_psv_2026-09-09.md	tracked	7939	2026-09-09	PROTECTED	-		0		§6i6,§6q8,§6q9b	docs/superpowers/plans/2026-09-15-fuzzy-junction-merge.md;tools/audit_cleanup_candidates.py;tools/cleanup_wave2_bench.py	match:glob-wide
docs/PREREG_intron_placeholder_2026-09-20.md	tracked	4216	2026-09-20	PROTECTED	-		1	docs/INTRON_PLACEHOLDER_RESULT_2026-09-20.md	§6i6,§6q8,§6q9b	bench/intron_placeholder_edges.py;docs/superpowers/plans/2026-09-15-fuzzy-junction-merge.md;tools/audit_cleanup_candidates.py;tools/cleanup_wave2_bench.py	match:exact+glob-wide
docs/PREREG_isoform_bakeoff_2026-09-09.md	tracked	4665	2026-09-09	PROTECTED	-		0		§6i6,§6q8,§6q9b	docs/superpowers/plans/2026-09-15-fuzzy-junction-merge.md;tools/audit_cleanup_candidates.py;tools/cleanup_wave2_bench.py	match:glob-wide
docs/PREREG_isoform_fraction_2026-09-09.md	tracked	7458	2026-09-10	PROTECTED	-		0		§6i6,§6q8,§6q9b	docs/superpowers/plans/2026-09-15-fuzzy-junction-merge.md;tools/audit_cleanup_candidates.py;tools/cleanup_wave2_bench.py	match:glob-wide
docs/PREREG_isoform_phantoms_2026-09-09.md	tracked	4024	2026-09-09	PROTECTED	-		0		§6i6,§6q8,§6q9b	docs/superpowers/plans/2026-09-15-fuzzy-junction-merge.md;tools/audit_cleanup_candidates.py;tools/cleanup_wave2_bench.py	match:glob-wide
docs/PREREG_isoform_pool_2026-09-09.md	tracked	4536	2026-09-09	PROTECTED	-		0		§6i6,§6q8,§6q9b	docs/superpowers/plans/2026-09-15-fuzzy-junction-merge.md;tools/audit_cleanup_candidates.py;tools/cleanup_wave2_bench.py	match:glob-wide
docs/PREREG_jaccard_sweep_2026-09-20.md	tracked	3157	2026-09-20	PROTECTED	-		2	docs/JACCARD_SWEEP_RESULT_2026-09-20.md;docs/NEGATIVE_RESULTS_REGISTER.md	§6i6,§6q8,§6q9b	bench/jaccard_plus_exon.py;bench/jaccard_sweep_families.py;docs/superpowers/plans/2026-09-15-fuzzy-junction-merge.md;tools/audit_cleanup_candidates.py	match:exact+glob-wide
docs/PREREG_junction_family_2026-09-20.md	tracked	4133	2026-09-20	PROTECTED	-		1	docs/JUNCTION_FAMILY_RESULT_2026-09-20.md	§6i6,§6q8,§6q9b	bench/junction_family_edges.py;docs/superpowers/plans/2026-09-15-fuzzy-junction-merge.md;tools/audit_cleanup_candidates.py;tools/cleanup_wave2_bench.py	match:exact+glob-wide
docs/PREREG_junction_fuzz_2026-09-15.md	tracked	3880	2026-09-16	PROTECTED	-		3	docs/NEGATIVE_RESULTS_REGISTER.md;src/bin/copy_assign.rs;src/rustle/vg_family/denovo_assemble.rs	§6i6,§6q8,§6q9b	bench/CHR20_ASSEMBLER_COMPARISON.md;bench/measure_junction_jitter.py;docs/superpowers/plans/2026-09-15-fuzzy-junction-merge.md;docs/superpowers/specs/2026-09-15-fuzzy-junction-merge-design.md	match:exact+glob-wide
docs/PREREG_known_subclusters_2026-09-09.md	tracked	4244	2026-09-16	PROTECTED	-		1	docs/o1_ledger.md	§6gw,§6i6,§6q8,§6q9b	bench/TBC1D3_GUITART_TRUTH_CORRECTION.md;docs/superpowers/plans/2026-09-15-fuzzy-junction-merge.md;tools/audit_cleanup_candidates.py;tools/cleanup_wave2_bench.py	match:exact+glob-wide
docs/PREREG_locus_assembly_2026-09-18.md	tracked	3668	2026-09-18	PROTECTED	-		3	docs/NEGATIVE_RESULTS_REGISTER.md;docs/o1_ledger.md;memory:project_locus_assembly_npip.md	§6i6,§6m5,§6q8,§6q9b	bench/LOCUS_ASSEMBLY_NPIP.md;docs/superpowers/plans/2026-09-15-fuzzy-junction-merge.md;tools/audit_cleanup_candidates.py;tools/cleanup_wave2_bench.py	match:exact+glob-wide
docs/PREREG_locus_growth_extent_2026-09-10.md	tracked	8608	2026-09-10	PROTECTED	-		2	docs/o1_ledger.md;src/rustle/vg_family/denovo_pipeline.rs	§6i6,§6i9,§6q8,§6q9b	docs/superpowers/plans/2026-09-15-fuzzy-junction-merge.md;tools/audit_cleanup_candidates.py;tools/cleanup_wave2_bench.py	match:exact+glob-wide
docs/PREREG_loose_end_L3_2026-09-05.md	tracked	1683	2026-09-06	PROTECTED	-		1	docs/o1_ledger.md	§6fh,§6fi,§6i6,§6q8,§6q9b	docs/superpowers/plans/2026-09-15-fuzzy-junction-merge.md;tools/audit_cleanup_candidates.py;tools/cleanup_wave2_bench.py	match:exact+glob-wide
docs/PREREG_loose_ends_L1_L2_2026-09-05.md	tracked	3245	2026-09-06	PROTECTED	-		1	docs/o1_ledger.md	§6fh,§6i6,§6q8,§6q9b	bench/o2_l1l2_score.py;docs/superpowers/plans/2026-09-15-fuzzy-junction-merge.md;tools/audit_cleanup_candidates.py;tools/cleanup_wave2_bench.py	match:exact+glob-wide
docs/PREREG_minimap_readthrough_arms_2026-09-07.md	tracked	2706	2026-09-08	PROTECTED	-		1	docs/o1_ledger.md	§6gd,§6i6,§6q8,§6q9b	docs/superpowers/plans/2026-09-15-fuzzy-junction-merge.md;tools/audit_cleanup_candidates.py;tools/cleanup_wave2_bench.py	match:exact+glob-wide
docs/PREREG_modality_2026-09-09.md	tracked	3871	2026-09-09	PROTECTED	-		0		§6i6,§6q8,§6q9b	docs/superpowers/plans/2026-09-15-fuzzy-junction-merge.md;tools/audit_cleanup_candidates.py;tools/cleanup_wave2_bench.py	match:glob-wide
docs/PREREG_multilabel_locus_resolver_2026-09-21.md	tracked	7120	2026-09-21	PROTECTED	-		1	docs/NEGATIVE_RESULTS_REGISTER.md	§6i6,§6q8,§6q9b	bench/multilabel_resolver.py;docs/superpowers/plans/2026-09-15-fuzzy-junction-merge.md;tools/audit_cleanup_candidates.py;tools/cleanup_wave2_bench.py	match:exact+glob-wide
docs/PREREG_neighbourhood_jaccard_2026-09-21.md	tracked	3655	2026-09-21	PROTECTED	-		2	docs/NEGATIVE_RESULTS_REGISTER.md;docs/NEIGHBOURHOOD_JACCARD_RESULT_2026-09-21.md	§6i6,§6q8,§6q9b	bench/neighbourhood_jaccard.py;docs/superpowers/plans/2026-09-15-fuzzy-junction-merge.md;tools/audit_cleanup_candidates.py;tools/cleanup_wave2_bench.py	match:exact+glob-wide
docs/PREREG_node_cut_2026-09-18.md	tracked	6403	2026-09-18	PROTECTED	-		3	docs/NEGATIVE_RESULTS_REGISTER.md;docs/o1_ledger.md;memory:project_node_cut_rule.md	§6i6,§6m3,§6q8,§6q9b	bench/NODE_CUT_RULE.md;docs/superpowers/plans/2026-09-15-fuzzy-junction-merge.md;tools/audit_cleanup_candidates.py;tools/cleanup_wave2_bench.py	match:exact+glob-wide
docs/PREREG_node_split_2026-09-21.md	tracked	11226	2026-09-21	PROTECTED	-		1	docs/NEGATIVE_RESULTS_REGISTER.md	§6i6,§6q8,§6q9b	bench/node_split_triggers.py;docs/superpowers/plans/2026-09-15-fuzzy-junction-merge.md;tools/audit_cleanup_candidates.py;tools/cleanup_wave2_bench.py	match:exact+glob-wide
docs/PREREG_npip_all_members_2026-09-06.md	tracked	3720	2026-09-07	PROTECTED	-		1	docs/o1_ledger.md	§6ft,§6i6,§6q8,§6q9b	docs/superpowers/plans/2026-09-15-fuzzy-junction-merge.md;tools/audit_cleanup_candidates.py;tools/cleanup_wave2_bench.py	match:exact+glob-wide
docs/PREREG_npip_human_2026-09-07.md	tracked	2989	2026-09-07	PROTECTED	-		1	docs/o1_ledger.md	§6fv,§6i6,§6q8,§6q9b	docs/superpowers/plans/2026-09-15-fuzzy-junction-merge.md;tools/audit_cleanup_candidates.py;tools/cleanup_wave2_bench.py	match:exact+glob-wide
docs/PREREG_npip_known_origin_2026-09-06.md	tracked	6170	2026-09-06	PROTECTED	-		1	docs/o1_ledger.md	§6fp,§6i6,§6q8,§6q9b	bench/npip_sim.py;docs/superpowers/plans/2026-09-15-fuzzy-junction-merge.md;tools/audit_cleanup_candidates.py;tools/cleanup_wave2_bench.py	match:exact+glob-wide
docs/PREREG_npip_sim_2026-09-18.md	tracked	3903	2026-09-18	PROTECTED	-		2	docs/o1_ledger.md;memory:project_npip_sim_ceiling.md	§6i6,§6n0,§6q8,§6q9b	bench/NPIP_SIM_CEILING.md;docs/superpowers/plans/2026-09-15-fuzzy-junction-merge.md;tools/audit_cleanup_candidates.py;tools/cleanup_wave2_bench.py	match:exact+glob-wide
docs/PREREG_o3_flag_pass_2026-09-06.md	tracked	3867	2026-09-06	PROTECTED	-		3	docs/O1_O2_LOOSE_ENDS.md;docs/PREREG_excision_extension_2026-09-15.md;docs/o1_ledger.md	§6fl,§6i6,§6q8,§6q9b	docs/superpowers/plans/2026-09-15-fuzzy-junction-merge.md;tools/audit_cleanup_candidates.py;tools/cleanup_wave2_bench.py	match:exact+glob-wide
docs/PREREG_o3_reconstruction_2026-09-06.md	tracked	1696	2026-09-06	PROTECTED	-		1	docs/o1_ledger.md	§6fn,§6i6,§6q8,§6q9b	bench/o3_reconstruct.py;docs/superpowers/plans/2026-09-15-fuzzy-junction-merge.md;tools/audit_cleanup_candidates.py;tools/cleanup_wave2_bench.py	match:exact+glob-wide
docs/PREREG_operator_heldout_2026-09-20.md	tracked	3302	2026-09-20	PROTECTED	-		1	docs/OPERATOR_BAKEOFF_HELDOUT_2026-09-20.md	§6i6,§6q8,§6q9b	bench/operator_bakeoff_heldout.py;docs/superpowers/plans/2026-09-15-fuzzy-junction-merge.md;tools/audit_cleanup_candidates.py;tools/cleanup_wave2_bench.py	match:exact+glob-wide
docs/PREREG_origin_drop_indels_2026-09-09.md	tracked	14989	2026-09-09	PROTECTED	-		1	docs/o1_ledger.md	§6hc,§6i6,§6q8,§6q9b	docs/superpowers/plans/2026-09-15-fuzzy-junction-merge.md;tools/audit_cleanup_candidates.py;tools/cleanup_wave2_bench.py	match:exact+glob-wide
docs/PREREG_overmerge_ceiling_2026-09-22.md	tracked	5595	2026-09-22	PROTECTED	-		2	docs/NEGATIVE_RESULTS_REGISTER.md;docs/NODE_DEFINITION_2026-09-22.md	§6i6,§6q8,§6q9b	docs/superpowers/plans/2026-09-15-fuzzy-junction-merge.md;tools/audit_cleanup_candidates.py;tools/cleanup_wave2_bench.py	match:exact+glob-wide+suffix
docs/PREREG_protein_edges_2026-09-20.md	tracked	4130	2026-09-20	PROTECTED	-		4	docs/NEGATIVE_RESULTS_REGISTER.md;docs/PREREG_protein_false_merge_2026-09-22.md;docs/PROTEIN_EDGES_RESULT_2026-09-20.md;memory:project_cleanup_audit.md	§6i6,§6q8,§6q9b	bench/protein_edge_gap.py;docs/superpowers/plans/2026-09-15-fuzzy-junction-merge.md;tools/audit_cleanup_candidates.py;tools/cleanup_wave2_bench.py	match:exact+glob-wide+suffix
docs/PREREG_protein_false_merge_2026-09-22.md	tracked	8903	2026-09-22	PROTECTED	-		1	docs/NEGATIVE_RESULTS_REGISTER.md	§6i6,§6q8,§6q9b	bench/edge_probes.py;docs/superpowers/plans/2026-09-15-fuzzy-junction-merge.md;tools/audit_cleanup_candidates.py;tools/cleanup_wave2_bench.py	match:exact+glob-wide
docs/PREREG_protein_sensitive_mode_2026-09-22.md	tracked	8098	2026-09-22	PROTECTED	-		1	docs/NEGATIVE_RESULTS_REGISTER.md	§6i6,§6q8,§6q9b	bench/edge_probes.py;docs/superpowers/plans/2026-09-15-fuzzy-junction-merge.md;tools/audit_cleanup_candidates.py;tools/cleanup_wave2_bench.py	match:exact+glob-wide
docs/PREREG_q9_npipAB_2026-09-05.md	tracked	1486	2026-09-05	PROTECTED	-		1	docs/o1_ledger.md	§6ew,§6i6,§6q8,§6q9b	docs/superpowers/plans/2026-09-15-fuzzy-junction-merge.md;tools/audit_cleanup_candidates.py;tools/cleanup_wave2_bench.py	match:exact+glob-wide
docs/PREREG_read_bridged_node_merge_2026-09-21.md	tracked	6277	2026-09-21	PROTECTED	-		2	docs/NEGATIVE_RESULTS_REGISTER.md;docs/NODE_CONSTRUCTION_OVERMERGE_2026-09-21.md	§6i6,§6q8,§6q9b	bench/read_bridged_merge.py;docs/superpowers/plans/2026-09-15-fuzzy-junction-merge.md;tools/audit_cleanup_candidates.py;tools/cleanup_wave2_bench.py	match:exact+glob-wide
docs/PREREG_read_junctions_2026-09-21.md	tracked	3151	2026-09-21	PROTECTED	-		1	docs/READ_JUNCTIONS_RESULT_2026-09-21.md	§6i6,§6q8,§6q9b	docs/superpowers/plans/2026-09-15-fuzzy-junction-merge.md;tools/audit_cleanup_candidates.py;tools/cleanup_wave2_bench.py	match:exact+glob-wide
docs/PREREG_readthrough_object_2026-09-07.md	tracked	3199	2026-09-07	PROTECTED	-		1	docs/o1_ledger.md	§6fw,§6i6,§6q8,§6q9b	docs/superpowers/plans/2026-09-15-fuzzy-junction-merge.md;tools/audit_cleanup_candidates.py;tools/cleanup_wave2_bench.py	match:exact+glob-wide
docs/PREREG_rna_corroboration_2026-09-04.md	tracked	4551	2026-09-04	PROTECTED	-		1	docs/o1_ledger.md	§6dv,§6i6,§6q8,§6q9b	docs/superpowers/plans/2026-09-15-fuzzy-junction-merge.md;tools/audit_cleanup_candidates.py;tools/cleanup_wave2_bench.py	match:exact+glob-wide
docs/PREREG_roster_admission_2026-09-05.md	tracked	1537	2026-09-05	PROTECTED	-		1	docs/o1_ledger.md	§6fc,§6i6,§6q8,§6q9b	docs/superpowers/plans/2026-09-15-fuzzy-junction-merge.md;tools/audit_cleanup_candidates.py;tools/cleanup_wave2_bench.py	match:exact+glob-wide
docs/PREREG_sedef_core_refine_2026-09-22.md	tracked	10231	2026-09-22	PROTECTED	-		1	docs/NEGATIVE_RESULTS_REGISTER.md	§6i6,§6q8,§6q9b	docs/superpowers/plans/2026-09-15-fuzzy-junction-merge.md;tools/audit_cleanup_candidates.py;tools/cleanup_wave2_bench.py	match:exact+glob-wide
docs/PREREG_semiguided_npip_2026-09-22.md	tracked	7611	2026-09-22	PROTECTED	-		2	docs/NEGATIVE_RESULTS_REGISTER.md;memory:project_family_definition_goal.md	§6i6,§6q8,§6q9b	docs/superpowers/plans/2026-09-15-fuzzy-junction-merge.md;tools/audit_cleanup_candidates.py;tools/cleanup_wave2_bench.py	match:exact+glob-wide
docs/PREREG_single_exon_admission_2026-09-22.md	tracked	7586	2026-09-22	PROTECTED	-		1	docs/NEGATIVE_RESULTS_REGISTER.md	§6i6,§6q8,§6q9b	docs/superpowers/plans/2026-09-15-fuzzy-junction-merge.md;tools/audit_cleanup_candidates.py;tools/cleanup_wave2_bench.py	match:exact+glob-wide
docs/PREREG_size_reference_2026-09-07.md	tracked	2514	2026-09-07	PROTECTED	-		1	docs/o1_ledger.md	§6ga,§6i6,§6q8,§6q9b	docs/superpowers/plans/2026-09-15-fuzzy-junction-merge.md;tools/audit_cleanup_candidates.py;tools/cleanup_wave2_bench.py	match:exact+glob-wide
docs/PREREG_soto_two_definitions_2026-09-05.md	tracked	1843	2026-09-05	PROTECTED	-		2	docs/O1_DEFINITION_SWITCH.md;docs/o1_ledger.md	§6ev,§6i6,§6q8,§6q9b	docs/superpowers/plans/2026-09-15-fuzzy-junction-merge.md;tools/audit_cleanup_candidates.py;tools/cleanup_wave2_bench.py	match:exact+glob-wide
docs/PREREG_spliced_guided_mode_2026-09-22.md	tracked	6134	2026-09-22	PROTECTED	-		1	docs/NEGATIVE_RESULTS_REGISTER.md	§6i6,§6q8,§6q9b	docs/superpowers/plans/2026-09-15-fuzzy-junction-merge.md;tools/audit_cleanup_candidates.py;tools/cleanup_wave2_bench.py	match:exact+glob-wide
docs/PREREG_split_graph_admission_2026-09-22.md	tracked	10828	2026-09-22	PROTECTED	-		2	docs/NEGATIVE_RESULTS_REGISTER.md;docs/NODE_DEFINITION_2026-09-22.md	§6i6,§6q8,§6q9b	docs/superpowers/plans/2026-09-15-fuzzy-junction-merge.md;tools/audit_cleanup_candidates.py;tools/cleanup_wave2_bench.py	match:exact+glob-wide+suffix
docs/PREREG_tie_partner_candidates_2026-09-09.md	tracked	2544	2026-09-09	PROTECTED	-		0		§6i6,§6q8,§6q9b	docs/superpowers/plans/2026-09-15-fuzzy-junction-merge.md;tools/audit_cleanup_candidates.py;tools/cleanup_wave2_bench.py	match:glob-wide
docs/PREREG_tool_bakeoff_2026-09-08.md	tracked	6132	2026-09-08	PROTECTED	-		1	docs/o1_ledger.md	§6gt,§6i6,§6q8,§6q9b	bench/tool_bakeoff.py;docs/superpowers/plans/2026-09-15-fuzzy-junction-merge.md;tools/audit_cleanup_candidates.py;tools/cleanup_wave2_bench.py	match:exact+glob-wide
docs/PREREG_trie_edge_construction_2026-09-22.md	tracked	6428	2026-09-22	PROTECTED	-		1	docs/NEGATIVE_RESULTS_REGISTER.md	§6i6,§6q8,§6q9b	bench/edge_probes.py;docs/superpowers/plans/2026-09-15-fuzzy-junction-merge.md;tools/audit_cleanup_candidates.py;tools/cleanup_wave2_bench.py	match:exact+glob-wide
docs/PREREG_union_truth_npip_2026-09-22.md	tracked	9232	2026-09-22	PROTECTED	-		2	docs/MEMORY_DIGEST.md;docs/NEGATIVE_RESULTS_REGISTER.md	§6i6,§6q8,§6q9b	bench/union_truth_npip.py;docs/superpowers/plans/2026-09-15-fuzzy-junction-merge.md;tools/audit_cleanup_candidates.py;tools/cleanup_wave2_bench.py	match:exact+glob-wide
docs/PREREG_vg_containment_2026-09-20.md	tracked	3922	2026-09-20	PROTECTED	-		3	docs/NEGATIVE_RESULTS_REGISTER.md;docs/PREREG_colinearity_conjunct_2026-09-21.md;docs/VG_CONTAINMENT_RESULT_2026-09-20.md	§6i6,§6q8,§6q9b	bench/vg_multiplicity_containment.py;docs/superpowers/plans/2026-09-15-fuzzy-junction-merge.md;tools/audit_cleanup_candidates.py;tools/cleanup_wave2_bench.py	match:exact+glob-wide
docs/PREREG_worst2_2026-09-05.md	tracked	3361	2026-09-05	PROTECTED	-		0		§6i6,§6q8,§6q9b	docs/superpowers/plans/2026-09-15-fuzzy-junction-merge.md;tools/audit_cleanup_candidates.py;tools/cleanup_wave2_bench.py	match:glob-wide
docs/PREREG_yags_daz_2026-09-07.md	tracked	4418	2026-09-07	PROTECTED	-		1	docs/o1_ledger.md	§6fx,§6i6,§6q8,§6q9b	docs/superpowers/plans/2026-09-15-fuzzy-junction-merge.md;tools/audit_cleanup_candidates.py;tools/cleanup_wave2_bench.py	match:exact+glob-wide
docs/o1_ledger.md	tracked	1845083	2026-09-20	PROTECTED	-		40	README.md;docs/ACTIVE_WORKING_SET.md;docs/ADVISOR_QUESTIONS.md;docs/DATA.md		REPRODUCE.md;bench/ASSEMBLY_POLISH.md;bench/COPY_ASSIGNMENT_AND_GATE.md;bench/DENOVO_PIPELINE.md	named-beside-stale-language-by:docs/NUMBERS.md;match:exact+glob-wide+suffix
src/bin/asj.rs	tracked	5820	2026-06-19	PROTECTED	-		6	Cargo.toml;docs/ACTIVE_WORKING_SET.md;docs/MODULE_STATUS.md;docs/NEGATIVE_RESULTS_REGISTER.md	§6i9	bench/VALIDATION_AND_STATUS.md	asj-objective-dropped;match:dir+exact+glob-wide+suffix
src/bin/asj_verify.rs	tracked	4680	2026-06-19	PROTECTED	-		5	Cargo.toml;docs/ACTIVE_WORKING_SET.md;docs/MODULE_STATUS.md;docs/NEGATIVE_RESULTS_REGISTER.md	§6i9	AGENT_HANDOFF.md	asj-objective-dropped;match:dir+exact+glob-wide+suffix
src/bin/bam_header.rs	tracked	1911	2026-05-01	PROTECTED	-		3	Cargo.toml;docs/ACTIVE_WORKING_SET.md;docs/MODULE_STATUS.md	§6i9		match:dir+exact+glob-wide
src/bin/copy_assign.rs	tracked	397306	2026-09-21	PROTECTED	-		18	Cargo.toml;docs/ACTIVE_WORKING_SET.md;docs/MODULE_STATUS.md;docs/RETIREMENT_AND_MIGRATION.md	§6p,⚠ 3. CORRECTIONS TO THE R,⚠ THE USER'S LITERAL CASE,⚠⚠ FOUR ERRORS OF MINE, C,⛔ First, what is already ,⭐ WHAT DOES POOL ACROSS C	AGENT_HANDOFF.md;bench/CHR20_ASSEMBLER_COMPARISON.md;bench/COPY_ASSIGNMENT_AND_GATE.md;bench/PANELS_AND_NOTES.md	named-beside-stale-language-by:docs/OBJECTIVES_AND_VERIFICATION.md;match:basename-ambiguous+dir+exact+glob-wide+suffix
src/bin/debug_poa.rs	tracked	2884	2026-05-01	PROTECTED	-		3	Cargo.toml;docs/ACTIVE_WORKING_SET.md;docs/MODULE_STATUS.md	§6i9		match:dir+exact+glob-wide
src/bin/family_define.rs	tracked	7561	2026-08-14	PROTECTED	-		7	Cargo.toml;docs/ACTIVE_WORKING_SET.md;docs/MODULE_STATUS.md;docs/NEGATIVE_RESULTS_REGISTER.md	§6i9	AGENT_HANDOFF.md	match:dir+exact+glob-wide+suffix
src/bin/family_score.rs	tracked	16494	2026-09-22	PROTECTED	-		4	Cargo.toml;docs/ACTIVE_WORKING_SET.md;docs/MODULE_STATUS.md;docs/NEGATIVE_RESULTS_REGISTER.md	§6i9		match:dir+exact+glob-wide
src/bin/filter_bam_by_as.rs	tracked	7415	2026-05-01	PROTECTED	-		3	Cargo.toml;docs/ACTIVE_WORKING_SET.md;docs/MODULE_STATUS.md	§6i9		match:dir+exact+glob-wide
src/bin/gamma_refine.rs	tracked	3332	2026-09-01	PROTECTED	-		4	Cargo.toml;docs/ACTIVE_WORKING_SET.md;docs/MODULE_STATUS.md;docs/o1_ledger.md	§6bo,§6i9,§6j1	docs/archive/O1_PRECISION_LEVERS.md	match:dir+exact+glob-wide+suffix
src/bin/gff_to_gtf.rs	tracked	4208	2026-09-20	PROTECTED	-		3	Cargo.toml;docs/ACTIVE_WORKING_SET.md;docs/MODULE_STATUS.md	§6i9		match:dir+exact+glob-wide
src/bin/gw_family_catalog.rs	tracked	68631	2026-09-13	PROTECTED	-		28	Cargo.toml;docs/ACTIVE_WORKING_SET.md;docs/MODULE_STATUS.md;docs/NEGATIVE_RESULTS_REGISTER.md	OTHER VERIFIED FACTS WORT,§6dr,§6i9,§6j5	bench/COPY_ASSIGNMENT_AND_GATE.md;bench/DENOVO_PIPELINE.md	match:dir+exact+glob-wide+suffix
src/bin/index_bam.rs	tracked	3159	2026-05-11	PROTECTED	-		3	Cargo.toml;docs/ACTIVE_WORKING_SET.md;docs/MODULE_STATUS.md	§6i9		match:dir+exact+glob-wide
src/bin/locus_bed.rs	tracked	8300	2026-09-20	PROTECTED	-		3	Cargo.toml;docs/ACTIVE_WORKING_SET.md;docs/MODULE_STATUS.md	§6i9		match:dir+exact+glob-wide
src/bin/mcl_families.rs	tracked	104576	2026-09-22	PROTECTED	-		11	Cargo.toml;docs/ACTIVE_WORKING_SET.md;docs/ADVISOR_QUESTIONS.md;docs/MODULE_STATUS.md	§6fu,§6i9,§6j1,§6ks,§6kt,§6l2		match:dir+exact+glob-wide+suffix
src/bin/mcl_refine.rs	tracked	2773	2026-09-11	PROTECTED	-		4	Cargo.toml;docs/ACTIVE_WORKING_SET.md;docs/MODULE_STATUS.md;docs/o1_ledger.md	§6i9,§6j1		match:dir+exact+glob-wide
src/bin/parcn.rs	tracked	14524	2026-07-15	PROTECTED	-		6	Cargo.toml;docs/ACTIVE_WORKING_SET.md;docs/MODULE_STATUS.md;memory:project_o1_fixed_o2_inheritance.md	§6i9		match:basename-ambiguous+dir+exact+glob-wide
src/bin/readthrough_filter.rs	tracked	13443	2026-09-20	PROTECTED	-		3	Cargo.toml;docs/ACTIVE_WORKING_SET.md;docs/MODULE_STATUS.md	§6i9		match:dir+exact+glob-wide
src/rustle/bam.rs	tracked	45314	2026-07-14	PROTECTED	-		4	docs/RETIREMENT_AND_MIGRATION.md;docs/o1_ledger.md;memory:project_denovo_vs_annotated_gap.md;memory:project_input_formats_and_ties.md	§6j2	AGENT_HANDOFF.md;bench/PERFORMANCE_AND_IO.md	match:dir-large+glob-wide+suffix
src/rustle/genome.rs	tracked	28442	2026-08-14	PROTECTED	-		8	docs/METHOD_PSEUDOCODE.md;docs/RETIREMENT_AND_MIGRATION.md;docs/o1_ledger.md;memory:project_mosaic_discriminator.md	MANDATORY IMPLEMENTATION ,⛔⛔ Q3 — THE PIPELINE DEST	AGENT_HANDOFF.md;bench/COPY_ASSIGNMENT_AND_GATE.md;docs/superpowers/plans/2026-09-10-o3-flag-pass-integration.md	match:dir-large+exact+glob-wide+suffix
src/rustle/lib.rs	tracked	1484	2026-09-20	PROTECTED	-		3	Cargo.toml;docs/RETIREMENT_AND_MIGRATION.md;memory:project_rust_migration_o1.md		AGENT_HANDOFF.md	named-beside-stale-language-by:docs/RETIREMENT_AND_MIGRATION.md;match:dir-large+exact+glob-wide+suffix
src/rustle/types.rs	tracked	44760	2026-09-20	PROTECTED	-		7	Cargo.toml;docs/NEGATIVE_RESULTS_REGISTER.md;docs/RETIREMENT_AND_MIGRATION.md;docs/copy_assignment_definition.md	§4e,§6j2,§6j3,⭐⭐⭐ The real finding: the	AGENT_HANDOFF.md;bench/DENOVO_PIPELINE.md	match:dir-large+exact+glob-wide+suffix
src/rustle/util/constants.rs	tracked	669	2026-07-13	PROTECTED	-		0				match:dir-large+glob-wide
src/rustle/util/mod.rs	tracked	234	2026-09-20	PROTECTED	-		0			docs/superpowers/plans/2026-09-16-gtf-refine-and-dedup-fix.md	match:basename-ambiguous+dir-large+glob-wide
src/rustle/vg_family/absent_copy.rs	tracked	36959	2026-09-04	PROTECTED	-		15	docs/MEMORY_DIGEST.md;docs/MODULE_STATUS.md;docs/O3_STATUS.md;docs/RETIREMENT_AND_MIGRATION.md	§6dr,⭐⭐ This STRENGTHENS the d	AGENT_HANDOFF.md;bench/DENOVO_PIPELINE.md;bench/FAMILY_DEF.md;bench/VALIDATION_AND_STATUS.md	match:dir-large+exact+glob-wide+suffix
src/rustle/vg_family/allele_specific_junctions.rs	tracked	27350	2026-09-10	PROTECTED	-		2	docs/MODULE_STATUS.md;docs/RETIREMENT_AND_MIGRATION.md		AGENT_HANDOFF.md;bench/ASJ.md;bench/DENOVO_PIPELINE.md;bench/FAMILY_DEF.md	asj-objective-dropped;match:dir-large+exact+glob-wide+suffix
src/rustle/vg_family/annotation_families.rs	tracked	92635	2026-09-22	PROTECTED	-		16	docs/ADVISOR_QUESTIONS.md;docs/MODULE_STATUS.md;docs/NEGATIVE_RESULTS_REGISTER.md;docs/NODE_GRAPH_ADMISSION_2026-09-21.md	§6fu,§6iz,§6j4,§6jd,§6ks,§6kt	AGENT_HANDOFF.md;bench/DENOVO_PIPELINE.md;bench/FAMILY_DEF.md;bench/NPIP_PER_MEMBER_WHOLECHR16.md	match:dir-large+exact+glob-wide+suffix
src/rustle/vg_family/bridge_detector.rs	tracked	49136	2026-09-04	PROTECTED	-		5	docs/MODULE_STATUS.md;docs/o1_ledger.md;memory:project_o1_to_o2_bridge.md;memory:project_perf_audit_mmi_parallel.md	THE MECHANISM — three def,§6dg	AGENT_HANDOFF.md;bench/DENOVO_PIPELINE.md;bench/FAMILY_DEF.md;bench/gen_bridge_detector_fixture.py	dead-path-refs:4/7;match:dir-large+glob-wide+suffix
src/rustle/vg_family/catalog_input.rs	tracked	34581	2026-09-15	PROTECTED	-		7	docs/MODULE_STATUS.md;docs/OBJECTIVES_AND_VERIFICATION.md;docs/ROADMAP_O1_O2.md;docs/copy_assignment_definition.md	§6ia,§6kx	AGENT_HANDOFF.md;bench/DENOVO_PIPELINE.md;bench/FAMILY_DEF.md;docs/superpowers/specs/2026-09-15-read-seeded-copy-discovery-design.md	named-beside-stale-language-by:docs/OBJECTIVES_AND_VERIFICATION.md;match:dir-large+exact+glob-wide+suffix
src/rustle/vg_family/collapse_enumerate.rs	tracked	24236	2026-09-04	PROTECTED	-		2	docs/MODULE_STATUS.md;memory:project_collapse_enumerate.md		AGENT_HANDOFF.md;bench/DENOVO_PIPELINE.md;bench/FAMILY_DEF.md	match:dir-large+exact+glob-wide+suffix
src/rustle/vg_family/collapse_gate.rs	tracked	11931	2026-09-04	PROTECTED	-		7	docs/MODULE_STATUS.md;docs/O3_STATUS.md;docs/RETIREMENT_AND_MIGRATION.md;memory:project_cleanup_audit.md		AGENT_HANDOFF.md;bench/DENOVO_PIPELINE.md;bench/FAMILY_DEF.md;tools/audit_cleanup_candidates.py	status-REFUTED-but-still-referenced-by:AGENT_HANDOFF.md;match:dir-large+glob-wide+rust-use+suffix
src/rustle/vg_family/copy_assign.rs	tracked	68129	2026-09-10	PROTECTED	-		5	docs/RETIREMENT_AND_MIGRATION.md;docs/copy_assignment_definition.md;docs/o1_ledger.md;memory:project_significance_gate.md	§6p,⚠ 3. CORRECTIONS TO THE R,⚠ THE USER'S LITERAL CASE,⚠⚠ FOUR ERRORS OF MINE, C,⛔ First, what is already ,⭐ WHAT DOES POOL ACROSS C	AGENT_HANDOFF.md;bench/CHR20_ASSEMBLER_COMPARISON.md;bench/COPY_ASSIGNMENT_AND_GATE.md;bench/DENOVO_PIPELINE.md	named-beside-stale-language-by:docs/OBJECTIVES_AND_VERIFICATION.md;match:basename-ambiguous+dir-large+exact+glob-wide+suffix
src/rustle/vg_family/copy_assign_pipeline.rs	tracked	227440	2026-09-22	PROTECTED	-		21	docs/MODULE_STATUS.md;docs/NEGATIVE_RESULTS_REGISTER.md;docs/O1_O2_COMPOSITION.md;docs/OPEN_ITEMS_2026-09-09.md	§6ai,§6gt,§6hw,§6i0,§6kx,§6l3	AGENT_HANDOFF.md;bench/COPY_ASSIGNMENT_AND_GATE.md;bench/DENOVO_PIPELINE.md;bench/FAMILY_DEF.md	match:dir-large+exact+glob-wide+suffix
src/rustle/vg_family/copy_discovery.rs	tracked	21783	2026-09-15	PROTECTED	-		4	docs/MODULE_STATUS.md;docs/o1_ledger.md;memory:project_read_seeded_copy_discovery.md;src/rustle/vg_family/denovo_assemble.rs	§6l6	AGENT_HANDOFF.md;bench/DENOVO_PIPELINE.md;bench/FAMILY_DEF.md;docs/superpowers/plans/2026-09-15-fuzzy-junction-merge.md	match:dir-large+exact+glob-wide+suffix
src/rustle/vg_family/copy_graph.rs	tracked	41963	2026-09-04	PROTECTED	-		4	docs/MODULE_STATUS.md;docs/O1_O2_COMPOSITION.md;docs/o1_ledger.md;memory:project_copy_graph_shipped.md	⚠ 3. CORRECTIONS TO THE R	AGENT_HANDOFF.md;bench/DENOVO_PIPELINE.md;bench/FAMILY_DEF.md	match:dir-large+exact+glob-wide+suffix
src/rustle/vg_family/copy_split.rs	tracked	50142	2026-09-04	PROTECTED	-		6	docs/MODULE_STATUS.md;docs/OBJECTIVES_AND_VERIFICATION.md;docs/copy_assignment_definition.md;docs/o1_ledger.md	⚠ 3. CORRECTIONS TO THE R	AGENT_HANDOFF.md;bench/COPY_ASSIGNMENT_AND_GATE.md;bench/DENOVO_PIPELINE.md;bench/FAMILY_DEF.md	match:dir-large+exact+glob-wide+suffix
src/rustle/vg_family/denovo_assemble.rs	tracked	192645	2026-09-22	PROTECTED	-		26	docs/MEMORY_DIGEST.md;docs/MODULE_STATUS.md;docs/NEGATIVE_RESULTS_REGISTER.md;docs/NODE_GRAPH_ADMISSION_2026-09-21.md	§6j2,§6j3,§6r8,⛔⛔ THE BUG: footprints we,⛔⛔ THE REAL FINDING: THE ,⭐ AND A PENDING ARM IS NO	AGENT_HANDOFF.md;bench/CHR16_JUNCTION_MAJORITY_ARM.md;bench/CHR20_ASSEMBLER_COMPARISON.md;bench/DENOVO_PIPELINE.md	named-beside-stale-language-by:docs/OBJECTIVES_AND_VERIFICATION.md;match:dir-large+exact+glob-wide+suffix
src/rustle/vg_family/denovo_pipeline.rs	tracked	683708	2026-09-21	PROTECTED	-		63	docs/ADVISOR_QUESTIONS.md;docs/IDEAL_CHROMOSOME_SIM_2026-09-21.md;docs/MEMORY_DIGEST.md;docs/METHOD_PSEUDOCODE.md	⛔⛔ AND THE EXISTING MERGE,⛔⛔ Q3 — THE PIPELINE DEST,⛔⛔ THE USER'S PROPOSAL (i,⭐ THE ONE ADJUSTMENT: DIS,⭐⭐ 1. ACTIONABLE: the rea,⭐⭐ WHERE HE IS RIGHT — AN	AGENT_HANDOFF.md;bench/CHR20_ASSEMBLER_COMPARISON.md;bench/COPY_ASSIGNMENT_AND_GATE.md;bench/DENOVO_PIPELINE.md	named-beside-stale-language-by:docs/MEMORY_DIGEST.md;match:dir-large+exact+glob-wide+suffix
src/rustle/vg_family/driver.rs	tracked	25646	2026-09-04	PROTECTED	-		13	docs/MODULE_STATUS.md;docs/NEGATIVE_RESULTS_REGISTER.md;docs/ONE_METHOD.md;docs/RETIREMENT_AND_MIGRATION.md	Is the two-implementation,⛔⛔ Q3 — THE PIPELINE DEST	AGENT_HANDOFF.md;bench/DENOVO_PIPELINE.md;bench/FAMILY_DEF.md	match:dir-large+exact+glob-wide+suffix
src/rustle/vg_family/edge_oracle.rs	tracked	20421	2026-09-04	PROTECTED	-		2	docs/MODULE_STATUS.md;docs/RETIREMENT_AND_MIGRATION.md		AGENT_HANDOFF.md;bench/DENOVO_PIPELINE.md;bench/FAMILY_DEF.md;bench/gen_edge_oracle_fixture.py	dead-path-refs:8/12;match:dir-large+glob-wide+suffix
src/rustle/vg_family/em_copy_assign.rs	tracked	32794	2026-09-04	PROTECTED	-		4	docs/MODULE_STATUS.md;docs/OBJECTIVES_AND_VERIFICATION.md;docs/copy_assignment_definition.md;memory:project_em_copy_assignment.md		AGENT_HANDOFF.md;bench/DENOVO_PIPELINE.md;bench/FAMILY_DEF.md;bench/THEORY.md	named-beside-stale-language-by:docs/MODULE_STATUS.md;match:dir-large+exact+glob-wide+suffix
src/rustle/vg_family/family_definition.rs	tracked	39669	2026-09-04	PROTECTED	-		9	docs/ADVISOR_QUESTIONS.md;docs/MODULE_STATUS.md;docs/O1_O2_COMPOSITION.md;docs/REFERENCE.md		AGENT_HANDOFF.md;bench/DENOVO_PIPELINE.md;bench/FAMILY_DEF.md	match:dir-large+glob-wide+suffix
src/rustle/vg_family/family_detect.rs	tracked	103904	2026-09-21	PROTECTED	-		19	docs/MEMORY_DIGEST.md;docs/MODULE_STATUS.md;docs/NEGATIVE_RESULTS_REGISTER.md;docs/PREREG_locus_growth_extent_2026-09-10.md	§6j8,§6jd,§6y,⛔⛔ THE REAL FINDING: THE ,⟹ WHAT THIS ACTUALLY IS: ,⭐ The actionable refineme	AGENT_HANDOFF.md;bench/DENOVO_PIPELINE.md;bench/FAMILY_DEF.md;bench/o1_guard_delta.py	named-beside-stale-language-by:memory:project_psv_aware_vg.md;match:dir-large+exact+glob-wide+suffix
src/rustle/vg_family/family_graph.rs	tracked	107613	2026-09-13	PROTECTED	-		9	docs/MODULE_STATUS.md;docs/NEGATIVE_RESULTS_REGISTER.md;docs/O1_O2_COMPOSITION.md;docs/o1_investigations.md	§6j8,§6ja,§6jd,§6r0,⛔ THE ASSEMBLY-SIDE BORRO,⛔⛔ Q3 — THE PIPELINE DEST	AGENT_HANDOFF.md;bench/COPY_ASSIGNMENT_AND_GATE.md;bench/DENOVO_PIPELINE.md;bench/FAMILY_DEF.md	dead-path-refs:5/7;match:dir-large+exact+glob-wide+suffix
src/rustle/vg_family/family_loaders.rs	tracked	32387	2026-09-04	PROTECTED	-		2	docs/MODULE_STATUS.md;src/rustle/vg_family/edge_oracle.rs		AGENT_HANDOFF.md;bench/DENOVO_PIPELINE.md;bench/FAMILY_DEF.md;bench/gen_loaders_fixture.py	dead-path-refs:11/17;match:dir-large+glob-wide+suffix
src/rustle/vg_family/family_rescue.rs	tracked	21484	2026-09-04	PROTECTED	-		3	docs/MODULE_STATUS.md;memory:project_denovo_family_copyassign_pipeline.md;memory:project_kmer_census.md		AGENT_HANDOFF.md;bench/DEFINITIONS_FORMAL.md;bench/DENOVO_PIPELINE.md;bench/FAMILY_DEF.md	dead-path-refs:7/8;match:dir-large+exact+glob-wide+suffix
src/rustle/vg_family/family_split.rs	tracked	37922	2026-09-04	PROTECTED	-		11	docs/MODULE_STATUS.md;docs/NEGATIVE_RESULTS_REGISTER.md;docs/O1_O2_COMPOSITION.md;docs/OBJECTIVES_AND_VERIFICATION.md	What this licenses, and w,§6as,⭐⭐ THE MECHANISM, and it 	AGENT_HANDOFF.md;bench/DENOVO_PIPELINE.md;bench/FAMILY_DEF.md;bench/REFERENCE_ABSENT_AND_UNMAPPED.md	named-beside-stale-language-by:docs/OBJECTIVES_AND_VERIFICATION.md;match:dir-large+exact+glob-wide+suffix
src/rustle/vg_family/from_genome.rs	tracked	64130	2026-09-13	PROTECTED	-		8	docs/MODULE_STATUS.md;docs/PREREG_union_truth_npip_2026-09-22.md;docs/o1_investigations.md;docs/o1_ledger.md	§6j8,§6j9,§6ja,§6jb,§6jd,⛔ RETRACTED WITHIN THE SE	AGENT_HANDOFF.md;bench/DENOVO_PIPELINE.md;bench/FAMILY_DEF.md	match:dir-large+exact+glob-wide+suffix
src/rustle/vg_family/genome_projection.rs	tracked	31908	2026-09-04	PROTECTED	-		3	docs/MODULE_STATUS.md;memory:project_perf_audit_mmi_parallel.md;memory:project_rna_family_homology_primary.md		AGENT_HANDOFF.md;bench/DENOVO_PIPELINE.md;bench/FAMILY_DEF.md	match:dir-large+glob-wide+suffix
src/rustle/vg_family/hidden_copy.rs	tracked	9108	2026-09-04	PROTECTED	-		2	docs/MODULE_STATUS.md;memory:project_reference_absent_catalog.md		AGENT_HANDOFF.md;bench/DEFINITIONS_FORMAL.md;bench/DENOVO_PIPELINE.md;bench/FAMILY_DEF.md	match:dir-large+glob-wide+suffix
src/rustle/vg_family/linearize.rs	tracked	11859	2026-09-04	PROTECTED	-		5	docs/MODULE_STATUS.md;docs/O3_STATUS.md;docs/o1_ledger.md;memory:project_linearize_certificate.md	⛔⛔ 2. THE AD HOC REFERENC	AGENT_HANDOFF.md;bench/DENOVO_PIPELINE.md;bench/FAMILY_DEF.md;docs/superpowers/plans/2026-09-10-o3-flag-pass-integration.md	match:dir-large+glob-wide+suffix
src/rustle/vg_family/minimizers.rs	tracked	13755	2026-09-04	PROTECTED	-		2	docs/MODULE_STATUS.md;memory:project_kmer_census.md		AGENT_HANDOFF.md;bench/DENOVO_PIPELINE.md;bench/FAMILY_DEF.md;bench/gen_minimizers_fixture.py	dead-path-refs:5/9;match:dir-large+glob-wide+suffix
src/rustle/vg_family/mod.rs	tracked	12303	2026-09-20	PROTECTED	-		1	docs/MODULE_STATUS.md		AGENT_HANDOFF.md;bench/DENOVO_PIPELINE.md;bench/FAMILY_DEF.md;docs/superpowers/plans/2026-09-10-o3-flag-pass-integration.md	match:basename-ambiguous+dir-large+exact+glob-wide
src/rustle/vg_family/mosaic.rs	tracked	31436	2026-09-04	PROTECTED	-		3	docs/MODULE_STATUS.md;docs/copy_assignment_definition.md;memory:project_mosaic_discriminator.md		AGENT_HANDOFF.md;bench/COPY_ASSIGNMENT_AND_GATE.md;bench/DENOVO_PIPELINE.md;bench/FAMILY_DEF.md	match:dir-large+glob-wide+suffix
src/rustle/vg_family/multi_repeat_bridge.rs	tracked	27355	2026-09-04	PROTECTED	-		2	docs/MODULE_STATUS.md;memory:project_kmer_census.md		AGENT_HANDOFF.md;bench/DENOVO_PIPELINE.md;bench/FAMILY_DEF.md;bench/gen_multi_repeat_bridge_fixture.py	dead-path-refs:6/9;match:dir-large+exact+glob-wide+suffix
src/rustle/vg_family/multi_repeat_bridge_tests.rs	tracked	18366	2026-09-04	PROTECTED	-		4	docs/MODULE_STATUS.md;docs/NEGATIVE_RESULTS_REGISTER.md;memory:project_cleanup_audit.md;src/rustle/vg_family/multi_repeat_bridge.rs		AGENT_HANDOFF.md;bench/DENOVO_PIPELINE.md;bench/FAMILY_DEF.md	named-beside-stale-language-by:docs/MODULE_STATUS.md;match:dir-large+glob-wide+suffix
src/rustle/vg_family/o2_columns.rs	tracked	15137	2026-09-04	PROTECTED	-		3	docs/MODULE_STATUS.md;docs/copy_assignment_definition.md;memory:project_o1_o2_closure_and_speed.md		AGENT_HANDOFF.md;bench/DENOVO_PIPELINE.md;bench/FAMILY_DEF.md;bench/gen_o2_columns_fixture.py	dead-path-refs:3/5;match:dir-large+exact+glob-wide+suffix
src/rustle/vg_family/o2_margin_gate.rs	tracked	14239	2026-09-04	PROTECTED	-		4	docs/MODULE_STATUS.md;docs/copy_assignment_definition.md;memory:project_o1_o2_closure_and_speed.md;memory:project_vg_didactic_map.md		AGENT_HANDOFF.md;bench/DENOVO_PIPELINE.md;bench/FAMILY_DEF.md;bench/gen_o2_margin_gate_fixture.py	dead-path-refs:3/5;match:dir-large+exact+glob-wide+suffix
src/rustle/vg_family/o2_materialize.rs	tracked	81258	2026-09-04	PROTECTED	-		6	docs/MODULE_STATUS.md;docs/O1_O2_COMPOSITION.md;docs/copy_assignment_definition.md;memory:project_o1_o2_closure_and_speed.md		AGENT_HANDOFF.md;bench/DENOVO_PIPELINE.md;bench/FAMILY_DEF.md;bench/gen_o2_materialize_fixture.py	dead-path-refs:21/24;match:dir-large+exact+glob-wide+suffix
src/rustle/vg_family/o3_flag_pass.rs	tracked	33019	2026-09-11	PROTECTED	-		2	docs/MODULE_STATUS.md;docs/o1_ledger.md	§6ia,§6ib,§6ic	AGENT_HANDOFF.md;bench/DENOVO_PIPELINE.md;bench/FAMILY_DEF.md;docs/superpowers/plans/2026-09-10-o3-flag-pass-integration.md	dead-path-refs:6/9;match:dir-large+exact+glob-wide+suffix
src/rustle/vg_family/parcn.rs	tracked	25009	2026-09-04	PROTECTED	-		1	memory:project_parcn_shipped.md		AGENT_HANDOFF.md;bench/DENOVO_PIPELINE.md;bench/FAMILY_DEF.md	match:basename-ambiguous+dir-large+exact+glob-wide
src/rustle/vg_family/project_all.rs	tracked	4948	2026-09-04	PROTECTED	-		1	docs/MODULE_STATUS.md		AGENT_HANDOFF.md;bench/DENOVO_PIPELINE.md;bench/FAMILY_DEF.md	match:dir-large+glob-wide+suffix
src/rustle/vg_family/read_conflict.rs	tracked	30498	2026-09-04	PROTECTED	-		14	docs/MODULE_STATUS.md;docs/NEGATIVE_RESULTS_REGISTER.md;docs/OBJECTIVES_AND_VERIFICATION.md;docs/ONE_METHOD.md	§6ae,§6i9	AGENT_HANDOFF.md;bench/DENOVO_PIPELINE.md;bench/FAMILY_DEF.md;bench/PANELS_AND_NOTES.md	named-beside-stale-language-by:docs/OBJECTIVES_AND_VERIFICATION.md;match:dir-large+exact+glob-wide+suffix
src/rustle/vg_family/readonly_copy_number.rs	tracked	18649	2026-09-04	PROTECTED	-		2	docs/MODULE_STATUS.md;memory:project_em_copy_assignment.md		AGENT_HANDOFF.md;bench/DENOVO_PIPELINE.md;bench/FAMILY_DEF.md	match:dir-large+exact+glob-wide+suffix
src/rustle/vg_family/recombinant_abstain.rs	tracked	41526	2026-09-04	PROTECTED	-		4	docs/MODULE_STATUS.md;docs/O1_O2_COMPOSITION.md;docs/copy_assignment_definition.md;memory:project_o1_o2_closure_and_speed.md		AGENT_HANDOFF.md;bench/DENOVO_PIPELINE.md;bench/FAMILY_DEF.md;bench/gen_recombinant_abstain_fixture.py	dead-path-refs:20/22;match:dir-large+glob-wide+suffix
src/rustle/vg_family/recombinant_split.rs	tracked	31113	2026-09-04	PROTECTED	-		1	docs/MODULE_STATUS.md		AGENT_HANDOFF.md;bench/DENOVO_PIPELINE.md;bench/FAMILY_DEF.md;bench/gen_recombinant_split_fixture.py	match:dir-large+glob-wide+suffix
src/rustle/vg_family/repeat_catalog.rs	tracked	32712	2026-09-04	PROTECTED	-		2	docs/MODULE_STATUS.md;docs/o1_ledger.md	THE RULE — SCALE-FREE, NO,§6cz,⛔⛔ Q3 — THE PIPELINE DEST	AGENT_HANDOFF.md;bench/DENOVO_PIPELINE.md;bench/FAMILY_DEF.md;bench/gen_repeat_catalog_fixture.py	dead-path-refs:7/10;match:dir-large+exact+glob-wide+suffix
src/rustle/vg_family/rescue_pipeline.rs	tracked	15725	2026-09-04	PROTECTED	-		1	docs/MODULE_STATUS.md		AGENT_HANDOFF.md;bench/DENOVO_PIPELINE.md;bench/FAMILY_DEF.md;docs/superpowers/specs/2026-09-15-read-seeded-copy-discovery-design.md	match:dir-large+exact+glob-wide+suffix
src/rustle/vg_family/seed_projection.rs	tracked	14898	2026-09-04	PROTECTED	-		3	docs/MODULE_STATUS.md;docs/seeded_family_definition.md;src/bin/gw_family_catalog.rs		AGENT_HANDOFF.md;bench/DENOVO_PIPELINE.md;bench/FAMILY_DEF.md	match:dir-large+exact+glob-wide+suffix
src/rustle/vg_family/seq_utils.rs	tracked	1333	2026-09-04	PROTECTED	-		2	docs/MODULE_STATUS.md;docs/RETIREMENT_AND_MIGRATION.md		AGENT_HANDOFF.md;bench/DENOVO_PIPELINE.md;bench/FAMILY_DEF.md	match:dir-large+glob-wide+suffix
src/rustle/vg_family/shared_definition.rs	tracked	42230	2026-09-17	PROTECTED	-		7	docs/ADVISOR_QUESTIONS.md;docs/MODULE_STATUS.md;docs/o1_ledger.md;memory:project_locus_formation_gap.md	§6kf,§6ks,§6kt,§6l8,§6m0	AGENT_HANDOFF.md;bench/DENOVO_PIPELINE.md;bench/FAMILY_CERTIFICATES_NPIP_TBC1D3.md;bench/FAMILY_DEF.md	match:dir-large+exact+glob-wide+suffix
src/rustle/vg_family/single_copy.rs	tracked	6404	2026-09-04	PROTECTED	-		3	docs/MODULE_STATUS.md;memory:project_parcn_feasibility.md;memory:project_single_copy_baseline.md		AGENT_HANDOFF.md;bench/DENOVO_PIPELINE.md;bench/FAMILY_DEF.md	match:dir-large+glob-wide+suffix
src/rustle/vg_family/vg_realign.rs	tracked	64760	2026-09-04	PROTECTED	-		3	docs/MODULE_STATUS.md;docs/o1_ledger.md;memory:project_em_copy_assignment.md	THE MECHANISM — three def,§6dg,⛔⛔ 2. THE AD HOC REFERENC	AGENT_HANDOFF.md;bench/DENOVO_PIPELINE.md;bench/FAMILY_DEF.md	match:dir-large+exact+glob-wide+suffix
tests/copy_assign_families.rs	tracked	28428	2026-09-16	PROTECTED	-		6	docs/MODULE_STATUS.md;docs/o1_ledger.md;memory:project_s1_shipped_o2_spec.md;src/bin/copy_assign.rs	§6kt,§6kx	docs/superpowers/plans/2026-09-15-fuzzy-junction-merge.md;docs/superpowers/plans/2026-09-15-read-seeded-copy-discovery.md;docs/superpowers/plans/2026-09-16-gtf-refine-and-dedup-fix.md;docs/superpowers/specs/2026-09-15-fuzzy-junction-merge-design.md	match:exact+glob-wide+suffix
tests/copy_assign_xfam.rs	tracked	19809	2026-09-09	PROTECTED	-		3	docs/NEGATIVE_RESULTS_REGISTER.md;docs/o1_ledger.md;tests/fixtures/xfam_conflict/make_bam.py	§6gy,§6kt,§6r0		match:exact+glob-wide+suffix
tests/docs_catalog_provenance.rs	tracked	3600	2026-08-20	PROTECTED	-		1	docs/README.md	§6kt		named-beside-stale-language-by:docs/README.md;match:exact+glob-wide
tests/gw_family_catalog_from_genome.rs	tracked	2528	2026-07-27	PROTECTED	-		0		§6kt		match:glob-wide
tests/gw_family_catalog_homology_primary.rs	tracked	8143	2026-08-14	PROTECTED	-		0		§6kt		match:glob-wide
tests/gw_family_catalog_regression.rs	tracked	6206	2026-08-20	PROTECTED	-		1	tests/copy_assign_families.rs	§6kt		match:exact+glob-wide
tests/gw_family_catalog_same_chrom_supplement.rs	tracked	2618	2026-07-07	PROTECTED	-		1	memory:project_same_chrom_family_fix.md	§6kt		match:exact+glob-wide
tests/gw_family_catalog_seed_projection.rs	tracked	6198	2026-08-14	PROTECTED	-		1	docs/seeded_family_definition.md	§6kt		match:exact+glob-wide
tests/regression/vg_family_family_graph.rs	tracked	5253	2026-09-20	PROTECTED	-		1	Cargo.toml			
tools/audit_cleanup_candidates.py	tracked	34747	2026-09-19	PROTECTED	-		4	docs/ACTIVE_WORKING_SET.md;docs/NEGATIVE_RESULTS_REGISTER.md;docs/o1_ledger.md;memory:project_cleanup_audit.md	§6q8	tools/cleanup_wave1.sh	dead-path-refs:10/18
bench/__pycache__/	ignored	0	-	TEMP	high		0				cache-dir:31-files
REPRODUCE.md	tracked	8215	2026-09-21	AMBIGUOUS-CITE	low		0		§6q9,§6r0,§6r1,§6r9,⭐ SHIPPED, 2026-09-02 — `	tools/cleanup_wave2_bench.py;tools/cleanup_wave3_outputs.py	match:basename-ambiguous
bench/ASJ.md	tracked	20339	2026-06-29	AMBIGUOUS-CITE	low		0		§6q9b	AGENT_HANDOFF.md;bench/COPY_ASSIGNMENT_AND_GATE.md;bench/DENOVO_PIPELINE.md;bench/FAMILY_DEF.md	asj-objective-dropped;dead-path-refs:15/15;match:glob-wide+suffix
bench/GENOME_WIDE_BAKEOFF_2026-09-22.md	tracked	6058	2026-09-22	AMBIGUOUS-CITE	low		0		§6q9b	AGENT_HANDOFF.md;bench/ASJ.md;bench/COPY_ASSIGNMENT_AND_GATE.md;bench/DENOVO_PIPELINE.md	match:glob-wide
bench/OBJECTIVES_FLOW.md	tracked	3779	2026-08-30	AMBIGUOUS-CITE	low		0		§6q9b	AGENT_HANDOFF.md;bench/ASJ.md;bench/COPY_ASSIGNMENT_AND_GATE.md;bench/DENOVO_PIPELINE.md	dead-path-refs:5/5;match:glob-wide+suffix
bench/PANELS_AND_NOTES.md	tracked	43418	2026-09-01	AMBIGUOUS-CITE	low		0		§6q9b	AGENT_HANDOFF.md;bench/ASJ.md;bench/COPY_ASSIGNMENT_AND_GATE.md;bench/DENOVO_PIPELINE.md	dead-path-refs:28/29;match:glob-wide+suffix
bench/README.md	tracked	4730	2026-08-15	AMBIGUOUS-CITE	low		0		§6q9,§6q9b	AGENTS.md;AGENT_HANDOFF.md;REPRODUCE.md;bench/ASJ.md	match:basename-ambiguous+glob-wide
bench/REFERENCE_ABSENT_AND_UNMAPPED.md	tracked	71532	2026-09-01	AMBIGUOUS-CITE	low		0		§6q9b	AGENT_HANDOFF.md;bench/ASJ.md;bench/COPY_ASSIGNMENT_AND_GATE.md;bench/DENOVO_PIPELINE.md	dead-path-refs:18/18;match:glob-wide+suffix
bench/SOTO_FAMILY_LOCUS_FIDELITY_2026-09-22.md	tracked	4544	2026-09-22	AMBIGUOUS-CITE	low		0		§6q9b	AGENT_HANDOFF.md;bench/ASJ.md;bench/COPY_ASSIGNMENT_AND_GATE.md;bench/DENOVO_PIPELINE.md	match:glob-wide
bench/multilabel_resolver.py	tracked	4566	2026-09-21	AMBIGUOUS-CITE	low		0			AGENT_HANDOFF.md;docs/superpowers/plans/2026-09-15-fuzzy-junction-merge.md;tools/cleanup_wave2_bench.py	match:glob-wide
bench/node_split_triggers.py	tracked	13074	2026-09-21	AMBIGUOUS-CITE	low		0			AGENT_HANDOFF.md;docs/superpowers/plans/2026-09-15-fuzzy-junction-merge.md;tools/cleanup_wave2_bench.py	match:glob-wide
docs/ISOSEQ_COMPARISON_RECIPE.md	tracked	4948	2026-09-08	AMBIGUOUS-CITE	low		0		§6i6,§6q8,§6q9b	tools/audit_cleanup_candidates.py;tools/cleanup_wave2_bench.py	match:glob-wide
docs/REPRODUCE.md	tracked	4318	2026-09-02	AMBIGUOUS-CITE	low		0		§6q9,§6q9b,§6r0,§6r1,§6r9,⭐ SHIPPED, 2026-09-02 — `	tools/audit_cleanup_candidates.py;tools/cleanup_wave2_bench.py;tools/cleanup_wave3_outputs.py	match:basename-ambiguous+glob-wide
docs/o2_unexplained_v8_families_2026-09-05.tsv	tracked	3655	2026-09-05	AMBIGUOUS-CITE	low		0		§6fb		match:glob-wide
AGENT_HANDOFF.md	tracked	15851	2026-07-05	UNCITED-STALE	medium		0				dead-path-refs:20/26
docs/stricter_options_catalog.tsv	tracked	23233	2026-06-10	UNCITED-STALE	medium		0				
test_data/vg_hmm/synthetic_family.fa	tracked	6147	2026-04-28	UNCITED-STALE	medium		0				
test_data/vg_hmm/synthetic_reads.bam	tracked	5675	2026-04-28	UNCITED-STALE	medium		0				
docs/figures/fig_family1_refinement.pdf	tracked	20588	2026-04-21	PROBABLE-PROVENANCE	-		0				
docs/figures/fig_loc115930085_reads.pdf	tracked	16856	2026-04-21	PROBABLE-PROVENANCE	-		0				
docs/figures/fig_loc115930085_recovery.pdf	tracked	18512	2026-04-21	PROBABLE-PROVENANCE	-		0				
docs/METHOD_EMAIL.txt	tracked	10637	2026-08-30	UNCITED-RECENT	low		0				
docs/excision_sweep_v2_2026-09-09.txt	tracked	4052	2026-09-09	UNCITED-RECENT	low		0				
docs/gw_units_v1_2026-09-05.tsv	tracked	961967	2026-09-05	UNCITED-RECENT	low		0				
docs/gw_units_v1_params_2026-09-05.tsv	tracked	1150	2026-09-05	UNCITED-RECENT	low		0				
docs/o2_expected_sites_2026-09-05.txt	tracked	715	2026-09-05	UNCITED-RECENT	low		0				
docs/rna_units_v8_blocks_2026-09-05.tsv	tracked	198490	2026-09-05	UNCITED-RECENT	low		0				
docs/rna_units_v9_2026-09-05.tsv	tracked	91948	2026-09-05	UNCITED-RECENT	low		0				
docs/rna_units_v9_merged_2026-09-05.tsv	tracked	2713	2026-09-05	UNCITED-RECENT	low		0				
docs/roster_admission_summary_2026-09-05.tsv	tracked	2070	2026-09-05	UNCITED-RECENT	low		0				
docs/sweep_v2_units_2026-09-05.tsv	tracked	6772	2026-09-05	UNCITED-RECENT	low		0				
docs/sweep_v3_nofilter_families_2026-09-05.tsv	tracked	2369	2026-09-05	UNCITED-RECENT	low		0				
docs/sweep_v3_unbounded_families_2026-09-05.tsv	tracked	2439	2026-09-05	UNCITED-RECENT	low		0				
docs/sweep_v3_unbounded_nofilter_families_2026-09-05.tsv	tracked	2444	2026-09-05	UNCITED-RECENT	low		0				
docs/sweep_v9_final_families_2026-09-05.tsv	tracked	4782	2026-09-05	UNCITED-RECENT	low		0				
docs/sweep_v9_gpair_families_2026-09-05.tsv	tracked	2395	2026-09-05	UNCITED-RECENT	low		0				
docs/sweep_v9_pair_final_2026-09-05.tsv	tracked	2341	2026-09-05	UNCITED-RECENT	low		0				
AGENTS.md	tracked	5320	2026-05-28	KEEP-CITED	-		2	via tools/audit_cleanup_candidates.py;via tools/cleanup_wave2_bench.py		AGENT_HANDOFF.md;tools/audit_cleanup_candidates.py;tools/cleanup_wave2_bench.py	
bench/ASSEMBLER_WIDENING.md	tracked	4544	2026-09-18	KEEP-CITED	-		3	docs/NEGATIVE_RESULTS_REGISTER.md;docs/o1_ledger.md;memory:project_assembler_widening.md	§6m6,§6q9b	AGENT_HANDOFF.md;bench/ASJ.md;bench/COPY_ASSIGNMENT_AND_GATE.md;bench/DENOVO_PIPELINE.md	match:exact+glob-wide
bench/ASSEMBLE_ONLY_MODE.md	tracked	3107	2026-09-19	KEEP-CITED	-		3	docs/MEMORY_DIGEST.md;docs/o1_ledger.md;memory:MEMORY.md	§6p6,§6q9b	AGENT_HANDOFF.md;bench/ASJ.md;bench/COPY_ASSIGNMENT_AND_GATE.md;bench/DENOVO_PIPELINE.md	match:exact+glob-wide
bench/ASSEMBLY_POLISH.md	tracked	20159	2026-09-19	KEEP-CITED	-		4	docs/PREREG_assembly_polish_2026-09-19.md;docs/o1_ledger.md;memory:project_assembly_polish.md;src/bin/copy_assign.rs	§6p8,§6p9,§6q0,§6q2,§6q3,§6q9b	AGENT_HANDOFF.md;REPRODUCE.md;bench/ASJ.md;bench/COPY_ASSIGNMENT_AND_GATE.md	match:exact+glob-wide
bench/CHIMERA_POLICY.md	tracked	6720	2026-09-18	KEEP-CITED	-		3	docs/NEGATIVE_RESULTS_REGISTER.md;docs/o1_ledger.md;memory:project_chimera_policy.md	§6m2,§6q9b	AGENT_HANDOFF.md;bench/ASJ.md;bench/COPY_ASSIGNMENT_AND_GATE.md;bench/DENOVO_PIPELINE.md	match:exact+glob-wide
bench/CHR16_JUNCTION_MAJORITY_ARM.md	tracked	2407	2026-09-18	KEEP-CITED	-		5	docs/IDEAL_CHROMOSOME_SIM_2026-09-21.md;docs/o1_ledger.md;memory:project_junction_majority_chr16.md;src/rustle/vg_family/denovo_assemble.rs	§6n4,§6q9b	AGENT_HANDOFF.md;REPRODUCE.md;bench/ASJ.md;bench/COPY_ASSIGNMENT_AND_GATE.md	match:exact+glob-wide
bench/CHR20_ASSEMBLER_COMPARISON.md	tracked	23818	2026-09-16	KEEP-CITED	-		5	docs/NEGATIVE_RESULTS_REGISTER.md;src/bin/copy_assign.rs;src/rustle/vg_family/denovo_assemble.rs;src/rustle/vg_family/denovo_pipeline.rs	§6q9b	AGENT_HANDOFF.md;bench/ASJ.md;bench/COPY_ASSIGNMENT_AND_GATE.md;bench/DENOVO_PIPELINE.md	dead-path-refs:14/19;match:exact+glob-wide
bench/CLUSTERING_OPERATOR_BAKEOFF.md	tracked	3641	2026-09-18	KEEP-CITED	-		4	docs/MEMORY_DIGEST.md;docs/OPERATOR_BAKEOFF_HELDOUT_2026-09-20.md;docs/PREREG_operator_heldout_2026-09-20.md;docs/o1_ledger.md	§6n5,§6q9b	AGENT_HANDOFF.md;bench/ASJ.md;bench/COPY_ASSIGNMENT_AND_GATE.md;bench/DENOVO_PIPELINE.md	match:exact+glob-wide
bench/COPY_ASSIGNMENT_AND_GATE.md	tracked	168638	2026-09-01	KEEP-CITED	-		1	memory:project_o1_o2_closure_and_speed.md	§6q9b	AGENT_HANDOFF.md;bench/ASJ.md;bench/DENOVO_PIPELINE.md;bench/FAMILY_DEF.md	dead-path-refs:38/52;match:exact+glob-wide+suffix
bench/CROSS_SPECIES_NPIP_CONJUNCT.md	tracked	25083	2026-09-17	KEEP-CITED	-		2	docs/o1_ledger.md;memory:project_cross_species_npip_conjunct.md	§6l9,§6q9b	AGENT_HANDOFF.md;bench/ASJ.md;bench/COPY_ASSIGNMENT_AND_GATE.md;bench/DENOVO_PIPELINE.md	match:exact+glob-wide
bench/DEFINITIONS_FORMAL.md	tracked	65947	2026-08-14	KEEP-CITED	-		8	docs/OBJECTIVES_AND_VERIFICATION.md;docs/copy_assignment_definition.md;docs/seeded_family_definition.md;memory:project_mechanism_transparency.md	§6q9b	AGENT_HANDOFF.md;bench/ASJ.md;bench/COPY_ASSIGNMENT_AND_GATE.md;bench/DENOVO_PIPELINE.md	match:exact+glob-wide+suffix
bench/DENOVO_PIPELINE.md	tracked	59044	2026-09-01	KEEP-CITED	-		1	docs/NEGATIVE_RESULTS_REGISTER.md	§6q9b	AGENT_HANDOFF.md;bench/ASJ.md;bench/COPY_ASSIGNMENT_AND_GATE.md;bench/FAMILY_DEF.md	dead-path-refs:25/28;match:exact+glob-wide+suffix
bench/FALSE_NEGATIVES.md	tracked	15699	2026-08-26	KEEP-CITED	-		8	docs/NEGATIVE_RESULTS_REGISTER.md;docs/OBJECTIVES_AND_VERIFICATION.md;docs/o1_investigations.md;docs/o1_ledger.md	§6q9b,§6r0	AGENT_HANDOFF.md;bench/ASJ.md;bench/COPY_ASSIGNMENT_AND_GATE.md;bench/DENOVO_PIPELINE.md	named-beside-stale-language-by:docs/OBJECTIVES_AND_VERIFICATION.md;match:exact+glob-wide
bench/FAMILY_CERTIFICATES_NPIP_TBC1D3.md	tracked	15304	2026-09-17	KEEP-CITED	-		3	docs/MEMORY_DIGEST.md;docs/seeded_family_definition.md;memory:project_family_certificates.md	§6q9b	AGENT_HANDOFF.md;bench/ASJ.md;bench/COPY_ASSIGNMENT_AND_GATE.md;bench/DENOVO_PIPELINE.md	match:exact+glob-wide+suffix
bench/FAMILY_DEF.md	tracked	214029	2026-09-01	KEEP-CITED	-		1	docs/o1_ledger.md	The ten, worst first,§6q9b	AGENT_HANDOFF.md;bench/ASJ.md;bench/COPY_ASSIGNMENT_AND_GATE.md;bench/DENOVO_PIPELINE.md	dead-path-refs:38/47;match:exact+glob-wide+suffix
bench/FAMILY_LEVELS_AND_RELATED.md	tracked	42126	2026-09-01	KEEP-CITED	-		1	via bench/VALIDATION_AND_STATUS.md	§6q9b	AGENT_HANDOFF.md;bench/ASJ.md;bench/COPY_ASSIGNMENT_AND_GATE.md;bench/DENOVO_PIPELINE.md	dead-path-refs:10/11;match:glob-wide+suffix
bench/FEX_SWEEP_LORO.md	tracked	3462	2026-09-18	KEEP-CITED	-		3	docs/PREREG_heldout_families_2026-09-20.md;docs/o1_ledger.md;memory:project_family_definition_goal.md	§6o3,§6q9b	AGENT_HANDOFF.md;bench/ASJ.md;bench/COPY_ASSIGNMENT_AND_GATE.md;bench/DENOVO_PIPELINE.md	match:exact+glob-wide
bench/GAP_CLOSED_FRACTION.md	tracked	23990	2026-09-17	KEEP-CITED	-		2	docs/o1_ledger.md;memory:project_locus_formation_gap.md	§6m0,§6q9b	AGENT_HANDOFF.md;bench/ASJ.md;bench/COPY_ASSIGNMENT_AND_GATE.md;bench/DENOVO_PIPELINE.md	match:exact+glob-wide
bench/GATE_CENSUS_NPIP.md	tracked	3873	2026-09-18	KEEP-CITED	-		3	docs/NEGATIVE_RESULTS_REGISTER.md;docs/o1_ledger.md;memory:project_canonical_junction_ceiling.md	§6m7,§6q9b	AGENT_HANDOFF.md;bench/ASJ.md;bench/COPY_ASSIGNMENT_AND_GATE.md;bench/DENOVO_PIPELINE.md	match:exact+glob-wide
bench/GFFCOMPARE_CHR20_2026_09_19.md	tracked	2616	2026-09-19	KEEP-CITED	-		1	docs/o1_ledger.md	§6p6,§6q9b	AGENT_HANDOFF.md;bench/ASJ.md;bench/COPY_ASSIGNMENT_AND_GATE.md;bench/DENOVO_PIPELINE.md	match:exact+glob-wide
bench/GTF_SECONDARY_POOL.md	tracked	3303	2026-09-18	KEEP-CITED	-		2	docs/o1_ledger.md;memory:project_gtf_secondary_pool.md	§6n2,§6q9b	AGENT_HANDOFF.md;bench/ASJ.md;bench/COPY_ASSIGNMENT_AND_GATE.md;bench/DENOVO_PIPELINE.md	match:exact+glob-wide
bench/IDEAL_WIDENING_K5.md	tracked	25955	2026-09-17	KEEP-CITED	-		2	docs/o1_ledger.md;memory:project_locus_formation_gap.md	§6m0,§6q9b	AGENT_HANDOFF.md;bench/ASJ.md;bench/COPY_ASSIGNMENT_AND_GATE.md;bench/DENOVO_PIPELINE.md	match:exact+glob-wide
bench/ISOSEQ_FLAIR_MECHANISMS.md	tracked	6821	2026-09-19	KEEP-CITED	-		2	docs/o1_ledger.md;memory:project_assembly_polish.md	§6q6,§6q9b	AGENT_HANDOFF.md;bench/ASJ.md;bench/COPY_ASSIGNMENT_AND_GATE.md;bench/DENOVO_PIPELINE.md	match:exact+glob-wide
bench/JUNCTION_AND_READTHROUGH_RULES.md	tracked	40215	2026-09-17	KEEP-CITED	-		3	docs/NEGATIVE_RESULTS_REGISTER.md;docs/o1_ledger.md;docs/seeded_family_definition.md	§6l9,§6q9b	AGENT_HANDOFF.md;bench/ASJ.md;bench/COPY_ASSIGNMENT_AND_GATE.md;bench/CROSS_SPECIES_NPIP_CONJUNCT.md	match:exact+glob-wide
bench/JUNCTION_MAJORITY_CHR16.md	tracked	3661	2026-09-18	KEEP-CITED	-		2	docs/o1_ledger.md;memory:project_junction_majority_chr16.md	§6m8,§6q9b	AGENT_HANDOFF.md;bench/ASJ.md;bench/COPY_ASSIGNMENT_AND_GATE.md;bench/DENOVO_PIPELINE.md	match:exact+glob-wide
bench/LAB_DATASET_BAKEOFF.md	tracked	5569	2026-09-19	KEEP-CITED	-		2	docs/SLIM_REGRESSION_2026-09-20.md;docs/o1_ledger.md	§6q7,§6q9b	AGENT_HANDOFF.md;REPRODUCE.md;bench/ASJ.md;bench/COPY_ASSIGNMENT_AND_GATE.md	match:exact+glob-wide
bench/LATTICE_RULE_STRENGTHENERS.md	tracked	50221	2026-09-17	KEEP-CITED	-		2	docs/seeded_family_definition.md;memory:project_family_certificates.md	§6q9b	AGENT_HANDOFF.md;bench/ASJ.md;bench/COPY_ASSIGNMENT_AND_GATE.md;bench/DENOVO_PIPELINE.md	match:exact+glob-wide+suffix
bench/LAYER_ORDER_NPIP_TBC1D3.md	tracked	50112	2026-09-16	KEEP-CITED	-		3	docs/o1_ledger.md;docs/seeded_family_definition.md;memory:project_npip_tbc1d3_layer_order.md	inv22 — LAYER_ORDER repor,§6q9b	AGENT_HANDOFF.md;bench/ASJ.md;bench/COPY_ASSIGNMENT_AND_GATE.md;bench/DENOVO_PIPELINE.md	match:exact+glob-wide+suffix
bench/LOCUS_ASSEMBLY_NPIP.md	tracked	5058	2026-09-18	KEEP-CITED	-		3	docs/NEGATIVE_RESULTS_REGISTER.md;docs/o1_ledger.md;memory:project_locus_assembly_npip.md	§6m5,§6q9b	AGENT_HANDOFF.md;bench/ASJ.md;bench/COPY_ASSIGNMENT_AND_GATE.md;bench/DENOVO_PIPELINE.md	match:exact+glob-wide
bench/LOCUS_WIDTH_GAP.md	tracked	25661	2026-09-17	KEEP-CITED	-		2	docs/o1_ledger.md;memory:project_locus_formation_gap.md	§6m0,§6q9b	AGENT_HANDOFF.md;bench/ASJ.md;bench/COPY_ASSIGNMENT_AND_GATE.md;bench/DENOVO_PIPELINE.md	match:exact+glob-wide
bench/MERGED_LOCI_LAYER.md	tracked	3001	2026-09-19	KEEP-CITED	-		1	docs/o1_ledger.md	§6p1,§6q9b	AGENT_HANDOFF.md;bench/ASJ.md;bench/COPY_ASSIGNMENT_AND_GATE.md;bench/DENOVO_PIPELINE.md	match:exact+glob-wide
bench/NESTED_LATTICE_NPIP_TBC1D3.md	tracked	72792	2026-09-16	KEEP-CITED	-		3	docs/o1_ledger.md;docs/seeded_family_definition.md;memory:project_nested_edge_test_lattice.md	inv23 — NESTED_LATTICE re,§6q9b	AGENT_HANDOFF.md;bench/ASJ.md;bench/COPY_ASSIGNMENT_AND_GATE.md;bench/DENOVO_PIPELINE.md	match:exact+glob-wide+suffix
bench/NODE_CUT_RULE.md	tracked	6299	2026-09-18	KEEP-CITED	-		3	docs/NEGATIVE_RESULTS_REGISTER.md;docs/o1_ledger.md;memory:project_node_cut_rule.md	§6m3,§6q9b	AGENT_HANDOFF.md;bench/ASJ.md;bench/COPY_ASSIGNMENT_AND_GATE.md;bench/DENOVO_PIPELINE.md	match:exact+glob-wide
bench/NO_READTHROUGH_COUNTERFACTUAL.md	tracked	34308	2026-09-18	KEEP-CITED	-		2	docs/o1_ledger.md;memory:project_no_readthrough_counterfactual.md	§6m1,§6q9b	AGENT_HANDOFF.md;bench/ASJ.md;bench/COPY_ASSIGNMENT_AND_GATE.md;bench/DENOVO_PIPELINE.md	match:exact+glob-wide
bench/NPIP_DISHUCK_TRUTH_CHECK.md	tracked	12478	2026-09-16	KEEP-CITED	-		1	memory:project_tbc1d3_subclusters_population_unit.md	§6q9b	AGENT_HANDOFF.md;bench/ASJ.md;bench/COPY_ASSIGNMENT_AND_GATE.md;bench/DENOVO_PIPELINE.md	match:exact+glob-wide
bench/NPIP_IDEAL_EXPRESSION.md	tracked	29488	2026-09-17	KEEP-CITED	-		2	docs/o1_ledger.md;memory:project_npip_ideal_expression.md	§6l9,§6q9b	AGENT_HANDOFF.md;bench/ASJ.md;bench/COPY_ASSIGNMENT_AND_GATE.md;bench/DENOVO_PIPELINE.md	match:exact+glob-wide
bench/NPIP_MEMBERSHIP_RESCORE.md	tracked	28470	2026-09-17	KEEP-CITED	-		2	docs/o1_ledger.md;memory:project_cross_species_npip_conjunct.md	§6l9,§6q9b	AGENT_HANDOFF.md;bench/ASJ.md;bench/COPY_ASSIGNMENT_AND_GATE.md;bench/DENOVO_PIPELINE.md	match:exact+glob-wide
bench/NPIP_NODE_LADDER.md	tracked	29080	2026-09-17	KEEP-CITED	-		2	docs/o1_ledger.md;memory:project_npip_node_ladder.md	§6l8,§6q9b	AGENT_HANDOFF.md;bench/ASJ.md;bench/COPY_ASSIGNMENT_AND_GATE.md;bench/DENOVO_PIPELINE.md	match:exact+glob-wide
bench/NPIP_NODE_RESCORE.md	tracked	18810	2026-09-17	KEEP-CITED	-		3	docs/NEGATIVE_RESULTS_REGISTER.md;docs/o1_ledger.md;memory:project_npip_node_ladder.md	§6l8,§6q9b	AGENT_HANDOFF.md;bench/ASJ.md;bench/COPY_ASSIGNMENT_AND_GATE.md;bench/DENOVO_PIPELINE.md	match:exact+glob-wide
bench/NPIP_PER_MEMBER_METRICS.md	tracked	49359	2026-09-16	KEEP-CITED	-		2	docs/MEMORY_DIGEST.md;docs/o1_ledger.md	§6l8,§6q9b	AGENT_HANDOFF.md;bench/ASJ.md;bench/COPY_ASSIGNMENT_AND_GATE.md;bench/DENOVO_PIPELINE.md	match:exact+glob-wide
bench/NPIP_PER_MEMBER_WHOLECHR16.md	tracked	51894	2026-09-17	KEEP-CITED	-		2	docs/MEMORY_DIGEST.md;docs/o1_ledger.md	§6l8,§6q9b	AGENT_HANDOFF.md;bench/ASJ.md;bench/COPY_ASSIGNMENT_AND_GATE.md;bench/DENOVO_PIPELINE.md	match:exact+glob-wide
bench/NPIP_READ_GROUP_NODES.md	tracked	21757	2026-09-17	KEEP-CITED	-		3	docs/NEGATIVE_RESULTS_REGISTER.md;docs/o1_ledger.md;memory:project_npip_node_ladder.md	§6l8,§6q9b	AGENT_HANDOFF.md;bench/ASJ.md;bench/COPY_ASSIGNMENT_AND_GATE.md;bench/DENOVO_PIPELINE.md	match:exact+glob-wide
bench/NPIP_SIM_CEILING.md	tracked	3556	2026-09-18	KEEP-CITED	-		2	docs/o1_ledger.md;memory:project_npip_sim_ceiling.md	§6n0,§6q9b	AGENT_HANDOFF.md;bench/ASJ.md;bench/COPY_ASSIGNMENT_AND_GATE.md;bench/DENOVO_PIPELINE.md	match:exact+glob-wide
bench/PERFORMANCE_AND_IO.md	tracked	17875	2026-07-09	KEEP-CITED	-		1	memory:project_perf_optimization.md	§6q9b	AGENT_HANDOFF.md;bench/ASJ.md;bench/COPY_ASSIGNMENT_AND_GATE.md;bench/DENOVO_PIPELINE.md	match:exact+glob-wide+suffix
bench/PRECISION_LEVERS_CHR20.md	tracked	3453	2026-09-19	KEEP-CITED	-		2	docs/MEMORY_DIGEST.md;docs/o1_ledger.md	§6p7,§6q9b	AGENTS.md;AGENT_HANDOFF.md;bench/ASJ.md;bench/COPY_ASSIGNMENT_AND_GATE.md	match:exact+glob+glob-wide
bench/READ_ISOFORM_LOCUS.md	tracked	27084	2026-09-17	KEEP-CITED	-		2	docs/o1_ledger.md;memory:project_locus_formation_gap.md	§6m0,§6q9b	AGENT_HANDOFF.md;bench/ASJ.md;bench/COPY_ASSIGNMENT_AND_GATE.md;bench/DENOVO_PIPELINE.md	match:exact+glob-wide
bench/RNA_LEVEL_DEFINITION.md	tracked	3371	2026-09-18	KEEP-CITED	-		2	docs/o1_ledger.md;memory:project_family_definition_goal.md	§6p0,§6q9b	AGENT_HANDOFF.md;bench/ASJ.md;bench/COPY_ASSIGNMENT_AND_GATE.md;bench/DENOVO_PIPELINE.md	match:exact+glob-wide
bench/SOTO_AS_A_REFINEMENT.md	tracked	3109	2026-09-18	KEEP-CITED	-		2	docs/MEMORY_DIGEST.md;docs/o1_ledger.md	§6n7,§6q9b	AGENT_HANDOFF.md;bench/ASJ.md;bench/COPY_ASSIGNMENT_AND_GATE.md;bench/DENOVO_PIPELINE.md	match:exact+glob-wide
bench/SOTO_BENCHMARK.md	tracked	26920	2026-07-16	KEEP-CITED	-		1	memory:project_soto_dna_vg_ceiling.md	§6q9b	AGENT_HANDOFF.md;bench/ASJ.md;bench/COPY_ASSIGNMENT_AND_GATE.md;bench/DEFINITIONS_FORMAL.md	dead-path-refs:8/11;match:glob-wide+suffix
bench/SQANTI3_POLISH.md	tracked	4969	2026-09-19	KEEP-CITED	-		3	docs/o1_ledger.md;memory:MEMORY.md;memory:project_assembly_polish.md	§6q5,§6q9b	AGENT_HANDOFF.md;REPRODUCE.md;bench/ASJ.md;bench/COPY_ASSIGNMENT_AND_GATE.md	match:exact+glob-wide
bench/STRAND_ASYMMETRY_AND_REALISTIC_SIM.md	tracked	24129	2026-09-18	KEEP-CITED	-		2	docs/o1_ledger.md;memory:project_locus_formation_gap.md	§6m0,§6q9b	AGENT_HANDOFF.md;bench/ASJ.md;bench/COPY_ASSIGNMENT_AND_GATE.md;bench/DENOVO_PIPELINE.md	match:exact+glob-wide
bench/STRAND_V4_SCORER_V3.md	tracked	17801	2026-09-18	KEEP-CITED	-		1	docs/o1_ledger.md	§6m0,§6q9b	AGENT_HANDOFF.md;bench/ASJ.md;bench/COPY_ASSIGNMENT_AND_GATE.md;bench/DENOVO_PIPELINE.md	match:exact+glob-wide
bench/TBC1D3_GUITART_TRUTH_CORRECTION.md	tracked	45339	2026-09-16	KEEP-CITED	-		9	docs/MEMORY_DIGEST.md;docs/NEGATIVE_RESULTS_REGISTER.md;docs/PREREG_core_definition_2026-09-12.md;docs/PREREG_known_subclusters_2026-09-09.md	§6jp,§6l7,§6q9b	AGENT_HANDOFF.md;bench/ASJ.md;bench/COPY_ASSIGNMENT_AND_GATE.md;bench/DENOVO_PIPELINE.md	named-beside-stale-language-by:docs/MEMORY_DIGEST.md;match:exact+glob-wide
bench/THEORY.md	tracked	126612	2026-09-01	KEEP-CITED	-		8	docs/O1_O2_COMPOSITION.md;docs/OBJECTIVES_AND_VERIFICATION.md;docs/copy_assignment_definition.md;memory:project_copy_assignment_theory.md	§6q9b	AGENT_HANDOFF.md;bench/ASJ.md;bench/COPY_ASSIGNMENT_AND_GATE.md;bench/DEFINITIONS_FORMAL.md	named-beside-stale-language-by:docs/OBJECTIVES_AND_VERIFICATION.md;dead-path-refs:23/32;match:exact+glob-wide+suffix
bench/TPM_AND_LOCUS_BED.md	tracked	3359	2026-09-19	KEEP-CITED	-		1	docs/o1_ledger.md	§6q9b,§6r5	AGENT_HANDOFF.md;REPRODUCE.md;bench/ASJ.md;bench/COPY_ASSIGNMENT_AND_GATE.md	match:exact+glob-wide
bench/V4_GORILLA_TIEBREAK.md	tracked	21058	2026-09-18	KEEP-CITED	-		1	docs/o1_ledger.md	§6m0,§6q9b	AGENT_HANDOFF.md;bench/ASJ.md;bench/COPY_ASSIGNMENT_AND_GATE.md;bench/DENOVO_PIPELINE.md	match:exact+glob-wide
bench/V4_HELDOUT_NOISE_CALIBRATED.md	tracked	22072	2026-09-18	KEEP-CITED	-		1	docs/o1_ledger.md	§6m0,§6q9b	AGENT_HANDOFF.md;bench/ASJ.md;bench/COPY_ASSIGNMENT_AND_GATE.md;bench/DENOVO_PIPELINE.md	match:exact+glob-wide
bench/V5_RETIRE_PLACEHOLDER.md	tracked	30464	2026-09-18	KEEP-CITED	-		1	docs/o1_ledger.md	§6m0,§6q9b	AGENT_HANDOFF.md;bench/ASJ.md;bench/COPY_ASSIGNMENT_AND_GATE.md;bench/DENOVO_PIPELINE.md	match:exact+glob-wide
bench/VALIDATION_AND_STATUS.md	tracked	163363	2026-09-01	KEEP-CITED	-		6	docs/NEGATIVE_RESULTS_REGISTER.md;docs/o1_ledger.md;docs/seeded_family_definition.md;memory:project_crossspecies_expansions.md	§6q9b,⭐ One recorded number par	AGENT_HANDOFF.md;bench/ASJ.md;bench/COPY_ASSIGNMENT_AND_GATE.md;bench/DEFINITIONS_FORMAL.md	dead-path-refs:64/73;match:exact+glob-wide+suffix
bench/adjudicate_covlonger.py	tracked	7642	2026-09-02	KEEP-CITED	-		2	docs/o1_ledger.md;memory:project_er_two_sided_coverage.md	§6bv	AGENT_HANDOFF.md;docs/archive/O1_PRECISION_LEVERS.md;docs/superpowers/plans/2026-09-15-fuzzy-junction-merge.md;tools/cleanup_wave2_bench.py	match:exact+glob-wide+suffix
bench/adjudicated_truth.py	tracked	20905	2026-09-14	KEEP-CITED	-		2	docs/PREREG_core_definition_2026-09-12.md;memory:project_two_modes_scope.md		AGENT_HANDOFF.md;bench/protein_families.py;docs/superpowers/plans/2026-09-15-fuzzy-junction-merge.md;tools/cleanup_wave2_bench.py	match:exact+glob-wide+import
bench/amy_sim.py	tracked	7414	2026-09-14	KEEP-CITED	-		2	docs/o1_ledger.md;memory:project_two_modes_scope.md	§6ju	AGENT_HANDOFF.md;docs/superpowers/plans/2026-09-15-fuzzy-junction-merge.md;tools/cleanup_wave2_bench.py	match:exact+glob-wide
bench/annotation_nodes.py	tracked	5281	2026-09-14	KEEP-CITED	-		3	docs/PREREG_core_definition_2026-09-12.md;docs/o1_ledger.md;memory:project_two_modes_scope.md	§6kl	AGENT_HANDOFF.md;bench/NPIP_PER_MEMBER_WHOLECHR16.md;bench/adjudicated_truth.py;docs/superpowers/plans/2026-09-14-evidence-sources-plan1.md	match:exact+glob-wide+suffix
bench/assembly_polish.py	tracked	5981	2026-09-19	KEEP-CITED	-		4	docs/ACTIVE_WORKING_SET.md;docs/o1_ledger.md;memory:project_assembly_polish.md;memory:project_cleanup_audit.md	§6q9b,§6r1,§6r9	AGENT_HANDOFF.md;bench/ASSEMBLY_POLISH.md;docs/superpowers/plans/2026-09-15-fuzzy-junction-merge.md;tools/cleanup_wave2_bench.py	match:exact+glob-wide+suffix
bench/audit_ambiguity.py	tracked	3381	2026-09-09	KEEP-CITED	-		2	docs/PREREG_best_by_psv_score_2026-09-09.md;src/rustle/vg_family/copy_assign.rs		AGENT_HANDOFF.md;docs/superpowers/plans/2026-09-15-fuzzy-junction-merge.md;tools/cleanup_wave2_bench.py	match:exact+glob-wide
bench/build_sim5x.py	tracked	9209	2026-06-17	KEEP-CITED	-		4	docs/NEGATIVE_RESULTS_REGISTER.md;docs/OBJECTIVES_AND_VERIFICATION.md;memory:project_o1_o2_concluded_shipped_tier.md;memory:project_synthetic_benchmarks.md		AGENT_HANDOFF.md;bench/COPY_ASSIGNMENT_AND_GATE.md;bench/DENOVO_PIPELINE.md;bench/VALIDATION_AND_STATUS.md	match:exact+glob-wide+suffix
bench/catalog_partition_vs_cds.py	tracked	5375	2026-09-01	KEEP-CITED	-		1	via bench/catalog_partition_vs_cds_gw.py		AGENT_HANDOFF.md;bench/catalog_partition_vs_cds_gw.py;docs/archive/O1_PRECISION_LEVERS.md;docs/superpowers/plans/2026-09-15-fuzzy-junction-merge.md	match:exact+glob-wide
bench/catalog_partition_vs_cds_gw.py	tracked	7338	2026-09-01	KEEP-CITED	-		1	docs/o1_ledger.md	§6bf	AGENT_HANDOFF.md;docs/archive/O1_PRECISION_LEVERS.md;docs/superpowers/plans/2026-09-15-fuzzy-junction-merge.md;tools/cleanup_wave2_bench.py	match:exact+glob-wide
bench/catalog_self_overlap_audit.py	tracked	2554	2026-09-02	KEEP-CITED	-		1	docs/o1_ledger.md	§6bs	AGENT_HANDOFF.md;docs/archive/O1_PRECISION_LEVERS.md;docs/superpowers/plans/2026-09-15-fuzzy-junction-merge.md;tools/cleanup_wave2_bench.py	match:exact+glob-wide+suffix
bench/chained_pair_score.py	tracked	5446	2026-09-20	KEEP-CITED	-		3	docs/CHAINED_JACCARD_RESULT_2026-09-20.md;docs/PREREG_colinearity_conjunct_2026-09-21.md;memory:project_cleanup_audit.md		AGENT_HANDOFF.md;docs/superpowers/plans/2026-09-15-fuzzy-junction-merge.md;tools/cleanup_wave2_bench.py	match:exact+glob-wide+suffix
bench/chapter_figures.py	tracked	5929	2026-09-05	KEEP-CITED	-		3	docs/CHAPTER_O1_O2_COMPOSITION_DRAFT.md;docs/MEMORY_DIGEST.md;docs/o1_ledger.md	§6eu	AGENT_HANDOFF.md;docs/superpowers/plans/2026-09-15-fuzzy-junction-merge.md;tools/cleanup_wave2_bench.py	match:exact+glob-wide
bench/codon_divergence.py	tracked	10130	2026-09-14	KEEP-CITED	-		1	docs/o1_ledger.md	AD-1 codon divergence (hu	AGENT_HANDOFF.md;bench/copy_mechanism.py;docs/superpowers/plans/2026-09-15-fuzzy-junction-merge.md;tools/cleanup_wave2_bench.py	match:exact+glob-wide+import
bench/colinearity_conjunct.py	tracked	6773	2026-09-22	KEEP-CITED	-		1	docs/PREREG_colinearity_conjunct_2026-09-21.md		AGENT_HANDOFF.md;docs/superpowers/plans/2026-09-15-fuzzy-junction-merge.md;tools/cleanup_wave2_bench.py	match:exact+glob-wide
bench/copy_mechanism.py	tracked	32320	2026-09-14	KEEP-CITED	-		2	docs/o1_ledger.md;memory:project_two_modes_scope.md	§6jv,§6jw,§6kc	AGENT_HANDOFF.md;docs/superpowers/plans/2026-09-15-fuzzy-junction-merge.md;tools/cleanup_wave2_bench.py	match:exact+glob-wide
bench/copy_specific_junctions.py	tracked	13151	2026-06-17	KEEP-CITED	-		2	docs/o1_investigations.md;memory:project_allele_specific_junctions.md		AGENT_HANDOFF.md;bench/COPY_ASSIGNMENT_AND_GATE.md;bench/build_sim5x.py;docs/superpowers/plans/2026-09-15-fuzzy-junction-merge.md	match:exact+glob-wide+import
bench/copy_split_sim.py	tracked	23796	2026-09-20	KEEP-CITED	-		2	docs/NEGATIVE_RESULTS_REGISTER.md;memory:project_cleanup_audit.md		AGENT_HANDOFF.md;bench/COPY_ASSIGNMENT_AND_GATE.md;docs/superpowers/plans/2026-09-15-fuzzy-junction-merge.md;tools/cleanup_wave2_bench.py	match:exact+glob-wide
bench/core_gate_gw.sh	tracked	2650	2026-09-20	KEEP-CITED	-		3	docs/NEGATIVE_RESULTS_REGISTER.md;docs/o1_ledger.md;memory:project_family_detection_validation.md	§6al	tools/cleanup_wave2_bench.py	match:glob-wide+suffix
bench/cover_and_jn_definition.py	tracked	12614	2026-09-21	KEEP-CITED	-		7	docs/COVER_AND_JN_DEFINITION_2026-09-21.md;docs/IDEAL_CHROMOSOME_SIM_2026-09-21.md;docs/NEGATIVE_RESULTS_REGISTER.md;docs/PREREG_containment_poset_2026-09-22.md		AGENT_HANDOFF.md;docs/superpowers/plans/2026-09-15-fuzzy-junction-merge.md;tools/cleanup_wave2_bench.py	match:exact+glob-wide+suffix
bench/crossape_expansion.py	tracked	5707	2026-07-17	KEEP-CITED	-		1	via bench/crossape_verify_flagships.py		AGENT_HANDOFF.md;bench/crossape_verify_flagships.py;docs/superpowers/plans/2026-09-15-fuzzy-junction-merge.md;tools/cleanup_wave2_bench.py	match:glob-wide+import
bench/crossape_verify_flagships.py	tracked	5400	2026-07-17	KEEP-CITED	-		1	docs/o1_ledger.md	THE REMAINING SURVIVORS —	AGENT_HANDOFF.md;docs/superpowers/plans/2026-09-15-fuzzy-junction-merge.md;tools/cleanup_wave2_bench.py	match:exact+glob-wide
bench/denovo_subfamilies.py	tracked	7387	2026-09-13	KEEP-CITED	-		3	docs/PREREG_core_definition_2026-09-12.md;docs/o1_ledger.md;memory:project_two_modes_scope.md	§6jt,§6kp	AGENT_HANDOFF.md;bench/NPIP_PER_MEMBER_METRICS.md;bench/NPIP_PER_MEMBER_WHOLECHR16.md;docs/superpowers/plans/2026-09-15-fuzzy-junction-merge.md	match:exact+glob-wide+suffix
bench/dna_sd_atoms.py	tracked	9864	2026-09-13	KEEP-CITED	-		3	docs/o1_ledger.md;memory:project_denovo_vs_annotated_gap.md;memory:project_read_seeded_copy_discovery.md	J2 — copy-level DNA nodes,K0 — ATP5F1A and the edge	AGENT_HANDOFF.md;docs/superpowers/plans/2026-09-14-evidence-sources-plan1.md;docs/superpowers/plans/2026-09-15-fuzzy-junction-merge.md;docs/superpowers/specs/2026-09-14-evidence-agnostic-family-definition-design.md	match:exact+glob-wide+suffix
bench/duplicon_origin.py	tracked	18110	2026-09-14	KEEP-CITED	-		2	docs/o1_ledger.md;memory:project_two_modes_scope.md	§6jt,§6ju	AGENT_HANDOFF.md;bench/copy_mechanism.py;docs/superpowers/plans/2026-09-15-fuzzy-junction-merge.md;tools/cleanup_wave2_bench.py	match:exact+glob-wide+import
bench/ec_blob_split.py	tracked	5507	2026-09-01	KEEP-CITED	-		1	docs/o1_ledger.md	§6bi	AGENT_HANDOFF.md;docs/archive/O1_PRECISION_LEVERS.md;docs/superpowers/plans/2026-09-15-fuzzy-junction-merge.md;tools/cleanup_wave2_bench.py	match:exact+glob-wide+suffix
bench/ec_identity_cliff.py	tracked	4196	2026-09-01	KEEP-CITED	-		2	docs/o1_ledger.md;memory:project_o1_shared_read_edges.md	§6bc	AGENT_HANDOFF.md;docs/superpowers/plans/2026-09-15-fuzzy-junction-merge.md;tools/cleanup_wave2_bench.py	match:exact+glob-wide+suffix
bench/ec_identity_cliff_assemble.py	tracked	5028	2026-09-01	KEEP-CITED	-		1	docs/o1_ledger.md	§6bc	AGENT_HANDOFF.md;docs/superpowers/plans/2026-09-15-fuzzy-junction-merge.md;tools/cleanup_wave2_bench.py	match:exact+glob-wide
bench/ec_refine_arm.py	tracked	4190	2026-09-01	KEEP-CITED	-		1	docs/o1_ledger.md	§6bj	AGENT_HANDOFF.md;docs/superpowers/plans/2026-09-15-fuzzy-junction-merge.md;tools/cleanup_wave2_bench.py	match:exact+glob-wide
bench/edge_probes.py	tracked	39897	2026-09-22	KEEP-CITED	-		7	docs/NEGATIVE_RESULTS_REGISTER.md;docs/PREREG_containment_poset_2026-09-22.md;docs/PREREG_cov_shorter_conjunct_2026-09-22.md;docs/PREREG_full_protein_homology_2026-09-22.md		AGENT_HANDOFF.md;docs/superpowers/plans/2026-09-15-fuzzy-junction-merge.md;tools/cleanup_wave2_bench.py	dead-path-refs:10/16;match:exact+glob-wide
bench/eichler_compare.py	tracked	4095	2026-09-21	KEEP-CITED	-		4	docs/EICHLER_COMPARISON_2026-09-21.md;docs/NEGATIVE_RESULTS_REGISTER.md;memory:MEMORY.md;memory:project_cleanup_audit.md		AGENT_HANDOFF.md;docs/superpowers/plans/2026-09-15-fuzzy-junction-merge.md;tools/cleanup_wave2_bench.py	match:exact+glob-wide
bench/er_both_coverage.py	tracked	5621	2026-09-01	KEEP-CITED	-		1	docs/o1_ledger.md	§6bk	AGENT_HANDOFF.md;docs/archive/O1_PRECISION_LEVERS.md;docs/superpowers/plans/2026-09-15-fuzzy-junction-merge.md;tools/cleanup_wave2_bench.py	match:exact+glob-wide+suffix
bench/er_both_coverage_gw.py	tracked	5670	2026-09-01	KEEP-CITED	-		1	docs/o1_ledger.md	THE REMAINING SURVIVORS —,§6bl	AGENT_HANDOFF.md;docs/archive/O1_PRECISION_LEVERS.md;docs/superpowers/plans/2026-09-15-fuzzy-junction-merge.md;tools/cleanup_wave2_bench.py	match:exact+glob-wide+suffix
bench/er_coverage_plus_connectivity.py	tracked	5073	2026-09-01	KEEP-CITED	-		1	docs/o1_ledger.md	§6bm	AGENT_HANDOFF.md;docs/archive/O1_PRECISION_LEVERS.md;docs/superpowers/plans/2026-09-15-fuzzy-junction-merge.md;tools/cleanup_wave2_bench.py	match:exact+glob-wide+suffix
bench/er_identity_band_external.py	tracked	12436	2026-09-02	KEEP-CITED	-		1	docs/o1_ledger.md	§6br	AGENT_HANDOFF.md;bench/adjudicate_covlonger.py;docs/archive/O1_PRECISION_LEVERS.md;docs/superpowers/plans/2026-09-15-fuzzy-junction-merge.md	match:exact+glob-wide+suffix
bench/er_scoped_density.py	tracked	6280	2026-09-01	KEEP-CITED	-		1	docs/o1_ledger.md	§6bn	AGENT_HANDOFF.md;docs/archive/O1_PRECISION_LEVERS.md;docs/superpowers/plans/2026-09-15-fuzzy-junction-merge.md;tools/cleanup_wave2_bench.py	match:exact+glob-wide+suffix
bench/examine_partitions.py	tracked	4337	2026-09-09	KEEP-CITED	-		1	docs/o1_ledger.md	§6gw	AGENT_HANDOFF.md;docs/superpowers/plans/2026-09-15-fuzzy-junction-merge.md;tools/cleanup_wave2_bench.py	match:exact+glob-wide
bench/family_def_airtight_panel.py	tracked	11482	2026-09-01	KEEP-CITED	-		4	docs/NEGATIVE_RESULTS_REGISTER.md;docs/o1_ledger.md;memory:project_o1_flag_defaults_audit.md;memory:project_vacuous_instruments.md	The ten, worst first,§6aa,§6al,§6an	AGENT_HANDOFF.md;bench/merge_precision_arms.py;docs/superpowers/plans/2026-09-15-fuzzy-junction-merge.md;tools/cleanup_wave2_bench.py	match:exact+glob-wide+suffix
bench/family_def_compara_check.py	tracked	3836	2026-06-22	KEEP-CITED	-		1	docs/o1_ledger.md	THE REMAINING SURVIVORS —	AGENT_HANDOFF.md;bench/family_def_genomewide.py;docs/superpowers/plans/2026-09-15-fuzzy-junction-merge.md;tools/cleanup_wave2_bench.py	match:exact+glob-wide+suffix
bench/family_def_genomewide.py	tracked	11996	2026-06-22	KEEP-CITED	-		4	via bench/FAMILY_DEF.md;via bench/family_def_airtight_panel.py;via bench/family_def_newbam_validate.py;via bench/family_def_read_filters.py		AGENT_HANDOFF.md;bench/FAMILY_DEF.md;bench/family_def_airtight_panel.py;bench/family_def_newbam_validate.py	match:exact+glob-wide+import+suffix
bench/family_def_newbam_validate.py	tracked	12383	2026-09-01	KEEP-CITED	-		4	docs/NEGATIVE_RESULTS_REGISTER.md;docs/o1_ledger.md;memory:project_family_definition_proof.md;memory:project_vacuous_instruments.md	The ten, worst first,§6an	AGENT_HANDOFF.md;bench/FAMILY_DEF.md;docs/superpowers/plans/2026-09-15-fuzzy-junction-merge.md;tools/cleanup_wave2_bench.py	match:exact+glob-wide+suffix
bench/family_def_read_filters.py	tracked	7782	2026-06-22	KEEP-CITED	-		1	memory:project_dna_pr_validation.md		AGENT_HANDOFF.md;bench/FAMILY_DEF.md;bench/family_def_airtight_panel.py;docs/superpowers/plans/2026-09-15-fuzzy-junction-merge.md	match:exact+glob-wide+import
bench/family_level_pr_current.py	tracked	33467	2026-07-04	KEEP-CITED	-		2	docs/o1_ledger.md;memory:project_family_def_precision_recall.md	THE REMAINING SURVIVORS —	AGENT_HANDOFF.md;docs/superpowers/plans/2026-09-15-fuzzy-junction-merge.md;tools/cleanup_wave2_bench.py	match:exact+glob-wide+suffix
bench/family_rna_refine.tsv	tracked	129594	2026-07-06	KEEP-CITED	-		8	docs/NEGATIVE_RESULTS_REGISTER.md;docs/o1_ledger.md;memory:MEMORY.md;memory:project_family_def_precision_recall.md	§6r0	AGENT_HANDOFF.md;bench/family_level_pr_current.py	named-beside-stale-language-by:memory:project_family_def_precision_recall.md;match:exact+suffix
bench/five_prime_deficit.py	tracked	6376	2026-09-22	KEEP-CITED	-		3	docs/NEGATIVE_RESULTS_REGISTER.md;docs/PREREG_five_prime_deficit_2026-09-21.md;memory:project_locus_formation_gap.md		AGENT_HANDOFF.md;docs/superpowers/plans/2026-09-15-fuzzy-junction-merge.md;tools/cleanup_wave2_bench.py	match:exact+glob-wide
bench/fn_merge_rules.py	tracked	4499	2026-09-21	KEEP-CITED	-		1	memory:project_cleanup_audit.md		AGENT_HANDOFF.md;docs/superpowers/plans/2026-09-15-fuzzy-junction-merge.md;tools/cleanup_wave2_bench.py	match:exact+glob-wide
bench/fp_connectivity_levers.py	tracked	4797	2026-09-01	KEEP-CITED	-		1	docs/o1_ledger.md	§6bh	AGENT_HANDOFF.md;docs/archive/O1_PRECISION_LEVERS.md;docs/superpowers/plans/2026-09-15-fuzzy-junction-merge.md;tools/cleanup_wave2_bench.py	match:exact+glob-wide+suffix
bench/fp_sources_read.py	tracked	5885	2026-09-01	KEEP-CITED	-		1	docs/o1_ledger.md	§6bg	AGENT_HANDOFF.md;bench/er_both_coverage_gw.py;bench/er_coverage_plus_connectivity.py;bench/er_scoped_density.py	match:exact+glob-wide+suffix
bench/fp_sources_seeded.py	tracked	6809	2026-09-01	KEEP-CITED	-		1	docs/o1_ledger.md	§6bg	AGENT_HANDOFF.md;bench/fp_sources_read.py;docs/archive/O1_PRECISION_LEVERS.md;docs/superpowers/plans/2026-09-15-fuzzy-junction-merge.md	match:exact+glob-wide+suffix
bench/gen_bridge_detector_fixture.py	tracked	23826	2026-07-03	KEEP-CITED	-		1	src/rustle/vg_family/bridge_detector.rs		AGENT_HANDOFF.md;docs/superpowers/plans/2026-09-15-fuzzy-junction-merge.md;tools/audit_cleanup_candidates.py;tools/cleanup_wave2_bench.py	match:exact+glob-wide
bench/gen_distinct_loci_fixture.py	tracked	8904	2026-07-03	KEEP-CITED	-		1	src/rustle/vg_family/family_definition.rs		AGENT_HANDOFF.md;docs/superpowers/plans/2026-09-15-fuzzy-junction-merge.md;tools/audit_cleanup_candidates.py;tools/cleanup_wave2_bench.py	match:exact+glob-wide
bench/gen_edge_oracle_fixture.py	tracked	14259	2026-07-03	KEEP-CITED	-		2	memory:project_oracle_removal_scaffold.md;src/rustle/vg_family/edge_oracle.rs		AGENT_HANDOFF.md;docs/superpowers/plans/2026-09-15-fuzzy-junction-merge.md;tools/audit_cleanup_candidates.py;tools/cleanup_wave2_bench.py	match:exact+glob-wide+suffix
bench/gen_loaders_fixture.py	tracked	16242	2026-07-03	KEEP-CITED	-		1	src/rustle/vg_family/family_loaders.rs		AGENT_HANDOFF.md;docs/superpowers/plans/2026-09-15-fuzzy-junction-merge.md;tools/audit_cleanup_candidates.py;tools/cleanup_wave2_bench.py	match:exact+glob-wide
bench/gen_minimizers_fixture.py	tracked	11007	2026-07-03	KEEP-CITED	-		1	src/rustle/vg_family/minimizers.rs		AGENT_HANDOFF.md;bench/gen_repeat_catalog_fixture.py;docs/superpowers/plans/2026-09-15-fuzzy-junction-merge.md;tools/audit_cleanup_candidates.py	match:exact+glob-wide+suffix
bench/gen_multi_repeat_bridge_fixture.py	tracked	20586	2026-07-03	KEEP-CITED	-		2	src/rustle/vg_family/multi_repeat_bridge.rs;src/rustle/vg_family/multi_repeat_bridge_tests.rs		AGENT_HANDOFF.md;docs/superpowers/plans/2026-09-15-fuzzy-junction-merge.md;tools/audit_cleanup_candidates.py;tools/cleanup_wave2_bench.py	match:exact+glob-wide
bench/gen_o2_columns_fixture.py	tracked	12875	2026-07-03	KEEP-CITED	-		1	src/rustle/vg_family/o2_columns.rs		AGENT_HANDOFF.md;docs/superpowers/plans/2026-09-15-fuzzy-junction-merge.md;tools/audit_cleanup_candidates.py;tools/cleanup_wave2_bench.py	dead-path-refs:4/6;match:exact+glob-wide
bench/gen_o2_margin_gate_fixture.py	tracked	15022	2026-07-03	KEEP-CITED	-		1	src/rustle/vg_family/o2_margin_gate.rs		AGENT_HANDOFF.md;docs/superpowers/plans/2026-09-15-fuzzy-junction-merge.md;tools/audit_cleanup_candidates.py;tools/cleanup_wave2_bench.py	dead-path-refs:5/8;match:exact+glob-wide
bench/gen_o2_materialize_fixture.py	tracked	7976	2026-07-03	KEEP-CITED	-		1	src/rustle/vg_family/o2_materialize.rs		AGENT_HANDOFF.md;docs/superpowers/plans/2026-09-15-fuzzy-junction-merge.md;tools/audit_cleanup_candidates.py;tools/cleanup_wave2_bench.py	dead-path-refs:3/5;match:exact+glob-wide
bench/gen_o2_readfetch_fixture.py	tracked	5650	2026-07-03	KEEP-CITED	-		1	src/rustle/vg_family/o2_materialize.rs		AGENT_HANDOFF.md;docs/superpowers/plans/2026-09-15-fuzzy-junction-merge.md;tools/audit_cleanup_candidates.py;tools/cleanup_wave2_bench.py	match:exact+glob-wide
bench/gen_recombinant_abstain_fixture.py	tracked	22239	2026-07-03	KEEP-CITED	-		1	src/rustle/vg_family/recombinant_abstain.rs		AGENT_HANDOFF.md;docs/superpowers/plans/2026-09-15-fuzzy-junction-merge.md;tools/audit_cleanup_candidates.py;tools/cleanup_wave2_bench.py	match:exact+glob-wide
bench/gen_recombinant_split_fixture.py	tracked	18822	2026-07-03	KEEP-CITED	-		1	src/rustle/vg_family/recombinant_split.rs		AGENT_HANDOFF.md;bench/gen_multi_repeat_bridge_fixture.py;docs/superpowers/plans/2026-09-15-fuzzy-junction-merge.md;tools/audit_cleanup_candidates.py	match:exact+glob-wide+suffix
bench/gen_refine_families_fixture.py	tracked	8256	2026-07-03	KEEP-CITED	-		2	docs/RETIREMENT_AND_MIGRATION.md;src/rustle/vg_family/family_definition.rs		AGENT_HANDOFF.md;bench/gen_recombinant_split_fixture.py;docs/superpowers/plans/2026-09-15-fuzzy-junction-merge.md;tools/audit_cleanup_candidates.py	match:exact+glob-wide+suffix
bench/gen_repeat_catalog_fixture.py	tracked	9086	2026-07-03	KEEP-CITED	-		1	src/rustle/vg_family/repeat_catalog.rs		AGENT_HANDOFF.md;docs/superpowers/plans/2026-09-15-fuzzy-junction-merge.md;tools/audit_cleanup_candidates.py;tools/cleanup_wave2_bench.py	match:exact+glob-wide
bench/gff_exon_union.py	tracked	1609	2026-09-05	KEEP-CITED	-		1	docs/o1_ledger.md	§6ew	AGENT_HANDOFF.md;docs/superpowers/plans/2026-09-15-fuzzy-junction-merge.md;tools/cleanup_wave2_bench.py	match:exact+glob-wide
bench/graph_def_refine_sweep.py	tracked	40304	2026-07-01	KEEP-CITED	-		2	docs/RETIREMENT_AND_MIGRATION.md;src/rustle/vg_family/family_loaders.rs		AGENT_HANDOFF.md;bench/family_level_pr_current.py;bench/gen_loaders_fixture.py;bench/gen_multi_repeat_bridge_fixture.py	dead-path-refs:5/5;match:exact+glob-wide+import+suffix
bench/gtf_copy_set.py	tracked	11293	2026-09-09	KEEP-CITED	-		5	docs/OPEN_ITEMS_2026-09-09.md;docs/PREREG_gtf_copy_set_2026-09-09.md;docs/o1_ledger.md;memory:project_o2_as_tied_gate.md	§6hn,§6ho	AGENT_HANDOFF.md;docs/superpowers/plans/2026-09-15-fuzzy-junction-merge.md;tools/cleanup_wave2_bench.py	match:exact+glob-wide+suffix
bench/guided_genebody.py	tracked	23363	2026-09-13	KEEP-CITED	-		2	docs/o1_ledger.md;memory:project_two_modes_scope.md	§6jo	AGENT_HANDOFF.md;bench/guided_tree_width.py;bench/guided_union.py;docs/superpowers/plans/2026-09-15-fuzzy-junction-merge.md	match:exact+glob-wide+suffix
bench/guided_leaveout.py	tracked	10342	2026-09-13	KEEP-CITED	-		2	docs/o1_ledger.md;memory:project_two_modes_scope.md	§6jm	AGENT_HANDOFF.md;bench/guided_rules.py;docs/superpowers/plans/2026-09-15-fuzzy-junction-merge.md;tools/cleanup_wave2_bench.py	match:exact+glob-wide
bench/guided_min.py	tracked	11901	2026-09-14	KEEP-CITED	-		3	docs/PREREG_core_definition_2026-09-12.md;docs/o1_ledger.md;memory:project_two_modes_scope.md	§6ki	AGENT_HANDOFF.md;bench/annotation_nodes.py;docs/superpowers/plans/2026-09-15-fuzzy-junction-merge.md;docs/superpowers/specs/2026-09-14-evidence-agnostic-family-definition-design.md	match:exact+glob-wide+import+suffix
bench/guided_pipeline.py	tracked	37449	2026-09-13	KEEP-CITED	-		5	docs/ADVISOR_QUESTIONS.md;docs/PREREG_core_definition_2026-09-12.md;docs/o1_ledger.md;docs/seeded_family_definition.md	inv24 — code: guided_pipe,§6js,§6jt,§6kz	AGENT_HANDOFF.md;bench/NPIP_NODE_LADDER.md;bench/NPIP_PER_MEMBER_METRICS.md;bench/TBC1D3_GUITART_TRUTH_CORRECTION.md	match:exact+glob-wide+import+suffix
bench/guided_projection_tree.py	tracked	7215	2026-09-13	KEEP-CITED	-		2	docs/o1_ledger.md;memory:project_two_modes_scope.md	§6jp	AGENT_HANDOFF.md;bench/guided_union.py;docs/superpowers/plans/2026-09-15-fuzzy-junction-merge.md;tools/cleanup_wave2_bench.py	match:exact+glob-wide+suffix
bench/guided_rules.py	tracked	15840	2026-09-13	KEEP-CITED	-		2	docs/o1_ledger.md;memory:project_two_modes_scope.md	§6jn	AGENT_HANDOFF.md;docs/superpowers/plans/2026-09-15-fuzzy-junction-merge.md;tools/cleanup_wave2_bench.py	match:exact+glob-wide
bench/guided_tree_width.py	tracked	16739	2026-09-13	KEEP-CITED	-		1	docs/o1_ledger.md	inv25 — code: guided_tree,§6jp	AGENT_HANDOFF.md;bench/TBC1D3_GUITART_TRUTH_CORRECTION.md;bench/guided_projection_tree.py;bench/guided_union.py	match:exact+glob-wide+suffix
bench/guided_union.py	tracked	14228	2026-09-13	KEEP-CITED	-		2	docs/o1_ledger.md;memory:project_two_modes_scope.md	§6jr	AGENT_HANDOFF.md;docs/superpowers/plans/2026-09-15-fuzzy-junction-merge.md;tools/cleanup_wave2_bench.py	match:exact+glob-wide
bench/gw_partition_scan.py	tracked	1135	2026-09-09	KEEP-CITED	-		1	docs/o1_ledger.md	§6gw	AGENT_HANDOFF.md;docs/superpowers/plans/2026-09-15-fuzzy-junction-merge.md;tools/cleanup_wave2_bench.py	match:exact+glob-wide
bench/gw_subfamily_scan.py	tracked	6164	2026-09-09	KEEP-CITED	-		2	docs/PREREG_modality_2026-09-09.md;docs/o1_ledger.md	§6gw,§6gx	AGENT_HANDOFF.md;bench/gw_partition_scan.py;docs/superpowers/plans/2026-09-15-fuzzy-junction-merge.md;tools/cleanup_wave2_bench.py	match:exact+glob-wide+suffix
bench/gw_threeway.sh	tracked	4427	2026-09-20	KEEP-CITED	-		2	docs/ACTIVE_WORKING_SET.md;docs/NEGATIVE_RESULTS_REGISTER.md		bench/VALIDATION_AND_STATUS.md;tools/cleanup_wave2_bench.py	match:exact+glob-wide+suffix
bench/hard_locus_bakeoff.py	tracked	6688	2026-09-09	KEEP-CITED	-		3	docs/PREREG_hard_locus_bakeoff_2026-09-09.md;docs/o1_ledger.md;memory:project_o2_as_tied_gate.md	§6hh,§6hy	AGENT_HANDOFF.md;docs/superpowers/plans/2026-09-15-fuzzy-junction-merge.md;tools/cleanup_wave2_bench.py	match:exact+glob-wide
bench/heldout_family_score.py	tracked	6756	2026-09-20	KEEP-CITED	-		9	docs/JACCARD_SWEEP_RESULT_2026-09-20.md;docs/JUNCTION_FAMILY_RESULT_2026-09-20.md;docs/NEGATIVE_RESULTS_REGISTER.md;docs/PREREG_heldout_families_2026-09-20.md		AGENT_HANDOFF.md;bench/jaccard_sweep_families.py;docs/superpowers/plans/2026-09-15-fuzzy-junction-merge.md;tools/cleanup_wave2_bench.py	match:exact+glob-wide+suffix
bench/hybrid_union.py	tracked	3244	2026-09-13	KEEP-CITED	-		1	docs/o1_ledger.md	§6jl	AGENT_HANDOFF.md;docs/superpowers/plans/2026-09-15-fuzzy-junction-merge.md;tools/cleanup_wave2_bench.py	match:exact+glob-wide
bench/ideal_chromosome_sim.py	tracked	6031	2026-09-21	KEEP-CITED	-		1	docs/IDEAL_CHROMOSOME_SIM_2026-09-21.md		AGENT_HANDOFF.md;docs/superpowers/plans/2026-09-15-fuzzy-junction-merge.md;tools/cleanup_wave2_bench.py	match:exact+glob-wide
bench/identity_gap.py	tracked	5597	2026-09-09	KEEP-CITED	-		8	docs/NEGATIVE_RESULTS_REGISTER.md;docs/OPEN_ITEMS_2026-09-09.md;docs/PREREG_core_definition_2026-09-12.md;docs/PREREG_identity_weighted_density_2026-09-10.md	§6gw,§6ht,§6jo	AGENT_HANDOFF.md;bench/guided_genebody.py;bench/identity_weighted_density.py;docs/superpowers/plans/2026-09-15-fuzzy-junction-merge.md	match:exact+glob-wide+suffix
bench/identity_weighted_density.py	tracked	8497	2026-09-10	KEEP-CITED	-		1	docs/PREREG_identity_weighted_density_2026-09-10.md		AGENT_HANDOFF.md;docs/superpowers/plans/2026-09-15-fuzzy-junction-merge.md;tools/cleanup_wave2_bench.py	match:exact+glob-wide
bench/igv_tracks.py	tracked	16628	2026-09-15	KEEP-CITED	-		4	docs/ADVISOR_QUESTIONS.md;docs/o1_ledger.md;memory:project_igv_psv_fixes_trim_demo.md;src/bin/copy_assign.rs	Objection 1 — "you are no,§6gh,§6gi,§6l3	AGENT_HANDOFF.md;bench/README.md;bench/isoform_copy_join.py;docs/superpowers/plans/2026-09-15-fuzzy-junction-merge.md	match:exact+glob-wide+suffix
bench/interval_expression.py	tracked	2223	2026-09-13	KEEP-CITED	-		3	docs/PREREG_core_definition_2026-09-12.md;docs/o1_ledger.md;docs/seeded_family_definition.md	K1 — DNA+RNA hybrid (atom	AGENT_HANDOFF.md;bench/hybrid_union.py;docs/superpowers/plans/2026-09-15-fuzzy-junction-merge.md;tools/cleanup_wave2_bench.py	match:exact+glob-wide+suffix
bench/intron_placeholder_edges.py	tracked	4760	2026-09-20	KEEP-CITED	-		2	docs/INTRON_PLACEHOLDER_RESULT_2026-09-20.md;memory:project_cleanup_audit.md		AGENT_HANDOFF.md;bench/junction_family_edges.py;docs/superpowers/plans/2026-09-15-fuzzy-junction-merge.md;tools/cleanup_wave2_bench.py	match:exact+glob-wide+import
bench/isoform_bakeoff.py	tracked	10181	2026-09-10	KEEP-CITED	-		4	docs/ADVISOR_QUESTIONS.md;docs/OPEN_ITEMS_2026-09-09.md;docs/PREREG_isoform_bakeoff_2026-09-09.md;docs/o1_ledger.md	§6hz,§6i8	AGENT_HANDOFF.md;docs/superpowers/plans/2026-09-15-fuzzy-junction-merge.md;docs/superpowers/specs/2026-09-10-o3-flag-pass-integration-design.md;tools/cleanup_wave2_bench.py	match:exact+glob-wide+suffix
bench/isoform_copy_join.py	tracked	6660	2026-09-08	KEEP-CITED	-		2	docs/NEGATIVE_RESULTS_REGISTER.md;docs/o1_ledger.md	§6gi	AGENT_HANDOFF.md;docs/superpowers/plans/2026-09-15-fuzzy-junction-merge.md;tools/cleanup_wave2_bench.py	match:exact+glob-wide
bench/isoform_copy_lift.py	tracked	14359	2026-09-10	KEEP-CITED	-		7	docs/OPEN_ITEMS_2026-09-09.md;docs/PREREG_boundary_outlier_2026-09-10.md;docs/PREREG_gtf_copy_set_2026-09-09.md;docs/PREREG_isoform_bakeoff_2026-09-09.md	§6hl,§6i4	AGENT_HANDOFF.md;bench/gtf_copy_set.py;bench/isoform_bakeoff.py;docs/superpowers/plans/2026-09-15-fuzzy-junction-merge.md	match:exact+glob-wide+import+suffix
bench/isoform_pool.py	tracked	9488	2026-09-09	KEEP-CITED	-		2	docs/PREREG_isoform_pool_2026-09-09.md;docs/o1_ledger.md	§6hm	AGENT_HANDOFF.md;bench/isoform_pool_excision.py;docs/superpowers/plans/2026-09-15-fuzzy-junction-merge.md;tools/cleanup_wave2_bench.py	match:exact+glob-wide+import
bench/isoform_pool_excision.py	tracked	4937	2026-09-09	KEEP-CITED	-		1	docs/PREREG_isoform_pool_2026-09-09.md		AGENT_HANDOFF.md;docs/superpowers/plans/2026-09-15-fuzzy-junction-merge.md;tools/cleanup_wave2_bench.py	match:exact+glob-wide
bench/jaccard_plus_exon.py	tracked	5357	2026-09-20	KEEP-CITED	-		3	docs/JACCARD_SWEEP_RESULT_2026-09-20.md;docs/NEGATIVE_RESULTS_REGISTER.md;memory:project_cleanup_audit.md		AGENT_HANDOFF.md;docs/superpowers/plans/2026-09-15-fuzzy-junction-merge.md;tools/cleanup_wave2_bench.py	match:exact+glob-wide+suffix
bench/jaccard_sweep_families.py	tracked	2996	2026-09-20	KEEP-CITED	-		1	memory:project_cleanup_audit.md		AGENT_HANDOFF.md;docs/superpowers/plans/2026-09-15-fuzzy-junction-merge.md;tools/cleanup_wave2_bench.py	match:exact+glob-wide
bench/jaccard_vs_align.py	tracked	5845	2026-09-08	KEEP-CITED	-		3	docs/NEGATIVE_RESULTS_REGISTER.md;docs/PREREG_jaccard_sweep_2026-09-20.md;docs/o1_ledger.md	Jaccard on the SAME input	AGENT_HANDOFF.md;docs/superpowers/plans/2026-09-15-fuzzy-junction-merge.md;tools/cleanup_wave2_bench.py	match:exact+glob-wide
bench/junction_family_edges.py	tracked	6872	2026-09-21	KEEP-CITED	-		3	docs/JUNCTION_FAMILY_RESULT_2026-09-20.md;docs/NEGATIVE_RESULTS_REGISTER.md;memory:project_cleanup_audit.md		AGENT_HANDOFF.md;docs/superpowers/plans/2026-09-15-fuzzy-junction-merge.md;tools/cleanup_wave2_bench.py	match:exact+glob-wide
bench/layer_order/lattice_check_c2.py	tracked	7152	2026-09-20	KEEP-CITED	-		3	via bench/NESTED_LATTICE_NPIP_TBC1D3.md;via bench/layer_order/lattice_edges.py;via docs/superpowers/specs/2026-09-16-family-layer-order-design.md	§6r9	bench/NESTED_LATTICE_NPIP_TBC1D3.md;bench/layer_order/lattice_edges.py;docs/superpowers/specs/2026-09-16-family-layer-order-design.md	match:dir+exact+glob-wide+suffix
bench/layer_order/lattice_common.py	tracked	10016	2026-09-16	KEEP-CITED	-		5	via bench/NESTED_LATTICE_NPIP_TBC1D3.md;via bench/layer_order/lattice_edges.py;via bench/layer_order/lattice_filtration.py;via bench/layer_order/lattice_truth.py	§6r9	bench/NESTED_LATTICE_NPIP_TBC1D3.md;bench/layer_order/lattice_check_c2.py;bench/layer_order/lattice_edges.py;bench/layer_order/lattice_expr.py	match:dir+exact+glob-wide+import
bench/layer_order/lattice_edges.py	tracked	42963	2026-09-20	KEEP-CITED	-		3	docs/NEGATIVE_RESULTS_REGISTER.md;docs/o1_ledger.md;memory:project_cleanup_audit.md	inv27 — code: layer-order,§6r9	bench/NESTED_LATTICE_NPIP_TBC1D3.md;bench/TBC1D3_GUITART_TRUTH_CORRECTION.md;bench/layer_order/lattice_check_c2.py;bench/layer_order/lattice_common.py	match:dir+exact+glob-wide+suffix
bench/layer_order/lattice_expr.py	tracked	5764	2026-09-20	KEEP-CITED	-		2	via bench/NESTED_LATTICE_NPIP_TBC1D3.md;via docs/superpowers/specs/2026-09-16-family-layer-order-design.md	§6r9	bench/NESTED_LATTICE_NPIP_TBC1D3.md;bench/layer_order/lattice_levels.py;bench/layer_order/lattice_report_tables.py;docs/superpowers/specs/2026-09-16-family-layer-order-design.md	match:dir+exact+glob-wide+suffix
bench/layer_order/lattice_filtration.py	tracked	14243	2026-09-20	KEEP-CITED	-		1	docs/o1_ledger.md	inv33 — positional cluste,§6r9	bench/NESTED_LATTICE_NPIP_TBC1D3.md;bench/TBC1D3_GUITART_TRUTH_CORRECTION.md;docs/superpowers/specs/2026-09-16-family-layer-order-design.md	match:dir+exact+glob-wide+suffix
bench/layer_order/lattice_levels.py	tracked	19398	2026-09-20	KEEP-CITED	-		2	via bench/NESTED_LATTICE_NPIP_TBC1D3.md;via docs/superpowers/specs/2026-09-16-family-layer-order-design.md	§6r9	bench/NESTED_LATTICE_NPIP_TBC1D3.md;docs/superpowers/specs/2026-09-16-family-layer-order-design.md	match:dir+exact+glob-wide
bench/layer_order/lattice_report_tables.py	tracked	36943	2026-09-20	KEEP-CITED	-		2	via bench/NESTED_LATTICE_NPIP_TBC1D3.md;via docs/superpowers/specs/2026-09-16-family-layer-order-design.md	§6r9	bench/NESTED_LATTICE_NPIP_TBC1D3.md;docs/superpowers/specs/2026-09-16-family-layer-order-design.md	match:dir+exact+glob-wide+suffix
bench/layer_order/lattice_truth.py	tracked	11684	2026-09-20	KEEP-CITED	-		1	docs/o1_ledger.md	inv27 — code: layer-order,§6r9	bench/NESTED_LATTICE_NPIP_TBC1D3.md;bench/TBC1D3_GUITART_TRUTH_CORRECTION.md;docs/superpowers/specs/2026-09-16-family-layer-order-design.md	match:dir+exact+glob-wide+suffix
bench/layer_order/lo_analysis.py	tracked	60738	2026-09-20	KEEP-CITED	-		3	via bench/LAYER_ORDER_NPIP_TBC1D3.md;via bench/layer_order/lattice_edges.py;via docs/superpowers/specs/2026-09-16-family-layer-order-design.md	§6r9	bench/LAYER_ORDER_NPIP_TBC1D3.md;bench/layer_order/lattice_edges.py;docs/superpowers/specs/2026-09-16-family-layer-order-design.md	match:dir+exact+glob-wide+import
bench/layer_order/lo_corrected_tables.py	tracked	30823	2026-09-20	KEEP-CITED	-		3	via bench/LAYER_ORDER_NPIP_TBC1D3.md;via bench/layer_order/lattice_edges.py;via docs/superpowers/specs/2026-09-16-family-layer-order-design.md	§6r9	bench/LAYER_ORDER_NPIP_TBC1D3.md;bench/layer_order/lattice_edges.py;bench/layer_order/lo_analysis.py;docs/superpowers/specs/2026-09-16-family-layer-order-design.md	match:dir+exact+glob-wide+import+suffix
bench/layer_order/lo_expr_recount.py	tracked	6899	2026-09-16	KEEP-CITED	-		3	via bench/LAYER_ORDER_NPIP_TBC1D3.md;via bench/NESTED_LATTICE_NPIP_TBC1D3.md;via docs/superpowers/specs/2026-09-16-family-layer-order-design.md	§6r9	bench/LAYER_ORDER_NPIP_TBC1D3.md;bench/NESTED_LATTICE_NPIP_TBC1D3.md;bench/layer_order/lattice_expr.py;docs/superpowers/specs/2026-09-16-family-layer-order-design.md	match:dir+exact+glob-wide+suffix
bench/layer_order/soto_map.py	tracked	5030	2026-09-20	KEEP-CITED	-		2	docs/NEGATIVE_RESULTS_REGISTER.md;memory:project_cleanup_audit.md	§6r9	bench/layer_order/lattice_edges.py;bench/layer_order/lo_analysis.py;bench/layer_order/lo_corrected_tables.py;docs/superpowers/specs/2026-09-16-family-layer-order-design.md	match:dir+exact+glob-wide+import+suffix
bench/locus_reads.py	tracked	5116	2026-09-02	KEEP-CITED	-		2	docs/THESIS_OBJECTIVES.md;docs/o1_ledger.md	CANDIDATE 2 — `NC_073244.,⛔⛔ TWO SURVIVORS ARE TEXT,⭐⭐⭐ RNA CORROBORATION IS 	AGENT_HANDOFF.md;bench/seeded_mode_tier.py;docs/superpowers/plans/2026-09-15-fuzzy-junction-merge.md;tools/cleanup_wave2_bench.py	match:exact+glob-wide+import
bench/mcl_annotation.py	tracked	7057	2026-09-04	KEEP-CITED	-		2	docs/PREREG_q9_npipAB_2026-09-05.md;docs/o1_ledger.md	§6da,§6dd	AGENT_HANDOFF.md;docs/archive/O1_TO_O2_BRIDGE.md;docs/superpowers/plans/2026-09-15-fuzzy-junction-merge.md;tools/cleanup_wave2_bench.py	match:exact+glob-wide
bench/mcl_edge_dump.py	tracked	1924	2026-09-05	KEEP-CITED	-		2	docs/O1_DEFINITION_SWITCH.md;docs/o1_ledger.md	§6ev	AGENT_HANDOFF.md;docs/superpowers/plans/2026-09-15-fuzzy-junction-merge.md;tools/cleanup_wave2_bench.py	match:exact+glob-wide
bench/mcl_port.py	tracked	2113	2026-09-14	KEEP-CITED	-		10	docs/MEMORY_DIGEST.md;docs/NEGATIVE_RESULTS_REGISTER.md;docs/OPERATOR_BAKEOFF_HELDOUT_2026-09-20.md;docs/PREREG_core_definition_2026-09-12.md	§6kn	AGENT_HANDOFF.md;bench/adjudicated_truth.py;bench/cover_and_jn_definition.py;bench/edge_probes.py	match:exact+glob-wide+import+suffix
bench/mcl_to_cat_copies.py	tracked	2052	2026-09-05	KEEP-CITED	-		2	docs/O1_DEFINITION_SWITCH.md;docs/o1_ledger.md	§6ev	AGENT_HANDOFF.md;docs/superpowers/plans/2026-09-15-fuzzy-junction-merge.md;tools/cleanup_wave2_bench.py	match:exact+glob-wide
bench/measure_junction_jitter.py	tracked	4644	2026-09-15	KEEP-CITED	-		1	docs/PREREG_junction_fuzz_2026-09-15.md		AGENT_HANDOFF.md;bench/CHR20_ASSEMBLER_COMPARISON.md;docs/superpowers/plans/2026-09-15-fuzzy-junction-merge.md;tools/cleanup_wave2_bench.py	match:exact+glob-wide
bench/mechanism/byte_identity_gate.sh	tracked	4739	2026-08-31	KEEP-CITED	-		5	docs/NEGATIVE_RESULTS_REGISTER.md;docs/ONE_METHOD.md;docs/o1_ledger.md;memory:project_mechanism_transparency.md	§6ak,§6al,§6an		named-beside-stale-language-by:memory:project_vacuous_instruments.md;match:dir+exact+suffix
bench/mechanism/consolidation_divergences.md	tracked	4153	2026-07-21	KEEP-CITED	-		3	docs/NEGATIVE_RESULTS_REGISTER.md;docs/ONE_METHOD.md;memory:project_mechanism_transparency.md			match:dir+exact+suffix
bench/mechanism/demo/README.md	tracked	10661	2026-07-21	KEEP-CITED	-		2	docs/NEGATIVE_RESULTS_REGISTER.md;memory:project_mechanism_transparency.md	§6q9	AGENTS.md;REPRODUCE.md;tools/audit_cleanup_candidates.py;tools/cleanup_wave2_bench.py	match:basename-ambiguous+dir
bench/merge_precision_arms.py	tracked	5569	2026-08-30	KEEP-CITED	-		5	docs/MEMORY_DIGEST.md;docs/NUMBERS.md;docs/o1_ledger.md;memory:project_o1_flag_defaults_audit.md	§6ab,§6ac	AGENT_HANDOFF.md;docs/superpowers/plans/2026-09-15-fuzzy-junction-merge.md;tools/cleanup_wave2_bench.py	match:exact+glob-wide+suffix
bench/merge_regions.py	tracked	3431	2026-09-11	KEEP-CITED	-		1	docs/o1_ledger.md	§6id	AGENT_HANDOFF.md;docs/superpowers/plans/2026-09-15-fuzzy-junction-merge.md;tools/cleanup_wave2_bench.py	match:exact+glob-wide
bench/modality.py	tracked	7230	2026-09-09	KEEP-CITED	-		2	docs/PREREG_modality_2026-09-09.md;docs/o1_ledger.md	§6gw	AGENT_HANDOFF.md;bench/gw_partition_scan.py;bench/gw_subfamily_scan.py;bench/identity_gap.py	match:exact+glob-wide+import
bench/multi_copy_eval/merge_sweep_exons.tsv	tracked	2474	2026-07-28	KEEP-CITED	-		3	docs/o1_ledger.md;memory:project_read_support_psv_filter.md;src/rustle/vg_family/family_graph.rs	§6r0		
bench/negative_control/check_housekeeping.py	tracked	6459	2026-05-02	KEEP-CITED	-		3	docs/PREREG_core_definition_2026-09-12.md;docs/o1_ledger.md;memory:project_npip_node_ladder.md	§6af,§6as		match:dir+exact+suffix
bench/neighbourhood_jaccard.py	tracked	6540	2026-09-21	KEEP-CITED	-		2	docs/NEIGHBOURHOOD_JACCARD_RESULT_2026-09-21.md;memory:project_cleanup_audit.md		AGENT_HANDOFF.md;bench/soto_vs_us_referee.py;docs/superpowers/plans/2026-09-15-fuzzy-junction-merge.md;tools/cleanup_wave2_bench.py	match:exact+glob-wide+import
bench/node_graph_admission.py	tracked	6440	2026-09-22	KEEP-CITED	-		8	docs/NEGATIVE_RESULTS_REGISTER.md;docs/NODE_DEFINITION_2026-09-22.md;docs/NODE_GRAPH_ADMISSION_2026-09-21.md;docs/PREREG_cov_shorter_conjunct_2026-09-22.md		AGENT_HANDOFF.md;docs/superpowers/plans/2026-09-15-fuzzy-junction-merge.md;tools/cleanup_wave2_bench.py	match:exact+glob-wide+suffix
bench/node_graph_mcl.py	tracked	4643	2026-09-14	KEEP-CITED	-		3	docs/PREREG_core_definition_2026-09-12.md;docs/o1_ledger.md;memory:project_two_modes_scope.md	§6kg,§6kh,§6kl	AGENT_HANDOFF.md;bench/NESTED_LATTICE_NPIP_TBC1D3.md;bench/annotation_nodes.py;docs/superpowers/plans/2026-09-15-fuzzy-junction-merge.md	match:exact+glob-wide+suffix
bench/npip_human_build.sh	tracked	1125	2026-09-07	KEEP-CITED	-		1	docs/o1_ledger.md	§6fv	tools/cleanup_wave2_bench.py	match:exact+glob-wide
bench/npip_sim.py	tracked	5703	2026-09-06	KEEP-CITED	-		3	docs/PREREG_npip_known_origin_2026-09-06.md;docs/o1_ledger.md;memory:project_o3_flag_pass.md	§6fp	AGENT_HANDOFF.md;docs/superpowers/plans/2026-09-15-fuzzy-junction-merge.md;tools/cleanup_wave2_bench.py	match:exact+glob-wide
bench/o1_ablation_score.py	tracked	4817	2026-09-07	KEEP-CITED	-		1	docs/PREREG_annotation_ablation_2026-09-07.md		AGENT_HANDOFF.md;docs/superpowers/plans/2026-09-15-fuzzy-junction-merge.md;tools/cleanup_wave2_bench.py	match:exact+glob-wide
bench/o1_block_consistency.py	tracked	6396	2026-08-20	KEEP-CITED	-		2	docs/NEGATIVE_RESULTS_REGISTER.md;docs/o1_investigations.md		AGENT_HANDOFF.md;docs/superpowers/plans/2026-09-15-fuzzy-junction-merge.md;tools/cleanup_wave2_bench.py	match:exact+glob-wide
bench/o1_classify_exonic.py	tracked	5436	2026-08-22	KEEP-CITED	-		1	docs/o1_ledger.md	4g. ⭐⭐ The exon arrays la	AGENT_HANDOFF.md;docs/superpowers/plans/2026-09-15-fuzzy-junction-merge.md;tools/cleanup_wave2_bench.py	match:exact+glob-wide
bench/o1_closure.py	tracked	10289	2026-09-07	KEEP-CITED	-		1	docs/o1_ledger.md	§6fy	AGENT_HANDOFF.md;docs/superpowers/plans/2026-09-15-fuzzy-junction-merge.md;tools/cleanup_wave2_bench.py	match:exact+glob-wide
bench/o1_compara_noncircular.py	tracked	6642	2026-08-20	KEEP-CITED	-		2	docs/NEGATIVE_RESULTS_REGISTER.md;docs/o1_investigations.md		AGENT_HANDOFF.md;docs/superpowers/plans/2026-09-15-fuzzy-junction-merge.md;tools/cleanup_wave2_bench.py	match:exact+glob-wide
bench/o1_competitor_resolved.py	tracked	7323	2026-08-23	KEEP-CITED	-		3	docs/NEGATIVE_RESULTS_REGISTER.md;docs/o1_ledger.md;memory:project_o1_node_gap_primary_flag.md	§4e	AGENT_HANDOFF.md;docs/superpowers/plans/2026-09-15-fuzzy-junction-merge.md;tools/cleanup_wave2_bench.py	match:exact+glob-wide
bench/o1_core_projection.py	tracked	7244	2026-09-07	KEEP-CITED	-		1	docs/o1_ledger.md	§6fu	AGENT_HANDOFF.md;docs/superpowers/plans/2026-09-15-fuzzy-junction-merge.md;tools/cleanup_wave2_bench.py	match:exact+glob-wide
bench/o1_eval.py	tracked	4323	2026-09-07	KEEP-CITED	-		7	docs/NEGATIVE_RESULTS_REGISTER.md;docs/PREREG_npip_all_members_2026-09-06.md;docs/PREREG_npip_human_2026-09-07.md;docs/PREREG_readthrough_object_2026-09-07.md	§6ft,§6fw,§6gb	AGENT_HANDOFF.md;docs/superpowers/plans/2026-09-15-fuzzy-junction-merge.md;tools/cleanup_wave2_bench.py	match:exact+glob-wide
bench/o1_expanded_family_audit/README.md	tracked	3069	2026-08-19	KEEP-CITED	-		2	docs/THESIS_OBJECTIVES.md;docs/o1_investigations.md	§6q9	AGENTS.md;REPRODUCE.md;tools/audit_cleanup_candidates.py;tools/cleanup_wave2_bench.py	match:basename-ambiguous+dir+exact
bench/o1_flank_extension.py	tracked	5811	2026-08-20	KEEP-CITED	-		2	docs/NEGATIVE_RESULTS_REGISTER.md;docs/o1_ledger.md	4. Reproduce	AGENT_HANDOFF.md;docs/superpowers/plans/2026-09-15-fuzzy-junction-merge.md;tools/cleanup_wave2_bench.py	match:exact+glob-wide
bench/o1_fresh_emission_validation/README.md	tracked	4143	2026-08-19	KEEP-CITED	-		2	docs/THESIS_OBJECTIVES.md;docs/o1_investigations.md	§6q9	AGENTS.md;REPRODUCE.md;tools/audit_cleanup_candidates.py;tools/cleanup_wave2_bench.py	match:basename-ambiguous+dir
bench/o1_gamma_adjudicate.py	tracked	7428	2026-08-21	KEEP-CITED	-		3	docs/MEMORY_DIGEST.md;docs/NUMBERS.md;docs/o1_ledger.md	4c. The 114 questionable ,Tiers 2 and 3 — given tha	AGENT_HANDOFF.md;docs/superpowers/plans/2026-09-15-fuzzy-junction-merge.md;tools/cleanup_wave2_bench.py	match:exact+glob-wide+suffix
bench/o1_gene_family_audit/README.md	tracked	3043	2026-08-19	KEEP-CITED	-		1	docs/o1_investigations.md	§6q9	AGENTS.md;REPRODUCE.md;bench/soto/candidate18_classification.md;tools/audit_cleanup_candidates.py	match:basename-ambiguous+dir
bench/o1_genomic_rank.py	tracked	5352	2026-08-21	KEEP-CITED	-		1	docs/NEGATIVE_RESULTS_REGISTER.md		AGENT_HANDOFF.md;docs/superpowers/plans/2026-09-15-fuzzy-junction-merge.md;tools/cleanup_wave2_bench.py	match:exact+glob-wide
bench/o1_golga2_subfamily_audit.md	tracked	4975	2026-08-26	KEEP-CITED	-		1	docs/o1_investigations.md	§6q9b	AGENT_HANDOFF.md;bench/ASJ.md;bench/COPY_ASSIGNMENT_AND_GATE.md;bench/DENOVO_PIPELINE.md	match:exact+glob-wide
bench/o1_guard_cost.py	tracked	3722	2026-08-24	KEEP-CITED	-		1	docs/o1_ledger.md	Why that costs edges	AGENT_HANDOFF.md;bench/o1_guard_delta.py;docs/superpowers/plans/2026-09-15-fuzzy-junction-merge.md;tools/cleanup_wave2_bench.py	match:exact+glob-wide+suffix
bench/o1_guard_delta.py	tracked	3713	2026-08-24	KEEP-CITED	-		1	docs/o1_ledger.md	The TWO-SIDED ledger (`be	AGENT_HANDOFF.md;docs/superpowers/plans/2026-09-15-fuzzy-junction-merge.md;tools/cleanup_wave2_bench.py	match:exact+glob-wide
bench/o1_missed_possibilities.py	tracked	4586	2026-08-21	KEEP-CITED	-		2	docs/NEGATIVE_RESULTS_REGISTER.md;docs/o1_ledger.md	THE REMAINING SURVIVORS —	AGENT_HANDOFF.md;docs/superpowers/plans/2026-09-15-fuzzy-junction-merge.md;tools/cleanup_wave2_bench.py	match:exact+glob-wide
bench/o1_outgroup_rooting_poc/README.md	tracked	2766	2026-08-19	KEEP-CITED	-		2	docs/THESIS_OBJECTIVES.md;docs/o1_investigations.md	§6q9	AGENTS.md;REPRODUCE.md;tools/audit_cleanup_candidates.py;tools/cleanup_wave2_bench.py	match:basename-ambiguous+dir
bench/o1_provenance_witness_prototype/README.md	tracked	1683	2026-08-19	KEEP-CITED	-		2	docs/THESIS_OBJECTIVES.md;docs/o1_investigations.md	§6q9	AGENTS.md;REPRODUCE.md;tools/audit_cleanup_candidates.py;tools/cleanup_wave2_bench.py	match:basename-ambiguous+dir
bench/o1_sd_anchor.py	tracked	4608	2026-08-20	KEEP-CITED	-		3	docs/NEGATIVE_RESULTS_REGISTER.md;docs/o1_investigations.md;docs/o1_ledger.md	4. Reproduce	AGENT_HANDOFF.md;bench/o1_sd_recall.py;docs/superpowers/plans/2026-09-15-fuzzy-junction-merge.md;tools/cleanup_wave2_bench.py	match:exact+glob-wide+suffix
bench/o1_sd_certificate.py	tracked	6401	2026-08-20	KEEP-CITED	-		2	docs/o1_investigations.md;docs/o1_ledger.md	4. Reproduce	AGENT_HANDOFF.md;docs/superpowers/plans/2026-09-15-fuzzy-junction-merge.md;tools/cleanup_wave2_bench.py	match:exact+glob-wide
bench/o1_sd_recall.py	tracked	4338	2026-08-20	KEEP-CITED	-		2	docs/NEGATIVE_RESULTS_REGISTER.md;docs/o1_investigations.md		AGENT_HANDOFF.md;docs/superpowers/plans/2026-09-15-fuzzy-junction-merge.md;tools/cleanup_wave2_bench.py	match:exact+glob-wide
bench/o1_strand_copy_delta.py	tracked	4473	2026-08-24	KEEP-CITED	-		1	docs/o1_ledger.md	4p. ⚖️ WHERE THE 61 COPIE	AGENT_HANDOFF.md;docs/superpowers/plans/2026-09-15-fuzzy-junction-merge.md;tools/cleanup_wave2_bench.py	match:exact+glob-wide
bench/o1_strand_recovery.py	tracked	3112	2026-08-24	KEEP-CITED	-		1	docs/o1_ledger.md	⭐ The fix is to MEASURE t	AGENT_HANDOFF.md;docs/superpowers/plans/2026-09-15-fuzzy-junction-merge.md;tools/cleanup_wave2_bench.py	match:exact+glob-wide
bench/o1_substrate_denominator.py	tracked	7931	2026-08-20	KEEP-CITED	-		3	docs/NEGATIVE_RESULTS_REGISTER.md;docs/o1_investigations.md;docs/o1_ledger.md	4. Reproduce	AGENT_HANDOFF.md;bench/o1_block_consistency.py;docs/superpowers/plans/2026-09-15-fuzzy-junction-merge.md;tools/cleanup_wave2_bench.py	match:exact+glob-wide+import
bench/o1_why_no_node.py	tracked	4841	2026-08-21	KEEP-CITED	-		2	docs/NEGATIVE_RESULTS_REGISTER.md;docs/o1_ledger.md	THE REMAINING SURVIVORS —,⚠⚠ Both readings of that 	AGENT_HANDOFF.md;docs/superpowers/plans/2026-09-15-fuzzy-junction-merge.md;tools/cleanup_wave2_bench.py	match:exact+glob-wide
bench/o1neg_covlonger_predict.py	tracked	4216	2026-09-02	KEEP-CITED	-		2	docs/o1_ledger.md;memory:project_human_negative_panel.md	§6bq	AGENT_HANDOFF.md;docs/archive/O1_PRECISION_LEVERS.md;docs/superpowers/plans/2026-09-15-fuzzy-junction-merge.md;tools/cleanup_wave2_bench.py	match:exact+glob-wide+suffix
bench/o1neg_score_arms.py	tracked	5544	2026-09-02	KEEP-CITED	-		2	docs/o1_ledger.md;memory:project_human_negative_panel.md	§6bt	AGENT_HANDOFF.md;docs/archive/O1_PRECISION_LEVERS.md;docs/superpowers/plans/2026-09-15-fuzzy-junction-merge.md;tools/cleanup_wave2_bench.py	match:exact+glob-wide+suffix
bench/o2_disagreement_score.py	tracked	4765	2026-09-09	KEEP-CITED	-		3	docs/NEGATIVE_RESULTS_REGISTER.md;docs/PREREG_aligner_disagreement_2026-09-09.md;docs/o1_ledger.md	§6hd	AGENT_HANDOFF.md;docs/superpowers/plans/2026-09-15-fuzzy-junction-merge.md;tools/cleanup_wave2_bench.py	match:exact+glob-wide
bench/o2_duel_score.py	tracked	2945	2026-09-09	KEEP-CITED	-		1	docs/PREREG_best_by_duel_2026-09-09.md		AGENT_HANDOFF.md;docs/superpowers/plans/2026-09-15-fuzzy-junction-merge.md;tools/cleanup_wave2_bench.py	match:exact+glob-wide
bench/o2_excision.py	tracked	8685	2026-09-05	KEEP-CITED	-		5	docs/MEMORY_DIGEST.md;docs/O1_O2_OPEN_2026-09-09.md;docs/PREREG_excision_extension_2026-09-15.md;docs/ROADMAP_O1_O2.md	§6ff,§6kv	AGENT_HANDOFF.md;docs/superpowers/plans/2026-09-15-fuzzy-junction-merge.md;tools/cleanup_wave2_bench.py	match:exact+glob-wide+suffix
bench/o2_excision_sweep.py	tracked	5415	2026-09-09	KEEP-CITED	-		3	docs/PREREG_excision_sweep_2026-09-09.md;docs/PREREG_holdout_mcl58_2026-09-09.md;docs/o1_ledger.md	§6hg	AGENT_HANDOFF.md;docs/superpowers/plans/2026-09-15-fuzzy-junction-merge.md;tools/cleanup_wave2_bench.py	match:exact+glob-wide
bench/o2_indel_psv_score.py	tracked	4712	2026-09-09	KEEP-CITED	-		1	docs/PREREG_indel_psv_2026-09-09.md		AGENT_HANDOFF.md;docs/superpowers/plans/2026-09-15-fuzzy-junction-merge.md;tools/cleanup_wave2_bench.py	match:exact+glob-wide
bench/o2_junction_truth.py	tracked	2311	2026-09-04	KEEP-CITED	-		1	docs/o1_ledger.md	§6el	AGENT_HANDOFF.md;docs/superpowers/plans/2026-09-15-fuzzy-junction-merge.md;tools/cleanup_wave2_bench.py	match:exact+glob-wide
bench/o2_l1l2_score.py	tracked	8116	2026-09-07	KEEP-CITED	-		2	docs/o1_ledger.md;memory:project_o1_o2_loose_ends.md	§6fh,§6fj,§6fx	AGENT_HANDOFF.md;docs/superpowers/plans/2026-09-15-fuzzy-junction-merge.md;tools/cleanup_wave2_bench.py	match:exact+glob-wide
bench/o2_readchain_bridge.py	tracked	3355	2026-09-04	KEEP-CITED	-		2	docs/MEMORY_DIGEST.md;docs/o1_ledger.md	§6el,§6en,§6er	AGENT_HANDOFF.md;docs/superpowers/plans/2026-09-15-fuzzy-junction-merge.md;tools/cleanup_wave2_bench.py	match:exact+glob-wide
bench/o2_roster_admit.py	tracked	5199	2026-09-05	KEEP-CITED	-		1	docs/o1_ledger.md	§6fc,§6fg	AGENT_HANDOFF.md;docs/superpowers/plans/2026-09-15-fuzzy-junction-merge.md;tools/cleanup_wave2_bench.py	match:exact+glob-wide
bench/o2_score_fixed_truth.py	tracked	2222	2026-09-04	KEEP-CITED	-		2	docs/MEMORY_DIGEST.md;docs/o1_ledger.md	§6el	AGENT_HANDOFF.md;docs/superpowers/plans/2026-09-15-fuzzy-junction-merge.md;tools/cleanup_wave2_bench.py	match:exact+glob-wide
bench/o2_sweep_analyse.py	tracked	4814	2026-09-06	KEEP-CITED	-		1	docs/o1_ledger.md	§6es,§6et	AGENT_HANDOFF.md;bench/chapter_figures.py;docs/superpowers/plans/2026-09-15-fuzzy-junction-merge.md;tools/cleanup_wave2_bench.py	match:exact+glob-wide+suffix
bench/o2_sweep_split.py	tracked	4043	2026-09-07	KEEP-CITED	-		3	docs/MEMORY_DIGEST.md;docs/o1_ledger.md;memory:project_o1_o2_loose_ends.md	§6eu,§6fh,§6ft	AGENT_HANDOFF.md;docs/superpowers/plans/2026-09-15-fuzzy-junction-merge.md;tools/cleanup_wave2_bench.py	match:exact+glob-wide+suffix
bench/o2_tied_metric.py	tracked	4197	2026-09-07	KEEP-CITED	-		2	docs/o1_ledger.md;memory:project_o3_flag_pass.md	§6fr,§6fx	AGENT_HANDOFF.md;docs/superpowers/plans/2026-09-15-fuzzy-junction-merge.md;tools/cleanup_wave2_bench.py	match:exact+glob-wide
bench/o2_truth_audit.py	tracked	4532	2026-09-05	KEEP-CITED	-		3	docs/MEMORY_DIGEST.md;docs/ROADMAP_O1_O2.md;docs/o1_ledger.md	§6eq	AGENT_HANDOFF.md;docs/superpowers/plans/2026-09-15-fuzzy-junction-merge.md;tools/cleanup_wave2_bench.py	named-beside-stale-language-by:docs/ROADMAP_O1_O2.md;match:exact+glob-wide
bench/o2_unexplained_reads.py	tracked	3967	2026-09-05	KEEP-CITED	-		1	docs/o1_ledger.md	§6fb	AGENT_HANDOFF.md;docs/superpowers/plans/2026-09-15-fuzzy-junction-merge.md;tools/cleanup_wave2_bench.py	match:exact+glob-wide
bench/o3_cross_individual_diff.py	tracked	9409	2026-09-11	KEEP-CITED	-		2	docs/o1_ledger.md;src/bin/copy_assign.rs	§6id	AGENT_HANDOFF.md;docs/superpowers/plans/2026-09-10-o3-flag-pass-integration.md;docs/superpowers/plans/2026-09-15-fuzzy-junction-merge.md;docs/superpowers/specs/2026-09-10-o3-flag-pass-integration-design.md	match:exact+glob-wide+suffix
bench/o3_cut_certificate.py	tracked	3846	2026-09-06	KEEP-CITED	-		2	docs/o1_ledger.md;memory:project_o3_flag_pass.md	§6fn	AGENT_HANDOFF.md;docs/superpowers/plans/2026-09-10-o3-flag-pass-integration.md;docs/superpowers/plans/2026-09-15-fuzzy-junction-merge.md;docs/superpowers/specs/2026-09-10-o3-flag-pass-integration-design.md	match:exact+glob-wide+suffix
bench/o3_reconstruct.py	tracked	8809	2026-09-06	KEEP-CITED	-		2	docs/o1_ledger.md;memory:project_o3_flag_pass.md	§6fn	AGENT_HANDOFF.md;docs/superpowers/plans/2026-09-10-o3-flag-pass-integration.md;docs/superpowers/plans/2026-09-15-fuzzy-junction-merge.md;docs/superpowers/specs/2026-09-10-o3-flag-pass-integration-design.md	match:exact+glob-wide+suffix
bench/operator_bakeoff_heldout.py	tracked	4284	2026-09-20	KEEP-CITED	-		2	docs/OPERATOR_BAKEOFF_HELDOUT_2026-09-20.md;memory:project_cleanup_audit.md		AGENT_HANDOFF.md;docs/superpowers/plans/2026-09-15-fuzzy-junction-merge.md;tools/cleanup_wave2_bench.py	match:exact+glob-wide
bench/paf_repeat_filter.py	tracked	4277	2026-09-14	KEEP-CITED	-		2	docs/o1_ledger.md;memory:project_two_modes_scope.md	§6km	AGENT_HANDOFF.md;docs/superpowers/plans/2026-09-15-fuzzy-junction-merge.md;tools/cleanup_wave2_bench.py	match:exact+glob-wide
bench/pair_metric_sweep.py	tracked	4683	2026-09-20	KEEP-CITED	-		4	docs/ASYMMETRY_BLIND_SPOT_RESOLVED_2026-09-20.md;docs/ASYMMETRY_METRIC_RESULT_2026-09-20.md;docs/PREREG_colinearity_conjunct_2026-09-21.md;memory:project_cleanup_audit.md		AGENT_HANDOFF.md;docs/superpowers/plans/2026-09-15-fuzzy-junction-merge.md;tools/cleanup_wave2_bench.py	match:exact+glob-wide+suffix
bench/partner_discontinuity.py	tracked	5834	2026-09-22	KEEP-CITED	-		3	docs/NEGATIVE_RESULTS_REGISTER.md;docs/NODE_GRAPH_ADMISSION_2026-09-21.md;memory:project_node_overmerge_reversal.md		AGENT_HANDOFF.md;docs/superpowers/plans/2026-09-15-fuzzy-junction-merge.md;tools/cleanup_wave2_bench.py	match:exact+glob-wide
bench/protein_edge_gap.py	tracked	8082	2026-09-20	KEEP-CITED	-		4	docs/DOMINANT_GAP_RESOLVED_2026-09-20.md;docs/PREREG_protein_false_merge_2026-09-22.md;docs/PROTEIN_EDGES_RESULT_2026-09-20.md;memory:project_cleanup_audit.md		AGENT_HANDOFF.md;bench/edge_probes.py;bench/rna_truth_from_protein.py;bench/soto_vs_us_referee.py	match:exact+glob-wide+import
bench/protein_families.py	tracked	9392	2026-09-14	KEEP-CITED	-		5	docs/PREREG_protein_edges_2026-09-20.md;docs/PREREG_sedef_core_refine_2026-09-22.md;docs/o1_ledger.md;docs/seeded_family_definition.md	§6ko	AGENT_HANDOFF.md;bench/LAYER_ORDER_NPIP_TBC1D3.md;bench/layer_order/lattice_edges.py;bench/layer_order/lo_corrected_tables.py	match:exact+glob-wide+import+suffix
bench/provenance_eval.py	tracked	7028	2026-09-14	KEEP-CITED	-		3	docs/PREREG_core_definition_2026-09-12.md;docs/o1_ledger.md;memory:project_two_modes_scope.md	§6kp	AGENT_HANDOFF.md;bench/NPIP_PER_MEMBER_METRICS.md;bench/NPIP_PER_MEMBER_WHOLECHR16.md;docs/superpowers/plans/2026-09-15-fuzzy-junction-merge.md	match:exact+glob-wide
bench/read_bridged_merge.py	tracked	12071	2026-09-21	KEEP-CITED	-		3	docs/NEGATIVE_RESULTS_REGISTER.md;docs/NODE_CONSTRUCTION_OVERMERGE_2026-09-21.md;memory:project_node_overmerge_reversal.md		AGENT_HANDOFF.md;bench/multilabel_resolver.py;docs/superpowers/plans/2026-09-15-fuzzy-junction-merge.md;tools/cleanup_wave2_bench.py	match:exact+glob-wide+import
bench/read_gene_nodes.py	tracked	5451	2026-09-14	KEEP-CITED	-		2	docs/PREREG_core_definition_2026-09-12.md;memory:project_two_modes_scope.md		AGENT_HANDOFF.md;docs/superpowers/plans/2026-09-15-fuzzy-junction-merge.md;tools/cleanup_wave2_bench.py	match:exact+glob-wide
bench/readthrough_secondary_filter.py	tracked	5639	2026-09-18	KEEP-CITED	-		7	docs/ACTIVE_WORKING_SET.md;docs/MEMORY_DIGEST.md;docs/NEGATIVE_RESULTS_REGISTER.md;docs/o1_ledger.md	§6n9	AGENT_HANDOFF.md;docs/superpowers/plans/2026-09-15-fuzzy-junction-merge.md;tools/cleanup_wave2_bench.py	match:exact+glob-wide+suffix
bench/rna_admit_gorilla.py	tracked	2466	2026-09-05	KEEP-CITED	-		1	docs/o1_ledger.md	§6fb	AGENT_HANDOFF.md;docs/superpowers/plans/2026-09-15-fuzzy-junction-merge.md;tools/cleanup_wave2_bench.py	match:exact+glob-wide
bench/rna_truth.py	tracked	8460	2026-09-14	KEEP-CITED	-		3	docs/PREREG_core_definition_2026-09-12.md;docs/o1_ledger.md;memory:project_two_modes_scope.md	§6kf,§6kk	AGENT_HANDOFF.md;bench/adjudicated_truth.py;docs/superpowers/plans/2026-09-15-fuzzy-junction-merge.md;docs/superpowers/specs/2026-09-14-evidence-agnostic-family-definition-design.md	match:exact+glob-wide+suffix
bench/rna_truth_from_protein.py	tracked	7501	2026-09-20	KEEP-CITED	-		2	docs/DOMINANT_GAP_RESOLVED_2026-09-20.md;memory:project_cleanup_audit.md		AGENT_HANDOFF.md;docs/superpowers/plans/2026-09-15-fuzzy-junction-merge.md;tools/cleanup_wave2_bench.py	match:exact+glob-wide
bench/score_vs_guided.py	tracked	4620	2026-09-14	KEEP-CITED	-		2	docs/PREREG_core_definition_2026-09-12.md;docs/o1_ledger.md	K1 — DNA+RNA hybrid (atom,§6jy	AGENT_HANDOFF.md;docs/superpowers/plans/2026-09-15-fuzzy-junction-merge.md;tools/cleanup_wave2_bench.py	match:exact+glob-wide+suffix
bench/seeded_mode_tier.py	tracked	5923	2026-09-02	KEEP-CITED	-		3	docs/MEMORY_DIGEST.md;docs/o1_ledger.md;memory:project_seeded_mode.md	⛔⛔ TWO SURVIVORS ARE TEXT,⭐⭐ THE 305 LOCI IN 0-CORR	AGENT_HANDOFF.md;docs/superpowers/plans/2026-09-15-fuzzy-junction-merge.md;tools/cleanup_wave2_bench.py	match:exact+glob-wide+suffix
bench/sim_reads.py	tracked	1828	2026-06-17	KEEP-CITED	-		1	memory:project_synthetic_benchmarks.md		AGENT_HANDOFF.md;bench/DENOVO_PIPELINE.md;bench/THEORY.md;bench/VALIDATION_AND_STATUS.md	match:exact+glob-wide+import+suffix
bench/soto/MEETING_2026_08_04.md	tracked	16775	2026-08-04	KEEP-CITED	-		4	docs/o1_ledger.md;memory:project_cleanup_audit.md;memory:project_dna_rna_complementarity.md;memory:project_soto_dna_vg_ceiling.md	§6in,§6iv,§6q8	bench/NPIP_PER_MEMBER_METRICS.md;bench/NPIP_PER_MEMBER_WHOLECHR16.md;bench/soto/exon_homogenized_nonexon_signal.md;bench/soto/rustlib.py	match:dir
bench/soto/bam_tie_signals.md	tracked	20051	2026-08-14	KEEP-CITED	-		9	docs/OBJECTIVES_AND_VERIFICATION.md;docs/copy_assignment_definition.md;docs/o1_ledger.md;memory:project_cleanup_audit.md	§6in,§6iv,§6q8	bench/NPIP_PER_MEMBER_METRICS.md;bench/NPIP_PER_MEMBER_WHOLECHR16.md;bench/soto/exon_homogenized_nonexon_signal.md;bench/soto/merge_quality_analysis.md	named-beside-stale-language-by:docs/OBJECTIVES_AND_VERIFICATION.md;match:dir+exact+suffix
bench/soto/bipartite_size_match.py	tracked	5391	2026-07-28	KEEP-CITED	-		5	docs/o1_ledger.md;memory:project_bipartite_size_matching.md;memory:project_cleanup_audit.md;memory:project_dna_rna_complementarity.md	§6fs,§6in,§6iv,§6q8	bench/NPIP_PER_MEMBER_METRICS.md;bench/NPIP_PER_MEMBER_WHOLECHR16.md;bench/o1_eval.py;bench/soto/exon_homogenized_nonexon_signal.md	match:dir+exact
bench/soto/candidate18_classification.md	tracked	5184	2026-08-22	KEEP-CITED	-		4	docs/o1_ledger.md;memory:project_cleanup_audit.md;memory:project_dna_rna_complementarity.md;memory:project_soto_dna_vg_ceiling.md	§6in,§6iv,§6q8	bench/NPIP_PER_MEMBER_METRICS.md;bench/NPIP_PER_MEMBER_WHOLECHR16.md;bench/soto/coordinate_version_check.md;bench/soto/dna_ceiling_rna_subset.md	match:dir+exact+suffix
bench/soto/coordinate_version_check.md	tracked	3515	2026-07-23	KEEP-CITED	-		5	docs/o1_ledger.md;memory:project_cleanup_audit.md;memory:project_dna_rna_complementarity.md;memory:project_soto_dna_vg_ceiling.md	§6bx,§6cb,§6in,§6iv,§6q8,⚠ DISCLOSURES REQUIRED WI	bench/NPIP_PER_MEMBER_METRICS.md;bench/NPIP_PER_MEMBER_WHOLECHR16.md;bench/soto/exon_homogenized_nonexon_signal.md;bench/soto/rustlib.py	match:dir+exact+suffix
bench/soto/dna_ceiling_rna_subset.md	tracked	3971	2026-07-23	KEEP-CITED	-		4	docs/o1_ledger.md;memory:project_cleanup_audit.md;memory:project_dna_rna_complementarity.md;memory:project_soto_dna_vg_ceiling.md	§6in,§6iv,§6q8	bench/NPIP_PER_MEMBER_METRICS.md;bench/NPIP_PER_MEMBER_WHOLECHR16.md;bench/soto/exon_homogenized_nonexon_signal.md;bench/soto/rustlib.py	match:dir
bench/soto/dna_graphs/README.md	tracked	4633	2026-07-21	KEEP-CITED	-		4	docs/o1_ledger.md;memory:project_cleanup_audit.md;memory:project_dna_rna_complementarity.md;memory:project_soto_dna_vg_ceiling.md	§6in,§6iv,§6q8,§6q9	AGENTS.md;REPRODUCE.md;bench/NPIP_PER_MEMBER_METRICS.md;bench/NPIP_PER_MEMBER_WHOLECHR16.md	match:basename-ambiguous+dir
bench/soto/dna_vs_rna_mode.md	tracked	5621	2026-07-27	KEEP-CITED	-		4	docs/o1_ledger.md;memory:project_cleanup_audit.md;memory:project_dna_rna_complementarity.md;memory:project_soto_dna_vg_ceiling.md	§6in,§6iv,§6q8	bench/NPIP_PER_MEMBER_METRICS.md;bench/NPIP_PER_MEMBER_WHOLECHR16.md;bench/soto/exon_homogenized_nonexon_signal.md;bench/soto/rustlib.py	match:dir
bench/soto/exon_homogenized_nonexon_signal.md	tracked	3837	2026-07-21	KEEP-CITED	-		4	docs/o1_ledger.md;memory:project_cleanup_audit.md;memory:project_dna_rna_complementarity.md;memory:project_soto_dna_vg_ceiling.md	§6in,§6iv,§6q8	bench/NPIP_PER_MEMBER_METRICS.md;bench/NPIP_PER_MEMBER_WHOLECHR16.md;bench/soto/rustlib.py	match:dir
bench/soto/famcn_from_wssd.py	tracked	11254	2026-09-11	KEEP-CITED	-		6	docs/o1_ledger.md;memory:project_cleanup_audit.md;memory:project_dna_rna_complementarity.md;memory:project_soto_cn_data_famcn_vs_parcn.md	§6ie,§6il,§6in,§6io,§6iv,§6q8	bench/NPIP_PER_MEMBER_METRICS.md;bench/NPIP_PER_MEMBER_WHOLECHR16.md;bench/soto/exon_homogenized_nonexon_signal.md;bench/soto/rustlib.py	match:dir+exact+import+suffix
bench/soto/family_definition_graphs/README.md	tracked	1209	2026-08-04	KEEP-CITED	-		4	docs/o1_ledger.md;memory:project_cleanup_audit.md;memory:project_dna_rna_complementarity.md;memory:project_soto_dna_vg_ceiling.md	§6in,§6iv,§6q8,§6q9	AGENTS.md;REPRODUCE.md;bench/NPIP_PER_MEMBER_METRICS.md;bench/NPIP_PER_MEMBER_WHOLECHR16.md	match:basename-ambiguous+dir
bench/soto/gate_robustness.md	tracked	6565	2026-09-01	KEEP-CITED	-		7	docs/MEMORY_DIGEST.md;docs/o1_ledger.md;memory:project_cleanup_audit.md;memory:project_dna_rna_complementarity.md	§6an,§6ao,§6in,§6iv,§6q8,⭐ One recorded number par	bench/NPIP_PER_MEMBER_METRICS.md;bench/NPIP_PER_MEMBER_WHOLECHR16.md;bench/soto/exon_homogenized_nonexon_signal.md;bench/soto/rustlib.py	named-beside-stale-language-by:docs/MEMORY_DIGEST.md;match:dir+exact+suffix
bench/soto/gate_sensitivity_sweep.sh	tracked	8356	2026-09-01	KEEP-CITED	-		8	docs/NEGATIVE_RESULTS_REGISTER.md;docs/o1_ledger.md;memory:project_cleanup_audit.md;memory:project_dna_rna_complementarity.md	The ten, worst first,§6an,§6in,§6iv,§6q8	bench/NPIP_PER_MEMBER_METRICS.md;bench/NPIP_PER_MEMBER_WHOLECHR16.md;bench/soto/exon_homogenized_nonexon_signal.md;bench/soto/gate_robustness.md	match:dir+exact+suffix
bench/soto/member_similarity_graphs/README.md	tracked	1176	2026-08-04	KEEP-CITED	-		4	docs/o1_ledger.md;memory:project_cleanup_audit.md;memory:project_dna_rna_complementarity.md;memory:project_soto_dna_vg_ceiling.md	§6in,§6iv,§6q8,§6q9	AGENTS.md;REPRODUCE.md;bench/NPIP_PER_MEMBER_METRICS.md;bench/NPIP_PER_MEMBER_WHOLECHR16.md	match:basename-ambiguous+dir
bench/soto/merge_quality_analysis.md	tracked	96327	2026-09-01	KEEP-CITED	-		10	docs/o1_ledger.md;memory:project_advisor_npip_fam72_review.md;memory:project_bipartite_size_matching.md;memory:project_cleanup_audit.md	§6in,§6iv,§6q8	bench/NPIP_PER_MEMBER_METRICS.md;bench/NPIP_PER_MEMBER_WHOLECHR16.md;bench/soto/bam_tie_signals.md;bench/soto/exon_homogenized_nonexon_signal.md	dead-path-refs:9/11;match:dir+exact+suffix
bench/soto/nonexon_rescue.md	tracked	8356	2026-07-21	KEEP-CITED	-		4	docs/o1_ledger.md;memory:project_cleanup_audit.md;memory:project_dna_rna_complementarity.md;memory:project_soto_dna_vg_ceiling.md	§6in,§6iv,§6q8	bench/NPIP_PER_MEMBER_METRICS.md;bench/NPIP_PER_MEMBER_WHOLECHR16.md;bench/soto/exon_homogenized_nonexon_signal.md;bench/soto/rustlib.py	match:dir+exact
bench/soto/partition_score.py	tracked	1860	2026-07-27	KEEP-CITED	-		5	docs/PREREG_locus_growth_extent_2026-09-10.md;docs/o1_ledger.md;memory:project_cleanup_audit.md;memory:project_dna_rna_complementarity.md	§6in,§6iv,§6q8	bench/NPIP_PER_MEMBER_METRICS.md;bench/NPIP_PER_MEMBER_WHOLECHR16.md;bench/soto/exon_homogenized_nonexon_signal.md;bench/soto/merge_quality_analysis.md	match:dir+exact+suffix
bench/soto/precision_recall_audit.md	tracked	3659	2026-07-23	KEEP-CITED	-		5	docs/o1_ledger.md;memory:project_cleanup_audit.md;memory:project_dna_rna_complementarity.md;memory:project_soto_dna_vg_ceiling.md	§6in,§6iv,§6q8	bench/NPIP_PER_MEMBER_METRICS.md;bench/NPIP_PER_MEMBER_WHOLECHR16.md;bench/soto/exon_homogenized_nonexon_signal.md;bench/soto/gate_robustness.md	match:dir+exact+suffix
bench/soto/replay_er.py	tracked	6113	2026-08-04	KEEP-CITED	-		6	docs/NEGATIVE_RESULTS_REGISTER.md;docs/o1_ledger.md;memory:project_cleanup_audit.md;memory:project_dna_rna_complementarity.md	§6in,§6iv,§6q8	bench/NPIP_PER_MEMBER_METRICS.md;bench/NPIP_PER_MEMBER_WHOLECHR16.md;bench/soto/exon_homogenized_nonexon_signal.md;bench/soto/rustlib.py	match:dir+exact
bench/soto/rna_pair_score.py	tracked	3381	2026-08-04	KEEP-CITED	-		5	docs/o1_ledger.md;memory:project_cleanup_audit.md;memory:project_dna_rna_complementarity.md;memory:project_junction_cothreading.md	OTHER VERIFIED FACTS WORT,§6in,§6iv,§6q8	bench/NPIP_PER_MEMBER_METRICS.md;bench/NPIP_PER_MEMBER_WHOLECHR16.md;bench/soto/exon_homogenized_nonexon_signal.md;bench/soto/rustlib.py	match:dir+exact
bench/soto/rustlib.py	tracked	47721	2026-08-14	KEEP-CITED	-		12	docs/NEGATIVE_RESULTS_REGISTER.md;docs/OBJECTIVES_AND_VERIFICATION.md;docs/o1_investigations.md;docs/o1_ledger.md	Determinism fix (no effec,§6in,§6iv,§6q8	bench/NPIP_PER_MEMBER_METRICS.md;bench/NPIP_PER_MEMBER_WHOLECHR16.md;bench/soto/exon_homogenized_nonexon_signal.md;bench/soto/soto_replicate_from_sedef.py	named-beside-stale-language-by:docs/OBJECTIVES_AND_VERIFICATION.md;match:dir+exact+suffix
bench/soto/size_vs_refseq.py	tracked	2911	2026-08-04	KEEP-CITED	-		6	docs/PREREG_locus_growth_extent_2026-09-10.md;docs/o1_ledger.md;memory:project_cleanup_audit.md;memory:project_dna_rna_complementarity.md	§6in,§6iv,§6q8	bench/NPIP_PER_MEMBER_METRICS.md;bench/NPIP_PER_MEMBER_WHOLECHR16.md;bench/soto/exon_homogenized_nonexon_signal.md;bench/soto/rustlib.py	match:dir+exact
bench/soto/soto_attach_noncoding_members.py	tracked	5229	2026-09-11	KEEP-CITED	-		5	docs/o1_ledger.md;memory:project_cleanup_audit.md;memory:project_dna_rna_complementarity.md;memory:project_soto_dna_vg_ceiling.md	3/5 (ID_176, ID_62, ID_1),Second attempt: attach no,§6ii,§6in,§6iv,§6q8	bench/NPIP_PER_MEMBER_METRICS.md;bench/NPIP_PER_MEMBER_WHOLECHR16.md;bench/soto/exon_homogenized_nonexon_signal.md;bench/soto/rustlib.py	match:dir+exact+import+suffix
bench/soto/soto_bipartite_match_score.py	tracked	7445	2026-09-11	KEEP-CITED	-		5	docs/o1_ledger.md;memory:project_cleanup_audit.md;memory:project_dna_rna_complementarity.md;memory:project_soto_dna_vg_ceiling.md	§6ij,§6in,§6iv,§6q8	bench/NPIP_PER_MEMBER_METRICS.md;bench/NPIP_PER_MEMBER_WHOLECHR16.md;bench/soto/exon_homogenized_nonexon_signal.md;bench/soto/rustlib.py	match:dir+exact
bench/soto/soto_cluster_dennislab_algorithm.py	tracked	8897	2026-09-11	KEEP-CITED	-		5	docs/o1_ledger.md;memory:project_cleanup_audit.md;memory:project_dna_rna_complementarity.md;memory:project_soto_dna_vg_ceiling.md	Finding 2: their real clu,§6in,§6iv,§6q8	bench/NPIP_PER_MEMBER_METRICS.md;bench/NPIP_PER_MEMBER_WHOLECHR16.md;bench/soto/exon_homogenized_nonexon_signal.md;bench/soto/rustlib.py	match:dir+exact
bench/soto/soto_cluster_from_shared.py	tracked	13818	2026-09-11	KEEP-CITED	-		5	docs/o1_ledger.md;memory:project_cleanup_audit.md;memory:project_dna_rna_complementarity.md;memory:project_soto_dna_vg_ceiling.md	§6if,§6ii,§6im,§6in,§6iv,§6q8	bench/NPIP_PER_MEMBER_METRICS.md;bench/NPIP_PER_MEMBER_WHOLECHR16.md;bench/soto/exon_homogenized_nonexon_signal.md;bench/soto/rustlib.py	match:dir+exact+import+suffix
bench/soto/soto_detection_eval.py	tracked	10813	2026-07-16	KEEP-CITED	-		5	docs/o1_ledger.md;memory:project_cleanup_audit.md;memory:project_dna_rna_complementarity.md;memory:project_soto_dna_vg_ceiling.md	THE REMAINING SURVIVORS —,§6in,§6iv,§6q8	bench/NPIP_PER_MEMBER_METRICS.md;bench/NPIP_PER_MEMBER_WHOLECHR16.md;bench/SOTO_BENCHMARK.md;bench/soto/exon_homogenized_nonexon_signal.md	dead-path-refs:6/6;match:dir+exact+suffix
bench/soto/soto_famCN_S1C.tsv	tracked	444142	2026-09-20	KEEP-CITED	-		13	docs/NEGATIVE_RESULTS_REGISTER.md;docs/PREREG_colinearity_conjunct_2026-09-21.md;docs/PREREG_heldout_families_2026-09-20.md;docs/PREREG_semiguided_npip_2026-09-22.md	Result: scored against So,§6ca,§6hv,§6in,§6iv,§6q8	REPRODUCE.md;bench/NPIP_PER_MEMBER_METRICS.md;bench/NPIP_PER_MEMBER_WHOLECHR16.md;bench/SOTO_FAMILY_LOCUS_FIDELITY_2026-09-22.md	match:dir+exact+suffix
bench/soto/soto_liftoff_style_families.py	tracked	5161	2026-09-11	KEEP-CITED	-		4	docs/o1_ledger.md;memory:project_cleanup_audit.md;memory:project_dna_rna_complementarity.md;memory:project_soto_dna_vg_ceiling.md	§6in,§6iv,§6iw,§6iy,§6q8	bench/NPIP_PER_MEMBER_METRICS.md;bench/NPIP_PER_MEMBER_WHOLECHR16.md;bench/soto/exon_homogenized_nonexon_signal.md;bench/soto/rustlib.py	match:dir+exact+suffix
bench/soto/soto_replicate_clustering.py	tracked	12704	2026-08-02	KEEP-CITED	-		5	docs/o1_ledger.md;memory:project_cleanup_audit.md;memory:project_dna_rna_complementarity.md;memory:project_soto_dna_vg_ceiling.md	Bug 2: a mis-ported self-,§6ie,§6in,§6iv,§6q8	bench/NPIP_PER_MEMBER_METRICS.md;bench/NPIP_PER_MEMBER_WHOLECHR16.md;bench/soto/exon_homogenized_nonexon_signal.md;bench/soto/rustlib.py	match:dir+exact+import+suffix
bench/soto/soto_replicate_from_sedef.py	tracked	14611	2026-09-11	KEEP-CITED	-		5	docs/o1_ledger.md;memory:project_cleanup_audit.md;memory:project_dna_rna_complementarity.md;memory:project_soto_dna_vg_ceiling.md	§6in,§6io,§6ir,§6is,§6iv,§6q8	bench/NPIP_PER_MEMBER_METRICS.md;bench/NPIP_PER_MEMBER_WHOLECHR16.md;bench/soto/exon_homogenized_nonexon_signal.md;bench/soto/famcn_from_wssd.py	match:dir+exact+import+suffix
bench/soto/soto_replicate_from_v1_sedef.py	tracked	8008	2026-09-11	KEEP-CITED	-		5	docs/o1_ledger.md;memory:project_cleanup_audit.md;memory:project_dna_rna_complementarity.md;memory:project_soto_dna_vg_ceiling.md	§6in,§6ir,§6iv,§6q8	bench/NPIP_PER_MEMBER_METRICS.md;bench/NPIP_PER_MEMBER_WHOLECHR16.md;bench/soto/exon_homogenized_nonexon_signal.md;bench/soto/rustlib.py	match:dir+exact+suffix
bench/soto/soto_replicate_from_v1_sedef_cigar.py	tracked	7982	2026-09-11	KEEP-CITED	-		5	docs/o1_ledger.md;memory:project_cleanup_audit.md;memory:project_dna_rna_complementarity.md;memory:project_soto_dna_vg_ceiling.md	§6in,§6is,§6iv,§6q8	bench/NPIP_PER_MEMBER_METRICS.md;bench/NPIP_PER_MEMBER_WHOLECHR16.md;bench/soto/exon_homogenized_nonexon_signal.md;bench/soto/rustlib.py	match:dir+exact+suffix
bench/soto/soto_score_against_truth.py	tracked	5635	2026-09-11	KEEP-CITED	-		5	docs/o1_ledger.md;memory:project_cleanup_audit.md;memory:project_dna_rna_complementarity.md;memory:project_soto_dna_vg_ceiling.md	Final, complete compariso,Self-caught: this whole i,§6in,§6iv,§6q8	bench/NPIP_PER_MEMBER_METRICS.md;bench/NPIP_PER_MEMBER_WHOLECHR16.md;bench/heldout_family_score.py;bench/soto/exon_homogenized_nonexon_signal.md	match:dir+exact+import+suffix
bench/soto/soto_sensitivity_precision.md	tracked	3885	2026-07-21	KEEP-CITED	-		4	docs/o1_ledger.md;memory:project_cleanup_audit.md;memory:project_dna_rna_complementarity.md;memory:project_soto_dna_vg_ceiling.md	§6in,§6iv,§6q8	bench/NPIP_PER_MEMBER_METRICS.md;bench/NPIP_PER_MEMBER_WHOLECHR16.md;bench/soto/dna_ceiling_rna_subset.md;bench/soto/exon_homogenized_nonexon_signal.md	match:dir+exact
bench/soto/tied_seed_eval.md	tracked	8063	2026-07-23	KEEP-CITED	-		5	docs/o1_ledger.md;memory:project_cleanup_audit.md;memory:project_dna_rna_complementarity.md;memory:project_soto_dna_vg_ceiling.md	§6in,§6iv,§6q8	bench/NPIP_PER_MEMBER_METRICS.md;bench/NPIP_PER_MEMBER_WHOLECHR16.md;bench/soto/exon_homogenized_nonexon_signal.md;bench/soto/rustlib.py	match:dir+exact
bench/soto/tile_sd98_regions.py	tracked	3353	2026-08-02	KEEP-CITED	-		5	docs/o1_ledger.md;memory:project_cleanup_audit.md;memory:project_dna_rna_complementarity.md;memory:project_soto_audit_14agent.md	§6ie,§6in,§6iv,§6q8	bench/NPIP_PER_MEMBER_METRICS.md;bench/NPIP_PER_MEMBER_WHOLECHR16.md;bench/soto/exon_homogenized_nonexon_signal.md;bench/soto/rustlib.py	match:dir+exact+suffix
bench/soto/vg_mult_oracle.py	tracked	2836	2026-09-04	KEEP-CITED	-		4	docs/o1_ledger.md;memory:project_cleanup_audit.md;memory:project_dna_rna_complementarity.md;memory:project_soto_dna_vg_ceiling.md	§6cz,§6in,§6iv,§6q8	bench/NPIP_PER_MEMBER_METRICS.md;bench/NPIP_PER_MEMBER_WHOLECHR16.md;bench/soto/exon_homogenized_nonexon_signal.md;bench/soto/rustlib.py	match:dir+exact
bench/soto_adjudicate.py	tracked	8965	2026-09-02	KEEP-CITED	-		6	docs/O1_DEFINITION_SWITCH.md;docs/PREREG_g3_thresholds_2026-09-05.md;docs/PREREG_soto_two_definitions_2026-09-05.md;docs/o1_ledger.md	§6bx	AGENT_HANDOFF.md;bench/mcl_edge_dump.py;bench/mcl_to_cat_copies.py;docs/superpowers/plans/2026-09-15-fuzzy-junction-merge.md	match:exact+glob-wide+suffix
bench/soto_connectivity_rules.py	tracked	7164	2026-09-02	KEEP-CITED	-		1	docs/o1_ledger.md	§6bz,§6ca	AGENT_HANDOFF.md;docs/superpowers/plans/2026-09-15-fuzzy-junction-merge.md;tools/cleanup_wave2_bench.py	match:exact+glob-wide
bench/soto_family_locus_fidelity.py	tracked	10481	2026-09-22	KEEP-CITED	-		3	docs/NEGATIVE_RESULTS_REGISTER.md;docs/PREREG_depth_adaptive_k_2026-09-22.md;memory:project_locus_formation_gap.md		AGENT_HANDOFF.md;bench/SOTO_FAMILY_LOCUS_FIDELITY_2026-09-22.md;docs/superpowers/plans/2026-09-15-fuzzy-junction-merge.md;tools/cleanup_wave2_bench.py	match:exact+glob-wide
bench/soto_family_strata.py	tracked	8087	2026-09-02	KEEP-CITED	-		1	docs/o1_ledger.md	§6ca	AGENT_HANDOFF.md;docs/superpowers/plans/2026-09-15-fuzzy-junction-merge.md;tools/cleanup_wave2_bench.py	match:exact+glob-wide
bench/soto_family_validate.py	tracked	12243	2026-09-01	KEEP-CITED	-		4	docs/NEGATIVE_RESULTS_REGISTER.md;docs/o1_ledger.md;memory:project_family_detection_validation.md;memory:project_vacuous_instruments.md	The ten, worst first,§6an	AGENT_HANDOFF.md;bench/FAMILY_LEVELS_AND_RELATED.md;bench/VALIDATION_AND_STATUS.md;docs/superpowers/plans/2026-09-15-fuzzy-junction-merge.md	match:exact+glob-wide+suffix
bench/soto_fp_rules.py	tracked	6275	2026-09-02	KEEP-CITED	-		2	docs/o1_ledger.md;memory:project_soto_adjudication.md	§6by	AGENT_HANDOFF.md;docs/superpowers/plans/2026-09-15-fuzzy-junction-merge.md;tools/cleanup_wave2_bench.py	match:exact+glob-wide
bench/soto_vs_us_referee.py	tracked	6869	2026-09-21	KEEP-CITED	-		2	docs/NODE_DEFINITION_2026-09-22.md;docs/PREREG_sedef_core_refine_2026-09-22.md		AGENT_HANDOFF.md;bench/cover_and_jn_definition.py;docs/superpowers/plans/2026-09-15-fuzzy-junction-merge.md;tools/cleanup_wave2_bench.py	match:exact+glob-wide+import
bench/split_tree.py	tracked	8990	2026-09-14	KEEP-CITED	-		2	docs/o1_ledger.md;memory:project_two_modes_scope.md	§6jx	AGENT_HANDOFF.md;docs/superpowers/plans/2026-09-15-fuzzy-junction-merge.md;tools/cleanup_wave2_bench.py	match:exact+glob-wide
bench/tool_bakeoff.py	tracked	9962	2026-09-09	KEEP-CITED	-		7	docs/ADVISOR_QUESTIONS.md;docs/OPEN_ITEMS_2026-09-09.md;docs/PREREG_exon_sum_width_bias_2026-09-09.md;docs/PREREG_hard_locus_bakeoff_2026-09-09.md	The instrument, and the b,§6hf,§6hh,§6hy,⭐⭐⭐ THE FAMILY-REGION 4-W	AGENT_HANDOFF.md;bench/hard_locus_bakeoff.py;docs/superpowers/plans/2026-09-15-fuzzy-junction-merge.md;tools/cleanup_wave2_bench.py	match:exact+glob-wide+suffix
bench/union_truth_npip.py	tracked	6559	2026-09-22	KEEP-CITED	-		2	docs/MEMORY_DIGEST.md;docs/NEGATIVE_RESULTS_REGISTER.md		AGENT_HANDOFF.md;docs/superpowers/plans/2026-09-15-fuzzy-junction-merge.md;tools/cleanup_wave2_bench.py	match:exact+glob-wide
bench/validate_exon_sum.py	tracked	13878	2026-09-01	KEEP-CITED	-		3	docs/o1_ledger.md;memory:project_recompute_ggomm.md;src/rustle/vg_family/denovo_pipeline.rs	The ten, worst first,§6an	AGENT_HANDOFF.md;bench/COPY_ASSIGNMENT_AND_GATE.md;docs/superpowers/plans/2026-09-15-fuzzy-junction-merge.md;tools/cleanup_wave2_bench.py	match:exact+glob-wide+suffix
bench/vg_multiplicity_containment.py	tracked	5594	2026-09-20	KEEP-CITED	-		3	docs/PREREG_colinearity_conjunct_2026-09-21.md;docs/VG_CONTAINMENT_RESULT_2026-09-20.md;memory:project_cleanup_audit.md		AGENT_HANDOFF.md;bench/colinearity_conjunct.py;docs/superpowers/plans/2026-09-15-fuzzy-junction-merge.md;tools/cleanup_wave2_bench.py	match:exact+glob-wide+suffix
bench/width_deficit.py	tracked	9261	2026-09-09	KEEP-CITED	-		4	docs/PREREG_boundary_outlier_2026-09-10.md;docs/PREREG_exon_sum_width_bias_2026-09-09.md;docs/PREREG_isoform_fraction_2026-09-09.md;docs/o1_ledger.md	§6hq	AGENT_HANDOFF.md;docs/superpowers/plans/2026-09-15-fuzzy-junction-merge.md;tools/cleanup_wave2_bench.py	match:exact+glob-wide
bench/xspecies_junction_probes.py	tracked	2195	2026-09-07	KEEP-CITED	-		2	docs/o1_ledger.md;memory:project_q5_junction_conservation.md	§6l1	AGENT_HANDOFF.md;docs/superpowers/plans/2026-09-15-fuzzy-junction-merge.md;tools/cleanup_wave2_bench.py	match:exact+glob-wide
bench/yag_build.sh	tracked	1338	2026-09-07	KEEP-CITED	-		1	docs/o1_ledger.md	§6fx	tools/cleanup_wave2_bench.py	match:exact+glob-wide
docs/ACTIVE_WORKING_SET.md	tracked	9907	2026-09-20	KEEP-CITED	-		3	README.md;docs/o1_ledger.md;memory:project_cleanup_audit.md	§6i6,§6q8,§6q9b	REPRODUCE.md;tools/audit_cleanup_candidates.py;tools/cleanup_wave1.sh;tools/cleanup_wave2_bench.py	named-beside-stale-language-by:memory:project_cleanup_audit.md;dead-path-refs:14/25;match:exact+glob-wide
docs/ADVISOR_QUESTIONS.md	tracked	79411	2026-09-20	KEEP-CITED	-		15	docs/FRAMING_AUDIT_2026-09-05.md;docs/HELDOUT_FAMILIES_RESULT_2026-09-20.md;docs/MEMORY_DIGEST.md;docs/O1_DEFINITION_SWITCH.md	§6gh,§6i6,§6ky,§6q8,§6q9b,§6r6	bench/TBC1D3_GUITART_TRUTH_CORRECTION.md;docs/archive/NEXT_STEPS_2026-09-04.md;tools/audit_cleanup_candidates.py;tools/cleanup_wave2_bench.py	named-beside-stale-language-by:docs/PIPELINE_STATE_TEST_2026-09-19.md;match:exact+glob-wide+suffix
docs/ASYMMETRY_BLIND_SPOT_RESOLVED_2026-09-20.md	tracked	4059	2026-09-20	KEEP-CITED	-		1	memory:project_cleanup_audit.md	§6i6,§6q8,§6q9b	tools/audit_cleanup_candidates.py;tools/cleanup_wave2_bench.py	match:exact+glob-wide
docs/ASYMMETRY_METRIC_RESULT_2026-09-20.md	tracked	5486	2026-09-20	KEEP-CITED	-		1	memory:project_cleanup_audit.md	§6i6,§6q8,§6q9b	tools/audit_cleanup_candidates.py;tools/cleanup_wave2_bench.py	match:exact+glob-wide
docs/CHAINED_JACCARD_RESULT_2026-09-20.md	tracked	3645	2026-09-20	KEEP-CITED	-		1	memory:project_cleanup_audit.md	§6i6,§6q8,§6q9b	tools/audit_cleanup_candidates.py;tools/cleanup_wave2_bench.py	match:exact+glob-wide
docs/CHAPTER_O1_O2_COMPOSITION_DRAFT.md	tracked	11010	2026-09-06	KEEP-CITED	-		3	docs/FRAMING_AUDIT_2026-09-05.md;docs/O1_O2_LOOSE_ENDS.md;docs/ROADMAP_O1_O2.md	§6i6,§6q8,§6q9b	tools/audit_cleanup_candidates.py;tools/cleanup_wave2_bench.py	match:exact+glob-wide+suffix
docs/COVER_AND_JN_DEFINITION_2026-09-21.md	tracked	10623	2026-09-21	KEEP-CITED	-		3	docs/NEGATIVE_RESULTS_REGISTER.md;docs/PREREG_cover_and_jn_weight_2026-09-21.md;memory:project_cover_and_jn_refuted.md	§6i6,§6q8,§6q9b	tools/audit_cleanup_candidates.py;tools/cleanup_wave2_bench.py	match:exact+glob-wide
docs/DATA.md	tracked	4208	2026-09-20	KEEP-CITED	-		8	README.md;docs/NEGATIVE_RESULTS_REGISTER.md;docs/PREREG_union_truth_npip_2026-09-22.md;docs/o1_ledger.md	§6i6,§6q8,§6q9,§6q9b,§6r9	REPRODUCE.md;tools/audit_cleanup_candidates.py;tools/cleanup_wave2_bench.py	match:exact+glob-wide
docs/DOMINANT_GAP_RESOLVED_2026-09-20.md	tracked	4430	2026-09-20	KEEP-CITED	-		2	docs/ADVISOR_QUESTIONS.md;memory:project_cleanup_audit.md	§6i6,§6q8,§6q9b	tools/audit_cleanup_candidates.py;tools/cleanup_wave2_bench.py	match:exact+glob-wide
docs/EICHLER_COMPARISON_2026-09-21.md	tracked	4653	2026-09-21	KEEP-CITED	-		2	memory:project_cleanup_audit.md;src/bin/copy_assign.rs	§6i6,§6q8,§6q9b	tools/audit_cleanup_candidates.py;tools/cleanup_wave2_bench.py	match:exact+glob-wide
docs/FALSE_NEGATIVE_RULES_RESULT_2026-09-21.md	tracked	4013	2026-09-21	KEEP-CITED	-		1	memory:project_cleanup_audit.md	§6i6,§6q8,§6q9b	tools/audit_cleanup_candidates.py;tools/cleanup_wave2_bench.py	match:exact+glob-wide
docs/FRAMING_AUDIT_2026-09-05.md	tracked	7672	2026-09-10	KEEP-CITED	-		4	docs/MEMORY_DIGEST.md;docs/O1_DEFINITION_SWITCH.md;docs/O1_O2_COMPOSITION.md;docs/THESIS_OBJECTIVES.md	§6i6,§6q8,§6q9b	tools/audit_cleanup_candidates.py;tools/cleanup_wave2_bench.py	match:exact+glob-wide+suffix
docs/HELDOUT_FAMILIES_RESULT_2026-09-20.md	tracked	5192	2026-09-20	KEEP-CITED	-		2	docs/ADVISOR_QUESTIONS.md;memory:project_cleanup_audit.md	§6i6,§6q8,§6q9b	tools/audit_cleanup_candidates.py;tools/cleanup_wave2_bench.py	match:exact+glob-wide
docs/IDEAL_CHROMOSOME_SIM_2026-09-21.md	tracked	34611	2026-09-21	KEEP-CITED	-		2	docs/NEGATIVE_RESULTS_REGISTER.md;src/rustle/vg_family/denovo_assemble.rs	§6i6,§6q8,§6q9b	REPRODUCE.md;tools/audit_cleanup_candidates.py;tools/cleanup_wave2_bench.py	match:exact+glob-wide
docs/INTRON_PLACEHOLDER_RESULT_2026-09-20.md	tracked	4079	2026-09-20	KEEP-CITED	-		1	memory:project_cleanup_audit.md	§6i6,§6q8,§6q9b	tools/audit_cleanup_candidates.py;tools/cleanup_wave2_bench.py	match:exact+glob-wide
docs/JACCARD_SWEEP_RESULT_2026-09-20.md	tracked	5452	2026-09-20	KEEP-CITED	-		1	memory:project_cleanup_audit.md	§6i6,§6q8,§6q9b	tools/audit_cleanup_candidates.py;tools/cleanup_wave2_bench.py	match:exact+glob-wide
docs/JUNCTION_FAMILY_RESULT_2026-09-20.md	tracked	4560	2026-09-20	KEEP-CITED	-		1	memory:project_cleanup_audit.md	§6i6,§6q8,§6q9b	tools/audit_cleanup_candidates.py;tools/cleanup_wave2_bench.py	match:exact+glob-wide
docs/METHOD_PSEUDOCODE.md	tracked	19135	2026-08-28	KEEP-CITED	-		2	README.md;docs/o1_ledger.md	§6i6,§6m,§6q8,§6q9b,⭐⭐ What DOES work: O1 alr	REPRODUCE.md;tools/audit_cleanup_candidates.py;tools/cleanup_wave2_bench.py	match:exact+glob-wide+suffix
docs/MODULE_STATUS.md	tracked	25985	2026-09-20	KEEP-CITED	-		52	docs/ADVISOR_QUESTIONS.md;docs/NEGATIVE_RESULTS_REGISTER.md;docs/O1_O2_COMPOSITION.md;docs/o1_ledger.md	§6kt,§6kx,§6l6,§6m0,§6q8,§6q9b	docs/superpowers/plans/2026-09-16-gtf-refine-and-dedup-fix.md;docs/superpowers/specs/2026-09-16-gtf-refine-and-dedup-fix-design.md;src/rustle/vg_family/collapse_gate.rs;tools/audit_cleanup_candidates.py	match:exact+glob-wide+suffix
docs/NEIGHBOURHOOD_JACCARD_RESULT_2026-09-21.md	tracked	3878	2026-09-21	KEEP-CITED	-		1	memory:project_cleanup_audit.md	§6i6,§6q8,§6q9b	tools/audit_cleanup_candidates.py;tools/cleanup_wave2_bench.py	match:exact+glob-wide
docs/NODE_CONSTRUCTION_OVERMERGE_2026-09-21.md	tracked	9529	2026-09-21	KEEP-CITED	-		3	docs/NEGATIVE_RESULTS_REGISTER.md;docs/PREREG_read_bridged_node_merge_2026-09-21.md;memory:project_node_overmerge_reversal.md	§6i6,§6q8,§6q9b	tools/audit_cleanup_candidates.py;tools/cleanup_wave2_bench.py	match:exact+glob-wide
docs/NODE_DEFINITION_2026-09-22.md	tracked	7995	2026-09-22	KEEP-CITED	-		2	docs/MEMORY_DIGEST.md;memory:MEMORY.md	§6i6,§6q8,§6q9b	tools/audit_cleanup_candidates.py;tools/cleanup_wave2_bench.py	match:exact+glob-wide
docs/NODE_GRAPH_ADMISSION_2026-09-21.md	tracked	8492	2026-09-22	KEEP-CITED	-		4	docs/MEMORY_DIGEST.md;docs/NEGATIVE_RESULTS_REGISTER.md;docs/PREREG_split_graph_admission_2026-09-22.md;memory:project_node_overmerge_reversal.md	§6i6,§6q8,§6q9b	bench/node_graph_admission.py;tools/audit_cleanup_candidates.py;tools/cleanup_wave2_bench.py	match:exact+glob-wide
docs/NUMBERS.md	tracked	28666	2026-09-02	KEEP-CITED	-		10	README.md;docs/MEMORY_DIGEST.md;docs/NEGATIVE_RESULTS_REGISTER.md;docs/OBJECTIVES_AND_VERIFICATION.md	THE REMAINING SURVIVORS —,The corroboration layer —,§6c,§6i6,§6q8,§6q9b	tools/audit_cleanup_candidates.py;tools/cleanup_wave2_bench.py	match:exact+glob-wide+suffix
docs/O1_DEFINITION_SWITCH.md	tracked	8700	2026-09-07	KEEP-CITED	-		11	docs/ADVISOR_QUESTIONS.md;docs/CHAPTER_O1_O2_COMPOSITION_DRAFT.md;docs/MEMORY_DIGEST.md;docs/NEGATIVE_RESULTS_REGISTER.md	§6fz,§6i6,§6iz,§6j1,§6q8,§6q9b	tools/audit_cleanup_candidates.py;tools/cleanup_wave2_bench.py	match:exact+glob-wide+suffix
docs/O1_FUSION_GAP_2026-09-20.md	tracked	4914	2026-09-20	KEEP-CITED	-		1	memory:project_cleanup_audit.md	§6i6,§6q8,§6q9b	tools/audit_cleanup_candidates.py;tools/cleanup_wave2_bench.py	match:exact+glob-wide
docs/O1_O2_COMPOSITION.md	tracked	16529	2026-09-10	KEEP-CITED	-		8	docs/ADVISOR_QUESTIONS.md;docs/FRAMING_AUDIT_2026-09-05.md;docs/MEMORY_DIGEST.md;docs/O1_O2_LOOSE_ENDS.md	§6hz,§6i6,§6q8,§6q9b	tools/audit_cleanup_candidates.py;tools/cleanup_wave2_bench.py	match:exact+glob-wide+suffix
docs/O1_O2_LOOSE_ENDS.md	tracked	6157	2026-09-06	KEEP-CITED	-		8	docs/PREREG_loose_end_L3_2026-09-05.md;docs/PREREG_loose_ends_L1_L2_2026-09-05.md;docs/ROADMAP_O1_O2.md;docs/o1_ledger.md	§6fh,§6i6,§6q8,§6q9b	tools/audit_cleanup_candidates.py;tools/cleanup_wave2_bench.py	match:exact+glob-wide
docs/O1_O2_OPEN_2026-09-09.md	tracked	5257	2026-09-09	KEEP-CITED	-		2	docs/OPEN_ITEMS_2026-09-09.md;docs/o1_ledger.md	§6hb,§6i6,§6q8,§6q9b	tools/audit_cleanup_candidates.py;tools/cleanup_wave2_bench.py	match:exact+glob-wide+suffix
docs/O3_STATUS.md	tracked	8957	2026-09-04	KEEP-CITED	-		5	docs/ADVISOR_QUESTIONS.md;docs/MEMORY_DIGEST.md;docs/o1_ledger.md;memory:project_o3_flag_pass.md	§6dr,§6i6,§6kw,§6ky,§6q8,§6q9b	docs/superpowers/specs/2026-09-10-o3-flag-pass-integration-design.md;tools/audit_cleanup_candidates.py;tools/cleanup_wave2_bench.py	named-beside-stale-language-by:docs/MEMORY_DIGEST.md;match:exact+glob-wide+suffix
docs/OBJECTIVES_AND_VERIFICATION.md	tracked	252753	2026-09-02	KEEP-CITED	-		8	docs/ADVISOR_QUESTIONS.md;docs/README.md;docs/o3_missing_copy_evidence.md;docs/seeded_family_definition.md	§6i6,§6q8,§6q9b	tools/audit_cleanup_candidates.py;tools/cleanup_wave2_bench.py	match:exact+glob-wide+suffix
docs/ONE_METHOD.md	tracked	20373	2026-09-02	KEEP-CITED	-		8	README.md;docs/O1_O2_COMPOSITION.md;docs/OBJECTIVES_AND_VERIFICATION.md;docs/README.md	Is the two-implementation,§6i6,§6q8,§6q9,§6q9b	tools/audit_cleanup_candidates.py;tools/cleanup_wave2_bench.py	match:exact+glob-wide+suffix
docs/OPEN_ITEMS_2026-09-09.md	tracked	21347	2026-09-10	KEEP-CITED	-		6	docs/FRAMING_AUDIT_2026-09-05.md;docs/THESIS_OBJECTIVES.md;docs/o1_ledger.md;src/bin/copy_assign.rs	§6hz,§6i1,§6i6,§6i9,§6q8,§6q9b	bench/isoform_bakeoff.py;bench/isoform_copy_lift.py;docs/superpowers/specs/2026-09-10-o3-flag-pass-integration-design.md;tools/audit_cleanup_candidates.py	match:exact+glob-wide
docs/OPERATOR_BAKEOFF_HELDOUT_2026-09-20.md	tracked	4272	2026-09-20	KEEP-CITED	-		1	memory:project_cleanup_audit.md	§6i6,§6q8,§6q9b	tools/audit_cleanup_candidates.py;tools/cleanup_wave2_bench.py	match:exact+glob-wide
docs/PENDING_2026-09-17.md	tracked	3777	2026-09-18	KEEP-CITED	-		4	docs/MEMORY_DIGEST.md;docs/PREREG_chimera_policy_2026-09-18.md;docs/o1_ledger.md;memory:MEMORY.md	§6i6,§6m1,§6q8,§6q9b	tools/audit_cleanup_candidates.py;tools/cleanup_wave2_bench.py	match:exact+glob-wide
docs/PIPELINE_STATE_TEST_2026-09-19.md	tracked	8619	2026-09-19	KEEP-CITED	-		3	docs/NEGATIVE_RESULTS_REGISTER.md;docs/SLIM_REGRESSION_2026-09-20.md;docs/o1_ledger.md	§6i6,§6q8,§6q9b,§6r6	tools/audit_cleanup_candidates.py;tools/cleanup_wave2_bench.py	match:exact+glob-wide
docs/PROTEIN_EDGES_RESULT_2026-09-20.md	tracked	4100	2026-09-20	KEEP-CITED	-		2	docs/DOMINANT_GAP_RESOLVED_2026-09-20.md;memory:project_cleanup_audit.md	§6i6,§6q8,§6q9b	tools/audit_cleanup_candidates.py;tools/cleanup_wave2_bench.py	match:exact+glob-wide
docs/PSEUDOCODE_2026-09-08.md	tracked	17800	2026-09-08	KEEP-CITED	-		1	docs/o1_ledger.md	§6gh,§6i6,§6q8,§6q9b	tools/audit_cleanup_candidates.py;tools/cleanup_wave2_bench.py	match:exact+glob-wide
docs/README.md	tracked	3888	2026-09-02	KEEP-CITED	-		1	memory:project_advisor_defense_dossier.md	§6i6,§6q8,§6q9,§6q9b	AGENTS.md;REPRODUCE.md;tools/audit_cleanup_candidates.py;tools/cleanup_wave2_bench.py	match:basename-ambiguous+exact+glob-wide
docs/READ_JUNCTIONS_RESULT_2026-09-21.md	tracked	3871	2026-09-21	KEEP-CITED	-		1	memory:project_cleanup_audit.md	§6i6,§6q8,§6q9b	tools/audit_cleanup_candidates.py;tools/cleanup_wave2_bench.py	match:exact+glob-wide
docs/REFERENCE.md	tracked	15081	2026-08-25	KEEP-CITED	-		6	docs/README.md;docs/THESIS_OBJECTIVES.md;docs/o1_investigations.md;src/rustle/vg_family/denovo_pipeline.rs	§6i6,§6q8,§6q9b	tools/audit_cleanup_candidates.py;tools/cleanup_wave2_bench.py	match:exact+glob-wide+suffix
docs/RETIREMENT_AND_MIGRATION.md	tracked	21069	2026-08-15	KEEP-CITED	-		16	docs/ONE_METHOD.md;docs/README.md;docs/o1_ledger.md;memory:project_rust_migration_o1.md	§6i6,§6q8,§6q9b,⭐⭐ What is actually true	AGENT_HANDOFF.md;bench/gen_bridge_detector_fixture.py;bench/gen_edge_oracle_fixture.py;bench/gen_minimizers_fixture.py	match:exact+glob-wide+suffix
docs/ROADMAP_O1_O2.md	tracked	16455	2026-09-06	KEEP-CITED	-		4	docs/MEMORY_DIGEST.md;docs/O1_O2_LOOSE_ENDS.md;docs/O1_O2_OPEN_2026-09-09.md;docs/o1_ledger.md	§6ef,§6i6,§6q8,§6q9b	tools/audit_cleanup_candidates.py;tools/cleanup_wave2_bench.py	match:exact+glob-wide+suffix
docs/SLIM_REGRESSION_2026-09-20.md	tracked	4821	2026-09-20	KEEP-CITED	-		2	docs/PREREG_heldout_families_2026-09-20.md;memory:project_cleanup_audit.md	§6i6,§6q8,§6q9b	tools/audit_cleanup_candidates.py;tools/cleanup_wave2_bench.py	match:exact+glob-wide
docs/THESIS_OBJECTIVES.md	tracked	46137	2026-09-10	KEEP-CITED	-		14	docs/ADVISOR_QUESTIONS.md;docs/FRAMING_AUDIT_2026-09-05.md;docs/NEGATIVE_RESULTS_REGISTER.md;docs/O1_DEFINITION_SWITCH.md	§4v,§6hz,§6i6,§6i7,§6q8,§6q9b	bench/VALIDATION_AND_STATUS.md;docs/superpowers/specs/2026-09-10-o3-flag-pass-integration-design.md;tools/audit_cleanup_candidates.py;tools/cleanup_wave2_bench.py	named-beside-stale-language-by:docs/OBJECTIVES_AND_VERIFICATION.md;match:exact+glob-wide+suffix
docs/VG_CONTAINMENT_RESULT_2026-09-20.md	tracked	3336	2026-09-20	KEEP-CITED	-		1	memory:project_cleanup_audit.md	§6i6,§6q8,§6q9b	tools/audit_cleanup_candidates.py;tools/cleanup_wave2_bench.py	match:exact+glob-wide
docs/archive/NEXT_STEPS_2026-09-04.md	tracked	10950	2026-09-05	KEEP-CITED	-		3	docs/MEMORY_DIGEST.md;docs/ROADMAP_O1_O2.md;docs/o1_ledger.md	§6ef	tools/audit_cleanup_candidates.py	named-beside-stale-language-by:docs/ROADMAP_O1_O2.md;match:dir+exact
docs/archive/O1_PRECISION_LEVERS.md	tracked	9639	2026-09-05	KEEP-CITED	-		3	docs/MEMORY_DIGEST.md;docs/ROADMAP_O1_O2.md;docs/o1_ledger.md	INDEX,⛔⛔ TWO SURVIVORS ARE TEXT	tools/audit_cleanup_candidates.py	named-beside-stale-language-by:docs/ROADMAP_O1_O2.md;match:dir+suffix
docs/archive/O1_TO_O2_BRIDGE.md	tracked	8056	2026-09-05	KEEP-CITED	-		3	docs/MEMORY_DIGEST.md;docs/O1_O2_COMPOSITION.md;docs/ROADMAP_O1_O2.md		tools/audit_cleanup_candidates.py	named-beside-stale-language-by:docs/ROADMAP_O1_O2.md;match:dir+suffix
docs/artifacts/ambiguity-cliff.html	tracked	52287	2026-09-01	KEEP-CITED	-		2	docs/o1_ledger.md;memory:project_o1_shared_read_edges.md	§6l3,⭐ DEPTH STEPS WITH INCIDE		match:dir+exact+suffix
docs/audit46_2026-09-04.tsv	tracked	2772	2026-09-04	KEEP-CITED	-		1	docs/o1_ledger.md	§6ed	docs/archive/NEXT_STEPS_2026-09-04.md	
docs/copy_assignment_definition.md	tracked	97392	2026-09-01	KEEP-CITED	-		6	docs/OBJECTIVES_AND_VERIFICATION.md;docs/README.md;docs/RETIREMENT_AND_MIGRATION.md;memory:project_s1_shipped_o2_spec.md	§6i6,§6q8,§6q9b	bench/DEFINITIONS_FORMAL.md;bench/README.md;bench/THEORY.md;tools/audit_cleanup_candidates.py	match:exact+glob-wide+suffix
docs/experiments/05_loc115930085_s2_falsifier.md	tracked	4671	2026-04-21	KEEP-CITED	-		2	via tools/audit_cleanup_candidates.py;via tools/cleanup_wave2_bench.py		tools/audit_cleanup_candidates.py;tools/cleanup_wave2_bench.py	dead-path-refs:4/7;match:dir+glob-wide
docs/experiments/DAZ_vg_verification.md	tracked	5140	2026-05-31	KEEP-CITED	-		2	via tools/audit_cleanup_candidates.py;via tools/cleanup_wave2_bench.py		tools/audit_cleanup_candidates.py;tools/cleanup_wave2_bench.py	match:dir+glob-wide
docs/experiments/GGO_family_vg.md	tracked	29345	2026-09-01	KEEP-CITED	-		1	docs/experiments/DAZ_vg_verification.md		tools/audit_cleanup_candidates.py;tools/cleanup_wave2_bench.py	match:dir+exact+glob-wide
docs/figures/fig_family1_refinement.png	tracked	109180	2026-04-21	KEEP-CITED	-		1	docs/experiments/05_loc115930085_s2_falsifier.md			match:glob-wide+suffix
docs/figures/fig_loc115930085_reads.png	tracked	46819	2026-04-21	KEEP-CITED	-		1	docs/experiments/05_loc115930085_s2_falsifier.md			match:glob-wide+suffix
docs/figures/fig_loc115930085_recovery.png	tracked	66920	2026-04-21	KEEP-CITED	-		1	docs/experiments/05_loc115930085_s2_falsifier.md			match:glob-wide+suffix
docs/figures/fig_npip_anchors.png	tracked	34765	2026-09-05	KEEP-CITED	-		1	docs/CHAPTER_O1_O2_COMPOSITION_DRAFT.md			match:exact+glob-wide
docs/figures/fig_sweep_agreement.png	tracked	121823	2026-09-05	KEEP-CITED	-		1	docs/CHAPTER_O1_O2_COMPOSITION_DRAFT.md			match:exact+glob-wide
docs/figures/fig_sweep_status.png	tracked	110865	2026-09-05	KEEP-CITED	-		1	docs/CHAPTER_O1_O2_COMPOSITION_DRAFT.md			match:exact+glob-wide
docs/figures/fig_znf569_locus.png	tracked	69940	2026-09-05	KEEP-CITED	-		1	docs/CHAPTER_O1_O2_COMPOSITION_DRAFT.md			match:exact+glob-wide
docs/figures/znf569_locus.json	tracked	2024	2026-09-05	KEEP-CITED	-		1	via bench/chapter_figures.py		bench/chapter_figures.py	match:suffix
docs/g3_threshold_grid_2026-09-05.tsv	tracked	1158	2026-09-05	KEEP-CITED	-		2	docs/ADVISOR_QUESTIONS.md;docs/o1_ledger.md	§6ez		
docs/lit_subclusters_npip_dishuck_check.tsv	tracked	7916	2026-09-16	KEEP-CITED	-		1	docs/o1_ledger.md	§6l8	bench/JUNCTION_AND_READTHROUGH_RULES.md;bench/LATTICE_RULE_STRENGTHENERS.md;bench/NPIP_DISHUCK_TRUTH_CHECK.md;bench/NPIP_NODE_LADDER.md	
docs/lit_subclusters_npip_tbc1d3_truth.tsv	tracked	2065	2026-09-13	KEEP-CITED	-		1	docs/o1_ledger.md	inv01 — truth TSV,§5,§6jg	bench/NPIP_DISHUCK_TRUTH_CHECK.md;bench/TBC1D3_GUITART_TRUTH_CORRECTION.md;bench/layer_order/lo_corrected_tables.py	match:exact+suffix
docs/lit_subclusters_tbc1d3_guitart_fig6c.tsv	tracked	9828	2026-09-16	KEEP-CITED	-		1	memory:project_tbc1d3_subclusters_population_unit.md		bench/TBC1D3_GUITART_TRUTH_CORRECTION.md	
docs/npip3new_chm13_2026-09-05.paf	tracked	5042	2026-09-05	KEEP-CITED	-		1	docs/o1_ledger.md	§6ez		
docs/npip_truth_audit_2026-09-05.tsv	tracked	9965	2026-09-05	KEEP-CITED	-		1	docs/o1_ledger.md	§6eq		
docs/o1_catalog_provenance.md	tracked	7835	2026-08-20	KEEP-CITED	-		10	docs/MEMORY_DIGEST.md;docs/NEGATIVE_RESULTS_REGISTER.md;docs/NUMBERS.md;docs/OBJECTIVES_AND_VERIFICATION.md	O1 LEDGER — what has and ,The corroboration layer —,§6i6,§6q8,§6q9b	tools/audit_cleanup_candidates.py;tools/cleanup_wave2_bench.py	named-beside-stale-language-by:docs/README.md;match:exact+glob-wide+suffix
docs/o1_investigations.md	tracked	274239	2026-09-02	KEEP-CITED	-		9	docs/NEGATIVE_RESULTS_REGISTER.md;docs/NUMBERS.md;docs/OBJECTIVES_AND_VERIFICATION.md;docs/ONE_METHOD.md	The corroboration layer —,§6i6,§6q8,§6q9b,⟹ Where the finding actua	bench/FALSE_NEGATIVES.md;bench/o1_golga2_subfamily_audit.md;tools/audit_cleanup_candidates.py;tools/cleanup_wave2_bench.py	named-beside-stale-language-by:docs/OBJECTIVES_AND_VERIFICATION.md;match:exact+glob-wide+suffix
docs/o2_unexplained_v8_loci_2026-09-05.tsv	tracked	6127	2026-09-05	KEEP-CITED	-		1	docs/ROADMAP_O1_O2.md	§6fb		match:exact+glob-wide
docs/o3_missing_copy_evidence.md	tracked	85857	2026-09-01	KEEP-CITED	-		7	docs/NEGATIVE_RESULTS_REGISTER.md;docs/NUMBERS.md;docs/OBJECTIVES_AND_VERIFICATION.md;docs/README.md	§6ai,§6i6,§6q8,§6q9b,⚠ WHAT THE SWEEP DID NOT ,✅ What the panel DOES est	tools/audit_cleanup_candidates.py;tools/cleanup_wave2_bench.py	named-beside-stale-language-by:docs/OBJECTIVES_AND_VERIFICATION.md;match:exact+glob-wide+suffix
docs/rna_admit_v8_2026-09-05.tsv	tracked	219	2026-09-05	KEEP-CITED	-		1	docs/o1_ledger.md	§6fb		
docs/rna_bp1_p9_cores_2026-09-04.tsv	tracked	76459	2026-09-04	KEEP-CITED	-		1	docs/o1_ledger.md	§6ei		
docs/seeded_family_definition.md	tracked	241475	2026-09-19	KEEP-CITED	-		23	docs/ADVISOR_QUESTIONS.md;docs/MEMORY_DIGEST.md;docs/NEGATIVE_RESULTS_REGISTER.md;docs/OBJECTIVES_AND_VERIFICATION.md	§6l9,§6p1,§6p2,§6p3,§6q8,§6q9b	REPRODUCE.md;bench/LAYER_ORDER_NPIP_TBC1D3.md;bench/NESTED_LATTICE_NPIP_TBC1D3.md;bench/layer_order/lattice_common.py	named-beside-stale-language-by:docs/OBJECTIVES_AND_VERIFICATION.md;match:exact+glob-wide+suffix
docs/soto_fragmentation_diagnosis_2026-09-05.txt	tracked	7970	2026-09-05	KEEP-CITED	-		1	docs/o1_ledger.md	§6ey		
docs/soto_rna_admitted_2026-09-05.tsv	tracked	207	2026-09-05	KEEP-CITED	-		1	docs/o1_ledger.md	§6ex		
docs/superpowers/ARCHIVE_INDEX.md	tracked	5689	2026-08-30	KEEP-CITED	-		2	docs/THESIS_OBJECTIVES.md;memory:project_copy_assignment_theory.md		bench/THEORY.md;tools/audit_cleanup_candidates.py	match:dir+exact
docs/superpowers/plans/2026-09-10-o3-flag-pass-integration.md	tracked	69359	2026-09-10	KEEP-CITED	-		1	memory:project_copy_assignment_theory.md		docs/superpowers/specs/2026-09-10-o3-flag-pass-integration-design.md;tools/audit_cleanup_candidates.py	match:dir+exact
docs/superpowers/plans/2026-09-14-evidence-sources-plan1.md	tracked	56350	2026-09-14	KEEP-CITED	-		1	memory:project_copy_assignment_theory.md		tools/audit_cleanup_candidates.py	dead-path-refs:57/64;match:dir
docs/superpowers/plans/2026-09-15-fuzzy-junction-merge.md	tracked	27386	2026-09-15	KEEP-CITED	-		1	memory:project_copy_assignment_theory.md		tools/audit_cleanup_candidates.py	match:dir
docs/superpowers/plans/2026-09-15-read-seeded-copy-discovery.md	tracked	26144	2026-09-15	KEEP-CITED	-		1	memory:project_copy_assignment_theory.md		tools/audit_cleanup_candidates.py	match:dir
docs/superpowers/plans/2026-09-16-gtf-refine-and-dedup-fix.md	tracked	62197	2026-09-16	KEEP-CITED	-		1	memory:project_copy_assignment_theory.md		tools/audit_cleanup_candidates.py	dead-path-refs:64/92;match:dir
docs/superpowers/specs/2026-09-10-o3-flag-pass-integration-design.md	tracked	27354	2026-09-11	KEEP-CITED	-		5	memory:project_copy_assignment_theory.md;memory:project_copy_graph_shipped.md;src/bin/copy_assign.rs;src/rustle/vg_family/mod.rs		bench/o3_cross_individual_diff.py;docs/superpowers/ARCHIVE_INDEX.md;docs/superpowers/plans/2026-09-10-o3-flag-pass-integration.md;tools/audit_cleanup_candidates.py	match:dir+exact
docs/superpowers/specs/2026-09-14-evidence-agnostic-family-definition-design.md	tracked	15540	2026-09-14	KEEP-CITED	-		2	memory:project_copy_assignment_theory.md;memory:project_copy_graph_shipped.md		docs/superpowers/ARCHIVE_INDEX.md;docs/superpowers/plans/2026-09-14-evidence-sources-plan1.md;tools/audit_cleanup_candidates.py	match:dir+exact
docs/superpowers/specs/2026-09-15-fuzzy-junction-merge-design.md	tracked	12369	2026-09-15	KEEP-CITED	-		5	docs/PREREG_junction_fuzz_2026-09-15.md;memory:project_copy_assignment_theory.md;memory:project_copy_graph_shipped.md;src/bin/copy_assign.rs		bench/CHR20_ASSEMBLER_COMPARISON.md;docs/superpowers/ARCHIVE_INDEX.md;docs/superpowers/plans/2026-09-15-fuzzy-junction-merge.md;tools/audit_cleanup_candidates.py	match:dir+exact
docs/superpowers/specs/2026-09-15-read-seeded-copy-discovery-design.md	tracked	10848	2026-09-15	KEEP-CITED	-		2	memory:project_copy_assignment_theory.md;memory:project_copy_graph_shipped.md		docs/superpowers/ARCHIVE_INDEX.md;docs/superpowers/plans/2026-09-15-read-seeded-copy-discovery.md;tools/audit_cleanup_candidates.py	match:dir+exact
docs/superpowers/specs/2026-09-16-family-layer-order-design.md	tracked	14576	2026-09-16	KEEP-CITED	-		3	docs/seeded_family_definition.md;memory:project_copy_assignment_theory.md;memory:project_copy_graph_shipped.md		bench/LAYER_ORDER_NPIP_TBC1D3.md;bench/NESTED_LATTICE_NPIP_TBC1D3.md;bench/layer_order/lo_analysis.py;docs/superpowers/ARCHIVE_INDEX.md	match:dir+exact
docs/superpowers/specs/2026-09-16-gtf-refine-and-dedup-fix-design.md	tracked	13927	2026-09-16	KEEP-CITED	-		2	memory:project_copy_assignment_theory.md;memory:project_copy_graph_shipped.md		docs/superpowers/ARCHIVE_INDEX.md;docs/superpowers/plans/2026-09-16-gtf-refine-and-dedup-fix.md;tools/audit_cleanup_candidates.py	match:dir+exact
docs/sweep_v10_families_2026-09-05.tsv	tracked	4915	2026-09-05	KEEP-CITED	-		1	docs/o1_ledger.md	§6fd		
docs/sweep_v10_fast_families_2026-09-05.tsv	tracked	2390	2026-09-05	KEEP-CITED	-		1	docs/o1_ledger.md	§6fe		
docs/sweep_v7_star_families_2026-09-05.tsv	tracked	2347	2026-09-05	KEEP-CITED	-		1	docs/o1_ledger.md	§6fa		
src/rustle/vg_family/testdata/bridge_detector_fixture.json	tracked	619673	2026-07-03	KEEP-CITED	-		2	src/rustle/vg_family/bridge_detector.rs;src/rustle/vg_family/o2_columns.rs		AGENT_HANDOFF.md;bench/DENOVO_PIPELINE.md;bench/FAMILY_DEF.md;bench/gen_bridge_detector_fixture.py	match:dir+dir-large+exact+suffix
src/rustle/vg_family/testdata/distinct_loci_fixture.tsv	tracked	298018	2026-07-03	KEEP-CITED	-		2	src/rustle/vg_family/family_definition.rs;src/rustle/vg_family/o2_columns.rs		AGENT_HANDOFF.md;bench/DENOVO_PIPELINE.md;bench/FAMILY_DEF.md;bench/gen_distinct_loci_fixture.py	match:dir+dir-large+exact+suffix
src/rustle/vg_family/testdata/edge_oracle_fixture.json	tracked	17361	2026-07-03	KEEP-CITED	-		2	src/rustle/vg_family/edge_oracle.rs;src/rustle/vg_family/o2_columns.rs		AGENT_HANDOFF.md;bench/DENOVO_PIPELINE.md;bench/FAMILY_DEF.md;bench/gen_edge_oracle_fixture.py	match:dir+dir-large+exact+suffix
src/rustle/vg_family/testdata/loaders_fixture.json	tracked	182906	2026-07-03	KEEP-CITED	-		2	src/rustle/vg_family/family_loaders.rs;src/rustle/vg_family/o2_columns.rs		AGENT_HANDOFF.md;bench/DENOVO_PIPELINE.md;bench/FAMILY_DEF.md;bench/gen_loaders_fixture.py	match:dir+dir-large+exact+suffix
src/rustle/vg_family/testdata/minimizers_fixture.json	tracked	76331	2026-07-03	KEEP-CITED	-		2	src/rustle/vg_family/minimizers.rs;src/rustle/vg_family/o2_columns.rs		AGENT_HANDOFF.md;bench/DENOVO_PIPELINE.md;bench/FAMILY_DEF.md;bench/gen_minimizers_fixture.py	match:dir+dir-large+exact+suffix
src/rustle/vg_family/testdata/multi_repeat_bridge_fixture.json	tracked	4817886	2026-07-03	KEEP-CITED	-		3	src/rustle/vg_family/multi_repeat_bridge.rs;src/rustle/vg_family/multi_repeat_bridge_tests.rs;src/rustle/vg_family/o2_columns.rs		AGENT_HANDOFF.md;bench/DENOVO_PIPELINE.md;bench/FAMILY_DEF.md;bench/gen_multi_repeat_bridge_fixture.py	match:dir+dir-large+suffix
src/rustle/vg_family/testdata/o2_assemble_fixture.json	tracked	1548787	2026-07-04	KEEP-CITED	-		2	src/rustle/vg_family/o2_columns.rs;src/rustle/vg_family/o2_materialize.rs		AGENT_HANDOFF.md;bench/DENOVO_PIPELINE.md;bench/FAMILY_DEF.md;bench/gen_o2_columns_fixture.py	match:dir+dir-large+suffix
src/rustle/vg_family/testdata/o2_columns_fixture.json	tracked	3367463	2026-07-03	KEEP-CITED	-		1	src/rustle/vg_family/o2_columns.rs		AGENT_HANDOFF.md;bench/DENOVO_PIPELINE.md;bench/FAMILY_DEF.md;bench/gen_o2_columns_fixture.py	match:dir+dir-large+suffix
src/rustle/vg_family/testdata/o2_margin_gate_fixture.json	tracked	888057	2026-07-03	KEEP-CITED	-		2	src/rustle/vg_family/o2_columns.rs;src/rustle/vg_family/o2_margin_gate.rs		AGENT_HANDOFF.md;bench/DENOVO_PIPELINE.md;bench/FAMILY_DEF.md;bench/gen_o2_columns_fixture.py	match:dir+dir-large+exact+suffix
src/rustle/vg_family/testdata/o2_materialize_fixture.json	tracked	315539	2026-07-03	KEEP-CITED	-		2	src/rustle/vg_family/o2_columns.rs;src/rustle/vg_family/o2_materialize.rs		AGENT_HANDOFF.md;bench/DENOVO_PIPELINE.md;bench/FAMILY_DEF.md;bench/gen_o2_columns_fixture.py	match:dir+dir-large+exact+suffix
src/rustle/vg_family/testdata/o2_readfetch_fixture.json	tracked	518466	2026-07-03	KEEP-CITED	-		2	src/rustle/vg_family/o2_columns.rs;src/rustle/vg_family/o2_materialize.rs		AGENT_HANDOFF.md;bench/DENOVO_PIPELINE.md;bench/FAMILY_DEF.md;bench/gen_o2_columns_fixture.py	match:dir+dir-large+exact+suffix
src/rustle/vg_family/testdata/o2cols_adv.bam	tracked	721	2026-07-03	KEEP-CITED	-		1	src/rustle/vg_family/o2_columns.rs		AGENT_HANDOFF.md;bench/DENOVO_PIPELINE.md;bench/FAMILY_DEF.md;bench/gen_o2_columns_fixture.py	match:dir+dir-large+suffix
src/rustle/vg_family/testdata/o2cols_adv.bam.bai	tracked	184	2026-07-03	KEEP-CITED	-		1	src/rustle/vg_family/o2_columns.rs		AGENT_HANDOFF.md;bench/DENOVO_PIPELINE.md;bench/FAMILY_DEF.md;bench/gen_o2_columns_fixture.py	match:dir+dir-large
src/rustle/vg_family/testdata/o2cols_fam77_copies.bam	tracked	4545	2026-07-03	KEEP-CITED	-		1	src/rustle/vg_family/o2_columns.rs		AGENT_HANDOFF.md;bench/DENOVO_PIPELINE.md;bench/FAMILY_DEF.md;bench/gen_o2_columns_fixture.py	match:dir+dir-large+suffix
src/rustle/vg_family/testdata/o2cols_fam77_copies.bam.bai	tracked	96	2026-07-03	KEEP-CITED	-		1	src/rustle/vg_family/o2_columns.rs		AGENT_HANDOFF.md;bench/DENOVO_PIPELINE.md;bench/FAMILY_DEF.md;bench/gen_o2_columns_fixture.py	match:dir+dir-large
src/rustle/vg_family/testdata/o2cols_fam93_copies.bam	tracked	1739	2026-07-03	KEEP-CITED	-		1	src/rustle/vg_family/o2_columns.rs		AGENT_HANDOFF.md;bench/DENOVO_PIPELINE.md;bench/FAMILY_DEF.md;bench/gen_o2_columns_fixture.py	match:dir+dir-large+suffix
src/rustle/vg_family/testdata/o2cols_fam93_copies.bam.bai	tracked	96	2026-07-03	KEEP-CITED	-		1	src/rustle/vg_family/o2_columns.rs		AGENT_HANDOFF.md;bench/DENOVO_PIPELINE.md;bench/FAMILY_DEF.md;bench/gen_o2_columns_fixture.py	match:dir+dir-large
src/rustle/vg_family/testdata/o2cols_fam93_reads.bam	tracked	11655	2026-07-03	KEEP-CITED	-		1	src/rustle/vg_family/o2_columns.rs		AGENT_HANDOFF.md;bench/DENOVO_PIPELINE.md;bench/FAMILY_DEF.md;bench/gen_o2_columns_fixture.py	match:dir+dir-large+suffix
src/rustle/vg_family/testdata/o2cols_fam93_reads.bam.bai	tracked	96	2026-07-03	KEEP-CITED	-		1	src/rustle/vg_family/o2_columns.rs		AGENT_HANDOFF.md;bench/DENOVO_PIPELINE.md;bench/FAMILY_DEF.md;bench/gen_o2_columns_fixture.py	match:dir+dir-large
src/rustle/vg_family/testdata/recombinant_abstain_fixture.json	tracked	1689609	2026-07-03	KEEP-CITED	-		2	src/rustle/vg_family/o2_columns.rs;src/rustle/vg_family/recombinant_abstain.rs		AGENT_HANDOFF.md;bench/DENOVO_PIPELINE.md;bench/FAMILY_DEF.md;bench/gen_o2_columns_fixture.py	match:dir+dir-large+suffix
src/rustle/vg_family/testdata/recombinant_split_fixture.json	tracked	261419	2026-07-03	KEEP-CITED	-		2	src/rustle/vg_family/o2_columns.rs;src/rustle/vg_family/recombinant_split.rs		AGENT_HANDOFF.md;bench/DENOVO_PIPELINE.md;bench/FAMILY_DEF.md;bench/gen_o2_columns_fixture.py	match:dir+dir-large+suffix
src/rustle/vg_family/testdata/refine_families_fixture.json	tracked	368056	2026-07-03	KEEP-CITED	-		3	docs/RETIREMENT_AND_MIGRATION.md;src/rustle/vg_family/family_definition.rs;src/rustle/vg_family/o2_columns.rs		AGENT_HANDOFF.md;bench/DENOVO_PIPELINE.md;bench/FAMILY_DEF.md;bench/gen_o2_columns_fixture.py	match:dir+dir-large+exact+suffix
src/rustle/vg_family/testdata/repeat_catalog_fixture.json	tracked	763795	2026-07-03	KEEP-CITED	-		2	src/rustle/vg_family/o2_columns.rs;src/rustle/vg_family/repeat_catalog.rs		AGENT_HANDOFF.md;bench/DENOVO_PIPELINE.md;bench/FAMILY_DEF.md;bench/gen_o2_columns_fixture.py	match:dir+dir-large+exact+suffix
test_data/synthetic_family/reads.sam	tracked	310858	2026-05-31	KEEP-CITED	-		1	memory:project_graph_alignment.md		bench/PERFORMANCE_AND_IO.md	match:basename-ambiguous+dir
test_data/synthetic_family/reads_sorted.bam	tracked	13871	2026-05-31	KEEP-CITED	-		1	memory:project_graph_alignment.md			match:dir
test_data/synthetic_family/reads_sorted.bam.bai	tracked	96	2026-05-31	KEEP-CITED	-		1	memory:project_graph_alignment.md			match:dir
test_data/synthetic_family/ref.fa	tracked	20260	2026-05-31	KEEP-CITED	-		4	docs/ISOSEQ_COMPARISON_RECIPE.md;memory:project_graph_alignment.md;src/rustle/bam.rs;src/rustle/vg_family/o2_materialize.rs		bench/PERFORMANCE_AND_IO.md;bench/VALIDATION_AND_STATUS.md;bench/build_sim5x.py;bench/ec_identity_cliff_assemble.py	match:dir+suffix
test_data/synthetic_family/ref.fa.fai	tracked	24	2026-04-15	KEEP-CITED	-		1	memory:project_graph_alignment.md			match:dir
test_data/synthetic_family/truth.gtf	tracked	1323	2026-04-15	KEEP-CITED	-		1	memory:project_graph_alignment.md			match:dir
tests/fixtures/from_genome/subset.fa	tracked	67033	2026-07-27	KEEP-CITED	-		3	src/rustle/vg_family/denovo_pipeline.rs;src/rustle/vg_family/from_genome.rs;tests/gw_family_catalog_from_genome.rs	THE FIX (`copy_assign.rs`,§6cv,§6dg		match:dir-large+exact
tests/fixtures/from_genome/subset.fa.fai	tracked	117	2026-07-27	KEEP-CITED	-		1	sidecar of tests/fixtures/from_genome/subset.fa	THE FIX (`copy_assign.rs`,§6cv,§6dg		match:dir-large
tests/fixtures/from_genome/windows.bed	tracked	71	2026-07-26	KEEP-CITED	-		3	docs/o1_ledger.md;src/rustle/vg_family/from_genome.rs;tests/gw_family_catalog_from_genome.rs	THE FIX (`copy_assign.rs`,§6cv,§6dg,§6j5	bench/NPIP_NODE_LADDER.md;bench/NPIP_PER_MEMBER_METRICS.md;bench/layer_order/lo_expr_recount.py	match:dir-large+exact+suffix
tests/fixtures/same_chrom_supplement/genome.fa	tracked	930	2026-07-07	KEEP-CITED	-		7	src/rustle/vg_family/denovo_pipeline.rs;tests/copy_assign_families.rs;tests/copy_assign_xfam.rs;tests/gw_family_catalog_homology_primary.rs	THE FIX (`copy_assign.rs`,§6cv,§6dg	bench/ASSEMBLE_ONLY_MODE.md;bench/amy_sim.py;bench/codon_divergence.py;bench/denovo_subfamilies.py	match:basename-ambiguous+dir+dir-large+exact
tests/fixtures/same_chrom_supplement/genome.fa.fai	tracked	36	2026-07-07	KEEP-CITED	-		2	tests/copy_assign_families.rs;tests/copy_assign_xfam.rs	THE FIX (`copy_assign.rs`,§6cv,§6dg		match:basename-ambiguous+dir+dir-large
tests/fixtures/same_chrom_supplement/make_bam.py	tracked	4659	2026-07-07	KEEP-CITED	-		2	tests/copy_assign_families.rs;tests/copy_assign_xfam.rs	THE FIX (`copy_assign.rs`,§6cv,§6dg		match:basename-ambiguous+dir+dir-large
tests/fixtures/same_chrom_supplement/out.copies.fa	tracked	616	2026-07-07	KEEP-CITED	-		3	tests/copy_assign_families.rs;tests/copy_assign_xfam.rs;tests/gw_family_catalog_same_chrom_supplement.rs	THE FIX (`copy_assign.rs`,§6cv,§6dg		byte-identical-to:tests/fixtures/same_chrom_supplement/out_conflict_enum.copies.fa(+1);match:dir+dir-large+prefix
tests/fixtures/same_chrom_supplement/out.copies.tsv	tracked	325	2026-08-29	KEEP-CITED	-		3	tests/copy_assign_families.rs;tests/copy_assign_xfam.rs;tests/gw_family_catalog_same_chrom_supplement.rs	THE FIX (`copy_assign.rs`,§6cv,§6dg		byte-identical-to:tests/fixtures/same_chrom_supplement/out_conflict_enum.copies.tsv(+1);match:dir+dir-large+prefix
tests/fixtures/same_chrom_supplement/out.families.tsv	tracked	200	2026-08-19	KEEP-CITED	-		3	tests/copy_assign_families.rs;tests/copy_assign_xfam.rs;tests/gw_family_catalog_same_chrom_supplement.rs	THE FIX (`copy_assign.rs`,§6cv,§6dg		byte-identical-to:tests/fixtures/same_chrom_supplement/out_conflict_enum.families.tsv(+1);match:dir+dir-large+prefix
tests/fixtures/same_chrom_supplement/out.pairs.tsv	tracked	165	2026-09-02	KEEP-CITED	-		3	tests/copy_assign_families.rs;tests/copy_assign_xfam.rs;tests/gw_family_catalog_same_chrom_supplement.rs	THE FIX (`copy_assign.rs`,§6cv,§6dg		byte-identical-to:tests/fixtures/same_chrom_supplement/out_conflict_enum.pairs.tsv;match:dir+dir-large+prefix
tests/fixtures/same_chrom_supplement/out_conflict_enum.copies.fa	ignored	616	2026-09-21	KEEP-CITED	-		3	tests/copy_assign_families.rs;tests/copy_assign_xfam.rs;tests/gw_family_catalog_homology_primary.rs	THE FIX (`copy_assign.rs`,§6cv,§6dg		byte-identical-to:tests/fixtures/same_chrom_supplement/out.copies.fa(+1);match:dir+dir-large+glob-wide+prefix
tests/fixtures/same_chrom_supplement/out_conflict_enum.copies.tsv	ignored	325	2026-09-21	KEEP-CITED	-		3	tests/copy_assign_families.rs;tests/copy_assign_xfam.rs;tests/gw_family_catalog_homology_primary.rs	THE FIX (`copy_assign.rs`,§6cv,§6dg		byte-identical-to:tests/fixtures/same_chrom_supplement/out.copies.tsv(+1);match:dir+dir-large+glob-wide+prefix
tests/fixtures/same_chrom_supplement/out_conflict_enum.families.tsv	ignored	200	2026-09-21	KEEP-CITED	-		3	tests/copy_assign_families.rs;tests/copy_assign_xfam.rs;tests/gw_family_catalog_homology_primary.rs	THE FIX (`copy_assign.rs`,§6cv,§6dg		byte-identical-to:tests/fixtures/same_chrom_supplement/out.families.tsv(+1);match:dir+dir-large+glob-wide+prefix
tests/fixtures/same_chrom_supplement/out_conflict_enum.pairs.tsv	ignored	165	2026-09-21	KEEP-CITED	-		3	tests/copy_assign_families.rs;tests/copy_assign_xfam.rs;tests/gw_family_catalog_homology_primary.rs	THE FIX (`copy_assign.rs`,§6cv,§6dg		byte-identical-to:tests/fixtures/same_chrom_supplement/out.pairs.tsv;match:dir+dir-large+glob-wide+prefix
tests/fixtures/same_chrom_supplement/out_default.copies.fa	tracked	616	2026-07-07	KEEP-CITED	-		3	tests/copy_assign_families.rs;tests/copy_assign_xfam.rs;tests/gw_family_catalog_regression.rs	THE FIX (`copy_assign.rs`,§6cv,§6dg		byte-identical-to:tests/fixtures/same_chrom_supplement/out.copies.fa(+1);match:dir+dir-large+glob-wide+prefix
tests/fixtures/same_chrom_supplement/out_default.copies.tsv	tracked	325	2026-08-29	KEEP-CITED	-		3	tests/copy_assign_families.rs;tests/copy_assign_xfam.rs;tests/gw_family_catalog_regression.rs	THE FIX (`copy_assign.rs`,§6cv,§6dg		byte-identical-to:tests/fixtures/same_chrom_supplement/out.copies.tsv(+1);match:dir+dir-large+glob-wide+prefix+suffix
tests/fixtures/same_chrom_supplement/out_default.families.tsv	tracked	200	2026-08-19	KEEP-CITED	-		4	memory:project_o1_graph_class.md;tests/copy_assign_families.rs;tests/copy_assign_xfam.rs;tests/gw_family_catalog_regression.rs	THE FIX (`copy_assign.rs`,§6cv,§6dg		byte-identical-to:tests/fixtures/same_chrom_supplement/out.families.tsv(+1);match:dir+dir-large+glob-wide+prefix+suffix
tests/fixtures/same_chrom_supplement/out_famcn.copies.fa	ignored	616	2026-09-21	KEEP-CITED	-		3	tests/copy_assign_families.rs;tests/copy_assign_xfam.rs;tests/gw_family_catalog_homology_primary.rs	THE FIX (`copy_assign.rs`,§6cv,§6dg		byte-identical-to:tests/fixtures/same_chrom_supplement/out_hom.copies.fa(+1);match:dir+dir-large+glob-wide+prefix
tests/fixtures/same_chrom_supplement/out_famcn.copies.tsv	ignored	325	2026-09-21	KEEP-CITED	-		3	tests/copy_assign_families.rs;tests/copy_assign_xfam.rs;tests/gw_family_catalog_homology_primary.rs	THE FIX (`copy_assign.rs`,§6cv,§6dg		byte-identical-to:tests/fixtures/same_chrom_supplement/out_hom.copies.tsv(+1);match:dir+dir-large+glob-wide+prefix
tests/fixtures/same_chrom_supplement/out_famcn.famcn.tsv	ignored	67	2026-09-21	KEEP-CITED	-		3	tests/copy_assign_families.rs;tests/copy_assign_xfam.rs;tests/gw_family_catalog_homology_primary.rs	THE FIX (`copy_assign.rs`,§6cv,§6dg		match:dir+dir-large+glob-wide+prefix
tests/fixtures/same_chrom_supplement/out_famcn.families.tsv	ignored	155	2026-09-21	KEEP-CITED	-		3	tests/copy_assign_families.rs;tests/copy_assign_xfam.rs;tests/gw_family_catalog_homology_primary.rs	THE FIX (`copy_assign.rs`,§6cv,§6dg		byte-identical-to:tests/fixtures/same_chrom_supplement/out_hom.families.tsv(+1);match:dir+dir-large+glob-wide+prefix
tests/fixtures/same_chrom_supplement/out_famcn.pairs.tsv	ignored	317	2026-09-21	KEEP-CITED	-		3	tests/copy_assign_families.rs;tests/copy_assign_xfam.rs;tests/gw_family_catalog_homology_primary.rs	THE FIX (`copy_assign.rs`,§6cv,§6dg		byte-identical-to:tests/fixtures/same_chrom_supplement/out_hom.pairs.tsv(+1);match:dir+dir-large+glob-wide+prefix
tests/fixtures/same_chrom_supplement/out_hom.copies.fa	ignored	616	2026-09-21	KEEP-CITED	-		3	tests/copy_assign_families.rs;tests/copy_assign_xfam.rs;tests/gw_family_catalog_homology_primary.rs	THE FIX (`copy_assign.rs`,§6cv,§6dg		byte-identical-to:tests/fixtures/same_chrom_supplement/out_famcn.copies.fa(+1);match:dir+dir-large+glob-wide+prefix
tests/fixtures/same_chrom_supplement/out_hom.copies.tsv	ignored	325	2026-09-21	KEEP-CITED	-		3	tests/copy_assign_families.rs;tests/copy_assign_xfam.rs;tests/gw_family_catalog_homology_primary.rs	THE FIX (`copy_assign.rs`,§6cv,§6dg		byte-identical-to:tests/fixtures/same_chrom_supplement/out_famcn.copies.tsv(+1);match:dir+dir-large+glob-wide+prefix
tests/fixtures/same_chrom_supplement/out_hom.families.tsv	ignored	155	2026-09-21	KEEP-CITED	-		3	tests/copy_assign_families.rs;tests/copy_assign_xfam.rs;tests/gw_family_catalog_homology_primary.rs	THE FIX (`copy_assign.rs`,§6cv,§6dg		byte-identical-to:tests/fixtures/same_chrom_supplement/out_famcn.families.tsv(+1);match:dir+dir-large+glob-wide+prefix
tests/fixtures/same_chrom_supplement/out_hom.pairs.tsv	ignored	317	2026-09-21	KEEP-CITED	-		3	tests/copy_assign_families.rs;tests/copy_assign_xfam.rs;tests/gw_family_catalog_homology_primary.rs	THE FIX (`copy_assign.rs`,§6cv,§6dg		byte-identical-to:tests/fixtures/same_chrom_supplement/out_famcn.pairs.tsv(+1);match:dir+dir-large+glob-wide+prefix
tests/fixtures/same_chrom_supplement/out_hom_protein_qc.copies.fa	ignored	616	2026-09-21	KEEP-CITED	-		3	tests/copy_assign_families.rs;tests/copy_assign_xfam.rs;tests/gw_family_catalog_homology_primary.rs	THE FIX (`copy_assign.rs`,§6cv,§6dg		byte-identical-to:tests/fixtures/same_chrom_supplement/out_famcn.copies.fa(+1);match:dir+dir-large+glob-wide+prefix
tests/fixtures/same_chrom_supplement/out_hom_protein_qc.copies.tsv	ignored	325	2026-09-21	KEEP-CITED	-		3	tests/copy_assign_families.rs;tests/copy_assign_xfam.rs;tests/gw_family_catalog_homology_primary.rs	THE FIX (`copy_assign.rs`,§6cv,§6dg		byte-identical-to:tests/fixtures/same_chrom_supplement/out_famcn.copies.tsv(+1);match:dir+dir-large+glob-wide+prefix
tests/fixtures/same_chrom_supplement/out_hom_protein_qc.families.tsv	ignored	155	2026-09-21	KEEP-CITED	-		3	tests/copy_assign_families.rs;tests/copy_assign_xfam.rs;tests/gw_family_catalog_homology_primary.rs	THE FIX (`copy_assign.rs`,§6cv,§6dg		byte-identical-to:tests/fixtures/same_chrom_supplement/out_famcn.families.tsv(+1);match:dir+dir-large+glob-wide+prefix
tests/fixtures/same_chrom_supplement/out_hom_protein_qc.pairs.tsv	ignored	317	2026-09-21	KEEP-CITED	-		3	tests/copy_assign_families.rs;tests/copy_assign_xfam.rs;tests/gw_family_catalog_homology_primary.rs	THE FIX (`copy_assign.rs`,§6cv,§6dg		byte-identical-to:tests/fixtures/same_chrom_supplement/out_famcn.pairs.tsv(+1);match:dir+dir-large+glob-wide+prefix
tests/fixtures/same_chrom_supplement/reads.bam	tracked	585	2026-07-07	KEEP-CITED	-		7	src/rustle/vg_family/denovo_pipeline.rs;tests/copy_assign_families.rs;tests/copy_assign_xfam.rs;tests/gw_family_catalog_homology_primary.rs	THE FIX (`copy_assign.rs`,§6cv,§6dg	bench/LOCUS_WIDTH_GAP.md;bench/NPIP_NODE_LADDER.md;bench/NPIP_NODE_RESCORE.md;bench/NPIP_READ_GROUP_NODES.md	match:basename-ambiguous+dir+dir-large+exact
tests/fixtures/same_chrom_supplement/reads.bam.bai	tracked	176	2026-07-07	KEEP-CITED	-		2	tests/copy_assign_families.rs;tests/copy_assign_xfam.rs	THE FIX (`copy_assign.rs`,§6cv,§6dg		match:dir+dir-large
tests/fixtures/same_chrom_supplement/reads.sam	tracked	4451	2026-08-14	KEEP-CITED	-		2	tests/copy_assign_families.rs;tests/copy_assign_xfam.rs	THE FIX (`copy_assign.rs`,§6cv,§6dg	bench/PERFORMANCE_AND_IO.md	match:basename-ambiguous+dir+dir-large
tests/fixtures/xfam_conflict/copies.fa	tracked	3792	2026-09-19	KEEP-CITED	-		34	docs/MEMORY_DIGEST.md;docs/NEGATIVE_RESULTS_REGISTER.md;docs/OBJECTIVES_AND_VERIFICATION.md;docs/PREREG_core_definition_2026-09-12.md	§6cv,§6dg,§6ia,§6kg,§6kw,✅ MODIFIED-GO — a disclos	bench/COPY_ASSIGNMENT_AND_GATE.md;bench/FAMILY_LEVELS_AND_RELATED.md;bench/npip_sim.py;bench/o2_roster_admit.py	named-beside-stale-language-by:docs/OBJECTIVES_AND_VERIFICATION.md;match:dir+dir-large+suffix
tests/fixtures/xfam_conflict/copies.tsv	tracked	394	2026-08-31	KEEP-CITED	-		46	docs/ISOSEQ_COMPARISON_RECIPE.md;docs/MEMORY_DIGEST.md;docs/MODULE_STATUS.md;docs/NEGATIVE_RESULTS_REGISTER.md	§6kw,§6z,⚠⚠ Both readings of that ,✅ MODIFIED-GO — a disclos,⭐ ACCEPTANCE — all pre-re,⭐ SHIPPED, 2026-09-02 — `	bench/CROSS_SPECIES_NPIP_CONJUNCT.md;bench/NPIP_PER_MEMBER_METRICS.md;bench/NPIP_PER_MEMBER_WHOLECHR16.md;bench/SOTO_BENCHMARK.md	named-beside-stale-language-by:docs/MEMORY_DIGEST.md;match:dir+dir-large+suffix
tests/fixtures/xfam_conflict/genome.fa	tracked	20338	2026-09-19	KEEP-CITED	-		1	tests/copy_assign_xfam.rs	THE FIX (`copy_assign.rs`,§6cv,§6dg	bench/ASSEMBLE_ONLY_MODE.md;bench/amy_sim.py;bench/codon_divergence.py;bench/denovo_subfamilies.py	match:basename-ambiguous+dir+dir-large
tests/fixtures/xfam_conflict/genome.fa.fai	tracked	17	2026-09-19	KEEP-CITED	-		1	tests/copy_assign_xfam.rs	THE FIX (`copy_assign.rs`,§6cv,§6dg		match:basename-ambiguous+dir+dir-large
tests/fixtures/xfam_conflict/make_bam.py	tracked	6782	2026-08-31	KEEP-CITED	-		1	tests/copy_assign_xfam.rs	THE FIX (`copy_assign.rs`,§6cv,§6dg		match:basename-ambiguous+dir+dir-large
tests/fixtures/xfam_conflict/reads.bam	tracked	1200	2026-09-19	KEEP-CITED	-		1	tests/copy_assign_xfam.rs	THE FIX (`copy_assign.rs`,§6cv,§6dg	bench/LOCUS_WIDTH_GAP.md;bench/NPIP_NODE_LADDER.md;bench/NPIP_NODE_RESCORE.md;bench/NPIP_READ_GROUP_NODES.md	match:basename-ambiguous+dir+dir-large
tests/fixtures/xfam_conflict/reads.bam.bai	tracked	96	2026-09-19	KEEP-CITED	-		1	tests/copy_assign_xfam.rs	THE FIX (`copy_assign.rs`,§6cv,§6dg		match:dir+dir-large
tests/fixtures/xfam_conflict/reads.sam	tracked	29470	2026-08-31	KEEP-CITED	-		1	tests/copy_assign_xfam.rs	THE FIX (`copy_assign.rs`,§6cv,§6dg	bench/PERFORMANCE_AND_IO.md	match:basename-ambiguous+dir+dir-large
tools/cleanup_wave1.sh	tracked	2604	2026-09-19	KEEP-CITED	-		2	docs/o1_ledger.md;memory:project_cleanup_audit.md	§6q8		
tools/cleanup_wave2_bench.py	tracked	4722	2026-09-19	KEEP-CITED	-		2	docs/o1_ledger.md;memory:project_cleanup_audit.md	§6q9b		
tools/cleanup_wave3_outputs.py	tracked	3693	2026-09-19	KEEP-CITED	-		1	docs/o1_ledger.md	§6r0,§6r1		
tools/family_vg_report.py	tracked	7281	2026-04-17	KEEP-CITED	-		1	docs/experiments/GGO_family_vg.md			match:exact+suffix
tools/genome_wide_sweep.sh	tracked	3083	2026-09-20	KEEP-CITED	-		3	docs/NEGATIVE_RESULTS_REGISTER.md;docs/o1_ledger.md;memory:project_pipeline_performance.md	§6r8	bench/GENOME_WIDE_BAKEOFF_2026-09-22.md	
